lg_code,machiaza_id,machiaza_type,pref,pref_kana,pref_roma,county,county_kana,county_roma,city,city_kana,city_roma,ward,ward_kana,ward_roma,oaza_cho,oaza_cho_kana,oaza_cho_roma,chome,chome_kana,chome_number,koaza,koaza_kana,koaza_roma,machiaza_dist,rsdt_addr_flg,rsdt_addr_mtd_code,oaza_cho_aka_flg,koaza_aka_code,oaza_cho_gsi_uncmn,koaza_gsi_uncmn,status_flg,wake_num_flg,efct_date,ablt_date,src_code,post_code,oaza_cho_uncmn_reg,oaza_cho_uncmn_mj,oaza_cho_uncmn_type,oaza_cho_uncmn_code,koaza_uncmn_reg,koaza_uncmn_mj,koaza_uncmn_type,koaza_uncmn_code,alias_oaza,alias_oaza_kana,alias_oaza_roma,alias_koaza,alias_koaza_kana,alias_koaza_roma,remarks
442011,0001001,2,大分県,オオイタケン,Oita,,,,大分市,オオイタシ,Oita-shi,,,,青崎,アオザキ,Aosaki,１丁目,１チョウメ,1,,,,,1,1,0,0,0,0,1,1,1947-04-17,,0,,,,,,,,,,,,,,,,
442011,0001002,2,大分県,オオイタケン,Oita,,,,大分市,オオイタシ,Oita-shi,,,,青崎,アオザキ,Aosaki,２丁目,２チョウメ,2,,,,,1,1,0,0,0,0,1,1,1947-04-17,,0,,,,,,,,,,,,,,,,
442011,0002001,2,大分県,オオイタケン,Oita,,,,大分市,オオイタシ,Oita-shi,,,,青葉台,アオバダイ,Aobadai,１丁目,１チョウメ,1,,,,,0,0,0,0,0,0,1,1,1947-04-17,,0,,,,,,,,,,,,,,,,
442011,0002002,2,大分県,オオイタケン,Oita,,,,大分市,オオイタシ,Oita-shi,,,,青葉台,アオバダイ,Aobadai,２丁目,２チョウメ,2,,,,,0,0,0,0,0,0,1,1,1947-04-17,,0,,,,,,,,,,,,,,,,
442011,0002003,2,大分県,オオイタケン,Oita,,,,大分市,オオイタシ,Oita-shi,,,,青葉台,アオバダイ,Aobadai,３丁目,３チョウメ,3,,,,,0,0,0,0,0,0,1,1,1947-04-17,,0,,,,,,,,,,,,,,,,
442011,0002004,2,大分県,オオイタケン,Oita,,,,大分市,オオイタシ,Oita-shi,,,,青葉台,アオバダイ,Aobadai,４丁目,４チョウメ,4,,,,,0,0,0,0,0,0,1,1,1947-04-17,,0,,,,,,,,,,,,,,,,
442011,0003000,1,大分県,オオイタケン,Oita,,,,大分市,オオイタシ,Oita-shi,,,,青葉町,アオバマチ,Aobamachi,,,,,,,,1,1,0,0,0,0,1,1,1947-04-17,,0,8700908,,,,,,,,,,,,,,,
442011,0004001,2,大分県,オオイタケン,Oita,,,,大分市,オオイタシ,Oita-shi,,,,明野北,アケノキタ,Akenokita,１丁目,１チョウメ,1,,,,,1,1,0,0,0,0,1,1,1947-04-17,,0,,,,,,,,,,,,,,,,
442011,0004002,2,大分県,オオイタケン,Oita,,,,大分市,オオイタシ,Oita-shi,,,,明野北,アケノキタ,Akenokita,２丁目,２チョウメ,2,,,,,1,1,0,0,0,0,1,1,1947-04-17,,0,,,,,,,,,,,,,,,,
442011,0004003,2,大分県,オオイタケン,Oita,,,,大分市,オオイタシ,Oita-shi,,,,明野北,アケノキタ,Akenokita,３丁目,３チョウメ,3,,,,,1,1,0,0,0,0,1,1,1947-04-17,,0,,,,,,,,,,,,,,,,
442011,0004004,2,大分県,オオイタケン,Oita,,,,大分市,オオイタシ,Oita-shi,,,,明野北,アケノキタ,Akenokita,４丁目,４チョウメ,4,,,,,1,1,0,0,0,0,1,1,1947-04-17,,0,,,,,,,,,,,,,,,,
442011,0004005,2,大分県,オオイタケン,Oita,,,,大分市,オオイタシ,Oita-shi,,,,明野北,アケノキタ,Akenokita,５丁目,５チョウメ,5,,,,,1,1,0,0,0,0,1,1,1947-04-17,,0,,,,,,,,,,,,,,,,
442011,0005001,2,大分県,オオイタケン,Oita,,,,大分市,オオイタシ,Oita-shi,,,,明野高尾,アケノタカオ,Akenotakao,１丁目,１チョウメ,1,,,,,1,1,0,0,0,0,1,1,1947-04-17,,0,,,,,,,,,,,,,,,,
442011,0005002,2,大分県,オオイタケン,Oita,,,,大分市,オオイタシ,Oita-shi,,,,明野高尾,アケノタカオ,Akenotakao,２丁目,２チョウメ,2,,,,,1,1,0,0,0,0,1,1,1947-04-17,,0,,,,,,,,,,,,,,,,
442011,0005003,2,大分県,オオイタケン,Oita,,,,大分市,オオイタシ,Oita-shi,,,,明野高尾,アケノタカオ,Akenotakao,３丁目,３チョウメ,3,,,,,0,0,0,0,0,0,1,1,1947-04-17,,0,,,,,,,,,,,,,,,,
442011,0005004,2,大分県,オオイタケン,Oita,,,,大分市,オオイタシ,Oita-shi,,,,明野高尾,アケノタカオ,Akenotakao,４丁目,４チョウメ,4,,,,,0,0,0,0,0,0,1,1,1947-04-17,,0,,,,,,,,,,,,,,,,
442011,0006001,2,大分県,オオイタケン,Oita,,,,大分市,オオイタシ,Oita-shi,,,,明野西,アケノニシ,Akenonishi,１丁目,１チョウメ,1,,,,,1,1,0,0,0,0,1,1,1947-04-17,,0,,,,,,,,,,,,,,,,
442011,0006002,2,大分県,オオイタケン,Oita,,,,大分市,オオイタシ,Oita-shi,,,,明野西,アケノニシ,Akenonishi,２丁目,２チョウメ,2,,,,,1,1,0,0,0,0,1,1,1947-04-17,,0,,,,,,,,,,,,,,,,
442011,0007001,2,大分県,オオイタケン,Oita,,,,大分市,オオイタシ,Oita-shi,,,,明野東,アケノヒガシ,Akenohigashi,１丁目,１チョウメ,1,,,,,1,1,0,0,0,0,1,1,1947-04-17,,0,,,,,,,,,,,,,,,,
442011,0007002,2,大分県,オオイタケン,Oita,,,,大分市,オオイタシ,Oita-shi,,,,明野東,アケノヒガシ,Akenohigashi,２丁目,２チョウメ,2,,,,,1,1,0,0,0,0,1,1,1947-04-17,,0,,,,,,,,,,,,,,,,
442011,0007003,2,大分県,オオイタケン,Oita,,,,大分市,オオイタシ,Oita-shi,,,,明野東,アケノヒガシ,Akenohigashi,３丁目,３チョウメ,3,,,,,1,1,0,0,0,0,1,1,1947-04-17,,0,,,,,,,,,,,,,,,,
442011,0007004,2,大分県,オオイタケン,Oita,,,,大分市,オオイタシ,Oita-shi,,,,明野東,アケノヒガシ,Akenohigashi,４丁目,４チョウメ,4,,,,,1,1,0,0,0,0,1,1,1947-04-17,,0,,,,,,,,,,,,,,,,
442011,0007005,2,大分県,オオイタケン,Oita,,,,大分市,オオイタシ,Oita-shi,,,,明野東,アケノヒガシ,Akenohigashi,５丁目,５チョウメ,5,,,,,1,1,0,0,0,0,1,1,1947-04-17,,0,,,,,,,,,,,,,,,,
442011,0008001,2,大分県,オオイタケン,Oita,,,,大分市,オオイタシ,Oita-shi,,,,明野南,アケノミナミ,Akenominami,１丁目,１チョウメ,1,,,,,1,1,0,0,0,0,1,1,1947-04-17,,0,,,,,,,,,,,,,,,,
442011,0008002,2,大分県,オオイタケン,Oita,,,,大分市,オオイタシ,Oita-shi,,,,明野南,アケノミナミ,Akenominami,２丁目,２チョウメ,2,,,,,1,1,0,0,0,0,1,1,1947-04-17,,0,,,,,,,,,,,,,,,,
442011,0008003,2,大分県,オオイタケン,Oita,,,,大分市,オオイタシ,Oita-shi,,,,明野南,アケノミナミ,Akenominami,３丁目,３チョウメ,3,,,,,1,1,0,0,0,0,1,1,1947-04-17,,0,,,,,,,,,,,,,,,,
442011,0009001,2,大分県,オオイタケン,Oita,,,,大分市,オオイタシ,Oita-shi,,,,曙台,アケボノダイ,Akebonodai,１丁目,１チョウメ,1,,,,,1,1,0,0,0,0,1,1,1947-04-17,,0,,,,,,,,,,,,,,,,
442011,0009002,2,大分県,オオイタケン,Oita,,,,大分市,オオイタシ,Oita-shi,,,,曙台,アケボノダイ,Akebonodai,２丁目,２チョウメ,2,,,,,1,1,0,0,0,0,1,1,1947-04-17,,0,,,,,,,,,,,,,,,,
442011,0009003,2,大分県,オオイタケン,Oita,,,,大分市,オオイタシ,Oita-shi,,,,曙台,アケボノダイ,Akebonodai,３丁目,３チョウメ,3,,,,,1,1,0,0,0,0,1,1,1947-04-17,,0,,,,,,,,,,,,,,,,
442011,0009004,2,大分県,オオイタケン,Oita,,,,大分市,オオイタシ,Oita-shi,,,,曙台,アケボノダイ,Akebonodai,４丁目,４チョウメ,4,,,,,1,1,0,0,0,0,1,1,1947-04-17,,0,,,,,,,,,,,,,,,,
442011,0010001,2,大分県,オオイタケン,Oita,,,,大分市,オオイタシ,Oita-shi,,,,生石,イクシ,Ikushi,１丁目,１チョウメ,1,,,,,1,1,0,0,0,0,1,1,1947-04-17,,0,,,,,,,,,,,,,,,,
442011,0010002,2,大分県,オオイタケン,Oita,,,,大分市,オオイタシ,Oita-shi,,,,生石,イクシ,Ikushi,２丁目,２チョウメ,2,,,,,1,1,0,0,0,0,1,1,1947-04-17,,0,,,,,,,,,,,,,,,,
442011,0010003,2,大分県,オオイタケン,Oita,,,,大分市,オオイタシ,Oita-shi,,,,生石,イクシ,Ikushi,３丁目,３チョウメ,3,,,,,1,1,0,0,0,0,1,1,1947-04-17,,0,,,,,,,,,,,,,,,,
442011,0010004,2,大分県,オオイタケン,Oita,,,,大分市,オオイタシ,Oita-shi,,,,生石,イクシ,Ikushi,４丁目,４チョウメ,4,,,,,1,1,0,0,0,0,1,1,1947-04-17,,0,,,,,,,,,,,,,,,,
442011,0010005,2,大分県,オオイタケン,Oita,,,,大分市,オオイタシ,Oita-shi,,,,生石,イクシ,Ikushi,５丁目,５チョウメ,5,,,,,1,1,0,0,0,0,1,1,1947-04-17,,0,,,,,,,,,,,,,,,,
442011,0011001,2,大分県,オオイタケン,Oita,,,,大分市,オオイタシ,Oita-shi,,,,生石港町,イクシミナトマチ,Ikushi Minatomachi,１丁目,１チョウメ,1,,,,,1,1,0,0,0,0,1,1,1947-04-17,,0,,,,,,,,,,,,,,,,
442011,0011002,2,大分県,オオイタケン,Oita,,,,大分市,オオイタシ,Oita-shi,,,,生石港町,イクシミナトマチ,Ikushi Minatomachi,２丁目,２チョウメ,2,,,,,1,1,0,0,0,0,1,1,1947-04-17,,0,,,,,,,,,,,,,,,,
442011,0012000,1,大分県,オオイタケン,Oita,,,,大分市,オオイタシ,Oita-shi,,,,泉町,イズミマチ,Izumimachi,,,,,,,,1,1,0,0,0,0,1,1,1947-04-17,,0,8700041,,,,,,,,,,,,,,,
442011,0013001,2,大分県,オオイタケン,Oita,,,,大分市,オオイタシ,Oita-shi,,,,今津留,イマヅル,Imazuru,１丁目,１チョウメ,1,,,,,1,1,0,0,0,0,1,1,1947-04-17,,0,,,,,,,,,,,,,,,,
442011,0013002,2,大分県,オオイタケン,Oita,,,,大分市,オオイタシ,Oita-shi,,,,今津留,イマヅル,Imazuru,２丁目,２チョウメ,2,,,,,1,1,0,0,0,0,1,1,1947-04-17,,0,,,,,,,,,,,,,,,,
442011,0013003,2,大分県,オオイタケン,Oita,,,,大分市,オオイタシ,Oita-shi,,,,今津留,イマヅル,Imazuru,３丁目,３チョウメ,3,,,,,1,1,0,0,0,0,1,1,1947-04-17,,0,,,,,,,,,,,,,,,,
442011,0014001,2,大分県,オオイタケン,Oita,,,,大分市,オオイタシ,Oita-shi,,,,岩田町,イワタマチ,Iwatamachi,１丁目,１チョウメ,1,,,,,1,1,0,0,0,0,1,1,1947-04-17,,0,,,,,,,,,,,,,,,,
442011,0014002,2,大分県,オオイタケン,Oita,,,,大分市,オオイタシ,Oita-shi,,,,岩田町,イワタマチ,Iwatamachi,２丁目,２チョウメ,2,,,,,1,1,0,0,0,0,1,1,1947-04-17,,0,,,,,,,,,,,,,,,,
442011,0014003,2,大分県,オオイタケン,Oita,,,,大分市,オオイタシ,Oita-shi,,,,岩田町,イワタマチ,Iwatamachi,３丁目,３チョウメ,3,,,,,1,1,0,0,0,0,1,1,1947-04-17,,0,,,,,,,,,,,,,,,,
442011,0014004,2,大分県,オオイタケン,Oita,,,,大分市,オオイタシ,Oita-shi,,,,岩田町,イワタマチ,Iwatamachi,４丁目,４チョウメ,4,,,,,1,1,0,0,0,0,1,1,1947-04-17,,0,,,,,,,,,,,,,,,,
442011,0015001,2,大分県,オオイタケン,Oita,,,,大分市,オオイタシ,Oita-shi,,,,上野丘,ウエノガオカ,Uenogaoka,１丁目,１チョウメ,1,,,,,1,1,0,0,0,0,1,1,1947-04-17,,0,,,,,,,,,,,,,,,,
442011,0015002,2,大分県,オオイタケン,Oita,,,,大分市,オオイタシ,Oita-shi,,,,上野丘,ウエノガオカ,Uenogaoka,２丁目,２チョウメ,2,,,,,1,1,0,0,0,0,1,1,1947-04-17,,0,,,,,,,,,,,,,,,,
442011,0016000,1,大分県,オオイタケン,Oita,,,,大分市,オオイタシ,Oita-shi,,,,上野丘西,ウエノガオカニシ,Uenogaoka Nishi,,,,,,,,1,1,0,0,0,0,1,1,1947-04-17,,0,8700834,,,,,,,,,,,,,,,
442011,0017000,1,大分県,オオイタケン,Oita,,,,大分市,オオイタシ,Oita-shi,,,,上野丘東,ウエノガオカヒガシ,Uenogaoka Higashi,,,,,,,,1,1,0,0,0,0,1,1,1947-04-17,,0,8700833,,,,,,,,,,,,,,,
442011,0018000,1,大分県,オオイタケン,Oita,,,,大分市,オオイタシ,Oita-shi,,,,上野町,ウエノマチ,Uenomachi,,,,,,,,1,1,0,0,0,0,1,1,1947-04-17,,0,8700832,,,,,,,,,,,,,,,
442011,0019000,1,大分県,オオイタケン,Oita,,,,大分市,オオイタシ,Oita-shi,,,,恵比寿町,エビスマチ,Ebisumachi,,,,,,,,1,1,0,0,0,0,1,1,1947-04-17,,0,8700322,,,,,,,,,,,,,,,
442011,0020000,1,大分県,オオイタケン,Oita,,,,大分市,オオイタシ,Oita-shi,,,,王子北町,オウジキタマチ,Oji Kitamachi,,,,,,,,1,1,0,0,0,0,1,1,1947-04-17,,0,8700005,,,,,,,,,,,,,,,
442011,0021000,1,大分県,オオイタケン,Oita,,,,大分市,オオイタシ,Oita-shi,,,,王子新町,オウジシンマチ,Oji Shimmachi,,,,,,,,1,1,0,0,0,0,1,1,1947-04-17,,0,8700819,,,,,,,,,,,,,,,
442011,0022000,1,大分県,オオイタケン,Oita,,,,大分市,オオイタシ,Oita-shi,,,,王子中町,オウジナカマチ,Oji Nakamachi,,,,,,,,1,1,0,0,0,0,1,1,1947-04-17,,0,8700006,,,,,,,,,,,,,,,
442011,0023000,1,大分県,オオイタケン,Oita,,,,大分市,オオイタシ,Oita-shi,,,,王子西町,オウジニシマチ,Oji Nishimachi,,,,,,,,1,1,0,0,0,0,1,1,1947-04-17,,0,8700008,,,,,,,,,,,,,,,
442011,0024000,1,大分県,オオイタケン,Oita,,,,大分市,オオイタシ,Oita-shi,,,,王子町,オウジマチ,Ojimachi,,,,,,,,1,1,0,0,0,0,1,1,1947-04-17,,0,8700009,,,,,,,,,,,,,,,
442011,0025000,1,大分県,オオイタケン,Oita,,,,大分市,オオイタシ,Oita-shi,,,,王子港町,オウジミナトマチ,Oji Minatomachi,,,,,,,,1,1,0,0,0,0,1,1,1947-04-17,,0,8700004,,,,,,,,,,,,,,,
442011,0026000,1,大分県,オオイタケン,Oita,,,,大分市,オオイタシ,Oita-shi,,,,王子南町,オウジミナミマチ,Oji Minamimachi,,,,,,,,1,1,0,0,0,0,1,1,1947-04-17,,0,8700007,,,,,,,,,,,,,,,
442011,0028001,2,大分県,オオイタケン,Oita,,,,大分市,オオイタシ,Oita-shi,,,,王ノ瀬,オウノセ,Onose,１丁目,１チョウメ,1,,,,,1,1,0,0,0,0,1,1,1947-04-17,,0,,,,,,,,,,,,,,,,
442011,0028002,2,大分県,オオイタケン,Oita,,,,大分市,オオイタシ,Oita-shi,,,,王ノ瀬,オウノセ,Onose,２丁目,２チョウメ,2,,,,,1,1,0,0,0,0,1,1,1947-04-17,,0,,,,,,,,,,,,,,,,
442011,0029000,1,大分県,オオイタケン,Oita,,,,大分市,オオイタシ,Oita-shi,,,,大字青崎,オオアザアオサキ,Aosaki,,,,,,,,0,0,0,0,0,0,1,1,1947-04-17,,0,8700278,,,,,,,,,,,,,,,
442011,0030000,1,大分県,オオイタケン,Oita,,,,大分市,オオイタシ,Oita-shi,,,,大字丹川,オオアザアカガワ,Akagawa,,,,,,,,0,0,0,0,0,0,1,1,1947-04-17,,0,8700317,,,,,,,,,,,,,,,
442011,0031000,1,大分県,オオイタケン,Oita,,,,大分市,オオイタシ,Oita-shi,,,,大字安藤,オオアザアンドウ,Ando,,,,,,,,0,0,0,0,0,0,1,1,1947-04-17,,0,8797504,,,,,,,,,,,,,,,
442011,0032000,1,大分県,オオイタケン,Oita,,,,大分市,オオイタシ,Oita-shi,,,,大字家島,オオアザイエジマ,Iejima,,,,,,,,0,0,0,0,0,0,1,1,1947-04-17,,0,8700113,,,,,,,,,,,,,,,
442011,0033000,1,大分県,オオイタケン,Oita,,,,大分市,オオイタシ,Oita-shi,,,,大字生石,オオアザイクシ,Ikushi,,,,,,,,0,0,0,0,0,0,1,1,1947-04-17,,0,8700003,,,,,,,,,,,,,,,
442011,0034000,1,大分県,オオイタケン,Oita,,,,大分市,オオイタシ,Oita-shi,,,,大字市,オオアザイチ,Ichi,,,,,,,,0,0,0,0,0,0,1,1,1947-04-17,,0,8701151,,,,,,,,,,,,,,,
442011,0035000,1,大分県,オオイタケン,Oita,,,,大分市,オオイタシ,Oita-shi,,,,大字一木,オオアザイチギ,Ichigi,,,,,,,,0,0,0,0,0,0,1,1,1947-04-17,,0,8700316,,,,,,,,,,,,,,,
442011,0036000,1,大分県,オオイタケン,Oita,,,,大分市,オオイタシ,Oita-shi,,,,大字市尾,オオアザイチノオ,Ichino,,,,,,,,0,0,0,0,0,0,1,1,1947-04-17,,0,8700312,,,,,,,,,,,,,,,
442011,0037000,1,大分県,オオイタケン,Oita,,,,大分市,オオイタシ,Oita-shi,,,,大字一の洲,オオアザイチノス,Ichinosu,,,,,,,,0,0,0,0,0,0,1,1,1947-04-17,,0,8700112,,,,,,,,,,,,,,,
442011,0038000,1,大分県,オオイタケン,Oita,,,,大分市,オオイタシ,Oita-shi,,,,大字一尺屋,オオアザイッシャクヤ,Isshakuya,,,,,,,,0,0,0,0,0,0,1,1,1947-04-17,,0,8792203,,,,,,,,,,,,,,,
442011,0039000,1,大分県,オオイタケン,Oita,,,,大分市,オオイタシ,Oita-shi,,,,大字猪野,オオアザイノ,Ino,,,,,,,,0,0,0,0,0,0,1,1,1947-04-17,,0,8700134,,,,,,,,,,,,,,,
442011,0040000,1,大分県,オオイタケン,Oita,,,,大分市,オオイタシ,Oita-shi,,,,大字今市,オオアザイマイチ,Imaichi,,,,,,,,0,0,0,0,0,0,1,1,1947-04-17,,0,8701223,,,,,,,,,,,,,,,
442011,0041000,1,大分県,オオイタケン,Oita,,,,大分市,オオイタシ,Oita-shi,,,,大字入蔵,オオアザイリクラ,Irikura,,,,,,,,0,0,0,0,0,0,1,1,1947-04-17,,0,8701202,,,,,,,,,,,,,,,
442011,0042000,1,大分県,オオイタケン,Oita,,,,大分市,オオイタシ,Oita-shi,,,,大字荏隈,オオアザエノクマ,Enokuma,,,,,,,,0,0,0,0,0,0,1,1,1947-04-17,,0,8700889,,,,,,,,,,,,,,,
442011,0043000,1,大分県,オオイタケン,Oita,,,,大分市,オオイタシ,Oita-shi,,,,大字大分,オオアザオオイタ,,,,,,,,,0,0,0,0,0,0,1,1,1947-04-17,,0,,,,,,,,,,,,,,,,
442011,0044000,1,大分県,オオイタケン,Oita,,,,大分市,オオイタシ,Oita-shi,,,,大字大在,オオアザオオザイ,Ozai,,,,,,,,0,0,0,0,0,0,1,1,1947-04-17,,0,8700266,,,,,,,,,,,,,,,
442011,0045000,1,大分県,オオイタケン,Oita,,,,大分市,オオイタシ,Oita-shi,,,,大字太田,オオアザオオタ,Ota,,,,,,,,0,0,0,0,0,0,1,1,1947-04-17,,0,8701214,,,,,,,,,,,,,,,
442011,0046000,1,大分県,オオイタケン,Oita,,,,大分市,オオイタシ,Oita-shi,,,,大字大津留,オオアザオオツル,Otsuru,,,,,,,,0,0,0,0,0,0,1,1,1947-04-17,,0,8700123,,,,,,,,,,,,,,,
442011,0047000,1,大分県,オオイタケン,Oita,,,,大分市,オオイタシ,Oita-shi,,,,大字大平,オオアザオオヒラ,Ohira,,,,,,,,0,0,0,0,0,0,1,1,1947-04-17,,0,8792114,,,,,,,,,,,,,,,
442011,0048000,1,大分県,オオイタケン,Oita,,,,大分市,オオイタシ,Oita-shi,,,,大字岡川,オオアザオカガワ,Okagawa,,,,,,,,0,0,0,0,0,0,1,1,1947-04-17,,0,8701131,,,,,,,,,,,,,,,
442011,0049000,1,大分県,オオイタケン,Oita,,,,大分市,オオイタシ,Oita-shi,,,,大字奥,オオアザオク,Oku,,,,,,,,0,0,0,0,0,0,1,1,1947-04-17,,0,8797881,,,,,,,,,,,,,,,
442011,0050000,1,大分県,オオイタケン,Oita,,,,大分市,オオイタシ,Oita-shi,,,,大字奥田,オオアザオクダ,,,,,,,,,0,0,0,0,0,0,1,1,1947-04-17,,0,,,,,,,,,,,,,,,,
442011,0051000,1,大分県,オオイタケン,Oita,,,,大分市,オオイタシ,Oita-shi,,,,大字鴛野,オオアザオシノ,Oshino,,,,,,,,0,0,0,0,0,0,1,1,1947-04-17,,0,8701121,,,,,,,,,,,,,,,
442011,0052000,1,大分県,オオイタケン,Oita,,,,大分市,オオイタシ,Oita-shi,,,,大字乙津,オオアザオトヅ,Otozu,,,,,,,,0,0,0,0,0,0,1,1,1947-04-17,,0,8700144,,,,,,,,,,,,,,,
442011,0053000,1,大分県,オオイタケン,Oita,,,,大分市,オオイタシ,Oita-shi,,,,大字小中島,オオアザオナカシマ,Onakashima,,,,,,,,0,0,0,0,0,0,1,1,1947-04-17,,0,8700114,,,,,,,,,,,,,,,
442011,0054000,1,大分県,オオイタケン,Oita,,,,大分市,オオイタシ,Oita-shi,,,,大字鬼崎,オオアザオニザキ,Onizaki,,,,,,,,0,0,0,0,0,0,1,1,1947-04-17,,0,8701171,,,,,,,,,,,,,,,
442011,0055000,1,大分県,オオイタケン,Oita,,,,大分市,オオイタシ,Oita-shi,,,,大字海原,オオアザカイハラ,Kaiwara,,,,,,,,0,0,0,0,0,0,1,1,1947-04-17,,0,8700107,,,,,,,,,,,,,,,
442011,0056000,1,大分県,オオイタケン,Oita,,,,大分市,オオイタシ,Oita-shi,,,,大字片島,オオアザカタシマ,Katashima,,,,,,,,0,0,0,0,0,0,1,1,1947-04-17,,0,8700943,,,,,,,,,,,,,,,
442011,0057000,1,大分県,オオイタケン,Oita,,,,大分市,オオイタシ,Oita-shi,,,,大字葛木,オオアザカツラギ,Katsuragi,,,,,,,,0,0,0,0,0,0,1,1,1947-04-17,,0,8700133,,,,,,,,,,,,,,,
442011,0058000,1,大分県,オオイタケン,Oita,,,,大分市,オオイタシ,Oita-shi,,,,大字金谷迫,オオアザカナヤザコ,Kanayazako,,,,,,,,0,0,0,0,0,0,1,1,1947-04-17,,0,8700879,,,,,,,,,,,,,,,
442011,0059000,1,大分県,オオイタケン,Oita,,,,大分市,オオイタシ,Oita-shi,,,,大字上詰,オオアザカミツメ,Kamitsume,,,,,,,,0,0,0,0,0,0,1,1,1947-04-17,,0,8701215,,,,,,,,,,,,,,,
442011,0060000,1,大分県,オオイタケン,Oita,,,,大分市,オオイタシ,Oita-shi,,,,大字上判田,オオアザカミハンダ,Kamihanda,,,,,,,,0,0,0,0,0,0,1,1,1947-04-17,,0,8701111,,,,,,,,,,,,,,,
442011,0061000,1,大分県,オオイタケン,Oita,,,,大分市,オオイタシ,Oita-shi,,,,大字上戸次,オオアザカミヘツギ,Kamihetsugi,,,,,,,,0,0,0,0,0,0,1,1,1947-04-17,,0,8797764,,,,,,,,,,,,,,,
442011,0062000,1,大分県,オオイタケン,Oita,,,,大分市,オオイタシ,Oita-shi,,,,大字河原内,オオアザカワラウチ,Kawarauchi,,,,,,,,0,0,0,0,0,0,1,1,1947-04-17,,0,8797503,,,,,,,,,,,,,,,
442011,0063000,1,大分県,オオイタケン,Oita,,,,大分市,オオイタシ,Oita-shi,,,,大字神崎,オオアザカンザキ,,,,,,,,,0,0,0,0,0,0,1,1,1947-04-17,,0,,,,,,,,,,,,,,,,
442011,0064000,1,大分県,オオイタケン,Oita,,,,大分市,オオイタシ,Oita-shi,,,,大字木佐上,オオアザキサガミ,Kisagami,,,,,,,,0,0,0,0,0,0,1,1,1947-04-17,,0,8792113,,,,,,,,,,,,,,,
442011,0065000,1,大分県,オオイタケン,Oita,,,,大分市,オオイタシ,Oita-shi,,,,大字北,オオアザキタ,,,,,,,,,0,0,0,0,0,0,1,1,1947-04-17,,0,,,,,,,,,,,,,,,,
442011,0066000,1,大分県,オオイタケン,Oita,,,,大分市,オオイタシ,Oita-shi,,,,大字木田,オオアザキダ,Kida,,,,,,,,0,0,0,0,0,0,1,1,1947-04-17,,0,8700311,,,,,,,,,,,,,,,
442011,0067000,1,大分県,オオイタケン,Oita,,,,大分市,オオイタシ,Oita-shi,,,,大字木上,オオアザキノウエ,Kinoe,,,,,,,,0,0,0,0,0,0,1,1,1947-04-17,,0,8701161,,,,,,,,,,,,,,,
442011,0068000,1,大分県,オオイタケン,Oita,,,,大分市,オオイタシ,Oita-shi,,,,大字口戸,オオアザクチド,Kuchido,,,,,,,,0,0,0,0,0,0,1,1,1947-04-17,,0,8701162,,,,,,,,,,,,,,,
442011,0069000,1,大分県,オオイタケン,Oita,,,,大分市,オオイタシ,Oita-shi,,,,大字久土,オオアザクド,Kudo,,,,,,,,0,0,0,0,0,0,1,1,1947-04-17,,0,8700314,,,,,,,,,,,,,,,
442011,0070000,1,大分県,オオイタケン,Oita,,,,大分市,オオイタシ,Oita-shi,,,,大字久原,オオアザクバル,Kubaru,,,,,,,,0,0,0,0,0,0,1,1,1947-04-17,,0,8700304,,,,,,,,,,,,,,,
442011,0071000,1,大分県,オオイタケン,Oita,,,,大分市,オオイタシ,Oita-shi,,,,大字毛井,オオアザケイ,Kei,,,,,,,,0,0,0,0,0,0,1,1,1947-04-17,,0,8700124,,,,,,,,,,,,,,,
442011,0072000,1,大分県,オオイタケン,Oita,,,,大分市,オオイタシ,Oita-shi,,,,大字小池原,オオアザコイケバル,Koikebaru,,,,,,,,0,0,0,0,0,0,1,1,1947-04-17,,0,8700147,,,,,,,,,,,,,,,
442011,0073000,1,大分県,オオイタケン,Oita,,,,大分市,オオイタシ,Oita-shi,,,,大字国分,オオアザコクブ,Kokubu,,,,,,,,0,0,0,0,0,0,1,1,1947-04-17,,0,8700864,,,,,,,,,,,,,,,
442011,0074000,1,大分県,オオイタケン,Oita,,,,大分市,オオイタシ,Oita-shi,,,,大字坂ノ市,オオアザサカノイチ,Sakanoichi,,,,,,,,0,0,0,0,0,0,1,1,1947-04-17,,0,8700302,,,,,,,,,,,,,,,
442011,0075000,1,大分県,オオイタケン,Oita,,,,大分市,オオイタシ,Oita-shi,,,,大字迫,オオアザサコ,Sako,,,,,,,,0,0,0,0,0,0,1,1,1947-04-17,,0,8700272,,,,,,,,,,,,,,,
442011,0076000,1,大分県,オオイタケン,Oita,,,,大分市,オオイタシ,Oita-shi,,,,大字里,オオアザサト,Sato,,,,,,,,0,0,0,0,0,0,1,1,1947-04-17,,0,8700303,,,,,,,,,,,,,,,
442011,0077000,1,大分県,オオイタケン,Oita,,,,大分市,オオイタシ,Oita-shi,,,,大字佐野,オオアザサノ,Sano,,,,,,,,0,0,0,0,0,0,1,1,1947-04-17,,0,8700315,,,,,,,,,,,,,,,
442011,0078000,1,大分県,オオイタケン,Oita,,,,大分市,オオイタシ,Oita-shi,,,,大字沢田,オオアザサワタ,Sawata,,,,,,,,0,0,0,0,0,0,1,1,1947-04-17,,0,8701212,,,,,,,,,,,,,,,
442011,0079000,1,大分県,オオイタケン,Oita,,,,大分市,オオイタシ,Oita-shi,,,,大字志津留,オオアザシツル,Shitsuru,,,,,,,,0,0,0,0,0,0,1,1,1947-04-17,,0,8797884,,,,,,,,,,,,,,,
442011,0080000,1,大分県,オオイタケン,Oita,,,,大分市,オオイタシ,Oita-shi,,,,大字志村,オオアザシムラ,Shimura,,,,,,,,0,0,0,0,0,0,1,1,1947-04-17,,0,8700261,,,,,,,,,,,,,,,
442011,0081000,1,大分県,オオイタケン,Oita,,,,大分市,オオイタシ,Oita-shi,,,,大字下徳丸,オオアザシモトクマル,Shimotokumaru,,,,,,,,0,0,0,0,0,0,1,1,1947-04-17,,0,8700118,,,,,,,,,,,,,,,
442011,0082000,1,大分県,オオイタケン,Oita,,,,大分市,オオイタシ,Oita-shi,,,,大字下原,オオアザシモハラ,Shimohara,,,,,,,,0,0,0,0,0,0,1,1,1947-04-17,,0,8701213,,,,,,,,,,,,,,,
442011,0083000,1,大分県,オオイタケン,Oita,,,,大分市,オオイタシ,Oita-shi,,,,大字下戸次,オオアザシモヘツギ,Shimohetsugi,,,,,,,,0,0,0,0,0,0,1,1,1947-04-17,,0,8797763,,,,,,,,,,,,,,,
442011,0084000,1,大分県,オオイタケン,Oita,,,,大分市,オオイタシ,Oita-shi,,,,大字下宗方,オオアザシモムナカタ,Shimomunakata,,,,,,,,0,0,0,0,0,0,1,1,1947-04-17,,0,8701141,,,,,,,,,,,,,,,
442011,0085000,1,大分県,オオイタケン,Oita,,,,大分市,オオイタシ,Oita-shi,,,,大字志生木,オオアザシュウキ,Shuki,,,,,,,,0,0,0,0,0,0,1,1,1947-04-17,,0,8792115,,,,,,,,,,,,,,,
442011,0086000,1,大分県,オオイタケン,Oita,,,,大分市,オオイタシ,Oita-shi,,,,大字城原,オオアザジョウハル,Joharu,,,,,,,,0,0,0,0,0,0,1,1,1947-04-17,,0,8700267,,,,,,,,,,,,,,,
442011,0087000,1,大分県,オオイタケン,Oita,,,,大分市,オオイタシ,Oita-shi,,,,大字杉原,オオアザスギバル,Sugibaru,,,,,,,,0,0,0,0,0,0,1,1,1947-04-17,,0,8797882,,,,,,,,,,,,,,,
442011,0088000,1,大分県,オオイタケン,Oita,,,,大分市,オオイタシ,Oita-shi,,,,大字勢家,オオアザセイケ,,,,,,,,,0,0,0,0,0,0,1,1,1947-04-17,,0,,,,,,,,,,,,,,,,
442011,0089000,1,大分県,オオイタケン,Oita,,,,大分市,オオイタシ,Oita-shi,,,,大字関園,オオアザセキゾノ,Sekizono,,,,,,,,0,0,0,0,0,0,1,1,1947-04-17,,0,8700115,,,,,,,,,,,,,,,
442011,0090000,1,大分県,オオイタケン,Oita,,,,大分市,オオイタシ,Oita-shi,,,,大字千歳,オオアザセンザイ,Senzai,,,,,,,,0,0,0,0,0,0,1,1,1947-04-17,,0,8700132,,,,,,,,,,,,,,,
442011,0091000,1,大分県,オオイタケン,Oita,,,,大分市,オオイタシ,Oita-shi,,,,大字寒田,オオアザソウダ,Soda,,,,,,,,0,0,0,0,0,0,1,1,1947-04-17,,0,8701123,,,,,,,,,,,,,,,
442011,0092000,1,大分県,オオイタケン,Oita,,,,大分市,オオイタシ,Oita-shi,,,,大字高崎,オオアザタカサキ,Takasaki,,,,,,,,0,0,0,0,0,0,1,1,1947-04-17,,0,8700872,,,,,,,,,,,,,,,
442011,0093000,1,大分県,オオイタケン,Oita,,,,大分市,オオイタシ,Oita-shi,,,,大字高瀬,オオアザタカセ,Takase,,,,,,,,0,0,0,0,0,0,1,1,1947-04-17,,0,8701142,,,,,,,,,,,,,,,
442011,0094000,1,大分県,オオイタケン,Oita,,,,大分市,オオイタシ,Oita-shi,,,,大字高原,オオアザタカハラ,Takahara,,,,,,,,0,0,0,0,0,0,1,1,1947-04-17,,0,8701222,,,,,,,,,,,,,,,
442011,0095000,1,大分県,オオイタケン,Oita,,,,大分市,オオイタシ,Oita-shi,,,,大字竹下,オオアザタケシタ,Takeshita,,,,,,,,0,0,0,0,0,0,1,1,1947-04-17,,0,8700265,,,,,,,,,,,,,,,
442011,0096000,1,大分県,オオイタケン,Oita,,,,大分市,オオイタシ,Oita-shi,,,,大字竹中,オオアザタケナカ,Takenaka,,,,,,,,0,0,0,0,0,0,1,1,1947-04-17,,0,8797501,,,,,,,,,,,,,,,
442011,0097000,1,大分県,オオイタケン,Oita,,,,大分市,オオイタシ,Oita-shi,,,,大字竹矢,オオアザタケヤ,Takeya,,,,,,,,0,0,0,0,0,0,1,1,1947-04-17,,0,8701211,,,,,,,,,,,,,,,
442011,0098000,1,大分県,オオイタケン,Oita,,,,大分市,オオイタシ,Oita-shi,,,,大字田尻,オオアザタジリ,Tajiri,,,,,,,,0,0,0,0,0,0,1,1,1947-04-17,,0,8701143,,,,,,,,,,,,,,,
442011,0099000,1,大分県,オオイタケン,Oita,,,,大分市,オオイタシ,Oita-shi,,,,大字種具,オオアザタネグ,Tanegu,,,,,,,,0,0,0,0,0,0,1,1,1947-04-17,,0,8700274,,,,,,,,,,,,,,,
442011,0100000,1,大分県,オオイタケン,Oita,,,,大分市,オオイタシ,Oita-shi,,,,大字駄原,オオアザダノハル,,,,,,,,,0,0,0,0,0,0,1,1,1947-04-17,,0,,,,,,,,,,,,,,,,
442011,0101000,1,大分県,オオイタケン,Oita,,,,大分市,オオイタシ,Oita-shi,,,,大字田原,オオアザタバル,Tabaru,,,,,,,,0,0,0,0,0,0,1,1,1947-04-17,,0,8701154,,,,,,,,,,,,,,,
442011,0102000,1,大分県,オオイタケン,Oita,,,,大分市,オオイタシ,Oita-shi,,,,大字玉沢,オオアザタマザワ,Tamazawa,,,,,,,,0,0,0,0,0,0,1,1,1947-04-17,,0,8701155,,,,,,,,,,,,,,,
442011,0103000,1,大分県,オオイタケン,Oita,,,,大分市,オオイタシ,Oita-shi,,,,大字旦野原,オオアザダンノハル,Dannoharu,,,,,,,,0,0,0,0,0,0,1,1,1947-04-17,,0,8701124,,,,,,,,,,,,,,,
442011,0104000,1,大分県,オオイタケン,Oita,,,,大分市,オオイタシ,Oita-shi,,,,大字月形,オオアザツキガタ,Tsukigata,,,,,,,,0,0,0,0,0,0,1,1,1947-04-17,,0,8797872,,,,,,,,,,,,,,,
442011,0105000,1,大分県,オオイタケン,Oita,,,,大分市,オオイタシ,Oita-shi,,,,大字辻,オオアザツジ,Tsuji,,,,,,,,0,0,0,0,0,0,1,1,1947-04-17,,0,8797871,,*_*_MJ025760,,,,,,,,,,,,,
442011,0106000,1,大分県,オオイタケン,Oita,,,,大分市,オオイタシ,Oita-shi,,,,大字辻原,オオアザツジハル,Tsujiharu,,,,,,,,0,0,0,0,0,0,1,1,1947-04-17,,0,8701204,,*_*_MJ025760_*,,,,,,,,,,,,,
442011,0107000,1,大分県,オオイタケン,Oita,,,,大分市,オオイタシ,Oita-shi,,,,大字常行,オオアザツネユキ,Tsuneyuki,,,,,,,,0,0,0,0,0,0,1,1,1947-04-17,,0,8700116,,,,,,,,,,,,,,,
442011,0108000,1,大分県,オオイタケン,Oita,,,,大分市,オオイタシ,Oita-shi,,,,大字角子原,オオアザツノゴハル,Tsunokobaru,,,,,,,,0,0,0,0,0,0,1,1,1947-04-17,,0,8700271,,,,,,,,,,,,,,,
442011,0109000,1,大分県,オオイタケン,Oita,,,,大分市,オオイタシ,Oita-shi,,,,大字津守,オオアザツモリ,Tsumori,,,,,,,,0,0,0,0,0,0,1,1,1947-04-17,,0,8700945,,,,,,,,,,,,,,,
442011,0110000,1,大分県,オオイタケン,Oita,,,,大分市,オオイタシ,Oita-shi,,,,大字鶴崎,オオアザツルサキ,Tsurusaki,,,,,,,,0,0,0,0,0,0,1,1,1947-04-17,,0,8700106,,,,,,,,,,,,,,,
442011,0111000,1,大分県,オオイタケン,Oita,,,,大分市,オオイタシ,Oita-shi,,,,大字鶴瀬,オオアザツルセ,Tsuruse,,,,,,,,0,0,0,0,0,0,1,1,1947-04-17,,0,8700121,,,,,,,,,,,,,,,
442011,0112000,1,大分県,オオイタケン,Oita,,,,大分市,オオイタシ,Oita-shi,,,,大字中尾,オオアザナカオ,Nakao,,,,,,,,0,0,0,0,0,0,1,1,1947-04-17,,0,8700862,,,,,,,,,,,,,,,
442011,0113000,1,大分県,オオイタケン,Oita,,,,大分市,オオイタシ,Oita-shi,,,,大字中ノ洲,オオアザナカノス,Nakanosu,,,,,,,,0,0,0,0,0,0,1,1,1947-04-17,,0,8700111,,,,,,,,,,,,,,,
442011,0114000,1,大分県,オオイタケン,Oita,,,,大分市,オオイタシ,Oita-shi,,,,大字中判田,オオアザナカハンダ,Nakahanda,,,,,,,,0,0,0,0,0,0,1,1,1947-04-17,,0,8701113,,,,,,,,,,,,,,,
442011,0115000,1,大分県,オオイタケン,Oita,,,,大分市,オオイタシ,Oita-shi,,,,大字中戸次,オオアザナカヘツギ,Nakahetsugi,,,,,,,,0,0,0,0,0,0,1,1,1947-04-17,,0,8797761,,,,,,,,,,,,,,,
442011,0116000,1,大分県,オオイタケン,Oita,,,,大分市,オオイタシ,Oita-shi,,,,大字荷尾杵,オオアザニオキ,Nioki,,,,,,,,0,0,0,0,0,0,1,1,1947-04-17,,0,8701221,,,,,,,,,,,,,,,
442011,0117000,1,大分県,オオイタケン,Oita,,,,大分市,オオイタシ,Oita-shi,,,,大字西明野,オオアザニシアケノ,,,,,,,,,0,0,0,0,0,0,1,1,1947-04-17,,0,,,,,,,,,,,,,,,,
442011,0118000,1,大分県,オオイタケン,Oita,,,,大分市,オオイタシ,Oita-shi,,,,大字西ノ洲,オオアザニシノス,Nishinosu,,,,,,,,0,0,0,0,0,0,1,1,1947-04-17,,0,8700902,,,,,,,,,,,,,,,
442011,0119000,1,大分県,オオイタケン,Oita,,,,大分市,オオイタシ,Oita-shi,,,,大字丹生,オオアザニュウ,Nyu,,,,,,,,0,0,0,0,0,0,1,1,1947-04-17,,0,8700318,,,,,,,,,,,,,,,
442011,0120000,1,大分県,オオイタケン,Oita,,,,大分市,オオイタシ,Oita-shi,,,,大字野田,オオアザノダ,Noda,,,,,,,,0,0,0,0,0,0,1,1,1947-04-17,,0,8700868,,,,,,,,,,,,,,,
442011,0121000,1,大分県,オオイタケン,Oita,,,,大分市,オオイタシ,Oita-shi,,,,大字野津原,オオアザノツハル,Notsuharu,,,,,,,,0,0,0,0,0,0,1,1,1947-04-17,,0,8701203,,,,,,,,,,,,,,,
442011,0122000,1,大分県,オオイタケン,Oita,,,,大分市,オオイタシ,Oita-shi,,,,大字萩尾,オオアザハギオ,Hagio,,,,,,,,0,0,0,0,0,0,1,1,1947-04-17,,0,8797883,,,,,,,,,,,,,,,
442011,0123000,1,大分県,オオイタケン,Oita,,,,大分市,オオイタシ,Oita-shi,,,,大字羽田,オオアザハダ,Hada,,,,,,,,0,0,0,0,0,0,1,1,1947-04-17,,0,8700942,,,,,,,,,,,,,,,
442011,0124000,1,大分県,オオイタケン,Oita,,,,大分市,オオイタシ,Oita-shi,,,,大字畑中,オオアザハタケナカ,Hatakenaka,,,,,,,,0,0,0,0,0,0,1,1,1947-04-17,,0,8700856,,,,,,,,,,,,,,,
442011,0125000,1,大分県,オオイタケン,Oita,,,,大分市,オオイタシ,Oita-shi,,,,大字端登,オオアザハタノボリ,Hatanobori,,,,,,,,0,0,0,0,0,0,1,1,1947-04-17,,0,8797502,,,,,,,,,,,,,,,
442011,0126000,1,大分県,オオイタケン,Oita,,,,大分市,オオイタシ,Oita-shi,,,,大字馬場,オオアザババ,Baba,,,,,,,,0,0,0,0,0,0,1,1,1947-04-17,,0,8792112,,,,,,,,,,,,,,,
442011,0127000,1,大分県,オオイタケン,Oita,,,,大分市,オオイタシ,Oita-shi,,,,大字浜,オオアザハマ,,,,,,,,,0,0,0,0,0,0,1,1,1947-04-17,,0,,,,,,,,,,,,,,,,
442011,0128000,1,大分県,オオイタケン,Oita,,,,大分市,オオイタシ,Oita-shi,,,,大字羽屋,オオアザハヤ,Haya,,,,,,,,0,0,0,0,0,0,1,1,1947-04-17,,0,8700854,,,,,,,,,,,,,,,
442011,0129000,1,大分県,オオイタケン,Oita,,,,大分市,オオイタシ,Oita-shi,,,,大字東明野,オオアザヒガシアケノ,Higashiakeno,,,,,,,,0,0,0,0,0,0,1,1,1947-04-17,,0,8700151,,,,,,,,,,,,,,,
442011,0130000,1,大分県,オオイタケン,Oita,,,,大分市,オオイタシ,Oita-shi,,,,大字東上野,オオアザヒガシウエノ,Higashiueno,,,,,,,,0,0,0,0,0,0,1,1,1947-04-17,,0,8700306,,,,,,,,,,,,,,,
442011,0131000,1,大分県,オオイタケン,Oita,,,,大分市,オオイタシ,Oita-shi,,,,大字日吉原,オオアザヒヨシバル,Hiyoshibaru,,,,,,,,0,0,0,0,0,0,1,1,1947-04-17,,0,8700301,,,,,,,,,,,,,,,
442011,0132000,1,大分県,オオイタケン,Oita,,,,大分市,オオイタシ,Oita-shi,,,,大字平横瀬,オオアザヒラヨコセ,Hirayokose,,,,,,,,0,0,0,0,0,0,1,1,1947-04-17,,0,8700866,,,,,,,,,,,,,,,
442011,0133000,1,大分県,オオイタケン,Oita,,,,大分市,オオイタシ,Oita-shi,,,,大字広内,オオアザヒロウチ,Hirochi,,,,,,,,0,0,0,0,0,0,1,0,1947-04-17,,0,8700277,,,,,,,,,,,,,,,
442011,0134000,1,大分県,オオイタケン,Oita,,,,大分市,オオイタシ,Oita-shi,,,,大字福宗,オオアザフクムネ,Fukumune,,,,,,,,0,0,0,0,0,0,1,1,1947-04-17,,0,8701205,,,,,,,,,,,,,,,
442011,0135000,1,大分県,オオイタケン,Oita,,,,大分市,オオイタシ,Oita-shi,,,,大字福良,オオアザフクラ,Fukura,,,,,,,,0,0,0,0,0,0,1,1,1947-04-17,,0,8797874,,,,,,,,,,,,,,,
442011,0137000,1,大分県,オオイタケン,Oita,,,,大分市,オオイタシ,Oita-shi,,,,大字古国府,オオアザフルゴウ,Furugo,,,,,,,,0,0,0,0,0,0,1,1,1947-04-17,,0,8700844,,,,,,,,,,,,,,,
442011,0138000,1,大分県,オオイタケン,Oita,,,,大分市,オオイタシ,Oita-shi,,,,大字細,オオアザホソ,Hoso,,,,,,,,0,0,0,0,0,0,1,1,1947-04-17,,0,8700305,,,,,,,,,,,,,,,
442011,0139000,1,大分県,オオイタケン,Oita,,,,大分市,オオイタシ,Oita-shi,,,,大字本神崎,オオアザホンコウザキ,Honkozaki,,,,,,,,0,0,0,0,0,0,1,1,1947-04-17,,0,8792111,,,,,,,,,,,,,,,
442011,0140000,1,大分県,オオイタケン,Oita,,,,大分市,オオイタシ,Oita-shi,,,,大字曲,オオアザマガリ,,,,,,,,,0,0,0,0,0,0,1,1,1947-04-17,,0,,,,,,,,,,,,,,,,
442011,0141000,1,大分県,オオイタケン,Oita,,,,大分市,オオイタシ,Oita-shi,,,,大字牧,オオアザマキ,,,,,,,,,0,0,0,0,0,0,1,1,1947-04-17,,0,,,,,,,,,,,,,,,,
442011,0142000,1,大分県,オオイタケン,Oita,,,,大分市,オオイタシ,Oita-shi,,,,大字政所,オオアザマドコロ,Madokoro,,,,,,,,0,0,0,0,0,0,1,1,1947-04-17,,0,8700268,,,,,,,,,,,,,,,
442011,0143000,1,大分県,オオイタケン,Oita,,,,大分市,オオイタシ,Oita-shi,,,,大字丸亀,オオアザマルガメ,Marugame,,,,,,,,0,0,0,0,0,0,1,1,1947-04-17,,0,8700122,,,,,,,,,,,,,,,
442011,0144000,1,大分県,オオイタケン,Oita,,,,大分市,オオイタシ,Oita-shi,,,,大字三佐,オオアザミサ,Misa,,,,,,,,0,0,0,0,0,0,1,1,1947-04-17,,0,8700108,,,,,,,,,,,,,,,
442011,0145000,1,大分県,オオイタケン,Oita,,,,大分市,オオイタシ,Oita-shi,,,,大字光吉,オオアザミツヨシ,Mitsuyoshi,,,,,,,,0,0,0,0,0,0,1,1,1947-04-17,,0,8701132,,,,,,,,,,,,,,,
442011,0146000,1,大分県,オオイタケン,Oita,,,,大分市,オオイタシ,Oita-shi,,,,大字皆春,オオアザミナハル,Minaharu,,,,,,,,0,0,0,0,0,0,1,1,1947-04-17,,0,8700131,,,,,,,,,,,,,,,
442011,0147000,1,大分県,オオイタケン,Oita,,,,大分市,オオイタシ,Oita-shi,,,,大字南,オオアザミナミ,Minami,,,,,,,,0,0,0,0,0,0,1,1,1947-04-17,,0,8700117,,,,,,,,,,,,,,,
442011,0148000,1,大分県,オオイタケン,Oita,,,,大分市,オオイタシ,Oita-shi,,,,大字宮尾,オオアザミヤオ,Miyao,,,,,,,,0,0,0,0,0,0,1,1,1947-04-17,,0,8797873,,,,,,,,,,,,,,,
442011,0149000,1,大分県,オオイタケン,Oita,,,,大分市,オオイタシ,Oita-shi,,,,大字宮河内,オオアザミヤカワチ,Miyakawauchi,,,,,,,,0,0,0,0,0,0,1,1,1947-04-17,,0,8700276,,,,,,,,,,,,,,,
442011,0150000,1,大分県,オオイタケン,Oita,,,,大分市,オオイタシ,Oita-shi,,,,大字宮崎,オオアザミヤザキ,Miyazaki,,,,,,,,0,0,0,0,0,0,1,1,1947-04-17,,0,8701133,,,,,,,,,,,,,,,
442011,0151000,1,大分県,オオイタケン,Oita,,,,大分市,オオイタシ,Oita-shi,,,,大字三芳,オオアザミヨシ,Miyoshi,,,,,,,,0,0,0,0,0,0,1,1,1947-04-17,,0,8700030,,,,,,,,,,,,,,,
442011,0152000,1,大分県,オオイタケン,Oita,,,,大分市,オオイタシ,Oita-shi,,,,大字廻栖野,オオアザメグスノ,,,,,,,,,0,0,0,0,0,0,1,1,1947-04-17,,0,,,,,,,,,,,,,,,,
442011,0153000,1,大分県,オオイタケン,Oita,,,,大分市,オオイタシ,Oita-shi,,,,大字森,オオアザモリ,Mori,,,,,,,,0,0,0,0,0,0,1,1,1947-04-17,,0,8700128,,,,,,,,,,,,,,,
442011,0154000,1,大分県,オオイタケン,Oita,,,,大分市,オオイタシ,Oita-shi,,,,大字森町,オオアザモリマチ,Morimachi,,,,,,,,0,0,0,0,0,0,1,1,1947-04-17,,0,8700127,,,,,,,,,,,,,,,
442011,0155000,1,大分県,オオイタケン,Oita,,,,大分市,オオイタシ,Oita-shi,,,,大字八幡,オオアザヤハタ,,,,,,,,,0,0,0,0,0,0,1,1,1947-04-17,,0,,,,,,,,,,,,,,,,
442011,0156000,1,大分県,オオイタケン,Oita,,,,大分市,オオイタシ,Oita-shi,,,,大字屋山,オオアザヤヤマ,Yayama,,,,,,,,0,0,0,0,0,0,1,1,1947-04-17,,0,8700313,,,,,,,,,,,,,,,
442011,0157000,1,大分県,オオイタケン,Oita,,,,大分市,オオイタシ,Oita-shi,,,,大字横尾,オオアザヨコオ,Yoko,,,,,,,,0,0,0,0,0,0,1,1,1947-04-17,,0,8700126,,,,,,,,,,,,,,,
442011,0158000,1,大分県,オオイタケン,Oita,,,,大分市,オオイタシ,Oita-shi,,,,大字横瀬,オオアザヨコセ,Yokose,,,,,,,,0,0,0,0,0,0,1,1,1947-04-17,,0,8701173,,,,,,,,,,,,,,,
442011,0159000,1,大分県,オオイタケン,Oita,,,,大分市,オオイタシ,Oita-shi,,,,大字横田,オオアザヨコタ,Yokota,,,,,,,,0,0,0,0,0,0,1,1,1947-04-17,,0,8700263,,,,,,,,,,,,,,,
442011,0160000,1,大分県,オオイタケン,Oita,,,,大分市,オオイタシ,Oita-shi,,,,大字吉野原,オオアザヨシノハル,Yoshinoharu,,,,,,,,0,0,0,0,0,0,1,1,1947-04-17,,0,8797875,,,,,,,,,,,,,,,
442011,0161000,1,大分県,オオイタケン,Oita,,,,大分市,オオイタシ,Oita-shi,,,,大字永興,オオアザリョウゴ,Ryogo,,,,,,,,0,0,0,0,0,0,1,1,1947-04-17,,0,8700883,,,,,,,,,,,,,,,
442011,0162001,2,大分県,オオイタケン,Oita,,,,大分市,オオイタシ,Oita-shi,,,,大分流通業務団地,オオイタリュウツウギョウムダンチ,Oitaryutsugyomudanchi,１丁目,１チョウメ,1,,,,,0,0,0,0,0,0,1,1,1947-04-17,,0,,,,,,,,,,,,,,,,
442011,0162002,2,大分県,オオイタケン,Oita,,,,大分市,オオイタシ,Oita-shi,,,,大分流通業務団地,オオイタリュウツウギョウムダンチ,Oitaryutsugyomudanchi,２丁目,２チョウメ,2,,,,,0,0,0,0,0,0,1,1,1947-04-17,,0,,,,,,,,,,,,,,,,
442011,0162003,2,大分県,オオイタケン,Oita,,,,大分市,オオイタシ,Oita-shi,,,,大分流通業務団地,オオイタリュウツウギョウムダンチ,Oitaryutsugyomudanchi,３丁目,３チョウメ,3,,,,,0,0,0,0,0,0,1,1,1947-04-17,,0,,,,,,,,,,,,,,,,
442011,0163001,2,大分県,オオイタケン,Oita,,,,大分市,オオイタシ,Oita-shi,,,,大在北,オオザイキタ,Ozaikita,１丁目,１チョウメ,1,,,,,1,1,0,0,0,0,1,1,1947-04-17,,0,,,,,,,,,,,,,,,,
442011,0163002,2,大分県,オオイタケン,Oita,,,,大分市,オオイタシ,Oita-shi,,,,大在北,オオザイキタ,Ozaikita,２丁目,２チョウメ,2,,,,,1,1,0,0,0,0,1,1,1947-04-17,,0,,,,,,,,,,,,,,,,
442011,0163003,2,大分県,オオイタケン,Oita,,,,大分市,オオイタシ,Oita-shi,,,,大在北,オオザイキタ,Ozaikita,３丁目,３チョウメ,3,,,,,1,1,0,0,0,0,1,1,1947-04-17,,0,,,,,,,,,,,,,,,,
442011,0163004,2,大分県,オオイタケン,Oita,,,,大分市,オオイタシ,Oita-shi,,,,大在北,オオザイキタ,Ozaikita,４丁目,４チョウメ,4,,,,,1,1,0,0,0,0,1,1,1947-04-17,,0,,,,,,,,,,,,,,,,
442011,0164001,2,大分県,オオイタケン,Oita,,,,大分市,オオイタシ,Oita-shi,,,,大在中央,オオザイチュウオウ,Ozaichuo,１丁目,１チョウメ,1,,,,,1,1,0,0,0,0,1,1,1947-04-17,,0,,,,,,,,,,,,,,,,
442011,0164002,2,大分県,オオイタケン,Oita,,,,大分市,オオイタシ,Oita-shi,,,,大在中央,オオザイチュウオウ,Ozaichuo,２丁目,２チョウメ,2,,,,,1,1,0,0,0,0,1,1,1947-04-17,,0,,,,,,,,,,,,,,,,
442011,0165001,2,大分県,オオイタケン,Oita,,,,大分市,オオイタシ,Oita-shi,,,,大在浜,オオザイハマ,Ozaihama,１丁目,１チョウメ,1,,,,,1,1,0,0,0,0,1,1,1947-04-17,,0,,,,,,,,,,,,,,,,
442011,0165002,2,大分県,オオイタケン,Oita,,,,大分市,オオイタシ,Oita-shi,,,,大在浜,オオザイハマ,Ozaihama,２丁目,２チョウメ,2,,,,,1,1,0,0,0,0,1,1,1947-04-17,,0,,,,,,,,,,,,,,,,
442011,0166001,2,大分県,オオイタケン,Oita,,,,大分市,オオイタシ,Oita-shi,,,,大州浜,オオスハマ,Osuhama,１丁目,１チョウメ,1,,,,,1,1,0,0,0,0,1,1,1947-04-17,,0,,,,,,,,,,,,,,,,
442011,0166002,2,大分県,オオイタケン,Oita,,,,大分市,オオイタシ,Oita-shi,,,,大州浜,オオスハマ,Osuhama,２丁目,２チョウメ,2,,,,,1,1,0,0,0,0,1,1,1947-04-17,,0,,,,,,,,,,,,,,,,
442011,0167001,2,大分県,オオイタケン,Oita,,,,大分市,オオイタシ,Oita-shi,,,,大津町,オオツマチ,Otsumachi,１丁目,１チョウメ,1,,,,,1,1,0,0,0,0,1,1,1947-04-17,,0,,,,,,,,,,,,,,,,
442011,0167002,2,大分県,オオイタケン,Oita,,,,大分市,オオイタシ,Oita-shi,,,,大津町,オオツマチ,Otsumachi,２丁目,２チョウメ,2,,,,,1,1,0,0,0,0,1,1,1947-04-17,,0,,,,,,,,,,,,,,,,
442011,0167003,2,大分県,オオイタケン,Oita,,,,大分市,オオイタシ,Oita-shi,,,,大津町,オオツマチ,Otsumachi,３丁目,３チョウメ,3,,,,,1,1,0,0,0,0,1,1,1947-04-17,,0,,,,,,,,,,,,,,,,
442011,0168001,2,大分県,オオイタケン,Oita,,,,大分市,オオイタシ,Oita-shi,,,,大手町,オオテマチ,Otemachi,１丁目,１チョウメ,1,,,,,1,1,0,0,0,0,1,1,1947-04-17,,0,,,,,,,,,,,,,,,,
442011,0168002,2,大分県,オオイタケン,Oita,,,,大分市,オオイタシ,Oita-shi,,,,大手町,オオテマチ,Otemachi,２丁目,２チョウメ,2,,,,,1,1,0,0,0,0,1,1,1947-04-17,,0,,,,,,,,,,,,,,,,
442011,0168003,2,大分県,オオイタケン,Oita,,,,大分市,オオイタシ,Oita-shi,,,,大手町,オオテマチ,Otemachi,３丁目,３チョウメ,3,,,,,1,1,0,0,0,0,1,1,1947-04-17,,0,,,,,,,,,,,,,,,,
442011,0169001,2,大分県,オオイタケン,Oita,,,,大分市,オオイタシ,Oita-shi,,,,大道町,オオミチマチ,Omichimachi,１丁目,１チョウメ,1,,,,,1,1,0,0,0,0,1,1,1947-04-17,,0,,,,,,,,,,,,,,,,
442011,0169002,2,大分県,オオイタケン,Oita,,,,大分市,オオイタシ,Oita-shi,,,,大道町,オオミチマチ,Omichimachi,２丁目,２チョウメ,2,,,,,1,1,0,0,0,0,1,1,1947-04-17,,0,,,,,,,,,,,,,,,,
442011,0169003,2,大分県,オオイタケン,Oita,,,,大分市,オオイタシ,Oita-shi,,,,大道町,オオミチマチ,Omichimachi,３丁目,３チョウメ,3,,,,,1,1,0,0,0,0,1,1,1947-04-17,,0,,,,,,,,,,,,,,,,
442011,0169004,2,大分県,オオイタケン,Oita,,,,大分市,オオイタシ,Oita-shi,,,,大道町,オオミチマチ,Omichimachi,４丁目,４チョウメ,4,,,,,1,1,0,0,0,0,1,1,1947-04-17,,0,,,,,,,,,,,,,,,,
442011,0169005,2,大分県,オオイタケン,Oita,,,,大分市,オオイタシ,Oita-shi,,,,大道町,オオミチマチ,Omichimachi,５丁目,５チョウメ,5,,,,,1,1,0,0,0,0,1,1,1947-04-17,,0,,,,,,,,,,,,,,,,
442011,0170000,1,大分県,オオイタケン,Oita,,,,大分市,オオイタシ,Oita-shi,,,,乙津町,オトヅマチ,Otozumachi,,,,,,,,1,1,0,0,0,0,1,1,1947-04-17,,0,8700145,,,,,,,,,,,,,,,
442011,0171001,2,大分県,オオイタケン,Oita,,,,大分市,オオイタシ,Oita-shi,,,,乙津港町,オトヅミナトマチ,Otozuminatomachi,１丁目,１チョウメ,1,,,,,1,1,0,0,0,0,1,1,1947-04-17,,0,,,,,,,,,,,,,,,,
442011,0171002,2,大分県,オオイタケン,Oita,,,,大分市,オオイタシ,Oita-shi,,,,乙津港町,オトヅミナトマチ,Otozuminatomachi,２丁目,２チョウメ,2,,,,,1,1,0,0,0,0,1,1,1947-04-17,,0,,,,,,,,,,,,,,,,
442011,0172001,2,大分県,オオイタケン,Oita,,,,大分市,オオイタシ,Oita-shi,,,,小中島,オナカシマ,Onakashima,１丁目,１チョウメ,1,,,,,1,1,0,0,0,0,1,1,1947-04-17,,0,,,,,,,,,,,,,,,,
442011,0172002,2,大分県,オオイタケン,Oita,,,,大分市,オオイタシ,Oita-shi,,,,小中島,オナカシマ,Onakashima,２丁目,２チョウメ,2,,,,,1,1,0,0,0,0,1,1,1947-04-17,,0,,,,,,,,,,,,,,,,
442011,0172003,2,大分県,オオイタケン,Oita,,,,大分市,オオイタシ,Oita-shi,,,,小中島,オナカシマ,Onakashima,３丁目,３チョウメ,3,,,,,1,1,0,0,0,0,1,1,1947-04-17,,0,,,,,,,,,,,,,,,,
442011,0173001,2,大分県,オオイタケン,Oita,,,,大分市,オオイタシ,Oita-shi,,,,小野鶴南,オノヅルミナミ,Onotsuruminami,１丁目,１チョウメ,1,,,,,1,1,0,0,0,0,1,1,1947-04-17,,0,,,,,,,,,,,,,,,,
442011,0173002,2,大分県,オオイタケン,Oita,,,,大分市,オオイタシ,Oita-shi,,,,小野鶴南,オノヅルミナミ,Onotsuruminami,２丁目,２チョウメ,2,,,,,1,1,0,0,0,0,1,1,1947-04-17,,0,,,,,,,,,,,,,,,,
442011,0174001,2,大分県,オオイタケン,Oita,,,,大分市,オオイタシ,Oita-shi,,,,賀来北,カクキタ,Kakukita,１丁目,１チョウメ,1,,,,,1,1,0,0,0,0,1,1,1947-04-17,,0,,,,,,,,,,,,,,,,
442011,0174002,2,大分県,オオイタケン,Oita,,,,大分市,オオイタシ,Oita-shi,,,,賀来北,カクキタ,Kakukita,２丁目,２チョウメ,2,,,,,1,1,0,0,0,0,1,1,1947-04-17,,0,,,,,,,,,,,,,,,,
442011,0174003,2,大分県,オオイタケン,Oita,,,,大分市,オオイタシ,Oita-shi,,,,賀来北,カクキタ,Kakukita,３丁目,３チョウメ,3,,,,,1,1,0,0,0,0,1,1,1947-04-17,,0,,,,,,,,,,,,,,,,
442011,0175001,2,大分県,オオイタケン,Oita,,,,大分市,オオイタシ,Oita-shi,,,,賀来南,カクミナミ,Kakuminami,１丁目,１チョウメ,1,,,,,1,1,0,0,0,0,1,1,1947-04-17,,0,,,,,,,,,,,,,,,,
442011,0175002,2,大分県,オオイタケン,Oita,,,,大分市,オオイタシ,Oita-shi,,,,賀来南,カクミナミ,Kakuminami,２丁目,２チョウメ,2,,,,,1,1,0,0,0,0,1,1,1947-04-17,,0,,,,,,,,,,,,,,,,
442011,0175003,2,大分県,オオイタケン,Oita,,,,大分市,オオイタシ,Oita-shi,,,,賀来南,カクミナミ,Kakuminami,３丁目,３チョウメ,3,,,,,1,1,0,0,0,0,1,1,1947-04-17,,0,,,,,,,,,,,,,,,,
442011,0176001,2,大分県,オオイタケン,Oita,,,,大分市,オオイタシ,Oita-shi,,,,かたしま台,カタシマダイ,Katashimadai,１丁目,１チョウメ,1,,,,,0,0,0,0,0,0,1,1,1947-04-17,,0,,,,,,,,,,,,,,,,
442011,0176002,2,大分県,オオイタケン,Oita,,,,大分市,オオイタシ,Oita-shi,,,,かたしま台,カタシマダイ,Katashimadai,２丁目,２チョウメ,2,,,,,0,0,0,0,0,0,1,1,1947-04-17,,0,,,,,,,,,,,,,,,,
442011,0176003,2,大分県,オオイタケン,Oita,,,,大分市,オオイタシ,Oita-shi,,,,かたしま台,カタシマダイ,Katashimadai,３丁目,３チョウメ,3,,,,,0,0,0,0,0,0,1,1,1947-04-17,,0,,,,,,,,,,,,,,,,
442011,0177001,2,大分県,オオイタケン,Oita,,,,大分市,オオイタシ,Oita-shi,,,,金池町,カナイケマチ,Kanaikemachi,１丁目,１チョウメ,1,,,,,1,1,0,0,0,0,1,1,1947-04-17,,0,,,,,,,,,,,,,,,,
442011,0177002,2,大分県,オオイタケン,Oita,,,,大分市,オオイタシ,Oita-shi,,,,金池町,カナイケマチ,Kanaikemachi,２丁目,２チョウメ,2,,,,,1,1,0,0,0,0,1,1,1947-04-17,,0,,,,,,,,,,,,,,,,
442011,0177003,2,大分県,オオイタケン,Oita,,,,大分市,オオイタシ,Oita-shi,,,,金池町,カナイケマチ,Kanaikemachi,３丁目,３チョウメ,3,,,,,1,1,0,0,0,0,1,1,1947-04-17,,0,,,,,,,,,,,,,,,,
442011,0177004,2,大分県,オオイタケン,Oita,,,,大分市,オオイタシ,Oita-shi,,,,金池町,カナイケマチ,Kanaikemachi,４丁目,４チョウメ,4,,,,,1,1,0,0,0,0,1,1,1947-04-17,,0,,,,,,,,,,,,,,,,
442011,0177005,2,大分県,オオイタケン,Oita,,,,大分市,オオイタシ,Oita-shi,,,,金池町,カナイケマチ,Kanaikemachi,５丁目,５チョウメ,5,,,,,1,1,0,0,0,0,1,1,1947-04-17,,0,,,,,,,,,,,,,,,,
442011,0178001,2,大分県,オオイタケン,Oita,,,,大分市,オオイタシ,Oita-shi,,,,金池南,カナイケミナミ,Kanaikeminami,１丁目,１チョウメ,1,,,,,1,1,0,0,0,0,1,1,1947-04-17,,0,,,,,,,,,,,,,,,,
442011,0178002,2,大分県,オオイタケン,Oita,,,,大分市,オオイタシ,Oita-shi,,,,金池南,カナイケミナミ,Kanaikeminami,２丁目,２チョウメ,2,,,,,1,1,0,0,0,0,1,1,1947-04-17,,0,,,,,,,,,,,,,,,,
442011,0179000,1,大分県,オオイタケン,Oita,,,,大分市,オオイタシ,Oita-shi,,,,要町,カナメマチ,Kanamemachi,,,,,,,,1,1,0,0,0,0,1,1,1947-04-17,,0,8700831,,,,,,,,,,,,,,,
442011,0180001,2,大分県,オオイタケン,Oita,,,,大分市,オオイタシ,Oita-shi,,,,北鶴崎,キタツルサキ,Kitatsurusaki,１丁目,１チョウメ,1,,,,,1,1,0,0,0,0,1,1,1947-04-17,,0,,,,,,,,,,,,,,,,
442011,0180002,2,大分県,オオイタケン,Oita,,,,大分市,オオイタシ,Oita-shi,,,,北鶴崎,キタツルサキ,Kitatsurusaki,２丁目,２チョウメ,2,,,,,1,1,0,0,0,0,1,1,1947-04-17,,0,,,,,,,,,,,,,,,,
442011,0181001,2,大分県,オオイタケン,Oita,,,,大分市,オオイタシ,Oita-shi,,,,季の坂,キノサカ,Kinosaka,１丁目,１チョウメ,1,,,,,1,1,0,0,0,0,1,1,1947-04-17,,0,,,,,,,,,,,,,,,,
442011,0181002,2,大分県,オオイタケン,Oita,,,,大分市,オオイタシ,Oita-shi,,,,季の坂,キノサカ,Kinosaka,２丁目,２チョウメ,2,,,,,1,1,0,0,0,0,1,1,1947-04-17,,0,,,,,,,,,,,,,,,,
442011,0181003,2,大分県,オオイタケン,Oita,,,,大分市,オオイタシ,Oita-shi,,,,季の坂,キノサカ,Kinosaka,３丁目,３チョウメ,3,,,,,1,1,0,0,0,0,1,1,1947-04-17,,0,,,,,,,,,,,,,,,,
442011,0182001,2,大分県,オオイタケン,Oita,,,,大分市,オオイタシ,Oita-shi,,,,希望が丘,キボウガオカ,Kibogaoka,１丁目,１チョウメ,1,,,,,0,0,0,0,0,0,1,1,1947-04-17,,0,,,,,,,,,,,,,,,,
442011,0182002,2,大分県,オオイタケン,Oita,,,,大分市,オオイタシ,Oita-shi,,,,希望が丘,キボウガオカ,Kibogaoka,２丁目,２チョウメ,2,,,,,0,0,0,0,0,0,1,1,1947-04-17,,0,,,,,,,,,,,,,,,,
442011,0183000,1,大分県,オオイタケン,Oita,,,,大分市,オオイタシ,Oita-shi,,,,久原北,クバルキタ,Kubarukita,,,,,,,,1,1,0,0,0,0,1,1,1947-04-17,,0,8700324,,,,,,,,,,,,,,,
442011,0184001,2,大分県,オオイタケン,Oita,,,,大分市,オオイタシ,Oita-shi,,,,久原中央,クバルチュウオウ,Kubaruchuo,１丁目,１チョウメ,1,,,,,1,1,0,0,0,0,1,1,1947-04-17,,0,,,,,,,,,,,,,,,,
442011,0184002,2,大分県,オオイタケン,Oita,,,,大分市,オオイタシ,Oita-shi,,,,久原中央,クバルチュウオウ,Kubaruchuo,２丁目,２チョウメ,2,,,,,1,1,0,0,0,0,1,1,1947-04-17,,0,,,,,,,,,,,,,,,,
442011,0184003,2,大分県,オオイタケン,Oita,,,,大分市,オオイタシ,Oita-shi,,,,久原中央,クバルチュウオウ,Kubaruchuo,３丁目,３チョウメ,3,,,,,1,1,0,0,0,0,1,1,1947-04-17,,0,,,,,,,,,,,,,,,,
442011,0184004,2,大分県,オオイタケン,Oita,,,,大分市,オオイタシ,Oita-shi,,,,久原中央,クバルチュウオウ,Kubaruchuo,４丁目,４チョウメ,4,,,,,1,1,0,0,0,0,1,1,1947-04-17,,0,,,,,,,,,,,,,,,,
442011,0185001,2,大分県,オオイタケン,Oita,,,,大分市,オオイタシ,Oita-shi,,,,久原南,クバルミナミ,Kubaruminami,１丁目,１チョウメ,1,,,,,1,1,0,0,0,0,1,1,1947-04-17,,0,,,,,,,,,,,,,,,,
442011,0185002,2,大分県,オオイタケン,Oita,,,,大分市,オオイタシ,Oita-shi,,,,久原南,クバルミナミ,Kubaruminami,２丁目,２チョウメ,2,,,,,1,1,0,0,0,0,1,1,1947-04-17,,0,,,,,,,,,,,,,,,,
442011,0186001,2,大分県,オオイタケン,Oita,,,,大分市,オオイタシ,Oita-shi,,,,けやき台,ケヤキダイ,Keyakidai,１丁目,１チョウメ,1,,,,,0,0,0,0,0,0,1,1,1947-04-17,,0,,,,,,,,,,,,,,,,
442011,0186002,2,大分県,オオイタケン,Oita,,,,大分市,オオイタシ,Oita-shi,,,,けやき台,ケヤキダイ,Keyakidai,２丁目,２チョウメ,2,,,,,0,0,0,0,0,0,1,1,1947-04-17,,0,,,,,,,,,,,,,,,,
442011,0186003,2,大分県,オオイタケン,Oita,,,,大分市,オオイタシ,Oita-shi,,,,けやき台,ケヤキダイ,Keyakidai,３丁目,３チョウメ,3,,,,,0,0,0,0,0,0,1,1,1947-04-17,,0,,,,,,,,,,,,,,,,
442011,0186004,2,大分県,オオイタケン,Oita,,,,大分市,オオイタシ,Oita-shi,,,,けやき台,ケヤキダイ,Keyakidai,４丁目,４チョウメ,4,,,,,0,0,0,0,0,0,1,1,1947-04-17,,0,,,,,,,,,,,,,,,,
442011,0187001,2,大分県,オオイタケン,Oita,,,,大分市,オオイタシ,Oita-shi,,,,顕徳町,ケントクマチ,Kentokumachi,１丁目,１チョウメ,1,,,,,1,1,0,0,0,0,1,1,1947-04-17,,0,,,,,,,,,,,,,,,,
442011,0187002,2,大分県,オオイタケン,Oita,,,,大分市,オオイタシ,Oita-shi,,,,顕徳町,ケントクマチ,Kentokumachi,２丁目,２チョウメ,2,,,,,1,1,0,0,0,0,1,1,1947-04-17,,0,,,,,,,,,,,,,,,,
442011,0187003,2,大分県,オオイタケン,Oita,,,,大分市,オオイタシ,Oita-shi,,,,顕徳町,ケントクマチ,Kentokumachi,３丁目,３チョウメ,3,,,,,1,1,0,0,0,0,1,1,1947-04-17,,0,,,,,,,,,,,,,,,,
442011,0188001,2,大分県,オオイタケン,Oita,,,,大分市,オオイタシ,Oita-shi,,,,公園通り,コウエンドオリ,Koendori,１丁目,１チョウメ,1,,,,,0,0,0,0,0,0,1,1,1947-04-17,,0,,,,,,,,,,,,,,,,
442011,0188002,2,大分県,オオイタケン,Oita,,,,大分市,オオイタシ,Oita-shi,,,,公園通り,コウエンドオリ,Koendori,２丁目,２チョウメ,2,,,,,0,0,0,0,0,0,1,1,1947-04-17,,0,,,,,,,,,,,,,,,,
442011,0188003,2,大分県,オオイタケン,Oita,,,,大分市,オオイタシ,Oita-shi,,,,公園通り,コウエンドオリ,Koendori,３丁目,３チョウメ,3,,,,,0,0,0,0,0,0,1,1,1947-04-17,,0,,,,,,,,,,,,,,,,
442011,0188004,2,大分県,オオイタケン,Oita,,,,大分市,オオイタシ,Oita-shi,,,,公園通り,コウエンドオリ,Koendori,４丁目,４チョウメ,4,,,,,0,0,0,0,0,0,1,1,1947-04-17,,0,,,,,,,,,,,,,,,,
442011,0188005,2,大分県,オオイタケン,Oita,,,,大分市,オオイタシ,Oita-shi,,,,公園通り,コウエンドオリ,Koendori,５丁目,５チョウメ,5,,,,,0,0,0,0,0,0,1,1,1947-04-17,,0,,,,,,,,,,,,,,,,
442011,0189001,2,大分県,オオイタケン,Oita,,,,大分市,オオイタシ,Oita-shi,,,,公園通り西,コウエンドオリニシ,Koendorinishi,１丁目,１チョウメ,1,,,,,0,0,0,0,0,0,1,1,1947-04-17,,0,,,,,,,,,,,,,,,,
442011,0189002,2,大分県,オオイタケン,Oita,,,,大分市,オオイタシ,Oita-shi,,,,公園通り西,コウエンドオリニシ,Koendorinishi,２丁目,２チョウメ,2,,,,,0,0,0,0,0,0,1,1,1947-04-17,,0,,,,,,,,,,,,,,,,
442011,0190001,2,大分県,オオイタケン,Oita,,,,大分市,オオイタシ,Oita-shi,,,,古ケ鶴,コガヅル,Kogazuru,１丁目,１チョウメ,1,,,,,1,1,0,0,0,0,1,1,1947-04-17,,0,,,,,,,,,,,,,,,,
442011,0190002,2,大分県,オオイタケン,Oita,,,,大分市,オオイタシ,Oita-shi,,,,古ケ鶴,コガヅル,Kogazuru,２丁目,２チョウメ,2,,,,,1,1,0,0,0,0,1,1,1947-04-17,,0,,,,,,,,,,,,,,,,
442011,0191000,1,大分県,オオイタケン,Oita,,,,大分市,オオイタシ,Oita-shi,,,,国分新町,コクブシンマチ,Kokubushimmachi,,,,,,,,1,1,0,0,0,0,1,1,1947-04-17,,0,8700869,,,,,,,,,,,,,,,
442011,0192001,2,大分県,オオイタケン,Oita,,,,大分市,オオイタシ,Oita-shi,,,,小佐井,コザイ,Kozai,１丁目,１チョウメ,1,,,,,1,1,0,0,0,0,1,1,1947-04-17,,0,,,,,,,,,,,,,,,,
442011,0192002,2,大分県,オオイタケン,Oita,,,,大分市,オオイタシ,Oita-shi,,,,小佐井,コザイ,Kozai,２丁目,２チョウメ,2,,,,,1,1,0,0,0,0,1,1,1947-04-17,,0,,,,,,,,,,,,,,,,
442011,0192003,2,大分県,オオイタケン,Oita,,,,大分市,オオイタシ,Oita-shi,,,,小佐井,コザイ,Kozai,３丁目,３チョウメ,3,,,,,1,1,0,0,0,0,1,1,1947-04-17,,0,,,,,,,,,,,,,,,,
442011,0193000,1,大分県,オオイタケン,Oita,,,,大分市,オオイタシ,Oita-shi,,,,寿町,コトブキマチ,Kotobukimachi,,,,,,,,1,1,0,0,0,0,1,1,1947-04-17,,0,8700036,,,,,,,,,,,,,,,
442011,0194001,2,大分県,オオイタケン,Oita,,,,大分市,オオイタシ,Oita-shi,,,,坂ノ市中央,サカノイチチュウオウ,Sakanoichichuo,１丁目,１チョウメ,1,,,,,1,1,0,0,0,0,1,1,1947-04-17,,0,,,,,,,,,,,,,,,,
442011,0194002,2,大分県,オオイタケン,Oita,,,,大分市,オオイタシ,Oita-shi,,,,坂ノ市中央,サカノイチチュウオウ,Sakanoichichuo,２丁目,２チョウメ,2,,,,,1,1,0,0,0,0,1,1,1947-04-17,,0,,,,,,,,,,,,,,,,
442011,0194003,2,大分県,オオイタケン,Oita,,,,大分市,オオイタシ,Oita-shi,,,,坂ノ市中央,サカノイチチュウオウ,Sakanoichichuo,３丁目,３チョウメ,3,,,,,1,1,0,0,0,0,1,1,1947-04-17,,0,,,,,,,,,,,,,,,,
442011,0194004,2,大分県,オオイタケン,Oita,,,,大分市,オオイタシ,Oita-shi,,,,坂ノ市中央,サカノイチチュウオウ,Sakanoichichuo,４丁目,４チョウメ,4,,,,,1,1,0,0,0,0,1,1,1947-04-17,,0,,,,,,,,,,,,,,,,
442011,0194005,2,大分県,オオイタケン,Oita,,,,大分市,オオイタシ,Oita-shi,,,,坂ノ市中央,サカノイチチュウオウ,Sakanoichichuo,５丁目,５チョウメ,5,,,,,1,1,0,0,0,0,1,1,1947-04-17,,0,,,,,,,,,,,,,,,,
442011,0195001,2,大分県,オオイタケン,Oita,,,,大分市,オオイタシ,Oita-shi,,,,坂ノ市西,サカノイチニシ,Sakanoichinishi,１丁目,１チョウメ,1,,,,,1,1,0,0,0,0,1,1,1947-04-17,,0,,,,,,,,,,,,,,,,
442011,0195002,2,大分県,オオイタケン,Oita,,,,大分市,オオイタシ,Oita-shi,,,,坂ノ市西,サカノイチニシ,Sakanoichinishi,２丁目,２チョウメ,2,,,,,1,1,0,0,0,0,1,1,1947-04-17,,0,,,,,,,,,,,,,,,,
442011,0196001,2,大分県,オオイタケン,Oita,,,,大分市,オオイタシ,Oita-shi,,,,坂ノ市南,サカノイチミナミ,Sakanoichiminami,１丁目,１チョウメ,1,,,,,1,1,0,0,0,0,1,1,1947-04-17,,0,,,,,,,,,,,,,,,,
442011,0196002,2,大分県,オオイタケン,Oita,,,,大分市,オオイタシ,Oita-shi,,,,坂ノ市南,サカノイチミナミ,Sakanoichiminami,２丁目,２チョウメ,2,,,,,1,1,0,0,0,0,1,1,1947-04-17,,0,,,,,,,,,,,,,,,,
442011,0196003,2,大分県,オオイタケン,Oita,,,,大分市,オオイタシ,Oita-shi,,,,坂ノ市南,サカノイチミナミ,Sakanoichiminami,３丁目,３チョウメ,3,,,,,1,1,0,0,0,0,1,1,1947-04-17,,0,,,,,,,,,,,,,,,,
442011,0196004,2,大分県,オオイタケン,Oita,,,,大分市,オオイタシ,Oita-shi,,,,坂ノ市南,サカノイチミナミ,Sakanoichiminami,４丁目,４チョウメ,4,,,,,1,1,0,0,0,0,1,1,1947-04-17,,0,,,,,,,,,,,,,,,,
442011,0197000,1,大分県,オオイタケン,Oita,,,,大分市,オオイタシ,Oita-shi,,,,桜ケ丘,サクラガオカ,Sakuragaoka,,,,,,,,1,1,0,0,0,0,1,1,1947-04-17,,0,8700838,,,,,,,,,,,,,,,
442011,0198001,2,大分県,オオイタケン,Oita,,,,大分市,オオイタシ,Oita-shi,,,,里,サト,Sato,１丁目,１チョウメ,1,,,,,1,1,0,0,0,0,1,1,1947-04-17,,0,,,,,,,,,,,,,,,,
442011,0198002,2,大分県,オオイタケン,Oita,,,,大分市,オオイタシ,Oita-shi,,,,里,サト,Sato,２丁目,２チョウメ,2,,,,,1,1,0,0,0,0,1,1,1947-04-17,,0,,,,,,,,,,,,,,,,
442011,0198003,2,大分県,オオイタケン,Oita,,,,大分市,オオイタシ,Oita-shi,,,,里,サト,Sato,３丁目,３チョウメ,3,,,,,1,1,0,0,0,0,1,1,1947-04-17,,0,,,,,,,,,,,,,,,,
442011,0199001,2,大分県,オオイタケン,Oita,,,,大分市,オオイタシ,Oita-shi,,,,汐見,シオミ,Shiomi,１丁目,１チョウメ,1,,,,,1,1,0,0,0,0,1,1,1947-04-17,,0,,,,,,,,,,,,,,,,
442011,0199002,2,大分県,オオイタケン,Oita,,,,大分市,オオイタシ,Oita-shi,,,,汐見,シオミ,Shiomi,２丁目,２チョウメ,2,,,,,1,1,0,0,0,0,1,1,1947-04-17,,0,,,,,,,,,,,,,,,,
442011,0200000,1,大分県,オオイタケン,Oita,,,,大分市,オオイタシ,Oita-shi,,,,敷戸北町,シキドキタマチ,Shikido Kitamachi,,,,,,,,1,1,0,0,0,0,1,1,1947-04-17,,0,8701101,,,,,,,,,,,,,,,
442011,0201000,1,大分県,オオイタケン,Oita,,,,大分市,オオイタシ,Oita-shi,,,,敷戸新町,シキドシンマチ,Shikido Shimmachi,,,,,,,,1,1,0,0,0,0,1,1,1947-04-17,,0,8701102,,,,,,,,,,,,,,,
442011,0202001,2,大分県,オオイタケン,Oita,,,,大分市,オオイタシ,Oita-shi,,,,敷戸台,シキドダイ,Shikidodai,１丁目,１チョウメ,1,,,,,1,1,0,0,0,0,1,1,1947-04-17,,0,,,,,,,,,,,,,,,,
442011,0202002,2,大分県,オオイタケン,Oita,,,,大分市,オオイタシ,Oita-shi,,,,敷戸台,シキドダイ,Shikidodai,２丁目,２チョウメ,2,,,,,1,1,0,0,0,0,1,1,1947-04-17,,0,,,,,,,,,,,,,,,,
442011,0203000,1,大分県,オオイタケン,Oita,,,,大分市,オオイタシ,Oita-shi,,,,敷戸西町,シキドニシマチ,Shikido Nishimachi,,,,,,,,1,1,0,0,0,0,1,1,1947-04-17,,0,8701103,,,,,,,,,,,,,,,
442011,0204000,1,大分県,オオイタケン,Oita,,,,大分市,オオイタシ,Oita-shi,,,,敷戸東町,シキドヒガシマチ,Shikido Higashimachi,,,,,,,,1,1,0,0,0,0,1,1,1947-04-17,,0,8701104,,,,,,,,,,,,,,,
442011,0205000,1,大分県,オオイタケン,Oita,,,,大分市,オオイタシ,Oita-shi,,,,敷戸南町,シキドミナミマチ,Shikido Minamimachi,,,,,,,,1,1,0,0,0,0,1,1,1947-04-17,,0,8701105,,,,,,,,,,,,,,,
442011,0206001,2,大分県,オオイタケン,Oita,,,,大分市,オオイタシ,Oita-shi,,,,志村,シムラ,Shimura,１丁目,１チョウメ,1,,,,,1,1,0,0,0,0,1,1,1947-04-17,,0,,,,,,,,,,,,,,,,
442011,0206002,2,大分県,オオイタケン,Oita,,,,大分市,オオイタシ,Oita-shi,,,,志村,シムラ,Shimura,２丁目,２チョウメ,2,,,,,1,1,0,0,0,0,1,1,1947-04-17,,0,,,,,,,,,,,,,,,,
442011,0207001,2,大分県,オオイタケン,Oita,,,,大分市,オオイタシ,Oita-shi,,,,下郡北,シモゴウリキタ,Shimogori Kita,１丁目,１チョウメ,1,,,,,1,1,0,0,0,0,1,1,1947-04-17,,0,,,,,,,,,,,,,,,,
442011,0207002,2,大分県,オオイタケン,Oita,,,,大分市,オオイタシ,Oita-shi,,,,下郡北,シモゴウリキタ,Shimogori Kita,２丁目,２チョウメ,2,,,,,1,1,0,0,0,0,1,1,1947-04-17,,0,,,,,,,,,,,,,,,,
442011,0207003,2,大分県,オオイタケン,Oita,,,,大分市,オオイタシ,Oita-shi,,,,下郡北,シモゴウリキタ,Shimogori Kita,３丁目,３チョウメ,3,,,,,1,1,0,0,0,0,1,1,1947-04-17,,0,,,,,,,,,,,,,,,,
442011,0208001,2,大分県,オオイタケン,Oita,,,,大分市,オオイタシ,Oita-shi,,,,下郡中央,シモゴウリチュウオウ,Shimogori Chuo,１丁目,１チョウメ,1,,,,,1,1,0,0,0,0,1,1,1947-04-17,,0,,,,,,,,,,,,,,,,
442011,0208002,2,大分県,オオイタケン,Oita,,,,大分市,オオイタシ,Oita-shi,,,,下郡中央,シモゴウリチュウオウ,Shimogori Chuo,２丁目,２チョウメ,2,,,,,1,1,0,0,0,0,1,1,1947-04-17,,0,,,,,,,,,,,,,,,,
442011,0208003,2,大分県,オオイタケン,Oita,,,,大分市,オオイタシ,Oita-shi,,,,下郡中央,シモゴウリチュウオウ,Shimogori Chuo,３丁目,３チョウメ,3,,,,,1,1,0,0,0,0,1,1,1947-04-17,,0,,,,,,,,,,,,,,,,
442011,0209001,2,大分県,オオイタケン,Oita,,,,大分市,オオイタシ,Oita-shi,,,,下郡東,シモゴウリヒガシ,Shimogori Higashi,１丁目,１チョウメ,1,,,,,1,1,0,0,0,0,1,1,1947-04-17,,0,,,,,,,,,,,,,,,,
442011,0209002,2,大分県,オオイタケン,Oita,,,,大分市,オオイタシ,Oita-shi,,,,下郡東,シモゴウリヒガシ,Shimogori Higashi,２丁目,２チョウメ,2,,,,,1,1,0,0,0,0,1,1,1947-04-17,,0,,,,,,,,,,,,,,,,
442011,0210001,2,大分県,オオイタケン,Oita,,,,大分市,オオイタシ,Oita-shi,,,,下郡南,シモゴウリミナミ,Shimogori Minami,１丁目,１チョウメ,1,,,,,1,1,0,0,0,0,1,1,1947-04-17,,0,,,,,,,,,,,,,,,,
442011,0210002,2,大分県,オオイタケン,Oita,,,,大分市,オオイタシ,Oita-shi,,,,下郡南,シモゴウリミナミ,Shimogori Minami,２丁目,２チョウメ,2,,,,,1,1,0,0,0,0,1,1,1947-04-17,,0,,,,,,,,,,,,,,,,
442011,0210003,2,大分県,オオイタケン,Oita,,,,大分市,オオイタシ,Oita-shi,,,,下郡南,シモゴウリミナミ,Shimogori Minami,３丁目,３チョウメ,3,,,,,1,1,0,0,0,0,1,1,1947-04-17,,0,,,,,,,,,,,,,,,,
442011,0210004,2,大分県,オオイタケン,Oita,,,,大分市,オオイタシ,Oita-shi,,,,下郡南,シモゴウリミナミ,Shimogori Minami,４丁目,４チョウメ,4,,,,,1,1,0,0,0,0,1,1,1947-04-17,,0,,,,,,,,,,,,,,,,
442011,0210005,2,大分県,オオイタケン,Oita,,,,大分市,オオイタシ,Oita-shi,,,,下郡南,シモゴウリミナミ,Shimogori Minami,５丁目,５チョウメ,5,,,,,1,1,0,0,0,0,1,1,1947-04-17,,0,,,,,,,,,,,,,,,,
442011,0211000,1,大分県,オオイタケン,Oita,,,,大分市,オオイタシ,Oita-shi,,,,庄境,ショウザカイ,Shozakai,,,,,,,,1,1,0,0,0,0,1,1,1947-04-17,,0,8700241,,,,,,,,,,,,,,,
442011,0212000,1,大分県,オオイタケン,Oita,,,,大分市,オオイタシ,Oita-shi,,,,城東町,ジョウトウマチ,,,,,,,,,1,1,0,0,0,0,1,1,1947-04-17,,0,,,,,,,,,,,,,,,,
442011,0213001,2,大分県,オオイタケン,Oita,,,,大分市,オオイタシ,Oita-shi,,,,城崎町,シロサキマチ,Shirosakimachi,１丁目,１チョウメ,1,,,,,1,1,0,0,0,0,1,1,1947-04-17,,0,,,,,,,,,,,,,,,,
442011,0213002,2,大分県,オオイタケン,Oita,,,,大分市,オオイタシ,Oita-shi,,,,城崎町,シロサキマチ,Shirosakimachi,２丁目,２チョウメ,2,,,,,1,1,0,0,0,0,1,1,1947-04-17,,0,,,,,,,,,,,,,,,,
442011,0213003,2,大分県,オオイタケン,Oita,,,,大分市,オオイタシ,Oita-shi,,,,城崎町,シロサキマチ,Shirosakimachi,３丁目,３チョウメ,3,,,,,1,1,0,0,0,0,1,1,1947-04-17,,0,,,,,,,,,,,,,,,,
442011,0214000,1,大分県,オオイタケン,Oita,,,,大分市,オオイタシ,Oita-shi,,,,新貝,シンガイ,Shingai,,,,,,,,1,1,0,0,0,0,1,1,1947-04-17,,0,8700911,,,,,,,,,,,,,,,
442011,0215001,2,大分県,オオイタケン,Oita,,,,大分市,オオイタシ,Oita-shi,,,,新春日町,シンカスガマチ,Shinkasugamachi,１丁目,１チョウメ,1,,,,,1,1,0,0,0,0,1,1,1947-04-17,,0,,,,,,,,,,,,,,,,
442011,0215002,2,大分県,オオイタケン,Oita,,,,大分市,オオイタシ,Oita-shi,,,,新春日町,シンカスガマチ,Shinkasugamachi,２丁目,２チョウメ,2,,,,,1,1,0,0,0,0,1,1,1947-04-17,,0,,,,,,,,,,,,,,,,
442011,0216001,2,大分県,オオイタケン,Oita,,,,大分市,オオイタシ,Oita-shi,,,,新川町,シンカワマチ,Shinkawamachi,１丁目,１チョウメ,1,,,,,1,1,0,0,0,0,1,1,1947-04-17,,0,,,,,,,,,,,,,,,,
442011,0216002,2,大分県,オオイタケン,Oita,,,,大分市,オオイタシ,Oita-shi,,,,新川町,シンカワマチ,Shinkawamachi,２丁目,２チョウメ,2,,,,,1,1,0,0,0,0,1,1,1947-04-17,,0,,,,,,,,,,,,,,,,
442011,0217000,1,大分県,オオイタケン,Oita,,,,大分市,オオイタシ,Oita-shi,,,,新栄町,シンサカエマチ,Shinsakaemachi,,,,,,,,1,1,0,0,0,0,1,1,1947-04-17,,0,8700919,,,,,,,,,,,,,,,
442011,0219001,2,大分県,オオイタケン,Oita,,,,大分市,オオイタシ,Oita-shi,,,,末広町,スエヒロマチ,Suehiromachi,１丁目,１チョウメ,1,,,,,1,1,0,0,0,0,1,1,1947-04-17,,0,,,,,,,,,,,,,,,,
442011,0219002,2,大分県,オオイタケン,Oita,,,,大分市,オオイタシ,Oita-shi,,,,末広町,スエヒロマチ,Suehiromachi,２丁目,２チョウメ,2,,,,,1,1,0,0,0,0,1,1,1947-04-17,,0,,,,,,,,,,,,,,,,
442011,0220001,2,大分県,オオイタケン,Oita,,,,大分市,オオイタシ,Oita-shi,,,,須賀,スガ,Suga,１丁目,１チョウメ,1,,,,,1,1,0,0,0,0,1,1,1947-04-17,,0,,,,,,,,,,,,,,,,
442011,0220002,2,大分県,オオイタケン,Oita,,,,大分市,オオイタシ,Oita-shi,,,,須賀,スガ,Suga,２丁目,２チョウメ,2,,,,,1,1,0,0,0,0,1,1,1947-04-17,,0,,,,,,,,,,,,,,,,
442011,0221001,2,大分県,オオイタケン,Oita,,,,大分市,オオイタシ,Oita-shi,,,,住吉町,スミヨシマチ,Sumiyoshimachi,１丁目,１チョウメ,1,,,,,1,1,0,0,0,0,1,1,1947-04-17,,0,,,,,,,,,,,,,,,,
442011,0221002,2,大分県,オオイタケン,Oita,,,,大分市,オオイタシ,Oita-shi,,,,住吉町,スミヨシマチ,Sumiyoshimachi,２丁目,２チョウメ,2,,,,,1,1,0,0,0,0,1,1,1947-04-17,,0,,,,,,,,,,,,,,,,
442011,0222001,2,大分県,オオイタケン,Oita,,,,大分市,オオイタシ,Oita-shi,,,,勢家町,セイケマチ,Seikemachi,１丁目,１チョウメ,1,,,,,1,1,0,0,0,0,1,1,1947-04-17,,0,,,,,,,,,,,,,,,,
442011,0222002,2,大分県,オオイタケン,Oita,,,,大分市,オオイタシ,Oita-shi,,,,勢家町,セイケマチ,Seikemachi,２丁目,２チョウメ,2,,,,,1,1,0,0,0,0,1,1,1947-04-17,,0,,,,,,,,,,,,,,,,
442011,0222003,2,大分県,オオイタケン,Oita,,,,大分市,オオイタシ,Oita-shi,,,,勢家町,セイケマチ,Seikemachi,３丁目,３チョウメ,3,,,,,1,1,0,0,0,0,1,1,1947-04-17,,0,,,,,,,,,,,,,,,,
442011,0222004,2,大分県,オオイタケン,Oita,,,,大分市,オオイタシ,Oita-shi,,,,勢家町,セイケマチ,Seikemachi,４丁目,４チョウメ,4,,,,,1,1,0,0,0,0,1,1,1947-04-17,,0,,,,,,,,,,,,,,,,
442011,0223001,2,大分県,オオイタケン,Oita,,,,大分市,オオイタシ,Oita-shi,,,,星和台,セイワダイ,Seiwadai,１丁目,１チョウメ,1,,,,,1,1,0,0,0,0,1,1,1947-04-17,,0,,,,,,,,,,,,,,,,
442011,0223002,2,大分県,オオイタケン,Oita,,,,大分市,オオイタシ,Oita-shi,,,,星和台,セイワダイ,Seiwadai,２丁目,２チョウメ,2,,,,,1,1,0,0,0,0,1,1,1947-04-17,,0,,,,,,,,,,,,,,,,
442011,0224001,2,大分県,オオイタケン,Oita,,,,大分市,オオイタシ,Oita-shi,,,,碩田町,セキデンマチ,Sekidemmachi,１丁目,１チョウメ,1,,,,,1,1,0,0,0,0,1,1,1947-04-17,,0,,,,,,,,,,,,,,,,
442011,0224002,2,大分県,オオイタケン,Oita,,,,大分市,オオイタシ,Oita-shi,,,,碩田町,セキデンマチ,Sekidemmachi,２丁目,２チョウメ,2,,,,,1,1,0,0,0,0,1,1,1947-04-17,,0,,,,,,,,,,,,,,,,
442011,0224003,2,大分県,オオイタケン,Oita,,,,大分市,オオイタシ,Oita-shi,,,,碩田町,セキデンマチ,Sekidemmachi,３丁目,３チョウメ,3,,,,,1,1,0,0,0,0,1,1,1947-04-17,,0,,,,,,,,,,,,,,,,
442011,0225001,2,大分県,オオイタケン,Oita,,,,大分市,オオイタシ,Oita-shi,,,,高江北,タカエキタ,Takae Kita,１丁目,１チョウメ,1,,,,,0,0,0,0,0,0,1,1,1947-04-17,,0,,,,,,,,,,,,,,,,
442011,0225002,2,大分県,オオイタケン,Oita,,,,大分市,オオイタシ,Oita-shi,,,,高江北,タカエキタ,Takae Kita,２丁目,２チョウメ,2,,,,,0,0,0,0,0,0,1,1,1947-04-17,,0,,,,,,,,,,,,,,,,
442011,0226001,2,大分県,オオイタケン,Oita,,,,大分市,オオイタシ,Oita-shi,,,,高江中央,タカエチュウオウ,Takae Chuo,１丁目,１チョウメ,1,,,,,0,0,0,0,0,0,1,1,1947-04-17,,0,,,,,,,,,,,,,,,,
442011,0226002,2,大分県,オオイタケン,Oita,,,,大分市,オオイタシ,Oita-shi,,,,高江中央,タカエチュウオウ,Takae Chuo,２丁目,２チョウメ,2,,,,,0,0,0,0,0,0,1,1,1947-04-17,,0,,,,,,,,,,,,,,,,
442011,0226003,2,大分県,オオイタケン,Oita,,,,大分市,オオイタシ,Oita-shi,,,,高江中央,タカエチュウオウ,Takae Chuo,３丁目,３チョウメ,3,,,,,0,0,0,0,0,0,1,1,1947-04-17,,0,,,,,,,,,,,,,,,,
442011,0227001,2,大分県,オオイタケン,Oita,,,,大分市,オオイタシ,Oita-shi,,,,高江西,タカエニシ,Takae Nishi,１丁目,１チョウメ,1,,,,,0,0,0,0,0,0,1,1,1947-04-17,,0,,,,,,,,,,,,,,,,
442011,0227002,2,大分県,オオイタケン,Oita,,,,大分市,オオイタシ,Oita-shi,,,,高江西,タカエニシ,Takae Nishi,２丁目,２チョウメ,2,,,,,0,0,0,0,0,0,1,1,1947-04-17,,0,,,,,,,,,,,,,,,,
442011,0228001,2,大分県,オオイタケン,Oita,,,,大分市,オオイタシ,Oita-shi,,,,高江南,タカエミナミ,Takae Minami,１丁目,１チョウメ,1,,,,,0,0,0,0,0,0,1,1,1947-04-17,,0,,,,,,,,,,,,,,,,
442011,0228002,2,大分県,オオイタケン,Oita,,,,大分市,オオイタシ,Oita-shi,,,,高江南,タカエミナミ,Takae Minami,２丁目,２チョウメ,2,,,,,0,0,0,0,0,0,1,1,1947-04-17,,0,,,,,,,,,,,,,,,,
442011,0228003,2,大分県,オオイタケン,Oita,,,,大分市,オオイタシ,Oita-shi,,,,高江南,タカエミナミ,Takae Minami,３丁目,３チョウメ,3,,,,,0,0,0,0,0,0,1,1,1947-04-17,,0,,,,,,,,,,,,,,,,
442011,0229001,2,大分県,オオイタケン,Oita,,,,大分市,オオイタシ,Oita-shi,,,,高尾台,タカオダイ,Takaodai,１丁目,１チョウメ,1,,,,,1,1,0,0,0,0,1,1,1947-04-17,,0,,,,,,,,,,,,,,,,
442011,0229002,2,大分県,オオイタケン,Oita,,,,大分市,オオイタシ,Oita-shi,,,,高尾台,タカオダイ,Takaodai,２丁目,２チョウメ,2,,,,,1,1,0,0,0,0,1,1,1947-04-17,,0,,,,,,,,,,,,,,,,
442011,0230001,2,大分県,オオイタケン,Oita,,,,大分市,オオイタシ,Oita-shi,,,,高崎,タカサキ,Takasaki,１丁目,１チョウメ,1,,,,,1,1,0,0,0,0,1,1,1947-04-17,,0,,,,,,,,,,,,,,,,
442011,0230002,2,大分県,オオイタケン,Oita,,,,大分市,オオイタシ,Oita-shi,,,,高崎,タカサキ,Takasaki,２丁目,２チョウメ,2,,,,,1,1,0,0,0,0,1,1,1947-04-17,,0,,,,,,,,,,,,,,,,
442011,0230003,2,大分県,オオイタケン,Oita,,,,大分市,オオイタシ,Oita-shi,,,,高崎,タカサキ,Takasaki,３丁目,３チョウメ,3,,,,,1,1,0,0,0,0,1,1,1947-04-17,,0,,,,,,,,,,,,,,,,
442011,0230004,2,大分県,オオイタケン,Oita,,,,大分市,オオイタシ,Oita-shi,,,,高崎,タカサキ,Takasaki,４丁目,４チョウメ,4,,,,,1,1,0,0,0,0,1,1,1947-04-17,,0,,,,,,,,,,,,,,,,
442011,0231000,1,大分県,オオイタケン,Oita,,,,大分市,オオイタシ,Oita-shi,,,,高砂町,タカサゴマチ,Takasagomachi,,,,,,,,1,1,0,0,0,0,1,1,1947-04-17,,0,8700029,,,,,,,,,,,,,,,
442011,0232000,1,大分県,オオイタケン,Oita,,,,大分市,オオイタシ,Oita-shi,,,,高城新町,タカジョウシンマチ,Takajo Shimmachi,,,,,,,,1,1,0,0,0,0,1,1,1947-04-17,,0,8700156,,,,,,,,,,,,,,,
442011,0233000,1,大分県,オオイタケン,Oita,,,,大分市,オオイタシ,Oita-shi,,,,高城西町,タカジョウニシマチ,,,,,,,,,1,1,0,0,0,0,1,1,1947-04-17,,0,,,,,,,,,,,,,,,,
442011,0234000,1,大分県,オオイタケン,Oita,,,,大分市,オオイタシ,Oita-shi,,,,高城本町,タカジョウホンマチ,Takajo Hommachi,,,,,,,,1,1,0,0,0,0,1,1,1947-04-17,,0,8700157,,,,,,,,,,,,,,,
442011,0235000,1,大分県,オオイタケン,Oita,,,,大分市,オオイタシ,Oita-shi,,,,高城南町,タカジョウミナミマチ,Takajo Minamimachi,,,,,,,,1,1,0,0,0,0,1,1,1947-04-17,,0,8700155,,,,,,,,,,,,,,,
442011,0236001,2,大分県,オオイタケン,Oita,,,,大分市,オオイタシ,Oita-shi,,,,高松,タカマツ,Takamatsu,１丁目,１チョウメ,1,,,,,1,1,0,0,0,0,1,1,1947-04-17,,0,,,,,,,,,,,,,,,,
442011,0236002,2,大分県,オオイタケン,Oita,,,,大分市,オオイタシ,Oita-shi,,,,高松,タカマツ,Takamatsu,２丁目,２チョウメ,2,,,,,1,1,0,0,0,0,1,1,1947-04-17,,0,,,,,,,,,,,,,,,,
442011,0237001,2,大分県,オオイタケン,Oita,,,,大分市,オオイタシ,Oita-shi,,,,高松東,タカマツヒガシ,Takamatsuhigashi,１丁目,１チョウメ,1,,,,,1,1,0,0,0,0,1,1,1947-04-17,,0,,,,,,,,,,,,,,,,
442011,0237002,2,大分県,オオイタケン,Oita,,,,大分市,オオイタシ,Oita-shi,,,,高松東,タカマツヒガシ,Takamatsuhigashi,２丁目,２チョウメ,2,,,,,1,1,0,0,0,0,1,1,1947-04-17,,0,,,,,,,,,,,,,,,,
442011,0237003,2,大分県,オオイタケン,Oita,,,,大分市,オオイタシ,Oita-shi,,,,高松東,タカマツヒガシ,Takamatsuhigashi,３丁目,３チョウメ,3,,,,,1,1,0,0,0,0,1,1,1947-04-17,,0,,,,,,,,,,,,,,,,
442011,0238001,2,大分県,オオイタケン,Oita,,,,大分市,オオイタシ,Oita-shi,,,,竹下,タケシタ,Takeshita,１丁目,１チョウメ,1,,,,,1,1,0,0,0,0,1,1,1947-04-17,,0,,,,,,,,,,,,,,,,
442011,0238002,2,大分県,オオイタケン,Oita,,,,大分市,オオイタシ,Oita-shi,,,,竹下,タケシタ,Takeshita,２丁目,２チョウメ,2,,,,,1,1,0,0,0,0,1,1,1947-04-17,,0,,,,,,,,,,,,,,,,
442011,0240000,1,大分県,オオイタケン,Oita,,,,大分市,オオイタシ,Oita-shi,,,,田室町,タムロマチ,Tamuromachi,,,,,,,,1,1,0,0,0,0,1,1,1947-04-17,,0,8700816,,,,,,,,,,,,,,,
442011,0241001,2,大分県,オオイタケン,Oita,,,,大分市,オオイタシ,Oita-shi,,,,中央町,チュウオウマチ,Chuomachi,１丁目,１チョウメ,1,,,,,1,1,0,0,0,0,1,1,1947-04-17,,0,,,,,,,,,,,,,,,,
442011,0241002,2,大分県,オオイタケン,Oita,,,,大分市,オオイタシ,Oita-shi,,,,中央町,チュウオウマチ,Chuomachi,２丁目,２チョウメ,2,,,,,1,1,0,0,0,0,1,1,1947-04-17,,0,,,,,,,,,,,,,,,,
442011,0241003,2,大分県,オオイタケン,Oita,,,,大分市,オオイタシ,Oita-shi,,,,中央町,チュウオウマチ,Chuomachi,３丁目,３チョウメ,3,,,,,1,1,0,0,0,0,1,1,1947-04-17,,0,,,,,,,,,,,,,,,,
442011,0241004,2,大分県,オオイタケン,Oita,,,,大分市,オオイタシ,Oita-shi,,,,中央町,チュウオウマチ,Chuomachi,４丁目,４チョウメ,4,,,,,1,1,0,0,0,0,1,1,1947-04-17,,0,,,,,,,,,,,,,,,,
442011,0242001,2,大分県,オオイタケン,Oita,,,,大分市,オオイタシ,Oita-shi,,,,千代町,チヨマチ,Chiyomachi,１丁目,１チョウメ,1,,,,,1,1,0,0,0,0,1,1,1947-04-17,,0,,,,,,,,,,,,,,,,
442011,0242002,2,大分県,オオイタケン,Oita,,,,大分市,オオイタシ,Oita-shi,,,,千代町,チヨマチ,Chiyomachi,２丁目,２チョウメ,2,,,,,1,1,0,0,0,0,1,1,1947-04-17,,0,,,,,,,,,,,,,,,,
442011,0242003,2,大分県,オオイタケン,Oita,,,,大分市,オオイタシ,Oita-shi,,,,千代町,チヨマチ,Chiyomachi,３丁目,３チョウメ,3,,,,,1,1,0,0,0,0,1,1,1947-04-17,,0,,,,,,,,,,,,,,,,
442011,0242004,2,大分県,オオイタケン,Oita,,,,大分市,オオイタシ,Oita-shi,,,,千代町,チヨマチ,Chiyomachi,４丁目,４チョウメ,4,,,,,1,1,0,0,0,0,1,1,1947-04-17,,0,,,,,,,,,,,,,,,,
442011,0243001,2,大分県,オオイタケン,Oita,,,,大分市,オオイタシ,Oita-shi,,,,角子原,ツノゴハル,Tsunokobaru,１丁目,１チョウメ,1,,,,,1,1,0,0,0,0,1,1,1947-04-17,,0,,,,,,,,,,,,,,,,
442011,0243002,2,大分県,オオイタケン,Oita,,,,大分市,オオイタシ,Oita-shi,,,,角子原,ツノゴハル,Tsunokobaru,２丁目,２チョウメ,2,,,,,1,1,0,0,0,0,1,1,1947-04-17,,0,,,,,,,,,,,,,,,,
442011,0244001,2,大分県,オオイタケン,Oita,,,,大分市,オオイタシ,Oita-shi,,,,角子南,ツノゴミナミ,Tsunogominami,１丁目,１チョウメ,1,,,,,1,1,0,0,0,0,1,1,1947-04-17,,0,,,,,,,,,,,,,,,,
442011,0244002,2,大分県,オオイタケン,Oita,,,,大分市,オオイタシ,Oita-shi,,,,角子南,ツノゴミナミ,Tsunogominami,２丁目,２チョウメ,2,,,,,1,1,0,0,0,0,1,1,1947-04-17,,0,,,,,,,,,,,,,,,,
442011,0245001,2,大分県,オオイタケン,Oita,,,,大分市,オオイタシ,Oita-shi,,,,寺崎町,テラサキマチ,Terasakimachi,１丁目,１チョウメ,1,,,,,1,1,0,0,0,0,1,1,1947-04-17,,0,,,,,,,,,,,,,,,,
442011,0245002,2,大分県,オオイタケン,Oita,,,,大分市,オオイタシ,Oita-shi,,,,寺崎町,テラサキマチ,Terasakimachi,２丁目,２チョウメ,2,,,,,1,1,0,0,0,0,1,1,1947-04-17,,0,,,,,,,,,,,,,,,,
442011,0246001,2,大分県,オオイタケン,Oita,,,,大分市,オオイタシ,Oita-shi,,,,東野台,トウノダイ,Tonodai,１丁目,１チョウメ,1,,,,,0,0,0,0,0,0,1,1,1947-04-17,,0,,,,,,,,,,,,,,,,
442011,0246002,2,大分県,オオイタケン,Oita,,,,大分市,オオイタシ,Oita-shi,,,,東野台,トウノダイ,Tonodai,２丁目,２チョウメ,2,,,,,0,0,0,0,0,0,1,1,1947-04-17,,0,,,,,,,,,,,,,,,,
442011,0246003,2,大分県,オオイタケン,Oita,,,,大分市,オオイタシ,Oita-shi,,,,東野台,トウノダイ,Tonodai,３丁目,３チョウメ,3,,,,,0,0,0,0,0,0,1,1,1947-04-17,,0,,,,,,,,,,,,,,,,
442011,0247001,2,大分県,オオイタケン,Oita,,,,大分市,オオイタシ,Oita-shi,,,,徳島,トクシマ,Tokushima,１丁目,１チョウメ,1,,,,,1,1,0,0,0,0,1,1,1947-04-17,,0,,,,,,,,,,,,,,,,
442011,0247002,2,大分県,オオイタケン,Oita,,,,大分市,オオイタシ,Oita-shi,,,,徳島,トクシマ,Tokushima,２丁目,２チョウメ,2,,,,,1,1,0,0,0,0,1,1,1947-04-17,,0,,,,,,,,,,,,,,,,
442011,0247003,2,大分県,オオイタケン,Oita,,,,大分市,オオイタシ,Oita-shi,,,,徳島,トクシマ,Tokushima,３丁目,３チョウメ,3,,,,,1,1,0,0,0,0,1,1,1947-04-17,,0,,,,,,,,,,,,,,,,
442011,0248001,2,大分県,オオイタケン,Oita,,,,大分市,オオイタシ,Oita-shi,,,,豊海,トヨミ,Toyomi,１丁目,１チョウメ,1,,,,,1,1,0,0,0,0,1,1,1947-04-17,,0,,,,,,,,,,,,,,,,
442011,0248002,2,大分県,オオイタケン,Oita,,,,大分市,オオイタシ,Oita-shi,,,,豊海,トヨミ,Toyomi,２丁目,２チョウメ,2,,,,,1,1,0,0,0,0,1,1,1947-04-17,,0,,,,,,,,,,,,,,,,
442011,0248003,2,大分県,オオイタケン,Oita,,,,大分市,オオイタシ,Oita-shi,,,,豊海,トヨミ,Toyomi,３丁目,３チョウメ,3,,,,,1,1,0,0,0,0,1,1,1947-04-17,,0,,,,,,,,,,,,,,,,
442011,0248004,2,大分県,オオイタケン,Oita,,,,大分市,オオイタシ,Oita-shi,,,,豊海,トヨミ,Toyomi,４丁目,４チョウメ,4,,,,,1,1,0,0,0,0,1,1,1947-04-17,,0,,,,,,,,,,,,,,,,
442011,0248005,2,大分県,オオイタケン,Oita,,,,大分市,オオイタシ,Oita-shi,,,,豊海,トヨミ,Toyomi,５丁目,５チョウメ,5,,,,,1,1,0,0,0,0,1,1,1947-04-17,,0,,,,,,,,,,,,,,,,
442011,0249000,1,大分県,オオイタケン,Oita,,,,大分市,オオイタシ,Oita-shi,,,,中春日町,ナカカスガマチ,Nakakasugamachi,,,,,,,,1,1,0,0,0,0,1,1,1947-04-17,,0,8700039,,,,,,,,,,,,,,,
442011,0250001,2,大分県,オオイタケン,Oita,,,,大分市,オオイタシ,Oita-shi,,,,中島中央,ナカシマチュウオウ,Nakashima Chuo,１丁目,１チョウメ,1,,,,,1,1,0,0,0,0,1,1,1947-04-17,,0,,,,,,,,,,,,,,,,
442011,0250002,2,大分県,オオイタケン,Oita,,,,大分市,オオイタシ,Oita-shi,,,,中島中央,ナカシマチュウオウ,Nakashima Chuo,２丁目,２チョウメ,2,,,,,1,1,0,0,0,0,1,1,1947-04-17,,0,,,,,,,,,,,,,,,,
442011,0250003,2,大分県,オオイタケン,Oita,,,,大分市,オオイタシ,Oita-shi,,,,中島中央,ナカシマチュウオウ,Nakashima Chuo,３丁目,３チョウメ,3,,,,,1,1,0,0,0,0,1,1,1947-04-17,,0,,,,,,,,,,,,,,,,
442011,0251001,2,大分県,オオイタケン,Oita,,,,大分市,オオイタシ,Oita-shi,,,,中島西,ナカシマニシ,Nakashima Nishi,１丁目,１チョウメ,1,,,,,1,1,0,0,0,0,1,1,1947-04-17,,0,,,,,,,,,,,,,,,,
442011,0251002,2,大分県,オオイタケン,Oita,,,,大分市,オオイタシ,Oita-shi,,,,中島西,ナカシマニシ,Nakashima Nishi,２丁目,２チョウメ,2,,,,,1,1,0,0,0,0,1,1,1947-04-17,,0,,,,,,,,,,,,,,,,
442011,0251003,2,大分県,オオイタケン,Oita,,,,大分市,オオイタシ,Oita-shi,,,,中島西,ナカシマニシ,Nakashima Nishi,３丁目,３チョウメ,3,,,,,1,1,0,0,0,0,1,1,1947-04-17,,0,,,,,,,,,,,,,,,,
442011,0252001,2,大分県,オオイタケン,Oita,,,,大分市,オオイタシ,Oita-shi,,,,中島東,ナカシマヒガシ,Nakashima Higashi,１丁目,１チョウメ,1,,,,,1,1,0,0,0,0,1,1,1947-04-17,,0,,,,,,,,,,,,,,,,
442011,0252002,2,大分県,オオイタケン,Oita,,,,大分市,オオイタシ,Oita-shi,,,,中島東,ナカシマヒガシ,Nakashima Higashi,２丁目,２チョウメ,2,,,,,1,1,0,0,0,0,1,1,1947-04-17,,0,,,,,,,,,,,,,,,,
442011,0252003,2,大分県,オオイタケン,Oita,,,,大分市,オオイタシ,Oita-shi,,,,中島東,ナカシマヒガシ,Nakashima Higashi,３丁目,３チョウメ,3,,,,,1,1,0,0,0,0,1,1,1947-04-17,,0,,,,,,,,,,,,,,,,
442011,0253001,2,大分県,オオイタケン,Oita,,,,大分市,オオイタシ,Oita-shi,,,,中津留,ナカヅル,Nakazuru,１丁目,１チョウメ,1,,,,,1,1,0,0,0,0,1,1,1947-04-17,,0,,,,,,,,,,,,,,,,
442011,0253002,2,大分県,オオイタケン,Oita,,,,大分市,オオイタシ,Oita-shi,,,,中津留,ナカヅル,Nakazuru,２丁目,２チョウメ,2,,,,,1,1,0,0,0,0,1,1,1947-04-17,,0,,,,,,,,,,,,,,,,
442011,0254001,2,大分県,オオイタケン,Oita,,,,大分市,オオイタシ,Oita-shi,,,,中鶴崎,ナカツルサキ,Nakatsurusaki,１丁目,１チョウメ,1,,,,,1,1,0,0,0,0,1,1,1947-04-17,,0,,,,,,,,,,,,,,,,
442011,0254002,2,大分県,オオイタケン,Oita,,,,大分市,オオイタシ,Oita-shi,,,,中鶴崎,ナカツルサキ,Nakatsurusaki,２丁目,２チョウメ,2,,,,,1,1,0,0,0,0,1,1,1947-04-17,,0,,,,,,,,,,,,,,,,
442011,0255001,2,大分県,オオイタケン,Oita,,,,大分市,オオイタシ,Oita-shi,,,,仲西町,ナカニシマチ,Nakanishimachi,１丁目,１チョウメ,1,,,,,1,1,0,0,0,0,1,1,1947-04-17,,0,,,,,,,,,,,,,,,,
442011,0255002,2,大分県,オオイタケン,Oita,,,,大分市,オオイタシ,Oita-shi,,,,仲西町,ナカニシマチ,Nakanishimachi,２丁目,２チョウメ,2,,,,,1,1,0,0,0,0,1,1,1947-04-17,,0,,,,,,,,,,,,,,,,
442011,0256001,2,大分県,オオイタケン,Oita,,,,大分市,オオイタシ,Oita-shi,,,,長浜町,ナガハママチ,Nagahamamachi,１丁目,１チョウメ,1,,,,,1,1,0,0,0,0,1,1,1947-04-17,,0,,,,,,,,,,,,,,,,
442011,0256002,2,大分県,オオイタケン,Oita,,,,大分市,オオイタシ,Oita-shi,,,,長浜町,ナガハママチ,Nagahamamachi,２丁目,２チョウメ,2,,,,,1,1,0,0,0,0,1,1,1947-04-17,,0,,,,,,,,,,,,,,,,
442011,0256003,2,大分県,オオイタケン,Oita,,,,大分市,オオイタシ,Oita-shi,,,,長浜町,ナガハママチ,Nagahamamachi,３丁目,３チョウメ,3,,,,,1,1,0,0,0,0,1,1,1947-04-17,,0,,,,,,,,,,,,,,,,
442011,0257000,1,大分県,オオイタケン,Oita,,,,大分市,オオイタシ,Oita-shi,,,,荷揚町,ニアゲマチ,Niagemachi,,,,,,,,1,1,0,0,0,0,1,1,1947-04-17,,0,8700046,,,,,,,,,,,,,,,
442011,0258001,2,大分県,オオイタケン,Oita,,,,大分市,オオイタシ,Oita-shi,,,,西大道,ニシオオミチ,Nishiomichi,１丁目,１チョウメ,1,,,,,1,1,0,0,0,0,1,1,1947-04-17,,0,,,,,,,,,,,,,,,,
442011,0258002,2,大分県,オオイタケン,Oita,,,,大分市,オオイタシ,Oita-shi,,,,西大道,ニシオオミチ,Nishiomichi,２丁目,２チョウメ,2,,,,,1,1,0,0,0,0,1,1,1947-04-17,,0,,,,,,,,,,,,,,,,
442011,0258003,2,大分県,オオイタケン,Oita,,,,大分市,オオイタシ,Oita-shi,,,,西大道,ニシオオミチ,Nishiomichi,３丁目,３チョウメ,3,,,,,1,1,0,0,0,0,1,1,1947-04-17,,0,,,,,,,,,,,,,,,,
442011,0258004,2,大分県,オオイタケン,Oita,,,,大分市,オオイタシ,Oita-shi,,,,西大道,ニシオオミチ,Nishiomichi,４丁目,４チョウメ,4,,,,,1,1,0,0,0,0,1,1,1947-04-17,,0,,,,,,,,,,,,,,,,
442011,0259001,2,大分県,オオイタケン,Oita,,,,大分市,オオイタシ,Oita-shi,,,,にじが丘,ニジガオカ,Nijigaoka,１丁目,１チョウメ,1,,,,,0,0,0,0,0,0,1,1,1947-04-17,,0,,,,,,,,,,,,,,,,
442011,0259002,2,大分県,オオイタケン,Oita,,,,大分市,オオイタシ,Oita-shi,,,,にじが丘,ニジガオカ,Nijigaoka,２丁目,２チョウメ,2,,,,,0,0,0,0,0,0,1,1,1947-04-17,,0,,,,,,,,,,,,,,,,
442011,0259003,2,大分県,オオイタケン,Oita,,,,大分市,オオイタシ,Oita-shi,,,,にじが丘,ニジガオカ,Nijigaoka,３丁目,３チョウメ,3,,,,,0,0,0,0,0,0,1,1,1947-04-17,,0,,,,,,,,,,,,,,,,
442011,0260000,1,大分県,オオイタケン,Oita,,,,大分市,オオイタシ,Oita-shi,,,,西春日町,ニシカスガマチ,Nishikasugamachi,,,,,,,,1,1,0,0,0,0,1,1,1947-04-17,,0,8700038,,,,,,,,,,,,,,,
442011,0261001,2,大分県,オオイタケン,Oita,,,,大分市,オオイタシ,Oita-shi,,,,錦町,ニシキマチ,Nishikimachi,１丁目,１チョウメ,1,,,,,1,1,0,0,0,0,1,1,1947-04-17,,0,,,,,,,,,,,,,,,,
442011,0261002,2,大分県,オオイタケン,Oita,,,,大分市,オオイタシ,Oita-shi,,,,錦町,ニシキマチ,Nishikimachi,２丁目,２チョウメ,2,,,,,1,1,0,0,0,0,1,1,1947-04-17,,0,,,,,,,,,,,,,,,,
442011,0261003,2,大分県,オオイタケン,Oita,,,,大分市,オオイタシ,Oita-shi,,,,錦町,ニシキマチ,Nishikimachi,３丁目,３チョウメ,3,,,,,1,1,0,0,0,0,1,1,1947-04-17,,0,,,,,,,,,,,,,,,,
442011,0262001,2,大分県,オオイタケン,Oita,,,,大分市,オオイタシ,Oita-shi,,,,西新地,ニシシンチ,Nishishinchi,１丁目,１チョウメ,1,,,,,1,1,0,0,0,0,1,1,1947-04-17,,0,,,,,,,,,,,,,,,,
442011,0262002,2,大分県,オオイタケン,Oita,,,,大分市,オオイタシ,Oita-shi,,,,西新地,ニシシンチ,Nishishinchi,２丁目,２チョウメ,2,,,,,1,1,0,0,0,0,1,1,1947-04-17,,0,,,,,,,,,,,,,,,,
442011,0263001,2,大分県,オオイタケン,Oita,,,,大分市,オオイタシ,Oita-shi,,,,西鶴崎,ニシツルサキ,Nishitsurusaki,１丁目,１チョウメ,1,,,,,1,1,0,0,0,0,1,1,1947-04-17,,0,,,,,,,,,,,,,,,,
442011,0263002,2,大分県,オオイタケン,Oita,,,,大分市,オオイタシ,Oita-shi,,,,西鶴崎,ニシツルサキ,Nishitsurusaki,２丁目,２チョウメ,2,,,,,1,1,0,0,0,0,1,1,1947-04-17,,0,,,,,,,,,,,,,,,,
442011,0263003,2,大分県,オオイタケン,Oita,,,,大分市,オオイタシ,Oita-shi,,,,西鶴崎,ニシツルサキ,Nishitsurusaki,３丁目,３チョウメ,3,,,,,1,1,0,0,0,0,1,1,1947-04-17,,0,,,,,,,,,,,,,,,,
442011,0264000,1,大分県,オオイタケン,Oita,,,,大分市,オオイタシ,Oita-shi,,,,西浜,ニシハマ,Nishihama,,,,,,,,1,1,0,0,0,0,1,1,1947-04-17,,0,8700931,,,,,,,,,,,,,,,
442011,0265000,1,大分県,オオイタケン,Oita,,,,大分市,オオイタシ,Oita-shi,,,,望みが丘,ノゾミガオカ,Nozomigaoka,,,,,,,,0,0,0,0,0,0,1,1,1947-04-17,,0,8700270,,,,,,,,,,,,,,,
442011,0266001,2,大分県,オオイタケン,Oita,,,,大分市,オオイタシ,Oita-shi,,,,萩原,ハギワラ,Hagiwara,１丁目,１チョウメ,1,,,,,1,1,0,0,0,0,1,1,1947-04-17,,0,,,,,,,,,,,,,,,,
442011,0266002,2,大分県,オオイタケン,Oita,,,,大分市,オオイタシ,Oita-shi,,,,萩原,ハギワラ,Hagiwara,２丁目,２チョウメ,2,,,,,1,1,0,0,0,0,1,1,1947-04-17,,0,,,,,,,,,,,,,,,,
442011,0266003,2,大分県,オオイタケン,Oita,,,,大分市,オオイタシ,Oita-shi,,,,萩原,ハギワラ,Hagiwara,３丁目,３チョウメ,3,,,,,1,1,0,0,0,0,1,1,1947-04-17,,0,,,,,,,,,,,,,,,,
442011,0266004,2,大分県,オオイタケン,Oita,,,,大分市,オオイタシ,Oita-shi,,,,萩原,ハギワラ,Hagiwara,４丁目,４チョウメ,4,,,,,1,1,0,0,0,0,1,1,1947-04-17,,0,,,,,,,,,,,,,,,,
442011,0267000,1,大分県,オオイタケン,Oita,,,,大分市,オオイタシ,Oita-shi,,,,萩原緑町,ハギワラミドリマチ,,,,,,,,,1,1,0,0,0,0,1,1,1947-04-17,,0,,,,,,,,,,,,,,,,
442011,0268000,1,大分県,オオイタケン,Oita,,,,大分市,オオイタシ,Oita-shi,,,,花江川,ハナエガワ,Hanaegawa,,,,,,,,1,1,0,0,0,0,1,1,1947-04-17,,0,8700243,,,,,,,,,,,,,,,
442011,0269001,2,大分県,オオイタケン,Oita,,,,大分市,オオイタシ,Oita-shi,,,,花高松,ハナタカマツ,Hanatakamatsu,１丁目,１チョウメ,1,,,,,1,1,0,0,0,0,1,1,1947-04-17,,0,,,,,,,,,,,,,,,,
442011,0269002,2,大分県,オオイタケン,Oita,,,,大分市,オオイタシ,Oita-shi,,,,花高松,ハナタカマツ,Hanatakamatsu,２丁目,２チョウメ,2,,,,,1,1,0,0,0,0,1,1,1947-04-17,,0,,,,,,,,,,,,,,,,
442011,0269003,2,大分県,オオイタケン,Oita,,,,大分市,オオイタシ,Oita-shi,,,,花高松,ハナタカマツ,Hanatakamatsu,３丁目,３チョウメ,3,,,,,1,1,0,0,0,0,1,1,1947-04-17,,0,,,,,,,,,,,,,,,,
442011,0270001,2,大分県,オオイタケン,Oita,,,,大分市,オオイタシ,Oita-shi,,,,花津留,ハナヅル,Hanazuru,１丁目,１チョウメ,1,,,,,1,1,0,0,0,0,1,1,1947-04-17,,0,,,,,,,,,,,,,,,,
442011,0270002,2,大分県,オオイタケン,Oita,,,,大分市,オオイタシ,Oita-shi,,,,花津留,ハナヅル,Hanazuru,２丁目,２チョウメ,2,,,,,1,1,0,0,0,0,1,1,1947-04-17,,0,,,,,,,,,,,,,,,,
442011,0271000,1,大分県,オオイタケン,Oita,,,,大分市,オオイタシ,Oita-shi,,,,はなの森,ハナノモリ,Hananomori,,,,,,,,0,0,0,0,0,0,1,1,1947-04-17,,0,8700880,,,,,,,,,,,,,,,
442011,0272000,1,大分県,オオイタケン,Oita,,,,大分市,オオイタシ,Oita-shi,,,,浜中,ハマナカ,Hamanaka,,,,,,,,1,1,0,0,0,0,1,1,1947-04-17,,0,8700323,,,,,,,,,,,,,,,
442011,0273001,2,大分県,オオイタケン,Oita,,,,大分市,オオイタシ,Oita-shi,,,,浜の市,ハマノイチ,Hamanoichi,１丁目,１チョウメ,1,,,,,1,1,0,0,0,0,1,1,1947-04-17,,0,,,,,,,,,,,,,,,,
442011,0273002,2,大分県,オオイタケン,Oita,,,,大分市,オオイタシ,Oita-shi,,,,浜の市,ハマノイチ,Hamanoichi,２丁目,２チョウメ,2,,,,,1,1,0,0,0,0,1,1,1947-04-17,,0,,,,,,,,,,,,,,,,
442011,0274001,2,大分県,オオイタケン,Oita,,,,大分市,オオイタシ,Oita-shi,,,,原川,ハルカワ,Harukawa,１丁目,１チョウメ,1,,,,,1,1,0,0,0,0,1,1,1947-04-17,,0,,,,,,,,,,,,,,,,
442011,0274002,2,大分県,オオイタケン,Oita,,,,大分市,オオイタシ,Oita-shi,,,,原川,ハルカワ,Harukawa,２丁目,２チョウメ,2,,,,,1,1,0,0,0,0,1,1,1947-04-17,,0,,,,,,,,,,,,,,,,
442011,0274003,2,大分県,オオイタケン,Oita,,,,大分市,オオイタシ,Oita-shi,,,,原川,ハルカワ,Harukawa,３丁目,３チョウメ,3,,,,,1,1,0,0,0,0,1,1,1947-04-17,,0,,,,,,,,,,,,,,,,
442011,0275000,1,大分県,オオイタケン,Oita,,,,大分市,オオイタシ,Oita-shi,,,,原新町,ハルシンマチ,Harushimmachi,,,,,,,,1,1,0,0,0,0,1,1,1947-04-17,,0,8700912,,,,,,,,,,,,,,,
442011,0276001,2,大分県,オオイタケン,Oita,,,,大分市,オオイタシ,Oita-shi,,,,日岡,ヒオカ,Hioka,１丁目,１チョウメ,1,,,,,1,1,0,0,0,0,1,1,1947-04-17,,0,,,,,,,,,,,,,,,,
442011,0276002,2,大分県,オオイタケン,Oita,,,,大分市,オオイタシ,Oita-shi,,,,日岡,ヒオカ,Hioka,２丁目,２チョウメ,2,,,,,1,1,0,0,0,0,1,1,1947-04-17,,0,,,,,,,,,,,,,,,,
442011,0276003,2,大分県,オオイタケン,Oita,,,,大分市,オオイタシ,Oita-shi,,,,日岡,ヒオカ,Hioka,３丁目,３チョウメ,3,,,,,1,1,0,0,0,0,1,1,1947-04-17,,0,,,,,,,,,,,,,,,,
442011,0277001,2,大分県,オオイタケン,Oita,,,,大分市,オオイタシ,Oita-shi,,,,東大道,ヒガシオオミチ,Higashiomichi,１丁目,１チョウメ,1,,,,,1,1,0,0,0,0,1,1,1947-04-17,,0,,,,,,,,,,,,,,,,
442011,0277002,2,大分県,オオイタケン,Oita,,,,大分市,オオイタシ,Oita-shi,,,,東大道,ヒガシオオミチ,Higashiomichi,２丁目,２チョウメ,2,,,,,1,1,0,0,0,0,1,1,1947-04-17,,0,,,,,,,,,,,,,,,,
442011,0277003,2,大分県,オオイタケン,Oita,,,,大分市,オオイタシ,Oita-shi,,,,東大道,ヒガシオオミチ,Higashiomichi,３丁目,３チョウメ,3,,,,,1,1,0,0,0,0,1,1,1947-04-17,,0,,,,,,,,,,,,,,,,
442011,0278000,1,大分県,オオイタケン,Oita,,,,大分市,オオイタシ,Oita-shi,,,,東春日町,ヒガシカスガマチ,Higashikasugamachi,,,,,,,,1,1,0,0,0,0,1,1,1947-04-17,,0,8700037,,,,,,,,,,,,,,,
442011,0279001,2,大分県,オオイタケン,Oita,,,,大分市,オオイタシ,Oita-shi,,,,東津留,ヒガシヅル,Higashizuru,１丁目,１チョウメ,1,,,,,1,1,0,0,0,0,1,1,1947-04-17,,0,,,,,,,,,,,,,,,,
442011,0279002,2,大分県,オオイタケン,Oita,,,,大分市,オオイタシ,Oita-shi,,,,東津留,ヒガシヅル,Higashizuru,２丁目,２チョウメ,2,,,,,1,1,0,0,0,0,1,1,1947-04-17,,0,,,,,,,,,,,,,,,,
442011,0280001,2,大分県,オオイタケン,Oita,,,,大分市,オオイタシ,Oita-shi,,,,東鶴崎,ヒガシツルサキ,Higashitsurusaki,１丁目,１チョウメ,1,,,,,1,1,0,0,0,0,1,1,1947-04-17,,0,,,,,,,,,,,,,,,,
442011,0280002,2,大分県,オオイタケン,Oita,,,,大分市,オオイタシ,Oita-shi,,,,東鶴崎,ヒガシツルサキ,Higashitsurusaki,２丁目,２チョウメ,2,,,,,1,1,0,0,0,0,1,1,1947-04-17,,0,,,,,,,,,,,,,,,,
442011,0280003,2,大分県,オオイタケン,Oita,,,,大分市,オオイタシ,Oita-shi,,,,東鶴崎,ヒガシツルサキ,Higashitsurusaki,３丁目,３チョウメ,3,,,,,1,1,0,0,0,0,1,1,1947-04-17,,0,,,,,,,,,,,,,,,,
442011,0281001,2,大分県,オオイタケン,Oita,,,,大分市,オオイタシ,Oita-shi,,,,東浜,ヒガシハマ,Higashihama,１丁目,１チョウメ,1,,,,,1,1,0,0,0,0,1,1,1947-04-17,,0,,,,,,,,,,,,,,,,
442011,0281002,2,大分県,オオイタケン,Oita,,,,大分市,オオイタシ,Oita-shi,,,,東浜,ヒガシハマ,Higashihama,２丁目,２チョウメ,2,,,,,1,1,0,0,0,0,1,1,1947-04-17,,0,,,,,,,,,,,,,,,,
442011,0282001,2,大分県,オオイタケン,Oita,,,,大分市,オオイタシ,Oita-shi,,,,ひばりケ丘,ヒバリガオカ,Hibarigaoka,１丁目,１チョウメ,1,,,,,1,1,0,0,0,0,1,1,1947-04-17,,0,,,,,,,,,,,,,,,,
442011,0282002,2,大分県,オオイタケン,Oita,,,,大分市,オオイタシ,Oita-shi,,,,ひばりケ丘,ヒバリガオカ,Hibarigaoka,２丁目,２チョウメ,2,,,,,1,1,0,0,0,0,1,1,1947-04-17,,0,,,,,,,,,,,,,,,,
442011,0282003,2,大分県,オオイタケン,Oita,,,,大分市,オオイタシ,Oita-shi,,,,ひばりケ丘,ヒバリガオカ,Hibarigaoka,３丁目,３チョウメ,3,,,,,1,1,0,0,0,0,1,1,1947-04-17,,0,,,,,,,,,,,,,,,,
442011,0282004,2,大分県,オオイタケン,Oita,,,,大分市,オオイタシ,Oita-shi,,,,ひばりケ丘,ヒバリガオカ,Hibarigaoka,４丁目,４チョウメ,4,,,,,1,1,0,0,0,0,1,1,1947-04-17,,0,,,,,,,,,,,,,,,,
442011,0282005,2,大分県,オオイタケン,Oita,,,,大分市,オオイタシ,Oita-shi,,,,ひばりケ丘,ヒバリガオカ,Hibarigaoka,５丁目,５チョウメ,5,,,,,1,1,0,0,0,0,1,1,1947-04-17,,0,,,,,,,,,,,,,,,,
442011,0283000,1,大分県,オオイタケン,Oita,,,,大分市,オオイタシ,Oita-shi,,,,日吉町,ヒヨシマチ,Hiyoshimachi,,,,,,,,1,1,0,0,0,0,1,1,1947-04-17,,0,8700918,,,,,,,,,,,,,,,
442011,0284000,1,大分県,オオイタケン,Oita,,,,大分市,オオイタシ,Oita-shi,,,,藤の台,フジノダイ,Fujinodai,,,,,,,,0,0,0,0,0,0,1,1,1947-04-17,,0,8700957,,,,,,,,,,,,,,,
442011,0285001,2,大分県,オオイタケン,Oita,,,,大分市,オオイタシ,Oita-shi,,,,富士見が丘西,フジミガオカニシ,Fujimigaoka Nishi,１丁目,１チョウメ,1,,,,,1,1,0,0,0,0,1,1,1947-04-17,,0,,,,,,,,,,,,,,,,
442011,0285002,2,大分県,オオイタケン,Oita,,,,大分市,オオイタシ,Oita-shi,,,,富士見が丘西,フジミガオカニシ,Fujimigaoka Nishi,２丁目,２チョウメ,2,,,,,1,1,0,0,0,0,1,1,1947-04-17,,0,,,,,,,,,,,,,,,,
442011,0285003,2,大分県,オオイタケン,Oita,,,,大分市,オオイタシ,Oita-shi,,,,富士見が丘西,フジミガオカニシ,Fujimigaoka Nishi,３丁目,３チョウメ,3,,,,,1,1,0,0,0,0,1,1,1947-04-17,,0,,,,,,,,,,,,,,,,
442011,0285004,2,大分県,オオイタケン,Oita,,,,大分市,オオイタシ,Oita-shi,,,,富士見が丘西,フジミガオカニシ,Fujimigaoka Nishi,４丁目,４チョウメ,4,,,,,1,1,0,0,0,0,1,1,1947-04-17,,0,,,,,,,,,,,,,,,,
442011,0286001,2,大分県,オオイタケン,Oita,,,,大分市,オオイタシ,Oita-shi,,,,富士見が丘東,フジミガオカヒガシ,Fujimigaoka Higashi,１丁目,１チョウメ,1,,,,,1,1,0,0,0,0,1,1,1947-04-17,,0,,,,,,,,,,,,,,,,
442011,0286002,2,大分県,オオイタケン,Oita,,,,大分市,オオイタシ,Oita-shi,,,,富士見が丘東,フジミガオカヒガシ,Fujimigaoka Higashi,２丁目,２チョウメ,2,,,,,1,1,0,0,0,0,1,1,1947-04-17,,0,,,,,,,,,,,,,,,,
442011,0286003,2,大分県,オオイタケン,Oita,,,,大分市,オオイタシ,Oita-shi,,,,富士見が丘東,フジミガオカヒガシ,Fujimigaoka Higashi,３丁目,３チョウメ,3,,,,,1,1,0,0,0,0,1,1,1947-04-17,,0,,,,,,,,,,,,,,,,
442011,0286004,2,大分県,オオイタケン,Oita,,,,大分市,オオイタシ,Oita-shi,,,,富士見が丘東,フジミガオカヒガシ,Fujimigaoka Higashi,４丁目,４チョウメ,4,,,,,1,1,0,0,0,0,1,1,1947-04-17,,0,,,,,,,,,,,,,,,,
442011,0286005,2,大分県,オオイタケン,Oita,,,,大分市,オオイタシ,Oita-shi,,,,富士見が丘東,フジミガオカヒガシ,Fujimigaoka Higashi,５丁目,５チョウメ,5,,,,,1,1,0,0,0,0,1,1,1947-04-17,,0,,,,,,,,,,,,,,,,
442011,0287001,2,大分県,オオイタケン,Oita,,,,大分市,オオイタシ,Oita-shi,,,,府内町,フナイマチ,Funaimachi,１丁目,１チョウメ,1,,,,,1,1,0,0,0,0,1,1,1947-04-17,,0,,,,,,,,,,,,,,,,
442011,0287002,2,大分県,オオイタケン,Oita,,,,大分市,オオイタシ,Oita-shi,,,,府内町,フナイマチ,Funaimachi,２丁目,２チョウメ,2,,,,,1,1,0,0,0,0,1,1,1947-04-17,,0,,,,,,,,,,,,,,,,
442011,0287003,2,大分県,オオイタケン,Oita,,,,大分市,オオイタシ,Oita-shi,,,,府内町,フナイマチ,Funaimachi,３丁目,３チョウメ,3,,,,,1,1,0,0,0,0,1,1,1947-04-17,,0,,,,,,,,,,,,,,,,
442011,0288001,2,大分県,オオイタケン,Oita,,,,大分市,オオイタシ,Oita-shi,,,,弁天,ベンテン,Benten,１丁目,１チョウメ,1,,,,,1,1,0,0,0,0,1,1,1947-04-17,,0,,,,,,,,,,,,,,,,
442011,0288002,2,大分県,オオイタケン,Oita,,,,大分市,オオイタシ,Oita-shi,,,,弁天,ベンテン,Benten,２丁目,２チョウメ,2,,,,,1,1,0,0,0,0,1,1,1947-04-17,,0,,,,,,,,,,,,,,,,
442011,0288003,2,大分県,オオイタケン,Oita,,,,大分市,オオイタシ,Oita-shi,,,,弁天,ベンテン,Benten,３丁目,３チョウメ,3,,,,,1,1,0,0,0,0,1,1,1947-04-17,,0,,,,,,,,,,,,,,,,
442011,0288004,2,大分県,オオイタケン,Oita,,,,大分市,オオイタシ,Oita-shi,,,,弁天,ベンテン,Benten,４丁目,４チョウメ,4,,,,,1,1,0,0,0,0,1,1,1947-04-17,,0,,,,,,,,,,,,,,,,
442011,0289000,1,大分県,オオイタケン,Oita,,,,大分市,オオイタシ,Oita-shi,,,,芳河原台,ホウガワラダイ,Hogawaradai,,,,,,,,1,1,0,0,0,0,1,1,1947-04-17,,0,8700948,,,,,,,,,,,,,,,
442011,0290001,2,大分県,オオイタケン,Oita,,,,大分市,オオイタシ,Oita-shi,,,,法勝台,ホウショウダイ,Hoshodai,１丁目,１チョウメ,1,,,,,1,1,0,0,0,0,1,1,1947-04-17,,0,,,,,,,,,,,,,,,,
442011,0290002,2,大分県,オオイタケン,Oita,,,,大分市,オオイタシ,Oita-shi,,,,法勝台,ホウショウダイ,Hoshodai,２丁目,２チョウメ,2,,,,,1,1,0,0,0,0,1,1,1947-04-17,,0,,,,,,,,,,,,,,,,
442011,0290003,2,大分県,オオイタケン,Oita,,,,大分市,オオイタシ,Oita-shi,,,,法勝台,ホウショウダイ,Hoshodai,３丁目,３チョウメ,3,,,,,1,1,0,0,0,0,1,1,1947-04-17,,0,,,,,,,,,,,,,,,,
442011,0291001,2,大分県,オオイタケン,Oita,,,,大分市,オオイタシ,Oita-shi,,,,舞鶴町,マイヅルマチ,Maizurumachi,１丁目,１チョウメ,1,,,,,1,1,0,0,0,0,1,1,1947-04-17,,0,,,,,,,,,,,,,,,,
442011,0291002,2,大分県,オオイタケン,Oita,,,,大分市,オオイタシ,Oita-shi,,,,舞鶴町,マイヅルマチ,Maizurumachi,２丁目,２チョウメ,2,,,,,1,1,0,0,0,0,1,1,1947-04-17,,0,,,,,,,,,,,,,,,,
442011,0291003,2,大分県,オオイタケン,Oita,,,,大分市,オオイタシ,Oita-shi,,,,舞鶴町,マイヅルマチ,Maizurumachi,３丁目,３チョウメ,3,,,,,1,1,0,0,0,0,1,1,1947-04-17,,0,,,,,,,,,,,,,,,,
442011,0292001,2,大分県,オオイタケン,Oita,,,,大分市,オオイタシ,Oita-shi,,,,牧,マキ,Maki,１丁目,１チョウメ,1,,,,,1,1,0,0,0,0,1,1,1947-04-17,,0,8700924,,,,,,,,,,,,,,,
442011,0292002,2,大分県,オオイタケン,Oita,,,,大分市,オオイタシ,Oita-shi,,,,牧,マキ,Maki,２丁目,２チョウメ,2,,,,,1,1,0,0,0,0,1,1,1947-04-17,,0,8700924,,,,,,,,,,,,,,,
442011,0292003,2,大分県,オオイタケン,Oita,,,,大分市,オオイタシ,Oita-shi,,,,牧,マキ,Maki,３丁目,３チョウメ,3,,,,,1,1,0,0,0,0,1,1,1947-04-17,,0,8700924,,,,,,,,,,,,,,,
442011,0293000,1,大分県,オオイタケン,Oita,,,,大分市,オオイタシ,Oita-shi,,,,牧上町,マキカミマチ,Makikamimachi,,,,,,,,1,1,0,0,0,0,1,1,1947-04-17,,0,8700925,,,,,,,,,,,,,,,
442011,0294000,1,大分県,オオイタケン,Oita,,,,大分市,オオイタシ,Oita-shi,,,,牧緑町,マキミドリマチ,,,,,,,,,1,1,0,0,0,0,1,1,1947-04-17,,0,,,,,,,,,,,,,,,,
442011,0295001,2,大分県,オオイタケン,Oita,,,,大分市,オオイタシ,Oita-shi,,,,松原町,マツバラマチ,Matsubaramachi,１丁目,１チョウメ,1,,,,,1,1,0,0,0,0,1,1,1947-04-17,,0,,,,,,,,,,,,,,,,
442011,0295002,2,大分県,オオイタケン,Oita,,,,大分市,オオイタシ,Oita-shi,,,,松原町,マツバラマチ,Matsubaramachi,２丁目,２チョウメ,2,,,,,1,1,0,0,0,0,1,1,1947-04-17,,0,,,,,,,,,,,,,,,,
442011,0295003,2,大分県,オオイタケン,Oita,,,,大分市,オオイタシ,Oita-shi,,,,松原町,マツバラマチ,Matsubaramachi,３丁目,３チョウメ,3,,,,,1,1,0,0,0,0,1,1,1947-04-17,,0,,,,,,,,,,,,,,,,
442011,0296001,2,大分県,オオイタケン,Oita,,,,大分市,オオイタシ,Oita-shi,,,,政所,マドコロ,Madokoro,１丁目,１チョウメ,1,,,,,1,1,0,0,0,0,1,1,1947-04-17,,0,,,,,,,,,,,,,,,,
442011,0296002,2,大分県,オオイタケン,Oita,,,,大分市,オオイタシ,Oita-shi,,,,政所,マドコロ,Madokoro,２丁目,２チョウメ,2,,,,,1,1,0,0,0,0,1,1,1947-04-17,,0,,,,,,,,,,,,,,,,
442011,0297001,2,大分県,オオイタケン,Oita,,,,大分市,オオイタシ,Oita-shi,,,,三佐,ミサ,Misa,１丁目,１チョウメ,1,,,,,1,1,0,0,0,0,1,1,1947-04-17,,0,,,,,,,,,,,,,,,,
442011,0297002,2,大分県,オオイタケン,Oita,,,,大分市,オオイタシ,Oita-shi,,,,三佐,ミサ,Misa,２丁目,２チョウメ,2,,,,,1,1,0,0,0,0,1,1,1947-04-17,,0,,,,,,,,,,,,,,,,
442011,0297003,2,大分県,オオイタケン,Oita,,,,大分市,オオイタシ,Oita-shi,,,,三佐,ミサ,Misa,３丁目,３チョウメ,3,,,,,1,1,0,0,0,0,1,1,1947-04-17,,0,,,,,,,,,,,,,,,,
442011,0297004,2,大分県,オオイタケン,Oita,,,,大分市,オオイタシ,Oita-shi,,,,三佐,ミサ,Misa,４丁目,４チョウメ,4,,,,,1,1,0,0,0,0,1,1,1947-04-17,,0,,,,,,,,,,,,,,,,
442011,0297005,2,大分県,オオイタケン,Oita,,,,大分市,オオイタシ,Oita-shi,,,,三佐,ミサ,Misa,５丁目,５チョウメ,5,,,,,1,1,0,0,0,0,1,1,1947-04-17,,0,,,,,,,,,,,,,,,,
442011,0297006,2,大分県,オオイタケン,Oita,,,,大分市,オオイタシ,Oita-shi,,,,三佐,ミサ,Misa,６丁目,６チョウメ,6,,,,,1,1,0,0,0,0,1,1,1947-04-17,,0,,,,,,,,,,,,,,,,
442011,0298001,2,大分県,オオイタケン,Oita,,,,大分市,オオイタシ,Oita-shi,,,,三川上,ミツガワカミ,Mitsugawa Kami,１丁目,１チョウメ,1,,,,,1,1,0,0,0,0,1,1,1947-04-17,,0,,,,,,,,,,,,,,,,
442011,0298002,2,大分県,オオイタケン,Oita,,,,大分市,オオイタシ,Oita-shi,,,,三川上,ミツガワカミ,Mitsugawa Kami,２丁目,２チョウメ,2,,,,,1,1,0,0,0,0,1,1,1947-04-17,,0,,,,,,,,,,,,,,,,
442011,0298003,2,大分県,オオイタケン,Oita,,,,大分市,オオイタシ,Oita-shi,,,,三川上,ミツガワカミ,Mitsugawa Kami,３丁目,３チョウメ,3,,,,,1,1,0,0,0,0,1,1,1947-04-17,,0,,,,,,,,,,,,,,,,
442011,0298004,2,大分県,オオイタケン,Oita,,,,大分市,オオイタシ,Oita-shi,,,,三川上,ミツガワカミ,Mitsugawa Kami,４丁目,４チョウメ,4,,,,,1,1,0,0,0,0,1,1,1947-04-17,,0,,,,,,,,,,,,,,,,
442011,0299001,2,大分県,オオイタケン,Oita,,,,大分市,オオイタシ,Oita-shi,,,,三川下,ミツガワシモ,Mitsugawa Shimo,１丁目,１チョウメ,1,,,,,1,1,0,0,0,0,1,1,1947-04-17,,0,,,,,,,,,,,,,,,,
442011,0299002,2,大分県,オオイタケン,Oita,,,,大分市,オオイタシ,Oita-shi,,,,三川下,ミツガワシモ,Mitsugawa Shimo,２丁目,２チョウメ,2,,,,,1,1,0,0,0,0,1,1,1947-04-17,,0,,,,,,,,,,,,,,,,
442011,0299003,2,大分県,オオイタケン,Oita,,,,大分市,オオイタシ,Oita-shi,,,,三川下,ミツガワシモ,Mitsugawa Shimo,３丁目,３チョウメ,3,,,,,1,1,0,0,0,0,1,1,1947-04-17,,0,,,,,,,,,,,,,,,,
442011,0300001,2,大分県,オオイタケン,Oita,,,,大分市,オオイタシ,Oita-shi,,,,三川新町,ミツガワシンマチ,Mitsugawa Shimmachi,１丁目,１チョウメ,1,,,,,1,1,0,0,0,0,1,1,1947-04-17,,0,,,,,,,,,,,,,,,,
442011,0300002,2,大分県,オオイタケン,Oita,,,,大分市,オオイタシ,Oita-shi,,,,三川新町,ミツガワシンマチ,Mitsugawa Shimmachi,２丁目,２チョウメ,2,,,,,1,1,0,0,0,0,1,1,1947-04-17,,0,,,,,,,,,,,,,,,,
442011,0301001,2,大分県,オオイタケン,Oita,,,,大分市,オオイタシ,Oita-shi,,,,緑が丘,ミドリガオカ,Midorigaoka,１丁目,１チョウメ,1,,,,,1,1,0,0,0,0,1,1,1947-04-17,,0,,,,,,,,,,,,,,,,
442011,0301002,2,大分県,オオイタケン,Oita,,,,大分市,オオイタシ,Oita-shi,,,,緑が丘,ミドリガオカ,Midorigaoka,２丁目,２チョウメ,2,,,,,1,1,0,0,0,0,1,1,1947-04-17,,0,,,,,,,,,,,,,,,,
442011,0301003,2,大分県,オオイタケン,Oita,,,,大分市,オオイタシ,Oita-shi,,,,緑が丘,ミドリガオカ,Midorigaoka,３丁目,３チョウメ,3,,,,,1,1,0,0,0,0,1,1,1947-04-17,,0,,,,,,,,,,,,,,,,
442011,0301004,2,大分県,オオイタケン,Oita,,,,大分市,オオイタシ,Oita-shi,,,,緑が丘,ミドリガオカ,Midorigaoka,４丁目,４チョウメ,4,,,,,1,1,0,0,0,0,1,1,1947-04-17,,0,,,,,,,,,,,,,,,,
442011,0301005,2,大分県,オオイタケン,Oita,,,,大分市,オオイタシ,Oita-shi,,,,緑が丘,ミドリガオカ,Midorigaoka,５丁目,５チョウメ,5,,,,,1,1,0,0,0,0,1,1,1947-04-17,,0,,,,,,,,,,,,,,,,
442011,0302000,1,大分県,オオイタケン,Oita,,,,大分市,オオイタシ,Oita-shi,,,,南春日町,ミナミカスガマチ,Minamikasugamachi,,,,,,,,1,1,0,0,0,0,1,1,1947-04-17,,0,8700815,,,,,,,,,,,,,,,
442011,0303000,1,大分県,オオイタケン,Oita,,,,大分市,オオイタシ,Oita-shi,,,,南津留,ミナミヅル,Minamizuru,,,,,,,,1,1,0,0,0,0,1,1,1947-04-17,,0,8700937,,,,,,,,,,,,,,,
442011,0304001,2,大分県,オオイタケン,Oita,,,,大分市,オオイタシ,Oita-shi,,,,南鶴崎,ミナミツルサキ,Minamitsurusaki,１丁目,１チョウメ,1,,,,,1,1,0,0,0,0,1,1,1947-04-17,,0,,,,,,,,,,,,,,,,
442011,0304002,2,大分県,オオイタケン,Oita,,,,大分市,オオイタシ,Oita-shi,,,,南鶴崎,ミナミツルサキ,Minamitsurusaki,２丁目,２チョウメ,2,,,,,1,1,0,0,0,0,1,1,1947-04-17,,0,,,,,,,,,,,,,,,,
442011,0304003,2,大分県,オオイタケン,Oita,,,,大分市,オオイタシ,Oita-shi,,,,南鶴崎,ミナミツルサキ,Minamitsurusaki,３丁目,３チョウメ,3,,,,,1,1,0,0,0,0,1,1,1947-04-17,,0,,,,,,,,,,,,,,,,
442011,0306001,2,大分県,オオイタケン,Oita,,,,大分市,オオイタシ,Oita-shi,,,,都町,ミヤコマチ,Miyakomachi,１丁目,１チョウメ,1,,,,,1,1,0,0,0,0,1,1,1947-04-17,,0,,,,,,,,,,,,,,,,
442011,0306002,2,大分県,オオイタケン,Oita,,,,大分市,オオイタシ,Oita-shi,,,,都町,ミヤコマチ,Miyakomachi,２丁目,２チョウメ,2,,,,,1,1,0,0,0,0,1,1,1947-04-17,,0,,,,,,,,,,,,,,,,
442011,0306003,2,大分県,オオイタケン,Oita,,,,大分市,オオイタシ,Oita-shi,,,,都町,ミヤコマチ,Miyakomachi,３丁目,３チョウメ,3,,,,,1,1,0,0,0,0,1,1,1947-04-17,,0,,,,,,,,,,,,,,,,
442011,0306004,2,大分県,オオイタケン,Oita,,,,大分市,オオイタシ,Oita-shi,,,,都町,ミヤコマチ,Miyakomachi,４丁目,４チョウメ,4,,,,,1,1,0,0,0,0,1,1,1947-04-17,,0,,,,,,,,,,,,,,,,
442011,0307001,2,大分県,オオイタケン,Oita,,,,大分市,オオイタシ,Oita-shi,,,,向原沖,ムカイバルオキ,Mukaibaru Oki,１丁目,１チョウメ,1,,,,,1,1,0,0,0,0,1,1,1947-04-17,,0,,,,,,,,,,,,,,,,
442011,0307002,2,大分県,オオイタケン,Oita,,,,大分市,オオイタシ,Oita-shi,,,,向原沖,ムカイバルオキ,Mukaibaru Oki,２丁目,２チョウメ,2,,,,,1,1,0,0,0,0,1,1,1947-04-17,,0,,,,,,,,,,,,,,,,
442011,0307003,2,大分県,オオイタケン,Oita,,,,大分市,オオイタシ,Oita-shi,,,,向原沖,ムカイバルオキ,Mukaibaru Oki,３丁目,３チョウメ,3,,,,,1,1,0,0,0,0,1,1,1947-04-17,,0,,,,,,,,,,,,,,,,
442011,0308001,2,大分県,オオイタケン,Oita,,,,大分市,オオイタシ,Oita-shi,,,,向原西,ムカイバルニシ,Mukaibaru Nishi,１丁目,１チョウメ,1,,,,,1,1,0,0,0,0,1,1,1947-04-17,,0,,,,,,,,,,,,,,,,
442011,0308002,2,大分県,オオイタケン,Oita,,,,大分市,オオイタシ,Oita-shi,,,,向原西,ムカイバルニシ,Mukaibaru Nishi,２丁目,２チョウメ,2,,,,,1,1,0,0,0,0,1,1,1947-04-17,,0,,,,,,,,,,,,,,,,
442011,0309001,2,大分県,オオイタケン,Oita,,,,大分市,オオイタシ,Oita-shi,,,,向原東,ムカイバルヒガシ,Mukaibaru Higashi,１丁目,１チョウメ,1,,,,,1,1,0,0,0,0,1,1,1947-04-17,,0,,,,,,,,,,,,,,,,
442011,0309002,2,大分県,オオイタケン,Oita,,,,大分市,オオイタシ,Oita-shi,,,,向原東,ムカイバルヒガシ,Mukaibaru Higashi,２丁目,２チョウメ,2,,,,,1,1,0,0,0,0,1,1,1947-04-17,,0,,,,,,,,,,,,,,,,
442011,0310000,1,大分県,オオイタケン,Oita,,,,大分市,オオイタシ,Oita-shi,,,,元町,モトマチ,Motomachi,,,,,,,,1,1,0,0,0,0,1,1,1947-04-17,,0,8700843,,,,,,,,,,,,,,,
442011,0311001,2,大分県,オオイタケン,Oita,,,,大分市,オオイタシ,Oita-shi,,,,山津町,ヤマヅマチ,Yamazumachi,１丁目,１チョウメ,1,,,,,1,1,0,0,0,0,1,1,1947-04-17,,0,,,,,,,,,,,,,,,,
442011,0311002,2,大分県,オオイタケン,Oita,,,,大分市,オオイタシ,Oita-shi,,,,山津町,ヤマヅマチ,Yamazumachi,２丁目,２チョウメ,2,,,,,1,1,0,0,0,0,1,1,1947-04-17,,0,,,,,,,,,,,,,,,,
442011,0312001,2,大分県,オオイタケン,Oita,,,,大分市,オオイタシ,Oita-shi,,,,豊町,ユタカマチ,Yutakamachi,１丁目,１チョウメ,1,,,,,1,1,0,0,0,0,1,1,1947-04-17,,0,,,,,,,,,,,,,,,,
442011,0312002,2,大分県,オオイタケン,Oita,,,,大分市,オオイタシ,Oita-shi,,,,豊町,ユタカマチ,Yutakamachi,２丁目,２チョウメ,2,,,,,1,1,0,0,0,0,1,1,1947-04-17,,0,,,,,,,,,,,,,,,,
442011,0313001,2,大分県,オオイタケン,Oita,,,,大分市,オオイタシ,Oita-shi,,,,横田,ヨコタ,Yokota,１丁目,１チョウメ,1,,,,,1,1,0,0,0,0,1,1,1947-04-17,,0,,,,,,,,,,,,,,,,
442011,0313002,2,大分県,オオイタケン,Oita,,,,大分市,オオイタシ,Oita-shi,,,,横田,ヨコタ,Yokota,２丁目,２チョウメ,2,,,,,1,1,0,0,0,0,1,1,1947-04-17,,0,,,,,,,,,,,,,,,,
442011,0314001,2,大分県,オオイタケン,Oita,,,,大分市,オオイタシ,Oita-shi,,,,横塚,ヨコヅカ,Yokozuka,１丁目,１チョウメ,1,,,,,1,1,0,0,0,0,1,1,1947-04-17,,0,,,,,,,,,,,,,,,,
442011,0314002,2,大分県,オオイタケン,Oita,,,,大分市,オオイタシ,Oita-shi,,,,横塚,ヨコヅカ,Yokozuka,２丁目,２チョウメ,2,,,,,1,1,0,0,0,0,1,1,1947-04-17,,0,,,,,,,,,,,,,,,,
442011,0315000,1,大分県,オオイタケン,Oita,,,,大分市,オオイタシ,Oita-shi,,,,六坊北町,ロクボウキタマチ,Rokubokitamachi,,,,,,,,1,1,0,0,0,0,1,1,1947-04-17,,0,8700841,,,,,,,,,,,,,,,
442011,0316000,1,大分県,オオイタケン,Oita,,,,大分市,オオイタシ,Oita-shi,,,,六坊南町,ロクボウミナミマチ,Rokubominamimachi,,,,,,,,1,1,0,0,0,0,1,1,1947-04-17,,0,8700842,,,,,,,,,,,,,,,
442011,0317001,2,大分県,オオイタケン,Oita,,,,大分市,オオイタシ,Oita-shi,,,,賀来西,カクニシ,Kakunishi,１丁目,１チョウメ,1,,,,,1,1,0,0,0,0,1,1,1947-04-17,,0,,,,,,,,,,,,,,,,
442011,0317002,2,大分県,オオイタケン,Oita,,,,大分市,オオイタシ,Oita-shi,,,,賀来西,カクニシ,Kakunishi,２丁目,２チョウメ,2,,,,,1,1,0,0,0,0,1,1,1947-04-17,,0,,,,,,,,,,,,,,,,
442011,0318000,1,大分県,オオイタケン,Oita,,,,大分市,オオイタシ,Oita-shi,,,,大字賀来,オオアザカク,Kaku,,,,,,,,0,0,0,0,0,0,1,1,1947-04-17,,0,8700877,,,,,,,,,,,,,,,
442011,0319000,1,大分県,オオイタケン,Oita,,,,大分市,オオイタシ,Oita-shi,,,,大字東院,オオアザトイ,Toi,,,,,,,,0,0,0,0,0,0,1,1,1947-04-17,,0,8700861,,,,,,,,,,,,,,,
442011,0320000,1,大分県,オオイタケン,Oita,,,,大分市,オオイタシ,Oita-shi,,,,大字宮苑,オオアザミヤゾノ,Miyazono,,,,,,,,0,0,0,0,0,0,1,1,1947-04-17,,0,8700878,,,,,,,,,,,,,,,
442011,0321001,2,大分県,オオイタケン,Oita,,,,大分市,オオイタシ,Oita-shi,,,,京が丘南,キョウガオカミナミ,,１丁目,１チョウメ,1,,,,,1,1,0,0,0,0,1,1,1947-04-17,,0,,,,,,,,,,,,,,,,
442011,0321002,2,大分県,オオイタケン,Oita,,,,大分市,オオイタシ,Oita-shi,,,,京が丘南,キョウガオカミナミ,,２丁目,２チョウメ,2,,,,,1,1,0,0,0,0,1,1,1947-04-17,,0,,,,,,,,,,,,,,,,
442011,0321003,2,大分県,オオイタケン,Oita,,,,大分市,オオイタシ,Oita-shi,,,,京が丘南,キョウガオカミナミ,,３丁目,３チョウメ,3,,,,,1,1,0,0,0,0,1,1,1947-04-17,,0,,,,,,,,,,,,,,,,
442011,0321004,2,大分県,オオイタケン,Oita,,,,大分市,オオイタシ,Oita-shi,,,,京が丘南,キョウガオカミナミ,,４丁目,４チョウメ,4,,,,,1,1,0,0,0,0,1,1,2022-10-25,,0,,,,,,,,,,,,,,,,
442011,0322000,1,大分県,オオイタケン,Oita,,,,大分市,オオイタシ,Oita-shi,,,,大字小野鶴,オオアザオノヅル,Onozuru,,,,,,,,0,0,0,0,0,0,1,1,1947-04-17,,0,8701153,,,,,,,,,,,,,,,
442011,0323001,2,大分県,オオイタケン,Oita,,,,大分市,オオイタシ,Oita-shi,,,,松が丘,マツガオカ,Matsugaoka,１丁目,１チョウメ,1,,,,,1,1,0,0,0,0,1,1,1947-04-17,,0,,,,,,,,,,,,,,,,
442011,0323002,2,大分県,オオイタケン,Oita,,,,大分市,オオイタシ,Oita-shi,,,,松が丘,マツガオカ,Matsugaoka,２丁目,２チョウメ,2,,,,,1,1,0,0,0,0,1,1,1947-04-17,,0,,,,,,,,,,,,,,,,
442011,0323003,2,大分県,オオイタケン,Oita,,,,大分市,オオイタシ,Oita-shi,,,,松が丘,マツガオカ,Matsugaoka,３丁目,３チョウメ,3,,,,,1,1,0,0,0,0,1,1,1947-04-17,,0,,,,,,,,,,,,,,,,
442011,0323004,2,大分県,オオイタケン,Oita,,,,大分市,オオイタシ,Oita-shi,,,,松が丘,マツガオカ,Matsugaoka,４丁目,４チョウメ,4,,,,,1,1,0,0,0,0,1,1,1947-04-17,,0,,,,,,,,,,,,,,,,
442011,0324000,1,大分県,オオイタケン,Oita,,,,大分市,オオイタシ,Oita-shi,,,,大字上宗方,オオアザカミムナカタ,Kamimunakata,,,,,,,,0,0,0,0,0,0,1,1,1947-04-17,,0,8701152,,,,,,,,,,,,,,,
442011,0325000,1,大分県,オオイタケン,Oita,,,,大分市,オオイタシ,Oita-shi,,,,大字佐賀関,オオアザサガノセキ,Saganoseki,,,,,,,,0,0,0,0,0,0,1,1,1947-04-17,,0,8792201,,,,,,,,,,,,,,,
442011,0326000,1,大分県,オオイタケン,Oita,,,,大分市,オオイタシ,Oita-shi,,,,大字白木,オオアザシラキ,Shiraki,,,,,,,,0,0,0,0,0,0,1,1,1947-04-17,,0,8792202,,,,,,,,,,,,,,,
442011,0327000,1,大分県,オオイタケン,Oita,,,,大分市,オオイタシ,Oita-shi,,,,大字松岡,オオアザマツオカ,Matsuoka,,,,,,,,0,0,0,0,0,0,1,1,1947-04-17,,0,8700125,,,,,,,,,,,,,,,
442011,0328000,1,大分県,オオイタケン,Oita,,,,大分市,オオイタシ,Oita-shi,,,,大字下判田,オオアザシモハンダ,Shimohanda,,,,,,,,0,0,0,0,0,0,1,1,1947-04-17,,0,8701112,,,,,,,,,,,,,,,
442011,0329000,1,大分県,オオイタケン,Oita,,,,大分市,オオイタシ,Oita-shi,,,,下郡山の手,シモゴウリヤマノテ,Shimogori Yamanote,,,,,,,,1,1,0,0,0,0,1,1,1947-04-17,,0,8700961,,,,,,,,,,,,,,,
442011,0330000,1,大分県,オオイタケン,Oita,,,,大分市,オオイタシ,Oita-shi,,,,大字下郡,オオアザシモゴオリ,Shimogori,,,,,,,,0,0,0,0,0,0,1,1,1947-04-17,,0,8700951,,,,,,,,,,,,,,,
442011,0331000,1,大分県,オオイタケン,Oita,,,,大分市,オオイタシ,Oita-shi,,,,寒田わかば台,ソウダワカバダイ,Sodawakabadai,,,,,,,,1,1,0,0,0,0,1,1,1947-04-17,,0,8701127,,,,,,,,,,,,,,,
442011,0332001,2,大分県,オオイタケン,Oita,,,,大分市,オオイタシ,Oita-shi,,,,判田台東,ハンダダイヒガシ,Handadai Higashi,１丁目,１チョウメ,1,,,,,1,1,0,0,0,0,1,1,1947-04-17,,0,,,,,,,,,,,,,,,,
442011,0332002,2,大分県,オオイタケン,Oita,,,,大分市,オオイタシ,Oita-shi,,,,判田台東,ハンダダイヒガシ,Handadai Higashi,２丁目,２チョウメ,2,,,,,1,1,0,0,0,0,1,1,1947-04-17,,0,,,,,,,,,,,,,,,,
442011,0333001,2,大分県,オオイタケン,Oita,,,,大分市,オオイタシ,Oita-shi,,,,判田台南,ハンダダイミナミ,Handadai Minami,１丁目,１チョウメ,1,,,,,1,1,0,0,0,0,1,1,1947-04-17,,0,,,,,,,,,,,,,,,,
442011,0333002,2,大分県,オオイタケン,Oita,,,,大分市,オオイタシ,Oita-shi,,,,判田台南,ハンダダイミナミ,Handadai Minami,２丁目,２チョウメ,2,,,,,1,1,0,0,0,0,1,1,1947-04-17,,0,,,,,,,,,,,,,,,,
442011,0333003,2,大分県,オオイタケン,Oita,,,,大分市,オオイタシ,Oita-shi,,,,判田台南,ハンダダイミナミ,Handadai Minami,３丁目,３チョウメ,3,,,,,1,1,0,0,0,0,1,1,1947-04-17,,0,,,,,,,,,,,,,,,,
442011,0333004,2,大分県,オオイタケン,Oita,,,,大分市,オオイタシ,Oita-shi,,,,判田台南,ハンダダイミナミ,Handadai Minami,４丁目,４チョウメ,4,,,,,1,1,0,0,0,0,1,1,1947-04-17,,0,,,,,,,,,,,,,,,,
442011,0334001,2,大分県,オオイタケン,Oita,,,,大分市,オオイタシ,Oita-shi,,,,判田台北,ハンダダイキタ,Handadai Kita,１丁目,１チョウメ,1,,,,,1,1,0,0,0,0,1,1,1947-04-17,,0,,,,,,,,,,,,,,,,
442011,0334002,2,大分県,オオイタケン,Oita,,,,大分市,オオイタシ,Oita-shi,,,,判田台北,ハンダダイキタ,Handadai Kita,２丁目,２チョウメ,2,,,,,1,1,0,0,0,0,1,1,1947-04-17,,0,,,,,,,,,,,,,,,,
442011,0334003,2,大分県,オオイタケン,Oita,,,,大分市,オオイタシ,Oita-shi,,,,判田台北,ハンダダイキタ,Handadai Kita,３丁目,３チョウメ,3,,,,,1,1,0,0,0,0,1,1,1947-04-17,,0,,,,,,,,,,,,,,,,
442011,0334004,2,大分県,オオイタケン,Oita,,,,大分市,オオイタシ,Oita-shi,,,,判田台北,ハンダダイキタ,Handadai Kita,４丁目,４チョウメ,4,,,,,1,1,0,0,0,0,1,1,1947-04-17,,0,,,,,,,,,,,,,,,,
442011,0335001,2,大分県,オオイタケン,Oita,,,,大分市,オオイタシ,Oita-shi,,,,東原,ヒガシバル,Higashibaru,１丁目,１チョウメ,1,,,,,1,1,0,0,0,0,1,1,1947-04-17,,0,,,,,,,,,,,,,,,,
442011,0335002,2,大分県,オオイタケン,Oita,,,,大分市,オオイタシ,Oita-shi,,,,東原,ヒガシバル,Higashibaru,２丁目,２チョウメ,2,,,,,1,1,0,0,0,0,1,1,1947-04-17,,0,,,,,,,,,,,,,,,,
442011,0335003,2,大分県,オオイタケン,Oita,,,,大分市,オオイタシ,Oita-shi,,,,東原,ヒガシバル,Higashibaru,３丁目,３チョウメ,3,,,,,1,1,0,0,0,0,1,1,1947-04-17,,0,,,,,,,,,,,,,,,,
442011,0336001,2,大分県,オオイタケン,Oita,,,,大分市,オオイタシ,Oita-shi,,,,田尻南,タジリミナミ,Tajiriminami,１丁目,１チョウメ,1,,,,,1,1,0,0,0,0,1,1,1947-04-17,,0,,,,,,,,,,,,,,,,
442011,0336002,2,大分県,オオイタケン,Oita,,,,大分市,オオイタシ,Oita-shi,,,,田尻南,タジリミナミ,Tajiriminami,２丁目,２チョウメ,2,,,,,1,1,0,0,0,0,1,1,1947-04-17,,0,,,,,,,,,,,,,,,,
442011,0337001,2,大分県,オオイタケン,Oita,,,,大分市,オオイタシ,Oita-shi,,,,横尾東町,ヨコオヒガシマチ,Yokohigashimachi,１丁目,１チョウメ,1,,,,,1,1,0,0,0,0,1,1,1947-04-17,,0,,,,,,,,,,,,,,,,
442011,0337002,2,大分県,オオイタケン,Oita,,,,大分市,オオイタシ,Oita-shi,,,,横尾東町,ヨコオヒガシマチ,Yokohigashimachi,２丁目,２チョウメ,2,,,,,1,1,0,0,0,0,1,1,1947-04-17,,0,,,,,,,,,,,,,,,,
442011,0337003,2,大分県,オオイタケン,Oita,,,,大分市,オオイタシ,Oita-shi,,,,横尾東町,ヨコオヒガシマチ,Yokohigashimachi,３丁目,３チョウメ,3,,,,,1,1,0,0,0,0,1,1,1947-04-17,,0,,,,,,,,,,,,,,,,
442011,0337004,2,大分県,オオイタケン,Oita,,,,大分市,オオイタシ,Oita-shi,,,,横尾東町,ヨコオヒガシマチ,Yokohigashimachi,４丁目,４チョウメ,4,,,,,1,1,0,0,0,0,1,1,1947-04-17,,0,,,,,,,,,,,,,,,,
442011,0338001,2,大分県,オオイタケン,Oita,,,,大分市,オオイタシ,Oita-shi,,,,椿が丘,ツバキガオカ,Tsubakigaoka,１丁目,１チョウメ,1,,,,,1,1,0,0,0,0,1,1,1947-04-17,,0,,,,,,,,,,,,,,,,
442011,0338002,2,大分県,オオイタケン,Oita,,,,大分市,オオイタシ,Oita-shi,,,,椿が丘,ツバキガオカ,Tsubakigaoka,２丁目,２チョウメ,2,,,,,1,1,0,0,0,0,1,1,1947-04-17,,0,,,,,,,,,,,,,,,,
442011,0339001,2,大分県,オオイタケン,Oita,,,,大分市,オオイタシ,Oita-shi,,,,雄城台中央,オギノダイチュウオウ,Oginodaichuo,１丁目,１チョウメ,1,,,,,1,1,0,0,0,0,1,1,1947-04-17,,0,,,,,,,,,,,,,,,,
442011,0339002,2,大分県,オオイタケン,Oita,,,,大分市,オオイタシ,Oita-shi,,,,雄城台中央,オギノダイチュウオウ,Oginodaichuo,２丁目,２チョウメ,2,,,,,1,1,0,0,0,0,1,1,1947-04-17,,0,,,,,,,,,,,,,,,,
442011,0340001,2,大分県,オオイタケン,Oita,,,,大分市,オオイタシ,Oita-shi,,,,上宗方南,カミムナカタミナミ,Kamimunakataminami,１丁目,１チョウメ,1,,,,,1,1,0,0,0,0,1,1,1947-04-17,,0,,,,,,,,,,,,,,,,
442011,0340002,2,大分県,オオイタケン,Oita,,,,大分市,オオイタシ,Oita-shi,,,,上宗方南,カミムナカタミナミ,Kamimunakataminami,２丁目,２チョウメ,2,,,,,1,1,0,0,0,0,1,1,1947-04-17,,0,,,,,,,,,,,,,,,,
442011,0340003,2,大分県,オオイタケン,Oita,,,,大分市,オオイタシ,Oita-shi,,,,上宗方南,カミムナカタミナミ,Kamimunakataminami,３丁目,３チョウメ,3,,,,,1,1,0,0,0,0,1,1,1947-04-17,,0,,,,,,,,,,,,,,,,
442011,0341000,1,大分県,オオイタケン,Oita,,,,大分市,オオイタシ,Oita-shi,,,,雄城台,オギノダイ,Oginodai,,,,,,,,1,1,0,0,0,0,1,1,1947-04-17,,0,8701165,,,,,,,,,,,,,,,
442011,0342000,1,大分県,オオイタケン,Oita,,,,大分市,オオイタシ,Oita-shi,,,,田尻東,タジリヒガシ,Tajirihigashi,,,,,,,,1,1,0,0,0,0,1,1,1947-04-17,,0,8701149,,,,,,,,,,,,,,,
442011,0343000,1,大分県,オオイタケン,Oita,,,,大分市,オオイタシ,Oita-shi,,,,田尻西,タジリニシ,Tajirinishi,,,,,,,,1,1,0,0,0,0,1,1,1947-04-17,,0,8701144,,,,,,,,,,,,,,,
442011,0344000,1,大分県,オオイタケン,Oita,,,,大分市,オオイタシ,Oita-shi,,,,田尻中央,タジリチュウオウ,Tajirichuo,,,,,,,,1,1,0,0,0,0,1,1,1947-04-17,,0,8701130,,,,,,,,,,,,,,,
442011,0345000,1,大分県,オオイタケン,Oita,,,,大分市,オオイタシ,Oita-shi,,,,田尻北,タジリキタ,Tajirikita,,,,,,,,1,1,0,0,0,0,1,1,1947-04-17,,0,8701140,,,,,,,,,,,,,,,
442011,0346000,1,大分県,オオイタケン,Oita,,,,大分市,オオイタシ,Oita-shi,,,,竹の上,タケノウエ,Takenoe,,,,,,,,1,1,0,0,0,0,1,1,1947-04-17,,0,8700882,,,,,,,,,,,,,,,
442011,0347001,2,大分県,オオイタケン,Oita,,,,大分市,オオイタシ,Oita-shi,,,,永興,リョウゴ,Ryogo,１丁目,１チョウメ,1,,,,,1,1,0,0,0,0,1,1,1947-04-17,,0,,,,,,,,,,,,,,,,
442011,0347002,2,大分県,オオイタケン,Oita,,,,大分市,オオイタシ,Oita-shi,,,,永興,リョウゴ,Ryogo,２丁目,２チョウメ,2,,,,,1,1,0,0,0,0,1,1,1947-04-17,,0,,,,,,,,,,,,,,,,
442011,0347003,2,大分県,オオイタケン,Oita,,,,大分市,オオイタシ,Oita-shi,,,,永興,リョウゴ,Ryogo,３丁目,３チョウメ,3,,,,,1,1,0,0,0,0,1,1,1947-04-17,,0,,,,,,,,,,,,,,,,
442011,0348001,2,大分県,オオイタケン,Oita,,,,大分市,オオイタシ,Oita-shi,,,,三ケ田町,ミケタマチ,Miketamachi,１丁目,１チョウメ,1,,,,,1,1,0,0,0,0,1,1,1947-04-17,,0,,,,,,,,,,,,,,,,
442011,0348002,2,大分県,オオイタケン,Oita,,,,大分市,オオイタシ,Oita-shi,,,,三ケ田町,ミケタマチ,Miketamachi,２丁目,２チョウメ,2,,,,,1,1,0,0,0,0,1,1,1947-04-17,,0,,,,,,,,,,,,,,,,
442011,0348003,2,大分県,オオイタケン,Oita,,,,大分市,オオイタシ,Oita-shi,,,,三ケ田町,ミケタマチ,Miketamachi,３丁目,３チョウメ,3,,,,,1,1,0,0,0,0,1,1,1947-04-17,,0,,,,,,,,,,,,,,,,
442011,0349000,1,大分県,オオイタケン,Oita,,,,大分市,オオイタシ,Oita-shi,,,,旭町,アサヒマチ,Asahimachi,,,,,,,,1,1,0,0,0,0,1,1,1947-04-17,,0,8700884,,,,,,,,,,,,,,,
442011,0350000,1,大分県,オオイタケン,Oita,,,,大分市,オオイタシ,Oita-shi,,,,中の瀬町,ナカノセマチ,Nakanosemachi,,,,,,,,1,1,0,0,0,0,1,1,1947-04-17,,0,8700859,,,,,,,,,,,,,,,
442011,0351001,2,大分県,オオイタケン,Oita,,,,大分市,オオイタシ,Oita-shi,,,,明磧町,アケガワラマチ,Akegawaramachi,１丁目,１チョウメ,1,,,,,1,1,0,0,0,0,1,1,1947-04-17,,0,,,,,,,,,,,,,,,,
442011,0351002,2,大分県,オオイタケン,Oita,,,,大分市,オオイタシ,Oita-shi,,,,明磧町,アケガワラマチ,Akegawaramachi,２丁目,２チョウメ,2,,,,,1,1,0,0,0,0,1,1,1947-04-17,,0,,,,,,,,,,,,,,,,
442011,0352001,2,大分県,オオイタケン,Oita,,,,大分市,オオイタシ,Oita-shi,,,,田中町,タナカマチ,Tanakamachi,１丁目,１チョウメ,1,,,,,1,1,0,0,0,0,1,1,1947-04-17,,0,,,,,,,,,,,,,,,,
442011,0352002,2,大分県,オオイタケン,Oita,,,,大分市,オオイタシ,Oita-shi,,,,田中町,タナカマチ,Tanakamachi,２丁目,２チョウメ,2,,,,,1,1,0,0,0,0,1,1,1947-04-17,,0,,,,,,,,,,,,,,,,
442011,0352003,2,大分県,オオイタケン,Oita,,,,大分市,オオイタシ,Oita-shi,,,,田中町,タナカマチ,Tanakamachi,３丁目,３チョウメ,3,,,,,1,1,0,0,0,0,1,1,1947-04-17,,0,,,,,,,,,,,,,,,,
442011,0353001,2,大分県,オオイタケン,Oita,,,,大分市,オオイタシ,Oita-shi,,,,二又町,フタマタマチ,Futamatamachi,１丁目,１チョウメ,1,,,,,1,1,0,0,0,0,1,1,1947-04-17,,0,,,,,,,,,,,,,,,,
442011,0353002,2,大分県,オオイタケン,Oita,,,,大分市,オオイタシ,Oita-shi,,,,二又町,フタマタマチ,Futamatamachi,２丁目,２チョウメ,2,,,,,1,1,0,0,0,0,1,1,1947-04-17,,0,,,,,,,,,,,,,,,,
442011,0353003,2,大分県,オオイタケン,Oita,,,,大分市,オオイタシ,Oita-shi,,,,二又町,フタマタマチ,Futamatamachi,３丁目,３チョウメ,3,,,,,1,1,0,0,0,0,1,1,1947-04-17,,0,,,,,,,,,,,,,,,,
442011,0354001,2,大分県,オオイタケン,Oita,,,,大分市,オオイタシ,Oita-shi,,,,豊饒,ブニョウ,Bunyo,１丁目,１チョウメ,1,,,,,1,1,0,0,0,0,1,1,1947-04-17,,0,,,,,,,,,,,,,,,,
442011,0354002,2,大分県,オオイタケン,Oita,,,,大分市,オオイタシ,Oita-shi,,,,豊饒,ブニョウ,Bunyo,２丁目,２チョウメ,2,,,,,1,1,0,0,0,0,1,1,1947-04-17,,0,,,,,,,,,,,,,,,,
442011,0354003,2,大分県,オオイタケン,Oita,,,,大分市,オオイタシ,Oita-shi,,,,豊饒,ブニョウ,Bunyo,３丁目,３チョウメ,3,,,,,1,1,0,0,0,0,1,1,1947-04-17,,0,,,,,,,,,,,,,,,,
442011,0455001,2,大分県,オオイタケン,Oita,,,,大分市,オオイタシ,Oita-shi,,,,畑中,ハタケナカ,Hatakenaka,１丁目,１チョウメ,1,,,,,1,1,0,0,0,0,1,1,1947-04-17,,0,,,,,,,,,,,,,,,,
442011,0455002,2,大分県,オオイタケン,Oita,,,,大分市,オオイタシ,Oita-shi,,,,畑中,ハタケナカ,Hatakenaka,２丁目,２チョウメ,2,,,,,1,1,0,0,0,0,1,1,1947-04-17,,0,,,,,,,,,,,,,,,,
442011,0455003,2,大分県,オオイタケン,Oita,,,,大分市,オオイタシ,Oita-shi,,,,畑中,ハタケナカ,Hatakenaka,３丁目,３チョウメ,3,,,,,1,1,0,0,0,0,1,1,1947-04-17,,0,,,,,,,,,,,,,,,,
442011,0455004,2,大分県,オオイタケン,Oita,,,,大分市,オオイタシ,Oita-shi,,,,畑中,ハタケナカ,Hatakenaka,４丁目,４チョウメ,4,,,,,1,1,0,0,0,0,1,1,1947-04-17,,0,,,,,,,,,,,,,,,,
442011,0455005,2,大分県,オオイタケン,Oita,,,,大分市,オオイタシ,Oita-shi,,,,畑中,ハタケナカ,Hatakenaka,５丁目,５チョウメ,5,,,,,1,1,0,0,0,0,1,1,1947-04-17,,0,,,,,,,,,,,,,,,,
442011,0456001,2,大分県,オオイタケン,Oita,,,,大分市,オオイタシ,Oita-shi,,,,森町西,モリマチニシ,Morimachinishi,１丁目,１チョウメ,1,,,,,1,1,0,0,0,0,1,1,1947-04-17,,0,,,,,,,,,,,,,,,,
442011,0456002,2,大分県,オオイタケン,Oita,,,,大分市,オオイタシ,Oita-shi,,,,森町西,モリマチニシ,Morimachinishi,２丁目,２チョウメ,2,,,,,1,1,0,0,0,0,1,1,1947-04-17,,0,,,,,,,,,,,,,,,,
442011,0456003,2,大分県,オオイタケン,Oita,,,,大分市,オオイタシ,Oita-shi,,,,森町西,モリマチニシ,Morimachinishi,３丁目,３チョウメ,3,,,,,1,1,0,0,0,0,1,1,1947-04-17,,0,,,,,,,,,,,,,,,,
442011,0456004,2,大分県,オオイタケン,Oita,,,,大分市,オオイタシ,Oita-shi,,,,森町西,モリマチニシ,Morimachinishi,４丁目,４チョウメ,4,,,,,1,1,0,0,0,0,1,1,1947-04-17,,0,,,,,,,,,,,,,,,,
442011,0456005,2,大分県,オオイタケン,Oita,,,,大分市,オオイタシ,Oita-shi,,,,森町西,モリマチニシ,Morimachinishi,５丁目,５チョウメ,5,,,,,1,1,0,0,0,0,1,1,1947-04-17,,0,,,,,,,,,,,,,,,,
442011,0458000,1,大分県,オオイタケン,Oita,,,,大分市,オオイタシ,Oita-shi,,,,大字関,オオアザセキ,,,,,,,,,0,0,0,0,0,0,1,1,1947-04-17,,0,,,,,,,,,,,,,,,,
442011,0459000,1,大分県,オオイタケン,Oita,,,,大分市,オオイタシ,Oita-shi,,,,大字高松,オオアザタカマツ,Takamatsu,,,,,,,,0,0,0,0,0,0,1,1,1947-04-17,,0,8700917,,,,,,,,,,,,,,,
442011,0460000,1,大分県,オオイタケン,Oita,,,,大分市,オオイタシ,Oita-shi,,,,大字今津留,オオアザイマヅル,Imazuru,,,,,,,,0,0,0,0,0,0,1,1,1947-04-17,,0,8700938,,,,,,,,,,,,,,,
442011,0461000,1,大分県,オオイタケン,Oita,,,,大分市,オオイタシ,Oita-shi,,,,大字三川,オオアザミツガワ,,,,,,,,,0,0,0,0,0,0,1,1,1947-04-17,,0,,,,,,,,,,,,,,,,
442011,0462000,1,大分県,オオイタケン,Oita,,,,大分市,オオイタシ,Oita-shi,,,,大字上野,オオアザウエノ,,,,,,,,,0,0,0,0,0,0,1,1,1947-04-17,,0,,,,,,,,,,,,,,,,
442011,0463000,1,大分県,オオイタケン,Oita,,,,大分市,オオイタシ,Oita-shi,,,,大字津留,オオアザツル,Tsuru,,,,,,,,0,0,0,0,0,0,1,1,1947-04-17,,0,8700930,,,,,,,,,,,,,,,
442011,0464000,1,大分県,オオイタケン,Oita,,,,大分市,オオイタシ,Oita-shi,,,,大字萩原,オオアザハギワラ,Hagiwara,,,,,,,,0,0,0,0,0,0,1,1,1947-04-17,,0,8700921,,,,,,,,,,,,,,,
442011,0465000,1,大分県,オオイタケン,Oita,,,,大分市,オオイタシ,Oita-shi,,,,弁天町,ベンテンマチ,,,,,,,,,1,1,0,0,0,0,1,1,1947-04-17,,0,,,,,,,,,,,,,,,,
442011,0466001,2,大分県,オオイタケン,Oita,,,,大分市,オオイタシ,Oita-shi,,,,羽屋,ハヤ,Haya,１丁目,１チョウメ,1,,,,,1,1,0,0,0,0,1,1,1947-04-17,,0,,,,,,,,,,,,,,,,
442011,0466002,2,大分県,オオイタケン,Oita,,,,大分市,オオイタシ,Oita-shi,,,,羽屋,ハヤ,Haya,２丁目,２チョウメ,2,,,,,1,1,0,0,0,0,1,1,1947-04-17,,0,,,,,,,,,,,,,,,,
442011,0466003,2,大分県,オオイタケン,Oita,,,,大分市,オオイタシ,Oita-shi,,,,羽屋,ハヤ,Haya,３丁目,３チョウメ,3,,,,,1,1,0,0,0,0,1,1,1947-04-17,,0,,,,,,,,,,,,,,,,
442011,0466004,2,大分県,オオイタケン,Oita,,,,大分市,オオイタシ,Oita-shi,,,,羽屋,ハヤ,Haya,４丁目,４チョウメ,4,,,,,1,1,0,0,0,0,1,1,1947-04-17,,0,,,,,,,,,,,,,,,,
442011,0467001,2,大分県,オオイタケン,Oita,,,,大分市,オオイタシ,Oita-shi,,,,羽屋新町,ハヤシンマチ,Hayashimmachi,１丁目,１チョウメ,1,,,,,1,1,0,0,0,0,1,1,1947-04-17,,0,,,,,,,,,,,,,,,,
442011,0467002,2,大分県,オオイタケン,Oita,,,,大分市,オオイタシ,Oita-shi,,,,羽屋新町,ハヤシンマチ,Hayashimmachi,２丁目,２チョウメ,2,,,,,1,1,0,0,0,0,1,1,1947-04-17,,0,,,,,,,,,,,,,,,,
442011,0467003,2,大分県,オオイタケン,Oita,,,,大分市,オオイタシ,Oita-shi,,,,羽屋新町,ハヤシンマチ,Hayashimmachi,３丁目,３チョウメ,3,,,,,1,1,0,0,0,0,1,1,1947-04-17,,0,,,,,,,,,,,,,,,,
442011,0468001,2,大分県,オオイタケン,Oita,,,,大分市,オオイタシ,Oita-shi,,,,荏隈町,エノクママチ,Enokumamachi,１丁目,１チョウメ,1,,,,,1,1,0,0,0,0,1,1,1947-04-17,,0,,,,,,,,,,,,,,,,
442011,0468002,2,大分県,オオイタケン,Oita,,,,大分市,オオイタシ,Oita-shi,,,,荏隈町,エノクママチ,Enokumamachi,２丁目,２チョウメ,2,,,,,1,1,0,0,0,0,1,1,1947-04-17,,0,,,,,,,,,,,,,,,,
442011,0469001,2,大分県,オオイタケン,Oita,,,,大分市,オオイタシ,Oita-shi,,,,花園,ハナゾノ,Hanazono,１丁目,１チョウメ,1,,,,,1,1,0,0,0,0,1,1,1947-04-17,,0,,,,,,,,,,,,,,,,
442011,0469002,2,大分県,オオイタケン,Oita,,,,大分市,オオイタシ,Oita-shi,,,,花園,ハナゾノ,Hanazono,２丁目,２チョウメ,2,,,,,1,1,0,0,0,0,1,1,1947-04-17,,0,,,,,,,,,,,,,,,,
442011,0469003,2,大分県,オオイタケン,Oita,,,,大分市,オオイタシ,Oita-shi,,,,花園,ハナゾノ,Hanazono,３丁目,３チョウメ,3,,,,,1,1,0,0,0,0,1,1,1947-04-17,,0,,,,,,,,,,,,,,,,
442011,0470001,2,大分県,オオイタケン,Oita,,,,大分市,オオイタシ,Oita-shi,,,,賀来新川,カクシンカワ,Kakushinkawa,１丁目,１チョウメ,1,,,,,1,1,0,0,0,0,1,1,1947-04-17,,0,,,,,,,,,,,,,,,,
442011,0470002,2,大分県,オオイタケン,Oita,,,,大分市,オオイタシ,Oita-shi,,,,賀来新川,カクシンカワ,Kakushinkawa,２丁目,２チョウメ,2,,,,,1,1,0,0,0,0,1,1,1947-04-17,,0,,,,,,,,,,,,,,,,
442011,0471001,2,大分県,オオイタケン,Oita,,,,大分市,オオイタシ,Oita-shi,,,,古国府,フルゴウ,Furugo,１丁目,１チョウメ,1,,,,,1,1,0,0,0,0,1,1,1947-04-17,,0,,,,,,,,,,,,,,,,
442011,0471002,2,大分県,オオイタケン,Oita,,,,大分市,オオイタシ,Oita-shi,,,,古国府,フルゴウ,Furugo,２丁目,２チョウメ,2,,,,,1,1,0,0,0,0,1,1,1947-04-17,,0,,,,,,,,,,,,,,,,
442011,0471003,2,大分県,オオイタケン,Oita,,,,大分市,オオイタシ,Oita-shi,,,,古国府,フルゴウ,Furugo,３丁目,３チョウメ,3,,,,,1,1,0,0,0,0,1,1,1947-04-17,,0,,,,,,,,,,,,,,,,
442011,0471004,2,大分県,オオイタケン,Oita,,,,大分市,オオイタシ,Oita-shi,,,,古国府,フルゴウ,Furugo,４丁目,４チョウメ,4,,,,,1,1,0,0,0,0,1,1,1947-04-17,,0,,,,,,,,,,,,,,,,
442011,0471005,2,大分県,オオイタケン,Oita,,,,大分市,オオイタシ,Oita-shi,,,,古国府,フルゴウ,Furugo,５丁目,５チョウメ,5,,,,,1,1,0,0,0,0,1,1,1947-04-17,,0,,,,,,,,,,,,,,,,
442011,0471006,2,大分県,オオイタケン,Oita,,,,大分市,オオイタシ,Oita-shi,,,,古国府,フルゴウ,Furugo,６丁目,６チョウメ,6,,,,,1,1,0,0,0,0,1,1,1947-04-17,,0,,,,,,,,,,,,,,,,
442011,0472001,2,大分県,オオイタケン,Oita,,,,大分市,オオイタシ,Oita-shi,,,,広瀬町,ヒロセマチ,Hirosemachi,１丁目,１チョウメ,1,,,,,1,1,0,0,0,0,1,1,1947-04-17,,0,,,,,,,,,,,,,,,,
442011,0472002,2,大分県,オオイタケン,Oita,,,,大分市,オオイタシ,Oita-shi,,,,広瀬町,ヒロセマチ,Hirosemachi,２丁目,２チョウメ,2,,,,,1,1,0,0,0,0,1,1,1947-04-17,,0,,,,,,,,,,,,,,,,
442011,0473001,2,大分県,オオイタケン,Oita,,,,大分市,オオイタシ,Oita-shi,,,,上田町,ウエダマチ,Uedamachi,１丁目,１チョウメ,1,,,,,1,1,0,0,0,0,1,1,1947-04-17,,0,,,,,,,,,,,,,,,,
442011,0473002,2,大分県,オオイタケン,Oita,,,,大分市,オオイタシ,Oita-shi,,,,上田町,ウエダマチ,Uedamachi,２丁目,２チョウメ,2,,,,,1,1,0,0,0,0,1,1,1947-04-17,,0,,,,,,,,,,,,,,,,
442011,0473003,2,大分県,オオイタケン,Oita,,,,大分市,オオイタシ,Oita-shi,,,,上田町,ウエダマチ,Uedamachi,３丁目,３チョウメ,3,,,,,1,1,0,0,0,0,1,1,1947-04-17,,0,,,,,,,,,,,,,,,,
442011,0474001,2,大分県,オオイタケン,Oita,,,,大分市,オオイタシ,Oita-shi,,,,南太平寺,ミナミタイヘイジ,Minamitaiheiji,１丁目,１チョウメ,1,,,,,1,1,0,0,0,0,1,1,1947-04-17,,0,,,,,,,,,,,,,,,,
442011,0474002,2,大分県,オオイタケン,Oita,,,,大分市,オオイタシ,Oita-shi,,,,南太平寺,ミナミタイヘイジ,Minamitaiheiji,２丁目,２チョウメ,2,,,,,1,1,0,0,0,0,1,1,1947-04-17,,0,,,,,,,,,,,,,,,,
442011,0474003,2,大分県,オオイタケン,Oita,,,,大分市,オオイタシ,Oita-shi,,,,南太平寺,ミナミタイヘイジ,Minamitaiheiji,３丁目,３チョウメ,3,,,,,1,1,0,0,0,0,1,1,1947-04-17,,0,,,,,,,,,,,,,,,,
442011,0474004,2,大分県,オオイタケン,Oita,,,,大分市,オオイタシ,Oita-shi,,,,南太平寺,ミナミタイヘイジ,Minamitaiheiji,４丁目,４チョウメ,4,,,,,1,1,0,0,0,0,1,1,1947-04-17,,0,,,,,,,,,,,,,,,,
442011,0475001,2,大分県,オオイタケン,Oita,,,,大分市,オオイタシ,Oita-shi,,,,尼が瀬,アマガセ,Amagase,１丁目,１チョウメ,1,,,,,1,1,0,0,0,0,1,1,1947-04-17,,0,,,,,,,,,,,,,,,,
442011,0475002,2,大分県,オオイタケン,Oita,,,,大分市,オオイタシ,Oita-shi,,,,尼が瀬,アマガセ,Amagase,２丁目,２チョウメ,2,,,,,1,1,0,0,0,0,1,1,1947-04-17,,0,,,,,,,,,,,,,,,,
442011,0475003,2,大分県,オオイタケン,Oita,,,,大分市,オオイタシ,Oita-shi,,,,尼が瀬,アマガセ,Amagase,３丁目,３チョウメ,3,,,,,1,1,0,0,0,0,1,1,1947-04-17,,0,,,,,,,,,,,,,,,,
442011,0476001,2,大分県,オオイタケン,Oita,,,,大分市,オオイタシ,Oita-shi,,,,木上台,キノウエダイ,Kinoedai,１丁目,１チョウメ,1,,,,,1,1,0,0,0,0,1,1,1947-04-17,,0,,,,,,,,,,,,,,,,
442011,0476002,2,大分県,オオイタケン,Oita,,,,大分市,オオイタシ,Oita-shi,,,,木上台,キノウエダイ,Kinoedai,２丁目,２チョウメ,2,,,,,1,1,0,0,0,0,1,1,1947-04-17,,0,,,,,,,,,,,,,,,,
442011,0478000,1,大分県,オオイタケン,Oita,,,,大分市,オオイタシ,Oita-shi,,,,大字原,オオアザハル,,,,,,,,,0,0,0,0,0,0,1,0,1947-04-17,,1,,,,,,,,,,,,,,,,
442011,0479001,2,大分県,オオイタケン,Oita,,,,大分市,オオイタシ,Oita-shi,,,,新川西,シンカワニシ,,１丁目,１チョウメ,1,,,,,1,1,0,0,0,0,1,1,2021-12-07,,0,,,,,,,,,,,,,,,,
442011,0479002,2,大分県,オオイタケン,Oita,,,,大分市,オオイタシ,Oita-shi,,,,新川西,シンカワニシ,,２丁目,２チョウメ,2,,,,,1,1,0,0,0,0,1,1,2021-12-07,,0,,,,,,,,,,,,,,,,
442011,0480001,2,大分県,オオイタケン,Oita,,,,大分市,オオイタシ,Oita-shi,,,,ふじが丘東,フジガオカヒガシ,,１丁目,１チョウメ,1,,,,,1,1,0,0,0,0,1,1,2021-12-07,,0,,,,,,,,,,,,,,,,
442011,0480002,2,大分県,オオイタケン,Oita,,,,大分市,オオイタシ,Oita-shi,,,,ふじが丘東,フジガオカヒガシ,,２丁目,２チョウメ,2,,,,,1,1,0,0,0,0,1,1,2021-12-07,,0,,,,,,,,,,,,,,,,
442011,0480003,2,大分県,オオイタケン,Oita,,,,大分市,オオイタシ,Oita-shi,,,,ふじが丘東,フジガオカヒガシ,,３丁目,３チョウメ,3,,,,,1,1,0,0,0,0,1,1,2021-12-07,,0,,,,,,,,,,,,,,,,
442011,0481001,2,大分県,オオイタケン,Oita,,,,大分市,オオイタシ,Oita-shi,,,,城南北,ジョウナンキタ,,１丁目,１チョウメ,1,,,,,1,1,0,0,0,0,1,1,2021-12-07,,0,,,,,,,,,,,,,,,,
442011,0481002,2,大分県,オオイタケン,Oita,,,,大分市,オオイタシ,Oita-shi,,,,城南北,ジョウナンキタ,,２丁目,２チョウメ,2,,,,,1,1,0,0,0,0,1,1,2021-12-07,,0,,,,,,,,,,,,,,,,
442011,0482001,2,大分県,オオイタケン,Oita,,,,大分市,オオイタシ,Oita-shi,,,,城南東,ジョウナンヒガシ,,１丁目,１チョウメ,1,,,,,1,1,0,0,0,0,1,1,2021-12-07,,0,,,,,,,,,,,,,,,,
442011,0482002,2,大分県,オオイタケン,Oita,,,,大分市,オオイタシ,Oita-shi,,,,城南東,ジョウナンヒガシ,,２丁目,２チョウメ,2,,,,,1,1,0,0,0,0,1,1,2021-12-07,,0,,,,,,,,,,,,,,,,
442011,0483001,2,大分県,オオイタケン,Oita,,,,大分市,オオイタシ,Oita-shi,,,,ふじが丘北,フジガオカキタ,,１丁目,１チョウメ,1,,,,,1,1,0,0,0,0,1,1,2021-12-07,,0,,,,,,,,,,,,,,,,
442011,0483002,2,大分県,オオイタケン,Oita,,,,大分市,オオイタシ,Oita-shi,,,,ふじが丘北,フジガオカキタ,,２丁目,２チョウメ,2,,,,,1,1,0,0,0,0,1,1,2021-12-07,,0,,,,,,,,,,,,,,,,
442011,0484001,2,大分県,オオイタケン,Oita,,,,大分市,オオイタシ,Oita-shi,,,,ふじが丘西,フジガオカニシ,,１丁目,１チョウメ,1,,,,,1,1,0,0,0,0,1,1,2021-12-07,,0,,,,,,,,,,,,,,,,
442011,0484002,2,大分県,オオイタケン,Oita,,,,大分市,オオイタシ,Oita-shi,,,,ふじが丘西,フジガオカニシ,,２丁目,２チョウメ,2,,,,,1,1,0,0,0,0,1,1,2021-12-07,,0,,,,,,,,,,,,,,,,
442011,0484003,2,大分県,オオイタケン,Oita,,,,大分市,オオイタシ,Oita-shi,,,,ふじが丘西,フジガオカニシ,,３丁目,３チョウメ,3,,,,,1,1,0,0,0,0,1,1,2021-12-07,,0,,,,,,,,,,,,,,,,
442011,0485001,2,大分県,オオイタケン,Oita,,,,大分市,オオイタシ,Oita-shi,,,,梅が丘,ウメガオカ,,１丁目,１チョウメ,1,,,,,1,1,0,0,0,0,1,1,2022-10-25,,0,,,,,,,,,,,,,,,,
442011,0485002,2,大分県,オオイタケン,Oita,,,,大分市,オオイタシ,Oita-shi,,,,梅が丘,ウメガオカ,,２丁目,２チョウメ,2,,,,,1,1,0,0,0,0,1,1,2022-10-25,,0,,,,,,,,,,,,,,,,
442011,0485003,2,大分県,オオイタケン,Oita,,,,大分市,オオイタシ,Oita-shi,,,,梅が丘,ウメガオカ,,３丁目,３チョウメ,3,,,,,1,1,0,0,0,0,1,1,2022-10-25,,0,,,,,,,,,,,,,,,,
442011,0486001,2,大分県,オオイタケン,Oita,,,,大分市,オオイタシ,Oita-shi,,,,城南西,ジョウナンニシ,,１丁目,１チョウメ,1,,,,,1,1,0,0,0,0,1,1,2021-12-07,,0,,,,,,,,,,,,,,,,
442011,0486002,2,大分県,オオイタケン,Oita,,,,大分市,オオイタシ,Oita-shi,,,,城南西,ジョウナンニシ,,２丁目,２チョウメ,2,,,,,1,1,0,0,0,0,1,1,2021-12-07,,0,,,,,,,,,,,,,,,,
442011,0487001,2,大分県,オオイタケン,Oita,,,,大分市,オオイタシ,Oita-shi,,,,ふじが丘南,フジガオカミナミ,,１丁目,１チョウメ,1,,,,,1,1,0,0,0,0,1,1,2021-12-07,,0,,,,,,,,,,,,,,,,
442011,0487002,2,大分県,オオイタケン,Oita,,,,大分市,オオイタシ,Oita-shi,,,,ふじが丘南,フジガオカミナミ,,２丁目,２チョウメ,2,,,,,1,1,0,0,0,0,1,1,2021-12-07,,0,,,,,,,,,,,,,,,,
442011,0487003,2,大分県,オオイタケン,Oita,,,,大分市,オオイタシ,Oita-shi,,,,ふじが丘南,フジガオカミナミ,,３丁目,３チョウメ,3,,,,,1,1,0,0,0,0,1,1,2021-12-07,,0,,,,,,,,,,,,,,,,
442011,0488001,2,大分県,オオイタケン,Oita,,,,大分市,オオイタシ,Oita-shi,,,,ふじが丘山手,フジガオカヤマテ,,１丁目,１チョウメ,1,,,,,1,1,0,0,0,0,1,1,2021-12-07,,0,,,,,,,,,,,,,,,,
442011,0488002,2,大分県,オオイタケン,Oita,,,,大分市,オオイタシ,Oita-shi,,,,ふじが丘山手,フジガオカヤマテ,,２丁目,２チョウメ,2,,,,,1,1,0,0,0,0,1,1,2021-12-07,,0,,,,,,,,,,,,,,,,
442011,0488003,2,大分県,オオイタケン,Oita,,,,大分市,オオイタシ,Oita-shi,,,,ふじが丘山手,フジガオカヤマテ,,３丁目,３チョウメ,3,,,,,1,1,0,0,0,0,1,1,2021-12-07,,0,,,,,,,,,,,,,,,,
442011,0489000,1,大分県,オオイタケン,Oita,,,,大分市,オオイタシ,Oita-shi,,,,国分台,コクブダイ,,,,,,,,,1,1,0,0,0,0,1,1,2022-10-25,,0,,,,,,,,,,,,,,,,
442011,0490001,2,大分県,オオイタケン,Oita,,,,大分市,オオイタシ,Oita-shi,,,,城南南,ジョウナンミナミ,,１丁目,１チョウメ,1,,,,,1,1,0,0,0,0,1,1,2021-12-07,,0,,,,,,,,,,,,,,,,
442011,0490002,2,大分県,オオイタケン,Oita,,,,大分市,オオイタシ,Oita-shi,,,,城南南,ジョウナンミナミ,,２丁目,２チョウメ,2,,,,,1,1,0,0,0,0,1,1,2021-12-07,,0,,,,,,,,,,,,,,,,
442011,0492000,1,大分県,オオイタケン,Oita,,,,大分市,オオイタシ,Oita-shi,,,,大字豊饒,オオアザブニョウ,,,,,,,,,0,0,0,0,0,0,1,1,1970-01-01,,0,,,,,,,,,,,,,,,,
442011,0499000,1,大分県,オオイタケン,Oita,,,,大分市,オオイタシ,Oita-shi,,,,大字新貝,オオアザシンガイ,,,,,,,,,0,0,0,0,0,0,1,0,1947-04-17,,1,,,,,,,,,,,,,,,,
442011,0500000,1,大分県,オオイタケン,Oita,,,,大分市,オオイタシ,Oita-shi,,,,新町,シンマチ,,,,,,,,,1,1,0,0,0,0,1,0,1947-04-17,,1,,,,,,,,,,,,,,,,
442011,0501000,1,大分県,オオイタケン,Oita,,,,大分市,オオイタシ,Oita-shi,,,,王子山の手町,オウジヤマノテマチ,,,,,,,,,1,1,0,0,0,0,1,0,1947-04-17,,1,,,,,,,,,,,,,,,,
442011,0502001,2,大分県,オオイタケン,Oita,,,,大分市,オオイタシ,Oita-shi,,,,新明治,シンメイジ,,１丁目,１チョウメ,1,,,,,1,1,0,0,0,0,1,0,1947-04-17,,1,,,,,,,,,,,,,,,,
442011,0502002,2,大分県,オオイタケン,Oita,,,,大分市,オオイタシ,Oita-shi,,,,新明治,シンメイジ,,２丁目,２チョウメ,2,,,,,1,1,0,0,0,0,1,0,1947-04-17,,1,,,,,,,,,,,,,,,,
442011,0502003,2,大分県,オオイタケン,Oita,,,,大分市,オオイタシ,Oita-shi,,,,新明治,シンメイジ,,３丁目,３チョウメ,3,,,,,1,1,0,0,0,0,1,0,1947-04-17,,1,,,,,,,,,,,,,,,,
442011,0502004,2,大分県,オオイタケン,Oita,,,,大分市,オオイタシ,Oita-shi,,,,新明治,シンメイジ,,４丁目,４チョウメ,4,,,,,1,1,0,0,0,0,1,0,1947-04-17,,1,,,,,,,,,,,,,,,,
442011,0502005,2,大分県,オオイタケン,Oita,,,,大分市,オオイタシ,Oita-shi,,,,新明治,シンメイジ,,５丁目,５チョウメ,5,,,,,1,1,0,0,0,0,1,0,1947-04-17,,1,,,,,,,,,,,,,,,,
442011,0502006,2,大分県,オオイタケン,Oita,,,,大分市,オオイタシ,Oita-shi,,,,新明治,シンメイジ,,６丁目,６チョウメ,6,,,,,1,1,0,0,0,0,1,0,1947-04-17,,1,,,,,,,,,,,,,,,,
442011,0503001,2,大分県,オオイタケン,Oita,,,,大分市,オオイタシ,Oita-shi,,,,萌葱台,モエギダイ,,１丁目,１チョウメ,1,,,,,1,1,0,0,0,0,1,0,1947-04-17,,1,,,,,,,,,,,,,,,,
442011,0503002,2,大分県,オオイタケン,Oita,,,,大分市,オオイタシ,Oita-shi,,,,萌葱台,モエギダイ,,２丁目,２チョウメ,2,,,,,1,1,0,0,0,0,1,0,1947-04-17,,1,,,,,,,,,,,,,,,,
442011,0504000,1,大分県,オオイタケン,Oita,,,,大分市,オオイタシ,Oita-shi,,,,宗方台北,ムナカタダイキタ,Munakatadaikita,,,,,,,,1,1,0,0,0,0,1,0,2025-01-11,,1,,,,,,,,,,,,,,,,
442011,0505000,1,大分県,オオイタケン,Oita,,,,大分市,オオイタシ,Oita-shi,,,,宗方台東,ムナカタダイヒガシ,Munakatadaihigashi,,,,,,,,1,1,0,0,0,0,1,0,2025-01-11,,1,,,,,,,,,,,,,,,,
442011,0506000,1,大分県,オオイタケン,Oita,,,,大分市,オオイタシ,Oita-shi,,,,宗方台西,ムナカタダイニシ,Munakatadainishi,,,,,,,,1,1,0,0,0,0,1,0,2025-01-11,,1,,,,,,,,,,,,,,,,
442011,0507001,2,大分県,オオイタケン,Oita,,,,大分市,オオイタシ,Oita-shi,,,,深河内,フカガワウチ,Fukagawauchi,１丁目,１チョウメ,1,,,,,1,1,0,0,0,0,1,0,2025-01-11,,1,,,,,,,,,,,,,,,,
442011,0507002,2,大分県,オオイタケン,Oita,,,,大分市,オオイタシ,Oita-shi,,,,深河内,フカガワウチ,Fukagawauchi,２丁目,２チョウメ,2,,,,,1,1,0,0,0,0,1,0,2025-01-11,,1,,,,,,,,,,,,,,,,
442011,0507003,2,大分県,オオイタケン,Oita,,,,大分市,オオイタシ,Oita-shi,,,,深河内,フカガワウチ,Fukagawauchi,３丁目,３チョウメ,3,,,,,1,1,0,0,0,0,1,0,2025-01-11,,1,,,,,,,,,,,,,,,,
442011,0508001,2,大分県,オオイタケン,Oita,,,,大分市,オオイタシ,Oita-shi,,,,明野高城,アケノタカジョウ,Akenotakajo,一丁目,１チョウメ,1,,,,,1,1,0,0,0,0,1,0,2025-11-08,,1,,,,,,,,,,,,,,,,
442011,0508002,2,大分県,オオイタケン,Oita,,,,大分市,オオイタシ,Oita-shi,,,,明野高城,アケノタカジョウ,Akenotakajo,二丁目,２チョウメ,2,,,,,1,1,0,0,0,0,1,0,2025-11-08,,1,,,,,,,,,,,,,,,,
442011,0509001,2,大分県,オオイタケン,Oita,,,,大分市,オオイタシ,Oita-shi,,,,光吉新町,ミツヨシシンマチ,Mitsuyoshishinmachi,一丁目,１チョウメ,1,,,,,1,1,0,0,0,0,1,0,2025-11-08,,1,,,,,,,,,,,,,,,,
442011,0509002,2,大分県,オオイタケン,Oita,,,,大分市,オオイタシ,Oita-shi,,,,光吉新町,ミツヨシシンマチ,Mitsuyoshishinmachi,二丁目,２チョウメ,2,,,,,1,1,0,0,0,0,1,0,2025-11-08,,1,,,,,,,,,,,,,,,,
442011,0509003,2,大分県,オオイタケン,Oita,,,,大分市,オオイタシ,Oita-shi,,,,光吉新町,ミツヨシシンマチ,Mitsuyoshishinmachi,三丁目,３チョウメ,3,,,,,1,1,0,0,0,0,1,0,2025-11-08,,1,,,,,,,,,,,,,,,,
442011,0509004,2,大分県,オオイタケン,Oita,,,,大分市,オオイタシ,Oita-shi,,,,光吉新町,ミツヨシシンマチ,Mitsuyoshishinmachi,四丁目,４チョウメ,4,,,,,1,1,0,0,0,0,1,0,2025-11-08,,1,,,,,,,,,,,,,,,,
442011,0510001,2,大分県,オオイタケン,Oita,,,,大分市,オオイタシ,Oita-shi,,,,高城台,タカジョウダイ,Takajodai,一丁目,１チョウメ,1,,,,,1,1,0,0,0,0,1,0,2025-11-08,,1,,,,,,,,,,,,,,,,
442011,0510002,2,大分県,オオイタケン,Oita,,,,大分市,オオイタシ,Oita-shi,,,,高城台,タカジョウダイ,Takajodai,二丁目,２チョウメ,2,,,,,1,1,0,0,0,0,1,0,2025-11-08,,1,,,,,,,,,,,,,,,,
442011,0510003,2,大分県,オオイタケン,Oita,,,,大分市,オオイタシ,Oita-shi,,,,高城台,タカジョウダイ,Takajodai,三丁目,３チョウメ,3,,,,,1,1,0,0,0,0,1,0,2025-11-08,,1,,,,,,,,,,,,,,,,
442011,0510004,2,大分県,オオイタケン,Oita,,,,大分市,オオイタシ,Oita-shi,,,,高城台,タカジョウダイ,Takajodai,四丁目,４チョウメ,4,,,,,1,1,0,0,0,0,1,0,2025-11-08,,1,,,,,,,,,,,,,,,,
442011,0511001,2,大分県,オオイタケン,Oita,,,,大分市,オオイタシ,Oita-shi,,,,光吉台,ミツヨシダイ,Mitsuyoshidai,一丁目,１チョウメ,1,,,,,1,1,0,0,0,0,1,0,2025-11-08,,1,,,,,,,,,,,,,,,,
442011,0511002,2,大分県,オオイタケン,Oita,,,,大分市,オオイタシ,Oita-shi,,,,光吉台,ミツヨシダイ,Mitsuyoshidai,二丁目,２チョウメ,2,,,,,1,1,0,0,0,0,1,0,2025-11-08,,1,,,,,,,,,,,,,,,,
442011,0511003,2,大分県,オオイタケン,Oita,,,,大分市,オオイタシ,Oita-shi,,,,光吉台,ミツヨシダイ,Mitsuyoshidai,三丁目,３チョウメ,3,,,,,1,1,0,0,0,0,1,0,2025-11-08,,1,,,,,,,,,,,,,,,,
442020,0001000,1,大分県,オオイタケン,Oita,,,,別府市,ベップシ,Beppu-shi,,,,青山町,アオヤマチョウ,Aoyamacho,,,,,,,,1,1,0,0,0,0,1,1,1947-04-17,,0,8740902,,,,,,,,,,,,,,,
442020,0002000,1,大分県,オオイタケン,Oita,,,,別府市,ベップシ,Beppu-shi,,,,赤松,アカマツ,Akamatsu,,,,,,,,0,0,1,0,0,0,1,0,1947-04-17,,0,8740819,,,,,,,,,,,,,,,
442020,0003000,1,大分県,オオイタケン,Oita,,,,別府市,ベップシ,Beppu-shi,,,,秋葉町,アキバチョウ,Akibacho,,,,,,,,1,1,0,0,0,0,1,1,1947-04-17,,0,8740937,,,,,,,,,,,,,,,
442020,0004000,1,大分県,オオイタケン,Oita,,,,別府市,ベップシ,Beppu-shi,,,,朝日ケ丘町,アサヒガオカチョウ,Asahigaokacho,,,,,,,,1,1,1,0,0,0,1,0,2025-01-11,,0,8740846,,,,,,,,,,,,,,,
442020,0005001,2,大分県,オオイタケン,Oita,,,,別府市,ベップシ,Beppu-shi,,,,朝見,アサミ,Asami,１丁目,１チョウメ,1,,,,,1,1,0,0,0,0,1,1,1947-04-17,,0,,,,,,,,,,,,,,,,
442020,0005002,2,大分県,オオイタケン,Oita,,,,別府市,ベップシ,Beppu-shi,,,,朝見,アサミ,Asami,２丁目,２チョウメ,2,,,,,0,0,0,0,0,0,1,1,1947-04-17,,0,,,,,,,,,,,,,,,,
442020,0005002,2,大分県,オオイタケン,Oita,,,,別府市,ベップシ,Beppu-shi,,,,朝見,アサミ,Asami,２丁目,２チョウメ,2,,,,,1,1,0,0,0,0,1,1,1947-04-17,,0,,,,,,,,,,,,,,,,
442020,0005003,2,大分県,オオイタケン,Oita,,,,別府市,ベップシ,Beppu-shi,,,,朝見,アサミ,Asami,３丁目,３チョウメ,3,,,,,0,0,0,0,0,0,1,1,1947-04-17,,0,,,,,,,,,,,,,,,,
442020,0005003,2,大分県,オオイタケン,Oita,,,,別府市,ベップシ,Beppu-shi,,,,朝見,アサミ,Asami,３丁目,３チョウメ,3,,,,,1,1,0,0,0,0,1,1,1947-04-17,,0,,,,,,,,,,,,,,,,
442020,0005101,3,大分県,オオイタケン,Oita,,,,別府市,ベップシ,Beppu-shi,,,,朝見,アサミ,,,,,１丁目１区,,,,1,1,0,1,0,0,1,0,1947-04-17,,1,,,,,,,,,,,,,,,,
442020,0005102,3,大分県,オオイタケン,Oita,,,,別府市,ベップシ,Beppu-shi,,,,朝見,アサミ,,,,,１丁目２区,,,,0,0,0,1,0,0,1,0,1947-04-17,,1,,,,,,,,,,,,,,,,
442020,0005102,3,大分県,オオイタケン,Oita,,,,別府市,ベップシ,Beppu-shi,,,,朝見,アサミ,,,,,１丁目２区,,,,1,1,0,1,0,0,1,0,1947-04-17,,1,,,,,,,,,,,,,,,,
442020,0006000,1,大分県,オオイタケン,Oita,,,,別府市,ベップシ,Beppu-shi,,,,天間,アママ,Amama,,,,,,,,0,0,1,0,0,0,1,0,1947-04-17,,0,8740005,,,,,,,,,,,,,,,
442020,0007001,2,大分県,オオイタケン,Oita,,,,別府市,ベップシ,Beppu-shi,,,,石垣西,イシガキニシ,Ishigaki Nishi,１丁目,１チョウメ,1,,,,,1,1,0,0,0,0,1,1,1947-04-17,,0,,,,,,,,,,,,,,,,
442020,0007002,2,大分県,オオイタケン,Oita,,,,別府市,ベップシ,Beppu-shi,,,,石垣西,イシガキニシ,Ishigaki Nishi,２丁目,２チョウメ,2,,,,,1,1,0,0,0,0,1,1,1947-04-17,,0,,,,,,,,,,,,,,,,
442020,0007003,2,大分県,オオイタケン,Oita,,,,別府市,ベップシ,Beppu-shi,,,,石垣西,イシガキニシ,Ishigaki Nishi,３丁目,３チョウメ,3,,,,,1,1,0,0,0,0,1,1,1947-04-17,,0,,,,,,,,,,,,,,,,
442020,0007004,2,大分県,オオイタケン,Oita,,,,別府市,ベップシ,Beppu-shi,,,,石垣西,イシガキニシ,Ishigaki Nishi,４丁目,４チョウメ,4,,,,,1,1,0,0,0,0,1,1,1947-04-17,,0,,,,,,,,,,,,,,,,
442020,0007005,2,大分県,オオイタケン,Oita,,,,別府市,ベップシ,Beppu-shi,,,,石垣西,イシガキニシ,Ishigaki Nishi,５丁目,５チョウメ,5,,,,,1,1,0,0,0,0,1,1,1947-04-17,,0,,,,,,,,,,,,,,,,
442020,0007006,2,大分県,オオイタケン,Oita,,,,別府市,ベップシ,Beppu-shi,,,,石垣西,イシガキニシ,Ishigaki Nishi,６丁目,６チョウメ,6,,,,,1,1,0,0,0,0,1,1,1947-04-17,,0,,,,,,,,,,,,,,,,
442020,0007007,2,大分県,オオイタケン,Oita,,,,別府市,ベップシ,Beppu-shi,,,,石垣西,イシガキニシ,Ishigaki Nishi,７丁目,７チョウメ,7,,,,,1,1,0,0,0,0,1,1,1947-04-17,,0,,,,,,,,,,,,,,,,
442020,0007008,2,大分県,オオイタケン,Oita,,,,別府市,ベップシ,Beppu-shi,,,,石垣西,イシガキニシ,Ishigaki Nishi,８丁目,８チョウメ,8,,,,,1,1,0,0,0,0,1,1,1947-04-17,,0,,,,,,,,,,,,,,,,
442020,0007009,2,大分県,オオイタケン,Oita,,,,別府市,ベップシ,Beppu-shi,,,,石垣西,イシガキニシ,Ishigaki Nishi,９丁目,９チョウメ,9,,,,,1,1,0,0,0,0,1,1,1947-04-17,,0,,,,,,,,,,,,,,,,
442020,0007010,2,大分県,オオイタケン,Oita,,,,別府市,ベップシ,Beppu-shi,,,,石垣西,イシガキニシ,Ishigaki Nishi,１０丁目,１０チョウメ,10,,,,,1,1,0,0,0,0,1,1,1947-04-17,,0,,,,,,,,,,,,,,,,
442020,0007101,3,大分県,オオイタケン,Oita,,,,別府市,ベップシ,Beppu-shi,,,,石垣西,イシガキニシ,,,,,１０丁目（春木）,,,,1,1,0,1,0,0,1,0,1947-04-17,,1,,,,,,,,,,,,,,,,
442020,0007102,3,大分県,オオイタケン,Oita,,,,別府市,ベップシ,Beppu-shi,,,,石垣西,イシガキニシ,,,,,１０丁目（石垣西１０丁目）,,,,1,1,0,1,0,0,1,0,1947-04-17,,1,,,,,,,,,,,,,,,,
442020,0008001,2,大分県,オオイタケン,Oita,,,,別府市,ベップシ,Beppu-shi,,,,石垣東,イシガキヒガシ,Ishigaki Higashi,１丁目,１チョウメ,1,,,,,1,1,0,0,0,0,1,1,1947-04-17,,0,,,,,,,,,,,,,,,,
442020,0008002,2,大分県,オオイタケン,Oita,,,,別府市,ベップシ,Beppu-shi,,,,石垣東,イシガキヒガシ,Ishigaki Higashi,２丁目,２チョウメ,2,,,,,1,1,0,0,0,0,1,1,1947-04-17,,0,,,,,,,,,,,,,,,,
442020,0008003,2,大分県,オオイタケン,Oita,,,,別府市,ベップシ,Beppu-shi,,,,石垣東,イシガキヒガシ,Ishigaki Higashi,３丁目,３チョウメ,3,,,,,1,1,0,0,0,0,1,1,1947-04-17,,0,,,,,,,,,,,,,,,,
442020,0008004,2,大分県,オオイタケン,Oita,,,,別府市,ベップシ,Beppu-shi,,,,石垣東,イシガキヒガシ,Ishigaki Higashi,４丁目,４チョウメ,4,,,,,1,1,0,0,0,0,1,1,1947-04-17,,0,,,,,,,,,,,,,,,,
442020,0008005,2,大分県,オオイタケン,Oita,,,,別府市,ベップシ,Beppu-shi,,,,石垣東,イシガキヒガシ,Ishigaki Higashi,５丁目,５チョウメ,5,,,,,1,1,0,0,0,0,1,1,1947-04-17,,0,,,,,,,,,,,,,,,,
442020,0008006,2,大分県,オオイタケン,Oita,,,,別府市,ベップシ,Beppu-shi,,,,石垣東,イシガキヒガシ,Ishigaki Higashi,６丁目,６チョウメ,6,,,,,1,1,0,0,0,0,1,1,1947-04-17,,0,,,,,,,,,,,,,,,,
442020,0008007,2,大分県,オオイタケン,Oita,,,,別府市,ベップシ,Beppu-shi,,,,石垣東,イシガキヒガシ,Ishigaki Higashi,７丁目,７チョウメ,7,,,,,1,1,0,0,0,0,1,1,1947-04-17,,0,,,,,,,,,,,,,,,,
442020,0008008,2,大分県,オオイタケン,Oita,,,,別府市,ベップシ,Beppu-shi,,,,石垣東,イシガキヒガシ,Ishigaki Higashi,８丁目,８チョウメ,8,,,,,1,1,0,0,0,0,1,1,1947-04-17,,0,,,,,,,,,,,,,,,,
442020,0008009,2,大分県,オオイタケン,Oita,,,,別府市,ベップシ,Beppu-shi,,,,石垣東,イシガキヒガシ,Ishigaki Higashi,９丁目,９チョウメ,9,,,,,1,1,0,0,0,0,1,1,1947-04-17,,0,,,,,,,,,,,,,,,,
442020,0008010,2,大分県,オオイタケン,Oita,,,,別府市,ベップシ,Beppu-shi,,,,石垣東,イシガキヒガシ,Ishigaki Higashi,１０丁目,１０チョウメ,10,,,,,1,1,0,0,0,0,1,1,1947-04-17,,0,,,,,,,,,,,,,,,,
442020,0008101,3,大分県,オオイタケン,Oita,,,,別府市,ベップシ,Beppu-shi,,,,石垣東,イシガキヒガシ,,,,,１０丁目（石垣東８丁目）,,,,1,1,0,1,0,0,1,0,1947-04-17,,1,,,,,,,,,,,,,,,,
442020,0008102,3,大分県,オオイタケン,Oita,,,,別府市,ベップシ,Beppu-shi,,,,石垣東,イシガキヒガシ,,,,,１０丁目（春木）,,,,1,1,0,1,0,0,1,0,1947-04-17,,1,,,,,,,,,,,,,,,,
442020,0009000,1,大分県,オオイタケン,Oita,,,,別府市,ベップシ,Beppu-shi,,,,井田,イダ,Ida,,,,,,,,0,0,1,0,0,0,1,0,1947-04-17,,0,8740043,,,,,,,,,,,,,,,
442020,0010000,1,大分県,オオイタケン,Oita,,,,別府市,ベップシ,Beppu-shi,,,,内竈,ウチカマド,Uchikamado,,,,,,,,0,0,1,0,0,0,1,0,1947-04-17,,0,8740011,,,,,,,,,,,,,,,
442020,0011000,1,大分県,オオイタケン,Oita,,,,別府市,ベップシ,Beppu-shi,,,,浦田,ウラタ,Urata,,,,,,,,0,0,1,0,0,0,1,0,1947-04-17,,0,8740814,,,,,,,,,,,,,,,
442020,0012000,1,大分県,オオイタケン,Oita,,,,別府市,ベップシ,Beppu-shi,,,,駅前町,エキマエチョウ,Ekimaecho,,,,,,,,1,1,0,0,0,0,1,1,1947-04-17,,0,8740935,,,,,,,,,,,,,,,
442020,0013000,1,大分県,オオイタケン,Oita,,,,別府市,ベップシ,Beppu-shi,,,,駅前本町,エキマエホンマチ,Ekimaehommachi,,,,,,,,1,1,0,0,0,0,1,1,1947-04-17,,0,8740934,,,,,,,,,,,,,,,
442020,0014000,1,大分県,オオイタケン,Oita,,,,別府市,ベップシ,Beppu-shi,,,,枝郷,エダゴウ,Edago,,,,,,,,0,0,1,0,0,0,1,0,1947-04-17,,0,8740805,,,,,,,,,,,,,,,
442020,0015000,1,大分県,オオイタケン,Oita,,,,別府市,ベップシ,Beppu-shi,,,,扇山,オウギヤマ,Ogiyama,,,,,,,,0,0,1,0,0,0,1,0,1947-04-17,,0,8740849,,,,,,,,,,,,,,,
442020,0015001,2,大分県,オオイタケン,Oita,,,,別府市,ベップシ,Beppu-shi,,,,扇山,オウギヤマ,,１丁目,１チョウメ,1,,,,,1,1,0,0,0,0,1,0,2026-01-10,,1,,,,,,,,,,,,,,,,
442020,0015002,2,大分県,オオイタケン,Oita,,,,別府市,ベップシ,Beppu-shi,,,,扇山,オウギヤマ,,２丁目,２チョウメ,2,,,,,1,1,0,0,0,0,1,0,2026-01-10,,1,,,,,,,,,,,,,,,,
442020,0015003,2,大分県,オオイタケン,Oita,,,,別府市,ベップシ,Beppu-shi,,,,扇山,オウギヤマ,,３丁目,３チョウメ,3,,,,,1,1,0,0,0,0,1,0,2026-01-10,,1,,,,,,,,,,,,,,,,
442020,0015004,2,大分県,オオイタケン,Oita,,,,別府市,ベップシ,Beppu-shi,,,,扇山,オウギヤマ,,４丁目,４チョウメ,4,,,,,1,1,0,0,0,0,1,0,2026-01-10,,1,,,,,,,,,,,,,,,,
442020,0015005,2,大分県,オオイタケン,Oita,,,,別府市,ベップシ,Beppu-shi,,,,扇山,オウギヤマ,,５丁目,５チョウメ,5,,,,,1,1,0,0,0,0,1,0,2026-01-10,,1,,,,,,,,,,,,,,,,
442020,0015006,2,大分県,オオイタケン,Oita,,,,別府市,ベップシ,Beppu-shi,,,,扇山,オウギヤマ,,６丁目,６チョウメ,6,,,,,1,1,0,0,0,0,1,0,2026-01-10,,1,,,,,,,,,,,,,,,,
442020,0015007,2,大分県,オオイタケン,Oita,,,,別府市,ベップシ,Beppu-shi,,,,扇山,オウギヤマ,,７丁目,７チョウメ,7,,,,,1,1,0,0,0,0,1,0,2026-01-10,,1,,,,,,,,,,,,,,,,
442020,0016000,1,大分県,オオイタケン,Oita,,,,別府市,ベップシ,Beppu-shi,,,,大字内成,オオアザウチナリ,Uchinari,,,,,,,,0,0,0,0,0,0,1,1,1947-04-17,,0,8795551,,,,,,,,,,,,,,,
442020,0017000,1,大分県,オオイタケン,Oita,,,,別府市,ベップシ,Beppu-shi,,,,北鉄輪,キタカンナワ,Kitakannawa,,,,,,,,0,0,1,0,0,0,1,0,1947-04-17,,0,8740041,,,,,,,,,,,,,,,
442020,0018000,1,大分県,オオイタケン,Oita,,,,別府市,ベップシ,Beppu-shi,,,,大字北石垣,オオアザキタイシガキ,,,,,,,,,0,0,0,0,0,0,1,1,1947-04-17,,0,,,,,,,,,,,,,,,,
442020,0019000,1,大分県,オオイタケン,Oita,,,,別府市,ベップシ,Beppu-shi,,,,大字鶴見,オオアザツルミ,,,,,,,,,0,0,0,0,0,0,1,1,1947-04-17,,0,,,,,,,,,,,,,,,,
442020,0019210,3,大分県,オオイタケン,Oita,,,,別府市,ベップシ,Beppu-shi,,,,大字鶴見,オオアザツルミ,,,,,ザッショウ原,ザッショウハラ,,,0,0,0,0,0,0,1,0,1947-04-17,,1,,,,,,,,,,,,,,,,
442020,0019211,3,大分県,オオイタケン,Oita,,,,別府市,ベップシ,Beppu-shi,,,,大字鶴見,オオアザツルミ,,,,,明礬,ミョウバン,,,0,0,0,0,0,0,1,0,1947-04-17,,1,,,,,,,,,,,,,,,,
442020,0020000,1,大分県,オオイタケン,Oita,,,,別府市,ベップシ,Beppu-shi,,,,大字浜脇,オオアザハマワキ,Hamawaki,,,,,,,,0,0,0,0,0,0,1,1,1947-04-17,,0,8740947,,,,,,,,,,,,,,,
442020,0021000,1,大分県,オオイタケン,Oita,,,,別府市,ベップシ,Beppu-shi,,,,大字東山,オオアザヒガシヤマ,,,,,,,,,0,0,0,0,0,0,1,1,1947-04-17,,0,,,,,,,,,,,,,,,,
442020,0022000,1,大分県,オオイタケン,Oita,,,,別府市,ベップシ,Beppu-shi,,,,大字別府,オオアザベップ,,,,,,,,,0,0,0,0,0,0,1,1,1947-04-17,,0,,,,,,,,,,,,,,,,
442020,0023000,1,大分県,オオイタケン,Oita,,,,別府市,ベップシ,Beppu-shi,,,,大字南立石,オオアザミナミタテイシ,,,,,,,,,0,0,0,0,0,0,1,1,1947-04-17,,0,,,,,,,,,,,,,,,,
442020,0025000,1,大分県,オオイタケン,Oita,,,,別府市,ベップシ,Beppu-shi,,,,小坂,オサカ,Osaka,,,,,,,,0,0,1,0,0,0,1,0,1947-04-17,,0,8740001,,,,,,,,,,,,,,,
442020,0026000,1,大分県,オオイタケン,Oita,,,,別府市,ベップシ,Beppu-shi,,,,大所,オトコロ,Otokoro,,,,,,,,0,0,1,0,0,0,1,0,1947-04-17,,0,8740003,,,,,,,,,,,,,,,
442020,0027000,1,大分県,オオイタケン,Oita,,,,別府市,ベップシ,Beppu-shi,,,,乙原,オトバル,Otobaru,,,,,,,,0,0,0,0,0,0,1,0,1947-04-17,,0,8740821,,,,,,,,,,,,,,,
442020,0028000,1,大分県,オオイタケン,Oita,,,,別府市,ベップシ,Beppu-shi,,,,大畑,オバタケ,Obatake,,,,,,,,0,0,1,0,0,0,1,0,1947-04-17,,0,8740848,,,,,,,,,,,,,,,
442020,0029000,1,大分県,オオイタケン,Oita,,,,別府市,ベップシ,Beppu-shi,,,,上田の湯町,カミタノユマチ,Kamitanoyumachi,,,,,,,,1,1,0,0,0,0,1,1,1947-04-17,,0,8740908,,,,,,,,,,,,,,,
442020,0030000,1,大分県,オオイタケン,Oita,,,,別府市,ベップシ,Beppu-shi,,,,上野口町,カミノグチチョウ,Kaminoguchicho,,,,,,,,1,1,0,0,0,0,1,1,1947-04-17,,0,8740905,,,,,,,,,,,,,,,
442020,0030101,3,大分県,オオイタケン,Oita,,,,別府市,ベップシ,Beppu-shi,,,,上野口町,カミノグチチョウ,,,,,２区,,,,1,1,0,1,0,0,1,0,1947-04-17,,1,,,,,,,,,,,,,,,,
442020,0030102,3,大分県,オオイタケン,Oita,,,,別府市,ベップシ,Beppu-shi,,,,上野口町,カミノグチチョウ,,,,,１区,,,,1,1,0,1,0,0,1,0,1947-04-17,,1,,,,,,,,,,,,,,,,
442020,0031000,1,大分県,オオイタケン,Oita,,,,別府市,ベップシ,Beppu-shi,,,,上原町,カミハルチョウ,Kamiharucho,,,,,,,,1,1,0,0,0,0,1,1,1947-04-17,,0,8740829,,,,,,,,,,,,,,,
442020,0032000,1,大分県,オオイタケン,Oita,,,,別府市,ベップシ,Beppu-shi,,,,上平田町,カミヒラタマチ,Kamihiratacho,,,,,,,,0,0,1,0,0,0,1,0,1947-04-17,,0,8740036,,,,,,,,,,,,,,,
442020,0033000,1,大分県,オオイタケン,Oita,,,,別府市,ベップシ,Beppu-shi,,,,亀川四の湯町,カメガワシノユマチ,Kamegawa Shinoyumachi,,,,,,,,1,1,0,0,0,0,1,1,1947-04-17,,0,8740025,,,,,,,,,,,,,,,
442020,0033101,3,大分県,オオイタケン,Oita,,,,別府市,ベップシ,Beppu-shi,,,,亀川四の湯町,カメガワシノユマチ,,,,,２区,,,,0,0,0,1,0,0,1,0,1947-04-17,,1,,,,,,,,,,,,,,,,
442020,0033101,3,大分県,オオイタケン,Oita,,,,別府市,ベップシ,Beppu-shi,,,,亀川四の湯町,カメガワシノユマチ,,,,,２区,,,,1,1,0,1,0,0,1,0,1947-04-17,,1,,,,,,,,,,,,,,,,
442020,0033102,3,大分県,オオイタケン,Oita,,,,別府市,ベップシ,Beppu-shi,,,,亀川四の湯町,カメガワシノユマチ,,,,,１区,,,,1,1,0,1,0,0,1,0,1947-04-17,,1,,,,,,,,,,,,,,,,
442020,0034000,1,大分県,オオイタケン,Oita,,,,別府市,ベップシ,Beppu-shi,,,,亀川中央町,カメガワチュウオウマチ,Kamegawa Chuomachi,,,,,,,,0,0,0,0,0,0,1,1,1947-04-17,,0,8740021,,,,,,,,,,,,,,,
442020,0034000,1,大分県,オオイタケン,Oita,,,,別府市,ベップシ,Beppu-shi,,,,亀川中央町,カメガワチュウオウマチ,Kamegawa Chuomachi,,,,,,,,1,1,0,0,0,0,1,1,1947-04-17,,0,8740021,,,,,,,,,,,,,,,
442020,0034101,3,大分県,オオイタケン,Oita,,,,別府市,ベップシ,Beppu-shi,,,,亀川中央町,カメガワチュウオウマチ,,,,,１区,,,,0,0,0,1,0,0,1,0,1947-04-17,,1,,,,,,,,,,,,,,,,
442020,0034101,3,大分県,オオイタケン,Oita,,,,別府市,ベップシ,Beppu-shi,,,,亀川中央町,カメガワチュウオウマチ,,,,,１区,,,,1,1,0,1,0,0,1,0,1947-04-17,,1,,,,,,,,,,,,,,,,
442020,0034102,3,大分県,オオイタケン,Oita,,,,別府市,ベップシ,Beppu-shi,,,,亀川中央町,カメガワチュウオウマチ,,,,,２区,,,,0,0,0,1,0,0,1,0,1947-04-17,,1,,,,,,,,,,,,,,,,
442020,0034102,3,大分県,オオイタケン,Oita,,,,別府市,ベップシ,Beppu-shi,,,,亀川中央町,カメガワチュウオウマチ,,,,,２区,,,,1,1,0,1,0,0,1,0,1947-04-17,,1,,,,,,,,,,,,,,,,
442020,0035000,1,大分県,オオイタケン,Oita,,,,別府市,ベップシ,Beppu-shi,,,,亀川浜田町,カメガワハマダマチ,Kamegawa Hamadamachi,,,,,,,,0,0,0,0,0,0,1,1,1947-04-17,,0,8740014,,,,,,,,,,,,,,,
442020,0035000,1,大分県,オオイタケン,Oita,,,,別府市,ベップシ,Beppu-shi,,,,亀川浜田町,カメガワハマダマチ,Kamegawa Hamadamachi,,,,,,,,1,1,0,0,0,0,1,1,1947-04-17,,0,8740014,,,,,,,,,,,,,,,
442020,0036000,1,大分県,オオイタケン,Oita,,,,別府市,ベップシ,Beppu-shi,,,,亀川東町,カメガワヒガシマチ,Kamegawa Higashimachi,,,,,,,,1,1,0,0,0,0,1,1,1947-04-17,,0,8740022,,,,,,,,,,,,,,,
442020,0037000,1,大分県,オオイタケン,Oita,,,,別府市,ベップシ,Beppu-shi,,,,観海寺,カンカイジ,Kankaiji,,,,,,,,0,0,1,0,0,0,1,0,1947-04-17,,0,8740822,,,,,,,,,,,,,,,
442020,0038000,1,大分県,オオイタケン,Oita,,,,別府市,ベップシ,Beppu-shi,,,,城島,キジマ,Kijima,,,,,,,,0,0,1,0,0,0,1,0,1947-04-17,,0,8740802,,,,,,,,,,,,,,,
442020,0039000,1,大分県,オオイタケン,Oita,,,,別府市,ベップシ,Beppu-shi,,,,北中,キタヂュウ,Kitaju,,,,,,,,0,0,1,0,0,0,1,0,1947-04-17,,0,8740845,,,,,,,,,,,,,,,
442020,0040001,2,大分県,オオイタケン,Oita,,,,別府市,ベップシ,Beppu-shi,,,,北浜,キタハマ,Kitahama,１丁目,１チョウメ,1,,,,,1,1,0,0,0,0,1,1,1947-04-17,,0,,,,,,,,,,,,,,,,
442020,0040002,2,大分県,オオイタケン,Oita,,,,別府市,ベップシ,Beppu-shi,,,,北浜,キタハマ,Kitahama,２丁目,２チョウメ,2,,,,,1,1,0,0,0,0,1,1,1947-04-17,,0,,,,,,,,,,,,,,,,
442020,0040003,2,大分県,オオイタケン,Oita,,,,別府市,ベップシ,Beppu-shi,,,,北浜,キタハマ,Kitahama,３丁目,３チョウメ,3,,,,,1,1,0,0,0,0,1,1,1947-04-17,,0,,,,,,,,,,,,,,,,
442020,0041000,1,大分県,オオイタケン,Oita,,,,別府市,ベップシ,Beppu-shi,,,,北的ケ浜町,キタマトガハマチョウ,Kitamatogahamacho,,,,,,,,1,1,0,0,0,0,1,1,1947-04-17,,0,8740928,,,,,,,,,,,,,,,
442020,0042000,1,大分県,オオイタケン,Oita,,,,別府市,ベップシ,Beppu-shi,,,,京町,キョウマチ,Kyomachi,,,,,,,,1,1,0,0,0,0,1,1,1947-04-17,,0,8740926,,,,,,,,,,,,,,,
442020,0043000,1,大分県,オオイタケン,Oita,,,,別府市,ベップシ,Beppu-shi,,,,楠町,クスノキマチ,Kusunokimachi,,,,,,,,1,1,0,0,0,0,1,1,1947-04-17,,0,8740943,,,,,,,,,,,,,,,
442020,0043101,3,大分県,オオイタケン,Oita,,,,別府市,ベップシ,Beppu-shi,,,,楠町,クスノキマチ,,,,,１区,,,,1,1,0,1,0,0,1,0,1947-04-17,,1,,,,,,,,,,,,,,,,
442020,0043102,3,大分県,オオイタケン,Oita,,,,別府市,ベップシ,Beppu-shi,,,,楠町,クスノキマチ,,,,,２区,,,,1,1,0,1,0,0,1,0,1947-04-17,,1,,,,,,,,,,,,,,,,
442020,0045000,1,大分県,オオイタケン,Oita,,,,別府市,ベップシ,Beppu-shi,,,,河内,コウチ,Kochi,,,,,,,,0,0,1,0,0,0,1,0,1947-04-17,,0,8740816,,,,,,,,,,,,,,,
442020,0046000,1,大分県,オオイタケン,Oita,,,,別府市,ベップシ,Beppu-shi,,,,古賀原,コガノハル,Koganoharu,,,,,,,,0,0,1,0,0,0,1,0,1947-04-17,,0,8795552,,,,,,,,,,,,,,,
442020,0047000,1,大分県,オオイタケン,Oita,,,,別府市,ベップシ,Beppu-shi,,,,幸町,サイワイマチ,Saiwaicho,,,,,,,,1,1,0,0,0,0,1,1,1947-04-17,,0,8740907,,,,,,,,,,,,,,,
442020,0048000,1,大分県,オオイタケン,Oita,,,,別府市,ベップシ,Beppu-shi,,,,桜ケ丘,サクラガオカ,Sakuragaoka,,,,,,,,0,0,1,0,0,0,1,0,1947-04-17,,0,8740915,,,,,,,,,,,,,,,
442020,0049000,1,大分県,オオイタケン,Oita,,,,別府市,ベップシ,Beppu-shi,,,,汐見町,シオミチョウ,Shiomicho,,,,,,,,1,1,0,0,0,0,1,1,1947-04-17,,0,8740918,,,,,,,,,,,,,,,
442020,0050000,1,大分県,オオイタケン,Oita,,,,別府市,ベップシ,Beppu-shi,,,,実相寺,ジッソウジ,Jissoji,,,,,,,,0,0,1,0,0,0,1,0,1947-04-17,,0,8740835,,,,,,,,,,,,,,,
442020,0051000,1,大分県,オオイタケン,Oita,,,,別府市,ベップシ,Beppu-shi,,,,上人ケ浜町,ショウニンガハマチョウ,Shoningahamacho,,,,,,,,0,0,0,0,0,0,1,1,1947-04-17,,0,8740023,,,,,,,,,,,,,,,
442020,0051000,1,大分県,オオイタケン,Oita,,,,別府市,ベップシ,Beppu-shi,,,,上人ケ浜町,ショウニンガハマチョウ,Shoningahamacho,,,,,,,,1,1,0,0,0,0,1,1,1947-04-17,,0,8740023,,,,,,,,,,,,,,,
442020,0052000,1,大分県,オオイタケン,Oita,,,,別府市,ベップシ,Beppu-shi,,,,上人仲町,ショウニンナカマチ,Shoninnakamachi,,,,,,,,1,1,0,0,0,0,1,1,1947-04-17,,0,8740034,,,,,,,,,,,,,,,
442020,0053000,1,大分県,オオイタケン,Oita,,,,別府市,ベップシ,Beppu-shi,,,,上人西,ショウニンニシ,Shoninnishi,,,,,,,,0,0,1,0,0,0,1,0,1947-04-17,,0,8740035,,,,,,,,,,,,,,,
442020,0054000,1,大分県,オオイタケン,Oita,,,,別府市,ベップシ,Beppu-shi,,,,上人本町,ショウニンホンマチ,Shoninhommachi,,,,,,,,1,1,0,0,0,0,1,1,1947-04-17,,0,8740032,,,,,,,,,,,,,,,
442020,0055000,1,大分県,オオイタケン,Oita,,,,別府市,ベップシ,Beppu-shi,,,,上人南,ショウニンミナミ,Shonimminami,,,,,,,,0,0,1,0,0,0,1,0,1947-04-17,,0,8740033,,,,,,,,,,,,,,,
442020,0056000,1,大分県,オオイタケン,Oita,,,,別府市,ベップシ,Beppu-shi,,,,照波園町,ショウハエンマチ,Shohaemmachi,,,,,,,,1,1,0,0,0,0,1,1,1947-04-17,,0,8740031,,,,,,,,,,,,,,,
442020,0057000,1,大分県,オオイタケン,Oita,,,,別府市,ベップシ,Beppu-shi,,,,新別府,シンベップ,Shimbeppu,,,,,,,,0,0,1,0,0,0,1,0,1947-04-17,,0,8740834,,,,,,,,,,,,,,,
442020,0058000,1,大分県,オオイタケン,Oita,,,,別府市,ベップシ,Beppu-shi,,,,新港町,シンミナトマチ,Shimminatomachi,,,,,,,,1,1,0,0,0,0,1,1,1947-04-17,,0,8740923,,,,,,,,,,,,,,,
442020,0059000,1,大分県,オオイタケン,Oita,,,,別府市,ベップシ,Beppu-shi,,,,末広町,スエヒロチョウ,Suehirocho,,,,,,,,1,1,0,0,0,0,1,1,1947-04-17,,0,8740938,,,,,,,,,,,,,,,
442020,0060000,1,大分県,オオイタケン,Oita,,,,別府市,ベップシ,Beppu-shi,,,,スパランド豊海,スパランドトヨミ,Suparando Toyomi,,,,,,,,0,0,1,0,0,0,1,0,1947-04-17,,0,8740012,,,,,,,,,,,,,,,
442020,0061000,1,大分県,オオイタケン,Oita,,,,別府市,ベップシ,Beppu-shi,,,,関の江新町,セキノエシンマチ,Sekinoeshimmachi,,,,,,,,0,0,1,0,0,0,1,0,1947-04-17,,0,8740002,,,,,,,,,,,,,,,
442020,0062000,1,大分県,オオイタケン,Oita,,,,別府市,ベップシ,Beppu-shi,,,,荘園,ソウエン,Soen,,,,,,,,0,0,1,0,0,0,1,0,1947-04-17,,0,8740838,,,,,,,,,,,,,,,
442020,0063000,1,大分県,オオイタケン,Oita,,,,別府市,ベップシ,Beppu-shi,,,,荘園北町,ソウエンキタマチ,Soenkitamachi,,,,,,,,1,1,0,0,0,0,1,0,1947-04-17,,0,8740837,,,,,,,,,,,,,,,
442020,0064000,1,大分県,オオイタケン,Oita,,,,別府市,ベップシ,Beppu-shi,,,,大観山町,ダイカンヤママチ,Daikanyamacho,,,,,,,,0,0,1,0,0,0,1,0,1947-04-17,,0,8740037,,,,,,,,,,,,,,,
442020,0065000,1,大分県,オオイタケン,Oita,,,,別府市,ベップシ,Beppu-shi,,,,竹の内,タケノウチ,Takenochi,,,,,,,,0,0,1,0,0,0,1,0,1947-04-17,,0,8740841,,,,,,,,,,,,,,,
442020,0066000,1,大分県,オオイタケン,Oita,,,,別府市,ベップシ,Beppu-shi,,,,立田町,タッタチョウ,Tattacho,,,,,,,,1,1,0,0,0,0,1,1,1947-04-17,,0,8740939,,,,,,,,,,,,,,,
442020,0067000,1,大分県,オオイタケン,Oita,,,,別府市,ベップシ,Beppu-shi,,,,田の口,タノクチ,Tanokuchi,,,,,,,,0,0,1,0,0,0,1,0,1947-04-17,,0,8740815,,,,,,,,,,,,,,,
442020,0068000,1,大分県,オオイタケン,Oita,,,,別府市,ベップシ,Beppu-shi,,,,田の湯町,タノユマチ,Tanoyumachi,,,,,,,,1,1,0,0,0,0,1,1,1947-04-17,,0,8740909,,,,,,,,,,,,,,,
442020,0069000,1,大分県,オオイタケン,Oita,,,,別府市,ベップシ,Beppu-shi,,,,中央町,チュウオウマチ,Chuomachi,,,,,,,,1,1,0,0,0,0,1,1,1947-04-17,,0,8740936,,,,,,,,,,,,,,,
442020,0070000,1,大分県,オオイタケン,Oita,,,,別府市,ベップシ,Beppu-shi,,,,千代町,チヨマチ,Chiyomachi,,,,,,,,1,1,0,0,0,0,1,1,1947-04-17,,0,8740942,,,,,,,,,,,,,,,
442020,0071000,1,大分県,オオイタケン,Oita,,,,別府市,ベップシ,Beppu-shi,,,,鶴見,ツルミ,,,,,,,,,0,0,1,0,0,0,1,0,1947-04-17,,0,,,,,,,,,,,,,,,,
442020,0071001,2,大分県,オオイタケン,Oita,,,,別府市,ベップシ,Beppu-shi,,,,鶴見,ツルミ,,１丁目,１チョウメ,1,,,,,1,1,0,0,0,0,1,0,2026-01-10,,1,,,,,,,,,,,,,,,,
442020,0071002,2,大分県,オオイタケン,Oita,,,,別府市,ベップシ,Beppu-shi,,,,鶴見,ツルミ,,２丁目,２チョウメ,2,,,,,1,1,0,0,0,0,1,0,2026-01-10,,1,,,,,,,,,,,,,,,,
442020,0071003,2,大分県,オオイタケン,Oita,,,,別府市,ベップシ,Beppu-shi,,,,鶴見,ツルミ,,３丁目,３チョウメ,3,,,,,1,1,0,0,0,0,1,0,2026-01-10,,1,,,,,,,,,,,,,,,,
442020,0071004,2,大分県,オオイタケン,Oita,,,,別府市,ベップシ,Beppu-shi,,,,鶴見,ツルミ,,４丁目,４チョウメ,4,,,,,1,1,0,0,0,0,1,0,2026-01-10,,1,,,,,,,,,,,,,,,,
442020,0072000,1,大分県,オオイタケン,Oita,,,,別府市,ベップシ,Beppu-shi,,,,鶴見園町,ツルミエンチョウ,Tsurumiencho,,,,,,,,1,1,1,0,0,0,1,0,2025-01-11,,0,8740826,,,,,,,,,,,,,,,
442020,0073000,1,大分県,オオイタケン,Oita,,,,別府市,ベップシ,Beppu-shi,,,,天満町,テンマンチョウ,Temmancho,,,,,,,,1,1,0,0,0,0,1,1,1947-04-17,,0,8740906,,,,,,,,,,,,,,,
442020,0073101,3,大分県,オオイタケン,Oita,,,,別府市,ベップシ,Beppu-shi,,,,天満町,テンマンチョウ,,,,,２区,,,,1,1,0,1,0,0,1,0,1947-04-17,,1,,,,,,,,,,,,,,,,
442020,0073102,3,大分県,オオイタケン,Oita,,,,別府市,ベップシ,Beppu-shi,,,,天満町,テンマンチョウ,,,,,１区,,,,1,1,0,1,0,0,1,0,1947-04-17,,1,,,,,,,,,,,,,,,,
442020,0074000,1,大分県,オオイタケン,Oita,,,,別府市,ベップシ,Beppu-shi,,,,鳥越,トリゴエ,Torigoe,,,,,,,,0,0,1,0,0,0,1,0,1947-04-17,,0,8740817,,,,,,,,,,,,,,,
442020,0075000,1,大分県,オオイタケン,Oita,,,,別府市,ベップシ,Beppu-shi,,,,中島町,ナカシマチョウ,Nakashimacho,,,,,,,,1,1,0,0,0,0,1,1,1947-04-17,,0,8740901,,,,,,,,,,,,,,,
442020,0076000,1,大分県,オオイタケン,Oita,,,,別府市,ベップシ,Beppu-shi,,,,中須賀東町,ナカスカヒガシマチ,Nakasuka Higashimachi,,,,,,,,0,0,1,0,0,0,1,0,1947-04-17,,0,8740917,,,,,,,,,,,,,,,
442020,0077000,1,大分県,オオイタケン,Oita,,,,別府市,ベップシ,Beppu-shi,,,,中須賀本町,ナカスカホンマチ,Nakasuka Hommachi,,,,,,,,0,0,1,0,0,0,1,0,1947-04-17,,0,8740916,,,,,,,,,,,,,,,
442020,0078000,1,大分県,オオイタケン,Oita,,,,別府市,ベップシ,Beppu-shi,,,,中須賀元町,ナカスカモトマチ,Nakasuka Motomachi,,,,,,,,0,0,1,0,0,0,1,0,1947-04-17,,0,8740914,,,,,,,,,,,,,,,
442020,0079000,1,大分県,オオイタケン,Oita,,,,別府市,ベップシ,Beppu-shi,,,,西野口町,ニシノグチチョウ,Nishinoguchimachi,,,,,,,,1,1,0,0,0,0,1,1,1947-04-17,,0,8740931,,,,,,,,,,,,,,,
442020,0080000,1,大分県,オオイタケン,Oita,,,,別府市,ベップシ,Beppu-shi,,,,野口中町,ノグチナカマチ,Noguchi Nakamachi,,,,,,,,1,1,0,0,0,0,1,1,1947-04-17,,0,8740932,,,,,,,,,,,,,,,
442020,0082000,1,大分県,オオイタケン,Oita,,,,別府市,ベップシ,Beppu-shi,,,,野口元町,ノグチモトマチ,Noguchi Motomachi,,,,,,,,1,1,0,0,0,0,1,1,1947-04-17,,0,8740933,,,,,,,,,,,,,,,
442020,0082101,3,大分県,オオイタケン,Oita,,,,別府市,ベップシ,Beppu-shi,,,,野口元町,ノグチモトマチ,,,,,２区,,,,1,1,0,1,0,0,1,0,1947-04-17,,1,,,,,,,,,,,,,,,,
442020,0082102,3,大分県,オオイタケン,Oita,,,,別府市,ベップシ,Beppu-shi,,,,野口元町,ノグチモトマチ,,,,,１区,,,,1,1,0,1,0,0,1,0,1947-04-17,,1,,,,,,,,,,,,,,,,
442020,0083000,1,大分県,オオイタケン,Oita,,,,別府市,ベップシ,Beppu-shi,,,,馬場,ババ,Baba,,,,,,,,0,0,1,0,0,0,1,0,1947-04-17,,0,8740847,,,,,,,,,,,,,,,
442020,0084000,1,大分県,オオイタケン,Oita,,,,別府市,ベップシ,Beppu-shi,,,,浜町,ハママチ,Hamamachi,,,,,,,,1,1,0,0,0,0,1,1,1947-04-17,,0,8740945,,,,,,,,,,,,,,,
442020,0084101,3,大分県,オオイタケン,Oita,,,,別府市,ベップシ,Beppu-shi,,,,浜町,ハママチ,,,,,１区,,,,1,1,0,1,0,0,1,0,1947-04-17,,1,,,,,,,,,,,,,,,,
442020,0084102,3,大分県,オオイタケン,Oita,,,,別府市,ベップシ,Beppu-shi,,,,浜町,ハママチ,,,,,２区,,,,1,1,0,1,0,0,1,0,1947-04-17,,1,,,,,,,,,,,,,,,,
442020,0085001,2,大分県,オオイタケン,Oita,,,,別府市,ベップシ,Beppu-shi,,,,浜脇,ハマワキ,Hamawaki,１丁目,１チョウメ,1,,,,,1,1,0,0,0,0,1,1,1947-04-17,,0,,,,,,,,,,,,,,,,
442020,0085002,2,大分県,オオイタケン,Oita,,,,別府市,ベップシ,Beppu-shi,,,,浜脇,ハマワキ,Hamawaki,２丁目,２チョウメ,2,,,,,1,1,0,0,0,0,1,1,1947-04-17,,0,,,,,,,,,,,,,,,,
442020,0085003,2,大分県,オオイタケン,Oita,,,,別府市,ベップシ,Beppu-shi,,,,浜脇,ハマワキ,Hamawaki,３丁目,３チョウメ,3,,,,,1,1,0,0,0,0,1,1,1947-04-17,,0,,,,,,,,,,,,,,,,
442020,0085101,3,大分県,オオイタケン,Oita,,,,別府市,ベップシ,Beppu-shi,,,,浜脇,ハマワキ,,,,,２丁目２区,,,,0,0,0,1,0,0,1,0,1947-04-17,,1,,,,,,,,,,,,,,,,
442020,0085101,3,大分県,オオイタケン,Oita,,,,別府市,ベップシ,Beppu-shi,,,,浜脇,ハマワキ,,,,,２丁目２区,,,,1,1,0,1,0,0,1,0,1947-04-17,,1,,,,,,,,,,,,,,,,
442020,0085102,3,大分県,オオイタケン,Oita,,,,別府市,ベップシ,Beppu-shi,,,,浜脇,ハマワキ,,,,,１丁目１区,,,,1,1,0,1,0,0,1,0,1947-04-17,,1,,,,,,,,,,,,,,,,
442020,0085103,3,大分県,オオイタケン,Oita,,,,別府市,ベップシ,Beppu-shi,,,,浜脇,ハマワキ,,,,,１丁目２区,,,,1,1,0,1,0,0,1,0,1947-04-17,,1,,,,,,,,,,,,,,,,
442020,0085104,3,大分県,オオイタケン,Oita,,,,別府市,ベップシ,Beppu-shi,,,,浜脇,ハマワキ,,,,,２丁目１区,,,,1,1,0,1,0,0,1,0,1947-04-17,,1,,,,,,,,,,,,,,,,
442020,0086000,1,大分県,オオイタケン,Oita,,,,別府市,ベップシ,Beppu-shi,,,,原町,ハラマチ,Haramachi,,,,,,,,0,0,0,0,0,0,1,1,1947-04-17,,0,8740820,,,,,,,,,,,,,,,
442020,0086000,1,大分県,オオイタケン,Oita,,,,別府市,ベップシ,Beppu-shi,,,,原町,ハラマチ,Haramachi,,,,,,,,1,1,0,0,0,0,1,1,1947-04-17,,0,8740820,,,,,,,,,,,,,,,
442020,0088001,2,大分県,オオイタケン,Oita,,,,別府市,ベップシ,Beppu-shi,,,,東荘園,ヒガシソウエン,,１丁目,１チョウメ,1,,,,,1,1,0,0,0,0,1,0,1947-04-17,,1,,,,,,,,,,,,,,,,
442020,0088002,2,大分県,オオイタケン,Oita,,,,別府市,ベップシ,Beppu-shi,,,,東荘園,ヒガシソウエン,,２丁目,２チョウメ,2,,,,,1,1,0,0,0,0,1,0,1947-04-17,,1,,,,,,,,,,,,,,,,
442020,0088003,2,大分県,オオイタケン,Oita,,,,別府市,ベップシ,Beppu-shi,,,,東荘園,ヒガシソウエン,,３丁目,３チョウメ,3,,,,,1,1,0,0,0,0,1,0,1947-04-17,,1,,,,,,,,,,,,,,,,
442020,0088004,2,大分県,オオイタケン,Oita,,,,別府市,ベップシ,Beppu-shi,,,,東荘園,ヒガシソウエン,,４丁目,４チョウメ,4,,,,,1,1,0,0,0,0,1,0,1947-04-17,,1,,,,,,,,,,,,,,,,
442020,0088005,2,大分県,オオイタケン,Oita,,,,別府市,ベップシ,Beppu-shi,,,,東荘園,ヒガシソウエン,,５丁目,５チョウメ,5,,,,,1,1,0,0,0,0,1,0,1947-04-17,,1,,,,,,,,,,,,,,,,
442020,0088006,2,大分県,オオイタケン,Oita,,,,別府市,ベップシ,Beppu-shi,,,,東荘園,ヒガシソウエン,,６丁目,６チョウメ,6,,,,,1,1,0,0,0,0,1,0,1947-04-17,,1,,,,,,,,,,,,,,,,
442020,0088007,2,大分県,オオイタケン,Oita,,,,別府市,ベップシ,Beppu-shi,,,,東荘園,ヒガシソウエン,,７丁目,７チョウメ,7,,,,,1,1,0,0,0,0,1,0,1947-04-17,,1,,,,,,,,,,,,,,,,
442020,0088008,2,大分県,オオイタケン,Oita,,,,別府市,ベップシ,Beppu-shi,,,,東荘園,ヒガシソウエン,,８丁目,８チョウメ,8,,,,,1,1,0,0,0,0,1,0,1947-04-17,,1,,,,,,,,,,,,,,,,
442020,0088009,2,大分県,オオイタケン,Oita,,,,別府市,ベップシ,Beppu-shi,,,,東荘園,ヒガシソウエン,,９丁目,９チョウメ,9,,,,,1,1,0,0,0,0,1,0,1947-04-17,,1,,,,,,,,,,,,,,,,
442020,0089000,1,大分県,オオイタケン,Oita,,,,別府市,ベップシ,Beppu-shi,,,,光町,ヒカリマチ,Hikarimachi,,,,,,,,1,1,0,0,0,0,1,1,1947-04-17,,0,8740930,,,,,,,,,,,,,,,
442020,0089101,3,大分県,オオイタケン,Oita,,,,別府市,ベップシ,Beppu-shi,,,,光町,ヒカリマチ,,,,,１区,,,,1,1,0,1,0,0,1,0,1947-04-17,,1,,,,,,,,,,,,,,,,
442020,0089102,3,大分県,オオイタケン,Oita,,,,別府市,ベップシ,Beppu-shi,,,,光町,ヒカリマチ,,,,,２区,,,,1,1,0,1,0,0,1,0,1947-04-17,,1,,,,,,,,,,,,,,,,
442020,0089103,3,大分県,オオイタケン,Oita,,,,別府市,ベップシ,Beppu-shi,,,,光町,ヒカリマチ,,,,,３区,,,,1,1,0,1,0,0,1,0,1947-04-17,,1,,,,,,,,,,,,,,,,
442020,0090000,1,大分県,オオイタケン,Oita,,,,別府市,ベップシ,Beppu-shi,,,,平田町,ヒラタマチ,Hiratamachi,,,,,,,,1,1,0,0,0,0,1,1,1947-04-17,,0,8740024,,,,,,,,,,,,,,,
442020,0091000,1,大分県,オオイタケン,Oita,,,,別府市,ベップシ,Beppu-shi,,,,富士見町,フジミチョウ,Fujimicho,,,,,,,,1,1,0,0,0,0,1,1,1947-04-17,,0,8740921,,,,,,,,,,,,,,,
442020,0092000,1,大分県,オオイタケン,Oita,,,,別府市,ベップシ,Beppu-shi,,,,船小路町,フナコウジマチ,Funakojimachi,,,,,,,,1,1,0,0,0,0,1,1,1947-04-17,,0,8740922,,,,,,,,,,,,,,,
442020,0093000,1,大分県,オオイタケン,Oita,,,,別府市,ベップシ,Beppu-shi,,,,古市町,フルイチマチ,Furuichimachi,,,,,,,,0,0,0,0,0,0,1,1,1947-04-17,,0,8740013,,,,,,,,,,,,,,,
442020,0093000,1,大分県,オオイタケン,Oita,,,,別府市,ベップシ,Beppu-shi,,,,古市町,フルイチマチ,Furuichimachi,,,,,,,,1,1,0,0,0,0,1,1,1947-04-17,,0,8740013,,,,,,,,,,,,,,,
442020,0094000,1,大分県,オオイタケン,Oita,,,,別府市,ベップシ,Beppu-shi,,,,風呂本,フロモト,Furomoto,,,,,,,,0,0,1,0,0,0,1,0,1947-04-17,,0,8740044,,,,,,,,,,,,,,,
442020,0095000,1,大分県,オオイタケン,Oita,,,,別府市,ベップシ,Beppu-shi,,,,火売,ホノメ,Honome,,,,,,,,0,0,1,0,0,0,1,0,1947-04-17,,0,8740844,,,,,,,,,,,,,,,
442020,0096000,1,大分県,オオイタケン,Oita,,,,別府市,ベップシ,Beppu-shi,,,,堀田,ホリタ,Horita,,,,,,,,0,0,1,0,0,0,1,0,1947-04-17,,0,8740831,,,,,,,,,,,,,,,
442020,0097000,1,大分県,オオイタケン,Oita,,,,別府市,ベップシ,Beppu-shi,,,,松原町,マツバラチョウ,Matsubaracho,,,,,,,,1,1,0,0,0,0,1,1,1947-04-17,,0,8740946,,,,,,,,,,,,,,,
442020,0097101,3,大分県,オオイタケン,Oita,,,,別府市,ベップシ,Beppu-shi,,,,松原町,マツバラチョウ,,,,,１区,,,,1,1,0,1,0,0,1,0,1947-04-17,,1,,,,,,,,,,,,,,,,
442020,0097102,3,大分県,オオイタケン,Oita,,,,別府市,ベップシ,Beppu-shi,,,,松原町,マツバラチョウ,,,,,２区,,,,1,1,0,1,0,0,1,0,1947-04-17,,1,,,,,,,,,,,,,,,,
442020,0098000,1,大分県,オオイタケン,Oita,,,,別府市,ベップシ,Beppu-shi,,,,緑丘町,ミドリガオカチョウ,Midorigaokacho,,,,,,,,1,1,0,0,0,0,1,0,1947-04-17,,0,8740911,,,,,,,,,,,,,,,
442020,0100000,1,大分県,オオイタケン,Oita,,,,別府市,ベップシ,Beppu-shi,,,,南荘園町,ミナミソウエンチョウ,Minamisoencho,,,,,,,,1,1,1,0,0,0,1,0,2025-01-11,,0,8740904,,,,,,,,,,,,,,,
442020,0101000,1,大分県,オオイタケン,Oita,,,,別府市,ベップシ,Beppu-shi,,,,南町,ミナミマチ,Minamimachi,,,,,,,,1,1,0,0,0,0,1,1,1947-04-17,,0,8740941,,,,,,,,,,,,,,,
442020,0102000,1,大分県,オオイタケン,Oita,,,,別府市,ベップシ,Beppu-shi,,,,南的ケ浜町,ミナミマトガハマチョウ,Minamimatogahamacho,,,,,,,,1,1,0,0,0,0,1,1,1947-04-17,,0,8740929,,,,,,,,,,,,,,,
442020,0103000,1,大分県,オオイタケン,Oita,,,,別府市,ベップシ,Beppu-shi,,,,御幸,ミユキ,Miyuki,,,,,,,,0,0,1,0,0,0,1,0,1947-04-17,,0,8740045,,,,,,,,,,,,,,,
442020,0104000,1,大分県,オオイタケン,Oita,,,,別府市,ベップシ,Beppu-shi,,,,明礬,ミョウバン,Myoban,,,,,,,,0,0,1,0,0,0,1,0,1947-04-17,,0,8740843,,,,,,,,,,,,,,,
442020,0105000,1,大分県,オオイタケン,Oita,,,,別府市,ベップシ,Beppu-shi,,,,餅ケ浜町,モチガハマチョウ,Mochigahamacho,,,,,,,,1,1,0,0,0,0,1,1,1947-04-17,,0,8740924,,,,,,,,,,,,,,,
442020,0106000,1,大分県,オオイタケン,Oita,,,,別府市,ベップシ,Beppu-shi,,,,元町,モトマチ,Motomachi,,,,,,,,1,1,0,0,0,0,1,1,1947-04-17,,0,8740944,,,,,,,,,,,,,,,
442020,0107000,1,大分県,オオイタケン,Oita,,,,別府市,ベップシ,Beppu-shi,,,,柳,ヤナギ,Yanagi,,,,,,,,0,0,1,0,0,0,1,0,1947-04-17,,0,8740811,,,,,,,,,,,,,,,
442020,0108000,1,大分県,オオイタケン,Oita,,,,別府市,ベップシ,Beppu-shi,,,,山家,ヤマガ,Yamaga,,,,,,,,0,0,1,0,0,0,1,0,1947-04-17,,0,8740818,,,,,,,,,,,,,,,
442020,0109000,1,大分県,オオイタケン,Oita,,,,別府市,ベップシ,Beppu-shi,,,,山の口,ヤマノクチ,Yamanokuchi,,,,,,,,0,0,1,0,0,0,1,0,1947-04-17,,0,8740801,,,,,,,,,,,,,,,
442020,0110000,1,大分県,オオイタケン,Oita,,,,別府市,ベップシ,Beppu-shi,,,,山の手町,ヤマノテチョウ,Yamanotecho,,,,,,,,1,1,0,0,0,0,1,1,1947-04-17,,0,8740828,,,,,,,,,,,,,,,
442020,0111000,1,大分県,オオイタケン,Oita,,,,別府市,ベップシ,Beppu-shi,,,,弓ケ浜町,ユミガハマチョウ,Yumigahamacho,,,,,,,,1,1,0,0,0,0,1,1,1947-04-17,,0,8740927,,,,,,,,,,,,,,,
442020,0112000,1,大分県,オオイタケン,Oita,,,,別府市,ベップシ,Beppu-shi,,,,湯山,ユヤマ,Yuyama,,,,,,,,0,0,1,0,0,0,1,0,1947-04-17,,0,8740004,,,,,,,,,,,,,,,
442020,0113000,1,大分県,オオイタケン,Oita,,,,別府市,ベップシ,Beppu-shi,,,,両郡橋,リョウグンバシ,Ryogumbashi,,,,,,,,0,0,1,0,0,0,1,0,1947-04-17,,0,8740813,,,,,,,,,,,,,,,
442020,0114000,1,大分県,オオイタケン,Oita,,,,別府市,ベップシ,Beppu-shi,,,,若草町,ワカクサチョウ,Wakakusacho,,,,,,,,1,1,0,0,0,0,1,1,1947-04-17,,0,8740925,,,,,,,,,,,,,,,
442020,0115000,1,大分県,オオイタケン,Oita,,,,別府市,ベップシ,Beppu-shi,,,,大字亀川,オオアザカメガワ,,,,,,,,,0,0,0,0,0,0,1,1,1947-04-17,,0,,,,,,,,,,,,,,,,
442020,0116000,1,大分県,オオイタケン,Oita,,,,別府市,ベップシ,Beppu-shi,,,,大字鉄輪,オオアザカンナワ,,,,,,,,,0,0,0,0,0,0,1,1,1947-04-17,,0,,,,,,,,,,,,,,,,
442020,0117000,1,大分県,オオイタケン,Oita,,,,別府市,ベップシ,Beppu-shi,,,,大字天間,オオアザアママ,Amama,,,,,,,,0,0,0,0,0,0,1,1,1947-04-17,,0,8740005,,,,,,,,,,,,,,,
442020,0118000,1,大分県,オオイタケン,Oita,,,,別府市,ベップシ,Beppu-shi,,,,大字南畑,オオアザミナミハタ,,,,,,,,,0,0,0,0,0,0,1,1,1947-04-17,,0,,,,,,,,,,,,,,,,
442020,0119000,1,大分県,オオイタケン,Oita,,,,別府市,ベップシ,Beppu-shi,,,,大字平道,オオアザヒラミチ,,,,,,,,,0,0,0,0,0,0,1,1,1947-04-17,,0,,,,,,,,,,,,,,,,
442020,0120000,1,大分県,オオイタケン,Oita,,,,別府市,ベップシ,Beppu-shi,,,,大字野田,オオアザノダ,Noda,,,,,,,,0,0,0,0,0,0,1,1,1947-04-17,,0,8740016,,,,,,,,,,,,,,,
442020,0123000,1,大分県,オオイタケン,Oita,,,,別府市,ベップシ,Beppu-shi,,,,大字南石垣,オオアザミナミイシガキ,,,,,,,,,0,0,0,0,0,0,1,0,1947-04-17,,1,,,,,,,,,,,,,,,,
442020,0125000,1,大分県,オオイタケン,Oita,,,,別府市,ベップシ,Beppu-shi,,,,大字内竈,オオアザウチカマド,,,,,,,,,0,0,0,0,0,0,1,0,1947-04-17,,1,,,,,,,,,,,,,,,,
442020,0126000,1,大分県,オオイタケン,Oita,,,,別府市,ベップシ,Beppu-shi,,,,南立石生目町,ミナミタテイシイキメチョウ,,,,,,,,,1,1,0,0,0,0,1,0,2026-01-10,,1,,,,,,,,,,,,,,,,
442020,0128000,1,大分県,オオイタケン,Oita,,,,別府市,ベップシ,Beppu-shi,,,,国立第一,クニタテダイイチ,,,,,,,,,0,0,1,0,0,0,1,0,1947-04-17,,1,,,,,,,,,,,,,,,,
442020,0129000,1,大分県,オオイタケン,Oita,,,,別府市,ベップシ,Beppu-shi,,,,鉄輪東,カンナワヒガシ,,,,,,,,,0,0,1,0,0,0,1,0,1947-04-17,,1,,,,,,,,,,,,,,,,
442020,0130000,1,大分県,オオイタケン,Oita,,,,別府市,ベップシ,Beppu-shi,,,,南立石２区,ミナミタテイシ２ク,,,,,,,,,0,0,1,0,0,0,1,0,1947-04-17,,1,,,,,,,,,,,,,,,,
442020,0131000,1,大分県,オオイタケン,Oita,,,,別府市,ベップシ,Beppu-shi,,,,南立石１区,ミナミタテイシ１ク,,,,,,,,,0,0,1,0,0,0,1,0,1947-04-17,,1,,,,,,,,,,,,,,,,
442020,0132000,1,大分県,オオイタケン,Oita,,,,別府市,ベップシ,Beppu-shi,,,,内成,ウチナリ,,,,,,,,,0,0,1,0,0,0,1,0,1947-04-17,,1,,,,,,,,,,,,,,,,
442020,0134000,1,大分県,オオイタケン,Oita,,,,別府市,ベップシ,Beppu-shi,,,,東山一区,ヒガシヤマ１ク,,,,,,,,,0,0,1,0,0,0,1,0,1947-04-17,,1,,,,,,,,,,,,,,,,
442020,0135000,1,大分県,オオイタケン,Oita,,,,別府市,ベップシ,Beppu-shi,,,,野田,ノダ,,,,,,,,,0,0,1,0,0,0,1,0,1947-04-17,,1,,,,,,,,,,,,,,,,
442020,0136000,1,大分県,オオイタケン,Oita,,,,別府市,ベップシ,Beppu-shi,,,,国立第二,クニタテダイニ,,,,,,,,,0,0,1,0,0,0,1,0,1947-04-17,,1,,,,,,,,,,,,,,,,
442020,0137000,1,大分県,オオイタケン,Oita,,,,別府市,ベップシ,Beppu-shi,,,,東山二区,ヒガシヤマ２ク,,,,,,,,,0,0,1,0,0,0,1,0,1947-04-17,,1,,,,,,,,,,,,,,,,
442020,0138000,1,大分県,オオイタケン,Oita,,,,別府市,ベップシ,Beppu-shi,,,,南立石板地町,ミナミタテイシイタジマチ,,,,,,,,,1,1,1,0,0,0,1,0,2025-01-11,,1,,,,,,,,,,,,,,,,
442020,0139000,1,大分県,オオイタケン,Oita,,,,別府市,ベップシ,Beppu-shi,,,,鉄輪上,カンナワカミ,,,,,,,,,0,0,1,0,0,0,1,0,1947-04-17,,1,,,,,,,,,,,,,,,,
442020,0140000,1,大分県,オオイタケン,Oita,,,,別府市,ベップシ,Beppu-shi,,,,南須賀町,ミナミスカマチ,Minamisukamachi,,,,,,,,1,1,0,0,0,0,1,0,2025-01-11,,1,,,,,,,,,,,,,,,,
442020,0141000,1,大分県,オオイタケン,Oita,,,,別府市,ベップシ,Beppu-shi,,,,小倉町,オグラチョウ,Oguracho,,,,,,,,1,1,0,0,0,0,1,0,2025-01-11,,1,,,,,,,,,,,,,,,,
442020,0142000,1,大分県,オオイタケン,Oita,,,,別府市,ベップシ,Beppu-shi,,,,春木町,ハルキマチ,Harukimachi,,,,,,,,1,1,0,0,0,0,1,0,2025-01-11,,1,,,,,,,,,,,,,,,,
442020,0143000,1,大分県,オオイタケン,Oita,,,,別府市,ベップシ,Beppu-shi,,,,実相寺町,ジッソウジチョウ,,,,,,,,,1,1,0,0,0,0,1,0,2026-01-10,,1,,,,,,,,,,,,,,,,
442020,0144000,1,大分県,オオイタケン,Oita,,,,別府市,ベップシ,Beppu-shi,,,,観海寺町,カンカイジチョウ,,,,,,,,,1,1,0,0,0,0,1,0,2026-01-10,,1,,,,,,,,,,,,,,,,
442020,0145000,1,大分県,オオイタケン,Oita,,,,別府市,ベップシ,Beppu-shi,,,,山の手新町,ヤマノテシンマチ,,,,,,,,,1,1,0,0,0,0,1,0,2026-01-10,,1,,,,,,,,,,,,,,,,
442020,0146000,1,大分県,オオイタケン,Oita,,,,別府市,ベップシ,Beppu-shi,,,,新別府町,シンベップチョウ,,,,,,,,,1,1,0,0,0,0,1,0,2026-01-10,,1,,,,,,,,,,,,,,,,
442020,0147000,1,大分県,オオイタケン,Oita,,,,別府市,ベップシ,Beppu-shi,,,,南立石中津留町,ミナミタテイシナカツルチョウ,,,,,,,,,1,1,0,0,0,0,1,0,2026-01-10,,1,,,,,,,,,,,,,,,,
442020,0148000,1,大分県,オオイタケン,Oita,,,,別府市,ベップシ,Beppu-shi,,,,南立石公園町,ミナミタテイシコウエンチョウ,,,,,,,,,1,1,0,0,0,0,1,0,2026-01-10,,1,,,,,,,,,,,,,,,,
442020,0149000,1,大分県,オオイタケン,Oita,,,,別府市,ベップシ,Beppu-shi,,,,南立石八幡町,ミナミタテイシハチマンチョウ,,,,,,,,,1,1,0,0,0,0,1,0,2026-01-10,,1,,,,,,,,,,,,,,,,
442020,0150000,1,大分県,オオイタケン,Oita,,,,別府市,ベップシ,Beppu-shi,,,,竹の内町,タケノウチチョウ,,,,,,,,,1,1,0,0,0,0,1,0,2026-01-10,,1,,,,,,,,,,,,,,,,
442020,0151000,1,大分県,オオイタケン,Oita,,,,別府市,ベップシ,Beppu-shi,,,,大畑町,オバタケチョウ,,,,,,,,,1,1,0,0,0,0,1,0,2026-01-10,,1,,,,,,,,,,,,,,,,
442020,0152000,1,大分県,オオイタケン,Oita,,,,別府市,ベップシ,Beppu-shi,,,,荘園町,ソウエンチョウ,,,,,,,,,1,1,0,0,0,0,1,0,2026-01-10,,1,,,,,,,,,,,,,,,,
442020,0153000,1,大分県,オオイタケン,Oita,,,,別府市,ベップシ,Beppu-shi,,,,南立石本町,ミナミタテイシホンマチ,,,,,,,,,1,1,0,0,0,0,1,0,2026-01-10,,1,,,,,,,,,,,,,,,,
442020,0154000,1,大分県,オオイタケン,Oita,,,,別府市,ベップシ,Beppu-shi,,,,堀田町,ホリタチョウ,,,,,,,,,1,1,0,0,0,0,1,0,2026-01-10,,1,,,,,,,,,,,,,,,,
442038,0000000,4,大分県,オオイタケン,Oita,,,,中津市,ナカツシ,Nakatsu-shi,,,,,,,,,,,,,,0,0,0,0,0,0,1,1,1947-04-17,,0,,,,,,,,,,,,,,,,
442038,0001000,1,大分県,オオイタケン,Oita,,,,中津市,ナカツシ,Nakatsu-shi,,,,字小祝,アザコイワイ,,,,,,,,,0,0,0,0,0,0,1,1,1947-04-17,,0,,,,,,,,,,,,,,,,
442038,0002001,2,大分県,オオイタケン,Oita,,,,中津市,ナカツシ,Nakatsu-shi,,,,牛神町,ウシガミマチ,Ushigamimachi,１丁目,１チョウメ,1,,,,,0,0,0,0,0,0,1,1,1947-04-17,,0,,,,,,,,,,,,,,,,
442038,0003001,2,大分県,オオイタケン,Oita,,,,中津市,ナカツシ,Nakatsu-shi,,,,蛭子町,エビスマチ,Ebisumachi,１丁目,１チョウメ,1,,,,,0,0,0,0,0,0,1,1,1947-04-17,,0,,,,,,,,,,,,,,,,
442038,0003002,2,大分県,オオイタケン,Oita,,,,中津市,ナカツシ,Nakatsu-shi,,,,蛭子町,エビスマチ,Ebisumachi,２丁目,２チョウメ,2,,,,,0,0,0,0,0,0,1,1,1947-04-17,,0,,,,,,,,,,,,,,,,
442038,0003003,2,大分県,オオイタケン,Oita,,,,中津市,ナカツシ,Nakatsu-shi,,,,蛭子町,エビスマチ,Ebisumachi,３丁目,３チョウメ,3,,,,,0,0,0,0,0,0,1,1,1947-04-17,,0,,,,,,,,,,,,,,,,
442038,0004000,1,大分県,オオイタケン,Oita,,,,中津市,ナカツシ,Nakatsu-shi,,,,大字相原,オオアザアイハラ,,,,,,,,,0,0,0,0,0,0,1,1,1947-04-17,,0,,,,,,,,,,,,,,,,
442038,0005000,1,大分県,オオイタケン,Oita,,,,中津市,ナカツシ,Nakatsu-shi,,,,大字伊藤田,オオアザイドウダ,Idoda,,,,,,,,0,0,0,0,0,0,1,1,1947-04-17,,0,8790111,,,,,,,,,,,,,,,
442038,0006000,1,大分県,オオイタケン,Oita,,,,中津市,ナカツシ,Nakatsu-shi,,,,大字今津,オオアザイマヅ,Imazu,,,,,,,,0,0,0,0,0,0,1,1,1947-04-17,,0,8790101,,,,,,,,,,,,,,,
442038,0007000,1,大分県,オオイタケン,Oita,,,,中津市,ナカツシ,Nakatsu-shi,,,,大字植野,オオアザウエノ,Ueno,,,,,,,,0,0,0,0,0,0,1,1,1947-04-17,,0,8790103,,,,,,,,,,,,,,,
442038,0008000,1,大分県,オオイタケン,Oita,,,,中津市,ナカツシ,Nakatsu-shi,,,,大字牛神,オオアザウシガミ,Ushigami,,,,,,,,0,0,0,0,0,0,1,1,1947-04-17,,0,8710015,,,,,,,,,,,,,,,
442038,0009000,1,大分県,オオイタケン,Oita,,,,中津市,ナカツシ,Nakatsu-shi,,,,大字合馬,オオアザオウマ,Oma,,,,,,,,0,0,0,0,0,0,1,1,1947-04-17,,0,8710005,,,,,,,,,,,,,,,
442038,0010000,1,大分県,オオイタケン,Oita,,,,中津市,ナカツシ,Nakatsu-shi,,,,大字大貞,オオアザオオサダ,Osada,,,,,,,,0,0,0,0,0,0,1,1,1947-04-17,,0,8710153,,,,,,,,,,,,,,,
442038,0010113,3,大分県,オオイタケン,Oita,,,,中津市,ナカツシ,Nakatsu-shi,,,,大字大貞,オオアザオオサダ,,,,,古城１・２,,,,0,0,0,1,0,0,1,0,1947-04-17,,1,,,,,,,,,,,,,,,,
442038,0010114,3,大分県,オオイタケン,Oita,,,,中津市,ナカツシ,Nakatsu-shi,,,,大字大貞,オオアザオオサダ,,,,,大悟法１・２・稲男,,,,0,0,0,1,0,0,1,0,1947-04-17,,1,,,,,,,,,,,,,,,,
442038,0010115,3,大分県,オオイタケン,Oita,,,,中津市,ナカツシ,Nakatsu-shi,,,,大字大貞,オオアザオオサダ,,,,,大貞・大貞公園・大貞三沢団地,,,,0,0,0,1,0,0,1,0,1947-04-17,,1,,,,,,,,,,,,,,,,
442038,0011000,1,大分県,オオイタケン,Oita,,,,中津市,ナカツシ,Nakatsu-shi,,,,大字大新田,オオアザオオシンデン,Oshinden,,,,,,,,0,0,0,0,0,0,1,1,1947-04-17,,0,8710001,,,,,,,,,,,,,,,
442038,0012000,1,大分県,オオイタケン,Oita,,,,中津市,ナカツシ,Nakatsu-shi,,,,大字大塚,オオアザオオツカ,Otsuka,,,,,,,,0,0,0,0,0,0,1,1,1947-04-17,,0,8710008,,,,,,,,,,,,,,,
442038,0012160,3,大分県,オオイタケン,Oita,,,,中津市,ナカツシ,Nakatsu-shi,,,,大字大塚,オオアザオオツカ,,,,,北浦町,,,,0,0,0,1,0,0,1,0,1947-04-17,,1,,,,,,,,,,,,,,,,
442038,0013000,1,大分県,オオイタケン,Oita,,,,中津市,ナカツシ,Nakatsu-shi,,,,大字蛎瀬,オオアザカキゼ,Kakize,,,,,,,,0,0,0,0,0,0,1,1,1947-04-17,,0,8710007,,,,,,,,,,,,,,,
442038,0013157,3,大分県,オオイタケン,Oita,,,,中津市,ナカツシ,Nakatsu-shi,,,,大字蛎瀬,オオアザカキゼ,,,,,蛭子町３丁目,,,,0,0,0,1,0,0,1,0,1947-04-17,,1,,,,,,,,,,,,,,,,
442038,0014000,1,大分県,オオイタケン,Oita,,,,中津市,ナカツシ,Nakatsu-shi,,,,大字加来,オオアザカク,Kaku,,,,,,,,0,0,0,0,0,0,1,1,1947-04-17,,0,8710152,,,,,,,,,,,,,,,
442038,0015000,1,大分県,オオイタケン,Oita,,,,中津市,ナカツシ,Nakatsu-shi,,,,大字金手,オオアザカナテ,Kanate,,,,,,,,0,0,0,0,0,0,1,1,1947-04-17,,0,8710013,,,,,,,,,,,,,,,
442038,0016000,1,大分県,オオイタケン,Oita,,,,中津市,ナカツシ,Nakatsu-shi,,,,大字上池永,オオアザカミイケナガ,Kamiikenaga,,,,,,,,0,0,0,0,0,0,1,1,1947-04-17,,0,8710161,,,,,,,,,,,,,,,
442038,0016155,3,大分県,オオイタケン,Oita,,,,中津市,ナカツシ,Nakatsu-shi,,,,大字上池永,オオアザカミイケナガ,,,,,八幡町１,,,,0,0,0,1,0,0,1,0,1947-04-17,,1,,,,,,,,,,,,,,,,
442038,0017000,1,大分県,オオイタケン,Oita,,,,中津市,ナカツシ,Nakatsu-shi,,,,大字上如水,オオアザカミジョスイ,Kamijosui,,,,,,,,0,0,0,0,0,0,1,1,1947-04-17,,0,8710004,,,,,,,,,,,,,,,
442038,0017164,3,大分県,オオイタケン,Oita,,,,中津市,ナカツシ,Nakatsu-shi,,,,大字上如水,オオアザカミジョスイ,,,,,榊原２,,,,0,0,0,1,0,0,1,0,1947-04-17,,1,,,,,,,,,,,,,,,,
442038,0018000,1,大分県,オオイタケン,Oita,,,,中津市,ナカツシ,Nakatsu-shi,,,,大字上宮永,オオアザカミミヤナガ,Kamimiyanaga,,,,,,,,0,0,0,0,0,0,1,1,1947-04-17,,0,8710027,,,,,,,,,,,,,,,
442038,0019000,1,大分県,オオイタケン,Oita,,,,中津市,ナカツシ,Nakatsu-shi,,,,大字北原,オオアザキタバル,Kitabaru,,,,,,,,0,0,0,0,0,0,1,1,1947-04-17,,0,8790113,,,,,,,,,,,,,,,
442038,0020000,1,大分県,オオイタケン,Oita,,,,中津市,ナカツシ,Nakatsu-shi,,,,大字是則,オオアザコレノリ,Korenori,,,,,,,,0,0,0,0,0,0,1,1,1947-04-17,,0,8710003,,,,,,,,,,,,,,,
442038,0021000,1,大分県,オオイタケン,Oita,,,,中津市,ナカツシ,Nakatsu-shi,,,,大字島田,オオアザシマタ,Shimata,,,,,,,,0,0,0,0,0,0,1,1,1947-04-17,,0,8710033,,,,,,,,,,,,,,,
442038,0021131,3,大分県,オオイタケン,Oita,,,,中津市,ナカツシ,Nakatsu-shi,,,,大字島田,オオアザシマタ,,,,,上宮永町２丁目北・南・栄町１丁目・２丁目,,,,0,0,0,1,0,0,1,0,1947-04-17,,1,,,,,,,,,,,,,,,,
442038,0021132,3,大分県,オオイタケン,Oita,,,,中津市,ナカツシ,Nakatsu-shi,,,,大字島田,オオアザシマタ,,,,,天神町・新天神町,,,,0,0,0,1,0,0,1,0,1947-04-17,,1,,,,,,,,,,,,,,,,
442038,0021133,3,大分県,オオイタケン,Oita,,,,中津市,ナカツシ,Nakatsu-shi,,,,大字島田,オオアザシマタ,,,,,宮島町,,,,0,0,0,1,0,0,1,0,1947-04-17,,1,,,,,,,,,,,,,,,,
442038,0021134,3,大分県,オオイタケン,Oita,,,,中津市,ナカツシ,Nakatsu-shi,,,,大字島田,オオアザシマタ,,,,,島田仲町,,,,0,0,0,1,0,0,1,0,1947-04-17,,1,,,,,,,,,,,,,,,,
442038,0021135,3,大分県,オオイタケン,Oita,,,,中津市,ナカツシ,Nakatsu-shi,,,,大字島田,オオアザシマタ,,,,,島田本町,,,,0,0,0,1,0,0,1,0,1947-04-17,,1,,,,,,,,,,,,,,,,
442038,0021136,3,大分県,オオイタケン,Oita,,,,中津市,ナカツシ,Nakatsu-shi,,,,大字島田,オオアザシマタ,,,,,日の出町,,,,0,0,0,1,0,0,1,0,1947-04-17,,1,,,,,,,,,,,,,,,,
442038,0021137,3,大分県,オオイタケン,Oita,,,,中津市,ナカツシ,Nakatsu-shi,,,,大字島田,オオアザシマタ,,,,,東本町,,,,0,0,0,1,0,0,1,0,1947-04-17,,1,,,,,,,,,,,,,,,,
442038,0021138,3,大分県,オオイタケン,Oita,,,,中津市,ナカツシ,Nakatsu-shi,,,,大字島田,オオアザシマタ,,,,,蛭子町１丁目・２丁目・３丁目,,,,0,0,0,1,0,0,1,0,1947-04-17,,1,,,,,,,,,,,,,,,,
442038,0021139,3,大分県,オオイタケン,Oita,,,,中津市,ナカツシ,Nakatsu-shi,,,,大字島田,オオアザシマタ,,,,,豊田町１丁目・２丁目・３丁目・４丁目,,,,0,0,0,1,0,0,1,0,1947-04-17,,1,,,,,,,,,,,,,,,,
442038,0022000,1,大分県,オオイタケン,Oita,,,,中津市,ナカツシ,Nakatsu-shi,,,,大字下池永,オオアザシモイケナガ,Shimoikenaga,,,,,,,,0,0,0,0,0,0,1,1,1947-04-17,,0,8710011,,,,,,,,,,,,,,,
442038,0023000,1,大分県,オオイタケン,Oita,,,,中津市,ナカツシ,Nakatsu-shi,,,,大字下宮永,オオアザシモミヤナガ,Shimomiyanaga,,,,,,,,0,0,0,0,0,0,1,1,1947-04-17,,0,8710029,,,,,,,,,,,,,,,
442038,0024000,1,大分県,オオイタケン,Oita,,,,中津市,ナカツシ,Nakatsu-shi,,,,大字全徳,オオアザゼントク,Zentoku,,,,,,,,0,0,0,0,0,0,1,1,1947-04-17,,0,8710002,,,,,,,,,,,,,,,
442038,0025000,1,大分県,オオイタケン,Oita,,,,中津市,ナカツシ,Nakatsu-shi,,,,大字大悟法,オオアザダイゴボウ,Daigobo,,,,,,,,0,0,0,0,0,0,1,1,1947-04-17,,0,8710151,,,,,,,,,,,,,,,
442038,0025134,3,大分県,オオイタケン,Oita,,,,中津市,ナカツシ,Nakatsu-shi,,,,大字大悟法,オオアザダイゴボウ,,,,,上如水２,,,,0,0,0,1,0,0,1,0,1947-04-17,,1,,,,,,,,,,,,,,,,
442038,0025135,3,大分県,オオイタケン,Oita,,,,中津市,ナカツシ,Nakatsu-shi,,,,大字大悟法,オオアザダイゴボウ,,,,,八幡町１・２,,,,0,0,0,1,0,0,1,0,1947-04-17,,1,,,,,,,,,,,,,,,,
442038,0025136,3,大分県,オオイタケン,Oita,,,,中津市,ナカツシ,Nakatsu-shi,,,,大字大悟法,オオアザダイゴボウ,,,,,大貞・大貞公園・大悟法１・２,,,,0,0,0,1,0,0,1,0,1947-04-17,,1,,,,,,,,,,,,,,,,
442038,0025137,3,大分県,オオイタケン,Oita,,,,中津市,ナカツシ,Nakatsu-shi,,,,大字大悟法,オオアザダイゴボウ,,,,,榊原１・２,,,,0,0,0,1,0,0,1,0,1947-04-17,,1,,,,,,,,,,,,,,,,
442038,0026000,1,大分県,オオイタケン,Oita,,,,中津市,ナカツシ,Nakatsu-shi,,,,大字高瀬,オオアザタカセ,Takase,,,,,,,,0,0,0,0,0,0,1,1,1947-04-17,,0,8710026,,,,,,,,,,,,,,,
442038,0027000,1,大分県,オオイタケン,Oita,,,,中津市,ナカツシ,Nakatsu-shi,,,,大字田尻,オオアザタジリ,Tajiri,,,,,,,,0,0,0,0,0,0,1,1,1947-04-17,,0,8790123,,,,,,,,,,,,,,,
442038,0028000,1,大分県,オオイタケン,Oita,,,,中津市,ナカツシ,Nakatsu-shi,,,,大字田尻崎,オオアザタジリザキ,Tajirizaki,,,,,,,,0,0,0,0,0,0,1,1,1947-04-17,,0,8790124,,,,,,,,,,,,,,,
442038,0029000,1,大分県,オオイタケン,Oita,,,,中津市,ナカツシ,Nakatsu-shi,,,,大字角木,オオアザツノギ,Tsunogi,,,,,,,,0,0,0,0,0,0,1,0,1947-04-17,,0,8710091,,,,,,,,,,,,,,,
442038,0029151,3,大分県,オオイタケン,Oita,,,,中津市,ナカツシ,Nakatsu-shi,,,,大字角木,オオアザツノギ,,,,,下正路町,,,,0,0,0,1,0,0,1,0,1947-04-17,,1,,,,,,,,,,,,,,,,
442038,0029152,3,大分県,オオイタケン,Oita,,,,中津市,ナカツシ,Nakatsu-shi,,,,大字角木,オオアザツノギ,,,,,北浦町,,,,0,0,0,1,0,0,1,0,1947-04-17,,1,,,,,,,,,,,,,,,,
442038,0029153,3,大分県,オオイタケン,Oita,,,,中津市,ナカツシ,Nakatsu-shi,,,,大字角木,オオアザツノギ,,,,,大塚・新大塚・闇無・北新地,,,,0,0,0,1,0,0,1,0,1947-04-17,,1,,,,,,,,,,,,,,,,
442038,0029154,3,大分県,オオイタケン,Oita,,,,中津市,ナカツシ,Nakatsu-shi,,,,大字角木,オオアザツノギ,,,,,竜王町,,,,0,0,0,1,0,0,1,0,1947-04-17,,1,,,,,,,,,,,,,,,,
442038,0029155,3,大分県,オオイタケン,Oita,,,,中津市,ナカツシ,Nakatsu-shi,,,,大字角木,オオアザツノギ,,,,,角木新町,,,,0,0,0,1,0,0,1,0,1947-04-17,,1,,,,,,,,,,,,,,,,
442038,0029156,3,大分県,オオイタケン,Oita,,,,中津市,ナカツシ,Nakatsu-shi,,,,大字角木,オオアザツノギ,,,,,角木町,,,,0,0,0,1,0,0,1,0,1947-04-17,,1,,,,,,,,,,,,,,,,
442038,0030000,1,大分県,オオイタケン,Oita,,,,中津市,ナカツシ,Nakatsu-shi,,,,大字永添,オオアザナガソエ,Nagasoe,,,,,,,,0,0,0,0,0,0,1,1,1947-04-17,,0,8710162,,,,,,,,,,,,,,,
442038,0030179,3,大分県,オオイタケン,Oita,,,,中津市,ナカツシ,Nakatsu-shi,,,,大字永添,オオアザナガソエ,,,,,古城１・２,,,,0,0,0,1,0,0,1,0,1947-04-17,,1,,,,,,,,,,,,,,,,
442038,0031000,1,大分県,オオイタケン,Oita,,,,中津市,ナカツシ,Nakatsu-shi,,,,大字中殿,オオアザナカドノ,Nakadono,,,,,,,,0,0,0,0,0,0,1,1,1947-04-17,,0,8710031,,,,,,,,,,,,,,,
442038,0031138,3,大分県,オオイタケン,Oita,,,,中津市,ナカツシ,Nakatsu-shi,,,,大字中殿,オオアザナカドノ,,,,,蛭子町１丁目,,,,0,0,0,1,0,0,1,0,1947-04-17,,1,,,,,,,,,,,,,,,,
442038,0032000,1,大分県,オオイタケン,Oita,,,,中津市,ナカツシ,Nakatsu-shi,,,,大字中原,オオアザナカバル,Nakabaru,,,,,,,,0,0,0,0,0,0,1,1,1947-04-17,,0,8710157,,,,,,,,,,,,,,,
442038,0032124,3,大分県,オオイタケン,Oita,,,,中津市,ナカツシ,Nakatsu-shi,,,,大字中原,オオアザナカバル,,,,,上如水５,,,,0,0,0,1,0,0,1,0,1947-04-17,,1,,,,,,,,,,,,,,,,
442038,0032125,3,大分県,オオイタケン,Oita,,,,中津市,ナカツシ,Nakatsu-shi,,,,大字中原,オオアザナカバル,,,,,上如水１・中原・大悟法１,,,,0,0,0,1,0,0,1,0,1947-04-17,,1,,,,,,,,,,,,,,,,
442038,0032126,3,大分県,オオイタケン,Oita,,,,中津市,ナカツシ,Nakatsu-shi,,,,大字中原,オオアザナカバル,,,,,八幡町１・２,,,,0,0,0,1,0,0,1,0,1947-04-17,,1,,,,,,,,,,,,,,,,
442038,0032127,3,大分県,オオイタケン,Oita,,,,中津市,ナカツシ,Nakatsu-shi,,,,大字中原,オオアザナカバル,,,,,榊原１・２,,,,0,0,0,1,0,0,1,0,1947-04-17,,1,,,,,,,,,,,,,,,,
442038,0033000,1,大分県,オオイタケン,Oita,,,,中津市,ナカツシ,Nakatsu-shi,,,,大字鍋島,オオアザナベシマ,Nabeshima,,,,,,,,0,0,0,0,0,0,1,1,1947-04-17,,0,8790102,,,,,,,,,,,,,,,
442038,0034000,1,大分県,オオイタケン,Oita,,,,中津市,ナカツシ,Nakatsu-shi,,,,大字野依,オオアザノヨリ,Noyori,,,,,,,,0,0,0,0,0,0,1,1,1947-04-17,,0,8790104,,,,,,,,,,,,,,,
442038,0035000,1,大分県,オオイタケン,Oita,,,,中津市,ナカツシ,Nakatsu-shi,,,,大字東浜,オオアザヒガシハマ,Higashihama,,,,,,,,0,0,0,0,0,0,1,1,1947-04-17,,0,8710006,,,,,,,,,,,,,,,
442038,0036000,1,大分県,オオイタケン,Oita,,,,中津市,ナカツシ,Nakatsu-shi,,,,大字一ツ松,オオアザヒトツマツ,Hitotsumatsu,,,,,,,,0,0,0,0,0,0,1,1,1947-04-17,,0,8710014,,,,,,,,,,,,,,,
442038,0037000,1,大分県,オオイタケン,Oita,,,,中津市,ナカツシ,Nakatsu-shi,,,,大字福島,オオアザフクシマ,Fukushima,,,,,,,,0,0,0,0,0,0,1,1,1947-04-17,,0,8790112,,,,,,,,,,,,,,,
442038,0038000,1,大分県,オオイタケン,Oita,,,,中津市,ナカツシ,Nakatsu-shi,,,,大字万田,オオアザマンダ,Manda,,,,,,,,0,0,0,0,0,0,1,1,1947-04-17,,0,8710025,,,,,,,,,,,,,,,
442038,0039000,1,大分県,オオイタケン,Oita,,,,中津市,ナカツシ,Nakatsu-shi,,,,大字宮夫,オオアザミヤブ,Miyabu,,,,,,,,0,0,0,0,0,0,1,1,1947-04-17,,0,8710012,,,,,,,,,,,,,,,
442038,0040000,1,大分県,オオイタケン,Oita,,,,中津市,ナカツシ,Nakatsu-shi,,,,大字湯屋,オオアザユヤ,Yuya,,,,,,,,0,0,0,0,0,0,1,1,1947-04-17,,0,8710023,,,,,,,,,,,,,,,
442038,0041001,2,大分県,オオイタケン,Oita,,,,中津市,ナカツシ,Nakatsu-shi,,,,沖代町,オキダイマチ,Okidaimachi,１丁目,１チョウメ,1,,,,,1,1,0,0,0,0,1,1,1947-04-17,,0,,,,,,,,,,,,,,,,
442038,0041002,2,大分県,オオイタケン,Oita,,,,中津市,ナカツシ,Nakatsu-shi,,,,沖代町,オキダイマチ,Okidaimachi,２丁目,２チョウメ,2,,,,,1,1,0,0,0,0,1,1,1947-04-17,,0,,,,,,,,,,,,,,,,
442038,0042000,1,大分県,オオイタケン,Oita,,,,中津市,ナカツシ,Nakatsu-shi,,,,三光諌山,サンコウイサヤマ,Sanko Isayama,,,,,,,,0,0,0,0,0,0,1,1,1947-04-17,,0,8710104,,,,,,,,,,,,,,,
442038,0043000,1,大分県,オオイタケン,Oita,,,,中津市,ナカツシ,Nakatsu-shi,,,,三光臼木,サンコウウスギ,Sanko Usugi,,,,,,,,0,0,0,0,0,0,1,1,1947-04-17,,0,8710112,,,,,,,,,,,,,,,
442038,0044000,1,大分県,オオイタケン,Oita,,,,中津市,ナカツシ,Nakatsu-shi,,,,三光小袋,サンコウオブクロ,Sanko Obukuro,,,,,,,,0,0,0,0,0,0,1,1,1947-04-17,,0,8710114,,,,,,,,,,,,,,,
442038,0045000,1,大分県,オオイタケン,Oita,,,,中津市,ナカツシ,Nakatsu-shi,,,,三光上深水,サンコウカミフコウズ,Sanko Kamifukozu,,,,,,,,0,0,0,0,0,0,1,1,1947-04-17,,0,8790225,,,,,,,,,,,,,,,
442038,0046000,1,大分県,オオイタケン,Oita,,,,中津市,ナカツシ,Nakatsu-shi,,,,三光上秣,サンコウカミマクサ,Sanko Kamimakusa,,,,,,,,0,0,0,0,0,0,1,1,1947-04-17,,0,8790221,,,,,,,,,,,,,,,
442038,0047000,1,大分県,オオイタケン,Oita,,,,中津市,ナカツシ,Nakatsu-shi,,,,三光佐知,サンコウサチ,Sanko Sachi,,,,,,,,0,0,0,0,0,0,1,1,1947-04-17,,0,8710111,,,,,,,,,,,,,,,
442038,0048000,1,大分県,オオイタケン,Oita,,,,中津市,ナカツシ,Nakatsu-shi,,,,三光下深水,サンコウシモフコウズ,Sanko Shimofukozu,,,,,,,,0,0,0,0,0,0,1,1,1947-04-17,,0,8790224,,,,,,,,,,,,,,,
442038,0049000,1,大分県,オオイタケン,Oita,,,,中津市,ナカツシ,Nakatsu-shi,,,,三光下秣,サンコウシモマクサ,Sanko Shimomakusa,,,,,,,,0,0,0,0,0,0,1,1,1947-04-17,,0,8790223,,,,,,,,,,,,,,,
442038,0050000,1,大分県,オオイタケン,Oita,,,,中津市,ナカツシ,Nakatsu-shi,,,,三光田口,サンコウタグチ,Sanko Taguchi,,,,,,,,0,0,0,0,0,0,1,1,1947-04-17,,0,8710103,,,,,,,,,,,,,,,
442038,0051000,1,大分県,オオイタケン,Oita,,,,中津市,ナカツシ,Nakatsu-shi,,,,三光土田,サンコウツチダ,Sanko Tsuchida,,,,,,,,0,0,0,0,0,0,1,1,1947-04-17,,0,8710113,,,,,,,,,,,,,,,
442038,0052000,1,大分県,オオイタケン,Oita,,,,中津市,ナカツシ,Nakatsu-shi,,,,三光成恒,サンコウナリツネ,Sanko Naritsune,,,,,,,,0,0,0,0,0,0,1,1,1947-04-17,,0,8710102,,,,,,,,,,,,,,,
442038,0053000,1,大分県,オオイタケン,Oita,,,,中津市,ナカツシ,Nakatsu-shi,,,,三光西秣,サンコウニシマクサ,Sanko Nishimakusa,,,,,,,,0,0,0,0,0,0,1,1,1947-04-17,,0,8790222,,,,,,,,,,,,,,,
442038,0054000,1,大分県,オオイタケン,Oita,,,,中津市,ナカツシ,Nakatsu-shi,,,,三光原口,サンコウハラグチ,Sanko Haraguchi,,,,,,,,0,0,0,0,0,0,1,1,1947-04-17,,0,8710105,,,,,,,,,,,,,,,
442038,0055000,1,大分県,オオイタケン,Oita,,,,中津市,ナカツシ,Nakatsu-shi,,,,三光森山,サンコウモリヤマ,Sanko Moriyama,,,,,,,,0,0,0,0,0,0,1,1,1947-04-17,,0,8710101,,,,,,,,,,,,,,,
442038,0056000,1,大分県,オオイタケン,Oita,,,,中津市,ナカツシ,Nakatsu-shi,,,,島田本町,シマダホンマチ,Shimata Hommachi,,,,,,,,0,0,0,0,0,0,1,1,1947-04-17,,0,8710036,,,,,,,,,,,,,,,
442038,0057001,2,大分県,オオイタケン,Oita,,,,中津市,ナカツシ,Nakatsu-shi,,,,中央町,チュウオウマチ,Chuomachi,１丁目,１チョウメ,1,,,,,1,1,0,0,0,0,1,1,1947-04-17,,0,,,,,,,,,,,,,,,,
442038,0057002,2,大分県,オオイタケン,Oita,,,,中津市,ナカツシ,Nakatsu-shi,,,,中央町,チュウオウマチ,Chuomachi,２丁目,２チョウメ,2,,,,,1,1,0,0,0,0,1,1,1947-04-17,,0,,,,,,,,,,,,,,,,
442038,0058000,1,大分県,オオイタケン,Oita,,,,中津市,ナカツシ,Nakatsu-shi,,,,天神町,テンジンマチ,Tenjimmachi,,,,,,,,0,0,0,0,0,0,1,1,1947-04-17,,0,8710039,,,,,,,,,,,,,,,
442038,0059000,1,大分県,オオイタケン,Oita,,,,中津市,ナカツシ,Nakatsu-shi,,,,豊田町,トヨダマチ,Toyodamachi,,,,,,,,0,0,0,0,0,0,1,1,1947-04-17,,0,8710058,,,,,,,,,,,,,,,
442038,0060003,2,大分県,オオイタケン,Oita,,,,中津市,ナカツシ,Nakatsu-shi,,,,中殿町,ナカドノマチ,Nakadonomachi,３丁目,３チョウメ,3,,,,,0,0,0,0,0,0,1,1,1947-04-17,,0,,,,,,,,,,,,,,,,
442038,0060004,2,大分県,オオイタケン,Oita,,,,中津市,ナカツシ,Nakatsu-shi,,,,中殿町,ナカドノマチ,Nakadonomachi,４丁目,４チョウメ,4,,,,,0,0,0,0,0,0,1,1,1947-04-17,,0,,,,,,,,,,,,,,,,
442038,0061000,1,大分県,オオイタケン,Oita,,,,中津市,ナカツシ,Nakatsu-shi,,,,東本町,ヒガシホンマチ,Higashihommachi,,,,,,,,0,0,0,0,0,0,1,1,1947-04-17,,0,8710032,,,,,,,,,,,,,,,
442038,0062000,1,大分県,オオイタケン,Oita,,,,中津市,ナカツシ,Nakatsu-shi,,,,本耶馬渓町跡田,ホンヤバケイマチアトダ,Honyabakeimachi Atoda,,,,,,,,0,0,0,0,0,0,1,1,1947-04-17,,0,8710311,,,,,,,,,,,,,,,
442038,0063000,1,大分県,オオイタケン,Oita,,,,中津市,ナカツシ,Nakatsu-shi,,,,本耶馬渓町今行,ホンヤバケイマチイマユク,Honyabakeimachi Imayuku,,,,,,,,0,0,0,0,0,0,1,1,1947-04-17,,0,8710206,,,,,,,,,,,,,,,
442038,0064000,1,大分県,オオイタケン,Oita,,,,中津市,ナカツシ,Nakatsu-shi,,,,本耶馬渓町落合,ホンヤバケイマチオチアイ,Honyabakeimachi Ochiai,,,,,,,,0,0,0,0,0,0,1,1,1947-04-17,,0,8710313,,,,,,,,,,,,,,,
442038,0065000,1,大分県,オオイタケン,Oita,,,,中津市,ナカツシ,Nakatsu-shi,,,,本耶馬渓町折元,ホンヤバケイマチオリモト,Honyabakeimachi Orimoto,,,,,,,,0,0,0,0,0,0,1,1,1947-04-17,,0,8710312,,,,,,,,,,,,,,,
442038,0066000,1,大分県,オオイタケン,Oita,,,,中津市,ナカツシ,Nakatsu-shi,,,,本耶馬渓町冠石野,ホンヤバケイマチカブシノ,Honyabakeimachi Kabushino,,,,,,,,0,0,0,0,0,0,1,1,1947-04-17,,0,8710204,,,,,,,,,,,,,,,
442038,0067000,1,大分県,オオイタケン,Oita,,,,中津市,ナカツシ,Nakatsu-shi,,,,本耶馬渓町下屋形,ホンヤバケイマチシモヤカタ,Honyabakeimachi Shimoyakata,,,,,,,,0,0,0,0,0,0,1,1,1947-04-17,,0,8710205,,,,,,,,,,,,,,,
442038,0068000,1,大分県,オオイタケン,Oita,,,,中津市,ナカツシ,Nakatsu-shi,,,,本耶馬渓町曽木,ホンヤバケイマチソギ,Honyabakeimachi Sogi,,,,,,,,0,0,0,0,0,0,1,1,1947-04-17,,0,8710202,,,,,,,,,,,,,,,
442038,0069000,1,大分県,オオイタケン,Oita,,,,中津市,ナカツシ,Nakatsu-shi,,,,本耶馬渓町多志田,ホンヤバケイマチタシダ,Honyabakeimachi Tashida,,,,,,,,0,0,0,0,0,0,1,1,1947-04-17,,0,8710203,,,,,,,,,,,,,,,
442038,0070000,1,大分県,オオイタケン,Oita,,,,中津市,ナカツシ,Nakatsu-shi,,,,本耶馬渓町西谷,ホンヤバケイマチニシタニ,Honyabakeimachi Nishitani,,,,,,,,0,0,0,0,0,0,1,1,1947-04-17,,0,8710314,,,,,,,,,,,,,,,
442038,0071000,1,大分県,オオイタケン,Oita,,,,中津市,ナカツシ,Nakatsu-shi,,,,本耶馬渓町西屋形,ホンヤバケイマチニシヤカタ,Honyabakeimachi Nishiyakata,,,,,,,,0,0,0,0,0,0,1,1,1947-04-17,,0,8710208,,,,,,,,,,,,,,,
442038,0072000,1,大分県,オオイタケン,Oita,,,,中津市,ナカツシ,Nakatsu-shi,,,,本耶馬渓町東谷,ホンヤバケイマチヒガシタニ,Honyabakeimachi Higashitani,,,,,,,,0,0,0,0,0,0,1,1,1947-04-17,,0,8710315,,,,,,,,,,,,,,,
442038,0073000,1,大分県,オオイタケン,Oita,,,,中津市,ナカツシ,Nakatsu-shi,,,,本耶馬渓町東屋形,ホンヤバケイマチヒガシヤカタ,Honyabakeimachi Higashiyakata,,,,,,,,0,0,0,0,0,0,1,1,1947-04-17,,0,8710207,,,,,,,,,,,,,,,
442038,0074000,1,大分県,オオイタケン,Oita,,,,中津市,ナカツシ,Nakatsu-shi,,,,本耶馬渓町樋田,ホンヤバケイマチヒダ,Honyabakeimachi Hida,,,,,,,,0,0,0,0,0,0,1,1,1947-04-17,,0,8710201,,*_*_*_*_*_MJ014416_*,,,,,,,,,,,,,
442038,0075000,1,大分県,オオイタケン,Oita,,,,中津市,ナカツシ,Nakatsu-shi,,,,丸山町,マルヤマチョウ,Maruyamacho,,,,,,,,0,0,0,0,0,0,1,1,1947-04-17,,0,8710047,,,,,,,,,,,,,,,
442038,0076000,1,大分県,オオイタケン,Oita,,,,中津市,ナカツシ,Nakatsu-shi,,,,宮島町,ミヤジママチ,Miyajimamachi,,,,,,,,0,0,0,0,0,0,1,1,1947-04-17,,0,8710037,,,,,,,,,,,,,,,
442038,0077000,1,大分県,オオイタケン,Oita,,,,中津市,ナカツシ,Nakatsu-shi,,,,耶馬溪町大字大島,ヤバケイマチオオアザオオシマ,,,,,,,,,0,0,0,0,0,0,1,1,1947-04-17,,0,,,,,,,,,,,,,,,,
442038,0078000,1,大分県,オオイタケン,Oita,,,,中津市,ナカツシ,Nakatsu-shi,,,,耶馬溪町大字大野,ヤバケイマチオオアザオオノ,,,,,,,,,0,0,0,0,0,0,1,1,1947-04-17,,0,,,,,,,,,,,,,,,,
442038,0079000,1,大分県,オオイタケン,Oita,,,,中津市,ナカツシ,Nakatsu-shi,,,,耶馬溪町大字小友田,ヤバケイマチオオアザオトモダ,,,,,,,,,0,0,0,0,0,0,1,1,1947-04-17,,0,,,,,,,,,,,,,,,,
442038,0080000,1,大分県,オオイタケン,Oita,,,,中津市,ナカツシ,Nakatsu-shi,,,,耶馬溪町大字柿坂,ヤバケイマチオオアザカキサカ,,,,,,,,,0,0,0,0,0,0,1,1,1947-04-17,,0,,,,,,,,,,,,,,,,
442038,0081000,1,大分県,オオイタケン,Oita,,,,中津市,ナカツシ,Nakatsu-shi,,,,耶馬溪町大字金吉,ヤバケイマチオオアザカナヨシ,,,,,,,,,0,0,0,0,0,0,1,1,1947-04-17,,0,,,,,,,,,,,,,,,,
442038,0082000,1,大分県,オオイタケン,Oita,,,,中津市,ナカツシ,Nakatsu-shi,,,,耶馬溪町大字冠石野,ヤバケイマチオオアザカブシノ,,,,,,,,,0,0,0,0,0,0,1,1,1947-04-17,,0,,,,,,,,,,,,,,,,
442038,0083000,1,大分県,オオイタケン,Oita,,,,中津市,ナカツシ,Nakatsu-shi,,,,耶馬溪町大字川原口,ヤバケイマチオオアザカワハラグチ,,,,,,,,,0,0,0,0,0,0,1,1,1947-04-17,,0,,,,,,,,,,,,,,,,
442038,0084000,1,大分県,オオイタケン,Oita,,,,中津市,ナカツシ,Nakatsu-shi,,,,耶馬溪町大字深耶馬,ヤバケイマチオオアザシンヤバ,,,,,,,,,0,0,0,0,0,0,1,1,1947-04-17,,0,,,,,,,,,,,,,,,,
442038,0085000,1,大分県,オオイタケン,Oita,,,,中津市,ナカツシ,Nakatsu-shi,,,,耶馬溪町大字多志田,ヤバケイマチオオアザタシダ,,,,,,,,,0,0,0,0,0,0,1,1,1947-04-17,,0,,,,,,,,,,,,,,,,
442038,0086000,1,大分県,オオイタケン,Oita,,,,中津市,ナカツシ,Nakatsu-shi,,,,耶馬溪町大字栃木,ヤバケイマチオオアザトチギ,,,,,,,,,0,0,0,0,0,0,1,1,1947-04-17,,0,,,,,,,,,,,,,,,,
442038,0087000,1,大分県,オオイタケン,Oita,,,,中津市,ナカツシ,Nakatsu-shi,,,,耶馬溪町大字戸原,ヤバケイマチオオアザトバル,,,,,,,,,0,0,0,0,0,0,1,1,1947-04-17,,0,,,,,,,,,,,,,,,,
442038,0088000,1,大分県,オオイタケン,Oita,,,,中津市,ナカツシ,Nakatsu-shi,,,,耶馬溪町大字中畑,ヤバケイマチオオアザナカハタ,,,,,,,,,0,0,0,0,0,0,1,1,1947-04-17,,0,,,,,,,,,,,,,,,,
442038,0089000,1,大分県,オオイタケン,Oita,,,,中津市,ナカツシ,Nakatsu-shi,,,,耶馬溪町大字樋山路,ヤバケイマチオオアザヒヤマジ,,,,,,,,,0,0,0,0,0,0,1,1,1947-04-17,,0,,,*_*_*_*_*_*_MJ014416_*_*,,,,,,,,,,,,,
442038,0090000,1,大分県,オオイタケン,Oita,,,,中津市,ナカツシ,Nakatsu-shi,,,,耶馬溪町大字平田,ヤバケイマチオオアザヒラタ,,,,,,,,,0,0,0,0,0,0,1,1,1947-04-17,,0,,,,,,,,,,,,,,,,
442038,0091000,1,大分県,オオイタケン,Oita,,,,中津市,ナカツシ,Nakatsu-shi,,,,耶馬溪町大字福土,ヤバケイマチオオアザフクツチ,,,,,,,,,0,0,0,0,0,0,1,1,1947-04-17,,0,,,,,,,,,,,,,,,,
442038,0092000,1,大分県,オオイタケン,Oita,,,,中津市,ナカツシ,Nakatsu-shi,,,,耶馬溪町大字三尾母,ヤバケイマチオオアザミオモ,,,,,,,,,0,0,0,0,0,0,1,1,1947-04-17,,0,,,,,,,,,,,,,,,,
442038,0093000,1,大分県,オオイタケン,Oita,,,,中津市,ナカツシ,Nakatsu-shi,,,,耶馬溪町大字宮園,ヤバケイマチオオアザミヤゾノ,,,,,,,,,0,0,0,0,0,0,1,1,1947-04-17,,0,,,,,,,,,,,,,,,,
442038,0094000,1,大分県,オオイタケン,Oita,,,,中津市,ナカツシ,Nakatsu-shi,,,,耶馬溪町大字山移,ヤバケイマチオオアザヤマウツリ,,,,,,,,,0,0,0,0,0,0,1,1,1947-04-17,,0,,,,,,,,,,,,,,,,
442038,0095000,1,大分県,オオイタケン,Oita,,,,中津市,ナカツシ,Nakatsu-shi,,,,山国町宇曽,ヤマクニマチウソ,Yamakunimachi Uso,,,,,,,,0,0,0,0,0,0,1,1,1947-04-17,,0,8710715,,,,,,,,,,,,,,,
442038,0096000,1,大分県,オオイタケン,Oita,,,,中津市,ナカツシ,Nakatsu-shi,,,,山国町草本,ヤマクニマチクサモト,Yamakunimachi Kusamoto,,,,,,,,0,0,0,0,0,0,1,1,1947-04-17,,0,8710702,,,,,,,,,,,,,,,
442038,0097000,1,大分県,オオイタケン,Oita,,,,中津市,ナカツシ,Nakatsu-shi,,,,山国町小屋川,ヤマクニマチコヤガワ,Yamakunimachi Koyagawa,,,,,,,,0,0,0,0,0,0,1,1,1947-04-17,,0,8710703,,,,,,,,,,,,,,,
442038,0098000,1,大分県,オオイタケン,Oita,,,,中津市,ナカツシ,Nakatsu-shi,,,,山国町槻木,ヤマクニマチツキノキ,Yamakunimachi Tsukinoki,,,,,,,,0,0,0,0,0,0,1,1,1947-04-17,,0,8710701,,,,,,,,,,,,,,,
442038,0099000,1,大分県,オオイタケン,Oita,,,,中津市,ナカツシ,Nakatsu-shi,,,,山国町長尾野,ヤマクニマチナガオノ,Yamakunimachi Nagaono,,,,,,,,0,0,0,0,0,0,1,1,1947-04-17,,0,8710714,,,,,,,,,,,,,,,
442038,0100000,1,大分県,オオイタケン,Oita,,,,中津市,ナカツシ,Nakatsu-shi,,,,山国町中摩,ヤマクニマチナカマ,Yamakunimachi Nakama,,,,,,,,0,0,0,0,0,0,1,1,1947-04-17,,0,8710716,,,,,,,,,,,,,,,
442038,0101000,1,大分県,オオイタケン,Oita,,,,中津市,ナカツシ,Nakatsu-shi,,,,山国町平小野,ヤマクニマチヒラオノ,Yamakunimachi Hiraono,,,,,,,,0,0,0,0,0,0,1,1,1947-04-17,,0,8710711,,,,,,,,,,,,,,,
442038,0102000,1,大分県,オオイタケン,Oita,,,,中津市,ナカツシ,Nakatsu-shi,,,,山国町藤野木,ヤマクニマチフジノキ,Yamakunimachi Fujinoki,,,,,,,,0,0,0,0,0,0,1,1,1947-04-17,,0,8710713,,,,,,,,,,,,,,,
442038,0103000,1,大分県,オオイタケン,Oita,,,,中津市,ナカツシ,Nakatsu-shi,,,,山国町守実,ヤマクニマチモリザネ,Yamakunimachi Morizane,,,,,,,,0,0,0,0,0,0,1,1,1947-04-17,,0,8710712,,,,,,,,,,,,,,,
442038,0104000,1,大分県,オオイタケン,Oita,,,,中津市,ナカツシ,Nakatsu-shi,,,,山国町吉野,ヤマクニマチヨシノ,Yamakunimachi Yoshino,,,,,,,,0,0,0,0,0,0,1,1,1947-04-17,,0,8710704,,,,,,,,,,,,,,,
442038,0105000,1,大分県,オオイタケン,Oita,,,,中津市,ナカツシ,Nakatsu-shi,,,,大字赤迫,オオアザアカサコ,Akasako,,,,,,,,0,0,0,0,0,0,1,1,1947-04-17,,0,8790106,,,,,,,,,,,,,,,
442038,0106000,1,大分県,オオイタケン,Oita,,,,中津市,ナカツシ,Nakatsu-shi,,,,大字犬丸,オオアザイヌマル,Inumaru,,,,,,,,0,0,0,0,0,0,1,1,1947-04-17,,0,8790105,,,,,,,,,,,,,,,
442038,0107000,1,大分県,オオイタケン,Oita,,,,中津市,ナカツシ,Nakatsu-shi,,,,大字定留,オオアザサダノミ,Sadanomi,,,,,,,,0,0,0,0,0,0,1,1,1947-04-17,,0,8790122,,,,,,,,,,,,,,,
442038,0108000,1,大分県,オオイタケン,Oita,,,,中津市,ナカツシ,Nakatsu-shi,,,,大字諸田,オオアザモロタ,Morota,,,,,,,,0,0,0,0,0,0,1,1,1947-04-17,,0,8790121,,,,,,,,,,,,,,,
442038,0109000,1,大分県,オオイタケン,Oita,,,,中津市,ナカツシ,Nakatsu-shi,,,,小祝新町,コイワイシンマチ,Koiwaishimmachi,,,,,,,,0,0,0,0,0,0,1,1,1947-04-17,,0,8710080,,,,,,,,,,,,,,,
442038,0110000,1,大分県,オオイタケン,Oita,,,,中津市,ナカツシ,Nakatsu-shi,,,,大字昭和新田,オオアザショウワシンデン,Showashinden,,,,,,,,0,0,0,0,0,0,1,1,1947-04-17,,0,8790107,,,,,,,,,,,,,,,
442046,0001000,1,大分県,オオイタケン,Oita,,,,日田市,ヒタシ,Hita-shi,,,,天瀬町赤岩,アマガセマチアカイワ,Amagasemachi Akaiwa,,,,,,,,0,0,0,0,0,0,1,1,1947-04-17,,0,8794202,,,,,,,,,,,,,,,
442046,0002000,1,大分県,オオイタケン,Oita,,,,日田市,ヒタシ,Hita-shi,,,,天瀬町五馬市,アマガセマチイツマイチ,Amagasemachi Itsumaichi,,,,,,,,0,0,0,0,0,0,1,1,1947-04-17,,0,8770111,,,,,,,,,,,,,,,
442046,0003000,1,大分県,オオイタケン,Oita,,,,日田市,ヒタシ,Hita-shi,,,,天瀬町出口,アマガセマチイデグチ,Amagasemachi Ideguchi,,,,,,,,0,0,0,0,0,0,1,1,1947-04-17,,0,8770114,,,,,,,,,,,,,,,
442046,0004000,1,大分県,オオイタケン,Oita,,,,日田市,ヒタシ,Hita-shi,,,,天瀬町女子畑,アマガセマチオナゴハタ,Amagasemachi Onagohata,,,,,,,,0,0,0,0,0,0,1,1,1947-04-17,,0,8794123,,,,,,,,,,,,,,,
442046,0005000,1,大分県,オオイタケン,Oita,,,,日田市,ヒタシ,Hita-shi,,,,天瀬町合田,アマガセマチゴウタ,Amagasemachi Gota,,,,,,,,0,0,0,0,0,0,1,1,1947-04-17,,0,8794122,,,,,,,,,,,,,,,
442046,0006000,1,大分県,オオイタケン,Oita,,,,日田市,ヒタシ,Hita-shi,,,,天瀬町桜竹,アマガセマチサクラダケ,Amagasemachi Sakuradake,,,,,,,,0,0,0,0,0,0,1,1,1947-04-17,,0,8794201,,,,,,,,,,,,,,,
442046,0007000,1,大分県,オオイタケン,Oita,,,,日田市,ヒタシ,Hita-shi,,,,天瀬町塚田,アマガセマチツカダ,Amagasemachi Tsukada,,,,,,,,0,0,0,0,0,0,1,1,1947-04-17,,0,8770113,,,,,,,,,,,,,,,
442046,0008000,1,大分県,オオイタケン,Oita,,,,日田市,ヒタシ,Hita-shi,,,,天瀬町本城,アマガセマチホンジョウ,Amagasemachi Honjo,,,,,,,,0,0,0,0,0,0,1,1,1947-04-17,,0,8770112,,,,,,,,,,,,,,,
442046,0009000,1,大分県,オオイタケン,Oita,,,,日田市,ヒタシ,Hita-shi,,,,天瀬町馬原,アマガセマチマバル,Amagasemachi Mabaru,,,,,,,,0,0,0,0,0,0,1,1,1947-04-17,,0,8794121,,,,,,,,,,,,,,,
442046,0010000,1,大分県,オオイタケン,Oita,,,,日田市,ヒタシ,Hita-shi,,,,天瀬町湯山,アマガセマチユヤマ,Amagasemachi Yuyama,,,,,,,,0,0,0,0,0,0,1,1,1947-04-17,,0,8794203,,,,,,,,,,,,,,,
442046,0011000,1,大分県,オオイタケン,Oita,,,,日田市,ヒタシ,Hita-shi,,,,大字有田,オオアザアリタ,,,,,,,,,0,0,0,0,0,0,1,1,1947-04-17,,0,,,,,,,,,,,,,,,,
442046,0012000,1,大分県,オオイタケン,Oita,,,,日田市,ヒタシ,Hita-shi,,,,大字石井,オオアザイシイ,Ishii,,,,,,,,0,0,0,0,0,0,1,1,1947-04-17,,0,8770061,,,,,,,,,,,,,,,
442046,0013000,1,大分県,オオイタケン,Oita,,,,日田市,ヒタシ,Hita-shi,,,,大字上野,オオアザウエノ,,,,,,,,,0,0,0,0,0,0,1,1,1947-04-17,,0,,,,,,,,,,,,,,,,
442046,0014000,1,大分県,オオイタケン,Oita,,,,日田市,ヒタシ,Hita-shi,,,,大字内河野,オオアザウチガノ,,,,,,,,,0,0,0,0,0,0,1,1,1947-04-17,,0,,,,,,,,,,,,,,,,
442046,0015000,1,大分県,オオイタケン,Oita,,,,日田市,ヒタシ,Hita-shi,,,,大字大肥,オオアザオオヒ,,,,,,,,,0,0,0,0,0,0,1,1,1947-04-17,,0,,,,,,,,,,,,,,,,
442046,0016000,1,大分県,オオイタケン,Oita,,,,日田市,ヒタシ,Hita-shi,,,,大字小迫,オオアザオザコ,,,,,,,,,0,0,0,0,0,0,1,1,1947-04-17,,0,,,,,,,,,,,,,,,,
442046,0017000,1,大分県,オオイタケン,Oita,,,,日田市,ヒタシ,Hita-shi,,,,大字小野,オオアザオノ,,,,,,,,,0,0,0,0,0,0,1,1,1947-04-17,,0,,,,,,,,,,,,,,,,
442046,0018000,1,大分県,オオイタケン,Oita,,,,日田市,ヒタシ,Hita-shi,,,,大字小山,オオアザオヤマ,,,,,,,,,0,0,0,0,0,0,1,1,1947-04-17,,0,,,,,,,,,,,,,,,,
442046,0019000,1,大分県,オオイタケン,Oita,,,,日田市,ヒタシ,Hita-shi,,,,大字川下,オオアザカワシタ,Kawashita,,,,,,,,0,0,0,0,0,0,1,1,1947-04-17,,0,8770066,,,,,,,,,,,,,,,
442046,0020000,1,大分県,オオイタケン,Oita,,,,日田市,ヒタシ,Hita-shi,,,,大字北豆田,オオアザキタマメダ,,,,,,,,,0,0,0,0,0,0,1,1,1947-04-17,,0,,,,,,,,,,,,,,,,
442046,0021000,1,大分県,オオイタケン,Oita,,,,日田市,ヒタシ,Hita-shi,,,,大字求来里,オオアザククリ,,,,,,,,,0,0,0,0,0,0,1,1,1947-04-17,,0,,,,,,,,,,,,,,,,
442046,0022000,1,大分県,オオイタケン,Oita,,,,日田市,ヒタシ,Hita-shi,,,,大字十二町,オオアザジュウニチョウ,,,,,,,,,0,0,0,0,0,0,1,1,1947-04-17,,0,,,,,,,,,,,,,,,,
442046,0023000,1,大分県,オオイタケン,Oita,,,,日田市,ヒタシ,Hita-shi,,,,大字庄手,オオアザショウデ,,,,,,,,,0,0,0,0,0,0,1,1,1947-04-17,,0,,,,,,,,,,,,,,,,
442046,0024000,1,大分県,オオイタケン,Oita,,,,日田市,ヒタシ,Hita-shi,,,,大字高瀬,オオアザタカセ,,,,,,,,,0,0,0,0,0,0,1,1,1947-04-17,,0,,,,,,,,,,,,,,,,
442046,0025000,1,大分県,オオイタケン,Oita,,,,日田市,ヒタシ,Hita-shi,,,,大字竹田,オオアザタケダ,,,,,,,,,0,0,0,0,0,0,1,1,1947-04-17,,0,,,,,,,,,,,,,,,,
442046,0026000,1,大分県,オオイタケン,Oita,,,,日田市,ヒタシ,Hita-shi,,,,大字田島,オオアザタシマ,,,,,,,,,0,0,0,0,0,0,1,1,1947-04-17,,0,,,,,,,,,,,,,,,,
442046,0027000,1,大分県,オオイタケン,Oita,,,,日田市,ヒタシ,Hita-shi,,,,大字鶴河内,オオアザツルカワチ,,,,,,,,,0,0,0,0,0,0,1,1,1947-04-17,,0,,,,,,,,,,,,,,,,
442046,0028000,1,大分県,オオイタケン,Oita,,,,日田市,ヒタシ,Hita-shi,,,,大字堂尾,オオアザドウノ,,,,,,,,,0,0,0,0,0,0,1,1,1947-04-17,,0,,,,,,,,,,,,,,,,
442046,0029000,1,大分県,オオイタケン,Oita,,,,日田市,ヒタシ,Hita-shi,,,,大字友田,オオアザトモダ,,,,,,,,,0,0,0,0,0,0,1,1,1947-04-17,,0,,,,,,,,,,,,,,,,
442046,0030000,1,大分県,オオイタケン,Oita,,,,日田市,ヒタシ,Hita-shi,,,,大字二串,オオアザニクシ,,,,,,,,,0,0,0,0,0,0,1,1,1947-04-17,,0,,,,,,,,,,,,,,,,
442046,0031000,1,大分県,オオイタケン,Oita,,,,日田市,ヒタシ,Hita-shi,,,,大字西有田,オオアザニシアリタ,,,,,,,,,0,0,0,0,0,0,1,1,1947-04-17,,0,,,,,,,,,,,,,,,,
442046,0032000,1,大分県,オオイタケン,Oita,,,,日田市,ヒタシ,Hita-shi,,,,大字羽田,オオアザハタ,,,,,,,,,0,0,0,0,0,0,1,1,1947-04-17,,0,,,,,,,,,,,,,,,,
442046,0033000,1,大分県,オオイタケン,Oita,,,,日田市,ヒタシ,Hita-shi,,,,大字花月,オオアザカゲツ,,,,,,,,,0,0,0,0,0,0,1,1,1947-04-17,,0,,,,,,,,,,,,,,,,
442046,0034000,1,大分県,オオイタケン,Oita,,,,日田市,ヒタシ,Hita-shi,,,,大字東有田,オオアザヒガシアリタ,,,,,,,,,0,0,0,0,0,0,1,1,1947-04-17,,0,,,,,,,,,,,,,,,,
442046,0035000,1,大分県,オオイタケン,Oita,,,,日田市,ヒタシ,Hita-shi,,,,大字日高,オオアザヒダカ,,,,,,,,,0,0,0,0,0,0,1,1,1947-04-17,,0,,,,,,,,,,,,,,,,
442046,0036000,1,大分県,オオイタケン,Oita,,,,日田市,ヒタシ,Hita-shi,,,,大字南豆田,オオアザミナミマメダ,,,,,,,,,0,0,0,0,0,0,1,1,1947-04-17,,0,,,,,,,,,,,,,,,,
442046,0037000,1,大分県,オオイタケン,Oita,,,,日田市,ヒタシ,Hita-shi,,,,大字三和,オオアザミワ,,,,,,,,,0,0,0,0,0,0,1,1,1947-04-17,,0,,,,,,,,,,,,,,,,
442046,0038000,1,大分県,オオイタケン,Oita,,,,日田市,ヒタシ,Hita-shi,,,,大字山田,オオアザヤマダ,,,,,,,,,0,0,0,0,0,0,1,1,1947-04-17,,0,,,,,,,,,,,,,,,,
442046,0039000,1,大分県,オオイタケン,Oita,,,,日田市,ヒタシ,Hita-shi,,,,大字夜明,オオアザヨアケ,,,,,,,,,0,0,0,0,0,0,1,1,1947-04-17,,0,,,,,,,,,,,,,,,,
442046,0040000,1,大分県,オオイタケン,Oita,,,,日田市,ヒタシ,Hita-shi,,,,大字渡里,オオアザワタリ,,,,,,,,,0,0,0,0,0,0,1,1,1947-04-17,,0,,,,,,,,,,,,,,,,
442046,0041000,1,大分県,オオイタケン,Oita,,,,日田市,ヒタシ,Hita-shi,,,,大山町西大山,オオヤママチニシオオヤマ,Oyamamachi Nishioyama,,,,,,,,0,0,0,0,0,0,1,1,1947-04-17,,0,8770201,,,,,,,,,,,,,,,
442046,0042000,1,大分県,オオイタケン,Oita,,,,日田市,ヒタシ,Hita-shi,,,,大山町東大山,オオヤママチヒガシオオヤマ,Oyamamachi Higashioyama,,,,,,,,0,0,0,0,0,0,1,1,1947-04-17,,0,8770202,,,,,,,,,,,,,,,
442046,0043000,1,大分県,オオイタケン,Oita,,,,日田市,ヒタシ,Hita-shi,,,,上城内町,カミジョウナイマチ,Kamijonaimachi,,,,,,,,0,0,0,0,0,0,1,1,1947-04-17,,0,8770003,,,,,,,,,,,,,,,
442046,0043000,1,大分県,オオイタケン,Oita,,,,日田市,ヒタシ,Hita-shi,,,,上城内町,カミジョウナイマチ,Kamijonaimachi,,,,,,,,1,1,0,0,0,0,1,1,1947-04-17,,0,8770003,,,,,,,,,,,,,,,
442046,0044000,1,大分県,オオイタケン,Oita,,,,日田市,ヒタシ,Hita-shi,,,,上津江町上野田,カミツエマチカミノダ,Kamitsuemachi Kaminoda,,,,,,,,0,0,0,0,0,0,1,1,1947-04-17,,0,8770312,,,,,,,,,,,,,,,
442046,0045000,1,大分県,オオイタケン,Oita,,,,日田市,ヒタシ,Hita-shi,,,,上津江町川原,カミツエマチカワハラ,Kamitsuemachi Kawabaru,,,,,,,,0,0,0,0,0,0,1,1,1947-04-17,,0,8770311,,,,,,,,,,,,,,,
442046,0046000,1,大分県,オオイタケン,Oita,,,,日田市,ヒタシ,Hita-shi,,,,川原町,カワハラマチ,Kawaharamachi,,,,,,,,1,1,0,0,0,0,1,1,1947-04-17,,0,8770043,,,,,,,,,,,,,,,
442046,0047000,1,大分県,オオイタケン,Oita,,,,日田市,ヒタシ,Hita-shi,,,,亀山町,キザンマチ,Kizammachi,,,,,,,,1,1,0,0,0,0,1,1,1947-04-17,,0,8770045,,,,,,,,,,,,,,,
442046,0048001,2,大分県,オオイタケン,Oita,,,,日田市,ヒタシ,Hita-shi,,,,隈,クマ,Kuma,１丁目,１チョウメ,1,,,,,1,1,0,0,0,0,1,1,1947-04-17,,0,,,,,,,,,,,,,,,,
442046,0048002,2,大分県,オオイタケン,Oita,,,,日田市,ヒタシ,Hita-shi,,,,隈,クマ,Kuma,２丁目,２チョウメ,2,,,,,1,1,0,0,0,0,1,1,1947-04-17,,0,,,,,,,,,,,,,,,,
442046,0049001,2,大分県,オオイタケン,Oita,,,,日田市,ヒタシ,Hita-shi,,,,三本松,サンボンマツ,Sambommatsu,１丁目,１チョウメ,1,,,,,1,1,0,0,0,0,1,1,1947-04-17,,0,,,,,,,,,,,,,,,,
442046,0049002,2,大分県,オオイタケン,Oita,,,,日田市,ヒタシ,Hita-shi,,,,三本松,サンボンマツ,Sambommatsu,２丁目,２チョウメ,2,,,,,1,1,0,0,0,0,1,1,1947-04-17,,0,,,,,,,,,,,,,,,,
442046,0050000,1,大分県,オオイタケン,Oita,,,,日田市,ヒタシ,Hita-shi,,,,三本松新町,サンボンマツシンマチ,Sambommatsushimmachi,,,,,,,,0,0,0,0,0,0,1,1,1947-04-17,,0,8770017,,,,,,,,,,,,,,,
442046,0050000,1,大分県,オオイタケン,Oita,,,,日田市,ヒタシ,Hita-shi,,,,三本松新町,サンボンマツシンマチ,Sambommatsushimmachi,,,,,,,,1,1,0,0,0,0,1,1,1947-04-17,,0,8770017,,,,,,,,,,,,,,,
442046,0051000,1,大分県,オオイタケン,Oita,,,,日田市,ヒタシ,Hita-shi,,,,下井手町,シモイデマチ,Shimoidemachi,,,,,,,,0,0,0,0,0,0,1,1,1947-04-17,,0,8770038,,,,,,,,,,,,,,,
442046,0052001,2,大分県,オオイタケン,Oita,,,,日田市,ヒタシ,Hita-shi,,,,城町,シロマチ,Shiromachi,１丁目,１チョウメ,1,,,,,1,1,0,0,0,0,1,1,1947-04-17,,0,,,,,,,,,,,,,,,,
442046,0052002,2,大分県,オオイタケン,Oita,,,,日田市,ヒタシ,Hita-shi,,,,城町,シロマチ,Shiromachi,２丁目,２チョウメ,2,,,,,0,0,0,0,0,0,1,1,1947-04-17,,0,,,,,,,,,,,,,,,,
442046,0052002,2,大分県,オオイタケン,Oita,,,,日田市,ヒタシ,Hita-shi,,,,城町,シロマチ,Shiromachi,２丁目,２チョウメ,2,,,,,1,1,0,0,0,0,1,1,1947-04-17,,0,,,,,,,,,,,,,,,,
442046,0053000,1,大分県,オオイタケン,Oita,,,,日田市,ヒタシ,Hita-shi,,,,竹田新町,タケダシンマチ,Takedashimmachi,,,,,,,,1,1,0,0,0,0,1,1,1947-04-17,,0,8770041,,,,,,,,,,,,,,,
442046,0054001,2,大分県,オオイタケン,Oita,,,,日田市,ヒタシ,Hita-shi,,,,田島,タシマ,,１丁目,１チョウメ,1,,,,,1,1,0,0,0,0,1,1,1947-04-17,,0,,,,,,,,,,,,,,,,
442046,0054002,2,大分県,オオイタケン,Oita,,,,日田市,ヒタシ,Hita-shi,,,,田島,タシマ,,２丁目,２チョウメ,2,,,,,0,0,0,0,0,0,1,1,1947-04-17,,0,,,,,,,,,,,,,,,,
442046,0054002,2,大分県,オオイタケン,Oita,,,,日田市,ヒタシ,Hita-shi,,,,田島,タシマ,,２丁目,２チョウメ,2,,,,,1,1,0,0,0,0,1,1,1947-04-17,,0,,,,,,,,,,,,,,,,
442046,0055000,1,大分県,オオイタケン,Oita,,,,日田市,ヒタシ,Hita-shi,,,,田島本町,タシマホンマチ,Tashimahommachi,,,,,,,,1,1,0,0,0,0,1,1,1947-04-17,,0,8770026,,,,,,,,,,,,,,,
442046,0056001,2,大分県,オオイタケン,Oita,,,,日田市,ヒタシ,Hita-shi,,,,淡窓,タンソウ,Tanso,１丁目,１チョウメ,1,,,,,1,1,0,0,0,0,1,1,1947-04-17,,0,,,,,,,,,,,,,,,,
442046,0056002,2,大分県,オオイタケン,Oita,,,,日田市,ヒタシ,Hita-shi,,,,淡窓,タンソウ,Tanso,２丁目,２チョウメ,2,,,,,1,1,0,0,0,0,1,1,1947-04-17,,0,,,,,,,,,,,,,,,,
442046,0057001,2,大分県,オオイタケン,Oita,,,,日田市,ヒタシ,Hita-shi,,,,中央,チュウオウ,Chuo,１丁目,１チョウメ,1,,,,,1,1,0,0,0,0,1,1,1947-04-17,,0,,,,,,,,,,,,,,,,
442046,0057002,2,大分県,オオイタケン,Oita,,,,日田市,ヒタシ,Hita-shi,,,,中央,チュウオウ,Chuo,２丁目,２チョウメ,2,,,,,1,1,0,0,0,0,1,1,1947-04-17,,0,,,,,,,,,,,,,,,,
442046,0058000,1,大分県,オオイタケン,Oita,,,,日田市,ヒタシ,Hita-shi,,,,中城町,ナカジョウマチ,Nakajomachi,,,,,,,,1,1,0,0,0,0,1,1,1947-04-17,,0,8770011,,,,,,,,,,,,,,,
442046,0059000,1,大分県,オオイタケン,Oita,,,,日田市,ヒタシ,Hita-shi,,,,中津江村合瀬,ナカツエムラゴウセ,Nakatsuemura Gose,,,,,,,,0,0,0,0,0,0,1,1,1947-04-17,,0,8770302,,,,,,,,,,,,,,,
442046,0060000,1,大分県,オオイタケン,Oita,,,,日田市,ヒタシ,Hita-shi,,,,中津江村栃野,ナカツエムラトチノ,Nakatsuemura Tochino,,,,,,,,0,0,0,0,0,0,1,1,1947-04-17,,0,8770301,,,,,,,,,,,,,,,
442046,0061000,1,大分県,オオイタケン,Oita,,,,日田市,ヒタシ,Hita-shi,,,,中本町,ナカホンマチ,Nakahommachi,,,,,,,,1,1,0,0,0,0,1,1,1947-04-17,,0,8770047,,,,,,,,,,,,,,,
442046,0062000,1,大分県,オオイタケン,Oita,,,,日田市,ヒタシ,Hita-shi,,,,東町,ヒガシマチ,Higashimachi,,,,,,,,1,1,0,0,0,0,1,1,1947-04-17,,0,8770042,,,,,,,,,,,,,,,
442046,0063000,1,大分県,オオイタケン,Oita,,,,日田市,ヒタシ,Hita-shi,,,,吹上町,フキアゲマチ,Fukiagemachi,,,,,,,,0,0,0,0,0,0,1,1,1947-04-17,,0,8770083,,,,,,,,,,,,,,,
442046,0063000,1,大分県,オオイタケン,Oita,,,,日田市,ヒタシ,Hita-shi,,,,吹上町,フキアゲマチ,Fukiagemachi,,,,,,,,1,1,0,0,0,0,1,1,1947-04-17,,0,8770083,,,,,,,,,,,,,,,
442046,0064000,1,大分県,オオイタケン,Oita,,,,日田市,ヒタシ,Hita-shi,,,,本庄町,ホンショウマチ,Honjomachi,,,,,,,,0,0,0,0,0,0,1,1,1947-04-17,,0,8770046,,,,,,,,,,,,,,,
442046,0064000,1,大分県,オオイタケン,Oita,,,,日田市,ヒタシ,Hita-shi,,,,本庄町,ホンショウマチ,Honjomachi,,,,,,,,1,1,0,0,0,0,1,1,1947-04-17,,0,8770046,,,,,,,,,,,,,,,
442046,0065000,1,大分県,オオイタケン,Oita,,,,日田市,ヒタシ,Hita-shi,,,,本町,ホンマチ,Hommachi,,,,,,,,1,1,0,0,0,0,1,1,1947-04-17,,0,8770014,,,,,,,,,,,,,,,
442046,0066000,1,大分県,オオイタケン,Oita,,,,日田市,ヒタシ,Hita-shi,,,,前津江町赤石,マエツエマチアカイシ,Maetsuemachi Akaishi,,,,,,,,0,0,0,0,0,0,1,1,1947-04-17,,0,8770211,,,,,,,,,,,,,,,
442046,0067000,1,大分県,オオイタケン,Oita,,,,日田市,ヒタシ,Hita-shi,,,,前津江町大野,マエツエマチオオノ,Maetsuemachi Ono,,,,,,,,0,0,0,0,0,0,1,1,1947-04-17,,0,8770212,,,,,,,,,,,,,,,
442046,0068000,1,大分県,オオイタケン,Oita,,,,日田市,ヒタシ,Hita-shi,,,,前津江町柚木,マエツエマチユウギ,,,,,,,,,0,0,0,0,0,0,1,1,1947-04-17,,0,,,,,,,,,,,,,,,,
442046,0069000,1,大分県,オオイタケン,Oita,,,,日田市,ヒタシ,Hita-shi,,,,豆田町,マメダマチ,Mamedamachi,,,,,,,,1,1,0,0,0,0,1,1,1947-04-17,,0,8770005,,,,,,,,,,,,,,,
442046,0070000,1,大分県,オオイタケン,Oita,,,,日田市,ヒタシ,Hita-shi,,,,丸の内町,マルノウチマチ,Marunochimachi,,,,,,,,1,1,0,0,0,0,1,1,1947-04-17,,0,8770007,,,,,,,,,,,,,,,
442046,0071001,2,大分県,オオイタケン,Oita,,,,日田市,ヒタシ,Hita-shi,,,,丸山,マルヤマ,Maruyama,１丁目,１チョウメ,1,,,,,0,0,0,0,0,0,1,1,1947-04-17,,0,,,,,,,,,,,,,,,,
442046,0071001,2,大分県,オオイタケン,Oita,,,,日田市,ヒタシ,Hita-shi,,,,丸山,マルヤマ,Maruyama,１丁目,１チョウメ,1,,,,,1,1,0,0,0,0,1,1,1947-04-17,,0,,,,,,,,,,,,,,,,
442046,0071002,2,大分県,オオイタケン,Oita,,,,日田市,ヒタシ,Hita-shi,,,,丸山,マルヤマ,Maruyama,２丁目,２チョウメ,2,,,,,0,0,0,0,0,0,1,1,1947-04-17,,0,,,,,,,,,,,,,,,,
442046,0071002,2,大分県,オオイタケン,Oita,,,,日田市,ヒタシ,Hita-shi,,,,丸山,マルヤマ,Maruyama,２丁目,２チョウメ,2,,,,,1,1,0,0,0,0,1,1,1947-04-17,,0,,,,,,,,,,,,,,,,
442046,0072000,1,大分県,オオイタケン,Oita,,,,日田市,ヒタシ,Hita-shi,,,,港町,ミナトマチ,Minatomachi,,,,,,,,1,1,0,0,0,0,1,1,1947-04-17,,0,8770006,,,,,,,,,,,,,,,
442046,0073000,1,大分県,オオイタケン,Oita,,,,日田市,ヒタシ,Hita-shi,,,,南元町,ミナミモトマチ,Minamimotomachi,,,,,,,,0,0,0,0,0,0,1,1,1947-04-17,,0,8770024,,,,,,,,,,,,,,,
442046,0073000,1,大分県,オオイタケン,Oita,,,,日田市,ヒタシ,Hita-shi,,,,南元町,ミナミモトマチ,Minamimotomachi,,,,,,,,1,1,0,0,0,0,1,1,1947-04-17,,0,8770024,,,,,,,,,,,,,,,
442046,0074000,1,大分県,オオイタケン,Oita,,,,日田市,ヒタシ,Hita-shi,,,,三芳小渕町,ミヨシコブチマチ,Miyoshikobuchimachi,,,,,,,,0,0,0,0,0,0,1,1,1947-04-17,,0,8770036,,,,,,,,,,,,,,,
442046,0075000,1,大分県,オオイタケン,Oita,,,,日田市,ヒタシ,Hita-shi,,,,元町,モトマチ,Motomachi,,,,,,,,1,1,0,0,0,0,1,1,1947-04-17,,0,8770013,,,,,,,,,,,,,,,
442046,0076000,1,大分県,オオイタケン,Oita,,,,日田市,ヒタシ,Hita-shi,,,,刃連町,ユキイマチ,Yukiimachi,,,,,,,,0,0,0,0,0,0,1,1,1947-04-17,,0,8770039,,,,,,,,,,,,,,,
442046,0077000,1,大分県,オオイタケン,Oita,,,,日田市,ヒタシ,Hita-shi,,,,若宮町,ワカミヤマチ,Wakamiyamachi,,,,,,,,0,0,0,0,0,0,1,1,1947-04-17,,0,8770037,,,,,,,,,,,,,,,
442046,0077000,1,大分県,オオイタケン,Oita,,,,日田市,ヒタシ,Hita-shi,,,,若宮町,ワカミヤマチ,Wakamiyamachi,,,,,,,,1,1,0,0,0,0,1,1,1947-04-17,,0,8770037,,,,,,,,,,,,,,,
442054,0000000,4,大分県,オオイタケン,Oita,,,,佐伯市,サイキシ,Saiki-shi,,,,,,,,,,,,,,0,0,0,0,0,0,1,1,1947-04-17,,0,,,,,,,,,,,,,,,,
442054,0001000,1,大分県,オオイタケン,Oita,,,,佐伯市,サイキシ,Saiki-shi,,,,池船町,イケフネマチ,Ikefunemachi,,,,,,,,1,1,0,0,0,0,1,1,1947-04-17,,0,8760833,,,,,,,,,,,,,,,
442054,0002000,1,大分県,オオイタケン,Oita,,,,佐伯市,サイキシ,Saiki-shi,,,,臼坪,ウスツボ,Usutsubo,,,,,,,,1,1,0,0,0,0,1,0,1947-04-17,,0,8760849,,,,,,,,,,,,,,,
442054,0003000,1,大分県,オオイタケン,Oita,,,,佐伯市,サイキシ,Saiki-shi,,,,内町,ウチマチ,Uchimachi,,,,,,,,1,1,0,0,0,0,1,1,1947-04-17,,0,8760845,,,,,,,,,,,,,,,
442054,0004000,1,大分県,オオイタケン,Oita,,,,佐伯市,サイキシ,Saiki-shi,,,,宇目大字大平,ウメオオアザオオヒラ,,,,,,,,,0,0,0,0,0,0,1,1,1947-04-17,,0,,,,,,,,,,,,,,,,
442054,0005000,1,大分県,オオイタケン,Oita,,,,佐伯市,サイキシ,Saiki-shi,,,,宇目大字小野市,ウメオオアザオノイチ,,,,,,,,,0,0,0,0,0,0,1,1,1947-04-17,,0,,,,,,,,,,,,,,,,
442054,0006000,1,大分県,オオイタケン,Oita,,,,佐伯市,サイキシ,Saiki-shi,,,,宇目大字河内,ウメオオアザカワチ,,,,,,,,,0,0,0,0,0,0,1,1,1947-04-17,,0,,,,,,,,,,,,,,,,
442054,0007000,1,大分県,オオイタケン,Oita,,,,佐伯市,サイキシ,Saiki-shi,,,,宇目大字木浦内,ウメオオアザキウラウチ,,,,,,,,,0,0,0,0,0,0,1,1,1947-04-17,,0,,,,,,,,,,,,,,,,
442054,0008000,1,大分県,オオイタケン,Oita,,,,佐伯市,サイキシ,Saiki-shi,,,,宇目大字木浦鉱山,ウメオオアザキウラコウザン,,,,,,,,,0,0,0,0,0,0,1,1,1947-04-17,,0,,,,,,,,,,,,,,,,
442054,0009000,1,大分県,オオイタケン,Oita,,,,佐伯市,サイキシ,Saiki-shi,,,,宇目大字塩見園,ウメオオアザシオミゾノ,,,,,,,,,0,0,0,0,0,0,1,1,1947-04-17,,0,,,,,,,,,,,,,,,,
442054,0010000,1,大分県,オオイタケン,Oita,,,,佐伯市,サイキシ,Saiki-shi,,,,宇目大字重岡,ウメオオアザシゲオカ,,,,,,,,,0,0,0,0,0,0,1,1,1947-04-17,,0,,,,,,,,,,,,,,,,
442054,0011000,1,大分県,オオイタケン,Oita,,,,佐伯市,サイキシ,Saiki-shi,,,,宇目大字千束,ウメオオアザセンゾク,,,,,,,,,0,0,0,0,0,0,1,1,1947-04-17,,0,,,,,,,,,,,,,,,,
442054,0012000,1,大分県,オオイタケン,Oita,,,,佐伯市,サイキシ,Saiki-shi,,,,宇目大字南田原,ウメオオアザミナミタバル,,,,,,,,,0,0,0,0,0,0,1,1,1947-04-17,,0,,,,,,,,,,,,,,,,
442054,0013001,2,大分県,オオイタケン,Oita,,,,佐伯市,サイキシ,Saiki-shi,,,,駅前,エキマエ,Ekimae,１丁目,１チョウメ,1,,,,,1,1,0,0,0,0,1,1,1947-04-17,,0,,,,,,,,,,,,,,,,
442054,0013002,2,大分県,オオイタケン,Oita,,,,佐伯市,サイキシ,Saiki-shi,,,,駅前,エキマエ,Ekimae,２丁目,２チョウメ,2,,,,,1,1,0,0,0,0,1,1,1947-04-17,,0,,,,,,,,,,,,,,,,
442054,0015000,1,大分県,オオイタケン,Oita,,,,佐伯市,サイキシ,Saiki-shi,,,,大字荒網代浦,オオアザアラジロウラ,Arajirora,,,,,,,,0,0,0,0,0,0,1,1,1947-04-17,,0,8760004,,,,,,,,,,,,,,,
442054,0016000,1,大分県,オオイタケン,Oita,,,,佐伯市,サイキシ,Saiki-shi,,,,大字池田,オオアザイケダ,Ikeda,,,,,,,,0,0,0,0,0,0,1,1,1947-04-17,,0,8760025,,,,,,,,,,,,,,,
442054,0017000,1,大分県,オオイタケン,Oita,,,,佐伯市,サイキシ,Saiki-shi,,,,大字石間浦,オオアザイシマウラ,Ishimaura,,,,,,,,0,0,0,0,0,0,1,1,1947-04-17,,0,8760005,,,,,,,,,,,,,,,
442054,0018000,1,大分県,オオイタケン,Oita,,,,佐伯市,サイキシ,Saiki-shi,,,,大字稲垣,オオアザイナガキ,Inagaki,,,,,,,,0,0,0,0,0,0,1,1,1947-04-17,,0,8760042,,,,,,,,,,,,,,,
442054,0019000,1,大分県,オオイタケン,Oita,,,,佐伯市,サイキシ,Saiki-shi,,,,大字海崎,オオアザカイザキ,Kaizaki,,,,,,,,0,0,0,0,0,0,1,1,1947-04-17,,0,8761105,,,,,,,,,,,,,,,
442054,0020000,1,大分県,オオイタケン,Oita,,,,佐伯市,サイキシ,Saiki-shi,,,,大字霞ケ浦,オオアザカスミガウラ,Kasumigaura,,,,,,,,0,0,0,0,0,0,1,1,1947-04-17,,0,8761104,,,,,,,,,,,,,,,
442054,0021000,1,大分県,オオイタケン,Oita,,,,佐伯市,サイキシ,Saiki-shi,,,,大字片神浦,オオアザカタガミウラ,Katagamiura,,,,,,,,0,0,0,0,0,0,1,1,1947-04-17,,0,8760008,,,,,,,,,,,,,,,
442054,0022000,1,大分県,オオイタケン,Oita,,,,佐伯市,サイキシ,Saiki-shi,,,,大字堅田,オオアザカタタ,Katata,,,,,,,,0,0,0,0,0,0,1,1,1947-04-17,,0,8761512,,,,,,,,,,,,,,,
442054,0023000,1,大分県,オオイタケン,Oita,,,,佐伯市,サイキシ,Saiki-shi,,,,大字上岡,オオアザカミオカ,Kamioka,,,,,,,,0,0,0,0,0,0,1,1,1947-04-17,,0,8760045,,,,,,,,,,,,,,,
442054,0024000,1,大分県,オオイタケン,Oita,,,,佐伯市,サイキシ,Saiki-shi,,,,大字狩生,オオアザカリウ,Kariu,,,,,,,,0,0,0,0,0,0,1,1,1947-04-17,,0,8761101,,,,,,,,,,,,,,,
442054,0025000,1,大分県,オオイタケン,Oita,,,,佐伯市,サイキシ,Saiki-shi,,,,大字木立,オオアザキタチ,Kitachi,,,,,,,,0,0,0,0,0,0,1,1,1947-04-17,,0,8762121,,,,,,,,,,,,,,,
442054,0026000,1,大分県,オオイタケン,Oita,,,,佐伯市,サイキシ,Saiki-shi,,,,大字久保浦,オオアザクボウラ,Kubora,,,,,,,,0,0,0,0,0,0,1,1,1947-04-17,,0,8760007,,,,,,,,,,,,,,,
442054,0027000,1,大分県,オオイタケン,Oita,,,,佐伯市,サイキシ,Saiki-shi,,,,大字塩内浦,オオアザシウチウラ,Shiuchiura,,,,,,,,0,0,0,0,0,0,1,1,1947-04-17,,0,8760003,,,,,,,,,,,,,,,
442054,0028000,1,大分県,オオイタケン,Oita,,,,佐伯市,サイキシ,Saiki-shi,,,,大字高松浦,オオアザタカマツウラ,Takamatsura,,,,,,,,0,0,0,0,0,0,1,1,1947-04-17,,0,8760001,,,,,,,,,,,,,,,
442054,0029000,1,大分県,オオイタケン,Oita,,,,佐伯市,サイキシ,Saiki-shi,,,,大字鶴望,オオアザツルミ,Tsurumi,,,,,,,,0,0,0,0,0,0,1,1,1947-04-17,,0,8760012,,,,,,,,,,,,,,,
442054,0030000,1,大分県,オオイタケン,Oita,,,,佐伯市,サイキシ,Saiki-shi,,,,大字長良,オオアザナガラ,Nagara,,,,,,,,0,0,0,0,0,0,1,1,1947-04-17,,0,8761511,,,,,,,,,,,,,,,
442054,0031000,1,大分県,オオイタケン,Oita,,,,佐伯市,サイキシ,Saiki-shi,,,,大字長谷,オオアザハセ,Hase,,,,,,,,0,0,0,0,0,0,1,1,1947-04-17,,0,8760037,,,,,,,,,,,,,,,
442054,0032000,1,大分県,オオイタケン,Oita,,,,佐伯市,サイキシ,Saiki-shi,,,,大字戸穴,オオアザヒアナ,Hiana,,,,,,,,0,0,0,0,0,0,1,1,1947-04-17,,0,8761106,,,,,,,,,,,,,,,
442054,0033000,1,大分県,オオイタケン,Oita,,,,佐伯市,サイキシ,Saiki-shi,,,,大字日向泊浦,オオアザヒュウガドマリウラ,Hyugadomariura,,,,,,,,0,0,0,0,0,0,1,1,1947-04-17,,0,8760002,,,,,,,,,,,,,,,
442054,0034000,1,大分県,オオイタケン,Oita,,,,佐伯市,サイキシ,Saiki-shi,,,,大字二栄,オオアザフタバエ,Futabae,,,,,,,,0,0,0,0,0,0,1,1,1947-04-17,,0,8761102,,,,,,,,,,,,,,,
442054,0035000,1,大分県,オオイタケン,Oita,,,,佐伯市,サイキシ,Saiki-shi,,,,大字護江,オオアザモリエ,Morie,,,,,,,,0,0,0,0,0,0,1,1,1947-04-17,,0,8761103,,,,,,,,,,,,,,,
442054,0036000,1,大分県,オオイタケン,Oita,,,,佐伯市,サイキシ,Saiki-shi,,,,大字守後浦,オオアザモリゴウラ,Morigora,,,,,,,,0,0,0,0,0,0,1,1,1947-04-17,,0,8760006,,,,,,,,,,,,,,,
442054,0037001,2,大分県,オオイタケン,Oita,,,,佐伯市,サイキシ,Saiki-shi,,,,大手町,オオテマチ,Otemachi,１丁目,１チョウメ,1,,,,,1,1,0,0,0,0,1,1,1947-04-17,,0,,,,,,,,,,,,,,,,
442054,0037002,2,大分県,オオイタケン,Oita,,,,佐伯市,サイキシ,Saiki-shi,,,,大手町,オオテマチ,Otemachi,２丁目,２チョウメ,2,,,,,1,1,0,0,0,0,1,1,1947-04-17,,0,,,,,,,,,,,,,,,,
442054,0037003,2,大分県,オオイタケン,Oita,,,,佐伯市,サイキシ,Saiki-shi,,,,大手町,オオテマチ,Otemachi,３丁目,３チョウメ,3,,,,,1,1,0,0,0,0,1,1,1947-04-17,,0,,,,,,,,,,,,,,,,
442054,0038000,1,大分県,オオイタケン,Oita,,,,佐伯市,サイキシ,Saiki-shi,,,,春日町,カスガマチ,Kasugamachi,,,,,,,,1,1,0,0,0,0,1,1,1947-04-17,,0,8760806,,,,,,,,,,,,,,,
442054,0039000,1,大分県,オオイタケン,Oita,,,,佐伯市,サイキシ,Saiki-shi,,,,葛港,カズラミナト,Kazuraminato,,,,,,,,1,1,0,0,0,0,1,1,1947-04-17,,0,8760801,,,,,,,,,,,,,,,
442054,0040000,1,大分県,オオイタケン,Oita,,,,佐伯市,サイキシ,Saiki-shi,,,,蒲江大字猪串浦,カマエオオアザイノクシウラ,,,,,,,,,0,0,0,0,0,0,1,1,1947-04-17,,0,,,,,,,,,,,,,,,,
442054,0041000,1,大分県,オオイタケン,Oita,,,,佐伯市,サイキシ,Saiki-shi,,,,蒲江大字葛原浦,カマエオオアザカズラハラウラ,,,,,,,,,0,0,0,0,0,0,1,1,1947-04-17,,0,,,,,,,,,,,,,,,,
442054,0042000,1,大分県,オオイタケン,Oita,,,,佐伯市,サイキシ,Saiki-shi,,,,蒲江大字蒲江浦,カマエオオアザカマエウラ,,,,,,,,,0,0,0,0,0,0,1,1,1947-04-17,,0,,,,,,,,,,,,,,,,
442054,0043000,1,大分県,オオイタケン,Oita,,,,佐伯市,サイキシ,Saiki-shi,,,,蒲江大字楠本浦,カマエオオアザクスモトウラ,,,,,,,,,0,0,0,0,0,0,1,1,1947-04-17,,0,,,,,,,,,,,,,,,,
442054,0044000,1,大分県,オオイタケン,Oita,,,,佐伯市,サイキシ,Saiki-shi,,,,蒲江大字竹野浦河内,カマエオオアザタケノウラゴウチ,,,,,,,,,0,0,0,0,0,0,1,1,1947-04-17,,0,,,,,,,,,,,,,,,,
442054,0045000,1,大分県,オオイタケン,Oita,,,,佐伯市,サイキシ,Saiki-shi,,,,蒲江大字西野浦,カマエオオアザニシノウラ,,,,,,,,,0,0,0,0,0,0,1,1,1947-04-17,,0,,,,,,,,,,,,,,,,
442054,0046000,1,大分県,オオイタケン,Oita,,,,佐伯市,サイキシ,Saiki-shi,,,,蒲江大字野々河内浦,カマエオオアザノノカワチウラ,,,,,,,,,0,0,0,0,0,0,1,1,1947-04-17,,0,,,,,,,,,,,,,,,,
442054,0047000,1,大分県,オオイタケン,Oita,,,,佐伯市,サイキシ,Saiki-shi,,,,蒲江大字畑野浦,カマエオオアザハタノウラ,,,,,,,,,0,0,0,0,0,0,1,1,1947-04-17,,0,,,,,,,,,,,,,,,,
442054,0048000,1,大分県,オオイタケン,Oita,,,,佐伯市,サイキシ,Saiki-shi,,,,蒲江大字波当津浦,カマエオオアザハトウヅウラ,,,,,,,,,0,0,0,0,0,0,1,1,1947-04-17,,0,,,,,,,,,,,,,,,,
442054,0049000,1,大分県,オオイタケン,Oita,,,,佐伯市,サイキシ,Saiki-shi,,,,蒲江大字丸市尾浦,カマエオオアザマルイチビウラ,,,,,,,,,0,0,0,0,0,0,1,1,1947-04-17,,0,,,,,,,,,,,,,,,,
442054,0050000,1,大分県,オオイタケン,Oita,,,,佐伯市,サイキシ,Saiki-shi,,,,蒲江大字森崎浦,カマエオオアザモリサキウラ,,,,,,,,,0,0,0,0,0,0,1,1,1947-04-17,,0,,,,,,,,,,,,,,,,
442054,0051000,1,大分県,オオイタケン,Oita,,,,佐伯市,サイキシ,Saiki-shi,,,,上浦大字浅海井浦,カミウラオオアザアザムイウラ,,,,,,,,,0,0,0,0,0,0,1,1,1947-04-17,,0,,,,,,,,,,,,,,,,
442054,0052000,1,大分県,オオイタケン,Oita,,,,佐伯市,サイキシ,Saiki-shi,,,,上浦大字津井浦,カミウラオオアザツイウラ,,,,,,,,,0,0,0,0,0,0,1,1,1947-04-17,,0,,,,,,,,,,,,,,,,
442054,0053000,1,大分県,オオイタケン,Oita,,,,佐伯市,サイキシ,Saiki-shi,,,,上浦大字最勝海浦,カミウラオオアザニイナメウラ,,,,,,,,,0,0,0,0,0,0,1,1,1947-04-17,,0,,,,,,,,,,,,,,,,
442054,0054000,1,大分県,オオイタケン,Oita,,,,佐伯市,サイキシ,Saiki-shi,,,,蟹田,ガンダ,Ganda,,,,,,,,1,1,0,0,0,0,1,1,1947-04-17,,0,8760804,,,,,,,,,,,,,,,
442054,0055000,1,大分県,オオイタケン,Oita,,,,佐伯市,サイキシ,Saiki-shi,,,,来島町,クルシママチ,Kurushimamachi,,,,,,,,1,1,0,0,0,0,1,1,1947-04-17,,0,8760841,,,,,,,,,,,,,,,
442054,0056000,1,大分県,オオイタケン,Oita,,,,佐伯市,サイキシ,Saiki-shi,,,,城下西町,ジョウカニシマチ,Joka Nishimachi,,,,,,,,1,1,0,0,0,0,1,1,1947-04-17,,0,8760847,,,,,,,,,,,,,,,
442054,0057000,1,大分県,オオイタケン,Oita,,,,佐伯市,サイキシ,Saiki-shi,,,,城下東町,ジョウカヒガシマチ,Joka Higashimachi,,,,,,,,1,1,0,0,0,0,1,1,1947-04-17,,0,8760848,,,,,,,,,,,,,,,
442054,0058000,1,大分県,オオイタケン,Oita,,,,佐伯市,サイキシ,Saiki-shi,,,,城東町,ジョウトウマチ,Jotomachi,,,,,,,,1,1,0,0,0,0,1,1,1947-04-17,,0,8760846,,,,,,,,,,,,,,,
442054,0059000,1,大分県,オオイタケン,Oita,,,,佐伯市,サイキシ,Saiki-shi,,,,城南町,ジョウナンマチ,Jonammachi,,,,,,,,1,1,0,0,0,0,1,1,1947-04-17,,0,8760834,,,,,,,,,,,,,,,
442054,0060000,1,大分県,オオイタケン,Oita,,,,佐伯市,サイキシ,Saiki-shi,,,,船頭町,センドウマチ,Sendomachi,,,,,,,,1,1,0,0,0,0,1,1,1947-04-17,,0,8760832,,,,,,,,,,,,,,,
442054,0061000,1,大分県,オオイタケン,Oita,,,,佐伯市,サイキシ,Saiki-shi,,,,田の浦町,タノウラマチ,Tanoramachi,,,,,,,,1,1,0,0,0,0,1,1,1947-04-17,,0,8760807,,,,,,,,,,,,,,,
442054,0062001,2,大分県,オオイタケン,Oita,,,,佐伯市,サイキシ,Saiki-shi,,,,鶴岡西町,ツルオカニシマチ,Tsuruokanishimachi,１丁目,１チョウメ,1,,,,,0,0,0,0,0,0,1,1,1947-04-17,,0,,,,,,,,,,,,,,,,
442054,0062002,2,大分県,オオイタケン,Oita,,,,佐伯市,サイキシ,Saiki-shi,,,,鶴岡西町,ツルオカニシマチ,Tsuruokanishimachi,２丁目,２チョウメ,2,,,,,0,0,0,0,0,0,1,1,1947-04-17,,0,,,,,,,,,,,,,,,,
442054,0063001,2,大分県,オオイタケン,Oita,,,,佐伯市,サイキシ,Saiki-shi,,,,鶴岡町,ツルオカマチ,Tsuruokamachi,１丁目,１チョウメ,1,,,,,1,1,0,0,0,0,1,1,1947-04-17,,0,,,,,,,,,,,,,,,,
442054,0063002,2,大分県,オオイタケン,Oita,,,,佐伯市,サイキシ,Saiki-shi,,,,鶴岡町,ツルオカマチ,Tsuruokamachi,２丁目,２チョウメ,2,,,,,1,1,0,0,0,0,1,1,1947-04-17,,0,,,,,,,,,,,,,,,,
442054,0063003,2,大分県,オオイタケン,Oita,,,,佐伯市,サイキシ,Saiki-shi,,,,鶴岡町,ツルオカマチ,Tsuruokamachi,３丁目,３チョウメ,3,,,,,1,1,0,0,0,0,1,1,1947-04-17,,0,,,,,,,,,,,,,,,,
442054,0064000,1,大分県,オオイタケン,Oita,,,,佐伯市,サイキシ,Saiki-shi,,,,鶴見大字有明浦,ツルミオオアザアリアケウラ,,,,,,,,,0,0,0,0,0,0,1,1,1947-04-17,,0,,,,,,,,,,,,,,,,
442054,0065000,1,大分県,オオイタケン,Oita,,,,佐伯市,サイキシ,Saiki-shi,,,,鶴見大字大島,ツルミオオアザオオシマ,,,,,,,,,0,0,0,0,0,0,1,1,1947-04-17,,0,,,,,,,,,,,,,,,,
442054,0066000,1,大分県,オオイタケン,Oita,,,,佐伯市,サイキシ,Saiki-shi,,,,鶴見大字沖松浦,ツルミオオアザオキマツウラ,,,,,,,,,0,0,0,0,0,0,1,1,1947-04-17,,0,,,,,,,,,,,,,,,,
442054,0067000,1,大分県,オオイタケン,Oita,,,,佐伯市,サイキシ,Saiki-shi,,,,鶴見大字梶寄浦,ツルミオオアザカジヨセウラ,,,,,,,,,0,0,0,0,0,0,1,1,1947-04-17,,0,,,,,,,,,,,,,,,,
442054,0068000,1,大分県,オオイタケン,Oita,,,,佐伯市,サイキシ,Saiki-shi,,,,鶴見大字地松浦,ツルミオオアザジマツウラ,,,,,,,,,0,0,0,0,0,0,1,1,1947-04-17,,0,,,,,,,,,,,,,,,,
442054,0069000,1,大分県,オオイタケン,Oita,,,,佐伯市,サイキシ,Saiki-shi,,,,鶴見大字丹賀浦,ツルミオオアザタンガウラ,,,,,,,,,0,0,0,0,0,0,1,1,1947-04-17,,0,,,,,,,,,,,,,,,,
442054,0070000,1,大分県,オオイタケン,Oita,,,,佐伯市,サイキシ,Saiki-shi,,,,鶴見大字中越浦,ツルミオオアザナカゴシウラ,,,,,,,,,0,0,0,0,0,0,1,1,1947-04-17,,0,,,,,,,,,,,,,,,,
442054,0071000,1,大分県,オオイタケン,Oita,,,,佐伯市,サイキシ,Saiki-shi,,,,鶴見大字羽出浦,ツルミオオアザハイデウラ,,,,,,,,,0,0,0,0,0,0,1,1,1947-04-17,,0,,,,,,,,,,,,,,,,
442054,0072000,1,大分県,オオイタケン,Oita,,,,佐伯市,サイキシ,Saiki-shi,,,,鶴見大字吹浦,ツルミオオアザフキウラ,,,,,,,,,0,0,0,0,0,0,1,1,1947-04-17,,0,,,,,,,,,,,,,,,,
442054,0073001,2,大分県,オオイタケン,Oita,,,,佐伯市,サイキシ,Saiki-shi,,,,鶴谷町,ツルヤマチ,Tsuruyamachi,１丁目,１チョウメ,1,,,,,1,1,0,0,0,0,1,1,1947-04-17,,0,,,,,,,,,,,,,,,,
442054,0073002,2,大分県,オオイタケン,Oita,,,,佐伯市,サイキシ,Saiki-shi,,,,鶴谷町,ツルヤマチ,Tsuruyamachi,２丁目,２チョウメ,2,,,,,1,1,0,0,0,0,1,1,1947-04-17,,0,,,,,,,,,,,,,,,,
442054,0073003,2,大分県,オオイタケン,Oita,,,,佐伯市,サイキシ,Saiki-shi,,,,鶴谷町,ツルヤマチ,Tsuruyamachi,３丁目,３チョウメ,3,,,,,1,1,0,0,0,0,1,1,1947-04-17,,0,,,,,,,,,,,,,,,,
442054,0074000,1,大分県,オオイタケン,Oita,,,,佐伯市,サイキシ,Saiki-shi,,,,常盤西町,トキワニシマチ,Tokiwa Nishimachi,,,,,,,,1,1,0,0,0,0,1,1,1947-04-17,,0,8760857,,,,,,,,,,,,,,,
442054,0075000,1,大分県,オオイタケン,Oita,,,,佐伯市,サイキシ,Saiki-shi,,,,常盤東町,トキワヒガシマチ,Tokiwa Higashimachi,,,,,,,,1,1,0,0,0,0,1,1,1947-04-17,,0,8760851,,,,,,,,,,,,,,,
442054,0076000,1,大分県,オオイタケン,Oita,,,,佐伯市,サイキシ,Saiki-shi,,,,常盤南町,トキワミナミマチ,Tokiwa Minamimachi,,,,,,,,1,1,0,0,0,0,1,1,1947-04-17,,0,8760852,,,,,,,,,,,,,,,
442054,0077000,1,大分県,オオイタケン,Oita,,,,佐伯市,サイキシ,Saiki-shi,,,,直川大字赤木,ナオカワオオアザアカギ,,,,,,,,,0,0,0,0,0,0,1,1,1947-04-17,,0,,,,,,,,,,,,,,,,
442054,0078000,1,大分県,オオイタケン,Oita,,,,佐伯市,サイキシ,Saiki-shi,,,,直川大字上直見,ナオカワオオアザカミナオミ,,,,,,,,,0,0,0,0,0,0,1,1,1947-04-17,,0,,,,,,,,,,,,,,,,
442054,0079000,1,大分県,オオイタケン,Oita,,,,佐伯市,サイキシ,Saiki-shi,,,,直川大字下直見,ナオカワオオアザシモナオミ,,,,,,,,,0,0,0,0,0,0,1,1,1947-04-17,,0,,,,,,,,,,,,,,,,
442054,0080000,1,大分県,オオイタケン,Oita,,,,佐伯市,サイキシ,Saiki-shi,,,,直川大字仁田原,ナオカワオオアザニタハラ,,,,,,,,,0,0,0,0,0,0,1,1,1947-04-17,,0,,,,,,,,,,,,,,,,
442054,0081000,1,大分県,オオイタケン,Oita,,,,佐伯市,サイキシ,Saiki-shi,,,,直川大字横川,ナオカワオオアザヨコガワ,,,,,,,,,0,0,0,0,0,0,1,1,1947-04-17,,0,,,,,,,,,,,,,,,,
442054,0082000,1,大分県,オオイタケン,Oita,,,,佐伯市,サイキシ,Saiki-shi,,,,中江町,ナカエマチ,Nakaemachi,,,,,,,,1,1,0,0,0,0,1,1,1947-04-17,,0,8760812,,,,,,,,,,,,,,,
442054,0083001,2,大分県,オオイタケン,Oita,,,,佐伯市,サイキシ,Saiki-shi,,,,長島町,ナガシママチ,Nagashimamachi,１丁目,１チョウメ,1,,,,,1,1,0,0,0,0,1,1,1947-04-17,,0,,,,,,,,,,,,,,,,
442054,0083002,2,大分県,オオイタケン,Oita,,,,佐伯市,サイキシ,Saiki-shi,,,,長島町,ナガシママチ,Nagashimamachi,２丁目,２チョウメ,2,,,,,1,1,0,0,0,0,1,1,1947-04-17,,0,,,,,,,,,,,,,,,,
442054,0083003,2,大分県,オオイタケン,Oita,,,,佐伯市,サイキシ,Saiki-shi,,,,長島町,ナガシママチ,Nagashimamachi,３丁目,３チョウメ,3,,,,,1,1,0,0,0,0,1,1,1947-04-17,,0,,,,,,,,,,,,,,,,
442054,0083004,2,大分県,オオイタケン,Oita,,,,佐伯市,サイキシ,Saiki-shi,,,,長島町,ナガシママチ,Nagashimamachi,４丁目,４チョウメ,4,,,,,1,1,0,0,0,0,1,1,1947-04-17,,0,,,,,,,,,,,,,,,,
442054,0084001,2,大分県,オオイタケン,Oita,,,,佐伯市,サイキシ,Saiki-shi,,,,中の島,ナカノシマ,Nakanoshima,１丁目,１チョウメ,1,,,,,1,1,0,0,0,0,1,1,1947-04-17,,0,,,,,,,,,,,,,,,,
442054,0084002,2,大分県,オオイタケン,Oita,,,,佐伯市,サイキシ,Saiki-shi,,,,中の島,ナカノシマ,Nakanoshima,２丁目,２チョウメ,2,,,,,1,1,0,0,0,0,1,1,1947-04-17,,0,,,,,,,,,,,,,,,,
442054,0084003,2,大分県,オオイタケン,Oita,,,,佐伯市,サイキシ,Saiki-shi,,,,中の島,ナカノシマ,Nakanoshima,３丁目,３チョウメ,3,,,,,1,1,0,0,0,0,1,1,1947-04-17,,0,,,,,,,,,,,,,,,,
442054,0085000,1,大分県,オオイタケン,Oita,,,,佐伯市,サイキシ,Saiki-shi,,,,中ノ島東町,ナカノシマヒガシマチ,Nakanoshimahigashimachi,,,,,,,,1,1,0,0,0,0,1,1,1947-04-17,,0,8760842,,,,,,,,,,,,,,,
442054,0086000,1,大分県,オオイタケン,Oita,,,,佐伯市,サイキシ,Saiki-shi,,,,中村北町,ナカムラキタマチ,Nakamura Kitamachi,,,,,,,,1,1,0,0,0,0,1,1,1947-04-17,,0,8760856,,,,,,,,,,,,,,,
442054,0087000,1,大分県,オオイタケン,Oita,,,,佐伯市,サイキシ,Saiki-shi,,,,中村西町,ナカムラニシマチ,Nakamura Nishimachi,,,,,,,,1,1,0,0,0,0,1,1,1947-04-17,,0,8760855,,,,,,,,,,,,,,,
442054,0088000,1,大分県,オオイタケン,Oita,,,,佐伯市,サイキシ,Saiki-shi,,,,中村東町,ナカムラヒガシマチ,Nakamura Higashimachi,,,,,,,,1,1,0,0,0,0,1,1,1947-04-17,,0,8760853,,,,,,,,,,,,,,,
442054,0089000,1,大分県,オオイタケン,Oita,,,,佐伯市,サイキシ,Saiki-shi,,,,中村南町,ナカムラミナミマチ,Nakamura Minamimachi,,,,,,,,1,1,0,0,0,0,1,1,1947-04-17,,0,8760854,,,,,,,,,,,,,,,
442054,0090000,1,大分県,オオイタケン,Oita,,,,佐伯市,サイキシ,Saiki-shi,,,,西谷町,ニシダニマチ,Nishidanimachi,,,,,,,,1,1,0,0,0,0,1,1,1947-04-17,,0,8760836,,,,,,,,,,,,,,,
442054,0091000,1,大分県,オオイタケン,Oita,,,,佐伯市,サイキシ,Saiki-shi,,,,西浜,ニシハマ,Nishihama,,,,,,,,1,1,0,0,0,0,1,1,1947-04-17,,0,8760822,,,,,,,,,,,,,,,
442054,0092001,2,大分県,オオイタケン,Oita,,,,佐伯市,サイキシ,Saiki-shi,,,,野岡町,ノオカマチ,Nokamachi,１丁目,１チョウメ,1,,,,,1,1,0,0,0,0,1,1,1947-04-17,,0,,,,,,,,,,,,,,,,
442054,0092002,2,大分県,オオイタケン,Oita,,,,佐伯市,サイキシ,Saiki-shi,,,,野岡町,ノオカマチ,Nokamachi,２丁目,２チョウメ,2,,,,,1,1,0,0,0,0,1,1,1947-04-17,,0,,,,,,,,,,,,,,,,
442054,0093000,1,大分県,オオイタケン,Oita,,,,佐伯市,サイキシ,Saiki-shi,,,,東町,ヒガシマチ,Higashimachi,,,,,,,,1,1,0,0,0,0,1,1,1947-04-17,,0,8760814,,,,,,,,,,,,,,,
442054,0094000,1,大分県,オオイタケン,Oita,,,,佐伯市,サイキシ,Saiki-shi,,,,日の出町,ヒノデマチ,Hinodemachi,,,,,,,,1,1,0,0,0,0,1,1,1947-04-17,,0,8760802,,,,,,,,,,,,,,,
442054,0095000,1,大分県,オオイタケン,Oita,,,,佐伯市,サイキシ,Saiki-shi,,,,平野町,ヒラノマチ,Hiranomachi,,,,,,,,1,1,0,0,0,0,1,1,1947-04-17,,0,8760805,,,,,,,,,,,,,,,
442054,0096001,2,大分県,オオイタケン,Oita,,,,佐伯市,サイキシ,Saiki-shi,,,,向島,ホウジマ,Hojima,１丁目,１チョウメ,1,,,,,1,1,0,0,0,0,1,1,1947-04-17,,0,,,,,,,,,,,,,,,,
442054,0096002,2,大分県,オオイタケン,Oita,,,,佐伯市,サイキシ,Saiki-shi,,,,向島,ホウジマ,Hojima,２丁目,２チョウメ,2,,,,,1,1,0,0,0,0,1,1,1947-04-17,,0,,,,,,,,,,,,,,,,
442054,0097000,1,大分県,オオイタケン,Oita,,,,佐伯市,サイキシ,Saiki-shi,,,,本匠大字井ノ上,ホンジョウオオアザイノウエ,,,,,,,,,0,0,0,0,0,0,1,1,1947-04-17,,0,,,,,,,,,,,,,,,,
442054,0098000,1,大分県,オオイタケン,Oita,,,,佐伯市,サイキシ,Saiki-shi,,,,本匠大字因尾,ホンジョウオオアザインビ,,,,,,,,,0,0,0,0,0,0,1,1,1947-04-17,,0,,,,,,,,,,,,,,,,
442054,0099000,1,大分県,オオイタケン,Oita,,,,佐伯市,サイキシ,Saiki-shi,,,,本匠大字宇津々,ホンジョウオオアザウツツ,,,,,,,,,0,0,0,0,0,0,1,1,1947-04-17,,0,,,,,,,,,,,,,,,,
442054,0100000,1,大分県,オオイタケン,Oita,,,,佐伯市,サイキシ,Saiki-shi,,,,本匠大字小川,ホンジョウオオアザオガワ,,,,,,,,,0,0,0,0,0,0,1,1,1947-04-17,,0,,,,,,,,,,,,,,,,
442054,0101000,1,大分県,オオイタケン,Oita,,,,佐伯市,サイキシ,Saiki-shi,,,,本匠大字小半,ホンジョウオオアザオナガラ,,,,,,,,,0,0,0,0,0,0,1,1,1947-04-17,,0,,,,,,,,,,,,,,,,
442054,0102000,1,大分県,オオイタケン,Oita,,,,佐伯市,サイキシ,Saiki-shi,,,,本匠大字笠掛,ホンジョウオオアザカサカケ,,,,,,,,,0,0,0,0,0,0,1,1,1947-04-17,,0,,,,,,,,,,,,,,,,
442054,0103000,1,大分県,オオイタケン,Oita,,,,佐伯市,サイキシ,Saiki-shi,,,,本匠大字風戸,ホンジョウオオアザカザト,,,,,,,,,0,0,0,0,0,0,1,1,1947-04-17,,0,,,,,,,,,,,,,,,,
442054,0104000,1,大分県,オオイタケン,Oita,,,,佐伯市,サイキシ,Saiki-shi,,,,本匠大字上津川,ホンジョウオオアザコウヅガワ,,,,,,,,,0,0,0,0,0,0,1,1,1947-04-17,,0,,,,,,,,,,,,,,,,
442054,0105000,1,大分県,オオイタケン,Oita,,,,佐伯市,サイキシ,Saiki-shi,,,,本匠大字堂ノ間,ホンジョウオオアザドウノマ,,,,,,,,,0,0,0,0,0,0,1,1,1947-04-17,,0,,,,,,,,,,,,,,,,
442054,0106000,1,大分県,オオイタケン,Oita,,,,佐伯市,サイキシ,Saiki-shi,,,,本匠大字波寄,ホンジョウオオアザハキ,,,,,,,,,0,0,0,0,0,0,1,1,1947-04-17,,0,,,,,,,,,,,,,,,,
442054,0107000,1,大分県,オオイタケン,Oita,,,,佐伯市,サイキシ,Saiki-shi,,,,本匠大字三股,ホンジョウオオアザミマタ,,,,,,,,,0,0,0,0,0,0,1,1,1947-04-17,,0,,,,,,,,,,,,,,,,
442054,0108000,1,大分県,オオイタケン,Oita,,,,佐伯市,サイキシ,Saiki-shi,,,,本匠大字山部,ホンジョウオオアザヤマブ,,,,,,,,,0,0,0,0,0,0,1,1,1947-04-17,,0,,,,,,,,,,,,,,,,
442054,0109000,1,大分県,オオイタケン,Oita,,,,佐伯市,サイキシ,Saiki-shi,,,,弥生大字井崎,ヤヨイオオアザイサキ,,,,,,,,,0,0,0,0,0,0,1,1,1947-04-17,,0,,,,,,,,,,,,,,,,
442054,0110000,1,大分県,オオイタケン,Oita,,,,佐伯市,サイキシ,Saiki-shi,,,,弥生大字江良,ヤヨイオオアザエラ,,,,,,,,,0,0,0,0,0,0,1,1,1947-04-17,,0,,,,,,,,,,,,,,,,
442054,0111000,1,大分県,オオイタケン,Oita,,,,佐伯市,サイキシ,Saiki-shi,,,,弥生大字大坂本,ヤヨイオオアザオオサカモト,,,,,,,,,0,0,0,0,0,0,1,1,1947-04-17,,0,,,,,,,,,,,,,,,,
442054,0112000,1,大分県,オオイタケン,Oita,,,,佐伯市,サイキシ,Saiki-shi,,,,弥生大字上小倉,ヤヨイオオアザカミオグラ,,,,,,,,,0,0,0,0,0,0,1,1,1947-04-17,,0,,,,,,,,,,,,,,,,
442054,0113000,1,大分県,オオイタケン,Oita,,,,佐伯市,サイキシ,Saiki-shi,,,,弥生大字門田,ヤヨイオオアザカンタ,,,,,,,,,0,0,0,0,0,0,1,1,1947-04-17,,0,,,,,,,,,,,,,,,,
442054,0114000,1,大分県,オオイタケン,Oita,,,,佐伯市,サイキシ,Saiki-shi,,,,弥生大字小田,ヤヨイオオアザコダ,,,,,,,,,0,0,0,0,0,0,1,1,1947-04-17,,0,,,,,,,,,,,,,,,,
442054,0115000,1,大分県,オオイタケン,Oita,,,,佐伯市,サイキシ,Saiki-shi,,,,弥生大字細田,ヤヨイオオアザサイタ,,,,,,,,,0,0,0,0,0,0,1,1,1947-04-17,,0,,,,,,,,,,,,,,,,
442054,0116000,1,大分県,オオイタケン,Oita,,,,佐伯市,サイキシ,Saiki-shi,,,,弥生大字尺間,ヤヨイオオアザシャクマ,,,,,,,,,0,0,0,0,0,0,1,1,1947-04-17,,0,,,,,,,,,,,,,,,,
442054,0117000,1,大分県,オオイタケン,Oita,,,,佐伯市,サイキシ,Saiki-shi,,,,弥生大字提内,ヤヨイオオアザヒサギウチ,,,,,,,,,0,0,0,0,0,0,1,1,1947-04-17,,0,,,,,,,,,,,,,,,,
442054,0118000,1,大分県,オオイタケン,Oita,,,,佐伯市,サイキシ,Saiki-shi,,,,弥生大字平井,ヤヨイオオアザヒライ,,,,,,,,,0,0,0,0,0,0,1,1,1947-04-17,,0,,,,,,,,,,,,,,,,
442054,0119000,1,大分県,オオイタケン,Oita,,,,佐伯市,サイキシ,Saiki-shi,,,,弥生大字山梨子,ヤヨイオオアザヤマナシ,,,,,,,,,0,0,0,0,0,0,1,1,1947-04-17,,0,,,,,,,,,,,,,,,,
442054,0120000,1,大分県,オオイタケン,Oita,,,,佐伯市,サイキシ,Saiki-shi,,,,弥生大字床木,ヤヨイオオアザユカギ,,,,,,,,,0,0,0,0,0,0,1,1,1947-04-17,,0,,,,,,,,,,,,,,,,
442054,0121000,1,大分県,オオイタケン,Oita,,,,佐伯市,サイキシ,Saiki-shi,,,,米水津大字色利浦,ヨノウヅオオアザイロリウラ,,,,,,,,,0,0,0,0,0,0,1,1,1947-04-17,,0,,,,,,,,,,,,,,,,
442054,0122000,1,大分県,オオイタケン,Oita,,,,佐伯市,サイキシ,Saiki-shi,,,,米水津大字浦代浦,ヨノウヅオオアザウラシロウラ,,,,,,,,,0,0,0,0,0,0,1,1,1947-04-17,,0,,,,,,,,,,,,,,,,
442054,0123000,1,大分県,オオイタケン,Oita,,,,佐伯市,サイキシ,Saiki-shi,,,,米水津大字宮野浦,ヨノウヅオオアザミヤノウラ,,,,,,,,,0,0,0,0,0,0,1,1,1947-04-17,,0,,,,,,,,,,,,,,,,
442054,0124000,1,大分県,オオイタケン,Oita,,,,佐伯市,サイキシ,Saiki-shi,,,,若宮町,ワカミヤマチ,Wakamiyamachi,,,,,,,,1,1,0,0,0,0,1,1,1947-04-17,,0,8760013,,,,,,,,,,,,,,,
442054,0125000,1,大分県,オオイタケン,Oita,,,,佐伯市,サイキシ,Saiki-shi,,,,東浜,ヒガシハマ,Higashihama,,,,,,,,1,1,0,0,0,0,1,1,1947-04-17,,0,8760821,,,,,,,,,,,,,,,
442054,0126000,1,大分県,オオイタケン,Oita,,,,佐伯市,サイキシ,Saiki-shi,,,,米水津大字小浦,ヨノウヅオオアザコウラ,,,,,,,,,0,0,0,0,0,0,1,1,1947-04-17,,0,,,,,,,,,,,,,,,,
442054,0127000,1,大分県,オオイタケン,Oita,,,,佐伯市,サイキシ,Saiki-shi,,,,米水津大字竹野浦,ヨノウヅオオアザタケノウラ,,,,,,,,,0,0,0,0,0,0,1,1,1947-04-17,,0,,,,,,,,,,,,,,,,
442054,0128000,1,大分県,オオイタケン,Oita,,,,佐伯市,サイキシ,Saiki-shi,,,,大字青山,オオアザアオヤマ,Aoyama,,,,,,,,0,0,0,0,0,0,1,1,1947-04-17,,0,8761513,,,,,,,,,,,,,,,
442054,0137000,1,大分県,オオイタケン,Oita,,,,佐伯市,サイキシ,Saiki-shi,,,,東灘,ヒガシナダ,Higashinada,,,,,,,,0,0,0,0,0,0,1,0,2025-09-16,,1,,,,,,,,,,,,,,,,
442054,0138000,1,大分県,オオイタケン,Oita,,,,佐伯市,サイキシ,Saiki-shi,,,,上灘,カミナダ,Kaminada,,,,,,,,0,0,0,0,0,0,1,0,2025-09-16,,1,,,,,,,,,,,,,,,,
442054,0139001,2,大分県,オオイタケン,Oita,,,,佐伯市,サイキシ,Saiki-shi,,,,女島,メジマ,Mejima,一丁目,１チョウメ,1,,,,,0,0,0,0,0,0,1,0,2025-09-16,,1,,,,,,,,,,,,,,,,
442054,0139002,2,大分県,オオイタケン,Oita,,,,佐伯市,サイキシ,Saiki-shi,,,,女島,メジマ,Mejima,二丁目,２チョウメ,2,,,,,0,0,0,0,0,0,1,0,2025-09-16,,1,,,,,,,,,,,,,,,,
442054,0139003,2,大分県,オオイタケン,Oita,,,,佐伯市,サイキシ,Saiki-shi,,,,女島,メジマ,Mejima,三丁目,３チョウメ,3,,,,,0,0,0,0,0,0,1,0,2025-09-16,,1,,,,,,,,,,,,,,,,
442054,0139004,2,大分県,オオイタケン,Oita,,,,佐伯市,サイキシ,Saiki-shi,,,,女島,メジマ,Mejima,四丁目,４チョウメ,4,,,,,0,0,0,0,0,0,1,0,2025-09-16,,1,,,,,,,,,,,,,,,,
442054,0140001,2,大分県,オオイタケン,Oita,,,,佐伯市,サイキシ,Saiki-shi,,,,新女島,シンメジマ,shimmejima,一丁目,１チョウメ,1,,,,,0,0,0,0,0,0,1,0,2025-09-16,,1,,,,,,,,,,,,,,,,
442054,0140002,2,大分県,オオイタケン,Oita,,,,佐伯市,サイキシ,Saiki-shi,,,,新女島,シンメジマ,shimmejima,二丁目,２チョウメ,2,,,,,0,0,0,0,0,0,1,0,2025-09-16,,1,,,,,,,,,,,,,,,,
442062,0001000,1,大分県,オオイタケン,Oita,,,,臼杵市,ウスキシ,Usuki-shi,,,,大字家野,オオアザイエノ,Ieno,,,,,,,,0,0,0,0,0,0,1,1,1947-04-17,,0,8750065,,,,,,,,,,,,,,,
442062,0002000,1,大分県,オオイタケン,Oita,,,,臼杵市,ウスキシ,Usuki-shi,,,,大字板知屋,オオアザイタチヤ,Itachiya,,,,,,,,0,0,0,0,0,0,1,1,1947-04-17,,0,8750034,,,,,,,,,,,,,,,
442062,0003000,1,大分県,オオイタケン,Oita,,,,臼杵市,ウスキシ,Usuki-shi,,,,大字市浜,オオアザイチハマ,Ichihama,,,,,,,,0,0,0,0,0,0,1,1,1947-04-17,,0,8750052,,,,,,,,,,,,,,,
442062,0004000,1,大分県,オオイタケン,Oita,,,,臼杵市,ウスキシ,Usuki-shi,,,,大字稲田,オオアザイナダ,Inada,,,,,,,,0,0,0,0,0,0,1,1,1947-04-17,,0,8750082,,,,,,,,,,,,,,,
442062,0005000,1,大分県,オオイタケン,Oita,,,,臼杵市,ウスキシ,Usuki-shi,,,,大字井村,オオアザイムラ,Imura,,,,,,,,0,0,0,0,0,0,1,1,1947-04-17,,0,8750083,,,,,,,,,,,,,,,
442062,0006000,1,大分県,オオイタケン,Oita,,,,臼杵市,ウスキシ,Usuki-shi,,,,大字臼杵,オオアザウスキ,Usuki,,,,,,,,0,0,0,0,0,0,1,1,1947-04-17,,0,8750041,,,,,,,,,,,,,,,
442062,0007000,1,大分県,オオイタケン,Oita,,,,臼杵市,ウスキシ,Usuki-shi,,,,大字江無田,オオアザエムタ,Emuta,,,,,,,,0,0,0,0,0,0,1,1,1947-04-17,,0,8750023,,,,,,,,,,,,,,,
442062,0008000,1,大分県,オオイタケン,Oita,,,,臼杵市,ウスキシ,Usuki-shi,,,,大字大泊,オオアザオオトマリ,Otomari,,,,,,,,0,0,0,0,0,0,1,1,1947-04-17,,0,8750033,,,,,,,,,,,,,,,
442062,0009000,1,大分県,オオイタケン,Oita,,,,臼杵市,ウスキシ,Usuki-shi,,,,大字大野,オオアザオオノ,Ono,,,,,,,,0,0,0,0,0,0,1,1,1947-04-17,,0,8750004,,,,,,,,,,,,,,,
442062,0010000,1,大分県,オオイタケン,Oita,,,,臼杵市,ウスキシ,Usuki-shi,,,,大字大浜,オオアザオオハマ,Ohama,,,,,,,,0,0,0,0,0,0,1,1,1947-04-17,,0,8750012,,,,,,,,,,,,,,,
442062,0011000,1,大分県,オオイタケン,Oita,,,,臼杵市,ウスキシ,Usuki-shi,,,,大字乙見,オオアザオトミ,Otomi,,,,,,,,0,0,0,0,0,0,1,1,1947-04-17,,0,8750077,,,,,,,,,,,,,,,
442062,0012000,1,大分県,オオイタケン,Oita,,,,臼杵市,ウスキシ,Usuki-shi,,,,大字海添,オオアザカイゾエ,Kaizoe,,,,,,,,0,0,0,0,0,0,1,1,1947-04-17,,0,8750042,,,,,,,,,,,,,,,
442062,0014000,1,大分県,オオイタケン,Oita,,,,臼杵市,ウスキシ,Usuki-shi,,,,大字風成,オオアザカザナシ,Kazanashi,,,,,,,,0,0,0,0,0,0,1,1,1947-04-17,,0,8750032,,,,,,,,,,,,,,,
442062,0015000,1,大分県,オオイタケン,Oita,,,,臼杵市,ウスキシ,Usuki-shi,,,,大字久木小野,オオアザクギオノ,Kugiono,,,,,,,,0,0,0,0,0,0,1,1,1947-04-17,,0,8750070,,,,,,,,,,,,,,,
442062,0016000,1,大分県,オオイタケン,Oita,,,,臼杵市,ウスキシ,Usuki-shi,,,,大字佐志生,オオアザサシウ,Sashiu,,,,,,,,0,0,0,0,0,0,1,1,1947-04-17,,0,8750001,,,,,,,,,,,,,,,
442062,0017000,1,大分県,オオイタケン,Oita,,,,臼杵市,ウスキシ,Usuki-shi,,,,大字左津留,オオアザサヅル,Sazuru,,,,,,,,0,0,0,0,0,0,1,1,1947-04-17,,0,8750074,,,,,,,,,,,,,,,
442062,0018000,1,大分県,オオイタケン,Oita,,,,臼杵市,ウスキシ,Usuki-shi,,,,大字下ノ江,オオアザシタノエ,Shitanoe,,,,,,,,0,0,0,0,0,0,1,1,1947-04-17,,0,8750002,,,,,,,,,,,,,,,
442062,0019000,1,大分県,オオイタケン,Oita,,,,臼杵市,ウスキシ,Usuki-shi,,,,大字末広,オオアザスエヒロ,Suehiro,,,,,,,,0,0,0,0,0,0,1,1,1947-04-17,,0,8750022,,,,,,,,,,,,,,,
442062,0020000,1,大分県,オオイタケン,Oita,,,,臼杵市,ウスキシ,Usuki-shi,,,,大字諏訪,オオアザスワ,Suwa,,,,,,,,0,0,0,0,0,0,1,1,1947-04-17,,0,8750011,,,,,,,,,,,,,,,
442062,0021000,1,大分県,オオイタケン,Oita,,,,臼杵市,ウスキシ,Usuki-shi,,,,大字田井,オオアザタイ,Tai,,,,,,,,0,0,0,0,0,0,1,1,1947-04-17,,0,8750003,,,,,,,,,,,,,,,
442062,0022000,1,大分県,オオイタケン,Oita,,,,臼杵市,ウスキシ,Usuki-shi,,,,大字高山,オオアザタカヤマ,Takayama,,,,,,,,0,0,0,0,0,0,1,1,1947-04-17,,0,8750078,,,,,,,,,,,,,,,
442062,0023000,1,大分県,オオイタケン,Oita,,,,臼杵市,ウスキシ,Usuki-shi,,,,大字岳谷,オオアザタケヤ,Takeya,,,,,,,,0,0,0,0,0,0,1,1,1947-04-17,,0,8750084,,,,,,,,,,,,,,,
442062,0024000,1,大分県,オオイタケン,Oita,,,,臼杵市,ウスキシ,Usuki-shi,,,,大字武山,オオアザタケヤマ,Takeyama,,,,,,,,0,0,0,0,0,0,1,1,1947-04-17,,0,8750079,,,,,,,,,,,,,,,
442062,0025000,1,大分県,オオイタケン,Oita,,,,臼杵市,ウスキシ,Usuki-shi,,,,大字田尻,オオアザタジリ,Tajiri,,,,,,,,0,0,0,0,0,0,1,1,1947-04-17,,0,8750021,,,,,,,,,,,,,,,
442062,0026000,1,大分県,オオイタケン,Oita,,,,臼杵市,ウスキシ,Usuki-shi,,,,大字戸室,オオアザトムロ,Tomuro,,,,,,,,0,0,0,0,0,0,1,1,1947-04-17,,0,8750051,,,,,,,,,,,,,,,
442062,0027000,1,大分県,オオイタケン,Oita,,,,臼杵市,ウスキシ,Usuki-shi,,,,大字中臼杵,オオアザナカウスキ,Nakausuki,,,,,,,,0,0,0,0,0,0,1,1,1947-04-17,,0,8750072,,,,,,,,,,,,,,,
442062,0028000,1,大分県,オオイタケン,Oita,,,,臼杵市,ウスキシ,Usuki-shi,,,,大字中尾,オオアザナカオ,Nakao,,,,,,,,0,0,0,0,0,0,1,1,1947-04-17,,0,8750075,,,,,,,,,,,,,,,
442062,0029000,1,大分県,オオイタケン,Oita,,,,臼杵市,ウスキシ,Usuki-shi,,,,大字中津浦,オオアザナカツウラ,Nakatsura,,,,,,,,0,0,0,0,0,0,1,1,1947-04-17,,0,8750013,,,,,,,,,,,,,,,
442062,0030000,1,大分県,オオイタケン,Oita,,,,臼杵市,ウスキシ,Usuki-shi,,,,大字二王座,オオアザニオウザ,Nioza,,,,,,,,0,0,0,0,0,0,1,1,1947-04-17,,0,8750043,,,,,,,,,,,,,,,
442062,0031000,1,大分県,オオイタケン,Oita,,,,臼杵市,ウスキシ,Usuki-shi,,,,大字野田,オオアザノダ,Noda,,,,,,,,0,0,0,0,0,0,1,1,1947-04-17,,0,8750062,,,,,,,,,,,,,,,
442062,0032000,1,大分県,オオイタケン,Oita,,,,臼杵市,ウスキシ,Usuki-shi,,,,大字東神野,オオアザヒガシコウノ,Higashikono,,,,,,,,0,0,0,0,0,0,1,1,1947-04-17,,0,8750076,,,,,,,,,,,,,,,
442062,0033000,1,大分県,オオイタケン,Oita,,,,臼杵市,ウスキシ,Usuki-shi,,,,大字深江,オオアザフカエ,Fukae,,,,,,,,0,0,0,0,0,0,1,1,1947-04-17,,0,8750031,,,,,,,,,,,,,,,
442062,0034000,1,大分県,オオイタケン,Oita,,,,臼杵市,ウスキシ,Usuki-shi,,,,大字深田,オオアザフカタ,Fukata,,,,,,,,0,0,0,0,0,0,1,1,1947-04-17,,0,8750064,,,,,,,,,,,,,,,
442062,0035000,1,大分県,オオイタケン,Oita,,,,臼杵市,ウスキシ,Usuki-shi,,,,大字福良,オオアザフクラ,Fukura,,,,,,,,0,0,0,0,0,0,1,1,1947-04-17,,0,8750053,,,,,,,,,,,,,,,
442062,0036000,1,大分県,オオイタケン,Oita,,,,臼杵市,ウスキシ,Usuki-shi,,,,大字藤河内,オオアザフジカワチ,Fujikawachi,,,,,,,,0,0,0,0,0,0,1,1,1947-04-17,,0,8750081,,,,,,,,,,,,,,,
442062,0037000,1,大分県,オオイタケン,Oita,,,,臼杵市,ウスキシ,Usuki-shi,,,,大字前田,オオアザマエダ,Maeda,,,,,,,,0,0,0,0,0,0,1,1,1947-04-17,,0,8750061,,,,,,,,,,,,,,,
442062,0038000,1,大分県,オオイタケン,Oita,,,,臼杵市,ウスキシ,Usuki-shi,,,,大字望月,オオアザモチヅキ,Mochizuki,,,,,,,,0,0,0,0,0,0,1,1,1947-04-17,,0,8750063,,,,,,,,,,,,,,,
442062,0039000,1,大分県,オオイタケン,Oita,,,,臼杵市,ウスキシ,Usuki-shi,,,,大字吉小野,オオアザヨシオノ,Yoshiono,,,,,,,,0,0,0,0,0,0,1,1,1947-04-17,,0,8750071,,,,,,,,,,,,,,,
442062,0040000,1,大分県,オオイタケン,Oita,,,,臼杵市,ウスキシ,Usuki-shi,,,,野津町大字秋山,ノツマチオオアザアキヤマ,,,,,,,,,0,0,0,0,0,0,1,1,1947-04-17,,0,,,,,,,,,,,,,,,,
442062,0041000,1,大分県,オオイタケン,Oita,,,,臼杵市,ウスキシ,Usuki-shi,,,,野津町大字岩屋,ノツマチオオアザイワヤ,,,,,,,,,0,0,0,0,0,0,1,1,1947-04-17,,0,,,,,,,,,,,,,,,,
442062,0042000,1,大分県,オオイタケン,Oita,,,,臼杵市,ウスキシ,Usuki-shi,,,,野津町大字烏嶽,ノツマチオオアザウガク,,,,,,,,,0,0,0,0,0,0,1,1,1947-04-17,,0,,,,,,,,,,,,,,,,
442062,0043000,1,大分県,オオイタケン,Oita,,,,臼杵市,ウスキシ,Usuki-shi,,,,野津町大字老松,ノツマチオオアザオイマツ,,,,,,,,,0,0,0,0,0,0,1,1,1947-04-17,,0,,,,,,,,,,,,,,,,
442062,0044000,1,大分県,オオイタケン,Oita,,,,臼杵市,ウスキシ,Usuki-shi,,,,野津町大字王子,ノツマチオオアザオウジ,,,,,,,,,0,0,0,0,0,0,1,1,1947-04-17,,0,,,,,,,,,,,,,,,,
442062,0045000,1,大分県,オオイタケン,Oita,,,,臼杵市,ウスキシ,Usuki-shi,,,,野津町大字落谷,ノツマチオオアザオチダニ,,,,,,,,,0,0,0,0,0,0,1,1,1947-04-17,,0,,,,,,,,,,,,,,,,
442062,0046000,1,大分県,オオイタケン,Oita,,,,臼杵市,ウスキシ,Usuki-shi,,,,野津町大字垣河内,ノツマチオオアザカキガワチ,,,,,,,,,0,0,0,0,0,0,1,1,1947-04-17,,0,,,,,,,,,,,,,,,,
442062,0047000,1,大分県,オオイタケン,Oita,,,,臼杵市,ウスキシ,Usuki-shi,,,,野津町大字亀甲,ノツマチオオアザカメコウ,,,,,,,,,0,0,0,0,0,0,1,1,1947-04-17,,0,,,,,,,,,,,,,,,,
442062,0048000,1,大分県,オオイタケン,Oita,,,,臼杵市,ウスキシ,Usuki-shi,,,,野津町大字西寒田,ノツマチオオアザササムタ,,,,,,,,,0,0,0,0,0,0,1,1,1947-04-17,,0,,,,,,,,,,,,,,,,
442062,0049000,1,大分県,オオイタケン,Oita,,,,臼杵市,ウスキシ,Usuki-shi,,,,野津町大字白岩,ノツマチオオアザシライワ,,,,,,,,,0,0,0,0,0,0,1,1,1947-04-17,,0,,,,,,,,,,,,,,,,
442062,0050000,1,大分県,オオイタケン,Oita,,,,臼杵市,ウスキシ,Usuki-shi,,,,野津町大字清水原,ノツマチオオアザソウズバル,,,,,,,,,0,0,0,0,0,0,1,1,1947-04-17,,0,,,,,,,,,,,,,,,,
442062,0051000,1,大分県,オオイタケン,Oita,,,,臼杵市,ウスキシ,Usuki-shi,,,,野津町大字千塚,ノツマチオオアザチヅカ,,,,,,,,,0,0,0,0,0,0,1,1,1947-04-17,,0,,,,,,,,,,,,,,,,
442062,0052000,1,大分県,オオイタケン,Oita,,,,臼杵市,ウスキシ,Usuki-shi,,,,野津町大字泊,ノツマチオオアザトマリ,,,,,,,,,0,0,0,0,0,0,1,1,1947-04-17,,0,,,,,,,,,,,,,,,,
442062,0053000,1,大分県,オオイタケン,Oita,,,,臼杵市,ウスキシ,Usuki-shi,,,,野津町大字西神野,ノツマチオオアザニシカミノ,,,,,,,,,0,0,0,0,0,0,1,1,1947-04-17,,0,,,,,,,,,,,,,,,,
442062,0054000,1,大分県,オオイタケン,Oita,,,,臼杵市,ウスキシ,Usuki-shi,,,,野津町大字西畑,ノツマチオオアザニシハタ,,,,,,,,,0,0,0,0,0,0,1,1,1947-04-17,,0,,,,,,,,,,,,,,,,
442062,0055000,1,大分県,オオイタケン,Oita,,,,臼杵市,ウスキシ,Usuki-shi,,,,野津町大字野津市,ノツマチオオアザノツイチ,,,,,,,,,0,0,0,0,0,0,1,1,1947-04-17,,0,,,,,,,,,,,,,,,,
442062,0056000,1,大分県,オオイタケン,Oita,,,,臼杵市,ウスキシ,Usuki-shi,,,,野津町大字八里合,ノツマチオオアザハチリゴウ,,,,,,,,,0,0,0,0,0,0,1,1,1947-04-17,,0,,,,,,,,,,,,,,,,
442062,0057000,1,大分県,オオイタケン,Oita,,,,臼杵市,ウスキシ,Usuki-shi,,,,野津町大字原,ノツマチオオアザハル,,,,,,,,,0,0,0,0,0,0,1,1,1947-04-17,,0,,,,,,,,,,,,,,,,
442062,0058000,1,大分県,オオイタケン,Oita,,,,臼杵市,ウスキシ,Usuki-shi,,,,野津町大字東谷,ノツマチオオアザヒガシタニ,,,,,,,,,0,0,0,0,0,0,1,1,1947-04-17,,0,,,,,,,,,,,,,,,,
442062,0059000,1,大分県,オオイタケン,Oita,,,,臼杵市,ウスキシ,Usuki-shi,,,,野津町大字福良木,ノツマチオオアザフクラギ,,,,,,,,,0,0,0,0,0,0,1,1,1947-04-17,,0,,,,,,,,,,,,,,,,
442062,0060000,1,大分県,オオイタケン,Oita,,,,臼杵市,ウスキシ,Usuki-shi,,,,野津町大字藤小野,ノツマチオオアザフジオノ,,,,,,,,,0,0,0,0,0,0,1,1,1947-04-17,,0,,,,,,,,,,,,,,,,
442062,0061000,1,大分県,オオイタケン,Oita,,,,臼杵市,ウスキシ,Usuki-shi,,,,野津町大字前河内,ノツマチオオアザマエガワチ,,,,,,,,,0,0,0,0,0,0,1,1,1947-04-17,,0,,,,,,,,,,,,,,,,
442062,0062000,1,大分県,オオイタケン,Oita,,,,臼杵市,ウスキシ,Usuki-shi,,,,野津町大字都原,ノツマチオオアザミヤコバル,,,,,,,,,0,0,0,0,0,0,1,1,1947-04-17,,0,,,,,,,,,,,,,,,,
442062,0063000,1,大分県,オオイタケン,Oita,,,,臼杵市,ウスキシ,Usuki-shi,,,,野津町大字宮原,ノツマチオオアザミヤバル,,,,,,,,,0,0,0,0,0,0,1,1,1947-04-17,,0,,,,,,,,,,,,,,,,
442062,0064000,1,大分県,オオイタケン,Oita,,,,臼杵市,ウスキシ,Usuki-shi,,,,野津町大字山頭,ノツマチオオアザヤマズ,,,,,,,,,0,0,0,0,0,0,1,1,1947-04-17,,0,,,,,,,,,,,,,,,,
442062,0065000,1,大分県,オオイタケン,Oita,,,,臼杵市,ウスキシ,Usuki-shi,,,,野津町大字柚野木,ノツマチオオアザユノキ,,,,,,,,,0,0,0,0,0,0,1,1,1947-04-17,,0,,,,,,,,,,,,,,,,
442062,0066000,1,大分県,オオイタケン,Oita,,,,臼杵市,ウスキシ,Usuki-shi,,,,野津町大字吉田,ノツマチオオアザヨシダ,,,,,,,,,0,0,0,0,0,0,1,1,1947-04-17,,0,,,,,,,,,,,,,,,,
442062,0067000,1,大分県,オオイタケン,Oita,,,,臼杵市,ウスキシ,Usuki-shi,,,,大字搔懐,オオアザカキダキ,,,,,,,,,0,0,0,0,0,0,1,0,1947-04-17,,1,,,*_*_MJ012609_*,,,,,,,,,,,,,
442071,0001000,1,大分県,オオイタケン,Oita,,,,津久見市,ツクミシ,Tsukumi-shi,,,,井無田町,イムタマチ,Imutamachi,,,,,,,,1,1,0,0,0,0,1,1,1947-04-17,,0,8792445,,,,,,,,,,,,,,,
442071,0002000,1,大分県,オオイタケン,Oita,,,,津久見市,ツクミシ,Tsukumi-shi,,,,入船西町,イリフネニシマチ,Irifune Nishimachi,,,,,,,,1,1,0,0,0,0,1,1,1947-04-17,,0,8792458,,,,,,,,,,,,,,,
442071,0003000,1,大分県,オオイタケン,Oita,,,,津久見市,ツクミシ,Tsukumi-shi,,,,入船東町,イリフネヒガシマチ,Irifune Higashimachi,,,,,,,,1,1,0,0,0,0,1,1,1947-04-17,,0,8792459,,,,,,,,,,,,,,,
442071,0004000,1,大分県,オオイタケン,Oita,,,,津久見市,ツクミシ,Tsukumi-shi,,,,大字網代,オオアザアジロ,Ajiro,,,,,,,,0,0,0,0,0,0,1,1,1947-04-17,,0,8792682,,,,,,,,,,,,,,,
442071,0005000,1,大分県,オオイタケン,Oita,,,,津久見市,ツクミシ,Tsukumi-shi,,,,大字堅浦,オオアザカタウラ,Kataura,,,,,,,,0,0,0,0,0,0,1,1,1947-04-17,,0,8792475,,,,,,,,,,,,,,,
442071,0006000,1,大分県,オオイタケン,Oita,,,,津久見市,ツクミシ,Tsukumi-shi,,,,大字上青江,オオアザカミアオエ,Kamiaoe,,,,,,,,0,0,0,0,0,0,1,1,1947-04-17,,0,8792461,,,,,,,,,,,,,,,
442071,0007000,1,大分県,オオイタケン,Oita,,,,津久見市,ツクミシ,Tsukumi-shi,,,,大字下青江,オオアザシモアオエ,Shimoaoe,,,,,,,,0,0,0,0,0,0,1,1,1947-04-17,,0,8792446,,,,,,,,,,,,,,,
442071,0008000,1,大分県,オオイタケン,Oita,,,,津久見市,ツクミシ,Tsukumi-shi,,,,大字千怒,オオアザチヌ,Chinu,,,,,,,,0,0,0,0,0,0,1,1,1947-04-17,,0,8792401,,,,,,,,,,,,,,,
442071,0009000,1,大分県,オオイタケン,Oita,,,,津久見市,ツクミシ,Tsukumi-shi,,,,大字津久見,オオアザツクミ,Tsukumi,,,,,,,,0,0,0,0,0,0,1,1,1947-04-17,,0,8792421,,,,,,,,,,,,,,,
442071,0010000,1,大分県,オオイタケン,Oita,,,,津久見市,ツクミシ,Tsukumi-shi,,,,大字徳浦,オオアザトクウラ,Tokura,,,,,,,,0,0,0,0,0,0,1,1,1947-04-17,,0,8792474,,,,,,,,,,,,,,,
442071,0011000,1,大分県,オオイタケン,Oita,,,,津久見市,ツクミシ,Tsukumi-shi,,,,大字長目,オオアザナガメ,Nagame,,,,,,,,0,0,0,0,0,0,1,1,1947-04-17,,0,8792476,,,,,,,,,,,,,,,
442071,0012000,1,大分県,オオイタケン,Oita,,,,津久見市,ツクミシ,Tsukumi-shi,,,,大字日見,オオアザヒミ,Himi,,,,,,,,0,0,0,0,0,0,1,1,1947-04-17,,0,8792681,,,,,,,,,,,,,,,
442071,0013000,1,大分県,オオイタケン,Oita,,,,津久見市,ツクミシ,Tsukumi-shi,,,,大字保戸島,オオアザホトジマ,Hotojima,,,,,,,,0,0,0,0,0,0,1,1,1947-04-17,,0,8792501,,,,,,,,,,,,,,,
442071,0014000,1,大分県,オオイタケン,Oita,,,,津久見市,ツクミシ,Tsukumi-shi,,,,大字八戸,オオアザヤト,Yato,,,,,,,,0,0,0,0,0,0,1,1,1947-04-17,,0,8792422,,,,,,,,,,,,,,,
442071,0015000,1,大分県,オオイタケン,Oita,,,,津久見市,ツクミシ,Tsukumi-shi,,,,大字四浦,オオアザヨウラ,Yora,,,,,,,,0,0,0,0,0,0,1,1,1947-04-17,,0,8792683,,,,,,,,,,,,,,,
442071,0016000,1,大分県,オオイタケン,Oita,,,,津久見市,ツクミシ,Tsukumi-shi,,,,大友町,オオトモマチ,Otomomachi,,,,,,,,1,1,0,0,0,0,1,1,1947-04-17,,0,8792431,,,,,,,,,,,,,,,
442071,0017000,1,大分県,オオイタケン,Oita,,,,津久見市,ツクミシ,Tsukumi-shi,,,,岡町,オカマチ,Okamachi,,,,,,,,1,1,0,0,0,0,1,1,1947-04-17,,0,8792455,,,,,,,,,,,,,,,
442071,0018000,1,大分県,オオイタケン,Oita,,,,津久見市,ツクミシ,Tsukumi-shi,,,,上宮本町,カミミヤモトマチ,Kamimiyamotomachi,,,,,,,,1,1,0,0,0,0,1,1,1947-04-17,,0,8792436,,,,,,,,,,,,,,,
442071,0019000,1,大分県,オオイタケン,Oita,,,,津久見市,ツクミシ,Tsukumi-shi,,,,合ノ元町,ゴウノモトマチ,Gonomotomachi,,,,,,,,1,1,0,0,0,0,1,1,1947-04-17,,0,8792471,,,,,,,,,,,,,,,
442071,0020000,1,大分県,オオイタケン,Oita,,,,津久見市,ツクミシ,Tsukumi-shi,,,,小園町,コゾノマチ,Kozonomachi,,,,,,,,1,1,0,0,0,0,1,1,1947-04-17,,0,8792453,,,,,,,,,,,,,,,
442071,0021000,1,大分県,オオイタケン,Oita,,,,津久見市,ツクミシ,Tsukumi-shi,,,,地蔵町,ジゾウマチ,Jizomachi,,,,,,,,1,1,0,0,0,0,1,1,1947-04-17,,0,8792454,,,,,,,,,,,,,,,
442071,0022000,1,大分県,オオイタケン,Oita,,,,津久見市,ツクミシ,Tsukumi-shi,,,,志手町,シテマチ,Shitemachi,,,,,,,,1,1,0,0,0,0,1,1,1947-04-17,,0,8792457,,,,,,,,,,,,,,,
442071,0023000,1,大分県,オオイタケン,Oita,,,,津久見市,ツクミシ,Tsukumi-shi,,,,新町,シンマチ,Shimmachi,,,,,,,,1,1,0,0,0,0,1,1,1947-04-17,,0,8792451,,,,,,,,,,,,,,,
442071,0024000,1,大分県,オオイタケン,Oita,,,,津久見市,ツクミシ,Tsukumi-shi,,,,セメント町,セメントマチ,Sementomachi,,,,,,,,1,1,0,0,0,0,1,1,1947-04-17,,0,8792443,,,,,,,,,,,,,,,
442071,0025000,1,大分県,オオイタケン,Oita,,,,津久見市,ツクミシ,Tsukumi-shi,,,,高洲町,タカスマチ,Takasumachi,,,,,,,,0,0,0,0,0,0,1,1,1947-04-17,,0,8792412,,,,,,,,,,,,,,,
442071,0025000,1,大分県,オオイタケン,Oita,,,,津久見市,ツクミシ,Tsukumi-shi,,,,高洲町,タカスマチ,Takasumachi,,,,,,,,1,1,0,0,0,0,1,1,1947-04-17,,0,8792412,,,,,,,,,,,,,,,
442071,0026000,1,大分県,オオイタケン,Oita,,,,津久見市,ツクミシ,Tsukumi-shi,,,,立花町,タチバナマチ,Tachibanamachi,,,,,,,,1,1,0,0,0,0,1,1,1947-04-17,,0,8792434,,,,,,,,,,,,,,,
442071,0027000,1,大分県,オオイタケン,Oita,,,,津久見市,ツクミシ,Tsukumi-shi,,,,中央町,チュウオウマチ,Chuomachi,,,,,,,,0,0,0,0,0,0,1,1,1947-04-17,,0,8792441,,,,,,,,,,,,,,,
442071,0027000,1,大分県,オオイタケン,Oita,,,,津久見市,ツクミシ,Tsukumi-shi,,,,中央町,チュウオウマチ,Chuomachi,,,,,,,,1,1,0,0,0,0,1,1,1947-04-17,,0,8792441,,,,,,,,,,,,,,,
442071,0028000,1,大分県,オオイタケン,Oita,,,,津久見市,ツクミシ,Tsukumi-shi,,,,徳浦本町,トクウラホンマチ,Tokura Hommachi,,,,,,,,1,1,0,0,0,0,1,1,1947-04-17,,0,8792472,,,,,,,,,,,,,,,
442071,0029000,1,大分県,オオイタケン,Oita,,,,津久見市,ツクミシ,Tsukumi-shi,,,,徳浦宮町,トクウラミヤマチ,Tokura Miyamachi,,,,,,,,1,1,0,0,0,0,1,1,1947-04-17,,0,8792473,,,,,,,,,,,,,,,
442071,0030000,1,大分県,オオイタケン,Oita,,,,津久見市,ツクミシ,Tsukumi-shi,,,,中田町,ナカダマチ,Nakadamachi,,,,,,,,1,1,0,0,0,0,1,1,1947-04-17,,0,8792433,,,,,,,,,,,,,,,
442071,0031000,1,大分県,オオイタケン,Oita,,,,津久見市,ツクミシ,Tsukumi-shi,,,,中町,ナカマチ,Nakamachi,,,,,,,,1,1,0,0,0,0,1,1,1947-04-17,,0,8792452,,,,,,,,,,,,,,,
442071,0032000,1,大分県,オオイタケン,Oita,,,,津久見市,ツクミシ,Tsukumi-shi,,,,文京町,ブンキョウマチ,Bunkyomachi,,,,,,,,1,1,0,0,0,0,1,1,1947-04-17,,0,8792432,,,,,,,,,,,,,,,
442071,0033000,1,大分県,オオイタケン,Oita,,,,津久見市,ツクミシ,Tsukumi-shi,,,,港町,ミナトマチ,Minatomachi,,,,,,,,0,0,0,0,0,0,1,1,1947-04-17,,0,8792442,,,,,,,,,,,,,,,
442071,0033000,1,大分県,オオイタケン,Oita,,,,津久見市,ツクミシ,Tsukumi-shi,,,,港町,ミナトマチ,Minatomachi,,,,,,,,1,1,0,0,0,0,1,1,1947-04-17,,0,8792442,,,,,,,,,,,,,,,
442071,0034000,1,大分県,オオイタケン,Oita,,,,津久見市,ツクミシ,Tsukumi-shi,,,,宮本町,ミヤモトマチ,Miyamotomachi,,,,,,,,1,1,0,0,0,0,1,1,1947-04-17,,0,8792435,,,,,,,,,,,,,,,
442071,0035000,1,大分県,オオイタケン,Oita,,,,津久見市,ツクミシ,Tsukumi-shi,,,,元町,モトマチ,Motomachi,,,,,,,,1,1,0,0,0,0,1,1,1947-04-17,,0,8792444,,,,,,,,,,,,,,,
442071,0036000,1,大分県,オオイタケン,Oita,,,,津久見市,ツクミシ,Tsukumi-shi,,,,門前町,モンゼマチ,Monzemmachi,,,,,,,,1,1,0,0,0,0,1,1,1947-04-17,,0,8792456,,,,,,,,,,,,,,,
442071,0037000,1,大分県,オオイタケン,Oita,,,,津久見市,ツクミシ,Tsukumi-shi,,,,大字津久見浦,オオアザツクミウラ,Tsukumiura,,,,,,,,0,0,0,0,0,0,1,1,1947-04-17,,0,8792413,,,,,,,,,,,,,,,
442071,0038000,1,大分県,オオイタケン,Oita,,,,津久見市,ツクミシ,Tsukumi-shi,,,,岩屋町,イワヤマチ,Iwayamachi,,,,,,,,1,1,0,0,0,0,1,1,1947-04-17,,0,8792411,,,,,,,,,,,,,,,
442089,0001000,1,大分県,オオイタケン,Oita,,,,竹田市,タケタシ,Taketa-shi,,,,大字会々,オオアザアイアイ,Aiai,,,,,,,,0,0,0,0,0,0,1,1,1947-04-17,,0,8780011,,,,,,,,,,,,,,,
442089,0002000,1,大分県,オオイタケン,Oita,,,,竹田市,タケタシ,Taketa-shi,,,,大字穴井迫,オオアザアナイザコ,Anaizako,,,,,,,,0,0,0,0,0,0,1,1,1947-04-17,,0,8780021,,,,,,,,,,,,,,,
442089,0003000,1,大分県,オオイタケン,Oita,,,,竹田市,タケタシ,Taketa-shi,,,,大字市用,オオアザイチモチ,Ichimochi,,,,,,,,0,0,0,0,0,0,1,1,1947-04-17,,0,8780153,,,,,,,,,,,,,,,
442089,0004000,1,大分県,オオイタケン,Oita,,,,竹田市,タケタシ,Taketa-shi,,,,大字今,オオアザイマ,Ima,,,,,,,,0,0,0,0,0,0,1,1,1947-04-17,,0,8796182,,,,,,,,,,,,,,,
442089,0005000,1,大分県,オオイタケン,Oita,,,,竹田市,タケタシ,Taketa-shi,,,,大字岩瀬,オオアザイワセ,Iwase,,,,,,,,0,0,0,0,0,0,1,1,1947-04-17,,0,8780022,,,,,,,,,,,,,,,
442089,0006000,1,大分県,オオイタケン,Oita,,,,竹田市,タケタシ,Taketa-shi,,,,大字岩本,オオアザイワモト,Iwamoto,,,,,,,,0,0,0,0,0,0,1,1,1947-04-17,,0,8780031,,,,,,,,,,,,,,,
442089,0007000,1,大分県,オオイタケン,Oita,,,,竹田市,タケタシ,Taketa-shi,,,,大字植木,オオアザウエキ,Ueki,,,,,,,,0,0,0,0,0,0,1,1,1947-04-17,,0,8780001,,,,,,,,,,,,,,,
442089,0008000,1,大分県,オオイタケン,Oita,,,,竹田市,タケタシ,Taketa-shi,,,,大字枝,オオアザエダ,Eda,,,,,,,,0,0,0,0,0,0,1,1,1947-04-17,,0,8780002,,,,,,,,,,,,,,,
442089,0009000,1,大分県,オオイタケン,Oita,,,,竹田市,タケタシ,Taketa-shi,,,,大字太田,オオアザオオタ,Ota,,,,,,,,0,0,0,0,0,0,1,1,1947-04-17,,0,8780032,,,,,,,,,,,,,,,
442089,0010000,1,大分県,オオイタケン,Oita,,,,竹田市,タケタシ,Taketa-shi,,,,大字小川,オオアザオガワ,Ogawa,,,,,,,,0,0,0,0,0,0,1,1,1947-04-17,,0,8780141,,,,,,,,,,,,,,,
442089,0011000,1,大分県,オオイタケン,Oita,,,,竹田市,タケタシ,Taketa-shi,,,,大字小塚,オオアザオヅカ,Ozuka,,,,,,,,0,0,0,0,0,0,1,1,1947-04-17,,0,8796181,,,,,,,,,,,,,,,
442089,0012000,1,大分県,オオイタケン,Oita,,,,竹田市,タケタシ,Taketa-shi,,,,大字片ケ瀬,オオアザカタカセ,Katakase,,,,,,,,0,0,0,0,0,0,1,1,1947-04-17,,0,8780003,,,,,,,,,,,,,,,
442089,0013000,1,大分県,オオイタケン,Oita,,,,竹田市,タケタシ,Taketa-shi,,,,大字上坂田,オオアザカミサカタ,Kamisakada,,,,,,,,0,0,0,0,0,0,1,1,1947-04-17,,0,8780161,,,,,,,,,,,,,,,
442089,0014000,1,大分県,オオイタケン,Oita,,,,竹田市,タケタシ,Taketa-shi,,,,大字上畑,オオアザカミハタ,Kamihata,,,,,,,,0,0,0,0,0,0,1,1,1947-04-17,,0,8780163,,,,,,,,,,,,,,,
442089,0015000,1,大分県,オオイタケン,Oita,,,,竹田市,タケタシ,Taketa-shi,,,,大字刈小野,オオアザカリオノ,Kariono,,,,,,,,0,0,0,0,0,0,1,1,1947-04-17,,0,8780164,,,,,,,,,,,,,,,
442089,0016000,1,大分県,オオイタケン,Oita,,,,竹田市,タケタシ,Taketa-shi,,,,大字川床,オオアザカワトコ,Kawadoko,,,,,,,,0,0,0,0,0,0,1,1,1947-04-17,,0,8780154,,,,,,,,,,,,,,,
442089,0017000,1,大分県,オオイタケン,Oita,,,,竹田市,タケタシ,Taketa-shi,,,,大字城原,オオアザキバル,Kibaru,,,,,,,,0,0,0,0,0,0,1,1,1947-04-17,,0,8780143,,,,,,,,,,,,,,,
442089,0018000,1,大分県,オオイタケン,Oita,,,,竹田市,タケタシ,Taketa-shi,,,,大字君ケ園,オオアザキミガソノ,Kimigasono,,,,,,,,0,0,0,0,0,0,1,1,1947-04-17,,0,8780023,,,,,,,,,,,,,,,
442089,0019000,1,大分県,オオイタケン,Oita,,,,竹田市,タケタシ,Taketa-shi,,,,大字九重野,オオアザクジュウノ,Kujuno,,,,,,,,0,0,0,0,0,0,1,1,1947-04-17,,0,8780572,,,,,,,,,,,,,,,
442089,0020000,1,大分県,オオイタケン,Oita,,,,竹田市,タケタシ,Taketa-shi,,,,大字久保,オオアザクボ,,,,,,,,,0,0,0,0,0,0,1,1,1947-04-17,,0,,,,,,,,,,,,,,,,
442089,0021000,1,大分県,オオイタケン,Oita,,,,竹田市,タケタシ,Taketa-shi,,,,大字倉木,オオアザクラキ,Kuraki,,,,,,,,0,0,0,0,0,0,1,1,1947-04-17,,0,8780576,,,,,,,,,,,,,,,
442089,0022000,1,大分県,オオイタケン,Oita,,,,竹田市,タケタシ,Taketa-shi,,,,大字神原,オオアザコウバル,Kobaru,,,,,,,,0,0,0,0,0,0,1,1,1947-04-17,,0,8780574,,,,,,,,,,,,,,,
442089,0023000,1,大分県,オオイタケン,Oita,,,,竹田市,タケタシ,Taketa-shi,,,,大字志土知,オオアザシトチ,Shitochi,,,,,,,,0,0,0,0,0,0,1,1,1947-04-17,,0,8780155,,,,,,,,,,,,,,,
442089,0024000,1,大分県,オオイタケン,Oita,,,,竹田市,タケタシ,Taketa-shi,,,,大字下坂田,オオアザシモサカタ,Shimosakada,,,,,,,,0,0,0,0,0,0,1,1,1947-04-17,,0,8780151,,,,,,,,,,,,,,,
442089,0025000,1,大分県,オオイタケン,Oita,,,,竹田市,タケタシ,Taketa-shi,,,,大字下志土知,オオアザシモシトチ,Shimoshitochi,,,,,,,,0,0,0,0,0,0,1,1,1947-04-17,,0,8780152,,,,,,,,,,,,,,,
442089,0026000,1,大分県,オオイタケン,Oita,,,,竹田市,タケタシ,Taketa-shi,,,,大字菅生,オオアザスゴウ,Sugo,,,,,,,,0,0,0,0,0,0,1,1,1947-04-17,,0,8796184,,,,,,,,,,,,,,,
442089,0027000,1,大分県,オオイタケン,Oita,,,,竹田市,タケタシ,Taketa-shi,,,,大字炭竈,オオアザスミカマド,Sumikamado,,,,,,,,0,0,0,0,0,0,1,1,1947-04-17,,0,8780162,,,,,,,,,,,,,,,
442089,0028000,1,大分県,オオイタケン,Oita,,,,竹田市,タケタシ,Taketa-shi,,,,大字田井,オオアザタイ,Tai,,,,,,,,0,0,0,0,0,0,1,1,1947-04-17,,0,8780575,,,,,,,,,,,,,,,
442089,0029000,1,大分県,オオイタケン,Oita,,,,竹田市,タケタシ,Taketa-shi,,,,大字高伏,オオアザタカブシ,Takabushi,,,,,,,,0,0,0,0,0,0,1,1,1947-04-17,,0,8780144,,,,,,,,,,,,,,,
442089,0030000,1,大分県,オオイタケン,Oita,,,,竹田市,タケタシ,Taketa-shi,,,,大字竹田,オオアザタケタ,Taketa,,,,,,,,0,0,0,0,0,0,1,1,1947-04-17,,0,8780013,,,,,,,,,,,,,,,
442089,0031000,1,大分県,オオイタケン,Oita,,,,竹田市,タケタシ,Taketa-shi,,,,大字竹田町,オオアザタケタマチ,Taketamachi,,,,,,,,0,0,0,0,0,0,1,1,1947-04-17,,0,8780012,,,,,,,,,,,,,,,
442089,0032000,1,大分県,オオイタケン,Oita,,,,竹田市,タケタシ,Taketa-shi,,,,大字玉来,オオアザタマライ,Tamarai,,,,,,,,0,0,0,0,0,0,1,1,1947-04-17,,0,8780024,,,,,,,,,,,,,,,
442089,0033000,1,大分県,オオイタケン,Oita,,,,竹田市,タケタシ,Taketa-shi,,,,大字次倉,オオアザツギクラ,Tsugikura,,,,,,,,0,0,0,0,0,0,1,1,1947-04-17,,0,8780571,,,,,,,,,,,,,,,
442089,0034000,1,大分県,オオイタケン,Oita,,,,竹田市,タケタシ,Taketa-shi,,,,大字戸上,オオアザトウエ,Toe,,,,,,,,0,0,0,0,0,0,1,1,1947-04-17,,0,8796183,,,,,,,,,,,,,,,
442089,0035000,1,大分県,オオイタケン,Oita,,,,竹田市,タケタシ,Taketa-shi,,,,大字中,オオアザナカ,Naka,,,,,,,,0,0,0,0,0,0,1,1,1947-04-17,,0,8780004,,,,,,,,,,,,,,,
442089,0036000,1,大分県,オオイタケン,Oita,,,,竹田市,タケタシ,Taketa-shi,,,,大字中角,オオアザナカツノ,Nakatsuno,,,,,,,,0,0,0,0,0,0,1,1,1947-04-17,,0,8780573,,,,,,,,,,,,,,,
442089,0037000,1,大分県,オオイタケン,Oita,,,,竹田市,タケタシ,Taketa-shi,,,,大字入田,オオアザニュウタ,Nyuta,,,,,,,,0,0,0,0,0,0,1,1,1947-04-17,,0,8780033,,,,,,,,,,,,,,,
442089,0038000,1,大分県,オオイタケン,Oita,,,,竹田市,タケタシ,Taketa-shi,,,,大字拝田原,オオアザハイタバル,Haitabaru,,,,,,,,0,0,0,0,0,0,1,1,1947-04-17,,0,8780025,,,,,,,,,,,,,,,
442089,0039000,1,大分県,オオイタケン,Oita,,,,竹田市,タケタシ,Taketa-shi,,,,大字挟田,オオアザハサダ,,,,,,,,,0,0,0,0,0,0,1,1,1947-04-17,,0,,,,,,,,,,,,,,,,
442089,0040000,1,大分県,オオイタケン,Oita,,,,竹田市,タケタシ,Taketa-shi,,,,大字飛田川,オオアザヒダガワ,Hidagawa,,,,,,,,0,0,0,0,0,0,1,1,1947-04-17,,0,8780026,,,,,,,,,,,,,,,
442089,0041000,1,大分県,オオイタケン,Oita,,,,竹田市,タケタシ,Taketa-shi,,,,大字平田,オオアザヒラタ,Hirata,,,,,,,,0,0,0,0,0,0,1,1,1947-04-17,,0,8780006,,,,,,,,,,,,,,,
442089,0042000,1,大分県,オオイタケン,Oita,,,,竹田市,タケタシ,Taketa-shi,,,,大字福原,オオアザフクハラ,Fukuhara,,,,,,,,0,0,0,0,0,0,1,1,1947-04-17,,0,8780142,,,,,,,,,,,,,,,
442089,0043000,1,大分県,オオイタケン,Oita,,,,竹田市,タケタシ,Taketa-shi,,,,大字古園,オオアザフルゾノ,Furuzono,,,,,,,,0,0,0,0,0,0,1,1,1947-04-17,,0,8780146,,,,,,,,,,,,,,,
442089,0044000,1,大分県,オオイタケン,Oita,,,,竹田市,タケタシ,Taketa-shi,,,,大字三宅,オオアザミヤケ,Miyake,,,,,,,,0,0,0,0,0,0,1,1,1947-04-17,,0,8780007,,,,,,,,,,,,,,,
442089,0045000,1,大分県,オオイタケン,Oita,,,,竹田市,タケタシ,Taketa-shi,,,,大字向山田,オオアザムコウヤマダ,Mukoyamada,,,,,,,,0,0,0,0,0,0,1,1,1947-04-17,,0,8780027,,,,,,,,,,,,,,,
442089,0046000,1,大分県,オオイタケン,Oita,,,,竹田市,タケタシ,Taketa-shi,,,,大字門田,オオアザモンデン,Monden,,,,,,,,0,0,0,0,0,0,1,1,1947-04-17,,0,8780034,,,,,,,,,,,,,,,
442089,0047000,1,大分県,オオイタケン,Oita,,,,竹田市,タケタシ,Taketa-shi,,,,大字吉田,オオアザヨシダ,Yoshida,,,,,,,,0,0,0,0,0,0,1,1,1947-04-17,,0,8780035,,,,,,,,,,,,,,,
442089,0048000,1,大分県,オオイタケン,Oita,,,,竹田市,タケタシ,Taketa-shi,,,,大字米納,オオアザヨナイ,Yonai,,,,,,,,0,0,0,0,0,0,1,1,1947-04-17,,0,8780145,,,,,,,,,,,,,,,
442089,0049000,1,大分県,オオイタケン,Oita,,,,竹田市,タケタシ,Taketa-shi,,,,大字渡瀬,オオアザワタセ,Watase,,,,,,,,0,0,0,0,0,0,1,1,1947-04-17,,0,8780028,,,,,,,,,,,,,,,
442089,0050000,1,大分県,オオイタケン,Oita,,,,竹田市,タケタシ,Taketa-shi,,,,荻町瓜作,オギマチウリツクリ,Ogimachi Uritsukuri,,,,,,,,0,0,0,0,0,0,1,1,1947-04-17,,0,8796134,,,,,,,,,,,,,,,
442089,0051000,1,大分県,オオイタケン,Oita,,,,竹田市,タケタシ,Taketa-shi,,,,荻町恵良原,オギマチエラハル,Ogimachi Eraharu,,,,,,,,0,0,0,0,0,0,1,1,1947-04-17,,0,8796113,,,,,,,,,,,,,,,
442089,0052000,1,大分県,オオイタケン,Oita,,,,竹田市,タケタシ,Taketa-shi,,,,荻町大平,オギマチオオダイラ,Ogimachi Odaira,,,,,,,,0,0,0,0,0,0,1,1,1947-04-17,,0,8796126,,,,,,,,,,,,,,,
442089,0053000,1,大分県,オオイタケン,Oita,,,,竹田市,タケタシ,Taketa-shi,,,,荻町柏原,オギマチカシワバル,Ogimachi Kashiwabaru,,,,,,,,0,0,0,0,0,0,1,1,1947-04-17,,0,8796122,,,,,,,,,,,,,,,
442089,0054000,1,大分県,オオイタケン,Oita,,,,竹田市,タケタシ,Taketa-shi,,,,荻町叶野,オギマチカナイノ,Ogimachi Kanaino,,,,,,,,0,0,0,0,0,0,1,1,1947-04-17,,0,8796127,,,,,,,,,,,,,,,
442089,0055000,1,大分県,オオイタケン,Oita,,,,竹田市,タケタシ,Taketa-shi,,,,荻町北原,オギマチキタバル,Ogimachi Kitabaru,,,,,,,,0,0,0,0,0,0,1,1,1947-04-17,,0,8796135,,,,,,,,,,,,,,,
442089,0056000,1,大分県,オオイタケン,Oita,,,,竹田市,タケタシ,Taketa-shi,,,,荻町木下,オギマチキノシタ,Ogimachi Kinoshita,,,,,,,,0,0,0,0,0,0,1,1,1947-04-17,,0,8796101,,,,,,,,,,,,,,,
442089,0057000,1,大分県,オオイタケン,Oita,,,,竹田市,タケタシ,Taketa-shi,,,,荻町桑木,オギマチクワギ,Ogimachi Kuwagi,,,,,,,,0,0,0,0,0,0,1,1,1947-04-17,,0,8796121,,,,,,,,,,,,,,,
442089,0058000,1,大分県,オオイタケン,Oita,,,,竹田市,タケタシ,Taketa-shi,,,,荻町西福寺,オギマチサイフクジ,Ogimachi Saifukuji,,,,,,,,0,0,0,0,0,0,1,1,1947-04-17,,0,8796132,,,,,,,,,,,,,,,
442089,0059000,1,大分県,オオイタケン,Oita,,,,竹田市,タケタシ,Taketa-shi,,,,荻町鴫田,オギマチシギタ,Ogimachi Shigita,,,,,,,,0,0,0,0,0,0,1,1,1947-04-17,,0,8796131,,,,,,,,,,,,,,,
442089,0060000,1,大分県,オオイタケン,Oita,,,,竹田市,タケタシ,Taketa-shi,,,,荻町新藤,オギマチシンドウ,Ogimachi Shindo,,,,,,,,0,0,0,0,0,0,1,1,1947-04-17,,0,8796103,,,,,,,,,,,,,,,
442089,0061000,1,大分県,オオイタケン,Oita,,,,竹田市,タケタシ,Taketa-shi,,,,荻町高城,オギマチタカジョウ,Ogimachi Takajo,,,,,,,,0,0,0,0,0,0,1,1,1947-04-17,,0,8796116,,,,,,,,,,,,,,,
442089,0062000,1,大分県,オオイタケン,Oita,,,,竹田市,タケタシ,Taketa-shi,,,,荻町高練木,オギマチタカネリキ,Ogimachi Takaneriki,,,,,,,,0,0,0,0,0,0,1,1,1947-04-17,,0,8796128,,,,,,,,,,,,,,,
442089,0063000,1,大分県,オオイタケン,Oita,,,,竹田市,タケタシ,Taketa-shi,,,,荻町田代,オギマチタシロ,Ogimachi Tashiro,,,,,,,,0,0,0,0,0,0,1,1,1947-04-17,,0,8796133,,,,,,,,,,,,,,,
442089,0064000,1,大分県,オオイタケン,Oita,,,,竹田市,タケタシ,Taketa-shi,,,,荻町馬場,オギマチババ,Ogimachi Baba,,,,,,,,0,0,0,0,0,0,1,1,1947-04-17,,0,8796115,,,,,,,,,,,,,,,
442089,0065000,1,大分県,オオイタケン,Oita,,,,竹田市,タケタシ,Taketa-shi,,,,荻町陽目,オギマチヒナタメ,Ogimachi Hinatame,,,,,,,,0,0,0,0,0,0,1,1,1947-04-17,,0,8796124,,,,,,,,,,,,,,,
442089,0066000,1,大分県,オオイタケン,Oita,,,,竹田市,タケタシ,Taketa-shi,,,,荻町藤渡,オギマチフジワタリ,Ogimachi Fujiwatari,,,,,,,,0,0,0,0,0,0,1,1,1947-04-17,,0,8796104,,,,,,,,,,,,,,,
442089,0067000,1,大分県,オオイタケン,Oita,,,,竹田市,タケタシ,Taketa-shi,,,,荻町仏面,オギマチブツメン,Ogimachi Butsumen,,,,,,,,0,0,0,0,0,0,1,1,1947-04-17,,0,8796125,,,,,,,,,,,,,,,
442089,0068000,1,大分県,オオイタケン,Oita,,,,竹田市,タケタシ,Taketa-shi,,,,荻町馬背野,オギマチマセノ,Ogimachi Maseno,,,,,,,,0,0,0,0,0,0,1,1,1947-04-17,,0,8796112,,,,,,,,,,,,,,,
442089,0069000,1,大分県,オオイタケン,Oita,,,,竹田市,タケタシ,Taketa-shi,,,,荻町政所,オギマチマドコロ,Ogimachi Madokoro,,,,,,,,0,0,0,0,0,0,1,1,1947-04-17,,0,8796102,,,,,,,,,,,,,,,
442089,0070000,1,大分県,オオイタケン,Oita,,,,竹田市,タケタシ,Taketa-shi,,,,荻町南河内,オギマチミナミガワチ,Ogimachi Minamigawachi,,,,,,,,0,0,0,0,0,0,1,1,1947-04-17,,0,8796111,,,,,,,,,,,,,,,
442089,0071000,1,大分県,オオイタケン,Oita,,,,竹田市,タケタシ,Taketa-shi,,,,荻町宮平,オギマチミヤビラ,Ogimachi Miyabira,,,,,,,,0,0,0,0,0,0,1,1,1947-04-17,,0,8796123,,,,,,,,,,,,,,,
442089,0072000,1,大分県,オオイタケン,Oita,,,,竹田市,タケタシ,Taketa-shi,,,,久住町大字有氏,クジュウマチオオアザアリウジ,,,,,,,,,0,0,0,0,0,0,1,1,1947-04-17,,0,,,,,,,,,,,,,,,,
442089,0073000,1,大分県,オオイタケン,Oita,,,,竹田市,タケタシ,Taketa-shi,,,,久住町大字栢木,クジュウマチオオアザカヤギ,,,,,,,,,0,0,0,0,0,0,1,1,1947-04-17,,0,,,,,,,,,,,,,,,,
442089,0074000,1,大分県,オオイタケン,Oita,,,,竹田市,タケタシ,Taketa-shi,,,,久住町大字久住,クジュウマチオオアザクジュウ,,,,,,,,,0,0,0,0,0,0,1,1,1947-04-17,,0,,,,,,,,,,,,,,,,
442089,0075000,1,大分県,オオイタケン,Oita,,,,竹田市,タケタシ,Taketa-shi,,,,久住町大字白丹,クジュウマチオオアザシラニ,,,,,,,,,0,0,0,0,0,0,1,1,1947-04-17,,0,,,,,,,,,,,,,,,,
442089,0076000,1,大分県,オオイタケン,Oita,,,,竹田市,タケタシ,Taketa-shi,,,,久住町大字添ケ津留,クジュウマチオオアザソエガツル,,,,,,,,,0,0,0,0,0,0,1,1,1947-04-17,,0,,,,,,,,,,,,,,,,
442089,0077000,1,大分県,オオイタケン,Oita,,,,竹田市,タケタシ,Taketa-shi,,,,久住町大字仏原,クジュウマチオオアザブツバル,,,,,,,,,0,0,0,0,0,0,1,1,1947-04-17,,0,,,,,,,,,,,,,,,,
442089,0078000,1,大分県,オオイタケン,Oita,,,,竹田市,タケタシ,Taketa-shi,,,,直入町大字上田北,ナオイリマチオオアザカミタキタ,,,,,,,,,0,0,0,0,0,0,1,1,1947-04-17,,0,,,,,,,,,,,,,,,,
442089,0079000,1,大分県,オオイタケン,Oita,,,,竹田市,タケタシ,Taketa-shi,,,,直入町大字神堤,ナオイリマチオオアザカミツツミ,,,,,,,,,0,0,0,0,0,0,1,1,1947-04-17,,0,,,,,,,,,,,,,,,,
442089,0080000,1,大分県,オオイタケン,Oita,,,,竹田市,タケタシ,Taketa-shi,,,,直入町大字下田北,ナオイリマチオオアザシモタキタ,,,,,,,,,0,0,0,0,0,0,1,1,1947-04-17,,0,,,,,,,,,,,,,,,,
442089,0081000,1,大分県,オオイタケン,Oita,,,,竹田市,タケタシ,Taketa-shi,,,,直入町大字長湯,ナオイリマチオオアザナガユ,,,,,,,,,0,0,0,0,0,0,1,1,1947-04-17,,0,,,,,,,,,,,,,,,,
442097,0001000,1,大分県,オオイタケン,Oita,,,,豊後高田市,ブンゴタカダシ,Bungotakada-shi,,,,荒尾,アラオ,Arao,,,,,,,,0,0,0,0,0,0,1,1,1947-04-17,,0,8790733,,,,,,,,,,,,,,,
442097,0002000,1,大分県,オオイタケン,Oita,,,,豊後高田市,ブンゴタカダシ,Bungotakada-shi,,,,一畑,イチハタ,Ichihata,,,,,,,,0,0,0,0,0,0,1,1,1947-04-17,,0,8790722,,,,,,,,,,,,,,,
442097,0003000,1,大分県,オオイタケン,Oita,,,,豊後高田市,ブンゴタカダシ,Bungotakada-shi,,,,今町,イママチ,Imamachi,,,,,,,,0,0,0,0,0,0,1,1,1947-04-17,,0,8790626,,,,,,,,,,,,,,,
442097,0004000,1,大分県,オオイタケン,Oita,,,,豊後高田市,ブンゴタカダシ,Bungotakada-shi,,,,臼野,ウスノ,Usuno,,,,,,,,0,0,0,0,0,0,1,1,1947-04-17,,0,8721107,,,,,,,,,,,,,,,
442097,0006000,1,大分県,オオイタケン,Oita,,,,豊後高田市,ブンゴタカダシ,Bungotakada-shi,,,,夷,エビス,Ebisu,,,,,,,,0,0,0,0,0,0,1,1,1947-04-17,,0,8721201,,,,,,,,,,,,,,,
442097,0009000,1,大分県,オオイタケン,Oita,,,,豊後高田市,ブンゴタカダシ,Bungotakada-shi,,,,御玉,オダマ,Odama,,,,,,,,0,0,0,0,0,0,1,1,1947-04-17,,0,8790605,,,,,,,,,,,,,,,
442097,0010000,1,大分県,オオイタケン,Oita,,,,豊後高田市,ブンゴタカダシ,Bungotakada-shi,,,,香々地,カカヂ,Kakaji,,,,,,,,0,0,0,0,0,0,1,1,1947-04-17,,0,8721202,,,,,,,,,,,,,,,
442097,0011000,1,大分県,オオイタケン,Oita,,,,豊後高田市,ブンゴタカダシ,Bungotakada-shi,,,,鍛治屋町,カジヤマチ,Kajiyamachi,,,,,,,,0,0,0,0,0,0,1,1,1947-04-17,,0,8790622,,,,,,,,,,,,,,,
442097,0012000,1,大分県,オオイタケン,Oita,,,,豊後高田市,ブンゴタカダシ,Bungotakada-shi,,,,堅来,カタク,Kataku,,,,,,,,0,0,0,0,0,0,1,1,1947-04-17,,0,8721203,,,,,,,,,,,,,,,
442097,0013000,1,大分県,オオイタケン,Oita,,,,豊後高田市,ブンゴタカダシ,Bungotakada-shi,,,,鼎,カナエ,Kanae,,,,,,,,0,0,0,0,0,0,1,1,1947-04-17,,0,8790603,,,,,,,,,,,,,,,
442097,0014000,1,大分県,オオイタケン,Oita,,,,豊後高田市,ブンゴタカダシ,Bungotakada-shi,,,,かなえ台,カナエダイ,,,,,,,,,0,0,0,0,0,0,1,1,1947-04-17,,0,,,,,,,,,,,,,,,,
442097,0015000,1,大分県,オオイタケン,Oita,,,,豊後高田市,ブンゴタカダシ,Bungotakada-shi,,,,金谷町,カナヤマチ,Kanayamachi,,,,,,,,0,0,0,0,0,0,1,1,1947-04-17,,0,8790623,,,,,,,,,,,,,,,
442097,0016000,1,大分県,オオイタケン,Oita,,,,豊後高田市,ブンゴタカダシ,Bungotakada-shi,,,,上香々地,カミカカヂ,Kamikakaji,,,,,,,,0,0,0,0,0,0,1,1,1947-04-17,,0,8721204,,,,,,,,,,,,,,,
442097,0017000,1,大分県,オオイタケン,Oita,,,,豊後高田市,ブンゴタカダシ,Bungotakada-shi,,,,加礼川,カレガワ,Karegawa,,,,,,,,0,0,0,0,0,0,1,1,1947-04-17,,0,8790721,,,,,,,,,,,,,,,
442097,0018000,1,大分県,オオイタケン,Oita,,,,豊後高田市,ブンゴタカダシ,Bungotakada-shi,,,,草地,クサジ,Kusaji,,,,,,,,0,0,0,0,0,0,1,1,1947-04-17,,0,8790601,,,,,,,,,,,,,,,
442097,0019000,1,大分県,オオイタケン,Oita,,,,豊後高田市,ブンゴタカダシ,Bungotakada-shi,,,,来縄,クナワ,Kunawa,,,,,,,,0,0,0,0,0,0,1,1,1947-04-17,,0,8790614,,,,,,,,,,,,,,,
442097,0020000,1,大分県,オオイタケン,Oita,,,,豊後高田市,ブンゴタカダシ,Bungotakada-shi,,,,呉崎,クレサキ,Kuresaki,,,,,,,,0,0,0,0,0,0,1,1,1947-04-17,,0,8790608,,,,,,,,,,,,,,,
442097,0021000,1,大分県,オオイタケン,Oita,,,,豊後高田市,ブンゴタカダシ,Bungotakada-shi,,,,黒土,クロツチ,Kurotsuchi,,,,,,,,0,0,0,0,0,0,1,1,1947-04-17,,0,8721103,,,,,,,,,,,,,,,
442097,0022000,1,大分県,オオイタケン,Oita,,,,豊後高田市,ブンゴタカダシ,Bungotakada-shi,,,,小田原,コダワラ,Kodawara,,,,,,,,0,0,0,0,0,0,1,1,1947-04-17,,0,8790613,,,,,,,,,,,,,,,
442097,0023000,1,大分県,オオイタケン,Oita,,,,豊後高田市,ブンゴタカダシ,Bungotakada-shi,,,,小畑,コバタ,Kobata,,,,,,,,0,0,0,0,0,0,1,1,1947-04-17,,0,8721205,,,,,,,,,,,,,,,
442097,0024000,1,大分県,オオイタケン,Oita,,,,豊後高田市,ブンゴタカダシ,Bungotakada-shi,,,,是永町,コレナガマチ,Korenagamachi,,,,,,,,0,0,0,0,0,0,1,1,1947-04-17,,0,8790621,,,,,,,,,,,,,,,
442097,0025000,1,大分県,オオイタケン,Oita,,,,豊後高田市,ブンゴタカダシ,Bungotakada-shi,,,,界,サカイ,Sakai,,,,,,,,0,0,0,0,0,0,1,1,1947-04-17,,0,8790615,,,,,,,,,,,,,,,
442097,0026000,1,大分県,オオイタケン,Oita,,,,豊後高田市,ブンゴタカダシ,Bungotakada-shi,,,,佐野,サノ,Sano,,,,,,,,0,0,0,0,0,0,1,1,1947-04-17,,0,8790612,,,,,,,,,,,,,,,
442097,0027000,1,大分県,オオイタケン,Oita,,,,豊後高田市,ブンゴタカダシ,Bungotakada-shi,,,,城前,ジョウゼン,Jozen,,,,,,,,0,0,0,0,0,0,1,1,1947-04-17,,0,8721104,,,,,,,,,,,,,,,
442097,0028000,1,大分県,オオイタケン,Oita,,,,豊後高田市,ブンゴタカダシ,Bungotakada-shi,,,,新栄,シンエイ,Shinei,,,,,,,,0,0,0,0,0,0,1,1,1947-04-17,,0,8790607,,,,,,,,,,,,,,,
442097,0030000,1,大分県,オオイタケン,Oita,,,,豊後高田市,ブンゴタカダシ,Bungotakada-shi,,,,新地,シンチ,Shinchi,,,,,,,,0,0,0,0,0,0,1,1,1947-04-17,,0,8790627,,,,,,,,,,,,,,,
442097,0031000,1,大分県,オオイタケン,Oita,,,,豊後高田市,ブンゴタカダシ,Bungotakada-shi,,,,新町,シンマチ,Shimmachi,,,,,,,,0,0,0,0,0,0,1,0,1947-04-17,,0,8790628,,,,,,,,,,,,,,,
442097,0033000,1,大分県,オオイタケン,Oita,,,,豊後高田市,ブンゴタカダシ,Bungotakada-shi,,,,高田,タカダ,Takada,,,,,,,,0,0,0,0,0,0,1,1,1947-04-17,,0,8790617,,,,,,,,,,,,,,,
442097,0034000,1,大分県,オオイタケン,Oita,,,,豊後高田市,ブンゴタカダシ,Bungotakada-shi,,,,田染相原,タシブアイハラ,Tashibuaiwara,,,,,,,,0,0,0,0,0,0,1,1,1947-04-17,,0,8790843,,,,,,,,,,,,,,,
442097,0035000,1,大分県,オオイタケン,Oita,,,,豊後高田市,ブンゴタカダシ,Bungotakada-shi,,,,田染池部,タシブイケベ,Tashibuikebe,,,,,,,,0,0,0,0,0,0,1,1,1947-04-17,,0,8790842,,,,,,,,,,,,,,,
442097,0036000,1,大分県,オオイタケン,Oita,,,,豊後高田市,ブンゴタカダシ,Bungotakada-shi,,,,田染上野,タシブウエノ,Tashibueno,,,,,,,,0,0,0,0,0,0,1,1,1947-04-17,,0,8790844,,,,,,,,,,,,,,,
442097,0037000,1,大分県,オオイタケン,Oita,,,,豊後高田市,ブンゴタカダシ,Bungotakada-shi,,,,田染小崎,タシブオサキ,Tashibuosaki,,,,,,,,0,0,0,0,0,0,1,1,1947-04-17,,0,8790854,,,,,,,,,,,,,,,
442097,0038000,1,大分県,オオイタケン,Oita,,,,豊後高田市,ブンゴタカダシ,Bungotakada-shi,,,,田染平野,タシブヒラノ,Tashibuhirano,,,,,,,,0,0,0,0,0,0,1,1,1947-04-17,,0,8790853,,,,,,,,,,,,,,,
442097,0039000,1,大分県,オオイタケン,Oita,,,,豊後高田市,ブンゴタカダシ,Bungotakada-shi,,,,田染蕗,タシブフキ,Tashibufuki,,,,,,,,0,0,0,0,0,0,1,1,1947-04-17,,0,8790841,,,,,,,,,,,,,,,
442097,0040000,1,大分県,オオイタケン,Oita,,,,豊後高田市,ブンゴタカダシ,Bungotakada-shi,,,,田染真木,タシブマキ,Tashibumaki,,,,,,,,0,0,0,0,0,0,1,1,1947-04-17,,0,8790855,,,,,,,,,,,,,,,
442097,0041000,1,大分県,オオイタケン,Oita,,,,豊後高田市,ブンゴタカダシ,Bungotakada-shi,,,,田染真中,タシブマナカ,Tashibumanaka,,,,,,,,0,0,0,0,0,0,1,1,1947-04-17,,0,8790852,,,,,,,,,,,,,,,
442097,0042000,1,大分県,オオイタケン,Oita,,,,豊後高田市,ブンゴタカダシ,Bungotakada-shi,,,,田染横嶺,タシブヨコミネ,Tashibuyokomine,,,,,,,,0,0,0,0,0,0,1,1,1947-04-17,,0,8790851,,,,,,,,,,,,,,,
442097,0043000,1,大分県,オオイタケン,Oita,,,,豊後高田市,ブンゴタカダシ,Bungotakada-shi,,,,玉津,タマツ,Tamatsu,,,,,,,,0,0,0,0,0,0,1,1,1947-04-17,,0,8790606,,,,,,,,,,,,,,,
442097,0044000,1,大分県,オオイタケン,Oita,,,,豊後高田市,ブンゴタカダシ,Bungotakada-shi,,,,中央通,チュウオウドオリ,Chuodori,,,,,,,,0,0,0,0,0,0,1,1,1947-04-17,,0,8790618,,,,,,,,,,,,,,,
442097,0045000,1,大分県,オオイタケン,Oita,,,,豊後高田市,ブンゴタカダシ,Bungotakada-shi,,,,築地,ツイジ,Tsuiji,,,,,,,,0,0,0,0,0,0,1,1,1947-04-17,,0,8790734,,,,,,,,,,,,,,,
442097,0046000,1,大分県,オオイタケン,Oita,,,,豊後高田市,ブンゴタカダシ,Bungotakada-shi,,,,長岩屋,ナガイワヤ,Nagaiwaya,,,,,,,,0,0,0,0,0,0,1,1,1947-04-17,,0,8790731,,,,,,,,,,,,,,,
442097,0047000,1,大分県,オオイタケン,Oita,,,,豊後高田市,ブンゴタカダシ,Bungotakada-shi,,,,中真玉,ナカマタマ,Nakamatama,,,,,,,,0,0,0,0,0,0,1,1,1947-04-17,,0,8721101,,,,,,,,,,,,,,,
442097,0048000,1,大分県,オオイタケン,Oita,,,,豊後高田市,ブンゴタカダシ,Bungotakada-shi,,,,西真玉,ニシマタマ,Nishimatama,,,,,,,,0,0,0,0,0,0,1,1,1947-04-17,,0,8721105,,,,,,,,,,,,,,,
442097,0049000,1,大分県,オオイタケン,Oita,,,,豊後高田市,ブンゴタカダシ,Bungotakada-shi,,,,羽根,ハネ,Hane,,,,,,,,0,0,0,0,0,0,1,1,1947-04-17,,0,8721206,,,,,,,,,,,,,,,
442097,0050000,1,大分県,オオイタケン,Oita,,,,豊後高田市,ブンゴタカダシ,Bungotakada-shi,,,,浜町,ハママチ,Hamamachi,,,,,,,,0,0,0,0,0,0,1,1,1947-04-17,,0,8790619,,,,,,,,,,,,,,,
442097,0051000,1,大分県,オオイタケン,Oita,,,,豊後高田市,ブンゴタカダシ,Bungotakada-shi,,,,払田,ハライダ,Haraida,,,,,,,,0,0,0,0,0,0,1,1,1947-04-17,,0,8790602,,,,,,,,,,,,,,,
442097,0052000,1,大分県,オオイタケン,Oita,,,,豊後高田市,ブンゴタカダシ,Bungotakada-shi,,,,本町,ホンマチ,Hommachi,,,,,,,,0,0,0,0,0,0,1,1,1947-04-17,,0,8790624,,,,,,,,,,,,,,,
442097,0053000,1,大分県,オオイタケン,Oita,,,,豊後高田市,ブンゴタカダシ,Bungotakada-shi,,,,松行,マツユキ,Matsuyuki,,,,,,,,0,0,0,0,0,0,1,1,1947-04-17,,0,8790735,,,,,,,,,,,,,,,
442097,0054000,1,大分県,オオイタケン,Oita,,,,豊後高田市,ブンゴタカダシ,Bungotakada-shi,,,,水崎,ミズサキ,Mizusaki,,,,,,,,0,0,0,0,0,0,1,1,1947-04-17,,0,8790616,,,,,,,,,,,,,,,
442097,0055000,1,大分県,オオイタケン,Oita,,,,豊後高田市,ブンゴタカダシ,Bungotakada-shi,,,,水取,ミズトリ,Mizutori,,,,,,,,0,0,0,0,0,0,1,1,1947-04-17,,0,8790625,,,,,,,,,,,,,,,
442097,0056000,1,大分県,オオイタケン,Oita,,,,豊後高田市,ブンゴタカダシ,Bungotakada-shi,,,,見目,ミメ,Mime,,,,,,,,0,0,0,0,0,0,1,1,1947-04-17,,0,8721207,,,,,,,,,,,,,,,
442097,0062000,1,大分県,オオイタケン,Oita,,,,豊後高田市,ブンゴタカダシ,Bungotakada-shi,,,,城台,ジョウダイ,Jodai,,,,,,,,0,0,0,0,0,0,1,1,1947-04-17,,0,8790609,,,,,,,,,,,,,,,
442097,0063000,1,大分県,オオイタケン,Oita,,,,豊後高田市,ブンゴタカダシ,Bungotakada-shi,,,,森,モリ,Mori,,,,,,,,0,0,0,0,0,0,1,1,1947-04-17,,0,8790611,,,,,,,,,,,,,,,
442097,0064000,1,大分県,オオイタケン,Oita,,,,豊後高田市,ブンゴタカダシ,Bungotakada-shi,,,,美和,ミワ,Miwa,,,,,,,,0,0,0,0,0,0,1,1,1947-04-17,,0,8790604,,,,,,,,,,,,,,,
442097,0065000,1,大分県,オオイタケン,Oita,,,,豊後高田市,ブンゴタカダシ,Bungotakada-shi,,,,新城,シンジョウ,,,,,,,,,0,0,0,0,0,0,1,0,1947-04-17,,1,,,,,,,,,,,,,,,,
442097,0066000,1,大分県,オオイタケン,Oita,,,,豊後高田市,ブンゴタカダシ,Bungotakada-shi,,,,大岩屋,オオイワヤ,,,,,,,,,0,0,0,0,0,0,1,0,1947-04-17,,1,,,,,,,,,,,,,,,,
442097,0093000,1,大分県,オオイタケン,Oita,,,,豊後高田市,ブンゴタカダシ,Bungotakada-shi,,,,大平,オオヒラ,,,,,,,,,0,0,0,0,0,0,1,0,1947-04-17,,1,,,,,,,,,,,,,,,,
442097,0094000,1,大分県,オオイタケン,Oita,,,,豊後高田市,ブンゴタカダシ,Bungotakada-shi,,,,大力,ダイリキ,,,,,,,,,0,0,0,0,0,0,1,0,1947-04-17,,1,,,,,,,,,,,,,,,,
442097,0095000,1,大分県,オオイタケン,Oita,,,,豊後高田市,ブンゴタカダシ,Bungotakada-shi,,,,梅木,ウメノキ,,,,,,,,,0,0,0,0,0,0,1,0,1947-04-17,,1,,,,,,,,,,,,,,,,
442101,0001000,1,大分県,オオイタケン,Oita,,,,杵築市,キツキシ,Kitsuki-shi,,,,大字相原,オオアザアイワラ,Aiwara,,,,,,,,0,0,0,0,0,0,1,1,1947-04-17,,0,8730011,,,,,,,,,,,,,,,
442101,0002000,1,大分県,オオイタケン,Oita,,,,杵築市,キツキシ,Kitsuki-shi,,,,大字猪尾,オオアザイノオ,Ino,,,,,,,,0,0,0,0,0,0,1,1,1947-04-17,,0,8730005,,,,,,,,,,,,,,,
442101,0003000,1,大分県,オオイタケン,Oita,,,,杵築市,キツキシ,Kitsuki-shi,,,,大字岩谷,オオアザイワヤ,Iwaya,,,,,,,,0,0,0,0,0,0,1,1,1947-04-17,,0,8730021,,,,,,,,,,,,,,,
442101,0004000,1,大分県,オオイタケン,Oita,,,,杵築市,キツキシ,Kitsuki-shi,,,,大字大内,オオアザオオウチ,Ouchi,,,,,,,,0,0,0,0,0,0,1,1,1947-04-17,,0,8730006,,,,,,,,,,,,,,,
442101,0005000,1,大分県,オオイタケン,Oita,,,,杵築市,キツキシ,Kitsuki-shi,,,,大字大片平,オオアザオカタヒラ,Okatahira,,,,,,,,0,0,0,0,0,0,1,1,1947-04-17,,0,8730022,,,,,,,,,,,,,,,
442101,0006000,1,大分県,オオイタケン,Oita,,,,杵築市,キツキシ,Kitsuki-shi,,,,大字片野,オオアザカタノ,Katano,,,,,,,,0,0,0,0,0,0,1,1,1947-04-17,,0,8730007,,,,,,,,,,,,,,,
442101,0007000,1,大分県,オオイタケン,Oita,,,,杵築市,キツキシ,Kitsuki-shi,,,,大字鴨川,オオアザカモガワ,Kamogawa,,,,,,,,0,0,0,0,0,0,1,1,1947-04-17,,0,8730023,,,,,,,,,,,,,,,
442101,0008000,1,大分県,オオイタケン,Oita,,,,杵築市,キツキシ,Kitsuki-shi,,,,大字狩宿,オオアザカリシュク,Karishuku,,,,,,,,0,0,0,0,0,0,1,1,1947-04-17,,0,8730031,,,,,,,,,,,,,,,
442101,0009000,1,大分県,オオイタケン,Oita,,,,杵築市,キツキシ,Kitsuki-shi,,,,大字杵築,オオアザキツキ,Kitsuki,,,,,,,,0,0,0,0,0,0,1,1,1947-04-17,,0,8730001,,,,,,,,,,,,,,,
442101,0010000,1,大分県,オオイタケン,Oita,,,,杵築市,キツキシ,Kitsuki-shi,,,,大字熊野,オオアザクマノ,Kumano,,,,,,,,0,0,0,0,0,0,1,1,1947-04-17,,0,8730008,,,,,,,,,,,,,,,
442101,0011000,1,大分県,オオイタケン,Oita,,,,杵築市,キツキシ,Kitsuki-shi,,,,大字中,オオアザナカ,Naka,,,,,,,,0,0,0,0,0,0,1,1,1947-04-17,,0,8730012,,,,,,,,,,,,,,,
442101,0012000,1,大分県,オオイタケン,Oita,,,,杵築市,キツキシ,Kitsuki-shi,,,,大字奈多,オオアザナダ,Nada,,,,,,,,0,0,0,0,0,0,1,1,1947-04-17,,0,8730032,,,,,,,,,,,,,,,
442101,0013000,1,大分県,オオイタケン,Oita,,,,杵築市,キツキシ,Kitsuki-shi,,,,大字馬場尾,オオアザババオ,Babao,,,,,,,,0,0,0,0,0,0,1,1,1947-04-17,,0,8730003,,,,,,,,,,,,,,,
442101,0014000,1,大分県,オオイタケン,Oita,,,,杵築市,キツキシ,Kitsuki-shi,,,,大字日野,オオアザヒノ,Hino,,,,,,,,0,0,0,0,0,0,1,1,1947-04-17,,0,8730013,,,,,,,,,,,,,,,
442101,0015000,1,大分県,オオイタケン,Oita,,,,杵築市,キツキシ,Kitsuki-shi,,,,大字船部,オオアザフナベ,Funabe,,,,,,,,0,0,0,0,0,0,1,1,1947-04-17,,0,8730024,,,,,,,,,,,,,,,
442101,0016000,1,大分県,オオイタケン,Oita,,,,杵築市,キツキシ,Kitsuki-shi,,,,大字本庄,オオアザホンジョウ,Honjo,,,,,,,,0,0,0,0,0,0,1,1,1947-04-17,,0,8730014,,,,,,,,,,,,,,,
442101,0017000,1,大分県,オオイタケン,Oita,,,,杵築市,キツキシ,Kitsuki-shi,,,,大字溝井,オオアザミゾイ,Mizoi,,,,,,,,0,0,0,0,0,0,1,1,1947-04-17,,0,8730025,,,,,,,,,,,,,,,
442101,0018000,1,大分県,オオイタケン,Oita,,,,杵築市,キツキシ,Kitsuki-shi,,,,大字南杵築,オオアザミナミキツキ,Minamikitsuki,,,,,,,,0,0,0,0,0,0,1,1,1947-04-17,,0,8730002,,,,,,,,,,,,,,,
442101,0019000,1,大分県,オオイタケン,Oita,,,,杵築市,キツキシ,Kitsuki-shi,,,,大字宮司,オオアザミヤジ,Miyaji,,,,,,,,0,0,0,0,0,0,1,1,1947-04-17,,0,8730004,,,,,,,,,,,,,,,
442101,0020000,1,大分県,オオイタケン,Oita,,,,杵築市,キツキシ,Kitsuki-shi,,,,大字守江,オオアザモリエ,Morie,,,,,,,,0,0,0,0,0,0,1,1,1947-04-17,,0,8730033,,,,,,,,,,,,,,,
442101,0021000,1,大分県,オオイタケン,Oita,,,,杵築市,キツキシ,Kitsuki-shi,,,,大字八坂,オオアザヤサカ,Yasaka,,,,,,,,0,0,0,0,0,0,1,1,1947-04-17,,0,8730015,,,,,,,,,,,,,,,
442101,0022000,1,大分県,オオイタケン,Oita,,,,杵築市,キツキシ,Kitsuki-shi,,,,大字横城,オオアザヨコギ,Yokogi,,,,,,,,0,0,0,0,0,0,1,1,1947-04-17,,0,8730034,,,,,,,,,,,,,,,
442101,0023000,1,大分県,オオイタケン,Oita,,,,杵築市,キツキシ,Kitsuki-shi,,,,大田石丸,オオタイシマル,Ota Ishimaru,,,,,,,,0,0,0,0,0,0,1,1,1947-04-17,,0,8790901,,,,,,,,,,,,,,,
442101,0024000,1,大分県,オオイタケン,Oita,,,,杵築市,キツキシ,Kitsuki-shi,,,,大田小野,オオタオノ,Ota Ono,,,,,,,,0,0,0,0,0,0,1,1,1947-04-17,,0,8790904,,,,,,,,,,,,,,,
442101,0025000,1,大分県,オオイタケン,Oita,,,,杵築市,キツキシ,Kitsuki-shi,,,,大田沓掛,オオタクツカケ,Ota Kutsukake,,,,,,,,0,0,0,0,0,0,1,1,1947-04-17,,0,8790902,,,,,,,,,,,,,,,
442101,0026000,1,大分県,オオイタケン,Oita,,,,杵築市,キツキシ,Kitsuki-shi,,,,大田白木原,オオタシラキワラ,Ota Shirakihara,,,,,,,,0,0,0,0,0,0,1,1,1947-04-17,,0,8790912,,,,,,,,,,,,,,,
442101,0027000,1,大分県,オオイタケン,Oita,,,,杵築市,キツキシ,Kitsuki-shi,,,,大田永松,オオタナガマツ,Ota Nagamatsu,,,,,,,,0,0,0,0,0,0,1,1,1947-04-17,,0,8790903,,,,,,,,,,,,,,,
442101,0028000,1,大分県,オオイタケン,Oita,,,,杵築市,キツキシ,Kitsuki-shi,,,,大田波多方,オオタハダカタ,Ota Hadakata,,,,,,,,0,0,0,0,0,0,1,1,1947-04-17,,0,8790911,,,,,,,,,,,,,,,
442101,0029000,1,大分県,オオイタケン,Oita,,,,杵築市,キツキシ,Kitsuki-shi,,,,大田俣水,オオタマタミズ,,,,,,,,,0,0,0,0,0,0,1,1,1947-04-17,,0,,,,,,,,,,,,,,,,
442101,0030000,1,大分県,オオイタケン,Oita,,,,杵築市,キツキシ,Kitsuki-shi,,,,山香町大字内河野,ヤマガマチオオアザウチガワノ,,,,,,,,,0,0,0,0,0,0,1,1,1947-04-17,,0,,,,,,,,,,,,,,,,
442101,0031000,1,大分県,オオイタケン,Oita,,,,杵築市,キツキシ,Kitsuki-shi,,,,山香町大字小武,ヤマガマチオオアザオダケ,,,,,,,,,0,0,0,0,0,0,1,1,1947-04-17,,0,,,,,,,,,,,,,,,,
442101,0032000,1,大分県,オオイタケン,Oita,,,,杵築市,キツキシ,Kitsuki-shi,,,,山香町大字久木野尾,ヤマガマチオオアザクギノオ,,,,,,,,,0,0,0,0,0,0,1,1,1947-04-17,,0,,,,,,,,,,,,,,,,
442101,0033000,1,大分県,オオイタケン,Oita,,,,杵築市,キツキシ,Kitsuki-shi,,,,山香町大字倉成,ヤマガマチオオアザクラナリ,,,,,,,,,0,0,0,0,0,0,1,1,1947-04-17,,0,,,,,,,,,,,,,,,,
442101,0034000,1,大分県,オオイタケン,Oita,,,,杵築市,キツキシ,Kitsuki-shi,,,,山香町大字下,ヤマガマチオオアザシモ,,,,,,,,,0,0,0,0,0,0,1,1,1947-04-17,,0,,,,,,,,,,,,,,,,
442101,0035000,1,大分県,オオイタケン,Oita,,,,杵築市,キツキシ,Kitsuki-shi,,,,山香町大字立石,ヤマガマチオオアザタテイシ,,,,,,,,,0,0,0,0,0,0,1,1,1947-04-17,,0,,,,,,,,,,,,,,,,
442101,0036000,1,大分県,オオイタケン,Oita,,,,杵築市,キツキシ,Kitsuki-shi,,,,山香町大字野原,ヤマガマチオオアザノハル,,,,,,,,,0,0,0,0,0,0,1,1,1947-04-17,,0,,,,,,,,,,,,,,,,
442101,0037000,1,大分県,オオイタケン,Oita,,,,杵築市,キツキシ,Kitsuki-shi,,,,山香町大字日指,ヤマガマチオオアザヒサシ,,,,,,,,,0,0,0,0,0,0,1,1,1947-04-17,,0,,,,,,,,,,,,,,,,
442101,0038000,1,大分県,オオイタケン,Oita,,,,杵築市,キツキシ,Kitsuki-shi,,,,山香町大字広瀬,ヤマガマチオオアザヒロセ,,,,,,,,,0,0,0,0,0,0,1,1,1947-04-17,,0,,,,,,,,,,,,,,,,
442101,0039000,1,大分県,オオイタケン,Oita,,,,杵築市,キツキシ,Kitsuki-shi,,,,山香町大字南畑,ヤマガマチオオアザミナミハタ,,,,,,,,,0,0,0,0,0,0,1,1,1947-04-17,,0,,,,,,,,,,,,,,,,
442101,0040000,1,大分県,オオイタケン,Oita,,,,杵築市,キツキシ,Kitsuki-shi,,,,山香町大字向野,ヤマガマチオオアザムクノ,,,,,,,,,0,0,0,0,0,0,1,1,1947-04-17,,0,,,,,,,,,,,,,,,,
442101,0041000,1,大分県,オオイタケン,Oita,,,,杵築市,キツキシ,Kitsuki-shi,,,,山香町大字山浦,ヤマガマチオオアザヤマウラ,,,,,,,,,0,0,0,0,0,0,1,1,1947-04-17,,0,,,,,,,,,,,,,,,,
442101,0042000,1,大分県,オオイタケン,Oita,,,,杵築市,キツキシ,Kitsuki-shi,,,,山香町大字吉野渡,ヤマガマチオオアザヨシノワタリ,,,,,,,,,0,0,0,0,0,0,1,1,1947-04-17,,0,,,,,,,,,,,,,,,,
442119,0001000,1,大分県,オオイタケン,Oita,,,,宇佐市,ウサシ,Usa-shi,,,,安心院町板場,アジムマチイタバ,Ajimumachi Itaba,,,,,,,,0,0,0,0,0,0,1,1,1947-04-17,,0,8720732,,,,,,,,,,,,,,,
442119,0002000,1,大分県,オオイタケン,Oita,,,,宇佐市,ウサシ,Usa-shi,,,,安心院町今井,アジムマチイマイ,Ajimumachi Imai,,,,,,,,0,0,0,0,0,0,1,1,1947-04-17,,0,8720518,,,,,,,,,,,,,,,
442119,0003000,1,大分県,オオイタケン,Oita,,,,宇佐市,ウサシ,Usa-shi,,,,安心院町筌ノ口,アジムマチウケノクチ,Ajimumachi Ukenokuchi,,,,,,,,0,0,0,0,0,0,1,1,1947-04-17,,0,8720843,,,,,,,,,,,,,,,
442119,0004000,1,大分県,オオイタケン,Oita,,,,宇佐市,ウサシ,Usa-shi,,,,安心院町内川野,アジムマチウチガワノ,Ajimumachi Uchigawano,,,,,,,,0,0,0,0,0,0,1,1,1947-04-17,,0,8720654,,,,,,,,,,,,,,,
442119,0005000,1,大分県,オオイタケン,Oita,,,,宇佐市,ウサシ,Usa-shi,,,,安心院町有徳原,アジムマチウツトクバル,Ajimumachi Uttokubaru,,,,,,,,0,0,0,0,0,0,1,1,1947-04-17,,0,8720510,,,,,,,,,,,,,,,
442119,0006000,1,大分県,オオイタケン,Oita,,,,宇佐市,ウサシ,Usa-shi,,,,安心院町大見尾,アジムマチオオミオ,Ajimumachi Omio,,,,,,,,0,0,0,0,0,0,1,1,1947-04-17,,0,8720663,,,,,,,,,,,,,,,
442119,0007000,1,大分県,オオイタケン,Oita,,,,宇佐市,ウサシ,Usa-shi,,,,安心院町折敷田,アジムマチオシキダ,Ajimumachi Oshikida,,,,,,,,0,0,0,0,0,0,1,1,1947-04-17,,0,8720522,,,,,,,,,,,,,,,
442119,0008000,1,大分県,オオイタケン,Oita,,,,宇佐市,ウサシ,Usa-shi,,,,安心院町尾立,アジムマチオダテ,Ajimumachi Odate,,,,,,,,0,0,0,0,0,0,1,1,1947-04-17,,0,8720703,,,,,,,,,,,,,,,
442119,0009000,1,大分県,オオイタケン,Oita,,,,宇佐市,ウサシ,Usa-shi,,,,安心院町且尾,アジムマチカツオ,Ajimumachi Katsuo,,,,,,,,0,0,0,0,0,0,1,1,1947-04-17,,0,8720671,,,,,,,,,,,,,,,
442119,0010000,1,大分県,オオイタケン,Oita,,,,宇佐市,ウサシ,Usa-shi,,,,安心院町上市,アジムマチカミイチ,Ajimumachi Kamiichi,,,,,,,,0,0,0,0,0,0,1,1,1947-04-17,,0,8720511,,,,,,,,,,,,,,,
442119,0011000,1,大分県,オオイタケン,Oita,,,,宇佐市,ウサシ,Usa-shi,,,,安心院町上内河野,アジムマチカミウチガワノ,Ajimumachi Kamiuchigawano,,,,,,,,0,0,0,0,0,0,1,1,1947-04-17,,0,8720852,,,,,,,,,,,,,,,
442119,0012000,1,大分県,オオイタケン,Oita,,,,宇佐市,ウサシ,Usa-shi,,,,安心院町萱籠,アジムマチカヤゴモリ,Ajimumachi Kayagomori,,,,,,,,0,0,0,0,0,0,1,1,1947-04-17,,0,8720723,,,,,,,,,,,,,,,
442119,0013000,1,大分県,オオイタケン,Oita,,,,宇佐市,ウサシ,Usa-shi,,,,安心院町川崎,アジムマチカワサキ,Ajimumachi Kawasaki,,,,,,,,0,0,0,0,0,0,1,1,1947-04-17,,0,8720731,,,,,,,,,,,,,,,
442119,0014000,1,大分県,オオイタケン,Oita,,,,宇佐市,ウサシ,Usa-shi,,,,安心院町川底,アジムマチカワソコ,Ajimumachi Kawasoko,,,,,,,,0,0,0,0,0,0,1,1,1947-04-17,,0,8720862,,,,,,,,,,,,,,,
442119,0015000,1,大分県,オオイタケン,Oita,,,,宇佐市,ウサシ,Usa-shi,,,,安心院町木裳,アジムマチキノモ,Ajimumachi Kinomo,,,,,,,,0,0,0,0,0,0,1,1,1947-04-17,,0,8720507,,,,,,,,,,,,,,,
442119,0016000,1,大分県,オオイタケン,Oita,,,,宇佐市,ウサシ,Usa-shi,,,,安心院町久井田,アジムマチクイダ,Ajimumachi Kuida,,,,,,,,0,0,0,0,0,0,1,1,1947-04-17,,0,8720674,,,,,,,,,,,,,,,
442119,0017000,1,大分県,オオイタケン,Oita,,,,宇佐市,ウサシ,Usa-shi,,,,安心院町口ノ坪,アジムマチクチノツボ,Ajimumachi Kuchinotsubo,,,,,,,,0,0,0,0,0,0,1,1,1947-04-17,,0,8720673,,,,,,,,,,,,,,,
442119,0018000,1,大分県,オオイタケン,Oita,,,,宇佐市,ウサシ,Usa-shi,,,,安心院町熊,アジムマチクマ,Ajimumachi Kuma,,,,,,,,0,0,0,0,0,0,1,1,1947-04-17,,0,8720541,,,,,,,,,,,,,,,
442119,0019000,1,大分県,オオイタケン,Oita,,,,宇佐市,ウサシ,Usa-shi,,,,安心院町五郎丸,アジムマチゴロウマル,Ajimumachi Goromaru,,,,,,,,0,0,0,0,0,0,1,1,1947-04-17,,0,8720712,,,,,,,,,,,,,,,
442119,0020000,1,大分県,オオイタケン,Oita,,,,宇佐市,ウサシ,Usa-shi,,,,安心院町境ノ坪,アジムマチサカイノツボ,Ajimumachi Sakainotsubo,,,,,,,,0,0,0,0,0,0,1,1,1947-04-17,,0,8720861,,,,,,,,,,,,,,,
442119,0021000,1,大分県,オオイタケン,Oita,,,,宇佐市,ウサシ,Usa-shi,,,,安心院町笹ケ平,アジムマチササガヒラ,Ajimumachi Sasagahira,,,,,,,,0,0,0,0,0,0,1,1,1947-04-17,,0,8720661,,,,,,,,,,,,,,,
442119,0022000,1,大分県,オオイタケン,Oita,,,,宇佐市,ウサシ,Usa-shi,,,,安心院町佐田,アジムマチサダ,Ajimumachi Sada,,,,,,,,0,0,0,0,0,0,1,1,1947-04-17,,0,8720651,,,,,,,,,,,,,,,
442119,0023000,1,大分県,オオイタケン,Oita,,,,宇佐市,ウサシ,Usa-shi,,,,安心院町下内河野,アジムマチシモウチガワノ,Ajimumachi Shimochigawano,,,,,,,,0,0,0,0,0,0,1,1,1947-04-17,,0,8720842,,,,,,,,,,,,,,,
442119,0024000,1,大分県,オオイタケン,Oita,,,,宇佐市,ウサシ,Usa-shi,,,,安心院町下毛,アジムマチシモゲ,Ajimumachi Shimoge,,,,,,,,0,0,0,0,0,0,1,1,1947-04-17,,0,8720521,,,,,,,,,,,,,,,
442119,0025000,1,大分県,オオイタケン,Oita,,,,宇佐市,ウサシ,Usa-shi,,,,安心院町荘,アジムマチショウ,Ajimumachi Sho,,,,,,,,0,0,0,0,0,0,1,1,1947-04-17,,0,8720504,,,,,,,,,,,,,,,
442119,0026000,1,大分県,オオイタケン,Oita,,,,宇佐市,ウサシ,Usa-shi,,,,安心院町正覚寺,アジムマチショウカクジ,Ajimumachi Shogakuji,,,,,,,,0,0,0,0,0,0,1,1,1947-04-17,,0,8720542,,,,,,,,,,,,,,,
442119,0027000,1,大分県,オオイタケン,Oita,,,,宇佐市,ウサシ,Usa-shi,,,,安心院町新貝,アジムマチシンガイ,Ajimumachi Shingai,,,,,,,,0,0,0,0,0,0,1,1,1947-04-17,,0,8720873,,,,,,,,,,,,,,,
442119,0028000,1,大分県,オオイタケン,Oita,,,,宇佐市,ウサシ,Usa-shi,,,,安心院町寒水,アジムマチソウズ,Ajimumachi Sozu,,,,,,,,0,0,0,0,0,0,1,1,1947-04-17,,0,8720854,,,,,,,,,,,,,,,
442119,0029000,1,大分県,オオイタケン,Oita,,,,宇佐市,ウサシ,Usa-shi,,,,安心院町村部,アジムマチソベ,Ajimumachi Sobe,,,,,,,,0,0,0,0,0,0,1,1,1947-04-17,,0,8720863,,,,,,,,,,,,,,,
442119,0030000,1,大分県,オオイタケン,Oita,,,,宇佐市,ウサシ,Usa-shi,,,,安心院町大,アジムマチダイ,Ajimumachi Dai,,,,,,,,0,0,0,0,0,0,1,1,1947-04-17,,0,8720517,,,,,,,,,,,,,,,
442119,0031000,1,大分県,オオイタケン,Oita,,,,宇佐市,ウサシ,Usa-shi,,,,安心院町大佛,アジムマチダイブツ,Ajimumachi Daibutsu,,,,,,,,0,0,0,0,0,0,1,1,1947-04-17,,0,8720523,,,,,,,,,,,,,,,
442119,0032000,1,大分県,オオイタケン,Oita,,,,宇佐市,ウサシ,Usa-shi,,,,安心院町畳石,アジムマチタタミイシ,Ajimumachi Tatamiishi,,,,,,,,0,0,0,0,0,0,1,1,1947-04-17,,0,8720857,,,,,,,,,,,,,,,
442119,0033000,1,大分県,オオイタケン,Oita,,,,宇佐市,ウサシ,Usa-shi,,,,安心院町田ノ口,アジムマチタノクチ,Ajimumachi Tanokuchi,,,,,,,,0,0,0,0,0,0,1,1,1947-04-17,,0,8720526,,,,,,,,,,,,,,,
442119,0034000,1,大分県,オオイタケン,Oita,,,,宇佐市,ウサシ,Usa-shi,,,,安心院町辻,アジムマチツジ,Ajimumachi Tsuji,,,,,,,,0,0,0,0,0,0,1,1,1947-04-17,,0,8720527,,,,,,,,,,,,,,,
442119,0035000,1,大分県,オオイタケン,Oita,,,,宇佐市,ウサシ,Usa-shi,,,,安心院町恒松,アジムマチツネマツ,Ajimumachi Tsunematsu,,,,,,,,0,0,0,0,0,0,1,1,1947-04-17,,0,8720524,,,,,,,,,,,,,,,
442119,0036000,1,大分県,オオイタケン,Oita,,,,宇佐市,ウサシ,Usa-shi,,,,安心院町妻垣,アジムマチツマガケ,Ajimumachi Tsumagake,,,,,,,,0,0,0,0,0,0,1,1,1947-04-17,,0,8720506,,,,,,,,,,,,,,,
442119,0037000,1,大分県,オオイタケン,Oita,,,,宇佐市,ウサシ,Usa-shi,,,,安心院町塔尾,アジムマチトウノオ,Ajimumachi Tono,,,,,,,,0,0,0,0,0,0,1,1,1947-04-17,,0,8720664,,,,,,,,,,,,,,,
442119,0038000,1,大分県,オオイタケン,Oita,,,,宇佐市,ウサシ,Usa-shi,,,,安心院町戸方,アジムマチトカタ,Ajimumachi Tokata,,,,,,,,0,0,0,0,0,0,1,1,1947-04-17,,0,8720505,,,,,,,,,,,,,,,
442119,0039000,1,大分県,オオイタケン,Oita,,,,宇佐市,ウサシ,Usa-shi,,,,安心院町鳥越,アジムマチトリゴエ,Ajimumachi Torigoe,,,,,,,,0,0,0,0,0,0,1,1,1947-04-17,,0,8720514,,,,,,,,,,,,,,,
442119,0040000,1,大分県,オオイタケン,Oita,,,,宇佐市,ウサシ,Usa-shi,,,,安心院町中山,アジムマチナカヤマ,Ajimumachi Nakayama,,,,,,,,0,0,0,0,0,0,1,1,1947-04-17,,0,8720525,,,,,,,,,,,,,,,
442119,0041000,1,大分県,オオイタケン,Oita,,,,宇佐市,ウサシ,Usa-shi,,,,安心院町楢本,アジムマチナラモト,Ajimumachi Naramoto,,,,,,,,0,0,0,0,0,0,1,1,1947-04-17,,0,8720701,,,,,,,,,,,,,,,
442119,0042000,1,大分県,オオイタケン,Oita,,,,宇佐市,ウサシ,Usa-shi,,,,安心院町新原,アジムマチニイバル,Ajimumachi Niibaru,,,,,,,,0,0,0,0,0,0,1,1,1947-04-17,,0,8720503,,,,,,,,,,,,,,,
442119,0043000,1,大分県,オオイタケン,Oita,,,,宇佐市,ウサシ,Usa-shi,,,,安心院町西衲,アジムマチニシノト,Ajimumachi Nishinoto,,,,,,,,0,0,0,0,0,0,1,1,1947-04-17,,0,8720519,,,,,,,,,,,,,,,
442119,0044000,1,大分県,オオイタケン,Oita,,,,宇佐市,ウサシ,Usa-shi,,,,安心院町野山,アジムマチノヤマ,Ajimumachi Noyama,,,,,,,,0,0,0,0,0,0,1,1,1947-04-17,,0,8720515,,,,,,,,,,,,,,,
442119,0045000,1,大分県,オオイタケン,Oita,,,,宇佐市,ウサシ,Usa-shi,,,,安心院町原,アジムマチハル,Ajimumachi Haru,,,,,,,,0,0,0,0,0,0,1,1,1947-04-17,,0,8720501,,,,,,,,,,,,,,,
442119,0046000,1,大分県,オオイタケン,Oita,,,,宇佐市,ウサシ,Usa-shi,,,,安心院町番木,アジムマチバンギ,Ajimumachi Bangi,,,,,,,,0,0,0,0,0,0,1,1,1947-04-17,,0,8720864,,,,,,,,,,,,,,,
442119,0047000,1,大分県,オオイタケン,Oita,,,,宇佐市,ウサシ,Usa-shi,,,,安心院町飯田,アジムマチハンダ,Ajimumachi Handa,,,,,,,,0,0,0,0,0,0,1,1,1947-04-17,,0,8720502,,,,,,,,,,,,,,,
442119,0048000,1,大分県,オオイタケン,Oita,,,,宇佐市,ウサシ,Usa-shi,,,,安心院町東恵良,アジムマチヒガシエラ,Ajimumachi Higashiera,,,,,,,,0,0,0,0,0,0,1,1,1947-04-17,,0,8720702,,,,,,,,,,,,,,,
442119,0049000,1,大分県,オオイタケン,Oita,,,,宇佐市,ウサシ,Usa-shi,,,,安心院町東椎屋,アジムマチヒガシシイヤ,Ajimumachi Higashishiiya,,,,,,,,0,0,0,0,0,0,1,1,1947-04-17,,0,8720724,,,,,,,,,,,,,,,
442119,0050000,1,大分県,オオイタケン,Oita,,,,宇佐市,ウサシ,Usa-shi,,,,安心院町平ケ倉,アジムマチヒラガクラ,Ajimumachi Hiragakura,,,,,,,,0,0,0,0,0,0,1,1,1947-04-17,,0,8720543,,,,,,,,,,,,,,,
442119,0051000,1,大分県,オオイタケン,Oita,,,,宇佐市,ウサシ,Usa-shi,,,,安心院町平山,アジムマチヒラヤマ,Ajimumachi Hirayama,,,,,,,,0,0,0,0,0,0,1,1,1947-04-17,,0,8720871,,,,,,,,,,,,,,,
442119,0052000,1,大分県,オオイタケン,Oita,,,,宇佐市,ウサシ,Usa-shi,,,,安心院町廣谷,アジムマチヒロタニ,Ajimumachi Hirotani,,,,,,,,0,0,0,0,0,0,1,1,1947-04-17,,0,8720672,,,,,,,,,,,,,,,
442119,0053000,1,大分県,オオイタケン,Oita,,,,宇佐市,ウサシ,Usa-shi,,,,安心院町廣連,アジムマチヒロツレ,Ajimumachi Hirotsure,,,,,,,,0,0,0,0,0,0,1,1,1947-04-17,,0,8720851,,,,,,,,,,,,,,,
442119,0054000,1,大分県,オオイタケン,Oita,,,,宇佐市,ウサシ,Usa-shi,,,,安心院町福貴野,アジムマチフキノ,Ajimumachi Fukino,,,,,,,,0,0,0,0,0,0,1,1,1947-04-17,,0,8720855,,,,,,,,,,,,,,,
442119,0055000,1,大分県,オオイタケン,Oita,,,,宇佐市,ウサシ,Usa-shi,,,,安心院町舟板,アジムマチフナイタ,Ajimumachi Funaita,,,,,,,,0,0,0,0,0,0,1,1,1947-04-17,,0,8720872,,,,,,,,,,,,,,,
442119,0056000,1,大分県,オオイタケン,Oita,,,,宇佐市,ウサシ,Usa-shi,,,,安心院町古市,アジムマチフルイチ,Ajimumachi Furuichi,,,,,,,,0,0,0,0,0,0,1,1,1947-04-17,,0,8720512,,,,,,,,,,,,,,,
442119,0057000,1,大分県,オオイタケン,Oita,,,,宇佐市,ウサシ,Usa-shi,,,,安心院町古川,アジムマチフルカワ,Ajimumachi Furukawa,,,,,,,,0,0,0,0,0,0,1,1,1947-04-17,,0,8720655,,,,,,,,,,,,,,,
442119,0058000,1,大分県,オオイタケン,Oita,,,,宇佐市,ウサシ,Usa-shi,,,,安心院町房ケ畑,アジムマチボウガハタ,Ajimumachi Bogahata,,,,,,,,0,0,0,0,0,0,1,1,1947-04-17,,0,8720653,,,,,,,,,,,,,,,
442119,0059000,1,大分県,オオイタケン,Oita,,,,宇佐市,ウサシ,Usa-shi,,,,安心院町佛木,アジムマチホトギ,Ajimumachi Hotogi,,,,,,,,0,0,0,0,0,0,1,1,1947-04-17,,0,8720865,,,,,,,,,,,,,,,
442119,0060000,1,大分県,オオイタケン,Oita,,,,宇佐市,ウサシ,Usa-shi,,,,安心院町松本,アジムマチマツモト,Ajimumachi Matsumoto,,,,,,,,0,0,0,0,0,0,1,1,1947-04-17,,0,8720733,,,,,,,,,,,,,,,
442119,0061000,1,大分県,オオイタケン,Oita,,,,宇佐市,ウサシ,Usa-shi,,,,安心院町水車,アジムマチミズクルマ,Ajimumachi Mizukuruma,,,,,,,,0,0,0,0,0,0,1,1,1947-04-17,,0,8720858,,,,,,,,,,,,,,,
442119,0062000,1,大分県,オオイタケン,Oita,,,,宇佐市,ウサシ,Usa-shi,,,,安心院町南畑,アジムマチミナミハタ,Ajimumachi Minamihata,,,,,,,,0,0,0,0,0,0,1,1,1947-04-17,,0,8720722,,,,,,,,,,,,,,,
442119,0063000,1,大分県,オオイタケン,Oita,,,,宇佐市,ウサシ,Usa-shi,,,,安心院町元,アジムマチモト,Ajimumachi Moto,,,,,,,,0,0,0,0,0,0,1,1,1947-04-17,,0,8720853,,,,,,,,,,,,,,,
442119,0064000,1,大分県,オオイタケン,Oita,,,,宇佐市,ウサシ,Usa-shi,,,,安心院町森,アジムマチモリ,Ajimumachi Mori,,,,,,,,0,0,0,0,0,0,1,1,1947-04-17,,0,8720516,,,,,,,,,,,,,,,
442119,0065000,1,大分県,オオイタケン,Oita,,,,宇佐市,ウサシ,Usa-shi,,,,安心院町矢崎,アジムマチヤザキ,Ajimumachi Yazaki,,,,,,,,0,0,0,0,0,0,1,1,1947-04-17,,0,8720675,,,,,,,,,,,,,,,
442119,0066000,1,大分県,オオイタケン,Oita,,,,宇佐市,ウサシ,Usa-shi,,,,安心院町矢津,アジムマチヤヅ,Ajimumachi Yazu,,,,,,,,0,0,0,0,0,0,1,1,1947-04-17,,0,8720662,,,,,,,,,,,,,,,
442119,0067000,1,大分県,オオイタケン,Oita,,,,宇佐市,ウサシ,Usa-shi,,,,安心院町矢畑,アジムマチヤハタ,Ajimumachi Yahata,,,,,,,,0,0,0,0,0,0,1,1,1947-04-17,,0,8720841,,,,,,,,,,,,,,,
442119,0068000,1,大分県,オオイタケン,Oita,,,,宇佐市,ウサシ,Usa-shi,,,,安心院町山蔵,アジムマチヤマゾウ,Ajimumachi Yamazo,,,,,,,,0,0,0,0,0,0,1,1,1947-04-17,,0,8720652,,,,,,,,,,,,,,,
442119,0069000,1,大分県,オオイタケン,Oita,,,,宇佐市,ウサシ,Usa-shi,,,,安心院町山ノ口,アジムマチヤマノクチ,Ajimumachi Yamanokuchi,,,,,,,,0,0,0,0,0,0,1,1,1947-04-17,,0,8720856,,,,,,,,,,,,,,,
442119,0070000,1,大分県,オオイタケン,Oita,,,,宇佐市,ウサシ,Usa-shi,,,,安心院町龍王,アジムマチリュウオウ,Ajimumachi Ryuo,,,,,,,,0,0,0,0,0,0,1,1,1947-04-17,,0,8720513,,,,,,,,,,,,,,,
442119,0071000,1,大分県,オオイタケン,Oita,,,,宇佐市,ウサシ,Usa-shi,,,,安心院町六郎丸,アジムマチロクロウマル,Ajimumachi Rokuromaru,,,,,,,,0,0,0,0,0,0,1,1,1947-04-17,,0,8720711,,,,,,,,,,,,,,,
442119,0072000,1,大分県,オオイタケン,Oita,,,,宇佐市,ウサシ,Usa-shi,,,,安心院町若林,アジムマチワカバヤシ,Ajimumachi Wakabayashi,,,,,,,,0,0,0,0,0,0,1,1,1947-04-17,,0,8720721,,,,,,,,,,,,,,,
442119,0073000,1,大分県,オオイタケン,Oita,,,,宇佐市,ウサシ,Usa-shi,,,,院内町大副,インナイマチオオソイ,Innaimachi Osoi,,,,,,,,0,0,0,0,0,0,1,1,1947-04-17,,0,8720331,,,,,,,,,,,,,,,
442119,0074000,1,大分県,オオイタケン,Oita,,,,宇佐市,ウサシ,Usa-shi,,,,院内町大坪,インナイマチオオツボ,Innaimachi Otsubo,,,,,,,,0,0,0,0,0,0,1,1,1947-04-17,,0,8720458,,,,,,,,,,,,,,,
442119,0075000,1,大分県,オオイタケン,Oita,,,,宇佐市,ウサシ,Usa-shi,,,,院内町岡,インナイマチオカ,Innaimachi Oka,,,,,,,,0,0,0,0,0,0,1,1,1947-04-17,,0,8720457,,,,,,,,,,,,,,,
442119,0076000,1,大分県,オオイタケン,Oita,,,,宇佐市,ウサシ,Usa-shi,,,,院内町沖,インナイマチオキ,Innaimachi Oki,,,,,,,,0,0,0,0,0,0,1,1,1947-04-17,,0,8720314,,,,,,,,,,,,,,,
442119,0077000,1,大分県,オオイタケン,Oita,,,,宇佐市,ウサシ,Usa-shi,,,,院内町荻迫,インナイマチオギサコ,Innaimachi Ogisako,,,,,,,,0,0,0,0,0,0,1,1,1947-04-17,,0,8720482,,,,,,,,,,,,,,,
442119,0078000,1,大分県,オオイタケン,Oita,,,,宇佐市,ウサシ,Usa-shi,,,,院内町小坂,インナイマチオサカ,Innaimachi Osaka,,,,,,,,0,0,0,0,0,0,1,1,1947-04-17,,0,8720316,,,,,,,,,,,,,,,
442119,0079000,1,大分県,オオイタケン,Oita,,,,宇佐市,ウサシ,Usa-shi,,,,院内町落狩倉,オチカグラ,Innaimachi Ochikakura,,,,,,,,0,0,0,0,0,0,1,1,1947-04-17,,0,8720334,,,,,,,,,,,,,,,
442119,0080000,1,大分県,オオイタケン,Oita,,,,宇佐市,ウサシ,Usa-shi,,,,院内町小野川内,インナイマチオノガワチ,Innaimachi Onogochi,,,,,,,,0,0,0,0,0,0,1,1,1947-04-17,,0,8720324,,,,,,,,,,,,,,,
442119,0081000,1,大分県,オオイタケン,Oita,,,,宇佐市,ウサシ,Usa-shi,,,,院内町景平,インナイマチカゲヒラ,Innaimachi Kagehera,,,,,,,,0,0,0,0,0,0,1,1,1947-04-17,,0,8720342,,,,,,,,,,,,,,,
442119,0082000,1,大分県,オオイタケン,Oita,,,,宇佐市,ウサシ,Usa-shi,,,,院内町上余,インナイマチカミアマリ,Innaimachi Kamiamari,,,,,,,,0,0,0,0,0,0,1,1,1947-04-17,,0,8720459,,,,,,,,,,,,,,,
442119,0083000,1,大分県,オオイタケン,Oita,,,,宇佐市,ウサシ,Usa-shi,,,,院内町上恵良,インナイマチカミエラ,Innaimachi Kamiera,,,,,,,,0,0,0,0,0,0,1,1,1947-04-17,,0,8720484,,,,,,,,,,,,,,,
442119,0084000,1,大分県,オオイタケン,Oita,,,,宇佐市,ウサシ,Usa-shi,,,,院内町上納持,インナイマチカミノウジ,Innaimachi Kaminoji,,,,,,,,0,0,0,0,0,0,1,1,1947-04-17,,0,8720452,,,,,,,,,,,,,,,
442119,0085000,1,大分県,オオイタケン,Oita,,,,宇佐市,ウサシ,Usa-shi,,,,院内町上船木,インナイマチカミフナギ,Innaimachi Kamifunagi,,,,,,,,0,0,0,0,0,0,1,1,1947-04-17,,0,8720326,,,,,,,,,,,,,,,
442119,0086000,1,大分県,オオイタケン,Oita,,,,宇佐市,ウサシ,Usa-shi,,,,院内町北山,インナイマチキタヤマ,Innaimachi Kitayama,,,,,,,,0,0,0,0,0,0,1,1,1947-04-17,,0,8720315,,,,,,,,,,,,,,,
442119,0087000,1,大分県,オオイタケン,Oita,,,,宇佐市,ウサシ,Usa-shi,,,,院内町櫛野,インナイマチクシノ,Innaimachi Kushino,,,,,,,,0,0,0,0,0,0,1,1,1947-04-17,,0,8720312,,*_*_*_MJ014671_*,,,,,,,,,,,,,
442119,0088000,1,大分県,オオイタケン,Oita,,,,宇佐市,ウサシ,Usa-shi,,,,院内町来鉢,インナイマチクバチ,Innaimachi Kubachi,,,,,,,,0,0,0,0,0,0,1,1,1947-04-17,,0,8720466,,,,,,,,,,,,,,,
442119,0089000,1,大分県,オオイタケン,Oita,,,,宇佐市,ウサシ,Usa-shi,,,,院内町栗山,インナイマチクリヤマ,Innaimachi Kuriyama,,,,,,,,0,0,0,0,0,0,1,1,1947-04-17,,0,8720456,,,,,,,,,,,,,,,
442119,0090000,1,大分県,オオイタケン,Oita,,,,宇佐市,ウサシ,Usa-shi,,,,院内町小稲,インナイマチコイネ,Innaimachi Koine,,,,,,,,0,0,0,0,0,0,1,1,1947-04-17,,0,8720325,,,,,,,,,,,,,,,
442119,0091000,1,大分県,オオイタケン,Oita,,,,宇佐市,ウサシ,Usa-shi,,,,院内町香下,インナイマチコウシタ,Innaimachi Koshita,,,,,,,,0,0,0,0,0,0,1,1,1947-04-17,,0,8720311,,,,,,,,,,,,,,,
442119,0092000,1,大分県,オオイタケン,Oita,,,,宇佐市,ウサシ,Usa-shi,,,,院内町小平,インナイマチコビラ,Innaimachi Kobira,,,,,,,,0,0,0,0,0,0,1,1,1947-04-17,,0,8720455,,,,,,,,,,,,,,,
442119,0093000,1,大分県,オオイタケン,Oita,,,,宇佐市,ウサシ,Usa-shi,,,,院内町五名,インナイマチゴミョウ,Innaimachi Gomyo,,,,,,,,0,0,0,0,0,0,1,1,1947-04-17,,0,8720321,,,,,,,,,,,,,,,
442119,0094000,1,大分県,オオイタケン,Oita,,,,宇佐市,ウサシ,Usa-shi,,,,院内町斎藤,インナイマチサイトウ,Innaimachi Saito,,,,,,,,0,0,0,0,0,0,1,1,1947-04-17,,0,8720341,,,,,,,,,,,,,,,
442119,0095000,1,大分県,オオイタケン,Oita,,,,宇佐市,ウサシ,Usa-shi,,,,院内町下余,インナイマチシモアマリ,Innaimachi Shimoamari,,,,,,,,0,0,0,0,0,0,1,1,1947-04-17,,0,8720451,,,,,,,,,,,,,,,
442119,0096000,1,大分県,オオイタケン,Oita,,,,宇佐市,ウサシ,Usa-shi,,,,院内町下恵良,インナイマチシモエラ,Innaimachi Shimoera,,,,,,,,0,0,0,0,0,0,1,1,1947-04-17,,0,8720481,,,,,,,,,,,,,,,
442119,0097000,1,大分県,オオイタケン,Oita,,,,宇佐市,ウサシ,Usa-shi,,,,院内町下船木,インナイマチシモフナギ,Innaimachi Shimofunagi,,,,,,,,0,0,0,0,0,0,1,1,1947-04-17,,0,8720327,,,,,,,,,,,,,,,
442119,0098000,1,大分県,オオイタケン,Oita,,,,宇佐市,ウサシ,Usa-shi,,,,院内町定別当,インナイマチジョウベットウ,Innaimachi Jobetto,,,,,,,,0,0,0,0,0,0,1,1,1947-04-17,,0,8720346,,,,,,,,,,,,,,,
442119,0099000,1,大分県,オオイタケン,Oita,,,,宇佐市,ウサシ,Usa-shi,,,,院内町新洞,インナイマチシンドウ,Innaimachi Shindo,,,,,,,,0,0,0,0,0,0,1,1,1947-04-17,,0,8720313,,,,,,,,,,,,,,,
442119,0100000,1,大分県,オオイタケン,Oita,,,,宇佐市,ウサシ,Usa-shi,,,,院内町副,インナイマチソイ,Innaimachi Soi,,,,,,,,0,0,0,0,0,0,1,1,1947-04-17,,0,8720318,,,,,,,,,,,,,,,
442119,0101000,1,大分県,オオイタケン,Oita,,,,宇佐市,ウサシ,Usa-shi,,,,院内町台,インナイマチダイ,Innaimachi Dai,,,,,,,,0,0,0,0,0,0,1,1,1947-04-17,,0,8720461,,,,,,,,,,,,,,,
442119,0102000,1,大分県,オオイタケン,Oita,,,,宇佐市,ウサシ,Usa-shi,,,,院内町大門,インナイマチダイモン,Innaimachi Daimon,,,,,,,,0,0,0,0,0,0,1,1,1947-04-17,,0,8720344,,,,,,,,,,,,,,,
442119,0103000,1,大分県,オオイタケン,Oita,,,,宇佐市,ウサシ,Usa-shi,,,,院内町高並,インナイマチタカナミ,Innaimachi Takanami,,,,,,,,0,0,0,0,0,0,1,1,1947-04-17,,0,8720328,,,,,,,,,,,,,,,
442119,0104000,1,大分県,オオイタケン,Oita,,,,宇佐市,ウサシ,Usa-shi,,,,院内町滝貞,インナイマチタキサダ,Innaimachi Takisada,,,,,,,,0,0,0,0,0,0,1,1,1947-04-17,,0,8720454,,,,,,,,,,,,,,,
442119,0105000,1,大分県,オオイタケン,Oita,,,,宇佐市,ウサシ,Usa-shi,,,,院内町田所,インナイマチタドコロ,Innaimachi Tadokoro,,,,,,,,0,0,0,0,0,0,1,1,1947-04-17,,0,8720473,,,,,,,,,,,,,,,
442119,0106000,1,大分県,オオイタケン,Oita,,,,宇佐市,ウサシ,Usa-shi,,,,院内町田平,インナイマチタビラ,Innaimachi Tabira,,,,,,,,0,0,0,0,0,0,1,1,1947-04-17,,0,8720465,,,,,,,,,,,,,,,
442119,0107000,1,大分県,オオイタケン,Oita,,,,宇佐市,ウサシ,Usa-shi,,,,院内町月俣,インナイマチツキノマタ,Innaimachi Tsukinomata,,,,,,,,0,0,0,0,0,0,1,1,1947-04-17,,0,8720345,,,,,,,,,,,,,,,
442119,0108000,1,大分県,オオイタケン,Oita,,,,宇佐市,ウサシ,Usa-shi,,,,院内町土岩屋,インナイマチツチイワヤ,Innaimachi Tsuchiiwaya,,,,,,,,0,0,0,0,0,0,1,1,1947-04-17,,0,8720483,,,,,,,,,,,,,,,
442119,0109000,1,大分県,オオイタケン,Oita,,,,宇佐市,ウサシ,Usa-shi,,,,院内町西椎屋,インナイマチニシシイヤ,Innaimachi Nishishiiya,,,,,,,,0,0,0,0,0,0,1,1,1947-04-17,,0,8720464,,,,,,,,,,,,,,,
442119,0110000,1,大分県,オオイタケン,Oita,,,,宇佐市,ウサシ,Usa-shi,,,,院内町温見,インナイマチヌクミ,Innaimachi Nukumi,,,,,,,,0,0,0,0,0,0,1,1,1947-04-17,,0,8720471,,,,,,,,,,,,,,,
442119,0111000,1,大分県,オオイタケン,Oita,,,,宇佐市,ウサシ,Usa-shi,,,,院内町野地,インナイマチノジ,Innaimachi Noji,,,,,,,,0,0,0,0,0,0,1,1,1947-04-17,,0,8720472,,,,,,,,,,,,,,,
442119,0112000,1,大分県,オオイタケン,Oita,,,,宇佐市,ウサシ,Usa-shi,,,,院内町羽馬礼,インナイマチハバレ,Innaimachi Habare,,,,,,,,0,0,0,0,0,0,1,1,1947-04-17,,0,8720462,,,,,,,,,,,,,,,
442119,0113000,1,大分県,オオイタケン,Oita,,,,宇佐市,ウサシ,Usa-shi,,,,院内町原口,インナイマチハルグチ,Innaimachi Haruguchi,,,,,,,,0,0,0,0,0,0,1,1,1947-04-17,,0,8720333,,,,,,,,,,,,,,,
442119,0114000,1,大分県,オオイタケン,Oita,,,,宇佐市,ウサシ,Usa-shi,,,,院内町日岳,インナイマチヒノタケ,Innaimachi Hinotake,,,,,,,,0,0,0,0,0,0,1,1,1947-04-17,,0,8720322,,,,,,,,,,,,,,,
442119,0115000,1,大分県,オオイタケン,Oita,,,,宇佐市,ウサシ,Usa-shi,,,,院内町平原,インナイマチヒラバル,Innaimachi Hirabaru,,,,,,,,0,0,0,0,0,0,1,1,1947-04-17,,0,8720453,,,,,,,,,,,,,,,
442119,0116000,1,大分県,オオイタケン,Oita,,,,宇佐市,ウサシ,Usa-shi,,,,院内町広瀬,インナイマチヒロセ,Innaimachi Hirose,,,,,,,,0,0,0,0,0,0,1,1,1947-04-17,,0,8720317,,,,,,,,,,,,,,,
442119,0117000,1,大分県,オオイタケン,Oita,,,,宇佐市,ウサシ,Usa-shi,,,,院内町二日市,インナイマチフツカイチ,Innaimachi Futsukaichi,,,,,,,,0,0,0,0,0,0,1,1,1947-04-17,,0,8720302,,,,,,,,,,,,,,,
442119,0118000,1,大分県,オオイタケン,Oita,,,,宇佐市,ウサシ,Usa-shi,,,,院内町御沓,インナイマチミクツ,Innaimachi Mikutsu,,,,,,,,0,0,0,0,0,0,1,1,1947-04-17,,0,8720301,,,,,,,,,,,,,,,
442119,0119000,1,大分県,オオイタケン,Oita,,,,宇佐市,ウサシ,Usa-shi,,,,院内町宮原,インナイマチミヤハル,Innaimachi Miyabaru,,,,,,,,0,0,0,0,0,0,1,1,1947-04-17,,0,8720343,,,,,,,,,,,,,,,
442119,0120000,1,大分県,オオイタケン,Oita,,,,宇佐市,ウサシ,Usa-shi,,,,院内町山城,インナイマチヤマシロ,Innaimachi Yamashiro,,,,,,,,0,0,0,0,0,0,1,1,1947-04-17,,0,8720332,,,,,,,,,,,,,,,
442119,0121000,1,大分県,オオイタケン,Oita,,,,宇佐市,ウサシ,Usa-shi,,,,院内町和田,インナイマチワダ,Innaimachi Wada,,,,,,,,0,0,0,0,0,0,1,1,1947-04-17,,0,8720463,,,,,,,,,,,,,,,
442119,0122000,1,大分県,オオイタケン,Oita,,,,宇佐市,ウサシ,Usa-shi,,,,大字青森,オオアザアオモリ,Aomori,,,,,,,,0,0,0,0,0,0,1,1,1947-04-17,,0,8791138,,,,,,,,,,,,,,,
442119,0123000,1,大分県,オオイタケン,Oita,,,,宇佐市,ウサシ,Usa-shi,,,,大字赤尾,オオアザアカオ,Akao,,,,,,,,0,0,0,0,0,0,1,1,1947-04-17,,0,8790233,,,,,,,,,,,,,,,
442119,0124000,1,大分県,オオイタケン,Oita,,,,宇佐市,ウサシ,Usa-shi,,,,大字麻生,オオアザアソウ,Aso,,,,,,,,0,0,0,0,0,0,1,1,1947-04-17,,0,8790501,,,,,,,,,,,,,,,
442119,0125000,1,大分県,オオイタケン,Oita,,,,宇佐市,ウサシ,Usa-shi,,,,大字荒木,オオアザアラキ,Araki,,,,,,,,0,0,0,0,0,0,1,1,1947-04-17,,0,8790312,,,,,,,,,,,,,,,
442119,0126000,1,大分県,オオイタケン,Oita,,,,宇佐市,ウサシ,Usa-shi,,,,大字石田,オオアザイシダ,Ishida,,,,,,,,0,0,0,0,0,0,1,1,1947-04-17,,0,8790444,,,,,,,,,,,,,,,
442119,0127000,1,大分県,オオイタケン,Oita,,,,宇佐市,ウサシ,Usa-shi,,,,大字出光,オオアザイデミツ,Idemitsu,,,,,,,,0,0,0,0,0,0,1,1,1947-04-17,,0,8791131,,,,,,,,,,,,,,,
442119,0128000,1,大分県,オオイタケン,Oita,,,,宇佐市,ウサシ,Usa-shi,,,,大字今成,オオアザイマナリ,Imanari,,,,,,,,0,0,0,0,0,0,1,1,1947-04-17,,0,8790514,,,,,,,,,,,,,,,
442119,0129000,1,大分県,オオイタケン,Oita,,,,宇佐市,ウサシ,Usa-shi,,,,大字今仁,オオアザイマニ,Imani,,,,,,,,0,0,0,0,0,0,1,1,1947-04-17,,0,8790234,,,,,,,,,,,,,,,
442119,0130000,1,大分県,オオイタケン,Oita,,,,宇佐市,ウサシ,Usa-shi,,,,大字岩崎,オオアザイワサキ,Iwasaki,,,,,,,,0,0,0,0,0,0,1,1,1947-04-17,,0,8791132,,,,,,,,,,,,,,,
442119,0131000,1,大分県,オオイタケン,Oita,,,,宇佐市,ウサシ,Usa-shi,,,,大字岩保新田,オオアザイワホシンデン,Iwahoshinden,,,,,,,,0,0,0,0,0,0,1,1,1947-04-17,,0,8720011,,,,,,,,,,,,,,,
442119,0132000,1,大分県,オオイタケン,Oita,,,,宇佐市,ウサシ,Usa-shi,,,,大字上田,オオアザウエダ,Ueda,,,,,,,,0,0,0,0,0,0,1,1,1947-04-17,,0,8790453,,,,,,,,,,,,,,,
442119,0133000,1,大分県,オオイタケン,Oita,,,,宇佐市,ウサシ,Usa-shi,,,,大字江熊,オオアザエグマ,Eguma,,,,,,,,0,0,0,0,0,0,1,1,1947-04-17,,0,8791126,,,,,,,,,,,,,,,
442119,0134000,1,大分県,オオイタケン,Oita,,,,宇佐市,ウサシ,Usa-shi,,,,大字江須賀,オオアザエスカ,Esuka,,,,,,,,0,0,0,0,0,0,1,1,1947-04-17,,0,8720032,,,,,,,,,,,,,,,
442119,0135000,1,大分県,オオイタケン,Oita,,,,宇佐市,ウサシ,Usa-shi,,,,大字大塚,オオアザオオツカ,Otsuka,,,,,,,,0,0,0,0,0,0,1,1,1947-04-17,,0,8790464,,*_*_*_MJ030194,,,,,,,,,,,,,
442119,0136000,1,大分県,オオイタケン,Oita,,,,宇佐市,ウサシ,Usa-shi,,,,大字大根川,オオアザオオネガワ,Onegawa,,,,,,,,0,0,0,0,0,0,1,1,1947-04-17,,0,8790232,,,,,,,,,,,,,,,
442119,0137000,1,大分県,オオイタケン,Oita,,,,宇佐市,ウサシ,Usa-shi,,,,大字乙女新田,オオアザオトメシンデン,Otomeshinden,,,,,,,,0,0,0,0,0,0,1,1,1947-04-17,,0,8790301,,,,,,,,,,,,,,,
442119,0138000,1,大分県,オオイタケン,Oita,,,,宇佐市,ウサシ,Usa-shi,,,,大字尾永井,オオアザオナガイ,Onagai,,,,,,,,0,0,0,0,0,0,1,1,1947-04-17,,0,8790304,,,,,,,,,,,,,,,
442119,0139000,1,大分県,オオイタケン,Oita,,,,宇佐市,ウサシ,Usa-shi,,,,大字金丸,オオアザカナマル,Kanamaru,,,,,,,,0,0,0,0,0,0,1,1,1947-04-17,,0,8791128,,,,,,,,,,,,,,,
442119,0140000,1,大分県,オオイタケン,Oita,,,,宇佐市,ウサシ,Usa-shi,,,,大字金屋,オオアザカナヤ,Kanaya,,,,,,,,0,0,0,0,0,0,1,1,1947-04-17,,0,8720021,,,,,,,,,,,,,,,
442119,0141000,1,大分県,オオイタケン,Oita,,,,宇佐市,ウサシ,Usa-shi,,,,大字上乙女,オオアザカミオトメ,Kamiotome,,,,,,,,0,0,0,0,0,0,1,1,1947-04-17,,0,8790303,,,,,,,,,,,,,,,
442119,0142000,1,大分県,オオイタケン,Oita,,,,宇佐市,ウサシ,Usa-shi,,,,大字上敷田,オオアザカミシキダ,Kamishikida,,,,,,,,0,0,0,0,0,0,1,1,1947-04-17,,0,8790163,,,,,,,,,,,,,,,
442119,0143000,1,大分県,オオイタケン,Oita,,,,宇佐市,ウサシ,Usa-shi,,,,大字上庄,オオアザカミショウ,Kamisho,,,,,,,,0,0,0,0,0,0,1,1,1947-04-17,,0,8790153,,,,,,,,,,,,,,,
442119,0144000,1,大分県,オオイタケン,Oita,,,,宇佐市,ウサシ,Usa-shi,,,,大字上高,オオアザカミタカ,Kamitaka,,,,,,,,0,0,0,0,0,0,1,1,1947-04-17,,0,8790313,,,,,,,,,,,,,,,
442119,0145000,1,大分県,オオイタケン,Oita,,,,宇佐市,ウサシ,Usa-shi,,,,大字上高家,オオアザカミタケイ,Kamitakei,,,,,,,,0,0,0,0,0,0,1,1,1947-04-17,,0,8790305,,,,,,,,,,,,,,,
442119,0146000,1,大分県,オオイタケン,Oita,,,,宇佐市,ウサシ,Usa-shi,,,,大字上時枝,オオアザカミトキエダ,Kamitokieda,,,,,,,,0,0,0,0,0,0,1,1,1947-04-17,,0,8790315,,,,,,,,,,,,,,,
442119,0147000,1,大分県,オオイタケン,Oita,,,,宇佐市,ウサシ,Usa-shi,,,,大字上拝田,オオアザカミハイタ,,,,,,,,,0,0,0,0,0,0,1,1,1947-04-17,,0,,,,,,,,,,,,,,,,
442119,0148000,1,大分県,オオイタケン,Oita,,,,宇佐市,ウサシ,Usa-shi,,,,大字上元重,オオアザカミモトシゲ,Kamimotoshige,,,,,,,,0,0,0,0,0,0,1,1,1947-04-17,,0,8790472,,,,,,,,,,,,,,,
442119,0149000,1,大分県,オオイタケン,Oita,,,,宇佐市,ウサシ,Usa-shi,,,,大字辛島,オオアザカラシマ,Karashima,,,,,,,,0,0,0,0,0,0,1,1,1947-04-17,,0,8790456,,,,,,,,,,,,,,,
442119,0150000,1,大分県,オオイタケン,Oita,,,,宇佐市,ウサシ,Usa-shi,,,,大字苅宇田,オオアザカリウダ,Kariuda,,,,,,,,0,0,0,0,0,0,1,1,1947-04-17,,0,8791137,,,,,,,,,,,,,,,
442119,0151000,1,大分県,オオイタケン,Oita,,,,宇佐市,ウサシ,Usa-shi,,,,大字川部,オオアザカワベ,Kawabe,,,,,,,,0,0,0,0,0,0,1,1,1947-04-17,,0,8790452,,,,,,,,,,,,,,,
442119,0152000,1,大分県,オオイタケン,Oita,,,,宇佐市,ウサシ,Usa-shi,,,,大字北宇佐,オオアザキタウサ,Kitausa,,,,,,,,0,0,0,0,0,0,1,1,1947-04-17,,0,8720103,,,,,,,,,,,,,,,
442119,0153000,1,大分県,オオイタケン,Oita,,,,宇佐市,ウサシ,Usa-shi,,,,大字北鶴田新田,オオアザキタツルタシンデン,Kitatsurudashinden,,,,,,,,0,0,0,0,0,0,1,1,1947-04-17,,0,8720013,,,,,,,,,,,,,,,
442119,0154000,1,大分県,オオイタケン,Oita,,,,宇佐市,ウサシ,Usa-shi,,,,大字木内,オオアザキノウチ,Kinochi,,,,,,,,0,0,0,0,0,0,1,1,1947-04-17,,0,8790516,,,,,,,,,,,,,,,
442119,0155000,1,大分県,オオイタケン,Oita,,,,宇佐市,ウサシ,Usa-shi,,,,大字木部,オオアザキベ,Kibe,,,,,,,,0,0,0,0,0,0,1,1,1947-04-17,,0,8790235,,,,,,,,,,,,,,,
442119,0156000,1,大分県,オオイタケン,Oita,,,,宇佐市,ウサシ,Usa-shi,,,,大字久兵衛新田,オオアザキュウベエシンデン,Kyubeeshinden,,,,,,,,0,0,0,0,0,0,1,1,1947-04-17,,0,8720012,,,,,,,,,,,,,,,
442119,0157000,1,大分県,オオイタケン,Oita,,,,宇佐市,ウサシ,Usa-shi,,,,大字葛原,オオアザクズワラ,Kuzuhara,,,,,,,,0,0,0,0,0,0,1,1,1947-04-17,,0,8790443,,*_*_MJ022338_*,,,,,,,,,,,,,
442119,0158000,1,大分県,オオイタケン,Oita,,,,宇佐市,ウサシ,Usa-shi,,,,大字黒,オオアザクロ,Kuro,,,,,,,,0,0,0,0,0,0,1,1,1947-04-17,,0,8790512,,,,,,,,,,,,,,,
442119,0159000,1,大分県,オオイタケン,Oita,,,,宇佐市,ウサシ,Usa-shi,,,,大字郡中新田,オオアザグンチュウシンデン,Gunchushinden,,,,,,,,0,0,0,0,0,0,1,1,1947-04-17,,0,8720045,,,,,,,,,,,,,,,
442119,0160000,1,大分県,オオイタケン,Oita,,,,宇佐市,ウサシ,Usa-shi,,,,大字閤,オオアザゴウ,Go,,,,,,,,0,0,0,0,0,0,1,1,1947-04-17,,0,8790455,,,,,,,,,,,,,,,
442119,0161000,1,大分県,オオイタケン,Oita,,,,宇佐市,ウサシ,Usa-shi,,,,大字小向野,オオアザコムクノ,Komukuno,,,,,,,,0,0,0,0,0,0,1,1,1947-04-17,,0,8720104,,,,,,,,,,,,,,,
442119,0162000,1,大分県,オオイタケン,Oita,,,,宇佐市,ウサシ,Usa-shi,,,,大字西木,オオアザサイギ,Saigi,,,,,,,,0,0,0,0,0,0,1,1,1947-04-17,,0,8791136,,,,,,,,,,,,,,,
442119,0163000,1,大分県,オオイタケン,Oita,,,,宇佐市,ウサシ,Usa-shi,,,,大字佐々礼,オオアザサザレ,Sazare,,,,,,,,0,0,0,0,0,0,1,1,1947-04-17,,0,8720016,,,,,,,,,,,,,,,
442119,0164000,1,大分県,オオイタケン,Oita,,,,宇佐市,ウサシ,Usa-shi,,,,大字佐野,オオアザサノ,Sano,,,,,,,,0,0,0,0,0,0,1,1,1947-04-17,,0,8790237,,,,,,,,,,,,,,,
442119,0165000,1,大分県,オオイタケン,Oita,,,,宇佐市,ウサシ,Usa-shi,,,,大字猿渡,オオアザサルワタリ,Saruwatari,,,,,,,,0,0,0,0,0,0,1,1,1947-04-17,,0,8790314,,,,,,,,,,,,,,,
442119,0166000,1,大分県,オオイタケン,Oita,,,,宇佐市,ウサシ,Usa-shi,,,,大字芝原,オオアザシバハラ,Shibahara,,,,,,,,0,0,0,0,0,0,1,1,1947-04-17,,0,8790457,,,,,,,,,,,,,,,
442119,0167000,1,大分県,オオイタケン,Oita,,,,宇佐市,ウサシ,Usa-shi,,,,大字清水,オオアザシミズ,Shimizu,,,,,,,,0,0,0,0,0,0,1,1,1947-04-17,,0,8790236,,,,,,,,,,,,,,,
442119,0168000,1,大分県,オオイタケン,Oita,,,,宇佐市,ウサシ,Usa-shi,,,,大字下乙女,オオアザシモオトメ,Shimotome,,,,,,,,0,0,0,0,0,0,1,1,1947-04-17,,0,8790302,,,,,,,,,,,,,,,
442119,0169000,1,大分県,オオイタケン,Oita,,,,宇佐市,ウサシ,Usa-shi,,,,大字下敷田,オオアザシモシキダ,Shimoshikida,,,,,,,,0,0,0,0,0,0,1,1,1947-04-17,,0,8790161,,,,,,,,,,,,,,,
442119,0170000,1,大分県,オオイタケン,Oita,,,,宇佐市,ウサシ,Usa-shi,,,,大字下庄,オオアザシモショウ,Shimosho,,,,,,,,0,0,0,0,0,0,1,1,1947-04-17,,0,8790152,,,,,,,,,,,,,,,
442119,0171000,1,大分県,オオイタケン,Oita,,,,宇佐市,ウサシ,Usa-shi,,,,大字下高,オオアザシモタカ,Shimotaka,,,,,,,,0,0,0,0,0,0,1,1,1947-04-17,,0,8790317,,,,,,,,,,,,,,,
442119,0172000,1,大分県,オオイタケン,Oita,,,,宇佐市,ウサシ,Usa-shi,,,,大字下高家,オオアザシモタケイ,Shimotakei,,,,,,,,0,0,0,0,0,0,1,1,1947-04-17,,0,8790308,,,,,,,,,,,,,,,
442119,0173000,1,大分県,オオイタケン,Oita,,,,宇佐市,ウサシ,Usa-shi,,,,大字下時枝,オオアザシモトキエダ,Shimotokieda,,,,,,,,0,0,0,0,0,0,1,1,1947-04-17,,0,8790316,,,,,,,,,,,,,,,
442119,0174000,1,大分県,オオイタケン,Oita,,,,宇佐市,ウサシ,Usa-shi,,,,大字下拝田,オオアザシモハイタ,Shimohaita,,,,,,,,0,0,0,0,0,0,1,1,1947-04-17,,0,8790465,,,,,,,,,,,,,,,
442119,0175000,1,大分県,オオイタケン,Oita,,,,宇佐市,ウサシ,Usa-shi,,,,大字下元重,オオアザシモモトシゲ,Shimomotoshige,,,,,,,,0,0,0,0,0,0,1,1,1947-04-17,,0,8790473,,,,,,,,,,,,,,,
442119,0176000,1,大分県,オオイタケン,Oita,,,,宇佐市,ウサシ,Usa-shi,,,,大字下矢部,オオアザシモヤベ,Shimoyabe,,,,,,,,0,0,0,0,0,0,1,1,1947-04-17,,0,8720111,,,,,,,,,,,,,,,
442119,0177000,1,大分県,オオイタケン,Oita,,,,宇佐市,ウサシ,Usa-shi,,,,大字順風新田,オオアザジュンプウシンデン,Jumpushinden,,,,,,,,0,0,0,0,0,0,1,1,1947-04-17,,0,8720047,,,,,,,,,,,,,,,
442119,0178000,1,大分県,オオイタケン,Oita,,,,宇佐市,ウサシ,Usa-shi,,,,大字城井,オオアザジョウイ,Joi,,,,,,,,0,0,0,0,0,0,1,1,1947-04-17,,0,8790442,,,,,,,,,,,,,,,
442119,0179000,1,大分県,オオイタケン,Oita,,,,宇佐市,ウサシ,Usa-shi,,,,大字正覚寺,オオアザショウガクジ,Shogakuji,,,,,,,,0,0,0,0,0,0,1,1,1947-04-17,,0,8720113,,,,,,,,,,,,,,,
442119,0180000,1,大分県,オオイタケン,Oita,,,,宇佐市,ウサシ,Usa-shi,,,,大字末,オオアザスエ,Sue,,,,,,,,0,0,0,0,0,0,1,1,1947-04-17,,0,8790515,,,,,,,,,,,,,,,
442119,0181000,1,大分県,オオイタケン,Oita,,,,宇佐市,ウサシ,Usa-shi,,,,大字住江,オオアザスミエ,Sumie,,,,,,,,0,0,0,0,0,0,1,1,1947-04-17,,0,8720044,,,,,,,,,,,,,,,
442119,0182000,1,大分県,オオイタケン,Oita,,,,宇佐市,ウサシ,Usa-shi,,,,大字高砂新田,オオアザタカサゴシンデン,Takasagoshinden,,,,,,,,0,0,0,0,0,0,1,1,1947-04-17,,0,8720046,,,,,,,,,,,,,,,
442119,0183000,1,大分県,オオイタケン,Oita,,,,宇佐市,ウサシ,Usa-shi,,,,大字高森,オオアザタカモリ,Takamori,,,,,,,,0,0,0,0,0,0,1,1,1947-04-17,,0,8720101,,,,,,,,,,,,,,,
442119,0184000,1,大分県,オオイタケン,Oita,,,,宇佐市,ウサシ,Usa-shi,,,,大字嶽ノ首,オオアザタケノクビ,,,,,,,,,0,0,0,0,0,0,1,1,1947-04-17,,0,,,,,,,,,,,,,,,,
442119,0185000,1,大分県,オオイタケン,Oita,,,,宇佐市,ウサシ,Usa-shi,,,,大字富山,オオアザトミヤマ,Tomiyama,,,,,,,,0,0,0,0,0,0,1,1,1947-04-17,,0,8790164,,,,,,,,,,,,,,,
442119,0186000,1,大分県,オオイタケン,Oita,,,,宇佐市,ウサシ,Usa-shi,,,,大字中,オオアザナカ,Naka,,,,,,,,0,0,0,0,0,0,1,1,1947-04-17,,0,8790513,,,,,,,,,,,,,,,
442119,0187000,1,大分県,オオイタケン,Oita,,,,宇佐市,ウサシ,Usa-shi,,,,大字中敷田,オオアザナカシキダ,Nakashikida,,,,,,,,0,0,0,0,0,0,1,1,1947-04-17,,0,8790162,,,,,,,,,,,,,,,
442119,0188000,1,大分県,オオイタケン,Oita,,,,宇佐市,ウサシ,Usa-shi,,,,大字長洲,オオアザナガス,Nagasu,,,,,,,,0,0,0,0,0,0,1,1,1947-04-17,,0,8720001,,,,,,,,,,,,,,,
442119,0189000,1,大分県,オオイタケン,Oita,,,,宇佐市,ウサシ,Usa-shi,,,,大字中原,オオアザナカハル,Nakaharu,,,,,,,,0,0,0,0,0,0,1,1,1947-04-17,,0,8790463,,,,,,,,,,,,,,,
442119,0190000,1,大分県,オオイタケン,Oita,,,,宇佐市,ウサシ,Usa-shi,,,,大字灘,オオアザナダ,Nada,,,,,,,,0,0,0,0,0,0,1,1,1947-04-17,,0,8790503,,*_*_MJ016238,,,,,,,,,,,,,
442119,0191000,1,大分県,オオイタケン,Oita,,,,宇佐市,ウサシ,Usa-shi,,,,大字西大堀,オオアザニシオオホリ,Nishiobori,,,,,,,,0,0,0,0,0,0,1,1,1947-04-17,,0,8720022,,,,,,,,,,,,,,,
442119,0192000,1,大分県,オオイタケン,Oita,,,,宇佐市,ウサシ,Usa-shi,,,,大字西高家,オオアザニシタケイ,Nishitakei,,,,,,,,0,0,0,0,0,0,1,1,1947-04-17,,0,8790306,,,,,,,,,,,,,,,
442119,0193000,1,大分県,オオイタケン,Oita,,,,宇佐市,ウサシ,Usa-shi,,,,大字西屋敷,オオアザニシヤシキ,Nishiyashiki,,,,,,,,0,0,0,0,0,0,1,1,1947-04-17,,0,8791127,,,,,,,,,,,,,,,
442119,0194000,1,大分県,オオイタケン,Oita,,,,宇佐市,ウサシ,Usa-shi,,,,大字蜷木,オオアザニナギ,Ninagi,,,,,,,,0,0,0,0,0,0,1,1,1947-04-17,,0,8720023,,,,,,,,,,,,,,,
442119,0195000,1,大分県,オオイタケン,Oita,,,,宇佐市,ウサシ,Usa-shi,,,,大字橋津,オオアザハシヅ,Hashizu,,,,,,,,0,0,0,0,0,0,1,1,1947-04-17,,0,8791134,,,,,,,,,,,,,,,
442119,0196000,1,大分県,オオイタケン,Oita,,,,宇佐市,ウサシ,Usa-shi,,,,大字畑田,オオアザハタケダ,Hatakeda,,,,,,,,0,0,0,0,0,0,1,1,1947-04-17,,0,8790451,,,,,,,,,,,,,,,
442119,0197000,1,大分県,オオイタケン,Oita,,,,宇佐市,ウサシ,Usa-shi,,,,大字浜高家,オオアザハマタケイ,Hamatakei,,,,,,,,0,0,0,0,0,0,1,0,1947-04-17,,0,8790307,,,,,,,,,,,,,,,
442119,0198000,1,大分県,オオイタケン,Oita,,,,宇佐市,ウサシ,Usa-shi,,,,大字日足,オオアザヒアシ,Hiashi,,,,,,,,0,0,0,0,0,0,1,1,1947-04-17,,0,8791133,,,,,,,,,,,,,,,
442119,0199000,1,大分県,オオイタケン,Oita,,,,宇佐市,ウサシ,Usa-shi,,,,大字東大堀,オオアザヒガシオオホリ,Higashiobori,,,,,,,,0,0,0,0,0,0,1,1,1947-04-17,,0,8791121,,,,,,,,,,,,,,,
442119,0200000,1,大分県,オオイタケン,Oita,,,,宇佐市,ウサシ,Usa-shi,,,,大字東高家,オオアザヒガシタケイ,Higashitakei,,,,,,,,0,0,0,0,0,0,1,1,1947-04-17,,0,8790309,,,,,,,,,,,,,,,
442119,0201000,1,大分県,オオイタケン,Oita,,,,宇佐市,ウサシ,Usa-shi,,,,大字樋田,オオアザヒダ,Hida,,,,,,,,0,0,0,0,0,0,1,1,1947-04-17,,0,8790461,,*_*_MJ014417_*,,,,,,,,,,,,,
442119,0202000,1,大分県,オオイタケン,Oita,,,,宇佐市,ウサシ,Usa-shi,,,,大字別府,オオアザビュウ,Byu,,,,,,,,0,0,0,0,0,0,1,1,1947-04-17,,0,8790462,,,,,,,,,,,,,,,
442119,0203000,1,大分県,オオイタケン,Oita,,,,宇佐市,ウサシ,Usa-shi,,,,大字法鏡寺,オオアザホウキョウジ,Hokyoji,,,,,,,,0,0,0,0,0,0,1,1,1947-04-17,,0,8790454,,,,,,,,,,,,,,,
442119,0204000,1,大分県,オオイタケン,Oita,,,,宇佐市,ウサシ,Usa-shi,,,,大字松崎,オオアザマッサキ,Matsusaki,,,,,,,,0,0,0,0,0,0,1,1,1947-04-17,,0,8720015,,,,,,,,,,,,,,,
442119,0205000,1,大分県,オオイタケン,Oita,,,,宇佐市,ウサシ,Usa-shi,,,,大字神子山新田,オオアザミコヤマシンデン,Mikoyamashinden,,,,,,,,0,0,0,0,0,0,1,1,1947-04-17,,0,8720041,,,,,,,,,,,,,,,
442119,0206000,1,大分県,オオイタケン,Oita,,,,宇佐市,ウサシ,Usa-shi,,,,大字南宇佐,オオアザミナミウサ,Minamiusa,,,,,,,,0,0,0,0,0,0,1,1,1947-04-17,,0,8720102,,,,,,,,,,,,,,,
442119,0207000,1,大分県,オオイタケン,Oita,,,,宇佐市,ウサシ,Usa-shi,,,,大字南敷田,オオアザミナミシキダ,Minamishikida,,,,,,,,0,0,0,0,0,0,1,1,1947-04-17,,0,8790231,,,,,,,,,,,,,,,
442119,0208000,1,大分県,オオイタケン,Oita,,,,宇佐市,ウサシ,Usa-shi,,,,大字南鶴田新田,オオアザミナミツルタシンデン,Minamitsurudashinden,,,,,,,,0,0,0,0,0,0,1,1,1947-04-17,,0,8720014,,,,,,,,,,,,,,,
442119,0209000,1,大分県,オオイタケン,Oita,,,,宇佐市,ウサシ,Usa-shi,,,,大字宮熊,オオアザミヤグマ,Miyaguma,,,,,,,,0,0,0,0,0,0,1,1,1947-04-17,,0,8790151,,,,,,,,,,,,,,,
442119,0210000,1,大分県,オオイタケン,Oita,,,,宇佐市,ウサシ,Usa-shi,,,,大字森山,オオアザモリヤマ,Moriyama,,,,,,,,0,0,0,0,0,0,1,1,1947-04-17,,0,8790311,,,,,,,,,,,,,,,
442119,0211000,1,大分県,オオイタケン,Oita,,,,宇佐市,ウサシ,Usa-shi,,,,大字山,オオアザヤマ,Yama,,,,,,,,0,0,0,0,0,0,1,1,1947-04-17,,0,8791124,,,,,,,,,,,,,,,
442119,0212000,1,大分県,オオイタケン,Oita,,,,宇佐市,ウサシ,Usa-shi,,,,大字山下,オオアザヤマシタ,Yamashita,,,,,,,,0,0,0,0,0,0,1,1,1947-04-17,,0,8790474,,,,,,,,,,,,,,,
442119,0213000,1,大分県,オオイタケン,Oita,,,,宇佐市,ウサシ,Usa-shi,,,,大字山袋,オオアザヤマブクロ,Yamabukuro,,,,,,,,0,0,0,0,0,0,1,1,1947-04-17,,0,8790511,,,,,,,,,,,,,,,
442119,0214000,1,大分県,オオイタケン,Oita,,,,宇佐市,ウサシ,Usa-shi,,,,大字山本,オオアザヤマモト,Yamamoto,,,,,,,,0,0,0,0,0,0,1,1,1947-04-17,,0,8790467,,,,,,,,,,,,,,,
442119,0215000,1,大分県,オオイタケン,Oita,,,,宇佐市,ウサシ,Usa-shi,,,,大字横田,オオアザヨコタ,Yokota,,,,,,,,0,0,0,0,0,0,1,1,1947-04-17,,0,8791122,,,,,,,,,,,,,,,
442119,0216000,1,大分県,オオイタケン,Oita,,,,宇佐市,ウサシ,Usa-shi,,,,大字吉松,オオアザヨシマツ,Yoshimatsu,,,,,,,,0,0,0,0,0,0,1,1,1947-04-17,,0,8790441,,,,,,,,,,,,,,,
442119,0217000,1,大分県,オオイタケン,Oita,,,,宇佐市,ウサシ,Usa-shi,,,,大字四日市,オオアザヨッカイチ,Yokkaichi,,,,,,,,0,0,0,0,0,0,1,1,1947-04-17,,0,8790471,,,,,,,,,,,,,,,
442119,0218000,1,大分県,オオイタケン,Oita,,,,宇佐市,ウサシ,Usa-shi,,,,大字両戒,オオアザリョウカイ,Ryokai,,,,,,,,0,0,0,0,0,0,1,1,1947-04-17,,0,8791125,,,,,,,,,,,,,,,
442119,0219000,1,大分県,オオイタケン,Oita,,,,宇佐市,ウサシ,Usa-shi,,,,大字和気,オオアザワキ,Waki,,,,,,,,0,0,0,0,0,0,1,1,1947-04-17,,0,8791135,,,,,,,,,,,,,,,
442119,0220001,2,大分県,オオイタケン,Oita,,,,宇佐市,ウサシ,Usa-shi,,,,沖須町,オキスマチ,Okisumachi,１丁目,１チョウメ,1,,,,,0,0,0,0,0,0,1,1,1947-04-17,,0,,,,,,,,,,,,,,,,
442119,0220002,2,大分県,オオイタケン,Oita,,,,宇佐市,ウサシ,Usa-shi,,,,沖須町,オキスマチ,Okisumachi,２丁目,２チョウメ,2,,,,,0,0,0,0,0,0,1,1,1947-04-17,,0,,,,,,,,,,,,,,,,
442119,0220003,2,大分県,オオイタケン,Oita,,,,宇佐市,ウサシ,Usa-shi,,,,沖須町,オキスマチ,Okisumachi,３丁目,３チョウメ,3,,,,,0,0,0,0,0,0,1,1,1947-04-17,,0,,,,,,,,,,,,,,,,
442119,0221001,2,大分県,オオイタケン,Oita,,,,宇佐市,ウサシ,Usa-shi,,,,貴船町,キフネマチ,Kifunemachi,１丁目,１チョウメ,1,,,,,0,0,0,0,0,0,1,1,1947-04-17,,0,,,,,,,,,,,,,,,,
442119,0221002,2,大分県,オオイタケン,Oita,,,,宇佐市,ウサシ,Usa-shi,,,,貴船町,キフネマチ,Kifunemachi,２丁目,２チョウメ,2,,,,,0,0,0,0,0,0,1,1,1947-04-17,,0,,,,,,,,,,,,,,,,
442119,0222001,2,大分県,オオイタケン,Oita,,,,宇佐市,ウサシ,Usa-shi,,,,子安町,コヤスマチ,Koyasumachi,１丁目,１チョウメ,1,,,,,0,0,0,0,0,0,1,1,1947-04-17,,0,,,,,,,,,,,,,,,,
442119,0222002,2,大分県,オオイタケン,Oita,,,,宇佐市,ウサシ,Usa-shi,,,,子安町,コヤスマチ,Koyasumachi,２丁目,２チョウメ,2,,,,,0,0,0,0,0,0,1,1,1947-04-17,,0,,,,,,,,,,,,,,,,
442119,0222003,2,大分県,オオイタケン,Oita,,,,宇佐市,ウサシ,Usa-shi,,,,子安町,コヤスマチ,Koyasumachi,３丁目,３チョウメ,3,,,,,0,0,0,0,0,0,1,1,1947-04-17,,0,,,,,,,,,,,,,,,,
442119,0222004,2,大分県,オオイタケン,Oita,,,,宇佐市,ウサシ,Usa-shi,,,,子安町,コヤスマチ,Koyasumachi,４丁目,４チョウメ,4,,,,,0,0,0,0,0,0,1,1,1947-04-17,,0,,,,,,,,,,,,,,,,
442119,0223001,2,大分県,オオイタケン,Oita,,,,宇佐市,ウサシ,Usa-shi,,,,住吉町,スミヨシマチ,Sumiyoshimachi,１丁目,１チョウメ,1,,,,,0,0,0,0,0,0,1,1,1947-04-17,,0,,,,,,,,,,,,,,,,
442119,0223002,2,大分県,オオイタケン,Oita,,,,宇佐市,ウサシ,Usa-shi,,,,住吉町,スミヨシマチ,Sumiyoshimachi,２丁目,２チョウメ,2,,,,,0,0,0,0,0,0,1,1,1947-04-17,,0,,,,,,,,,,,,,,,,
442119,0223003,2,大分県,オオイタケン,Oita,,,,宇佐市,ウサシ,Usa-shi,,,,住吉町,スミヨシマチ,Sumiyoshimachi,３丁目,３チョウメ,3,,,,,0,0,0,0,0,0,1,1,1947-04-17,,0,,,,,,,,,,,,,,,,
442119,0224000,1,大分県,オオイタケン,Oita,,,,宇佐市,ウサシ,Usa-shi,,,,大字山口,オオアザヤマグチ,Yamaguchi,,,,,,,,0,0,0,0,0,0,1,1,1947-04-17,,0,8790504,,,,,,,,,,,,,,,
442119,0225000,1,大分県,オオイタケン,Oita,,,,宇佐市,ウサシ,Usa-shi,,,,院内町大重見,インナイマチオシゲミ,Innaimachi Oshigemi,,,,,,,,0,0,0,0,0,0,1,1,1947-04-17,,0,8720323,,,,,,,,,,,,,,,
442119,0226000,1,大分県,オオイタケン,Oita,,,,宇佐市,ウサシ,Usa-shi,,,,大字上矢部,オオアザカミヤベ,Kamiyabe,,,,,,,,0,0,0,0,0,0,1,1,1947-04-17,,0,8720112,,,,,,,,,,,,,,,
442119,0227000,1,大分県,オオイタケン,Oita,,,,宇佐市,ウサシ,Usa-shi,,,,大字熊,オオアザクマ,Kuma,,,,,,,,0,0,0,0,0,0,1,1,1947-04-17,,0,8720114,,,,,,,,,,,,,,,
442119,0228000,1,大分県,オオイタケン,Oita,,,,宇佐市,ウサシ,Usa-shi,,,,大字立石,オオアザタテシ,Tateishi,,,,,,,,0,0,0,0,0,0,1,1,1947-04-17,,0,8791123,,,,,,,,,,,,,,,
442127,0001000,1,大分県,オオイタケン,Oita,,,,豊後大野市,ブンゴオオノシ,Bungoono-shi,,,,朝地町朝地,アサジマチアサジ,Asajimachi Asaji,,,,,,,,0,0,0,0,0,0,1,1,1947-04-17,,0,8796222,,,,,,,,,,,,,,,
442127,0002000,1,大分県,オオイタケン,Oita,,,,豊後大野市,ブンゴオオノシ,Bungoono-shi,,,,朝地町池田,アサジマチイケダ,Asajimachi Ikeda,,,,,,,,0,0,0,0,0,0,1,1,1947-04-17,,0,8796224,,,,,,,,,,,,,,,
442127,0003000,1,大分県,オオイタケン,Oita,,,,豊後大野市,ブンゴオオノシ,Bungoono-shi,,,,朝地町板井迫,アサジマチイタイザコ,Asajimachi Itaizako,,,,,,,,0,0,0,0,0,0,1,1,1947-04-17,,0,8796223,,,,,,,,,,,,,,,
442127,0004000,1,大分県,オオイタケン,Oita,,,,豊後大野市,ブンゴオオノシ,Bungoono-shi,,,,朝地町市万田,アサジマチイチマンダ,Asajimachi Ichimanda,,,,,,,,0,0,0,0,0,0,1,1,1947-04-17,,0,8796201,,,,,,,,,,,,,,,
442127,0005000,1,大分県,オオイタケン,Oita,,,,豊後大野市,ブンゴオオノシ,Bungoono-shi,,,,朝地町上尾塚,アサジマチカミオツカ,Asajimachi Kamiotsuka,,,,,,,,0,0,0,0,0,0,1,1,1947-04-17,,0,8796213,,,,,,,,,,,,,,,
442127,0006000,1,大分県,オオイタケン,Oita,,,,豊後大野市,ブンゴオオノシ,Bungoono-shi,,,,朝地町栗林,アサジマチクリバヤシ,Asajimachi Kuribayashi,,,,,,,,0,0,0,0,0,0,1,1,1947-04-17,,0,8796333,,,,,,,,,,,,,,,
442127,0007000,1,大分県,オオイタケン,Oita,,,,豊後大野市,ブンゴオオノシ,Bungoono-shi,,,,朝地町志賀,アサジマチシガ,Asajimachi Shiga,,,,,,,,0,0,0,0,0,0,1,1,1947-04-17,,0,8796212,,,,,,,,,,,,,,,
442127,0008000,1,大分県,オオイタケン,Oita,,,,豊後大野市,ブンゴオオノシ,Bungoono-shi,,,,朝地町下野,アサジマチシモノ,Asajimachi Shimono,,,,,,,,0,0,0,0,0,0,1,1,1947-04-17,,0,8796202,,,,,,,,,,,,,,,
442127,0009000,1,大分県,オオイタケン,Oita,,,,豊後大野市,ブンゴオオノシ,Bungoono-shi,,,,朝地町坪泉,アサジマチツボイズミ,Asajimachi Tsuboizumi,,,,,,,,0,0,0,0,0,0,1,1,1947-04-17,,0,8796221,,,,,,,,,,,,,,,
442127,0010000,1,大分県,オオイタケン,Oita,,,,豊後大野市,ブンゴオオノシ,Bungoono-shi,,,,朝地町鳥田,アサジマチトリタ,Asajimachi Torita,,,,,,,,0,0,0,0,0,0,1,1,1947-04-17,,0,8796331,,,,,,,,,,,,,,,
442127,0011000,1,大分県,オオイタケン,Oita,,,,豊後大野市,ブンゴオオノシ,Bungoono-shi,,,,朝地町梨小,アサジマチナシコ,Asajimachi Nashiko,,,,,,,,0,0,0,0,0,0,1,1,1947-04-17,,0,8796334,,,,,,,,,,,,,,,
442127,0012000,1,大分県,オオイタケン,Oita,,,,豊後大野市,ブンゴオオノシ,Bungoono-shi,,,,朝地町宮生,アサジマチミヤオ,Asajimachi Miyao,,,,,,,,0,0,0,0,0,0,1,1,1947-04-17,,0,8796211,,,,,,,,,,,,,,,
442127,0013000,1,大分県,オオイタケン,Oita,,,,豊後大野市,ブンゴオオノシ,Bungoono-shi,,,,朝地町綿田,アサジマチワタダ,Asajimachi Watada,,,,,,,,0,0,0,0,0,0,1,1,1947-04-17,,0,8796332,,,,,,,,,,,,,,,
442127,0014000,1,大分県,オオイタケン,Oita,,,,豊後大野市,ブンゴオオノシ,Bungoono-shi,,,,犬飼町犬飼,イヌカイマチイヌカイ,Inukaimachi Inukai,,,,,,,,0,0,0,0,0,0,1,1,1947-04-17,,0,8797301,,,,,,,,,,,,,,,
442127,0015000,1,大分県,オオイタケン,Oita,,,,豊後大野市,ブンゴオオノシ,Bungoono-shi,,,,犬飼町大寒,イヌカイマチオオソウ,Inukaimachi Oso,,,,,,,,0,0,0,0,0,0,1,1,1947-04-17,,0,8797304,,,,,,,,,,,,,,,
442127,0016000,1,大分県,オオイタケン,Oita,,,,豊後大野市,ブンゴオオノシ,Bungoono-shi,,,,犬飼町久原,イヌカイマチクバル,Inukaimachi Kubaru,,,,,,,,0,0,0,0,0,0,1,1,1947-04-17,,0,8797302,,,,,,,,,,,,,,,
442127,0017000,1,大分県,オオイタケン,Oita,,,,豊後大野市,ブンゴオオノシ,Bungoono-shi,,,,犬飼町栗ケ畑,イヌカイマチクリガハタ,Inukaimachi Kurigahata,,,,,,,,0,0,0,0,0,0,1,1,1947-04-17,,0,8797314,,,,,,,,,,,,,,,
442127,0018000,1,大分県,オオイタケン,Oita,,,,豊後大野市,ブンゴオオノシ,Bungoono-shi,,,,犬飼町黒松,イヌカイマチクロマツ,Inukaimachi Kuromatsu,,,,,,,,0,0,0,0,0,0,1,1,1947-04-17,,0,8797313,,,,,,,,,,,,,,,
442127,0019000,1,大分県,オオイタケン,Oita,,,,豊後大野市,ブンゴオオノシ,Bungoono-shi,,,,犬飼町高津原,イヌカイマチコウヅハル,Inukaimachi Kozuharu,,,,,,,,0,0,0,0,0,0,1,1,1947-04-17,,0,8797312,,,,,,,,,,,,,,,
442127,0020000,1,大分県,オオイタケン,Oita,,,,豊後大野市,ブンゴオオノシ,Bungoono-shi,,,,犬飼町西寒田,イヌカイマチササムタ,Inukaimachi Sasamuta,,,,,,,,0,0,0,0,0,0,1,1,1947-04-17,,0,8797307,,,,,,,,,,,,,,,
442127,0021000,1,大分県,オオイタケン,Oita,,,,豊後大野市,ブンゴオオノシ,Bungoono-shi,,,,犬飼町柴北,イヌカイマチシバキタ,Inukaimachi Shibakita,,,,,,,,0,0,0,0,0,0,1,1,1947-04-17,,0,8797311,,,,,,,,,,,,,,,
442127,0022000,1,大分県,オオイタケン,Oita,,,,豊後大野市,ブンゴオオノシ,Bungoono-shi,,,,犬飼町下津尾,イヌカイマチシモツオ,Inukaimachi Shimotsuo,,,,,,,,0,0,0,0,0,0,1,1,1947-04-17,,0,8797306,,,,,,,,,,,,,,,
442127,0023000,1,大分県,オオイタケン,Oita,,,,豊後大野市,ブンゴオオノシ,Bungoono-shi,,,,犬飼町田原,イヌカイマチタハラ,Inukaimachi Tahara,,,,,,,,0,0,0,0,0,0,1,1,1947-04-17,,0,8797305,,,,,,,,,,,,,,,
442127,0024000,1,大分県,オオイタケン,Oita,,,,豊後大野市,ブンゴオオノシ,Bungoono-shi,,,,犬飼町長畑,イヌカイマチナガハタ,Inukaimachi Nagahata,,,,,,,,0,0,0,0,0,0,1,1,1947-04-17,,0,8797316,,,,,,,,,,,,,,,
442127,0025000,1,大分県,オオイタケン,Oita,,,,豊後大野市,ブンゴオオノシ,Bungoono-shi,,,,犬飼町山内,イヌカイマチヤマウチ,Inukaimachi Yamauchi,,,,,,,,0,0,0,0,0,0,1,1,1947-04-17,,0,8797315,,,,,,,,,,,,,,,
442127,0026000,1,大分県,オオイタケン,Oita,,,,豊後大野市,ブンゴオオノシ,Bungoono-shi,,,,犬飼町柚野木,イヌカイマチユノキ,Inukaimachi Yunoki,,,,,,,,0,0,0,0,0,0,1,1,1947-04-17,,0,8797303,,,,,,,,,,,,,,,
442127,0027000,1,大分県,オオイタケン,Oita,,,,豊後大野市,ブンゴオオノシ,Bungoono-shi,,,,大野町安藤,オオノマチアンドウ,Onomachi Ando,,,,,,,,0,0,0,0,0,0,1,1,1947-04-17,,0,8796401,,,,,,,,,,,,,,,
442127,0028000,1,大分県,オオイタケン,Oita,,,,豊後大野市,ブンゴオオノシ,Bungoono-shi,,,,大野町後田,オオノマチウシロダ,Onomachi Ushiroda,,,,,,,,0,0,0,0,0,0,1,1,1947-04-17,,0,8796404,,,,,,,,,,,,,,,
442127,0029000,1,大分県,オオイタケン,Oita,,,,豊後大野市,ブンゴオオノシ,Bungoono-shi,,,,大野町大原,オオノマチオオハル,Onomachi Oharu,,,,,,,,0,0,0,0,0,0,1,1,1947-04-17,,0,8796433,,,,,,,,,,,,,,,
442127,0030000,1,大分県,オオイタケン,Oita,,,,豊後大野市,ブンゴオオノシ,Bungoono-shi,,,,大野町片島,オオノマチカタシマ,Onomachi Katashima,,,,,,,,0,0,0,0,0,0,1,1,1947-04-17,,0,8796445,,,,,,,,,,,,,,,
442127,0031000,1,大分県,オオイタケン,Oita,,,,豊後大野市,ブンゴオオノシ,Bungoono-shi,,,,大野町北園,オオノマチキタゾノ,Onomachi Kitazono,,,,,,,,0,0,0,0,0,0,1,1,1947-04-17,,0,8796435,,,,,,,,,,,,,,,
442127,0032000,1,大分県,オオイタケン,Oita,,,,豊後大野市,ブンゴオオノシ,Bungoono-shi,,,,大野町桑原,オオノマチクワバル,Onomachi Kuwabaru,,,,,,,,0,0,0,0,0,0,1,1,1947-04-17,,0,8796434,,,,,,,,,,,,,,,
442127,0033000,1,大分県,オオイタケン,Oita,,,,豊後大野市,ブンゴオオノシ,Bungoono-shi,,,,大野町郡山,オオノマチコオリヤマ,Onomachi Koriyama,,,,,,,,0,0,0,0,0,0,1,1,1947-04-17,,0,8796426,,,,,,,,,,,,,,,
442127,0034000,1,大分県,オオイタケン,Oita,,,,豊後大野市,ブンゴオオノシ,Bungoono-shi,,,,大野町小倉木,オオノマチコグラキ,Onomachi Koguraki,,,,,,,,0,0,0,0,0,0,1,1,1947-04-17,,0,8796422,,,,,,,,,,,,,,,
442127,0035000,1,大分県,オオイタケン,Oita,,,,豊後大野市,ブンゴオオノシ,Bungoono-shi,,,,大野町酒井寺,オオノマチサカイジ,Onomachi Sakaiji,,,,,,,,0,0,0,0,0,0,1,1,1947-04-17,,0,8796431,,,,,,,,,,,,,,,
442127,0036000,1,大分県,オオイタケン,Oita,,,,豊後大野市,ブンゴオオノシ,Bungoono-shi,,,,大野町澤田,オオノマチサワタ,Onomachi Sawata,,,,,,,,0,0,0,0,0,0,1,1,1947-04-17,,0,8796408,,,,,,,,,,,,,,,
442127,0037000,1,大分県,オオイタケン,Oita,,,,豊後大野市,ブンゴオオノシ,Bungoono-shi,,,,大野町杉園,オオノマチスギゾノ,Onomachi Sugizono,,,,,,,,0,0,0,0,0,0,1,1,1947-04-17,,0,8796406,,,,,,,,,,,,,,,
442127,0038000,1,大分県,オオイタケン,Oita,,,,豊後大野市,ブンゴオオノシ,Bungoono-shi,,,,大野町代三五,オオノマチダイサンゴ,Onomachi Daisango,,,,,,,,0,0,0,0,0,0,1,1,1947-04-17,,0,8796405,,,,,,,,,,,,,,,
442127,0039000,1,大分県,オオイタケン,Oita,,,,豊後大野市,ブンゴオオノシ,Bungoono-shi,,,,大野町田代,オオノマチタシロ,Onomachi Tashiro,,,,,,,,0,0,0,0,0,0,1,1,1947-04-17,,0,8796444,,,,,,,,,,,,,,,
442127,0040000,1,大分県,オオイタケン,Oita,,,,豊後大野市,ブンゴオオノシ,Bungoono-shi,,,,大野町田中,オオノマチタナカ,Onomachi Tanaka,,,,,,,,0,0,0,0,0,0,1,1,1947-04-17,,0,8796441,,,,,,,,,,,,,,,
442127,0041000,1,大分県,オオイタケン,Oita,,,,豊後大野市,ブンゴオオノシ,Bungoono-shi,,,,大野町十時,オオノマチトトキ,Onomachi Totoki,,,,,,,,0,0,0,0,0,0,1,1,1947-04-17,,0,8796407,,,,,,,,,,,,,,,
442127,0042000,1,大分県,オオイタケン,Oita,,,,豊後大野市,ブンゴオオノシ,Bungoono-shi,,,,大野町中土師,オオノマチナカハジ,Onomachi Nakahaji,,,,,,,,0,0,0,0,0,0,1,1,1947-04-17,,0,8796402,,,,,,,,,,,,,,,
442127,0043000,1,大分県,オオイタケン,Oita,,,,豊後大野市,ブンゴオオノシ,Bungoono-shi,,,,大野町長畑,オオノマチナガハタ,Onomachi Nagahata,,,,,,,,0,0,0,0,0,0,1,1,1947-04-17,,0,8796403,,,,,,,,,,,,,,,
442127,0044000,1,大分県,オオイタケン,Oita,,,,豊後大野市,ブンゴオオノシ,Bungoono-shi,,,,大野町中原,オオノマチナカバル,Onomachi Nakabaru,,,,,,,,0,0,0,0,0,0,1,1,1947-04-17,,0,8796421,,,,,,,,,,,,,,,
442127,0045000,1,大分県,オオイタケン,Oita,,,,豊後大野市,ブンゴオオノシ,Bungoono-shi,,,,大野町夏足,オオノマチナタセ,Onomachi Natase,,,,,,,,0,0,0,0,0,0,1,1,1947-04-17,,0,8796424,,,,,,,,,,,,,,,
442127,0046000,1,大分県,オオイタケン,Oita,,,,豊後大野市,ブンゴオオノシ,Bungoono-shi,,,,大野町藤北,オオノマチフジキタ,Onomachi Fujikita,,,,,,,,0,0,0,0,0,0,1,1,1947-04-17,,0,8796442,,,,,,,,,,,,,,,
442127,0047000,1,大分県,オオイタケン,Oita,,,,豊後大野市,ブンゴオオノシ,Bungoono-shi,,,,大野町宮迫,オオノマチミヤザコ,Onomachi Miyazako,,,,,,,,0,0,0,0,0,0,1,1,1947-04-17,,0,8796443,,,,,,,,,,,,,,,
442127,0048000,1,大分県,オオイタケン,Oita,,,,豊後大野市,ブンゴオオノシ,Bungoono-shi,,,,大野町矢田,オオノマチヤダ,Onomachi Yada,,,,,,,,0,0,0,0,0,0,1,1,1947-04-17,,0,8796423,,,,,,,,,,,,,,,
442127,0049000,1,大分県,オオイタケン,Oita,,,,豊後大野市,ブンゴオオノシ,Bungoono-shi,,,,大野町屋原,オオノマチヤバル,Onomachi Yabaru,,,,,,,,0,0,0,0,0,0,1,1,1947-04-17,,0,8796432,,,,,,,,,,,,,,,
442127,0050000,1,大分県,オオイタケン,Oita,,,,豊後大野市,ブンゴオオノシ,Bungoono-shi,,,,大野町両家,オオノマチリョウケ,Onomachi Ryoke,,,,,,,,0,0,0,0,0,0,1,1,1947-04-17,,0,8796425,,,,,,,,,,,,,,,
442127,0051000,1,大分県,オオイタケン,Oita,,,,豊後大野市,ブンゴオオノシ,Bungoono-shi,,,,緒方町井上,オガタマチイノウエ,Ogatamachi Inoe,,,,,,,,0,0,0,0,0,0,1,1,1947-04-17,,0,8796613,,,,,,,,,,,,,,,
442127,0052000,1,大分県,オオイタケン,Oita,,,,豊後大野市,ブンゴオオノシ,Bungoono-shi,,,,緒方町上畑,オガタマチウワハタ,Ogatamachi Uwahata,,,,,,,,0,0,0,0,0,0,1,1,1947-04-17,,0,8796864,,,,,,,,,,,,,,,
442127,0053000,1,大分県,オオイタケン,Oita,,,,豊後大野市,ブンゴオオノシ,Bungoono-shi,,,,緒方町小宛,オガタマチオアテ,Ogatamachi Oate,,,,,,,,0,0,0,0,0,0,1,1,1947-04-17,,0,8796633,,,,,,,,,,,,,,,
442127,0054000,1,大分県,オオイタケン,Oita,,,,豊後大野市,ブンゴオオノシ,Bungoono-shi,,,,緒方町大石,オガタマチオオイシ,Ogatamachi Oishi,,,,,,,,0,0,0,0,0,0,1,1,1947-04-17,,0,8796759,,,,,,,,,,,,,,,
442127,0055000,1,大分県,オオイタケン,Oita,,,,豊後大野市,ブンゴオオノシ,Bungoono-shi,,,,緒方町小原,オガタマチオハル,Ogatamachi Oharu,,,,,,,,0,0,0,0,0,0,1,1,1947-04-17,,0,8796861,,,,,,,,,,,,,,,
442127,0056000,1,大分県,オオイタケン,Oita,,,,豊後大野市,ブンゴオオノシ,Bungoono-shi,,,,緒方町尾平鉱山,オガタマチオビラコウザン,Ogatamachi Obirakozan,,,,,,,,0,0,0,0,0,0,1,1,1947-04-17,,0,8796865,,,,,,,,,,,,,,,
442127,0057000,1,大分県,オオイタケン,Oita,,,,豊後大野市,ブンゴオオノシ,Bungoono-shi,,,,緒方町上自在,オガタマチカミジザイ,Ogatamachi Kamijizai,,,,,,,,0,0,0,0,0,0,1,1,1947-04-17,,0,8796642,,,,,,,,,,,,,,,
442127,0058000,1,大分県,オオイタケン,Oita,,,,豊後大野市,ブンゴオオノシ,Bungoono-shi,,,,緒方町上年野,オガタマチカミトシノ,Ogatamachi Kamitoshino,,,,,,,,0,0,0,0,0,0,1,1,1947-04-17,,0,8796751,,,,,,,,,,,,,,,
442127,0059000,1,大分県,オオイタケン,Oita,,,,豊後大野市,ブンゴオオノシ,Bungoono-shi,,,,緒方町上冬原,オガタマチカミフユバル,Ogatamachi Kamifuyubaru,,,,,,,,0,0,0,0,0,0,1,1,1947-04-17,,0,8796755,,,,,,,,,,,,,,,
442127,0060000,1,大分県,オオイタケン,Oita,,,,豊後大野市,ブンゴオオノシ,Bungoono-shi,,,,緒方町木野,オガタマチキノ,Ogatamachi Kino,,,,,,,,0,0,0,0,0,0,1,1,1947-04-17,,0,8796757,,,,,,,,,,,,,,,
442127,0061000,1,大分県,オオイタケン,Oita,,,,豊後大野市,ブンゴオオノシ,Bungoono-shi,,,,緒方町草深野,オガタマチクサブカノ,Ogatamachi Kusabukano,,,,,,,,0,0,0,0,0,0,1,1,1947-04-17,,0,8796641,,,,,,,,,,,,,,,
442127,0062000,1,大分県,オオイタケン,Oita,,,,豊後大野市,ブンゴオオノシ,Bungoono-shi,,,,緒方町久土知,オガタマチクドチ,Ogatamachi Kudochi,,,,,,,,0,0,0,0,0,0,1,1,1947-04-17,,0,8796616,,,,,,,,,,,,,,,
442127,0063000,1,大分県,オオイタケン,Oita,,,,豊後大野市,ブンゴオオノシ,Bungoono-shi,,,,緒方町栗生,オガタマチクリュウ,Ogatamachi Kuriu,,,,,,,,0,0,0,0,0,0,1,1,1947-04-17,,0,8796862,,,,,,,,,,,,,,,
442127,0064000,1,大分県,オオイタケン,Oita,,,,豊後大野市,ブンゴオオノシ,Bungoono-shi,,,,緒方町越生,オガタマチコショウ,Ogatamachi Koshio,,,,,,,,0,0,0,0,0,0,1,1,1947-04-17,,0,8796612,,,,,,,,,,,,,,,
442127,0065000,1,大分県,オオイタケン,Oita,,,,豊後大野市,ブンゴオオノシ,Bungoono-shi,,,,緒方町志賀,オガタマチシガ,Ogatamachi Shiga,,,,,,,,0,0,0,0,0,0,1,1,1947-04-17,,0,8796602,,,,,,,,,,,,,,,
442127,0066000,1,大分県,オオイタケン,Oita,,,,豊後大野市,ブンゴオオノシ,Bungoono-shi,,,,緒方町軸丸,オガタマチジクマル,Ogatamachi Jikumaru,,,,,,,,0,0,0,0,0,0,1,1,1947-04-17,,0,8796635,,,,,,,,,,,,,,,
442127,0067000,1,大分県,オオイタケン,Oita,,,,豊後大野市,ブンゴオオノシ,Bungoono-shi,,,,緒方町下自在,オガタマチシモジザイ,Ogatamachi Shimojizai,,,,,,,,0,0,0,0,0,0,1,1,1947-04-17,,0,8796643,,,,,,,,,,,,,,,
442127,0068000,1,大分県,オオイタケン,Oita,,,,豊後大野市,ブンゴオオノシ,Bungoono-shi,,,,緒方町下徳田,オガタマチシモトクダ,Ogatamachi Shimotokuda,,,,,,,,0,0,0,0,0,0,1,1,1947-04-17,,0,8796753,,,,,,,,,,,,,,,
442127,0069000,1,大分県,オオイタケン,Oita,,,,豊後大野市,ブンゴオオノシ,Bungoono-shi,,,,緒方町大化,オガタマチタイカ,Ogatamachi Taika,,,,,,,,0,0,0,0,0,0,1,1,1947-04-17,,0,8796626,,,,,,,,,,,,,,,
442127,0070000,1,大分県,オオイタケン,Oita,,,,豊後大野市,ブンゴオオノシ,Bungoono-shi,,,,緒方町滞迫,オガタマチタイザコ,Ogatamachi Taizako,,,,,,,,0,0,0,0,0,0,1,1,1947-04-17,,0,8796863,,,,,,,,,,,,,,,
442127,0071000,1,大分県,オオイタケン,Oita,,,,豊後大野市,ブンゴオオノシ,Bungoono-shi,,,,緒方町知田,オガタマチチタ,Ogatamachi Chita,,,,,,,,0,0,0,0,0,0,1,1,1947-04-17,,0,8796614,,,,,,,,,,,,,,,
442127,0072000,1,大分県,オオイタケン,Oita,,,,豊後大野市,ブンゴオオノシ,Bungoono-shi,,,,緒方町辻,オガタマチツジ,Ogatamachi Tsuji,,,,,,,,0,0,0,0,0,0,1,1,1947-04-17,,0,8796632,,,,,,,,,,,,,,,
442127,0073000,1,大分県,オオイタケン,Oita,,,,豊後大野市,ブンゴオオノシ,Bungoono-shi,,,,緒方町寺原,オガタマチテラバル,Ogatamachi Terabaru,,,,,,,,0,0,0,0,0,0,1,1,1947-04-17,,0,8796634,,,,,,,,,,,,,,,
442127,0074000,1,大分県,オオイタケン,Oita,,,,豊後大野市,ブンゴオオノシ,Bungoono-shi,,,,緒方町天神,オガタマチテンジン,Ogatamachi Tenjin,,,,,,,,0,0,0,0,0,0,1,1,1947-04-17,,0,8796622,,,,,,,,,,,,,,,
442127,0075000,1,大分県,オオイタケン,Oita,,,,豊後大野市,ブンゴオオノシ,Bungoono-shi,,,,緒方町徳田,オガタマチトクダ,Ogatamachi Tokuda,,,,,,,,0,0,0,0,0,0,1,1,1947-04-17,,0,8796756,,,,,,,,,,,,,,,
442127,0076000,1,大分県,オオイタケン,Oita,,,,豊後大野市,ブンゴオオノシ,Bungoono-shi,,,,緒方町中野,オガタマチナカノ,Ogatamachi Nakano,,,,,,,,0,0,0,0,0,0,1,1,1947-04-17,,0,8796758,,,,,,,,,,,,,,,
442127,0077000,1,大分県,オオイタケン,Oita,,,,豊後大野市,ブンゴオオノシ,Bungoono-shi,,,,緒方町夏足,オガタマチナタセ,Ogatamachi Natase,,,,,,,,0,0,0,0,0,0,1,1,1947-04-17,,0,8796611,,,,,,,,,,,,,,,
442127,0078000,1,大分県,オオイタケン,Oita,,,,豊後大野市,ブンゴオオノシ,Bungoono-shi,,,,緒方町野尻,オガタマチノジリ,Ogatamachi Nojiri,,,,,,,,0,0,0,0,0,0,1,1,1947-04-17,,0,8796621,,,,,,,,,,,,,,,
442127,0079000,1,大分県,オオイタケン,Oita,,,,豊後大野市,ブンゴオオノシ,Bungoono-shi,,,,緒方町馬場,オガタマチババ,Ogatamachi Baba,,,,,,,,0,0,0,0,0,0,1,1,1947-04-17,,0,8796601,,,,,,,,,,,,,,,
442127,0080000,1,大分県,オオイタケン,Oita,,,,豊後大野市,ブンゴオオノシ,Bungoono-shi,,,,緒方町原尻,オガタマチハラジリ,Ogatamachi Harajiri,,,,,,,,0,0,0,0,0,0,1,1,1947-04-17,,0,8796631,,,,,,,,,,,,,,,
442127,0081000,1,大分県,オオイタケン,Oita,,,,豊後大野市,ブンゴオオノシ,Bungoono-shi,,,,緒方町平石,オガタマチヒライシ,Ogatamachi Hiraishi,,,,,,,,0,0,0,0,0,0,1,1,1947-04-17,,0,8796624,,,,,,,,,,,,,,,
442127,0082000,1,大分県,オオイタケン,Oita,,,,豊後大野市,ブンゴオオノシ,Bungoono-shi,,,,緒方町鮒川,オガタマチフナガワ,Ogatamachi Funagawa,,,,,,,,0,0,0,0,0,0,1,1,1947-04-17,,0,8796615,,,,,,,,,,,,,,,
442127,0083000,1,大分県,オオイタケン,Oita,,,,豊後大野市,ブンゴオオノシ,Bungoono-shi,,,,緒方町冬原,オガタマチフユバル,Ogatamachi Fuyubaru,,,,,,,,0,0,0,0,0,0,1,1,1947-04-17,,0,8796754,,,,,,,,,,,,,,,
442127,0084000,1,大分県,オオイタケン,Oita,,,,豊後大野市,ブンゴオオノシ,Bungoono-shi,,,,緒方町馬背畑,オガタマチマセバタ,Ogatamachi Masebata,,,,,,,,0,0,0,0,0,0,1,1,1947-04-17,,0,8796623,,,,,,,,,,,,,,,
442127,0085000,1,大分県,オオイタケン,Oita,,,,豊後大野市,ブンゴオオノシ,Bungoono-shi,,,,緒方町柚木,オガタマチユギ,Ogatamachi Yugi,,,,,,,,0,0,0,0,0,0,1,1,1947-04-17,,0,8796752,,,,,,,,,,,,,,,
442127,0086000,1,大分県,オオイタケン,Oita,,,,豊後大野市,ブンゴオオノシ,Bungoono-shi,,,,清川町雨堤,キヨカワマチアマヅツミ,Kiyokawamachi Amazutsumi,,,,,,,,0,0,0,0,0,0,1,1,1947-04-17,,0,8796902,,,,,,,,,,,,,,,
442127,0087000,1,大分県,オオイタケン,Oita,,,,豊後大野市,ブンゴオオノシ,Bungoono-shi,,,,清川町臼尾,キヨカワマチウスオ,Kiyokawamachi Usuo,,,,,,,,0,0,0,0,0,0,1,1,1947-04-17,,0,8796901,,,,,,,,,,,,,,,
442127,0088000,1,大分県,オオイタケン,Oita,,,,豊後大野市,ブンゴオオノシ,Bungoono-shi,,,,清川町宇田枝,キヨカワマチウタエダ,Kiyokawamachi Utaeda,,,,,,,,0,0,0,0,0,0,1,1,1947-04-17,,0,8796911,,,,,,,,,,,,,,,
442127,0089000,1,大分県,オオイタケン,Oita,,,,豊後大野市,ブンゴオオノシ,Bungoono-shi,,,,清川町大白谷,キヨカワマチオオシロタニ,Kiyokawamachi Oshirotani,,,,,,,,0,0,0,0,0,0,1,1,1947-04-17,,0,8796922,,,,,,,,,,,,,,,
442127,0090000,1,大分県,オオイタケン,Oita,,,,豊後大野市,ブンゴオオノシ,Bungoono-shi,,,,清川町砂田,キヨカワマチスナダ,Kiyokawamachi Sunada,,,,,,,,0,0,0,0,0,0,1,1,1947-04-17,,0,8796903,,,,,,,,,,,,,,,
442127,0091000,1,大分県,オオイタケン,Oita,,,,豊後大野市,ブンゴオオノシ,Bungoono-shi,,,,清川町左右知,キヨカワマチソウチ,Kiyokawamachi Sochi,,,,,,,,0,0,0,0,0,0,1,1,1947-04-17,,0,8796914,,,,,,,,,,,,,,,
442127,0092000,1,大分県,オオイタケン,Oita,,,,豊後大野市,ブンゴオオノシ,Bungoono-shi,,,,清川町天神,キヨカワマチテンジン,Kiyokawamachi Tenjin,,,,,,,,0,0,0,0,0,0,1,1,1947-04-17,,0,8796904,,,,,,,,,,,,,,,
442127,0093000,1,大分県,オオイタケン,Oita,,,,豊後大野市,ブンゴオオノシ,Bungoono-shi,,,,清川町平石,キヨカワマチヒライシ,Kiyokawamachi Hiraishi,,,,,,,,0,0,0,0,0,0,1,1,1947-04-17,,0,8796913,,,,,,,,,,,,,,,
442127,0094000,1,大分県,オオイタケン,Oita,,,,豊後大野市,ブンゴオオノシ,Bungoono-shi,,,,清川町伏野,キヨカワマチフセノ,Kiyokawamachi Fuseno,,,,,,,,0,0,0,0,0,0,1,1,1947-04-17,,0,8796921,,,,,,,,,,,,,,,
442127,0095000,1,大分県,オオイタケン,Oita,,,,豊後大野市,ブンゴオオノシ,Bungoono-shi,,,,清川町三玉,キヨカワマチミタマ,Kiyokawamachi Mitama,,,,,,,,0,0,0,0,0,0,1,1,1947-04-17,,0,8796905,,,,,,,,,,,,,,,
442127,0096000,1,大分県,オオイタケン,Oita,,,,豊後大野市,ブンゴオオノシ,Bungoono-shi,,,,清川町六種,キヨカワマチムクサ,Kiyokawamachi Mukusa,,,,,,,,0,0,0,0,0,0,1,1,1947-04-17,,0,8796912,,,,,,,,,,,,,,,
442127,0097000,1,大分県,オオイタケン,Oita,,,,豊後大野市,ブンゴオオノシ,Bungoono-shi,,,,千歳町石田,チトセマチイシダ,Chitosemachi Ishida,,,,,,,,0,0,0,0,0,0,1,1,1947-04-17,,0,8797403,,,,,,,,,,,,,,,
442127,0098000,1,大分県,オオイタケン,Oita,,,,豊後大野市,ブンゴオオノシ,Bungoono-shi,,,,千歳町柴山,チトセマチシバヤマ,Chitosemachi Shibayama,,,,,,,,0,0,0,0,0,0,1,1,1947-04-17,,0,8797411,,,,,,,,,,,,,,,
442127,0099000,1,大分県,オオイタケン,Oita,,,,豊後大野市,ブンゴオオノシ,Bungoono-shi,,,,千歳町下山,チトセマチシモヤマ,Chitosemachi Shimoyama,,,,,,,,0,0,0,0,0,0,1,1,1947-04-17,,0,8797413,,,,,,,,,,,,,,,
442127,0100000,1,大分県,オオイタケン,Oita,,,,豊後大野市,ブンゴオオノシ,Bungoono-shi,,,,千歳町高畑,チトセマチタカハタ,Chitosemachi Takahata,,,,,,,,0,0,0,0,0,0,1,1,1947-04-17,,0,8797412,,,,,,,,,,,,,,,
442127,0101000,1,大分県,オオイタケン,Oita,,,,豊後大野市,ブンゴオオノシ,Bungoono-shi,,,,千歳町長峰,チトセマチナガミネ,Chitosemachi Nagamine,,,,,,,,0,0,0,0,0,0,1,1,1947-04-17,,0,8797404,,,,,,,,,,,,,,,
442127,0102000,1,大分県,オオイタケン,Oita,,,,豊後大野市,ブンゴオオノシ,Bungoono-shi,,,,千歳町新殿,チトセマチニイドノ,Chitosemachi Niidono,,,,,,,,0,0,0,0,0,0,1,1,1947-04-17,,0,8797401,,,,,,,,,,,,,,,
442127,0103000,1,大分県,オオイタケン,Oita,,,,豊後大野市,ブンゴオオノシ,Bungoono-shi,,,,千歳町船田,チトセマチフナダ,Chitosemachi Funada,,,,,,,,0,0,0,0,0,0,1,1,1947-04-17,,0,8797402,,,,,,,,,,,,,,,
442127,0104000,1,大分県,オオイタケン,Oita,,,,豊後大野市,ブンゴオオノシ,Bungoono-shi,,,,千歳町前田,チトセマチマエダ,Chitosemachi Maeda,,,,,,,,0,0,0,0,0,0,1,1,1947-04-17,,0,8797414,,,,,,,,,,,,,,,
442127,0105000,1,大分県,オオイタケン,Oita,,,,豊後大野市,ブンゴオオノシ,Bungoono-shi,,,,三重町赤嶺,ミエマチアカミネ,Miemachi Akamine,,,,,,,,0,0,0,0,0,0,1,1,1947-04-17,,0,8797111,,,,,,,,,,,,,,,
442127,0106000,1,大分県,オオイタケン,Oita,,,,豊後大野市,ブンゴオオノシ,Bungoono-shi,,,,三重町秋葉,ミエマチアキバ,Miemachi Akiba,,,,,,,,0,0,0,0,0,0,1,1,1947-04-17,,0,8797141,,,,,,,,,,,,,,,
442127,0107000,1,大分県,オオイタケン,Oita,,,,豊後大野市,ブンゴオオノシ,Bungoono-shi,,,,三重町浅瀬,ミエマチアサセ,Miemachi Asase,,,,,,,,0,0,0,0,0,0,1,1,1947-04-17,,0,8797108,,,,,,,,,,,,,,,
442127,0108000,1,大分県,オオイタケン,Oita,,,,豊後大野市,ブンゴオオノシ,Bungoono-shi,,,,三重町芦刈,ミエマチアシカリ,Miemachi Ashikari,,,,,,,,0,0,0,0,0,0,1,1,1947-04-17,,0,8797105,,,,,,,,,,,,,,,
442127,0109000,1,大分県,オオイタケン,Oita,,,,豊後大野市,ブンゴオオノシ,Bungoono-shi,,,,三重町井迫,ミエマチイサコ,Miemachi Isako,,,,,,,,0,0,0,0,0,0,1,1,1947-04-17,,0,8797106,,,,,,,,,,,,,,,
442127,0110000,1,大分県,オオイタケン,Oita,,,,豊後大野市,ブンゴオオノシ,Bungoono-shi,,,,三重町市場,ミエマチイチバ,Miemachi Ichiba,,,,,,,,0,0,0,0,0,0,1,1,1947-04-17,,0,8797131,,,,,,,,,,,,,,,
442127,0111000,1,大分県,オオイタケン,Oita,,,,豊後大野市,ブンゴオオノシ,Bungoono-shi,,,,三重町内田,ミエマチウチダ,Miemachi Uchida,,,,,,,,0,0,0,0,0,0,1,1,1947-04-17,,0,8797125,,,,,,,,,,,,,,,
442127,0112000,1,大分県,オオイタケン,Oita,,,,豊後大野市,ブンゴオオノシ,Bungoono-shi,,,,三重町内山,ミエマチウチヤマ,Miemachi Uchiyama,,,,,,,,0,0,0,0,0,0,1,1,1947-04-17,,0,8797124,,,,,,,,,,,,,,,
442127,0113000,1,大分県,オオイタケン,Oita,,,,豊後大野市,ブンゴオオノシ,Bungoono-shi,,,,三重町大白谷,ミエマチオオシロタニ,Miemachi Oshirotani,,,,,,,,0,0,0,0,0,0,1,1,1947-04-17,,0,8797264,,,,,,,,,,,,,,,
442127,0114000,1,大分県,オオイタケン,Oita,,,,豊後大野市,ブンゴオオノシ,Bungoono-shi,,,,三重町奥畑,ミエマチオクバタ,Miemachi Okubata,,,,,,,,0,0,0,0,0,0,1,1,1947-04-17,,0,8797262,,,,,,,,,,,,,,,
442127,0115000,1,大分県,オオイタケン,Oita,,,,豊後大野市,ブンゴオオノシ,Bungoono-shi,,,,三重町小坂,ミエマチオサカ,Miemachi Osaka,,,,,,,,0,0,0,0,0,0,1,1,1947-04-17,,0,8797104,,,,,,,,,,,,,,,
442127,0116000,1,大分県,オオイタケン,Oita,,,,豊後大野市,ブンゴオオノシ,Bungoono-shi,,,,三重町小田,ミエマチオダ,Miemachi Oda,,,,,,,,0,0,0,0,0,0,1,1,1947-04-17,,0,8797142,,,,,,,,,,,,,,,
442127,0117000,1,大分県,オオイタケン,Oita,,,,豊後大野市,ブンゴオオノシ,Bungoono-shi,,,,三重町上田原,ミエマチカミタハラ,Miemachi Kamitawara,,,,,,,,0,0,0,0,0,0,1,1,1947-04-17,,0,8797107,,,,,,,,,,,,,,,
442127,0118000,1,大分県,オオイタケン,Oita,,,,豊後大野市,ブンゴオオノシ,Bungoono-shi,,,,三重町川辺,ミエマチカワベ,Miemachi Kawabe,,,,,,,,0,0,0,0,0,0,1,1,1947-04-17,,0,8797154,,,,,,,,,,,,,,,
442127,0119000,1,大分県,オオイタケン,Oita,,,,豊後大野市,ブンゴオオノシ,Bungoono-shi,,,,三重町菅生,ミエマチスゴウ,Miemachi Sugo,,,,,,,,0,0,0,0,0,0,1,1,1947-04-17,,0,8797102,,,,,,,,,,,,,,,
442127,0120000,1,大分県,オオイタケン,Oita,,,,豊後大野市,ブンゴオオノシ,Bungoono-shi,,,,三重町玉田,ミエマチタマダ,Miemachi Tamada,,,,,,,,0,0,0,0,0,0,1,1,1947-04-17,,0,8797153,,,,,,,,,,,,,,,
442127,0121000,1,大分県,オオイタケン,Oita,,,,豊後大野市,ブンゴオオノシ,Bungoono-shi,,,,三重町中津留,ミエマチナカヅル,Miemachi Nakazuru,,,,,,,,0,0,0,0,0,0,1,1,1947-04-17,,0,8797263,,,,,,,,,,,,,,,
442127,0122000,1,大分県,オオイタケン,Oita,,,,豊後大野市,ブンゴオオノシ,Bungoono-shi,,,,三重町西泉,ミエマチニシイズミ,Miemachi Nishiizumi,,,,,,,,0,0,0,0,0,0,1,1,1947-04-17,,0,8797151,,,,,,,,,,,,,,,
442127,0123000,1,大分県,オオイタケン,Oita,,,,豊後大野市,ブンゴオオノシ,Bungoono-shi,,,,三重町西畑,ミエマチニシハタ,Miemachi Nishihata,,,,,,,,0,0,0,0,0,0,1,1,1947-04-17,,0,8797103,,,,,,,,,,,,,,,
442127,0124000,1,大分県,オオイタケン,Oita,,,,豊後大野市,ブンゴオオノシ,Bungoono-shi,,,,三重町久田,ミエマチヒサダ,Miemachi Hisada,,,,,,,,0,0,0,0,0,0,1,1,1947-04-17,,0,8797143,,,,,,,,,,,,,,,
442127,0125000,1,大分県,オオイタケン,Oita,,,,豊後大野市,ブンゴオオノシ,Bungoono-shi,,,,三重町伏野,ミエマチフセノ,Miemachi Fuseno,,,,,,,,0,0,0,0,0,0,1,1,1947-04-17,,0,8797261,,,,,,,,,,,,,,,
442127,0126000,1,大分県,オオイタケン,Oita,,,,豊後大野市,ブンゴオオノシ,Bungoono-shi,,,,三重町本城,ミエマチホンジョウ,Miemachi Honjo,,,,,,,,0,0,0,0,0,0,1,1,1947-04-17,,0,8797144,,,,,,,,,,,,,,,
442127,0127000,1,大分県,オオイタケン,Oita,,,,豊後大野市,ブンゴオオノシ,Bungoono-shi,,,,三重町松尾,ミエマチマツオ,Miemachi Matsuo,,,,,,,,0,0,0,0,0,0,1,1,1947-04-17,,0,8797123,,,,,,,,,,,,,,,
442127,0128000,1,大分県,オオイタケン,Oita,,,,豊後大野市,ブンゴオオノシ,Bungoono-shi,,,,三重町宮野,ミエマチミヤノ,Miemachi Miyano,,,,,,,,0,0,0,0,0,0,1,1,1947-04-17,,0,8797101,,,,,,,,,,,,,,,
442127,0129000,1,大分県,オオイタケン,Oita,,,,豊後大野市,ブンゴオオノシ,Bungoono-shi,,,,三重町向野,ミエマチムコウノ,Miemachi Mukono,,,,,,,,0,0,0,0,0,0,1,1,1947-04-17,,0,8797155,,,,,,,,,,,,,,,
442127,0130000,1,大分県,オオイタケン,Oita,,,,豊後大野市,ブンゴオオノシ,Bungoono-shi,,,,三重町百枝,ミエマチモモエダ,Miemachi Momoeda,,,,,,,,0,0,0,0,0,0,1,1,1947-04-17,,0,8797152,,,,,,,,,,,,,,,
442127,0131000,1,大分県,オオイタケン,Oita,,,,豊後大野市,ブンゴオオノシ,Bungoono-shi,,,,三重町山部,ミエマチヤマブ,Miemachi Yamabu,,,,,,,,0,0,0,0,0,0,1,1,1947-04-17,,0,8797121,,,,,,,,,,,,,,,
442127,0132000,1,大分県,オオイタケン,Oita,,,,豊後大野市,ブンゴオオノシ,Bungoono-shi,,,,三重町鷲谷,ミエマチワシダニ,Miemachi Washidani,,,,,,,,0,0,0,0,0,0,1,1,1947-04-17,,0,8797122,,,,,,,,,,,,,,,
442127,0133000,1,大分県,オオイタケン,Oita,,,,豊後大野市,ブンゴオオノシ,Bungoono-shi,,,,緒方町片ケ瀬,オガタマチカタカセ,,,,,,,,,0,0,0,0,0,0,1,1,1947-04-17,,0,,,,,,,,,,,,,,,,
442135,0001000,1,大分県,オオイタケン,Oita,,,,由布市,ユフシ,Yufu-shi,,,,庄内町阿蘇野,ショウナイチョウアソノ,Shonaicho Asono,,,,,,,,0,0,0,0,0,0,1,1,1947-04-17,,0,8795423,,,,,,,,,,,,,,,
442135,0002000,1,大分県,オオイタケン,Oita,,,,由布市,ユフシ,Yufu-shi,,,,庄内町櫟木,ショウナイチョウイチギ,Shonaicho Ichigi,,,,,,,,0,0,0,0,0,0,1,1,1947-04-17,,0,8795404,,,,,,,,,,,,,,,
442135,0003000,1,大分県,オオイタケン,Oita,,,,由布市,ユフシ,Yufu-shi,,,,庄内町大龍,ショウナイチョウオオタツ,Shonaicho Otatsu,,,,,,,,0,0,0,0,0,0,1,1,1947-04-17,,0,8795413,,,,,,,,,,,,,,,
442135,0004000,1,大分県,オオイタケン,Oita,,,,由布市,ユフシ,Yufu-shi,,,,庄内町小挾間,ショウナイチョウオバサマ,Shonaicho Obasama,,,,,,,,0,0,0,0,0,0,1,1,1947-04-17,,0,8795402,,,,,,,,,,,,,,,
442135,0005000,1,大分県,オオイタケン,Oita,,,,由布市,ユフシ,Yufu-shi,,,,庄内町柿原,ショウナイチョウカキハル,Shonaicho Kakiharu,,,,,,,,0,0,0,0,0,0,1,1,1947-04-17,,0,8795421,,,,,,,,,,,,,,,
442135,0006000,1,大分県,オオイタケン,Oita,,,,由布市,ユフシ,Yufu-shi,,,,庄内町北大津留,ショウナイチョウキタオオツル,Shonaicho Kitaotsuru,,,,,,,,0,0,0,0,0,0,1,1,1947-04-17,,0,8795401,,,,,,,,,,,,,,,
442135,0007000,1,大分県,オオイタケン,Oita,,,,由布市,ユフシ,Yufu-shi,,,,庄内町五ケ瀬,ショウナイチョウゴカセ,Shonaicho Gokase,,,,,,,,0,0,0,0,0,0,1,1,1947-04-17,,0,8795412,,,,,,,,,,,,,,,
442135,0008000,1,大分県,オオイタケン,Oita,,,,由布市,ユフシ,Yufu-shi,,,,庄内町庄内原,ショウナイチョウショウナイバル,Shonaicho Shonaibaru,,,,,,,,0,0,0,0,0,0,1,1,1947-04-17,,0,8795434,,,,,,,,,,,,,,,
442135,0009000,1,大分県,オオイタケン,Oita,,,,由布市,ユフシ,Yufu-shi,,,,庄内町高岡,ショウナイチョウタカオカ,Shonaicho Takaoka,,,,,,,,0,0,0,0,0,0,1,1,1947-04-17,,0,8795433,,,,,,,,,,,,,,,
442135,0010000,1,大分県,オオイタケン,Oita,,,,由布市,ユフシ,Yufu-shi,,,,庄内町龍原,ショウナイチョウタツハル,Shonaicho Tatsuharu,,,,,,,,0,0,0,0,0,0,1,1,1947-04-17,,0,8795411,,,,,,,,,,,,,,,
442135,0011000,1,大分県,オオイタケン,Oita,,,,由布市,ユフシ,Yufu-shi,,,,庄内町直野内山,ショウナイチョウナオノウチヤマ,Shonaicho Naonochiyama,,,,,,,,0,0,0,0,0,0,1,1,1947-04-17,,0,8795424,,,,,,,,,,,,,,,
442135,0012000,1,大分県,オオイタケン,Oita,,,,由布市,ユフシ,Yufu-shi,,,,庄内町中,ショウナイチョウナカ,Shonaicho Naka,,,,,,,,0,0,0,0,0,0,1,1,1947-04-17,,0,8795435,,,,,,,,,,,,,,,
442135,0013000,1,大分県,オオイタケン,Oita,,,,由布市,ユフシ,Yufu-shi,,,,庄内町長野,ショウナイチョウナガノ,Shonaicho Nagano,,,,,,,,0,0,0,0,0,0,1,1,1947-04-17,,0,8795431,,,,,,,,,,,,,,,
442135,0014000,1,大分県,オオイタケン,Oita,,,,由布市,ユフシ,Yufu-shi,,,,庄内町西,ショウナイチョウニシ,Shonaicho Nishi,,,,,,,,0,0,0,0,0,0,1,1,1947-04-17,,0,8795436,,,,,,,,,,,,,,,
442135,0015000,1,大分県,オオイタケン,Oita,,,,由布市,ユフシ,Yufu-shi,,,,庄内町西大津留,ショウナイチョウニシオオツル,Shonaicho Nishiotsuru,,,,,,,,0,0,0,0,0,0,1,1,1947-04-17,,0,8795408,,,,,,,,,,,,,,,
442135,0016000,1,大分県,オオイタケン,Oita,,,,由布市,ユフシ,Yufu-shi,,,,庄内町西長宝,ショウナイチョウニシチョウホウ,Shonaicho Nishichoho,,,,,,,,0,0,0,0,0,0,1,1,1947-04-17,,0,8795406,,,,,,,,,,,,,,,
442135,0017000,1,大分県,オオイタケン,Oita,,,,由布市,ユフシ,Yufu-shi,,,,庄内町野畑,ショウナイチョウノバタケ,Shonaicho Nobatake,,,,,,,,0,0,0,0,0,0,1,1,1947-04-17,,0,8795422,,,,,,,,,,,,,,,
442135,0018000,1,大分県,オオイタケン,Oita,,,,由布市,ユフシ,Yufu-shi,,,,庄内町畑田,ショウナイチョウハタケダ,Shonaicho Hatakeda,,,,,,,,0,0,0,0,0,0,1,1,1947-04-17,,0,8795432,,,,,,,,,,,,,,,
442135,0019000,1,大分県,オオイタケン,Oita,,,,由布市,ユフシ,Yufu-shi,,,,庄内町東大津留,ショウナイチョウヒガシオオツル,Shonaicho Higashiotsuru,,,,,,,,0,0,0,0,0,0,1,1,1947-04-17,,0,8795403,,,,,,,,,,,,,,,
442135,0020000,1,大分県,オオイタケン,Oita,,,,由布市,ユフシ,Yufu-shi,,,,庄内町東長宝,ショウナイチョウヒガシチョウホウ,Shonaicho Higashichoho,,,,,,,,0,0,0,0,0,0,1,1,1947-04-17,,0,8795405,,,,,,,,,,,,,,,
442135,0021000,1,大分県,オオイタケン,Oita,,,,由布市,ユフシ,Yufu-shi,,,,庄内町平石,ショウナイチョウヒライシ,Shonaicho Hiraishi,,,,,,,,0,0,0,0,0,0,1,1,1947-04-17,,0,8795437,,,,,,,,,,,,,,,
442135,0022000,1,大分県,オオイタケン,Oita,,,,由布市,ユフシ,Yufu-shi,,,,庄内町渕,ショウナイチョウフチ,Shonaicho Fuchi,,,,,,,,0,0,0,0,0,0,1,1,1947-04-17,,0,8795425,,,,,,,,,,,,,,,
442135,0023000,1,大分県,オオイタケン,Oita,,,,由布市,ユフシ,Yufu-shi,,,,庄内町南大津留,ショウナイチョウミナミオオツル,Shonaicho Minamiotsuru,,,,,,,,0,0,0,0,0,0,1,1,1947-04-17,,0,8795407,,,,,,,,,,,,,,,
442135,0024000,1,大分県,オオイタケン,Oita,,,,由布市,ユフシ,Yufu-shi,,,,挾間町赤野,ハサママチアカノ,Hasamamachi Akano,,,,,,,,0,0,0,0,0,0,1,1,1947-04-17,,0,8795516,,,,,,,,,,,,,,,
442135,0025001,2,大分県,オオイタケン,Oita,,,,由布市,ユフシ,Yufu-shi,,,,挾間町医大ヶ丘,ハサママチイダイガオカ,Hasamamachi Idaigaoka,１丁目,１チョウメ,1,,,,,0,0,0,0,0,0,1,1,1947-04-17,,0,,,,,,,,,,,,,,,,
442135,0025002,2,大分県,オオイタケン,Oita,,,,由布市,ユフシ,Yufu-shi,,,,挾間町医大ヶ丘,ハサママチイダイガオカ,Hasamamachi Idaigaoka,２丁目,２チョウメ,2,,,,,0,0,0,0,0,0,1,1,1947-04-17,,0,,,,,,,,,,,,,,,,
442135,0025003,2,大分県,オオイタケン,Oita,,,,由布市,ユフシ,Yufu-shi,,,,挾間町医大ヶ丘,ハサママチイダイガオカ,Hasamamachi Idaigaoka,３丁目,３チョウメ,3,,,,,0,0,0,0,0,0,1,1,1947-04-17,,0,,,,,,,,,,,,,,,,
442135,0026000,1,大分県,オオイタケン,Oita,,,,由布市,ユフシ,Yufu-shi,,,,挾間町内成,ハサママチウチナリ,Hasamamachi Uchinari,,,,,,,,0,0,0,0,0,0,1,1,1947-04-17,,0,8795517,,,,,,,,,,,,,,,
442135,0027000,1,大分県,オオイタケン,Oita,,,,由布市,ユフシ,Yufu-shi,,,,挾間町鬼瀬,ハサママチオニガセ,Hasamamachi Onigase,,,,,,,,0,0,0,0,0,0,1,1,1947-04-17,,0,8795521,,,,,,,,,,,,,,,
442135,0028000,1,大分県,オオイタケン,Oita,,,,由布市,ユフシ,Yufu-shi,,,,挾間町鬼崎,ハサママチオニザキ,Hasamamachi Onizaki,,,,,,,,0,0,0,0,0,0,1,1,1947-04-17,,0,8795501,,,,,,,,,,,,,,,
442135,0029000,1,大分県,オオイタケン,Oita,,,,由布市,ユフシ,Yufu-shi,,,,挾間町小野,ハサママチオノ,Hasamamachi Ono,,,,,,,,0,0,0,0,0,0,1,1,1947-04-17,,0,8795522,,,,,,,,,,,,,,,
442135,0030000,1,大分県,オオイタケン,Oita,,,,由布市,ユフシ,Yufu-shi,,,,挾間町北方,ハサママチキタガタ,Hasamamachi Kitagata,,,,,,,,0,0,0,0,0,0,1,1,1947-04-17,,0,8795518,,,,,,,,,,,,,,,
442135,0031000,1,大分県,オオイタケン,Oita,,,,由布市,ユフシ,Yufu-shi,,,,挾間町来鉢,ハサママチクバチ,Hasamamachi Kubachi,,,,,,,,0,0,0,0,0,0,1,1,1947-04-17,,0,8795512,,,,,,,,,,,,,,,
442135,0032000,1,大分県,オオイタケン,Oita,,,,由布市,ユフシ,Yufu-shi,,,,挾間町篠原,ハサママチシノハラ,Hasamamachi Shinohara,,,,,,,,0,0,0,0,0,0,1,1,1947-04-17,,0,8795523,,,,,,,,,,,,,,,
442135,0033000,1,大分県,オオイタケン,Oita,,,,由布市,ユフシ,Yufu-shi,,,,挾間町下市,ハサママチシモイチ,Hasamamachi Shimoichi,,,,,,,,0,0,0,0,0,0,1,1,1947-04-17,,0,8795504,,,,,,,,,,,,,,,
442135,0034000,1,大分県,オオイタケン,Oita,,,,由布市,ユフシ,Yufu-shi,,,,挾間町高崎,ハサママチタカサキ,Hasamamachi Takazaki,,,,,,,,0,0,0,0,0,0,1,1,1947-04-17,,0,8795513,,,,,,,,,,,,,,,
442135,0035000,1,大分県,オオイタケン,Oita,,,,由布市,ユフシ,Yufu-shi,,,,挾間町田代,ハサママチタシロ,Hasamamachi Tashiro,,,,,,,,0,0,0,0,0,0,1,1,1947-04-17,,0,8795519,,,,,,,,,,,,,,,
442135,0036000,1,大分県,オオイタケン,Oita,,,,由布市,ユフシ,Yufu-shi,,,,挾間町谷,ハサママチタニ,Hasamamachi Tani,,,,,,,,0,0,0,0,0,0,1,1,1947-04-17,,0,8795531,,,,,,,,,,,,,,,
442135,0037000,1,大分県,オオイタケン,Oita,,,,由布市,ユフシ,Yufu-shi,,,,挾間町筒口,ハサママチツツグチ,Hasamamachi Tsutsuguchi,,,,,,,,0,0,0,0,0,0,1,1,1947-04-17,,0,8795532,,,,,,,,,,,,,,,
442135,0038000,1,大分県,オオイタケン,Oita,,,,由布市,ユフシ,Yufu-shi,,,,挾間町時松,ハサママチトキマツ,Hasamamachi Tokimatsu,,,,,,,,0,0,0,0,0,0,1,1,1947-04-17,,0,8795524,,,,,,,,,,,,,,,
442135,0039000,1,大分県,オオイタケン,Oita,,,,由布市,ユフシ,Yufu-shi,,,,挾間町七蔵司,ハサママチナナゾウシ,Hasamamachi Nanazoshi,,,,,,,,0,0,0,0,0,0,1,1,1947-04-17,,0,8795514,,,,,,,,,,,,,,,
442135,0040000,1,大分県,オオイタケン,Oita,,,,由布市,ユフシ,Yufu-shi,,,,挾間町挾間,ハサママチハサマ,Hasamamachi Hasama,,,,,,,,0,0,0,0,0,0,1,1,1947-04-17,,0,8795506,,,,,,,,,,,,,,,
442135,0041000,1,大分県,オオイタケン,Oita,,,,由布市,ユフシ,Yufu-shi,,,,挾間町古野,ハサママチフルノ,Hasamamachi Furuno,,,,,,,,0,0,0,0,0,0,1,1,1947-04-17,,0,8795511,,,,,,,,,,,,,,,
442135,0042000,1,大分県,オオイタケン,Oita,,,,由布市,ユフシ,Yufu-shi,,,,挾間町朴木,ハサママチホオノキ,Hasamamachi Honoki,,,,,,,,0,0,0,0,0,0,1,1,1947-04-17,,0,8795525,,,,,,,,,,,,,,,
442135,0043000,1,大分県,オオイタケン,Oita,,,,由布市,ユフシ,Yufu-shi,,,,挾間町三船,ハサママチミフネ,Hasamamachi Mifune,,,,,,,,0,0,0,0,0,0,1,1,1947-04-17,,0,8795515,,,,,,,,,,,,,,,
442135,0044000,1,大分県,オオイタケン,Oita,,,,由布市,ユフシ,Yufu-shi,,,,挾間町向原,ハサママチムカイノハル,Hasamamachi Mukainoharu,,,,,,,,0,0,0,0,0,0,1,1,1947-04-17,,0,8795502,,,,,,,,,,,,,,,
442135,0045000,1,大分県,オオイタケン,Oita,,,,由布市,ユフシ,Yufu-shi,,,,湯布院町川上,ユフインチョウカワカミ,Yufuincho Kawakami,,,,,,,,0,0,0,0,0,0,1,1,1947-04-17,,0,8795102,,,,,,,,,,,,,,,
442135,0046000,1,大分県,オオイタケン,Oita,,,,由布市,ユフシ,Yufu-shi,,,,湯布院町川北,ユフインチョウカワキタ,Yufuincho Kawakita,,,,,,,,0,0,0,0,0,0,1,1,1947-04-17,,0,8795114,,,,,,,,,,,,,,,
442135,0047000,1,大分県,オオイタケン,Oita,,,,由布市,ユフシ,Yufu-shi,,,,湯布院町川西,ユフインチョウカワニシ,Yufuincho Kawanishi,,,,,,,,0,0,0,0,0,0,1,1,1947-04-17,,0,8795113,,,,,,,,,,,,,,,
442135,0048000,1,大分県,オオイタケン,Oita,,,,由布市,ユフシ,Yufu-shi,,,,湯布院町川南,ユフインチョウカワミナミ,Yufuincho Kawaminami,,,,,,,,0,0,0,0,0,0,1,1,1947-04-17,,0,8795103,,,,,,,,,,,,,,,
442135,0049000,1,大分県,オオイタケン,Oita,,,,由布市,ユフシ,Yufu-shi,,,,湯布院町下湯平,ユフインチョウシモユノヒラ,Yufuincho Shimoyunohira,,,,,,,,0,0,0,0,0,0,1,1,1947-04-17,,0,8795111,,,,,,,,,,,,,,,
442135,0050000,1,大分県,オオイタケン,Oita,,,,由布市,ユフシ,Yufu-shi,,,,湯布院町塚原,ユフインチョウツカハラ,Yufuincho Tsukawara,,,,,,,,0,0,0,0,0,0,1,1,1947-04-17,,0,8795101,,,,,,,,,,,,,,,
442135,0051000,1,大分県,オオイタケン,Oita,,,,由布市,ユフシ,Yufu-shi,,,,湯布院町中川,ユフインチョウナカガワ,Yufuincho Nakagawa,,,,,,,,0,0,0,0,0,0,1,1,1947-04-17,,0,8795104,,,,,,,,,,,,,,,
442135,0052000,1,大分県,オオイタケン,Oita,,,,由布市,ユフシ,Yufu-shi,,,,湯布院町湯平,ユフインチョウユノヒラ,Yufuincho Yunohira,,,,,,,,0,0,0,0,0,0,1,1,1947-04-17,,0,8795112,,,,,,,,,,,,,,,
442135,0053000,1,大分県,オオイタケン,Oita,,,,由布市,ユフシ,Yufu-shi,,,,挾間町東院,ハサママチトイ,Hasamamachi Toi,,,,,,,,0,0,0,0,0,0,1,1,1947-04-17,,0,8795510,,,,,,,,,,,,,,,
442143,0001000,1,大分県,オオイタケン,Oita,,,,国東市,クニサキシ,Kunisaki-shi,,,,安岐町朝来,アキマチアサク,Akimachi Asaku,,,,,,,,0,0,0,0,0,0,1,1,1947-04-17,,0,8730351,,,,,,,,,,,,,,,
442143,0002000,1,大分県,オオイタケン,Oita,,,,国東市,クニサキシ,Kunisaki-shi,,,,安岐町糸永,アキマチイトナガ,Akimachi Itonaga,,,,,,,,0,0,0,0,0,0,1,1,1947-04-17,,0,8730354,,,,,,,,,,,,,,,
442143,0003000,1,大分県,オオイタケン,Oita,,,,国東市,クニサキシ,Kunisaki-shi,,,,安岐町大添,アキマチオオソエ,Akimachi Osoe,,,,,,,,0,0,0,0,0,0,1,1,1947-04-17,,0,8730223,,,,,,,,,,,,,,,
442143,0004000,1,大分県,オオイタケン,Oita,,,,国東市,クニサキシ,Kunisaki-shi,,,,安岐町掛樋,アキマチカケヒ,Akimachi Kakehi,,,,,,,,0,0,0,0,0,0,1,1,1947-04-17,,0,8730205,,*_*_*_*_MJ014417,,,,,,,,,,,,,
442143,0005000,1,大分県,オオイタケン,Oita,,,,国東市,クニサキシ,Kunisaki-shi,,,,安岐町向陽台,アキマチコウヨウダイ,Akimachi Koyodai,,,,,,,,0,0,0,0,0,0,1,1,1947-04-17,,0,8730232,,,,,,,,,,,,,,,
442143,0006000,1,大分県,オオイタケン,Oita,,,,国東市,クニサキシ,Kunisaki-shi,,,,安岐町塩屋,アキマチシオヤ,Akimachi Shioya,,,,,,,,0,0,0,0,0,0,1,1,1947-04-17,,0,8730212,,,,,,,,,,,,,,,
442143,0007000,1,大分県,オオイタケン,Oita,,,,国東市,クニサキシ,Kunisaki-shi,,,,安岐町下原,アキマチシモバル,Akimachi Shimobaru,,,,,,,,0,0,0,0,0,0,1,1,1947-04-17,,0,8730231,,,,,,,,,,,,,,,
442143,0008000,1,大分県,オオイタケン,Oita,,,,国東市,クニサキシ,Kunisaki-shi,,,,安岐町下山口,アキマチシモヤマグチ,Akimachi Shimoyamaguchi,,,,,,,,0,0,0,0,0,0,1,1,1947-04-17,,0,8730222,,,,,,,,,,,,,,,
442143,0009000,1,大分県,オオイタケン,Oita,,,,国東市,クニサキシ,Kunisaki-shi,,,,安岐町瀬戸田,アキマチセドタ,Akimachi Sedota,,,,,,,,0,0,0,0,0,0,1,1,1947-04-17,,0,8730202,,,,,,,,,,,,,,,
442143,0010000,1,大分県,オオイタケン,Oita,,,,国東市,クニサキシ,Kunisaki-shi,,,,安岐町富清,アキマチトミキヨ,Akimachi Tomikiyo,,,,,,,,0,0,0,0,0,0,1,1,1947-04-17,,0,8730355,,,,,,,,,,,,,,,
442143,0011000,1,大分県,オオイタケン,Oita,,,,国東市,クニサキシ,Kunisaki-shi,,,,安岐町中園,アキマチナカソノ,Akimachi Nakasono,,,,,,,,0,0,0,0,0,0,1,1,1947-04-17,,0,8730203,,,,,,,,,,,,,,,
442143,0012000,1,大分県,オオイタケン,Oita,,,,国東市,クニサキシ,Kunisaki-shi,,,,安岐町成久,アキマチナリヒサ,Akimachi Narihisa,,,,,,,,0,0,0,0,0,0,1,1,1947-04-17,,0,8730204,,,,,,,,,,,,,,,
442143,0013000,1,大分県,オオイタケン,Oita,,,,国東市,クニサキシ,Kunisaki-shi,,,,安岐町西本,アキマチニシモト,Akimachi Nishimoto,,,,,,,,0,0,0,0,0,0,1,1,1947-04-17,,0,8730221,,,,,,,,,,,,,,,
442143,0014000,1,大分県,オオイタケン,Oita,,,,国東市,クニサキシ,Kunisaki-shi,,,,安岐町馬場,アキマチババ,Akimachi Baba,,,,,,,,0,0,0,0,0,0,1,1,1947-04-17,,0,8730211,,,,,,,,,,,,,,,
442143,0015000,1,大分県,オオイタケン,Oita,,,,国東市,クニサキシ,Kunisaki-shi,,,,安岐町両子,アキマチフタゴ,Akimachi Futago,,,,,,,,0,0,0,0,0,0,1,1,1947-04-17,,0,8730356,,,,,,,,,,,,,,,
442143,0016000,1,大分県,オオイタケン,Oita,,,,国東市,クニサキシ,Kunisaki-shi,,,,安岐町明治,アキマチメイジ,Akimachi Meiji,,,,,,,,0,0,0,0,0,0,1,1,1947-04-17,,0,8730352,,,,,,,,,,,,,,,
442143,0017000,1,大分県,オオイタケン,Oita,,,,国東市,クニサキシ,Kunisaki-shi,,,,安岐町矢川,アキマチヤガワ,,,,,,,,,0,0,0,0,0,0,1,1,1947-04-17,,0,,,,,,,,,,,,,,,,
442143,0018000,1,大分県,オオイタケン,Oita,,,,国東市,クニサキシ,Kunisaki-shi,,,,安岐町山浦,アキマチヤマウラ,Akimachi Yamaura,,,,,,,,0,0,0,0,0,0,1,1,1947-04-17,,0,8730206,,,,,,,,,,,,,,,
442143,0019000,1,大分県,オオイタケン,Oita,,,,国東市,クニサキシ,Kunisaki-shi,,,,安岐町山口,アキマチヤマグチ,Akimachi Yamaguchi,,,,,,,,0,0,0,0,0,0,1,1,1947-04-17,,0,8730224,,,,,,,,,,,,,,,
442143,0020000,1,大分県,オオイタケン,Oita,,,,国東市,クニサキシ,Kunisaki-shi,,,,安岐町油留木,アキマチユルギ,Akimachi Yurugi,,,,,,,,0,0,0,0,0,0,1,1,1947-04-17,,0,8730207,,,,,,,,,,,,,,,
442143,0021000,1,大分県,オオイタケン,Oita,,,,国東市,クニサキシ,Kunisaki-shi,,,,安岐町吉松,アキマチヨシマツ,Akimachi Yoshimatsu,,,,,,,,0,0,0,0,0,0,1,1,1947-04-17,,0,8730201,,,,,,,,,,,,,,,
442143,0022000,1,大分県,オオイタケン,Oita,,,,国東市,クニサキシ,Kunisaki-shi,,,,国東町赤松,クニサキマチアカマツ,Kunisakimachi Akamatsu,,,,,,,,0,0,0,0,0,0,1,1,1947-04-17,,0,8730523,,,,,,,,,,,,,,,
442143,0023000,1,大分県,オオイタケン,Oita,,,,国東市,クニサキシ,Kunisaki-shi,,,,国東町安国寺,クニサキマチアンコクジ,Kunisakimachi Ankokuji,,,,,,,,0,0,0,0,0,0,1,1,1947-04-17,,0,8730504,,,,,,,,,,,,,,,
442143,0024000,1,大分県,オオイタケン,Oita,,,,国東市,クニサキシ,Kunisaki-shi,,,,国東町岩戸寺,クニサキマチイワトウジ,Kunisakimachi Iwatoji,,,,,,,,0,0,0,0,0,0,1,1,1947-04-17,,0,8721653,,,,,,,,,,,,,,,
442143,0025000,1,大分県,オオイタケン,Oita,,,,国東市,クニサキシ,Kunisaki-shi,,,,国東町岩屋,クニサキマチイワヤ,Kunisakimachi Iwaya,,,,,,,,0,0,0,0,0,0,1,1,1947-04-17,,0,8730522,,,,,,,,,,,,,,,
442143,0026000,1,大分県,オオイタケン,Oita,,,,国東市,クニサキシ,Kunisaki-shi,,,,国東町小原,クニサキマチオワラ,Kunisakimachi Ohara,,,,,,,,0,0,0,0,0,0,1,1,1947-04-17,,0,8730511,,,,,,,,,,,,,,,
442143,0027000,1,大分県,オオイタケン,Oita,,,,国東市,クニサキシ,Kunisaki-shi,,,,国東町川原,クニサキマチカワラ,Kunisakimachi Kawara,,,,,,,,0,0,0,0,0,0,1,1,1947-04-17,,0,8730531,,,,,,,,,,,,,,,
442143,0028000,1,大分県,オオイタケン,Oita,,,,国東市,クニサキシ,Kunisaki-shi,,,,国東町北江,クニサキマチキタエ,Kunisakimachi Kitae,,,,,,,,0,0,0,0,0,0,1,1,1947-04-17,,0,8730501,,,,,,,,,,,,,,,
442143,0029000,1,大分県,オオイタケン,Oita,,,,国東市,クニサキシ,Kunisaki-shi,,,,国東町来浦,クニサキマチクノウラ,Kunisakimachi Kunora,,,,,,,,0,0,0,0,0,0,1,1,1947-04-17,,0,8721652,,,,,,,,,,,,,,,
442143,0030000,1,大分県,オオイタケン,Oita,,,,国東市,クニサキシ,Kunisaki-shi,,,,国東町見地,クニサキマチケンジ,Kunisakimachi Kenji,,,,,,,,0,0,0,0,0,0,1,1,1947-04-17,,0,8730533,,,,,,,,,,,,,,,
442143,0031000,1,大分県,オオイタケン,Oita,,,,国東市,クニサキシ,Kunisaki-shi,,,,国東町重藤,クニサキマチシゲフジ,Kunisakimachi Shigefuji,,,,,,,,0,0,0,0,0,0,1,1,1947-04-17,,0,8730514,,,,,,,,,,,,,,,
442143,0032000,1,大分県,オオイタケン,Oita,,,,国東市,クニサキシ,Kunisaki-shi,,,,国東町下成仏,クニサキマチシモジョウブツ,Kunisakimachi Shimojobutsu,,,,,,,,0,0,0,0,0,0,1,1,1947-04-17,,0,8730534,,,,,,,,,,,,,,,
442143,0033000,1,大分県,オオイタケン,Oita,,,,国東市,クニサキシ,Kunisaki-shi,,,,国東町成仏,クニサキマチジョウブツ,Kunisakimachi Jobutsu,,,,,,,,0,0,0,0,0,0,1,1,1947-04-17,,0,8730535,,,,,,,,,,,,,,,
442143,0034000,1,大分県,オオイタケン,Oita,,,,国東市,クニサキシ,Kunisaki-shi,,,,国東町治郎丸,クニサキマチジロマル,Kunisakimachi Jiromaru,,,,,,,,0,0,0,0,0,0,1,1,1947-04-17,,0,8730512,,,,,,,,,,,,,,,
442143,0035000,1,大分県,オオイタケン,Oita,,,,国東市,クニサキシ,Kunisaki-shi,,,,国東町大恩寺,クニサキマチダイオンジ,Kunisakimachi Daionji,,,,,,,,0,0,0,0,0,0,1,1,1947-04-17,,0,8730646,,,,,,,,,,,,,,,
442143,0036000,1,大分県,オオイタケン,Oita,,,,国東市,クニサキシ,Kunisaki-shi,,,,国東町田深,クニサキマチタブカ,Kunisakimachi Tabuka,,,,,,,,0,0,0,0,0,0,1,1,1947-04-17,,0,8730502,,,,,,,,,,,,,,,
442143,0037000,1,大分県,オオイタケン,Oita,,,,国東市,クニサキシ,Kunisaki-shi,,,,国東町綱井,クニサキマチツナイ,Kunisakimachi Tsunai,,,,,,,,0,0,0,0,0,0,1,1,1947-04-17,,0,8730513,,,,,,,,,,,,,,,
442143,0038000,1,大分県,オオイタケン,Oita,,,,国東市,クニサキシ,Kunisaki-shi,,,,国東町鶴川,クニサキマチツルガワ,Kunisakimachi Tsurugawa,,,,,,,,0,0,0,0,0,0,1,1,1947-04-17,,0,8730503,,,,,,,,,,,,,,,
442143,0039000,1,大分県,オオイタケン,Oita,,,,国東市,クニサキシ,Kunisaki-shi,,,,国東町富来,クニサキマチトミク,Kunisakimachi Tomiku,,,,,,,,0,0,0,0,0,0,1,1,1947-04-17,,0,8730645,,,,,,,,,,,,,,,
442143,0040000,1,大分県,オオイタケン,Oita,,,,国東市,クニサキシ,Kunisaki-shi,,,,国東町富来浦,クニサキマチトミクウラ,Kunisakimachi Tomikura,,,,,,,,0,0,0,0,0,0,1,1,1947-04-17,,0,8730643,,,,,,,,,,,,,,,
442143,0041000,1,大分県,オオイタケン,Oita,,,,国東市,クニサキシ,Kunisaki-shi,,,,国東町中田,クニサキマチナカダ,Kunisakimachi Nakada,,,,,,,,0,0,0,0,0,0,1,1,1947-04-17,,0,8730532,,,,,,,,,,,,,,,
442143,0042000,1,大分県,オオイタケン,Oita,,,,国東市,クニサキシ,Kunisaki-shi,,,,国東町浜,クニサキマチハマ,Kunisakimachi Hama,,,,,,,,0,0,0,0,0,0,1,1,1947-04-17,,0,8721651,,,,,,,,,,,,,,,
442143,0043000,1,大分県,オオイタケン,Oita,,,,国東市,クニサキシ,Kunisaki-shi,,,,国東町浜崎,クニサキマチハマサキ,Kunisakimachi Hamasaki,,,,,,,,0,0,0,0,0,0,1,1,1947-04-17,,0,8730644,,,,,,,,,,,,,,,
442143,0044000,1,大分県,オオイタケン,Oita,,,,国東市,クニサキシ,Kunisaki-shi,,,,国東町原,クニサキマチハル,Kunisakimachi Haru,,,,,,,,0,0,0,0,0,0,1,1,1947-04-17,,0,8730521,,,,,,,,,,,,,,,
442143,0045000,1,大分県,オオイタケン,Oita,,,,国東市,クニサキシ,Kunisaki-shi,,,,国東町東堅来,クニサキマチヒガシカタク,Kunisakimachi Higashikataku,,,,,,,,0,0,0,0,0,0,1,1,1947-04-17,,0,8730642,,,,,,,,,,,,,,,
442143,0046000,1,大分県,オオイタケン,Oita,,,,国東市,クニサキシ,Kunisaki-shi,,,,国東町深江,クニサキマチフカエ,Kunisakimachi Fukae,,,,,,,,0,0,0,0,0,0,1,1,1947-04-17,,0,8730641,,,,,,,,,,,,,,,
442143,0047000,1,大分県,オオイタケン,Oita,,,,国東市,クニサキシ,Kunisaki-shi,,,,国東町横手,クニサキマチヨコテ,Kunisakimachi Yokote,,,,,,,,0,0,0,0,0,0,1,1,1947-04-17,,0,8730524,,,,,,,,,,,,,,,
442143,0048000,1,大分県,オオイタケン,Oita,,,,国東市,クニサキシ,Kunisaki-shi,,,,国見町赤根,クニミマチアカネ,Kunimimachi Akane,,,,,,,,0,0,0,0,0,0,1,1,1947-04-17,,0,8721405,,,,,,,,,,,,,,,
442143,0049000,1,大分県,オオイタケン,Oita,,,,国東市,クニサキシ,Kunisaki-shi,,,,国見町伊美,クニミマチイミ,Kunimimachi Imi,,,,,,,,0,0,0,0,0,0,1,1,1947-04-17,,0,8721401,,,,,,,,,,,,,,,
442143,0050000,1,大分県,オオイタケン,Oita,,,,国東市,クニサキシ,Kunisaki-shi,,,,国見町大熊毛,クニミマチオオクマゲ,Kunimimachi Okumage,,,,,,,,0,0,0,0,0,0,1,1,1947-04-17,,0,8721612,,,,,,,,,,,,,,,
442143,0051000,1,大分県,オオイタケン,Oita,,,,国東市,クニサキシ,Kunisaki-shi,,,,国見町鬼籠,クニミマチキコ,Kunimimachi Kiko,,,,,,,,0,0,0,0,0,0,1,1,1947-04-17,,0,8721323,,,,,,,,,,,,,,,
442143,0052000,1,大分県,オオイタケン,Oita,,,,国東市,クニサキシ,Kunisaki-shi,,,,国見町岐部,クニミマチキベ,Kunimimachi Kibe,,,,,,,,0,0,0,0,0,0,1,1,1947-04-17,,0,8721614,,,,,,,,,,,,,,,
442143,0053000,1,大分県,オオイタケン,Oita,,,,国東市,クニサキシ,Kunisaki-shi,,,,国見町櫛来,クニミマチクシク,Kunimimachi Kushiku,,,,,,,,0,0,0,0,0,0,1,1,1947-04-17,,0,8721406,,*_*_*_MJ014672_*,,,,,,,,,,,,,
442143,0054000,1,大分県,オオイタケン,Oita,,,,国東市,クニサキシ,Kunisaki-shi,,,,国見町櫛海,クニミマチクシノミ,Kunimimachi Kushinomi,,,,,,,,0,0,0,0,0,0,1,1,1947-04-17,,0,8721324,,*_*_*_MJ014672_*,,,,,,,,,,,,,
442143,0055000,1,大分県,オオイタケン,Oita,,,,国東市,クニサキシ,Kunisaki-shi,,,,国見町小熊毛,クニミマチコクマゲ,Kunimimachi Kokumage,,,,,,,,0,0,0,0,0,0,1,1,1947-04-17,,0,8721613,,,,,,,,,,,,,,,
442143,0056000,1,大分県,オオイタケン,Oita,,,,国東市,クニサキシ,Kunisaki-shi,,,,国見町西方寺,クニミマチサイホウジ,Kunimimachi Saihoji,,,,,,,,0,0,0,0,0,0,1,1,1947-04-17,,0,8721322,,,,,,,,,,,,,,,
442143,0057000,1,大分県,オオイタケン,Oita,,,,国東市,クニサキシ,Kunisaki-shi,,,,国見町千燈,クニミマチセンドウ,Kunimimachi Sendo,,,,,,,,0,0,0,0,0,0,1,1,1947-04-17,,0,8721404,,,,,,,,,,,,,,,
442143,0058000,1,大分県,オオイタケン,Oita,,,,国東市,クニサキシ,Kunisaki-shi,,,,国見町竹田津,クニミマチタケタヅ,Kunimimachi Taketazu,,,,,,,,0,0,0,0,0,0,1,1,1947-04-17,,0,8721321,,,,,,,,,,,,,,,
442143,0059000,1,大分県,オオイタケン,Oita,,,,国東市,クニサキシ,Kunisaki-shi,,,,国見町中,クニミマチナカ,Kunimimachi Naka,,,,,,,,0,0,0,0,0,0,1,1,1947-04-17,,0,8721402,,,,,,,,,,,,,,,
442143,0060000,1,大分県,オオイタケン,Oita,,,,国東市,クニサキシ,Kunisaki-shi,,,,国見町野田,クニミマチノダ,Kunimimachi Noda,,,,,,,,0,0,0,0,0,0,1,1,1947-04-17,,0,8721403,,,,,,,,,,,,,,,
442143,0061000,1,大分県,オオイタケン,Oita,,,,国東市,クニサキシ,Kunisaki-shi,,,,国見町向田,クニミマチムカタ,Kunimimachi Mukata,,,,,,,,0,0,0,0,0,0,1,1,1947-04-17,,0,8721611,,,,,,,,,,,,,,,
442143,0062000,1,大分県,オオイタケン,Oita,,,,国東市,クニサキシ,Kunisaki-shi,,,,武蔵町麻田,ムサシマチアサダ,Musashimachi Asada,,,,,,,,0,0,0,0,0,0,1,1,1947-04-17,,0,8730405,,,,,,,,,,,,,,,
442143,0063000,1,大分県,オオイタケン,Oita,,,,国東市,クニサキシ,Kunisaki-shi,,,,武蔵町池ノ内,ムサシマチイケノウチ,Musashimachi Ikenochi,,,,,,,,0,0,0,0,0,0,1,1,1947-04-17,,0,8730401,,,,,,,,,,,,,,,
442143,0064000,1,大分県,オオイタケン,Oita,,,,国東市,クニサキシ,Kunisaki-shi,,,,武蔵町糸原,ムサシマチイトハル,Musashimachi Itoharu,,,,,,,,0,0,0,0,0,0,1,1,1947-04-17,,0,8730421,,,,,,,,,,,,,,,
442143,0065000,1,大分県,オオイタケン,Oita,,,,国東市,クニサキシ,Kunisaki-shi,,,,武蔵町内田,ムサシマチウチダ,Musashimachi Uchida,,,,,,,,0,0,0,0,0,0,1,1,1947-04-17,,0,8730402,,,,,,,,,,,,,,,
442143,0066000,1,大分県,オオイタケン,Oita,,,,国東市,クニサキシ,Kunisaki-shi,,,,武蔵町小城,ムサシマチオギ,Musashimachi Ogi,,,,,,,,0,0,0,0,0,0,1,1,1947-04-17,,0,8730422,,,,,,,,,,,,,,,
442143,0067000,1,大分県,オオイタケン,Oita,,,,国東市,クニサキシ,Kunisaki-shi,,,,武蔵町向陽台,ムサシマチコウヨウダイ,Musashimachi Koyodai,,,,,,,,0,0,0,0,0,0,1,1,1947-04-17,,0,8730432,,,,,,,,,,,,,,,
442143,0068000,1,大分県,オオイタケン,Oita,,,,国東市,クニサキシ,Kunisaki-shi,,,,武蔵町志和利,ムサシマチシワリ,Musashimachi Shiwari,,,,,,,,0,0,0,0,0,0,1,1,1947-04-17,,0,8730424,,,,,,,,,,,,,,,
442143,0069000,1,大分県,オオイタケン,Oita,,,,国東市,クニサキシ,Kunisaki-shi,,,,武蔵町手野,ムサシマチテノ,Musashimachi Teno,,,,,,,,0,0,0,0,0,0,1,1,1947-04-17,,0,8730414,,,,,,,,,,,,,,,
442143,0070000,1,大分県,オオイタケン,Oita,,,,国東市,クニサキシ,Kunisaki-shi,,,,武蔵町成吉,ムサシマチナリヨシ,Musashimachi Nariyoshi,,,,,,,,0,0,0,0,0,0,1,1,1947-04-17,,0,8730404,,,,,,,,,,,,,,,
442143,0071000,1,大分県,オオイタケン,Oita,,,,国東市,クニサキシ,Kunisaki-shi,,,,武蔵町狭間,ムサシマチハサマ,Musashimachi Hasama,,,,,,,,0,0,0,0,0,0,1,1,1947-04-17,,0,8730407,,,,,,,,,,,,,,,
442143,0072000,1,大分県,オオイタケン,Oita,,,,国東市,クニサキシ,Kunisaki-shi,,,,武蔵町古市,ムサシマチフルイチ,Musashimachi Furuichi,,,,,,,,0,0,0,0,0,0,1,1,1947-04-17,,0,8730412,,,,,,,,,,,,,,,
442143,0073000,1,大分県,オオイタケン,Oita,,,,国東市,クニサキシ,Kunisaki-shi,,,,武蔵町丸小野,ムサシマチマルオノ,Musashimachi Maruono,,,,,,,,0,0,0,0,0,0,1,1,1947-04-17,,0,8730406,,,,,,,,,,,,,,,
442143,0074000,1,大分県,オオイタケン,Oita,,,,国東市,クニサキシ,Kunisaki-shi,,,,武蔵町三井寺,ムサシマチミイデラ,Musashimachi Miidera,,,,,,,,0,0,0,0,0,0,1,1,1947-04-17,,0,8730423,,,,,,,,,,,,,,,
442143,0075000,1,大分県,オオイタケン,Oita,,,,国東市,クニサキシ,Kunisaki-shi,,,,武蔵町吉広,ムサシマチヨシヒロ,Musashimachi Yoshihiro,,,,,,,,0,0,0,0,0,0,1,1,1947-04-17,,0,8730415,,,,,,,,,,,,,,,
443221,0000000,4,大分県,オオイタケン,Oita,東国東郡,ヒガシクニサキグン,Higashikunisaki-gun,姫島村,ヒメシマムラ,Himeshima-mura,,,,,,,,,,,,,,0,0,0,0,0,0,1,1,1947-04-17,,0,,,,,,,,,,,,,,,,
443417,0000000,4,大分県,オオイタケン,Oita,速見郡,ハヤミグン,Hayami-gun,日出町,ヒジマチ,Hiji-machi,,,,,,,,,,,,,,0,0,0,0,0,0,1,1,1947-04-17,,0,,,,,,,,,,,,,,,,
443417,0001000,1,大分県,オオイタケン,Oita,速見郡,ハヤミグン,Hayami-gun,日出町,ヒジマチ,Hiji-machi,,,,大字大神,オオアザオオガ,Oga,,,,,,,,0,0,0,0,0,0,1,1,1947-04-17,,0,8791504,,,,,,,,,,,,,,,
443417,0002000,1,大分県,オオイタケン,Oita,速見郡,ハヤミグン,Hayami-gun,日出町,ヒジマチ,Hiji-machi,,,,大字川崎,オオアザカワサキ,Kawasaki,,,,,,,,0,0,0,0,0,0,1,1,1947-04-17,,0,8791505,,,,,,,,,,,,,,,
443417,0003000,1,大分県,オオイタケン,Oita,速見郡,ハヤミグン,Hayami-gun,日出町,ヒジマチ,Hiji-machi,,,,大字豊岡,オオアザトヨオカ,Toyoka,,,,,,,,0,0,0,0,0,0,1,1,1947-04-17,,0,8791507,,,,,,,,,,,,,,,
443417,0004000,1,大分県,オオイタケン,Oita,速見郡,ハヤミグン,Hayami-gun,日出町,ヒジマチ,Hiji-machi,,,,大字平道,オオアザヒラミチ,Hiramichi,,,,,,,,0,0,0,0,0,0,1,1,1947-04-17,,0,8791508,,,,,,,,,,,,,,,
443417,0005000,1,大分県,オオイタケン,Oita,速見郡,ハヤミグン,Hayami-gun,日出町,ヒジマチ,Hiji-machi,,,,大字広瀬,オオアザヒロセ,Hirose,,,,,,,,0,0,0,0,0,0,1,1,1947-04-17,,0,8791501,,,,,,,,,,,,,,,
443417,0006000,1,大分県,オオイタケン,Oita,速見郡,ハヤミグン,Hayami-gun,日出町,ヒジマチ,Hiji-machi,,,,大字藤原,オオアザフジワラ,Fujiwara,,,,,,,,0,0,0,0,0,0,1,1,1947-04-17,,0,8791502,,,,,,,,,,,,,,,
443417,0007000,1,大分県,オオイタケン,Oita,速見郡,ハヤミグン,Hayami-gun,日出町,ヒジマチ,Hiji-machi,,,,大字真那井,オオアザマナイ,Manai,,,,,,,,0,0,0,0,0,0,1,1,1947-04-17,,0,8791503,,,,,,,,,,,,,,,
443417,0008000,1,大分県,オオイタケン,Oita,速見郡,ハヤミグン,Hayami-gun,日出町,ヒジマチ,Hiji-machi,,,,大字南畑,オオアザミナミハタ,Minamihata,,,,,,,,0,0,0,0,0,0,1,1,1947-04-17,,0,8791509,,,,,,,,,,,,,,,
444618,0001000,1,大分県,オオイタケン,Oita,玖珠郡,クスグン,Kusu-gun,九重町,ココノエマチ,Kokonoe-machi,,,,大字粟野,オオアザアワノ,Awano,,,,,,,,0,0,0,0,0,0,1,1,1947-04-17,,0,8794721,,,,,,,,,,,,,,,
444618,0002000,1,大分県,オオイタケン,Oita,玖珠郡,クスグン,Kusu-gun,九重町,ココノエマチ,Kokonoe-machi,,,,大字後野上,オオアザウシロノガミ,Ushironogami,,,,,,,,0,0,0,0,0,0,1,1,1947-04-17,,0,8794803,,,,,,,,,,,,,,,
444618,0003000,1,大分県,オオイタケン,Oita,玖珠郡,クスグン,Kusu-gun,九重町,ココノエマチ,Kokonoe-machi,,,,大字恵良,オオアザエラ,Era,,,,,,,,0,0,0,0,0,0,1,1,1947-04-17,,0,8794631,,,,,,,,,,,,,,,
444618,0004000,1,大分県,オオイタケン,Oita,玖珠郡,クスグン,Kusu-gun,九重町,ココノエマチ,Kokonoe-machi,,,,大字菅原,オオアザスガワラ,Sugawara,,,,,,,,0,0,0,0,0,0,1,1,1947-04-17,,0,8794724,,,,,,,,,,,,,,,
444618,0005000,1,大分県,オオイタケン,Oita,玖珠郡,クスグン,Kusu-gun,九重町,ココノエマチ,Kokonoe-machi,,,,大字田野,オオアザタノ,Tano,,,,,,,,0,0,0,0,0,0,1,1,1947-04-17,,0,8794911,,,,,,,,,,,,,,,
444618,0006000,1,大分県,オオイタケン,Oita,玖珠郡,クスグン,Kusu-gun,九重町,ココノエマチ,Kokonoe-machi,,,,大字野上,オオアザノガミ,Nogami,,,,,,,,0,0,0,0,0,0,1,1,1947-04-17,,0,8794802,,,,,,,,,,,,,,,
444618,0007000,1,大分県,オオイタケン,Oita,玖珠郡,クスグン,Kusu-gun,九重町,ココノエマチ,Kokonoe-machi,,,,大字引治,オオアザヒキジ,Hikiji,,,,,,,,0,0,0,0,0,0,1,1,1947-04-17,,0,8794722,,,,,,,,,,,,,,,
444618,0008000,1,大分県,オオイタケン,Oita,玖珠郡,クスグン,Kusu-gun,九重町,ココノエマチ,Kokonoe-machi,,,,大字町田,オオアザマチダ,Machida,,,,,,,,0,0,0,0,0,0,1,1,1947-04-17,,0,8794723,,,,,,,,,,,,,,,
444618,0009000,1,大分県,オオイタケン,Oita,玖珠郡,クスグン,Kusu-gun,九重町,ココノエマチ,Kokonoe-machi,,,,大字松木,オオアザマツギ,Matsugi,,,,,,,,0,0,0,0,0,0,1,1,1947-04-17,,0,8794632,,,,,,,,,,,,,,,
444618,0010000,1,大分県,オオイタケン,Oita,玖珠郡,クスグン,Kusu-gun,九重町,ココノエマチ,Kokonoe-machi,,,,大字右田,オオアザミギタ,,,,,,,,,0,0,0,0,0,0,1,1,1947-04-17,,0,,,,,,,,,,,,,,,,
444618,0011000,1,大分県,オオイタケン,Oita,玖珠郡,クスグン,Kusu-gun,九重町,ココノエマチ,Kokonoe-machi,,,,大字湯坪,オオアザユツボ,Yutsubo,,,,,,,,0,0,0,0,0,0,1,1,1947-04-17,,0,8794912,,,,,,,,,,,,,,,
444626,0001000,1,大分県,オオイタケン,Oita,玖珠郡,クスグン,Kusu-gun,玖珠町,クスマチ,Kusu-machi,,,,大字綾垣,オオアザアヤガキ,Ayagaki,,,,,,,,0,0,0,0,0,0,1,1,1947-04-17,,0,8794402,,,,,,,,,,,,,,,
444626,0002000,1,大分県,オオイタケン,Oita,玖珠郡,クスグン,Kusu-gun,玖珠町,クスマチ,Kusu-machi,,,,大字岩室,オオアザイワムロ,Iwamuro,,,,,,,,0,0,0,0,0,0,1,1,1947-04-17,,0,8794405,,,,,,,,,,,,,,,
444626,0003000,1,大分県,オオイタケン,Oita,玖珠郡,クスグン,Kusu-gun,玖珠町,クスマチ,Kusu-machi,,,,大字大隈,オオアザオオクマ,Okuma,,,,,,,,0,0,0,0,0,0,1,1,1947-04-17,,0,8794414,,,,,,,,,,,,,,,
444626,0004000,1,大分県,オオイタケン,Oita,玖珠郡,クスグン,Kusu-gun,玖珠町,クスマチ,Kusu-machi,,,,大字太田,オオアザオオタ,Ota,,,,,,,,0,0,0,0,0,0,1,1,1947-04-17,,0,8794521,,,,,,,,,,,,,,,
444626,0005000,1,大分県,オオイタケン,Oita,玖珠郡,クスグン,Kusu-gun,玖珠町,クスマチ,Kusu-machi,,,,大字小田,オオアザオタ,Ota,,,,,,,,0,0,0,0,0,0,1,1,1947-04-17,,0,8794411,,,,,,,,,,,,,,,
444626,0006000,1,大分県,オオイタケン,Oita,玖珠郡,クスグン,Kusu-gun,玖珠町,クスマチ,Kusu-machi,,,,大字古後,オオアザコゴ,Kogo,,,,,,,,0,0,0,0,0,0,1,1,1947-04-17,,0,8794523,,,,,,,,,,,,,,,
444626,0007000,1,大分県,オオイタケン,Oita,玖珠郡,クスグン,Kusu-gun,玖珠町,クスマチ,Kusu-machi,,,,大字塚脇,オオアザツカワキ,Tsukawaki,,,,,,,,0,0,0,0,0,0,1,1,1947-04-17,,0,8794413,,,,,,,,,,,,,,,
444626,0008000,1,大分県,オオイタケン,Oita,玖珠郡,クスグン,Kusu-gun,玖珠町,クスマチ,Kusu-machi,,,,大字戸畑,オオアザトバタ,Tobata,,,,,,,,0,0,0,0,0,0,1,1,1947-04-17,,0,8794331,,,,,,,,,,,,,,,
444626,0009000,1,大分県,オオイタケン,Oita,玖珠郡,クスグン,Kusu-gun,玖珠町,クスマチ,Kusu-machi,,,,大字日出生,オオアザヒジュウ,Hijiu,,,,,,,,0,0,0,0,0,0,1,1,1947-04-17,,0,8794406,,,,,,,,,,,,,,,
444626,0010000,1,大分県,オオイタケン,Oita,玖珠郡,クスグン,Kusu-gun,玖珠町,クスマチ,Kusu-machi,,,,大字帆足,オオアザホアシ,Hoashi,,,,,,,,0,0,0,0,0,0,1,1,1947-04-17,,0,8794403,,,,,,,,,,,,,,,
444626,0011000,1,大分県,オオイタケン,Oita,玖珠郡,クスグン,Kusu-gun,玖珠町,クスマチ,Kusu-machi,,,,大字森,オオアザモリ,Mori,,,,,,,,0,0,0,0,0,0,1,1,1947-04-17,,0,8794404,,,,,,,,,,,,,,,
444626,0012000,1,大分県,オオイタケン,Oita,玖珠郡,クスグン,Kusu-gun,玖珠町,クスマチ,Kusu-machi,,,,大字山浦,オオアザヤマウラ,,,,,,,,,0,0,0,0,0,0,1,1,1947-04-17,,0,,,,,,,,,,,,,,,,
444626,0013000,1,大分県,オオイタケン,Oita,玖珠郡,クスグン,Kusu-gun,玖珠町,クスマチ,Kusu-machi,,,,大字山下,オオアザヤマシタ,Yamashita,,,,,,,,0,0,0,0,0,0,1,1,1947-04-17,,0,8794522,,,,,,,,,,,,,,,
444626,0014000,1,大分県,オオイタケン,Oita,玖珠郡,クスグン,Kusu-gun,玖珠町,クスマチ,Kusu-machi,,,,大字山田,オオアザヤマダ,Yamada,,,,,,,,0,0,0,0,0,0,1,1,1947-04-17,,0,8794412,,,,,,,,,,,,,,,
444626,0015000,1,大分県,オオイタケン,Oita,玖珠郡,クスグン,Kusu-gun,玖珠町,クスマチ,Kusu-machi,,,,大字四日市,オオアザヨッカイチ,,,,,,,,,0,0,0,0,0,0,1,1,1947-04-17,,0,,,,,,,,,,,,,,,,
