lg_code,machiaza_id,machiaza_type,pref,pref_kana,pref_roma,county,county_kana,county_roma,city,city_kana,city_roma,ward,ward_kana,ward_roma,oaza_cho,oaza_cho_kana,oaza_cho_roma,chome,chome_kana,chome_number,koaza,koaza_kana,koaza_roma,machiaza_dist,rsdt_addr_flg,rsdt_addr_mtd_code,oaza_cho_aka_flg,koaza_aka_code,oaza_cho_gsi_uncmn,koaza_gsi_uncmn,status_flg,wake_num_flg,efct_date,ablt_date,src_code,post_code,oaza_cho_uncmn_reg,oaza_cho_uncmn_mj,oaza_cho_uncmn_type,oaza_cho_uncmn_code,koaza_uncmn_reg,koaza_uncmn_mj,koaza_uncmn_type,koaza_uncmn_code,alias_oaza,alias_oaza_kana,alias_oaza_roma,alias_koaza,alias_koaza_kana,alias_koaza_roma,remarks
192015,0001000,1,山梨県,ヤマナシケン,Yamanashi,,,,甲府市,コウフシ,Kofu-shi,,,,古関町,フルセキマチ,Furusekimachi,,,,,,,,0,0,0,0,0,0,1,1,1947-04-17,,0,4093712,,,,,,,,,,,,,,,
192015,0002000,1,山梨県,ヤマナシケン,Yamanashi,,,,甲府市,コウフシ,Kofu-shi,,,,中畑町,ナカバタケチョウ,Nakabatakecho,,,,,,,,0,0,0,0,0,0,1,1,1947-04-17,,0,4001505,,,,,,,,,,,,,,,
192015,0003000,1,山梨県,ヤマナシケン,Yamanashi,,,,甲府市,コウフシ,Kofu-shi,,,,上向山町,カミムコウヤマチョウ,Kamimukoyamacho,,,,,,,,0,0,0,0,0,0,1,1,1947-04-17,,0,4001506,,,,,,,,,,,,,,,
192015,0004000,1,山梨県,ヤマナシケン,Yamanashi,,,,甲府市,コウフシ,Kofu-shi,,,,下向山町,シモムコウヤマチョウ,Shimomukoyamacho,,,,,,,,0,0,0,0,0,0,1,1,1947-04-17,,0,4001507,,,,,,,,,,,,,,,
192015,0005000,1,山梨県,ヤマナシケン,Yamanashi,,,,甲府市,コウフシ,Kofu-shi,,,,和戸町,ワドマチ,Wadomachi,,,,,,,,0,0,0,0,0,0,1,1,1947-04-17,,0,4000812,,,,,,,,,,,,,,,
192015,0006000,1,山梨県,ヤマナシケン,Yamanashi,,,,甲府市,コウフシ,Kofu-shi,,,,川田町,カワダマチ,Kawadamachi,,,,,,,,0,0,0,0,0,0,1,1,1947-04-17,,0,4000811,,,,,,,,,,,,,,,
192015,0007000,1,山梨県,ヤマナシケン,Yamanashi,,,,甲府市,コウフシ,Kofu-shi,,,,桜井町,サクライチョウ,Sakuraicho,,,,,,,,0,0,0,0,0,0,1,1,1947-04-17,,0,4000803,,,,,,,,,,,,,,,
192015,0008000,1,山梨県,ヤマナシケン,Yamanashi,,,,甲府市,コウフシ,Kofu-shi,,,,向町,ムコウマチ,Mukomachi,,,,,,,,0,0,0,0,0,0,1,1,1947-04-17,,0,4000813,,,,,,,,,,,,,,,
192015,0009000,1,山梨県,ヤマナシケン,Yamanashi,,,,甲府市,コウフシ,Kofu-shi,,,,下曽根町,シモソネチョウ,Shimosonecho,,,,,,,,0,0,0,0,0,0,1,1,1947-04-17,,0,4001508,,,,,,,,,,,,,,,
192015,0010000,1,山梨県,ヤマナシケン,Yamanashi,,,,甲府市,コウフシ,Kofu-shi,,,,横根町,ヨコネマチ,Yokonemachi,,,,,,,,0,0,0,0,0,0,1,1,1947-04-17,,0,4000802,,,,,,,,,,,,,,,
192015,0011000,1,山梨県,ヤマナシケン,Yamanashi,,,,甲府市,コウフシ,Kofu-shi,,,,善光寺町,ゼンコウジマチ,Zenkojimachi,,,,,,,,0,0,0,0,0,0,1,1,1947-04-17,,0,4000801,,,,,,,,,,,,,,,
192015,0012001,2,山梨県,ヤマナシケン,Yamanashi,,,,甲府市,コウフシ,Kofu-shi,,,,池田,イケダ,Ikeda,１丁目,１チョウメ,1,,,,,1,1,0,0,0,0,1,1,1947-04-17,,0,,,,,,,,,,,,,,,,
192015,0012002,2,山梨県,ヤマナシケン,Yamanashi,,,,甲府市,コウフシ,Kofu-shi,,,,池田,イケダ,Ikeda,２丁目,２チョウメ,2,,,,,1,1,0,0,0,0,1,1,1947-04-17,,0,,,,,,,,,,,,,,,,
192015,0012003,2,山梨県,ヤマナシケン,Yamanashi,,,,甲府市,コウフシ,Kofu-shi,,,,池田,イケダ,Ikeda,３丁目,３チョウメ,3,,,,,1,1,0,0,0,0,1,1,1947-04-17,,0,,,,,,,,,,,,,,,,
192015,0013000,1,山梨県,ヤマナシケン,Yamanashi,,,,甲府市,コウフシ,Kofu-shi,,,,上積翠寺町,カミセキスイジマチ,Kamisekisuijimachi,,,,,,,,0,0,0,0,0,0,1,1,1947-04-17,,0,4000011,,*_*_MJ020696_*_*,,,,,,,,,,,,,
192015,0014000,1,山梨県,ヤマナシケン,Yamanashi,,,,甲府市,コウフシ,Kofu-shi,,,,東光寺町,トウコウジマチ,Tokojimachi,,,,,,,,0,0,0,0,0,0,1,1,1947-04-17,,0,4000808,,,,,,,,,,,,,,,
192015,0015000,1,山梨県,ヤマナシケン,Yamanashi,,,,甲府市,コウフシ,Kofu-shi,,,,愛宕町,アタゴマチ,Atagomachi,,,,,,,,0,0,0,0,0,0,1,1,1947-04-17,,0,4000023,,,,,,,,,,,,,,,
192015,0016001,2,山梨県,ヤマナシケン,Yamanashi,,,,甲府市,コウフシ,Kofu-shi,,,,北口,キタグチ,Kitaguchi,１丁目,１チョウメ,1,,,,,1,1,0,0,0,0,1,1,1947-04-17,,0,,,,,,,,,,,,,,,,
192015,0016002,2,山梨県,ヤマナシケン,Yamanashi,,,,甲府市,コウフシ,Kofu-shi,,,,北口,キタグチ,Kitaguchi,２丁目,２チョウメ,2,,,,,1,1,0,0,0,0,1,1,1947-04-17,,0,,,,,,,,,,,,,,,,
192015,0016003,2,山梨県,ヤマナシケン,Yamanashi,,,,甲府市,コウフシ,Kofu-shi,,,,北口,キタグチ,Kitaguchi,３丁目,３チョウメ,3,,,,,1,1,0,0,0,0,1,1,1947-04-17,,0,,,,,,,,,,,,,,,,
192015,0017001,2,山梨県,ヤマナシケン,Yamanashi,,,,甲府市,コウフシ,Kofu-shi,,,,朝日,アサヒ,Asahi,１丁目,１チョウメ,1,,,,,1,1,0,0,0,0,1,1,1947-04-17,,0,,,,,,,,,,,,,,,,
192015,0017002,2,山梨県,ヤマナシケン,Yamanashi,,,,甲府市,コウフシ,Kofu-shi,,,,朝日,アサヒ,Asahi,２丁目,２チョウメ,2,,,,,1,1,0,0,0,0,1,1,1947-04-17,,0,,,,,,,,,,,,,,,,
192015,0017003,2,山梨県,ヤマナシケン,Yamanashi,,,,甲府市,コウフシ,Kofu-shi,,,,朝日,アサヒ,Asahi,３丁目,３チョウメ,3,,,,,1,1,0,0,0,0,1,1,1947-04-17,,0,,,,,,,,,,,,,,,,
192015,0017004,2,山梨県,ヤマナシケン,Yamanashi,,,,甲府市,コウフシ,Kofu-shi,,,,朝日,アサヒ,Asahi,４丁目,４チョウメ,4,,,,,1,1,0,0,0,0,1,1,1947-04-17,,0,,,,,,,,,,,,,,,,
192015,0017005,2,山梨県,ヤマナシケン,Yamanashi,,,,甲府市,コウフシ,Kofu-shi,,,,朝日,アサヒ,Asahi,５丁目,５チョウメ,5,,,,,1,1,0,0,0,0,1,1,1947-04-17,,0,,,,,,,,,,,,,,,,
192015,0018001,2,山梨県,ヤマナシケン,Yamanashi,,,,甲府市,コウフシ,Kofu-shi,,,,塩部,シオベ,Shiobe,１丁目,１チョウメ,1,,,,,1,1,0,0,0,0,1,1,1947-04-17,,0,,,,,,,,,,,,,,,,
192015,0018002,2,山梨県,ヤマナシケン,Yamanashi,,,,甲府市,コウフシ,Kofu-shi,,,,塩部,シオベ,Shiobe,２丁目,２チョウメ,2,,,,,1,1,0,0,0,0,1,1,1947-04-17,,0,,,,,,,,,,,,,,,,
192015,0018003,2,山梨県,ヤマナシケン,Yamanashi,,,,甲府市,コウフシ,Kofu-shi,,,,塩部,シオベ,Shiobe,３丁目,３チョウメ,3,,,,,1,1,0,0,0,0,1,1,1947-04-17,,0,,,,,,,,,,,,,,,,
192015,0018004,2,山梨県,ヤマナシケン,Yamanashi,,,,甲府市,コウフシ,Kofu-shi,,,,塩部,シオベ,Shiobe,４丁目,４チョウメ,4,,,,,1,1,0,0,0,0,1,1,1947-04-17,,0,,,,,,,,,,,,,,,,
192015,0019001,2,山梨県,ヤマナシケン,Yamanashi,,,,甲府市,コウフシ,Kofu-shi,,,,富士見,フジミ,Fujimi,１丁目,１チョウメ,1,,,,,1,1,0,0,0,0,1,1,1947-04-17,,0,,,,,,,,,,,,,,,,
192015,0019002,2,山梨県,ヤマナシケン,Yamanashi,,,,甲府市,コウフシ,Kofu-shi,,,,富士見,フジミ,Fujimi,２丁目,２チョウメ,2,,,,,1,1,0,0,0,0,1,1,1947-04-17,,0,,,,,,,,,,,,,,,,
192015,0020001,2,山梨県,ヤマナシケン,Yamanashi,,,,甲府市,コウフシ,Kofu-shi,,,,飯田,イイダ,Iida,１丁目,１チョウメ,1,,,,,1,1,0,0,0,0,1,1,1947-04-17,,0,,,,,,,,,,,,,,,,
192015,0020002,2,山梨県,ヤマナシケン,Yamanashi,,,,甲府市,コウフシ,Kofu-shi,,,,飯田,イイダ,Iida,２丁目,２チョウメ,2,,,,,1,1,0,0,0,0,1,1,1947-04-17,,0,,,,,,,,,,,,,,,,
192015,0020003,2,山梨県,ヤマナシケン,Yamanashi,,,,甲府市,コウフシ,Kofu-shi,,,,飯田,イイダ,Iida,３丁目,３チョウメ,3,,,,,1,1,0,0,0,0,1,1,1947-04-17,,0,,,,,,,,,,,,,,,,
192015,0020004,2,山梨県,ヤマナシケン,Yamanashi,,,,甲府市,コウフシ,Kofu-shi,,,,飯田,イイダ,Iida,４丁目,４チョウメ,4,,,,,1,1,0,0,0,0,1,1,1947-04-17,,0,,,,,,,,,,,,,,,,
192015,0020005,2,山梨県,ヤマナシケン,Yamanashi,,,,甲府市,コウフシ,Kofu-shi,,,,飯田,イイダ,Iida,５丁目,５チョウメ,5,,,,,1,1,0,0,0,0,1,1,1947-04-17,,0,,,,,,,,,,,,,,,,
192015,0021000,1,山梨県,ヤマナシケン,Yamanashi,,,,甲府市,コウフシ,Kofu-shi,,,,黒平町,クロベラチョウ,Kuroberacho,,,,,,,,0,0,0,0,0,0,1,1,1947-04-17,,0,4001211,,,,,,,,,,,,,,,
192015,0022000,1,山梨県,ヤマナシケン,Yamanashi,,,,甲府市,コウフシ,Kofu-shi,,,,猪狩町,イカリチョウ,Ikaricho,,,,,,,,0,0,0,0,0,0,1,1,1947-04-17,,0,4001217,,,,,,,,,,,,,,,
192015,0023000,1,山梨県,ヤマナシケン,Yamanashi,,,,甲府市,コウフシ,Kofu-shi,,,,川窪町,カワクボチョウ,Kawakubocho,,,,,,,,0,0,0,0,0,0,1,1,1947-04-17,,0,4001213,,,,,,,,,,,,,,,
192015,0024000,1,山梨県,ヤマナシケン,Yamanashi,,,,甲府市,コウフシ,Kofu-shi,,,,高成町,タカナリチョウ,Takanaricho,,,,,,,,0,0,0,0,0,0,1,1,1947-04-17,,0,4001214,,,,,,,,,,,,,,,
192015,0025000,1,山梨県,ヤマナシケン,Yamanashi,,,,甲府市,コウフシ,Kofu-shi,,,,上帯那町,カミオビナチョウ,Kamiobinacho,,,,,,,,0,0,0,0,0,0,1,1,1947-04-17,,0,4000081,,*_*_MJ026238_*,,,,,,,,,,,,,
192015,0026000,1,山梨県,ヤマナシケン,Yamanashi,,,,甲府市,コウフシ,Kofu-shi,,,,梯町,カケハシマチ,Kakehashimachi,,,,,,,,0,0,0,0,0,0,1,1,1947-04-17,,0,4093711,,,,,,,,,,,,,,,
192015,0027000,1,山梨県,ヤマナシケン,Yamanashi,,,,甲府市,コウフシ,Kofu-shi,,,,心経寺町,シンギョウジチョウ,Shingyojicho,,,,,,,,0,0,0,0,0,0,1,1,1947-04-17,,0,4001503,,,,,,,,,,,,,,,
192015,0028000,1,山梨県,ヤマナシケン,Yamanashi,,,,甲府市,コウフシ,Kofu-shi,,,,右左口町,ウバグチチョウ,Ubaguchicho,,,,,,,,0,0,0,0,0,0,1,1,1947-04-17,,0,4001504,,,,,,,,,,,,,,,
192015,0029001,2,山梨県,ヤマナシケン,Yamanashi,,,,甲府市,コウフシ,Kofu-shi,,,,中央,チュウオウ,Chuo,１丁目,１チョウメ,1,,,,,1,1,0,0,0,0,1,1,1947-04-17,,0,,,,,,,,,,,,,,,,
192015,0029002,2,山梨県,ヤマナシケン,Yamanashi,,,,甲府市,コウフシ,Kofu-shi,,,,中央,チュウオウ,Chuo,２丁目,２チョウメ,2,,,,,1,1,0,0,0,0,1,1,1947-04-17,,0,,,,,,,,,,,,,,,,
192015,0029003,2,山梨県,ヤマナシケン,Yamanashi,,,,甲府市,コウフシ,Kofu-shi,,,,中央,チュウオウ,Chuo,３丁目,３チョウメ,3,,,,,1,1,0,0,0,0,1,1,1947-04-17,,0,,,,,,,,,,,,,,,,
192015,0029004,2,山梨県,ヤマナシケン,Yamanashi,,,,甲府市,コウフシ,Kofu-shi,,,,中央,チュウオウ,Chuo,４丁目,４チョウメ,4,,,,,1,1,0,0,0,0,1,1,1947-04-17,,0,,,,,,,,,,,,,,,,
192015,0029005,2,山梨県,ヤマナシケン,Yamanashi,,,,甲府市,コウフシ,Kofu-shi,,,,中央,チュウオウ,Chuo,５丁目,５チョウメ,5,,,,,1,1,0,0,0,0,1,1,1947-04-17,,0,,,,,,,,,,,,,,,,
192015,0030001,2,山梨県,ヤマナシケン,Yamanashi,,,,甲府市,コウフシ,Kofu-shi,,,,丸の内,マルノウチ,Marunochi,１丁目,１チョウメ,1,,,,,1,1,0,0,0,0,1,1,1947-04-17,,0,,,,,,,,,,,,,,,,
192015,0030002,2,山梨県,ヤマナシケン,Yamanashi,,,,甲府市,コウフシ,Kofu-shi,,,,丸の内,マルノウチ,Marunochi,２丁目,２チョウメ,2,,,,,1,1,0,0,0,0,1,1,1947-04-17,,0,,,,,,,,,,,,,,,,
192015,0030003,2,山梨県,ヤマナシケン,Yamanashi,,,,甲府市,コウフシ,Kofu-shi,,,,丸の内,マルノウチ,Marunochi,３丁目,３チョウメ,3,,,,,1,1,0,0,0,0,1,1,1947-04-17,,0,,,,,,,,,,,,,,,,
192015,0031001,2,山梨県,ヤマナシケン,Yamanashi,,,,甲府市,コウフシ,Kofu-shi,,,,宝,タカラ,Takara,１丁目,１チョウメ,1,,,,,1,1,0,0,0,0,1,1,1947-04-17,,0,,,,,,,,,,,,,,,,
192015,0031002,2,山梨県,ヤマナシケン,Yamanashi,,,,甲府市,コウフシ,Kofu-shi,,,,宝,タカラ,Takara,２丁目,２チョウメ,2,,,,,1,1,0,0,0,0,1,1,1947-04-17,,0,,,,,,,,,,,,,,,,
192015,0032001,2,山梨県,ヤマナシケン,Yamanashi,,,,甲府市,コウフシ,Kofu-shi,,,,下飯田,シモイイダ,Shimoiida,１丁目,１チョウメ,1,,,,,1,1,0,0,0,0,1,1,1947-04-17,,0,,,,,,,,,,,,,,,,
192015,0032002,2,山梨県,ヤマナシケン,Yamanashi,,,,甲府市,コウフシ,Kofu-shi,,,,下飯田,シモイイダ,Shimoiida,２丁目,２チョウメ,2,,,,,1,1,0,0,0,0,1,1,1947-04-17,,0,,,,,,,,,,,,,,,,
192015,0032003,2,山梨県,ヤマナシケン,Yamanashi,,,,甲府市,コウフシ,Kofu-shi,,,,下飯田,シモイイダ,Shimoiida,３丁目,３チョウメ,3,,,,,1,1,0,0,0,0,1,1,1947-04-17,,0,,,,,,,,,,,,,,,,
192015,0032004,2,山梨県,ヤマナシケン,Yamanashi,,,,甲府市,コウフシ,Kofu-shi,,,,下飯田,シモイイダ,Shimoiida,４丁目,４チョウメ,4,,,,,1,1,0,0,0,0,1,1,1947-04-17,,0,,,,,,,,,,,,,,,,
192015,0033001,2,山梨県,ヤマナシケン,Yamanashi,,,,甲府市,コウフシ,Kofu-shi,,,,青沼,アオヌマ,Aonuma,１丁目,１チョウメ,1,,,,,1,1,0,0,0,0,1,1,1947-04-17,,0,,,,,,,,,,,,,,,,
192015,0033002,2,山梨県,ヤマナシケン,Yamanashi,,,,甲府市,コウフシ,Kofu-shi,,,,青沼,アオヌマ,Aonuma,２丁目,２チョウメ,2,,,,,1,1,0,0,0,0,1,1,1947-04-17,,0,,,,,,,,,,,,,,,,
192015,0033003,2,山梨県,ヤマナシケン,Yamanashi,,,,甲府市,コウフシ,Kofu-shi,,,,青沼,アオヌマ,Aonuma,３丁目,３チョウメ,3,,,,,1,1,0,0,0,0,1,1,1947-04-17,,0,,,,,,,,,,,,,,,,
192015,0034001,2,山梨県,ヤマナシケン,Yamanashi,,,,甲府市,コウフシ,Kofu-shi,,,,朝気,アサケ,Asake,１丁目,１チョウメ,1,,,,,1,1,0,0,0,0,1,1,1947-04-17,,0,,,,,,,,,,,,,,,,
192015,0034002,2,山梨県,ヤマナシケン,Yamanashi,,,,甲府市,コウフシ,Kofu-shi,,,,朝気,アサケ,Asake,２丁目,２チョウメ,2,,,,,1,1,0,0,0,0,1,1,1947-04-17,,0,,,,,,,,,,,,,,,,
192015,0034003,2,山梨県,ヤマナシケン,Yamanashi,,,,甲府市,コウフシ,Kofu-shi,,,,朝気,アサケ,Asake,３丁目,３チョウメ,3,,,,,1,1,0,0,0,0,1,1,1947-04-17,,0,,,,,,,,,,,,,,,,
192015,0035001,2,山梨県,ヤマナシケン,Yamanashi,,,,甲府市,コウフシ,Kofu-shi,,,,城東,ジョウトウ,Joto,１丁目,１チョウメ,1,,,,,1,1,0,0,0,0,1,1,1947-04-17,,0,,,,,,,,,,,,,,,,
192015,0035002,2,山梨県,ヤマナシケン,Yamanashi,,,,甲府市,コウフシ,Kofu-shi,,,,城東,ジョウトウ,Joto,２丁目,２チョウメ,2,,,,,1,1,0,0,0,0,1,1,1947-04-17,,0,,,,,,,,,,,,,,,,
192015,0035003,2,山梨県,ヤマナシケン,Yamanashi,,,,甲府市,コウフシ,Kofu-shi,,,,城東,ジョウトウ,Joto,３丁目,３チョウメ,3,,,,,1,1,0,0,0,0,1,1,1947-04-17,,0,,,,,,,,,,,,,,,,
192015,0035004,2,山梨県,ヤマナシケン,Yamanashi,,,,甲府市,コウフシ,Kofu-shi,,,,城東,ジョウトウ,Joto,４丁目,４チョウメ,4,,,,,1,1,0,0,0,0,1,1,1947-04-17,,0,,,,,,,,,,,,,,,,
192015,0035005,2,山梨県,ヤマナシケン,Yamanashi,,,,甲府市,コウフシ,Kofu-shi,,,,城東,ジョウトウ,Joto,５丁目,５チョウメ,5,,,,,1,1,0,0,0,0,1,1,1947-04-17,,0,,,,,,,,,,,,,,,,
192015,0036000,1,山梨県,ヤマナシケン,Yamanashi,,,,甲府市,コウフシ,Kofu-shi,,,,若松町,ワカマツチョウ,Wakamatsucho,,,,,,,,1,1,0,0,0,0,1,1,1947-04-17,,0,4000866,,,,,,,,,,,,,,,
192015,0037001,2,山梨県,ヤマナシケン,Yamanashi,,,,甲府市,コウフシ,Kofu-shi,,,,相生,アイオイ,Aioi,１丁目,１チョウメ,1,,,,,1,1,0,0,0,0,1,1,1947-04-17,,0,,,,,,,,,,,,,,,,
192015,0037002,2,山梨県,ヤマナシケン,Yamanashi,,,,甲府市,コウフシ,Kofu-shi,,,,相生,アイオイ,Aioi,２丁目,２チョウメ,2,,,,,1,1,0,0,0,0,1,1,1947-04-17,,0,,,,,,,,,,,,,,,,
192015,0037003,2,山梨県,ヤマナシケン,Yamanashi,,,,甲府市,コウフシ,Kofu-shi,,,,相生,アイオイ,Aioi,３丁目,３チョウメ,3,,,,,1,1,0,0,0,0,1,1,1947-04-17,,0,,,,,,,,,,,,,,,,
192015,0038000,1,山梨県,ヤマナシケン,Yamanashi,,,,甲府市,コウフシ,Kofu-shi,,,,寿町,コトブキチョウ,Kotobukicho,,,,,,,,1,1,0,0,0,0,1,1,1947-04-17,,0,4000033,,,,,,,,,,,,,,,
192015,0039001,2,山梨県,ヤマナシケン,Yamanashi,,,,甲府市,コウフシ,Kofu-shi,,,,上石田,カミイシダ,Kamiishida,１丁目,１チョウメ,1,,,,,1,1,0,0,0,0,1,1,1947-04-17,,0,,,,,,,,,,,,,,,,
192015,0039002,2,山梨県,ヤマナシケン,Yamanashi,,,,甲府市,コウフシ,Kofu-shi,,,,上石田,カミイシダ,Kamiishida,２丁目,２チョウメ,2,,,,,1,1,0,0,0,0,1,1,1947-04-17,,0,,,,,,,,,,,,,,,,
192015,0039003,2,山梨県,ヤマナシケン,Yamanashi,,,,甲府市,コウフシ,Kofu-shi,,,,上石田,カミイシダ,Kamiishida,３丁目,３チョウメ,3,,,,,1,1,0,0,0,0,1,1,1947-04-17,,0,,,,,,,,,,,,,,,,
192015,0039004,2,山梨県,ヤマナシケン,Yamanashi,,,,甲府市,コウフシ,Kofu-shi,,,,上石田,カミイシダ,Kamiishida,４丁目,４チョウメ,4,,,,,1,1,0,0,0,0,1,1,1947-04-17,,0,,,,,,,,,,,,,,,,
192015,0040001,2,山梨県,ヤマナシケン,Yamanashi,,,,甲府市,コウフシ,Kofu-shi,,,,徳行,トクギョウ,Tokugyo,１丁目,１チョウメ,1,,,,,1,1,0,0,0,0,1,1,1947-04-17,,0,,,,,,,,,,,,,,,,
192015,0040002,2,山梨県,ヤマナシケン,Yamanashi,,,,甲府市,コウフシ,Kofu-shi,,,,徳行,トクギョウ,Tokugyo,２丁目,２チョウメ,2,,,,,1,1,0,0,0,0,1,1,1947-04-17,,0,,,,,,,,,,,,,,,,
192015,0040003,2,山梨県,ヤマナシケン,Yamanashi,,,,甲府市,コウフシ,Kofu-shi,,,,徳行,トクギョウ,Tokugyo,３丁目,３チョウメ,3,,,,,1,1,0,0,0,0,1,1,1947-04-17,,0,,,,,,,,,,,,,,,,
192015,0040004,2,山梨県,ヤマナシケン,Yamanashi,,,,甲府市,コウフシ,Kofu-shi,,,,徳行,トクギョウ,Tokugyo,４丁目,４チョウメ,4,,,,,1,1,0,0,0,0,1,1,1947-04-17,,0,,,,,,,,,,,,,,,,
192015,0040005,2,山梨県,ヤマナシケン,Yamanashi,,,,甲府市,コウフシ,Kofu-shi,,,,徳行,トクギョウ,Tokugyo,５丁目,５チョウメ,5,,,,,1,1,0,0,0,0,1,1,1947-04-17,,0,,,,,,,,,,,,,,,,
192015,0041000,1,山梨県,ヤマナシケン,Yamanashi,,,,甲府市,コウフシ,Kofu-shi,,,,貢川本町,クガワホンチョウ,Kugawahoncho,,,,,,,,1,1,0,0,0,0,1,1,1947-04-17,,0,4000048,,,,,,,,,,,,,,,
192015,0042001,2,山梨県,ヤマナシケン,Yamanashi,,,,甲府市,コウフシ,Kofu-shi,,,,富竹,トミタケ,Tomitake,１丁目,１チョウメ,1,,,,,1,1,0,0,0,0,1,1,1947-04-17,,0,,,,,,,,,,,,,,,,
192015,0042002,2,山梨県,ヤマナシケン,Yamanashi,,,,甲府市,コウフシ,Kofu-shi,,,,富竹,トミタケ,Tomitake,２丁目,２チョウメ,2,,,,,1,1,0,0,0,0,1,1,1947-04-17,,0,,,,,,,,,,,,,,,,
192015,0042003,2,山梨県,ヤマナシケン,Yamanashi,,,,甲府市,コウフシ,Kofu-shi,,,,富竹,トミタケ,Tomitake,３丁目,３チョウメ,3,,,,,1,1,0,0,0,0,1,1,1947-04-17,,0,,,,,,,,,,,,,,,,
192015,0042004,2,山梨県,ヤマナシケン,Yamanashi,,,,甲府市,コウフシ,Kofu-shi,,,,富竹,トミタケ,Tomitake,４丁目,４チョウメ,4,,,,,1,1,0,0,0,0,1,1,1947-04-17,,0,,,,,,,,,,,,,,,,
192015,0043000,1,山梨県,ヤマナシケン,Yamanashi,,,,甲府市,コウフシ,Kofu-shi,,,,南口町,ミナミグチチョウ,Minamiguchicho,,,,,,,,1,1,0,0,0,0,1,1,1947-04-17,,0,4000863,,,,,,,,,,,,,,,
192015,0044001,2,山梨県,ヤマナシケン,Yamanashi,,,,甲府市,コウフシ,Kofu-shi,,,,湯田,ユダ,Yuda,１丁目,１チョウメ,1,,,,,1,1,0,0,0,0,1,1,1947-04-17,,0,,,,,,,,,,,,,,,,
192015,0044002,2,山梨県,ヤマナシケン,Yamanashi,,,,甲府市,コウフシ,Kofu-shi,,,,湯田,ユダ,Yuda,２丁目,２チョウメ,2,,,,,1,1,0,0,0,0,1,1,1947-04-17,,0,,,,,,,,,,,,,,,,
192015,0045000,1,山梨県,ヤマナシケン,Yamanashi,,,,甲府市,コウフシ,Kofu-shi,,,,太田町,オオタマチ,Otamachi,,,,,,,,1,1,0,0,0,0,1,1,1947-04-17,,0,4000865,,,,,,,,,,,,,,,
192015,0046000,1,山梨県,ヤマナシケン,Yamanashi,,,,甲府市,コウフシ,Kofu-shi,,,,幸町,サイワイチョウ,Saiwaicho,,,,,,,,1,1,0,0,0,0,1,1,1947-04-17,,0,4000857,,,,,,,,,,,,,,,
192015,0047001,2,山梨県,ヤマナシケン,Yamanashi,,,,甲府市,コウフシ,Kofu-shi,,,,伊勢,イセ,Ise,１丁目,１チョウメ,1,,,,,1,1,0,0,0,0,1,1,1947-04-17,,0,,,,,,,,,,,,,,,,
192015,0047002,2,山梨県,ヤマナシケン,Yamanashi,,,,甲府市,コウフシ,Kofu-shi,,,,伊勢,イセ,Ise,２丁目,２チョウメ,2,,,,,1,1,0,0,0,0,1,1,1947-04-17,,0,,,,,,,,,,,,,,,,
192015,0047003,2,山梨県,ヤマナシケン,Yamanashi,,,,甲府市,コウフシ,Kofu-shi,,,,伊勢,イセ,Ise,３丁目,３チョウメ,3,,,,,1,1,0,0,0,0,1,1,1947-04-17,,0,,,,,,,,,,,,,,,,
192015,0047004,2,山梨県,ヤマナシケン,Yamanashi,,,,甲府市,コウフシ,Kofu-shi,,,,伊勢,イセ,Ise,４丁目,４チョウメ,4,,,,,1,1,0,0,0,0,1,1,1947-04-17,,0,,,,,,,,,,,,,,,,
192015,0048001,2,山梨県,ヤマナシケン,Yamanashi,,,,甲府市,コウフシ,Kofu-shi,,,,高畑,タカバタケ,Takabatake,１丁目,１チョウメ,1,,,,,1,1,0,0,0,0,1,1,1947-04-17,,0,,,,,,,,,,,,,,,,
192015,0048002,2,山梨県,ヤマナシケン,Yamanashi,,,,甲府市,コウフシ,Kofu-shi,,,,高畑,タカバタケ,Takabatake,２丁目,２チョウメ,2,,,,,1,1,0,0,0,0,1,1,1947-04-17,,0,,,,,,,,,,,,,,,,
192015,0048003,2,山梨県,ヤマナシケン,Yamanashi,,,,甲府市,コウフシ,Kofu-shi,,,,高畑,タカバタケ,Takabatake,３丁目,３チョウメ,3,,,,,1,1,0,0,0,0,1,1,1947-04-17,,0,,,,,,,,,,,,,,,,
192015,0049001,2,山梨県,ヤマナシケン,Yamanashi,,,,甲府市,コウフシ,Kofu-shi,,,,国母,コクボ,Kokubo,１丁目,１チョウメ,1,,,,,1,1,0,0,0,0,1,1,1947-04-17,,0,,,,,,,,,,,,,,,,
192015,0049002,2,山梨県,ヤマナシケン,Yamanashi,,,,甲府市,コウフシ,Kofu-shi,,,,国母,コクボ,Kokubo,２丁目,２チョウメ,2,,,,,1,1,0,0,0,0,1,1,1947-04-17,,0,,,,,,,,,,,,,,,,
192015,0049003,2,山梨県,ヤマナシケン,Yamanashi,,,,甲府市,コウフシ,Kofu-shi,,,,国母,コクボ,Kokubo,３丁目,３チョウメ,3,,,,,1,1,0,0,0,0,1,1,1947-04-17,,0,,,,,,,,,,,,,,,,
192015,0049004,2,山梨県,ヤマナシケン,Yamanashi,,,,甲府市,コウフシ,Kofu-shi,,,,国母,コクボ,Kokubo,４丁目,４チョウメ,4,,,,,1,1,0,0,0,0,1,1,1947-04-17,,0,,,,,,,,,,,,,,,,
192015,0049005,2,山梨県,ヤマナシケン,Yamanashi,,,,甲府市,コウフシ,Kofu-shi,,,,国母,コクボ,Kokubo,５丁目,５チョウメ,5,,,,,1,1,0,0,0,0,1,1,1947-04-17,,0,,,,,,,,,,,,,,,,
192015,0049006,2,山梨県,ヤマナシケン,Yamanashi,,,,甲府市,コウフシ,Kofu-shi,,,,国母,コクボ,Kokubo,６丁目,６チョウメ,6,,,,,1,1,0,0,0,0,1,1,1947-04-17,,0,,,,,,,,,,,,,,,,
192015,0049007,2,山梨県,ヤマナシケン,Yamanashi,,,,甲府市,コウフシ,Kofu-shi,,,,国母,コクボ,Kokubo,７丁目,７チョウメ,7,,,,,1,1,0,0,0,0,1,1,1947-04-17,,0,,,,,,,,,,,,,,,,
192015,0049008,2,山梨県,ヤマナシケン,Yamanashi,,,,甲府市,コウフシ,Kofu-shi,,,,国母,コクボ,Kokubo,８丁目,８チョウメ,8,,,,,1,1,0,0,0,0,1,1,1947-04-17,,0,,,,,,,,,,,,,,,,
192015,0050002,2,山梨県,ヤマナシケン,Yamanashi,,,,甲府市,コウフシ,Kofu-shi,,,,下石田,シモイシダ,Shimoishida,２丁目,２チョウメ,2,,,,,1,1,0,0,0,0,1,1,1947-04-17,,0,,,,,,,,,,,,,,,,
192015,0051000,1,山梨県,ヤマナシケン,Yamanashi,,,,甲府市,コウフシ,Kofu-shi,,,,上曽根町,カミソネチョウ,Kamisonecho,,,,,,,,0,0,0,0,0,0,1,1,1947-04-17,,0,4001501,,,,,,,,,,,,,,,
192015,0052000,1,山梨県,ヤマナシケン,Yamanashi,,,,甲府市,コウフシ,Kofu-shi,,,,小曲町,オマガリチョウ,Omagaricho,,,,,,,,0,0,0,0,0,0,1,1,1947-04-17,,0,4000841,,,,,,,,,,,,,,,
192015,0053000,1,山梨県,ヤマナシケン,Yamanashi,,,,甲府市,コウフシ,Kofu-shi,,,,西下条町,ニシシモジョウマチ,Nishishimojomachi,,,,,,,,0,0,0,0,0,0,1,1,1947-04-17,,0,4000054,,,,,,,,,,,,,,,
192015,0054000,1,山梨県,ヤマナシケン,Yamanashi,,,,甲府市,コウフシ,Kofu-shi,,,,下鍛冶屋町,シモカジヤマチ,Shimokajiyamachi,,,,,,,,0,0,0,0,0,0,1,1,1947-04-17,,0,4000835,,,,,,,,,,,,,,,
192015,0055000,1,山梨県,ヤマナシケン,Yamanashi,,,,甲府市,コウフシ,Kofu-shi,,,,西油川町,ニシアブラカワチョウ,Nishiaburakawacho,,,,,,,,0,0,0,0,0,0,1,1,1947-04-17,,0,4000833,,,,,,,,,,,,,,,
192015,0056000,1,山梨県,ヤマナシケン,Yamanashi,,,,甲府市,コウフシ,Kofu-shi,,,,小瀬町,コセマチ,Kosemachi,,,,,,,,0,0,0,0,0,0,1,1,1947-04-17,,0,4000836,,,,,,,,,,,,,,,
192015,0057000,1,山梨県,ヤマナシケン,Yamanashi,,,,甲府市,コウフシ,Kofu-shi,,,,下小河原町,シモコガワラチョウ,Shimokogawaracho,,,,,,,,0,0,0,0,0,0,1,1,1947-04-17,,0,4000853,,,,,,,,,,,,,,,
192015,0058000,1,山梨県,ヤマナシケン,Yamanashi,,,,甲府市,コウフシ,Kofu-shi,,,,高室町,タカムロチョウ,Takamurocho,,,,,,,,0,0,0,0,0,0,1,1,1947-04-17,,0,4000057,,,,,,,,,,,,,,,
192015,0059000,1,山梨県,ヤマナシケン,Yamanashi,,,,甲府市,コウフシ,Kofu-shi,,,,堀之内町,ホリノウチチョウ,Horinochicho,,,,,,,,0,0,0,0,0,0,1,1,1947-04-17,,0,4000056,,,,,,,,,,,,,,,
192015,0060000,1,山梨県,ヤマナシケン,Yamanashi,,,,甲府市,コウフシ,Kofu-shi,,,,東下条町,ヒガシシモジョウマチ,Higashishimojomachi,,,,,,,,0,0,0,0,0,0,1,1,1947-04-17,,0,4000843,,,,,,,,,,,,,,,
192015,0061000,1,山梨県,ヤマナシケン,Yamanashi,,,,甲府市,コウフシ,Kofu-shi,,,,中町,ナカチョウ,Nakacho,,,,,,,,0,0,0,0,0,0,1,1,1947-04-17,,0,4000844,,,,,,,,,,,,,,,
192015,0062000,1,山梨県,ヤマナシケン,Yamanashi,,,,甲府市,コウフシ,Kofu-shi,,,,下今井町,シモイマイチョウ,Shimoimaicho,,,,,,,,0,0,0,0,0,0,1,1,1947-04-17,,0,4000842,,,,,,,,,,,,,,,
192015,0063000,1,山梨県,ヤマナシケン,Yamanashi,,,,甲府市,コウフシ,Kofu-shi,,,,上今井町,カミイマイチョウ,Kamiimaicho,,,,,,,,0,0,0,0,0,0,1,1,1947-04-17,,0,4000845,,,,,,,,,,,,,,,
192015,0064000,1,山梨県,ヤマナシケン,Yamanashi,,,,甲府市,コウフシ,Kofu-shi,,,,中小河原町,ナカコガワラチョウ,Nakakogawaracho,,,,,,,,0,0,0,0,0,0,1,1,1947-04-17,,0,4000854,,,,,,,,,,,,,,,
192015,0065000,1,山梨県,ヤマナシケン,Yamanashi,,,,甲府市,コウフシ,Kofu-shi,,,,後屋町,ウシロヤチョウ,Ushiroyacho,,,,,,,,0,0,0,0,0,0,1,1,1947-04-17,,0,4000045,,,,,,,,,,,,,,,
192015,0066000,1,山梨県,ヤマナシケン,Yamanashi,,,,甲府市,コウフシ,Kofu-shi,,,,上小河原町,カミコガワラチョウ,Kamikogawaracho,,,,,,,,0,0,0,0,0,0,1,1,1947-04-17,,0,4000044,,,,,,,,,,,,,,,
192015,0067000,1,山梨県,ヤマナシケン,Yamanashi,,,,甲府市,コウフシ,Kofu-shi,,,,上条新居町,カミジョウアライマチ,Kamijoaraimachi,,,,,,,,0,0,0,0,0,0,1,1,1947-04-17,,0,4000052,,,,,,,,,,,,,,,
192015,0068000,1,山梨県,ヤマナシケン,Yamanashi,,,,甲府市,コウフシ,Kofu-shi,,,,古上条町,フルカミジョウマチ,Furukamijomachi,,,,,,,,0,0,0,0,0,0,1,1,1947-04-17,,0,4000051,,,,,,,,,,,,,,,
192015,0069000,1,山梨県,ヤマナシケン,Yamanashi,,,,甲府市,コウフシ,Kofu-shi,,,,大里町,オオサトチョウ,Osatocho,,,,,,,,0,0,0,0,0,0,1,1,1947-04-17,,0,4000053,,,,,,,,,,,,,,,
192015,0070000,1,山梨県,ヤマナシケン,Yamanashi,,,,甲府市,コウフシ,Kofu-shi,,,,宮原町,ミヤバラチョウ,Miyabaracho,,,,,,,,0,0,0,0,0,0,1,1,1947-04-17,,0,4000058,,,,,,,,,,,,,,,
192015,0071001,2,山梨県,ヤマナシケン,Yamanashi,,,,甲府市,コウフシ,Kofu-shi,,,,住吉,スミヨシ,Sumiyoshi,１丁目,１チョウメ,1,,,,,1,1,0,0,0,0,1,1,1947-04-17,,0,,,,,,,,,,,,,,,,
192015,0071002,2,山梨県,ヤマナシケン,Yamanashi,,,,甲府市,コウフシ,Kofu-shi,,,,住吉,スミヨシ,Sumiyoshi,２丁目,２チョウメ,2,,,,,1,1,0,0,0,0,1,1,1947-04-17,,0,,,,,,,,,,,,,,,,
192015,0071003,2,山梨県,ヤマナシケン,Yamanashi,,,,甲府市,コウフシ,Kofu-shi,,,,住吉,スミヨシ,Sumiyoshi,３丁目,３チョウメ,3,,,,,1,1,0,0,0,0,1,1,1947-04-17,,0,,,,,,,,,,,,,,,,
192015,0071004,2,山梨県,ヤマナシケン,Yamanashi,,,,甲府市,コウフシ,Kofu-shi,,,,住吉,スミヨシ,Sumiyoshi,４丁目,４チョウメ,4,,,,,1,1,0,0,0,0,1,1,1947-04-17,,0,,,,,,,,,,,,,,,,
192015,0071005,2,山梨県,ヤマナシケン,Yamanashi,,,,甲府市,コウフシ,Kofu-shi,,,,住吉,スミヨシ,Sumiyoshi,５丁目,５チョウメ,5,,,,,1,1,0,0,0,0,1,1,1947-04-17,,0,,,,,,,,,,,,,,,,
192015,0072000,1,山梨県,ヤマナシケン,Yamanashi,,,,甲府市,コウフシ,Kofu-shi,,,,七沢町,ナナサワチョウ,Nanasawacho,,,,,,,,0,0,0,0,0,0,1,1,1947-04-17,,0,4000825,,,,,,,,,,,,,,,
192015,0073000,1,山梨県,ヤマナシケン,Yamanashi,,,,甲府市,コウフシ,Kofu-shi,,,,西高橋町,ニシタカハシチョウ,Nishitakahashicho,,,,,,,,0,0,0,0,0,0,1,1,1947-04-17,,0,4000826,,,,,,,,,,,,,,,
192015,0074000,1,山梨県,ヤマナシケン,Yamanashi,,,,甲府市,コウフシ,Kofu-shi,,,,上町,カミチョウ,Kamicho,,,,,,,,0,0,0,0,0,0,1,1,1947-04-17,,0,4000831,,,,,,,,,,,,,,,
192015,0075000,1,山梨県,ヤマナシケン,Yamanashi,,,,甲府市,コウフシ,Kofu-shi,,,,青葉町,アオバチョウ,Aobacho,,,,,,,,1,1,0,0,0,0,1,1,1947-04-17,,0,4000828,,,,,,,,,,,,,,,
192015,0076001,2,山梨県,ヤマナシケン,Yamanashi,,,,甲府市,コウフシ,Kofu-shi,,,,蓬沢,ヨモギサワ,Yomogisawa,１丁目,１チョウメ,1,,,,,1,1,0,0,0,0,1,1,1947-04-17,,0,,,,,,,,,,,,,,,,
192015,0077001,2,山梨県,ヤマナシケン,Yamanashi,,,,甲府市,コウフシ,Kofu-shi,,,,酒折,サカオリ,Sakaori,１丁目,１チョウメ,1,,,,,1,1,0,0,0,0,1,1,1947-04-17,,0,,,,,,,,,,,,,,,,
192015,0077002,2,山梨県,ヤマナシケン,Yamanashi,,,,甲府市,コウフシ,Kofu-shi,,,,酒折,サカオリ,Sakaori,２丁目,２チョウメ,2,,,,,1,1,0,0,0,0,1,1,1947-04-17,,0,,,,,,,,,,,,,,,,
192015,0077003,2,山梨県,ヤマナシケン,Yamanashi,,,,甲府市,コウフシ,Kofu-shi,,,,酒折,サカオリ,Sakaori,３丁目,３チョウメ,3,,,,,1,1,0,0,0,0,1,1,1947-04-17,,0,,,,,,,,,,,,,,,,
192015,0078000,1,山梨県,ヤマナシケン,Yamanashi,,,,甲府市,コウフシ,Kofu-shi,,,,上阿原町,カミアハラマチ,Kamiaharamachi,,,,,,,,0,0,0,0,0,0,1,1,1947-04-17,,0,4000814,,,,,,,,,,,,,,,
192015,0079000,1,山梨県,ヤマナシケン,Yamanashi,,,,甲府市,コウフシ,Kofu-shi,,,,蓬沢町,ヨモギサワマチ,Yomogisawamachi,,,,,,,,0,0,0,0,0,0,1,1,1947-04-17,,0,4000824,,,,,,,,,,,,,,,
192015,0080000,1,山梨県,ヤマナシケン,Yamanashi,,,,甲府市,コウフシ,Kofu-shi,,,,里吉町,サトヨシチョウ,Satoyoshicho,,,,,,,,0,0,0,0,0,0,1,1,1947-04-17,,0,4000823,,,,,,,,,,,,,,,
192015,0081000,1,山梨県,ヤマナシケン,Yamanashi,,,,甲府市,コウフシ,Kofu-shi,,,,砂田町,スナダチョウ,Sunadacho,,,,,,,,1,1,0,0,0,0,1,1,1947-04-17,,0,4000821,,,,,,,,,,,,,,,
192015,0082001,2,山梨県,ヤマナシケン,Yamanashi,,,,甲府市,コウフシ,Kofu-shi,,,,里吉,サトヨシ,Satoyoshi,１丁目,１チョウメ,1,,,,,1,1,0,0,0,0,1,1,1947-04-17,,0,,,,,,,,,,,,,,,,
192015,0082002,2,山梨県,ヤマナシケン,Yamanashi,,,,甲府市,コウフシ,Kofu-shi,,,,里吉,サトヨシ,Satoyoshi,２丁目,２チョウメ,2,,,,,1,1,0,0,0,0,1,1,1947-04-17,,0,,,,,,,,,,,,,,,,
192015,0082003,2,山梨県,ヤマナシケン,Yamanashi,,,,甲府市,コウフシ,Kofu-shi,,,,里吉,サトヨシ,Satoyoshi,３丁目,３チョウメ,3,,,,,1,1,0,0,0,0,1,1,1947-04-17,,0,,,,,,,,,,,,,,,,
192015,0082004,2,山梨県,ヤマナシケン,Yamanashi,,,,甲府市,コウフシ,Kofu-shi,,,,里吉,サトヨシ,Satoyoshi,４丁目,４チョウメ,4,,,,,1,1,0,0,0,0,1,1,1947-04-17,,0,,,,,,,,,,,,,,,,
192015,0083000,1,山梨県,ヤマナシケン,Yamanashi,,,,甲府市,コウフシ,Kofu-shi,,,,増坪町,マスツボチョウ,Masutsubocho,,,,,,,,0,0,0,0,0,0,1,1,1947-04-17,,0,4000832,,,,,,,,,,,,,,,
192015,0084000,1,山梨県,ヤマナシケン,Yamanashi,,,,甲府市,コウフシ,Kofu-shi,,,,住吉本町,スミヨシホンチョウ,Sumiyoshihoncho,,,,,,,,0,0,0,0,0,0,1,1,1947-04-17,,0,4000852,,,,,,,,,,,,,,,
192015,0085001,2,山梨県,ヤマナシケン,Yamanashi,,,,甲府市,コウフシ,Kofu-shi,,,,中小河原,ナカコガワラ,Nakakogawara,１丁目,１チョウメ,1,,,,,1,1,0,0,0,0,1,1,1947-04-17,,0,,,,,,,,,,,,,,,,
192015,0086000,1,山梨県,ヤマナシケン,Yamanashi,,,,甲府市,コウフシ,Kofu-shi,,,,国玉町,クダマチョウ,Kudamacho,,,,,,,,0,0,0,0,0,0,1,1,1947-04-17,,0,4000815,,,,,,,,,,,,,,,
192015,0087000,1,山梨県,ヤマナシケン,Yamanashi,,,,甲府市,コウフシ,Kofu-shi,,,,酒折町,サカオリチョウ,Sakaoricho,,,,,,,,0,0,0,0,0,0,1,1,1947-04-17,,0,4000804,,,,,,,,,,,,,,,
192015,0088001,2,山梨県,ヤマナシケン,Yamanashi,,,,甲府市,コウフシ,Kofu-shi,,,,善光寺,ゼンコウジ,Zenkoji,１丁目,１チョウメ,1,,,,,1,1,0,0,0,0,1,1,1947-04-17,,0,,,,,,,,,,,,,,,,
192015,0088002,2,山梨県,ヤマナシケン,Yamanashi,,,,甲府市,コウフシ,Kofu-shi,,,,善光寺,ゼンコウジ,Zenkoji,２丁目,２チョウメ,2,,,,,1,1,0,0,0,0,1,1,1947-04-17,,0,,,,,,,,,,,,,,,,
192015,0088003,2,山梨県,ヤマナシケン,Yamanashi,,,,甲府市,コウフシ,Kofu-shi,,,,善光寺,ゼンコウジ,Zenkoji,３丁目,３チョウメ,3,,,,,1,1,0,0,0,0,1,1,1947-04-17,,0,,,,,,,,,,,,,,,,
192015,0089001,2,山梨県,ヤマナシケン,Yamanashi,,,,甲府市,コウフシ,Kofu-shi,,,,東光寺,トウコウジ,Tokoji,１丁目,１チョウメ,1,,,,,1,1,0,0,0,0,1,1,1947-04-17,,0,,,,,,,,,,,,,,,,
192015,0089002,2,山梨県,ヤマナシケン,Yamanashi,,,,甲府市,コウフシ,Kofu-shi,,,,東光寺,トウコウジ,Tokoji,２丁目,２チョウメ,2,,,,,1,1,0,0,0,0,1,1,1947-04-17,,0,,,,,,,,,,,,,,,,
192015,0089003,2,山梨県,ヤマナシケン,Yamanashi,,,,甲府市,コウフシ,Kofu-shi,,,,東光寺,トウコウジ,Tokoji,３丁目,３チョウメ,3,,,,,1,1,0,0,0,0,1,1,1947-04-17,,0,,,,,,,,,,,,,,,,
192015,0090000,1,山梨県,ヤマナシケン,Yamanashi,,,,甲府市,コウフシ,Kofu-shi,,,,下河原町,シモガワラチョウ,Shimogawaracho,,,,,,,,1,1,0,0,0,0,1,1,1947-04-17,,0,4000068,,,,,,,,,,,,,,,
192015,0091000,1,山梨県,ヤマナシケン,Yamanashi,,,,甲府市,コウフシ,Kofu-shi,,,,金竹町,カネタケチョウ,Kanetakecho,,,,,,,,1,1,0,0,0,0,1,1,1947-04-17,,0,4000063,,,,,,,,,,,,,,,
192015,0092000,1,山梨県,ヤマナシケン,Yamanashi,,,,甲府市,コウフシ,Kofu-shi,,,,長松寺町,チョウショウジチョウ,Choshojicho,,,,,,,,1,1,0,0,0,0,1,1,1947-04-17,,0,4000067,,,,,,,,,,,,,,,
192015,0093000,1,山梨県,ヤマナシケン,Yamanashi,,,,甲府市,コウフシ,Kofu-shi,,,,中村町,ナカムラチョウ,Nakamuracho,,,,,,,,1,1,0,0,0,0,1,1,1947-04-17,,0,4000069,,,,,,,,,,,,,,,
192015,0094001,2,山梨県,ヤマナシケン,Yamanashi,,,,甲府市,コウフシ,Kofu-shi,,,,貢川,クガワ,Kugawa,１丁目,１チョウメ,1,,,,,1,1,0,0,0,0,1,1,1947-04-17,,0,,,,,,,,,,,,,,,,
192015,0094002,2,山梨県,ヤマナシケン,Yamanashi,,,,甲府市,コウフシ,Kofu-shi,,,,貢川,クガワ,Kugawa,２丁目,２チョウメ,2,,,,,1,1,0,0,0,0,1,1,1947-04-17,,0,,,,,,,,,,,,,,,,
192015,0095000,1,山梨県,ヤマナシケン,Yamanashi,,,,甲府市,コウフシ,Kofu-shi,,,,新田町,シンデンチョウ,Shindencho,,,,,,,,1,1,0,0,0,0,1,1,1947-04-17,,0,4000066,,,,,,,,,,,,,,,
192015,0096000,1,山梨県,ヤマナシケン,Yamanashi,,,,甲府市,コウフシ,Kofu-shi,,,,落合町,オチアイチョウ,Ochiaicho,,,,,,,,0,0,0,0,0,0,1,1,1947-04-17,,0,4000834,,,,,,,,,,,,,,,
192015,0097000,1,山梨県,ヤマナシケン,Yamanashi,,,,甲府市,コウフシ,Kofu-shi,,,,白井町,シライチョウ,Shiraicho,,,,,,,,0,0,0,0,0,0,1,1,1947-04-17,,0,4001502,,,,,,,,,,,,,,,
192015,0098000,1,山梨県,ヤマナシケン,Yamanashi,,,,甲府市,コウフシ,Kofu-shi,,,,大津町,オオツマチ,Otsumachi,,,,,,,,0,0,0,0,0,0,1,1,1947-04-17,,0,4000055,,,,,,,,,,,,,,,
192015,0099001,2,山梨県,ヤマナシケン,Yamanashi,,,,甲府市,コウフシ,Kofu-shi,,,,荒川,アラカワ,Arakawa,１丁目,１チョウメ,1,,,,,1,1,0,0,0,0,1,1,1947-04-17,,0,,,,,,,,,,,,,,,,
192015,0099002,2,山梨県,ヤマナシケン,Yamanashi,,,,甲府市,コウフシ,Kofu-shi,,,,荒川,アラカワ,Arakawa,２丁目,２チョウメ,2,,,,,1,1,0,0,0,0,1,1,1947-04-17,,0,,,,,,,,,,,,,,,,
192015,0100001,2,山梨県,ヤマナシケン,Yamanashi,,,,甲府市,コウフシ,Kofu-shi,,,,千塚,チヅカ,Chizuka,１丁目,１チョウメ,1,,,,,1,1,0,0,0,0,1,1,1947-04-17,,0,,,,,,,,,,,,,,,,
192015,0100002,2,山梨県,ヤマナシケン,Yamanashi,,,,甲府市,コウフシ,Kofu-shi,,,,千塚,チヅカ,Chizuka,２丁目,２チョウメ,2,,,,,1,1,0,0,0,0,1,1,1947-04-17,,0,,,,,,,,,,,,,,,,
192015,0100003,2,山梨県,ヤマナシケン,Yamanashi,,,,甲府市,コウフシ,Kofu-shi,,,,千塚,チヅカ,Chizuka,３丁目,３チョウメ,3,,,,,1,1,0,0,0,0,1,1,1947-04-17,,0,,,,,,,,,,,,,,,,
192015,0100004,2,山梨県,ヤマナシケン,Yamanashi,,,,甲府市,コウフシ,Kofu-shi,,,,千塚,チヅカ,Chizuka,４丁目,４チョウメ,4,,,,,1,1,0,0,0,0,1,1,1947-04-17,,0,,,,,,,,,,,,,,,,
192015,0100005,2,山梨県,ヤマナシケン,Yamanashi,,,,甲府市,コウフシ,Kofu-shi,,,,千塚,チヅカ,Chizuka,５丁目,５チョウメ,5,,,,,1,1,0,0,0,0,1,1,1947-04-17,,0,,,,,,,,,,,,,,,,
192015,0101001,2,山梨県,ヤマナシケン,Yamanashi,,,,甲府市,コウフシ,Kofu-shi,,,,緑が丘,ミドリガオカ,Midorigaoka,１丁目,１チョウメ,1,,,,,1,1,0,0,0,0,1,1,1947-04-17,,0,,,,,,,,,,,,,,,,
192015,0101002,2,山梨県,ヤマナシケン,Yamanashi,,,,甲府市,コウフシ,Kofu-shi,,,,緑が丘,ミドリガオカ,Midorigaoka,２丁目,２チョウメ,2,,,,,1,1,0,0,0,0,1,1,1947-04-17,,0,,,,,,,,,,,,,,,,
192015,0102001,2,山梨県,ヤマナシケン,Yamanashi,,,,甲府市,コウフシ,Kofu-shi,,,,北新,キタシン,Kitashin,１丁目,１チョウメ,1,,,,,1,1,0,0,0,0,1,1,1947-04-17,,0,,,,,,,,,,,,,,,,
192015,0102002,2,山梨県,ヤマナシケン,Yamanashi,,,,甲府市,コウフシ,Kofu-shi,,,,北新,キタシン,Kitashin,２丁目,２チョウメ,2,,,,,1,1,0,0,0,0,1,1,1947-04-17,,0,,,,,,,,,,,,,,,,
192015,0103001,2,山梨県,ヤマナシケン,Yamanashi,,,,甲府市,コウフシ,Kofu-shi,,,,屋形,ヤカタ,Yakata,１丁目,１チョウメ,1,,,,,1,1,0,0,0,0,1,1,1947-04-17,,0,,,,,,,,,,,,,,,,
192015,0103002,2,山梨県,ヤマナシケン,Yamanashi,,,,甲府市,コウフシ,Kofu-shi,,,,屋形,ヤカタ,Yakata,２丁目,２チョウメ,2,,,,,1,1,0,0,0,0,1,1,1947-04-17,,0,,,,,,,,,,,,,,,,
192015,0103003,2,山梨県,ヤマナシケン,Yamanashi,,,,甲府市,コウフシ,Kofu-shi,,,,屋形,ヤカタ,Yakata,３丁目,３チョウメ,3,,,,,1,1,0,0,0,0,1,1,1947-04-17,,0,,,,,,,,,,,,,,,,
192015,0104001,2,山梨県,ヤマナシケン,Yamanashi,,,,甲府市,コウフシ,Kofu-shi,,,,大手,オオテ,Ote,１丁目,１チョウメ,1,,,,,1,1,0,0,0,0,1,1,1947-04-17,,0,,,,,,,,,,,,,,,,
192015,0104002,2,山梨県,ヤマナシケン,Yamanashi,,,,甲府市,コウフシ,Kofu-shi,,,,大手,オオテ,Ote,２丁目,２チョウメ,2,,,,,1,1,0,0,0,0,1,1,1947-04-17,,0,,,,,,,,,,,,,,,,
192015,0104003,2,山梨県,ヤマナシケン,Yamanashi,,,,甲府市,コウフシ,Kofu-shi,,,,大手,オオテ,Ote,３丁目,３チョウメ,3,,,,,1,1,0,0,0,0,1,1,1947-04-17,,0,,,,,,,,,,,,,,,,
192015,0105000,1,山梨県,ヤマナシケン,Yamanashi,,,,甲府市,コウフシ,Kofu-shi,,,,西田町,ニシダチョウ,Nishidacho,,,,,,,,1,1,0,0,0,0,1,1,1947-04-17,,0,4000004,,,,,,,,,,,,,,,
192015,0106000,1,山梨県,ヤマナシケン,Yamanashi,,,,甲府市,コウフシ,Kofu-shi,,,,小松町,コマツマチ,Komatsumachi,,,,,,,,0,0,0,0,0,0,1,1,1947-04-17,,0,4000002,,,,,,,,,,,,,,,
192015,0107000,1,山梨県,ヤマナシケン,Yamanashi,,,,甲府市,コウフシ,Kofu-shi,,,,古府中町,コフチュウマチ,Kofuchumachi,,,,,,,,0,0,0,0,0,0,1,1,1947-04-17,,0,4000014,,,,,,,,,,,,,,,
192015,0108000,1,山梨県,ヤマナシケン,Yamanashi,,,,甲府市,コウフシ,Kofu-shi,,,,岩窪町,イワクボチョウ,Iwakubocho,,,,,,,,0,0,0,0,0,0,1,1,1947-04-17,,0,4000013,,,,,,,,,,,,,,,
192015,0109000,1,山梨県,ヤマナシケン,Yamanashi,,,,甲府市,コウフシ,Kofu-shi,,,,下積翠寺町,シモセキスイジマチ,Shimosekisuijimachi,,,,,,,,0,0,0,0,0,0,1,1,1947-04-17,,0,4000012,,*_*_MJ020696_*_*,,,,,,,,,,,,,
192015,0110000,1,山梨県,ヤマナシケン,Yamanashi,,,,甲府市,コウフシ,Kofu-shi,,,,和田町,ワダマチ,Wadamachi,,,,,,,,0,0,0,0,0,0,1,1,1947-04-17,,0,4000001,,,,,,,,,,,,,,,
192015,0111000,1,山梨県,ヤマナシケン,Yamanashi,,,,甲府市,コウフシ,Kofu-shi,,,,塚原町,ツカハラチョウ,Tsukaharacho,,,,,,,,0,0,0,0,0,0,1,1,1947-04-17,,0,4000003,,,,,,,,,,,,,,,
192015,0112001,2,山梨県,ヤマナシケン,Yamanashi,,,,甲府市,コウフシ,Kofu-shi,,,,湯村,ユムラ,Yumura,１丁目,１チョウメ,1,,,,,1,1,0,0,0,0,1,1,1947-04-17,,0,,,,,,,,,,,,,,,,
192015,0112002,2,山梨県,ヤマナシケン,Yamanashi,,,,甲府市,コウフシ,Kofu-shi,,,,湯村,ユムラ,Yumura,２丁目,２チョウメ,2,,,,,1,1,0,0,0,0,1,1,1947-04-17,,0,,,,,,,,,,,,,,,,
192015,0112003,2,山梨県,ヤマナシケン,Yamanashi,,,,甲府市,コウフシ,Kofu-shi,,,,湯村,ユムラ,Yumura,３丁目,３チョウメ,3,,,,,0,0,0,0,0,0,1,1,1947-04-17,,0,,,,,,,,,,,,,,,,
192015,0112003,2,山梨県,ヤマナシケン,Yamanashi,,,,甲府市,コウフシ,Kofu-shi,,,,湯村,ユムラ,Yumura,３丁目,３チョウメ,3,,,,,1,1,0,0,0,0,1,1,1947-04-17,,0,,,,,,,,,,,,,,,,
192015,0113000,1,山梨県,ヤマナシケン,Yamanashi,,,,甲府市,コウフシ,Kofu-shi,,,,羽黒町,ハグロチョウ,Hagurocho,,,,,,,,0,0,0,0,0,0,1,1,1947-04-17,,0,4000071,,,,,,,,,,,,,,,
192015,0114000,1,山梨県,ヤマナシケン,Yamanashi,,,,甲府市,コウフシ,Kofu-shi,,,,平瀬町,ヒラセマチ,Hirasemachi,,,,,,,,0,0,0,0,0,0,1,1,1947-04-17,,0,4000083,,,,,,,,,,,,,,,
192015,0115000,1,山梨県,ヤマナシケン,Yamanashi,,,,甲府市,コウフシ,Kofu-shi,,,,下帯那町,シモオビナチョウ,Shimobinacho,,,,,,,,0,0,0,0,0,0,1,1,1947-04-17,,0,4000082,,*_*_MJ026238_*,,,,,,,,,,,,,
192015,0116000,1,山梨県,ヤマナシケン,Yamanashi,,,,甲府市,コウフシ,Kofu-shi,,,,塔岩町,トウイワチョウ,Toiwacho,,,,,,,,0,0,0,0,0,0,1,1,1947-04-17,,0,4001216,,,,,,,,,,,,,,,
192015,0117000,1,山梨県,ヤマナシケン,Yamanashi,,,,甲府市,コウフシ,Kofu-shi,,,,竹日向町,タケヒナタマチ,Takehinatamachi,,,,,,,,0,0,0,0,0,0,1,1,1947-04-17,,0,4001215,,,,,,,,,,,,,,,
192015,0118000,1,山梨県,ヤマナシケン,Yamanashi,,,,甲府市,コウフシ,Kofu-shi,,,,山宮町,ヤマミヤチョウ,Yamamiyacho,,,,,,,,0,0,0,0,0,0,1,1,1947-04-17,,0,4000075,,,,,,,,,,,,,,,
192015,0119000,1,山梨県,ヤマナシケン,Yamanashi,,,,甲府市,コウフシ,Kofu-shi,,,,元紺屋町,モトコンヤマチ,Motokonyamachi,,,,,,,,0,0,0,0,0,0,1,1,1947-04-17,,0,4000022,,,,,,,,,,,,,,,
192015,0120001,2,山梨県,ヤマナシケン,Yamanashi,,,,甲府市,コウフシ,Kofu-shi,,,,武田,タケダ,Takeda,１丁目,１チョウメ,1,,,,,1,1,0,0,0,0,1,1,1947-04-17,,0,,,,,,,,,,,,,,,,
192015,0120002,2,山梨県,ヤマナシケン,Yamanashi,,,,甲府市,コウフシ,Kofu-shi,,,,武田,タケダ,Takeda,２丁目,２チョウメ,2,,,,,1,1,0,0,0,0,1,1,1947-04-17,,0,,,,,,,,,,,,,,,,
192015,0120003,2,山梨県,ヤマナシケン,Yamanashi,,,,甲府市,コウフシ,Kofu-shi,,,,武田,タケダ,Takeda,３丁目,３チョウメ,3,,,,,1,1,0,0,0,0,1,1,1947-04-17,,0,,,,,,,,,,,,,,,,
192015,0120004,2,山梨県,ヤマナシケン,Yamanashi,,,,甲府市,コウフシ,Kofu-shi,,,,武田,タケダ,Takeda,４丁目,４チョウメ,4,,,,,1,1,0,0,0,0,1,1,1947-04-17,,0,,,,,,,,,,,,,,,,
192015,0121000,1,山梨県,ヤマナシケン,Yamanashi,,,,甲府市,コウフシ,Kofu-shi,,,,宮前町,ミヤマエチョウ,Miyamaecho,,,,,,,,1,1,0,0,0,0,1,1,1947-04-17,,0,4000021,,,,,,,,,,,,,,,
192015,0122001,2,山梨県,ヤマナシケン,Yamanashi,,,,甲府市,コウフシ,Kofu-shi,,,,美咲,ミサキ,Misaki,１丁目,１チョウメ,1,,,,,1,1,0,0,0,0,1,1,1947-04-17,,0,,,,,,,,,,,,,,,,
192015,0122002,2,山梨県,ヤマナシケン,Yamanashi,,,,甲府市,コウフシ,Kofu-shi,,,,美咲,ミサキ,Misaki,２丁目,２チョウメ,2,,,,,1,1,0,0,0,0,1,1,1947-04-17,,0,,,,,,,,,,,,,,,,
192015,0123000,1,山梨県,ヤマナシケン,Yamanashi,,,,甲府市,コウフシ,Kofu-shi,,,,天神町,テンジンチョウ,Tenjincho,,,,,,,,1,1,0,0,0,0,1,1,1947-04-17,,0,4000006,,,,,,,,,,,,,,,
192015,0124000,1,山梨県,ヤマナシケン,Yamanashi,,,,甲府市,コウフシ,Kofu-shi,,,,大和町,ダイワチョウ,Daiwacho,,,,,,,,1,1,0,0,0,0,1,1,1947-04-17,,0,4000072,,,,,,,,,,,,,,,
192015,0125000,1,山梨県,ヤマナシケン,Yamanashi,,,,甲府市,コウフシ,Kofu-shi,,,,音羽町,オトワチョウ,Otowacho,,,,,,,,1,1,0,0,0,0,1,1,1947-04-17,,0,4000028,,,,,,,,,,,,,,,
192015,0126000,1,山梨県,ヤマナシケン,Yamanashi,,,,甲府市,コウフシ,Kofu-shi,,,,高町,タカマチ,Takamachi,,,,,,,,0,0,0,0,0,0,1,1,1947-04-17,,0,4001212,,,,,,,,,,,,,,,
192015,0127000,1,山梨県,ヤマナシケン,Yamanashi,,,,甲府市,コウフシ,Kofu-shi,,,,草鹿沢町,ソウカザワチョウ,Sokazawacho,,,,,,,,0,0,0,0,0,0,1,1,1947-04-17,,0,4001219,,,,,,,,,,,,,,,
192015,0128000,1,山梨県,ヤマナシケン,Yamanashi,,,,甲府市,コウフシ,Kofu-shi,,,,御岳町,ミタケチョウ,Mitakecho,,,,,,,,0,0,0,0,0,0,1,1,1947-04-17,,0,4001218,,,,,,,,,,,,,,,
192023,0001000,1,山梨県,ヤマナシケン,Yamanashi,,,,富士吉田市,フジヨシダシ,Fujiyoshida-shi,,,,大明見,オオアスミ,Oasumi,,,,,,,,0,0,0,0,0,0,1,1,1947-04-17,,0,4030003,,,,,,,,,,,,,,,
192023,0001001,2,山梨県,ヤマナシケン,Yamanashi,,,,富士吉田市,フジヨシダシ,Fujiyoshida-shi,,,,大明見,オオアスミ,Oasumi,１丁目,１チョウメ,1,,,,,1,1,0,0,0,0,1,1,1947-04-17,,0,,,,,,,,,,,,,,,,
192023,0001002,2,山梨県,ヤマナシケン,Yamanashi,,,,富士吉田市,フジヨシダシ,Fujiyoshida-shi,,,,大明見,オオアスミ,Oasumi,２丁目,２チョウメ,2,,,,,1,1,0,0,0,0,1,1,1947-04-17,,0,,,,,,,,,,,,,,,,
192023,0001003,2,山梨県,ヤマナシケン,Yamanashi,,,,富士吉田市,フジヨシダシ,Fujiyoshida-shi,,,,大明見,オオアスミ,Oasumi,３丁目,３チョウメ,3,,,,,1,1,0,0,0,0,1,1,1947-04-17,,0,,,,,,,,,,,,,,,,
192023,0001004,2,山梨県,ヤマナシケン,Yamanashi,,,,富士吉田市,フジヨシダシ,Fujiyoshida-shi,,,,大明見,オオアスミ,Oasumi,４丁目,４チョウメ,4,,,,,1,1,0,0,0,0,1,1,1947-04-17,,0,,,,,,,,,,,,,,,,
192023,0001005,2,山梨県,ヤマナシケン,Yamanashi,,,,富士吉田市,フジヨシダシ,Fujiyoshida-shi,,,,大明見,オオアスミ,Oasumi,５丁目,５チョウメ,5,,,,,1,1,0,0,0,0,1,1,1947-04-17,,0,,,,,,,,,,,,,,,,
192023,0001006,2,山梨県,ヤマナシケン,Yamanashi,,,,富士吉田市,フジヨシダシ,Fujiyoshida-shi,,,,大明見,オオアスミ,Oasumi,６丁目,６チョウメ,6,,,,,1,1,0,0,0,0,1,1,1947-04-17,,0,,,,,,,,,,,,,,,,
192023,0002000,1,山梨県,ヤマナシケン,Yamanashi,,,,富士吉田市,フジヨシダシ,Fujiyoshida-shi,,,,下吉田,シモヨシダ,Shimoyoshida,,,,,,,,0,0,0,0,0,0,1,1,1947-04-17,,0,4030004,,,,,,,,,,,,,,,
192023,0002001,2,山梨県,ヤマナシケン,Yamanashi,,,,富士吉田市,フジヨシダシ,Fujiyoshida-shi,,,,下吉田,シモヨシダ,Shimoyoshida,１丁目,１チョウメ,1,,,,,1,1,0,0,0,0,1,1,1947-04-17,,0,,,,,,,,,,,,,,,,
192023,0002002,2,山梨県,ヤマナシケン,Yamanashi,,,,富士吉田市,フジヨシダシ,Fujiyoshida-shi,,,,下吉田,シモヨシダ,Shimoyoshida,２丁目,２チョウメ,2,,,,,1,1,0,0,0,0,1,1,1947-04-17,,0,,,,,,,,,,,,,,,,
192023,0002003,2,山梨県,ヤマナシケン,Yamanashi,,,,富士吉田市,フジヨシダシ,Fujiyoshida-shi,,,,下吉田,シモヨシダ,Shimoyoshida,３丁目,３チョウメ,3,,,,,1,1,0,0,0,0,1,1,1947-04-17,,0,,,,,,,,,,,,,,,,
192023,0002004,2,山梨県,ヤマナシケン,Yamanashi,,,,富士吉田市,フジヨシダシ,Fujiyoshida-shi,,,,下吉田,シモヨシダ,Shimoyoshida,４丁目,４チョウメ,4,,,,,1,1,0,0,0,0,1,1,1947-04-17,,0,,,,,,,,,,,,,,,,
192023,0002005,2,山梨県,ヤマナシケン,Yamanashi,,,,富士吉田市,フジヨシダシ,Fujiyoshida-shi,,,,下吉田,シモヨシダ,Shimoyoshida,５丁目,５チョウメ,5,,,,,1,1,0,0,0,0,1,1,1947-04-17,,0,,,,,,,,,,,,,,,,
192023,0002006,2,山梨県,ヤマナシケン,Yamanashi,,,,富士吉田市,フジヨシダシ,Fujiyoshida-shi,,,,下吉田,シモヨシダ,Shimoyoshida,６丁目,６チョウメ,6,,,,,1,1,0,0,0,0,1,1,1947-04-17,,0,,,,,,,,,,,,,,,,
192023,0002007,2,山梨県,ヤマナシケン,Yamanashi,,,,富士吉田市,フジヨシダシ,Fujiyoshida-shi,,,,下吉田,シモヨシダ,Shimoyoshida,７丁目,７チョウメ,7,,,,,1,1,0,0,0,0,1,1,1947-04-17,,0,,,,,,,,,,,,,,,,
192023,0002008,2,山梨県,ヤマナシケン,Yamanashi,,,,富士吉田市,フジヨシダシ,Fujiyoshida-shi,,,,下吉田,シモヨシダ,Shimoyoshida,８丁目,８チョウメ,8,,,,,1,1,0,0,0,0,1,1,1947-04-17,,0,,,,,,,,,,,,,,,,
192023,0002009,2,山梨県,ヤマナシケン,Yamanashi,,,,富士吉田市,フジヨシダシ,Fujiyoshida-shi,,,,下吉田,シモヨシダ,Shimoyoshida,９丁目,９チョウメ,9,,,,,1,1,0,0,0,0,1,1,1947-04-17,,0,,,,,,,,,,,,,,,,
192023,0003001,2,山梨県,ヤマナシケン,Yamanashi,,,,富士吉田市,フジヨシダシ,Fujiyoshida-shi,,,,下吉田東,シモヨシダヒガシ,Shimoyoshidahigashi,１丁目,１チョウメ,1,,,,,1,1,0,0,0,0,1,1,1947-04-17,,0,,,,,,,,,,,,,,,,
192023,0003002,2,山梨県,ヤマナシケン,Yamanashi,,,,富士吉田市,フジヨシダシ,Fujiyoshida-shi,,,,下吉田東,シモヨシダヒガシ,Shimoyoshidahigashi,２丁目,２チョウメ,2,,,,,1,1,0,0,0,0,1,1,1947-04-17,,0,,,,,,,,,,,,,,,,
192023,0003003,2,山梨県,ヤマナシケン,Yamanashi,,,,富士吉田市,フジヨシダシ,Fujiyoshida-shi,,,,下吉田東,シモヨシダヒガシ,Shimoyoshidahigashi,３丁目,３チョウメ,3,,,,,1,1,0,0,0,0,1,1,1947-04-17,,0,,,,,,,,,,,,,,,,
192023,0003004,2,山梨県,ヤマナシケン,Yamanashi,,,,富士吉田市,フジヨシダシ,Fujiyoshida-shi,,,,下吉田東,シモヨシダヒガシ,Shimoyoshidahigashi,４丁目,４チョウメ,4,,,,,1,1,0,0,0,0,1,1,1947-04-17,,0,,,,,,,,,,,,,,,,
192023,0004001,2,山梨県,ヤマナシケン,Yamanashi,,,,富士吉田市,フジヨシダシ,Fujiyoshida-shi,,,,中曽根,ナカゾネ,Nakazone,１丁目,１チョウメ,1,,,,,1,1,0,0,0,0,1,1,1947-04-17,,0,,,,,,,,,,,,,,,,
192023,0004002,2,山梨県,ヤマナシケン,Yamanashi,,,,富士吉田市,フジヨシダシ,Fujiyoshida-shi,,,,中曽根,ナカゾネ,Nakazone,２丁目,２チョウメ,2,,,,,1,1,0,0,0,0,1,1,1947-04-17,,0,,,,,,,,,,,,,,,,
192023,0004003,2,山梨県,ヤマナシケン,Yamanashi,,,,富士吉田市,フジヨシダシ,Fujiyoshida-shi,,,,中曽根,ナカゾネ,Nakazone,３丁目,３チョウメ,3,,,,,1,1,0,0,0,0,1,1,1947-04-17,,0,,,,,,,,,,,,,,,,
192023,0004004,2,山梨県,ヤマナシケン,Yamanashi,,,,富士吉田市,フジヨシダシ,Fujiyoshida-shi,,,,中曽根,ナカゾネ,Nakazone,４丁目,４チョウメ,4,,,,,1,1,0,0,0,0,1,1,1947-04-17,,0,,,,,,,,,,,,,,,,
192023,0006000,1,山梨県,ヤマナシケン,Yamanashi,,,,富士吉田市,フジヨシダシ,Fujiyoshida-shi,,,,新屋,アラヤ,Araya,,,,,,,,0,0,0,0,0,0,1,1,1947-04-17,,0,4030006,,,,,,,,,,,,,,,
192023,0006001,2,山梨県,ヤマナシケン,Yamanashi,,,,富士吉田市,フジヨシダシ,Fujiyoshida-shi,,,,新屋,アラヤ,,１丁目,１チョウメ,1,,,,,1,1,0,0,0,0,1,1,2021-10-03,,0,,,,,,,,,,,,,,,,
192023,0006002,2,山梨県,ヤマナシケン,Yamanashi,,,,富士吉田市,フジヨシダシ,Fujiyoshida-shi,,,,新屋,アラヤ,,２丁目,２チョウメ,2,,,,,1,1,0,0,0,0,1,1,2021-10-03,,0,,,,,,,,,,,,,,,,
192023,0006003,2,山梨県,ヤマナシケン,Yamanashi,,,,富士吉田市,フジヨシダシ,Fujiyoshida-shi,,,,新屋,アラヤ,,３丁目,３チョウメ,3,,,,,1,1,0,0,0,0,1,1,2021-10-03,,0,,,,,,,,,,,,,,,,
192023,0006004,2,山梨県,ヤマナシケン,Yamanashi,,,,富士吉田市,フジヨシダシ,Fujiyoshida-shi,,,,新屋,アラヤ,,４丁目,４チョウメ,4,,,,,1,1,0,0,0,0,1,1,2021-10-03,,0,,,,,,,,,,,,,,,,
192023,0006005,2,山梨県,ヤマナシケン,Yamanashi,,,,富士吉田市,フジヨシダシ,Fujiyoshida-shi,,,,新屋,アラヤ,,５丁目,５チョウメ,5,,,,,1,1,0,0,0,0,1,1,2021-10-03,,0,,,,,,,,,,,,,,,,
192023,0007000,1,山梨県,ヤマナシケン,Yamanashi,,,,富士吉田市,フジヨシダシ,Fujiyoshida-shi,,,,松山,マツヤマ,Matsuyama,,,,,,,,0,0,0,0,0,0,1,1,1947-04-17,,0,4030016,,,,,,,,,,,,,,,
192023,0007001,2,山梨県,ヤマナシケン,Yamanashi,,,,富士吉田市,フジヨシダシ,Fujiyoshida-shi,,,,松山,マツヤマ,Matsuyama,１丁目,１チョウメ,1,,,,,1,1,0,0,0,0,1,1,1947-04-17,,0,,,,,,,,,,,,,,,,
192023,0007002,2,山梨県,ヤマナシケン,Yamanashi,,,,富士吉田市,フジヨシダシ,Fujiyoshida-shi,,,,松山,マツヤマ,Matsuyama,２丁目,２チョウメ,2,,,,,1,1,0,0,0,0,1,1,1947-04-17,,0,,,,,,,,,,,,,,,,
192023,0007003,2,山梨県,ヤマナシケン,Yamanashi,,,,富士吉田市,フジヨシダシ,Fujiyoshida-shi,,,,松山,マツヤマ,Matsuyama,３丁目,３チョウメ,3,,,,,1,1,0,0,0,0,1,1,1947-04-17,,0,,,,,,,,,,,,,,,,
192023,0007004,2,山梨県,ヤマナシケン,Yamanashi,,,,富士吉田市,フジヨシダシ,Fujiyoshida-shi,,,,松山,マツヤマ,Matsuyama,４丁目,４チョウメ,4,,,,,1,1,0,0,0,0,1,1,1947-04-17,,0,,,,,,,,,,,,,,,,
192023,0007005,2,山梨県,ヤマナシケン,Yamanashi,,,,富士吉田市,フジヨシダシ,Fujiyoshida-shi,,,,松山,マツヤマ,Matsuyama,５丁目,５チョウメ,5,,,,,1,1,0,0,0,0,1,1,1947-04-17,,0,,,,,,,,,,,,,,,,
192023,0008000,1,山梨県,ヤマナシケン,Yamanashi,,,,富士吉田市,フジヨシダシ,Fujiyoshida-shi,,,,上吉田,カミヨシダ,Kamiyoshida,,,,,,,,0,0,0,0,0,0,1,1,1947-04-17,,0,4030005,,,,,,,,,,,,,,,
192023,0008001,2,山梨県,ヤマナシケン,Yamanashi,,,,富士吉田市,フジヨシダシ,Fujiyoshida-shi,,,,上吉田,カミヨシダ,Kamiyoshida,１丁目,１チョウメ,1,,,,,1,1,0,0,0,0,1,1,1947-04-17,,0,,,,,,,,,,,,,,,,
192023,0008002,2,山梨県,ヤマナシケン,Yamanashi,,,,富士吉田市,フジヨシダシ,Fujiyoshida-shi,,,,上吉田,カミヨシダ,Kamiyoshida,２丁目,２チョウメ,2,,,,,1,1,0,0,0,0,1,1,1947-04-17,,0,,,,,,,,,,,,,,,,
192023,0008003,2,山梨県,ヤマナシケン,Yamanashi,,,,富士吉田市,フジヨシダシ,Fujiyoshida-shi,,,,上吉田,カミヨシダ,Kamiyoshida,３丁目,３チョウメ,3,,,,,1,1,0,0,0,0,1,1,1947-04-17,,0,,,,,,,,,,,,,,,,
192023,0008004,2,山梨県,ヤマナシケン,Yamanashi,,,,富士吉田市,フジヨシダシ,Fujiyoshida-shi,,,,上吉田,カミヨシダ,Kamiyoshida,４丁目,４チョウメ,4,,,,,1,1,0,0,0,0,1,1,1947-04-17,,0,,,,,,,,,,,,,,,,
192023,0008005,2,山梨県,ヤマナシケン,Yamanashi,,,,富士吉田市,フジヨシダシ,Fujiyoshida-shi,,,,上吉田,カミヨシダ,Kamiyoshida,５丁目,５チョウメ,5,,,,,1,1,0,0,0,0,1,1,1947-04-17,,0,,,,,,,,,,,,,,,,
192023,0008006,2,山梨県,ヤマナシケン,Yamanashi,,,,富士吉田市,フジヨシダシ,Fujiyoshida-shi,,,,上吉田,カミヨシダ,Kamiyoshida,６丁目,６チョウメ,6,,,,,1,1,0,0,0,0,1,1,1947-04-17,,0,,,,,,,,,,,,,,,,
192023,0008007,2,山梨県,ヤマナシケン,Yamanashi,,,,富士吉田市,フジヨシダシ,Fujiyoshida-shi,,,,上吉田,カミヨシダ,Kamiyoshida,７丁目,７チョウメ,7,,,,,1,1,0,0,0,0,1,1,1947-04-17,,0,,,,,,,,,,,,,,,,
192023,0009001,2,山梨県,ヤマナシケン,Yamanashi,,,,富士吉田市,フジヨシダシ,Fujiyoshida-shi,,,,新西原,シンニシハラ,Shinnishihara,１丁目,１チョウメ,1,,,,,1,1,0,0,0,0,1,1,1947-04-17,,0,,,,,,,,,,,,,,,,
192023,0009002,2,山梨県,ヤマナシケン,Yamanashi,,,,富士吉田市,フジヨシダシ,Fujiyoshida-shi,,,,新西原,シンニシハラ,Shinnishihara,２丁目,２チョウメ,2,,,,,1,1,0,0,0,0,1,1,1947-04-17,,0,,,,,,,,,,,,,,,,
192023,0009003,2,山梨県,ヤマナシケン,Yamanashi,,,,富士吉田市,フジヨシダシ,Fujiyoshida-shi,,,,新西原,シンニシハラ,Shinnishihara,３丁目,３チョウメ,3,,,,,1,1,0,0,0,0,1,1,1947-04-17,,0,,,,,,,,,,,,,,,,
192023,0009004,2,山梨県,ヤマナシケン,Yamanashi,,,,富士吉田市,フジヨシダシ,Fujiyoshida-shi,,,,新西原,シンニシハラ,Shinnishihara,４丁目,４チョウメ,4,,,,,1,1,0,0,0,0,1,1,1947-04-17,,0,,,,,,,,,,,,,,,,
192023,0009005,2,山梨県,ヤマナシケン,Yamanashi,,,,富士吉田市,フジヨシダシ,Fujiyoshida-shi,,,,新西原,シンニシハラ,Shinnishihara,５丁目,５チョウメ,5,,,,,1,1,0,0,0,0,1,1,1947-04-17,,0,,,,,,,,,,,,,,,,
192023,0011001,2,山梨県,ヤマナシケン,Yamanashi,,,,富士吉田市,フジヨシダシ,Fujiyoshida-shi,,,,ときわ台,トキワダイ,Tokiwadai,１丁目,１チョウメ,1,,,,,1,1,0,0,0,0,1,1,1947-04-17,,0,,,,,,,,,,,,,,,,
192023,0011002,2,山梨県,ヤマナシケン,Yamanashi,,,,富士吉田市,フジヨシダシ,Fujiyoshida-shi,,,,ときわ台,トキワダイ,Tokiwadai,２丁目,２チョウメ,2,,,,,1,1,0,0,0,0,1,1,1947-04-17,,0,,,,,,,,,,,,,,,,
192023,0012001,2,山梨県,ヤマナシケン,Yamanashi,,,,富士吉田市,フジヨシダシ,Fujiyoshida-shi,,,,緑ケ丘,ミドリガオカ,Midorigaoka,１丁目,１チョウメ,1,,,,,1,1,0,0,0,0,1,1,1947-04-17,,0,,,,,,,,,,,,,,,,
192023,0012002,2,山梨県,ヤマナシケン,Yamanashi,,,,富士吉田市,フジヨシダシ,Fujiyoshida-shi,,,,緑ケ丘,ミドリガオカ,Midorigaoka,２丁目,２チョウメ,2,,,,,1,1,0,0,0,0,1,1,1947-04-17,,0,,,,,,,,,,,,,,,,
192023,0013001,2,山梨県,ヤマナシケン,Yamanashi,,,,富士吉田市,フジヨシダシ,Fujiyoshida-shi,,,,竜ケ丘,タツガオカ,Tatsugaoka,１丁目,１チョウメ,1,,,,,1,1,0,0,0,0,1,1,1947-04-17,,0,,,,,,,,,,,,,,,,
192023,0013002,2,山梨県,ヤマナシケン,Yamanashi,,,,富士吉田市,フジヨシダシ,Fujiyoshida-shi,,,,竜ケ丘,タツガオカ,Tatsugaoka,２丁目,２チョウメ,2,,,,,1,1,0,0,0,0,1,1,1947-04-17,,0,,,,,,,,,,,,,,,,
192023,0013003,2,山梨県,ヤマナシケン,Yamanashi,,,,富士吉田市,フジヨシダシ,Fujiyoshida-shi,,,,竜ケ丘,タツガオカ,Tatsugaoka,３丁目,３チョウメ,3,,,,,1,1,0,0,0,0,1,1,1947-04-17,,0,,,,,,,,,,,,,,,,
192023,0014001,2,山梨県,ヤマナシケン,Yamanashi,,,,富士吉田市,フジヨシダシ,Fujiyoshida-shi,,,,旭,アサヒ,Asahi,１丁目,１チョウメ,1,,,,,1,1,0,0,0,0,1,1,1947-04-17,,0,,,,,,,,,,,,,,,,
192023,0014002,2,山梨県,ヤマナシケン,Yamanashi,,,,富士吉田市,フジヨシダシ,Fujiyoshida-shi,,,,旭,アサヒ,Asahi,２丁目,２チョウメ,2,,,,,1,1,0,0,0,0,1,1,1947-04-17,,0,,,,,,,,,,,,,,,,
192023,0014003,2,山梨県,ヤマナシケン,Yamanashi,,,,富士吉田市,フジヨシダシ,Fujiyoshida-shi,,,,旭,アサヒ,Asahi,３丁目,３チョウメ,3,,,,,1,1,0,0,0,0,1,1,1947-04-17,,0,,,,,,,,,,,,,,,,
192023,0014004,2,山梨県,ヤマナシケン,Yamanashi,,,,富士吉田市,フジヨシダシ,Fujiyoshida-shi,,,,旭,アサヒ,Asahi,４丁目,４チョウメ,4,,,,,1,1,0,0,0,0,1,1,1947-04-17,,0,,,,,,,,,,,,,,,,
192023,0014005,2,山梨県,ヤマナシケン,Yamanashi,,,,富士吉田市,フジヨシダシ,Fujiyoshida-shi,,,,旭,アサヒ,Asahi,５丁目,５チョウメ,5,,,,,1,1,0,0,0,0,1,1,1947-04-17,,0,,,,,,,,,,,,,,,,
192023,0016000,1,山梨県,ヤマナシケン,Yamanashi,,,,富士吉田市,フジヨシダシ,Fujiyoshida-shi,,,,上暮地,カミクレチ,Kamikurechi,,,,,,,,0,0,0,0,0,0,1,1,1947-04-17,,0,4030001,,,,,,,,,,,,,,,
192023,0016001,2,山梨県,ヤマナシケン,Yamanashi,,,,富士吉田市,フジヨシダシ,Fujiyoshida-shi,,,,上暮地,カミクレチ,Kamikurechi,１丁目,１チョウメ,1,,,,,1,1,0,0,0,0,1,1,1947-04-17,,0,,,,,,,,,,,,,,,,
192023,0016002,2,山梨県,ヤマナシケン,Yamanashi,,,,富士吉田市,フジヨシダシ,Fujiyoshida-shi,,,,上暮地,カミクレチ,Kamikurechi,２丁目,２チョウメ,2,,,,,1,1,0,0,0,0,1,1,1947-04-17,,0,,,,,,,,,,,,,,,,
192023,0016003,2,山梨県,ヤマナシケン,Yamanashi,,,,富士吉田市,フジヨシダシ,Fujiyoshida-shi,,,,上暮地,カミクレチ,Kamikurechi,３丁目,３チョウメ,3,,,,,1,1,0,0,0,0,1,1,1947-04-17,,0,,,,,,,,,,,,,,,,
192023,0016004,2,山梨県,ヤマナシケン,Yamanashi,,,,富士吉田市,フジヨシダシ,Fujiyoshida-shi,,,,上暮地,カミクレチ,Kamikurechi,４丁目,４チョウメ,4,,,,,1,1,0,0,0,0,1,1,1947-04-17,,0,,,,,,,,,,,,,,,,
192023,0016005,2,山梨県,ヤマナシケン,Yamanashi,,,,富士吉田市,フジヨシダシ,Fujiyoshida-shi,,,,上暮地,カミクレチ,Kamikurechi,５丁目,５チョウメ,5,,,,,1,1,0,0,0,0,1,1,1947-04-17,,0,,,,,,,,,,,,,,,,
192023,0016006,2,山梨県,ヤマナシケン,Yamanashi,,,,富士吉田市,フジヨシダシ,Fujiyoshida-shi,,,,上暮地,カミクレチ,Kamikurechi,６丁目,６チョウメ,6,,,,,1,1,0,0,0,0,1,1,1947-04-17,,0,,,,,,,,,,,,,,,,
192023,0016007,2,山梨県,ヤマナシケン,Yamanashi,,,,富士吉田市,フジヨシダシ,Fujiyoshida-shi,,,,上暮地,カミクレチ,Kamikurechi,７丁目,７チョウメ,7,,,,,1,1,0,0,0,0,1,1,1947-04-17,,0,,,,,,,,,,,,,,,,
192023,0016008,2,山梨県,ヤマナシケン,Yamanashi,,,,富士吉田市,フジヨシダシ,Fujiyoshida-shi,,,,上暮地,カミクレチ,Kamikurechi,８丁目,８チョウメ,8,,,,,1,1,0,0,0,0,1,1,1947-04-17,,0,,,,,,,,,,,,,,,,
192023,0018001,2,山梨県,ヤマナシケン,Yamanashi,,,,富士吉田市,フジヨシダシ,Fujiyoshida-shi,,,,富士見,フジミ,Fujimi,１丁目,１チョウメ,1,,,,,1,1,0,0,0,0,1,1,1947-04-17,,0,,,,,,,,,,,,,,,,
192023,0018002,2,山梨県,ヤマナシケン,Yamanashi,,,,富士吉田市,フジヨシダシ,Fujiyoshida-shi,,,,富士見,フジミ,Fujimi,２丁目,２チョウメ,2,,,,,1,1,0,0,0,0,1,1,1947-04-17,,0,,,,,,,,,,,,,,,,
192023,0018003,2,山梨県,ヤマナシケン,Yamanashi,,,,富士吉田市,フジヨシダシ,Fujiyoshida-shi,,,,富士見,フジミ,Fujimi,３丁目,３チョウメ,3,,,,,1,1,0,0,0,0,1,1,1947-04-17,,0,,,,,,,,,,,,,,,,
192023,0018004,2,山梨県,ヤマナシケン,Yamanashi,,,,富士吉田市,フジヨシダシ,Fujiyoshida-shi,,,,富士見,フジミ,Fujimi,４丁目,４チョウメ,4,,,,,1,1,0,0,0,0,1,1,1947-04-17,,0,,,,,,,,,,,,,,,,
192023,0018005,2,山梨県,ヤマナシケン,Yamanashi,,,,富士吉田市,フジヨシダシ,Fujiyoshida-shi,,,,富士見,フジミ,Fujimi,５丁目,５チョウメ,5,,,,,1,1,0,0,0,0,1,1,1947-04-17,,0,,,,,,,,,,,,,,,,
192023,0018006,2,山梨県,ヤマナシケン,Yamanashi,,,,富士吉田市,フジヨシダシ,Fujiyoshida-shi,,,,富士見,フジミ,Fujimi,６丁目,６チョウメ,6,,,,,1,1,0,0,0,0,1,1,1947-04-17,,0,,,,,,,,,,,,,,,,
192023,0018007,2,山梨県,ヤマナシケン,Yamanashi,,,,富士吉田市,フジヨシダシ,Fujiyoshida-shi,,,,富士見,フジミ,Fujimi,７丁目,７チョウメ,7,,,,,1,1,0,0,0,0,1,1,1947-04-17,,0,,,,,,,,,,,,,,,,
192023,0019000,1,山梨県,ヤマナシケン,Yamanashi,,,,富士吉田市,フジヨシダシ,Fujiyoshida-shi,,,,新倉,アラクラ,Arakura,,,,,,,,0,0,0,0,0,0,1,1,1947-04-17,,0,4030011,,,,,,,,,,,,,,,
192023,0021000,1,山梨県,ヤマナシケン,Yamanashi,,,,富士吉田市,フジヨシダシ,Fujiyoshida-shi,,,,小明見,コアスミ,Koasumi,,,,,,,,0,0,0,0,0,0,1,1,1947-04-17,,0,4030002,,,,,,,,,,,,,,,
192023,0021001,2,山梨県,ヤマナシケン,Yamanashi,,,,富士吉田市,フジヨシダシ,Fujiyoshida-shi,,,,小明見,コアスミ,Koasumi,１丁目,１チョウメ,1,,,,,1,1,0,0,0,0,1,1,1947-04-17,,0,,,,,,,,,,,,,,,,
192023,0021002,2,山梨県,ヤマナシケン,Yamanashi,,,,富士吉田市,フジヨシダシ,Fujiyoshida-shi,,,,小明見,コアスミ,Koasumi,２丁目,２チョウメ,2,,,,,1,1,0,0,0,0,1,1,1947-04-17,,0,,,,,,,,,,,,,,,,
192023,0021003,2,山梨県,ヤマナシケン,Yamanashi,,,,富士吉田市,フジヨシダシ,Fujiyoshida-shi,,,,小明見,コアスミ,Koasumi,３丁目,３チョウメ,3,,,,,1,1,0,0,0,0,1,1,1947-04-17,,0,,,,,,,,,,,,,,,,
192023,0021004,2,山梨県,ヤマナシケン,Yamanashi,,,,富士吉田市,フジヨシダシ,Fujiyoshida-shi,,,,小明見,コアスミ,Koasumi,４丁目,４チョウメ,4,,,,,1,1,0,0,0,0,1,1,1947-04-17,,0,,,,,,,,,,,,,,,,
192023,0021005,2,山梨県,ヤマナシケン,Yamanashi,,,,富士吉田市,フジヨシダシ,Fujiyoshida-shi,,,,小明見,コアスミ,Koasumi,５丁目,５チョウメ,5,,,,,1,1,0,0,0,0,1,1,1947-04-17,,0,,,,,,,,,,,,,,,,
192023,0022001,2,山梨県,ヤマナシケン,Yamanashi,,,,富士吉田市,フジヨシダシ,Fujiyoshida-shi,,,,向原,ムカイバラ,Mukaibara,１丁目,１チョウメ,1,,,,,1,1,0,0,0,0,1,1,1947-04-17,,0,,,,,,,,,,,,,,,,
192023,0022002,2,山梨県,ヤマナシケン,Yamanashi,,,,富士吉田市,フジヨシダシ,Fujiyoshida-shi,,,,向原,ムカイバラ,Mukaibara,２丁目,２チョウメ,2,,,,,1,1,0,0,0,0,1,1,1947-04-17,,0,,,,,,,,,,,,,,,,
192023,0022003,2,山梨県,ヤマナシケン,Yamanashi,,,,富士吉田市,フジヨシダシ,Fujiyoshida-shi,,,,向原,ムカイバラ,Mukaibara,３丁目,３チョウメ,3,,,,,1,1,0,0,0,0,1,1,1947-04-17,,0,,,,,,,,,,,,,,,,
192023,0022004,2,山梨県,ヤマナシケン,Yamanashi,,,,富士吉田市,フジヨシダシ,Fujiyoshida-shi,,,,向原,ムカイバラ,Mukaibara,４丁目,４チョウメ,4,,,,,1,1,0,0,0,0,1,1,1947-04-17,,0,,,,,,,,,,,,,,,,
192023,0024001,2,山梨県,ヤマナシケン,Yamanashi,,,,富士吉田市,フジヨシダシ,Fujiyoshida-shi,,,,浅間,アサマ,Asama,１丁目,１チョウメ,1,,,,,1,1,0,0,0,0,1,1,1947-04-17,,0,,,,,,,,,,,,,,,,
192023,0024002,2,山梨県,ヤマナシケン,Yamanashi,,,,富士吉田市,フジヨシダシ,Fujiyoshida-shi,,,,浅間,アサマ,Asama,２丁目,２チョウメ,2,,,,,1,1,0,0,0,0,1,1,1947-04-17,,0,,,,,,,,,,,,,,,,
192023,0025001,2,山梨県,ヤマナシケン,Yamanashi,,,,富士吉田市,フジヨシダシ,Fujiyoshida-shi,,,,新町,シンマチ,Shimmachi,１丁目,１チョウメ,1,,,,,1,1,0,0,0,0,1,1,1947-04-17,,0,,,,,,,,,,,,,,,,
192023,0025002,2,山梨県,ヤマナシケン,Yamanashi,,,,富士吉田市,フジヨシダシ,Fujiyoshida-shi,,,,新町,シンマチ,Shimmachi,２丁目,２チョウメ,2,,,,,1,1,0,0,0,0,1,1,1947-04-17,,0,,,,,,,,,,,,,,,,
192023,0025003,2,山梨県,ヤマナシケン,Yamanashi,,,,富士吉田市,フジヨシダシ,Fujiyoshida-shi,,,,新町,シンマチ,Shimmachi,３丁目,３チョウメ,3,,,,,1,1,0,0,0,0,1,1,1947-04-17,,0,,,,,,,,,,,,,,,,
192023,0025004,2,山梨県,ヤマナシケン,Yamanashi,,,,富士吉田市,フジヨシダシ,Fujiyoshida-shi,,,,新町,シンマチ,Shimmachi,４丁目,４チョウメ,4,,,,,1,1,0,0,0,0,1,1,1947-04-17,,0,,,,,,,,,,,,,,,,
192023,0026001,2,山梨県,ヤマナシケン,Yamanashi,,,,富士吉田市,フジヨシダシ,Fujiyoshida-shi,,,,上吉田東,カミヨシダヒガシ,Kamiyoshidahigashi,１丁目,１チョウメ,1,,,,,1,1,0,0,0,0,1,1,1947-04-17,,0,,,,,,,,,,,,,,,,
192023,0026002,2,山梨県,ヤマナシケン,Yamanashi,,,,富士吉田市,フジヨシダシ,Fujiyoshida-shi,,,,上吉田東,カミヨシダヒガシ,Kamiyoshidahigashi,２丁目,２チョウメ,2,,,,,1,1,0,0,0,0,1,1,1947-04-17,,0,,,,,,,,,,,,,,,,
192023,0026003,2,山梨県,ヤマナシケン,Yamanashi,,,,富士吉田市,フジヨシダシ,Fujiyoshida-shi,,,,上吉田東,カミヨシダヒガシ,Kamiyoshidahigashi,３丁目,３チョウメ,3,,,,,1,1,0,0,0,0,1,1,1947-04-17,,0,,,,,,,,,,,,,,,,
192023,0026004,2,山梨県,ヤマナシケン,Yamanashi,,,,富士吉田市,フジヨシダシ,Fujiyoshida-shi,,,,上吉田東,カミヨシダヒガシ,Kamiyoshidahigashi,４丁目,４チョウメ,4,,,,,1,1,0,0,0,0,1,1,1947-04-17,,0,,,,,,,,,,,,,,,,
192023,0026005,2,山梨県,ヤマナシケン,Yamanashi,,,,富士吉田市,フジヨシダシ,Fujiyoshida-shi,,,,上吉田東,カミヨシダヒガシ,Kamiyoshidahigashi,５丁目,５チョウメ,5,,,,,1,1,0,0,0,0,1,1,1947-04-17,,0,,,,,,,,,,,,,,,,
192023,0026006,2,山梨県,ヤマナシケン,Yamanashi,,,,富士吉田市,フジヨシダシ,Fujiyoshida-shi,,,,上吉田東,カミヨシダヒガシ,Kamiyoshidahigashi,６丁目,６チョウメ,6,,,,,1,1,0,0,0,0,1,1,1947-04-17,,0,,,,,,,,,,,,,,,,
192023,0026007,2,山梨県,ヤマナシケン,Yamanashi,,,,富士吉田市,フジヨシダシ,Fujiyoshida-shi,,,,上吉田東,カミヨシダヒガシ,Kamiyoshidahigashi,７丁目,７チョウメ,7,,,,,1,1,0,0,0,0,1,1,1947-04-17,,0,,,,,,,,,,,,,,,,
192023,0026008,2,山梨県,ヤマナシケン,Yamanashi,,,,富士吉田市,フジヨシダシ,Fujiyoshida-shi,,,,上吉田東,カミヨシダヒガシ,Kamiyoshidahigashi,８丁目,８チョウメ,8,,,,,1,1,0,0,0,0,1,1,1947-04-17,,0,,,,,,,,,,,,,,,,
192023,0026009,2,山梨県,ヤマナシケン,Yamanashi,,,,富士吉田市,フジヨシダシ,Fujiyoshida-shi,,,,上吉田東,カミヨシダヒガシ,Kamiyoshidahigashi,９丁目,９チョウメ,9,,,,,1,1,0,0,0,0,1,1,1947-04-17,,0,,,,,,,,,,,,,,,,
192040,0001000,1,山梨県,ヤマナシケン,Yamanashi,,,,都留市,ツルシ,Tsuru-shi,,,,小形山,オガタヤマ,Ogatayama,,,,,,,,0,0,0,0,0,0,1,1,1947-04-17,,0,4020006,,,,,,,,,,,,,,,
192040,0002000,1,山梨県,ヤマナシケン,Yamanashi,,,,都留市,ツルシ,Tsuru-shi,,,,鹿留,シシドメ,Shishidome,,,,,,,,0,0,0,0,0,0,1,1,1947-04-17,,0,4020032,,,,,,,,,,,,,,,
192040,0003000,1,山梨県,ヤマナシケン,Yamanashi,,,,都留市,ツルシ,Tsuru-shi,,,,朝日曽雌,アサヒソシ,Asahi Soshi,,,,,,,,0,0,0,0,0,0,1,1,1947-04-17,,0,4020015,,,,,,,,,,,,,,,
192040,0004000,1,山梨県,ヤマナシケン,Yamanashi,,,,都留市,ツルシ,Tsuru-shi,,,,朝日馬場,アサヒババ,Asahi Baba,,,,,,,,0,0,0,0,0,0,1,1,1947-04-17,,0,4020014,,,,,,,,,,,,,,,
192040,0005000,1,山梨県,ヤマナシケン,Yamanashi,,,,都留市,ツルシ,Tsuru-shi,,,,大野,オオノ,Ono,,,,,,,,0,0,0,0,0,0,1,1,1947-04-17,,0,4020023,,,,,,,,,,,,,,,
192040,0006000,1,山梨県,ヤマナシケン,Yamanashi,,,,都留市,ツルシ,Tsuru-shi,,,,大幡,オオハタ,Ohata,,,,,,,,0,0,0,0,0,0,1,1,1947-04-17,,0,4020045,,,,,,,,,,,,,,,
192040,0007000,1,山梨県,ヤマナシケン,Yamanashi,,,,都留市,ツルシ,Tsuru-shi,,,,加畑,カハタ,Kahata,,,,,,,,0,0,0,0,0,0,1,1,1947-04-17,,0,4020044,,,,,,,,,,,,,,,
192040,0008000,1,山梨県,ヤマナシケン,Yamanashi,,,,都留市,ツルシ,Tsuru-shi,,,,夏狩,ナツガリ,Natsugari,,,,,,,,0,0,0,0,0,0,1,1,1947-04-17,,0,4020035,,,,,,,,,,,,,,,
192040,0009000,1,山梨県,ヤマナシケン,Yamanashi,,,,都留市,ツルシ,Tsuru-shi,,,,桂町,カツラマチ,Katsuramachi,,,,,,,,0,0,0,0,0,0,1,1,1947-04-17,,0,4020034,,,,,,,,,,,,,,,
192040,0010000,1,山梨県,ヤマナシケン,Yamanashi,,,,都留市,ツルシ,Tsuru-shi,,,,大原,オオバラ,Ohara,,,,,,,,0,0,0,0,0,0,1,1,1947-04-17,,0,4020002,,,,,,,,,,,,,,,
192040,0011000,1,山梨県,ヤマナシケン,Yamanashi,,,,都留市,ツルシ,Tsuru-shi,,,,田野倉,タノクラ,Tanokura,,,,,,,,0,0,0,0,0,0,1,1,1947-04-17,,0,4020001,,,,,,,,,,,,,,,
192040,0012000,1,山梨県,ヤマナシケン,Yamanashi,,,,都留市,ツルシ,Tsuru-shi,,,,井倉,イグラ,Igura,,,,,,,,0,0,0,0,0,0,1,1,1947-04-17,,0,4020011,,,,,,,,,,,,,,,
192040,0013000,1,山梨県,ヤマナシケン,Yamanashi,,,,都留市,ツルシ,Tsuru-shi,,,,戸沢,トザワ,Tozawa,,,,,,,,0,0,0,0,0,0,1,1,1947-04-17,,0,4020022,,,,,,,,,,,,,,,
192040,0014000,1,山梨県,ヤマナシケン,Yamanashi,,,,都留市,ツルシ,Tsuru-shi,,,,盛里,モリサト,Morisato,,,,,,,,0,0,0,0,0,0,1,1,1947-04-17,,0,4020013,,,,,,,,,,,,,,,
192040,0015000,1,山梨県,ヤマナシケン,Yamanashi,,,,都留市,ツルシ,Tsuru-shi,,,,与縄,ヨナワ,Yonawa,,,,,,,,0,0,0,0,0,0,1,1,1947-04-17,,0,4020012,,,,,,,,,,,,,,,
192040,0016000,1,山梨県,ヤマナシケン,Yamanashi,,,,都留市,ツルシ,Tsuru-shi,,,,玉川,タマガワ,Tamagawa,,,,,,,,0,0,0,0,0,0,1,1,1947-04-17,,0,4020021,,,,,,,,,,,,,,,
192040,0017000,1,山梨県,ヤマナシケン,Yamanashi,,,,都留市,ツルシ,Tsuru-shi,,,,古川渡,フルカワド,Furukawado,,,,,,,,0,0,0,0,0,0,1,1,1947-04-17,,0,4020004,,,,,,,,,,,,,,,
192040,0018000,1,山梨県,ヤマナシケン,Yamanashi,,,,都留市,ツルシ,Tsuru-shi,,,,小野,オノ,Ono,,,,,,,,0,0,0,0,0,0,1,1,1947-04-17,,0,4020024,,,,,,,,,,,,,,,
192040,0019000,1,山梨県,ヤマナシケン,Yamanashi,,,,都留市,ツルシ,Tsuru-shi,,,,法能,ホウノウ,Hono,,,,,,,,0,0,0,0,0,0,1,1,1947-04-17,,0,4020025,,,,,,,,,,,,,,,
192040,0020001,2,山梨県,ヤマナシケン,Yamanashi,,,,都留市,ツルシ,Tsuru-shi,,,,つる,ツル,Tsuru,一丁目,１チョウメ,1,,,,,1,1,0,0,0,0,1,1,1947-04-17,,0,,,,,,,,,,,,,,,,
192040,0020002,2,山梨県,ヤマナシケン,Yamanashi,,,,都留市,ツルシ,Tsuru-shi,,,,つる,ツル,Tsuru,二丁目,２チョウメ,2,,,,,1,1,0,0,0,0,1,1,1947-04-17,,0,,,,,,,,,,,,,,,,
192040,0020003,2,山梨県,ヤマナシケン,Yamanashi,,,,都留市,ツルシ,Tsuru-shi,,,,つる,ツル,Tsuru,三丁目,３チョウメ,3,,,,,1,1,0,0,0,0,1,1,1947-04-17,,0,,,,,,,,,,,,,,,,
192040,0020004,2,山梨県,ヤマナシケン,Yamanashi,,,,都留市,ツルシ,Tsuru-shi,,,,つる,ツル,Tsuru,四丁目,４チョウメ,4,,,,,1,1,0,0,0,0,1,1,1947-04-17,,0,,,,,,,,,,,,,,,,
192040,0020005,2,山梨県,ヤマナシケン,Yamanashi,,,,都留市,ツルシ,Tsuru-shi,,,,つる,ツル,Tsuru,五丁目,５チョウメ,5,,,,,1,1,0,0,0,0,1,1,1947-04-17,,0,,,,,,,,,,,,,,,,
192040,0021000,1,山梨県,ヤマナシケン,Yamanashi,,,,都留市,ツルシ,Tsuru-shi,,,,下谷,シモヤ,Shimoya,,,,,,,,0,0,0,0,0,0,1,1,1947-04-17,,0,4020051,,,,,,,,,,,,,,,
192040,0021000,1,山梨県,ヤマナシケン,Yamanashi,,,,都留市,ツルシ,Tsuru-shi,,,,下谷,シモヤ,Shimoya,,,,,,,,1,1,0,0,0,0,1,1,1947-04-17,,0,4020051,,,,,,,,,,,,,,,
192040,0021001,2,山梨県,ヤマナシケン,Yamanashi,,,,都留市,ツルシ,Tsuru-shi,,,,下谷,シモヤ,Shimoya,一丁目,１チョウメ,1,,,,,0,0,0,0,0,0,1,1,1947-04-17,,0,,,,,,,,,,,,,,,,
192040,0021001,2,山梨県,ヤマナシケン,Yamanashi,,,,都留市,ツルシ,Tsuru-shi,,,,下谷,シモヤ,Shimoya,一丁目,１チョウメ,1,,,,,1,1,0,0,0,0,1,1,1947-04-17,,0,,,,,,,,,,,,,,,,
192040,0021002,2,山梨県,ヤマナシケン,Yamanashi,,,,都留市,ツルシ,Tsuru-shi,,,,下谷,シモヤ,Shimoya,二丁目,２チョウメ,2,,,,,0,0,0,0,0,0,1,1,1947-04-17,,0,,,,,,,,,,,,,,,,
192040,0021002,2,山梨県,ヤマナシケン,Yamanashi,,,,都留市,ツルシ,Tsuru-shi,,,,下谷,シモヤ,Shimoya,二丁目,２チョウメ,2,,,,,1,1,0,0,0,0,1,1,1947-04-17,,0,,,,,,,,,,,,,,,,
192040,0021003,2,山梨県,ヤマナシケン,Yamanashi,,,,都留市,ツルシ,Tsuru-shi,,,,下谷,シモヤ,Shimoya,三丁目,３チョウメ,3,,,,,0,0,0,0,0,0,1,1,1947-04-17,,0,,,,,,,,,,,,,,,,
192040,0021003,2,山梨県,ヤマナシケン,Yamanashi,,,,都留市,ツルシ,Tsuru-shi,,,,下谷,シモヤ,Shimoya,三丁目,３チョウメ,3,,,,,1,1,0,0,0,0,1,1,1947-04-17,,0,,,,,,,,,,,,,,,,
192040,0021004,2,山梨県,ヤマナシケン,Yamanashi,,,,都留市,ツルシ,Tsuru-shi,,,,下谷,シモヤ,Shimoya,四丁目,４チョウメ,4,,,,,0,0,0,0,0,0,1,1,1947-04-17,,0,,,,,,,,,,,,,,,,
192040,0021004,2,山梨県,ヤマナシケン,Yamanashi,,,,都留市,ツルシ,Tsuru-shi,,,,下谷,シモヤ,Shimoya,四丁目,４チョウメ,4,,,,,1,1,0,0,0,0,1,1,1947-04-17,,0,,,,,,,,,,,,,,,,
192040,0022001,2,山梨県,ヤマナシケン,Yamanashi,,,,都留市,ツルシ,Tsuru-shi,,,,中央,チュウオウ,Chuo,一丁目,１チョウメ,1,,,,,1,1,0,0,0,0,1,1,1947-04-17,,0,,,,,,,,,,,,,,,,
192040,0022002,2,山梨県,ヤマナシケン,Yamanashi,,,,都留市,ツルシ,Tsuru-shi,,,,中央,チュウオウ,Chuo,二丁目,２チョウメ,2,,,,,1,1,0,0,0,0,1,1,1947-04-17,,0,,,,,,,,,,,,,,,,
192040,0022003,2,山梨県,ヤマナシケン,Yamanashi,,,,都留市,ツルシ,Tsuru-shi,,,,中央,チュウオウ,Chuo,三丁目,３チョウメ,3,,,,,1,1,0,0,0,0,1,1,1947-04-17,,0,,,,,,,,,,,,,,,,
192040,0022004,2,山梨県,ヤマナシケン,Yamanashi,,,,都留市,ツルシ,Tsuru-shi,,,,中央,チュウオウ,Chuo,四丁目,４チョウメ,4,,,,,1,1,0,0,0,0,1,1,1947-04-17,,0,,,,,,,,,,,,,,,,
192040,0023000,1,山梨県,ヤマナシケン,Yamanashi,,,,都留市,ツルシ,Tsuru-shi,,,,上谷,カミヤ,Kamiya,,,,,,,,0,0,0,0,0,0,1,1,1947-04-17,,0,4020053,,,,,,,,,,,,,,,
192040,0023000,1,山梨県,ヤマナシケン,Yamanashi,,,,都留市,ツルシ,Tsuru-shi,,,,上谷,カミヤ,Kamiya,,,,,,,,1,1,0,0,0,0,1,1,1947-04-17,,0,4020053,,,,,,,,,,,,,,,
192040,0023001,2,山梨県,ヤマナシケン,Yamanashi,,,,都留市,ツルシ,Tsuru-shi,,,,上谷,カミヤ,Kamiya,一丁目,１チョウメ,1,,,,,0,0,0,0,0,0,1,1,1947-04-17,,0,,,,,,,,,,,,,,,,
192040,0023001,2,山梨県,ヤマナシケン,Yamanashi,,,,都留市,ツルシ,Tsuru-shi,,,,上谷,カミヤ,Kamiya,一丁目,１チョウメ,1,,,,,1,1,0,0,0,0,1,1,1947-04-17,,0,,,,,,,,,,,,,,,,
192040,0023002,2,山梨県,ヤマナシケン,Yamanashi,,,,都留市,ツルシ,Tsuru-shi,,,,上谷,カミヤ,Kamiya,二丁目,２チョウメ,2,,,,,0,0,0,0,0,0,1,1,1947-04-17,,0,,,,,,,,,,,,,,,,
192040,0023002,2,山梨県,ヤマナシケン,Yamanashi,,,,都留市,ツルシ,Tsuru-shi,,,,上谷,カミヤ,Kamiya,二丁目,２チョウメ,2,,,,,1,1,0,0,0,0,1,1,1947-04-17,,0,,,,,,,,,,,,,,,,
192040,0023003,2,山梨県,ヤマナシケン,Yamanashi,,,,都留市,ツルシ,Tsuru-shi,,,,上谷,カミヤ,Kamiya,三丁目,３チョウメ,3,,,,,0,0,0,0,0,0,1,1,1947-04-17,,0,,,,,,,,,,,,,,,,
192040,0023003,2,山梨県,ヤマナシケン,Yamanashi,,,,都留市,ツルシ,Tsuru-shi,,,,上谷,カミヤ,Kamiya,三丁目,３チョウメ,3,,,,,1,1,0,0,0,0,1,1,1947-04-17,,0,,,,,,,,,,,,,,,,
192040,0023004,2,山梨県,ヤマナシケン,Yamanashi,,,,都留市,ツルシ,Tsuru-shi,,,,上谷,カミヤ,Kamiya,四丁目,４チョウメ,4,,,,,0,0,0,0,0,0,1,1,1947-04-17,,0,,,,,,,,,,,,,,,,
192040,0023004,2,山梨県,ヤマナシケン,Yamanashi,,,,都留市,ツルシ,Tsuru-shi,,,,上谷,カミヤ,Kamiya,四丁目,４チョウメ,4,,,,,1,1,0,0,0,0,1,1,1947-04-17,,0,,,,,,,,,,,,,,,,
192040,0023005,2,山梨県,ヤマナシケン,Yamanashi,,,,都留市,ツルシ,Tsuru-shi,,,,上谷,カミヤ,Kamiya,五丁目,５チョウメ,5,,,,,0,0,0,0,0,0,1,1,1947-04-17,,0,,,,,,,,,,,,,,,,
192040,0023005,2,山梨県,ヤマナシケン,Yamanashi,,,,都留市,ツルシ,Tsuru-shi,,,,上谷,カミヤ,Kamiya,五丁目,５チョウメ,5,,,,,1,1,0,0,0,0,1,1,1947-04-17,,0,,,,,,,,,,,,,,,,
192040,0023006,2,山梨県,ヤマナシケン,Yamanashi,,,,都留市,ツルシ,Tsuru-shi,,,,上谷,カミヤ,Kamiya,六丁目,６チョウメ,6,,,,,0,0,0,0,0,0,1,1,1947-04-17,,0,,,,,,,,,,,,,,,,
192040,0023006,2,山梨県,ヤマナシケン,Yamanashi,,,,都留市,ツルシ,Tsuru-shi,,,,上谷,カミヤ,Kamiya,六丁目,６チョウメ,6,,,,,1,1,0,0,0,0,1,1,1947-04-17,,0,,,,,,,,,,,,,,,,
192040,0024001,2,山梨県,ヤマナシケン,Yamanashi,,,,都留市,ツルシ,Tsuru-shi,,,,田原,タハラ,Tahara,一丁目,１チョウメ,1,,,,,1,1,0,0,0,0,1,1,1947-04-17,,0,,,,,,,,,,,,,,,,
192040,0024002,2,山梨県,ヤマナシケン,Yamanashi,,,,都留市,ツルシ,Tsuru-shi,,,,田原,タハラ,Tahara,二丁目,２チョウメ,2,,,,,1,1,0,0,0,0,1,1,1947-04-17,,0,,,,,,,,,,,,,,,,
192040,0024003,2,山梨県,ヤマナシケン,Yamanashi,,,,都留市,ツルシ,Tsuru-shi,,,,田原,タハラ,Tahara,三丁目,３チョウメ,3,,,,,1,1,0,0,0,0,1,1,1947-04-17,,0,,,,,,,,,,,,,,,,
192040,0024004,2,山梨県,ヤマナシケン,Yamanashi,,,,都留市,ツルシ,Tsuru-shi,,,,田原,タハラ,Tahara,四丁目,４チョウメ,4,,,,,1,1,0,0,0,0,1,1,1947-04-17,,0,,,,,,,,,,,,,,,,
192040,0026000,1,山梨県,ヤマナシケン,Yamanashi,,,,都留市,ツルシ,Tsuru-shi,,,,十日市場,トオカイチバ,Tokaichiba,,,,,,,,0,0,0,0,0,0,1,1,1947-04-17,,0,4020031,,,,,,,,,,,,,,,
192040,0027000,1,山梨県,ヤマナシケン,Yamanashi,,,,都留市,ツルシ,Tsuru-shi,,,,四日市場,ヨッカイチバ,Yokkaichiba,,,,,,,,0,0,0,0,0,0,1,1,1947-04-17,,0,4020005,,,,,,,,,,,,,,,
192040,0028000,1,山梨県,ヤマナシケン,Yamanashi,,,,都留市,ツルシ,Tsuru-shi,,,,川茂,カワモ,Kawamo,,,,,,,,0,0,0,0,0,0,1,1,1947-04-17,,0,4020003,,,,,,,,,,,,,,,
192040,0029000,1,山梨県,ヤマナシケン,Yamanashi,,,,都留市,ツルシ,Tsuru-shi,,,,厚原,アツハラ,Atsuhara,,,,,,,,0,0,0,0,0,0,1,1,1947-04-17,,0,4020042,,,,,,,,,,,,,,,
192040,0030000,1,山梨県,ヤマナシケン,Yamanashi,,,,都留市,ツルシ,Tsuru-shi,,,,川棚,カワダナ,Kawadana,,,,,,,,0,0,0,0,0,0,1,1,1947-04-17,,0,4020055,,,,,,,,,,,,,,,
192040,0031000,1,山梨県,ヤマナシケン,Yamanashi,,,,都留市,ツルシ,Tsuru-shi,,,,平栗,ヒラグリ,Hiraguri,,,,,,,,0,0,0,0,0,0,1,1,1947-04-17,,0,4020043,,,,,,,,,,,,,,,
192040,0033000,1,山梨県,ヤマナシケン,Yamanashi,,,,都留市,ツルシ,Tsuru-shi,,,,金井,カナイ,Kanai,,,,,,,,0,0,0,0,0,0,1,1,1947-04-17,,0,4020041,,,,,,,,,,,,,,,
192040,0034000,1,山梨県,ヤマナシケン,Yamanashi,,,,都留市,ツルシ,Tsuru-shi,,,,中津森,ナカツモリ,Nakatsumori,,,,,,,,0,0,0,0,0,0,1,1,1947-04-17,,0,4020046,,,,,,,,,,,,,,,
192040,0035000,1,山梨県,ヤマナシケン,Yamanashi,,,,都留市,ツルシ,Tsuru-shi,,,,境,サカイ,Sakai,,,,,,,,0,0,0,0,0,0,1,1,1947-04-17,,0,4020033,,,,,,,,,,,,,,,
192058,0001000,1,山梨県,ヤマナシケン,Yamanashi,,,,山梨市,ヤマナシシ,Yamanashi-shi,,,,中村,ナカムラ,Nakamura,,,,,,,,0,0,0,0,0,0,1,1,1947-04-17,,0,4050021,,,,,,,,,,,,,,,
192058,0002000,1,山梨県,ヤマナシケン,Yamanashi,,,,山梨市,ヤマナシシ,Yamanashi-shi,,,,上栗原,カミクリバラ,Kamikuribara,,,,,,,,0,0,0,0,0,0,1,1,1947-04-17,,0,4050022,,,,,,,,,,,,,,,
192058,0003000,1,山梨県,ヤマナシケン,Yamanashi,,,,山梨市,ヤマナシシ,Yamanashi-shi,,,,下栗原,シモクリバラ,Shimokuribara,,,,,,,,0,0,0,0,0,0,1,1,1947-04-17,,0,4050023,,,,,,,,,,,,,,,
192058,0004000,1,山梨県,ヤマナシケン,Yamanashi,,,,山梨市,ヤマナシシ,Yamanashi-shi,,,,歌田,ウタダ,Utada,,,,,,,,0,0,0,0,0,0,1,1,1947-04-17,,0,4050024,,,,,,,,,,,,,,,
192058,0005000,1,山梨県,ヤマナシケン,Yamanashi,,,,山梨市,ヤマナシシ,Yamanashi-shi,,,,一町田中,イッチョウタナカ,Itchotanaka,,,,,,,,0,0,0,0,0,0,1,1,1947-04-17,,0,4050025,,,,,,,,,,,,,,,
192058,0006000,1,山梨県,ヤマナシケン,Yamanashi,,,,山梨市,ヤマナシシ,Yamanashi-shi,,,,大野,オオノ,Ono,,,,,,,,0,0,0,0,0,0,1,1,1947-04-17,,0,4050016,,,,,,,,,,,,,,,
192058,0007000,1,山梨県,ヤマナシケン,Yamanashi,,,,山梨市,ヤマナシシ,Yamanashi-shi,,,,水口,ミズクチ,Mizukuchi,,,,,,,,0,0,0,0,0,0,1,1,1947-04-17,,0,4050047,,,,,,,,,,,,,,,
192058,0008000,1,山梨県,ヤマナシケン,Yamanashi,,,,山梨市,ヤマナシシ,Yamanashi-shi,,,,切差,キッサツ,Kissatsu,,,,,,,,0,0,0,0,0,0,1,1,1947-04-17,,0,4050048,,,,,,,,,,,,,,,
192058,0009000,1,山梨県,ヤマナシケン,Yamanashi,,,,山梨市,ヤマナシシ,Yamanashi-shi,,,,牧丘町牧平,マキオカチョウマキダイラ,Makiokacho Makidaira,,,,,,,,0,0,0,0,0,0,1,1,1947-04-17,,0,4040006,,,,,,,,,,,,,,,
192058,0010000,1,山梨県,ヤマナシケン,Yamanashi,,,,山梨市,ヤマナシシ,Yamanashi-shi,,,,矢坪,ヤツボ,Yatsubo,,,,,,,,0,0,0,0,0,0,1,1,1947-04-17,,0,4050036,,,,,,,,,,,,,,,
192058,0011000,1,山梨県,ヤマナシケン,Yamanashi,,,,山梨市,ヤマナシシ,Yamanashi-shi,,,,三富上釜口,ミトミカミカマグチ,Mitomi Kamikamakuchi,,,,,,,,0,0,0,0,0,0,1,1,1947-04-17,,0,4040206,,,,,,,,,,,,,,,
192058,0012000,1,山梨県,ヤマナシケン,Yamanashi,,,,山梨市,ヤマナシシ,Yamanashi-shi,,,,三富川浦,ミトミカワウラ,Mitomi Kawaura,,,,,,,,0,0,0,0,0,0,1,1,1947-04-17,,0,4040201,,,,,,,,,,,,,,,
192058,0013000,1,山梨県,ヤマナシケン,Yamanashi,,,,山梨市,ヤマナシシ,Yamanashi-shi,,,,牧丘町成沢,マキオカチョウナルサワ,Makiokacho Narusawa,,,,,,,,0,0,0,0,0,0,1,1,1947-04-17,,0,4040011,,,,,,,,,,,,,,,
192058,0014000,1,山梨県,ヤマナシケン,Yamanashi,,,,山梨市,ヤマナシシ,Yamanashi-shi,,,,牧丘町室伏,マキオカチョウムロブシ,Makiokacho Murofushi,,,,,,,,0,0,0,0,0,0,1,1,1947-04-17,,0,4040012,,,,,,,,,,,,,,,
192058,0015000,1,山梨県,ヤマナシケン,Yamanashi,,,,山梨市,ヤマナシシ,Yamanashi-shi,,,,牧丘町千野々宮,マキオカチョウチノノミヤ,Makiokacho Chinonomiya,,,,,,,,0,0,0,0,0,0,1,1,1947-04-17,,0,4040016,,,,,,,,,,,,,,,
192058,0016000,1,山梨県,ヤマナシケン,Yamanashi,,,,山梨市,ヤマナシシ,Yamanashi-shi,,,,牧丘町倉科,マキオカチョウクラシナ,Makiokacho Kurashina,,,,,,,,0,0,0,0,0,0,1,1,1947-04-17,,0,4040003,,,,,,,,,,,,,,,
192058,0017000,1,山梨県,ヤマナシケン,Yamanashi,,,,山梨市,ヤマナシシ,Yamanashi-shi,,,,牧丘町西保下,マキオカチョウニシホシモ,Makiokacho Nishihoshimo,,,,,,,,0,0,0,0,0,0,1,1,1947-04-17,,0,4040004,,,,,,,,,,,,,,,
192058,0018000,1,山梨県,ヤマナシケン,Yamanashi,,,,山梨市,ヤマナシシ,Yamanashi-shi,,,,牧丘町西保中,マキオカチョウニシホナカ,Makiokacho Nishihonaka,,,,,,,,0,0,0,0,0,0,1,1,1947-04-17,,0,4040005,,,,,,,,,,,,,,,
192058,0019000,1,山梨県,ヤマナシケン,Yamanashi,,,,山梨市,ヤマナシシ,Yamanashi-shi,,,,牧丘町北原,マキオカチョウキタハラ,Makiokacho Kitabara,,,,,,,,0,0,0,0,0,0,1,1,1947-04-17,,0,4040007,,,,,,,,,,,,,,,
192058,0020000,1,山梨県,ヤマナシケン,Yamanashi,,,,山梨市,ヤマナシシ,Yamanashi-shi,,,,三富徳和,ミトミトクワ,Mitomi Tokuwa,,,,,,,,0,0,0,0,0,0,1,1,1947-04-17,,0,4040205,,,,,,,,,,,,,,,
192058,0021000,1,山梨県,ヤマナシケン,Yamanashi,,,,山梨市,ヤマナシシ,Yamanashi-shi,,,,牧丘町柳平,マキオカチョウヤナギダイラ,Makiokacho Yanagidaira,,,,,,,,0,0,0,0,0,0,1,1,1947-04-17,,0,4040001,,,,,,,,,,,,,,,
192058,0022000,1,山梨県,ヤマナシケン,Yamanashi,,,,山梨市,ヤマナシシ,Yamanashi-shi,,,,下井尻,シモイジリ,Shimoijiri,,,,,,,,0,0,0,0,0,0,1,1,1947-04-17,,0,4050003,,,,,,,,,,,,,,,
192058,0023000,1,山梨県,ヤマナシケン,Yamanashi,,,,山梨市,ヤマナシシ,Yamanashi-shi,,,,上之割,カミノワリ,Kaminowari,,,,,,,,0,0,0,0,0,0,1,1,1947-04-17,,0,4050004,,,,,,,,,,,,,,,
192058,0024000,1,山梨県,ヤマナシケン,Yamanashi,,,,山梨市,ヤマナシシ,Yamanashi-shi,,,,三ケ所,サンカショ,Sangasho,,,,,,,,0,0,0,0,0,0,1,1,1947-04-17,,0,4050011,,,,,,,,,,,,,,,
192058,0025000,1,山梨県,ヤマナシケン,Yamanashi,,,,山梨市,ヤマナシシ,Yamanashi-shi,,,,小原東,コバラヒガシ,Kobara Higashi,,,,,,,,0,0,0,0,0,0,1,1,1947-04-17,,0,4050005,,,,,,,,,,,,,,,
192058,0026000,1,山梨県,ヤマナシケン,Yamanashi,,,,山梨市,ヤマナシシ,Yamanashi-shi,,,,鴨居寺,カモイデラ,Kamoidera,,,,,,,,0,0,0,0,0,0,1,1,1947-04-17,,0,4050013,,,,,,,,,,,,,,,
192058,0027000,1,山梨県,ヤマナシケン,Yamanashi,,,,山梨市,ヤマナシシ,Yamanashi-shi,,,,上石森,カミイシモリ,Kamiishimori,,,,,,,,0,0,0,0,0,0,1,1,1947-04-17,,0,4050014,,,,,,,,,,,,,,,
192058,0028000,1,山梨県,ヤマナシケン,Yamanashi,,,,山梨市,ヤマナシシ,Yamanashi-shi,,,,下石森,シモイシモリ,Shimoishimori,,,,,,,,0,0,0,0,0,0,1,1,1947-04-17,,0,4050015,,,,,,,,,,,,,,,
192058,0029000,1,山梨県,ヤマナシケン,Yamanashi,,,,山梨市,ヤマナシシ,Yamanashi-shi,,,,小原西,コバラニシ,Kobara Nishi,,,,,,,,0,0,0,0,0,0,1,1,1947-04-17,,0,4050006,,,,,,,,,,,,,,,
192058,0030000,1,山梨県,ヤマナシケン,Yamanashi,,,,山梨市,ヤマナシシ,Yamanashi-shi,,,,上神内川,カミカノガワ,Kamikanogawa,,,,,,,,0,0,0,0,0,0,1,1,1947-04-17,,0,4050018,,,,,,,,,,,,,,,
192058,0031000,1,山梨県,ヤマナシケン,Yamanashi,,,,山梨市,ヤマナシシ,Yamanashi-shi,,,,東後屋敷,ヒガシゴヤシキ,Higashigoyashiki,,,,,,,,0,0,0,0,0,0,1,1,1947-04-17,,0,4050012,,,,,,,,,,,,,,,
192058,0032000,1,山梨県,ヤマナシケン,Yamanashi,,,,山梨市,ヤマナシシ,Yamanashi-shi,,,,下神内川,シモカノガワ,Shimokanogawa,,,,,,,,0,0,0,0,0,0,1,1,1947-04-17,,0,4050017,,,,,,,,,,,,,,,
192058,0033000,1,山梨県,ヤマナシケン,Yamanashi,,,,山梨市,ヤマナシシ,Yamanashi-shi,,,,七日市場,ナノカイチバ,Nanokaichiba,,,,,,,,0,0,0,0,0,0,1,1,1947-04-17,,0,4050007,,,,,,,,,,,,,,,
192058,0034000,1,山梨県,ヤマナシケン,Yamanashi,,,,山梨市,ヤマナシシ,Yamanashi-shi,,,,北,キタ,Kita,,,,,,,,0,0,0,0,0,0,1,1,1947-04-17,,0,4050041,,,,,,,,,,,,,,,
192058,0035000,1,山梨県,ヤマナシケン,Yamanashi,,,,山梨市,ヤマナシシ,Yamanashi-shi,,,,南,ミナミ,Minami,,,,,,,,0,0,0,0,0,0,1,1,1947-04-17,,0,4050042,,,,,,,,,,,,,,,
192058,0036000,1,山梨県,ヤマナシケン,Yamanashi,,,,山梨市,ヤマナシシ,Yamanashi-shi,,,,万力,マンリキ,Manriki,,,,,,,,0,0,0,0,0,0,1,1,1947-04-17,,0,4050031,,,,,,,,,,,,,,,
192058,0037000,1,山梨県,ヤマナシケン,Yamanashi,,,,山梨市,ヤマナシシ,Yamanashi-shi,,,,江曽原,エゾハラ,Ezohara,,,,,,,,0,0,0,0,0,0,1,1,1947-04-17,,0,4050043,,,,,,,,,,,,,,,
192058,0038000,1,山梨県,ヤマナシケン,Yamanashi,,,,山梨市,ヤマナシシ,Yamanashi-shi,,,,正徳寺,ショウトクジ,Shotokuji,,,,,,,,0,0,0,0,0,0,1,1,1947-04-17,,0,4050032,,,,,,,,,,,,,,,
192058,0039000,1,山梨県,ヤマナシケン,Yamanashi,,,,山梨市,ヤマナシシ,Yamanashi-shi,,,,上岩下,カミイワシタ,Kamiiwashita,,,,,,,,0,0,0,0,0,0,1,1,1947-04-17,,0,4050034,,,,,,,,,,,,,,,
192058,0040000,1,山梨県,ヤマナシケン,Yamanashi,,,,山梨市,ヤマナシシ,Yamanashi-shi,,,,山根,ヤマネ,Yamane,,,,,,,,0,0,0,0,0,0,1,1,1947-04-17,,0,4050035,,,,,,,,,,,,,,,
192058,0041000,1,山梨県,ヤマナシケン,Yamanashi,,,,山梨市,ヤマナシシ,Yamanashi-shi,,,,堀内,ホリノウチ,Horinochi,,,,,,,,0,0,0,0,0,0,1,1,1947-04-17,,0,4050046,,,,,,,,,,,,,,,
192058,0042000,1,山梨県,ヤマナシケン,Yamanashi,,,,山梨市,ヤマナシシ,Yamanashi-shi,,,,大工,ダイク,Daiku,,,,,,,,0,0,0,0,0,0,1,1,1947-04-17,,0,4050045,,,,,,,,,,,,,,,
192058,0043000,1,山梨県,ヤマナシケン,Yamanashi,,,,山梨市,ヤマナシシ,Yamanashi-shi,,,,牧丘町城古寺,マキオカチョウジョウコジ,Makiokacho Jokoji,,,,,,,,0,0,0,0,0,0,1,1,1947-04-17,,0,4040015,,,,,,,,,,,,,,,
192058,0044000,1,山梨県,ヤマナシケン,Yamanashi,,,,山梨市,ヤマナシシ,Yamanashi-shi,,,,牧丘町窪平,マキオカチョウクボダイラ,Makiokacho Kubodaira,,,,,,,,0,0,0,0,0,0,1,1,1947-04-17,,0,4040013,,,,,,,,,,,,,,,
192058,0045000,1,山梨県,ヤマナシケン,Yamanashi,,,,山梨市,ヤマナシシ,Yamanashi-shi,,,,西,ニシ,Nishi,,,,,,,,0,0,0,0,0,0,1,1,1947-04-17,,0,4050001,,,,,,,,,,,,,,,
192058,0046000,1,山梨県,ヤマナシケン,Yamanashi,,,,山梨市,ヤマナシシ,Yamanashi-shi,,,,市川,イチガワ,Ichigawa,,,,,,,,0,0,0,0,0,0,1,1,1947-04-17,,0,4050044,,,,,,,,,,,,,,,
192058,0047000,1,山梨県,ヤマナシケン,Yamanashi,,,,山梨市,ヤマナシシ,Yamanashi-shi,,,,落合,オチアイ,Ochiai,,,,,,,,0,0,0,0,0,0,1,1,1947-04-17,,0,4050033,,,,,,,,,,,,,,,
192058,0048000,1,山梨県,ヤマナシケン,Yamanashi,,,,山梨市,ヤマナシシ,Yamanashi-shi,,,,牧丘町隼,マキオカチョウハヤブサ,Makiokacho Hayabusa,,,,,,,,0,0,0,0,0,0,1,1,1947-04-17,,0,4040014,,,,,,,,,,,,,,,
192058,0049000,1,山梨県,ヤマナシケン,Yamanashi,,,,山梨市,ヤマナシシ,Yamanashi-shi,,,,東,ヒガシ,Higashi,,,,,,,,0,0,0,0,0,0,1,1,1947-04-17,,0,4050002,,,,,,,,,,,,,,,
192058,0050000,1,山梨県,ヤマナシケン,Yamanashi,,,,山梨市,ヤマナシシ,Yamanashi-shi,,,,三富下釜口,ミトミシモカマグチ,Mitomi Shimokamakuchi,,,,,,,,0,0,0,0,0,0,1,1,1947-04-17,,0,4040204,,,,,,,,,,,,,,,
192058,0051000,1,山梨県,ヤマナシケン,Yamanashi,,,,山梨市,ヤマナシシ,Yamanashi-shi,,,,三富下荻原,ミトミシモオギハラ,Mitomi Shimogihara,,,,,,,,0,0,0,0,0,0,1,1,1947-04-17,,0,4040203,,,,,,,,,,,,,,,
192058,0052000,1,山梨県,ヤマナシケン,Yamanashi,,,,山梨市,ヤマナシシ,Yamanashi-shi,,,,牧丘町杣口,マキオカチョウソマグチ,Makiokacho Somaguchi,,,,,,,,0,0,0,0,0,0,1,1,1947-04-17,,0,4040002,,,,,,,,,,,,,,,
192058,0053000,1,山梨県,ヤマナシケン,Yamanashi,,,,山梨市,ヤマナシシ,Yamanashi-shi,,,,三富上柚木,ミトミカミユノキ,Mitomi Kamiyunoki,,,,,,,,0,0,0,0,0,0,1,1,1947-04-17,,0,4040202,,,,,,,,,,,,,,,
192058,0054000,1,山梨県,ヤマナシケン,Yamanashi,,,,山梨市,ヤマナシシ,Yamanashi-shi,,,,三ヶ所,サンカショ,,,,,,,,,0,0,0,0,0,0,1,0,1947-04-17,,1,,,,,,,,,,,,,,,,
192066,0001000,1,山梨県,ヤマナシケン,Yamanashi,,,,大月市,オオツキシ,Otsuki-shi,,,,猿橋町藤崎,サルハシマチフジサキ,Saruhashimachi Fujisaki,,,,,,,,0,0,0,0,0,0,1,1,1947-04-17,,0,4090612,,,,,,,,,,,,,,,
192066,0002000,1,山梨県,ヤマナシケン,Yamanashi,,,,大月市,オオツキシ,Otsuki-shi,,,,猿橋町猿橋,サルハシマチサルハシ,Saruhashimachi Saruhashi,,,,,,,,0,0,0,0,0,0,1,1,1947-04-17,,0,4090614,,,,,,,,,,,,,,,
192066,0003000,1,山梨県,ヤマナシケン,Yamanashi,,,,大月市,オオツキシ,Otsuki-shi,,,,初狩町中初狩,ハツカリマチナカハツカリ,Hatsukarimachi Nakahatsukari,,,,,,,,0,0,0,0,0,0,1,1,1947-04-17,,0,4010022,,,,,,,,,,,,,,,
192066,0004000,1,山梨県,ヤマナシケン,Yamanashi,,,,大月市,オオツキシ,Otsuki-shi,,,,初狩町下初狩,ハツカリマチシモハツカリ,Hatsukarimachi Shimohatsukari,,,,,,,,0,0,0,0,0,0,1,1,1947-04-17,,0,4010021,,,,,,,,,,,,,,,
192066,0005000,1,山梨県,ヤマナシケン,Yamanashi,,,,大月市,オオツキシ,Otsuki-shi,,,,猿橋町小篠,サルハシマチオシノ,Saruhashimachi Oshino,,,,,,,,0,0,0,0,0,0,1,1,1947-04-17,,0,4090611,,,,,,,,,,,,,,,
192066,0006000,1,山梨県,ヤマナシケン,Yamanashi,,,,大月市,オオツキシ,Otsuki-shi,,,,梁川町立野,ヤナガワマチタチノ,Yanagawamachi Tachino,,,,,,,,0,0,0,0,0,0,1,1,1947-04-17,,0,4090506,,,,,,,,,,,,,,,
192066,0007000,1,山梨県,ヤマナシケン,Yamanashi,,,,大月市,オオツキシ,Otsuki-shi,,,,梁川町塩瀬,ヤナガワマチシオゼ,Yanagawamachi Shioze,,,,,,,,0,0,0,0,0,0,1,1,1947-04-17,,0,4090505,,,,,,,,,,,,,,,
192066,0008000,1,山梨県,ヤマナシケン,Yamanashi,,,,大月市,オオツキシ,Otsuki-shi,,,,七保町浅川,ナナホマチアサカワ,Nanahomachi Asakawa,,,,,,,,0,0,0,0,0,0,1,1,1947-04-17,,0,4090621,,,,,,,,,,,,,,,
192066,0009000,1,山梨県,ヤマナシケン,Yamanashi,,,,大月市,オオツキシ,Otsuki-shi,,,,猿橋町小沢,サルハシマチオザワ,Saruhashimachi Ozawa,,,,,,,,0,0,0,0,0,0,1,1,1947-04-17,,0,4090616,,,,,,,,,,,,,,,
192066,0010000,1,山梨県,ヤマナシケン,Yamanashi,,,,大月市,オオツキシ,Otsuki-shi,,,,猿橋町朝日小沢,サルハシマチアサヒオザワ,Saruhashimachi Asahiozawa,,,,,,,,0,0,0,0,0,0,1,1,1947-04-17,,0,4090615,,,,,,,,,,,,,,,
192066,0011000,1,山梨県,ヤマナシケン,Yamanashi,,,,大月市,オオツキシ,Otsuki-shi,,,,富浜町鳥沢,トミハママチトリサワ,Tomihamamachi Torisawa,,,,,,,,0,0,0,0,0,0,1,1,1947-04-17,,0,4090502,,,,,,,,,,,,,,,
192066,0012000,1,山梨県,ヤマナシケン,Yamanashi,,,,大月市,オオツキシ,Otsuki-shi,,,,七保町駒宮,ナナホマチコマミヤ,Nanahomachi Komamiya,,,,,,,,0,0,0,0,0,0,1,1,1947-04-17,,0,4090627,,,,,,,,,,,,,,,
192066,0013000,1,山梨県,ヤマナシケン,Yamanashi,,,,大月市,オオツキシ,Otsuki-shi,,,,大月町真木,オオツキマチマギ,Otsukimachi Magi,,,,,,,,0,0,0,0,0,0,1,1,1947-04-17,,0,4010016,,,,,,,,,,,,,,,
192066,0014000,1,山梨県,ヤマナシケン,Yamanashi,,,,大月市,オオツキシ,Otsuki-shi,,,,笹子町白野,ササゴマチシラノ,Sasagomachi Shirano,,,,,,,,0,0,0,0,0,0,1,1,1947-04-17,,0,4010023,,,,,,,,,,,,,,,
192066,0015000,1,山梨県,ヤマナシケン,Yamanashi,,,,大月市,オオツキシ,Otsuki-shi,,,,笹子町吉久保,ササゴマチヨシクボ,Sasagomachi Yoshikubo,,,,,,,,0,0,0,0,0,0,1,1,1947-04-17,,0,4010024,,,,,,,,,,,,,,,
192066,0016000,1,山梨県,ヤマナシケン,Yamanashi,,,,大月市,オオツキシ,Otsuki-shi,,,,笹子町黒野田,ササゴマチクロノタ,Sasagomachi Kuronoda,,,,,,,,0,0,0,0,0,0,1,1,1947-04-17,,0,4010025,,,,,,,,,,,,,,,
192066,0017000,1,山梨県,ヤマナシケン,Yamanashi,,,,大月市,オオツキシ,Otsuki-shi,,,,七保町瀬戸,ナナホマチセト,Nanahomachi Seto,,,,,,,,0,0,0,0,0,0,1,1,1947-04-17,,0,4090626,,,,,,,,,,,,,,,
192066,0018000,1,山梨県,ヤマナシケン,Yamanashi,,,,大月市,オオツキシ,Otsuki-shi,,,,七保町奈良子,ナナホマチナラゴ,Nanahomachi Narago,,,,,,,,0,0,0,0,0,0,1,1,1947-04-17,,0,4090625,,,,,,,,,,,,,,,
192066,0019000,1,山梨県,ヤマナシケン,Yamanashi,,,,大月市,オオツキシ,Otsuki-shi,,,,梁川町新倉,ヤナガワマチアラクラ,Yanagawamachi Arakura,,,,,,,,0,0,0,0,0,0,1,1,1947-04-17,,0,4090504,,,,,,,,,,,,,,,
192066,0020000,1,山梨県,ヤマナシケン,Yamanashi,,,,大月市,オオツキシ,Otsuki-shi,,,,梁川町綱の上,ヤナガワマチツナノウエ,Yanagawamachi Tsunanoe,,,,,,,,0,0,0,0,0,0,1,0,1947-04-17,,0,4090503,,,,,,,,,,,,,,,
192066,0021001,2,山梨県,ヤマナシケン,Yamanashi,,,,大月市,オオツキシ,Otsuki-shi,,,,猿橋町桂台,サルハシマチカツラダイ,Saruhashimachi Katsuradai,一丁目,１チョウメ,1,,,,,0,0,0,0,0,0,1,1,1947-04-17,,0,,,,,,,,,,,,,,,,
192066,0021002,2,山梨県,ヤマナシケン,Yamanashi,,,,大月市,オオツキシ,Otsuki-shi,,,,猿橋町桂台,サルハシマチカツラダイ,Saruhashimachi Katsuradai,二丁目,２チョウメ,2,,,,,0,0,0,0,0,0,1,1,1947-04-17,,0,,,,,,,,,,,,,,,,
192066,0021003,2,山梨県,ヤマナシケン,Yamanashi,,,,大月市,オオツキシ,Otsuki-shi,,,,猿橋町桂台,サルハシマチカツラダイ,Saruhashimachi Katsuradai,三丁目,３チョウメ,3,,,,,0,0,0,0,0,0,1,1,1947-04-17,,0,,,,,,,,,,,,,,,,
192066,0022001,2,山梨県,ヤマナシケン,Yamanashi,,,,大月市,オオツキシ,Otsuki-shi,,,,大月,オオツキ,Otsuki,一丁目,１チョウメ,1,,,,,1,1,0,0,0,0,1,1,1947-04-17,,0,4010013,,,,,,,,,,,,,,,
192066,0022002,2,山梨県,ヤマナシケン,Yamanashi,,,,大月市,オオツキシ,Otsuki-shi,,,,大月,オオツキ,Otsuki,二丁目,２チョウメ,2,,,,,1,1,0,0,0,0,1,1,1947-04-17,,0,4010013,,,,,,,,,,,,,,,
192066,0022003,2,山梨県,ヤマナシケン,Yamanashi,,,,大月市,オオツキシ,Otsuki-shi,,,,大月,オオツキ,Otsuki,三丁目,３チョウメ,3,,,,,1,1,0,0,0,0,1,1,1947-04-17,,0,4010013,,,,,,,,,,,,,,,
192066,0023001,2,山梨県,ヤマナシケン,Yamanashi,,,,大月市,オオツキシ,Otsuki-shi,,,,御太刀,ミタチ,Mitachi,一丁目,１チョウメ,1,,,,,1,1,0,0,0,0,1,1,1947-04-17,,0,,,,,,,,,,,,,,,,
192066,0023002,2,山梨県,ヤマナシケン,Yamanashi,,,,大月市,オオツキシ,Otsuki-shi,,,,御太刀,ミタチ,Mitachi,二丁目,２チョウメ,2,,,,,1,1,0,0,0,0,1,1,1947-04-17,,0,,,,,,,,,,,,,,,,
192066,0024000,1,山梨県,ヤマナシケン,Yamanashi,,,,大月市,オオツキシ,Otsuki-shi,,,,大月町大月,オオツキマチオオツキ,Otsukimachi Otsuki,,,,,,,,0,0,0,0,0,0,1,1,1947-04-17,,0,4010014,,,,,,,,,,,,,,,
192066,0025001,2,山梨県,ヤマナシケン,Yamanashi,,,,大月市,オオツキシ,Otsuki-shi,,,,駒橋,コマハシ,Komahashi,一丁目,１チョウメ,1,,,,,1,1,0,0,0,0,1,1,1947-04-17,,0,,,,,,,,,,,,,,,,
192066,0025002,2,山梨県,ヤマナシケン,Yamanashi,,,,大月市,オオツキシ,Otsuki-shi,,,,駒橋,コマハシ,Komahashi,二丁目,２チョウメ,2,,,,,1,1,0,0,0,0,1,1,1947-04-17,,0,,,,,,,,,,,,,,,,
192066,0025003,2,山梨県,ヤマナシケン,Yamanashi,,,,大月市,オオツキシ,Otsuki-shi,,,,駒橋,コマハシ,Komahashi,三丁目,３チョウメ,3,,,,,1,1,0,0,0,0,1,1,1947-04-17,,0,,,,,,,,,,,,,,,,
192066,0026000,1,山梨県,ヤマナシケン,Yamanashi,,,,大月市,オオツキシ,Otsuki-shi,,,,賑岡町ゆりケ丘,ニギオカマチユリガオカ,Nigiokamachi Yurigaoka,,,,,,,,0,0,0,0,0,0,1,1,1947-04-17,,0,4010003,,,,,,,,,,,,,,,
192066,0027000,1,山梨県,ヤマナシケン,Yamanashi,,,,大月市,オオツキシ,Otsuki-shi,,,,大月町駒橋,オオツキマチコマハシ,,,,,,,,,0,0,0,0,0,0,1,1,1947-04-17,,0,,,,,,,,,,,,,,,,
192066,0028000,1,山梨県,ヤマナシケン,Yamanashi,,,,大月市,オオツキシ,Otsuki-shi,,,,猿橋町殿上,サルハシマチトノウエ,Saruhashimachi Tonoe,,,,,,,,0,0,0,0,0,0,1,1,1947-04-17,,0,4090617,,,,,,,,,,,,,,,
192066,0029000,1,山梨県,ヤマナシケン,Yamanashi,,,,大月市,オオツキシ,Otsuki-shi,,,,猿橋町伊良原,サルハシマチイラバラ,Saruhashimachi Irabara,,,,,,,,0,0,0,0,0,0,1,1,1947-04-17,,0,4090613,,,,,,,,,,,,,,,
192066,0030000,1,山梨県,ヤマナシケン,Yamanashi,,,,大月市,オオツキシ,Otsuki-shi,,,,賑岡町岩殿,ニギオカマチイワドノ,Nigiokamachi Iwadono,,,,,,,,0,0,0,0,0,0,1,1,1947-04-17,,0,4010002,,,,,,,,,,,,,,,
192066,0031000,1,山梨県,ヤマナシケン,Yamanashi,,,,大月市,オオツキシ,Otsuki-shi,,,,賑岡町強瀬,ニギオカマチコワゼ,Nigiokamachi Kowaze,,,,,,,,0,0,0,0,0,0,1,1,1947-04-17,,0,4010004,,,,,,,,,,,,,,,
192066,0032000,1,山梨県,ヤマナシケン,Yamanashi,,,,大月市,オオツキシ,Otsuki-shi,,,,賑岡町浅利,ニギオカマチアサリ,Nigiokamachi Asari,,,,,,,,0,0,0,0,0,0,1,1,1947-04-17,,0,4010005,,,,,,,,,,,,,,,
192066,0033000,1,山梨県,ヤマナシケン,Yamanashi,,,,大月市,オオツキシ,Otsuki-shi,,,,大月町花咲,オオツキマチハナサキ,Otsukimachi Hanasaki,,,,,,,,0,0,0,0,0,0,1,1,1947-04-17,,0,4010015,,,,,,,,,,,,,,,
192066,0034000,1,山梨県,ヤマナシケン,Yamanashi,,,,大月市,オオツキシ,Otsuki-shi,,,,七保町下和田,ナナホマチシモワダ,Nanahomachi Shimowada,,,,,,,,0,0,0,0,0,0,1,1,1947-04-17,,0,4090622,,,,,,,,,,,,,,,
192066,0035000,1,山梨県,ヤマナシケン,Yamanashi,,,,大月市,オオツキシ,Otsuki-shi,,,,富浜町宮谷,トミハママチミヤタニ,Tomihamamachi Miyatani,,,,,,,,0,0,0,0,0,0,1,1,1947-04-17,,0,4090501,,,,,,,,,,,,,,,
192066,0036000,1,山梨県,ヤマナシケン,Yamanashi,,,,大月市,オオツキシ,Otsuki-shi,,,,賑岡町畑倉,ニギオカマチハタグラ,Nigiokamachi Hatagura,,,,,,,,0,0,0,0,0,0,1,1,1947-04-17,,0,4010001,,,,,,,,,,,,,,,
192066,0037000,1,山梨県,ヤマナシケン,Yamanashi,,,,大月市,オオツキシ,Otsuki-shi,,,,七保町葛野,ナナホマチカズノ,Nanahomachi Kazuno,,,,,,,,0,0,0,0,0,0,1,1,1947-04-17,,0,4090623,,,,,,,,,,,,,,,
192066,0038000,1,山梨県,ヤマナシケン,Yamanashi,,,,大月市,オオツキシ,Otsuki-shi,,,,七保町林,ナナホマチハヤシ,Nanahomachi Hayashi,,,,,,,,0,0,0,0,0,0,1,1,1947-04-17,,0,4090624,,,,,,,,,,,,,,,
192066,0039000,1,山梨県,ヤマナシケン,Yamanashi,,,,大月市,オオツキシ,Otsuki-shi,,,,賑岡町奥山,ニギオカマチオクヤマ,Nigiokamachi Okuyama,,,,,,,,0,0,0,0,0,0,1,1,1947-04-17,,0,4010006,,,,,,,,,,,,,,,
192066,0040000,1,山梨県,ヤマナシケン,Yamanashi,,,,大月市,オオツキシ,Otsuki-shi,,,,梁川町綱ノ上,ヤナガワマチツナノウエ,,,,,,,,,0,0,0,0,0,0,1,1,1947-04-17,,0,,,,,,,,,,,,,,,,
192074,0001000,1,山梨県,ヤマナシケン,Yamanashi,,,,韮崎市,ニラサキシ,Nirasaki-shi,,,,龍岡町下條南割,タツオカマチシモジョウミナミワリ,Tatsuokamachi Shimojominamiwari,,,,,,,,0,0,0,0,0,0,1,1,1947-04-17,,0,4070033,,,,,,,,,,,,,,,
192074,0002000,1,山梨県,ヤマナシケン,Yamanashi,,,,韮崎市,ニラサキシ,Nirasaki-shi,,,,大草町下條西割,オオクサマチシモジョウニシワリ,Okusamachi Shimojonishiwari,,,,,,,,0,0,0,0,0,0,1,1,1947-04-17,,0,4070035,,,,,,,,,,,,,,,
192074,0003000,1,山梨県,ヤマナシケン,Yamanashi,,,,韮崎市,ニラサキシ,Nirasaki-shi,,,,穂坂町上今井,ホサカマチカミイマイ,Hosakamachi Kamiimai,,,,,,,,0,0,0,0,0,0,1,1,1947-04-17,,0,4070172,,,,,,,,,,,,,,,
192074,0004000,1,山梨県,ヤマナシケン,Yamanashi,,,,韮崎市,ニラサキシ,Nirasaki-shi,,,,穂坂町三ツ澤,ホサカマチミツザワ,Hosakamachi Mitsusawa,,,,,,,,0,0,0,0,0,0,1,1,1947-04-17,,0,4070174,,,,,,,,,,,,,,,
192074,0005000,1,山梨県,ヤマナシケン,Yamanashi,,,,韮崎市,ニラサキシ,Nirasaki-shi,,,,穂坂町柳平,ホサカマチヤナギタイラ,Hosakamachi Yanagidaira,,,,,,,,0,0,0,0,0,0,1,1,1947-04-17,,0,4070171,,,,,,,,,,,,,,,
192074,0006000,1,山梨県,ヤマナシケン,Yamanashi,,,,韮崎市,ニラサキシ,Nirasaki-shi,,,,穂坂町長久保,ホサカマチナガクボ,Hosakamachi Nagakubo,,,,,,,,0,0,0,0,0,0,1,1,1947-04-17,,0,4070173,,,,,,,,,,,,,,,
192074,0007000,1,山梨県,ヤマナシケン,Yamanashi,,,,韮崎市,ニラサキシ,Nirasaki-shi,,,,旭町上條南割,アサヒマチカミジョウミナミワリ,Asahimachi Kamijominamiwari,,,,,,,,0,0,0,0,0,0,1,1,1947-04-17,,0,4070046,,,,,,,,,,,,,,,
192074,0008000,1,山梨県,ヤマナシケン,Yamanashi,,,,韮崎市,ニラサキシ,Nirasaki-shi,,,,神山町武田,カミヤママチタケタ,Kamiyamamachi Taketa,,,,,,,,0,0,0,0,0,0,1,1,1947-04-17,,0,4070041,,,,,,,,,,,,,,,
192074,0009000,1,山梨県,ヤマナシケン,Yamanashi,,,,韮崎市,ニラサキシ,Nirasaki-shi,,,,清哲町青木,セイテツマチアオキ,Seitetsumachi Aoki,,,,,,,,0,0,0,0,0,0,1,1,1947-04-17,,0,4070055,,,,,,,,,,,,,,,
192074,0010000,1,山梨県,ヤマナシケン,Yamanashi,,,,韮崎市,ニラサキシ,Nirasaki-shi,,,,円野町下円井,マルノマチシモツブライ,Marunomachi Shimotsuburai,,,,,,,,0,0,0,0,0,0,1,1,1947-04-17,,0,4070052,,,,,,,,,,,,,,,
192074,0011000,1,山梨県,ヤマナシケン,Yamanashi,,,,韮崎市,ニラサキシ,Nirasaki-shi,,,,穂坂町三之蔵,ホサカマチサンノクラ,Hosakamachi Sannokura,,,,,,,,0,0,0,0,0,0,1,1,1947-04-17,,0,4070176,,,,,,,,,,,,,,,
192074,0012000,1,山梨県,ヤマナシケン,Yamanashi,,,,韮崎市,ニラサキシ,Nirasaki-shi,,,,中田町小田川,ナカダマチコタガワ,Nakadamachi Kotagawa,,,,,,,,0,0,0,0,0,0,1,1,1947-04-17,,0,4070261,,,,,,,,,,,,,,,
192074,0013000,1,山梨県,ヤマナシケン,Yamanashi,,,,韮崎市,ニラサキシ,Nirasaki-shi,,,,穴山町,アナヤママチ,Anayamamachi,,,,,,,,0,0,0,0,0,0,1,1,1947-04-17,,0,4070263,,,,,,,,,,,,,,,
192074,0014000,1,山梨県,ヤマナシケン,Yamanashi,,,,韮崎市,ニラサキシ,Nirasaki-shi,,,,円野町上円井,マルノマチカミツブライ,Marunomachi Kamitsuburai,,,,,,,,0,0,0,0,0,0,1,1,1947-04-17,,0,4070051,,,,,,,,,,,,,,,
192074,0015001,2,山梨県,ヤマナシケン,Yamanashi,,,,韮崎市,ニラサキシ,Nirasaki-shi,,,,栄,サカエ,Sakae,１丁目,１チョウメ,1,,,,,1,1,0,0,0,0,1,1,1947-04-17,,0,,,,,,,,,,,,,,,,
192074,0015002,2,山梨県,ヤマナシケン,Yamanashi,,,,韮崎市,ニラサキシ,Nirasaki-shi,,,,栄,サカエ,Sakae,２丁目,２チョウメ,2,,,,,1,1,0,0,0,0,1,1,1947-04-17,,0,,,,,,,,,,,,,,,,
192074,0016000,1,山梨県,ヤマナシケン,Yamanashi,,,,韮崎市,ニラサキシ,Nirasaki-shi,,,,龍岡町下條東割,タツオカマチシモジョウヒガシワリ,Tatsuokamachi Shimojohigashiwari,,,,,,,,0,0,0,0,0,0,1,1,1947-04-17,,0,4070032,,,,,,,,,,,,,,,
192074,0017000,1,山梨県,ヤマナシケン,Yamanashi,,,,韮崎市,ニラサキシ,Nirasaki-shi,,,,大草町下條中割,オオクサマチシモジョウナカワリ,Okusamachi Shimojonakawari,,,,,,,,0,0,0,0,0,0,1,1,1947-04-17,,0,4070034,,,,,,,,,,,,,,,
192074,0018000,1,山梨県,ヤマナシケン,Yamanashi,,,,韮崎市,ニラサキシ,Nirasaki-shi,,,,旭町上條中割,アサヒマチカミジョウナカワリ,Asahimachi Kamijonakawari,,,,,,,,0,0,0,0,0,0,1,1,1947-04-17,,0,4070045,,,,,,,,,,,,,,,
192074,0019000,1,山梨県,ヤマナシケン,Yamanashi,,,,韮崎市,ニラサキシ,Nirasaki-shi,,,,清哲町水上,セイテツマチミズカミ,Seitetsumachi Mizukami,,,,,,,,0,0,0,0,0,0,1,1,1947-04-17,,0,4070058,,,,,,,,,,,,,,,
192074,0020000,1,山梨県,ヤマナシケン,Yamanashi,,,,韮崎市,ニラサキシ,Nirasaki-shi,,,,大草町上條東割,オオクサマチカミジョウヒガシワリ,Okusamachi Kamijohigashiwari,,,,,,,,0,0,0,0,0,0,1,1,1947-04-17,,0,4070036,,,,,,,,,,,,,,,
192074,0021000,1,山梨県,ヤマナシケン,Yamanashi,,,,韮崎市,ニラサキシ,Nirasaki-shi,,,,神山町北宮地,カミヤママチキタミヤジ,Kamiyamamachi Kitamiyaji,,,,,,,,0,0,0,0,0,0,1,1,1947-04-17,,0,4070042,,,,,,,,,,,,,,,
192074,0022000,1,山梨県,ヤマナシケン,Yamanashi,,,,韮崎市,ニラサキシ,Nirasaki-shi,,,,大草町若尾,オオクサマチワカオ,Okusamachi Wakao,,,,,,,,0,0,0,0,0,0,1,1,1947-04-17,,0,4070037,,,,,,,,,,,,,,,
192074,0023000,1,山梨県,ヤマナシケン,Yamanashi,,,,韮崎市,ニラサキシ,Nirasaki-shi,,,,神山町鍋山,カミヤママチナベヤマ,Kamiyamamachi Nabeyama,,,,,,,,0,0,0,0,0,0,1,1,1947-04-17,,0,4070043,,,,,,,,,,,,,,,
192074,0024000,1,山梨県,ヤマナシケン,Yamanashi,,,,韮崎市,ニラサキシ,Nirasaki-shi,,,,清哲町樋口,セイテツマチヒノクチ,Seitetsumachi Hinoguchi,,,,,,,,0,0,0,0,0,0,1,1,1947-04-17,,0,4070057,,,,,,,,,,,,,,,
192074,0025001,2,山梨県,ヤマナシケン,Yamanashi,,,,韮崎市,ニラサキシ,Nirasaki-shi,,,,水神,スイジン,Suijin,１丁目,１チョウメ,1,,,,,1,1,0,0,0,0,1,1,1947-04-17,,0,,,,,,,,,,,,,,,,
192074,0025002,2,山梨県,ヤマナシケン,Yamanashi,,,,韮崎市,ニラサキシ,Nirasaki-shi,,,,水神,スイジン,Suijin,２丁目,２チョウメ,2,,,,,1,1,0,0,0,0,1,1,1947-04-17,,0,,,,,,,,,,,,,,,,
192074,0026000,1,山梨県,ヤマナシケン,Yamanashi,,,,韮崎市,ニラサキシ,Nirasaki-shi,,,,龍岡町若尾新田,タツオカマチワカオシンデン,Tatsuokamachi Wakaoshinden,,,,,,,,0,0,0,0,0,0,1,1,1947-04-17,,0,4070031,,,,,,,,,,,,,,,
192074,0027001,2,山梨県,ヤマナシケン,Yamanashi,,,,韮崎市,ニラサキシ,Nirasaki-shi,,,,本町,ホンチョウ,Honcho,１丁目,１チョウメ,1,,,,,1,1,0,0,0,0,1,1,1947-04-17,,0,,,,,,,,,,,,,,,,
192074,0027002,2,山梨県,ヤマナシケン,Yamanashi,,,,韮崎市,ニラサキシ,Nirasaki-shi,,,,本町,ホンチョウ,Honcho,２丁目,２チョウメ,2,,,,,1,1,0,0,0,0,1,1,1947-04-17,,0,,,,,,,,,,,,,,,,
192074,0027003,2,山梨県,ヤマナシケン,Yamanashi,,,,韮崎市,ニラサキシ,Nirasaki-shi,,,,本町,ホンチョウ,Honcho,３丁目,３チョウメ,3,,,,,1,1,0,0,0,0,1,1,1947-04-17,,0,,,,,,,,,,,,,,,,
192074,0027004,2,山梨県,ヤマナシケン,Yamanashi,,,,韮崎市,ニラサキシ,Nirasaki-shi,,,,本町,ホンチョウ,Honcho,４丁目,４チョウメ,4,,,,,1,1,0,0,0,0,1,1,1947-04-17,,0,,,,,,,,,,,,,,,,
192074,0028001,2,山梨県,ヤマナシケン,Yamanashi,,,,韮崎市,ニラサキシ,Nirasaki-shi,,,,富士見ケ丘,フジミガオカ,Fujimigaoka,１丁目,１チョウメ,1,,,,,1,1,0,0,0,0,1,1,1947-04-17,,0,,,,,,,,,,,,,,,,
192074,0028002,2,山梨県,ヤマナシケン,Yamanashi,,,,韮崎市,ニラサキシ,Nirasaki-shi,,,,富士見ケ丘,フジミガオカ,Fujimigaoka,２丁目,２チョウメ,2,,,,,1,1,0,0,0,0,1,1,1947-04-17,,0,,,,,,,,,,,,,,,,
192074,0029000,1,山梨県,ヤマナシケン,Yamanashi,,,,韮崎市,ニラサキシ,Nirasaki-shi,,,,中央町,チュウオウチョウ,Chuocho,,,,,,,,1,1,0,0,0,0,1,1,1947-04-17,,0,4070023,,,,,,,,,,,,,,,
192074,0030001,2,山梨県,ヤマナシケン,Yamanashi,,,,韮崎市,ニラサキシ,Nirasaki-shi,,,,中島,ナカジマ,Nakajima,１丁目,１チョウメ,1,,,,,1,1,0,0,0,0,1,1,1947-04-17,,0,,,,,,,,,,,,,,,,
192074,0030002,2,山梨県,ヤマナシケン,Yamanashi,,,,韮崎市,ニラサキシ,Nirasaki-shi,,,,中島,ナカジマ,Nakajima,２丁目,２チョウメ,2,,,,,1,1,0,0,0,0,1,1,1947-04-17,,0,,,,,,,,,,,,,,,,
192074,0031001,2,山梨県,ヤマナシケン,Yamanashi,,,,韮崎市,ニラサキシ,Nirasaki-shi,,,,富士見,フジミ,Fujimi,１丁目,１チョウメ,1,,,,,1,1,0,0,0,0,1,1,1947-04-17,,0,,,,,,,,,,,,,,,,
192074,0031002,2,山梨県,ヤマナシケン,Yamanashi,,,,韮崎市,ニラサキシ,Nirasaki-shi,,,,富士見,フジミ,Fujimi,２丁目,２チョウメ,2,,,,,1,1,0,0,0,0,1,1,1947-04-17,,0,,,,,,,,,,,,,,,,
192074,0031003,2,山梨県,ヤマナシケン,Yamanashi,,,,韮崎市,ニラサキシ,Nirasaki-shi,,,,富士見,フジミ,Fujimi,３丁目,３チョウメ,3,,,,,1,1,0,0,0,0,1,1,1947-04-17,,0,,,,,,,,,,,,,,,,
192074,0032001,2,山梨県,ヤマナシケン,Yamanashi,,,,韮崎市,ニラサキシ,Nirasaki-shi,,,,若宮,ワカミヤ,Wakamiya,１丁目,１チョウメ,1,,,,,1,1,0,0,0,0,1,1,1947-04-17,,0,,,,,,,,,,,,,,,,
192074,0032002,2,山梨県,ヤマナシケン,Yamanashi,,,,韮崎市,ニラサキシ,Nirasaki-shi,,,,若宮,ワカミヤ,Wakamiya,２丁目,２チョウメ,2,,,,,1,1,0,0,0,0,1,1,1947-04-17,,0,,,,,,,,,,,,,,,,
192074,0032003,2,山梨県,ヤマナシケン,Yamanashi,,,,韮崎市,ニラサキシ,Nirasaki-shi,,,,若宮,ワカミヤ,Wakamiya,３丁目,３チョウメ,3,,,,,1,1,0,0,0,0,1,1,1947-04-17,,0,,,,,,,,,,,,,,,,
192074,0033000,1,山梨県,ヤマナシケン,Yamanashi,,,,韮崎市,ニラサキシ,Nirasaki-shi,,,,岩下,イワシタ,Iwashita,,,,,,,,0,0,0,0,0,0,1,1,1947-04-17,,0,4070012,,,,,,,,,,,,,,,
192074,0034000,1,山梨県,ヤマナシケン,Yamanashi,,,,韮崎市,ニラサキシ,Nirasaki-shi,,,,藤井町南下條,フジイマチミナミゲジョウ,Fujiimachi Minamigejo,,,,,,,,0,0,0,0,0,0,1,1,1947-04-17,,0,4070004,,,,,,,,,,,,,,,
192074,0035000,1,山梨県,ヤマナシケン,Yamanashi,,,,韮崎市,ニラサキシ,Nirasaki-shi,,,,上ノ山,ウエノヤマ,Uenoyama,,,,,,,,0,0,0,0,0,0,1,1,1947-04-17,,0,4070011,,,,,,,,,,,,,,,
192074,0036000,1,山梨県,ヤマナシケン,Yamanashi,,,,韮崎市,ニラサキシ,Nirasaki-shi,,,,一ツ谷,ヒトツヤ,Hitotsuya,,,,,,,,0,0,0,0,0,0,1,1,1947-04-17,,0,4070005,,,,,,,,,,,,,,,
192074,0037000,1,山梨県,ヤマナシケン,Yamanashi,,,,韮崎市,ニラサキシ,Nirasaki-shi,,,,藤井町坂井,フジイマチサカイ,Fujiimachi Sakai,,,,,,,,0,0,0,0,0,0,1,1,1947-04-17,,0,4070002,,,,,,,,,,,,,,,
192074,0038000,1,山梨県,ヤマナシケン,Yamanashi,,,,韮崎市,ニラサキシ,Nirasaki-shi,,,,藤井町北下條,フジイマチキタゲジョウ,Fujiimachi Kitagejo,,,,,,,,0,0,0,0,0,0,1,1,1947-04-17,,0,4070003,,,,,,,,,,,,,,,
192074,0039000,1,山梨県,ヤマナシケン,Yamanashi,,,,韮崎市,ニラサキシ,Nirasaki-shi,,,,穂坂町宮久保,ホサカマチミヤクボ,Hosakamachi Miyakubo,,,,,,,,0,0,0,0,0,0,1,1,1947-04-17,,0,4070175,,,,,,,,,,,,,,,
192074,0040000,1,山梨県,ヤマナシケン,Yamanashi,,,,韮崎市,ニラサキシ,Nirasaki-shi,,,,藤井町駒井,フジイマチコマイ,Fujiimachi Komai,,,,,,,,0,0,0,0,0,0,1,1,1947-04-17,,0,4070001,,,,,,,,,,,,,,,
192074,0041000,1,山梨県,ヤマナシケン,Yamanashi,,,,韮崎市,ニラサキシ,Nirasaki-shi,,,,中田町中條,ナカダマチナカジョウ,Nakadamachi Nakajo,,,,,,,,0,0,0,0,0,0,1,1,1947-04-17,,0,4070262,,,,,,,,,,,,,,,
192074,0042000,1,山梨県,ヤマナシケン,Yamanashi,,,,韮崎市,ニラサキシ,Nirasaki-shi,,,,下祖母石,シモウバイシ,Shimobaishi,,,,,,,,0,0,0,0,0,0,1,1,1947-04-17,,0,4070006,,,,,,,,,,,,,,,
192074,0043000,1,山梨県,ヤマナシケン,Yamanashi,,,,韮崎市,ニラサキシ,Nirasaki-shi,,,,上祖母石,カミウバイシ,Kamiubaishi,,,,,,,,0,0,0,0,0,0,1,1,1947-04-17,,0,4070007,,,,,,,,,,,,,,,
192074,0044000,1,山梨県,ヤマナシケン,Yamanashi,,,,韮崎市,ニラサキシ,Nirasaki-shi,,,,円野町入戸野,マルノマチニットノ,Marunomachi Nittono,,,,,,,,0,0,0,0,0,0,1,1,1947-04-17,,0,4070053,,,,,,,,,,,,,,,
192074,0045000,1,山梨県,ヤマナシケン,Yamanashi,,,,韮崎市,ニラサキシ,Nirasaki-shi,,,,清哲町折居,セイテツマチオリイ,Seitetsumachi Orii,,,,,,,,0,0,0,0,0,0,1,1,1947-04-17,,0,4070054,,,,,,,,,,,,,,,
192074,0046000,1,山梨県,ヤマナシケン,Yamanashi,,,,韮崎市,ニラサキシ,Nirasaki-shi,,,,旭町上條北割,アサヒマチカミジョウキタワリ,Asahimachi Kamijokitawari,,,,,,,,0,0,0,0,0,0,1,1,1947-04-17,,0,4070044,,,,,,,,,,,,,,,
192082,0001000,1,山梨県,ヤマナシケン,Yamanashi,,,,南アルプス市,ミナミアルプスシ,Minamiarupusu-shi,,,,東南湖,ヒガシナンゴ,Higashinango,,,,,,,,0,0,0,0,0,0,1,1,1947-04-17,,0,4000412,,,,,,,,,,,,,,,
192082,0002000,1,山梨県,ヤマナシケン,Yamanashi,,,,南アルプス市,ミナミアルプスシ,Minamiarupusu-shi,,,,西南湖,ニシナンゴ,Nishinango,,,,,,,,0,0,0,0,0,0,1,1,1947-04-17,,0,4000411,,,,,,,,,,,,,,,
192082,0003000,1,山梨県,ヤマナシケン,Yamanashi,,,,南アルプス市,ミナミアルプスシ,Minamiarupusu-shi,,,,浅原,アサバラ,Asabara,,,,,,,,0,0,0,0,0,0,1,1,1947-04-17,,0,4000333,,,,,,,,,,,,,,,
192082,0004000,1,山梨県,ヤマナシケン,Yamanashi,,,,南アルプス市,ミナミアルプスシ,Minamiarupusu-shi,,,,上高砂,カミタカスナ,Kamitakasuna,,,,,,,,0,0,0,0,0,0,1,1,1947-04-17,,0,4000201,,,,,,,,,,,,,,,
192082,0005000,1,山梨県,ヤマナシケン,Yamanashi,,,,南アルプス市,ミナミアルプスシ,Minamiarupusu-shi,,,,荊沢,バラザワ,Barazawa,,,,,,,,0,0,0,0,0,0,1,1,1947-04-17,,0,4000422,,MJ021877_*,,,,,,,,,,,,,
192082,0006000,1,山梨県,ヤマナシケン,Yamanashi,,,,南アルプス市,ミナミアルプスシ,Minamiarupusu-shi,,,,大師,ダイシ,Daishi,,,,,,,,0,0,0,0,0,0,1,1,1947-04-17,,0,4000416,,,,,,,,,,,,,,,
192082,0007000,1,山梨県,ヤマナシケン,Yamanashi,,,,南アルプス市,ミナミアルプスシ,Minamiarupusu-shi,,,,秋山,アキヤマ,Akiyama,,,,,,,,0,0,0,0,0,0,1,1,1947-04-17,,0,4000424,,,,,,,,,,,,,,,
192082,0008000,1,山梨県,ヤマナシケン,Yamanashi,,,,南アルプス市,ミナミアルプスシ,Minamiarupusu-shi,,,,湯沢,ユザワ,Yuzawa,,,,,,,,0,0,0,0,0,0,1,1,1947-04-17,,0,4000425,,,,,,,,,,,,,,,
192082,0009000,1,山梨県,ヤマナシケン,Yamanashi,,,,南アルプス市,ミナミアルプスシ,Minamiarupusu-shi,,,,落合,オチアイ,Ochiai,,,,,,,,0,0,0,0,0,0,1,1,1947-04-17,,0,4000423,,,,,,,,,,,,,,,
192082,0010000,1,山梨県,ヤマナシケン,Yamanashi,,,,南アルプス市,ミナミアルプスシ,Minamiarupusu-shi,,,,戸田,トダ,Toda,,,,,,,,0,0,0,0,0,0,1,1,1947-04-17,,0,4000414,,,,,,,,,,,,,,,
192082,0011000,1,山梨県,ヤマナシケン,Yamanashi,,,,南アルプス市,ミナミアルプスシ,Minamiarupusu-shi,,,,和泉,イズミ,Izumi,,,,,,,,0,0,0,0,0,0,1,1,1947-04-17,,0,4000413,,,,,,,,,,,,,,,
192082,0012000,1,山梨県,ヤマナシケン,Yamanashi,,,,南アルプス市,ミナミアルプスシ,Minamiarupusu-shi,,,,藤田,トウダ,Toda,,,,,,,,0,0,0,0,0,0,1,1,1947-04-17,,0,4000334,,,,,,,,,,,,,,,
192082,0013000,1,山梨県,ヤマナシケン,Yamanashi,,,,南アルプス市,ミナミアルプスシ,Minamiarupusu-shi,,,,鏡中條,カガミナカジョウ,Kagaminakajo,,,,,,,,0,0,0,0,0,0,1,1,1947-04-17,,0,4000332,,,,,,,,,,,,,,,
192082,0014000,1,山梨県,ヤマナシケン,Yamanashi,,,,南アルプス市,ミナミアルプスシ,Minamiarupusu-shi,,,,下今井,シモイマイ,Shimoimai,,,,,,,,0,0,0,0,0,0,1,1,1947-04-17,,0,4000331,,,,,,,,,,,,,,,
192082,0015000,1,山梨県,ヤマナシケン,Yamanashi,,,,南アルプス市,ミナミアルプスシ,Minamiarupusu-shi,,,,下今諏訪,シモイマスワ,Shimoimasuwa,,,,,,,,0,0,0,0,0,0,1,1,1947-04-17,,0,4000212,,,,,,,,,,,,,,,
192082,0016000,1,山梨県,ヤマナシケン,Yamanashi,,,,南アルプス市,ミナミアルプスシ,Minamiarupusu-shi,,,,上今諏訪,カミイマスワ,Kamiimasuwa,,,,,,,,0,0,0,0,0,0,1,1,1947-04-17,,0,4000211,,,,,,,,,,,,,,,
192082,0017000,1,山梨県,ヤマナシケン,Yamanashi,,,,南アルプス市,ミナミアルプスシ,Minamiarupusu-shi,,,,徳永,トクナガ,Tokunaga,,,,,,,,0,0,0,0,0,0,1,1,1947-04-17,,0,4000203,,,,,,,,,,,,,,,
192082,0018000,1,山梨県,ヤマナシケン,Yamanashi,,,,南アルプス市,ミナミアルプスシ,Minamiarupusu-shi,,,,下高砂,シモタカスナ,Shimotakasuna,,,,,,,,0,0,0,0,0,0,1,1,1947-04-17,,0,4000202,,,,,,,,,,,,,,,
192082,0019000,1,山梨県,ヤマナシケン,Yamanashi,,,,南アルプス市,ミナミアルプスシ,Minamiarupusu-shi,,,,須澤,スサワ,Susawa,,,,,,,,0,0,0,0,0,0,1,1,1947-04-17,,0,4000233,,,,,,,,,,,,,,,
192082,0020000,1,山梨県,ヤマナシケン,Yamanashi,,,,南アルプス市,ミナミアルプスシ,Minamiarupusu-shi,,,,上市之瀬,カミイチノセ,Kamiichinose,,,,,,,,0,0,0,0,0,0,1,1,1947-04-17,,0,4000317,,,,,,,,,,,,,,,
192082,0021000,1,山梨県,ヤマナシケン,Yamanashi,,,,南アルプス市,ミナミアルプスシ,Minamiarupusu-shi,,,,芦安安通,アシヤスアンツウ,Ashiyasu Antsu,,,,,,,,0,0,0,0,0,0,1,1,1947-04-17,,0,4000242,,MJ021562_*_*_*,,,,,,,,,,,,,
192082,0022000,1,山梨県,ヤマナシケン,Yamanashi,,,,南アルプス市,ミナミアルプスシ,Minamiarupusu-shi,,,,高尾,タカオ,Takao,,,,,,,,0,0,0,0,0,0,1,1,1947-04-17,,0,4000318,,,,,,,,,,,,,,,
192082,0023000,1,山梨県,ヤマナシケン,Yamanashi,,,,南アルプス市,ミナミアルプスシ,Minamiarupusu-shi,,,,芦安芦倉,アシヤスアシクラ,Ashiyasu Ashikura,,,,,,,,0,0,0,0,0,0,1,1,1947-04-17,,0,4000241,,MJ021562_*_MJ021562_*,,,,,,,,,,,,,
192082,0024000,1,山梨県,ヤマナシケン,Yamanashi,,,,南アルプス市,ミナミアルプスシ,Minamiarupusu-shi,,,,野牛島,ヤゴシマ,Yagoshima,,,,,,,,0,0,0,0,0,0,1,1,1947-04-17,,0,4000205,,,,,,,,,,,,,,,
192082,0025000,1,山梨県,ヤマナシケン,Yamanashi,,,,南アルプス市,ミナミアルプスシ,Minamiarupusu-shi,,,,大嵐,オオアラシ,Oarashi,,,,,,,,0,0,0,0,0,0,1,1,1947-04-17,,0,4000234,,,,,,,,,,,,,,,
192082,0026000,1,山梨県,ヤマナシケン,Yamanashi,,,,南アルプス市,ミナミアルプスシ,Minamiarupusu-shi,,,,塩前,シオノマエ,Shionomae,,,,,,,,0,0,0,0,0,0,1,1,1947-04-17,,0,4000231,,,,,,,,,,,,,,,
192082,0027000,1,山梨県,ヤマナシケン,Yamanashi,,,,南アルプス市,ミナミアルプスシ,Minamiarupusu-shi,,,,六科,ムジナ,Mujina,,,,,,,,0,0,0,0,0,0,1,1,1947-04-17,,0,4000206,,,,,,,,,,,,,,,
192082,0028000,1,山梨県,ヤマナシケン,Yamanashi,,,,南アルプス市,ミナミアルプスシ,Minamiarupusu-shi,,,,高田新田,タカダシンデン,,,,,,,,,0,0,0,0,0,0,1,1,1947-04-17,,0,,,,,,,,,,,,,,,,
192082,0029000,1,山梨県,ヤマナシケン,Yamanashi,,,,南アルプス市,ミナミアルプスシ,Minamiarupusu-shi,,,,宮沢,ミヤザワ,Miyazawa,,,,,,,,0,0,0,0,0,0,1,1,1947-04-17,,0,4000415,,,,,,,,,,,,,,,
192082,0030000,1,山梨県,ヤマナシケン,Yamanashi,,,,南アルプス市,ミナミアルプスシ,Minamiarupusu-shi,,,,清水,シミズ,Shimizu,,,,,,,,0,0,0,0,0,0,1,1,1947-04-17,,0,4000417,,,,,,,,,,,,,,,
192082,0031000,1,山梨県,ヤマナシケン,Yamanashi,,,,南アルプス市,ミナミアルプスシ,Minamiarupusu-shi,,,,寺部,テラベ,Terabe,,,,,,,,0,0,0,0,0,0,1,1,1947-04-17,,0,4000337,,,,,,,,,,,,,,,
192082,0032000,1,山梨県,ヤマナシケン,Yamanashi,,,,南アルプス市,ミナミアルプスシ,Minamiarupusu-shi,,,,榎原,エノキハラ,Enokihara,,,,,,,,0,0,0,0,0,0,1,1,1947-04-17,,0,4000204,,,,,,,,,,,,,,,
192082,0033000,1,山梨県,ヤマナシケン,Yamanashi,,,,南アルプス市,ミナミアルプスシ,Minamiarupusu-shi,,,,上八田,ウエハッタ,Uehatta,,,,,,,,0,0,0,0,0,0,1,1,1947-04-17,,0,4000215,,,,,,,,,,,,,,,
192082,0034000,1,山梨県,ヤマナシケン,Yamanashi,,,,南アルプス市,ミナミアルプスシ,Minamiarupusu-shi,,,,西野,ニシノ,Nishino,,,,,,,,0,0,0,0,0,0,1,1,1947-04-17,,0,4000213,,,,,,,,,,,,,,,
192082,0035000,1,山梨県,ヤマナシケン,Yamanashi,,,,南アルプス市,ミナミアルプスシ,Minamiarupusu-shi,,,,在家塚,ザイケツカ,Zaiketsuka,,,,,,,,0,0,0,0,0,0,1,1,1947-04-17,,0,4000221,,,,,,,,,,,,,,,
192082,0036000,1,山梨県,ヤマナシケン,Yamanashi,,,,南アルプス市,ミナミアルプスシ,Minamiarupusu-shi,,,,飯野,イイノ,Iino,,,,,,,,0,0,0,0,0,0,1,1,1947-04-17,,0,4000222,,,,,,,,,,,,,,,
192082,0037000,1,山梨県,ヤマナシケン,Yamanashi,,,,南アルプス市,ミナミアルプスシ,Minamiarupusu-shi,,,,沢登,サワノボリ,Sawanobori,,,,,,,,0,0,0,0,0,0,1,1,1947-04-17,,0,4000302,,,,,,,,,,,,,,,
192082,0038000,1,山梨県,ヤマナシケン,Yamanashi,,,,南アルプス市,ミナミアルプスシ,Minamiarupusu-shi,,,,曲輪田新田,クルワダシンデン,Kuruwadashinden,,,,,,,,0,0,0,0,0,0,1,1,1947-04-17,,0,4000223,,,,,,,,,,,,,,,
192082,0039000,1,山梨県,ヤマナシケン,Yamanashi,,,,南アルプス市,ミナミアルプスシ,Minamiarupusu-shi,,,,十五所,ジュウゴショ,Jugosho,,,,,,,,0,0,0,0,0,0,1,1,1947-04-17,,0,4000305,,,,,,,,,,,,,,,
192082,0040000,1,山梨県,ヤマナシケン,Yamanashi,,,,南アルプス市,ミナミアルプスシ,Minamiarupusu-shi,,,,桃園,モモソノ,Momosono,,,,,,,,0,0,0,0,0,0,1,1,1947-04-17,,0,4000301,,,,,,,,,,,,,,,
192082,0041000,1,山梨県,ヤマナシケン,Yamanashi,,,,南アルプス市,ミナミアルプスシ,Minamiarupusu-shi,,,,百々,ドウドウ,Dodo,,,,,,,,0,0,0,0,0,0,1,1,1947-04-17,,0,4000214,,,,,,,,,,,,,,,
192082,0042000,1,山梨県,ヤマナシケン,Yamanashi,,,,南アルプス市,ミナミアルプスシ,Minamiarupusu-shi,,,,江原,エバラ,Ebara,,,,,,,,0,0,0,0,0,0,1,1,1947-04-17,,0,4000401,,,,,,,,,,,,,,,
192082,0043000,1,山梨県,ヤマナシケン,Yamanashi,,,,南アルプス市,ミナミアルプスシ,Minamiarupusu-shi,,,,鮎沢,アユザワ,Ayuzawa,,,,,,,,0,0,0,0,0,0,1,1,1947-04-17,,0,4000403,,,,,,,,,,,,,,,
192082,0044000,1,山梨県,ヤマナシケン,Yamanashi,,,,南アルプス市,ミナミアルプスシ,Minamiarupusu-shi,,,,川上,カワカミ,Kawakami,,,,,,,,0,0,0,0,0,0,1,1,1947-04-17,,0,4000421,,,,,,,,,,,,,,,
192082,0045000,1,山梨県,ヤマナシケン,Yamanashi,,,,南アルプス市,ミナミアルプスシ,Minamiarupusu-shi,,,,古市場,フルイチバ,Furuichiba,,,,,,,,0,0,0,0,0,0,1,1,1947-04-17,,0,4000404,,,,,,,,,,,,,,,
192082,0046000,1,山梨県,ヤマナシケン,Yamanashi,,,,南アルプス市,ミナミアルプスシ,Minamiarupusu-shi,,,,下宮地,シモミヤジ,Shimomiyaji,,,,,,,,0,0,0,0,0,0,1,1,1947-04-17,,0,4000405,,,,,,,,,,,,,,,
192082,0046110,3,山梨県,ヤマナシケン,Yamanashi,,,,南アルプス市,ミナミアルプスシ,Minamiarupusu-shi,,,,下宮地,シモミヤジ,,,,,大字コード：５１２,,,,0,0,0,1,0,0,1,0,1947-04-17,,1,,,,,,,,,,,,,,,,
192082,0046111,3,山梨県,ヤマナシケン,Yamanashi,,,,南アルプス市,ミナミアルプスシ,Minamiarupusu-shi,,,,下宮地,シモミヤジ,,,,,大字コード：６０１,,,,0,0,0,1,0,0,1,0,1947-04-17,,1,,,,,,,,,,,,,,,,
192082,0047000,1,山梨県,ヤマナシケン,Yamanashi,,,,南アルプス市,ミナミアルプスシ,Minamiarupusu-shi,,,,塚原,ツカハラ,Tsukahara,,,,,,,,0,0,0,0,0,0,1,1,1947-04-17,,0,4000426,,,,,,,,,,,,,,,
192082,0048000,1,山梨県,ヤマナシケン,Yamanashi,,,,南アルプス市,ミナミアルプスシ,Minamiarupusu-shi,,,,小笠原,オガサハラ,Ogasahara,,,,,,,,0,0,0,0,0,0,1,1,1947-04-17,,0,4000306,,,,,,,,,,,,,,,
192082,0049000,1,山梨県,ヤマナシケン,Yamanashi,,,,南アルプス市,ミナミアルプスシ,Minamiarupusu-shi,,,,あやめが丘,アヤメガオカ,Ayamegaoka,,,,,,,,0,0,0,0,0,0,1,1,1947-04-17,,0,4000319,,,,,,,,,,,,,,,
192082,0050000,1,山梨県,ヤマナシケン,Yamanashi,,,,南アルプス市,ミナミアルプスシ,Minamiarupusu-shi,,,,上野,ウエノ,Ueno,,,,,,,,0,0,0,0,0,0,1,1,1947-04-17,,0,4000315,,,,,,,,,,,,,,,
192082,0051000,1,山梨県,ヤマナシケン,Yamanashi,,,,南アルプス市,ミナミアルプスシ,Minamiarupusu-shi,,,,下市之瀬,シモイチノセ,Shimoichinose,,,,,,,,0,0,0,0,0,0,1,1,1947-04-17,,0,4000314,,,,,,,,,,,,,,,
192082,0052000,1,山梨県,ヤマナシケン,Yamanashi,,,,南アルプス市,ミナミアルプスシ,Minamiarupusu-shi,,,,山寺,ヤマデラ,Yamadera,,,,,,,,0,0,0,0,0,0,1,1,1947-04-17,,0,4000308,,,,,,,,,,,,,,,
192082,0052118,3,山梨県,ヤマナシケン,Yamanashi,,,,南アルプス市,ミナミアルプスシ,Minamiarupusu-shi,,,,山寺,ヤマデラ,,,,,大字コード：５１３,,,,0,0,0,1,0,0,1,0,1947-04-17,,1,,,,,,,,,,,,,,,,
192082,0052119,3,山梨県,ヤマナシケン,Yamanashi,,,,南アルプス市,ミナミアルプスシ,Minamiarupusu-shi,,,,山寺,ヤマデラ,,,,,大字コード：６０５,,,,0,0,0,1,0,0,1,0,1947-04-17,,1,,,,,,,,,,,,,,,,
192082,0053000,1,山梨県,ヤマナシケン,Yamanashi,,,,南アルプス市,ミナミアルプスシ,Minamiarupusu-shi,,,,平岡,ヒラオカ,Hiraoka,,,,,,,,0,0,0,0,0,0,1,1,1947-04-17,,0,4000313,,,,,,,,,,,,,,,
192082,0054000,1,山梨県,ヤマナシケン,Yamanashi,,,,南アルプス市,ミナミアルプスシ,Minamiarupusu-shi,,,,上宮地,カミミヤジ,Kamimiyaji,,,,,,,,0,0,0,0,0,0,1,1,1947-04-17,,0,4000312,,,,,,,,,,,,,,,
192082,0055000,1,山梨県,ヤマナシケン,Yamanashi,,,,南アルプス市,ミナミアルプスシ,Minamiarupusu-shi,,,,上今井,カミイマイ,Kamiimai,,,,,,,,0,0,0,0,0,0,1,1,1947-04-17,,0,4000303,,,,,,,,,,,,,,,
192082,0056000,1,山梨県,ヤマナシケン,Yamanashi,,,,南アルプス市,ミナミアルプスシ,Minamiarupusu-shi,,,,曲輪田,クルワダ,Kuruwada,,,,,,,,0,0,0,0,0,0,1,1,1947-04-17,,0,4000311,,,,,,,,,,,,,,,
192082,0057000,1,山梨県,ヤマナシケン,Yamanashi,,,,南アルプス市,ミナミアルプスシ,Minamiarupusu-shi,,,,飯野新田,イイノシンデン,Iinoshinden,,,,,,,,0,0,0,0,0,0,1,1,1947-04-17,,0,4000224,,,,,,,,,,,,,,,
192082,0058000,1,山梨県,ヤマナシケン,Yamanashi,,,,南アルプス市,ミナミアルプスシ,Minamiarupusu-shi,,,,築山,ツクヤマ,Tsukuyama,,,,,,,,0,0,0,0,0,0,1,1,1947-04-17,,0,4000225,,,,,,,,,,,,,,,
192082,0059000,1,山梨県,ヤマナシケン,Yamanashi,,,,南アルプス市,ミナミアルプスシ,Minamiarupusu-shi,,,,有野,アリノ,Arino,,,,,,,,0,0,0,0,0,0,1,1,1947-04-17,,0,4000226,,,,,,,,,,,,,,,
192082,0060000,1,山梨県,ヤマナシケン,Yamanashi,,,,南アルプス市,ミナミアルプスシ,Minamiarupusu-shi,,,,十日市場,トオカイチバ,Tokaichiba,,,,,,,,0,0,0,0,0,0,1,1,1947-04-17,,0,4000336,,,,,,,,,,,,,,,
192082,0061000,1,山梨県,ヤマナシケン,Yamanashi,,,,南アルプス市,ミナミアルプスシ,Minamiarupusu-shi,,,,吉田,ヨシダ,Yoshida,,,,,,,,0,0,0,0,0,0,1,1,1947-04-17,,0,4000304,,,,,,,,,,,,,,,
192082,0062000,1,山梨県,ヤマナシケン,Yamanashi,,,,南アルプス市,ミナミアルプスシ,Minamiarupusu-shi,,,,中野,ナカノ,Nakano,,,,,,,,0,0,0,0,0,0,1,1,1947-04-17,,0,4000316,,,,,,,,,,,,,,,
192082,0063000,1,山梨県,ヤマナシケン,Yamanashi,,,,南アルプス市,ミナミアルプスシ,Minamiarupusu-shi,,,,加賀美,カガミ,Kagami,,,,,,,,0,0,0,0,0,0,1,1,1947-04-17,,0,4000335,,,,,,,,,,,,,,,
192082,0064000,1,山梨県,ヤマナシケン,Yamanashi,,,,南アルプス市,ミナミアルプスシ,Minamiarupusu-shi,,,,田島,タジマ,Tajima,,,,,,,,0,0,0,0,0,0,1,1,1947-04-17,,0,4000402,,,,,,,,,,,,,,,
192082,0065000,1,山梨県,ヤマナシケン,Yamanashi,,,,南アルプス市,ミナミアルプスシ,Minamiarupusu-shi,,,,駒場,コマバ,Komaba,,,,,,,,0,0,0,0,0,0,1,1,1947-04-17,,0,4000232,,,,,,,,,,,,,,,
192082,0066000,1,山梨県,ヤマナシケン,Yamanashi,,,,南アルプス市,ミナミアルプスシ,Minamiarupusu-shi,,,,つか原,ツカハラ,,,,,,,,,0,0,0,0,0,0,1,0,1947-04-17,,1,,,,,,,,,,,,,,,,
192082,0067000,1,山梨県,ヤマナシケン,Yamanashi,,,,南アルプス市,ミナミアルプスシ,Minamiarupusu-shi,,,,在家つか,ザイケツカ,,,,,,,,,0,0,0,0,0,0,1,0,1947-04-17,,1,,,,,,,,,,,,,,,,
192091,0001000,1,山梨県,ヤマナシケン,Yamanashi,,,,北杜市,ホクトシ,Hokuto-shi,,,,武川町宮脇,ムカワチョウミヤノワキ,Mukawacho Miyanowaki,,,,,,,,0,0,0,0,0,0,1,1,1947-04-17,,0,4080303,,,,,,,,,,,,,,,
192091,0002000,1,山梨県,ヤマナシケン,Yamanashi,,,,北杜市,ホクトシ,Hokuto-shi,,,,白州町横手,ハクシュウチョウヨコテ,Hakushucho Yokote,,,,,,,,0,0,0,0,0,0,1,1,1947-04-17,,0,4080313,,,,,,,,,,,,,,,
192091,0003000,1,山梨県,ヤマナシケン,Yamanashi,,,,北杜市,ホクトシ,Hokuto-shi,,,,武川町柳澤,ムカワチョウヤナギサワ,Mukawacho Yanagisawa,,,,,,,,0,0,0,0,0,0,1,1,1947-04-17,,0,4080307,,,,,,,,,,,,,,,
192091,0004000,1,山梨県,ヤマナシケン,Yamanashi,,,,北杜市,ホクトシ,Hokuto-shi,,,,明野町小笠原,アケノチョウオガサハラ,Akenocho Ogasahara,,,,,,,,0,0,0,0,0,0,1,1,1947-04-17,,0,4080202,,,,,,,,,,,,,,,
192091,0005000,1,山梨県,ヤマナシケン,Yamanashi,,,,北杜市,ホクトシ,Hokuto-shi,,,,明野町上手,アケノチョウウエデ,Akenocho Uede,,,,,,,,0,0,0,0,0,0,1,1,1947-04-17,,0,4080204,,,,,,,,,,,,,,,
192091,0006000,1,山梨県,ヤマナシケン,Yamanashi,,,,北杜市,ホクトシ,Hokuto-shi,,,,須玉町江草,スタマチョウエグサ,Sutamacho Egusa,,,,,,,,0,0,0,0,0,0,1,1,1947-04-17,,0,4080103,,,,,,,,,,,,,,,
192091,0007000,1,山梨県,ヤマナシケン,Yamanashi,,,,北杜市,ホクトシ,Hokuto-shi,,,,武川町黒澤,ムカワチョウクロサワ,Mukawacho Kurosawa,,,,,,,,0,0,0,0,0,0,1,1,1947-04-17,,0,4080305,,,,,,,,,,,,,,,
192091,0008000,1,山梨県,ヤマナシケン,Yamanashi,,,,北杜市,ホクトシ,Hokuto-shi,,,,武川町新奥,ムカワチョウシンオク,Mukawacho Shinoku,,,,,,,,0,0,0,0,0,0,1,1,1947-04-17,,0,4080304,,,,,,,,,,,,,,,
192091,0009000,1,山梨県,ヤマナシケン,Yamanashi,,,,北杜市,ホクトシ,Hokuto-shi,,,,武川町三吹,ムカワチョウミフキ,Mukawacho Mifuki,,,,,,,,0,0,0,0,0,0,1,1,1947-04-17,,0,4080301,,,,,,,,,,,,,,,
192091,0010000,1,山梨県,ヤマナシケン,Yamanashi,,,,北杜市,ホクトシ,Hokuto-shi,,,,長坂町長坂下条,ナガサカチョウナガサカシモジョウ,Nagasakacho Nagasakashimojo,,,,,,,,0,0,0,0,0,0,1,1,1947-04-17,,0,4080025,,,,,,,,,,,,,,,
192091,0011000,1,山梨県,ヤマナシケン,Yamanashi,,,,北杜市,ホクトシ,Hokuto-shi,,,,長坂町長坂上条,ナガサカチョウナガサカカミジョウ,Nagasakacho Nagasakakamijo,,,,,,,,0,0,0,0,0,0,1,1,1947-04-17,,0,4080021,,,,,,,,,,,,,,,
192091,0012000,1,山梨県,ヤマナシケン,Yamanashi,,,,北杜市,ホクトシ,Hokuto-shi,,,,長坂町日野,ナガサカチョウヒノ,Nagasakacho Hino,,,,,,,,0,0,0,0,0,0,1,1,1947-04-17,,0,4080026,,,,,,,,,,,,,,,
192091,0013000,1,山梨県,ヤマナシケン,Yamanashi,,,,北杜市,ホクトシ,Hokuto-shi,,,,武川町山高,ムカワチョウヤマタカ,Mukawacho Yamataka,,,,,,,,0,0,0,0,0,0,1,1,1947-04-17,,0,4080306,,,,,,,,,,,,,,,
192091,0014000,1,山梨県,ヤマナシケン,Yamanashi,,,,北杜市,ホクトシ,Hokuto-shi,,,,白州町下教来石,ハクシュウチョウシモキョウライシ,Hakushucho Shimokyoraishi,,,,,,,,0,0,0,0,0,0,1,1,1947-04-17,,0,4080317,,,,,,,,,,,,,,,
192091,0015000,1,山梨県,ヤマナシケン,Yamanashi,,,,北杜市,ホクトシ,Hokuto-shi,,,,白州町鳥原,ハクシュウチョウトリハラ,Hakushucho Torihara,,,,,,,,0,0,0,0,0,0,1,1,1947-04-17,,0,4080316,,,,,,,,,,,,,,,
192091,0016000,1,山梨県,ヤマナシケン,Yamanashi,,,,北杜市,ホクトシ,Hokuto-shi,,,,白州町白須,ハクシュウチョウシラス,Hakushucho Shirasu,,,,,,,,0,0,0,0,0,0,1,1,1947-04-17,,0,4080315,,,,,,,,,,,,,,,
192091,0017000,1,山梨県,ヤマナシケン,Yamanashi,,,,北杜市,ホクトシ,Hokuto-shi,,,,須玉町比志,スタマチョウヒシ,Sutamacho Hishi,,,,,,,,0,0,0,0,0,0,1,1,1947-04-17,,0,4080102,,,,,,,,,,,,,,,
192091,0018000,1,山梨県,ヤマナシケン,Yamanashi,,,,北杜市,ホクトシ,Hokuto-shi,,,,長坂町大八田,ナガサカチョウオオバッタ,Nagasakacho Obatta,,,,,,,,0,0,0,0,0,0,1,1,1947-04-17,,0,4080034,,,,,,,,,,,,,,,
192091,0019000,1,山梨県,ヤマナシケン,Yamanashi,,,,北杜市,ホクトシ,Hokuto-shi,,,,高根町五町田,タカネチョウゴチョウダ,Takanecho Gochoda,,,,,,,,0,0,0,0,0,0,1,1,1947-04-17,,0,4080017,,,,,,,,,,,,,,,
192091,0020000,1,山梨県,ヤマナシケン,Yamanashi,,,,北杜市,ホクトシ,Hokuto-shi,,,,高根町村山西割,タカネチョウムラヤマニシワリ,Takanecho Murayamanishiwari,,,,,,,,0,0,0,0,0,0,1,1,1947-04-17,,0,4080018,,,,,,,,,,,,,,,
192091,0021000,1,山梨県,ヤマナシケン,Yamanashi,,,,北杜市,ホクトシ,Hokuto-shi,,,,高根町村山東割,タカネチョウムラヤマヒガシワリ,Takanecho Murayamahigashiwari,,,,,,,,0,0,0,0,0,0,1,1,1947-04-17,,0,4080019,,,,,,,,,,,,,,,
192091,0022000,1,山梨県,ヤマナシケン,Yamanashi,,,,北杜市,ホクトシ,Hokuto-shi,,,,高根町村山北割,タカネチョウムラヤマキタワリ,Takanecho Murayamakitawari,,,,,,,,0,0,0,0,0,0,1,1,1947-04-17,,0,4080002,,,,,,,,,,,,,,,
192091,0023000,1,山梨県,ヤマナシケン,Yamanashi,,,,北杜市,ホクトシ,Hokuto-shi,,,,高根町箕輪新町,タカネチョウミノワシンマチ,Takanecho Minowashimmachi,,,,,,,,0,0,0,0,0,0,1,1,1947-04-17,,0,4080011,,,,,,,,,,,,,,,
192091,0024000,1,山梨県,ヤマナシケン,Yamanashi,,,,北杜市,ホクトシ,Hokuto-shi,,,,須玉町小尾,スタマチョウオビ,Sutamacho Obi,,,,,,,,0,0,0,0,0,0,1,1,1947-04-17,,0,4080101,,,,,,,,,,,,,,,
192091,0025000,1,山梨県,ヤマナシケン,Yamanashi,,,,北杜市,ホクトシ,Hokuto-shi,,,,須玉町下津金,スタマチョウシモツガネ,Sutamacho Shimotsugane,,,,,,,,0,0,0,0,0,0,1,1,1947-04-17,,0,4070322,,,,,,,,,,,,,,,
192091,0026000,1,山梨県,ヤマナシケン,Yamanashi,,,,北杜市,ホクトシ,Hokuto-shi,,,,大泉町谷戸,オオイズミチョウヤト,Oizumicho Yato,,,,,,,,0,0,0,0,0,0,1,1,1947-04-17,,0,4091502,,,,,,,,,,,,,,,
192091,0027000,1,山梨県,ヤマナシケン,Yamanashi,,,,北杜市,ホクトシ,Hokuto-shi,,,,小淵沢町下笹尾,コブチサワチョウシモササオ,Kobuchisawacho Shimosasao,,,,,,,,0,0,0,0,0,0,1,1,1947-04-17,,0,4080043,,,,,,,,,,,,,,,
192091,0028000,1,山梨県,ヤマナシケン,Yamanashi,,,,北杜市,ホクトシ,Hokuto-shi,,,,小淵沢町松向,コブチサワチョウショウコウ,Kobuchisawacho Shoko,,,,,,,,0,0,0,0,0,0,1,1,1947-04-17,,0,4080042,,,,,,,,,,,,,,,
192091,0029000,1,山梨県,ヤマナシケン,Yamanashi,,,,北杜市,ホクトシ,Hokuto-shi,,,,長坂町中丸,ナガサカチョウナカマル,Nagasakacho Nakamaru,,,,,,,,0,0,0,0,0,0,1,1,1947-04-17,,0,4080036,,,,,,,,,,,,,,,
192091,0030000,1,山梨県,ヤマナシケン,Yamanashi,,,,北杜市,ホクトシ,Hokuto-shi,,,,長坂町白井沢,ナガサカチョウシロイザワ,Nagasakacho Shiroizawa,,,,,,,,0,0,0,0,0,0,1,1,1947-04-17,,0,4080033,,,,,,,,,,,,,,,
192091,0031000,1,山梨県,ヤマナシケン,Yamanashi,,,,北杜市,ホクトシ,Hokuto-shi,,,,白州町上教来石,ハクシュウチョウカミキョウライシ,Hakushucho Kamikyoraishi,,,,,,,,0,0,0,0,0,0,1,1,1947-04-17,,0,4080318,,,,,,,,,,,,,,,
192091,0032000,1,山梨県,ヤマナシケン,Yamanashi,,,,北杜市,ホクトシ,Hokuto-shi,,,,白州町大武川,ハクシュウチョウオオムカワ,Hakushucho Omukawa,,,,,,,,0,0,0,0,0,0,1,1,1947-04-17,,0,4080319,,,,,,,,,,,,,,,
192091,0033000,1,山梨県,ヤマナシケン,Yamanashi,,,,北杜市,ホクトシ,Hokuto-shi,,,,大泉町西井出,オオイズミチョウニシイデ,,,,,,,,,0,0,0,0,0,0,1,1,1947-04-17,,0,,,,,,,,,,,,,,,,
192091,0034000,1,山梨県,ヤマナシケン,Yamanashi,,,,北杜市,ホクトシ,Hokuto-shi,,,,高根町清里,タカネチョウキヨサト,Takanecho Kiyosato,,,,,,,,0,0,0,0,0,0,1,1,1947-04-17,,0,4070301,,,,,,,,,,,,,,,
192091,0035000,1,山梨県,ヤマナシケン,Yamanashi,,,,北杜市,ホクトシ,Hokuto-shi,,,,小淵沢町,コブチサワチョウ,Kobuchisawacho,,,,,,,,0,0,0,0,0,0,1,1,1947-04-17,,0,4080044,,,,,,,,,,,,,,,
192091,0036000,1,山梨県,ヤマナシケン,Yamanashi,,,,北杜市,ホクトシ,Hokuto-shi,,,,明野町三之蔵,アケノチョウサンノクラ,Akenocho Sannokura,,,,,,,,0,0,0,0,0,0,1,1,1947-04-17,,0,4080203,,,,,,,,,,,,,,,
192091,0037000,1,山梨県,ヤマナシケン,Yamanashi,,,,北杜市,ホクトシ,Hokuto-shi,,,,明野町浅尾,アケノチョウアサオ,Akenocho Asao,,,,,,,,0,0,0,0,0,0,1,1,1947-04-17,,0,4080201,,,,,,,,,,,,,,,
192091,0038000,1,山梨県,ヤマナシケン,Yamanashi,,,,北杜市,ホクトシ,Hokuto-shi,,,,明野町浅尾新田,アケノチョウアサオシンデン,Akenocho Asaoshinden,,,,,,,,0,0,0,0,0,0,1,1,1947-04-17,,0,4080205,,,,,,,,,,,,,,,
192091,0039000,1,山梨県,ヤマナシケン,Yamanashi,,,,北杜市,ホクトシ,Hokuto-shi,,,,明野町下神取,アケノチョウシモカンドリ,Akenocho Shimokandori,,,,,,,,0,0,0,0,0,0,1,1,1947-04-17,,0,4080206,,,,,,,,,,,,,,,
192091,0040000,1,山梨県,ヤマナシケン,Yamanashi,,,,北杜市,ホクトシ,Hokuto-shi,,,,須玉町藤田,スタマチョウトウダ,Sutamacho Toda,,,,,,,,0,0,0,0,0,0,1,1,1947-04-17,,0,4080114,,,,,,,,,,,,,,,
192091,0041000,1,山梨県,ヤマナシケン,Yamanashi,,,,北杜市,ホクトシ,Hokuto-shi,,,,須玉町大蔵,スタマチョウオオクラ,Sutamacho Okura,,,,,,,,0,0,0,0,0,0,1,1,1947-04-17,,0,4080113,,,,,,,,,,,,,,,
192091,0042000,1,山梨県,ヤマナシケン,Yamanashi,,,,北杜市,ホクトシ,Hokuto-shi,,,,須玉町小倉,スタマチョウコゴエ,Sutamacho Kogoe,,,,,,,,0,0,0,0,0,0,1,1,1947-04-17,,0,4080104,,,,,,,,,,,,,,,
192091,0043000,1,山梨県,ヤマナシケン,Yamanashi,,,,北杜市,ホクトシ,Hokuto-shi,,,,高根町小池,タカネチョウコイケ,Takanecho Koike,,,,,,,,0,0,0,0,0,0,1,1,1947-04-17,,0,4080014,,,,,,,,,,,,,,,
192091,0044000,1,山梨県,ヤマナシケン,Yamanashi,,,,北杜市,ホクトシ,Hokuto-shi,,,,須玉町穴平,スタマチョウアナダイラ,Sutamacho Anadaira,,,,,,,,0,0,0,0,0,0,1,1,1947-04-17,,0,4080111,,,,,,,,,,,,,,,
192091,0045000,1,山梨県,ヤマナシケン,Yamanashi,,,,北杜市,ホクトシ,Hokuto-shi,,,,高根町箕輪,タカネチョウミノワ,Takanecho Minowa,,,,,,,,0,0,0,0,0,0,1,1,1947-04-17,,0,4080012,,,,,,,,,,,,,,,
192091,0046000,1,山梨県,ヤマナシケン,Yamanashi,,,,北杜市,ホクトシ,Hokuto-shi,,,,高根町藏原,タカネチョウクラバラ,Takanecho Kurabara,,,,,,,,0,0,0,0,0,0,1,1,1947-04-17,,0,4080013,,,,,,,,,,,,,,,
192091,0047000,1,山梨県,ヤマナシケン,Yamanashi,,,,北杜市,ホクトシ,Hokuto-shi,,,,須玉町境之澤,スタマチョウサカイノサワ,Sutamacho Sakainosawa,,,,,,,,0,0,0,0,0,0,1,1,1947-04-17,,0,4080116,,,,,,,,,,,,,,,
192091,0048000,1,山梨県,ヤマナシケン,Yamanashi,,,,北杜市,ホクトシ,Hokuto-shi,,,,須玉町若神子新町,スタマチョウワカミコシンマチ,Sutamacho Wakamikoshimmachi,,,,,,,,0,0,0,0,0,0,1,1,1947-04-17,,0,4080117,,,,,,,,,,,,,,,
192091,0049000,1,山梨県,ヤマナシケン,Yamanashi,,,,北杜市,ホクトシ,Hokuto-shi,,,,高根町上黒澤,タカネチョウカミクロサワ,Takanecho Kamikurozawa,,,,,,,,0,0,0,0,0,0,1,1,1947-04-17,,0,4080016,,,,,,,,,,,,,,,
192091,0050000,1,山梨県,ヤマナシケン,Yamanashi,,,,北杜市,ホクトシ,Hokuto-shi,,,,長坂町塚川,ナガサカチョウツカカワ,Nagasakacho Tsukakawa,,,,,,,,0,0,0,0,0,0,1,1,1947-04-17,,0,4080022,,,,,,,,,,,,,,,
192091,0051000,1,山梨県,ヤマナシケン,Yamanashi,,,,北杜市,ホクトシ,Hokuto-shi,,,,長坂町夏秋,ナガサカチョウナツアキ,Nagasakacho Natsuaki,,,,,,,,0,0,0,0,0,0,1,1,1947-04-17,,0,4080035,,,,,,,,,,,,,,,
192091,0052000,1,山梨県,ヤマナシケン,Yamanashi,,,,北杜市,ホクトシ,Hokuto-shi,,,,長坂町渋沢,ナガサカチョウシブサワ,Nagasakacho Shibusawa,,,,,,,,0,0,0,0,0,0,1,1,1947-04-17,,0,4080023,,,,,,,,,,,,,,,
192091,0053000,1,山梨県,ヤマナシケン,Yamanashi,,,,北杜市,ホクトシ,Hokuto-shi,,,,須玉町東向,スタマチョウヒガシムキ,Sutamacho Higashimuki,,,,,,,,0,0,0,0,0,0,1,1,1947-04-17,,0,4080105,,,,,,,,,,,,,,,
192091,0054000,1,山梨県,ヤマナシケン,Yamanashi,,,,北杜市,ホクトシ,Hokuto-shi,,,,明野町上神取,アケノチョウカミカンドリ,Akenocho Kamikandori,,,,,,,,0,0,0,0,0,0,1,1,1947-04-17,,0,4080207,,,,,,,,,,,,,,,
192091,0055000,1,山梨県,ヤマナシケン,Yamanashi,,,,北杜市,ホクトシ,Hokuto-shi,,,,須玉町大豆生田,スタマチョウマミョウダ,Sutamacho Mamyoda,,,,,,,,0,0,0,0,0,0,1,1,1947-04-17,,0,4080115,,,,,,,,,,,,,,,
192091,0056000,1,山梨県,ヤマナシケン,Yamanashi,,,,北杜市,ホクトシ,Hokuto-shi,,,,武川町牧原,ムカワチョウマギノハラ,Mukawacho Maginohara,,,,,,,,0,0,0,0,0,0,1,1,1947-04-17,,0,4080302,,,,,,,,,,,,,,,
192091,0057000,1,山梨県,ヤマナシケン,Yamanashi,,,,北杜市,ホクトシ,Hokuto-shi,,,,長坂町富岡,ナガサカチョウトミオカ,Nagasakacho Tomioka,,,,,,,,0,0,0,0,0,0,1,1,1947-04-17,,0,4080024,,,,,,,,,,,,,,,
192091,0058000,1,山梨県,ヤマナシケン,Yamanashi,,,,北杜市,ホクトシ,Hokuto-shi,,,,須玉町若神子,スタマチョウワカミコ,Sutamacho Wakamiko,,,,,,,,0,0,0,0,0,0,1,1,1947-04-17,,0,4080112,,,,,,,,,,,,,,,
192091,0059000,1,山梨県,ヤマナシケン,Yamanashi,,,,北杜市,ホクトシ,Hokuto-shi,,,,高根町下黒澤,タカネチョウシモクロサワ,Takanecho Shimokurozawa,,,,,,,,0,0,0,0,0,0,1,1,1947-04-17,,0,4080015,,,,,,,,,,,,,,,
192091,0060000,1,山梨県,ヤマナシケン,Yamanashi,,,,北杜市,ホクトシ,Hokuto-shi,,,,白州町大坊,ハクシュウチョウダイボウ,Hakushucho Daibo,,,,,,,,0,0,0,0,0,0,1,1,1947-04-17,,0,4080314,,,,,,,,,,,,,,,
192091,0061000,1,山梨県,ヤマナシケン,Yamanashi,,,,北杜市,ホクトシ,Hokuto-shi,,,,白州町台ヶ原,ハクシュウチョウダイガハラ,Hakushucho Daigahara,,,,,,,,0,0,0,0,0,0,1,1,1947-04-17,,0,4080312,,,,,,,,,,,,,,,
192091,0062000,1,山梨県,ヤマナシケン,Yamanashi,,,,北杜市,ホクトシ,Hokuto-shi,,,,長坂町中島,ナガサカチョウナカジマ,Nagasakacho Nakajima,,,,,,,,0,0,0,0,0,0,1,1,1947-04-17,,0,4080037,,,,,,,,,,,,,,,
192091,0063000,1,山梨県,ヤマナシケン,Yamanashi,,,,北杜市,ホクトシ,Hokuto-shi,,,,白州町花水,ハクシュウチョウハナミズ,Hakushucho Hanamizu,,,,,,,,0,0,0,0,0,0,1,1,1947-04-17,,0,4080311,,,,,,,,,,,,,,,
192091,0064000,1,山梨県,ヤマナシケン,Yamanashi,,,,北杜市,ホクトシ,Hokuto-shi,,,,高根町浅川,タカネチョウアサカワ,Takanecho Asakawa,,,,,,,,0,0,0,0,0,0,1,1,1947-04-17,,0,4070302,,,,,,,,,,,,,,,
192091,0065000,1,山梨県,ヤマナシケン,Yamanashi,,,,北杜市,ホクトシ,Hokuto-shi,,,,高根町堤,タカネチョウツツミ,Takanecho Tsutsumi,,,,,,,,0,0,0,0,0,0,1,1,1947-04-17,,0,4080004,,,,,,,,,,,,,,,
192091,0066000,1,山梨県,ヤマナシケン,Yamanashi,,,,北杜市,ホクトシ,Hokuto-shi,,,,高根町長澤,タカネチョウナガサワ,Takanecho Nagasawa,,,,,,,,0,0,0,0,0,0,1,1,1947-04-17,,0,4080001,,,,,,,,,,,,,,,
192091,0067000,1,山梨県,ヤマナシケン,Yamanashi,,,,北杜市,ホクトシ,Hokuto-shi,,,,高根町東井出,タカネチョウヒガシイデ,Takanecho Higashiide,,,,,,,,0,0,0,0,0,0,1,1,1947-04-17,,0,4080003,,,,,,,,,,,,,,,
192091,0068000,1,山梨県,ヤマナシケン,Yamanashi,,,,北杜市,ホクトシ,Hokuto-shi,,,,高根町川俣,タカネチョウカワマタ,,,,,,,,,0,0,0,0,0,0,1,1,1947-04-17,,0,,,,,,,,,,,,,,,,
192091,0069000,1,山梨県,ヤマナシケン,Yamanashi,,,,北杜市,ホクトシ,Hokuto-shi,,,,須玉町上津金,スタマチョウカミツガネ,Sutamacho Kamitsugane,,,,,,,,0,0,0,0,0,0,1,1,1947-04-17,,0,4070321,,,,,,,,,,,,,,,
192091,0070000,1,山梨県,ヤマナシケン,Yamanashi,,,,北杜市,ホクトシ,Hokuto-shi,,,,長坂町大井ヶ森,ナガサカチョウオオイガモリ,Nagasakacho Oigamori,,,,,,,,0,0,0,0,0,0,1,1,1947-04-17,,0,4080032,,,,,,,,,,,,,,,
192091,0071000,1,山梨県,ヤマナシケン,Yamanashi,,,,北杜市,ホクトシ,Hokuto-shi,,,,小淵沢町上笹尾,コブチサワチョウカミササオ,Kobuchisawacho Kamisasao,,,,,,,,0,0,0,0,0,0,1,1,1947-04-17,,0,4080041,,,,,,,,,,,,,,,
192091,0072000,1,山梨県,ヤマナシケン,Yamanashi,,,,北杜市,ホクトシ,Hokuto-shi,,,,長坂町小荒間,ナガサカチョウコアラマ,Nagasakacho Koarama,,,,,,,,0,0,0,0,0,0,1,1,1947-04-17,,0,4080031,,,,,,,,,,,,,,,
192104,0001000,1,山梨県,ヤマナシケン,Yamanashi,,,,甲斐市,カイシ,Kai-shi,,,,長塚,ナガツカ,Nagazuka,,,,,,,,0,0,0,0,0,0,1,1,1947-04-17,,0,4000125,,,,,,,,,,,,,,,
192104,0002000,1,山梨県,ヤマナシケン,Yamanashi,,,,甲斐市,カイシ,Kai-shi,,,,竜王新町,リュウオウシンマチ,Ryuoshimmachi,,,,,,,,0,0,0,0,0,0,1,1,1947-04-17,,0,4000111,,,,,,,,,,,,,,,
192104,0003000,1,山梨県,ヤマナシケン,Yamanashi,,,,甲斐市,カイシ,Kai-shi,,,,大下条,オオシモジョウ,Oshimojo,,,,,,,,0,0,0,0,0,0,1,1,1947-04-17,,0,4000126,,,,,,,,,,,,,,,
192104,0004000,1,山梨県,ヤマナシケン,Yamanashi,,,,甲斐市,カイシ,Kai-shi,,,,竜王,リュウオウ,Ryuo,,,,,,,,0,0,0,0,0,0,1,1,1947-04-17,,0,4000118,,,,,,,,,,,,,,,
192104,0005000,1,山梨県,ヤマナシケン,Yamanashi,,,,甲斐市,カイシ,Kai-shi,,,,岩森,イワモリ,Iwamori,,,,,,,,0,0,0,0,0,0,1,1,1947-04-17,,0,4000106,,,,,,,,,,,,,,,
192104,0006000,1,山梨県,ヤマナシケン,Yamanashi,,,,甲斐市,カイシ,Kai-shi,,,,龍地,リュウジ,Ryuji,,,,,,,,0,0,0,0,0,0,1,1,1947-04-17,,0,4000104,,,,,,,,,,,,,,,
192104,0007000,1,山梨県,ヤマナシケン,Yamanashi,,,,甲斐市,カイシ,Kai-shi,,,,團子新居,ダンゴアライ,Dangoarai,,,,,,,,0,0,0,0,0,0,1,1,1947-04-17,,0,4000102,,,,,,,,,,,,,,,
192104,0008000,1,山梨県,ヤマナシケン,Yamanashi,,,,甲斐市,カイシ,Kai-shi,,,,大垈,オオヌタ,Onuta,,,,,,,,0,0,0,0,0,0,1,1,1947-04-17,,0,4000103,,,,,,,,,,,,,,,
192104,0009000,1,山梨県,ヤマナシケン,Yamanashi,,,,甲斐市,カイシ,Kai-shi,,,,菖蒲澤,ショウブサワ,Shobuzawa,,,,,,,,0,0,0,0,0,0,1,1,1947-04-17,,0,4000101,,,,,,,,,,,,,,,
192104,0010000,1,山梨県,ヤマナシケン,Yamanashi,,,,甲斐市,カイシ,Kai-shi,,,,下今井,シモイマイ,Shimoimai,,,,,,,,0,0,0,0,0,0,1,1,1947-04-17,,0,4000105,,,,,,,,,,,,,,,
192104,0011000,1,山梨県,ヤマナシケン,Yamanashi,,,,甲斐市,カイシ,Kai-shi,,,,上菅口,カミスゲグチ,Kamisugekuchi,,,,,,,,0,0,0,0,0,0,1,1,1947-04-17,,0,4001117,,,,,,,,,,,,,,,
192104,0012000,1,山梨県,ヤマナシケン,Yamanashi,,,,甲斐市,カイシ,Kai-shi,,,,安寺,アテラ,Atera,,,,,,,,0,0,0,0,0,0,1,1,1947-04-17,,0,4001126,,,,,,,,,,,,,,,
192104,0013000,1,山梨県,ヤマナシケン,Yamanashi,,,,甲斐市,カイシ,Kai-shi,,,,下福沢,シモフクザワ,Shimofukuzawa,,,,,,,,0,0,0,0,0,0,1,1,1947-04-17,,0,4001124,,,,,,,,,,,,,,,
192104,0014000,1,山梨県,ヤマナシケン,Yamanashi,,,,甲斐市,カイシ,Kai-shi,,,,玉川,タマガワ,Tamagawa,,,,,,,,0,0,0,0,0,0,1,1,1947-04-17,,0,4000116,,,,,,,,,,,,,,,
192104,0015000,1,山梨県,ヤマナシケン,Yamanashi,,,,甲斐市,カイシ,Kai-shi,,,,万才,マンザイ,Manzai,,,,,,,,0,0,0,0,0,0,1,1,1947-04-17,,0,4000114,,,,,,,,,,,,,,,
192104,0016000,1,山梨県,ヤマナシケン,Yamanashi,,,,甲斐市,カイシ,Kai-shi,,,,篠原,シノハラ,Shinohara,,,,,,,,0,0,0,0,0,0,1,1,1947-04-17,,0,4000115,,,,,,,,,,,,,,,
192104,0017000,1,山梨県,ヤマナシケン,Yamanashi,,,,甲斐市,カイシ,Kai-shi,,,,名取,ナトリ,Natori,,,,,,,,0,0,0,0,0,0,1,1,1947-04-17,,0,4000112,,,,,,,,,,,,,,,
192104,0018000,1,山梨県,ヤマナシケン,Yamanashi,,,,甲斐市,カイシ,Kai-shi,,,,富竹新田,トミタケシンデン,Tomitakeshinden,,,,,,,,0,0,0,0,0,0,1,1,1947-04-17,,0,4000113,,,,,,,,,,,,,,,
192104,0019000,1,山梨県,ヤマナシケン,Yamanashi,,,,甲斐市,カイシ,Kai-shi,,,,西八幡,ニシヤハタ,Nishiyahata,,,,,,,,0,0,0,0,0,0,1,1,1947-04-17,,0,4000117,,,,,,,,,,,,,,,
192104,0020000,1,山梨県,ヤマナシケン,Yamanashi,,,,甲斐市,カイシ,Kai-shi,,,,天狗沢,テングサワ,Tengusawa,,,,,,,,0,0,0,0,0,0,1,1,1947-04-17,,0,4000127,,,,,,,,,,,,,,,
192104,0021000,1,山梨県,ヤマナシケン,Yamanashi,,,,甲斐市,カイシ,Kai-shi,,,,中下条,ナカシモジョウ,Nakashimojo,,,,,,,,0,0,0,0,0,0,1,1,1947-04-17,,0,4000124,,,,,,,,,,,,,,,
192104,0022000,1,山梨県,ヤマナシケン,Yamanashi,,,,甲斐市,カイシ,Kai-shi,,,,境,サカイ,Sakai,,,,,,,,0,0,0,0,0,0,1,1,1947-04-17,,0,4000122,,,,,,,,,,,,,,,
192104,0023000,1,山梨県,ヤマナシケン,Yamanashi,,,,甲斐市,カイシ,Kai-shi,,,,大久保,オオクボ,Okubo,,,,,,,,0,0,0,0,0,0,1,1,1947-04-17,,0,4000128,,,,,,,,,,,,,,,
192104,0024000,1,山梨県,ヤマナシケン,Yamanashi,,,,甲斐市,カイシ,Kai-shi,,,,吉沢,キッサワ,Kissawa,,,,,,,,0,0,0,0,0,0,1,1,1947-04-17,,0,4001112,,,,,,,,,,,,,,,
192104,0025000,1,山梨県,ヤマナシケン,Yamanashi,,,,甲斐市,カイシ,Kai-shi,,,,千田,センダ,Senda,,,,,,,,0,0,0,0,0,0,1,1,1947-04-17,,0,4001111,,,,,,,,,,,,,,,
192104,0026000,1,山梨県,ヤマナシケン,Yamanashi,,,,甲斐市,カイシ,Kai-shi,,,,獅子平,シシダイラ,Shishidaira,,,,,,,,0,0,0,0,0,0,1,1,1947-04-17,,0,4001116,,,,,,,,,,,,,,,
192104,0027000,1,山梨県,ヤマナシケン,Yamanashi,,,,甲斐市,カイシ,Kai-shi,,,,下菅口,シモスゲグチ,Shimosugeguchi,,,,,,,,0,0,0,0,0,0,1,1,1947-04-17,,0,4001125,,,,,,,,,,,,,,,
192104,0028000,1,山梨県,ヤマナシケン,Yamanashi,,,,甲斐市,カイシ,Kai-shi,,,,漆戸,ウルシド,Urushido,,,,,,,,0,0,0,0,0,0,1,1,1947-04-17,,0,4001115,,,,,,,,,,,,,,,
192104,0029000,1,山梨県,ヤマナシケン,Yamanashi,,,,甲斐市,カイシ,Kai-shi,,,,牛句,ウシク,Ushiku,,,,,,,,0,0,0,0,0,0,1,1,1947-04-17,,0,4000121,,,,,,,,,,,,,,,
192104,0030000,1,山梨県,ヤマナシケン,Yamanashi,,,,甲斐市,カイシ,Kai-shi,,,,亀沢,カメザワ,,,,,,,,,0,0,0,0,0,0,1,1,1947-04-17,,0,,,,,,,,,,,,,,,,
192104,0031000,1,山梨県,ヤマナシケン,Yamanashi,,,,甲斐市,カイシ,Kai-shi,,,,島上条,シマカミジョウ,Shimakamijo,,,,,,,,0,0,0,0,0,0,1,1,1947-04-17,,0,4000123,,,,,,,,,,,,,,,
192104,0032000,1,山梨県,ヤマナシケン,Yamanashi,,,,甲斐市,カイシ,Kai-shi,,,,打返,ウチガエシ,Uchigaeshi,,,,,,,,0,0,0,0,0,0,1,1,1947-04-17,,0,4001114,,,,,,,,,,,,,,,
192104,0033000,1,山梨県,ヤマナシケン,Yamanashi,,,,甲斐市,カイシ,Kai-shi,,,,志田,シダ,Shida,,,,,,,,0,0,0,0,0,0,1,1,1947-04-17,,0,4000107,,,,,,,,,,,,,,,
192104,0034000,1,山梨県,ヤマナシケン,Yamanashi,,,,甲斐市,カイシ,Kai-shi,,,,宇津谷,ウツヤ,Utsuya,,,,,,,,0,0,0,0,0,0,1,1,1947-04-17,,0,4000108,,,,,,,,,,,,,,,
192104,0035000,1,山梨県,ヤマナシケン,Yamanashi,,,,甲斐市,カイシ,Kai-shi,,,,上福沢,カミフクザワ,Kamifukuzawa,,,,,,,,0,0,0,0,0,0,1,1,1947-04-17,,0,4001123,,,,,,,,,,,,,,,
192104,0036000,1,山梨県,ヤマナシケン,Yamanashi,,,,甲斐市,カイシ,Kai-shi,,,,神戸,ゴウド,Godo,,,,,,,,0,0,0,0,0,0,1,1,1947-04-17,,0,4001127,,,,,,,,,,,,,,,
192104,0037000,1,山梨県,ヤマナシケン,Yamanashi,,,,甲斐市,カイシ,Kai-shi,,,,下芦沢,シモアシザワ,Shimoashizawa,,,,,,,,0,0,0,0,0,0,1,1,1947-04-17,,0,4001122,,,,,,,,,,,,,,,
192104,0038000,1,山梨県,ヤマナシケン,Yamanashi,,,,甲斐市,カイシ,Kai-shi,,,,上芦沢,カミアシザワ,Kamiashizawa,,,,,,,,0,0,0,0,0,0,1,1,1947-04-17,,0,4001121,,,,,,,,,,,,,,,
192112,0001000,1,山梨県,ヤマナシケン,Yamanashi,,,,笛吹市,フエフキシ,Fuefuki-shi,,,,石和町駅前,イサワチョウエキマエ,Isawacho Ekimae,,,,,,,,0,0,0,0,0,0,1,1,1947-04-17,,0,4060028,,,,,,,,,,,,,,,
192112,0002000,1,山梨県,ヤマナシケン,Yamanashi,,,,笛吹市,フエフキシ,Fuefuki-shi,,,,御坂町藤野木,ミサカチョウトウノキ,Misakacho Tonoki,,,,,,,,0,0,0,0,0,0,1,1,1947-04-17,,0,4060814,,,,,,,,,,,,,,,
192112,0003000,1,山梨県,ヤマナシケン,Yamanashi,,,,笛吹市,フエフキシ,Fuefuki-shi,,,,芦川町上芦川,アシガワチョウカミアシガワ,Ashigawacho Kamiashigawa,,,,,,,,0,0,0,0,0,0,1,1,1947-04-17,,0,4093701,,MJ021561_*_*_*_MJ021561_*,,,,,,,,,,,,,
192112,0004000,1,山梨県,ヤマナシケン,Yamanashi,,,,笛吹市,フエフキシ,Fuefuki-shi,,,,境川町大窪,サカイガワチョウオオクボ,Sakaigawacho Okubo,,,,,,,,0,0,0,0,0,0,1,1,1947-04-17,,0,4060855,,,,,,,,,,,,,,,
192112,0005000,1,山梨県,ヤマナシケン,Yamanashi,,,,笛吹市,フエフキシ,Fuefuki-shi,,,,芦川町鶯宿,アシガワチョウオウシュク,Ashigawacho Oshuku,,,,,,,,0,0,0,0,0,0,1,1,1947-04-17,,0,4093704,,MJ021561_*_*_*_*,,,,,,,,,,,,,
192112,0006000,1,山梨県,ヤマナシケン,Yamanashi,,,,笛吹市,フエフキシ,Fuefuki-shi,,,,境川町藤垈,サカイガワチョウフジヌタ,Sakaigawacho Fujinuta,,,,,,,,0,0,0,0,0,0,1,1,1947-04-17,,0,4060853,,,,,,,,,,,,,,,
192112,0007000,1,山梨県,ヤマナシケン,Yamanashi,,,,笛吹市,フエフキシ,Fuefuki-shi,,,,境川町小黒坂,サカイガワチョウコグロサカ,Sakaigawacho Kogurosaka,,,,,,,,0,0,0,0,0,0,1,1,1947-04-17,,0,4060851,,,,,,,,,,,,,,,
192112,0008000,1,山梨県,ヤマナシケン,Yamanashi,,,,笛吹市,フエフキシ,Fuefuki-shi,,,,御坂町上黒駒,ミサカチョウカミクロコマ,Misakacho Kamikurokoma,,,,,,,,0,0,0,0,0,0,1,1,1947-04-17,,0,4060813,,,,,,,,,,,,,,,
192112,0009000,1,山梨県,ヤマナシケン,Yamanashi,,,,笛吹市,フエフキシ,Fuefuki-shi,,,,御坂町下黒駒,ミサカチョウシモクロコマ,Misakacho Shimokurokoma,,,,,,,,0,0,0,0,0,0,1,1,1947-04-17,,0,4060812,,,,,,,,,,,,,,,
192112,0010000,1,山梨県,ヤマナシケン,Yamanashi,,,,笛吹市,フエフキシ,Fuefuki-shi,,,,八代町竹居,ヤツシロチョウタケイ,Yatsushirocho Takei,,,,,,,,0,0,0,0,0,0,1,1,1947-04-17,,0,4060832,,,,,,,,,,,,,,,
192112,0011000,1,山梨県,ヤマナシケン,Yamanashi,,,,笛吹市,フエフキシ,Fuefuki-shi,,,,八代町奈良原,ヤツシロチョウナラバラ,Yatsushirocho Narabara,,,,,,,,0,0,0,0,0,0,1,1,1947-04-17,,0,4060833,,,,,,,,,,,,,,,
192112,0012000,1,山梨県,ヤマナシケン,Yamanashi,,,,笛吹市,フエフキシ,Fuefuki-shi,,,,境川町大黒坂,サカイガワチョウオオグロサカ,Sakaigawacho Ogurosaka,,,,,,,,0,0,0,0,0,0,1,1,1947-04-17,,0,4060852,,,,,,,,,,,,,,,
192112,0013000,1,山梨県,ヤマナシケン,Yamanashi,,,,笛吹市,フエフキシ,Fuefuki-shi,,,,一宮町石,イチノミヤチョウイシ,Ichinomiyacho Ishi,,,,,,,,0,0,0,0,0,0,1,1,1947-04-17,,0,4050061,,,,,,,,,,,,,,,
192112,0014000,1,山梨県,ヤマナシケン,Yamanashi,,,,笛吹市,フエフキシ,Fuefuki-shi,,,,一宮町土塚,イチノミヤチョウツチヅカ,Ichinomiyacho Tsuchizuka,,,,,,,,0,0,0,0,0,0,1,1,1947-04-17,,0,4050067,,,,,,,,,,,,,,,
192112,0015000,1,山梨県,ヤマナシケン,Yamanashi,,,,笛吹市,フエフキシ,Fuefuki-shi,,,,八代町岡,ヤツシロチョウオカ,Yatsushirocho Oka,,,,,,,,0,0,0,0,0,0,1,1,1947-04-17,,0,4060834,,,,,,,,,,,,,,,
192112,0016000,1,山梨県,ヤマナシケン,Yamanashi,,,,笛吹市,フエフキシ,Fuefuki-shi,,,,境川町石橋,サカイガワチョウイシバシ,Sakaigawacho Ishibashi,,,,,,,,0,0,0,0,0,0,1,1,1947-04-17,,0,4060842,,,,,,,,,,,,,,,
192112,0017000,1,山梨県,ヤマナシケン,Yamanashi,,,,笛吹市,フエフキシ,Fuefuki-shi,,,,八代町米倉,ヤツシロチョウヨネクラ,Yatsushirocho Yonekura,,,,,,,,0,0,0,0,0,0,1,1,1947-04-17,,0,4060835,,,,,,,,,,,,,,,
192112,0018000,1,山梨県,ヤマナシケン,Yamanashi,,,,笛吹市,フエフキシ,Fuefuki-shi,,,,八代町大間田,ヤツシロチョウオオマダ,Yatsushirocho Omada,,,,,,,,0,0,0,0,0,0,1,1,1947-04-17,,0,4060825,,,,,,,,,,,,,,,
192112,0019000,1,山梨県,ヤマナシケン,Yamanashi,,,,笛吹市,フエフキシ,Fuefuki-shi,,,,石和町唐柏,イサワチョウカラカシワ,Isawacho Karakashiwa,,,,,,,,0,0,0,0,0,0,1,1,1947-04-17,,0,4060034,,,,,,,,,,,,,,,
192112,0020000,1,山梨県,ヤマナシケン,Yamanashi,,,,笛吹市,フエフキシ,Fuefuki-shi,,,,石和町広瀬,イサワチョウヒロセ,Isawacho Hirose,,,,,,,,0,0,0,0,0,0,1,1,1947-04-17,,0,4060035,,,,,,,,,,,,,,,
192112,0021000,1,山梨県,ヤマナシケン,Yamanashi,,,,笛吹市,フエフキシ,Fuefuki-shi,,,,石和町小石和,イサワチョウコイサワ,Isawacho Koisawa,,,,,,,,0,0,0,0,0,0,1,1,1947-04-17,,0,4060033,,,,,,,,,,,,,,,
192112,0022000,1,山梨県,ヤマナシケン,Yamanashi,,,,笛吹市,フエフキシ,Fuefuki-shi,,,,八代町増利,ヤツシロチョウマサリ,Yatsushirocho Masari,,,,,,,,0,0,0,0,0,0,1,1,1947-04-17,,0,4060824,,,,,,,,,,,,,,,
192112,0023000,1,山梨県,ヤマナシケン,Yamanashi,,,,笛吹市,フエフキシ,Fuefuki-shi,,,,境川町小山,サカイガワチョウコヤマ,Sakaigawacho Koyama,,,,,,,,0,0,0,0,0,0,1,1,1947-04-17,,0,4060844,,,,,,,,,,,,,,,
192112,0024000,1,山梨県,ヤマナシケン,Yamanashi,,,,笛吹市,フエフキシ,Fuefuki-shi,,,,境川町寺尾,サカイガワチョウテラオ,Sakaigawacho Terao,,,,,,,,0,0,0,0,0,0,1,1,1947-04-17,,0,4060854,,,,,,,,,,,,,,,
192112,0025000,1,山梨県,ヤマナシケン,Yamanashi,,,,笛吹市,フエフキシ,Fuefuki-shi,,,,春日居町加茂,カスガイチョウカモ,Kasugaicho Kamo,,,,,,,,0,0,0,0,0,0,1,1,1947-04-17,,0,4060005,,,,,,,,,,,,,,,
192112,0026000,1,山梨県,ヤマナシケン,Yamanashi,,,,笛吹市,フエフキシ,Fuefuki-shi,,,,春日居町別田,カスガイチョウベツデン,Kasugaicho Betsuden,,,,,,,,0,0,0,0,0,0,1,1,1947-04-17,,0,4060002,,,,,,,,,,,,,,,
192112,0027000,1,山梨県,ヤマナシケン,Yamanashi,,,,笛吹市,フエフキシ,Fuefuki-shi,,,,春日居町熊野堂,カスガイチョウクマノドウ,Kasugaicho Kumanodo,,,,,,,,0,0,0,0,0,0,1,1,1947-04-17,,0,4060012,,,,,,,,,,,,,,,
192112,0028000,1,山梨県,ヤマナシケン,Yamanashi,,,,笛吹市,フエフキシ,Fuefuki-shi,,,,春日居町鎮目,カスガイチョウシズメ,Kasugaicho Shizume,,,,,,,,0,0,0,0,0,0,1,1,1947-04-17,,0,4060015,,,,,,,,,,,,,,,
192112,0029000,1,山梨県,ヤマナシケン,Yamanashi,,,,笛吹市,フエフキシ,Fuefuki-shi,,,,春日居町国府,カスガイチョウコウ,Kasugaicho Kokufu,,,,,,,,0,0,0,0,0,0,1,1,1947-04-17,,0,4060014,,,,,,,,,,,,,,,
192112,0030000,1,山梨県,ヤマナシケン,Yamanashi,,,,笛吹市,フエフキシ,Fuefuki-shi,,,,春日居町桑戸,カスガイチョウクワド,Kasugaicho Kuwado,,,,,,,,0,0,0,0,0,0,1,1,1947-04-17,,0,4060003,,,,,,,,,,,,,,,
192112,0031000,1,山梨県,ヤマナシケン,Yamanashi,,,,笛吹市,フエフキシ,Fuefuki-shi,,,,芦川町新井原,アシガワチョウアライバラ,Ashigawacho Araibara,,,,,,,,0,0,0,0,0,0,1,1,1947-04-17,,0,4093702,,MJ021561_*_*_*_*_*,,,,,,,,,,,,,
192112,0032000,1,山梨県,ヤマナシケン,Yamanashi,,,,笛吹市,フエフキシ,Fuefuki-shi,,,,芦川町中芦川,アシガワチョウナカアシガワ,Ashigawacho Nakaashigawa,,,,,,,,0,0,0,0,0,0,1,1,1947-04-17,,0,4093703,,MJ021561_*_*_*_MJ021561_*,,,,,,,,,,,,,
192112,0033000,1,山梨県,ヤマナシケン,Yamanashi,,,,笛吹市,フエフキシ,Fuefuki-shi,,,,御坂町蕎麦塚,ミサカチョウソバツカ,Misakacho Sobatsuka,,,,,,,,0,0,0,0,0,0,1,1,1947-04-17,,0,4060818,,,,,,,,,,,,,,,
192112,0034000,1,山梨県,ヤマナシケン,Yamanashi,,,,笛吹市,フエフキシ,Fuefuki-shi,,,,御坂町八千蔵,ミサカチョウヤチクラ,Misakacho Yachikura,,,,,,,,0,0,0,0,0,0,1,1,1947-04-17,,0,4060806,,,,,,,,,,,,,,,
192112,0035000,1,山梨県,ヤマナシケン,Yamanashi,,,,笛吹市,フエフキシ,Fuefuki-shi,,,,御坂町栗合,ミサカチョウクリアイ,Misakacho Kuriai,,,,,,,,0,0,0,0,0,0,1,1,1947-04-17,,0,4060805,,,,,,,,,,,,,,,
192112,0036000,1,山梨県,ヤマナシケン,Yamanashi,,,,笛吹市,フエフキシ,Fuefuki-shi,,,,御坂町夏目原,ミサカチョウナツメハラ,Misakacho Natsumehara,,,,,,,,0,0,0,0,0,0,1,1,1947-04-17,,0,4060804,,,,,,,,,,,,,,,
192112,0037000,1,山梨県,ヤマナシケン,Yamanashi,,,,笛吹市,フエフキシ,Fuefuki-shi,,,,境川町前間田,サカイガワチョウマエマダ,Sakaigawacho Maemada,,,,,,,,0,0,0,0,0,0,1,1,1947-04-17,,0,4060843,,,,,,,,,,,,,,,
192112,0038000,1,山梨県,ヤマナシケン,Yamanashi,,,,笛吹市,フエフキシ,Fuefuki-shi,,,,八代町高家,ヤツシロチョウコウカ,Yatsushirocho Koka,,,,,,,,0,0,0,0,0,0,1,1,1947-04-17,,0,4060831,,*_*_*_*_MJ010166,,,,,,,,,,,,,
192112,0039000,1,山梨県,ヤマナシケン,Yamanashi,,,,笛吹市,フエフキシ,Fuefuki-shi,,,,八代町永井,ヤツシロチョウナガイ,Yatsushirocho Nagai,,,,,,,,0,0,0,0,0,0,1,1,1947-04-17,,0,4060823,,,,,,,,,,,,,,,
192112,0040000,1,山梨県,ヤマナシケン,Yamanashi,,,,笛吹市,フエフキシ,Fuefuki-shi,,,,八代町北,ヤツシロチョウキタ,Yatsushirocho Kita,,,,,,,,0,0,0,0,0,0,1,1,1947-04-17,,0,4060821,,,,,,,,,,,,,,,
192112,0041000,1,山梨県,ヤマナシケン,Yamanashi,,,,笛吹市,フエフキシ,Fuefuki-shi,,,,八代町南,ヤツシロチョウミナミ,Yatsushirocho Minami,,,,,,,,0,0,0,0,0,0,1,1,1947-04-17,,0,4060822,,,,,,,,,,,,,,,
192112,0042000,1,山梨県,ヤマナシケン,Yamanashi,,,,笛吹市,フエフキシ,Fuefuki-shi,,,,御坂町二之宮,ミサカチョウニノミヤ,Misakacho Ninomiya,,,,,,,,0,0,0,0,0,0,1,1,1947-04-17,,0,4060807,,,,,,,,,,,,,,,
192112,0043000,1,山梨県,ヤマナシケン,Yamanashi,,,,笛吹市,フエフキシ,Fuefuki-shi,,,,御坂町国衙,ミサカチョウコクガ,Misakacho Kokuga,,,,,,,,0,0,0,0,0,0,1,1,1947-04-17,,0,4060808,,,,,,,,,,,,,,,
192112,0044000,1,山梨県,ヤマナシケン,Yamanashi,,,,笛吹市,フエフキシ,Fuefuki-shi,,,,御坂町下野原,ミサカチョウシモノハラ,Misakacho Shimonohara,,,,,,,,0,0,0,0,0,0,1,1,1947-04-17,,0,4060811,,,,,,,,,,,,,,,
192112,0045000,1,山梨県,ヤマナシケン,Yamanashi,,,,笛吹市,フエフキシ,Fuefuki-shi,,,,御坂町尾山,ミサカチョウオヤマ,Misakacho Oyama,,,,,,,,0,0,0,0,0,0,1,1,1947-04-17,,0,4060815,,,,,,,,,,,,,,,
192112,0046000,1,山梨県,ヤマナシケン,Yamanashi,,,,笛吹市,フエフキシ,Fuefuki-shi,,,,一宮町新巻,イチノミヤチョウアラマキ,Ichinomiyacho Aramaki,,,,,,,,0,0,0,0,0,0,1,1,1947-04-17,,0,4050065,,,,,,,,,,,,,,,
192112,0047000,1,山梨県,ヤマナシケン,Yamanashi,,,,笛吹市,フエフキシ,Fuefuki-shi,,,,一宮町市之蔵,イチノミヤチョウイチノクラ,Ichinomiyacho Ichinokura,,,,,,,,0,0,0,0,0,0,1,1,1947-04-17,,0,4050063,,,,,,,,,,,,,,,
192112,0048000,1,山梨県,ヤマナシケン,Yamanashi,,,,笛吹市,フエフキシ,Fuefuki-shi,,,,一宮町塩田,イチノミヤチョウシオダ,Ichinomiyacho Shioda,,,,,,,,0,0,0,0,0,0,1,1,1947-04-17,,0,4050064,,,,,,,,,,,,,,,
192112,0049000,1,山梨県,ヤマナシケン,Yamanashi,,,,笛吹市,フエフキシ,Fuefuki-shi,,,,一宮町神沢,イチノミヤチョウカンザワ,Ichinomiyacho Kanzawa,,,,,,,,0,0,0,0,0,0,1,1,1947-04-17,,0,4050066,,,,,,,,,,,,,,,
192112,0050000,1,山梨県,ヤマナシケン,Yamanashi,,,,笛吹市,フエフキシ,Fuefuki-shi,,,,一宮町東新居,イチノミヤチョウヒガシアライ,Ichinomiyacho Higashiarai,,,,,,,,0,0,0,0,0,0,1,1,1947-04-17,,0,4050069,,,,,,,,,,,,,,,
192112,0051000,1,山梨県,ヤマナシケン,Yamanashi,,,,笛吹市,フエフキシ,Fuefuki-shi,,,,一宮町狐新居,イチノミヤチョウキツネアライ,Ichinomiyacho Kitsunearai,,,,,,,,0,0,0,0,0,0,1,1,1947-04-17,,0,4050068,,,,,,,,,,,,,,,
192112,0052000,1,山梨県,ヤマナシケン,Yamanashi,,,,笛吹市,フエフキシ,Fuefuki-shi,,,,一宮町金沢,イチノミヤチョウカナザワ,Ichinomiyacho Kanazawa,,,,,,,,0,0,0,0,0,0,1,1,1947-04-17,,0,4050062,,,,,,,,,,,,,,,
192112,0053000,1,山梨県,ヤマナシケン,Yamanashi,,,,笛吹市,フエフキシ,Fuefuki-shi,,,,一宮町千米寺,イチノミヤチョウセンベイジ,Ichinomiyacho Sembeiji,,,,,,,,0,0,0,0,0,0,1,1,1947-04-17,,0,4050054,,,,,,,,,,,,,,,
192112,0054000,1,山梨県,ヤマナシケン,Yamanashi,,,,笛吹市,フエフキシ,Fuefuki-shi,,,,一宮町地蔵堂,イチノミヤチョウジゾウドウ,Ichinomiyacho Jizodo,,,,,,,,0,0,0,0,0,0,1,1,1947-04-17,,0,4050055,,,,,,,,,,,,,,,
192112,0055000,1,山梨県,ヤマナシケン,Yamanashi,,,,笛吹市,フエフキシ,Fuefuki-shi,,,,石和町窪中島,イサワチョウクボナカジマ,Isawacho Kubonakajima,,,,,,,,0,0,0,0,0,0,1,1,1947-04-17,,0,4060036,,,,,,,,,,,,,,,
192112,0056000,1,山梨県,ヤマナシケン,Yamanashi,,,,笛吹市,フエフキシ,Fuefuki-shi,,,,一宮町末木,イチノミヤチョウスエキ,Ichinomiyacho Sueki,,,,,,,,0,0,0,0,0,0,1,1,1947-04-17,,0,4050073,,,,,,,,,,,,,,,
192112,0057000,1,山梨県,ヤマナシケン,Yamanashi,,,,笛吹市,フエフキシ,Fuefuki-shi,,,,一宮町上矢作,イチノミヤチョウカミヤハギ,Ichinomiyacho Kamiyahagi,,,,,,,,0,0,0,0,0,0,1,1,1947-04-17,,0,4050059,,,,,,,,,,,,,,,
192112,0058000,1,山梨県,ヤマナシケン,Yamanashi,,,,笛吹市,フエフキシ,Fuefuki-shi,,,,一宮町一ノ宮,イチノミヤチョウイチノミヤ,Ichinomiyacho Ichinomiya,,,,,,,,0,0,0,0,0,0,1,1,1947-04-17,,0,4050056,,,,,,,,,,,,,,,
192112,0059000,1,山梨県,ヤマナシケン,Yamanashi,,,,笛吹市,フエフキシ,Fuefuki-shi,,,,一宮町中尾,イチノミヤチョウナカオ,Ichinomiyacho Nakao,,,,,,,,0,0,0,0,0,0,1,1,1947-04-17,,0,4050053,,,,,,,,,,,,,,,
192112,0060000,1,山梨県,ヤマナシケン,Yamanashi,,,,笛吹市,フエフキシ,Fuefuki-shi,,,,一宮町北都塚,イチノミヤチョウキタミヤコヅカ,Ichinomiyacho Kitamiyakozuka,,,,,,,,0,0,0,0,0,0,1,1,1947-04-17,,0,4050071,,,,,,,,,,,,,,,
192112,0061000,1,山梨県,ヤマナシケン,Yamanashi,,,,笛吹市,フエフキシ,Fuefuki-shi,,,,一宮町小城,イチノミヤチョウコジョウ,Ichinomiyacho Kojo,,,,,,,,0,0,0,0,0,0,1,1,1947-04-17,,0,4050058,,,,,,,,,,,,,,,
192112,0062000,1,山梨県,ヤマナシケン,Yamanashi,,,,笛吹市,フエフキシ,Fuefuki-shi,,,,一宮町北野呂,イチノミヤチョウキタノロ,Ichinomiyacho Kitanoro,,,,,,,,0,0,0,0,0,0,1,1,1947-04-17,,0,4050051,,,,,,,,,,,,,,,
192112,0063000,1,山梨県,ヤマナシケン,Yamanashi,,,,笛吹市,フエフキシ,Fuefuki-shi,,,,一宮町本都塚,イチノミヤチョウモトミヤコヅカ,Ichinomiyacho Motomiyakozuka,,,,,,,,0,0,0,0,0,0,1,1,1947-04-17,,0,4050072,,,,,,,,,,,,,,,
192112,0064000,1,山梨県,ヤマナシケン,Yamanashi,,,,笛吹市,フエフキシ,Fuefuki-shi,,,,一宮町橋立,イチノミヤチョウハシダテ,Ichinomiyacho Hashitate,,,,,,,,0,0,0,0,0,0,1,1,1947-04-17,,0,4050075,,,,,,,,,,,,,,,
192112,0065000,1,山梨県,ヤマナシケン,Yamanashi,,,,笛吹市,フエフキシ,Fuefuki-shi,,,,御坂町金川原,ミサカチョウカネガワバラ,Misakacho Kanegawabara,,,,,,,,0,0,0,0,0,0,1,1,1947-04-17,,0,4060802,,,,,,,,,,,,,,,
192112,0066000,1,山梨県,ヤマナシケン,Yamanashi,,,,笛吹市,フエフキシ,Fuefuki-shi,,,,一宮町国分,イチノミヤチョウコクブ,Ichinomiyacho Kokubu,,,,,,,,0,0,0,0,0,0,1,1,1947-04-17,,0,4050074,,,,,,,,,,,,,,,
192112,0067000,1,山梨県,ヤマナシケン,Yamanashi,,,,笛吹市,フエフキシ,Fuefuki-shi,,,,一宮町東原,イチノミヤチョウヒガシバラ,Ichinomiyacho Higashibara,,,,,,,,0,0,0,0,0,0,1,1,1947-04-17,,0,4050075,,,,,,,,,,,,,,,
192112,0068000,1,山梨県,ヤマナシケン,Yamanashi,,,,笛吹市,フエフキシ,Fuefuki-shi,,,,一宮町金田,イチノミヤチョウカネタ,Ichinomiyacho Kaneta,,,,,,,,0,0,0,0,0,0,1,1,1947-04-17,,0,4050079,,,,,,,,,,,,,,,
192112,0069000,1,山梨県,ヤマナシケン,Yamanashi,,,,笛吹市,フエフキシ,Fuefuki-shi,,,,一宮町下矢作,イチノミヤチョウシモヤハギ,Ichinomiyacho Shimoyahagi,,,,,,,,0,0,0,0,0,0,1,1,1947-04-17,,0,4050057,,,,,,,,,,,,,,,
192112,0070000,1,山梨県,ヤマナシケン,Yamanashi,,,,笛吹市,フエフキシ,Fuefuki-shi,,,,一宮町坪井,イチノミヤチョウツボイ,Ichinomiyacho Tsuboi,,,,,,,,0,0,0,0,0,0,1,1,1947-04-17,,0,4050077,,,,,,,,,,,,,,,
192112,0071000,1,山梨県,ヤマナシケン,Yamanashi,,,,笛吹市,フエフキシ,Fuefuki-shi,,,,御坂町井之上,ミサカチョウイノウエ,Misakacho Inoe,,,,,,,,0,0,0,0,0,0,1,1,1947-04-17,,0,4060803,,,,,,,,,,,,,,,
192112,0072000,1,山梨県,ヤマナシケン,Yamanashi,,,,笛吹市,フエフキシ,Fuefuki-shi,,,,石和町四日市場,イサワチョウヨッカイチバ,Isawacho Yokkaichiba,,,,,,,,0,0,0,0,0,0,1,1,1947-04-17,,0,4060032,,,,,,,,,,,,,,,
192112,0073000,1,山梨県,ヤマナシケン,Yamanashi,,,,笛吹市,フエフキシ,Fuefuki-shi,,,,一宮町竹原田,イチノミヤチョウタケハラダ,Ichinomiyacho Takeharada,,,,,,,,0,0,0,0,0,0,1,1,1947-04-17,,0,4050076,,,,,,,,,,,,,,,
192112,0074000,1,山梨県,ヤマナシケン,Yamanashi,,,,笛吹市,フエフキシ,Fuefuki-shi,,,,石和町上平井,イサワチョウカミヒライ,Isawacho Kamihirai,,,,,,,,0,0,0,0,0,0,1,1,1947-04-17,,0,4060025,,,,,,,,,,,,,,,
192112,0075000,1,山梨県,ヤマナシケン,Yamanashi,,,,笛吹市,フエフキシ,Fuefuki-shi,,,,春日居町寺本,カスガイチョウテラモト,Kasugaicho Teramoto,,,,,,,,0,0,0,0,0,0,1,1,1947-04-17,,0,4060013,,,,,,,,,,,,,,,
192112,0076000,1,山梨県,ヤマナシケン,Yamanashi,,,,笛吹市,フエフキシ,Fuefuki-shi,,,,石和町下平井,イサワチョウシモヒライ,Isawacho Shimohirai,,,,,,,,0,0,0,0,0,0,1,1,1947-04-17,,0,4060027,,,,,,,,,,,,,,,
192112,0077000,1,山梨県,ヤマナシケン,Yamanashi,,,,笛吹市,フエフキシ,Fuefuki-shi,,,,石和町山崎,イサワチョウヤマサキ,Isawacho Yamasaki,,,,,,,,0,0,0,0,0,0,1,1,1947-04-17,,0,4060022,,,,,,,,,,,,,,,
192112,0078000,1,山梨県,ヤマナシケン,Yamanashi,,,,笛吹市,フエフキシ,Fuefuki-shi,,,,石和町八田,イサワチョウハッタ,Isawacho Hatsuta,,,,,,,,0,0,0,0,0,0,1,1,1947-04-17,,0,4060023,,,,,,,,,,,,,,,
192112,0079000,1,山梨県,ヤマナシケン,Yamanashi,,,,笛吹市,フエフキシ,Fuefuki-shi,,,,御坂町成田,ミサカチョウナリタ,Misakacho Narita,,,,,,,,0,0,0,0,0,0,1,1,1947-04-17,,0,4060801,,,,,,,,,,,,,,,
192112,0080000,1,山梨県,ヤマナシケン,Yamanashi,,,,笛吹市,フエフキシ,Fuefuki-shi,,,,石和町中川,イサワチョウナカガワ,Isawacho Nakagawa,,,,,,,,0,0,0,0,0,0,1,1,1947-04-17,,0,4060026,,,,,,,,,,,,,,,
192112,0081000,1,山梨県,ヤマナシケン,Yamanashi,,,,笛吹市,フエフキシ,Fuefuki-shi,,,,石和町松本,イサワチョウマツモト,Isawacho Matsumoto,,,,,,,,0,0,0,0,0,0,1,1,1947-04-17,,0,4060021,,,,,,,,,,,,,,,
192112,0082000,1,山梨県,ヤマナシケン,Yamanashi,,,,笛吹市,フエフキシ,Fuefuki-shi,,,,春日居町小松,カスガイチョウコマツ,Kasugaicho Komatsu,,,,,,,,0,0,0,0,0,0,1,1,1947-04-17,,0,4060004,,,,,,,,,,,,,,,
192112,0083000,1,山梨県,ヤマナシケン,Yamanashi,,,,笛吹市,フエフキシ,Fuefuki-shi,,,,一宮町南野呂,イチノミヤチョウミナミノロ,Ichinomiyacho Minaminoro,,,,,,,,0,0,0,0,0,0,1,1,1947-04-17,,0,4050052,,,,,,,,,,,,,,,
192112,0084000,1,山梨県,ヤマナシケン,Yamanashi,,,,笛吹市,フエフキシ,Fuefuki-shi,,,,石和町市部,イサワチョウイチベ,Isawacho Ichibe,,,,,,,,0,0,0,0,0,0,1,1,1947-04-17,,0,4060031,,,,,,,,,,,,,,,
192112,0085000,1,山梨県,ヤマナシケン,Yamanashi,,,,笛吹市,フエフキシ,Fuefuki-shi,,,,石和町川中島,イサワチョウカワナカジマ,Isawacho Kawanakajima,,,,,,,,0,0,0,0,0,0,1,1,1947-04-17,,0,4060024,,,,,,,,,,,,,,,
192112,0086000,1,山梨県,ヤマナシケン,Yamanashi,,,,笛吹市,フエフキシ,Fuefuki-shi,,,,一宮町田中,イチノミヤチョウタナカ,Ichinomiyacho Tanaka,,,,,,,,0,0,0,0,0,0,1,1,1947-04-17,,0,4050078,,,,,,,,,,,,,,,
192112,0087000,1,山梨県,ヤマナシケン,Yamanashi,,,,笛吹市,フエフキシ,Fuefuki-shi,,,,境川町坊ヶ峯,サカイガワチョウボウガミネ,Sakaigawacho Bogamine,,,,,,,,0,0,0,0,0,0,1,1,1947-04-17,,0,4060845,,,,,,,,,,,,,,,
192112,0088000,1,山梨県,ヤマナシケン,Yamanashi,,,,笛吹市,フエフキシ,Fuefuki-shi,,,,境川町三椚,サカイガワチョウミツクヌギ,Sakaigawacho Mitsukunugi,,,,,,,,0,0,0,0,0,0,1,1,1947-04-17,,0,4060846,,,,,,,,,,,,,,,
192112,0089000,1,山梨県,ヤマナシケン,Yamanashi,,,,笛吹市,フエフキシ,Fuefuki-shi,,,,境川町大坪,サカイガワチョウオオツボ,Sakaigawacho Otsubo,,,,,,,,0,0,0,0,0,0,1,1,1947-04-17,,0,4060841,,,,,,,,,,,,,,,
192112,0090000,1,山梨県,ヤマナシケン,Yamanashi,,,,笛吹市,フエフキシ,Fuefuki-shi,,,,石和町河内,イサワチョウコウチ,Isawacho Kochi,,,,,,,,0,0,0,0,0,0,1,1,1947-04-17,,0,4060043,,,,,,,,,,,,,,,
192112,0091000,1,山梨県,ヤマナシケン,Yamanashi,,,,笛吹市,フエフキシ,Fuefuki-shi,,,,石和町今井,イサワチョウイマイ,Isawacho Imai,,,,,,,,0,0,0,0,0,0,1,1,1947-04-17,,0,4060042,,,,,,,,,,,,,,,
192112,0092000,1,山梨県,ヤマナシケン,Yamanashi,,,,笛吹市,フエフキシ,Fuefuki-shi,,,,石和町東高橋,イサワチョウヒガシタカハシ,Isawacho Higashitakahashi,,,,,,,,0,0,0,0,0,0,1,1,1947-04-17,,0,4060041,,,,,,,,,,,,,,,
192112,0093000,1,山梨県,ヤマナシケン,Yamanashi,,,,笛吹市,フエフキシ,Fuefuki-shi,,,,石和町東油川,イサワチョウヒガシアブラカワ,Isawacho Higashiaburakawa,,,,,,,,0,0,0,0,0,0,1,1,1947-04-17,,0,4060046,,,,,,,,,,,,,,,
192112,0094000,1,山梨県,ヤマナシケン,Yamanashi,,,,笛吹市,フエフキシ,Fuefuki-shi,,,,石和町井戸,イサワチョウイド,Isawacho Ido,,,,,,,,0,0,0,0,0,0,1,1,1947-04-17,,0,4060045,,,,,,,,,,,,,,,
192112,0095000,1,山梨県,ヤマナシケン,Yamanashi,,,,笛吹市,フエフキシ,Fuefuki-shi,,,,石和町砂原,イサワチョウスナハラ,Isawacho Sunahara,,,,,,,,0,0,0,0,0,0,1,1,1947-04-17,,0,4060044,,,,,,,,,,,,,,,
192112,0096000,1,山梨県,ヤマナシケン,Yamanashi,,,,笛吹市,フエフキシ,Fuefuki-shi,,,,春日居町徳条,カスガイチョウトクジョウ,Kasugaicho Tokujo,,,,,,,,0,0,0,0,0,0,1,1,1947-04-17,,0,4060011,,,,,,,,,,,,,,,
192112,0097000,1,山梨県,ヤマナシケン,Yamanashi,,,,笛吹市,フエフキシ,Fuefuki-shi,,,,春日居町下岩下,カスガイチョウシモイワシタ,Kasugaicho Shimoiwashita,,,,,,,,0,0,0,0,0,0,1,1,1947-04-17,,0,4060001,,,,,,,,,,,,,,,
192112,0098000,1,山梨県,ヤマナシケン,Yamanashi,,,,笛吹市,フエフキシ,Fuefuki-shi,,,,御坂町大野寺,ミサカチョウオオノジ,Misakacho Onoji,,,,,,,,0,0,0,0,0,0,1,1,1947-04-17,,0,4060817,,,,,,,,,,,,,,,
192112,0099000,1,山梨県,ヤマナシケン,Yamanashi,,,,笛吹市,フエフキシ,Fuefuki-shi,,,,御坂町竹居,ミサカチョウタケイ,Misakacho Takei,,,,,,,,0,0,0,0,0,0,1,1,1947-04-17,,0,4060816,,,,,,,,,,,,,,,
192121,0001000,1,山梨県,ヤマナシケン,Yamanashi,,,,上野原市,ウエノハラシ,Uenohara-shi,,,,秋山,アキヤマ,Akiyama,,,,,,,,0,0,0,0,0,0,1,1,1947-04-17,,0,4010201,,,,,,,,,,,,,,,
192121,0002000,1,山梨県,ヤマナシケン,Yamanashi,,,,上野原市,ウエノハラシ,Uenohara-shi,,,,棡原,ユズリハラ,Yuzurihara,,,,,,,,0,0,0,0,0,0,1,1,1947-04-17,,0,4090111,,,,,,,,,,,,,,,
192121,0003000,1,山梨県,ヤマナシケン,Yamanashi,,,,上野原市,ウエノハラシ,Uenohara-shi,,,,新田,アラタ,Arata,,,,,,,,0,0,0,0,0,0,1,1,1947-04-17,,0,4090113,,,,,,,,,,,,,,,
192121,0004000,1,山梨県,ヤマナシケン,Yamanashi,,,,上野原市,ウエノハラシ,Uenohara-shi,,,,鶴島,ツルシマ,Tsurushima,,,,,,,,0,0,0,0,0,0,1,1,1947-04-17,,0,4090114,,,,,,,,,,,,,,,
192121,0005000,1,山梨県,ヤマナシケン,Yamanashi,,,,上野原市,ウエノハラシ,Uenohara-shi,,,,川合,カワイ,Kawai,,,,,,,,0,0,0,0,0,0,1,1,1947-04-17,,0,4090122,,,,,,,,,,,,,,,
192121,0006000,1,山梨県,ヤマナシケン,Yamanashi,,,,上野原市,ウエノハラシ,Uenohara-shi,,,,上野原,ウエノハラ,Uenohara,,,,,,,,0,0,0,0,0,0,1,1,1947-04-17,,0,4090112,,,,,,,,,,,,,,,
192121,0007000,1,山梨県,ヤマナシケン,Yamanashi,,,,上野原市,ウエノハラシ,Uenohara-shi,,,,西原,サイハラ,Saihara,,,,,,,,0,0,0,0,0,0,1,1,1947-04-17,,0,4090141,,,,,,,,,,,,,,,
192121,0008001,2,山梨県,ヤマナシケン,Yamanashi,,,,上野原市,ウエノハラシ,Uenohara-shi,,,,コモアしおつ,コモアシオツ,Komoashiotsu,１丁目,１チョウメ,1,,,,,1,1,0,0,0,0,1,1,1947-04-17,,0,,,,,,,,,,,,,,,,
192121,0008002,2,山梨県,ヤマナシケン,Yamanashi,,,,上野原市,ウエノハラシ,Uenohara-shi,,,,コモアしおつ,コモアシオツ,Komoashiotsu,２丁目,２チョウメ,2,,,,,1,1,0,0,0,0,1,1,1947-04-17,,0,,,,,,,,,,,,,,,,
192121,0008003,2,山梨県,ヤマナシケン,Yamanashi,,,,上野原市,ウエノハラシ,Uenohara-shi,,,,コモアしおつ,コモアシオツ,Komoashiotsu,３丁目,３チョウメ,3,,,,,1,1,0,0,0,0,1,1,1947-04-17,,0,,,,,,,,,,,,,,,,
192121,0008004,2,山梨県,ヤマナシケン,Yamanashi,,,,上野原市,ウエノハラシ,Uenohara-shi,,,,コモアしおつ,コモアシオツ,Komoashiotsu,４丁目,４チョウメ,4,,,,,1,1,0,0,0,0,1,1,1947-04-17,,0,,,,,,,,,,,,,,,,
192121,0009000,1,山梨県,ヤマナシケン,Yamanashi,,,,上野原市,ウエノハラシ,Uenohara-shi,,,,八ツ沢,ヤツサワ,Yatsusawa,,,,,,,,0,0,0,0,0,0,1,0,1947-04-17,,0,4090133,,,,,,,,,,,,,,,
192121,0010000,1,山梨県,ヤマナシケン,Yamanashi,,,,上野原市,ウエノハラシ,Uenohara-shi,,,,大野,オオノ,Ono,,,,,,,,0,0,0,0,0,0,1,1,1947-04-17,,0,4090123,,,,,,,,,,,,,,,
192121,0011000,1,山梨県,ヤマナシケン,Yamanashi,,,,上野原市,ウエノハラシ,Uenohara-shi,,,,犬目,イヌメ,Inume,,,,,,,,0,0,0,0,0,0,1,1,1947-04-17,,0,4090124,,,,,,,,,,,,,,,
192121,0012000,1,山梨県,ヤマナシケン,Yamanashi,,,,上野原市,ウエノハラシ,Uenohara-shi,,,,桑久保,クワクボ,Kuwakubo,,,,,,,,0,0,0,0,0,0,1,1,1947-04-17,,0,4090136,,,,,,,,,,,,,,,
192121,0013000,1,山梨県,ヤマナシケン,Yamanashi,,,,上野原市,ウエノハラシ,Uenohara-shi,,,,鶴川,ツルガワ,Tsurugawa,,,,,,,,0,0,0,0,0,0,1,1,1947-04-17,,0,4090132,,,,,,,,,,,,,,,
192121,0014000,1,山梨県,ヤマナシケン,Yamanashi,,,,上野原市,ウエノハラシ,Uenohara-shi,,,,大椚,オオクヌギ,Okunugi,,,,,,,,0,0,0,0,0,0,1,1,1947-04-17,,0,4090134,,,,,,,,,,,,,,,
192121,0015000,1,山梨県,ヤマナシケン,Yamanashi,,,,上野原市,ウエノハラシ,Uenohara-shi,,,,芦垣,アシガキ,Ashigaki,,,,,,,,0,0,0,0,0,0,1,1,1947-04-17,,0,4090135,,,,,,,,,,,,,,,
192121,0016000,1,山梨県,ヤマナシケン,Yamanashi,,,,上野原市,ウエノハラシ,Uenohara-shi,,,,和見,ワミ,Wami,,,,,,,,0,0,0,0,0,0,1,1,1947-04-17,,0,4090137,,,,,,,,,,,,,,,
192121,0017000,1,山梨県,ヤマナシケン,Yamanashi,,,,上野原市,ウエノハラシ,Uenohara-shi,,,,野田尻,ノタジリ,Notajiri,,,,,,,,0,0,0,0,0,0,1,1,1947-04-17,,0,4090125,,,,,,,,,,,,,,,
192121,0018000,1,山梨県,ヤマナシケン,Yamanashi,,,,上野原市,ウエノハラシ,Uenohara-shi,,,,大倉,オオクラ,Okura,,,,,,,,0,0,0,0,0,0,1,1,1947-04-17,,0,4090138,,,,,,,,,,,,,,,
192121,0019000,1,山梨県,ヤマナシケン,Yamanashi,,,,上野原市,ウエノハラシ,Uenohara-shi,,,,大曽根,オオゾネ,Ozone,,,,,,,,0,0,0,0,0,0,1,1,1947-04-17,,0,4090131,,,,,,,,,,,,,,,
192121,0020000,1,山梨県,ヤマナシケン,Yamanashi,,,,上野原市,ウエノハラシ,Uenohara-shi,,,,松留,マツドメ,Matsudome,,,,,,,,0,0,0,0,0,0,1,1,1947-04-17,,0,4090115,,,,,,,,,,,,,,,
192121,0021000,1,山梨県,ヤマナシケン,Yamanashi,,,,上野原市,ウエノハラシ,Uenohara-shi,,,,四方津,シオツ,Shiotsu,,,,,,,,0,0,0,0,0,0,1,1,1947-04-17,,0,4090121,,,,,,,,,,,,,,,
192139,0001000,1,山梨県,ヤマナシケン,Yamanashi,,,,甲州市,コウシュウシ,Koshu-shi,,,,勝沼町勝沼,カツヌマチョウカツヌマ,Katsunumacho Katsunuma,,,,,,,,0,0,0,0,0,0,1,1,1947-04-17,,0,4091316,,,,,,,,,,,,,,,
192139,0002000,1,山梨県,ヤマナシケン,Yamanashi,,,,甲州市,コウシュウシ,Koshu-shi,,,,勝沼町菱山,カツヌマチョウヒシヤマ,Katsunumacho Hishiyama,,,,,,,,0,0,0,0,0,0,1,1,1947-04-17,,0,4091302,,,,,,,,,,,,,,,
192139,0004000,1,山梨県,ヤマナシケン,Yamanashi,,,,甲州市,コウシュウシ,Koshu-shi,,,,大和町初鹿野,ヤマトチョウハジカノ,Yamatocho Hajikano,,,,,,,,0,0,0,0,0,0,1,1,1947-04-17,,0,4091203,,,,,,,,,,,,,,,
192139,0005000,1,山梨県,ヤマナシケン,Yamanashi,,,,甲州市,コウシュウシ,Koshu-shi,,,,大和町木賊,ヤマトチョウトクサ,Yamatocho Tokusa,,,,,,,,0,0,0,0,0,0,1,1,1947-04-17,,0,4091201,,,,,,,,,,,,,,,
192139,0006000,1,山梨県,ヤマナシケン,Yamanashi,,,,甲州市,コウシュウシ,Koshu-shi,,,,勝沼町深沢,カツヌマチョウフカサワ,Katsunumacho Fukasawa,,,,,,,,0,0,0,0,0,0,1,1,1947-04-17,,0,4091311,,,,,,,,,,,,,,,
192139,0007000,1,山梨県,ヤマナシケン,Yamanashi,,,,甲州市,コウシュウシ,Koshu-shi,,,,大和町田野,ヤマトチョウタノ,Yamatocho Tano,,,,,,,,0,0,0,0,0,0,1,1,1947-04-17,,0,4091202,,,,,,,,,,,,,,,
192139,0008000,1,山梨県,ヤマナシケン,Yamanashi,,,,甲州市,コウシュウシ,Koshu-shi,,,,塩山福生里,エンザンフクオリ,Enzan Fukuori,,,,,,,,0,0,0,0,0,0,1,1,1947-04-17,,0,4040056,,,,,,,,,,,,,,,
192139,0009000,1,山梨県,ヤマナシケン,Yamanashi,,,,甲州市,コウシュウシ,Koshu-shi,,,,塩山竹森,エンザンタケモリ,Enzan Takemori,,,,,,,,0,0,0,0,0,0,1,1,1947-04-17,,0,4040051,,,,,,,,,,,,,,,
192139,0010000,1,山梨県,ヤマナシケン,Yamanashi,,,,甲州市,コウシュウシ,Koshu-shi,,,,塩山上粟生野,エンザンカミアオノ,Enzan Kamiaono,,,,,,,,0,0,0,0,0,0,1,1,1947-04-17,,0,4040031,,,,,,,,,,,,,,,
192139,0011000,1,山梨県,ヤマナシケン,Yamanashi,,,,甲州市,コウシュウシ,Koshu-shi,,,,塩山下粟生野,エンザンシモアオノ,Enzan Shimoaono,,,,,,,,0,0,0,0,0,0,1,1,1947-04-17,,0,4040032,,,,,,,,,,,,,,,
192139,0012000,1,山梨県,ヤマナシケン,Yamanashi,,,,甲州市,コウシュウシ,Koshu-shi,,,,塩山中萩原,エンザンナカハギハラ,,,,,,,,,0,0,0,0,0,0,1,1,1947-04-17,,0,,,,,,,,,,,,,,,,
192139,0013000,1,山梨県,ヤマナシケン,Yamanashi,,,,甲州市,コウシュウシ,Koshu-shi,,,,塩山下萩原,エンザンシモハギハラ,Enzan Shimohagihara,,,,,,,,0,0,0,0,0,0,1,1,1947-04-17,,0,4040024,,,,,,,,,,,,,,,
192139,0014000,1,山梨県,ヤマナシケン,Yamanashi,,,,甲州市,コウシュウシ,Koshu-shi,,,,塩山牛奥,エンザンウシオク,,,,,,,,,0,0,0,0,0,0,1,1,1947-04-17,,0,,,,,,,,,,,,,,,,
192139,0015000,1,山梨県,ヤマナシケン,Yamanashi,,,,甲州市,コウシュウシ,Koshu-shi,,,,勝沼町中原,カツヌマチョウナカハラ,Katsunumacho Nakahara,,,,,,,,0,0,0,0,0,0,1,1,1947-04-17,,0,4091301,,,,,,,,,,,,,,,
192139,0016000,1,山梨県,ヤマナシケン,Yamanashi,,,,甲州市,コウシュウシ,Koshu-shi,,,,勝沼町小佐手,カツヌマチョウオサデ,Katsunumacho Osade,,,,,,,,0,0,0,0,0,0,1,1,1947-04-17,,0,4091303,,,,,,,,,,,,,,,
192139,0017000,1,山梨県,ヤマナシケン,Yamanashi,,,,甲州市,コウシュウシ,Koshu-shi,,,,勝沼町等々力,カツヌマチョウトドロキ,Katsunumacho Todoroki,,,,,,,,0,0,0,0,0,0,1,1,1947-04-17,,0,4091315,,,,,,,,,,,,,,,
192139,0018000,1,山梨県,ヤマナシケン,Yamanashi,,,,甲州市,コウシュウシ,Koshu-shi,,,,塩山上萩原,エンザンカミハギハラ,,,,,,,,,0,0,0,0,0,0,1,1,1947-04-17,,0,,,,,,,,,,,,,,,,
192139,0019000,1,山梨県,ヤマナシケン,Yamanashi,,,,甲州市,コウシュウシ,Koshu-shi,,,,塩山上小田原,エンザンカミオダワラ,Enzan Kamiodawara,,,,,,,,0,0,0,0,0,0,1,1,1947-04-17,,0,4040026,,,,,,,,,,,,,,,
192139,0020000,1,山梨県,ヤマナシケン,Yamanashi,,,,甲州市,コウシュウシ,Koshu-shi,,,,塩山平沢,エンザンヒラサワ,Enzan Hirasawa,,,,,,,,0,0,0,0,0,0,1,1,1947-04-17,,0,4040052,,,,,,,,,,,,,,,
192139,0021000,1,山梨県,ヤマナシケン,Yamanashi,,,,甲州市,コウシュウシ,Koshu-shi,,,,塩山小屋敷,エンザンオヤシキ,,,,,,,,,0,0,0,0,0,0,1,1,1947-04-17,,0,,,,,,,,,,,,,,,,
192139,0022000,1,山梨県,ヤマナシケン,Yamanashi,,,,甲州市,コウシュウシ,Koshu-shi,,,,塩山下柚木,エンザンシモユノキ,Enzan Shimoyunoki,,,,,,,,0,0,0,0,0,0,1,1,1947-04-17,,0,4040055,,,,,,,,,,,,,,,
192139,0023000,1,山梨県,ヤマナシケン,Yamanashi,,,,甲州市,コウシュウシ,Koshu-shi,,,,塩山一ノ瀬高橋,エンザンイチノセタカハシ,Enzan Ichinosetakahashi,,,,,,,,0,0,0,0,0,0,1,1,1947-04-17,,0,4040021,,,,,,,,,,,,,,,
192139,0024000,1,山梨県,ヤマナシケン,Yamanashi,,,,甲州市,コウシュウシ,Koshu-shi,,,,大和町鶴瀬,ヤマトチョウツルセ,Yamatocho Tsuruse,,,,,,,,0,0,0,0,0,0,1,1,1947-04-17,,0,4091205,,,,,,,,,,,,,,,
192139,0025000,1,山梨県,ヤマナシケン,Yamanashi,,,,甲州市,コウシュウシ,Koshu-shi,,,,大和町日影,ヤマトチョウヒカゲ,Yamatocho Hikage,,,,,,,,0,0,0,0,0,0,1,1,1947-04-17,,0,4091204,,,,,,,,,,,,,,,
192139,0026000,1,山梨県,ヤマナシケン,Yamanashi,,,,甲州市,コウシュウシ,Koshu-shi,,,,勝沼町上岩崎,カツヌマチョウカミイワサキ,Katsunumacho Kamiiwasaki,,,,,,,,0,0,0,0,0,0,1,1,1947-04-17,,0,4091312,,,,,,,,,,,,,,,
192139,0027000,1,山梨県,ヤマナシケン,Yamanashi,,,,甲州市,コウシュウシ,Koshu-shi,,,,勝沼町藤井,カツヌマチョウフジイ,Katsunumacho Fujii,,,,,,,,0,0,0,0,0,0,1,1,1947-04-17,,0,4091314,,,,,,,,,,,,,,,
192139,0028000,1,山梨県,ヤマナシケン,Yamanashi,,,,甲州市,コウシュウシ,Koshu-shi,,,,勝沼町下岩崎,カツヌマチョウシモイワサキ,Katsunumacho Shimoiwasaki,,,,,,,,0,0,0,0,0,0,1,1,1947-04-17,,0,4091313,,,,,,,,,,,,,,,
192139,0029000,1,山梨県,ヤマナシケン,Yamanashi,,,,甲州市,コウシュウシ,Koshu-shi,,,,塩山下小田原,エンザンシモオダワラ,Enzan Shimodawara,,,,,,,,0,0,0,0,0,0,1,1,1947-04-17,,0,4040025,,,,,,,,,,,,,,,
192139,0030000,1,山梨県,ヤマナシケン,Yamanashi,,,,甲州市,コウシュウシ,Koshu-shi,,,,塩山上於曽,エンザンカミオゾ,Enzan Kamiozo,,,,,,,,0,0,0,0,0,0,1,1,1947-04-17,,0,4040042,,,,,,,,,,,,,,,
192139,0031000,1,山梨県,ヤマナシケン,Yamanashi,,,,甲州市,コウシュウシ,Koshu-shi,,,,塩山千野,エンザンチノ,Enzan Chino,,,,,,,,0,0,0,0,0,0,1,1,1947-04-17,,0,4040041,,,,,,,,,,,,,,,
192139,0032000,1,山梨県,ヤマナシケン,Yamanashi,,,,甲州市,コウシュウシ,Koshu-shi,,,,塩山熊野,エンザンクマノ,Enzan Kumano,,,,,,,,0,0,0,0,0,0,1,1,1947-04-17,,0,4040036,,,,,,,,,,,,,,,
192139,0033000,1,山梨県,ヤマナシケン,Yamanashi,,,,甲州市,コウシュウシ,Koshu-shi,,,,塩山西野原,エンザンニシノハラ,Enzan Nishinohara,,,,,,,,0,0,0,0,0,0,1,1,1947-04-17,,0,4040035,,,,,,,,,,,,,,,
192139,0034000,1,山梨県,ヤマナシケン,Yamanashi,,,,甲州市,コウシュウシ,Koshu-shi,,,,塩山赤尾,エンザンアカオ,Enzan Akao,,,,,,,,0,0,0,0,0,0,1,1,1947-04-17,,0,4040033,,,,,,,,,,,,,,,
192139,0035000,1,山梨県,ヤマナシケン,Yamanashi,,,,甲州市,コウシュウシ,Koshu-shi,,,,塩山下於曽,エンザンシモオゾ,Enzan Shimozo,,,,,,,,0,0,0,0,0,0,1,1,1947-04-17,,0,4040043,,,,,,,,,,,,,,,
192139,0036000,1,山梨県,ヤマナシケン,Yamanashi,,,,甲州市,コウシュウシ,Koshu-shi,,,,勝沼町休息,カツヌマチョウキュウソク,Katsunumacho Kyusoku,,,,,,,,0,0,0,0,0,0,1,1,1947-04-17,,0,4091304,,,,,,,,,,,,,,,
192139,0037000,1,山梨県,ヤマナシケン,Yamanashi,,,,甲州市,コウシュウシ,Koshu-shi,,,,塩山上井尻,エンザンカミイジリ,Enzan Kamiijiri,,,,,,,,0,0,0,0,0,0,1,1,1947-04-17,,0,4040046,,,,,,,,,,,,,,,
192139,0038000,1,山梨県,ヤマナシケン,Yamanashi,,,,甲州市,コウシュウシ,Koshu-shi,,,,塩山上塩後,エンザンカミシオゴ,Enzan Kamishiogo,,,,,,,,0,0,0,0,0,0,1,1,1947-04-17,,0,4040045,,,,,,,,,,,,,,,
192139,0039000,1,山梨県,ヤマナシケン,Yamanashi,,,,甲州市,コウシュウシ,Koshu-shi,,,,塩山下塩後,エンザンシモシオゴ,Enzan Shimoshiogo,,,,,,,,0,0,0,0,0,0,1,1,1947-04-17,,0,4040044,,,,,,,,,,,,,,,
192139,0040000,1,山梨県,ヤマナシケン,Yamanashi,,,,甲州市,コウシュウシ,Koshu-shi,,,,勝沼町綿塚,カツヌマチョウワタヅカ,Katsunumacho Watazuka,,,,,,,,0,0,0,0,0,0,1,1,1947-04-17,,0,4091305,,,,,,,,,,,,,,,
192139,0041000,1,山梨県,ヤマナシケン,Yamanashi,,,,甲州市,コウシュウシ,Koshu-shi,,,,塩山藤木,エンザンフジキ,Enzan Fujiki,,,,,,,,0,0,0,0,0,0,1,1,1947-04-17,,0,4040054,,,,,,,,,,,,,,,
192139,0042000,1,山梨県,ヤマナシケン,Yamanashi,,,,甲州市,コウシュウシ,Koshu-shi,,,,勝沼町山,カツヌマチョウヤマ,Katsunumacho Yama,,,,,,,,0,0,0,0,0,0,1,1,1947-04-17,,0,4091306,,,,,,,,,,,,,,,
192139,0043000,1,山梨県,ヤマナシケン,Yamanashi,,,,甲州市,コウシュウシ,Koshu-shi,,,,塩山西広門田,エンザンカワダ,Enzan Kawada,,,,,,,,0,0,0,0,0,0,1,1,1947-04-17,,0,4040037,,,,,,,,,,,,,,,
192139,0044000,1,山梨県,ヤマナシケン,Yamanashi,,,,甲州市,コウシュウシ,Koshu-shi,,,,塩山三日市場,エンザンミッカイチバ,Enzan Mikkaichiba,,,,,,,,0,0,0,0,0,0,1,1,1947-04-17,,0,4040047,,,,,,,,,,,,,,,
192147,0001000,1,山梨県,ヤマナシケン,Yamanashi,,,,中央市,チュウオウシ,Chuo-shi,,,,今福新田,イマフクシンデン,Imafukushinden,,,,,,,,0,0,0,0,0,0,1,1,1947-04-17,,0,4093835,,,,,,,,,,,,,,,
192147,0002000,1,山梨県,ヤマナシケン,Yamanashi,,,,中央市,チュウオウシ,Chuo-shi,,,,西花輪,ニシハナワ,Nishihanawa,,,,,,,,0,0,0,0,0,0,1,1,1947-04-17,,0,4093843,,,,,,,,,,,,,,,
192147,0003000,1,山梨県,ヤマナシケン,Yamanashi,,,,中央市,チュウオウシ,Chuo-shi,,,,高部,タカベ,Takabe,,,,,,,,0,0,0,0,0,0,1,1,1947-04-17,,0,4001515,,,,,,,,,,,,,,,
192147,0004000,1,山梨県,ヤマナシケン,Yamanashi,,,,中央市,チュウオウシ,Chuo-shi,,,,東花輪,ヒガシハナワ,Higashihanawa,,,,,,,,0,0,0,0,0,0,1,1,1947-04-17,,0,4093842,,,,,,,,,,,,,,,
192147,0005000,1,山梨県,ヤマナシケン,Yamanashi,,,,中央市,チュウオウシ,Chuo-shi,,,,今福,イマフク,Imafuku,,,,,,,,0,0,0,0,0,0,1,1,1947-04-17,,0,4093834,,,,,,,,,,,,,,,
192147,0006000,1,山梨県,ヤマナシケン,Yamanashi,,,,中央市,チュウオウシ,Chuo-shi,,,,大田和,オオダワ,Odawa,,,,,,,,0,0,0,0,0,0,1,1,1947-04-17,,0,4093831,,,,,,,,,,,,,,,
192147,0007000,1,山梨県,ヤマナシケン,Yamanashi,,,,中央市,チュウオウシ,Chuo-shi,,,,藤巻,フジマキ,Fujimaki,,,,,,,,0,0,0,0,0,0,1,1,1947-04-17,,0,4093833,,,,,,,,,,,,,,,
192147,0008000,1,山梨県,ヤマナシケン,Yamanashi,,,,中央市,チュウオウシ,Chuo-shi,,,,浅利,アサリ,Asari,,,,,,,,0,0,0,0,0,0,1,1,1947-04-17,,0,4001514,,,,,,,,,,,,,,,
192147,0009000,1,山梨県,ヤマナシケン,Yamanashi,,,,中央市,チュウオウシ,Chuo-shi,,,,一町畑,イッチョウハタ,Itchohata,,,,,,,,0,0,0,0,0,0,1,1,1947-04-17,,0,4093813,,,,,,,,,,,,,,,
192147,0010000,1,山梨県,ヤマナシケン,Yamanashi,,,,中央市,チュウオウシ,Chuo-shi,,,,関原,セキハラ,Sekihara,,,,,,,,0,0,0,0,0,0,1,1,1947-04-17,,0,4001512,,,,,,,,,,,,,,,
192147,0011000,1,山梨県,ヤマナシケン,Yamanashi,,,,中央市,チュウオウシ,Chuo-shi,,,,木原,キハラ,Kihara,,,,,,,,0,0,0,0,0,0,1,1,1947-04-17,,0,4001511,,,,,,,,,,,,,,,
192147,0012000,1,山梨県,ヤマナシケン,Yamanashi,,,,中央市,チュウオウシ,Chuo-shi,,,,大鳥居,オオトリイ,Otorii,,,,,,,,0,0,0,0,0,0,1,1,1947-04-17,,0,4001513,,,,,,,,,,,,,,,
192147,0013000,1,山梨県,ヤマナシケン,Yamanashi,,,,中央市,チュウオウシ,Chuo-shi,,,,馬籠,マゴメ,Magome,,,,,,,,0,0,0,0,0,0,1,1,1947-04-17,,0,4093832,,,,,,,,,,,,,,,
192147,0014000,1,山梨県,ヤマナシケン,Yamanashi,,,,中央市,チュウオウシ,Chuo-shi,,,,極楽寺,ゴクラクジ,Gokurakuji,,,,,,,,0,0,0,0,0,0,1,1,1947-04-17,,0,4093811,,,,,,,,,,,,,,,
192147,0015000,1,山梨県,ヤマナシケン,Yamanashi,,,,中央市,チュウオウシ,Chuo-shi,,,,町之田,マチノタ,Machinota,,,,,,,,0,0,0,0,0,0,1,1,1947-04-17,,0,4093814,,,,,,,,,,,,,,,
192147,0016000,1,山梨県,ヤマナシケン,Yamanashi,,,,中央市,チュウオウシ,Chuo-shi,,,,下三條,シモサンジョウ,Shimosanjo,,,,,,,,0,0,0,0,0,0,1,1,1947-04-17,,0,4093822,,,,,,,,,,,,,,,
192147,0017000,1,山梨県,ヤマナシケン,Yamanashi,,,,中央市,チュウオウシ,Chuo-shi,,,,下河東,シモカトウ,Shimokato,,,,,,,,0,0,0,0,0,0,1,1,1947-04-17,,0,4093821,,,,,,,,,,,,,,,
192147,0018000,1,山梨県,ヤマナシケン,Yamanashi,,,,中央市,チュウオウシ,Chuo-shi,,,,成島,ナルシマ,Narushima,,,,,,,,0,0,0,0,0,0,1,1,1947-04-17,,0,4093815,,,,,,,,,,,,,,,
192147,0019000,1,山梨県,ヤマナシケン,Yamanashi,,,,中央市,チュウオウシ,Chuo-shi,,,,西新居,ニシアライ,Nishiarai,,,,,,,,0,0,0,0,0,0,1,1,1947-04-17,,0,4093802,,,,,,,,,,,,,,,
192147,0020000,1,山梨県,ヤマナシケン,Yamanashi,,,,中央市,チュウオウシ,Chuo-shi,,,,臼井阿原,ウスイアワラ,Usuiawara,,,,,,,,0,0,0,0,0,0,1,1,1947-04-17,,0,4093844,,,,,,,,,,,,,,,
192147,0021000,1,山梨県,ヤマナシケン,Yamanashi,,,,中央市,チュウオウシ,Chuo-shi,,,,中楯,ナカダテ,Nakadate,,,,,,,,0,0,0,0,0,0,1,1,1947-04-17,,0,4093801,,,,,,,,,,,,,,,
192147,0022000,1,山梨県,ヤマナシケン,Yamanashi,,,,中央市,チュウオウシ,Chuo-shi,,,,井之口,イノクチ,Inokuchi,,,,,,,,0,0,0,0,0,0,1,1,1947-04-17,,0,4093804,,,,,,,,,,,,,,,
192147,0023000,1,山梨県,ヤマナシケン,Yamanashi,,,,中央市,チュウオウシ,Chuo-shi,,,,乙黒,オトグロ,Otoguro,,,,,,,,0,0,0,0,0,0,1,1,1947-04-17,,0,4093812,,,,,,,,,,,,,,,
192147,0024000,1,山梨県,ヤマナシケン,Yamanashi,,,,中央市,チュウオウシ,Chuo-shi,,,,山之神,ヤマノカミ,Yamanokami,,,,,,,,0,0,0,0,0,0,1,1,1947-04-17,,0,4093845,,,,,,,,,,,,,,,
192147,0025000,1,山梨県,ヤマナシケン,Yamanashi,,,,中央市,チュウオウシ,Chuo-shi,,,,布施,フセ,Fuse,,,,,,,,0,0,0,0,0,0,1,1,1947-04-17,,0,4093841,,,,,,,,,,,,,,,
192147,0026000,1,山梨県,ヤマナシケン,Yamanashi,,,,中央市,チュウオウシ,Chuo-shi,,,,上三條,カミサンジョウ,Kamisanjo,,,,,,,,0,0,0,0,0,0,1,1,1947-04-17,,0,4093823,,,,,,,,,,,,,,,
192147,0027000,1,山梨県,ヤマナシケン,Yamanashi,,,,中央市,チュウオウシ,Chuo-shi,,,,若宮,ワカミヤ,Wakamiya,,,,,,,,0,0,0,0,0,0,1,1,1947-04-17,,0,4093803,,,,,,,,,,,,,,,
193461,0001000,1,山梨県,ヤマナシケン,Yamanashi,西八代郡,ニシヤツシログン,Nishiyatsushiro-gun,市川三郷町,イチカワミサトチョウ,Ichikawamisato-,,,,岩下,イワシタ,Iwashita,,,,,,,,0,0,0,0,0,0,1,1,1947-04-17,,0,4093234,,,,,,,,,,,,,,,
193461,0002000,1,山梨県,ヤマナシケン,Yamanashi,西八代郡,ニシヤツシログン,Nishiyatsushiro-gun,市川三郷町,イチカワミサトチョウ,Ichikawamisato-,,,,寺所,テラドコ,Teradoko,,,,,,,,0,0,0,0,0,0,1,1,1947-04-17,,0,4093232,,,,,,,,,,,,,,,
193461,0003000,1,山梨県,ヤマナシケン,Yamanashi,西八代郡,ニシヤツシログン,Nishiyatsushiro-gun,市川三郷町,イチカワミサトチョウ,Ichikawamisato-,,,,五八,ゴハチ,Gohachi,,,,,,,,0,0,0,0,0,0,1,1,1947-04-17,,0,4093233,,,,,,,,,,,,,,,
193461,0004000,1,山梨県,ヤマナシケン,Yamanashi,西八代郡,ニシヤツシログン,Nishiyatsushiro-gun,市川三郷町,イチカワミサトチョウ,Ichikawamisato-,,,,落居,オチイ,Ochii,,,,,,,,0,0,0,0,0,0,1,1,1947-04-17,,0,4093231,,,,,,,,,,,,,,,
193461,0005000,1,山梨県,ヤマナシケン,Yamanashi,西八代郡,ニシヤツシログン,Nishiyatsushiro-gun,市川三郷町,イチカワミサトチョウ,Ichikawamisato-,,,,葛篭沢,ツヅラサワ,Tsuzurasawa,,,,,,,,0,0,0,0,0,0,1,1,1947-04-17,,0,4093241,,MJ022336_*_*,,,,,,,,,,,,,
193461,0006000,1,山梨県,ヤマナシケン,Yamanashi,西八代郡,ニシヤツシログン,Nishiyatsushiro-gun,市川三郷町,イチカワミサトチョウ,Ichikawamisato-,,,,岩間,イワマ,Iwama,,,,,,,,0,0,0,0,0,0,1,1,1947-04-17,,0,4093244,,,,,,,,,,,,,,,
193461,0007000,1,山梨県,ヤマナシケン,Yamanashi,西八代郡,ニシヤツシログン,Nishiyatsushiro-gun,市川三郷町,イチカワミサトチョウ,Ichikawamisato-,,,,市川大門,イチカワダイモン,Ichikawadaimon,,,,,,,,0,0,0,0,0,0,1,1,1947-04-17,,0,4093601,,,,,,,,,,,,,,,
193461,0008000,1,山梨県,ヤマナシケン,Yamanashi,西八代郡,ニシヤツシログン,Nishiyatsushiro-gun,市川三郷町,イチカワミサトチョウ,Ichikawamisato-,,,,高田,タカタ,Takata,,,,,,,,0,0,0,0,0,0,1,1,1947-04-17,,0,4093606,,,,,,,,,,,,,,,
193461,0009000,1,山梨県,ヤマナシケン,Yamanashi,西八代郡,ニシヤツシログン,Nishiyatsushiro-gun,市川三郷町,イチカワミサトチョウ,Ichikawamisato-,,,,山保,ヤマホ,Yamaho,,,,,,,,0,0,0,0,0,0,1,1,1947-04-17,,0,4093602,,,,,,,,,,,,,,,
193461,0010000,1,山梨県,ヤマナシケン,Yamanashi,西八代郡,ニシヤツシログン,Nishiyatsushiro-gun,市川三郷町,イチカワミサトチョウ,Ichikawamisato-,,,,印沢,インザワ,Inzawa,,,,,,,,0,0,0,0,0,0,1,1,1947-04-17,,0,4093607,,,,,,,,,,,,,,,
193461,0011000,1,山梨県,ヤマナシケン,Yamanashi,西八代郡,ニシヤツシログン,Nishiyatsushiro-gun,市川三郷町,イチカワミサトチョウ,Ichikawamisato-,,,,楠甫,クスホ,Kusuho,,,,,,,,0,0,0,0,0,0,1,1,1947-04-17,,0,4093245,,,,,,,,,,,,,,,
193461,0012000,1,山梨県,ヤマナシケン,Yamanashi,西八代郡,ニシヤツシログン,Nishiyatsushiro-gun,市川三郷町,イチカワミサトチョウ,Ichikawamisato-,,,,宮原,ミヤバラ,Miyabara,,,,,,,,0,0,0,0,0,0,1,1,1947-04-17,,0,4093242,,,,,,,,,,,,,,,
193461,0013000,1,山梨県,ヤマナシケン,Yamanashi,西八代郡,ニシヤツシログン,Nishiyatsushiro-gun,市川三郷町,イチカワミサトチョウ,Ichikawamisato-,,,,鴨狩津向,カモガリツムギ,Kamogaritsumugi,,,,,,,,0,0,0,0,0,0,1,1,1947-04-17,,0,4093243,,,,,,,,,,,,,,,
193461,0014000,1,山梨県,ヤマナシケン,Yamanashi,西八代郡,ニシヤツシログン,Nishiyatsushiro-gun,市川三郷町,イチカワミサトチョウ,Ichikawamisato-,,,,三帳,サンチョウ,Sancho,,,,,,,,0,0,0,0,0,0,1,1,1947-04-17,,0,4093622,,,,,,,,,,,,,,,
193461,0015000,1,山梨県,ヤマナシケン,Yamanashi,西八代郡,ニシヤツシログン,Nishiyatsushiro-gun,市川三郷町,イチカワミサトチョウ,Ichikawamisato-,,,,垈,ヌタ,Nuta,,,,,,,,0,0,0,0,0,0,1,1,1947-04-17,,0,4093624,,,,,,,,,,,,,,,
193461,0016000,1,山梨県,ヤマナシケン,Yamanashi,西八代郡,ニシヤツシログン,Nishiyatsushiro-gun,市川三郷町,イチカワミサトチョウ,Ichikawamisato-,,,,高萩,タカハギ,Takahagi,,,,,,,,0,0,0,0,0,0,1,1,1947-04-17,,0,4093623,,,,,,,,,,,,,,,
193461,0017000,1,山梨県,ヤマナシケン,Yamanashi,西八代郡,ニシヤツシログン,Nishiyatsushiro-gun,市川三郷町,イチカワミサトチョウ,Ichikawamisato-,,,,畑熊,ハタクマ,Hatakuma,,,,,,,,0,0,0,0,0,0,1,1,1947-04-17,,0,4093626,,,,,,,,,,,,,,,
193461,0018000,1,山梨県,ヤマナシケン,Yamanashi,西八代郡,ニシヤツシログン,Nishiyatsushiro-gun,市川三郷町,イチカワミサトチョウ,Ichikawamisato-,,,,中山,ナカヤマ,Nakayama,,,,,,,,0,0,0,0,0,0,1,1,1947-04-17,,0,4093625,,,,,,,,,,,,,,,
193461,0019000,1,山梨県,ヤマナシケン,Yamanashi,西八代郡,ニシヤツシログン,Nishiyatsushiro-gun,市川三郷町,イチカワミサトチョウ,Ichikawamisato-,,,,下芦川,シモアシガワ,Shimoashigawa,,,,,,,,0,0,0,0,0,0,1,1,1947-04-17,,0,4093621,,,,,,,,,,,,,,,
193461,0020000,1,山梨県,ヤマナシケン,Yamanashi,西八代郡,ニシヤツシログン,Nishiyatsushiro-gun,市川三郷町,イチカワミサトチョウ,Ichikawamisato-,,,,大塚,オオツカ,Otsuka,,,,,,,,0,0,0,0,0,0,1,1,1947-04-17,,0,4093611,,,,,,,,,,,,,,,
193461,0021000,1,山梨県,ヤマナシケン,Yamanashi,西八代郡,ニシヤツシログン,Nishiyatsushiro-gun,市川三郷町,イチカワミサトチョウ,Ichikawamisato-,,,,上野,ウエノ,Ueno,,,,,,,,0,0,0,0,0,0,1,1,1947-04-17,,0,4093612,,,,,,,,,,,,,,,
193461,0022000,1,山梨県,ヤマナシケン,Yamanashi,西八代郡,ニシヤツシログン,Nishiyatsushiro-gun,市川三郷町,イチカワミサトチョウ,Ichikawamisato-,,,,八之尻,ハチノシリ,Hachinoshiri,,,,,,,,0,0,0,0,0,0,1,1,1947-04-17,,0,4093604,,,,,,,,,,,,,,,
193461,0023000,1,山梨県,ヤマナシケン,Yamanashi,西八代郡,ニシヤツシログン,Nishiyatsushiro-gun,市川三郷町,イチカワミサトチョウ,Ichikawamisato-,,,,下大鳥居,シモオオドリイ,Shimoodorii,,,,,,,,0,0,0,0,0,0,1,1,1947-04-17,,0,4093605,,,,,,,,,,,,,,,
193461,0024000,1,山梨県,ヤマナシケン,Yamanashi,西八代郡,ニシヤツシログン,Nishiyatsushiro-gun,市川三郷町,イチカワミサトチョウ,Ichikawamisato-,,,,黒沢,クロサワ,Kurozawa,,,,,,,,0,0,0,0,0,0,1,1,1947-04-17,,0,4093603,,,,,,,,,,,,,,,
193640,0001000,1,山梨県,ヤマナシケン,Yamanashi,南巨摩郡,ミナミコマグン,Minamikoma-gun,早川町,ハヤカワチョウ,Hayakawa-cho,,,,薬袋,ミナイ,Minai,,,,,,,,0,0,0,0,0,0,1,1,1947-04-17,,0,4092727,,,,,,,,,,,,,,,
193640,0002000,1,山梨県,ヤマナシケン,Yamanashi,南巨摩郡,ミナミコマグン,Minamikoma-gun,早川町,ハヤカワチョウ,Hayakawa-cho,,,,赤沢,アカサワ,Akasawa,,,,,,,,0,0,0,0,0,0,1,1,1947-04-17,,0,4092733,,,,,,,,,,,,,,,
193640,0003000,1,山梨県,ヤマナシケン,Yamanashi,南巨摩郡,ミナミコマグン,Minamikoma-gun,早川町,ハヤカワチョウ,Hayakawa-cho,,,,千須和,センズワ,Senzuwa,,,,,,,,0,0,0,0,0,0,1,1,1947-04-17,,0,4092726,,,,,,,,,,,,,,,
193640,0004000,1,山梨県,ヤマナシケン,Yamanashi,南巨摩郡,ミナミコマグン,Minamikoma-gun,早川町,ハヤカワチョウ,Hayakawa-cho,,,,高住,コウジュウ,Koju,,,,,,,,0,0,0,0,0,0,1,1,1947-04-17,,0,4092732,,,,,,,,,,,,,,,
193640,0005000,1,山梨県,ヤマナシケン,Yamanashi,南巨摩郡,ミナミコマグン,Minamikoma-gun,早川町,ハヤカワチョウ,Hayakawa-cho,,,,雨畑,アメハタ,Amehata,,,,,,,,0,0,0,0,0,0,1,1,1947-04-17,,0,4092734,,,,,,,,,,,,,,,
193640,0006000,1,山梨県,ヤマナシケン,Yamanashi,南巨摩郡,ミナミコマグン,Minamikoma-gun,早川町,ハヤカワチョウ,Hayakawa-cho,,,,小縄,コナワ,Konawa,,,,,,,,0,0,0,0,0,0,1,1,1947-04-17,,0,4092725,,,,,,,,,,,,,,,
193640,0007000,1,山梨県,ヤマナシケン,Yamanashi,南巨摩郡,ミナミコマグン,Minamikoma-gun,早川町,ハヤカワチョウ,Hayakawa-cho,,,,初鹿島,ハジカジマ,Hajikajima,,,,,,,,0,0,0,0,0,0,1,1,1947-04-17,,0,4092724,,,,,,,,,,,,,,,
193640,0008000,1,山梨県,ヤマナシケン,Yamanashi,南巨摩郡,ミナミコマグン,Minamikoma-gun,早川町,ハヤカワチョウ,Hayakawa-cho,,,,塩之上,シオノウエ,Shionoe,,,,,,,,0,0,0,0,0,0,1,1,1947-04-17,,0,4092721,,,,,,,,,,,,,,,
193640,0009000,1,山梨県,ヤマナシケン,Yamanashi,南巨摩郡,ミナミコマグン,Minamikoma-gun,早川町,ハヤカワチョウ,Hayakawa-cho,,,,早川,ハヤカワ,Hayakawa,,,,,,,,0,0,0,0,0,0,1,1,1947-04-17,,0,4092705,,,,,,,,,,,,,,,
193640,0010000,1,山梨県,ヤマナシケン,Yamanashi,南巨摩郡,ミナミコマグン,Minamikoma-gun,早川町,ハヤカワチョウ,Hayakawa-cho,,,,保,ホ,Ho,,,,,,,,0,0,0,0,0,0,1,1,1947-04-17,,0,4092713,,,,,,,,,,,,,,,
193640,0011000,1,山梨県,ヤマナシケン,Yamanashi,南巨摩郡,ミナミコマグン,Minamikoma-gun,早川町,ハヤカワチョウ,Hayakawa-cho,,,,大島,オオシマ,Oshima,,,,,,,,0,0,0,0,0,0,1,1,1947-04-17,,0,4092731,,,,,,,,,,,,,,,
193640,0012000,1,山梨県,ヤマナシケン,Yamanashi,南巨摩郡,ミナミコマグン,Minamikoma-gun,早川町,ハヤカワチョウ,Hayakawa-cho,,,,大原野,オオハラノ,Oharano,,,,,,,,0,0,0,0,0,0,1,1,1947-04-17,,0,4092704,,,,,,,,,,,,,,,
193640,0013000,1,山梨県,ヤマナシケン,Yamanashi,南巨摩郡,ミナミコマグン,Minamikoma-gun,早川町,ハヤカワチョウ,Hayakawa-cho,,,,黒桂,ツヅラ,Tsuzura,,,,,,,,0,0,0,0,0,0,1,1,1947-04-17,,0,4092711,,,,,,,,,,,,,,,
193640,0014000,1,山梨県,ヤマナシケン,Yamanashi,南巨摩郡,ミナミコマグン,Minamikoma-gun,早川町,ハヤカワチョウ,Hayakawa-cho,,,,湯島,ユジマ,Yujima,,,,,,,,0,0,0,0,0,0,1,1,1947-04-17,,0,4092702,,,,,,,,,,,,,,,
193640,0015000,1,山梨県,ヤマナシケン,Yamanashi,南巨摩郡,ミナミコマグン,Minamikoma-gun,早川町,ハヤカワチョウ,Hayakawa-cho,,,,新倉,アラクラ,Arakura,,,,,,,,0,0,0,0,0,0,1,1,1947-04-17,,0,4092703,,,,,,,,,,,,,,,
193640,0016000,1,山梨県,ヤマナシケン,Yamanashi,南巨摩郡,ミナミコマグン,Minamikoma-gun,早川町,ハヤカワチョウ,Hayakawa-cho,,,,奈良田,ナラダ,Narada,,,,,,,,0,0,0,0,0,0,1,1,1947-04-17,,0,4092701,,,,,,,,,,,,,,,
193640,0017000,1,山梨県,ヤマナシケン,Yamanashi,南巨摩郡,ミナミコマグン,Minamikoma-gun,早川町,ハヤカワチョウ,Hayakawa-cho,,,,笹走,ササバシリ,Sasabashiri,,,,,,,,0,0,0,0,0,0,1,1,1947-04-17,,0,4092722,,,,,,,,,,,,,,,
193640,0018000,1,山梨県,ヤマナシケン,Yamanashi,南巨摩郡,ミナミコマグン,Minamikoma-gun,早川町,ハヤカワチョウ,Hayakawa-cho,,,,榑坪,クレツボ,Kuretsubo,,,,,,,,0,0,0,0,0,0,1,1,1947-04-17,,0,4092723,,,,,,,,,,,,,,,
193640,0019000,1,山梨県,ヤマナシケン,Yamanashi,南巨摩郡,ミナミコマグン,Minamikoma-gun,早川町,ハヤカワチョウ,Hayakawa-cho,,,,草塩,クサシオ,Kusashio,,,,,,,,0,0,0,0,0,0,1,1,1947-04-17,,0,4092714,,,,,,,,,,,,,,,
193640,0021000,1,山梨県,ヤマナシケン,Yamanashi,南巨摩郡,ミナミコマグン,Minamikoma-gun,早川町,ハヤカワチョウ,Hayakawa-cho,,,,西之宮,ニシノミヤ,Nishinomiya,,,,,,,,0,0,0,0,0,0,1,1,1947-04-17,,0,4092712,,,,,,,,,,,,,,,
193640,0022000,1,山梨県,ヤマナシケン,Yamanashi,南巨摩郡,ミナミコマグン,Minamikoma-gun,早川町,ハヤカワチョウ,Hayakawa-cho,,,,京ヶ島,キョウガシマ,,,,,,,,,0,0,0,0,0,0,1,0,1947-04-17,,1,,,,,,,,,,,,,,,,
193658,0001000,1,山梨県,ヤマナシケン,Yamanashi,南巨摩郡,ミナミコマグン,Minamikoma-gun,身延町,ミノブチョウ,Minobu-cho,,,,大城,オオジロ,Ojiro,,,,,,,,0,0,0,0,0,0,1,1,1947-04-17,,0,4092537,,,,,,,,,,,,,,,
193658,0002000,1,山梨県,ヤマナシケン,Yamanashi,南巨摩郡,ミナミコマグン,Minamikoma-gun,身延町,ミノブチョウ,Minobu-cho,,,,相又,アイマタ,Aimata,,,,,,,,0,0,0,0,0,0,1,1,1947-04-17,,0,4092536,,,,,,,,,,,,,,,
193658,0003000,1,山梨県,ヤマナシケン,Yamanashi,南巨摩郡,ミナミコマグン,Minamikoma-gun,身延町,ミノブチョウ,Minobu-cho,,,,横根中,ヨコネナカ,Yokonenaka,,,,,,,,0,0,0,0,0,0,1,1,1947-04-17,,0,4092535,,,,,,,,,,,,,,,
193658,0004000,1,山梨県,ヤマナシケン,Yamanashi,南巨摩郡,ミナミコマグン,Minamikoma-gun,身延町,ミノブチョウ,Minobu-cho,,,,大垈,オオヌタ,Onuta,,,,,,,,0,0,0,0,0,0,1,1,1947-04-17,,0,4092404,,,,,,,,,,,,,,,
193658,0005000,1,山梨県,ヤマナシケン,Yamanashi,南巨摩郡,ミナミコマグン,Minamikoma-gun,身延町,ミノブチョウ,Minobu-cho,,,,椿草里,ツバキゾウリ,Tsubakizori,,,,,,,,0,0,0,0,0,0,1,1,1947-04-17,,0,4092405,,,,,,,,,,,,,,,
193658,0006000,1,山梨県,ヤマナシケン,Yamanashi,南巨摩郡,ミナミコマグン,Minamikoma-gun,身延町,ミノブチョウ,Minobu-cho,,,,樋之上,ヒノウエ,Hinoe,,,,,,,,0,0,0,0,0,0,1,1,1947-04-17,,0,4092414,,MJ014417_*_*,,,,,,,,,,,,,
193658,0007000,1,山梨県,ヤマナシケン,Yamanashi,南巨摩郡,ミナミコマグン,Minamikoma-gun,身延町,ミノブチョウ,Minobu-cho,,,,大島,オオシマ,Oshima,,,,,,,,0,0,0,0,0,0,1,1,1947-04-17,,0,4092415,,,,,,,,,,,,,,,
193658,0008000,1,山梨県,ヤマナシケン,Yamanashi,南巨摩郡,ミナミコマグン,Minamikoma-gun,身延町,ミノブチョウ,Minobu-cho,,,,清子,セイゴ,Seigo,,,,,,,,0,0,0,0,0,0,1,1,1947-04-17,,0,4092533,,,,,,,,,,,,,,,
193658,0009000,1,山梨県,ヤマナシケン,Yamanashi,南巨摩郡,ミナミコマグン,Minamikoma-gun,身延町,ミノブチョウ,Minobu-cho,,,,湯之奥,ユノオク,Yunoku,,,,,,,,0,0,0,0,0,0,1,1,1947-04-17,,0,4092941,,,,,,,,,,,,,,,
193658,0010000,1,山梨県,ヤマナシケン,Yamanashi,南巨摩郡,ミナミコマグン,Minamikoma-gun,身延町,ミノブチョウ,Minobu-cho,,,,常葉,トキワ,Tokiwa,,,,,,,,0,0,0,0,0,0,1,1,1947-04-17,,0,4092936,,,,,,,,,,,,,,,
193658,0011000,1,山梨県,ヤマナシケン,Yamanashi,南巨摩郡,ミナミコマグン,Minamikoma-gun,身延町,ミノブチョウ,Minobu-cho,,,,杉山,スギヤマ,Sugiyama,,,,,,,,0,0,0,0,0,0,1,1,1947-04-17,,0,4092932,,,,,,,,,,,,,,,
193658,0012000,1,山梨県,ヤマナシケン,Yamanashi,南巨摩郡,ミナミコマグン,Minamikoma-gun,身延町,ミノブチョウ,Minobu-cho,,,,嶺,ミネ,Mine,,,,,,,,0,0,0,0,0,0,1,1,1947-04-17,,0,4093125,,,,,,,,,,,,,,,
193658,0013000,1,山梨県,ヤマナシケン,Yamanashi,南巨摩郡,ミナミコマグン,Minamikoma-gun,身延町,ミノブチョウ,Minobu-cho,,,,粟倉,アワグラ,Awagura,,,,,,,,0,0,0,0,0,0,1,1,1947-04-17,,0,4092521,,,,,,,,,,,,,,,
193658,0014000,1,山梨県,ヤマナシケン,Yamanashi,南巨摩郡,ミナミコマグン,Minamikoma-gun,身延町,ミノブチョウ,Minobu-cho,,,,下山,シモヤマ,Shimoyama,,,,,,,,0,0,0,0,0,0,1,1,1947-04-17,,0,4092522,,,,,,,,,,,,,,,
193658,0015000,1,山梨県,ヤマナシケン,Yamanashi,南巨摩郡,ミナミコマグン,Minamikoma-gun,身延町,ミノブチョウ,Minobu-cho,,,,波高島,ハダカジマ,Hadakajima,,,,,,,,0,0,0,0,0,0,1,1,1947-04-17,,0,4092945,,*_MJ028902_*,,,,,,,,,,,,,
193658,0016000,1,山梨県,ヤマナシケン,Yamanashi,南巨摩郡,ミナミコマグン,Minamikoma-gun,身延町,ミノブチョウ,Minobu-cho,,,,上之平,ウエノタイラ,Uenotaira,,,,,,,,0,0,0,0,0,0,1,1,1947-04-17,,0,4092947,,,,,,,,,,,,,,,
193658,0017000,1,山梨県,ヤマナシケン,Yamanashi,南巨摩郡,ミナミコマグン,Minamikoma-gun,身延町,ミノブチョウ,Minobu-cho,,,,下部,シモベ,Shimobe,,,,,,,,0,0,0,0,0,0,1,1,1947-04-17,,0,4092942,,,,,,,,,,,,,,,
193658,0018000,1,山梨県,ヤマナシケン,Yamanashi,南巨摩郡,ミナミコマグン,Minamikoma-gun,身延町,ミノブチョウ,Minobu-cho,,,,清沢,キヨザワ,Kiyozawa,,,,,,,,0,0,1,0,0,0,0,1,1947-04-17,,0,4092935,,,,,,,,,,,,,,,
193658,0019000,1,山梨県,ヤマナシケン,Yamanashi,南巨摩郡,ミナミコマグン,Minamikoma-gun,身延町,ミノブチョウ,Minobu-cho,,,,大炊平,オイダイラ,Oidaira,,,,,,,,0,0,0,0,0,0,1,1,1947-04-17,,0,4092934,,,,,,,,,,,,,,,
193658,0020000,1,山梨県,ヤマナシケン,Yamanashi,南巨摩郡,ミナミコマグン,Minamikoma-gun,身延町,ミノブチョウ,Minobu-cho,,,,岩欠,イワカケ,Iwakake,,,,,,,,0,0,0,0,0,0,1,1,1947-04-17,,0,4092933,,,,,,,,,,,,,,,
193658,0021000,1,山梨県,ヤマナシケン,Yamanashi,南巨摩郡,ミナミコマグン,Minamikoma-gun,身延町,ミノブチョウ,Minobu-cho,,,,北川,キタガワ,Kitagawa,,,,,,,,0,0,0,0,0,0,1,1,1947-04-17,,0,4092931,,,,,,,,,,,,,,,
193658,0022000,1,山梨県,ヤマナシケン,Yamanashi,南巨摩郡,ミナミコマグン,Minamikoma-gun,身延町,ミノブチョウ,Minobu-cho,,,,切房木,キリフサギ,Kirifusagi,,,,,,,,0,0,0,0,0,0,1,1,1947-04-17,,0,4093115,,,,,,,,,,,,,,,
193658,0023000,1,山梨県,ヤマナシケン,Yamanashi,南巨摩郡,ミナミコマグン,Minamikoma-gun,身延町,ミノブチョウ,Minobu-cho,,,,熊澤,クマザワ,Kumazawa,,,,,,,,0,0,0,0,0,0,1,1,1947-04-17,,0,4093123,,*_MJ016003,,,,,,,,,,,,,
193658,0024000,1,山梨県,ヤマナシケン,Yamanashi,南巨摩郡,ミナミコマグン,Minamikoma-gun,身延町,ミノブチョウ,Minobu-cho,,,,久保,クボ,Kubo,,,,,,,,0,0,0,0,0,0,1,1,1947-04-17,,0,4093122,,MJ006378_*,,,,,,,,,,,,,
193658,0025000,1,山梨県,ヤマナシケン,Yamanashi,南巨摩郡,ミナミコマグン,Minamikoma-gun,身延町,ミノブチョウ,Minobu-cho,,,,大山,オオヤマ,Oyama,,,,,,,,0,0,0,0,0,0,1,1,1947-04-17,,0,4093121,,,,,,,,,,,,,,,
193658,0026000,1,山梨県,ヤマナシケン,Yamanashi,南巨摩郡,ミナミコマグン,Minamikoma-gun,身延町,ミノブチョウ,Minobu-cho,,,,大磯小磯,オオイソコイソ,Oisokoiso,,,,,,,,0,0,0,0,0,0,1,1,1947-04-17,,0,4093111,,,,,,,,,,,,,,,
193658,0027000,1,山梨県,ヤマナシケン,Yamanashi,南巨摩郡,ミナミコマグン,Minamikoma-gun,身延町,ミノブチョウ,Minobu-cho,,,,根子,ネッコ,Nekko,,,,,,,,0,0,0,0,0,0,1,1,1947-04-17,,0,4093103,,,,,,,,,,,,,,,
193658,0028000,1,山梨県,ヤマナシケン,Yamanashi,南巨摩郡,ミナミコマグン,Minamikoma-gun,身延町,ミノブチョウ,Minobu-cho,,,,折門,オリカド,Orikado,,,,,,,,0,0,0,0,0,0,1,1,1947-04-17,,0,4093101,,,,,,,,,,,,,,,
193658,0029000,1,山梨県,ヤマナシケン,Yamanashi,南巨摩郡,ミナミコマグン,Minamikoma-gun,身延町,ミノブチョウ,Minobu-cho,,,,八坂,ハッサカ,Hassaka,,,,,,,,0,0,0,0,0,0,1,1,1947-04-17,,0,4093102,,,,,,,,,,,,,,,
193658,0030000,1,山梨県,ヤマナシケン,Yamanashi,南巨摩郡,ミナミコマグン,Minamikoma-gun,身延町,ミノブチョウ,Minobu-cho,,,,光子沢,ミツゴサワ,Mitsugozawa,,,,,,,,0,0,0,0,0,0,1,1,1947-04-17,,0,4092534,,,,,,,,,,,,,,,
193658,0031000,1,山梨県,ヤマナシケン,Yamanashi,南巨摩郡,ミナミコマグン,Minamikoma-gun,身延町,ミノブチョウ,Minobu-cho,,,,大崩,オオクズレ,Okuzure,,,,,,,,0,0,0,0,0,0,1,1,1947-04-17,,0,4092406,,,,,,,,,,,,,,,
193658,0032000,1,山梨県,ヤマナシケン,Yamanashi,南巨摩郡,ミナミコマグン,Minamikoma-gun,身延町,ミノブチョウ,Minobu-cho,,,,和田,ワダ,Wada,,,,,,,,0,0,0,0,0,0,1,1,1947-04-17,,0,4092413,,,,,,,,,,,,,,,
193658,0033000,1,山梨県,ヤマナシケン,Yamanashi,南巨摩郡,ミナミコマグン,Minamikoma-gun,身延町,ミノブチョウ,Minobu-cho,,,,角打,ツノウチ,Tsunochi,,,,,,,,0,0,0,0,0,0,1,1,1947-04-17,,0,4092412,,,,,,,,,,,,,,,
193658,0034000,1,山梨県,ヤマナシケン,Yamanashi,南巨摩郡,ミナミコマグン,Minamikoma-gun,身延町,ミノブチョウ,Minobu-cho,,,,大野,オオノ,Ono,,,,,,,,0,0,0,0,0,0,1,1,1947-04-17,,0,4092532,,,,,,,,,,,,,,,
193658,0035000,1,山梨県,ヤマナシケン,Yamanashi,南巨摩郡,ミナミコマグン,Minamikoma-gun,身延町,ミノブチョウ,Minobu-cho,,,,門野,カドノ,Kadono,,,,,,,,0,0,0,0,0,0,1,1,1947-04-17,,0,4092538,,,,,,,,,,,,,,,
193658,0036000,1,山梨県,ヤマナシケン,Yamanashi,南巨摩郡,ミナミコマグン,Minamikoma-gun,身延町,ミノブチョウ,Minobu-cho,,,,梅平,ウメダイラ,Umedaira,,,,,,,,0,0,0,0,0,0,1,1,1947-04-17,,0,4092531,,,,,,,,,,,,,,,
193658,0037000,1,山梨県,ヤマナシケン,Yamanashi,南巨摩郡,ミナミコマグン,Minamikoma-gun,身延町,ミノブチョウ,Minobu-cho,,,,小田船原,オダフナハラ,Odafunahara,,,,,,,,0,0,0,0,0,0,1,1,1947-04-17,,0,4092539,,*_*_MJ021402_*,,,,,,,,,,,,,
193658,0038000,1,山梨県,ヤマナシケン,Yamanashi,南巨摩郡,ミナミコマグン,Minamikoma-gun,身延町,ミノブチョウ,Minobu-cho,,,,丸滝,マルタキ,Marutaki,,,,,,,,0,0,0,0,0,0,1,1,1947-04-17,,0,4092411,,,,,,,,,,,,,,,
193658,0039000,1,山梨県,ヤマナシケン,Yamanashi,南巨摩郡,ミナミコマグン,Minamikoma-gun,身延町,ミノブチョウ,Minobu-cho,,,,波木井,ハキイ,Hakii,,,,,,,,0,0,0,0,0,0,1,1,1947-04-17,,0,4092523,,,,,,,,,,,,,,,
193658,0040000,1,山梨県,ヤマナシケン,Yamanashi,南巨摩郡,ミナミコマグン,Minamikoma-gun,身延町,ミノブチョウ,Minobu-cho,,,,桃ケ窪,モモガクボ,Momogakubo,,,,,,,,0,0,0,0,0,0,1,1,1947-04-17,,0,4092944,,,,,,,,,,,,,,,
193658,0041000,1,山梨県,ヤマナシケン,Yamanashi,南巨摩郡,ミナミコマグン,Minamikoma-gun,身延町,ミノブチョウ,Minobu-cho,,,,川向,カワムキ,Kawamuki,,,,,,,,0,0,0,0,0,0,1,1,1947-04-17,,0,4092943,,,,,,,,,,,,,,,
193658,0042000,1,山梨県,ヤマナシケン,Yamanashi,南巨摩郡,ミナミコマグン,Minamikoma-gun,身延町,ミノブチョウ,Minobu-cho,,,,帯金,オビガネ,Obikane,,,,,,,,0,0,0,0,0,0,1,1,1947-04-17,,0,4092403,,,,,,,,,,,,,,,
193658,0043000,1,山梨県,ヤマナシケン,Yamanashi,南巨摩郡,ミナミコマグン,Minamikoma-gun,身延町,ミノブチョウ,Minobu-cho,,,,下八木沢,シモヤギサワ,Shimoyagisawa,,,,,,,,0,0,0,0,0,0,1,1,1947-04-17,,0,4092402,,,,,,,,,,,,,,,
193658,0044000,1,山梨県,ヤマナシケン,Yamanashi,南巨摩郡,ミナミコマグン,Minamikoma-gun,身延町,ミノブチョウ,Minobu-cho,,,,上八木沢,カミヤギサワ,Kamiyagisawa,,,,,,,,0,0,0,0,0,0,1,1,1947-04-17,,0,4092401,,,,,,,,,,,,,,,
193658,0045000,1,山梨県,ヤマナシケン,Yamanashi,南巨摩郡,ミナミコマグン,Minamikoma-gun,身延町,ミノブチョウ,Minobu-cho,,,,身延,ミノブ,Minobu,,,,,,,,0,0,0,0,0,0,1,1,1947-04-17,,0,4092524,,,,,,,,,,,,,,,
193658,0046000,1,山梨県,ヤマナシケン,Yamanashi,南巨摩郡,ミナミコマグン,Minamikoma-gun,身延町,ミノブチョウ,Minobu-cho,,,,釜額,カマヒタイ,Kamahitai,,,,,,,,0,0,0,0,0,0,1,1,1947-04-17,,0,4093105,,,,,,,,,,,,,,,
193658,0047000,1,山梨県,ヤマナシケン,Yamanashi,南巨摩郡,ミナミコマグン,Minamikoma-gun,身延町,ミノブチョウ,Minobu-cho,,,,古関,フルセキ,Furuseki,,,,,,,,0,0,0,0,0,0,1,1,1947-04-17,,0,4093106,,,,,,,,,,,,,,,
193658,0048000,1,山梨県,ヤマナシケン,Yamanashi,南巨摩郡,ミナミコマグン,Minamikoma-gun,身延町,ミノブチョウ,Minobu-cho,,,,瀬戸,セト,Seto,,,,,,,,0,0,0,0,0,0,1,1,1947-04-17,,0,4093107,,,,,,,,,,,,,,,
193658,0049000,1,山梨県,ヤマナシケン,Yamanashi,南巨摩郡,ミナミコマグン,Minamikoma-gun,身延町,ミノブチョウ,Minobu-cho,,,,道,ミチ,Michi,,,,,,,,0,0,0,0,0,0,1,1,1947-04-17,,0,4093114,,,,,,,,,,,,,,,
193658,0050000,1,山梨県,ヤマナシケン,Yamanashi,南巨摩郡,ミナミコマグン,Minamikoma-gun,身延町,ミノブチョウ,Minobu-cho,,,,芝草,シバクサ,Shibakusa,,,,,,,,0,0,0,0,0,0,1,1,1947-04-17,,0,4093112,,,,,,,,,,,,,,,
193658,0051000,1,山梨県,ヤマナシケン,Yamanashi,南巨摩郡,ミナミコマグン,Minamikoma-gun,身延町,ミノブチョウ,Minobu-cho,,,,水船,ミズフネ,Mizufune,,,,,,,,0,0,0,0,0,0,1,1,1947-04-17,,0,4093113,,*_MJ021402,,,,,,,,,,,,,
193658,0052000,1,山梨県,ヤマナシケン,Yamanashi,南巨摩郡,ミナミコマグン,Minamikoma-gun,身延町,ミノブチョウ,Minobu-cho,,,,中ノ倉,ナカノクラ,Nakanokura,,,,,,,,0,0,0,0,0,0,1,1,1947-04-17,,0,4093104,,,,,,,,,,,,,,,
193658,0053000,1,山梨県,ヤマナシケン,Yamanashi,南巨摩郡,ミナミコマグン,Minamikoma-gun,身延町,ミノブチョウ,Minobu-cho,,,,梨子,ナシゴ,Nashigo,,,,,,,,0,0,0,0,0,0,1,1,1947-04-17,,0,4093435,,,,,,,,,,,,,,,
193658,0054000,1,山梨県,ヤマナシケン,Yamanashi,南巨摩郡,ミナミコマグン,Minamikoma-gun,身延町,ミノブチョウ,Minobu-cho,,,,古長谷,フルハセ,Furuhase,,,,,,,,0,0,0,0,0,0,1,1,1947-04-17,,0,4093437,,,,,,,,,,,,,,,
193658,0055000,1,山梨県,ヤマナシケン,Yamanashi,南巨摩郡,ミナミコマグン,Minamikoma-gun,身延町,ミノブチョウ,Minobu-cho,,,,江尻窪,エジリクボ,Ejirikubo,,,,,,,,0,0,0,0,0,0,1,1,1947-04-17,,0,4093434,,,,,,,,,,,,,,,
193658,0056000,1,山梨県,ヤマナシケン,Yamanashi,南巨摩郡,ミナミコマグン,Minamikoma-gun,身延町,ミノブチョウ,Minobu-cho,,,,遅沢,オソザワ,Osozawa,,,,,,,,0,0,0,0,0,0,1,1,1947-04-17,,0,4093433,,,,,,,,,,,,,,,
193658,0057000,1,山梨県,ヤマナシケン,Yamanashi,南巨摩郡,ミナミコマグン,Minamikoma-gun,身延町,ミノブチョウ,Minobu-cho,,,,八日市場,ヨウカイチバ,Yokaichiba,,,,,,,,0,0,0,0,0,0,1,1,1947-04-17,,0,4093421,,,,,,,,,,,,,,,
193658,0058000,1,山梨県,ヤマナシケン,Yamanashi,南巨摩郡,ミナミコマグン,Minamikoma-gun,身延町,ミノブチョウ,Minobu-cho,,,,伊沼,イヌマ,Inuma,,,,,,,,0,0,0,0,0,0,1,1,1947-04-17,,0,4093424,,,,,,,,,,,,,,,
193658,0059000,1,山梨県,ヤマナシケン,Yamanashi,南巨摩郡,ミナミコマグン,Minamikoma-gun,身延町,ミノブチョウ,Minobu-cho,,,,切石,キリイシ,Kiriishi,,,,,,,,0,0,0,0,0,0,1,1,1947-04-17,,0,4093304,,,,,,,,,,,,,,,
193658,0060000,1,山梨県,ヤマナシケン,Yamanashi,南巨摩郡,ミナミコマグン,Minamikoma-gun,身延町,ミノブチョウ,Minobu-cho,,,,福原,フクハラ,Fukuhara,,,,,,,,0,0,0,0,0,0,1,1,1947-04-17,,0,4093436,,,,,,,,,,,,,,,
193658,0061000,1,山梨県,ヤマナシケン,Yamanashi,南巨摩郡,ミナミコマグン,Minamikoma-gun,身延町,ミノブチョウ,Minobu-cho,,,,夜子沢,ヨゴサワ,Yogosawa,,,,,,,,0,0,0,0,0,0,1,1,1947-04-17,,0,4093306,,,,,,,,,,,,,,,
193658,0062000,1,山梨県,ヤマナシケン,Yamanashi,南巨摩郡,ミナミコマグン,Minamikoma-gun,身延町,ミノブチョウ,Minobu-cho,,,,中山,ナカヤマ,Nakayama,,,,,,,,0,0,0,0,0,0,1,1,1947-04-17,,0,4093432,,,,,,,,,,,,,,,
193658,0063000,1,山梨県,ヤマナシケン,Yamanashi,南巨摩郡,ミナミコマグン,Minamikoma-gun,身延町,ミノブチョウ,Minobu-cho,,,,矢細工,ヤサイク,Yasaiku,,,,,,,,0,0,0,0,0,0,1,1,1947-04-17,,0,4093431,,,,,,,,,,,,,,,
193658,0064000,1,山梨県,ヤマナシケン,Yamanashi,南巨摩郡,ミナミコマグン,Minamikoma-gun,身延町,ミノブチョウ,Minobu-cho,,,,寺沢,テラサワ,Terasawa,,,,,,,,0,0,0,0,0,0,1,1,1947-04-17,,0,4093303,,,,,,,,,,,,,,,
193658,0065000,1,山梨県,ヤマナシケン,Yamanashi,南巨摩郡,ミナミコマグン,Minamikoma-gun,身延町,ミノブチョウ,Minobu-cho,,,,日向南沢,ヒナタミナミザワ,Hinataminamizawa,,,,,,,,0,0,0,0,0,0,1,1,1947-04-17,,0,4093307,,,,,,,,,,,,,,,
193658,0066000,1,山梨県,ヤマナシケン,Yamanashi,南巨摩郡,ミナミコマグン,Minamikoma-gun,身延町,ミノブチョウ,Minobu-cho,,,,久成,クナリ,Kunari,,,,,,,,0,0,0,0,0,0,1,1,1947-04-17,,0,4093312,,MJ006378_*,,,,,,,,,,,,,
193658,0067000,1,山梨県,ヤマナシケン,Yamanashi,南巨摩郡,ミナミコマグン,Minamikoma-gun,身延町,ミノブチョウ,Minobu-cho,,,,飯富,イイトミ,Iitomi,,,,,,,,0,0,0,0,0,0,1,1,1947-04-17,,0,4093423,,,,,,,,,,,,,,,
193658,0068000,1,山梨県,ヤマナシケン,Yamanashi,南巨摩郡,ミナミコマグン,Minamikoma-gun,身延町,ミノブチョウ,Minobu-cho,,,,市之瀬,イチノセ,Ichinose,,,,,,,,0,0,0,0,0,0,1,1,1947-04-17,,0,4092938,,,,,,,,,,,,,,,
193658,0069000,1,山梨県,ヤマナシケン,Yamanashi,南巨摩郡,ミナミコマグン,Minamikoma-gun,身延町,ミノブチョウ,Minobu-cho,,,,一色,イッシキ,Isshiki,,,,,,,,0,0,0,0,0,0,1,1,1947-04-17,,0,4092937,,,,,,,,,,,,,,,
193658,0070000,1,山梨県,ヤマナシケン,Yamanashi,南巨摩郡,ミナミコマグン,Minamikoma-gun,身延町,ミノブチョウ,Minobu-cho,,,,宮木,ミヤキ,Miyaki,,,,,,,,0,0,0,0,0,0,1,1,1947-04-17,,0,4093422,,,,,,,,,,,,,,,
193658,0071000,1,山梨県,ヤマナシケン,Yamanashi,南巨摩郡,ミナミコマグン,Minamikoma-gun,身延町,ミノブチョウ,Minobu-cho,,,,車田,クルマダ,Kurumada,,,,,,,,0,0,0,0,0,0,1,1,1947-04-17,,0,4093116,,,,,,,,,,,,,,,
193658,0072000,1,山梨県,ヤマナシケン,Yamanashi,南巨摩郡,ミナミコマグン,Minamikoma-gun,身延町,ミノブチョウ,Minobu-cho,,,,三澤,ミサワ,Misawa,,,,,,,,0,0,0,0,0,0,1,1,1947-04-17,,0,4093117,,*_MJ016003,,,,,,,,,,,,,
193658,0073000,1,山梨県,ヤマナシケン,Yamanashi,南巨摩郡,ミナミコマグン,Minamikoma-gun,身延町,ミノブチョウ,Minobu-cho,,,,手打沢,テウチザワ,Teuchizawa,,,,,,,,0,0,0,0,0,0,1,1,1947-04-17,,0,4093302,,,,,,,,,,,,,,,
193658,0074000,1,山梨県,ヤマナシケン,Yamanashi,南巨摩郡,ミナミコマグン,Minamikoma-gun,身延町,ミノブチョウ,Minobu-cho,,,,西嶋,ニシジマ,Nishijima,,,,,,,,0,0,0,0,0,0,1,1,1947-04-17,,0,4093301,,,,,,,,,,,,,,,
193658,0075000,1,山梨県,ヤマナシケン,Yamanashi,南巨摩郡,ミナミコマグン,Minamikoma-gun,身延町,ミノブチョウ,Minobu-cho,,,,大塩,オオシオ,Oshio,,,,,,,,0,0,0,0,0,0,1,1,1947-04-17,,0,4093311,,,,,,,,,,,,,,,
193658,0076000,1,山梨県,ヤマナシケン,Yamanashi,南巨摩郡,ミナミコマグン,Minamikoma-gun,身延町,ミノブチョウ,Minobu-cho,,,,平須,ヒラス,Hirasu,,,,,,,,0,0,0,0,0,0,1,1,1947-04-17,,0,4093313,,,,,,,,,,,,,,,
193658,0077000,1,山梨県,ヤマナシケン,Yamanashi,南巨摩郡,ミナミコマグン,Minamikoma-gun,身延町,ミノブチョウ,Minobu-cho,,,,大子,ダイゴ,Daigo,,,,,,,,0,0,0,0,0,0,1,1,1947-04-17,,0,4092946,,,,,,,,,,,,,,,
193658,0078000,1,山梨県,ヤマナシケン,Yamanashi,南巨摩郡,ミナミコマグン,Minamikoma-gun,身延町,ミノブチョウ,Minobu-cho,,,,上田原,カミタンバラ,Kamitambara,,,,,,,,0,0,0,0,0,0,1,1,1947-04-17,,0,4093118,,,,,,,,,,,,,,,
193658,0079000,1,山梨県,ヤマナシケン,Yamanashi,南巨摩郡,ミナミコマグン,Minamikoma-gun,身延町,ミノブチョウ,Minobu-cho,,,,下田原,シモタンバラ,Shimotambara,,,,,,,,0,0,0,0,0,0,1,1,1947-04-17,,0,4093305,,,,,,,,,,,,,,,
193658,0080000,1,山梨県,ヤマナシケン,Yamanashi,南巨摩郡,ミナミコマグン,Minamikoma-gun,身延町,ミノブチョウ,Minobu-cho,,,,樋田,トイダ,Toida,,,,,,,,0,0,0,0,0,0,1,1,1947-04-17,,0,4093124,,MJ014417_*,,,,,,,,,,,,,
193658,0081000,1,山梨県,ヤマナシケン,Yamanashi,南巨摩郡,ミナミコマグン,Minamikoma-gun,身延町,ミノブチョウ,Minobu-cho,,,,山家,ヤマガ,Yamaga,,,,,,,,0,0,0,0,0,0,1,1,1947-04-17,,0,4093126,,*_MJ010166,,,,,,,,,,,,,
193658,0082000,1,山梨県,ヤマナシケン,Yamanashi,南巨摩郡,ミナミコマグン,Minamikoma-gun,身延町,ミノブチョウ,Minobu-cho,,,,清澤,キヨザワ,,,,,,,,,0,0,0,0,0,0,1,0,1947-04-17,,0,,,*_MJ016003,,,,,,,,,,,,,
193666,0001000,1,山梨県,ヤマナシケン,Yamanashi,南巨摩郡,ミナミコマグン,Minamikoma-gun,南部町,ナンブチョウ,Nambu-cho,,,,井出,イデ,Ide,,,,,,,,0,0,0,0,0,0,1,1,1947-04-17,,0,4092304,,,,,,,,,,,,,,,
193666,0002000,1,山梨県,ヤマナシケン,Yamanashi,南巨摩郡,ミナミコマグン,Minamikoma-gun,南部町,ナンブチョウ,Nambu-cho,,,,万沢,マンザワ,Manzawa,,,,,,,,0,0,0,0,0,0,1,1,1947-04-17,,0,4092103,,,,,,,,,,,,,,,
193666,0003000,1,山梨県,ヤマナシケン,Yamanashi,南巨摩郡,ミナミコマグン,Minamikoma-gun,南部町,ナンブチョウ,Nambu-cho,,,,福士,フクシ,Fukushi,,,,,,,,0,0,0,0,0,0,1,1,1947-04-17,,0,4092102,,,,,,,,,,,,,,,
193666,0004000,1,山梨県,ヤマナシケン,Yamanashi,南巨摩郡,ミナミコマグン,Minamikoma-gun,南部町,ナンブチョウ,Nambu-cho,,,,下佐野,シモサノ,Shimosano,,,,,,,,0,0,0,0,0,0,1,1,1947-04-17,,0,4092302,,,,,,,,,,,,,,,
193666,0005000,1,山梨県,ヤマナシケン,Yamanashi,南巨摩郡,ミナミコマグン,Minamikoma-gun,南部町,ナンブチョウ,Nambu-cho,,,,楮根,カゾネ,Kazone,,,,,,,,0,0,0,0,0,0,1,1,1947-04-17,,0,4092101,,MJ014228_*,,,,,,,,,,,,,
193666,0006000,1,山梨県,ヤマナシケン,Yamanashi,南巨摩郡,ミナミコマグン,Minamikoma-gun,南部町,ナンブチョウ,Nambu-cho,,,,上佐野,カミサノ,Kamisano,,,,,,,,0,0,0,0,0,0,1,1,1947-04-17,,0,4092301,,,,,,,,,,,,,,,
193666,0007000,1,山梨県,ヤマナシケン,Yamanashi,南巨摩郡,ミナミコマグン,Minamikoma-gun,南部町,ナンブチョウ,Nambu-cho,,,,成島,ナルシマ,Narushima,,,,,,,,0,0,0,0,0,0,1,1,1947-04-17,,0,4092216,,,,,,,,,,,,,,,
193666,0008000,1,山梨県,ヤマナシケン,Yamanashi,南巨摩郡,ミナミコマグン,Minamikoma-gun,南部町,ナンブチョウ,Nambu-cho,,,,十島,トオシマ,Toshima,,,,,,,,0,0,0,0,0,0,1,1,1947-04-17,,0,4092303,,,,,,,,,,,,,,,
193666,0009000,1,山梨県,ヤマナシケン,Yamanashi,南巨摩郡,ミナミコマグン,Minamikoma-gun,南部町,ナンブチョウ,Nambu-cho,,,,大和,オオワ,Owa,,,,,,,,0,0,0,0,0,0,1,1,1947-04-17,,0,4092213,,,,,,,,,,,,,,,
193666,0010000,1,山梨県,ヤマナシケン,Yamanashi,南巨摩郡,ミナミコマグン,Minamikoma-gun,南部町,ナンブチョウ,Nambu-cho,,,,塩沢,シオザワ,Shiozawa,,,,,,,,0,0,0,0,0,0,1,1,1947-04-17,,0,4092214,,,,,,,,,,,,,,,
193666,0011000,1,山梨県,ヤマナシケン,Yamanashi,南巨摩郡,ミナミコマグン,Minamikoma-gun,南部町,ナンブチョウ,Nambu-cho,,,,南部,ナンブ,Nambu,,,,,,,,0,0,0,0,0,0,1,1,1947-04-17,,0,4092212,,,,,,,,,,,,,,,
193666,0012000,1,山梨県,ヤマナシケン,Yamanashi,南巨摩郡,ミナミコマグン,Minamikoma-gun,南部町,ナンブチョウ,Nambu-cho,,,,本郷,ホンゴウ,Hongo,,,,,,,,0,0,0,0,0,0,1,1,1947-04-17,,0,4092217,,,,,,,,,,,,,,,
193666,0013000,1,山梨県,ヤマナシケン,Yamanashi,南巨摩郡,ミナミコマグン,Minamikoma-gun,南部町,ナンブチョウ,Nambu-cho,,,,内船,ウツブナ,Utsubuna,,,,,,,,0,0,0,0,0,0,1,1,1947-04-17,,0,4092305,,*_MJ021402,,,,,,,,,,,,,
193666,0014000,1,山梨県,ヤマナシケン,Yamanashi,南巨摩郡,ミナミコマグン,Minamikoma-gun,南部町,ナンブチョウ,Nambu-cho,,,,中野,ナカノ,Nakano,,,,,,,,0,0,0,0,0,0,1,1,1947-04-17,,0,4092211,,,,,,,,,,,,,,,
193682,0001000,1,山梨県,ヤマナシケン,Yamanashi,南巨摩郡,ミナミコマグン,Minamikoma-gun,富士川町,フジカワチョウ,Fujikawa-cho,,,,十谷,ジッコク,Jikkoku,,,,,,,,0,0,0,0,0,0,1,1,1947-04-17,,0,4000606,,,,,,,,,,,,,,,
193682,0002000,1,山梨県,ヤマナシケン,Yamanashi,南巨摩郡,ミナミコマグン,Minamikoma-gun,富士川町,フジカワチョウ,Fujikawa-cho,,,,鹿島,カシマ,Kashima,,,,,,,,0,0,0,0,0,0,1,1,1947-04-17,,0,4000603,,,,,,,,,,,,,,,
193682,0003000,1,山梨県,ヤマナシケン,Yamanashi,南巨摩郡,ミナミコマグン,Minamikoma-gun,富士川町,フジカワチョウ,Fujikawa-cho,,,,柳川,ヤナガワ,Yanagawa,,,,,,,,0,0,0,0,0,0,1,1,1947-04-17,,0,4000605,,,,,,,,,,,,,,,
193682,0005001,2,山梨県,ヤマナシケン,Yamanashi,南巨摩郡,ミナミコマグン,Minamikoma-gun,富士川町,フジカワチョウ,Fujikawa-cho,,,,駅前通,エキマエドオリ,Ekimaedori,一丁目,１チョウメ,1,,,,,0,0,0,0,0,0,1,1,1947-04-17,,0,,,,,,,,,,,,,,,,
193682,0005002,2,山梨県,ヤマナシケン,Yamanashi,南巨摩郡,ミナミコマグン,Minamikoma-gun,富士川町,フジカワチョウ,Fujikawa-cho,,,,駅前通,エキマエドオリ,Ekimaedori,二丁目,２チョウメ,2,,,,,0,0,0,0,0,0,1,1,1947-04-17,,0,,,,,,,,,,,,,,,,
193682,0006000,1,山梨県,ヤマナシケン,Yamanashi,南巨摩郡,ミナミコマグン,Minamikoma-gun,富士川町,フジカワチョウ,Fujikawa-cho,,,,箱原,ハコバラ,Hakobara,,,,,,,,0,0,0,0,0,0,1,1,1947-04-17,,0,4000604,,,,,,,,,,,,,,,
193682,0007000,1,山梨県,ヤマナシケン,Yamanashi,南巨摩郡,ミナミコマグン,Minamikoma-gun,富士川町,フジカワチョウ,Fujikawa-cho,,,,鳥屋,トヤ,Toya,,,,,,,,0,0,0,0,0,0,1,1,1947-04-17,,0,4000607,,,,,,,,,,,,,,,
193682,0008000,1,山梨県,ヤマナシケン,Yamanashi,南巨摩郡,ミナミコマグン,Minamikoma-gun,富士川町,フジカワチョウ,Fujikawa-cho,,,,長知沢,チョウチザワ,Chochizawa,,,,,,,,0,0,0,0,0,0,1,1,1947-04-17,,0,4000608,,,,,,,,,,,,,,,
193682,0010000,1,山梨県,ヤマナシケン,Yamanashi,南巨摩郡,ミナミコマグン,Minamikoma-gun,富士川町,フジカワチョウ,Fujikawa-cho,,,,大椚,オオクヌギ,Okunugi,,,,,,,,0,0,0,0,0,0,1,1,1947-04-17,,0,4000506,,,,,,,,,,,,,,,
193682,0011000,1,山梨県,ヤマナシケン,Yamanashi,南巨摩郡,ミナミコマグン,Minamikoma-gun,富士川町,フジカワチョウ,Fujikawa-cho,,,,天神中條,テンジンナカジョウ,Tenjinnakajo,,,,,,,,0,0,0,0,0,0,1,1,1947-04-17,,0,4000503,,,,,,,,,,,,,,,
193682,0012000,1,山梨県,ヤマナシケン,Yamanashi,南巨摩郡,ミナミコマグン,Minamikoma-gun,富士川町,フジカワチョウ,Fujikawa-cho,,,,最勝寺,サイショウジ,Saishoji,,,,,,,,0,0,0,0,0,0,1,1,1947-04-17,,0,4000502,,,,,,,,,,,,,,,
193682,0013000,1,山梨県,ヤマナシケン,Yamanashi,南巨摩郡,ミナミコマグン,Minamikoma-gun,富士川町,フジカワチョウ,Fujikawa-cho,,,,小室,コムロ,Komuro,,,,,,,,0,0,0,0,0,0,1,1,1947-04-17,,0,4000512,,,,,,,,,,,,,,,
193682,0014000,1,山梨県,ヤマナシケン,Yamanashi,南巨摩郡,ミナミコマグン,Minamikoma-gun,富士川町,フジカワチョウ,Fujikawa-cho,,,,大久保,オオクボ,Okubo,,,,,,,,0,0,0,0,0,0,1,1,1947-04-17,,0,4000511,,*_MJ006378_*,,,,,,,,,,,,,
193682,0015000,1,山梨県,ヤマナシケン,Yamanashi,南巨摩郡,ミナミコマグン,Minamikoma-gun,富士川町,フジカワチョウ,Fujikawa-cho,,,,長澤,ナガサワ,Nagasawa,,,,,,,,0,0,0,0,0,0,1,1,1947-04-17,,0,4000505,,*_MJ016003,,,,,,,,,,,,,
193682,0016000,1,山梨県,ヤマナシケン,Yamanashi,南巨摩郡,ミナミコマグン,Minamikoma-gun,富士川町,フジカワチョウ,Fujikawa-cho,,,,𣇃米,ツキヨネ,,,,,,,,,0,0,0,0,231C3_*,0,1,1,1947-04-17,,0,,,MJ037700_*,,,,,,,,,,,,,
193682,0017000,1,山梨県,ヤマナシケン,Yamanashi,南巨摩郡,ミナミコマグン,Minamikoma-gun,富士川町,フジカワチョウ,Fujikawa-cho,,,,青柳町,アオヤギマチ,Aoyagimachi,,,,,,,,0,0,0,0,0,0,1,1,1947-04-17,,0,4000501,,,,,,,,,,,,,,,
193682,0018000,1,山梨県,ヤマナシケン,Yamanashi,南巨摩郡,ミナミコマグン,Minamikoma-gun,富士川町,フジカワチョウ,Fujikawa-cho,,,,鰍沢,カジカザワ,Kajikazawa,,,,,,,,0,0,0,0,0,0,1,1,1947-04-17,,0,4000601,,,,,,,,,,,,,,,
193682,0019000,1,山梨県,ヤマナシケン,Yamanashi,南巨摩郡,ミナミコマグン,Minamikoma-gun,富士川町,フジカワチョウ,Fujikawa-cho,,,,小林,コバヤシ,Kobayashi,,,,,,,,0,0,0,0,0,0,1,1,1947-04-17,,0,4000504,,,,,,,,,,,,,,,
193682,0020000,1,山梨県,ヤマナシケン,Yamanashi,南巨摩郡,ミナミコマグン,Minamikoma-gun,富士川町,フジカワチョウ,Fujikawa-cho,,,,高下,タカオリ,Takaori,,,,,,,,0,0,0,0,0,0,1,1,1947-04-17,,0,4000513,,MJ028902_*,,,,,,,,,,,,,
193682,0023000,1,山梨県,ヤマナシケン,Yamanashi,南巨摩郡,ミナミコマグン,Minamikoma-gun,富士川町,フジカワチョウ,Fujikawa-cho,,,,平林,ヒラバヤシ,,,,,,,,,0,0,0,0,0,0,1,0,1947-04-17,,1,,,,,,,,,,,,,,,,
193844,0001000,1,山梨県,ヤマナシケン,Yamanashi,中巨摩郡,ナカコマグン,Nakakoma-gun,昭和町,ショウワチョウ,Showa-cho,,,,清水新居,シミズアライ,Shimizuarai,,,,,,,,0,0,0,0,0,0,1,1,1947-04-17,,0,4093867,,,,,,,,,,,,,,,
193844,0002000,1,山梨県,ヤマナシケン,Yamanashi,中巨摩郡,ナカコマグン,Nakakoma-gun,昭和町,ショウワチョウ,Showa-cho,,,,紙漉阿原,カミスキアワラ,Kamisukiawara,,,,,,,,0,0,0,0,0,0,1,1,1947-04-17,,0,4093861,,,,,,,,,,,,,,,
193844,0003000,1,山梨県,ヤマナシケン,Yamanashi,中巨摩郡,ナカコマグン,Nakakoma-gun,昭和町,ショウワチョウ,Showa-cho,,,,築地新田,ツイジシンデン,Tsuijishinden,,,,,,,,0,0,0,0,0,0,1,1,1947-04-17,,0,4093854,,,,,,,,,,,,,,,
193844,0004000,1,山梨県,ヤマナシケン,Yamanashi,中巨摩郡,ナカコマグン,Nakakoma-gun,昭和町,ショウワチョウ,Showa-cho,,,,押越,オシコシ,Oshikoshi,,,,,,,,0,0,0,0,0,0,1,1,1947-04-17,,0,4093864,,,,,,,,,,,,,,,
193844,0005000,1,山梨県,ヤマナシケン,Yamanashi,中巨摩郡,ナカコマグン,Nakakoma-gun,昭和町,ショウワチョウ,Showa-cho,,,,西条新田,サイジョウシンデン,Saijoshinden,,,,,,,,0,0,0,0,0,0,1,1,1947-04-17,,0,4093865,,,,,,,,,,,,,,,
193844,0006000,1,山梨県,ヤマナシケン,Yamanashi,中巨摩郡,ナカコマグン,Nakakoma-gun,昭和町,ショウワチョウ,Showa-cho,,,,西条,サイジョウ,Saijo,,,,,,,,0,0,0,0,0,0,1,1,1947-04-17,,0,4093866,,,,,,,,,,,,,,,
193844,0007000,1,山梨県,ヤマナシケン,Yamanashi,中巨摩郡,ナカコマグン,Nakakoma-gun,昭和町,ショウワチョウ,Showa-cho,,,,築地新居,ツイジアライ,Tsuijiarai,,,,,,,,0,0,0,0,0,0,1,1,1947-04-17,,0,4093853,,,,,,,,,,,,,,,
193844,0008000,1,山梨県,ヤマナシケン,Yamanashi,中巨摩郡,ナカコマグン,Nakakoma-gun,昭和町,ショウワチョウ,Showa-cho,,,,河東中島,カトウナカジマ,Katonakajima,,,,,,,,0,0,0,0,0,0,1,1,1947-04-17,,0,4093863,,,,,,,,,,,,,,,
193844,0009000,1,山梨県,ヤマナシケン,Yamanashi,中巨摩郡,ナカコマグン,Nakakoma-gun,昭和町,ショウワチョウ,Showa-cho,,,,飯喰,イツクイ,Ikkui,,,,,,,,0,0,0,0,0,0,1,1,1947-04-17,,0,4093852,,,,,,,,,,,,,,,
193844,0010000,1,山梨県,ヤマナシケン,Yamanashi,中巨摩郡,ナカコマグン,Nakakoma-gun,昭和町,ショウワチョウ,Showa-cho,,,,上河東,カミガトウ,Kamigato,,,,,,,,0,0,0,0,0,0,1,1,1947-04-17,,0,4093862,,,,,,,,,,,,,,,
193844,0011000,1,山梨県,ヤマナシケン,Yamanashi,中巨摩郡,ナカコマグン,Nakakoma-gun,昭和町,ショウワチョウ,Showa-cho,,,,河西,カサイ,Kasai,,,,,,,,0,0,0,0,0,0,1,1,1947-04-17,,0,4093851,,,,,,,,,,,,,,,
194221,0000000,4,山梨県,ヤマナシケン,Yamanashi,南都留郡,ミナミツルグン,Minamitsuru-gun,道志村,ドウシムラ,Doshi-mura,,,,,,,,,,,,,,0,0,0,0,0,0,1,1,1947-04-17,,0,,,,,,,,,,,,,,,,
194239,0001000,1,山梨県,ヤマナシケン,Yamanashi,南都留郡,ミナミツルグン,Minamitsuru-gun,西桂町,ニシカツラチョウ,Nishikatsura-cho,,,,倉見,クラミ,Kurami,,,,,,,,0,0,0,0,0,0,1,1,1947-04-17,,0,4030023,,,,,,,,,,,,,,,
194239,0002000,1,山梨県,ヤマナシケン,Yamanashi,南都留郡,ミナミツルグン,Minamitsuru-gun,西桂町,ニシカツラチョウ,Nishikatsura-cho,,,,小沼,オヌマ,Onuma,,,,,,,,0,0,0,0,0,0,1,1,1947-04-17,,0,4030022,,,,,,,,,,,,,,,
194239,0003000,1,山梨県,ヤマナシケン,Yamanashi,南都留郡,ミナミツルグン,Minamitsuru-gun,西桂町,ニシカツラチョウ,Nishikatsura-cho,,,,下暮地,シモクレチ,Shimokurechi,,,,,,,,0,0,0,0,0,0,1,1,1947-04-17,,0,4030021,,,,,,,,,,,,,,,
194247,0001000,1,山梨県,ヤマナシケン,Yamanashi,南都留郡,ミナミツルグン,Minamitsuru-gun,忍野村,オシノムラ,Oshino-mura,,,,内野,ウチノ,Uchino,,,,,,,,0,0,0,0,0,0,1,1,1947-04-17,,0,4010512,,,,,,,,,,,,,,,
194247,0002000,1,山梨県,ヤマナシケン,Yamanashi,南都留郡,ミナミツルグン,Minamitsuru-gun,忍野村,オシノムラ,Oshino-mura,,,,忍草,シボクサ,Shibokusa,,,,,,,,0,0,0,0,0,0,1,1,1947-04-17,,0,4010511,,,,,,,,,,,,,,,
194255,0001000,1,山梨県,ヤマナシケン,Yamanashi,南都留郡,ミナミツルグン,Minamitsuru-gun,山中湖村,ヤマナカコムラ,Yamanakako-mura,,,,平野,ヒラノ,Hirano,,,,,,,,0,0,0,0,0,0,1,1,1947-04-17,,0,4010502,,,,,,,,,,,,,,,
194255,0002000,1,山梨県,ヤマナシケン,Yamanashi,南都留郡,ミナミツルグン,Minamitsuru-gun,山中湖村,ヤマナカコムラ,Yamanakako-mura,,,,山中,ヤマナカ,Yamanaka,,,,,,,,0,0,0,0,0,0,1,1,1947-04-17,,0,4010501,,,,,,,,,,,,,,,
194298,0000000,4,山梨県,ヤマナシケン,Yamanashi,南都留郡,ミナミツルグン,Minamitsuru-gun,鳴沢村,ナルサワムラ,Narusawa-mura,,,,,,,,,,,,,,0,0,0,0,0,0,1,1,1947-04-17,,0,,,,,,,,,,,,,,,,
194298,0000101,3,山梨県,ヤマナシケン,Yamanashi,南都留郡,ミナミツルグン,Minamitsuru-gun,鳴沢村,ナルサワムラ,Narusawa-mura,,,,,,,,,,大田和,オオダワ,,,0,0,0,0,0,0,1,0,1947-04-17,,0,,,,,,,,,,,,,,,,
194298,0000102,3,山梨県,ヤマナシケン,Yamanashi,南都留郡,ミナミツルグン,Minamitsuru-gun,鳴沢村,ナルサワムラ,Narusawa-mura,,,,,,,,,,鳴沢,ナルサワ,,,0,0,0,0,0,0,1,0,1947-04-17,,0,,,,,,,,,,,,,,,,
194301,0001000,1,山梨県,ヤマナシケン,Yamanashi,南都留郡,ミナミツルグン,Minamitsuru-gun,富士河口湖町,フジカワグチコマチ,Fujikawaguchiko-machi,,,,富士ヶ嶺,フジガネ,Fujigane,,,,,,,,0,0,0,0,0,0,1,1,1947-04-17,,0,4010338,,,,,,,,,,,,,,,
194301,0002000,1,山梨県,ヤマナシケン,Yamanashi,南都留郡,ミナミツルグン,Minamitsuru-gun,富士河口湖町,フジカワグチコマチ,Fujikawaguchiko-machi,,,,本栖,モトス,Motosu,,,,,,,,0,0,0,0,0,0,1,1,1947-04-17,,0,4010337,,,,,,,,,,,,,,,
194301,0003000,1,山梨県,ヤマナシケン,Yamanashi,南都留郡,ミナミツルグン,Minamitsuru-gun,富士河口湖町,フジカワグチコマチ,Fujikawaguchiko-machi,,,,小立,コダチ,Kodachi,,,,,,,,0,0,0,0,0,0,1,1,1947-04-17,,0,4010302,,,,,,,,,,,,,,,
194301,0004000,1,山梨県,ヤマナシケン,Yamanashi,南都留郡,ミナミツルグン,Minamitsuru-gun,富士河口湖町,フジカワグチコマチ,Fujikawaguchiko-machi,,,,船津,フナツ,Funatsu,,,,,,,,0,0,0,0,0,0,1,1,1947-04-17,,0,4010301,,,,,,,,,,,,,,,
194301,0005000,1,山梨県,ヤマナシケン,Yamanashi,南都留郡,ミナミツルグン,Minamitsuru-gun,富士河口湖町,フジカワグチコマチ,Fujikawaguchiko-machi,,,,精進,ショウジ,Shoji,,,,,,,,0,0,0,0,0,0,1,1,1947-04-17,,0,4010336,,,,,,,,,,,,,,,
194301,0005000,1,山梨県,ヤマナシケン,Yamanashi,南都留郡,ミナミツルグン,Minamitsuru-gun,富士河口湖町,フジカワグチコマチ,Fujikawaguchiko-machi,,,,精進,ショウジ,Shoji,,,,,,,,1,1,0,0,0,0,1,1,1947-04-17,,0,4010336,,,,,,,,,,,,,,,
194301,0006000,1,山梨県,ヤマナシケン,Yamanashi,南都留郡,ミナミツルグン,Minamitsuru-gun,富士河口湖町,フジカワグチコマチ,Fujikawaguchiko-machi,,,,浅川,アザガワ,Azagawa,,,,,,,,0,0,0,0,0,0,1,1,1947-04-17,,0,4010303,,,,,,,,,,,,,,,
194301,0007000,1,山梨県,ヤマナシケン,Yamanashi,南都留郡,ミナミツルグン,Minamitsuru-gun,富士河口湖町,フジカワグチコマチ,Fujikawaguchiko-machi,,,,勝山,カツヤマ,Katsuyama,,,,,,,,0,0,0,0,0,0,1,1,1947-04-17,,0,4010310,,,,,,,,,,,,,,,
194301,0008000,1,山梨県,ヤマナシケン,Yamanashi,南都留郡,ミナミツルグン,Minamitsuru-gun,富士河口湖町,フジカワグチコマチ,Fujikawaguchiko-machi,,,,長浜,ナガハマ,Nagahama,,,,,,,,0,0,0,0,0,0,1,1,1947-04-17,,0,4010331,,,,,,,,,,,,,,,
194301,0009000,1,山梨県,ヤマナシケン,Yamanashi,南都留郡,ミナミツルグン,Minamitsuru-gun,富士河口湖町,フジカワグチコマチ,Fujikawaguchiko-machi,,,,大石,オオイシ,Oishi,,,,,,,,0,0,0,0,0,0,1,1,1947-04-17,,0,4010305,,,,,,,,,,,,,,,
194301,0010000,1,山梨県,ヤマナシケン,Yamanashi,南都留郡,ミナミツルグン,Minamitsuru-gun,富士河口湖町,フジカワグチコマチ,Fujikawaguchiko-machi,,,,西湖,サイコ,Saiko,,,,,,,,0,0,0,0,0,0,1,1,1947-04-17,,0,4010332,,,,,,,,,,,,,,,
194301,0010000,1,山梨県,ヤマナシケン,Yamanashi,南都留郡,ミナミツルグン,Minamitsuru-gun,富士河口湖町,フジカワグチコマチ,Fujikawaguchiko-machi,,,,西湖,サイコ,Saiko,,,,,,,,1,1,0,0,0,0,1,1,1947-04-17,,0,4010332,,,,,,,,,,,,,,,
194301,0011000,1,山梨県,ヤマナシケン,Yamanashi,南都留郡,ミナミツルグン,Minamitsuru-gun,富士河口湖町,フジカワグチコマチ,Fujikawaguchiko-machi,,,,西湖西,サイコニシ,Saiko Nishi,,,,,,,,1,1,0,0,0,0,1,1,1947-04-17,,0,4010333,,,,,,,,,,,,,,,
194301,0012000,1,山梨県,ヤマナシケン,Yamanashi,南都留郡,ミナミツルグン,Minamitsuru-gun,富士河口湖町,フジカワグチコマチ,Fujikawaguchiko-machi,,,,西湖南,サイコミナミ,Saiko Minami,,,,,,,,1,1,0,0,0,0,1,1,1947-04-17,,0,4010334,,,,,,,,,,,,,,,
194301,0013000,1,山梨県,ヤマナシケン,Yamanashi,南都留郡,ミナミツルグン,Minamitsuru-gun,富士河口湖町,フジカワグチコマチ,Fujikawaguchiko-machi,,,,大嵐,オオアラシ,Oarashi,,,,,,,,0,0,0,0,0,0,1,1,1947-04-17,,0,4010335,,,,,,,,,,,,,,,
194301,0014000,1,山梨県,ヤマナシケン,Yamanashi,南都留郡,ミナミツルグン,Minamitsuru-gun,富士河口湖町,フジカワグチコマチ,Fujikawaguchiko-machi,,,,河口,カワグチ,Kawaguchi,,,,,,,,0,0,0,0,0,0,1,1,1947-04-17,,0,4010304,,,,,,,,,,,,,,,
194425,0001000,1,山梨県,ヤマナシケン,Yamanashi,北都留郡,キタツルグン,Kitatsuru-gun,小菅村,コスゲムラ,Kosuge-mura,,,,東部,トウブ,,,,,,,,,0,0,0,0,0,0,1,0,1947-04-17,,0,,,,,,,,,,,,,,,,
194425,0010000,1,山梨県,ヤマナシケン,Yamanashi,北都留郡,キタツルグン,Kitatsuru-gun,小菅村,コスゲムラ,Kosuge-mura,,,,中組,ナカグミ,,,,,,,,,0,0,0,0,0,0,1,0,1947-04-17,,0,,,,,,,,,,,,,,,,
194425,0012000,1,山梨県,ヤマナシケン,Yamanashi,北都留郡,キタツルグン,Kitatsuru-gun,小菅村,コスゲムラ,Kosuge-mura,,,,川池,カワイケ,,,,,,,,,0,0,0,0,0,0,1,0,1947-04-17,,0,,,,,,,,,,,,,,,,
194425,0018000,1,山梨県,ヤマナシケン,Yamanashi,北都留郡,キタツルグン,Kitatsuru-gun,小菅村,コスゲムラ,Kosuge-mura,,,,小永田,コナガタ,,,,,,,,,0,0,0,0,0,0,1,0,1947-04-17,,1,,,,,,,,,,,,,,,,
194425,0019000,1,山梨県,ヤマナシケン,Yamanashi,北都留郡,キタツルグン,Kitatsuru-gun,小菅村,コスゲムラ,Kosuge-mura,,,,橋立,ハシタテ,,,,,,,,,0,0,0,0,0,0,1,0,1947-04-17,,1,,,,,,,,,,,,,,,,
194425,0020000,1,山梨県,ヤマナシケン,Yamanashi,北都留郡,キタツルグン,Kitatsuru-gun,小菅村,コスゲムラ,Kosuge-mura,,,,田元,タモト,,,,,,,,,0,0,0,0,0,0,1,0,1947-04-17,,1,,,,,,,,,,,,,,,,
194425,0021000,1,山梨県,ヤマナシケン,Yamanashi,北都留郡,キタツルグン,Kitatsuru-gun,小菅村,コスゲムラ,Kosuge-mura,,,,白沢,シラサワ,,,,,,,,,0,0,0,0,0,0,1,0,1947-04-17,,1,,,,,,,,,,,,,,,,
194425,0022000,1,山梨県,ヤマナシケン,Yamanashi,北都留郡,キタツルグン,Kitatsuru-gun,小菅村,コスゲムラ,Kosuge-mura,,,,長作,ナガサク,,,,,,,,,0,0,0,0,0,0,1,0,1947-04-17,,1,,,,,,,,,,,,,,,,
194433,0000000,4,山梨県,ヤマナシケン,Yamanashi,北都留郡,キタツルグン,Kitatsuru-gun,丹波山村,タバヤマムラ,Tabayama-mura,,,,,,,,,,,,,,0,0,0,0,0,0,1,1,1947-04-17,,0,,,,,,,,,,,,,,,,
194433,0002000,1,山梨県,ヤマナシケン,Yamanashi,北都留郡,キタツルグン,Kitatsuru-gun,丹波山村,タバヤマムラ,Tabayama-mura,,,,高尾,タカオ,Takao,,,,,,,,0,0,0,0,0,0,1,0,1947-04-17,,0,4090305,,,,,,,,,,,,,,,
194433,0003000,1,山梨県,ヤマナシケン,Yamanashi,北都留郡,キタツルグン,Kitatsuru-gun,丹波山村,タバヤマムラ,Tabayama-mura,,,,下組,シモグミ,Shimogumi,,,,,,,,0,0,0,0,0,0,1,0,1947-04-17,,0,4090304,,,,,,,,,,,,,,,
194433,0004000,1,山梨県,ヤマナシケン,Yamanashi,北都留郡,キタツルグン,Kitatsuru-gun,丹波山村,タバヤマムラ,Tabayama-mura,,,,中組,ナカグミ,Nakagumi,,,,,,,,0,0,0,0,0,0,1,0,1947-04-17,,0,4090303,,,,,,,,,,,,,,,
194433,0005000,1,山梨県,ヤマナシケン,Yamanashi,北都留郡,キタツルグン,Kitatsuru-gun,丹波山村,タバヤマムラ,Tabayama-mura,,,,上組,カミグミ,Kamigumi,,,,,,,,0,0,0,0,0,0,1,0,1947-04-17,,0,4090302,,,,,,,,,,,,,,,
194433,0007000,1,山梨県,ヤマナシケン,Yamanashi,北都留郡,キタツルグン,Kitatsuru-gun,丹波山村,タバヤマムラ,Tabayama-mura,,,,保之瀬,ホノセ,Honose,,,,,,,,0,0,0,0,0,0,1,0,1947-04-17,,0,4090311,,,,,,,,,,,,,,,
194433,0008000,1,山梨県,ヤマナシケン,Yamanashi,北都留郡,キタツルグン,Kitatsuru-gun,丹波山村,タバヤマムラ,Tabayama-mura,,,,奥秋,オクアキ,,,,,,,,,0,0,0,0,0,0,1,0,1947-04-17,,1,,,,,,,,,,,,,,,,
194433,0009000,1,山梨県,ヤマナシケン,Yamanashi,北都留郡,キタツルグン,Kitatsuru-gun,丹波山村,タバヤマムラ,Tabayama-mura,,,,字杉奈久保,アザスギナクボ,,,,,,,,,0,0,0,0,0,0,1,0,1947-04-17,,1,,,,,,,,,,,,,,,,
194433,0010000,1,山梨県,ヤマナシケン,Yamanashi,北都留郡,キタツルグン,Kitatsuru-gun,丹波山村,タバヤマムラ,Tabayama-mura,,,,小袖,コソデ,,,,,,,,,0,0,0,0,0,0,1,0,1947-04-17,,1,,,,,,,,,,,,,,,,
194433,0011000,1,山梨県,ヤマナシケン,Yamanashi,北都留郡,キタツルグン,Kitatsuru-gun,丹波山村,タバヤマムラ,Tabayama-mura,,,,御祭,オマツリ,,,,,,,,,0,0,0,0,0,0,1,0,1947-04-17,,1,,,,,,,,,,,,,,,,
194433,0012000,1,山梨県,ヤマナシケン,Yamanashi,北都留郡,キタツルグン,Kitatsuru-gun,丹波山村,タバヤマムラ,Tabayama-mura,,,,所畑,トコロハタ,,,,,,,,,0,0,0,0,0,0,1,0,1947-04-17,,1,,,,,,,,,,,,,,,,
194433,0013000,1,山梨県,ヤマナシケン,Yamanashi,北都留郡,キタツルグン,Kitatsuru-gun,丹波山村,タバヤマムラ,Tabayama-mura,,,,押垣外,オシガイト,,,,,,,,,0,0,0,0,0,0,1,0,1947-04-17,,1,,,,,,,,,,,,,,,,
194433,0014000,1,山梨県,ヤマナシケン,Yamanashi,北都留郡,キタツルグン,Kitatsuru-gun,丹波山村,タバヤマムラ,Tabayama-mura,,,,親川,オヤガワ,,,,,,,,,0,0,0,0,0,0,1,0,1947-04-17,,1,,,,,,,,,,,,,,,,
194433,0015000,1,山梨県,ヤマナシケン,Yamanashi,北都留郡,キタツルグン,Kitatsuru-gun,丹波山村,タバヤマムラ,Tabayama-mura,,,,高畑,タカハタ,,,,,,,,,0,0,0,0,0,0,1,0,1947-04-17,,1,,,,,,,,,,,,,,,,
194433,0016000,1,山梨県,ヤマナシケン,Yamanashi,北都留郡,キタツルグン,Kitatsuru-gun,丹波山村,タバヤマムラ,Tabayama-mura,,,,鴨沢,カモサワ,,,,,,,,,0,0,0,0,0,0,1,0,1947-04-17,,1,,,,,,,,,,,,,,,,
