lg_code,machiaza_id,machiaza_type,pref,pref_kana,pref_roma,county,county_kana,county_roma,city,city_kana,city_roma,ward,ward_kana,ward_roma,oaza_cho,oaza_cho_kana,oaza_cho_roma,chome,chome_kana,chome_number,koaza,koaza_kana,koaza_roma,machiaza_dist,rsdt_addr_flg,rsdt_addr_mtd_code,oaza_cho_aka_flg,koaza_aka_code,oaza_cho_gsi_uncmn,koaza_gsi_uncmn,status_flg,wake_num_flg,efct_date,ablt_date,src_code,post_code,oaza_cho_uncmn_reg,oaza_cho_uncmn_mj,oaza_cho_uncmn_type,oaza_cho_uncmn_code,koaza_uncmn_reg,koaza_uncmn_mj,koaza_uncmn_type,koaza_uncmn_code,alias_oaza,alias_oaza_kana,alias_oaza_roma,alias_koaza,alias_koaza_kana,alias_koaza_roma,remarks
202011,0001001,2,長野県,ナガノケン,Nagano,,,,長野市,ナガノシ,Nagano-shi,,,,青木島,アオキジマ,Aokijima,１丁目,１チョウメ,1,,,,,0,0,0,0,0,0,1,1,1947-04-17,,0,,,,,,,,,,,,,,,,
202011,0001002,2,長野県,ナガノケン,Nagano,,,,長野市,ナガノシ,Nagano-shi,,,,青木島,アオキジマ,Aokijima,２丁目,２チョウメ,2,,,,,0,0,0,0,0,0,1,1,1947-04-17,,0,,,,,,,,,,,,,,,,
202011,0001003,2,長野県,ナガノケン,Nagano,,,,長野市,ナガノシ,Nagano-shi,,,,青木島,アオキジマ,Aokijima,３丁目,３チョウメ,3,,,,,0,0,0,0,0,0,1,1,1947-04-17,,0,,,,,,,,,,,,,,,,
202011,0001004,2,長野県,ナガノケン,Nagano,,,,長野市,ナガノシ,Nagano-shi,,,,青木島,アオキジマ,Aokijima,４丁目,４チョウメ,4,,,,,0,0,0,0,0,0,1,1,1947-04-17,,0,,,,,,,,,,,,,,,,
202011,0002000,1,長野県,ナガノケン,Nagano,,,,長野市,ナガノシ,Nagano-shi,,,,青木島町青木島,アオキジママチアオキジマ,Aokijimamachi Aokijima,,,,,,,,0,0,0,0,0,0,1,1,1947-04-17,,0,3812242,,,,,,,,,,,,,,,
202011,0003000,1,長野県,ナガノケン,Nagano,,,,長野市,ナガノシ,Nagano-shi,,,,青木島町大塚,アオキジママチオオツカ,Aokijimamachi Otsuka,,,,,,,,0,0,0,0,0,0,1,1,1947-04-17,,0,3812205,,,,,,,,,,,,,,,
202011,0004000,1,長野県,ナガノケン,Nagano,,,,長野市,ナガノシ,Nagano-shi,,,,青木島町綱島,アオキジママチツナシマ,Aokijimamachi Tsunashima,,,,,,,,0,0,0,0,0,0,1,1,1947-04-17,,0,3812206,,,,,,,,,,,,,,,
202011,0005001,2,長野県,ナガノケン,Nagano,,,,長野市,ナガノシ,Nagano-shi,,,,浅川,アサカワ,Asakawa,１丁目,１チョウメ,1,,,,,0,0,0,0,0,0,1,1,1947-04-17,,0,,,,,,,,,,,,,,,,
202011,0005002,2,長野県,ナガノケン,Nagano,,,,長野市,ナガノシ,Nagano-shi,,,,浅川,アサカワ,Asakawa,２丁目,２チョウメ,2,,,,,0,0,0,0,0,0,1,1,1947-04-17,,0,,,,,,,,,,,,,,,,
202011,0005003,2,長野県,ナガノケン,Nagano,,,,長野市,ナガノシ,Nagano-shi,,,,浅川,アサカワ,Asakawa,３丁目,３チョウメ,3,,,,,0,0,0,0,0,0,1,1,1947-04-17,,0,,,,,,,,,,,,,,,,
202011,0005004,2,長野県,ナガノケン,Nagano,,,,長野市,ナガノシ,Nagano-shi,,,,浅川,アサカワ,Asakawa,４丁目,４チョウメ,4,,,,,0,0,0,0,0,0,1,1,1947-04-17,,0,,,,,,,,,,,,,,,,
202011,0005005,2,長野県,ナガノケン,Nagano,,,,長野市,ナガノシ,Nagano-shi,,,,浅川,アサカワ,Asakawa,５丁目,５チョウメ,5,,,,,0,0,0,0,0,0,1,1,1947-04-17,,0,,,,,,,,,,,,,,,,
202011,0006000,1,長野県,ナガノケン,Nagano,,,,長野市,ナガノシ,Nagano-shi,,,,浅川一ノ瀬,アサカワイチノセ,,,,,,,,,0,0,0,0,0,0,1,1,1947-04-17,,0,,,,,,,,,,,,,,,,
202011,0007000,1,長野県,ナガノケン,Nagano,,,,長野市,ナガノシ,Nagano-shi,,,,浅川押田,アサカワオシダ,Asakawa Oshida,,,,,,,,0,0,0,0,0,0,1,1,1947-04-17,,0,3810056,,,,,,,,,,,,,,,
202011,0008000,1,長野県,ナガノケン,Nagano,,,,長野市,ナガノシ,Nagano-shi,,,,浅川清水,アサカワキヨミズ,Asakawa Kiyomizu,,,,,,,,0,0,0,0,0,0,1,1,1947-04-17,,0,3810072,,,,,,,,,,,,,,,
202011,0009000,1,長野県,ナガノケン,Nagano,,,,長野市,ナガノシ,Nagano-shi,,,,浅川西条,アサカワニシジョウ,Asakawa Nishijo,,,,,,,,0,0,0,0,0,0,1,1,1947-04-17,,0,3810057,,,,,,,,,,,,,,,
202011,0010000,1,長野県,ナガノケン,Nagano,,,,長野市,ナガノシ,Nagano-shi,,,,浅川西平,アサカワニシヒラ,Asakawa Nishihira,,,,,,,,0,0,0,0,0,0,1,1,1947-04-17,,0,3810066,,,,,,,,,,,,,,,
202011,0011000,1,長野県,ナガノケン,Nagano,,,,長野市,ナガノシ,Nagano-shi,,,,浅川畑山,アサカワハタヤマ,Asakawa Hatayama,,,,,,,,0,0,0,0,0,0,1,1,1947-04-17,,0,3810073,,,,,,,,,,,,,,,
202011,0012000,1,長野県,ナガノケン,Nagano,,,,長野市,ナガノシ,Nagano-shi,,,,浅川東条,アサカワヒガシジョウ,Asakawa Higashijo,,,,,,,,0,0,0,0,0,0,1,1,1947-04-17,,0,3810064,,,,,,,,,,,,,,,
202011,0013000,1,長野県,ナガノケン,Nagano,,,,長野市,ナガノシ,Nagano-shi,,,,浅川福岡,アサカワフクオカ,Asakawa Fukuoka,,,,,,,,0,0,0,0,0,0,1,1,1947-04-17,,0,3810062,,,,,,,,,,,,,,,
202011,0014001,2,長野県,ナガノケン,Nagano,,,,長野市,ナガノシ,Nagano-shi,,,,安茂里小市,アモリコイチ,Amorikoichi,１丁目,１チョウメ,1,,,,,1,1,0,0,0,0,1,1,1947-04-17,,0,,,,,,,,,,,,,,,,
202011,0014002,2,長野県,ナガノケン,Nagano,,,,長野市,ナガノシ,Nagano-shi,,,,安茂里小市,アモリコイチ,Amorikoichi,２丁目,２チョウメ,2,,,,,1,1,0,0,0,0,1,1,1947-04-17,,0,,,,,,,,,,,,,,,,
202011,0014003,2,長野県,ナガノケン,Nagano,,,,長野市,ナガノシ,Nagano-shi,,,,安茂里小市,アモリコイチ,Amorikoichi,３丁目,３チョウメ,3,,,,,1,1,0,0,0,0,1,1,1947-04-17,,0,,,,,,,,,,,,,,,,
202011,0014004,2,長野県,ナガノケン,Nagano,,,,長野市,ナガノシ,Nagano-shi,,,,安茂里小市,アモリコイチ,Amorikoichi,４丁目,４チョウメ,4,,,,,1,1,0,0,0,0,1,1,1947-04-17,,0,,,,,,,,,,,,,,,,
202011,0015001,2,長野県,ナガノケン,Nagano,,,,長野市,ナガノシ,Nagano-shi,,,,伊勢宮,イセミヤ,Isemiya,１丁目,１チョウメ,1,,,,,1,1,0,0,0,0,1,1,1947-04-17,,0,,,,,,,,,,,,,,,,
202011,0015002,2,長野県,ナガノケン,Nagano,,,,長野市,ナガノシ,Nagano-shi,,,,伊勢宮,イセミヤ,Isemiya,２丁目,２チョウメ,2,,,,,1,1,0,0,0,0,1,1,1947-04-17,,0,,,,,,,,,,,,,,,,
202011,0015003,2,長野県,ナガノケン,Nagano,,,,長野市,ナガノシ,Nagano-shi,,,,伊勢宮,イセミヤ,Isemiya,３丁目,３チョウメ,3,,,,,1,1,0,0,0,0,1,1,1947-04-17,,0,,,,,,,,,,,,,,,,
202011,0016000,1,長野県,ナガノケン,Nagano,,,,長野市,ナガノシ,Nagano-shi,,,,市場,イチバ,Ichiba,,,,,,,,0,0,0,0,0,0,1,1,1947-04-17,,0,3812202,,,,,,,,,,,,,,,
202011,0017001,2,長野県,ナガノケン,Nagano,,,,長野市,ナガノシ,Nagano-shi,,,,稲里,イナサト,Inasato,１丁目,１チョウメ,1,,,,,0,0,0,0,0,0,1,1,1947-04-17,,0,,,,,,,,,,,,,,,,
202011,0018000,1,長野県,ナガノケン,Nagano,,,,長野市,ナガノシ,Nagano-shi,,,,稲里町下氷鉋,イナサトマチシモヒガノ,Inasatomachi Shimohigano,,,,,,,,0,0,0,0,0,0,1,1,1947-04-17,,0,3812211,,,,,,,,,,,,,,,
202011,0019000,1,長野県,ナガノケン,Nagano,,,,長野市,ナガノシ,Nagano-shi,,,,稲里町田牧,イナサトマチタマキ,Inasatomachi Tamaki,,,,,,,,0,0,0,0,0,0,1,1,1947-04-17,,0,3812214,,,,,,,,,,,,,,,
202011,0020001,2,長野県,ナガノケン,Nagano,,,,長野市,ナガノシ,Nagano-shi,,,,稲里町中央,イナサトマチチュウオウ,Inasatomachi Chuo,１丁目,１チョウメ,1,,,,,1,1,0,0,0,0,1,1,1947-04-17,,0,,,,,,,,,,,,,,,,
202011,0020002,2,長野県,ナガノケン,Nagano,,,,長野市,ナガノシ,Nagano-shi,,,,稲里町中央,イナサトマチチュウオウ,Inasatomachi Chuo,２丁目,２チョウメ,2,,,,,1,1,0,0,0,0,1,1,1947-04-17,,0,,,,,,,,,,,,,,,,
202011,0020003,2,長野県,ナガノケン,Nagano,,,,長野市,ナガノシ,Nagano-shi,,,,稲里町中央,イナサトマチチュウオウ,Inasatomachi Chuo,３丁目,３チョウメ,3,,,,,1,1,0,0,0,0,1,1,1947-04-17,,0,,,,,,,,,,,,,,,,
202011,0020004,2,長野県,ナガノケン,Nagano,,,,長野市,ナガノシ,Nagano-shi,,,,稲里町中央,イナサトマチチュウオウ,Inasatomachi Chuo,４丁目,４チョウメ,4,,,,,1,1,0,0,0,0,1,1,1947-04-17,,0,,,,,,,,,,,,,,,,
202011,0021000,1,長野県,ナガノケン,Nagano,,,,長野市,ナガノシ,Nagano-shi,,,,稲里町中氷鉋,イナサトマチナカヒガノ,Inasatomachi Nakahigano,,,,,,,,0,0,0,0,0,0,1,1,1947-04-17,,0,3812215,,,,,,,,,,,,,,,
202011,0022001,2,長野県,ナガノケン,Nagano,,,,長野市,ナガノシ,Nagano-shi,,,,稲田,イナダ,Inada,１丁目,１チョウメ,1,,,,,1,1,0,0,0,0,1,1,1947-04-17,,0,,,,,,,,,,,,,,,,
202011,0022002,2,長野県,ナガノケン,Nagano,,,,長野市,ナガノシ,Nagano-shi,,,,稲田,イナダ,Inada,２丁目,２チョウメ,2,,,,,1,1,0,0,0,0,1,1,1947-04-17,,0,,,,,,,,,,,,,,,,
202011,0022003,2,長野県,ナガノケン,Nagano,,,,長野市,ナガノシ,Nagano-shi,,,,稲田,イナダ,Inada,３丁目,３チョウメ,3,,,,,1,1,0,0,0,0,1,1,1947-04-17,,0,,,,,,,,,,,,,,,,
202011,0022004,2,長野県,ナガノケン,Nagano,,,,長野市,ナガノシ,Nagano-shi,,,,稲田,イナダ,Inada,４丁目,４チョウメ,4,,,,,1,1,0,0,0,0,1,1,1947-04-17,,0,,,,,,,,,,,,,,,,
202011,0023000,1,長野県,ナガノケン,Nagano,,,,長野市,ナガノシ,Nagano-shi,,,,居町,イマチ,Imachi,,,,,,,,0,0,0,0,0,0,1,1,1947-04-17,,0,3800901,,,,,,,,,,,,,,,
202011,0024001,2,長野県,ナガノケン,Nagano,,,,長野市,ナガノシ,Nagano-shi,,,,上松,ウエマツ,Uematsu,１丁目,１チョウメ,1,,,,,1,1,0,0,0,0,1,1,1947-04-17,,0,,,,,,,,,,,,,,,,
202011,0024002,2,長野県,ナガノケン,Nagano,,,,長野市,ナガノシ,Nagano-shi,,,,上松,ウエマツ,Uematsu,２丁目,２チョウメ,2,,,,,1,1,0,0,0,0,1,1,1947-04-17,,0,,,,,,,,,,,,,,,,
202011,0024003,2,長野県,ナガノケン,Nagano,,,,長野市,ナガノシ,Nagano-shi,,,,上松,ウエマツ,Uematsu,３丁目,３チョウメ,3,,,,,1,1,0,0,0,0,1,1,1947-04-17,,0,,,,,,,,,,,,,,,,
202011,0024004,2,長野県,ナガノケン,Nagano,,,,長野市,ナガノシ,Nagano-shi,,,,上松,ウエマツ,Uematsu,４丁目,４チョウメ,4,,,,,1,1,0,0,0,0,1,1,1947-04-17,,0,,,,,,,,,,,,,,,,
202011,0024005,2,長野県,ナガノケン,Nagano,,,,長野市,ナガノシ,Nagano-shi,,,,上松,ウエマツ,Uematsu,５丁目,５チョウメ,5,,,,,1,1,0,0,0,0,1,1,1947-04-17,,0,,,,,,,,,,,,,,,,
202011,0025001,2,長野県,ナガノケン,Nagano,,,,長野市,ナガノシ,Nagano-shi,,,,上野,ウワノ,Uwano,１丁目,１チョウメ,1,,,,,0,0,0,0,0,0,1,1,1947-04-17,,0,,,,,,,,,,,,,,,,
202011,0025002,2,長野県,ナガノケン,Nagano,,,,長野市,ナガノシ,Nagano-shi,,,,上野,ウワノ,Uwano,２丁目,２チョウメ,2,,,,,0,0,0,0,0,0,1,1,1947-04-17,,0,,,,,,,,,,,,,,,,
202011,0025003,2,長野県,ナガノケン,Nagano,,,,長野市,ナガノシ,Nagano-shi,,,,上野,ウワノ,Uwano,３丁目,３チョウメ,3,,,,,0,0,0,0,0,0,1,1,1947-04-17,,0,,,,,,,,,,,,,,,,
202011,0026000,1,長野県,ナガノケン,Nagano,,,,長野市,ナガノシ,Nagano-shi,,,,大字赤沼,オオアザアカヌマ,Akanuma,,,,,,,,0,0,0,0,0,0,1,1,1947-04-17,,0,3810001,,,,,,,,,,,,,,,
202011,0027000,1,長野県,ナガノケン,Nagano,,,,長野市,ナガノシ,Nagano-shi,,,,大字上ケ屋,オオアザアゲヤ,Ageya,,,,,,,,0,0,0,0,0,0,1,1,1947-04-17,,0,3800888,,,,,,,,,,,,,,,
202011,0028000,1,長野県,ナガノケン,Nagano,,,,長野市,ナガノシ,Nagano-shi,,,,大字安茂里,オオアザアモリ,Amori,,,,,,,,0,0,0,0,0,0,1,1,1947-04-17,,0,3800941,,,,,,,,,,,,,,,
202011,0029000,1,長野県,ナガノケン,Nagano,,,,長野市,ナガノシ,Nagano-shi,,,,大字石渡,オオアザイシワタ,Ishiwata,,,,,,,,0,0,0,0,0,0,1,1,1947-04-17,,0,3810015,,,,,,,,,,,,,,,
202011,0030000,1,長野県,ナガノケン,Nagano,,,,長野市,ナガノシ,Nagano-shi,,,,大字泉平,オオアザイズミダイラ,Izumidaira,,,,,,,,0,0,0,0,0,0,1,1,1947-04-17,,0,3800883,,,,,,,,,,,,,,,
202011,0031000,1,長野県,ナガノケン,Nagano,,,,長野市,ナガノシ,Nagano-shi,,,,大字稲葉,オオアザイナバ,Inaba,,,,,,,,0,0,0,0,0,0,1,1,1947-04-17,,0,3800911,,,,,,,,,,,,,,,
202011,0032000,1,長野県,ナガノケン,Nagano,,,,長野市,ナガノシ,Nagano-shi,,,,大字入山,オオアザイリヤマ,Iriyama,,,,,,,,0,0,0,0,0,0,1,1,1947-04-17,,0,3800887,,,,,,,,,,,,,,,
202011,0033000,1,長野県,ナガノケン,Nagano,,,,長野市,ナガノシ,Nagano-shi,,,,大字上松,オオアザウエマツ,Uematsu,,,,,,,,0,0,0,0,0,0,1,1,1947-04-17,,0,3800802,,,,,,,,,,,,,,,
202011,0034000,1,長野県,ナガノケン,Nagano,,,,長野市,ナガノシ,Nagano-shi,,,,大字大町,オオアザオオマチ,Omachi,,,,,,,,0,0,0,0,0,0,1,1,1947-04-17,,0,3810004,,,,,,,,,,,,,,,
202011,0035000,1,長野県,ナガノケン,Nagano,,,,長野市,ナガノシ,Nagano-shi,,,,大字風間,オオアザカザマ,Kazama,,,,,,,,0,0,0,0,0,0,1,1,1947-04-17,,0,3810023,,,,,,,,,,,,,,,
202011,0036000,1,長野県,ナガノケン,Nagano,,,,長野市,ナガノシ,Nagano-shi,,,,大字金箱,オオアザカネバコ,Kanebako,,,,,,,,0,0,0,0,0,0,1,1,1947-04-17,,0,3810007,,,,,,,,,,,,,,,
202011,0037000,1,長野県,ナガノケン,Nagano,,,,長野市,ナガノシ,Nagano-shi,,,,大字上駒沢,オオアザカミコマザワ,Kamikomazawa,,,,,,,,0,0,0,0,0,0,1,1,1947-04-17,,0,3810082,,,,,,,,,,,,,,,
202011,0038000,1,長野県,ナガノケン,Nagano,,,,長野市,ナガノシ,Nagano-shi,,,,大字川合新田,オオアザカワイシンデン,Kawaishinden,,,,,,,,0,0,0,0,0,0,1,1,1947-04-17,,0,3800913,,,,,,,,,,,,,,,
202011,0039000,1,長野県,ナガノケン,Nagano,,,,長野市,ナガノシ,Nagano-shi,,,,大字北尾張部,オオアザキタオワリベ,Kitaowaribe,,,,,,,,0,0,0,0,0,0,1,1,1947-04-17,,0,3810014,,,,,,,,,,,,,,,
202011,0040000,1,長野県,ナガノケン,Nagano,,,,長野市,ナガノシ,Nagano-shi,,,,大字北長池,オオアザキタナガイケ,Kitanagaike,,,,,,,,0,0,0,0,0,0,1,1,1947-04-17,,0,3810025,,,,,,,,,,,,,,,
202011,0041000,1,長野県,ナガノケン,Nagano,,,,長野市,ナガノシ,Nagano-shi,,,,大字北堀,オオアザキタボリ,Kitahori,,,,,,,,0,0,0,0,0,0,1,1,1947-04-17,,0,3810005,,,,,,,,,,,,,,,
202011,0042000,1,長野県,ナガノケン,Nagano,,,,長野市,ナガノシ,Nagano-shi,,,,大字栗田,オオアザクリタ,Kurita,,,,,,,,0,0,0,0,0,0,1,1,1947-04-17,,0,3800921,,,,,,,,,,,,,,,
202011,0043000,1,長野県,ナガノケン,Nagano,,,,長野市,ナガノシ,Nagano-shi,,,,大字小柴見,オオアザコシバミ,Koshibami,,,,,,,,0,0,0,0,0,0,1,1,1947-04-17,,0,3800942,,,,,,,,,,,,,,,
202011,0044000,1,長野県,ナガノケン,Nagano,,,,長野市,ナガノシ,Nagano-shi,,,,大字小島,オオアザコジマ,Kojima,,,,,,,,0,0,0,0,0,0,1,1,1947-04-17,,0,3810017,,,,,,,,,,,,,,,
202011,0045000,1,長野県,ナガノケン,Nagano,,,,長野市,ナガノシ,Nagano-shi,,,,大字小鍋,オオアザコナベ,Konabe,,,,,,,,0,0,0,0,0,0,1,1,1947-04-17,,0,3800875,,,,,,,,,,,,,,,
202011,0046000,1,長野県,ナガノケン,Nagano,,,,長野市,ナガノシ,Nagano-shi,,,,大字桜,オオアザサクラ,Sakura,,,,,,,,0,0,0,0,0,0,1,1,1947-04-17,,0,3800885,,,,,,,,,,,,,,,
202011,0047000,1,長野県,ナガノケン,Nagano,,,,長野市,ナガノシ,Nagano-shi,,,,大字三才,オオアザサンサイ,Sansai,,,,,,,,0,0,0,0,0,0,1,1,1947-04-17,,0,3810081,,,,,,,,,,,,,,,
202011,0048000,1,長野県,ナガノケン,Nagano,,,,長野市,ナガノシ,Nagano-shi,,,,大字下駒沢,オオアザシモコマザワ,Shimokomazawa,,,,,,,,0,0,0,0,0,0,1,1,1947-04-17,,0,3810008,,,,,,,,,,,,,,,
202011,0049000,1,長野県,ナガノケン,Nagano,,,,長野市,ナガノシ,Nagano-shi,,,,大字塩生乙,オオアザショウブオツ,,,,,,,,,0,0,0,0,0,0,1,1,1947-04-17,,0,,,,,,,,,,,,,,,,
202011,0050000,1,長野県,ナガノケン,Nagano,,,,長野市,ナガノシ,Nagano-shi,,,,大字塩生甲,オオアザショウブコウ,,,,,,,,,0,0,0,0,0,0,1,1,1947-04-17,,0,,,,,,,,,,,,,,,,
202011,0051000,1,長野県,ナガノケン,Nagano,,,,長野市,ナガノシ,Nagano-shi,,,,大字高田,オオアザタカダ,Takada,,,,,,,,0,0,0,0,0,0,1,1,1947-04-17,,0,3810034,,,,,,,,,,,,,,,
202011,0052000,1,長野県,ナガノケン,Nagano,,,,長野市,ナガノシ,Nagano-shi,,,,大字田子,オオアザタコ,Tako,,,,,,,,0,0,0,0,0,0,1,1,1947-04-17,,0,3810087,,,,,,,,,,,,,,,
202011,0053000,1,長野県,ナガノケン,Nagano,,,,長野市,ナガノシ,Nagano-shi,,,,大字鑪,オオアザタタラ,Tatara,,,,,,,,0,0,0,0,0,0,1,1,1947-04-17,,0,3800884,,,,,,,,,,,,,,,
202011,0054000,1,長野県,ナガノケン,Nagano,,,,長野市,ナガノシ,Nagano-shi,,,,大字津野,オオアザツノ,Tsuno,,,,,,,,0,0,0,0,0,0,1,1,1947-04-17,,0,3810002,,,,,,,,,,,,,,,
202011,0055000,1,長野県,ナガノケン,Nagano,,,,長野市,ナガノシ,Nagano-shi,,,,大字鶴賀,オオアザツルガ,Tsuruga,,,,,,,,0,0,0,0,0,0,1,1,1947-04-17,,0,3800907,,,,,,,,,,,,,,,
202011,0055129,3,長野県,ナガノケン,Nagano,,,,長野市,ナガノシ,Nagano-shi,,,,大字鶴賀,オオアザツルガ,,,,,上千歳町,カミチトセマチ,,,0,0,0,0,0,0,1,0,1947-04-17,,1,,,,,,,,,,,,,,,,
202011,0055130,3,長野県,ナガノケン,Nagano,,,,長野市,ナガノシ,Nagano-shi,,,,大字鶴賀,オオアザツルガ,,,,,南千歳町,ミナミチトセマチ,,,0,0,0,0,0,0,1,0,1947-04-17,,1,,,,,,,,,,,,,,,,
202011,0055131,3,長野県,ナガノケン,Nagano,,,,長野市,ナガノシ,Nagano-shi,,,,大字鶴賀,オオアザツルガ,,,,,問御所町,トイゴシヨマチ,,,0,0,0,0,0,0,1,0,1947-04-17,,1,,,,,,,,,,,,,,,,
202011,0055132,3,長野県,ナガノケン,Nagano,,,,長野市,ナガノシ,Nagano-shi,,,,大字鶴賀,オオアザツルガ,,,,,東鶴賀町,ヒガシツルガマチ,,,0,0,0,0,0,0,1,0,1947-04-17,,1,,,,,,,,,,,,,,,,
202011,0055133,3,長野県,ナガノケン,Nagano,,,,長野市,ナガノシ,Nagano-shi,,,,大字鶴賀,オオアザツルガ,,,,,権堂町,ゴンドウチョウ,,,0,0,0,0,0,0,1,0,1947-04-17,,1,,,,,,,,,,,,,,,,
202011,0055134,3,長野県,ナガノケン,Nagano,,,,長野市,ナガノシ,Nagano-shi,,,,大字鶴賀,オオアザツルガ,,,,,田町,タマチ,,,0,0,0,0,0,0,1,0,1947-04-17,,1,,,,,,,,,,,,,,,,
202011,0055135,3,長野県,ナガノケン,Nagano,,,,長野市,ナガノシ,Nagano-shi,,,,大字鶴賀,オオアザツルガ,,,,,緑町,ミドリチョウ,,,0,0,0,0,0,0,1,0,1947-04-17,,1,,,,,,,,,,,,,,,,
202011,0055136,3,長野県,ナガノケン,Nagano,,,,長野市,ナガノシ,Nagano-shi,,,,大字鶴賀,オオアザツルガ,,,,,西鶴賀町,ニシツルガマチ,,,0,0,0,0,0,0,1,0,1947-04-17,,1,,,,,,,,,,,,,,,,
202011,0056000,1,長野県,ナガノケン,Nagano,,,,長野市,ナガノシ,Nagano-shi,,,,大字徳間,オオアザトクマ,Tokuma,,,,,,,,0,0,0,0,0,0,1,1,1947-04-17,,0,3810041,,,,,,,,,,,,,,,
202011,0057000,1,長野県,ナガノケン,Nagano,,,,長野市,ナガノシ,Nagano-shi,,,,大字富田,オオアザトミタ,Tomida,,,,,,,,0,0,0,0,0,0,1,1,1947-04-17,,0,3800882,,,,,,,,,,,,,,,
202011,0058000,1,長野県,ナガノケン,Nagano,,,,長野市,ナガノシ,Nagano-shi,,,,大字富竹,オオアザトミタケ,Tomitake,,,,,,,,0,0,0,0,0,0,1,1,1947-04-17,,0,3810006,,,,,,,,,,,,,,,
202011,0059000,1,長野県,ナガノケン,Nagano,,,,長野市,ナガノシ,Nagano-shi,,,,大字中御所,オオアザナカゴショ,Nakagosho,,,,,,,,0,0,0,0,0,0,1,1,1947-04-17,,0,3800935,,,,,,,,,,,,,,,
202011,0060000,1,長野県,ナガノケン,Nagano,,,,長野市,ナガノシ,Nagano-shi,,,,大字長野,オオアザナガノ,,,,,,,,,0,0,0,0,0,0,1,1,1947-04-17,,0,,,,,,,,,,,,,,,,
202011,0060101,3,長野県,ナガノケン,Nagano,,,,長野市,ナガノシ,Nagano-shi,,,,大字長野,オオアザナガノ,,,,,伊勢町,イセマチ,,,0,0,0,0,0,0,1,0,1947-04-17,,0,,,,,,,,,,,,,,,,
202011,0060103,3,長野県,ナガノケン,Nagano,,,,長野市,ナガノシ,Nagano-shi,,,,大字長野,オオアザナガノ,,,,,栄町,サカエチヨウ,,,0,0,0,0,0,0,1,0,1947-04-17,,0,,,,,,,,,,,,,,,,
202011,0060106,3,長野県,ナガノケン,Nagano,,,,長野市,ナガノシ,Nagano-shi,,,,大字長野,オオアザナガノ,,,,,横沢町,ヨコサワマチ,,,0,0,0,0,0,0,1,0,1947-04-17,,0,,,,,,,,,,,,,,,,
202011,0060107,3,長野県,ナガノケン,Nagano,,,,長野市,ナガノシ,Nagano-shi,,,,大字長野,オオアザナガノ,,,,,横町,ヨコマチ,,,0,0,0,0,0,0,1,0,1947-04-17,,0,,,,,,,,,,,,,,,,
202011,0060112,3,長野県,ナガノケン,Nagano,,,,長野市,ナガノシ,Nagano-shi,,,,大字長野,オオアザナガノ,,,,,岩石町,ガンゼキマチ,,,0,0,0,0,0,0,1,0,1947-04-17,,0,,,,,,,,,,,,,,,,
202011,0060114,3,長野県,ナガノケン,Nagano,,,,長野市,ナガノシ,Nagano-shi,,,,大字長野,オオアザナガノ,,,,,元善町,モトヨシチヨウ,,,0,0,0,0,0,0,1,0,1947-04-17,,0,,,,,,,,,,,,,,,,
202011,0060119,3,長野県,ナガノケン,Nagano,,,,長野市,ナガノシ,Nagano-shi,,,,大字長野,オオアザナガノ,,,,,桜枝町,サクラエチヨウ,,,0,0,0,0,0,0,1,0,1947-04-17,,0,,,,,,,,,,,,,,,,
202011,0060126,3,長野県,ナガノケン,Nagano,,,,長野市,ナガノシ,Nagano-shi,,,,大字長野,オオアザナガノ,,,,,上西之門町,カミニシノモンマチ,,,0,0,0,0,0,0,1,0,1947-04-17,,0,,,,,,,,,,,,,,,,
202011,0060128,3,長野県,ナガノケン,Nagano,,,,長野市,ナガノシ,Nagano-shi,,,,大字長野,オオアザナガノ,,,,,字新町,アザシンマチ,,,0,0,0,0,0,0,1,0,1947-04-17,,0,,,,,,,,,,,,,,,,
202011,0060129,3,長野県,ナガノケン,Nagano,,,,長野市,ナガノシ,Nagano-shi,,,,大字長野,オオアザナガノ,,,,,西町,ニシマチ,,,0,0,0,0,0,0,1,0,1947-04-17,,0,,,,,,,,,,,,,,,,
202011,0060130,3,長野県,ナガノケン,Nagano,,,,長野市,ナガノシ,Nagano-shi,,,,大字長野,オオアザナガノ,,,,,西之門町,ニシノモンマチ,,,0,0,0,0,0,0,1,0,1947-04-17,,0,,,,,,,,,,,,,,,,
202011,0060133,3,長野県,ナガノケン,Nagano,,,,長野市,ナガノシ,Nagano-shi,,,,大字長野,オオアザナガノ,,,,,大門町,ダイモンマチ,,,0,0,0,0,0,0,1,0,1947-04-17,,0,,,,,,,,,,,,,,,,
202011,0060134,3,長野県,ナガノケン,Nagano,,,,長野市,ナガノシ,Nagano-shi,,,,大字長野,オオアザナガノ,,,,,長門町,ナガトマチ,,,0,0,0,0,0,0,1,0,1947-04-17,,0,,,,,,,,,,,,,,,,
202011,0060136,3,長野県,ナガノケン,Nagano,,,,長野市,ナガノシ,Nagano-shi,,,,大字長野,オオアザナガノ,,,,,東町,ヒガシマチ,,,0,0,0,0,0,0,1,0,1947-04-17,,0,,,,,,,,,,,,,,,,
202011,0060137,3,長野県,ナガノケン,Nagano,,,,長野市,ナガノシ,Nagano-shi,,,,大字長野,オオアザナガノ,,,,,東之門町,ヒガシノモンマチ,,,0,0,0,0,0,0,1,0,1947-04-17,,0,,,,,,,,,,,,,,,,
202011,0060149,3,長野県,ナガノケン,Nagano,,,,長野市,ナガノシ,Nagano-shi,,,,大字長野,オオアザナガノ,,,,,立町,タツマチ,,,0,0,0,0,0,0,1,0,1947-04-17,,0,,,,,,,,,,,,,,,,
202011,0060150,3,長野県,ナガノケン,Nagano,,,,長野市,ナガノシ,Nagano-shi,,,,大字長野,オオアザナガノ,,,,,往生地,オウジヨウヂ,,,0,0,0,0,0,0,1,0,1947-04-17,,1,,,,,,,,,,,,,,,,
202011,0060151,3,長野県,ナガノケン,Nagano,,,,長野市,ナガノシ,Nagano-shi,,,,大字長野,オオアザナガノ,,,,,旭町,アサヒマチ,,,0,0,0,0,0,0,1,0,1947-04-17,,1,,,,,,,,,,,,,,,,
202011,0060152,3,長野県,ナガノケン,Nagano,,,,長野市,ナガノシ,Nagano-shi,,,,大字長野,オオアザナガノ,,,,,東後町,ヒガシゴチョウ,,,0,0,0,0,0,0,1,0,1947-04-17,,1,,,,,,,,,,,,,,,,
202011,0060153,3,長野県,ナガノケン,Nagano,,,,長野市,ナガノシ,Nagano-shi,,,,大字長野,オオアザナガノ,,,,,狐池,キツネイケ,,,0,0,0,0,0,0,1,0,1947-04-17,,1,,,,,,,,,,,,,,,,
202011,0060154,3,長野県,ナガノケン,Nagano,,,,長野市,ナガノシ,Nagano-shi,,,,大字長野,オオアザナガノ,,,,,箱清水,ハコシミズ,,,0,0,0,0,0,0,1,0,1947-04-17,,1,,,,,,,,,,,,,,,,
202011,0060155,3,長野県,ナガノケン,Nagano,,,,長野市,ナガノシ,Nagano-shi,,,,大字長野,オオアザナガノ,,,,,花咲町,ハナサキチョウ,,,0,0,0,0,0,0,1,0,1947-04-17,,1,,,,,,,,,,,,,,,,
202011,0060156,3,長野県,ナガノケン,Nagano,,,,長野市,ナガノシ,Nagano-shi,,,,大字長野,オオアザナガノ,,,,,若松町,ワカマツチョウ,,,0,0,0,0,0,0,1,0,1947-04-17,,1,,,,,,,,,,,,,,,,
202011,0061000,1,長野県,ナガノケン,Nagano,,,,長野市,ナガノシ,Nagano-shi,,,,大字西尾張部,オオアザニシオワリベ,Nishiowaribe,,,,,,,,0,0,0,0,0,0,1,1,1947-04-17,,0,3810031,,,,,,,,,,,,,,,
202011,0062000,1,長野県,ナガノケン,Nagano,,,,長野市,ナガノシ,Nagano-shi,,,,大字西和田,オオアザニシワダ,Nishiwada,,,,,,,,0,0,0,0,0,0,1,1,1947-04-17,,0,3810037,,,,,,,,,,,,,,,
202011,0063000,1,長野県,ナガノケン,Nagano,,,,長野市,ナガノシ,Nagano-shi,,,,大字東和田,オオアザヒガシワダ,Higashiwada,,,,,,,,0,0,0,0,0,0,1,1,1947-04-17,,0,3810038,,,,,,,,,,,,,,,
202011,0064000,1,長野県,ナガノケン,Nagano,,,,長野市,ナガノシ,Nagano-shi,,,,大字平柴,オオアザヒラシバ,Hirashiba,,,,,,,,0,0,0,0,0,0,1,1,1947-04-17,,0,3800947,,,,,,,,,,,,,,,
202011,0065000,1,長野県,ナガノケン,Nagano,,,,長野市,ナガノシ,Nagano-shi,,,,大字平林,オオアザヒラバヤシ,Hirabayashi,,,,,,,,0,0,0,0,0,0,1,1,1947-04-17,,0,3810036,,,,,,,,,,,,,,,
202011,0066000,1,長野県,ナガノケン,Nagano,,,,長野市,ナガノシ,Nagano-shi,,,,大字広瀬,オオアザヒロセ,Hirose,,,,,,,,0,0,0,0,0,0,1,1,1947-04-17,,0,3800886,,,,,,,,,,,,,,,
202011,0067000,1,長野県,ナガノケン,Nagano,,,,長野市,ナガノシ,Nagano-shi,,,,大字穂保,オオアザホヤス,Hoyasu,,,,,,,,0,0,0,0,0,0,1,1,1947-04-17,,0,3810003,,,,,,,,,,,,,,,
202011,0068000,1,長野県,ナガノケン,Nagano,,,,長野市,ナガノシ,Nagano-shi,,,,大字大豆島,オオアザマメジマ,Mamejima,,,,,,,,0,0,0,0,0,0,1,1,1947-04-17,,0,3810022,,,,,,,,,,,,,,,
202011,0069000,1,長野県,ナガノケン,Nagano,,,,長野市,ナガノシ,Nagano-shi,,,,大字檀田,オオアザマユミダ,Mayumida,,,,,,,,0,0,0,0,0,0,1,1,1947-04-17,,0,3810052,,,,,,,,,,,,,,,
202011,0070000,1,長野県,ナガノケン,Nagano,,,,長野市,ナガノシ,Nagano-shi,,,,大字南長池,オオアザミナミナガイケ,Minaminagaike,,,,,,,,0,0,0,0,0,0,1,1,1947-04-17,,0,3810024,,,,,,,,,,,,,,,
202011,0071000,1,長野県,ナガノケン,Nagano,,,,長野市,ナガノシ,Nagano-shi,,,,大字南堀,オオアザミナミボリ,Minamihori,,,,,,,,0,0,0,0,0,0,1,1,1947-04-17,,0,3810016,,,,,,,,,,,,,,,
202011,0072000,1,長野県,ナガノケン,Nagano,,,,長野市,ナガノシ,Nagano-shi,,,,大字三輪,オオアザミワ,Miwa,,,,,,,,0,0,0,0,0,0,1,1,1947-04-17,,0,3800803,,,,,,,,,,,,,,,
202011,0073000,1,長野県,ナガノケン,Nagano,,,,長野市,ナガノシ,Nagano-shi,,,,大字村山,オオアザムラヤマ,Murayama,,,,,,,,0,0,0,0,0,0,1,1,1947-04-17,,0,3810011,,,,,,,,,,,,,,,
202011,0074000,1,長野県,ナガノケン,Nagano,,,,長野市,ナガノシ,Nagano-shi,,,,大字屋島,オオアザヤシマ,Yashima,,,,,,,,0,0,0,0,0,0,1,1,1947-04-17,,0,3810021,,,,,,,,,,,,,,,
202011,0075000,1,長野県,ナガノケン,Nagano,,,,長野市,ナガノシ,Nagano-shi,,,,大字柳原,オオアザヤナギハラ,Yanagihara,,,,,,,,0,0,0,0,0,0,1,1,1947-04-17,,0,3810012,,,,,,,,,,,,,,,
202011,0076000,1,長野県,ナガノケン,Nagano,,,,長野市,ナガノシ,Nagano-shi,,,,大字山田中,オオアザヤマダナカ,Yamadanaka,,,,,,,,0,0,0,0,0,0,1,1,1947-04-17,,0,3800876,,,,,,,,,,,,,,,
202011,0077000,1,長野県,ナガノケン,Nagano,,,,長野市,ナガノシ,Nagano-shi,,,,大字吉,オオアザヨシ,Yoshi,,,,,,,,0,0,0,0,0,0,1,1,1947-04-17,,0,3810088,,,,,,,,,,,,,,,
202011,0078000,1,長野県,ナガノケン,Nagano,,,,長野市,ナガノシ,Nagano-shi,,,,大字若槻団地,オオアザワカツキダンチ,Wakatsukidanchi,,,,,,,,0,0,0,0,0,0,1,1,1947-04-17,,0,3810051,,,,,,,,,,,,,,,
202011,0079000,1,長野県,ナガノケン,Nagano,,,,長野市,ナガノシ,Nagano-shi,,,,大字若槻西条,オオアザワカツキニシジョウ,Wakatsukinishijo,,,,,,,,0,0,0,0,0,0,1,1,1947-04-17,,0,3810089,,,,,,,,,,,,,,,
202011,0080000,1,長野県,ナガノケン,Nagano,,,,長野市,ナガノシ,Nagano-shi,,,,大字若槻東条,オオアザワカツキヒガシジョウ,Wakatsukihigashijo,,,,,,,,0,0,0,0,0,0,1,1,1947-04-17,,0,3810084,,,,,,,,,,,,,,,
202011,0081000,1,長野県,ナガノケン,Nagano,,,,長野市,ナガノシ,Nagano-shi,,,,大岡乙,オオオカオツ,Ooka Otsu,,,,,,,,0,0,0,0,0,0,1,1,1947-04-17,,0,3812703,,,,,,,,,,,,,,,
202011,0082000,1,長野県,ナガノケン,Nagano,,,,長野市,ナガノシ,Nagano-shi,,,,大岡甲,オオオカコウ,Ooka Ko,,,,,,,,0,0,0,0,0,0,1,1,1947-04-17,,0,3812704,,,,,,,,,,,,,,,
202011,0083000,1,長野県,ナガノケン,Nagano,,,,長野市,ナガノシ,Nagano-shi,,,,大岡中牧,オオオカナカマキ,Ooka Nakamaki,,,,,,,,0,0,0,0,0,0,1,1,1947-04-17,,0,3812701,,,,,,,,,,,,,,,
202011,0084000,1,長野県,ナガノケン,Nagano,,,,長野市,ナガノシ,Nagano-shi,,,,大岡弘崎,オオオカヒロサキ,Ooka Hirosaki,,,,,,,,0,0,0,0,0,0,1,1,1947-04-17,,0,3812705,,,,,,,,,,,,,,,
202011,0085000,1,長野県,ナガノケン,Nagano,,,,長野市,ナガノシ,Nagano-shi,,,,大岡丙,オオオカヘイ,Ooka Hei,,,,,,,,0,0,0,0,0,0,1,1,1947-04-17,,0,3812702,,,,,,,,,,,,,,,
202011,0086001,2,長野県,ナガノケン,Nagano,,,,長野市,ナガノシ,Nagano-shi,,,,大橋南,オオハシミナミ,Ohashiminami,１丁目,１チョウメ,1,,,,,0,0,0,0,0,0,1,1,1947-04-17,,0,,,,,,,,,,,,,,,,
202011,0086002,2,長野県,ナガノケン,Nagano,,,,長野市,ナガノシ,Nagano-shi,,,,大橋南,オオハシミナミ,Ohashiminami,２丁目,２チョウメ,2,,,,,0,0,0,0,0,0,1,1,1947-04-17,,0,,,,,,,,,,,,,,,,
202011,0087000,1,長野県,ナガノケン,Nagano,,,,長野市,ナガノシ,Nagano-shi,,,,小島田町,オシマダマチ,Oshimadamachi,,,,,,,,0,0,0,0,0,0,1,1,1947-04-17,,0,3812212,,,,,,,,,,,,,,,
202011,0088000,1,長野県,ナガノケン,Nagano,,,,長野市,ナガノシ,Nagano-shi,,,,神楽橋,カグラバシ,Kagurabashi,,,,,,,,0,0,0,0,0,0,1,1,1947-04-17,,0,3810053,,,,,,,,,,,,,,,
202011,0089001,2,長野県,ナガノケン,Nagano,,,,長野市,ナガノシ,Nagano-shi,,,,合戦場,ガッセンバ,Kassemba,１丁目,１チョウメ,1,,,,,0,0,0,0,0,0,1,1,1947-04-17,,0,,,,,,,,,,,,,,,,
202011,0089002,2,長野県,ナガノケン,Nagano,,,,長野市,ナガノシ,Nagano-shi,,,,合戦場,ガッセンバ,Kassemba,２丁目,２チョウメ,2,,,,,0,0,0,0,0,0,1,1,1947-04-17,,0,,,,,,,,,,,,,,,,
202011,0089003,2,長野県,ナガノケン,Nagano,,,,長野市,ナガノシ,Nagano-shi,,,,合戦場,ガッセンバ,Kassemba,３丁目,３チョウメ,3,,,,,0,0,0,0,0,0,1,1,1947-04-17,,0,,,,,,,,,,,,,,,,
202011,0090000,1,長野県,ナガノケン,Nagano,,,,長野市,ナガノシ,Nagano-shi,,,,門沢,カドサワ,Kadosawa,,,,,,,,0,0,0,0,0,0,1,1,1947-04-17,,0,3800881,,,,,,,,,,,,,,,
202011,0091000,1,長野県,ナガノケン,Nagano,,,,長野市,ナガノシ,Nagano-shi,,,,金井田,カナイダ,Kanaida,,,,,,,,0,0,0,0,0,0,1,1,1947-04-17,,0,3812222,,,,,,,,,,,,,,,
202011,0092000,1,長野県,ナガノケン,Nagano,,,,長野市,ナガノシ,Nagano-shi,,,,川中島町今井,カワナカジママチイマイ,Kawanakajimamachi Imai,,,,,,,,0,0,0,0,0,0,1,1,1947-04-17,,0,3812226,,,,,,,,,,,,,,,
202011,0093000,1,長野県,ナガノケン,Nagano,,,,長野市,ナガノシ,Nagano-shi,,,,川中島町今井原,カワナカジママチイマイハラ,Kawanakajimamachi Imaihara,,,,,,,,0,0,0,0,0,0,1,1,1947-04-17,,0,3812227,,,,,,,,,,,,,,,
202011,0094000,1,長野県,ナガノケン,Nagano,,,,長野市,ナガノシ,Nagano-shi,,,,川中島町今里,カワナカジママチイマサト,Kawanakajimamachi Imazato,,,,,,,,0,0,0,0,0,0,1,1,1947-04-17,,0,3812234,,,,,,,,,,,,,,,
202011,0095000,1,長野県,ナガノケン,Nagano,,,,長野市,ナガノシ,Nagano-shi,,,,川中島町上氷鉋,カワナカジママチカミヒガノ,Kawanakajimamachi Kamihigano,,,,,,,,0,0,0,0,0,0,1,1,1947-04-17,,0,3812233,,,,,,,,,,,,,,,
202011,0096000,1,長野県,ナガノケン,Nagano,,,,長野市,ナガノシ,Nagano-shi,,,,川中島町原,カワナカジママチハラ,Kawanakajimamachi Hara,,,,,,,,0,0,0,0,0,0,1,1,1947-04-17,,0,3812224,,,,,,,,,,,,,,,
202011,0097000,1,長野県,ナガノケン,Nagano,,,,長野市,ナガノシ,Nagano-shi,,,,川中島町御厨,カワナカジママチミクリヤ,Kawanakajimamachi Mikuriya,,,,,,,,0,0,0,0,0,0,1,1,1947-04-17,,0,3812221,,,,,,,,,,,,,,,
202011,0098000,1,長野県,ナガノケン,Nagano,,,,長野市,ナガノシ,Nagano-shi,,,,川中島町四ツ屋,カワナカジママチヨツヤ,Kawanakajimamachi Yotsuya,,,,,,,,0,0,0,0,0,0,1,1,1947-04-17,,0,3812231,,,,,,,,,,,,,,,
202011,0099000,1,長野県,ナガノケン,Nagano,,,,長野市,ナガノシ,Nagano-shi,,,,北郷,キタゴウ,Kitago,,,,,,,,0,0,0,0,0,0,1,1,1947-04-17,,0,3810075,,,,,,,,,,,,,,,
202011,0100000,1,長野県,ナガノケン,Nagano,,,,長野市,ナガノシ,Nagano-shi,,,,北条町,キタジョウマチ,Kitajomachi,,,,,,,,0,0,0,0,0,0,1,1,1947-04-17,,0,3810035,,,,,,,,,,,,,,,
202011,0101000,1,長野県,ナガノケン,Nagano,,,,長野市,ナガノシ,Nagano-shi,,,,鬼無里,キナサ,Kinasa,,,,,,,,0,0,0,0,0,0,1,1,1947-04-17,,0,3814301,,,,,,,,,,,,,,,
202011,0102000,1,長野県,ナガノケン,Nagano,,,,長野市,ナガノシ,Nagano-shi,,,,鬼無里日下野,キナサクサガノ,Kinasa Kusagano,,,,,,,,0,0,0,0,0,0,1,1,1947-04-17,,0,3814303,,,,,,,,,,,,,,,
202011,0103000,1,長野県,ナガノケン,Nagano,,,,長野市,ナガノシ,Nagano-shi,,,,鬼無里日影,キナサヒカゲ,Kinasa Hikage,,,,,,,,0,0,0,0,0,0,1,1,1947-04-17,,0,3814302,,,,,,,,,,,,,,,
202011,0104001,2,長野県,ナガノケン,Nagano,,,,長野市,ナガノシ,Nagano-shi,,,,桐原,キリハラ,Kirihara,１丁目,１チョウメ,1,,,,,1,1,0,0,0,0,1,1,1947-04-17,,0,,,,,,,,,,,,,,,,
202011,0104002,2,長野県,ナガノケン,Nagano,,,,長野市,ナガノシ,Nagano-shi,,,,桐原,キリハラ,Kirihara,２丁目,２チョウメ,2,,,,,1,1,0,0,0,0,1,1,1947-04-17,,0,,,,,,,,,,,,,,,,
202011,0105000,1,長野県,ナガノケン,Nagano,,,,長野市,ナガノシ,Nagano-shi,,,,坂中,サカナカ,Sakanaka,,,,,,,,0,0,0,0,0,0,1,1,1947-04-17,,0,3810061,,,,,,,,,,,,,,,
202011,0106000,1,長野県,ナガノケン,Nagano,,,,長野市,ナガノシ,Nagano-shi,,,,桜新町,サクラシンマチ,Sakurashimmachi,,,,,,,,0,0,0,0,0,0,1,1,1947-04-17,,0,3810013,,,,,,,,,,,,,,,
202011,0107001,2,長野県,ナガノケン,Nagano,,,,長野市,ナガノシ,Nagano-shi,,,,差出南,サシデミナミ,Sashideminami,１丁目,１チョウメ,1,,,,,1,1,0,0,0,0,1,1,1947-04-17,,0,,,,,,,,,,,,,,,,
202011,0107002,2,長野県,ナガノケン,Nagano,,,,長野市,ナガノシ,Nagano-shi,,,,差出南,サシデミナミ,Sashideminami,２丁目,２チョウメ,2,,,,,1,1,0,0,0,0,1,1,1947-04-17,,0,,,,,,,,,,,,,,,,
202011,0107003,2,長野県,ナガノケン,Nagano,,,,長野市,ナガノシ,Nagano-shi,,,,差出南,サシデミナミ,Sashideminami,３丁目,３チョウメ,3,,,,,1,1,0,0,0,0,1,1,1947-04-17,,0,,,,,,,,,,,,,,,,
202011,0108000,1,長野県,ナガノケン,Nagano,,,,長野市,ナガノシ,Nagano-shi,,,,里島,サトジマ,Satojima,,,,,,,,0,0,0,0,0,0,1,1,1947-04-17,,0,3812223,,,,,,,,,,,,,,,
202011,0109000,1,長野県,ナガノケン,Nagano,,,,長野市,ナガノシ,Nagano-shi,,,,早苗町,サナエチョウ,Sanaecho,,,,,,,,0,0,0,0,0,0,1,1,1947-04-17,,0,3800812,,,,,,,,,,,,,,,
202011,0110001,2,長野県,ナガノケン,Nagano,,,,長野市,ナガノシ,Nagano-shi,,,,三本柳西,サンボンヤナギニシ,Sambonyanagi Nishi,１丁目,１チョウメ,1,,,,,0,0,0,0,0,0,1,1,1947-04-17,,0,,,,,,,,,,,,,,,,
202011,0110002,2,長野県,ナガノケン,Nagano,,,,長野市,ナガノシ,Nagano-shi,,,,三本柳西,サンボンヤナギニシ,Sambonyanagi Nishi,２丁目,２チョウメ,2,,,,,0,0,0,0,0,0,1,1,1947-04-17,,0,,,,,,,,,,,,,,,,
202011,0110003,2,長野県,ナガノケン,Nagano,,,,長野市,ナガノシ,Nagano-shi,,,,三本柳西,サンボンヤナギニシ,Sambonyanagi Nishi,３丁目,３チョウメ,3,,,,,0,0,0,0,0,0,1,1,1947-04-17,,0,,,,,,,,,,,,,,,,
202011,0111001,2,長野県,ナガノケン,Nagano,,,,長野市,ナガノシ,Nagano-shi,,,,三本柳東,サンボンヤナギヒガシ,Sambonyanagi Higashi,１丁目,１チョウメ,1,,,,,0,0,0,0,0,0,1,1,1947-04-17,,0,,,,,,,,,,,,,,,,
202011,0111002,2,長野県,ナガノケン,Nagano,,,,長野市,ナガノシ,Nagano-shi,,,,三本柳東,サンボンヤナギヒガシ,Sambonyanagi Higashi,２丁目,２チョウメ,2,,,,,0,0,0,0,0,0,1,1,1947-04-17,,0,,,,,,,,,,,,,,,,
202011,0111003,2,長野県,ナガノケン,Nagano,,,,長野市,ナガノシ,Nagano-shi,,,,三本柳東,サンボンヤナギヒガシ,Sambonyanagi Higashi,３丁目,３チョウメ,3,,,,,0,0,0,0,0,0,1,1,1947-04-17,,0,,,,,,,,,,,,,,,,
202011,0112000,1,長野県,ナガノケン,Nagano,,,,長野市,ナガノシ,Nagano-shi,,,,篠ノ井会,シノノイアイ,Shinonoi Ai,,,,,,,,0,0,0,0,0,0,1,1,1947-04-17,,0,3888004,,,,,,,,,,,,,,,
202011,0113000,1,長野県,ナガノケン,Nagano,,,,長野市,ナガノシ,Nagano-shi,,,,篠ノ井石川,シノノイイシカワ,Shinonoi Ishikawa,,,,,,,,0,0,0,0,0,0,1,1,1947-04-17,,0,3888015,,,,,,,,,,,,,,,
202011,0114000,1,長野県,ナガノケン,Nagano,,,,長野市,ナガノシ,Nagano-shi,,,,篠ノ井有旅,シノノイウタビ,Shinonoi Utabi,,,,,,,,0,0,0,0,0,0,1,1,1947-04-17,,0,3888016,,,,,,,,,,,,,,,
202011,0115000,1,長野県,ナガノケン,Nagano,,,,長野市,ナガノシ,Nagano-shi,,,,篠ノ井岡田,シノノイオカダ,Shinonoi Okada,,,,,,,,0,0,0,0,0,0,1,1,1947-04-17,,0,3812225,,,,,,,,,,,,,,,
202011,0116000,1,長野県,ナガノケン,Nagano,,,,長野市,ナガノシ,Nagano-shi,,,,篠ノ井御幣川,シノノイオンベガワ,Shinonoi Ombegawa,,,,,,,,0,0,0,0,0,0,1,1,1947-04-17,,0,3888006,,,,,,,,,,,,,,,
202011,0117000,1,長野県,ナガノケン,Nagano,,,,長野市,ナガノシ,Nagano-shi,,,,篠ノ井小松原,シノノイコマツバラ,Shinonoi Komatsubara,,,,,,,,0,0,0,0,0,0,1,1,1947-04-17,,0,3812235,,,,,,,,,,,,,,,
202011,0118000,1,長野県,ナガノケン,Nagano,,,,長野市,ナガノシ,Nagano-shi,,,,篠ノ井小森,シノノイコモリ,Shinonoi Komori,,,,,,,,0,0,0,0,0,0,1,1,1947-04-17,,0,3888003,,,,,,,,,,,,,,,
202011,0119000,1,長野県,ナガノケン,Nagano,,,,長野市,ナガノシ,Nagano-shi,,,,篠ノ井塩崎,シノノイシオザキ,Shinonoi Shiozaki,,,,,,,,0,0,0,0,0,0,1,1,1947-04-17,,0,3888014,,,,,,,,,,,,,,,
202011,0120000,1,長野県,ナガノケン,Nagano,,,,長野市,ナガノシ,Nagano-shi,,,,篠ノ井布施五明,シノノイフセゴミョウ,Shinonoi Fusegomyo,,,,,,,,0,0,0,0,0,0,1,1,1947-04-17,,0,3888011,,,,,,,,,,,,,,,
202011,0121000,1,長野県,ナガノケン,Nagano,,,,長野市,ナガノシ,Nagano-shi,,,,篠ノ井布施高田,シノノイフセタカダ,Shinonoi Fusetakada,,,,,,,,0,0,0,0,0,0,1,1,1947-04-17,,0,3888007,,,,,,,,,,,,,,,
202011,0122000,1,長野県,ナガノケン,Nagano,,,,長野市,ナガノシ,Nagano-shi,,,,篠ノ井二ツ柳,シノノイフタツヤナギ,Shinonoi Futatsuyanagi,,,,,,,,0,0,0,0,0,0,1,1,1947-04-17,,0,3888012,,,,,,,,,,,,,,,
202011,0123000,1,長野県,ナガノケン,Nagano,,,,長野市,ナガノシ,Nagano-shi,,,,篠ノ井山布施,シノノイヤマブセ,Shinonoi Yamabuse,,,,,,,,0,0,0,0,0,0,1,1,1947-04-17,,0,3888017,,,,,,,,,,,,,,,
202011,0124000,1,長野県,ナガノケン,Nagano,,,,長野市,ナガノシ,Nagano-shi,,,,篠ノ井横田,シノノイヨコタ,Shinonoi Yokota,,,,,,,,0,0,0,0,0,0,1,1,1947-04-17,,0,3888005,,,,,,,,,,,,,,,
202011,0125001,2,長野県,ナガノケン,Nagano,,,,長野市,ナガノシ,Nagano-shi,,,,下氷鉋,シモヒガノ,Shimohigano,１丁目,１チョウメ,1,,,,,0,0,0,0,0,0,1,1,1947-04-17,,0,,,,,,,,,,,,,,,,
202011,0126000,1,長野県,ナガノケン,Nagano,,,,長野市,ナガノシ,Nagano-shi,,,,伺去,シャリ,Shari,,,,,,,,0,0,0,0,0,0,1,1,1947-04-17,,0,3810063,,,,,,,,,,,,,,,
202011,0127000,1,長野県,ナガノケン,Nagano,,,,長野市,ナガノシ,Nagano-shi,,,,真光寺,シンコウジ,Shinkoji,,,,,,,,0,0,0,0,0,0,1,1,1947-04-17,,0,3810065,,,,,,,,,,,,,,,
202011,0128000,1,長野県,ナガノケン,Nagano,,,,長野市,ナガノシ,Nagano-shi,,,,信更町赤田,シンコウマチアカダ,Shinkomachi Akada,,,,,,,,0,0,0,0,0,0,1,1,1947-04-17,,0,3812352,,,,,,,,,,,,,,,
202011,0129000,1,長野県,ナガノケン,Nagano,,,,長野市,ナガノシ,Nagano-shi,,,,信更町上尾,シンコウマチアゲオ,Shinkomachi Ageo,,,,,,,,0,0,0,0,0,0,1,1,1947-04-17,,0,3812344,,,,,,,,,,,,,,,
202011,0130000,1,長野県,ナガノケン,Nagano,,,,長野市,ナガノシ,Nagano-shi,,,,信更町今泉,シンコウマチイマイズミ,Shinkomachi Imaizumi,,,,,,,,0,0,0,0,0,0,1,1,1947-04-17,,0,3812358,,,,,,,,,,,,,,,
202011,0131000,1,長野県,ナガノケン,Nagano,,,,長野市,ナガノシ,Nagano-shi,,,,信更町桜井,シンコウマチサクライ,Shinkomachi Sakurai,,,,,,,,0,0,0,0,0,0,1,1,1947-04-17,,0,3812343,,,,,,,,,,,,,,,
202011,0132000,1,長野県,ナガノケン,Nagano,,,,長野市,ナガノシ,Nagano-shi,,,,信更町三水,シンコウマチサミズ,Shinkomachi Samizu,,,,,,,,0,0,0,0,0,0,1,1,1947-04-17,,0,3812359,,,,,,,,,,,,,,,
202011,0133000,1,長野県,ナガノケン,Nagano,,,,長野市,ナガノシ,Nagano-shi,,,,信更町下平,シンコウマチシモダイラ,Shinkomachi Shimodaira,,,,,,,,0,0,0,0,0,0,1,1,1947-04-17,,0,3812341,,,,,,,,,,,,,,,
202011,0134000,1,長野県,ナガノケン,Nagano,,,,長野市,ナガノシ,Nagano-shi,,,,信更町高野,シンコウマチタカノ,Shinkomachi Takano,,,,,,,,0,0,0,0,0,0,1,1,1947-04-17,,0,3812355,,,,,,,,,,,,,,,
202011,0135000,1,長野県,ナガノケン,Nagano,,,,長野市,ナガノシ,Nagano-shi,,,,信更町田沢,シンコウマチタザワ,Shinkomachi Tazawa,,,,,,,,0,0,0,0,0,0,1,1,1947-04-17,,0,3812354,,,,,,,,,,,,,,,
202011,0136000,1,長野県,ナガノケン,Nagano,,,,長野市,ナガノシ,Nagano-shi,,,,信更町田野口,シンコウマチタノクチ,Shinkomachi Tanokuchi,,,,,,,,0,0,0,0,0,0,1,1,1947-04-17,,0,3812353,,,,,,,,,,,,,,,
202011,0137000,1,長野県,ナガノケン,Nagano,,,,長野市,ナガノシ,Nagano-shi,,,,信更町灰原,シンコウマチハイバラ,Shinkomachi Haibara,,,,,,,,0,0,0,0,0,0,1,1,1947-04-17,,0,3812357,,,,,,,,,,,,,,,
202011,0138000,1,長野県,ナガノケン,Nagano,,,,長野市,ナガノシ,Nagano-shi,,,,信更町氷ノ田,シンコウマチヒノタ,Shinkomachi Hinota,,,,,,,,0,0,0,0,0,0,1,1,1947-04-17,,0,3812351,,,,,,,,,,,,,,,
202011,0139000,1,長野県,ナガノケン,Nagano,,,,長野市,ナガノシ,Nagano-shi,,,,信更町古藤,シンコウマチフルフジ,Shinkomachi Furufuji,,,,,,,,0,0,0,0,0,0,1,1,1947-04-17,,0,3812347,,,,,,,,,,,,,,,
202011,0140000,1,長野県,ナガノケン,Nagano,,,,長野市,ナガノシ,Nagano-shi,,,,信更町宮平,シンコウマチミヤダイラ,Shinkomachi Miyadaira,,,,,,,,0,0,0,0,0,0,1,1,1947-04-17,,0,3812342,,,,,,,,,,,,,,,
202011,0141000,1,長野県,ナガノケン,Nagano,,,,長野市,ナガノシ,Nagano-shi,,,,信更町安庭,シンコウマチヤスニワ,Shinkomachi Yasuniwa,,,,,,,,0,0,0,0,0,0,1,1,1947-04-17,,0,3812346,,,,,,,,,,,,,,,
202011,0142000,1,長野県,ナガノケン,Nagano,,,,長野市,ナガノシ,Nagano-shi,,,,信更町吉原,シンコウマチヨシワラ,Shinkomachi Yoshiwara,,,,,,,,0,0,0,0,0,0,1,1,1947-04-17,,0,3812356,,,,,,,,,,,,,,,
202011,0143000,1,長野県,ナガノケン,Nagano,,,,長野市,ナガノシ,Nagano-shi,,,,信更町涌池,シンコウマチワクイケ,Shinkomachi Wakuike,,,,,,,,0,0,0,0,0,0,1,1,1947-04-17,,0,3812345,,,,,,,,,,,,,,,
202011,0144000,1,長野県,ナガノケン,Nagano,,,,長野市,ナガノシ,Nagano-shi,,,,信州新町上条,シンシュウシンマチカミジョウ,Shinshushimmachi Kamijo,,,,,,,,0,0,0,0,0,0,1,1,1947-04-17,,0,3812404,,,,,,,,,,,,,,,
202011,0145000,1,長野県,ナガノケン,Nagano,,,,長野市,ナガノシ,Nagano-shi,,,,信州新町越道,シンシュウシンマチコエドウ,Shinshushimmachi Koedo,,,,,,,,0,0,0,0,0,0,1,1,1947-04-17,,0,3812401,,,,,,,,,,,,,,,
202011,0146000,1,長野県,ナガノケン,Nagano,,,,長野市,ナガノシ,Nagano-shi,,,,信州新町里穂刈,シンシュウシンマチサトホカリ,Shinshushimmachi Satohokari,,,,,,,,0,0,0,0,0,0,1,1,1947-04-17,,0,3812406,,,,,,,,,,,,,,,
202011,0147000,1,長野県,ナガノケン,Nagano,,,,長野市,ナガノシ,Nagano-shi,,,,信州新町下市場,シンシュウシンマチシモイチバ,Shinshushimmachi Shimoichiba,,,,,,,,0,0,0,0,0,0,1,1,1947-04-17,,0,3812413,,,,,,,,,,,,,,,
202011,0148000,1,長野県,ナガノケン,Nagano,,,,長野市,ナガノシ,Nagano-shi,,,,信州新町新町,シンシュウシンマチシンマチ,Shinshushimmachi Shimmachi,,,,,,,,0,0,0,0,0,0,1,1,1947-04-17,,0,3812405,,,,,,,,,,,,,,,
202011,0149000,1,長野県,ナガノケン,Nagano,,,,長野市,ナガノシ,Nagano-shi,,,,信州新町左右,シンシュウシンマチソウ,Shinshushimmachi So,,,,,,,,0,0,0,0,0,0,1,1,1947-04-17,,0,3812424,,,,,,,,,,,,,,,
202011,0150000,1,長野県,ナガノケン,Nagano,,,,長野市,ナガノシ,Nagano-shi,,,,信州新町竹房,シンシュウシンマチタケブサ,Shinshushimmachi Takebusa,,,,,,,,0,0,0,0,0,0,1,1,1947-04-17,,0,3812411,,,,,,,,,,,,,,,
202011,0151000,1,長野県,ナガノケン,Nagano,,,,長野市,ナガノシ,Nagano-shi,,,,信州新町中牧,シンシュウシンマチナカマキ,Shinshushimmachi Nakamaki,,,,,,,,0,0,0,0,0,0,1,1,1947-04-17,,0,3812415,,,,,,,,,,,,,,,
202011,0152000,1,長野県,ナガノケン,Nagano,,,,長野市,ナガノシ,Nagano-shi,,,,信州新町信級,シンシュウシンマチノブシナ,Shinshushimmachi Nobushina,,,,,,,,0,0,0,0,0,0,1,1,1947-04-17,,0,3812421,,,,,,,,,,,,,,,
202011,0153000,1,長野県,ナガノケン,Nagano,,,,長野市,ナガノシ,Nagano-shi,,,,信州新町日原西,シンシュウシンマチヒハラニシ,Shinshushimmachi Hiharanishi,,,,,,,,0,0,0,0,0,0,1,1,1947-04-17,,0,3812423,,,,,,,,,,,,,,,
202011,0154000,1,長野県,ナガノケン,Nagano,,,,長野市,ナガノシ,Nagano-shi,,,,信州新町日原東,シンシュウシンマチヒハラヒガシ,Shinshushimmachi Hiharahigashi,,,,,,,,0,0,0,0,0,0,1,1,1947-04-17,,0,3812422,,,,,,,,,,,,,,,
202011,0155000,1,長野県,ナガノケン,Nagano,,,,長野市,ナガノシ,Nagano-shi,,,,信州新町弘崎,シンシュウシンマチヒロサキ,Shinshushimmachi Hirosaki,,,,,,,,0,0,0,0,0,0,1,1,1947-04-17,,0,3812416,,,,,,,,,,,,,,,
202011,0156000,1,長野県,ナガノケン,Nagano,,,,長野市,ナガノシ,Nagano-shi,,,,信州新町牧田中,シンシュウシンマチマキダナカ,Shinshushimmachi Makidanaka,,,,,,,,0,0,0,0,0,0,1,1,1947-04-17,,0,3812414,,,,,,,,,,,,,,,
202011,0157000,1,長野県,ナガノケン,Nagano,,,,長野市,ナガノシ,Nagano-shi,,,,信州新町牧野島,シンシュウシンマチマキノシマ,Shinshushimmachi Makinoshima,,,,,,,,0,0,0,0,0,0,1,1,1947-04-17,,0,3812412,,,,,,,,,,,,,,,
202011,0158000,1,長野県,ナガノケン,Nagano,,,,長野市,ナガノシ,Nagano-shi,,,,信州新町水内,シンシュウシンマチミノチ,Shinshushimmachi Minochi,,,,,,,,0,0,0,0,0,0,1,1,1947-04-17,,0,3812403,,,,,,,,,,,,,,,
202011,0159000,1,長野県,ナガノケン,Nagano,,,,長野市,ナガノシ,Nagano-shi,,,,信州新町山上条,シンシュウシンマチヤマカミジョウ,Shinshushimmachi Yamakamijo,,,,,,,,0,0,0,0,0,0,1,1,1947-04-17,,0,3812402,,,,,,,,,,,,,,,
202011,0160000,1,長野県,ナガノケン,Nagano,,,,長野市,ナガノシ,Nagano-shi,,,,信州新町山穂刈,シンシュウシンマチヤマホカリ,Shinshushimmachi Yamahokari,,,,,,,,0,0,0,0,0,0,1,1,1947-04-17,,0,3812407,,,,,,,,,,,,,,,
202011,0161000,1,長野県,ナガノケン,Nagano,,,,長野市,ナガノシ,Nagano-shi,,,,神明,シンメイ,Shimmei,,,,,,,,0,0,0,0,0,0,1,1,1947-04-17,,0,3888020,,,,,,,,,,,,,,,
202011,0162000,1,長野県,ナガノケン,Nagano,,,,長野市,ナガノシ,Nagano-shi,,,,台ケ窪,ダイガクボ,Daigakubo,,,,,,,,0,0,0,0,0,0,1,1,1947-04-17,,0,3810071,,,,,,,,,,,,,,,
202011,0163000,1,長野県,ナガノケン,Nagano,,,,長野市,ナガノシ,Nagano-shi,,,,田中,タナカ,Tanaka,,,,,,,,0,0,0,0,0,0,1,1,1947-04-17,,0,3810086,,,,,,,,,,,,,,,
202011,0164001,2,長野県,ナガノケン,Nagano,,,,長野市,ナガノシ,Nagano-shi,,,,丹波島,タンバジマ,Tambajima,１丁目,１チョウメ,1,,,,,0,0,0,0,0,0,1,1,1947-04-17,,0,,,,,,,,,,,,,,,,
202011,0164002,2,長野県,ナガノケン,Nagano,,,,長野市,ナガノシ,Nagano-shi,,,,丹波島,タンバジマ,Tambajima,２丁目,２チョウメ,2,,,,,0,0,0,0,0,0,1,1,1947-04-17,,0,,,,,,,,,,,,,,,,
202011,0164003,2,長野県,ナガノケン,Nagano,,,,長野市,ナガノシ,Nagano-shi,,,,丹波島,タンバジマ,Tambajima,３丁目,３チョウメ,3,,,,,0,0,0,0,0,0,1,1,1947-04-17,,0,,,,,,,,,,,,,,,,
202011,0165000,1,長野県,ナガノケン,Nagano,,,,長野市,ナガノシ,Nagano-shi,,,,戸隠,トガクシ,Togakushi,,,,,,,,0,0,0,0,0,0,1,1,1947-04-17,,0,3814101,,,,,,,,,,,,,,,
202011,0166000,1,長野県,ナガノケン,Nagano,,,,長野市,ナガノシ,Nagano-shi,,,,戸隠祖山,トガクシソヤマ,Togakushi Soyama,,,,,,,,0,0,0,0,0,0,1,1,1947-04-17,,0,3814103,,,,,,,,,,,,,,,
202011,0167000,1,長野県,ナガノケン,Nagano,,,,長野市,ナガノシ,Nagano-shi,,,,戸隠栃原,トガクシトチハラ,Togakushi Tochiwara,,,,,,,,0,0,0,0,0,0,1,1,1947-04-17,,0,3814104,,,,,,,,,,,,,,,
202011,0168000,1,長野県,ナガノケン,Nagano,,,,長野市,ナガノシ,Nagano-shi,,,,戸隠豊岡,トガクシトヨオカ,Togakushi Toyoka,,,,,,,,0,0,0,0,0,0,1,1,1947-04-17,,0,3814102,,,,,,,,,,,,,,,
202011,0169001,2,長野県,ナガノケン,Nagano,,,,長野市,ナガノシ,Nagano-shi,,,,徳間,トクマ,Tokuma,１丁目,１チョウメ,1,,,,,1,1,0,0,0,0,1,1,1947-04-17,,0,,,,,,,,,,,,,,,,
202011,0170000,1,長野県,ナガノケン,Nagano,,,,長野市,ナガノシ,Nagano-shi,,,,豊野町浅野,トヨノマチアサノ,Toyonomachi Asano,,,,,,,,0,0,0,0,0,0,1,1,1947-04-17,,0,3891104,,,,,,,,,,,,,,,
202011,0171000,1,長野県,ナガノケン,Nagano,,,,長野市,ナガノシ,Nagano-shi,,,,豊野町石,トヨノマチイシ,Toyonomachi Ishi,,,,,,,,0,0,0,0,0,0,1,1,1947-04-17,,0,3891106,,,,,,,,,,,,,,,
202011,0172000,1,長野県,ナガノケン,Nagano,,,,長野市,ナガノシ,Nagano-shi,,,,豊野町大倉,トヨノマチオオクラ,Toyonomachi Okura,,,,,,,,0,0,0,0,0,0,1,1,1947-04-17,,0,3891102,,,,,,,,,,,,,,,
202011,0173000,1,長野県,ナガノケン,Nagano,,,,長野市,ナガノシ,Nagano-shi,,,,豊野町蟹沢,トヨノマチカニサワ,Toyonomachi Kanisawa,,,,,,,,0,0,0,0,0,0,1,1,1947-04-17,,0,3891103,,,,,,,,,,,,,,,
202011,0174000,1,長野県,ナガノケン,Nagano,,,,長野市,ナガノシ,Nagano-shi,,,,豊野町川谷,トヨノマチカワタニ,Toyonomachi Kawatani,,,,,,,,0,0,0,0,0,0,1,1,1947-04-17,,0,3891101,,,,,,,,,,,,,,,
202011,0175000,1,長野県,ナガノケン,Nagano,,,,長野市,ナガノシ,Nagano-shi,,,,豊野町豊野,トヨノマチトヨノ,Toyonomachi Toyono,,,,,,,,0,0,0,0,0,0,1,1,1947-04-17,,0,3891105,,,,,,,,,,,,,,,
202011,0176000,1,長野県,ナガノケン,Nagano,,,,長野市,ナガノシ,Nagano-shi,,,,豊野町南郷,トヨノマチミナミゴウ,Toyonomachi Minamigo,,,,,,,,0,0,0,0,0,0,1,1,1947-04-17,,0,3891107,,,,,,,,,,,,,,,
202011,0177001,2,長野県,ナガノケン,Nagano,,,,長野市,ナガノシ,Nagano-shi,,,,中越,ナカゴエ,Nakagoe,１丁目,１チョウメ,1,,,,,1,1,0,0,0,0,1,1,1947-04-17,,0,,,,,,,,,,,,,,,,
202011,0177002,2,長野県,ナガノケン,Nagano,,,,長野市,ナガノシ,Nagano-shi,,,,中越,ナカゴエ,Nakagoe,２丁目,２チョウメ,2,,,,,1,1,0,0,0,0,1,1,1947-04-17,,0,,,,,,,,,,,,,,,,
202011,0178001,2,長野県,ナガノケン,Nagano,,,,長野市,ナガノシ,Nagano-shi,,,,中御所,ナカゴショ,Nakagosho,１丁目,１チョウメ,1,,,,,1,1,0,0,0,0,1,1,1947-04-17,,0,,,,,,,,,,,,,,,,
202011,0178002,2,長野県,ナガノケン,Nagano,,,,長野市,ナガノシ,Nagano-shi,,,,中御所,ナカゴショ,Nakagosho,２丁目,２チョウメ,2,,,,,1,1,0,0,0,0,1,1,1947-04-17,,0,,,,,,,,,,,,,,,,
202011,0178003,2,長野県,ナガノケン,Nagano,,,,長野市,ナガノシ,Nagano-shi,,,,中御所,ナカゴショ,Nakagosho,３丁目,３チョウメ,3,,,,,1,1,0,0,0,0,1,1,1947-04-17,,0,,,,,,,,,,,,,,,,
202011,0178004,2,長野県,ナガノケン,Nagano,,,,長野市,ナガノシ,Nagano-shi,,,,中御所,ナカゴショ,Nakagosho,４丁目,４チョウメ,4,,,,,1,1,0,0,0,0,1,1,1947-04-17,,0,,,,,,,,,,,,,,,,
202011,0178005,2,長野県,ナガノケン,Nagano,,,,長野市,ナガノシ,Nagano-shi,,,,中御所,ナカゴショ,Nakagosho,５丁目,５チョウメ,5,,,,,1,1,0,0,0,0,1,1,1947-04-17,,0,,,,,,,,,,,,,,,,
202011,0179001,2,長野県,ナガノケン,Nagano,,,,長野市,ナガノシ,Nagano-shi,,,,中御所町,ナカゴシヨマチ１,,１丁目,１チョウメ,1,,,,,0,0,0,0,0,0,1,0,1947-04-17,,1,,,,,,,,,,,,,,,,
202011,0179002,2,長野県,ナガノケン,Nagano,,,,長野市,ナガノシ,Nagano-shi,,,,中御所町,ナカゴシヨマチ２,,２丁目,２チョウメ,2,,,,,0,0,0,0,0,0,1,0,1947-04-17,,1,,,,,,,,,,,,,,,,
202011,0179003,2,長野県,ナガノケン,Nagano,,,,長野市,ナガノシ,Nagano-shi,,,,中御所町,ナカゴシヨマチ３,,３丁目,３チョウメ,3,,,,,0,0,0,0,0,0,1,0,1947-04-17,,1,,,,,,,,,,,,,,,,
202011,0179004,2,長野県,ナガノケン,Nagano,,,,長野市,ナガノシ,Nagano-shi,,,,中御所町,ナカゴショマチ,Nakagoshomachi,４丁目,４チョウメ,4,,,,,0,0,0,0,0,0,1,1,1947-04-17,,0,,,,,,,,,,,,,,,,
202011,0180000,1,長野県,ナガノケン,Nagano,,,,長野市,ナガノシ,Nagano-shi,,,,中条,ナカジョウ,Nakajo,,,,,,,,0,0,0,0,0,0,1,1,1947-04-17,,0,3813203,,,,,,,,,,,,,,,
202011,0182000,1,長野県,ナガノケン,Nagano,,,,長野市,ナガノシ,Nagano-shi,,,,中条住良木,ナカジョウスメラギ,Nakajo Sumeragi,,,,,,,,0,0,0,0,0,0,1,1,1947-04-17,,0,3813205,,,,,,,,,,,,,,,
202011,0183000,1,長野県,ナガノケン,Nagano,,,,長野市,ナガノシ,Nagano-shi,,,,中条日高,ナカジョウヒダカ,Nakajo Hidaka,,,,,,,,0,0,0,0,0,0,1,1,1947-04-17,,0,3813201,,,,,,,,,,,,,,,
202011,0184000,1,長野県,ナガノケン,Nagano,,,,長野市,ナガノシ,Nagano-shi,,,,中条御山里,ナカジョウミヤマサ,Nakajo Miyamasa,,,,,,,,0,0,0,0,0,0,1,1,1947-04-17,,0,3813204,,,,,,,,,,,,,,,
202011,0185000,1,長野県,ナガノケン,Nagano,,,,長野市,ナガノシ,Nagano-shi,,,,中曽根,ナカソネ,Nakazone,,,,,,,,0,0,0,0,0,0,1,1,1947-04-17,,0,3810074,,,,,,,,,,,,,,,
202011,0186000,1,長野県,ナガノケン,Nagano,,,,長野市,ナガノシ,Nagano-shi,,,,七二会,ナニアイ,,,,,,,,,0,0,0,0,0,0,1,1,1947-04-17,,0,,,,,,,,,,,,,,,,
202011,0187000,1,長野県,ナガノケン,Nagano,,,,長野市,ナガノシ,Nagano-shi,,,,西三才,ニシサンサイ,Nishisansai,,,,,,,,0,0,0,0,0,0,1,1,1947-04-17,,0,3810083,,,,,,,,,,,,,,,
202011,0188001,2,長野県,ナガノケン,Nagano,,,,長野市,ナガノシ,Nagano-shi,,,,西和田,ニシワダ,Nishiwada,１丁目,１チョウメ,1,,,,,1,1,0,0,0,0,1,1,1947-04-17,,0,,,,,,,,,,,,,,,,
202011,0188002,2,長野県,ナガノケン,Nagano,,,,長野市,ナガノシ,Nagano-shi,,,,西和田,ニシワダ,Nishiwada,２丁目,２チョウメ,2,,,,,1,1,0,0,0,0,1,1,1947-04-17,,0,,,,,,,,,,,,,,,,
202011,0189001,2,長野県,ナガノケン,Nagano,,,,長野市,ナガノシ,Nagano-shi,,,,箱清水,ハコシミズ,Hakoshimizu,１丁目,１チョウメ,1,,,,,1,1,0,0,0,0,1,1,1947-04-17,,0,,,,,,,,,,,,,,,,
202011,0189002,2,長野県,ナガノケン,Nagano,,,,長野市,ナガノシ,Nagano-shi,,,,箱清水,ハコシミズ,Hakoshimizu,２丁目,２チョウメ,2,,,,,1,1,0,0,0,0,1,1,1947-04-17,,0,,,,,,,,,,,,,,,,
202011,0189003,2,長野県,ナガノケン,Nagano,,,,長野市,ナガノシ,Nagano-shi,,,,箱清水,ハコシミズ,Hakoshimizu,３丁目,３チョウメ,3,,,,,1,1,0,0,0,0,1,1,1947-04-17,,0,,,,,,,,,,,,,,,,
202011,0190000,1,長野県,ナガノケン,Nagano,,,,長野市,ナガノシ,Nagano-shi,,,,東鶴賀町,ヒガシツルガマチ,Higashitsurugamachi,,,,,,,,0,0,0,0,0,0,1,1,1947-04-17,,0,3800811,,,,,,,,,,,,,,,
202011,0191000,1,長野県,ナガノケン,Nagano,,,,長野市,ナガノシ,Nagano-shi,,,,平柴台,ヒラシバダイ,Hirashibadai,,,,,,,,0,0,0,0,0,0,1,1,1947-04-17,,0,3800946,,,,,,,,,,,,,,,
202011,0192001,2,長野県,ナガノケン,Nagano,,,,長野市,ナガノシ,Nagano-shi,,,,平林,ヒラバヤシ,Hirabayashi,１丁目,１チョウメ,1,,,,,1,1,0,0,0,0,1,1,1947-04-17,,0,,,,,,,,,,,,,,,,
202011,0192002,2,長野県,ナガノケン,Nagano,,,,長野市,ナガノシ,Nagano-shi,,,,平林,ヒラバヤシ,Hirabayashi,２丁目,２チョウメ,2,,,,,1,1,0,0,0,0,1,1,1947-04-17,,0,,,,,,,,,,,,,,,,
202011,0193000,1,長野県,ナガノケン,Nagano,,,,長野市,ナガノシ,Nagano-shi,,,,広田,ヒロタ,Hirota,,,,,,,,0,0,0,0,0,0,1,1,1947-04-17,,0,3812213,,,,,,,,,,,,,,,
202011,0194000,1,長野県,ナガノケン,Nagano,,,,長野市,ナガノシ,Nagano-shi,,,,真島町川合,マシママチカワイ,Mashimamachi Kawai,,,,,,,,0,0,0,0,0,0,1,1,1947-04-17,,0,3812203,,,,,,,,,,,,,,,
202011,0195000,1,長野県,ナガノケン,Nagano,,,,長野市,ナガノシ,Nagano-shi,,,,真島町真島,マシママチマシマ,Mashimamachi Mashima,,,,,,,,0,0,0,0,0,0,1,1,1947-04-17,,0,3812204,,,,,,,,,,,,,,,
202011,0196001,2,長野県,ナガノケン,Nagano,,,,長野市,ナガノシ,Nagano-shi,,,,松岡,マツオカ,Matsuoka,１丁目,１チョウメ,1,,,,,1,1,0,0,0,0,1,1,1947-04-17,,0,,,,,,,,,,,,,,,,
202011,0196002,2,長野県,ナガノケン,Nagano,,,,長野市,ナガノシ,Nagano-shi,,,,松岡,マツオカ,Matsuoka,２丁目,２チョウメ,2,,,,,1,1,0,0,0,0,1,1,1947-04-17,,0,,,,,,,,,,,,,,,,
202011,0197000,1,長野県,ナガノケン,Nagano,,,,長野市,ナガノシ,Nagano-shi,,,,松代温泉,マツシロオンセン,Matsushironsen,,,,,,,,0,0,0,0,0,0,1,1,1947-04-17,,0,3811226,,,,,,,,,,,,,,,
202011,0198000,1,長野県,ナガノケン,Nagano,,,,長野市,ナガノシ,Nagano-shi,,,,松代町岩野,マツシロマチイワノ,Matsushiromachi Iwano,,,,,,,,0,0,0,0,0,0,1,1,1947-04-17,,0,3811234,,,,,,,,,,,,,,,
202011,0199000,1,長野県,ナガノケン,Nagano,,,,長野市,ナガノシ,Nagano-shi,,,,松代町大室,マツシロマチオオムロ,Matsushiromachi Omuro,,,,,,,,0,0,0,0,0,0,1,1,1947-04-17,,0,3811211,,,,,,,,,,,,,,,
202011,0200000,1,長野県,ナガノケン,Nagano,,,,長野市,ナガノシ,Nagano-shi,,,,松代町小島田,マツシロマチオシマダ,Matsushiromachi Oshimada,,,,,,,,0,0,0,0,0,0,1,1,1947-04-17,,0,3811213,,,,,,,,,,,,,,,
202011,0201000,1,長野県,ナガノケン,Nagano,,,,長野市,ナガノシ,Nagano-shi,,,,松代町清野,マツシロマチキヨノ,Matsushiromachi Kiyono,,,,,,,,0,0,0,0,0,0,1,1,1947-04-17,,0,3811233,,,,,,,,,,,,,,,
202011,0202000,1,長野県,ナガノケン,Nagano,,,,長野市,ナガノシ,Nagano-shi,,,,松代町柴,マツシロマチシバ,Matsushiromachi Shiba,,,,,,,,0,0,0,0,0,0,1,1,1947-04-17,,0,3811214,,,,,,,,,,,,,,,
202011,0203000,1,長野県,ナガノケン,Nagano,,,,長野市,ナガノシ,Nagano-shi,,,,松代町城東,マツシロマチジョウトウ,Matsushiromachi Joto,,,,,,,,0,0,0,0,0,0,1,1,1947-04-17,,0,3811224,,,,,,,,,,,,,,,
202011,0204000,1,長野県,ナガノケン,Nagano,,,,長野市,ナガノシ,Nagano-shi,,,,松代町城北,マツシロマチジョウホク,Matsushiromachi Johoku,,,,,,,,0,0,0,0,0,0,1,1,1947-04-17,,0,3811235,,,,,,,,,,,,,,,
202011,0205000,1,長野県,ナガノケン,Nagano,,,,長野市,ナガノシ,Nagano-shi,,,,松代町豊栄,マツシロマチトヨサカ,Matsushiromachi Toyosaka,,,,,,,,0,0,0,0,0,0,1,1,1947-04-17,,0,3811222,,,,,,,,,,,,,,,
202011,0206000,1,長野県,ナガノケン,Nagano,,,,長野市,ナガノシ,Nagano-shi,,,,松代町西条,マツシロマチニシジョウ,Matsushiromachi Nishijo,,,,,,,,0,0,0,0,0,0,1,1,1947-04-17,,0,3811232,,,,,,,,,,,,,,,
202011,0207000,1,長野県,ナガノケン,Nagano,,,,長野市,ナガノシ,Nagano-shi,,,,松代町西寺尾,マツシロマチニシデラオ,Matsushiromachi Nishiterao,,,,,,,,0,0,0,0,0,0,1,1,1947-04-17,,0,3811215,,,,,,,,,,,,,,,
202011,0208000,1,長野県,ナガノケン,Nagano,,,,長野市,ナガノシ,Nagano-shi,,,,松代町東条,マツシロマチヒガシジョウ,Matsushiromachi Higashijo,,,,,,,,0,0,0,0,0,0,1,1,1947-04-17,,0,3811221,,,,,,,,,,,,,,,
202011,0209000,1,長野県,ナガノケン,Nagano,,,,長野市,ナガノシ,Nagano-shi,,,,松代町東寺尾,マツシロマチヒガシデラオ,Matsushiromachi Higashiterao,,,,,,,,0,0,0,0,0,0,1,1,1947-04-17,,0,3811225,,,,,,,,,,,,,,,
202011,0210000,1,長野県,ナガノケン,Nagano,,,,長野市,ナガノシ,Nagano-shi,,,,松代町牧島,マツシロマチマキシマ,Matsushiromachi Makishima,,,,,,,,0,0,0,0,0,0,1,1,1947-04-17,,0,3811212,,,,,,,,,,,,,,,
202011,0211000,1,長野県,ナガノケン,Nagano,,,,長野市,ナガノシ,Nagano-shi,,,,松代町松代,マツシロマチマツシロ,Matsushiromachi Matsushiro,,,,,,,,0,0,0,0,0,0,1,1,1947-04-17,,0,3811231,,,,,,,,,,,,,,,
202011,0212000,1,長野県,ナガノケン,Nagano,,,,長野市,ナガノシ,Nagano-shi,,,,大豆島西沖,マメジマニシオキ,,,,,,,,,0,0,0,0,0,0,1,1,1947-04-17,,0,,,,,,,,,,,,,,,,
202011,0213001,2,長野県,ナガノケン,Nagano,,,,長野市,ナガノシ,Nagano-shi,,,,檀田,マユミダ,Mayumida,１丁目,１チョウメ,1,,,,,1,1,0,0,0,0,1,1,1947-04-17,,0,,,,,,,,,,,,,,,,
202011,0213002,2,長野県,ナガノケン,Nagano,,,,長野市,ナガノシ,Nagano-shi,,,,檀田,マユミダ,Mayumida,２丁目,２チョウメ,2,,,,,1,1,0,0,0,0,1,1,1947-04-17,,0,,,,,,,,,,,,,,,,
202011,0214000,1,長野県,ナガノケン,Nagano,,,,長野市,ナガノシ,Nagano-shi,,,,みこと川,ミコトガワ,Mikotogawa,,,,,,,,0,0,0,0,0,0,1,1,1947-04-17,,0,3888013,,,,,,,,,,,,,,,
202011,0215000,1,長野県,ナガノケン,Nagano,,,,長野市,ナガノシ,Nagano-shi,,,,三ツ出,ミツイデ,Mitsude,,,,,,,,0,0,0,0,0,0,1,1,1947-04-17,,0,3810076,,,,,,,,,,,,,,,
202011,0216000,1,長野県,ナガノケン,Nagano,,,,長野市,ナガノシ,Nagano-shi,,,,皆神台,ミナカミダイ,Minakamidai,,,,,,,,0,0,0,0,0,0,1,1,1947-04-17,,0,3811223,,,,,,,,,,,,,,,
202011,0217001,2,長野県,ナガノケン,Nagano,,,,長野市,ナガノシ,Nagano-shi,,,,南高田,ミナミタカダ,Minamitakada,１丁目,１チョウメ,1,,,,,0,0,0,0,0,0,1,1,1947-04-17,,0,,,,,,,,,,,,,,,,
202011,0217002,2,長野県,ナガノケン,Nagano,,,,長野市,ナガノシ,Nagano-shi,,,,南高田,ミナミタカダ,Minamitakada,２丁目,２チョウメ,2,,,,,0,0,0,0,0,0,1,1,1947-04-17,,0,,,,,,,,,,,,,,,,
202011,0218001,2,長野県,ナガノケン,Nagano,,,,長野市,ナガノシ,Nagano-shi,,,,南千歳,ミナミチトセ,Minamichitose,１丁目,１チョウメ,1,,,,,0,0,0,0,0,0,1,1,1947-04-17,,0,,,,,,,,,,,,,,,,
202011,0218002,2,長野県,ナガノケン,Nagano,,,,長野市,ナガノシ,Nagano-shi,,,,南千歳,ミナミチトセ,Minamichitose,２丁目,２チョウメ,2,,,,,0,0,0,0,0,0,1,1,1947-04-17,,0,,,,,,,,,,,,,,,,
202011,0219000,1,長野県,ナガノケン,Nagano,,,,長野市,ナガノシ,Nagano-shi,,,,宮沖,ミヤオキ,Miyaoki,,,,,,,,0,0,0,0,0,0,1,1,1947-04-17,,0,3800952,,,,,,,,,,,,,,,
202011,0220001,2,長野県,ナガノケン,Nagano,,,,長野市,ナガノシ,Nagano-shi,,,,三輪,ミワ,Miwa,１丁目,１チョウメ,1,,,,,1,1,0,0,0,0,1,1,1947-04-17,,0,,,,,,,,,,,,,,,,
202011,0220002,2,長野県,ナガノケン,Nagano,,,,長野市,ナガノシ,Nagano-shi,,,,三輪,ミワ,Miwa,２丁目,２チョウメ,2,,,,,1,1,0,0,0,0,1,1,1947-04-17,,0,,,,,,,,,,,,,,,,
202011,0220003,2,長野県,ナガノケン,Nagano,,,,長野市,ナガノシ,Nagano-shi,,,,三輪,ミワ,Miwa,３丁目,３チョウメ,3,,,,,1,1,0,0,0,0,1,1,1947-04-17,,0,,,,,,,,,,,,,,,,
202011,0220004,2,長野県,ナガノケン,Nagano,,,,長野市,ナガノシ,Nagano-shi,,,,三輪,ミワ,Miwa,４丁目,４チョウメ,4,,,,,1,1,0,0,0,0,1,1,1947-04-17,,0,,,,,,,,,,,,,,,,
202011,0220005,2,長野県,ナガノケン,Nagano,,,,長野市,ナガノシ,Nagano-shi,,,,三輪,ミワ,Miwa,５丁目,５チョウメ,5,,,,,1,1,0,0,0,0,1,1,1947-04-17,,0,,,,,,,,,,,,,,,,
202011,0220006,2,長野県,ナガノケン,Nagano,,,,長野市,ナガノシ,Nagano-shi,,,,三輪,ミワ,Miwa,６丁目,６チョウメ,6,,,,,1,1,0,0,0,0,1,1,1947-04-17,,0,,,,,,,,,,,,,,,,
202011,0220007,2,長野県,ナガノケン,Nagano,,,,長野市,ナガノシ,Nagano-shi,,,,三輪,ミワ,Miwa,７丁目,７チョウメ,7,,,,,1,1,0,0,0,0,1,1,1947-04-17,,0,,,,,,,,,,,,,,,,
202011,0220008,2,長野県,ナガノケン,Nagano,,,,長野市,ナガノシ,Nagano-shi,,,,三輪,ミワ,Miwa,８丁目,８チョウメ,8,,,,,1,1,0,0,0,0,1,1,1947-04-17,,0,,,,,,,,,,,,,,,,
202011,0220009,2,長野県,ナガノケン,Nagano,,,,長野市,ナガノシ,Nagano-shi,,,,三輪,ミワ,Miwa,９丁目,９チョウメ,9,,,,,1,1,0,0,0,0,1,1,1947-04-17,,0,,,,,,,,,,,,,,,,
202011,0220010,2,長野県,ナガノケン,Nagano,,,,長野市,ナガノシ,Nagano-shi,,,,三輪,ミワ,Miwa,１０丁目,１０チョウメ,10,,,,,1,1,0,0,0,0,1,1,1947-04-17,,0,,,,,,,,,,,,,,,,
202011,0221000,1,長野県,ナガノケン,Nagano,,,,長野市,ナガノシ,Nagano-shi,,,,屋敷田,ヤシキダ,Yashikida,,,,,,,,0,0,0,0,0,0,1,1,1947-04-17,,0,3810055,,,,,,,,,,,,,,,
202011,0222000,1,長野県,ナガノケン,Nagano,,,,長野市,ナガノシ,Nagano-shi,,,,柳町,ヤナギマチ,Yanagimachi,,,,,,,,0,0,0,0,0,0,1,1,1947-04-17,,0,3800805,,,,,,,,,,,,,,,
202011,0223001,2,長野県,ナガノケン,Nagano,,,,長野市,ナガノシ,Nagano-shi,,,,吉田,ヨシダ,Yoshida,１丁目,１チョウメ,1,,,,,1,1,0,0,0,0,1,1,1947-04-17,,0,,,,,,,,,,,,,,,,
202011,0223002,2,長野県,ナガノケン,Nagano,,,,長野市,ナガノシ,Nagano-shi,,,,吉田,ヨシダ,Yoshida,２丁目,２チョウメ,2,,,,,1,1,0,0,0,0,1,1,1947-04-17,,0,,,,,,,,,,,,,,,,
202011,0223003,2,長野県,ナガノケン,Nagano,,,,長野市,ナガノシ,Nagano-shi,,,,吉田,ヨシダ,Yoshida,３丁目,３チョウメ,3,,,,,1,1,0,0,0,0,1,1,1947-04-17,,0,,,,,,,,,,,,,,,,
202011,0223004,2,長野県,ナガノケン,Nagano,,,,長野市,ナガノシ,Nagano-shi,,,,吉田,ヨシダ,Yoshida,４丁目,４チョウメ,4,,,,,1,1,0,0,0,0,1,1,1947-04-17,,0,,,,,,,,,,,,,,,,
202011,0223005,2,長野県,ナガノケン,Nagano,,,,長野市,ナガノシ,Nagano-shi,,,,吉田,ヨシダ,Yoshida,５丁目,５チョウメ,5,,,,,1,1,0,0,0,0,1,1,1947-04-17,,0,,,,,,,,,,,,,,,,
202011,0224001,2,長野県,ナガノケン,Nagano,,,,長野市,ナガノシ,Nagano-shi,,,,若里,ワカサト,Wakasato,１丁目,１チョウメ,1,,,,,1,1,0,0,0,0,1,1,1947-04-17,,0,,,,,,,,,,,,,,,,
202011,0224002,2,長野県,ナガノケン,Nagano,,,,長野市,ナガノシ,Nagano-shi,,,,若里,ワカサト,Wakasato,２丁目,２チョウメ,2,,,,,1,1,0,0,0,0,1,1,1947-04-17,,0,,,,,,,,,,,,,,,,
202011,0224003,2,長野県,ナガノケン,Nagano,,,,長野市,ナガノシ,Nagano-shi,,,,若里,ワカサト,Wakasato,３丁目,３チョウメ,3,,,,,1,1,0,0,0,0,1,1,1947-04-17,,0,,,,,,,,,,,,,,,,
202011,0224004,2,長野県,ナガノケン,Nagano,,,,長野市,ナガノシ,Nagano-shi,,,,若里,ワカサト,Wakasato,４丁目,４チョウメ,4,,,,,1,1,0,0,0,0,1,1,1947-04-17,,0,,,,,,,,,,,,,,,,
202011,0224005,2,長野県,ナガノケン,Nagano,,,,長野市,ナガノシ,Nagano-shi,,,,若里,ワカサト,Wakasato,５丁目,５チョウメ,5,,,,,1,1,0,0,0,0,1,1,1947-04-17,,0,,,,,,,,,,,,,,,,
202011,0224006,2,長野県,ナガノケン,Nagano,,,,長野市,ナガノシ,Nagano-shi,,,,若里,ワカサト,Wakasato,６丁目,６チョウメ,6,,,,,1,1,0,0,0,0,1,1,1947-04-17,,0,,,,,,,,,,,,,,,,
202011,0224007,2,長野県,ナガノケン,Nagano,,,,長野市,ナガノシ,Nagano-shi,,,,若里,ワカサト,Wakasato,７丁目,７チョウメ,7,,,,,1,1,0,0,0,0,1,1,1947-04-17,,0,,,,,,,,,,,,,,,,
202011,0225000,1,長野県,ナガノケン,Nagano,,,,長野市,ナガノシ,Nagano-shi,,,,若穂牛島,ワカホウシジマ,,,,,,,,,0,0,0,0,0,0,1,1,1947-04-17,,0,,,,,,,,,,,,,,,,
202011,0226000,1,長野県,ナガノケン,Nagano,,,,長野市,ナガノシ,Nagano-shi,,,,若穂川田,ワカホカワダ,Wakaho Kawada,,,,,,,,0,0,0,0,0,0,1,1,1947-04-17,,0,3810103,,,,,,,,,,,,,,,
202011,0227000,1,長野県,ナガノケン,Nagano,,,,長野市,ナガノシ,Nagano-shi,,,,若穂保科,ワカホホシナ,Wakaho Hoshina,,,,,,,,0,0,0,0,0,0,1,1,1947-04-17,,0,3810102,,,,,,,,,,,,,,,
202011,0228000,1,長野県,ナガノケン,Nagano,,,,長野市,ナガノシ,Nagano-shi,,,,若穂綿内,ワカホワタウチ,Wakaho Watauchi,,,,,,,,0,0,0,0,0,0,1,1,1947-04-17,,0,3810101,,,,,,,,,,,,,,,
202011,0229001,2,長野県,ナガノケン,Nagano,,,,長野市,ナガノシ,Nagano-shi,,,,若宮,ワカミヤ,Wakamiya,１丁目,１チョウメ,1,,,,,0,0,0,0,0,0,1,1,1947-04-17,,0,,,,,,,,,,,,,,,,
202011,0229002,2,長野県,ナガノケン,Nagano,,,,長野市,ナガノシ,Nagano-shi,,,,若宮,ワカミヤ,Wakamiya,２丁目,２チョウメ,2,,,,,0,0,0,0,0,0,1,1,1947-04-17,,0,,,,,,,,,,,,,,,,
202011,0230000,1,長野県,ナガノケン,Nagano,,,,長野市,ナガノシ,Nagano-shi,,,,大字茂菅,オオアザモスゲ,Mosuge,,,,,,,,0,0,0,0,0,0,1,1,1947-04-17,,0,3800874,,,,,,,,,,,,,,,
202011,0231000,1,長野県,ナガノケン,Nagano,,,,長野市,ナガノシ,Nagano-shi,,,,大字南長野,オオアザミナミナガノ,,,,,,,,,0,0,0,0,0,0,1,1,1947-04-17,,0,,,,,,,,,,,,,,,,
202011,0231113,3,長野県,ナガノケン,Nagano,,,,長野市,ナガノシ,Nagano-shi,,,,大字南長野,オオアザミナミナガノ,,,,,諏訪町,スワチヨウ,,,0,0,0,0,0,0,1,0,1947-04-17,,0,,,,,,,,,,,,,,,,
202011,0231130,3,長野県,ナガノケン,Nagano,,,,長野市,ナガノシ,Nagano-shi,,,,大字南長野,オオアザミナミナガノ,,,,,北石堂町,キタイシドウチョウ,,,0,0,0,0,0,0,1,0,1947-04-17,,1,,,,,,,,,,,,,,,,
202011,0231131,3,長野県,ナガノケン,Nagano,,,,長野市,ナガノシ,Nagano-shi,,,,大字南長野,オオアザミナミナガノ,,,,,南県町,ミナミアガタマチ,,,0,0,0,0,0,0,1,0,1947-04-17,,1,,,,,,,,,,,,,,,,
202011,0231132,3,長野県,ナガノケン,Nagano,,,,長野市,ナガノシ,Nagano-shi,,,,大字南長野,オオアザミナミナガノ,,,,,南石堂町,ミナミイシドウチョウ,,,0,0,0,0,0,0,1,0,1947-04-17,,1,,,,,,,,,,,,,,,,
202011,0231133,3,長野県,ナガノケン,Nagano,,,,長野市,ナガノシ,Nagano-shi,,,,大字南長野,オオアザミナミナガノ,,,,,妻科,ツマシナ,,,0,0,0,0,0,0,1,0,1947-04-17,,1,,,,,,,,,,,,,,,,
202011,0231134,3,長野県,ナガノケン,Nagano,,,,長野市,ナガノシ,Nagano-shi,,,,大字南長野,オオアザミナミナガノ,,,,,新田町,シンデンチョウ,,,0,0,0,0,0,0,1,0,1947-04-17,,1,,,,,,,,,,,,,,,,
202011,0231135,3,長野県,ナガノケン,Nagano,,,,長野市,ナガノシ,Nagano-shi,,,,大字南長野,オオアザミナミナガノ,,,,,末広町,スエヒロチョウ,,,0,0,0,0,0,0,1,0,1947-04-17,,1,,,,,,,,,,,,,,,,
202011,0231136,3,長野県,ナガノケン,Nagano,,,,長野市,ナガノシ,Nagano-shi,,,,大字南長野,オオアザミナミナガノ,,,,,県町,アガタマチ,,,0,0,0,0,0,0,1,0,1947-04-17,,1,,,,,,,,,,,,,,,,
202011,0231137,3,長野県,ナガノケン,Nagano,,,,長野市,ナガノシ,Nagano-shi,,,,大字南長野,オオアザミナミナガノ,,,,,西後町,ニシゴチョウ,,,0,0,0,0,0,0,1,0,1947-04-17,,1,,,,,,,,,,,,,,,,
202011,0232000,1,長野県,ナガノケン,Nagano,,,,長野市,ナガノシ,Nagano-shi,,,,大字西長野,オオアザニシナガノ,,,,,,,,,0,0,0,0,0,0,1,1,1947-04-17,,0,,,,,,,,,,,,,,,,
202011,0232134,3,長野県,ナガノケン,Nagano,,,,長野市,ナガノシ,Nagano-shi,,,,大字西長野,オオアザニシナガノ,,,,,往生地,オウジヨウヂ,,,0,0,0,0,0,0,1,0,1947-04-17,,1,,,,,,,,,,,,,,,,
202011,0234000,1,長野県,ナガノケン,Nagano,,,,長野市,ナガノシ,Nagano-shi,,,,大字若里,オオアザワカサト,Wakasato,,,,,,,,0,0,0,0,0,0,1,1,1947-04-17,,0,3800928,,,,,,,,,,,,,,,
202011,0235000,1,長野県,ナガノケン,Nagano,,,,長野市,ナガノシ,Nagano-shi,,,,アークス,アークス,Akusu,,,,,,,,1,1,0,0,0,0,1,1,1947-04-17,,0,3800918,,,,,,,,,,,,,,,
202011,0236000,1,長野県,ナガノケン,Nagano,,,,長野市,ナガノシ,Nagano-shi,,,,篠ノ井東福寺,シノノイトウフクジ,Shinonoi Tofukuji,,,,,,,,0,0,0,0,0,0,1,1,1947-04-17,,0,3888002,,,,,,,,,,,,,,,
202011,0237000,1,長野県,ナガノケン,Nagano,,,,長野市,ナガノシ,Nagano-shi,,,,東犀南,ヒガシサイナミ,Higashisainami,,,,,,,,0,0,0,0,0,0,1,1,1947-04-17,,0,3888001,,,,,,,,,,,,,,,
202011,0238000,1,長野県,ナガノケン,Nagano,,,,長野市,ナガノシ,Nagano-shi,,,,篠ノ井杵淵,シノノイキネブチ,Shinonoi Kinebuchi,,,,,,,,0,0,0,0,0,0,1,1,1947-04-17,,0,3888019,,,,,,,,,,,,,,,
202011,0239000,1,長野県,ナガノケン,Nagano,,,,長野市,ナガノシ,Nagano-shi,,,,篠ノ井西寺尾,シノノイニシデラオ,Shinonoi Nishiderao,,,,,,,,0,0,0,0,0,0,1,1,1947-04-17,,0,3888018,,,,,,,,,,,,,,,
202011,0240000,1,長野県,ナガノケン,Nagano,,,,長野市,ナガノシ,Nagano-shi,,,,荒木,アラキ,,,,,,,,,0,0,0,0,0,0,1,1,1947-04-17,,0,,,,,,,,,,,,,,,,
202011,0241001,2,長野県,ナガノケン,Nagano,,,,長野市,ナガノシ,Nagano-shi,,,,新諏訪,シンスワ,Shinsuwa,１丁目,１チョウメ,1,,,,,1,1,0,0,0,0,1,1,1947-04-17,,0,,,,,,,,,,,,,,,,
202011,0241002,2,長野県,ナガノケン,Nagano,,,,長野市,ナガノシ,Nagano-shi,,,,新諏訪,シンスワ,Shinsuwa,２丁目,２チョウメ,2,,,,,1,1,0,0,0,0,1,1,1947-04-17,,0,,,,,,,,,,,,,,,,
202011,0242000,1,長野県,ナガノケン,Nagano,,,,長野市,ナガノシ,Nagano-shi,,,,大字稲田,オオアザイナダ,Inada,,,,,,,,0,0,0,0,0,0,1,1,1947-04-17,,0,3810042,,,,,,,,,,,,,,,
202011,0243000,1,長野県,ナガノケン,Nagano,,,,長野市,ナガノシ,Nagano-shi,,,,大字古野,オオアザフルノ,,,,,,,,,0,0,0,0,0,0,1,1,1947-04-17,,0,,,,,,,,,,,,,,,,
202011,0244000,1,長野県,ナガノケン,Nagano,,,,長野市,ナガノシ,Nagano-shi,,,,大字中越,オオアザナカゴエ,Nakagoe,,,,,,,,0,0,0,0,0,0,1,1,1947-04-17,,0,3810044,,,,,,,,,,,,,,,
202011,0245000,1,長野県,ナガノケン,Nagano,,,,長野市,ナガノシ,Nagano-shi,,,,大字吉田,オオアザヨシダ,Yoshida,,,,,,,,0,0,0,0,0,0,1,1,1947-04-17,,0,3810043,,,,,,,,,,,,,,,
202011,0246000,1,長野県,ナガノケン,Nagano,,,,長野市,ナガノシ,Nagano-shi,,,,中条日下野,ナカジョウクサガノ,Nakajo Kusagano,,,,,,,,0,0,0,0,0,0,1,1,1947-04-17,,0,3813202,,,,,,,,,,,,,,,
202011,0248000,1,長野県,ナガノケン,Nagano,,,,長野市,ナガノシ,Nagano-shi,,,,七瀬,ナナセ,,,,,,,,,0,0,0,0,0,0,1,1,2022-07-15,,0,,,,,,,,,,,,,,,,
202011,0262000,1,長野県,ナガノケン,Nagano,,,,長野市,ナガノシ,Nagano-shi,,,,七二会丁,ナニアイテイ,,,,,,,,,0,0,0,0,0,0,1,0,1947-04-17,,1,,,,,,,,,,,,,,,,
202011,0263000,1,長野県,ナガノケン,Nagano,,,,長野市,ナガノシ,Nagano-shi,,,,七二会丙,ナニアイヘイ,,,,,,,,,0,0,0,0,0,0,1,0,1947-04-17,,1,,,,,,,,,,,,,,,,
202011,0264000,1,長野県,ナガノケン,Nagano,,,,長野市,ナガノシ,Nagano-shi,,,,七二会乙,ナニアイオツ,,,,,,,,,0,0,0,0,0,0,1,0,1947-04-17,,1,,,,,,,,,,,,,,,,
202011,0265000,1,長野県,ナガノケン,Nagano,,,,長野市,ナガノシ,Nagano-shi,,,,七二会己,ナニアイキ,,,,,,,,,0,0,0,0,0,0,1,0,1947-04-17,,1,,,,,,,,,,,,,,,,
202011,0266000,1,長野県,ナガノケン,Nagano,,,,長野市,ナガノシ,Nagano-shi,,,,七二会戊,ナニアイボ,,,,,,,,,0,0,0,0,0,0,1,0,1947-04-17,,1,,,,,,,,,,,,,,,,
202011,0267000,1,長野県,ナガノケン,Nagano,,,,長野市,ナガノシ,Nagano-shi,,,,七二会甲,ナニアイコウ,,,,,,,,,0,0,0,0,0,0,1,0,1947-04-17,,1,,,,,,,,,,,,,,,,
202011,0268000,1,長野県,ナガノケン,Nagano,,,,長野市,ナガノシ,Nagano-shi,,,,篠ノ井二ツ柳明,シノノイフタツヤナギメイ,,,,,,,,,0,0,0,0,0,0,1,0,1947-04-17,,1,,,,,,,,,,,,,,,,
202011,0269000,1,長野県,ナガノケン,Nagano,,,,長野市,ナガノシ,Nagano-shi,,,,青木島町青木島乙,アオキジママチアオキジマオツ,,,,,,,,,0,0,0,0,0,0,1,0,1947-04-17,,1,,,,,,,,,,,,,,,,
202011,0270000,1,長野県,ナガノケン,Nagano,,,,長野市,ナガノシ,Nagano-shi,,,,青木島町青木島甲,アオキジママチアオキジマコウ,,,,,,,,,0,0,0,0,0,0,1,0,1947-04-17,,1,,,,,,,,,,,,,,,,
202029,0000467,3,長野県,ナガノケン,Nagano,,,,松本市,マツモトシ,Matsumoto-shi,,,,,,,,,,芳川平田,ヨシカワヒラタ,,,0,0,0,1,0,0,2,1,1947-04-17,,0,,,,,,,,,,,,,,,,
202029,0000468,3,長野県,ナガノケン,Nagano,,,,松本市,マツモトシ,Matsumoto-shi,,,,,,,,,,芳川野溝,ヨシカワノミゾ,,,0,0,0,1,0,0,2,1,1947-04-17,,0,,,,,,,,,,,,,,,,
202029,0001000,1,長野県,ナガノケン,Nagano,,,,松本市,マツモトシ,Matsumoto-shi,,,,会田,アイダ,Aida,,,,,,,,0,0,0,0,0,0,1,1,1947-04-17,,0,3997402,,,,,,,,,,,,,,,
202029,0002001,2,長野県,ナガノケン,Nagano,,,,松本市,マツモトシ,Matsumoto-shi,,,,県,アガタ,Agata,１丁目,１チョウメ,1,,,,,1,1,0,0,0,0,1,1,1947-04-17,,0,,,,,,,,,,,,,,,,
202029,0002002,2,長野県,ナガノケン,Nagano,,,,松本市,マツモトシ,Matsumoto-shi,,,,県,アガタ,Agata,２丁目,２チョウメ,2,,,,,1,1,0,0,0,0,1,1,1947-04-17,,0,,,,,,,,,,,,,,,,
202029,0002003,2,長野県,ナガノケン,Nagano,,,,松本市,マツモトシ,Matsumoto-shi,,,,県,アガタ,Agata,３丁目,３チョウメ,3,,,,,1,1,0,0,0,0,1,1,1947-04-17,,0,,,,,,,,,,,,,,,,
202029,0003000,1,長野県,ナガノケン,Nagano,,,,松本市,マツモトシ,Matsumoto-shi,,,,赤怒田,アカヌタ,Akanuta,,,,,,,,0,0,0,0,0,0,1,1,1947-04-17,,0,3997415,,,,,,,,,,,,,,,
202029,0004001,2,長野県,ナガノケン,Nagano,,,,松本市,マツモトシ,Matsumoto-shi,,,,旭,アサヒ,Asahi,１丁目,１チョウメ,1,,,,,1,1,0,0,0,0,1,1,1947-04-17,,0,,,,,,,,,,,,,,,,
202029,0004002,2,長野県,ナガノケン,Nagano,,,,松本市,マツモトシ,Matsumoto-shi,,,,旭,アサヒ,Asahi,２丁目,２チョウメ,2,,,,,1,1,0,0,0,0,1,1,1947-04-17,,0,,,,,,,,,,,,,,,,
202029,0004003,2,長野県,ナガノケン,Nagano,,,,松本市,マツモトシ,Matsumoto-shi,,,,旭,アサヒ,Asahi,３丁目,３チョウメ,3,,,,,1,1,0,0,0,0,1,1,1947-04-17,,0,,,,,,,,,,,,,,,,
202029,0005001,2,長野県,ナガノケン,Nagano,,,,松本市,マツモトシ,Matsumoto-shi,,,,浅間温泉,アサマオンセン,Asamaonsen,１丁目,１チョウメ,1,,,,,1,1,0,0,0,0,1,1,1947-04-17,,0,,,,,,,,,,,,,,,,
202029,0005002,2,長野県,ナガノケン,Nagano,,,,松本市,マツモトシ,Matsumoto-shi,,,,浅間温泉,アサマオンセン,Asamaonsen,２丁目,２チョウメ,2,,,,,1,1,0,0,0,0,1,1,1947-04-17,,0,,,,,,,,,,,,,,,,
202029,0005003,2,長野県,ナガノケン,Nagano,,,,松本市,マツモトシ,Matsumoto-shi,,,,浅間温泉,アサマオンセン,Asamaonsen,３丁目,３チョウメ,3,,,,,1,1,0,0,0,0,1,1,1947-04-17,,0,,,,,,,,,,,,,,,,
202029,0006000,1,長野県,ナガノケン,Nagano,,,,松本市,マツモトシ,Matsumoto-shi,,,,梓川梓,アズサガワアズサ,Azusagawa Azusa,,,,,,,,0,0,0,0,0,0,1,1,1947-04-17,,0,3901702,,,,,,,,,,,,,,,
202029,0007000,1,長野県,ナガノケン,Nagano,,,,松本市,マツモトシ,Matsumoto-shi,,,,梓川上野,アズサガワウエノ,Azusagawa Ueno,,,,,,,,0,0,0,0,0,0,1,1,1947-04-17,,0,3901703,,,,,,,,,,,,,,,
202029,0008000,1,長野県,ナガノケン,Nagano,,,,松本市,マツモトシ,Matsumoto-shi,,,,梓川倭,アズサガワヤマト,Azusagawa Yamato,,,,,,,,0,0,0,0,0,0,1,1,1947-04-17,,0,3901701,,,,,,,,,,,,,,,
202029,0009000,1,長野県,ナガノケン,Nagano,,,,松本市,マツモトシ,Matsumoto-shi,,,,安曇,アズミ,,,,,,,,,0,0,0,0,0,0,1,1,1947-04-17,,0,,,,,,,,,,,,,,,,
202029,0010000,1,長野県,ナガノケン,Nagano,,,,松本市,マツモトシ,Matsumoto-shi,,,,穴沢,アナザワ,Anazawa,,,,,,,,0,0,0,0,0,0,1,1,1947-04-17,,0,3997403,,,,,,,,,,,,,,,
202029,0011001,2,長野県,ナガノケン,Nagano,,,,松本市,マツモトシ,Matsumoto-shi,,,,蟻ケ崎,アリガサキ,Arigasaki,１丁目,１チョウメ,1,,,,,1,1,0,0,0,0,1,1,1947-04-17,,0,,,,,,,,,,,,,,,,
202029,0011002,2,長野県,ナガノケン,Nagano,,,,松本市,マツモトシ,Matsumoto-shi,,,,蟻ケ崎,アリガサキ,Arigasaki,２丁目,２チョウメ,2,,,,,1,1,0,0,0,0,1,1,1947-04-17,,0,,,,,,,,,,,,,,,,
202029,0011003,2,長野県,ナガノケン,Nagano,,,,松本市,マツモトシ,Matsumoto-shi,,,,蟻ケ崎,アリガサキ,Arigasaki,３丁目,３チョウメ,3,,,,,1,1,0,0,0,0,1,1,1947-04-17,,0,,,,,,,,,,,,,,,,
202029,0011004,2,長野県,ナガノケン,Nagano,,,,松本市,マツモトシ,Matsumoto-shi,,,,蟻ケ崎,アリガサキ,Arigasaki,４丁目,４チョウメ,4,,,,,1,1,0,0,0,0,1,1,1947-04-17,,0,,,,,,,,,,,,,,,,
202029,0011005,2,長野県,ナガノケン,Nagano,,,,松本市,マツモトシ,Matsumoto-shi,,,,蟻ケ崎,アリガサキ,Arigasaki,５丁目,５チョウメ,5,,,,,1,1,0,0,0,0,1,1,1947-04-17,,0,,,,,,,,,,,,,,,,
202029,0011006,2,長野県,ナガノケン,Nagano,,,,松本市,マツモトシ,Matsumoto-shi,,,,蟻ケ崎,アリガサキ,Arigasaki,６丁目,６チョウメ,6,,,,,1,1,0,0,0,0,1,1,1947-04-17,,0,,,,,,,,,,,,,,,,
202029,0012000,1,長野県,ナガノケン,Nagano,,,,松本市,マツモトシ,Matsumoto-shi,,,,蟻ケ崎台,アリガサキダイ,Arigasakidai,,,,,,,,1,1,0,0,0,0,1,1,1947-04-17,,0,3900867,,,,,,,,,,,,,,,
202029,0013001,2,長野県,ナガノケン,Nagano,,,,松本市,マツモトシ,Matsumoto-shi,,,,井川城,イガワジョウ,Igawajo,１丁目,１チョウメ,1,,,,,1,1,0,0,0,0,1,1,1947-04-17,,0,,,,,,,,,,,,,,,,
202029,0013002,2,長野県,ナガノケン,Nagano,,,,松本市,マツモトシ,Matsumoto-shi,,,,井川城,イガワジョウ,Igawajo,２丁目,２チョウメ,2,,,,,1,1,0,0,0,0,1,1,1947-04-17,,0,,,,,,,,,,,,,,,,
202029,0013003,2,長野県,ナガノケン,Nagano,,,,松本市,マツモトシ,Matsumoto-shi,,,,井川城,イガワジョウ,Igawajo,３丁目,３チョウメ,3,,,,,1,1,0,0,0,0,1,1,1947-04-17,,0,,,,,,,,,,,,,,,,
202029,0014001,2,長野県,ナガノケン,Nagano,,,,松本市,マツモトシ,Matsumoto-shi,,,,石芝,イシシバ,Ishishiba,１丁目,１チョウメ,1,,,,,1,1,0,0,0,0,1,1,1947-04-17,,0,3900845,,,,,,,,,,,,,,,
202029,0014002,2,長野県,ナガノケン,Nagano,,,,松本市,マツモトシ,Matsumoto-shi,,,,石芝,イシシバ,Ishishiba,２丁目,２チョウメ,2,,,,,1,1,0,0,0,0,1,1,1947-04-17,,0,3900845,,,,,,,,,,,,,,,
202029,0014003,2,長野県,ナガノケン,Nagano,,,,松本市,マツモトシ,Matsumoto-shi,,,,石芝,イシシバ,Ishishiba,３丁目,３チョウメ,3,,,,,1,1,0,0,0,0,1,1,1947-04-17,,0,3990007,,,,,,,,,,,,,,,
202029,0014004,2,長野県,ナガノケン,Nagano,,,,松本市,マツモトシ,Matsumoto-shi,,,,石芝,イシシバ,Ishishiba,４丁目,４チョウメ,4,,,,,1,1,0,0,0,0,1,1,1947-04-17,,0,3990007,,,,,,,,,,,,,,,
202029,0015000,1,長野県,ナガノケン,Nagano,,,,松本市,マツモトシ,Matsumoto-shi,,,,板場,イタバ,Itaba,,,,,,,,0,0,0,0,0,0,1,1,1947-04-17,,0,3997405,,,,,,,,,,,,,,,
202029,0016000,1,長野県,ナガノケン,Nagano,,,,松本市,マツモトシ,Matsumoto-shi,,,,市場,イチバ,Ichiba,,,,,,,,1,1,0,0,0,0,1,1,1947-04-17,,0,3990004,,,,,,,,,,,,,,,
202029,0017001,2,長野県,ナガノケン,Nagano,,,,松本市,マツモトシ,Matsumoto-shi,,,,出川,イデガワ,Idegawa,１丁目,１チョウメ,1,,,,,1,1,0,0,0,0,1,1,1947-04-17,,0,,,,,,,,,,,,,,,,
202029,0017002,2,長野県,ナガノケン,Nagano,,,,松本市,マツモトシ,Matsumoto-shi,,,,出川,イデガワ,Idegawa,２丁目,２チョウメ,2,,,,,1,1,0,0,0,0,1,1,1947-04-17,,0,,,,,,,,,,,,,,,,
202029,0017003,2,長野県,ナガノケン,Nagano,,,,松本市,マツモトシ,Matsumoto-shi,,,,出川,イデガワ,Idegawa,３丁目,３チョウメ,3,,,,,1,1,0,0,0,0,1,1,1947-04-17,,0,,,,,,,,,,,,,,,,
202029,0018001,2,長野県,ナガノケン,Nagano,,,,松本市,マツモトシ,Matsumoto-shi,,,,埋橋,ウズハシ,Uzuhashi,１丁目,１チョウメ,1,,,,,1,1,0,0,0,0,1,1,1947-04-17,,0,,,,,,,,,,,,,,,,
202029,0018002,2,長野県,ナガノケン,Nagano,,,,松本市,マツモトシ,Matsumoto-shi,,,,埋橋,ウズハシ,Uzuhashi,２丁目,２チョウメ,2,,,,,1,1,0,0,0,0,1,1,1947-04-17,,0,,,,,,,,,,,,,,,,
202029,0019000,1,長野県,ナガノケン,Nagano,,,,松本市,マツモトシ,Matsumoto-shi,,,,大字浅間温泉,オオアザアサマオンセン,Asamaonsen,,,,,,,,0,0,0,0,0,0,1,1,1947-04-17,,0,3900303,,,,,,,,,,,,,,,
202029,0020000,1,長野県,ナガノケン,Nagano,,,,松本市,マツモトシ,Matsumoto-shi,,,,大字蟻ケ崎,オオアザアリガサキ,Arigasaki,,,,,,,,0,0,0,0,0,0,1,1,1947-04-17,,0,3900861,,,,,,,,,,,,,,,
202029,0021000,1,長野県,ナガノケン,Nagano,,,,松本市,マツモトシ,Matsumoto-shi,,,,大字今井,オオアザイマイ,Imai,,,,,,,,0,0,0,0,0,0,1,1,1947-04-17,,0,3901131,,,,,,,,,,,,,,,
202029,0022000,1,長野県,ナガノケン,Nagano,,,,松本市,マツモトシ,Matsumoto-shi,,,,大字入山辺,オオアザイリヤマベ,Iriyamabe,,,,,,,,0,0,0,0,0,0,1,1,1947-04-17,,0,3900222,,,,,,,,,,,,,,,
202029,0023000,1,長野県,ナガノケン,Nagano,,,,松本市,マツモトシ,Matsumoto-shi,,,,大字内田,オオアザウチダ,Uchida,,,,,,,,0,0,0,0,0,0,1,1,1947-04-17,,0,3990023,,,,,,,,,,,,,,,
202029,0024000,1,長野県,ナガノケン,Nagano,,,,松本市,マツモトシ,Matsumoto-shi,,,,大字大村,オオアザオオムラ,Omura,,,,,,,,0,0,0,0,0,0,1,1,1947-04-17,,0,3900304,,,,,,,,,,,,,,,
202029,0025000,1,長野県,ナガノケン,Nagano,,,,松本市,マツモトシ,Matsumoto-shi,,,,大字岡田伊深,オオアザオカダイブカ,Okadaibuka,,,,,,,,0,0,0,0,0,0,1,1,1947-04-17,,0,3900314,,,,,,,,,,,,,,,
202029,0026000,1,長野県,ナガノケン,Nagano,,,,松本市,マツモトシ,Matsumoto-shi,,,,大字岡田下岡田,オオアザオカダシモオカダ,Okadashimokada,,,,,,,,0,0,0,0,0,0,1,1,1947-04-17,,0,3900313,,,,,,,,,,,,,,,
202029,0027000,1,長野県,ナガノケン,Nagano,,,,松本市,マツモトシ,Matsumoto-shi,,,,大字岡田町,オオアザオカダマチ,Okadamachi,,,,,,,,0,0,0,0,0,0,1,1,1947-04-17,,0,3900315,,,,,,,,,,,,,,,
202029,0028000,1,長野県,ナガノケン,Nagano,,,,松本市,マツモトシ,Matsumoto-shi,,,,大字岡田松岡,オオアザオカダマツオカ,Okadamatsuoka,,,,,,,,0,0,0,0,0,0,1,1,1947-04-17,,0,3900312,,,,,,,,,,,,,,,
202029,0029000,1,長野県,ナガノケン,Nagano,,,,松本市,マツモトシ,Matsumoto-shi,,,,大字神林,オオアザカンバヤシ,Kambayashi,,,,,,,,0,0,0,0,0,0,1,1,1947-04-17,,0,3901243,,,,,,,,,,,,,,,
202029,0030000,1,長野県,ナガノケン,Nagano,,,,松本市,マツモトシ,Matsumoto-shi,,,,大字空港東,オオアザクウコウヒガシ,Kukohigashi,,,,,,,,0,0,0,0,0,0,1,1,1947-04-17,,0,3901132,,,,,,,,,,,,,,,
202029,0031000,1,長野県,ナガノケン,Nagano,,,,松本市,マツモトシ,Matsumoto-shi,,,,大字寿小赤,オオアザコトブキコアカ,Kotobukikoaka,,,,,,,,0,0,0,0,0,0,1,1,1947-04-17,,0,3990024,,,,,,,,,,,,,,,
202029,0032000,1,長野県,ナガノケン,Nagano,,,,松本市,マツモトシ,Matsumoto-shi,,,,大字寿白瀬渕,オオアザコトブキシラセブチ,Kotobukishirasebuchi,,,,,,,,0,0,0,0,0,0,1,1,1947-04-17,,0,3990012,,,,,,,,,,,,,,,
202029,0033000,1,長野県,ナガノケン,Nagano,,,,松本市,マツモトシ,Matsumoto-shi,,,,大字寿豊丘,オオアザコトブキトヨオカ,Kotobukitoyoka,,,,,,,,0,0,0,0,0,0,1,1,1947-04-17,,0,3990021,,,,,,,,,,,,,,,
202029,0034000,1,長野県,ナガノケン,Nagano,,,,松本市,マツモトシ,Matsumoto-shi,,,,大字笹賀,オオアザササガ,Sasaga,,,,,,,,0,0,0,0,0,0,1,1,1947-04-17,,0,3990033,,,,,,,,,,,,,,,
202029,0035000,1,長野県,ナガノケン,Nagano,,,,松本市,マツモトシ,Matsumoto-shi,,,,大字里山辺,オオアザサトヤマベ,Satoyamabe,,,,,,,,0,0,0,0,0,0,1,1,1947-04-17,,0,3900221,,,,,,,,,,,,,,,
202029,0036000,1,長野県,ナガノケン,Nagano,,,,松本市,マツモトシ,Matsumoto-shi,,,,大字稲倉,オオアザシナグラ,Shinagura,,,,,,,,0,0,0,0,0,0,1,1,1947-04-17,,0,3900301,,,,,,,,,,,,,,,
202029,0037000,1,長野県,ナガノケン,Nagano,,,,松本市,マツモトシ,Matsumoto-shi,,,,大字島内,オオアザシマウチ,,,,,,,,,0,0,0,0,0,0,1,1,1947-04-17,,0,,,,,,,,,,,,,,,,
202029,0038000,1,長野県,ナガノケン,Nagano,,,,松本市,マツモトシ,Matsumoto-shi,,,,大字島立,オオアザシマダチ,Shimadachi,,,,,,,,0,0,0,0,0,0,1,1,1947-04-17,,0,3900852,,,,,,,,,,,,,,,
202029,0039000,1,長野県,ナガノケン,Nagano,,,,松本市,マツモトシ,Matsumoto-shi,,,,大字惣社,オオアザソウザ,Soza,,,,,,,,0,0,0,0,0,0,1,1,1947-04-17,,0,3900305,,,,,,,,,,,,,,,
202029,0040000,1,長野県,ナガノケン,Nagano,,,,松本市,マツモトシ,Matsumoto-shi,,,,大字中山,オオアザナカヤマ,Nakayama,,,,,,,,0,0,0,0,0,0,1,1,1947-04-17,,0,3900823,,,,,,,,,,,,,,,
202029,0041000,1,長野県,ナガノケン,Nagano,,,,松本市,マツモトシ,Matsumoto-shi,,,,大字新村,オオアザニイムラ,Niimura,,,,,,,,0,0,0,0,0,0,1,1,1947-04-17,,0,3901241,,,,,,,,,,,,,,,
202029,0042000,1,長野県,ナガノケン,Nagano,,,,松本市,マツモトシ,Matsumoto-shi,,,,大字原,オオアザハラ,Hara,,,,,,,,0,0,0,0,0,0,1,1,1947-04-17,,0,3900316,,,,,,,,,,,,,,,
202029,0043000,1,長野県,ナガノケン,Nagano,,,,松本市,マツモトシ,Matsumoto-shi,,,,大字洞,オオアザホラ,Hora,,,,,,,,0,0,0,0,0,0,1,1,1947-04-17,,0,3900317,,,,,,,,,,,,,,,
202029,0044000,1,長野県,ナガノケン,Nagano,,,,松本市,マツモトシ,Matsumoto-shi,,,,大字松原,オオアザマツバラ,Matsubara,,,,,,,,0,0,0,0,0,0,1,1,1947-04-17,,0,3990022,,,,,,,,,,,,,,,
202029,0045000,1,長野県,ナガノケン,Nagano,,,,松本市,マツモトシ,Matsumoto-shi,,,,大字三才山,オオアザミサヤマ,Misayama,,,,,,,,0,0,0,0,0,0,1,1,1947-04-17,,0,3900302,,,,,,,,,,,,,,,
202029,0046000,1,長野県,ナガノケン,Nagano,,,,松本市,マツモトシ,Matsumoto-shi,,,,大字水汲,オオアザミズクマ,Mizukuma,,,,,,,,0,0,0,0,0,0,1,1,1947-04-17,,0,3900311,,,,,,,,,,,,,,,
202029,0047000,1,長野県,ナガノケン,Nagano,,,,松本市,マツモトシ,Matsumoto-shi,,,,大字南浅間,オオアザミナミアサマ,Minamiasama,,,,,,,,0,0,0,0,0,0,1,1,1947-04-17,,0,3900306,,,,,,,,,,,,,,,
202029,0048000,1,長野県,ナガノケン,Nagano,,,,松本市,マツモトシ,Matsumoto-shi,,,,大字宮渕,オオアザミヤブチ,Miyabuchi,,,,,,,,0,0,0,0,0,0,1,1,1947-04-17,,0,3900862,,,,,,,,,,,,,,,
202029,0049000,1,長野県,ナガノケン,Nagano,,,,松本市,マツモトシ,Matsumoto-shi,,,,大字和田,オオアザワダ,Wada,,,,,,,,0,0,0,0,0,0,1,1,1947-04-17,,0,3901242,,,,,,,,,,,,,,,
202029,0050001,2,長野県,ナガノケン,Nagano,,,,松本市,マツモトシ,Matsumoto-shi,,,,大手,オオテ,Ote,１丁目,１チョウメ,1,,,,,1,1,0,0,0,0,1,1,1947-04-17,,0,,,,,,,,,,,,,,,,
202029,0050002,2,長野県,ナガノケン,Nagano,,,,松本市,マツモトシ,Matsumoto-shi,,,,大手,オオテ,Ote,２丁目,２チョウメ,2,,,,,1,1,0,0,0,0,1,1,1947-04-17,,0,,,,,,,,,,,,,,,,
202029,0050003,2,長野県,ナガノケン,Nagano,,,,松本市,マツモトシ,Matsumoto-shi,,,,大手,オオテ,Ote,３丁目,３チョウメ,3,,,,,1,1,0,0,0,0,1,1,1947-04-17,,0,,,,,,,,,,,,,,,,
202029,0050004,2,長野県,ナガノケン,Nagano,,,,松本市,マツモトシ,Matsumoto-shi,,,,大手,オオテ,Ote,４丁目,４チョウメ,4,,,,,1,1,0,0,0,0,1,1,1947-04-17,,0,,,,,,,,,,,,,,,,
202029,0050005,2,長野県,ナガノケン,Nagano,,,,松本市,マツモトシ,Matsumoto-shi,,,,大手,オオテ,Ote,５丁目,５チョウメ,5,,,,,1,1,0,0,0,0,1,1,1947-04-17,,0,,,,,,,,,,,,,,,,
202029,0051001,2,長野県,ナガノケン,Nagano,,,,松本市,マツモトシ,Matsumoto-shi,,,,開智,カイチ,Kaichi,１丁目,１チョウメ,1,,,,,1,1,0,0,0,0,1,1,1947-04-17,,0,,,,,,,,,,,,,,,,
202029,0051002,2,長野県,ナガノケン,Nagano,,,,松本市,マツモトシ,Matsumoto-shi,,,,開智,カイチ,Kaichi,２丁目,２チョウメ,2,,,,,1,1,0,0,0,0,1,1,1947-04-17,,0,,,,,,,,,,,,,,,,
202029,0051003,2,長野県,ナガノケン,Nagano,,,,松本市,マツモトシ,Matsumoto-shi,,,,開智,カイチ,Kaichi,３丁目,３チョウメ,3,,,,,1,1,0,0,0,0,1,1,1947-04-17,,0,,,,,,,,,,,,,,,,
202029,0052000,1,長野県,ナガノケン,Nagano,,,,松本市,マツモトシ,Matsumoto-shi,,,,金山町,カナヤママチ,Kanayamamachi,,,,,,,,0,0,0,0,0,0,1,1,1947-04-17,,0,3997413,,,,,,,,,,,,,,,
202029,0053001,2,長野県,ナガノケン,Nagano,,,,松本市,マツモトシ,Matsumoto-shi,,,,鎌田,カマダ,Kamada,１丁目,１チョウメ,1,,,,,1,1,0,0,0,0,1,1,1947-04-17,,0,,,,,,,,,,,,,,,,
202029,0053002,2,長野県,ナガノケン,Nagano,,,,松本市,マツモトシ,Matsumoto-shi,,,,鎌田,カマダ,Kamada,２丁目,２チョウメ,2,,,,,1,1,0,0,0,0,1,1,1947-04-17,,0,,,,,,,,,,,,,,,,
202029,0054000,1,長野県,ナガノケン,Nagano,,,,松本市,マツモトシ,Matsumoto-shi,,,,刈谷原町,カリヤハラマチ,Kariyaharamachi,,,,,,,,0,0,0,0,0,0,1,1,1947-04-17,,0,3997417,,,,,,,,,,,,,,,
202029,0055001,2,長野県,ナガノケン,Nagano,,,,松本市,マツモトシ,Matsumoto-shi,,,,神田,カンダ,Kanda,１丁目,１チョウメ,1,,,,,1,1,0,0,0,0,1,1,1947-04-17,,0,,,,,,,,,,,,,,,,
202029,0055002,2,長野県,ナガノケン,Nagano,,,,松本市,マツモトシ,Matsumoto-shi,,,,神田,カンダ,Kanda,２丁目,２チョウメ,2,,,,,1,1,0,0,0,0,1,1,1947-04-17,,0,,,,,,,,,,,,,,,,
202029,0055003,2,長野県,ナガノケン,Nagano,,,,松本市,マツモトシ,Matsumoto-shi,,,,神田,カンダ,Kanda,３丁目,３チョウメ,3,,,,,1,1,0,0,0,0,1,1,1947-04-17,,0,,,,,,,,,,,,,,,,
202029,0056001,2,長野県,ナガノケン,Nagano,,,,松本市,マツモトシ,Matsumoto-shi,,,,北深志,キタフカシ,Kitafukashi,１丁目,１チョウメ,1,,,,,1,1,0,0,0,0,1,1,1947-04-17,,0,,,,,,,,,,,,,,,,
202029,0056002,2,長野県,ナガノケン,Nagano,,,,松本市,マツモトシ,Matsumoto-shi,,,,北深志,キタフカシ,Kitafukashi,２丁目,２チョウメ,2,,,,,1,1,0,0,0,0,1,1,1947-04-17,,0,,,,,,,,,,,,,,,,
202029,0056003,2,長野県,ナガノケン,Nagano,,,,松本市,マツモトシ,Matsumoto-shi,,,,北深志,キタフカシ,Kitafukashi,３丁目,３チョウメ,3,,,,,1,1,0,0,0,0,1,1,1947-04-17,,0,,,,,,,,,,,,,,,,
202029,0057001,2,長野県,ナガノケン,Nagano,,,,松本市,マツモトシ,Matsumoto-shi,,,,桐,キリ,Kiri,１丁目,１チョウメ,1,,,,,1,1,0,0,0,0,1,1,1947-04-17,,0,,,,,,,,,,,,,,,,
202029,0057002,2,長野県,ナガノケン,Nagano,,,,松本市,マツモトシ,Matsumoto-shi,,,,桐,キリ,Kiri,２丁目,２チョウメ,2,,,,,1,1,0,0,0,0,1,1,1947-04-17,,0,,,,,,,,,,,,,,,,
202029,0057003,2,長野県,ナガノケン,Nagano,,,,松本市,マツモトシ,Matsumoto-shi,,,,桐,キリ,Kiri,３丁目,３チョウメ,3,,,,,1,1,0,0,0,0,1,1,1947-04-17,,0,,,,,,,,,,,,,,,,
202029,0059001,2,長野県,ナガノケン,Nagano,,,,松本市,マツモトシ,Matsumoto-shi,,,,寿北,コトブキキタ,Kotobukikita,１丁目,１チョウメ,1,,,,,1,1,0,0,0,0,1,1,1947-04-17,,0,,,,,,,,,,,,,,,,
202029,0059002,2,長野県,ナガノケン,Nagano,,,,松本市,マツモトシ,Matsumoto-shi,,,,寿北,コトブキキタ,Kotobukikita,２丁目,２チョウメ,2,,,,,1,1,0,0,0,0,1,1,1947-04-17,,0,,,,,,,,,,,,,,,,
202029,0059003,2,長野県,ナガノケン,Nagano,,,,松本市,マツモトシ,Matsumoto-shi,,,,寿北,コトブキキタ,Kotobukikita,３丁目,３チョウメ,3,,,,,1,1,0,0,0,0,1,1,1947-04-17,,0,,,,,,,,,,,,,,,,
202029,0059004,2,長野県,ナガノケン,Nagano,,,,松本市,マツモトシ,Matsumoto-shi,,,,寿北,コトブキキタ,Kotobukikita,４丁目,４チョウメ,4,,,,,1,1,0,0,0,0,1,1,1947-04-17,,0,,,,,,,,,,,,,,,,
202029,0059005,2,長野県,ナガノケン,Nagano,,,,松本市,マツモトシ,Matsumoto-shi,,,,寿北,コトブキキタ,Kotobukikita,５丁目,５チョウメ,5,,,,,1,1,0,0,0,0,1,1,1947-04-17,,0,,,,,,,,,,,,,,,,
202029,0059006,2,長野県,ナガノケン,Nagano,,,,松本市,マツモトシ,Matsumoto-shi,,,,寿北,コトブキキタ,Kotobukikita,６丁目,６チョウメ,6,,,,,1,1,0,0,0,0,1,1,1947-04-17,,0,,,,,,,,,,,,,,,,
202029,0059007,2,長野県,ナガノケン,Nagano,,,,松本市,マツモトシ,Matsumoto-shi,,,,寿北,コトブキキタ,Kotobukikita,７丁目,７チョウメ,7,,,,,1,1,0,0,0,0,1,1,1947-04-17,,0,,,,,,,,,,,,,,,,
202029,0059008,2,長野県,ナガノケン,Nagano,,,,松本市,マツモトシ,Matsumoto-shi,,,,寿北,コトブキキタ,Kotobukikita,８丁目,８チョウメ,8,,,,,1,1,0,0,0,0,1,1,1947-04-17,,0,,,,,,,,,,,,,,,,
202029,0059009,2,長野県,ナガノケン,Nagano,,,,松本市,マツモトシ,Matsumoto-shi,,,,寿北,コトブキキタ,Kotobukikita,９丁目,９チョウメ,9,,,,,1,1,0,0,0,0,1,1,1947-04-17,,0,,,,,,,,,,,,,,,,
202029,0060001,2,長野県,ナガノケン,Nagano,,,,松本市,マツモトシ,Matsumoto-shi,,,,寿台,コトブキダイ,Kotobukidai,１丁目,１チョウメ,1,,,,,1,1,0,0,0,0,1,1,1947-04-17,,0,,,,,,,,,,,,,,,,
202029,0060002,2,長野県,ナガノケン,Nagano,,,,松本市,マツモトシ,Matsumoto-shi,,,,寿台,コトブキダイ,Kotobukidai,２丁目,２チョウメ,2,,,,,1,1,0,0,0,0,1,1,1947-04-17,,0,,,,,,,,,,,,,,,,
202029,0060003,2,長野県,ナガノケン,Nagano,,,,松本市,マツモトシ,Matsumoto-shi,,,,寿台,コトブキダイ,Kotobukidai,３丁目,３チョウメ,3,,,,,1,1,0,0,0,0,1,1,1947-04-17,,0,,,,,,,,,,,,,,,,
202029,0060004,2,長野県,ナガノケン,Nagano,,,,松本市,マツモトシ,Matsumoto-shi,,,,寿台,コトブキダイ,Kotobukidai,４丁目,４チョウメ,4,,,,,1,1,0,0,0,0,1,1,1947-04-17,,0,,,,,,,,,,,,,,,,
202029,0060005,2,長野県,ナガノケン,Nagano,,,,松本市,マツモトシ,Matsumoto-shi,,,,寿台,コトブキダイ,Kotobukidai,５丁目,５チョウメ,5,,,,,1,1,0,0,0,0,1,1,1947-04-17,,0,,,,,,,,,,,,,,,,
202029,0060006,2,長野県,ナガノケン,Nagano,,,,松本市,マツモトシ,Matsumoto-shi,,,,寿台,コトブキダイ,Kotobukidai,６丁目,６チョウメ,6,,,,,1,1,0,0,0,0,1,1,1947-04-17,,0,,,,,,,,,,,,,,,,
202029,0060007,2,長野県,ナガノケン,Nagano,,,,松本市,マツモトシ,Matsumoto-shi,,,,寿台,コトブキダイ,Kotobukidai,７丁目,７チョウメ,7,,,,,1,1,0,0,0,0,1,1,1947-04-17,,0,,,,,,,,,,,,,,,,
202029,0060008,2,長野県,ナガノケン,Nagano,,,,松本市,マツモトシ,Matsumoto-shi,,,,寿台,コトブキダイ,Kotobukidai,８丁目,８チョウメ,8,,,,,1,1,0,0,0,0,1,1,1947-04-17,,0,,,,,,,,,,,,,,,,
202029,0060009,2,長野県,ナガノケン,Nagano,,,,松本市,マツモトシ,Matsumoto-shi,,,,寿台,コトブキダイ,Kotobukidai,９丁目,９チョウメ,9,,,,,1,1,0,0,0,0,1,1,1947-04-17,,0,,,,,,,,,,,,,,,,
202029,0061001,2,長野県,ナガノケン,Nagano,,,,松本市,マツモトシ,Matsumoto-shi,,,,寿中,コトブキナカ,Kotobukinaka,１丁目,１チョウメ,1,,,,,1,1,0,0,0,0,1,1,1947-04-17,,0,,,,,,,,,,,,,,,,
202029,0061002,2,長野県,ナガノケン,Nagano,,,,松本市,マツモトシ,Matsumoto-shi,,,,寿中,コトブキナカ,Kotobukinaka,２丁目,２チョウメ,2,,,,,1,1,0,0,0,0,1,1,1947-04-17,,0,,,,,,,,,,,,,,,,
202029,0062001,2,長野県,ナガノケン,Nagano,,,,松本市,マツモトシ,Matsumoto-shi,,,,寿南,コトブキミナミ,Kotobukiminami,１丁目,１チョウメ,1,,,,,1,1,0,0,0,0,1,1,1947-04-17,,0,,,,,,,,,,,,,,,,
202029,0063001,2,長野県,ナガノケン,Nagano,,,,松本市,マツモトシ,Matsumoto-shi,,,,小屋北,コヤキタ,Koyakita,１丁目,１チョウメ,1,,,,,1,1,0,0,0,0,1,1,1947-04-17,,0,,,,,,,,,,,,,,,,
202029,0063002,2,長野県,ナガノケン,Nagano,,,,松本市,マツモトシ,Matsumoto-shi,,,,小屋北,コヤキタ,Koyakita,２丁目,２チョウメ,2,,,,,1,1,0,0,0,0,1,1,1947-04-17,,0,,,,,,,,,,,,,,,,
202029,0064001,2,長野県,ナガノケン,Nagano,,,,松本市,マツモトシ,Matsumoto-shi,,,,小屋南,コヤミナミ,Koyaminami,１丁目,１チョウメ,1,,,,,1,1,0,0,0,0,1,1,1947-04-17,,0,,,,,,,,,,,,,,,,
202029,0064002,2,長野県,ナガノケン,Nagano,,,,松本市,マツモトシ,Matsumoto-shi,,,,小屋南,コヤミナミ,Koyaminami,２丁目,２チョウメ,2,,,,,1,1,0,0,0,0,1,1,1947-04-17,,0,,,,,,,,,,,,,,,,
202029,0065001,2,長野県,ナガノケン,Nagano,,,,松本市,マツモトシ,Matsumoto-shi,,,,笹部,ササベ,Sasabe,１丁目,１チョウメ,1,,,,,1,1,0,0,0,0,1,1,1947-04-17,,0,,,,,,,,,,,,,,,,
202029,0065002,2,長野県,ナガノケン,Nagano,,,,松本市,マツモトシ,Matsumoto-shi,,,,笹部,ササベ,Sasabe,２丁目,２チョウメ,2,,,,,1,1,0,0,0,0,1,1,1947-04-17,,0,,,,,,,,,,,,,,,,
202029,0065003,2,長野県,ナガノケン,Nagano,,,,松本市,マツモトシ,Matsumoto-shi,,,,笹部,ササベ,Sasabe,３丁目,３チョウメ,3,,,,,1,1,0,0,0,0,1,1,1947-04-17,,0,,,,,,,,,,,,,,,,
202029,0065004,2,長野県,ナガノケン,Nagano,,,,松本市,マツモトシ,Matsumoto-shi,,,,笹部,ササベ,Sasabe,４丁目,４チョウメ,4,,,,,1,1,0,0,0,0,1,1,1947-04-17,,0,,,,,,,,,,,,,,,,
202029,0066001,2,長野県,ナガノケン,Nagano,,,,松本市,マツモトシ,Matsumoto-shi,,,,沢村,サワムラ,Sawamura,１丁目,１チョウメ,1,,,,,1,1,0,0,0,0,1,1,1947-04-17,,0,,,,,,,,,,,,,,,,
202029,0066002,2,長野県,ナガノケン,Nagano,,,,松本市,マツモトシ,Matsumoto-shi,,,,沢村,サワムラ,Sawamura,２丁目,２チョウメ,2,,,,,1,1,0,0,0,0,1,1,1947-04-17,,0,,,,,,,,,,,,,,,,
202029,0066003,2,長野県,ナガノケン,Nagano,,,,松本市,マツモトシ,Matsumoto-shi,,,,沢村,サワムラ,Sawamura,３丁目,３チョウメ,3,,,,,1,1,0,0,0,0,1,1,1947-04-17,,0,,,,,,,,,,,,,,,,
202029,0067001,2,長野県,ナガノケン,Nagano,,,,松本市,マツモトシ,Matsumoto-shi,,,,清水,シミズ,Shimizu,１丁目,１チョウメ,1,,,,,1,1,0,0,0,0,1,1,1947-04-17,,0,,,,,,,,,,,,,,,,
202029,0067002,2,長野県,ナガノケン,Nagano,,,,松本市,マツモトシ,Matsumoto-shi,,,,清水,シミズ,Shimizu,２丁目,２チョウメ,2,,,,,1,1,0,0,0,0,1,1,1947-04-17,,0,,,,,,,,,,,,,,,,
202029,0068001,2,長野県,ナガノケン,Nagano,,,,松本市,マツモトシ,Matsumoto-shi,,,,城西,ジョウセイ,Josei,１丁目,１チョウメ,1,,,,,1,1,0,0,0,0,1,1,1947-04-17,,0,,,,,,,,,,,,,,,,
202029,0068002,2,長野県,ナガノケン,Nagano,,,,松本市,マツモトシ,Matsumoto-shi,,,,城西,ジョウセイ,Josei,２丁目,２チョウメ,2,,,,,1,1,0,0,0,0,1,1,1947-04-17,,0,,,,,,,,,,,,,,,,
202029,0069001,2,長野県,ナガノケン,Nagano,,,,松本市,マツモトシ,Matsumoto-shi,,,,城東,ジョウトウ,Joto,１丁目,１チョウメ,1,,,,,1,1,0,0,0,0,1,1,1947-04-17,,0,,,,,,,,,,,,,,,,
202029,0069002,2,長野県,ナガノケン,Nagano,,,,松本市,マツモトシ,Matsumoto-shi,,,,城東,ジョウトウ,Joto,２丁目,２チョウメ,2,,,,,1,1,0,0,0,0,1,1,1947-04-17,,0,,,,,,,,,,,,,,,,
202029,0070001,2,長野県,ナガノケン,Nagano,,,,松本市,マツモトシ,Matsumoto-shi,,,,庄内,ショウナイ,Shonai,１丁目,１チョウメ,1,,,,,1,1,0,0,0,0,1,1,1947-04-17,,0,,,,,,,,,,,,,,,,
202029,0070002,2,長野県,ナガノケン,Nagano,,,,松本市,マツモトシ,Matsumoto-shi,,,,庄内,ショウナイ,Shonai,２丁目,２チョウメ,2,,,,,1,1,0,0,0,0,1,1,1947-04-17,,0,,,,,,,,,,,,,,,,
202029,0070003,2,長野県,ナガノケン,Nagano,,,,松本市,マツモトシ,Matsumoto-shi,,,,庄内,ショウナイ,Shonai,３丁目,３チョウメ,3,,,,,1,1,0,0,0,0,1,1,1947-04-17,,0,,,,,,,,,,,,,,,,
202029,0071000,1,長野県,ナガノケン,Nagano,,,,松本市,マツモトシ,Matsumoto-shi,,,,城山,ジョウヤマ,Joyama,,,,,,,,1,1,0,0,0,0,1,1,1947-04-17,,0,3900866,,,,,,,,,,,,,,,
202029,0072001,2,長野県,ナガノケン,Nagano,,,,松本市,マツモトシ,Matsumoto-shi,,,,白板,シライタ,Shiraita,１丁目,１チョウメ,1,,,,,1,1,0,0,0,0,1,1,1947-04-17,,0,,,,,,,,,,,,,,,,
202029,0072002,2,長野県,ナガノケン,Nagano,,,,松本市,マツモトシ,Matsumoto-shi,,,,白板,シライタ,Shiraita,２丁目,２チョウメ,2,,,,,1,1,0,0,0,0,1,1,1947-04-17,,0,,,,,,,,,,,,,,,,
202029,0073000,1,長野県,ナガノケン,Nagano,,,,松本市,マツモトシ,Matsumoto-shi,,,,新橋,シンバシ,Shimbashi,,,,,,,,1,1,0,0,0,0,1,1,1947-04-17,,0,3900865,,,,,,,,,,,,,,,
202029,0074001,2,長野県,ナガノケン,Nagano,,,,松本市,マツモトシ,Matsumoto-shi,,,,征矢野,ソヤノ,Soyano,１丁目,１チョウメ,1,,,,,1,1,0,0,0,0,1,1,1947-04-17,,0,,,,,,,,,,,,,,,,
202029,0074002,2,長野県,ナガノケン,Nagano,,,,松本市,マツモトシ,Matsumoto-shi,,,,征矢野,ソヤノ,Soyano,２丁目,２チョウメ,2,,,,,1,1,0,0,0,0,1,1,1947-04-17,,0,,,,,,,,,,,,,,,,
202029,0075000,1,長野県,ナガノケン,Nagano,,,,松本市,マツモトシ,Matsumoto-shi,,,,反町,ソリマチ,Sorimachi,,,,,,,,0,0,0,0,0,0,1,1,1947-04-17,,0,3997418,,,,,,,,,,,,,,,
202029,0076000,1,長野県,ナガノケン,Nagano,,,,松本市,マツモトシ,Matsumoto-shi,,,,高宮北,タカミヤキタ,Takamiya Kita,,,,,,,,1,1,0,0,0,0,1,1,1947-04-17,,0,3900836,,,,,,,,,,,,,,,
202029,0077000,1,長野県,ナガノケン,Nagano,,,,松本市,マツモトシ,Matsumoto-shi,,,,高宮中,タカミヤナカ,Takamiya Naka,,,,,,,,1,1,0,0,0,0,1,1,1947-04-17,,0,3900834,,,,,,,,,,,,,,,
202029,0078000,1,長野県,ナガノケン,Nagano,,,,松本市,マツモトシ,Matsumoto-shi,,,,高宮西,タカミヤニシ,Takamiya Nishi,,,,,,,,1,1,0,0,0,0,1,1,1947-04-17,,0,3900844,,,,,,,,,,,,,,,
202029,0079000,1,長野県,ナガノケン,Nagano,,,,松本市,マツモトシ,Matsumoto-shi,,,,高宮東,タカミヤヒガシ,Takamiya Higashi,,,,,,,,1,1,0,0,0,0,1,1,1947-04-17,,0,3900835,,,,,,,,,,,,,,,
202029,0080000,1,長野県,ナガノケン,Nagano,,,,松本市,マツモトシ,Matsumoto-shi,,,,高宮南,タカミヤミナミ,Takamiya Minami,,,,,,,,1,1,0,0,0,0,1,1,1947-04-17,,0,3900843,,,,,,,,,,,,,,,
202029,0081001,2,長野県,ナガノケン,Nagano,,,,松本市,マツモトシ,Matsumoto-shi,,,,中央,チュウオウ,Chuo,１丁目,１チョウメ,1,,,,,1,1,0,0,0,0,1,1,1947-04-17,,0,,,,,,,,,,,,,,,,
202029,0081002,2,長野県,ナガノケン,Nagano,,,,松本市,マツモトシ,Matsumoto-shi,,,,中央,チュウオウ,Chuo,２丁目,２チョウメ,2,,,,,1,1,0,0,0,0,1,1,1947-04-17,,0,,,,,,,,,,,,,,,,
202029,0081003,2,長野県,ナガノケン,Nagano,,,,松本市,マツモトシ,Matsumoto-shi,,,,中央,チュウオウ,Chuo,３丁目,３チョウメ,3,,,,,1,1,0,0,0,0,1,1,1947-04-17,,0,,,,,,,,,,,,,,,,
202029,0081004,2,長野県,ナガノケン,Nagano,,,,松本市,マツモトシ,Matsumoto-shi,,,,中央,チュウオウ,Chuo,４丁目,４チョウメ,4,,,,,1,1,0,0,0,0,1,1,1947-04-17,,0,,,,,,,,,,,,,,,,
202029,0082001,2,長野県,ナガノケン,Nagano,,,,松本市,マツモトシ,Matsumoto-shi,,,,筑摩,ツカマ,Tsukama,１丁目,１チョウメ,1,,,,,1,1,0,0,0,0,1,1,1947-04-17,,0,,,,,,,,,,,,,,,,
202029,0082002,2,長野県,ナガノケン,Nagano,,,,松本市,マツモトシ,Matsumoto-shi,,,,筑摩,ツカマ,Tsukama,２丁目,２チョウメ,2,,,,,1,1,0,0,0,0,1,1,1947-04-17,,0,,,,,,,,,,,,,,,,
202029,0082003,2,長野県,ナガノケン,Nagano,,,,松本市,マツモトシ,Matsumoto-shi,,,,筑摩,ツカマ,Tsukama,３丁目,３チョウメ,3,,,,,1,1,0,0,0,0,1,1,1947-04-17,,0,,,,,,,,,,,,,,,,
202029,0082004,2,長野県,ナガノケン,Nagano,,,,松本市,マツモトシ,Matsumoto-shi,,,,筑摩,ツカマ,Tsukama,４丁目,４チョウメ,4,,,,,1,1,0,0,0,0,1,1,1947-04-17,,0,,,,,,,,,,,,,,,,
202029,0083000,1,長野県,ナガノケン,Nagano,,,,松本市,マツモトシ,Matsumoto-shi,,,,殿野入,トノノイリ,Tononoiri,,,,,,,,0,0,0,0,0,0,1,1,1947-04-17,,0,3997414,,,,,,,,,,,,,,,
202029,0084000,1,長野県,ナガノケン,Nagano,,,,松本市,マツモトシ,Matsumoto-shi,,,,取出,トリイデ,Toriide,,,,,,,,0,0,0,0,0,0,1,1,1947-04-17,,0,3997404,,,,,,,,,,,,,,,
202029,0086000,1,長野県,ナガノケン,Nagano,,,,松本市,マツモトシ,Matsumoto-shi,,,,中条,ナカジョウ,Nakajo,,,,,,,,1,1,0,0,0,0,1,1,1947-04-17,,0,3900816,,,,,,,,,,,,,,,
202029,0087000,1,長野県,ナガノケン,Nagano,,,,松本市,マツモトシ,Matsumoto-shi,,,,中山台,ナカヤマダイ,Nakayamadai,,,,,,,,1,1,0,0,0,0,1,1,1947-04-17,,0,3900824,,,,,,,,,,,,,,,
202029,0088000,1,長野県,ナガノケン,Nagano,,,,松本市,マツモトシ,Matsumoto-shi,,,,奈川,ナガワ,Nagawa,,,,,,,,0,0,0,0,0,0,1,1,1947-04-17,,0,3901611,,,,,,,,,,,,,,,
202029,0089001,2,長野県,ナガノケン,Nagano,,,,松本市,マツモトシ,Matsumoto-shi,,,,渚,ナギサ,Nagisa,１丁目,１チョウメ,1,,,,,1,1,0,0,0,0,1,1,1947-04-17,,0,,,,,,,,,,,,,,,,
202029,0089002,2,長野県,ナガノケン,Nagano,,,,松本市,マツモトシ,Matsumoto-shi,,,,渚,ナギサ,Nagisa,２丁目,２チョウメ,2,,,,,1,1,0,0,0,0,1,1,1947-04-17,,0,,,,,,,,,,,,,,,,
202029,0089003,2,長野県,ナガノケン,Nagano,,,,松本市,マツモトシ,Matsumoto-shi,,,,渚,ナギサ,Nagisa,３丁目,３チョウメ,3,,,,,1,1,0,0,0,0,1,1,1947-04-17,,0,,,,,,,,,,,,,,,,
202029,0089004,2,長野県,ナガノケン,Nagano,,,,松本市,マツモトシ,Matsumoto-shi,,,,渚,ナギサ,Nagisa,４丁目,４チョウメ,4,,,,,1,1,0,0,0,0,1,1,1947-04-17,,0,,,,,,,,,,,,,,,,
202029,0090000,1,長野県,ナガノケン,Nagano,,,,松本市,マツモトシ,Matsumoto-shi,,,,七嵐,ナナアラシ,Nanaarashi,,,,,,,,0,0,0,0,0,0,1,1,1947-04-17,,0,3997416,,,,,,,,,,,,,,,
202029,0091001,2,長野県,ナガノケン,Nagano,,,,松本市,マツモトシ,Matsumoto-shi,,,,並柳,ナミヤナギ,Namiyanagi,１丁目,１チョウメ,1,,,,,1,1,0,0,0,0,1,1,1947-04-17,,0,,,,,,,,,,,,,,,,
202029,0091002,2,長野県,ナガノケン,Nagano,,,,松本市,マツモトシ,Matsumoto-shi,,,,並柳,ナミヤナギ,Namiyanagi,２丁目,２チョウメ,2,,,,,1,1,0,0,0,0,1,1,1947-04-17,,0,,,,,,,,,,,,,,,,
202029,0091003,2,長野県,ナガノケン,Nagano,,,,松本市,マツモトシ,Matsumoto-shi,,,,並柳,ナミヤナギ,Namiyanagi,３丁目,３チョウメ,3,,,,,1,1,0,0,0,0,1,1,1947-04-17,,0,,,,,,,,,,,,,,,,
202029,0091004,2,長野県,ナガノケン,Nagano,,,,松本市,マツモトシ,Matsumoto-shi,,,,並柳,ナミヤナギ,Namiyanagi,４丁目,４チョウメ,4,,,,,1,1,0,0,0,0,1,1,1947-04-17,,0,,,,,,,,,,,,,,,,
202029,0092001,2,長野県,ナガノケン,Nagano,,,,松本市,マツモトシ,Matsumoto-shi,,,,野溝西,ノミゾニシ,Nomizo Nishi,１丁目,１チョウメ,1,,,,,1,1,0,0,0,0,1,1,1947-04-17,,0,,,,,,,,,,,,,,,,
202029,0092002,2,長野県,ナガノケン,Nagano,,,,松本市,マツモトシ,Matsumoto-shi,,,,野溝西,ノミゾニシ,Nomizo Nishi,２丁目,２チョウメ,2,,,,,1,1,0,0,0,0,1,1,1947-04-17,,0,,,,,,,,,,,,,,,,
202029,0092003,2,長野県,ナガノケン,Nagano,,,,松本市,マツモトシ,Matsumoto-shi,,,,野溝西,ノミゾニシ,Nomizo Nishi,３丁目,３チョウメ,3,,,,,1,1,0,0,0,0,1,1,1947-04-17,,0,,,,,,,,,,,,,,,,
202029,0093001,2,長野県,ナガノケン,Nagano,,,,松本市,マツモトシ,Matsumoto-shi,,,,野溝東,ノミゾヒガシ,Nomizo Higashi,１丁目,１チョウメ,1,,,,,1,1,0,0,0,0,1,1,1947-04-17,,0,,,,,,,,,,,,,,,,
202029,0093002,2,長野県,ナガノケン,Nagano,,,,松本市,マツモトシ,Matsumoto-shi,,,,野溝東,ノミゾヒガシ,Nomizo Higashi,２丁目,２チョウメ,2,,,,,1,1,0,0,0,0,1,1,1947-04-17,,0,,,,,,,,,,,,,,,,
202029,0094001,2,長野県,ナガノケン,Nagano,,,,松本市,マツモトシ,Matsumoto-shi,,,,野溝木工,ノミゾモッコウ,Nomizo Mokko,１丁目,１チョウメ,1,,,,,1,1,0,0,0,0,1,1,1947-04-17,,0,,,,,,,,,,,,,,,,
202029,0094002,2,長野県,ナガノケン,Nagano,,,,松本市,マツモトシ,Matsumoto-shi,,,,野溝木工,ノミゾモッコウ,Nomizo Mokko,２丁目,２チョウメ,2,,,,,1,1,0,0,0,0,1,1,1947-04-17,,0,,,,,,,,,,,,,,,,
202029,0095000,1,長野県,ナガノケン,Nagano,,,,松本市,マツモトシ,Matsumoto-shi,,,,波田,ハタ,Hata,,,,,,,,0,0,0,0,0,0,1,1,1947-04-17,,0,3901401,,,,,,,,,,,,,,,
202029,0096000,1,長野県,ナガノケン,Nagano,,,,松本市,マツモトシ,Matsumoto-shi,,,,巾上,ハバウエ,Habaue,,,,,,,,1,1,0,0,0,0,1,1,1947-04-17,,0,3900817,,,,,,,,,,,,,,,
202029,0097001,2,長野県,ナガノケン,Nagano,,,,松本市,マツモトシ,Matsumoto-shi,,,,平田西,ヒラタニシ,Hiratanishi,１丁目,１チョウメ,1,,,,,1,1,0,0,0,0,1,1,1947-04-17,,0,,,,,,,,,,,,,,,,
202029,0097002,2,長野県,ナガノケン,Nagano,,,,松本市,マツモトシ,Matsumoto-shi,,,,平田西,ヒラタニシ,Hiratanishi,２丁目,２チョウメ,2,,,,,1,1,0,0,0,0,1,1,1947-04-17,,0,,,,,,,,,,,,,,,,
202029,0098001,2,長野県,ナガノケン,Nagano,,,,松本市,マツモトシ,Matsumoto-shi,,,,平田東,ヒラタヒガシ,Hiratahigashi,１丁目,１チョウメ,1,,,,,1,1,0,0,0,0,1,1,1947-04-17,,0,,,,,,,,,,,,,,,,
202029,0098002,2,長野県,ナガノケン,Nagano,,,,松本市,マツモトシ,Matsumoto-shi,,,,平田東,ヒラタヒガシ,Hiratahigashi,２丁目,２チョウメ,2,,,,,1,1,0,0,0,0,1,1,1947-04-17,,0,,,,,,,,,,,,,,,,
202029,0098003,2,長野県,ナガノケン,Nagano,,,,松本市,マツモトシ,Matsumoto-shi,,,,平田東,ヒラタヒガシ,Hiratahigashi,３丁目,３チョウメ,3,,,,,1,1,0,0,0,0,1,1,1947-04-17,,0,,,,,,,,,,,,,,,,
202029,0099001,2,長野県,ナガノケン,Nagano,,,,松本市,マツモトシ,Matsumoto-shi,,,,深志,フカシ,Fukashi,１丁目,１チョウメ,1,,,,,1,1,0,0,0,0,1,1,1947-04-17,,0,,,,,,,,,,,,,,,,
202029,0099002,2,長野県,ナガノケン,Nagano,,,,松本市,マツモトシ,Matsumoto-shi,,,,深志,フカシ,Fukashi,２丁目,２チョウメ,2,,,,,1,1,0,0,0,0,1,1,1947-04-17,,0,,,,,,,,,,,,,,,,
202029,0099003,2,長野県,ナガノケン,Nagano,,,,松本市,マツモトシ,Matsumoto-shi,,,,深志,フカシ,Fukashi,３丁目,３チョウメ,3,,,,,1,1,0,0,0,0,1,1,1947-04-17,,0,,,,,,,,,,,,,,,,
202029,0100000,1,長野県,ナガノケン,Nagano,,,,松本市,マツモトシ,Matsumoto-shi,,,,保福寺町,ホフクジマチ,Hofukujimachi,,,,,,,,0,0,0,0,0,0,1,1,1947-04-17,,0,3997412,,,,,,,,,,,,,,,
202029,0101001,2,長野県,ナガノケン,Nagano,,,,松本市,マツモトシ,Matsumoto-shi,,,,本庄,ホンジョウ,Honjo,１丁目,１チョウメ,1,,,,,1,1,0,0,0,0,1,1,1947-04-17,,0,,,,,,,,,,,,,,,,
202029,0101002,2,長野県,ナガノケン,Nagano,,,,松本市,マツモトシ,Matsumoto-shi,,,,本庄,ホンジョウ,Honjo,２丁目,２チョウメ,2,,,,,1,1,0,0,0,0,1,1,1947-04-17,,0,,,,,,,,,,,,,,,,
202029,0102000,1,長野県,ナガノケン,Nagano,,,,松本市,マツモトシ,Matsumoto-shi,,,,丸の内,マルノウチ,Marunochi,,,,,,,,1,1,0,0,0,0,1,1,1947-04-17,,0,3900873,,,,,,,,,,,,,,,
202029,0103000,1,長野県,ナガノケン,Nagano,,,,松本市,マツモトシ,Matsumoto-shi,,,,美須々,ミスズ,Misuzu,,,,,,,,1,1,0,0,0,0,1,1,1947-04-17,,0,3900801,,,,,,,,,,,,,,,
202029,0104001,2,長野県,ナガノケン,Nagano,,,,松本市,マツモトシ,Matsumoto-shi,,,,南原,ミナミハラ,Minamihara,１丁目,１チョウメ,1,,,,,1,1,0,0,0,0,1,1,1947-04-17,,0,,,,,,,,,,,,,,,,
202029,0104002,2,長野県,ナガノケン,Nagano,,,,松本市,マツモトシ,Matsumoto-shi,,,,南原,ミナミハラ,Minamihara,２丁目,２チョウメ,2,,,,,1,1,0,0,0,0,1,1,1947-04-17,,0,,,,,,,,,,,,,,,,
202029,0105001,2,長野県,ナガノケン,Nagano,,,,松本市,マツモトシ,Matsumoto-shi,,,,南松本,ミナミマツモト,Minamimatsumoto,１丁目,１チョウメ,1,,,,,1,1,0,0,0,0,1,1,1947-04-17,,0,,,,,,,,,,,,,,,,
202029,0105002,2,長野県,ナガノケン,Nagano,,,,松本市,マツモトシ,Matsumoto-shi,,,,南松本,ミナミマツモト,Minamimatsumoto,２丁目,２チョウメ,2,,,,,1,1,0,0,0,0,1,1,1947-04-17,,0,,,,,,,,,,,,,,,,
202029,0106000,1,長野県,ナガノケン,Nagano,,,,松本市,マツモトシ,Matsumoto-shi,,,,宮田,ミヤタ,Miyata,,,,,,,,1,1,0,0,0,0,1,1,1947-04-17,,0,3990001,,,,,,,,,,,,,,,
202029,0107001,2,長野県,ナガノケン,Nagano,,,,松本市,マツモトシ,Matsumoto-shi,,,,宮渕,ミヤブチ,Miyabuchi,１丁目,１チョウメ,1,,,,,1,1,0,0,0,0,1,1,1947-04-17,,0,,,,,,,,,,,,,,,,
202029,0107002,2,長野県,ナガノケン,Nagano,,,,松本市,マツモトシ,Matsumoto-shi,,,,宮渕,ミヤブチ,Miyabuchi,２丁目,２チョウメ,2,,,,,1,1,0,0,0,0,1,1,1947-04-17,,0,,,,,,,,,,,,,,,,
202029,0107003,2,長野県,ナガノケン,Nagano,,,,松本市,マツモトシ,Matsumoto-shi,,,,宮渕,ミヤブチ,Miyabuchi,３丁目,３チョウメ,3,,,,,1,1,0,0,0,0,1,1,1947-04-17,,0,,,,,,,,,,,,,,,,
202029,0108000,1,長野県,ナガノケン,Nagano,,,,松本市,マツモトシ,Matsumoto-shi,,,,宮渕本村,ミヤブチホンムラ,Miyabuchihommura,,,,,,,,1,1,0,0,0,0,1,1,1947-04-17,,0,3900864,,,,,,,,,,,,,,,
202029,0109001,2,長野県,ナガノケン,Nagano,,,,松本市,マツモトシ,Matsumoto-shi,,,,村井町北,ムライマチキタ,Muraimachikita,１丁目,１チョウメ,1,,,,,1,1,0,0,0,0,1,1,1947-04-17,,0,,,,,,,,,,,,,,,,
202029,0109002,2,長野県,ナガノケン,Nagano,,,,松本市,マツモトシ,Matsumoto-shi,,,,村井町北,ムライマチキタ,Muraimachikita,２丁目,２チョウメ,2,,,,,1,1,0,0,0,0,1,1,1947-04-17,,0,,,,,,,,,,,,,,,,
202029,0110001,2,長野県,ナガノケン,Nagano,,,,松本市,マツモトシ,Matsumoto-shi,,,,村井町西,ムライマチニシ,Muraimachinishi,１丁目,１チョウメ,1,,,,,1,1,0,0,0,0,1,1,1947-04-17,,0,,,,,,,,,,,,,,,,
202029,0110002,2,長野県,ナガノケン,Nagano,,,,松本市,マツモトシ,Matsumoto-shi,,,,村井町西,ムライマチニシ,Muraimachinishi,２丁目,２チョウメ,2,,,,,1,1,0,0,0,0,1,1,1947-04-17,,0,,,,,,,,,,,,,,,,
202029,0111001,2,長野県,ナガノケン,Nagano,,,,松本市,マツモトシ,Matsumoto-shi,,,,村井町南,ムライマチミナミ,Muraimachiminami,１丁目,１チョウメ,1,,,,,1,1,0,0,0,0,1,1,1947-04-17,,0,,,,,,,,,,,,,,,,
202029,0111002,2,長野県,ナガノケン,Nagano,,,,松本市,マツモトシ,Matsumoto-shi,,,,村井町南,ムライマチミナミ,Muraimachiminami,２丁目,２チョウメ,2,,,,,1,1,0,0,0,0,1,1,1947-04-17,,0,,,,,,,,,,,,,,,,
202029,0111003,2,長野県,ナガノケン,Nagano,,,,松本市,マツモトシ,Matsumoto-shi,,,,村井町南,ムライマチミナミ,Muraimachiminami,３丁目,３チョウメ,3,,,,,1,1,0,0,0,0,1,1,1947-04-17,,0,,,,,,,,,,,,,,,,
202029,0111004,2,長野県,ナガノケン,Nagano,,,,松本市,マツモトシ,Matsumoto-shi,,,,村井町南,ムライマチミナミ,Muraimachiminami,４丁目,４チョウメ,4,,,,,1,1,0,0,0,0,1,1,1947-04-17,,0,,,,,,,,,,,,,,,,
202029,0112001,2,長野県,ナガノケン,Nagano,,,,松本市,マツモトシ,Matsumoto-shi,,,,女鳥羽,メトバ,Metoba,１丁目,１チョウメ,1,,,,,1,1,0,0,0,0,1,1,1947-04-17,,0,,,,,,,,,,,,,,,,
202029,0112002,2,長野県,ナガノケン,Nagano,,,,松本市,マツモトシ,Matsumoto-shi,,,,女鳥羽,メトバ,Metoba,２丁目,２チョウメ,2,,,,,1,1,0,0,0,0,1,1,1947-04-17,,0,,,,,,,,,,,,,,,,
202029,0112003,2,長野県,ナガノケン,Nagano,,,,松本市,マツモトシ,Matsumoto-shi,,,,女鳥羽,メトバ,Metoba,３丁目,３チョウメ,3,,,,,1,1,0,0,0,0,1,1,1947-04-17,,0,,,,,,,,,,,,,,,,
202029,0113001,2,長野県,ナガノケン,Nagano,,,,松本市,マツモトシ,Matsumoto-shi,,,,元町,モトマチ,Motomachi,１丁目,１チョウメ,1,,,,,1,1,0,0,0,0,1,1,1947-04-17,,0,,,,,,,,,,,,,,,,
202029,0113002,2,長野県,ナガノケン,Nagano,,,,松本市,マツモトシ,Matsumoto-shi,,,,元町,モトマチ,Motomachi,２丁目,２チョウメ,2,,,,,1,1,0,0,0,0,1,1,1947-04-17,,0,,,,,,,,,,,,,,,,
202029,0113003,2,長野県,ナガノケン,Nagano,,,,松本市,マツモトシ,Matsumoto-shi,,,,元町,モトマチ,Motomachi,３丁目,３チョウメ,3,,,,,1,1,0,0,0,0,1,1,1947-04-17,,0,,,,,,,,,,,,,,,,
202029,0114001,2,長野県,ナガノケン,Nagano,,,,松本市,マツモトシ,Matsumoto-shi,,,,横田,ヨコタ,Yokota,１丁目,１チョウメ,1,,,,,1,1,0,0,0,0,1,1,1947-04-17,,0,,,,,,,,,,,,,,,,
202029,0114002,2,長野県,ナガノケン,Nagano,,,,松本市,マツモトシ,Matsumoto-shi,,,,横田,ヨコタ,Yokota,２丁目,２チョウメ,2,,,,,1,1,0,0,0,0,1,1,1947-04-17,,0,,,,,,,,,,,,,,,,
202029,0114003,2,長野県,ナガノケン,Nagano,,,,松本市,マツモトシ,Matsumoto-shi,,,,横田,ヨコタ,Yokota,３丁目,３チョウメ,3,,,,,1,1,0,0,0,0,1,1,1947-04-17,,0,,,,,,,,,,,,,,,,
202029,0114004,2,長野県,ナガノケン,Nagano,,,,松本市,マツモトシ,Matsumoto-shi,,,,横田,ヨコタ,Yokota,４丁目,４チョウメ,4,,,,,1,1,0,0,0,0,1,1,1947-04-17,,0,,,,,,,,,,,,,,,,
202029,0115000,1,長野県,ナガノケン,Nagano,,,,松本市,マツモトシ,Matsumoto-shi,,,,両島,リョウシマ,Ryoshima,,,,,,,,1,1,0,0,0,0,1,1,1947-04-17,,0,3900848,,,,,,,,,,,,,,,
202029,0116000,1,長野県,ナガノケン,Nagano,,,,松本市,マツモトシ,Matsumoto-shi,,,,芳野,ヨシノ,Yoshino,,,,,,,,1,1,0,0,0,0,1,1,1947-04-17,,0,3990002,,,,,,,,,,,,,,,
202029,0117000,1,長野県,ナガノケン,Nagano,,,,松本市,マツモトシ,Matsumoto-shi,,,,双葉,フタバ,Futaba,,,,,,,,1,1,0,0,0,0,1,1,1947-04-17,,0,3900833,,,,,,,,,,,,,,,
202029,0118000,1,長野県,ナガノケン,Nagano,,,,松本市,マツモトシ,Matsumoto-shi,,,,出川町,イデガワマチ,Idegawamachi,,,,,,,,1,1,0,0,0,0,1,1,1947-04-17,,0,3900826,,,,,,,,,,,,,,,
202029,0120000,1,長野県,ナガノケン,Nagano,,,,松本市,マツモトシ,Matsumoto-shi,,,,大字横田,オオアザヨコタ,Yokota,,,,,,,,0,0,0,0,0,0,1,1,1947-04-17,,0,3900804,,,,,,,,,,,,,,,
202029,0121000,1,長野県,ナガノケン,Nagano,,,,松本市,マツモトシ,Matsumoto-shi,,,,大字桐,オオアザキリ,Kiri,,,,,,,,0,0,0,0,0,0,1,1,1947-04-17,,0,3900871,,,,,,,,,,,,,,,
202029,0122000,1,長野県,ナガノケン,Nagano,,,,松本市,マツモトシ,Matsumoto-shi,,,,大字高宮,オオアザタカミヤ,,,,,,,,,0,0,0,0,0,0,1,1,1947-04-17,,0,,,,,,,,,,,,,,,,
202029,0123000,1,長野県,ナガノケン,Nagano,,,,松本市,マツモトシ,Matsumoto-shi,,,,大字笹部,オオアザササベ,Sasabe,,,,,,,,0,0,0,0,0,0,1,1,1947-04-17,,0,3900847,,,,,,,,,,,,,,,
202029,0124000,1,長野県,ナガノケン,Nagano,,,,松本市,マツモトシ,Matsumoto-shi,,,,大字渚,オオアザナギサ,Nagisa,,,,,,,,0,0,0,0,0,0,1,1,1947-04-17,,0,3900841,,,,,,,,,,,,,,,
202029,0125000,1,長野県,ナガノケン,Nagano,,,,松本市,マツモトシ,Matsumoto-shi,,,,大字筑摩,オオアザツカマ,Tsukama,,,,,,,,0,0,0,0,0,0,1,1,1947-04-17,,0,3900821,,,,,,,,,,,,,,,
202029,0127000,1,長野県,ナガノケン,Nagano,,,,松本市,マツモトシ,Matsumoto-shi,,,,大字片丘,オオアザカタオカ,,,,,,,,,0,0,0,0,0,0,1,1,1947-04-17,,0,,,,,,,,,,,,,,,,
202029,0128000,1,長野県,ナガノケン,Nagano,,,,松本市,マツモトシ,Matsumoto-shi,,,,大字芳川村井町,オオアザヨシカワムライマチ,,,,,,,,,0,0,1,0,0,0,2,1,1947-04-17,,0,,,,,,,,,,,,,,,,
202029,0129000,1,長野県,ナガノケン,Nagano,,,,松本市,マツモトシ,Matsumoto-shi,,,,大字出川町,オオアザイデガワマチ,Idegawamachi,,,,,,,,0,0,0,0,0,0,1,1,1947-04-17,,0,3900826,,,,,,,,,,,,,,,
202029,0130000,1,長野県,ナガノケン,Nagano,,,,松本市,マツモトシ,Matsumoto-shi,,,,大字芳川小屋,オオアザヨシカワコヤ,,,,,,,,,0,0,0,0,0,0,1,1,1947-04-17,,0,,,,,,,,,,,,,,,,
202029,0133000,1,長野県,ナガノケン,Nagano,,,,松本市,マツモトシ,Matsumoto-shi,,,,五常,ゴジョウ,Gojo,,,,,,,,0,0,0,0,0,0,1,1,1947-04-17,,0,3997401,,,,,,,,,,,,,,,
202029,0135000,1,長野県,ナガノケン,Nagano,,,,松本市,マツモトシ,Matsumoto-shi,,,,中川,ナカガワ,Nakagawa,,,,,,,,0,0,0,0,0,0,1,1,1947-04-17,,0,3997411,,,,,,,,,,,,,,,
202037,0001000,1,長野県,ナガノケン,Nagano,,,,上田市,ウエダシ,Ueda-shi,,,,蒼久保,アオクボ,Aokubo,,,,,,,,0,0,0,0,0,0,1,1,1947-04-17,,0,3860155,,,,,,,,,,,,,,,
202037,0002000,1,長野県,ナガノケン,Nagano,,,,上田市,ウエダシ,Ueda-shi,,,,秋和,アキワ,Akiwa,,,,,,,,0,0,0,0,0,0,1,1,1947-04-17,,0,3860041,,,,,,,,,,,,,,,
202037,0003000,1,長野県,ナガノケン,Nagano,,,,上田市,ウエダシ,Ueda-shi,,,,生田,イクタ,Ikuta,,,,,,,,0,0,0,0,0,0,1,1,1947-04-17,,0,3860411,,,,,,,,,,,,,,,
202037,0004000,1,長野県,ナガノケン,Nagano,,,,上田市,ウエダシ,Ueda-shi,,,,岩下,イワシタ,Iwashita,,,,,,,,0,0,0,0,0,0,1,1,1947-04-17,,0,3860153,,,,,,,,,,,,,,,
202037,0005000,1,長野県,ナガノケン,Nagano,,,,上田市,ウエダシ,Ueda-shi,,,,上田,ウエダ,Ueda,,,,,,,,0,0,0,0,0,0,1,1,1947-04-17,,0,3860001,,,,,,,,,,,,,,,
202037,0006000,1,長野県,ナガノケン,Nagano,,,,上田市,ウエダシ,Ueda-shi,,,,上田原,ウエダハラ,Uedahara,,,,,,,,0,0,0,0,0,0,1,1,1947-04-17,,0,3861102,,,,,,,,,,,,,,,
202037,0007000,1,長野県,ナガノケン,Nagano,,,,上田市,ウエダシ,Ueda-shi,,,,上野,ウエノ,Ueno,,,,,,,,0,0,0,0,0,0,1,1,1947-04-17,,0,3860003,,,,,,,,,,,,,,,
202037,0008000,1,長野県,ナガノケン,Nagano,,,,上田市,ウエダシ,Ueda-shi,,,,浦野,ウラノ,Urano,,,,,,,,0,0,0,0,0,0,1,1,1947-04-17,,0,3861546,,,,,,,,,,,,,,,
202037,0009000,1,長野県,ナガノケン,Nagano,,,,上田市,ウエダシ,Ueda-shi,,,,漆戸,ウルシド,Urushido,,,,,,,,0,0,0,0,0,0,1,1,1947-04-17,,0,3860006,,,,,,,,,,,,,,,
202037,0010001,2,長野県,ナガノケン,Nagano,,,,上田市,ウエダシ,Ueda-shi,,,,大手,オオテ,Ote,１丁目,１チョウメ,1,,,,,1,1,0,0,0,0,1,1,1947-04-17,,0,,,,,,,,,,,,,,,,
202037,0010002,2,長野県,ナガノケン,Nagano,,,,上田市,ウエダシ,Ueda-shi,,,,大手,オオテ,Ote,２丁目,２チョウメ,2,,,,,1,1,0,0,0,0,1,1,1947-04-17,,0,,,,,,,,,,,,,,,,
202037,0011000,1,長野県,ナガノケン,Nagano,,,,上田市,ウエダシ,Ueda-shi,,,,大屋,オオヤ,Oya,,,,,,,,0,0,0,0,0,0,1,1,1947-04-17,,0,3860152,,,,,,,,,,,,,,,
202037,0012000,1,長野県,ナガノケン,Nagano,,,,上田市,ウエダシ,Ueda-shi,,,,岡,オカ,Oka,,,,,,,,0,0,0,0,0,0,1,1,1947-04-17,,0,3861543,,,,,,,,,,,,,,,
202037,0013000,1,長野県,ナガノケン,Nagano,,,,上田市,ウエダシ,Ueda-shi,,,,鹿教湯温泉,カケユオンセン,Kakeyuonsen,,,,,,,,0,0,0,0,0,0,1,1,1947-04-17,,0,3860323,,,,,,,,,,,,,,,
202037,0014000,1,長野県,ナガノケン,Nagano,,,,上田市,ウエダシ,Ueda-shi,,,,神畑,カバタケ,Kabatake,,,,,,,,0,0,0,0,0,0,1,1,1947-04-17,,0,3861103,,,,,,,,,,,,,,,
202037,0014145,3,長野県,ナガノケン,Nagano,,,,上田市,ウエダシ,Ueda-shi,,,,神畑,カバタケ,Kabatake,,,,乙,オツ,Otsu,,0,0,0,0,0,0,1,0,1947-04-17,,1,,,,,,,,,,,,,,,,
202037,0015000,1,長野県,ナガノケン,Nagano,,,,上田市,ウエダシ,Ueda-shi,,,,上塩尻,カミシオジリ,Kamishiojiri,,,,,,,,0,0,0,0,0,0,1,1,1947-04-17,,0,3860042,,,,,,,,,,,,,,,
202037,0016000,1,長野県,ナガノケン,Nagano,,,,上田市,ウエダシ,Ueda-shi,,,,上武石,カミタケシ,Kamitakeshi,,,,,,,,0,0,0,0,0,0,1,1,1947-04-17,,0,3860508,,,,,,,,,,,,,,,
202037,0017000,1,長野県,ナガノケン,Nagano,,,,上田市,ウエダシ,Ueda-shi,,,,上丸子,カミマルコ,Kamimaruko,,,,,,,,0,0,0,0,0,0,1,1,1947-04-17,,0,3860404,,,,,,,,,,,,,,,
202037,0018000,1,長野県,ナガノケン,Nagano,,,,上田市,ウエダシ,Ueda-shi,,,,上室賀,カミムロガ,Kamimuroga,,,,,,,,0,0,0,0,0,0,1,1,1947-04-17,,0,3861541,,,,,,,,,,,,,,,
202037,0019000,1,長野県,ナガノケン,Nagano,,,,上田市,ウエダシ,Ueda-shi,,,,古安曽,コアソ,Koaso,,,,,,,,0,0,0,0,0,0,1,1,1947-04-17,,0,3861213,,,,,,,,,,,,,,,
202037,0020000,1,長野県,ナガノケン,Nagano,,,,上田市,ウエダシ,Ueda-shi,,,,小泉,コイズミ,Koizumi,,,,,,,,0,0,0,0,0,0,1,1,1947-04-17,,0,3861106,,,,,,,,,,,,,,,
202037,0021000,1,長野県,ナガノケン,Nagano,,,,上田市,ウエダシ,Ueda-shi,,,,越戸,コウド,Kodo,,,,,,,,0,0,0,0,0,0,1,1,1947-04-17,,0,3861545,,,,,,,,,,,,,,,
202037,0022000,1,長野県,ナガノケン,Nagano,,,,上田市,ウエダシ,Ueda-shi,,,,五加,ゴカ,Goka,,,,,,,,0,0,0,0,0,0,1,1,1947-04-17,,0,3861324,,,,,,,,,,,,,,,
202037,0024000,1,長野県,ナガノケン,Nagano,,,,上田市,ウエダシ,Ueda-shi,,,,国分,コクブ,Kokubu,,,,,,,,0,0,0,0,0,0,1,1,1947-04-17,,0,3860016,,,,,,,,,,,,,,,
202037,0024001,2,長野県,ナガノケン,Nagano,,,,上田市,ウエダシ,Ueda-shi,,,,国分,コクブ,Kokubu,１丁目,１チョウメ,1,,,,,1,1,0,0,0,0,1,1,1947-04-17,,0,,,,,,,,,,,,,,,,
202037,0025000,1,長野県,ナガノケン,Nagano,,,,上田市,ウエダシ,Ueda-shi,,,,古里,コサト,Kosato,,,,,,,,0,0,0,0,0,0,1,1,1947-04-17,,0,3860005,,,,,,,,,,,,,,,
202037,0026000,1,長野県,ナガノケン,Nagano,,,,上田市,ウエダシ,Ueda-shi,,,,腰越,コシゴエ,Koshigoe,,,,,,,,0,0,0,0,0,0,1,1,1947-04-17,,0,3860403,,,,,,,,,,,,,,,
202037,0027000,1,長野県,ナガノケン,Nagano,,,,上田市,ウエダシ,Ueda-shi,,,,小島,コジマ,Kojima,,,,,,,,0,0,0,0,0,0,1,1,1947-04-17,,0,3861322,,,,,,,,,,,,,,,
202037,0028000,1,長野県,ナガノケン,Nagano,,,,上田市,ウエダシ,Ueda-shi,,,,御所,ゴショ,Gosho,,,,,,,,0,0,0,0,0,0,1,1,1947-04-17,,0,3860033,,,,,,,,,,,,,,,
202037,0029000,1,長野県,ナガノケン,Nagano,,,,上田市,ウエダシ,Ueda-shi,,,,小牧,コマキ,Komaki,,,,,,,,0,0,0,0,0,0,1,1,1947-04-17,,0,3860031,,,,,,,,,,,,,,,
202037,0030001,2,長野県,ナガノケン,Nagano,,,,上田市,ウエダシ,Ueda-shi,,,,材木町,ザイモクチョウ,Zaimokucho,１丁目,１チョウメ,1,,,,,1,1,0,0,0,0,1,1,1947-04-17,,0,,,,,,,,,,,,,,,,
202037,0030002,2,長野県,ナガノケン,Nagano,,,,上田市,ウエダシ,Ueda-shi,,,,材木町,ザイモクチョウ,Zaimokucho,２丁目,２チョウメ,2,,,,,1,1,0,0,0,0,1,1,1947-04-17,,0,,,,,,,,,,,,,,,,
202037,0031000,1,長野県,ナガノケン,Nagano,,,,上田市,ウエダシ,Ueda-shi,,,,真田町長,サナダマチオサ,Sanadamachi Osa,,,,,,,,0,0,0,0,0,0,1,1,1947-04-17,,0,3862201,,,,,,,,,,,,,,,
202037,0032000,1,長野県,ナガノケン,Nagano,,,,上田市,ウエダシ,Ueda-shi,,,,真田町傍陽,サナダマチソエヒ,Sanadamachi Soehi,,,,,,,,0,0,0,0,0,0,1,1,1947-04-17,,0,3862203,,,,,,,,,,,,,,,
202037,0033000,1,長野県,ナガノケン,Nagano,,,,上田市,ウエダシ,Ueda-shi,,,,真田町本原,サナダマチモトハラ,Sanadamachi Motohara,,,,,,,,0,0,0,0,0,0,1,1,1947-04-17,,0,3862202,,,,,,,,,,,,,,,
202037,0034000,1,長野県,ナガノケン,Nagano,,,,上田市,ウエダシ,Ueda-shi,,,,塩川,シオカワ,Shiokawa,,,,,,,,0,0,0,0,0,0,1,1,1947-04-17,,0,3860401,,,,,,,,,,,,,,,
202037,0035000,1,長野県,ナガノケン,Nagano,,,,上田市,ウエダシ,Ueda-shi,,,,下塩尻,シモシオジリ,Shimoshiojiri,,,,,,,,0,0,0,0,0,0,1,1,1947-04-17,,0,3860043,,,,,,,,,,,,,,,
202037,0036000,1,長野県,ナガノケン,Nagano,,,,上田市,ウエダシ,Ueda-shi,,,,下武石,シモタケシ,Shimotakeshi,,,,,,,,0,0,0,0,0,0,1,1,1947-04-17,,0,3860503,,,,,,,,,,,,,,,
202037,0037000,1,長野県,ナガノケン,Nagano,,,,上田市,ウエダシ,Ueda-shi,,,,下之郷,シモノゴウ,Shimonogo,,,,,,,,0,0,0,0,0,0,1,1,1947-04-17,,0,3861211,,,,,,,,,,,,,,,
202037,0037154,3,長野県,ナガノケン,Nagano,,,,上田市,ウエダシ,Ueda-shi,,,,下之郷,シモノゴウ,Shimonogo,,,,乙,オツ,Otsu,,0,0,0,0,0,0,1,0,1947-04-17,,1,,,,,,,,,,,,,,,,
202037,0038000,1,長野県,ナガノケン,Nagano,,,,上田市,ウエダシ,Ueda-shi,,,,下之条,シモノジョウ,Shimonojo,,,,,,,,0,0,0,0,0,0,1,1,1947-04-17,,0,3861101,,,,,,,,,,,,,,,
202037,0039000,1,長野県,ナガノケン,Nagano,,,,上田市,ウエダシ,Ueda-shi,,,,下丸子,シモマルコ,Shimomaruko,,,,,,,,0,0,0,0,0,0,1,1,1947-04-17,,0,3860406,,,,,,,,,,,,,,,
202037,0040000,1,長野県,ナガノケン,Nagano,,,,上田市,ウエダシ,Ueda-shi,,,,下室賀,シモムロガ,Shimomuroga,,,,,,,,0,0,0,0,0,0,1,1,1947-04-17,,0,3861542,,,,,,,,,,,,,,,
202037,0041000,1,長野県,ナガノケン,Nagano,,,,上田市,ウエダシ,Ueda-shi,,,,十人,ジュウニン,Junin,,,,,,,,0,0,0,0,0,0,1,1,1947-04-17,,0,3861435,,,,,,,,,,,,,,,
202037,0042000,1,長野県,ナガノケン,Nagano,,,,上田市,ウエダシ,Ueda-shi,,,,新町,シンマチ,Shimmachi,,,,,,,,0,0,0,0,0,0,1,1,1947-04-17,,0,3861434,,,,,,,,,,,,,,,
202037,0043000,1,長野県,ナガノケン,Nagano,,,,上田市,ウエダシ,Ueda-shi,,,,菅平高原,スガダイラコウゲン,Sugadairakogen,,,,,,,,0,0,0,0,0,0,1,1,1947-04-17,,0,3862204,,,,,,,,,,,,,,,
202037,0044000,1,長野県,ナガノケン,Nagano,,,,上田市,ウエダシ,Ueda-shi,,,,住吉,スミヨシ,Sumiyoshi,,,,,,,,0,0,0,0,0,0,1,1,1947-04-17,,0,3860002,,,,,,,,,,,,,,,
202037,0045000,1,長野県,ナガノケン,Nagano,,,,上田市,ウエダシ,Ueda-shi,,,,諏訪形,スワガタ,Suwagata,,,,,,,,0,0,0,0,0,0,1,1,1947-04-17,,0,3860032,,,,,,,,,,,,,,,
202037,0046000,1,長野県,ナガノケン,Nagano,,,,上田市,ウエダシ,Ueda-shi,,,,武石沖,タケシオキ,Takeshi Oki,,,,,,,,0,0,0,0,0,0,1,1,1947-04-17,,0,3860502,,,,,,,,,,,,,,,
202037,0047000,1,長野県,ナガノケン,Nagano,,,,上田市,ウエダシ,Ueda-shi,,,,武石小沢根,タケシオザワネ,Takeshi Ozawane,,,,,,,,0,0,0,0,0,0,1,1,1947-04-17,,0,3860504,,,,,,,,,,,,,,,
202037,0048000,1,長野県,ナガノケン,Nagano,,,,上田市,ウエダシ,Ueda-shi,,,,武石上本入,タケシカミホンイリ,Takeshi Kamihoniri,,,,,,,,0,0,0,0,0,0,1,1,1947-04-17,,0,3860507,,,,,,,,,,,,,,,
202037,0049000,1,長野県,ナガノケン,Nagano,,,,上田市,ウエダシ,Ueda-shi,,,,武石下本入,タケシシモホンイリ,Takeshi Shimohoniri,,,,,,,,0,0,0,0,0,0,1,1,1947-04-17,,0,3860506,,,,,,,,,,,,,,,
202037,0050000,1,長野県,ナガノケン,Nagano,,,,上田市,ウエダシ,Ueda-shi,,,,武石鳥屋,タケシトヤ,Takeshi Toya,,,,,,,,0,0,0,0,0,0,1,1,1947-04-17,,0,3860501,,,,,,,,,,,,,,,
202037,0051000,1,長野県,ナガノケン,Nagano,,,,上田市,ウエダシ,Ueda-shi,,,,武石余里,タケシヨリ,Takeshi Yori,,,,,,,,0,0,0,0,0,0,1,1,1947-04-17,,0,3860505,,,,,,,,,,,,,,,
202037,0052001,2,長野県,ナガノケン,Nagano,,,,上田市,ウエダシ,Ueda-shi,,,,中央,チュウオウ,Chuo,１丁目,１チョウメ,1,,,,,1,1,0,0,0,0,1,1,1947-04-17,,0,,,,,,,,,,,,,,,,
202037,0052002,2,長野県,ナガノケン,Nagano,,,,上田市,ウエダシ,Ueda-shi,,,,中央,チュウオウ,Chuo,２丁目,２チョウメ,2,,,,,1,1,0,0,0,0,1,1,1947-04-17,,0,,,,,,,,,,,,,,,,
202037,0052003,2,長野県,ナガノケン,Nagano,,,,上田市,ウエダシ,Ueda-shi,,,,中央,チュウオウ,Chuo,３丁目,３チョウメ,3,,,,,1,1,0,0,0,0,1,1,1947-04-17,,0,,,,,,,,,,,,,,,,
202037,0052004,2,長野県,ナガノケン,Nagano,,,,上田市,ウエダシ,Ueda-shi,,,,中央,チュウオウ,Chuo,４丁目,４チョウメ,4,,,,,1,1,0,0,0,0,1,1,1947-04-17,,0,,,,,,,,,,,,,,,,
202037,0052005,2,長野県,ナガノケン,Nagano,,,,上田市,ウエダシ,Ueda-shi,,,,中央,チュウオウ,Chuo,５丁目,５チョウメ,5,,,,,1,1,0,0,0,0,1,1,1947-04-17,,0,,,,,,,,,,,,,,,,
202037,0052006,2,長野県,ナガノケン,Nagano,,,,上田市,ウエダシ,Ueda-shi,,,,中央,チュウオウ,Chuo,６丁目,６チョウメ,6,,,,,1,1,0,0,0,0,1,1,1947-04-17,,0,,,,,,,,,,,,,,,,
202037,0053001,2,長野県,ナガノケン,Nagano,,,,上田市,ウエダシ,Ueda-shi,,,,中央北,チュウオウキタ,Chuokita,１丁目,１チョウメ,1,,,,,1,1,0,0,0,0,1,1,1947-04-17,,0,,,,,,,,,,,,,,,,
202037,0053002,2,長野県,ナガノケン,Nagano,,,,上田市,ウエダシ,Ueda-shi,,,,中央北,チュウオウキタ,Chuokita,２丁目,２チョウメ,2,,,,,1,1,0,0,0,0,1,1,1947-04-17,,0,,,,,,,,,,,,,,,,
202037,0053003,2,長野県,ナガノケン,Nagano,,,,上田市,ウエダシ,Ueda-shi,,,,中央北,チュウオウキタ,Chuokita,３丁目,３チョウメ,3,,,,,1,1,0,0,0,0,1,1,1947-04-17,,0,,,,,,,,,,,,,,,,
202037,0054001,2,長野県,ナガノケン,Nagano,,,,上田市,ウエダシ,Ueda-shi,,,,中央西,チュウオウニシ,Chuonishi,１丁目,１チョウメ,1,,,,,1,1,0,0,0,0,1,1,1947-04-17,,0,,,,,,,,,,,,,,,,
202037,0054002,2,長野県,ナガノケン,Nagano,,,,上田市,ウエダシ,Ueda-shi,,,,中央西,チュウオウニシ,Chuonishi,２丁目,２チョウメ,2,,,,,1,1,0,0,0,0,1,1,1947-04-17,,0,,,,,,,,,,,,,,,,
202037,0055000,1,長野県,ナガノケン,Nagano,,,,上田市,ウエダシ,Ueda-shi,,,,中央東,チュウオウヒガシ,Chuohigashi,,,,,,,,1,1,0,0,0,0,1,1,1947-04-17,,0,3860013,,,,,,,,,,,,,,,
202037,0056000,1,長野県,ナガノケン,Nagano,,,,上田市,ウエダシ,Ueda-shi,,,,築地,ツイジ,Tsuiji,,,,,,,,0,0,0,0,0,0,1,1,1947-04-17,,0,3861107,,,,,,,,,,,,,,,
202037,0057000,1,長野県,ナガノケン,Nagano,,,,上田市,ウエダシ,Ueda-shi,,,,手塚,テヅカ,Tezuka,,,,,,,,0,0,0,0,0,0,1,1,1947-04-17,,0,3861433,,*_MJ009216,,,,,,,,,,,,,
202037,0058001,2,長野県,ナガノケン,Nagano,,,,上田市,ウエダシ,Ueda-shi,,,,天神,テンジン,Tenjin,１丁目,１チョウメ,1,,,,,1,1,0,0,0,0,1,1,1947-04-17,,0,,,,,,,,,,,,,,,,
202037,0058002,2,長野県,ナガノケン,Nagano,,,,上田市,ウエダシ,Ueda-shi,,,,天神,テンジン,Tenjin,２丁目,２チョウメ,2,,,,,1,1,0,0,0,0,1,1,1947-04-17,,0,,,,,,,,,,,,,,,,
202037,0058003,2,長野県,ナガノケン,Nagano,,,,上田市,ウエダシ,Ueda-shi,,,,天神,テンジン,Tenjin,３丁目,３チョウメ,3,,,,,1,1,0,0,0,0,1,1,1947-04-17,,0,,,,,,,,,,,,,,,,
202037,0058004,2,長野県,ナガノケン,Nagano,,,,上田市,ウエダシ,Ueda-shi,,,,天神,テンジン,Tenjin,４丁目,４チョウメ,4,,,,,1,1,0,0,0,0,1,1,1947-04-17,,0,,,,,,,,,,,,,,,,
202037,0060000,1,長野県,ナガノケン,Nagano,,,,上田市,ウエダシ,Ueda-shi,,,,常入,トキイリ,Tokiiri,,,,,,,,0,0,0,0,0,0,1,1,1947-04-17,,0,3860015,,,,,,,,,,,,,,,
202037,0060001,2,長野県,ナガノケン,Nagano,,,,上田市,ウエダシ,Ueda-shi,,,,常入,トキイリ,Tokiiri,１丁目,１チョウメ,1,,,,,1,1,0,0,0,0,1,1,1947-04-17,,0,,,,,,,,,,,,,,,,
202037,0061001,2,長野県,ナガノケン,Nagano,,,,上田市,ウエダシ,Ueda-shi,,,,常田,トキタ,Tokida,１丁目,１チョウメ,1,,,,,1,1,0,0,0,0,1,1,1947-04-17,,0,,,,,,,,,,,,,,,,
202037,0061002,2,長野県,ナガノケン,Nagano,,,,上田市,ウエダシ,Ueda-shi,,,,常田,トキタ,Tokida,２丁目,２チョウメ,2,,,,,1,1,0,0,0,0,1,1,1947-04-17,,0,,,,,,,,,,,,,,,,
202037,0061003,2,長野県,ナガノケン,Nagano,,,,上田市,ウエダシ,Ueda-shi,,,,常田,トキタ,Tokida,３丁目,３チョウメ,3,,,,,1,1,0,0,0,0,1,1,1947-04-17,,0,,,,,,,,,,,,,,,,
202037,0063000,1,長野県,ナガノケン,Nagano,,,,上田市,ウエダシ,Ueda-shi,,,,常磐城,トキワギ,Tokiwagi,,,,,,,,0,0,0,0,0,0,1,1,1947-04-17,,0,3860027,,,,,,,,,,,,,,,
202037,0063001,2,長野県,ナガノケン,Nagano,,,,上田市,ウエダシ,Ueda-shi,,,,常磐城,トキワギ,Tokiwagi,１丁目,１チョウメ,1,,,,,1,1,0,0,0,0,1,1,1947-04-17,,0,,,,,,,,,,,,,,,,
202037,0063002,2,長野県,ナガノケン,Nagano,,,,上田市,ウエダシ,Ueda-shi,,,,常磐城,トキワギ,Tokiwagi,２丁目,２チョウメ,2,,,,,1,1,0,0,0,0,1,1,1947-04-17,,0,,,,,,,,,,,,,,,,
202037,0063003,2,長野県,ナガノケン,Nagano,,,,上田市,ウエダシ,Ueda-shi,,,,常磐城,トキワギ,Tokiwagi,３丁目,３チョウメ,3,,,,,1,1,0,0,0,0,1,1,1947-04-17,,0,,,,,,,,,,,,,,,,
202037,0063004,2,長野県,ナガノケン,Nagano,,,,上田市,ウエダシ,Ueda-shi,,,,常磐城,トキワギ,Tokiwagi,４丁目,４チョウメ,4,,,,,1,1,0,0,0,0,1,1,1947-04-17,,0,,,,,,,,,,,,,,,,
202037,0063005,2,長野県,ナガノケン,Nagano,,,,上田市,ウエダシ,Ueda-shi,,,,常磐城,トキワギ,Tokiwagi,５丁目,５チョウメ,5,,,,,1,1,0,0,0,0,1,1,1947-04-17,,0,,,,,,,,,,,,,,,,
202037,0063006,2,長野県,ナガノケン,Nagano,,,,上田市,ウエダシ,Ueda-shi,,,,常磐城,トキワギ,Tokiwagi,６丁目,６チョウメ,6,,,,,1,1,0,0,0,0,1,1,1947-04-17,,0,,,,,,,,,,,,,,,,
202037,0064000,1,長野県,ナガノケン,Nagano,,,,上田市,ウエダシ,Ueda-shi,,,,殿城,トノシロ,Tonoshiro,,,,,,,,0,0,0,0,0,0,1,1,1947-04-17,,0,3860004,,,,,,,,,,,,,,,
202037,0065000,1,長野県,ナガノケン,Nagano,,,,上田市,ウエダシ,Ueda-shi,,,,長瀬,ナガセ,Nagase,,,,,,,,0,0,0,0,0,0,1,1,1947-04-17,,0,3860407,,,,,,,,,,,,,,,
202037,0066000,1,長野県,ナガノケン,Nagano,,,,上田市,ウエダシ,Ueda-shi,,,,中野,ナカノ,Nakano,,,,,,,,0,0,0,0,0,0,1,1,1947-04-17,,0,3861325,,,,,,,,,,,,,,,
202037,0067000,1,長野県,ナガノケン,Nagano,,,,上田市,ウエダシ,Ueda-shi,,,,中之条,ナカノジョウ,Nakanojo,,,,,,,,0,0,0,0,0,0,1,1,1947-04-17,,0,3860034,,,,,,,,,,,,,,,
202037,0068000,1,長野県,ナガノケン,Nagano,,,,上田市,ウエダシ,Ueda-shi,,,,中丸子,ナカマルコ,Nakamaruko,,,,,,,,0,0,0,0,0,0,1,1,1947-04-17,,0,3860405,,,,,,,,,,,,,,,
202037,0069000,1,長野県,ナガノケン,Nagano,,,,上田市,ウエダシ,Ueda-shi,,,,仁古田,ニコタ,Nikoda,,,,,,,,0,0,0,0,0,0,1,1,1947-04-17,,0,3861544,,,,,,,,,,,,,,,
202037,0070000,1,長野県,ナガノケン,Nagano,,,,上田市,ウエダシ,Ueda-shi,,,,西内,ニシウチ,Nishiuchi,,,,,,,,0,0,0,0,0,0,1,1,1947-04-17,,0,3860322,,,,,,,,,,,,,,,
202037,0071000,1,長野県,ナガノケン,Nagano,,,,上田市,ウエダシ,Ueda-shi,,,,二の丸,ニノマル,Ninomaru,,,,,,,,1,1,0,0,0,0,1,1,1947-04-17,,0,3860026,,,,,,,,,,,,,,,
202037,0072000,1,長野県,ナガノケン,Nagano,,,,上田市,ウエダシ,Ueda-shi,,,,野倉,ノグラ,Nogura,,,,,,,,0,0,0,0,0,0,1,1,1947-04-17,,0,3861437,,,,,,,,,,,,,,,
202037,0073000,1,長野県,ナガノケン,Nagano,,,,上田市,ウエダシ,Ueda-shi,,,,林之郷,ハヤシノゴウ,Hayashinogo,,,,,,,,0,0,0,0,0,0,1,1,1947-04-17,,0,3860156,,,,,,,,,,,,,,,
202037,0074000,1,長野県,ナガノケン,Nagano,,,,上田市,ウエダシ,Ueda-shi,,,,東内,ヒガシウチ,Higashiuchi,,,,,,,,0,0,0,0,0,0,1,1,1947-04-17,,0,3860413,,,,,,,,,,,,,,,
202037,0075000,1,長野県,ナガノケン,Nagano,,,,上田市,ウエダシ,Ueda-shi,,,,平井,ヒライ,Hirai,,,,,,,,0,0,0,0,0,0,1,1,1947-04-17,,0,3860321,,,,,,,,,,,,,,,
202037,0076000,1,長野県,ナガノケン,Nagano,,,,上田市,ウエダシ,Ueda-shi,,,,福田,フクタ,Fukuta,,,,,,,,0,0,0,0,0,0,1,1,1947-04-17,,0,3861104,,,,,,,,,,,,,,,
202037,0077000,1,長野県,ナガノケン,Nagano,,,,上田市,ウエダシ,Ueda-shi,,,,富士山,フジヤマ,Fujiyama,,,,,,,,0,0,0,0,0,0,1,1,1947-04-17,,0,3861212,,,,,,,,,,,,,,,
202037,0078000,1,長野県,ナガノケン,Nagano,,,,上田市,ウエダシ,Ueda-shi,,,,藤原田,フジワラダ,Fujiwarada,,,,,,,,0,0,0,0,0,0,1,1,1947-04-17,,0,3860402,,,,,,,,,,,,,,,
202037,0079001,2,長野県,ナガノケン,Nagano,,,,上田市,ウエダシ,Ueda-shi,,,,踏入,フミイリ,Fumiiri,１丁目,１チョウメ,1,,,,,1,1,0,0,0,0,1,1,1947-04-17,,0,,,,,,,,,,,,,,,,
202037,0079002,2,長野県,ナガノケン,Nagano,,,,上田市,ウエダシ,Ueda-shi,,,,踏入,フミイリ,Fumiiri,２丁目,２チョウメ,2,,,,,1,1,0,0,0,0,1,1,1947-04-17,,0,,,,,,,,,,,,,,,,
202037,0080000,1,長野県,ナガノケン,Nagano,,,,上田市,ウエダシ,Ueda-shi,,,,別所温泉,ベッショオンセン,Besshonsen,,,,,,,,0,0,0,0,0,0,1,1,1947-04-17,,0,3861431,,,,,,,,,,,,,,,
202037,0081000,1,長野県,ナガノケン,Nagano,,,,上田市,ウエダシ,Ueda-shi,,,,保野,ホヤ,Hoya,,,,,,,,0,0,0,0,0,0,1,1,1947-04-17,,0,3861321,,,,,,,,,,,,,,,
202037,0082000,1,長野県,ナガノケン,Nagano,,,,上田市,ウエダシ,Ueda-shi,,,,本郷,ホンゴウ,Hongo,,,,,,,,0,0,0,0,0,0,1,1,1947-04-17,,0,3861323,,,,,,,,,,,,,,,
202037,0083000,1,長野県,ナガノケン,Nagano,,,,上田市,ウエダシ,Ueda-shi,,,,舞田,マイタ,Maita,,,,,,,,0,0,0,0,0,0,1,1,1947-04-17,,0,3861326,,,,,,,,,,,,,,,
202037,0084000,1,長野県,ナガノケン,Nagano,,,,上田市,ウエダシ,Ueda-shi,,,,前山,マエヤマ,Maeyama,,,,,,,,0,0,0,0,0,0,1,1,1947-04-17,,0,3861436,,,,,,,,,,,,,,,
202037,0085000,1,長野県,ナガノケン,Nagano,,,,上田市,ウエダシ,Ueda-shi,,,,御嶽堂,ミタケドウ,Mitakedo,,,,,,,,0,0,0,0,0,0,1,1,1947-04-17,,0,3860412,,,,,,,,,,,,,,,
202037,0086001,2,長野県,ナガノケン,Nagano,,,,上田市,ウエダシ,Ueda-shi,,,,緑が丘,ミドリガオカ,Midorigaoka,１丁目,１チョウメ,1,,,,,1,1,0,0,0,0,1,1,1947-04-17,,0,,,,,,,,,,,,,,,,
202037,0086002,2,長野県,ナガノケン,Nagano,,,,上田市,ウエダシ,Ueda-shi,,,,緑が丘,ミドリガオカ,Midorigaoka,２丁目,２チョウメ,2,,,,,1,1,0,0,0,0,1,1,1947-04-17,,0,,,,,,,,,,,,,,,,
202037,0086003,2,長野県,ナガノケン,Nagano,,,,上田市,ウエダシ,Ueda-shi,,,,緑が丘,ミドリガオカ,Midorigaoka,３丁目,３チョウメ,3,,,,,1,1,0,0,0,0,1,1,1947-04-17,,0,,,,,,,,,,,,,,,,
202037,0087000,1,長野県,ナガノケン,Nagano,,,,上田市,ウエダシ,Ueda-shi,,,,本海野,モトウンノ,Motonno,,,,,,,,0,0,0,0,0,0,1,1,1947-04-17,,0,3860408,,,,,,,,,,,,,,,
202037,0088000,1,長野県,ナガノケン,Nagano,,,,上田市,ウエダシ,Ueda-shi,,,,八木沢,ヤギサワ,Yagisawa,,,,,,,,0,0,0,0,0,0,1,1,1947-04-17,,0,3861327,,,,,,,,,,,,,,,
202037,0089000,1,長野県,ナガノケン,Nagano,,,,上田市,ウエダシ,Ueda-shi,,,,山田,ヤマダ,Yamada,,,,,,,,0,0,0,0,0,0,1,1,1947-04-17,,0,3861432,,,,,,,,,,,,,,,
202037,0090000,1,長野県,ナガノケン,Nagano,,,,上田市,ウエダシ,Ueda-shi,,,,吉田,ヨシダ,Yoshida,,,,,,,,0,0,0,0,0,0,1,1,1947-04-17,,0,3861105,,,,,,,,,,,,,,,
202037,0091000,1,長野県,ナガノケン,Nagano,,,,上田市,ウエダシ,Ueda-shi,,,,芳田,ヨシダ,Yoshida,,,,,,,,0,0,0,0,0,0,1,1,1947-04-17,,0,3860151,,,,,,,,,,,,,,,
202037,0107000,1,長野県,ナガノケン,Nagano,,,,上田市,ウエダシ,Ueda-shi,,,,大字国分,オオアザコクブ,Kokubu,,,,,,,,0,0,0,0,0,0,1,1,1947-04-17,,0,3860016,,,,,,,,,,,,,,,
202037,0121000,1,長野県,ナガノケン,Nagano,,,,上田市,ウエダシ,Ueda-shi,,,,大字常入,オオアザトキイリ,Tokiiri,,,,,,,,0,0,0,0,0,0,1,1,1947-04-17,,0,3860015,,,,,,,,,,,,,,,
202045,0000000,4,長野県,ナガノケン,Nagano,,,,岡谷市,オカヤシ,Okaya-shi,,,,,,,,,,,,,,0,0,0,0,0,0,1,1,1947-04-17,,0,,,,,,,,,,,,,,,,
202045,0001001,2,長野県,ナガノケン,Nagano,,,,岡谷市,オカヤシ,Okaya-shi,,,,赤羽,アカハネ,Akahane,一丁目,１チョウメ,1,,,,,1,1,0,0,0,0,1,1,1947-04-17,,0,,,,,,,,,,,,,,,,
202045,0001002,2,長野県,ナガノケン,Nagano,,,,岡谷市,オカヤシ,Okaya-shi,,,,赤羽,アカハネ,Akahane,二丁目,２チョウメ,2,,,,,1,1,0,0,0,0,1,1,1947-04-17,,0,,,,,,,,,,,,,,,,
202045,0001003,2,長野県,ナガノケン,Nagano,,,,岡谷市,オカヤシ,Okaya-shi,,,,赤羽,アカハネ,Akahane,三丁目,３チョウメ,3,,,,,1,1,0,0,0,0,1,1,1947-04-17,,0,,,,,,,,,,,,,,,,
202045,0002000,1,長野県,ナガノケン,Nagano,,,,岡谷市,オカヤシ,Okaya-shi,,,,御倉町,オクラチョウ,Okuracho,,,,,,,,1,1,0,0,0,0,1,1,1947-04-17,,0,3940043,,,,,,,,,,,,,,,
202045,0003000,1,長野県,ナガノケン,Nagano,,,,岡谷市,オカヤシ,Okaya-shi,,,,長地,オサチ,Osachi,,,,,,,,0,0,0,0,0,0,1,1,1947-04-17,,0,3940011,,,,,,,,,,,,,,,
202045,0004001,2,長野県,ナガノケン,Nagano,,,,岡谷市,オカヤシ,Okaya-shi,,,,長地出早,オサチイズハヤ,Osachiizuhaya,一丁目,１チョウメ,1,,,,,1,1,0,0,0,0,1,1,1947-04-17,,0,,,,,,,,,,,,,,,,
202045,0004002,2,長野県,ナガノケン,Nagano,,,,岡谷市,オカヤシ,Okaya-shi,,,,長地出早,オサチイズハヤ,Osachiizuhaya,二丁目,２チョウメ,2,,,,,1,1,0,0,0,0,1,1,1947-04-17,,0,,,,,,,,,,,,,,,,
202045,0004003,2,長野県,ナガノケン,Nagano,,,,岡谷市,オカヤシ,Okaya-shi,,,,長地出早,オサチイズハヤ,Osachiizuhaya,三丁目,３チョウメ,3,,,,,1,1,0,0,0,0,1,1,1947-04-17,,0,,,,,,,,,,,,,,,,
202045,0005001,2,長野県,ナガノケン,Nagano,,,,岡谷市,オカヤシ,Okaya-shi,,,,長地片間町,オサチカタマチョウ,Osachikatamacho,一丁目,１チョウメ,1,,,,,1,1,0,0,0,0,1,1,1947-04-17,,0,,,,,,,,,,,,,,,,
202045,0005002,2,長野県,ナガノケン,Nagano,,,,岡谷市,オカヤシ,Okaya-shi,,,,長地片間町,オサチカタマチョウ,Osachikatamacho,二丁目,２チョウメ,2,,,,,1,1,0,0,0,0,1,1,1947-04-17,,0,,,,,,,,,,,,,,,,
202045,0006001,2,長野県,ナガノケン,Nagano,,,,岡谷市,オカヤシ,Okaya-shi,,,,長地御所,オサチゴショ,Osachigosho,一丁目,１チョウメ,1,,,,,1,1,0,0,0,0,1,1,1947-04-17,,0,,,,,,,,,,,,,,,,
202045,0006002,2,長野県,ナガノケン,Nagano,,,,岡谷市,オカヤシ,Okaya-shi,,,,長地御所,オサチゴショ,Osachigosho,二丁目,２チョウメ,2,,,,,1,1,0,0,0,0,1,1,1947-04-17,,0,,,,,,,,,,,,,,,,
202045,0007001,2,長野県,ナガノケン,Nagano,,,,岡谷市,オカヤシ,Okaya-shi,,,,長地小萩,オサチコハギ,Osachikohagi,一丁目,１チョウメ,1,,,,,1,1,0,0,0,0,1,1,1947-04-17,,0,,,,,,,,,,,,,,,,
202045,0007002,2,長野県,ナガノケン,Nagano,,,,岡谷市,オカヤシ,Okaya-shi,,,,長地小萩,オサチコハギ,Osachikohagi,二丁目,２チョウメ,2,,,,,1,1,0,0,0,0,1,1,1947-04-17,,0,,,,,,,,,,,,,,,,
202045,0007003,2,長野県,ナガノケン,Nagano,,,,岡谷市,オカヤシ,Okaya-shi,,,,長地小萩,オサチコハギ,Osachikohagi,三丁目,３チョウメ,3,,,,,1,1,0,0,0,0,1,1,1947-04-17,,0,,,,,,,,,,,,,,,,
202045,0008001,2,長野県,ナガノケン,Nagano,,,,岡谷市,オカヤシ,Okaya-shi,,,,長地権現町,オサチゴンゲンチョウ,Osachigongencho,一丁目,１チョウメ,1,,,,,1,1,0,0,0,0,1,1,1947-04-17,,0,,,,,,,,,,,,,,,,
202045,0008002,2,長野県,ナガノケン,Nagano,,,,岡谷市,オカヤシ,Okaya-shi,,,,長地権現町,オサチゴンゲンチョウ,Osachigongencho,二丁目,２チョウメ,2,,,,,1,1,0,0,0,0,1,1,1947-04-17,,0,,,,,,,,,,,,,,,,
202045,0008003,2,長野県,ナガノケン,Nagano,,,,岡谷市,オカヤシ,Okaya-shi,,,,長地権現町,オサチゴンゲンチョウ,Osachigongencho,三丁目,３チョウメ,3,,,,,1,1,0,0,0,0,1,1,1947-04-17,,0,,,,,,,,,,,,,,,,
202045,0008004,2,長野県,ナガノケン,Nagano,,,,岡谷市,オカヤシ,Okaya-shi,,,,長地権現町,オサチゴンゲンチョウ,Osachigongencho,四丁目,４チョウメ,4,,,,,1,1,0,0,0,0,1,1,1947-04-17,,0,,,,,,,,,,,,,,,,
202045,0009001,2,長野県,ナガノケン,Nagano,,,,岡谷市,オカヤシ,Okaya-shi,,,,長地鎮,オサチシズメ,Osachishizume,一丁目,１チョウメ,1,,,,,1,1,0,0,0,0,1,1,1947-04-17,,0,,,,,,,,,,,,,,,,
202045,0009002,2,長野県,ナガノケン,Nagano,,,,岡谷市,オカヤシ,Okaya-shi,,,,長地鎮,オサチシズメ,Osachishizume,二丁目,２チョウメ,2,,,,,1,1,0,0,0,0,1,1,1947-04-17,,0,,,,,,,,,,,,,,,,
202045,0010001,2,長野県,ナガノケン,Nagano,,,,岡谷市,オカヤシ,Okaya-shi,,,,長地柴宮,オサチシバミヤ,Osachishibamiya,一丁目,１チョウメ,1,,,,,1,1,0,0,0,0,1,1,1947-04-17,,0,,,,,,,,,,,,,,,,
202045,0010002,2,長野県,ナガノケン,Nagano,,,,岡谷市,オカヤシ,Okaya-shi,,,,長地柴宮,オサチシバミヤ,Osachishibamiya,二丁目,２チョウメ,2,,,,,1,1,0,0,0,0,1,1,1947-04-17,,0,,,,,,,,,,,,,,,,
202045,0010003,2,長野県,ナガノケン,Nagano,,,,岡谷市,オカヤシ,Okaya-shi,,,,長地柴宮,オサチシバミヤ,Osachishibamiya,三丁目,３チョウメ,3,,,,,1,1,0,0,0,0,1,1,1947-04-17,,0,,,,,,,,,,,,,,,,
202045,0011001,2,長野県,ナガノケン,Nagano,,,,岡谷市,オカヤシ,Okaya-shi,,,,長地梨久保,オサチナシクボ,Osachinashikubo,一丁目,１チョウメ,1,,,,,1,1,0,0,0,0,1,1,1947-04-17,,0,,,,,,,,,,,,,,,,
202045,0011002,2,長野県,ナガノケン,Nagano,,,,岡谷市,オカヤシ,Okaya-shi,,,,長地梨久保,オサチナシクボ,Osachinashikubo,二丁目,２チョウメ,2,,,,,1,1,0,0,0,0,1,1,1947-04-17,,0,,,,,,,,,,,,,,,,
202045,0012001,2,長野県,ナガノケン,Nagano,,,,岡谷市,オカヤシ,Okaya-shi,,,,長地源,オサチミナモト,Osachiminamoto,一丁目,１チョウメ,1,,,,,1,1,0,0,0,0,1,1,1947-04-17,,0,,,,,,,,,,,,,,,,
202045,0012002,2,長野県,ナガノケン,Nagano,,,,岡谷市,オカヤシ,Okaya-shi,,,,長地源,オサチミナモト,Osachiminamoto,二丁目,２チョウメ,2,,,,,1,1,0,0,0,0,1,1,1947-04-17,,0,,,,,,,,,,,,,,,,
202045,0013001,2,長野県,ナガノケン,Nagano,,,,岡谷市,オカヤシ,Okaya-shi,,,,加茂町,カモチョウ,Kamocho,一丁目,１チョウメ,1,,,,,1,1,0,0,0,0,1,1,1947-04-17,,0,,,,,,,,,,,,,,,,
202045,0013002,2,長野県,ナガノケン,Nagano,,,,岡谷市,オカヤシ,Okaya-shi,,,,加茂町,カモチョウ,Kamocho,二丁目,２チョウメ,2,,,,,1,1,0,0,0,0,1,1,1947-04-17,,0,,,,,,,,,,,,,,,,
202045,0013003,2,長野県,ナガノケン,Nagano,,,,岡谷市,オカヤシ,Okaya-shi,,,,加茂町,カモチョウ,Kamocho,三丁目,３チョウメ,3,,,,,1,1,0,0,0,0,1,1,1947-04-17,,0,,,,,,,,,,,,,,,,
202045,0013004,2,長野県,ナガノケン,Nagano,,,,岡谷市,オカヤシ,Okaya-shi,,,,加茂町,カモチョウ,Kamocho,四丁目,４チョウメ,4,,,,,1,1,0,0,0,0,1,1,1947-04-17,,0,,,,,,,,,,,,,,,,
202045,0014000,1,長野県,ナガノケン,Nagano,,,,岡谷市,オカヤシ,Okaya-shi,,,,川岸,カワギシ,,,,,,,,,0,0,0,0,0,0,1,1,1947-04-17,,0,,,,,,,,,,,,,,,,
202045,0015001,2,長野県,ナガノケン,Nagano,,,,岡谷市,オカヤシ,Okaya-shi,,,,川岸上,カワギシカミ,Kawagishikami,一丁目,１チョウメ,1,,,,,1,1,0,0,0,0,1,1,1947-04-17,,0,,,,,,,,,,,,,,,,
202045,0015002,2,長野県,ナガノケン,Nagano,,,,岡谷市,オカヤシ,Okaya-shi,,,,川岸上,カワギシカミ,Kawagishikami,二丁目,２チョウメ,2,,,,,1,1,0,0,0,0,1,1,1947-04-17,,0,,,,,,,,,,,,,,,,
202045,0015003,2,長野県,ナガノケン,Nagano,,,,岡谷市,オカヤシ,Okaya-shi,,,,川岸上,カワギシカミ,Kawagishikami,三丁目,３チョウメ,3,,,,,1,1,0,0,0,0,1,1,1947-04-17,,0,,,,,,,,,,,,,,,,
202045,0015004,2,長野県,ナガノケン,Nagano,,,,岡谷市,オカヤシ,Okaya-shi,,,,川岸上,カワギシカミ,Kawagishikami,四丁目,４チョウメ,4,,,,,1,1,0,0,0,0,1,1,1947-04-17,,0,,,,,,,,,,,,,,,,
202045,0016001,2,長野県,ナガノケン,Nagano,,,,岡谷市,オカヤシ,Okaya-shi,,,,川岸中,カワギシナカ,Kawagishinaka,一丁目,１チョウメ,1,,,,,1,1,0,0,0,0,1,1,1947-04-17,,0,,,,,,,,,,,,,,,,
202045,0016002,2,長野県,ナガノケン,Nagano,,,,岡谷市,オカヤシ,Okaya-shi,,,,川岸中,カワギシナカ,Kawagishinaka,二丁目,２チョウメ,2,,,,,1,1,0,0,0,0,1,1,1947-04-17,,0,,,,,,,,,,,,,,,,
202045,0016003,2,長野県,ナガノケン,Nagano,,,,岡谷市,オカヤシ,Okaya-shi,,,,川岸中,カワギシナカ,Kawagishinaka,三丁目,３チョウメ,3,,,,,1,1,0,0,0,0,1,1,1947-04-17,,0,,,,,,,,,,,,,,,,
202045,0017001,2,長野県,ナガノケン,Nagano,,,,岡谷市,オカヤシ,Okaya-shi,,,,川岸西,カワギシニシ,Kawagishinishi,一丁目,１チョウメ,1,,,,,1,1,0,0,0,0,1,1,1947-04-17,,0,,,,,,,,,,,,,,,,
202045,0017002,2,長野県,ナガノケン,Nagano,,,,岡谷市,オカヤシ,Okaya-shi,,,,川岸西,カワギシニシ,Kawagishinishi,二丁目,２チョウメ,2,,,,,1,1,0,0,0,0,1,1,1947-04-17,,0,,,,,,,,,,,,,,,,
202045,0018001,2,長野県,ナガノケン,Nagano,,,,岡谷市,オカヤシ,Okaya-shi,,,,川岸東,カワギシヒガシ,Kawagishihigashi,一丁目,１チョウメ,1,,,,,1,1,0,0,0,0,1,1,1947-04-17,,0,,,,,,,,,,,,,,,,
202045,0018002,2,長野県,ナガノケン,Nagano,,,,岡谷市,オカヤシ,Okaya-shi,,,,川岸東,カワギシヒガシ,Kawagishihigashi,二丁目,２チョウメ,2,,,,,1,1,0,0,0,0,1,1,1947-04-17,,0,,,,,,,,,,,,,,,,
202045,0018003,2,長野県,ナガノケン,Nagano,,,,岡谷市,オカヤシ,Okaya-shi,,,,川岸東,カワギシヒガシ,Kawagishihigashi,三丁目,３チョウメ,3,,,,,1,1,0,0,0,0,1,1,1947-04-17,,0,,,,,,,,,,,,,,,,
202045,0018004,2,長野県,ナガノケン,Nagano,,,,岡谷市,オカヤシ,Okaya-shi,,,,川岸東,カワギシヒガシ,Kawagishihigashi,四丁目,４チョウメ,4,,,,,1,1,0,0,0,0,1,1,1947-04-17,,0,,,,,,,,,,,,,,,,
202045,0018005,2,長野県,ナガノケン,Nagano,,,,岡谷市,オカヤシ,Okaya-shi,,,,川岸東,カワギシヒガシ,Kawagishihigashi,五丁目,５チョウメ,5,,,,,1,1,0,0,0,0,1,1,1947-04-17,,0,,,,,,,,,,,,,,,,
202045,0019001,2,長野県,ナガノケン,Nagano,,,,岡谷市,オカヤシ,Okaya-shi,,,,銀座,ギンザ,Ginza,一丁目,１チョウメ,1,,,,,1,1,0,0,0,0,1,1,1947-04-17,,0,,,,,,,,,,,,,,,,
202045,0019002,2,長野県,ナガノケン,Nagano,,,,岡谷市,オカヤシ,Okaya-shi,,,,銀座,ギンザ,Ginza,二丁目,２チョウメ,2,,,,,1,1,0,0,0,0,1,1,1947-04-17,,0,,,,,,,,,,,,,,,,
202045,0020001,2,長野県,ナガノケン,Nagano,,,,岡谷市,オカヤシ,Okaya-shi,,,,郷田,ゴウダ,Goda,一丁目,１チョウメ,1,,,,,1,1,0,0,0,0,1,1,1947-04-17,,0,,,,,,,,,,,,,,,,
202045,0020002,2,長野県,ナガノケン,Nagano,,,,岡谷市,オカヤシ,Okaya-shi,,,,郷田,ゴウダ,Goda,二丁目,２チョウメ,2,,,,,1,1,0,0,0,0,1,1,1947-04-17,,0,,,,,,,,,,,,,,,,
202045,0021001,2,長野県,ナガノケン,Nagano,,,,岡谷市,オカヤシ,Okaya-shi,,,,湖畔,コハン,Kohan,一丁目,１チョウメ,1,,,,,1,1,0,0,0,0,1,1,1947-04-17,,0,,,,,,,,,,,,,,,,
202045,0021002,2,長野県,ナガノケン,Nagano,,,,岡谷市,オカヤシ,Okaya-shi,,,,湖畔,コハン,Kohan,二丁目,２チョウメ,2,,,,,1,1,0,0,0,0,1,1,1947-04-17,,0,,,,,,,,,,,,,,,,
202045,0021003,2,長野県,ナガノケン,Nagano,,,,岡谷市,オカヤシ,Okaya-shi,,,,湖畔,コハン,Kohan,三丁目,３チョウメ,3,,,,,1,1,0,0,0,0,1,1,1947-04-17,,0,,,,,,,,,,,,,,,,
202045,0021004,2,長野県,ナガノケン,Nagano,,,,岡谷市,オカヤシ,Okaya-shi,,,,湖畔,コハン,Kohan,四丁目,４チョウメ,4,,,,,1,1,0,0,0,0,1,1,1947-04-17,,0,,,,,,,,,,,,,,,,
202045,0022000,1,長野県,ナガノケン,Nagano,,,,岡谷市,オカヤシ,Okaya-shi,,,,幸町,サイワイチョウ,Saiwaicho,,,,,,,,1,1,0,0,0,0,1,1,1947-04-17,,0,3940029,,,,,,,,,,,,,,,
202045,0023001,2,長野県,ナガノケン,Nagano,,,,岡谷市,オカヤシ,Okaya-shi,,,,神明町,シンメイチョウ,Shimmeicho,一丁目,１チョウメ,1,,,,,1,1,0,0,0,0,1,1,1947-04-17,,0,,,,,,,,,,,,,,,,
202045,0023002,2,長野県,ナガノケン,Nagano,,,,岡谷市,オカヤシ,Okaya-shi,,,,神明町,シンメイチョウ,Shimmeicho,二丁目,２チョウメ,2,,,,,1,1,0,0,0,0,1,1,1947-04-17,,0,,,,,,,,,,,,,,,,
202045,0023003,2,長野県,ナガノケン,Nagano,,,,岡谷市,オカヤシ,Okaya-shi,,,,神明町,シンメイチョウ,Shimmeicho,三丁目,３チョウメ,3,,,,,1,1,0,0,0,0,1,1,1947-04-17,,0,,,,,,,,,,,,,,,,
202045,0023004,2,長野県,ナガノケン,Nagano,,,,岡谷市,オカヤシ,Okaya-shi,,,,神明町,シンメイチョウ,Shimmeicho,四丁目,４チョウメ,4,,,,,1,1,0,0,0,0,1,1,1947-04-17,,0,,,,,,,,,,,,,,,,
202045,0024001,2,長野県,ナガノケン,Nagano,,,,岡谷市,オカヤシ,Okaya-shi,,,,大栄町,ダイエイチョウ,Daieicho,一丁目,１チョウメ,1,,,,,1,1,0,0,0,0,1,1,1947-04-17,,0,,,,,,,,,,,,,,,,
202045,0024002,2,長野県,ナガノケン,Nagano,,,,岡谷市,オカヤシ,Okaya-shi,,,,大栄町,ダイエイチョウ,Daieicho,二丁目,２チョウメ,2,,,,,1,1,0,0,0,0,1,1,1947-04-17,,0,,,,,,,,,,,,,,,,
202045,0025001,2,長野県,ナガノケン,Nagano,,,,岡谷市,オカヤシ,Okaya-shi,,,,田中町,タナカチョウ,Tanakacho,一丁目,１チョウメ,1,,,,,1,1,0,0,0,0,1,1,1947-04-17,,0,,,,,,,,,,,,,,,,
202045,0025002,2,長野県,ナガノケン,Nagano,,,,岡谷市,オカヤシ,Okaya-shi,,,,田中町,タナカチョウ,Tanakacho,二丁目,２チョウメ,2,,,,,1,1,0,0,0,0,1,1,1947-04-17,,0,,,,,,,,,,,,,,,,
202045,0025003,2,長野県,ナガノケン,Nagano,,,,岡谷市,オカヤシ,Okaya-shi,,,,田中町,タナカチョウ,Tanakacho,三丁目,３チョウメ,3,,,,,1,1,0,0,0,0,1,1,1947-04-17,,0,,,,,,,,,,,,,,,,
202045,0026001,2,長野県,ナガノケン,Nagano,,,,岡谷市,オカヤシ,Okaya-shi,,,,中央町,チュウオウチョウ,Chuocho,一丁目,１チョウメ,1,,,,,1,1,0,0,0,0,1,1,1947-04-17,,0,,,,,,,,,,,,,,,,
202045,0026002,2,長野県,ナガノケン,Nagano,,,,岡谷市,オカヤシ,Okaya-shi,,,,中央町,チュウオウチョウ,Chuocho,二丁目,２チョウメ,2,,,,,1,1,0,0,0,0,1,1,1947-04-17,,0,,,,,,,,,,,,,,,,
202045,0026003,2,長野県,ナガノケン,Nagano,,,,岡谷市,オカヤシ,Okaya-shi,,,,中央町,チュウオウチョウ,Chuocho,三丁目,３チョウメ,3,,,,,1,1,0,0,0,0,1,1,1947-04-17,,0,,,,,,,,,,,,,,,,
202045,0027001,2,長野県,ナガノケン,Nagano,,,,岡谷市,オカヤシ,Okaya-shi,,,,塚間町,ツカマチョウ,Tsukamacho,一丁目,１チョウメ,1,,,,,1,1,0,0,0,0,1,1,1947-04-17,,0,,,,,,,,,,,,,,,,
202045,0027002,2,長野県,ナガノケン,Nagano,,,,岡谷市,オカヤシ,Okaya-shi,,,,塚間町,ツカマチョウ,Tsukamacho,二丁目,２チョウメ,2,,,,,1,1,0,0,0,0,1,1,1947-04-17,,0,,,,,,,,,,,,,,,,
202045,0028001,2,長野県,ナガノケン,Nagano,,,,岡谷市,オカヤシ,Okaya-shi,,,,天竜町,テンリュウチョウ,Tenryucho,一丁目,１チョウメ,1,,,,,1,1,0,0,0,0,1,1,1947-04-17,,0,,,,,,,,,,,,,,,,
202045,0028002,2,長野県,ナガノケン,Nagano,,,,岡谷市,オカヤシ,Okaya-shi,,,,天竜町,テンリュウチョウ,Tenryucho,二丁目,２チョウメ,2,,,,,1,1,0,0,0,0,1,1,1947-04-17,,0,,,,,,,,,,,,,,,,
202045,0028003,2,長野県,ナガノケン,Nagano,,,,岡谷市,オカヤシ,Okaya-shi,,,,天竜町,テンリュウチョウ,Tenryucho,三丁目,３チョウメ,3,,,,,1,1,0,0,0,0,1,1,1947-04-17,,0,,,,,,,,,,,,,,,,
202045,0029001,2,長野県,ナガノケン,Nagano,,,,岡谷市,オカヤシ,Okaya-shi,,,,成田町,ナルタチョウ,Narutacho,一丁目,１チョウメ,1,,,,,1,1,0,0,0,0,1,1,1947-04-17,,0,,,,,,,,,,,,,,,,
202045,0029002,2,長野県,ナガノケン,Nagano,,,,岡谷市,オカヤシ,Okaya-shi,,,,成田町,ナルタチョウ,Narutacho,二丁目,２チョウメ,2,,,,,1,1,0,0,0,0,1,1,1947-04-17,,0,,,,,,,,,,,,,,,,
202045,0030001,2,長野県,ナガノケン,Nagano,,,,岡谷市,オカヤシ,Okaya-shi,,,,南宮,ナングウ,Nangu,一丁目,１チョウメ,1,,,,,1,1,0,0,0,0,1,1,1947-04-17,,0,,,,,,,,,,,,,,,,
202045,0030002,2,長野県,ナガノケン,Nagano,,,,岡谷市,オカヤシ,Okaya-shi,,,,南宮,ナングウ,Nangu,二丁目,２チョウメ,2,,,,,1,1,0,0,0,0,1,1,1947-04-17,,0,,,,,,,,,,,,,,,,
202045,0030003,2,長野県,ナガノケン,Nagano,,,,岡谷市,オカヤシ,Okaya-shi,,,,南宮,ナングウ,Nangu,三丁目,３チョウメ,3,,,,,1,1,0,0,0,0,1,1,1947-04-17,,0,,,,,,,,,,,,,,,,
202045,0031001,2,長野県,ナガノケン,Nagano,,,,岡谷市,オカヤシ,Okaya-shi,,,,東銀座,ヒガシギンザ,Higashiginza,一丁目,１チョウメ,1,,,,,1,1,0,0,0,0,1,1,1947-04-17,,0,,,,,,,,,,,,,,,,
202045,0031002,2,長野県,ナガノケン,Nagano,,,,岡谷市,オカヤシ,Okaya-shi,,,,東銀座,ヒガシギンザ,Higashiginza,二丁目,２チョウメ,2,,,,,1,1,0,0,0,0,1,1,1947-04-17,,0,,,,,,,,,,,,,,,,
202045,0032001,2,長野県,ナガノケン,Nagano,,,,岡谷市,オカヤシ,Okaya-shi,,,,堀ノ内,ホリノウチ,Horinochi,一丁目,１チョウメ,1,,,,,1,1,0,0,0,0,1,1,1947-04-17,,0,,,,,,,,,,,,,,,,
202045,0032002,2,長野県,ナガノケン,Nagano,,,,岡谷市,オカヤシ,Okaya-shi,,,,堀ノ内,ホリノウチ,Horinochi,二丁目,２チョウメ,2,,,,,1,1,0,0,0,0,1,1,1947-04-17,,0,,,,,,,,,,,,,,,,
202045,0033001,2,長野県,ナガノケン,Nagano,,,,岡谷市,オカヤシ,Okaya-shi,,,,本町,ホンチョウ,Honcho,一丁目,１チョウメ,1,,,,,1,1,0,0,0,0,1,1,1947-04-17,,0,,,,,,,,,,,,,,,,
202045,0033002,2,長野県,ナガノケン,Nagano,,,,岡谷市,オカヤシ,Okaya-shi,,,,本町,ホンチョウ,Honcho,二丁目,２チョウメ,2,,,,,1,1,0,0,0,0,1,1,1947-04-17,,0,,,,,,,,,,,,,,,,
202045,0033003,2,長野県,ナガノケン,Nagano,,,,岡谷市,オカヤシ,Okaya-shi,,,,本町,ホンチョウ,Honcho,三丁目,３チョウメ,3,,,,,1,1,0,0,0,0,1,1,1947-04-17,,0,,,,,,,,,,,,,,,,
202045,0033004,2,長野県,ナガノケン,Nagano,,,,岡谷市,オカヤシ,Okaya-shi,,,,本町,ホンチョウ,Honcho,四丁目,４チョウメ,4,,,,,1,1,0,0,0,0,1,1,1947-04-17,,0,,,,,,,,,,,,,,,,
202045,0035000,1,長野県,ナガノケン,Nagano,,,,岡谷市,オカヤシ,Okaya-shi,,,,湊,ミナト,Minato,,,,,,,,0,0,0,0,0,0,1,1,1947-04-17,,0,3940044,,,,,,,,,,,,,,,
202045,0035001,2,長野県,ナガノケン,Nagano,,,,岡谷市,オカヤシ,Okaya-shi,,,,湊,ミナト,Minato,一丁目,１チョウメ,1,,,,,1,1,0,0,0,0,1,1,1947-04-17,,0,,,,,,,,,,,,,,,,
202045,0035002,2,長野県,ナガノケン,Nagano,,,,岡谷市,オカヤシ,Okaya-shi,,,,湊,ミナト,Minato,二丁目,２チョウメ,2,,,,,1,1,0,0,0,0,1,1,1947-04-17,,0,,,,,,,,,,,,,,,,
202045,0035003,2,長野県,ナガノケン,Nagano,,,,岡谷市,オカヤシ,Okaya-shi,,,,湊,ミナト,Minato,三丁目,３チョウメ,3,,,,,1,1,0,0,0,0,1,1,1947-04-17,,0,,,,,,,,,,,,,,,,
202045,0035004,2,長野県,ナガノケン,Nagano,,,,岡谷市,オカヤシ,Okaya-shi,,,,湊,ミナト,Minato,四丁目,４チョウメ,4,,,,,1,1,0,0,0,0,1,1,1947-04-17,,0,,,,,,,,,,,,,,,,
202045,0035005,2,長野県,ナガノケン,Nagano,,,,岡谷市,オカヤシ,Okaya-shi,,,,湊,ミナト,Minato,五丁目,５チョウメ,5,,,,,1,1,0,0,0,0,1,1,1947-04-17,,0,,,,,,,,,,,,,,,,
202045,0036001,2,長野県,ナガノケン,Nagano,,,,岡谷市,オカヤシ,Okaya-shi,,,,山下町,ヤマシタチョウ,Yamashitacho,一丁目,１チョウメ,1,,,,,1,1,0,0,0,0,1,1,1947-04-17,,0,,,,,,,,,,,,,,,,
202045,0036002,2,長野県,ナガノケン,Nagano,,,,岡谷市,オカヤシ,Okaya-shi,,,,山下町,ヤマシタチョウ,Yamashitacho,二丁目,２チョウメ,2,,,,,1,1,0,0,0,0,1,1,1947-04-17,,0,,,,,,,,,,,,,,,,
202045,0037001,2,長野県,ナガノケン,Nagano,,,,岡谷市,オカヤシ,Okaya-shi,,,,山手町,ヤマテチョウ,Yamatecho,一丁目,１チョウメ,1,,,,,1,1,0,0,0,0,1,1,1947-04-17,,0,,,,,,,,,,,,,,,,
202045,0037002,2,長野県,ナガノケン,Nagano,,,,岡谷市,オカヤシ,Okaya-shi,,,,山手町,ヤマテチョウ,Yamatecho,二丁目,２チョウメ,2,,,,,1,1,0,0,0,0,1,1,1947-04-17,,0,,,,,,,,,,,,,,,,
202045,0037003,2,長野県,ナガノケン,Nagano,,,,岡谷市,オカヤシ,Okaya-shi,,,,山手町,ヤマテチョウ,Yamatecho,三丁目,３チョウメ,3,,,,,1,1,0,0,0,0,1,1,1947-04-17,,0,,,,,,,,,,,,,,,,
202045,0038001,2,長野県,ナガノケン,Nagano,,,,岡谷市,オカヤシ,Okaya-shi,,,,若宮,ワカミヤ,Wakamiya,一丁目,１チョウメ,1,,,,,1,1,0,0,0,0,1,1,1947-04-17,,0,,,,,,,,,,,,,,,,
202045,0038002,2,長野県,ナガノケン,Nagano,,,,岡谷市,オカヤシ,Okaya-shi,,,,若宮,ワカミヤ,Wakamiya,二丁目,２チョウメ,2,,,,,1,1,0,0,0,0,1,1,1947-04-17,,0,,,,,,,,,,,,,,,,
202053,0001000,1,長野県,ナガノケン,Nagano,,,,飯田市,イイダシ,Iida-shi,,,,曙町,アケボノチョウ,Akebonocho,,,,,,,,0,0,0,0,0,0,1,1,1947-04-17,,0,3950072,,,,,,,,,,,,,,,
202053,0002000,1,長野県,ナガノケン,Nagano,,,,飯田市,イイダシ,Iida-shi,,,,旭町,アサヒマチ,Asahimachi,,,,,,,,0,0,0,0,0,0,1,1,1947-04-17,,0,3950055,,,,,,,,,,,,,,,
202053,0003000,1,長野県,ナガノケン,Nagano,,,,飯田市,イイダシ,Iida-shi,,,,愛宕町,アタゴチョウ,Atagocho,,,,,,,,0,0,0,0,0,0,1,1,1947-04-17,,0,3950036,,,,,,,,,,,,,,,
202053,0004000,1,長野県,ナガノケン,Nagano,,,,飯田市,イイダシ,Iida-shi,,,,吾妻町,アヅマチョウ,Azumacho,,,,,,,,0,0,0,0,0,0,1,1,1947-04-17,,0,3950085,,,,,,,,,,,,,,,
202053,0005001,2,長野県,ナガノケン,Nagano,,,,飯田市,イイダシ,Iida-shi,,,,育良町,イクラチョウ,Ikuracho,１丁目,１チョウメ,1,,,,,0,0,0,0,0,0,1,1,1947-04-17,,0,,,,,,,,,,,,,,,,
202053,0005002,2,長野県,ナガノケン,Nagano,,,,飯田市,イイダシ,Iida-shi,,,,育良町,イクラチョウ,Ikuracho,２丁目,２チョウメ,2,,,,,0,0,0,0,0,0,1,1,1947-04-17,,0,,,,,,,,,,,,,,,,
202053,0005003,2,長野県,ナガノケン,Nagano,,,,飯田市,イイダシ,Iida-shi,,,,育良町,イクラチョウ,Ikuracho,３丁目,３チョウメ,3,,,,,0,0,0,0,0,0,1,1,1947-04-17,,0,,,,,,,,,,,,,,,,
202053,0006000,1,長野県,ナガノケン,Nagano,,,,飯田市,イイダシ,Iida-shi,,,,伊豆木,イズキ,Izuki,,,,,,,,0,0,0,0,0,0,1,1,1947-04-17,,0,3992434,,,,,,,,,,,,,,,
202053,0007001,2,長野県,ナガノケン,Nagano,,,,飯田市,イイダシ,Iida-shi,,,,今宮町,イマミヤチョウ,Imamiyacho,１丁目,１チョウメ,1,,,,,0,0,0,0,0,0,1,1,1947-04-17,,0,,,,,,,,,,,,,,,,
202053,0007002,2,長野県,ナガノケン,Nagano,,,,飯田市,イイダシ,Iida-shi,,,,今宮町,イマミヤチョウ,Imamiyacho,２丁目,２チョウメ,2,,,,,0,0,0,0,0,0,1,1,1947-04-17,,0,,,,,,,,,,,,,,,,
202053,0007003,2,長野県,ナガノケン,Nagano,,,,飯田市,イイダシ,Iida-shi,,,,今宮町,イマミヤチョウ,Imamiyacho,３丁目,３チョウメ,3,,,,,0,0,0,0,0,0,1,1,1947-04-17,,0,,,,,,,,,,,,,,,,
202053,0007004,2,長野県,ナガノケン,Nagano,,,,飯田市,イイダシ,Iida-shi,,,,今宮町,イマミヤチョウ,Imamiyacho,４丁目,４チョウメ,4,,,,,0,0,0,0,0,0,1,1,1947-04-17,,0,,,,,,,,,,,,,,,,
202053,0008000,1,長野県,ナガノケン,Nagano,,,,飯田市,イイダシ,Iida-shi,,,,江戸浜町,エドハマチョウ,Edohamacho,,,,,,,,0,0,0,0,0,0,1,1,1947-04-17,,0,3950023,,,,,,,,,,,,,,,
202053,0009001,2,長野県,ナガノケン,Nagano,,,,飯田市,イイダシ,Iida-shi,,,,江戸町,エドマチ,Edomachi,１丁目,１チョウメ,1,,,,,0,0,0,0,0,0,1,1,1947-04-17,,0,,,,,,,,,,,,,,,,
202053,0009002,2,長野県,ナガノケン,Nagano,,,,飯田市,イイダシ,Iida-shi,,,,江戸町,エドマチ,Edomachi,２丁目,２チョウメ,2,,,,,0,0,0,0,0,0,1,1,1947-04-17,,0,,,,,,,,,,,,,,,,
202053,0009003,2,長野県,ナガノケン,Nagano,,,,飯田市,イイダシ,Iida-shi,,,,江戸町,エドマチ,Edomachi,３丁目,３チョウメ,3,,,,,0,0,0,0,0,0,1,1,1947-04-17,,0,,,,,,,,,,,,,,,,
202053,0009004,2,長野県,ナガノケン,Nagano,,,,飯田市,イイダシ,Iida-shi,,,,江戸町,エドマチ,Edomachi,４丁目,４チョウメ,4,,,,,0,0,0,0,0,0,1,1,1947-04-17,,0,,,,,,,,,,,,,,,,
202053,0010000,1,長野県,ナガノケン,Nagano,,,,飯田市,イイダシ,Iida-shi,,,,扇町,オウギマチ,Ogimachi,,,,,,,,0,0,0,0,0,0,1,1,1947-04-17,,0,3950046,,,,,,,,,,,,,,,
202053,0011001,2,長野県,ナガノケン,Nagano,,,,飯田市,イイダシ,Iida-shi,,,,追手町,オウテマチ,Otemachi,１丁目,１チョウメ,1,,,,,0,0,0,0,0,0,1,1,1947-04-17,,0,,,,,,,,,,,,,,,,
202053,0011002,2,長野県,ナガノケン,Nagano,,,,飯田市,イイダシ,Iida-shi,,,,追手町,オウテマチ,Otemachi,２丁目,２チョウメ,2,,,,,0,0,0,0,0,0,1,1,1947-04-17,,0,,,,,,,,,,,,,,,,
202053,0012000,1,長野県,ナガノケン,Nagano,,,,飯田市,イイダシ,Iida-shi,,,,大久保町,オオクボチョウ,Okubocho,,,,,,,,0,0,0,0,0,0,1,1,1947-04-17,,0,3950053,,*_MJ006378_*_*,,,,,,,,,,,,,
202053,0013000,1,長野県,ナガノケン,Nagano,,,,飯田市,イイダシ,Iida-shi,,,,大瀬木,オオセギ,Osegi,,,,,,,,0,0,0,0,0,0,1,1,1947-04-17,,0,3950157,,,,,,,,,,,,,,,
202053,0014001,2,長野県,ナガノケン,Nagano,,,,飯田市,イイダシ,Iida-shi,,,,大通,オオドオリ,Odori,１丁目,１チョウメ,1,,,,,0,0,0,0,0,0,1,1,1947-04-17,,0,,,,,,,,,,,,,,,,
202053,0014002,2,長野県,ナガノケン,Nagano,,,,飯田市,イイダシ,Iida-shi,,,,大通,オオドオリ,Odori,２丁目,２チョウメ,2,,,,,0,0,0,0,0,0,1,1,1947-04-17,,0,,,,,,,,,,,,,,,,
202053,0015000,1,長野県,ナガノケン,Nagano,,,,飯田市,イイダシ,Iida-shi,,,,大休,オオヤスミ,Oyasumi,,,,,,,,0,0,0,0,0,0,1,1,1947-04-17,,0,3950068,,,,,,,,,,,,,,,
202053,0016000,1,長野県,ナガノケン,Nagano,,,,飯田市,イイダシ,Iida-shi,,,,長姫町,オサヒメチョウ,Osahimecho,,,,,,,,0,0,0,0,0,0,1,1,1947-04-17,,0,3950028,,,,,,,,,,,,,,,
202053,0017000,1,長野県,ナガノケン,Nagano,,,,飯田市,イイダシ,Iida-shi,,,,鼎一色,カナエイッシキ,Kanaeisshiki,,,,,,,,0,0,0,0,0,0,1,1,1947-04-17,,0,3950805,,,,,,,,,,,,,,,
202053,0018000,1,長野県,ナガノケン,Nagano,,,,飯田市,イイダシ,Iida-shi,,,,鼎上茶屋,カナエカミチャヤ,Kanaekamichaya,,,,,,,,0,0,0,0,0,0,1,1,1947-04-17,,0,3950808,,,,,,,,,,,,,,,
202053,0019000,1,長野県,ナガノケン,Nagano,,,,飯田市,イイダシ,Iida-shi,,,,鼎上山,カナエカミヤマ,Kanaekamiyama,,,,,,,,0,0,0,0,0,0,1,1,1947-04-17,,0,3950806,,,,,,,,,,,,,,,
202053,0020000,1,長野県,ナガノケン,Nagano,,,,飯田市,イイダシ,Iida-shi,,,,鼎切石,カナエキリイシ,Kanaekiriishi,,,,,,,,0,0,0,0,0,0,1,1,1947-04-17,,0,3950807,,,,,,,,,,,,,,,
202053,0021000,1,長野県,ナガノケン,Nagano,,,,飯田市,イイダシ,Iida-shi,,,,鼎下茶屋,カナエシモチャヤ,Kanaeshimochaya,,,,,,,,0,0,0,0,0,0,1,1,1947-04-17,,0,3950802,,,,,,,,,,,,,,,
202053,0022000,1,長野県,ナガノケン,Nagano,,,,飯田市,イイダシ,Iida-shi,,,,鼎下山,カナエシモヤマ,Kanaeshimoyama,,,,,,,,0,0,0,0,0,0,1,1,1947-04-17,,0,3950803,,,,,,,,,,,,,,,
202053,0023000,1,長野県,ナガノケン,Nagano,,,,飯田市,イイダシ,Iida-shi,,,,鼎中平,カナエナカダイラ,Kanaenakadaira,,,,,,,,0,0,0,0,0,0,1,1,1947-04-17,,0,3950801,,,,,,,,,,,,,,,
202053,0024000,1,長野県,ナガノケン,Nagano,,,,飯田市,イイダシ,Iida-shi,,,,鼎名古熊,カナエナゴクマ,Kanaenagokuma,,,,,,,,0,0,0,0,0,0,1,1,1947-04-17,,0,3950804,,,,,,,,,,,,,,,
202053,0025000,1,長野県,ナガノケン,Nagano,,,,飯田市,イイダシ,Iida-shi,,,,鼎西鼎,カナエニシカナエ,Kanaenishikanae,,,,,,,,0,0,0,0,0,0,1,1,1947-04-17,,0,3950026,,,,,,,,,,,,,,,
202053,0026000,1,長野県,ナガノケン,Nagano,,,,飯田市,イイダシ,Iida-shi,,,,鼎東鼎,カナエヒガシカナエ,Kanaehigashikanae,,,,,,,,0,0,0,0,0,0,1,1,1947-04-17,,0,3950817,,,,,,,,,,,,,,,
202053,0027000,1,長野県,ナガノケン,Nagano,,,,飯田市,イイダシ,Iida-shi,,,,上飯田,カミイイダ,,,,,,,,,0,0,0,0,0,0,1,1,1947-04-17,,0,,,,,,,,,,,,,,,,
202053,0028000,1,長野県,ナガノケン,Nagano,,,,飯田市,イイダシ,Iida-shi,,,,上川路,カミカワジ,Kamikawaji,,,,,,,,0,0,0,0,0,0,1,1,1947-04-17,,0,3992564,,,,,,,,,,,,,,,
202053,0029000,1,長野県,ナガノケン,Nagano,,,,飯田市,イイダシ,Iida-shi,,,,上郷飯沼,カミサトイイヌマ,Kamisato Iinuma,,,,,,,,0,0,0,0,0,0,1,1,1947-04-17,,0,3950002,,,,,,,,,,,,,,,
202053,0030000,1,長野県,ナガノケン,Nagano,,,,飯田市,イイダシ,Iida-shi,,,,上郷黒田,カミサトクロダ,Kamisatokuroda,,,,,,,,0,0,0,0,0,0,1,1,1947-04-17,,0,3950004,,,,,,,,,,,,,,,
202053,0031000,1,長野県,ナガノケン,Nagano,,,,飯田市,イイダシ,Iida-shi,,,,上郷別府,カミサトベップ,Kamisatobeppu,,,,,,,,0,0,0,0,0,0,1,1,1947-04-17,,0,3950003,,,,,,,,,,,,,,,
202053,0032000,1,長野県,ナガノケン,Nagano,,,,飯田市,イイダシ,Iida-shi,,,,上殿岡,カミトノオカ,Kamitonoka,,,,,,,,0,0,0,0,0,0,1,1,1947-04-17,,0,3950153,,,,,,,,,,,,,,,
202053,0033000,1,長野県,ナガノケン,Nagano,,,,飯田市,イイダシ,Iida-shi,,,,上久堅,カミヒサカタ,Kamihisakata,,,,,,,,0,0,0,0,0,0,1,1,1947-04-17,,0,3992611,,*_MJ006378_*,,,,,,,,,,,,,
202053,0034000,1,長野県,ナガノケン,Nagano,,,,飯田市,イイダシ,Iida-shi,,,,上村,カミムラ,Kamimura,,,,,,,,0,0,0,0,0,0,1,1,1947-04-17,,0,3991403,,,,,,,,,,,,,,,
202053,0035000,1,長野県,ナガノケン,Nagano,,,,飯田市,イイダシ,Iida-shi,,,,川路,カワジ,Kawaji,,,,,,,,0,0,0,0,0,0,1,1,1947-04-17,,0,3992431,,,,,,,,,,,,,,,
202053,0036000,1,長野県,ナガノケン,Nagano,,,,飯田市,イイダシ,Iida-shi,,,,北方,キタガタ,Kitagata,,,,,,,,0,0,0,0,0,0,1,1,1947-04-17,,0,3950151,,,,,,,,,,,,,,,
202053,0037000,1,長野県,ナガノケン,Nagano,,,,飯田市,イイダシ,Iida-shi,,,,桐林,キリバヤシ,Kiribayashi,,,,,,,,0,0,0,0,0,0,1,1,1947-04-17,,0,3992565,,,,,,,,,,,,,,,
202053,0038001,2,長野県,ナガノケン,Nagano,,,,飯田市,イイダシ,Iida-shi,,,,銀座,ギンザ,Ginza,１丁目,１チョウメ,1,,,,,0,0,0,0,0,0,1,1,1947-04-17,,0,,,,,,,,,,,,,,,,
202053,0038002,2,長野県,ナガノケン,Nagano,,,,飯田市,イイダシ,Iida-shi,,,,銀座,ギンザ,Ginza,２丁目,２チョウメ,2,,,,,0,0,0,0,0,0,1,1,1947-04-17,,0,,,,,,,,,,,,,,,,
202053,0038003,2,長野県,ナガノケン,Nagano,,,,飯田市,イイダシ,Iida-shi,,,,銀座,ギンザ,Ginza,３丁目,３チョウメ,3,,,,,0,0,0,0,0,0,1,1,1947-04-17,,0,,,,,,,,,,,,,,,,
202053,0038004,2,長野県,ナガノケン,Nagano,,,,飯田市,イイダシ,Iida-shi,,,,銀座,ギンザ,Ginza,４丁目,４チョウメ,4,,,,,0,0,0,0,0,0,1,1,1947-04-17,,0,,,,,,,,,,,,,,,,
202053,0038005,2,長野県,ナガノケン,Nagano,,,,飯田市,イイダシ,Iida-shi,,,,銀座,ギンザ,Ginza,５丁目,５チョウメ,5,,,,,0,0,0,0,0,0,1,1,1947-04-17,,0,,,,,,,,,,,,,,,,
202053,0039000,1,長野県,ナガノケン,Nagano,,,,飯田市,イイダシ,Iida-shi,,,,久米,クメ,Kume,,,,,,,,0,0,0,0,0,0,1,1,1947-04-17,,0,3950241,,MJ006378_*,,,,,,,,,,,,,
202053,0040000,1,長野県,ナガノケン,Nagano,,,,飯田市,イイダシ,Iida-shi,,,,毛賀,ケガ,Kega,,,,,,,,0,0,0,0,0,0,1,1,1947-04-17,,0,3950813,,,,,,,,,,,,,,,
202053,0041001,2,長野県,ナガノケン,Nagano,,,,飯田市,イイダシ,Iida-shi,,,,小伝馬町,コデンマチョウ,Kodemmacho,１丁目,１チョウメ,1,,,,,0,0,0,0,0,0,1,1,1947-04-17,,0,,,,,,,,,,,,,,,,
202053,0041002,2,長野県,ナガノケン,Nagano,,,,飯田市,イイダシ,Iida-shi,,,,小伝馬町,コデンマチョウ,Kodemmacho,２丁目,２チョウメ,2,,,,,0,0,0,0,0,0,1,1,1947-04-17,,0,,,,,,,,,,,,,,,,
202053,0042001,2,長野県,ナガノケン,Nagano,,,,飯田市,イイダシ,Iida-shi,,,,桜町,サクラマチ,Sakuramachi,１丁目,１チョウメ,1,,,,,0,0,0,0,0,0,1,1,1947-04-17,,0,,,,,,,,,,,,,,,,
202053,0042002,2,長野県,ナガノケン,Nagano,,,,飯田市,イイダシ,Iida-shi,,,,桜町,サクラマチ,Sakuramachi,２丁目,２チョウメ,2,,,,,0,0,0,0,0,0,1,1,1947-04-17,,0,,,,,,,,,,,,,,,,
202053,0043000,1,長野県,ナガノケン,Nagano,,,,飯田市,イイダシ,Iida-shi,,,,座光寺,ザコウジ,Zakoji,,,,,,,,0,0,0,0,0,0,1,1,1947-04-17,,0,3950001,,,,,,,,,,,,,,,
202053,0044000,1,長野県,ナガノケン,Nagano,,,,飯田市,イイダシ,Iida-shi,,,,嶋,シマ,Shima,,,,,,,,0,0,0,0,0,0,1,1,1947-04-17,,0,3992566,,,,,,,,,,,,,,,
202053,0045000,1,長野県,ナガノケン,Nagano,,,,飯田市,イイダシ,Iida-shi,,,,下瀬,シモゼ,Shimoze,,,,,,,,0,0,0,0,0,0,1,1,1947-04-17,,0,3992432,,,,,,,,,,,,,,,
202053,0046000,1,長野県,ナガノケン,Nagano,,,,飯田市,イイダシ,Iida-shi,,,,下殿岡,シモトノオカ,Shimotonoka,,,,,,,,0,0,0,0,0,0,1,1,1947-04-17,,0,3950154,,,,,,,,,,,,,,,
202053,0047000,1,長野県,ナガノケン,Nagano,,,,飯田市,イイダシ,Iida-shi,,,,下久堅稲葉,シモヒサカタイナバ,Shimohisakatainaba,,,,,,,,0,0,0,0,0,0,1,1,1947-04-17,,0,3992606,,*_MJ006378_*_*_*,,,,,,,,,,,,,
202053,0048000,1,長野県,ナガノケン,Nagano,,,,飯田市,イイダシ,Iida-shi,,,,下久堅柿野沢,シモヒサカタカキノサワ,Shimohisakatakakinosawa,,,,,,,,0,0,0,0,0,0,1,1,1947-04-17,,0,3992604,,*_MJ006378_*_*_*_*,,,,,,,,,,,,,
202053,0049000,1,長野県,ナガノケン,Nagano,,,,飯田市,イイダシ,Iida-shi,,,,下久堅小林,シモヒサカタコバヤシ,Shimohisakatakobayashi,,,,,,,,0,0,0,0,0,0,1,1,1947-04-17,,0,3992605,,*_MJ006378_*_*_*,,,,,,,,,,,,,
202053,0050000,1,長野県,ナガノケン,Nagano,,,,飯田市,イイダシ,Iida-shi,,,,下久堅下虎岩,シモヒサカタシモトライワ,Shimohisakatashimotoraiwa,,,,,,,,0,0,0,0,0,0,1,1,1947-04-17,,0,3992602,,*_MJ006378_*_*_*_*,,,,,,,,,,,,,
202053,0051000,1,長野県,ナガノケン,Nagano,,,,飯田市,イイダシ,Iida-shi,,,,下久堅知久平,シモヒサカタチクダイラ,Shimohisakatachikudaira,,,,,,,,0,0,0,0,0,0,1,1,1947-04-17,,0,3992603,,*_MJ006378_*_*_MJ006378_*,,,,,,,,,,,,,
202053,0052000,1,長野県,ナガノケン,Nagano,,,,飯田市,イイダシ,Iida-shi,,,,下久堅南原,シモヒサカタミナバラ,Shimohisakataminabara,,,,,,,,0,0,0,0,0,0,1,1,1947-04-17,,0,3992607,,*_MJ006378_*_*_*,,,,,,,,,,,,,
202053,0053001,2,長野県,ナガノケン,Nagano,,,,飯田市,イイダシ,Iida-shi,,,,正永町,ショウエイチョウ,Shoeicho,１丁目,１チョウメ,1,,,,,0,0,0,0,0,0,1,1,1947-04-17,,0,,,,,,,,,,,,,,,,
202053,0053002,2,長野県,ナガノケン,Nagano,,,,飯田市,イイダシ,Iida-shi,,,,正永町,ショウエイチョウ,Shoeicho,２丁目,２チョウメ,2,,,,,0,0,0,0,0,0,1,1,1947-04-17,,0,,,,,,,,,,,,,,,,
202053,0054001,2,長野県,ナガノケン,Nagano,,,,飯田市,イイダシ,Iida-shi,,,,鈴加町,スズカチョウ,Suzukacho,１丁目,１チョウメ,1,,,,,0,0,0,0,0,0,1,1,1947-04-17,,0,,,,,,,,,,,,,,,,
202053,0054002,2,長野県,ナガノケン,Nagano,,,,飯田市,イイダシ,Iida-shi,,,,鈴加町,スズカチョウ,Suzukacho,２丁目,２チョウメ,2,,,,,0,0,0,0,0,0,1,1,1947-04-17,,0,,,,,,,,,,,,,,,,
202053,0055001,2,長野県,ナガノケン,Nagano,,,,飯田市,イイダシ,Iida-shi,,,,砂払町,スナハライチョウ,Sunaharaicho,１丁目,１チョウメ,1,,,,,0,0,0,0,0,0,1,1,1947-04-17,,0,,,,,,,,,,,,,,,,
202053,0055002,2,長野県,ナガノケン,Nagano,,,,飯田市,イイダシ,Iida-shi,,,,砂払町,スナハライチョウ,Sunaharaicho,２丁目,２チョウメ,2,,,,,0,0,0,0,0,0,1,1,1947-04-17,,0,,,,,,,,,,,,,,,,
202053,0055003,2,長野県,ナガノケン,Nagano,,,,飯田市,イイダシ,Iida-shi,,,,砂払町,スナハライチョウ,Sunaharaicho,３丁目,３チョウメ,3,,,,,0,0,0,0,0,0,1,1,1947-04-17,,0,,,,,,,,,,,,,,,,
202053,0056000,1,長野県,ナガノケン,Nagano,,,,飯田市,イイダシ,Iida-shi,,,,諏訪町,スワチョウ,Suwacho,,,,,,,,0,0,0,0,0,0,1,1,1947-04-17,,0,3950018,,,,,,,,,,,,,,,
202053,0057001,2,長野県,ナガノケン,Nagano,,,,飯田市,イイダシ,Iida-shi,,,,大王路,ダイオウジ,Daioji,１丁目,１チョウメ,1,,,,,0,0,0,0,0,0,1,1,1947-04-17,,0,,,,,,,,,,,,,,,,
202053,0057002,2,長野県,ナガノケン,Nagano,,,,飯田市,イイダシ,Iida-shi,,,,大王路,ダイオウジ,Daioji,２丁目,２チョウメ,2,,,,,0,0,0,0,0,0,1,1,1947-04-17,,0,,,,,,,,,,,,,,,,
202053,0058000,1,長野県,ナガノケン,Nagano,,,,飯田市,イイダシ,Iida-shi,,,,大門町,ダイモンチョウ,Daimoncho,,,,,,,,0,0,0,0,0,0,1,1,1947-04-17,,0,3950011,,,,,,,,,,,,,,,
202053,0059001,2,長野県,ナガノケン,Nagano,,,,飯田市,イイダシ,Iida-shi,,,,高羽町,タカハチョウ,Takahacho,１丁目,１チョウメ,1,,,,,0,0,0,0,0,0,1,1,1947-04-17,,0,,,,,,,,,,,,,,,,
202053,0059002,2,長野県,ナガノケン,Nagano,,,,飯田市,イイダシ,Iida-shi,,,,高羽町,タカハチョウ,Takahacho,２丁目,２チョウメ,2,,,,,0,0,0,0,0,0,1,1,1947-04-17,,0,,,,,,,,,,,,,,,,
202053,0059003,2,長野県,ナガノケン,Nagano,,,,飯田市,イイダシ,Iida-shi,,,,高羽町,タカハチョウ,Takahacho,３丁目,３チョウメ,3,,,,,0,0,0,0,0,0,1,1,1947-04-17,,0,,,,,,,,,,,,,,,,
202053,0059004,2,長野県,ナガノケン,Nagano,,,,飯田市,イイダシ,Iida-shi,,,,高羽町,タカハチョウ,Takahacho,４丁目,４チョウメ,4,,,,,0,0,0,0,0,0,1,1,1947-04-17,,0,,,,,,,,,,,,,,,,
202053,0059005,2,長野県,ナガノケン,Nagano,,,,飯田市,イイダシ,Iida-shi,,,,高羽町,タカハチョウ,Takahacho,５丁目,５チョウメ,5,,,,,0,0,0,0,0,0,1,1,1947-04-17,,0,,,,,,,,,,,,,,,,
202053,0059006,2,長野県,ナガノケン,Nagano,,,,飯田市,イイダシ,Iida-shi,,,,高羽町,タカハチョウ,Takahacho,６丁目,６チョウメ,6,,,,,0,0,0,0,0,0,1,1,1947-04-17,,0,,,,,,,,,,,,,,,,
202053,0060000,1,長野県,ナガノケン,Nagano,,,,飯田市,イイダシ,Iida-shi,,,,滝の沢,タキノサワ,Takinosawa,,,,,,,,0,0,0,0,0,0,1,1,1947-04-17,,0,3950048,,,,,,,,,,,,,,,
202053,0061000,1,長野県,ナガノケン,Nagano,,,,飯田市,イイダシ,Iida-shi,,,,竹佐,タケサ,Takesa,,,,,,,,0,0,0,0,0,0,1,1,1947-04-17,,0,3950242,,,,,,,,,,,,,,,
202053,0062000,1,長野県,ナガノケン,Nagano,,,,飯田市,イイダシ,Iida-shi,,,,駄科,ダシナ,Dashina,,,,,,,,0,0,0,0,0,0,1,1,1947-04-17,,0,3992561,,,,,,,,,,,,,,,
202053,0063000,1,長野県,ナガノケン,Nagano,,,,飯田市,イイダシ,Iida-shi,,,,龍江,タツエ,Tatsue,,,,,,,,0,0,0,0,0,0,1,1,1947-04-17,,0,3992221,,,,,,,,,,,,,,,
202053,0064000,1,長野県,ナガノケン,Nagano,,,,飯田市,イイダシ,Iida-shi,,,,立石,タテイシ,Tateishi,,,,,,,,0,0,0,0,0,0,1,1,1947-04-17,,0,3992433,,,,,,,,,,,,,,,
202053,0065000,1,長野県,ナガノケン,Nagano,,,,飯田市,イイダシ,Iida-shi,,,,主税町,チカラマチ,Chikaramachi,,,,,,,,0,0,0,0,0,0,1,1,1947-04-17,,0,3950032,,,,,,,,,,,,,,,
202053,0066001,2,長野県,ナガノケン,Nagano,,,,飯田市,イイダシ,Iida-shi,,,,知久町,チクマチ,Chikumachi,１丁目,１チョウメ,1,,,,,0,0,0,0,0,0,1,1,1947-04-17,,0,,,*_MJ006378_*_,,,,,,,,,,,,,
202053,0066002,2,長野県,ナガノケン,Nagano,,,,飯田市,イイダシ,Iida-shi,,,,知久町,チクマチ,Chikumachi,２丁目,２チョウメ,2,,,,,0,0,0,0,0,0,1,1,1947-04-17,,0,,,*_MJ006378_*_,,,,,,,,,,,,,
202053,0066003,2,長野県,ナガノケン,Nagano,,,,飯田市,イイダシ,Iida-shi,,,,知久町,チクマチ,Chikumachi,３丁目,３チョウメ,3,,,,,0,0,0,0,0,0,1,1,1947-04-17,,0,,,*_MJ006378_*_,,,,,,,,,,,,,
202053,0066004,2,長野県,ナガノケン,Nagano,,,,飯田市,イイダシ,Iida-shi,,,,知久町,チクマチ,Chikumachi,４丁目,４チョウメ,4,,,,,0,0,0,0,0,0,1,1,1947-04-17,,0,,,*_MJ006378_*_,,,,,,,,,,,,,
202053,0066101,3,長野県,ナガノケン,Nagano,,,,飯田市,イイダシ,Iida-shi,,,,知久町,チクマチ,Chikumachi,,,,三丁目大横,３チョウメオオヨコ,,,0,0,0,0,0,0,1,0,1947-04-17,,0,,,*_MJ006378_*_,,,,,,,,,,,,,
202053,0066102,3,長野県,ナガノケン,Nagano,,,,飯田市,イイダシ,Iida-shi,,,,知久町,チクマチ,Chikumachi,,,,四丁目大横,４チョウメオオヨコ,,,0,0,0,0,0,0,1,0,1947-04-17,,0,,,*_MJ006378_*_,,,,,,,,,,,,,
202053,0069000,1,長野県,ナガノケン,Nagano,,,,飯田市,イイダシ,Iida-shi,,,,千栄,チハエ,Chihae,,,,,,,,0,0,0,0,0,0,1,1,1947-04-17,,0,3992223,,,,,,,,,,,,,,,
202053,0070001,2,長野県,ナガノケン,Nagano,,,,飯田市,イイダシ,Iida-shi,,,,中央通り,チュウオウドオリ,Chuodori,１丁目,１チョウメ,1,,,,,0,0,0,0,0,0,1,1,1947-04-17,,0,,,,,,,,,,,,,,,,
202053,0070002,2,長野県,ナガノケン,Nagano,,,,飯田市,イイダシ,Iida-shi,,,,中央通り,チュウオウドオリ,Chuodori,２丁目,２チョウメ,2,,,,,0,0,0,0,0,0,1,1,1947-04-17,,0,,,,,,,,,,,,,,,,
202053,0070003,2,長野県,ナガノケン,Nagano,,,,飯田市,イイダシ,Iida-shi,,,,中央通り,チュウオウドオリ,Chuodori,３丁目,３チョウメ,3,,,,,0,0,0,0,0,0,1,1,1947-04-17,,0,,,,,,,,,,,,,,,,
202053,0070004,2,長野県,ナガノケン,Nagano,,,,飯田市,イイダシ,Iida-shi,,,,中央通り,チュウオウドオリ,Chuodori,４丁目,４チョウメ,4,,,,,0,0,0,0,0,0,1,1,1947-04-17,,0,,,,,,,,,,,,,,,,
202053,0071000,1,長野県,ナガノケン,Nagano,,,,飯田市,イイダシ,Iida-shi,,,,千代,チヨ,Chiyo,,,,,,,,0,0,0,0,0,0,1,1,1947-04-17,,0,3992222,,,,,,,,,,,,,,,
202053,0072001,2,長野県,ナガノケン,Nagano,,,,飯田市,イイダシ,Iida-shi,,,,伝馬町,テンマチョウ,Temmacho,１丁目,１チョウメ,1,,,,,0,0,0,0,0,0,1,1,1947-04-17,,0,,,,,,,,,,,,,,,,
202053,0072002,2,長野県,ナガノケン,Nagano,,,,飯田市,イイダシ,Iida-shi,,,,伝馬町,テンマチョウ,Temmacho,２丁目,２チョウメ,2,,,,,0,0,0,0,0,0,1,1,1947-04-17,,0,,,,,,,,,,,,,,,,
202053,0073000,1,長野県,ナガノケン,Nagano,,,,飯田市,イイダシ,Iida-shi,,,,東栄町,トウエイチョウ,Toeicho,,,,,,,,0,0,0,0,0,0,1,1,1947-04-17,,0,3950024,,,,,,,,,,,,,,,
202053,0074001,2,長野県,ナガノケン,Nagano,,,,飯田市,イイダシ,Iida-shi,,,,東新町,トウシンチョウ,Toshincho,１丁目,１チョウメ,1,,,,,0,0,0,0,0,0,1,1,1947-04-17,,0,,,,,,,,,,,,,,,,
202053,0074002,2,長野県,ナガノケン,Nagano,,,,飯田市,イイダシ,Iida-shi,,,,東新町,トウシンチョウ,Toshincho,２丁目,２チョウメ,2,,,,,0,0,0,0,0,0,1,1,1947-04-17,,0,,,,,,,,,,,,,,,,
202053,0075001,2,長野県,ナガノケン,Nagano,,,,飯田市,イイダシ,Iida-shi,,,,東和町,トウワチョウ,Towacho,１丁目,１チョウメ,1,,,,,0,0,0,0,0,0,1,1,1947-04-17,,0,,,,,,,,,,,,,,,,
202053,0075002,2,長野県,ナガノケン,Nagano,,,,飯田市,イイダシ,Iida-shi,,,,東和町,トウワチョウ,Towacho,２丁目,２チョウメ,2,,,,,0,0,0,0,0,0,1,1,1947-04-17,,0,,,,,,,,,,,,,,,,
202053,0075003,2,長野県,ナガノケン,Nagano,,,,飯田市,イイダシ,Iida-shi,,,,東和町,トウワチョウ,Towacho,３丁目,３チョウメ,3,,,,,0,0,0,0,0,0,1,1,1947-04-17,,0,,,,,,,,,,,,,,,,
202053,0076001,2,長野県,ナガノケン,Nagano,,,,飯田市,イイダシ,Iida-shi,,,,通り町,トオリマチ,Torimachi,１丁目,１チョウメ,1,,,,,0,0,0,0,0,0,1,1,1947-04-17,,0,,,,,,,,,,,,,,,,
202053,0076002,2,長野県,ナガノケン,Nagano,,,,飯田市,イイダシ,Iida-shi,,,,通り町,トオリマチ,Torimachi,２丁目,２チョウメ,2,,,,,0,0,0,0,0,0,1,1,1947-04-17,,0,,,,,,,,,,,,,,,,
202053,0076003,2,長野県,ナガノケン,Nagano,,,,飯田市,イイダシ,Iida-shi,,,,通り町,トオリマチ,Torimachi,３丁目,３チョウメ,3,,,,,0,0,0,0,0,0,1,1,1947-04-17,,0,,,,,,,,,,,,,,,,
202053,0076004,2,長野県,ナガノケン,Nagano,,,,飯田市,イイダシ,Iida-shi,,,,通り町,トオリマチ,Torimachi,４丁目,４チョウメ,4,,,,,0,0,0,0,0,0,1,1,1947-04-17,,0,,,,,,,,,,,,,,,,
202053,0076101,3,長野県,ナガノケン,Nagano,,,,飯田市,イイダシ,Iida-shi,,,,通り町,トオリマチ,Torimachi,,,,三丁目大横,３チョウメオオヨコ,,,0,0,0,0,0,0,1,0,1947-04-17,,0,,,,,,,,,,,,,,,,
202053,0076102,3,長野県,ナガノケン,Nagano,,,,飯田市,イイダシ,Iida-shi,,,,通り町,トオリマチ,Torimachi,,,,四丁目大横,４チョウメオオヨコ,,,0,0,0,0,0,0,1,0,1947-04-17,,0,,,,,,,,,,,,,,,,
202053,0079000,1,長野県,ナガノケン,Nagano,,,,飯田市,イイダシ,Iida-shi,,,,時又,トキマタ,Tokimata,,,,,,,,0,0,0,0,0,0,1,1,1947-04-17,,0,3992563,,,,,,,,,,,,,,,
202053,0080000,1,長野県,ナガノケン,Nagano,,,,飯田市,イイダシ,Iida-shi,,,,常盤町,トキワマチ,Tokiwamachi,,,,,,,,0,0,0,0,0,0,1,1,1947-04-17,,0,3950033,,,,,,,,,,,,,,,
202053,0081000,1,長野県,ナガノケン,Nagano,,,,飯田市,イイダシ,Iida-shi,,,,虎岩,トライワ,Toraiwa,,,,,,,,0,0,0,0,0,0,1,1,1947-04-17,,0,3992601,,,,,,,,,,,,,,,
202053,0083000,1,長野県,ナガノケン,Nagano,,,,飯田市,イイダシ,Iida-shi,,,,仲ノ町,ナカノチョウ,Nakanocho,,,,,,,,0,0,0,0,0,0,1,1,1947-04-17,,0,3950021,,,,,,,,,,,,,,,
202053,0083001,2,長野県,ナガノケン,Nagano,,,,飯田市,イイダシ,Iida-shi,,,,仲ノ町,ナカノチョウ,Nakanocho,１丁目,１チョウメ,1,,,,,0,0,0,0,0,0,1,1,1947-04-17,,0,,,,,,,,,,,,,,,,
202053,0084000,1,長野県,ナガノケン,Nagano,,,,飯田市,イイダシ,Iida-shi,,,,長野原,ナガノハラ,Naganohara,,,,,,,,0,0,0,0,0,0,1,1,1947-04-17,,0,3992562,,,,,,,,,,,,,,,
202053,0085000,1,長野県,ナガノケン,Nagano,,,,飯田市,イイダシ,Iida-shi,,,,中村,ナカムラ,Nakamura,,,,,,,,0,0,0,0,0,0,1,1,1947-04-17,,0,3950156,,,,,,,,,,,,,,,
202053,0086001,2,長野県,ナガノケン,Nagano,,,,飯田市,イイダシ,Iida-shi,,,,錦町,ニシキチョウ,Nishikicho,１丁目,１チョウメ,1,,,,,0,0,0,0,0,0,1,1,1947-04-17,,0,,,,,,,,,,,,,,,,
202053,0086002,2,長野県,ナガノケン,Nagano,,,,飯田市,イイダシ,Iida-shi,,,,錦町,ニシキチョウ,Nishikicho,２丁目,２チョウメ,2,,,,,0,0,0,0,0,0,1,1,1947-04-17,,0,,,,,,,,,,,,,,,,
202053,0087000,1,長野県,ナガノケン,Nagano,,,,飯田市,イイダシ,Iida-shi,,,,二本松,ニホンマツ,Nihommatsu,,,,,,,,0,0,0,0,0,0,1,1,1947-04-17,,0,3950029,,,,,,,,,,,,,,,
202053,0088001,2,長野県,ナガノケン,Nagano,,,,飯田市,イイダシ,Iida-shi,,,,白山町,ハクサンチョウ,Hakusancho,１丁目,１チョウメ,1,,,,,0,0,0,0,0,0,1,1,1947-04-17,,0,,,,,,,,,,,,,,,,
202053,0088002,2,長野県,ナガノケン,Nagano,,,,飯田市,イイダシ,Iida-shi,,,,白山町,ハクサンチョウ,Hakusancho,２丁目,２チョウメ,2,,,,,0,0,0,0,0,0,1,1,1947-04-17,,0,,,,,,,,,,,,,,,,
202053,0088101,3,長野県,ナガノケン,Nagano,,,,飯田市,イイダシ,Iida-shi,,,,白山町,ハクサンチョウ,Hakusancho,,,,三丁目東,３チョウメヒガシ,,,0,0,0,0,0,0,1,1,1947-04-17,,0,,,,,,,,,,,,,,,,
202053,0088102,3,長野県,ナガノケン,Nagano,,,,飯田市,イイダシ,Iida-shi,,,,白山町,ハクサンチョウ,Hakusancho,,,,三丁目南,３チョウメミナミ,,,0,0,0,0,0,0,1,1,1947-04-17,,0,,,,,,,,,,,,,,,,
202053,0091001,2,長野県,ナガノケン,Nagano,,,,飯田市,イイダシ,Iida-shi,,,,白山通り,ハクサンドオリ,Hakusandori,１丁目,１チョウメ,1,,,,,0,0,0,0,0,0,1,1,1947-04-17,,0,,,,,,,,,,,,,,,,
202053,0091002,2,長野県,ナガノケン,Nagano,,,,飯田市,イイダシ,Iida-shi,,,,白山通り,ハクサンドオリ,Hakusandori,２丁目,２チョウメ,2,,,,,0,0,0,0,0,0,1,1,1947-04-17,,0,,,,,,,,,,,,,,,,
202053,0091003,2,長野県,ナガノケン,Nagano,,,,飯田市,イイダシ,Iida-shi,,,,白山通り,ハクサンドオリ,Hakusandori,３丁目,３チョウメ,3,,,,,0,0,0,0,0,0,1,1,1947-04-17,,0,,,,,,,,,,,,,,,,
202053,0092000,1,長野県,ナガノケン,Nagano,,,,飯田市,イイダシ,Iida-shi,,,,箱川,ハコガワ,Hakogawa,,,,,,,,0,0,0,0,0,0,1,1,1947-04-17,,0,3950243,,,,,,,,,,,,,,,
202053,0093000,1,長野県,ナガノケン,Nagano,,,,飯田市,イイダシ,Iida-shi,,,,羽場赤坂,ハバアカサカ,Habaakasaka,,,,,,,,0,0,0,0,0,0,1,1,1947-04-17,,0,3950066,,,,,,,,,,,,,,,
202053,0094000,1,長野県,ナガノケン,Nagano,,,,飯田市,イイダシ,Iida-shi,,,,羽場上河原,ハバカミガワラ,Habakamigawara,,,,,,,,0,0,0,0,0,0,1,1,1947-04-17,,0,3950065,,,,,,,,,,,,,,,
202053,0095000,1,長野県,ナガノケン,Nagano,,,,飯田市,イイダシ,Iida-shi,,,,羽場権現,ハバゴンゲン,Habagongen,,,,,,,,0,0,0,0,0,0,1,1,1947-04-17,,0,3950067,,,,,,,,,,,,,,,
202053,0096000,1,長野県,ナガノケン,Nagano,,,,飯田市,イイダシ,Iida-shi,,,,羽場坂町,ハバザカチョウ,Habazakacho,,,,,,,,0,0,0,0,0,0,1,1,1947-04-17,,0,3950073,,,,,,,,,,,,,,,
202053,0097001,2,長野県,ナガノケン,Nagano,,,,飯田市,イイダシ,Iida-shi,,,,羽場町,ハバチョウ,Habacho,１丁目,１チョウメ,1,,,,,0,0,0,0,0,0,1,1,1947-04-17,,0,,,,,,,,,,,,,,,,
202053,0097002,2,長野県,ナガノケン,Nagano,,,,飯田市,イイダシ,Iida-shi,,,,羽場町,ハバチョウ,Habacho,２丁目,２チョウメ,2,,,,,0,0,0,0,0,0,1,1,1947-04-17,,0,,,,,,,,,,,,,,,,
202053,0097003,2,長野県,ナガノケン,Nagano,,,,飯田市,イイダシ,Iida-shi,,,,羽場町,ハバチョウ,Habacho,３丁目,３チョウメ,3,,,,,0,0,0,0,0,0,1,1,1947-04-17,,0,,,,,,,,,,,,,,,,
202053,0097004,2,長野県,ナガノケン,Nagano,,,,飯田市,イイダシ,Iida-shi,,,,羽場町,ハバチョウ,Habacho,４丁目,４チョウメ,4,,,,,0,0,0,0,0,0,1,1,1947-04-17,,0,,,,,,,,,,,,,,,,
202053,0097005,2,長野県,ナガノケン,Nagano,,,,飯田市,イイダシ,Iida-shi,,,,羽場町,ハバチョウ,Habacho,５丁目,５チョウメ,5,,,,,0,0,0,0,0,0,1,1,1947-04-17,,0,,,,,,,,,,,,,,,,
202053,0098000,1,長野県,ナガノケン,Nagano,,,,飯田市,イイダシ,Iida-shi,,,,羽場仲畑,ハバナカハタ,Habanakahata,,,,,,,,0,0,0,0,0,0,1,1,1947-04-17,,0,3950064,,,,,,,,,,,,,,,
202053,0099001,2,長野県,ナガノケン,Nagano,,,,飯田市,イイダシ,Iida-shi,,,,馬場町,ババンチョウ,Babancho,１丁目,１チョウメ,1,,,,,0,0,0,0,0,0,1,1,1947-04-17,,0,,,,,,,,,,,,,,,,
202053,0099002,2,長野県,ナガノケン,Nagano,,,,飯田市,イイダシ,Iida-shi,,,,馬場町,ババンチョウ,Babancho,２丁目,２チョウメ,2,,,,,0,0,0,0,0,0,1,1,1947-04-17,,0,,,,,,,,,,,,,,,,
202053,0099003,2,長野県,ナガノケン,Nagano,,,,飯田市,イイダシ,Iida-shi,,,,馬場町,ババンチョウ,Babancho,３丁目,３チョウメ,3,,,,,0,0,0,0,0,0,1,1,1947-04-17,,0,,,,,,,,,,,,,,,,
202053,0100000,1,長野県,ナガノケン,Nagano,,,,飯田市,イイダシ,Iida-shi,,,,浜井町,ハマイチョウ,Hamaicho,,,,,,,,0,0,0,0,0,0,1,1,1947-04-17,,0,3950022,,,,,,,,,,,,,,,
202053,0102000,1,長野県,ナガノケン,Nagano,,,,飯田市,イイダシ,Iida-shi,,,,東中央通,ヒガシチュウオウドオリ,Higashichuodori,,,,,,,,0,0,0,0,0,0,1,1,1947-04-17,,0,3950025,,,,,,,,,,,,,,,
202053,0102005,2,長野県,ナガノケン,Nagano,,,,飯田市,イイダシ,Iida-shi,,,,東中央通,ヒガシチュウオウドオリ,Higashichuodori,５丁目,５チョウメ,5,,,,,0,0,0,0,0,0,1,1,1947-04-17,,0,,,,,,,,,,,,,,,,
202053,0103001,2,長野県,ナガノケン,Nagano,,,,飯田市,イイダシ,Iida-shi,,,,本町,ホンマチ,Hommachi,１丁目,１チョウメ,1,,,,,0,0,0,0,0,0,1,1,1947-04-17,,0,,,,,,,,,,,,,,,,
202053,0103002,2,長野県,ナガノケン,Nagano,,,,飯田市,イイダシ,Iida-shi,,,,本町,ホンマチ,Hommachi,２丁目,２チョウメ,2,,,,,0,0,0,0,0,0,1,1,1947-04-17,,0,,,,,,,,,,,,,,,,
202053,0103003,2,長野県,ナガノケン,Nagano,,,,飯田市,イイダシ,Iida-shi,,,,本町,ホンマチ,Hommachi,３丁目,３チョウメ,3,,,,,0,0,0,0,0,0,1,1,1947-04-17,,0,,,,,,,,,,,,,,,,
202053,0103004,2,長野県,ナガノケン,Nagano,,,,飯田市,イイダシ,Iida-shi,,,,本町,ホンマチ,Hommachi,４丁目,４チョウメ,4,,,,,0,0,0,0,0,0,1,1,1947-04-17,,0,,,,,,,,,,,,,,,,
202053,0103101,3,長野県,ナガノケン,Nagano,,,,飯田市,イイダシ,Iida-shi,,,,本町,ホンマチ,Hommachi,,,,三丁目大横,３チョウメオオヨコ,,,0,0,0,0,0,0,1,0,1947-04-17,,0,,,,,,,,,,,,,,,,
202053,0103102,3,長野県,ナガノケン,Nagano,,,,飯田市,イイダシ,Iida-shi,,,,本町,ホンマチ,Hommachi,,,,四丁目大横,４チョウメオオヨコ,,,0,0,0,0,0,0,1,0,1947-04-17,,0,,,,,,,,,,,,,,,,
202053,0106000,1,長野県,ナガノケン,Nagano,,,,飯田市,イイダシ,Iida-shi,,,,松尾上溝,マツオアゲミゾ,Matsuoagemizo,,,,,,,,0,0,0,0,0,0,1,1,1947-04-17,,0,3950811,,,,,,,,,,,,,,,
202053,0107000,1,長野県,ナガノケン,Nagano,,,,飯田市,イイダシ,Iida-shi,,,,松尾新井,マツオアライ,Matsuoarai,,,,,,,,0,0,0,0,0,0,1,1,1947-04-17,,0,3950821,,,,,,,,,,,,,,,
202053,0108000,1,長野県,ナガノケン,Nagano,,,,飯田市,イイダシ,Iida-shi,,,,松尾清水,マツオシミズ,Matsuoshimizu,,,,,,,,0,0,0,0,0,0,1,1,1947-04-17,,0,3950824,,,,,,,,,,,,,,,
202053,0109000,1,長野県,ナガノケン,Nagano,,,,飯田市,イイダシ,Iida-shi,,,,松尾城,マツオジョウ,Matsuojo,,,,,,,,0,0,0,0,0,0,1,1,1947-04-17,,0,3950825,,,,,,,,,,,,,,,
202053,0110000,1,長野県,ナガノケン,Nagano,,,,飯田市,イイダシ,Iida-shi,,,,松尾代田,マツオシロダ,Matsuoshiroda,,,,,,,,0,0,0,0,0,0,1,1,1947-04-17,,0,3950812,,,,,,,,,,,,,,,
202053,0111000,1,長野県,ナガノケン,Nagano,,,,飯田市,イイダシ,Iida-shi,,,,松尾寺所,マツオテラドコ,Matsuoteradoko,,,,,,,,0,0,0,0,0,0,1,1,1947-04-17,,0,3950822,,,,,,,,,,,,,,,
202053,0112000,1,長野県,ナガノケン,Nagano,,,,飯田市,イイダシ,Iida-shi,,,,松尾常盤台,マツオトキワダイ,Matsuotokiwadai,,,,,,,,0,0,0,0,0,0,1,1,1947-04-17,,0,3950815,,,,,,,,,,,,,,,
202053,0113000,1,長野県,ナガノケン,Nagano,,,,飯田市,イイダシ,Iida-shi,,,,松尾久井,マツオヒサイ,Matsuohisai,,,,,,,,0,0,0,0,0,0,1,1,1947-04-17,,0,3950816,,*_*_MJ006378_*,,,,,,,,,,,,,
202053,0114001,2,長野県,ナガノケン,Nagano,,,,飯田市,イイダシ,Iida-shi,,,,松尾町,マツオマチ,Matsuomachi,１丁目,１チョウメ,1,,,,,0,0,0,0,0,0,1,1,1947-04-17,,0,,,,,,,,,,,,,,,,
202053,0114002,2,長野県,ナガノケン,Nagano,,,,飯田市,イイダシ,Iida-shi,,,,松尾町,マツオマチ,Matsuomachi,２丁目,２チョウメ,2,,,,,0,0,0,0,0,0,1,1,1947-04-17,,0,,,,,,,,,,,,,,,,
202053,0114003,2,長野県,ナガノケン,Nagano,,,,飯田市,イイダシ,Iida-shi,,,,松尾町,マツオマチ,Matsuomachi,３丁目,３チョウメ,3,,,,,0,0,0,0,0,0,1,1,1947-04-17,,0,,,,,,,,,,,,,,,,
202053,0114004,2,長野県,ナガノケン,Nagano,,,,飯田市,イイダシ,Iida-shi,,,,松尾町,マツオマチ,Matsuomachi,４丁目,４チョウメ,4,,,,,0,0,0,0,0,0,1,1,1947-04-17,,0,,,,,,,,,,,,,,,,
202053,0115000,1,長野県,ナガノケン,Nagano,,,,飯田市,イイダシ,Iida-shi,,,,松尾水城,マツオミサジロ,Matsuomisajiro,,,,,,,,0,0,0,0,0,0,1,1,1947-04-17,,0,3950826,,,,,,,,,,,,,,,
202053,0116000,1,長野県,ナガノケン,Nagano,,,,飯田市,イイダシ,Iida-shi,,,,松尾明,マツオミョウ,Matsuomyo,,,,,,,,0,0,0,0,0,0,1,1,1947-04-17,,0,3950823,,,,,,,,,,,,,,,
202053,0117000,1,長野県,ナガノケン,Nagano,,,,飯田市,イイダシ,Iida-shi,,,,松川町,マツカワチョウ,Matsukawacho,,,,,,,,0,0,0,0,0,0,1,1,1947-04-17,,0,3950074,,,,,,,,,,,,,,,
202053,0118001,2,長野県,ナガノケン,Nagano,,,,飯田市,イイダシ,Iida-shi,,,,丸山町,マルヤマチョウ,Maruyamacho,１丁目,１チョウメ,1,,,,,0,0,0,0,0,0,1,1,1947-04-17,,0,,,,,,,,,,,,,,,,
202053,0118002,2,長野県,ナガノケン,Nagano,,,,飯田市,イイダシ,Iida-shi,,,,丸山町,マルヤマチョウ,Maruyamacho,２丁目,２チョウメ,2,,,,,0,0,0,0,0,0,1,1,1947-04-17,,0,,,,,,,,,,,,,,,,
202053,0118003,2,長野県,ナガノケン,Nagano,,,,飯田市,イイダシ,Iida-shi,,,,丸山町,マルヤマチョウ,Maruyamacho,３丁目,３チョウメ,3,,,,,0,0,0,0,0,0,1,1,1947-04-17,,0,,,,,,,,,,,,,,,,
202053,0118004,2,長野県,ナガノケン,Nagano,,,,飯田市,イイダシ,Iida-shi,,,,丸山町,マルヤマチョウ,Maruyamacho,４丁目,４チョウメ,4,,,,,0,0,0,0,0,0,1,1,1947-04-17,,0,,,,,,,,,,,,,,,,
202053,0119000,1,長野県,ナガノケン,Nagano,,,,飯田市,イイダシ,Iida-shi,,,,水の手町,ミズノテチョウ,Mizunotecho,,,,,,,,0,0,0,0,0,0,1,1,1947-04-17,,0,3950035,,,,,,,,,,,,,,,
202053,0120000,1,長野県,ナガノケン,Nagano,,,,飯田市,イイダシ,Iida-shi,,,,三日市場,ミッカイチバ,Mikkaichiba,,,,,,,,0,0,0,0,0,0,1,1,1947-04-17,,0,3950155,,,,,,,,,,,,,,,
202053,0121000,1,長野県,ナガノケン,Nagano,,,,飯田市,イイダシ,Iida-shi,,,,南信濃木沢,ミナミシナノキザワ,Minamishinano Kizawa,,,,,,,,0,0,0,0,0,0,1,1,1947-04-17,,0,3991401,,,,,,,,,,,,,,,
202053,0122000,1,長野県,ナガノケン,Nagano,,,,飯田市,イイダシ,Iida-shi,,,,南信濃南和田,ミナミシナノミナミワダ,,,,,,,,,0,0,0,0,0,0,1,1,1947-04-17,,0,,,,,,,,,,,,,,,,
202053,0123000,1,長野県,ナガノケン,Nagano,,,,飯田市,イイダシ,Iida-shi,,,,南信濃八重河内,ミナミシナノヤエゴウチ,Minamishinano Yaegochi,,,,,,,,0,0,0,0,0,0,1,1,1947-04-17,,0,3991312,,,,,,,,,,,,,,,
202053,0124000,1,長野県,ナガノケン,Nagano,,,,飯田市,イイダシ,Iida-shi,,,,南信濃和田,ミナミシナノワダ,Minamishinano Wada,,,,,,,,0,0,0,0,0,0,1,1,1947-04-17,,0,3991311,,,,,,,,,,,,,,,
202053,0125000,1,長野県,ナガノケン,Nagano,,,,飯田市,イイダシ,Iida-shi,,,,南常盤町,ミナミトキワマチ,Minamitokiwamachi,,,,,,,,0,0,0,0,0,0,1,1,1947-04-17,,0,3950037,,,,,,,,,,,,,,,
202053,0126001,2,長野県,ナガノケン,Nagano,,,,飯田市,イイダシ,Iida-shi,,,,箕瀬町,ミノゼチョウ,Minozecho,１丁目,１チョウメ,1,,,,,0,0,0,0,0,0,1,1,1947-04-17,,0,,,,,,,,,,,,,,,,
202053,0126002,2,長野県,ナガノケン,Nagano,,,,飯田市,イイダシ,Iida-shi,,,,箕瀬町,ミノゼチョウ,Minozecho,２丁目,２チョウメ,2,,,,,0,0,0,0,0,0,1,1,1947-04-17,,0,,,,,,,,,,,,,,,,
202053,0126003,2,長野県,ナガノケン,Nagano,,,,飯田市,イイダシ,Iida-shi,,,,箕瀬町,ミノゼチョウ,Minozecho,３丁目,３チョウメ,3,,,,,0,0,0,0,0,0,1,1,1947-04-17,,0,,,,,,,,,,,,,,,,
202053,0127000,1,長野県,ナガノケン,Nagano,,,,飯田市,イイダシ,Iida-shi,,,,宮ノ上,ミヤノウエ,Miyanoe,,,,,,,,0,0,0,0,0,0,1,1,1947-04-17,,0,3950081,,,,,,,,,,,,,,,
202053,0128000,1,長野県,ナガノケン,Nagano,,,,飯田市,イイダシ,Iida-shi,,,,宮の前,ミヤノマエ,Miyanomae,,,,,,,,0,0,0,0,0,0,1,1,1947-04-17,,0,3950082,,,,,,,,,,,,,,,
202053,0129000,1,長野県,ナガノケン,Nagano,,,,飯田市,イイダシ,Iida-shi,,,,元町,モトマチ,Motomachi,,,,,,,,0,0,0,0,0,0,1,1,1947-04-17,,0,3950052,,,,,,,,,,,,,,,
202053,0130000,1,長野県,ナガノケン,Nagano,,,,飯田市,イイダシ,Iida-shi,,,,山本,ヤマモト,Yamamoto,,,,,,,,0,0,0,0,0,0,1,1,1947-04-17,,0,3950244,,,,,,,,,,,,,,,
202053,0131000,1,長野県,ナガノケン,Nagano,,,,飯田市,イイダシ,Iida-shi,,,,八幡町,ヤワタマチ,Yawatamachi,,,,,,,,0,0,0,0,0,0,1,1,1947-04-17,,0,3950814,,,,,,,,,,,,,,,
202053,0132000,1,長野県,ナガノケン,Nagano,,,,飯田市,イイダシ,Iida-shi,,,,飯田,イイダ,,,,,,,,,0,0,0,0,0,0,1,1,1947-04-17,,0,,,,,,,,,,,,,,,,
202053,0133000,1,長野県,ナガノケン,Nagano,,,,飯田市,イイダシ,Iida-shi,,,,上久堅戊,カミヒサカタボ,,,,,,,,,0,0,0,0,0,0,1,0,1947-04-17,,1,,,*_MJ006378_*_*,,,,,,,,,,,,,
202053,0134000,1,長野県,ナガノケン,Nagano,,,,飯田市,イイダシ,Iida-shi,,,,下久堅,シモヒサカタ,,,,,,,,,0,0,0,0,0,0,1,0,1947-04-17,,1,,,*_MJ006378_*,,,,,,,,,,,,,
202053,0135000,1,長野県,ナガノケン,Nagano,,,,飯田市,イイダシ,Iida-shi,,,,久米中,クメナカ,,,,,,,,,0,0,0,0,0,0,1,0,1947-04-17,,1,,,MJ006378_*_*,,,,,,,,,,,,,
202053,0136000,1,長野県,ナガノケン,Nagano,,,,飯田市,イイダシ,Iida-shi,,,,八重河内,ヤエゴウチ,,,,,,,,,0,0,0,0,0,0,1,0,1947-04-17,,1,,,,,,,,,,,,,,,,
202053,0137000,1,長野県,ナガノケン,Nagano,,,,飯田市,イイダシ,Iida-shi,,,,別府,ベップ,,,,,,,,,0,0,0,0,0,0,1,0,1947-04-17,,1,,,,,,,,,,,,,,,,
202053,0138000,1,長野県,ナガノケン,Nagano,,,,飯田市,イイダシ,Iida-shi,,,,南和田,ミナミワダ,,,,,,,,,0,0,0,0,0,0,1,0,1947-04-17,,1,,,,,,,,,,,,,,,,
202053,0139000,1,長野県,ナガノケン,Nagano,,,,飯田市,イイダシ,Iida-shi,,,,和田,ワダ,,,,,,,,,0,0,0,0,0,0,1,0,1947-04-17,,1,,,,,,,,,,,,,,,,
202053,0140000,1,長野県,ナガノケン,Nagano,,,,飯田市,イイダシ,Iida-shi,,,,大字一色,オオアザイッシキ,,,,,,,,,0,0,0,0,0,0,1,0,1947-04-17,,1,,,,,,,,,,,,,,,,
202053,0141000,1,長野県,ナガノケン,Nagano,,,,飯田市,イイダシ,Iida-shi,,,,大字上山,オオアザカミヤマ,,,,,,,,,0,0,0,0,0,0,1,0,1947-04-17,,1,,,,,,,,,,,,,,,,
202053,0142000,1,長野県,ナガノケン,Nagano,,,,飯田市,イイダシ,Iida-shi,,,,大字上町,カミマチ,,,,,,,,,0,0,0,0,0,0,1,0,1947-04-17,,1,,,,,,,,,,,,,,,,
202053,0143000,1,長野県,ナガノケン,Nagano,,,,飯田市,イイダシ,Iida-shi,,,,大字上茶屋,オオアザカミチャヤ,,,,,,,,,0,0,0,0,0,0,1,0,1947-04-17,,1,,,,,,,,,,,,,,,,
202053,0144000,1,長野県,ナガノケン,Nagano,,,,飯田市,イイダシ,Iida-shi,,,,大字下山,オオアザシモヤマ,,,,,,,,,0,0,0,0,0,0,1,0,1947-04-17,,1,,,,,,,,,,,,,,,,
202053,0145000,1,長野県,ナガノケン,Nagano,,,,飯田市,イイダシ,Iida-shi,,,,大字下栗,シモグリ,,,,,,,,,0,0,0,0,0,0,1,0,1947-04-17,,1,,,,,,,,,,,,,,,,
202053,0146000,1,長野県,ナガノケン,Nagano,,,,飯田市,イイダシ,Iida-shi,,,,大字下茶屋,オオアザシモチャヤ,,,,,,,,,0,0,0,0,0,0,1,0,1947-04-17,,1,,,,,,,,,,,,,,,,
202053,0147000,1,長野県,ナガノケン,Nagano,,,,飯田市,イイダシ,Iida-shi,,,,大字中平,ナカダイラ,,,,,,,,,0,0,0,0,0,0,1,0,1947-04-17,,1,,,,,,,,,,,,,,,,
202053,0148000,1,長野県,ナガノケン,Nagano,,,,飯田市,イイダシ,Iida-shi,,,,大字中郷,ナカゴウ,,,,,,,,,0,0,0,0,0,0,1,0,1947-04-17,,1,,,,,,,,,,,,,,,,
202053,0149000,1,長野県,ナガノケン,Nagano,,,,飯田市,イイダシ,Iida-shi,,,,大字八重河内,オオアザヤエゴウチ,,,,,,,,,0,0,0,0,0,0,1,0,1947-04-17,,1,,,,,,,,,,,,,,,,
202053,0150000,1,長野県,ナガノケン,Nagano,,,,飯田市,イイダシ,Iida-shi,,,,大字切石,オオアザキリイシ,,,,,,,,,0,0,0,0,0,0,1,0,1947-04-17,,1,,,,,,,,,,,,,,,,
202053,0151000,1,長野県,ナガノケン,Nagano,,,,飯田市,イイダシ,Iida-shi,,,,大字別府,オオアザベップ,,,,,,,,,0,0,0,0,0,0,1,0,1947-04-17,,1,,,,,,,,,,,,,,,,
202053,0152000,1,長野県,ナガノケン,Nagano,,,,飯田市,イイダシ,Iida-shi,,,,大字南和田,オオアザミナミワダ,,,,,,,,,0,0,0,0,0,0,1,0,1947-04-17,,1,,,,,,,,,,,,,,,,
202053,0153000,1,長野県,ナガノケン,Nagano,,,,飯田市,イイダシ,Iida-shi,,,,大字名古熊,オオアザナゴクマ,,,,,,,,,0,0,0,0,0,0,1,0,1947-04-17,,1,,,,,,,,,,,,,,,,
202053,0154000,1,長野県,ナガノケン,Nagano,,,,飯田市,イイダシ,Iida-shi,,,,大字和田,オオアザワダ,,,,,,,,,0,0,0,0,0,0,1,0,1947-04-17,,1,,,,,,,,,,,,,,,,
202053,0155000,1,長野県,ナガノケン,Nagano,,,,飯田市,イイダシ,Iida-shi,,,,大字木沢,オオアザキザワ,,,,,,,,,0,0,0,0,0,0,1,0,1947-04-17,,1,,,,,,,,,,,,,,,,
202053,0156000,1,長野県,ナガノケン,Nagano,,,,飯田市,イイダシ,Iida-shi,,,,大字東鼎,オオアザヒガシカナエ,,,,,,,,,0,0,0,0,0,0,1,0,1947-04-17,,1,,,,,,,,,,,,,,,,
202053,0157000,1,長野県,ナガノケン,Nagano,,,,飯田市,イイダシ,Iida-shi,,,,大字程野,ホドノ,,,,,,,,,0,0,0,0,0,0,1,0,1947-04-17,,1,,,,,,,,,,,,,,,,
202053,0158000,1,長野県,ナガノケン,Nagano,,,,飯田市,イイダシ,Iida-shi,,,,大字西鼎,オオアザニシカナエ,,,,,,,,,0,0,0,0,0,0,1,0,1947-04-17,,1,,,,,,,,,,,,,,,,
202053,0159000,1,長野県,ナガノケン,Nagano,,,,飯田市,イイダシ,Iida-shi,,,,大字飯沼,オオアザイイヌマ,,,,,,,,,0,0,0,0,0,0,1,0,1947-04-17,,1,,,,,,,,,,,,,,,,
202053,0160000,1,長野県,ナガノケン,Nagano,,,,飯田市,イイダシ,Iida-shi,,,,大字黒田,オオアザクロダ,,,,,,,,,0,0,0,0,0,0,1,0,1947-04-17,,1,,,,,,,,,,,,,,,,
202053,0161000,1,長野県,ナガノケン,Nagano,,,,飯田市,イイダシ,Iida-shi,,,,木沢,キザワ,,,,,,,,,0,0,0,0,0,0,1,0,1947-04-17,,1,,,,,,,,,,,,,,,,
202053,0162000,1,長野県,ナガノケン,Nagano,,,,飯田市,イイダシ,Iida-shi,,,,松尾,マツオ,,,,,,,,,0,0,0,0,0,0,1,0,1947-04-17,,1,,,,,,,,,,,,,,,,
202053,0163000,1,長野県,ナガノケン,Nagano,,,,飯田市,イイダシ,Iida-shi,,,,稲井,イナイ,,,,,,,,,0,0,0,0,0,0,1,0,1947-04-17,,1,,,,,,,,,,,,,,,,
202053,0164000,1,長野県,ナガノケン,Nagano,,,,飯田市,イイダシ,Iida-shi,,,,虎岩己,トライワキ,,,,,,,,,0,0,0,0,0,0,1,0,1947-04-17,,1,,,,,,,,,,,,,,,,
202053,0165000,1,長野県,ナガノケン,Nagano,,,,飯田市,イイダシ,Iida-shi,,,,飯沼,イイヌマ,,,,,,,,,0,0,0,0,0,0,1,0,1947-04-17,,1,,,,,,,,,,,,,,,,
202053,0166000,1,長野県,ナガノケン,Nagano,,,,飯田市,イイダシ,Iida-shi,,,,飯田上,イイダカミ,,,,,,,,,0,0,0,0,0,0,1,0,1947-04-17,,1,,,,,,,,,,,,,,,,
202053,0167000,1,長野県,ナガノケン,Nagano,,,,飯田市,イイダシ,Iida-shi,,,,黒田,クロダ,,,,,,,,,0,0,0,0,0,0,1,0,1947-04-17,,1,,,,,,,,,,,,,,,,
202053,0168000,1,長野県,ナガノケン,Nagano,,,,飯田市,イイダシ,Iida-shi,,,,鼎,カナエ,,,,,,,,,0,0,0,0,0,0,1,0,1947-04-17,,1,,,,,,,,,,,,,,,,
202053,0169000,1,長野県,ナガノケン,Nagano,,,,飯田市,イイダシ,Iida-shi,,,,龍江久戊,タツエヒサボ,,,,,,,,,0,0,0,0,0,0,1,0,1947-04-17,,1,,,*_*_MJ006378_*,,,,,,,,,,,,,
202061,0001000,1,長野県,ナガノケン,Nagano,,,,諏訪市,スワシ,Suwa-shi,,,,赤羽根,アカハネ,Akahane,,,,,,,,1,1,0,0,0,0,1,1,1947-04-17,,0,3920011,,,,,,,,,,,,,,,
202061,0002000,1,長野県,ナガノケン,Nagano,,,,諏訪市,スワシ,Suwa-shi,,,,大字上諏訪,オオアザカミスワ,Kamisuwa,,,,,,,,0,0,0,0,0,0,1,1,1947-04-17,,0,3920003,,,,,,,,,,,,,,,
202061,0003000,1,長野県,ナガノケン,Nagano,,,,諏訪市,スワシ,Suwa-shi,,,,大字湖南,オオアザコナミ,Konami,,,,,,,,0,0,0,0,0,0,1,1,1947-04-17,,0,3920131,,,,,,,,,,,,,,,
202061,0004000,1,長野県,ナガノケン,Nagano,,,,諏訪市,スワシ,Suwa-shi,,,,大字四賀,オオアザシガ,Shiga,,,,,,,,0,0,0,0,0,0,1,1,1947-04-17,,0,3920012,,,,,,,,,,,,,,,
202061,0005000,1,長野県,ナガノケン,Nagano,,,,諏訪市,スワシ,Suwa-shi,,,,大字豊田,オオアザトヨダ,Toyoda,,,,,,,,0,0,0,0,0,0,1,1,1947-04-17,,0,3920016,,,,,,,,,,,,,,,
202061,0006000,1,長野県,ナガノケン,Nagano,,,,諏訪市,スワシ,Suwa-shi,,,,大字中洲,オオアザナカス,Nakasu,,,,,,,,0,0,0,0,0,0,1,1,1947-04-17,,0,3920015,,,,,,,,,,,,,,,
202061,0007001,2,長野県,ナガノケン,Nagano,,,,諏訪市,スワシ,Suwa-shi,,,,大手,オオテ,Ote,一丁目,１チョウメ,1,,,,,1,1,0,0,0,0,1,1,1947-04-17,,0,,,,,,,,,,,,,,,,
202061,0007002,2,長野県,ナガノケン,Nagano,,,,諏訪市,スワシ,Suwa-shi,,,,大手,オオテ,Ote,二丁目,２チョウメ,2,,,,,1,1,0,0,0,0,1,1,1947-04-17,,0,,,,,,,,,,,,,,,,
202061,0008001,2,長野県,ナガノケン,Nagano,,,,諏訪市,スワシ,Suwa-shi,,,,岡村,オカムラ,Okamura,一丁目,１チョウメ,1,,,,,1,1,0,0,0,0,1,1,1947-04-17,,0,,,,,,,,,,,,,,,,
202061,0008002,2,長野県,ナガノケン,Nagano,,,,諏訪市,スワシ,Suwa-shi,,,,岡村,オカムラ,Okamura,二丁目,２チョウメ,2,,,,,1,1,0,0,0,0,1,1,1947-04-17,,0,,,,,,,,,,,,,,,,
202061,0009001,2,長野県,ナガノケン,Nagano,,,,諏訪市,スワシ,Suwa-shi,,,,沖田町,オキタマチ,Okitamachi,一丁目,１チョウメ,1,,,,,0,0,0,0,0,0,1,1,1947-04-17,,0,,,,,,,,,,,,,,,,
202061,0009002,2,長野県,ナガノケン,Nagano,,,,諏訪市,スワシ,Suwa-shi,,,,沖田町,オキタマチ,Okitamachi,二丁目,２チョウメ,2,,,,,0,0,0,0,0,0,1,1,1947-04-17,,0,,,,,,,,,,,,,,,,
202061,0009003,2,長野県,ナガノケン,Nagano,,,,諏訪市,スワシ,Suwa-shi,,,,沖田町,オキタマチ,Okitamachi,三丁目,３チョウメ,3,,,,,0,0,0,0,0,0,1,1,1947-04-17,,0,,,,,,,,,,,,,,,,
202061,0009004,2,長野県,ナガノケン,Nagano,,,,諏訪市,スワシ,Suwa-shi,,,,沖田町,オキタマチ,Okitamachi,四丁目,４チョウメ,4,,,,,0,0,0,0,0,0,1,1,1947-04-17,,0,,,,,,,,,,,,,,,,
202061,0009005,2,長野県,ナガノケン,Nagano,,,,諏訪市,スワシ,Suwa-shi,,,,沖田町,オキタマチ,Okitamachi,五丁目,５チョウメ,5,,,,,0,0,0,0,0,0,1,1,1947-04-17,,0,,,,,,,,,,,,,,,,
202061,0010001,2,長野県,ナガノケン,Nagano,,,,諏訪市,スワシ,Suwa-shi,,,,大和,オワ,Owa,一丁目,１チョウメ,1,,,,,1,1,0,0,0,0,1,1,1947-04-17,,0,,,,,,,,,,,,,,,,
202061,0010002,2,長野県,ナガノケン,Nagano,,,,諏訪市,スワシ,Suwa-shi,,,,大和,オワ,Owa,二丁目,２チョウメ,2,,,,,1,1,0,0,0,0,1,1,1947-04-17,,0,,,,,,,,,,,,,,,,
202061,0010003,2,長野県,ナガノケン,Nagano,,,,諏訪市,スワシ,Suwa-shi,,,,大和,オワ,Owa,三丁目,３チョウメ,3,,,,,1,1,0,0,0,0,1,1,1947-04-17,,0,,,,,,,,,,,,,,,,
202061,0011001,2,長野県,ナガノケン,Nagano,,,,諏訪市,スワシ,Suwa-shi,,,,上川,カミガワ,Kamigawa,一丁目,１チョウメ,1,,,,,0,0,0,0,0,0,1,1,1947-04-17,,0,,,,,,,,,,,,,,,,
202061,0011002,2,長野県,ナガノケン,Nagano,,,,諏訪市,スワシ,Suwa-shi,,,,上川,カミガワ,Kamigawa,二丁目,２チョウメ,2,,,,,0,0,0,0,0,0,1,1,1947-04-17,,0,,,,,,,,,,,,,,,,
202061,0011003,2,長野県,ナガノケン,Nagano,,,,諏訪市,スワシ,Suwa-shi,,,,上川,カミガワ,Kamigawa,三丁目,３チョウメ,3,,,,,0,0,0,0,0,0,1,1,1947-04-17,,0,,,,,,,,,,,,,,,,
202061,0012001,2,長野県,ナガノケン,Nagano,,,,諏訪市,スワシ,Suwa-shi,,,,湖岸通り,コガンドオリ,Kogandori,一丁目,１チョウメ,1,,,,,1,1,0,0,0,0,1,1,1947-04-17,,0,,,,,,,,,,,,,,,,
202061,0012002,2,長野県,ナガノケン,Nagano,,,,諏訪市,スワシ,Suwa-shi,,,,湖岸通り,コガンドオリ,Kogandori,二丁目,２チョウメ,2,,,,,1,1,0,0,0,0,1,1,1947-04-17,,0,,,,,,,,,,,,,,,,
202061,0012003,2,長野県,ナガノケン,Nagano,,,,諏訪市,スワシ,Suwa-shi,,,,湖岸通り,コガンドオリ,Kogandori,三丁目,３チョウメ,3,,,,,1,1,0,0,0,0,1,1,1947-04-17,,0,,,,,,,,,,,,,,,,
202061,0012004,2,長野県,ナガノケン,Nagano,,,,諏訪市,スワシ,Suwa-shi,,,,湖岸通り,コガンドオリ,Kogandori,四丁目,４チョウメ,4,,,,,1,1,0,0,0,0,1,1,1947-04-17,,0,,,,,,,,,,,,,,,,
202061,0012005,2,長野県,ナガノケン,Nagano,,,,諏訪市,スワシ,Suwa-shi,,,,湖岸通り,コガンドオリ,Kogandori,五丁目,５チョウメ,5,,,,,1,1,0,0,0,0,1,1,1947-04-17,,0,,,,,,,,,,,,,,,,
202061,0013000,1,長野県,ナガノケン,Nagano,,,,諏訪市,スワシ,Suwa-shi,,,,小和田,コワタ,Kowata,,,,,,,,1,1,0,0,0,0,1,1,1947-04-17,,0,3920024,,,,,,,,,,,,,,,
202061,0014000,1,長野県,ナガノケン,Nagano,,,,諏訪市,スワシ,Suwa-shi,,,,小和田南,コワタミナミ,Kowataminami,,,,,,,,1,1,0,0,0,0,1,1,1947-04-17,,0,3920023,,,,,,,,,,,,,,,
202061,0015000,1,長野県,ナガノケン,Nagano,,,,諏訪市,スワシ,Suwa-shi,,,,渋崎,シブサキ,Shibusaki,,,,,,,,0,0,0,0,0,0,1,1,1947-04-17,,0,3920010,,,,,,,,,,,,,,,
202061,0016001,2,長野県,ナガノケン,Nagano,,,,諏訪市,スワシ,Suwa-shi,,,,清水,シミズ,Shimizu,一丁目,１チョウメ,1,,,,,1,1,0,0,0,0,1,1,1947-04-17,,0,,,,,,,,,,,,,,,,
202061,0016002,2,長野県,ナガノケン,Nagano,,,,諏訪市,スワシ,Suwa-shi,,,,清水,シミズ,Shimizu,二丁目,２チョウメ,2,,,,,1,1,0,0,0,0,1,1,1947-04-17,,0,,,,,,,,,,,,,,,,
202061,0016003,2,長野県,ナガノケン,Nagano,,,,諏訪市,スワシ,Suwa-shi,,,,清水,シミズ,Shimizu,三丁目,３チョウメ,3,,,,,0,0,0,0,0,0,1,1,1947-04-17,,0,,,,,,,,,,,,,,,,
202061,0017001,2,長野県,ナガノケン,Nagano,,,,諏訪市,スワシ,Suwa-shi,,,,城南,ジョウナン,Jonan,一丁目,１チョウメ,1,,,,,0,0,0,0,0,0,1,1,1947-04-17,,0,,,,,,,,,,,,,,,,
202061,0017002,2,長野県,ナガノケン,Nagano,,,,諏訪市,スワシ,Suwa-shi,,,,城南,ジョウナン,Jonan,二丁目,２チョウメ,2,,,,,0,0,0,0,0,0,1,1,1947-04-17,,0,,,,,,,,,,,,,,,,
202061,0018000,1,長野県,ナガノケン,Nagano,,,,諏訪市,スワシ,Suwa-shi,,,,末広,スエヒロ,Suehiro,,,,,,,,1,1,0,0,0,0,1,1,1947-04-17,,0,3920025,,,,,,,,,,,,,,,
202061,0019000,1,長野県,ナガノケン,Nagano,,,,諏訪市,スワシ,Suwa-shi,,,,杉菜池,スギナイケ,Suginaike,,,,,,,,0,0,0,0,0,0,1,1,1947-04-17,,0,3920009,,,,,,,,,,,,,,,
202061,0020001,2,長野県,ナガノケン,Nagano,,,,諏訪市,スワシ,Suwa-shi,,,,諏訪,スワ,Suwa,一丁目,１チョウメ,1,,,,,1,1,0,0,0,0,1,1,1947-04-17,,0,,,,,,,,,,,,,,,,
202061,0020002,2,長野県,ナガノケン,Nagano,,,,諏訪市,スワシ,Suwa-shi,,,,諏訪,スワ,Suwa,二丁目,２チョウメ,2,,,,,1,1,0,0,0,0,1,1,1947-04-17,,0,,,,,,,,,,,,,,,,
202061,0021001,2,長野県,ナガノケン,Nagano,,,,諏訪市,スワシ,Suwa-shi,,,,高島,タカシマ,Takashima,一丁目,１チョウメ,1,,,,,1,1,0,0,0,0,1,1,1947-04-17,,0,,,,,,,,,,,,,,,,
202061,0021002,2,長野県,ナガノケン,Nagano,,,,諏訪市,スワシ,Suwa-shi,,,,高島,タカシマ,Takashima,二丁目,２チョウメ,2,,,,,0,0,0,0,0,0,1,1,1947-04-17,,0,,,,,,,,,,,,,,,,
202061,0021003,2,長野県,ナガノケン,Nagano,,,,諏訪市,スワシ,Suwa-shi,,,,高島,タカシマ,Takashima,三丁目,３チョウメ,3,,,,,0,0,0,0,0,0,1,1,1947-04-17,,0,,,,,,,,,,,,,,,,
202061,0021004,2,長野県,ナガノケン,Nagano,,,,諏訪市,スワシ,Suwa-shi,,,,高島,タカシマ,Takashima,四丁目,４チョウメ,4,,,,,0,0,0,0,0,0,1,1,1947-04-17,,0,,,,,,,,,,,,,,,,
202061,0022000,1,長野県,ナガノケン,Nagano,,,,諏訪市,スワシ,Suwa-shi,,,,南町,ミナミマチ,Minamimachi,,,,,,,,0,0,0,0,0,0,1,1,1947-04-17,,0,3920014,,,,,,,,,,,,,,,
202061,0023000,1,長野県,ナガノケン,Nagano,,,,諏訪市,スワシ,Suwa-shi,,,,元町,モトマチ,Motomachi,,,,,,,,1,1,0,0,0,0,1,1,1947-04-17,,0,3920006,,,,,,,,,,,,,,,
202061,0024001,2,長野県,ナガノケン,Nagano,,,,諏訪市,スワシ,Suwa-shi,,,,湯の脇,ユノワキ,Yunowaki,一丁目,１チョウメ,1,,,,,1,1,0,0,0,0,1,1,1947-04-17,,0,,,,,,,,,,,,,,,,
202061,0024002,2,長野県,ナガノケン,Nagano,,,,諏訪市,スワシ,Suwa-shi,,,,湯の脇,ユノワキ,Yunowaki,二丁目,２チョウメ,2,,,,,1,1,0,0,0,0,1,1,1947-04-17,,0,,,,,,,,,,,,,,,,
202070,0001000,1,長野県,ナガノケン,Nagano,,,,須坂市,スザカシ,Suzaka-shi,,,,旭ケ丘,アサヒガオカ,Asahigaoka,,,,,,,,0,0,0,0,0,0,1,1,1947-04-17,,0,3820003,,,,,,,,,,,,,,,
202070,0002000,1,長野県,ナガノケン,Nagano,,,,須坂市,スザカシ,Suzaka-shi,,,,大字相之島,オオアザアイノシマ,Ainoshima,,,,,,,,0,0,0,0,0,0,1,1,1947-04-17,,0,3820065,,,,,,,,,,,,,,,
202070,0003000,1,長野県,ナガノケン,Nagano,,,,須坂市,スザカシ,Suzaka-shi,,,,大字井上,オオアザイノウエ,Inoe,,,,,,,,0,0,0,0,0,0,1,1,1947-04-17,,0,3820045,,,,,,,,,,,,,,,
202070,0004000,1,長野県,ナガノケン,Nagano,,,,須坂市,スザカシ,Suzaka-shi,,,,大字小河原,オオアザオガワラ,,,,,,,,,0,0,0,0,0,0,1,1,1947-04-17,,0,,,,,,,,,,,,,,,,
202070,0005000,1,長野県,ナガノケン,Nagano,,,,須坂市,スザカシ,Suzaka-shi,,,,大字亀倉,オオアザカメグラ,,,,,,,,,0,0,0,0,0,0,1,1,1947-04-17,,0,,,,,,,,,,,,,,,,
202070,0006000,1,長野県,ナガノケン,Nagano,,,,須坂市,スザカシ,Suzaka-shi,,,,大字九反田,オオアザクタンダ,Kutandamachi,,,,,,,,0,0,0,0,0,0,1,1,1947-04-17,,0,3820048,,,,,,,,,,,,,,,
202070,0007000,1,長野県,ナガノケン,Nagano,,,,須坂市,スザカシ,Suzaka-shi,,,,大字幸高,オオアザコウタカ,Kotakamachi,,,,,,,,0,0,0,0,0,0,1,1,1947-04-17,,0,3820047,,,,,,,,,,,,,,,
202070,0008000,1,長野県,ナガノケン,Nagano,,,,須坂市,スザカシ,Suzaka-shi,,,,大字五閑,オオアザゴカン,Gokammachi,,,,,,,,0,0,0,0,0,0,1,1,1947-04-17,,0,3820053,,,,,,,,,,,,,,,
202070,0009000,1,長野県,ナガノケン,Nagano,,,,須坂市,スザカシ,Suzaka-shi,,,,大字小島,オオアザコジマ,Kojimamachi,,,,,,,,0,0,0,0,0,0,1,1,1947-04-17,,0,3820062,,,,,,,,,,,,,,,
202070,0010000,1,長野県,ナガノケン,Nagano,,,,須坂市,スザカシ,Suzaka-shi,,,,大字小山,オオアザコヤマ,,,,,,,,,0,0,0,0,0,0,1,1,1947-04-17,,0,,,,,,,,,,,,,,,,
202070,0011000,1,長野県,ナガノケン,Nagano,,,,須坂市,スザカシ,Suzaka-shi,,,,大字坂田,オオアザサカタ,Sakadamachi,,,,,,,,0,0,0,0,0,0,1,1,1947-04-17,,0,3820026,,,,,,,,,,,,,,,
202070,0012000,1,長野県,ナガノケン,Nagano,,,,須坂市,スザカシ,Suzaka-shi,,,,大字塩川,オオアザシオガワ,Shiogawamachi,,,,,,,,0,0,0,0,0,0,1,1,1947-04-17,,0,3820052,,,,,,,,,,,,,,,
202070,0013000,1,長野県,ナガノケン,Nagano,,,,須坂市,スザカシ,Suzaka-shi,,,,大字塩野,オオアザシオノ,Shionomachi,,,,,,,,0,0,0,0,0,0,1,1,1947-04-17,,0,3820024,,,,,,,,,,,,,,,
202070,0014000,1,長野県,ナガノケン,Nagano,,,,須坂市,スザカシ,Suzaka-shi,,,,大字須坂,オオアザスザカ,,,,,,,,,0,0,0,0,0,0,1,1,1947-04-17,,0,,,,,,,,,,,,,,,,
202070,0015000,1,長野県,ナガノケン,Nagano,,,,須坂市,スザカシ,Suzaka-shi,,,,大字高梨,オオアザタカナシ,Takanashimachi,,,,,,,,0,0,0,0,0,0,1,1,1947-04-17,,0,3820054,,,,,,,,,,,,,,,
202070,0016000,1,長野県,ナガノケン,Nagano,,,,須坂市,スザカシ,Suzaka-shi,,,,大字栃倉,オオアザトチグラ,,,,,,,,,0,0,0,0,0,0,1,1,1947-04-17,,0,,,,,,,,,,,,,,,,
202070,0017000,1,長野県,ナガノケン,Nagano,,,,須坂市,スザカシ,Suzaka-shi,,,,大字豊丘,オオアザトヨオカ,,,,,,,,,0,0,0,0,0,0,1,1,1947-04-17,,0,,,,,,,,,,,,,,,,
202070,0018000,1,長野県,ナガノケン,Nagano,,,,須坂市,スザカシ,Suzaka-shi,,,,大字中島,オオアザナカジマ,Nakajimamachi,,,,,,,,0,0,0,0,0,0,1,1,1947-04-17,,0,3820055,,,,,,,,,,,,,,,
202070,0019000,1,長野県,ナガノケン,Nagano,,,,須坂市,スザカシ,Suzaka-shi,,,,大字仁礼,オオアザニレイ,,,,,,,,,0,0,0,0,0,0,1,1,1947-04-17,,0,,,,,,,,,,,,,,,,
202070,0020000,1,長野県,ナガノケン,Nagano,,,,須坂市,スザカシ,Suzaka-shi,,,,大字沼目,オオアザヌマメ,Numamemachi,,,,,,,,0,0,0,0,0,0,1,1,1947-04-17,,0,3820064,,,,,,,,,,,,,,,
202070,0021000,1,長野県,ナガノケン,Nagano,,,,須坂市,スザカシ,Suzaka-shi,,,,大字野辺,オオアザノベ,,,,,,,,,0,0,0,0,0,0,1,1,1947-04-17,,0,,,,,,,,,,,,,,,,
202070,0022000,1,長野県,ナガノケン,Nagano,,,,須坂市,スザカシ,Suzaka-shi,,,,大字八町,オオアザハッチョウ,,,,,,,,,0,0,0,0,0,0,1,1,1947-04-17,,0,,,,,,,,,,,,,,,,
202070,0023000,1,長野県,ナガノケン,Nagano,,,,須坂市,スザカシ,Suzaka-shi,,,,大字日滝,オオアザヒタキ,,,,,,,,,0,0,0,0,0,0,1,1,1947-04-17,,0,,,,,,,,,,,,,,,,
202070,0024000,1,長野県,ナガノケン,Nagano,,,,須坂市,スザカシ,Suzaka-shi,,,,大字福島,オオアザフクジマ,Fukujimamachi,,,,,,,,0,0,0,0,0,0,1,1,1947-04-17,,0,3820056,,,,,,,,,,,,,,,
202070,0025000,1,長野県,ナガノケン,Nagano,,,,須坂市,スザカシ,Suzaka-shi,,,,大字村山,オオアザムラヤマ,Murayamamachi,,,,,,,,0,0,0,0,0,0,1,1,1947-04-17,,0,3820057,,,,,,,,,,,,,,,
202070,0026000,1,長野県,ナガノケン,Nagano,,,,須坂市,スザカシ,Suzaka-shi,,,,大字八重森,オオアザヤエモリ,Yaemorimachi,,,,,,,,0,0,0,0,0,0,1,1,1947-04-17,,0,3820051,,,,,,,,,,,,,,,
202070,0027000,1,長野県,ナガノケン,Nagano,,,,須坂市,スザカシ,Suzaka-shi,,,,大字米子,オオアザヨナコ,Yonakomachi,,,,,,,,0,0,0,0,0,0,1,1,1947-04-17,,0,3820023,,,,,,,,,,,,,,,
202070,0028000,1,長野県,ナガノケン,Nagano,,,,須坂市,スザカシ,Suzaka-shi,,,,大字米持,オオアザヨナモチ,Yonamochimachi,,,,,,,,0,0,0,0,0,0,1,1,1947-04-17,,0,3820041,,,,,,,,,,,,,,,
202070,0029001,2,長野県,ナガノケン,Nagano,,,,須坂市,スザカシ,Suzaka-shi,,,,臥竜,ガリュウ,Garyu,一丁目,１チョウメ,1,,,,,1,1,0,0,0,0,1,1,1947-04-17,,0,,,,,,,,,,,,,,,,
202070,0029002,2,長野県,ナガノケン,Nagano,,,,須坂市,スザカシ,Suzaka-shi,,,,臥竜,ガリュウ,Garyu,二丁目,２チョウメ,2,,,,,1,1,0,0,0,0,1,1,1947-04-17,,0,,,,,,,,,,,,,,,,
202070,0029003,2,長野県,ナガノケン,Nagano,,,,須坂市,スザカシ,Suzaka-shi,,,,臥竜,ガリュウ,Garyu,三丁目,３チョウメ,3,,,,,1,1,0,0,0,0,1,1,1947-04-17,,0,,,,,,,,,,,,,,,,
202070,0029004,2,長野県,ナガノケン,Nagano,,,,須坂市,スザカシ,Suzaka-shi,,,,臥竜,ガリュウ,Garyu,四丁目,４チョウメ,4,,,,,1,1,0,0,0,0,1,1,1947-04-17,,0,,,,,,,,,,,,,,,,
202070,0029005,2,長野県,ナガノケン,Nagano,,,,須坂市,スザカシ,Suzaka-shi,,,,臥竜,ガリュウ,Garyu,五丁目,５チョウメ,5,,,,,1,1,0,0,0,0,1,1,1947-04-17,,0,,,,,,,,,,,,,,,,
202070,0029006,2,長野県,ナガノケン,Nagano,,,,須坂市,スザカシ,Suzaka-shi,,,,臥竜,ガリュウ,Garyu,六丁目,６チョウメ,6,,,,,1,1,0,0,0,0,1,1,1947-04-17,,0,,,,,,,,,,,,,,,,
202070,0030000,1,長野県,ナガノケン,Nagano,,,,須坂市,スザカシ,Suzaka-shi,,,,北相之島,キタアイノシマ,Kitaainoshimacho,,,,,,,,0,0,0,0,0,0,1,1,1947-04-17,,0,3820061,,,,,,,,,,,,,,,
202070,0031001,2,長野県,ナガノケン,Nagano,,,,須坂市,スザカシ,Suzaka-shi,,,,墨坂,スミサカ,Sumisaka,一丁目,１チョウメ,1,,,,,1,1,0,0,0,0,1,1,1947-04-17,,0,,,,,,,,,,,,,,,,
202070,0031002,2,長野県,ナガノケン,Nagano,,,,須坂市,スザカシ,Suzaka-shi,,,,墨坂,スミサカ,Sumisaka,二丁目,２チョウメ,2,,,,,1,1,0,0,0,0,1,1,1947-04-17,,0,,,,,,,,,,,,,,,,
202070,0031003,2,長野県,ナガノケン,Nagano,,,,須坂市,スザカシ,Suzaka-shi,,,,墨坂,スミサカ,Sumisaka,三丁目,３チョウメ,3,,,,,1,1,0,0,0,0,1,1,1947-04-17,,0,,,,,,,,,,,,,,,,
202070,0031004,2,長野県,ナガノケン,Nagano,,,,須坂市,スザカシ,Suzaka-shi,,,,墨坂,スミサカ,Sumisaka,四丁目,４チョウメ,4,,,,,1,1,0,0,0,0,1,1,1947-04-17,,0,,,,,,,,,,,,,,,,
202070,0031005,2,長野県,ナガノケン,Nagano,,,,須坂市,スザカシ,Suzaka-shi,,,,墨坂,スミサカ,Sumisaka,五丁目,５チョウメ,5,,,,,1,1,0,0,0,0,1,1,1947-04-17,,0,,,,,,,,,,,,,,,,
202070,0032001,2,長野県,ナガノケン,Nagano,,,,須坂市,スザカシ,Suzaka-shi,,,,墨坂南,スミサカミナミ,Sumisakaminami,一丁目,１チョウメ,1,,,,,1,1,0,0,0,0,1,1,1947-04-17,,0,,,,,,,,,,,,,,,,
202070,0032002,2,長野県,ナガノケン,Nagano,,,,須坂市,スザカシ,Suzaka-shi,,,,墨坂南,スミサカミナミ,Sumisakaminami,二丁目,２チョウメ,2,,,,,1,1,0,0,0,0,1,1,1947-04-17,,0,,,,,,,,,,,,,,,,
202070,0032003,2,長野県,ナガノケン,Nagano,,,,須坂市,スザカシ,Suzaka-shi,,,,墨坂南,スミサカミナミ,Sumisakaminami,三丁目,３チョウメ,3,,,,,1,1,0,0,0,0,1,1,1947-04-17,,0,,,,,,,,,,,,,,,,
202070,0032004,2,長野県,ナガノケン,Nagano,,,,須坂市,スザカシ,Suzaka-shi,,,,墨坂南,スミサカミナミ,Sumisakaminami,四丁目,４チョウメ,4,,,,,1,1,0,0,0,0,1,1,1947-04-17,,0,,,,,,,,,,,,,,,,
202070,0032005,2,長野県,ナガノケン,Nagano,,,,須坂市,スザカシ,Suzaka-shi,,,,墨坂南,スミサカミナミ,Sumisakaminami,五丁目,５チョウメ,5,,,,,1,1,0,0,0,0,1,1,1947-04-17,,0,,,,,,,,,,,,,,,,
202070,0033000,1,長野県,ナガノケン,Nagano,,,,須坂市,スザカシ,Suzaka-shi,,,,田の神,タノガミ,Tanokamimachi,,,,,,,,0,0,0,0,0,0,1,1,1947-04-17,,0,3820073,,,,,,,,,,,,,,,
202070,0034000,1,長野県,ナガノケン,Nagano,,,,須坂市,スザカシ,Suzaka-shi,,,,豊島,トヨシマ,Toyoshimamachi,,,,,,,,0,0,0,0,0,0,1,1,1947-04-17,,0,3820066,,,,,,,,,,,,,,,
202070,0035000,1,長野県,ナガノケン,Nagano,,,,須坂市,スザカシ,Suzaka-shi,,,,望岳台,ボウガクダイ,Bogakudai,,,,,,,,0,0,0,0,0,0,1,1,1947-04-17,,0,3820042,,,,,,,,,,,,,,,
202070,0036000,1,長野県,ナガノケン,Nagano,,,,須坂市,スザカシ,Suzaka-shi,,,,明徳,ミョウトク,Myotokumachi,,,,,,,,0,0,0,0,0,0,1,1,1947-04-17,,0,3820036,,,,,,,,,,,,,,,
202088,0001001,2,長野県,ナガノケン,Nagano,,,,小諸市,コモロシ,Komoro-shi,,,,相生町,アイオイチョウ,Aioicho,一丁目,１チョウメ,1,,,,,1,1,0,0,0,0,1,1,1947-04-17,,0,,,,,,,,,,,,,,,,
202088,0001002,2,長野県,ナガノケン,Nagano,,,,小諸市,コモロシ,Komoro-shi,,,,相生町,アイオイチョウ,Aioicho,二丁目,２チョウメ,2,,,,,1,1,0,0,0,0,1,1,1947-04-17,,0,,,,,,,,,,,,,,,,
202088,0001003,2,長野県,ナガノケン,Nagano,,,,小諸市,コモロシ,Komoro-shi,,,,相生町,アイオイチョウ,Aioicho,三丁目,３チョウメ,3,,,,,1,1,0,0,0,0,1,1,1947-04-17,,0,,,,,,,,,,,,,,,,
202088,0002001,2,長野県,ナガノケン,Nagano,,,,小諸市,コモロシ,Komoro-shi,,,,赤坂,アカサカ,Akasaka,一丁目,１チョウメ,1,,,,,1,1,0,0,0,0,1,1,1947-04-17,,0,,,,,,,,,,,,,,,,
202088,0002002,2,長野県,ナガノケン,Nagano,,,,小諸市,コモロシ,Komoro-shi,,,,赤坂,アカサカ,Akasaka,二丁目,２チョウメ,2,,,,,1,1,0,0,0,0,1,1,1947-04-17,,0,,,,,,,,,,,,,,,,
202088,0003001,2,長野県,ナガノケン,Nagano,,,,小諸市,コモロシ,Komoro-shi,,,,荒町,アラマチ,Aramachi,一丁目,１チョウメ,1,,,,,1,1,0,0,0,0,1,1,1947-04-17,,0,,,,,,,,,,,,,,,,
202088,0003002,2,長野県,ナガノケン,Nagano,,,,小諸市,コモロシ,Komoro-shi,,,,荒町,アラマチ,Aramachi,二丁目,２チョウメ,2,,,,,1,1,0,0,0,0,1,1,1947-04-17,,0,,,,,,,,,,,,,,,,
202088,0004001,2,長野県,ナガノケン,Nagano,,,,小諸市,コモロシ,Komoro-shi,,,,市町,イチマチ,Ichimachi,一丁目,１チョウメ,1,,,,,1,1,0,0,0,0,1,1,1947-04-17,,0,,,,,,,,,,,,,,,,
202088,0004002,2,長野県,ナガノケン,Nagano,,,,小諸市,コモロシ,Komoro-shi,,,,市町,イチマチ,Ichimachi,二丁目,２チョウメ,2,,,,,1,1,0,0,0,0,1,1,1947-04-17,,0,,,,,,,,,,,,,,,,
202088,0004003,2,長野県,ナガノケン,Nagano,,,,小諸市,コモロシ,Komoro-shi,,,,市町,イチマチ,Ichimachi,三丁目,３チョウメ,3,,,,,1,1,0,0,0,0,1,1,1947-04-17,,0,,,,,,,,,,,,,,,,
202088,0004004,2,長野県,ナガノケン,Nagano,,,,小諸市,コモロシ,Komoro-shi,,,,市町,イチマチ,Ichimachi,四丁目,４チョウメ,4,,,,,1,1,0,0,0,0,1,1,1947-04-17,,0,,,,,,,,,,,,,,,,
202088,0004005,2,長野県,ナガノケン,Nagano,,,,小諸市,コモロシ,Komoro-shi,,,,市町,イチマチ,Ichimachi,五丁目,５チョウメ,5,,,,,1,1,0,0,0,0,1,1,1947-04-17,,0,,,,,,,,,,,,,,,,
202088,0005000,1,長野県,ナガノケン,Nagano,,,,小諸市,コモロシ,Komoro-shi,,,,大字市,オオアザイチ,Ichi,,,,,,,,0,0,0,0,0,0,1,1,1947-04-17,,0,3840083,,,,,,,,,,,,,,,
202088,0006000,1,長野県,ナガノケン,Nagano,,,,小諸市,コモロシ,Komoro-shi,,,,大字大久保,オオアザオオクボ,Okubo,,,,,,,,0,0,0,0,0,0,1,1,1947-04-17,,0,3840071,,,,,,,,,,,,,,,
202088,0007000,1,長野県,ナガノケン,Nagano,,,,小諸市,コモロシ,Komoro-shi,,,,大字柏木,オオアザカシワギ,Kashiwagi,,,,,,,,0,0,0,0,0,0,1,1,1947-04-17,,0,3840055,,,,,,,,,,,,,,,
202088,0008000,1,長野県,ナガノケン,Nagano,,,,小諸市,コモロシ,Komoro-shi,,,,大字加増,オオアザカマス,Kamasu,,,,,,,,0,0,0,0,0,0,1,1,1947-04-17,,0,3840061,,,,,,,,,,,,,,,
202088,0009000,1,長野県,ナガノケン,Nagano,,,,小諸市,コモロシ,Komoro-shi,,,,大字塩野,オオアザシオノ,Shiono,,,,,,,,0,0,0,0,0,0,1,1,1947-04-17,,0,3840806,,,,,,,,,,,,,,,
202088,0010000,1,長野県,ナガノケン,Nagano,,,,小諸市,コモロシ,Komoro-shi,,,,大字滋野甲,オオアザシゲノコウ,Shigenoko,,,,,,,,0,0,0,0,0,0,1,1,1947-04-17,,0,3840809,,,,,,,,,,,,,,,
202088,0011000,1,長野県,ナガノケン,Nagano,,,,小諸市,コモロシ,Komoro-shi,,,,大字滝原,オオアザタキバラ,Takibara,,,,,,,,0,0,0,0,0,0,1,1,1947-04-17,,0,3840045,,,,,,,,,,,,,,,
202088,0012000,1,長野県,ナガノケン,Nagano,,,,小諸市,コモロシ,Komoro-shi,,,,大字西原,オオアザニシバラ,Nishibara,,,,,,,,0,0,0,0,0,0,1,1,1947-04-17,,0,3840044,,,,,,,,,,,,,,,
202088,0013000,1,長野県,ナガノケン,Nagano,,,,小諸市,コモロシ,Komoro-shi,,,,大字八満,オオアザハチマン,Hachiman,,,,,,,,0,0,0,0,0,0,1,1,1947-04-17,,0,3840051,,,,,,,,,,,,,,,
202088,0014000,1,長野県,ナガノケン,Nagano,,,,小諸市,コモロシ,Komoro-shi,,,,大字菱平,オオアザヒシダイラ,Hishidaira,,,,,,,,0,0,0,0,0,0,1,1,1947-04-17,,0,3840041,,,,,,,,,,,,,,,
202088,0015000,1,長野県,ナガノケン,Nagano,,,,小諸市,コモロシ,Komoro-shi,,,,大字平原,オオアザヒラハラ,Hirahara,,,,,,,,0,0,0,0,0,0,1,1,1947-04-17,,0,3840092,,,,,,,,,,,,,,,
202088,0016000,1,長野県,ナガノケン,Nagano,,,,小諸市,コモロシ,Komoro-shi,,,,大字御影新田,オオアザミカゲシンデン,Mikageshinden,,,,,,,,0,0,0,0,0,0,1,1,1947-04-17,,0,3840808,,,,,,,,,,,,,,,
202088,0017000,1,長野県,ナガノケン,Nagano,,,,小諸市,コモロシ,Komoro-shi,,,,大字耳取,オオアザミミトリ,Mimitori,,,,,,,,0,0,0,0,0,0,1,1,1947-04-17,,0,3840084,,,,,,,,,,,,,,,
202088,0018000,1,長野県,ナガノケン,Nagano,,,,小諸市,コモロシ,Komoro-shi,,,,大字森山,オオアザモリヤマ,Moriyama,,,,,,,,0,0,0,0,0,0,1,1,1947-04-17,,0,3840085,,,,,,,,,,,,,,,
202088,0019000,1,長野県,ナガノケン,Nagano,,,,小諸市,コモロシ,Komoro-shi,,,,大字諸,オオアザモロ,Moro,,,,,,,,0,0,0,0,0,0,1,1,1947-04-17,,0,3840043,,,,,,,,,,,,,,,
202088,0019000,1,長野県,ナガノケン,Nagano,,,,小諸市,コモロシ,Komoro-shi,,,,大字諸,オオアザモロ,Moro,,,,,,,,1,1,0,0,0,0,1,1,1947-04-17,,0,3840043,,,,,,,,,,,,,,,
202088,0020000,1,長野県,ナガノケン,Nagano,,,,小諸市,コモロシ,Komoro-shi,,,,大字山浦,オオアザヤマウラ,Yamaura,,,,,,,,0,0,0,0,0,0,1,1,1947-04-17,,0,3840807,,,,,,,,,,,,,,,
202088,0021000,1,長野県,ナガノケン,Nagano,,,,小諸市,コモロシ,Komoro-shi,,,,大字和田,オオアザワダ,Wada,,,,,,,,0,0,0,0,0,0,1,1,1947-04-17,,0,3840093,,,,,,,,,,,,,,,
202088,0022001,2,長野県,ナガノケン,Nagano,,,,小諸市,コモロシ,Komoro-shi,,,,大手,オオテ,Ote,一丁目,１チョウメ,1,,,,,1,1,0,0,0,0,1,1,1947-04-17,,0,,,,,,,,,,,,,,,,
202088,0022002,2,長野県,ナガノケン,Nagano,,,,小諸市,コモロシ,Komoro-shi,,,,大手,オオテ,Ote,二丁目,２チョウメ,2,,,,,1,1,0,0,0,0,1,1,1947-04-17,,0,,,,,,,,,,,,,,,,
202088,0023000,1,長野県,ナガノケン,Nagano,,,,小諸市,コモロシ,Komoro-shi,,,,乙,オツ,Otsu,,,,,,,,0,0,0,0,0,0,1,1,1947-04-17,,0,3840802,,,,,,,,,,,,,,,
202088,0024000,1,長野県,ナガノケン,Nagano,,,,小諸市,コモロシ,Komoro-shi,,,,乙女,オトメ,Otome,,,,,,,,1,1,0,0,0,0,1,1,1947-04-17,,0,3840004,,,,,,,,,,,,,,,
202088,0025001,2,長野県,ナガノケン,Nagano,,,,小諸市,コモロシ,Komoro-shi,,,,加増,カマス,Kamasu,一丁目,１チョウメ,1,,,,,1,1,0,0,0,0,1,1,1947-04-17,,0,,,,,,,,,,,,,,,,
202088,0025002,2,長野県,ナガノケン,Nagano,,,,小諸市,コモロシ,Komoro-shi,,,,加増,カマス,Kamasu,二丁目,２チョウメ,2,,,,,1,1,0,0,0,0,1,1,1947-04-17,,0,,,,,,,,,,,,,,,,
202088,0025003,2,長野県,ナガノケン,Nagano,,,,小諸市,コモロシ,Komoro-shi,,,,加増,カマス,Kamasu,三丁目,３チョウメ,3,,,,,1,1,0,0,0,0,1,1,1947-04-17,,0,,,,,,,,,,,,,,,,
202088,0026000,1,長野県,ナガノケン,Nagano,,,,小諸市,コモロシ,Komoro-shi,,,,己,キ,Ki,,,,,,,,0,0,0,0,0,0,1,1,1947-04-17,,0,3840805,,,,,,,,,,,,,,,
202088,0027000,1,長野県,ナガノケン,Nagano,,,,小諸市,コモロシ,Komoro-shi,,,,甲,コウ,Ko,,,,,,,,0,0,0,0,0,0,1,1,1947-04-17,,0,3840801,,,,,,,,,,,,,,,
202088,0028001,2,長野県,ナガノケン,Nagano,,,,小諸市,コモロシ,Komoro-shi,,,,古城,コジョウ,Kojo,一丁目,１チョウメ,1,,,,,1,1,0,0,0,0,1,1,1947-04-17,,0,,,,,,,,,,,,,,,,
202088,0028002,2,長野県,ナガノケン,Nagano,,,,小諸市,コモロシ,Komoro-shi,,,,古城,コジョウ,Kojo,二丁目,２チョウメ,2,,,,,1,1,0,0,0,0,1,1,1947-04-17,,0,,,,,,,,,,,,,,,,
202088,0028003,2,長野県,ナガノケン,Nagano,,,,小諸市,コモロシ,Komoro-shi,,,,古城,コジョウ,Kojo,三丁目,３チョウメ,3,,,,,1,1,0,0,0,0,1,1,1947-04-17,,0,,,,,,,,,,,,,,,,
202088,0029001,2,長野県,ナガノケン,Nagano,,,,小諸市,コモロシ,Komoro-shi,,,,紺屋町,コンヤマチ,Konyamachi,一丁目,１チョウメ,1,,,,,1,1,0,0,0,0,1,1,1947-04-17,,0,,,,,,,,,,,,,,,,
202088,0029002,2,長野県,ナガノケン,Nagano,,,,小諸市,コモロシ,Komoro-shi,,,,紺屋町,コンヤマチ,Konyamachi,二丁目,２チョウメ,2,,,,,1,1,0,0,0,0,1,1,1947-04-17,,0,,,,,,,,,,,,,,,,
202088,0029003,2,長野県,ナガノケン,Nagano,,,,小諸市,コモロシ,Komoro-shi,,,,紺屋町,コンヤマチ,Konyamachi,三丁目,３チョウメ,3,,,,,1,1,0,0,0,0,1,1,1947-04-17,,0,,,,,,,,,,,,,,,,
202088,0030001,2,長野県,ナガノケン,Nagano,,,,小諸市,コモロシ,Komoro-shi,,,,東雲,シノノメ,Shinonome,一丁目,１チョウメ,1,,,,,1,1,0,0,0,0,1,1,1947-04-17,,0,,,,,,,,,,,,,,,,
202088,0030002,2,長野県,ナガノケン,Nagano,,,,小諸市,コモロシ,Komoro-shi,,,,東雲,シノノメ,Shinonome,二丁目,２チョウメ,2,,,,,1,1,0,0,0,0,1,1,1947-04-17,,0,,,,,,,,,,,,,,,,
202088,0030003,2,長野県,ナガノケン,Nagano,,,,小諸市,コモロシ,Komoro-shi,,,,東雲,シノノメ,Shinonome,三丁目,３チョウメ,3,,,,,1,1,0,0,0,0,1,1,1947-04-17,,0,,,,,,,,,,,,,,,,
202088,0030004,2,長野県,ナガノケン,Nagano,,,,小諸市,コモロシ,Komoro-shi,,,,東雲,シノノメ,Shinonome,四丁目,４チョウメ,4,,,,,1,1,0,0,0,0,1,1,1947-04-17,,0,,,,,,,,,,,,,,,,
202088,0030005,2,長野県,ナガノケン,Nagano,,,,小諸市,コモロシ,Komoro-shi,,,,東雲,シノノメ,Shinonome,五丁目,５チョウメ,5,,,,,1,1,0,0,0,0,1,1,1947-04-17,,0,,,,,,,,,,,,,,,,
202088,0030006,2,長野県,ナガノケン,Nagano,,,,小諸市,コモロシ,Komoro-shi,,,,東雲,シノノメ,Shinonome,六丁目,６チョウメ,6,,,,,1,1,0,0,0,0,1,1,1947-04-17,,0,,,,,,,,,,,,,,,,
202088,0030007,2,長野県,ナガノケン,Nagano,,,,小諸市,コモロシ,Komoro-shi,,,,東雲,シノノメ,Shinonome,七丁目,７チョウメ,7,,,,,1,1,0,0,0,0,1,1,1947-04-17,,0,,,,,,,,,,,,,,,,
202088,0031001,2,長野県,ナガノケン,Nagano,,,,小諸市,コモロシ,Komoro-shi,,,,新町,シンマチ,Shimmachi,一丁目,１チョウメ,1,,,,,1,1,0,0,0,0,1,1,1947-04-17,,0,,,,,,,,,,,,,,,,
202088,0031002,2,長野県,ナガノケン,Nagano,,,,小諸市,コモロシ,Komoro-shi,,,,新町,シンマチ,Shimmachi,二丁目,２チョウメ,2,,,,,1,1,0,0,0,0,1,1,1947-04-17,,0,,,,,,,,,,,,,,,,
202088,0032001,2,長野県,ナガノケン,Nagano,,,,小諸市,コモロシ,Komoro-shi,,,,田町,タマチ,Tamachi,一丁目,１チョウメ,1,,,,,1,1,0,0,0,0,1,1,1947-04-17,,0,,,,,,,,,,,,,,,,
202088,0032002,2,長野県,ナガノケン,Nagano,,,,小諸市,コモロシ,Komoro-shi,,,,田町,タマチ,Tamachi,二丁目,２チョウメ,2,,,,,1,1,0,0,0,0,1,1,1947-04-17,,0,,,,,,,,,,,,,,,,
202088,0032003,2,長野県,ナガノケン,Nagano,,,,小諸市,コモロシ,Komoro-shi,,,,田町,タマチ,Tamachi,三丁目,３チョウメ,3,,,,,1,1,0,0,0,0,1,1,1947-04-17,,0,,,,,,,,,,,,,,,,
202088,0033001,2,長野県,ナガノケン,Nagano,,,,小諸市,コモロシ,Komoro-shi,,,,鶴巻,ツルマキ,Tsurumaki,一丁目,１チョウメ,1,,,,,1,1,0,0,0,0,1,1,1947-04-17,,0,,,,,,,,,,,,,,,,
202088,0033002,2,長野県,ナガノケン,Nagano,,,,小諸市,コモロシ,Komoro-shi,,,,鶴巻,ツルマキ,Tsurumaki,二丁目,２チョウメ,2,,,,,1,1,0,0,0,0,1,1,1947-04-17,,0,,,,,,,,,,,,,,,,
202088,0034000,1,長野県,ナガノケン,Nagano,,,,小諸市,コモロシ,Komoro-shi,,,,丁,テイ,Tei,,,,,,,,0,0,0,0,0,0,1,1,1947-04-17,,0,3840804,,,,,,,,,,,,,,,
202088,0035001,2,長野県,ナガノケン,Nagano,,,,小諸市,コモロシ,Komoro-shi,,,,八幡町,ハチマンチョウ,Hachimancho,一丁目,１チョウメ,1,,,,,1,1,0,0,0,0,1,1,1947-04-17,,0,,,,,,,,,,,,,,,,
202088,0035002,2,長野県,ナガノケン,Nagano,,,,小諸市,コモロシ,Komoro-shi,,,,八幡町,ハチマンチョウ,Hachimancho,二丁目,２チョウメ,2,,,,,1,1,0,0,0,0,1,1,1947-04-17,,0,,,,,,,,,,,,,,,,
202088,0035003,2,長野県,ナガノケン,Nagano,,,,小諸市,コモロシ,Komoro-shi,,,,八幡町,ハチマンチョウ,Hachimancho,三丁目,３チョウメ,3,,,,,1,1,0,0,0,0,1,1,1947-04-17,,0,,,,,,,,,,,,,,,,
202088,0036000,1,長野県,ナガノケン,Nagano,,,,小諸市,コモロシ,Komoro-shi,,,,丙,ヘイ,Hei,,,,,,,,0,0,0,0,0,0,1,1,1947-04-17,,0,3840803,,,,,,,,,,,,,,,
202088,0037001,2,長野県,ナガノケン,Nagano,,,,小諸市,コモロシ,Komoro-shi,,,,本町,ホンマチ,Hommachi,一丁目,１チョウメ,1,,,,,1,1,0,0,0,0,1,1,1947-04-17,,0,,,,,,,,,,,,,,,,
202088,0037002,2,長野県,ナガノケン,Nagano,,,,小諸市,コモロシ,Komoro-shi,,,,本町,ホンマチ,Hommachi,二丁目,２チョウメ,2,,,,,1,1,0,0,0,0,1,1,1947-04-17,,0,,,,,,,,,,,,,,,,
202088,0037003,2,長野県,ナガノケン,Nagano,,,,小諸市,コモロシ,Komoro-shi,,,,本町,ホンマチ,Hommachi,三丁目,３チョウメ,3,,,,,1,1,0,0,0,0,1,1,1947-04-17,,0,,,,,,,,,,,,,,,,
202088,0038001,2,長野県,ナガノケン,Nagano,,,,小諸市,コモロシ,Komoro-shi,,,,松井,マツイ,Matsui,一丁目,１チョウメ,1,,,,,1,1,0,0,0,0,1,1,1947-04-17,,0,,,,,,,,,,,,,,,,
202088,0038002,2,長野県,ナガノケン,Nagano,,,,小諸市,コモロシ,Komoro-shi,,,,松井,マツイ,Matsui,二丁目,２チョウメ,2,,,,,1,1,0,0,0,0,1,1,1947-04-17,,0,,,,,,,,,,,,,,,,
202088,0039001,2,長野県,ナガノケン,Nagano,,,,小諸市,コモロシ,Komoro-shi,,,,三和,ミツワ,Mitsuwa,一丁目,１チョウメ,1,,,,,1,1,0,0,0,0,1,1,1947-04-17,,0,,,,,,,,,,,,,,,,
202088,0039002,2,長野県,ナガノケン,Nagano,,,,小諸市,コモロシ,Komoro-shi,,,,三和,ミツワ,Mitsuwa,二丁目,２チョウメ,2,,,,,1,1,0,0,0,0,1,1,1947-04-17,,0,,,,,,,,,,,,,,,,
202088,0039003,2,長野県,ナガノケン,Nagano,,,,小諸市,コモロシ,Komoro-shi,,,,三和,ミツワ,Mitsuwa,三丁目,３チョウメ,3,,,,,1,1,0,0,0,0,1,1,1947-04-17,,0,,,,,,,,,,,,,,,,
202088,0040001,2,長野県,ナガノケン,Nagano,,,,小諸市,コモロシ,Komoro-shi,,,,南町,ミナミチョウ,Minamicho,一丁目,１チョウメ,1,,,,,1,1,0,0,0,0,1,1,1947-04-17,,0,,,,,,,,,,,,,,,,
202088,0040002,2,長野県,ナガノケン,Nagano,,,,小諸市,コモロシ,Komoro-shi,,,,南町,ミナミチョウ,Minamicho,二丁目,２チョウメ,2,,,,,1,1,0,0,0,0,1,1,1947-04-17,,0,,,,,,,,,,,,,,,,
202088,0040003,2,長野県,ナガノケン,Nagano,,,,小諸市,コモロシ,Komoro-shi,,,,南町,ミナミチョウ,Minamicho,三丁目,３チョウメ,3,,,,,1,1,0,0,0,0,1,1,1947-04-17,,0,,,,,,,,,,,,,,,,
202088,0041001,2,長野県,ナガノケン,Nagano,,,,小諸市,コモロシ,Komoro-shi,,,,御幸町,ミユキチョウ,Miyukicho,一丁目,１チョウメ,1,,,,,1,1,0,0,0,0,1,1,1947-04-17,,0,,,,,,,,,,,,,,,,
202088,0041002,2,長野県,ナガノケン,Nagano,,,,小諸市,コモロシ,Komoro-shi,,,,御幸町,ミユキチョウ,Miyukicho,二丁目,２チョウメ,2,,,,,1,1,0,0,0,0,1,1,1947-04-17,,0,,,,,,,,,,,,,,,,
202088,0042001,2,長野県,ナガノケン,Nagano,,,,小諸市,コモロシ,Komoro-shi,,,,諸,モロ,Moro,一丁目,１チョウメ,1,,,,,1,1,0,0,0,0,1,1,1947-04-17,,0,,,,,,,,,,,,,,,,
202088,0043001,2,長野県,ナガノケン,Nagano,,,,小諸市,コモロシ,Komoro-shi,,,,与良町,ヨラマチ,Yoramachi,一丁目,１チョウメ,1,,,,,1,1,0,0,0,0,1,1,1947-04-17,,0,,,,,,,,,,,,,,,,
202088,0043002,2,長野県,ナガノケン,Nagano,,,,小諸市,コモロシ,Komoro-shi,,,,与良町,ヨラマチ,Yoramachi,二丁目,２チョウメ,2,,,,,1,1,0,0,0,0,1,1,1947-04-17,,0,,,,,,,,,,,,,,,,
202088,0043003,2,長野県,ナガノケン,Nagano,,,,小諸市,コモロシ,Komoro-shi,,,,与良町,ヨラマチ,Yoramachi,三丁目,３チョウメ,3,,,,,1,1,0,0,0,0,1,1,1947-04-17,,0,,,,,,,,,,,,,,,,
202088,0043004,2,長野県,ナガノケン,Nagano,,,,小諸市,コモロシ,Komoro-shi,,,,与良町,ヨラマチ,Yoramachi,四丁目,４チョウメ,4,,,,,1,1,0,0,0,0,1,1,1947-04-17,,0,,,,,,,,,,,,,,,,
202088,0043005,2,長野県,ナガノケン,Nagano,,,,小諸市,コモロシ,Komoro-shi,,,,与良町,ヨラマチ,Yoramachi,五丁目,５チョウメ,5,,,,,1,1,0,0,0,0,1,1,1947-04-17,,0,,,,,,,,,,,,,,,,
202088,0043006,2,長野県,ナガノケン,Nagano,,,,小諸市,コモロシ,Komoro-shi,,,,与良町,ヨラマチ,Yoramachi,六丁目,６チョウメ,6,,,,,1,1,0,0,0,0,1,1,1947-04-17,,0,,,,,,,,,,,,,,,,
202088,0044000,1,長野県,ナガノケン,Nagano,,,,小諸市,コモロシ,Komoro-shi,,,,両神,リョウジン,Ryojin,,,,,,,,1,1,0,0,0,0,1,1,1947-04-17,,0,3840035,,,,,,,,,,,,,,,
202088,0045001,2,長野県,ナガノケン,Nagano,,,,小諸市,コモロシ,Komoro-shi,,,,六供,ロック,Rokku,一丁目,１チョウメ,1,,,,,1,1,0,0,0,0,1,1,1947-04-17,,0,,,,,,,,,,,,,,,,
202088,0045002,2,長野県,ナガノケン,Nagano,,,,小諸市,コモロシ,Komoro-shi,,,,六供,ロック,Rokku,二丁目,２チョウメ,2,,,,,1,1,0,0,0,0,1,1,1947-04-17,,0,,,,,,,,,,,,,,,,
202096,0001000,1,長野県,ナガノケン,Nagano,,,,伊那市,イナシ,Ina-shi,,,,荒井,アライ,Arai,,,,,,,,0,0,0,0,0,0,1,1,1947-04-17,,0,3960025,,,,,,,,,,,,,,,
202096,0002000,1,長野県,ナガノケン,Nagano,,,,伊那市,イナシ,Ina-shi,,,,荒井内の萱,アライウチノカヤ,Araiuchinokaya,,,,,,,,0,0,0,0,0,0,1,1,1947-04-17,,0,3960028,,,,,,,,,,,,,,,
202096,0003000,1,長野県,ナガノケン,Nagano,,,,伊那市,イナシ,Ina-shi,,,,伊那,イナ,Ina,,,,,,,,0,0,0,0,0,0,1,1,1947-04-17,,0,3960021,,,,,,,,,,,,,,,
202096,0003101,3,長野県,ナガノケン,Nagano,,,,伊那市,イナシ,Ina-shi,,,,伊那,イナ,Ina,,,,字通り町１丁目,アザトオリチヨウイツチヨウメ,,,0,0,0,0,0,0,1,1,1947-04-17,,0,,,,,,,,,,,,,,,,
202096,0003102,3,長野県,ナガノケン,Nagano,,,,伊那市,イナシ,Ina-shi,,,,伊那,イナ,,,,,字ますみケ丘,アザマスミカオカ,,,0,0,0,0,0,0,1,0,1947-04-17,,1,,,,,,,,,,,,,,,,
202096,0004000,1,長野県,ナガノケン,Nagano,,,,伊那市,イナシ,Ina-shi,,,,伊那部,イナベ,Inabe,,,,,,,,0,0,0,0,0,0,1,1,1947-04-17,,0,3960011,,,,,,,,,,,,,,,
202096,0005000,1,長野県,ナガノケン,Nagano,,,,伊那市,イナシ,Ina-shi,,,,上の原,ウエノハラ,Uenohara,,,,,,,,0,0,0,0,0,0,1,1,1947-04-17,,0,3960008,,,,,,,,,,,,,,,
202096,0006000,1,長野県,ナガノケン,Nagano,,,,伊那市,イナシ,Ina-shi,,,,小沢,オザワ,Ozawa,,,,,,,,0,0,0,0,0,0,1,1,1947-04-17,,0,3960032,,,,,,,,,,,,,,,
202096,0007000,1,長野県,ナガノケン,Nagano,,,,伊那市,イナシ,Ina-shi,,,,上新田,カミシンデン,Kamishinden,,,,,,,,0,0,0,0,0,0,1,1,1947-04-17,,0,3960012,,,,,,,,,,,,,,,
202096,0008000,1,長野県,ナガノケン,Nagano,,,,伊那市,イナシ,Ina-shi,,,,上牧,カミマキ,Kamimaki,,,,,,,,0,0,0,0,0,0,1,1,1947-04-17,,0,3960006,,,,,,,,,,,,,,,
202096,0009000,1,長野県,ナガノケン,Nagano,,,,伊那市,イナシ,Ina-shi,,,,狐島,キツネジマ,Kitsunejima,,,,,,,,0,0,0,0,0,0,1,1,1947-04-17,,0,3960014,,,,,,,,,,,,,,,
202096,0010000,1,長野県,ナガノケン,Nagano,,,,伊那市,イナシ,Ina-shi,,,,小四郎久保,コシロウクボ,Koshirokubo,,,,,,,,0,0,0,0,0,0,1,1,1947-04-17,,0,3960033,,,,,,,,,,,,,,,
202096,0011000,1,長野県,ナガノケン,Nagano,,,,伊那市,イナシ,Ina-shi,,,,境,サカイ,Sakai,,,,,,,,0,0,0,0,0,0,1,1,1947-04-17,,0,3960010,,,,,,,,,,,,,,,
202096,0012000,1,長野県,ナガノケン,Nagano,,,,伊那市,イナシ,Ina-shi,,,,坂下,サカシタ,Sakashita,,,,,,,,0,0,0,0,0,0,1,1,1947-04-17,,0,3960024,,,,,,,,,,,,,,,
202096,0013000,1,長野県,ナガノケン,Nagano,,,,伊那市,イナシ,Ina-shi,,,,下新田,シモシンデン,Shimoshinden,,,,,,,,0,0,0,0,0,0,1,1,1947-04-17,,0,3960013,,,,,,,,,,,,,,,
202096,0014000,1,長野県,ナガノケン,Nagano,,,,伊那市,イナシ,Ina-shi,,,,仙美,センミ,Semmi,,,,,,,,0,0,0,0,0,0,1,1,1947-04-17,,0,3960114,,,,,,,,,,,,,,,
202096,0015000,1,長野県,ナガノケン,Nagano,,,,伊那市,イナシ,Ina-shi,,,,高遠町長藤,タカトオマチオサフジ,,,,,,,,,0,0,0,0,0,0,1,1,1947-04-17,,0,,,,,,,,,,,,,,,,
202096,0015101,3,長野県,ナガノケン,Nagano,,,,伊那市,イナシ,Ina-shi,,,,高遠町長藤,タカトオマチオサフシ,,,,,その他,,,,0,0,0,0,0,0,1,0,1947-04-17,,1,,,,,,,,,,,,,,,,
202096,0015102,3,長野県,ナガノケン,Nagano,,,,伊那市,イナシ,Ina-shi,,,,高遠町長藤,タカトオマチオサフシ,,,,,１～６５８番地,,,,0,0,0,0,0,0,1,0,1947-04-17,,1,,,,,,,,,,,,,,,,
202096,0016000,1,長野県,ナガノケン,Nagano,,,,伊那市,イナシ,Ina-shi,,,,高遠町小原,タカトオマチオバラ,Takatomachi Obara,,,,,,,,0,0,0,0,0,0,1,1,1947-04-17,,0,3960215,,,,,,,,,,,,,,,
202096,0017000,1,長野県,ナガノケン,Nagano,,,,伊那市,イナシ,Ina-shi,,,,高遠町勝間,タカトオマチカツマ,Takatomachi Katsuma,,,,,,,,0,0,0,0,0,0,1,1,1947-04-17,,0,3960214,,,,,,,,,,,,,,,
202096,0018000,1,長野県,ナガノケン,Nagano,,,,伊那市,イナシ,Ina-shi,,,,高遠町上山田,タカトオマチカミヤマダ,Takatomachi Kamiyamada,,,,,,,,0,0,0,0,0,0,1,1,1947-04-17,,0,3960217,,,,,,,,,,,,,,,
202096,0019000,1,長野県,ナガノケン,Nagano,,,,伊那市,イナシ,Ina-shi,,,,高遠町芝平,タカトオマチシビラ,Takatomachi Shibira,,,,,,,,0,0,0,0,0,0,1,1,1947-04-17,,0,3960302,,,,,,,,,,,,,,,
202096,0020000,1,長野県,ナガノケン,Nagano,,,,伊那市,イナシ,Ina-shi,,,,高遠町下山田,タカトオマチシモヤマダ,Takatomachi Shimoyamada,,,,,,,,0,0,0,0,0,0,1,1,1947-04-17,,0,3960216,,,,,,,,,,,,,,,
202096,0021000,1,長野県,ナガノケン,Nagano,,,,伊那市,イナシ,Ina-shi,,,,高遠町西高遠,タカトオマチニシタカトオ,Takatomachi Nishitakato,,,,,,,,0,0,0,0,0,0,1,1,1947-04-17,,0,3960211,,,,,,,,,,,,,,,
202096,0022000,1,長野県,ナガノケン,Nagano,,,,伊那市,イナシ,Ina-shi,,,,高遠町荊口,タカトオマチバラグチ,Takatomachi Baraguchi,,,,,,,,0,0,0,0,0,0,1,1,1947-04-17,,0,3960303,,,,,,,,,,,,,,,
202096,0023000,1,長野県,ナガノケン,Nagano,,,,伊那市,イナシ,Ina-shi,,,,高遠町東高遠,タカトオマチヒガシタカトオ,Takatomachi Higashitakato,,,,,,,,0,0,0,0,0,0,1,1,1947-04-17,,0,3960213,,,,,,,,,,,,,,,
202096,0024000,1,長野県,ナガノケン,Nagano,,,,伊那市,イナシ,Ina-shi,,,,高遠町藤澤,タカトオマチフジサワ,Takatomachi Fujisawa,,,,,,,,0,0,0,0,0,0,1,1,1947-04-17,,0,3960301,,,,,,,,,,,,,,,
202096,0025000,1,長野県,ナガノケン,Nagano,,,,伊那市,イナシ,Ina-shi,,,,高遠町山室,タカトオマチヤマムロ,Takatomachi Yamamuro,,,,,,,,0,0,0,0,0,0,1,1,1947-04-17,,0,3960304,,,,,,,,,,,,,,,
202096,0026000,1,長野県,ナガノケン,Nagano,,,,伊那市,イナシ,Ina-shi,,,,中央,チュウオウ,Chuo,,,,,,,,0,0,0,0,0,0,1,1,1947-04-17,,0,3960015,,,,,,,,,,,,,,,
202096,0027000,1,長野県,ナガノケン,Nagano,,,,伊那市,イナシ,Ina-shi,,,,手良沢岡,テラサワオカ,Tera Sawaoka,,,,,,,,0,0,0,0,0,0,1,1,1947-04-17,,0,3960002,,,,,,,,,,,,,,,
202096,0028000,1,長野県,ナガノケン,Nagano,,,,伊那市,イナシ,Ina-shi,,,,手良中坪,テラナカツボ,Tera Nakatsubo,,,,,,,,0,0,0,0,0,0,1,1,1947-04-17,,0,3960004,,,,,,,,,,,,,,,
202096,0029000,1,長野県,ナガノケン,Nagano,,,,伊那市,イナシ,Ina-shi,,,,手良野口,テラノグチ,Tera Noguchi,,,,,,,,0,0,0,0,0,0,1,1,1947-04-17,,0,3960003,,,,,,,,,,,,,,,
202096,0030000,1,長野県,ナガノケン,Nagano,,,,伊那市,イナシ,Ina-shi,,,,富県,トミガタ,Tomigata,,,,,,,,0,0,0,0,0,0,1,1,1947-04-17,,0,3960621,,,,,,,,,,,,,,,
202096,0031000,1,長野県,ナガノケン,Nagano,,,,伊那市,イナシ,Ina-shi,,,,中の原,ナカノハラ,Nakanohara,,,,,,,,0,0,0,0,0,0,1,1,1947-04-17,,0,3960031,,,,,,,,,,,,,,,
202096,0032000,1,長野県,ナガノケン,Nagano,,,,伊那市,イナシ,Ina-shi,,,,西春近,ニシハルチカ,Nishiharuchika,,,,,,,,0,0,0,0,0,0,1,1,1947-04-17,,0,3994431,,,,,,,,,,,,,,,
202096,0033000,1,長野県,ナガノケン,Nagano,,,,伊那市,イナシ,Ina-shi,,,,西町,ニシマチ,Nishimachi,,,,,,,,0,0,0,0,0,0,1,1,1947-04-17,,0,3960026,,,,,,,,,,,,,,,
202096,0034000,1,長野県,ナガノケン,Nagano,,,,伊那市,イナシ,Ina-shi,,,,西箕輪,ニシミノワ,Nishiminowa,,,,,,,,0,0,0,0,0,0,1,1,1947-04-17,,0,3994501,,,,,,,,,,,,,,,
202096,0035000,1,長野県,ナガノケン,Nagano,,,,伊那市,イナシ,Ina-shi,,,,野底,ノソコ,Nosoko,,,,,,,,0,0,0,0,0,0,1,1,1947-04-17,,0,3960005,,,,,,,,,,,,,,,
202096,0036000,1,長野県,ナガノケン,Nagano,,,,伊那市,イナシ,Ina-shi,,,,長谷市野瀬,ハセイチノセ,Hase Ichinose,,,,,,,,0,0,0,0,0,0,1,1,1947-04-17,,0,3960405,,,,,,,,,,,,,,,
202096,0037000,1,長野県,ナガノケン,Nagano,,,,伊那市,イナシ,Ina-shi,,,,長谷浦,ハセウラ,Hase Ura,,,,,,,,0,0,0,0,0,0,1,1,1947-04-17,,0,3960407,,,,,,,,,,,,,,,
202096,0038000,1,長野県,ナガノケン,Nagano,,,,伊那市,イナシ,Ina-shi,,,,長谷黒河内,ハセクロゴウチ,Hase Kurogochi,,,,,,,,0,0,0,0,0,0,1,1,1947-04-17,,0,3960403,,,,,,,,,,,,,,,
202096,0039000,1,長野県,ナガノケン,Nagano,,,,伊那市,イナシ,Ina-shi,,,,長谷杉島,ハセスギシマ,Hase Sugishima,,,,,,,,0,0,0,0,0,0,1,1,1947-04-17,,0,3960406,,,,,,,,,,,,,,,
202096,0040000,1,長野県,ナガノケン,Nagano,,,,伊那市,イナシ,Ina-shi,,,,長谷中尾,ハセナカオ,Hase Nakao,,,,,,,,0,0,0,0,0,0,1,1,1947-04-17,,0,3960404,,,,,,,,,,,,,,,
202096,0041000,1,長野県,ナガノケン,Nagano,,,,伊那市,イナシ,Ina-shi,,,,長谷非持,ハセヒジ,Hase Hiji,,,,,,,,0,0,0,0,0,0,1,1,1947-04-17,,0,3960401,,,,,,,,,,,,,,,
202096,0042000,1,長野県,ナガノケン,Nagano,,,,伊那市,イナシ,Ina-shi,,,,長谷溝口,ハセミゾクチ,Hase Mizokuchi,,,,,,,,0,0,0,0,0,0,1,1,1947-04-17,,0,3960402,,,,,,,,,,,,,,,
202096,0043000,1,長野県,ナガノケン,Nagano,,,,伊那市,イナシ,Ina-shi,,,,日影,ヒカゲ,Hikage,,,,,,,,0,0,0,0,0,0,1,1,1947-04-17,,0,3960009,,,,,,,,,,,,,,,
202096,0044000,1,長野県,ナガノケン,Nagano,,,,伊那市,イナシ,Ina-shi,,,,東春近,ヒガシハルチカ,Higashiharuchika,,,,,,,,0,0,0,0,0,0,1,1,1947-04-17,,0,3994432,,,,,,,,,,,,,,,
202096,0045000,1,長野県,ナガノケン,Nagano,,,,伊那市,イナシ,Ina-shi,,,,平沢,ヒラサワ,Hirasawa,,,,,,,,0,0,0,0,0,0,1,1,1947-04-17,,0,3960030,,,,,,,,,,,,,,,
202096,0046000,1,長野県,ナガノケン,Nagano,,,,伊那市,イナシ,Ina-shi,,,,福島,フクジマ,Fukujima,,,,,,,,0,0,0,0,0,0,1,1,1947-04-17,,0,3960001,,,,,,,,,,,,,,,
202096,0047000,1,長野県,ナガノケン,Nagano,,,,伊那市,イナシ,Ina-shi,,,,前原,マエハラ,Maehara,,,,,,,,0,0,0,0,0,0,1,1,1947-04-17,,0,3960112,,,,,,,,,,,,,,,
202096,0048000,1,長野県,ナガノケン,Nagano,,,,伊那市,イナシ,Ina-shi,,,,ますみヶ丘,マスミガオカ,Masumigaoka,,,,,,,,0,0,0,0,0,0,1,1,1947-04-17,,0,3960027,,,,,,,,,,,,,,,
202096,0049000,1,長野県,ナガノケン,Nagano,,,,伊那市,イナシ,Ina-shi,,,,美篶,ミスズ,Misuzu,,,,,,,,0,0,0,0,0,0,1,1,1947-04-17,,0,3960111,,,,,,,,,,,,,,,
202096,0050000,1,長野県,ナガノケン,Nagano,,,,伊那市,イナシ,Ina-shi,,,,御園,ミソノ,Misono,,,,,,,,0,0,0,0,0,0,1,1,1947-04-17,,0,3960022,,,,,,,,,,,,,,,
202096,0051000,1,長野県,ナガノケン,Nagano,,,,伊那市,イナシ,Ina-shi,,,,美原,ミハラ,Mihara,,,,,,,,0,0,0,0,0,0,1,1,1947-04-17,,0,3960113,,,,,,,,,,,,,,,
202096,0052000,1,長野県,ナガノケン,Nagano,,,,伊那市,イナシ,Ina-shi,,,,山寺,ヤマデラ,Yamadera,,,,,,,,0,0,0,0,0,0,1,1,1947-04-17,,0,3960023,,,,,,,,,,,,,,,
202096,0053000,1,長野県,ナガノケン,Nagano,,,,伊那市,イナシ,Ina-shi,,,,横山,ヨコヤマ,Yokoyama,,,,,,,,0,0,0,0,0,0,1,1,1947-04-17,,0,3960029,,,,,,,,,,,,,,,
202096,0054000,1,長野県,ナガノケン,Nagano,,,,伊那市,イナシ,Ina-shi,,,,若宮,ワカミヤ,Wakamiya,,,,,,,,0,0,0,0,0,0,1,1,1947-04-17,,0,3960007,,,,,,,,,,,,,,,
202096,0063000,1,長野県,ナガノケン,Nagano,,,,伊那市,イナシ,Ina-shi,,,,南箕輪,ミナミミノワ,,,,,,,,,0,0,0,0,0,0,1,0,1947-04-17,,1,,,,,,,,,,,,,,,,
202096,0064000,1,長野県,ナガノケン,Nagano,,,,伊那市,イナシ,Ina-shi,,,,福島軒,フクシマ,,,,,,,,,0,0,0,0,0,0,1,0,1947-04-17,,1,,,,,,,,,,,,,,,,
202096,0065000,1,長野県,ナガノケン,Nagano,,,,伊那市,イナシ,Ina-shi,,,,西箕輪南,ニシミノワミナミ,,,,,,,,,0,0,0,0,0,0,1,0,1947-04-17,,1,,,,,,,,,,,,,,,,
202096,0066000,1,長野県,ナガノケン,Nagano,,,,伊那市,イナシ,Ina-shi,,,,高遠町小原西,タカトオマチオハラニシ,,,,,,,,,0,0,0,0,0,0,1,0,1947-04-17,,1,,,,,,,,,,,,,,,,
202096,0067000,1,長野県,ナガノケン,Nagano,,,,伊那市,イナシ,Ina-shi,,,,高遠町芝平藤,タカトオマチシヒラ,,,,,,,,,0,0,0,0,0,0,1,0,1947-04-17,,1,,,,,,,,,,,,,,,,
202096,0068000,1,長野県,ナガノケン,Nagano,,,,伊那市,イナシ,Ina-shi,,,,高遠町芝平長,タカトオマチシヒラ,,,,,,,,,0,0,0,0,0,0,1,0,1947-04-17,,1,,,,,,,,,,,,,,,,
202096,0069000,1,長野県,ナガノケン,Nagano,,,,伊那市,イナシ,Ina-shi,,,,高遠町藤澤荒,タカトオマチフジサワ,,,,,,,,,0,0,0,0,0,0,1,0,1947-04-17,,1,,,,,,,,,,,,,,,,
202100,0001000,1,長野県,ナガノケン,Nagano,,,,駒ヶ根市,コマガネシ,Komagane-shi,,,,赤須東,アカスヒガシ,Akazuhigashi,,,,,,,,1,1,0,0,0,0,1,1,1947-04-17,,0,3994105,,,,,,,,,,,,,,,
202100,0002000,1,長野県,ナガノケン,Nagano,,,,駒ヶ根市,コマガネシ,Komagane-shi,,,,赤須町,アカスマチ,Akazumachi,,,,,,,,1,1,0,0,0,0,1,1,1947-04-17,,0,3994113,,,,,,,,,,,,,,,
202100,0003000,1,長野県,ナガノケン,Nagano,,,,駒ヶ根市,コマガネシ,Komagane-shi,,,,赤穂,アカホ,Akaho,,,,,,,,0,0,0,0,0,0,1,1,1947-04-17,,0,3994117,,,,,,,,,,,,,,,
202100,0003000,1,長野県,ナガノケン,Nagano,,,,駒ヶ根市,コマガネシ,Komagane-shi,,,,赤穂,アカホ,Akaho,,,,,,,,1,1,0,0,0,0,1,1,1947-04-17,,0,3994117,,,,,,,,,,,,,,,
202100,0004001,2,長野県,ナガノケン,Nagano,,,,駒ヶ根市,コマガネシ,Komagane-shi,,,,飯坂,イイザカ,Iizaka,１丁目,１チョウメ,1,,,,,1,1,0,0,0,0,1,1,1947-04-17,,0,,,,,,,,,,,,,,,,
202100,0004002,2,長野県,ナガノケン,Nagano,,,,駒ヶ根市,コマガネシ,Komagane-shi,,,,飯坂,イイザカ,Iizaka,２丁目,２チョウメ,2,,,,,1,1,0,0,0,0,1,1,1947-04-17,,0,,,,,,,,,,,,,,,,
202100,0005000,1,長野県,ナガノケン,Nagano,,,,駒ヶ根市,コマガネシ,Komagane-shi,,,,上穂北,ウワブキタ,Uwabu Kita,,,,,,,,1,1,0,0,0,0,1,1,1947-04-17,,0,3994116,,,,,,,,,,,,,,,
202100,0006000,1,長野県,ナガノケン,Nagano,,,,駒ヶ根市,コマガネシ,Komagane-shi,,,,上穂栄町,ウワブサカエマチ,Uwabu Sakaemachi,,,,,,,,1,1,0,0,0,0,1,1,1947-04-17,,0,3994115,,,,,,,,,,,,,,,
202100,0007000,1,長野県,ナガノケン,Nagano,,,,駒ヶ根市,コマガネシ,Komagane-shi,,,,上穂南,ウワブミナミ,Uwabu Minami,,,,,,,,1,1,0,0,0,0,1,1,1947-04-17,,0,3994114,,,,,,,,,,,,,,,
202100,0008000,1,長野県,ナガノケン,Nagano,,,,駒ヶ根市,コマガネシ,Komagane-shi,,,,北町,キタマチ,Kitamachi,,,,,,,,1,1,0,0,0,0,1,1,1947-04-17,,0,3994111,,,,,,,,,,,,,,,
202100,0009000,1,長野県,ナガノケン,Nagano,,,,駒ヶ根市,コマガネシ,Komagane-shi,,,,経塚,キョウヅカ,Kyozuka,,,,,,,,1,1,0,0,0,0,1,1,1947-04-17,,0,3994104,,,,,,,,,,,,,,,
202100,0010000,1,長野県,ナガノケン,Nagano,,,,駒ヶ根市,コマガネシ,Komagane-shi,,,,下市場,シモイチバ,Shimoichiba,,,,,,,,1,1,0,0,0,0,1,1,1947-04-17,,0,3994108,,,,,,,,,,,,,,,
202100,0011000,1,長野県,ナガノケン,Nagano,,,,駒ヶ根市,コマガネシ,Komagane-shi,,,,下平,シモダイラ,,,,,,,,,0,0,0,0,0,0,1,1,1947-04-17,,0,,,,,,,,,,,,,,,,
202100,0011000,1,長野県,ナガノケン,Nagano,,,,駒ヶ根市,コマガネシ,Komagane-shi,,,,下平,シモダイラ,,,,,,,,,1,1,0,0,0,0,1,1,1947-04-17,,0,,,,,,,,,,,,,,,,
202100,0012000,1,長野県,ナガノケン,Nagano,,,,駒ヶ根市,コマガネシ,Komagane-shi,,,,中央,チュウオウ,Chuo,,,,,,,,1,1,0,0,0,0,1,1,1947-04-17,,0,3994112,,,,,,,,,,,,,,,
202100,0013000,1,長野県,ナガノケン,Nagano,,,,駒ヶ根市,コマガネシ,Komagane-shi,,,,中沢,ナカザワ,Nakazawa,,,,,,,,0,0,0,0,0,0,1,1,1947-04-17,,0,3994231,,,,,,,,,,,,,,,
202100,0014000,1,長野県,ナガノケン,Nagano,,,,駒ヶ根市,コマガネシ,Komagane-shi,,,,梨の木,ナシノキ,Nashinoki,,,,,,,,1,1,0,0,0,0,1,1,1947-04-17,,0,3994103,,,,,,,,,,,,,,,
202100,0015000,1,長野県,ナガノケン,Nagano,,,,駒ヶ根市,コマガネシ,Komagane-shi,,,,東伊那,ヒガシイナ,Higashiina,,,,,,,,0,0,0,0,0,0,1,1,1947-04-17,,0,3994321,,,,,,,,,,,,,,,
202100,0016000,1,長野県,ナガノケン,Nagano,,,,駒ヶ根市,コマガネシ,Komagane-shi,,,,東町,ヒガシマチ,Higashimachi,,,,,,,,1,1,0,0,0,0,1,1,1947-04-17,,0,3994106,,,,,,,,,,,,,,,
202100,0017000,1,長野県,ナガノケン,Nagano,,,,駒ヶ根市,コマガネシ,Komagane-shi,,,,南田,ミナミダ,Minamida,,,,,,,,1,1,0,0,0,0,1,1,1947-04-17,,0,3994107,,,,,,,,,,,,,,,
202118,0001000,1,長野県,ナガノケン,Nagano,,,,中野市,ナカノシ,Nakano-shi,,,,大字赤岩,オオアザアカイワ,Akaiwa,,,,,,,,0,0,0,0,0,0,1,1,1947-04-17,,0,3830004,,,,,,,,,,,,,,,
202118,0002000,1,長野県,ナガノケン,Nagano,,,,中野市,ナカノシ,Nakano-shi,,,,大字厚貝,オオアザアッカイ,Akkai,,,,,,,,0,0,0,0,0,0,1,1,1947-04-17,,0,3830066,,,,,,,,,,,,,,,
202118,0003000,1,長野県,ナガノケン,Nagano,,,,中野市,ナカノシ,Nakano-shi,,,,大字穴田,オオアザアナダ,Anada,,,,,,,,0,0,0,0,0,0,1,1,1947-04-17,,0,3892103,,,,,,,,,,,,,,,
202118,0004000,1,長野県,ナガノケン,Nagano,,,,中野市,ナカノシ,Nakano-shi,,,,大字新井,オオアザアライ,Arai,,,,,,,,0,0,0,0,0,0,1,1,1947-04-17,,0,3830064,,,,,,,,,,,,,,,
202118,0005000,1,長野県,ナガノケン,Nagano,,,,中野市,ナカノシ,Nakano-shi,,,,大字安源寺,オオアザアゲンジ,Angenji,,,,,,,,0,0,0,0,0,0,1,1,1947-04-17,,0,3830052,,,,,,,,,,,,,,,
202118,0006000,1,長野県,ナガノケン,Nagano,,,,中野市,ナカノシ,Nakano-shi,,,,大字一本木,オオアザイッポンギ,Ippongi,,,,,,,,0,0,0,0,0,0,1,1,1947-04-17,,0,3830012,,,,,,,,,,,,,,,
202118,0007000,1,長野県,ナガノケン,Nagano,,,,中野市,ナカノシ,Nakano-shi,,,,大字岩井,オオアザイワイ,Iwai,,,,,,,,0,0,0,0,0,0,1,1,1947-04-17,,0,3830001,,,,,,,,,,,,,,,
202118,0008000,1,長野県,ナガノケン,Nagano,,,,中野市,ナカノシ,Nakano-shi,,,,大字岩船,オオアザイワフネ,Iwafune,,,,,,,,0,0,0,0,0,0,1,1,1947-04-17,,0,3830041,,,,,,,,,,,,,,,
202118,0009000,1,長野県,ナガノケン,Nagano,,,,中野市,ナカノシ,Nakano-shi,,,,大字牛出,オオアザウシイデ,Ushiide,,,,,,,,0,0,0,0,0,0,1,1,1947-04-17,,0,3830055,,,,,,,,,,,,,,,
202118,0010000,1,長野県,ナガノケン,Nagano,,,,中野市,ナカノシ,Nakano-shi,,,,大字江部,オオアザエベ,Ebe,,,,,,,,0,0,0,0,0,0,1,1,1947-04-17,,0,3830045,,,,,,,,,,,,,,,
202118,0011000,1,長野県,ナガノケン,Nagano,,,,中野市,ナカノシ,Nakano-shi,,,,大字大俣,オオアザオオマタ,Omata,,,,,,,,0,0,0,0,0,0,1,1,1947-04-17,,0,3830057,,,,,,,,,,,,,,,
202118,0012000,1,長野県,ナガノケン,Nagano,,,,中野市,ナカノシ,Nakano-shi,,,,大字笠原,オオアザカサハラ,Kasahara,,,,,,,,0,0,0,0,0,0,1,1,1947-04-17,,0,3830062,,,,,,,,,,,,,,,
202118,0013000,1,長野県,ナガノケン,Nagano,,,,中野市,ナカノシ,Nakano-shi,,,,大字片塩,オオアザカタシオ,Katashio,,,,,,,,0,0,0,0,0,0,1,1,1947-04-17,,0,3830046,,,,,,,,,,,,,,,
202118,0014000,1,長野県,ナガノケン,Nagano,,,,中野市,ナカノシ,Nakano-shi,,,,大字金井,オオアザカナイ,Kanai,,,,,,,,0,0,0,0,0,0,1,1,1947-04-17,,0,3830008,,,,,,,,,,,,,,,
202118,0015000,1,長野県,ナガノケン,Nagano,,,,中野市,ナカノシ,Nakano-shi,,,,大字上今井,オオアザカミイマイ,Kamiimai,,,,,,,,0,0,0,0,0,0,1,1,1947-04-17,,0,3892102,,,,,,,,,,,,,,,
202118,0016000,1,長野県,ナガノケン,Nagano,,,,中野市,ナカノシ,Nakano-shi,,,,大字草間,オオアザクサマ,Kusama,,,,,,,,0,0,0,0,0,0,1,1,1947-04-17,,0,3830053,,,,,,,,,,,,,,,
202118,0017000,1,長野県,ナガノケン,Nagano,,,,中野市,ナカノシ,Nakano-shi,,,,大字栗林,オオアザクリバヤシ,Kuribayashi,,,,,,,,0,0,0,0,0,0,1,1,1947-04-17,,0,3830056,,,,,,,,,,,,,,,
202118,0018000,1,長野県,ナガノケン,Nagano,,,,中野市,ナカノシ,Nakano-shi,,,,大字越,オオアザコシ,Koshi,,,,,,,,0,0,0,0,0,0,1,1,1947-04-17,,0,3830005,,,,,,,,,,,,,,,
202118,0019000,1,長野県,ナガノケン,Nagano,,,,中野市,ナカノシ,Nakano-shi,,,,大字小田中,オオアザコダナカ,Kodanaka,,,,,,,,0,0,0,0,0,0,1,1,1947-04-17,,0,3830037,,,,,,,,,,,,,,,
202118,0020000,1,長野県,ナガノケン,Nagano,,,,中野市,ナカノシ,Nakano-shi,,,,大字桜沢,オオアザサクラサワ,Sakurasawa,,,,,,,,0,0,0,0,0,0,1,1,1947-04-17,,0,3830044,,,,,,,,,,,,,,,
202118,0021000,1,長野県,ナガノケン,Nagano,,,,中野市,ナカノシ,Nakano-shi,,,,大字更科,オオアザサラシナ,Sarashina,,,,,,,,0,0,0,0,0,0,1,1,1947-04-17,,0,3830032,,,,,,,,,,,,,,,
202118,0022000,1,長野県,ナガノケン,Nagano,,,,中野市,ナカノシ,Nakano-shi,,,,大字篠井,オオアザシノイ,Shinoi,,,,,,,,0,0,0,0,0,0,1,1,1947-04-17,,0,3830035,,,,,,,,,,,,,,,
202118,0023000,1,長野県,ナガノケン,Nagano,,,,中野市,ナカノシ,Nakano-shi,,,,大字新野,オオアザシンノ,Shinno,,,,,,,,0,0,0,0,0,0,1,1,1947-04-17,,0,3830034,,,,,,,,,,,,,,,
202118,0024000,1,長野県,ナガノケン,Nagano,,,,中野市,ナカノシ,Nakano-shi,,,,大字新保,オオアザシンボ,Shimbo,,,,,,,,0,0,0,0,0,0,1,1,1947-04-17,,0,3830036,,,,,,,,,,,,,,,
202118,0025000,1,長野県,ナガノケン,Nagano,,,,中野市,ナカノシ,Nakano-shi,,,,大字田上,オオアザタガミ,,,,,,,,,0,0,0,0,0,0,1,1,1947-04-17,,0,,,,,,,,,,,,,,,,
202118,0026000,1,長野県,ナガノケン,Nagano,,,,中野市,ナカノシ,Nakano-shi,,,,大字竹原,オオアザタケハラ,Takehara,,,,,,,,0,0,0,0,0,0,1,1,1947-04-17,,0,3830007,,,,,,,,,,,,,,,
202118,0027000,1,長野県,ナガノケン,Nagano,,,,中野市,ナカノシ,Nakano-shi,,,,大字立ケ花,オオアザタテガハナ,Tategahana,,,,,,,,0,0,0,0,0,0,1,1,1947-04-17,,0,3830054,,,,,,,,,,,,,,,
202118,0028000,1,長野県,ナガノケン,Nagano,,,,中野市,ナカノシ,Nakano-shi,,,,大字田麦,オオアザタムギ,Tamugi,,,,,,,,0,0,0,0,0,0,1,1,1947-04-17,,0,3830065,,,,,,,,,,,,,,,
202118,0029000,1,長野県,ナガノケン,Nagano,,,,中野市,ナカノシ,Nakano-shi,,,,大字豊津,オオアザトヨツ,Toyotsu,,,,,,,,0,0,0,0,0,0,1,1,1947-04-17,,0,3892101,,,,,,,,,,,,,,,
202118,0030000,1,長野県,ナガノケン,Nagano,,,,中野市,ナカノシ,Nakano-shi,,,,大字永江,オオアザナガエ,Nagae,,,,,,,,0,0,0,0,0,0,1,1,1947-04-17,,0,3892104,,,,,,,,,,,,,,,
202118,0031000,1,長野県,ナガノケン,Nagano,,,,中野市,ナカノシ,Nakano-shi,,,,大字中野,オオアザナカノ,Nakano,,,,,,,,0,0,0,0,0,0,1,1,1947-04-17,,0,3830013,,,,,,,,,,,,,,,
202118,0032000,1,長野県,ナガノケン,Nagano,,,,中野市,ナカノシ,Nakano-shi,,,,大字七瀬,オオアザナナセ,Nanase,,,,,,,,0,0,0,0,0,0,1,1,1947-04-17,,0,3830051,,,,,,,,,,,,,,,
202118,0033000,1,長野県,ナガノケン,Nagano,,,,中野市,ナカノシ,Nakano-shi,,,,大字西条,オオアザニシジョウ,Nishijo,,,,,,,,0,0,0,0,0,0,1,1,1947-04-17,,0,3830042,,,,,,,,,,,,,,,
202118,0034000,1,長野県,ナガノケン,Nagano,,,,中野市,ナカノシ,Nakano-shi,,,,大字深沢,オオアザフカサワ,Fukasawa,,,,,,,,0,0,0,0,0,0,1,1,1947-04-17,,0,3830006,,,,,,,,,,,,,,,
202118,0035000,1,長野県,ナガノケン,Nagano,,,,中野市,ナカノシ,Nakano-shi,,,,大字壁田,オオアザヘキダ,Hekida,,,,,,,,0,0,0,0,0,0,1,1,1947-04-17,,0,3830061,,,,,,,,,,,,,,,
202118,0036000,1,長野県,ナガノケン,Nagano,,,,中野市,ナカノシ,Nakano-shi,,,,大字間長瀬,オオアザマナガセ,Managase,,,,,,,,0,0,0,0,0,0,1,1,1947-04-17,,0,3830063,,,,,,,,,,,,,,,
202118,0037000,1,長野県,ナガノケン,Nagano,,,,中野市,ナカノシ,Nakano-shi,,,,大字間山,オオアザマヤマ,Mayama,,,,,,,,0,0,0,0,0,0,1,1,1947-04-17,,0,3830033,,,,,,,,,,,,,,,
202118,0038000,1,長野県,ナガノケン,Nagano,,,,中野市,ナカノシ,Nakano-shi,,,,大字三ツ和,オオアザミツワ,Mitsuwa,,,,,,,,0,0,0,0,0,0,1,1,1947-04-17,,0,3830043,,,,,,,,,,,,,,,
202118,0039000,1,長野県,ナガノケン,Nagano,,,,中野市,ナカノシ,Nakano-shi,,,,大字柳沢,オオアザヤナギサワ,Yanagisawa,,,,,,,,0,0,0,0,0,0,1,1,1947-04-17,,0,3830003,,,,,,,,,,,,,,,
202118,0040000,1,長野県,ナガノケン,Nagano,,,,中野市,ナカノシ,Nakano-shi,,,,大字吉田,オオアザヨシダ,Yoshida,,,,,,,,0,0,0,0,0,0,1,1,1947-04-17,,0,3830015,,,,,,,,,,,,,,,
202118,0041000,1,長野県,ナガノケン,Nagano,,,,中野市,ナカノシ,Nakano-shi,,,,大字若宮,オオアザワカミヤ,Wakamiya,,,,,,,,0,0,0,0,0,0,1,1,1947-04-17,,0,3830011,,,,,,,,,,,,,,,
202118,0042000,1,長野県,ナガノケン,Nagano,,,,中野市,ナカノシ,Nakano-shi,,,,小舘,オタテ,Otate,,,,,,,,0,0,0,0,0,0,1,1,1947-04-17,,0,3830023,,,,,,,,,,,,,,,
202118,0043000,1,長野県,ナガノケン,Nagano,,,,中野市,ナカノシ,Nakano-shi,,,,諏訪町,スワチョウ,Suwacho,,,,,,,,0,0,0,0,0,0,1,1,1947-04-17,,0,3830014,,,,,,,,,,,,,,,
202118,0044001,2,長野県,ナガノケン,Nagano,,,,中野市,ナカノシ,Nakano-shi,,,,中央,チュウオウ,Chuo,一丁目,１チョウメ,1,,,,,0,0,0,0,0,0,1,1,1947-04-17,,0,,,,,,,,,,,,,,,,
202118,0044002,2,長野県,ナガノケン,Nagano,,,,中野市,ナカノシ,Nakano-shi,,,,中央,チュウオウ,Chuo,二丁目,２チョウメ,2,,,,,0,0,0,0,0,0,1,1,1947-04-17,,0,,,,,,,,,,,,,,,,
202118,0044003,2,長野県,ナガノケン,Nagano,,,,中野市,ナカノシ,Nakano-shi,,,,中央,チュウオウ,Chuo,三丁目,３チョウメ,3,,,,,0,0,0,0,0,0,1,1,1947-04-17,,0,,,,,,,,,,,,,,,,
202118,0044004,2,長野県,ナガノケン,Nagano,,,,中野市,ナカノシ,Nakano-shi,,,,中央,チュウオウ,Chuo,四丁目,４チョウメ,4,,,,,0,0,0,0,0,0,1,1,1947-04-17,,0,,,,,,,,,,,,,,,,
202118,0045000,1,長野県,ナガノケン,Nagano,,,,中野市,ナカノシ,Nakano-shi,,,,南宮,ナングウ,Nangu,,,,,,,,0,0,0,0,0,0,1,1,1947-04-17,,0,3830031,,,,,,,,,,,,,,,
202118,0046001,2,長野県,ナガノケン,Nagano,,,,中野市,ナカノシ,Nakano-shi,,,,西,ニシ,Nishi,一丁目,１チョウメ,1,,,,,0,0,0,0,0,0,1,1,1947-04-17,,0,,,,,,,,,,,,,,,,
202118,0046002,2,長野県,ナガノケン,Nagano,,,,中野市,ナカノシ,Nakano-shi,,,,西,ニシ,Nishi,二丁目,２チョウメ,2,,,,,0,0,0,0,0,0,1,1,1947-04-17,,0,,,,,,,,,,,,,,,,
202118,0047000,1,長野県,ナガノケン,Nagano,,,,中野市,ナカノシ,Nakano-shi,,,,東山,ヒガシヤマ,Higashiyama,,,,,,,,0,0,0,0,0,0,1,1,1947-04-17,,0,3830024,,,,,,,,,,,,,,,
202118,0048001,2,長野県,ナガノケン,Nagano,,,,中野市,ナカノシ,Nakano-shi,,,,三好町,ミヨシチョウ,Miyoshicho,一丁目,１チョウメ,1,,,,,0,0,0,0,0,0,1,1,1947-04-17,,0,,,,,,,,,,,,,,,,
202118,0048002,2,長野県,ナガノケン,Nagano,,,,中野市,ナカノシ,Nakano-shi,,,,三好町,ミヨシチョウ,Miyoshicho,二丁目,２チョウメ,2,,,,,0,0,0,0,0,0,1,1,1947-04-17,,0,,,,,,,,,,,,,,,,
202126,0001000,1,長野県,ナガノケン,Nagano,,,,大町市,オオマチシ,Omachi-shi,,,,大町,オオマチ,Omachi,,,,,,,,0,0,0,0,0,0,1,1,1947-04-17,,0,3980002,,,,,,,,,,,,,,,
202126,0002000,1,長野県,ナガノケン,Nagano,,,,大町市,オオマチシ,Omachi-shi,,,,平,タイラ,Taira,,,,,,,,0,0,0,0,0,0,1,1,1947-04-17,,0,3980001,,,,,,,,,,,,,,,
202126,0003000,1,長野県,ナガノケン,Nagano,,,,大町市,オオマチシ,Omachi-shi,,,,常盤,トキワ,Tokiwa,,,,,,,,0,0,0,0,0,0,1,1,1947-04-17,,0,3980004,,,,,,,,,,,,,,,
202126,0006000,1,長野県,ナガノケン,Nagano,,,,大町市,オオマチシ,Omachi-shi,,,,八坂菖蒲,ヤサカショウブ,Yasakashobu,,,,,,,,0,0,0,0,0,0,1,1,1947-04-17,,0,3997302,,,,,,,,,,,,,,,
202126,0007000,1,長野県,ナガノケン,Nagano,,,,大町市,オオマチシ,Omachi-shi,,,,社,ヤシロ,Yashiro,,,,,,,,0,0,0,0,0,0,1,1,1947-04-17,,0,3980003,,,,,,,,,,,,,,,
202126,0012000,1,長野県,ナガノケン,Nagano,,,,大町市,オオマチシ,Omachi-shi,,,,美麻,ミアサ,Miasa,,,,,,,,0,0,0,0,0,0,1,1,1947-04-17,,0,3999101,,,,,,,,,,,,,,,
202126,0017000,1,長野県,ナガノケン,Nagano,,,,大町市,オオマチシ,Omachi-shi,,,,八坂,ヤサカ,Yasaka,,,,,,,,0,0,0,0,0,0,1,1,1947-04-17,,0,3997301,,,,,,,,,,,,,,,
202134,0001000,1,長野県,ナガノケン,Nagano,,,,飯山市,イイヤマシ,Iiyama-shi,,,,大字旭,オオアザアサヒ,Asahi,,,,,,,,0,0,0,0,0,0,1,1,1947-04-17,,0,3892251,,,,,,,,,,,,,,,
202134,0002000,1,長野県,ナガノケン,Nagano,,,,飯山市,イイヤマシ,Iiyama-shi,,,,大字一山,オオアザイチヤマ,Ichiyama,,,,,,,,0,0,0,0,0,0,1,1,1947-04-17,,0,3892602,,,,,,,,,,,,,,,
202134,0003000,1,長野県,ナガノケン,Nagano,,,,飯山市,イイヤマシ,Iiyama-shi,,,,大字大池,オオアザオオイケ,Oike,,,,,,,,0,0,0,0,0,0,1,1,1947-04-17,,0,3892415,,,,,,,,,,,,,,,
202134,0004000,1,長野県,ナガノケン,Nagano,,,,飯山市,イイヤマシ,Iiyama-shi,,,,大字小沼,オオアザオヌマ,,,,,,,,,0,0,0,0,0,0,1,1,1947-04-17,,0,,,,,,,,,,,,,,,,
202134,0005000,1,長野県,ナガノケン,Nagano,,,,飯山市,イイヤマシ,Iiyama-shi,,,,大字木島,オオアザキジマ,Kijima,,,,,,,,0,0,0,0,0,0,1,1,1947-04-17,,0,3892234,,,,,,,,,,,,,,,
202134,0005134,3,長野県,ナガノケン,Nagano,,,,飯山市,イイヤマシ,Iiyama-shi,,,,大字木島,オオアザキジマ,,,,,安田地区,,,,0,0,0,0,0,0,1,0,1947-04-17,,1,,,,,,,,,,,,,,,,
202134,0005135,3,長野県,ナガノケン,Nagano,,,,飯山市,イイヤマシ,Iiyama-shi,,,,大字木島,オオアザキジマ,,,,,安田地区以外,,,,0,0,0,0,0,0,1,0,1947-04-17,,1,,,,,,,,,,,,,,,,
202134,0006000,1,長野県,ナガノケン,Nagano,,,,飯山市,イイヤマシ,Iiyama-shi,,,,大字小佐原,オオアザコザワラ,Kozawara,,,,,,,,0,0,0,0,0,0,1,1,1947-04-17,,0,3892252,,,,,,,,,,,,,,,
202134,0007000,1,長野県,ナガノケン,Nagano,,,,飯山市,イイヤマシ,Iiyama-shi,,,,大字寿,オオアザコトブキ,Kotobuki,,,,,,,,0,0,0,0,0,0,1,1,1947-04-17,,0,3892418,,,,,,,,,,,,,,,
202134,0008000,1,長野県,ナガノケン,Nagano,,,,飯山市,イイヤマシ,Iiyama-shi,,,,大字坂井,オオアザサカイ,Sakai,,,,,,,,0,0,0,0,0,0,1,1,1947-04-17,,0,3892235,,,,,,,,,,,,,,,
202134,0009000,1,長野県,ナガノケン,Nagano,,,,飯山市,イイヤマシ,Iiyama-shi,,,,大字静間,オオアザシズマ,Shizuma,,,,,,,,0,0,0,0,0,0,1,1,1947-04-17,,0,3892255,,,,,,,,,,,,,,,
202134,0010000,1,長野県,ナガノケン,Nagano,,,,飯山市,イイヤマシ,Iiyama-shi,,,,大字下木島,オオアザシモキジマ,Shimokijima,,,,,,,,0,0,0,0,0,0,1,1,1947-04-17,,0,3892232,,,,,,,,,,,,,,,
202134,0011000,1,長野県,ナガノケン,Nagano,,,,飯山市,イイヤマシ,Iiyama-shi,,,,大字其綿,オオアザソノワタ,Sonowata,,,,,,,,0,0,0,0,0,0,1,1,1947-04-17,,0,3892242,,,,,,,,,,,,,,,
202134,0012000,1,長野県,ナガノケン,Nagano,,,,飯山市,イイヤマシ,Iiyama-shi,,,,大字照岡,オオアザテルオカ,Teruoka,,,,,,,,0,0,0,0,0,0,1,1,1947-04-17,,0,3892601,,,,,,,,,,,,,,,
202134,0013000,1,長野県,ナガノケン,Nagano,,,,飯山市,イイヤマシ,Iiyama-shi,,,,大字照里,オオアザテルサト,Terusato,,,,,,,,0,0,0,0,0,0,1,1,1947-04-17,,0,3892413,,,,,,,,,,,,,,,
202134,0014000,1,長野県,ナガノケン,Nagano,,,,飯山市,イイヤマシ,Iiyama-shi,,,,大字天神堂,オオアザテンジンドウ,Tenshindo,,,,,,,,0,0,0,0,0,0,1,1,1947-04-17,,0,3892231,,,,,,,,,,,,,,,
202134,0015000,1,長野県,ナガノケン,Nagano,,,,飯山市,イイヤマシ,Iiyama-shi,,,,大字常郷,オオアザトキサト,Tokisato,,,,,,,,0,0,0,0,0,0,1,1,1947-04-17,,0,3892412,,,,,,,,,,,,,,,
202134,0016000,1,長野県,ナガノケン,Nagano,,,,飯山市,イイヤマシ,Iiyama-shi,,,,大字常盤,オオアザトキワ,Tokiwa,,,,,,,,0,0,0,0,0,0,1,1,1947-04-17,,0,3892414,,,,,,,,,,,,,,,
202134,0017000,1,長野県,ナガノケン,Nagano,,,,飯山市,イイヤマシ,Iiyama-shi,,,,大字富倉,オオアザトミクラ,Tomikura,,,,,,,,0,0,0,0,0,0,1,1,1947-04-17,,0,3892258,,,,,,,,,,,,,,,
202134,0018000,1,長野県,ナガノケン,Nagano,,,,飯山市,イイヤマシ,Iiyama-shi,,,,大字豊田,オオアザトヨダ,Toyoda,,,,,,,,0,0,0,0,0,0,1,1,1947-04-17,,0,3892411,,,,,,,,,,,,,,,
202134,0019000,1,長野県,ナガノケン,Nagano,,,,飯山市,イイヤマシ,Iiyama-shi,,,,大字中曽根,オオアザナカソネ,Nakasone,,,,,,,,0,0,0,0,0,0,1,1,1947-04-17,,0,3892417,,,,,,,,,,,,,,,
202134,0020000,1,長野県,ナガノケン,Nagano,,,,飯山市,イイヤマシ,Iiyama-shi,,,,大字野坂田,オオアザノサカダ,Nosakada,,,,,,,,0,0,0,0,0,0,1,1,1947-04-17,,0,3892233,,,,,,,,,,,,,,,
202134,0021000,1,長野県,ナガノケン,Nagano,,,,飯山市,イイヤマシ,Iiyama-shi,,,,大字蓮,オオアザハチス,Hachisu,,,,,,,,0,0,0,0,0,0,1,1,1947-04-17,,0,3892256,,*_*_MJ022605,,,,,,,,,,,,,
202134,0022000,1,長野県,ナガノケン,Nagano,,,,飯山市,イイヤマシ,Iiyama-shi,,,,大字東小沼,オオアザヒガシオヌマ,,,,,,,,,0,0,0,0,0,0,1,1,1947-04-17,,0,,,,,,,,,,,,,,,,
202134,0023000,1,長野県,ナガノケン,Nagano,,,,飯山市,イイヤマシ,Iiyama-shi,,,,大字瑞穂,オオアザミズホ,Mizuho,,,,,,,,0,0,0,0,0,0,1,1,1947-04-17,,0,3892322,,,,,,,,,,,,,,,
202134,0024000,1,長野県,ナガノケン,Nagano,,,,飯山市,イイヤマシ,Iiyama-shi,,,,大字瑞穂豊,オオアザミズホトヨ,Mizuhotoyo,,,,,,,,0,0,0,0,0,0,1,1,1947-04-17,,0,3892321,,,,,,,,,,,,,,,
202134,0025000,1,長野県,ナガノケン,Nagano,,,,飯山市,イイヤマシ,Iiyama-shi,,,,大字緑,オオアザミドリ,Midori,,,,,,,,0,0,0,0,0,0,1,1,1947-04-17,,0,3892416,,,,,,,,,,,,,,,
202134,0026000,1,長野県,ナガノケン,Nagano,,,,飯山市,イイヤマシ,Iiyama-shi,,,,大字山岸,オオアザヤマギシ,Yamagishi,,,,,,,,0,0,0,0,0,0,1,1,1947-04-17,,0,3892241,,,,,,,,,,,,,,,
202134,0027000,1,長野県,ナガノケン,Nagano,,,,飯山市,イイヤマシ,Iiyama-shi,,,,大字吉,オオアザヨシ,Yoshi,,,,,,,,0,0,0,0,0,0,1,1,1947-04-17,,0,3892243,,,,,,,,,,,,,,,
202134,0028000,1,長野県,ナガノケン,Nagano,,,,飯山市,イイヤマシ,Iiyama-shi,,,,大字飯山,オオアザイイヤマ,Iiyama,,,,,,,,0,0,0,0,0,0,1,1,1947-04-17,,0,3892253,,,,,,,,,,,,,,,
202134,0028205,3,長野県,ナガノケン,Nagano,,,,飯山市,イイヤマシ,Iiyama-shi,,,,大字飯山,オオアザイイヤマ,,,,,斑尾地区,,,,0,0,0,0,0,0,1,0,1947-04-17,,1,,,,,,,,,,,,,,,,
202134,0028206,3,長野県,ナガノケン,Nagano,,,,飯山市,イイヤマシ,Iiyama-shi,,,,大字飯山,オオアザイイヤマ,,,,,斑尾地区以外,,,,0,0,0,1,0,0,1,0,1947-04-17,,1,,,,,,,,,,,,,,,,
202134,0029000,1,長野県,ナガノケン,Nagano,,,,飯山市,イイヤマシ,Iiyama-shi,,,,南町,ミナミマチ,Minamimachi,,,,,,,,0,0,0,0,0,0,1,1,1947-04-17,,0,3892254,,,,,,,,,,,,,,,
202142,0001000,1,長野県,ナガノケン,Nagano,,,,茅野市,チノシ,Chino-shi,,,,泉野,イズミノ,Izumino,,,,,,,,0,0,0,0,0,0,1,1,1947-04-17,,0,3910214,,,,,,,,,,,,,,,
202142,0002000,1,長野県,ナガノケン,Nagano,,,,茅野市,チノシ,Chino-shi,,,,金沢,カナザワ,Kanazawa,,,,,,,,0,0,0,0,0,0,1,1,1947-04-17,,0,3910012,,,,,,,,,,,,,,,
202142,0003000,1,長野県,ナガノケン,Nagano,,,,茅野市,チノシ,Chino-shi,,,,北山,キタヤマ,,,,,,,,,0,0,0,0,0,0,1,1,1947-04-17,,0,,,,,,,,,,,,,,,,
202142,0004000,1,長野県,ナガノケン,Nagano,,,,茅野市,チノシ,Chino-shi,,,,湖東,コヒガシ,Kohigashi,,,,,,,,0,0,0,0,0,0,1,1,1947-04-17,,0,3910211,,,,,,,,,,,,,,,
202142,0005000,1,長野県,ナガノケン,Nagano,,,,茅野市,チノシ,Chino-shi,,,,城山,ジョウヤマ,Joyama,,,,,,,,1,1,0,0,0,0,1,1,1947-04-17,,0,3910004,,,,,,,,,,,,,,,
202142,0006000,1,長野県,ナガノケン,Nagano,,,,茅野市,チノシ,Chino-shi,,,,玉川,タマガワ,Tamagawa,,,,,,,,0,0,0,0,0,0,1,1,1947-04-17,,0,3910011,,,,,,,,,,,,,,,
202142,0007000,1,長野県,ナガノケン,Nagano,,,,茅野市,チノシ,Chino-shi,,,,ちの,チノ,Chino,,,,,,,,0,0,0,0,0,0,1,1,1947-04-17,,0,3910001,,,,,,,,,,,,,,,
202142,0008001,2,長野県,ナガノケン,Nagano,,,,茅野市,チノシ,Chino-shi,,,,塚原,ツカハラ,Tsukahara,一丁目,１チョウメ,1,,,,,1,1,0,0,0,0,1,1,1947-04-17,,0,,,,,,,,,,,,,,,,
202142,0008002,2,長野県,ナガノケン,Nagano,,,,茅野市,チノシ,Chino-shi,,,,塚原,ツカハラ,Tsukahara,二丁目,２チョウメ,2,,,,,1,1,0,0,0,0,1,1,1947-04-17,,0,,,,,,,,,,,,,,,,
202142,0009000,1,長野県,ナガノケン,Nagano,,,,茅野市,チノシ,Chino-shi,,,,豊平,トヨヒラ,Toyohira,,,,,,,,0,0,0,0,0,0,1,1,1947-04-17,,0,3910213,,,,,,,,,,,,,,,
202142,0011000,1,長野県,ナガノケン,Nagano,,,,茅野市,チノシ,Chino-shi,,,,中大塩,ナカオオシオ,Nakaoshio,,,,,,,,0,0,0,0,0,0,1,1,1947-04-17,,0,3910215,,,,,,,,,,,,,,,
202142,0012000,1,長野県,ナガノケン,Nagano,,,,茅野市,チノシ,Chino-shi,,,,中沖,ナカオキ,,,,,,,,,0,0,0,0,0,0,1,1,1947-04-17,,0,,,,,,,,,,,,,,,,
202142,0013000,1,長野県,ナガノケン,Nagano,,,,茅野市,チノシ,Chino-shi,,,,仲町,ナカマチ,Nakamachi,,,,,,,,1,1,0,0,0,0,1,1,1947-04-17,,0,3910005,,,,,,,,,,,,,,,
202142,0014000,1,長野県,ナガノケン,Nagano,,,,茅野市,チノシ,Chino-shi,,,,本町西,ホンマチニシ,,,,,,,,,1,1,0,0,0,0,1,1,1947-04-17,,0,,,,,,,,,,,,,,,,
202142,0015000,1,長野県,ナガノケン,Nagano,,,,茅野市,チノシ,Chino-shi,,,,本町東,ホンマチヒガシ,,,,,,,,,1,1,0,0,0,0,1,1,1947-04-17,,0,,,,,,,,,,,,,,,,
202142,0016000,1,長野県,ナガノケン,Nagano,,,,茅野市,チノシ,Chino-shi,,,,宮川,ミヤガワ,Miyagawa,,,,,,,,0,0,0,0,0,0,1,1,1947-04-17,,0,3910013,,,,,,,,,,,,,,,
202142,0017000,1,長野県,ナガノケン,Nagano,,,,茅野市,チノシ,Chino-shi,,,,米沢,ヨネザワ,Yonezawa,,,,,,,,0,0,0,0,0,0,1,1,1947-04-17,,0,3910216,,,,,,,,,,,,,,,
202151,0001000,1,長野県,ナガノケン,Nagano,,,,塩尻市,シオジリシ,Shiojiri-shi,,,,大字大小屋,オオアザオオゴヤ,Ogoya,,,,,,,,0,0,0,0,0,0,1,1,1947-04-17,,0,3990713,,,,,,,,,,,,,,,
202151,0002000,1,長野県,ナガノケン,Nagano,,,,塩尻市,シオジリシ,Shiojiri-shi,,,,大字柿沢,オオアザカキザワ,Kakizawa,,,,,,,,0,0,0,0,0,0,1,1,1947-04-17,,0,3990722,,,,,,,,,,,,,,,
202151,0003000,1,長野県,ナガノケン,Nagano,,,,塩尻市,シオジリシ,Shiojiri-shi,,,,大字片丘,オオアザカタオカ,,,,,,,,,0,0,0,0,0,0,1,1,1947-04-17,,0,,,,,,,,,,,,,,,,
202151,0004000,1,長野県,ナガノケン,Nagano,,,,塩尻市,シオジリシ,Shiojiri-shi,,,,大字金井,オオアザカナイ,Kanai,,,,,,,,0,0,0,0,0,0,1,1,1947-04-17,,0,3990721,,,,,,,,,,,,,,,
202151,0005000,1,長野県,ナガノケン,Nagano,,,,塩尻市,シオジリシ,Shiojiri-shi,,,,大字上西条,オオアザカミニシジョウ,Kaminishijo,,,,,,,,0,0,0,0,0,0,1,1,1947-04-17,,0,3990724,,,,,,,,,,,,,,,
202151,0006000,1,長野県,ナガノケン,Nagano,,,,塩尻市,シオジリシ,Shiojiri-shi,,,,大字木曽平沢,オオアザキソヒラサワ,Kisohirasawa,,,,,,,,0,0,0,0,0,0,1,1,1947-04-17,,0,3996302,,,,,,,,,,,,,,,
202151,0007000,1,長野県,ナガノケン,Nagano,,,,塩尻市,シオジリシ,Shiojiri-shi,,,,大字北小野,オオアザキタオノ,Kitaono,,,,,,,,0,0,0,0,0,0,1,1,1947-04-17,,0,3990651,,,,,,,,,,,,,,,
202151,0008000,1,長野県,ナガノケン,Nagano,,,,塩尻市,シオジリシ,Shiojiri-shi,,,,大字旧塩尻,オオアザキュウシオジリ,Kyushiojiri,,,,,,,,0,0,0,0,0,0,1,1,1947-04-17,,0,3990723,,,,,,,,,,,,,,,
202151,0009000,1,長野県,ナガノケン,Nagano,,,,塩尻市,シオジリシ,Shiojiri-shi,,,,大字桟敷,オオアザサジキ,Sajiki,,,,,,,,0,0,0,0,0,0,1,1,1947-04-17,,0,3990716,,,,,,,,,,,,,,,
202151,0010000,1,長野県,ナガノケン,Nagano,,,,塩尻市,シオジリシ,Shiojiri-shi,,,,大字塩尻町,オオアザシオジリマチ,Shiojirimachi,,,,,,,,0,0,0,0,0,0,1,1,1947-04-17,,0,3990712,,,,,,,,,,,,,,,
202151,0011000,1,長野県,ナガノケン,Nagano,,,,塩尻市,シオジリシ,Shiojiri-shi,,,,大字下西条,オオアザシモニシジョウ,Shimonishijo,,,,,,,,0,0,0,0,0,0,1,1,1947-04-17,,0,3990726,,,,,,,,,,,,,,,
202151,0012000,1,長野県,ナガノケン,Nagano,,,,塩尻市,シオジリシ,Shiojiri-shi,,,,大字洗馬,オオアザセバ,Seba,,,,,,,,0,0,0,0,0,0,1,1,1947-04-17,,0,3996462,,,,,,,,,,,,,,,
202151,0013000,1,長野県,ナガノケン,Nagano,,,,塩尻市,シオジリシ,Shiojiri-shi,,,,大字宗賀,オオアザソウガ,Soga,,,,,,,,0,0,0,0,0,0,1,1,1947-04-17,,0,3996461,,,,,,,,,,,,,,,
202151,0014000,1,長野県,ナガノケン,Nagano,,,,塩尻市,シオジリシ,Shiojiri-shi,,,,大字大門,オオアザダイモン,,,,,,,,,0,0,0,0,0,0,1,1,1947-04-17,,0,,,,,,,,,,,,,,,,
202151,0015000,1,長野県,ナガノケン,Nagano,,,,塩尻市,シオジリシ,Shiojiri-shi,,,,大字長畝,オオアザナガウネ,Nagaune,,,,,,,,0,0,0,0,0,0,1,1,1947-04-17,,0,3990715,,,,,,,,,,,,,,,
202151,0016000,1,長野県,ナガノケン,Nagano,,,,塩尻市,シオジリシ,Shiojiri-shi,,,,大字中西条,オオアザナカニシジョウ,Nakanishijo,,,,,,,,0,0,0,0,0,0,1,1,1947-04-17,,0,3990725,,,,,,,,,,,,,,,
202151,0017000,1,長野県,ナガノケン,Nagano,,,,塩尻市,シオジリシ,Shiojiri-shi,,,,大字奈良井,オオアザナライ,Narai,,,,,,,,0,0,0,0,0,0,1,1,1947-04-17,,0,3996303,,,,,,,,,,,,,,,
202151,0018000,1,長野県,ナガノケン,Nagano,,,,塩尻市,シオジリシ,Shiojiri-shi,,,,大字贄川,オオアザニエカワ,Niekawa,,,,,,,,0,0,0,0,0,0,1,1,1947-04-17,,0,3996301,,,,,,,,,,,,,,,
202151,0019000,1,長野県,ナガノケン,Nagano,,,,塩尻市,シオジリシ,Shiojiri-shi,,,,大字広丘堅石,オオアザヒロオカカタイシ,Hiroka Kataishi,,,,,,,,0,0,0,0,0,0,1,1,1947-04-17,,0,3990705,,,,,,,,,,,,,,,
202151,0020000,1,長野県,ナガノケン,Nagano,,,,塩尻市,シオジリシ,Shiojiri-shi,,,,大字広丘郷原,オオアザヒロオカゴウバラ,Hirokagobara,,,,,,,,0,0,0,0,0,0,1,1,1947-04-17,,0,3990704,,,,,,,,,,,,,,,
202151,0021000,1,長野県,ナガノケン,Nagano,,,,塩尻市,シオジリシ,Shiojiri-shi,,,,大字広丘高出,オオアザヒロオカタカイデ,Hirokatakaide,,,,,,,,0,0,0,0,0,0,1,1,1947-04-17,,0,3990703,,,,,,,,,,,,,,,
202151,0022000,1,長野県,ナガノケン,Nagano,,,,塩尻市,シオジリシ,Shiojiri-shi,,,,大字広丘野村,オオアザヒロオカノムラ,Hirokanomura,,,,,,,,0,0,0,0,0,0,1,1,1947-04-17,,0,3990702,,,,,,,,,,,,,,,
202151,0023000,1,長野県,ナガノケン,Nagano,,,,塩尻市,シオジリシ,Shiojiri-shi,,,,大字広丘原新田,オオアザヒロオカハラシンデン,Hirokaharashinden,,,,,,,,0,0,0,0,0,0,1,1,1947-04-17,,0,3990706,,,,,,,,,,,,,,,
202151,0024000,1,長野県,ナガノケン,Nagano,,,,塩尻市,シオジリシ,Shiojiri-shi,,,,大字広丘吉田,オオアザヒロオカヨシダ,Hirokayoshida,,,,,,,,0,0,0,0,0,0,1,1,1947-04-17,,0,3990701,,,,,,,,,,,,,,,
202151,0025000,1,長野県,ナガノケン,Nagano,,,,塩尻市,シオジリシ,Shiojiri-shi,,,,大字堀ノ内,オオアザホリノウチ,Horinochi,,,,,,,,0,0,0,0,0,0,1,1,1947-04-17,,0,3990714,,,,,,,,,,,,,,,
202151,0026000,1,長野県,ナガノケン,Nagano,,,,塩尻市,シオジリシ,Shiojiri-shi,,,,大字みどり湖,オオアザミドリコ,Midoriko,,,,,,,,0,0,0,0,0,0,1,1,1947-04-17,,0,3990727,,,,,,,,,,,,,,,
202151,0027000,1,長野県,ナガノケン,Nagano,,,,塩尻市,シオジリシ,Shiojiri-shi,,,,大字峰原,オオアザミネハラ,Minehara,,,,,,,,0,0,0,0,0,0,1,1,1947-04-17,,0,3990728,,,,,,,,,,,,,,,
202151,0028000,1,長野県,ナガノケン,Nagano,,,,塩尻市,シオジリシ,Shiojiri-shi,,,,大門泉町,ダイモンイズミチョウ,Daimonizumicho,,,,,,,,1,1,0,0,0,0,1,1,1947-04-17,,0,3990742,,,,,,,,,,,,,,,
202151,0029000,1,長野県,ナガノケン,Nagano,,,,塩尻市,シオジリシ,Shiojiri-shi,,,,大門一番町,ダイモン１バンチョウ,Daimon1-Bancho,,,,,,,,1,1,0,0,0,0,1,1,1947-04-17,,0,3990736,,,,,,,,,,,,,,,
202151,0030000,1,長野県,ナガノケン,Nagano,,,,塩尻市,シオジリシ,Shiojiri-shi,,,,大門桔梗町,ダイモンキキョウチョウ,Daimonkikyocho,,,,,,,,1,1,0,0,0,0,1,1,1947-04-17,,0,3990745,,,,,,,,,,,,,,,
202151,0031000,1,長野県,ナガノケン,Nagano,,,,塩尻市,シオジリシ,Shiojiri-shi,,,,大門五番町,ダイモン５バンチョウ,Daimon5-Bancho,,,,,,,,1,1,0,0,0,0,1,1,1947-04-17,,0,3990732,,,,,,,,,,,,,,,
202151,0032000,1,長野県,ナガノケン,Nagano,,,,塩尻市,シオジリシ,Shiojiri-shi,,,,大門幸町,ダイモンサイワイチョウ,Daimonsaiwaicho,,,,,,,,1,1,0,0,0,0,1,1,1947-04-17,,0,3990741,,,,,,,,,,,,,,,
202151,0033000,1,長野県,ナガノケン,Nagano,,,,塩尻市,シオジリシ,Shiojiri-shi,,,,大門三番町,ダイモン３バンチョウ,Daimon3-Bancho,,,,,,,,1,1,0,0,0,0,1,1,1947-04-17,,0,3990733,,,,,,,,,,,,,,,
202151,0034000,1,長野県,ナガノケン,Nagano,,,,塩尻市,シオジリシ,Shiojiri-shi,,,,大門田川町,ダイモンタガワチョウ,Daimontagawacho,,,,,,,,0,0,0,0,0,0,1,1,1947-04-17,,0,3990743,,,,,,,,,,,,,,,
202151,0035000,1,長野県,ナガノケン,Nagano,,,,塩尻市,シオジリシ,Shiojiri-shi,,,,大門七番町,ダイモン７バンチョウ,Daimon7-Bancho,,,,,,,,1,1,0,0,0,0,1,1,1947-04-17,,0,3990738,,,,,,,,,,,,,,,
202151,0036000,1,長野県,ナガノケン,Nagano,,,,塩尻市,シオジリシ,Shiojiri-shi,,,,大門並木町,ダイモンナミキチョウ,Daimonnamikicho,,,,,,,,1,1,0,0,0,0,1,1,1947-04-17,,0,3990746,,,,,,,,,,,,,,,
202151,0037000,1,長野県,ナガノケン,Nagano,,,,塩尻市,シオジリシ,Shiojiri-shi,,,,大門二番町,ダイモンニバンチョウ,Daimon2-Bancho,,,,,,,,1,1,0,0,0,0,1,1,1947-04-17,,0,3990735,,,,,,,,,,,,,,,
202151,0038000,1,長野県,ナガノケン,Nagano,,,,塩尻市,シオジリシ,Shiojiri-shi,,,,大門八番町,ダイモンハチバンチョウ,Daimon8-Bancho,,,,,,,,1,1,0,0,0,0,1,1,1947-04-17,,0,3990737,,,,,,,,,,,,,,,
202151,0039000,1,長野県,ナガノケン,Nagano,,,,塩尻市,シオジリシ,Shiojiri-shi,,,,大門四番町,ダイモンヨンバンチョウ,Daimon4-Bancho,,,,,,,,1,1,0,0,0,0,1,1,1947-04-17,,0,3990734,,,,,,,,,,,,,,,
202151,0040000,1,長野県,ナガノケン,Nagano,,,,塩尻市,シオジリシ,Shiojiri-shi,,,,大門六番町,ダイモンロクバンチョウ,Daimon6-Bancho,,,,,,,,1,1,0,0,0,0,1,1,1947-04-17,,0,3990731,,,,,,,,,,,,,,,
202177,0001000,1,長野県,ナガノケン,Nagano,,,,佐久市,サクシ,Saku-shi,,,,跡部,アトベ,Atobe,,,,,,,,0,0,0,0,0,0,1,1,1947-04-17,,0,3850054,,,,,,,,,,,,,,,
202177,0002000,1,長野県,ナガノケン,Nagano,,,,佐久市,サクシ,Saku-shi,,,,新子田,アラコダ,Arakoda,,,,,,,,0,0,0,0,0,0,1,1,1947-04-17,,0,3850007,,,,,,,,,,,,,,,
202177,0003000,1,長野県,ナガノケン,Nagano,,,,佐久市,サクシ,Saku-shi,,,,今井,イマイ,Imai,,,,,,,,0,0,0,0,0,0,1,1,1947-04-17,,0,3850015,,,,,,,,,,,,,,,
202177,0004000,1,長野県,ナガノケン,Nagano,,,,佐久市,サクシ,Saku-shi,,,,入沢,イリサワ,Irisawa,,,,,,,,0,0,1,0,0,0,0,1,1947-04-17,,0,3840621,,,,,,,,,,,,,,,
202177,0005000,1,長野県,ナガノケン,Nagano,,,,佐久市,サクシ,Saku-shi,,,,岩村田,イワムラダ,Iwamurada,,,,,,,,0,0,0,0,0,0,1,1,1947-04-17,,0,3850022,,,,,,,,,,,,,,,
202177,0006001,2,長野県,ナガノケン,Nagano,,,,佐久市,サクシ,Saku-shi,,,,岩村田北,イワムラダキタ,Iwamuradakita,１丁目,１チョウメ,1,,,,,0,0,0,0,0,0,1,1,1947-04-17,,0,,,,,,,,,,,,,,,,
202177,0007000,1,長野県,ナガノケン,Nagano,,,,佐久市,サクシ,Saku-shi,,,,印内,インナイ,Innai,,,,,,,,0,0,0,0,0,0,1,1,1947-04-17,,0,3842201,,,,,,,,,,,,,,,
202177,0008000,1,長野県,ナガノケン,Nagano,,,,佐久市,サクシ,Saku-shi,,,,臼田,ウスダ,Usuda,,,,,,,,0,0,0,0,0,0,1,1,1947-04-17,,0,3840301,,,,,,,,,,,,,,,
202177,0009000,1,長野県,ナガノケン,Nagano,,,,佐久市,サクシ,Saku-shi,,,,内山,ウチヤマ,Uchiyama,,,,,,,,0,0,0,0,0,0,1,1,1947-04-17,,0,3850031,,,,,,,,,,,,,,,
202177,0010000,1,長野県,ナガノケン,Nagano,,,,佐久市,サクシ,Saku-shi,,,,大沢,オオサワ,Osawa,,,,,,,,0,0,0,0,0,0,1,1,1947-04-17,,0,3850045,,,,,,,,,,,,,,,
202177,0011000,1,長野県,ナガノケン,Nagano,,,,佐久市,サクシ,Saku-shi,,,,太田部,オオタベ,Otabe,,,,,,,,0,0,0,0,0,0,1,1,1947-04-17,,0,3850033,,,,,,,,,,,,,,,
202177,0012000,1,長野県,ナガノケン,Nagano,,,,佐久市,サクシ,Saku-shi,,,,小田井,オタイ,Otai,,,,,,,,0,0,0,0,0,0,1,1,1947-04-17,,0,3850009,,,,,,,,,,,,,,,
202177,0013000,1,長野県,ナガノケン,Nagano,,,,佐久市,サクシ,Saku-shi,,,,鍛冶屋,カジヤ,Kajiya,,,,,,,,0,0,0,0,0,0,1,1,1947-04-17,,0,3850041,,,,,,,,,,,,,,,
202177,0014000,1,長野県,ナガノケン,Nagano,,,,佐久市,サクシ,Saku-shi,,,,春日,カスガ,Kasuga,,,,,,,,0,0,0,0,0,0,1,1,1947-04-17,,0,3842205,,,,,,,,,,,,,,,
202177,0015000,1,長野県,ナガノケン,Nagano,,,,佐久市,サクシ,Saku-shi,,,,勝間,カツマ,Katsuma,,,,,,,,0,0,0,0,0,0,1,1,1947-04-17,,0,3840302,,,,,,,,,,,,,,,
202177,0016000,1,長野県,ナガノケン,Nagano,,,,佐久市,サクシ,Saku-shi,,,,上小田切,カミオタギリ,Kamiotagiri,,,,,,,,0,0,0,0,0,0,1,1,1947-04-17,,0,3840306,,,,,,,,,,,,,,,
202177,0017000,1,長野県,ナガノケン,Nagano,,,,佐久市,サクシ,Saku-shi,,,,上平尾,カミヒラオ,Kamihirao,,,,,,,,0,0,0,0,0,0,1,1,1947-04-17,,0,3850002,,,,,,,,,,,,,,,
202177,0018000,1,長野県,ナガノケン,Nagano,,,,佐久市,サクシ,Saku-shi,,,,北川,キタガワ,Kitagawa,,,,,,,,0,0,0,0,0,0,1,1,1947-04-17,,0,3840304,,,,,,,,,,,,,,,
202177,0019000,1,長野県,ナガノケン,Nagano,,,,佐久市,サクシ,Saku-shi,,,,協和,キョウワ,Kyowa,,,,,,,,0,0,0,0,0,0,1,1,1947-04-17,,0,3842204,,,,,,,,,,,,,,,
202177,0020000,1,長野県,ナガノケン,Nagano,,,,佐久市,サクシ,Saku-shi,,,,清川,キヨカワ,Kiyokawa,,,,,,,,0,0,0,0,0,0,1,1,1947-04-17,,0,3840411,,,,,,,,,,,,,,,
202177,0021000,1,長野県,ナガノケン,Nagano,,,,佐久市,サクシ,Saku-shi,,,,桑山,クワヤマ,Kuwayama,,,,,,,,0,0,0,0,0,0,1,1,1947-04-17,,0,3842101,,,,,,,,,,,,,,,
202177,0022000,1,長野県,ナガノケン,Nagano,,,,佐久市,サクシ,Saku-shi,,,,甲,コウ,Ko,,,,,,,,0,0,0,0,0,0,1,1,1947-04-17,,0,3842104,,,,,,,,,,,,,,,
202177,0023000,1,長野県,ナガノケン,Nagano,,,,佐久市,サクシ,Saku-shi,,,,香坂,コウサカ,Kosaka,,,,,,,,0,0,0,0,0,0,1,1,1947-04-17,,0,3850005,,,,,,,,,,,,,,,
202177,0024000,1,長野県,ナガノケン,Nagano,,,,佐久市,サクシ,Saku-shi,,,,小宮山,コミヤマ,Komiyama,,,,,,,,0,0,0,0,0,0,1,1,1947-04-17,,0,3850047,,,,,,,,,,,,,,,
202177,0025000,1,長野県,ナガノケン,Nagano,,,,佐久市,サクシ,Saku-shi,,,,佐久平駅北,サクダイラエキキタ,Sakudairaeki Kita,,,,,,,,0,0,0,0,0,0,1,1,1947-04-17,,0,3850027,,,,,,,,,,,,,,,
202177,0026000,1,長野県,ナガノケン,Nagano,,,,佐久市,サクシ,Saku-shi,,,,佐久平駅東,サクダイラエキヒガシ,Sakudairaeki Higashi,,,,,,,,0,0,0,0,0,0,1,1,1947-04-17,,0,3850028,,,,,,,,,,,,,,,
202177,0027000,1,長野県,ナガノケン,Nagano,,,,佐久市,サクシ,Saku-shi,,,,佐久平駅南,サクダイラエキミナミ,Sakudairaeki Minami,,,,,,,,0,0,0,0,0,0,1,1,1947-04-17,,0,3850029,,,,,,,,,,,,,,,
202177,0028000,1,長野県,ナガノケン,Nagano,,,,佐久市,サクシ,Saku-shi,,,,桜井,サクライ,Sakurai,,,,,,,,0,0,0,0,0,0,1,1,1947-04-17,,0,3850056,,,,,,,,,,,,,,,
202177,0029000,1,長野県,ナガノケン,Nagano,,,,佐久市,サクシ,Saku-shi,,,,猿久保,サルクボ,Sarukubo,,,,,,,,0,0,0,0,0,0,1,1,1947-04-17,,0,3850011,,,,,,,,,,,,,,,
202177,0030000,1,長野県,ナガノケン,Nagano,,,,佐久市,サクシ,Saku-shi,,,,塩名田,シオナダ,Shionada,,,,,,,,0,0,0,0,0,0,1,1,1947-04-17,,0,3842102,,,,,,,,,,,,,,,
202177,0031000,1,長野県,ナガノケン,Nagano,,,,佐久市,サクシ,Saku-shi,,,,志賀,シガ,Shiga,,,,,,,,0,0,0,0,0,0,1,1,1947-04-17,,0,3850006,,,,,,,,,,,,,,,
202177,0032000,1,長野県,ナガノケン,Nagano,,,,佐久市,サクシ,Saku-shi,,,,下小田切,シモオタギリ,Shimotagiri,,,,,,,,0,0,0,0,0,0,1,1,1947-04-17,,0,3840303,,,,,,,,,,,,,,,
202177,0033000,1,長野県,ナガノケン,Nagano,,,,佐久市,サクシ,Saku-shi,,,,下越,シモゴエ,Shimogoe,,,,,,,,0,0,0,0,0,0,1,1,1947-04-17,,0,3840414,,,,,,,,,,,,,,,
202177,0034000,1,長野県,ナガノケン,Nagano,,,,佐久市,サクシ,Saku-shi,,,,下平尾,シモヒラオ,Shimohirao,,,,,,,,0,0,0,0,0,0,1,1,1947-04-17,,0,3850003,,,,,,,,,,,,,,,
202177,0035000,1,長野県,ナガノケン,Nagano,,,,佐久市,サクシ,Saku-shi,,,,瀬戸,セト,Seto,,,,,,,,0,0,0,0,0,0,1,1,1947-04-17,,0,3850035,,,,,,,,,,,,,,,
202177,0036000,1,長野県,ナガノケン,Nagano,,,,佐久市,サクシ,Saku-shi,,,,高柳,タカヤギ,Takayagi,,,,,,,,0,0,0,0,0,0,1,1,1947-04-17,,0,3850042,,,,,,,,,,,,,,,
202177,0037000,1,長野県,ナガノケン,Nagano,,,,佐久市,サクシ,Saku-shi,,,,田口,タグチ,Taguchi,,,,,,,,0,0,0,0,0,0,1,1,1947-04-17,,0,3840412,,,,,,,,,,,,,,,
202177,0038000,1,長野県,ナガノケン,Nagano,,,,佐久市,サクシ,Saku-shi,,,,塚原,ツカバラ,Tsukabara,,,,,,,,0,0,0,0,0,0,1,1,1947-04-17,,0,3850025,,,,,,,,,,,,,,,
202177,0039000,1,長野県,ナガノケン,Nagano,,,,佐久市,サクシ,Saku-shi,,,,常田,トキダ,Tokida,,,,,,,,0,0,0,0,0,0,1,1,1947-04-17,,0,3850026,,,,,,,,,,,,,,,
202177,0040000,1,長野県,ナガノケン,Nagano,,,,佐久市,サクシ,Saku-shi,,,,常和,トキワ,Tokiwa,,,,,,,,0,0,0,0,0,0,1,1,1947-04-17,,0,3850032,,,,,,,,,,,,,,,
202177,0041000,1,長野県,ナガノケン,Nagano,,,,佐久市,サクシ,Saku-shi,,,,伴野,トモノ,Tomono,,,,,,,,0,0,0,0,0,0,1,1,1947-04-17,,0,3850061,,,,,,,,,,,,,,,
202177,0042000,1,長野県,ナガノケン,Nagano,,,,佐久市,サクシ,Saku-shi,,,,取出町,トリデマチ,Toridemachi,,,,,,,,0,0,0,0,0,0,1,1,1947-04-17,,0,3850043,,,,,,,,,,,,,,,
202177,0043000,1,長野県,ナガノケン,Nagano,,,,佐久市,サクシ,Saku-shi,,,,中小田切,ナカオタギリ,Nakaotagiri,,,,,,,,0,0,0,0,0,0,1,1,1947-04-17,,0,3840305,,,,,,,,,,,,,,,
202177,0045000,1,長野県,ナガノケン,Nagano,,,,佐久市,サクシ,Saku-shi,,,,中込,ナカゴミ,Nakagomi,,,,,,,,0,0,0,0,0,0,1,1,1947-04-17,,0,3850051,,,,,,,,,,,,,,,
202177,0045001,2,長野県,ナガノケン,Nagano,,,,佐久市,サクシ,Saku-shi,,,,中込,ナカゴミ,Nakagomi,１丁目,１チョウメ,1,,,,,0,0,0,0,0,0,1,1,1947-04-17,,0,,,,,,,,,,,,,,,,
202177,0045002,2,長野県,ナガノケン,Nagano,,,,佐久市,サクシ,Saku-shi,,,,中込,ナカゴミ,Nakagomi,２丁目,２チョウメ,2,,,,,0,0,0,0,0,0,1,1,1947-04-17,,0,,,,,,,,,,,,,,,,
202177,0045003,2,長野県,ナガノケン,Nagano,,,,佐久市,サクシ,Saku-shi,,,,中込,ナカゴミ,Nakagomi,３丁目,３チョウメ,3,,,,,0,0,0,0,0,0,1,1,1947-04-17,,0,,,,,,,,,,,,,,,,
202177,0046000,1,長野県,ナガノケン,Nagano,,,,佐久市,サクシ,Saku-shi,,,,長土呂,ナガトロ,Nagatoro,,,,,,,,0,0,0,0,0,0,1,1,1947-04-17,,0,3850021,,,,,,,,,,,,,,,
202177,0047000,1,長野県,ナガノケン,Nagano,,,,佐久市,サクシ,Saku-shi,,,,鳴瀬,ナルセ,Naruse,,,,,,,,0,0,0,0,0,0,1,1,1947-04-17,,0,3850016,,,,,,,,,,,,,,,
202177,0048000,1,長野県,ナガノケン,Nagano,,,,佐久市,サクシ,Saku-shi,,,,根岸,ネギシ,Negishi,,,,,,,,0,0,0,0,0,0,1,1,1947-04-17,,0,3850062,,,,,,,,,,,,,,,
202177,0049000,1,長野県,ナガノケン,Nagano,,,,佐久市,サクシ,Saku-shi,,,,根々井,ネネイ,Nenei,,,,,,,,0,0,0,0,0,0,1,1,1947-04-17,,0,3850012,,,,,,,,,,,,,,,
202177,0050000,1,長野県,ナガノケン,Nagano,,,,佐久市,サクシ,Saku-shi,,,,野沢,ノザワ,Nozawa,,,,,,,,0,0,0,0,0,0,1,1,1947-04-17,,0,3850053,,,,,,,,,,,,,,,
202177,0051000,1,長野県,ナガノケン,Nagano,,,,佐久市,サクシ,Saku-shi,,,,原,ハラ,Hara,,,,,,,,0,0,0,0,0,0,1,1,1947-04-17,,0,3850052,,,,,,,,,,,,,,,
202177,0052000,1,長野県,ナガノケン,Nagano,,,,佐久市,サクシ,Saku-shi,,,,東立科,ヒガシタテシナ,Higashitateshina,,,,,,,,0,0,0,0,0,0,1,1,1947-04-17,,0,3850063,,,,,,,,,,,,,,,
202177,0053000,1,長野県,ナガノケン,Nagano,,,,佐久市,サクシ,Saku-shi,,,,平賀,ヒラカ,Hiraka,,,,,,,,0,0,0,0,0,0,1,1,1947-04-17,,0,3850034,,,,,,,,,,,,,,,
202177,0054000,1,長野県,ナガノケン,Nagano,,,,佐久市,サクシ,Saku-shi,,,,平塚,ヒラツカ,Hiratsuka,,,,,,,,0,0,0,0,0,0,1,1,1947-04-17,,0,3850024,,,,,,,,,,,,,,,
202177,0055000,1,長野県,ナガノケン,Nagano,,,,佐久市,サクシ,Saku-shi,,,,平林,ヒラバヤシ,Hirabayashi,,,,,,,,0,0,0,0,0,0,1,1,1947-04-17,,0,3840622,,,,,,,,,,,,,,,
202177,0056000,1,長野県,ナガノケン,Nagano,,,,佐久市,サクシ,Saku-shi,,,,布施,フセ,Fuse,,,,,,,,0,0,0,0,0,0,1,1,1947-04-17,,0,3842203,,,,,,,,,,,,,,,
202177,0057000,1,長野県,ナガノケン,Nagano,,,,佐久市,サクシ,Saku-shi,,,,本新町,ホンシンマチ,Honshimmachi,,,,,,,,0,0,0,0,0,0,1,1,1947-04-17,,0,3850044,,,,,,,,,,,,,,,
202177,0058000,1,長野県,ナガノケン,Nagano,,,,佐久市,サクシ,Saku-shi,,,,前山,マエヤマ,Maeyama,,,,,,,,0,0,0,0,0,0,1,1,1947-04-17,,0,3850046,,,,,,,,,,,,,,,
202177,0059000,1,長野県,ナガノケン,Nagano,,,,佐久市,サクシ,Saku-shi,,,,三河田,ミカワダ,Mikawada,,,,,,,,0,0,0,0,0,0,1,1,1947-04-17,,0,3850014,,,,,,,,,,,,,,,
202177,0060000,1,長野県,ナガノケン,Nagano,,,,佐久市,サクシ,Saku-shi,,,,三塚,ミチヅカ,Michizuka,,,,,,,,0,0,0,0,0,0,1,1,1947-04-17,,0,3850055,,,,,,,,,,,,,,,
202177,0061000,1,長野県,ナガノケン,Nagano,,,,佐久市,サクシ,Saku-shi,,,,三分,ミブン,Mibun,,,,,,,,0,0,0,0,0,0,1,1,1947-04-17,,0,3840413,,,,,,,,,,,,,,,
202177,0062000,1,長野県,ナガノケン,Nagano,,,,佐久市,サクシ,Saku-shi,,,,御馬寄,ミマヨセ,Mimayose,,,,,,,,0,0,0,0,0,0,1,1,1947-04-17,,0,3842103,,,,,,,,,,,,,,,
202177,0063000,1,長野県,ナガノケン,Nagano,,,,佐久市,サクシ,Saku-shi,,,,茂田井,モタイ,Motai,,,,,,,,0,0,0,0,0,0,1,1,1947-04-17,,0,3842206,,,,,,,,,,,,,,,
202177,0064000,1,長野県,ナガノケン,Nagano,,,,佐久市,サクシ,Saku-shi,,,,望月,モチヅキ,Mochizuki,,,,,,,,0,0,0,0,0,0,1,1,1947-04-17,,0,3842202,,,,,,,,,,,,,,,
202177,0065000,1,長野県,ナガノケン,Nagano,,,,佐久市,サクシ,Saku-shi,,,,矢嶋,ヤシマ,Yashima,,,,,,,,0,0,0,0,0,0,1,1,1947-04-17,,0,3842105,,,,,,,,,,,,,,,
202177,0066000,1,長野県,ナガノケン,Nagano,,,,佐久市,サクシ,Saku-shi,,,,安原,ヤスハラ,Yasuhara,,,,,,,,0,0,0,0,0,0,1,1,1947-04-17,,0,3850004,,,,,,,,,,,,,,,
202177,0067000,1,長野県,ナガノケン,Nagano,,,,佐久市,サクシ,Saku-shi,,,,八幡,ヤワタ,Yawata,,,,,,,,0,0,0,0,0,0,1,1,1947-04-17,,0,3842106,,,,,,,,,,,,,,,
202177,0068000,1,長野県,ナガノケン,Nagano,,,,佐久市,サクシ,Saku-shi,,,,湯原,ユハラ,Yuhara,,,,,,,,0,0,0,0,0,0,1,1,1947-04-17,,0,3840307,,,,,,,,,,,,,,,
202177,0069000,1,長野県,ナガノケン,Nagano,,,,佐久市,サクシ,Saku-shi,,,,横根,ヨコネ,Yokone,,,,,,,,0,0,0,0,0,0,1,1,1947-04-17,,0,3850001,,,,,,,,,,,,,,,
202177,0070000,1,長野県,ナガノケン,Nagano,,,,佐久市,サクシ,Saku-shi,,,,横和,ヨコワ,Yokowa,,,,,,,,0,0,0,0,0,0,1,1,1947-04-17,,0,3850013,,,,,,,,,,,,,,,
202177,0071000,1,長野県,ナガノケン,Nagano,,,,佐久市,サクシ,Saku-shi,,,,蓬田,ヨモギダ,Yomogida,,,,,,,,0,0,0,0,0,0,1,1,1947-04-17,,0,3842107,,MJ022597_*,,,,,,,,,,,,,
202177,0072000,1,長野県,ナガノケン,Nagano,,,,佐久市,サクシ,Saku-shi,,,,入澤,イリサワ,Irisawa,,,,,,,,0,0,0,0,0,0,1,0,1947-04-17,,0,3840621,,,,,,,,,,,,,,,
202177,0103000,1,長野県,ナガノケン,Nagano,,,,佐久市,サクシ,Saku-shi,,,,大字中込,オオアザナカゴミ,Nakagomi,,,,,,,,0,0,0,0,0,0,1,1,1947-04-17,,0,3850051,,,,,,,,,,,,,,,
202185,0001000,1,長野県,ナガノケン,Nagano,,,,千曲市,チクマシ,Chikuma-shi,,,,大字雨宮,オオアザアメノミヤ,Amenomiya,,,,,,,,0,0,0,0,0,0,1,1,1947-04-17,,0,3870001,,,,,,,,,,,,,,,
202185,0002000,1,長野県,ナガノケン,Nagano,,,,千曲市,チクマシ,Chikuma-shi,,,,大字新山,オオアザアラヤマ,Arayama,,,,,,,,0,0,0,0,0,0,1,1,1947-04-17,,0,3890823,,,,,,,,,,,,,,,
202185,0003000,1,長野県,ナガノケン,Nagano,,,,千曲市,チクマシ,Chikuma-shi,,,,大字粟佐,オオアザアワサ,Awasa,,,,,,,,0,0,0,0,0,0,1,1,1947-04-17,,0,3870006,,,,,,,,,,,,,,,
202185,0004000,1,長野県,ナガノケン,Nagano,,,,千曲市,チクマシ,Chikuma-shi,,,,大字生萱,オオアザイキガヤ,Ikigaya,,,,,,,,0,0,0,0,0,0,1,1,1947-04-17,,0,3870003,,,,,,,,,,,,,,,
202185,0005000,1,長野県,ナガノケン,Nagano,,,,千曲市,チクマシ,Chikuma-shi,,,,大字磯部,オオアザイソベ,Isobe,,,,,,,,0,0,0,0,0,0,1,1,1947-04-17,,0,3890806,,,,,,,,,,,,,,,
202185,0006000,1,長野県,ナガノケン,Nagano,,,,千曲市,チクマシ,Chikuma-shi,,,,大字稲荷山,オオアザイナリヤマ,Inariyama,,,,,,,,0,0,0,0,0,0,1,1,1947-04-17,,0,3870021,,,,,,,,,,,,,,,
202185,0007000,1,長野県,ナガノケン,Nagano,,,,千曲市,チクマシ,Chikuma-shi,,,,大字鋳物師屋,オオアザイモジヤ,Imojiya,,,,,,,,0,0,0,0,0,0,1,1,1947-04-17,,0,3870015,,,,,,,,,,,,,,,
202185,0008000,1,長野県,ナガノケン,Nagano,,,,千曲市,チクマシ,Chikuma-shi,,,,大字内川,オオアザウチカワ,Uchikawa,,,,,,,,0,0,0,0,0,0,1,1,1947-04-17,,0,3890802,,,,,,,,,,,,,,,
202185,0009000,1,長野県,ナガノケン,Nagano,,,,千曲市,チクマシ,Chikuma-shi,,,,大字打沢,オオアザウッサワ,Ussawa,,,,,,,,0,0,0,0,0,0,1,1,1947-04-17,,0,3870014,,,,,,,,,,,,,,,
202185,0010000,1,長野県,ナガノケン,Nagano,,,,千曲市,チクマシ,Chikuma-shi,,,,大字小島,オオアザオジマ,Ojima,,,,,,,,0,0,0,0,0,0,1,1,1947-04-17,,0,3870013,,,,,,,,,,,,,,,
202185,0011000,1,長野県,ナガノケン,Nagano,,,,千曲市,チクマシ,Chikuma-shi,,,,大字上徳間,オオアザカミトクマ,Kamitokuma,,,,,,,,0,0,0,0,0,0,1,1,1947-04-17,,0,3890805,,,,,,,,,,,,,,,
202185,0012000,1,長野県,ナガノケン,Nagano,,,,千曲市,チクマシ,Chikuma-shi,,,,大字上山田,オオアザカミヤマダ,Kamiyamada,,,,,,,,0,0,0,0,0,0,1,1,1947-04-17,,0,3890822,,,,,,,,,,,,,,,
202185,0013000,1,長野県,ナガノケン,Nagano,,,,千曲市,チクマシ,Chikuma-shi,,,,大字杭瀬下,オオアザクイセケ,Kuiseke,,,,,,,,0,0,0,0,0,0,1,1,1947-04-17,,0,3870011,,,,,,,,,,,,,,,
202185,0014000,1,長野県,ナガノケン,Nagano,,,,千曲市,チクマシ,Chikuma-shi,,,,大字倉科,オオアザクラシナ,Kurashina,,,,,,,,0,0,0,0,0,0,1,1,1947-04-17,,0,3870004,,,,,,,,,,,,,,,
202185,0015000,1,長野県,ナガノケン,Nagano,,,,千曲市,チクマシ,Chikuma-shi,,,,大字桑原,オオアザクワバラ,Kuwabara,,,,,,,,0,0,0,0,0,0,1,1,1947-04-17,,0,3870024,,,,,,,,,,,,,,,
202185,0016000,1,長野県,ナガノケン,Nagano,,,,千曲市,チクマシ,Chikuma-shi,,,,大字小船山,オオアザコブネヤマ,Kobuneyama,,,,,,,,0,0,0,0,0,0,1,1,1947-04-17,,0,3890801,,,,,,,,,,,,,,,
202185,0017000,1,長野県,ナガノケン,Nagano,,,,千曲市,チクマシ,Chikuma-shi,,,,大字桜堂,オオアザサクラドウ,Sakurado,,,,,,,,0,0,0,0,0,0,1,1,1947-04-17,,0,3870012,,,,,,,,,,,,,,,
202185,0018000,1,長野県,ナガノケン,Nagano,,,,千曲市,チクマシ,Chikuma-shi,,,,大字寂蒔,オオアザジャクマク,Jakumaku,,,,,,,,0,0,0,0,0,0,1,1,1947-04-17,,0,3870016,,,,,,,,,,,,,,,
202185,0019000,1,長野県,ナガノケン,Nagano,,,,千曲市,チクマシ,Chikuma-shi,,,,大字新田,オオアザシンデン,Shinden,,,,,,,,0,0,0,0,0,0,1,1,1947-04-17,,0,3870018,,,,,,,,,,,,,,,
202185,0020000,1,長野県,ナガノケン,Nagano,,,,千曲市,チクマシ,Chikuma-shi,,,,大字須坂,オオアザスザカ,Suzaka,,,,,,,,0,0,0,0,0,0,1,1,1947-04-17,,0,3890811,,,,,,,,,,,,,,,
202185,0021000,1,長野県,ナガノケン,Nagano,,,,千曲市,チクマシ,Chikuma-shi,,,,大字千本柳,オオアザセンボンヤナギ,Sembonyanagi,,,,,,,,0,0,0,0,0,0,1,1,1947-04-17,,0,3890803,,,,,,,,,,,,,,,
202185,0022000,1,長野県,ナガノケン,Nagano,,,,千曲市,チクマシ,Chikuma-shi,,,,大字力石,オオアザチカライシ,Chikaraishi,,,,,,,,0,0,0,0,0,0,1,1,1947-04-17,,0,3890824,,,,,,,,,,,,,,,
202185,0023000,1,長野県,ナガノケン,Nagano,,,,千曲市,チクマシ,Chikuma-shi,,,,大字土口,オオアザドグチ,Doguchi,,,,,,,,0,0,0,0,0,0,1,1,1947-04-17,,0,3870002,,,,,,,,,,,,,,,
202185,0024000,1,長野県,ナガノケン,Nagano,,,,千曲市,チクマシ,Chikuma-shi,,,,大字戸倉,オオアザトグラ,Togura,,,,,,,,0,0,0,0,0,0,1,1,1947-04-17,,0,3890804,,,,,,,,,,,,,,,
202185,0025000,1,長野県,ナガノケン,Nagano,,,,千曲市,チクマシ,Chikuma-shi,,,,大字戸倉温泉,オオアザトグラオンセン,Toguraonsen,,,,,,,,0,0,0,0,0,0,1,1,1947-04-17,,0,3890807,,,,,,,,,,,,,,,
202185,0026000,1,長野県,ナガノケン,Nagano,,,,千曲市,チクマシ,Chikuma-shi,,,,大字中,オオアザナカ,Naka,,,,,,,,0,0,0,0,0,0,1,1,1947-04-17,,0,3870017,,,,,,,,,,,,,,,
202185,0027000,1,長野県,ナガノケン,Nagano,,,,千曲市,チクマシ,Chikuma-shi,,,,大字野高場,オオアザノタカバ,Notakaba,,,,,,,,0,0,0,0,0,0,1,1,1947-04-17,,0,3870022,,,,,,,,,,,,,,,
202185,0028000,1,長野県,ナガノケン,Nagano,,,,千曲市,チクマシ,Chikuma-shi,,,,大字羽尾,オオアザハネオ,Haneo,,,,,,,,0,0,0,0,0,0,1,1,1947-04-17,,0,3890812,,,,,,,,,,,,,,,
202185,0029000,1,長野県,ナガノケン,Nagano,,,,千曲市,チクマシ,Chikuma-shi,,,,大字森,オオアザモリ,Mori,,,,,,,,0,0,0,0,0,0,1,1,1947-04-17,,0,3870005,,,,,,,,,,,,,,,
202185,0030000,1,長野県,ナガノケン,Nagano,,,,千曲市,チクマシ,Chikuma-shi,,,,大字屋代,オオアザヤシロ,Yashiro,,,,,,,,0,0,0,0,0,0,1,1,1947-04-17,,0,3870007,,,,,,,,,,,,,,,
202185,0031000,1,長野県,ナガノケン,Nagano,,,,千曲市,チクマシ,Chikuma-shi,,,,大字八幡,オオアザヤワタ,Yawata,,,,,,,,0,0,0,0,0,0,1,1,1947-04-17,,0,3870023,,,,,,,,,,,,,,,
202185,0032000,1,長野県,ナガノケン,Nagano,,,,千曲市,チクマシ,Chikuma-shi,,,,大字若宮,オオアザワカミヤ,Wakamiya,,,,,,,,0,0,0,0,0,0,1,1,1947-04-17,,0,3890813,,,,,,,,,,,,,,,
202185,0033001,2,長野県,ナガノケン,Nagano,,,,千曲市,チクマシ,Chikuma-shi,,,,上山田温泉,カミヤマダオンセン,Kamiyamadaonsen,一丁目,１チョウメ,1,,,,,0,0,0,0,0,0,1,1,1947-04-17,,0,,,,,,,,,,,,,,,,
202185,0033002,2,長野県,ナガノケン,Nagano,,,,千曲市,チクマシ,Chikuma-shi,,,,上山田温泉,カミヤマダオンセン,Kamiyamadaonsen,二丁目,２チョウメ,2,,,,,0,0,0,0,0,0,1,1,1947-04-17,,0,,,,,,,,,,,,,,,,
202185,0033003,2,長野県,ナガノケン,Nagano,,,,千曲市,チクマシ,Chikuma-shi,,,,上山田温泉,カミヤマダオンセン,Kamiyamadaonsen,三丁目,３チョウメ,3,,,,,0,0,0,0,0,0,1,1,1947-04-17,,0,,,,,,,,,,,,,,,,
202185,0033004,2,長野県,ナガノケン,Nagano,,,,千曲市,チクマシ,Chikuma-shi,,,,上山田温泉,カミヤマダオンセン,Kamiyamadaonsen,四丁目,４チョウメ,4,,,,,0,0,0,0,0,0,1,1,1947-04-17,,0,,,,,,,,,,,,,,,,
202185,0034001,2,長野県,ナガノケン,Nagano,,,,千曲市,チクマシ,Chikuma-shi,,,,杭瀬下,クイセケ,Kuiseke,一丁目,１チョウメ,1,,,,,0,0,0,0,0,0,1,1,1947-04-17,,0,,,,,,,,,,,,,,,,
202185,0034002,2,長野県,ナガノケン,Nagano,,,,千曲市,チクマシ,Chikuma-shi,,,,杭瀬下,クイセケ,Kuiseke,二丁目,２チョウメ,2,,,,,0,0,0,0,0,0,1,1,1947-04-17,,0,,,,,,,,,,,,,,,,
202185,0034003,2,長野県,ナガノケン,Nagano,,,,千曲市,チクマシ,Chikuma-shi,,,,杭瀬下,クイセケ,Kuiseke,三丁目,３チョウメ,3,,,,,0,0,0,0,0,0,1,1,1947-04-17,,0,,,,,,,,,,,,,,,,
202185,0034004,2,長野県,ナガノケン,Nagano,,,,千曲市,チクマシ,Chikuma-shi,,,,杭瀬下,クイセケ,Kuiseke,四丁目,４チョウメ,4,,,,,0,0,0,0,0,0,1,1,1947-04-17,,0,,,,,,,,,,,,,,,,
202185,0034005,2,長野県,ナガノケン,Nagano,,,,千曲市,チクマシ,Chikuma-shi,,,,杭瀬下,クイセケ,Kuiseke,五丁目,５チョウメ,5,,,,,0,0,0,0,0,0,1,1,1947-04-17,,0,,,,,,,,,,,,,,,,
202185,0034006,2,長野県,ナガノケン,Nagano,,,,千曲市,チクマシ,Chikuma-shi,,,,杭瀬下,クイセケ,Kuiseke,六丁目,６チョウメ,6,,,,,0,0,0,0,0,0,1,1,1947-04-17,,0,,,,,,,,,,,,,,,,
202193,0001000,1,長野県,ナガノケン,Nagano,,,,東御市,トウミシ,Tomi-shi,,,,県,アガタ,Agata,,,,,,,,0,0,0,0,0,0,1,1,1947-04-17,,0,3890517,,,,,,,,,,,,,,,
202193,0002000,1,長野県,ナガノケン,Nagano,,,,東御市,トウミシ,Tomi-shi,,,,新屋,アラヤ,Araya,,,,,,,,0,0,0,0,0,0,1,1,1947-04-17,,0,3890503,,,,,,,,,,,,,,,
202193,0003000,1,長野県,ナガノケン,Nagano,,,,東御市,トウミシ,Tomi-shi,,,,大日向,オオヒナタ,Ohinata,,,,,,,,0,0,0,0,0,0,1,1,1947-04-17,,0,3890404,,,,,,,,,,,,,,,
202193,0004000,1,長野県,ナガノケン,Nagano,,,,東御市,トウミシ,Tomi-shi,,,,海善寺,カイゼンジ,Kaizenji,,,,,,,,0,0,0,0,0,0,1,1,1947-04-17,,0,3890504,,,,,,,,,,,,,,,
202193,0005000,1,長野県,ナガノケン,Nagano,,,,東御市,トウミシ,Tomi-shi,,,,加沢,カザワ,Kazawa,,,,,,,,0,0,0,0,0,0,1,1,1947-04-17,,0,3890514,,,,,,,,,,,,,,,
202193,0006000,1,長野県,ナガノケン,Nagano,,,,東御市,トウミシ,Tomi-shi,,,,和,カノウ,Kano,,,,,,,,0,0,0,0,0,0,1,1,1947-04-17,,0,3890505,,,,,,,,,,,,,,,
202193,0007000,1,長野県,ナガノケン,Nagano,,,,東御市,トウミシ,Tomi-shi,,,,鞍掛,クラカケ,Kurakake,,,,,,,,0,0,0,0,0,0,1,1,1947-04-17,,0,3890502,,,,,,,,,,,,,,,
202193,0008000,1,長野県,ナガノケン,Nagano,,,,東御市,トウミシ,Tomi-shi,,,,塩川,シオカワ,Shiokawa,,,,,,,,0,0,0,0,0,0,1,1,1947-04-17,,0,3890519,,,,,,,,,,,,,,,
202193,0009000,1,長野県,ナガノケン,Nagano,,,,東御市,トウミシ,Tomi-shi,,,,滋野,シゲノ,Shigeno,,,,,,,,0,0,0,0,0,0,1,1,1947-04-17,,0,3890513,,,,,,,,,,,,,,,
202193,0010000,1,長野県,ナガノケン,Nagano,,,,東御市,トウミシ,Tomi-shi,,,,島川原,シマガワラ,Shimagawara,,,,,,,,0,0,0,0,0,0,1,1,1947-04-17,,0,3890401,,,,,,,,,,,,,,,
202193,0011000,1,長野県,ナガノケン,Nagano,,,,東御市,トウミシ,Tomi-shi,,,,下之城,シモノジョウ,Shimonojo,,,,,,,,0,0,0,0,0,0,1,1,1947-04-17,,0,3890405,,,,,,,,,,,,,,,
202193,0012000,1,長野県,ナガノケン,Nagano,,,,東御市,トウミシ,Tomi-shi,,,,田中,タナカ,Tanaka,,,,,,,,0,0,0,0,0,0,1,1,1947-04-17,,0,3890516,,,,,,,,,,,,,,,
202193,0013000,1,長野県,ナガノケン,Nagano,,,,東御市,トウミシ,Tomi-shi,,,,常田,トキダ,Tokida,,,,,,,,0,0,0,0,0,0,1,1,1947-04-17,,0,3890515,,,,,,,,,,,,,,,
202193,0014000,1,長野県,ナガノケン,Nagano,,,,東御市,トウミシ,Tomi-shi,,,,布下,ヌノシタ,Nunoshita,,,,,,,,0,0,0,0,0,0,1,1,1947-04-17,,0,3890402,,,,,,,,,,,,,,,
202193,0015000,1,長野県,ナガノケン,Nagano,,,,東御市,トウミシ,Tomi-shi,,,,祢津,ネツ,Netsu,,,,,,,,0,0,0,0,0,0,1,1,1947-04-17,,0,3890506,,,,,,,,,,,,,,,
202193,0016000,1,長野県,ナガノケン,Nagano,,,,東御市,トウミシ,Tomi-shi,,,,羽毛山,ハケヤマ,Hakeyama,,,,,,,,0,0,0,0,0,0,1,1,1947-04-17,,0,3890407,,,,,,,,,,,,,,,
202193,0017000,1,長野県,ナガノケン,Nagano,,,,東御市,トウミシ,Tomi-shi,,,,新張,ミハリ,Mihari,,,,,,,,0,0,0,0,0,0,1,1,1947-04-17,,0,3890501,,,,,,,,,,,,,,,
202193,0018000,1,長野県,ナガノケン,Nagano,,,,東御市,トウミシ,Tomi-shi,,,,御牧原,ミマキハラ,Mimakihara,,,,,,,,0,0,0,0,0,0,1,1,1947-04-17,,0,3890403,,,,,,,,,,,,,,,
202193,0019000,1,長野県,ナガノケン,Nagano,,,,東御市,トウミシ,Tomi-shi,,,,本海野,モトウンノ,Motonno,,,,,,,,0,0,0,0,0,0,1,1,1947-04-17,,0,3890518,,,,,,,,,,,,,,,
202193,0020000,1,長野県,ナガノケン,Nagano,,,,東御市,トウミシ,Tomi-shi,,,,八重原,ヤエハラ,Yaehara,,,,,,,,0,0,0,0,0,0,1,1,1947-04-17,,0,3890406,,,,,,,,,,,,,,,
202193,0021000,1,長野県,ナガノケン,Nagano,,,,東御市,トウミシ,Tomi-shi,,,,塩沢,シオサワ,,,,,,,,,0,0,0,0,0,0,1,1,1947-04-17,,0,,,,,,,,,,,,,,,,
202193,0022000,1,長野県,ナガノケン,Nagano,,,,東御市,トウミシ,Tomi-shi,,,,藤沢,フジサワ,,,,,,,,,0,0,0,0,0,0,1,1,1947-04-17,,0,,,,,,,,,,,,,,,,
202193,0024000,1,長野県,ナガノケン,Nagano,,,,東御市,トウミシ,Tomi-shi,,,,滋野乙,シゲノオツ,,,,,,,,,0,0,0,0,0,0,1,0,1947-04-17,,1,,,,,,,,,,,,,,,,
202193,0025000,1,長野県,ナガノケン,Nagano,,,,東御市,トウミシ,Tomi-shi,,,,滋野甲,シゲノコウ,,,,,,,,,0,0,0,0,0,0,1,0,1947-04-17,,1,,,,,,,,,,,,,,,,
202207,0000101,3,長野県,ナガノケン,Nagano,,,,安曇野市,アヅミノシ,Azumino-shi,,,,,,,,,,アルプス,アルプス,,,0,0,0,1,0,0,2,0,1947-04-17,,0,,,,,,,,,,,,,,,,
202207,0000102,3,長野県,ナガノケン,Nagano,,,,安曇野市,アヅミノシ,Azumino-shi,,,,,,,,,,たつみ原,タツミハラ,,,0,0,0,1,0,0,2,0,1947-04-17,,0,,,,,,,,,,,,,,,,
202207,0000103,3,長野県,ナガノケン,Nagano,,,,安曇野市,アヅミノシ,Azumino-shi,,,,,,,,,,一日市場,ヒトイチバ,,,0,0,0,1,0,0,2,0,1947-04-17,,0,,,,,,,,,,,,,,,,
202207,0000104,3,長野県,ナガノケン,Nagano,,,,安曇野市,アヅミノシ,Azumino-shi,,,,,,,,,,塩川原区,シオガワラク,,,0,0,0,1,0,0,2,0,1947-04-17,,0,,,,,,,,,,,,,,,,
202207,0000105,3,長野県,ナガノケン,Nagano,,,,安曇野市,アヅミノシ,Azumino-shi,,,,,,,,,,荻原区,オギワラク,,,0,0,0,1,0,0,2,0,1947-04-17,,0,,,,,,,,,,,,,,,,
202207,0000106,3,長野県,ナガノケン,Nagano,,,,安曇野市,アヅミノシ,Azumino-shi,,,,,,,,,,下押野区,シモオシノク,,,0,0,0,1,0,0,2,0,1947-04-17,,0,,,,,,,,,,,,,,,,
202207,0000107,3,長野県,ナガノケン,Nagano,,,,安曇野市,アヅミノシ,Azumino-shi,,,,,,,,,,下長尾,シモナガオ,,,0,0,0,1,0,0,2,0,1947-04-17,,0,,,,,,,,,,,,,,,,
202207,0000108,3,長野県,ナガノケン,Nagano,,,,安曇野市,アヅミノシ,Azumino-shi,,,,,,,,,,下鳥羽,シモトバ,,,0,0,0,1,0,0,2,0,1947-04-17,,0,,,,,,,,,,,,,,,,
202207,0000109,3,長野県,ナガノケン,Nagano,,,,安曇野市,アヅミノシ,Azumino-shi,,,,,,,,,,下飯田,シモイイダ,,,0,0,0,1,0,0,2,0,1947-04-17,,0,,,,,,,,,,,,,,,,
202207,0000110,3,長野県,ナガノケン,Nagano,,,,安曇野市,アヅミノシ,Azumino-shi,,,,,,,,,,下堀,シモホリ,,,0,0,0,1,0,0,2,0,1947-04-17,,0,,,,,,,,,,,,,,,,
202207,0000112,3,長野県,ナガノケン,Nagano,,,,安曇野市,アヅミノシ,Azumino-shi,,,,,,,,,,岩原,イワハラ,,,0,0,0,1,0,0,2,0,1947-04-17,,0,,,,,,,,,,,,,,,,
202207,0000113,3,長野県,ナガノケン,Nagano,,,,安曇野市,アヅミノシ,Azumino-shi,,,,,,,,,,吉野,ヨシノ,,,0,0,0,1,0,0,2,0,1947-04-17,,0,,,,,,,,,,,,,,,,
202207,0000114,3,長野県,ナガノケン,Nagano,,,,安曇野市,アヅミノシ,Azumino-shi,,,,,,,,,,久保田,クボタ,,,0,0,0,1,0,0,2,0,1947-04-17,,0,,,,,,,,,,,,,,,,
202207,0000115,3,長野県,ナガノケン,Nagano,,,,安曇野市,アヅミノシ,Azumino-shi,,,,,,,,,,及木,オヨビキ,,,0,0,0,1,0,0,2,0,1947-04-17,,0,,,,,,,,,,,,,,,,
202207,0000116,3,長野県,ナガノケン,Nagano,,,,安曇野市,アヅミノシ,Azumino-shi,,,,,,,,,,宮中区,ミヤナカク,,,0,0,0,1,0,0,2,0,1947-04-17,,0,,,,,,,,,,,,,,,,
202207,0000117,3,長野県,ナガノケン,Nagano,,,,安曇野市,アヅミノシ,Azumino-shi,,,,,,,,,,橋爪,ハシヅメ,,,0,0,0,1,0,0,2,0,1947-04-17,,0,,,,,,,,,,,,,,,,
202207,0000118,3,長野県,ナガノケン,Nagano,,,,安曇野市,アヅミノシ,Azumino-shi,,,,,,,,,,熊倉,クマグラ,,,0,0,0,1,0,0,2,0,1947-04-17,,0,,,,,,,,,,,,,,,,
202207,0000119,3,長野県,ナガノケン,Nagano,,,,安曇野市,アヅミノシ,Azumino-shi,,,,,,,,,,古廐,フルマヤ,,,0,0,0,1,0,0,2,0,1947-04-17,,0,,,,,,,,,,,,,,,,
202207,0000120,3,長野県,ナガノケン,Nagano,,,,安曇野市,アヅミノシ,Azumino-shi,,,,,,,,,,狐島,キツネジマ,,,0,0,0,1,0,0,2,0,1947-04-17,,0,,,,,,,,,,,,,,,,
202207,0000121,3,長野県,ナガノケン,Nagano,,,,安曇野市,アヅミノシ,Azumino-shi,,,,,,,,,,光,ヒカル,,,0,0,0,1,0,0,2,0,1947-04-17,,0,,,,,,,,,,,,,,,,
202207,0000122,3,長野県,ナガノケン,Nagano,,,,安曇野市,アヅミノシ,Azumino-shi,,,,,,,,,,細萱,ホソガヤ,,,0,0,0,1,0,0,2,0,1947-04-17,,0,,,,,,,,,,,,,,,,
202207,0000123,3,長野県,ナガノケン,Nagano,,,,安曇野市,アヅミノシ,Azumino-shi,,,,,,,,,,桜坂,サクラザカ,,,0,0,0,1,0,0,2,0,1947-04-17,,0,,,,,,,,,,,,,,,,
202207,0000124,3,長野県,ナガノケン,Nagano,,,,安曇野市,アヅミノシ,Azumino-shi,,,,,,,,,,寺所,テラドコ,,,0,0,0,1,0,0,2,0,1947-04-17,,0,,,,,,,,,,,,,,,,
202207,0000125,3,長野県,ナガノケン,Nagano,,,,安曇野市,アヅミノシ,Azumino-shi,,,,,,,,,,耳塚,ミミヅカ,,,0,0,0,1,0,0,2,0,1947-04-17,,0,,,,,,,,,,,,,,,,
202207,0000126,3,長野県,ナガノケン,Nagano,,,,安曇野市,アヅミノシ,Azumino-shi,,,,,,,,,,七日市場,ナノカイチバ,,,0,0,0,1,0,0,2,0,1947-04-17,,0,,,,,,,,,,,,,,,,
202207,0000127,3,長野県,ナガノケン,Nagano,,,,安曇野市,アヅミノシ,Azumino-shi,,,,,,,,,,室町,ムロマチ,,,0,0,0,1,0,0,2,0,1947-04-17,,0,,,,,,,,,,,,,,,,
202207,0000128,3,長野県,ナガノケン,Nagano,,,,安曇野市,アヅミノシ,Azumino-shi,,,,,,,,,,住吉,スミヨシ,,,0,0,0,1,0,0,2,0,1947-04-17,,0,,,,,,,,,,,,,,,,
202207,0000129,3,長野県,ナガノケン,Nagano,,,,安曇野市,アヅミノシ,Azumino-shi,,,,,,,,,,重柳,シゲヤナギ,,,0,0,0,1,0,0,2,0,1947-04-17,,0,,,,,,,,,,,,,,,,
202207,0000130,3,長野県,ナガノケン,Nagano,,,,安曇野市,アヅミノシ,Azumino-shi,,,,,,,,,,小岩嶽,コイワタケ,,,0,0,0,1,0,0,2,0,1947-04-17,,0,,,,,,,,,,,,,,,,
202207,0000131,3,長野県,ナガノケン,Nagano,,,,安曇野市,アヅミノシ,Azumino-shi,,,,,,,,,,小瀬幅,コセハバ,,,0,0,0,1,0,0,2,0,1947-04-17,,0,,,,,,,,,,,,,,,,
202207,0000132,3,長野県,ナガノケン,Nagano,,,,安曇野市,アヅミノシ,Azumino-shi,,,,,,,,,,小田多井,コダタイ,,,0,0,0,1,0,0,2,0,1947-04-17,,0,,,,,,,,,,,,,,,,
202207,0000133,3,長野県,ナガノケン,Nagano,,,,安曇野市,アヅミノシ,Azumino-shi,,,,,,,,,,上押野区,カミオシノク,,,0,0,0,1,0,0,2,0,1947-04-17,,0,,,,,,,,,,,,,,,,
202207,0000134,3,長野県,ナガノケン,Nagano,,,,安曇野市,アヅミノシ,Azumino-shi,,,,,,,,,,上生野区,カミイクノク,,,0,0,0,1,0,0,2,0,1947-04-17,,0,,,,,,,,,,,,,,,,
202207,0000135,3,長野県,ナガノケン,Nagano,,,,安曇野市,アヅミノシ,Azumino-shi,,,,,,,,,,上長尾,カミナガオ,,,0,0,0,1,0,0,2,0,1947-04-17,,0,,,,,,,,,,,,,,,,
202207,0000136,3,長野県,ナガノケン,Nagano,,,,安曇野市,アヅミノシ,Azumino-shi,,,,,,,,,,上鳥羽,カミトバ,,,0,0,0,1,0,0,2,0,1947-04-17,,0,,,,,,,,,,,,,,,,
202207,0000137,3,長野県,ナガノケン,Nagano,,,,安曇野市,アヅミノシ,Azumino-shi,,,,,,,,,,上堀,カミホリ,,,0,0,0,1,0,0,2,0,1947-04-17,,0,,,,,,,,,,,,,,,,
202207,0000138,3,長野県,ナガノケン,Nagano,,,,安曇野市,アヅミノシ,Azumino-shi,,,,,,,,,,新屋,アラヤ,,,0,0,0,1,0,0,2,0,1947-04-17,,0,,,,,,,,,,,,,,,,
202207,0000139,3,長野県,ナガノケン,Nagano,,,,安曇野市,アヅミノシ,Azumino-shi,,,,,,,,,,新田,シンデン,,,0,0,0,1,0,0,2,0,1947-04-17,,0,,,,,,,,,,,,,,,,
202207,0000140,3,長野県,ナガノケン,Nagano,,,,安曇野市,アヅミノシ,Azumino-shi,,,,,,,,,,真々部,ママベ,,,0,0,0,1,0,0,2,0,1947-04-17,,0,,,,,,,,,,,,,,,,
202207,0000141,3,長野県,ナガノケン,Nagano,,,,安曇野市,アヅミノシ,Azumino-shi,,,,,,,,,,嵩下,タケノス,,,0,0,0,1,0,0,2,0,1947-04-17,,0,,,,,,,,,,,,,,,,
202207,0000142,3,長野県,ナガノケン,Nagano,,,,安曇野市,アヅミノシ,Azumino-shi,,,,,,,,,,成相,ナリアイ,,,0,0,0,1,0,0,2,0,1947-04-17,,0,,,,,,,,,,,,,,,,
202207,0000143,3,長野県,ナガノケン,Nagano,,,,安曇野市,アヅミノシ,Azumino-shi,,,,,,,,,,青木花見,アオケミ,,,0,0,0,1,0,0,2,0,1947-04-17,,0,,,,,,,,,,,,,,,,
202207,0000144,3,長野県,ナガノケン,Nagano,,,,安曇野市,アヅミノシ,Azumino-shi,,,,,,,,,,扇町,オオギマチ,,,0,0,0,1,0,0,2,0,1947-04-17,,0,,,,,,,,,,,,,,,,
202207,0000145,3,長野県,ナガノケン,Nagano,,,,安曇野市,アヅミノシ,Azumino-shi,,,,,,,,,,倉田,クラタ,,,0,0,0,1,0,0,2,0,1947-04-17,,0,,,,,,,,,,,,,,,,
202207,0000146,3,長野県,ナガノケン,Nagano,,,,安曇野市,アヅミノシ,Azumino-shi,,,,,,,,,,大口沢,オオクチザワ,,,0,0,0,1,0,0,2,0,1947-04-17,,0,,,,,,,,,,,,,,,,
202207,0000147,3,長野県,ナガノケン,Nagano,,,,安曇野市,アヅミノシ,Azumino-shi,,,,,,,,,,大足区,オオアシク,,,0,0,0,1,0,0,2,0,1947-04-17,,0,,,,,,,,,,,,,,,,
202207,0000148,3,長野県,ナガノケン,Nagano,,,,安曇野市,アヅミノシ,Azumino-shi,,,,,,,,,,中萱,ナカガヤ,,,0,0,0,1,0,0,2,0,1947-04-17,,0,,,,,,,,,,,,,,,,
202207,0000149,3,長野県,ナガノケン,Nagano,,,,安曇野市,アヅミノシ,Azumino-shi,,,,,,,,,,中曽根,ナカソネ,,,0,0,0,1,0,0,2,0,1947-04-17,,0,,,,,,,,,,,,,,,,
202207,0000150,3,長野県,ナガノケン,Nagano,,,,安曇野市,アヅミノシ,Azumino-shi,,,,,,,,,,中堀,ナカホリ,,,0,0,0,1,0,0,2,0,1947-04-17,,0,,,,,,,,,,,,,,,,
202207,0000151,3,長野県,ナガノケン,Nagano,,,,安曇野市,アヅミノシ,Azumino-shi,,,,,,,,,,潮区,ウシオク,,,0,0,0,1,0,0,2,0,1947-04-17,,0,,,,,,,,,,,,,,,,
202207,0000152,3,長野県,ナガノケン,Nagano,,,,安曇野市,アヅミノシ,Azumino-shi,,,,,,,,,,潮沢区,ウシオザワク,,,0,0,0,1,0,0,2,0,1947-04-17,,0,,,,,,,,,,,,,,,,
202207,0000153,3,長野県,ナガノケン,Nagano,,,,安曇野市,アヅミノシ,Azumino-shi,,,,,,,,,,町区,マチク,,,0,0,0,1,0,0,2,0,1947-04-17,,0,,,,,,,,,,,,,,,,
202207,0000154,3,長野県,ナガノケン,Nagano,,,,安曇野市,アヅミノシ,Azumino-shi,,,,,,,,,,田尻,タジリ,,,0,0,0,1,0,0,2,0,1947-04-17,,0,,,,,,,,,,,,,,,,
202207,0000155,3,長野県,ナガノケン,Nagano,,,,安曇野市,アヅミノシ,Azumino-shi,,,,,,,,,,田多井,タタイ,,,0,0,0,1,0,0,2,0,1947-04-17,,0,,,,,,,,,,,,,,,,
202207,0000156,3,長野県,ナガノケン,Nagano,,,,安曇野市,アヅミノシ,Azumino-shi,,,,,,,,,,田沢,タザワ,,,0,0,0,1,0,0,2,0,1947-04-17,,0,,,,,,,,,,,,,,,,
202207,0000157,3,長野県,ナガノケン,Nagano,,,,安曇野市,アヅミノシ,Azumino-shi,,,,,,,,,,東小倉,ヒガシオグラ,,,0,0,0,1,0,0,2,0,1947-04-17,,0,,,,,,,,,,,,,,,,
202207,0000158,3,長野県,ナガノケン,Nagano,,,,安曇野市,アヅミノシ,Azumino-shi,,,,,,,,,,等々力,トドリキ,,,0,0,0,1,0,0,2,0,1947-04-17,,0,,,,,,,,,,,,,,,,
202207,0000159,3,長野県,ナガノケン,Nagano,,,,安曇野市,アヅミノシ,Azumino-shi,,,,,,,,,,等々力町,トドリキマチ,,,0,0,0,1,0,0,2,0,1947-04-17,,0,,,,,,,,,,,,,,,,
202207,0000160,3,長野県,ナガノケン,Nagano,,,,安曇野市,アヅミノシ,Azumino-shi,,,,,,,,,,踏入,フミイリ,,,0,0,0,1,0,0,2,0,1947-04-17,,0,,,,,,,,,,,,,,,,
202207,0000161,3,長野県,ナガノケン,Nagano,,,,安曇野市,アヅミノシ,Azumino-shi,,,,,,,,,,徳治郎,トクジロウ,,,0,0,0,1,0,0,2,0,1947-04-17,,0,,,,,,,,,,,,,,,,
202207,0000162,3,長野県,ナガノケン,Nagano,,,,安曇野市,アヅミノシ,Azumino-shi,,,,,,,,,,南小倉,ミナミオグラ,,,0,0,0,1,0,0,2,0,1947-04-17,,0,,,,,,,,,,,,,,,,
202207,0000163,3,長野県,ナガノケン,Nagano,,,,安曇野市,アヅミノシ,Azumino-shi,,,,,,,,,,南陸郷区,ミナミリクゴウク,,,0,0,0,1,0,0,2,0,1947-04-17,,0,,,,,,,,,,,,,,,,
202207,0000164,3,長野県,ナガノケン,Nagano,,,,安曇野市,アヅミノシ,Azumino-shi,,,,,,,,,,二木,フタツギ,,,0,0,0,1,0,0,2,0,1947-04-17,,0,,,,,,,,,,,,,,,,
202207,0000165,3,長野県,ナガノケン,Nagano,,,,安曇野市,アヅミノシ,Azumino-shi,,,,,,,,,,柏原,カシワバラ,,,0,0,0,1,0,0,2,0,1947-04-17,,0,,,,,,,,,,,,,,,,
202207,0000166,3,長野県,ナガノケン,Nagano,,,,安曇野市,アヅミノシ,Azumino-shi,,,,,,,,,,柏矢町,ハクヤチョウ,,,0,0,0,1,0,0,2,0,1947-04-17,,0,,,,,,,,,,,,,,,,
202207,0000167,3,長野県,ナガノケン,Nagano,,,,安曇野市,アヅミノシ,Azumino-shi,,,,,,,,,,白金,シロカネ,,,0,0,0,1,0,0,2,0,1947-04-17,,0,,,,,,,,,,,,,,,,
202207,0000168,3,長野県,ナガノケン,Nagano,,,,安曇野市,アヅミノシ,Azumino-shi,,,,,,,,,,飯田,イイダ,,,0,0,0,1,0,0,2,0,1947-04-17,,0,,,,,,,,,,,,,,,,
202207,0000169,3,長野県,ナガノケン,Nagano,,,,安曇野市,アヅミノシ,Azumino-shi,,,,,,,,,,富田,トミタ,,,0,0,0,1,0,0,2,0,1947-04-17,,0,,,,,,,,,,,,,,,,
202207,0000170,3,長野県,ナガノケン,Nagano,,,,安曇野市,アヅミノシ,Azumino-shi,,,,,,,,,,穂高町,ホタカマチ,,,0,0,0,1,0,0,2,0,1947-04-17,,0,,,,,,,,,,,,,,,,
202207,0000171,3,長野県,ナガノケン,Nagano,,,,安曇野市,アヅミノシ,Azumino-shi,,,,,,,,,,豊里,トヨサト,,,0,0,0,1,0,0,2,0,1947-04-17,,0,,,,,,,,,,,,,,,,
202207,0000172,3,長野県,ナガノケン,Nagano,,,,安曇野市,アヅミノシ,Azumino-shi,,,,,,,,,,北小倉,キタオグラ,,,0,0,0,1,0,0,2,0,1947-04-17,,0,,,,,,,,,,,,,,,,
202207,0000173,3,長野県,ナガノケン,Nagano,,,,安曇野市,アヅミノシ,Azumino-shi,,,,,,,,,,牧,マキ,,,0,0,0,1,0,0,2,0,1947-04-17,,0,,,,,,,,,,,,,,,,
202207,0000174,3,長野県,ナガノケン,Nagano,,,,安曇野市,アヅミノシ,Azumino-shi,,,,,,,,,,本村,ホンムラ,,,0,0,0,1,0,0,2,0,1947-04-17,,0,,,,,,,,,,,,,,,,
202207,0000175,3,長野県,ナガノケン,Nagano,,,,安曇野市,アヅミノシ,Azumino-shi,,,,,,,,,,明科区,アカシナク,,,0,0,0,1,0,0,2,0,1947-04-17,,0,,,,,,,,,,,,,,,,
202207,0000176,3,長野県,ナガノケン,Nagano,,,,安曇野市,アヅミノシ,Azumino-shi,,,,,,,,,,木戸区,キドク,,,0,0,0,1,0,0,2,0,1947-04-17,,0,,,,,,,,,,,,,,,,
202207,0000177,3,長野県,ナガノケン,Nagano,,,,安曇野市,アヅミノシ,Azumino-shi,,,,,,,,,,野沢,ノザワ,,,0,0,0,1,0,0,2,0,1947-04-17,,0,,,,,,,,,,,,,,,,
202207,0000178,3,長野県,ナガノケン,Nagano,,,,安曇野市,アヅミノシ,Azumino-shi,,,,,,,,,,矢原,ヤバラ,,,0,0,0,1,0,0,2,0,1947-04-17,,0,,,,,,,,,,,,,,,,
202207,0000179,3,長野県,ナガノケン,Nagano,,,,安曇野市,アヅミノシ,Azumino-shi,,,,,,,,,,立足,タテアシ,,,0,0,0,1,0,0,2,0,1947-04-17,,0,,,,,,,,,,,,,,,,
202207,0000180,3,長野県,ナガノケン,Nagano,,,,安曇野市,アヅミノシ,Azumino-shi,,,,,,,,,,楡,ニレ,,,0,0,0,1,0,0,2,0,1947-04-17,,0,,,,,,,,,,,,,,,,
202207,0000181,3,長野県,ナガノケン,Nagano,,,,安曇野市,アヅミノシ,Azumino-shi,,,,,,,,,,塚原,ツカハラ,,,0,0,0,1,0,0,2,0,1947-04-17,,0,,,,,,,,,,,,,,,,
202207,0000182,3,長野県,ナガノケン,Nagano,,,,安曇野市,アヅミノシ,Azumino-shi,,,,,,,,,,光区,ヒカルク,,,0,0,0,1,0,0,2,0,1947-04-17,,1,,,,,,,,,,,,,,,,
202207,0000183,3,長野県,ナガノケン,Nagano,,,,安曇野市,アヅミノシ,Azumino-shi,,,,,,,,,,宮城,ミヤシロ,,,0,0,0,1,0,0,2,0,1947-04-17,,1,,,,,,,,,,,,,,,,
202207,0000184,3,長野県,ナガノケン,Nagano,,,,安曇野市,アヅミノシ,Azumino-shi,,,,,,,,,,穂高区,ホタカク,,,0,0,0,1,0,0,2,0,1947-04-17,,1,,,,,,,,,,,,,,,,
202207,0000185,3,長野県,ナガノケン,Nagano,,,,安曇野市,アヅミノシ,Azumino-shi,,,,,,,,,,穂高団地,ホタカダンチ,,,0,0,0,1,0,0,2,0,1947-04-17,,1,,,,,,,,,,,,,,,,
202207,0001000,1,長野県,ナガノケン,Nagano,,,,安曇野市,アヅミノシ,Azumino-shi,,,,明科中川手,アカシナナカガワテ,Akashina Nakagawate,,,,,,,,0,0,0,0,0,0,1,1,1947-04-17,,0,3997102,,,,,,,,,,,,,,,
202207,0002000,1,長野県,ナガノケン,Nagano,,,,安曇野市,アヅミノシ,Azumino-shi,,,,明科七貴,アカシナナナキ,Akashina Nanaki,,,,,,,,0,0,0,0,0,0,1,1,1947-04-17,,0,3997104,,,,,,,,,,,,,,,
202207,0003000,1,長野県,ナガノケン,Nagano,,,,安曇野市,アヅミノシ,Azumino-shi,,,,明科東川手,アカシナヒガシカワテ,Akashina Higashikawate,,,,,,,,0,0,0,0,0,0,1,1,1947-04-17,,0,3997101,,,,,,,,,,,,,,,
202207,0004000,1,長野県,ナガノケン,Nagano,,,,安曇野市,アヅミノシ,Azumino-shi,,,,明科光,アカシナヒカル,Akashina Hikaru,,,,,,,,0,0,0,0,0,0,1,1,1947-04-17,,0,3997103,,,,,,,,,,,,,,,
202207,0005000,1,長野県,ナガノケン,Nagano,,,,安曇野市,アヅミノシ,Azumino-shi,,,,明科南陸郷,アカシナミナミリクゴウ,Akashina Minamirikugo,,,,,,,,0,0,0,0,0,0,1,1,1947-04-17,,0,3997105,,,,,,,,,,,,,,,
202207,0006000,1,長野県,ナガノケン,Nagano,,,,安曇野市,アヅミノシ,Azumino-shi,,,,豊科,トヨシナ,Toyoshina,,,,,,,,0,0,0,0,0,0,1,1,1947-04-17,,0,3998205,,,,,,,,,,,,,,,
202207,0007000,1,長野県,ナガノケン,Nagano,,,,安曇野市,アヅミノシ,Azumino-shi,,,,豊科高家,トヨシナタキベ,Toyoshina Takibe,,,,,,,,0,0,0,0,0,0,1,1,1947-04-17,,0,3998204,,,,,,,,,,,,,,,
202207,0008000,1,長野県,ナガノケン,Nagano,,,,安曇野市,アヅミノシ,Azumino-shi,,,,豊科田沢,トヨシナタザワ,Toyoshina Tazawa,,,,,,,,0,0,0,0,0,0,1,1,1947-04-17,,0,3998203,,,,,,,,,,,,,,,
202207,0009000,1,長野県,ナガノケン,Nagano,,,,安曇野市,アヅミノシ,Azumino-shi,,,,豊科光,トヨシナヒカル,Toyoshina Hikaru,,,,,,,,0,0,0,0,0,0,1,1,1947-04-17,,0,3998202,,,,,,,,,,,,,,,
202207,0010000,1,長野県,ナガノケン,Nagano,,,,安曇野市,アヅミノシ,Azumino-shi,,,,豊科南穂高,トヨシナミナミホタカ,Toyoshina Minamihotaka,,,,,,,,0,0,0,0,0,0,1,1,1947-04-17,,0,3998201,,,,,,,,,,,,,,,
202207,0011000,1,長野県,ナガノケン,Nagano,,,,安曇野市,アヅミノシ,Azumino-shi,,,,穂高,ホタカ,Hotaka,,,,,,,,0,0,0,0,0,0,1,1,1947-04-17,,0,3998303,,,,,,,,,,,,,,,
202207,0012000,1,長野県,ナガノケン,Nagano,,,,安曇野市,アヅミノシ,Azumino-shi,,,,穂高有明,ホタカアリアケ,Hotaka Ariake,,,,,,,,0,0,0,0,0,0,1,1,1947-04-17,,0,3998301,,,,,,,,,,,,,,,
202207,0013000,1,長野県,ナガノケン,Nagano,,,,安曇野市,アヅミノシ,Azumino-shi,,,,穂高柏原,ホタカカシワバラ,Hotaka Kashiwabara,,,,,,,,0,0,0,0,0,0,1,1,1947-04-17,,0,3998304,,,,,,,,,,,,,,,
202207,0014000,1,長野県,ナガノケン,Nagano,,,,安曇野市,アヅミノシ,Azumino-shi,,,,穂高北穂高,ホタカキタホタカ,Hotaka Kitahotaka,,,,,,,,0,0,0,0,0,0,1,1,1947-04-17,,0,3998302,,,,,,,,,,,,,,,
202207,0015000,1,長野県,ナガノケン,Nagano,,,,安曇野市,アヅミノシ,Azumino-shi,,,,穂高牧,ホタカマキ,Hotaka Maki,,,,,,,,0,0,0,0,0,0,1,1,1947-04-17,,0,3998305,,,,,,,,,,,,,,,
202207,0016000,1,長野県,ナガノケン,Nagano,,,,安曇野市,アヅミノシ,Azumino-shi,,,,堀金烏川,ホリガネカラスガワ,Horigane Karasugawa,,,,,,,,0,0,0,0,0,0,1,1,1947-04-17,,0,3998211,,,,,,,,,,,,,,,
202207,0017000,1,長野県,ナガノケン,Nagano,,,,安曇野市,アヅミノシ,Azumino-shi,,,,堀金三田,ホリガネミタ,Horigane Mita,,,,,,,,0,0,0,0,0,0,1,1,1947-04-17,,0,3998212,,,,,,,,,,,,,,,
202207,0018000,1,長野県,ナガノケン,Nagano,,,,安曇野市,アヅミノシ,Azumino-shi,,,,三郷小倉,ミサトオグラ,Misato Ogura,,,,,,,,0,0,0,0,0,0,1,1,1947-04-17,,0,3998103,,,,,,,,,,,,,,,
202207,0019000,1,長野県,ナガノケン,Nagano,,,,安曇野市,アヅミノシ,Azumino-shi,,,,三郷明盛,ミサトメイセイ,Misato Meisei,,,,,,,,0,0,0,0,0,0,1,1,1947-04-17,,0,3998101,,,,,,,,,,,,,,,
202207,0020000,1,長野県,ナガノケン,Nagano,,,,安曇野市,アヅミノシ,Azumino-shi,,,,三郷温,ミサトユタカ,Misato Yutaka,,,,,,,,0,0,0,0,0,0,1,1,1947-04-17,,0,3998102,,,,,,,,,,,,,,,
203033,0001000,1,長野県,ナガノケン,Nagano,南佐久郡,ミナミサクグン,Minamisaku-gun,小海町,コウミマチ,Komi-machi,,,,大字稲子,オオアザイナゴ,Inako,,,,,,,,0,0,0,0,0,0,1,1,1947-04-17,,0,3841104,,,,,,,,,,,,,,,
203033,0002000,1,長野県,ナガノケン,Nagano,南佐久郡,ミナミサクグン,Minamisaku-gun,小海町,コウミマチ,Komi-machi,,,,大字小海,オオアザコウミ,Komi,,,,,,,,0,0,0,0,0,0,1,1,1947-04-17,,0,3841102,,,,,,,,,,,,,,,
203033,0003000,1,長野県,ナガノケン,Nagano,南佐久郡,ミナミサクグン,Minamisaku-gun,小海町,コウミマチ,Komi-machi,,,,大字千代里,オオアザチヨサト,Chiyosato,,,,,,,,0,0,0,0,0,0,1,1,1947-04-17,,0,3841105,,,,,,,,,,,,,,,
203033,0004000,1,長野県,ナガノケン,Nagano,南佐久郡,ミナミサクグン,Minamisaku-gun,小海町,コウミマチ,Komi-machi,,,,大字豊里,オオアザトヨサト,Toyosato,,,,,,,,0,0,0,0,0,0,1,1,1947-04-17,,0,3841103,,,,,,,,,,,,,,,
203033,0005000,1,長野県,ナガノケン,Nagano,南佐久郡,ミナミサクグン,Minamisaku-gun,小海町,コウミマチ,Komi-machi,,,,大字東馬流,オオアザヒガシマナガシ,Higashimanagashi,,,,,,,,0,0,0,0,0,0,1,1,1947-04-17,,0,3841101,,,,,,,,,,,,,,,
203041,0001000,1,長野県,ナガノケン,Nagano,南佐久郡,ミナミサクグン,Minamisaku-gun,川上村,カワカミムラ,Kawakami-mura,,,,大字秋山,オオアザアキヤマ,Akiyama,,,,,,,,0,0,0,0,0,0,1,1,1947-04-17,,0,3841403,,,,,,,,,,,,,,,
203041,0002000,1,長野県,ナガノケン,Nagano,南佐久郡,ミナミサクグン,Minamisaku-gun,川上村,カワカミムラ,Kawakami-mura,,,,大字梓山,オオアザアズサヤマ,Azusayama,,,,,,,,0,0,0,0,0,0,1,1,1947-04-17,,0,3841402,,,,,,,,,,,,,,,
203041,0003000,1,長野県,ナガノケン,Nagano,南佐久郡,ミナミサクグン,Minamisaku-gun,川上村,カワカミムラ,Kawakami-mura,,,,大字居倉,オオアザイグラ,Igura,,,,,,,,0,0,0,0,0,0,1,1,1947-04-17,,0,3841404,,,,,,,,,,,,,,,
203041,0004000,1,長野県,ナガノケン,Nagano,南佐久郡,ミナミサクグン,Minamisaku-gun,川上村,カワカミムラ,Kawakami-mura,,,,大字大深山,オオアザオオミヤマ,Omiyama,,,,,,,,0,0,0,0,0,0,1,1,1947-04-17,,0,3841405,,,,,,,,,,,,,,,
203041,0005000,1,長野県,ナガノケン,Nagano,南佐久郡,ミナミサクグン,Minamisaku-gun,川上村,カワカミムラ,Kawakami-mura,,,,大字川端下,オオアザカワハケ,Kawahake,,,,,,,,0,0,0,0,0,0,1,1,1947-04-17,,0,3841401,,,,,,,,,,,,,,,
203041,0006000,1,長野県,ナガノケン,Nagano,南佐久郡,ミナミサクグン,Minamisaku-gun,川上村,カワカミムラ,Kawakami-mura,,,,大字御所平,オオアザゴショダイラ,Goshodaira,,,,,,,,0,0,0,0,0,0,1,1,1947-04-17,,0,3841407,,,,,,,,,,,,,,,
203041,0007000,1,長野県,ナガノケン,Nagano,南佐久郡,ミナミサクグン,Minamisaku-gun,川上村,カワカミムラ,Kawakami-mura,,,,大字原,オオアザハラ,Hara,,,,,,,,0,0,0,0,0,0,1,1,1947-04-17,,0,3841406,,,,,,,,,,,,,,,
203041,0008000,1,長野県,ナガノケン,Nagano,南佐久郡,ミナミサクグン,Minamisaku-gun,川上村,カワカミムラ,Kawakami-mura,,,,大字樋澤,オオアザヒサワ,,,,,,,,,0,0,0,0,0,0,1,0,1947-04-17,,0,,,*_*_MJ014417_*,,,,,,,,,,,,,
203041,0009000,1,長野県,ナガノケン,Nagano,南佐久郡,ミナミサクグン,Minamisaku-gun,川上村,カワカミムラ,Kawakami-mura,,,,大字樋沢,オオアザヒサワ,,,,,,,,,0,0,0,0,0,0,0,1,1970-01-01,,0,,,,,,,,,,,,,,,,
203050,0001000,1,長野県,ナガノケン,Nagano,南佐久郡,ミナミサクグン,Minamisaku-gun,南牧村,ミナミマキムラ,Minamimaki-mura,,,,大字板橋,オオアザイタバシ,Itabashi,,,,,,,,0,0,0,0,0,0,1,1,1947-04-17,,0,3841304,,,,,,,,,,,,,,,
203050,0002000,1,長野県,ナガノケン,Nagano,南佐久郡,ミナミサクグン,Minamisaku-gun,南牧村,ミナミマキムラ,Minamimaki-mura,,,,大字海尻,オオアザウミジリ,Umijiri,,,,,,,,0,0,0,0,0,0,1,1,1947-04-17,,0,3841301,,,,,,,,,,,,,,,
203050,0003000,1,長野県,ナガノケン,Nagano,南佐久郡,ミナミサクグン,Minamisaku-gun,南牧村,ミナミマキムラ,Minamimaki-mura,,,,大字海ノ口,オオアザウミノクチ,Uminokuchi,,,,,,,,0,0,0,0,0,0,1,1,1947-04-17,,0,3841302,,,,,,,,,,,,,,,
203050,0004000,1,長野県,ナガノケン,Nagano,南佐久郡,ミナミサクグン,Minamisaku-gun,南牧村,ミナミマキムラ,Minamimaki-mura,,,,大字野辺山,オオアザノベヤマ,Nobeyama,,,,,,,,0,0,0,0,0,0,1,1,1947-04-17,,0,3841305,,,,,,,,,,,,,,,
203050,0005000,1,長野県,ナガノケン,Nagano,南佐久郡,ミナミサクグン,Minamisaku-gun,南牧村,ミナミマキムラ,Minamimaki-mura,,,,大字平沢,オオアザヒラサワ,Hirasawa,,,,,,,,0,0,0,0,0,0,1,1,1947-04-17,,0,3841306,,,,,,,,,,,,,,,
203050,0006000,1,長野県,ナガノケン,Nagano,南佐久郡,ミナミサクグン,Minamisaku-gun,南牧村,ミナミマキムラ,Minamimaki-mura,,,,大字広瀬,オオアザヒロセ,Hirose,,,,,,,,0,0,0,0,0,0,1,1,1947-04-17,,0,3841303,,,,,,,,,,,,,,,
203068,0000000,4,長野県,ナガノケン,Nagano,南佐久郡,ミナミサクグン,Minamisaku-gun,南相木村,ミナミアイキムラ,Minamiaiki-mura,,,,,,,,,,,,,,0,0,0,0,0,0,1,1,1947-04-17,,0,,,,,,,,,,,,,,,,
203076,0000000,4,長野県,ナガノケン,Nagano,南佐久郡,ミナミサクグン,Minamisaku-gun,北相木村,キタアイキムラ,Kitaaiki-mura,,,,,,,,,,,,,,0,0,0,0,0,0,1,1,1947-04-17,,0,,,,,,,,,,,,,,,,
203092,0001000,1,長野県,ナガノケン,Nagano,南佐久郡,ミナミサクグン,Minamisaku-gun,佐久穂町,サクホマチ,Sakuho-machi,,,,大字大日向,オオアザオオヒナタ,Ohinata,,,,,,,,0,0,0,0,0,0,1,1,1947-04-17,,0,3840502,,,,,,,,,,,,,,,
203092,0002000,1,長野県,ナガノケン,Nagano,南佐久郡,ミナミサクグン,Minamisaku-gun,佐久穂町,サクホマチ,Sakuho-machi,,,,大字海瀬,オオアザカイゼ,Kaize,,,,,,,,0,0,0,0,0,0,1,1,1947-04-17,,0,3840503,,,,,,,,,,,,,,,
203092,0003000,1,長野県,ナガノケン,Nagano,南佐久郡,ミナミサクグン,Minamisaku-gun,佐久穂町,サクホマチ,Sakuho-machi,,,,大字上,オオアザカミ,Kami,,,,,,,,0,0,0,0,0,0,1,1,1947-04-17,,0,3840614,,,,,,,,,,,,,,,
203092,0004000,1,長野県,ナガノケン,Nagano,南佐久郡,ミナミサクグン,Minamisaku-gun,佐久穂町,サクホマチ,Sakuho-machi,,,,大字高野町,オオアザタカノマチ,Takanomachi,,,,,,,,0,0,0,0,0,0,1,1,1947-04-17,,0,3840613,,,,,,,,,,,,,,,
203092,0005000,1,長野県,ナガノケン,Nagano,南佐久郡,ミナミサクグン,Minamisaku-gun,佐久穂町,サクホマチ,Sakuho-machi,,,,大字千代里,オオアザチヨサト,Chiyosato,,,,,,,,0,0,0,0,0,0,1,1,1947-04-17,,0,3840703,,,,,,,,,,,,,,,
203092,0006000,1,長野県,ナガノケン,Nagano,南佐久郡,ミナミサクグン,Minamisaku-gun,佐久穂町,サクホマチ,Sakuho-machi,,,,大字畑,オオアザハタ,Hata,,,,,,,,0,0,0,0,0,0,1,1,1947-04-17,,0,3840701,,,,,,,,,,,,,,,
203092,0007000,1,長野県,ナガノケン,Nagano,南佐久郡,ミナミサクグン,Minamisaku-gun,佐久穂町,サクホマチ,Sakuho-machi,,,,大字平林,オオアザヒラバヤシ,Hirabayashi,,,,,,,,0,0,0,0,0,0,1,1,1947-04-17,,0,3840611,,,,,,,,,,,,,,,
203092,0008000,1,長野県,ナガノケン,Nagano,南佐久郡,ミナミサクグン,Minamisaku-gun,佐久穂町,サクホマチ,Sakuho-machi,,,,大字穂積,オオアザホヅミ,Hozumi,,,,,,,,0,0,0,0,0,0,1,1,1947-04-17,,0,3840702,,,,,,,,,,,,,,,
203092,0009000,1,長野県,ナガノケン,Nagano,南佐久郡,ミナミサクグン,Minamisaku-gun,佐久穂町,サクホマチ,Sakuho-machi,,,,大字八郡,オオアザヤコオリ,Yakori,,,,,,,,0,0,0,0,0,0,1,1,1947-04-17,,0,3840704,,,,,,,,,,,,,,,
203092,0010000,1,長野県,ナガノケン,Nagano,南佐久郡,ミナミサクグン,Minamisaku-gun,佐久穂町,サクホマチ,Sakuho-machi,,,,大字宿岩,オオアザヤドイワ,Yadoiwa,,,,,,,,0,0,0,0,0,0,1,1,1947-04-17,,0,3840612,,,,,,,,,,,,,,,
203092,0011000,1,長野県,ナガノケン,Nagano,南佐久郡,ミナミサクグン,Minamisaku-gun,佐久穂町,サクホマチ,Sakuho-machi,,,,大字余地,オオアザヨジ,Yoji,,,,,,,,0,0,0,0,0,0,1,1,1947-04-17,,0,3840501,,,,,,,,,,,,,,,
203211,0001000,1,長野県,ナガノケン,Nagano,北佐久郡,キタサクグン,Kitasaku-gun,軽井沢町,カルイザワマチ,Karuizawa-machi,,,,大字追分,オオアザオイワケ,Oiwake,,,,,,,,0,0,0,0,0,0,1,1,1947-04-17,,0,3890115,,,,,,,,,,,,,,,
203211,0002000,1,長野県,ナガノケン,Nagano,北佐久郡,キタサクグン,Kitasaku-gun,軽井沢町,カルイザワマチ,Karuizawa-machi,,,,大字軽井沢,オオアザカルイザワ,,,,,,,,,0,0,0,0,0,0,1,1,1947-04-17,,0,,,,,,,,,,,,,,,,
203211,0003000,1,長野県,ナガノケン,Nagano,北佐久郡,キタサクグン,Kitasaku-gun,軽井沢町,カルイザワマチ,Karuizawa-machi,,,,大字峠町,オオアザトウゲマチ,Togemachi,,,,,,,,0,0,0,0,0,0,1,1,1947-04-17,,0,3890101,,,,,,,,,,,,,,,
203211,0004000,1,長野県,ナガノケン,Nagano,北佐久郡,キタサクグン,Kitasaku-gun,軽井沢町,カルイザワマチ,Karuizawa-machi,,,,大字長倉,オオアザナガクラ,Nagakura,,,,,,,,0,0,0,0,0,0,1,1,1947-04-17,,0,3890111,,,,,,,,,,,,,,,
203211,0005000,1,長野県,ナガノケン,Nagano,北佐久郡,キタサクグン,Kitasaku-gun,軽井沢町,カルイザワマチ,Karuizawa-machi,,,,大字発地,オオアザホッチ,Hotchi,,,,,,,,0,0,0,0,0,0,1,1,1947-04-17,,0,3890113,,,,,,,,,,,,,,,
203211,0006000,1,長野県,ナガノケン,Nagano,北佐久郡,キタサクグン,Kitasaku-gun,軽井沢町,カルイザワマチ,Karuizawa-machi,,,,大字茂沢,オオアザモザワ,Mozawa,,,,,,,,0,0,0,0,0,0,1,1,1947-04-17,,0,3890114,,,,,,,,,,,,,,,
203211,0007000,1,長野県,ナガノケン,Nagano,北佐久郡,キタサクグン,Kitasaku-gun,軽井沢町,カルイザワマチ,Karuizawa-machi,,,,軽井沢,カルイザワ,,,,,,,,,0,0,0,0,0,0,1,1,1947-04-17,,0,,,,,,,,,,,,,,,,
203211,0008000,1,長野県,ナガノケン,Nagano,北佐久郡,キタサクグン,Kitasaku-gun,軽井沢町,カルイザワマチ,Karuizawa-machi,,,,軽井沢東,カルイザワヒガシ,Karuizawahigashi,,,,,,,,0,0,0,0,0,0,1,1,1947-04-17,,0,3890104,,,,,,,,,,,,,,,
203211,0009000,1,長野県,ナガノケン,Nagano,北佐久郡,キタサクグン,Kitasaku-gun,軽井沢町,カルイザワマチ,Karuizawa-machi,,,,中軽井沢,ナカカルイザワ,Nakakaruizawa,,,,,,,,0,0,0,0,0,0,1,1,1947-04-17,,0,3890112,,,,,,,,,,,,,,,
203211,0010000,1,長野県,ナガノケン,Nagano,北佐久郡,キタサクグン,Kitasaku-gun,軽井沢町,カルイザワマチ,Karuizawa-machi,,,,大字草越,オオアザクサゴエ,,,,,,,,,0,0,0,0,0,0,1,1,1947-04-17,,0,,,,,,,,,,,,,,,,
203238,0001000,1,長野県,ナガノケン,Nagano,北佐久郡,キタサクグン,Kitasaku-gun,御代田町,ミヨタマチ,Miyota-machi,,,,大字面替,オオアザオモガエ,Omogae,,,,,,,,0,0,0,0,0,0,1,1,1947-04-17,,0,3890205,,,,,,,,,,,,,,,
203238,0002000,1,長野県,ナガノケン,Nagano,北佐久郡,キタサクグン,Kitasaku-gun,御代田町,ミヨタマチ,Miyota-machi,,,,大字草越,オオアザクサゴエ,Kusagoe,,,,,,,,0,0,0,0,0,0,1,1,1947-04-17,,0,3890202,,,,,,,,,,,,,,,
203238,0003000,1,長野県,ナガノケン,Nagano,北佐久郡,キタサクグン,Kitasaku-gun,御代田町,ミヨタマチ,Miyota-machi,,,,大字塩野,オオアザシオノ,Shiono,,,,,,,,0,0,0,0,0,0,1,1,1947-04-17,,0,3890201,,,,,,,,,,,,,,,
203238,0004000,1,長野県,ナガノケン,Nagano,北佐久郡,キタサクグン,Kitasaku-gun,御代田町,ミヨタマチ,Miyota-machi,,,,大字広戸,オオアザヒロト,Hiroto,,,,,,,,0,0,0,0,0,0,1,1,1947-04-17,,0,3890203,,,,,,,,,,,,,,,
203238,0005000,1,長野県,ナガノケン,Nagano,北佐久郡,キタサクグン,Kitasaku-gun,御代田町,ミヨタマチ,Miyota-machi,,,,大字馬瀬口,オオアザマセグチ,Maseguchi,,,,,,,,0,0,0,0,0,0,1,1,1947-04-17,,0,3890207,,,,,,,,,,,,,,,
203238,0006000,1,長野県,ナガノケン,Nagano,北佐久郡,キタサクグン,Kitasaku-gun,御代田町,ミヨタマチ,Miyota-machi,,,,大字御代田,オオアザミヨタ,Miyota,,,,,,,,0,0,0,0,0,0,1,1,1947-04-17,,0,3890206,,,,,,,,,,,,,,,
203238,0007000,1,長野県,ナガノケン,Nagano,北佐久郡,キタサクグン,Kitasaku-gun,御代田町,ミヨタマチ,Miyota-machi,,,,大字豊昇,オオアザホウショウ,Hosho,,,,,,,,0,0,0,0,0,0,1,1,1947-04-17,,0,3890204,,,,,,,,,,,,,,,
203238,0008000,1,長野県,ナガノケン,Nagano,北佐久郡,キタサクグン,Kitasaku-gun,御代田町,ミヨタマチ,Miyota-machi,,,,大字茂沢,オオアザモザワ,Mosawa,,,,,,,,0,0,0,0,0,0,1,1,1947-04-17,,0,3890208,,,,,,,,,,,,,,,
203246,0001000,1,長野県,ナガノケン,Nagano,北佐久郡,キタサクグン,Kitasaku-gun,立科町,タテシナマチ,Tateshina-machi,,,,大字芦田,オオアザアシダ,Ashida,,,,,,,,0,0,0,0,0,0,1,1,1947-04-17,,0,3842305,,,,,,,,,,,,,,,
203246,0002000,1,長野県,ナガノケン,Nagano,北佐久郡,キタサクグン,Kitasaku-gun,立科町,タテシナマチ,Tateshina-machi,,,,大字芦田八ケ野,オオアザアシダハッカノ,,,,,,,,,0,0,0,0,0,0,1,1,1947-04-17,,0,,,,,,,,,,,,,,,,
203246,0003000,1,長野県,ナガノケン,Nagano,北佐久郡,キタサクグン,Kitasaku-gun,立科町,タテシナマチ,Tateshina-machi,,,,大字牛鹿,オオアザウシロク,Ushiroku,,,,,,,,0,0,0,0,0,0,1,1,1947-04-17,,0,3842308,,,,,,,,,,,,,,,
203246,0004000,1,長野県,ナガノケン,Nagano,北佐久郡,キタサクグン,Kitasaku-gun,立科町,タテシナマチ,Tateshina-machi,,,,大字宇山,オオアザウヤマ,Uyama,,,,,,,,0,0,0,0,0,0,1,1,1947-04-17,,0,3842306,,,,,,,,,,,,,,,
203246,0005000,1,長野県,ナガノケン,Nagano,北佐久郡,キタサクグン,Kitasaku-gun,立科町,タテシナマチ,Tateshina-machi,,,,大字桐原,オオアザキリハラ,Kirihara,,,,,,,,0,0,0,0,0,0,1,1,1947-04-17,,0,3842301,,,,,,,,,,,,,,,
203246,0006000,1,長野県,ナガノケン,Nagano,北佐久郡,キタサクグン,Kitasaku-gun,立科町,タテシナマチ,Tateshina-machi,,,,大字塩沢,オオアザシオサワ,Shiosawa,,,,,,,,0,0,0,0,0,0,1,1,1947-04-17,,0,3842303,,,,,,,,,,,,,,,
203246,0007000,1,長野県,ナガノケン,Nagano,北佐久郡,キタサクグン,Kitasaku-gun,立科町,タテシナマチ,Tateshina-machi,,,,大字藤沢,オオアザフジサワ,Fujisawa,,,,,,,,0,0,0,0,0,0,1,1,1947-04-17,,0,3842302,,,,,,,,,,,,,,,
203246,0008000,1,長野県,ナガノケン,Nagano,北佐久郡,キタサクグン,Kitasaku-gun,立科町,タテシナマチ,Tateshina-machi,,,,大字茂田井,オオアザモタイ,,,,,,,,,0,0,0,0,0,0,1,1,1947-04-17,,0,,,,,,,,,,,,,,,,
203246,0009000,1,長野県,ナガノケン,Nagano,北佐久郡,キタサクグン,Kitasaku-gun,立科町,タテシナマチ,Tateshina-machi,,,,大字山部,オオアザヤマベ,Yamabe,,,,,,,,0,0,0,0,0,0,1,1,1947-04-17,,0,3842307,,,,,,,,,,,,,,,
203491,0001000,1,長野県,ナガノケン,Nagano,小県郡,チイサガタグン,Chiisagata-gun,青木村,アオキムラ,Aoki-mura,,,,大字夫神,オオアザオカミ,Okami,,,,,,,,0,0,0,0,0,0,1,1,1947-04-17,,0,3861605,,,,,,,,,,,,,,,
203491,0002000,1,長野県,ナガノケン,Nagano,小県郡,チイサガタグン,Chiisagata-gun,青木村,アオキムラ,Aoki-mura,,,,大字沓掛,オオアザクツカケ,Kutsukake,,,,,,,,0,0,0,0,0,0,1,1,1947-04-17,,0,3861606,,,,,,,,,,,,,,,
203491,0003000,1,長野県,ナガノケン,Nagano,小県郡,チイサガタグン,Chiisagata-gun,青木村,アオキムラ,Aoki-mura,,,,大字田沢,オオアザタザワ,Tazawa,,,,,,,,0,0,0,0,0,0,1,1,1947-04-17,,0,3861601,,,,,,,,,,,,,,,
203491,0004000,1,長野県,ナガノケン,Nagano,小県郡,チイサガタグン,Chiisagata-gun,青木村,アオキムラ,Aoki-mura,,,,大字当郷,オオアザトウゴウ,Togo,,,,,,,,0,0,0,0,0,0,1,1,1947-04-17,,0,3861603,,,,,,,,,,,,,,,
203491,0005000,1,長野県,ナガノケン,Nagano,小県郡,チイサガタグン,Chiisagata-gun,青木村,アオキムラ,Aoki-mura,,,,大字殿戸,オオアザトノド,Tonodo,,,,,,,,0,0,0,0,0,0,1,1,1947-04-17,,0,3861604,,,,,,,,,,,,,,,
203491,0006000,1,長野県,ナガノケン,Nagano,小県郡,チイサガタグン,Chiisagata-gun,青木村,アオキムラ,Aoki-mura,,,,大字奈良本,オオアザナラモト,Naramoto,,,,,,,,0,0,0,0,0,0,1,1,1947-04-17,,0,3861607,,,,,,,,,,,,,,,
203491,0007000,1,長野県,ナガノケン,Nagano,小県郡,チイサガタグン,Chiisagata-gun,青木村,アオキムラ,Aoki-mura,,,,大字村松,オオアザムラマツ,Muramatsu,,,,,,,,0,0,0,0,0,0,1,1,1947-04-17,,0,3861602,,,,,,,,,,,,,,,
203505,0001000,1,長野県,ナガノケン,Nagano,小県郡,チイサガタグン,Chiisagata-gun,長和町,ナガワマチ,Nagawa-machi,,,,大門,ダイモン,Daimon,,,,,,,,0,0,0,0,0,0,1,1,1947-04-17,,0,3860601,,,,,,,,,,,,,,,
203505,0002000,1,長野県,ナガノケン,Nagano,小県郡,チイサガタグン,Chiisagata-gun,長和町,ナガワマチ,Nagawa-machi,,,,長久保,ナガクボ,Nagakubo,,,,,,,,0,0,0,0,0,0,1,1,1947-04-17,,0,3860602,,,,,,,,,,,,,,,
203505,0003000,1,長野県,ナガノケン,Nagano,小県郡,チイサガタグン,Chiisagata-gun,長和町,ナガワマチ,Nagawa-machi,,,,古町,フルマチ,Furumachi,,,,,,,,0,0,0,0,0,0,1,1,1947-04-17,,0,3860603,,,,,,,,,,,,,,,
203505,0004000,1,長野県,ナガノケン,Nagano,小県郡,チイサガタグン,Chiisagata-gun,長和町,ナガワマチ,Nagawa-machi,,,,和田,ワダ,Wada,,,,,,,,0,0,0,0,0,0,1,1,1947-04-17,,0,3860701,,,,,,,,,,,,,,,
203611,0000000,4,長野県,ナガノケン,Nagano,諏訪郡,スワグン,Suwa-gun,下諏訪町,シモスワマチ,Shimosuwa-machi,,,,,,,,,,,,,,0,0,0,0,0,0,1,1,1947-04-17,,0,,,,,,,,,,,,,,,,
203611,0072000,1,長野県,ナガノケン,Nagano,諏訪郡,スワグン,Suwa-gun,下諏訪町,シモスワマチ,Shimosuwa-machi,,,,社,ヤシロ,,,,,,,,,0,0,0,0,0,0,1,1,1947-04-17,,0,,,,,,,,,,,,,,,,
203629,0001000,1,長野県,ナガノケン,Nagano,諏訪郡,スワグン,Suwa-gun,富士見町,フジミマチ,Fujimi-machi,,,,落合,オチアイ,,,,,,,,,0,0,0,0,0,0,1,1,1947-04-17,,0,,,,,,,,,,,,,,,,
203629,0002000,1,長野県,ナガノケン,Nagano,諏訪郡,スワグン,Suwa-gun,富士見町,フジミマチ,Fujimi-machi,,,,乙事,オッコト,Okkoto,,,,,,,,0,0,0,0,0,0,1,1,1947-04-17,,0,3990213,,,,,,,,,,,,,,,
203629,0003000,1,長野県,ナガノケン,Nagano,諏訪郡,スワグン,Suwa-gun,富士見町,フジミマチ,Fujimi-machi,,,,境,サカイ,Sakai,,,,,,,,0,0,0,0,0,0,1,1,1947-04-17,,0,3990101,,,,,,,,,,,,,,,
203629,0004000,1,長野県,ナガノケン,Nagano,諏訪郡,スワグン,Suwa-gun,富士見町,フジミマチ,Fujimi-machi,,,,立沢,タツザワ,Tatsuzawa,,,,,,,,0,0,0,0,0,0,1,1,1947-04-17,,0,3990212,,,,,,,,,,,,,,,
203629,0005000,1,長野県,ナガノケン,Nagano,諏訪郡,スワグン,Suwa-gun,富士見町,フジミマチ,Fujimi-machi,,,,富士見,フジミ,,,,,,,,,0,0,0,0,0,0,1,1,1947-04-17,,0,,,,,,,,,,,,,,,,
203637,0000000,4,長野県,ナガノケン,Nagano,諏訪郡,スワグン,Suwa-gun,原村,ハラムラ,Hara-mura,,,,,,,,,,,,,,0,0,0,0,0,0,1,1,1947-04-17,,0,,,,,,,,,,,,,,,,
203823,0001000,1,長野県,ナガノケン,Nagano,上伊那郡,カミイナグン,Kamiina-gun,辰野町,タツノマチ,Tatsuno-machi,,,,大字赤羽,オオアザアカハネ,Akahane,,,,,,,,0,0,0,0,0,0,1,1,1947-04-17,,0,3990424,,,,,,,,,,,,,,,
203823,0002000,1,長野県,ナガノケン,Nagano,上伊那郡,カミイナグン,Kamiina-gun,辰野町,タツノマチ,Tatsuno-machi,,,,大字伊那富,オオアザイナトミ,Inatomi,,,,,,,,0,0,0,0,0,0,1,1,1947-04-17,,0,3990428,,,,,,,,,,,,,,,
203823,0003000,1,長野県,ナガノケン,Nagano,上伊那郡,カミイナグン,Kamiina-gun,辰野町,タツノマチ,Tatsuno-machi,,,,大字小野,オオアザオノ,Ono,,,,,,,,0,0,0,0,0,0,1,1,1947-04-17,,0,3990601,,,,,,,,,,,,,,,
203823,0004000,1,長野県,ナガノケン,Nagano,上伊那郡,カミイナグン,Kamiina-gun,辰野町,タツノマチ,Tatsuno-machi,,,,大字小野筑,オオアザオノチク,,,,,,,,,0,0,0,0,0,0,1,1,1947-04-17,,0,,,,,,,,,,,,,,,,
203823,0005000,1,長野県,ナガノケン,Nagano,上伊那郡,カミイナグン,Kamiina-gun,辰野町,タツノマチ,Tatsuno-machi,,,,大字上島,オオアザカミジマ,Kamijima,,,,,,,,0,0,0,0,0,0,1,1,1947-04-17,,0,3990512,,,,,,,,,,,,,,,
203823,0006000,1,長野県,ナガノケン,Nagano,上伊那郡,カミイナグン,Kamiina-gun,辰野町,タツノマチ,Tatsuno-machi,,,,大字上平出,オオアザカミヒライデ,,,,,,,,,0,0,0,0,0,0,1,1,1947-04-17,,0,,,,,,,,,,,,,,,,
203823,0007000,1,長野県,ナガノケン,Nagano,上伊那郡,カミイナグン,Kamiina-gun,辰野町,タツノマチ,Tatsuno-machi,,,,大字澤底,オオアザサワソコ,,,,,,,,,0,0,0,0,0,0,1,1,1947-04-17,,0,,,,,,,,,,,,,,,,
203823,0008000,1,長野県,ナガノケン,Nagano,上伊那郡,カミイナグン,Kamiina-gun,辰野町,タツノマチ,Tatsuno-machi,,,,大字辰野,オオアザタツノ,Tatsuno,,,,,,,,0,0,0,0,0,0,1,1,1947-04-17,,0,3990421,,,,,,,,,,,,,,,
203823,0009000,1,長野県,ナガノケン,Nagano,上伊那郡,カミイナグン,Kamiina-gun,辰野町,タツノマチ,Tatsuno-machi,,,,大字樋口,オオアザヒグチ,Higuchi,,,,,,,,0,0,0,0,0,0,1,1,1947-04-17,,0,3990425,,*_*_MJ014417_*,,,,,,,,,,,,,
203823,0010000,1,長野県,ナガノケン,Nagano,上伊那郡,カミイナグン,Kamiina-gun,辰野町,タツノマチ,Tatsuno-machi,,,,大字平出,オオアザヒライデ,Hiraide,,,,,,,,0,0,0,0,0,0,1,1,1947-04-17,,0,3990422,,,,,,,,,,,,,,,
203823,0011000,1,長野県,ナガノケン,Nagano,上伊那郡,カミイナグン,Kamiina-gun,辰野町,タツノマチ,Tatsuno-machi,,,,大字横川,オオアザヨコカワ,Yokokawa,,,,,,,,0,0,0,0,0,0,1,1,1947-04-17,,0,3990511,,,,,,,,,,,,,,,
203823,0012000,1,長野県,ナガノケン,Nagano,上伊那郡,カミイナグン,Kamiina-gun,辰野町,タツノマチ,Tatsuno-machi,,,,大石平,オオイシダイラ,,,,,,,,,0,0,0,0,0,0,1,1,1947-04-17,,0,,,,,,,,,,,,,,,,
203823,0013000,1,長野県,ナガノケン,Nagano,上伊那郡,カミイナグン,Kamiina-gun,辰野町,タツノマチ,Tatsuno-machi,,,,中央,チュウオウ,Chuo,,,,,,,,0,0,0,0,0,0,1,1,1947-04-17,,0,3990427,,,,,,,,,,,,,,,
203823,0014000,1,長野県,ナガノケン,Nagano,上伊那郡,カミイナグン,Kamiina-gun,辰野町,タツノマチ,Tatsuno-machi,,,,中山,ナカヤマ,,,,,,,,,0,0,0,0,0,0,1,1,1947-04-17,,0,,,,,,,,,,,,,,,,
203823,0015000,1,長野県,ナガノケン,Nagano,上伊那郡,カミイナグン,Kamiina-gun,辰野町,タツノマチ,Tatsuno-machi,,,,富士塚,フジヅカ,,,,,,,,,0,0,0,0,0,0,1,1,1947-04-17,,0,,,,,,,,,,,,,,,,
203823,0016000,1,長野県,ナガノケン,Nagano,上伊那郡,カミイナグン,Kamiina-gun,辰野町,タツノマチ,Tatsuno-machi,,,,南平,ミナミダイラ,,,,,,,,,0,0,0,0,0,0,1,1,1947-04-17,,0,,,,,,,,,,,,,,,,
203831,0001000,1,長野県,ナガノケン,Nagano,上伊那郡,カミイナグン,Kamiina-gun,箕輪町,ミノワマチ,Minowa-machi,,,,大字中曽根,オオアザナカソネ,Nakazone,,,,,,,,0,0,0,0,0,0,1,1,1947-04-17,,0,3994605,,,,,,,,,,,,,,,
203831,0002000,1,長野県,ナガノケン,Nagano,上伊那郡,カミイナグン,Kamiina-gun,箕輪町,ミノワマチ,Minowa-machi,,,,大字中箕輪,オオアザナカミノワ,Nakaminowa,,,,,,,,0,0,0,0,0,0,1,1,1947-04-17,,0,3994601,,,,,,,,,,,,,,,
203831,0003000,1,長野県,ナガノケン,Nagano,上伊那郡,カミイナグン,Kamiina-gun,箕輪町,ミノワマチ,Minowa-machi,,,,大字東箕輪,オオアザヒガシミノワ,Higashiminowa,,,,,,,,0,0,0,0,0,0,1,1,1947-04-17,,0,3994602,,,,,,,,,,,,,,,
203831,0004000,1,長野県,ナガノケン,Nagano,上伊那郡,カミイナグン,Kamiina-gun,箕輪町,ミノワマチ,Minowa-machi,,,,大字福与,オオアザフクヨ,Fukuyo,,,,,,,,0,0,0,0,0,0,1,1,1947-04-17,,0,3994604,,,,,,,,,,,,,,,
203831,0005000,1,長野県,ナガノケン,Nagano,上伊那郡,カミイナグン,Kamiina-gun,箕輪町,ミノワマチ,Minowa-machi,,,,大字三日町,オオアザミッカマチ,Mikkamachi,,,,,,,,0,0,0,0,0,0,1,1,1947-04-17,,0,3994603,,,,,,,,,,,,,,,
203840,0001000,1,長野県,ナガノケン,Nagano,上伊那郡,カミイナグン,Kamiina-gun,飯島町,イイジママチ,Iijima-machi,,,,飯島,イイジマ,Iijima,,,,,,,,0,0,0,0,0,0,1,1,1947-04-17,,0,3993702,,,,,,,,,,,,,,,
203840,0002000,1,長野県,ナガノケン,Nagano,上伊那郡,カミイナグン,Kamiina-gun,飯島町,イイジママチ,Iijima-machi,,,,田切,タギリ,Tagiri,,,,,,,,0,0,0,0,0,0,1,1,1947-04-17,,0,3993701,,,,,,,,,,,,,,,
203840,0003000,1,長野県,ナガノケン,Nagano,上伊那郡,カミイナグン,Kamiina-gun,飯島町,イイジママチ,Iijima-machi,,,,七久保,ナナクボ,Nanakubo,,,,,,,,0,0,0,0,0,0,1,1,1947-04-17,,0,3993705,,,,,,,,,,,,,,,
203840,0004000,1,長野県,ナガノケン,Nagano,上伊那郡,カミイナグン,Kamiina-gun,飯島町,イイジママチ,Iijima-machi,,,,日曽利,ヒッソリ,Hissori,,,,,,,,0,0,0,0,0,0,1,1,1947-04-17,,0,3993703,,,,,,,,,,,,,,,
203840,0005000,1,長野県,ナガノケン,Nagano,上伊那郡,カミイナグン,Kamiina-gun,飯島町,イイジママチ,Iijima-machi,,,,本郷,ホンゴウ,Hongo,,,,,,,,0,0,0,0,0,0,1,1,1947-04-17,,0,3993704,,,,,,,,,,,,,,,
203858,0000000,4,長野県,ナガノケン,Nagano,上伊那郡,カミイナグン,Kamiina-gun,南箕輪村,ミナミミノワムラ,Minamiminowa-mura,,,,,,,,,,,,,,0,0,0,0,0,0,0,1,1947-04-17,,0,,,,,,,,,,,,,,,,
203866,0001000,1,長野県,ナガノケン,Nagano,上伊那郡,カミイナグン,Kamiina-gun,中川村,ナカガワムラ,Nakagawa-mura,,,,大草,オオクサ,Okusa,,,,,,,,0,0,0,0,0,0,1,1,1947-04-17,,0,3993801,,,,,,,,,,,,,,,
203866,0002000,1,長野県,ナガノケン,Nagano,上伊那郡,カミイナグン,Kamiina-gun,中川村,ナカガワムラ,Nakagawa-mura,,,,片桐,カタギリ,Katagiri,,,,,,,,0,0,0,0,0,0,1,1,1947-04-17,,0,3993802,,,,,,,,,,,,,,,
203866,0003000,1,長野県,ナガノケン,Nagano,上伊那郡,カミイナグン,Kamiina-gun,中川村,ナカガワムラ,Nakagawa-mura,,,,葛島,カツラシマ,Katsurashima,,,,,,,,0,0,0,0,0,0,1,1,1947-04-17,,0,3993803,,MJ022336_*,,,,,,,,,,,,,
203866,0004000,1,長野県,ナガノケン,Nagano,上伊那郡,カミイナグン,Kamiina-gun,中川村,ナカガワムラ,Nakagawa-mura,,,,四徳,シトク,Shitoku,,,,,,,,0,0,0,0,0,0,1,1,1947-04-17,,0,3993804,,,,,,,,,,,,,,,
203882,0000000,4,長野県,ナガノケン,Nagano,上伊那郡,カミイナグン,Kamiina-gun,宮田村,ミヤダムラ,Miyada-mura,,,,,,,,,,,,,,0,0,0,0,0,0,1,1,1947-04-17,,0,,,,,,,,,,,,,,,,
204021,0001000,1,長野県,ナガノケン,Nagano,下伊那郡,シモイナグン,Shimoina-gun,松川町,マツカワマチ,Matsukawa-machi,,,,生田,イクタ,Ikuta,,,,,,,,0,0,0,0,0,0,1,1,1947-04-17,,0,3993302,,,,,,,,,,,,,,,
204021,0002000,1,長野県,ナガノケン,Nagano,下伊那郡,シモイナグン,Shimoina-gun,松川町,マツカワマチ,Matsukawa-machi,,,,大島,オオジマ,Ojima,,,,,,,,0,0,0,0,0,0,1,1,1947-04-17,,0,3993304,,,,,,,,,,,,,,,
204021,0003000,1,長野県,ナガノケン,Nagano,下伊那郡,シモイナグン,Shimoina-gun,松川町,マツカワマチ,Matsukawa-machi,,,,上片桐,カミカタギリ,Kamikatagiri,,,,,,,,0,0,0,0,0,0,1,1,1947-04-17,,0,3993301,,,,,,,,,,,,,,,
204021,0004000,1,長野県,ナガノケン,Nagano,下伊那郡,シモイナグン,Shimoina-gun,松川町,マツカワマチ,Matsukawa-machi,,,,元大島,モトオオジマ,Motoojima,,,,,,,,0,0,0,0,0,0,1,1,1947-04-17,,0,3993303,,,,,,,,,,,,,,,
204030,0001000,1,長野県,ナガノケン,Nagano,下伊那郡,シモイナグン,Shimoina-gun,高森町,タカモリマチ,Takamori-machi,,,,出原,イズハラ,Izuhara,,,,,,,,0,0,0,0,0,0,1,1,1947-04-17,,0,3993107,,,,,,,,,,,,,,,
204030,0002000,1,長野県,ナガノケン,Nagano,下伊那郡,シモイナグン,Shimoina-gun,高森町,タカモリマチ,Takamori-machi,,,,牛牧,ウシマキ,Ushimaki,,,,,,,,0,0,0,0,0,0,1,1,1947-04-17,,0,3993105,,,,,,,,,,,,,,,
204030,0003000,1,長野県,ナガノケン,Nagano,下伊那郡,シモイナグン,Shimoina-gun,高森町,タカモリマチ,Takamori-machi,,,,大島山,オオジマサン,Ojimasan,,,,,,,,0,0,0,0,0,0,1,1,1947-04-17,,0,3993106,,,,,,,,,,,,,,,
204030,0004000,1,長野県,ナガノケン,Nagano,下伊那郡,シモイナグン,Shimoina-gun,高森町,タカモリマチ,Takamori-machi,,,,上市田,カミイチダ,Kamiichida,,,,,,,,0,0,0,0,0,0,1,1,1947-04-17,,0,3993104,,,,,,,,,,,,,,,
204030,0005000,1,長野県,ナガノケン,Nagano,下伊那郡,シモイナグン,Shimoina-gun,高森町,タカモリマチ,Takamori-machi,,,,下市田,シモイチダ,Shimoichida,,,,,,,,0,0,0,0,0,0,1,1,1947-04-17,,0,3993103,,,,,,,,,,,,,,,
204030,0006000,1,長野県,ナガノケン,Nagano,下伊那郡,シモイナグン,Shimoina-gun,高森町,タカモリマチ,Takamori-machi,,,,山吹,ヤマブキ,Yamabuki,,,,,,,,0,0,0,0,0,0,1,1,1947-04-17,,0,3993101,,,,,,,,,,,,,,,
204030,0007000,1,長野県,ナガノケン,Nagano,下伊那郡,シモイナグン,Shimoina-gun,高森町,タカモリマチ,Takamori-machi,,,,吉田,ヨシダ,Yoshida,,,,,,,,0,0,0,0,0,0,1,1,1947-04-17,,0,3993102,,,,,,,,,,,,,,,
204048,0001000,1,長野県,ナガノケン,Nagano,下伊那郡,シモイナグン,Shimoina-gun,阿南町,アナンチョウ,Anan-cho,,,,北條,キタジョウ,Kitajo,,,,,,,,0,0,0,0,0,0,1,1,1947-04-17,,0,3991501,,,,,,,,,,,,,,,
204048,0002000,1,長野県,ナガノケン,Nagano,下伊那郡,シモイナグン,Shimoina-gun,阿南町,アナンチョウ,Anan-cho,,,,富草,トミクサ,Tomikusa,,,,,,,,0,0,0,0,0,0,1,1,1947-04-17,,0,3991505,,,,,,,,,,,,,,,
204048,0003000,1,長野県,ナガノケン,Nagano,下伊那郡,シモイナグン,Shimoina-gun,阿南町,アナンチョウ,Anan-cho,,,,新野,ニイノ,Niino,,,,,,,,0,0,0,0,0,0,1,1,1947-04-17,,0,3991612,,,,,,,,,,,,,,,
204048,0004000,1,長野県,ナガノケン,Nagano,下伊那郡,シモイナグン,Shimoina-gun,阿南町,アナンチョウ,Anan-cho,,,,西條,ニシジョウ,Nishijo,,,,,,,,0,0,0,0,0,0,1,1,1947-04-17,,0,3991504,,,,,,,,,,,,,,,
204048,0005000,1,長野県,ナガノケン,Nagano,下伊那郡,シモイナグン,Shimoina-gun,阿南町,アナンチョウ,Anan-cho,,,,東條,ヒガシジョウ,Higashijo,,,,,,,,0,0,0,0,0,0,1,1,1947-04-17,,0,3991502,,,,,,,,,,,,,,,
204048,0006000,1,長野県,ナガノケン,Nagano,下伊那郡,シモイナグン,Shimoina-gun,阿南町,アナンチョウ,Anan-cho,,,,南條,ミナミジョウ,Minamijo,,,,,,,,0,0,0,0,0,0,1,1,1947-04-17,,0,3991503,,,,,,,,,,,,,,,
204048,0007000,1,長野県,ナガノケン,Nagano,下伊那郡,シモイナグン,Shimoina-gun,阿南町,アナンチョウ,Anan-cho,,,,和合,ワゴウ,Wago,,,,,,,,0,0,0,0,0,0,1,1,1947-04-17,,0,3991611,,,,,,,,,,,,,,,
204072,0001000,1,長野県,ナガノケン,Nagano,下伊那郡,シモイナグン,Shimoina-gun,阿智村,アチムラ,Achi-mura,,,,春日,カスガ,Kasuga,,,,,,,,0,0,0,0,0,0,1,1,1947-04-17,,0,3950301,,,,,,,,,,,,,,,
204072,0002000,1,長野県,ナガノケン,Nagano,下伊那郡,シモイナグン,Shimoina-gun,阿智村,アチムラ,Achi-mura,,,,伍和,ゴカ,Goka,,,,,,,,0,0,0,0,0,0,1,1,1947-04-17,,0,3950302,,,,,,,,,,,,,,,
204072,0003000,1,長野県,ナガノケン,Nagano,下伊那郡,シモイナグン,Shimoina-gun,阿智村,アチムラ,Achi-mura,,,,駒,コマ,Koma,,,,,,,,0,0,0,0,0,0,1,1,1947-04-17,,0,3950305,,,,,,,,,,,,,,,
204072,0004000,1,長野県,ナガノケン,Nagano,下伊那郡,シモイナグン,Shimoina-gun,阿智村,アチムラ,Achi-mura,,,,駒場,コマバ,Komaba,,,,,,,,0,0,0,0,0,0,1,1,1947-04-17,,0,3950303,,,,,,,,,,,,,,,
204072,0005000,1,長野県,ナガノケン,Nagano,下伊那郡,シモイナグン,Shimoina-gun,阿智村,アチムラ,Achi-mura,,,,清内路,セイナイジ,Seinaiji,,,,,,,,0,0,0,0,0,0,1,1,1947-04-17,,0,3950401,,,,,,,,,,,,,,,
204072,0006000,1,長野県,ナガノケン,Nagano,下伊那郡,シモイナグン,Shimoina-gun,阿智村,アチムラ,Achi-mura,,,,智里,チサト,Chisato,,,,,,,,0,0,0,0,0,0,1,1,1947-04-17,,0,3950304,,,,,,,,,,,,,,,
204072,0007000,1,長野県,ナガノケン,Nagano,下伊那郡,シモイナグン,Shimoina-gun,阿智村,アチムラ,Achi-mura,,,,浪合,ナミアイ,Namiai,,,,,,,,0,0,0,0,0,0,1,1,1947-04-17,,0,3950501,,,,,,,,,,,,,,,
204099,0000000,4,長野県,ナガノケン,Nagano,下伊那郡,シモイナグン,Shimoina-gun,平谷村,ヒラヤムラ,Hiraya-mura,,,,,,,,,,,,,,0,0,0,0,0,0,0,1,1947-04-17,,0,,,,,,,,,,,,,,,,
204102,0000000,4,長野県,ナガノケン,Nagano,下伊那郡,シモイナグン,Shimoina-gun,根羽村,ネバムラ,Neba-mura,,,,,,,,,,,,,,0,0,0,0,0,0,1,1,1947-04-17,,0,,,,,,,,,,,,,,,,
204111,0001000,1,長野県,ナガノケン,Nagano,下伊那郡,シモイナグン,Shimoina-gun,下條村,シモジョウムラ,Shimojo-mura,,,,陽皐,ヒサワ,Hisawa,,,,,,,,0,0,0,0,0,0,1,1,1947-04-17,,0,3992102,,,,,,,,,,,,,,,
204111,0002000,1,長野県,ナガノケン,Nagano,下伊那郡,シモイナグン,Shimoina-gun,下條村,シモジョウムラ,Shimojo-mura,,,,睦沢,ムツザワ,Mutsuzawa,,,,,,,,0,0,0,0,0,0,1,1,1947-04-17,,0,3992101,,,,,,,,,,,,,,,
204137,0001000,1,長野県,ナガノケン,Nagano,下伊那郡,シモイナグン,Shimoina-gun,天龍村,テンリュウムラ,Tenryu-mura,,,,神原,カミハラ,Kamihara,,,,,,,,0,0,0,0,0,0,1,1,1947-04-17,,0,3991202,,,,,,,,,,,,,,,
204137,0002000,1,長野県,ナガノケン,Nagano,下伊那郡,シモイナグン,Shimoina-gun,天龍村,テンリュウムラ,Tenryu-mura,,,,長島,ナガシマ,Nagashima,,,,,,,,0,0,0,0,0,0,1,1,1947-04-17,,0,3991203,,,,,,,,,,,,,,,
204137,0003000,1,長野県,ナガノケン,Nagano,下伊那郡,シモイナグン,Shimoina-gun,天龍村,テンリュウムラ,Tenryu-mura,,,,平岡,ヒラオカ,Hiraoka,,,,,,,,0,0,0,0,0,0,1,1,1947-04-17,,0,3991201,,,,,,,,,,,,,,,
204145,0000000,4,長野県,ナガノケン,Nagano,下伊那郡,シモイナグン,Shimoina-gun,泰阜村,ヤスオカムラ,Yasuoka-mura,,,,,,,,,,,,,,0,0,0,0,0,0,1,1,1947-04-17,,0,,,,,,,,,,,,,,,,
204153,0000000,4,長野県,ナガノケン,Nagano,下伊那郡,シモイナグン,Shimoina-gun,喬木村,タカギムラ,Takagi-mura,,,,,,,,,,,,,,0,0,0,0,0,0,1,1,1947-04-17,,0,,,,,,,,,,,,,,,,
204161,0001000,1,長野県,ナガノケン,Nagano,下伊那郡,シモイナグン,Shimoina-gun,豊丘村,トヨオカムラ,Toyoka-mura,,,,大字河野,オオアザカワノ,,,,,,,,,0,0,0,0,0,0,1,1,1947-04-17,,0,,,,,,,,,,,,,,,,
204161,0002000,1,長野県,ナガノケン,Nagano,下伊那郡,シモイナグン,Shimoina-gun,豊丘村,トヨオカムラ,Toyoka-mura,,,,大字神稲,オオアザクマシロ,Kumashiro,,,,,,,,0,0,0,0,0,0,1,1,1947-04-17,,0,3993202,,,,,,,,,,,,,,,
204170,0001000,1,長野県,ナガノケン,Nagano,下伊那郡,シモイナグン,Shimoina-gun,大鹿村,オオシカムラ,Oshika-mura,,,,大字大河原,オオアザオオガワラ,Okawara,,,,,,,,0,0,0,0,0,0,1,1,1947-04-17,,0,3993502,,,,,,,,,,,,,,,
204170,0002000,1,長野県,ナガノケン,Nagano,下伊那郡,シモイナグン,Shimoina-gun,大鹿村,オオシカムラ,Oshika-mura,,,,大字鹿塩,オオアザカシオ,Kashio,,,,,,,,0,0,0,0,0,0,1,1,1947-04-17,,0,3993501,,,,,,,,,,,,,,,
204226,0001000,1,長野県,ナガノケン,Nagano,木曽郡,キソグン,Kiso-gun,上松町,アゲマツマチ,Agematsu-machi,,,,旭町,アサヒマチ,Asahimachi,,,,,,,,0,0,0,0,0,0,1,1,1947-04-17,,0,3995609,,,,,,,,,,,,,,,
204226,0002001,2,長野県,ナガノケン,Nagano,木曽郡,キソグン,Kiso-gun,上松町,アゲマツマチ,Agematsu-machi,,,,駅前通り,エキマエドオリ,Ekimaedori,１丁目,１チョウメ,1,,,,,0,0,0,0,0,0,1,1,1947-04-17,,0,,,,,,,,,,,,,,,,
204226,0002002,2,長野県,ナガノケン,Nagano,木曽郡,キソグン,Kiso-gun,上松町,アゲマツマチ,Agematsu-machi,,,,駅前通り,エキマエドオリ,Ekimaedori,２丁目,２チョウメ,2,,,,,0,0,0,0,0,0,1,1,1947-04-17,,0,,,,,,,,,,,,,,,,
204226,0002003,2,長野県,ナガノケン,Nagano,木曽郡,キソグン,Kiso-gun,上松町,アゲマツマチ,Agematsu-machi,,,,駅前通り,エキマエドオリ,Ekimaedori,３丁目,３チョウメ,3,,,,,0,0,0,0,0,0,1,1,1947-04-17,,0,,,,,,,,,,,,,,,,
204226,0003000,1,長野県,ナガノケン,Nagano,木曽郡,キソグン,Kiso-gun,上松町,アゲマツマチ,Agematsu-machi,,,,大字上松,オオアザアゲマツ,Agematsu,,,,,,,,0,0,0,0,0,0,1,1,1947-04-17,,0,3995601,,,,,,,,,,,,,,,
204226,0004000,1,長野県,ナガノケン,Nagano,木曽郡,キソグン,Kiso-gun,上松町,アゲマツマチ,Agematsu-machi,,,,大字小川,オオアザオガワ,Ogawa,,,,,,,,0,0,0,0,0,0,1,1,1947-04-17,,0,3995607,,,,,,,,,,,,,,,
204226,0005000,1,長野県,ナガノケン,Nagano,木曽郡,キソグン,Kiso-gun,上松町,アゲマツマチ,Agematsu-machi,,,,大字荻原,オオアザオギハラ,Ogihara,,,,,,,,0,0,0,0,0,0,1,1,1947-04-17,,0,3995608,,,,,,,,,,,,,,,
204226,0006001,2,長野県,ナガノケン,Nagano,木曽郡,キソグン,Kiso-gun,上松町,アゲマツマチ,Agematsu-machi,,,,栄町,サカエマチ,Sakaemachi,１丁目,１チョウメ,1,,,,,0,0,0,0,0,0,1,1,1947-04-17,,0,,,,,,,,,,,,,,,,
204226,0006002,2,長野県,ナガノケン,Nagano,木曽郡,キソグン,Kiso-gun,上松町,アゲマツマチ,Agematsu-machi,,,,栄町,サカエマチ,Sakaemachi,２丁目,２チョウメ,2,,,,,0,0,0,0,0,0,1,1,1947-04-17,,0,,,,,,,,,,,,,,,,
204226,0006003,2,長野県,ナガノケン,Nagano,木曽郡,キソグン,Kiso-gun,上松町,アゲマツマチ,Agematsu-machi,,,,栄町,サカエマチ,Sakaemachi,３丁目,３チョウメ,3,,,,,0,0,0,0,0,0,1,1,1947-04-17,,0,,,,,,,,,,,,,,,,
204226,0007001,2,長野県,ナガノケン,Nagano,木曽郡,キソグン,Kiso-gun,上松町,アゲマツマチ,Agematsu-machi,,,,正島町,ショウジママチ,Shojimamachi,１丁目,１チョウメ,1,,,,,0,0,0,0,0,0,1,1,1947-04-17,,0,,,,,,,,,,,,,,,,
204226,0007002,2,長野県,ナガノケン,Nagano,木曽郡,キソグン,Kiso-gun,上松町,アゲマツマチ,Agematsu-machi,,,,正島町,ショウジママチ,Shojimamachi,２丁目,２チョウメ,2,,,,,0,0,0,0,0,0,1,1,1947-04-17,,0,,,,,,,,,,,,,,,,
204226,0008001,2,長野県,ナガノケン,Nagano,木曽郡,キソグン,Kiso-gun,上松町,アゲマツマチ,Agematsu-machi,,,,本町通り,ホンマチドオリ,Hommachidori,１丁目,１チョウメ,1,,,,,0,0,0,0,0,0,1,1,1947-04-17,,0,,,,,,,,,,,,,,,,
204226,0008002,2,長野県,ナガノケン,Nagano,木曽郡,キソグン,Kiso-gun,上松町,アゲマツマチ,Agematsu-machi,,,,本町通り,ホンマチドオリ,Hommachidori,２丁目,２チョウメ,2,,,,,0,0,0,0,0,0,1,1,1947-04-17,,0,,,,,,,,,,,,,,,,
204226,0008003,2,長野県,ナガノケン,Nagano,木曽郡,キソグン,Kiso-gun,上松町,アゲマツマチ,Agematsu-machi,,,,本町通り,ホンマチドオリ,Hommachidori,３丁目,３チョウメ,3,,,,,0,0,0,0,0,0,1,1,1947-04-17,,0,,,,,,,,,,,,,,,,
204226,0008004,2,長野県,ナガノケン,Nagano,木曽郡,キソグン,Kiso-gun,上松町,アゲマツマチ,Agematsu-machi,,,,本町通り,ホンマチドオリ,Hommachidori,４丁目,４チョウメ,4,,,,,0,0,0,0,0,0,1,1,1947-04-17,,0,,,,,,,,,,,,,,,,
204226,0009001,2,長野県,ナガノケン,Nagano,木曽郡,キソグン,Kiso-gun,上松町,アゲマツマチ,Agematsu-machi,,,,緑町,ミドリマチ,Midorimachi,１丁目,１チョウメ,1,,,,,0,0,0,0,0,0,1,1,1947-04-17,,0,,,,,,,,,,,,,,,,
204226,0009002,2,長野県,ナガノケン,Nagano,木曽郡,キソグン,Kiso-gun,上松町,アゲマツマチ,Agematsu-machi,,,,緑町,ミドリマチ,Midorimachi,２丁目,２チョウメ,2,,,,,0,0,0,0,0,0,1,1,1947-04-17,,0,,,,,,,,,,,,,,,,
204226,0009003,2,長野県,ナガノケン,Nagano,木曽郡,キソグン,Kiso-gun,上松町,アゲマツマチ,Agematsu-machi,,,,緑町,ミドリマチ,Midorimachi,３丁目,３チョウメ,3,,,,,0,0,0,0,0,0,1,1,1947-04-17,,0,,,,,,,,,,,,,,,,
204234,0001000,1,長野県,ナガノケン,Nagano,木曽郡,キソグン,Kiso-gun,南木曽町,ナギソマチ,Nagiso-machi,,,,吾妻,アヅマ,Azuma,,,,,,,,0,0,0,0,0,0,1,1,1947-04-17,,0,3995302,,,,,,,,,,,,,,,
204234,0002000,1,長野県,ナガノケン,Nagano,木曽郡,キソグン,Kiso-gun,南木曽町,ナギソマチ,Nagiso-machi,,,,田立,タダチ,Tadachi,,,,,,,,0,0,0,0,0,0,1,1,1947-04-17,,0,3995303,,,,,,,,,,,,,,,
204234,0003000,1,長野県,ナガノケン,Nagano,木曽郡,キソグン,Kiso-gun,南木曽町,ナギソマチ,Nagiso-machi,,,,読書,ヨミカキ,Yomikaki,,,,,,,,0,0,0,0,0,0,1,1,1947-04-17,,0,3995301,,,,,,,,,,,,,,,
204251,0001000,1,長野県,ナガノケン,Nagano,木曽郡,キソグン,Kiso-gun,木祖村,キソムラ,Kiso-mura,,,,大字小木曽,オオアザオギソ,Ogiso,,,,,,,,0,0,0,0,0,0,1,1,1947-04-17,,0,3996203,,,,,,,,,,,,,,,
204251,0002000,1,長野県,ナガノケン,Nagano,木曽郡,キソグン,Kiso-gun,木祖村,キソムラ,Kiso-mura,,,,大字菅,オオアザスゲ,Suge,,,,,,,,0,0,0,0,0,0,1,1,1947-04-17,,0,3996202,,,,,,,,,,,,,,,
204251,0003000,1,長野県,ナガノケン,Nagano,木曽郡,キソグン,Kiso-gun,木祖村,キソムラ,Kiso-mura,,,,大字薮原,オオアザヤブハラ,Yabuhara,,,,,,,,0,0,0,0,0,0,1,1,1947-04-17,,0,3996201,,,,,,,,,,,,,,,
204293,0000000,4,長野県,ナガノケン,Nagano,木曽郡,キソグン,Kiso-gun,王滝村,オウタキムラ,Otaki-mura,,,,,,,,,,,,,,0,0,0,0,0,0,1,1,1947-04-17,,0,,,,,,,,,,,,,,,,
204307,0001000,1,長野県,ナガノケン,Nagano,木曽郡,キソグン,Kiso-gun,大桑村,オオクワムラ,Okuwa-mura,,,,須原,スハラ,Suhara,,,,,,,,0,0,0,0,0,0,1,1,1947-04-17,,0,3995502,,,,,,,,,,,,,,,
204307,0002000,1,長野県,ナガノケン,Nagano,木曽郡,キソグン,Kiso-gun,大桑村,オオクワムラ,Okuwa-mura,,,,殿,トノ,Tono,,,,,,,,0,0,0,0,0,0,1,1,1947-04-17,,0,3995501,,,,,,,,,,,,,,,
204307,0003000,1,長野県,ナガノケン,Nagano,木曽郡,キソグン,Kiso-gun,大桑村,オオクワムラ,Okuwa-mura,,,,長野,ナガノ,Nagano,,,,,,,,0,0,0,0,0,0,1,1,1947-04-17,,0,3995503,,,,,,,,,,,,,,,
204307,0004000,1,長野県,ナガノケン,Nagano,木曽郡,キソグン,Kiso-gun,大桑村,オオクワムラ,Okuwa-mura,,,,野尻,ノジリ,Nojiri,,,,,,,,0,0,0,0,0,0,1,1,1947-04-17,,0,3995504,,,,,,,,,,,,,,,
204323,0001000,1,長野県,ナガノケン,Nagano,木曽郡,キソグン,Kiso-gun,木曽町,キソマチ,Kiso-machi,,,,開田高原末川,カイダコウゲンスエカワ,Kaidakogen Suekawa,,,,,,,,0,0,0,0,0,0,1,1,1947-04-17,,0,3970301,,,,,,,,,,,,,,,
204323,0002000,1,長野県,ナガノケン,Nagano,木曽郡,キソグン,Kiso-gun,木曽町,キソマチ,Kiso-machi,,,,開田高原西野,カイダコウゲンニシノ,Kaidakogen Nishino,,,,,,,,0,0,0,0,0,0,1,1,1947-04-17,,0,3970302,,,,,,,,,,,,,,,
204323,0003000,1,長野県,ナガノケン,Nagano,木曽郡,キソグン,Kiso-gun,木曽町,キソマチ,Kiso-machi,,,,新開,シンカイ,Shinkai,,,,,,,,0,0,0,0,0,0,1,1,1947-04-17,,0,3970002,,,,,,,,,,,,,,,
204323,0004000,1,長野県,ナガノケン,Nagano,木曽郡,キソグン,Kiso-gun,木曽町,キソマチ,Kiso-machi,,,,日義,ヒヨシ,Hiyoshi,,,,,,,,0,0,0,0,0,0,1,1,1947-04-17,,0,3996101,,,,,,,,,,,,,,,
204323,0005000,1,長野県,ナガノケン,Nagano,木曽郡,キソグン,Kiso-gun,木曽町,キソマチ,Kiso-machi,,,,福島,フクシマ,Fukushima,,,,,,,,0,0,0,0,0,0,1,1,1947-04-17,,0,3970001,,,,,,,,,,,,,,,
204323,0006000,1,長野県,ナガノケン,Nagano,木曽郡,キソグン,Kiso-gun,木曽町,キソマチ,Kiso-machi,,,,三岳,ミタケ,Mitake,,,,,,,,0,0,0,0,0,0,1,1,1947-04-17,,0,3970101,,,,,,,,,,,,,,,
204323,0007000,1,長野県,ナガノケン,Nagano,木曽郡,キソグン,Kiso-gun,木曽町,キソマチ,Kiso-machi,,,,新開福,シンカイフク,Shinkaifuku,,,,,,,,0,0,0,0,0,0,1,1,1947-04-17,,0,3970003,,,,,,,,,,,,,,,
204463,0001000,1,長野県,ナガノケン,Nagano,東筑摩郡,ヒガシチクマグン,Higashichikuma-gun,麻績村,オミムラ,Omi-mura,,,,麻,オ,O,,,,,,,,0,0,0,0,0,0,1,1,1947-04-17,,0,3997701,,,,,,,,,,,,,,,
204463,0002000,1,長野県,ナガノケン,Nagano,東筑摩郡,ヒガシチクマグン,Higashichikuma-gun,麻績村,オミムラ,Omi-mura,,,,日,ヒ,Hi,,,,,,,,0,0,0,0,0,0,1,1,1947-04-17,,0,3997702,,,,,,,,,,,,,,,
204480,0000000,4,長野県,ナガノケン,Nagano,東筑摩郡,ヒガシチクマグン,Higashichikuma-gun,生坂村,イクサカムラ,Ikusaka-mura,,,,,,,,,,,,,,0,0,0,0,0,0,1,1,1947-04-17,,0,,,,,,,,,,,,,,,,
204480,0001000,1,長野県,ナガノケン,Nagano,東筑摩郡,ヒガシチクマグン,Higashichikuma-gun,生坂村,イクサカムラ,Ikusaka-mura,,,,大字北陸郷,オオアザキタリクゴウ,Kitarikugo,,,,,,,,0,0,0,0,0,0,1,1,1947-04-17,,0,3997202,,,,,,,,,,,,,,,
204480,0002000,1,長野県,ナガノケン,Nagano,東筑摩郡,ヒガシチクマグン,Higashichikuma-gun,生坂村,イクサカムラ,Ikusaka-mura,,,,大字東広津,オオアザヒガシヒロツ,Higashihirotsu,,,,,,,,0,0,0,0,0,0,1,1,1947-04-17,,0,3997311,,,,,,,,,,,,,,,
204501,0000000,4,長野県,ナガノケン,Nagano,東筑摩郡,ヒガシチクマグン,Higashichikuma-gun,山形村,ヤマガタムラ,Yamagata-mura,,,,,,,,,,,,,,0,0,0,0,0,0,1,1,1947-04-17,,0,,,,,,,,,,,,,,,,
204501,0001000,1,長野県,ナガノケン,Nagano,東筑摩郡,ヒガシチクマグン,Higashichikuma-gun,山形村,ヤマガタムラ,Yamagata-mura,,,,下竹田,シモタケダ,,,,,,,,,0,0,0,0,0,0,1,0,1947-04-17,,0,,,,,,,,,,,,,,,,
204501,0002000,1,長野県,ナガノケン,Nagano,東筑摩郡,ヒガシチクマグン,Higashichikuma-gun,山形村,ヤマガタムラ,Yamagata-mura,,,,上竹田,カミタケダ,,,,,,,,,0,0,0,0,0,0,1,0,1947-04-17,,0,,,,,,,,,,,,,,,,
204501,0003000,1,長野県,ナガノケン,Nagano,東筑摩郡,ヒガシチクマグン,Higashichikuma-gun,山形村,ヤマガタムラ,Yamagata-mura,,,,下大池,シモオオイケ,,,,,,,,,0,0,0,0,0,0,1,0,1947-04-17,,0,,,,,,,,,,,,,,,,
204501,0004000,1,長野県,ナガノケン,Nagano,東筑摩郡,ヒガシチクマグン,Higashichikuma-gun,山形村,ヤマガタムラ,Yamagata-mura,,,,小坂,オサカ,,,,,,,,,0,0,0,0,0,0,1,0,1947-04-17,,0,,,,,,,,,,,,,,,,
204501,0005000,1,長野県,ナガノケン,Nagano,東筑摩郡,ヒガシチクマグン,Higashichikuma-gun,山形村,ヤマガタムラ,Yamagata-mura,,,,中大池,ナカオオイケ,,,,,,,,,0,0,0,0,0,0,1,0,1947-04-17,,0,,,,,,,,,,,,,,,,
204501,0006000,1,長野県,ナガノケン,Nagano,東筑摩郡,ヒガシチクマグン,Higashichikuma-gun,山形村,ヤマガタムラ,Yamagata-mura,,,,上大池,カミオオイケ,,,,,,,,,0,0,0,0,0,0,1,0,1947-04-17,,0,,,,,,,,,,,,,,,,
204501,0008000,1,長野県,ナガノケン,Nagano,東筑摩郡,ヒガシチクマグン,Higashichikuma-gun,山形村,ヤマガタムラ,Yamagata-mura,,,,三夜塚,サンヤヅカ,,,,,,,,,0,0,0,0,0,0,1,0,1947-04-17,,1,,,,,,,,,,,,,,,,
204501,0009000,1,長野県,ナガノケン,Nagano,東筑摩郡,ヒガシチクマグン,Higashichikuma-gun,山形村,ヤマガタムラ,Yamagata-mura,,,,上中原,カミナカハラ,,,,,,,,,0,0,0,0,0,0,1,0,1947-04-17,,1,,,,,,,,,,,,,,,,
204501,0010000,1,長野県,ナガノケン,Nagano,東筑摩郡,ヒガシチクマグン,Higashichikuma-gun,山形村,ヤマガタムラ,Yamagata-mura,,,,上北沖,カミキタオキ,,,,,,,,,0,0,0,0,0,0,1,0,1947-04-17,,1,,,,,,,,,,,,,,,,
204501,0011000,1,長野県,ナガノケン,Nagano,東筑摩郡,ヒガシチクマグン,Higashichikuma-gun,山形村,ヤマガタムラ,Yamagata-mura,,,,上手,ワデ,,,,,,,,,0,0,0,0,0,0,1,0,1947-04-17,,1,,,,,,,,,,,,,,,,
204501,0012000,1,長野県,ナガノケン,Nagano,東筑摩郡,ヒガシチクマグン,Higashichikuma-gun,山形村,ヤマガタムラ,Yamagata-mura,,,,上手村,ワデムラ,,,,,,,,,0,0,0,0,0,0,1,0,1947-04-17,,1,,,,,,,,,,,,,,,,
204501,0013000,1,長野県,ナガノケン,Nagano,東筑摩郡,ヒガシチクマグン,Higashichikuma-gun,山形村,ヤマガタムラ,Yamagata-mura,,,,上手東,ワデヒガシ,,,,,,,,,0,0,0,0,0,0,1,0,1947-04-17,,1,,,,,,,,,,,,,,,,
204501,0014000,1,長野県,ナガノケン,Nagano,東筑摩郡,ヒガシチクマグン,Higashichikuma-gun,山形村,ヤマガタムラ,Yamagata-mura,,,,上竹田中村,カミタケダナカムラ,,,,,,,,,0,0,0,0,0,0,1,0,1947-04-17,,1,,,,,,,,,,,,,,,,
204501,0015000,1,長野県,ナガノケン,Nagano,東筑摩郡,ヒガシチクマグン,Higashichikuma-gun,山形村,ヤマガタムラ,Yamagata-mura,,,,下中原,シモナカハラ,,,,,,,,,0,0,0,0,0,0,1,0,1947-04-17,,1,,,,,,,,,,,,,,,,
204501,0016000,1,長野県,ナガノケン,Nagano,東筑摩郡,ヒガシチクマグン,Higashichikuma-gun,山形村,ヤマガタムラ,Yamagata-mura,,,,下北沖,シモキタオキ,,,,,,,,,0,0,0,0,0,0,1,0,1947-04-17,,1,,,,,,,,,,,,,,,,
204501,0017000,1,長野県,ナガノケン,Nagano,東筑摩郡,ヒガシチクマグン,Higashichikuma-gun,山形村,ヤマガタムラ,Yamagata-mura,,,,下大池下村,シモオオイケシモムラ,,,,,,,,,0,0,0,0,0,0,1,0,1947-04-17,,1,,,,,,,,,,,,,,,,
204501,0018000,1,長野県,ナガノケン,Nagano,東筑摩郡,ヒガシチクマグン,Higashichikuma-gun,山形村,ヤマガタムラ,Yamagata-mura,,,,下本郷,シモホンゴウ,,,,,,,,,0,0,0,0,0,0,1,0,1947-04-17,,1,,,,,,,,,,,,,,,,
204501,0019000,1,長野県,ナガノケン,Nagano,東筑摩郡,ヒガシチクマグン,Higashichikuma-gun,山形村,ヤマガタムラ,Yamagata-mura,,,,下村東,シモムラヒガシ,,,,,,,,,0,0,0,0,0,0,1,0,1947-04-17,,1,,,,,,,,,,,,,,,,
204501,0020000,1,長野県,ナガノケン,Nagano,東筑摩郡,ヒガシチクマグン,Higashichikuma-gun,山形村,ヤマガタムラ,Yamagata-mura,,,,中北沖,ナカキタオキ,,,,,,,,,0,0,0,0,0,0,1,0,1947-04-17,,1,,,,,,,,,,,,,,,,
204501,0021000,1,長野県,ナガノケン,Nagano,東筑摩郡,ヒガシチクマグン,Higashichikuma-gun,山形村,ヤマガタムラ,Yamagata-mura,,,,中原町,ナカハラマチ,,,,,,,,,0,0,0,0,0,0,1,0,1947-04-17,,1,,,,,,,,,,,,,,,,
204501,0022000,1,長野県,ナガノケン,Nagano,東筑摩郡,ヒガシチクマグン,Higashichikuma-gun,山形村,ヤマガタムラ,Yamagata-mura,,,,中大池下村,ナカオオイケシモムラ,,,,,,,,,0,0,0,0,0,0,1,0,1947-04-17,,1,,,,,,,,,,,,,,,,
204501,0023000,1,長野県,ナガノケン,Nagano,東筑摩郡,ヒガシチクマグン,Higashichikuma-gun,山形村,ヤマガタムラ,Yamagata-mura,,,,中大池中村,ナカオオイケナカムラ,,,,,,,,,0,0,0,0,0,0,1,0,1947-04-17,,1,,,,,,,,,,,,,,,,
204501,0024000,1,長野県,ナガノケン,Nagano,東筑摩郡,ヒガシチクマグン,Higashichikuma-gun,山形村,ヤマガタムラ,Yamagata-mura,,,,中央通,チユウオウドウリ,,,,,,,,,0,0,0,0,0,0,1,0,1947-04-17,,1,,,,,,,,,,,,,,,,
204501,0025000,1,長野県,ナガノケン,Nagano,東筑摩郡,ヒガシチクマグン,Higashichikuma-gun,山形村,ヤマガタムラ,Yamagata-mura,,,,中嶋,ナカジマ,,,,,,,,,0,0,0,0,0,0,1,0,1947-04-17,,1,,,,,,,,,,,,,,,,
204501,0026000,1,長野県,ナガノケン,Nagano,東筑摩郡,ヒガシチクマグン,Higashichikuma-gun,山形村,ヤマガタムラ,Yamagata-mura,,,,中村東,ナカムラヒガシ,,,,,,,,,0,0,0,0,0,0,1,0,1947-04-17,,1,,,,,,,,,,,,,,,,
204501,0027000,1,長野県,ナガノケン,Nagano,東筑摩郡,ヒガシチクマグン,Higashichikuma-gun,山形村,ヤマガタムラ,Yamagata-mura,,,,中竹原,ナカタケハラ,,,,,,,,,0,0,0,0,0,0,1,0,1947-04-17,,1,,,,,,,,,,,,,,,,
204501,0028000,1,長野県,ナガノケン,Nagano,東筑摩郡,ヒガシチクマグン,Higashichikuma-gun,山形村,ヤマガタムラ,Yamagata-mura,,,,中耕地,ナカコウチ,,,,,,,,,0,0,0,0,0,0,1,0,1947-04-17,,1,,,,,,,,,,,,,,,,
204501,0029000,1,長野県,ナガノケン,Nagano,東筑摩郡,ヒガシチクマグン,Higashichikuma-gun,山形村,ヤマガタムラ,Yamagata-mura,,,,中耕地東,ナカコウチヒガシ,,,,,,,,,0,0,0,0,0,0,1,0,1947-04-17,,1,,,,,,,,,,,,,,,,
204501,0030000,1,長野県,ナガノケン,Nagano,東筑摩郡,ヒガシチクマグン,Higashichikuma-gun,山形村,ヤマガタムラ,Yamagata-mura,,,,中耕地西,ナカコウチニシ,,,,,,,,,0,0,0,0,0,0,1,0,1947-04-17,,1,,,,,,,,,,,,,,,,
204501,0031000,1,長野県,ナガノケン,Nagano,東筑摩郡,ヒガシチクマグン,Higashichikuma-gun,山形村,ヤマガタムラ,Yamagata-mura,,,,久保,クボ,,,,,,,,,0,0,0,0,0,0,1,0,1947-04-17,,1,,,,,,,,,,,,,,,,
204501,0032000,1,長野県,ナガノケン,Nagano,東筑摩郡,ヒガシチクマグン,Higashichikuma-gun,山形村,ヤマガタムラ,Yamagata-mura,,,,仲町,ナカマチ,,,,,,,,,0,0,0,0,0,0,1,0,1947-04-17,,1,,,,,,,,,,,,,,,,
204501,0033000,1,長野県,ナガノケン,Nagano,東筑摩郡,ヒガシチクマグン,Higashichikuma-gun,山形村,ヤマガタムラ,Yamagata-mura,,,,北中,キタナカ,,,,,,,,,0,0,0,0,0,0,1,0,1947-04-17,,1,,,,,,,,,,,,,,,,
204501,0034000,1,長野県,ナガノケン,Nagano,東筑摩郡,ヒガシチクマグン,Higashichikuma-gun,山形村,ヤマガタムラ,Yamagata-mura,,,,北堀,キタボリ,,,,,,,,,0,0,0,0,0,0,1,0,1947-04-17,,1,,,,,,,,,,,,,,,,
204501,0035000,1,長野県,ナガノケン,Nagano,東筑摩郡,ヒガシチクマグン,Higashichikuma-gun,山形村,ヤマガタムラ,Yamagata-mura,,,,北村,キタムラ,,,,,,,,,0,0,0,0,0,0,1,0,1947-04-17,,1,,,,,,,,,,,,,,,,
204501,0036000,1,長野県,ナガノケン,Nagano,東筑摩郡,ヒガシチクマグン,Higashichikuma-gun,山形村,ヤマガタムラ,Yamagata-mura,,,,北畑,キタハタ,,,,,,,,,0,0,0,0,0,0,1,0,1947-04-17,,1,,,,,,,,,,,,,,,,
204501,0037000,1,長野県,ナガノケン,Nagano,東筑摩郡,ヒガシチクマグン,Higashichikuma-gun,山形村,ヤマガタムラ,Yamagata-mura,,,,北竹原,キタタケハラ,,,,,,,,,0,0,0,0,0,0,1,0,1947-04-17,,1,,,,,,,,,,,,,,,,
204501,0038000,1,長野県,ナガノケン,Nagano,東筑摩郡,ヒガシチクマグン,Higashichikuma-gun,山形村,ヤマガタムラ,Yamagata-mura,,,,南中,ミナミナカ,,,,,,,,,0,0,0,0,0,0,1,0,1947-04-17,,1,,,,,,,,,,,,,,,,
204501,0039000,1,長野県,ナガノケン,Nagano,東筑摩郡,ヒガシチクマグン,Higashichikuma-gun,山形村,ヤマガタムラ,Yamagata-mura,,,,南原,ミナミハラ,,,,,,,,,0,0,0,0,0,0,1,0,1947-04-17,,1,,,,,,,,,,,,,,,,
204501,0040000,1,長野県,ナガノケン,Nagano,東筑摩郡,ヒガシチクマグン,Higashichikuma-gun,山形村,ヤマガタムラ,Yamagata-mura,,,,南堀,ミナミボリ,,,,,,,,,0,0,0,0,0,0,1,0,1947-04-17,,1,,,,,,,,,,,,,,,,
204501,0041000,1,長野県,ナガノケン,Nagano,東筑摩郡,ヒガシチクマグン,Higashichikuma-gun,山形村,ヤマガタムラ,Yamagata-mura,,,,南竹原,ミナミタケハラ,,,,,,,,,0,0,0,0,0,0,1,0,1947-04-17,,1,,,,,,,,,,,,,,,,
204501,0042000,1,長野県,ナガノケン,Nagano,東筑摩郡,ヒガシチクマグン,Higashichikuma-gun,山形村,ヤマガタムラ,Yamagata-mura,,,,原村上,ハラムラカミ,,,,,,,,,0,0,0,0,0,0,1,0,1947-04-17,,1,,,,,,,,,,,,,,,,
204501,0043000,1,長野県,ナガノケン,Nagano,東筑摩郡,ヒガシチクマグン,Higashichikuma-gun,山形村,ヤマガタムラ,Yamagata-mura,,,,原村東,ハラムラヒガシ,,,,,,,,,0,0,0,0,0,0,1,0,1947-04-17,,1,,,,,,,,,,,,,,,,
204501,0044000,1,長野県,ナガノケン,Nagano,東筑摩郡,ヒガシチクマグン,Higashichikuma-gun,山形村,ヤマガタムラ,Yamagata-mura,,,,原町,ハラマチ,,,,,,,,,0,0,0,0,0,0,1,0,1947-04-17,,1,,,,,,,,,,,,,,,,
204501,0045000,1,長野県,ナガノケン,Nagano,東筑摩郡,ヒガシチクマグン,Higashichikuma-gun,山形村,ヤマガタムラ,Yamagata-mura,,,,唐沢上,カラサワカミ,,,,,,,,,0,0,0,0,0,0,1,0,1947-04-17,,1,,,,,,,,,,,,,,,,
204501,0046000,1,長野県,ナガノケン,Nagano,東筑摩郡,ヒガシチクマグン,Higashichikuma-gun,山形村,ヤマガタムラ,Yamagata-mura,,,,唐沢下,カラサワシモ,,,,,,,,,0,0,0,0,0,0,1,0,1947-04-17,,1,,,,,,,,,,,,,,,,
204501,0047000,1,長野県,ナガノケン,Nagano,東筑摩郡,ヒガシチクマグン,Higashichikuma-gun,山形村,ヤマガタムラ,Yamagata-mura,,,,四ツ谷上,ヨツヤカミ,,,,,,,,,0,0,0,0,0,0,1,0,1947-04-17,,1,,,,,,,,,,,,,,,,
204501,0048000,1,長野県,ナガノケン,Nagano,東筑摩郡,ヒガシチクマグン,Higashichikuma-gun,山形村,ヤマガタムラ,Yamagata-mura,,,,四ツ谷下,ヨツヤシモ,,,,,,,,,0,0,0,0,0,0,1,0,1947-04-17,,1,,,,,,,,,,,,,,,,
204501,0049000,1,長野県,ナガノケン,Nagano,東筑摩郡,ヒガシチクマグン,Higashichikuma-gun,山形村,ヤマガタムラ,Yamagata-mura,,,,四ッ谷中,ヨツヤナカ,,,,,,,,,0,0,0,0,0,0,1,0,1947-04-17,,1,,,,,,,,,,,,,,,,
204501,0050000,1,長野県,ナガノケン,Nagano,東筑摩郡,ヒガシチクマグン,Higashichikuma-gun,山形村,ヤマガタムラ,Yamagata-mura,,,,四ツ谷東,ヨツヤヒガシ,,,,,,,,,0,0,0,0,0,0,1,0,1947-04-17,,1,,,,,,,,,,,,,,,,
204501,0051000,1,長野県,ナガノケン,Nagano,東筑摩郡,ヒガシチクマグン,Higashichikuma-gun,山形村,ヤマガタムラ,Yamagata-mura,,,,四ッ谷西,ヨツヤニシ,,,,,,,,,0,0,0,0,0,0,1,0,1947-04-17,,1,,,,,,,,,,,,,,,,
204501,0052000,1,長野県,ナガノケン,Nagano,東筑摩郡,ヒガシチクマグン,Higashichikuma-gun,山形村,ヤマガタムラ,Yamagata-mura,,,,城ケ沢,ジヨウガサワ,,,,,,,,,0,0,0,0,0,0,1,0,1947-04-17,,1,,,,,,,,,,,,,,,,
204501,0053000,1,長野県,ナガノケン,Nagano,東筑摩郡,ヒガシチクマグン,Higashichikuma-gun,山形村,ヤマガタムラ,Yamagata-mura,,,,堂村,ドウムラ,,,,,,,,,0,0,0,0,0,0,1,0,1947-04-17,,1,,,,,,,,,,,,,,,,
204501,0054000,1,長野県,ナガノケン,Nagano,東筑摩郡,ヒガシチクマグン,Higashichikuma-gun,山形村,ヤマガタムラ,Yamagata-mura,,,,堂村下,ドウムラシモ,,,,,,,,,0,0,0,0,0,0,1,0,1947-04-17,,1,,,,,,,,,,,,,,,,
204501,0055000,1,長野県,ナガノケン,Nagano,東筑摩郡,ヒガシチクマグン,Higashichikuma-gun,山形村,ヤマガタムラ,Yamagata-mura,,,,堤北,ツツミキタ,,,,,,,,,0,0,0,0,0,0,1,0,1947-04-17,,1,,,,,,,,,,,,,,,,
204501,0056000,1,長野県,ナガノケン,Nagano,東筑摩郡,ヒガシチクマグン,Higashichikuma-gun,山形村,ヤマガタムラ,Yamagata-mura,,,,堤南,ツツミミナミ,,,,,,,,,0,0,0,0,0,0,1,0,1947-04-17,,1,,,,,,,,,,,,,,,,
204501,0057000,1,長野県,ナガノケン,Nagano,東筑摩郡,ヒガシチクマグン,Higashichikuma-gun,山形村,ヤマガタムラ,Yamagata-mura,,,,大日,ダイニチ,,,,,,,,,0,0,0,0,0,0,1,0,1947-04-17,,1,,,,,,,,,,,,,,,,
204501,0058000,1,長野県,ナガノケン,Nagano,東筑摩郡,ヒガシチクマグン,Higashichikuma-gun,山形村,ヤマガタムラ,Yamagata-mura,,,,宮村,ミヤムラ,,,,,,,,,0,0,0,0,0,0,1,0,1947-04-17,,1,,,,,,,,,,,,,,,,
204501,0059000,1,長野県,ナガノケン,Nagano,東筑摩郡,ヒガシチクマグン,Higashichikuma-gun,山形村,ヤマガタムラ,Yamagata-mura,,,,寺林,テラバヤシ,,,,,,,,,0,0,0,0,0,0,1,0,1947-04-17,,1,,,,,,,,,,,,,,,,
204501,0060000,1,長野県,ナガノケン,Nagano,東筑摩郡,ヒガシチクマグン,Higashichikuma-gun,山形村,ヤマガタムラ,Yamagata-mura,,,,小坂台,オサカダイ,,,,,,,,,0,0,0,0,0,0,1,0,1947-04-17,,1,,,,,,,,,,,,,,,,
204501,0061000,1,長野県,ナガノケン,Nagano,東筑摩郡,ヒガシチクマグン,Higashichikuma-gun,山形村,ヤマガタムラ,Yamagata-mura,,,,小坂東,オサカヒガシ,,,,,,,,,0,0,0,0,0,0,1,0,1947-04-17,,1,,,,,,,,,,,,,,,,
204501,0062000,1,長野県,ナガノケン,Nagano,東筑摩郡,ヒガシチクマグン,Higashichikuma-gun,山形村,ヤマガタムラ,Yamagata-mura,,,,山口,ヤマグチ,,,,,,,,,0,0,0,0,0,0,1,0,1947-04-17,,1,,,,,,,,,,,,,,,,
204501,0063000,1,長野県,ナガノケン,Nagano,東筑摩郡,ヒガシチクマグン,Higashichikuma-gun,山形村,ヤマガタムラ,Yamagata-mura,,,,御判形,ゴハンギヨウ,,,,,,,,,0,0,0,0,0,0,1,0,1947-04-17,,1,,,,,,,,,,,,,,,,
204501,0064000,1,長野県,ナガノケン,Nagano,東筑摩郡,ヒガシチクマグン,Higashichikuma-gun,山形村,ヤマガタムラ,Yamagata-mura,,,,新和,シンワ,,,,,,,,,0,0,0,0,0,0,1,0,1947-04-17,,1,,,,,,,,,,,,,,,,
204501,0065000,1,長野県,ナガノケン,Nagano,東筑摩郡,ヒガシチクマグン,Higashichikuma-gun,山形村,ヤマガタムラ,Yamagata-mura,,,,新星,シンセイ,,,,,,,,,0,0,0,0,0,0,1,0,1947-04-17,,1,,,,,,,,,,,,,,,,
204501,0066000,1,長野県,ナガノケン,Nagano,東筑摩郡,ヒガシチクマグン,Higashichikuma-gun,山形村,ヤマガタムラ,Yamagata-mura,,,,新栄,シンエイ,,,,,,,,,0,0,0,0,0,0,1,0,1947-04-17,,1,,,,,,,,,,,,,,,,
204501,0067000,1,長野県,ナガノケン,Nagano,東筑摩郡,ヒガシチクマグン,Higashichikuma-gun,山形村,ヤマガタムラ,Yamagata-mura,,,,新町,シンマチ,,,,,,,,,0,0,0,0,0,0,1,0,1947-04-17,,1,,,,,,,,,,,,,,,,
204501,0068000,1,長野県,ナガノケン,Nagano,東筑摩郡,ヒガシチクマグン,Higashichikuma-gun,山形村,ヤマガタムラ,Yamagata-mura,,,,日向,ヒナタ,,,,,,,,,0,0,0,0,0,0,1,0,1947-04-17,,1,,,,,,,,,,,,,,,,
204501,0069000,1,長野県,ナガノケン,Nagano,東筑摩郡,ヒガシチクマグン,Higashichikuma-gun,山形村,ヤマガタムラ,Yamagata-mura,,,,本殿上,ホントノカミ,,,,,,,,,0,0,0,0,0,0,1,0,1947-04-17,,1,,,,,,,,,,,,,,,,
204501,0070000,1,長野県,ナガノケン,Nagano,東筑摩郡,ヒガシチクマグン,Higashichikuma-gun,山形村,ヤマガタムラ,Yamagata-mura,,,,本殿下,ホントノシモ,,,,,,,,,0,0,0,0,0,0,1,0,1947-04-17,,1,,,,,,,,,,,,,,,,
204501,0071000,1,長野県,ナガノケン,Nagano,東筑摩郡,ヒガシチクマグン,Higashichikuma-gun,山形村,ヤマガタムラ,Yamagata-mura,,,,本郷北,ホンゴウキタ,,,,,,,,,0,0,0,0,0,0,1,0,1947-04-17,,1,,,,,,,,,,,,,,,,
204501,0072000,1,長野県,ナガノケン,Nagano,東筑摩郡,ヒガシチクマグン,Higashichikuma-gun,山形村,ヤマガタムラ,Yamagata-mura,,,,本郷東,ホンゴウヒガシ,,,,,,,,,0,0,0,0,0,0,1,0,1947-04-17,,1,,,,,,,,,,,,,,,,
204501,0073000,1,長野県,ナガノケン,Nagano,東筑摩郡,ヒガシチクマグン,Higashichikuma-gun,山形村,ヤマガタムラ,Yamagata-mura,,,,本郷西,ホンゴウニシ,,,,,,,,,0,0,0,0,0,0,1,0,1947-04-17,,1,,,,,,,,,,,,,,,,
204501,0074000,1,長野県,ナガノケン,Nagano,東筑摩郡,ヒガシチクマグン,Higashichikuma-gun,山形村,ヤマガタムラ,Yamagata-mura,,,,東原,ヒガシハラ,,,,,,,,,0,0,0,0,0,0,1,0,1947-04-17,,1,,,,,,,,,,,,,,,,
204501,0075000,1,長野県,ナガノケン,Nagano,東筑摩郡,ヒガシチクマグン,Higashichikuma-gun,山形村,ヤマガタムラ,Yamagata-mura,,,,東殿,ヒガシトノ,,,,,,,,,0,0,0,0,0,0,1,0,1947-04-17,,1,,,,,,,,,,,,,,,,
204501,0076000,1,長野県,ナガノケン,Nagano,東筑摩郡,ヒガシチクマグン,Higashichikuma-gun,山形村,ヤマガタムラ,Yamagata-mura,,,,梨の木,ナシノキ,,,,,,,,,0,0,0,0,0,0,1,0,1947-04-17,,1,,,,,,,,,,,,,,,,
204501,0077000,1,長野県,ナガノケン,Nagano,東筑摩郡,ヒガシチクマグン,Higashichikuma-gun,山形村,ヤマガタムラ,Yamagata-mura,,,,橋爪東,ハシズメヒガシ,,,,,,,,,0,0,0,0,0,0,1,0,1947-04-17,,1,,,,,,,,,,,,,,,,
204501,0078000,1,長野県,ナガノケン,Nagano,東筑摩郡,ヒガシチクマグン,Higashichikuma-gun,山形村,ヤマガタムラ,Yamagata-mura,,,,橋爪西,ハシズメニシ,,,,,,,,,0,0,0,0,0,0,1,0,1947-04-17,,1,,,,,,,,,,,,,,,,
204501,0079000,1,長野県,ナガノケン,Nagano,東筑摩郡,ヒガシチクマグン,Higashichikuma-gun,山形村,ヤマガタムラ,Yamagata-mura,,,,殿村,トノムラ,,,,,,,,,0,0,0,0,0,0,1,0,1947-04-17,,1,,,,,,,,,,,,,,,,
204501,0080000,1,長野県,ナガノケン,Nagano,東筑摩郡,ヒガシチクマグン,Higashichikuma-gun,山形村,ヤマガタムラ,Yamagata-mura,,,,淀の内,ヨドノウチ,,,,,,,,,0,0,0,0,0,0,1,0,1947-04-17,,1,,,,,,,,,,,,,,,,
204501,0081000,1,長野県,ナガノケン,Nagano,東筑摩郡,ヒガシチクマグン,Higashichikuma-gun,山形村,ヤマガタムラ,Yamagata-mura,,,,清水,シミズ,,,,,,,,,0,0,0,0,0,0,1,0,1947-04-17,,1,,,,,,,,,,,,,,,,
204501,0082000,1,長野県,ナガノケン,Nagano,東筑摩郡,ヒガシチクマグン,Higashichikuma-gun,山形村,ヤマガタムラ,Yamagata-mura,,,,清水高原,キヨミズコウゲン,,,,,,,,,0,0,0,0,0,0,1,0,1947-04-17,,1,,,,,,,,,,,,,,,,
204501,0083000,1,長野県,ナガノケン,Nagano,東筑摩郡,ヒガシチクマグン,Higashichikuma-gun,山形村,ヤマガタムラ,Yamagata-mura,,,,神明,シンメイ,,,,,,,,,0,0,0,0,0,0,1,0,1947-04-17,,1,,,,,,,,,,,,,,,,
204501,0084000,1,長野県,ナガノケン,Nagano,東筑摩郡,ヒガシチクマグン,Higashichikuma-gun,山形村,ヤマガタムラ,Yamagata-mura,,,,竹原,タケハラ,,,,,,,,,0,0,0,0,0,0,1,0,1947-04-17,,1,,,,,,,,,,,,,,,,
204501,0085000,1,長野県,ナガノケン,Nagano,東筑摩郡,ヒガシチクマグン,Higashichikuma-gun,山形村,ヤマガタムラ,Yamagata-mura,,,,竹田原,タケダハラ,,,,,,,,,0,0,0,0,0,0,1,0,1947-04-17,,1,,,,,,,,,,,,,,,,
204501,0086000,1,長野県,ナガノケン,Nagano,東筑摩郡,ヒガシチクマグン,Higashichikuma-gun,山形村,ヤマガタムラ,Yamagata-mura,,,,第一,ダイイチ,,,,,,,,,0,0,0,0,0,0,1,0,1947-04-17,,1,,,,,,,,,,,,,,,,
204501,0087000,1,長野県,ナガノケン,Nagano,東筑摩郡,ヒガシチクマグン,Higashichikuma-gun,山形村,ヤマガタムラ,Yamagata-mura,,,,美の里ケ丘,ミノリガオカ,,,,,,,,,0,0,0,0,0,0,1,0,1947-04-17,,1,,,,,,,,,,,,,,,,
204501,0088000,1,長野県,ナガノケン,Nagano,東筑摩郡,ヒガシチクマグン,Higashichikuma-gun,山形村,ヤマガタムラ,Yamagata-mura,,,,若葉,ワカバ,,,,,,,,,0,0,0,0,0,0,1,0,1947-04-17,,1,,,,,,,,,,,,,,,,
204501,0089000,1,長野県,ナガノケン,Nagano,東筑摩郡,ヒガシチクマグン,Higashichikuma-gun,山形村,ヤマガタムラ,Yamagata-mura,,,,荒川,アラカワ,,,,,,,,,0,0,0,0,0,0,1,0,1947-04-17,,1,,,,,,,,,,,,,,,,
204501,0090000,1,長野県,ナガノケン,Nagano,東筑摩郡,ヒガシチクマグン,Higashichikuma-gun,山形村,ヤマガタムラ,Yamagata-mura,,,,西下,ニシシタ,,,,,,,,,0,0,0,0,0,0,1,0,1947-04-17,,1,,,,,,,,,,,,,,,,
204501,0091000,1,長野県,ナガノケン,Nagano,東筑摩郡,ヒガシチクマグン,Higashichikuma-gun,山形村,ヤマガタムラ,Yamagata-mura,,,,西原,ニシハラ,,,,,,,,,0,0,0,0,0,0,1,0,1947-04-17,,1,,,,,,,,,,,,,,,,
204501,0092000,1,長野県,ナガノケン,Nagano,東筑摩郡,ヒガシチクマグン,Higashichikuma-gun,山形村,ヤマガタムラ,Yamagata-mura,,,,西沖,ニシオキ,,,,,,,,,0,0,0,0,0,0,1,0,1947-04-17,,1,,,,,,,,,,,,,,,,
204501,0093000,1,長野県,ナガノケン,Nagano,東筑摩郡,ヒガシチクマグン,Higashichikuma-gun,山形村,ヤマガタムラ,Yamagata-mura,,,,豆沢北,マメサワキタ,,,,,,,,,0,0,0,0,0,0,1,0,1947-04-17,,1,,,,,,,,,,,,,,,,
204501,0094000,1,長野県,ナガノケン,Nagano,東筑摩郡,ヒガシチクマグン,Higashichikuma-gun,山形村,ヤマガタムラ,Yamagata-mura,,,,豆沢南,マメサワミナミ,,,,,,,,,0,0,0,0,0,0,1,0,1947-04-17,,1,,,,,,,,,,,,,,,,
204501,0095000,1,長野県,ナガノケン,Nagano,東筑摩郡,ヒガシチクマグン,Higashichikuma-gun,山形村,ヤマガタムラ,Yamagata-mura,,,,野尻東,ノジリヒガシ,,,,,,,,,0,0,0,0,0,0,1,0,1947-04-17,,1,,,,,,,,,,,,,,,,
204501,0096000,1,長野県,ナガノケン,Nagano,東筑摩郡,ヒガシチクマグン,Higashichikuma-gun,山形村,ヤマガタムラ,Yamagata-mura,,,,野尻西,ノジリニシ,,,,,,,,,0,0,0,0,0,0,1,0,1947-04-17,,1,,,,,,,,,,,,,,,,
204501,0097000,1,長野県,ナガノケン,Nagano,東筑摩郡,ヒガシチクマグン,Higashichikuma-gun,山形村,ヤマガタムラ,Yamagata-mura,,,,野際,ノギワ,,,,,,,,,0,0,0,0,0,0,1,0,1947-04-17,,1,,,,,,,,,,,,,,,,
204501,0098000,1,長野県,ナガノケン,Nagano,東筑摩郡,ヒガシチクマグン,Higashichikuma-gun,山形村,ヤマガタムラ,Yamagata-mura,,,,野際東,ノギワヒガシ,,,,,,,,,0,0,0,0,0,0,1,0,1947-04-17,,1,,,,,,,,,,,,,,,,
204501,0099000,1,長野県,ナガノケン,Nagano,東筑摩郡,ヒガシチクマグン,Higashichikuma-gun,山形村,ヤマガタムラ,Yamagata-mura,,,,青木沢中,アオキザワナカ,,,,,,,,,0,0,0,0,0,0,1,0,1947-04-17,,1,,,,,,,,,,,,,,,,
204501,0100000,1,長野県,ナガノケン,Nagano,東筑摩郡,ヒガシチクマグン,Higashichikuma-gun,山形村,ヤマガタムラ,Yamagata-mura,,,,青木沢北,アオキザワキタ,,,,,,,,,0,0,0,0,0,0,1,0,1947-04-17,,1,,,,,,,,,,,,,,,,
204501,0101000,1,長野県,ナガノケン,Nagano,東筑摩郡,ヒガシチクマグン,Higashichikuma-gun,山形村,ヤマガタムラ,Yamagata-mura,,,,青木沢南,アオキザワミナミ,,,,,,,,,0,0,0,0,0,0,1,0,1947-04-17,,1,,,,,,,,,,,,,,,,
204501,0102000,1,長野県,ナガノケン,Nagano,東筑摩郡,ヒガシチクマグン,Higashichikuma-gun,山形村,ヤマガタムラ,Yamagata-mura,,,,青葉台,アオバダイ,,,,,,,,,0,0,0,0,0,0,1,0,1947-04-17,,1,,,,,,,,,,,,,,,,
204510,0001000,1,長野県,ナガノケン,Nagano,東筑摩郡,ヒガシチクマグン,Higashichikuma-gun,朝日村,アサヒムラ,Asahi-mura,,,,大字小野沢,オオアザオノザワ,Onozawa,,,,,,,,0,0,0,0,0,0,1,1,1947-04-17,,0,3901102,,,,,,,,,,,,,,,
204510,0002000,1,長野県,ナガノケン,Nagano,東筑摩郡,ヒガシチクマグン,Higashichikuma-gun,朝日村,アサヒムラ,Asahi-mura,,,,大字古見,オオアザコミ,Komi,,,,,,,,0,0,0,0,0,0,1,1,1947-04-17,,0,3901104,,,,,,,,,,,,,,,
204510,0003000,1,長野県,ナガノケン,Nagano,東筑摩郡,ヒガシチクマグン,Higashichikuma-gun,朝日村,アサヒムラ,Asahi-mura,,,,大字西洗馬,オオアザニシセバ,Nishiseba,,,,,,,,0,0,0,0,0,0,1,1,1947-04-17,,0,3901101,,,,,,,,,,,,,,,
204510,0004000,1,長野県,ナガノケン,Nagano,東筑摩郡,ヒガシチクマグン,Higashichikuma-gun,朝日村,アサヒムラ,Asahi-mura,,,,大字針尾,オオアザハリオ,Hario,,,,,,,,0,0,0,0,0,0,1,1,1947-04-17,,0,3901103,,,,,,,,,,,,,,,
204528,0001000,1,長野県,ナガノケン,Nagano,東筑摩郡,ヒガシチクマグン,Higashichikuma-gun,筑北村,チクホクムラ,Chikuhoku-mura,,,,大沢新田,オオサワシンデン,Osawashinden,,,,,,,,0,0,0,0,0,0,1,1,1947-04-17,,0,3997503,,,,,,,,,,,,,,,
204528,0002000,1,長野県,ナガノケン,Nagano,東筑摩郡,ヒガシチクマグン,Higashichikuma-gun,筑北村,チクホクムラ,Chikuhoku-mura,,,,坂井,サカイ,Sakai,,,,,,,,0,0,0,0,0,0,1,1,1947-04-17,,0,3997711,,,,,,,,,,,,,,,
204528,0003000,1,長野県,ナガノケン,Nagano,東筑摩郡,ヒガシチクマグン,Higashichikuma-gun,筑北村,チクホクムラ,Chikuhoku-mura,,,,坂北,サカキタ,Sakakita,,,,,,,,0,0,0,0,0,0,1,1,1947-04-17,,0,3997601,,,,,,,,,,,,,,,
204528,0004000,1,長野県,ナガノケン,Nagano,東筑摩郡,ヒガシチクマグン,Higashichikuma-gun,筑北村,チクホクムラ,Chikuhoku-mura,,,,西条,ニシジョウ,Nishijo,,,,,,,,0,0,0,0,0,0,1,1,1947-04-17,,0,3997501,,,,,,,,,,,,,,,
204528,0005000,1,長野県,ナガノケン,Nagano,東筑摩郡,ヒガシチクマグン,Higashichikuma-gun,筑北村,チクホクムラ,Chikuhoku-mura,,,,東条,ヒガシジョウ,Higashijo,,,,,,,,0,0,0,0,0,0,1,1,1947-04-17,,0,3997502,,,,,,,,,,,,,,,
204528,0006000,1,長野県,ナガノケン,Nagano,東筑摩郡,ヒガシチクマグン,Higashichikuma-gun,筑北村,チクホクムラ,Chikuhoku-mura,,,,乱橋,ミダレハシ,Midarehashi,,,,,,,,0,0,0,0,0,0,1,1,1947-04-17,,0,3997504,,,,,,,,,,,,,,,
204811,0001000,1,長野県,ナガノケン,Nagano,北安曇郡,キタアヅミグン,Kitaazumi-gun,池田町,イケダマチ,Ikeda-machi,,,,大字会染,オオアザアイソメ,Aisome,,,,,,,,0,0,0,0,0,0,1,1,1947-04-17,,0,3998602,,,,,,,,,,,,,,,
204811,0002000,1,長野県,ナガノケン,Nagano,北安曇郡,キタアヅミグン,Kitaazumi-gun,池田町,イケダマチ,Ikeda-machi,,,,大字池田,オオアザイケダ,Ikeda,,,,,,,,0,0,0,0,0,0,1,1,1947-04-17,,0,3998601,,,,,,,,,,,,,,,
204811,0003000,1,長野県,ナガノケン,Nagano,北安曇郡,キタアヅミグン,Kitaazumi-gun,池田町,イケダマチ,Ikeda-machi,,,,大字中鵜,オオアザナカウ,Nakau,,,,,,,,0,0,0,0,0,0,1,1,1947-04-17,,0,3998603,,,,,,,,,,,,,,,
204811,0004000,1,長野県,ナガノケン,Nagano,北安曇郡,キタアヅミグン,Kitaazumi-gun,池田町,イケダマチ,Ikeda-machi,,,,大字広津,オオアザヒロツ,Hirotsu,,,,,,,,0,0,0,0,0,0,1,1,1947-04-17,,0,3998604,,,,,,,,,,,,,,,
204811,0005000,1,長野県,ナガノケン,Nagano,北安曇郡,キタアヅミグン,Kitaazumi-gun,池田町,イケダマチ,Ikeda-machi,,,,大字陸郷,オオアザリクゴウ,Rikugo,,,,,,,,0,0,0,0,0,0,1,1,1947-04-17,,0,3998605,,,,,,,,,,,,,,,
204820,0000000,4,長野県,ナガノケン,Nagano,北安曇郡,キタアヅミグン,Kitaazumi-gun,松川村,マツカワムラ,Matsukawa-mura,,,,,,,,,,,,,,0,0,0,0,0,0,1,1,1947-04-17,,0,,,,,,,,,,,,,,,,
204854,0001000,1,長野県,ナガノケン,Nagano,北安曇郡,キタアヅミグン,Kitaazumi-gun,白馬村,ハクバムラ,Hakuba-mura,,,,大字神城,オオアザカミシロ,Kamishiro,,,,,,,,0,0,0,0,0,0,1,1,1947-04-17,,0,3999211,,,,,,,,,,,,,,,
204854,0003000,1,長野県,ナガノケン,Nagano,北安曇郡,キタアヅミグン,Kitaazumi-gun,白馬村,ハクバムラ,Hakuba-mura,,,,大字北城,オオアザホクジョウ,Hokujo,,,,,,,,0,0,0,0,0,0,1,1,1947-04-17,,0,3999301,,,,,,,,,,,,,,,
204862,0001000,1,長野県,ナガノケン,Nagano,北安曇郡,キタアヅミグン,Kitaazumi-gun,小谷村,オタリムラ,Otari-mura,,,,大字北小谷,オオアザキタオタリ,Kitaotari,,,,,,,,0,0,0,0,0,0,1,1,1947-04-17,,0,3999601,,,,,,,,,,,,,,,
204862,0003000,1,長野県,ナガノケン,Nagano,北安曇郡,キタアヅミグン,Kitaazumi-gun,小谷村,オタリムラ,Otari-mura,,,,大字中小谷,オオアザナカオタリ,Nakaotari,,,,,,,,0,0,0,0,0,0,1,1,1947-04-17,,0,3999421,,,,,,,,,,,,,,,
204862,0004000,1,長野県,ナガノケン,Nagano,北安曇郡,キタアヅミグン,Kitaazumi-gun,小谷村,オタリムラ,Otari-mura,,,,大字中土,オオアザナカツチ,Nakatsuchi,,,,,,,,0,0,0,0,0,0,1,1,1947-04-17,,0,3999511,,,,,,,,,,,,,,,
204862,0006000,1,長野県,ナガノケン,Nagano,北安曇郡,キタアヅミグン,Kitaazumi-gun,小谷村,オタリムラ,Otari-mura,,,,大字千国,オオアザチクニ,Chikuni,,,,,,,,0,0,0,0,0,0,1,1,1947-04-17,,0,3999422,,,,,,,,,,,,,,,
205214,0001000,1,長野県,ナガノケン,Nagano,埴科郡,ハニシナグン,Hanishina-gun,坂城町,サカキマチ,Sakaki-machi,,,,大字網掛,オオアザアミカケ,Amikake,,,,,,,,0,0,0,0,0,0,1,1,1947-04-17,,0,3890604,,,,,,,,,,,,,,,
205214,0002000,1,長野県,ナガノケン,Nagano,埴科郡,ハニシナグン,Hanishina-gun,坂城町,サカキマチ,Sakaki-machi,,,,大字上平,オオアザウワダイラ,Uwadaira,,,,,,,,0,0,0,0,0,0,1,1,1947-04-17,,0,3890605,,,,,,,,,,,,,,,
205214,0003000,1,長野県,ナガノケン,Nagano,埴科郡,ハニシナグン,Hanishina-gun,坂城町,サカキマチ,Sakaki-machi,,,,大字上五明,オオアザカミゴミョウ,Kamigomyo,,,,,,,,0,0,0,0,0,0,1,1,1947-04-17,,0,3890606,,,,,,,,,,,,,,,
205214,0004000,1,長野県,ナガノケン,Nagano,埴科郡,ハニシナグン,Hanishina-gun,坂城町,サカキマチ,Sakaki-machi,,,,大字坂城,オオアザサカキ,Sakaki,,,,,,,,0,0,0,0,0,0,1,1,1947-04-17,,0,3890601,,,,,,,,,,,,,,,
205214,0005000,1,長野県,ナガノケン,Nagano,埴科郡,ハニシナグン,Hanishina-gun,坂城町,サカキマチ,Sakaki-machi,,,,大字中之条,オオアザナカノジョウ,Nakanojo,,,,,,,,0,0,0,0,0,0,1,1,1947-04-17,,0,3890602,,,,,,,,,,,,,,,
205214,0006000,1,長野県,ナガノケン,Nagano,埴科郡,ハニシナグン,Hanishina-gun,坂城町,サカキマチ,Sakaki-machi,,,,大字南条,オオアザミナミジョウ,Minamijo,,,,,,,,0,0,0,0,0,0,1,1,1947-04-17,,0,3890603,,,,,,,,,,,,,,,
205419,0001000,1,長野県,ナガノケン,Nagano,上高井郡,カミタカイグン,Kamitakai-gun,小布施町,オブセマチ,Obuse-machi,,,,大字飯田,オオアザイイダ,Iida,,,,,,,,0,0,0,0,0,0,1,1,1947-04-17,,0,3810204,,,,,,,,,,,,,,,
205419,0002000,1,長野県,ナガノケン,Nagano,上高井郡,カミタカイグン,Kamitakai-gun,小布施町,オブセマチ,Obuse-machi,,,,大字大島,オオアザオオジマ,Ojima,,,,,,,,0,0,0,0,0,0,1,1,1947-04-17,,0,3810203,,,,,,,,,,,,,,,
205419,0003000,1,長野県,ナガノケン,Nagano,上高井郡,カミタカイグン,Kamitakai-gun,小布施町,オブセマチ,Obuse-machi,,,,大字押羽,オオアザオシハ,Oshiha,,,,,,,,0,0,0,0,0,0,1,1,1947-04-17,,0,3810207,,,,,,,,,,,,,,,
205419,0004000,1,長野県,ナガノケン,Nagano,上高井郡,カミタカイグン,Kamitakai-gun,小布施町,オブセマチ,Obuse-machi,,,,大字小布施,オオアザオブセ,Obuse,,,,,,,,0,0,0,0,0,0,1,1,1947-04-17,,0,3810201,,,,,,,,,,,,,,,
205419,0005000,1,長野県,ナガノケン,Nagano,上高井郡,カミタカイグン,Kamitakai-gun,小布施町,オブセマチ,Obuse-machi,,,,大字雁田,オオアザカリダ,Karida,,,,,,,,0,0,0,0,0,0,1,1,1947-04-17,,0,3810211,,,,,,,,,,,,,,,
205419,0006000,1,長野県,ナガノケン,Nagano,上高井郡,カミタカイグン,Kamitakai-gun,小布施町,オブセマチ,Obuse-machi,,,,大字北岡,オオアザキタオカ,Kitaoka,,,,,,,,0,0,0,0,0,0,1,1,1947-04-17,,0,3810206,,,,,,,,,,,,,,,
205419,0007000,1,長野県,ナガノケン,Nagano,上高井郡,カミタカイグン,Kamitakai-gun,小布施町,オブセマチ,Obuse-machi,,,,大字山王島,オオアザサンノウジマ,Sannojima,,,,,,,,0,0,0,0,0,0,1,1,1947-04-17,,0,3810205,,,,,,,,,,,,,,,
205419,0008000,1,長野県,ナガノケン,Nagano,上高井郡,カミタカイグン,Kamitakai-gun,小布施町,オブセマチ,Obuse-machi,,,,大字都住,オオアザツスミ,Tsusumi,,,,,,,,0,0,0,0,0,0,1,1,1947-04-17,,0,3810208,,,,,,,,,,,,,,,
205419,0009000,1,長野県,ナガノケン,Nagano,上高井郡,カミタカイグン,Kamitakai-gun,小布施町,オブセマチ,Obuse-machi,,,,大字中松,オオアザナカマツ,Nakamatsu,,,,,,,,0,0,0,0,0,0,1,1,1947-04-17,,0,3810209,,,,,,,,,,,,,,,
205419,0010000,1,長野県,ナガノケン,Nagano,上高井郡,カミタカイグン,Kamitakai-gun,小布施町,オブセマチ,Obuse-machi,,,,大字福原,オオアザフクハラ,Fukuhara,,,,,,,,0,0,0,0,0,0,1,1,1947-04-17,,0,3810202,,,,,,,,,,,,,,,
205435,0001000,1,長野県,ナガノケン,Nagano,上高井郡,カミタカイグン,Kamitakai-gun,高山村,タカヤマムラ,Takayama-mura,,,,大字奥山田,オオアザオクヤマダ,,,,,,,,,0,0,0,0,0,0,1,1,1947-04-17,,0,,,,,,,,,,,,,,,,
205435,0002000,1,長野県,ナガノケン,Nagano,上高井郡,カミタカイグン,Kamitakai-gun,高山村,タカヤマムラ,Takayama-mura,,,,大字高井,オオアザタカイ,,,,,,,,,0,0,0,0,0,0,1,1,1947-04-17,,0,,,,,,,,,,,,,,,,
205435,0003000,1,長野県,ナガノケン,Nagano,上高井郡,カミタカイグン,Kamitakai-gun,高山村,タカヤマムラ,Takayama-mura,,,,大字中山,オオアザナカヤマ,,,,,,,,,0,0,0,0,0,0,1,1,1947-04-17,,0,,,,,,,,,,,,,,,,
205435,0004000,1,長野県,ナガノケン,Nagano,上高井郡,カミタカイグン,Kamitakai-gun,高山村,タカヤマムラ,Takayama-mura,,,,大字牧,オオアザマキ,Maki,,,,,,,,0,0,0,0,0,0,1,1,1947-04-17,,0,3820821,,,,,,,,,,,,,,,
205613,0001000,1,長野県,ナガノケン,Nagano,下高井郡,シモタカイグン,Shimotakai-gun,山ノ内町,ヤマノウチマチ,Yamanochi-machi,,,,大字佐野,オオアザサノ,Sano,,,,,,,,0,0,0,0,0,0,1,1,1947-04-17,,0,3810402,,,,,,,,,,,,,,,
205613,0002000,1,長野県,ナガノケン,Nagano,下高井郡,シモタカイグン,Shimotakai-gun,山ノ内町,ヤマノウチマチ,Yamanochi-machi,,,,大字寒沢,オオアザサムサワ,Samusawa,,,,,,,,0,0,0,0,0,0,1,1,1947-04-17,,0,3810403,,,,,,,,,,,,,,,
205613,0003000,1,長野県,ナガノケン,Nagano,下高井郡,シモタカイグン,Shimotakai-gun,山ノ内町,ヤマノウチマチ,Yamanochi-machi,,,,大字戸狩,オオアザトガリ,Togari,,,,,,,,0,0,0,0,0,0,1,1,1947-04-17,,0,3810404,,,,,,,,,,,,,,,
205613,0004000,1,長野県,ナガノケン,Nagano,下高井郡,シモタカイグン,Shimotakai-gun,山ノ内町,ヤマノウチマチ,Yamanochi-machi,,,,大字平穏,オオアザヒラオ,Hirao,,,,,,,,0,0,0,0,0,0,1,1,1947-04-17,,0,3810401,,,,,,,,,,,,,,,
205613,0005000,1,長野県,ナガノケン,Nagano,下高井郡,シモタカイグン,Shimotakai-gun,山ノ内町,ヤマノウチマチ,Yamanochi-machi,,,,大字夜間瀬,オオアザヨマセ,Yomase,,,,,,,,0,0,0,0,0,0,1,1,1947-04-17,,0,3810405,,,,,,,,,,,,,,,
205621,0001000,1,長野県,ナガノケン,Nagano,下高井郡,シモタカイグン,Shimotakai-gun,木島平村,キジマダイラムラ,Kijimadaira-mura,,,,大字往郷,オオアザオウゴウ,Ogo,,,,,,,,0,0,0,0,0,0,1,1,1947-04-17,,0,3892302,,,,,,,,,,,,,,,
205621,0001101,3,長野県,ナガノケン,Nagano,下高井郡,シモタカイグン,Shimotakai-gun,木島平村,キジマダイラムラ,Kijimadaira-mura,,,,大字往郷,オオアザオウゴウ,Ogo,,,,字一ノ沢,アザイチノサワ,,,0,0,0,0,0,0,1,0,1947-04-17,,0,,,,,,,,,,,,,,,,
205621,0001102,3,長野県,ナガノケン,Nagano,下高井郡,シモタカイグン,Shimotakai-gun,木島平村,キジマダイラムラ,Kijimadaira-mura,,,,大字往郷,オオアザオウゴウ,Ogo,,,,字浦硴,アザウラゴウロ,,,0,0,0,0,0,0,1,0,1947-04-17,,0,,,,,,,,,,,,,,,,
205621,0001103,3,長野県,ナガノケン,Nagano,下高井郡,シモタカイグン,Shimotakai-gun,木島平村,キジマダイラムラ,Kijimadaira-mura,,,,大字往郷,オオアザオウゴウ,Ogo,,,,字堰口,アザセキグチ,,,0,0,0,0,0,0,1,0,1947-04-17,,0,,,,,,,,,,,,,,,,
205621,0001104,3,長野県,ナガノケン,Nagano,下高井郡,シモタカイグン,Shimotakai-gun,木島平村,キジマダイラムラ,Kijimadaira-mura,,,,大字往郷,オオアザオウゴウ,Ogo,,,,字猿ケ沢,アザサルガサワ,,,0,0,0,0,0,0,1,0,1947-04-17,,0,,,,,,,,,,,,,,,,
205621,0001105,3,長野県,ナガノケン,Nagano,下高井郡,シモタカイグン,Shimotakai-gun,木島平村,キジマダイラムラ,Kijimadaira-mura,,,,大字往郷,オオアザオウゴウ,Ogo,,,,字屋敷添,アザヤシキゾイ,,,0,0,0,0,0,0,1,0,1947-04-17,,0,,,,,,,,,,,,,,,,
205621,0001106,3,長野県,ナガノケン,Nagano,下高井郡,シモタカイグン,Shimotakai-gun,木島平村,キジマダイラムラ,Kijimadaira-mura,,,,大字往郷,オオアザオウゴウ,Ogo,,,,字下川原,アザシモガワラ,,,0,0,0,0,0,0,1,0,1947-04-17,,0,,,,,,,,,,,,,,,,
205621,0001107,3,長野県,ナガノケン,Nagano,下高井郡,シモタカイグン,Shimotakai-gun,木島平村,キジマダイラムラ,Kijimadaira-mura,,,,大字往郷,オオアザオウゴウ,Ogo,,,,字寒種,アザサブタネ,,,0,0,0,0,0,0,1,0,1947-04-17,,0,,,,,,,,,,,,,,,,
205621,0001108,3,長野県,ナガノケン,Nagano,下高井郡,シモタカイグン,Shimotakai-gun,木島平村,キジマダイラムラ,Kijimadaira-mura,,,,大字往郷,オオアザオウゴウ,Ogo,,,,字巻ノ入,アザマキノイリ,,,0,0,0,0,0,0,1,0,1947-04-17,,0,,,,,,,,,,,,,,,,
205621,0001109,3,長野県,ナガノケン,Nagano,下高井郡,シモタカイグン,Shimotakai-gun,木島平村,キジマダイラムラ,Kijimadaira-mura,,,,大字往郷,オオアザオウゴウ,Ogo,,,,字干場,アザホシバ,,,0,0,0,0,0,0,1,0,1947-04-17,,0,,,,,,,,,,,,,,,,
205621,0001110,3,長野県,ナガノケン,Nagano,下高井郡,シモタカイグン,Shimotakai-gun,木島平村,キジマダイラムラ,Kijimadaira-mura,,,,大字往郷,オオアザオウゴウ,Ogo,,,,字観音堂,アザカンノンドウ,,,0,0,0,0,0,0,1,0,1947-04-17,,0,,,,,,,,,,,,,,,,
205621,0001111,3,長野県,ナガノケン,Nagano,下高井郡,シモタカイグン,Shimotakai-gun,木島平村,キジマダイラムラ,Kijimadaira-mura,,,,大字往郷,オオアザオウゴウ,Ogo,,,,字岩城,アザイワキ,,,0,0,0,0,0,0,1,0,1947-04-17,,0,,,,,,,,,,,,,,,,
205621,0001112,3,長野県,ナガノケン,Nagano,下高井郡,シモタカイグン,Shimotakai-gun,木島平村,キジマダイラムラ,Kijimadaira-mura,,,,大字往郷,オオアザオウゴウ,Ogo,,,,字熊ノ堂,アザクマノドウ,,,0,0,0,0,0,0,1,0,1947-04-17,,0,,,,,,,,,,,,,,,,
205621,0001113,3,長野県,ナガノケン,Nagano,下高井郡,シモタカイグン,Shimotakai-gun,木島平村,キジマダイラムラ,Kijimadaira-mura,,,,大字往郷,オオアザオウゴウ,Ogo,,,,字計見山,アザケミヤマ,,,0,0,0,0,0,0,1,0,1947-04-17,,0,,,,,,,,,,,,,,,,
205621,0001114,3,長野県,ナガノケン,Nagano,下高井郡,シモタカイグン,Shimotakai-gun,木島平村,キジマダイラムラ,Kijimadaira-mura,,,,大字往郷,オオアザオウゴウ,Ogo,,,,字欠端,アザカケバタ,,,0,0,0,0,0,0,1,0,1947-04-17,,0,,,,,,,,,,,,,,,,
205621,0001115,3,長野県,ナガノケン,Nagano,下高井郡,シモタカイグン,Shimotakai-gun,木島平村,キジマダイラムラ,Kijimadaira-mura,,,,大字往郷,オオアザオウゴウ,Ogo,,,,字戸狩石,アザトガリイシ,,,0,0,0,0,0,0,1,0,1947-04-17,,0,,,,,,,,,,,,,,,,
205621,0001116,3,長野県,ナガノケン,Nagano,下高井郡,シモタカイグン,Shimotakai-gun,木島平村,キジマダイラムラ,Kijimadaira-mura,,,,大字往郷,オオアザオウゴウ,Ogo,,,,字戸立岩,アザトタテイワ,,,0,0,0,0,0,0,1,0,1947-04-17,,0,,,,,,,,,,,,,,,,
205621,0001117,3,長野県,ナガノケン,Nagano,下高井郡,シモタカイグン,Shimotakai-gun,木島平村,キジマダイラムラ,Kijimadaira-mura,,,,大字往郷,オオアザオウゴウ,Ogo,,,,字狐川原,アザキツネガワラ,,,0,0,0,0,0,0,1,0,1947-04-17,,0,,,,,,,,,,,,,,,,
205621,0001118,3,長野県,ナガノケン,Nagano,下高井郡,シモタカイグン,Shimotakai-gun,木島平村,キジマダイラムラ,Kijimadaira-mura,,,,大字往郷,オオアザオウゴウ,Ogo,,,,字庚,アザカノエ,,,0,0,0,0,0,0,1,0,1947-04-17,,0,,,,,,,,,,,,,,,,
205621,0001119,3,長野県,ナガノケン,Nagano,下高井郡,シモタカイグン,Shimotakai-gun,木島平村,キジマダイラムラ,Kijimadaira-mura,,,,大字往郷,オオアザオウゴウ,Ogo,,,,字江伝原,アザエテンパラ,,,0,0,0,0,0,0,1,0,1947-04-17,,0,,,,,,,,,,,,,,,,
205621,0001120,3,長野県,ナガノケン,Nagano,下高井郡,シモタカイグン,Shimotakai-gun,木島平村,キジマダイラムラ,Kijimadaira-mura,,,,大字往郷,オオアザオウゴウ,Ogo,,,,字荒川,アザアラカワ,,,0,0,0,0,0,0,1,0,1947-04-17,,0,,,,,,,,,,,,,,,,
205621,0001121,3,長野県,ナガノケン,Nagano,下高井郡,シモタカイグン,Shimotakai-gun,木島平村,キジマダイラムラ,Kijimadaira-mura,,,,大字往郷,オオアザオウゴウ,Ogo,,,,字高硴,アザタガゴウロ,,,0,0,0,0,0,0,1,0,1947-04-17,,0,,,,,,,,,,,,,,,,
205621,0001122,3,長野県,ナガノケン,Nagano,下高井郡,シモタカイグン,Shimotakai-gun,木島平村,キジマダイラムラ,Kijimadaira-mura,,,,大字往郷,オオアザオウゴウ,Ogo,,,,字根塚,アザネツカ,,,0,0,0,0,0,0,1,0,1947-04-17,,0,,,,,,,,,,,,,,,,
205621,0001123,3,長野県,ナガノケン,Nagano,下高井郡,シモタカイグン,Shimotakai-gun,木島平村,キジマダイラムラ,Kijimadaira-mura,,,,大字往郷,オオアザオウゴウ,Ogo,,,,字三ノ澤,アザサンノサワ,,,0,0,0,0,0,0,1,0,1947-04-17,,0,,,,,,,,,,,,,,,,
205621,0001124,3,長野県,ナガノケン,Nagano,下高井郡,シモタカイグン,Shimotakai-gun,木島平村,キジマダイラムラ,Kijimadaira-mura,,,,大字往郷,オオアザオウゴウ,Ogo,,,,字山根,アザヤマネ,,,0,0,0,0,0,0,1,0,1947-04-17,,0,,,,,,,,,,,,,,,,
205621,0001125,3,長野県,ナガノケン,Nagano,下高井郡,シモタカイグン,Shimotakai-gun,木島平村,キジマダイラムラ,Kijimadaira-mura,,,,大字往郷,オオアザオウゴウ,Ogo,,,,字市ノ川,アザイチノカワ,,,0,0,0,0,0,0,1,0,1947-04-17,,0,,,,,,,,,,,,,,,,
205621,0001126,3,長野県,ナガノケン,Nagano,下高井郡,シモタカイグン,Shimotakai-gun,木島平村,キジマダイラムラ,Kijimadaira-mura,,,,大字往郷,オオアザオウゴウ,Ogo,,,,字市之割沖,アザイチノワリオキ,,,0,0,0,0,0,0,1,0,1947-04-17,,0,,,,,,,,,,,,,,,,
205621,0001127,3,長野県,ナガノケン,Nagano,下高井郡,シモタカイグン,Shimotakai-gun,木島平村,キジマダイラムラ,Kijimadaira-mura,,,,大字往郷,オオアザオウゴウ,Ogo,,,,字七曲,アザナナマガリ,,,0,0,0,0,0,0,1,0,1947-04-17,,0,,,,,,,,,,,,,,,,
205621,0001128,3,長野県,ナガノケン,Nagano,下高井郡,シモタカイグン,Shimotakai-gun,木島平村,キジマダイラムラ,Kijimadaira-mura,,,,大字往郷,オオアザオウゴウ,Ogo,,,,字漆原,アザウルシハラ,,,0,0,0,0,0,0,1,0,1947-04-17,,0,,,,,,,,,,,,,,,,
205621,0001129,3,長野県,ナガノケン,Nagano,下高井郡,シモタカイグン,Shimotakai-gun,木島平村,キジマダイラムラ,Kijimadaira-mura,,,,大字往郷,オオアザオウゴウ,Ogo,,,,字蛇石,アザヘビイシ,,,0,0,0,0,0,0,1,0,1947-04-17,,0,,,,,,,,,,,,,,,,
205621,0001130,3,長野県,ナガノケン,Nagano,下高井郡,シモタカイグン,Shimotakai-gun,木島平村,キジマダイラムラ,Kijimadaira-mura,,,,大字往郷,オオアザオウゴウ,Ogo,,,,字小屋場,アザコヤバ,,,0,0,0,0,0,0,1,0,1947-04-17,,0,,,,,,,,,,,,,,,,
205621,0001131,3,長野県,ナガノケン,Nagano,下高井郡,シモタカイグン,Shimotakai-gun,木島平村,キジマダイラムラ,Kijimadaira-mura,,,,大字往郷,オオアザオウゴウ,Ogo,,,,字小久保,アザコクボ,,,0,0,0,0,0,0,1,0,1947-04-17,,0,,,,,,,,,,,,,,,,
205621,0001132,3,長野県,ナガノケン,Nagano,下高井郡,シモタカイグン,Shimotakai-gun,木島平村,キジマダイラムラ,Kijimadaira-mura,,,,大字往郷,オオアザオウゴウ,Ogo,,,,字小塚,アザコツカ,,,0,0,0,0,0,0,1,0,1947-04-17,,0,,,,,,,,,,,,,,,,
205621,0001133,3,長野県,ナガノケン,Nagano,下高井郡,シモタカイグン,Shimotakai-gun,木島平村,キジマダイラムラ,Kijimadaira-mura,,,,大字往郷,オオアザオウゴウ,Ogo,,,,字小路,アザコウヂ,,,0,0,0,0,0,0,1,0,1947-04-17,,0,,,,,,,,,,,,,,,,
205621,0001134,3,長野県,ナガノケン,Nagano,下高井郡,シモタカイグン,Shimotakai-gun,木島平村,キジマダイラムラ,Kijimadaira-mura,,,,大字往郷,オオアザオウゴウ,Ogo,,,,字上ノ原,アザウエノハラ,,,0,0,0,0,0,0,1,0,1947-04-17,,0,,,,,,,,,,,,,,,,
205621,0001135,3,長野県,ナガノケン,Nagano,下高井郡,シモタカイグン,Shimotakai-gun,木島平村,キジマダイラムラ,Kijimadaira-mura,,,,大字往郷,オオアザオウゴウ,Ogo,,,,字上屋敷,アザカミヤシキ,,,0,0,0,0,0,0,1,0,1947-04-17,,0,,,,,,,,,,,,,,,,
205621,0001136,3,長野県,ナガノケン,Nagano,下高井郡,シモタカイグン,Shimotakai-gun,木島平村,キジマダイラムラ,Kijimadaira-mura,,,,大字往郷,オオアザオウゴウ,Ogo,,,,字上原,アザウエハラ,,,0,0,0,0,0,0,1,0,1947-04-17,,0,,,,,,,,,,,,,,,,
205621,0001137,3,長野県,ナガノケン,Nagano,下高井郡,シモタカイグン,Shimotakai-gun,木島平村,キジマダイラムラ,Kijimadaira-mura,,,,大字往郷,オオアザオウゴウ,Ogo,,,,字上川原,アザカミガワラ,,,0,0,0,0,0,0,1,0,1947-04-17,,0,,,,,,,,,,,,,,,,
205621,0001138,3,長野県,ナガノケン,Nagano,下高井郡,シモタカイグン,Shimotakai-gun,木島平村,キジマダイラムラ,Kijimadaira-mura,,,,大字往郷,オオアザオウゴウ,Ogo,,,,字城ノ平,アザジヨウノヒラ,,,0,0,0,0,0,0,1,0,1947-04-17,,0,,,,,,,,,,,,,,,,
205621,0001140,3,長野県,ナガノケン,Nagano,下高井郡,シモタカイグン,Shimotakai-gun,木島平村,キジマダイラムラ,Kijimadaira-mura,,,,大字往郷,オオアザオウゴウ,Ogo,,,,字清水掛,アザシミズガカリ,,,0,0,0,0,0,0,1,0,1947-04-17,,0,,,,,,,,,,,,,,,,
205621,0001141,3,長野県,ナガノケン,Nagano,下高井郡,シモタカイグン,Shimotakai-gun,木島平村,キジマダイラムラ,Kijimadaira-mura,,,,大字往郷,オオアザオウゴウ,Ogo,,,,字西,アザニシ,,,0,0,0,0,0,0,1,0,1947-04-17,,0,,,,,,,,,,,,,,,,
205621,0001142,3,長野県,ナガノケン,Nagano,下高井郡,シモタカイグン,Shimotakai-gun,木島平村,キジマダイラムラ,Kijimadaira-mura,,,,大字往郷,オオアザオウゴウ,Ogo,,,,字西原,アザニシハラ,,,0,0,0,0,0,0,1,0,1947-04-17,,0,,,,,,,,,,,,,,,,
205621,0001143,3,長野県,ナガノケン,Nagano,下高井郡,シモタカイグン,Shimotakai-gun,木島平村,キジマダイラムラ,Kijimadaira-mura,,,,大字往郷,オオアザオウゴウ,Ogo,,,,字千石,アザセンゴク,,,0,0,0,0,0,0,1,0,1947-04-17,,0,,,,,,,,,,,,,,,,
205621,0001144,3,長野県,ナガノケン,Nagano,下高井郡,シモタカイグン,Shimotakai-gun,木島平村,キジマダイラムラ,Kijimadaira-mura,,,,大字往郷,オオアザオウゴウ,Ogo,,,,字川原,アザカワハラ,,,0,0,0,0,0,0,1,0,1947-04-17,,0,,,,,,,,,,,,,,,,
205621,0001145,3,長野県,ナガノケン,Nagano,下高井郡,シモタカイグン,Shimotakai-gun,木島平村,キジマダイラムラ,Kijimadaira-mura,,,,大字往郷,オオアザオウゴウ,Ogo,,,,字川原添,アザカワラゾイ,,,0,0,0,0,0,0,1,0,1947-04-17,,0,,,,,,,,,,,,,,,,
205621,0001146,3,長野県,ナガノケン,Nagano,下高井郡,シモタカイグン,Shimotakai-gun,木島平村,キジマダイラムラ,Kijimadaira-mura,,,,大字往郷,オオアザオウゴウ,Ogo,,,,字川原土,アザカワハラド,,,0,0,0,0,0,0,1,0,1947-04-17,,0,,,,,,,,,,,,,,,,
205621,0001147,3,長野県,ナガノケン,Nagano,下高井郡,シモタカイグン,Shimotakai-gun,木島平村,キジマダイラムラ,Kijimadaira-mura,,,,大字往郷,オオアザオウゴウ,Ogo,,,,字川島,アザカワシマ,,,0,0,0,0,0,0,1,0,1947-04-17,,0,,,,,,,,,,,,,,,,
205621,0001148,3,長野県,ナガノケン,Nagano,下高井郡,シモタカイグン,Shimotakai-gun,木島平村,キジマダイラムラ,Kijimadaira-mura,,,,大字往郷,オオアザオウゴウ,Ogo,,,,字袖ノ山,アザソデノヤマ,,,0,0,0,0,0,0,1,0,1947-04-17,,0,,,,,,,,,,,,,,,,
205621,0001149,3,長野県,ナガノケン,Nagano,下高井郡,シモタカイグン,Shimotakai-gun,木島平村,キジマダイラムラ,Kijimadaira-mura,,,,大字往郷,オオアザオウゴウ,Ogo,,,,字袖山,アザソデヤマ,,,0,0,0,0,0,0,1,0,1947-04-17,,0,,,,,,,,,,,,,,,,
205621,0001150,3,長野県,ナガノケン,Nagano,下高井郡,シモタカイグン,Shimotakai-gun,木島平村,キジマダイラムラ,Kijimadaira-mura,,,,大字往郷,オオアザオウゴウ,Ogo,,,,字大猿ケ沢,アザオオサルガサワ,,,0,0,0,0,0,0,1,0,1947-04-17,,0,,,,,,,,,,,,,,,,
205621,0001151,3,長野県,ナガノケン,Nagano,下高井郡,シモタカイグン,Shimotakai-gun,木島平村,キジマダイラムラ,Kijimadaira-mura,,,,大字往郷,オオアザオウゴウ,Ogo,,,,字大久保,アザオオクボ,,,0,0,0,0,0,0,1,0,1947-04-17,,0,,,,,,,,,,,,,,,,
205621,0001152,3,長野県,ナガノケン,Nagano,下高井郡,シモタカイグン,Shimotakai-gun,木島平村,キジマダイラムラ,Kijimadaira-mura,,,,大字往郷,オオアザオウゴウ,Ogo,,,,字大沢,アザオオザワ,,,0,0,0,0,0,0,1,0,1947-04-17,,0,,,,,,,,,,,,,,,,
205621,0001153,3,長野県,ナガノケン,Nagano,下高井郡,シモタカイグン,Shimotakai-gun,木島平村,キジマダイラムラ,Kijimadaira-mura,,,,大字往郷,オオアザオウゴウ,Ogo,,,,字大沢口,アザオオサワグチ,,,0,0,0,0,0,0,1,0,1947-04-17,,0,,,,,,,,,,,,,,,,
205621,0001154,3,長野県,ナガノケン,Nagano,下高井郡,シモタカイグン,Shimotakai-gun,木島平村,キジマダイラムラ,Kijimadaira-mura,,,,大字往郷,オオアザオウゴウ,Ogo,,,,字大沢入,アザオオサワイリ,,,0,0,0,0,0,0,1,0,1947-04-17,,0,,,,,,,,,,,,,,,,
205621,0001155,3,長野県,ナガノケン,Nagano,下高井郡,シモタカイグン,Shimotakai-gun,木島平村,キジマダイラムラ,Kijimadaira-mura,,,,大字往郷,オオアザオウゴウ,Ogo,,,,字大塚,アザオオツカ,,,0,0,0,0,0,0,1,0,1947-04-17,,0,,,,,,,,,,,,,,,,
205621,0001156,3,長野県,ナガノケン,Nagano,下高井郡,シモタカイグン,Shimotakai-gun,木島平村,キジマダイラムラ,Kijimadaira-mura,,,,大字往郷,オオアザオウゴウ,Ogo,,,,字大塚沖,アザオオツカオキ,,,0,0,0,0,0,0,1,0,1947-04-17,,0,,,,,,,,,,,,,,,,
205621,0001157,3,長野県,ナガノケン,Nagano,下高井郡,シモタカイグン,Shimotakai-gun,木島平村,キジマダイラムラ,Kijimadaira-mura,,,,大字往郷,オオアザオウゴウ,Ogo,,,,字大道端,アザオオミチバタ,,,0,0,0,0,0,0,1,0,1947-04-17,,0,,,,,,,,,,,,,,,,
205621,0001158,3,長野県,ナガノケン,Nagano,下高井郡,シモタカイグン,Shimotakai-gun,木島平村,キジマダイラムラ,Kijimadaira-mura,,,,大字往郷,オオアザオウゴウ,Ogo,,,,字大平,アザオオヒラ,,,0,0,0,0,0,0,1,0,1947-04-17,,0,,,,,,,,,,,,,,,,
205621,0001159,3,長野県,ナガノケン,Nagano,下高井郡,シモタカイグン,Shimotakai-gun,木島平村,キジマダイラムラ,Kijimadaira-mura,,,,大字往郷,オオアザオウゴウ,Ogo,,,,字大明神,アザダイミヨウジン,,,0,0,0,0,0,0,1,0,1947-04-17,,0,,,,,,,,,,,,,,,,
205621,0001160,3,長野県,ナガノケン,Nagano,下高井郡,シモタカイグン,Shimotakai-gun,木島平村,キジマダイラムラ,Kijimadaira-mura,,,,大字往郷,オオアザオウゴウ,Ogo,,,,字大林,アザオオバヤシ,,,0,0,0,0,0,0,1,0,1947-04-17,,0,,,,,,,,,,,,,,,,
205621,0001161,3,長野県,ナガノケン,Nagano,下高井郡,シモタカイグン,Shimotakai-gun,木島平村,キジマダイラムラ,Kijimadaira-mura,,,,大字往郷,オオアザオウゴウ,Ogo,,,,字棚,アザタナ,,,0,0,0,0,0,0,1,0,1947-04-17,,0,,,,,,,,,,,,,,,,
205621,0001162,3,長野県,ナガノケン,Nagano,下高井郡,シモタカイグン,Shimotakai-gun,木島平村,キジマダイラムラ,Kijimadaira-mura,,,,大字往郷,オオアザオウゴウ,Ogo,,,,字棚下,アザタナシタ,,,0,0,0,0,0,0,1,0,1947-04-17,,0,,,,,,,,,,,,,,,,
205621,0001163,3,長野県,ナガノケン,Nagano,下高井郡,シモタカイグン,Shimotakai-gun,木島平村,キジマダイラムラ,Kijimadaira-mura,,,,大字往郷,オオアザオウゴウ,Ogo,,,,字谷上,アザタニアゲ,,,0,0,0,0,0,0,1,0,1947-04-17,,0,,,,,,,,,,,,,,,,
205621,0001164,3,長野県,ナガノケン,Nagano,下高井郡,シモタカイグン,Shimotakai-gun,木島平村,キジマダイラムラ,Kijimadaira-mura,,,,大字往郷,オオアザオウゴウ,Ogo,,,,字谷地清水,アザヤチシミズ,,,0,0,0,0,0,0,1,0,1947-04-17,,0,,,,,,,,,,,,,,,,
205621,0001165,3,長野県,ナガノケン,Nagano,下高井郡,シモタカイグン,Shimotakai-gun,木島平村,キジマダイラムラ,Kijimadaira-mura,,,,大字往郷,オオアザオウゴウ,Ogo,,,,字中山,アザナカヤマ,,,0,0,0,0,0,0,1,0,1947-04-17,,0,,,,,,,,,,,,,,,,
205621,0001166,3,長野県,ナガノケン,Nagano,下高井郡,シモタカイグン,Shimotakai-gun,木島平村,キジマダイラムラ,Kijimadaira-mura,,,,大字往郷,オオアザオウゴウ,Ogo,,,,字中川原,アザナカガワハラ,,,0,0,0,0,0,0,1,0,1947-04-17,,0,,,,,,,,,,,,,,,,
205621,0001167,3,長野県,ナガノケン,Nagano,下高井郡,シモタカイグン,Shimotakai-gun,木島平村,キジマダイラムラ,Kijimadaira-mura,,,,大字往郷,オオアザオウゴウ,Ogo,,,,字中島,アザナカジマ,,,0,0,0,0,0,0,1,0,1947-04-17,,0,,,,,,,,,,,,,,,,
205621,0001168,3,長野県,ナガノケン,Nagano,下高井郡,シモタカイグン,Shimotakai-gun,木島平村,キジマダイラムラ,Kijimadaira-mura,,,,大字往郷,オオアザオウゴウ,Ogo,,,,字仲田,アザナカダ,,,0,0,0,0,0,0,1,0,1947-04-17,,0,,,,,,,,,,,,,,,,
205621,0001169,3,長野県,ナガノケン,Nagano,下高井郡,シモタカイグン,Shimotakai-gun,木島平村,キジマダイラムラ,Kijimadaira-mura,,,,大字往郷,オオアザオウゴウ,Ogo,,,,字仲道,アザナカミチ,,,0,0,0,0,0,0,1,0,1947-04-17,,0,,,,,,,,,,,,,,,,
205621,0001170,3,長野県,ナガノケン,Nagano,下高井郡,シモタカイグン,Shimotakai-gun,木島平村,キジマダイラムラ,Kijimadaira-mura,,,,大字往郷,オオアザオウゴウ,Ogo,,,,字長澤,アザナガサワ,,,0,0,0,0,0,0,1,0,1947-04-17,,0,,,,,,,,,,,,,,,,
205621,0001171,3,長野県,ナガノケン,Nagano,下高井郡,シモタカイグン,Shimotakai-gun,木島平村,キジマダイラムラ,Kijimadaira-mura,,,,大字往郷,オオアザオウゴウ,Ogo,,,,字道珍,アザドウチン,,,0,0,0,0,0,0,1,0,1947-04-17,,0,,,,,,,,,,,,,,,,
205621,0001172,3,長野県,ナガノケン,Nagano,下高井郡,シモタカイグン,Shimotakai-gun,木島平村,キジマダイラムラ,Kijimadaira-mura,,,,大字往郷,オオアザオウゴウ,Ogo,,,,字内山,アザウチヤマ,,,0,0,0,0,0,0,1,0,1947-04-17,,0,,,,,,,,,,,,,,,,
205621,0001173,3,長野県,ナガノケン,Nagano,下高井郡,シモタカイグン,Shimotakai-gun,木島平村,キジマダイラムラ,Kijimadaira-mura,,,,大字往郷,オオアザオウゴウ,Ogo,,,,字二ノ澤,アザニノサワ,,,0,0,0,0,0,0,1,0,1947-04-17,,0,,,,,,,,,,,,,,,,
205621,0001174,3,長野県,ナガノケン,Nagano,下高井郡,シモタカイグン,Shimotakai-gun,木島平村,キジマダイラムラ,Kijimadaira-mura,,,,大字往郷,オオアザオウゴウ,Ogo,,,,字日向坂,アザヒナタザカ,,,0,0,0,0,0,0,1,0,1947-04-17,,0,,,,,,,,,,,,,,,,
205621,0001175,3,長野県,ナガノケン,Nagano,下高井郡,シモタカイグン,Shimotakai-gun,木島平村,キジマダイラムラ,Kijimadaira-mura,,,,大字往郷,オオアザオウゴウ,Ogo,,,,字馬曲山,アザマグセヤマ,,,0,0,0,0,0,0,1,0,1947-04-17,,0,,,,,,,,,,,,,,,,
205621,0001176,3,長野県,ナガノケン,Nagano,下高井郡,シモタカイグン,Shimotakai-gun,木島平村,キジマダイラムラ,Kijimadaira-mura,,,,大字往郷,オオアザオウゴウ,Ogo,,,,字馬曲川,アザマグセカワ,,,0,0,0,0,0,0,1,0,1947-04-17,,0,,,,,,,,,,,,,,,,
205621,0001177,3,長野県,ナガノケン,Nagano,下高井郡,シモタカイグン,Shimotakai-gun,木島平村,キジマダイラムラ,Kijimadaira-mura,,,,大字往郷,オオアザオウゴウ,Ogo,,,,字馬曲川端,アザマグセカワバタ,,,0,0,0,0,0,0,1,0,1947-04-17,,0,,,,,,,,,,,,,,,,
205621,0001178,3,長野県,ナガノケン,Nagano,下高井郡,シモタカイグン,Shimotakai-gun,木島平村,キジマダイラムラ,Kijimadaira-mura,,,,大字往郷,オオアザオウゴウ,Ogo,,,,字八丁原,アザハツチヨウバラ,,,0,0,0,0,0,0,1,0,1947-04-17,,0,,,,,,,,,,,,,,,,
205621,0001179,3,長野県,ナガノケン,Nagano,下高井郡,シモタカイグン,Shimotakai-gun,木島平村,キジマダイラムラ,Kijimadaira-mura,,,,大字往郷,オオアザオウゴウ,Ogo,,,,字板入,アザイタイリ,,,0,0,0,0,0,0,1,0,1947-04-17,,0,,,,,,,,,,,,,,,,
205621,0001180,3,長野県,ナガノケン,Nagano,下高井郡,シモタカイグン,Shimotakai-gun,木島平村,キジマダイラムラ,Kijimadaira-mura,,,,大字往郷,オオアザオウゴウ,Ogo,,,,字部谷古,アザヒヤコ,,,0,0,0,0,0,0,1,0,1947-04-17,,0,,,,,,,,,,,,,,,,
205621,0001181,3,長野県,ナガノケン,Nagano,下高井郡,シモタカイグン,Shimotakai-gun,木島平村,キジマダイラムラ,Kijimadaira-mura,,,,大字往郷,オオアザオウゴウ,Ogo,,,,字部谷沢,アザヘヤザワ,,,0,0,0,0,0,0,1,0,1947-04-17,,0,,,,,,,,,,,,,,,,
205621,0001182,3,長野県,ナガノケン,Nagano,下高井郡,シモタカイグン,Shimotakai-gun,木島平村,キジマダイラムラ,Kijimadaira-mura,,,,大字往郷,オオアザオウゴウ,Ogo,,,,字平塚,アザヒラツカ,,,0,0,0,0,0,0,1,0,1947-04-17,,0,,,,,,,,,,,,,,,,
205621,0001183,3,長野県,ナガノケン,Nagano,下高井郡,シモタカイグン,Shimotakai-gun,木島平村,キジマダイラムラ,Kijimadaira-mura,,,,大字往郷,オオアザオウゴウ,Ogo,,,,字法伝原,アザホウテンバラ,,,0,0,0,0,0,0,1,0,1947-04-17,,0,,,,,,,,,,,,,,,,
205621,0001184,3,長野県,ナガノケン,Nagano,下高井郡,シモタカイグン,Shimotakai-gun,木島平村,キジマダイラムラ,Kijimadaira-mura,,,,大字往郷,オオアザオウゴウ,Ogo,,,,字北原,アザキタハラ,,,0,0,0,0,0,0,1,0,1947-04-17,,0,,,,,,,,,,,,,,,,
205621,0001185,3,長野県,ナガノケン,Nagano,下高井郡,シモタカイグン,Shimotakai-gun,木島平村,キジマダイラムラ,Kijimadaira-mura,,,,大字往郷,オオアザオウゴウ,Ogo,,,,字北原地,アザキタハラヂ,,,0,0,0,0,0,0,1,0,1947-04-17,,0,,,,,,,,,,,,,,,,
205621,0001186,3,長野県,ナガノケン,Nagano,下高井郡,シモタカイグン,Shimotakai-gun,木島平村,キジマダイラムラ,Kijimadaira-mura,,,,大字往郷,オオアザオウゴウ,Ogo,,,,字麻畑,アザアサバタケ,,,0,0,0,0,0,0,1,0,1947-04-17,,0,,,,,,,,,,,,,,,,
205621,0001187,3,長野県,ナガノケン,Nagano,下高井郡,シモタカイグン,Shimotakai-gun,木島平村,キジマダイラムラ,Kijimadaira-mura,,,,大字往郷,オオアザオウゴウ,Ogo,,,,字落澤,アザオトシザワ,,,0,0,0,0,0,0,1,0,1947-04-17,,0,,,,,,,,,,,,,,,,
205621,0001188,3,長野県,ナガノケン,Nagano,下高井郡,シモタカイグン,Shimotakai-gun,木島平村,キジマダイラムラ,Kijimadaira-mura,,,,大字往郷,オオアザオウゴウ,Ogo,,,,字梨ノ木,アザナシノキ,,,0,0,0,0,0,0,1,0,1947-04-17,,0,,,,,,,,,,,,,,,,
205621,0001189,3,長野県,ナガノケン,Nagano,下高井郡,シモタカイグン,Shimotakai-gun,木島平村,キジマダイラムラ,Kijimadaira-mura,,,,大字往郷,オオアザオウゴウ,Ogo,,,,字立石,アザタテイシ,,,0,0,0,0,0,0,1,0,1947-04-17,,0,,,,,,,,,,,,,,,,
205621,0001191,3,長野県,ナガノケン,Nagano,下高井郡,シモタカイグン,Shimotakai-gun,木島平村,キジマダイラムラ,Kijimadaira-mura,,,,大字往郷,オオアザオウゴウ,Ogo,,,,字簗場,アザヤナバ,,,0,0,0,0,0,0,1,0,1947-04-17,,0,,,,,,,,,,,,,,,,
205621,0001192,3,長野県,ナガノケン,Nagano,下高井郡,シモタカイグン,Shimotakai-gun,木島平村,キジマダイラムラ,Kijimadaira-mura,,,,大字往郷,オオアザオウゴウ,,,,,字小樽,アザコタル,,,0,0,0,0,0,0,1,0,1970-01-01,,0,,,,,,,,,,,,,,,,
205621,0001193,3,長野県,ナガノケン,Nagano,下高井郡,シモタカイグン,Shimotakai-gun,木島平村,キジマダイラムラ,Kijimadaira-mura,,,,大字往郷,オオアザオウゴウ,,,,,字小樽上,アザコタルウエ,,,0,0,0,0,0,0,1,0,1970-01-01,,0,,,,,,,,,,,,,,,,
205621,0001194,3,長野県,ナガノケン,Nagano,下高井郡,シモタカイグン,Shimotakai-gun,木島平村,キジマダイラムラ,Kijimadaira-mura,,,,大字往郷,オオアザオウゴウ,,,,,字小樽口,アザコタルグチ,,,0,0,0,0,0,0,1,0,1970-01-01,,0,,,,,,,,,,,,,,,,
205621,0001195,3,長野県,ナガノケン,Nagano,下高井郡,シモタカイグン,Shimotakai-gun,木島平村,キジマダイラムラ,Kijimadaira-mura,,,,大字往郷,オオアザオウゴウ,,,,,字樽川端,アザタルカワバタ,,,0,0,0,0,0,0,1,0,1970-01-01,,0,,,,,,,,,,,,,,,,
205621,0001196,3,長野県,ナガノケン,Nagano,下高井郡,シモタカイグン,Shimotakai-gun,木島平村,キジマダイラムラ,Kijimadaira-mura,,,,大字往郷,オオアザオウゴウ,,,,,字樽口,アザタルグチ,,,0,0,0,0,0,0,1,0,1970-01-01,,0,,,,,,,,,,,,,,,,
205621,0002000,1,長野県,ナガノケン,Nagano,下高井郡,シモタカイグン,Shimotakai-gun,木島平村,キジマダイラムラ,Kijimadaira-mura,,,,大字上木島,オオアザカミキジマ,Kamikijima,,,,,,,,0,0,0,0,0,0,1,1,1947-04-17,,0,3892303,,,,,,,,,,,,,,,
205621,0002101,3,長野県,ナガノケン,Nagano,下高井郡,シモタカイグン,Shimotakai-gun,木島平村,キジマダイラムラ,Kijimadaira-mura,,,,大字上木島,オオアザカミキジマ,Kamikijima,,,,字横手,アザヨコテ,,,0,0,0,0,0,0,1,0,1947-04-17,,0,,,,,,,,,,,,,,,,
205621,0002102,3,長野県,ナガノケン,Nagano,下高井郡,シモタカイグン,Shimotakai-gun,木島平村,キジマダイラムラ,Kijimadaira-mura,,,,大字上木島,オオアザカミキジマ,Kamikijima,,,,字久保田,アザクボタ,,,0,0,0,0,0,0,1,0,1947-04-17,,0,,,,,,,,,,,,,,,,
205621,0002103,3,長野県,ナガノケン,Nagano,下高井郡,シモタカイグン,Shimotakai-gun,木島平村,キジマダイラムラ,Kijimadaira-mura,,,,大字上木島,オオアザカミキジマ,Kamikijima,,,,字宮島,アザミヤノシマ,,,0,0,0,0,0,0,1,0,1947-04-17,,0,,,,,,,,,,,,,,,,
205621,0002104,3,長野県,ナガノケン,Nagano,下高井郡,シモタカイグン,Shimotakai-gun,木島平村,キジマダイラムラ,Kijimadaira-mura,,,,大字上木島,オオアザカミキジマ,Kamikijima,,,,字虚空蔵山,アザコクゾウヤマ,,,0,0,0,0,0,0,1,0,1947-04-17,,0,,,,,,,,,,,,,,,,
205621,0002105,3,長野県,ナガノケン,Nagano,下高井郡,シモタカイグン,Shimotakai-gun,木島平村,キジマダイラムラ,Kijimadaira-mura,,,,大字上木島,オオアザカミキジマ,Kamikijima,,,,字御堀,アザオホリ,,,0,0,0,0,0,0,1,0,1947-04-17,,0,,,,,,,,,,,,,,,,
205621,0002106,3,長野県,ナガノケン,Nagano,下高井郡,シモタカイグン,Shimotakai-gun,木島平村,キジマダイラムラ,Kijimadaira-mura,,,,大字上木島,オオアザカミキジマ,Kamikijima,,,,字向原,アザムカウハラ,,,0,0,0,0,0,0,1,0,1947-04-17,,0,,,,,,,,,,,,,,,,
205621,0002107,3,長野県,ナガノケン,Nagano,下高井郡,シモタカイグン,Shimotakai-gun,木島平村,キジマダイラムラ,Kijimadaira-mura,,,,大字上木島,オオアザカミキジマ,Kamikijima,,,,字糠平,アザヌカダイラ,,,0,0,0,0,0,0,1,0,1947-04-17,,0,,,,,,,,,,,,,,,,
205621,0002108,3,長野県,ナガノケン,Nagano,下高井郡,シモタカイグン,Shimotakai-gun,木島平村,キジマダイラムラ,Kijimadaira-mura,,,,大字上木島,オオアザカミキジマ,Kamikijima,,,,字荒古,アザアラコ,,,0,0,0,0,0,0,1,0,1947-04-17,,0,,,,,,,,,,,,,,,,
205621,0002109,3,長野県,ナガノケン,Nagano,下高井郡,シモタカイグン,Shimotakai-gun,木島平村,キジマダイラムラ,Kijimadaira-mura,,,,大字上木島,オオアザカミキジマ,Kamikijima,,,,字高山,アザタカヤマ,,,0,0,0,0,0,0,1,0,1947-04-17,,0,,,,,,,,,,,,,,,,
205621,0002110,3,長野県,ナガノケン,Nagano,下高井郡,シモタカイグン,Shimotakai-gun,木島平村,キジマダイラムラ,Kijimadaira-mura,,,,大字上木島,オオアザカミキジマ,Kamikijima,,,,字高社山,アザコウシヤザン,,,0,0,0,0,0,0,1,0,1947-04-17,,0,,,,,,,,,,,,,,,,
205621,0002111,3,長野県,ナガノケン,Nagano,下高井郡,シモタカイグン,Shimotakai-gun,木島平村,キジマダイラムラ,Kijimadaira-mura,,,,大字上木島,オオアザカミキジマ,Kamikijima,,,,字市郎右エ門山,アザイチロウエモンヤマ,,,0,0,0,0,0,0,1,0,1947-04-17,,0,,,,,,,,,,,,,,,,
205621,0002112,3,長野県,ナガノケン,Nagano,下高井郡,シモタカイグン,Shimotakai-gun,木島平村,キジマダイラムラ,Kijimadaira-mura,,,,大字上木島,オオアザカミキジマ,Kamikijima,,,,字渋池,アザシブイケ,,,0,0,0,0,0,0,1,0,1947-04-17,,0,,,,,,,,,,,,,,,,
205621,0002113,3,長野県,ナガノケン,Nagano,下高井郡,シモタカイグン,Shimotakai-gun,木島平村,キジマダイラムラ,Kijimadaira-mura,,,,大字上木島,オオアザカミキジマ,Kamikijima,,,,字小丸山,アザコマルヤマ,,,0,0,0,0,0,0,1,0,1947-04-17,,0,,,,,,,,,,,,,,,,
205621,0002114,3,長野県,ナガノケン,Nagano,下高井郡,シモタカイグン,Shimotakai-gun,木島平村,キジマダイラムラ,Kijimadaira-mura,,,,大字上木島,オオアザカミキジマ,Kamikijima,,,,字小松原,アザコマツバラ,,,0,0,0,0,0,0,1,0,1947-04-17,,0,,,,,,,,,,,,,,,,
205621,0002115,3,長野県,ナガノケン,Nagano,下高井郡,シモタカイグン,Shimotakai-gun,木島平村,キジマダイラムラ,Kijimadaira-mura,,,,大字上木島,オオアザカミキジマ,Kamikijima,,,,字小田井,アザオタイ,,,0,0,0,0,0,0,1,0,1947-04-17,,0,,,,,,,,,,,,,,,,
205621,0002116,3,長野県,ナガノケン,Nagano,下高井郡,シモタカイグン,Shimotakai-gun,木島平村,キジマダイラムラ,Kijimadaira-mura,,,,大字上木島,オオアザカミキジマ,Kamikijima,,,,字小平,アザコダイラ,,,0,0,0,0,0,0,1,0,1947-04-17,,0,,,,,,,,,,,,,,,,
205621,0002117,3,長野県,ナガノケン,Nagano,下高井郡,シモタカイグン,Shimotakai-gun,木島平村,キジマダイラムラ,Kijimadaira-mura,,,,大字上木島,オオアザカミキジマ,Kamikijima,,,,字小路,アザコウジ,,,0,0,0,0,0,0,1,0,1947-04-17,,0,,,,,,,,,,,,,,,,
205621,0002118,3,長野県,ナガノケン,Nagano,下高井郡,シモタカイグン,Shimotakai-gun,木島平村,キジマダイラムラ,Kijimadaira-mura,,,,大字上木島,オオアザカミキジマ,Kamikijima,,,,字上原,アザカミハラ,,,0,0,0,0,0,0,1,0,1947-04-17,,0,,,,,,,,,,,,,,,,
205621,0002119,3,長野県,ナガノケン,Nagano,下高井郡,シモタカイグン,Shimotakai-gun,木島平村,キジマダイラムラ,Kijimadaira-mura,,,,大字上木島,オオアザカミキジマ,Kamikijima,,,,字新屋,アザアラヤ,,,0,0,0,0,0,0,1,0,1947-04-17,,0,,,,,,,,,,,,,,,,
205621,0002121,3,長野県,ナガノケン,Nagano,下高井郡,シモタカイグン,Shimotakai-gun,木島平村,キジマダイラムラ,Kijimadaira-mura,,,,大字上木島,オオアザカミキジマ,Kamikijima,,,,字西浦,アザニシウラ,,,0,0,0,0,0,0,1,0,1947-04-17,,0,,,,,,,,,,,,,,,,
205621,0002122,3,長野県,ナガノケン,Nagano,下高井郡,シモタカイグン,Shimotakai-gun,木島平村,キジマダイラムラ,Kijimadaira-mura,,,,大字上木島,オオアザカミキジマ,Kamikijima,,,,字西原,アザニシハラ,,,0,0,0,0,0,0,1,0,1947-04-17,,0,,,,,,,,,,,,,,,,
205621,0002123,3,長野県,ナガノケン,Nagano,下高井郡,シモタカイグン,Shimotakai-gun,木島平村,キジマダイラムラ,Kijimadaira-mura,,,,大字上木島,オオアザカミキジマ,Kamikijima,,,,字西平,アザニシノヒラ,,,0,0,0,0,0,0,1,0,1947-04-17,,0,,,,,,,,,,,,,,,,
205621,0002124,3,長野県,ナガノケン,Nagano,下高井郡,シモタカイグン,Shimotakai-gun,木島平村,キジマダイラムラ,Kijimadaira-mura,,,,大字上木島,オオアザカミキジマ,Kamikijima,,,,字千平,アザセンノタイラ,,,0,0,0,0,0,0,1,0,1947-04-17,,0,,,,,,,,,,,,,,,,
205621,0002125,3,長野県,ナガノケン,Nagano,下高井郡,シモタカイグン,Shimotakai-gun,木島平村,キジマダイラムラ,Kijimadaira-mura,,,,大字上木島,オオアザカミキジマ,Kamikijima,,,,字川原,アザカワラ,,,0,0,0,0,0,0,1,0,1947-04-17,,0,,,,,,,,,,,,,,,,
205621,0002126,3,長野県,ナガノケン,Nagano,下高井郡,シモタカイグン,Shimotakai-gun,木島平村,キジマダイラムラ,Kijimadaira-mura,,,,大字上木島,オオアザカミキジマ,Kamikijima,,,,字倉沢,アザクラサワ,,,0,0,0,0,0,0,1,0,1947-04-17,,0,,,,,,,,,,,,,,,,
205621,0002127,3,長野県,ナガノケン,Nagano,下高井郡,シモタカイグン,Shimotakai-gun,木島平村,キジマダイラムラ,Kijimadaira-mura,,,,大字上木島,オオアザカミキジマ,Kamikijima,,,,字村裏,アザムラウラ,,,0,0,0,0,0,0,1,0,1947-04-17,,0,,,,,,,,,,,,,,,,
205621,0002128,3,長野県,ナガノケン,Nagano,下高井郡,シモタカイグン,Shimotakai-gun,木島平村,キジマダイラムラ,Kijimadaira-mura,,,,大字上木島,オオアザカミキジマ,Kamikijima,,,,字大林,アザオオバヤシ,,,0,0,0,0,0,0,1,0,1947-04-17,,0,,,,,,,,,,,,,,,,
205621,0002129,3,長野県,ナガノケン,Nagano,下高井郡,シモタカイグン,Shimotakai-gun,木島平村,キジマダイラムラ,Kijimadaira-mura,,,,大字上木島,オオアザカミキジマ,Kamikijima,,,,字谷地,アザヤチ,,,0,0,0,0,0,0,1,0,1947-04-17,,0,,,,,,,,,,,,,,,,
205621,0002130,3,長野県,ナガノケン,Nagano,下高井郡,シモタカイグン,Shimotakai-gun,木島平村,キジマダイラムラ,Kijimadaira-mura,,,,大字上木島,オオアザカミキジマ,Kamikijima,,,,字池平,アザイケノタイラ,,,0,0,0,0,0,0,1,0,1947-04-17,,0,,,,,,,,,,,,,,,,
205621,0002131,3,長野県,ナガノケン,Nagano,下高井郡,シモタカイグン,Shimotakai-gun,木島平村,キジマダイラムラ,Kijimadaira-mura,,,,大字上木島,オオアザカミキジマ,Kamikijima,,,,字蛭川,アザヒルカワ,,,0,0,0,0,0,0,1,0,1947-04-17,,0,,,,,,,,,,,,,,,,
205621,0002132,3,長野県,ナガノケン,Nagano,下高井郡,シモタカイグン,Shimotakai-gun,木島平村,キジマダイラムラ,Kijimadaira-mura,,,,大字上木島,オオアザカミキジマ,Kamikijima,,,,字布引,アザヌノビキ,,,0,0,0,0,0,0,1,0,1947-04-17,,0,,,,,,,,,,,,,,,,
205621,0002133,3,長野県,ナガノケン,Nagano,下高井郡,シモタカイグン,Shimotakai-gun,木島平村,キジマダイラムラ,Kijimadaira-mura,,,,大字上木島,オオアザカミキジマ,Kamikijima,,,,字平山,アザタイラヤマ,,,0,0,0,0,0,0,1,0,1947-04-17,,0,,,,,,,,,,,,,,,,
205621,0002134,3,長野県,ナガノケン,Nagano,下高井郡,シモタカイグン,Shimotakai-gun,木島平村,キジマダイラムラ,Kijimadaira-mura,,,,大字上木島,オオアザカミキジマ,Kamikijima,,,,字木島,アザキジマ,,,0,0,0,0,0,0,1,0,1947-04-17,,0,,,,,,,,,,,,,,,,
205621,0002135,3,長野県,ナガノケン,Nagano,下高井郡,シモタカイグン,Shimotakai-gun,木島平村,キジマダイラムラ,Kijimadaira-mura,,,,大字上木島,オオアザカミキジマ,Kamikijima,,,,字木島山,アザキジマヤマ,,,0,0,0,0,0,0,1,0,1947-04-17,,0,,,,,,,,,,,,,,,,
205621,0002136,3,長野県,ナガノケン,Nagano,下高井郡,シモタカイグン,Shimotakai-gun,木島平村,キジマダイラムラ,Kijimadaira-mura,,,,大字上木島,オオアザカミキジマ,Kamikijima,,,,字柳久保,アザヤナギクボ,,,0,0,0,0,0,0,1,0,1947-04-17,,0,,,,,,,,,,,,,,,,
205621,0002137,3,長野県,ナガノケン,Nagano,下高井郡,シモタカイグン,Shimotakai-gun,木島平村,キジマダイラムラ,Kijimadaira-mura,,,,大字上木島,オオアザカミキジマ,Kamikijima,,,,字立町,アザタツマチ,,,0,0,0,0,0,0,1,0,1947-04-17,,0,,,,,,,,,,,,,,,,
205621,0002138,3,長野県,ナガノケン,Nagano,下高井郡,シモタカイグン,Shimotakai-gun,木島平村,キジマダイラムラ,Kijimadaira-mura,,,,大字上木島,オオアザカミキジマ,Kamikijima,,,,字林内,アザリンナイ,,,0,0,0,0,0,0,1,0,1947-04-17,,0,,,,,,,,,,,,,,,,
205621,0002139,3,長野県,ナガノケン,Nagano,下高井郡,シモタカイグン,Shimotakai-gun,木島平村,キジマダイラムラ,Kijimadaira-mura,,,,大字上木島,オオアザカミキジマ,,,,,字丹後,,,,0,0,0,0,0,0,1,0,1947-04-17,,1,,,,,,,,,,,,,,,,
205621,0003000,1,長野県,ナガノケン,Nagano,下高井郡,シモタカイグン,Shimotakai-gun,木島平村,キジマダイラムラ,Kijimadaira-mura,,,,大字穂高,オオアザホタカ,Hotaka,,,,,,,,0,0,0,0,0,0,1,1,1947-04-17,,0,3892301,,,,,,,,,,,,,,,
205621,0003101,3,長野県,ナガノケン,Nagano,下高井郡,シモタカイグン,Shimotakai-gun,木島平村,キジマダイラムラ,Kijimadaira-mura,,,,大字穂高,オオアザホタカ,Hotaka,,,,字アラ田,アザアラダ,,,0,0,0,0,0,0,1,0,1947-04-17,,0,,,,,,,,,,,,,,,,
205621,0003102,3,長野県,ナガノケン,Nagano,下高井郡,シモタカイグン,Shimotakai-gun,木島平村,キジマダイラムラ,Kijimadaira-mura,,,,大字穂高,オオアザホタカ,Hotaka,,,,字イタドリ畑,アザイタドリハタ,,,0,0,0,0,0,0,1,0,1947-04-17,,0,,,,,,,,,,,,,,,,
205621,0003103,3,長野県,ナガノケン,Nagano,下高井郡,シモタカイグン,Shimotakai-gun,木島平村,キジマダイラムラ,Kijimadaira-mura,,,,大字穂高,オオアザホタカ,Hotaka,,,,字カイキリ,アザカイキリ,,,0,0,0,0,0,0,1,0,1947-04-17,,0,,,,,,,,,,,,,,,,
205621,0003104,3,長野県,ナガノケン,Nagano,下高井郡,シモタカイグン,Shimotakai-gun,木島平村,キジマダイラムラ,Kijimadaira-mura,,,,大字穂高,オオアザホタカ,Hotaka,,,,字ソリ田,アザソリタ,,,0,0,0,0,0,0,1,0,1947-04-17,,0,,,,,,,,,,,,,,,,
205621,0003105,3,長野県,ナガノケン,Nagano,下高井郡,シモタカイグン,Shimotakai-gun,木島平村,キジマダイラムラ,Kijimadaira-mura,,,,大字穂高,オオアザホタカ,Hotaka,,,,字トヨツメ,アザトヨツメ,,,0,0,0,0,0,0,1,0,1947-04-17,,0,,,,,,,,,,,,,,,,
205621,0003106,3,長野県,ナガノケン,Nagano,下高井郡,シモタカイグン,Shimotakai-gun,木島平村,キジマダイラムラ,Kijimadaira-mura,,,,大字穂高,オオアザホタカ,Hotaka,,,,字ドロマキ,アザドロマキ,,,0,0,0,0,0,0,1,0,1947-04-17,,0,,,,,,,,,,,,,,,,
205621,0003107,3,長野県,ナガノケン,Nagano,下高井郡,シモタカイグン,Shimotakai-gun,木島平村,キジマダイラムラ,Kijimadaira-mura,,,,大字穂高,オオアザホタカ,Hotaka,,,,字のぼふ,アザノボフ,,,0,0,0,0,0,0,1,0,1947-04-17,,0,,,,,,,,,,,,,,,,
205621,0003108,3,長野県,ナガノケン,Nagano,下高井郡,シモタカイグン,Shimotakai-gun,木島平村,キジマダイラムラ,Kijimadaira-mura,,,,大字穂高,オオアザホタカ,Hotaka,,,,字バンジャウメン,アザバンジヤウメン,,,0,0,0,0,0,0,1,0,1947-04-17,,0,,,,,,,,,,,,,,,,
205621,0003109,3,長野県,ナガノケン,Nagano,下高井郡,シモタカイグン,Shimotakai-gun,木島平村,キジマダイラムラ,Kijimadaira-mura,,,,大字穂高,オオアザホタカ,Hotaka,,,,字一口林,アザヒトクチバヤシ,,,0,0,0,0,0,0,1,0,1947-04-17,,0,,,,,,,,,,,,,,,,
205621,0003110,3,長野県,ナガノケン,Nagano,下高井郡,シモタカイグン,Shimotakai-gun,木島平村,キジマダイラムラ,Kijimadaira-mura,,,,大字穂高,オオアザホタカ,Hotaka,,,,字一杯清水,アザイツパイシミズ,,,0,0,0,0,0,0,1,0,1947-04-17,,0,,,,,,,,,,,,,,,,
205621,0003111,3,長野県,ナガノケン,Nagano,下高井郡,シモタカイグン,Shimotakai-gun,木島平村,キジマダイラムラ,Kijimadaira-mura,,,,大字穂高,オオアザホタカ,Hotaka,,,,字稲荷境,アザイナリサカエ,,,0,0,0,0,0,0,1,0,1947-04-17,,0,,,,,,,,,,,,,,,,
205621,0003112,3,長野県,ナガノケン,Nagano,下高井郡,シモタカイグン,Shimotakai-gun,木島平村,キジマダイラムラ,Kijimadaira-mura,,,,大字穂高,オオアザホタカ,Hotaka,,,,字烏川,アザカラスガワ,,,0,0,0,0,0,0,1,0,1947-04-17,,0,,,,,,,,,,,,,,,,
205621,0003113,3,長野県,ナガノケン,Nagano,下高井郡,シモタカイグン,Shimotakai-gun,木島平村,キジマダイラムラ,Kijimadaira-mura,,,,大字穂高,オオアザホタカ,Hotaka,,,,字浦山,アザウラヤマ,,,0,0,0,0,0,0,1,0,1947-04-17,,0,,,,,,,,,,,,,,,,
205621,0003114,3,長野県,ナガノケン,Nagano,下高井郡,シモタカイグン,Shimotakai-gun,木島平村,キジマダイラムラ,Kijimadaira-mura,,,,大字穂高,オオアザホタカ,Hotaka,,,,字浦山根,アザウラヤマネ,,,0,0,0,0,0,0,1,0,1947-04-17,,0,,,,,,,,,,,,,,,,
205621,0003115,3,長野県,ナガノケン,Nagano,下高井郡,シモタカイグン,Shimotakai-gun,木島平村,キジマダイラムラ,Kijimadaira-mura,,,,大字穂高,オオアザホタカ,Hotaka,,,,字横道上,アザヨコミチウエ,,,0,0,0,0,0,0,1,0,1947-04-17,,0,,,,,,,,,,,,,,,,
205621,0003116,3,長野県,ナガノケン,Nagano,下高井郡,シモタカイグン,Shimotakai-gun,木島平村,キジマダイラムラ,Kijimadaira-mura,,,,大字穂高,オオアザホタカ,Hotaka,,,,字屋敷際,アザヤシキキワ,,,0,0,0,0,0,0,1,0,1947-04-17,,0,,,,,,,,,,,,,,,,
205621,0003117,3,長野県,ナガノケン,Nagano,下高井郡,シモタカイグン,Shimotakai-gun,木島平村,キジマダイラムラ,Kijimadaira-mura,,,,大字穂高,オオアザホタカ,Hotaka,,,,字屋敷添,アザヤシキソイ,,,0,0,0,0,0,0,1,0,1947-04-17,,0,,,,,,,,,,,,,,,,
205621,0003118,3,長野県,ナガノケン,Nagano,下高井郡,シモタカイグン,Shimotakai-gun,木島平村,キジマダイラムラ,Kijimadaira-mura,,,,大字穂高,オオアザホタカ,Hotaka,,,,字下インキハ,アザシモインキワ,,,0,0,0,0,0,0,1,0,1947-04-17,,0,,,,,,,,,,,,,,,,
205621,0003119,3,長野県,ナガノケン,Nagano,下高井郡,シモタカイグン,Shimotakai-gun,木島平村,キジマダイラムラ,Kijimadaira-mura,,,,大字穂高,オオアザホタカ,Hotaka,,,,字下窪,アザシモクボ,,,0,0,0,0,0,0,1,0,1947-04-17,,0,,,,,,,,,,,,,,,,
205621,0003120,3,長野県,ナガノケン,Nagano,下高井郡,シモタカイグン,Shimotakai-gun,木島平村,キジマダイラムラ,Kijimadaira-mura,,,,大字穂高,オオアザホタカ,Hotaka,,,,字下中村,アザシモナカムラ,,,0,0,0,0,0,0,1,0,1947-04-17,,0,,,,,,,,,,,,,,,,
205621,0003121,3,長野県,ナガノケン,Nagano,下高井郡,シモタカイグン,Shimotakai-gun,木島平村,キジマダイラムラ,Kijimadaira-mura,,,,大字穂高,オオアザホタカ,Hotaka,,,,字河原,アザカワハラ,,,0,0,0,0,0,0,1,0,1947-04-17,,0,,,,,,,,,,,,,,,,
205621,0003122,3,長野県,ナガノケン,Nagano,下高井郡,シモタカイグン,Shimotakai-gun,木島平村,キジマダイラムラ,Kijimadaira-mura,,,,大字穂高,オオアザホタカ,Hotaka,,,,字蟹沢,アザカニサワ,,,0,0,0,0,0,0,1,0,1947-04-17,,0,,,,,,,,,,,,,,,,
205621,0003123,3,長野県,ナガノケン,Nagano,下高井郡,シモタカイグン,Shimotakai-gun,木島平村,キジマダイラムラ,Kijimadaira-mura,,,,大字穂高,オオアザホタカ,Hotaka,,,,字観音堂,アザカンノンドウ,,,0,0,0,0,0,0,1,0,1947-04-17,,0,,,,,,,,,,,,,,,,
205621,0003124,3,長野県,ナガノケン,Nagano,下高井郡,シモタカイグン,Shimotakai-gun,木島平村,キジマダイラムラ,Kijimadaira-mura,,,,大字穂高,オオアザホタカ,Hotaka,,,,字岩下,アザイワシタ,,,0,0,0,0,0,0,1,0,1947-04-17,,0,,,,,,,,,,,,,,,,
205621,0003125,3,長野県,ナガノケン,Nagano,下高井郡,シモタカイグン,Shimotakai-gun,木島平村,キジマダイラムラ,Kijimadaira-mura,,,,大字穂高,オオアザホタカ,Hotaka,,,,字鬼久保,アザオニクボ,,,0,0,0,0,0,0,1,0,1947-04-17,,0,,,,,,,,,,,,,,,,
205621,0003126,3,長野県,ナガノケン,Nagano,下高井郡,シモタカイグン,Shimotakai-gun,木島平村,キジマダイラムラ,Kijimadaira-mura,,,,大字穂高,オオアザホタカ,Hotaka,,,,字宮ノ腰,アザミヤノコシ,,,0,0,0,0,0,0,1,0,1947-04-17,,0,,,,,,,,,,,,,,,,
205621,0003127,3,長野県,ナガノケン,Nagano,下高井郡,シモタカイグン,Shimotakai-gun,木島平村,キジマダイラムラ,Kijimadaira-mura,,,,大字穂高,オオアザホタカ,Hotaka,,,,字宮ノ東,アザミヤノヒガシ,,,0,0,0,0,0,0,1,0,1947-04-17,,0,,,,,,,,,,,,,,,,
205621,0003128,3,長野県,ナガノケン,Nagano,下高井郡,シモタカイグン,Shimotakai-gun,木島平村,キジマダイラムラ,Kijimadaira-mura,,,,大字穂高,オオアザホタカ,Hotaka,,,,字宮ノ北,アザミヤノキタ,,,0,0,0,0,0,0,1,0,1947-04-17,,0,,,,,,,,,,,,,,,,
205621,0003129,3,長野県,ナガノケン,Nagano,下高井郡,シモタカイグン,Shimotakai-gun,木島平村,キジマダイラムラ,Kijimadaira-mura,,,,大字穂高,オオアザホタカ,Hotaka,,,,字宮下,アザミヤシタ,,,0,0,0,0,0,0,1,0,1947-04-17,,0,,,,,,,,,,,,,,,,
205621,0003130,3,長野県,ナガノケン,Nagano,下高井郡,シモタカイグン,Shimotakai-gun,木島平村,キジマダイラムラ,Kijimadaira-mura,,,,大字穂高,オオアザホタカ,Hotaka,,,,字宮脇,アザミヤワキ,,,0,0,0,0,0,0,1,0,1947-04-17,,0,,,,,,,,,,,,,,,,
205621,0003131,3,長野県,ナガノケン,Nagano,下高井郡,シモタカイグン,Shimotakai-gun,木島平村,キジマダイラムラ,Kijimadaira-mura,,,,大字穂高,オオアザホタカ,Hotaka,,,,字橋場,アザハシバ,,,0,0,0,0,0,0,1,0,1947-04-17,,0,,,,,,,,,,,,,,,,
205621,0003132,3,長野県,ナガノケン,Nagano,下高井郡,シモタカイグン,Shimotakai-gun,木島平村,キジマダイラムラ,Kijimadaira-mura,,,,大字穂高,オオアザホタカ,Hotaka,,,,字窪田,アザクボタ,,,0,0,0,0,0,0,1,0,1947-04-17,,0,,,,,,,,,,,,,,,,
205621,0003133,3,長野県,ナガノケン,Nagano,下高井郡,シモタカイグン,Shimotakai-gun,木島平村,キジマダイラムラ,Kijimadaira-mura,,,,大字穂高,オオアザホタカ,Hotaka,,,,字穴久保,アザアナクボ,,,0,0,0,0,0,0,1,0,1947-04-17,,0,,,,,,,,,,,,,,,,
205621,0003134,3,長野県,ナガノケン,Nagano,下高井郡,シモタカイグン,Shimotakai-gun,木島平村,キジマダイラムラ,Kijimadaira-mura,,,,大字穂高,オオアザホタカ,Hotaka,,,,字権現堂,アザゴンゲンドウ,,,0,0,0,0,0,0,1,0,1947-04-17,,0,,,,,,,,,,,,,,,,
205621,0003135,3,長野県,ナガノケン,Nagano,下高井郡,シモタカイグン,Shimotakai-gun,木島平村,キジマダイラムラ,Kijimadaira-mura,,,,大字穂高,オオアザホタカ,Hotaka,,,,字犬飼境,アザイヌカイサカイ,,,0,0,0,0,0,0,1,0,1947-04-17,,0,,,,,,,,,,,,,,,,
205621,0003136,3,長野県,ナガノケン,Nagano,下高井郡,シモタカイグン,Shimotakai-gun,木島平村,キジマダイラムラ,Kijimadaira-mura,,,,大字穂高,オオアザホタカ,Hotaka,,,,字原,アザハラ,,,0,0,0,0,0,0,1,0,1947-04-17,,0,,,,,,,,,,,,,,,,
205621,0003137,3,長野県,ナガノケン,Nagano,下高井郡,シモタカイグン,Shimotakai-gun,木島平村,キジマダイラムラ,Kijimadaira-mura,,,,大字穂高,オオアザホタカ,Hotaka,,,,字原添,アザハラソイ,,,0,0,0,0,0,0,1,0,1947-04-17,,0,,,,,,,,,,,,,,,,
205621,0003138,3,長野県,ナガノケン,Nagano,下高井郡,シモタカイグン,Shimotakai-gun,木島平村,キジマダイラムラ,Kijimadaira-mura,,,,大字穂高,オオアザホタカ,Hotaka,,,,字古町,アザフルマチ,,,0,0,0,0,0,0,1,0,1947-04-17,,0,,,,,,,,,,,,,,,,
205621,0003139,3,長野県,ナガノケン,Nagano,下高井郡,シモタカイグン,Shimotakai-gun,木島平村,キジマダイラムラ,Kijimadaira-mura,,,,大字穂高,オオアザホタカ,Hotaka,,,,字狐崎,アザキツネザキ,,,0,0,0,0,0,0,1,0,1947-04-17,,0,,,,,,,,,,,,,,,,
205621,0003140,3,長野県,ナガノケン,Nagano,下高井郡,シモタカイグン,Shimotakai-gun,木島平村,キジマダイラムラ,Kijimadaira-mura,,,,大字穂高,オオアザホタカ,Hotaka,,,,字御殿,アザゴテン,,,0,0,0,0,0,0,1,0,1947-04-17,,0,,,,,,,,,,,,,,,,
205621,0003141,3,長野県,ナガノケン,Nagano,下高井郡,シモタカイグン,Shimotakai-gun,木島平村,キジマダイラムラ,Kijimadaira-mura,,,,大字穂高,オオアザホタカ,Hotaka,,,,字碁石畑,アザゴイシハタ,,,0,0,0,0,0,0,1,0,1947-04-17,,0,,,,,,,,,,,,,,,,
205621,0003142,3,長野県,ナガノケン,Nagano,下高井郡,シモタカイグン,Shimotakai-gun,木島平村,キジマダイラムラ,Kijimadaira-mura,,,,大字穂高,オオアザホタカ,Hotaka,,,,字向山,アザムコウヤマ,,,0,0,0,0,0,0,1,0,1947-04-17,,0,,,,,,,,,,,,,,,,
205621,0003143,3,長野県,ナガノケン,Nagano,下高井郡,シモタカイグン,Shimotakai-gun,木島平村,キジマダイラムラ,Kijimadaira-mura,,,,大字穂高,オオアザホタカ,Hotaka,,,,字荒神堂,アザコウジンドウ,,,0,0,0,0,0,0,1,0,1947-04-17,,0,,,,,,,,,,,,,,,,
205621,0003144,3,長野県,ナガノケン,Nagano,下高井郡,シモタカイグン,Shimotakai-gun,木島平村,キジマダイラムラ,Kijimadaira-mura,,,,大字穂高,オオアザホタカ,Hotaka,,,,字高川原,アザタカカワラ,,,0,0,0,0,0,0,1,0,1947-04-17,,0,,,,,,,,,,,,,,,,
205621,0003145,3,長野県,ナガノケン,Nagano,下高井郡,シモタカイグン,Shimotakai-gun,木島平村,キジマダイラムラ,Kijimadaira-mura,,,,大字穂高,オオアザホタカ,Hotaka,,,,字込洞,アザコンホラ,,,0,0,0,0,0,0,1,0,1947-04-17,,0,,,,,,,,,,,,,,,,
205621,0003146,3,長野県,ナガノケン,Nagano,下高井郡,シモタカイグン,Shimotakai-gun,木島平村,キジマダイラムラ,Kijimadaira-mura,,,,大字穂高,オオアザホタカ,Hotaka,,,,字砂畑,アザスナハタ,,,0,0,0,0,0,0,1,0,1947-04-17,,0,,,,,,,,,,,,,,,,
205621,0003147,3,長野県,ナガノケン,Nagano,下高井郡,シモタカイグン,Shimotakai-gun,木島平村,キジマダイラムラ,Kijimadaira-mura,,,,大字穂高,オオアザホタカ,Hotaka,,,,字坂下,アザサカシタ,,,0,0,0,0,0,0,1,0,1947-04-17,,0,,,,,,,,,,,,,,,,
205621,0003148,3,長野県,ナガノケン,Nagano,下高井郡,シモタカイグン,Shimotakai-gun,木島平村,キジマダイラムラ,Kijimadaira-mura,,,,大字穂高,オオアザホタカ,Hotaka,,,,字三枚原,アザミマキハラ,,,0,0,0,0,0,0,1,0,1947-04-17,,0,,,,,,,,,,,,,,,,
205621,0003149,3,長野県,ナガノケン,Nagano,下高井郡,シモタカイグン,Shimotakai-gun,木島平村,キジマダイラムラ,Kijimadaira-mura,,,,大字穂高,オオアザホタカ,Hotaka,,,,字山ノ口,アザヤマノクチ,,,0,0,0,0,0,0,1,0,1947-04-17,,0,,,,,,,,,,,,,,,,
205621,0003150,3,長野県,ナガノケン,Nagano,下高井郡,シモタカイグン,Shimotakai-gun,木島平村,キジマダイラムラ,Kijimadaira-mura,,,,大字穂高,オオアザホタカ,Hotaka,,,,字山崎,アザヤマザキ,,,0,0,0,0,0,0,1,0,1947-04-17,,0,,,,,,,,,,,,,,,,
205621,0003151,3,長野県,ナガノケン,Nagano,下高井郡,シモタカイグン,Shimotakai-gun,木島平村,キジマダイラムラ,Kijimadaira-mura,,,,大字穂高,オオアザホタカ,Hotaka,,,,字山道端,アザヤマミチバタ,,,0,0,0,0,0,0,1,0,1947-04-17,,0,,,,,,,,,,,,,,,,
205621,0003152,3,長野県,ナガノケン,Nagano,下高井郡,シモタカイグン,Shimotakai-gun,木島平村,キジマダイラムラ,Kijimadaira-mura,,,,大字穂高,オオアザホタカ,Hotaka,,,,字山道南,アザヤマミチミナミ,,,0,0,0,0,0,0,1,0,1947-04-17,,0,,,,,,,,,,,,,,,,
205621,0003153,3,長野県,ナガノケン,Nagano,下高井郡,シモタカイグン,Shimotakai-gun,木島平村,キジマダイラムラ,Kijimadaira-mura,,,,大字穂高,オオアザホタカ,Hotaka,,,,字山道北,アザヤマミチキタ,,,0,0,0,0,0,0,1,0,1947-04-17,,0,,,,,,,,,,,,,,,,
205621,0003154,3,長野県,ナガノケン,Nagano,下高井郡,シモタカイグン,Shimotakai-gun,木島平村,キジマダイラムラ,Kijimadaira-mura,,,,大字穂高,オオアザホタカ,Hotaka,,,,字市子田,アザイチコタ,,,0,0,0,0,0,0,1,0,1947-04-17,,0,,,,,,,,,,,,,,,,
205621,0003155,3,長野県,ナガノケン,Nagano,下高井郡,シモタカイグン,Shimotakai-gun,木島平村,キジマダイラムラ,Kijimadaira-mura,,,,大字穂高,オオアザホタカ,Hotaka,,,,字志も田,アザシモダ,,,0,0,0,0,0,0,1,0,1947-04-17,,0,,,,,,,,,,,,,,,,
205621,0003156,3,長野県,ナガノケン,Nagano,下高井郡,シモタカイグン,Shimotakai-gun,木島平村,キジマダイラムラ,Kijimadaira-mura,,,,大字穂高,オオアザホタカ,Hotaka,,,,字寺久保,アザテラクボ,,,0,0,0,0,0,0,1,0,1947-04-17,,0,,,,,,,,,,,,,,,,
205621,0003157,3,長野県,ナガノケン,Nagano,下高井郡,シモタカイグン,Shimotakai-gun,木島平村,キジマダイラムラ,Kijimadaira-mura,,,,大字穂高,オオアザホタカ,Hotaka,,,,字漆久保,アザウルシクボ,,,0,0,0,0,0,0,1,0,1947-04-17,,0,,,,,,,,,,,,,,,,
205621,0003158,3,長野県,ナガノケン,Nagano,下高井郡,シモタカイグン,Shimotakai-gun,木島平村,キジマダイラムラ,Kijimadaira-mura,,,,大字穂高,オオアザホタカ,Hotaka,,,,字漆洞,アザウルシホラ,,,0,0,0,0,0,0,1,0,1947-04-17,,0,,,,,,,,,,,,,,,,
205621,0003159,3,長野県,ナガノケン,Nagano,下高井郡,シモタカイグン,Shimotakai-gun,木島平村,キジマダイラムラ,Kijimadaira-mura,,,,大字穂高,オオアザホタカ,Hotaka,,,,字蛇抜,アザジヤヌケ,,,0,0,0,0,0,0,1,0,1947-04-17,,0,,,,,,,,,,,,,,,,
205621,0003160,3,長野県,ナガノケン,Nagano,下高井郡,シモタカイグン,Shimotakai-gun,木島平村,キジマダイラムラ,Kijimadaira-mura,,,,大字穂高,オオアザホタカ,Hotaka,,,,字助洞,アザスケボラ,,,0,0,0,0,0,0,1,0,1947-04-17,,0,,,,,,,,,,,,,,,,
205621,0003161,3,長野県,ナガノケン,Nagano,下高井郡,シモタカイグン,Shimotakai-gun,木島平村,キジマダイラムラ,Kijimadaira-mura,,,,大字穂高,オオアザホタカ,Hotaka,,,,字小原,アザコハラ,,,0,0,0,0,0,0,1,0,1947-04-17,,0,,,,,,,,,,,,,,,,
205621,0003162,3,長野県,ナガノケン,Nagano,下高井郡,シモタカイグン,Shimotakai-gun,木島平村,キジマダイラムラ,Kijimadaira-mura,,,,大字穂高,オオアザホタカ,Hotaka,,,,字上窪,アザカミクボ,,,0,0,0,0,0,0,1,0,1947-04-17,,0,,,,,,,,,,,,,,,,
205621,0003163,3,長野県,ナガノケン,Nagano,下高井郡,シモタカイグン,Shimotakai-gun,木島平村,キジマダイラムラ,Kijimadaira-mura,,,,大字穂高,オオアザホタカ,Hotaka,,,,字城原,アザジヨウハラ,,,0,0,0,0,0,0,1,0,1947-04-17,,0,,,,,,,,,,,,,,,,
205621,0003164,3,長野県,ナガノケン,Nagano,下高井郡,シモタカイグン,Shimotakai-gun,木島平村,キジマダイラムラ,Kijimadaira-mura,,,,大字穂高,オオアザホタカ,Hotaka,,,,字城山,アザジヨウヤマ,,,0,0,0,0,0,0,1,0,1947-04-17,,0,,,,,,,,,,,,,,,,
205621,0003165,3,長野県,ナガノケン,Nagano,下高井郡,シモタカイグン,Shimotakai-gun,木島平村,キジマダイラムラ,Kijimadaira-mura,,,,大字穂高,オオアザホタカ,Hotaka,,,,字水窪,アザミズクボ,,,0,0,0,0,0,0,1,0,1947-04-17,,0,,,,,,,,,,,,,,,,
205621,0003166,3,長野県,ナガノケン,Nagano,下高井郡,シモタカイグン,Shimotakai-gun,木島平村,キジマダイラムラ,Kijimadaira-mura,,,,大字穂高,オオアザホタカ,Hotaka,,,,字水口,アザミナクチ,,,0,0,0,0,0,0,1,0,1947-04-17,,0,,,,,,,,,,,,,,,,
205621,0003167,3,長野県,ナガノケン,Nagano,下高井郡,シモタカイグン,Shimotakai-gun,木島平村,キジマダイラムラ,Kijimadaira-mura,,,,大字穂高,オオアザホタカ,Hotaka,,,,字清水,アザシミズ,,,0,0,0,0,0,0,1,0,1947-04-17,,0,,,,,,,,,,,,,,,,
205621,0003168,3,長野県,ナガノケン,Nagano,下高井郡,シモタカイグン,Shimotakai-gun,木島平村,キジマダイラムラ,Kijimadaira-mura,,,,大字穂高,オオアザホタカ,Hotaka,,,,字清水下,アザシミズシタ,,,0,0,0,0,0,0,1,0,1947-04-17,,0,,,,,,,,,,,,,,,,
205621,0003169,3,長野県,ナガノケン,Nagano,下高井郡,シモタカイグン,Shimotakai-gun,木島平村,キジマダイラムラ,Kijimadaira-mura,,,,大字穂高,オオアザホタカ,Hotaka,,,,字清水際,アザシミズギワ,,,0,0,0,0,0,0,1,0,1947-04-17,,0,,,,,,,,,,,,,,,,
205621,0003170,3,長野県,ナガノケン,Nagano,下高井郡,シモタカイグン,Shimotakai-gun,木島平村,キジマダイラムラ,Kijimadaira-mura,,,,大字穂高,オオアザホタカ,Hotaka,,,,字清水脇,アザシミズワキ,,,0,0,0,0,0,0,1,0,1947-04-17,,0,,,,,,,,,,,,,,,,
205621,0003171,3,長野県,ナガノケン,Nagano,下高井郡,シモタカイグン,Shimotakai-gun,木島平村,キジマダイラムラ,Kijimadaira-mura,,,,大字穂高,オオアザホタカ,Hotaka,,,,字西原,アザニシハラ,,,0,0,0,0,0,0,1,0,1947-04-17,,0,,,,,,,,,,,,,,,,
205621,0003172,3,長野県,ナガノケン,Nagano,下高井郡,シモタカイグン,Shimotakai-gun,木島平村,キジマダイラムラ,Kijimadaira-mura,,,,大字穂高,オオアザホタカ,Hotaka,,,,字川端,アザカワバタ,,,0,0,0,0,0,0,1,0,1947-04-17,,0,,,,,,,,,,,,,,,,
205621,0003173,3,長野県,ナガノケン,Nagano,下高井郡,シモタカイグン,Shimotakai-gun,木島平村,キジマダイラムラ,Kijimadaira-mura,,,,大字穂高,オオアザホタカ,Hotaka,,,,字泉屋敷,アザイズミヤシキ,,,0,0,0,0,0,0,1,0,1947-04-17,,0,,,,,,,,,,,,,,,,
205621,0003174,3,長野県,ナガノケン,Nagano,下高井郡,シモタカイグン,Shimotakai-gun,木島平村,キジマダイラムラ,Kijimadaira-mura,,,,大字穂高,オオアザホタカ,Hotaka,,,,字曽峯,アザソミネ,,,0,0,0,0,0,0,1,0,1947-04-17,,0,,,,,,,,,,,,,,,,
205621,0003175,3,長野県,ナガノケン,Nagano,下高井郡,シモタカイグン,Shimotakai-gun,木島平村,キジマダイラムラ,Kijimadaira-mura,,,,大字穂高,オオアザホタカ,Hotaka,,,,字村下,アザムラシタ,,,0,0,0,0,0,0,1,0,1947-04-17,,0,,,,,,,,,,,,,,,,
205621,0003176,3,長野県,ナガノケン,Nagano,下高井郡,シモタカイグン,Shimotakai-gun,木島平村,キジマダイラムラ,Kijimadaira-mura,,,,大字穂高,オオアザホタカ,Hotaka,,,,字大久保,アザオオクボ,,,0,0,0,0,0,0,1,0,1947-04-17,,0,,,,,,,,,,,,,,,,
205621,0003177,3,長野県,ナガノケン,Nagano,下高井郡,シモタカイグン,Shimotakai-gun,木島平村,キジマダイラムラ,Kijimadaira-mura,,,,大字穂高,オオアザホタカ,Hotaka,,,,字大境,アザオオサカイ,,,0,0,0,0,0,0,1,0,1947-04-17,,0,,,,,,,,,,,,,,,,
205621,0003178,3,長野県,ナガノケン,Nagano,下高井郡,シモタカイグン,Shimotakai-gun,木島平村,キジマダイラムラ,Kijimadaira-mura,,,,大字穂高,オオアザホタカ,Hotaka,,,,字大原,アザオオハラ,,,0,0,0,0,0,0,1,0,1947-04-17,,0,,,,,,,,,,,,,,,,
205621,0003179,3,長野県,ナガノケン,Nagano,下高井郡,シモタカイグン,Shimotakai-gun,木島平村,キジマダイラムラ,Kijimadaira-mura,,,,大字穂高,オオアザホタカ,Hotaka,,,,字大志も,アザオオシモ,,,0,0,0,0,0,0,1,0,1947-04-17,,0,,,,,,,,,,,,,,,,
205621,0003180,3,長野県,ナガノケン,Nagano,下高井郡,シモタカイグン,Shimotakai-gun,木島平村,キジマダイラムラ,Kijimadaira-mura,,,,大字穂高,オオアザホタカ,Hotaka,,,,字大西,アザオオニシ,,,0,0,0,0,0,0,1,0,1947-04-17,,0,,,,,,,,,,,,,,,,
205621,0003181,3,長野県,ナガノケン,Nagano,下高井郡,シモタカイグン,Shimotakai-gun,木島平村,キジマダイラムラ,Kijimadaira-mura,,,,大字穂高,オオアザホタカ,Hotaka,,,,字大石端,アザオオイシバタ,,,0,0,0,0,0,0,1,0,1947-04-17,,0,,,,,,,,,,,,,,,,
205621,0003182,3,長野県,ナガノケン,Nagano,下高井郡,シモタカイグン,Shimotakai-gun,木島平村,キジマダイラムラ,Kijimadaira-mura,,,,大字穂高,オオアザホタカ,Hotaka,,,,字大沢,アザオオサワ,,,0,0,0,0,0,0,1,0,1947-04-17,,0,,,,,,,,,,,,,,,,
205621,0003183,3,長野県,ナガノケン,Nagano,下高井郡,シモタカイグン,Shimotakai-gun,木島平村,キジマダイラムラ,Kijimadaira-mura,,,,大字穂高,オオアザホタカ,Hotaka,,,,字大洞,アザオオホラ,,,0,0,0,0,0,0,1,0,1947-04-17,,0,,,,,,,,,,,,,,,,
205621,0003184,3,長野県,ナガノケン,Nagano,下高井郡,シモタカイグン,Shimotakai-gun,木島平村,キジマダイラムラ,Kijimadaira-mura,,,,大字穂高,オオアザホタカ,Hotaka,,,,字大木場,アザオオコバ,,,0,0,0,0,0,0,1,0,1947-04-17,,0,,,,,,,,,,,,,,,,
205621,0003185,3,長野県,ナガノケン,Nagano,下高井郡,シモタカイグン,Shimotakai-gun,木島平村,キジマダイラムラ,Kijimadaira-mura,,,,大字穂高,オオアザホタカ,Hotaka,,,,字大野,アザオオノ,,,0,0,0,0,0,0,1,0,1947-04-17,,0,,,,,,,,,,,,,,,,
205621,0003186,3,長野県,ナガノケン,Nagano,下高井郡,シモタカイグン,Shimotakai-gun,木島平村,キジマダイラムラ,Kijimadaira-mura,,,,大字穂高,オオアザホタカ,Hotaka,,,,字沢田,アザサワダ,,,0,0,0,0,0,0,1,0,1947-04-17,,0,,,,,,,,,,,,,,,,
205621,0003187,3,長野県,ナガノケン,Nagano,下高井郡,シモタカイグン,Shimotakai-gun,木島平村,キジマダイラムラ,Kijimadaira-mura,,,,大字穂高,オオアザホタカ,Hotaka,,,,字棚下,アザタナシタ,,,0,0,0,0,0,0,1,0,1947-04-17,,0,,,,,,,,,,,,,,,,
205621,0003188,3,長野県,ナガノケン,Nagano,下高井郡,シモタカイグン,Shimotakai-gun,木島平村,キジマダイラムラ,Kijimadaira-mura,,,,大字穂高,オオアザホタカ,Hotaka,,,,字池ノ島,アザイケノシマ,,,0,0,0,0,0,0,1,0,1947-04-17,,0,,,,,,,,,,,,,,,,
205621,0003189,3,長野県,ナガノケン,Nagano,下高井郡,シモタカイグン,Shimotakai-gun,木島平村,キジマダイラムラ,Kijimadaira-mura,,,,大字穂高,オオアザホタカ,Hotaka,,,,字池田,アザイケダ,,,0,0,0,0,0,0,1,0,1947-04-17,,0,,,,,,,,,,,,,,,,
205621,0003190,3,長野県,ナガノケン,Nagano,下高井郡,シモタカイグン,Shimotakai-gun,木島平村,キジマダイラムラ,Kijimadaira-mura,,,,大字穂高,オオアザホタカ,Hotaka,,,,字竹原,アザタケハラ,,,0,0,0,0,0,0,1,0,1947-04-17,,0,,,,,,,,,,,,,,,,
205621,0003191,3,長野県,ナガノケン,Nagano,下高井郡,シモタカイグン,Shimotakai-gun,木島平村,キジマダイラムラ,Kijimadaira-mura,,,,大字穂高,オオアザホタカ,Hotaka,,,,字中村境,アザナカムラサカイ,,,0,0,0,0,0,0,1,0,1947-04-17,,0,,,,,,,,,,,,,,,,
205621,0003192,3,長野県,ナガノケン,Nagano,下高井郡,シモタカイグン,Shimotakai-gun,木島平村,キジマダイラムラ,Kijimadaira-mura,,,,大字穂高,オオアザホタカ,Hotaka,,,,字中洞,アザナカホラ,,,0,0,0,0,0,0,1,0,1947-04-17,,0,,,,,,,,,,,,,,,,
205621,0003193,3,長野県,ナガノケン,Nagano,下高井郡,シモタカイグン,Shimotakai-gun,木島平村,キジマダイラムラ,Kijimadaira-mura,,,,大字穂高,オオアザホタカ,Hotaka,,,,字中道,アザナカミチ,,,0,0,0,0,0,0,1,0,1947-04-17,,0,,,,,,,,,,,,,,,,
205621,0003194,3,長野県,ナガノケン,Nagano,下高井郡,シモタカイグン,Shimotakai-gun,木島平村,キジマダイラムラ,Kijimadaira-mura,,,,大字穂高,オオアザホタカ,Hotaka,,,,字中道北,アザナカミチキタ,,,0,0,0,0,0,0,1,0,1947-04-17,,0,,,,,,,,,,,,,,,,
205621,0003195,3,長野県,ナガノケン,Nagano,下高井郡,シモタカイグン,Shimotakai-gun,木島平村,キジマダイラムラ,Kijimadaira-mura,,,,大字穂高,オオアザホタカ,Hotaka,,,,字長久保,アザナガクボ,,,0,0,0,0,0,0,1,0,1947-04-17,,0,,,,,,,,,,,,,,,,
205621,0003196,3,長野県,ナガノケン,Nagano,下高井郡,シモタカイグン,Shimotakai-gun,木島平村,キジマダイラムラ,Kijimadaira-mura,,,,大字穂高,オオアザホタカ,Hotaka,,,,字通久保,アザトオシクボ,,,0,0,0,0,0,0,1,0,1947-04-17,,0,,,,,,,,,,,,,,,,
205621,0003197,3,長野県,ナガノケン,Nagano,下高井郡,シモタカイグン,Shimotakai-gun,木島平村,キジマダイラムラ,Kijimadaira-mura,,,,大字穂高,オオアザホタカ,Hotaka,,,,字道端,アザミチバタ,,,0,0,0,0,0,0,1,0,1947-04-17,,0,,,,,,,,,,,,,,,,
205621,0003198,3,長野県,ナガノケン,Nagano,下高井郡,シモタカイグン,Shimotakai-gun,木島平村,キジマダイラムラ,Kijimadaira-mura,,,,大字穂高,オオアザホタカ,Hotaka,,,,字内山境,アザウチヤマザカイ,,,0,0,0,0,0,0,1,0,1947-04-17,,0,,,,,,,,,,,,,,,,
205621,0003199,3,長野県,ナガノケン,Nagano,下高井郡,シモタカイグン,Shimotakai-gun,木島平村,キジマダイラムラ,Kijimadaira-mura,,,,大字穂高,オオアザホタカ,Hotaka,,,,字内山山,アザウチヤマヤマ,,,0,0,0,0,0,0,1,0,1947-04-17,,0,,,,,,,,,,,,,,,,
205621,0003200,3,長野県,ナガノケン,Nagano,下高井郡,シモタカイグン,Shimotakai-gun,木島平村,キジマダイラムラ,Kijimadaira-mura,,,,大字穂高,オオアザホタカ,Hotaka,,,,字内山前,アザウチヤママエ,,,0,0,0,0,0,0,1,0,1947-04-17,,0,,,,,,,,,,,,,,,,
205621,0003201,3,長野県,ナガノケン,Nagano,下高井郡,シモタカイグン,Shimotakai-gun,木島平村,キジマダイラムラ,Kijimadaira-mura,,,,大字穂高,オオアザホタカ,Hotaka,,,,字南洞,アザミナミボラ,,,0,0,0,0,0,0,1,0,1947-04-17,,0,,,,,,,,,,,,,,,,
205621,0003202,3,長野県,ナガノケン,Nagano,下高井郡,シモタカイグン,Shimotakai-gun,木島平村,キジマダイラムラ,Kijimadaira-mura,,,,大字穂高,オオアザホタカ,Hotaka,,,,字日影,アザヒカゲ,,,0,0,0,0,0,0,1,0,1947-04-17,,0,,,,,,,,,,,,,,,,
205621,0003203,3,長野県,ナガノケン,Nagano,下高井郡,シモタカイグン,Shimotakai-gun,木島平村,キジマダイラムラ,Kijimadaira-mura,,,,大字穂高,オオアザホタカ,Hotaka,,,,字日向,アザヒナタ,,,0,0,0,0,0,0,1,0,1947-04-17,,0,,,,,,,,,,,,,,,,
205621,0003204,3,長野県,ナガノケン,Nagano,下高井郡,シモタカイグン,Shimotakai-gun,木島平村,キジマダイラムラ,Kijimadaira-mura,,,,大字穂高,オオアザホタカ,Hotaka,,,,字乃かり,アザノカリ,,,0,0,0,0,0,0,1,0,1947-04-17,,0,,,,,,,,,,,,,,,,
205621,0003205,3,長野県,ナガノケン,Nagano,下高井郡,シモタカイグン,Shimotakai-gun,木島平村,キジマダイラムラ,Kijimadaira-mura,,,,大字穂高,オオアザホタカ,Hotaka,,,,字萩原,アザハギハラ,,,0,0,0,0,0,0,1,0,1947-04-17,,0,,,,,,,,,,,,,,,,
205621,0003206,3,長野県,ナガノケン,Nagano,下高井郡,シモタカイグン,Shimotakai-gun,木島平村,キジマダイラムラ,Kijimadaira-mura,,,,大字穂高,オオアザホタカ,Hotaka,,,,字萩野,アザハギノ,,,0,0,0,0,0,0,1,0,1947-04-17,,0,,,,,,,,,,,,,,,,
205621,0003207,3,長野県,ナガノケン,Nagano,下高井郡,シモタカイグン,Shimotakai-gun,木島平村,キジマダイラムラ,Kijimadaira-mura,,,,大字穂高,オオアザホタカ,Hotaka,,,,字平地原,アザヘイチハラ,,,0,0,0,0,0,0,1,0,1947-04-17,,0,,,,,,,,,,,,,,,,
205621,0003208,3,長野県,ナガノケン,Nagano,下高井郡,シモタカイグン,Shimotakai-gun,木島平村,キジマダイラムラ,Kijimadaira-mura,,,,大字穂高,オオアザホタカ,Hotaka,,,,字北ノ入,アザキタノイリ,,,0,0,0,0,0,0,1,0,1947-04-17,,0,,,,,,,,,,,,,,,,
205621,0003209,3,長野県,ナガノケン,Nagano,下高井郡,シモタカイグン,Shimotakai-gun,木島平村,キジマダイラムラ,Kijimadaira-mura,,,,大字穂高,オオアザホタカ,Hotaka,,,,字北鴨境,アザキタカモサカエ,,,0,0,0,0,0,0,1,0,1947-04-17,,0,,,,,,,,,,,,,,,,
205621,0003210,3,長野県,ナガノケン,Nagano,下高井郡,シモタカイグン,Shimotakai-gun,木島平村,キジマダイラムラ,Kijimadaira-mura,,,,大字穂高,オオアザホタカ,Hotaka,,,,字北田,アザキタダ,,,0,0,0,0,0,0,1,0,1947-04-17,,0,,,,,,,,,,,,,,,,
205621,0003211,3,長野県,ナガノケン,Nagano,下高井郡,シモタカイグン,Shimotakai-gun,木島平村,キジマダイラムラ,Kijimadaira-mura,,,,大字穂高,オオアザホタカ,Hotaka,,,,字堀切,アザホリキリ,,,0,0,0,0,0,0,1,0,1947-04-17,,0,,,,,,,,,,,,,,,,
205621,0003212,3,長野県,ナガノケン,Nagano,下高井郡,シモタカイグン,Shimotakai-gun,木島平村,キジマダイラムラ,Kijimadaira-mura,,,,大字穂高,オオアザホタカ,Hotaka,,,,字野畔,アザノボ,,,0,0,0,0,0,0,1,0,1947-04-17,,0,,,,,,,,,,,,,,,,
205621,0003213,3,長野県,ナガノケン,Nagano,下高井郡,シモタカイグン,Shimotakai-gun,木島平村,キジマダイラムラ,Kijimadaira-mura,,,,大字穂高,オオアザホタカ,Hotaka,,,,字柳生,アザヤギウ,,,0,0,0,0,0,0,1,0,1947-04-17,,0,,,,,,,,,,,,,,,,
205621,0003214,3,長野県,ナガノケン,Nagano,下高井郡,シモタカイグン,Shimotakai-gun,木島平村,キジマダイラムラ,Kijimadaira-mura,,,,大字穂高,オオアザホタカ,Hotaka,,,,字柳畑,アザヤナバタ,,,0,0,0,0,0,0,1,0,1947-04-17,,0,,,,,,,,,,,,,,,,
205621,0003215,3,長野県,ナガノケン,Nagano,下高井郡,シモタカイグン,Shimotakai-gun,木島平村,キジマダイラムラ,Kijimadaira-mura,,,,大字穂高,オオアザホタカ,Hotaka,,,,字流石,アザナガレイシ,,,0,0,0,0,0,0,1,0,1947-04-17,,0,,,,,,,,,,,,,,,,
205621,0003216,3,長野県,ナガノケン,Nagano,下高井郡,シモタカイグン,Shimotakai-gun,木島平村,キジマダイラムラ,Kijimadaira-mura,,,,大字穂高,オオアザホタカ,Hotaka,,,,字葭畑,アザアシバタ,,,0,0,0,0,0,0,1,0,1947-04-17,,0,,,,,,,,,,,,,,,,
205621,0003217,3,長野県,ナガノケン,Nagano,下高井郡,シモタカイグン,Shimotakai-gun,木島平村,キジマダイラムラ,Kijimadaira-mura,,,,大字穂高,オオアザホタカ,,,,,字樽川端,アザタルカワバタ,,,0,0,0,0,0,0,1,0,1970-01-01,,0,,,,,,,,,,,,,,,,
205621,0003218,3,長野県,ナガノケン,Nagano,下高井郡,シモタカイグン,Shimotakai-gun,木島平村,キジマダイラムラ,Kijimadaira-mura,,,,大字穂高,オオアザホタカ,,,,,字内山,,,,0,0,0,0,0,0,1,0,1947-04-17,,1,,,,,,,,,,,,,,,,
205621,0003219,3,長野県,ナガノケン,Nagano,下高井郡,シモタカイグン,Shimotakai-gun,木島平村,キジマダイラムラ,Kijimadaira-mura,,,,大字穂高,オオアザホタカ,,,,,字清水端,,,,0,0,0,0,0,0,1,0,1947-04-17,,1,,,,,,,,,,,,,,,,
205630,0001000,1,長野県,ナガノケン,Nagano,下高井郡,シモタカイグン,Shimotakai-gun,野沢温泉村,ノザワオンセンムラ,Nozawaonsen-mura,,,,大字坪山,オオアザツボヤマ,Tsuboyama,,,,,,,,0,0,0,0,0,0,1,1,1947-04-17,,0,3892501,,,,,,,,,,,,,,,
205630,0002000,1,長野県,ナガノケン,Nagano,下高井郡,シモタカイグン,Shimotakai-gun,野沢温泉村,ノザワオンセンムラ,Nozawaonsen-mura,,,,大字豊郷,オオアザトヨサト,Toyosato,,,,,,,,0,0,0,0,0,0,1,1,1947-04-17,,0,3892502,,,,,,,,,,,,,,,
205630,0003000,1,長野県,ナガノケン,Nagano,下高井郡,シモタカイグン,Shimotakai-gun,野沢温泉村,ノザワオンセンムラ,Nozawaonsen-mura,,,,大字七ケ巻,オオアザナナガマキ,Nanagamaki,,,,,,,,0,0,0,0,0,0,1,1,1947-04-17,,0,3892612,,,,,,,,,,,,,,,
205630,0004000,1,長野県,ナガノケン,Nagano,下高井郡,シモタカイグン,Shimotakai-gun,野沢温泉村,ノザワオンセンムラ,Nozawaonsen-mura,,,,大字東大滝,オオアザヒガシオオタキ,Higashiotaki,,,,,,,,0,0,0,0,0,0,1,1,1947-04-17,,0,3892611,,,,,,,,,,,,,,,
205630,0005000,1,長野県,ナガノケン,Nagano,下高井郡,シモタカイグン,Shimotakai-gun,野沢温泉村,ノザワオンセンムラ,Nozawaonsen-mura,,,,大字平林,オオアザヒラバヤシ,Hirabayashi,,,,,,,,0,0,0,0,0,0,1,1,1947-04-17,,0,3892614,,,,,,,,,,,,,,,
205630,0006000,1,長野県,ナガノケン,Nagano,下高井郡,シモタカイグン,Shimotakai-gun,野沢温泉村,ノザワオンセンムラ,Nozawaonsen-mura,,,,大字前坂,オオアザマエザカ,Maezaka,,,,,,,,0,0,0,0,0,0,1,1,1947-04-17,,0,3892503,,,,,,,,,,,,,,,
205630,0007000,1,長野県,ナガノケン,Nagano,下高井郡,シモタカイグン,Shimotakai-gun,野沢温泉村,ノザワオンセンムラ,Nozawaonsen-mura,,,,大字虫生,オオアザムシウ,Mushiu,,,,,,,,0,0,0,0,0,0,1,1,1947-04-17,,0,3892613,,,,,,,,,,,,,,,
205834,0001000,1,長野県,ナガノケン,Nagano,上水内郡,カミミノチグン,Kamiminochi-gun,信濃町,シナノマチ,Shinano-machi,,,,大字荒瀬原,オオアザアラセバラ,Arasebara,,,,,,,,0,0,0,0,0,0,1,1,1947-04-17,,0,3891311,,,,,,,,,,,,,,,
205834,0002000,1,長野県,ナガノケン,Nagano,上水内郡,カミミノチグン,Kamiminochi-gun,信濃町,シナノマチ,Shinano-machi,,,,大字大井,オオアザオオイ,Oi,,,,,,,,0,0,0,0,0,0,1,1,1947-04-17,,0,3891316,,,,,,,,,,,,,,,
205834,0003000,1,長野県,ナガノケン,Nagano,上水内郡,カミミノチグン,Kamiminochi-gun,信濃町,シナノマチ,Shinano-machi,,,,大字柏原,オオアザカシワバラ,Kashiwabara,,,,,,,,0,0,0,0,0,0,1,1,1947-04-17,,0,3891305,,,,,,,,,,,,,,,
205834,0004000,1,長野県,ナガノケン,Nagano,上水内郡,カミミノチグン,Kamiminochi-gun,信濃町,シナノマチ,Shinano-machi,,,,大字熊坂,オオアザクマサカ,Kumasaka,,,,,,,,0,0,0,0,0,0,1,1,1947-04-17,,0,3891301,,,,,,,,,,,,,,,
205834,0005000,1,長野県,ナガノケン,Nagano,上水内郡,カミミノチグン,Kamiminochi-gun,信濃町,シナノマチ,Shinano-machi,,,,大字富濃,オオアザトミノ,Tomino,,,,,,,,0,0,0,0,0,0,1,1,1947-04-17,,0,3891312,,,,,,,,,,,,,,,
205834,0006000,1,長野県,ナガノケン,Nagano,上水内郡,カミミノチグン,Kamiminochi-gun,信濃町,シナノマチ,Shinano-machi,,,,大字野尻,オオアザノジリ,Nojiri,,,,,,,,0,0,0,0,0,0,1,1,1947-04-17,,0,3891303,,,,,,,,,,,,,,,
205834,0007000,1,長野県,ナガノケン,Nagano,上水内郡,カミミノチグン,Kamiminochi-gun,信濃町,シナノマチ,Shinano-machi,,,,大字平岡,オオアザヒラオカ,Hiraoka,,,,,,,,0,0,0,0,0,0,1,1,1947-04-17,,0,3891315,,,,,,,,,,,,,,,
205834,0008000,1,長野県,ナガノケン,Nagano,上水内郡,カミミノチグン,Kamiminochi-gun,信濃町,シナノマチ,Shinano-machi,,,,大字古間,オオアザフルマ,Furuma,,,,,,,,0,0,0,0,0,0,1,1,1947-04-17,,0,3891313,,,,,,,,,,,,,,,
205834,0009000,1,長野県,ナガノケン,Nagano,上水内郡,カミミノチグン,Kamiminochi-gun,信濃町,シナノマチ,Shinano-machi,,,,大字古海,オオアザフルミ,Furumi,,,,,,,,0,0,0,0,0,0,1,1,1947-04-17,,0,3891302,,,,,,,,,,,,,,,
205834,0010000,1,長野県,ナガノケン,Nagano,上水内郡,カミミノチグン,Kamiminochi-gun,信濃町,シナノマチ,Shinano-machi,,,,大字穂波,オオアザホナミ,Honami,,,,,,,,0,0,0,0,0,0,1,1,1947-04-17,,0,3891314,,,,,,,,,,,,,,,
205885,0001000,1,長野県,ナガノケン,Nagano,上水内郡,カミミノチグン,Kamiminochi-gun,小川村,オガワムラ,Ogawa-mura,,,,大字稲丘,オオアザイナオカ,Inaoka,,,,,,,,0,0,0,0,0,0,1,1,1947-04-17,,0,3813301,,,,,,,,,,,,,,,
205885,0002000,1,長野県,ナガノケン,Nagano,上水内郡,カミミノチグン,Kamiminochi-gun,小川村,オガワムラ,Ogawa-mura,,,,大字小根山,オオアザオネヤマ,Oneyama,,,,,,,,0,0,0,0,0,0,1,1,1947-04-17,,0,3813303,,,,,,,,,,,,,,,
205885,0003000,1,長野県,ナガノケン,Nagano,上水内郡,カミミノチグン,Kamiminochi-gun,小川村,オガワムラ,Ogawa-mura,,,,大字瀬戸川,オオアザセトガワ,Setogawa,,,,,,,,0,0,0,0,0,0,1,1,1947-04-17,,0,3813304,,,,,,,,,,,,,,,
205885,0004000,1,長野県,ナガノケン,Nagano,上水内郡,カミミノチグン,Kamiminochi-gun,小川村,オガワムラ,Ogawa-mura,,,,大字高府,オオアザタカフ,Takafu,,,,,,,,0,0,0,0,0,0,1,1,1947-04-17,,0,3813302,,,,,,,,,,,,,,,
205907,0001000,1,長野県,ナガノケン,Nagano,上水内郡,カミミノチグン,Kamiminochi-gun,飯綱町,イイヅナマチ,Iizuna-machi,,,,大字赤塩,オオアザアカシオ,Akashio,,,,,,,,0,0,0,0,0,0,1,1,1947-04-17,,0,3891203,,,,,,,,,,,,,,,
205907,0002000,1,長野県,ナガノケン,Nagano,上水内郡,カミミノチグン,Kamiminochi-gun,飯綱町,イイヅナマチ,Iizuna-machi,,,,大字芋川,オオアザイモカワ,Imogawa,,,,,,,,0,0,0,0,0,0,1,1,1947-04-17,,0,3891201,,,,,,,,,,,,,,,
205907,0003000,1,長野県,ナガノケン,Nagano,上水内郡,カミミノチグン,Kamiminochi-gun,飯綱町,イイヅナマチ,Iizuna-machi,,,,大字川上,オオアザカワカミ,Kawakami,,,,,,,,0,0,0,0,0,0,1,1,1947-04-17,,0,3891226,,,,,,,,,,,,,,,
205907,0004000,1,長野県,ナガノケン,Nagano,上水内郡,カミミノチグン,Kamiminochi-gun,飯綱町,イイヅナマチ,Iizuna-machi,,,,大字川谷,オオアザカワタニ,Kawatani,,,,,,,,0,0,0,0,0,0,1,1,1947-04-17,,0,3891205,,,,,,,,,,,,,,,
205907,0005000,1,長野県,ナガノケン,Nagano,上水内郡,カミミノチグン,Kamiminochi-gun,飯綱町,イイヅナマチ,Iizuna-machi,,,,大字倉井,オオアザクライ,Kurai,,,,,,,,0,0,0,0,0,0,1,1,1947-04-17,,0,3891204,,,,,,,,,,,,,,,
205907,0006000,1,長野県,ナガノケン,Nagano,上水内郡,カミミノチグン,Kamiminochi-gun,飯綱町,イイヅナマチ,Iizuna-machi,,,,大字黒川,オオアザクロカワ,Kurokawa,,,,,,,,0,0,0,0,0,0,1,1,1947-04-17,,0,3891214,,,,,,,,,,,,,,,
205907,0007000,1,長野県,ナガノケン,Nagano,上水内郡,カミミノチグン,Kamiminochi-gun,飯綱町,イイヅナマチ,Iizuna-machi,,,,大字高坂,オオアザコウサカ,Kosaka,,,,,,,,0,0,0,0,0,0,1,1,1947-04-17,,0,3891227,,,,,,,,,,,,,,,
205907,0008000,1,長野県,ナガノケン,Nagano,上水内郡,カミミノチグン,Kamiminochi-gun,飯綱町,イイヅナマチ,Iizuna-machi,,,,大字小玉,オオアザコダマ,Kodama,,,,,,,,0,0,0,0,0,0,1,1,1947-04-17,,0,3891215,,,,,,,,,,,,,,,
205907,0009000,1,長野県,ナガノケン,Nagano,上水内郡,カミミノチグン,Kamiminochi-gun,飯綱町,イイヅナマチ,Iizuna-machi,,,,大字坂口,オオアザサカグチ,Sakaguchi,,,,,,,,0,0,0,0,0,0,1,1,1947-04-17,,0,3891225,,,,,,,,,,,,,,,
205907,0010000,1,長野県,ナガノケン,Nagano,上水内郡,カミミノチグン,Kamiminochi-gun,飯綱町,イイヅナマチ,Iizuna-machi,,,,大字地蔵久保,オオアザジゾウクボ,Jizokubo,,,,,,,,0,0,0,0,0,0,1,1,1947-04-17,,0,3891224,,,,,,,,,,,,,,,
205907,0011000,1,長野県,ナガノケン,Nagano,上水内郡,カミミノチグン,Kamiminochi-gun,飯綱町,イイヅナマチ,Iizuna-machi,,,,大字袖之山,オオアザソデノヤマ,Sodenoyama,,,,,,,,0,0,0,0,0,0,1,1,1947-04-17,,0,3891223,,,,,,,,,,,,,,,
205907,0012000,1,長野県,ナガノケン,Nagano,上水内郡,カミミノチグン,Kamiminochi-gun,飯綱町,イイヅナマチ,Iizuna-machi,,,,大字豊野,オオアザトヨノ,Toyono,,,,,,,,0,0,0,0,0,0,1,1,1947-04-17,,0,3891212,,,,,,,,,,,,,,,
205907,0013000,1,長野県,ナガノケン,Nagano,上水内郡,カミミノチグン,Kamiminochi-gun,飯綱町,イイヅナマチ,Iizuna-machi,,,,大字東柏原,オオアザヒガシカシワバラ,Higashikashiwabara,,,,,,,,0,0,0,0,0,0,1,1,1947-04-17,,0,3891202,,,,,,,,,,,,,,,
205907,0014000,1,長野県,ナガノケン,Nagano,上水内郡,カミミノチグン,Kamiminochi-gun,飯綱町,イイヅナマチ,Iizuna-machi,,,,大字平出,オオアザヒライデ,Hiraide,,,,,,,,0,0,0,0,0,0,1,1,1947-04-17,,0,3891213,,,,,,,,,,,,,,,
205907,0015000,1,長野県,ナガノケン,Nagano,上水内郡,カミミノチグン,Kamiminochi-gun,飯綱町,イイヅナマチ,Iizuna-machi,,,,大字普光寺,オオアザフコウジ,Fukoji,,,,,,,,0,0,0,0,0,0,1,1,1947-04-17,,0,3891206,,,,,,,,,,,,,,,
205907,0016000,1,長野県,ナガノケン,Nagano,上水内郡,カミミノチグン,Kamiminochi-gun,飯綱町,イイヅナマチ,Iizuna-machi,,,,大字古町,オオアザフルマチ,Furumachi,,,,,,,,0,0,0,0,0,0,1,1,1947-04-17,,0,3891221,,,,,,,,,,,,,,,
205907,0017000,1,長野県,ナガノケン,Nagano,上水内郡,カミミノチグン,Kamiminochi-gun,飯綱町,イイヅナマチ,Iizuna-machi,,,,大字牟礼,オオアザムレ,Mure,,,,,,,,0,0,0,0,0,0,1,1,1947-04-17,,0,3891211,,,,,,,,,,,,,,,
205907,0018000,1,長野県,ナガノケン,Nagano,上水内郡,カミミノチグン,Kamiminochi-gun,飯綱町,イイヅナマチ,Iizuna-machi,,,,大字柳里,オオアザヤナギサト,Yanagisato,,,,,,,,0,0,0,0,0,0,1,1,1947-04-17,,0,3891222,,,,,,,,,,,,,,,
206024,0001000,1,長野県,ナガノケン,Nagano,下水内郡,シモミノチグン,Shimominochi-gun,栄村,サカエムラ,Sakae-mura,,,,大字堺,オオアザサカイ,,,,,,,,,0,0,0,0,0,0,1,1,1947-04-17,,0,,,,,,,,,,,,,,,,
206024,0002000,1,長野県,ナガノケン,Nagano,下水内郡,シモミノチグン,Shimominochi-gun,栄村,サカエムラ,Sakae-mura,,,,大字豊栄,オオアザトヨサカエ,Toyosakae,,,,,,,,0,0,0,0,0,0,1,1,1947-04-17,,0,3892701,,,,,,,,,,,,,,,
206024,0003000,1,長野県,ナガノケン,Nagano,下水内郡,シモミノチグン,Shimominochi-gun,栄村,サカエムラ,Sakae-mura,,,,大字北信,オオアザホクシン,Hokushin,,,,,,,,0,0,0,0,0,0,1,1,1947-04-17,,0,3892702,,,,,,,,,,,,,,,
