lg_code,machiaza_id,machiaza_type,pref,pref_kana,pref_roma,county,county_kana,county_roma,city,city_kana,city_roma,ward,ward_kana,ward_roma,oaza_cho,oaza_cho_kana,oaza_cho_roma,chome,chome_kana,chome_number,koaza,koaza_kana,koaza_roma,machiaza_dist,rsdt_addr_flg,rsdt_addr_mtd_code,oaza_cho_aka_flg,koaza_aka_code,oaza_cho_gsi_uncmn,koaza_gsi_uncmn,status_flg,wake_num_flg,efct_date,ablt_date,src_code,post_code,oaza_cho_uncmn_reg,oaza_cho_uncmn_mj,oaza_cho_uncmn_type,oaza_cho_uncmn_code,koaza_uncmn_reg,koaza_uncmn_mj,koaza_uncmn_type,koaza_uncmn_code,alias_oaza,alias_oaza_kana,alias_oaza_roma,alias_koaza,alias_koaza_kana,alias_koaza_roma,remarks
431010,0001000,1,熊本県,クマモトケン,Kumamoto,,,,熊本市,クマモトシ,Kumamoto-shi,中央区,チュウオウク,Chuo-ku,安政町,アンセイマチ,Anseimachi,,,,,,,,1,1,0,0,0,0,1,1,1947-04-17,,0,8600801,,,,,,,,,,,,,,,
431010,0002000,1,熊本県,クマモトケン,Kumamoto,,,,熊本市,クマモトシ,Kumamoto-shi,中央区,チュウオウク,Chuo-ku,井川淵町,イガワブチマチ,Igawabuchimachi,,,,,,,,1,1,0,0,0,0,1,1,1947-04-17,,0,8600841,,,,,,,,,,,,,,,
431010,0003001,2,熊本県,クマモトケン,Kumamoto,,,,熊本市,クマモトシ,Kumamoto-shi,中央区,チュウオウク,Chuo-ku,出水,イズミ,Izumi,１丁目,１チョウメ,1,,,,,1,1,0,0,0,0,1,1,1947-04-17,,0,,,,,,,,,,,,,,,,
431010,0003002,2,熊本県,クマモトケン,Kumamoto,,,,熊本市,クマモトシ,Kumamoto-shi,中央区,チュウオウク,Chuo-ku,出水,イズミ,Izumi,２丁目,２チョウメ,2,,,,,1,1,0,0,0,0,1,1,1947-04-17,,0,,,,,,,,,,,,,,,,
431010,0003003,2,熊本県,クマモトケン,Kumamoto,,,,熊本市,クマモトシ,Kumamoto-shi,中央区,チュウオウク,Chuo-ku,出水,イズミ,Izumi,３丁目,３チョウメ,3,,,,,1,1,0,0,0,0,1,1,1947-04-17,,0,,,,,,,,,,,,,,,,
431010,0003004,2,熊本県,クマモトケン,Kumamoto,,,,熊本市,クマモトシ,Kumamoto-shi,中央区,チュウオウク,Chuo-ku,出水,イズミ,Izumi,４丁目,４チョウメ,4,,,,,1,1,0,0,0,0,1,1,1947-04-17,,0,,,,,,,,,,,,,,,,
431010,0003005,2,熊本県,クマモトケン,Kumamoto,,,,熊本市,クマモトシ,Kumamoto-shi,中央区,チュウオウク,Chuo-ku,出水,イズミ,Izumi,５丁目,５チョウメ,5,,,,,1,1,0,0,0,0,1,1,1947-04-17,,0,,,,,,,,,,,,,,,,
431010,0003006,2,熊本県,クマモトケン,Kumamoto,,,,熊本市,クマモトシ,Kumamoto-shi,中央区,チュウオウク,Chuo-ku,出水,イズミ,Izumi,６丁目,６チョウメ,6,,,,,1,1,0,0,0,0,1,1,1947-04-17,,0,,,,,,,,,,,,,,,,
431010,0003007,2,熊本県,クマモトケン,Kumamoto,,,,熊本市,クマモトシ,Kumamoto-shi,中央区,チュウオウク,Chuo-ku,出水,イズミ,Izumi,７丁目,７チョウメ,7,,,,,0,0,0,0,0,0,1,1,1947-04-17,,0,,,,,,,,,,,,,,,,
431010,0003007,2,熊本県,クマモトケン,Kumamoto,,,,熊本市,クマモトシ,Kumamoto-shi,中央区,チュウオウク,Chuo-ku,出水,イズミ,Izumi,７丁目,７チョウメ,7,,,,,1,1,0,0,0,0,1,1,1947-04-17,,0,,,,,,,,,,,,,,,,
431010,0003008,2,熊本県,クマモトケン,Kumamoto,,,,熊本市,クマモトシ,Kumamoto-shi,中央区,チュウオウク,Chuo-ku,出水,イズミ,Izumi,８丁目,８チョウメ,8,,,,,0,0,0,0,0,0,1,1,1947-04-17,,0,,,,,,,,,,,,,,,,
431010,0003008,2,熊本県,クマモトケン,Kumamoto,,,,熊本市,クマモトシ,Kumamoto-shi,中央区,チュウオウク,Chuo-ku,出水,イズミ,Izumi,８丁目,８チョウメ,8,,,,,1,1,0,0,0,0,1,1,1947-04-17,,0,,,,,,,,,,,,,,,,
431010,0004000,1,熊本県,クマモトケン,Kumamoto,,,,熊本市,クマモトシ,Kumamoto-shi,中央区,チュウオウク,Chuo-ku,板屋町,イタヤマチ,Itayamachi,,,,,,,,0,0,0,0,0,0,1,1,1947-04-17,,0,8600043,,,,,,,,,,,,,,,
431010,0005001,2,熊本県,クマモトケン,Kumamoto,,,,熊本市,クマモトシ,Kumamoto-shi,中央区,チュウオウク,Chuo-ku,魚屋町,ウオヤマチ,Uoyamachi,１丁目,１チョウメ,1,,,,,0,0,0,0,0,0,1,1,1947-04-17,,0,,,,,,,,,,,,,,,,
431010,0005002,2,熊本県,クマモトケン,Kumamoto,,,,熊本市,クマモトシ,Kumamoto-shi,中央区,チュウオウク,Chuo-ku,魚屋町,ウオヤマチ,Uoyamachi,２丁目,２チョウメ,2,,,,,0,0,0,0,0,0,1,1,1947-04-17,,0,,,,,,,,,,,,,,,,
431010,0005003,2,熊本県,クマモトケン,Kumamoto,,,,熊本市,クマモトシ,Kumamoto-shi,中央区,チュウオウク,Chuo-ku,魚屋町,ウオヤマチ,Uoyamachi,３丁目,３チョウメ,3,,,,,0,0,0,0,0,0,1,1,1947-04-17,,0,,,,,,,,,,,,,,,,
431010,0006000,1,熊本県,クマモトケン,Kumamoto,,,,熊本市,クマモトシ,Kumamoto-shi,中央区,チュウオウク,Chuo-ku,内坪井町,ウチツボイマチ,Uchitsuboimachi,,,,,,,,1,1,0,0,0,0,1,1,1947-04-17,,0,8600077,,,,,,,,,,,,,,,
431010,0007002,2,熊本県,クマモトケン,Kumamoto,,,,熊本市,クマモトシ,Kumamoto-shi,中央区,チュウオウク,Chuo-ku,江津,エヅ,Ezu,２丁目,２チョウメ,2,,,,,1,1,0,0,0,0,1,1,1947-04-17,,0,,,,,,,,,,,,,,,,
431010,0008001,2,熊本県,クマモトケン,Kumamoto,,,,熊本市,クマモトシ,Kumamoto-shi,中央区,チュウオウク,Chuo-ku,大江,オオエ,Oe,１丁目,１チョウメ,1,,,,,1,1,0,0,0,0,1,1,1947-04-17,,0,,,,,,,,,,,,,,,,
431010,0008002,2,熊本県,クマモトケン,Kumamoto,,,,熊本市,クマモトシ,Kumamoto-shi,中央区,チュウオウク,Chuo-ku,大江,オオエ,Oe,２丁目,２チョウメ,2,,,,,1,1,0,0,0,0,1,1,1947-04-17,,0,,,,,,,,,,,,,,,,
431010,0008003,2,熊本県,クマモトケン,Kumamoto,,,,熊本市,クマモトシ,Kumamoto-shi,中央区,チュウオウク,Chuo-ku,大江,オオエ,Oe,３丁目,３チョウメ,3,,,,,1,1,0,0,0,0,1,1,1947-04-17,,0,,,,,,,,,,,,,,,,
431010,0008004,2,熊本県,クマモトケン,Kumamoto,,,,熊本市,クマモトシ,Kumamoto-shi,中央区,チュウオウク,Chuo-ku,大江,オオエ,Oe,４丁目,４チョウメ,4,,,,,1,1,0,0,0,0,1,1,1947-04-17,,0,,,,,,,,,,,,,,,,
431010,0008005,2,熊本県,クマモトケン,Kumamoto,,,,熊本市,クマモトシ,Kumamoto-shi,中央区,チュウオウク,Chuo-ku,大江,オオエ,Oe,５丁目,５チョウメ,5,,,,,1,1,0,0,0,0,1,1,1947-04-17,,0,,,,,,,,,,,,,,,,
431010,0008006,2,熊本県,クマモトケン,Kumamoto,,,,熊本市,クマモトシ,Kumamoto-shi,中央区,チュウオウク,Chuo-ku,大江,オオエ,Oe,６丁目,６チョウメ,6,,,,,1,1,0,0,0,0,1,1,1947-04-17,,0,,,,,,,,,,,,,,,,
431010,0009000,1,熊本県,クマモトケン,Kumamoto,,,,熊本市,クマモトシ,Kumamoto-shi,中央区,チュウオウク,Chuo-ku,大江本町,オオエホンマチ,Oehommachi,,,,,,,,1,1,0,0,0,0,1,1,1947-04-17,,0,8620973,,,,,,,,,,,,,,,
431010,0010000,1,熊本県,クマモトケン,Kumamoto,,,,熊本市,クマモトシ,Kumamoto-shi,中央区,チュウオウク,Chuo-ku,岡田町,オカダマチ,Okadamachi,,,,,,,,1,1,0,0,0,0,1,1,1947-04-17,,0,8620958,,,,,,,,,,,,,,,
431010,0011001,2,熊本県,クマモトケン,Kumamoto,,,,熊本市,クマモトシ,Kumamoto-shi,中央区,チュウオウク,Chuo-ku,帯山,オビヤマ,Obiyama,１丁目,１チョウメ,1,,,,,1,1,0,0,0,0,1,1,1947-04-17,,0,,,,,,,,,,,,,,,,
431010,0011002,2,熊本県,クマモトケン,Kumamoto,,,,熊本市,クマモトシ,Kumamoto-shi,中央区,チュウオウク,Chuo-ku,帯山,オビヤマ,Obiyama,２丁目,２チョウメ,2,,,,,1,1,0,0,0,0,1,1,1947-04-17,,0,,,,,,,,,,,,,,,,
431010,0011003,2,熊本県,クマモトケン,Kumamoto,,,,熊本市,クマモトシ,Kumamoto-shi,中央区,チュウオウク,Chuo-ku,帯山,オビヤマ,Obiyama,３丁目,３チョウメ,3,,,,,1,1,0,0,0,0,1,1,1947-04-17,,0,,,,,,,,,,,,,,,,
431010,0011004,2,熊本県,クマモトケン,Kumamoto,,,,熊本市,クマモトシ,Kumamoto-shi,中央区,チュウオウク,Chuo-ku,帯山,オビヤマ,Obiyama,４丁目,４チョウメ,4,,,,,1,1,0,0,0,0,1,1,1947-04-17,,0,,,,,,,,,,,,,,,,
431010,0011005,2,熊本県,クマモトケン,Kumamoto,,,,熊本市,クマモトシ,Kumamoto-shi,中央区,チュウオウク,Chuo-ku,帯山,オビヤマ,Obiyama,５丁目,５チョウメ,5,,,,,1,1,0,0,0,0,1,1,1947-04-17,,0,,,,,,,,,,,,,,,,
431010,0011006,2,熊本県,クマモトケン,Kumamoto,,,,熊本市,クマモトシ,Kumamoto-shi,中央区,チュウオウク,Chuo-ku,帯山,オビヤマ,Obiyama,６丁目,６チョウメ,6,,,,,1,1,0,0,0,0,1,1,1947-04-17,,0,,,,,,,,,,,,,,,,
431010,0011007,2,熊本県,クマモトケン,Kumamoto,,,,熊本市,クマモトシ,Kumamoto-shi,中央区,チュウオウク,Chuo-ku,帯山,オビヤマ,Obiyama,７丁目,７チョウメ,7,,,,,1,1,0,0,0,0,1,1,1947-04-17,,0,,,,,,,,,,,,,,,,
431010,0011008,2,熊本県,クマモトケン,Kumamoto,,,,熊本市,クマモトシ,Kumamoto-shi,中央区,チュウオウク,Chuo-ku,帯山,オビヤマ,Obiyama,８丁目,８チョウメ,8,,,,,1,1,0,0,0,0,1,1,1947-04-17,,0,,,,,,,,,,,,,,,,
431010,0011009,2,熊本県,クマモトケン,Kumamoto,,,,熊本市,クマモトシ,Kumamoto-shi,中央区,チュウオウク,Chuo-ku,帯山,オビヤマ,Obiyama,９丁目,９チョウメ,9,,,,,1,1,0,0,0,0,1,1,1947-04-17,,0,,,,,,,,,,,,,,,,
431010,0012000,1,熊本県,クマモトケン,Kumamoto,,,,熊本市,クマモトシ,Kumamoto-shi,中央区,チュウオウク,Chuo-ku,鍛冶屋町,カジヤマチ,Kajiyamachi,,,,,,,,0,0,0,0,0,0,1,1,1947-04-17,,0,8600026,,,,,,,,,,,,,,,
431010,0013000,1,熊本県,クマモトケン,Kumamoto,,,,熊本市,クマモトシ,Kumamoto-shi,中央区,チュウオウク,Chuo-ku,上鍛冶屋町,カミカジヤマチ,Kamikajiyamachi,,,,,,,,0,0,0,0,0,0,1,1,1947-04-17,,0,8600021,,,,,,,,,,,,,,,
431010,0014000,1,熊本県,クマモトケン,Kumamoto,,,,熊本市,クマモトシ,Kumamoto-shi,中央区,チュウオウク,Chuo-ku,上京塚町,カミキョウヅカマチ,Kamikyozukamachi,,,,,,,,1,1,0,0,0,0,1,1,1947-04-17,,0,8620953,,,,,,,,,,,,,,,
431010,0015001,2,熊本県,クマモトケン,Kumamoto,,,,熊本市,クマモトシ,Kumamoto-shi,中央区,チュウオウク,Chuo-ku,上水前寺,カミスイゼンジ,Kamisuizenji,１丁目,１チョウメ,1,,,,,1,1,0,0,0,0,1,1,1947-04-17,,0,,,,,,,,,,,,,,,,
431010,0015002,2,熊本県,クマモトケン,Kumamoto,,,,熊本市,クマモトシ,Kumamoto-shi,中央区,チュウオウク,Chuo-ku,上水前寺,カミスイゼンジ,Kamisuizenji,２丁目,２チョウメ,2,,,,,1,1,0,0,0,0,1,1,1947-04-17,,0,,,,,,,,,,,,,,,,
431010,0016000,1,熊本県,クマモトケン,Kumamoto,,,,熊本市,クマモトシ,Kumamoto-shi,中央区,チュウオウク,Chuo-ku,上通町,カミトオリチョウ,Kamitoricho,,,,,,,,1,1,0,0,0,0,1,1,1947-04-17,,0,8600845,,,,,,,,,,,,,,,
431010,0017000,1,熊本県,クマモトケン,Kumamoto,,,,熊本市,クマモトシ,Kumamoto-shi,中央区,チュウオウク,Chuo-ku,上林町,カミバヤシマチ,Kamibayashimachi,,,,,,,,1,1,0,0,0,0,1,1,1947-04-17,,0,8600847,,,,,,,,,,,,,,,
431010,0018000,1,熊本県,クマモトケン,Kumamoto,,,,熊本市,クマモトシ,Kumamoto-shi,中央区,チュウオウク,Chuo-ku,辛島町,カラシマチョウ,Karashimacho,,,,,,,,0,0,0,0,0,0,1,1,1947-04-17,,0,8600804,,,,,,,,,,,,,,,
431010,0018000,1,熊本県,クマモトケン,Kumamoto,,,,熊本市,クマモトシ,Kumamoto-shi,中央区,チュウオウク,Chuo-ku,辛島町,カラシマチョウ,Karashimacho,,,,,,,,1,1,0,0,0,0,1,1,1947-04-17,,0,8600804,,,,,,,,,,,,,,,
431010,0019000,1,熊本県,クマモトケン,Kumamoto,,,,熊本市,クマモトシ,Kumamoto-shi,中央区,チュウオウク,Chuo-ku,川端町,カワバタマチ,Kawabatamachi,,,,,,,,0,0,0,0,0,0,1,1,1947-04-17,,0,8600039,,,,,,,,,,,,,,,
431010,0020000,1,熊本県,クマモトケン,Kumamoto,,,,熊本市,クマモトシ,Kumamoto-shi,中央区,チュウオウク,Chuo-ku,河原町,カワラマチ,Kawaramachi,,,,,,,,0,0,0,0,0,0,1,1,1947-04-17,,0,8600023,,,,,,,,,,,,,,,
431010,0021000,1,熊本県,クマモトケン,Kumamoto,,,,熊本市,クマモトシ,Kumamoto-shi,中央区,チュウオウク,Chuo-ku,北千反畑町,キタセンダンバタマチ,Kitasendambatamachi,,,,,,,,1,1,0,0,0,0,1,1,1947-04-17,,0,8600855,,,,,,,,,,,,,,,
431010,0022001,2,熊本県,クマモトケン,Kumamoto,,,,熊本市,クマモトシ,Kumamoto-shi,中央区,チュウオウク,Chuo-ku,京町,キョウマチ,Kyomachi,１丁目,１チョウメ,1,,,,,1,1,0,0,0,0,1,1,1947-04-17,,0,,,,,,,,,,,,,,,,
431010,0022002,2,熊本県,クマモトケン,Kumamoto,,,,熊本市,クマモトシ,Kumamoto-shi,中央区,チュウオウク,Chuo-ku,京町,キョウマチ,Kyomachi,２丁目,２チョウメ,2,,,,,1,1,0,0,0,0,1,1,1947-04-17,,0,,,,,,,,,,,,,,,,
431010,0024000,1,熊本県,クマモトケン,Kumamoto,,,,熊本市,クマモトシ,Kumamoto-shi,中央区,チュウオウク,Chuo-ku,草葉町,クサバチョウ,Kusabacho,,,,,,,,1,1,0,0,0,0,1,1,1947-04-17,,0,8600843,,,,,,,,,,,,,,,
431010,0025001,2,熊本県,クマモトケン,Kumamoto,,,,熊本市,クマモトシ,Kumamoto-shi,中央区,チュウオウク,Chuo-ku,九品寺,クホンジ,Kuhonji,１丁目,１チョウメ,1,,,,,1,1,0,0,0,0,1,1,1947-04-17,,0,,,,,,,,,,,,,,,,
431010,0025002,2,熊本県,クマモトケン,Kumamoto,,,,熊本市,クマモトシ,Kumamoto-shi,中央区,チュウオウク,Chuo-ku,九品寺,クホンジ,Kuhonji,２丁目,２チョウメ,2,,,,,1,1,0,0,0,0,1,1,1947-04-17,,0,,,,,,,,,,,,,,,,
431010,0025003,2,熊本県,クマモトケン,Kumamoto,,,,熊本市,クマモトシ,Kumamoto-shi,中央区,チュウオウク,Chuo-ku,九品寺,クホンジ,Kuhonji,３丁目,３チョウメ,3,,,,,1,1,0,0,0,0,1,1,1947-04-17,,0,,,,,,,,,,,,,,,,
431010,0025004,2,熊本県,クマモトケン,Kumamoto,,,,熊本市,クマモトシ,Kumamoto-shi,中央区,チュウオウク,Chuo-ku,九品寺,クホンジ,Kuhonji,４丁目,４チョウメ,4,,,,,1,1,0,0,0,0,1,1,1947-04-17,,0,,,,,,,,,,,,,,,,
431010,0025005,2,熊本県,クマモトケン,Kumamoto,,,,熊本市,クマモトシ,Kumamoto-shi,中央区,チュウオウク,Chuo-ku,九品寺,クホンジ,Kuhonji,５丁目,５チョウメ,5,,,,,1,1,0,0,0,0,1,1,1947-04-17,,0,,,,,,,,,,,,,,,,
431010,0025006,2,熊本県,クマモトケン,Kumamoto,,,,熊本市,クマモトシ,Kumamoto-shi,中央区,チュウオウク,Chuo-ku,九品寺,クホンジ,Kuhonji,６丁目,６チョウメ,6,,,,,1,1,0,0,0,0,1,1,1947-04-17,,0,,,,,,,,,,,,,,,,
431010,0026001,2,熊本県,クマモトケン,Kumamoto,,,,熊本市,クマモトシ,Kumamoto-shi,中央区,チュウオウク,Chuo-ku,黒髪,クロカミ,Kurokami,１丁目,１チョウメ,1,,,,,1,1,0,0,0,0,1,1,1947-04-17,,0,,,,,,,,,,,,,,,,
431010,0026002,2,熊本県,クマモトケン,Kumamoto,,,,熊本市,クマモトシ,Kumamoto-shi,中央区,チュウオウク,Chuo-ku,黒髪,クロカミ,Kurokami,２丁目,２チョウメ,2,,,,,1,1,0,0,0,0,1,1,1947-04-17,,0,,,,,,,,,,,,,,,,
431010,0026003,2,熊本県,クマモトケン,Kumamoto,,,,熊本市,クマモトシ,Kumamoto-shi,中央区,チュウオウク,Chuo-ku,黒髪,クロカミ,Kurokami,３丁目,３チョウメ,3,,,,,1,1,0,0,0,0,1,1,1947-04-17,,0,,,,,,,,,,,,,,,,
431010,0026004,2,熊本県,クマモトケン,Kumamoto,,,,熊本市,クマモトシ,Kumamoto-shi,中央区,チュウオウク,Chuo-ku,黒髪,クロカミ,Kurokami,４丁目,４チョウメ,4,,,,,0,0,0,0,0,0,1,1,1947-04-17,,0,,,,,,,,,,,,,,,,
431010,0026004,2,熊本県,クマモトケン,Kumamoto,,,,熊本市,クマモトシ,Kumamoto-shi,中央区,チュウオウク,Chuo-ku,黒髪,クロカミ,Kurokami,４丁目,４チョウメ,4,,,,,1,1,0,0,0,0,1,1,1947-04-17,,0,,,,,,,,,,,,,,,,
431010,0026005,2,熊本県,クマモトケン,Kumamoto,,,,熊本市,クマモトシ,Kumamoto-shi,中央区,チュウオウク,Chuo-ku,黒髪,クロカミ,Kurokami,５丁目,５チョウメ,5,,,,,1,1,0,0,0,0,1,1,1947-04-17,,0,,,,,,,,,,,,,,,,
431010,0026006,2,熊本県,クマモトケン,Kumamoto,,,,熊本市,クマモトシ,Kumamoto-shi,中央区,チュウオウク,Chuo-ku,黒髪,クロカミ,Kurokami,６丁目,６チョウメ,6,,,,,1,1,0,0,0,0,1,1,1947-04-17,,0,,,,,,,,,,,,,,,,
431010,0026007,2,熊本県,クマモトケン,Kumamoto,,,,熊本市,クマモトシ,Kumamoto-shi,中央区,チュウオウク,Chuo-ku,黒髪,クロカミ,Kurokami,７丁目,７チョウメ,7,,,,,0,0,0,0,0,0,1,1,1947-04-17,,0,,,,,,,,,,,,,,,,
431010,0026008,2,熊本県,クマモトケン,Kumamoto,,,,熊本市,クマモトシ,Kumamoto-shi,中央区,チュウオウク,Chuo-ku,黒髪,クロカミ,Kurokami,８丁目,８チョウメ,8,,,,,0,0,0,0,0,0,1,1,1947-04-17,,0,,,,,,,,,,,,,,,,
431010,0027001,2,熊本県,クマモトケン,Kumamoto,,,,熊本市,クマモトシ,Kumamoto-shi,中央区,チュウオウク,Chuo-ku,神水,クワミズ,Kuwamizu,１丁目,１チョウメ,1,,,,,1,1,0,0,0,0,1,1,1947-04-17,,0,,,,,,,,,,,,,,,,
431010,0027002,2,熊本県,クマモトケン,Kumamoto,,,,熊本市,クマモトシ,Kumamoto-shi,中央区,チュウオウク,Chuo-ku,神水,クワミズ,Kuwamizu,２丁目,２チョウメ,2,,,,,1,1,0,0,0,0,1,1,1947-04-17,,0,,,,,,,,,,,,,,,,
431010,0028000,1,熊本県,クマモトケン,Kumamoto,,,,熊本市,クマモトシ,Kumamoto-shi,中央区,チュウオウク,Chuo-ku,神水本町,クワミズホンマチ,Kuwamizuhommachi,,,,,,,,1,1,0,0,0,0,1,1,1947-04-17,,0,8620955,,,,,,,,,,,,,,,
431010,0029000,1,熊本県,クマモトケン,Kumamoto,,,,熊本市,クマモトシ,Kumamoto-shi,中央区,チュウオウク,Chuo-ku,慶徳堀町,ケイトクボリマチ,Keitokuborimachi,,,,,,,,0,0,0,0,0,0,1,1,1947-04-17,,0,8600014,,,,,,,,,,,,,,,
431010,0030000,1,熊本県,クマモトケン,Kumamoto,,,,熊本市,クマモトシ,Kumamoto-shi,中央区,チュウオウク,Chuo-ku,紺屋阿弥陀寺町,コウヤアミダジマチ,Koya Amidajimachi,,,,,,,,0,0,0,0,0,0,1,1,1947-04-17,,0,8600033,,,,,,,,,,,,,,,
431010,0031001,2,熊本県,クマモトケン,Kumamoto,,,,熊本市,クマモトシ,Kumamoto-shi,中央区,チュウオウク,Chuo-ku,紺屋町,コウヤマチ,Koyamachi,１丁目,１チョウメ,1,,,,,0,0,0,0,0,0,1,1,1947-04-17,,0,,,,,,,,,,,,,,,,
431010,0031002,2,熊本県,クマモトケン,Kumamoto,,,,熊本市,クマモトシ,Kumamoto-shi,中央区,チュウオウク,Chuo-ku,紺屋町,コウヤマチ,Koyamachi,２丁目,２チョウメ,2,,,,,0,0,0,0,0,0,1,1,1947-04-17,,0,,,,,,,,,,,,,,,,
431010,0031003,2,熊本県,クマモトケン,Kumamoto,,,,熊本市,クマモトシ,Kumamoto-shi,中央区,チュウオウク,Chuo-ku,紺屋町,コウヤマチ,Koyamachi,３丁目,３チョウメ,3,,,,,0,0,0,0,0,0,1,1,1947-04-17,,0,,,,,,,,,,,,,,,,
431010,0032000,1,熊本県,クマモトケン,Kumamoto,,,,熊本市,クマモトシ,Kumamoto-shi,中央区,チュウオウク,Chuo-ku,子飼本町,コカイホンマチ,Kokaihommachi,,,,,,,,1,1,0,0,0,0,1,1,1947-04-17,,0,8600851,,,,,,,,,,,,,,,
431010,0033001,2,熊本県,クマモトケン,Kumamoto,,,,熊本市,クマモトシ,Kumamoto-shi,中央区,チュウオウク,Chuo-ku,国府,コクブ,Kokubu,１丁目,１チョウメ,1,,,,,1,1,0,0,0,0,1,1,1947-04-17,,0,,,,,,,,,,,,,,,,
431010,0033002,2,熊本県,クマモトケン,Kumamoto,,,,熊本市,クマモトシ,Kumamoto-shi,中央区,チュウオウク,Chuo-ku,国府,コクブ,Kokubu,２丁目,２チョウメ,2,,,,,1,1,0,0,0,0,1,1,1947-04-17,,0,,,,,,,,,,,,,,,,
431010,0033003,2,熊本県,クマモトケン,Kumamoto,,,,熊本市,クマモトシ,Kumamoto-shi,中央区,チュウオウク,Chuo-ku,国府,コクブ,Kokubu,３丁目,３チョウメ,3,,,,,1,1,0,0,0,0,1,1,1947-04-17,,0,,,,,,,,,,,,,,,,
431010,0033004,2,熊本県,クマモトケン,Kumamoto,,,,熊本市,クマモトシ,Kumamoto-shi,中央区,チュウオウク,Chuo-ku,国府,コクブ,Kokubu,４丁目,４チョウメ,4,,,,,1,1,0,0,0,0,1,1,1947-04-17,,0,,,,,,,,,,,,,,,,
431010,0034000,1,熊本県,クマモトケン,Kumamoto,,,,熊本市,クマモトシ,Kumamoto-shi,中央区,チュウオウク,Chuo-ku,国府本町,コクブホンマチ,Kokubuhommachi,,,,,,,,1,1,0,0,0,0,1,1,1947-04-17,,0,8620948,,,,,,,,,,,,,,,
431010,0035000,1,熊本県,クマモトケン,Kumamoto,,,,熊本市,クマモトシ,Kumamoto-shi,中央区,チュウオウク,Chuo-ku,小沢町,コザワマチ,Kozawamachi,,,,,,,,0,0,0,0,0,0,1,1,1947-04-17,,0,8600042,,,,,,,,,,,,,,,
431010,0036000,1,熊本県,クマモトケン,Kumamoto,,,,熊本市,クマモトシ,Kumamoto-shi,中央区,チュウオウク,Chuo-ku,古城町,コジョウマチ,Kojomachi,,,,,,,,1,1,0,0,0,0,1,1,1947-04-17,,0,8600003,,,,,,,,,,,,,,,
431010,0037001,2,熊本県,クマモトケン,Kumamoto,,,,熊本市,クマモトシ,Kumamoto-shi,中央区,チュウオウク,Chuo-ku,壺川,コセン,Kosen,１丁目,１チョウメ,1,,,,,1,1,0,0,0,0,1,1,1947-04-17,,0,,,,,,,,,,,,,,,,
431010,0037002,2,熊本県,クマモトケン,Kumamoto,,,,熊本市,クマモトシ,Kumamoto-shi,中央区,チュウオウク,Chuo-ku,壺川,コセン,Kosen,２丁目,２チョウメ,2,,,,,1,1,0,0,0,0,1,1,1947-04-17,,0,,,,,,,,,,,,,,,,
431010,0038001,2,熊本県,クマモトケン,Kumamoto,,,,熊本市,クマモトシ,Kumamoto-shi,中央区,チュウオウク,Chuo-ku,湖東,コトウ,Koto,１丁目,１チョウメ,1,,,,,1,1,0,0,0,0,1,1,1947-04-17,,0,,,,,,,,,,,,,,,,
431010,0039001,2,熊本県,クマモトケン,Kumamoto,,,,熊本市,クマモトシ,Kumamoto-shi,中央区,チュウオウク,Chuo-ku,琴平,コトヒラ,Kotohira,１丁目,１チョウメ,1,,,,,1,1,0,0,0,0,1,1,1947-04-17,,0,,,,,,,,,,,,,,,,
431010,0039002,2,熊本県,クマモトケン,Kumamoto,,,,熊本市,クマモトシ,Kumamoto-shi,中央区,チュウオウク,Chuo-ku,琴平,コトヒラ,Kotohira,２丁目,２チョウメ,2,,,,,1,1,0,0,0,0,1,1,1947-04-17,,0,,,,,,,,,,,,,,,,
431010,0040000,1,熊本県,クマモトケン,Kumamoto,,,,熊本市,クマモトシ,Kumamoto-shi,中央区,チュウオウク,Chuo-ku,琴平本町,コトヒラホンマチ,Kotohirahommachi,,,,,,,,1,1,0,0,0,0,1,1,1947-04-17,,0,8600814,,,,,,,,,,,,,,,
431010,0041001,2,熊本県,クマモトケン,Kumamoto,,,,熊本市,クマモトシ,Kumamoto-shi,中央区,チュウオウク,Chuo-ku,呉服町,ゴフクマチ,Gofukumachi,１丁目,１チョウメ,1,,,,,0,0,0,0,0,0,1,1,1947-04-17,,0,,,,,,,,,,,,,,,,
431010,0041002,2,熊本県,クマモトケン,Kumamoto,,,,熊本市,クマモトシ,Kumamoto-shi,中央区,チュウオウク,Chuo-ku,呉服町,ゴフクマチ,Gofukumachi,２丁目,２チョウメ,2,,,,,0,0,0,0,0,0,1,1,1947-04-17,,0,,,,,,,,,,,,,,,,
431010,0041003,2,熊本県,クマモトケン,Kumamoto,,,,熊本市,クマモトシ,Kumamoto-shi,中央区,チュウオウク,Chuo-ku,呉服町,ゴフクマチ,Gofukumachi,３丁目,３チョウメ,3,,,,,0,0,0,0,0,0,1,1,1947-04-17,,0,,,,,,,,,,,,,,,,
431010,0042001,2,熊本県,クマモトケン,Kumamoto,,,,熊本市,クマモトシ,Kumamoto-shi,中央区,チュウオウク,Chuo-ku,米屋町,コメヤマチ,Komeyamachi,１丁目,１チョウメ,1,,,,,0,0,0,0,0,0,1,1,1947-04-17,,0,,,,,,,,,,,,,,,,
431010,0042002,2,熊本県,クマモトケン,Kumamoto,,,,熊本市,クマモトシ,Kumamoto-shi,中央区,チュウオウク,Chuo-ku,米屋町,コメヤマチ,Komeyamachi,２丁目,２チョウメ,2,,,,,0,0,0,0,0,0,1,1,1947-04-17,,0,,,,,,,,,,,,,,,,
431010,0042003,2,熊本県,クマモトケン,Kumamoto,,,,熊本市,クマモトシ,Kumamoto-shi,中央区,チュウオウク,Chuo-ku,米屋町,コメヤマチ,Komeyamachi,３丁目,３チョウメ,3,,,,,0,0,0,0,0,0,1,1,1947-04-17,,0,,,,,,,,,,,,,,,,
431010,0043001,2,熊本県,クマモトケン,Kumamoto,,,,熊本市,クマモトシ,Kumamoto-shi,中央区,チュウオウク,Chuo-ku,細工町,サイクマチ,Saikumachi,１丁目,１チョウメ,1,,,,,0,0,0,0,0,0,1,1,1947-04-17,,0,,,,,,,,,,,,,,,,
431010,0043002,2,熊本県,クマモトケン,Kumamoto,,,,熊本市,クマモトシ,Kumamoto-shi,中央区,チュウオウク,Chuo-ku,細工町,サイクマチ,Saikumachi,２丁目,２チョウメ,2,,,,,0,0,0,0,0,0,1,1,1947-04-17,,0,,,,,,,,,,,,,,,,
431010,0043003,2,熊本県,クマモトケン,Kumamoto,,,,熊本市,クマモトシ,Kumamoto-shi,中央区,チュウオウク,Chuo-ku,細工町,サイクマチ,Saikumachi,３丁目,３チョウメ,3,,,,,0,0,0,0,0,0,1,1,1947-04-17,,0,,,,,,,,,,,,,,,,
431010,0043004,2,熊本県,クマモトケン,Kumamoto,,,,熊本市,クマモトシ,Kumamoto-shi,中央区,チュウオウク,Chuo-ku,細工町,サイクマチ,Saikumachi,４丁目,４チョウメ,4,,,,,0,0,0,0,0,0,1,1,1947-04-17,,0,,,,,,,,,,,,,,,,
431010,0043005,2,熊本県,クマモトケン,Kumamoto,,,,熊本市,クマモトシ,Kumamoto-shi,中央区,チュウオウク,Chuo-ku,細工町,サイクマチ,Saikumachi,５丁目,５チョウメ,5,,,,,0,0,0,0,0,0,1,1,1947-04-17,,0,,,,,,,,,,,,,,,,
431010,0044000,1,熊本県,クマモトケン,Kumamoto,,,,熊本市,クマモトシ,Kumamoto-shi,中央区,チュウオウク,Chuo-ku,桜町,サクラマチ,Sakuramachi,,,,,,,,1,1,0,0,0,0,1,1,1947-04-17,,0,8600805,,,,,,,,,,,,,,,
431010,0045001,2,熊本県,クマモトケン,Kumamoto,,,,熊本市,クマモトシ,Kumamoto-shi,中央区,チュウオウク,Chuo-ku,三郎,サブロウ,Saburo,１丁目,１チョウメ,1,,,,,1,1,0,0,0,0,1,1,1947-04-17,,0,,,,,,,,,,,,,,,,
431010,0046001,2,熊本県,クマモトケン,Kumamoto,,,,熊本市,クマモトシ,Kumamoto-shi,中央区,チュウオウク,Chuo-ku,島崎,シマサキ,Shimasaki,１丁目,１チョウメ,1,,,,,1,1,0,0,0,0,1,1,1947-04-17,,0,,,,,,,,,,,,,,,,
431010,0047001,2,熊本県,クマモトケン,Kumamoto,,,,熊本市,クマモトシ,Kumamoto-shi,中央区,チュウオウク,Chuo-ku,下通,シモトオリ,Shimotori,１丁目,１チョウメ,1,,,,,1,1,0,0,0,0,1,1,1947-04-17,,0,,,,,,,,,,,,,,,,
431010,0047002,2,熊本県,クマモトケン,Kumamoto,,,,熊本市,クマモトシ,Kumamoto-shi,中央区,チュウオウク,Chuo-ku,下通,シモトオリ,Shimotori,２丁目,２チョウメ,2,,,,,1,1,0,0,0,0,1,1,1947-04-17,,0,,,,,,,,,,,,,,,,
431010,0048001,2,熊本県,クマモトケン,Kumamoto,,,,熊本市,クマモトシ,Kumamoto-shi,中央区,チュウオウク,Chuo-ku,十禅寺,ジュウゼンジ,Juzenji,１丁目,１チョウメ,1,,,,,1,1,0,0,0,0,1,1,1947-04-17,,0,,,,,,,,,,,,,,,,
431010,0048004,2,熊本県,クマモトケン,Kumamoto,,,,熊本市,クマモトシ,Kumamoto-shi,中央区,チュウオウク,Chuo-ku,十禅寺,ジユウゼンジ,,４丁目,４チョウメ,4,,,,,1,1,0,0,0,0,1,1,2021-11-28,,0,,,,,,,,,,,,,,,,
431010,0050000,1,熊本県,クマモトケン,Kumamoto,,,,熊本市,クマモトシ,Kumamoto-shi,中央区,チュウオウク,Chuo-ku,城東町,ジョウトウマチ,Jotomachi,,,,,,,,1,1,0,0,0,0,1,1,1947-04-17,,0,8600846,,,,,,,,,,,,,,,
431010,0051001,2,熊本県,クマモトケン,Kumamoto,,,,熊本市,クマモトシ,Kumamoto-shi,中央区,チュウオウク,Chuo-ku,新大江,シンオオエ,Shinoe,１丁目,１チョウメ,1,,,,,1,1,0,0,0,0,1,1,1947-04-17,,0,,,,,,,,,,,,,,,,
431010,0051002,2,熊本県,クマモトケン,Kumamoto,,,,熊本市,クマモトシ,Kumamoto-shi,中央区,チュウオウク,Chuo-ku,新大江,シンオオエ,Shinoe,２丁目,２チョウメ,2,,,,,1,1,0,0,0,0,1,1,1947-04-17,,0,,,,,,,,,,,,,,,,
431010,0051003,2,熊本県,クマモトケン,Kumamoto,,,,熊本市,クマモトシ,Kumamoto-shi,中央区,チュウオウク,Chuo-ku,新大江,シンオオエ,Shinoe,３丁目,３チョウメ,3,,,,,1,1,0,0,0,0,1,1,1947-04-17,,0,,,,,,,,,,,,,,,,
431010,0052000,1,熊本県,クマモトケン,Kumamoto,,,,熊本市,クマモトシ,Kumamoto-shi,中央区,チュウオウク,Chuo-ku,新市街,シンシガイ,Shinshigai,,,,,,,,1,1,0,0,0,0,1,1,1947-04-17,,0,8600803,,,,,,,,,,,,,,,
431010,0053001,2,熊本県,クマモトケン,Kumamoto,,,,熊本市,クマモトシ,Kumamoto-shi,中央区,チュウオウク,Chuo-ku,新町,シンマチ,Shimmachi,１丁目,１チョウメ,1,,,,,1,1,0,0,0,0,1,1,1947-04-17,,0,,,,,,,,,,,,,,,,
431010,0053002,2,熊本県,クマモトケン,Kumamoto,,,,熊本市,クマモトシ,Kumamoto-shi,中央区,チュウオウク,Chuo-ku,新町,シンマチ,Shimmachi,２丁目,２チョウメ,2,,,,,1,1,0,0,0,0,1,1,1947-04-17,,0,,,,,,,,,,,,,,,,
431010,0053003,2,熊本県,クマモトケン,Kumamoto,,,,熊本市,クマモトシ,Kumamoto-shi,中央区,チュウオウク,Chuo-ku,新町,シンマチ,Shimmachi,３丁目,３チョウメ,3,,,,,1,1,0,0,0,0,1,1,1947-04-17,,0,,,,,,,,,,,,,,,,
431010,0053004,2,熊本県,クマモトケン,Kumamoto,,,,熊本市,クマモトシ,Kumamoto-shi,中央区,チュウオウク,Chuo-ku,新町,シンマチ,Shimmachi,４丁目,４チョウメ,4,,,,,1,1,0,0,0,0,1,1,1947-04-17,,0,,,,,,,,,,,,,,,,
431010,0054001,2,熊本県,クマモトケン,Kumamoto,,,,熊本市,クマモトシ,Kumamoto-shi,中央区,チュウオウク,Chuo-ku,新屋敷,シンヤシキ,Shinyashiki,１丁目,１チョウメ,1,,,,,1,1,0,0,0,0,1,1,1947-04-17,,0,,,,,,,,,,,,,,,,
431010,0054002,2,熊本県,クマモトケン,Kumamoto,,,,熊本市,クマモトシ,Kumamoto-shi,中央区,チュウオウク,Chuo-ku,新屋敷,シンヤシキ,Shinyashiki,２丁目,２チョウメ,2,,,,,1,1,0,0,0,0,1,1,1947-04-17,,0,,,,,,,,,,,,,,,,
431010,0054003,2,熊本県,クマモトケン,Kumamoto,,,,熊本市,クマモトシ,Kumamoto-shi,中央区,チュウオウク,Chuo-ku,新屋敷,シンヤシキ,Shinyashiki,３丁目,３チョウメ,3,,,,,1,1,0,0,0,0,1,1,1947-04-17,,0,,,,,,,,,,,,,,,,
431010,0055001,2,熊本県,クマモトケン,Kumamoto,,,,熊本市,クマモトシ,Kumamoto-shi,中央区,チュウオウク,Chuo-ku,水前寺,スイゼンジ,Suizenji,１丁目,１チョウメ,1,,,,,1,1,0,0,0,0,1,1,1947-04-17,,0,,,,,,,,,,,,,,,,
431010,0055002,2,熊本県,クマモトケン,Kumamoto,,,,熊本市,クマモトシ,Kumamoto-shi,中央区,チュウオウク,Chuo-ku,水前寺,スイゼンジ,Suizenji,２丁目,２チョウメ,2,,,,,1,1,0,0,0,0,1,1,1947-04-17,,0,,,,,,,,,,,,,,,,
431010,0055003,2,熊本県,クマモトケン,Kumamoto,,,,熊本市,クマモトシ,Kumamoto-shi,中央区,チュウオウク,Chuo-ku,水前寺,スイゼンジ,Suizenji,３丁目,３チョウメ,3,,,,,1,1,0,0,0,0,1,1,1947-04-17,,0,,,,,,,,,,,,,,,,
431010,0055004,2,熊本県,クマモトケン,Kumamoto,,,,熊本市,クマモトシ,Kumamoto-shi,中央区,チュウオウク,Chuo-ku,水前寺,スイゼンジ,Suizenji,４丁目,４チョウメ,4,,,,,1,1,0,0,0,0,1,1,1947-04-17,,0,,,,,,,,,,,,,,,,
431010,0055005,2,熊本県,クマモトケン,Kumamoto,,,,熊本市,クマモトシ,Kumamoto-shi,中央区,チュウオウク,Chuo-ku,水前寺,スイゼンジ,Suizenji,５丁目,５チョウメ,5,,,,,1,1,0,0,0,0,1,1,1947-04-17,,0,,,,,,,,,,,,,,,,
431010,0055006,2,熊本県,クマモトケン,Kumamoto,,,,熊本市,クマモトシ,Kumamoto-shi,中央区,チュウオウク,Chuo-ku,水前寺,スイゼンジ,Suizenji,６丁目,６チョウメ,6,,,,,1,1,0,0,0,0,1,1,1947-04-17,,0,,,,,,,,,,,,,,,,
431010,0056000,1,熊本県,クマモトケン,Kumamoto,,,,熊本市,クマモトシ,Kumamoto-shi,中央区,チュウオウク,Chuo-ku,水前寺公園,スイゼンジコウエン,Suizenjikoen,,,,,,,,1,1,0,0,0,0,1,1,1947-04-17,,0,8620956,,,,,,,,,,,,,,,
431010,0057000,1,熊本県,クマモトケン,Kumamoto,,,,熊本市,クマモトシ,Kumamoto-shi,中央区,チュウオウク,Chuo-ku,水道町,スイドウチョウ,Suidocho,,,,,,,,1,1,0,0,0,0,1,1,1947-04-17,,0,8600844,,,,,,,,,,,,,,,
431010,0058000,1,熊本県,クマモトケン,Kumamoto,,,,熊本市,クマモトシ,Kumamoto-shi,中央区,チュウオウク,Chuo-ku,菅原町,スガワラマチ,Sugawaramachi,,,,,,,,1,1,0,0,0,0,1,1,1947-04-17,,0,8620957,,,,,,,,,,,,,,,
431010,0059002,2,熊本県,クマモトケン,Kumamoto,,,,熊本市,クマモトシ,Kumamoto-shi,中央区,チュウオウク,Chuo-ku,船場町,センバマチ,Sembamachi,２丁目,２チョウメ,2,,,,,0,0,0,0,0,0,1,1,1947-04-17,,0,,,,,,,,,,,,,,,,
431010,0059003,2,熊本県,クマモトケン,Kumamoto,,,,熊本市,クマモトシ,Kumamoto-shi,中央区,チュウオウク,Chuo-ku,船場町,センバマチ,Sembamachi,３丁目,３チョウメ,3,,,,,0,0,0,0,0,0,1,1,1947-04-17,,0,,,,,,,,,,,,,,,,
431010,0060001,2,熊本県,クマモトケン,Kumamoto,,,,熊本市,クマモトシ,Kumamoto-shi,中央区,チュウオウク,Chuo-ku,船場町下,センバマチシモ,Sembamachishimo,１丁目,１チョウメ,1,,,,,0,0,0,0,0,0,1,1,1947-04-17,,0,,,,,,,,,,,,,,,,
431010,0061000,1,熊本県,クマモトケン,Kumamoto,,,,熊本市,クマモトシ,Kumamoto-shi,中央区,チュウオウク,Chuo-ku,段山本町,ダニヤマホンマチ,Daniyamahommachi,,,,,,,,1,1,0,0,0,0,1,1,1947-04-17,,0,8600006,,,,,,,,,,,,,,,
431010,0062000,1,熊本県,クマモトケン,Kumamoto,,,,熊本市,クマモトシ,Kumamoto-shi,中央区,チュウオウク,Chuo-ku,千葉城町,チバジョウマチ,Chibajomachi,,,,,,,,1,1,0,0,0,0,1,1,1947-04-17,,0,8600001,,,,,,,,,,,,,,,
431010,0063000,1,熊本県,クマモトケン,Kumamoto,,,,熊本市,クマモトシ,Kumamoto-shi,中央区,チュウオウク,Chuo-ku,中央街,チュウオウガイ,Chuogai,,,,,,,,1,1,0,0,0,0,1,1,1947-04-17,,0,8600802,,,,,,,,,,,,,,,
431010,0064001,2,熊本県,クマモトケン,Kumamoto,,,,熊本市,クマモトシ,Kumamoto-shi,中央区,チュウオウク,Chuo-ku,坪井,ツボイ,Tsuboi,１丁目,１チョウメ,1,,,,,1,1,0,0,0,0,1,1,1947-04-17,,0,,,,,,,,,,,,,,,,
431010,0064002,2,熊本県,クマモトケン,Kumamoto,,,,熊本市,クマモトシ,Kumamoto-shi,中央区,チュウオウク,Chuo-ku,坪井,ツボイ,Tsuboi,２丁目,２チョウメ,2,,,,,1,1,0,0,0,0,1,1,1947-04-17,,0,,,,,,,,,,,,,,,,
431010,0064003,2,熊本県,クマモトケン,Kumamoto,,,,熊本市,クマモトシ,Kumamoto-shi,中央区,チュウオウク,Chuo-ku,坪井,ツボイ,Tsuboi,３丁目,３チョウメ,3,,,,,1,1,0,0,0,0,1,1,1947-04-17,,0,,,,,,,,,,,,,,,,
431010,0064004,2,熊本県,クマモトケン,Kumamoto,,,,熊本市,クマモトシ,Kumamoto-shi,中央区,チュウオウク,Chuo-ku,坪井,ツボイ,Tsuboi,４丁目,４チョウメ,4,,,,,1,1,0,0,0,0,1,1,1947-04-17,,0,,,,,,,,,,,,,,,,
431010,0064005,2,熊本県,クマモトケン,Kumamoto,,,,熊本市,クマモトシ,Kumamoto-shi,中央区,チュウオウク,Chuo-ku,坪井,ツボイ,Tsuboi,５丁目,５チョウメ,5,,,,,1,1,0,0,0,0,1,1,1947-04-17,,0,,,,,,,,,,,,,,,,
431010,0064006,2,熊本県,クマモトケン,Kumamoto,,,,熊本市,クマモトシ,Kumamoto-shi,中央区,チュウオウク,Chuo-ku,坪井,ツボイ,Tsuboi,６丁目,６チョウメ,6,,,,,1,1,0,0,0,0,1,1,1947-04-17,,0,,,,,,,,,,,,,,,,
431010,0065000,1,熊本県,クマモトケン,Kumamoto,,,,熊本市,クマモトシ,Kumamoto-shi,中央区,チュウオウク,Chuo-ku,手取本町,テトリホンチョウ,Tetorihoncho,,,,,,,,1,1,0,0,0,0,1,1,1947-04-17,,0,8600808,,,,,,,,,,,,,,,
431010,0066000,1,熊本県,クマモトケン,Kumamoto,,,,熊本市,クマモトシ,Kumamoto-shi,中央区,チュウオウク,Chuo-ku,通町,トオリチョウ,Toricho,,,,,,,,0,0,0,0,0,0,1,1,1947-04-17,,0,8600013,,,,,,,,,,,,,,,
431010,0067001,2,熊本県,クマモトケン,Kumamoto,,,,熊本市,クマモトシ,Kumamoto-shi,中央区,チュウオウク,Chuo-ku,渡鹿,トロク,Toroku,１丁目,１チョウメ,1,,,,,1,1,0,0,0,0,1,1,1947-04-17,,0,,,,,,,,,,,,,,,,
431010,0067002,2,熊本県,クマモトケン,Kumamoto,,,,熊本市,クマモトシ,Kumamoto-shi,中央区,チュウオウク,Chuo-ku,渡鹿,トロク,Toroku,２丁目,２チョウメ,2,,,,,1,1,0,0,0,0,1,1,1947-04-17,,0,,,,,,,,,,,,,,,,
431010,0067003,2,熊本県,クマモトケン,Kumamoto,,,,熊本市,クマモトシ,Kumamoto-shi,中央区,チュウオウク,Chuo-ku,渡鹿,トロク,Toroku,３丁目,３チョウメ,3,,,,,1,1,0,0,0,0,1,1,1947-04-17,,0,,,,,,,,,,,,,,,,
431010,0067004,2,熊本県,クマモトケン,Kumamoto,,,,熊本市,クマモトシ,Kumamoto-shi,中央区,チュウオウク,Chuo-ku,渡鹿,トロク,Toroku,４丁目,４チョウメ,4,,,,,1,1,0,0,0,0,1,1,1947-04-17,,0,,,,,,,,,,,,,,,,
431010,0067005,2,熊本県,クマモトケン,Kumamoto,,,,熊本市,クマモトシ,Kumamoto-shi,中央区,チュウオウク,Chuo-ku,渡鹿,トロク,Toroku,５丁目,５チョウメ,5,,,,,1,1,0,0,0,0,1,1,1947-04-17,,0,,,,,,,,,,,,,,,,
431010,0067006,2,熊本県,クマモトケン,Kumamoto,,,,熊本市,クマモトシ,Kumamoto-shi,中央区,チュウオウク,Chuo-ku,渡鹿,トロク,Toroku,６丁目,６チョウメ,6,,,,,1,1,0,0,0,0,1,1,1947-04-17,,0,,,,,,,,,,,,,,,,
431010,0067007,2,熊本県,クマモトケン,Kumamoto,,,,熊本市,クマモトシ,Kumamoto-shi,中央区,チュウオウク,Chuo-ku,渡鹿,トロク,Toroku,７丁目,７チョウメ,7,,,,,1,1,0,0,0,0,1,1,1947-04-17,,0,,,,,,,,,,,,,,,,
431010,0068000,1,熊本県,クマモトケン,Kumamoto,,,,熊本市,クマモトシ,Kumamoto-shi,中央区,チュウオウク,Chuo-ku,中唐人町,ナカトウジンマチ,Nakatojimmachi,,,,,,,,0,0,0,0,0,0,1,1,1947-04-17,,0,8600028,,,,,,,,,,,,,,,
431010,0069000,1,熊本県,クマモトケン,Kumamoto,,,,熊本市,クマモトシ,Kumamoto-shi,中央区,チュウオウク,Chuo-ku,西阿弥陀寺町,ニシアミダジマチ,Nishiamidajimachi,,,,,,,,0,0,0,0,0,0,1,1,1947-04-17,,0,8600037,,,,,,,,,,,,,,,
431010,0070000,1,熊本県,クマモトケン,Kumamoto,,,,熊本市,クマモトシ,Kumamoto-shi,中央区,チュウオウク,Chuo-ku,西子飼町,ニシコカイマチ,Nishikokaimachi,,,,,,,,1,1,0,0,0,0,1,1,1947-04-17,,0,8600853,,,,,,,,,,,,,,,
431010,0071000,1,熊本県,クマモトケン,Kumamoto,,,,熊本市,クマモトシ,Kumamoto-shi,中央区,チュウオウク,Chuo-ku,西唐人町,ニシトウジンマチ,Nishitojimmachi,,,,,,,,0,0,0,0,0,0,1,1,1947-04-17,,0,8600027,,,,,,,,,,,,,,,
431010,0072000,1,熊本県,クマモトケン,Kumamoto,,,,熊本市,クマモトシ,Kumamoto-shi,中央区,チュウオウク,Chuo-ku,二の丸,ニノマル,Ninomaru,,,,,,,,1,1,0,0,0,0,1,1,1947-04-17,,0,8600008,,,,,,,,,,,,,,,
431010,0073000,1,熊本県,クマモトケン,Kumamoto,,,,熊本市,クマモトシ,Kumamoto-shi,中央区,チュウオウク,Chuo-ku,萩原町,ハギワラマチ,Hagiwaramachi,,,,,,,,1,1,0,0,0,0,1,1,1947-04-17,,0,8600832,,,,,,,,,,,,,,,
431010,0074001,2,熊本県,クマモトケン,Kumamoto,,,,熊本市,クマモトシ,Kumamoto-shi,中央区,チュウオウク,Chuo-ku,白山,ハクザン,Hakuzan,１丁目,１チョウメ,1,,,,,1,1,0,0,0,0,1,1,1947-04-17,,0,,,,,,,,,,,,,,,,
431010,0074002,2,熊本県,クマモトケン,Kumamoto,,,,熊本市,クマモトシ,Kumamoto-shi,中央区,チュウオウク,Chuo-ku,白山,ハクザン,Hakuzan,２丁目,２チョウメ,2,,,,,1,1,0,0,0,0,1,1,1947-04-17,,0,,,,,,,,,,,,,,,,
431010,0074003,2,熊本県,クマモトケン,Kumamoto,,,,熊本市,クマモトシ,Kumamoto-shi,中央区,チュウオウク,Chuo-ku,白山,ハクザン,Hakuzan,３丁目,３チョウメ,3,,,,,1,1,0,0,0,0,1,1,1947-04-17,,0,,,,,,,,,,,,,,,,
431010,0075000,1,熊本県,クマモトケン,Kumamoto,,,,熊本市,クマモトシ,Kumamoto-shi,中央区,チュウオウク,Chuo-ku,八王寺町,ハチオウジマチ,Hachiojimachi,,,,,,,,1,1,0,0,0,0,1,1,1947-04-17,,0,8600831,,,,,,,,,,,,,,,
431010,0076000,1,熊本県,クマモトケン,Kumamoto,,,,熊本市,クマモトシ,Kumamoto-shi,中央区,チュウオウク,Chuo-ku,花畑町,ハナバタチョウ,Hanabatacho,,,,,,,,1,1,0,0,0,0,1,1,1947-04-17,,0,8600806,,,,,,,,,,,,,,,
431010,0077000,1,熊本県,クマモトケン,Kumamoto,,,,熊本市,クマモトシ,Kumamoto-shi,中央区,チュウオウク,Chuo-ku,春竹町大字春竹,ハルタケマチオオアザハルタケ,,,,,,,,,0,0,0,0,0,0,1,1,1947-04-17,,0,,,,,,,,,,,,,,,,
431010,0078000,1,熊本県,クマモトケン,Kumamoto,,,,熊本市,クマモトシ,Kumamoto-shi,中央区,チュウオウク,Chuo-ku,東阿弥陀寺町,ヒガシアミダジマチ,Higashiamidajimachi,,,,,,,,0,0,0,0,0,0,1,1,1947-04-17,,0,8600034,,,,,,,,,,,,,,,
431010,0079000,1,熊本県,クマモトケン,Kumamoto,,,,熊本市,クマモトシ,Kumamoto-shi,中央区,チュウオウク,Chuo-ku,東京塚町,ヒガシキョウヅカマチ,Higashikyozukamachi,,,,,,,,1,1,0,0,0,0,1,1,1947-04-17,,0,8620923,,,,,,,,,,,,,,,
431010,0080000,1,熊本県,クマモトケン,Kumamoto,,,,熊本市,クマモトシ,Kumamoto-shi,中央区,チュウオウク,Chuo-ku,東子飼町,ヒガシコカイマチ,Higashikokaimachi,,,,,,,,1,1,0,0,0,0,1,1,1947-04-17,,0,8600854,,,,,,,,,,,,,,,
431010,0081000,1,熊本県,クマモトケン,Kumamoto,,,,熊本市,クマモトシ,Kumamoto-shi,中央区,チュウオウク,Chuo-ku,古桶屋町,フルオケヤマチ,Furuokeyamachi,,,,,,,,0,0,0,0,0,0,1,1,1947-04-17,,0,8600038,,,,,,,,,,,,,,,
431010,0082000,1,熊本県,クマモトケン,Kumamoto,,,,熊本市,クマモトシ,Kumamoto-shi,中央区,チュウオウク,Chuo-ku,古川町,フルカワマチ,Furukawamachi,,,,,,,,0,0,0,0,0,0,1,1,1947-04-17,,0,8600015,,,,,,,,,,,,,,,
431010,0083000,1,熊本県,クマモトケン,Kumamoto,,,,熊本市,クマモトシ,Kumamoto-shi,中央区,チュウオウク,Chuo-ku,古京町,フルキョウマチ,Furukyomachi,,,,,,,,1,1,0,0,0,0,1,1,1947-04-17,,0,8600007,,,,,,,,,,,,,,,
431010,0084000,1,熊本県,クマモトケン,Kumamoto,,,,熊本市,クマモトシ,Kumamoto-shi,中央区,チュウオウク,Chuo-ku,古大工町,フルダイクマチ,Furudaikumachi,,,,,,,,0,0,0,0,0,0,1,1,1947-04-17,,0,8600036,,,,,,,,,,,,,,,
431010,0085001,2,熊本県,クマモトケン,Kumamoto,,,,熊本市,クマモトシ,Kumamoto-shi,中央区,チュウオウク,Chuo-ku,平成,ヘイセイ,Heisei,１丁目,１チョウメ,1,,,,,1,1,0,0,0,0,1,1,1947-04-17,,0,,,,,,,,,,,,,,,,
431010,0085002,2,熊本県,クマモトケン,Kumamoto,,,,熊本市,クマモトシ,Kumamoto-shi,中央区,チュウオウク,Chuo-ku,平成,ヘイセイ,Heisei,２丁目,２チョウメ,2,,,,,1,1,0,0,0,0,1,1,1947-04-17,,0,,,,,,,,,,,,,,,,
431010,0085003,2,熊本県,クマモトケン,Kumamoto,,,,熊本市,クマモトシ,Kumamoto-shi,中央区,チュウオウク,Chuo-ku,平成,ヘイセイ,Heisei,３丁目,３チョウメ,3,,,,,1,1,0,0,0,0,1,1,1947-04-17,,0,,,,,,,,,,,,,,,,
431010,0086001,2,熊本県,クマモトケン,Kumamoto,,,,熊本市,クマモトシ,Kumamoto-shi,中央区,チュウオウク,Chuo-ku,保田窪,ホタクボ,Hotakubo,１丁目,１チョウメ,1,,,,,1,1,0,0,0,0,1,1,1947-04-17,,0,,,,,,,,,,,,,,,,
431010,0086002,2,熊本県,クマモトケン,Kumamoto,,,,熊本市,クマモトシ,Kumamoto-shi,中央区,チュウオウク,Chuo-ku,保田窪,ホタクボ,Hotakubo,２丁目,２チョウメ,2,,,,,1,1,0,0,0,0,1,1,1947-04-17,,0,,,,,,,,,,,,,,,,
431010,0087001,2,熊本県,クマモトケン,Kumamoto,,,,熊本市,クマモトシ,Kumamoto-shi,中央区,チュウオウク,Chuo-ku,本荘,ホンジョウ,Honjo,１丁目,１チョウメ,1,,,,,1,1,0,0,0,0,1,1,1947-04-17,,0,,,,,,,,,,,,,,,,
431010,0087002,2,熊本県,クマモトケン,Kumamoto,,,,熊本市,クマモトシ,Kumamoto-shi,中央区,チュウオウク,Chuo-ku,本荘,ホンジョウ,Honjo,２丁目,２チョウメ,2,,,,,1,1,0,0,0,0,1,1,1947-04-17,,0,,,,,,,,,,,,,,,,
431010,0087003,2,熊本県,クマモトケン,Kumamoto,,,,熊本市,クマモトシ,Kumamoto-shi,中央区,チュウオウク,Chuo-ku,本荘,ホンジョウ,Honjo,３丁目,３チョウメ,3,,,,,1,1,0,0,0,0,1,1,1947-04-17,,0,,,,,,,,,,,,,,,,
431010,0087004,2,熊本県,クマモトケン,Kumamoto,,,,熊本市,クマモトシ,Kumamoto-shi,中央区,チュウオウク,Chuo-ku,本荘,ホンジョウ,Honjo,４丁目,４チョウメ,4,,,,,1,1,0,0,0,0,1,1,1947-04-17,,0,,,,,,,,,,,,,,,,
431010,0087005,2,熊本県,クマモトケン,Kumamoto,,,,熊本市,クマモトシ,Kumamoto-shi,中央区,チュウオウク,Chuo-ku,本荘,ホンジョウ,Honjo,５丁目,５チョウメ,5,,,,,1,1,0,0,0,0,1,1,1947-04-17,,0,,,,,,,,,,,,,,,,
431010,0087006,2,熊本県,クマモトケン,Kumamoto,,,,熊本市,クマモトシ,Kumamoto-shi,中央区,チュウオウク,Chuo-ku,本荘,ホンジョウ,Honjo,６丁目,６チョウメ,6,,,,,1,1,0,0,0,0,1,1,1947-04-17,,0,,,,,,,,,,,,,,,,
431010,0088000,1,熊本県,クマモトケン,Kumamoto,,,,熊本市,クマモトシ,Kumamoto-shi,中央区,チュウオウク,Chuo-ku,本荘町,ホンジョウマチ,Honjomachi,,,,,,,,0,0,0,0,0,0,1,1,1947-04-17,,0,8600816,,,,,,,,,,,,,,,
431010,0089000,1,熊本県,クマモトケン,Kumamoto,,,,熊本市,クマモトシ,Kumamoto-shi,中央区,チュウオウク,Chuo-ku,本丸,ホンマル,Hommaru,,,,,,,,1,1,0,0,0,0,1,1,1947-04-17,,0,8600002,,,,,,,,,,,,,,,
431010,0090000,1,熊本県,クマモトケン,Kumamoto,,,,熊本市,クマモトシ,Kumamoto-shi,中央区,チュウオウク,Chuo-ku,松原町,マツバラマチ,Matsubaramachi,,,,,,,,0,0,0,0,0,0,1,1,1947-04-17,,0,8600024,,,,,,,,,,,,,,,
431010,0091001,2,熊本県,クマモトケン,Kumamoto,,,,熊本市,クマモトシ,Kumamoto-shi,中央区,チュウオウク,Chuo-ku,南熊本,ミナミクマモト,Minamikumamoto,１丁目,１チョウメ,1,,,,,1,1,0,0,0,0,1,1,1947-04-17,,0,,,,,,,,,,,,,,,,
431010,0091002,2,熊本県,クマモトケン,Kumamoto,,,,熊本市,クマモトシ,Kumamoto-shi,中央区,チュウオウク,Chuo-ku,南熊本,ミナミクマモト,Minamikumamoto,２丁目,２チョウメ,2,,,,,1,1,0,0,0,0,1,1,1947-04-17,,0,,,,,,,,,,,,,,,,
431010,0091003,2,熊本県,クマモトケン,Kumamoto,,,,熊本市,クマモトシ,Kumamoto-shi,中央区,チュウオウク,Chuo-ku,南熊本,ミナミクマモト,Minamikumamoto,３丁目,３チョウメ,3,,,,,1,1,0,0,0,0,1,1,1947-04-17,,0,,,,,,,,,,,,,,,,
431010,0091004,2,熊本県,クマモトケン,Kumamoto,,,,熊本市,クマモトシ,Kumamoto-shi,中央区,チュウオウク,Chuo-ku,南熊本,ミナミクマモト,Minamikumamoto,４丁目,４チョウメ,4,,,,,1,1,0,0,0,0,1,1,1947-04-17,,0,,,,,,,,,,,,,,,,
431010,0091005,2,熊本県,クマモトケン,Kumamoto,,,,熊本市,クマモトシ,Kumamoto-shi,中央区,チュウオウク,Chuo-ku,南熊本,ミナミクマモト,Minamikumamoto,５丁目,５チョウメ,5,,,,,1,1,0,0,0,0,1,1,1947-04-17,,0,,,,,,,,,,,,,,,,
431010,0092000,1,熊本県,クマモトケン,Kumamoto,,,,熊本市,クマモトシ,Kumamoto-shi,中央区,チュウオウク,Chuo-ku,南千反畑町,ミナミセンダンバタマチ,Minamisendambatamachi,,,,,,,,1,1,0,0,0,0,1,1,1947-04-17,,0,8600842,,,,,,,,,,,,,,,
431010,0093000,1,熊本県,クマモトケン,Kumamoto,,,,熊本市,クマモトシ,Kumamoto-shi,中央区,チュウオウク,Chuo-ku,南坪井町,ミナミツボイマチ,Minamitsuboimachi,,,,,,,,1,1,0,0,0,0,1,1,1947-04-17,,0,8600848,,,,,,,,,,,,,,,
431010,0094000,1,熊本県,クマモトケン,Kumamoto,,,,熊本市,クマモトシ,Kumamoto-shi,中央区,チュウオウク,Chuo-ku,宮内,ミヤウチ,Miyauchi,,,,,,,,1,1,0,0,0,0,1,1,1947-04-17,,0,8600005,,,,,,,,,,,,,,,
431010,0095000,1,熊本県,クマモトケン,Kumamoto,,,,熊本市,クマモトシ,Kumamoto-shi,中央区,チュウオウク,Chuo-ku,妙体寺町,ミョウタイジマチ,Myotaijimachi,,,,,,,,1,1,0,0,0,0,1,1,1947-04-17,,0,8600856,,,,,,,,,,,,,,,
431010,0096001,2,熊本県,クマモトケン,Kumamoto,,,,熊本市,クマモトシ,Kumamoto-shi,中央区,チュウオウク,Chuo-ku,迎町,ムカエマチ,Mukaemachi,１丁目,１チョウメ,1,,,,,1,1,0,0,0,0,1,1,1947-04-17,,0,,,,,,,,,,,,,,,,
431010,0096002,2,熊本県,クマモトケン,Kumamoto,,,,熊本市,クマモトシ,Kumamoto-shi,中央区,チュウオウク,Chuo-ku,迎町,ムカエマチ,Mukaemachi,２丁目,２チョウメ,2,,,,,1,1,0,0,0,0,1,1,1947-04-17,,0,,,,,,,,,,,,,,,,
431010,0097000,1,熊本県,クマモトケン,Kumamoto,,,,熊本市,クマモトシ,Kumamoto-shi,中央区,チュウオウク,Chuo-ku,室園町,ムロゾノマチ,Murozonomachi,,,,,,,,0,0,0,0,0,0,1,1,1947-04-17,,0,8618072,,,,,,,,,,,,,,,
431010,0097000,1,熊本県,クマモトケン,Kumamoto,,,,熊本市,クマモトシ,Kumamoto-shi,中央区,チュウオウク,Chuo-ku,室園町,ムロゾノマチ,Murozonomachi,,,,,,,,1,1,0,0,0,0,1,1,1947-04-17,,0,8618072,,,,,,,,,,,,,,,
431010,0098001,2,熊本県,クマモトケン,Kumamoto,,,,熊本市,クマモトシ,Kumamoto-shi,中央区,チュウオウク,Chuo-ku,本山,モトヤマ,Motoyama,１丁目,１チョウメ,1,,,,,1,1,0,0,0,0,1,1,1947-04-17,,0,,,,,,,,,,,,,,,,
431010,0098002,2,熊本県,クマモトケン,Kumamoto,,,,熊本市,クマモトシ,Kumamoto-shi,中央区,チュウオウク,Chuo-ku,本山,モトヤマ,Motoyama,２丁目,２チョウメ,2,,,,,1,1,0,0,0,0,1,1,1947-04-17,,0,,,,,,,,,,,,,,,,
431010,0098003,2,熊本県,クマモトケン,Kumamoto,,,,熊本市,クマモトシ,Kumamoto-shi,中央区,チュウオウク,Chuo-ku,本山,モトヤマ,Motoyama,３丁目,３チョウメ,3,,,,,1,1,0,0,0,0,1,1,1947-04-17,,0,,,,,,,,,,,,,,,,
431010,0098004,2,熊本県,クマモトケン,Kumamoto,,,,熊本市,クマモトシ,Kumamoto-shi,中央区,チュウオウク,Chuo-ku,本山,モトヤマ,Motoyama,４丁目,４チョウメ,4,,,,,1,1,0,0,0,0,1,1,1947-04-17,,0,,,,,,,,,,,,,,,,
431010,0099000,1,熊本県,クマモトケン,Kumamoto,,,,熊本市,クマモトシ,Kumamoto-shi,中央区,チュウオウク,Chuo-ku,本山町,モトヤママチ,Motoyamamachi,,,,,,,,0,0,0,0,0,0,1,1,1947-04-17,,0,8600822,,,,,,,,,,,,,,,
431010,0100000,1,熊本県,クマモトケン,Kumamoto,,,,熊本市,クマモトシ,Kumamoto-shi,中央区,チュウオウク,Chuo-ku,薬園町,ヤクエンチョウ,Yakuencho,,,,,,,,1,1,0,0,0,0,1,1,1947-04-17,,0,8600852,,,,,,,,,,,,,,,
431010,0101000,1,熊本県,クマモトケン,Kumamoto,,,,熊本市,クマモトシ,Kumamoto-shi,中央区,チュウオウク,Chuo-ku,山崎町,ヤマサキマチ,Yamasakimachi,,,,,,,,0,0,0,0,0,0,1,1,1947-04-17,,0,8600016,,,,,,,,,,,,,,,
431010,0102000,1,熊本県,クマモトケン,Kumamoto,,,,熊本市,クマモトシ,Kumamoto-shi,中央区,チュウオウク,Chuo-ku,弥生町,ヤヨイチョウ,Yayoicho,,,,,,,,1,1,0,0,0,0,1,1,1947-04-17,,0,8600818,,,,,,,,,,,,,,,
431010,0103000,1,熊本県,クマモトケン,Kumamoto,,,,熊本市,クマモトシ,Kumamoto-shi,中央区,チュウオウク,Chuo-ku,横紺屋町,ヨココウヤマチ,Yokokoyamachi,,,,,,,,0,0,0,0,0,0,1,1,1947-04-17,,0,8600022,,,,,,,,,,,,,,,
431010,0104001,2,熊本県,クマモトケン,Kumamoto,,,,熊本市,クマモトシ,Kumamoto-shi,中央区,チュウオウク,Chuo-ku,横手,ヨコテ,Yokote,１丁目,１チョウメ,1,,,,,1,1,0,0,0,0,1,1,1947-04-17,,0,,,,,,,,,,,,,,,,
431010,0104002,2,熊本県,クマモトケン,Kumamoto,,,,熊本市,クマモトシ,Kumamoto-shi,中央区,チュウオウク,Chuo-ku,横手,ヨコテ,Yokote,２丁目,２チョウメ,2,,,,,1,1,0,0,0,0,1,1,1947-04-17,,0,,,,,,,,,,,,,,,,
431010,0104003,2,熊本県,クマモトケン,Kumamoto,,,,熊本市,クマモトシ,Kumamoto-shi,中央区,チュウオウク,Chuo-ku,横手,ヨコテ,Yokote,３丁目,３チョウメ,3,,,,,1,1,0,0,0,0,1,1,1947-04-17,,0,,,,,,,,,,,,,,,,
431010,0105000,1,熊本県,クマモトケン,Kumamoto,,,,熊本市,クマモトシ,Kumamoto-shi,中央区,チュウオウク,Chuo-ku,世安町,ヨヤスマチ,Yoyasumachi,,,,,,,,0,0,0,0,0,0,1,1,1947-04-17,,0,8600823,,,,,,,,,,,,,,,
431010,0106001,2,熊本県,クマモトケン,Kumamoto,,,,熊本市,クマモトシ,Kumamoto-shi,中央区,チュウオウク,Chuo-ku,万町,ヨロズマチ,Yorozumachi,１丁目,１チョウメ,1,,,,,0,0,0,0,0,0,1,1,1947-04-17,,0,,,,,,,,,,,,,,,,
431010,0106002,2,熊本県,クマモトケン,Kumamoto,,,,熊本市,クマモトシ,Kumamoto-shi,中央区,チュウオウク,Chuo-ku,万町,ヨロズマチ,Yorozumachi,２丁目,２チョウメ,2,,,,,0,0,0,0,0,0,1,1,1947-04-17,,0,,,,,,,,,,,,,,,,
431010,0107000,1,熊本県,クマモトケン,Kumamoto,,,,熊本市,クマモトシ,Kumamoto-shi,中央区,チュウオウク,Chuo-ku,練兵町,レンペイチョウ,Rempeicho,,,,,,,,0,0,0,0,0,0,1,1,1947-04-17,,0,8600017,,,,,,,,,,,,,,,
431010,0108000,1,熊本県,クマモトケン,Kumamoto,,,,熊本市,クマモトシ,Kumamoto-shi,中央区,チュウオウク,Chuo-ku,紺屋今町,コウヤイママチ,Koya Imamachi,,,,,,,,0,0,0,0,0,0,1,1,1947-04-17,,0,8600012,,,,,,,,,,,,,,,
431010,0108000,1,熊本県,クマモトケン,Kumamoto,,,,熊本市,クマモトシ,Kumamoto-shi,中央区,チュウオウク,Chuo-ku,紺屋今町,コウヤイママチ,Koya Imamachi,,,,,,,,1,1,0,0,0,0,1,1,1947-04-17,,0,8600012,,,,,,,,,,,,,,,
431010,0109000,1,熊本県,クマモトケン,Kumamoto,,,,熊本市,クマモトシ,Kumamoto-shi,中央区,チュウオウク,Chuo-ku,新鍛冶屋町,シンカジヤマチ,Shinkajiyamachi,,,,,,,,0,0,0,0,0,0,1,1,1947-04-17,,0,8600011,,,,,,,,,,,,,,,
431010,0110001,2,熊本県,クマモトケン,Kumamoto,,,,熊本市,クマモトシ,Kumamoto-shi,中央区,チュウオウク,Chuo-ku,世安,ヨヤス,,１丁目,１チョウメ,1,,,,,1,1,0,0,0,0,1,1,2021-11-28,,0,,,,,,,,,,,,,,,,
431010,0110002,2,熊本県,クマモトケン,Kumamoto,,,,熊本市,クマモトシ,Kumamoto-shi,中央区,チュウオウク,Chuo-ku,世安,ヨヤス,,２丁目,２チョウメ,2,,,,,1,1,0,0,0,0,1,1,2021-11-28,,0,,,,,,,,,,,,,,,,
431010,0110003,2,熊本県,クマモトケン,Kumamoto,,,,熊本市,クマモトシ,Kumamoto-shi,中央区,チュウオウク,Chuo-ku,世安,ヨヤス,,３丁目,３チョウメ,3,,,,,1,1,0,0,0,0,1,1,2021-11-28,,0,,,,,,,,,,,,,,,,
431010,0112000,1,熊本県,クマモトケン,Kumamoto,,,,熊本市,クマモトシ,Kumamoto-shi,中央区,チュウオウク,Chuo-ku,京町本丁,キヨウマチホンチヨウ,,,,,,,,,1,1,0,0,0,0,1,0,1947-04-17,,1,,,,,,,,,,,,,,,,
431028,0001001,2,熊本県,クマモトケン,Kumamoto,,,,熊本市,クマモトシ,Kumamoto-shi,東区,ヒガシク,Higashi-ku,秋津,アキツ,Akitsu,１丁目,１チョウメ,1,,,,,1,1,0,0,0,0,1,1,1947-04-17,,0,,,,,,,,,,,,,,,,
431028,0001002,2,熊本県,クマモトケン,Kumamoto,,,,熊本市,クマモトシ,Kumamoto-shi,東区,ヒガシク,Higashi-ku,秋津,アキツ,Akitsu,２丁目,２チョウメ,2,,,,,1,1,0,0,0,0,1,1,1947-04-17,,0,,,,,,,,,,,,,,,,
431028,0001003,2,熊本県,クマモトケン,Kumamoto,,,,熊本市,クマモトシ,Kumamoto-shi,東区,ヒガシク,Higashi-ku,秋津,アキツ,Akitsu,３丁目,３チョウメ,3,,,,,1,1,0,0,0,0,1,1,1947-04-17,,0,,,,,,,,,,,,,,,,
431028,0002000,1,熊本県,クマモトケン,Kumamoto,,,,熊本市,クマモトシ,Kumamoto-shi,東区,ヒガシク,Higashi-ku,秋津新町,アキツシンマチ,Akitsushimmachi,,,,,,,,1,1,0,0,0,0,1,1,1947-04-17,,0,8612107,,,,,,,,,,,,,,,
431028,0003000,1,熊本県,クマモトケン,Kumamoto,,,,熊本市,クマモトシ,Kumamoto-shi,東区,ヒガシク,Higashi-ku,秋津町秋田,アキツマチアキタ,Akitsumachi Akita,,,,,,,,0,0,0,0,0,0,1,1,1947-04-17,,0,8612105,,,,,,,,,,,,,,,
431028,0004000,1,熊本県,クマモトケン,Kumamoto,,,,熊本市,クマモトシ,Kumamoto-shi,東区,ヒガシク,Higashi-ku,秋津町沼山津,アキツマチヌヤマヅ,,,,,,,,,0,0,0,0,0,0,1,1,1947-04-17,,0,,,,,,,,,,,,,,,,
431028,0005001,2,熊本県,クマモトケン,Kumamoto,,,,熊本市,クマモトシ,Kumamoto-shi,東区,ヒガシク,Higashi-ku,石原,イシワラ,Ishiwara,１丁目,１チョウメ,1,,,,,1,1,0,0,0,0,1,1,1947-04-17,,0,,,,,,,,,,,,,,,,
431028,0005002,2,熊本県,クマモトケン,Kumamoto,,,,熊本市,クマモトシ,Kumamoto-shi,東区,ヒガシク,Higashi-ku,石原,イシワラ,Ishiwara,２丁目,２チョウメ,2,,,,,1,1,0,0,0,0,1,1,1947-04-17,,0,,,,,,,,,,,,,,,,
431028,0005003,2,熊本県,クマモトケン,Kumamoto,,,,熊本市,クマモトシ,Kumamoto-shi,東区,ヒガシク,Higashi-ku,石原,イシワラ,Ishiwara,３丁目,３チョウメ,3,,,,,1,1,0,0,0,0,1,1,1947-04-17,,0,,,,,,,,,,,,,,,,
431028,0006000,1,熊本県,クマモトケン,Kumamoto,,,,熊本市,クマモトシ,Kumamoto-shi,東区,ヒガシク,Higashi-ku,石原町,イシワラマチ,Ishiwaramachi,,,,,,,,0,0,0,0,0,0,1,1,1947-04-17,,0,8618014,,,,,,,,,,,,,,,
431028,0007004,2,熊本県,クマモトケン,Kumamoto,,,,熊本市,クマモトシ,Kumamoto-shi,東区,ヒガシク,Higashi-ku,出水,イズミ,Izumi,４丁目,４チョウメ,4,,,,,1,1,0,0,0,0,1,1,1947-04-17,,0,,,,,,,,,,,,,,,,
431028,0008001,2,熊本県,クマモトケン,Kumamoto,,,,熊本市,クマモトシ,Kumamoto-shi,東区,ヒガシク,Higashi-ku,画図東,エズヒガシ,Ezuhigashi,１丁目,１チョウメ,1,,,,,1,1,0,0,0,0,1,1,1947-04-17,,0,,,,,,,,,,,,,,,,
431028,0008002,2,熊本県,クマモトケン,Kumamoto,,,,熊本市,クマモトシ,Kumamoto-shi,東区,ヒガシク,Higashi-ku,画図東,エズヒガシ,Ezuhigashi,２丁目,２チョウメ,2,,,,,1,1,0,0,0,0,1,1,1947-04-17,,0,,,,,,,,,,,,,,,,
431028,0009000,1,熊本県,クマモトケン,Kumamoto,,,,熊本市,クマモトシ,Kumamoto-shi,東区,ヒガシク,Higashi-ku,画図町大字上無田,エズマチオオアザカミムタ,,,,,,,,,0,0,0,0,0,0,1,1,1947-04-17,,0,,,,,,,,,,,,,,,,
431028,0010000,1,熊本県,クマモトケン,Kumamoto,,,,熊本市,クマモトシ,Kumamoto-shi,東区,ヒガシク,Higashi-ku,画図町大字重富,エズマチオオアザシゲドミ,,,,,,,,,0,0,0,0,0,0,1,1,1947-04-17,,0,,,,,,,,,,,,,,,,
431028,0011000,1,熊本県,クマモトケン,Kumamoto,,,,熊本市,クマモトシ,Kumamoto-shi,東区,ヒガシク,Higashi-ku,画図町大字下無田,エズマチオオアザシモムタ,,,,,,,,,0,0,0,0,0,0,1,1,1947-04-17,,0,,,,,,,,,,,,,,,,
431028,0012001,2,熊本県,クマモトケン,Kumamoto,,,,熊本市,クマモトシ,Kumamoto-shi,東区,ヒガシク,Higashi-ku,江津,エヅ,Ezu,１丁目,１チョウメ,1,,,,,1,1,0,0,0,0,1,1,1947-04-17,,0,,,,,,,,,,,,,,,,
431028,0012002,2,熊本県,クマモトケン,Kumamoto,,,,熊本市,クマモトシ,Kumamoto-shi,東区,ヒガシク,Higashi-ku,江津,エヅ,Ezu,２丁目,２チョウメ,2,,,,,1,1,0,0,0,0,1,1,1947-04-17,,0,,,,,,,,,,,,,,,,
431028,0012003,2,熊本県,クマモトケン,Kumamoto,,,,熊本市,クマモトシ,Kumamoto-shi,東区,ヒガシク,Higashi-ku,江津,エヅ,Ezu,３丁目,３チョウメ,3,,,,,1,1,0,0,0,0,1,1,1947-04-17,,0,,,,,,,,,,,,,,,,
431028,0012004,2,熊本県,クマモトケン,Kumamoto,,,,熊本市,クマモトシ,Kumamoto-shi,東区,ヒガシク,Higashi-ku,江津,エヅ,Ezu,４丁目,４チョウメ,4,,,,,1,1,0,0,0,0,1,1,1947-04-17,,0,,,,,,,,,,,,,,,,
431028,0013000,1,熊本県,クマモトケン,Kumamoto,,,,熊本市,クマモトシ,Kumamoto-shi,東区,ヒガシク,Higashi-ku,榎町,エノキマチ,Enokimachi,,,,,,,,1,1,0,0,0,0,1,1,1947-04-17,,0,8620917,,,,,,,,,,,,,,,
431028,0014001,2,熊本県,クマモトケン,Kumamoto,,,,熊本市,クマモトシ,Kumamoto-shi,東区,ヒガシク,Higashi-ku,尾ノ上,オノウエ,Onoe,１丁目,１チョウメ,1,,,,,1,1,0,0,0,0,1,1,1947-04-17,,0,,,,,,,,,,,,,,,,
431028,0014002,2,熊本県,クマモトケン,Kumamoto,,,,熊本市,クマモトシ,Kumamoto-shi,東区,ヒガシク,Higashi-ku,尾ノ上,オノウエ,Onoe,２丁目,２チョウメ,2,,,,,1,1,0,0,0,0,1,1,1947-04-17,,0,,,,,,,,,,,,,,,,
431028,0014003,2,熊本県,クマモトケン,Kumamoto,,,,熊本市,クマモトシ,Kumamoto-shi,東区,ヒガシク,Higashi-ku,尾ノ上,オノウエ,Onoe,３丁目,３チョウメ,3,,,,,1,1,0,0,0,0,1,1,1947-04-17,,0,,,,,,,,,,,,,,,,
431028,0014004,2,熊本県,クマモトケン,Kumamoto,,,,熊本市,クマモトシ,Kumamoto-shi,東区,ヒガシク,Higashi-ku,尾ノ上,オノウエ,Onoe,４丁目,４チョウメ,4,,,,,1,1,0,0,0,0,1,1,1947-04-17,,0,,,,,,,,,,,,,,,,
431028,0015004,2,熊本県,クマモトケン,Kumamoto,,,,熊本市,クマモトシ,Kumamoto-shi,東区,ヒガシク,Higashi-ku,帯山,オビヤマ,Obiyama,４丁目,４チョウメ,4,,,,,1,1,0,0,0,0,1,1,1947-04-17,,0,,,,,,,,,,,,,,,,
431028,0016001,2,熊本県,クマモトケン,Kumamoto,,,,熊本市,クマモトシ,Kumamoto-shi,東区,ヒガシク,Higashi-ku,小峯,オミネ,Omine,１丁目,１チョウメ,1,,,,,1,1,0,0,0,0,1,1,1947-04-17,,0,,,,,,,,,,,,,,,,
431028,0016002,2,熊本県,クマモトケン,Kumamoto,,,,熊本市,クマモトシ,Kumamoto-shi,東区,ヒガシク,Higashi-ku,小峯,オミネ,Omine,２丁目,２チョウメ,2,,,,,1,1,0,0,0,0,1,1,1947-04-17,,0,,,,,,,,,,,,,,,,
431028,0016003,2,熊本県,クマモトケン,Kumamoto,,,,熊本市,クマモトシ,Kumamoto-shi,東区,ヒガシク,Higashi-ku,小峯,オミネ,Omine,３丁目,３チョウメ,3,,,,,1,1,0,0,0,0,1,1,1947-04-17,,0,,,,,,,,,,,,,,,,
431028,0016004,2,熊本県,クマモトケン,Kumamoto,,,,熊本市,クマモトシ,Kumamoto-shi,東区,ヒガシク,Higashi-ku,小峯,オミネ,Omine,４丁目,４チョウメ,4,,,,,1,1,0,0,0,0,1,1,1947-04-17,,0,,,,,,,,,,,,,,,,
431028,0017001,2,熊本県,クマモトケン,Kumamoto,,,,熊本市,クマモトシ,Kumamoto-shi,東区,ヒガシク,Higashi-ku,小山,オヤマ,Oyama,１丁目,１チョウメ,1,,,,,1,1,0,0,0,0,1,1,1947-04-17,,0,,,,,,,,,,,,,,,,
431028,0017002,2,熊本県,クマモトケン,Kumamoto,,,,熊本市,クマモトシ,Kumamoto-shi,東区,ヒガシク,Higashi-ku,小山,オヤマ,Oyama,２丁目,２チョウメ,2,,,,,1,1,0,0,0,0,1,1,1947-04-17,,0,,,,,,,,,,,,,,,,
431028,0017003,2,熊本県,クマモトケン,Kumamoto,,,,熊本市,クマモトシ,Kumamoto-shi,東区,ヒガシク,Higashi-ku,小山,オヤマ,Oyama,３丁目,３チョウメ,3,,,,,1,1,0,0,0,0,1,1,1947-04-17,,0,,,,,,,,,,,,,,,,
431028,0017004,2,熊本県,クマモトケン,Kumamoto,,,,熊本市,クマモトシ,Kumamoto-shi,東区,ヒガシク,Higashi-ku,小山,オヤマ,Oyama,４丁目,４チョウメ,4,,,,,1,1,0,0,0,0,1,1,1947-04-17,,0,,,,,,,,,,,,,,,,
431028,0017005,2,熊本県,クマモトケン,Kumamoto,,,,熊本市,クマモトシ,Kumamoto-shi,東区,ヒガシク,Higashi-ku,小山,オヤマ,Oyama,５丁目,５チョウメ,5,,,,,1,1,0,0,0,0,1,1,1947-04-17,,0,,,,,,,,,,,,,,,,
431028,0017006,2,熊本県,クマモトケン,Kumamoto,,,,熊本市,クマモトシ,Kumamoto-shi,東区,ヒガシク,Higashi-ku,小山,オヤマ,Oyama,６丁目,６チョウメ,6,,,,,1,1,0,0,0,0,1,1,1947-04-17,,0,,,,,,,,,,,,,,,,
431028,0017007,2,熊本県,クマモトケン,Kumamoto,,,,熊本市,クマモトシ,Kumamoto-shi,東区,ヒガシク,Higashi-ku,小山,オヤマ,Oyama,７丁目,７チョウメ,7,,,,,1,1,0,0,0,0,1,1,1947-04-17,,0,,,,,,,,,,,,,,,,
431028,0018000,1,熊本県,クマモトケン,Kumamoto,,,,熊本市,クマモトシ,Kumamoto-shi,東区,ヒガシク,Higashi-ku,小山町,オヤママチ,Oyamamachi,,,,,,,,0,0,0,0,0,0,1,1,1947-04-17,,0,8618030,,,,,,,,,,,,,,,
431028,0019000,1,熊本県,クマモトケン,Kumamoto,,,,熊本市,クマモトシ,Kumamoto-shi,東区,ヒガシク,Higashi-ku,鹿帰瀬町,カキゼマチ,Kakizemachi,,,,,,,,0,0,0,0,0,0,1,1,1947-04-17,,0,8618011,,,,,,,,,,,,,,,
431028,0020001,2,熊本県,クマモトケン,Kumamoto,,,,熊本市,クマモトシ,Kumamoto-shi,東区,ヒガシク,Higashi-ku,上南部,カミナベ,Kaminabe,１丁目,１チョウメ,1,,,,,1,1,0,0,0,0,1,1,1947-04-17,,0,,,,,,,,,,,,,,,,
431028,0020002,2,熊本県,クマモトケン,Kumamoto,,,,熊本市,クマモトシ,Kumamoto-shi,東区,ヒガシク,Higashi-ku,上南部,カミナベ,Kaminabe,２丁目,２チョウメ,2,,,,,1,1,0,0,0,0,1,1,1947-04-17,,0,,,,,,,,,,,,,,,,
431028,0020003,2,熊本県,クマモトケン,Kumamoto,,,,熊本市,クマモトシ,Kumamoto-shi,東区,ヒガシク,Higashi-ku,上南部,カミナベ,Kaminabe,３丁目,３チョウメ,3,,,,,1,1,0,0,0,0,1,1,1947-04-17,,0,,,,,,,,,,,,,,,,
431028,0020004,2,熊本県,クマモトケン,Kumamoto,,,,熊本市,クマモトシ,Kumamoto-shi,東区,ヒガシク,Higashi-ku,上南部,カミナベ,Kaminabe,４丁目,４チョウメ,4,,,,,1,1,0,0,0,0,1,1,1947-04-17,,0,,,,,,,,,,,,,,,,
431028,0021000,1,熊本県,クマモトケン,Kumamoto,,,,熊本市,クマモトシ,Kumamoto-shi,東区,ヒガシク,Higashi-ku,上南部町,カミナベマチ,Kaminabemachi,,,,,,,,0,0,0,0,0,0,1,1,1947-04-17,,0,8618017,,,,,,,,,,,,,,,
431028,0022000,1,熊本県,クマモトケン,Kumamoto,,,,熊本市,クマモトシ,Kumamoto-shi,東区,ヒガシク,Higashi-ku,京塚本町,キョウヅカホンマチ,Kyozukahommachi,,,,,,,,1,1,0,0,0,0,1,1,1947-04-17,,0,8620952,,,,,,,,,,,,,,,
431028,0023000,1,熊本県,クマモトケン,Kumamoto,,,,熊本市,クマモトシ,Kumamoto-shi,東区,ヒガシク,Higashi-ku,神水本町,クワミズホンマチ,Kuwamizuhommachi,,,,,,,,1,1,0,0,0,0,1,1,1947-04-17,,0,8620955,,,,,,,,,,,,,,,
431028,0024001,2,熊本県,クマモトケン,Kumamoto,,,,熊本市,クマモトシ,Kumamoto-shi,東区,ヒガシク,Higashi-ku,健軍,ケングン,Kengun,１丁目,１チョウメ,1,,,,,1,1,0,0,0,0,1,1,1947-04-17,,0,,,,,,,,,,,,,,,,
431028,0024002,2,熊本県,クマモトケン,Kumamoto,,,,熊本市,クマモトシ,Kumamoto-shi,東区,ヒガシク,Higashi-ku,健軍,ケングン,Kengun,２丁目,２チョウメ,2,,,,,1,1,0,0,0,0,1,1,1947-04-17,,0,,,,,,,,,,,,,,,,
431028,0024003,2,熊本県,クマモトケン,Kumamoto,,,,熊本市,クマモトシ,Kumamoto-shi,東区,ヒガシク,Higashi-ku,健軍,ケングン,Kengun,３丁目,３チョウメ,3,,,,,1,1,0,0,0,0,1,1,1947-04-17,,0,,,,,,,,,,,,,,,,
431028,0024004,2,熊本県,クマモトケン,Kumamoto,,,,熊本市,クマモトシ,Kumamoto-shi,東区,ヒガシク,Higashi-ku,健軍,ケングン,Kengun,４丁目,４チョウメ,4,,,,,1,1,0,0,0,0,1,1,1947-04-17,,0,,,,,,,,,,,,,,,,
431028,0024005,2,熊本県,クマモトケン,Kumamoto,,,,熊本市,クマモトシ,Kumamoto-shi,東区,ヒガシク,Higashi-ku,健軍,ケングン,Kengun,５丁目,５チョウメ,5,,,,,1,1,0,0,0,0,1,1,1947-04-17,,0,,,,,,,,,,,,,,,,
431028,0025000,1,熊本県,クマモトケン,Kumamoto,,,,熊本市,クマモトシ,Kumamoto-shi,東区,ヒガシク,Higashi-ku,健軍本町,ケングンホンマチ,Kengunhommachi,,,,,,,,1,1,0,0,0,0,1,1,1947-04-17,,0,8620910,,,,,,,,,,,,,,,
431028,0026001,2,熊本県,クマモトケン,Kumamoto,,,,熊本市,クマモトシ,Kumamoto-shi,東区,ヒガシク,Higashi-ku,神園,コウゾノ,Kozono,１丁目,１チョウメ,1,,,,,1,1,0,0,0,0,1,1,1947-04-17,,0,,,,,,,,,,,,,,,,
431028,0026002,2,熊本県,クマモトケン,Kumamoto,,,,熊本市,クマモトシ,Kumamoto-shi,東区,ヒガシク,Higashi-ku,神園,コウゾノ,Kozono,２丁目,２チョウメ,2,,,,,1,1,0,0,0,0,1,1,1947-04-17,,0,,,,,,,,,,,,,,,,
431028,0027001,2,熊本県,クマモトケン,Kumamoto,,,,熊本市,クマモトシ,Kumamoto-shi,東区,ヒガシク,Higashi-ku,湖東,コトウ,Koto,１丁目,１チョウメ,1,,,,,1,1,0,0,0,0,1,1,1947-04-17,,0,,,,,,,,,,,,,,,,
431028,0027002,2,熊本県,クマモトケン,Kumamoto,,,,熊本市,クマモトシ,Kumamoto-shi,東区,ヒガシク,Higashi-ku,湖東,コトウ,Koto,２丁目,２チョウメ,2,,,,,1,1,0,0,0,0,1,1,1947-04-17,,0,,,,,,,,,,,,,,,,
431028,0027003,2,熊本県,クマモトケン,Kumamoto,,,,熊本市,クマモトシ,Kumamoto-shi,東区,ヒガシク,Higashi-ku,湖東,コトウ,Koto,３丁目,３チョウメ,3,,,,,1,1,0,0,0,0,1,1,1947-04-17,,0,,,,,,,,,,,,,,,,
431028,0028001,2,熊本県,クマモトケン,Kumamoto,,,,熊本市,クマモトシ,Kumamoto-shi,東区,ヒガシク,Higashi-ku,御領,ゴリョウ,Goryo,１丁目,１チョウメ,1,,,,,1,1,0,0,0,0,1,1,1947-04-17,,0,,,,,,,,,,,,,,,,
431028,0028002,2,熊本県,クマモトケン,Kumamoto,,,,熊本市,クマモトシ,Kumamoto-shi,東区,ヒガシク,Higashi-ku,御領,ゴリョウ,Goryo,２丁目,２チョウメ,2,,,,,1,1,0,0,0,0,1,1,1947-04-17,,0,,,,,,,,,,,,,,,,
431028,0028003,2,熊本県,クマモトケン,Kumamoto,,,,熊本市,クマモトシ,Kumamoto-shi,東区,ヒガシク,Higashi-ku,御領,ゴリョウ,Goryo,３丁目,３チョウメ,3,,,,,1,1,0,0,0,0,1,1,1947-04-17,,0,,,,,,,,,,,,,,,,
431028,0028004,2,熊本県,クマモトケン,Kumamoto,,,,熊本市,クマモトシ,Kumamoto-shi,東区,ヒガシク,Higashi-ku,御領,ゴリョウ,Goryo,４丁目,４チョウメ,4,,,,,1,1,0,0,0,0,1,1,1947-04-17,,0,,,,,,,,,,,,,,,,
431028,0028005,2,熊本県,クマモトケン,Kumamoto,,,,熊本市,クマモトシ,Kumamoto-shi,東区,ヒガシク,Higashi-ku,御領,ゴリョウ,Goryo,５丁目,５チョウメ,5,,,,,1,1,0,0,0,0,1,1,1947-04-17,,0,,,,,,,,,,,,,,,,
431028,0028006,2,熊本県,クマモトケン,Kumamoto,,,,熊本市,クマモトシ,Kumamoto-shi,東区,ヒガシク,Higashi-ku,御領,ゴリョウ,Goryo,６丁目,６チョウメ,6,,,,,1,1,0,0,0,0,1,1,1947-04-17,,0,,,,,,,,,,,,,,,,
431028,0028007,2,熊本県,クマモトケン,Kumamoto,,,,熊本市,クマモトシ,Kumamoto-shi,東区,ヒガシク,Higashi-ku,御領,ゴリョウ,Goryo,７丁目,７チョウメ,7,,,,,1,1,0,0,0,0,1,1,1947-04-17,,0,,,,,,,,,,,,,,,,
431028,0028008,2,熊本県,クマモトケン,Kumamoto,,,,熊本市,クマモトシ,Kumamoto-shi,東区,ヒガシク,Higashi-ku,御領,ゴリョウ,Goryo,８丁目,８チョウメ,8,,,,,1,1,0,0,0,0,1,1,1947-04-17,,0,,,,,,,,,,,,,,,,
431028,0029000,1,熊本県,クマモトケン,Kumamoto,,,,熊本市,クマモトシ,Kumamoto-shi,東区,ヒガシク,Higashi-ku,栄町,サカエマチ,Sakaemachi,,,,,,,,1,1,0,0,0,0,1,1,1947-04-17,,0,8620904,,,,,,,,,,,,,,,
431028,0030001,2,熊本県,クマモトケン,Kumamoto,,,,熊本市,クマモトシ,Kumamoto-shi,東区,ヒガシク,Higashi-ku,桜木,サクラギ,Sakuragi,１丁目,１チョウメ,1,,,,,1,1,0,0,0,0,1,1,1947-04-17,,0,,,,,,,,,,,,,,,,
431028,0030002,2,熊本県,クマモトケン,Kumamoto,,,,熊本市,クマモトシ,Kumamoto-shi,東区,ヒガシク,Higashi-ku,桜木,サクラギ,Sakuragi,２丁目,２チョウメ,2,,,,,1,1,0,0,0,0,1,1,1947-04-17,,0,,,,,,,,,,,,,,,,
431028,0030003,2,熊本県,クマモトケン,Kumamoto,,,,熊本市,クマモトシ,Kumamoto-shi,東区,ヒガシク,Higashi-ku,桜木,サクラギ,Sakuragi,３丁目,３チョウメ,3,,,,,1,1,0,0,0,0,1,1,1947-04-17,,0,,,,,,,,,,,,,,,,
431028,0030004,2,熊本県,クマモトケン,Kumamoto,,,,熊本市,クマモトシ,Kumamoto-shi,東区,ヒガシク,Higashi-ku,桜木,サクラギ,Sakuragi,４丁目,４チョウメ,4,,,,,1,1,0,0,0,0,1,1,1947-04-17,,0,,,,,,,,,,,,,,,,
431028,0030005,2,熊本県,クマモトケン,Kumamoto,,,,熊本市,クマモトシ,Kumamoto-shi,東区,ヒガシク,Higashi-ku,桜木,サクラギ,Sakuragi,５丁目,５チョウメ,5,,,,,1,1,0,0,0,0,1,1,1947-04-17,,0,,,,,,,,,,,,,,,,
431028,0030006,2,熊本県,クマモトケン,Kumamoto,,,,熊本市,クマモトシ,Kumamoto-shi,東区,ヒガシク,Higashi-ku,桜木,サクラギ,Sakuragi,６丁目,６チョウメ,6,,,,,1,1,0,0,0,0,1,1,1947-04-17,,0,,,,,,,,,,,,,,,,
431028,0031001,2,熊本県,クマモトケン,Kumamoto,,,,熊本市,クマモトシ,Kumamoto-shi,東区,ヒガシク,Higashi-ku,佐土原,サドワラ,Sadowara,１丁目,１チョウメ,1,,,,,1,1,0,0,0,0,1,1,1947-04-17,,0,,,,,,,,,,,,,,,,
431028,0031002,2,熊本県,クマモトケン,Kumamoto,,,,熊本市,クマモトシ,Kumamoto-shi,東区,ヒガシク,Higashi-ku,佐土原,サドワラ,Sadowara,２丁目,２チョウメ,2,,,,,1,1,0,0,0,0,1,1,1947-04-17,,0,,,,,,,,,,,,,,,,
431028,0031003,2,熊本県,クマモトケン,Kumamoto,,,,熊本市,クマモトシ,Kumamoto-shi,東区,ヒガシク,Higashi-ku,佐土原,サドワラ,Sadowara,３丁目,３チョウメ,3,,,,,1,1,0,0,0,0,1,1,1947-04-17,,0,,,,,,,,,,,,,,,,
431028,0032001,2,熊本県,クマモトケン,Kumamoto,,,,熊本市,クマモトシ,Kumamoto-shi,東区,ヒガシク,Higashi-ku,三郎,サブロウ,Saburo,１丁目,１チョウメ,1,,,,,1,1,0,0,0,0,1,1,1947-04-17,,0,,,,,,,,,,,,,,,,
431028,0032002,2,熊本県,クマモトケン,Kumamoto,,,,熊本市,クマモトシ,Kumamoto-shi,東区,ヒガシク,Higashi-ku,三郎,サブロウ,Saburo,２丁目,２チョウメ,2,,,,,1,1,0,0,0,0,1,1,1947-04-17,,0,,,,,,,,,,,,,,,,
431028,0033001,2,熊本県,クマモトケン,Kumamoto,,,,熊本市,クマモトシ,Kumamoto-shi,東区,ヒガシク,Higashi-ku,下江津,シモエヅ,Shimoezu,１丁目,１チョウメ,1,,,,,1,1,0,0,0,0,1,1,1947-04-17,,0,,,,,,,,,,,,,,,,
431028,0033002,2,熊本県,クマモトケン,Kumamoto,,,,熊本市,クマモトシ,Kumamoto-shi,東区,ヒガシク,Higashi-ku,下江津,シモエヅ,Shimoezu,２丁目,２チョウメ,2,,,,,1,1,0,0,0,0,1,1,1947-04-17,,0,,,,,,,,,,,,,,,,
431028,0033003,2,熊本県,クマモトケン,Kumamoto,,,,熊本市,クマモトシ,Kumamoto-shi,東区,ヒガシク,Higashi-ku,下江津,シモエヅ,Shimoezu,３丁目,３チョウメ,3,,,,,1,1,0,0,0,0,1,1,1947-04-17,,0,,,,,,,,,,,,,,,,
431028,0033004,2,熊本県,クマモトケン,Kumamoto,,,,熊本市,クマモトシ,Kumamoto-shi,東区,ヒガシク,Higashi-ku,下江津,シモエヅ,Shimoezu,４丁目,４チョウメ,4,,,,,1,1,0,0,0,0,1,1,1947-04-17,,0,,,,,,,,,,,,,,,,
431028,0033005,2,熊本県,クマモトケン,Kumamoto,,,,熊本市,クマモトシ,Kumamoto-shi,東区,ヒガシク,Higashi-ku,下江津,シモエヅ,Shimoezu,５丁目,５チョウメ,5,,,,,1,1,0,0,0,0,1,1,1947-04-17,,0,,,,,,,,,,,,,,,,
431028,0033006,2,熊本県,クマモトケン,Kumamoto,,,,熊本市,クマモトシ,Kumamoto-shi,東区,ヒガシク,Higashi-ku,下江津,シモエヅ,Shimoezu,６丁目,６チョウメ,6,,,,,1,1,0,0,0,0,1,1,1947-04-17,,0,,,,,,,,,,,,,,,,
431028,0033007,2,熊本県,クマモトケン,Kumamoto,,,,熊本市,クマモトシ,Kumamoto-shi,東区,ヒガシク,Higashi-ku,下江津,シモエヅ,Shimoezu,７丁目,７チョウメ,7,,,,,1,1,0,0,0,0,1,1,1947-04-17,,0,,,,,,,,,,,,,,,,
431028,0033008,2,熊本県,クマモトケン,Kumamoto,,,,熊本市,クマモトシ,Kumamoto-shi,東区,ヒガシク,Higashi-ku,下江津,シモエヅ,Shimoezu,８丁目,８チョウメ,8,,,,,1,1,0,0,0,0,1,1,1947-04-17,,0,,,,,,,,,,,,,,,,
431028,0034001,2,熊本県,クマモトケン,Kumamoto,,,,熊本市,クマモトシ,Kumamoto-shi,東区,ヒガシク,Higashi-ku,下南部,シモナベ,Shimonabe,１丁目,１チョウメ,1,,,,,1,1,0,0,0,0,1,1,1947-04-17,,0,,,,,,,,,,,,,,,,
431028,0034002,2,熊本県,クマモトケン,Kumamoto,,,,熊本市,クマモトシ,Kumamoto-shi,東区,ヒガシク,Higashi-ku,下南部,シモナベ,Shimonabe,２丁目,２チョウメ,2,,,,,1,1,0,0,0,0,1,1,1947-04-17,,0,,,,,,,,,,,,,,,,
431028,0034003,2,熊本県,クマモトケン,Kumamoto,,,,熊本市,クマモトシ,Kumamoto-shi,東区,ヒガシク,Higashi-ku,下南部,シモナベ,Shimonabe,３丁目,３チョウメ,3,,,,,1,1,0,0,0,0,1,1,1947-04-17,,0,,,,,,,,,,,,,,,,
431028,0035000,1,熊本県,クマモトケン,Kumamoto,,,,熊本市,クマモトシ,Kumamoto-shi,東区,ヒガシク,Higashi-ku,昭和町,ショウワマチ,Showamachi,,,,,,,,1,1,0,0,0,0,1,1,1947-04-17,,0,8612108,,,,,,,,,,,,,,,
431028,0036001,2,熊本県,クマモトケン,Kumamoto,,,,熊本市,クマモトシ,Kumamoto-shi,東区,ヒガシク,Higashi-ku,新生,シンセイ,Shinsei,１丁目,１チョウメ,1,,,,,1,1,0,0,0,0,1,1,1947-04-17,,0,,,,,,,,,,,,,,,,
431028,0036002,2,熊本県,クマモトケン,Kumamoto,,,,熊本市,クマモトシ,Kumamoto-shi,東区,ヒガシク,Higashi-ku,新生,シンセイ,Shinsei,２丁目,２チョウメ,2,,,,,1,1,0,0,0,0,1,1,1947-04-17,,0,,,,,,,,,,,,,,,,
431028,0037001,2,熊本県,クマモトケン,Kumamoto,,,,熊本市,クマモトシ,Kumamoto-shi,東区,ヒガシク,Higashi-ku,新南部,シンナベ,Shinnabe,１丁目,１チョウメ,1,,,,,1,1,0,0,0,0,1,1,1947-04-17,,0,,,,,,,,,,,,,,,,
431028,0037002,2,熊本県,クマモトケン,Kumamoto,,,,熊本市,クマモトシ,Kumamoto-shi,東区,ヒガシク,Higashi-ku,新南部,シンナベ,Shinnabe,２丁目,２チョウメ,2,,,,,1,1,0,0,0,0,1,1,1947-04-17,,0,,,,,,,,,,,,,,,,
431028,0037003,2,熊本県,クマモトケン,Kumamoto,,,,熊本市,クマモトシ,Kumamoto-shi,東区,ヒガシク,Higashi-ku,新南部,シンナベ,Shinnabe,３丁目,３チョウメ,3,,,,,1,1,0,0,0,0,1,1,1947-04-17,,0,,,,,,,,,,,,,,,,
431028,0037004,2,熊本県,クマモトケン,Kumamoto,,,,熊本市,クマモトシ,Kumamoto-shi,東区,ヒガシク,Higashi-ku,新南部,シンナベ,Shinnabe,４丁目,４チョウメ,4,,,,,1,1,0,0,0,0,1,1,1947-04-17,,0,,,,,,,,,,,,,,,,
431028,0037005,2,熊本県,クマモトケン,Kumamoto,,,,熊本市,クマモトシ,Kumamoto-shi,東区,ヒガシク,Higashi-ku,新南部,シンナベ,Shinnabe,５丁目,５チョウメ,5,,,,,1,1,0,0,0,0,1,1,1947-04-17,,0,,,,,,,,,,,,,,,,
431028,0037006,2,熊本県,クマモトケン,Kumamoto,,,,熊本市,クマモトシ,Kumamoto-shi,東区,ヒガシク,Higashi-ku,新南部,シンナベ,Shinnabe,６丁目,６チョウメ,6,,,,,1,1,0,0,0,0,1,1,1947-04-17,,0,,,,,,,,,,,,,,,,
431028,0038001,2,熊本県,クマモトケン,Kumamoto,,,,熊本市,クマモトシ,Kumamoto-shi,東区,ヒガシク,Higashi-ku,新外,シンホカ,Shinhoka,１丁目,１チョウメ,1,,,,,1,1,0,0,0,0,1,1,1947-04-17,,0,,,,,,,,,,,,,,,,
431028,0038002,2,熊本県,クマモトケン,Kumamoto,,,,熊本市,クマモトシ,Kumamoto-shi,東区,ヒガシク,Higashi-ku,新外,シンホカ,Shinhoka,２丁目,２チョウメ,2,,,,,1,1,0,0,0,0,1,1,1947-04-17,,0,,,,,,,,,,,,,,,,
431028,0038003,2,熊本県,クマモトケン,Kumamoto,,,,熊本市,クマモトシ,Kumamoto-shi,東区,ヒガシク,Higashi-ku,新外,シンホカ,Shinhoka,３丁目,３チョウメ,3,,,,,1,1,0,0,0,0,1,1,1947-04-17,,0,,,,,,,,,,,,,,,,
431028,0038004,2,熊本県,クマモトケン,Kumamoto,,,,熊本市,クマモトシ,Kumamoto-shi,東区,ヒガシク,Higashi-ku,新外,シンホカ,Shinhoka,４丁目,４チョウメ,4,,,,,1,1,0,0,0,0,1,1,1947-04-17,,0,,,,,,,,,,,,,,,,
431028,0039001,2,熊本県,クマモトケン,Kumamoto,,,,熊本市,クマモトシ,Kumamoto-shi,東区,ヒガシク,Higashi-ku,水源,スイゲン,Suigen,１丁目,１チョウメ,1,,,,,1,1,0,0,0,0,1,1,1947-04-17,,0,,,,,,,,,,,,,,,,
431028,0039002,2,熊本県,クマモトケン,Kumamoto,,,,熊本市,クマモトシ,Kumamoto-shi,東区,ヒガシク,Higashi-ku,水源,スイゲン,Suigen,２丁目,２チョウメ,2,,,,,1,1,0,0,0,0,1,1,1947-04-17,,0,,,,,,,,,,,,,,,,
431028,0040001,2,熊本県,クマモトケン,Kumamoto,,,,熊本市,クマモトシ,Kumamoto-shi,東区,ヒガシク,Higashi-ku,月出,ツキデ,Tsukide,１丁目,１チョウメ,1,,,,,1,1,0,0,0,0,1,1,1947-04-17,,0,,,,,,,,,,,,,,,,
431028,0040002,2,熊本県,クマモトケン,Kumamoto,,,,熊本市,クマモトシ,Kumamoto-shi,東区,ヒガシク,Higashi-ku,月出,ツキデ,Tsukide,２丁目,２チョウメ,2,,,,,1,1,0,0,0,0,1,1,1947-04-17,,0,,,,,,,,,,,,,,,,
431028,0040003,2,熊本県,クマモトケン,Kumamoto,,,,熊本市,クマモトシ,Kumamoto-shi,東区,ヒガシク,Higashi-ku,月出,ツキデ,Tsukide,３丁目,３チョウメ,3,,,,,1,1,0,0,0,0,1,1,1947-04-17,,0,,,,,,,,,,,,,,,,
431028,0040004,2,熊本県,クマモトケン,Kumamoto,,,,熊本市,クマモトシ,Kumamoto-shi,東区,ヒガシク,Higashi-ku,月出,ツキデ,Tsukide,４丁目,４チョウメ,4,,,,,1,1,0,0,0,0,1,1,1947-04-17,,0,,,,,,,,,,,,,,,,
431028,0040005,2,熊本県,クマモトケン,Kumamoto,,,,熊本市,クマモトシ,Kumamoto-shi,東区,ヒガシク,Higashi-ku,月出,ツキデ,Tsukide,５丁目,５チョウメ,5,,,,,1,1,0,0,0,0,1,1,1947-04-17,,0,,,,,,,,,,,,,,,,
431028,0040006,2,熊本県,クマモトケン,Kumamoto,,,,熊本市,クマモトシ,Kumamoto-shi,東区,ヒガシク,Higashi-ku,月出,ツキデ,Tsukide,６丁目,６チョウメ,6,,,,,1,1,0,0,0,0,1,1,1947-04-17,,0,,,,,,,,,,,,,,,,
431028,0040007,2,熊本県,クマモトケン,Kumamoto,,,,熊本市,クマモトシ,Kumamoto-shi,東区,ヒガシク,Higashi-ku,月出,ツキデ,Tsukide,７丁目,７チョウメ,7,,,,,1,1,0,0,0,0,1,1,1947-04-17,,0,,,,,,,,,,,,,,,,
431028,0040008,2,熊本県,クマモトケン,Kumamoto,,,,熊本市,クマモトシ,Kumamoto-shi,東区,ヒガシク,Higashi-ku,月出,ツキデ,Tsukide,８丁目,８チョウメ,8,,,,,1,1,0,0,0,0,1,1,1947-04-17,,0,,,,,,,,,,,,,,,,
431028,0041001,2,熊本県,クマモトケン,Kumamoto,,,,熊本市,クマモトシ,Kumamoto-shi,東区,ヒガシク,Higashi-ku,戸島,トシマ,Toshima,１丁目,１チョウメ,1,,,,,1,1,0,0,0,0,1,1,1947-04-17,,0,,,,,,,,,,,,,,,,
431028,0041002,2,熊本県,クマモトケン,Kumamoto,,,,熊本市,クマモトシ,Kumamoto-shi,東区,ヒガシク,Higashi-ku,戸島,トシマ,Toshima,２丁目,２チョウメ,2,,,,,1,1,0,0,0,0,1,1,1947-04-17,,0,,,,,,,,,,,,,,,,
431028,0041003,2,熊本県,クマモトケン,Kumamoto,,,,熊本市,クマモトシ,Kumamoto-shi,東区,ヒガシク,Higashi-ku,戸島,トシマ,Toshima,３丁目,３チョウメ,3,,,,,1,1,0,0,0,0,1,1,1947-04-17,,0,,,,,,,,,,,,,,,,
431028,0041004,2,熊本県,クマモトケン,Kumamoto,,,,熊本市,クマモトシ,Kumamoto-shi,東区,ヒガシク,Higashi-ku,戸島,トシマ,Toshima,４丁目,４チョウメ,4,,,,,1,1,0,0,0,0,1,1,1947-04-17,,0,,,,,,,,,,,,,,,,
431028,0041005,2,熊本県,クマモトケン,Kumamoto,,,,熊本市,クマモトシ,Kumamoto-shi,東区,ヒガシク,Higashi-ku,戸島,トシマ,Toshima,５丁目,５チョウメ,5,,,,,1,1,0,0,0,0,1,1,1947-04-17,,0,,,,,,,,,,,,,,,,
431028,0041006,2,熊本県,クマモトケン,Kumamoto,,,,熊本市,クマモトシ,Kumamoto-shi,東区,ヒガシク,Higashi-ku,戸島,トシマ,Toshima,６丁目,６チョウメ,6,,,,,1,1,0,0,0,0,1,1,1947-04-17,,0,,,,,,,,,,,,,,,,
431028,0041007,2,熊本県,クマモトケン,Kumamoto,,,,熊本市,クマモトシ,Kumamoto-shi,東区,ヒガシク,Higashi-ku,戸島,トシマ,Toshima,７丁目,７チョウメ,7,,,,,1,1,0,0,0,0,1,1,1947-04-17,,0,,,,,,,,,,,,,,,,
431028,0042001,2,熊本県,クマモトケン,Kumamoto,,,,熊本市,クマモトシ,Kumamoto-shi,東区,ヒガシク,Higashi-ku,戸島西,トシマニシ,Toshimanishi,１丁目,１チョウメ,1,,,,,1,1,0,0,0,0,1,1,1947-04-17,,0,,,,,,,,,,,,,,,,
431028,0042002,2,熊本県,クマモトケン,Kumamoto,,,,熊本市,クマモトシ,Kumamoto-shi,東区,ヒガシク,Higashi-ku,戸島西,トシマニシ,Toshimanishi,２丁目,２チョウメ,2,,,,,1,1,0,0,0,0,1,1,1947-04-17,,0,,,,,,,,,,,,,,,,
431028,0042003,2,熊本県,クマモトケン,Kumamoto,,,,熊本市,クマモトシ,Kumamoto-shi,東区,ヒガシク,Higashi-ku,戸島西,トシマニシ,Toshimanishi,３丁目,３チョウメ,3,,,,,1,1,0,0,0,0,1,1,1947-04-17,,0,,,,,,,,,,,,,,,,
431028,0042004,2,熊本県,クマモトケン,Kumamoto,,,,熊本市,クマモトシ,Kumamoto-shi,東区,ヒガシク,Higashi-ku,戸島西,トシマニシ,Toshimanishi,４丁目,４チョウメ,4,,,,,1,1,0,0,0,0,1,1,1947-04-17,,0,,,,,,,,,,,,,,,,
431028,0042005,2,熊本県,クマモトケン,Kumamoto,,,,熊本市,クマモトシ,Kumamoto-shi,東区,ヒガシク,Higashi-ku,戸島西,トシマニシ,Toshimanishi,５丁目,５チョウメ,5,,,,,1,1,0,0,0,0,1,1,1947-04-17,,0,,,,,,,,,,,,,,,,
431028,0042006,2,熊本県,クマモトケン,Kumamoto,,,,熊本市,クマモトシ,Kumamoto-shi,東区,ヒガシク,Higashi-ku,戸島西,トシマニシ,Toshimanishi,６丁目,６チョウメ,6,,,,,1,1,0,0,0,0,1,1,1947-04-17,,0,,,,,,,,,,,,,,,,
431028,0042007,2,熊本県,クマモトケン,Kumamoto,,,,熊本市,クマモトシ,Kumamoto-shi,東区,ヒガシク,Higashi-ku,戸島西,トシマニシ,Toshimanishi,７丁目,７チョウメ,7,,,,,1,1,0,0,0,0,1,1,1947-04-17,,0,,,,,,,,,,,,,,,,
431028,0043000,1,熊本県,クマモトケン,Kumamoto,,,,熊本市,クマモトシ,Kumamoto-shi,東区,ヒガシク,Higashi-ku,戸島本町,トシマホンマチ,Toshimahommachi,,,,,,,,1,1,0,0,0,0,1,1,1947-04-17,,0,8618042,,,,,,,,,,,,,,,
431028,0044000,1,熊本県,クマモトケン,Kumamoto,,,,熊本市,クマモトシ,Kumamoto-shi,東区,ヒガシク,Higashi-ku,戸島町,トシママチ,Toshimamachi,,,,,,,,0,0,0,0,0,0,1,1,1947-04-17,,0,8618031,,,,,,,,,,,,,,,
431028,0045008,2,熊本県,クマモトケン,Kumamoto,,,,熊本市,クマモトシ,Kumamoto-shi,東区,ヒガシク,Higashi-ku,渡鹿,トロク,Toroku,８丁目,８チョウメ,8,,,,,1,1,0,0,0,0,1,1,1947-04-17,,0,,,,,,,,,,,,,,,,
431028,0045009,2,熊本県,クマモトケン,Kumamoto,,,,熊本市,クマモトシ,Kumamoto-shi,東区,ヒガシク,Higashi-ku,渡鹿,トロク,Toroku,９丁目,９チョウメ,9,,,,,1,1,0,0,0,0,1,1,1947-04-17,,0,,,,,,,,,,,,,,,,
431028,0046000,1,熊本県,クマモトケン,Kumamoto,,,,熊本市,クマモトシ,Kumamoto-shi,東区,ヒガシク,Higashi-ku,中江町,ナカエマチ,Nakaemachi,,,,,,,,0,0,0,0,0,0,1,1,1947-04-17,,0,8618015,,,,,,,,,,,,,,,
431028,0046000,1,熊本県,クマモトケン,Kumamoto,,,,熊本市,クマモトシ,Kumamoto-shi,東区,ヒガシク,Higashi-ku,中江町,ナカエマチ,Nakaemachi,,,,,,,,1,1,0,0,0,0,1,1,1947-04-17,,0,8618015,,,,,,,,,,,,,,,
431028,0047001,2,熊本県,クマモトケン,Kumamoto,,,,熊本市,クマモトシ,Kumamoto-shi,東区,ヒガシク,Higashi-ku,長嶺西,ナガミネニシ,Nagaminenishi,１丁目,１チョウメ,1,,,,,1,1,0,0,0,0,1,1,1947-04-17,,0,,,,,,,,,,,,,,,,
431028,0047002,2,熊本県,クマモトケン,Kumamoto,,,,熊本市,クマモトシ,Kumamoto-shi,東区,ヒガシク,Higashi-ku,長嶺西,ナガミネニシ,Nagaminenishi,２丁目,２チョウメ,2,,,,,1,1,0,0,0,0,1,1,1947-04-17,,0,,,,,,,,,,,,,,,,
431028,0047003,2,熊本県,クマモトケン,Kumamoto,,,,熊本市,クマモトシ,Kumamoto-shi,東区,ヒガシク,Higashi-ku,長嶺西,ナガミネニシ,Nagaminenishi,３丁目,３チョウメ,3,,,,,1,1,0,0,0,0,1,1,1947-04-17,,0,,,,,,,,,,,,,,,,
431028,0048001,2,熊本県,クマモトケン,Kumamoto,,,,熊本市,クマモトシ,Kumamoto-shi,東区,ヒガシク,Higashi-ku,長嶺東,ナガミネヒガシ,Nagaminehigashi,１丁目,１チョウメ,1,,,,,1,1,0,0,0,0,1,1,1947-04-17,,0,,,,,,,,,,,,,,,,
431028,0048002,2,熊本県,クマモトケン,Kumamoto,,,,熊本市,クマモトシ,Kumamoto-shi,東区,ヒガシク,Higashi-ku,長嶺東,ナガミネヒガシ,Nagaminehigashi,２丁目,２チョウメ,2,,,,,1,1,0,0,0,0,1,1,1947-04-17,,0,,,,,,,,,,,,,,,,
431028,0048003,2,熊本県,クマモトケン,Kumamoto,,,,熊本市,クマモトシ,Kumamoto-shi,東区,ヒガシク,Higashi-ku,長嶺東,ナガミネヒガシ,Nagaminehigashi,３丁目,３チョウメ,3,,,,,1,1,0,0,0,0,1,1,1947-04-17,,0,,,,,,,,,,,,,,,,
431028,0048004,2,熊本県,クマモトケン,Kumamoto,,,,熊本市,クマモトシ,Kumamoto-shi,東区,ヒガシク,Higashi-ku,長嶺東,ナガミネヒガシ,Nagaminehigashi,４丁目,４チョウメ,4,,,,,1,1,0,0,0,0,1,1,1947-04-17,,0,,,,,,,,,,,,,,,,
431028,0048005,2,熊本県,クマモトケン,Kumamoto,,,,熊本市,クマモトシ,Kumamoto-shi,東区,ヒガシク,Higashi-ku,長嶺東,ナガミネヒガシ,Nagaminehigashi,５丁目,５チョウメ,5,,,,,1,1,0,0,0,0,1,1,1947-04-17,,0,,,,,,,,,,,,,,,,
431028,0048006,2,熊本県,クマモトケン,Kumamoto,,,,熊本市,クマモトシ,Kumamoto-shi,東区,ヒガシク,Higashi-ku,長嶺東,ナガミネヒガシ,Nagaminehigashi,６丁目,６チョウメ,6,,,,,1,1,0,0,0,0,1,1,1947-04-17,,0,,,,,,,,,,,,,,,,
431028,0048007,2,熊本県,クマモトケン,Kumamoto,,,,熊本市,クマモトシ,Kumamoto-shi,東区,ヒガシク,Higashi-ku,長嶺東,ナガミネヒガシ,Nagaminehigashi,７丁目,７チョウメ,7,,,,,1,1,0,0,0,0,1,1,1947-04-17,,0,,,,,,,,,,,,,,,,
431028,0048008,2,熊本県,クマモトケン,Kumamoto,,,,熊本市,クマモトシ,Kumamoto-shi,東区,ヒガシク,Higashi-ku,長嶺東,ナガミネヒガシ,Nagaminehigashi,８丁目,８チョウメ,8,,,,,1,1,0,0,0,0,1,1,1947-04-17,,0,,,,,,,,,,,,,,,,
431028,0048009,2,熊本県,クマモトケン,Kumamoto,,,,熊本市,クマモトシ,Kumamoto-shi,東区,ヒガシク,Higashi-ku,長嶺東,ナガミネヒガシ,Nagaminehigashi,９丁目,９チョウメ,9,,,,,1,1,0,0,0,0,1,1,1947-04-17,,0,,,,,,,,,,,,,,,,
431028,0049001,2,熊本県,クマモトケン,Kumamoto,,,,熊本市,クマモトシ,Kumamoto-shi,東区,ヒガシク,Higashi-ku,長嶺南,ナガミネミナミ,Nagamineminami,１丁目,１チョウメ,1,,,,,1,1,0,0,0,0,1,1,1947-04-17,,0,,,,,,,,,,,,,,,,
431028,0049002,2,熊本県,クマモトケン,Kumamoto,,,,熊本市,クマモトシ,Kumamoto-shi,東区,ヒガシク,Higashi-ku,長嶺南,ナガミネミナミ,Nagamineminami,２丁目,２チョウメ,2,,,,,1,1,0,0,0,0,1,1,1947-04-17,,0,,,,,,,,,,,,,,,,
431028,0049003,2,熊本県,クマモトケン,Kumamoto,,,,熊本市,クマモトシ,Kumamoto-shi,東区,ヒガシク,Higashi-ku,長嶺南,ナガミネミナミ,Nagamineminami,３丁目,３チョウメ,3,,,,,1,1,0,0,0,0,1,1,1947-04-17,,0,,,,,,,,,,,,,,,,
431028,0049004,2,熊本県,クマモトケン,Kumamoto,,,,熊本市,クマモトシ,Kumamoto-shi,東区,ヒガシク,Higashi-ku,長嶺南,ナガミネミナミ,Nagamineminami,４丁目,４チョウメ,4,,,,,1,1,0,0,0,0,1,1,1947-04-17,,0,,,,,,,,,,,,,,,,
431028,0049005,2,熊本県,クマモトケン,Kumamoto,,,,熊本市,クマモトシ,Kumamoto-shi,東区,ヒガシク,Higashi-ku,長嶺南,ナガミネミナミ,Nagamineminami,５丁目,５チョウメ,5,,,,,1,1,0,0,0,0,1,1,1947-04-17,,0,,,,,,,,,,,,,,,,
431028,0049006,2,熊本県,クマモトケン,Kumamoto,,,,熊本市,クマモトシ,Kumamoto-shi,東区,ヒガシク,Higashi-ku,長嶺南,ナガミネミナミ,Nagamineminami,６丁目,６チョウメ,6,,,,,1,1,0,0,0,0,1,1,1947-04-17,,0,,,,,,,,,,,,,,,,
431028,0049007,2,熊本県,クマモトケン,Kumamoto,,,,熊本市,クマモトシ,Kumamoto-shi,東区,ヒガシク,Higashi-ku,長嶺南,ナガミネミナミ,Nagamineminami,７丁目,７チョウメ,7,,,,,1,1,0,0,0,0,1,1,1947-04-17,,0,,,,,,,,,,,,,,,,
431028,0049008,2,熊本県,クマモトケン,Kumamoto,,,,熊本市,クマモトシ,Kumamoto-shi,東区,ヒガシク,Higashi-ku,長嶺南,ナガミネミナミ,Nagamineminami,８丁目,８チョウメ,8,,,,,1,1,0,0,0,0,1,1,1947-04-17,,0,,,,,,,,,,,,,,,,
431028,0050000,1,熊本県,クマモトケン,Kumamoto,,,,熊本市,クマモトシ,Kumamoto-shi,東区,ヒガシク,Higashi-ku,錦ケ丘,ニシキガオカ,Nishikigaoka,,,,,,,,1,1,0,0,0,0,1,1,1947-04-17,,0,8620912,,,,,,,,,,,,,,,
431028,0051001,2,熊本県,クマモトケン,Kumamoto,,,,熊本市,クマモトシ,Kumamoto-shi,東区,ヒガシク,Higashi-ku,西原,ニシバル,Nishibaru,１丁目,１チョウメ,1,,,,,1,1,0,0,0,0,1,1,1947-04-17,,0,,,,,,,,,,,,,,,,
431028,0051002,2,熊本県,クマモトケン,Kumamoto,,,,熊本市,クマモトシ,Kumamoto-shi,東区,ヒガシク,Higashi-ku,西原,ニシバル,Nishibaru,２丁目,２チョウメ,2,,,,,1,1,0,0,0,0,1,1,1947-04-17,,0,,,,,,,,,,,,,,,,
431028,0051003,2,熊本県,クマモトケン,Kumamoto,,,,熊本市,クマモトシ,Kumamoto-shi,東区,ヒガシク,Higashi-ku,西原,ニシバル,Nishibaru,３丁目,３チョウメ,3,,,,,1,1,0,0,0,0,1,1,1947-04-17,,0,,,,,,,,,,,,,,,,
431028,0052001,2,熊本県,クマモトケン,Kumamoto,,,,熊本市,クマモトシ,Kumamoto-shi,東区,ヒガシク,Higashi-ku,沼山津,ヌヤマヅ,Nuyamazu,１丁目,１チョウメ,1,,,,,1,1,0,0,0,0,1,1,1947-04-17,,0,,,,,,,,,,,,,,,,
431028,0052002,2,熊本県,クマモトケン,Kumamoto,,,,熊本市,クマモトシ,Kumamoto-shi,東区,ヒガシク,Higashi-ku,沼山津,ヌヤマヅ,Nuyamazu,２丁目,２チョウメ,2,,,,,1,1,0,0,0,0,1,1,1947-04-17,,0,,,,,,,,,,,,,,,,
431028,0052003,2,熊本県,クマモトケン,Kumamoto,,,,熊本市,クマモトシ,Kumamoto-shi,東区,ヒガシク,Higashi-ku,沼山津,ヌヤマヅ,Nuyamazu,３丁目,３チョウメ,3,,,,,1,1,0,0,0,0,1,1,1947-04-17,,0,,,,,,,,,,,,,,,,
431028,0052004,2,熊本県,クマモトケン,Kumamoto,,,,熊本市,クマモトシ,Kumamoto-shi,東区,ヒガシク,Higashi-ku,沼山津,ヌヤマヅ,Nuyamazu,４丁目,４チョウメ,4,,,,,1,1,0,0,0,0,1,1,1947-04-17,,0,,,,,,,,,,,,,,,,
431028,0053001,2,熊本県,クマモトケン,Kumamoto,,,,熊本市,クマモトシ,Kumamoto-shi,東区,ヒガシク,Higashi-ku,八反田,ハッタンダ,Hattanda,１丁目,１チョウメ,1,,,,,1,1,0,0,0,0,1,1,1947-04-17,,0,,,,,,,,,,,,,,,,
431028,0053002,2,熊本県,クマモトケン,Kumamoto,,,,熊本市,クマモトシ,Kumamoto-shi,東区,ヒガシク,Higashi-ku,八反田,ハッタンダ,Hattanda,２丁目,２チョウメ,2,,,,,1,1,0,0,0,0,1,1,1947-04-17,,0,,,,,,,,,,,,,,,,
431028,0053003,2,熊本県,クマモトケン,Kumamoto,,,,熊本市,クマモトシ,Kumamoto-shi,東区,ヒガシク,Higashi-ku,八反田,ハッタンダ,Hattanda,３丁目,３チョウメ,3,,,,,1,1,0,0,0,0,1,1,1947-04-17,,0,,,,,,,,,,,,,,,,
431028,0054001,2,熊本県,クマモトケン,Kumamoto,,,,熊本市,クマモトシ,Kumamoto-shi,東区,ヒガシク,Higashi-ku,花立,ハナタテ,Hanatate,１丁目,１チョウメ,1,,,,,1,1,0,0,0,0,1,1,1947-04-17,,0,8612118,,,,,,,,,,,,,,,
431028,0054002,2,熊本県,クマモトケン,Kumamoto,,,,熊本市,クマモトシ,Kumamoto-shi,東区,ヒガシク,Higashi-ku,花立,ハナタテ,Hanatate,２丁目,２チョウメ,2,,,,,1,1,0,0,0,0,1,1,1947-04-17,,0,8612118,,,,,,,,,,,,,,,
431028,0054003,2,熊本県,クマモトケン,Kumamoto,,,,熊本市,クマモトシ,Kumamoto-shi,東区,ヒガシク,Higashi-ku,花立,ハナタテ,Hanatate,３丁目,３チョウメ,3,,,,,1,1,0,0,0,0,1,1,1947-04-17,,0,8612118,,,,,,,,,,,,,,,
431028,0054004,2,熊本県,クマモトケン,Kumamoto,,,,熊本市,クマモトシ,Kumamoto-shi,東区,ヒガシク,Higashi-ku,花立,ハナタテ,Hanatate,４丁目,４チョウメ,4,,,,,1,1,0,0,0,0,1,1,1947-04-17,,0,8612118,,,,,,,,,,,,,,,
431028,0054005,2,熊本県,クマモトケン,Kumamoto,,,,熊本市,クマモトシ,Kumamoto-shi,東区,ヒガシク,Higashi-ku,花立,ハナタテ,Hanatate,５丁目,５チョウメ,5,,,,,1,1,0,0,0,0,1,1,1947-04-17,,0,8620918,,,,,,,,,,,,,,,
431028,0054006,2,熊本県,クマモトケン,Kumamoto,,,,熊本市,クマモトシ,Kumamoto-shi,東区,ヒガシク,Higashi-ku,花立,ハナタテ,Hanatate,６丁目,６チョウメ,6,,,,,1,1,0,0,0,0,1,1,1947-04-17,,0,8620918,,,,,,,,,,,,,,,
431028,0055000,1,熊本県,クマモトケン,Kumamoto,,,,熊本市,クマモトシ,Kumamoto-shi,東区,ヒガシク,Higashi-ku,東京塚町,ヒガシキョウヅカマチ,Higashikyozukamachi,,,,,,,,1,1,0,0,0,0,1,1,1947-04-17,,0,8620923,,,,,,,,,,,,,,,
431028,0056001,2,熊本県,クマモトケン,Kumamoto,,,,熊本市,クマモトシ,Kumamoto-shi,東区,ヒガシク,Higashi-ku,東野,ヒガシノ,Higashino,１丁目,１チョウメ,1,,,,,1,1,0,0,0,0,1,1,1947-04-17,,0,,,,,,,,,,,,,,,,
431028,0056002,2,熊本県,クマモトケン,Kumamoto,,,,熊本市,クマモトシ,Kumamoto-shi,東区,ヒガシク,Higashi-ku,東野,ヒガシノ,Higashino,２丁目,２チョウメ,2,,,,,1,1,0,0,0,0,1,1,1947-04-17,,0,,,,,,,,,,,,,,,,
431028,0056003,2,熊本県,クマモトケン,Kumamoto,,,,熊本市,クマモトシ,Kumamoto-shi,東区,ヒガシク,Higashi-ku,東野,ヒガシノ,Higashino,３丁目,３チョウメ,3,,,,,1,1,0,0,0,0,1,1,1947-04-17,,0,,,,,,,,,,,,,,,,
431028,0056004,2,熊本県,クマモトケン,Kumamoto,,,,熊本市,クマモトシ,Kumamoto-shi,東区,ヒガシク,Higashi-ku,東野,ヒガシノ,Higashino,４丁目,４チョウメ,4,,,,,1,1,0,0,0,0,1,1,1947-04-17,,0,,,,,,,,,,,,,,,,
431028,0057000,1,熊本県,クマモトケン,Kumamoto,,,,熊本市,クマモトシ,Kumamoto-shi,東区,ヒガシク,Higashi-ku,東本町,ヒガシホンマチ,Higashihommachi,,,,,,,,1,1,0,0,0,0,1,1,1947-04-17,,0,8620902,,,,,,,,,,,,,,,
431028,0058001,2,熊本県,クマモトケン,Kumamoto,,,,熊本市,クマモトシ,Kumamoto-shi,東区,ヒガシク,Higashi-ku,東町,ヒガシマチ,Higashimachi,１丁目,１チョウメ,1,,,,,1,1,0,0,0,0,1,1,1947-04-17,,0,,,,,,,,,,,,,,,,
431028,0058002,2,熊本県,クマモトケン,Kumamoto,,,,熊本市,クマモトシ,Kumamoto-shi,東区,ヒガシク,Higashi-ku,東町,ヒガシマチ,Higashimachi,２丁目,２チョウメ,2,,,,,1,1,0,0,0,0,1,1,1947-04-17,,0,,,,,,,,,,,,,,,,
431028,0058003,2,熊本県,クマモトケン,Kumamoto,,,,熊本市,クマモトシ,Kumamoto-shi,東区,ヒガシク,Higashi-ku,東町,ヒガシマチ,Higashimachi,３丁目,３チョウメ,3,,,,,1,1,0,0,0,0,1,1,1947-04-17,,0,,,,,,,,,,,,,,,,
431028,0058004,2,熊本県,クマモトケン,Kumamoto,,,,熊本市,クマモトシ,Kumamoto-shi,東区,ヒガシク,Higashi-ku,東町,ヒガシマチ,Higashimachi,４丁目,４チョウメ,4,,,,,1,1,0,0,0,0,1,1,1947-04-17,,0,,,,,,,,,,,,,,,,
431028,0059000,1,熊本県,クマモトケン,Kumamoto,,,,熊本市,クマモトシ,Kumamoto-shi,東区,ヒガシク,Higashi-ku,平山町,ヒラヤママチ,Hirayamamachi,,,,,,,,0,0,0,0,0,0,1,1,1947-04-17,,0,8618012,,,,,,,,,,,,,,,
431028,0060000,1,熊本県,クマモトケン,Kumamoto,,,,熊本市,クマモトシ,Kumamoto-shi,東区,ヒガシク,Higashi-ku,広木町,ヒロギマチ,Hirogimachi,,,,,,,,0,0,0,0,0,0,1,1,1947-04-17,,0,8620906,,,,,,,,,,,,,,,
431028,0060000,1,熊本県,クマモトケン,Kumamoto,,,,熊本市,クマモトシ,Kumamoto-shi,東区,ヒガシク,Higashi-ku,広木町,ヒロギマチ,Hirogimachi,,,,,,,,1,1,0,0,0,0,1,1,1947-04-17,,0,8620906,,,,,,,,,,,,,,,
431028,0061002,2,熊本県,クマモトケン,Kumamoto,,,,熊本市,クマモトシ,Kumamoto-shi,東区,ヒガシク,Higashi-ku,保田窪,ホタクボ,Hotakubo,２丁目,２チョウメ,2,,,,,1,1,0,0,0,0,1,1,1947-04-17,,0,,,,,,,,,,,,,,,,
431028,0061003,2,熊本県,クマモトケン,Kumamoto,,,,熊本市,クマモトシ,Kumamoto-shi,東区,ヒガシク,Higashi-ku,保田窪,ホタクボ,Hotakubo,３丁目,３チョウメ,3,,,,,1,1,0,0,0,0,1,1,1947-04-17,,0,,,,,,,,,,,,,,,,
431028,0061004,2,熊本県,クマモトケン,Kumamoto,,,,熊本市,クマモトシ,Kumamoto-shi,東区,ヒガシク,Higashi-ku,保田窪,ホタクボ,Hotakubo,４丁目,４チョウメ,4,,,,,1,1,0,0,0,0,1,1,1947-04-17,,0,,,,,,,,,,,,,,,,
431028,0061005,2,熊本県,クマモトケン,Kumamoto,,,,熊本市,クマモトシ,Kumamoto-shi,東区,ヒガシク,Higashi-ku,保田窪,ホタクボ,Hotakubo,５丁目,５チョウメ,5,,,,,1,1,0,0,0,0,1,1,1947-04-17,,0,,,,,,,,,,,,,,,,
431028,0062000,1,熊本県,クマモトケン,Kumamoto,,,,熊本市,クマモトシ,Kumamoto-shi,東区,ヒガシク,Higashi-ku,保田窪本町,ホタクボホンマチ,Hotakubohommachi,,,,,,,,1,1,0,0,0,0,1,1,1947-04-17,,0,8620925,,,,,,,,,,,,,,,
431028,0063000,1,熊本県,クマモトケン,Kumamoto,,,,熊本市,クマモトシ,Kumamoto-shi,東区,ヒガシク,Higashi-ku,南町,ミナミマチ,Minamimachi,,,,,,,,1,1,0,0,0,0,1,1,1947-04-17,,0,8620905,,,,,,,,,,,,,,,
431028,0064001,2,熊本県,クマモトケン,Kumamoto,,,,熊本市,クマモトシ,Kumamoto-shi,東区,ヒガシク,Higashi-ku,山ノ内,ヤマノウチ,Yamanochi,１丁目,１チョウメ,1,,,,,1,1,0,0,0,0,1,1,1947-04-17,,0,,,,,,,,,,,,,,,,
431028,0064002,2,熊本県,クマモトケン,Kumamoto,,,,熊本市,クマモトシ,Kumamoto-shi,東区,ヒガシク,Higashi-ku,山ノ内,ヤマノウチ,Yamanochi,２丁目,２チョウメ,2,,,,,1,1,0,0,0,0,1,1,1947-04-17,,0,,,,,,,,,,,,,,,,
431028,0064003,2,熊本県,クマモトケン,Kumamoto,,,,熊本市,クマモトシ,Kumamoto-shi,東区,ヒガシク,Higashi-ku,山ノ内,ヤマノウチ,Yamanochi,３丁目,３チョウメ,3,,,,,1,1,0,0,0,0,1,1,1947-04-17,,0,,,,,,,,,,,,,,,,
431028,0064004,2,熊本県,クマモトケン,Kumamoto,,,,熊本市,クマモトシ,Kumamoto-shi,東区,ヒガシク,Higashi-ku,山ノ内,ヤマノウチ,Yamanochi,４丁目,４チョウメ,4,,,,,1,1,0,0,0,0,1,1,1947-04-17,,0,,,,,,,,,,,,,,,,
431028,0065001,2,熊本県,クマモトケン,Kumamoto,,,,熊本市,クマモトシ,Kumamoto-shi,東区,ヒガシク,Higashi-ku,山ノ神,ヤマノカミ,Yamanokami,１丁目,１チョウメ,1,,,,,1,1,0,0,0,0,1,1,1947-04-17,,0,,,,,,,,,,,,,,,,
431028,0065002,2,熊本県,クマモトケン,Kumamoto,,,,熊本市,クマモトシ,Kumamoto-shi,東区,ヒガシク,Higashi-ku,山ノ神,ヤマノカミ,Yamanokami,２丁目,２チョウメ,2,,,,,1,1,0,0,0,0,1,1,1947-04-17,,0,,,,,,,,,,,,,,,,
431028,0066000,1,熊本県,クマモトケン,Kumamoto,,,,熊本市,クマモトシ,Kumamoto-shi,東区,ヒガシク,Higashi-ku,弓削町,ユゲマチ,Yugemachi,,,,,,,,0,0,0,0,0,0,1,1,1947-04-17,,0,8618013,,,,,,,,,,,,,,,
431028,0067000,1,熊本県,クマモトケン,Kumamoto,,,,熊本市,クマモトシ,Kumamoto-shi,東区,ヒガシク,Higashi-ku,吉原町,ヨシワラマチ,Yoshiwaramachi,,,,,,,,0,0,0,0,0,0,1,1,1947-04-17,,0,8618016,,,,,,,,,,,,,,,
431028,0068001,2,熊本県,クマモトケン,Kumamoto,,,,熊本市,クマモトシ,Kumamoto-shi,東区,ヒガシク,Higashi-ku,若葉,ワカバ,Wakaba,１丁目,１チョウメ,1,,,,,1,1,0,0,0,0,1,1,1947-04-17,,0,8620903,,,,,,,,,,,,,,,
431028,0068002,2,熊本県,クマモトケン,Kumamoto,,,,熊本市,クマモトシ,Kumamoto-shi,東区,ヒガシク,Higashi-ku,若葉,ワカバ,Wakaba,２丁目,２チョウメ,2,,,,,1,1,0,0,0,0,1,1,1947-04-17,,0,8620903,,,,,,,,,,,,,,,
431028,0068003,2,熊本県,クマモトケン,Kumamoto,,,,熊本市,クマモトシ,Kumamoto-shi,東区,ヒガシク,Higashi-ku,若葉,ワカバ,Wakaba,３丁目,３チョウメ,3,,,,,1,1,0,0,0,0,1,1,1947-04-17,,0,8620903,,,,,,,,,,,,,,,
431028,0068004,2,熊本県,クマモトケン,Kumamoto,,,,熊本市,クマモトシ,Kumamoto-shi,東区,ヒガシク,Higashi-ku,若葉,ワカバ,Wakaba,４丁目,４チョウメ,4,,,,,1,1,0,0,0,0,1,1,1947-04-17,,0,8612103,,,,,,,,,,,,,,,
431028,0068005,2,熊本県,クマモトケン,Kumamoto,,,,熊本市,クマモトシ,Kumamoto-shi,東区,ヒガシク,Higashi-ku,若葉,ワカバ,Wakaba,５丁目,５チョウメ,5,,,,,1,1,0,0,0,0,1,1,1947-04-17,,0,8612103,,,,,,,,,,,,,,,
431028,0068006,2,熊本県,クマモトケン,Kumamoto,,,,熊本市,クマモトシ,Kumamoto-shi,東区,ヒガシク,Higashi-ku,若葉,ワカバ,Wakaba,６丁目,６チョウメ,6,,,,,1,1,0,0,0,0,1,1,1947-04-17,,0,8612103,,,,,,,,,,,,,,,
431028,0069000,1,熊本県,クマモトケン,Kumamoto,,,,熊本市,クマモトシ,Kumamoto-shi,東区,ヒガシク,Higashi-ku,画図町大字所島,エズマチオオアザトコロジマ,,,,,,,,,0,0,0,0,0,0,1,1,1947-04-17,,0,,,,,,,,,,,,,,,,
431028,0070000,1,熊本県,クマモトケン,Kumamoto,,,,熊本市,クマモトシ,Kumamoto-shi,東区,ヒガシク,Higashi-ku,画図町大字下江津,エズマチオオアザシモエヅ,,,,,,,,,0,0,0,0,0,0,1,1,1947-04-17,,0,,,,,,,,,,,,,,,,
431036,0001000,1,熊本県,クマモトケン,Kumamoto,,,,熊本市,クマモトシ,Kumamoto-shi,西区,ニシク,Nishi-ku,池亀町,イケガメマチ,Ikegamemachi,,,,,,,,0,0,0,0,0,0,1,1,1947-04-17,,0,8600071,,,,,,,,,,,,,,,
431036,0001000,1,熊本県,クマモトケン,Kumamoto,,,,熊本市,クマモトシ,Kumamoto-shi,西区,ニシク,Nishi-ku,池亀町,イケガメマチ,Ikegamemachi,,,,,,,,1,1,0,0,0,0,1,1,1947-04-17,,0,8600071,,,,,,,,,,,,,,,
431036,0002001,2,熊本県,クマモトケン,Kumamoto,,,,熊本市,クマモトシ,Kumamoto-shi,西区,ニシク,Nishi-ku,池田,イケダ,Ikeda,１丁目,１チョウメ,1,,,,,1,1,0,0,0,0,1,1,1947-04-17,,0,,,,,,,,,,,,,,,,
431036,0002002,2,熊本県,クマモトケン,Kumamoto,,,,熊本市,クマモトシ,Kumamoto-shi,西区,ニシク,Nishi-ku,池田,イケダ,Ikeda,２丁目,２チョウメ,2,,,,,1,1,0,0,0,0,1,1,1947-04-17,,0,,,,,,,,,,,,,,,,
431036,0002003,2,熊本県,クマモトケン,Kumamoto,,,,熊本市,クマモトシ,Kumamoto-shi,西区,ニシク,Nishi-ku,池田,イケダ,Ikeda,３丁目,３チョウメ,3,,,,,0,0,0,0,0,0,1,1,1947-04-17,,0,,,,,,,,,,,,,,,,
431036,0002003,2,熊本県,クマモトケン,Kumamoto,,,,熊本市,クマモトシ,Kumamoto-shi,西区,ニシク,Nishi-ku,池田,イケダ,Ikeda,３丁目,３チョウメ,3,,,,,1,1,0,0,0,0,1,1,1947-04-17,,0,,,,,,,,,,,,,,,,
431036,0002004,2,熊本県,クマモトケン,Kumamoto,,,,熊本市,クマモトシ,Kumamoto-shi,西区,ニシク,Nishi-ku,池田,イケダ,Ikeda,４丁目,４チョウメ,4,,,,,0,0,0,0,0,0,1,1,1947-04-17,,0,,,,,,,,,,,,,,,,
431036,0002004,2,熊本県,クマモトケン,Kumamoto,,,,熊本市,クマモトシ,Kumamoto-shi,西区,ニシク,Nishi-ku,池田,イケダ,Ikeda,４丁目,４チョウメ,4,,,,,1,1,0,0,0,0,1,1,1947-04-17,,0,,,,,,,,,,,,,,,,
431036,0003000,1,熊本県,クマモトケン,Kumamoto,,,,熊本市,クマモトシ,Kumamoto-shi,西区,ニシク,Nishi-ku,池上町,イケノウエマチ,Ikenoemachi,,,,,,,,0,0,0,0,0,0,1,1,1947-04-17,,0,8600048,,,,,,,,,,,,,,,
431036,0004000,1,熊本県,クマモトケン,Kumamoto,,,,熊本市,クマモトシ,Kumamoto-shi,西区,ニシク,Nishi-ku,沖新町,オキシンマチ,Okishimmachi,,,,,,,,0,0,0,0,0,0,1,1,1947-04-17,,0,8615273,,,,,,,,,,,,,,,
431036,0005001,2,熊本県,クマモトケン,Kumamoto,,,,熊本市,クマモトシ,Kumamoto-shi,西区,ニシク,Nishi-ku,小島,オシマ,Oshima,１丁目,１チョウメ,1,,,,,1,1,0,0,0,0,1,1,1947-04-17,,0,,,,,,,,,,,,,,,,
431036,0005002,2,熊本県,クマモトケン,Kumamoto,,,,熊本市,クマモトシ,Kumamoto-shi,西区,ニシク,Nishi-ku,小島,オシマ,Oshima,２丁目,２チョウメ,2,,,,,1,1,0,0,0,0,1,1,1947-04-17,,0,,,,,,,,,,,,,,,,
431036,0005003,2,熊本県,クマモトケン,Kumamoto,,,,熊本市,クマモトシ,Kumamoto-shi,西区,ニシク,Nishi-ku,小島,オシマ,Oshima,３丁目,３チョウメ,3,,,,,1,1,0,0,0,0,1,1,1947-04-17,,0,,,,,,,,,,,,,,,,
431036,0005004,2,熊本県,クマモトケン,Kumamoto,,,,熊本市,クマモトシ,Kumamoto-shi,西区,ニシク,Nishi-ku,小島,オシマ,Oshima,４丁目,４チョウメ,4,,,,,1,1,0,0,0,0,1,1,1947-04-17,,0,,,,,,,,,,,,,,,,
431036,0005005,2,熊本県,クマモトケン,Kumamoto,,,,熊本市,クマモトシ,Kumamoto-shi,西区,ニシク,Nishi-ku,小島,オシマ,Oshima,５丁目,５チョウメ,5,,,,,1,1,0,0,0,0,1,1,1947-04-17,,0,,,,,,,,,,,,,,,,
431036,0005006,2,熊本県,クマモトケン,Kumamoto,,,,熊本市,クマモトシ,Kumamoto-shi,西区,ニシク,Nishi-ku,小島,オシマ,Oshima,６丁目,６チョウメ,6,,,,,1,1,0,0,0,0,1,1,1947-04-17,,0,,,,,,,,,,,,,,,,
431036,0005007,2,熊本県,クマモトケン,Kumamoto,,,,熊本市,クマモトシ,Kumamoto-shi,西区,ニシク,Nishi-ku,小島,オシマ,Oshima,７丁目,７チョウメ,7,,,,,1,1,0,0,0,0,1,1,1947-04-17,,0,,,,,,,,,,,,,,,,
431036,0005008,2,熊本県,クマモトケン,Kumamoto,,,,熊本市,クマモトシ,Kumamoto-shi,西区,ニシク,Nishi-ku,小島,オシマ,Oshima,８丁目,８チョウメ,8,,,,,0,0,0,0,0,0,1,1,1947-04-17,,0,,,,,,,,,,,,,,,,
431036,0005008,2,熊本県,クマモトケン,Kumamoto,,,,熊本市,クマモトシ,Kumamoto-shi,西区,ニシク,Nishi-ku,小島,オシマ,Oshima,８丁目,８チョウメ,8,,,,,1,1,0,0,0,0,1,1,1947-04-17,,0,,,,,,,,,,,,,,,,
431036,0005009,2,熊本県,クマモトケン,Kumamoto,,,,熊本市,クマモトシ,Kumamoto-shi,西区,ニシク,Nishi-ku,小島,オシマ,Oshima,９丁目,９チョウメ,9,,,,,0,0,0,0,0,0,1,1,1947-04-17,,0,,,,,,,,,,,,,,,,
431036,0005009,2,熊本県,クマモトケン,Kumamoto,,,,熊本市,クマモトシ,Kumamoto-shi,西区,ニシク,Nishi-ku,小島,オシマ,Oshima,９丁目,９チョウメ,9,,,,,1,1,0,0,0,0,1,1,1947-04-17,,0,,,,,,,,,,,,,,,,
431036,0006000,1,熊本県,クマモトケン,Kumamoto,,,,熊本市,クマモトシ,Kumamoto-shi,西区,ニシク,Nishi-ku,小島上町,オシマカミマチ,Oshima Kamimachi,,,,,,,,0,0,0,0,0,0,1,1,1947-04-17,,0,8615285,,,,,,,,,,,,,,,
431036,0007000,1,熊本県,クマモトケン,Kumamoto,,,,熊本市,クマモトシ,Kumamoto-shi,西区,ニシク,Nishi-ku,小島下町,オシマシモマチ,Oshima Shimomachi,,,,,,,,0,0,0,0,0,0,1,1,1947-04-17,,0,8615284,,,,,,,,,,,,,,,
431036,0008001,2,熊本県,クマモトケン,Kumamoto,,,,熊本市,クマモトシ,Kumamoto-shi,西区,ニシク,Nishi-ku,春日,カスガ,Kasuga,１丁目,１チョウメ,1,,,,,1,1,0,0,0,0,1,1,1947-04-17,,0,,,,,,,,,,,,,,,,
431036,0008002,2,熊本県,クマモトケン,Kumamoto,,,,熊本市,クマモトシ,Kumamoto-shi,西区,ニシク,Nishi-ku,春日,カスガ,Kasuga,２丁目,２チョウメ,2,,,,,1,1,0,0,0,0,1,1,1947-04-17,,0,,,,,,,,,,,,,,,,
431036,0008003,2,熊本県,クマモトケン,Kumamoto,,,,熊本市,クマモトシ,Kumamoto-shi,西区,ニシク,Nishi-ku,春日,カスガ,Kasuga,３丁目,３チョウメ,3,,,,,1,1,0,0,0,0,1,1,1947-04-17,,0,,,,,,,,,,,,,,,,
431036,0008004,2,熊本県,クマモトケン,Kumamoto,,,,熊本市,クマモトシ,Kumamoto-shi,西区,ニシク,Nishi-ku,春日,カスガ,Kasuga,４丁目,４チョウメ,4,,,,,1,1,0,0,0,0,1,1,1947-04-17,,0,,,,,,,,,,,,,,,,
431036,0008005,2,熊本県,クマモトケン,Kumamoto,,,,熊本市,クマモトシ,Kumamoto-shi,西区,ニシク,Nishi-ku,春日,カスガ,Kasuga,５丁目,５チョウメ,5,,,,,1,1,0,0,0,0,1,1,1947-04-17,,0,,,,,,,,,,,,,,,,
431036,0008006,2,熊本県,クマモトケン,Kumamoto,,,,熊本市,クマモトシ,Kumamoto-shi,西区,ニシク,Nishi-ku,春日,カスガ,Kasuga,６丁目,６チョウメ,6,,,,,0,0,0,0,0,0,1,1,1947-04-17,,0,,,,,,,,,,,,,,,,
431036,0008006,2,熊本県,クマモトケン,Kumamoto,,,,熊本市,クマモトシ,Kumamoto-shi,西区,ニシク,Nishi-ku,春日,カスガ,Kasuga,６丁目,６チョウメ,6,,,,,1,1,0,0,0,0,1,1,1947-04-17,,0,,,,,,,,,,,,,,,,
431036,0008007,2,熊本県,クマモトケン,Kumamoto,,,,熊本市,クマモトシ,Kumamoto-shi,西区,ニシク,Nishi-ku,春日,カスガ,Kasuga,７丁目,７チョウメ,7,,,,,1,1,0,0,0,0,1,1,1947-04-17,,0,,,,,,,,,,,,,,,,
431036,0008008,2,熊本県,クマモトケン,Kumamoto,,,,熊本市,クマモトシ,Kumamoto-shi,西区,ニシク,Nishi-ku,春日,カスガ,Kasuga,８丁目,８チョウメ,8,,,,,1,1,0,0,0,0,1,1,1947-04-17,,0,,,,,,,,,,,,,,,,
431036,0009001,2,熊本県,クマモトケン,Kumamoto,,,,熊本市,クマモトシ,Kumamoto-shi,西区,ニシク,Nishi-ku,上熊本,カミクマモト,Kamikumamoto,１丁目,１チョウメ,1,,,,,1,1,0,0,0,0,1,1,1947-04-17,,0,,,,,,,,,,,,,,,,
431036,0009002,2,熊本県,クマモトケン,Kumamoto,,,,熊本市,クマモトシ,Kumamoto-shi,西区,ニシク,Nishi-ku,上熊本,カミクマモト,Kamikumamoto,２丁目,２チョウメ,2,,,,,1,1,0,0,0,0,1,1,1947-04-17,,0,,,,,,,,,,,,,,,,
431036,0009003,2,熊本県,クマモトケン,Kumamoto,,,,熊本市,クマモトシ,Kumamoto-shi,西区,ニシク,Nishi-ku,上熊本,カミクマモト,Kamikumamoto,３丁目,３チョウメ,3,,,,,1,1,0,0,0,0,1,1,1947-04-17,,0,,,,,,,,,,,,,,,,
431036,0010001,2,熊本県,クマモトケン,Kumamoto,,,,熊本市,クマモトシ,Kumamoto-shi,西区,ニシク,Nishi-ku,上代,カミダイ,Kamidai,１丁目,１チョウメ,1,,,,,1,1,0,0,0,0,1,1,1947-04-17,,0,,,,,,,,,,,,,,,,
431036,0010002,2,熊本県,クマモトケン,Kumamoto,,,,熊本市,クマモトシ,Kumamoto-shi,西区,ニシク,Nishi-ku,上代,カミダイ,Kamidai,２丁目,２チョウメ,2,,,,,1,1,0,0,0,0,1,1,1947-04-17,,0,,,,,,,,,,,,,,,,
431036,0010003,2,熊本県,クマモトケン,Kumamoto,,,,熊本市,クマモトシ,Kumamoto-shi,西区,ニシク,Nishi-ku,上代,カミダイ,Kamidai,３丁目,３チョウメ,3,,,,,1,1,0,0,0,0,1,1,1947-04-17,,0,,,,,,,,,,,,,,,,
431036,0010004,2,熊本県,クマモトケン,Kumamoto,,,,熊本市,クマモトシ,Kumamoto-shi,西区,ニシク,Nishi-ku,上代,カミダイ,Kamidai,４丁目,４チョウメ,4,,,,,1,1,0,0,0,0,1,1,1947-04-17,,0,,,,,,,,,,,,,,,,
431036,0010005,2,熊本県,クマモトケン,Kumamoto,,,,熊本市,クマモトシ,Kumamoto-shi,西区,ニシク,Nishi-ku,上代,カミダイ,Kamidai,５丁目,５チョウメ,5,,,,,1,1,0,0,0,0,1,1,1947-04-17,,0,,,,,,,,,,,,,,,,
431036,0010006,2,熊本県,クマモトケン,Kumamoto,,,,熊本市,クマモトシ,Kumamoto-shi,西区,ニシク,Nishi-ku,上代,カミダイ,Kamidai,６丁目,６チョウメ,6,,,,,1,1,0,0,0,0,1,1,1947-04-17,,0,,,,,,,,,,,,,,,,
431036,0010007,2,熊本県,クマモトケン,Kumamoto,,,,熊本市,クマモトシ,Kumamoto-shi,西区,ニシク,Nishi-ku,上代,カミダイ,Kamidai,７丁目,７チョウメ,7,,,,,1,1,0,0,0,0,1,1,1947-04-17,,0,,,,,,,,,,,,,,,,
431036,0010008,2,熊本県,クマモトケン,Kumamoto,,,,熊本市,クマモトシ,Kumamoto-shi,西区,ニシク,Nishi-ku,上代,カミダイ,Kamidai,８丁目,８チョウメ,8,,,,,1,1,0,0,0,0,1,1,1947-04-17,,0,,,,,,,,,,,,,,,,
431036,0010009,2,熊本県,クマモトケン,Kumamoto,,,,熊本市,クマモトシ,Kumamoto-shi,西区,ニシク,Nishi-ku,上代,カミダイ,Kamidai,９丁目,９チョウメ,9,,,,,1,1,0,0,0,0,1,1,1947-04-17,,0,,,,,,,,,,,,,,,,
431036,0010010,2,熊本県,クマモトケン,Kumamoto,,,,熊本市,クマモトシ,Kumamoto-shi,西区,ニシク,Nishi-ku,上代,カミダイ,Kamidai,１０丁目,１０チョウメ,10,,,,,1,1,0,0,0,0,1,1,1947-04-17,,0,,,,,,,,,,,,,,,,
431036,0011001,2,熊本県,クマモトケン,Kumamoto,,,,熊本市,クマモトシ,Kumamoto-shi,西区,ニシク,Nishi-ku,上高橋,カミタカハシ,Kamitakahashi,１丁目,１チョウメ,1,,,,,1,1,0,0,0,0,1,1,1947-04-17,,0,,,,,,,,,,,,,,,,
431036,0011002,2,熊本県,クマモトケン,Kumamoto,,,,熊本市,クマモトシ,Kumamoto-shi,西区,ニシク,Nishi-ku,上高橋,カミタカハシ,Kamitakahashi,２丁目,２チョウメ,2,,,,,0,0,0,0,0,0,1,1,1947-04-17,,0,,,,,,,,,,,,,,,,
431036,0011002,2,熊本県,クマモトケン,Kumamoto,,,,熊本市,クマモトシ,Kumamoto-shi,西区,ニシク,Nishi-ku,上高橋,カミタカハシ,Kamitakahashi,２丁目,２チョウメ,2,,,,,1,1,0,0,0,0,1,1,1947-04-17,,0,,,,,,,,,,,,,,,,
431036,0012000,1,熊本県,クマモトケン,Kumamoto,,,,熊本市,クマモトシ,Kumamoto-shi,西区,ニシク,Nishi-ku,上松尾町,カミマツオマチ,Kamimatsuomachi,,,,,,,,0,0,0,0,0,0,1,1,1947-04-17,,0,8615289,,,,,,,,,,,,,,,
431036,0013000,1,熊本県,クマモトケン,Kumamoto,,,,熊本市,クマモトシ,Kumamoto-shi,西区,ニシク,Nishi-ku,河内町大多尾,カワチマチオオタオ,Kawachimachi Otao,,,,,,,,0,0,0,0,0,0,1,1,1947-04-17,,0,8615341,,,,,,,,,,,,,,,
431036,0014000,1,熊本県,クマモトケン,Kumamoto,,,,熊本市,クマモトシ,Kumamoto-shi,西区,ニシク,Nishi-ku,河内町面木,カワチマチオモノギ,Kawachimachi Omonogi,,,,,,,,0,0,0,0,0,0,1,1,1947-04-17,,0,8615345,,,,,,,,,,,,,,,
431036,0015000,1,熊本県,クマモトケン,Kumamoto,,,,熊本市,クマモトシ,Kumamoto-shi,西区,ニシク,Nishi-ku,河内町河内,カワチマチカワチ,Kawachimachi Kawachi,,,,,,,,0,0,0,0,0,0,1,1,1947-04-17,,0,8615346,,,,,,,,,,,,,,,
431036,0016000,1,熊本県,クマモトケン,Kumamoto,,,,熊本市,クマモトシ,Kumamoto-shi,西区,ニシク,Nishi-ku,河内町白浜,カワチマチシラハマ,Kawachimachi Shirahama,,,,,,,,0,0,0,0,0,0,1,1,1947-04-17,,0,8615348,,,,,,,,,,,,,,,
431036,0017000,1,熊本県,クマモトケン,Kumamoto,,,,熊本市,クマモトシ,Kumamoto-shi,西区,ニシク,Nishi-ku,河内町岳,カワチマチタケ,Kawachimachi Take,,,,,,,,0,0,0,0,0,0,1,1,1947-04-17,,0,8615344,,,,,,,,,,,,,,,
431036,0018000,1,熊本県,クマモトケン,Kumamoto,,,,熊本市,クマモトシ,Kumamoto-shi,西区,ニシク,Nishi-ku,河内町東門寺,カワチマチトウモンジ,Kawachimachi Tomonji,,,,,,,,0,0,0,0,0,0,1,1,1947-04-17,,0,8615342,,,,,,,,,,,,,,,
431036,0019000,1,熊本県,クマモトケン,Kumamoto,,,,熊本市,クマモトシ,Kumamoto-shi,西区,ニシク,Nishi-ku,河内町野出,カワチマチノイデ,Kawachimachi Noide,,,,,,,,0,0,0,0,0,0,1,1,1947-04-17,,0,8615343,,,,,,,,,,,,,,,
431036,0020000,1,熊本県,クマモトケン,Kumamoto,,,,熊本市,クマモトシ,Kumamoto-shi,西区,ニシク,Nishi-ku,河内町船津,カワチマチフナツ,Kawachimachi Funatsu,,,,,,,,0,0,0,0,0,0,1,1,1947-04-17,,0,8615347,,,,,,,,,,,,,,,
431036,0021000,1,熊本県,クマモトケン,Kumamoto,,,,熊本市,クマモトシ,Kumamoto-shi,西区,ニシク,Nishi-ku,京町本丁,キョウマチホンチョウ,Kyomachihoncho,,,,,,,,1,1,0,0,0,0,1,1,1947-04-17,,0,8600081,,,,,,,,,,,,,,,
431036,0022002,2,熊本県,クマモトケン,Kumamoto,,,,熊本市,クマモトシ,Kumamoto-shi,西区,ニシク,Nishi-ku,島崎,シマサキ,Shimasaki,２丁目,２チョウメ,2,,,,,1,1,0,0,0,0,1,1,1947-04-17,,0,,,,,,,,,,,,,,,,
431036,0022003,2,熊本県,クマモトケン,Kumamoto,,,,熊本市,クマモトシ,Kumamoto-shi,西区,ニシク,Nishi-ku,島崎,シマサキ,Shimasaki,３丁目,３チョウメ,3,,,,,0,0,0,0,0,0,1,1,1947-04-17,,0,,,,,,,,,,,,,,,,
431036,0022003,2,熊本県,クマモトケン,Kumamoto,,,,熊本市,クマモトシ,Kumamoto-shi,西区,ニシク,Nishi-ku,島崎,シマサキ,Shimasaki,３丁目,３チョウメ,3,,,,,1,1,0,0,0,0,1,1,1947-04-17,,0,,,,,,,,,,,,,,,,
431036,0022004,2,熊本県,クマモトケン,Kumamoto,,,,熊本市,クマモトシ,Kumamoto-shi,西区,ニシク,Nishi-ku,島崎,シマサキ,Shimasaki,４丁目,４チョウメ,4,,,,,0,0,0,0,0,0,1,1,1947-04-17,,0,,,,,,,,,,,,,,,,
431036,0022004,2,熊本県,クマモトケン,Kumamoto,,,,熊本市,クマモトシ,Kumamoto-shi,西区,ニシク,Nishi-ku,島崎,シマサキ,Shimasaki,４丁目,４チョウメ,4,,,,,1,1,0,0,0,0,1,1,1947-04-17,,0,,,,,,,,,,,,,,,,
431036,0022005,2,熊本県,クマモトケン,Kumamoto,,,,熊本市,クマモトシ,Kumamoto-shi,西区,ニシク,Nishi-ku,島崎,シマサキ,Shimasaki,５丁目,５チョウメ,5,,,,,0,0,0,0,0,0,1,1,1947-04-17,,0,,,,,,,,,,,,,,,,
431036,0022005,2,熊本県,クマモトケン,Kumamoto,,,,熊本市,クマモトシ,Kumamoto-shi,西区,ニシク,Nishi-ku,島崎,シマサキ,Shimasaki,５丁目,５チョウメ,5,,,,,1,1,0,0,0,0,1,1,1947-04-17,,0,,,,,,,,,,,,,,,,
431036,0022006,2,熊本県,クマモトケン,Kumamoto,,,,熊本市,クマモトシ,Kumamoto-shi,西区,ニシク,Nishi-ku,島崎,シマサキ,Shimasaki,６丁目,６チョウメ,6,,,,,0,0,0,0,0,0,1,1,1947-04-17,,0,,,,,,,,,,,,,,,,
431036,0022006,2,熊本県,クマモトケン,Kumamoto,,,,熊本市,クマモトシ,Kumamoto-shi,西区,ニシク,Nishi-ku,島崎,シマサキ,Shimasaki,６丁目,６チョウメ,6,,,,,1,1,0,0,0,0,1,1,1947-04-17,,0,,,,,,,,,,,,,,,,
431036,0022007,2,熊本県,クマモトケン,Kumamoto,,,,熊本市,クマモトシ,Kumamoto-shi,西区,ニシク,Nishi-ku,島崎,シマサキ,Shimasaki,７丁目,７チョウメ,7,,,,,0,0,0,0,0,0,1,1,1947-04-17,,0,,,,,,,,,,,,,,,,
431036,0022007,2,熊本県,クマモトケン,Kumamoto,,,,熊本市,クマモトシ,Kumamoto-shi,西区,ニシク,Nishi-ku,島崎,シマサキ,Shimasaki,７丁目,７チョウメ,7,,,,,1,1,0,0,0,0,1,1,1947-04-17,,0,,,,,,,,,,,,,,,,
431036,0023001,2,熊本県,クマモトケン,Kumamoto,,,,熊本市,クマモトシ,Kumamoto-shi,西区,ニシク,Nishi-ku,城山大塘,ジョウザンオオドモ,Jozan Odomo,１丁目,１チョウメ,1,,,,,1,1,0,0,0,0,1,1,1947-04-17,,0,,,*_*_*_MJ009210,,,,,,,,,,,,,
431036,0023002,2,熊本県,クマモトケン,Kumamoto,,,,熊本市,クマモトシ,Kumamoto-shi,西区,ニシク,Nishi-ku,城山大塘,ジョウザンオオドモ,Jozan Odomo,２丁目,２チョウメ,2,,,,,1,1,0,0,0,0,1,1,1947-04-17,,0,,,*_*_*_MJ009210,,,,,,,,,,,,,
431036,0023003,2,熊本県,クマモトケン,Kumamoto,,,,熊本市,クマモトシ,Kumamoto-shi,西区,ニシク,Nishi-ku,城山大塘,ジョウザンオオドモ,Jozan Odomo,３丁目,３チョウメ,3,,,,,1,1,0,0,0,0,1,1,1947-04-17,,0,,,*_*_*_MJ009210,,,,,,,,,,,,,
431036,0023004,2,熊本県,クマモトケン,Kumamoto,,,,熊本市,クマモトシ,Kumamoto-shi,西区,ニシク,Nishi-ku,城山大塘,ジョウザンオオドモ,Jozan Odomo,４丁目,４チョウメ,4,,,,,1,1,0,0,0,0,1,1,1947-04-17,,0,,,*_*_*_MJ009210,,,,,,,,,,,,,
431036,0023005,2,熊本県,クマモトケン,Kumamoto,,,,熊本市,クマモトシ,Kumamoto-shi,西区,ニシク,Nishi-ku,城山大塘,ジョウザンオオドモ,Jozan Odomo,５丁目,５チョウメ,5,,,,,1,1,0,0,0,0,1,1,1947-04-17,,0,,,*_*_*_MJ009210,,,,,,,,,,,,,
431036,0023006,2,熊本県,クマモトケン,Kumamoto,,,,熊本市,クマモトシ,Kumamoto-shi,西区,ニシク,Nishi-ku,城山大塘,ジョウザンオオドモ,Jozan Odomo,６丁目,６チョウメ,6,,,,,0,0,0,0,0,0,1,1,1947-04-17,,0,,,*_*_*_MJ009210,,,,,,,,,,,,,
431036,0023006,2,熊本県,クマモトケン,Kumamoto,,,,熊本市,クマモトシ,Kumamoto-shi,西区,ニシク,Nishi-ku,城山大塘,ジョウザンオオドモ,Jozan Odomo,６丁目,６チョウメ,6,,,,,1,1,0,0,0,0,1,1,1947-04-17,,0,,,*_*_*_MJ009210,,,,,,,,,,,,,
431036,0023007,2,熊本県,クマモトケン,Kumamoto,,,,熊本市,クマモトシ,Kumamoto-shi,西区,ニシク,Nishi-ku,城山大塘,ジョウザンオオドモ,Jozan Odomo,７丁目,７チョウメ,7,,,,,1,1,0,0,0,0,1,1,1947-04-17,,0,,,*_*_*_MJ009210,,,,,,,,,,,,,
431036,0024001,2,熊本県,クマモトケン,Kumamoto,,,,熊本市,クマモトシ,Kumamoto-shi,西区,ニシク,Nishi-ku,城山下代,ジョウザンシモダイ,Jozan Shimodai,１丁目,１チョウメ,1,,,,,1,1,0,0,0,0,1,1,1947-04-17,,0,,,,,,,,,,,,,,,,
431036,0024002,2,熊本県,クマモトケン,Kumamoto,,,,熊本市,クマモトシ,Kumamoto-shi,西区,ニシク,Nishi-ku,城山下代,ジョウザンシモダイ,Jozan Shimodai,２丁目,２チョウメ,2,,,,,1,1,0,0,0,0,1,1,1947-04-17,,0,,,,,,,,,,,,,,,,
431036,0024003,2,熊本県,クマモトケン,Kumamoto,,,,熊本市,クマモトシ,Kumamoto-shi,西区,ニシク,Nishi-ku,城山下代,ジョウザンシモダイ,Jozan Shimodai,３丁目,３チョウメ,3,,,,,1,1,0,0,0,0,1,1,1947-04-17,,0,,,,,,,,,,,,,,,,
431036,0024004,2,熊本県,クマモトケン,Kumamoto,,,,熊本市,クマモトシ,Kumamoto-shi,西区,ニシク,Nishi-ku,城山下代,ジョウザンシモダイ,Jozan Shimodai,４丁目,４チョウメ,4,,,,,1,1,0,0,0,0,1,1,1947-04-17,,0,,,,,,,,,,,,,,,,
431036,0024005,2,熊本県,クマモトケン,Kumamoto,,,,熊本市,クマモトシ,Kumamoto-shi,西区,ニシク,Nishi-ku,城山下代,ジョウザンシモダイ,Jozan Shimodai,５丁目,５チョウメ,5,,,,,1,1,0,0,0,0,1,1,1947-04-17,,0,,,,,,,,,,,,,,,,
431036,0025001,2,熊本県,クマモトケン,Kumamoto,,,,熊本市,クマモトシ,Kumamoto-shi,西区,ニシク,Nishi-ku,城山半田,ジョウザンハンタ,Jozan Handa,１丁目,１チョウメ,1,,,,,1,1,0,0,0,0,1,1,1947-04-17,,0,,,,,,,,,,,,,,,,
431036,0025002,2,熊本県,クマモトケン,Kumamoto,,,,熊本市,クマモトシ,Kumamoto-shi,西区,ニシク,Nishi-ku,城山半田,ジョウザンハンタ,Jozan Handa,２丁目,２チョウメ,2,,,,,1,1,0,0,0,0,1,1,1947-04-17,,0,,,,,,,,,,,,,,,,
431036,0025003,2,熊本県,クマモトケン,Kumamoto,,,,熊本市,クマモトシ,Kumamoto-shi,西区,ニシク,Nishi-ku,城山半田,ジョウザンハンタ,Jozan Handa,３丁目,３チョウメ,3,,,,,1,1,0,0,0,0,1,1,1947-04-17,,0,,,,,,,,,,,,,,,,
431036,0025004,2,熊本県,クマモトケン,Kumamoto,,,,熊本市,クマモトシ,Kumamoto-shi,西区,ニシク,Nishi-ku,城山半田,ジョウザンハンタ,Jozan Handa,４丁目,４チョウメ,4,,,,,1,1,0,0,0,0,1,1,1947-04-17,,0,,,,,,,,,,,,,,,,
431036,0026001,2,熊本県,クマモトケン,Kumamoto,,,,熊本市,クマモトシ,Kumamoto-shi,西区,ニシク,Nishi-ku,城山薬師,ジョウザンヤクシ,Jozan Yakushi,１丁目,１チョウメ,1,,,,,1,1,0,0,0,0,1,1,1947-04-17,,0,,,,,,,,,,,,,,,,
431036,0026002,2,熊本県,クマモトケン,Kumamoto,,,,熊本市,クマモトシ,Kumamoto-shi,西区,ニシク,Nishi-ku,城山薬師,ジョウザンヤクシ,Jozan Yakushi,２丁目,２チョウメ,2,,,,,1,1,0,0,0,0,1,1,1947-04-17,,0,,,,,,,,,,,,,,,,
431036,0027001,2,熊本県,クマモトケン,Kumamoto,,,,熊本市,クマモトシ,Kumamoto-shi,西区,ニシク,Nishi-ku,新土河原,シントガワラ,Shintogawara,１丁目,１チョウメ,1,,,,,1,1,0,0,0,0,1,1,1947-04-17,,0,,,,,,,,,,,,,,,,
431036,0027002,2,熊本県,クマモトケン,Kumamoto,,,,熊本市,クマモトシ,Kumamoto-shi,西区,ニシク,Nishi-ku,新土河原,シントガワラ,Shintogawara,２丁目,２チョウメ,2,,,,,1,1,0,0,0,0,1,1,1947-04-17,,0,,,,,,,,,,,,,,,,
431036,0028001,2,熊本県,クマモトケン,Kumamoto,,,,熊本市,クマモトシ,Kumamoto-shi,西区,ニシク,Nishi-ku,新港,シンミナト,Shimminato,１丁目,１チョウメ,1,,,,,0,0,0,0,0,0,1,1,1947-04-17,,0,,,,,,,,,,,,,,,,
431036,0028002,2,熊本県,クマモトケン,Kumamoto,,,,熊本市,クマモトシ,Kumamoto-shi,西区,ニシク,Nishi-ku,新港,シンミナト,Shimminato,２丁目,２チョウメ,2,,,,,0,0,0,0,0,0,1,1,1947-04-17,,0,,,,,,,,,,,,,,,,
431036,0029001,2,熊本県,クマモトケン,Kumamoto,,,,熊本市,クマモトシ,Kumamoto-shi,西区,ニシク,Nishi-ku,高橋町,タカハシマチ,Takahashimachi,１丁目,１チョウメ,1,,,,,1,1,0,0,0,0,1,1,1947-04-17,,0,,,,,,,,,,,,,,,,
431036,0029002,2,熊本県,クマモトケン,Kumamoto,,,,熊本市,クマモトシ,Kumamoto-shi,西区,ニシク,Nishi-ku,高橋町,タカハシマチ,Takahashimachi,２丁目,２チョウメ,2,,,,,1,1,0,0,0,0,1,1,1947-04-17,,0,,,,,,,,,,,,,,,,
431036,0030001,2,熊本県,クマモトケン,Kumamoto,,,,熊本市,クマモトシ,Kumamoto-shi,西区,ニシク,Nishi-ku,田崎,タサキ,Tasaki,１丁目,１チョウメ,1,,,,,1,1,0,0,0,0,1,1,1947-04-17,,0,,,,,,,,,,,,,,,,
431036,0030002,2,熊本県,クマモトケン,Kumamoto,,,,熊本市,クマモトシ,Kumamoto-shi,西区,ニシク,Nishi-ku,田崎,タサキ,Tasaki,２丁目,２チョウメ,2,,,,,1,1,0,0,0,0,1,1,1947-04-17,,0,,,,,,,,,,,,,,,,
431036,0030003,2,熊本県,クマモトケン,Kumamoto,,,,熊本市,クマモトシ,Kumamoto-shi,西区,ニシク,Nishi-ku,田崎,タサキ,Tasaki,３丁目,３チョウメ,3,,,,,1,1,0,0,0,0,1,1,1947-04-17,,0,,,,,,,,,,,,,,,,
431036,0031000,1,熊本県,クマモトケン,Kumamoto,,,,熊本市,クマモトシ,Kumamoto-shi,西区,ニシク,Nishi-ku,田崎本町,タサキホンマチ,Tasakihommachi,,,,,,,,1,1,0,0,0,0,1,1,1947-04-17,,0,8600052,,,,,,,,,,,,,,,
431036,0032000,1,熊本県,クマモトケン,Kumamoto,,,,熊本市,クマモトシ,Kumamoto-shi,西区,ニシク,Nishi-ku,谷尾崎町,タニオザキマチ,Taniozakimachi,,,,,,,,0,0,0,0,0,0,1,1,1947-04-17,,0,8600044,,,,,,,,,,,,,,,
431036,0033000,1,熊本県,クマモトケン,Kumamoto,,,,熊本市,クマモトシ,Kumamoto-shi,西区,ニシク,Nishi-ku,津浦町,ツノウラマチ,Tsunoramachi,,,,,,,,1,1,0,0,0,0,1,1,1947-04-17,,0,8600088,,,,,,,,,,,,,,,
431036,0034000,1,熊本県,クマモトケン,Kumamoto,,,,熊本市,クマモトシ,Kumamoto-shi,西区,ニシク,Nishi-ku,出町,デマチ,Demachi,,,,,,,,1,1,0,0,0,0,1,1,1947-04-17,,0,8600074,,,,,,,,,,,,,,,
431036,0035000,1,熊本県,クマモトケン,Kumamoto,,,,熊本市,クマモトシ,Kumamoto-shi,西区,ニシク,Nishi-ku,戸坂町,トサカマチ,Tosakamachi,,,,,,,,1,1,0,0,0,0,1,1,1947-04-17,,0,8600045,,,,,,,,,,,,,,,
431036,0036000,1,熊本県,クマモトケン,Kumamoto,,,,熊本市,クマモトシ,Kumamoto-shi,西区,ニシク,Nishi-ku,中島町,ナカシママチ,Nakashimamachi,,,,,,,,0,0,0,0,0,0,1,1,1947-04-17,,0,8615272,,,,,,,,,,,,,,,
431036,0037000,1,熊本県,クマモトケン,Kumamoto,,,,熊本市,クマモトシ,Kumamoto-shi,西区,ニシク,Nishi-ku,中原町,ナカハラマチ,Nakaharamachi,,,,,,,,0,0,0,0,0,0,1,1,1947-04-17,,0,8615271,,,,,,,,,,,,,,,
431036,0038000,1,熊本県,クマモトケン,Kumamoto,,,,熊本市,クマモトシ,Kumamoto-shi,西区,ニシク,Nishi-ku,西松尾町,ニシマツオマチ,Nishimatsuomachi,,,,,,,,0,0,0,0,0,0,1,1,1947-04-17,,0,8615288,,,,,,,,,,,,,,,
431036,0039001,2,熊本県,クマモトケン,Kumamoto,,,,熊本市,クマモトシ,Kumamoto-shi,西区,ニシク,Nishi-ku,二本木,ニホンギ,Nihongi,１丁目,１チョウメ,1,,,,,1,1,0,0,0,0,1,1,1947-04-17,,0,,,,,,,,,,,,,,,,
431036,0039002,2,熊本県,クマモトケン,Kumamoto,,,,熊本市,クマモトシ,Kumamoto-shi,西区,ニシク,Nishi-ku,二本木,ニホンギ,Nihongi,２丁目,２チョウメ,2,,,,,1,1,0,0,0,0,1,1,1947-04-17,,0,,,,,,,,,,,,,,,,
431036,0039003,2,熊本県,クマモトケン,Kumamoto,,,,熊本市,クマモトシ,Kumamoto-shi,西区,ニシク,Nishi-ku,二本木,ニホンギ,Nihongi,３丁目,３チョウメ,3,,,,,1,1,0,0,0,0,1,1,1947-04-17,,0,,,,,,,,,,,,,,,,
431036,0039004,2,熊本県,クマモトケン,Kumamoto,,,,熊本市,クマモトシ,Kumamoto-shi,西区,ニシク,Nishi-ku,二本木,ニホンギ,Nihongi,４丁目,４チョウメ,4,,,,,1,1,0,0,0,0,1,1,1947-04-17,,0,,,,,,,,,,,,,,,,
431036,0039005,2,熊本県,クマモトケン,Kumamoto,,,,熊本市,クマモトシ,Kumamoto-shi,西区,ニシク,Nishi-ku,二本木,ニホンギ,Nihongi,５丁目,５チョウメ,5,,,,,1,1,0,0,0,0,1,1,1947-04-17,,0,,,,,,,,,,,,,,,,
431036,0040001,2,熊本県,クマモトケン,Kumamoto,,,,熊本市,クマモトシ,Kumamoto-shi,西区,ニシク,Nishi-ku,野中,ノナカ,Nonaka,１丁目,１チョウメ,1,,,,,1,1,0,0,0,0,1,1,1947-04-17,,0,,,,,,,,,,,,,,,,
431036,0040002,2,熊本県,クマモトケン,Kumamoto,,,,熊本市,クマモトシ,Kumamoto-shi,西区,ニシク,Nishi-ku,野中,ノナカ,Nonaka,２丁目,２チョウメ,2,,,,,1,1,0,0,0,0,1,1,1947-04-17,,0,,,,,,,,,,,,,,,,
431036,0040003,2,熊本県,クマモトケン,Kumamoto,,,,熊本市,クマモトシ,Kumamoto-shi,西区,ニシク,Nishi-ku,野中,ノナカ,Nonaka,３丁目,３チョウメ,3,,,,,1,1,0,0,0,0,1,1,1947-04-17,,0,,,,,,,,,,,,,,,,
431036,0041001,2,熊本県,クマモトケン,Kumamoto,,,,熊本市,クマモトシ,Kumamoto-shi,西区,ニシク,Nishi-ku,花園,ハナゾノ,Hanazono,１丁目,１チョウメ,1,,,,,1,1,0,0,0,0,1,1,1947-04-17,,0,,,,,,,,,,,,,,,,
431036,0041002,2,熊本県,クマモトケン,Kumamoto,,,,熊本市,クマモトシ,Kumamoto-shi,西区,ニシク,Nishi-ku,花園,ハナゾノ,Hanazono,２丁目,２チョウメ,2,,,,,1,1,0,0,0,0,1,1,1947-04-17,,0,,,,,,,,,,,,,,,,
431036,0041003,2,熊本県,クマモトケン,Kumamoto,,,,熊本市,クマモトシ,Kumamoto-shi,西区,ニシク,Nishi-ku,花園,ハナゾノ,Hanazono,３丁目,３チョウメ,3,,,,,1,1,0,0,0,0,1,1,1947-04-17,,0,,,,,,,,,,,,,,,,
431036,0041004,2,熊本県,クマモトケン,Kumamoto,,,,熊本市,クマモトシ,Kumamoto-shi,西区,ニシク,Nishi-ku,花園,ハナゾノ,Hanazono,４丁目,４チョウメ,4,,,,,0,0,0,0,0,0,1,1,1947-04-17,,0,,,,,,,,,,,,,,,,
431036,0041004,2,熊本県,クマモトケン,Kumamoto,,,,熊本市,クマモトシ,Kumamoto-shi,西区,ニシク,Nishi-ku,花園,ハナゾノ,Hanazono,４丁目,４チョウメ,4,,,,,1,1,0,0,0,0,1,1,1947-04-17,,0,,,,,,,,,,,,,,,,
431036,0041005,2,熊本県,クマモトケン,Kumamoto,,,,熊本市,クマモトシ,Kumamoto-shi,西区,ニシク,Nishi-ku,花園,ハナゾノ,Hanazono,５丁目,５チョウメ,5,,,,,1,1,0,0,0,0,1,1,1947-04-17,,0,,,,,,,,,,,,,,,,
431036,0041006,2,熊本県,クマモトケン,Kumamoto,,,,熊本市,クマモトシ,Kumamoto-shi,西区,ニシク,Nishi-ku,花園,ハナゾノ,Hanazono,６丁目,６チョウメ,6,,,,,0,0,0,0,0,0,1,1,1947-04-17,,0,,,,,,,,,,,,,,,,
431036,0041006,2,熊本県,クマモトケン,Kumamoto,,,,熊本市,クマモトシ,Kumamoto-shi,西区,ニシク,Nishi-ku,花園,ハナゾノ,Hanazono,６丁目,６チョウメ,6,,,,,1,1,0,0,0,0,1,1,1947-04-17,,0,,,,,,,,,,,,,,,,
431036,0041007,2,熊本県,クマモトケン,Kumamoto,,,,熊本市,クマモトシ,Kumamoto-shi,西区,ニシク,Nishi-ku,花園,ハナゾノ,Hanazono,７丁目,７チョウメ,7,,,,,0,0,0,0,0,0,1,1,1947-04-17,,0,,,,,,,,,,,,,,,,
431036,0041007,2,熊本県,クマモトケン,Kumamoto,,,,熊本市,クマモトシ,Kumamoto-shi,西区,ニシク,Nishi-ku,花園,ハナゾノ,Hanazono,７丁目,７チョウメ,7,,,,,1,1,0,0,0,0,1,1,1947-04-17,,0,,,,,,,,,,,,,,,,
431036,0042000,1,熊本県,クマモトケン,Kumamoto,,,,熊本市,クマモトシ,Kumamoto-shi,西区,ニシク,Nishi-ku,稗田町,ヒエダマチ,Hiedamachi,,,,,,,,1,1,0,0,0,0,1,1,1947-04-17,,0,8600075,,MJ019088_*_*,,,,,,,,,,,,,
431036,0043001,2,熊本県,クマモトケン,Kumamoto,,,,熊本市,クマモトシ,Kumamoto-shi,西区,ニシク,Nishi-ku,松尾,マツオ,Matsuo,１丁目,１チョウメ,1,,,,,1,1,0,0,0,0,1,1,1947-04-17,,0,,,,,,,,,,,,,,,,
431036,0043002,2,熊本県,クマモトケン,Kumamoto,,,,熊本市,クマモトシ,Kumamoto-shi,西区,ニシク,Nishi-ku,松尾,マツオ,Matsuo,２丁目,２チョウメ,2,,,,,1,1,0,0,0,0,1,1,1947-04-17,,0,,,,,,,,,,,,,,,,
431036,0044000,1,熊本県,クマモトケン,Kumamoto,,,,熊本市,クマモトシ,Kumamoto-shi,西区,ニシク,Nishi-ku,松尾町近津,マツオマチチコウヅ,Matsuomachi Chikozu,,,,,,,,0,0,0,0,0,0,1,1,1947-04-17,,0,8615281,,,,,,,,,,,,,,,
431036,0045000,1,熊本県,クマモトケン,Kumamoto,,,,熊本市,クマモトシ,Kumamoto-shi,西区,ニシク,Nishi-ku,松尾町平山,マツオマチヒラヤマ,Matsuomachi Hirayama,,,,,,,,0,0,0,0,0,0,1,1,1947-04-17,,0,8615282,,,,,,,,,,,,,,,
431036,0046001,2,熊本県,クマモトケン,Kumamoto,,,,熊本市,クマモトシ,Kumamoto-shi,西区,ニシク,Nishi-ku,八島,ヤシマ,Yashima,１丁目,１チョウメ,1,,,,,1,1,0,0,0,0,1,1,1947-04-17,,0,,,,,,,,,,,,,,,,
431036,0046002,2,熊本県,クマモトケン,Kumamoto,,,,熊本市,クマモトシ,Kumamoto-shi,西区,ニシク,Nishi-ku,八島,ヤシマ,Yashima,２丁目,２チョウメ,2,,,,,1,1,0,0,0,0,1,1,1947-04-17,,0,,,,,,,,,,,,,,,,
431036,0047001,2,熊本県,クマモトケン,Kumamoto,,,,熊本市,クマモトシ,Kumamoto-shi,西区,ニシク,Nishi-ku,横手,ヨコテ,Yokote,１丁目,１チョウメ,1,,,,,1,1,0,0,0,0,1,1,1947-04-17,,0,,,,,,,,,,,,,,,,
431036,0047002,2,熊本県,クマモトケン,Kumamoto,,,,熊本市,クマモトシ,Kumamoto-shi,西区,ニシク,Nishi-ku,横手,ヨコテ,Yokote,２丁目,２チョウメ,2,,,,,1,1,0,0,0,0,1,1,1947-04-17,,0,,,,,,,,,,,,,,,,
431036,0047003,2,熊本県,クマモトケン,Kumamoto,,,,熊本市,クマモトシ,Kumamoto-shi,西区,ニシク,Nishi-ku,横手,ヨコテ,Yokote,３丁目,３チョウメ,3,,,,,1,1,0,0,0,0,1,1,1947-04-17,,0,,,,,,,,,,,,,,,,
431036,0047004,2,熊本県,クマモトケン,Kumamoto,,,,熊本市,クマモトシ,Kumamoto-shi,西区,ニシク,Nishi-ku,横手,ヨコテ,Yokote,４丁目,４チョウメ,4,,,,,1,1,0,0,0,0,1,1,1947-04-17,,0,,,,,,,,,,,,,,,,
431036,0047005,2,熊本県,クマモトケン,Kumamoto,,,,熊本市,クマモトシ,Kumamoto-shi,西区,ニシク,Nishi-ku,横手,ヨコテ,Yokote,５丁目,５チョウメ,5,,,,,1,1,0,0,0,0,1,1,1947-04-17,,0,,,,,,,,,,,,,,,,
431036,0048001,2,熊本県,クマモトケン,Kumamoto,,,,熊本市,クマモトシ,Kumamoto-shi,西区,ニシク,Nishi-ku,蓮台寺,レンダイジ,Rendaiji,１丁目,１チョウメ,1,,,,,1,1,0,0,0,0,1,1,1947-04-17,,0,,,MJ022605_*_*,,,,,,,,,,,,,
431036,0048002,2,熊本県,クマモトケン,Kumamoto,,,,熊本市,クマモトシ,Kumamoto-shi,西区,ニシク,Nishi-ku,蓮台寺,レンダイジ,Rendaiji,２丁目,２チョウメ,2,,,,,1,1,0,0,0,0,1,1,1947-04-17,,0,,,MJ022605_*_*,,,,,,,,,,,,,
431036,0048003,2,熊本県,クマモトケン,Kumamoto,,,,熊本市,クマモトシ,Kumamoto-shi,西区,ニシク,Nishi-ku,蓮台寺,レンダイジ,Rendaiji,３丁目,３チョウメ,3,,,,,1,1,0,0,0,0,1,1,1947-04-17,,0,,,MJ022605_*_*,,,,,,,,,,,,,
431036,0048004,2,熊本県,クマモトケン,Kumamoto,,,,熊本市,クマモトシ,Kumamoto-shi,西区,ニシク,Nishi-ku,蓮台寺,レンダイジ,Rendaiji,４丁目,４チョウメ,4,,,,,1,1,0,0,0,0,1,1,1947-04-17,,0,,,MJ022605_*_*,,,,,,,,,,,,,
431036,0048005,2,熊本県,クマモトケン,Kumamoto,,,,熊本市,クマモトシ,Kumamoto-shi,西区,ニシク,Nishi-ku,蓮台寺,レンダイジ,Rendaiji,５丁目,５チョウメ,5,,,,,1,1,0,0,0,0,1,1,1947-04-17,,0,,,MJ022605_*_*,,,,,,,,,,,,,
431036,0049000,1,熊本県,クマモトケン,Kumamoto,,,,熊本市,クマモトシ,Kumamoto-shi,西区,ニシク,Nishi-ku,中松尾町,ナカマツオマチ,Nakamatsuomachi,,,,,,,,0,0,0,0,0,0,1,1,1947-04-17,,0,8615286,,,,,,,,,,,,,,,
431036,0050000,1,熊本県,クマモトケン,Kumamoto,,,,熊本市,クマモトシ,Kumamoto-shi,西区,ニシク,Nishi-ku,八島町,ヤシママチ,Yashimamachi,,,,,,,,0,0,0,0,0,0,1,1,1947-04-17,,0,8600057,,,,,,,,,,,,,,,
431036,0052000,1,熊本県,クマモトケン,Kumamoto,,,,熊本市,クマモトシ,Kumamoto-shi,西区,ニシク,Nishi-ku,田崎町,タサキマチ,Tasakimachi,,,,,,,,0,0,0,0,0,0,1,1,1947-04-17,,0,8600058,,,,,,,,,,,,,,,
431036,0054000,1,熊本県,クマモトケン,Kumamoto,,,,熊本市,クマモトシ,Kumamoto-shi,西区,ニシク,Nishi-ku,城山上代町,ジヨウザンカミダイマチ,Jozan Kamidaimachi,,,,,,,,0,0,0,0,0,0,1,1,1947-04-17,,0,8600063,,,,,,,,,,,,,,,
431044,0001000,1,熊本県,クマモトケン,Kumamoto,,,,熊本市,クマモトシ,Kumamoto-shi,南区,ミナミク,Minami-ku,会富町,アイドミマチ,Aidomimachi,,,,,,,,0,0,0,0,0,0,1,1,1947-04-17,,0,8614121,,,,,,,,,,,,,,,
431044,0002001,2,熊本県,クマモトケン,Kumamoto,,,,熊本市,クマモトシ,Kumamoto-shi,南区,ミナミク,Minami-ku,荒尾,アラオ,Arao,１丁目,１チョウメ,1,,,,,1,1,0,0,0,0,1,1,1947-04-17,,0,,,,,,,,,,,,,,,,
431044,0002002,2,熊本県,クマモトケン,Kumamoto,,,,熊本市,クマモトシ,Kumamoto-shi,南区,ミナミク,Minami-ku,荒尾,アラオ,Arao,２丁目,２チョウメ,2,,,,,1,1,0,0,0,0,1,1,1947-04-17,,0,,,,,,,,,,,,,,,,
431044,0002003,2,熊本県,クマモトケン,Kumamoto,,,,熊本市,クマモトシ,Kumamoto-shi,南区,ミナミク,Minami-ku,荒尾,アラオ,Arao,３丁目,３チョウメ,3,,,,,1,1,0,0,0,0,1,1,1947-04-17,,0,,,,,,,,,,,,,,,,
431044,0003000,1,熊本県,クマモトケン,Kumamoto,,,,熊本市,クマモトシ,Kumamoto-shi,南区,ミナミク,Minami-ku,荒尾町,アラオマチ,Araomachi,,,,,,,,0,0,0,0,0,0,1,1,1947-04-17,,0,8614136,,,,,,,,,,,,,,,
431044,0004001,2,熊本県,クマモトケン,Kumamoto,,,,熊本市,クマモトシ,Kumamoto-shi,南区,ミナミク,Minami-ku,出仲間,イデナカマ,Idenakama,１丁目,１チョウメ,1,,,,,1,1,0,0,0,0,1,1,1947-04-17,,0,,,,,,,,,,,,,,,,
431044,0004002,2,熊本県,クマモトケン,Kumamoto,,,,熊本市,クマモトシ,Kumamoto-shi,南区,ミナミク,Minami-ku,出仲間,イデナカマ,Idenakama,２丁目,２チョウメ,2,,,,,1,1,0,0,0,0,1,1,1947-04-17,,0,,,,,,,,,,,,,,,,
431044,0004003,2,熊本県,クマモトケン,Kumamoto,,,,熊本市,クマモトシ,Kumamoto-shi,南区,ミナミク,Minami-ku,出仲間,イデナカマ,Idenakama,３丁目,３チョウメ,3,,,,,1,1,0,0,0,0,1,1,1947-04-17,,0,,,,,,,,,,,,,,,,
431044,0004004,2,熊本県,クマモトケン,Kumamoto,,,,熊本市,クマモトシ,Kumamoto-shi,南区,ミナミク,Minami-ku,出仲間,イデナカマ,Idenakama,４丁目,４チョウメ,4,,,,,1,1,0,0,0,0,1,1,1947-04-17,,0,,,,,,,,,,,,,,,,
431044,0004005,2,熊本県,クマモトケン,Kumamoto,,,,熊本市,クマモトシ,Kumamoto-shi,南区,ミナミク,Minami-ku,出仲間,イデナカマ,Idenakama,５丁目,５チョウメ,5,,,,,1,1,0,0,0,0,1,1,1947-04-17,,0,,,,,,,,,,,,,,,,
431044,0004006,2,熊本県,クマモトケン,Kumamoto,,,,熊本市,クマモトシ,Kumamoto-shi,南区,ミナミク,Minami-ku,出仲間,イデナカマ,Idenakama,６丁目,６チョウメ,6,,,,,1,1,0,0,0,0,1,1,1947-04-17,,0,,,,,,,,,,,,,,,,
431044,0004007,2,熊本県,クマモトケン,Kumamoto,,,,熊本市,クマモトシ,Kumamoto-shi,南区,ミナミク,Minami-ku,出仲間,イデナカマ,Idenakama,７丁目,７チョウメ,7,,,,,1,1,0,0,0,0,1,1,1947-04-17,,0,,,,,,,,,,,,,,,,
431044,0004008,2,熊本県,クマモトケン,Kumamoto,,,,熊本市,クマモトシ,Kumamoto-shi,南区,ミナミク,Minami-ku,出仲間,イデナカマ,Idenakama,８丁目,８チョウメ,8,,,,,1,1,0,0,0,0,1,1,1947-04-17,,0,,,,,,,,,,,,,,,,
431044,0004009,2,熊本県,クマモトケン,Kumamoto,,,,熊本市,クマモトシ,Kumamoto-shi,南区,ミナミク,Minami-ku,出仲間,イデナカマ,Idenakama,９丁目,９チョウメ,9,,,,,1,1,0,0,0,0,1,1,1947-04-17,,0,,,,,,,,,,,,,,,,
431044,0005000,1,熊本県,クマモトケン,Kumamoto,,,,熊本市,クマモトシ,Kumamoto-shi,南区,ミナミク,Minami-ku,今町,イママチ,Imamachi,,,,,,,,0,0,0,0,0,0,1,1,1947-04-17,,0,8615251,,,,,,,,,,,,,,,
431044,0006000,1,熊本県,クマモトケン,Kumamoto,,,,熊本市,クマモトシ,Kumamoto-shi,南区,ミナミク,Minami-ku,海路口町,ウジグチマチ,Ujiguchimachi,,,,,,,,0,0,0,0,0,0,1,1,1947-04-17,,0,8614124,,,,,,,,,,,,,,,
431044,0007001,2,熊本県,クマモトケン,Kumamoto,,,,熊本市,クマモトシ,Kumamoto-shi,南区,ミナミク,Minami-ku,薄場,ウスバ,Usuba,１丁目,１チョウメ,1,,,,,1,1,0,0,0,0,1,1,1947-04-17,,0,,,,,,,,,,,,,,,,
431044,0007002,2,熊本県,クマモトケン,Kumamoto,,,,熊本市,クマモトシ,Kumamoto-shi,南区,ミナミク,Minami-ku,薄場,ウスバ,Usuba,２丁目,２チョウメ,2,,,,,1,1,0,0,0,0,1,1,1947-04-17,,0,,,,,,,,,,,,,,,,
431044,0007003,2,熊本県,クマモトケン,Kumamoto,,,,熊本市,クマモトシ,Kumamoto-shi,南区,ミナミク,Minami-ku,薄場,ウスバ,Usuba,３丁目,３チョウメ,3,,,,,1,1,0,0,0,0,1,1,1947-04-17,,0,,,,,,,,,,,,,,,,
431044,0008000,1,熊本県,クマモトケン,Kumamoto,,,,熊本市,クマモトシ,Kumamoto-shi,南区,ミナミク,Minami-ku,薄場町,ウスバマチ,Usubamachi,,,,,,,,0,0,0,0,0,0,1,1,1947-04-17,,0,8614131,,,,,,,,,,,,,,,
431044,0009000,1,熊本県,クマモトケン,Kumamoto,,,,熊本市,クマモトシ,Kumamoto-shi,南区,ミナミク,Minami-ku,内田町,ウチダマチ,Uchidamachi,,,,,,,,0,0,0,0,0,0,1,1,1947-04-17,,0,8614127,,,,,,,,,,,,,,,
431044,0010001,2,熊本県,クマモトケン,Kumamoto,,,,熊本市,クマモトシ,Kumamoto-shi,南区,ミナミク,Minami-ku,江越,エゴエ,Egoe,１丁目,１チョウメ,1,,,,,1,1,0,0,0,0,1,1,1947-04-17,,0,,,,,,,,,,,,,,,,
431044,0010002,2,熊本県,クマモトケン,Kumamoto,,,,熊本市,クマモトシ,Kumamoto-shi,南区,ミナミク,Minami-ku,江越,エゴエ,Egoe,２丁目,２チョウメ,2,,,,,1,1,0,0,0,0,1,1,1947-04-17,,0,,,,,,,,,,,,,,,,
431044,0011000,1,熊本県,クマモトケン,Kumamoto,,,,熊本市,クマモトシ,Kumamoto-shi,南区,ミナミク,Minami-ku,奥古閑町,オクコガマチ,Okukogamachi,,,,,,,,0,0,0,0,0,0,1,1,1947-04-17,,0,8614125,,,,,,,,,,,,,,,
431044,0012001,2,熊本県,クマモトケン,Kumamoto,,,,熊本市,クマモトシ,Kumamoto-shi,南区,ミナミク,Minami-ku,上ノ郷,カミノゴウ,Kaminogo,１丁目,１チョウメ,1,,,,,1,1,0,0,0,0,1,1,1947-04-17,,0,,,,,,,,,,,,,,,,
431044,0012002,2,熊本県,クマモトケン,Kumamoto,,,,熊本市,クマモトシ,Kumamoto-shi,南区,ミナミク,Minami-ku,上ノ郷,カミノゴウ,Kaminogo,２丁目,２チョウメ,2,,,,,1,1,0,0,0,0,1,1,1947-04-17,,0,,,,,,,,,,,,,,,,
431044,0013001,2,熊本県,クマモトケン,Kumamoto,,,,熊本市,クマモトシ,Kumamoto-shi,南区,ミナミク,Minami-ku,刈草,カリクサ,Karikusa,１丁目,１チョウメ,1,,,,,1,1,0,0,0,0,1,1,1947-04-17,,0,,,,,,,,,,,,,,,,
431044,0013002,2,熊本県,クマモトケン,Kumamoto,,,,熊本市,クマモトシ,Kumamoto-shi,南区,ミナミク,Minami-ku,刈草,カリクサ,Karikusa,２丁目,２チョウメ,2,,,,,1,1,0,0,0,0,1,1,1947-04-17,,0,,,,,,,,,,,,,,,,
431044,0013003,2,熊本県,クマモトケン,Kumamoto,,,,熊本市,クマモトシ,Kumamoto-shi,南区,ミナミク,Minami-ku,刈草,カリクサ,Karikusa,３丁目,３チョウメ,3,,,,,1,1,0,0,0,0,1,1,1947-04-17,,0,,,,,,,,,,,,,,,,
431044,0014000,1,熊本県,クマモトケン,Kumamoto,,,,熊本市,クマモトシ,Kumamoto-shi,南区,ミナミク,Minami-ku,川口町,カワグチマチ,Kawaguchimachi,,,,,,,,0,0,0,0,0,0,1,1,1947-04-17,,0,8614123,,,,,,,,,,,,,,,
431044,0015001,2,熊本県,クマモトケン,Kumamoto,,,,熊本市,クマモトシ,Kumamoto-shi,南区,ミナミク,Minami-ku,川尻,カワシリ,Kawashiri,１丁目,１チョウメ,1,,,,,1,1,0,0,0,0,1,1,1947-04-17,,0,,,,,,,,,,,,,,,,
431044,0015002,2,熊本県,クマモトケン,Kumamoto,,,,熊本市,クマモトシ,Kumamoto-shi,南区,ミナミク,Minami-ku,川尻,カワシリ,Kawashiri,２丁目,２チョウメ,2,,,,,1,1,0,0,0,0,1,1,1947-04-17,,0,,,,,,,,,,,,,,,,
431044,0015003,2,熊本県,クマモトケン,Kumamoto,,,,熊本市,クマモトシ,Kumamoto-shi,南区,ミナミク,Minami-ku,川尻,カワシリ,Kawashiri,３丁目,３チョウメ,3,,,,,1,1,0,0,0,0,1,1,1947-04-17,,0,,,,,,,,,,,,,,,,
431044,0015004,2,熊本県,クマモトケン,Kumamoto,,,,熊本市,クマモトシ,Kumamoto-shi,南区,ミナミク,Minami-ku,川尻,カワシリ,Kawashiri,４丁目,４チョウメ,4,,,,,1,1,0,0,0,0,1,1,1947-04-17,,0,,,,,,,,,,,,,,,,
431044,0015005,2,熊本県,クマモトケン,Kumamoto,,,,熊本市,クマモトシ,Kumamoto-shi,南区,ミナミク,Minami-ku,川尻,カワシリ,Kawashiri,５丁目,５チョウメ,5,,,,,1,1,0,0,0,0,1,1,1947-04-17,,0,,,,,,,,,,,,,,,,
431044,0015006,2,熊本県,クマモトケン,Kumamoto,,,,熊本市,クマモトシ,Kumamoto-shi,南区,ミナミク,Minami-ku,川尻,カワシリ,Kawashiri,６丁目,６チョウメ,6,,,,,1,1,0,0,0,0,1,1,1947-04-17,,0,,,,,,,,,,,,,,,,
431044,0016001,2,熊本県,クマモトケン,Kumamoto,,,,熊本市,クマモトシ,Kumamoto-shi,南区,ミナミク,Minami-ku,合志,ゴウシ,Goshi,１丁目,１チョウメ,1,,,,,1,1,0,0,0,0,1,1,1947-04-17,,0,,,,,,,,,,,,,,,,
431044,0016002,2,熊本県,クマモトケン,Kumamoto,,,,熊本市,クマモトシ,Kumamoto-shi,南区,ミナミク,Minami-ku,合志,ゴウシ,Goshi,２丁目,２チョウメ,2,,,,,1,1,0,0,0,0,1,1,1947-04-17,,0,,,,,,,,,,,,,,,,
431044,0016003,2,熊本県,クマモトケン,Kumamoto,,,,熊本市,クマモトシ,Kumamoto-shi,南区,ミナミク,Minami-ku,合志,ゴウシ,Goshi,３丁目,３チョウメ,3,,,,,1,1,0,0,0,0,1,1,1947-04-17,,0,,,,,,,,,,,,,,,,
431044,0016004,2,熊本県,クマモトケン,Kumamoto,,,,熊本市,クマモトシ,Kumamoto-shi,南区,ミナミク,Minami-ku,合志,ゴウシ,Goshi,４丁目,４チョウメ,4,,,,,1,1,0,0,0,0,1,1,1947-04-17,,0,,,,,,,,,,,,,,,,
431044,0017001,2,熊本県,クマモトケン,Kumamoto,,,,熊本市,クマモトシ,Kumamoto-shi,南区,ミナミク,Minami-ku,幸田,コウダ,Koda,１丁目,１チョウメ,1,,,,,1,1,0,0,0,0,1,1,1947-04-17,,0,,,,,,,,,,,,,,,,
431044,0017002,2,熊本県,クマモトケン,Kumamoto,,,,熊本市,クマモトシ,Kumamoto-shi,南区,ミナミク,Minami-ku,幸田,コウダ,Koda,２丁目,２チョウメ,2,,,,,1,1,0,0,0,0,1,1,1947-04-17,,0,,,,,,,,,,,,,,,,
431044,0018000,1,熊本県,クマモトケン,Kumamoto,,,,熊本市,クマモトシ,Kumamoto-shi,南区,ミナミク,Minami-ku,護藤町,ゴンドウマチ,Gondomachi,,,,,,,,0,0,0,0,0,0,1,1,1947-04-17,,0,8614117,,,,,,,,,,,,,,,
431044,0019001,2,熊本県,クマモトケン,Kumamoto,,,,熊本市,クマモトシ,Kumamoto-shi,南区,ミナミク,Minami-ku,城南町さんさん,ジョウナンマチサンサン,Jonammachi Sansan,１丁目,１チョウメ,1,,,,,0,0,0,0,0,0,1,1,1947-04-17,,0,,,,,,,,,,,,,,,,
431044,0019002,2,熊本県,クマモトケン,Kumamoto,,,,熊本市,クマモトシ,Kumamoto-shi,南区,ミナミク,Minami-ku,城南町さんさん,ジョウナンマチサンサン,Jonammachi Sansan,２丁目,２チョウメ,2,,,,,0,0,0,0,0,0,1,1,1947-04-17,,0,,,,,,,,,,,,,,,,
431044,0020001,2,熊本県,クマモトケン,Kumamoto,,,,熊本市,クマモトシ,Kumamoto-shi,南区,ミナミク,Minami-ku,島町,シママチ,Shimamachi,１丁目,１チョウメ,1,,,,,1,1,0,0,0,0,1,1,1947-04-17,,0,,,,,,,,,,,,,,,,
431044,0020002,2,熊本県,クマモトケン,Kumamoto,,,,熊本市,クマモトシ,Kumamoto-shi,南区,ミナミク,Minami-ku,島町,シママチ,Shimamachi,２丁目,２チョウメ,2,,,,,1,1,0,0,0,0,1,1,1947-04-17,,0,,,,,,,,,,,,,,,,
431044,0020003,2,熊本県,クマモトケン,Kumamoto,,,,熊本市,クマモトシ,Kumamoto-shi,南区,ミナミク,Minami-ku,島町,シママチ,Shimamachi,３丁目,３チョウメ,3,,,,,1,1,0,0,0,0,1,1,1947-04-17,,0,,,,,,,,,,,,,,,,
431044,0020004,2,熊本県,クマモトケン,Kumamoto,,,,熊本市,クマモトシ,Kumamoto-shi,南区,ミナミク,Minami-ku,島町,シママチ,Shimamachi,４丁目,４チョウメ,4,,,,,1,1,0,0,0,0,1,1,1947-04-17,,0,,,,,,,,,,,,,,,,
431044,0020005,2,熊本県,クマモトケン,Kumamoto,,,,熊本市,クマモトシ,Kumamoto-shi,南区,ミナミク,Minami-ku,島町,シママチ,Shimamachi,５丁目,５チョウメ,5,,,,,1,1,0,0,0,0,1,1,1947-04-17,,0,,,,,,,,,,,,,,,,
431044,0021002,2,熊本県,クマモトケン,Kumamoto,,,,熊本市,クマモトシ,Kumamoto-shi,南区,ミナミク,Minami-ku,十禅寺,ジュウゼンジ,Juzenji,２丁目,２チョウメ,2,,,,,1,1,0,0,0,0,1,1,1947-04-17,,0,,,,,,,,,,,,,,,,
431044,0021003,2,熊本県,クマモトケン,Kumamoto,,,,熊本市,クマモトシ,Kumamoto-shi,南区,ミナミク,Minami-ku,十禅寺,ジュウゼンジ,Juzenji,３丁目,３チョウメ,3,,,,,1,1,0,0,0,0,1,1,1947-04-17,,0,,,,,,,,,,,,,,,,
431044,0022000,1,熊本県,クマモトケン,Kumamoto,,,,熊本市,クマモトシ,Kumamoto-shi,南区,ミナミク,Minami-ku,城南町赤見,ジョウナンマチアカミ,Jonammachi Akami,,,,,,,,0,0,0,0,0,0,1,1,1947-04-17,,0,8614231,,,,,,,,,,,,,,,
431044,0023000,1,熊本県,クマモトケン,Kumamoto,,,,熊本市,クマモトシ,Kumamoto-shi,南区,ミナミク,Minami-ku,城南町阿高,ジョウナンマチアダカ,Jonammachi Adaka,,,,,,,,0,0,0,0,0,0,1,1,1947-04-17,,0,8614224,,,,,,,,,,,,,,,
431044,0024000,1,熊本県,クマモトケン,Kumamoto,,,,熊本市,クマモトシ,Kumamoto-shi,南区,ミナミク,Minami-ku,城南町碇,ジョウナンマチイカリ,Jonammachi Ikari,,,,,,,,0,0,0,0,0,0,1,1,1947-04-17,,0,8614205,,,,,,,,,,,,,,,
431044,0025000,1,熊本県,クマモトケン,Kumamoto,,,,熊本市,クマモトシ,Kumamoto-shi,南区,ミナミク,Minami-ku,城南町出水,ジョウナンマチイズミ,Jonammachi Izumi,,,,,,,,0,0,0,0,0,0,1,1,1947-04-17,,0,8614213,,,,,,,,,,,,,,,
431044,0026000,1,熊本県,クマモトケン,Kumamoto,,,,熊本市,クマモトシ,Kumamoto-shi,南区,ミナミク,Minami-ku,城南町今吉野,ジョウナンマチイマヨシノ,Jonammachi Imayoshino,,,,,,,,0,0,0,0,0,0,1,1,1947-04-17,,0,8614211,,,,,,,,,,,,,,,
431044,0027000,1,熊本県,クマモトケン,Kumamoto,,,,熊本市,クマモトシ,Kumamoto-shi,南区,ミナミク,Minami-ku,城南町隈庄,ジョウナンマチクマノショウ,Jonammachi Kumanosho,,,,,,,,0,0,0,0,0,0,1,1,1947-04-17,,0,8614203,,,,,,,,,,,,,,,
431044,0028000,1,熊本県,クマモトケン,Kumamoto,,,,熊本市,クマモトシ,Kumamoto-shi,南区,ミナミク,Minami-ku,城南町坂野,ジョウナンマチサカノ,Jonammachi Sakano,,,,,,,,0,0,0,0,0,0,1,1,1947-04-17,,0,8614201,,,,,,,,,,,,,,,
431044,0029000,1,熊本県,クマモトケン,Kumamoto,,,,熊本市,クマモトシ,Kumamoto-shi,南区,ミナミク,Minami-ku,城南町沈目,ジョウナンマチシズメ,Jonammachi Shizume,,,,,,,,0,0,0,0,0,0,1,1,1947-04-17,,0,8614215,,,,,,,,,,,,,,,
431044,0030000,1,熊本県,クマモトケン,Kumamoto,,,,熊本市,クマモトシ,Kumamoto-shi,南区,ミナミク,Minami-ku,城南町島田,ジョウナンマチシマダ,Jonammachi Shimada,,,,,,,,0,0,0,0,0,0,1,1,1947-04-17,,0,8614236,,,,,,,,,,,,,,,
431044,0031000,1,熊本県,クマモトケン,Kumamoto,,,,熊本市,クマモトシ,Kumamoto-shi,南区,ミナミク,Minami-ku,城南町下宮地,ジョウナンマチシモミヤジ,Jonammachi Shimomiyaji,,,,,,,,0,0,0,0,0,0,1,1,1947-04-17,,0,8614204,,,,,,,,,,,,,,,
431044,0032000,1,熊本県,クマモトケン,Kumamoto,,,,熊本市,クマモトシ,Kumamoto-shi,南区,ミナミク,Minami-ku,城南町陳内,ジョウナンマチジンナイ,Jonammachi Jinnai,,,,,,,,0,0,0,0,0,0,1,1,1947-04-17,,0,8614221,,,,,,,,,,,,,,,
431044,0033000,1,熊本県,クマモトケン,Kumamoto,,,,熊本市,クマモトシ,Kumamoto-shi,南区,ミナミク,Minami-ku,城南町高,ジョウナンマチタカ,Jonammachi Taka,,,,,,,,0,0,0,0,0,0,1,1,1947-04-17,,0,8614232,,,,,,,,,,,,,,,
431044,0034000,1,熊本県,クマモトケン,Kumamoto,,,,熊本市,クマモトシ,Kumamoto-shi,南区,ミナミク,Minami-ku,城南町千町,ジョウナンマチチマチ,Jonammachi Chimachi,,,,,,,,0,0,0,0,0,0,1,1,1947-04-17,,0,8614235,,,,,,,,,,,,,,,
431044,0035000,1,熊本県,クマモトケン,Kumamoto,,,,熊本市,クマモトシ,Kumamoto-shi,南区,ミナミク,Minami-ku,城南町築地,ジョウナンマチツイジ,Jonammachi Tsuiji,,,,,,,,0,0,0,0,0,0,1,1,1947-04-17,,0,8614212,,,,,,,,,,,,,,,
431044,0036000,1,熊本県,クマモトケン,Kumamoto,,,,熊本市,クマモトシ,Kumamoto-shi,南区,ミナミク,Minami-ku,城南町塚原,ジョウナンマチツカワラ,Jonammachi Tsukawara,,,,,,,,0,0,0,0,0,0,1,1,1947-04-17,,0,8614226,,,,,,,,,,,,,,,
431044,0037000,1,熊本県,クマモトケン,Kumamoto,,,,熊本市,クマモトシ,Kumamoto-shi,南区,ミナミク,Minami-ku,城南町永,ジョウナンマチナガ,Jonammachi Naga,,,,,,,,0,0,0,0,0,0,1,1,1947-04-17,,0,8614234,,,,,,,,,,,,,,,
431044,0038000,1,熊本県,クマモトケン,Kumamoto,,,,熊本市,クマモトシ,Kumamoto-shi,南区,ミナミク,Minami-ku,城南町丹生宮,ジョウナンマチニウノミヤ,Jonammachi Niunomiya,,,,,,,,0,0,0,0,0,0,1,1,1947-04-17,,0,8614233,,,,,,,,,,,,,,,
431044,0039000,1,熊本県,クマモトケン,Kumamoto,,,,熊本市,クマモトシ,Kumamoto-shi,南区,ミナミク,Minami-ku,城南町東阿高,ジョウナンマチヒガシアダカ,Jonammachi Higashiadaka,,,,,,,,0,0,0,0,0,0,1,1,1947-04-17,,0,8614225,,,,,,,,,,,,,,,
431044,0040000,1,熊本県,クマモトケン,Kumamoto,,,,熊本市,クマモトシ,Kumamoto-shi,南区,ミナミク,Minami-ku,城南町藤山,ジョウナンマチフジヤマ,Jonammachi Fujiyama,,,,,,,,0,0,0,0,0,0,1,1,1947-04-17,,0,8614223,,,,,,,,,,,,,,,
431044,0041000,1,熊本県,クマモトケン,Kumamoto,,,,熊本市,クマモトシ,Kumamoto-shi,南区,ミナミク,Minami-ku,城南町舞原,ジョウナンマチマイノハラ,Jonammachi Mainohara,,,,,,,,0,0,0,0,0,0,1,1,1947-04-17,,0,8614214,,,,,,,,,,,,,,,
431044,0042000,1,熊本県,クマモトケン,Kumamoto,,,,熊本市,クマモトシ,Kumamoto-shi,南区,ミナミク,Minami-ku,城南町宮地,ジョウナンマチミヤジ,Jonammachi Miyaji,,,,,,,,0,0,0,0,0,0,1,1,1947-04-17,,0,8614202,,,,,,,,,,,,,,,
431044,0043000,1,熊本県,クマモトケン,Kumamoto,,,,熊本市,クマモトシ,Kumamoto-shi,南区,ミナミク,Minami-ku,城南町六田,ジョウナンマチロクタ,Jonammachi Rokuta,,,,,,,,0,0,0,0,0,0,1,1,1947-04-17,,0,8614237,,,,,,,,,,,,,,,
431044,0044000,1,熊本県,クマモトケン,Kumamoto,,,,熊本市,クマモトシ,Kumamoto-shi,南区,ミナミク,Minami-ku,城南町鰐瀬,ジョウナンマチワニゼ,Jonammachi Wanize,,,,,,,,0,0,0,0,0,0,1,1,1947-04-17,,0,8614222,,,,,,,,,,,,,,,
431044,0045001,2,熊本県,クマモトケン,Kumamoto,,,,熊本市,クマモトシ,Kumamoto-shi,南区,ミナミク,Minami-ku,白藤,シラフジ,Shirafuji,１丁目,１チョウメ,1,,,,,1,1,0,0,0,0,1,1,1947-04-17,,0,,,,,,,,,,,,,,,,
431044,0045002,2,熊本県,クマモトケン,Kumamoto,,,,熊本市,クマモトシ,Kumamoto-shi,南区,ミナミク,Minami-ku,白藤,シラフジ,Shirafuji,２丁目,２チョウメ,2,,,,,1,1,0,0,0,0,1,1,1947-04-17,,0,,,,,,,,,,,,,,,,
431044,0045003,2,熊本県,クマモトケン,Kumamoto,,,,熊本市,クマモトシ,Kumamoto-shi,南区,ミナミク,Minami-ku,白藤,シラフジ,Shirafuji,３丁目,３チョウメ,3,,,,,1,1,0,0,0,0,1,1,1947-04-17,,0,,,,,,,,,,,,,,,,
431044,0045004,2,熊本県,クマモトケン,Kumamoto,,,,熊本市,クマモトシ,Kumamoto-shi,南区,ミナミク,Minami-ku,白藤,シラフジ,Shirafuji,４丁目,４チョウメ,4,,,,,1,1,0,0,0,0,1,1,1947-04-17,,0,,,,,,,,,,,,,,,,
431044,0045005,2,熊本県,クマモトケン,Kumamoto,,,,熊本市,クマモトシ,Kumamoto-shi,南区,ミナミク,Minami-ku,白藤,シラフジ,Shirafuji,５丁目,５チョウメ,5,,,,,1,1,0,0,0,0,1,1,1947-04-17,,0,,,,,,,,,,,,,,,,
431044,0046000,1,熊本県,クマモトケン,Kumamoto,,,,熊本市,クマモトシ,Kumamoto-shi,南区,ミナミク,Minami-ku,白石町,シロイシマチ,Shiroishimachi,,,,,,,,0,0,0,0,0,0,1,1,1947-04-17,,0,8615264,,,,,,,,,,,,,,,
431044,0047000,1,熊本県,クマモトケン,Kumamoto,,,,熊本市,クマモトシ,Kumamoto-shi,南区,ミナミク,Minami-ku,砂原町,スナハラマチ,Sunaharamachi,,,,,,,,0,0,0,0,0,0,1,1,1947-04-17,,0,8615255,,,,,,,,,,,,,,,
431044,0048000,1,熊本県,クマモトケン,Kumamoto,,,,熊本市,クマモトシ,Kumamoto-shi,南区,ミナミク,Minami-ku,銭塘町,ゼンドモマチ,Zendomomachi,,,,,,,,0,0,0,0,0,0,1,1,1947-04-17,,0,8614126,,*_MJ009210_*,,,,,,,,,,,,,
431044,0049001,2,熊本県,クマモトケン,Kumamoto,,,,熊本市,クマモトシ,Kumamoto-shi,南区,ミナミク,Minami-ku,田井島,タイノシマ,Tainoshima,１丁目,１チョウメ,1,,,,,1,1,0,0,0,0,1,1,1947-04-17,,0,,,,,,,,,,,,,,,,
431044,0049002,2,熊本県,クマモトケン,Kumamoto,,,,熊本市,クマモトシ,Kumamoto-shi,南区,ミナミク,Minami-ku,田井島,タイノシマ,Tainoshima,２丁目,２チョウメ,2,,,,,1,1,0,0,0,0,1,1,1947-04-17,,0,,,,,,,,,,,,,,,,
431044,0049003,2,熊本県,クマモトケン,Kumamoto,,,,熊本市,クマモトシ,Kumamoto-shi,南区,ミナミク,Minami-ku,田井島,タイノシマ,Tainoshima,３丁目,３チョウメ,3,,,,,1,1,0,0,0,0,1,1,1947-04-17,,0,,,,,,,,,,,,,,,,
431044,0050001,2,熊本県,クマモトケン,Kumamoto,,,,熊本市,クマモトシ,Kumamoto-shi,南区,ミナミク,Minami-ku,田迎,タムカエ,Tamukae,１丁目,１チョウメ,1,,,,,1,1,0,0,0,0,1,1,1947-04-17,,0,,,,,,,,,,,,,,,,
431044,0050002,2,熊本県,クマモトケン,Kumamoto,,,,熊本市,クマモトシ,Kumamoto-shi,南区,ミナミク,Minami-ku,田迎,タムカエ,Tamukae,２丁目,２チョウメ,2,,,,,1,1,0,0,0,0,1,1,1947-04-17,,0,,,,,,,,,,,,,,,,
431044,0050003,2,熊本県,クマモトケン,Kumamoto,,,,熊本市,クマモトシ,Kumamoto-shi,南区,ミナミク,Minami-ku,田迎,タムカエ,Tamukae,３丁目,３チョウメ,3,,,,,1,1,0,0,0,0,1,1,1947-04-17,,0,,,,,,,,,,,,,,,,
431044,0050004,2,熊本県,クマモトケン,Kumamoto,,,,熊本市,クマモトシ,Kumamoto-shi,南区,ミナミク,Minami-ku,田迎,タムカエ,Tamukae,４丁目,４チョウメ,4,,,,,1,1,0,0,0,0,1,1,1947-04-17,,0,,,,,,,,,,,,,,,,
431044,0050005,2,熊本県,クマモトケン,Kumamoto,,,,熊本市,クマモトシ,Kumamoto-shi,南区,ミナミク,Minami-ku,田迎,タムカエ,Tamukae,５丁目,５チョウメ,5,,,,,1,1,0,0,0,0,1,1,1947-04-17,,0,,,,,,,,,,,,,,,,
431044,0050006,2,熊本県,クマモトケン,Kumamoto,,,,熊本市,クマモトシ,Kumamoto-shi,南区,ミナミク,Minami-ku,田迎,タムカエ,Tamukae,６丁目,６チョウメ,6,,,,,1,1,0,0,0,0,1,1,1947-04-17,,0,,,,,,,,,,,,,,,,
431044,0051000,1,熊本県,クマモトケン,Kumamoto,,,,熊本市,クマモトシ,Kumamoto-shi,南区,ミナミク,Minami-ku,田迎町大字田井島,タムカエマチオオアザタイノシマ,,,,,,,,,0,0,0,0,0,0,1,1,1947-04-17,,0,,,,,,,,,,,,,,,,
431044,0052000,1,熊本県,クマモトケン,Kumamoto,,,,熊本市,クマモトシ,Kumamoto-shi,南区,ミナミク,Minami-ku,田迎町大字良町,タムカエマチオオアザヤヤマチ,,,,,,,,,0,0,0,0,0,0,1,1,1947-04-17,,0,,,,,,,,,,,,,,,,
431044,0053001,2,熊本県,クマモトケン,Kumamoto,,,,熊本市,クマモトシ,Kumamoto-shi,南区,ミナミク,Minami-ku,近見,チカミ,Chikami,１丁目,１チョウメ,1,,,,,1,1,0,0,0,0,1,1,1947-04-17,,0,,,,,,,,,,,,,,,,
431044,0053002,2,熊本県,クマモトケン,Kumamoto,,,,熊本市,クマモトシ,Kumamoto-shi,南区,ミナミク,Minami-ku,近見,チカミ,Chikami,２丁目,２チョウメ,2,,,,,1,1,0,0,0,0,1,1,1947-04-17,,0,,,,,,,,,,,,,,,,
431044,0053003,2,熊本県,クマモトケン,Kumamoto,,,,熊本市,クマモトシ,Kumamoto-shi,南区,ミナミク,Minami-ku,近見,チカミ,Chikami,３丁目,３チョウメ,3,,,,,1,1,0,0,0,0,1,1,1947-04-17,,0,,,,,,,,,,,,,,,,
431044,0053004,2,熊本県,クマモトケン,Kumamoto,,,,熊本市,クマモトシ,Kumamoto-shi,南区,ミナミク,Minami-ku,近見,チカミ,Chikami,４丁目,４チョウメ,4,,,,,1,1,0,0,0,0,1,1,1947-04-17,,0,,,,,,,,,,,,,,,,
431044,0053005,2,熊本県,クマモトケン,Kumamoto,,,,熊本市,クマモトシ,Kumamoto-shi,南区,ミナミク,Minami-ku,近見,チカミ,Chikami,５丁目,５チョウメ,5,,,,,1,1,0,0,0,0,1,1,1947-04-17,,0,,,,,,,,,,,,,,,,
431044,0053006,2,熊本県,クマモトケン,Kumamoto,,,,熊本市,クマモトシ,Kumamoto-shi,南区,ミナミク,Minami-ku,近見,チカミ,Chikami,６丁目,６チョウメ,6,,,,,1,1,0,0,0,0,1,1,1947-04-17,,0,,,,,,,,,,,,,,,,
431044,0053007,2,熊本県,クマモトケン,Kumamoto,,,,熊本市,クマモトシ,Kumamoto-shi,南区,ミナミク,Minami-ku,近見,チカミ,Chikami,７丁目,７チョウメ,7,,,,,1,1,0,0,0,0,1,1,1947-04-17,,0,,,,,,,,,,,,,,,,
431044,0053008,2,熊本県,クマモトケン,Kumamoto,,,,熊本市,クマモトシ,Kumamoto-shi,南区,ミナミク,Minami-ku,近見,チカミ,Chikami,８丁目,８チョウメ,8,,,,,1,1,0,0,0,0,1,1,1947-04-17,,0,,,,,,,,,,,,,,,,
431044,0053009,2,熊本県,クマモトケン,Kumamoto,,,,熊本市,クマモトシ,Kumamoto-shi,南区,ミナミク,Minami-ku,近見,チカミ,Chikami,９丁目,９チョウメ,9,,,,,1,1,0,0,0,0,1,1,1947-04-17,,0,,,,,,,,,,,,,,,,
431044,0054000,1,熊本県,クマモトケン,Kumamoto,,,,熊本市,クマモトシ,Kumamoto-shi,南区,ミナミク,Minami-ku,近見町,チカミマチ,,,,,,,,,0,0,0,0,0,0,1,1,1947-04-17,,0,,,,,,,,,,,,,,,,
431044,0055001,2,熊本県,クマモトケン,Kumamoto,,,,熊本市,クマモトシ,Kumamoto-shi,南区,ミナミク,Minami-ku,鳶町,トビマチ,Tobimachi,１丁目,１チョウメ,1,,,,,1,1,0,0,0,0,1,1,1947-04-17,,0,,,,,,,,,,,,,,,,
431044,0055002,2,熊本県,クマモトケン,Kumamoto,,,,熊本市,クマモトシ,Kumamoto-shi,南区,ミナミク,Minami-ku,鳶町,トビマチ,Tobimachi,２丁目,２チョウメ,2,,,,,1,1,0,0,0,0,1,1,1947-04-17,,0,,,,,,,,,,,,,,,,
431044,0056000,1,熊本県,クマモトケン,Kumamoto,,,,熊本市,クマモトシ,Kumamoto-shi,南区,ミナミク,Minami-ku,富合町榎津,トミアイマチエノキヅ,Tomiaimachi Enokizu,,,,,,,,0,0,0,0,0,0,1,1,1947-04-17,,0,8614146,,,,,,,,,,,,,,,
431044,0057000,1,熊本県,クマモトケン,Kumamoto,,,,熊本市,クマモトシ,Kumamoto-shi,南区,ミナミク,Minami-ku,富合町大町,トミアイマチオオマチ,Tomiaimachi Omachi,,,,,,,,0,0,0,0,0,0,1,1,1947-04-17,,0,8614145,,,,,,,,,,,,,,,
431044,0058000,1,熊本県,クマモトケン,Kumamoto,,,,熊本市,クマモトシ,Kumamoto-shi,南区,ミナミク,Minami-ku,富合町御船手,トミアイマチオフナテ,Tomiaimachi Ofunate,,,,,,,,0,0,0,0,0,0,1,1,1947-04-17,,0,8614141,,,,,,,,,,,,,,,
431044,0059000,1,熊本県,クマモトケン,Kumamoto,,,,熊本市,クマモトシ,Kumamoto-shi,南区,ミナミク,Minami-ku,富合町硴江,トミアイマチカキノエ,Tomiaimachi Kakinoe,,,,,,,,0,0,0,0,0,0,1,1,1947-04-17,,0,8614165,,,,,,,,,,,,,,,
431044,0060000,1,熊本県,クマモトケン,Kumamoto,,,,熊本市,クマモトシ,Kumamoto-shi,南区,ミナミク,Minami-ku,富合町上杉,トミアイマチカミスギ,Tomiaimachi Kamisugi,,,,,,,,0,0,0,0,0,0,1,1,1947-04-17,,0,8614143,,,,,,,,,,,,,,,
431044,0061000,1,熊本県,クマモトケン,Kumamoto,,,,熊本市,クマモトシ,Kumamoto-shi,南区,ミナミク,Minami-ku,富合町清藤,トミアイマチキヨフジ,Tomiaimachi Kiyofuji,,,,,,,,0,0,0,0,0,0,1,1,1947-04-17,,0,8614151,,,,,,,,,,,,,,,
431044,0062000,1,熊本県,クマモトケン,Kumamoto,,,,熊本市,クマモトシ,Kumamoto-shi,南区,ミナミク,Minami-ku,富合町木原,トミアイマチキワラ,Tomiaimachi Kiwara,,,,,,,,0,0,0,0,0,0,1,1,1947-04-17,,0,8614153,,,,,,,,,,,,,,,
431044,0063000,1,熊本県,クマモトケン,Kumamoto,,,,熊本市,クマモトシ,Kumamoto-shi,南区,ミナミク,Minami-ku,富合町小岩瀬,トミアイマチコイワセ,Tomiaimachi Koiwase,,,,,,,,0,0,0,0,0,0,1,1,1947-04-17,,0,8614161,,,,,,,,,,,,,,,
431044,0064000,1,熊本県,クマモトケン,Kumamoto,,,,熊本市,クマモトシ,Kumamoto-shi,南区,ミナミク,Minami-ku,富合町莎崎,トミアイマチコウザキ,Tomiaimachi Kozaki,,,,,,,,0,0,0,0,0,0,1,1,1947-04-17,,0,8614166,,,,,,,,,,,,,,,
431044,0065000,1,熊本県,クマモトケン,Kumamoto,,,,熊本市,クマモトシ,Kumamoto-shi,南区,ミナミク,Minami-ku,富合町古閑,トミアイマチコガ,Tomiaimachi Koga,,,,,,,,0,0,0,0,0,0,1,1,1947-04-17,,0,8614157,,,,,,,,,,,,,,,
431044,0066000,1,熊本県,クマモトケン,Kumamoto,,,,熊本市,クマモトシ,Kumamoto-shi,南区,ミナミク,Minami-ku,富合町国町,トミアイマチコクチョウ,Tomiaimachi Kokucho,,,,,,,,0,0,0,0,0,0,1,1,1947-04-17,,0,8614162,,,,,,,,,,,,,,,
431044,0067000,1,熊本県,クマモトケン,Kumamoto,,,,熊本市,クマモトシ,Kumamoto-shi,南区,ミナミク,Minami-ku,富合町菰江,トミアイマチコモノエ,Tomiaimachi Komonoe,,,,,,,,0,0,0,0,0,0,1,1,1947-04-17,,0,8614167,,,,,,,,,,,,,,,
431044,0068000,1,熊本県,クマモトケン,Kumamoto,,,,熊本市,クマモトシ,Kumamoto-shi,南区,ミナミク,Minami-ku,富合町志々水,トミアイマチシジミズ,Tomiaimachi Shijimizu,,,,,,,,0,0,0,0,0,0,1,1,1947-04-17,,0,8614163,,,,,,,,,,,,,,,
431044,0069000,1,熊本県,クマモトケン,Kumamoto,,,,熊本市,クマモトシ,Kumamoto-shi,南区,ミナミク,Minami-ku,富合町釈迦堂,トミアイマチシャカドウ,Tomiaimachi Shakado,,,,,,,,0,0,0,0,0,0,1,1,1947-04-17,,0,8614144,,,,,,,,,,,,,,,
431044,0070000,1,熊本県,クマモトケン,Kumamoto,,,,熊本市,クマモトシ,Kumamoto-shi,南区,ミナミク,Minami-ku,富合町新,トミアイマチシン,Tomiaimachi Shin,,,,,,,,0,0,0,0,0,0,1,1,1947-04-17,,0,8614152,,,,,,,,,,,,,,,
431044,0071000,1,熊本県,クマモトケン,Kumamoto,,,,熊本市,クマモトシ,Kumamoto-shi,南区,ミナミク,Minami-ku,富合町杉島,トミアイマチスギジマ,Tomiaimachi Sugijima,,,,,,,,0,0,0,0,0,0,1,1,1947-04-17,,0,8614142,,,,,,,,,,,,,,,
431044,0072000,1,熊本県,クマモトケン,Kumamoto,,,,熊本市,クマモトシ,Kumamoto-shi,南区,ミナミク,Minami-ku,富合町田尻,トミアイマチタノシリ,Tomiaimachi Tanoshiri,,,,,,,,0,0,0,0,0,0,1,1,1947-04-17,,0,8614156,,,,,,,,,,,,,,,
431044,0073000,1,熊本県,クマモトケン,Kumamoto,,,,熊本市,クマモトシ,Kumamoto-shi,南区,ミナミク,Minami-ku,富合町西田尻,トミアイマチニシタノシリ,Tomiaimachi Nishitanoshiri,,,,,,,,0,0,0,0,0,0,1,1,1947-04-17,,0,8614164,,,,,,,,,,,,,,,
431044,0074000,1,熊本県,クマモトケン,Kumamoto,,,,熊本市,クマモトシ,Kumamoto-shi,南区,ミナミク,Minami-ku,富合町平原,トミアイマチヒラバル,Tomiaimachi Hirabaru,,,,,,,,0,0,0,0,0,0,1,1,1947-04-17,,0,8614154,,,,,,,,,,,,,,,
431044,0075000,1,熊本県,クマモトケン,Kumamoto,,,,熊本市,クマモトシ,Kumamoto-shi,南区,ミナミク,Minami-ku,富合町廻江,トミアイマチマイノエ,Tomiaimachi Mainoe,,,,,,,,0,0,0,0,0,0,1,1,1947-04-17,,0,8614147,,,,,,,,,,,,,,,
431044,0076000,1,熊本県,クマモトケン,Kumamoto,,,,熊本市,クマモトシ,Kumamoto-shi,南区,ミナミク,Minami-ku,富合町南田尻,トミアイマチミナミタノシリ,Tomiaimachi Minamitanoshiri,,,,,,,,0,0,0,0,0,0,1,1,1947-04-17,,0,8614155,,,,,,,,,,,,,,,
431044,0077000,1,熊本県,クマモトケン,Kumamoto,,,,熊本市,クマモトシ,Kumamoto-shi,南区,ミナミク,Minami-ku,中無田町,ナカムタマチ,Nakamutamachi,,,,,,,,0,0,0,0,0,0,1,1,1947-04-17,,0,8614116,,,,,,,,,,,,,,,
431044,0078000,1,熊本県,クマモトケン,Kumamoto,,,,熊本市,クマモトシ,Kumamoto-shi,南区,ミナミク,Minami-ku,並建町,ナミタテマチ,Namitatemachi,,,,,,,,0,0,0,0,0,0,1,1,1947-04-17,,0,8615263,,,,,,,,,,,,,,,
431044,0079001,2,熊本県,クマモトケン,Kumamoto,,,,熊本市,クマモトシ,Kumamoto-shi,南区,ミナミク,Minami-ku,野口,ノグチ,Noguchi,１丁目,１チョウメ,1,,,,,1,1,0,0,0,0,1,1,1947-04-17,,0,,,,,,,,,,,,,,,,
431044,0079002,2,熊本県,クマモトケン,Kumamoto,,,,熊本市,クマモトシ,Kumamoto-shi,南区,ミナミク,Minami-ku,野口,ノグチ,Noguchi,２丁目,２チョウメ,2,,,,,1,1,0,0,0,0,1,1,1947-04-17,,0,,,,,,,,,,,,,,,,
431044,0079003,2,熊本県,クマモトケン,Kumamoto,,,,熊本市,クマモトシ,Kumamoto-shi,南区,ミナミク,Minami-ku,野口,ノグチ,Noguchi,３丁目,３チョウメ,3,,,,,1,1,0,0,0,0,1,1,1947-04-17,,0,,,,,,,,,,,,,,,,
431044,0079004,2,熊本県,クマモトケン,Kumamoto,,,,熊本市,クマモトシ,Kumamoto-shi,南区,ミナミク,Minami-ku,野口,ノグチ,Noguchi,４丁目,４チョウメ,4,,,,,1,1,0,0,0,0,1,1,1947-04-17,,0,,,,,,,,,,,,,,,,
431044,0080001,2,熊本県,クマモトケン,Kumamoto,,,,熊本市,クマモトシ,Kumamoto-shi,南区,ミナミク,Minami-ku,野田,ノダ,Noda,１丁目,１チョウメ,1,,,,,1,1,0,0,0,0,1,1,1947-04-17,,0,,,,,,,,,,,,,,,,
431044,0080002,2,熊本県,クマモトケン,Kumamoto,,,,熊本市,クマモトシ,Kumamoto-shi,南区,ミナミク,Minami-ku,野田,ノダ,Noda,２丁目,２チョウメ,2,,,,,1,1,0,0,0,0,1,1,1947-04-17,,0,,,,,,,,,,,,,,,,
431044,0080003,2,熊本県,クマモトケン,Kumamoto,,,,熊本市,クマモトシ,Kumamoto-shi,南区,ミナミク,Minami-ku,野田,ノダ,Noda,３丁目,３チョウメ,3,,,,,1,1,0,0,0,0,1,1,1947-04-17,,0,,,,,,,,,,,,,,,,
431044,0081000,1,熊本県,クマモトケン,Kumamoto,,,,熊本市,クマモトシ,Kumamoto-shi,南区,ミナミク,Minami-ku,畠口町,ハタグチマチ,Hataguchimachi,,,,,,,,0,0,0,0,0,0,1,1,1947-04-17,,0,8615265,,,,,,,,,,,,,,,
431044,0082000,1,熊本県,クマモトケン,Kumamoto,,,,熊本市,クマモトシ,Kumamoto-shi,南区,ミナミク,Minami-ku,八王寺町,ハチオウジマチ,Hachiojimachi,,,,,,,,1,1,0,0,0,0,1,1,1947-04-17,,0,8600831,,,,,,,,,,,,,,,
431044,0083000,1,熊本県,クマモトケン,Kumamoto,,,,熊本市,クマモトシ,Kumamoto-shi,南区,ミナミク,Minami-ku,八分字町,ハフジマチ,Hafujimachi,,,,,,,,0,0,0,0,0,0,1,1,1947-04-17,,0,8615253,,,,,,,,,,,,,,,
431044,0084000,1,熊本県,クマモトケン,Kumamoto,,,,熊本市,クマモトシ,Kumamoto-shi,南区,ミナミク,Minami-ku,浜口町,ハマグチマチ,Hamaguchimachi,,,,,,,,0,0,0,0,0,0,1,1,1947-04-17,,0,8615262,,,,,,,,,,,,,,,
431044,0085001,2,熊本県,クマモトケン,Kumamoto,,,,熊本市,クマモトシ,Kumamoto-shi,南区,ミナミク,Minami-ku,日吉,ヒヨシ,Hiyoshi,１丁目,１チョウメ,1,,,,,1,1,0,0,0,0,1,1,1947-04-17,,0,,,,,,,,,,,,,,,,
431044,0085002,2,熊本県,クマモトケン,Kumamoto,,,,熊本市,クマモトシ,Kumamoto-shi,南区,ミナミク,Minami-ku,日吉,ヒヨシ,Hiyoshi,２丁目,２チョウメ,2,,,,,1,1,0,0,0,0,1,1,1947-04-17,,0,,,,,,,,,,,,,,,,
431044,0086001,2,熊本県,クマモトケン,Kumamoto,,,,熊本市,クマモトシ,Kumamoto-shi,南区,ミナミク,Minami-ku,平田,ヒラタ,Hirata,１丁目,１チョウメ,1,,,,,1,1,0,0,0,0,1,1,1947-04-17,,0,,,,,,,,,,,,,,,,
431044,0086002,2,熊本県,クマモトケン,Kumamoto,,,,熊本市,クマモトシ,Kumamoto-shi,南区,ミナミク,Minami-ku,平田,ヒラタ,Hirata,２丁目,２チョウメ,2,,,,,1,1,0,0,0,0,1,1,1947-04-17,,0,,,,,,,,,,,,,,,,
431044,0087001,2,熊本県,クマモトケン,Kumamoto,,,,熊本市,クマモトシ,Kumamoto-shi,南区,ミナミク,Minami-ku,平成,ヘイセイ,Heisei,１丁目,１チョウメ,1,,,,,1,1,0,0,0,0,1,1,1947-04-17,,0,,,,,,,,,,,,,,,,
431044,0087002,2,熊本県,クマモトケン,Kumamoto,,,,熊本市,クマモトシ,Kumamoto-shi,南区,ミナミク,Minami-ku,平成,ヘイセイ,Heisei,２丁目,２チョウメ,2,,,,,1,1,0,0,0,0,1,1,1947-04-17,,0,,,,,,,,,,,,,,,,
431044,0088000,1,熊本県,クマモトケン,Kumamoto,,,,熊本市,クマモトシ,Kumamoto-shi,南区,ミナミク,Minami-ku,孫代町,マゴダイマチ,Magodaimachi,,,,,,,,0,0,0,0,0,0,1,1,1947-04-17,,0,8615254,,,,,,,,,,,,,,,
431044,0089001,2,熊本県,クマモトケン,Kumamoto,,,,熊本市,クマモトシ,Kumamoto-shi,南区,ミナミク,Minami-ku,馬渡,マワタリ,Mawatari,１丁目,１チョウメ,1,,,,,1,1,0,0,0,0,1,1,1947-04-17,,0,,,,,,,,,,,,,,,,
431044,0089002,2,熊本県,クマモトケン,Kumamoto,,,,熊本市,クマモトシ,Kumamoto-shi,南区,ミナミク,Minami-ku,馬渡,マワタリ,Mawatari,２丁目,２チョウメ,2,,,,,1,1,0,0,0,0,1,1,1947-04-17,,0,,,,,,,,,,,,,,,,
431044,0090000,1,熊本県,クマモトケン,Kumamoto,,,,熊本市,クマモトシ,Kumamoto-shi,南区,ミナミク,Minami-ku,美登里町,ミドリマチ,Midorimachi,,,,,,,,0,0,0,0,0,0,1,1,1947-04-17,,0,8614122,,,,,,,,,,,,,,,
431044,0091001,2,熊本県,クマモトケン,Kumamoto,,,,熊本市,クマモトシ,Kumamoto-shi,南区,ミナミク,Minami-ku,南高江,ミナミタカエ,Minamitakae,１丁目,１チョウメ,1,,,,,1,1,0,0,0,0,1,1,1947-04-17,,0,,,,,,,,,,,,,,,,
431044,0091002,2,熊本県,クマモトケン,Kumamoto,,,,熊本市,クマモトシ,Kumamoto-shi,南区,ミナミク,Minami-ku,南高江,ミナミタカエ,Minamitakae,２丁目,２チョウメ,2,,,,,1,1,0,0,0,0,1,1,1947-04-17,,0,,,,,,,,,,,,,,,,
431044,0091003,2,熊本県,クマモトケン,Kumamoto,,,,熊本市,クマモトシ,Kumamoto-shi,南区,ミナミク,Minami-ku,南高江,ミナミタカエ,Minamitakae,３丁目,３チョウメ,3,,,,,1,1,0,0,0,0,1,1,1947-04-17,,0,,,,,,,,,,,,,,,,
431044,0091004,2,熊本県,クマモトケン,Kumamoto,,,,熊本市,クマモトシ,Kumamoto-shi,南区,ミナミク,Minami-ku,南高江,ミナミタカエ,Minamitakae,４丁目,４チョウメ,4,,,,,1,1,0,0,0,0,1,1,1947-04-17,,0,,,,,,,,,,,,,,,,
431044,0091005,2,熊本県,クマモトケン,Kumamoto,,,,熊本市,クマモトシ,Kumamoto-shi,南区,ミナミク,Minami-ku,南高江,ミナミタカエ,Minamitakae,５丁目,５チョウメ,5,,,,,1,1,0,0,0,0,1,1,1947-04-17,,0,,,,,,,,,,,,,,,,
431044,0091006,2,熊本県,クマモトケン,Kumamoto,,,,熊本市,クマモトシ,Kumamoto-shi,南区,ミナミク,Minami-ku,南高江,ミナミタカエ,Minamitakae,６丁目,６チョウメ,6,,,,,1,1,0,0,0,0,1,1,1947-04-17,,0,,,,,,,,,,,,,,,,
431044,0091007,2,熊本県,クマモトケン,Kumamoto,,,,熊本市,クマモトシ,Kumamoto-shi,南区,ミナミク,Minami-ku,南高江,ミナミタカエ,Minamitakae,７丁目,７チョウメ,7,,,,,1,1,0,0,0,0,1,1,1947-04-17,,0,,,,,,,,,,,,,,,,
431044,0092000,1,熊本県,クマモトケン,Kumamoto,,,,熊本市,クマモトシ,Kumamoto-shi,南区,ミナミク,Minami-ku,南高江町,ミナミタカエマチ,,,,,,,,,0,0,0,0,0,0,1,1,1947-04-17,,0,,,,,,,,,,,,,,,,
431044,0093001,2,熊本県,クマモトケン,Kumamoto,,,,熊本市,クマモトシ,Kumamoto-shi,南区,ミナミク,Minami-ku,御幸木部,ミユキキベ,Miyuki Kibe,１丁目,１チョウメ,1,,,,,1,1,0,0,0,0,1,1,1947-04-17,,0,,,,,,,,,,,,,,,,
431044,0093002,2,熊本県,クマモトケン,Kumamoto,,,,熊本市,クマモトシ,Kumamoto-shi,南区,ミナミク,Minami-ku,御幸木部,ミユキキベ,Miyuki Kibe,２丁目,２チョウメ,2,,,,,1,1,0,0,0,0,1,1,1947-04-17,,0,,,,,,,,,,,,,,,,
431044,0093003,2,熊本県,クマモトケン,Kumamoto,,,,熊本市,クマモトシ,Kumamoto-shi,南区,ミナミク,Minami-ku,御幸木部,ミユキキベ,Miyuki Kibe,３丁目,３チョウメ,3,,,,,1,1,0,0,0,0,1,1,1947-04-17,,0,,,,,,,,,,,,,,,,
431044,0094000,1,熊本県,クマモトケン,Kumamoto,,,,熊本市,クマモトシ,Kumamoto-shi,南区,ミナミク,Minami-ku,御幸木部町,ミユキキベマチ,Miyuki Kibemachi,,,,,,,,0,0,0,0,0,0,1,1,1947-04-17,,0,8614104,,,,,,,,,,,,,,,
431044,0095001,2,熊本県,クマモトケン,Kumamoto,,,,熊本市,クマモトシ,Kumamoto-shi,南区,ミナミク,Minami-ku,御幸西,ミユキニシ,Miyuki Nishi,１丁目,１チョウメ,1,,,,,1,1,0,0,0,0,1,1,1947-04-17,,0,,,,,,,,,,,,,,,,
431044,0095002,2,熊本県,クマモトケン,Kumamoto,,,,熊本市,クマモトシ,Kumamoto-shi,南区,ミナミク,Minami-ku,御幸西,ミユキニシ,Miyuki Nishi,２丁目,２チョウメ,2,,,,,1,1,0,0,0,0,1,1,1947-04-17,,0,,,,,,,,,,,,,,,,
431044,0095003,2,熊本県,クマモトケン,Kumamoto,,,,熊本市,クマモトシ,Kumamoto-shi,南区,ミナミク,Minami-ku,御幸西,ミユキニシ,Miyuki Nishi,３丁目,３チョウメ,3,,,,,1,1,0,0,0,0,1,1,1947-04-17,,0,,,,,,,,,,,,,,,,
431044,0095004,2,熊本県,クマモトケン,Kumamoto,,,,熊本市,クマモトシ,Kumamoto-shi,南区,ミナミク,Minami-ku,御幸西,ミユキニシ,Miyuki Nishi,４丁目,４チョウメ,4,,,,,1,1,0,0,0,0,1,1,1947-04-17,,0,,,,,,,,,,,,,,,,
431044,0096000,1,熊本県,クマモトケン,Kumamoto,,,,熊本市,クマモトシ,Kumamoto-shi,南区,ミナミク,Minami-ku,御幸西無田町,ミユキニシムタマチ,Miyuki Nishimutamachi,,,,,,,,0,0,0,0,0,0,1,1,1947-04-17,,0,8614102,,,,,,,,,,,,,,,
431044,0097001,2,熊本県,クマモトケン,Kumamoto,,,,熊本市,クマモトシ,Kumamoto-shi,南区,ミナミク,Minami-ku,御幸笛田,ミユキフエダ,Miyuki Fueda,１丁目,１チョウメ,1,,,,,1,1,0,0,0,0,1,1,1947-04-17,,0,,,,,,,,,,,,,,,,
431044,0097002,2,熊本県,クマモトケン,Kumamoto,,,,熊本市,クマモトシ,Kumamoto-shi,南区,ミナミク,Minami-ku,御幸笛田,ミユキフエダ,Miyuki Fueda,２丁目,２チョウメ,2,,,,,1,1,0,0,0,0,1,1,1947-04-17,,0,,,,,,,,,,,,,,,,
431044,0097003,2,熊本県,クマモトケン,Kumamoto,,,,熊本市,クマモトシ,Kumamoto-shi,南区,ミナミク,Minami-ku,御幸笛田,ミユキフエダ,Miyuki Fueda,３丁目,３チョウメ,3,,,,,1,1,0,0,0,0,1,1,1947-04-17,,0,,,,,,,,,,,,,,,,
431044,0097004,2,熊本県,クマモトケン,Kumamoto,,,,熊本市,クマモトシ,Kumamoto-shi,南区,ミナミク,Minami-ku,御幸笛田,ミユキフエダ,Miyuki Fueda,４丁目,４チョウメ,4,,,,,1,1,0,0,0,0,1,1,1947-04-17,,0,,,,,,,,,,,,,,,,
431044,0097005,2,熊本県,クマモトケン,Kumamoto,,,,熊本市,クマモトシ,Kumamoto-shi,南区,ミナミク,Minami-ku,御幸笛田,ミユキフエダ,Miyuki Fueda,５丁目,５チョウメ,5,,,,,1,1,0,0,0,0,1,1,1947-04-17,,0,,,,,,,,,,,,,,,,
431044,0097006,2,熊本県,クマモトケン,Kumamoto,,,,熊本市,クマモトシ,Kumamoto-shi,南区,ミナミク,Minami-ku,御幸笛田,ミユキフエダ,Miyuki Fueda,６丁目,６チョウメ,6,,,,,1,1,0,0,0,0,1,1,1947-04-17,,0,,,,,,,,,,,,,,,,
431044,0097007,2,熊本県,クマモトケン,Kumamoto,,,,熊本市,クマモトシ,Kumamoto-shi,南区,ミナミク,Minami-ku,御幸笛田,ミユキフエダ,Miyuki Fueda,７丁目,７チョウメ,7,,,,,1,1,0,0,0,0,1,1,1947-04-17,,0,,,,,,,,,,,,,,,,
431044,0097008,2,熊本県,クマモトケン,Kumamoto,,,,熊本市,クマモトシ,Kumamoto-shi,南区,ミナミク,Minami-ku,御幸笛田,ミユキフエダ,Miyuki Fueda,８丁目,８チョウメ,8,,,,,1,1,0,0,0,0,1,1,1947-04-17,,0,,,,,,,,,,,,,,,,
431044,0098000,1,熊本県,クマモトケン,Kumamoto,,,,熊本市,クマモトシ,Kumamoto-shi,南区,ミナミク,Minami-ku,御幸笛田町,ミユキフエダマチ,Miyuki Fuedamachi,,,,,,,,0,0,0,0,0,0,1,1,1947-04-17,,0,8614103,,,,,,,,,,,,,,,
431044,0099000,1,熊本県,クマモトケン,Kumamoto,,,,熊本市,クマモトシ,Kumamoto-shi,南区,ミナミク,Minami-ku,無田口町,ムタグチマチ,Mutaguchimachi,,,,,,,,0,0,0,0,0,0,1,1,1947-04-17,,0,8615261,,,,,,,,,,,,,,,
431044,0101000,1,熊本県,クマモトケン,Kumamoto,,,,熊本市,クマモトシ,Kumamoto-shi,南区,ミナミク,Minami-ku,元三町,モトミマチ,Motomimachi,,,,,,,,0,0,0,0,0,0,1,1,1947-04-17,,0,8614105,,,,,,,,,,,,,,,
431044,0101001,2,熊本県,クマモトケン,Kumamoto,,,,熊本市,クマモトシ,Kumamoto-shi,南区,ミナミク,Minami-ku,元三町,モトミマチ,Motomimachi,１丁目,１チョウメ,1,,,,,1,1,0,0,0,0,1,1,1947-04-17,,0,,,,,,,,,,,,,,,,
431044,0101002,2,熊本県,クマモトケン,Kumamoto,,,,熊本市,クマモトシ,Kumamoto-shi,南区,ミナミク,Minami-ku,元三町,モトミマチ,Motomimachi,２丁目,２チョウメ,2,,,,,1,1,0,0,0,0,1,1,1947-04-17,,0,,,,,,,,,,,,,,,,
431044,0101003,2,熊本県,クマモトケン,Kumamoto,,,,熊本市,クマモトシ,Kumamoto-shi,南区,ミナミク,Minami-ku,元三町,モトミマチ,Motomimachi,３丁目,３チョウメ,3,,,,,1,1,0,0,0,0,1,1,1947-04-17,,0,,,,,,,,,,,,,,,,
431044,0101004,2,熊本県,クマモトケン,Kumamoto,,,,熊本市,クマモトシ,Kumamoto-shi,南区,ミナミク,Minami-ku,元三町,モトミマチ,Motomimachi,４丁目,４チョウメ,4,,,,,1,1,0,0,0,0,1,1,1947-04-17,,0,,,,,,,,,,,,,,,,
431044,0101005,2,熊本県,クマモトケン,Kumamoto,,,,熊本市,クマモトシ,Kumamoto-shi,南区,ミナミク,Minami-ku,元三町,モトミマチ,Motomimachi,５丁目,５チョウメ,5,,,,,1,1,0,0,0,0,1,1,1947-04-17,,0,,,,,,,,,,,,,,,,
431044,0102001,2,熊本県,クマモトケン,Kumamoto,,,,熊本市,クマモトシ,Kumamoto-shi,南区,ミナミク,Minami-ku,八幡,ヤハタ,Yahata,１丁目,１チョウメ,1,,,,,1,1,0,0,0,0,1,1,1947-04-17,,0,,,,,,,,,,,,,,,,
431044,0102002,2,熊本県,クマモトケン,Kumamoto,,,,熊本市,クマモトシ,Kumamoto-shi,南区,ミナミク,Minami-ku,八幡,ヤハタ,Yahata,２丁目,２チョウメ,2,,,,,0,0,0,0,0,0,1,1,1947-04-17,,0,,,,,,,,,,,,,,,,
431044,0102003,2,熊本県,クマモトケン,Kumamoto,,,,熊本市,クマモトシ,Kumamoto-shi,南区,ミナミク,Minami-ku,八幡,ヤハタ,Yahata,３丁目,３チョウメ,3,,,,,0,0,0,0,0,0,1,1,1947-04-17,,0,,,,,,,,,,,,,,,,
431044,0102004,2,熊本県,クマモトケン,Kumamoto,,,,熊本市,クマモトシ,Kumamoto-shi,南区,ミナミク,Minami-ku,八幡,ヤハタ,Yahata,４丁目,４チョウメ,4,,,,,0,0,0,0,0,0,1,1,1947-04-17,,0,,,,,,,,,,,,,,,,
431044,0102005,2,熊本県,クマモトケン,Kumamoto,,,,熊本市,クマモトシ,Kumamoto-shi,南区,ミナミク,Minami-ku,八幡,ヤハタ,Yahata,５丁目,５チョウメ,5,,,,,1,1,0,0,0,0,1,1,1947-04-17,,0,,,,,,,,,,,,,,,,
431044,0102006,2,熊本県,クマモトケン,Kumamoto,,,,熊本市,クマモトシ,Kumamoto-shi,南区,ミナミク,Minami-ku,八幡,ヤハタ,Yahata,６丁目,６チョウメ,6,,,,,1,1,0,0,0,0,1,1,1947-04-17,,0,,,,,,,,,,,,,,,,
431044,0102007,2,熊本県,クマモトケン,Kumamoto,,,,熊本市,クマモトシ,Kumamoto-shi,南区,ミナミク,Minami-ku,八幡,ヤハタ,Yahata,７丁目,７チョウメ,7,,,,,1,1,0,0,0,0,1,1,1947-04-17,,0,,,,,,,,,,,,,,,,
431044,0102008,2,熊本県,クマモトケン,Kumamoto,,,,熊本市,クマモトシ,Kumamoto-shi,南区,ミナミク,Minami-ku,八幡,ヤハタ,Yahata,８丁目,８チョウメ,8,,,,,1,1,0,0,0,0,1,1,1947-04-17,,0,,,,,,,,,,,,,,,,
431044,0102009,2,熊本県,クマモトケン,Kumamoto,,,,熊本市,クマモトシ,Kumamoto-shi,南区,ミナミク,Minami-ku,八幡,ヤハタ,Yahata,９丁目,９チョウメ,9,,,,,1,1,0,0,0,0,1,1,1947-04-17,,0,,,,,,,,,,,,,,,,
431044,0102010,2,熊本県,クマモトケン,Kumamoto,,,,熊本市,クマモトシ,Kumamoto-shi,南区,ミナミク,Minami-ku,八幡,ヤハタ,Yahata,１０丁目,１０チョウメ,10,,,,,1,1,0,0,0,0,1,1,1947-04-17,,0,,,,,,,,,,,,,,,,
431044,0102011,2,熊本県,クマモトケン,Kumamoto,,,,熊本市,クマモトシ,Kumamoto-shi,南区,ミナミク,Minami-ku,八幡,ヤハタ,Yahata,１１丁目,１１チョウメ,11,,,,,1,1,0,0,0,0,1,1,1947-04-17,,0,,,,,,,,,,,,,,,,
431044,0103001,2,熊本県,クマモトケン,Kumamoto,,,,熊本市,クマモトシ,Kumamoto-shi,南区,ミナミク,Minami-ku,良町,ヤヤマチ,Yayamachi,１丁目,１チョウメ,1,,,,,1,1,0,0,0,0,1,1,1947-04-17,,0,,,,,,,,,,,,,,,,
431044,0103002,2,熊本県,クマモトケン,Kumamoto,,,,熊本市,クマモトシ,Kumamoto-shi,南区,ミナミク,Minami-ku,良町,ヤヤマチ,Yayamachi,２丁目,２チョウメ,2,,,,,1,1,0,0,0,0,1,1,1947-04-17,,0,,,,,,,,,,,,,,,,
431044,0103003,2,熊本県,クマモトケン,Kumamoto,,,,熊本市,クマモトシ,Kumamoto-shi,南区,ミナミク,Minami-ku,良町,ヤヤマチ,Yayamachi,３丁目,３チョウメ,3,,,,,1,1,0,0,0,0,1,1,1947-04-17,,0,,,,,,,,,,,,,,,,
431044,0103004,2,熊本県,クマモトケン,Kumamoto,,,,熊本市,クマモトシ,Kumamoto-shi,南区,ミナミク,Minami-ku,良町,ヤヤマチ,Yayamachi,４丁目,４チョウメ,4,,,,,1,1,0,0,0,0,1,1,1947-04-17,,0,,,,,,,,,,,,,,,,
431044,0103005,2,熊本県,クマモトケン,Kumamoto,,,,熊本市,クマモトシ,Kumamoto-shi,南区,ミナミク,Minami-ku,良町,ヤヤマチ,Yayamachi,５丁目,５チョウメ,5,,,,,1,1,0,0,0,0,1,1,1947-04-17,,0,,,,,,,,,,,,,,,,
431044,0104001,2,熊本県,クマモトケン,Kumamoto,,,,熊本市,クマモトシ,Kumamoto-shi,南区,ミナミク,Minami-ku,流通団地,リュウツウダンチ,Ryutsudanchi,１丁目,１チョウメ,1,,,,,0,0,0,0,0,0,1,1,1947-04-17,,0,,,,,,,,,,,,,,,,
431044,0104002,2,熊本県,クマモトケン,Kumamoto,,,,熊本市,クマモトシ,Kumamoto-shi,南区,ミナミク,Minami-ku,流通団地,リュウツウダンチ,Ryutsudanchi,２丁目,２チョウメ,2,,,,,0,0,0,0,0,0,1,1,1947-04-17,,0,,,,,,,,,,,,,,,,
431044,0106000,1,熊本県,クマモトケン,Kumamoto,,,,熊本市,クマモトシ,Kumamoto-shi,南区,ミナミク,Minami-ku,土河原町,トガワラマチ,Togawaramachi,,,,,,,,0,0,0,0,0,0,1,1,1947-04-17,,0,8615252,,,,,,,,,,,,,,,
431044,0107000,1,熊本県,クマモトケン,Kumamoto,,,,熊本市,クマモトシ,Kumamoto-shi,南区,ミナミク,Minami-ku,野口町,ノグチマチ,Noguchimachi,,,,,,,,0,0,0,0,0,0,1,1,1947-04-17,,0,8614137,,,,,,,,,,,,,,,
431052,0001001,2,熊本県,クマモトケン,Kumamoto,,,,熊本市,クマモトシ,Kumamoto-shi,北区,キタク,Kita-ku,麻生田,アソウダ,Asoda,１丁目,１チョウメ,1,,,,,1,1,0,0,0,0,1,1,1947-04-17,,0,,,,,,,,,,,,,,,,
431052,0001002,2,熊本県,クマモトケン,Kumamoto,,,,熊本市,クマモトシ,Kumamoto-shi,北区,キタク,Kita-ku,麻生田,アソウダ,Asoda,２丁目,２チョウメ,2,,,,,1,1,0,0,0,0,1,1,1947-04-17,,0,,,,,,,,,,,,,,,,
431052,0001003,2,熊本県,クマモトケン,Kumamoto,,,,熊本市,クマモトシ,Kumamoto-shi,北区,キタク,Kita-ku,麻生田,アソウダ,Asoda,３丁目,３チョウメ,3,,,,,1,1,0,0,0,0,1,1,1947-04-17,,0,,,,,,,,,,,,,,,,
431052,0001004,2,熊本県,クマモトケン,Kumamoto,,,,熊本市,クマモトシ,Kumamoto-shi,北区,キタク,Kita-ku,麻生田,アソウダ,Asoda,４丁目,４チョウメ,4,,,,,1,1,0,0,0,0,1,1,1947-04-17,,0,,,,,,,,,,,,,,,,
431052,0001005,2,熊本県,クマモトケン,Kumamoto,,,,熊本市,クマモトシ,Kumamoto-shi,北区,キタク,Kita-ku,麻生田,アソウダ,Asoda,５丁目,５チョウメ,5,,,,,1,1,0,0,0,0,1,1,1947-04-17,,0,,,,,,,,,,,,,,,,
431052,0002000,1,熊本県,クマモトケン,Kumamoto,,,,熊本市,クマモトシ,Kumamoto-shi,北区,キタク,Kita-ku,改寄町,アラキマチ,Arakimachi,,,,,,,,0,0,0,0,0,0,1,1,1947-04-17,,0,8615501,,,,,,,,,,,,,,,
431052,0003003,2,熊本県,クマモトケン,Kumamoto,,,,熊本市,クマモトシ,Kumamoto-shi,北区,キタク,Kita-ku,池田,イケダ,Ikeda,３丁目,３チョウメ,3,,,,,0,0,0,0,0,0,1,1,1947-04-17,,0,,,,,,,,,,,,,,,,
431052,0003003,2,熊本県,クマモトケン,Kumamoto,,,,熊本市,クマモトシ,Kumamoto-shi,北区,キタク,Kita-ku,池田,イケダ,Ikeda,３丁目,３チョウメ,3,,,,,1,1,0,0,0,0,1,1,1947-04-17,,0,,,,,,,,,,,,,,,,
431052,0004000,1,熊本県,クマモトケン,Kumamoto,,,,熊本市,クマモトシ,Kumamoto-shi,北区,キタク,Kita-ku,和泉町,イズミマチ,Izumimachi,,,,,,,,0,0,0,0,0,0,1,1,1947-04-17,,0,8615533,,,,,,,,,,,,,,,
431052,0005000,1,熊本県,クマモトケン,Kumamoto,,,,熊本市,クマモトシ,Kumamoto-shi,北区,キタク,Kita-ku,植木町鐙田,ウエキマチアブミダ,Uekimachi Abumida,,,,,,,,0,0,0,0,0,0,1,1,1947-04-17,,0,8610142,,,,,,,,,,,,,,,
431052,0006000,1,熊本県,クマモトケン,Kumamoto,,,,熊本市,クマモトシ,Kumamoto-shi,北区,キタク,Kita-ku,植木町有泉,ウエキマチアリズミ,Uekimachi Arizumi,,,,,,,,0,0,0,0,0,0,1,1,1947-04-17,,0,8610123,,,,,,,,,,,,,,,
431052,0007000,1,熊本県,クマモトケン,Kumamoto,,,,熊本市,クマモトシ,Kumamoto-shi,北区,キタク,Kita-ku,植木町石川,ウエキマチイシカワ,Uekimachi Ishikawa,,,,,,,,0,0,0,0,0,0,1,1,1947-04-17,,0,8610124,,,,,,,,,,,,,,,
431052,0008000,1,熊本県,クマモトケン,Kumamoto,,,,熊本市,クマモトシ,Kumamoto-shi,北区,キタク,Kita-ku,植木町伊知坊,ウエキマチイチボウ,Uekimachi Ichibo,,,,,,,,0,0,0,0,0,0,1,1,1947-04-17,,0,8610113,,,,,,,,,,,,,,,
431052,0009000,1,熊本県,クマモトケン,Kumamoto,,,,熊本市,クマモトシ,Kumamoto-shi,北区,キタク,Kita-ku,植木町今藤,ウエキマチイマフジ,Uekimachi Imafuji,,,,,,,,0,0,0,0,0,0,1,1,1947-04-17,,0,8610104,,,,,,,,,,,,,,,
431052,0010000,1,熊本県,クマモトケン,Kumamoto,,,,熊本市,クマモトシ,Kumamoto-shi,北区,キタク,Kita-ku,植木町岩野,ウエキマチイワノ,Uekimachi Iwano,,,,,,,,0,0,0,0,0,0,1,1,1947-04-17,,0,8610136,,,,,,,,,,,,,,,
431052,0011000,1,熊本県,クマモトケン,Kumamoto,,,,熊本市,クマモトシ,Kumamoto-shi,北区,キタク,Kita-ku,植木町植木,ウエキマチウエキ,Uekimachi Ueki,,,,,,,,0,0,0,0,0,0,1,1,1947-04-17,,0,8610132,,,,,,,,,,,,,,,
431052,0012000,1,熊本県,クマモトケン,Kumamoto,,,,熊本市,クマモトシ,Kumamoto-shi,北区,キタク,Kita-ku,植木町上古閑,ウエキマチウエコガ,Uekimachi Uekoga,,,,,,,,0,0,0,0,0,0,1,1,1947-04-17,,0,8610152,,,,,,,,,,,,,,,
431052,0013000,1,熊本県,クマモトケン,Kumamoto,,,,熊本市,クマモトシ,Kumamoto-shi,北区,キタク,Kita-ku,植木町後古閑,ウエキマチウシロコガ,Uekimachi Ushirokoga,,,,,,,,0,0,0,0,0,0,1,1,1947-04-17,,0,8610156,,,,,,,,,,,,,,,
431052,0014000,1,熊本県,クマモトケン,Kumamoto,,,,熊本市,クマモトシ,Kumamoto-shi,北区,キタク,Kita-ku,植木町内,ウエキマチウチ,Uekimachi Uchi,,,,,,,,0,0,0,0,0,0,1,1,1947-04-17,,0,8610102,,,,,,,,,,,,,,,
431052,0015000,1,熊本県,クマモトケン,Kumamoto,,,,熊本市,クマモトシ,Kumamoto-shi,北区,キタク,Kita-ku,植木町円台寺,ウエキマチエンダイジ,Uekimachi Endaiji,,,,,,,,0,0,0,0,0,0,1,1,1947-04-17,,0,8610153,,,,,,,,,,,,,,,
431052,0016000,1,熊本県,クマモトケン,Kumamoto,,,,熊本市,クマモトシ,Kumamoto-shi,北区,キタク,Kita-ku,植木町大井,ウエキマチオオイ,Uekimachi Oi,,,,,,,,0,0,0,0,0,0,1,1,1947-04-17,,0,8610126,,,,,,,,,,,,,,,
431052,0017000,1,熊本県,クマモトケン,Kumamoto,,,,熊本市,クマモトシ,Kumamoto-shi,北区,キタク,Kita-ku,植木町荻迫,ウエキマチオギサコ,Uekimachi Ogisako,,,,,,,,0,0,0,0,0,0,1,1,1947-04-17,,0,8610145,,,,,,,,,,,,,,,
431052,0018000,1,熊本県,クマモトケン,Kumamoto,,,,熊本市,クマモトシ,Kumamoto-shi,北区,キタク,Kita-ku,植木町小野,ウエキマチオノ,Uekimachi Ono,,,,,,,,0,0,0,0,0,0,1,1,1947-04-17,,0,8610125,,,,,,,,,,,,,,,
431052,0019000,1,熊本県,クマモトケン,Kumamoto,,,,熊本市,クマモトシ,Kumamoto-shi,北区,キタク,Kita-ku,植木町亀甲,ウエキマチカメコウ,Uekimachi Kameko,,,,,,,,0,0,0,0,0,0,1,1,1947-04-17,,0,8610127,,,,,,,,,,,,,,,
431052,0020000,1,熊本県,クマモトケン,Kumamoto,,,,熊本市,クマモトシ,Kumamoto-shi,北区,キタク,Kita-ku,植木町木留,ウエキマチキトメ,Uekimachi Kitome,,,,,,,,0,0,0,0,0,0,1,1,1947-04-17,,0,8610151,,,,,,,,,,,,,,,
431052,0021000,1,熊本県,クマモトケン,Kumamoto,,,,熊本市,クマモトシ,Kumamoto-shi,北区,キタク,Kita-ku,植木町清水,ウエキマチキヨミズ,Uekimachi Kiyomizu,,,,,,,,0,0,0,0,0,0,1,1,1947-04-17,,0,8610103,,,,,,,,,,,,,,,
431052,0022000,1,熊本県,クマモトケン,Kumamoto,,,,熊本市,クマモトシ,Kumamoto-shi,北区,キタク,Kita-ku,植木町鞍掛,ウエキマチクラカケ,Uekimachi Kurakake,,,,,,,,0,0,0,0,0,0,1,1,1947-04-17,,0,8610161,,,,,,,,,,,,,,,
431052,0023000,1,熊本県,クマモトケン,Kumamoto,,,,熊本市,クマモトシ,Kumamoto-shi,北区,キタク,Kita-ku,植木町古閑,ウエキマチコガ,Uekimachi Koga,,,,,,,,0,0,0,0,0,0,1,1,1947-04-17,,0,8610122,,,,,,,,,,,,,,,
431052,0024000,1,熊本県,クマモトケン,Kumamoto,,,,熊本市,クマモトシ,Kumamoto-shi,北区,キタク,Kita-ku,植木町色出,ウエキマチシキデ,Uekimachi Shikide,,,,,,,,0,0,0,0,0,0,1,1,1947-04-17,,0,8610116,,,,,,,,,,,,,,,
431052,0025000,1,熊本県,クマモトケン,Kumamoto,,,,熊本市,クマモトシ,Kumamoto-shi,北区,キタク,Kita-ku,植木町正清,ウエキマチショウセイ,Uekimachi Shosei,,,,,,,,0,0,0,0,0,0,1,1,1947-04-17,,0,8610117,,,,,,,,,,,,,,,
431052,0026000,1,熊本県,クマモトケン,Kumamoto,,,,熊本市,クマモトシ,Kumamoto-shi,北区,キタク,Kita-ku,植木町鈴麦,ウエキマチスズムギ,Uekimachi Suzumugi,,,,,,,,0,0,0,0,0,0,1,1,1947-04-17,,0,8610164,,,,,,,,,,,,,,,
431052,0027000,1,熊本県,クマモトケン,Kumamoto,,,,熊本市,クマモトシ,Kumamoto-shi,北区,キタク,Kita-ku,植木町大和,ウエキマチダイワ,Uekimachi Daiwa,,,,,,,,0,0,0,0,0,0,1,1,1947-04-17,,0,8610143,,,,,,,,,,,,,,,
431052,0028000,1,熊本県,クマモトケン,Kumamoto,,,,熊本市,クマモトシ,Kumamoto-shi,北区,キタク,Kita-ku,植木町田底,ウエキマチタソコ,Uekimachi Tasoko,,,,,,,,0,0,0,0,0,0,1,1,1947-04-17,,0,8610112,,,,,,,,,,,,,,,
431052,0029000,1,熊本県,クマモトケン,Kumamoto,,,,熊本市,クマモトシ,Kumamoto-shi,北区,キタク,Kita-ku,植木町滴水,ウエキマチタルミズ,Uekimachi Tarumizu,,,,,,,,0,0,0,0,0,0,1,1,1947-04-17,,0,8610133,,,,,,,,,,,,,,,
431052,0030000,1,熊本県,クマモトケン,Kumamoto,,,,熊本市,クマモトシ,Kumamoto-shi,北区,キタク,Kita-ku,植木町轟,ウエキマチトドロキ,Uekimachi Todoroki,,,,,,,,0,0,0,0,0,0,1,1,1947-04-17,,0,8610155,,,,,,,,,,,,,,,
431052,0031000,1,熊本県,クマモトケン,Kumamoto,,,,熊本市,クマモトシ,Kumamoto-shi,北区,キタク,Kita-ku,植木町富応,ウエキマチトミオウ,Uekimachi Tomio,,,,,,,,0,0,0,0,0,0,1,1,1947-04-17,,0,8610162,,,,,,,,,,,,,,,
431052,0032000,1,熊本県,クマモトケン,Kumamoto,,,,熊本市,クマモトシ,Kumamoto-shi,北区,キタク,Kita-ku,植木町豊岡,ウエキマチトヨオカ,Uekimachi Toyoka,,,,,,,,0,0,0,0,0,0,1,1,1947-04-17,,0,8610163,,,,,,,,,,,,,,,
431052,0033000,1,熊本県,クマモトケン,Kumamoto,,,,熊本市,クマモトシ,Kumamoto-shi,北区,キタク,Kita-ku,植木町豊田,ウエキマチトヨダ,Uekimachi Toyoda,,,,,,,,0,0,0,0,0,0,1,1,1947-04-17,,0,8610106,,,,,,,,,,,,,,,
431052,0034000,1,熊本県,クマモトケン,Kumamoto,,,,熊本市,クマモトシ,Kumamoto-shi,北区,キタク,Kita-ku,植木町投刀塚,ウエキマチナタツカ,Uekimachi Natatsuka,,,,,,,,0,0,0,0,0,0,1,1,1947-04-17,,0,8610141,,,,,,,,,,,,,,,
431052,0035000,1,熊本県,クマモトケン,Kumamoto,,,,熊本市,クマモトシ,Kumamoto-shi,北区,キタク,Kita-ku,植木町那知,ウエキマチナチ,Uekimachi Nachi,,,,,,,,0,0,0,0,0,0,1,1,1947-04-17,,0,8610154,,,,,,,,,,,,,,,
431052,0036000,1,熊本県,クマモトケン,Kumamoto,,,,熊本市,クマモトシ,Kumamoto-shi,北区,キタク,Kita-ku,植木町一木,ウエキマチヒトツギ,Uekimachi Hitotsugi,,,,,,,,0,0,0,0,0,0,1,1,1947-04-17,,0,8610135,,,,,,,,,,,,,,,
431052,0037000,1,熊本県,クマモトケン,Kumamoto,,,,熊本市,クマモトシ,Kumamoto-shi,北区,キタク,Kita-ku,植木町平井,ウエキマチヒライ,Uekimachi Hirai,,,,,,,,0,0,0,0,0,0,1,1,1947-04-17,,0,8610121,,,,,,,,,,,,,,,
431052,0038000,1,熊本県,クマモトケン,Kumamoto,,,,熊本市,クマモトシ,Kumamoto-shi,北区,キタク,Kita-ku,植木町平野,ウエキマチヒラノ,Uekimachi Hirano,,,,,,,,0,0,0,0,0,0,1,1,1947-04-17,,0,8610144,,,,,,,,,,,,,,,
431052,0039000,1,熊本県,クマモトケン,Kumamoto,,,,熊本市,クマモトシ,Kumamoto-shi,北区,キタク,Kita-ku,植木町平原,ウエキマチヒラバル,Uekimachi Hirabaru,,,,,,,,0,0,0,0,0,0,1,1,1947-04-17,,0,8610165,,,,,,,,,,,,,,,
431052,0040000,1,熊本県,クマモトケン,Kumamoto,,,,熊本市,クマモトシ,Kumamoto-shi,北区,キタク,Kita-ku,植木町広住,ウエキマチヒロズミ,Uekimachi Hirozumi,,,,,,,,0,0,0,0,0,0,1,1,1947-04-17,,0,8610131,,,,,,,,,,,,,,,
431052,0041000,1,熊本県,クマモトケン,Kumamoto,,,,熊本市,クマモトシ,Kumamoto-shi,北区,キタク,Kita-ku,植木町舟島,ウエキマチフナジマ,Uekimachi Funajima,,,,,,,,0,0,0,0,0,0,1,1,1947-04-17,,0,8610114,,,,,,,,,,,,,,,
431052,0042000,1,熊本県,クマモトケン,Kumamoto,,,,熊本市,クマモトシ,Kumamoto-shi,北区,キタク,Kita-ku,植木町辺田野,ウエキマチヘタノ,Uekimachi Hetano,,,,,,,,0,0,0,0,0,0,1,1,1947-04-17,,0,8610146,,,,,,,,,,,,,,,
431052,0043000,1,熊本県,クマモトケン,Kumamoto,,,,熊本市,クマモトシ,Kumamoto-shi,北区,キタク,Kita-ku,植木町味取,ウエキマチミトリ,Uekimachi Mitori,,,,,,,,0,0,0,0,0,0,1,1,1947-04-17,,0,8610105,,,,,,,,,,,,,,,
431052,0044000,1,熊本県,クマモトケン,Kumamoto,,,,熊本市,クマモトシ,Kumamoto-shi,北区,キタク,Kita-ku,植木町宮原,ウエキマチミヤバル,Uekimachi Miyabaru,,,,,,,,0,0,0,0,0,0,1,1,1947-04-17,,0,8610111,,,,,,,,,,,,,,,
431052,0045000,1,熊本県,クマモトケン,Kumamoto,,,,熊本市,クマモトシ,Kumamoto-shi,北区,キタク,Kita-ku,植木町舞尾,ウエキマチモウノ,Uekimachi Mono,,,,,,,,0,0,0,0,0,0,1,1,1947-04-17,,0,8610134,,,,,,,,,,,,,,,
431052,0046000,1,熊本県,クマモトケン,Kumamoto,,,,熊本市,クマモトシ,Kumamoto-shi,北区,キタク,Kita-ku,植木町山本,ウエキマチヤマモト,Uekimachi Yamamoto,,,,,,,,0,0,0,0,0,0,1,1,1947-04-17,,0,8610101,,,,,,,,,,,,,,,
431052,0047000,1,熊本県,クマモトケン,Kumamoto,,,,熊本市,クマモトシ,Kumamoto-shi,北区,キタク,Kita-ku,植木町米塚,ウエキマチヨネツカ,Uekimachi Yonetsuka,,,,,,,,0,0,0,0,0,0,1,1,1947-04-17,,0,8610115,,,,,,,,,,,,,,,
431052,0048001,2,熊本県,クマモトケン,Kumamoto,,,,熊本市,クマモトシ,Kumamoto-shi,北区,キタク,Kita-ku,兎谷,ウサギダニ,Usagidani,１丁目,１チョウメ,1,,,,,1,1,0,0,0,0,1,1,1947-04-17,,0,,,MJ007231_*,,,,,,,,,,,,,
431052,0048002,2,熊本県,クマモトケン,Kumamoto,,,,熊本市,クマモトシ,Kumamoto-shi,北区,キタク,Kita-ku,兎谷,ウサギダニ,Usagidani,２丁目,２チョウメ,2,,,,,1,1,0,0,0,0,1,1,1947-04-17,,0,,,MJ007231_*,,,,,,,,,,,,,
431052,0048003,2,熊本県,クマモトケン,Kumamoto,,,,熊本市,クマモトシ,Kumamoto-shi,北区,キタク,Kita-ku,兎谷,ウサギダニ,Usagidani,３丁目,３チョウメ,3,,,,,1,1,0,0,0,0,1,1,1947-04-17,,0,,,MJ007231_*,,,,,,,,,,,,,
431052,0049000,1,熊本県,クマモトケン,Kumamoto,,,,熊本市,クマモトシ,Kumamoto-shi,北区,キタク,Kita-ku,打越町,ウチゴシマチ,Uchigoshimachi,,,,,,,,1,1,0,0,0,0,1,1,1947-04-17,,0,8600086,,,,,,,,,,,,,,,
431052,0050001,2,熊本県,クマモトケン,Kumamoto,,,,熊本市,クマモトシ,Kumamoto-shi,北区,キタク,Kita-ku,大窪,オオクボ,Okubo,１丁目,１チョウメ,1,,,,,1,1,0,0,0,0,1,1,1947-04-17,,0,,,,,,,,,,,,,,,,
431052,0050002,2,熊本県,クマモトケン,Kumamoto,,,,熊本市,クマモトシ,Kumamoto-shi,北区,キタク,Kita-ku,大窪,オオクボ,Okubo,２丁目,２チョウメ,2,,,,,1,1,0,0,0,0,1,1,1947-04-17,,0,,,,,,,,,,,,,,,,
431052,0050003,2,熊本県,クマモトケン,Kumamoto,,,,熊本市,クマモトシ,Kumamoto-shi,北区,キタク,Kita-ku,大窪,オオクボ,Okubo,３丁目,３チョウメ,3,,,,,1,1,0,0,0,0,1,1,1947-04-17,,0,,,,,,,,,,,,,,,,
431052,0050004,2,熊本県,クマモトケン,Kumamoto,,,,熊本市,クマモトシ,Kumamoto-shi,北区,キタク,Kita-ku,大窪,オオクボ,Okubo,４丁目,４チョウメ,4,,,,,1,1,0,0,0,0,1,1,1947-04-17,,0,,,,,,,,,,,,,,,,
431052,0050005,2,熊本県,クマモトケン,Kumamoto,,,,熊本市,クマモトシ,Kumamoto-shi,北区,キタク,Kita-ku,大窪,オオクボ,Okubo,５丁目,５チョウメ,5,,,,,1,1,0,0,0,0,1,1,1947-04-17,,0,,,,,,,,,,,,,,,,
431052,0051000,1,熊本県,クマモトケン,Kumamoto,,,,熊本市,クマモトシ,Kumamoto-shi,北区,キタク,Kita-ku,大鳥居町,オオトリイマチ,Otoriimachi,,,,,,,,0,0,0,0,0,0,1,1,1947-04-17,,0,8615502,,,,,,,,,,,,,,,
431052,0052000,1,熊本県,クマモトケン,Kumamoto,,,,熊本市,クマモトシ,Kumamoto-shi,北区,キタク,Kita-ku,梶尾町,カジオマチ,Kajiomachi,,,,,,,,0,0,0,0,0,0,1,1,1947-04-17,,0,8615512,,,,,,,,,,,,,,,
431052,0053000,1,熊本県,クマモトケン,Kumamoto,,,,熊本市,クマモトシ,Kumamoto-shi,北区,キタク,Kita-ku,鹿子木町,カノコギマチ,Kanokogimachi,,,,,,,,0,0,0,0,0,0,1,1,1947-04-17,,0,8615521,,,,,,,,,,,,,,,
431052,0054000,1,熊本県,クマモトケン,Kumamoto,,,,熊本市,クマモトシ,Kumamoto-shi,北区,キタク,Kita-ku,釜尾町,カマオマチ,Kamaomachi,,,,,,,,0,0,0,0,0,0,1,1,1947-04-17,,0,8615534,,,,,,,,,,,,,,,
431052,0055000,1,熊本県,クマモトケン,Kumamoto,,,,熊本市,クマモトシ,Kumamoto-shi,北区,キタク,Kita-ku,北迫町,キタザコマチ,Kitazakomachi,,,,,,,,0,0,0,0,0,0,1,1,1947-04-17,,0,8615531,,,,,,,,,,,,,,,
431052,0056001,2,熊本県,クマモトケン,Kumamoto,,,,熊本市,クマモトシ,Kumamoto-shi,北区,キタク,Kita-ku,楠,クスノキ,Kusunoki,１丁目,１チョウメ,1,,,,,1,1,0,0,0,0,1,1,1947-04-17,,0,,,,,,,,,,,,,,,,
431052,0056002,2,熊本県,クマモトケン,Kumamoto,,,,熊本市,クマモトシ,Kumamoto-shi,北区,キタク,Kita-ku,楠,クスノキ,Kusunoki,２丁目,２チョウメ,2,,,,,1,1,0,0,0,0,1,1,1947-04-17,,0,,,,,,,,,,,,,,,,
431052,0056003,2,熊本県,クマモトケン,Kumamoto,,,,熊本市,クマモトシ,Kumamoto-shi,北区,キタク,Kita-ku,楠,クスノキ,Kusunoki,３丁目,３チョウメ,3,,,,,1,1,0,0,0,0,1,1,1947-04-17,,0,,,,,,,,,,,,,,,,
431052,0056004,2,熊本県,クマモトケン,Kumamoto,,,,熊本市,クマモトシ,Kumamoto-shi,北区,キタク,Kita-ku,楠,クスノキ,Kusunoki,４丁目,４チョウメ,4,,,,,1,1,0,0,0,0,1,1,1947-04-17,,0,,,,,,,,,,,,,,,,
431052,0056005,2,熊本県,クマモトケン,Kumamoto,,,,熊本市,クマモトシ,Kumamoto-shi,北区,キタク,Kita-ku,楠,クスノキ,Kusunoki,５丁目,５チョウメ,5,,,,,1,1,0,0,0,0,1,1,1947-04-17,,0,,,,,,,,,,,,,,,,
431052,0056006,2,熊本県,クマモトケン,Kumamoto,,,,熊本市,クマモトシ,Kumamoto-shi,北区,キタク,Kita-ku,楠,クスノキ,Kusunoki,６丁目,６チョウメ,6,,,,,1,1,0,0,0,0,1,1,1947-04-17,,0,,,,,,,,,,,,,,,,
431052,0056007,2,熊本県,クマモトケン,Kumamoto,,,,熊本市,クマモトシ,Kumamoto-shi,北区,キタク,Kita-ku,楠,クスノキ,Kusunoki,７丁目,７チョウメ,7,,,,,1,1,0,0,0,0,1,1,1947-04-17,,0,,,,,,,,,,,,,,,,
431052,0056008,2,熊本県,クマモトケン,Kumamoto,,,,熊本市,クマモトシ,Kumamoto-shi,北区,キタク,Kita-ku,楠,クスノキ,Kusunoki,８丁目,８チョウメ,8,,,,,1,1,0,0,0,0,1,1,1947-04-17,,0,,,,,,,,,,,,,,,,
431052,0057000,1,熊本県,クマモトケン,Kumamoto,,,,熊本市,クマモトシ,Kumamoto-shi,北区,キタク,Kita-ku,楠野町,クスノマチ,Kusunomachi,,,,,,,,0,0,0,0,0,0,1,1,1947-04-17,,0,8615511,,,,,,,,,,,,,,,
431052,0058007,2,熊本県,クマモトケン,Kumamoto,,,,熊本市,クマモトシ,Kumamoto-shi,北区,キタク,Kita-ku,黒髪,クロカミ,Kurokami,７丁目,７チョウメ,7,,,,,0,0,0,0,0,0,1,1,1947-04-17,,0,,,,,,,,,,,,,,,,
431052,0059000,1,熊本県,クマモトケン,Kumamoto,,,,熊本市,クマモトシ,Kumamoto-shi,北区,キタク,Kita-ku,黒髪町大字坪井,クロカミマチオオアザツボイ,,,,,,,,,0,0,0,0,0,0,1,1,1947-04-17,,0,,,,,,,,,,,,,,,,
431052,0060000,1,熊本県,クマモトケン,Kumamoto,,,,熊本市,クマモトシ,Kumamoto-shi,北区,キタク,Kita-ku,小糸山町,コイトヤママチ,Koitoyamamachi,,,,,,,,0,0,0,0,0,0,1,1,1947-04-17,,0,8615504,,,,,,,,,,,,,,,
431052,0061001,2,熊本県,クマモトケン,Kumamoto,,,,熊本市,クマモトシ,Kumamoto-shi,北区,キタク,Kita-ku,清水岩倉,シミズイワクラ,Shimizu Iwakura,１丁目,１チョウメ,1,,,,,1,1,0,0,0,0,1,1,1947-04-17,,0,,,,,,,,,,,,,,,,
431052,0061002,2,熊本県,クマモトケン,Kumamoto,,,,熊本市,クマモトシ,Kumamoto-shi,北区,キタク,Kita-ku,清水岩倉,シミズイワクラ,Shimizu Iwakura,２丁目,２チョウメ,2,,,,,1,1,0,0,0,0,1,1,1947-04-17,,0,,,,,,,,,,,,,,,,
431052,0061003,2,熊本県,クマモトケン,Kumamoto,,,,熊本市,クマモトシ,Kumamoto-shi,北区,キタク,Kita-ku,清水岩倉,シミズイワクラ,Shimizu Iwakura,３丁目,３チョウメ,3,,,,,1,1,0,0,0,0,1,1,1947-04-17,,0,,,,,,,,,,,,,,,,
431052,0062000,1,熊本県,クマモトケン,Kumamoto,,,,熊本市,クマモトシ,Kumamoto-shi,北区,キタク,Kita-ku,清水亀井町,シミズカメイマチ,Shimizu Kameimachi,,,,,,,,1,1,0,0,0,0,1,1,1947-04-17,,0,8618066,,,,,,,,,,,,,,,
431052,0063001,2,熊本県,クマモトケン,Kumamoto,,,,熊本市,クマモトシ,Kumamoto-shi,北区,キタク,Kita-ku,清水新地,シミズシンチ,Shimizu Shinchi,１丁目,１チョウメ,1,,,,,1,1,0,0,0,0,1,1,1947-04-17,,0,,,,,,,,,,,,,,,,
431052,0063002,2,熊本県,クマモトケン,Kumamoto,,,,熊本市,クマモトシ,Kumamoto-shi,北区,キタク,Kita-ku,清水新地,シミズシンチ,Shimizu Shinchi,２丁目,２チョウメ,2,,,,,1,1,0,0,0,0,1,1,1947-04-17,,0,,,,,,,,,,,,,,,,
431052,0063003,2,熊本県,クマモトケン,Kumamoto,,,,熊本市,クマモトシ,Kumamoto-shi,北区,キタク,Kita-ku,清水新地,シミズシンチ,Shimizu Shinchi,３丁目,３チョウメ,3,,,,,1,1,0,0,0,0,1,1,1947-04-17,,0,,,,,,,,,,,,,,,,
431052,0063004,2,熊本県,クマモトケン,Kumamoto,,,,熊本市,クマモトシ,Kumamoto-shi,北区,キタク,Kita-ku,清水新地,シミズシンチ,Shimizu Shinchi,４丁目,４チョウメ,4,,,,,1,1,0,0,0,0,1,1,1947-04-17,,0,,,,,,,,,,,,,,,,
431052,0063005,2,熊本県,クマモトケン,Kumamoto,,,,熊本市,クマモトシ,Kumamoto-shi,北区,キタク,Kita-ku,清水新地,シミズシンチ,Shimizu Shinchi,５丁目,５チョウメ,5,,,,,1,1,0,0,0,0,1,1,1947-04-17,,0,,,,,,,,,,,,,,,,
431052,0063006,2,熊本県,クマモトケン,Kumamoto,,,,熊本市,クマモトシ,Kumamoto-shi,北区,キタク,Kita-ku,清水新地,シミズシンチ,Shimizu Shinchi,６丁目,６チョウメ,6,,,,,1,1,0,0,0,0,1,1,1947-04-17,,0,,,,,,,,,,,,,,,,
431052,0063007,2,熊本県,クマモトケン,Kumamoto,,,,熊本市,クマモトシ,Kumamoto-shi,北区,キタク,Kita-ku,清水新地,シミズシンチ,Shimizu Shinchi,７丁目,７チョウメ,7,,,,,1,1,0,0,0,0,1,1,1947-04-17,,0,,,,,,,,,,,,,,,,
431052,0064000,1,熊本県,クマモトケン,Kumamoto,,,,熊本市,クマモトシ,Kumamoto-shi,北区,キタク,Kita-ku,清水東町,シミズヒガシマチ,Shimizu Higashimachi,,,,,,,,1,1,0,0,0,0,1,1,1947-04-17,,0,8618065,,,,,,,,,,,,,,,
431052,0065000,1,熊本県,クマモトケン,Kumamoto,,,,熊本市,クマモトシ,Kumamoto-shi,北区,キタク,Kita-ku,清水本町,シミズホンマチ,Shimizu Hommachi,,,,,,,,1,1,0,0,0,0,1,1,1947-04-17,,0,8618074,,,,,,,,,,,,,,,
431052,0066000,1,熊本県,クマモトケン,Kumamoto,,,,熊本市,クマモトシ,Kumamoto-shi,北区,キタク,Kita-ku,清水町大字打越,シミズマチオオアザウチゴシ,,,,,,,,,0,0,0,0,0,0,1,1,1947-04-17,,0,,,,,,,,,,,,,,,,
431052,0067000,1,熊本県,クマモトケン,Kumamoto,,,,熊本市,クマモトシ,Kumamoto-shi,北区,キタク,Kita-ku,清水町大字松崎,シミズマチオオアザマツザキ,,,,,,,,,0,0,0,0,0,0,1,1,1947-04-17,,0,,,,,,,,,,,,,,,,
431052,0068000,1,熊本県,クマモトケン,Kumamoto,,,,熊本市,クマモトシ,Kumamoto-shi,北区,キタク,Kita-ku,清水町大字室園,シミズマチオオアザムロゾノ,,,,,,,,,0,0,0,0,0,0,1,1,1947-04-17,,0,,,,,,,,,,,,,,,,
431052,0069001,2,熊本県,クマモトケン,Kumamoto,,,,熊本市,クマモトシ,Kumamoto-shi,北区,キタク,Kita-ku,清水万石,シミズマンゴク,Shimizu Mangoku,１丁目,１チョウメ,1,,,,,1,1,0,0,0,0,1,1,1947-04-17,,0,,,,,,,,,,,,,,,,
431052,0069002,2,熊本県,クマモトケン,Kumamoto,,,,熊本市,クマモトシ,Kumamoto-shi,北区,キタク,Kita-ku,清水万石,シミズマンゴク,Shimizu Mangoku,２丁目,２チョウメ,2,,,,,1,1,0,0,0,0,1,1,1947-04-17,,0,,,,,,,,,,,,,,,,
431052,0069003,2,熊本県,クマモトケン,Kumamoto,,,,熊本市,クマモトシ,Kumamoto-shi,北区,キタク,Kita-ku,清水万石,シミズマンゴク,Shimizu Mangoku,３丁目,３チョウメ,3,,,,,1,1,0,0,0,0,1,1,1947-04-17,,0,,,,,,,,,,,,,,,,
431052,0069004,2,熊本県,クマモトケン,Kumamoto,,,,熊本市,クマモトシ,Kumamoto-shi,北区,キタク,Kita-ku,清水万石,シミズマンゴク,Shimizu Mangoku,４丁目,４チョウメ,4,,,,,1,1,0,0,0,0,1,1,1947-04-17,,0,,,,,,,,,,,,,,,,
431052,0069005,2,熊本県,クマモトケン,Kumamoto,,,,熊本市,クマモトシ,Kumamoto-shi,北区,キタク,Kita-ku,清水万石,シミズマンゴク,Shimizu Mangoku,５丁目,５チョウメ,5,,,,,0,0,0,0,0,0,1,1,1947-04-17,,0,,,,,,,,,,,,,,,,
431052,0069005,2,熊本県,クマモトケン,Kumamoto,,,,熊本市,クマモトシ,Kumamoto-shi,北区,キタク,Kita-ku,清水万石,シミズマンゴク,Shimizu Mangoku,５丁目,５チョウメ,5,,,,,1,1,0,0,0,0,1,1,1947-04-17,,0,,,,,,,,,,,,,,,,
431052,0070001,2,熊本県,クマモトケン,Kumamoto,,,,熊本市,クマモトシ,Kumamoto-shi,北区,キタク,Kita-ku,下硯川,シモスズリカワ,Shimosuzurikawa,１丁目,１チョウメ,1,,,,,1,1,0,0,0,0,1,1,1947-04-17,,0,,,,,,,,,,,,,,,,
431052,0070002,2,熊本県,クマモトケン,Kumamoto,,,,熊本市,クマモトシ,Kumamoto-shi,北区,キタク,Kita-ku,下硯川,シモスズリカワ,Shimosuzurikawa,２丁目,２チョウメ,2,,,,,1,1,0,0,0,0,1,1,1947-04-17,,0,,,,,,,,,,,,,,,,
431052,0071000,1,熊本県,クマモトケン,Kumamoto,,,,熊本市,クマモトシ,Kumamoto-shi,北区,キタク,Kita-ku,下硯川町,シモスズリカワマチ,Shimosuzurikawamachi,,,,,,,,0,0,0,0,0,0,1,1,1947-04-17,,0,8615522,,,,,,,,,,,,,,,
431052,0072000,1,熊本県,クマモトケン,Kumamoto,,,,熊本市,クマモトシ,Kumamoto-shi,北区,キタク,Kita-ku,硯川町,スズリカワマチ,Suzurikawamachi,,,,,,,,0,0,0,0,0,0,1,1,1947-04-17,,0,8615524,,,,,,,,,,,,,,,
431052,0073001,2,熊本県,クマモトケン,Kumamoto,,,,熊本市,クマモトシ,Kumamoto-shi,北区,キタク,Kita-ku,高平,タカヒラ,Takahira,１丁目,１チョウメ,1,,,,,1,1,0,0,0,0,1,1,1947-04-17,,0,,,,,,,,,,,,,,,,
431052,0073002,2,熊本県,クマモトケン,Kumamoto,,,,熊本市,クマモトシ,Kumamoto-shi,北区,キタク,Kita-ku,高平,タカヒラ,Takahira,２丁目,２チョウメ,2,,,,,1,1,0,0,0,0,1,1,1947-04-17,,0,,,,,,,,,,,,,,,,
431052,0073003,2,熊本県,クマモトケン,Kumamoto,,,,熊本市,クマモトシ,Kumamoto-shi,北区,キタク,Kita-ku,高平,タカヒラ,Takahira,３丁目,３チョウメ,3,,,,,1,1,0,0,0,0,1,1,1947-04-17,,0,,,,,,,,,,,,,,,,
431052,0074001,2,熊本県,クマモトケン,Kumamoto,,,,熊本市,クマモトシ,Kumamoto-shi,北区,キタク,Kita-ku,龍田,タツダ,Tatsuda,１丁目,１チョウメ,1,,,,,1,1,0,0,0,0,1,1,1947-04-17,,0,,,,,,,,,,,,,,,,
431052,0074002,2,熊本県,クマモトケン,Kumamoto,,,,熊本市,クマモトシ,Kumamoto-shi,北区,キタク,Kita-ku,龍田,タツダ,Tatsuda,２丁目,２チョウメ,2,,,,,1,1,0,0,0,0,1,1,1947-04-17,,0,,,,,,,,,,,,,,,,
431052,0074003,2,熊本県,クマモトケン,Kumamoto,,,,熊本市,クマモトシ,Kumamoto-shi,北区,キタク,Kita-ku,龍田,タツダ,Tatsuda,３丁目,３チョウメ,3,,,,,0,0,0,0,0,0,1,1,1947-04-17,,0,,,,,,,,,,,,,,,,
431052,0074003,2,熊本県,クマモトケン,Kumamoto,,,,熊本市,クマモトシ,Kumamoto-shi,北区,キタク,Kita-ku,龍田,タツダ,Tatsuda,３丁目,３チョウメ,3,,,,,1,1,0,0,0,0,1,1,1947-04-17,,0,,,,,,,,,,,,,,,,
431052,0074004,2,熊本県,クマモトケン,Kumamoto,,,,熊本市,クマモトシ,Kumamoto-shi,北区,キタク,Kita-ku,龍田,タツダ,Tatsuda,４丁目,４チョウメ,4,,,,,1,1,0,0,0,0,1,1,1947-04-17,,0,,,,,,,,,,,,,,,,
431052,0074005,2,熊本県,クマモトケン,Kumamoto,,,,熊本市,クマモトシ,Kumamoto-shi,北区,キタク,Kita-ku,龍田,タツダ,Tatsuda,５丁目,５チョウメ,5,,,,,1,1,0,0,0,0,1,1,1947-04-17,,0,,,,,,,,,,,,,,,,
431052,0074006,2,熊本県,クマモトケン,Kumamoto,,,,熊本市,クマモトシ,Kumamoto-shi,北区,キタク,Kita-ku,龍田,タツダ,Tatsuda,６丁目,６チョウメ,6,,,,,1,1,0,0,0,0,1,1,1947-04-17,,0,,,,,,,,,,,,,,,,
431052,0074007,2,熊本県,クマモトケン,Kumamoto,,,,熊本市,クマモトシ,Kumamoto-shi,北区,キタク,Kita-ku,龍田,タツダ,Tatsuda,７丁目,７チョウメ,7,,,,,1,1,0,0,0,0,1,1,1947-04-17,,0,,,,,,,,,,,,,,,,
431052,0074008,2,熊本県,クマモトケン,Kumamoto,,,,熊本市,クマモトシ,Kumamoto-shi,北区,キタク,Kita-ku,龍田,タツダ,Tatsuda,８丁目,８チョウメ,8,,,,,1,1,0,0,0,0,1,1,1947-04-17,,0,,,,,,,,,,,,,,,,
431052,0074009,2,熊本県,クマモトケン,Kumamoto,,,,熊本市,クマモトシ,Kumamoto-shi,北区,キタク,Kita-ku,龍田,タツダ,Tatsuda,９丁目,９チョウメ,9,,,,,1,1,0,0,0,0,1,1,1947-04-17,,0,,,,,,,,,,,,,,,,
431052,0075001,2,熊本県,クマモトケン,Kumamoto,,,,熊本市,クマモトシ,Kumamoto-shi,北区,キタク,Kita-ku,龍田陳内,タツダジンナイ,Tatsudajinnai,１丁目,１チョウメ,1,,,,,1,1,0,0,0,0,1,1,1947-04-17,,0,,,,,,,,,,,,,,,,
431052,0075002,2,熊本県,クマモトケン,Kumamoto,,,,熊本市,クマモトシ,Kumamoto-shi,北区,キタク,Kita-ku,龍田陳内,タツダジンナイ,Tatsudajinnai,２丁目,２チョウメ,2,,,,,0,0,0,0,0,0,1,1,1947-04-17,,0,,,,,,,,,,,,,,,,
431052,0075002,2,熊本県,クマモトケン,Kumamoto,,,,熊本市,クマモトシ,Kumamoto-shi,北区,キタク,Kita-ku,龍田陳内,タツダジンナイ,Tatsudajinnai,２丁目,２チョウメ,2,,,,,1,1,0,0,0,0,1,1,1947-04-17,,0,,,,,,,,,,,,,,,,
431052,0075003,2,熊本県,クマモトケン,Kumamoto,,,,熊本市,クマモトシ,Kumamoto-shi,北区,キタク,Kita-ku,龍田陳内,タツダジンナイ,Tatsudajinnai,３丁目,３チョウメ,3,,,,,1,1,0,0,0,0,1,1,1947-04-17,,0,,,,,,,,,,,,,,,,
431052,0075004,2,熊本県,クマモトケン,Kumamoto,,,,熊本市,クマモトシ,Kumamoto-shi,北区,キタク,Kita-ku,龍田陳内,タツダジンナイ,Tatsudajinnai,４丁目,４チョウメ,4,,,,,1,1,0,0,0,0,1,1,1947-04-17,,0,,,,,,,,,,,,,,,,
431052,0077001,2,熊本県,クマモトケン,Kumamoto,,,,熊本市,クマモトシ,Kumamoto-shi,北区,キタク,Kita-ku,龍田弓削,タツダユゲ,Tatsudayuge,１丁目,１チョウメ,1,,,,,1,1,0,0,0,0,1,1,1947-04-17,,0,,,,,,,,,,,,,,,,
431052,0077002,2,熊本県,クマモトケン,Kumamoto,,,,熊本市,クマモトシ,Kumamoto-shi,北区,キタク,Kita-ku,龍田弓削,タツダユゲ,Tatsudayuge,２丁目,２チョウメ,2,,,,,1,1,0,0,0,0,1,1,1947-04-17,,0,,,,,,,,,,,,,,,,
431052,0078000,1,熊本県,クマモトケン,Kumamoto,,,,熊本市,クマモトシ,Kumamoto-shi,北区,キタク,Kita-ku,太郎迫町,タロウザコマチ,Tarozakomachi,,,,,,,,0,0,0,0,0,0,1,1,1947-04-17,,0,8615532,,,,,,,,,,,,,,,
431052,0079000,1,熊本県,クマモトケン,Kumamoto,,,,熊本市,クマモトシ,Kumamoto-shi,北区,キタク,Kita-ku,津浦町,ツノウラマチ,Tsunoramachi,,,,,,,,1,1,0,0,0,0,1,1,1947-04-17,,0,8600088,,,,,,,,,,,,,,,
431052,0080001,2,熊本県,クマモトケン,Kumamoto,,,,熊本市,クマモトシ,Kumamoto-shi,北区,キタク,Kita-ku,鶴羽田,ツルハダ,Tsuruhada,１丁目,１チョウメ,1,,,,,1,1,0,0,0,0,1,1,1947-04-17,,0,,,,,,,,,,,,,,,,
431052,0080002,2,熊本県,クマモトケン,Kumamoto,,,,熊本市,クマモトシ,Kumamoto-shi,北区,キタク,Kita-ku,鶴羽田,ツルハダ,Tsuruhada,２丁目,２チョウメ,2,,,,,1,1,0,0,0,0,1,1,1947-04-17,,0,,,,,,,,,,,,,,,,
431052,0080003,2,熊本県,クマモトケン,Kumamoto,,,,熊本市,クマモトシ,Kumamoto-shi,北区,キタク,Kita-ku,鶴羽田,ツルハダ,Tsuruhada,３丁目,３チョウメ,3,,,,,1,1,0,0,0,0,1,1,1947-04-17,,0,,,,,,,,,,,,,,,,
431052,0080004,2,熊本県,クマモトケン,Kumamoto,,,,熊本市,クマモトシ,Kumamoto-shi,北区,キタク,Kita-ku,鶴羽田,ツルハダ,Tsuruhada,４丁目,４チョウメ,4,,,,,1,1,0,0,0,0,1,1,1947-04-17,,0,,,,,,,,,,,,,,,,
431052,0080005,2,熊本県,クマモトケン,Kumamoto,,,,熊本市,クマモトシ,Kumamoto-shi,北区,キタク,Kita-ku,鶴羽田,ツルハダ,Tsuruhada,５丁目,５チョウメ,5,,,,,1,1,0,0,0,0,1,1,1947-04-17,,0,,,,,,,,,,,,,,,,
431052,0081000,1,熊本県,クマモトケン,Kumamoto,,,,熊本市,クマモトシ,Kumamoto-shi,北区,キタク,Kita-ku,鶴羽田町,ツルハダマチ,Tsuruhadamachi,,,,,,,,0,0,0,0,0,0,1,1,1947-04-17,,0,8615513,,,,,,,,,,,,,,,
431052,0082001,2,熊本県,クマモトケン,Kumamoto,,,,熊本市,クマモトシ,Kumamoto-shi,北区,キタク,Kita-ku,徳王,トクオウ,Tokuo,１丁目,１チョウメ,1,,,,,1,1,0,0,0,0,1,1,1947-04-17,,0,,,,,,,,,,,,,,,,
431052,0082002,2,熊本県,クマモトケン,Kumamoto,,,,熊本市,クマモトシ,Kumamoto-shi,北区,キタク,Kita-ku,徳王,トクオウ,Tokuo,２丁目,２チョウメ,2,,,,,1,1,0,0,0,0,1,1,1947-04-17,,0,,,,,,,,,,,,,,,,
431052,0083000,1,熊本県,クマモトケン,Kumamoto,,,,熊本市,クマモトシ,Kumamoto-shi,北区,キタク,Kita-ku,徳王町,トクオウマチ,Tokuomachi,,,,,,,,0,0,0,0,0,0,1,1,1947-04-17,,0,8615523,,,,,,,,,,,,,,,
431052,0084000,1,熊本県,クマモトケン,Kumamoto,,,,熊本市,クマモトシ,Kumamoto-shi,北区,キタク,Kita-ku,西梶尾町,ニシカジオマチ,Nishikajiomachi,,,,,,,,0,0,0,0,0,0,1,1,1947-04-17,,0,8615516,,,,,,,,,,,,,,,
431052,0085001,2,熊本県,クマモトケン,Kumamoto,,,,熊本市,クマモトシ,Kumamoto-shi,北区,キタク,Kita-ku,楡木,ニレノキ,Nirenoki,１丁目,１チョウメ,1,,,,,1,1,0,0,0,0,1,1,1947-04-17,,0,,,,,,,,,,,,,,,,
431052,0085002,2,熊本県,クマモトケン,Kumamoto,,,,熊本市,クマモトシ,Kumamoto-shi,北区,キタク,Kita-ku,楡木,ニレノキ,Nirenoki,２丁目,２チョウメ,2,,,,,1,1,0,0,0,0,1,1,1947-04-17,,0,,,,,,,,,,,,,,,,
431052,0085003,2,熊本県,クマモトケン,Kumamoto,,,,熊本市,クマモトシ,Kumamoto-shi,北区,キタク,Kita-ku,楡木,ニレノキ,Nirenoki,３丁目,３チョウメ,3,,,,,1,1,0,0,0,0,1,1,1947-04-17,,0,,,,,,,,,,,,,,,,
431052,0085004,2,熊本県,クマモトケン,Kumamoto,,,,熊本市,クマモトシ,Kumamoto-shi,北区,キタク,Kita-ku,楡木,ニレノキ,Nirenoki,４丁目,４チョウメ,4,,,,,1,1,0,0,0,0,1,1,1947-04-17,,0,,,,,,,,,,,,,,,,
431052,0085005,2,熊本県,クマモトケン,Kumamoto,,,,熊本市,クマモトシ,Kumamoto-shi,北区,キタク,Kita-ku,楡木,ニレノキ,Nirenoki,５丁目,５チョウメ,5,,,,,1,1,0,0,0,0,1,1,1947-04-17,,0,,,,,,,,,,,,,,,,
431052,0085006,2,熊本県,クマモトケン,Kumamoto,,,,熊本市,クマモトシ,Kumamoto-shi,北区,キタク,Kita-ku,楡木,ニレノキ,Nirenoki,６丁目,６チョウメ,6,,,,,1,1,0,0,0,0,1,1,1947-04-17,,0,,,,,,,,,,,,,,,,
431052,0086000,1,熊本県,クマモトケン,Kumamoto,,,,熊本市,クマモトシ,Kumamoto-shi,北区,キタク,Kita-ku,乗越ヶ丘,ノリコシガオカ,,,,,,,,,0,0,0,0,0,0,1,1,1947-04-17,,0,,,,,,,,,,,,,,,,
431052,0087001,2,熊本県,クマモトケン,Kumamoto,,,,熊本市,クマモトシ,Kumamoto-shi,北区,キタク,Kita-ku,八景水谷,ハケノミヤ,Hakenomiya,１丁目,１チョウメ,1,,,,,1,1,0,0,0,0,1,1,1947-04-17,,0,,,,,,,,,,,,,,,,
431052,0087002,2,熊本県,クマモトケン,Kumamoto,,,,熊本市,クマモトシ,Kumamoto-shi,北区,キタク,Kita-ku,八景水谷,ハケノミヤ,Hakenomiya,２丁目,２チョウメ,2,,,,,1,1,0,0,0,0,1,1,1947-04-17,,0,,,,,,,,,,,,,,,,
431052,0087003,2,熊本県,クマモトケン,Kumamoto,,,,熊本市,クマモトシ,Kumamoto-shi,北区,キタク,Kita-ku,八景水谷,ハケノミヤ,Hakenomiya,３丁目,３チョウメ,3,,,,,1,1,0,0,0,0,1,1,1947-04-17,,0,,,,,,,,,,,,,,,,
431052,0087004,2,熊本県,クマモトケン,Kumamoto,,,,熊本市,クマモトシ,Kumamoto-shi,北区,キタク,Kita-ku,八景水谷,ハケノミヤ,Hakenomiya,４丁目,４チョウメ,4,,,,,1,1,0,0,0,0,1,1,1947-04-17,,0,,,,,,,,,,,,,,,,
431052,0088001,2,熊本県,クマモトケン,Kumamoto,,,,熊本市,クマモトシ,Kumamoto-shi,北区,キタク,Kita-ku,飛田,ヒダ,Hida,１丁目,１チョウメ,1,,,,,1,1,0,0,0,0,1,1,1947-04-17,,0,,,,,,,,,,,,,,,,
431052,0088002,2,熊本県,クマモトケン,Kumamoto,,,,熊本市,クマモトシ,Kumamoto-shi,北区,キタク,Kita-ku,飛田,ヒダ,Hida,２丁目,２チョウメ,2,,,,,1,1,0,0,0,0,1,1,1947-04-17,,0,,,,,,,,,,,,,,,,
431052,0088003,2,熊本県,クマモトケン,Kumamoto,,,,熊本市,クマモトシ,Kumamoto-shi,北区,キタク,Kita-ku,飛田,ヒダ,Hida,３丁目,３チョウメ,3,,,,,1,1,0,0,0,0,1,1,1947-04-17,,0,,,,,,,,,,,,,,,,
431052,0088004,2,熊本県,クマモトケン,Kumamoto,,,,熊本市,クマモトシ,Kumamoto-shi,北区,キタク,Kita-ku,飛田,ヒダ,Hida,４丁目,４チョウメ,4,,,,,1,1,0,0,0,0,1,1,1947-04-17,,0,,,,,,,,,,,,,,,,
431052,0089000,1,熊本県,クマモトケン,Kumamoto,,,,熊本市,クマモトシ,Kumamoto-shi,北区,キタク,Kita-ku,飛田町,ヒダマチ,,,,,,,,,0,0,0,0,0,0,1,1,1947-04-17,,0,,,,,,,,,,,,,,,,
431052,0090000,1,熊本県,クマモトケン,Kumamoto,,,,熊本市,クマモトシ,Kumamoto-shi,北区,キタク,Kita-ku,万楽寺町,マンラクジマチ,Manrakujimachi,,,,,,,,0,0,0,0,0,0,1,1,1947-04-17,,0,8615537,,,,,,,,,,,,,,,
431052,0091000,1,熊本県,クマモトケン,Kumamoto,,,,熊本市,クマモトシ,Kumamoto-shi,北区,キタク,Kita-ku,貢町,ミツグマチ,Mitsugumachi,,,,,,,,0,0,0,0,0,0,1,1,1947-04-17,,0,8615535,,,,,,,,,,,,,,,
431052,0092001,2,熊本県,クマモトケン,Kumamoto,,,,熊本市,クマモトシ,Kumamoto-shi,北区,キタク,Kita-ku,武蔵ケ丘,ムサシガオカ,Musashigaoka,１丁目,１チョウメ,1,,,,,1,1,0,0,0,0,1,1,1947-04-17,,0,,,,,,,,,,,,,,,,
431052,0092002,2,熊本県,クマモトケン,Kumamoto,,,,熊本市,クマモトシ,Kumamoto-shi,北区,キタク,Kita-ku,武蔵ケ丘,ムサシガオカ,Musashigaoka,２丁目,２チョウメ,2,,,,,1,1,0,0,0,0,1,1,1947-04-17,,0,,,,,,,,,,,,,,,,
431052,0092003,2,熊本県,クマモトケン,Kumamoto,,,,熊本市,クマモトシ,Kumamoto-shi,北区,キタク,Kita-ku,武蔵ケ丘,ムサシガオカ,Musashigaoka,３丁目,３チョウメ,3,,,,,1,1,0,0,0,0,1,1,1947-04-17,,0,,,,,,,,,,,,,,,,
431052,0092004,2,熊本県,クマモトケン,Kumamoto,,,,熊本市,クマモトシ,Kumamoto-shi,北区,キタク,Kita-ku,武蔵ケ丘,ムサシガオカ,Musashigaoka,４丁目,４チョウメ,4,,,,,1,1,0,0,0,0,1,1,1947-04-17,,0,,,,,,,,,,,,,,,,
431052,0092005,2,熊本県,クマモトケン,Kumamoto,,,,熊本市,クマモトシ,Kumamoto-shi,北区,キタク,Kita-ku,武蔵ケ丘,ムサシガオカ,Musashigaoka,５丁目,５チョウメ,5,,,,,1,1,0,0,0,0,1,1,1947-04-17,,0,,,,,,,,,,,,,,,,
431052,0092006,2,熊本県,クマモトケン,Kumamoto,,,,熊本市,クマモトシ,Kumamoto-shi,北区,キタク,Kita-ku,武蔵ケ丘,ムサシガオカ,Musashigaoka,６丁目,６チョウメ,6,,,,,1,1,0,0,0,0,1,1,1947-04-17,,0,,,,,,,,,,,,,,,,
431052,0092007,2,熊本県,クマモトケン,Kumamoto,,,,熊本市,クマモトシ,Kumamoto-shi,北区,キタク,Kita-ku,武蔵ケ丘,ムサシガオカ,Musashigaoka,７丁目,７チョウメ,7,,,,,1,1,0,0,0,0,1,1,1947-04-17,,0,,,,,,,,,,,,,,,,
431052,0092008,2,熊本県,クマモトケン,Kumamoto,,,,熊本市,クマモトシ,Kumamoto-shi,北区,キタク,Kita-ku,武蔵ケ丘,ムサシガオカ,Musashigaoka,８丁目,８チョウメ,8,,,,,1,1,0,0,0,0,1,1,1947-04-17,,0,,,,,,,,,,,,,,,,
431052,0092009,2,熊本県,クマモトケン,Kumamoto,,,,熊本市,クマモトシ,Kumamoto-shi,北区,キタク,Kita-ku,武蔵ケ丘,ムサシガオカ,Musashigaoka,９丁目,９チョウメ,9,,,,,1,1,0,0,0,0,1,1,1947-04-17,,0,,,,,,,,,,,,,,,,
431052,0093000,1,熊本県,クマモトケン,Kumamoto,,,,熊本市,クマモトシ,Kumamoto-shi,北区,キタク,Kita-ku,室園町,ムロゾノマチ,Murozonomachi,,,,,,,,0,0,0,0,0,0,1,1,1947-04-17,,0,8618072,,,,,,,,,,,,,,,
431052,0093000,1,熊本県,クマモトケン,Kumamoto,,,,熊本市,クマモトシ,Kumamoto-shi,北区,キタク,Kita-ku,室園町,ムロゾノマチ,Murozonomachi,,,,,,,,1,1,0,0,0,0,1,1,1947-04-17,,0,8618072,,,,,,,,,,,,,,,
431052,0094000,1,熊本県,クマモトケン,Kumamoto,,,,熊本市,クマモトシ,Kumamoto-shi,北区,キタク,Kita-ku,明徳町,メイトクマチ,Meitokumachi,,,,,,,,0,0,0,0,0,0,1,1,1947-04-17,,0,8615503,,,,,,,,,,,,,,,
431052,0095001,2,熊本県,クマモトケン,Kumamoto,,,,熊本市,クマモトシ,Kumamoto-shi,北区,キタク,Kita-ku,山室,ヤマムロ,Yamamuro,１丁目,１チョウメ,1,,,,,1,1,0,0,0,0,1,1,1947-04-17,,0,,,,,,,,,,,,,,,,
431052,0095002,2,熊本県,クマモトケン,Kumamoto,,,,熊本市,クマモトシ,Kumamoto-shi,北区,キタク,Kita-ku,山室,ヤマムロ,Yamamuro,２丁目,２チョウメ,2,,,,,1,1,0,0,0,0,1,1,1947-04-17,,0,,,,,,,,,,,,,,,,
431052,0095003,2,熊本県,クマモトケン,Kumamoto,,,,熊本市,クマモトシ,Kumamoto-shi,北区,キタク,Kita-ku,山室,ヤマムロ,Yamamuro,３丁目,３チョウメ,3,,,,,1,1,0,0,0,0,1,1,1947-04-17,,0,,,,,,,,,,,,,,,,
431052,0095004,2,熊本県,クマモトケン,Kumamoto,,,,熊本市,クマモトシ,Kumamoto-shi,北区,キタク,Kita-ku,山室,ヤマムロ,Yamamuro,４丁目,４チョウメ,4,,,,,1,1,0,0,0,0,1,1,1947-04-17,,0,,,,,,,,,,,,,,,,
431052,0095005,2,熊本県,クマモトケン,Kumamoto,,,,熊本市,クマモトシ,Kumamoto-shi,北区,キタク,Kita-ku,山室,ヤマムロ,Yamamuro,５丁目,５チョウメ,5,,,,,1,1,0,0,0,0,1,1,1947-04-17,,0,,,,,,,,,,,,,,,,
431052,0095006,2,熊本県,クマモトケン,Kumamoto,,,,熊本市,クマモトシ,Kumamoto-shi,北区,キタク,Kita-ku,山室,ヤマムロ,Yamamuro,６丁目,６チョウメ,6,,,,,1,1,0,0,0,0,1,1,1947-04-17,,0,,,,,,,,,,,,,,,,
431052,0096000,1,熊本県,クマモトケン,Kumamoto,,,,熊本市,クマモトシ,Kumamoto-shi,北区,キタク,Kita-ku,四方寄町,ヨモギマチ,Yomogimachi,,,,,,,,0,0,0,0,0,0,1,1,1947-04-17,,0,8615515,,,,,,,,,,,,,,,
431052,0097000,1,熊本県,クマモトケン,Kumamoto,,,,熊本市,クマモトシ,Kumamoto-shi,北区,キタク,Kita-ku,立福寺町,リュウフクジマチ,Ryufukujimachi,,,,,,,,0,0,0,0,0,0,1,1,1947-04-17,,0,8615536,,,,,,,,,,,,,,,
431052,0098001,2,熊本県,クマモトケン,Kumamoto,,,,熊本市,クマモトシ,Kumamoto-shi,北区,キタク,Kita-ku,弓削,ユゲ,Yuge,１丁目,１チョウメ,1,,,,,1,1,0,0,0,0,1,1,1947-04-17,,0,,,,,,,,,,,,,,,,
431052,0098002,2,熊本県,クマモトケン,Kumamoto,,,,熊本市,クマモトシ,Kumamoto-shi,北区,キタク,Kita-ku,弓削,ユゲ,Yuge,２丁目,２チョウメ,2,,,,,1,1,0,0,0,0,1,1,1947-04-17,,0,,,,,,,,,,,,,,,,
431052,0098003,2,熊本県,クマモトケン,Kumamoto,,,,熊本市,クマモトシ,Kumamoto-shi,北区,キタク,Kita-ku,弓削,ユゲ,Yuge,３丁目,３チョウメ,3,,,,,1,1,0,0,0,0,1,1,1947-04-17,,0,,,,,,,,,,,,,,,,
431052,0098004,2,熊本県,クマモトケン,Kumamoto,,,,熊本市,クマモトシ,Kumamoto-shi,北区,キタク,Kita-ku,弓削,ユゲ,Yuge,４丁目,４チョウメ,4,,,,,1,1,0,0,0,0,1,1,1947-04-17,,0,,,,,,,,,,,,,,,,
431052,0098005,2,熊本県,クマモトケン,Kumamoto,,,,熊本市,クマモトシ,Kumamoto-shi,北区,キタク,Kita-ku,弓削,ユゲ,Yuge,５丁目,５チョウメ,5,,,,,1,1,0,0,0,0,1,1,1947-04-17,,0,,,,,,,,,,,,,,,,
431052,0098006,2,熊本県,クマモトケン,Kumamoto,,,,熊本市,クマモトシ,Kumamoto-shi,北区,キタク,Kita-ku,弓削,ユゲ,Yuge,６丁目,６チョウメ,6,,,,,1,1,0,0,0,0,1,1,1947-04-17,,0,,,,,,,,,,,,,,,,
432024,0001000,1,熊本県,クマモトケン,Kumamoto,,,,八代市,ヤツシロシ,Yatsushiro-shi,,,,揚町,アゲマチ,Agemachi,,,,,,,,0,0,0,0,0,0,1,1,1947-04-17,,0,8695152,,,,,,,,,,,,,,,
432024,0002000,1,熊本県,クマモトケン,Kumamoto,,,,八代市,ヤツシロシ,Yatsushiro-shi,,,,旭中央通,アサヒチュウオウドオリ,Asahichuodori,,,,,,,,0,0,0,0,0,0,1,1,1947-04-17,,0,8660844,,,,,,,,,,,,,,,
432024,0003000,1,熊本県,クマモトケン,Kumamoto,,,,八代市,ヤツシロシ,Yatsushiro-shi,,,,海士江町,アマガエマチ,Amagaemachi,,,,,,,,0,0,0,0,0,0,1,1,1947-04-17,,0,8660893,,,,,,,,,,,,,,,
432024,0004000,1,熊本県,クマモトケン,Kumamoto,,,,八代市,ヤツシロシ,Yatsushiro-shi,,,,井揚町,イアゲマチ,Iagemachi,,,,,,,,0,0,0,0,0,0,1,1,1947-04-17,,0,8660011,,,,,,,,,,,,,,,
432024,0005000,1,熊本県,クマモトケン,Kumamoto,,,,八代市,ヤツシロシ,Yatsushiro-shi,,,,泉町柿迫,イズミマチカキザコ,,,,,,,,,0,0,0,0,0,0,1,1,1947-04-17,,0,,,,,,,,,,,,,,,,
432024,0006000,1,熊本県,クマモトケン,Kumamoto,,,,八代市,ヤツシロシ,Yatsushiro-shi,,,,泉町栗木,イズミマチクリギ,Izumimachi Kurigi,,,,,,,,0,0,0,0,0,0,1,1,1947-04-17,,0,8694402,,,,,,,,,,,,,,,
432024,0007000,1,熊本県,クマモトケン,Kumamoto,,,,八代市,ヤツシロシ,Yatsushiro-shi,,,,泉町久連子,イズミマチクレコ,Izumimachi Kureko,,,,,,,,0,0,0,0,0,0,1,1,1947-04-17,,0,8694513,,,,,,,,,,,,,,,
432024,0008000,1,熊本県,クマモトケン,Kumamoto,,,,八代市,ヤツシロシ,Yatsushiro-shi,,,,泉町椎原,イズミマチシイバル,Izumimachi Shiibaru,,,,,,,,0,0,0,0,0,0,1,1,1947-04-17,,0,8694514,,,,,,,,,,,,,,,
432024,0009000,1,熊本県,クマモトケン,Kumamoto,,,,八代市,ヤツシロシ,Yatsushiro-shi,,,,泉町下岳,イズミマチシモダケ,Izumimachi Shimodake,,,,,,,,0,0,0,0,0,0,1,1,1947-04-17,,0,8694403,,,,,,,,,,,,,,,
432024,0010000,1,熊本県,クマモトケン,Kumamoto,,,,八代市,ヤツシロシ,Yatsushiro-shi,,,,泉町仁田尾,イズミマチニタオ,Izumimachi Nitao,,,,,,,,0,0,0,0,0,0,1,1,1947-04-17,,0,8694515,,,,,,,,,,,,,,,
432024,0011000,1,熊本県,クマモトケン,Kumamoto,,,,八代市,ヤツシロシ,Yatsushiro-shi,,,,泉町葉木,イズミマチハギ,Izumimachi Hagi,,,,,,,,0,0,0,0,0,0,1,1,1947-04-17,,0,8694511,,,,,,,,,,,,,,,
432024,0012000,1,熊本県,クマモトケン,Kumamoto,,,,八代市,ヤツシロシ,Yatsushiro-shi,,,,泉町樅木,イズミマチモミギ,Izumimachi Momigi,,,,,,,,0,0,0,0,0,0,1,1,1947-04-17,,0,8694512,,,,,,,,,,,,,,,
432024,0013000,1,熊本県,クマモトケン,Kumamoto,,,,八代市,ヤツシロシ,Yatsushiro-shi,,,,井上町,イノウエマチ,Inoemachi,,,,,,,,0,0,0,0,0,0,1,1,1947-04-17,,0,8660825,,,,,,,,,,,,,,,
432024,0014000,1,熊本県,クマモトケン,Kumamoto,,,,八代市,ヤツシロシ,Yatsushiro-shi,,,,植柳上町,ウヤナギカミマチ,Uyanagi Kamimachi,,,,,,,,0,0,0,0,0,0,1,1,1947-04-17,,0,8660081,,,,,,,,,,,,,,,
432024,0015000,1,熊本県,クマモトケン,Kumamoto,,,,八代市,ヤツシロシ,Yatsushiro-shi,,,,植柳下町,ウヤナギシモマチ,Uyanagi Shimomachi,,,,,,,,0,0,0,0,0,0,1,1,1947-04-17,,0,8660083,,,,,,,,,,,,,,,
432024,0016001,2,熊本県,クマモトケン,Kumamoto,,,,八代市,ヤツシロシ,Yatsushiro-shi,,,,植柳新町,ウヤナギシンマチ,Uyanagi Shimmachi,一丁目,１チョウメ,1,,,,,0,0,0,0,0,0,1,1,1947-04-17,,0,,,,,,,,,,,,,,,,
432024,0016002,2,熊本県,クマモトケン,Kumamoto,,,,八代市,ヤツシロシ,Yatsushiro-shi,,,,植柳新町,ウヤナギシンマチ,Uyanagi Shimmachi,二丁目,２チョウメ,2,,,,,0,0,0,0,0,0,1,1,1947-04-17,,0,,,,,,,,,,,,,,,,
432024,0017000,1,熊本県,クマモトケン,Kumamoto,,,,八代市,ヤツシロシ,Yatsushiro-shi,,,,植柳元町,ウヤナギモトマチ,Uyanagi Motomachi,,,,,,,,0,0,0,0,0,0,1,1,1947-04-17,,0,8660085,,,,,,,,,,,,,,,
432024,0018000,1,熊本県,クマモトケン,Kumamoto,,,,八代市,ヤツシロシ,Yatsushiro-shi,,,,大島町,オオシママチ,Oshimamachi,,,,,,,,0,0,0,0,0,0,1,1,1947-04-17,,0,8660035,,,,,,,,,,,,,,,
432024,0019001,2,熊本県,クマモトケン,Kumamoto,,,,八代市,ヤツシロシ,Yatsushiro-shi,,,,大手町,オオテマチ,Otemachi,一丁目,１チョウメ,1,,,,,1,1,0,0,0,0,1,1,1947-04-17,,0,,,,,,,,,,,,,,,,
432024,0019002,2,熊本県,クマモトケン,Kumamoto,,,,八代市,ヤツシロシ,Yatsushiro-shi,,,,大手町,オオテマチ,Otemachi,二丁目,２チョウメ,2,,,,,1,1,0,0,0,0,1,1,1947-04-17,,0,,,,,,,,,,,,,,,,
432024,0020000,1,熊本県,クマモトケン,Kumamoto,,,,八代市,ヤツシロシ,Yatsushiro-shi,,,,大村町,オオムラマチ,Omuramachi,,,,,,,,0,0,0,0,0,0,1,1,1947-04-17,,0,8660895,,,,,,,,,,,,,,,
432024,0021000,1,熊本県,クマモトケン,Kumamoto,,,,八代市,ヤツシロシ,Yatsushiro-shi,,,,岡町小路,オカマチショウジ,Okamachi Shoji,,,,,,,,0,0,0,0,0,0,1,1,1947-04-17,,0,8694611,,,,,,,,,,,,,,,
432024,0022000,1,熊本県,クマモトケン,Kumamoto,,,,八代市,ヤツシロシ,Yatsushiro-shi,,,,岡町谷川,オカマチタニガワ,Okamachi Tanigawa,,,,,,,,0,0,0,0,0,0,1,1,1947-04-17,,0,8694613,,,,,,,,,,,,,,,
432024,0023000,1,熊本県,クマモトケン,Kumamoto,,,,八代市,ヤツシロシ,Yatsushiro-shi,,,,岡町中,オカマチナカ,Okamachi Naka,,,,,,,,0,0,0,0,0,0,1,1,1947-04-17,,0,8694612,,,,,,,,,,,,,,,
432024,0024000,1,熊本県,クマモトケン,Kumamoto,,,,八代市,ヤツシロシ,Yatsushiro-shi,,,,沖町,オキマチ,Okimachi,,,,,,,,0,0,0,0,0,0,1,1,1947-04-17,,0,8660013,,,,,,,,,,,,,,,
432024,0025000,1,熊本県,クマモトケン,Kumamoto,,,,八代市,ヤツシロシ,Yatsushiro-shi,,,,鏡町有佐,カガミマチアリサ,Kagamimachi Arisa,,,,,,,,0,0,0,0,0,0,1,1,1947-04-17,,0,8694213,,,,,,,,,,,,,,,
432024,0026000,1,熊本県,クマモトケン,Kumamoto,,,,八代市,ヤツシロシ,Yatsushiro-shi,,,,鏡町内田,カガミマチウチダ,Kagamimachi Uchida,,,,,,,,0,0,0,0,0,0,1,1,1947-04-17,,0,8694202,,,,,,,,,,,,,,,
432024,0027000,1,熊本県,クマモトケン,Kumamoto,,,,八代市,ヤツシロシ,Yatsushiro-shi,,,,鏡町貝洲,カガミマチカイズ,Kagamimachi Kaizu,,,,,,,,0,0,0,0,0,0,1,1,1947-04-17,,0,8694223,,,,,,,,,,,,,,,
432024,0028000,1,熊本県,クマモトケン,Kumamoto,,,,八代市,ヤツシロシ,Yatsushiro-shi,,,,鏡町鏡,カガミマチカガミ,Kagamimachi Kagami,,,,,,,,0,0,0,0,0,0,1,1,1947-04-17,,0,8694203,,,,,,,,,,,,,,,
432024,0029000,1,熊本県,クマモトケン,Kumamoto,,,,八代市,ヤツシロシ,Yatsushiro-shi,,,,鏡町鏡村,カガミマチカガミムラ,Kagamimachi Kagamimura,,,,,,,,0,0,0,0,0,0,1,1,1947-04-17,,0,8694201,,,,,,,,,,,,,,,
432024,0030000,1,熊本県,クマモトケン,Kumamoto,,,,八代市,ヤツシロシ,Yatsushiro-shi,,,,鏡町上鏡,カガミマチカミカガミ,Kagamimachi Kamikagami,,,,,,,,0,0,0,0,0,0,1,1,1947-04-17,,0,8694211,,,,,,,,,,,,,,,
432024,0031000,1,熊本県,クマモトケン,Kumamoto,,,,八代市,ヤツシロシ,Yatsushiro-shi,,,,鏡町北新地,カガミマチキタシンチ,Kagamimachi Kitashinchi,,,,,,,,0,0,0,0,0,0,1,1,1947-04-17,,0,8694225,,,,,,,,,,,,,,,
432024,0032000,1,熊本県,クマモトケン,Kumamoto,,,,八代市,ヤツシロシ,Yatsushiro-shi,,,,鏡町塩浜,カガミマチシオハマ,Kagamimachi Shiohama,,,,,,,,0,0,0,0,0,0,1,1,1947-04-17,,0,8694224,,,,,,,,,,,,,,,
432024,0033000,1,熊本県,クマモトケン,Kumamoto,,,,八代市,ヤツシロシ,Yatsushiro-shi,,,,鏡町芝口,カガミマチシバクチ,Kagamimachi Shibakuchi,,,,,,,,0,0,0,0,0,0,1,1,1947-04-17,,0,8694204,,,,,,,,,,,,,,,
432024,0034000,1,熊本県,クマモトケン,Kumamoto,,,,八代市,ヤツシロシ,Yatsushiro-shi,,,,鏡町下有佐,カガミマチシモアリサ,Kagamimachi Shimoarisa,,,,,,,,0,0,0,0,0,0,1,1,1947-04-17,,0,8694212,,,,,,,,,,,,,,,
432024,0035000,1,熊本県,クマモトケン,Kumamoto,,,,八代市,ヤツシロシ,Yatsushiro-shi,,,,鏡町下村,カガミマチシモムラ,Kagamimachi Shimomura,,,,,,,,0,0,0,0,0,0,1,1,1947-04-17,,0,8694215,,,,,,,,,,,,,,,
432024,0036000,1,熊本県,クマモトケン,Kumamoto,,,,八代市,ヤツシロシ,Yatsushiro-shi,,,,鏡町中島,カガミマチナカシマ,Kagamimachi Nakashima,,,,,,,,0,0,0,0,0,0,1,1,1947-04-17,,0,8694214,,,,,,,,,,,,,,,
432024,0037000,1,熊本県,クマモトケン,Kumamoto,,,,八代市,ヤツシロシ,Yatsushiro-shi,,,,鏡町野崎,カガミマチノザキ,Kagamimachi Nozaki,,,,,,,,0,0,0,0,0,0,1,1,1947-04-17,,0,8694205,,,,,,,,,,,,,,,
432024,0038000,1,熊本県,クマモトケン,Kumamoto,,,,八代市,ヤツシロシ,Yatsushiro-shi,,,,鏡町宝出,カガミマチホウデ,Kagamimachi Hode,,,,,,,,0,0,0,0,0,0,1,1,1947-04-17,,0,8694221,,,,,,,,,,,,,,,
432024,0039000,1,熊本県,クマモトケン,Kumamoto,,,,八代市,ヤツシロシ,Yatsushiro-shi,,,,鏡町両出,カガミマチリョウデ,Kagamimachi Ryode,,,,,,,,0,0,0,0,0,0,1,1,1947-04-17,,0,8694222,,,,,,,,,,,,,,,
432024,0040000,1,熊本県,クマモトケン,Kumamoto,,,,八代市,ヤツシロシ,Yatsushiro-shi,,,,上片町,カミカタマチ,Kamikatamachi,,,,,,,,0,0,0,0,0,0,1,1,1947-04-17,,0,8660813,,,,,,,,,,,,,,,
432024,0041000,1,熊本県,クマモトケン,Kumamoto,,,,八代市,ヤツシロシ,Yatsushiro-shi,,,,上日置町,カミヒオキマチ,Kamihiokimachi,,,,,,,,0,0,0,0,0,0,1,1,1947-04-17,,0,8660824,,,,,,,,,,,,,,,
432024,0042000,1,熊本県,クマモトケン,Kumamoto,,,,八代市,ヤツシロシ,Yatsushiro-shi,,,,川田町西,カワタマチニシ,Kawatamachi Nishi,,,,,,,,0,0,0,0,0,0,1,1,1947-04-17,,0,8694616,,,,,,,,,,,,,,,
432024,0043000,1,熊本県,クマモトケン,Kumamoto,,,,八代市,ヤツシロシ,Yatsushiro-shi,,,,川田町東,カワタマチヒガシ,Kawatamachi Higashi,,,,,,,,0,0,0,0,0,0,1,1,1947-04-17,,0,8694615,,,,,,,,,,,,,,,
432024,0044000,1,熊本県,クマモトケン,Kumamoto,,,,八代市,ヤツシロシ,Yatsushiro-shi,,,,北の丸町,キタノマルマチ,Kitanomarumachi,,,,,,,,1,1,0,0,0,0,1,0,1947-04-17,,0,8660865,,,,,,,,,,,,,,,
432024,0045000,1,熊本県,クマモトケン,Kumamoto,,,,八代市,ヤツシロシ,Yatsushiro-shi,,,,北原町,キタバラマチ,Kitabaramachi,,,,,,,,0,0,0,0,0,0,1,1,1947-04-17,,0,8695162,,,,,,,,,,,,,,,
432024,0046000,1,熊本県,クマモトケン,Kumamoto,,,,八代市,ヤツシロシ,Yatsushiro-shi,,,,北平和町,キタヘイワマチ,Kitaheiwamachi,,,,,,,,0,0,0,0,0,0,1,1,1947-04-17,,0,8695166,,,,,,,,,,,,,,,
432024,0047000,1,熊本県,クマモトケン,Kumamoto,,,,八代市,ヤツシロシ,Yatsushiro-shi,,,,郡築十番町,グンチクジュウバンチョウ,Gunchiku 10-Bancho,,,,,,,,0,0,0,0,0,0,1,1,1947-04-17,,0,8660003,,,,,,,,,,,,,,,
432024,0048000,1,熊本県,クマモトケン,Kumamoto,,,,八代市,ヤツシロシ,Yatsushiro-shi,,,,郡築十一番町,グンチクジュウイチバンチョウ,Gunchiku 11-Bancho,,,,,,,,0,0,0,0,0,0,1,1,1947-04-17,,0,8660002,,,,,,,,,,,,,,,
432024,0049000,1,熊本県,クマモトケン,Kumamoto,,,,八代市,ヤツシロシ,Yatsushiro-shi,,,,郡築十二番町,グンチクジュウニバンチョウ,Gunchiku 12-Bancho,,,,,,,,0,0,0,0,0,0,1,1,1947-04-17,,0,8660001,,,,,,,,,,,,,,,
432024,0050000,1,熊本県,クマモトケン,Kumamoto,,,,八代市,ヤツシロシ,Yatsushiro-shi,,,,郡築一番町,グンチクイッバンチョウ,Gunchiku 1-Bancho,,,,,,,,0,0,0,0,0,0,1,1,1947-04-17,,0,8660024,,,,,,,,,,,,,,,
432024,0051000,1,熊本県,クマモトケン,Kumamoto,,,,八代市,ヤツシロシ,Yatsushiro-shi,,,,郡築二番町,グンチクニバンチョウ,Gunchiku 2-Bancho,,,,,,,,0,0,0,0,0,0,1,1,1947-04-17,,0,8660023,,,,,,,,,,,,,,,
432024,0052000,1,熊本県,クマモトケン,Kumamoto,,,,八代市,ヤツシロシ,Yatsushiro-shi,,,,郡築三番町,グンチクサンバンチョウ,Gunchiku 3-Bancho,,,,,,,,0,0,0,0,0,0,1,1,1947-04-17,,0,8660022,,,,,,,,,,,,,,,
432024,0053000,1,熊本県,クマモトケン,Kumamoto,,,,八代市,ヤツシロシ,Yatsushiro-shi,,,,郡築四番町,グンチクヨンバンチョウ,Gunchiku 4-Bancho,,,,,,,,0,0,0,0,0,0,1,1,1947-04-17,,0,8660021,,,,,,,,,,,,,,,
432024,0054000,1,熊本県,クマモトケン,Kumamoto,,,,八代市,ヤツシロシ,Yatsushiro-shi,,,,郡築五番町,グンチクゴバンチョウ,Gunchiku 5-Bancho,,,,,,,,0,0,0,0,0,0,1,1,1947-04-17,,0,8660008,,,,,,,,,,,,,,,
432024,0055000,1,熊本県,クマモトケン,Kumamoto,,,,八代市,ヤツシロシ,Yatsushiro-shi,,,,郡築六番町,グンチクロクバンチョウ,Gunchiku 6-Bancho,,,,,,,,0,0,0,0,0,0,1,1,1947-04-17,,0,8660007,,,,,,,,,,,,,,,
432024,0056000,1,熊本県,クマモトケン,Kumamoto,,,,八代市,ヤツシロシ,Yatsushiro-shi,,,,郡築七番町,グンチクナナバンチョウ,Gunchiku 7-Bancho,,,,,,,,0,0,0,0,0,0,1,1,1947-04-17,,0,8660006,,,,,,,,,,,,,,,
432024,0057000,1,熊本県,クマモトケン,Kumamoto,,,,八代市,ヤツシロシ,Yatsushiro-shi,,,,郡築八番町,グンチクハチバンチョウ,Gunchiku 8-Bancho,,,,,,,,0,0,0,0,0,0,1,1,1947-04-17,,0,8660005,,,,,,,,,,,,,,,
432024,0058000,1,熊本県,クマモトケン,Kumamoto,,,,八代市,ヤツシロシ,Yatsushiro-shi,,,,郡築九番町,グンチクキュウバンチョウ,Gunchiku 9-Bancho,,,,,,,,0,0,0,0,0,0,1,1,1947-04-17,,0,8660004,,,,,,,,,,,,,,,
432024,0059000,1,熊本県,クマモトケン,Kumamoto,,,,八代市,ヤツシロシ,Yatsushiro-shi,,,,高下西町,コウゲニシマチ,Koge Nishimachi,,,,,,,,0,0,0,0,0,0,1,1,1947-04-17,,0,8660072,,,,,,,,,,,,,,,
432024,0060000,1,熊本県,クマモトケン,Kumamoto,,,,八代市,ヤツシロシ,Yatsushiro-shi,,,,高下東町,コウゲヒガシマチ,Koge Higashimachi,,,,,,,,0,0,0,0,0,0,1,1,1947-04-17,,0,8660071,,,,,,,,,,,,,,,
432024,0061000,1,熊本県,クマモトケン,Kumamoto,,,,八代市,ヤツシロシ,Yatsushiro-shi,,,,興国町,コウコクチョウ,Kokokumachi,,,,,,,,1,1,0,0,0,0,1,1,1947-04-17,,0,8660881,,,,,,,,,,,,,,,
432024,0062000,1,熊本県,クマモトケン,Kumamoto,,,,八代市,ヤツシロシ,Yatsushiro-shi,,,,高小原町,コウゴバラマチ,Kogobaramachi,,,,,,,,0,0,0,0,0,0,1,1,1947-04-17,,0,8660012,,,,,,,,,,,,,,,
432024,0063000,1,熊本県,クマモトケン,Kumamoto,,,,八代市,ヤツシロシ,Yatsushiro-shi,,,,上野町,コウズケマチ,Kozukemachi,,,,,,,,0,0,0,0,0,0,1,1,1947-04-17,,0,8660894,,,,,,,,,,,,,,,
432024,0064000,1,熊本県,クマモトケン,Kumamoto,,,,八代市,ヤツシロシ,Yatsushiro-shi,,,,興善寺町,コウゼンジマチ,Kozenjimachi,,,,,,,,0,0,0,0,0,0,1,1,1947-04-17,,0,8694614,,,,,,,,,,,,,,,
432024,0065000,1,熊本県,クマモトケン,Kumamoto,,,,八代市,ヤツシロシ,Yatsushiro-shi,,,,古閑上町,コガカミマチ,Koga Kamimachi,,,,,,,,0,0,0,0,0,0,1,1,1947-04-17,,0,8660897,,,,,,,,,,,,,,,
432024,0066000,1,熊本県,クマモトケン,Kumamoto,,,,八代市,ヤツシロシ,Yatsushiro-shi,,,,古閑下町,コガシモマチ,Koga Shimomachi,,,,,,,,0,0,0,0,0,0,1,1,1947-04-17,,0,8660892,,,,,,,,,,,,,,,
432024,0067000,1,熊本県,クマモトケン,Kumamoto,,,,八代市,ヤツシロシ,Yatsushiro-shi,,,,古閑中町,コガナカマチ,Koga Nakamachi,,,,,,,,0,0,0,0,0,0,1,1,1947-04-17,,0,8660898,,,,,,,,,,,,,,,
432024,0068000,1,熊本県,クマモトケン,Kumamoto,,,,八代市,ヤツシロシ,Yatsushiro-shi,,,,黄金町,コガネチョウ,Koganecho,,,,,,,,0,0,0,0,0,0,1,1,1947-04-17,,0,8660845,,,,,,,,,,,,,,,
432024,0069000,1,熊本県,クマモトケン,Kumamoto,,,,八代市,ヤツシロシ,Yatsushiro-shi,,,,古閑浜町,コガハママチ,Koga Hamamachi,,,,,,,,0,0,0,0,0,0,1,1,1947-04-17,,0,8660891,,,,,,,,,,,,,,,
432024,0070000,1,熊本県,クマモトケン,Kumamoto,,,,八代市,ヤツシロシ,Yatsushiro-shi,,,,坂本町鮎帰,サカモトマチアユガエリ,Sakamotomachi Ayugaeri,,,,,,,,0,0,0,0,0,0,1,0,1947-04-17,,0,8696104,,,,,,,,,,,,,,,
432024,0071000,1,熊本県,クマモトケン,Kumamoto,,,,八代市,ヤツシロシ,Yatsushiro-shi,,,,坂本町荒瀬,サカモトマチアラセ,Sakamotomachi Arase,,,,,,,,0,0,0,0,0,0,1,1,1947-04-17,,0,8696115,,,,,,,,,,,,,,,
432024,0072000,1,熊本県,クマモトケン,Kumamoto,,,,八代市,ヤツシロシ,Yatsushiro-shi,,,,坂本町市ノ俣,サカモトマチイチノマタ,Sakamotomachi Ichinomata,,,,,,,,0,0,0,0,0,0,1,1,1947-04-17,,0,8696114,,,,,,,,,,,,,,,
432024,0073000,1,熊本県,クマモトケン,Kumamoto,,,,八代市,ヤツシロシ,Yatsushiro-shi,,,,坂本町鎌瀬,サカモトマチカマセ,Sakamotomachi Kamase,,,,,,,,0,0,0,0,0,0,1,1,1947-04-17,,0,8696112,,,,,,,,,,,,,,,
432024,0074000,1,熊本県,クマモトケン,Kumamoto,,,,八代市,ヤツシロシ,Yatsushiro-shi,,,,坂本町川嶽,サカモトマチカワタケ,Sakamotomachi Kawatake,,,,,,,,0,0,0,0,0,0,1,1,1947-04-17,,0,8695221,,,,,,,,,,,,,,,
432024,0075000,1,熊本県,クマモトケン,Kumamoto,,,,八代市,ヤツシロシ,Yatsushiro-shi,,,,坂本町百済来上,サカモトマチクタラギカミ,Sakamotomachi Kudaragikami,,,,,,,,0,0,0,0,0,0,1,1,1947-04-17,,0,8695225,,,,,,,,,,,,,,,
432024,0076000,1,熊本県,クマモトケン,Kumamoto,,,,八代市,ヤツシロシ,Yatsushiro-shi,,,,坂本町百済来下,サカモトマチクタラギシモ,Sakamotomachi Kudaragishimo,,,,,,,,0,0,0,0,0,0,1,1,1947-04-17,,0,8695224,,,,,,,,,,,,,,,
432024,0077000,1,熊本県,クマモトケン,Kumamoto,,,,八代市,ヤツシロシ,Yatsushiro-shi,,,,坂本町西部,サカモトマチサイブ,Sakamotomachi Saibu,,,,,,,,0,0,0,0,0,0,1,0,1947-04-17,,0,8696101,,,,,,,,,,,,,,,
432024,0078000,1,熊本県,クマモトケン,Kumamoto,,,,八代市,ヤツシロシ,Yatsushiro-shi,,,,坂本町坂本,サカモトマチサカモト,Sakamotomachi Sakamoto,,,,,,,,0,0,0,0,0,0,1,1,1947-04-17,,0,8696105,,,,,,,,,,,,,,,
432024,0079000,1,熊本県,クマモトケン,Kumamoto,,,,八代市,ヤツシロシ,Yatsushiro-shi,,,,坂本町田上,サカモトマチタガミ,Sakamotomachi Tagami,,,,,,,,0,0,0,0,0,0,1,1,1947-04-17,,0,8695223,,,,,,,,,,,,,,,
432024,0080000,1,熊本県,クマモトケン,Kumamoto,,,,八代市,ヤツシロシ,Yatsushiro-shi,,,,坂本町鶴喰,サカモトマチツルバミ,Sakamotomachi Tsurubami,,,,,,,,0,0,0,0,0,0,1,1,1947-04-17,,0,8695222,,,,,,,,,,,,,,,
432024,0081000,1,熊本県,クマモトケン,Kumamoto,,,,八代市,ヤツシロシ,Yatsushiro-shi,,,,坂本町中谷,サカモトマチナカタニ,Sakamotomachi Nakatani,,,,,,,,0,0,0,0,0,0,1,0,1947-04-17,,0,8696103,,,,,,,,,,,,,,,
432024,0082000,1,熊本県,クマモトケン,Kumamoto,,,,八代市,ヤツシロシ,Yatsushiro-shi,,,,坂本町中津道,サカモトマチナカツミチ,Sakamotomachi Nakatsumichi,,,,,,,,0,0,0,0,0,0,1,1,1947-04-17,,0,8696113,,,,,,,,,,,,,,,
432024,0083000,1,熊本県,クマモトケン,Kumamoto,,,,八代市,ヤツシロシ,Yatsushiro-shi,,,,坂本町葉木,サカモトマチハギ,Sakamotomachi Hagi,,,,,,,,0,0,0,0,0,0,1,1,1947-04-17,,0,8696111,,,,,,,,,,,,,,,
432024,0084000,1,熊本県,クマモトケン,Kumamoto,,,,八代市,ヤツシロシ,Yatsushiro-shi,,,,坂本町深水,サカモトマチフカミ,Sakamotomachi Fukami,,,,,,,,0,0,0,0,0,0,1,0,1947-04-17,,0,8696102,,,,,,,,,,,,,,,
432024,0085000,1,熊本県,クマモトケン,Kumamoto,,,,八代市,ヤツシロシ,Yatsushiro-shi,,,,三楽町,サンラクマチ,Sanrakucho,,,,,,,,1,1,0,0,0,0,1,1,1947-04-17,,0,8660017,,,,,,,,,,,,,,,
432024,0086000,1,熊本県,クマモトケン,Kumamoto,,,,八代市,ヤツシロシ,Yatsushiro-shi,,,,塩屋町,シオヤマチ,Shioyamachi,,,,,,,,1,1,0,0,0,0,1,0,1947-04-17,,0,8660864,,,,,,,,,,,,,,,
432024,0087000,1,熊本県,クマモトケン,Kumamoto,,,,八代市,ヤツシロシ,Yatsushiro-shi,,,,敷川内町,シキガワチマチ,Shikigawachimachi,,,,,,,,0,0,0,0,0,0,1,1,1947-04-17,,0,8695151,,,,,,,,,,,,,,,
432024,0088000,1,熊本県,クマモトケン,Kumamoto,,,,八代市,ヤツシロシ,Yatsushiro-shi,,,,島田町,シマダマチ,Shimadamachi,,,,,,,,0,0,0,0,0,0,1,1,1947-04-17,,0,8660827,,,,,,,,,,,,,,,
432024,0089000,1,熊本県,クマモトケン,Kumamoto,,,,八代市,ヤツシロシ,Yatsushiro-shi,,,,清水町,シミズチョウ,Shimizumachi,,,,,,,,1,1,0,0,0,0,1,1,1947-04-17,,0,8660853,,,,,,,,,,,,,,,
432024,0090000,1,熊本県,クマモトケン,Kumamoto,,,,八代市,ヤツシロシ,Yatsushiro-shi,,,,蛇籠町,ジャカゴマチ,Jakagomachi,,,,,,,,1,1,0,0,0,0,1,0,1947-04-17,,0,8660042,,,,,,,,,,,,,,,
432024,0091000,1,熊本県,クマモトケン,Kumamoto,,,,八代市,ヤツシロシ,Yatsushiro-shi,,,,十条町,ジュウジョウマチ,Jujomachi,,,,,,,,1,1,0,0,0,0,1,1,1947-04-17,,0,8660823,,,,,,,,,,,,,,,
432024,0092000,1,熊本県,クマモトケン,Kumamoto,,,,八代市,ヤツシロシ,Yatsushiro-shi,,,,昭和同仁町,ショウワドウジンマチ,Showa Dojimmachi,,,,,,,,0,0,0,0,0,0,1,1,1947-04-17,,0,8694723,,,,,,,,,,,,,,,
432024,0093000,1,熊本県,クマモトケン,Kumamoto,,,,八代市,ヤツシロシ,Yatsushiro-shi,,,,昭和日進町,ショウワニッシンマチ,Showa Nisshimmachi,,,,,,,,0,0,0,0,0,0,1,1,1947-04-17,,0,8694721,,,,,,,,,,,,,,,
432024,0094000,1,熊本県,クマモトケン,Kumamoto,,,,八代市,ヤツシロシ,Yatsushiro-shi,,,,昭和明徴町,ショウワメイチョウマチ,Showa Meichomachi,,,,,,,,0,0,0,0,0,0,1,1,1947-04-17,,0,8694722,,,,,,,,,,,,,,,
432024,0095000,1,熊本県,クマモトケン,Kumamoto,,,,八代市,ヤツシロシ,Yatsushiro-shi,,,,新開町,シンカイマチ,Shinkaimachi,,,,,,,,0,0,0,0,0,0,1,0,1947-04-17,,0,8660032,,,,,,,,,,,,,,,
432024,0095000,1,熊本県,クマモトケン,Kumamoto,,,,八代市,ヤツシロシ,Yatsushiro-shi,,,,新開町,シンカイマチ,Shinkaimachi,,,,,,,,1,1,0,0,0,0,1,0,1947-04-17,,0,8660032,,,,,,,,,,,,,,,
432024,0096000,1,熊本県,クマモトケン,Kumamoto,,,,八代市,ヤツシロシ,Yatsushiro-shi,,,,新地町,シンチマチ,Shinchimachi,,,,,,,,0,0,0,0,0,0,1,1,1947-04-17,,0,8660016,,,,,,,,,,,,,,,
432024,0096000,1,熊本県,クマモトケン,Kumamoto,,,,八代市,ヤツシロシ,Yatsushiro-shi,,,,新地町,シンチマチ,Shinchimachi,,,,,,,,1,1,0,0,0,0,1,1,1947-04-17,,0,8660016,,,,,,,,,,,,,,,
432024,0097000,1,熊本県,クマモトケン,Kumamoto,,,,八代市,ヤツシロシ,Yatsushiro-shi,,,,新浜町,シンハママチ,Shinhamamachi,,,,,,,,1,1,0,0,0,0,1,0,1947-04-17,,0,8660031,,,,,,,,,,,,,,,
432024,0098000,1,熊本県,クマモトケン,Kumamoto,,,,八代市,ヤツシロシ,Yatsushiro-shi,,,,新町,シンマチ,Shimmachi,,,,,,,,0,0,0,0,0,0,1,1,1947-04-17,,0,8660854,,,,,,,,,,,,,,,
432024,0098000,1,熊本県,クマモトケン,Kumamoto,,,,八代市,ヤツシロシ,Yatsushiro-shi,,,,新町,シンマチ,Shimmachi,,,,,,,,1,1,0,0,0,0,1,1,1947-04-17,,0,8660854,,,,,,,,,,,,,,,
432024,0099001,2,熊本県,クマモトケン,Kumamoto,,,,八代市,ヤツシロシ,Yatsushiro-shi,,,,新港町,シンミナトマチ,Shimminatomachi,一丁目,１チョウメ,1,,,,,0,0,0,0,0,0,1,1,1947-04-17,,0,,,,,,,,,,,,,,,,
432024,0099002,2,熊本県,クマモトケン,Kumamoto,,,,八代市,ヤツシロシ,Yatsushiro-shi,,,,新港町,シンミナトマチ,Shimminatomachi,二丁目,２チョウメ,2,,,,,0,0,0,0,0,0,1,1,1947-04-17,,0,,,,,,,,,,,,,,,,
432024,0099003,2,熊本県,クマモトケン,Kumamoto,,,,八代市,ヤツシロシ,Yatsushiro-shi,,,,新港町,シンミナトマチ,Shimminatomachi,三丁目,３チョウメ,3,,,,,0,0,0,0,0,0,1,1,1947-04-17,,0,,,,,,,,,,,,,,,,
432024,0099004,2,熊本県,クマモトケン,Kumamoto,,,,八代市,ヤツシロシ,Yatsushiro-shi,,,,新港町,シンミナトマチ,Shimminatomachi,四丁目,４チョウメ,4,,,,,0,0,0,0,0,0,1,1,1947-04-17,,0,,,,,,,,,,,,,,,,
432024,0100000,1,熊本県,クマモトケン,Kumamoto,,,,八代市,ヤツシロシ,Yatsushiro-shi,,,,末広町,スエヒロチョウ,Suehirocho,,,,,,,,0,0,0,0,0,0,1,1,1947-04-17,,0,8660832,,,,,,,,,,,,,,,
432024,0101000,1,熊本県,クマモトケン,Kumamoto,,,,八代市,ヤツシロシ,Yatsushiro-shi,,,,栴檀町,センダンマチ,Sendammachi,,,,,,,,0,0,0,0,0,0,1,1,1947-04-17,,0,8660054,,,,,,,,,,,,,,,
432024,0102001,2,熊本県,クマモトケン,Kumamoto,,,,八代市,ヤツシロシ,Yatsushiro-shi,,,,千反町,センダンマチ,Sendammachi,一丁目,１チョウメ,1,,,,,0,0,0,0,0,0,1,0,1947-04-17,,0,,,,,,,,,,,,,,,,
432024,0102002,2,熊本県,クマモトケン,Kumamoto,,,,八代市,ヤツシロシ,Yatsushiro-shi,,,,千反町,センダンマチ,Sendammachi,二丁目,２チョウメ,2,,,,,0,0,0,0,0,0,1,0,1947-04-17,,0,,,,,,,,,,,,,,,,
432024,0103000,1,熊本県,クマモトケン,Kumamoto,,,,八代市,ヤツシロシ,Yatsushiro-shi,,,,千丁町太牟田,センチョウマチオオムタ,Senchomachi Omuta,,,,,,,,0,0,0,0,0,0,1,1,1947-04-17,,0,8694701,,,,,,,,,,,,,,,
432024,0104000,1,熊本県,クマモトケン,Kumamoto,,,,八代市,ヤツシロシ,Yatsushiro-shi,,,,千丁町古閑出,センチョウマチコガデ,Senchomachi Kogade,,,,,,,,0,0,0,0,0,0,1,1,1947-04-17,,0,8694704,,,,,,,,,,,,,,,
432024,0105000,1,熊本県,クマモトケン,Kumamoto,,,,八代市,ヤツシロシ,Yatsushiro-shi,,,,千丁町新牟田,センチョウマチシンムタ,Senchomachi Shimmuta,,,,,,,,0,0,0,0,0,0,1,1,1947-04-17,,0,8694703,,,,,,,,,,,,,,,
432024,0106000,1,熊本県,クマモトケン,Kumamoto,,,,八代市,ヤツシロシ,Yatsushiro-shi,,,,千丁町吉王丸,センチョウマチヨシオウマル,Senchomachi Yoshiomaru,,,,,,,,0,0,0,0,0,0,1,1,1947-04-17,,0,8694702,,,,,,,,,,,,,,,
432024,0107000,1,熊本県,クマモトケン,Kumamoto,,,,八代市,ヤツシロシ,Yatsushiro-shi,,,,鼠蔵町,ソゾウマチ,Sozomachi,,,,,,,,0,0,0,0,0,0,1,1,1947-04-17,,0,8695164,,,,,,,,,,,,,,,
432024,0108000,1,熊本県,クマモトケン,Kumamoto,,,,八代市,ヤツシロシ,Yatsushiro-shi,,,,大福寺町,ダイフクジマチ,Daifukujimachi,,,,,,,,0,0,0,0,0,0,1,1,1947-04-17,,0,8660082,,,,,,,,,,,,,,,
432024,0109000,1,熊本県,クマモトケン,Kumamoto,,,,八代市,ヤツシロシ,Yatsushiro-shi,,,,高植本町,タカウエホンマチ,Takauehommachi,,,,,,,,0,0,0,0,0,0,1,1,1947-04-17,,0,8695154,,,,,,,,,,,,,,,
432024,0110000,1,熊本県,クマモトケン,Kumamoto,,,,八代市,ヤツシロシ,Yatsushiro-shi,,,,高島町,タカシママチ,Takashimamachi,,,,,,,,0,0,0,0,0,0,1,1,1947-04-17,,0,8660014,,,,,,,,,,,,,,,
432024,0111000,1,熊本県,クマモトケン,Kumamoto,,,,八代市,ヤツシロシ,Yatsushiro-shi,,,,鷹辻町,タカツジマチ,Takatsujimachi,,,,,,,,1,1,0,0,0,0,1,0,1947-04-17,,0,8660866,,,,,,,,,,,,,,,
432024,0112000,1,熊本県,クマモトケン,Kumamoto,,,,八代市,ヤツシロシ,Yatsushiro-shi,,,,竹原町,タケハラマチ,Takeharamachi,,,,,,,,0,0,0,0,0,0,1,1,1947-04-17,,0,8660826,,,,,,,,,,,,,,,
432024,0113000,1,熊本県,クマモトケン,Kumamoto,,,,八代市,ヤツシロシ,Yatsushiro-shi,,,,建馬町,タテウママチ,Tateumamachi,,,,,,,,1,1,0,0,0,0,1,0,1947-04-17,,0,8660045,,,,,,,,,,,,,,,
432024,0114000,1,熊本県,クマモトケン,Kumamoto,,,,八代市,ヤツシロシ,Yatsushiro-shi,,,,田中北町,タナカキタマチ,Tanaka Kitamachi,,,,,,,,0,0,0,0,0,0,1,1,1947-04-17,,0,8660877,,,,,,,,,,,,,,,
432024,0115000,1,熊本県,クマモトケン,Kumamoto,,,,八代市,ヤツシロシ,Yatsushiro-shi,,,,田中西町,タナカニシマチ,Tanaka Nishimachi,,,,,,,,0,0,0,0,0,0,1,1,1947-04-17,,0,8660876,,,,,,,,,,,,,,,
432024,0116000,1,熊本県,クマモトケン,Kumamoto,,,,八代市,ヤツシロシ,Yatsushiro-shi,,,,田中東町,タナカヒガシマチ,Tanaka Higashimachi,,,,,,,,0,0,0,0,0,0,1,1,1947-04-17,,0,8660871,,,,,,,,,,,,,,,
432024,0117000,1,熊本県,クマモトケン,Kumamoto,,,,八代市,ヤツシロシ,Yatsushiro-shi,,,,田中町,タナカマチ,Tanakamachi,,,,,,,,0,0,0,0,0,0,1,1,1947-04-17,,0,8660872,,,,,,,,,,,,,,,
432024,0118000,1,熊本県,クマモトケン,Kumamoto,,,,八代市,ヤツシロシ,Yatsushiro-shi,,,,築添町,ツキゾエマチ,Tsukizoemachi,,,,,,,,0,0,0,0,0,0,1,1,1947-04-17,,0,8660015,,,,,,,,,,,,,,,
432024,0119000,1,熊本県,クマモトケン,Kumamoto,,,,八代市,ヤツシロシ,Yatsushiro-shi,,,,出町,デマチ,Demachi,,,,,,,,1,1,0,0,0,0,1,0,1947-04-17,,0,8660857,,,,,,,,,,,,,,,
432024,0120000,1,熊本県,クマモトケン,Kumamoto,,,,八代市,ヤツシロシ,Yatsushiro-shi,,,,東陽町河俣,トウヨウマチカワマタ,Toyomachi Kawamata,,,,,,,,0,0,0,0,0,0,1,1,1947-04-17,,0,8694303,,,,,,,,,,,,,,,
432024,0121000,1,熊本県,クマモトケン,Kumamoto,,,,八代市,ヤツシロシ,Yatsushiro-shi,,,,東陽町北,トウヨウマチキタ,Toyomachi Kita,,,,,,,,0,0,0,0,0,0,1,1,1947-04-17,,0,8694302,,,,,,,,,,,,,,,
432024,0122000,1,熊本県,クマモトケン,Kumamoto,,,,八代市,ヤツシロシ,Yatsushiro-shi,,,,東陽町小浦,トウヨウマチコウラ,Toyomachi Kora,,,,,,,,0,0,0,0,0,0,1,1,1947-04-17,,0,8694304,,,,,,,,,,,,,,,
432024,0123000,1,熊本県,クマモトケン,Kumamoto,,,,八代市,ヤツシロシ,Yatsushiro-shi,,,,東陽町南,トウヨウマチミナミ,Toyomachi Minami,,,,,,,,0,0,0,0,0,0,1,1,1947-04-17,,0,8694301,,,,,,,,,,,,,,,
432024,0124000,1,熊本県,クマモトケン,Kumamoto,,,,八代市,ヤツシロシ,Yatsushiro-shi,,,,通町,トオリチョウ,Toricho,,,,,,,,1,1,0,0,0,0,1,0,1947-04-17,,0,8660856,,,,,,,,,,,,,,,
432024,0125000,1,熊本県,クマモトケン,Kumamoto,,,,八代市,ヤツシロシ,Yatsushiro-shi,,,,永碇町,ナガイカリマチ,Nagaikarimachi,,,,,,,,0,0,0,0,0,0,1,1,1947-04-17,,0,8660885,,,,,,,,,,,,,,,
432024,0126000,1,熊本県,クマモトケン,Kumamoto,,,,八代市,ヤツシロシ,Yatsushiro-shi,,,,中片町,ナカカタマチ,Nakakatamachi,,,,,,,,0,0,0,0,0,0,1,1,1947-04-17,,0,8660812,,,,,,,,,,,,,,,
432024,0127000,1,熊本県,クマモトケン,Kumamoto,,,,八代市,ヤツシロシ,Yatsushiro-shi,,,,中北町,ナカキタマチ,Nakakitamachi,,,,,,,,0,0,0,0,0,0,1,1,1947-04-17,,0,8660044,,,,,,,,,,,,,,,
432024,0128000,1,熊本県,クマモトケン,Kumamoto,,,,八代市,ヤツシロシ,Yatsushiro-shi,,,,長田町,ナガタマチ,Nagatamachi,,,,,,,,0,0,0,0,0,0,1,1,1947-04-17,,0,8660815,,,,,,,,,,,,,,,
432024,0129000,1,熊本県,クマモトケン,Kumamoto,,,,八代市,ヤツシロシ,Yatsushiro-shi,,,,奈良木町,ナラギマチ,Naragimachi,,,,,,,,0,0,0,0,0,0,1,1,1947-04-17,,0,8660064,,,,,,,,,,,,,,,
432024,0130000,1,熊本県,クマモトケン,Kumamoto,,,,八代市,ヤツシロシ,Yatsushiro-shi,,,,西片町,ニシカタマチ,Nishikatamachi,,,,,,,,0,0,0,0,0,0,1,1,1947-04-17,,0,8660811,,,,,,,,,,,,,,,
432024,0131000,1,熊本県,クマモトケン,Kumamoto,,,,八代市,ヤツシロシ,Yatsushiro-shi,,,,錦町,ニシキチョウ,Nishikicho,,,,,,,,0,0,0,0,0,0,1,1,1947-04-17,,0,8660834,,,,,,,,,,,,,,,
432024,0132000,1,熊本県,クマモトケン,Kumamoto,,,,八代市,ヤツシロシ,Yatsushiro-shi,,,,西松江城町,ニシマツエジョウマチ,Nishimatsuejomachi,,,,,,,,1,1,0,0,0,0,1,0,1947-04-17,,0,8660863,,,,,,,,,,,,,,,
432024,0133000,1,熊本県,クマモトケン,Kumamoto,,,,八代市,ヤツシロシ,Yatsushiro-shi,,,,西宮町,ニシミヤマチ,Nishimiyamachi,,,,,,,,0,0,0,0,0,0,1,1,1947-04-17,,0,8660804,,,,,,,,,,,,,,,
432024,0135000,1,熊本県,クマモトケン,Kumamoto,,,,八代市,ヤツシロシ,Yatsushiro-shi,,,,萩原町,ハギワラマチ,Hagiwaramachi,,,,,,,,0,0,0,0,0,0,1,1,1947-04-17,,0,8660831,,,,,,,,,,,,,,,
432024,0135001,2,熊本県,クマモトケン,Kumamoto,,,,八代市,ヤツシロシ,Yatsushiro-shi,,,,萩原町,ハギワラマチ,Hagiwaramachi,一丁目,１チョウメ,1,,,,,1,1,0,0,0,0,1,1,1947-04-17,,0,,,,,,,,,,,,,,,,
432024,0135002,2,熊本県,クマモトケン,Kumamoto,,,,八代市,ヤツシロシ,Yatsushiro-shi,,,,萩原町,ハギワラマチ,Hagiwaramachi,二丁目,２チョウメ,2,,,,,1,1,0,0,0,0,1,1,1947-04-17,,0,,,,,,,,,,,,,,,,
432024,0136000,1,熊本県,クマモトケン,Kumamoto,,,,八代市,ヤツシロシ,Yatsushiro-shi,,,,八幡町,ハチマンチョウ,Hachimancho,,,,,,,,1,1,0,0,0,0,1,0,1947-04-17,,0,8660041,,,,,,,,,,,,,,,
432024,0137000,1,熊本県,クマモトケン,Kumamoto,,,,八代市,ヤツシロシ,Yatsushiro-shi,,,,花園町,ハナゾノチョウ,Hanazonocho,,,,,,,,0,0,0,0,0,0,1,1,1947-04-17,,0,8660843,,,,,,,,,,,,,,,
432024,0138000,1,熊本県,クマモトケン,Kumamoto,,,,八代市,ヤツシロシ,Yatsushiro-shi,,,,日置町,ヒオキマチ,Hiokimachi,,,,,,,,0,0,0,0,0,0,1,1,1947-04-17,,0,8660896,,,,,,,,,,,,,,,
432024,0139000,1,熊本県,クマモトケン,Kumamoto,,,,八代市,ヤツシロシ,Yatsushiro-shi,,,,東片町,ヒガシカタマチ,Higashikatamachi,,,,,,,,0,0,0,0,0,0,1,1,1947-04-17,,0,8660814,,,,,,,,,,,,,,,
432024,0140000,1,熊本県,クマモトケン,Kumamoto,,,,八代市,ヤツシロシ,Yatsushiro-shi,,,,東町,ヒガシマチ,Higashimachi,,,,,,,,0,0,0,0,0,0,1,1,1947-04-17,,0,8660801,,,,,,,,,,,,,,,
432024,0141000,1,熊本県,クマモトケン,Kumamoto,,,,八代市,ヤツシロシ,Yatsushiro-shi,,,,毘舎丸町,ビシャマルマチ,Bishamarumachi,,,,,,,,1,1,0,0,0,0,1,1,1947-04-17,,0,8660851,,,,,,,,,,,,,,,
432024,0142000,1,熊本県,クマモトケン,Kumamoto,,,,八代市,ヤツシロシ,Yatsushiro-shi,,,,日奈久大坪町,ヒナグオオツボマチ,Hinagu Otsubomachi,,,,,,,,0,0,0,0,0,0,1,1,1947-04-17,,0,8695146,,,,,,,,,,,,,,,
432024,0143000,1,熊本県,クマモトケン,Kumamoto,,,,八代市,ヤツシロシ,Yatsushiro-shi,,,,日奈久上西町,ヒナグカミニシマチ,Hinagu Kaminishimachi,,,,,,,,0,0,0,0,0,0,1,1,1947-04-17,,0,8695134,,,,,,,,,,,,,,,
432024,0144000,1,熊本県,クマモトケン,Kumamoto,,,,八代市,ヤツシロシ,Yatsushiro-shi,,,,日奈久塩北町,ヒナグシオキタマチ,Hinagu Shiokitamachi,,,,,,,,0,0,0,0,0,0,1,1,1947-04-17,,0,8695142,,,,,,,,,,,,,,,
432024,0145000,1,熊本県,クマモトケン,Kumamoto,,,,八代市,ヤツシロシ,Yatsushiro-shi,,,,日奈久塩南町,ヒナグシオミナミマチ,Hinagu Shiominamimachi,,,,,,,,0,0,0,0,0,0,1,1,1947-04-17,,0,8695141,,,,,,,,,,,,,,,
432024,0146000,1,熊本県,クマモトケン,Kumamoto,,,,八代市,ヤツシロシ,Yatsushiro-shi,,,,日奈久下西町,ヒナグシモニシマチ,Hinagu Shimonishimachi,,,,,,,,0,0,0,0,0,0,1,1,1947-04-17,,0,8695132,,,,,,,,,,,,,,,
432024,0147000,1,熊本県,クマモトケン,Kumamoto,,,,八代市,ヤツシロシ,Yatsushiro-shi,,,,日奈久新田町,ヒナグシンデンマチ,Hinagu Shindemmachi,,,,,,,,0,0,0,0,0,0,1,1,1947-04-17,,0,8695145,,,,,,,,,,,,,,,
432024,0148000,1,熊本県,クマモトケン,Kumamoto,,,,八代市,ヤツシロシ,Yatsushiro-shi,,,,日奈久竹之内町,ヒナグタケノウチマチ,Hinagu Takenochimachi,,,,,,,,0,0,0,0,0,0,1,1,1947-04-17,,0,8695143,,,,,,,,,,,,,,,
432024,0149000,1,熊本県,クマモトケン,Kumamoto,,,,八代市,ヤツシロシ,Yatsushiro-shi,,,,日奈久中西町,ヒナグナカニシマチ,Hinagu Nakanishimachi,,,,,,,,0,0,0,0,0,0,1,1,1947-04-17,,0,8695133,,,,,,,,,,,,,,,
432024,0150000,1,熊本県,クマモトケン,Kumamoto,,,,八代市,ヤツシロシ,Yatsushiro-shi,,,,日奈久中町,ヒナグナカマチ,Hinagu Nakamachi,,,,,,,,0,0,0,0,0,0,1,1,1947-04-17,,0,8695135,,,,,,,,,,,,,,,
432024,0151000,1,熊本県,クマモトケン,Kumamoto,,,,八代市,ヤツシロシ,Yatsushiro-shi,,,,日奈久浜町,ヒナグハママチ,Hinagu Hamamachi,,,,,,,,0,0,0,0,0,0,1,1,1947-04-17,,0,8695137,,,,,,,,,,,,,,,
432024,0152000,1,熊本県,クマモトケン,Kumamoto,,,,八代市,ヤツシロシ,Yatsushiro-shi,,,,日奈久東町,ヒナグヒガシマチ,Hinagu Higashimachi,,,,,,,,0,0,0,0,0,0,1,1,1947-04-17,,0,8695136,,,,,,,,,,,,,,,
432024,0153000,1,熊本県,クマモトケン,Kumamoto,,,,八代市,ヤツシロシ,Yatsushiro-shi,,,,日奈久平成町,ヒナグヘイセイマチ,Hinagu Heiseimachi,,,,,,,,0,0,0,0,0,0,1,1,1947-04-17,,0,8695138,,,,,,,,,,,,,,,
432024,0154000,1,熊本県,クマモトケン,Kumamoto,,,,八代市,ヤツシロシ,Yatsushiro-shi,,,,日奈久馬越町,ヒナグマゴシマチ,Hinagu Magoshimachi,,,,,,,,0,0,0,0,0,0,1,1,1947-04-17,,0,8695131,,,,,,,,,,,,,,,
432024,0155000,1,熊本県,クマモトケン,Kumamoto,,,,八代市,ヤツシロシ,Yatsushiro-shi,,,,日奈久山下町,ヒナグヤマシタマチ,Hinagu Yamashitamachi,,,,,,,,0,0,0,0,0,0,1,1,1947-04-17,,0,8695144,,,,,,,,,,,,,,,
432024,0156000,1,熊本県,クマモトケン,Kumamoto,,,,八代市,ヤツシロシ,Yatsushiro-shi,,,,平山新町,ヒラヤマシンマチ,Hirayamashimmachi,,,,,,,,0,0,0,0,0,0,1,1,1947-04-17,,0,8660074,,,,,,,,,,,,,,,
432024,0157000,1,熊本県,クマモトケン,Kumamoto,,,,八代市,ヤツシロシ,Yatsushiro-shi,,,,豊原上町,ブイワラカミマチ,Buiwara Kamimachi,,,,,,,,0,0,0,0,0,0,1,1,1947-04-17,,0,8660063,,,,,,,,,,,,,,,
432024,0158000,1,熊本県,クマモトケン,Kumamoto,,,,八代市,ヤツシロシ,Yatsushiro-shi,,,,豊原下町,ブイワラシモマチ,Buiwara Shimomachi,,,,,,,,0,0,0,0,0,0,1,1,1947-04-17,,0,8660065,,,,,,,,,,,,,,,
432024,0159000,1,熊本県,クマモトケン,Kumamoto,,,,八代市,ヤツシロシ,Yatsushiro-shi,,,,豊原中町,ブイワラナカマチ,Buiwara Nakamachi,,,,,,,,0,0,0,0,0,0,1,1,1947-04-17,,0,8660062,,,,,,,,,,,,,,,
432024,0160000,1,熊本県,クマモトケン,Kumamoto,,,,八代市,ヤツシロシ,Yatsushiro-shi,,,,福正町,フクショウマチ,Fukushomachi,,,,,,,,0,0,0,0,0,0,1,1,1947-04-17,,0,8660821,,,,,,,,,,,,,,,
432024,0161000,1,熊本県,クマモトケン,Kumamoto,,,,八代市,ヤツシロシ,Yatsushiro-shi,,,,福正元町,フクショウモトマチ,Fukushomotomachi,,,,,,,,1,1,0,0,0,0,1,1,1947-04-17,,0,8660822,,,,,,,,,,,,,,,
432024,0162000,1,熊本県,クマモトケン,Kumamoto,,,,八代市,ヤツシロシ,Yatsushiro-shi,,,,袋町,フクロマチ,Fukuromachi,,,,,,,,1,1,0,0,0,0,1,0,1947-04-17,,0,8660855,,,,,,,,,,,,,,,
432024,0163000,1,熊本県,クマモトケン,Kumamoto,,,,八代市,ヤツシロシ,Yatsushiro-shi,,,,二見赤松町,フタミアカマツマチ,Futami Akamatsumachi,,,,,,,,0,0,0,0,0,0,1,1,1947-04-17,,0,8695173,,,,,,,,,,,,,,,
432024,0164000,1,熊本県,クマモトケン,Kumamoto,,,,八代市,ヤツシロシ,Yatsushiro-shi,,,,二見下大野町,フタミシモオウノマチ,Futami Shimoonomachi,,,,,,,,0,0,0,0,0,0,1,1,1947-04-17,,0,8695174,,,,,,,,,,,,,,,
432024,0165000,1,熊本県,クマモトケン,Kumamoto,,,,八代市,ヤツシロシ,Yatsushiro-shi,,,,二見洲口町,フタミスグチマチ,Futami Suguchimachi,,,,,,,,0,0,0,0,0,0,1,1,1947-04-17,,0,8695171,,,,,,,,,,,,,,,
432024,0166000,1,熊本県,クマモトケン,Kumamoto,,,,八代市,ヤツシロシ,Yatsushiro-shi,,,,二見野田崎町,フタミノタザキマチ,Futami Notazakimachi,,,,,,,,0,0,0,0,0,0,1,1,1947-04-17,,0,8695175,,,,,,,,,,,,,,,
432024,0167000,1,熊本県,クマモトケン,Kumamoto,,,,八代市,ヤツシロシ,Yatsushiro-shi,,,,二見本町,フタミホンマチ,Futami Hommachi,,,,,,,,0,0,0,0,0,0,1,1,1947-04-17,,0,8695172,,,,,,,,,,,,,,,
432024,0168000,1,熊本県,クマモトケン,Kumamoto,,,,八代市,ヤツシロシ,Yatsushiro-shi,,,,古城町,フルシロマチ,Furushiromachi,,,,,,,,0,0,0,0,0,0,1,1,1947-04-17,,0,8660043,,,,,,,,,,,,,,,
432024,0169000,1,熊本県,クマモトケン,Kumamoto,,,,八代市,ヤツシロシ,Yatsushiro-shi,,,,古麓町,フルフモトマチ,Furufumotomachi,,,,,,,,0,0,0,0,0,0,1,1,1947-04-17,,0,8660803,,,,,,,,,,,,,,,
432024,0170000,1,熊本県,クマモトケン,Kumamoto,,,,八代市,ヤツシロシ,Yatsushiro-shi,,,,本野町,ホンノマチ,Honnomachi,,,,,,,,0,0,0,0,0,0,1,1,1947-04-17,,0,8660073,,,,,,,,,,,,,,,
432024,0171001,2,熊本県,クマモトケン,Kumamoto,,,,八代市,ヤツシロシ,Yatsushiro-shi,,,,本町,ホンマチ,Hommachi,一丁目,１チョウメ,1,,,,,1,1,0,0,0,0,1,0,1947-04-17,,0,,,,,,,,,,,,,,,,
432024,0171002,2,熊本県,クマモトケン,Kumamoto,,,,八代市,ヤツシロシ,Yatsushiro-shi,,,,本町,ホンマチ,Hommachi,二丁目,２チョウメ,2,,,,,1,1,0,0,0,0,1,0,1947-04-17,,0,,,,,,,,,,,,,,,,
432024,0171003,2,熊本県,クマモトケン,Kumamoto,,,,八代市,ヤツシロシ,Yatsushiro-shi,,,,本町,ホンマチ,Hommachi,三丁目,３チョウメ,3,,,,,1,1,0,0,0,0,1,0,1947-04-17,,0,,,,,,,,,,,,,,,,
432024,0171004,2,熊本県,クマモトケン,Kumamoto,,,,八代市,ヤツシロシ,Yatsushiro-shi,,,,本町,ホンマチ,Hommachi,四丁目,４チョウメ,4,,,,,1,1,0,0,0,0,1,0,1947-04-17,,0,,,,,,,,,,,,,,,,
432024,0172000,1,熊本県,クマモトケン,Kumamoto,,,,八代市,ヤツシロシ,Yatsushiro-shi,,,,松江城町,マツエジョウマチ,Matsuejomachi,,,,,,,,1,1,0,0,0,0,1,0,1947-04-17,,0,8660862,,,,,,,,,,,,,,,
432024,0173000,1,熊本県,クマモトケン,Kumamoto,,,,八代市,ヤツシロシ,Yatsushiro-shi,,,,松江本町,マツエホンマチ,Matsuehommachi,,,,,,,,1,1,0,0,0,0,1,1,1947-04-17,,0,8660882,,,,,,,,,,,,,,,
432024,0174000,1,熊本県,クマモトケン,Kumamoto,,,,八代市,ヤツシロシ,Yatsushiro-shi,,,,松江町,マツエマチ,Matsuemachi,,,,,,,,0,0,0,0,0,0,1,1,1947-04-17,,0,8660883,,,,,,,,,,,,,,,
432024,0175000,1,熊本県,クマモトケン,Kumamoto,,,,八代市,ヤツシロシ,Yatsushiro-shi,,,,松崎町,マツザキマチ,Matsuzakimachi,,,,,,,,0,0,0,0,0,0,1,1,1947-04-17,,0,8660884,,,,,,,,,,,,,,,
432024,0176000,1,熊本県,クマモトケン,Kumamoto,,,,八代市,ヤツシロシ,Yatsushiro-shi,,,,水島町,ミズシママチ,Mizushimamachi,,,,,,,,0,0,0,0,0,0,1,1,1947-04-17,,0,8695155,,,,,,,,,,,,,,,
432024,0177000,1,熊本県,クマモトケン,Kumamoto,,,,八代市,ヤツシロシ,Yatsushiro-shi,,,,三江湖町,ミツエゴマチ,Mitsuegomachi,,,,,,,,0,0,0,0,0,0,1,1,1947-04-17,,0,8695163,,,,,,,,,,,,,,,
432024,0178000,1,熊本県,クマモトケン,Kumamoto,,,,八代市,ヤツシロシ,Yatsushiro-shi,,,,緑町,ミドリチョウ,Midoricho,,,,,,,,0,0,0,0,0,0,1,1,1947-04-17,,0,8660841,,,,,,,,,,,,,,,
432024,0179000,1,熊本県,クマモトケン,Kumamoto,,,,八代市,ヤツシロシ,Yatsushiro-shi,,,,港町,ミナトマチ,Minatomachi,,,,,,,,0,0,0,0,0,0,1,1,1947-04-17,,0,8660033,,,,,,,,,,,,,,,
432024,0180000,1,熊本県,クマモトケン,Kumamoto,,,,八代市,ヤツシロシ,Yatsushiro-shi,,,,南平和町,ミナミヘイワマチ,Minamiheiwamachi,,,,,,,,0,0,0,0,0,0,1,1,1947-04-17,,0,8695165,,,,,,,,,,,,,,,
432024,0181000,1,熊本県,クマモトケン,Kumamoto,,,,八代市,ヤツシロシ,Yatsushiro-shi,,,,宮地町,ミヤジマチ,Miyajimachi,,,,,,,,0,0,0,0,0,0,1,1,1947-04-17,,0,8660805,,,,,,,,,,,,,,,
432024,0182000,1,熊本県,クマモトケン,Kumamoto,,,,八代市,ヤツシロシ,Yatsushiro-shi,,,,妙見町,ミョウケンマチ,Myokemmachi,,,,,,,,0,0,0,0,0,0,1,1,1947-04-17,,0,8660802,,,,,,,,,,,,,,,
432024,0183000,1,熊本県,クマモトケン,Kumamoto,,,,八代市,ヤツシロシ,Yatsushiro-shi,,,,迎町,ムカエマチ,Mukaemachi,,,,,,,,0,0,0,0,0,0,1,1,1947-04-17,,0,8660055,,,,,,,,,,,,,,,
432024,0183001,2,熊本県,クマモトケン,Kumamoto,,,,八代市,ヤツシロシ,Yatsushiro-shi,,,,迎町,ムカエマチ,Mukaemachi,一丁目,１チョウメ,1,,,,,0,0,0,0,0,0,1,0,1947-04-17,,0,,,,,,,,,,,,,,,,
432024,0183002,2,熊本県,クマモトケン,Kumamoto,,,,八代市,ヤツシロシ,Yatsushiro-shi,,,,迎町,ムカエマチ,Mukaemachi,二丁目,２チョウメ,2,,,,,0,0,0,0,0,0,1,0,1947-04-17,,0,,,,,,,,,,,,,,,,
432024,0185000,1,熊本県,クマモトケン,Kumamoto,,,,八代市,ヤツシロシ,Yatsushiro-shi,,,,麦島西町,ムギシマニシマチ,Mugishima Nishimachi,,,,,,,,0,0,0,0,0,0,1,0,1947-04-17,,0,8660052,,,,,,,,,,,,,,,
432024,0186000,1,熊本県,クマモトケン,Kumamoto,,,,八代市,ヤツシロシ,Yatsushiro-shi,,,,麦島東町,ムギシマヒガシマチ,Mugishima Higashimachi,,,,,,,,0,0,0,0,0,0,1,0,1947-04-17,,0,8660051,,,,,,,,,,,,,,,
432024,0187000,1,熊本県,クマモトケン,Kumamoto,,,,八代市,ヤツシロシ,Yatsushiro-shi,,,,催合町,モヤイマチ,Moyaimachi,,,,,,,,0,0,0,0,0,0,1,1,1947-04-17,,0,8695153,,,,,,,,,,,,,,,
432024,0188000,1,熊本県,クマモトケン,Kumamoto,,,,八代市,ヤツシロシ,Yatsushiro-shi,,,,弥生町,ヤヨイチョウ,Yayoicho,,,,,,,,0,0,0,0,0,0,1,1,1947-04-17,,0,8660846,,,,,,,,,,,,,,,
432024,0189000,1,熊本県,クマモトケン,Kumamoto,,,,八代市,ヤツシロシ,Yatsushiro-shi,,,,夕葉町,ユウバチョウ,Yubacho,,,,,,,,0,0,0,0,0,0,1,1,1947-04-17,,0,8660833,,,,,,,,,,,,,,,
432024,0190000,1,熊本県,クマモトケン,Kumamoto,,,,八代市,ヤツシロシ,Yatsushiro-shi,,,,横手新町,ヨコテシンマチ,Yokote Shimmachi,,,,,,,,0,0,0,0,0,0,1,1,1947-04-17,,0,8660875,,,,,,,,,,,,,,,
432024,0191000,1,熊本県,クマモトケン,Kumamoto,,,,八代市,ヤツシロシ,Yatsushiro-shi,,,,横手本町,ヨコテホンマチ,Yokote Hommachi,,,,,,,,1,1,0,0,0,0,1,1,1947-04-17,,0,8660874,,,,,,,,,,,,,,,
432024,0192000,1,熊本県,クマモトケン,Kumamoto,,,,八代市,ヤツシロシ,Yatsushiro-shi,,,,横手町,ヨコテマチ,Yokotemachi,,,,,,,,0,0,0,0,0,0,1,1,1947-04-17,,0,8660873,,,,,,,,,,,,,,,
432024,0193000,1,熊本県,クマモトケン,Kumamoto,,,,八代市,ヤツシロシ,Yatsushiro-shi,,,,葭牟田町,ヨシムタマチ,Yoshimutamachi,,,,,,,,0,0,0,0,0,0,1,1,1947-04-17,,0,8695161,,,,,,,,,,,,,,,
432024,0194000,1,熊本県,クマモトケン,Kumamoto,,,,八代市,ヤツシロシ,Yatsushiro-shi,,,,若草町,ワカクサチョウ,Wakakusacho,,,,,,,,0,0,0,0,0,0,1,1,1947-04-17,,0,8660842,,,,,,,,,,,,,,,
432024,0195000,1,熊本県,クマモトケン,Kumamoto,,,,八代市,ヤツシロシ,Yatsushiro-shi,,,,渡町,ワタシマチ,Watashimachi,,,,,,,,0,0,0,0,0,0,1,1,1947-04-17,,0,8660061,,,,,,,,,,,,,,,
432024,0197000,1,熊本県,クマモトケン,Kumamoto,,,,八代市,ヤツシロシ,Yatsushiro-shi,,,,日奈久新開町,ヒナグシンカイマチ,Hinagu Shinkaimachi,,,,,,,,0,0,0,0,0,0,1,1,1947-04-17,,0,8695147,,,,,,,,,,,,,,,
432024,0198000,1,熊本県,クマモトケン,Kumamoto,,,,八代市,ヤツシロシ,Yatsushiro-shi,,,,日奈久栄町,ヒナグサカエマチ,Hinagu Sakaemachi,,,,,,,,0,0,0,0,0,0,1,1,1947-04-17,,0,8695148,,,,,,,,,,,,,,,
432024,0199000,1,熊本県,クマモトケン,Kumamoto,,,,八代市,ヤツシロシ,Yatsushiro-shi,,,,坂本町鮎帰い,サカモトマチアユガエリイ,,,,,,,,,0,0,0,0,0,0,1,0,1947-04-17,,1,,,,,,,,,,,,,,,,
432024,0200000,1,熊本県,クマモトケン,Kumamoto,,,,八代市,ヤツシロシ,Yatsushiro-shi,,,,坂本町鮎帰に,サカモトマチアユガエリニ,,,,,,,,,0,0,0,0,0,0,1,0,1947-04-17,,1,,,,,,,,,,,,,,,,
432024,0201000,1,熊本県,クマモトケン,Kumamoto,,,,八代市,ヤツシロシ,Yatsushiro-shi,,,,坂本町鮎帰は,サカモトマチアユガエリハ,,,,,,,,,0,0,0,0,0,0,1,0,1947-04-17,,1,,,,,,,,,,,,,,,,
432024,0202000,1,熊本県,クマモトケン,Kumamoto,,,,八代市,ヤツシロシ,Yatsushiro-shi,,,,坂本町鮎帰ほ,サカモトマチアユガエリホ,,,,,,,,,0,0,0,0,0,0,1,0,1947-04-17,,1,,,,,,,,,,,,,,,,
432024,0203000,1,熊本県,クマモトケン,Kumamoto,,,,八代市,ヤツシロシ,Yatsushiro-shi,,,,坂本町鮎帰ろ,サカモトマチアユガエリロ,,,,,,,,,0,0,0,0,0,0,1,0,1947-04-17,,1,,,,,,,,,,,,,,,,
432024,0204000,1,熊本県,クマモトケン,Kumamoto,,,,八代市,ヤツシロシ,Yatsushiro-shi,,,,坂本町深水い,サカモトマチフカミイ,,,,,,,,,0,0,0,0,0,0,1,0,1947-04-17,,1,,,,,,,,,,,,,,,,
432024,0205000,1,熊本県,クマモトケン,Kumamoto,,,,八代市,ヤツシロシ,Yatsushiro-shi,,,,坂本町深水は,サカモトマチフカミハ,,,,,,,,,0,0,0,0,0,0,1,0,1947-04-17,,1,,,,,,,,,,,,,,,,
432024,0206000,1,熊本県,クマモトケン,Kumamoto,,,,八代市,ヤツシロシ,Yatsushiro-shi,,,,坂本町深水ろ,サカモトマチフカミロ,,,,,,,,,0,0,0,0,0,0,1,0,1947-04-17,,1,,,,,,,,,,,,,,,,
432024,0207000,1,熊本県,クマモトケン,Kumamoto,,,,八代市,ヤツシロシ,Yatsushiro-shi,,,,坂本町西部い,サカモトマチサイブイ,,,,,,,,,0,0,0,0,0,0,1,0,1947-04-17,,1,,,,,,,,,,,,,,,,
432024,0208000,1,熊本県,クマモトケン,Kumamoto,,,,八代市,ヤツシロシ,Yatsushiro-shi,,,,坂本町西部は,サカモトマチサイブハ,,,,,,,,,0,0,0,0,0,0,1,0,1947-04-17,,1,,,,,,,,,,,,,,,,
432024,0209000,1,熊本県,クマモトケン,Kumamoto,,,,八代市,ヤツシロシ,Yatsushiro-shi,,,,坂本町西部ろ,サカモトマチサイブロ,,,,,,,,,0,0,0,0,0,0,1,0,1947-04-17,,1,,,,,,,,,,,,,,,,
432024,0210000,1,熊本県,クマモトケン,Kumamoto,,,,八代市,ヤツシロシ,Yatsushiro-shi,,,,坂本町中谷い,サカモトマチナカタニイ,,,,,,,,,0,0,0,0,0,0,1,0,1947-04-17,,1,,,,,,,,,,,,,,,,
432024,0211000,1,熊本県,クマモトケン,Kumamoto,,,,八代市,ヤツシロシ,Yatsushiro-shi,,,,坂本町中谷は,サカモトマチナカタニハ,,,,,,,,,0,0,0,0,0,0,1,0,1947-04-17,,1,,,,,,,,,,,,,,,,
432024,0212000,1,熊本県,クマモトケン,Kumamoto,,,,八代市,ヤツシロシ,Yatsushiro-shi,,,,坂本町中谷ろ,サカモトマチナカタニロ,,,,,,,,,0,0,0,0,0,0,1,0,1947-04-17,,1,,,,,,,,,,,,,,,,
432024,0219000,1,熊本県,クマモトケン,Kumamoto,,,,八代市,ヤツシロシ,Yatsushiro-shi,,,,北浜町,キタハマチョウ,,,,,,,,,0,0,0,0,0,0,1,0,1947-04-17,,1,,,,,,,,,,,,,,,,
432032,0001000,1,熊本県,クマモトケン,Kumamoto,,,,人吉市,ヒトヨシシ,Hitoyoshi-shi,,,,赤池原町,アカイケハラマチ,Akaike Haramachi,,,,,,,,0,0,0,0,0,0,1,1,1947-04-17,,0,8680825,,,,,,,,,,,,,,,
432032,0002000,1,熊本県,クマモトケン,Kumamoto,,,,人吉市,ヒトヨシシ,Hitoyoshi-shi,,,,赤池水無町,アカイケミズナシマチ,Akaike Mizunashimachi,,,,,,,,0,0,0,0,0,0,1,1,1947-04-17,,0,8680824,,,,,,,,,,,,,,,
432032,0003000,1,熊本県,クマモトケン,Kumamoto,,,,人吉市,ヒトヨシシ,Hitoyoshi-shi,,,,五日町,イツカマチ,Itsukamachi,,,,,,,,0,0,0,0,0,0,1,1,1947-04-17,,0,8680035,,,,,,,,,,,,,,,
432032,0004000,1,熊本県,クマモトケン,Kumamoto,,,,人吉市,ヒトヨシシ,Hitoyoshi-shi,,,,井ノ口町,イノクチマチ,Inokuchimachi,,,,,,,,0,0,0,0,0,0,1,1,1947-04-17,,0,8680027,,,,,,,,,,,,,,,
432032,0005000,1,熊本県,クマモトケン,Kumamoto,,,,人吉市,ヒトヨシシ,Hitoyoshi-shi,,,,上原町,ウエハラマチ,Ueharamachi,,,,,,,,0,0,0,0,0,0,1,1,1947-04-17,,0,8680047,,,,,,,,,,,,,,,
432032,0006000,1,熊本県,クマモトケン,Kumamoto,,,,人吉市,ヒトヨシシ,Hitoyoshi-shi,,,,老神町,オイカミマチ,Oikamimachi,,,,,,,,0,0,0,0,0,0,1,1,1947-04-17,,0,8680053,,,,,,,,,,,,,,,
432032,0007000,1,熊本県,クマモトケン,Kumamoto,,,,人吉市,ヒトヨシシ,Hitoyoshi-shi,,,,大野町,オオノマチ,Onomachi,,,,,,,,0,0,0,0,0,0,1,1,1947-04-17,,0,8680812,,,,,,,,,,,,,,,
432032,0008000,1,熊本県,クマモトケン,Kumamoto,,,,人吉市,ヒトヨシシ,Hitoyoshi-shi,,,,大畑麓町,オコバフモトマチ,Okobafumotomachi,,,,,,,,0,0,0,0,0,0,1,1,1947-04-17,,0,8680811,,,,,,,,,,,,,,,
432032,0009000,1,熊本県,クマモトケン,Kumamoto,,,,人吉市,ヒトヨシシ,Hitoyoshi-shi,,,,大畑町,オコバマチ,Okobamachi,,,,,,,,0,0,0,0,0,0,1,1,1947-04-17,,0,8680803,,,,,,,,,,,,,,,
432032,0010000,1,熊本県,クマモトケン,Kumamoto,,,,人吉市,ヒトヨシシ,Hitoyoshi-shi,,,,鬼木町,オニギマチ,Onikimachi,,,,,,,,0,0,0,0,0,0,1,1,1947-04-17,,0,8680021,,,,,,,,,,,,,,,
432032,0011000,1,熊本県,クマモトケン,Kumamoto,,,,人吉市,ヒトヨシシ,Hitoyoshi-shi,,,,温泉町,オンセンマチ,Onsemmachi,,,,,,,,0,0,0,0,0,0,1,1,1947-04-17,,0,8680084,,,,,,,,,,,,,,,
432032,0012000,1,熊本県,クマモトケン,Kumamoto,,,,人吉市,ヒトヨシシ,Hitoyoshi-shi,,,,鍛冶屋町,カジヤマチ,Kajiyamachi,,,,,,,,0,0,0,0,0,0,1,1,1947-04-17,,0,8680001,,,,,,,,,,,,,,,
432032,0013000,1,熊本県,クマモトケン,Kumamoto,,,,人吉市,ヒトヨシシ,Hitoyoshi-shi,,,,鹿目町,カナメマチ,Kanamemachi,,,,,,,,0,0,0,0,0,0,1,1,1947-04-17,,0,8680078,,,,,,,,,,,,,,,
432032,0014000,1,熊本県,クマモトケン,Kumamoto,,,,人吉市,ヒトヨシシ,Hitoyoshi-shi,,,,上青井町,カミアオイマチ,Kamiaoimachi,,,,,,,,0,0,0,0,0,0,1,1,1947-04-17,,0,8680005,,,,,,,,,,,,,,,
432032,0015000,1,熊本県,クマモトケン,Kumamoto,,,,人吉市,ヒトヨシシ,Hitoyoshi-shi,,,,上漆田町,カミウルシダマチ,Kamiurushidamachi,,,,,,,,0,0,0,0,0,0,1,1,1947-04-17,,0,8680821,,,,,,,,,,,,,,,
432032,0016000,1,熊本県,クマモトケン,Kumamoto,,,,人吉市,ヒトヨシシ,Hitoyoshi-shi,,,,上薩摩瀬町,カミサツマゼマチ,Kamisatsumazemachi,,,,,,,,0,0,0,0,0,0,1,1,1947-04-17,,0,8680013,,,,,,,,,,,,,,,
432032,0017000,1,熊本県,クマモトケン,Kumamoto,,,,人吉市,ヒトヨシシ,Hitoyoshi-shi,,,,上新町,カミシンマチ,Kamishimmachi,,,,,,,,0,0,0,0,0,0,1,1,1947-04-17,,0,8680032,,,,,,,,,,,,,,,
432032,0018000,1,熊本県,クマモトケン,Kumamoto,,,,人吉市,ヒトヨシシ,Hitoyoshi-shi,,,,上田代町,カミタシロマチ,Kamitashiromachi,,,,,,,,0,0,0,0,0,0,1,1,1947-04-17,,0,8680801,,,,,,,,,,,,,,,
432032,0020000,1,熊本県,クマモトケン,Kumamoto,,,,人吉市,ヒトヨシシ,Hitoyoshi-shi,,,,上永野町,カミナガノマチ,Kaminaganomachi,,,,,,,,0,0,0,0,0,0,1,1,1947-04-17,,0,8680073,,,,,,,,,,,,,,,
432032,0021000,1,熊本県,クマモトケン,Kumamoto,,,,人吉市,ヒトヨシシ,Hitoyoshi-shi,,,,上林町,カミバヤシマチ,Kamibayashimachi,,,,,,,,0,0,0,0,0,0,1,1,1947-04-17,,0,8680081,,,,,,,,,,,,,,,
432032,0023000,1,熊本県,クマモトケン,Kumamoto,,,,人吉市,ヒトヨシシ,Hitoyoshi-shi,,,,瓦屋町,カワラヤマチ,Kawarayamachi,,,,,,,,0,0,0,0,0,0,1,1,1947-04-17,,0,8680025,,,,,,,,,,,,,,,
432032,0024000,1,熊本県,クマモトケン,Kumamoto,,,,人吉市,ヒトヨシシ,Hitoyoshi-shi,,,,願成寺町,ガンジョウジマチ,Ganjojimachi,,,,,,,,0,0,0,0,0,0,1,1,1947-04-17,,0,8680022,,,,,,,,,,,,,,,
432032,0025000,1,熊本県,クマモトケン,Kumamoto,,,,人吉市,ヒトヨシシ,Hitoyoshi-shi,,,,蟹作町,ガンツクリマチ,Gantsukurimachi,,,,,,,,0,0,0,0,0,0,1,1,1947-04-17,,0,8680042,,,,,,,,,,,,,,,
432032,0026000,1,熊本県,クマモトケン,Kumamoto,,,,人吉市,ヒトヨシシ,Hitoyoshi-shi,,,,木地屋町,キジヤマチ,Kijiyamachi,,,,,,,,0,0,0,0,0,0,1,1,1947-04-17,,0,8680063,,,,,,,,,,,,,,,
432032,0027000,1,熊本県,クマモトケン,Kumamoto,,,,人吉市,ヒトヨシシ,Hitoyoshi-shi,,,,北泉田町,キタイズミダマチ,Kitaizumidamachi,,,,,,,,0,0,0,0,0,0,1,0,1947-04-17,,0,8680023,,,,,,,,,,,,,,,
432032,0028000,1,熊本県,クマモトケン,Kumamoto,,,,人吉市,ヒトヨシシ,Hitoyoshi-shi,,,,合ノ原町,ゴウノハルマチ,Gonoharumachi,,,,,,,,0,0,0,0,0,0,1,1,1947-04-17,,0,8680026,,,,,,,,,,,,,,,
432032,0029000,1,熊本県,クマモトケン,Kumamoto,,,,人吉市,ヒトヨシシ,Hitoyoshi-shi,,,,紺屋町,コウヤマチ,Koyamachi,,,,,,,,0,0,0,0,0,0,1,1,1947-04-17,,0,8680003,,,,,,,,,,,,,,,
432032,0030000,1,熊本県,クマモトケン,Kumamoto,,,,人吉市,ヒトヨシシ,Hitoyoshi-shi,,,,九日町,ココノカマチ,Kokonokamachi,,,,,,,,0,0,0,0,0,0,1,1,1947-04-17,,0,8680004,,,,,,,,,,,,,,,
432032,0031000,1,熊本県,クマモトケン,Kumamoto,,,,人吉市,ヒトヨシシ,Hitoyoshi-shi,,,,古仏頂町,コブッチョウマチ,Kobutsuchomachi,,,,,,,,0,0,0,0,0,0,1,1,1947-04-17,,0,8680062,,,,,,,,,,,,,,,
432032,0032000,1,熊本県,クマモトケン,Kumamoto,,,,人吉市,ヒトヨシシ,Hitoyoshi-shi,,,,駒井田町,コマイダマチ,Komaidamachi,,,,,,,,0,0,0,0,0,0,1,1,1947-04-17,,0,8680006,,,,,,,,,,,,,,,
432032,0033000,1,熊本県,クマモトケン,Kumamoto,,,,人吉市,ヒトヨシシ,Hitoyoshi-shi,,,,相良町,サガラマチ,Sagaramachi,,,,,,,,0,0,0,0,0,0,1,1,1947-04-17,,0,8680012,,,,,,,,,,,,,,,
432032,0034000,1,熊本県,クマモトケン,Kumamoto,,,,人吉市,ヒトヨシシ,Hitoyoshi-shi,,,,七地町,シチチマチ,Shichichimachi,,,,,,,,0,0,0,0,0,0,1,1,1947-04-17,,0,8680041,,,,,,,,,,,,,,,
432032,0035000,1,熊本県,クマモトケン,Kumamoto,,,,人吉市,ヒトヨシシ,Hitoyoshi-shi,,,,下青井町,シモアオイマチ,Shimoaoimachi,,,,,,,,0,0,0,0,0,0,1,1,1947-04-17,,0,8680007,,,,,,,,,,,,,,,
432032,0036000,1,熊本県,クマモトケン,Kumamoto,,,,人吉市,ヒトヨシシ,Hitoyoshi-shi,,,,下漆田町,シモウルシダマチ,Shimorushidamachi,,,,,,,,0,0,0,0,0,0,1,1,1947-04-17,,0,8680822,,,,,,,,,,,,,,,
432032,0037000,1,熊本県,クマモトケン,Kumamoto,,,,人吉市,ヒトヨシシ,Hitoyoshi-shi,,,,下薩摩瀬町,シモサツマゼマチ,Shimosatsumazemachi,,,,,,,,0,0,0,0,0,0,1,1,1947-04-17,,0,8680014,,,,,,,,,,,,,,,
432032,0038000,1,熊本県,クマモトケン,Kumamoto,,,,人吉市,ヒトヨシシ,Hitoyoshi-shi,,,,下城本町,シモシロモトマチ,Shimoshiromotomachi,,,,,,,,0,0,0,0,0,0,1,1,1947-04-17,,0,8680015,,,,,,,,,,,,,,,
432032,0039000,1,熊本県,クマモトケン,Kumamoto,,,,人吉市,ヒトヨシシ,Hitoyoshi-shi,,,,下新町,シモシンマチ,Shimoshimmachi,,,,,,,,0,0,0,0,0,0,1,1,1947-04-17,,0,8680033,,,,,,,,,,,,,,,
432032,0040000,1,熊本県,クマモトケン,Kumamoto,,,,人吉市,ヒトヨシシ,Hitoyoshi-shi,,,,下田代町,シモタシロマチ,Shimotashiromachi,,,,,,,,0,0,0,0,0,0,1,1,1947-04-17,,0,8680802,,,,,,,,,,,,,,,
432032,0041000,1,熊本県,クマモトケン,Kumamoto,,,,人吉市,ヒトヨシシ,Hitoyoshi-shi,,,,下戸越町,シモトゴエマチ,Shimotogoemachi,,,,,,,,0,0,0,0,0,0,1,1,1947-04-17,,0,8680077,,,,,,,,,,,,,,,
432032,0042000,1,熊本県,クマモトケン,Kumamoto,,,,人吉市,ヒトヨシシ,Hitoyoshi-shi,,,,下永野町,シモナガノマチ,Shimonaganomachi,,,,,,,,0,0,0,0,0,0,1,1,1947-04-17,,0,8680074,,,,,,,,,,,,,,,
432032,0043000,1,熊本県,クマモトケン,Kumamoto,,,,人吉市,ヒトヨシシ,Hitoyoshi-shi,,,,下林町,シモバヤシマチ,Shimobayashimachi,,,,,,,,0,0,0,0,0,0,1,1,1947-04-17,,0,8680083,,,,,,,,,,,,,,,
432032,0044000,1,熊本県,クマモトケン,Kumamoto,,,,人吉市,ヒトヨシシ,Hitoyoshi-shi,,,,城本町,シロモトマチ,Shiromotomachi,,,,,,,,0,0,0,0,0,0,1,1,1947-04-17,,0,8680016,,,,,,,,,,,,,,,
432032,0045000,1,熊本県,クマモトケン,Kumamoto,,,,人吉市,ヒトヨシシ,Hitoyoshi-shi,,,,新町,シンマチ,Shimmachi,,,,,,,,0,0,0,0,0,0,1,1,1947-04-17,,0,8680052,,,,,,,,,,,,,,,
432032,0046000,1,熊本県,クマモトケン,Kumamoto,,,,人吉市,ヒトヨシシ,Hitoyoshi-shi,,,,大工町,ダイクマチ,Daikumachi,,,,,,,,0,0,0,0,0,0,1,1,1947-04-17,,0,8680002,,,,,,,,,,,,,,,
432032,0047000,1,熊本県,クマモトケン,Kumamoto,,,,人吉市,ヒトヨシシ,Hitoyoshi-shi,,,,田野町,タノマチ,Tanomachi,,,,,,,,0,0,0,0,0,0,1,1,1947-04-17,,0,8680066,,,,,,,,,,,,,,,
432032,0048000,1,熊本県,クマモトケン,Kumamoto,,,,人吉市,ヒトヨシシ,Hitoyoshi-shi,,,,田町,タマチ,Tamachi,,,,,,,,0,0,0,0,0,0,1,1,1947-04-17,,0,8680054,,,,,,,,,,,,,,,
432032,0049000,1,熊本県,クマモトケン,Kumamoto,,,,人吉市,ヒトヨシシ,Hitoyoshi-shi,,,,段塔町,ダントウマチ,,,,,,,,,0,0,0,0,0,0,1,1,1947-04-17,,0,,,,,,,,,,,,,,,,
432032,0050000,1,熊本県,クマモトケン,Kumamoto,,,,人吉市,ヒトヨシシ,Hitoyoshi-shi,,,,鶴田町,ツルダマチ,Tsurudamachi,,,,,,,,0,0,0,0,0,0,1,1,1947-04-17,,0,8680024,,,,,,,,,,,,,,,
432032,0051000,1,熊本県,クマモトケン,Kumamoto,,,,人吉市,ヒトヨシシ,Hitoyoshi-shi,,,,寺町,テラマチ,Teramachi,,,,,,,,0,0,0,0,0,0,1,1,1947-04-17,,0,8680056,,,,,,,,,,,,,,,
432032,0052000,1,熊本県,クマモトケン,Kumamoto,,,,人吉市,ヒトヨシシ,Hitoyoshi-shi,,,,土手町,ドテマチ,Dotemachi,,,,,,,,0,0,0,0,0,0,1,1,1947-04-17,,0,8680057,,,,,,,,,,,,,,,
432032,0053000,1,熊本県,クマモトケン,Kumamoto,,,,人吉市,ヒトヨシシ,Hitoyoshi-shi,,,,富ケ尾町,トミガオマチ,Tomigaomachi,,,,,,,,0,0,0,0,0,0,1,1,1947-04-17,,0,8680048,,,,,,,,,,,,,,,
432032,0054000,1,熊本県,クマモトケン,Kumamoto,,,,人吉市,ヒトヨシシ,Hitoyoshi-shi,,,,中青井町,ナカアオイマチ,Nakaaoimachi,,,,,,,,0,0,0,0,0,0,1,1,1947-04-17,,0,8680008,,,,,,,,,,,,,,,
432032,0056000,1,熊本県,クマモトケン,Kumamoto,,,,人吉市,ヒトヨシシ,Hitoyoshi-shi,,,,中城町,ナカジョウマチ,,,,,,,,,0,0,0,0,0,0,1,1,1947-04-17,,0,,,,,,,,,,,,,,,,
432032,0057000,1,熊本県,クマモトケン,Kumamoto,,,,人吉市,ヒトヨシシ,Hitoyoshi-shi,,,,中林町,ナカバヤシマチ,Nakabayashimachi,,,,,,,,0,0,0,0,0,0,1,1,1947-04-17,,0,8680082,,,,,,,,,,,,,,,
432032,0058000,1,熊本県,クマモトケン,Kumamoto,,,,人吉市,ヒトヨシシ,Hitoyoshi-shi,,,,七日町,ナヌカマチ,Nanukamachi,,,,,,,,0,0,0,0,0,0,1,1,1947-04-17,,0,8680034,,,,,,,,,,,,,,,
432032,0059000,1,熊本県,クマモトケン,Kumamoto,,,,人吉市,ヒトヨシシ,Hitoyoshi-shi,,,,浪床町,ナミトコマチ,Namitokomachi,,,,,,,,0,0,0,0,0,0,1,1,1947-04-17,,0,8680045,,,,,,,,,,,,,,,
432032,0060000,1,熊本県,クマモトケン,Kumamoto,,,,人吉市,ヒトヨシシ,Hitoyoshi-shi,,,,西間上町,ニシアイダカミマチ,Nishiaida Kamimachi,,,,,,,,0,0,0,0,0,0,1,1,1947-04-17,,0,8680071,,,,,,,,,,,,,,,
432032,0061000,1,熊本県,クマモトケン,Kumamoto,,,,人吉市,ヒトヨシシ,Hitoyoshi-shi,,,,西間下町,ニシアイダシモマチ,Nishiaida Shimomachi,,,,,,,,0,0,0,0,0,0,1,1,1947-04-17,,0,8680072,,,,,,,,,,,,,,,
432032,0062000,1,熊本県,クマモトケン,Kumamoto,,,,人吉市,ヒトヨシシ,Hitoyoshi-shi,,,,西大塚町,ニシオオツカマチ,Nishiotsukamachi,,,,,,,,0,0,0,0,0,0,1,1,1947-04-17,,0,8680065,,,,,,,,,,,,,,,
432032,0063000,1,熊本県,クマモトケン,Kumamoto,,,,人吉市,ヒトヨシシ,Hitoyoshi-shi,,,,二日町,ニノマチ,Ninomachi,,,,,,,,0,0,0,0,0,0,1,1,1947-04-17,,0,8680036,,,,,,,,,,,,,,,
432032,0064000,1,熊本県,クマモトケン,Kumamoto,,,,人吉市,ヒトヨシシ,Hitoyoshi-shi,,,,灰久保町,ハイクボマチ,Haikubomachi,,,,,,,,0,0,0,0,0,0,1,1,1947-04-17,,0,8680058,,,,,,,,,,,,,,,
432032,0065000,1,熊本県,クマモトケン,Kumamoto,,,,人吉市,ヒトヨシシ,Hitoyoshi-shi,,,,原城町,ハラノジョウマチ,Haranojomachi,,,,,,,,0,0,0,0,0,0,1,1,1947-04-17,,0,8680046,,,,,,,,,,,,,,,
432032,0066000,1,熊本県,クマモトケン,Kumamoto,,,,人吉市,ヒトヨシシ,Hitoyoshi-shi,,,,東間上町,ヒガシアイダカミマチ,Higashiaida Kamimachi,,,,,,,,0,0,0,0,0,0,1,1,1947-04-17,,0,8680043,,,,,,,,,,,,,,,
432032,0067000,1,熊本県,クマモトケン,Kumamoto,,,,人吉市,ヒトヨシシ,Hitoyoshi-shi,,,,東間下町,ヒガシアイダシモマチ,Higashiaida Shimomachi,,,,,,,,0,0,0,0,0,0,1,1,1947-04-17,,0,8680044,,,,,,,,,,,,,,,
432032,0068000,1,熊本県,クマモトケン,Kumamoto,,,,人吉市,ヒトヨシシ,Hitoyoshi-shi,,,,東漆田町,ヒガシウルシダマチ,Higashiurushidamachi,,,,,,,,0,0,0,0,0,0,1,1,1947-04-17,,0,8680823,,,,,,,,,,,,,,,
432032,0069000,1,熊本県,クマモトケン,Kumamoto,,,,人吉市,ヒトヨシシ,Hitoyoshi-shi,,,,東大塚町,ヒガシオオツカマチ,Higashiotsukamachi,,,,,,,,0,0,0,0,0,0,1,1,1947-04-17,,0,8680064,,,,,,,,,,,,,,,
432032,0070000,1,熊本県,クマモトケン,Kumamoto,,,,人吉市,ヒトヨシシ,Hitoyoshi-shi,,,,麓町,フモトマチ,Fumotomachi,,,,,,,,0,0,0,0,0,0,1,1,1947-04-17,,0,8680051,,,,,,,,,,,,,,,
432032,0071000,1,熊本県,クマモトケン,Kumamoto,,,,人吉市,ヒトヨシシ,Hitoyoshi-shi,,,,宝来町,ホウライマチ,Horaimachi,,,,,,,,0,0,0,0,0,0,1,1,1947-04-17,,0,8680011,,,,,,,,,,,,,,,
432032,0072000,1,熊本県,クマモトケン,Kumamoto,,,,人吉市,ヒトヨシシ,Hitoyoshi-shi,,,,南泉田町,ミナミイズミダマチ,Minamiizumidamachi,,,,,,,,0,0,0,0,0,0,1,1,1947-04-17,,0,8680037,,,,,,,,,,,,,,,
432032,0073000,1,熊本県,クマモトケン,Kumamoto,,,,人吉市,ヒトヨシシ,Hitoyoshi-shi,,,,南町,ミナミマチ,Minamimachi,,,,,,,,0,0,0,0,0,0,1,1,1947-04-17,,0,8680055,,,,,,,,,,,,,,,
432032,0074000,1,熊本県,クマモトケン,Kumamoto,,,,人吉市,ヒトヨシシ,Hitoyoshi-shi,,,,蓑野町,ミノノマチ,Minonomachi,,,,,,,,0,0,0,0,0,0,1,1,1947-04-17,,0,8680061,,,,,,,,,,,,,,,
432032,0075000,1,熊本県,クマモトケン,Kumamoto,,,,人吉市,ヒトヨシシ,Hitoyoshi-shi,,,,矢黒町,ヤグロマチ,Yaguromachi,,,,,,,,0,0,0,0,0,0,1,1,1947-04-17,,0,8680075,,,,,,,,,,,,,,,
432032,0076000,1,熊本県,クマモトケン,Kumamoto,,,,人吉市,ヒトヨシシ,Hitoyoshi-shi,,,,矢岳町,ヤタケマチ,Yatakemachi,,,,,,,,0,0,0,0,0,0,1,1,1947-04-17,,0,8680813,,,,,,,,,,,,,,,
432032,0077000,1,熊本県,クマモトケン,Kumamoto,,,,人吉市,ヒトヨシシ,Hitoyoshi-shi,,,,下原田町字羽田,シモハラダマチアザハネタ,,,,,,,,,0,0,0,0,0,0,1,1,1947-04-17,,0,,,,,,,,,,,,,,,,
432032,0078000,1,熊本県,クマモトケン,Kumamoto,,,,人吉市,ヒトヨシシ,Hitoyoshi-shi,,,,上原田町字牛塚,カミハラダマチアザウシヅカ,,,,,,,,,0,0,0,0,0,0,1,1,1947-04-17,,0,,,,,,,,,,,,,,,,
432032,0079000,1,熊本県,クマモトケン,Kumamoto,,,,人吉市,ヒトヨシシ,Hitoyoshi-shi,,,,中神町字小柿,ナカガミマチアザコカキ,,,,,,,,,0,0,0,0,0,0,1,1,1947-04-17,,0,,,,,,,,,,,,,,,,
432032,0080000,1,熊本県,クマモトケン,Kumamoto,,,,人吉市,ヒトヨシシ,Hitoyoshi-shi,,,,下原田町字瓜生田,シモハラダマチアザウリュウダ,,,,,,,,,0,0,0,0,0,0,1,1,1947-04-17,,0,,,,,,,,,,,,,,,,
432032,0081000,1,熊本県,クマモトケン,Kumamoto,,,,人吉市,ヒトヨシシ,Hitoyoshi-shi,,,,下原田町字荒毛,シモハラダマチアザアラケ,,,,,,,,,0,0,0,0,0,0,1,1,1947-04-17,,0,,,,,,,,,,,,,,,,
432032,0082000,1,熊本県,クマモトケン,Kumamoto,,,,人吉市,ヒトヨシシ,Hitoyoshi-shi,,,,下原田町字嵯峨里,シモハラダマチアザサガリ,,,,,,,,,0,0,0,0,0,0,1,1,1947-04-17,,0,,,,,,,,,,,,,,,,
432032,0083000,1,熊本県,クマモトケン,Kumamoto,,,,人吉市,ヒトヨシシ,Hitoyoshi-shi,,,,下原田町字上野,シモハラダマチアザウエノ,,,,,,,,,0,0,0,0,0,0,1,1,1947-04-17,,0,,,,,,,,,,,,,,,,
432032,0084000,1,熊本県,クマモトケン,Kumamoto,,,,人吉市,ヒトヨシシ,Hitoyoshi-shi,,,,下原田町字西門,シモハラダマチアザニシモン,,,,,,,,,0,0,0,0,0,0,1,1,1947-04-17,,0,,,,,,,,,,,,,,,,
432032,0085000,1,熊本県,クマモトケン,Kumamoto,,,,人吉市,ヒトヨシシ,Hitoyoshi-shi,,,,下原田町字堀,シモハラダマチアザホリ,,,,,,,,,0,0,0,0,0,0,1,1,1947-04-17,,0,,,,,,,,,,,,,,,,
432032,0086000,1,熊本県,クマモトケン,Kumamoto,,,,人吉市,ヒトヨシシ,Hitoyoshi-shi,,,,上原田町字菖蒲,カミハラダマチアザショウブ,,,,,,,,,0,0,0,0,0,0,1,1,1947-04-17,,0,,,,,,,,,,,,,,,,
432032,0087000,1,熊本県,クマモトケン,Kumamoto,,,,人吉市,ヒトヨシシ,Hitoyoshi-shi,,,,上原田町字上原,カミハラダマチアザウエハラ,,,,,,,,,0,0,0,0,0,0,1,1,1947-04-17,,0,,,,,,,,,,,,,,,,
432032,0088000,1,熊本県,クマモトケン,Kumamoto,,,,人吉市,ヒトヨシシ,Hitoyoshi-shi,,,,上原田町字馬草野,カミハラダマチアザマソウノ,,,,,,,,,0,0,0,0,0,0,1,1,1947-04-17,,0,,,,,,,,,,,,,,,,
432032,0089000,1,熊本県,クマモトケン,Kumamoto,,,,人吉市,ヒトヨシシ,Hitoyoshi-shi,,,,上原田町字馬氷,カミハラダマチアザマゴオリ,,,,,,,,,0,0,0,0,0,0,1,1,1947-04-17,,0,,,,,,,,,,,,,,,,
432032,0090000,1,熊本県,クマモトケン,Kumamoto,,,,人吉市,ヒトヨシシ,Hitoyoshi-shi,,,,上原田町字尾曲,カミハラダマチアザオマガリ,,,,,,,,,0,0,0,0,0,0,1,1,1947-04-17,,0,,,,,,,,,,,,,,,,
432032,0091000,1,熊本県,クマモトケン,Kumamoto,,,,人吉市,ヒトヨシシ,Hitoyoshi-shi,,,,上原田町字尾崎,カミハラダマチアザオザキ,,,,,,,,,0,0,0,0,0,0,1,0,1947-04-17,,1,,,,,,,,,,,,,,,,
432032,0092000,1,熊本県,クマモトケン,Kumamoto,,,,人吉市,ヒトヨシシ,Hitoyoshi-shi,,,,上戸越町,カミトゴエマチ,,,,,,,,,0,0,0,0,0,0,1,0,1947-04-17,,1,,,,,,,,,,,,,,,,
432032,0093000,1,熊本県,クマモトケン,Kumamoto,,,,人吉市,ヒトヨシシ,Hitoyoshi-shi,,,,中神町字城本,ナカガミマチアザシロモト,,,,,,,,,0,0,0,0,0,0,1,1,1947-04-17,,0,,,,,,,,,,,,,,,,
432032,0094000,1,熊本県,クマモトケン,Kumamoto,,,,人吉市,ヒトヨシシ,Hitoyoshi-shi,,,,中神町字大柿,ナカガミマチアザオオカキ,,,,,,,,,0,0,0,0,0,0,1,1,1947-04-17,,0,,,,,,,,,,,,,,,,
432032,0095000,1,熊本県,クマモトケン,Kumamoto,,,,人吉市,ヒトヨシシ,Hitoyoshi-shi,,,,中神町字段,ナカガミマチアザダン,,,,,,,,,0,0,0,0,0,0,1,1,1947-04-17,,0,,,,,,,,,,,,,,,,
432032,0096000,1,熊本県,クマモトケン,Kumamoto,,,,人吉市,ヒトヨシシ,Hitoyoshi-shi,,,,中神町字段山,ナカガミマチアザダンヤマ,,,,,,,,,0,0,0,0,0,0,1,1,1947-04-17,,0,,,,,,,,,,,,,,,,
432032,0097000,1,熊本県,クマモトケン,Kumamoto,,,,人吉市,ヒトヨシシ,Hitoyoshi-shi,,,,中神町字馬場,ナカガミマチアザババ,,,,,,,,,0,0,0,0,0,0,1,1,1947-04-17,,0,,,,,,,,,,,,,,,,
432032,0100000,1,熊本県,クマモトケン,Kumamoto,,,,人吉市,ヒトヨシシ,Hitoyoshi-shi,,,,北願成寺町,,,,,,,,,,0,0,1,0,0,0,1,0,1947-04-17,,1,,,,,,,,,,,,,,,,
432032,0101000,1,熊本県,クマモトケン,Kumamoto,,,,人吉市,ヒトヨシシ,Hitoyoshi-shi,,,,南願成寺町,,,,,,,,,,0,0,1,0,0,0,1,0,1947-04-17,,1,,,,,,,,,,,,,,,,
432041,0001000,1,熊本県,クマモトケン,Kumamoto,,,,荒尾市,アラオシ,Arao-shi,,,,荒尾,アラオ,Arao,,,,,,,,0,0,0,0,0,0,1,1,1947-04-17,,0,8640041,,,,,,,,,,,,,,,
432041,0002000,1,熊本県,クマモトケン,Kumamoto,,,,荒尾市,アラオシ,Arao-shi,,,,一部,イチブ,Ichibu,,,,,,,,0,0,0,0,0,0,1,1,1947-04-17,,0,8640021,,,,,,,,,,,,,,,
432041,0003000,1,熊本県,クマモトケン,Kumamoto,,,,荒尾市,アラオシ,Arao-shi,,,,牛水,ウシノミズ,Ushinomizu,,,,,,,,0,0,0,0,0,0,1,1,1947-04-17,,0,8640026,,,,,,,,,,,,,,,
432041,0004000,1,熊本県,クマモトケン,Kumamoto,,,,荒尾市,アラオシ,Arao-shi,,,,大島,オオシマ,Oshima,,,,,,,,0,0,0,0,0,0,1,1,1947-04-17,,0,8640057,,,,,,,,,,,,,,,
432041,0005003,2,熊本県,クマモトケン,Kumamoto,,,,荒尾市,アラオシ,Arao-shi,,,,大島町,オオシママチ,Oshimamachi,三丁目,３チョウメ,3,,,,,1,1,0,0,0,0,1,1,1947-04-17,,0,,,,,,,,,,,,,,,,
432041,0005004,2,熊本県,クマモトケン,Kumamoto,,,,荒尾市,アラオシ,Arao-shi,,,,大島町,オオシママチ,Oshimamachi,四丁目,４チョウメ,4,,,,,1,1,0,0,0,0,1,1,1947-04-17,,0,,,,,,,,,,,,,,,,
432041,0006001,2,熊本県,クマモトケン,Kumamoto,,,,荒尾市,アラオシ,Arao-shi,,,,大平町,オオヒラマチ,Ohiramachi,一丁目,１チョウメ,1,,,,,0,0,0,0,0,0,1,1,1947-04-17,,0,,,,,,,,,,,,,,,,
432041,0006002,2,熊本県,クマモトケン,Kumamoto,,,,荒尾市,アラオシ,Arao-shi,,,,大平町,オオヒラマチ,Ohiramachi,二丁目,２チョウメ,2,,,,,0,0,0,0,0,0,1,1,1947-04-17,,0,,,,,,,,,,,,,,,,
432041,0006003,2,熊本県,クマモトケン,Kumamoto,,,,荒尾市,アラオシ,Arao-shi,,,,大平町,オオヒラマチ,Ohiramachi,三丁目,３チョウメ,3,,,,,0,0,0,0,0,0,1,1,1947-04-17,,0,,,,,,,,,,,,,,,,
432041,0007000,1,熊本県,クマモトケン,Kumamoto,,,,荒尾市,アラオシ,Arao-shi,,,,金山,カナヤマ,Kanayama,,,,,,,,0,0,0,0,0,0,1,1,1947-04-17,,0,8640162,,,,,,,,,,,,,,,
432041,0008000,1,熊本県,クマモトケン,Kumamoto,,,,荒尾市,アラオシ,Arao-shi,,,,樺,カバ,Kaba,,,,,,,,0,0,0,0,0,0,1,1,1947-04-17,,0,8640165,,,,,,,,,,,,,,,
432041,0009000,1,熊本県,クマモトケン,Kumamoto,,,,荒尾市,アラオシ,Arao-shi,,,,上井手,カミイデ,Kamiide,,,,,,,,0,0,0,0,0,0,1,1,1947-04-17,,0,8640013,,,,,,,,,,,,,,,
432041,0010000,1,熊本県,クマモトケン,Kumamoto,,,,荒尾市,アラオシ,Arao-shi,,,,上平山,カミヒラヤマ,Kamihirayama,,,,,,,,0,0,0,0,0,0,1,1,1947-04-17,,0,8640014,,,,,,,,,,,,,,,
432041,0011000,1,熊本県,クマモトケン,Kumamoto,,,,荒尾市,アラオシ,Arao-shi,,,,川登,カワノボリ,,,,,,,,,0,0,0,0,0,0,1,1,1947-04-17,,0,,,,,,,,,,,,,,,,
432041,0013000,1,熊本県,クマモトケン,Kumamoto,,,,荒尾市,アラオシ,Arao-shi,,,,宮内出目,クナイデメ,Kunaideme,,,,,,,,0,0,0,0,0,0,1,1,1947-04-17,,0,8640003,,,,,,,,,,,,,,,
432041,0015000,1,熊本県,クマモトケン,Kumamoto,,,,荒尾市,アラオシ,Arao-shi,,,,菰屋,コモヤ,Komoya,,,,,,,,0,0,0,0,0,0,1,1,1947-04-17,,0,8640161,,,,,,,,,,,,,,,
432041,0016001,2,熊本県,クマモトケン,Kumamoto,,,,荒尾市,アラオシ,Arao-shi,,,,桜山町,サクラヤママチ,Sakurayamamachi,一丁目,１チョウメ,1,,,,,1,1,0,0,0,0,1,1,1947-04-17,,0,,,,,,,,,,,,,,,,
432041,0016002,2,熊本県,クマモトケン,Kumamoto,,,,荒尾市,アラオシ,Arao-shi,,,,桜山町,サクラヤママチ,Sakurayamamachi,二丁目,２チョウメ,2,,,,,1,1,0,0,0,0,1,1,1947-04-17,,0,,,,,,,,,,,,,,,,
432041,0016003,2,熊本県,クマモトケン,Kumamoto,,,,荒尾市,アラオシ,Arao-shi,,,,桜山町,サクラヤママチ,Sakurayamamachi,三丁目,３チョウメ,3,,,,,1,1,0,0,0,0,1,1,1947-04-17,,0,,,,,,,,,,,,,,,,
432041,0016004,2,熊本県,クマモトケン,Kumamoto,,,,荒尾市,アラオシ,Arao-shi,,,,桜山町,サクラヤママチ,Sakurayamamachi,四丁目,４チョウメ,4,,,,,1,1,0,0,0,0,1,1,1947-04-17,,0,,,,,,,,,,,,,,,,
432041,0017000,1,熊本県,クマモトケン,Kumamoto,,,,荒尾市,アラオシ,Arao-shi,,,,下井手,シモイデ,Shimoide,,,,,,,,0,0,0,0,0,0,1,1,1947-04-17,,0,8640011,,,,,,,,,,,,,,,
432041,0018000,1,熊本県,クマモトケン,Kumamoto,,,,荒尾市,アラオシ,Arao-shi,,,,昭和町,ショウワマチ,Showamachi,,,,,,,,1,1,0,0,0,0,1,1,1947-04-17,,0,8640056,,,,,,,,,,,,,,,
432041,0019000,1,熊本県,クマモトケン,Kumamoto,,,,荒尾市,アラオシ,Arao-shi,,,,住吉町,スミヨシマチ,Sumiyoshimachi,,,,,,,,0,0,0,0,0,0,1,1,1947-04-17,,0,8640006,,,,,,,,,,,,,,,
432041,0020001,2,熊本県,クマモトケン,Kumamoto,,,,荒尾市,アラオシ,Arao-shi,,,,大正町,タイショウマチ,Taishomachi,一丁目,１チョウメ,1,,,,,0,0,0,0,0,0,1,1,1947-04-17,,0,,,,,,,,,,,,,,,,
432041,0020001,2,熊本県,クマモトケン,Kumamoto,,,,荒尾市,アラオシ,Arao-shi,,,,大正町,タイショウマチ,Taishomachi,一丁目,１チョウメ,1,,,,,1,1,0,0,0,0,1,1,1947-04-17,,0,,,,,,,,,,,,,,,,
432041,0020002,2,熊本県,クマモトケン,Kumamoto,,,,荒尾市,アラオシ,Arao-shi,,,,大正町,タイショウマチ,Taishomachi,二丁目,２チョウメ,2,,,,,1,1,0,0,0,0,1,1,1947-04-17,,0,,,,,,,,,,,,,,,,
432041,0021000,1,熊本県,クマモトケン,Kumamoto,,,,荒尾市,アラオシ,Arao-shi,,,,高浜,タカハマ,Takahama,,,,,,,,0,0,0,0,0,0,1,1,1947-04-17,,0,8640025,,,,,,,,,,,,,,,
432041,0022001,2,熊本県,クマモトケン,Kumamoto,,,,荒尾市,アラオシ,Arao-shi,,,,西原町,ニシバルマチ,Nishibarumachi,一丁目,１チョウメ,1,,,,,1,1,0,0,0,0,1,1,1947-04-17,,0,,,,,,,,,,,,,,,,
432041,0022002,2,熊本県,クマモトケン,Kumamoto,,,,荒尾市,アラオシ,Arao-shi,,,,西原町,ニシバルマチ,Nishibarumachi,二丁目,２チョウメ,2,,,,,1,1,0,0,0,0,1,1,1947-04-17,,0,,,,,,,,,,,,,,,,
432041,0022003,2,熊本県,クマモトケン,Kumamoto,,,,荒尾市,アラオシ,Arao-shi,,,,西原町,ニシバルマチ,Nishibarumachi,三丁目,３チョウメ,3,,,,,1,1,0,0,0,0,1,1,1947-04-17,,0,,,,,,,,,,,,,,,,
432041,0023000,1,熊本県,クマモトケン,Kumamoto,,,,荒尾市,アラオシ,Arao-shi,,,,野原,ノバラ,Nobara,,,,,,,,0,0,0,0,0,0,1,1,1947-04-17,,0,8640163,,,,,,,,,,,,,,,
432041,0024001,2,熊本県,クマモトケン,Kumamoto,,,,荒尾市,アラオシ,Arao-shi,,,,八幡台,ハチマンダイ,Hachimandai,一丁目,１チョウメ,1,,,,,1,1,0,0,0,0,1,1,1947-04-17,,0,,,,,,,,,,,,,,,,
432041,0024002,2,熊本県,クマモトケン,Kumamoto,,,,荒尾市,アラオシ,Arao-shi,,,,八幡台,ハチマンダイ,Hachimandai,二丁目,２チョウメ,2,,,,,1,1,0,0,0,0,1,1,1947-04-17,,0,,,,,,,,,,,,,,,,
432041,0024003,2,熊本県,クマモトケン,Kumamoto,,,,荒尾市,アラオシ,Arao-shi,,,,八幡台,ハチマンダイ,Hachimandai,三丁目,３チョウメ,3,,,,,1,1,0,0,0,0,1,1,1947-04-17,,0,,,,,,,,,,,,,,,,
432041,0024004,2,熊本県,クマモトケン,Kumamoto,,,,荒尾市,アラオシ,Arao-shi,,,,八幡台,ハチマンダイ,Hachimandai,四丁目,４チョウメ,4,,,,,1,1,0,0,0,0,1,1,1947-04-17,,0,,,,,,,,,,,,,,,,
432041,0025000,1,熊本県,クマモトケン,Kumamoto,,,,荒尾市,アラオシ,Arao-shi,,,,原万田,ハラマンダ,Haramanda,,,,,,,,0,0,0,0,0,0,1,1,1947-04-17,,0,8640001,,,,,,,,,,,,,,,
432041,0026001,2,熊本県,クマモトケン,Kumamoto,,,,荒尾市,アラオシ,Arao-shi,,,,東屋形,ヒガシヤカタ,Higashiyakata,一丁目,１チョウメ,1,,,,,0,0,0,0,0,0,1,1,1947-04-17,,0,,,,,,,,,,,,,,,,
432041,0026002,2,熊本県,クマモトケン,Kumamoto,,,,荒尾市,アラオシ,Arao-shi,,,,東屋形,ヒガシヤカタ,Higashiyakata,二丁目,２チョウメ,2,,,,,0,0,0,0,0,0,1,1,1947-04-17,,0,,,,,,,,,,,,,,,,
432041,0026003,2,熊本県,クマモトケン,Kumamoto,,,,荒尾市,アラオシ,Arao-shi,,,,東屋形,ヒガシヤカタ,Higashiyakata,三丁目,３チョウメ,3,,,,,0,0,0,0,0,0,1,1,1947-04-17,,0,,,,,,,,,,,,,,,,
432041,0026004,2,熊本県,クマモトケン,Kumamoto,,,,荒尾市,アラオシ,Arao-shi,,,,東屋形,ヒガシヤカタ,Higashiyakata,四丁目,４チョウメ,4,,,,,0,0,0,0,0,0,1,1,1947-04-17,,0,,,,,,,,,,,,,,,,
432041,0027000,1,熊本県,クマモトケン,Kumamoto,,,,荒尾市,アラオシ,Arao-shi,,,,日の出町,ヒノデマチ,Hinodemachi,,,,,,,,0,0,0,0,0,0,1,1,1947-04-17,,0,8640055,,,,,,,,,,,,,,,
432041,0027000,1,熊本県,クマモトケン,Kumamoto,,,,荒尾市,アラオシ,Arao-shi,,,,日の出町,ヒノデマチ,Hinodemachi,,,,,,,,1,1,0,0,0,0,1,1,1947-04-17,,0,8640055,,,,,,,,,,,,,,,
432041,0028000,1,熊本県,クマモトケン,Kumamoto,,,,荒尾市,アラオシ,Arao-shi,,,,平山,ヒラヤマ,Hirayama,,,,,,,,0,0,0,0,0,0,1,1,1947-04-17,,0,8640015,,,,,,,,,,,,,,,
432041,0030000,1,熊本県,クマモトケン,Kumamoto,,,,荒尾市,アラオシ,Arao-shi,,,,本井手,ホンイデ,Honide,,,,,,,,0,0,0,0,0,0,1,1,1947-04-17,,0,8640012,,,,,,,,,,,,,,,
432041,0031000,1,熊本県,クマモトケン,Kumamoto,,,,荒尾市,アラオシ,Arao-shi,,,,増永,マスナガ,Masunaga,,,,,,,,0,0,0,0,0,0,1,1,1947-04-17,,0,8640032,,,,,,,,,,,,,,,
432041,0032000,1,熊本県,クマモトケン,Kumamoto,,,,荒尾市,アラオシ,Arao-shi,,,,万田,マンダ,Manda,,,,,,,,0,0,0,0,0,0,1,1,1947-04-17,,0,8640002,,,,,,,,,,,,,,,
432041,0033000,1,熊本県,クマモトケン,Kumamoto,,,,荒尾市,アラオシ,Arao-shi,,,,水野,ミズノ,Mizuno,,,,,,,,0,0,0,0,0,0,1,1,1947-04-17,,0,8640023,,,,,,,,,,,,,,,
432041,0034001,2,熊本県,クマモトケン,Kumamoto,,,,荒尾市,アラオシ,Arao-shi,,,,緑ケ丘,ミドリガオカ,Midorigaoka,一丁目,１チョウメ,1,,,,,0,0,0,0,0,0,1,1,1947-04-17,,0,,,,,,,,,,,,,,,,
432041,0034002,2,熊本県,クマモトケン,Kumamoto,,,,荒尾市,アラオシ,Arao-shi,,,,緑ケ丘,ミドリガオカ,Midorigaoka,二丁目,２チョウメ,2,,,,,0,0,0,0,0,0,1,1,1947-04-17,,0,,,,,,,,,,,,,,,,
432041,0034003,2,熊本県,クマモトケン,Kumamoto,,,,荒尾市,アラオシ,Arao-shi,,,,緑ケ丘,ミドリガオカ,Midorigaoka,三丁目,３チョウメ,3,,,,,0,0,0,0,0,0,1,1,1947-04-17,,0,,,,,,,,,,,,,,,,
432041,0034004,2,熊本県,クマモトケン,Kumamoto,,,,荒尾市,アラオシ,Arao-shi,,,,緑ケ丘,ミドリガオカ,Midorigaoka,四丁目,４チョウメ,4,,,,,0,0,0,0,0,0,1,1,1947-04-17,,0,,,,,,,,,,,,,,,,
432041,0034005,2,熊本県,クマモトケン,Kumamoto,,,,荒尾市,アラオシ,Arao-shi,,,,緑ケ丘,ミドリガオカ,Midorigaoka,五丁目,５チョウメ,5,,,,,0,0,0,0,0,0,1,1,1947-04-17,,0,,,,,,,,,,,,,,,,
432041,0035001,2,熊本県,クマモトケン,Kumamoto,,,,荒尾市,アラオシ,Arao-shi,,,,四ツ山町,ヨツヤママチ,Yotsuyamamachi,一丁目,１チョウメ,1,,,,,1,1,0,0,0,0,1,1,1947-04-17,,0,,,,,,,,,,,,,,,,
432041,0035002,2,熊本県,クマモトケン,Kumamoto,,,,荒尾市,アラオシ,Arao-shi,,,,四ツ山町,ヨツヤママチ,Yotsuyamamachi,二丁目,２チョウメ,2,,,,,1,1,0,0,0,0,1,1,1947-04-17,,0,,,,,,,,,,,,,,,,
432041,0035003,2,熊本県,クマモトケン,Kumamoto,,,,荒尾市,アラオシ,Arao-shi,,,,四ツ山町,ヨツヤママチ,Yotsuyamamachi,三丁目,３チョウメ,3,,,,,1,1,0,0,0,0,1,1,1947-04-17,,0,,,,,,,,,,,,,,,,
432041,0036000,1,熊本県,クマモトケン,Kumamoto,,,,荒尾市,アラオシ,Arao-shi,,,,宮内,クナイ,,,,,,,,,0,0,0,0,0,0,1,0,1947-04-17,,1,,,,,,,,,,,,,,,,
432041,0037000,1,熊本県,クマモトケン,Kumamoto,,,,荒尾市,アラオシ,Arao-shi,,,,蔵満,クラミツ,,,,,,,,,0,0,0,0,0,0,1,0,1947-04-17,,1,,,,,,,,,,,,,,,,
432041,0038000,1,熊本県,クマモトケン,Kumamoto,,,,荒尾市,アラオシ,Arao-shi,,,,府本,フモト,,,,,,,,,0,0,0,0,0,0,1,0,1947-04-17,,1,,,,,,,,,,,,,,,,
432041,0039000,1,熊本県,クマモトケン,Kumamoto,,,,荒尾市,アラオシ,Arao-shi,,,,みどり,ミドリ,,,,,,,,,0,0,0,0,0,0,1,0,1947-04-17,,1,,,,,,,,,,,,,,,,
432041,0040001,2,熊本県,クマモトケン,Kumamoto,,,,荒尾市,アラオシ,Arao-shi,,,,海陽町,カイヨウチョウ,Kaiyocho,一丁目,１チョウメ,1,,,,,0,0,0,0,0,0,1,0,2025-11-01,,1,,,,,,,,,,,,,,,,
432041,0040002,2,熊本県,クマモトケン,Kumamoto,,,,荒尾市,アラオシ,Arao-shi,,,,海陽町,カイヨウチョウ,Kaiyocho,二丁目,２チョウメ,2,,,,,0,0,0,0,0,0,1,0,2025-11-01,,1,,,,,,,,,,,,,,,,
432041,0040003,2,熊本県,クマモトケン,Kumamoto,,,,荒尾市,アラオシ,Arao-shi,,,,海陽町,カイヨウチョウ,Kaiyocho,三丁目,３チョウメ,3,,,,,0,0,0,0,0,0,1,0,2025-11-01,,1,,,,,,,,,,,,,,,,
432059,0001001,2,熊本県,クマモトケン,Kumamoto,,,,水俣市,ミナマタシ,Minamata-shi,,,,旭町,アサヒマチ,Asahimachi,１丁目,１チョウメ,1,,,,,1,1,0,0,0,0,1,1,1947-04-17,,0,,,,,,,,,,,,,,,,
432059,0001002,2,熊本県,クマモトケン,Kumamoto,,,,水俣市,ミナマタシ,Minamata-shi,,,,旭町,アサヒマチ,Asahimachi,２丁目,２チョウメ,2,,,,,1,1,0,0,0,0,1,1,1947-04-17,,0,,,,,,,,,,,,,,,,
432059,0002000,1,熊本県,クマモトケン,Kumamoto,,,,水俣市,ミナマタシ,Minamata-shi,,,,洗切町,アライキリマチ,Araikirimachi,,,,,,,,1,1,0,0,0,0,1,1,1947-04-17,,0,8670063,,,,,,,,,,,,,,,
432059,0003000,1,熊本県,クマモトケン,Kumamoto,,,,水俣市,ミナマタシ,Minamata-shi,,,,石坂川,イシザカガワ,Ishizakagawa,,,,,,,,0,0,0,0,0,0,1,1,1947-04-17,,0,8670174,,,,,,,,,,,,,,,
432059,0004000,1,熊本県,クマモトケン,Kumamoto,,,,水俣市,ミナマタシ,Minamata-shi,,,,市渡瀬,イチワタセ,Ichiwatase,,,,,,,,0,0,0,0,0,0,1,1,1947-04-17,,0,8670172,,,,,,,,,,,,,,,
432059,0005001,2,熊本県,クマモトケン,Kumamoto,,,,水俣市,ミナマタシ,Minamata-shi,,,,梅戸町,ウメドチョウ,Umedocho,１丁目,１チョウメ,1,,,,,1,1,0,0,0,0,1,1,1947-04-17,,0,,,,,,,,,,,,,,,,
432059,0005002,2,熊本県,クマモトケン,Kumamoto,,,,水俣市,ミナマタシ,Minamata-shi,,,,梅戸町,ウメドチョウ,Umedocho,２丁目,２チョウメ,2,,,,,1,1,0,0,0,0,1,1,1947-04-17,,0,,,,,,,,,,,,,,,,
432059,0006000,1,熊本県,クマモトケン,Kumamoto,,,,水俣市,ミナマタシ,Minamata-shi,,,,浦上町,ウラガミチョウ,Uragamicho,,,,,,,,1,1,0,0,0,0,1,1,1947-04-17,,0,8670036,,,,,,,,,,,,,,,
432059,0007000,1,熊本県,クマモトケン,Kumamoto,,,,水俣市,ミナマタシ,Minamata-shi,,,,江添,エゾエ,Ezoe,,,,,,,,0,0,0,0,0,0,1,1,1947-04-17,,0,8670032,,,,,,,,,,,,,,,
432059,0008000,1,熊本県,クマモトケン,Kumamoto,,,,水俣市,ミナマタシ,Minamata-shi,,,,江南町,エナンチョウ,Enancho,,,,,,,,1,1,0,0,0,0,1,1,1947-04-17,,0,8670022,,,,,,,,,,,,,,,
432059,0009000,1,熊本県,クマモトケン,Kumamoto,,,,水俣市,ミナマタシ,Minamata-shi,,,,大川,オオカワ,Okawa,,,,,,,,0,0,0,0,0,0,1,1,1947-04-17,,0,8670283,,,,,,,,,,,,,,,
432059,0011001,2,熊本県,クマモトケン,Kumamoto,,,,水俣市,ミナマタシ,Minamata-shi,,,,大園町,オオゾノチョウ,Ozonocho,１丁目,１チョウメ,1,,,,,1,1,0,0,0,0,1,1,1947-04-17,,0,,,,,,,,,,,,,,,,
432059,0011002,2,熊本県,クマモトケン,Kumamoto,,,,水俣市,ミナマタシ,Minamata-shi,,,,大園町,オオゾノチョウ,Ozonocho,２丁目,２チョウメ,2,,,,,1,1,0,0,0,0,1,1,1947-04-17,,0,,,,,,,,,,,,,,,,
432059,0011003,2,熊本県,クマモトケン,Kumamoto,,,,水俣市,ミナマタシ,Minamata-shi,,,,大園町,オオゾノチョウ,Ozonocho,３丁目,３チョウメ,3,,,,,1,1,0,0,0,0,1,1,1947-04-17,,0,,,,,,,,,,,,,,,,
432059,0012000,1,熊本県,クマモトケン,Kumamoto,,,,水俣市,ミナマタシ,Minamata-shi,,,,祇園町,ギオンチョウ,Gioncho,,,,,,,,1,1,0,0,0,0,1,1,1947-04-17,,0,8670057,,,,,,,,,,,,,,,
432059,0015001,2,熊本県,クマモトケン,Kumamoto,,,,水俣市,ミナマタシ,Minamata-shi,,,,古賀町,コガマチ,Kogamachi,１丁目,１チョウメ,1,,,,,1,1,0,0,0,0,1,1,1947-04-17,,0,,,,,,,,,,,,,,,,
432059,0015002,2,熊本県,クマモトケン,Kumamoto,,,,水俣市,ミナマタシ,Minamata-shi,,,,古賀町,コガマチ,Kogamachi,２丁目,２チョウメ,2,,,,,1,1,0,0,0,0,1,1,1947-04-17,,0,,,,,,,,,,,,,,,,
432059,0016000,1,熊本県,クマモトケン,Kumamoto,,,,水俣市,ミナマタシ,Minamata-shi,,,,越小場,コシコバ,Koshikoba,,,,,,,,0,0,0,0,0,0,1,1,1947-04-17,,0,8670284,,,,,,,,,,,,,,,
432059,0017001,2,熊本県,クマモトケン,Kumamoto,,,,水俣市,ミナマタシ,Minamata-shi,,,,古城,コジョウ,Kojo,１丁目,１チョウメ,1,,,,,1,1,0,0,0,0,1,1,1947-04-17,,0,,,,,,,,,,,,,,,,
432059,0017002,2,熊本県,クマモトケン,Kumamoto,,,,水俣市,ミナマタシ,Minamata-shi,,,,古城,コジョウ,Kojo,２丁目,２チョウメ,2,,,,,1,1,0,0,0,0,1,1,1947-04-17,,0,,,,,,,,,,,,,,,,
432059,0017003,2,熊本県,クマモトケン,Kumamoto,,,,水俣市,ミナマタシ,Minamata-shi,,,,古城,コジョウ,Kojo,３丁目,３チョウメ,3,,,,,1,1,0,0,0,0,1,1,1947-04-17,,0,,,,,,,,,,,,,,,,
432059,0018000,1,熊本県,クマモトケン,Kumamoto,,,,水俣市,ミナマタシ,Minamata-shi,,,,小津奈木,コツナギ,Kotsunagi,,,,,,,,0,0,0,0,0,0,1,1,1947-04-17,,0,8670001,,,,,,,,,,,,,,,
432059,0019000,1,熊本県,クマモトケン,Kumamoto,,,,水俣市,ミナマタシ,Minamata-shi,,,,幸町,サイワイマチ,Saiwaimachi,,,,,,,,1,1,0,0,0,0,1,1,1947-04-17,,0,8670064,,,,,,,,,,,,,,,
432059,0020001,2,熊本県,クマモトケン,Kumamoto,,,,水俣市,ミナマタシ,Minamata-shi,,,,栄町,サカエマチ,Sakaemachi,１丁目,１チョウメ,1,,,,,1,1,0,0,0,0,1,1,1947-04-17,,0,,,,,,,,,,,,,,,,
432059,0020002,2,熊本県,クマモトケン,Kumamoto,,,,水俣市,ミナマタシ,Minamata-shi,,,,栄町,サカエマチ,Sakaemachi,２丁目,２チョウメ,2,,,,,1,1,0,0,0,0,1,1,1947-04-17,,0,,,,,,,,,,,,,,,,
432059,0021001,2,熊本県,クマモトケン,Kumamoto,,,,水俣市,ミナマタシ,Minamata-shi,,,,桜井町,サクライチョウ,Sakuraicho,１丁目,１チョウメ,1,,,,,1,1,0,0,0,0,1,1,1947-04-17,,0,,,,,,,,,,,,,,,,
432059,0021002,2,熊本県,クマモトケン,Kumamoto,,,,水俣市,ミナマタシ,Minamata-shi,,,,桜井町,サクライチョウ,Sakuraicho,２丁目,２チョウメ,2,,,,,1,1,0,0,0,0,1,1,1947-04-17,,0,,,,,,,,,,,,,,,,
432059,0021003,2,熊本県,クマモトケン,Kumamoto,,,,水俣市,ミナマタシ,Minamata-shi,,,,桜井町,サクライチョウ,Sakuraicho,３丁目,３チョウメ,3,,,,,1,1,0,0,0,0,1,1,1947-04-17,,0,,,,,,,,,,,,,,,,
432059,0022000,1,熊本県,クマモトケン,Kumamoto,,,,水俣市,ミナマタシ,Minamata-shi,,,,桜ヶ丘,サクラガオカ,Sakuragaoka,,,,,,,,1,1,0,0,0,0,1,1,1947-04-17,,0,8670007,,,,,,,,,,,,,,,
432059,0023000,1,熊本県,クマモトケン,Kumamoto,,,,水俣市,ミナマタシ,Minamata-shi,,,,塩浜町,シオハマチョウ,Shiohamacho,,,,,,,,1,1,0,0,0,0,1,1,1947-04-17,,0,8670067,,,,,,,,,,,,,,,
432059,0024001,2,熊本県,クマモトケン,Kumamoto,,,,水俣市,ミナマタシ,Minamata-shi,,,,汐見町,シオミチョウ,Shiomicho,１丁目,１チョウメ,1,,,,,1,1,0,0,0,0,1,1,1947-04-17,,0,,,,,,,,,,,,,,,,
432059,0024002,2,熊本県,クマモトケン,Kumamoto,,,,水俣市,ミナマタシ,Minamata-shi,,,,汐見町,シオミチョウ,Shiomicho,２丁目,２チョウメ,2,,,,,1,1,0,0,0,0,1,1,1947-04-17,,0,,,,,,,,,,,,,,,,
432059,0025001,2,熊本県,クマモトケン,Kumamoto,,,,水俣市,ミナマタシ,Minamata-shi,,,,昭和町,ショウワマチ,Showamachi,１丁目,１チョウメ,1,,,,,1,1,0,0,0,0,1,1,1947-04-17,,0,,,,,,,,,,,,,,,,
432059,0025002,2,熊本県,クマモトケン,Kumamoto,,,,水俣市,ミナマタシ,Minamata-shi,,,,昭和町,ショウワマチ,Showamachi,２丁目,２チョウメ,2,,,,,1,1,0,0,0,0,1,1,1947-04-17,,0,,,,,,,,,,,,,,,,
432059,0026000,1,熊本県,クマモトケン,Kumamoto,,,,水俣市,ミナマタシ,Minamata-shi,,,,白浜町,シラハマチョウ,Shirahamacho,,,,,,,,1,1,0,0,0,0,1,1,1947-04-17,,0,8670006,,,,,,,,,,,,,,,
432059,0027001,2,熊本県,クマモトケン,Kumamoto,,,,水俣市,ミナマタシ,Minamata-shi,,,,陣内,ジンナイ,Jinnai,１丁目,１チョウメ,1,,,,,1,1,0,0,0,0,1,1,1947-04-17,,0,,,,,,,,,,,,,,,,
432059,0027002,2,熊本県,クマモトケン,Kumamoto,,,,水俣市,ミナマタシ,Minamata-shi,,,,陣内,ジンナイ,Jinnai,２丁目,２チョウメ,2,,,,,1,1,0,0,0,0,1,1,1947-04-17,,0,,,,,,,,,,,,,,,,
432059,0028000,1,熊本県,クマモトケン,Kumamoto,,,,水俣市,ミナマタシ,Minamata-shi,,,,薄原,ススバル,,,,,,,,,0,0,0,0,0,0,1,1,1947-04-17,,0,,,,,,,,,,,,,,,,
432059,0029001,2,熊本県,クマモトケン,Kumamoto,,,,水俣市,ミナマタシ,Minamata-shi,,,,大黒町,ダイコクチョウ,Daikokucho,１丁目,１チョウメ,1,,,,,1,1,0,0,0,0,1,1,1947-04-17,,0,,,,,,,,,,,,,,,,
432059,0029002,2,熊本県,クマモトケン,Kumamoto,,,,水俣市,ミナマタシ,Minamata-shi,,,,大黒町,ダイコクチョウ,Daikokucho,２丁目,２チョウメ,2,,,,,1,1,0,0,0,0,1,1,1947-04-17,,0,,,,,,,,,,,,,,,,
432059,0030000,1,熊本県,クマモトケン,Kumamoto,,,,水俣市,ミナマタシ,Minamata-shi,,,,多々良町,タタラチョウ,Tataracho,,,,,,,,1,1,0,0,0,0,1,1,1947-04-17,,0,8670048,,,,,,,,,,,,,,,
432059,0031000,1,熊本県,クマモトケン,Kumamoto,,,,水俣市,ミナマタシ,Minamata-shi,,,,中央公園,チュウオウコウエン,,,,,,,,,1,1,0,0,0,0,1,1,1947-04-17,,0,,,,,,,,,,,,,,,,
432059,0032000,1,熊本県,クマモトケン,Kumamoto,,,,水俣市,ミナマタシ,Minamata-shi,,,,陳内,ジンナイ,,,,,,,,,0,0,0,0,0,0,1,1,1947-04-17,,0,,,,,,,,,,,,,,,,
432059,0033000,1,熊本県,クマモトケン,Kumamoto,,,,水俣市,ミナマタシ,Minamata-shi,,,,築地,ツキジ,Tsukiji,,,,,,,,1,1,0,0,0,0,1,1,1947-04-17,,0,8670062,,,,,,,,,,,,,,,
432059,0034000,1,熊本県,クマモトケン,Kumamoto,,,,水俣市,ミナマタシ,Minamata-shi,,,,月浦,ツキノウラ,Tsukinora,,,,,,,,0,0,0,0,0,0,1,1,1947-04-17,,0,8670035,,,,,,,,,,,,,,,
432059,0035001,2,熊本県,クマモトケン,Kumamoto,,,,水俣市,ミナマタシ,Minamata-shi,,,,天神町,テンジンチョウ,Tenjincho,１丁目,１チョウメ,1,,,,,1,1,0,0,0,0,1,1,1947-04-17,,0,,,,,,,,,,,,,,,,
432059,0035002,2,熊本県,クマモトケン,Kumamoto,,,,水俣市,ミナマタシ,Minamata-shi,,,,天神町,テンジンチョウ,Tenjincho,２丁目,２チョウメ,2,,,,,1,1,0,0,0,0,1,1,1947-04-17,,0,,,,,,,,,,,,,,,,
432059,0038000,1,熊本県,クマモトケン,Kumamoto,,,,水俣市,ミナマタシ,Minamata-shi,,,,長野,ナガノ,Nagano,,,,,,,,0,0,0,0,0,0,1,1,1947-04-17,,0,8670024,,,,,,,,,,,,,,,
432059,0039000,1,熊本県,クマモトケン,Kumamoto,,,,水俣市,ミナマタシ,Minamata-shi,,,,長野町,ナガノチョウ,Naganocho,,,,,,,,1,1,0,0,0,0,1,1,1947-04-17,,0,8670013,,,,,,,,,,,,,,,
432059,0040000,1,熊本県,クマモトケン,Kumamoto,,,,水俣市,ミナマタシ,Minamata-shi,,,,南福寺,ナンプクジ,Nampukuji,,,,,,,,0,0,0,0,0,0,1,1,1947-04-17,,0,8670023,,,,,,,,,,,,,,,
432059,0040000,1,熊本県,クマモトケン,Kumamoto,,,,水俣市,ミナマタシ,Minamata-shi,,,,南福寺,ナンプクジ,Nampukuji,,,,,,,,1,1,0,0,0,0,1,1,1947-04-17,,0,8670023,,,,,,,,,,,,,,,
432059,0041000,1,熊本県,クマモトケン,Kumamoto,,,,水俣市,ミナマタシ,Minamata-shi,,,,野口町,ノグチチョウ,Noguchicho,,,,,,,,1,1,0,0,0,0,1,1,1947-04-17,,0,8670053,,,,,,,,,,,,,,,
432059,0042001,2,熊本県,クマモトケン,Kumamoto,,,,水俣市,ミナマタシ,Minamata-shi,,,,八ノ窪町,ハチノクボチョウ,Hachinokubocho,１丁目,１チョウメ,1,,,,,1,1,0,0,0,0,1,1,1947-04-17,,0,,,,,,,,,,,,,,,,
432059,0042002,2,熊本県,クマモトケン,Kumamoto,,,,水俣市,ミナマタシ,Minamata-shi,,,,八ノ窪町,ハチノクボチョウ,Hachinokubocho,２丁目,２チョウメ,2,,,,,1,1,0,0,0,0,1,1,1947-04-17,,0,,,,,,,,,,,,,,,,
432059,0043001,2,熊本県,クマモトケン,Kumamoto,,,,水俣市,ミナマタシ,Minamata-shi,,,,八幡町,ハチマンチョウ,Hachimancho,１丁目,１チョウメ,1,,,,,1,1,0,0,0,0,1,1,1947-04-17,,0,,,,,,,,,,,,,,,,
432059,0043002,2,熊本県,クマモトケン,Kumamoto,,,,水俣市,ミナマタシ,Minamata-shi,,,,八幡町,ハチマンチョウ,Hachimancho,２丁目,２チョウメ,2,,,,,1,1,0,0,0,0,1,1,1947-04-17,,0,,,,,,,,,,,,,,,,
432059,0043003,2,熊本県,クマモトケン,Kumamoto,,,,水俣市,ミナマタシ,Minamata-shi,,,,八幡町,ハチマンチョウ,Hachimancho,３丁目,３チョウメ,3,,,,,1,1,0,0,0,0,1,1,1947-04-17,,0,,,,,,,,,,,,,,,,
432059,0044000,1,熊本県,クマモトケン,Kumamoto,,,,水俣市,ミナマタシ,Minamata-shi,,,,初野,ハツノ,Hatsuno,,,,,,,,0,0,0,0,0,0,1,1,1947-04-17,,0,8670002,,,,,,,,,,,,,,,
432059,0045000,1,熊本県,クマモトケン,Kumamoto,,,,水俣市,ミナマタシ,Minamata-shi,,,,浜,ハマ,Hama,,,,,,,,0,0,0,0,0,0,1,1,1947-04-17,,0,8670008,,,,,,,,,,,,,,,
432059,0046001,2,熊本県,クマモトケン,Kumamoto,,,,水俣市,ミナマタシ,Minamata-shi,,,,浜町,ハマチョウ,Hamamachi,１丁目,１チョウメ,1,,,,,1,1,0,0,0,0,1,1,1947-04-17,,0,,,,,,,,,,,,,,,,
432059,0046002,2,熊本県,クマモトケン,Kumamoto,,,,水俣市,ミナマタシ,Minamata-shi,,,,浜町,ハマチョウ,Hamamachi,２丁目,２チョウメ,2,,,,,1,1,0,0,0,0,1,1,1947-04-17,,0,,,,,,,,,,,,,,,,
432059,0046003,2,熊本県,クマモトケン,Kumamoto,,,,水俣市,ミナマタシ,Minamata-shi,,,,浜町,ハマチョウ,Hamamachi,３丁目,３チョウメ,3,,,,,1,1,0,0,0,0,1,1,1947-04-17,,0,,,,,,,,,,,,,,,,
432059,0047000,1,熊本県,クマモトケン,Kumamoto,,,,水俣市,ミナマタシ,Minamata-shi,,,,浜松町,ハママツチョウ,Hamamatsucho,,,,,,,,1,1,0,0,0,0,1,1,1947-04-17,,0,8670068,,,,,,,,,,,,,,,
432059,0048000,1,熊本県,クマモトケン,Kumamoto,,,,水俣市,ミナマタシ,Minamata-shi,,,,ひばりヶ丘,ヒバリガオカ,Hibarigaoka,,,,,,,,1,1,0,0,0,0,1,1,1947-04-17,,0,8670003,,,,,,,,,,,,,,,
432059,0049001,2,熊本県,クマモトケン,Kumamoto,,,,水俣市,ミナマタシ,Minamata-shi,,,,百間町,ヒャクケンチョウ,Hyakukencho,１丁目,１チョウメ,1,,,,,1,1,0,0,0,0,1,1,1947-04-17,,0,,,,,,,,,,,,,,,,
432059,0049002,2,熊本県,クマモトケン,Kumamoto,,,,水俣市,ミナマタシ,Minamata-shi,,,,百間町,ヒャクケンチョウ,Hyakukencho,２丁目,２チョウメ,2,,,,,1,1,0,0,0,0,1,1,1947-04-17,,0,,,,,,,,,,,,,,,,
432059,0050001,2,熊本県,クマモトケン,Kumamoto,,,,水俣市,ミナマタシ,Minamata-shi,,,,平町,ヒラマチ,Hiramachi,１丁目,１チョウメ,1,,,,,1,1,0,0,0,0,1,1,1947-04-17,,0,,,,,,,,,,,,,,,,
432059,0050002,2,熊本県,クマモトケン,Kumamoto,,,,水俣市,ミナマタシ,Minamata-shi,,,,平町,ヒラマチ,Hiramachi,２丁目,２チョウメ,2,,,,,1,1,0,0,0,0,1,1,1947-04-17,,0,,,,,,,,,,,,,,,,
432059,0051000,1,熊本県,クマモトケン,Kumamoto,,,,水俣市,ミナマタシ,Minamata-shi,,,,深川,フカガワ,Fukagawa,,,,,,,,0,0,0,0,0,0,1,1,1947-04-17,,0,8670015,,,,,,,,,,,,,,,
432059,0052000,1,熊本県,クマモトケン,Kumamoto,,,,水俣市,ミナマタシ,Minamata-shi,,,,袋,フクロ,Fukuro,,,,,,,,0,0,0,0,0,0,1,1,1947-04-17,,0,8670034,,,,,,,,,,,,,,,
432059,0053000,1,熊本県,クマモトケン,Kumamoto,,,,水俣市,ミナマタシ,Minamata-shi,,,,古里,フルサト,Furusato,,,,,,,,0,0,0,0,0,0,1,1,1947-04-17,,0,8670282,,,,,,,,,,,,,,,
432059,0054000,1,熊本県,クマモトケン,Kumamoto,,,,水俣市,ミナマタシ,Minamata-shi,,,,宝川内,ホウガワチ,Hogawachi,,,,,,,,0,0,0,0,0,0,1,1,1947-04-17,,0,8670171,,,,,,,,,,,,,,,
432059,0055000,1,熊本県,クマモトケン,Kumamoto,,,,水俣市,ミナマタシ,Minamata-shi,,,,牧ノ内,マキノウチ,Makinochi,,,,,,,,1,1,0,0,0,0,1,1,1947-04-17,,0,8670005,,,,,,,,,,,,,,,
432059,0056001,2,熊本県,クマモトケン,Kumamoto,,,,水俣市,ミナマタシ,Minamata-shi,,,,丸島町,マルシマチョウ,Marushimacho,１丁目,１チョウメ,1,,,,,1,1,0,0,0,0,1,1,1947-04-17,,0,,,,,,,,,,,,,,,,
432059,0056002,2,熊本県,クマモトケン,Kumamoto,,,,水俣市,ミナマタシ,Minamata-shi,,,,丸島町,マルシマチョウ,Marushimacho,２丁目,２チョウメ,2,,,,,1,1,0,0,0,0,1,1,1947-04-17,,0,,,,,,,,,,,,,,,,
432059,0056003,2,熊本県,クマモトケン,Kumamoto,,,,水俣市,ミナマタシ,Minamata-shi,,,,丸島町,マルシマチョウ,Marushimacho,３丁目,３チョウメ,3,,,,,1,1,0,0,0,0,1,1,1947-04-17,,0,,,,,,,,,,,,,,,,
432059,0057000,1,熊本県,クマモトケン,Kumamoto,,,,水俣市,ミナマタシ,Minamata-shi,,,,緑ヶ丘,ミドリガオカ,Midorigaoka,,,,,,,,1,1,0,0,0,0,1,1,1947-04-17,,0,8670047,,,,,,,,,,,,,,,
432059,0058001,2,熊本県,クマモトケン,Kumamoto,,,,水俣市,ミナマタシ,Minamata-shi,,,,港町,ミナトマチ,Minatomachi,１丁目,１チョウメ,1,,,,,1,1,0,0,0,0,1,1,1947-04-17,,0,,,,,,,,,,,,,,,,
432059,0058002,2,熊本県,クマモトケン,Kumamoto,,,,水俣市,ミナマタシ,Minamata-shi,,,,港町,ミナトマチ,Minatomachi,２丁目,２チョウメ,2,,,,,1,1,0,0,0,0,1,1,1947-04-17,,0,,,,,,,,,,,,,,,,
432059,0058003,2,熊本県,クマモトケン,Kumamoto,,,,水俣市,ミナマタシ,Minamata-shi,,,,港町,ミナトマチ,Minatomachi,３丁目,３チョウメ,3,,,,,1,1,0,0,0,0,1,1,1947-04-17,,0,,,,,,,,,,,,,,,,
432059,0059000,1,熊本県,クマモトケン,Kumamoto,,,,水俣市,ミナマタシ,Minamata-shi,,,,明神町,ミョウジンチョウ,Myojincho,,,,,,,,1,1,0,0,0,0,1,1,1947-04-17,,0,8670055,,,,,,,,,,,,,,,
432059,0060001,2,熊本県,クマモトケン,Kumamoto,,,,水俣市,ミナマタシ,Minamata-shi,,,,山手町,ヤマテチョウ,Yamatecho,１丁目,１チョウメ,1,,,,,1,1,0,0,0,0,1,1,1947-04-17,,0,,,,,,,,,,,,,,,,
432059,0060002,2,熊本県,クマモトケン,Kumamoto,,,,水俣市,ミナマタシ,Minamata-shi,,,,山手町,ヤマテチョウ,Yamatecho,２丁目,２チョウメ,2,,,,,1,1,0,0,0,0,1,1,1947-04-17,,0,,,,,,,,,,,,,,,,
432059,0062000,1,熊本県,クマモトケン,Kumamoto,,,,水俣市,ミナマタシ,Minamata-shi,,,,わらび野,ワラビノ,Warabino,,,,,,,,1,1,0,0,0,0,1,1,1947-04-17,,0,8670004,,,,,,,,,,,,,,,
432059,0063000,1,熊本県,クマモトケン,Kumamoto,,,,水俣市,ミナマタシ,Minamata-shi,,,,葛渡,クズワタリ,,,,,,,,,0,0,0,0,0,0,1,0,1947-04-17,,1,,,,,,,,,,,,,,,,
432059,0064000,1,熊本県,クマモトケン,Kumamoto,,,,水俣市,ミナマタシ,Minamata-shi,,,,久木野,クギノ,,,,,,,,,0,0,0,0,0,0,1,0,1947-04-17,,1,,,,,,,,,,,,,,,,
432059,0065000,1,熊本県,クマモトケン,Kumamoto,,,,水俣市,ミナマタシ,Minamata-shi,,,,大迫,オオサコ,,,,,,,,,0,0,0,0,0,0,1,0,1947-04-17,,1,,,,,,,,,,,,,,,,
432059,0066000,1,熊本県,クマモトケン,Kumamoto,,,,水俣市,ミナマタシ,Minamata-shi,,,,中鶴,ナカヅル,,,,,,,,,0,0,0,0,0,0,1,0,1947-04-17,,1,,,,,,,,,,,,,,,,
432059,0067000,1,熊本県,クマモトケン,Kumamoto,,,,水俣市,ミナマタシ,Minamata-shi,,,,長崎,ナガサキ,,,,,,,,,0,0,0,0,0,0,1,0,1947-04-17,,1,,,,,,,,,,,,,,,,
432059,0068000,1,熊本県,クマモトケン,Kumamoto,,,,水俣市,ミナマタシ,Minamata-shi,,,,湯出,ユデ,,,,,,,,,0,0,0,0,0,0,1,0,1947-04-17,,1,,,,,,,,,,,,,,,,
432067,0001000,1,熊本県,クマモトケン,Kumamoto,,,,玉名市,タマナシ,Tamana-shi,,,,青木,アオキ,Aoki,,,,,,,,0,0,0,0,0,0,1,1,1947-04-17,,0,8650004,,,,,,,,,,,,,,,
432067,0002000,1,熊本県,クマモトケン,Kumamoto,,,,玉名市,タマナシ,Tamana-shi,,,,青野,アオノ,Aono,,,,,,,,0,0,0,0,0,0,1,1,1947-04-17,,0,8650035,,,,,,,,,,,,,,,
432067,0004000,1,熊本県,クマモトケン,Kumamoto,,,,玉名市,タマナシ,Tamana-shi,,,,安楽寺,アンラクジ,Anrakuji,,,,,,,,0,0,0,0,0,0,1,1,1947-04-17,,0,8650014,,,,,,,,,,,,,,,
432067,0005000,1,熊本県,クマモトケン,Kumamoto,,,,玉名市,タマナシ,Tamana-shi,,,,伊倉北方,イクラキタカタ,Ikura Kitakata,,,,,,,,0,0,0,0,0,0,1,1,1947-04-17,,0,8650041,,,,,,,,,,,,,,,
432067,0006000,1,熊本県,クマモトケン,Kumamoto,,,,玉名市,タマナシ,Tamana-shi,,,,伊倉南方,イクラミナミカタ,Ikura Minamikata,,,,,,,,0,0,0,0,0,0,1,1,1947-04-17,,0,8650045,,,,,,,,,,,,,,,
432067,0007000,1,熊本県,クマモトケン,Kumamoto,,,,玉名市,タマナシ,Tamana-shi,,,,石貫,イシヌキ,Ishinuki,,,,,,,,0,0,0,0,0,0,1,1,1947-04-17,,0,8650008,,,,,,,,,,,,,,,
432067,0008000,1,熊本県,クマモトケン,Kumamoto,,,,玉名市,タマナシ,Tamana-shi,,,,岩崎,イワサキ,Iwasaki,,,,,,,,0,0,0,0,0,0,1,1,1947-04-17,,0,8650016,,,,,,,,,,,,,,,
432067,0009000,1,熊本県,クマモトケン,Kumamoto,,,,玉名市,タマナシ,Tamana-shi,,,,永徳寺,エイトクジ,Eitokuji,,,,,,,,0,0,0,0,0,0,1,1,1947-04-17,,0,8650024,,,,,,,,,,,,,,,
432067,0010000,1,熊本県,クマモトケン,Kumamoto,,,,玉名市,タマナシ,Tamana-shi,,,,大倉,オオクラ,Okura,,,,,,,,0,0,0,0,0,0,1,1,1947-04-17,,0,8650023,,,,,,,,,,,,,,,
432067,0011000,1,熊本県,クマモトケン,Kumamoto,,,,玉名市,タマナシ,Tamana-shi,,,,大浜町,オオハママチ,Ohamamachi,,,,,,,,0,0,0,0,0,0,1,1,1947-04-17,,0,8650055,,,,,,,,,,,,,,,
432067,0012000,1,熊本県,クマモトケン,Kumamoto,,,,玉名市,タマナシ,Tamana-shi,,,,小島,オシマ,Oshima,,,,,,,,0,0,0,0,0,0,1,1,1947-04-17,,0,8650054,,,,,,,,,,,,,,,
432067,0013000,1,熊本県,クマモトケン,Kumamoto,,,,玉名市,タマナシ,Tamana-shi,,,,小野尻,オノジリ,Onojiri,,,,,,,,0,0,0,0,0,0,1,1,1947-04-17,,0,8650048,,,,,,,,,,,,,,,
432067,0014000,1,熊本県,クマモトケン,Kumamoto,,,,玉名市,タマナシ,Tamana-shi,,,,片諏訪,カタスワ,Katasuwa,,,,,,,,0,0,0,0,0,0,1,1,1947-04-17,,0,8650044,,,,,,,,,,,,,,,
432067,0015000,1,熊本県,クマモトケン,Kumamoto,,,,玉名市,タマナシ,Tamana-shi,,,,上小田,カミオダ,Kamioda,,,,,,,,0,0,0,0,0,0,1,1,1947-04-17,,0,8650011,,,,,,,,,,,,,,,
432067,0016000,1,熊本県,クマモトケン,Kumamoto,,,,玉名市,タマナシ,Tamana-shi,,,,亀甲,カメノコウ,Kamenoko,,,,,,,,0,0,0,0,0,0,1,1,1947-04-17,,0,8650015,,,,,,,,,,,,,,,
432067,0018000,1,熊本県,クマモトケン,Kumamoto,,,,玉名市,タマナシ,Tamana-shi,,,,川島,カワシマ,Kawashima,,,,,,,,0,0,0,0,0,0,1,1,1947-04-17,,0,8650047,,,,,,,,,,,,,,,
432067,0019000,1,熊本県,クマモトケン,Kumamoto,,,,玉名市,タマナシ,Tamana-shi,,,,川部田,カワベタ,Kawabeta,,,,,,,,0,0,0,0,0,0,1,1,1947-04-17,,0,8650017,,,,,,,,,,,,,,,
432067,0020000,1,熊本県,クマモトケン,Kumamoto,,,,玉名市,タマナシ,Tamana-shi,,,,北坂門田,キタサカモンタ,Kitasakamonta,,,,,,,,0,0,0,0,0,0,1,1,1947-04-17,,0,8650032,,,,,,,,,,,,,,,
432067,0021000,1,熊本県,クマモトケン,Kumamoto,,,,玉名市,タマナシ,Tamana-shi,,,,北牟田,キタムタ,Kitamuta,,,,,,,,0,0,0,0,0,0,1,1,1947-04-17,,0,8650046,,,,,,,,,,,,,,,
432067,0022000,1,熊本県,クマモトケン,Kumamoto,,,,玉名市,タマナシ,Tamana-shi,,,,小浜,コバマ,Kobama,,,,,,,,0,0,0,0,0,0,1,1,1947-04-17,,0,8650057,,,,,,,,,,,,,,,
432067,0024000,1,熊本県,クマモトケン,Kumamoto,,,,玉名市,タマナシ,Tamana-shi,,,,下小田,シモオダ,Shimoda,,,,,,,,0,0,0,0,0,0,1,1,1947-04-17,,0,8650018,,,,,,,,,,,,,,,
432067,0025000,1,熊本県,クマモトケン,Kumamoto,,,,玉名市,タマナシ,Tamana-shi,,,,千田川原,センダガワラ,Sendagawara,,,,,,,,0,0,0,0,0,0,1,1,1947-04-17,,0,8650053,,,,,,,,,,,,,,,
432067,0026000,1,熊本県,クマモトケン,Kumamoto,,,,玉名市,タマナシ,Tamana-shi,,,,岱明町扇崎,タイメイマチオウギザキ,Taimeimachi Ogizaki,,,,,,,,0,0,0,0,0,0,1,1,1947-04-17,,0,8690213,,,,,,,,,,,,,,,
432067,0027000,1,熊本県,クマモトケン,Kumamoto,,,,玉名市,タマナシ,Tamana-shi,,,,岱明町大野下,タイメイマチオオノシモ,Taimeimachi Onoshimo,,,,,,,,0,0,0,0,0,0,1,1,1947-04-17,,0,8690224,,,,,,,,,,,,,,,
432067,0028000,1,熊本県,クマモトケン,Kumamoto,,,,玉名市,タマナシ,Tamana-shi,,,,岱明町古閑,タイメイマチコガ,,,,,,,,,0,0,0,0,0,0,1,1,1947-04-17,,0,,,,,,,,,,,,,,,,
432067,0029000,1,熊本県,クマモトケン,Kumamoto,,,,玉名市,タマナシ,Tamana-shi,,,,岱明町西照寺,タイメイマチサイショウジ,,,,,,,,,0,0,0,0,0,0,1,1,1947-04-17,,0,,,,,,,,,,,,,,,,
432067,0030000,1,熊本県,クマモトケン,Kumamoto,,,,玉名市,タマナシ,Tamana-shi,,,,岱明町下沖洲,タイメイマチシモオキノス,Taimeimachi Shimokinosu,,,,,,,,0,0,0,0,0,0,1,1,1947-04-17,,0,8690212,,,,,,,,,,,,,,,
432067,0031000,1,熊本県,クマモトケン,Kumamoto,,,,玉名市,タマナシ,Tamana-shi,,,,岱明町下前原,タイメイマチシモマエバラ,Taimeimachi Shimomaehara,,,,,,,,0,0,0,0,0,0,1,1,1947-04-17,,0,8690221,,,,,,,,,,,,,,,
432067,0032000,1,熊本県,クマモトケン,Kumamoto,,,,玉名市,タマナシ,Tamana-shi,,,,岱明町上,タイメイマチジョウ,,,,,,,,,0,0,0,0,0,0,1,1,1947-04-17,,0,,,,,,,,,,,,,,,,
432067,0033000,1,熊本県,クマモトケン,Kumamoto,,,,玉名市,タマナシ,Tamana-shi,,,,岱明町庄山,タイメイマチショウヤマ,Taimeimachi Shoyama,,,,,,,,0,0,0,0,0,0,1,1,1947-04-17,,0,8690231,,,,,,,,,,,,,,,
432067,0034000,1,熊本県,クマモトケン,Kumamoto,,,,玉名市,タマナシ,Tamana-shi,,,,岱明町高道,タイメイマチタカミチ,Taimeimachi Takamichi,,,,,,,,0,0,0,0,0,0,1,1,1947-04-17,,0,8690202,,,,,,,,,,,,,,,
432067,0035000,1,熊本県,クマモトケン,Kumamoto,,,,玉名市,タマナシ,Tamana-shi,,,,岱明町中土,タイメイマチナカド,Taimeimachi Nakado,,,,,,,,0,0,0,0,0,0,1,1,1947-04-17,,0,8690223,,,,,,,,,,,,,,,
432067,0036000,1,熊本県,クマモトケン,Kumamoto,,,,玉名市,タマナシ,Tamana-shi,,,,岱明町鍋,タイメイマチナベ,Taimeimachi Nabe,,,,,,,,0,0,0,0,0,0,1,1,1947-04-17,,0,8690211,,,,,,,,,,,,,,,
432067,0037000,1,熊本県,クマモトケン,Kumamoto,,,,玉名市,タマナシ,Tamana-shi,,,,岱明町野口,タイメイマチノグチ,Taimeimachi Noguchi,,,,,,,,0,0,0,0,0,0,1,1,1947-04-17,,0,8690222,,,,,,,,,,,,,,,
432067,0038000,1,熊本県,クマモトケン,Kumamoto,,,,玉名市,タマナシ,Tamana-shi,,,,岱明町浜田,タイメイマチハマダ,Taimeimachi Hamada,,,,,,,,0,0,0,0,0,0,1,1,1947-04-17,,0,8690203,,,,,,,,,,,,,,,
432067,0039000,1,熊本県,クマモトケン,Kumamoto,,,,玉名市,タマナシ,Tamana-shi,,,,岱明町開田,タイメイマチヒラキダ,Taimeimachi Hirakida,,,,,,,,0,0,0,0,0,0,1,1,1947-04-17,,0,8690238,,,,,,,,,,,,,,,
432067,0040000,1,熊本県,クマモトケン,Kumamoto,,,,玉名市,タマナシ,Tamana-shi,,,,岱明町三崎,タイメイマチミサキ,Taimeimachi Misaki,,,,,,,,0,0,0,0,0,0,1,1,1947-04-17,,0,8690234,,,,,,,,,,,,,,,
432067,0041000,1,熊本県,クマモトケン,Kumamoto,,,,玉名市,タマナシ,Tamana-shi,,,,岱明町山下,タイメイマチヤマシタ,Taimeimachi Yamashita,,,,,,,,0,0,0,0,0,0,1,1,1947-04-17,,0,8690201,,,,,,,,,,,,,,,
432067,0042000,1,熊本県,クマモトケン,Kumamoto,,,,玉名市,タマナシ,Tamana-shi,,,,高瀬,タカセ,Takase,,,,,,,,0,0,0,0,0,0,1,1,1947-04-17,,0,8650025,,,,,,,,,,,,,,,
432067,0043000,1,熊本県,クマモトケン,Kumamoto,,,,玉名市,タマナシ,Tamana-shi,,,,田崎,タサキ,Tasaki,,,,,,,,0,0,0,0,0,0,1,1,1947-04-17,,0,8650031,,,,,,,,,,,,,,,
432067,0044000,1,熊本県,クマモトケン,Kumamoto,,,,玉名市,タマナシ,Tamana-shi,,,,玉名,タマナ,Tamana,,,,,,,,0,0,0,0,0,0,1,1,1947-04-17,,0,8650005,,,,,,,,,,,,,,,
432067,0045000,1,熊本県,クマモトケン,Kumamoto,,,,玉名市,タマナシ,Tamana-shi,,,,築地,ツイジ,Tsuiji,,,,,,,,0,0,0,0,0,0,1,1,1947-04-17,,0,8650065,,,,,,,,,,,,,,,
432067,0046000,1,熊本県,クマモトケン,Kumamoto,,,,玉名市,タマナシ,Tamana-shi,,,,月田,ツキダ,Tsukida,,,,,,,,0,0,0,0,0,0,1,1,1947-04-17,,0,8650001,,,,,,,,,,,,,,,
432067,0047000,1,熊本県,クマモトケン,Kumamoto,,,,玉名市,タマナシ,Tamana-shi,,,,津留,ツル,Tsuru,,,,,,,,0,0,0,0,0,0,1,1,1947-04-17,,0,8650021,,,,,,,,,,,,,,,
432067,0048000,1,熊本県,クマモトケン,Kumamoto,,,,玉名市,タマナシ,Tamana-shi,,,,寺田,テラダ,Terada,,,,,,,,0,0,0,0,0,0,1,1,1947-04-17,,0,8650022,,,,,,,,,,,,,,,
432067,0049000,1,熊本県,クマモトケン,Kumamoto,,,,玉名市,タマナシ,Tamana-shi,,,,天水町小天,テンスイマチオアマ,Tensuimachi Oama,,,,,,,,0,0,0,0,0,0,1,1,1947-04-17,,0,8615401,,,,,,,,,,,,,,,
432067,0050000,1,熊本県,クマモトケン,Kumamoto,,,,玉名市,タマナシ,Tamana-shi,,,,天水町尾田,テンスイマチオタ,Tensuimachi Ota,,,,,,,,0,0,0,0,0,0,1,1,1947-04-17,,0,8615406,,,,,,,,,,,,,,,
432067,0051000,1,熊本県,クマモトケン,Kumamoto,,,,玉名市,タマナシ,Tamana-shi,,,,天水町竹崎,テンスイマチタケザキ,Tensuimachi Takezaki,,,,,,,,0,0,0,0,0,0,1,1,1947-04-17,,0,8615404,,,,,,,,,,,,,,,
432067,0052000,1,熊本県,クマモトケン,Kumamoto,,,,玉名市,タマナシ,Tamana-shi,,,,天水町立花,テンスイマチタチバナ,Tensuimachi Tachibana,,,,,,,,0,0,0,0,0,0,1,1,1947-04-17,,0,8615402,,,,,,,,,,,,,,,
432067,0053000,1,熊本県,クマモトケン,Kumamoto,,,,玉名市,タマナシ,Tamana-shi,,,,天水町野部田,テンスイマチノベタ,Tensuimachi Nobeta,,,,,,,,0,0,0,0,0,0,1,1,1947-04-17,,0,8615405,,,,,,,,,,,,,,,
432067,0054000,1,熊本県,クマモトケン,Kumamoto,,,,玉名市,タマナシ,Tamana-shi,,,,天水町部田見,テンスイマチヘタミ,Tensuimachi Hetami,,,,,,,,0,0,0,0,0,0,1,1,1947-04-17,,0,8615403,,,,,,,,,,,,,,,
432067,0055000,1,熊本県,クマモトケン,Kumamoto,,,,玉名市,タマナシ,Tamana-shi,,,,富尾,トミノオ,Tomino,,,,,,,,0,0,0,0,0,0,1,1,1947-04-17,,0,8650062,,,,,,,,,,,,,,,
432067,0057000,1,熊本県,クマモトケン,Kumamoto,,,,玉名市,タマナシ,Tamana-shi,,,,中尾,ナカオ,Nakao,,,,,,,,0,0,0,0,0,0,1,1,1947-04-17,,0,8650063,,,,,,,,,,,,,,,
432067,0058000,1,熊本県,クマモトケン,Kumamoto,,,,玉名市,タマナシ,Tamana-shi,,,,中坂門田,ナカサカモンタ,Nakasakamonta,,,,,,,,0,0,0,0,0,0,1,1,1947-04-17,,0,8650033,,,,,,,,,,,,,,,
432067,0059000,1,熊本県,クマモトケン,Kumamoto,,,,玉名市,タマナシ,Tamana-shi,,,,滑石,ナメイシ,Nameishi,,,,,,,,0,0,0,0,0,0,1,1,1947-04-17,,0,8650056,,,,,,,,,,,,,,,
432067,0060000,1,熊本県,クマモトケン,Kumamoto,,,,玉名市,タマナシ,Tamana-shi,,,,箱谷,ハコダニ,Hakodani,,,,,,,,0,0,0,0,0,0,1,1,1947-04-17,,0,8650002,,,,,,,,,,,,,,,
432067,0061000,1,熊本県,クマモトケン,Kumamoto,,,,玉名市,タマナシ,Tamana-shi,,,,繁根木,ハネギ,Hanegi,,,,,,,,0,0,0,0,0,0,1,1,1947-04-17,,0,8650051,,,,,,,,,,,,,,,
432067,0062000,1,熊本県,クマモトケン,Kumamoto,,,,玉名市,タマナシ,Tamana-shi,,,,松木,マツキ,Matsuki,,,,,,,,0,0,0,0,0,0,1,1,1947-04-17,,0,8650052,,,,,,,,,,,,,,,
432067,0063000,1,熊本県,クマモトケン,Kumamoto,,,,玉名市,タマナシ,Tamana-shi,,,,溝上,ミゾノウエ,Mizonoe,,,,,,,,0,0,0,0,0,0,1,1,1947-04-17,,0,8650003,,,,,,,,,,,,,,,
432067,0064000,1,熊本県,クマモトケン,Kumamoto,,,,玉名市,タマナシ,Tamana-shi,,,,三ツ川,ミツカワ,Mitsukawa,,,,,,,,0,0,0,0,0,0,1,1,1947-04-17,,0,8650009,,,,,,,,,,,,,,,
432067,0065000,1,熊本県,クマモトケン,Kumamoto,,,,玉名市,タマナシ,Tamana-shi,,,,南坂門田,ミナミサカモンタ,Minamisakamonta,,,,,,,,0,0,0,0,0,0,1,1,1947-04-17,,0,8650034,,,,,,,,,,,,,,,
432067,0066000,1,熊本県,クマモトケン,Kumamoto,,,,玉名市,タマナシ,Tamana-shi,,,,宮原,ミヤバル,Miyabara,,,,,,,,0,0,0,0,0,0,1,1,1947-04-17,,0,8650042,,,,,,,,,,,,,,,
432067,0067000,1,熊本県,クマモトケン,Kumamoto,,,,玉名市,タマナシ,Tamana-shi,,,,向津留,ムコウヅル,Mukozuru,,,,,,,,0,0,0,0,0,0,1,1,1947-04-17,,0,8650027,,,,,,,,,,,,,,,
432067,0068000,1,熊本県,クマモトケン,Kumamoto,,,,玉名市,タマナシ,Tamana-shi,,,,山田,ヤマダ,Yamada,,,,,,,,0,0,0,0,0,0,1,1,1947-04-17,,0,8650066,,,,,,,,,,,,,,,
432067,0069000,1,熊本県,クマモトケン,Kumamoto,,,,玉名市,タマナシ,Tamana-shi,,,,山部田,ヤマベタ,Yamabeta,,,,,,,,0,0,0,0,0,0,1,1,1947-04-17,,0,8650012,,,,,,,,,,,,,,,
432067,0070000,1,熊本県,クマモトケン,Kumamoto,,,,玉名市,タマナシ,Tamana-shi,,,,横島町大園,ヨコシママチオオゾノ,Yokoshimamachi Ozono,,,,,,,,0,0,0,0,0,0,1,1,1947-04-17,,0,8650071,,,,,,,,,,,,,,,
432067,0071000,1,熊本県,クマモトケン,Kumamoto,,,,玉名市,タマナシ,Tamana-shi,,,,横島町共栄,ヨコシママチキョウエイ,Yokoshimamachi Kyoei,,,,,,,,0,0,0,0,0,0,1,1,1947-04-17,,0,8650073,,,,,,,,,,,,,,,
432067,0072000,1,熊本県,クマモトケン,Kumamoto,,,,玉名市,タマナシ,Tamana-shi,,,,横島町横島,ヨコシママチヨコシマ,Yokoshimamachi Yokoshima,,,,,,,,0,0,0,0,0,0,1,1,1947-04-17,,0,8650072,,,,,,,,,,,,,,,
432067,0073000,1,熊本県,クマモトケン,Kumamoto,,,,玉名市,タマナシ,Tamana-shi,,,,横田,ヨコタ,Yokota,,,,,,,,0,0,0,0,0,0,1,1,1947-04-17,,0,8650043,,,,,,,,,,,,,,,
432067,0074000,1,熊本県,クマモトケン,Kumamoto,,,,玉名市,タマナシ,Tamana-shi,,,,立願寺,リュウガンジ,Ryuganji,,,,,,,,0,0,0,0,0,0,1,1,1947-04-17,,0,8650061,,,,,,,,,,,,,,,
432067,0075000,1,熊本県,クマモトケン,Kumamoto,,,,玉名市,タマナシ,Tamana-shi,,,,両迫間,リョウハザマ,Ryohazama,,,,,,,,0,0,0,0,0,0,1,1,1947-04-17,,0,8650006,,,,,,,,,,,,,,,
432067,0076000,1,熊本県,クマモトケン,Kumamoto,,,,玉名市,タマナシ,Tamana-shi,,,,六田,ロクタ,Rokuta,,,,,,,,0,0,0,0,0,0,1,1,1947-04-17,,0,8650058,,,,,,,,,,,,,,,
432067,0077000,1,熊本県,クマモトケン,Kumamoto,,,,玉名市,タマナシ,Tamana-shi,,,,下,シモ,,,,,,,,,0,0,0,0,0,0,1,0,1947-04-17,,1,,,,,,,,,,,,,,,,
432067,0078000,1,熊本県,クマモトケン,Kumamoto,,,,玉名市,タマナシ,Tamana-shi,,,,河崎,カワサキ,,,,,,,,,0,0,0,0,0,0,1,0,1947-04-17,,1,,,,,,,,,,,,,,,,
432067,0079000,1,熊本県,クマモトケン,Kumamoto,,,,玉名市,タマナシ,Tamana-shi,,,,秋丸,アキマル,,,,,,,,,0,0,0,0,0,0,1,0,1947-04-17,,1,,,,,,,,,,,,,,,,
432067,0080000,1,熊本県,クマモトケン,Kumamoto,,,,玉名市,タマナシ,Tamana-shi,,,,中,ナカ,,,,,,,,,0,0,0,0,0,0,1,0,1947-04-17,,1,,,,,,,,,,,,,,,,
432083,0001000,1,熊本県,クマモトケン,Kumamoto,,,,山鹿市,ヤマガシ,Yamaga-shi,,,,麻生野,アゾノ,Azono,,,,,,,,0,0,0,0,0,0,1,1,1947-04-17,,0,8610547,,,,,,,,,,,,,,,
432083,0003000,1,熊本県,クマモトケン,Kumamoto,,,,山鹿市,ヤマガシ,Yamaga-shi,,,,泉町,イズミマチ,Izumimachi,,,,,,,,0,0,0,0,0,0,1,1,1947-04-17,,0,8610512,,,,,,,,,,,,,,,
432083,0004000,1,熊本県,クマモトケン,Kumamoto,,,,山鹿市,ヤマガシ,Yamaga-shi,,,,大橋通,オオハシドオリ,Ohashidori,,,,,,,,0,0,0,0,0,0,1,1,1947-04-17,,0,8610517,,,,,,,,,,,,,,,
432083,0005000,1,熊本県,クマモトケン,Kumamoto,,,,山鹿市,ヤマガシ,Yamaga-shi,,,,小坂,オサカ,Osaka,,,,,,,,0,0,0,0,0,0,1,1,1947-04-17,,0,8610521,,,,,,,,,,,,,,,
432083,0007000,1,熊本県,クマモトケン,Kumamoto,,,,山鹿市,ヤマガシ,Yamaga-shi,,,,小群,オムレ,Omure,,,,,,,,0,0,0,0,0,0,1,1,1947-04-17,,0,8610555,,,,,,,,,,,,,,,
432083,0008000,1,熊本県,クマモトケン,Kumamoto,,,,山鹿市,ヤマガシ,Yamaga-shi,,,,鹿央町合里,カオウマチアイザト,Kaomachi Aizato,,,,,,,,0,0,0,0,0,0,1,1,1947-04-17,,0,8610565,,,,,,,,,,,,,,,
432083,0009000,1,熊本県,クマモトケン,Kumamoto,,,,山鹿市,ヤマガシ,Yamaga-shi,,,,鹿央町岩原,カオウマチイワバル,Kaomachi Iwabaru,,,,,,,,0,0,0,0,0,0,1,1,1947-04-17,,0,8610561,,,,,,,,,,,,,,,
432083,0010000,1,熊本県,クマモトケン,Kumamoto,,,,山鹿市,ヤマガシ,Yamaga-shi,,,,鹿央町梅木谷,カオウマチウメノキダニ,Kaomachi Umenokidani,,,,,,,,0,0,0,0,0,0,1,1,1947-04-17,,0,8610574,,,,,,,,,,,,,,,
432083,0011000,1,熊本県,クマモトケン,Kumamoto,,,,山鹿市,ヤマガシ,Yamaga-shi,,,,鹿央町大浦,カオウマチオオウラ,Kaomachi Oura,,,,,,,,0,0,0,0,0,0,1,1,1947-04-17,,0,8610576,,,,,,,,,,,,,,,
432083,0012000,1,熊本県,クマモトケン,Kumamoto,,,,山鹿市,ヤマガシ,Yamaga-shi,,,,鹿央町北谷,カオウマチキタダニ,Kaomachi Kitadani,,,,,,,,0,0,0,0,0,0,1,1,1947-04-17,,0,8610571,,,,,,,,,,,,,,,
432083,0013000,1,熊本県,クマモトケン,Kumamoto,,,,山鹿市,ヤマガシ,Yamaga-shi,,,,鹿央町霜野,カオウマチシモノ,Kaomachi Shimono,,,,,,,,0,0,0,0,0,0,1,1,1947-04-17,,0,8610573,,,,,,,,,,,,,,,
432083,0014000,1,熊本県,クマモトケン,Kumamoto,,,,山鹿市,ヤマガシ,Yamaga-shi,,,,鹿央町千田,カオウマチチダ,Kaomachi Chida,,,,,,,,0,0,0,0,0,0,1,1,1947-04-17,,0,8610563,,,,,,,,,,,,,,,
432083,0015000,1,熊本県,クマモトケン,Kumamoto,,,,山鹿市,ヤマガシ,Yamaga-shi,,,,鹿央町中浦,カオウマチチュウノウラ,Kaomachi Chunora,,,,,,,,0,0,0,0,0,0,1,1,1947-04-17,,0,8610575,,,,,,,,,,,,,,,
432083,0016000,1,熊本県,クマモトケン,Kumamoto,,,,山鹿市,ヤマガシ,Yamaga-shi,,,,鹿央町仁王堂,カオウマチニオウドウ,Kaomachi Niodo,,,,,,,,0,0,0,0,0,0,1,1,1947-04-17,,0,8610572,,,,,,,,,,,,,,,
432083,0017000,1,熊本県,クマモトケン,Kumamoto,,,,山鹿市,ヤマガシ,Yamaga-shi,,,,鹿央町広,カオウマチヒロ,Kaomachi Hiro,,,,,,,,0,0,0,0,0,0,1,0,1947-04-17,,0,8610564,,,,,,,,,,,,,,,
432083,0018000,1,熊本県,クマモトケン,Kumamoto,,,,山鹿市,ヤマガシ,Yamaga-shi,,,,鹿央町持松,カオウマチモチマツ,Kaomachi Mochimatsu,,,,,,,,0,0,0,0,0,0,1,1,1947-04-17,,0,8610562,,,,,,,,,,,,,,,
432083,0019001,2,熊本県,クマモトケン,Kumamoto,,,,山鹿市,ヤマガシ,Yamaga-shi,,,,鹿校通,カコウドオリ,Kakotori,一丁目,１チョウメ,1,,,,,1,1,0,0,0,0,1,1,1947-04-17,,0,,,,,,,,,,,,,,,,
432083,0019002,2,熊本県,クマモトケン,Kumamoto,,,,山鹿市,ヤマガシ,Yamaga-shi,,,,鹿校通,カコウドオリ,Kakotori,二丁目,２チョウメ,2,,,,,1,1,0,0,0,0,1,1,1947-04-17,,0,,,,,,,,,,,,,,,,
432083,0019003,2,熊本県,クマモトケン,Kumamoto,,,,山鹿市,ヤマガシ,Yamaga-shi,,,,鹿校通,カコウドオリ,Kakotori,三丁目,３チョウメ,3,,,,,1,1,0,0,0,0,1,1,1947-04-17,,0,,,,,,,,,,,,,,,,
432083,0019004,2,熊本県,クマモトケン,Kumamoto,,,,山鹿市,ヤマガシ,Yamaga-shi,,,,鹿校通,カコウドオリ,Kakotori,四丁目,４チョウメ,4,,,,,1,1,0,0,0,0,1,1,1947-04-17,,0,,,,,,,,,,,,,,,,
432083,0020000,1,熊本県,クマモトケン,Kumamoto,,,,山鹿市,ヤマガシ,Yamaga-shi,,,,方保田,カトウダ,Katoda,,,,,,,,0,0,0,0,0,0,1,1,1947-04-17,,0,8610382,,,,,,,,,,,,,,,
432083,0021000,1,熊本県,クマモトケン,Kumamoto,,,,山鹿市,ヤマガシ,Yamaga-shi,,,,鹿北町芋生,カホクマチイモウ,Kahokumachi Imo,,,,,,,,0,0,0,0,0,0,1,1,1947-04-17,,0,8610602,,,,,,,,,,,,,,,
432083,0022000,1,熊本県,クマモトケン,Kumamoto,,,,山鹿市,ヤマガシ,Yamaga-shi,,,,鹿北町岩野,カホクマチイワノ,Kahokumachi Iwano,,,,,,,,0,0,0,0,0,0,1,1,1947-04-17,,0,8610603,,,,,,,,,,,,,,,
432083,0023000,1,熊本県,クマモトケン,Kumamoto,,,,山鹿市,ヤマガシ,Yamaga-shi,,,,鹿北町椎持,カホクマチシイモチ,Kahokumachi Shiimochi,,,,,,,,0,0,0,0,0,0,1,1,1947-04-17,,0,8610604,,,,,,,,,,,,,,,
432083,0024000,1,熊本県,クマモトケン,Kumamoto,,,,山鹿市,ヤマガシ,Yamaga-shi,,,,鹿北町四丁,カホクマチシチョウ,Kahokumachi Shicho,,,,,,,,0,0,0,0,0,0,1,1,1947-04-17,,0,8610601,,,,,,,,,,,,,,,
432083,0025000,1,熊本県,クマモトケン,Kumamoto,,,,山鹿市,ヤマガシ,Yamaga-shi,,,,鹿北町多久,カホクマチタク,Kahokumachi Taku,,,,,,,,0,0,0,0,0,0,1,1,1947-04-17,,0,8610605,,,,,,,,,,,,,,,
432083,0026000,1,熊本県,クマモトケン,Kumamoto,,,,山鹿市,ヤマガシ,Yamaga-shi,,,,上吉田,カミヨシダ,Kamiyoshida,,,,,,,,0,0,0,0,0,0,1,1,1947-04-17,,0,8610524,,,,,,,,,,,,,,,
432083,0028000,1,熊本県,クマモトケン,Kumamoto,,,,山鹿市,ヤマガシ,Yamaga-shi,,,,鹿本町石渕,カモトマチイシブチ,Kamotomachi Ishibuchi,,,,,,,,0,0,0,0,0,0,1,1,1947-04-17,,0,8610311,,,,,,,,,,,,,,,
432083,0029000,1,熊本県,クマモトケン,Kumamoto,,,,山鹿市,ヤマガシ,Yamaga-shi,,,,鹿本町小嶋,カモトマチオシマ,Kamotomachi Oshima,,,,,,,,0,0,0,0,0,0,1,1,1947-04-17,,0,8610315,,,,,,,,,,,,,,,
432083,0030000,1,熊本県,クマモトケン,Kumamoto,,,,山鹿市,ヤマガシ,Yamaga-shi,,,,鹿本町梶屋,カモトマチカジヤ,Kamotomachi Kajiya,,,,,,,,0,0,0,0,0,0,1,1,1947-04-17,,0,8610312,,,,,,,,,,,,,,,
432083,0031000,1,熊本県,クマモトケン,Kumamoto,,,,山鹿市,ヤマガシ,Yamaga-shi,,,,鹿本町来民,カモトマチクタミ,Kamotomachi Kutami,,,,,,,,0,0,0,0,0,0,1,1,1947-04-17,,0,8610331,,,,,,,,,,,,,,,
432083,0032000,1,熊本県,クマモトケン,Kumamoto,,,,山鹿市,ヤマガシ,Yamaga-shi,,,,鹿本町小柳,カモトマチコヤナギ,Kamotomachi Koyanagi,,,,,,,,0,0,0,0,0,0,1,1,1947-04-17,,0,8610324,,,,,,,,,,,,,,,
432083,0033000,1,熊本県,クマモトケン,Kumamoto,,,,山鹿市,ヤマガシ,Yamaga-shi,,,,鹿本町下高橋,カモトマチシモタカハシ,Kamotomachi Shimotakahashi,,,,,,,,0,0,0,0,0,0,1,1,1947-04-17,,0,8610316,,,,,,,,,,,,,,,
432083,0034000,1,熊本県,クマモトケン,Kumamoto,,,,山鹿市,ヤマガシ,Yamaga-shi,,,,鹿本町下分田,カモトマチシモブンダ,Kamotomachi Shimobunda,,,,,,,,0,0,0,0,0,0,1,1,1947-04-17,,0,8610323,,,,,,,,,,,,,,,
432083,0035000,1,熊本県,クマモトケン,Kumamoto,,,,山鹿市,ヤマガシ,Yamaga-shi,,,,鹿本町庄,カモトマチショウ,Kamotomachi Sho,,,,,,,,0,0,0,0,0,0,1,1,1947-04-17,,0,8610301,,,,,,,,,,,,,,,
432083,0036000,1,熊本県,クマモトケン,Kumamoto,,,,山鹿市,ヤマガシ,Yamaga-shi,,,,鹿本町高橋,カモトマチタカハシ,Kamotomachi Takahashi,,,,,,,,0,0,0,0,0,0,1,1,1947-04-17,,0,8610303,,,,,,,,,,,,,,,
432083,0037000,1,熊本県,クマモトケン,Kumamoto,,,,山鹿市,ヤマガシ,Yamaga-shi,,,,鹿本町津袋,カモトマチツブクロ,Kamotomachi Tsubukuro,,,,,,,,0,0,0,0,0,0,1,1,1947-04-17,,0,8610302,,,,,,,,,,,,,,,
432083,0038000,1,熊本県,クマモトケン,Kumamoto,,,,山鹿市,ヤマガシ,Yamaga-shi,,,,鹿本町中川,カモトマチナカガワ,Kamotomachi Nakagawa,,,,,,,,0,0,0,0,0,0,1,1,1947-04-17,,0,8610314,,,,,,,,,,,,,,,
432083,0039000,1,熊本県,クマモトケン,Kumamoto,,,,山鹿市,ヤマガシ,Yamaga-shi,,,,鹿本町中富,カモトマチナカドミ,Kamotomachi Nakadomi,,,,,,,,0,0,0,0,0,0,1,1,1947-04-17,,0,8610313,,,,,,,,,,,,,,,
432083,0040000,1,熊本県,クマモトケン,Kumamoto,,,,山鹿市,ヤマガシ,Yamaga-shi,,,,鹿本町中分田,カモトマチナカブンダ,Kamotomachi Nakabunda,,,,,,,,0,0,0,0,0,0,1,1,1947-04-17,,0,8610322,,,,,,,,,,,,,,,
432083,0041000,1,熊本県,クマモトケン,Kumamoto,,,,山鹿市,ヤマガシ,Yamaga-shi,,,,鹿本町分田,カモトマチブンダ,Kamotomachi Bunda,,,,,,,,0,0,0,0,0,0,1,1,1947-04-17,,0,8610321,,,,,,,,,,,,,,,
432083,0042000,1,熊本県,クマモトケン,Kumamoto,,,,山鹿市,ヤマガシ,Yamaga-shi,,,,鹿本町御宇田,カモトマチミウタ,Kamotomachi Miuta,,,,,,,,0,0,0,0,0,0,1,1,1947-04-17,,0,8610304,,,,,,,,,,,,,,,
432083,0043000,1,熊本県,クマモトケン,Kumamoto,,,,山鹿市,ヤマガシ,Yamaga-shi,,,,川端町,カワバタマチ,Kawabatamachi,,,,,,,,0,0,0,0,0,0,1,1,1947-04-17,,0,8610519,,,,,,,,,,,,,,,
432083,0044000,1,熊本県,クマモトケン,Kumamoto,,,,山鹿市,ヤマガシ,Yamaga-shi,,,,菊鹿町相良,キクカマチアイラ,Kikukamachi Aira,,,,,,,,0,0,0,0,0,0,1,1,1947-04-17,,0,8610412,,,,,,,,,,,,,,,
432083,0045000,1,熊本県,クマモトケン,Kumamoto,,,,山鹿市,ヤマガシ,Yamaga-shi,,,,菊鹿町阿佐古,キクカマチアサゴ,Kikukamachi Asago,,,,,,,,0,0,0,0,0,0,1,1,1947-04-17,,0,8610421,,,,,,,,,,,,,,,
432083,0046000,1,熊本県,クマモトケン,Kumamoto,,,,山鹿市,ヤマガシ,Yamaga-shi,,,,菊鹿町池永,キクカマチイケナガ,Kikukamachi Ikenaga,,,,,,,,0,0,0,0,0,0,1,1,1947-04-17,,0,8610423,,,,,,,,,,,,,,,
432083,0047000,1,熊本県,クマモトケン,Kumamoto,,,,山鹿市,ヤマガシ,Yamaga-shi,,,,菊鹿町太田,キクカマチオオダ,Kikukamachi Oda,,,,,,,,0,0,0,0,0,0,1,1,1947-04-17,,0,8610402,,,,,,,,,,,,,,,
432083,0048000,1,熊本県,クマモトケン,Kumamoto,,,,山鹿市,ヤマガシ,Yamaga-shi,,,,菊鹿町上内田,キクカマチカミウチダ,Kikukamachi Kamiuchida,,,,,,,,0,0,0,0,0,0,1,1,1947-04-17,,0,8610414,,,,,,,,,,,,,,,
432083,0049000,1,熊本県,クマモトケン,Kumamoto,,,,山鹿市,ヤマガシ,Yamaga-shi,,,,菊鹿町上永野,キクカマチカミナガノ,Kikukamachi Kaminagano,,,,,,,,0,0,0,0,0,0,1,1,1947-04-17,,0,8610404,,,,,,,,,,,,,,,
432083,0050000,1,熊本県,クマモトケン,Kumamoto,,,,山鹿市,ヤマガシ,Yamaga-shi,,,,菊鹿町木野,キクカマチキノ,Kikukamachi Kino,,,,,,,,0,0,0,0,0,0,1,1,1947-04-17,,0,8610426,,,,,,,,,,,,,,,
432083,0051000,1,熊本県,クマモトケン,Kumamoto,,,,山鹿市,ヤマガシ,Yamaga-shi,,,,菊鹿町五郎丸,キクカマチゴロウマル,Kikukamachi Goromaru,,,,,,,,0,0,0,0,0,0,1,1,1947-04-17,,0,8610403,,,,,,,,,,,,,,,
432083,0052000,1,熊本県,クマモトケン,Kumamoto,,,,山鹿市,ヤマガシ,Yamaga-shi,,,,菊鹿町下内田,キクカマチシモウチダ,Kikukamachi Shimochida,,,,,,,,0,0,0,0,0,0,1,1,1947-04-17,,0,8610406,,,,,,,,,,,,,,,
432083,0053000,1,熊本県,クマモトケン,Kumamoto,,,,山鹿市,ヤマガシ,Yamaga-shi,,,,菊鹿町下永野,キクカマチシモナガノ,Kikukamachi Shimonagano,,,,,,,,0,0,0,0,0,0,1,1,1947-04-17,,0,8610405,,,,,,,,,,,,,,,
432083,0054000,1,熊本県,クマモトケン,Kumamoto,,,,山鹿市,ヤマガシ,Yamaga-shi,,,,菊鹿町長,キクカマチナガ,Kikukamachi Naga,,,,,,,,0,0,0,0,0,0,1,1,1947-04-17,,0,8610401,,,,,,,,,,,,,,,
432083,0055000,1,熊本県,クマモトケン,Kumamoto,,,,山鹿市,ヤマガシ,Yamaga-shi,,,,菊鹿町松尾,キクカマチマツオ,Kikukamachi Matsuo,,,,,,,,0,0,0,0,0,0,1,1,1947-04-17,,0,8610424,,,,,,,,,,,,,,,
432083,0056000,1,熊本県,クマモトケン,Kumamoto,,,,山鹿市,ヤマガシ,Yamaga-shi,,,,菊鹿町宮原,キクカマチミヤノハル,Kikukamachi Miyanoharu,,,,,,,,0,0,0,0,0,0,1,1,1947-04-17,,0,8610422,,,,,,,,,,,,,,,
432083,0057000,1,熊本県,クマモトケン,Kumamoto,,,,山鹿市,ヤマガシ,Yamaga-shi,,,,菊鹿町矢谷,キクカマチヤタニ,Kikukamachi Yatani,,,,,,,,0,0,0,0,0,0,1,1,1947-04-17,,0,8610413,,,,,,,,,,,,,,,
432083,0058000,1,熊本県,クマモトケン,Kumamoto,,,,山鹿市,ヤマガシ,Yamaga-shi,,,,菊鹿町山内,キクカマチヤマウチ,Kikukamachi Yamauchi,,,,,,,,0,0,0,0,0,0,1,1,1947-04-17,,0,8610411,,,,,,,,,,,,,,,
432083,0059000,1,熊本県,クマモトケン,Kumamoto,,,,山鹿市,ヤマガシ,Yamaga-shi,,,,菊鹿町米原,キクカマチヨナバル,Kikukamachi Yonabaru,,,,,,,,0,0,0,0,0,0,1,1,1947-04-17,,0,8610425,,,,,,,,,,,,,,,
432083,0060000,1,熊本県,クマモトケン,Kumamoto,,,,山鹿市,ヤマガシ,Yamaga-shi,,,,久原,クバル,Kubaru,,,,,,,,0,0,0,0,0,0,1,1,1947-04-17,,0,8610522,,,,,,,,,,,,,,,
432083,0061000,1,熊本県,クマモトケン,Kumamoto,,,,山鹿市,ヤマガシ,Yamaga-shi,,,,熊入町,クマイリマチ,Kumairimachi,,,,,,,,0,0,0,0,0,0,1,1,1947-04-17,,0,8610511,,,,,,,,,,,,,,,
432083,0063000,1,熊本県,クマモトケン,Kumamoto,,,,山鹿市,ヤマガシ,Yamaga-shi,,,,坂田,サカタ,Sakada,,,,,,,,0,0,0,0,0,0,1,1,1947-04-17,,0,8610546,,,,,,,,,,,,,,,
432083,0064000,1,熊本県,クマモトケン,Kumamoto,,,,山鹿市,ヤマガシ,Yamaga-shi,,,,志々岐,シジキ,Shijiki,,,,,,,,0,0,0,0,0,0,1,1,1947-04-17,,0,8610542,,,,,,,,,,,,,,,
432083,0065000,1,熊本県,クマモトケン,Kumamoto,,,,山鹿市,ヤマガシ,Yamaga-shi,,,,下吉田,シモヨシダ,Shimoyoshida,,,,,,,,0,0,0,0,0,0,1,1,1947-04-17,,0,8610526,,,,,,,,,,,,,,,
432083,0067000,1,熊本県,クマモトケン,Kumamoto,,,,山鹿市,ヤマガシ,Yamaga-shi,,,,昭和町,ショウワマチ,Showamachi,,,,,,,,0,0,0,0,0,0,1,1,1947-04-17,,0,8610515,,,,,,,,,,,,,,,
432083,0068000,1,熊本県,クマモトケン,Kumamoto,,,,山鹿市,ヤマガシ,Yamaga-shi,,,,新町,シンマチ,Shimmachi,,,,,,,,0,0,0,0,0,0,1,1,1947-04-17,,0,8610514,,,,,,,,,,,,,,,
432083,0069000,1,熊本県,クマモトケン,Kumamoto,,,,山鹿市,ヤマガシ,Yamaga-shi,,,,杉,スギ,Sugi,,,,,,,,0,0,0,0,0,0,1,1,1947-04-17,,0,8610552,,,,,,,,,,,,,,,
432083,0070000,1,熊本県,クマモトケン,Kumamoto,,,,山鹿市,ヤマガシ,Yamaga-shi,,,,中央通,チュウオウドオリ,Chuodori,,,,,,,,0,0,0,0,0,0,1,1,1947-04-17,,0,8610516,,,,,,,,,,,,,,,
432083,0071000,1,熊本県,クマモトケン,Kumamoto,,,,山鹿市,ヤマガシ,Yamaga-shi,,,,椿井,ツバイ,Tsubai,,,,,,,,0,0,0,0,0,0,1,1,1947-04-17,,0,8610548,,,,,,,,,,,,,,,
432083,0072000,1,熊本県,クマモトケン,Kumamoto,,,,山鹿市,ヤマガシ,Yamaga-shi,,,,津留,ツル,Tsuru,,,,,,,,0,0,0,0,0,0,1,1,1947-04-17,,0,8610551,,,,,,,,,,,,,,,
432083,0073000,1,熊本県,クマモトケン,Kumamoto,,,,山鹿市,ヤマガシ,Yamaga-shi,,,,寺島,テラジマ,Terajima,,,,,,,,0,0,0,0,0,0,1,1,1947-04-17,,0,8610527,,,,,,,,,,,,,,,
432083,0074000,1,熊本県,クマモトケン,Kumamoto,,,,山鹿市,ヤマガシ,Yamaga-shi,,,,中,ナカ,Naka,,,,,,,,0,0,0,0,0,0,1,1,1947-04-17,,0,8610531,,,,,,,,,,,,,,,
432083,0075000,1,熊本県,クマモトケン,Kumamoto,,,,山鹿市,ヤマガシ,Yamaga-shi,,,,長坂,ナガサカ,Nagasaka,,,,,,,,0,0,0,0,0,0,1,1,1947-04-17,,0,8610534,,,,,,,,,,,,,,,
432083,0076000,1,熊本県,クマモトケン,Kumamoto,,,,山鹿市,ヤマガシ,Yamaga-shi,,,,名塚,ナヅカ,Nazuka,,,,,,,,0,0,0,0,0,0,1,1,1947-04-17,,0,8610525,,,,,,,,,,,,,,,
432083,0077000,1,熊本県,クマモトケン,Kumamoto,,,,山鹿市,ヤマガシ,Yamaga-shi,,,,鍋田,ナベタ,Nabeta,,,,,,,,0,0,0,0,0,0,1,1,1947-04-17,,0,8610541,,,,,,,,,,,,,,,
432083,0078000,1,熊本県,クマモトケン,Kumamoto,,,,山鹿市,ヤマガシ,Yamaga-shi,,,,西牧,ニシマキ,Nishimaki,,,,,,,,0,0,0,0,0,0,1,1,1947-04-17,,0,8610545,,,,,,,,,,,,,,,
432083,0079000,1,熊本県,クマモトケン,Kumamoto,,,,山鹿市,ヤマガシ,Yamaga-shi,,,,平山,ヒラヤマ,Hirayama,,,,,,,,0,0,0,0,0,0,1,1,1947-04-17,,0,8610556,,,,,,,,,,,,,,,
432083,0081000,1,熊本県,クマモトケン,Kumamoto,,,,山鹿市,ヤマガシ,Yamaga-shi,,,,保多田,ホダタ,Hodata,,,,,,,,0,0,0,0,0,0,1,1,1947-04-17,,0,8610544,,,,,,,,,,,,,,,
432083,0082000,1,熊本県,クマモトケン,Kumamoto,,,,山鹿市,ヤマガシ,Yamaga-shi,,,,南島,ミナミジマ,Minamijima,,,,,,,,0,0,0,0,0,0,1,1,1947-04-17,,0,8610535,,,,,,,,,,,,,,,
432083,0083000,1,熊本県,クマモトケン,Kumamoto,,,,山鹿市,ヤマガシ,Yamaga-shi,,,,宗方,ムナカタ,Munakata,,,,,,,,0,0,0,0,0,0,1,1,1947-04-17,,0,8610513,,,,,,,,,,,,,,,
432083,0084000,1,熊本県,クマモトケン,Kumamoto,,,,山鹿市,ヤマガシ,Yamaga-shi,,,,宗方通,ムナカタドオリ,Munakatadori,,,,,,,,0,0,0,0,0,0,1,1,1947-04-17,,0,8610518,,,,,,,,,,,,,,,
432083,0085000,1,熊本県,クマモトケン,Kumamoto,,,,山鹿市,ヤマガシ,Yamaga-shi,,,,山鹿,ヤマガ,Yamaga,,,,,,,,0,0,0,0,0,0,1,1,1947-04-17,,0,8610501,,,,,,,,,,,,,,,
432083,0086000,1,熊本県,クマモトケン,Kumamoto,,,,山鹿市,ヤマガシ,Yamaga-shi,,,,蒲生,カモウ,,,,,,,,,0,0,0,0,0,0,1,0,1947-04-17,,1,,,,,,,,,,,,,,,,
432083,0087000,1,熊本県,クマモトケン,Kumamoto,,,,山鹿市,ヤマガシ,Yamaga-shi,,,,古閑,コガ,,,,,,,,,0,0,0,0,0,0,1,0,1947-04-17,,1,,,,,,,,,,,,,,,,
432083,0088000,1,熊本県,クマモトケン,Kumamoto,,,,山鹿市,ヤマガシ,Yamaga-shi,,,,小原,オバル,,,,,,,,,0,0,0,0,0,0,1,0,1947-04-17,,1,,,,,,,,,,,,,,,,
432083,0089000,1,熊本県,クマモトケン,Kumamoto,,,,山鹿市,ヤマガシ,Yamaga-shi,,,,城,ジョウ,,,,,,,,,0,0,0,0,0,0,1,0,1947-04-17,,1,,,,,,,,,,,,,,,,
432083,0090000,1,熊本県,クマモトケン,Kumamoto,,,,山鹿市,ヤマガシ,Yamaga-shi,,,,石,イシ,,,,,,,,,0,0,0,0,0,0,1,0,1947-04-17,,1,,,,,,,,,,,,,,,,
432083,0120000,1,熊本県,クマモトケン,Kumamoto,,,,山鹿市,ヤマガシ,Yamaga-shi,,,,藤井,フジイ,,,,,,,,,0,0,0,0,0,0,1,0,1947-04-17,,1,,,,,,,,,,,,,,,,
432105,0000306,3,熊本県,クマモトケン,Kumamoto,,,,菊池市,キクチシ,Kikuchi-shi,,,,,,,,,,広瀬,ヒロセ,Hirose,,0,0,0,0,0,0,1,1,1947-04-17,,0,8611314,,,,,,,,,,,,,,,
432105,0000307,3,熊本県,クマモトケン,Kumamoto,,,,菊池市,キクチシ,Kikuchi-shi,,,,,,,,,,市野瀬,イチノセ,Ichinose,,0,0,0,0,0,0,1,0,1947-04-17,,0,8611686,,,,,,,,,,,,,,,
432105,0000308,3,熊本県,クマモトケン,Kumamoto,,,,菊池市,キクチシ,Kikuchi-shi,,,,,,,,,,野間口,ノマグチ,Nomaguchi,,0,0,0,0,0,0,1,1,1947-04-17,,0,8611324,,,,,,,,,,,,,,,
432105,0001000,1,熊本県,クマモトケン,Kumamoto,,,,菊池市,キクチシ,Kikuchi-shi,,,,赤星,アカホシ,Akahoshi,,,,,,,,0,0,0,0,0,0,1,1,1947-04-17,,0,8611311,,,,,,,,,,,,,,,
432105,0001124,3,熊本県,クマモトケン,Kumamoto,,,,菊池市,キクチシ,Kikuchi-shi,,,,赤星,アカホシ,,,,,水溜,ミズタマリ,,,0,0,0,0,0,0,1,0,1947-04-17,,1,,,,,,,,,,,,,,,,
432105,0001125,3,熊本県,クマモトケン,Kumamoto,,,,菊池市,キクチシ,Kikuchi-shi,,,,赤星,アカホシ,,,,,前田,マエダ,,,0,0,0,0,0,0,1,0,1947-04-17,,1,,,,,,,,,,,,,,,,
432105,0001126,3,熊本県,クマモトケン,Kumamoto,,,,菊池市,キクチシ,Kikuchi-shi,,,,赤星,アカホシ,,,,,高殿,コウデン,,,0,0,0,0,0,0,1,0,1947-04-17,,1,,,,,,,,,,,,,,,,
432105,0001127,3,熊本県,クマモトケン,Kumamoto,,,,菊池市,キクチシ,Kikuchi-shi,,,,赤星,アカホシ,,,,,中道,ナカミチ,,,0,0,0,0,0,0,1,0,1947-04-17,,1,,,,,,,,,,,,,,,,
432105,0001128,3,熊本県,クマモトケン,Kumamoto,,,,菊池市,キクチシ,Kikuchi-shi,,,,赤星,アカホシ,,,,,真弓野,マユミノ,,,0,0,0,0,0,0,1,0,1947-04-17,,1,,,,,,,,,,,,,,,,
432105,0001129,3,熊本県,クマモトケン,Kumamoto,,,,菊池市,キクチシ,Kikuchi-shi,,,,赤星,アカホシ,,,,,池畑,イケハタ,,,0,0,0,0,0,0,1,0,1947-04-17,,1,,,,,,,,,,,,,,,,
432105,0001130,3,熊本県,クマモトケン,Kumamoto,,,,菊池市,キクチシ,Kikuchi-shi,,,,赤星,アカホシ,,,,,前屋敷,マエヤシキ,,,0,0,0,0,0,0,1,0,1947-04-17,,1,,,,,,,,,,,,,,,,
432105,0001131,3,熊本県,クマモトケン,Kumamoto,,,,菊池市,キクチシ,Kikuchi-shi,,,,赤星,アカホシ,,,,,水洗,ミズアライ,,,0,0,0,0,0,0,1,0,1947-04-17,,1,,,,,,,,,,,,,,,,
432105,0001132,3,熊本県,クマモトケン,Kumamoto,,,,菊池市,キクチシ,Kikuchi-shi,,,,赤星,アカホシ,,,,,井手ノ下,イデノシタ,,,0,0,0,0,0,0,1,0,1947-04-17,,1,,,,,,,,,,,,,,,,
432105,0001133,3,熊本県,クマモトケン,Kumamoto,,,,菊池市,キクチシ,Kikuchi-shi,,,,赤星,アカホシ,,,,,屋敷,ヤシキ,,,0,0,0,0,0,0,1,0,1947-04-17,,1,,,,,,,,,,,,,,,,
432105,0001134,3,熊本県,クマモトケン,Kumamoto,,,,菊池市,キクチシ,Kikuchi-shi,,,,赤星,アカホシ,,,,,長堀,ナガホリ,,,0,0,0,0,0,0,1,0,1947-04-17,,1,,,,,,,,,,,,,,,,
432105,0001135,3,熊本県,クマモトケン,Kumamoto,,,,菊池市,キクチシ,Kikuchi-shi,,,,赤星,アカホシ,,,,,観音瀨,カンノンゼ,,,0,0,0,0,0,0,1,0,1947-04-17,,1,,,,,,,*_*_MJ016185,,,,,,,,,
432105,0001136,3,熊本県,クマモトケン,Kumamoto,,,,菊池市,キクチシ,Kikuchi-shi,,,,赤星,アカホシ,,,,,九ツ溝,ココノツミゾ,,,0,0,0,0,0,0,1,0,1947-04-17,,1,,,,,,,,,,,,,,,,
432105,0001137,3,熊本県,クマモトケン,Kumamoto,,,,菊池市,キクチシ,Kikuchi-shi,,,,赤星,アカホシ,,,,,灰塚,ハイヅカ,,,0,0,0,0,0,0,1,0,1947-04-17,,1,,,,,,,,,,,,,,,,
432105,0001138,3,熊本県,クマモトケン,Kumamoto,,,,菊池市,キクチシ,Kikuchi-shi,,,,赤星,アカホシ,,,,,石道,イシドウ,,,0,0,0,0,0,0,1,0,1947-04-17,,1,,,,,,,,,,,,,,,,
432105,0001139,3,熊本県,クマモトケン,Kumamoto,,,,菊池市,キクチシ,Kikuchi-shi,,,,赤星,アカホシ,,,,,沼田,ヌマタ,,,0,0,0,0,0,0,1,0,1947-04-17,,1,,,,,,,,,,,,,,,,
432105,0001140,3,熊本県,クマモトケン,Kumamoto,,,,菊池市,キクチシ,Kikuchi-shi,,,,赤星,アカホシ,,,,,寿毛賀,ジユモガ,,,0,0,0,0,0,0,1,0,1947-04-17,,1,,,,,,,,,,,,,,,,
432105,0001141,3,熊本県,クマモトケン,Kumamoto,,,,菊池市,キクチシ,Kikuchi-shi,,,,赤星,アカホシ,,,,,福土,フクツチ,,,0,0,0,0,0,0,1,0,1947-04-17,,1,,,,,,,,,,,,,,,,
432105,0001142,3,熊本県,クマモトケン,Kumamoto,,,,菊池市,キクチシ,Kikuchi-shi,,,,赤星,アカホシ,,,,,宮ノ前,ミヤノマエ,,,0,0,0,0,0,0,1,0,1947-04-17,,1,,,,,,,,,,,,,,,,
432105,0001143,3,熊本県,クマモトケン,Kumamoto,,,,菊池市,キクチシ,Kikuchi-shi,,,,赤星,アカホシ,,,,,前畑,マエハタ,,,0,0,0,0,0,0,1,0,1947-04-17,,1,,,,,,,,,,,,,,,,
432105,0001144,3,熊本県,クマモトケン,Kumamoto,,,,菊池市,キクチシ,Kikuchi-shi,,,,赤星,アカホシ,,,,,井手ノ上,イデノウエ,,,0,0,0,0,0,0,1,0,1947-04-17,,1,,,,,,,,,,,,,,,,
432105,0001145,3,熊本県,クマモトケン,Kumamoto,,,,菊池市,キクチシ,Kikuchi-shi,,,,赤星,アカホシ,,,,,渕ノ上,フチノウエ,,,0,0,0,0,0,0,1,0,1947-04-17,,1,,,,,,,,,,,,,,,,
432105,0001146,3,熊本県,クマモトケン,Kumamoto,,,,菊池市,キクチシ,Kikuchi-shi,,,,赤星,アカホシ,,,,,鳥帽子折,エボウシオリ,,,0,0,0,0,0,0,1,0,1947-04-17,,1,,,,,,,,,,,,,,,,
432105,0001147,3,熊本県,クマモトケン,Kumamoto,,,,菊池市,キクチシ,Kikuchi-shi,,,,赤星,アカホシ,,,,,落水田,オチミズタ,,,0,0,0,0,0,0,1,0,1947-04-17,,1,,,,,,,,,,,,,,,,
432105,0001148,3,熊本県,クマモトケン,Kumamoto,,,,菊池市,キクチシ,Kikuchi-shi,,,,赤星,アカホシ,,,,,堂ノ本,ドウノモト,,,0,0,0,0,0,0,1,0,1947-04-17,,1,,,,,,,,,,,,,,,,
432105,0001149,3,熊本県,クマモトケン,Kumamoto,,,,菊池市,キクチシ,Kikuchi-shi,,,,赤星,アカホシ,,,,,万太郎,マンタロウ,,,0,0,0,0,0,0,1,0,1947-04-17,,1,,,,,,,,,,,,,,,,
432105,0001150,3,熊本県,クマモトケン,Kumamoto,,,,菊池市,キクチシ,Kikuchi-shi,,,,赤星,アカホシ,,,,,銭塚,ゼンヅカ,,,0,0,0,0,0,0,1,0,1947-04-17,,1,,,,,,,,,,,,,,,,
432105,0003000,1,熊本県,クマモトケン,Kumamoto,,,,菊池市,キクチシ,Kikuchi-shi,,,,出田,イデタ,Ideta,,,,,,,,0,0,0,0,0,0,1,1,1947-04-17,,0,8611313,,,,,,,,,,,,,,,
432105,0003141,3,熊本県,クマモトケン,Kumamoto,,,,菊池市,キクチシ,Kikuchi-shi,,,,出田,イデタ,,,,,黒龍,コクリユウ,,,0,0,0,0,0,0,1,0,1947-04-17,,1,,,,,,,,,,,,,,,,
432105,0003142,3,熊本県,クマモトケン,Kumamoto,,,,菊池市,キクチシ,Kikuchi-shi,,,,出田,イデタ,,,,,塔ノ島,トウノシマ,,,0,0,0,0,0,0,1,0,1947-04-17,,1,,,,,,,,,,,,,,,,
432105,0003143,3,熊本県,クマモトケン,Kumamoto,,,,菊池市,キクチシ,Kikuchi-shi,,,,出田,イデタ,,,,,上黒木,カミクロギ,,,0,0,0,0,0,0,1,0,1947-04-17,,1,,,,,,,,,,,,,,,,
432105,0003144,3,熊本県,クマモトケン,Kumamoto,,,,菊池市,キクチシ,Kikuchi-shi,,,,出田,イデタ,,,,,西屋敷,ニシヤシキ,,,0,0,0,0,0,0,1,0,1947-04-17,,1,,,,,,,,,,,,,,,,
432105,0003145,3,熊本県,クマモトケン,Kumamoto,,,,菊池市,キクチシ,Kikuchi-shi,,,,出田,イデタ,,,,,小六石,シヨウロツコク,,,0,0,0,0,0,0,1,0,1947-04-17,,1,,,,,,,,,,,,,,,,
432105,0003146,3,熊本県,クマモトケン,Kumamoto,,,,菊池市,キクチシ,Kikuchi-shi,,,,出田,イデタ,,,,,八反,ハツタン,,,0,0,0,0,0,0,1,0,1947-04-17,,1,,,,,,,,,,,,,,,,
432105,0003147,3,熊本県,クマモトケン,Kumamoto,,,,菊池市,キクチシ,Kikuchi-shi,,,,出田,イデタ,,,,,亀ノ甲,カメノコウ,,,0,0,0,0,0,0,1,0,1947-04-17,,1,,,,,,,,,,,,,,,,
432105,0003148,3,熊本県,クマモトケン,Kumamoto,,,,菊池市,キクチシ,Kikuchi-shi,,,,出田,イデタ,,,,,黒木,クロギ,,,0,0,0,0,0,0,1,0,1947-04-17,,1,,,,,,,,,,,,,,,,
432105,0003149,3,熊本県,クマモトケン,Kumamoto,,,,菊池市,キクチシ,Kikuchi-shi,,,,出田,イデタ,,,,,沖,オキ,,,0,0,0,0,0,0,1,0,1947-04-17,,1,,,,,,,,,,,,,,,,
432105,0003150,3,熊本県,クマモトケン,Kumamoto,,,,菊池市,キクチシ,Kikuchi-shi,,,,出田,イデタ,,,,,中道,ナカミチ,,,0,0,0,0,0,0,1,0,1947-04-17,,1,,,,,,,,,,,,,,,,
432105,0003151,3,熊本県,クマモトケン,Kumamoto,,,,菊池市,キクチシ,Kikuchi-shi,,,,出田,イデタ,,,,,東面ノ上,ヒガシメンノウエ,,,0,0,0,0,0,0,1,0,1947-04-17,,1,,,,,,,,,,,,,,,,
432105,0003152,3,熊本県,クマモトケン,Kumamoto,,,,菊池市,キクチシ,Kikuchi-shi,,,,出田,イデタ,,,,,芥神,アクタガミ,,,0,0,0,0,0,0,1,0,1947-04-17,,1,,,,,,,,,,,,,,,,
432105,0003153,3,熊本県,クマモトケン,Kumamoto,,,,菊池市,キクチシ,Kikuchi-shi,,,,出田,イデタ,,,,,孫江,マゴエ,,,0,0,0,0,0,0,1,0,1947-04-17,,1,,,,,,,,,,,,,,,,
432105,0003154,3,熊本県,クマモトケン,Kumamoto,,,,菊池市,キクチシ,Kikuchi-shi,,,,出田,イデタ,,,,,面ノ原,メンノハル,,,0,0,0,0,0,0,1,0,1947-04-17,,1,,,,,,,,,,,,,,,,
432105,0003155,3,熊本県,クマモトケン,Kumamoto,,,,菊池市,キクチシ,Kikuchi-shi,,,,出田,イデタ,,,,,池畑,イケハタ,,,0,0,0,0,0,0,1,0,1947-04-17,,1,,,,,,,,,,,,,,,,
432105,0003156,3,熊本県,クマモトケン,Kumamoto,,,,菊池市,キクチシ,Kikuchi-shi,,,,出田,イデタ,,,,,中ノ坪,ナカノツボ,,,0,0,0,0,0,0,1,0,1947-04-17,,1,,,,,,,,,,,,,,,,
432105,0003157,3,熊本県,クマモトケン,Kumamoto,,,,菊池市,キクチシ,Kikuchi-shi,,,,出田,イデタ,,,,,石原,イシハラ,,,0,0,0,0,0,0,1,0,1947-04-17,,1,,,,,,,,,,,,,,,,
432105,0003158,3,熊本県,クマモトケン,Kumamoto,,,,菊池市,キクチシ,Kikuchi-shi,,,,出田,イデタ,,,,,河原田,カワラダ,,,0,0,0,0,0,0,1,0,1947-04-17,,1,,,,,,,,,,,,,,,,
432105,0003159,3,熊本県,クマモトケン,Kumamoto,,,,菊池市,キクチシ,Kikuchi-shi,,,,出田,イデタ,,,,,山ノ上,ヤマノウエ,,,0,0,0,0,0,0,1,0,1947-04-17,,1,,,,,,,,,,,,,,,,
432105,0003160,3,熊本県,クマモトケン,Kumamoto,,,,菊池市,キクチシ,Kikuchi-shi,,,,出田,イデタ,,,,,西立野,ニシタテノ,,,0,0,0,0,0,0,1,0,1947-04-17,,1,,,,,,,,,,,,,,,,
432105,0003161,3,熊本県,クマモトケン,Kumamoto,,,,菊池市,キクチシ,Kikuchi-shi,,,,出田,イデタ,,,,,八久保,ヤクボ,,,0,0,0,0,0,0,1,0,1947-04-17,,1,,,,,,,,,,,,,,,,
432105,0003162,3,熊本県,クマモトケン,Kumamoto,,,,菊池市,キクチシ,Kikuchi-shi,,,,出田,イデタ,,,,,中松平,ナカマツビラ,,,0,0,0,0,0,0,1,0,1947-04-17,,1,,,,,,,,,,,,,,,,
432105,0003163,3,熊本県,クマモトケン,Kumamoto,,,,菊池市,キクチシ,Kikuchi-shi,,,,出田,イデタ,,,,,浦田,ウラタ,,,0,0,0,0,0,0,1,0,1947-04-17,,1,,,,,,,,,,,,,,,,
432105,0003164,3,熊本県,クマモトケン,Kumamoto,,,,菊池市,キクチシ,Kikuchi-shi,,,,出田,イデタ,,,,,小柳,コヤナギ,,,0,0,0,0,0,0,1,0,1947-04-17,,1,,,,,,,,,,,,,,,,
432105,0003165,3,熊本県,クマモトケン,Kumamoto,,,,菊池市,キクチシ,Kikuchi-shi,,,,出田,イデタ,,,,,六石,ロツコク,,,0,0,0,0,0,0,1,0,1947-04-17,,1,,,,,,,,,,,,,,,,
432105,0003166,3,熊本県,クマモトケン,Kumamoto,,,,菊池市,キクチシ,Kikuchi-shi,,,,出田,イデタ,,,,,天祇,アマギ,,,0,0,0,0,0,0,1,0,1947-04-17,,1,,,,,,,,,,,,,,,,
432105,0003167,3,熊本県,クマモトケン,Kumamoto,,,,菊池市,キクチシ,Kikuchi-shi,,,,出田,イデタ,,,,,東屋敷,ヒガシヤシキ,,,0,0,0,0,0,0,1,0,1947-04-17,,1,,,,,,,,,,,,,,,,
432105,0003168,3,熊本県,クマモトケン,Kumamoto,,,,菊池市,キクチシ,Kikuchi-shi,,,,出田,イデタ,,,,,車地,クルマヂ,,,0,0,0,0,0,0,1,0,1947-04-17,,1,,,,,,,,,,,,,,,,
432105,0003169,3,熊本県,クマモトケン,Kumamoto,,,,菊池市,キクチシ,Kikuchi-shi,,,,出田,イデタ,,,,,溝畑,ミゾハタ,,,0,0,0,0,0,0,1,0,1947-04-17,,1,,,,,,,,,,,,,,,,
432105,0003170,3,熊本県,クマモトケン,Kumamoto,,,,菊池市,キクチシ,Kikuchi-shi,,,,出田,イデタ,,,,,南車地,ミナミクルマヂ,,,0,0,0,0,0,0,1,0,1947-04-17,,1,,,,,,,,,,,,,,,,
432105,0003171,3,熊本県,クマモトケン,Kumamoto,,,,菊池市,キクチシ,Kikuchi-shi,,,,出田,イデタ,,,,,油殿,アブラデン,,,0,0,0,0,0,0,1,0,1947-04-17,,1,,,,,,,,,,,,,,,,
432105,0003172,3,熊本県,クマモトケン,Kumamoto,,,,菊池市,キクチシ,Kikuchi-shi,,,,出田,イデタ,,,,,松平,マツビラ,,,0,0,0,0,0,0,1,0,1947-04-17,,1,,,,,,,,,,,,,,,,
432105,0003173,3,熊本県,クマモトケン,Kumamoto,,,,菊池市,キクチシ,Kikuchi-shi,,,,出田,イデタ,,,,,東立野,ヒガシタテノ,,,0,0,0,0,0,0,1,0,1947-04-17,,1,,,,,,,,,,,,,,,,
432105,0003174,3,熊本県,クマモトケン,Kumamoto,,,,菊池市,キクチシ,Kikuchi-shi,,,,出田,イデタ,,,,,上ノ原,ウエノハラ,,,0,0,0,0,0,0,1,0,1947-04-17,,1,,,,,,,,,,,,,,,,
432105,0003175,3,熊本県,クマモトケン,Kumamoto,,,,菊池市,キクチシ,Kikuchi-shi,,,,出田,イデタ,,,,,上松平,カミマツビラ,,,0,0,0,0,0,0,1,0,1947-04-17,,1,,,,,,,,,,,,,,,,
432105,0003176,3,熊本県,クマモトケン,Kumamoto,,,,菊池市,キクチシ,Kikuchi-shi,,,,出田,イデタ,,,,,下黒木,シモクロギ,,,0,0,0,0,0,0,1,0,1947-04-17,,1,,,,,,,,,,,,,,,,
432105,0003177,3,熊本県,クマモトケン,Kumamoto,,,,菊池市,キクチシ,Kikuchi-shi,,,,出田,イデタ,,,,,花房,ハナブサ,,,0,0,0,0,0,0,1,0,1947-04-17,,1,,,,,,,,,,,,,,,,
432105,0003178,3,熊本県,クマモトケン,Kumamoto,,,,菊池市,キクチシ,Kikuchi-shi,,,,出田,イデタ,,,,,冷水,ヒヤミズ,,,0,0,0,0,0,0,1,0,1947-04-17,,1,,,,,,,,,,,,,,,,
432105,0003179,3,熊本県,クマモトケン,Kumamoto,,,,菊池市,キクチシ,Kikuchi-shi,,,,出田,イデタ,,,,,北溝畑,キタミゾハタ,,,0,0,0,0,0,0,1,0,1947-04-17,,1,,,,,,,,,,,,,,,,
432105,0003180,3,熊本県,クマモトケン,Kumamoto,,,,菊池市,キクチシ,Kikuchi-shi,,,,出田,イデタ,,,,,坂ノ上,サカノウエ,,,0,0,0,0,0,0,1,0,1947-04-17,,1,,,,,,,,,,,,,,,,
432105,0003181,3,熊本県,クマモトケン,Kumamoto,,,,菊池市,キクチシ,Kikuchi-shi,,,,出田,イデタ,,,,,西面ノ上,ニシメンノウエ,,,0,0,0,0,0,0,1,0,1947-04-17,,1,,,,,,,,,,,,,,,,
432105,0003182,3,熊本県,クマモトケン,Kumamoto,,,,菊池市,キクチシ,Kikuchi-shi,,,,出田,イデタ,,,,,西鶴,ニシヅル,,,0,0,0,0,0,0,1,0,1947-04-17,,1,,,,,,,,,,,,,,,,
432105,0004000,1,熊本県,クマモトケン,Kumamoto,,,,菊池市,キクチシ,Kikuchi-shi,,,,今,イマ,Ima,,,,,,,,0,0,0,0,0,0,1,1,1947-04-17,,0,8611303,,,,,,,,,,,,,,,
432105,0004113,3,熊本県,クマモトケン,Kumamoto,,,,菊池市,キクチシ,Kikuchi-shi,,,,今,イマ,,,,,南山ノ上,ミナミヤマノウエ,,,0,0,0,0,0,0,1,0,1947-04-17,,1,,,,,,,,,,,,,,,,
432105,0004114,3,熊本県,クマモトケン,Kumamoto,,,,菊池市,キクチシ,Kikuchi-shi,,,,今,イマ,,,,,五十帰,ゴジユウガエリ,,,0,0,0,0,0,0,1,0,1947-04-17,,1,,,,,,,,,,,,,,,,
432105,0004115,3,熊本県,クマモトケン,Kumamoto,,,,菊池市,キクチシ,Kikuchi-shi,,,,今,イマ,,,,,塘下,トモシタ,,,0,0,0,0,0,0,1,0,1947-04-17,,1,,,,,,,,,,,,,,,,
432105,0004116,3,熊本県,クマモトケン,Kumamoto,,,,菊池市,キクチシ,Kikuchi-shi,,,,今,イマ,,,,,森北,モリキタ,,,0,0,0,0,0,0,1,0,1947-04-17,,1,,,,,,,,,,,,,,,,
432105,0004117,3,熊本県,クマモトケン,Kumamoto,,,,菊池市,キクチシ,Kikuchi-shi,,,,今,イマ,,,,,石道,イシドウ,,,0,0,0,0,0,0,1,0,1947-04-17,,1,,,,,,,,,,,,,,,,
432105,0004118,3,熊本県,クマモトケン,Kumamoto,,,,菊池市,キクチシ,Kikuchi-shi,,,,今,イマ,,,,,前畑,マエハタ,,,0,0,0,0,0,0,1,0,1947-04-17,,1,,,,,,,,,,,,,,,,
432105,0004119,3,熊本県,クマモトケン,Kumamoto,,,,菊池市,キクチシ,Kikuchi-shi,,,,今,イマ,,,,,長田,ナガタ,,,0,0,0,0,0,0,1,0,1947-04-17,,1,,,,,,,,,,,,,,,,
432105,0004120,3,熊本県,クマモトケン,Kumamoto,,,,菊池市,キクチシ,Kikuchi-shi,,,,今,イマ,,,,,北山ノ上,キタヤマノウエ,,,0,0,0,0,0,0,1,0,1947-04-17,,1,,,,,,,,,,,,,,,,
432105,0004121,3,熊本県,クマモトケン,Kumamoto,,,,菊池市,キクチシ,Kikuchi-shi,,,,今,イマ,,,,,中道,ナカミチ,,,0,0,0,0,0,0,1,0,1947-04-17,,1,,,,,,,,,,,,,,,,
432105,0004122,3,熊本県,クマモトケン,Kumamoto,,,,菊池市,キクチシ,Kikuchi-shi,,,,今,イマ,,,,,中ノ原,ナカノハラ,,,0,0,0,0,0,0,1,0,1947-04-17,,1,,,,,,,,,,,,,,,,
432105,0004123,3,熊本県,クマモトケン,Kumamoto,,,,菊池市,キクチシ,Kikuchi-shi,,,,今,イマ,,,,,竹ノ下,タケノシタ,,,0,0,0,0,0,0,1,0,1947-04-17,,1,,,,,,,,,,,,,,,,
432105,0004124,3,熊本県,クマモトケン,Kumamoto,,,,菊池市,キクチシ,Kikuchi-shi,,,,今,イマ,,,,,寺免,テラメン,,,0,0,0,0,0,0,1,0,1947-04-17,,1,,,,,,,,,,,,,,,,
432105,0004125,3,熊本県,クマモトケン,Kumamoto,,,,菊池市,キクチシ,Kikuchi-shi,,,,今,イマ,,,,,居屋敷,イヤシキ,,,0,0,0,0,0,0,1,0,1947-04-17,,1,,,,,,,,,,,,,,,,
432105,0005000,1,熊本県,クマモトケン,Kumamoto,,,,菊池市,キクチシ,Kikuchi-shi,,,,大平,オオヒラ,Ohira,,,,,,,,0,0,0,0,0,0,1,1,1947-04-17,,0,8611683,,,,,,,,,,,,,,,
432105,0005122,3,熊本県,クマモトケン,Kumamoto,,,,菊池市,キクチシ,Kikuchi-shi,,,,大平,オオヒラ,,,,,下鶴,シモヅル,,,0,0,0,0,0,0,1,0,1947-04-17,,1,,,,,,,,,,,,,,,,
432105,0005123,3,熊本県,クマモトケン,Kumamoto,,,,菊池市,キクチシ,Kikuchi-shi,,,,大平,オオヒラ,,,,,東鶴,ヒガシヅル,,,0,0,0,0,0,0,1,0,1947-04-17,,1,,,,,,,,,,,,,,,,
432105,0005124,3,熊本県,クマモトケン,Kumamoto,,,,菊池市,キクチシ,Kikuchi-shi,,,,大平,オオヒラ,,,,,御藏,オクラ,,,0,0,0,0,0,0,1,0,1947-04-17,,1,,,,,,,,,,,,,,,,
432105,0005125,3,熊本県,クマモトケン,Kumamoto,,,,菊池市,キクチシ,Kikuchi-shi,,,,大平,オオヒラ,,,,,小柿,オカキ,,,0,0,0,0,0,0,1,0,1947-04-17,,1,,,,,,,,,,,,,,,,
432105,0005126,3,熊本県,クマモトケン,Kumamoto,,,,菊池市,キクチシ,Kikuchi-shi,,,,大平,オオヒラ,,,,,牧原,マキバル,,,0,0,0,0,0,0,1,0,1947-04-17,,1,,,,,,,,,,,,,,,,
432105,0005127,3,熊本県,クマモトケン,Kumamoto,,,,菊池市,キクチシ,Kikuchi-shi,,,,大平,オオヒラ,,,,,走落,ハシリオチ,,,0,0,0,0,0,0,1,0,1947-04-17,,1,,,,,,,,,,,,,,,,
432105,0005128,3,熊本県,クマモトケン,Kumamoto,,,,菊池市,キクチシ,Kikuchi-shi,,,,大平,オオヒラ,,,,,鳥越,トリゴエ,,,0,0,0,0,0,0,1,0,1947-04-17,,1,,,,,,,,,,,,,,,,
432105,0005129,3,熊本県,クマモトケン,Kumamoto,,,,菊池市,キクチシ,Kikuchi-shi,,,,大平,オオヒラ,,,,,三反田,サンタダ,,,0,0,0,0,0,0,1,0,1947-04-17,,1,,,,,,,,,,,,,,,,
432105,0005130,3,熊本県,クマモトケン,Kumamoto,,,,菊池市,キクチシ,Kikuchi-shi,,,,大平,オオヒラ,,,,,池ノ元,イケノモト,,,0,0,0,0,0,0,1,0,1947-04-17,,1,,,,,,,,,,,,,,,,
432105,0005131,3,熊本県,クマモトケン,Kumamoto,,,,菊池市,キクチシ,Kikuchi-shi,,,,大平,オオヒラ,,,,,南鶴,ミナミツル,,,0,0,0,0,0,0,1,0,1947-04-17,,1,,,,,,,,,,,,,,,,
432105,0005132,3,熊本県,クマモトケン,Kumamoto,,,,菊池市,キクチシ,Kikuchi-shi,,,,大平,オオヒラ,,,,,立岩,タテイワ,,,0,0,0,0,0,0,1,0,1947-04-17,,1,,,,,,,,,,,,,,,,
432105,0005133,3,熊本県,クマモトケン,Kumamoto,,,,菊池市,キクチシ,Kikuchi-shi,,,,大平,オオヒラ,,,,,大浦,オオウラ,,,0,0,0,0,0,0,1,0,1947-04-17,,1,,,,,,,,,,,,,,,,
432105,0005134,3,熊本県,クマモトケン,Kumamoto,,,,菊池市,キクチシ,Kikuchi-shi,,,,大平,オオヒラ,,,,,笹尾,ササオ,,,0,0,0,0,0,0,1,0,1947-04-17,,1,,,,,,,,,,,,,,,,
432105,0005135,3,熊本県,クマモトケン,Kumamoto,,,,菊池市,キクチシ,Kikuchi-shi,,,,大平,オオヒラ,,,,,鶴,ツル,,,0,0,0,0,0,0,1,0,1947-04-17,,1,,,,,,,,,,,,,,,,
432105,0005136,3,熊本県,クマモトケン,Kumamoto,,,,菊池市,キクチシ,Kikuchi-shi,,,,大平,オオヒラ,,,,,原ノ上,ハラノウエ,,,0,0,0,0,0,0,1,0,1947-04-17,,1,,,,,,,,,,,,,,,,
432105,0005137,3,熊本県,クマモトケン,Kumamoto,,,,菊池市,キクチシ,Kikuchi-shi,,,,大平,オオヒラ,,,,,長田,ナガタ,,,0,0,0,0,0,0,1,0,1947-04-17,,1,,,,,,,,,,,,,,,,
432105,0005138,3,熊本県,クマモトケン,Kumamoto,,,,菊池市,キクチシ,Kikuchi-shi,,,,大平,オオヒラ,,,,,深井迫,フカイサコ,,,0,0,0,0,0,0,1,0,1947-04-17,,1,,,,,,,,,,,,,,,,
432105,0005139,3,熊本県,クマモトケン,Kumamoto,,,,菊池市,キクチシ,Kikuchi-shi,,,,大平,オオヒラ,,,,,聖迫,ヒジリサコ,,,0,0,0,0,0,0,1,0,1947-04-17,,1,,,,,,,,,,,,,,,,
432105,0005140,3,熊本県,クマモトケン,Kumamoto,,,,菊池市,キクチシ,Kikuchi-shi,,,,大平,オオヒラ,,,,,寺面,テラメン,,,0,0,0,0,0,0,1,0,1947-04-17,,1,,,,,,,,,,,,,,,,
432105,0005141,3,熊本県,クマモトケン,Kumamoto,,,,菊池市,キクチシ,Kikuchi-shi,,,,大平,オオヒラ,,,,,西鶴,ニシヅル,,,0,0,0,0,0,0,1,0,1947-04-17,,1,,,,,,,,,,,,,,,,
432105,0005142,3,熊本県,クマモトケン,Kumamoto,,,,菊池市,キクチシ,Kikuchi-shi,,,,大平,オオヒラ,,,,,獺打田,ウソウチダ,,,0,0,0,0,0,0,1,0,1947-04-17,,1,,,,,,,,,,,,,,,,
432105,0006000,1,熊本県,クマモトケン,Kumamoto,,,,菊池市,キクチシ,Kikuchi-shi,,,,小木,オギ,Ogi,,,,,,,,0,0,0,0,0,0,1,1,1947-04-17,,0,8611673,,,,,,,,,,,,,,,
432105,0006145,3,熊本県,クマモトケン,Kumamoto,,,,菊池市,キクチシ,Kikuchi-shi,,,,小木,オギ,,,,,村上,ムラカミ,,,0,0,0,0,0,0,1,0,1947-04-17,,1,,,,,,,,,,,,,,,,
432105,0006146,3,熊本県,クマモトケン,Kumamoto,,,,菊池市,キクチシ,Kikuchi-shi,,,,小木,オギ,,,,,管ノ迫,スガノサコ,,,0,0,0,0,0,0,1,0,1947-04-17,,1,,,,,,,,,,,,,,,,
432105,0006147,3,熊本県,クマモトケン,Kumamoto,,,,菊池市,キクチシ,Kikuchi-shi,,,,小木,オギ,,,,,小楠野,オグスノ,,,0,0,0,0,0,0,1,0,1947-04-17,,1,,,,,,,,,,,,,,,,
432105,0006148,3,熊本県,クマモトケン,Kumamoto,,,,菊池市,キクチシ,Kikuchi-shi,,,,小木,オギ,,,,,原ノ西,ハラノニシ,,,0,0,0,0,0,0,1,0,1947-04-17,,1,,,,,,,,,,,,,,,,
432105,0006149,3,熊本県,クマモトケン,Kumamoto,,,,菊池市,キクチシ,Kikuchi-shi,,,,小木,オギ,,,,,井川谷,イガワダニ,,,0,0,0,0,0,0,1,0,1947-04-17,,1,,,,,,,,,,,,,,,,
432105,0006150,3,熊本県,クマモトケン,Kumamoto,,,,菊池市,キクチシ,Kikuchi-shi,,,,小木,オギ,,,,,辛野原,カラノハラ,,,0,0,0,0,0,0,1,0,1947-04-17,,1,,,,,,,,,,,,,,,,
432105,0006151,3,熊本県,クマモトケン,Kumamoto,,,,菊池市,キクチシ,Kikuchi-shi,,,,小木,オギ,,,,,橋ヶ谷,ハシガタニ,,,0,0,0,0,0,0,1,0,1947-04-17,,1,,,,,,,,,,,,,,,,
432105,0006152,3,熊本県,クマモトケン,Kumamoto,,,,菊池市,キクチシ,Kikuchi-shi,,,,小木,オギ,,,,,原,ハル,,,0,0,0,0,0,0,1,0,1947-04-17,,1,,,,,,,,,,,,,,,,
432105,0006153,3,熊本県,クマモトケン,Kumamoto,,,,菊池市,キクチシ,Kikuchi-shi,,,,小木,オギ,,,,,粢田,ヒトギデン,,,0,0,0,0,0,0,1,0,1947-04-17,,1,,,,,,,,,,,,,,,,
432105,0006154,3,熊本県,クマモトケン,Kumamoto,,,,菊池市,キクチシ,Kikuchi-shi,,,,小木,オギ,,,,,一ツ戸,ヒトツド,,,0,0,0,0,0,0,1,0,1947-04-17,,1,,,,,,,,,,,,,,,,
432105,0006155,3,熊本県,クマモトケン,Kumamoto,,,,菊池市,キクチシ,Kikuchi-shi,,,,小木,オギ,,,,,宮ノ下,ミヤノシタ,,,0,0,0,0,0,0,1,0,1947-04-17,,1,,,,,,,,,,,,,,,,
432105,0006156,3,熊本県,クマモトケン,Kumamoto,,,,菊池市,キクチシ,Kikuchi-shi,,,,小木,オギ,,,,,大谷,オオタニ,,,0,0,0,0,0,0,1,0,1947-04-17,,1,,,,,,,,,,,,,,,,
432105,0006157,3,熊本県,クマモトケン,Kumamoto,,,,菊池市,キクチシ,Kikuchi-shi,,,,小木,オギ,,,,,下塩井谷,シモシオイタニ,,,0,0,0,0,0,0,1,0,1947-04-17,,1,,,,,,,,,,,,,,,,
432105,0006158,3,熊本県,クマモトケン,Kumamoto,,,,菊池市,キクチシ,Kikuchi-shi,,,,小木,オギ,,,,,辛野前,カラノマエ,,,0,0,0,0,0,0,1,0,1947-04-17,,1,,,,,,,,,,,,,,,,
432105,0006159,3,熊本県,クマモトケン,Kumamoto,,,,菊池市,キクチシ,Kikuchi-shi,,,,小木,オギ,,,,,山中谷,ヤマナカダニ,,,0,0,0,0,0,0,1,0,1947-04-17,,1,,,,,,,,,,,,,,,,
432105,0006160,3,熊本県,クマモトケン,Kumamoto,,,,菊池市,キクチシ,Kikuchi-shi,,,,小木,オギ,,,,,中村,ナカムラ,,,0,0,0,0,0,0,1,0,1947-04-17,,1,,,,,,,,,,,,,,,,
432105,0006161,3,熊本県,クマモトケン,Kumamoto,,,,菊池市,キクチシ,Kikuchi-shi,,,,小木,オギ,,,,,笹ヶ堂,ササガドウ,,,0,0,0,0,0,0,1,0,1947-04-17,,1,,,,,,,,,,,,,,,,
432105,0006162,3,熊本県,クマモトケン,Kumamoto,,,,菊池市,キクチシ,Kikuchi-shi,,,,小木,オギ,,,,,岩下,イワシタ,,,0,0,0,0,0,0,1,0,1947-04-17,,1,,,,,,,,,,,,,,,,
432105,0006163,3,熊本県,クマモトケン,Kumamoto,,,,菊池市,キクチシ,Kikuchi-shi,,,,小木,オギ,,,,,椎木谷,シイノキダニ,,,0,0,0,0,0,0,1,0,1947-04-17,,1,,,,,,,,,,,,,,,,
432105,0006164,3,熊本県,クマモトケン,Kumamoto,,,,菊池市,キクチシ,Kikuchi-shi,,,,小木,オギ,,,,,辛野,カラノ,,,0,0,0,0,0,0,1,0,1947-04-17,,1,,,,,,,,,,,,,,,,
432105,0006165,3,熊本県,クマモトケン,Kumamoto,,,,菊池市,キクチシ,Kikuchi-shi,,,,小木,オギ,,,,,尾無原,オナシバル,,,0,0,0,0,0,0,1,0,1947-04-17,,1,,,,,,,,,,,,,,,,
432105,0006166,3,熊本県,クマモトケン,Kumamoto,,,,菊池市,キクチシ,Kikuchi-shi,,,,小木,オギ,,,,,駄床谷,ダドコダニ,,,0,0,0,0,0,0,1,0,1947-04-17,,1,,,,,,,,,,,,,,,,
432105,0006167,3,熊本県,クマモトケン,Kumamoto,,,,菊池市,キクチシ,Kikuchi-shi,,,,小木,オギ,,,,,上白木,カミシラキ,,,0,0,0,0,0,0,1,0,1947-04-17,,1,,,,,,,,,,,,,,,,
432105,0006168,3,熊本県,クマモトケン,Kumamoto,,,,菊池市,キクチシ,Kikuchi-shi,,,,小木,オギ,,,,,検校谷,ケンゴウダニ,,,0,0,0,0,0,0,1,0,1947-04-17,,1,,,,,,,,,,,,,,,,
432105,0006169,3,熊本県,クマモトケン,Kumamoto,,,,菊池市,キクチシ,Kikuchi-shi,,,,小木,オギ,,,,,檞ノ本,トチノモト,,,0,0,0,0,0,0,1,0,1947-04-17,,1,,,,,,,,,,,,,,,,
432105,0006170,3,熊本県,クマモトケン,Kumamoto,,,,菊池市,キクチシ,Kikuchi-shi,,,,小木,オギ,,,,,谷山,タニヤマ,,,0,0,0,0,0,0,1,0,1947-04-17,,1,,,,,,,,,,,,,,,,
432105,0006171,3,熊本県,クマモトケン,Kumamoto,,,,菊池市,キクチシ,Kikuchi-shi,,,,小木,オギ,,,,,下古閑前,シモコガマエ,,,0,0,0,0,0,0,1,0,1947-04-17,,1,,,,,,,,,,,,,,,,
432105,0006172,3,熊本県,クマモトケン,Kumamoto,,,,菊池市,キクチシ,Kikuchi-shi,,,,小木,オギ,,,,,上西嶽,カミニシガタケ,,,0,0,0,0,0,0,1,0,1947-04-17,,1,,,,,,,,,,,,,,,,
432105,0006173,3,熊本県,クマモトケン,Kumamoto,,,,菊池市,キクチシ,Kikuchi-shi,,,,小木,オギ,,,,,一ノ谷,イチノタニ,,,0,0,0,0,0,0,1,0,1947-04-17,,1,,,,,,,,,,,,,,,,
432105,0006174,3,熊本県,クマモトケン,Kumamoto,,,,菊池市,キクチシ,Kikuchi-shi,,,,小木,オギ,,,,,原ノ南,ハラノミナミ,,,0,0,0,0,0,0,1,0,1947-04-17,,1,,,,,,,,,,,,,,,,
432105,0006175,3,熊本県,クマモトケン,Kumamoto,,,,菊池市,キクチシ,Kikuchi-shi,,,,小木,オギ,,,,,下古閑,シモコガ,,,0,0,0,0,0,0,1,0,1947-04-17,,1,,,,,,,,,,,,,,,,
432105,0006176,3,熊本県,クマモトケン,Kumamoto,,,,菊池市,キクチシ,Kikuchi-shi,,,,小木,オギ,,,,,陣内,ジンナイ,,,0,0,0,0,0,0,1,0,1947-04-17,,1,,,,,,,,,,,,,,,,
432105,0006177,3,熊本県,クマモトケン,Kumamoto,,,,菊池市,キクチシ,Kikuchi-shi,,,,小木,オギ,,,,,上塩井谷,カミシオイタニ,,,0,0,0,0,0,0,1,0,1947-04-17,,1,,,,,,,,,,,,,,,,
432105,0006178,3,熊本県,クマモトケン,Kumamoto,,,,菊池市,キクチシ,Kikuchi-shi,,,,小木,オギ,,,,,村後,ムラウシロ,,,0,0,0,0,0,0,1,0,1947-04-17,,1,,,,,,,,,,,,,,,,
432105,0006179,3,熊本県,クマモトケン,Kumamoto,,,,菊池市,キクチシ,Kikuchi-shi,,,,小木,オギ,,,,,辛野谷,カラノタニ,,,0,0,0,0,0,0,1,0,1947-04-17,,1,,,,,,,,,,,,,,,,
432105,0006180,3,熊本県,クマモトケン,Kumamoto,,,,菊池市,キクチシ,Kikuchi-shi,,,,小木,オギ,,,,,宮ノ上,ミヤノウエ,,,0,0,0,0,0,0,1,0,1947-04-17,,1,,,,,,,,,,,,,,,,
432105,0006181,3,熊本県,クマモトケン,Kumamoto,,,,菊池市,キクチシ,Kikuchi-shi,,,,小木,オギ,,,,,下西嶽,シモニシガタケ,,,0,0,0,0,0,0,1,0,1947-04-17,,1,,,,,,,,,,,,,,,,
432105,0006182,3,熊本県,クマモトケン,Kumamoto,,,,菊池市,キクチシ,Kikuchi-shi,,,,小木,オギ,,,,,中村前,ナカムラマエ,,,0,0,0,0,0,0,1,0,1947-04-17,,1,,,,,,,,,,,,,,,,
432105,0006183,3,熊本県,クマモトケン,Kumamoto,,,,菊池市,キクチシ,Kikuchi-shi,,,,小木,オギ,,,,,深田,フカタ,,,0,0,0,0,0,0,1,0,1947-04-17,,1,,,,,,,,,,,,,,,,
432105,0006184,3,熊本県,クマモトケン,Kumamoto,,,,菊池市,キクチシ,Kikuchi-shi,,,,小木,オギ,,,,,釜額,カマビタイ,,,0,0,0,0,0,0,1,0,1947-04-17,,1,,,,,,,,,,,,,,,,
432105,0006185,3,熊本県,クマモトケン,Kumamoto,,,,菊池市,キクチシ,Kikuchi-shi,,,,小木,オギ,,,,,犬泣,イヌナキ,,,0,0,0,0,0,0,1,0,1947-04-17,,1,,,,,,,,,,,,,,,,
432105,0006186,3,熊本県,クマモトケン,Kumamoto,,,,菊池市,キクチシ,Kikuchi-shi,,,,小木,オギ,,,,,長迫谷,ナガサコダニ,,,0,0,0,0,0,0,1,0,1947-04-17,,1,,,,,,,,,,,,,,,,
432105,0006187,3,熊本県,クマモトケン,Kumamoto,,,,菊池市,キクチシ,Kikuchi-shi,,,,小木,オギ,,,,,五枚,ゴマイ,,,0,0,0,0,0,0,1,0,1947-04-17,,1,,,,,,,,,,,,,,,,
432105,0006188,3,熊本県,クマモトケン,Kumamoto,,,,菊池市,キクチシ,Kikuchi-shi,,,,小木,オギ,,,,,道ノ上,ミチノウエ,,,0,0,0,0,0,0,1,0,1947-04-17,,1,,,,,,,,,,,,,,,,
432105,0006189,3,熊本県,クマモトケン,Kumamoto,,,,菊池市,キクチシ,Kikuchi-shi,,,,小木,オギ,,,,,松ヶ迫,マツガサコ,,,0,0,0,0,0,0,1,0,1947-04-17,,1,,,,,,,,,,,,,,,,
432105,0007000,1,熊本県,クマモトケン,Kumamoto,,,,菊池市,キクチシ,Kikuchi-shi,,,,片角,カタカク,Katakaku,,,,,,,,0,0,0,0,0,0,1,1,1947-04-17,,0,8611307,,,,,,,,,,,,,,,
432105,0007108,3,熊本県,クマモトケン,Kumamoto,,,,菊池市,キクチシ,Kikuchi-shi,,,,片角,カタカク,,,,,森之本,モリノモト,,,0,0,0,0,0,0,1,0,1947-04-17,,1,,,,,,,,,,,,,,,,
432105,0007109,3,熊本県,クマモトケン,Kumamoto,,,,菊池市,キクチシ,Kikuchi-shi,,,,片角,カタカク,,,,,前田,マエダ,,,0,0,0,0,0,0,1,0,1947-04-17,,1,,,,,,,,,,,,,,,,
432105,0007110,3,熊本県,クマモトケン,Kumamoto,,,,菊池市,キクチシ,Kikuchi-shi,,,,片角,カタカク,,,,,蒦引,ワクビキ,,,0,0,0,0,0,0,1,0,1947-04-17,,1,,,,,,,MJ022475_*,,,,,,,,,
432105,0007111,3,熊本県,クマモトケン,Kumamoto,,,,菊池市,キクチシ,Kikuchi-shi,,,,片角,カタカク,,,,,田福,タフク,,,0,0,0,0,0,0,1,0,1947-04-17,,1,,,,,,,,,,,,,,,,
432105,0007112,3,熊本県,クマモトケン,Kumamoto,,,,菊池市,キクチシ,Kikuchi-shi,,,,片角,カタカク,,,,,西原,ニシバル,,,0,0,0,0,0,0,1,0,1947-04-17,,1,,,,,,,,,,,,,,,,
432105,0007113,3,熊本県,クマモトケン,Kumamoto,,,,菊池市,キクチシ,Kikuchi-shi,,,,片角,カタカク,,,,,立石,タテイシ,,,0,0,0,0,0,0,1,0,1947-04-17,,1,,,,,,,,,,,,,,,,
432105,0007114,3,熊本県,クマモトケン,Kumamoto,,,,菊池市,キクチシ,Kikuchi-shi,,,,片角,カタカク,,,,,中河原,ナカガワラ,,,0,0,0,0,0,0,1,0,1947-04-17,,1,,,,,,,,,,,,,,,,
432105,0007115,3,熊本県,クマモトケン,Kumamoto,,,,菊池市,キクチシ,Kikuchi-shi,,,,片角,カタカク,,,,,光善寺,コウゼンジ,,,0,0,0,0,0,0,1,0,1947-04-17,,1,,,,,,,,,,,,,,,,
432105,0008000,1,熊本県,クマモトケン,Kumamoto,,,,菊池市,キクチシ,Kikuchi-shi,,,,木柑子,キコウジ,Kikoji,,,,,,,,0,0,0,0,0,0,1,1,1947-04-17,,0,8611315,,,,,,,,,,,,,,,
432105,0008126,3,熊本県,クマモトケン,Kumamoto,,,,菊池市,キクチシ,Kikuchi-shi,,,,木柑子,キコウジ,,,,,英,ハナブサ,,,0,0,0,0,0,0,1,0,1947-04-17,,1,,,,,,,,,,,,,,,,
432105,0008127,3,熊本県,クマモトケン,Kumamoto,,,,菊池市,キクチシ,Kikuchi-shi,,,,木柑子,キコウジ,,,,,小迫,コサコ,,,0,0,0,0,0,0,1,0,1947-04-17,,1,,,,,,,,,,,,,,,,
432105,0008128,3,熊本県,クマモトケン,Kumamoto,,,,菊池市,キクチシ,Kikuchi-shi,,,,木柑子,キコウジ,,,,,東浦田平,ヒガシウラタヒラ,,,0,0,0,0,0,0,1,0,1947-04-17,,1,,,,,,,,,,,,,,,,
432105,0008129,3,熊本県,クマモトケン,Kumamoto,,,,菊池市,キクチシ,Kikuchi-shi,,,,木柑子,キコウジ,,,,,丸畑,マルハタ,,,0,0,0,0,0,0,1,0,1947-04-17,,1,,,,,,,,,,,,,,,,
432105,0008130,3,熊本県,クマモトケン,Kumamoto,,,,菊池市,キクチシ,Kikuchi-shi,,,,木柑子,キコウジ,,,,,西ノ平,ニシノヒラ,,,0,0,0,0,0,0,1,0,1947-04-17,,1,,,,,,,,,,,,,,,,
432105,0008131,3,熊本県,クマモトケン,Kumamoto,,,,菊池市,キクチシ,Kikuchi-shi,,,,木柑子,キコウジ,,,,,上辻,カミツジ,,,0,0,0,0,0,0,1,0,1947-04-17,,1,,,,,,,,,,,,,,,,
432105,0008132,3,熊本県,クマモトケン,Kumamoto,,,,菊池市,キクチシ,Kikuchi-shi,,,,木柑子,キコウジ,,,,,石原,イシハル,,,0,0,0,0,0,0,1,0,1947-04-17,,1,,,,,,,,,,,,,,,,
432105,0008133,3,熊本県,クマモトケン,Kumamoto,,,,菊池市,キクチシ,Kikuchi-shi,,,,木柑子,キコウジ,,,,,西山ノ上,ニシヤマノウエ,,,0,0,0,0,0,0,1,0,1947-04-17,,1,,,,,,,,,,,,,,,,
432105,0008134,3,熊本県,クマモトケン,Kumamoto,,,,菊池市,キクチシ,Kikuchi-shi,,,,木柑子,キコウジ,,,,,下向原,シモムカイバル,,,0,0,0,0,0,0,1,0,1947-04-17,,1,,,,,,,,,,,,,,,,
432105,0008135,3,熊本県,クマモトケン,Kumamoto,,,,菊池市,キクチシ,Kikuchi-shi,,,,木柑子,キコウジ,,,,,東屋敷,ヒガシヤシキ,,,0,0,0,0,0,0,1,0,1947-04-17,,1,,,,,,,,,,,,,,,,
432105,0008136,3,熊本県,クマモトケン,Kumamoto,,,,菊池市,キクチシ,Kikuchi-shi,,,,木柑子,キコウジ,,,,,上向原,カミムカイバル,,,0,0,0,0,0,0,1,0,1947-04-17,,1,,,,,,,,,,,,,,,,
432105,0008137,3,熊本県,クマモトケン,Kumamoto,,,,菊池市,キクチシ,Kikuchi-shi,,,,木柑子,キコウジ,,,,,丸ノ平,マルノヒラ,,,0,0,0,0,0,0,1,0,1947-04-17,,1,,,,,,,,,,,,,,,,
432105,0008138,3,熊本県,クマモトケン,Kumamoto,,,,菊池市,キクチシ,Kikuchi-shi,,,,木柑子,キコウジ,,,,,西田,ニシダ,,,0,0,0,0,0,0,1,0,1947-04-17,,1,,,,,,,,,,,,,,,,
432105,0008139,3,熊本県,クマモトケン,Kumamoto,,,,菊池市,キクチシ,Kikuchi-shi,,,,木柑子,キコウジ,,,,,下沖,シモオキ,,,0,0,0,0,0,0,1,0,1947-04-17,,1,,,,,,,,,,,,,,,,
432105,0008140,3,熊本県,クマモトケン,Kumamoto,,,,菊池市,キクチシ,Kikuchi-shi,,,,木柑子,キコウジ,,,,,東山ノ上,ヒガシヤマノウエ,,,0,0,0,0,0,0,1,0,1947-04-17,,1,,,,,,,,,,,,,,,,
432105,0008141,3,熊本県,クマモトケン,Kumamoto,,,,菊池市,キクチシ,Kikuchi-shi,,,,木柑子,キコウジ,,,,,西浦田平,ニシウラタヒラ,,,0,0,0,0,0,0,1,0,1947-04-17,,1,,,,,,,,,,,,,,,,
432105,0008142,3,熊本県,クマモトケン,Kumamoto,,,,菊池市,キクチシ,Kikuchi-shi,,,,木柑子,キコウジ,,,,,中辻,ナカツジ,,,0,0,0,0,0,0,1,0,1947-04-17,,1,,,,,,,,,,,,,,,,
432105,0008143,3,熊本県,クマモトケン,Kumamoto,,,,菊池市,キクチシ,Kikuchi-shi,,,,木柑子,キコウジ,,,,,上沖,カミオキ,,,0,0,0,0,0,0,1,0,1947-04-17,,1,,,,,,,,,,,,,,,,
432105,0008144,3,熊本県,クマモトケン,Kumamoto,,,,菊池市,キクチシ,Kikuchi-shi,,,,木柑子,キコウジ,,,,,西原,ニシバル,,,0,0,0,0,0,0,1,0,1947-04-17,,1,,,,,,,,,,,,,,,,
432105,0008145,3,熊本県,クマモトケン,Kumamoto,,,,菊池市,キクチシ,Kikuchi-shi,,,,木柑子,キコウジ,,,,,下辻,シモツジ,,,0,0,0,0,0,0,1,0,1947-04-17,,1,,,,,,,,,,,,,,,,
432105,0008146,3,熊本県,クマモトケン,Kumamoto,,,,菊池市,キクチシ,Kikuchi-shi,,,,木柑子,キコウジ,,,,,下原,シモバル,,,0,0,0,0,0,0,1,0,1947-04-17,,1,,,,,,,,,,,,,,,,
432105,0008147,3,熊本県,クマモトケン,Kumamoto,,,,菊池市,キクチシ,Kikuchi-shi,,,,木柑子,キコウジ,,,,,東鶴,ヒガシヅル,,,0,0,0,0,0,0,1,0,1947-04-17,,1,,,,,,,,,,,,,,,,
432105,0008148,3,熊本県,クマモトケン,Kumamoto,,,,菊池市,キクチシ,Kikuchi-shi,,,,木柑子,キコウジ,,,,,横田,ヨコタ,,,0,0,0,0,0,0,1,0,1947-04-17,,1,,,,,,,,,,,,,,,,
432105,0008149,3,熊本県,クマモトケン,Kumamoto,,,,菊池市,キクチシ,Kikuchi-shi,,,,木柑子,キコウジ,,,,,西屋敷,ニシヤシキ,,,0,0,0,0,0,0,1,0,1947-04-17,,1,,,,,,,,,,,,,,,,
432105,0008150,3,熊本県,クマモトケン,Kumamoto,,,,菊池市,キクチシ,Kikuchi-shi,,,,木柑子,キコウジ,,,,,上原,ウエハラ,,,0,0,0,0,0,0,1,0,1947-04-17,,1,,,,,,,,,,,,,,,,
432105,0009000,1,熊本県,クマモトケン,Kumamoto,,,,菊池市,キクチシ,Kikuchi-shi,,,,北宮,キタミヤ,Kitamiya,,,,,,,,0,0,0,0,0,0,1,1,1947-04-17,,0,8611305,,,,,,,,,,,,,,,
432105,0009112,3,熊本県,クマモトケン,Kumamoto,,,,菊池市,キクチシ,Kikuchi-shi,,,,北宮,キタミヤ,,,,,北田,キタダ,,,0,0,0,0,0,0,1,0,1947-04-17,,1,,,,,,,,,,,,,,,,
432105,0009113,3,熊本県,クマモトケン,Kumamoto,,,,菊池市,キクチシ,Kikuchi-shi,,,,北宮,キタミヤ,,,,,城ノ堀,シロノホリ,,,0,0,0,0,0,0,1,0,1947-04-17,,1,,,,,,,,,,,,,,,,
432105,0009114,3,熊本県,クマモトケン,Kumamoto,,,,菊池市,キクチシ,Kikuchi-shi,,,,北宮,キタミヤ,,,,,居屋敷,イヤシキ,,,0,0,0,0,0,0,1,0,1947-04-17,,1,,,,,,,,,,,,,,,,
432105,0009115,3,熊本県,クマモトケン,Kumamoto,,,,菊池市,キクチシ,Kikuchi-shi,,,,北宮,キタミヤ,,,,,川端,カワバタ,,,0,0,0,0,0,0,1,0,1947-04-17,,1,,,,,,,,,,,,,,,,
432105,0009116,3,熊本県,クマモトケン,Kumamoto,,,,菊池市,キクチシ,Kikuchi-shi,,,,北宮,キタミヤ,,,,,高原,タカハラ,,,0,0,0,0,0,0,1,0,1947-04-17,,1,,,,,,,,,,,,,,,,
432105,0009117,3,熊本県,クマモトケン,Kumamoto,,,,菊池市,キクチシ,Kikuchi-shi,,,,北宮,キタミヤ,,,,,上市場,カミイチバ,,,0,0,0,0,0,0,1,0,1947-04-17,,1,,,,,,,,,,,,,,,,
432105,0009118,3,熊本県,クマモトケン,Kumamoto,,,,菊池市,キクチシ,Kikuchi-shi,,,,北宮,キタミヤ,,,,,下西原,シモニシハラ,,,0,0,0,0,0,0,1,0,1947-04-17,,1,,,,,,,,,,,,,,,,
432105,0009119,3,熊本県,クマモトケン,Kumamoto,,,,菊池市,キクチシ,Kikuchi-shi,,,,北宮,キタミヤ,,,,,水落,ミズオチ,,,0,0,0,0,0,0,1,0,1947-04-17,,1,,,,,,,,,,,,,,,,
432105,0009120,3,熊本県,クマモトケン,Kumamoto,,,,菊池市,キクチシ,Kikuchi-shi,,,,北宮,キタミヤ,,,,,中河原,ナカガワラ,,,0,0,0,0,0,0,1,0,1947-04-17,,1,,,,,,,,,,,,,,,,
432105,0009121,3,熊本県,クマモトケン,Kumamoto,,,,菊池市,キクチシ,Kikuchi-shi,,,,北宮,キタミヤ,,,,,西原,ニシハラ,,,0,0,0,0,0,0,1,0,1947-04-17,,1,,,,,,,,,,,,,,,,
432105,0009122,3,熊本県,クマモトケン,Kumamoto,,,,菊池市,キクチシ,Kikuchi-shi,,,,北宮,キタミヤ,,,,,下市場,シモイチバ,,,0,0,0,0,0,0,1,0,1947-04-17,,1,,,,,,,,,,,,,,,,
432105,0010000,1,熊本県,クマモトケン,Kumamoto,,,,菊池市,キクチシ,Kikuchi-shi,,,,木野,キノ,Kino,,,,,,,,0,0,0,0,0,0,1,1,1947-04-17,,0,8611326,,,,,,,,,,,,,,,
432105,0010108,3,熊本県,クマモトケン,Kumamoto,,,,菊池市,キクチシ,Kikuchi-shi,,,,木野,キノ,,,,,深迫,フカサコ,,,0,0,0,0,0,0,1,0,1947-04-17,,1,,,,,,,,,,,,,,,,
432105,0010109,3,熊本県,クマモトケン,Kumamoto,,,,菊池市,キクチシ,Kikuchi-shi,,,,木野,キノ,,,,,山田,ヤマダ,,,0,0,0,0,0,0,1,0,1947-04-17,,1,,,,,,,,,,,,,,,,
432105,0010110,3,熊本県,クマモトケン,Kumamoto,,,,菊池市,キクチシ,Kikuchi-shi,,,,木野,キノ,,,,,上七十帰,カミヒチジユガエ,,,0,0,0,0,0,0,1,0,1947-04-17,,1,,,,,,,,,,,,,,,,
432105,0010111,3,熊本県,クマモトケン,Kumamoto,,,,菊池市,キクチシ,Kikuchi-shi,,,,木野,キノ,,,,,樋ノ口,ヒノクチ,,,0,0,0,0,0,0,1,0,1947-04-17,,1,,,,,,,,,,,,,,,,
432105,0010112,3,熊本県,クマモトケン,Kumamoto,,,,菊池市,キクチシ,Kikuchi-shi,,,,木野,キノ,,,,,外目,ホカメ,,,0,0,0,0,0,0,1,0,1947-04-17,,1,,,,,,,,,,,,,,,,
432105,0010113,3,熊本県,クマモトケン,Kumamoto,,,,菊池市,キクチシ,Kikuchi-shi,,,,木野,キノ,,,,,堀切,ホリキリ,,,0,0,0,0,0,0,1,0,1947-04-17,,1,,,,,,,,,,,,,,,,
432105,0010114,3,熊本県,クマモトケン,Kumamoto,,,,菊池市,キクチシ,Kikuchi-shi,,,,木野,キノ,,,,,大堀切,オオホリキリ,,,0,0,0,0,0,0,1,0,1947-04-17,,1,,,,,,,,,,,,,,,,
432105,0011000,1,熊本県,クマモトケン,Kumamoto,,,,菊池市,キクチシ,Kikuchi-shi,,,,旭志伊坂,キョクシイサカ,Kyokushi Isaka,,,,,,,,0,0,0,0,0,0,1,1,1947-04-17,,0,8691206,,,,,,,,,,,,,,,
432105,0011112,3,熊本県,クマモトケン,Kumamoto,,,,菊池市,キクチシ,Kikuchi-shi,,,,旭志伊坂,イサカ,,,,,南大笹,ミナミオオザサ,,,0,0,0,0,0,0,1,0,1947-04-17,,1,,,,,,,,,,,,,,,,
432105,0011113,3,熊本県,クマモトケン,Kumamoto,,,,菊池市,キクチシ,Kikuchi-shi,,,,旭志伊坂,イサカ,,,,,村内,ムラウチ,,,0,0,0,0,0,0,1,0,1947-04-17,,1,,,,,,,,,,,,,,,,
432105,0011114,3,熊本県,クマモトケン,Kumamoto,,,,菊池市,キクチシ,Kikuchi-shi,,,,旭志伊坂,イサカ,,,,,西大笹,ニシオオザサ,,,0,0,0,0,0,0,1,0,1947-04-17,,1,,,,,,,,,,,,,,,,
432105,0011115,3,熊本県,クマモトケン,Kumamoto,,,,菊池市,キクチシ,Kikuchi-shi,,,,旭志伊坂,イサカ,,,,,西原,ニシバル,,,0,0,0,0,0,0,1,0,1947-04-17,,1,,,,,,,,,,,,,,,,
432105,0011116,3,熊本県,クマモトケン,Kumamoto,,,,菊池市,キクチシ,Kikuchi-shi,,,,旭志伊坂,イサカ,,,,,東大笹,ヒガシオオザサ,,,0,0,0,0,0,0,1,0,1947-04-17,,1,,,,,,,,,,,,,,,,
432105,0011117,3,熊本県,クマモトケン,Kumamoto,,,,菊池市,キクチシ,Kikuchi-shi,,,,旭志伊坂,イサカ,,,,,東一町田,ヒガシイツチヨウタ,,,0,0,0,0,0,0,1,0,1947-04-17,,1,,,,,,,,,,,,,,,,
432105,0011118,3,熊本県,クマモトケン,Kumamoto,,,,菊池市,キクチシ,Kikuchi-shi,,,,旭志伊坂,イサカ,,,,,山ノ上,ヤマノウエ,,,0,0,0,0,0,0,1,0,1947-04-17,,1,,,,,,,,,,,,,,,,
432105,0011119,3,熊本県,クマモトケン,Kumamoto,,,,菊池市,キクチシ,Kikuchi-shi,,,,旭志伊坂,イサカ,,,,,三本木,サンボンギ,,,0,0,0,0,0,0,1,0,1947-04-17,,1,,,,,,,,,,,,,,,,
432105,0011120,3,熊本県,クマモトケン,Kumamoto,,,,菊池市,キクチシ,Kikuchi-shi,,,,旭志伊坂,イサカ,,,,,西一町田,ニシイツチヨウダ,,,0,0,0,0,0,0,1,0,1947-04-17,,1,,,,,,,,,,,,,,,,
432105,0011121,3,熊本県,クマモトケン,Kumamoto,,,,菊池市,キクチシ,Kikuchi-shi,,,,旭志伊坂,イサカ,,,,,西田,ニシダ,,,0,0,0,0,0,0,1,0,1947-04-17,,1,,,,,,,,,,,,,,,,
432105,0011122,3,熊本県,クマモトケン,Kumamoto,,,,菊池市,キクチシ,Kikuchi-shi,,,,旭志伊坂,イサカ,,,,,東原,ヒガシバル,,,0,0,0,0,0,0,1,0,1947-04-17,,1,,,,,,,,,,,,,,,,
432105,0012000,1,熊本県,クマモトケン,Kumamoto,,,,菊池市,キクチシ,Kikuchi-shi,,,,旭志伊萩,キョクシイハギ,Kyokushi Ihagi,,,,,,,,0,0,0,0,0,0,1,1,1947-04-17,,0,8691208,,,,,,,,,,,,,,,
432105,0012130,3,熊本県,クマモトケン,Kumamoto,,,,菊池市,キクチシ,Kikuchi-shi,,,,旭志伊萩,イハギ,,,,,中田,ナカタ,,,0,0,0,0,0,0,1,0,1947-04-17,,1,,,,,,,,,,,,,,,,
432105,0012131,3,熊本県,クマモトケン,Kumamoto,,,,菊池市,キクチシ,Kikuchi-shi,,,,旭志伊萩,イハギ,,,,,屋敷田,ヤシキダ,,,0,0,0,0,0,0,1,0,1947-04-17,,1,,,,,,,,,,,,,,,,
432105,0012132,3,熊本県,クマモトケン,Kumamoto,,,,菊池市,キクチシ,Kikuchi-shi,,,,旭志伊萩,イハギ,,,,,口ノ坪,クチノツボ,,,0,0,0,0,0,0,1,0,1947-04-17,,1,,,,,,,,,,,,,,,,
432105,0012133,3,熊本県,クマモトケン,Kumamoto,,,,菊池市,キクチシ,Kikuchi-shi,,,,旭志伊萩,イハギ,,,,,野附,ノヅケ,,,0,0,0,0,0,0,1,0,1947-04-17,,1,,,,,,,,,,,,,,,,
432105,0012134,3,熊本県,クマモトケン,Kumamoto,,,,菊池市,キクチシ,Kikuchi-shi,,,,旭志伊萩,イハギ,,,,,中島,ナカシマ,,,0,0,0,0,0,0,1,0,1947-04-17,,1,,,,,,,,,,,,,,,,
432105,0012135,3,熊本県,クマモトケン,Kumamoto,,,,菊池市,キクチシ,Kikuchi-shi,,,,旭志伊萩,イハギ,,,,,百帰,ヒヤクガエリ,,,0,0,0,0,0,0,1,0,1947-04-17,,1,,,,,,,,,,,,,,,,
432105,0012136,3,熊本県,クマモトケン,Kumamoto,,,,菊池市,キクチシ,Kikuchi-shi,,,,旭志伊萩,イハギ,,,,,拝殿,ハイデン,,,0,0,0,0,0,0,1,0,1947-04-17,,1,,,,,,,,,,,,,,,,
432105,0012137,3,熊本県,クマモトケン,Kumamoto,,,,菊池市,キクチシ,Kikuchi-shi,,,,旭志伊萩,イハギ,,,,,上森北,カミモリキタ,,,0,0,0,0,0,0,1,0,1947-04-17,,1,,,,,,,,,,,,,,,,
432105,0012138,3,熊本県,クマモトケン,Kumamoto,,,,菊池市,キクチシ,Kikuchi-shi,,,,旭志伊萩,イハギ,,,,,下北平,シモキタビラ,,,0,0,0,0,0,0,1,0,1947-04-17,,1,,,,,,,,,,,,,,,,
432105,0012139,3,熊本県,クマモトケン,Kumamoto,,,,菊池市,キクチシ,Kikuchi-shi,,,,旭志伊萩,イハギ,,,,,石堂,イシドウ,,,0,0,0,0,0,0,1,0,1947-04-17,,1,,,,,,,,,,,,,,,,
432105,0012140,3,熊本県,クマモトケン,Kumamoto,,,,菊池市,キクチシ,Kikuchi-shi,,,,旭志伊萩,イハギ,,,,,萩山,ハギヤマ,,,0,0,0,0,0,0,1,0,1947-04-17,,1,,,,,,,,,,,,,,,,
432105,0012141,3,熊本県,クマモトケン,Kumamoto,,,,菊池市,キクチシ,Kikuchi-shi,,,,旭志伊萩,イハギ,,,,,馬越,マゴエ,,,0,0,0,0,0,0,1,0,1947-04-17,,1,,,,,,,,,,,,,,,,
432105,0012142,3,熊本県,クマモトケン,Kumamoto,,,,菊池市,キクチシ,Kikuchi-shi,,,,旭志伊萩,イハギ,,,,,榎木平,エノキビラ,,,0,0,0,0,0,0,1,0,1947-04-17,,1,,,,,,,,,,,,,,,,
432105,0012143,3,熊本県,クマモトケン,Kumamoto,,,,菊池市,キクチシ,Kikuchi-shi,,,,旭志伊萩,イハギ,,,,,寉ノ宮,ツルノミヤ,,,0,0,0,0,0,0,1,0,1947-04-17,,1,,,,,,,,,,,,,,,,
432105,0012144,3,熊本県,クマモトケン,Kumamoto,,,,菊池市,キクチシ,Kikuchi-shi,,,,旭志伊萩,イハギ,,,,,相行司,アイギヨウジ,,,0,0,0,0,0,0,1,0,1947-04-17,,1,,,,,,,,,,,,,,,,
432105,0012145,3,熊本県,クマモトケン,Kumamoto,,,,菊池市,キクチシ,Kikuchi-shi,,,,旭志伊萩,イハギ,,,,,下森北,シモモリキタ,,,0,0,0,0,0,0,1,0,1947-04-17,,1,,,,,,,,,,,,,,,,
432105,0012146,3,熊本県,クマモトケン,Kumamoto,,,,菊池市,キクチシ,Kikuchi-shi,,,,旭志伊萩,イハギ,,,,,甚田迫,ジンダザコ,,,0,0,0,0,0,0,1,0,1947-04-17,,1,,,,,,,,,,,,,,,,
432105,0012147,3,熊本県,クマモトケン,Kumamoto,,,,菊池市,キクチシ,Kikuchi-shi,,,,旭志伊萩,イハギ,,,,,内竹,ナイタケ,,,0,0,0,0,0,0,1,0,1947-04-17,,1,,,,,,,,,,,,,,,,
432105,0012148,3,熊本県,クマモトケン,Kumamoto,,,,菊池市,キクチシ,Kikuchi-shi,,,,旭志伊萩,イハギ,,,,,疇田,アゼダ,,,0,0,0,0,0,0,1,0,1947-04-17,,1,,,,,,,,,,,,,,,,
432105,0012149,3,熊本県,クマモトケン,Kumamoto,,,,菊池市,キクチシ,Kikuchi-shi,,,,旭志伊萩,イハギ,,,,,山ノ下,ヤマノシタ,,,0,0,0,0,0,0,1,0,1947-04-17,,1,,,,,,,,,,,,,,,,
432105,0012150,3,熊本県,クマモトケン,Kumamoto,,,,菊池市,キクチシ,Kikuchi-shi,,,,旭志伊萩,イハギ,,,,,旭水,アサヒミズ,,,0,0,0,0,0,0,1,0,1947-04-17,,1,,,,,,,,,,,,,,,,
432105,0012151,3,熊本県,クマモトケン,Kumamoto,,,,菊池市,キクチシ,Kikuchi-shi,,,,旭志伊萩,イハギ,,,,,次郎丸,ジロウマル,,,0,0,0,0,0,0,1,0,1947-04-17,,1,,,,,,,,,,,,,,,,
432105,0012152,3,熊本県,クマモトケン,Kumamoto,,,,菊池市,キクチシ,Kikuchi-shi,,,,旭志伊萩,イハギ,,,,,前田,マエダ,,,0,0,0,0,0,0,1,0,1947-04-17,,1,,,,,,,,,,,,,,,,
432105,0012153,3,熊本県,クマモトケン,Kumamoto,,,,菊池市,キクチシ,Kikuchi-shi,,,,旭志伊萩,イハギ,,,,,上原,ウエノハル,,,0,0,0,0,0,0,1,0,1947-04-17,,1,,,,,,,,,,,,,,,,
432105,0012154,3,熊本県,クマモトケン,Kumamoto,,,,菊池市,キクチシ,Kikuchi-shi,,,,旭志伊萩,イハギ,,,,,小深目,コフカメ,,,0,0,0,0,0,0,1,0,1947-04-17,,1,,,,,,,,,,,,,,,,
432105,0012155,3,熊本県,クマモトケン,Kumamoto,,,,菊池市,キクチシ,Kikuchi-shi,,,,旭志伊萩,イハギ,,,,,大久保,オオクボ,,,0,0,0,0,0,0,1,0,1947-04-17,,1,,,,,,,,,,,,,,,,
432105,0012156,3,熊本県,クマモトケン,Kumamoto,,,,菊池市,キクチシ,Kikuchi-shi,,,,旭志伊萩,イハギ,,,,,松尾ノ上,マツオノウエ,,,0,0,0,0,0,0,1,0,1947-04-17,,1,,,,,,,,,,,,,,,,
432105,0012157,3,熊本県,クマモトケン,Kumamoto,,,,菊池市,キクチシ,Kikuchi-shi,,,,旭志伊萩,イハギ,,,,,山ノ上,ヤマノウエ,,,0,0,0,0,0,0,1,0,1947-04-17,,1,,,,,,,,,,,,,,,,
432105,0012158,3,熊本県,クマモトケン,Kumamoto,,,,菊池市,キクチシ,Kikuchi-shi,,,,旭志伊萩,イハギ,,,,,松尾,マツオ,,,0,0,0,0,0,0,1,0,1947-04-17,,1,,,,,,,,,,,,,,,,
432105,0013000,1,熊本県,クマモトケン,Kumamoto,,,,菊池市,キクチシ,Kikuchi-shi,,,,旭志尾足,キョクシオタル,Kyokushi Otaru,,,,,,,,0,0,0,0,0,0,1,1,1947-04-17,,0,8691203,,,,,,,,,,,,,,,
432105,0013120,3,熊本県,クマモトケン,Kumamoto,,,,菊池市,キクチシ,Kikuchi-shi,,,,旭志尾足,オタル,,,,,下明宇田,シモアケウダ,,,0,0,0,0,0,0,1,0,1947-04-17,,1,,,,,,,,,,,,,,,,
432105,0013121,3,熊本県,クマモトケン,Kumamoto,,,,菊池市,キクチシ,Kikuchi-shi,,,,旭志尾足,オタル,,,,,西古宮,ニシフルミヤ,,,0,0,0,0,0,0,1,0,1947-04-17,,1,,,,,,,,,,,,,,,,
432105,0013122,3,熊本県,クマモトケン,Kumamoto,,,,菊池市,キクチシ,Kikuchi-shi,,,,旭志尾足,オタル,,,,,向田,ムカイダ,,,0,0,0,0,0,0,1,0,1947-04-17,,1,,,,,,,,,,,,,,,,
432105,0013123,3,熊本県,クマモトケン,Kumamoto,,,,菊池市,キクチシ,Kikuchi-shi,,,,旭志尾足,オタル,,,,,甑田,コシキダ,,,0,0,0,0,0,0,1,0,1947-04-17,,1,,,,,,,,,,,,,,,,
432105,0013124,3,熊本県,クマモトケン,Kumamoto,,,,菊池市,キクチシ,Kikuchi-shi,,,,旭志尾足,オタル,,,,,面ノ平,メンノヒラ,,,0,0,0,0,0,0,1,0,1947-04-17,,1,,,,,,,,,,,,,,,,
432105,0013125,3,熊本県,クマモトケン,Kumamoto,,,,菊池市,キクチシ,Kikuchi-shi,,,,旭志尾足,オタル,,,,,上ノ鶴,カミノツル,,,0,0,0,0,0,0,1,0,1947-04-17,,1,,,,,,,,,,,,,,,,
432105,0013126,3,熊本県,クマモトケン,Kumamoto,,,,菊池市,キクチシ,Kikuchi-shi,,,,旭志尾足,オタル,,,,,日向,ヒムキ,,,0,0,0,0,0,0,1,0,1947-04-17,,1,,,,,,,,,,,,,,,,
432105,0013127,3,熊本県,クマモトケン,Kumamoto,,,,菊池市,キクチシ,Kikuchi-shi,,,,旭志尾足,オタル,,,,,古宮,フルミヤ,,,0,0,0,0,0,0,1,0,1947-04-17,,1,,,,,,,,,,,,,,,,
432105,0013128,3,熊本県,クマモトケン,Kumamoto,,,,菊池市,キクチシ,Kikuchi-shi,,,,旭志尾足,オタル,,,,,向,ムカイ,,,0,0,0,0,0,0,1,0,1947-04-17,,1,,,,,,,,,,,,,,,,
432105,0013129,3,熊本県,クマモトケン,Kumamoto,,,,菊池市,キクチシ,Kikuchi-shi,,,,旭志尾足,オタル,,,,,上明宇田,カミアケウダ,,,0,0,0,0,0,0,1,0,1947-04-17,,1,,,,,,,,,,,,,,,,
432105,0013130,3,熊本県,クマモトケン,Kumamoto,,,,菊池市,キクチシ,Kikuchi-shi,,,,旭志尾足,オタル,,,,,西寉,ニシツル,,,0,0,0,0,0,0,1,0,1947-04-17,,1,,,,,,,,,,,,,,,,
432105,0013131,3,熊本県,クマモトケン,Kumamoto,,,,菊池市,キクチシ,Kikuchi-shi,,,,旭志尾足,オタル,,,,,明宇田,アケウダ,,,0,0,0,0,0,0,1,0,1947-04-17,,1,,,,,,,,,,,,,,,,
432105,0013132,3,熊本県,クマモトケン,Kumamoto,,,,菊池市,キクチシ,Kikuchi-shi,,,,旭志尾足,オタル,,,,,鶴,ツル,,,0,0,0,0,0,0,1,0,1947-04-17,,1,,,,,,,,,,,,,,,,
432105,0013133,3,熊本県,クマモトケン,Kumamoto,,,,菊池市,キクチシ,Kikuchi-shi,,,,旭志尾足,オタル,,,,,平,ヒラ,,,0,0,0,0,0,0,1,0,1947-04-17,,1,,,,,,,,,,,,,,,,
432105,0013134,3,熊本県,クマモトケン,Kumamoto,,,,菊池市,キクチシ,Kikuchi-shi,,,,旭志尾足,オタル,,,,,岩ノ上,イワノウエ,,,0,0,0,0,0,0,1,0,1947-04-17,,1,,,,,,,,,,,,,,,,
432105,0013135,3,熊本県,クマモトケン,Kumamoto,,,,菊池市,キクチシ,Kikuchi-shi,,,,旭志尾足,オタル,,,,,新寉,シンツル,,,0,0,0,0,0,0,1,0,1947-04-17,,1,,,,,,,,,,,,,,,,
432105,0013136,3,熊本県,クマモトケン,Kumamoto,,,,菊池市,キクチシ,Kikuchi-shi,,,,旭志尾足,オタル,,,,,黒坂,クロサカ,,,0,0,0,0,0,0,1,0,1947-04-17,,1,,,,,,,,,,,,,,,,
432105,0013137,3,熊本県,クマモトケン,Kumamoto,,,,菊池市,キクチシ,Kikuchi-shi,,,,旭志尾足,オタル,,,,,平山,ヒラヤマ,,,0,0,0,0,0,0,1,0,1947-04-17,,1,,,,,,,,,,,,,,,,
432105,0013138,3,熊本県,クマモトケン,Kumamoto,,,,菊池市,キクチシ,Kikuchi-shi,,,,旭志尾足,オタル,,,,,松ケ平,マツガヒラ,,,0,0,0,0,0,0,1,0,1947-04-17,,1,,,,,,,,,,,,,,,,
432105,0014000,1,熊本県,クマモトケン,Kumamoto,,,,菊池市,キクチシ,Kikuchi-shi,,,,旭志小原,キョクシオバル,Kyokushi Obaru,,,,,,,,0,0,0,0,0,0,1,1,1947-04-17,,0,8691204,,,,,,,,,,,,,,,
432105,0014116,3,熊本県,クマモトケン,Kumamoto,,,,菊池市,キクチシ,Kikuchi-shi,,,,旭志小原,オバル,,,,,後迫,ウシロザコ,,,0,0,0,0,0,0,1,0,1947-04-17,,1,,,,,,,,,,,,,,,,
432105,0014117,3,熊本県,クマモトケン,Kumamoto,,,,菊池市,キクチシ,Kikuchi-shi,,,,旭志小原,オバル,,,,,下尾迫,シモオサコ,,,0,0,0,0,0,0,1,0,1947-04-17,,1,,,,,,,,,,,,,,,,
432105,0014118,3,熊本県,クマモトケン,Kumamoto,,,,菊池市,キクチシ,Kikuchi-shi,,,,旭志小原,オバル,,,,,古宮,フルミヤ,,,0,0,0,0,0,0,1,0,1947-04-17,,1,,,,,,,,,,,,,,,,
432105,0014119,3,熊本県,クマモトケン,Kumamoto,,,,菊池市,キクチシ,Kikuchi-shi,,,,旭志小原,オバル,,,,,上古宮,カミフルミヤ,,,0,0,0,0,0,0,1,0,1947-04-17,,1,,,,,,,,,,,,,,,,
432105,0014120,3,熊本県,クマモトケン,Kumamoto,,,,菊池市,キクチシ,Kikuchi-shi,,,,旭志小原,オバル,,,,,西居屋敷,ニシイヤシキ,,,0,0,0,0,0,0,1,0,1947-04-17,,1,,,,,,,,,,,,,,,,
432105,0014121,3,熊本県,クマモトケン,Kumamoto,,,,菊池市,キクチシ,Kikuchi-shi,,,,旭志小原,オバル,,,,,上後迫,カミウシロザコ,,,0,0,0,0,0,0,1,0,1947-04-17,,1,,,,,,,,,,,,,,,,
432105,0014122,3,熊本県,クマモトケン,Kumamoto,,,,菊池市,キクチシ,Kikuchi-shi,,,,旭志小原,オバル,,,,,中尾迫,ナカオサコ,,,0,0,0,0,0,0,1,0,1947-04-17,,1,,,,,,,,,,,,,,,,
432105,0014123,3,熊本県,クマモトケン,Kumamoto,,,,菊池市,キクチシ,Kikuchi-shi,,,,旭志小原,オバル,,,,,柳谷,ヤナギダニ,,,0,0,0,0,0,0,1,0,1947-04-17,,1,,,,,,,,,,,,,,,,
432105,0014124,3,熊本県,クマモトケン,Kumamoto,,,,菊池市,キクチシ,Kikuchi-shi,,,,旭志小原,オバル,,,,,東前,ヒガシマエ,,,0,0,0,0,0,0,1,0,1947-04-17,,1,,,,,,,,,,,,,,,,
432105,0014125,3,熊本県,クマモトケン,Kumamoto,,,,菊池市,キクチシ,Kikuchi-shi,,,,旭志小原,オバル,,,,,長谷,ナガタニ,,,0,0,0,0,0,0,1,0,1947-04-17,,1,,,,,,,,,,,,,,,,
432105,0014126,3,熊本県,クマモトケン,Kumamoto,,,,菊池市,キクチシ,Kikuchi-shi,,,,旭志小原,オバル,,,,,上尾迫,カミオサコ,,,0,0,0,0,0,0,1,0,1947-04-17,,1,,,,,,,,,,,,,,,,
432105,0014127,3,熊本県,クマモトケン,Kumamoto,,,,菊池市,キクチシ,Kikuchi-shi,,,,旭志小原,オバル,,,,,古閑下,コガノシタ,,,0,0,0,0,0,0,1,0,1947-04-17,,1,,,,,,,,,,,,,,,,
432105,0014128,3,熊本県,クマモトケン,Kumamoto,,,,菊池市,キクチシ,Kikuchi-shi,,,,旭志小原,オバル,,,,,用尺,ヨウジヤク,,,0,0,0,0,0,0,1,0,1947-04-17,,1,,,,,,,,,,,,,,,,
432105,0014129,3,熊本県,クマモトケン,Kumamoto,,,,菊池市,キクチシ,Kikuchi-shi,,,,旭志小原,オバル,,,,,丸尾,マルオ,,,0,0,0,0,0,0,1,0,1947-04-17,,1,,,,,,,,,,,,,,,,
432105,0014130,3,熊本県,クマモトケン,Kumamoto,,,,菊池市,キクチシ,Kikuchi-shi,,,,旭志小原,オバル,,,,,拝高,ハイタカ,,,0,0,0,0,0,0,1,0,1947-04-17,,1,,,,,,,,,,,,,,,,
432105,0014131,3,熊本県,クマモトケン,Kumamoto,,,,菊池市,キクチシ,Kikuchi-shi,,,,旭志小原,オバル,,,,,西前,ニシマエ,,,0,0,0,0,0,0,1,0,1947-04-17,,1,,,,,,,,,,,,,,,,
432105,0015000,1,熊本県,クマモトケン,Kumamoto,,,,菊池市,キクチシ,Kikuchi-shi,,,,旭志川辺,キョクシカワベ,Kyokushi Kawabe,,,,,,,,0,0,0,0,0,0,1,1,1947-04-17,,0,8691205,,,,,,,,,,,,,,,
432105,0015131,3,熊本県,クマモトケン,Kumamoto,,,,菊池市,キクチシ,Kikuchi-shi,,,,旭志川辺,カワベ,,,,,二ノ東沖,ニノヒガシオキ,,,0,0,0,0,0,0,1,0,1947-04-17,,1,,,,,,,,,,,,,,,,
432105,0015132,3,熊本県,クマモトケン,Kumamoto,,,,菊池市,キクチシ,Kikuchi-shi,,,,旭志川辺,カワベ,,,,,七ノ西沖,ナナノニシオキ,,,0,0,0,0,0,0,1,0,1947-04-17,,1,,,,,,,,,,,,,,,,
432105,0015133,3,熊本県,クマモトケン,Kumamoto,,,,菊池市,キクチシ,Kikuchi-shi,,,,旭志川辺,カワベ,,,,,一ノ柏木,イチノカシワギ,,,0,0,0,0,0,0,1,0,1947-04-17,,1,,,,,,,,,,,,,,,,
432105,0015134,3,熊本県,クマモトケン,Kumamoto,,,,菊池市,キクチシ,Kikuchi-shi,,,,旭志川辺,カワベ,,,,,下鍛冶屋,シモカジヤ,,,0,0,0,0,0,0,1,0,1947-04-17,,1,,,,,,,,,,,,,,,,
432105,0015135,3,熊本県,クマモトケン,Kumamoto,,,,菊池市,キクチシ,Kikuchi-shi,,,,旭志川辺,カワベ,,,,,上西原,カミニシバル,,,0,0,0,0,0,0,1,0,1947-04-17,,1,,,,,,,,,,,,,,,,
432105,0015136,3,熊本県,クマモトケン,Kumamoto,,,,菊池市,キクチシ,Kikuchi-shi,,,,旭志川辺,カワベ,,,,,出分屋敷,デブンヤシキ,,,0,0,0,0,0,0,1,0,1947-04-17,,1,,,,,,,,,,,,,,,,
432105,0015137,3,熊本県,クマモトケン,Kumamoto,,,,菊池市,キクチシ,Kikuchi-shi,,,,旭志川辺,カワベ,,,,,上鍛冶屋,カミカジヤ,,,0,0,0,0,0,0,1,0,1947-04-17,,1,,,,,,,,,,,,,,,,
432105,0015138,3,熊本県,クマモトケン,Kumamoto,,,,菊池市,キクチシ,Kikuchi-shi,,,,旭志川辺,カワベ,,,,,北原,キタバル,,,0,0,0,0,0,0,1,0,1947-04-17,,1,,,,,,,,,,,,,,,,
432105,0015139,3,熊本県,クマモトケン,Kumamoto,,,,菊池市,キクチシ,Kikuchi-shi,,,,旭志川辺,カワベ,,,,,本分居屋敷,ホンブンイヤシキ,,,0,0,0,0,0,0,1,0,1947-04-17,,1,,,,,,,,,,,,,,,,
432105,0015140,3,熊本県,クマモトケン,Kumamoto,,,,菊池市,キクチシ,Kikuchi-shi,,,,旭志川辺,カワベ,,,,,四ノ西沖,ヨンノニシオキ,,,0,0,0,0,0,0,1,0,1947-04-17,,1,,,,,,,,,,,,,,,,
432105,0015141,3,熊本県,クマモトケン,Kumamoto,,,,菊池市,キクチシ,Kikuchi-shi,,,,旭志川辺,カワベ,,,,,二ノ西沖,ニノニシオキ,,,0,0,0,0,0,0,1,0,1947-04-17,,1,,,,,,,,,,,,,,,,
432105,0015142,3,熊本県,クマモトケン,Kumamoto,,,,菊池市,キクチシ,Kikuchi-shi,,,,旭志川辺,カワベ,,,,,二ノ赤迫,ニノアカサコ,,,0,0,0,0,0,0,1,0,1947-04-17,,1,,,,,,,,,,,,,,,,
432105,0015143,3,熊本県,クマモトケン,Kumamoto,,,,菊池市,キクチシ,Kikuchi-shi,,,,旭志川辺,カワベ,,,,,五ノ東沖,ゴノヒガシオキ,,,0,0,0,0,0,0,1,0,1947-04-17,,1,,,,,,,,,,,,,,,,
432105,0015144,3,熊本県,クマモトケン,Kumamoto,,,,菊池市,キクチシ,Kikuchi-shi,,,,旭志川辺,カワベ,,,,,三ノ赤迫,サンノアカサコ,,,0,0,0,0,0,0,1,0,1947-04-17,,1,,,,,,,,,,,,,,,,
432105,0015145,3,熊本県,クマモトケン,Kumamoto,,,,菊池市,キクチシ,Kikuchi-shi,,,,旭志川辺,カワベ,,,,,上甑田,カミコシキダ,,,0,0,0,0,0,0,1,0,1947-04-17,,1,,,,,,,,,,,,,,,,
432105,0015146,3,熊本県,クマモトケン,Kumamoto,,,,菊池市,キクチシ,Kikuchi-shi,,,,旭志川辺,カワベ,,,,,八ノ西沖,ハチノニシオキ,,,0,0,0,0,0,0,1,0,1947-04-17,,1,,,,,,,,,,,,,,,,
432105,0015147,3,熊本県,クマモトケン,Kumamoto,,,,菊池市,キクチシ,Kikuchi-shi,,,,旭志川辺,カワベ,,,,,二ノ柏木,ニノカシワギ,,,0,0,0,0,0,0,1,0,1947-04-17,,1,,,,,,,,,,,,,,,,
432105,0015148,3,熊本県,クマモトケン,Kumamoto,,,,菊池市,キクチシ,Kikuchi-shi,,,,旭志川辺,カワベ,,,,,一ノ赤迫,イチノアカサコ,,,0,0,0,0,0,0,1,0,1947-04-17,,1,,,,,,,,,,,,,,,,
432105,0015149,3,熊本県,クマモトケン,Kumamoto,,,,菊池市,キクチシ,Kikuchi-shi,,,,旭志川辺,カワベ,,,,,一ノ東沖,イチノヒガシオキ,,,0,0,0,0,0,0,1,0,1947-04-17,,1,,,,,,,,,,,,,,,,
432105,0015150,3,熊本県,クマモトケン,Kumamoto,,,,菊池市,キクチシ,Kikuchi-shi,,,,旭志川辺,カワベ,,,,,四ノ東沖,ヨンノヒガシオキ,,,0,0,0,0,0,0,1,0,1947-04-17,,1,,,,,,,,,,,,,,,,
432105,0015151,3,熊本県,クマモトケン,Kumamoto,,,,菊池市,キクチシ,Kikuchi-shi,,,,旭志川辺,カワベ,,,,,下蛙石,シモワクドイシ,,,0,0,0,0,0,0,1,0,1947-04-17,,1,,,,,,,,,,,,,,,,
432105,0015152,3,熊本県,クマモトケン,Kumamoto,,,,菊池市,キクチシ,Kikuchi-shi,,,,旭志川辺,カワベ,,,,,五ノ西沖,ゴノニシオキ,,,0,0,0,0,0,0,1,0,1947-04-17,,1,,,,,,,,,,,,,,,,
432105,0015153,3,熊本県,クマモトケン,Kumamoto,,,,菊池市,キクチシ,Kikuchi-shi,,,,旭志川辺,カワベ,,,,,三ノ柏木,サンノカシワギ,,,0,0,0,0,0,0,1,0,1947-04-17,,1,,,,,,,,,,,,,,,,
432105,0015154,3,熊本県,クマモトケン,Kumamoto,,,,菊池市,キクチシ,Kikuchi-shi,,,,旭志川辺,カワベ,,,,,一ノ西沖,イチノニシオキ,,,0,0,0,0,0,0,1,0,1947-04-17,,1,,,,,,,,,,,,,,,,
432105,0015155,3,熊本県,クマモトケン,Kumamoto,,,,菊池市,キクチシ,Kikuchi-shi,,,,旭志川辺,カワベ,,,,,上蛙石,カミワクドイシ,,,0,0,0,0,0,0,1,0,1947-04-17,,1,,,,,,,,,,,,,,,,
432105,0015156,3,熊本県,クマモトケン,Kumamoto,,,,菊池市,キクチシ,Kikuchi-shi,,,,旭志川辺,カワベ,,,,,下甑田,シモコシキダ,,,0,0,0,0,0,0,1,0,1947-04-17,,1,,,,,,,,,,,,,,,,
432105,0015157,3,熊本県,クマモトケン,Kumamoto,,,,菊池市,キクチシ,Kikuchi-shi,,,,旭志川辺,カワベ,,,,,下西原,シモニシバル,,,0,0,0,0,0,0,1,0,1947-04-17,,1,,,,,,,,,,,,,,,,
432105,0015158,3,熊本県,クマモトケン,Kumamoto,,,,菊池市,キクチシ,Kikuchi-shi,,,,旭志川辺,カワベ,,,,,六ノ西沖,ロクノニシオキ,,,0,0,0,0,0,0,1,0,1947-04-17,,1,,,,,,,,,,,,,,,,
432105,0015159,3,熊本県,クマモトケン,Kumamoto,,,,菊池市,キクチシ,Kikuchi-shi,,,,旭志川辺,カワベ,,,,,三ノ東沖,サンノヒガシオキ,,,0,0,0,0,0,0,1,0,1947-04-17,,1,,,,,,,,,,,,,,,,
432105,0015160,3,熊本県,クマモトケン,Kumamoto,,,,菊池市,キクチシ,Kikuchi-shi,,,,旭志川辺,カワベ,,,,,三ノ西沖,サンノニシオキ,,,0,0,0,0,0,0,1,0,1947-04-17,,1,,,,,,,,,,,,,,,,
432105,0016000,1,熊本県,クマモトケン,Kumamoto,,,,菊池市,キクチシ,Kikuchi-shi,,,,旭志新明,キョクシシンメイ,Kyokushi Shimmei,,,,,,,,0,0,0,0,0,0,1,1,1947-04-17,,0,8691207,,,,,,,,,,,,,,,
432105,0016132,3,熊本県,クマモトケン,Kumamoto,,,,菊池市,キクチシ,Kikuchi-shi,,,,旭志新明,シンメイ,,,,,前田,マエダ,,,0,0,0,0,0,0,1,0,1947-04-17,,1,,,,,,,,,,,,,,,,
432105,0016133,3,熊本県,クマモトケン,Kumamoto,,,,菊池市,キクチシ,Kikuchi-shi,,,,旭志新明,シンメイ,,,,,木ノ平,キノヒラ,,,0,0,0,0,0,0,1,0,1947-04-17,,1,,,,,,,,,,,,,,,,
432105,0016134,3,熊本県,クマモトケン,Kumamoto,,,,菊池市,キクチシ,Kikuchi-shi,,,,旭志新明,シンメイ,,,,,上旱ケ,カミヒヤケ,,,0,0,0,0,0,0,1,0,1947-04-17,,1,,,,,,,,,,,,,,,,
432105,0016135,3,熊本県,クマモトケン,Kumamoto,,,,菊池市,キクチシ,Kikuchi-shi,,,,旭志新明,シンメイ,,,,,譲畔田,ジヨウバンダ,,,0,0,0,0,0,0,1,0,1947-04-17,,1,,,,,,,,,,,,,,,,
432105,0016136,3,熊本県,クマモトケン,Kumamoto,,,,菊池市,キクチシ,Kikuchi-shi,,,,旭志新明,シンメイ,,,,,杉ノ上,スギノウエ,,,0,0,0,0,0,0,1,0,1947-04-17,,1,,,,,,,,,,,,,,,,
432105,0016137,3,熊本県,クマモトケン,Kumamoto,,,,菊池市,キクチシ,Kikuchi-shi,,,,旭志新明,シンメイ,,,,,雨流迫,ウリユウザコ,,,0,0,0,0,0,0,1,0,1947-04-17,,1,,,,,,,,,,,,,,,,
432105,0016138,3,熊本県,クマモトケン,Kumamoto,,,,菊池市,キクチシ,Kikuchi-shi,,,,旭志新明,シンメイ,,,,,大迫,オオサコ,,,0,0,0,0,0,0,1,0,1947-04-17,,1,,,,,,,,,,,,,,,,
432105,0016139,3,熊本県,クマモトケン,Kumamoto,,,,菊池市,キクチシ,Kikuchi-shi,,,,旭志新明,シンメイ,,,,,高永,タカナガ,,,0,0,0,0,0,0,1,0,1947-04-17,,1,,,,,,,,,,,,,,,,
432105,0016140,3,熊本県,クマモトケン,Kumamoto,,,,菊池市,キクチシ,Kikuchi-shi,,,,旭志新明,シンメイ,,,,,岩ノ平,イワノヒラ,,,0,0,0,0,0,0,1,0,1947-04-17,,1,,,,,,,,,,,,,,,,
432105,0016141,3,熊本県,クマモトケン,Kumamoto,,,,菊池市,キクチシ,Kikuchi-shi,,,,旭志新明,シンメイ,,,,,栄ノ平,エイノヒラ,,,0,0,0,0,0,0,1,0,1947-04-17,,1,,,,,,,,,,,,,,,,
432105,0016142,3,熊本県,クマモトケン,Kumamoto,,,,菊池市,キクチシ,Kikuchi-shi,,,,旭志新明,シンメイ,,,,,賑ノ平,ニギノヒラ,,,0,0,0,0,0,0,1,0,1947-04-17,,1,,,,,,,,,,,,,,,,
432105,0016143,3,熊本県,クマモトケン,Kumamoto,,,,菊池市,キクチシ,Kikuchi-shi,,,,旭志新明,シンメイ,,,,,吹ケ,フケ,,,0,0,0,0,0,0,1,0,1947-04-17,,1,,,,,,,,,,,,,,,,
432105,0016144,3,熊本県,クマモトケン,Kumamoto,,,,菊池市,キクチシ,Kikuchi-shi,,,,旭志新明,シンメイ,,,,,旱ケ,ヒヤケ,,,0,0,0,0,0,0,1,0,1947-04-17,,1,,,,,,,,,,,,,,,,
432105,0016145,3,熊本県,クマモトケン,Kumamoto,,,,菊池市,キクチシ,Kikuchi-shi,,,,旭志新明,シンメイ,,,,,市原畑,イチハラバタ,,,0,0,0,0,0,0,1,0,1947-04-17,,1,,,,,,,,,,,,,,,,
432105,0016146,3,熊本県,クマモトケン,Kumamoto,,,,菊池市,キクチシ,Kikuchi-shi,,,,旭志新明,シンメイ,,,,,登里肥,トリゴエ,,,0,0,0,0,0,0,1,0,1947-04-17,,1,,,,,,,,,,,,,,,,
432105,0016147,3,熊本県,クマモトケン,Kumamoto,,,,菊池市,キクチシ,Kikuchi-shi,,,,旭志新明,シンメイ,,,,,白亀,シラカメ,,,0,0,0,0,0,0,1,0,1947-04-17,,1,,,,,,,,,,,,,,,,
432105,0016148,3,熊本県,クマモトケン,Kumamoto,,,,菊池市,キクチシ,Kikuchi-shi,,,,旭志新明,シンメイ,,,,,中田,ナカタ,,,0,0,0,0,0,0,1,0,1947-04-17,,1,,,,,,,,,,,,,,,,
432105,0016149,3,熊本県,クマモトケン,Kumamoto,,,,菊池市,キクチシ,Kikuchi-shi,,,,旭志新明,シンメイ,,,,,梅ノ元,ウメノモト,,,0,0,0,0,0,0,1,0,1947-04-17,,1,,,,,,,,,,,,,,,,
432105,0016150,3,熊本県,クマモトケン,Kumamoto,,,,菊池市,キクチシ,Kikuchi-shi,,,,旭志新明,シンメイ,,,,,宝来迫,ホウライザコ,,,0,0,0,0,0,0,1,0,1947-04-17,,1,,,,,,,,,,,,,,,,
432105,0016151,3,熊本県,クマモトケン,Kumamoto,,,,菊池市,キクチシ,Kikuchi-shi,,,,旭志新明,シンメイ,,,,,迎田,ムカエダ,,,0,0,0,0,0,0,1,0,1947-04-17,,1,,,,,,,,,,,,,,,,
432105,0016152,3,熊本県,クマモトケン,Kumamoto,,,,菊池市,キクチシ,Kikuchi-shi,,,,旭志新明,シンメイ,,,,,天ノ平,テンノヒラ,,,0,0,0,0,0,0,1,0,1947-04-17,,1,,,,,,,,,,,,,,,,
432105,0016153,3,熊本県,クマモトケン,Kumamoto,,,,菊池市,キクチシ,Kikuchi-shi,,,,旭志新明,シンメイ,,,,,穂積迫,ホヅミザコ,,,0,0,0,0,0,0,1,0,1947-04-17,,1,,,,,,,,,,,,,,,,
432105,0016154,3,熊本県,クマモトケン,Kumamoto,,,,菊池市,キクチシ,Kikuchi-shi,,,,旭志新明,シンメイ,,,,,実乗田,ミノリダ,,,0,0,0,0,0,0,1,0,1947-04-17,,1,,,,,,,,,,,,,,,,
432105,0016155,3,熊本県,クマモトケン,Kumamoto,,,,菊池市,キクチシ,Kikuchi-shi,,,,旭志新明,シンメイ,,,,,玉ノ迫,タマノサコ,,,0,0,0,0,0,0,1,0,1947-04-17,,1,,,,,,,,,,,,,,,,
432105,0016156,3,熊本県,クマモトケン,Kumamoto,,,,菊池市,キクチシ,Kikuchi-shi,,,,旭志新明,シンメイ,,,,,妻越,ツマゴシ,,,0,0,0,0,0,0,1,0,1947-04-17,,1,,,,,,,,,,,,,,,,
432105,0016157,3,熊本県,クマモトケン,Kumamoto,,,,菊池市,キクチシ,Kikuchi-shi,,,,旭志新明,シンメイ,,,,,奈我原,ナガバル,,,0,0,0,0,0,0,1,0,1947-04-17,,1,,,,,,,,,,,,,,,,
432105,0016158,3,熊本県,クマモトケン,Kumamoto,,,,菊池市,キクチシ,Kikuchi-shi,,,,旭志新明,シンメイ,,,,,福得畑,フクエハタ,,,0,0,0,0,0,0,1,0,1947-04-17,,1,,,,,,,,,,,,,,,,
432105,0016159,3,熊本県,クマモトケン,Kumamoto,,,,菊池市,キクチシ,Kikuchi-shi,,,,旭志新明,シンメイ,,,,,槌取,ツチトリ,,,0,0,0,0,0,0,1,0,1947-04-17,,1,,,,,,,,,,,,,,,,
432105,0016160,3,熊本県,クマモトケン,Kumamoto,,,,菊池市,キクチシ,Kikuchi-shi,,,,旭志新明,シンメイ,,,,,妙産,ミヨウサン,,,0,0,0,0,0,0,1,0,1947-04-17,,1,,,,,,,,,,,,,,,,
432105,0016161,3,熊本県,クマモトケン,Kumamoto,,,,菊池市,キクチシ,Kikuchi-shi,,,,旭志新明,シンメイ,,,,,宇土林,ウドバヤシ,,,0,0,0,0,0,0,1,0,1947-04-17,,1,,,,,,,,,,,,,,,,
432105,0016162,3,熊本県,クマモトケン,Kumamoto,,,,菊池市,キクチシ,Kikuchi-shi,,,,旭志新明,シンメイ,,,,,前畑,マエハタ,,,0,0,0,0,0,0,1,0,1947-04-17,,1,,,,,,,,,,,,,,,,
432105,0016163,3,熊本県,クマモトケン,Kumamoto,,,,菊池市,キクチシ,Kikuchi-shi,,,,旭志新明,シンメイ,,,,,保口,ホグチ,,,0,0,0,0,0,0,1,0,1947-04-17,,1,,,,,,,,,,,,,,,,
432105,0017000,1,熊本県,クマモトケン,Kumamoto,,,,菊池市,キクチシ,Kikuchi-shi,,,,旭志麓,キョクシフモト,Kyokushi Fumoto,,,,,,,,0,0,0,0,0,0,1,1,1947-04-17,,0,8691202,,,,,,,,,,,,,,,
432105,0017161,3,熊本県,クマモトケン,Kumamoto,,,,菊池市,キクチシ,Kikuchi-shi,,,,旭志麓,フモト,,,,,馬糞塚,バフンヅカ,,,0,0,0,0,0,0,1,0,1947-04-17,,1,,,,,,,,,,,,,,,,
432105,0017162,3,熊本県,クマモトケン,Kumamoto,,,,菊池市,キクチシ,Kikuchi-shi,,,,旭志麓,フモト,,,,,岩見戸,イワミド,,,0,0,0,0,0,0,1,0,1947-04-17,,1,,,,,,,,,,,,,,,,
432105,0017163,3,熊本県,クマモトケン,Kumamoto,,,,菊池市,キクチシ,Kikuchi-shi,,,,旭志麓,フモト,,,,,梶迫,カジカザコ,,,0,0,0,0,0,0,1,0,1947-04-17,,1,,,,,,,,,,,,,,,,
432105,0017164,3,熊本県,クマモトケン,Kumamoto,,,,菊池市,キクチシ,Kikuchi-shi,,,,旭志麓,フモト,,,,,新山,シンヤマ,,,0,0,0,0,0,0,1,0,1947-04-17,,1,,,,,,,,,,,,,,,,
432105,0017165,3,熊本県,クマモトケン,Kumamoto,,,,菊池市,キクチシ,Kikuchi-shi,,,,旭志麓,フモト,,,,,狐塚,キツネヅカ,,,0,0,0,0,0,0,1,0,1947-04-17,,1,,,,,,,,,,,,,,,,
432105,0017166,3,熊本県,クマモトケン,Kumamoto,,,,菊池市,キクチシ,Kikuchi-shi,,,,旭志麓,フモト,,,,,汲路,クミジ,,,0,0,0,0,0,0,1,0,1947-04-17,,1,,,,,,,,,,,,,,,,
432105,0017167,3,熊本県,クマモトケン,Kumamoto,,,,菊池市,キクチシ,Kikuchi-shi,,,,旭志麓,フモト,,,,,東谷,ヒガシダニ,,,0,0,0,0,0,0,1,0,1947-04-17,,1,,,,,,,,,,,,,,,,
432105,0017168,3,熊本県,クマモトケン,Kumamoto,,,,菊池市,キクチシ,Kikuchi-shi,,,,旭志麓,フモト,,,,,迎原,ムカエバル,,,0,0,0,0,0,0,1,0,1947-04-17,,1,,,,,,,,,,,,,,,,
432105,0017169,3,熊本県,クマモトケン,Kumamoto,,,,菊池市,キクチシ,Kikuchi-shi,,,,旭志麓,フモト,,,,,小霍,コツル,,,0,0,0,0,0,0,1,0,1947-04-17,,1,,,,,,,,,,,,,,,,
432105,0017170,3,熊本県,クマモトケン,Kumamoto,,,,菊池市,キクチシ,Kikuchi-shi,,,,旭志麓,フモト,,,,,亀塚,カメヅカ,,,0,0,0,0,0,0,1,0,1947-04-17,,1,,,,,,,,,,,,,,,,
432105,0017171,3,熊本県,クマモトケン,Kumamoto,,,,菊池市,キクチシ,Kikuchi-shi,,,,旭志麓,フモト,,,,,赤崩,アカクズレ,,,0,0,0,0,0,0,1,0,1947-04-17,,1,,,,,,,,,,,,,,,,
432105,0017172,3,熊本県,クマモトケン,Kumamoto,,,,菊池市,キクチシ,Kikuchi-shi,,,,旭志麓,フモト,,,,,南請,ミナミウケ,,,0,0,0,0,0,0,1,0,1947-04-17,,1,,,,,,,,,,,,,,,,
432105,0017173,3,熊本県,クマモトケン,Kumamoto,,,,菊池市,キクチシ,Kikuchi-shi,,,,旭志麓,フモト,,,,,杓子田,シヤクシダ,,,0,0,0,0,0,0,1,0,1947-04-17,,1,,,,,,,,,,,,,,,,
432105,0017174,3,熊本県,クマモトケン,Kumamoto,,,,菊池市,キクチシ,Kikuchi-shi,,,,旭志麓,フモト,,,,,平,タイラ,,,0,0,0,0,0,0,1,0,1947-04-17,,1,,,,,,,,,,,,,,,,
432105,0017175,3,熊本県,クマモトケン,Kumamoto,,,,菊池市,キクチシ,Kikuchi-shi,,,,旭志麓,フモト,,,,,鞍岳,クラダケ,,,0,0,0,0,0,0,1,0,1947-04-17,,1,,,,,,,,,,,,,,,,
432105,0017176,3,熊本県,クマモトケン,Kumamoto,,,,菊池市,キクチシ,Kikuchi-shi,,,,旭志麓,フモト,,,,,比羅平,ヒラビラ,,,0,0,0,0,0,0,1,0,1947-04-17,,1,,,,,,,,,,,,,,,,
432105,0017177,3,熊本県,クマモトケン,Kumamoto,,,,菊池市,キクチシ,Kikuchi-shi,,,,旭志麓,フモト,,,,,前谷,マエタニ,,,0,0,0,0,0,0,1,0,1947-04-17,,1,,,,,,,,,,,,,,,,
432105,0017178,3,熊本県,クマモトケン,Kumamoto,,,,菊池市,キクチシ,Kikuchi-shi,,,,旭志麓,フモト,,,,,後谷,ウシロダニ,,,0,0,0,0,0,0,1,0,1947-04-17,,1,,,,,,,,,,,,,,,,
432105,0017179,3,熊本県,クマモトケン,Kumamoto,,,,菊池市,キクチシ,Kikuchi-shi,,,,旭志麓,フモト,,,,,染土,ソメツチ,,,0,0,0,0,0,0,1,0,1947-04-17,,1,,,,,,,,,,,,,,,,
432105,0017180,3,熊本県,クマモトケン,Kumamoto,,,,菊池市,キクチシ,Kikuchi-shi,,,,旭志麓,フモト,,,,,籏口,ハタグチ,,,0,0,0,0,0,0,1,0,1947-04-17,,1,,,,,,,,,,,,,,,,
432105,0017181,3,熊本県,クマモトケン,Kumamoto,,,,菊池市,キクチシ,Kikuchi-shi,,,,旭志麓,フモト,,,,,中尾刎,ナカオバネ,,,0,0,0,0,0,0,1,0,1947-04-17,,1,,,,,,,,,,,,,,,,
432105,0017182,3,熊本県,クマモトケン,Kumamoto,,,,菊池市,キクチシ,Kikuchi-shi,,,,旭志麓,フモト,,,,,鎧石,ヨロイイシ,,,0,0,0,0,0,0,1,0,1947-04-17,,1,,,,,,,,,,,,,,,,
432105,0017183,3,熊本県,クマモトケン,Kumamoto,,,,菊池市,キクチシ,Kikuchi-shi,,,,旭志麓,フモト,,,,,湯舟,ユブネ,,,0,0,0,0,0,0,1,0,1947-04-17,,1,,,,,,,,,,,,,,,,
432105,0017184,3,熊本県,クマモトケン,Kumamoto,,,,菊池市,キクチシ,Kikuchi-shi,,,,旭志麓,フモト,,,,,井川谷,イガワダニ,,,0,0,0,0,0,0,1,0,1947-04-17,,1,,,,,,,,,,,,,,,,
432105,0017185,3,熊本県,クマモトケン,Kumamoto,,,,菊池市,キクチシ,Kikuchi-shi,,,,旭志麓,フモト,,,,,上霍,カミツル,,,0,0,0,0,0,0,1,0,1947-04-17,,1,,,,,,,,,,,,,,,,
432105,0017186,3,熊本県,クマモトケン,Kumamoto,,,,菊池市,キクチシ,Kikuchi-shi,,,,旭志麓,フモト,,,,,原口,ハルグチ,,,0,0,0,0,0,0,1,0,1947-04-17,,1,,,,,,,,,,,,,,,,
432105,0017187,3,熊本県,クマモトケン,Kumamoto,,,,菊池市,キクチシ,Kikuchi-shi,,,,旭志麓,フモト,,,,,山道,ヤマミチ,,,0,0,0,0,0,0,1,0,1947-04-17,,1,,,,,,,,,,,,,,,,
432105,0017188,3,熊本県,クマモトケン,Kumamoto,,,,菊池市,キクチシ,Kikuchi-shi,,,,旭志麓,フモト,,,,,牛繫,ウシツナギ,,,0,0,0,0,0,0,1,0,1947-04-17,,1,,,,,,,,,,,,,,,,
432105,0017189,3,熊本県,クマモトケン,Kumamoto,,,,菊池市,キクチシ,Kikuchi-shi,,,,旭志麓,フモト,,,,,渡瀬,ワタセ,,,0,0,0,0,0,0,1,0,1947-04-17,,1,,,,,,,,,,,,,,,,
432105,0017190,3,熊本県,クマモトケン,Kumamoto,,,,菊池市,キクチシ,Kikuchi-shi,,,,旭志麓,フモト,,,,,十三部,ジユウサンブ,,,0,0,0,0,0,0,1,0,1947-04-17,,1,,,,,,,,,,,,,,,,
432105,0017191,3,熊本県,クマモトケン,Kumamoto,,,,菊池市,キクチシ,Kikuchi-shi,,,,旭志麓,フモト,,,,,北請,キタウケ,,,0,0,0,0,0,0,1,0,1947-04-17,,1,,,,,,,,,,,,,,,,
432105,0017192,3,熊本県,クマモトケン,Kumamoto,,,,菊池市,キクチシ,Kikuchi-shi,,,,旭志麓,フモト,,,,,奈良尾,ナラオ,,,0,0,0,0,0,0,1,0,1947-04-17,,1,,,,,,,,,,,,,,,,
432105,0017193,3,熊本県,クマモトケン,Kumamoto,,,,菊池市,キクチシ,Kikuchi-shi,,,,旭志麓,フモト,,,,,西請,ニシウケ,,,0,0,0,0,0,0,1,0,1947-04-17,,1,,,,,,,,,,,,,,,,
432105,0017194,3,熊本県,クマモトケン,Kumamoto,,,,菊池市,キクチシ,Kikuchi-shi,,,,旭志麓,フモト,,,,,城下,シロシタ,,,0,0,0,0,0,0,1,0,1947-04-17,,1,,,,,,,,,,,,,,,,
432105,0017195,3,熊本県,クマモトケン,Kumamoto,,,,菊池市,キクチシ,Kikuchi-shi,,,,旭志麓,フモト,,,,,岳河原,タケカワラ,,,0,0,0,0,0,0,1,0,1947-04-17,,1,,,,,,,,,,,,,,,,
432105,0017196,3,熊本県,クマモトケン,Kumamoto,,,,菊池市,キクチシ,Kikuchi-shi,,,,旭志麓,フモト,,,,,鴬谷,ウグイスダニ,,,0,0,0,0,0,0,1,0,1947-04-17,,1,,,,,,,,,,,,,,,,
432105,0017197,3,熊本県,クマモトケン,Kumamoto,,,,菊池市,キクチシ,Kikuchi-shi,,,,旭志麓,フモト,,,,,馬飼場,バカイバ,,,0,0,0,0,0,0,1,0,1947-04-17,,1,,,,,,,,,,,,,,,,
432105,0017198,3,熊本県,クマモトケン,Kumamoto,,,,菊池市,キクチシ,Kikuchi-shi,,,,旭志麓,フモト,,,,,尾上,オノウエ,,,0,0,0,0,0,0,1,0,1947-04-17,,1,,,,,,,,,,,,,,,,
432105,0017199,3,熊本県,クマモトケン,Kumamoto,,,,菊池市,キクチシ,Kikuchi-shi,,,,旭志麓,フモト,,,,,御領原,ゴリヨウバル,,,0,0,0,0,0,0,1,0,1947-04-17,,1,,,,,,,,,,,,,,,,
432105,0017200,3,熊本県,クマモトケン,Kumamoto,,,,菊池市,キクチシ,Kikuchi-shi,,,,旭志麓,フモト,,,,,湯山,ユノヤマ,,,0,0,0,0,0,0,1,0,1947-04-17,,1,,,,,,,,,,,,,,,,
432105,0017201,3,熊本県,クマモトケン,Kumamoto,,,,菊池市,キクチシ,Kikuchi-shi,,,,旭志麓,フモト,,,,,煙草石,タバコイシ,,,0,0,0,0,0,0,1,0,1947-04-17,,1,,,,,,,,,,,,,,,,
432105,0017202,3,熊本県,クマモトケン,Kumamoto,,,,菊池市,キクチシ,Kikuchi-shi,,,,旭志麓,フモト,,,,,横道,ヨコミチ,,,0,0,0,0,0,0,1,0,1947-04-17,,1,,,,,,,,,,,,,,,,
432105,0017203,3,熊本県,クマモトケン,Kumamoto,,,,菊池市,キクチシ,Kikuchi-shi,,,,旭志麓,フモト,,,,,沓掛,クツカケ,,,0,0,0,0,0,0,1,0,1947-04-17,,1,,,,,,,,,,,,,,,,
432105,0017204,3,熊本県,クマモトケン,Kumamoto,,,,菊池市,キクチシ,Kikuchi-shi,,,,旭志麓,フモト,,,,,桜ケ水,サクラガミズ,,,0,0,0,0,0,0,1,0,1947-04-17,,1,,,,,,,,,,,,,,,,
432105,0017205,3,熊本県,クマモトケン,Kumamoto,,,,菊池市,キクチシ,Kikuchi-shi,,,,旭志麓,フモト,,,,,雨堤,アマヅツミ,,,0,0,0,0,0,0,1,0,1947-04-17,,1,,,,,,,,,,,,,,,,
432105,0017206,3,熊本県,クマモトケン,Kumamoto,,,,菊池市,キクチシ,Kikuchi-shi,,,,旭志麓,フモト,,,,,笹原,ササハラ,,,0,0,0,0,0,0,1,0,1947-04-17,,1,,,,,,,,,,,,,,,,
432105,0017207,3,熊本県,クマモトケン,Kumamoto,,,,菊池市,キクチシ,Kikuchi-shi,,,,旭志麓,フモト,,,,,立路迫,タテミチザコ,,,0,0,0,0,0,0,1,0,1947-04-17,,1,,,,,,,,,,,,,,,,
432105,0017208,3,熊本県,クマモトケン,Kumamoto,,,,菊池市,キクチシ,Kikuchi-shi,,,,旭志麓,フモト,,,,,東沓掛,ヒガシクツカケ,,,0,0,0,0,0,0,1,0,1947-04-17,,1,,,,,,,,,,,,,,,,
432105,0017209,3,熊本県,クマモトケン,Kumamoto,,,,菊池市,キクチシ,Kikuchi-shi,,,,旭志麓,フモト,,,,,森山,モリヤマ,,,0,0,0,0,0,0,1,0,1947-04-17,,1,,,,,,,,,,,,,,,,
432105,0017210,3,熊本県,クマモトケン,Kumamoto,,,,菊池市,キクチシ,Kikuchi-shi,,,,旭志麓,フモト,,,,,塩井川,シオイガワ,,,0,0,0,0,0,0,1,0,1947-04-17,,1,,,,,,,,,,,,,,,,
432105,0017211,3,熊本県,クマモトケン,Kumamoto,,,,菊池市,キクチシ,Kikuchi-shi,,,,旭志麓,フモト,,,,,竹狭間,タケハザマ,,,0,0,0,0,0,0,1,0,1947-04-17,,1,,,,,,,,,,,,,,,,
432105,0017212,3,熊本県,クマモトケン,Kumamoto,,,,菊池市,キクチシ,Kikuchi-shi,,,,旭志麓,フモト,,,,,桜ケ岡,サクラガオカ,,,0,0,0,0,0,0,1,0,1947-04-17,,1,,,,,,,,,,,,,,,,
432105,0017213,3,熊本県,クマモトケン,Kumamoto,,,,菊池市,キクチシ,Kikuchi-shi,,,,旭志麓,フモト,,,,,古閑原,コガバル,,,0,0,0,0,0,0,1,0,1947-04-17,,1,,,,,,,,,,,,,,,,
432105,0017214,3,熊本県,クマモトケン,Kumamoto,,,,菊池市,キクチシ,Kikuchi-shi,,,,旭志麓,フモト,,,,,苣木,チシヤノキ,,,0,0,0,0,0,0,1,0,1947-04-17,,1,,,,,,,,,,,,,,,,
432105,0017215,3,熊本県,クマモトケン,Kumamoto,,,,菊池市,キクチシ,Kikuchi-shi,,,,旭志麓,フモト,,,,,銭亀,ゼニガメ,,,0,0,0,0,0,0,1,0,1947-04-17,,1,,,,,,,,,,,,,,,,
432105,0017216,3,熊本県,クマモトケン,Kumamoto,,,,菊池市,キクチシ,Kikuchi-shi,,,,旭志麓,フモト,,,,,塚下,ツカノシタ,,,0,0,0,0,0,0,1,0,1947-04-17,,1,,,,,,,,,,,,,,,,
432105,0017217,3,熊本県,クマモトケン,Kumamoto,,,,菊池市,キクチシ,Kikuchi-shi,,,,旭志麓,フモト,,,,,枦山,ハゼヤマ,,,0,0,0,0,0,0,1,0,1947-04-17,,1,,,,,,,,,,,,,,,,
432105,0017218,3,熊本県,クマモトケン,Kumamoto,,,,菊池市,キクチシ,Kikuchi-shi,,,,旭志麓,フモト,,,,,深窪,フカクボ,,,0,0,0,0,0,0,1,0,1947-04-17,,1,,,,,,,,,,,,,,,,
432105,0017219,3,熊本県,クマモトケン,Kumamoto,,,,菊池市,キクチシ,Kikuchi-shi,,,,旭志麓,フモト,,,,,塔下,トウノシタ,,,0,0,0,0,0,0,1,0,1947-04-17,,1,,,,,,,,,,,,,,,,
432105,0017220,3,熊本県,クマモトケン,Kumamoto,,,,菊池市,キクチシ,Kikuchi-shi,,,,旭志麓,フモト,,,,,惣見,ソウミ,,,0,0,0,0,0,0,1,0,1947-04-17,,1,,,,,,,,,,,,,,,,
432105,0018000,1,熊本県,クマモトケン,Kumamoto,,,,菊池市,キクチシ,Kikuchi-shi,,,,旭志弁利,キョクシベンリ,Kyokushi Benri,,,,,,,,0,0,0,0,0,0,1,1,1947-04-17,,0,8691201,,,,,,,,,,,,,,,
432105,0018173,3,熊本県,クマモトケン,Kumamoto,,,,菊池市,キクチシ,Kikuchi-shi,,,,旭志弁利,ベンリ,,,,,屋敷上,ヤシキノウエ,,,0,0,0,0,0,0,1,0,1947-04-17,,1,,,,,,,,,,,,,,,,
432105,0018174,3,熊本県,クマモトケン,Kumamoto,,,,菊池市,キクチシ,Kikuchi-shi,,,,旭志弁利,ベンリ,,,,,駄帰,ダガエリ,,,0,0,0,0,0,0,1,0,1947-04-17,,1,,,,,,,,,,,,,,,,
432105,0018175,3,熊本県,クマモトケン,Kumamoto,,,,菊池市,キクチシ,Kikuchi-shi,,,,旭志弁利,ベンリ,,,,,前,マエ,,,0,0,0,0,0,0,1,0,1947-04-17,,1,,,,,,,,,,,,,,,,
432105,0018176,3,熊本県,クマモトケン,Kumamoto,,,,菊池市,キクチシ,Kikuchi-shi,,,,旭志弁利,ベンリ,,,,,竹ノ下,タケノシタ,,,0,0,0,0,0,0,1,0,1947-04-17,,1,,,,,,,,,,,,,,,,
432105,0018177,3,熊本県,クマモトケン,Kumamoto,,,,菊池市,キクチシ,Kikuchi-shi,,,,旭志弁利,ベンリ,,,,,前田,マエダ,,,0,0,0,0,0,0,1,0,1947-04-17,,1,,,,,,,,,,,,,,,,
432105,0018178,3,熊本県,クマモトケン,Kumamoto,,,,菊池市,キクチシ,Kikuchi-shi,,,,旭志弁利,ベンリ,,,,,隠方,カクレガタ,,,0,0,0,0,0,0,1,0,1947-04-17,,1,,,,,,,,,,,,,,,,
432105,0018179,3,熊本県,クマモトケン,Kumamoto,,,,菊池市,キクチシ,Kikuchi-shi,,,,旭志弁利,ベンリ,,,,,下萱原,シモカイワラ,,,0,0,0,0,0,0,1,0,1947-04-17,,1,,,,,,,,,,,,,,,,
432105,0018180,3,熊本県,クマモトケン,Kumamoto,,,,菊池市,キクチシ,Kikuchi-shi,,,,旭志弁利,ベンリ,,,,,竜穴,タツアナ,,,0,0,0,0,0,0,1,0,1947-04-17,,1,,,,,,,,,,,,,,,,
432105,0018181,3,熊本県,クマモトケン,Kumamoto,,,,菊池市,キクチシ,Kikuchi-shi,,,,旭志弁利,ベンリ,,,,,中平,ナカヒラ,,,0,0,0,0,0,0,1,0,1947-04-17,,1,,,,,,,,,,,,,,,,
432105,0018182,3,熊本県,クマモトケン,Kumamoto,,,,菊池市,キクチシ,Kikuchi-shi,,,,旭志弁利,ベンリ,,,,,深目,フカメ,,,0,0,0,0,0,0,1,0,1947-04-17,,1,,,,,,,,,,,,,,,,
432105,0018183,3,熊本県,クマモトケン,Kumamoto,,,,菊池市,キクチシ,Kikuchi-shi,,,,旭志弁利,ベンリ,,,,,上萱原,カミカイワラ,,,0,0,0,0,0,0,1,0,1947-04-17,,1,,,,,,,,,,,,,,,,
432105,0018184,3,熊本県,クマモトケン,Kumamoto,,,,菊池市,キクチシ,Kikuchi-shi,,,,旭志弁利,ベンリ,,,,,山ノ神,ヤマノカミ,,,0,0,0,0,0,0,1,0,1947-04-17,,1,,,,,,,,,,,,,,,,
432105,0018185,3,熊本県,クマモトケン,Kumamoto,,,,菊池市,キクチシ,Kikuchi-shi,,,,旭志弁利,ベンリ,,,,,古閑ノ山,コガノヤマ,,,0,0,0,0,0,0,1,0,1947-04-17,,1,,,,,,,,,,,,,,,,
432105,0018186,3,熊本県,クマモトケン,Kumamoto,,,,菊池市,キクチシ,Kikuchi-shi,,,,旭志弁利,ベンリ,,,,,下原,シモノハル,,,0,0,0,0,0,0,1,0,1947-04-17,,1,,,,,,,,,,,,,,,,
432105,0018187,3,熊本県,クマモトケン,Kumamoto,,,,菊池市,キクチシ,Kikuchi-shi,,,,旭志弁利,ベンリ,,,,,上岩下,カミイワシタ,,,0,0,0,0,0,0,1,0,1947-04-17,,1,,,,,,,,,,,,,,,,
432105,0018188,3,熊本県,クマモトケン,Kumamoto,,,,菊池市,キクチシ,Kikuchi-shi,,,,旭志弁利,ベンリ,,,,,山水,サンスイ,,,0,0,0,0,0,0,1,0,1947-04-17,,1,,,,,,,,,,,,,,,,
432105,0018189,3,熊本県,クマモトケン,Kumamoto,,,,菊池市,キクチシ,Kikuchi-shi,,,,旭志弁利,ベンリ,,,,,東八迫,ヒガシハツサコ,,,0,0,0,0,0,0,1,0,1947-04-17,,1,,,,,,,,,,,,,,,,
432105,0018190,3,熊本県,クマモトケン,Kumamoto,,,,菊池市,キクチシ,Kikuchi-shi,,,,旭志弁利,ベンリ,,,,,西八迫,ニシハツサコ,,,0,0,0,0,0,0,1,0,1947-04-17,,1,,,,,,,,,,,,,,,,
432105,0018191,3,熊本県,クマモトケン,Kumamoto,,,,菊池市,キクチシ,Kikuchi-shi,,,,旭志弁利,ベンリ,,,,,古閑原,コガバル,,,0,0,0,0,0,0,1,0,1947-04-17,,1,,,,,,,,,,,,,,,,
432105,0018192,3,熊本県,クマモトケン,Kumamoto,,,,菊池市,キクチシ,Kikuchi-shi,,,,旭志弁利,ベンリ,,,,,藤尾,フジオ,,,0,0,0,0,0,0,1,0,1947-04-17,,1,,,,,,,,,,,,,,,,
432105,0018193,3,熊本県,クマモトケン,Kumamoto,,,,菊池市,キクチシ,Kikuchi-shi,,,,旭志弁利,ベンリ,,,,,仁田迫,ジンダザコ,,,0,0,0,0,0,0,1,0,1947-04-17,,1,,,,,,,,,,,,,,,,
432105,0018194,3,熊本県,クマモトケン,Kumamoto,,,,菊池市,キクチシ,Kikuchi-shi,,,,旭志弁利,ベンリ,,,,,前畑,マエハタ,,,0,0,0,0,0,0,1,0,1947-04-17,,1,,,,,,,,,,,,,,,,
432105,0018195,3,熊本県,クマモトケン,Kumamoto,,,,菊池市,キクチシ,Kikuchi-shi,,,,旭志弁利,ベンリ,,,,,向田,ムカイダ,,,0,0,0,0,0,0,1,0,1947-04-17,,1,,,,,,,,,,,,,,,,
432105,0018196,3,熊本県,クマモトケン,Kumamoto,,,,菊池市,キクチシ,Kikuchi-shi,,,,旭志弁利,ベンリ,,,,,新谷,シンガイ,,,0,0,0,0,0,0,1,0,1947-04-17,,1,,,,,,,,,,,,,,,,
432105,0018197,3,熊本県,クマモトケン,Kumamoto,,,,菊池市,キクチシ,Kikuchi-shi,,,,旭志弁利,ベンリ,,,,,上原,ウエノハル,,,0,0,0,0,0,0,1,0,1947-04-17,,1,,,,,,,,,,,,,,,,
432105,0018198,3,熊本県,クマモトケン,Kumamoto,,,,菊池市,キクチシ,Kikuchi-shi,,,,旭志弁利,ベンリ,,,,,萩野,ハギノ,,,0,0,0,0,0,0,1,0,1947-04-17,,1,,,,,,,,,,,,,,,,
432105,0018199,3,熊本県,クマモトケン,Kumamoto,,,,菊池市,キクチシ,Kikuchi-shi,,,,旭志弁利,ベンリ,,,,,楠原上,クスバルノウエ,,,0,0,0,0,0,0,1,0,1947-04-17,,1,,,,,,,,,,,,,,,,
432105,0018200,3,熊本県,クマモトケン,Kumamoto,,,,菊池市,キクチシ,Kikuchi-shi,,,,旭志弁利,ベンリ,,,,,小川,オガワ,,,0,0,0,0,0,0,1,0,1947-04-17,,1,,,,,,,,,,,,,,,,
432105,0018201,3,熊本県,クマモトケン,Kumamoto,,,,菊池市,キクチシ,Kikuchi-shi,,,,旭志弁利,ベンリ,,,,,中村,ナカムラ,,,0,0,0,0,0,0,1,0,1947-04-17,,1,,,,,,,,,,,,,,,,
432105,0018202,3,熊本県,クマモトケン,Kumamoto,,,,菊池市,キクチシ,Kikuchi-shi,,,,旭志弁利,ベンリ,,,,,上入道,カミニユウドウ,,,0,0,0,0,0,0,1,0,1947-04-17,,1,,,,,,,,,,,,,,,,
432105,0018203,3,熊本県,クマモトケン,Kumamoto,,,,菊池市,キクチシ,Kikuchi-shi,,,,旭志弁利,ベンリ,,,,,浦田,ウラタ,,,0,0,0,0,0,0,1,0,1947-04-17,,1,,,,,,,,,,,,,,,,
432105,0018204,3,熊本県,クマモトケン,Kumamoto,,,,菊池市,キクチシ,Kikuchi-shi,,,,旭志弁利,ベンリ,,,,,石倉,イシクラ,,,0,0,0,0,0,0,1,0,1947-04-17,,1,,,,,,,,,,,,,,,,
432105,0018205,3,熊本県,クマモトケン,Kumamoto,,,,菊池市,キクチシ,Kikuchi-shi,,,,旭志弁利,ベンリ,,,,,北平,キタビラ,,,0,0,0,0,0,0,1,0,1947-04-17,,1,,,,,,,,,,,,,,,,
432105,0018206,3,熊本県,クマモトケン,Kumamoto,,,,菊池市,キクチシ,Kikuchi-shi,,,,旭志弁利,ベンリ,,,,,大平,オオヒラ,,,0,0,0,0,0,0,1,0,1947-04-17,,1,,,,,,,,,,,,,,,,
432105,0018207,3,熊本県,クマモトケン,Kumamoto,,,,菊池市,キクチシ,Kikuchi-shi,,,,旭志弁利,ベンリ,,,,,石山,イシヤマ,,,0,0,0,0,0,0,1,0,1947-04-17,,1,,,,,,,,,,,,,,,,
432105,0018208,3,熊本県,クマモトケン,Kumamoto,,,,菊池市,キクチシ,Kikuchi-shi,,,,旭志弁利,ベンリ,,,,,知者ケ峯,チシヤガミネ,,,0,0,0,0,0,0,1,0,1947-04-17,,1,,,,,,,,,,,,,,,,
432105,0018209,3,熊本県,クマモトケン,Kumamoto,,,,菊池市,キクチシ,Kikuchi-shi,,,,旭志弁利,ベンリ,,,,,上深目,カミフカメ,,,0,0,0,0,0,0,1,0,1947-04-17,,1,,,,,,,,,,,,,,,,
432105,0018210,3,熊本県,クマモトケン,Kumamoto,,,,菊池市,キクチシ,Kikuchi-shi,,,,旭志弁利,ベンリ,,,,,辰崩,タツクズレ,,,0,0,0,0,0,0,1,0,1947-04-17,,1,,,,,,,,,,,,,,,,
432105,0018211,3,熊本県,クマモトケン,Kumamoto,,,,菊池市,キクチシ,Kikuchi-shi,,,,旭志弁利,ベンリ,,,,,米井川,ヨナイガワ,,,0,0,0,0,0,0,1,0,1947-04-17,,1,,,,,,,,,,,,,,,,
432105,0018212,3,熊本県,クマモトケン,Kumamoto,,,,菊池市,キクチシ,Kikuchi-shi,,,,旭志弁利,ベンリ,,,,,惣見,ソウミ,,,0,0,0,0,0,0,1,0,1947-04-17,,1,,,,,,,,,,,,,,,,
432105,0018213,3,熊本県,クマモトケン,Kumamoto,,,,菊池市,キクチシ,Kikuchi-shi,,,,旭志弁利,ベンリ,,,,,九ノ峯,クノミネ,,,0,0,0,0,0,0,1,0,1947-04-17,,1,,,,,,,,,,,,,,,,
432105,0018214,3,熊本県,クマモトケン,Kumamoto,,,,菊池市,キクチシ,Kikuchi-shi,,,,旭志弁利,ベンリ,,,,,上平境,カミタイラザカイ,,,0,0,0,0,0,0,1,0,1947-04-17,,1,,,,,,,,,,,,,,,,
432105,0018215,3,熊本県,クマモトケン,Kumamoto,,,,菊池市,キクチシ,Kikuchi-shi,,,,旭志弁利,ベンリ,,,,,東小川,ヒガシオガワ,,,0,0,0,0,0,0,1,0,1947-04-17,,1,,,,,,,,,,,,,,,,
432105,0018216,3,熊本県,クマモトケン,Kumamoto,,,,菊池市,キクチシ,Kikuchi-shi,,,,旭志弁利,ベンリ,,,,,竹ノ上,タケノウエ,,,0,0,0,0,0,0,1,0,1947-04-17,,1,,,,,,,,,,,,,,,,
432105,0018217,3,熊本県,クマモトケン,Kumamoto,,,,菊池市,キクチシ,Kikuchi-shi,,,,旭志弁利,ベンリ,,,,,羽根,ハネ,,,0,0,0,0,0,0,1,0,1947-04-17,,1,,,,,,,,,,,,,,,,
432105,0018218,3,熊本県,クマモトケン,Kumamoto,,,,菊池市,キクチシ,Kikuchi-shi,,,,旭志弁利,ベンリ,,,,,居屋敷,イヤシキ,,,0,0,0,0,0,0,1,0,1947-04-17,,1,,,,,,,,,,,,,,,,
432105,0018219,3,熊本県,クマモトケン,Kumamoto,,,,菊池市,キクチシ,Kikuchi-shi,,,,旭志弁利,ベンリ,,,,,瀬戸,セト,,,0,0,0,0,0,0,1,0,1947-04-17,,1,,,,,,,,,,,,,,,,
432105,0018220,3,熊本県,クマモトケン,Kumamoto,,,,菊池市,キクチシ,Kikuchi-shi,,,,旭志弁利,ベンリ,,,,,天神迫,テンジンザコ,,,0,0,0,0,0,0,1,0,1947-04-17,,1,,,,,,,,,,,,,,,,
432105,0018221,3,熊本県,クマモトケン,Kumamoto,,,,菊池市,キクチシ,Kikuchi-shi,,,,旭志弁利,ベンリ,,,,,中須,ナカス,,,0,0,0,0,0,0,1,0,1947-04-17,,1,,,,,,,,,,,,,,,,
432105,0018222,3,熊本県,クマモトケン,Kumamoto,,,,菊池市,キクチシ,Kikuchi-shi,,,,旭志弁利,ベンリ,,,,,一ノ坂,イチノサカ,,,0,0,0,0,0,0,1,0,1947-04-17,,1,,,,,,,,,,,,,,,,
432105,0018223,3,熊本県,クマモトケン,Kumamoto,,,,菊池市,キクチシ,Kikuchi-shi,,,,旭志弁利,ベンリ,,,,,水源,スイゲン,,,0,0,0,0,0,0,1,0,1947-04-17,,1,,,,,,,,,,,,,,,,
432105,0018224,3,熊本県,クマモトケン,Kumamoto,,,,菊池市,キクチシ,Kikuchi-shi,,,,旭志弁利,ベンリ,,,,,入道塚,ニユウドウヅカ,,,0,0,0,0,0,0,1,0,1947-04-17,,1,,,,,,,,,,,,,,,,
432105,0018225,3,熊本県,クマモトケン,Kumamoto,,,,菊池市,キクチシ,Kikuchi-shi,,,,旭志弁利,ベンリ,,,,,楠原,クスバル,,,0,0,0,0,0,0,1,0,1947-04-17,,1,,,,,,,,,,,,,,,,
432105,0018226,3,熊本県,クマモトケン,Kumamoto,,,,菊池市,キクチシ,Kikuchi-shi,,,,旭志弁利,ベンリ,,,,,泉水,センスイ,,,0,0,0,0,0,0,1,0,1947-04-17,,1,,,,,,,,,,,,,,,,
432105,0018227,3,熊本県,クマモトケン,Kumamoto,,,,菊池市,キクチシ,Kikuchi-shi,,,,旭志弁利,ベンリ,,,,,北小川,キタオガワ,,,0,0,0,0,0,0,1,0,1947-04-17,,1,,,,,,,,,,,,,,,,
432105,0018228,3,熊本県,クマモトケン,Kumamoto,,,,菊池市,キクチシ,Kikuchi-shi,,,,旭志弁利,ベンリ,,,,,中尾,ナカオ,,,0,0,0,0,0,0,1,0,1947-04-17,,1,,,,,,,,,,,,,,,,
432105,0018229,3,熊本県,クマモトケン,Kumamoto,,,,菊池市,キクチシ,Kikuchi-shi,,,,旭志弁利,ベンリ,,,,,原,ハル,,,0,0,0,0,0,0,1,0,1947-04-17,,1,,,,,,,,,,,,,,,,
432105,0018230,3,熊本県,クマモトケン,Kumamoto,,,,菊池市,キクチシ,Kikuchi-shi,,,,旭志弁利,ベンリ,,,,,道兎,ドウメン,,,0,0,0,0,0,0,1,0,1947-04-17,,1,,,,,,,,,,,,,,,,
432105,0018231,3,熊本県,クマモトケン,Kumamoto,,,,菊池市,キクチシ,Kikuchi-shi,,,,旭志弁利,ベンリ,,,,,大谷,オオタニ,,,0,0,0,0,0,0,1,0,1947-04-17,,1,,,,,,,,,,,,,,,,
432105,0018232,3,熊本県,クマモトケン,Kumamoto,,,,菊池市,キクチシ,Kikuchi-shi,,,,旭志弁利,ベンリ,,,,,上水足,カミミズタリ,,,0,0,0,0,0,0,1,0,1947-04-17,,1,,,,,,,,,,,,,,,,
432105,0018233,3,熊本県,クマモトケン,Kumamoto,,,,菊池市,キクチシ,Kikuchi-shi,,,,旭志弁利,ベンリ,,,,,深目平,フカメビラ,,,0,0,0,0,0,0,1,0,1947-04-17,,1,,,,,,,,,,,,,,,,
432105,0018234,3,熊本県,クマモトケン,Kumamoto,,,,菊池市,キクチシ,Kikuchi-shi,,,,旭志弁利,ベンリ,,,,,下水足,シモミズタリ,,,0,0,0,0,0,0,1,0,1947-04-17,,1,,,,,,,,,,,,,,,,
432105,0018235,3,熊本県,クマモトケン,Kumamoto,,,,菊池市,キクチシ,Kikuchi-shi,,,,旭志弁利,ベンリ,,,,,下小川,シモオガワ,,,0,0,0,0,0,0,1,0,1947-04-17,,1,,,,,,,,,,,,,,,,
432105,0018236,3,熊本県,クマモトケン,Kumamoto,,,,菊池市,キクチシ,Kikuchi-shi,,,,旭志弁利,ベンリ,,,,,深目谷,フカメダニ,,,0,0,0,0,0,0,1,0,1947-04-17,,1,,,,,,,,,,,,,,,,
432105,0018237,3,熊本県,クマモトケン,Kumamoto,,,,菊池市,キクチシ,Kikuchi-shi,,,,旭志弁利,ベンリ,,,,,南小川,ミナミオガワ,,,0,0,0,0,0,0,1,0,1947-04-17,,1,,,,,,,,,,,,,,,,
432105,0018238,3,熊本県,クマモトケン,Kumamoto,,,,菊池市,キクチシ,Kikuchi-shi,,,,旭志弁利,ベンリ,,,,,下岩下,シモイワシタ,,,0,0,0,0,0,0,1,0,1947-04-17,,1,,,,,,,,,,,,,,,,
432105,0018239,3,熊本県,クマモトケン,Kumamoto,,,,菊池市,キクチシ,Kikuchi-shi,,,,旭志弁利,ベンリ,,,,,下平境,シモタイラザカイ,,,0,0,0,0,0,0,1,0,1947-04-17,,1,,,,,,,,,,,,,,,,
432105,0018240,3,熊本県,クマモトケン,Kumamoto,,,,菊池市,キクチシ,Kikuchi-shi,,,,旭志弁利,ベンリ,,,,,中小川,ナカオガワ,,,0,0,0,0,0,0,1,0,1947-04-17,,1,,,,,,,,,,,,,,,,
432105,0018241,3,熊本県,クマモトケン,Kumamoto,,,,菊池市,キクチシ,Kikuchi-shi,,,,旭志弁利,ベンリ,,,,,旭野,アサヒノ,,,0,0,0,0,0,0,1,0,1947-04-17,,1,,,,,,,,,,,,,,,,
432105,0018242,3,熊本県,クマモトケン,Kumamoto,,,,菊池市,キクチシ,Kikuchi-shi,,,,旭志弁利,ベンリ,,,,,前ケ原,マエガハラ,,,0,0,0,0,0,0,1,0,1947-04-17,,1,,,,,,,,,,,,,,,,
432105,0018243,3,熊本県,クマモトケン,Kumamoto,,,,菊池市,キクチシ,Kikuchi-shi,,,,旭志弁利,ベンリ,,,,,小谷,コタニ,,,0,0,0,0,0,0,1,0,1947-04-17,,1,,,,,,,,,,,,,,,,
432105,0018244,3,熊本県,クマモトケン,Kumamoto,,,,菊池市,キクチシ,Kikuchi-shi,,,,旭志弁利,ベンリ,,,,,下九ノ峯,シモクノミネ,,,0,0,0,0,0,0,1,0,1947-04-17,,1,,,,,,,,,,,,,,,,
432105,0019000,1,熊本県,クマモトケン,Kumamoto,,,,菊池市,キクチシ,Kikuchi-shi,,,,玉祥寺,ギョクショジ,Gyokushoji,,,,,,,,0,0,0,0,0,0,1,1,1947-04-17,,0,8611322,,,,,,,,,,,,,,,
432105,0019109,3,熊本県,クマモトケン,Kumamoto,,,,菊池市,キクチシ,Kikuchi-shi,,,,玉祥寺,ギョクショジ,Gyokushoji,,,,北原,キタバラ,,,0,0,0,0,0,0,1,0,1947-04-17,,1,,,,,,,,,,,,,,,,
432105,0019110,3,熊本県,クマモトケン,Kumamoto,,,,菊池市,キクチシ,Kikuchi-shi,,,,玉祥寺,ギョクショジ,Gyokushoji,,,,遊蛇口,ユウジヤク,,,0,0,0,0,0,0,1,0,1947-04-17,,1,,,,,,,,,,,,,,,,
432105,0019111,3,熊本県,クマモトケン,Kumamoto,,,,菊池市,キクチシ,Kikuchi-shi,,,,玉祥寺,ギョクショジ,Gyokushoji,,,,東原,ヒガシバラ,,,0,0,0,0,0,0,1,0,1947-04-17,,1,,,,,,,,,,,,,,,,
432105,0019112,3,熊本県,クマモトケン,Kumamoto,,,,菊池市,キクチシ,Kikuchi-shi,,,,玉祥寺,ギョクショジ,Gyokushoji,,,,居屋敷,イヤシキ,,,0,0,0,0,0,0,1,0,1947-04-17,,1,,,,,,,,,,,,,,,,
432105,0019113,3,熊本県,クマモトケン,Kumamoto,,,,菊池市,キクチシ,Kikuchi-shi,,,,玉祥寺,ギョクショジ,Gyokushoji,,,,南田,ミナミダ,,,0,0,0,0,0,0,1,0,1947-04-17,,1,,,,,,,,,,,,,,,,
432105,0019114,3,熊本県,クマモトケン,Kumamoto,,,,菊池市,キクチシ,Kikuchi-shi,,,,玉祥寺,ギョクショジ,Gyokushoji,,,,上平,カミヒラ,,,0,0,0,0,0,0,1,0,1947-04-17,,1,,,,,,,,,,,,,,,,
432105,0019115,3,熊本県,クマモトケン,Kumamoto,,,,菊池市,キクチシ,Kikuchi-shi,,,,玉祥寺,ギョクショジ,Gyokushoji,,,,下平,シモヒラ,,,0,0,0,0,0,0,1,0,1947-04-17,,1,,,,,,,,,,,,,,,,
432105,0019116,3,熊本県,クマモトケン,Kumamoto,,,,菊池市,キクチシ,Kikuchi-shi,,,,玉祥寺,ギョクショジ,Gyokushoji,,,,松山原,マツヤマバラ,,,0,0,0,0,0,0,1,0,1947-04-17,,1,,,,,,,,,,,,,,,,
432105,0020000,1,熊本県,クマモトケン,Kumamoto,,,,菊池市,キクチシ,Kikuchi-shi,,,,袈裟尾,ケサオ,Kesao,,,,,,,,0,0,0,0,0,0,1,1,1947-04-17,,0,8611325,,,,,,,,,,,,,,,
432105,0020116,3,熊本県,クマモトケン,Kumamoto,,,,菊池市,キクチシ,Kikuchi-shi,,,,袈裟尾,ケサオ,,,,,西村上,ニシムラカミ,,,0,0,0,0,0,0,1,0,1947-04-17,,1,,,,,,,,,,,,,,,,
432105,0020117,3,熊本県,クマモトケン,Kumamoto,,,,菊池市,キクチシ,Kikuchi-shi,,,,袈裟尾,ケサオ,,,,,東村上,ヒガシムラカミ,,,0,0,0,0,0,0,1,0,1947-04-17,,1,,,,,,,,,,,,,,,,
432105,0020118,3,熊本県,クマモトケン,Kumamoto,,,,菊池市,キクチシ,Kikuchi-shi,,,,袈裟尾,ケサオ,,,,,竹上原,タケノウエハラ,,,0,0,0,0,0,0,1,0,1947-04-17,,1,,,,,,,,,,,,,,,,
432105,0020119,3,熊本県,クマモトケン,Kumamoto,,,,菊池市,キクチシ,Kikuchi-shi,,,,袈裟尾,ケサオ,,,,,前田,マエダ,,,0,0,0,0,0,0,1,0,1947-04-17,,1,,,,,,,,,,,,,,,,
432105,0020120,3,熊本県,クマモトケン,Kumamoto,,,,菊池市,キクチシ,Kikuchi-shi,,,,袈裟尾,ケサオ,,,,,高塚,タカツカ,,,0,0,0,0,0,0,1,0,1947-04-17,,1,,,,,,,,,,,,,,,,
432105,0020121,3,熊本県,クマモトケン,Kumamoto,,,,菊池市,キクチシ,Kikuchi-shi,,,,袈裟尾,ケサオ,,,,,大久保,オオクボ,,,0,0,0,0,0,0,1,0,1947-04-17,,1,,,,,,,,,,,,,,,,
432105,0020122,3,熊本県,クマモトケン,Kumamoto,,,,菊池市,キクチシ,Kikuchi-shi,,,,袈裟尾,ケサオ,,,,,萬福ノ上,マンプクノウエ,,,0,0,0,0,0,0,1,0,1947-04-17,,1,,,,,,,,,,,,,,,,
432105,0020123,3,熊本県,クマモトケン,Kumamoto,,,,菊池市,キクチシ,Kikuchi-shi,,,,袈裟尾,ケサオ,,,,,居屋敷,イヤシキ,,,0,0,0,0,0,0,1,0,1947-04-17,,1,,,,,,,,,,,,,,,,
432105,0020124,3,熊本県,クマモトケン,Kumamoto,,,,菊池市,キクチシ,Kikuchi-shi,,,,袈裟尾,ケサオ,,,,,水溜,ミズタマリ,,,0,0,0,0,0,0,1,0,1947-04-17,,1,,,,,,,,,,,,,,,,
432105,0020125,3,熊本県,クマモトケン,Kumamoto,,,,菊池市,キクチシ,Kikuchi-shi,,,,袈裟尾,ケサオ,,,,,萬福,マンプク,,,0,0,0,0,0,0,1,0,1947-04-17,,1,,,,,,,,,,,,,,,,
432105,0020126,3,熊本県,クマモトケン,Kumamoto,,,,菊池市,キクチシ,Kikuchi-shi,,,,袈裟尾,ケサオ,,,,,下大迫,シモオオサコ,,,0,0,0,0,0,0,1,0,1947-04-17,,1,,,,,,,,,,,,,,,,
432105,0020127,3,熊本県,クマモトケン,Kumamoto,,,,菊池市,キクチシ,Kikuchi-shi,,,,袈裟尾,ケサオ,,,,,松山原,マツヤマバラ,,,0,0,0,0,0,0,1,0,1947-04-17,,1,,,,,,,,,,,,,,,,
432105,0020128,3,熊本県,クマモトケン,Kumamoto,,,,菊池市,キクチシ,Kikuchi-shi,,,,袈裟尾,ケサオ,,,,,西平,ニシヒラ,,,0,0,0,0,0,0,1,0,1947-04-17,,1,,,,,,,,,,,,,,,,
432105,0020129,3,熊本県,クマモトケン,Kumamoto,,,,菊池市,キクチシ,Kikuchi-shi,,,,袈裟尾,ケサオ,,,,,上大迫,カミオオサコ,,,0,0,0,0,0,0,1,0,1947-04-17,,1,,,,,,,,,,,,,,,,
432105,0020130,3,熊本県,クマモトケン,Kumamoto,,,,菊池市,キクチシ,Kikuchi-shi,,,,袈裟尾,ケサオ,,,,,西郷坂,サイゴウザカ,,,0,0,0,0,0,0,1,0,1947-04-17,,1,,,,,,,,,,,,,,,,
432105,0021000,1,熊本県,クマモトケン,Kumamoto,,,,菊池市,キクチシ,Kikuchi-shi,,,,木庭,コバ,Koba,,,,,,,,0,0,0,0,0,0,1,1,1947-04-17,,0,8611301,,,,,,,,,,,,,,,
432105,0021121,3,熊本県,クマモトケン,Kumamoto,,,,菊池市,キクチシ,Kikuchi-shi,,,,木庭,コバ,,,,,横枕,ヨコマクラ,,,0,0,0,0,0,0,1,0,1947-04-17,,1,,,,,,,,,,,,,,,,
432105,0021122,3,熊本県,クマモトケン,Kumamoto,,,,菊池市,キクチシ,Kikuchi-shi,,,,木庭,コバ,,,,,柳迫,ヤナギサコ,,,0,0,0,0,0,0,1,0,1947-04-17,,1,,,,,,,,,,,,,,,,
432105,0021123,3,熊本県,クマモトケン,Kumamoto,,,,菊池市,キクチシ,Kikuchi-shi,,,,木庭,コバ,,,,,山下,ヤマシタ,,,0,0,0,0,0,0,1,0,1947-04-17,,1,,,,,,,,,,,,,,,,
432105,0021124,3,熊本県,クマモトケン,Kumamoto,,,,菊池市,キクチシ,Kikuchi-shi,,,,木庭,コバ,,,,,甲石,カブトイシ,,,0,0,0,0,0,0,1,0,1947-04-17,,1,,,,,,,,,,,,,,,,
432105,0021125,3,熊本県,クマモトケン,Kumamoto,,,,菊池市,キクチシ,Kikuchi-shi,,,,木庭,コバ,,,,,古城,コジヨウ,,,0,0,0,0,0,0,1,0,1947-04-17,,1,,,,,,,,,,,,,,,,
432105,0021126,3,熊本県,クマモトケン,Kumamoto,,,,菊池市,キクチシ,Kikuchi-shi,,,,木庭,コバ,,,,,道坂,ミチザカ,,,0,0,0,0,0,0,1,0,1947-04-17,,1,,,,,,,,,,,,,,,,
432105,0021127,3,熊本県,クマモトケン,Kumamoto,,,,菊池市,キクチシ,Kikuchi-shi,,,,木庭,コバ,,,,,小坂,コサカ,,,0,0,0,0,0,0,1,0,1947-04-17,,1,,,,,,,,,,,,,,,,
432105,0021128,3,熊本県,クマモトケン,Kumamoto,,,,菊池市,キクチシ,Kikuchi-shi,,,,木庭,コバ,,,,,中尾,ナカオ,,,0,0,0,0,0,0,1,0,1947-04-17,,1,,,,,,,,,,,,,,,,
432105,0021129,3,熊本県,クマモトケン,Kumamoto,,,,菊池市,キクチシ,Kikuchi-shi,,,,木庭,コバ,,,,,長谷,ナガタニ,,,0,0,0,0,0,0,1,0,1947-04-17,,1,,,,,,,,,,,,,,,,
432105,0021130,3,熊本県,クマモトケン,Kumamoto,,,,菊池市,キクチシ,Kikuchi-shi,,,,木庭,コバ,,,,,平原,ヒラバル,,,0,0,0,0,0,0,1,0,1947-04-17,,1,,,,,,,,,,,,,,,,
432105,0021131,3,熊本県,クマモトケン,Kumamoto,,,,菊池市,キクチシ,Kikuchi-shi,,,,木庭,コバ,,,,,上原,ウエハラ,,,0,0,0,0,0,0,1,0,1947-04-17,,1,,,,,,,,,,,,,,,,
432105,0021132,3,熊本県,クマモトケン,Kumamoto,,,,菊池市,キクチシ,Kikuchi-shi,,,,木庭,コバ,,,,,前田,マエダ,,,0,0,0,0,0,0,1,0,1947-04-17,,1,,,,,,,,,,,,,,,,
432105,0021133,3,熊本県,クマモトケン,Kumamoto,,,,菊池市,キクチシ,Kikuchi-shi,,,,木庭,コバ,,,,,松原,マツバラ,,,0,0,0,0,0,0,1,0,1947-04-17,,1,,,,,,,,,,,,,,,,
432105,0021134,3,熊本県,クマモトケン,Kumamoto,,,,菊池市,キクチシ,Kikuchi-shi,,,,木庭,コバ,,,,,麦迫,ムギサコ,,,0,0,0,0,0,0,1,0,1947-04-17,,1,,,,,,,,,,,,,,,,
432105,0021135,3,熊本県,クマモトケン,Kumamoto,,,,菊池市,キクチシ,Kikuchi-shi,,,,木庭,コバ,,,,,長迫,ナガサコ,,,0,0,0,0,0,0,1,0,1947-04-17,,1,,,,,,,,,,,,,,,,
432105,0021136,3,熊本県,クマモトケン,Kumamoto,,,,菊池市,キクチシ,Kikuchi-shi,,,,木庭,コバ,,,,,二反迫,ニタンザコ,,,0,0,0,0,0,0,1,0,1947-04-17,,1,,,,,,,,,,,,,,,,
432105,0021137,3,熊本県,クマモトケン,Kumamoto,,,,菊池市,キクチシ,Kikuchi-shi,,,,木庭,コバ,,,,,尾首,オクビ,,,0,0,0,0,0,0,1,0,1947-04-17,,1,,,,,,,,,,,,,,,,
432105,0021138,3,熊本県,クマモトケン,Kumamoto,,,,菊池市,キクチシ,Kikuchi-shi,,,,木庭,コバ,,,,,高塚,タカヅカ,,,0,0,0,0,0,0,1,0,1947-04-17,,1,,,,,,,,,,,,,,,,
432105,0021139,3,熊本県,クマモトケン,Kumamoto,,,,菊池市,キクチシ,Kikuchi-shi,,,,木庭,コバ,,,,,後迫,ウシロサコ,,,0,0,0,0,0,0,1,0,1947-04-17,,1,,,,,,,,,,,,,,,,
432105,0021140,3,熊本県,クマモトケン,Kumamoto,,,,菊池市,キクチシ,Kikuchi-shi,,,,木庭,コバ,,,,,島田,シマダ,,,0,0,0,0,0,0,1,0,1947-04-17,,1,,,,,,,,,,,,,,,,
432105,0022000,1,熊本県,クマモトケン,Kumamoto,,,,菊池市,キクチシ,Kikuchi-shi,,,,重味,シゲミ,Shigemi,,,,,,,,0,0,0,0,0,0,1,1,1947-04-17,,0,8611682,,,,,,,,,,,,,,,
432105,0022177,3,熊本県,クマモトケン,Kumamoto,,,,菊池市,キクチシ,Kikuchi-shi,,,,重味,シゲミ,,,,,前田,マエダ,,,0,0,0,0,0,0,1,0,1947-04-17,,1,,,,,,,,,,,,,,,,
432105,0022178,3,熊本県,クマモトケン,Kumamoto,,,,菊池市,キクチシ,Kikuchi-shi,,,,重味,シゲミ,,,,,中鶴,ナカヅル,,,0,0,0,0,0,0,1,0,1947-04-17,,1,,,,,,,,,,,,,,,,
432105,0022179,3,熊本県,クマモトケン,Kumamoto,,,,菊池市,キクチシ,Kikuchi-shi,,,,重味,シゲミ,,,,,松古閑,マツコガ,,,0,0,0,0,0,0,1,0,1947-04-17,,1,,,,,,,,,,,,,,,,
432105,0022180,3,熊本県,クマモトケン,Kumamoto,,,,菊池市,キクチシ,Kikuchi-shi,,,,重味,シゲミ,,,,,小迫,コサコ,,,0,0,0,0,0,0,1,0,1947-04-17,,1,,,,,,,,,,,,,,,,
432105,0022181,3,熊本県,クマモトケン,Kumamoto,,,,菊池市,キクチシ,Kikuchi-shi,,,,重味,シゲミ,,,,,南原,ミナミハル,,,0,0,0,0,0,0,1,0,1947-04-17,,1,,,,,,,,,,,,,,,,
432105,0022182,3,熊本県,クマモトケン,Kumamoto,,,,菊池市,キクチシ,Kikuchi-shi,,,,重味,シゲミ,,,,,村前,ムラマエ,,,0,0,0,0,0,0,1,0,1947-04-17,,1,,,,,,,,,,,,,,,,
432105,0022183,3,熊本県,クマモトケン,Kumamoto,,,,菊池市,キクチシ,Kikuchi-shi,,,,重味,シゲミ,,,,,生蘇,ウウソウ,,,0,0,0,0,0,0,1,0,1947-04-17,,1,,,,,,,,,,,,,,,,
432105,0022184,3,熊本県,クマモトケン,Kumamoto,,,,菊池市,キクチシ,Kikuchi-shi,,,,重味,シゲミ,,,,,宮ノ上,ミヤノウエ,,,0,0,0,0,0,0,1,0,1947-04-17,,1,,,,,,,,,,,,,,,,
432105,0022185,3,熊本県,クマモトケン,Kumamoto,,,,菊池市,キクチシ,Kikuchi-shi,,,,重味,シゲミ,,,,,大塘,オオトモ,,,0,0,0,0,0,0,1,0,1947-04-17,,1,,,,,,,,,,,,,,,,
432105,0022186,3,熊本県,クマモトケン,Kumamoto,,,,菊池市,キクチシ,Kikuchi-shi,,,,重味,シゲミ,,,,,西ノ原,ニシノハル,,,0,0,0,0,0,0,1,0,1947-04-17,,1,,,,,,,,,,,,,,,,
432105,0022187,3,熊本県,クマモトケン,Kumamoto,,,,菊池市,キクチシ,Kikuchi-shi,,,,重味,シゲミ,,,,,重味,,,,0,0,0,0,0,0,1,0,1947-04-17,,1,,,,,,,,,,,,,,,,
432105,0022188,3,熊本県,クマモトケン,Kumamoto,,,,菊池市,キクチシ,Kikuchi-shi,,,,重味,シゲミ,,,,,小俣,コマタ,,,0,0,0,0,0,0,1,0,1947-04-17,,1,,,,,,,,,,,,,,,,
432105,0022189,3,熊本県,クマモトケン,Kumamoto,,,,菊池市,キクチシ,Kikuchi-shi,,,,重味,シゲミ,,,,,北ノ原,キタノハラ,,,0,0,0,0,0,0,1,0,1947-04-17,,1,,,,,,,,,,,,,,,,
432105,0022190,3,熊本県,クマモトケン,Kumamoto,,,,菊池市,キクチシ,Kikuchi-shi,,,,重味,シゲミ,,,,,宮ノ前,ミヤノマエ,,,0,0,0,0,0,0,1,0,1947-04-17,,1,,,,,,,,,,,,,,,,
432105,0022191,3,熊本県,クマモトケン,Kumamoto,,,,菊池市,キクチシ,Kikuchi-shi,,,,重味,シゲミ,,,,,中島,ナカシマ,,,0,0,0,0,0,0,1,0,1947-04-17,,1,,,,,,,,,,,,,,,,
432105,0022192,3,熊本県,クマモトケン,Kumamoto,,,,菊池市,キクチシ,Kikuchi-shi,,,,重味,シゲミ,,,,,向田,ムカイダ,,,0,0,0,0,0,0,1,0,1947-04-17,,1,,,,,,,,,,,,,,,,
432105,0022193,3,熊本県,クマモトケン,Kumamoto,,,,菊池市,キクチシ,Kikuchi-shi,,,,重味,シゲミ,,,,,布能野,フノウノ,,,0,0,0,0,0,0,1,0,1947-04-17,,1,,,,,,,,,,,,,,,,
432105,0022194,3,熊本県,クマモトケン,Kumamoto,,,,菊池市,キクチシ,Kikuchi-shi,,,,重味,シゲミ,,,,,金峯山,カナミネヤマ,,,0,0,0,0,0,0,1,0,1947-04-17,,1,,,,,,,,,,,,,,,,
432105,0022195,3,熊本県,クマモトケン,Kumamoto,,,,菊池市,キクチシ,Kikuchi-shi,,,,重味,シゲミ,,,,,新村,シンムラ,,,0,0,0,0,0,0,1,0,1947-04-17,,1,,,,,,,,,,,,,,,,
432105,0022196,3,熊本県,クマモトケン,Kumamoto,,,,菊池市,キクチシ,Kikuchi-shi,,,,重味,シゲミ,,,,,走落,ハシリオチ,,,0,0,0,0,0,0,1,0,1947-04-17,,1,,,,,,,,,,,,,,,,
432105,0022197,3,熊本県,クマモトケン,Kumamoto,,,,菊池市,キクチシ,Kikuchi-shi,,,,重味,シゲミ,,,,,城道,シロミチ,,,0,0,0,0,0,0,1,0,1947-04-17,,1,,,,,,,,,,,,,,,,
432105,0022198,3,熊本県,クマモトケン,Kumamoto,,,,菊池市,キクチシ,Kikuchi-shi,,,,重味,シゲミ,,,,,道園,ドウゾノ,,,0,0,0,0,0,0,1,0,1947-04-17,,1,,,,,,,,,,,,,,,,
432105,0022199,3,熊本県,クマモトケン,Kumamoto,,,,菊池市,キクチシ,Kikuchi-shi,,,,重味,シゲミ,,,,,松ケ鼻,マツガハナ,,,0,0,0,0,0,0,1,0,1947-04-17,,1,,,,,,,,,,,,,,,,
432105,0022200,3,熊本県,クマモトケン,Kumamoto,,,,菊池市,キクチシ,Kikuchi-shi,,,,重味,シゲミ,,,,,仏谷,ホトケダニ,,,0,0,0,0,0,0,1,0,1947-04-17,,1,,,,,,,,,,,,,,,,
432105,0022201,3,熊本県,クマモトケン,Kumamoto,,,,菊池市,キクチシ,Kikuchi-shi,,,,重味,シゲミ,,,,,味山,ミヤマ,,,0,0,0,0,0,0,1,0,1947-04-17,,1,,,,,,,,,,,,,,,,
432105,0022202,3,熊本県,クマモトケン,Kumamoto,,,,菊池市,キクチシ,Kikuchi-shi,,,,重味,シゲミ,,,,,古城,コジヨウ,,,0,0,0,0,0,0,1,0,1947-04-17,,1,,,,,,,,,,,,,,,,
432105,0022203,3,熊本県,クマモトケン,Kumamoto,,,,菊池市,キクチシ,Kikuchi-shi,,,,重味,シゲミ,,,,,下重味,シモ,,,0,0,0,0,0,0,1,0,1947-04-17,,1,,,,,,,,,,,,,,,,
432105,0022204,3,熊本県,クマモトケン,Kumamoto,,,,菊池市,キクチシ,Kikuchi-shi,,,,重味,シゲミ,,,,,清水,シミズ,,,0,0,0,0,0,0,1,0,1947-04-17,,1,,,,,,,,,,,,,,,,
432105,0022205,3,熊本県,クマモトケン,Kumamoto,,,,菊池市,キクチシ,Kikuchi-shi,,,,重味,シゲミ,,,,,釜迫,カマサコ,,,0,0,0,0,0,0,1,0,1947-04-17,,1,,,,,,,,,,,,,,,,
432105,0022206,3,熊本県,クマモトケン,Kumamoto,,,,菊池市,キクチシ,Kikuchi-shi,,,,重味,シゲミ,,,,,藤倉,フジクラ,,,0,0,0,0,0,0,1,0,1947-04-17,,1,,,,,,,,,,,,,,,,
432105,0022207,3,熊本県,クマモトケン,Kumamoto,,,,菊池市,キクチシ,Kikuchi-shi,,,,重味,シゲミ,,,,,古閑倉,コガクラ,,,0,0,0,0,0,0,1,0,1947-04-17,,1,,,,,,,,,,,,,,,,
432105,0022208,3,熊本県,クマモトケン,Kumamoto,,,,菊池市,キクチシ,Kikuchi-shi,,,,重味,シゲミ,,,,,高山,コウヤマ,,,0,0,0,0,0,0,1,0,1947-04-17,,1,,,,,,,,,,,,,,,,
432105,0022209,3,熊本県,クマモトケン,Kumamoto,,,,菊池市,キクチシ,Kikuchi-shi,,,,重味,シゲミ,,,,,岩倉,イワクラ,,,0,0,0,0,0,0,1,0,1947-04-17,,1,,,,,,,,,,,,,,,,
432105,0022210,3,熊本県,クマモトケン,Kumamoto,,,,菊池市,キクチシ,Kikuchi-shi,,,,重味,シゲミ,,,,,下味山,シモミヤマ,,,0,0,0,0,0,0,1,0,1947-04-17,,1,,,,,,,,,,,,,,,,
432105,0022211,3,熊本県,クマモトケン,Kumamoto,,,,菊池市,キクチシ,Kikuchi-shi,,,,重味,シゲミ,,,,,城本,シロモト,,,0,0,0,0,0,0,1,0,1947-04-17,,1,,,,,,,,,,,,,,,,
432105,0022212,3,熊本県,クマモトケン,Kumamoto,,,,菊池市,キクチシ,Kikuchi-shi,,,,重味,シゲミ,,,,,鴫ノ鼻,キジノハナ,,,0,0,0,0,0,0,1,0,1947-04-17,,1,,,,,,,,,,,,,,,,
432105,0022213,3,熊本県,クマモトケン,Kumamoto,,,,菊池市,キクチシ,Kikuchi-shi,,,,重味,シゲミ,,,,,北谷,キタダニ,,,0,0,0,0,0,0,1,0,1947-04-17,,1,,,,,,,,,,,,,,,,
432105,0022214,3,熊本県,クマモトケン,Kumamoto,,,,菊池市,キクチシ,Kikuchi-shi,,,,重味,シゲミ,,,,,五別塔,ゴベツトウ,,,0,0,0,0,0,0,1,0,1947-04-17,,1,,,,,,,,,,,,,,,,
432105,0022215,3,熊本県,クマモトケン,Kumamoto,,,,菊池市,キクチシ,Kikuchi-shi,,,,重味,シゲミ,,,,,元屋敷,モトヤシキ,,,0,0,0,0,0,0,1,0,1947-04-17,,1,,,,,,,,,,,,,,,,
432105,0022216,3,熊本県,クマモトケン,Kumamoto,,,,菊池市,キクチシ,Kikuchi-shi,,,,重味,シゲミ,,,,,祖母山,ソボヤマ,,,0,0,0,0,0,0,1,0,1947-04-17,,1,,,,,,,,,,,,,,,,
432105,0022217,3,熊本県,クマモトケン,Kumamoto,,,,菊池市,キクチシ,Kikuchi-shi,,,,重味,シゲミ,,,,,東迫,ヒガシサコ,,,0,0,0,0,0,0,1,0,1947-04-17,,1,,,,,,,,,,,,,,,,
432105,0022218,3,熊本県,クマモトケン,Kumamoto,,,,菊池市,キクチシ,Kikuchi-shi,,,,重味,シゲミ,,,,,井尻,イジリ,,,0,0,0,0,0,0,1,0,1947-04-17,,1,,,,,,,,,,,,,,,,
432105,0022219,3,熊本県,クマモトケン,Kumamoto,,,,菊池市,キクチシ,Kikuchi-shi,,,,重味,シゲミ,,,,,白石川,シライシガワ,,,0,0,0,0,0,0,1,0,1947-04-17,,1,,,,,,,,,,,,,,,,
432105,0022220,3,熊本県,クマモトケン,Kumamoto,,,,菊池市,キクチシ,Kikuchi-shi,,,,重味,シゲミ,,,,,後迫,ウシロサコ,,,0,0,0,0,0,0,1,0,1947-04-17,,1,,,,,,,,,,,,,,,,
432105,0022221,3,熊本県,クマモトケン,Kumamoto,,,,菊池市,キクチシ,Kikuchi-shi,,,,重味,シゲミ,,,,,崩山,クズレヤマ,,,0,0,0,0,0,0,1,0,1947-04-17,,1,,,,,,,,,,,,,,,,
432105,0022222,3,熊本県,クマモトケン,Kumamoto,,,,菊池市,キクチシ,Kikuchi-shi,,,,重味,シゲミ,,,,,中谷,ナカタニ,,,0,0,0,0,0,0,1,0,1947-04-17,,1,,,,,,,,,,,,,,,,
432105,0022223,3,熊本県,クマモトケン,Kumamoto,,,,菊池市,キクチシ,Kikuchi-shi,,,,重味,シゲミ,,,,,御蔵原,オクラバル,,,0,0,0,0,0,0,1,0,1947-04-17,,1,,,,,,,,,,,,,,,,
432105,0022224,3,熊本県,クマモトケン,Kumamoto,,,,菊池市,キクチシ,Kikuchi-shi,,,,重味,シゲミ,,,,,寺園,テラゾノ,,,0,0,0,0,0,0,1,0,1947-04-17,,1,,,,,,,,,,,,,,,,
432105,0022225,3,熊本県,クマモトケン,Kumamoto,,,,菊池市,キクチシ,Kikuchi-shi,,,,重味,シゲミ,,,,,城ケ迫,シロガサコ,,,0,0,0,0,0,0,1,0,1947-04-17,,1,,,,,,,,,,,,,,,,
432105,0022226,3,熊本県,クマモトケン,Kumamoto,,,,菊池市,キクチシ,Kikuchi-shi,,,,重味,シゲミ,,,,,池ノ元,イケノモト,,,0,0,0,0,0,0,1,0,1947-04-17,,1,,,,,,,,,,,,,,,,
432105,0022227,3,熊本県,クマモトケン,Kumamoto,,,,菊池市,キクチシ,Kikuchi-shi,,,,重味,シゲミ,,,,,桑木鶴,クワキヅル,,,0,0,0,0,0,0,1,0,1947-04-17,,1,,,,,,,,,,,,,,,,
432105,0022228,3,熊本県,クマモトケン,Kumamoto,,,,菊池市,キクチシ,Kikuchi-shi,,,,重味,シゲミ,,,,,尾木,オギ,,,0,0,0,0,0,0,1,0,1947-04-17,,1,,,,,,,,,,,,,,,,
432105,0022229,3,熊本県,クマモトケン,Kumamoto,,,,菊池市,キクチシ,Kikuchi-shi,,,,重味,シゲミ,,,,,尾迫,オサコ,,,0,0,0,0,0,0,1,0,1947-04-17,,1,,,,,,,,,,,,,,,,
432105,0022230,3,熊本県,クマモトケン,Kumamoto,,,,菊池市,キクチシ,Kikuchi-shi,,,,重味,シゲミ,,,,,前畑,マエハタ,,,0,0,0,0,0,0,1,0,1947-04-17,,1,,,,,,,,,,,,,,,,
432105,0022231,3,熊本県,クマモトケン,Kumamoto,,,,菊池市,キクチシ,Kikuchi-shi,,,,重味,シゲミ,,,,,宅地,タクチ,,,0,0,0,0,0,0,1,0,1947-04-17,,1,,,,,,,,,,,,,,,,
432105,0022232,3,熊本県,クマモトケン,Kumamoto,,,,菊池市,キクチシ,Kikuchi-shi,,,,重味,シゲミ,,,,,杉ノ元,スギノモト,,,0,0,0,0,0,0,1,0,1947-04-17,,1,,,,,,,,,,,,,,,,
432105,0022233,3,熊本県,クマモトケン,Kumamoto,,,,菊池市,キクチシ,Kikuchi-shi,,,,重味,シゲミ,,,,,川平,カワヒラ,,,0,0,0,0,0,0,1,0,1947-04-17,,1,,,,,,,,,,,,,,,,
432105,0022234,3,熊本県,クマモトケン,Kumamoto,,,,菊池市,キクチシ,Kikuchi-shi,,,,重味,シゲミ,,,,,水溜,ミズタマリ,,,0,0,0,0,0,0,1,0,1947-04-17,,1,,,,,,,,,,,,,,,,
432105,0022235,3,熊本県,クマモトケン,Kumamoto,,,,菊池市,キクチシ,Kikuchi-shi,,,,重味,シゲミ,,,,,八相,ヤソウ,,,0,0,0,0,0,0,1,0,1947-04-17,,1,,,,,,,,,,,,,,,,
432105,0022236,3,熊本県,クマモトケン,Kumamoto,,,,菊池市,キクチシ,Kikuchi-shi,,,,重味,シゲミ,,,,,権現平,ゴンゲンヒラ,,,0,0,0,0,0,0,1,0,1947-04-17,,1,,,,,,,,,,,,,,,,
432105,0022237,3,熊本県,クマモトケン,Kumamoto,,,,菊池市,キクチシ,Kikuchi-shi,,,,重味,シゲミ,,,,,下鶴,シタヅル,,,0,0,0,0,0,0,1,0,1947-04-17,,1,,,,,,,,,,,,,,,,
432105,0022238,3,熊本県,クマモトケン,Kumamoto,,,,菊池市,キクチシ,Kikuchi-shi,,,,重味,シゲミ,,,,,戸宮,トグウ,,,0,0,0,0,0,0,1,0,1947-04-17,,1,,,,,,,,,,,,,,,,
432105,0022239,3,熊本県,クマモトケン,Kumamoto,,,,菊池市,キクチシ,Kikuchi-shi,,,,重味,シゲミ,,,,,村下,ムラシタ,,,0,0,0,0,0,0,1,0,1947-04-17,,1,,,,,,,,,,,,,,,,
432105,0022240,3,熊本県,クマモトケン,Kumamoto,,,,菊池市,キクチシ,Kikuchi-shi,,,,重味,シゲミ,,,,,木佐木原,キサキバル,,,0,0,0,0,0,0,1,0,1947-04-17,,1,,,,,,,,,,,,,,,,
432105,0022241,3,熊本県,クマモトケン,Kumamoto,,,,菊池市,キクチシ,Kikuchi-shi,,,,重味,シゲミ,,,,,長迫,ナガサコ,,,0,0,0,0,0,0,1,0,1947-04-17,,1,,,,,,,,,,,,,,,,
432105,0022242,3,熊本県,クマモトケン,Kumamoto,,,,菊池市,キクチシ,Kikuchi-shi,,,,重味,シゲミ,,,,,向畑,ムカイバタ,,,0,0,0,0,0,0,1,0,1947-04-17,,1,,,,,,,,,,,,,,,,
432105,0022243,3,熊本県,クマモトケン,Kumamoto,,,,菊池市,キクチシ,Kikuchi-shi,,,,重味,シゲミ,,,,,田代,タシロ,,,0,0,0,0,0,0,1,0,1947-04-17,,1,,,,,,,,,,,,,,,,
432105,0022244,3,熊本県,クマモトケン,Kumamoto,,,,菊池市,キクチシ,Kikuchi-shi,,,,重味,シゲミ,,,,,仁田,ニタ,,,0,0,0,0,0,0,1,0,1947-04-17,,1,,,,,,,,,,,,,,,,
432105,0022245,3,熊本県,クマモトケン,Kumamoto,,,,菊池市,キクチシ,Kikuchi-shi,,,,重味,シゲミ,,,,,大場,オオバ,,,0,0,0,0,0,0,1,0,1947-04-17,,1,,,,,,,,,,,,,,,,
432105,0022246,3,熊本県,クマモトケン,Kumamoto,,,,菊池市,キクチシ,Kikuchi-shi,,,,重味,シゲミ,,,,,桐木,キリギ,,,0,0,0,0,0,0,1,0,1947-04-17,,1,,,,,,,,,,,,,,,,
432105,0022247,3,熊本県,クマモトケン,Kumamoto,,,,菊池市,キクチシ,Kikuchi-shi,,,,重味,シゲミ,,,,,菖蒲谷,シヨウブダニ,,,0,0,0,0,0,0,1,0,1947-04-17,,1,,,,,,,,,,,,,,,,
432105,0022248,3,熊本県,クマモトケン,Kumamoto,,,,菊池市,キクチシ,Kikuchi-shi,,,,重味,シゲミ,,,,,牧原,マキバル,,,0,0,0,0,0,0,1,0,1947-04-17,,1,,,,,,,,,,,,,,,,
432105,0022249,3,熊本県,クマモトケン,Kumamoto,,,,菊池市,キクチシ,Kikuchi-shi,,,,重味,シゲミ,,,,,仏ノ辻,ホトケノツジ,,,0,0,0,0,0,0,1,0,1947-04-17,,1,,,,,,,,,,,,,,,,
432105,0022250,3,熊本県,クマモトケン,Kumamoto,,,,菊池市,キクチシ,Kikuchi-shi,,,,重味,シゲミ,,,,,滝,タキ,,,0,0,0,0,0,0,1,0,1947-04-17,,1,,,,,,,,,,,,,,,,
432105,0022251,3,熊本県,クマモトケン,Kumamoto,,,,菊池市,キクチシ,Kikuchi-shi,,,,重味,シゲミ,,,,,大平,オオヒラ,,,0,0,0,0,0,0,1,0,1947-04-17,,1,,,,,,,,,,,,,,,,
432105,0022252,3,熊本県,クマモトケン,Kumamoto,,,,菊池市,キクチシ,Kikuchi-shi,,,,重味,シゲミ,,,,,辻,ツジ,,,0,0,0,0,0,0,1,0,1947-04-17,,1,,,,,,,,,,,,,,,,
432105,0023000,1,熊本県,クマモトケン,Kumamoto,,,,菊池市,キクチシ,Kikuchi-shi,,,,泗水町亀尾,シスイマチカメオ,Shisuimachi Kameo,,,,,,,,0,0,0,0,0,0,1,1,1947-04-17,,0,8611211,,,,,,,,,,,,,,,
432105,0023115,3,熊本県,クマモトケン,Kumamoto,,,,菊池市,キクチシ,Kikuchi-shi,,,,泗水町亀尾,カメオ,,,,,上谷,カミダニ,,,0,0,0,0,0,0,1,0,1947-04-17,,1,,,,,,,,,,,,,,,,
432105,0023116,3,熊本県,クマモトケン,Kumamoto,,,,菊池市,キクチシ,Kikuchi-shi,,,,泗水町亀尾,カメオ,,,,,中谷,ナカタニ,,,0,0,0,0,0,0,1,0,1947-04-17,,1,,,,,,,,,,,,,,,,
432105,0023117,3,熊本県,クマモトケン,Kumamoto,,,,菊池市,キクチシ,Kikuchi-shi,,,,泗水町亀尾,カメオ,,,,,前田,マエダ,,,0,0,0,0,0,0,1,0,1947-04-17,,1,,,,,,,,,,,,,,,,
432105,0023118,3,熊本県,クマモトケン,Kumamoto,,,,菊池市,キクチシ,Kikuchi-shi,,,,泗水町亀尾,カメオ,,,,,下原,シモバル,,,0,0,0,0,0,0,1,0,1947-04-17,,1,,,,,,,,,,,,,,,,
432105,0023119,3,熊本県,クマモトケン,Kumamoto,,,,菊池市,キクチシ,Kikuchi-shi,,,,泗水町亀尾,カメオ,,,,,東原,ヒガシバル,,,0,0,0,0,0,0,1,0,1947-04-17,,1,,,,,,,,,,,,,,,,
432105,0023120,3,熊本県,クマモトケン,Kumamoto,,,,菊池市,キクチシ,Kikuchi-shi,,,,泗水町亀尾,カメオ,,,,,東谷,ヒガシダニ,,,0,0,0,0,0,0,1,0,1947-04-17,,1,,,,,,,,,,,,,,,,
432105,0023121,3,熊本県,クマモトケン,Kumamoto,,,,菊池市,キクチシ,Kikuchi-shi,,,,泗水町亀尾,カメオ,,,,,下谷,シモダニ,,,0,0,0,0,0,0,1,0,1947-04-17,,1,,,,,,,,,,,,,,,,
432105,0023122,3,熊本県,クマモトケン,Kumamoto,,,,菊池市,キクチシ,Kikuchi-shi,,,,泗水町亀尾,カメオ,,,,,上出,カミデ,,,0,0,0,0,0,0,1,0,1947-04-17,,1,,,,,,,,,,,,,,,,
432105,0023123,3,熊本県,クマモトケン,Kumamoto,,,,菊池市,キクチシ,Kikuchi-shi,,,,泗水町亀尾,カメオ,,,,,中原,ナカバル,,,0,0,0,0,0,0,1,0,1947-04-17,,1,,,,,,,,,,,,,,,,
432105,0023124,3,熊本県,クマモトケン,Kumamoto,,,,菊池市,キクチシ,Kikuchi-shi,,,,泗水町亀尾,カメオ,,,,,北畑,キタハタ,,,0,0,0,0,0,0,1,0,1947-04-17,,1,,,,,,,,,,,,,,,,
432105,0023125,3,熊本県,クマモトケン,Kumamoto,,,,菊池市,キクチシ,Kikuchi-shi,,,,泗水町亀尾,カメオ,,,,,下出,シモデ,,,0,0,0,0,0,0,1,0,1947-04-17,,1,,,,,,,,,,,,,,,,
432105,0023126,3,熊本県,クマモトケン,Kumamoto,,,,菊池市,キクチシ,Kikuchi-shi,,,,泗水町亀尾,カメオ,,,,,上原,カミバル,,,0,0,0,0,0,0,1,0,1947-04-17,,1,,,,,,,,,,,,,,,,
432105,0023127,3,熊本県,クマモトケン,Kumamoto,,,,菊池市,キクチシ,Kikuchi-shi,,,,泗水町亀尾,カメオ,,,,,中出,ナカデ,,,0,0,0,0,0,0,1,0,1947-04-17,,1,,,,,,,,,,,,,,,,
432105,0023128,3,熊本県,クマモトケン,Kumamoto,,,,菊池市,キクチシ,Kikuchi-shi,,,,泗水町亀尾,カメオ,,,,,狐迫,キツネザコ,,,0,0,0,0,0,0,1,0,1947-04-17,,1,,,,,,,,,,,,,,,,
432105,0024000,1,熊本県,クマモトケン,Kumamoto,,,,菊池市,キクチシ,Kikuchi-shi,,,,泗水町住吉,シスイマチスミヨシ,Shisuimachi Sumiyoshi,,,,,,,,0,0,0,0,0,0,1,1,1947-04-17,,0,8611203,,,,,,,,,,,,,,,
432105,0024144,3,熊本県,クマモトケン,Kumamoto,,,,菊池市,キクチシ,Kikuchi-shi,,,,泗水町住吉,スミヨシ,,,,,坂の子,サカノコ,,,0,0,0,0,0,0,1,0,1947-04-17,,1,,,,,,,,,,,,,,,,
432105,0024145,3,熊本県,クマモトケン,Kumamoto,,,,菊池市,キクチシ,Kikuchi-shi,,,,泗水町住吉,スミヨシ,,,,,東馬飼場,ヒガシバカイジョウ,,,0,0,0,0,0,0,1,0,1947-04-17,,1,,,,,,,,,,,,,,,,
432105,0024146,3,熊本県,クマモトケン,Kumamoto,,,,菊池市,キクチシ,Kikuchi-shi,,,,泗水町住吉,スミヨシ,,,,,久保,クボ,,,0,0,0,0,0,0,1,0,1947-04-17,,1,,,,,,,,,,,,,,,,
432105,0024147,3,熊本県,クマモトケン,Kumamoto,,,,菊池市,キクチシ,Kikuchi-shi,,,,泗水町住吉,スミヨシ,,,,,西赤迫,ニシアカサコ,,,0,0,0,0,0,0,1,0,1947-04-17,,1,,,,,,,,,,,,,,,,
432105,0024148,3,熊本県,クマモトケン,Kumamoto,,,,菊池市,キクチシ,Kikuchi-shi,,,,泗水町住吉,スミヨシ,,,,,新屋敷,シンヤシキ,,,0,0,0,0,0,0,1,0,1947-04-17,,1,,,,,,,,,,,,,,,,
432105,0024149,3,熊本県,クマモトケン,Kumamoto,,,,菊池市,キクチシ,Kikuchi-shi,,,,泗水町住吉,スミヨシ,,,,,西古閑,ニシコガ,,,0,0,0,0,0,0,1,0,1947-04-17,,1,,,,,,,,,,,,,,,,
432105,0024150,3,熊本県,クマモトケン,Kumamoto,,,,菊池市,キクチシ,Kikuchi-shi,,,,泗水町住吉,スミヨシ,,,,,古閑,コガ,,,0,0,0,0,0,0,1,0,1947-04-17,,1,,,,,,,,,,,,,,,,
432105,0024151,3,熊本県,クマモトケン,Kumamoto,,,,菊池市,キクチシ,Kikuchi-shi,,,,泗水町住吉,スミヨシ,,,,,東赤迫,ヒガシアカサコ,,,0,0,0,0,0,0,1,0,1947-04-17,,1,,,,,,,,,,,,,,,,
432105,0024152,3,熊本県,クマモトケン,Kumamoto,,,,菊池市,キクチシ,Kikuchi-shi,,,,泗水町住吉,スミヨシ,,,,,川隅,カワスミ,,,0,0,0,0,0,0,1,0,1947-04-17,,1,,,,,,,,,,,,,,,,
432105,0024153,3,熊本県,クマモトケン,Kumamoto,,,,菊池市,キクチシ,Kikuchi-shi,,,,泗水町住吉,スミヨシ,,,,,北久保,キタクボ,,,0,0,0,0,0,0,1,0,1947-04-17,,1,,,,,,,,,,,,,,,,
432105,0024154,3,熊本県,クマモトケン,Kumamoto,,,,菊池市,キクチシ,Kikuchi-shi,,,,泗水町住吉,スミヨシ,,,,,高町,タカマチ,,,0,0,0,0,0,0,1,0,1947-04-17,,1,,,,,,,,,,,,,,,,
432105,0024155,3,熊本県,クマモトケン,Kumamoto,,,,菊池市,キクチシ,Kikuchi-shi,,,,泗水町住吉,スミヨシ,,,,,狐塚,キツネヅカ,,,0,0,0,0,0,0,1,0,1947-04-17,,1,,,,,,,,,,,,,,,,
432105,0024156,3,熊本県,クマモトケン,Kumamoto,,,,菊池市,キクチシ,Kikuchi-shi,,,,泗水町住吉,スミヨシ,,,,,西光寺,サイコウジ,,,0,0,0,0,0,0,1,0,1947-04-17,,1,,,,,,,,,,,,,,,,
432105,0024157,3,熊本県,クマモトケン,Kumamoto,,,,菊池市,キクチシ,Kikuchi-shi,,,,泗水町住吉,スミヨシ,,,,,北小路,キタコジ,,,0,0,0,0,0,0,1,0,1947-04-17,,1,,,,,,,,,,,,,,,,
432105,0024158,3,熊本県,クマモトケン,Kumamoto,,,,菊池市,キクチシ,Kikuchi-shi,,,,泗水町住吉,スミヨシ,,,,,南山王,ミナミサンオウ,,,0,0,0,0,0,0,1,0,1947-04-17,,1,,,,,,,,,,,,,,,,
432105,0024159,3,熊本県,クマモトケン,Kumamoto,,,,菊池市,キクチシ,Kikuchi-shi,,,,泗水町住吉,スミヨシ,,,,,平原,ヒラバル,,,0,0,0,0,0,0,1,0,1947-04-17,,1,,,,,,,,,,,,,,,,
432105,0024160,3,熊本県,クマモトケン,Kumamoto,,,,菊池市,キクチシ,Kikuchi-shi,,,,泗水町住吉,スミヨシ,,,,,備後塚,ビンゴヅカ,,,0,0,0,0,0,0,1,0,1947-04-17,,1,,,,,,,,,,,,,,,,
432105,0024161,3,熊本県,クマモトケン,Kumamoto,,,,菊池市,キクチシ,Kikuchi-shi,,,,泗水町住吉,スミヨシ,,,,,城下,シロシタ,,,0,0,0,0,0,0,1,0,1947-04-17,,1,,,,,,,,,,,,,,,,
432105,0024162,3,熊本県,クマモトケン,Kumamoto,,,,菊池市,キクチシ,Kikuchi-shi,,,,泗水町住吉,スミヨシ,,,,,硯町,スズリマチ,,,0,0,0,0,0,0,1,0,1947-04-17,,1,,,,,,,,,,,,,,,,
432105,0024163,3,熊本県,クマモトケン,Kumamoto,,,,菊池市,キクチシ,Kikuchi-shi,,,,泗水町住吉,スミヨシ,,,,,城山,シロヤマ,,,0,0,0,0,0,0,1,0,1947-04-17,,1,,,,,,,,,,,,,,,,
432105,0024164,3,熊本県,クマモトケン,Kumamoto,,,,菊池市,キクチシ,Kikuchi-shi,,,,泗水町住吉,スミヨシ,,,,,山の上,ヤマノウエ,,,0,0,0,0,0,0,1,0,1947-04-17,,1,,,,,,,,,,,,,,,,
432105,0024165,3,熊本県,クマモトケン,Kumamoto,,,,菊池市,キクチシ,Kikuchi-shi,,,,泗水町住吉,スミヨシ,,,,,中島,ナカシマ,,,0,0,0,0,0,0,1,0,1947-04-17,,1,,,,,,,,,,,,,,,,
432105,0024166,3,熊本県,クマモトケン,Kumamoto,,,,菊池市,キクチシ,Kikuchi-shi,,,,泗水町住吉,スミヨシ,,,,,寅渕,トラブチ,,,0,0,0,0,0,0,1,0,1947-04-17,,1,,,,,,,,,,,,,,,,
432105,0024167,3,熊本県,クマモトケン,Kumamoto,,,,菊池市,キクチシ,Kikuchi-shi,,,,泗水町住吉,スミヨシ,,,,,前田,マエダ,,,0,0,0,0,0,0,1,0,1947-04-17,,1,,,,,,,,,,,,,,,,
432105,0024168,3,熊本県,クマモトケン,Kumamoto,,,,菊池市,キクチシ,Kikuchi-shi,,,,泗水町住吉,スミヨシ,,,,,東久保,ヒガシクボ,,,0,0,0,0,0,0,1,0,1947-04-17,,1,,,,,,,,,,,,,,,,
432105,0024169,3,熊本県,クマモトケン,Kumamoto,,,,菊池市,キクチシ,Kikuchi-shi,,,,泗水町住吉,スミヨシ,,,,,皮籠町,カワカゴマチ,,,0,0,0,0,0,0,1,0,1947-04-17,,1,,,,,,,,,,,,,,,,
432105,0024170,3,熊本県,クマモトケン,Kumamoto,,,,菊池市,キクチシ,Kikuchi-shi,,,,泗水町住吉,スミヨシ,,,,,馬場,ババ,,,0,0,0,0,0,0,1,0,1947-04-17,,1,,,,,,,,,,,,,,,,
432105,0024171,3,熊本県,クマモトケン,Kumamoto,,,,菊池市,キクチシ,Kikuchi-shi,,,,泗水町住吉,スミヨシ,,,,,鼻操,ハナグリ,,,0,0,0,0,0,0,1,0,1947-04-17,,1,,,,,,,,,,,,,,,,
432105,0024172,3,熊本県,クマモトケン,Kumamoto,,,,菊池市,キクチシ,Kikuchi-shi,,,,泗水町住吉,スミヨシ,,,,,上岡,カミオカ,,,0,0,0,0,0,0,1,0,1947-04-17,,1,,,,,,,,,,,,,,,,
432105,0024173,3,熊本県,クマモトケン,Kumamoto,,,,菊池市,キクチシ,Kikuchi-shi,,,,泗水町住吉,スミヨシ,,,,,前原,マエバル,,,0,0,0,0,0,0,1,0,1947-04-17,,1,,,,,,,,,,,,,,,,
432105,0024174,3,熊本県,クマモトケン,Kumamoto,,,,菊池市,キクチシ,Kikuchi-shi,,,,泗水町住吉,スミヨシ,,,,,上練手,カミネリデ,,,0,0,0,0,0,0,1,0,1947-04-17,,1,,,,,,,,,,,,,,,,
432105,0024175,3,熊本県,クマモトケン,Kumamoto,,,,菊池市,キクチシ,Kikuchi-shi,,,,泗水町住吉,スミヨシ,,,,,西馬飼場,ニシバカイジョウ,,,0,0,0,0,0,0,1,0,1947-04-17,,1,,,,,,,,,,,,,,,,
432105,0024176,3,熊本県,クマモトケン,Kumamoto,,,,菊池市,キクチシ,Kikuchi-shi,,,,泗水町住吉,スミヨシ,,,,,上鶴,カミツル,,,0,0,0,0,0,0,1,0,1947-04-17,,1,,,,,,,,,,,,,,,,
432105,0024177,3,熊本県,クマモトケン,Kumamoto,,,,菊池市,キクチシ,Kikuchi-shi,,,,泗水町住吉,スミヨシ,,,,,南久保,ミナミクボ,,,0,0,0,0,0,0,1,0,1947-04-17,,1,,,,,,,,,,,,,,,,
432105,0024178,3,熊本県,クマモトケン,Kumamoto,,,,菊池市,キクチシ,Kikuchi-shi,,,,泗水町住吉,スミヨシ,,,,,内村,ウチムラ,,,0,0,0,0,0,0,1,0,1947-04-17,,1,,,,,,,,,,,,,,,,
432105,0024179,3,熊本県,クマモトケン,Kumamoto,,,,菊池市,キクチシ,Kikuchi-shi,,,,泗水町住吉,スミヨシ,,,,,堤,ツツミ,,,0,0,0,0,0,0,1,0,1947-04-17,,1,,,,,,,,,,,,,,,,
432105,0024180,3,熊本県,クマモトケン,Kumamoto,,,,菊池市,キクチシ,Kikuchi-shi,,,,泗水町住吉,スミヨシ,,,,,長通,ナガトオリ,,,0,0,0,0,0,0,1,0,1947-04-17,,1,,,,,,,,,,,,,,,,
432105,0024181,3,熊本県,クマモトケン,Kumamoto,,,,菊池市,キクチシ,Kikuchi-shi,,,,泗水町住吉,スミヨシ,,,,,西久保,ニシクボ,,,0,0,0,0,0,0,1,0,1947-04-17,,1,,,,,,,,,,,,,,,,
432105,0024182,3,熊本県,クマモトケン,Kumamoto,,,,菊池市,キクチシ,Kikuchi-shi,,,,泗水町住吉,スミヨシ,,,,,下練手,シモネリデ,,,0,0,0,0,0,0,1,0,1947-04-17,,1,,,,,,,,,,,,,,,,
432105,0024183,3,熊本県,クマモトケン,Kumamoto,,,,菊池市,キクチシ,Kikuchi-shi,,,,泗水町住吉,スミヨシ,,,,,道田原,ドウダバル,,,0,0,0,0,0,0,1,0,1947-04-17,,1,,,,,,,,,,,,,,,,
432105,0024184,3,熊本県,クマモトケン,Kumamoto,,,,菊池市,キクチシ,Kikuchi-shi,,,,泗水町住吉,スミヨシ,,,,,福島,フクシマ,,,0,0,0,0,0,0,1,0,1947-04-17,,1,,,,,,,,,,,,,,,,
432105,0024185,3,熊本県,クマモトケン,Kumamoto,,,,菊池市,キクチシ,Kikuchi-shi,,,,泗水町住吉,スミヨシ,,,,,北山王,キタサンオウ,,,0,0,0,0,0,0,1,0,1947-04-17,,1,,,,,,,,,,,,,,,,
432105,0024186,3,熊本県,クマモトケン,Kumamoto,,,,菊池市,キクチシ,Kikuchi-shi,,,,泗水町住吉,スミヨシ,,,,,飯持,イイモチ,,,0,0,0,0,0,0,1,0,1947-04-17,,1,,,,,,,,,,,,,,,,
432105,0024187,3,熊本県,クマモトケン,Kumamoto,,,,菊池市,キクチシ,Kikuchi-shi,,,,泗水町住吉,スミヨシ,,,,,櫨木,ハゼノキ,,,0,0,0,0,0,0,1,0,1947-04-17,,1,,,,,,,,,,,,,,,,
432105,0025000,1,熊本県,クマモトケン,Kumamoto,,,,菊池市,キクチシ,Kikuchi-shi,,,,泗水町田島,シスイマチタシマ,Shisuimachi Tashima,,,,,,,,0,0,0,0,0,0,1,1,1947-04-17,,0,8611214,,,,,,,,,,,,,,,
432105,0025138,3,熊本県,クマモトケン,Kumamoto,,,,菊池市,キクチシ,Kikuchi-shi,,,,泗水町田島,タシマ,,,,,坂口,サカグチ,,,0,0,0,0,0,0,1,0,1947-04-17,,1,,,,,,,,,,,,,,,,
432105,0025139,3,熊本県,クマモトケン,Kumamoto,,,,菊池市,キクチシ,Kikuchi-shi,,,,泗水町田島,タシマ,,,,,村前,ムラマエ,,,0,0,0,0,0,0,1,0,1947-04-17,,1,,,,,,,,,,,,,,,,
432105,0025140,3,熊本県,クマモトケン,Kumamoto,,,,菊池市,キクチシ,Kikuchi-shi,,,,泗水町田島,タシマ,,,,,前田,マエダ,,,0,0,0,0,0,0,1,0,1947-04-17,,1,,,,,,,,,,,,,,,,
432105,0025141,3,熊本県,クマモトケン,Kumamoto,,,,菊池市,キクチシ,Kikuchi-shi,,,,泗水町田島,タシマ,,,,,宮田,ミヤタ,,,0,0,0,0,0,0,1,0,1947-04-17,,1,,,,,,,,,,,,,,,,
432105,0025142,3,熊本県,クマモトケン,Kumamoto,,,,菊池市,キクチシ,Kikuchi-shi,,,,泗水町田島,タシマ,,,,,篠原,シノハラ,,,0,0,0,0,0,0,1,0,1947-04-17,,1,,,,,,,,,,,,,,,,
432105,0025143,3,熊本県,クマモトケン,Kumamoto,,,,菊池市,キクチシ,Kikuchi-shi,,,,泗水町田島,タシマ,,,,,芳原,ヨシワラ,,,0,0,0,0,0,0,1,0,1947-04-17,,1,,,,,,,,,,,,,,,,
432105,0025144,3,熊本県,クマモトケン,Kumamoto,,,,菊池市,キクチシ,Kikuchi-shi,,,,泗水町田島,タシマ,,,,,上原,カミバル,,,0,0,0,0,0,0,1,0,1947-04-17,,1,,,,,,,,,,,,,,,,
432105,0025145,3,熊本県,クマモトケン,Kumamoto,,,,菊池市,キクチシ,Kikuchi-shi,,,,泗水町田島,タシマ,,,,,長田,ナガタ,,,0,0,0,0,0,0,1,0,1947-04-17,,1,,,,,,,,,,,,,,,,
432105,0025146,3,熊本県,クマモトケン,Kumamoto,,,,菊池市,キクチシ,Kikuchi-shi,,,,泗水町田島,タシマ,,,,,沖田,オキタ,,,0,0,0,0,0,0,1,0,1947-04-17,,1,,,,,,,,,,,,,,,,
432105,0025147,3,熊本県,クマモトケン,Kumamoto,,,,菊池市,キクチシ,Kikuchi-shi,,,,泗水町田島,タシマ,,,,,鶴掛,ツルカケ,,,0,0,0,0,0,0,1,0,1947-04-17,,1,,,,,,,,,,,,,,,,
432105,0025148,3,熊本県,クマモトケン,Kumamoto,,,,菊池市,キクチシ,Kikuchi-shi,,,,泗水町田島,タシマ,,,,,赤刈,アカガリ,,,0,0,0,0,0,0,1,0,1947-04-17,,1,,,,,,,,,,,,,,,,
432105,0025149,3,熊本県,クマモトケン,Kumamoto,,,,菊池市,キクチシ,Kikuchi-shi,,,,泗水町田島,タシマ,,,,,岡原,オカバル,,,0,0,0,0,0,0,1,0,1947-04-17,,1,,,,,,,,,,,,,,,,
432105,0025150,3,熊本県,クマモトケン,Kumamoto,,,,菊池市,キクチシ,Kikuchi-shi,,,,泗水町田島,タシマ,,,,,浦田,ウラタ,,,0,0,0,0,0,0,1,0,1947-04-17,,1,,,,,,,,,,,,,,,,
432105,0025151,3,熊本県,クマモトケン,Kumamoto,,,,菊池市,キクチシ,Kikuchi-shi,,,,泗水町田島,タシマ,,,,,北原,キタバル,,,0,0,0,0,0,0,1,0,1947-04-17,,1,,,,,,,,,,,,,,,,
432105,0025152,3,熊本県,クマモトケン,Kumamoto,,,,菊池市,キクチシ,Kikuchi-shi,,,,泗水町田島,タシマ,,,,,下原,シモバル,,,0,0,0,0,0,0,1,0,1947-04-17,,1,,,,,,,,,,,,,,,,
432105,0025153,3,熊本県,クマモトケン,Kumamoto,,,,菊池市,キクチシ,Kikuchi-shi,,,,泗水町田島,タシマ,,,,,終原,シュウバル,,,0,0,0,0,0,0,1,0,1947-04-17,,1,,,,,,,,,,,,,,,,
432105,0025154,3,熊本県,クマモトケン,Kumamoto,,,,菊池市,キクチシ,Kikuchi-shi,,,,泗水町田島,タシマ,,,,,西原,ニシバル,,,0,0,0,0,0,0,1,0,1947-04-17,,1,,,,,,,,,,,,,,,,
432105,0025155,3,熊本県,クマモトケン,Kumamoto,,,,菊池市,キクチシ,Kikuchi-shi,,,,泗水町田島,タシマ,,,,,薄井,ウスイ,,,0,0,0,0,0,0,1,0,1947-04-17,,1,,,,,,,,,,,,,,,,
432105,0025156,3,熊本県,クマモトケン,Kumamoto,,,,菊池市,キクチシ,Kikuchi-shi,,,,泗水町田島,タシマ,,,,,中道,ナカミチ,,,0,0,0,0,0,0,1,0,1947-04-17,,1,,,,,,,,,,,,,,,,
432105,0025157,3,熊本県,クマモトケン,Kumamoto,,,,菊池市,キクチシ,Kikuchi-shi,,,,泗水町田島,タシマ,,,,,椎木,シイノキ,,,0,0,0,0,0,0,1,0,1947-04-17,,1,,,,,,,,,,,,,,,,
432105,0025158,3,熊本県,クマモトケン,Kumamoto,,,,菊池市,キクチシ,Kikuchi-shi,,,,泗水町田島,タシマ,,,,,古閑田,コガダ,,,0,0,0,0,0,0,1,0,1947-04-17,,1,,,,,,,,,,,,,,,,
432105,0025159,3,熊本県,クマモトケン,Kumamoto,,,,菊池市,キクチシ,Kikuchi-shi,,,,泗水町田島,タシマ,,,,,八久保,ハチクボ,,,0,0,0,0,0,0,1,0,1947-04-17,,1,,,,,,,,,,,,,,,,
432105,0025160,3,熊本県,クマモトケン,Kumamoto,,,,菊池市,キクチシ,Kikuchi-shi,,,,泗水町田島,タシマ,,,,,村廻,ムラマワリ,,,0,0,0,0,0,0,1,0,1947-04-17,,1,,,,,,,,,,,,,,,,
432105,0025161,3,熊本県,クマモトケン,Kumamoto,,,,菊池市,キクチシ,Kikuchi-shi,,,,泗水町田島,タシマ,,,,,辻原,ツジハラ,,,0,0,0,0,0,0,1,0,1947-04-17,,1,,,,,,,,,,,,,,,,
432105,0025162,3,熊本県,クマモトケン,Kumamoto,,,,菊池市,キクチシ,Kikuchi-shi,,,,泗水町田島,タシマ,,,,,中原,ナカバル,,,0,0,0,0,0,0,1,0,1947-04-17,,1,,,,,,,,,,,,,,,,
432105,0025163,3,熊本県,クマモトケン,Kumamoto,,,,菊池市,キクチシ,Kikuchi-shi,,,,泗水町田島,タシマ,,,,,北田,キタダ,,,0,0,0,0,0,0,1,0,1947-04-17,,1,,,,,,,,,,,,,,,,
432105,0025164,3,熊本県,クマモトケン,Kumamoto,,,,菊池市,キクチシ,Kikuchi-shi,,,,泗水町田島,タシマ,,,,,亀甲,カメコウ,,,0,0,0,0,0,0,1,0,1947-04-17,,1,,,,,,,,,,,,,,,,
432105,0025165,3,熊本県,クマモトケン,Kumamoto,,,,菊池市,キクチシ,Kikuchi-shi,,,,泗水町田島,タシマ,,,,,口の坪,クチノツボ,,,0,0,0,0,0,0,1,0,1947-04-17,,1,,,,,,,,,,,,,,,,
432105,0025166,3,熊本県,クマモトケン,Kumamoto,,,,菊池市,キクチシ,Kikuchi-shi,,,,泗水町田島,タシマ,,,,,野添,ノゾエ,,,0,0,0,0,0,0,1,0,1947-04-17,,1,,,,,,,,,,,,,,,,
432105,0025167,3,熊本県,クマモトケン,Kumamoto,,,,菊池市,キクチシ,Kikuchi-shi,,,,泗水町田島,タシマ,,,,,辰頭,タツガシラ,,,0,0,0,0,0,0,1,0,1947-04-17,,1,,,,,,,,,,,,,,,,
432105,0025168,3,熊本県,クマモトケン,Kumamoto,,,,菊池市,キクチシ,Kikuchi-shi,,,,泗水町田島,タシマ,,,,,北下原,キタシモバル,,,0,0,0,0,0,0,1,0,1947-04-17,,1,,,,,,,,,,,,,,,,
432105,0025169,3,熊本県,クマモトケン,Kumamoto,,,,菊池市,キクチシ,Kikuchi-shi,,,,泗水町田島,タシマ,,,,,岡宅地,オカタクチ,,,0,0,0,0,0,0,1,0,1947-04-17,,1,,,,,,,,,,,,,,,,
432105,0025170,3,熊本県,クマモトケン,Kumamoto,,,,菊池市,キクチシ,Kikuchi-shi,,,,泗水町田島,タシマ,,,,,嶋田,シマダ,,,0,0,0,0,0,0,1,0,1947-04-17,,1,,,,,,,,,,,,,,,,
432105,0025171,3,熊本県,クマモトケン,Kumamoto,,,,菊池市,キクチシ,Kikuchi-shi,,,,泗水町田島,タシマ,,,,,西田,ニシダ,,,0,0,0,0,0,0,1,0,1947-04-17,,1,,,,,,,,,,,,,,,,
432105,0025172,3,熊本県,クマモトケン,Kumamoto,,,,菊池市,キクチシ,Kikuchi-shi,,,,泗水町田島,タシマ,,,,,陣塚,ジンヅカ,,,0,0,0,0,0,0,1,0,1947-04-17,,1,,,,,,,,,,,,,,,,
432105,0025173,3,熊本県,クマモトケン,Kumamoto,,,,菊池市,キクチシ,Kikuchi-shi,,,,泗水町田島,タシマ,,,,,明神平,ミョウジンビラ,,,0,0,0,0,0,0,1,0,1947-04-17,,1,,,,,,,,,,,,,,,,
432105,0025174,3,熊本県,クマモトケン,Kumamoto,,,,菊池市,キクチシ,Kikuchi-shi,,,,泗水町田島,タシマ,,,,,立石,タテイシ,,,0,0,0,0,0,0,1,0,1947-04-17,,1,,,,,,,,,,,,,,,,
432105,0026000,1,熊本県,クマモトケン,Kumamoto,,,,菊池市,キクチシ,Kikuchi-shi,,,,泗水町富納,シスイマチトミノウ,Shisuimachi Tomino,,,,,,,,0,0,0,0,0,0,1,1,1947-04-17,,0,8611202,,,,,,,,,,,,,,,
432105,0026108,3,熊本県,クマモトケン,Kumamoto,,,,菊池市,キクチシ,Kikuchi-shi,,,,泗水町富納,トミノウ,,,,,飯持,イイモチ,,,0,0,0,0,0,0,1,0,1947-04-17,,1,,,,,,,,,,,,,,,,
432105,0026109,3,熊本県,クマモトケン,Kumamoto,,,,菊池市,キクチシ,Kikuchi-shi,,,,泗水町富納,トミノウ,,,,,野添,ノゾエ,,,0,0,0,0,0,0,1,0,1947-04-17,,1,,,,,,,,,,,,,,,,
432105,0026110,3,熊本県,クマモトケン,Kumamoto,,,,菊池市,キクチシ,Kikuchi-shi,,,,泗水町富納,トミノウ,,,,,居屋敷,イヤシキ,,,0,0,0,0,0,0,1,0,1947-04-17,,1,,,,,,,,,,,,,,,,
432105,0026111,3,熊本県,クマモトケン,Kumamoto,,,,菊池市,キクチシ,Kikuchi-shi,,,,泗水町富納,トミノウ,,,,,松本,マツモト,,,0,0,0,0,0,0,1,0,1947-04-17,,1,,,,,,,,,,,,,,,,
432105,0026112,3,熊本県,クマモトケン,Kumamoto,,,,菊池市,キクチシ,Kikuchi-shi,,,,泗水町富納,トミノウ,,,,,塔面,トウメン,,,0,0,0,0,0,0,1,0,1947-04-17,,1,,,,,,,,,,,,,,,,
432105,0026113,3,熊本県,クマモトケン,Kumamoto,,,,菊池市,キクチシ,Kikuchi-shi,,,,泗水町富納,トミノウ,,,,,前畑,マエハタ,,,0,0,0,0,0,0,1,0,1947-04-17,,1,,,,,,,,,,,,,,,,
432105,0026114,3,熊本県,クマモトケン,Kumamoto,,,,菊池市,キクチシ,Kikuchi-shi,,,,泗水町富納,トミノウ,,,,,平原,ヒラバル,,,0,0,0,0,0,0,1,0,1947-04-17,,1,,,,,,,,,,,,,,,,
432105,0027000,1,熊本県,クマモトケン,Kumamoto,,,,菊池市,キクチシ,Kikuchi-shi,,,,泗水町豊水,シスイマチトヨミズ,Shisuimachi Toyomizu,,,,,,,,0,0,0,0,0,0,1,1,1947-04-17,,0,8611212,,,,,,,,,,,,,,,
432105,0027146,3,熊本県,クマモトケン,Kumamoto,,,,菊池市,キクチシ,Kikuchi-shi,,,,泗水町豊水,トヨミズ,,,,,東八久保,ヒガシハチクボ,,,0,0,0,0,0,0,1,0,1947-04-17,,1,,,,,,,,,,,,,,,,
432105,0027147,3,熊本県,クマモトケン,Kumamoto,,,,菊池市,キクチシ,Kikuchi-shi,,,,泗水町豊水,トヨミズ,,,,,塘の上,トウノウエ,,,0,0,0,0,0,0,1,0,1947-04-17,,1,,,,,,,,,,,,,,,,
432105,0027148,3,熊本県,クマモトケン,Kumamoto,,,,菊池市,キクチシ,Kikuchi-shi,,,,泗水町豊水,トヨミズ,,,,,中友田平,ナカトモダイラ,,,0,0,0,0,0,0,1,0,1947-04-17,,1,,,,,,,,,,,,,,,,
432105,0027149,3,熊本県,クマモトケン,Kumamoto,,,,菊池市,キクチシ,Kikuchi-shi,,,,泗水町豊水,トヨミズ,,,,,久米前,クメマエ,,,0,0,0,0,0,0,1,0,1947-04-17,,1,,,,,,,,,,,,,,,,
432105,0027150,3,熊本県,クマモトケン,Kumamoto,,,,菊池市,キクチシ,Kikuchi-shi,,,,泗水町豊水,トヨミズ,,,,,下井手,シモイデ,,,0,0,0,0,0,0,1,0,1947-04-17,,1,,,,,,,,,,,,,,,,
432105,0027151,3,熊本県,クマモトケン,Kumamoto,,,,菊池市,キクチシ,Kikuchi-shi,,,,泗水町豊水,トヨミズ,,,,,西原,ニシハラ,,,0,0,0,0,0,0,1,0,1947-04-17,,1,,,,,,,,,,,,,,,,
432105,0027152,3,熊本県,クマモトケン,Kumamoto,,,,菊池市,キクチシ,Kikuchi-shi,,,,泗水町豊水,トヨミズ,,,,,長田,ナガタ,,,0,0,0,0,0,0,1,0,1947-04-17,,1,,,,,,,,,,,,,,,,
432105,0027153,3,熊本県,クマモトケン,Kumamoto,,,,菊池市,キクチシ,Kikuchi-shi,,,,泗水町豊水,トヨミズ,,,,,鬼町,オニマチ,,,0,0,0,0,0,0,1,0,1947-04-17,,1,,,,,,,,,,,,,,,,
432105,0027154,3,熊本県,クマモトケン,Kumamoto,,,,菊池市,キクチシ,Kikuchi-shi,,,,泗水町豊水,トヨミズ,,,,,道下,ミチノシタ,,,0,0,0,0,0,0,1,0,1947-04-17,,1,,,,,,,,,,,,,,,,
432105,0027155,3,熊本県,クマモトケン,Kumamoto,,,,菊池市,キクチシ,Kikuchi-shi,,,,泗水町豊水,トヨミズ,,,,,西請,ニシウケ,,,0,0,0,0,0,0,1,0,1947-04-17,,1,,,,,,,,,,,,,,,,
432105,0027156,3,熊本県,クマモトケン,Kumamoto,,,,菊池市,キクチシ,Kikuchi-shi,,,,泗水町豊水,トヨミズ,,,,,西八久保,ニシハチクボ,,,0,0,0,0,0,0,1,0,1947-04-17,,1,,,,,,,,,,,,,,,,
432105,0027157,3,熊本県,クマモトケン,Kumamoto,,,,菊池市,キクチシ,Kikuchi-shi,,,,泗水町豊水,トヨミズ,,,,,東原,ヒガシバル,,,0,0,0,0,0,0,1,0,1947-04-17,,1,,,,,,,,,,,,,,,,
432105,0027158,3,熊本県,クマモトケン,Kumamoto,,,,菊池市,キクチシ,Kikuchi-shi,,,,泗水町豊水,トヨミズ,,,,,北原,キタバル,,,0,0,0,0,0,0,1,0,1947-04-17,,1,,,,,,,,,,,,,,,,
432105,0027159,3,熊本県,クマモトケン,Kumamoto,,,,菊池市,キクチシ,Kikuchi-shi,,,,泗水町豊水,トヨミズ,,,,,西川原,ニシガワラ,,,0,0,0,0,0,0,1,0,1947-04-17,,1,,,,,,,,,,,,,,,,
432105,0027160,3,熊本県,クマモトケン,Kumamoto,,,,菊池市,キクチシ,Kikuchi-shi,,,,泗水町豊水,トヨミズ,,,,,麦田,ムギタ,,,0,0,0,0,0,0,1,0,1947-04-17,,1,,,,,,,,,,,,,,,,
432105,0027161,3,熊本県,クマモトケン,Kumamoto,,,,菊池市,キクチシ,Kikuchi-shi,,,,泗水町豊水,トヨミズ,,,,,西陣塚,ニシジンヅカ,,,0,0,0,0,0,0,1,0,1947-04-17,,1,,,,,,,*_*_MJ030195,,,,,,,,,
432105,0027162,3,熊本県,クマモトケン,Kumamoto,,,,菊池市,キクチシ,Kikuchi-shi,,,,泗水町豊水,トヨミズ,,,,,上駄飼城,カミダカイジョウ,,,0,0,0,0,0,0,1,0,1947-04-17,,1,,,,,,,,,,,,,,,,
432105,0027163,3,熊本県,クマモトケン,Kumamoto,,,,菊池市,キクチシ,Kikuchi-shi,,,,泗水町豊水,トヨミズ,,,,,道上,ミチノウエ,,,0,0,0,0,0,0,1,0,1947-04-17,,1,,,,,,,,,,,,,,,,
432105,0027164,3,熊本県,クマモトケン,Kumamoto,,,,菊池市,キクチシ,Kikuchi-shi,,,,泗水町豊水,トヨミズ,,,,,前田,マエダ,,,0,0,0,0,0,0,1,0,1947-04-17,,1,,,,,,,,,,,,,,,,
432105,0027165,3,熊本県,クマモトケン,Kumamoto,,,,菊池市,キクチシ,Kikuchi-shi,,,,泗水町豊水,トヨミズ,,,,,古閑前,コガマエ,,,0,0,0,0,0,0,1,0,1947-04-17,,1,,,,,,,,,,,,,,,,
432105,0027166,3,熊本県,クマモトケン,Kumamoto,,,,菊池市,キクチシ,Kikuchi-shi,,,,泗水町豊水,トヨミズ,,,,,香町,コウマチ,,,0,0,0,0,0,0,1,0,1947-04-17,,1,,,,,,,,,,,,,,,,
432105,0027167,3,熊本県,クマモトケン,Kumamoto,,,,菊池市,キクチシ,Kikuchi-shi,,,,泗水町豊水,トヨミズ,,,,,狐迫,キツネザコ,,,0,0,0,0,0,0,1,0,1947-04-17,,1,,,,,,,,,,,,,,,,
432105,0027168,3,熊本県,クマモトケン,Kumamoto,,,,菊池市,キクチシ,Kikuchi-shi,,,,泗水町豊水,トヨミズ,,,,,出口,デグチ,,,0,0,0,0,0,0,1,0,1947-04-17,,1,,,,,,,,,,,,,,,,
432105,0027169,3,熊本県,クマモトケン,Kumamoto,,,,菊池市,キクチシ,Kikuchi-shi,,,,泗水町豊水,トヨミズ,,,,,大坪,オオツボ,,,0,0,0,0,0,0,1,0,1947-04-17,,1,,,,,,,,,,,,,,,,
432105,0027170,3,熊本県,クマモトケン,Kumamoto,,,,菊池市,キクチシ,Kikuchi-shi,,,,泗水町豊水,トヨミズ,,,,,辻畑,ツジハタ,,,0,0,0,0,0,0,1,0,1947-04-17,,1,,,,,,,,,,,,,,,,
432105,0027171,3,熊本県,クマモトケン,Kumamoto,,,,菊池市,キクチシ,Kikuchi-shi,,,,泗水町豊水,トヨミズ,,,,,東宅地,ヒガシタクチ,,,0,0,0,0,0,0,1,0,1947-04-17,,1,,,,,,,,,,,,,,,,
432105,0027172,3,熊本県,クマモトケン,Kumamoto,,,,菊池市,キクチシ,Kikuchi-shi,,,,泗水町豊水,トヨミズ,,,,,宮の上,ミヤノウエ,,,0,0,0,0,0,0,1,0,1947-04-17,,1,,,,,,,,,,,,,,,,
432105,0027173,3,熊本県,クマモトケン,Kumamoto,,,,菊池市,キクチシ,Kikuchi-shi,,,,泗水町豊水,トヨミズ,,,,,下駄飼城,シモダカイジョウ,,,0,0,0,0,0,0,1,0,1947-04-17,,1,,,,,,,,,,,,,,,,
432105,0027174,3,熊本県,クマモトケン,Kumamoto,,,,菊池市,キクチシ,Kikuchi-shi,,,,泗水町豊水,トヨミズ,,,,,西前,ニシマエ,,,0,0,0,0,0,0,1,0,1947-04-17,,1,,,,,,,,,,,,,,,,
432105,0027175,3,熊本県,クマモトケン,Kumamoto,,,,菊池市,キクチシ,Kikuchi-shi,,,,泗水町豊水,トヨミズ,,,,,高請,タカウケ,,,0,0,0,0,0,0,1,0,1947-04-17,,1,,,,,,,,,,,,,,,,
432105,0027176,3,熊本県,クマモトケン,Kumamoto,,,,菊池市,キクチシ,Kikuchi-shi,,,,泗水町豊水,トヨミズ,,,,,村前,ムラマエ,,,0,0,0,0,0,0,1,0,1947-04-17,,1,,,,,,,,,,,,,,,,
432105,0027177,3,熊本県,クマモトケン,Kumamoto,,,,菊池市,キクチシ,Kikuchi-shi,,,,泗水町豊水,トヨミズ,,,,,上友田平,カミトモダイラ,,,0,0,0,0,0,0,1,0,1947-04-17,,1,,,,,,,,,,,,,,,,
432105,0027178,3,熊本県,クマモトケン,Kumamoto,,,,菊池市,キクチシ,Kikuchi-shi,,,,泗水町豊水,トヨミズ,,,,,藤巻,フジマキ,,,0,0,0,0,0,0,1,0,1947-04-17,,1,,,,,,,,,,,,,,,,
432105,0027179,3,熊本県,クマモトケン,Kumamoto,,,,菊池市,キクチシ,Kikuchi-shi,,,,泗水町豊水,トヨミズ,,,,,古閑原,コガバル,,,0,0,0,0,0,0,1,0,1947-04-17,,1,,,,,,,,,,,,,,,,
432105,0027180,3,熊本県,クマモトケン,Kumamoto,,,,菊池市,キクチシ,Kikuchi-shi,,,,泗水町豊水,トヨミズ,,,,,東請,ヒガシウケ,,,0,0,0,0,0,0,1,0,1947-04-17,,1,,,,,,,,,,,,,,,,
432105,0027181,3,熊本県,クマモトケン,Kumamoto,,,,菊池市,キクチシ,Kikuchi-shi,,,,泗水町豊水,トヨミズ,,,,,香本,コウモト,,,0,0,0,0,0,0,1,0,1947-04-17,,1,,,,,,,,,,,,,,,,
432105,0027182,3,熊本県,クマモトケン,Kumamoto,,,,菊池市,キクチシ,Kikuchi-shi,,,,泗水町豊水,トヨミズ,,,,,西宅地,ニシタクチ,,,0,0,0,0,0,0,1,0,1947-04-17,,1,,,,,,,,,,,,,,,,
432105,0027183,3,熊本県,クマモトケン,Kumamoto,,,,菊池市,キクチシ,Kikuchi-shi,,,,泗水町豊水,トヨミズ,,,,,上井手下,カミイデシタ,,,0,0,0,0,0,0,1,0,1947-04-17,,1,,,,,,,,,,,,,,,,
432105,0027184,3,熊本県,クマモトケン,Kumamoto,,,,菊池市,キクチシ,Kikuchi-shi,,,,泗水町豊水,トヨミズ,,,,,向田,ムカイダ,,,0,0,0,0,0,0,1,0,1947-04-17,,1,,,,,,,,,,,,,,,,
432105,0027185,3,熊本県,クマモトケン,Kumamoto,,,,菊池市,キクチシ,Kikuchi-shi,,,,泗水町豊水,トヨミズ,,,,,請原,ウケハラ,,,0,0,0,0,0,0,1,0,1947-04-17,,1,,,,,,,,,,,,,,,,
432105,0027186,3,熊本県,クマモトケン,Kumamoto,,,,菊池市,キクチシ,Kikuchi-shi,,,,泗水町豊水,トヨミズ,,,,,上原,カミバル,,,0,0,0,0,0,0,1,0,1947-04-17,,1,,,,,,,,,,,,,,,,
432105,0027187,3,熊本県,クマモトケン,Kumamoto,,,,菊池市,キクチシ,Kikuchi-shi,,,,泗水町豊水,トヨミズ,,,,,東陣塚,ヒガシジンヅカ,,,0,0,0,0,0,0,1,0,1947-04-17,,1,,,,,,,*_*_MJ030195,,,,,,,,,
432105,0027188,3,熊本県,クマモトケン,Kumamoto,,,,菊池市,キクチシ,Kikuchi-shi,,,,泗水町豊水,トヨミズ,,,,,龍角,リュウカク,,,0,0,0,0,0,0,1,0,1947-04-17,,1,,,,,,,,,,,,,,,,
432105,0027189,3,熊本県,クマモトケン,Kumamoto,,,,菊池市,キクチシ,Kikuchi-shi,,,,泗水町豊水,トヨミズ,,,,,西友田平,ニシトモダイラ,,,0,0,0,0,0,0,1,0,1947-04-17,,1,,,,,,,,,,,,,,,,
432105,0027190,3,熊本県,クマモトケン,Kumamoto,,,,菊池市,キクチシ,Kikuchi-shi,,,,泗水町豊水,トヨミズ,,,,,頭図,カシラズ,,,0,0,0,0,0,0,1,0,1947-04-17,,1,,,,,,,,,,,,,,,,
432105,0028000,1,熊本県,クマモトケン,Kumamoto,,,,菊池市,キクチシ,Kikuchi-shi,,,,泗水町永,シスイマチナガ,Shisuimachi Naga,,,,,,,,0,0,0,0,0,0,1,1,1947-04-17,,0,8611204,,,,,,,,,,,,,,,
432105,0028153,3,熊本県,クマモトケン,Kumamoto,,,,菊池市,キクチシ,Kikuchi-shi,,,,泗水町永,ナガ,,,,,漆山,ウルシヤマ,,,0,0,0,0,0,0,1,0,1947-04-17,,1,,,,,,,,,,,,,,,,
432105,0028154,3,熊本県,クマモトケン,Kumamoto,,,,菊池市,キクチシ,Kikuchi-shi,,,,泗水町永,ナガ,,,,,中上原,ナカウワハル,,,0,0,0,0,0,0,1,0,1947-04-17,,1,,,,,,,,,,,,,,,,
432105,0028155,3,熊本県,クマモトケン,Kumamoto,,,,菊池市,キクチシ,Kikuchi-shi,,,,泗水町永,ナガ,,,,,上岩迫,カミイワサコ,,,0,0,0,0,0,0,1,0,1947-04-17,,1,,,,,,,,,,,,,,,,
432105,0028156,3,熊本県,クマモトケン,Kumamoto,,,,菊池市,キクチシ,Kikuchi-shi,,,,泗水町永,ナガ,,,,,北石原,キタイシワラ,,,0,0,0,0,0,0,1,0,1947-04-17,,1,,,,,,,,,,,,,,,,
432105,0028157,3,熊本県,クマモトケン,Kumamoto,,,,菊池市,キクチシ,Kikuchi-shi,,,,泗水町永,ナガ,,,,,中原,ナカバル,,,0,0,0,0,0,0,1,0,1947-04-17,,1,,,,,,,,,,,,,,,,
432105,0028158,3,熊本県,クマモトケン,Kumamoto,,,,菊池市,キクチシ,Kikuchi-shi,,,,泗水町永,ナガ,,,,,松尾峠,マツオトウゲ,,,0,0,0,0,0,0,1,0,1947-04-17,,1,,,,,,,,,,,,,,,,
432105,0028159,3,熊本県,クマモトケン,Kumamoto,,,,菊池市,キクチシ,Kikuchi-shi,,,,泗水町永,ナガ,,,,,南石原,ミナミイシワラ,,,0,0,0,0,0,0,1,0,1947-04-17,,1,,,,,,,,,,,,,,,,
432105,0028160,3,熊本県,クマモトケン,Kumamoto,,,,菊池市,キクチシ,Kikuchi-shi,,,,泗水町永,ナガ,,,,,堤平,ツツミビラ,,,0,0,0,0,0,0,1,0,1947-04-17,,1,,,,,,,,,,,,,,,,
432105,0028161,3,熊本県,クマモトケン,Kumamoto,,,,菊池市,キクチシ,Kikuchi-shi,,,,泗水町永,ナガ,,,,,畑田,ハタケダ,,,0,0,0,0,0,0,1,0,1947-04-17,,1,,,,,,,,,,,,,,,,
432105,0028162,3,熊本県,クマモトケン,Kumamoto,,,,菊池市,キクチシ,Kikuchi-shi,,,,泗水町永,ナガ,,,,,前畠,マエハタ,,,0,0,0,0,0,0,1,0,1947-04-17,,1,,,,,,,,,,,,,,,,
432105,0028163,3,熊本県,クマモトケン,Kumamoto,,,,菊池市,キクチシ,Kikuchi-shi,,,,泗水町永,ナガ,,,,,松尾,マツオ,,,0,0,0,0,0,0,1,0,1947-04-17,,1,,,,,,,,,,,,,,,,
432105,0028164,3,熊本県,クマモトケン,Kumamoto,,,,菊池市,キクチシ,Kikuchi-shi,,,,泗水町永,ナガ,,,,,下岩迫,シモイワサコ,,,0,0,0,0,0,0,1,0,1947-04-17,,1,,,,,,,,,,,,,,,,
432105,0028165,3,熊本県,クマモトケン,Kumamoto,,,,菊池市,キクチシ,Kikuchi-shi,,,,泗水町永,ナガ,,,,,島,シマ,,,0,0,0,0,0,0,1,0,1947-04-17,,1,,,,,,,,,,,,,,,,
432105,0028166,3,熊本県,クマモトケン,Kumamoto,,,,菊池市,キクチシ,Kikuchi-shi,,,,泗水町永,ナガ,,,,,川原田,カワラダ,,,0,0,0,0,0,0,1,0,1947-04-17,,1,,,,,,,,,,,,,,,,
432105,0028167,3,熊本県,クマモトケン,Kumamoto,,,,菊池市,キクチシ,Kikuchi-shi,,,,泗水町永,ナガ,,,,,下桑木,シモクワノキ,,,0,0,0,0,0,0,1,0,1947-04-17,,1,,,,,,,,,,,,,,,,
432105,0028168,3,熊本県,クマモトケン,Kumamoto,,,,菊池市,キクチシ,Kikuchi-shi,,,,泗水町永,ナガ,,,,,向上原,ムカイウワハル,,,0,0,0,0,0,0,1,0,1947-04-17,,1,,,,,,,,,,,,,,,,
432105,0028169,3,熊本県,クマモトケン,Kumamoto,,,,菊池市,キクチシ,Kikuchi-shi,,,,泗水町永,ナガ,,,,,下大迫,シモオオサコ,,,0,0,0,0,0,0,1,0,1947-04-17,,1,,,,,,,,,,,,,,,,
432105,0028170,3,熊本県,クマモトケン,Kumamoto,,,,菊池市,キクチシ,Kikuchi-shi,,,,泗水町永,ナガ,,,,,石の本,イシノモト,,,0,0,0,0,0,0,1,0,1947-04-17,,1,,,,,,,,,,,,,,,,
432105,0028171,3,熊本県,クマモトケン,Kumamoto,,,,菊池市,キクチシ,Kikuchi-shi,,,,泗水町永,ナガ,,,,,日向,ヒムキ,,,0,0,0,0,0,0,1,0,1947-04-17,,1,,,,,,,,,,,,,,,,
432105,0028172,3,熊本県,クマモトケン,Kumamoto,,,,菊池市,キクチシ,Kikuchi-shi,,,,泗水町永,ナガ,,,,,山の上,ヤマノウエ,,,0,0,0,0,0,0,1,0,1947-04-17,,1,,,,,,,,,,,,,,,,
432105,0028173,3,熊本県,クマモトケン,Kumamoto,,,,菊池市,キクチシ,Kikuchi-shi,,,,泗水町永,ナガ,,,,,小松久保,コマツクボ,,,0,0,0,0,0,0,1,0,1947-04-17,,1,,,,,,,,,,,,,,,,
432105,0028174,3,熊本県,クマモトケン,Kumamoto,,,,菊池市,キクチシ,Kikuchi-shi,,,,泗水町永,ナガ,,,,,下駄飼城,シモダカイジョウ,,,0,0,0,0,0,0,1,0,1947-04-17,,1,,,,,,,,,,,,,,,,
432105,0028175,3,熊本県,クマモトケン,Kumamoto,,,,菊池市,キクチシ,Kikuchi-shi,,,,泗水町永,ナガ,,,,,下図師窪,シモヅシクボ,,,0,0,0,0,0,0,1,0,1947-04-17,,1,,,,,,,,,,,,,,,,
432105,0028176,3,熊本県,クマモトケン,Kumamoto,,,,菊池市,キクチシ,Kikuchi-shi,,,,泗水町永,ナガ,,,,,上桑木,カミクワノキ,,,0,0,0,0,0,0,1,0,1947-04-17,,1,,,,,,,,,,,,,,,,
432105,0028177,3,熊本県,クマモトケン,Kumamoto,,,,菊池市,キクチシ,Kikuchi-shi,,,,泗水町永,ナガ,,,,,耳取,ミミトリ,,,0,0,0,0,0,0,1,0,1947-04-17,,1,,,,,,,,,,,,,,,,
432105,0028178,3,熊本県,クマモトケン,Kumamoto,,,,菊池市,キクチシ,Kikuchi-shi,,,,泗水町永,ナガ,,,,,下山下,シモヤマシタ,,,0,0,0,0,0,0,1,0,1947-04-17,,1,,,,,,,,,,,,,,,,
432105,0028179,3,熊本県,クマモトケン,Kumamoto,,,,菊池市,キクチシ,Kikuchi-shi,,,,泗水町永,ナガ,,,,,貞原,サダワラ,,,0,0,0,0,0,0,1,0,1947-04-17,,1,,,,,,,,,,,,,,,,
432105,0028180,3,熊本県,クマモトケン,Kumamoto,,,,菊池市,キクチシ,Kikuchi-shi,,,,泗水町永,ナガ,,,,,宮の本,ミヤノモト,,,0,0,0,0,0,0,1,0,1947-04-17,,1,,,,,,,,,,,,,,,,
432105,0028181,3,熊本県,クマモトケン,Kumamoto,,,,菊池市,キクチシ,Kikuchi-shi,,,,泗水町永,ナガ,,,,,下上原,シモウワハル,,,0,0,0,0,0,0,1,0,1947-04-17,,1,,,,,,,,,,,,,,,,
432105,0028182,3,熊本県,クマモトケン,Kumamoto,,,,菊池市,キクチシ,Kikuchi-shi,,,,泗水町永,ナガ,,,,,佛辻,ホトケツジ,,,0,0,0,0,0,0,1,0,1947-04-17,,1,,,,,,,,,,,,,,,,
432105,0028183,3,熊本県,クマモトケン,Kumamoto,,,,菊池市,キクチシ,Kikuchi-shi,,,,泗水町永,ナガ,,,,,下赤迫,シモアカサコ,,,0,0,0,0,0,0,1,0,1947-04-17,,1,,,,,,,,,,,,,,,,
432105,0028184,3,熊本県,クマモトケン,Kumamoto,,,,菊池市,キクチシ,Kikuchi-shi,,,,泗水町永,ナガ,,,,,黒石,クロイシ,,,0,0,0,0,0,0,1,0,1947-04-17,,1,,,,,,,,,,,,,,,,
432105,0028185,3,熊本県,クマモトケン,Kumamoto,,,,菊池市,キクチシ,Kikuchi-shi,,,,泗水町永,ナガ,,,,,駄飼城,ダカイジョウ,,,0,0,0,0,0,0,1,0,1947-04-17,,1,,,,,,,,,,,,,,,,
432105,0028186,3,熊本県,クマモトケン,Kumamoto,,,,菊池市,キクチシ,Kikuchi-shi,,,,泗水町永,ナガ,,,,,藤巻,フジマキ,,,0,0,0,0,0,0,1,0,1947-04-17,,1,,,,,,,,,,,,,,,,
432105,0028187,3,熊本県,クマモトケン,Kumamoto,,,,菊池市,キクチシ,Kikuchi-shi,,,,泗水町永,ナガ,,,,,松の下,マツノシタ,,,0,0,0,0,0,0,1,0,1947-04-17,,1,,,,,,,,,,,,,,,,
432105,0028188,3,熊本県,クマモトケン,Kumamoto,,,,菊池市,キクチシ,Kikuchi-shi,,,,泗水町永,ナガ,,,,,黍名子,キビナゴ,,,0,0,0,0,0,0,1,0,1947-04-17,,1,,,,,,,,,,,,,,,,
432105,0028189,3,熊本県,クマモトケン,Kumamoto,,,,菊池市,キクチシ,Kikuchi-shi,,,,泗水町永,ナガ,,,,,福原,フクハラ,,,0,0,0,0,0,0,1,0,1947-04-17,,1,,,,,,,,,,,,,,,,
432105,0028190,3,熊本県,クマモトケン,Kumamoto,,,,菊池市,キクチシ,Kikuchi-shi,,,,泗水町永,ナガ,,,,,中岩迫,ナカイワサコ,,,0,0,0,0,0,0,1,0,1947-04-17,,1,,,,,,,,,,,,,,,,
432105,0028191,3,熊本県,クマモトケン,Kumamoto,,,,菊池市,キクチシ,Kikuchi-shi,,,,泗水町永,ナガ,,,,,前田,マエダ,,,0,0,0,0,0,0,1,0,1947-04-17,,1,,,,,,,,,,,,,,,,
432105,0028192,3,熊本県,クマモトケン,Kumamoto,,,,菊池市,キクチシ,Kikuchi-shi,,,,泗水町永,ナガ,,,,,飯銅原,ハンドウバル,,,0,0,0,0,0,0,1,0,1947-04-17,,1,,,,,,,,,,,,,,,,
432105,0028193,3,熊本県,クマモトケン,Kumamoto,,,,菊池市,キクチシ,Kikuchi-shi,,,,泗水町永,ナガ,,,,,上大迫,カミオオサコ,,,0,0,0,0,0,0,1,0,1947-04-17,,1,,,,,,,,,,,,,,,,
432105,0028194,3,熊本県,クマモトケン,Kumamoto,,,,菊池市,キクチシ,Kikuchi-shi,,,,泗水町永,ナガ,,,,,上原,ウワハル,,,0,0,0,0,0,0,1,0,1947-04-17,,1,,,,,,,,,,,,,,,,
432105,0028195,3,熊本県,クマモトケン,Kumamoto,,,,菊池市,キクチシ,Kikuchi-shi,,,,泗水町永,ナガ,,,,,上図師窪,カミヅシクボ,,,0,0,0,0,0,0,1,0,1947-04-17,,1,,,,,,,,,,,,,,,,
432105,0028196,3,熊本県,クマモトケン,Kumamoto,,,,菊池市,キクチシ,Kikuchi-shi,,,,泗水町永,ナガ,,,,,天神山,テンジンヤマ,,,0,0,0,0,0,0,1,0,1947-04-17,,1,,,,,,,,,,,,,,,,
432105,0028197,3,熊本県,クマモトケン,Kumamoto,,,,菊池市,キクチシ,Kikuchi-shi,,,,泗水町永,ナガ,,,,,岩平,イワヒラ,,,0,0,0,0,0,0,1,0,1947-04-17,,1,,,,,,,,,,,,,,,,
432105,0028198,3,熊本県,クマモトケン,Kumamoto,,,,菊池市,キクチシ,Kikuchi-shi,,,,泗水町永,ナガ,,,,,昇建,ノボリタテ,,,0,0,0,0,0,0,1,0,1947-04-17,,1,,,,,,,,,,,,,,,,
432105,0028199,3,熊本県,クマモトケン,Kumamoto,,,,菊池市,キクチシ,Kikuchi-shi,,,,泗水町永,ナガ,,,,,上山下,カミヤマシタ,,,0,0,0,0,0,0,1,0,1947-04-17,,1,,,,,,,,,,,,,,,,
432105,0028200,3,熊本県,クマモトケン,Kumamoto,,,,菊池市,キクチシ,Kikuchi-shi,,,,泗水町永,ナガ,,,,,東原,ヒガシバル,,,0,0,0,0,0,0,1,0,1947-04-17,,1,,,,,,,,,,,,,,,,
432105,0028201,3,熊本県,クマモトケン,Kumamoto,,,,菊池市,キクチシ,Kikuchi-shi,,,,泗水町永,ナガ,,,,,桜山,サクラヤマ,,,0,0,0,0,0,0,1,0,1947-04-17,,1,,,,,,,,,,,,,,,,
432105,0028202,3,熊本県,クマモトケン,Kumamoto,,,,菊池市,キクチシ,Kikuchi-shi,,,,泗水町永,ナガ,,,,,樋掛,ヒカケ,,,0,0,0,0,0,0,1,0,1947-04-17,,1,,,,,,,,,,,,,,,,
432105,0028203,3,熊本県,クマモトケン,Kumamoto,,,,菊池市,キクチシ,Kikuchi-shi,,,,泗水町永,ナガ,,,,,蘇傳寺,ソデンジ,,,0,0,0,0,0,0,1,0,1947-04-17,,1,,,,,,,,,,,,,,,,
432105,0028204,3,熊本県,クマモトケン,Kumamoto,,,,菊池市,キクチシ,Kikuchi-shi,,,,泗水町永,ナガ,,,,,上赤迫,カミアカサコ,,,0,0,0,0,0,0,1,0,1947-04-17,,1,,,,,,,,,,,,,,,,
432105,0028205,3,熊本県,クマモトケン,Kumamoto,,,,菊池市,キクチシ,Kikuchi-shi,,,,泗水町永,ナガ,,,,,北畠,キタハタ,,,0,0,0,0,0,0,1,0,1947-04-17,,1,,,,,,,,,,,,,,,,
432105,0029000,1,熊本県,クマモトケン,Kumamoto,,,,菊池市,キクチシ,Kikuchi-shi,,,,泗水町福本,シスイマチフクモト,Shisuimachi Fukumoto,,,,,,,,0,0,0,0,0,0,1,1,1947-04-17,,0,8611205,,,,,,,,,,,,,,,
432105,0029120,3,熊本県,クマモトケン,Kumamoto,,,,菊池市,キクチシ,Kikuchi-shi,,,,泗水町福本,フクモト,,,,,北請,キタウケ,,,0,0,0,0,0,0,1,0,1947-04-17,,1,,,,,,,,,,,,,,,,
432105,0029121,3,熊本県,クマモトケン,Kumamoto,,,,菊池市,キクチシ,Kikuchi-shi,,,,泗水町福本,フクモト,,,,,上中原,カミナカバル,,,0,0,0,0,0,0,1,0,1947-04-17,,1,,,,,,,,,,,,,,,,
432105,0029122,3,熊本県,クマモトケン,Kumamoto,,,,菊池市,キクチシ,Kikuchi-shi,,,,泗水町福本,フクモト,,,,,東請,ヒガシウケ,,,0,0,0,0,0,0,1,0,1947-04-17,,1,,,,,,,,,,,,,,,,
432105,0029123,3,熊本県,クマモトケン,Kumamoto,,,,菊池市,キクチシ,Kikuchi-shi,,,,泗水町福本,フクモト,,,,,中原,ナカバル,,,0,0,0,0,0,0,1,0,1947-04-17,,1,,,,,,,,,,,,,,,,
432105,0029124,3,熊本県,クマモトケン,Kumamoto,,,,菊池市,キクチシ,Kikuchi-shi,,,,泗水町福本,フクモト,,,,,前田,マエダ,,,0,0,0,0,0,0,1,0,1947-04-17,,1,,,,,,,,,,,,,,,,
432105,0029125,3,熊本県,クマモトケン,Kumamoto,,,,菊池市,キクチシ,Kikuchi-shi,,,,泗水町福本,フクモト,,,,,東宅地,ヒガシタクチ,,,0,0,0,0,0,0,1,0,1947-04-17,,1,,,,,,,,,,,,,,,,
432105,0029126,3,熊本県,クマモトケン,Kumamoto,,,,菊池市,キクチシ,Kikuchi-shi,,,,泗水町福本,フクモト,,,,,福田,フクダ,,,0,0,0,0,0,0,1,0,1947-04-17,,1,,,,,,,,,,,,,,,,
432105,0029127,3,熊本県,クマモトケン,Kumamoto,,,,菊池市,キクチシ,Kikuchi-shi,,,,泗水町福本,フクモト,,,,,南川原,ミナミカワハラ,,,0,0,0,0,0,0,1,0,1947-04-17,,1,,,,,,,,,,,,,,,,
432105,0029128,3,熊本県,クマモトケン,Kumamoto,,,,菊池市,キクチシ,Kikuchi-shi,,,,泗水町福本,フクモト,,,,,西谷,ニシダニ,,,0,0,0,0,0,0,1,0,1947-04-17,,1,,,,,,,,,,,,,,,,
432105,0029129,3,熊本県,クマモトケン,Kumamoto,,,,菊池市,キクチシ,Kikuchi-shi,,,,泗水町福本,フクモト,,,,,桜山,サクラヤマ,,,0,0,0,0,0,0,1,0,1947-04-17,,1,,,,,,,,,,,,,,,,
432105,0029130,3,熊本県,クマモトケン,Kumamoto,,,,菊池市,キクチシ,Kikuchi-shi,,,,泗水町福本,フクモト,,,,,南原,ミナミバル,,,0,0,0,0,0,0,1,0,1947-04-17,,1,,,,,,,,,,,,,,,,
432105,0029131,3,熊本県,クマモトケン,Kumamoto,,,,菊池市,キクチシ,Kikuchi-shi,,,,泗水町福本,フクモト,,,,,上川原,カミガワラ,,,0,0,0,0,0,0,1,0,1947-04-17,,1,,,,,,,,,,,,,,,,
432105,0029132,3,熊本県,クマモトケン,Kumamoto,,,,菊池市,キクチシ,Kikuchi-shi,,,,泗水町福本,フクモト,,,,,西宅地,ニシタクチ,,,0,0,0,0,0,0,1,0,1947-04-17,,1,,,,,,,,,,,,,,,,
432105,0029133,3,熊本県,クマモトケン,Kumamoto,,,,菊池市,キクチシ,Kikuchi-shi,,,,泗水町福本,フクモト,,,,,上原,カミバル,,,0,0,0,0,0,0,1,0,1947-04-17,,1,,,,,,,,,,,,,,,,
432105,0029134,3,熊本県,クマモトケン,Kumamoto,,,,菊池市,キクチシ,Kikuchi-shi,,,,泗水町福本,フクモト,,,,,南宅地,ミナミタクチ,,,0,0,0,0,0,0,1,0,1947-04-17,,1,,,,,,,,,,,,,,,,
432105,0029135,3,熊本県,クマモトケン,Kumamoto,,,,菊池市,キクチシ,Kikuchi-shi,,,,泗水町福本,フクモト,,,,,東原,ヒガシバル,,,0,0,0,0,0,0,1,0,1947-04-17,,1,,,,,,,,,,,,,,,,
432105,0029136,3,熊本県,クマモトケン,Kumamoto,,,,菊池市,キクチシ,Kikuchi-shi,,,,泗水町福本,フクモト,,,,,亀田,カメダ,,,0,0,0,0,0,0,1,0,1947-04-17,,1,,,,,,,,,,,,,,,,
432105,0029137,3,熊本県,クマモトケン,Kumamoto,,,,菊池市,キクチシ,Kikuchi-shi,,,,泗水町福本,フクモト,,,,,平町,ヒラマチ,,,0,0,0,0,0,0,1,0,1947-04-17,,1,,,,,,,,,,,,,,,,
432105,0029138,3,熊本県,クマモトケン,Kumamoto,,,,菊池市,キクチシ,Kikuchi-shi,,,,泗水町福本,フクモト,,,,,中林原,ナカバヤシバル,,,0,0,0,0,0,0,1,0,1947-04-17,,1,,,,,,,,,,,,,,,,
432105,0030000,1,熊本県,クマモトケン,Kumamoto,,,,菊池市,キクチシ,Kikuchi-shi,,,,泗水町南田島,シスイマチミナミタシマ,Shisuimachi Minamitashima,,,,,,,,0,0,0,0,0,0,1,1,1947-04-17,,0,8611213,,,,,,,,,,,,,,,
432105,0030120,3,熊本県,クマモトケン,Kumamoto,,,,菊池市,キクチシ,Kikuchi-shi,,,,泗水町南田島,ミナミタシマ,,,,,神出,ジンデ,,,0,0,0,0,0,0,1,0,1947-04-17,,1,,,,,,,,,,,,,,,,
432105,0030121,3,熊本県,クマモトケン,Kumamoto,,,,菊池市,キクチシ,Kikuchi-shi,,,,泗水町南田島,ミナミタシマ,,,,,宮の迫,ミヤノサコ,,,0,0,0,0,0,0,1,0,1947-04-17,,1,,,,,,,,,,,,,,,,
432105,0030122,3,熊本県,クマモトケン,Kumamoto,,,,菊池市,キクチシ,Kikuchi-shi,,,,泗水町南田島,ミナミタシマ,,,,,北羽無田,キタハムタ,,,0,0,0,0,0,0,1,0,1947-04-17,,1,,,,,,,,,,,,,,,,
432105,0030123,3,熊本県,クマモトケン,Kumamoto,,,,菊池市,キクチシ,Kikuchi-shi,,,,泗水町南田島,ミナミタシマ,,,,,山の下,ヤマノシタ,,,0,0,0,0,0,0,1,0,1947-04-17,,1,,,,,,,,,,,,,,,,
432105,0030124,3,熊本県,クマモトケン,Kumamoto,,,,菊池市,キクチシ,Kikuchi-shi,,,,泗水町南田島,ミナミタシマ,,,,,前田,マエダ,,,0,0,0,0,0,0,1,0,1947-04-17,,1,,,,,,,,,,,,,,,,
432105,0030125,3,熊本県,クマモトケン,Kumamoto,,,,菊池市,キクチシ,Kikuchi-shi,,,,泗水町南田島,ミナミタシマ,,,,,南田,ミナミダ,,,0,0,0,0,0,0,1,0,1947-04-17,,1,,,,,,,,,,,,,,,,
432105,0030126,3,熊本県,クマモトケン,Kumamoto,,,,菊池市,キクチシ,Kikuchi-shi,,,,泗水町南田島,ミナミタシマ,,,,,佐野田,サノダ,,,0,0,0,0,0,0,1,0,1947-04-17,,1,,,,,,,,,,,,,,,,
432105,0030127,3,熊本県,クマモトケン,Kumamoto,,,,菊池市,キクチシ,Kikuchi-shi,,,,泗水町南田島,ミナミタシマ,,,,,中羽無田,ナカハムタ,,,0,0,0,0,0,0,1,0,1947-04-17,,1,,,,,,,,,,,,,,,,
432105,0030128,3,熊本県,クマモトケン,Kumamoto,,,,菊池市,キクチシ,Kikuchi-shi,,,,泗水町南田島,ミナミタシマ,,,,,南羽無田,ミナミハムタ,,,0,0,0,0,0,0,1,0,1947-04-17,,1,,,,,,,,,,,,,,,,
432105,0030129,3,熊本県,クマモトケン,Kumamoto,,,,菊池市,キクチシ,Kikuchi-shi,,,,泗水町南田島,ミナミタシマ,,,,,明神平,ミョウジンビラ,,,0,0,0,0,0,0,1,0,1947-04-17,,1,,,,,,,,,,,,,,,,
432105,0030130,3,熊本県,クマモトケン,Kumamoto,,,,菊池市,キクチシ,Kikuchi-shi,,,,泗水町南田島,ミナミタシマ,,,,,田角,デンガク,,,0,0,0,0,0,0,1,0,1947-04-17,,1,,,,,,,,,,,,,,,,
432105,0030131,3,熊本県,クマモトケン,Kumamoto,,,,菊池市,キクチシ,Kikuchi-shi,,,,泗水町南田島,ミナミタシマ,,,,,糠泉原,ヌカイズミバル,,,0,0,0,0,0,0,1,0,1947-04-17,,1,,,,,,,,,,,,,,,,
432105,0030132,3,熊本県,クマモトケン,Kumamoto,,,,菊池市,キクチシ,Kikuchi-shi,,,,泗水町南田島,ミナミタシマ,,,,,中原,ナカバル,,,0,0,0,0,0,0,1,0,1947-04-17,,1,,,,,,,,,,,,,,,,
432105,0030133,3,熊本県,クマモトケン,Kumamoto,,,,菊池市,キクチシ,Kikuchi-shi,,,,泗水町南田島,ミナミタシマ,,,,,羽山,ハヤマ,,,0,0,0,0,0,0,1,0,1947-04-17,,1,,,,,,,,,,,,,,,,
432105,0030134,3,熊本県,クマモトケン,Kumamoto,,,,菊池市,キクチシ,Kikuchi-shi,,,,泗水町南田島,ミナミタシマ,,,,,北原,キタバル,,,0,0,0,0,0,0,1,0,1947-04-17,,1,,,,,,,,,,,,,,,,
432105,0030135,3,熊本県,クマモトケン,Kumamoto,,,,菊池市,キクチシ,Kikuchi-shi,,,,泗水町南田島,ミナミタシマ,,,,,前田屋敷,マエダヤシキ,,,0,0,0,0,0,0,1,0,1947-04-17,,1,,,,,,,,,,,,,,,,
432105,0030136,3,熊本県,クマモトケン,Kumamoto,,,,菊池市,キクチシ,Kikuchi-shi,,,,泗水町南田島,ミナミタシマ,,,,,西原,ニシバル,,,0,0,0,0,0,0,1,0,1947-04-17,,1,,,,,,,,,,,,,,,,
432105,0030137,3,熊本県,クマモトケン,Kumamoto,,,,菊池市,キクチシ,Kikuchi-shi,,,,泗水町南田島,ミナミタシマ,,,,,東原,ヒガシバル,,,0,0,0,0,0,0,1,0,1947-04-17,,1,,,,,,,,,,,,,,,,
432105,0030138,3,熊本県,クマモトケン,Kumamoto,,,,菊池市,キクチシ,Kikuchi-shi,,,,泗水町南田島,ミナミタシマ,,,,,天神平,テンジンビラ,,,0,0,0,0,0,0,1,0,1947-04-17,,1,,,,,,,,,,,,,,,,
432105,0031000,1,熊本県,クマモトケン,Kumamoto,,,,菊池市,キクチシ,Kikuchi-shi,,,,泗水町吉富,シスイマチヨシドミ,Shisuimachi Yoshitomi,,,,,,,,0,0,0,0,0,0,1,1,1947-04-17,,0,8611201,,,,,,,,,,,,,,,
432105,0031137,3,熊本県,クマモトケン,Kumamoto,,,,菊池市,キクチシ,Kikuchi-shi,,,,泗水町吉富,ヨシドミ,,,,,川隅,カワスミ,,,0,0,0,0,0,0,1,0,1947-04-17,,1,,,,,,,,,,,,,,,,
432105,0031138,3,熊本県,クマモトケン,Kumamoto,,,,菊池市,キクチシ,Kikuchi-shi,,,,泗水町吉富,ヨシドミ,,,,,上原,カミバル,,,0,0,0,0,0,0,1,0,1947-04-17,,1,,,,,,,,,,,,,,,,
432105,0031139,3,熊本県,クマモトケン,Kumamoto,,,,菊池市,キクチシ,Kikuchi-shi,,,,泗水町吉富,ヨシドミ,,,,,平町,ヒラマチ,,,0,0,0,0,0,0,1,0,1947-04-17,,1,,,,,,,,,,,,,,,,
432105,0031140,3,熊本県,クマモトケン,Kumamoto,,,,菊池市,キクチシ,Kikuchi-shi,,,,泗水町吉富,ヨシドミ,,,,,西宅地,ニシタクチ,,,0,0,0,0,0,0,1,0,1947-04-17,,1,,,,,,,,,,,,,,,,
432105,0031141,3,熊本県,クマモトケン,Kumamoto,,,,菊池市,キクチシ,Kikuchi-shi,,,,泗水町吉富,ヨシドミ,,,,,古閑原,コガバル,,,0,0,0,0,0,0,1,0,1947-04-17,,1,,,,,,,,,,,,,,,,
432105,0031142,3,熊本県,クマモトケン,Kumamoto,,,,菊池市,キクチシ,Kikuchi-shi,,,,泗水町吉富,ヨシドミ,,,,,亀の甲,カメノコウ,,,0,0,0,0,0,0,1,0,1947-04-17,,1,,,,,,,,,,,,,,,,
432105,0031143,3,熊本県,クマモトケン,Kumamoto,,,,菊池市,キクチシ,Kikuchi-shi,,,,泗水町吉富,ヨシドミ,,,,,北原,キタバル,,,0,0,0,0,0,0,1,0,1947-04-17,,1,,,,,,,,,,,,,,,,
432105,0031144,3,熊本県,クマモトケン,Kumamoto,,,,菊池市,キクチシ,Kikuchi-shi,,,,泗水町吉富,ヨシドミ,,,,,一の口,イチノクチ,,,0,0,0,0,0,0,1,0,1947-04-17,,1,,,,,,,,,,,,,,,,
432105,0031145,3,熊本県,クマモトケン,Kumamoto,,,,菊池市,キクチシ,Kikuchi-shi,,,,泗水町吉富,ヨシドミ,,,,,今寺,イマデラ,,,0,0,0,0,0,0,1,0,1947-04-17,,1,,,,,,,,,,,,,,,,
432105,0031146,3,熊本県,クマモトケン,Kumamoto,,,,菊池市,キクチシ,Kikuchi-shi,,,,泗水町吉富,ヨシドミ,,,,,山の上,ヤマノウエ,,,0,0,0,0,0,0,1,0,1947-04-17,,1,,,,,,,,,,,,,,,,
432105,0031147,3,熊本県,クマモトケン,Kumamoto,,,,菊池市,キクチシ,Kikuchi-shi,,,,泗水町吉富,ヨシドミ,,,,,大町,オオマチ,,,0,0,0,0,0,0,1,0,1947-04-17,,1,,,,,,,,,,,,,,,,
432105,0031148,3,熊本県,クマモトケン,Kumamoto,,,,菊池市,キクチシ,Kikuchi-shi,,,,泗水町吉富,ヨシドミ,,,,,中原,ナカバル,,,0,0,0,0,0,0,1,0,1947-04-17,,1,,,,,,,,,,,,,,,,
432105,0031149,3,熊本県,クマモトケン,Kumamoto,,,,菊池市,キクチシ,Kikuchi-shi,,,,泗水町吉富,ヨシドミ,,,,,中川原,ナカガワラ,,,0,0,0,0,0,0,1,0,1947-04-17,,1,,,,,,,,,,,,,,,,
432105,0031150,3,熊本県,クマモトケン,Kumamoto,,,,菊池市,キクチシ,Kikuchi-shi,,,,泗水町吉富,ヨシドミ,,,,,萬町,ヨロズマチ,,,0,0,0,0,0,0,1,0,1947-04-17,,1,,,,,,,,,,,,,,,,
432105,0031151,3,熊本県,クマモトケン,Kumamoto,,,,菊池市,キクチシ,Kikuchi-shi,,,,泗水町吉富,ヨシドミ,,,,,上前田,カミマエダ,,,0,0,0,0,0,0,1,0,1947-04-17,,1,,,,,,,,,,,,,,,,
432105,0031152,3,熊本県,クマモトケン,Kumamoto,,,,菊池市,キクチシ,Kikuchi-shi,,,,泗水町吉富,ヨシドミ,,,,,車地,クルマジ,,,0,0,0,0,0,0,1,0,1947-04-17,,1,,,,,,,,,,,,,,,,
432105,0031153,3,熊本県,クマモトケン,Kumamoto,,,,菊池市,キクチシ,Kikuchi-shi,,,,泗水町吉富,ヨシドミ,,,,,川原田,カワラダ,,,0,0,0,0,0,0,1,0,1947-04-17,,1,,,,,,,,,,,,,,,,
432105,0031154,3,熊本県,クマモトケン,Kumamoto,,,,菊池市,キクチシ,Kikuchi-shi,,,,泗水町吉富,ヨシドミ,,,,,時町,トキマチ,,,0,0,0,0,0,0,1,0,1947-04-17,,1,,,,,,,,,,,,,,,,
432105,0031155,3,熊本県,クマモトケン,Kumamoto,,,,菊池市,キクチシ,Kikuchi-shi,,,,泗水町吉富,ヨシドミ,,,,,塚本,ツカモト,,,0,0,0,0,0,0,1,0,1947-04-17,,1,,,,,,,,,,,,,,,,
432105,0031156,3,熊本県,クマモトケン,Kumamoto,,,,菊池市,キクチシ,Kikuchi-shi,,,,泗水町吉富,ヨシドミ,,,,,中道,ナカミチ,,,0,0,0,0,0,0,1,0,1947-04-17,,1,,,,,,,,,,,,,,,,
432105,0031157,3,熊本県,クマモトケン,Kumamoto,,,,菊池市,キクチシ,Kikuchi-shi,,,,泗水町吉富,ヨシドミ,,,,,下前田,シタマエダ,,,0,0,0,0,0,0,1,0,1947-04-17,,1,,,,,,,,,,,,,,,,
432105,0031158,3,熊本県,クマモトケン,Kumamoto,,,,菊池市,キクチシ,Kikuchi-shi,,,,泗水町吉富,ヨシドミ,,,,,高畑,タカハタ,,,0,0,0,0,0,0,1,0,1947-04-17,,1,,,,,,,,,,,,,,,,
432105,0031159,3,熊本県,クマモトケン,Kumamoto,,,,菊池市,キクチシ,Kikuchi-shi,,,,泗水町吉富,ヨシドミ,,,,,東宅地,ヒガシタクチ,,,0,0,0,0,0,0,1,0,1947-04-17,,1,,,,,,,,,,,,,,,,
432105,0031160,3,熊本県,クマモトケン,Kumamoto,,,,菊池市,キクチシ,Kikuchi-shi,,,,泗水町吉富,ヨシドミ,,,,,黒木,クロキ,,,0,0,0,0,0,0,1,0,1947-04-17,,1,,,,,,,,,,,,,,,,
432105,0031161,3,熊本県,クマモトケン,Kumamoto,,,,菊池市,キクチシ,Kikuchi-shi,,,,泗水町吉富,ヨシドミ,,,,,城本,ジョウモト,,,0,0,0,0,0,0,1,0,1947-04-17,,1,,,,,,,,,,,,,,,,
432105,0031162,3,熊本県,クマモトケン,Kumamoto,,,,菊池市,キクチシ,Kikuchi-shi,,,,泗水町吉富,ヨシドミ,,,,,西谷,ニシダニ,,,0,0,0,0,0,0,1,0,1947-04-17,,1,,,,,,,,,,,,,,,,
432105,0031163,3,熊本県,クマモトケン,Kumamoto,,,,菊池市,キクチシ,Kikuchi-shi,,,,泗水町吉富,ヨシドミ,,,,,亀田,カメダ,,,0,0,0,0,0,0,1,0,1947-04-17,,1,,,,,,,,,,,,,,,,
432105,0031164,3,熊本県,クマモトケン,Kumamoto,,,,菊池市,キクチシ,Kikuchi-shi,,,,泗水町吉富,ヨシドミ,,,,,迫田,サコダ,,,0,0,0,0,0,0,1,0,1947-04-17,,1,,,,,,,,,,,,,,,,
432105,0031165,3,熊本県,クマモトケン,Kumamoto,,,,菊池市,キクチシ,Kikuchi-shi,,,,泗水町吉富,ヨシドミ,,,,,下畑,シモハタ,,,0,0,0,0,0,0,1,0,1947-04-17,,1,,,,,,,,,,,,,,,,
432105,0031166,3,熊本県,クマモトケン,Kumamoto,,,,菊池市,キクチシ,Kikuchi-shi,,,,泗水町吉富,ヨシドミ,,,,,下川原,シタガワラ,,,0,0,0,0,0,0,1,0,1947-04-17,,1,,,,,,,,,,,,,,,,
432105,0031167,3,熊本県,クマモトケン,Kumamoto,,,,菊池市,キクチシ,Kikuchi-shi,,,,泗水町吉富,ヨシドミ,,,,,西原,ニシハラ,,,0,0,0,0,0,0,1,0,1947-04-17,,1,,,,,,,,,,,,,,,,
432105,0031168,3,熊本県,クマモトケン,Kumamoto,,,,菊池市,キクチシ,Kikuchi-shi,,,,泗水町吉富,ヨシドミ,,,,,塔の本,トウノモト,,,0,0,0,0,0,0,1,0,1947-04-17,,1,,,,,,,,,,,,,,,,
432105,0031169,3,熊本県,クマモトケン,Kumamoto,,,,菊池市,キクチシ,Kikuchi-shi,,,,泗水町吉富,ヨシドミ,,,,,宝町,タカラマチ,,,0,0,0,0,0,0,1,0,1947-04-17,,1,,,,,,,,,,,,,,,,
432105,0031170,3,熊本県,クマモトケン,Kumamoto,,,,菊池市,キクチシ,Kikuchi-shi,,,,泗水町吉富,ヨシドミ,,,,,堂迫,ドウサコ,,,0,0,0,0,0,0,1,0,1947-04-17,,1,,,,,,,,,,,,,,,,
432105,0031171,3,熊本県,クマモトケン,Kumamoto,,,,菊池市,キクチシ,Kikuchi-shi,,,,泗水町吉富,ヨシドミ,,,,,坂の上,サカノウエ,,,0,0,0,0,0,0,1,0,1947-04-17,,1,,,,,,,,,,,,,,,,
432105,0031172,3,熊本県,クマモトケン,Kumamoto,,,,菊池市,キクチシ,Kikuchi-shi,,,,泗水町吉富,ヨシドミ,,,,,上川原,カミガワラ,,,0,0,0,0,0,0,1,0,1947-04-17,,1,,,,,,,,,,,,,,,,
432105,0032000,1,熊本県,クマモトケン,Kumamoto,,,,菊池市,キクチシ,Kikuchi-shi,,,,七城町荒牧,シチジョウマチアラマキ,Shichijomachi Aramaki,,,,,,,,0,0,0,0,0,0,1,1,1947-04-17,,0,8611363,,,,,,,,,,,,,,,
432105,0032110,3,熊本県,クマモトケン,Kumamoto,,,,菊池市,キクチシ,Kikuchi-shi,,,,七城町荒牧,アラマキ,,,,,下河原,シモガワラ,,,0,0,0,0,0,0,1,0,1947-04-17,,1,,,,,,,,,,,,,,,,
432105,0032111,3,熊本県,クマモトケン,Kumamoto,,,,菊池市,キクチシ,Kikuchi-shi,,,,七城町荒牧,アラマキ,,,,,晩田,バンダ,,,0,0,0,0,0,0,1,0,1947-04-17,,1,,,,,,,,,,,,,,,,
432105,0032112,3,熊本県,クマモトケン,Kumamoto,,,,菊池市,キクチシ,Kikuchi-shi,,,,七城町荒牧,アラマキ,,,,,向田,ムカエダ,,,0,0,0,0,0,0,1,0,1947-04-17,,1,,,,,,,,,,,,,,,,
432105,0032113,3,熊本県,クマモトケン,Kumamoto,,,,菊池市,キクチシ,Kikuchi-shi,,,,七城町荒牧,アラマキ,,,,,高野,コウヤ,,,0,0,0,0,0,0,1,0,1947-04-17,,1,,,,,,,,,,,,,,,,
432105,0032114,3,熊本県,クマモトケン,Kumamoto,,,,菊池市,キクチシ,Kikuchi-shi,,,,七城町荒牧,アラマキ,,,,,鳥巡,シマメグリ,,,0,0,0,0,0,0,1,0,1947-04-17,,1,,,,,,,,,,,,,,,,
432105,0032115,3,熊本県,クマモトケン,Kumamoto,,,,菊池市,キクチシ,Kikuchi-shi,,,,七城町荒牧,アラマキ,,,,,東田,ヒガシダ,,,0,0,0,0,0,0,1,0,1947-04-17,,1,,,,,,,,,,,,,,,,
432105,0032116,3,熊本県,クマモトケン,Kumamoto,,,,菊池市,キクチシ,Kikuchi-shi,,,,七城町荒牧,アラマキ,,,,,土器田,ドキタ,,,0,0,0,0,0,0,1,0,1947-04-17,,1,,,,,,,,,,,,,,,,
432105,0032117,3,熊本県,クマモトケン,Kumamoto,,,,菊池市,キクチシ,Kikuchi-shi,,,,七城町荒牧,アラマキ,,,,,久保田,クボタ,,,0,0,0,0,0,0,1,0,1947-04-17,,1,,,,,,,,,,,,,,,,
432105,0032118,3,熊本県,クマモトケン,Kumamoto,,,,菊池市,キクチシ,Kikuchi-shi,,,,七城町荒牧,アラマキ,,,,,居屋敷,イヤシキ,,,0,0,0,0,0,0,1,0,1947-04-17,,1,,,,,,,,,,,,,,,,
432105,0033000,1,熊本県,クマモトケン,Kumamoto,,,,菊池市,キクチシ,Kikuchi-shi,,,,七城町台,シチジョウマチウテナ,Shichijomachi Utena,,,,,,,,0,0,0,0,0,0,1,1,1947-04-17,,0,8611365,,,,,,,,,,,,,,,
432105,0033114,3,熊本県,クマモトケン,Kumamoto,,,,菊池市,キクチシ,Kikuchi-shi,,,,七城町台,ウテナ,,,,,大原,オオハラ,,,0,0,0,0,0,0,1,0,1947-04-17,,1,,,,,,,,,,,,,,,,
432105,0033115,3,熊本県,クマモトケン,Kumamoto,,,,菊池市,キクチシ,Kikuchi-shi,,,,七城町台,ウテナ,,,,,東田,ヒガシダ,,,0,0,0,0,0,0,1,0,1947-04-17,,1,,,,,,,,,,,,,,,,
432105,0033116,3,熊本県,クマモトケン,Kumamoto,,,,菊池市,キクチシ,Kikuchi-shi,,,,七城町台,ウテナ,,,,,横枕,ヨコマクラ,,,0,0,0,0,0,0,1,0,1947-04-17,,1,,,,,,,,,,,,,,,,
432105,0033117,3,熊本県,クマモトケン,Kumamoto,,,,菊池市,キクチシ,Kikuchi-shi,,,,七城町台,ウテナ,,,,,東屋敷,ヒガシヤシキ,,,0,0,0,0,0,0,1,0,1947-04-17,,1,,,,,,,,,,,,,,,,
432105,0033118,3,熊本県,クマモトケン,Kumamoto,,,,菊池市,キクチシ,Kikuchi-shi,,,,七城町台,ウテナ,,,,,河原田,カワラダ,,,0,0,0,0,0,0,1,0,1947-04-17,,1,,,,,,,,,,,,,,,,
432105,0033119,3,熊本県,クマモトケン,Kumamoto,,,,菊池市,キクチシ,Kikuchi-shi,,,,七城町台,ウテナ,,,,,城之上,ジョウノウエ,,,0,0,0,0,0,0,1,0,1947-04-17,,1,,,,,,,,,,,,,,,,
432105,0033120,3,熊本県,クマモトケン,Kumamoto,,,,菊池市,キクチシ,Kikuchi-shi,,,,七城町台,ウテナ,,,,,台,,,,0,0,0,0,0,0,1,0,1947-04-17,,1,,,,,,,,,,,,,,,,
432105,0033121,3,熊本県,クマモトケン,Kumamoto,,,,菊池市,キクチシ,Kikuchi-shi,,,,七城町台,ウテナ,,,,,西屋敷,ニシヤシキ,,,0,0,0,0,0,0,1,0,1947-04-17,,1,,,,,,,,,,,,,,,,
432105,0033122,3,熊本県,クマモトケン,Kumamoto,,,,菊池市,キクチシ,Kikuchi-shi,,,,七城町台,ウテナ,,,,,城之下,ジヨウノシタ,,,0,0,0,0,0,0,1,0,1947-04-17,,1,,,,,,,,,,,,,,,,
432105,0033123,3,熊本県,クマモトケン,Kumamoto,,,,菊池市,キクチシ,Kikuchi-shi,,,,七城町台,ウテナ,,,,,城之前,ジヨウノマエ,,,0,0,0,0,0,0,1,0,1947-04-17,,1,,,,,,,,,,,,,,,,
432105,0033124,3,熊本県,クマモトケン,Kumamoto,,,,菊池市,キクチシ,Kikuchi-shi,,,,七城町台,ウテナ,,,,,西田,ニシダ,,,0,0,0,0,0,0,1,0,1947-04-17,,1,,,,,,,,,,,,,,,,
432105,0034000,1,熊本県,クマモトケン,Kumamoto,,,,菊池市,キクチシ,Kikuchi-shi,,,,七城町岡田,シチジョウマチオカダ,Shichijomachi Okada,,,,,,,,0,0,0,0,0,0,1,1,1947-04-17,,0,8611368,,,,,,,,,,,,,,,
432105,0034115,3,熊本県,クマモトケン,Kumamoto,,,,菊池市,キクチシ,Kikuchi-shi,,,,七城町岡田,オカダ,,,,,谷,タニ,,,0,0,0,0,0,0,1,0,1947-04-17,,1,,,,,,,,,,,,,,,,
432105,0034116,3,熊本県,クマモトケン,Kumamoto,,,,菊池市,キクチシ,Kikuchi-shi,,,,七城町岡田,オカダ,,,,,穴御堂,アナミドウ,,,0,0,0,0,0,0,1,0,1947-04-17,,1,,,,,,,,,,,,,,,,
432105,0034117,3,熊本県,クマモトケン,Kumamoto,,,,菊池市,キクチシ,Kikuchi-shi,,,,七城町岡田,オカダ,,,,,正善田,シヨウゼンダ,,,0,0,0,0,0,0,1,0,1947-04-17,,1,,,,,,,,,,,,,,,,
432105,0034118,3,熊本県,クマモトケン,Kumamoto,,,,菊池市,キクチシ,Kikuchi-shi,,,,七城町岡田,オカダ,,,,,野中,ノナカ,,,0,0,0,0,0,0,1,0,1947-04-17,,1,,,,,,,,,,,,,,,,
432105,0034119,3,熊本県,クマモトケン,Kumamoto,,,,菊池市,キクチシ,Kikuchi-shi,,,,七城町岡田,オカダ,,,,,山ノ上,ヤマノウエ,,,0,0,0,0,0,0,1,0,1947-04-17,,1,,,,,,,,,,,,,,,,
432105,0034120,3,熊本県,クマモトケン,Kumamoto,,,,菊池市,キクチシ,Kikuchi-shi,,,,七城町岡田,オカダ,,,,,上野寺,カミノデラ,,,0,0,0,0,0,0,1,0,1947-04-17,,1,,,,,,,,,,,,,,,,
432105,0034121,3,熊本県,クマモトケン,Kumamoto,,,,菊池市,キクチシ,Kikuchi-shi,,,,七城町岡田,オカダ,,,,,松ノ上,マツノウエ,,,0,0,0,0,0,0,1,0,1947-04-17,,1,,,,,,,,,,,,,,,,
432105,0034122,3,熊本県,クマモトケン,Kumamoto,,,,菊池市,キクチシ,Kikuchi-shi,,,,七城町岡田,オカダ,,,,,河原田,カワラダ,,,0,0,0,0,0,0,1,0,1947-04-17,,1,,,,,,,,,,,,,,,,
432105,0034123,3,熊本県,クマモトケン,Kumamoto,,,,菊池市,キクチシ,Kikuchi-shi,,,,七城町岡田,オカダ,,,,,前田,マエダ,,,0,0,0,0,0,0,1,0,1947-04-17,,1,,,,,,,,,,,,,,,,
432105,0034124,3,熊本県,クマモトケン,Kumamoto,,,,菊池市,キクチシ,Kikuchi-shi,,,,七城町岡田,オカダ,,,,,西霍,ニシヅル,,,0,0,0,0,0,0,1,0,1947-04-17,,1,,,,,,,,,,,,,,,,
432105,0034125,3,熊本県,クマモトケン,Kumamoto,,,,菊池市,キクチシ,Kikuchi-shi,,,,七城町岡田,オカダ,,,,,宅地,タクチ,,,0,0,0,0,0,0,1,0,1947-04-17,,1,,,,,,,,,,,,,,,,
432105,0034126,3,熊本県,クマモトケン,Kumamoto,,,,菊池市,キクチシ,Kikuchi-shi,,,,七城町岡田,オカダ,,,,,西原,ニシバル,,,0,0,0,0,0,0,1,0,1947-04-17,,1,,,,,,,,,,,,,,,,
432105,0034127,3,熊本県,クマモトケン,Kumamoto,,,,菊池市,キクチシ,Kikuchi-shi,,,,七城町岡田,オカダ,,,,,久保田,クボタ,,,0,0,0,0,0,0,1,0,1947-04-17,,1,,,,,,,,,,,,,,,,
432105,0034128,3,熊本県,クマモトケン,Kumamoto,,,,菊池市,キクチシ,Kikuchi-shi,,,,七城町岡田,オカダ,,,,,下野寺,シモノデラ,,,0,0,0,0,0,0,1,0,1947-04-17,,1,,,,,,,,,,,,,,,,
432105,0034129,3,熊本県,クマモトケン,Kumamoto,,,,菊池市,キクチシ,Kikuchi-shi,,,,七城町岡田,オカダ,,,,,棚田,タナダ,,,0,0,0,0,0,0,1,0,1947-04-17,,1,,,,,,,,,,,,,,,,
432105,0035000,1,熊本県,クマモトケン,Kumamoto,,,,菊池市,キクチシ,Kikuchi-shi,,,,七城町小野崎,シチジョウマチオノザキ,Shichijomachi Onozaki,,,,,,,,0,0,0,0,0,0,1,1,1947-04-17,,0,8611345,,,,,,,,,,,,,,,
432105,0035111,3,熊本県,クマモトケン,Kumamoto,,,,菊池市,キクチシ,Kikuchi-shi,,,,七城町小野崎,オノザキ,,,,,坂本,サカモト,,,0,0,0,0,0,0,1,0,1947-04-17,,1,,,,,,,,,,,,,,,,
432105,0035112,3,熊本県,クマモトケン,Kumamoto,,,,菊池市,キクチシ,Kikuchi-shi,,,,七城町小野崎,オノザキ,,,,,堀の内,ホリノウチ,,,0,0,0,0,0,0,1,0,1947-04-17,,1,,,,,,,,,,,,,,,,
432105,0035113,3,熊本県,クマモトケン,Kumamoto,,,,菊池市,キクチシ,Kikuchi-shi,,,,七城町小野崎,オノザキ,,,,,野間,ノマ,,,0,0,0,0,0,0,1,0,1947-04-17,,1,,,,,,,,,,,,,,,,
432105,0035114,3,熊本県,クマモトケン,Kumamoto,,,,菊池市,キクチシ,Kikuchi-shi,,,,七城町小野崎,オノザキ,,,,,前畑,マエハタ,,,0,0,0,0,0,0,1,0,1947-04-17,,1,,,,,,,,,,,,,,,,
432105,0035115,3,熊本県,クマモトケン,Kumamoto,,,,菊池市,キクチシ,Kikuchi-shi,,,,七城町小野崎,オノザキ,,,,,年賀塚,ネンガヅカ,,,0,0,0,0,0,0,1,0,1947-04-17,,1,,,,,,,,,,,,,,,,
432105,0035116,3,熊本県,クマモトケン,Kumamoto,,,,菊池市,キクチシ,Kikuchi-shi,,,,七城町小野崎,オノザキ,,,,,町畑,チョウハタ,,,0,0,0,0,0,0,1,0,1947-04-17,,1,,,,,,,,,,,,,,,,
432105,0035117,3,熊本県,クマモトケン,Kumamoto,,,,菊池市,キクチシ,Kikuchi-shi,,,,七城町小野崎,オノザキ,,,,,大尺,タイシャク,,,0,0,0,0,0,0,1,0,1947-04-17,,1,,,,,,,,,,,,,,,,
432105,0035118,3,熊本県,クマモトケン,Kumamoto,,,,菊池市,キクチシ,Kikuchi-shi,,,,七城町小野崎,オノザキ,,,,,松島,マツシマ,,,0,0,0,0,0,0,1,0,1947-04-17,,1,,,,,,,,,,,,,,,,
432105,0035119,3,熊本県,クマモトケン,Kumamoto,,,,菊池市,キクチシ,Kikuchi-shi,,,,七城町小野崎,オノザキ,,,,,方保田,カタホダ,,,0,0,0,0,0,0,1,0,1947-04-17,,1,,,,,,,,,,,,,,,,
432105,0035120,3,熊本県,クマモトケン,Kumamoto,,,,菊池市,キクチシ,Kikuchi-shi,,,,七城町小野崎,オノザキ,,,,,水足,ミズタリ,,,0,0,0,0,0,0,1,0,1947-04-17,,1,,,,,,,,,,,,,,,,
432105,0036000,1,熊本県,クマモトケン,Kumamoto,,,,菊池市,キクチシ,Kikuchi-shi,,,,七城町加恵,シチジョウマチカエ,Shichijomachi Kae,,,,,,,,0,0,0,0,0,0,1,1,1947-04-17,,0,8611356,,,,,,,,,,,,,,,
432105,0036115,3,熊本県,クマモトケン,Kumamoto,,,,菊池市,キクチシ,Kikuchi-shi,,,,七城町加恵,カエ,,,,,西通口,ニシカヨイグチ,,,0,0,0,0,0,0,1,0,1947-04-17,,1,,,,,,,,,,,,,,,,
432105,0036116,3,熊本県,クマモトケン,Kumamoto,,,,菊池市,キクチシ,Kikuchi-shi,,,,七城町加恵,カエ,,,,,五反田,ゴタンダ,,,0,0,0,0,0,0,1,0,1947-04-17,,1,,,,,,,,,,,,,,,,
432105,0036117,3,熊本県,クマモトケン,Kumamoto,,,,菊池市,キクチシ,Kikuchi-shi,,,,七城町加恵,カエ,,,,,諏訪の上,スワノカミ,,,0,0,0,0,0,0,1,0,1947-04-17,,1,,,,,,,,,,,,,,,,
432105,0036118,3,熊本県,クマモトケン,Kumamoto,,,,菊池市,キクチシ,Kikuchi-shi,,,,七城町加恵,カエ,,,,,荒目鶴,アラメヅル,,,0,0,0,0,0,0,1,0,1947-04-17,,1,,,,,,,,,,,,,,,,
432105,0036119,3,熊本県,クマモトケン,Kumamoto,,,,菊池市,キクチシ,Kikuchi-shi,,,,七城町加恵,カエ,,,,,後河原,ウシロガワラ,,,0,0,0,0,0,0,1,0,1947-04-17,,1,,,,,,,,,,,,,,,,
432105,0036120,3,熊本県,クマモトケン,Kumamoto,,,,菊池市,キクチシ,Kikuchi-shi,,,,七城町加恵,カエ,,,,,晩田,バンダ,,,0,0,0,0,0,0,1,0,1947-04-17,,1,,,,,,,,,,,,,,,,
432105,0036121,3,熊本県,クマモトケン,Kumamoto,,,,菊池市,キクチシ,Kikuchi-shi,,,,七城町加恵,カエ,,,,,鳥井木,トリイギ,,,0,0,0,0,0,0,1,0,1947-04-17,,1,,,,,,,,,,,,,,,,
432105,0036122,3,熊本県,クマモトケン,Kumamoto,,,,菊池市,キクチシ,Kikuchi-shi,,,,七城町加恵,カエ,,,,,河嶋,カワシマ,,,0,0,0,0,0,0,1,0,1947-04-17,,1,,,,,,,,,,,,,,,,
432105,0036123,3,熊本県,クマモトケン,Kumamoto,,,,菊池市,キクチシ,Kikuchi-shi,,,,七城町加恵,カエ,,,,,宅地,タクチ,,,0,0,0,0,0,0,1,0,1947-04-17,,1,,,,,,,,,,,,,,,,
432105,0036124,3,熊本県,クマモトケン,Kumamoto,,,,菊池市,キクチシ,Kikuchi-shi,,,,七城町加恵,カエ,,,,,権現給,ゴンゲキュウ,,,0,0,0,0,0,0,1,0,1947-04-17,,1,,,,,,,,,,,,,,,,
432105,0036125,3,熊本県,クマモトケン,Kumamoto,,,,菊池市,キクチシ,Kikuchi-shi,,,,七城町加恵,カエ,,,,,山渡瀬,ヤマワタセ,,,0,0,0,0,0,0,1,0,1947-04-17,,1,,,,,,,,,,,,,,,,
432105,0036126,3,熊本県,クマモトケン,Kumamoto,,,,菊池市,キクチシ,Kikuchi-shi,,,,七城町加恵,カエ,,,,,大坪,オオツボ,,,0,0,0,0,0,0,1,0,1947-04-17,,1,,,,,,,,,,,,,,,,
432105,0036127,3,熊本県,クマモトケン,Kumamoto,,,,菊池市,キクチシ,Kikuchi-shi,,,,七城町加恵,カエ,,,,,松の本,マツノモト,,,0,0,0,0,0,0,1,0,1947-04-17,,1,,,,,,,,,,,,,,,,
432105,0036128,3,熊本県,クマモトケン,Kumamoto,,,,菊池市,キクチシ,Kikuchi-shi,,,,七城町加恵,カエ,,,,,大島,オオシマ,,,0,0,0,0,0,0,1,0,1947-04-17,,1,,,,,,,,,,,,,,,,
432105,0037000,1,熊本県,クマモトケン,Kumamoto,,,,菊池市,キクチシ,Kikuchi-shi,,,,七城町亀尾,シチジョウマチカメオ,Shichijomachi Kameo,,,,,,,,0,0,0,0,0,0,1,1,1947-04-17,,0,8611342,,,,,,,,,,,,,,,
432105,0037128,3,熊本県,クマモトケン,Kumamoto,,,,菊池市,キクチシ,Kikuchi-shi,,,,七城町亀尾,カメオ,,,,,上梶迫霍,カミカジサコヅル,,,0,0,0,0,0,0,1,0,1947-04-17,,1,,,,,,,,,,,,,,,,
432105,0037129,3,熊本県,クマモトケン,Kumamoto,,,,菊池市,キクチシ,Kikuchi-shi,,,,七城町亀尾,カメオ,,,,,南上原,ミナミカンバル,,,0,0,0,0,0,0,1,0,1947-04-17,,1,,,,,,,,,,,,,,,,
432105,0037130,3,熊本県,クマモトケン,Kumamoto,,,,菊池市,キクチシ,Kikuchi-shi,,,,七城町亀尾,カメオ,,,,,岩瀬,イワセ,,,0,0,0,0,0,0,1,0,1947-04-17,,1,,,,,,,,,,,,,,,,
432105,0037131,3,熊本県,クマモトケン,Kumamoto,,,,菊池市,キクチシ,Kikuchi-shi,,,,七城町亀尾,カメオ,,,,,下力石,シモチカライシ,,,0,0,0,0,0,0,1,0,1947-04-17,,1,,,,,,,,,,,,,,,,
432105,0037132,3,熊本県,クマモトケン,Kumamoto,,,,菊池市,キクチシ,Kikuchi-shi,,,,七城町亀尾,カメオ,,,,,平宅地,ヒラタクチ,,,0,0,0,0,0,0,1,0,1947-04-17,,1,,,,,,,,,,,,,,,,
432105,0037133,3,熊本県,クマモトケン,Kumamoto,,,,菊池市,キクチシ,Kikuchi-shi,,,,七城町亀尾,カメオ,,,,,清滝,キヨタキ,,,0,0,0,0,0,0,1,0,1947-04-17,,1,,,,,,,,,,,,,,,,
432105,0037134,3,熊本県,クマモトケン,Kumamoto,,,,菊池市,キクチシ,Kikuchi-shi,,,,七城町亀尾,カメオ,,,,,上力石,カミチカライシ,,,0,0,0,0,0,0,1,0,1947-04-17,,1,,,,,,,,,,,,,,,,
432105,0037135,3,熊本県,クマモトケン,Kumamoto,,,,菊池市,キクチシ,Kikuchi-shi,,,,七城町亀尾,カメオ,,,,,北畑,キタハタ,,,0,0,0,0,0,0,1,0,1947-04-17,,1,,,,,,,,,,,,,,,,
432105,0037136,3,熊本県,クマモトケン,Kumamoto,,,,菊池市,キクチシ,Kikuchi-shi,,,,七城町亀尾,カメオ,,,,,山の上,ヤマノウエ,,,0,0,0,0,0,0,1,0,1947-04-17,,1,,,,,,,,,,,,,,,,
432105,0037137,3,熊本県,クマモトケン,Kumamoto,,,,菊池市,キクチシ,Kikuchi-shi,,,,七城町亀尾,カメオ,,,,,南杉田,ミナミスギタ,,,0,0,0,0,0,0,1,0,1947-04-17,,1,,,,,,,,,,,,,,,,
432105,0037138,3,熊本県,クマモトケン,Kumamoto,,,,菊池市,キクチシ,Kikuchi-shi,,,,七城町亀尾,カメオ,,,,,下霍頭,シモツルガシラ,,,0,0,0,0,0,0,1,0,1947-04-17,,1,,,,,,,,,,,,,,,,
432105,0037139,3,熊本県,クマモトケン,Kumamoto,,,,菊池市,キクチシ,Kikuchi-shi,,,,七城町亀尾,カメオ,,,,,八久保,ハチクボ,,,0,0,0,0,0,0,1,0,1947-04-17,,1,,,,,,,,,,,,,,,,
432105,0037140,3,熊本県,クマモトケン,Kumamoto,,,,菊池市,キクチシ,Kikuchi-shi,,,,七城町亀尾,カメオ,,,,,北十三部,キタジュウサンブ,,,0,0,0,0,0,0,1,0,1947-04-17,,1,,,,,,,,,,,,,,,,
432105,0037141,3,熊本県,クマモトケン,Kumamoto,,,,菊池市,キクチシ,Kikuchi-shi,,,,七城町亀尾,カメオ,,,,,上杉田,カミスギタ,,,0,0,0,0,0,0,1,0,1947-04-17,,1,,,,,,,,,,,,,,,,
432105,0037142,3,熊本県,クマモトケン,Kumamoto,,,,菊池市,キクチシ,Kikuchi-shi,,,,七城町亀尾,カメオ,,,,,西上原,ニシカンバル,,,0,0,0,0,0,0,1,0,1947-04-17,,1,,,,,,,,,,,,,,,,
432105,0037143,3,熊本県,クマモトケン,Kumamoto,,,,菊池市,キクチシ,Kikuchi-shi,,,,七城町亀尾,カメオ,,,,,上合田,カミゴウダ,,,0,0,0,0,0,0,1,0,1947-04-17,,1,,,,,,,,,,,,,,,,
432105,0037144,3,熊本県,クマモトケン,Kumamoto,,,,菊池市,キクチシ,Kikuchi-shi,,,,七城町亀尾,カメオ,,,,,下合田,シモゴウダ,,,0,0,0,0,0,0,1,0,1947-04-17,,1,,,,,,,,,,,,,,,,
432105,0037145,3,熊本県,クマモトケン,Kumamoto,,,,菊池市,キクチシ,Kikuchi-shi,,,,七城町亀尾,カメオ,,,,,壱丁田,イッチョウダ,,,0,0,0,0,0,0,1,0,1947-04-17,,1,,,,,,,,,,,,,,,,
432105,0037146,3,熊本県,クマモトケン,Kumamoto,,,,菊池市,キクチシ,Kikuchi-shi,,,,七城町亀尾,カメオ,,,,,南十三部,ミナミジュウサンブ,,,0,0,0,0,0,0,1,0,1947-04-17,,1,,,,,,,,,,,,,,,,
432105,0037147,3,熊本県,クマモトケン,Kumamoto,,,,菊池市,キクチシ,Kikuchi-shi,,,,七城町亀尾,カメオ,,,,,上霍頭,カミツルガシラ,,,0,0,0,0,0,0,1,0,1947-04-17,,1,,,,,,,,,,,,,,,,
432105,0037148,3,熊本県,クマモトケン,Kumamoto,,,,菊池市,キクチシ,Kikuchi-shi,,,,七城町亀尾,カメオ,,,,,城の平,ジョウノヒラ,,,0,0,0,0,0,0,1,0,1947-04-17,,1,,,,,,,,,,,,,,,,
432105,0037149,3,熊本県,クマモトケン,Kumamoto,,,,菊池市,キクチシ,Kikuchi-shi,,,,七城町亀尾,カメオ,,,,,南霍頭,ミナミツルガシラ,,,0,0,0,0,0,0,1,0,1947-04-17,,1,,,,,,,,,,,,,,,,
432105,0037150,3,熊本県,クマモトケン,Kumamoto,,,,菊池市,キクチシ,Kikuchi-shi,,,,七城町亀尾,カメオ,,,,,下迫田,シモサコダ,,,0,0,0,0,0,0,1,0,1947-04-17,,1,,,,,,,,,,,,,,,,
432105,0037151,3,熊本県,クマモトケン,Kumamoto,,,,菊池市,キクチシ,Kikuchi-shi,,,,七城町亀尾,カメオ,,,,,下梶迫霍,シモカジサコヅル,,,0,0,0,0,0,0,1,0,1947-04-17,,1,,,,,,,,,,,,,,,,
432105,0037152,3,熊本県,クマモトケン,Kumamoto,,,,菊池市,キクチシ,Kikuchi-shi,,,,七城町亀尾,カメオ,,,,,東上原,ヒガシカンバル,,,0,0,0,0,0,0,1,0,1947-04-17,,1,,,,,,,,,,,,,,,,
432105,0037153,3,熊本県,クマモトケン,Kumamoto,,,,菊池市,キクチシ,Kikuchi-shi,,,,七城町亀尾,カメオ,,,,,北杉田,キタスギタ,,,0,0,0,0,0,0,1,0,1947-04-17,,1,,,,,,,,,,,,,,,,
432105,0037154,3,熊本県,クマモトケン,Kumamoto,,,,菊池市,キクチシ,Kikuchi-shi,,,,七城町亀尾,カメオ,,,,,上迫田,カミサコダ,,,0,0,0,0,0,0,1,0,1947-04-17,,1,,,,,,,,,,,,,,,,
432105,0038000,1,熊本県,クマモトケン,Kumamoto,,,,菊池市,キクチシ,Kikuchi-shi,,,,七城町清水,シチジョウマチキヨミズ,Shichijomachi Kiyomizu,,,,,,,,0,0,0,0,0,0,1,1,1947-04-17,,0,8611341,,,,,,,,,,,,,,,
432105,0038114,3,熊本県,クマモトケン,Kumamoto,,,,菊池市,キクチシ,Kikuchi-shi,,,,七城町清水,キヨミズ,,,,,中ノ坪,ナカノツボ,,,0,0,0,0,0,0,1,0,1947-04-17,,1,,,,,,,,,,,,,,,,
432105,0038115,3,熊本県,クマモトケン,Kumamoto,,,,菊池市,キクチシ,Kikuchi-shi,,,,七城町清水,キヨミズ,,,,,竹の下,タケノシタ,,,0,0,0,0,0,0,1,0,1947-04-17,,1,,,,,,,,,,,,,,,,
432105,0038116,3,熊本県,クマモトケン,Kumamoto,,,,菊池市,キクチシ,Kikuchi-shi,,,,七城町清水,キヨミズ,,,,,清滝,キヨタキ,,,0,0,0,0,0,0,1,0,1947-04-17,,1,,,,,,,,,,,,,,,,
432105,0038117,3,熊本県,クマモトケン,Kumamoto,,,,菊池市,キクチシ,Kikuchi-shi,,,,七城町清水,キヨミズ,,,,,高町,コウマチ,,,0,0,0,0,0,0,1,0,1947-04-17,,1,,,,,,,,,,,,,,,,
432105,0038118,3,熊本県,クマモトケン,Kumamoto,,,,菊池市,キクチシ,Kikuchi-shi,,,,七城町清水,キヨミズ,,,,,堀田,ホリタ,,,0,0,0,0,0,0,1,0,1947-04-17,,1,,,,,,,,,,,,,,,,
432105,0038119,3,熊本県,クマモトケン,Kumamoto,,,,菊池市,キクチシ,Kikuchi-shi,,,,七城町清水,キヨミズ,,,,,宮の前,ミヤノマエ,,,0,0,0,0,0,0,1,0,1947-04-17,,1,,,,,,,,,,,,,,,,
432105,0038120,3,熊本県,クマモトケン,Kumamoto,,,,菊池市,キクチシ,Kikuchi-shi,,,,七城町清水,キヨミズ,,,,,薬師町,ヤクシチョウ,,,0,0,0,0,0,0,1,0,1947-04-17,,1,,,,,,,,,,,,,,,,
432105,0038121,3,熊本県,クマモトケン,Kumamoto,,,,菊池市,キクチシ,Kikuchi-shi,,,,七城町清水,キヨミズ,,,,,島廻,シマメグリ,,,0,0,0,0,0,0,1,0,1947-04-17,,1,,,,,,,,,,,,,,,,
432105,0038122,3,熊本県,クマモトケン,Kumamoto,,,,菊池市,キクチシ,Kikuchi-shi,,,,七城町清水,キヨミズ,,,,,島宮,シマミヤ,,,0,0,0,0,0,0,1,0,1947-04-17,,1,,,,,,,,,,,,,,,,
432105,0038123,3,熊本県,クマモトケン,Kumamoto,,,,菊池市,キクチシ,Kikuchi-shi,,,,七城町清水,キヨミズ,,,,,五反田,ゴタンダ,,,0,0,0,0,0,0,1,0,1947-04-17,,1,,,,,,,,,,,,,,,,
432105,0038124,3,熊本県,クマモトケン,Kumamoto,,,,菊池市,キクチシ,Kikuchi-shi,,,,七城町清水,キヨミズ,,,,,屋敷,ヤシキ,,,0,0,0,0,0,0,1,0,1947-04-17,,1,,,,,,,,,,,,,,,,
432105,0038125,3,熊本県,クマモトケン,Kumamoto,,,,菊池市,キクチシ,Kikuchi-shi,,,,七城町清水,キヨミズ,,,,,大町,オオマチ,,,0,0,0,0,0,0,1,0,1947-04-17,,1,,,,,,,,,,,,,,,,
432105,0039000,1,熊本県,クマモトケン,Kumamoto,,,,菊池市,キクチシ,Kikuchi-shi,,,,七城町甲佐町,シチジョウマチコウサマチ,Shichijomachi Kosamachi,,,,,,,,0,0,0,0,0,0,1,1,1947-04-17,,0,8611353,,,,,,,,,,,,,,,
432105,0039114,3,熊本県,クマモトケン,Kumamoto,,,,菊池市,キクチシ,Kikuchi-shi,,,,七城町甲佐町,コウサマチ,,,,,高田,タカタ,,,0,0,0,0,0,0,1,0,1947-04-17,,1,,,,,,,,,,,,,,,,
432105,0039115,3,熊本県,クマモトケン,Kumamoto,,,,菊池市,キクチシ,Kikuchi-shi,,,,七城町甲佐町,コウサマチ,,,,,魚取,ウオトリ,,,0,0,0,0,0,0,1,0,1947-04-17,,1,,,,,,,,,,,,,,,,
432105,0039116,3,熊本県,クマモトケン,Kumamoto,,,,菊池市,キクチシ,Kikuchi-shi,,,,七城町甲佐町,コウサマチ,,,,,五反田,ゴタンダ,,,0,0,0,0,0,0,1,0,1947-04-17,,1,,,,,,,,,,,,,,,,
432105,0039117,3,熊本県,クマモトケン,Kumamoto,,,,菊池市,キクチシ,Kikuchi-shi,,,,七城町甲佐町,コウサマチ,,,,,藤反田,フジタンダ,,,0,0,0,0,0,0,1,0,1947-04-17,,1,,,,,,,,,,,,,,,,
432105,0039118,3,熊本県,クマモトケン,Kumamoto,,,,菊池市,キクチシ,Kikuchi-shi,,,,七城町甲佐町,コウサマチ,,,,,屋敷,ヤシキ,,,0,0,0,0,0,0,1,0,1947-04-17,,1,,,,,,,,,,,,,,,,
432105,0039119,3,熊本県,クマモトケン,Kumamoto,,,,菊池市,キクチシ,Kikuchi-shi,,,,七城町甲佐町,コウサマチ,,,,,川曲,カワマガリ,,,0,0,0,0,0,0,1,0,1947-04-17,,1,,,,,,,,,,,,,,,,
432105,0039120,3,熊本県,クマモトケン,Kumamoto,,,,菊池市,キクチシ,Kikuchi-shi,,,,七城町甲佐町,コウサマチ,,,,,日明,ヒアケ,,,0,0,0,0,0,0,1,0,1947-04-17,,1,,,,,,,,,,,,,,,,
432105,0039121,3,熊本県,クマモトケン,Kumamoto,,,,菊池市,キクチシ,Kikuchi-shi,,,,七城町甲佐町,コウサマチ,,,,,馬所,マドコロ,,,0,0,0,0,0,0,1,0,1947-04-17,,1,,,,,,,,,,,,,,,,
432105,0039122,3,熊本県,クマモトケン,Kumamoto,,,,菊池市,キクチシ,Kikuchi-shi,,,,七城町甲佐町,コウサマチ,,,,,野添,ノゾエ,,,0,0,0,0,0,0,1,0,1947-04-17,,1,,,,,,,,,,,,,,,,
432105,0039123,3,熊本県,クマモトケン,Kumamoto,,,,菊池市,キクチシ,Kikuchi-shi,,,,七城町甲佐町,コウサマチ,,,,,三反田,サンタンダ,,,0,0,0,0,0,0,1,0,1947-04-17,,1,,,,,,,,,,,,,,,,
432105,0039124,3,熊本県,クマモトケン,Kumamoto,,,,菊池市,キクチシ,Kikuchi-shi,,,,七城町甲佐町,コウサマチ,,,,,浪ノ田,ナミノタ,,,0,0,0,0,0,0,1,0,1947-04-17,,1,,,,,,,,,,,,,,,,
432105,0039125,3,熊本県,クマモトケン,Kumamoto,,,,菊池市,キクチシ,Kikuchi-shi,,,,七城町甲佐町,コウサマチ,,,,,釘原,クギワラ,,,0,0,0,0,0,0,1,0,1947-04-17,,1,,,,,,,,,,,,,,,,
432105,0039126,3,熊本県,クマモトケン,Kumamoto,,,,菊池市,キクチシ,Kikuchi-shi,,,,七城町甲佐町,コウサマチ,,,,,八反田,ハッタンダ,,,0,0,0,0,0,0,1,0,1947-04-17,,1,,,,,,,,,,,,,,,,
432105,0040000,1,熊本県,クマモトケン,Kumamoto,,,,菊池市,キクチシ,Kikuchi-shi,,,,七城町菰入,シチジョウマチコモイリ,Shichijomachi Komoiri,,,,,,,,0,0,0,0,0,0,1,1,1947-04-17,,0,8611354,,,,,,,,,,,,,,,
432105,0040110,3,熊本県,クマモトケン,Kumamoto,,,,菊池市,キクチシ,Kikuchi-shi,,,,七城町菰入,コモイリ,,,,,屋敷,ヤシキ,,,0,0,0,0,0,0,1,0,1947-04-17,,1,,,,,,,,,,,,,,,,
432105,0040111,3,熊本県,クマモトケン,Kumamoto,,,,菊池市,キクチシ,Kikuchi-shi,,,,七城町菰入,コモイリ,,,,,鴨川,カモガワ,,,0,0,0,0,0,0,1,0,1947-04-17,,1,,,,,,,,,,,,,,,,
432105,0040112,3,熊本県,クマモトケン,Kumamoto,,,,菊池市,キクチシ,Kikuchi-shi,,,,七城町菰入,コモイリ,,,,,安町,ヤスマチ,,,0,0,0,0,0,0,1,0,1947-04-17,,1,,,,,,,,,,,,,,,,
432105,0040113,3,熊本県,クマモトケン,Kumamoto,,,,菊池市,キクチシ,Kikuchi-shi,,,,七城町菰入,コモイリ,,,,,下河原,シモカワハル,,,0,0,0,0,0,0,1,0,1947-04-17,,1,,,,,,,,,,,,,,,,
432105,0040114,3,熊本県,クマモトケン,Kumamoto,,,,菊池市,キクチシ,Kikuchi-shi,,,,七城町菰入,コモイリ,,,,,西霍,ニシヅル,,,0,0,0,0,0,0,1,0,1947-04-17,,1,,,,,,,,,,,,,,,,
432105,0040115,3,熊本県,クマモトケン,Kumamoto,,,,菊池市,キクチシ,Kikuchi-shi,,,,七城町菰入,コモイリ,,,,,下の畑,シモノハタ,,,0,0,0,0,0,0,1,0,1947-04-17,,1,,,,,,,,,,,,,,,,
432105,0040116,3,熊本県,クマモトケン,Kumamoto,,,,菊池市,キクチシ,Kikuchi-shi,,,,七城町菰入,コモイリ,,,,,窪霍,クボヅル,,,0,0,0,0,0,0,1,0,1947-04-17,,1,,,,,,,,,,,,,,,,
432105,0040117,3,熊本県,クマモトケン,Kumamoto,,,,菊池市,キクチシ,Kikuchi-shi,,,,七城町菰入,コモイリ,,,,,古川,フルカワ,,,0,0,0,0,0,0,1,0,1947-04-17,,1,,,,,,,,,,,,,,,,
432105,0040118,3,熊本県,クマモトケン,Kumamoto,,,,菊池市,キクチシ,Kikuchi-shi,,,,七城町菰入,コモイリ,,,,,苗代町,ナエシロマチ,,,0,0,0,0,0,0,1,0,1947-04-17,,1,,,,,,,,,,,,,,,,
432105,0040119,3,熊本県,クマモトケン,Kumamoto,,,,菊池市,キクチシ,Kikuchi-shi,,,,七城町菰入,コモイリ,,,,,湯畑,ユバタ,,,0,0,0,0,0,0,1,0,1947-04-17,,1,,,,,,,,,,,,,,,,
432105,0041000,1,熊本県,クマモトケン,Kumamoto,,,,菊池市,キクチシ,Kikuchi-shi,,,,七城町新古閑,シチジョウマチシンコガ,Shichijomachi Shinkoga,,,,,,,,0,0,0,0,0,0,1,1,1947-04-17,,0,8611352,,,,,,,,,,,,,,,
432105,0041112,3,熊本県,クマモトケン,Kumamoto,,,,菊池市,キクチシ,Kikuchi-shi,,,,七城町新古閑,シンコガ,,,,,蓼原,タデワラ,,,0,0,0,0,0,0,1,0,1947-04-17,,1,,,,,,,,,,,,,,,,
432105,0041113,3,熊本県,クマモトケン,Kumamoto,,,,菊池市,キクチシ,Kikuchi-shi,,,,七城町新古閑,シンコガ,,,,,甲ノ上,コウノウエ,,,0,0,0,0,0,0,1,0,1947-04-17,,1,,,,,,,,,,,,,,,,
432105,0041114,3,熊本県,クマモトケン,Kumamoto,,,,菊池市,キクチシ,Kikuchi-shi,,,,七城町新古閑,シンコガ,,,,,前田,マエダ,,,0,0,0,0,0,0,1,0,1947-04-17,,1,,,,,,,,,,,,,,,,
432105,0041115,3,熊本県,クマモトケン,Kumamoto,,,,菊池市,キクチシ,Kikuchi-shi,,,,七城町新古閑,シンコガ,,,,,簾町,スダレマチ,,,0,0,0,0,0,0,1,0,1947-04-17,,1,,,,,,,,,,,,,,,,
432105,0041116,3,熊本県,クマモトケン,Kumamoto,,,,菊池市,キクチシ,Kikuchi-shi,,,,七城町新古閑,シンコガ,,,,,花見殿,ハナミデン,,,0,0,0,0,0,0,1,0,1947-04-17,,1,,,,,,,,,,,,,,,,
432105,0041117,3,熊本県,クマモトケン,Kumamoto,,,,菊池市,キクチシ,Kikuchi-shi,,,,七城町新古閑,シンコガ,,,,,向田,ムカエダ,,,0,0,0,0,0,0,1,0,1947-04-17,,1,,,,,,,,,,,,,,,,
432105,0041118,3,熊本県,クマモトケン,Kumamoto,,,,菊池市,キクチシ,Kikuchi-shi,,,,七城町新古閑,シンコガ,,,,,改田,カイダ,,,0,0,0,0,0,0,1,0,1947-04-17,,1,,,,,,,,,,,,,,,,
432105,0041119,3,熊本県,クマモトケン,Kumamoto,,,,菊池市,キクチシ,Kikuchi-shi,,,,七城町新古閑,シンコガ,,,,,矢島,ヤジマ,,,0,0,0,0,0,0,1,0,1947-04-17,,1,,,,,,,,,,,,,,,,
432105,0041120,3,熊本県,クマモトケン,Kumamoto,,,,菊池市,キクチシ,Kikuchi-shi,,,,七城町新古閑,シンコガ,,,,,石原町,イシワラマチ,,,0,0,0,0,0,0,1,0,1947-04-17,,1,,,,,,,,,,,,,,,,
432105,0041121,3,熊本県,クマモトケン,Kumamoto,,,,菊池市,キクチシ,Kikuchi-shi,,,,七城町新古閑,シンコガ,,,,,宮の前,ミヤノマエ,,,0,0,0,0,0,0,1,0,1947-04-17,,1,,,,,,,,,,,,,,,,
432105,0041122,3,熊本県,クマモトケン,Kumamoto,,,,菊池市,キクチシ,Kikuchi-shi,,,,七城町新古閑,シンコガ,,,,,屋敷,ヤシキ,,,0,0,0,0,0,0,1,0,1947-04-17,,1,,,,,,,,,,,,,,,,
432105,0042000,1,熊本県,クマモトケン,Kumamoto,,,,菊池市,キクチシ,Kikuchi-shi,,,,七城町砂田,シチジョウマチスナダ,Shichijomachi Sunada,,,,,,,,0,0,0,0,0,0,1,1,1947-04-17,,0,8611351,,,,,,,,,,,,,,,
432105,0042135,3,熊本県,クマモトケン,Kumamoto,,,,菊池市,キクチシ,Kikuchi-shi,,,,七城町砂田,スナダ,,,,,木庭田,コバダ,,,0,0,0,0,0,0,1,0,1947-04-17,,1,,,,,,,,,,,,,,,,
432105,0042136,3,熊本県,クマモトケン,Kumamoto,,,,菊池市,キクチシ,Kikuchi-shi,,,,七城町砂田,スナダ,,,,,北屋敷,キタヤシキ,,,0,0,0,0,0,0,1,0,1947-04-17,,1,,,,,,,,,,,,,,,,
432105,0042137,3,熊本県,クマモトケン,Kumamoto,,,,菊池市,キクチシ,Kikuchi-shi,,,,七城町砂田,スナダ,,,,,上頭無,カミカシラナシ,,,0,0,0,0,0,0,1,0,1947-04-17,,1,,,,,,,,,,,,,,,,
432105,0042138,3,熊本県,クマモトケン,Kumamoto,,,,菊池市,キクチシ,Kikuchi-shi,,,,七城町砂田,スナダ,,,,,藪天神,ヤブテンジン,,,0,0,0,0,0,0,1,0,1947-04-17,,1,,,,,,,,,,,,,,,,
432105,0042139,3,熊本県,クマモトケン,Kumamoto,,,,菊池市,キクチシ,Kikuchi-shi,,,,七城町砂田,スナダ,,,,,芦原,アシワラ,,,0,0,0,0,0,0,1,0,1947-04-17,,1,,,,,,,,,,,,,,,,
432105,0042140,3,熊本県,クマモトケン,Kumamoto,,,,菊池市,キクチシ,Kikuchi-shi,,,,七城町砂田,スナダ,,,,,若狹,ワカサ,,,0,0,0,0,0,0,1,0,1947-04-17,,1,,,,,,,,,,,,,,,,
432105,0042141,3,熊本県,クマモトケン,Kumamoto,,,,菊池市,キクチシ,Kikuchi-shi,,,,七城町砂田,スナダ,,,,,口ノ坪,クチノツボ,,,0,0,0,0,0,0,1,0,1947-04-17,,1,,,,,,,,,,,,,,,,
432105,0042142,3,熊本県,クマモトケン,Kumamoto,,,,菊池市,キクチシ,Kikuchi-shi,,,,七城町砂田,スナダ,,,,,古川,フルカワ,,,0,0,0,0,0,0,1,0,1947-04-17,,1,,,,,,,,,,,,,,,,
432105,0042143,3,熊本県,クマモトケン,Kumamoto,,,,菊池市,キクチシ,Kikuchi-shi,,,,七城町砂田,スナダ,,,,,下頭無,シモカシラナシ,,,0,0,0,0,0,0,1,0,1947-04-17,,1,,,,,,,,,,,,,,,,
432105,0042144,3,熊本県,クマモトケン,Kumamoto,,,,菊池市,キクチシ,Kikuchi-shi,,,,七城町砂田,スナダ,,,,,下河原,シモガワラ,,,0,0,0,0,0,0,1,0,1947-04-17,,1,,,,,,,,,,,,,,,,
432105,0042145,3,熊本県,クマモトケン,Kumamoto,,,,菊池市,キクチシ,Kikuchi-shi,,,,七城町砂田,スナダ,,,,,南田,ミナミダ,,,0,0,0,0,0,0,1,0,1947-04-17,,1,,,,,,,,,,,,,,,,
432105,0042146,3,熊本県,クマモトケン,Kumamoto,,,,菊池市,キクチシ,Kikuchi-shi,,,,七城町砂田,スナダ,,,,,長池,ナガイケ,,,0,0,0,0,0,0,1,0,1947-04-17,,1,,,,,,,,,,,,,,,,
432105,0042147,3,熊本県,クマモトケン,Kumamoto,,,,菊池市,キクチシ,Kikuchi-shi,,,,七城町砂田,スナダ,,,,,下野中,シモノナカ,,,0,0,0,0,0,0,1,0,1947-04-17,,1,,,,,,,,,,,,,,,,
432105,0042148,3,熊本県,クマモトケン,Kumamoto,,,,菊池市,キクチシ,Kikuchi-shi,,,,七城町砂田,スナダ,,,,,東屋敷,ヒガシヤシキ,,,0,0,0,0,0,0,1,0,1947-04-17,,1,,,,,,,,,,,,,,,,
432105,0042149,3,熊本県,クマモトケン,Kumamoto,,,,菊池市,キクチシ,Kikuchi-shi,,,,七城町砂田,スナダ,,,,,中ノ坪,ナカノツボ,,,0,0,0,0,0,0,1,0,1947-04-17,,1,,,,,,,,,,,,,,,,
432105,0042150,3,熊本県,クマモトケン,Kumamoto,,,,菊池市,キクチシ,Kikuchi-shi,,,,七城町砂田,スナダ,,,,,新海,シンカイ,,,0,0,0,0,0,0,1,0,1947-04-17,,1,,,,,,,,,,,,,,,,
432105,0042151,3,熊本県,クマモトケン,Kumamoto,,,,菊池市,キクチシ,Kikuchi-shi,,,,七城町砂田,スナダ,,,,,女塚,メツカ,,,0,0,0,0,0,0,1,0,1947-04-17,,1,,,,,,,,,,,,,,,,
432105,0042152,3,熊本県,クマモトケン,Kumamoto,,,,菊池市,キクチシ,Kikuchi-shi,,,,七城町砂田,スナダ,,,,,磧本,セキノモト,,,0,0,0,0,0,0,1,0,1947-04-17,,1,,,,,,,,,,,,,,,,
432105,0042153,3,熊本県,クマモトケン,Kumamoto,,,,菊池市,キクチシ,Kikuchi-shi,,,,七城町砂田,スナダ,,,,,上河原,カミガワラ,,,0,0,0,0,0,0,1,0,1947-04-17,,1,,,,,,,,,,,,,,,,
432105,0042154,3,熊本県,クマモトケン,Kumamoto,,,,菊池市,キクチシ,Kikuchi-shi,,,,七城町砂田,スナダ,,,,,堂の本,ドウノモト,,,0,0,0,0,0,0,1,0,1947-04-17,,1,,,,,,,,,,,,,,,,
432105,0042155,3,熊本県,クマモトケン,Kumamoto,,,,菊池市,キクチシ,Kikuchi-shi,,,,七城町砂田,スナダ,,,,,馬越,マゴエ,,,0,0,0,0,0,0,1,0,1947-04-17,,1,,,,,,,,,,,,,,,,
432105,0042156,3,熊本県,クマモトケン,Kumamoto,,,,菊池市,キクチシ,Kikuchi-shi,,,,七城町砂田,スナダ,,,,,宮の前,ミヤノマエ,,,0,0,0,0,0,0,1,0,1947-04-17,,1,,,,,,,,,,,,,,,,
432105,0042157,3,熊本県,クマモトケン,Kumamoto,,,,菊池市,キクチシ,Kikuchi-shi,,,,七城町砂田,スナダ,,,,,東田,ヒガシダ,,,0,0,0,0,0,0,1,0,1947-04-17,,1,,,,,,,,,,,,,,,,
432105,0042158,3,熊本県,クマモトケン,Kumamoto,,,,菊池市,キクチシ,Kikuchi-shi,,,,七城町砂田,スナダ,,,,,竹の下,タケノシタ,,,0,0,0,0,0,0,1,0,1947-04-17,,1,,,,,,,,,,,,,,,,
432105,0042159,3,熊本県,クマモトケン,Kumamoto,,,,菊池市,キクチシ,Kikuchi-shi,,,,七城町砂田,スナダ,,,,,西田,ニシダ,,,0,0,0,0,0,0,1,0,1947-04-17,,1,,,,,,,,,,,,,,,,
432105,0042160,3,熊本県,クマモトケン,Kumamoto,,,,菊池市,キクチシ,Kikuchi-shi,,,,七城町砂田,スナダ,,,,,城塚,ジョウヅカ,,,0,0,0,0,0,0,1,0,1947-04-17,,1,,,,,,,,,,,,,,,,
432105,0042161,3,熊本県,クマモトケン,Kumamoto,,,,菊池市,キクチシ,Kikuchi-shi,,,,七城町砂田,スナダ,,,,,瀬萩,セハギ,,,0,0,0,0,0,0,1,0,1947-04-17,,1,,,,,,,,,,,,,,,,
432105,0042162,3,熊本県,クマモトケン,Kumamoto,,,,菊池市,キクチシ,Kikuchi-shi,,,,七城町砂田,スナダ,,,,,八反田,ハッタンダ,,,0,0,0,0,0,0,1,0,1947-04-17,,1,,,,,,,,,,,,,,,,
432105,0042163,3,熊本県,クマモトケン,Kumamoto,,,,菊池市,キクチシ,Kikuchi-shi,,,,七城町砂田,スナダ,,,,,上野中,カミノナカ,,,0,0,0,0,0,0,1,0,1947-04-17,,1,,,,,,,,,,,,,,,,
432105,0042164,3,熊本県,クマモトケン,Kumamoto,,,,菊池市,キクチシ,Kikuchi-shi,,,,七城町砂田,スナダ,,,,,香干,コウボシ,,,0,0,0,0,0,0,1,0,1947-04-17,,1,,,,,,,,,,,,,,,,
432105,0042165,3,熊本県,クマモトケン,Kumamoto,,,,菊池市,キクチシ,Kikuchi-shi,,,,七城町砂田,スナダ,,,,,西屋敷,ニシヤシキ,,,0,0,0,0,0,0,1,0,1947-04-17,,1,,,,,,,,,,,,,,,,
432105,0042166,3,熊本県,クマモトケン,Kumamoto,,,,菊池市,キクチシ,Kikuchi-shi,,,,七城町砂田,スナダ,,,,,正善寺,シヨウゼンジ,,,0,0,0,0,0,0,1,0,1947-04-17,,1,,,,,,,,,,,,,,,,
432105,0042167,3,熊本県,クマモトケン,Kumamoto,,,,菊池市,キクチシ,Kikuchi-shi,,,,七城町砂田,スナダ,,,,,間所,マドコロ,,,0,0,0,0,0,0,1,0,1947-04-17,,1,,,,,,,,,,,,,,,,
432105,0042168,3,熊本県,クマモトケン,Kumamoto,,,,菊池市,キクチシ,Kikuchi-shi,,,,七城町砂田,スナダ,,,,,南屋敷,ミナミヤシキ,,,0,0,0,0,0,0,1,0,1947-04-17,,1,,,,,,,,,,,,,,,,
432105,0043000,1,熊本県,クマモトケン,Kumamoto,,,,菊池市,キクチシ,Kikuchi-shi,,,,七城町瀬戸口,シチジョウマチセトグチ,Shichijomachi Setoguchi,,,,,,,,0,0,0,0,0,0,1,1,1947-04-17,,0,8611366,,,,,,,,,,,,,,,
432105,0043108,3,熊本県,クマモトケン,Kumamoto,,,,菊池市,キクチシ,Kikuchi-shi,,,,七城町瀬戸口,セトグチ,,,,,上原,ウワバル,,,0,0,0,0,0,0,1,0,1947-04-17,,1,,,,,,,,,,,,,,,,
432105,0043109,3,熊本県,クマモトケン,Kumamoto,,,,菊池市,キクチシ,Kikuchi-shi,,,,七城町瀬戸口,セトグチ,,,,,前田,マエダ,,,0,0,0,0,0,0,1,0,1947-04-17,,1,,,,,,,,,,,,,,,,
432105,0043110,3,熊本県,クマモトケン,Kumamoto,,,,菊池市,キクチシ,Kikuchi-shi,,,,七城町瀬戸口,セトグチ,,,,,北上原,キタカンバル,,,0,0,0,0,0,0,1,0,1947-04-17,,1,,,,,,,,,,,,,,,,
432105,0043111,3,熊本県,クマモトケン,Kumamoto,,,,菊池市,キクチシ,Kikuchi-shi,,,,七城町瀬戸口,セトグチ,,,,,岩下,イワシタ,,,0,0,0,0,0,0,1,0,1947-04-17,,1,,,,,,,,,,,,,,,,
432105,0043112,3,熊本県,クマモトケン,Kumamoto,,,,菊池市,キクチシ,Kikuchi-shi,,,,七城町瀬戸口,セトグチ,,,,,西前田,ニシマエダ,,,0,0,0,0,0,0,1,0,1947-04-17,,1,,,,,,,,,,,,,,,,
432105,0043113,3,熊本県,クマモトケン,Kumamoto,,,,菊池市,キクチシ,Kikuchi-shi,,,,七城町瀬戸口,セトグチ,,,,,下原,シモバル,,,0,0,0,0,0,0,1,0,1947-04-17,,1,,,,,,,,,,,,,,,,
432105,0043114,3,熊本県,クマモトケン,Kumamoto,,,,菊池市,キクチシ,Kikuchi-shi,,,,七城町瀬戸口,セトグチ,,,,,白禿,シラハゲ,,,0,0,0,0,0,0,1,0,1947-04-17,,1,,,,,,,,,,,,,,,,
432105,0044000,1,熊本県,クマモトケン,Kumamoto,,,,菊池市,キクチシ,Kikuchi-shi,,,,七城町蘇崎,シチジョウマチソサキ,Shichijomachi Sosaki,,,,,,,,0,0,0,0,0,0,1,1,1947-04-17,,0,8611344,,,,,,,,,,,,,,,
432105,0044122,3,熊本県,クマモトケン,Kumamoto,,,,菊池市,キクチシ,Kikuchi-shi,,,,七城町蘇崎,ソザキ,,,,,赤北,アカキタ,,,0,0,0,0,0,0,1,0,1947-04-17,,1,,,,,,,,,,,,,,,,
432105,0044123,3,熊本県,クマモトケン,Kumamoto,,,,菊池市,キクチシ,Kikuchi-shi,,,,七城町蘇崎,ソザキ,,,,,土井の内,ドイノウチ,,,0,0,0,0,0,0,1,0,1947-04-17,,1,,,,,,,,,,,,,,,,
432105,0044124,3,熊本県,クマモトケン,Kumamoto,,,,菊池市,キクチシ,Kikuchi-shi,,,,七城町蘇崎,ソザキ,,,,,岩田,イワタ,,,0,0,0,0,0,0,1,0,1947-04-17,,1,,,,,,,,,,,,,,,,
432105,0044125,3,熊本県,クマモトケン,Kumamoto,,,,菊池市,キクチシ,Kikuchi-shi,,,,七城町蘇崎,ソザキ,,,,,坂本,サカモト,,,0,0,0,0,0,0,1,0,1947-04-17,,1,,,,,,,,,,,,,,,,
432105,0044126,3,熊本県,クマモトケン,Kumamoto,,,,菊池市,キクチシ,Kikuchi-shi,,,,七城町蘇崎,ソザキ,,,,,大久保,オオクボ,,,0,0,0,0,0,0,1,0,1947-04-17,,1,,,,,,,,,,,,,,,,
432105,0044127,3,熊本県,クマモトケン,Kumamoto,,,,菊池市,キクチシ,Kikuchi-shi,,,,七城町蘇崎,ソザキ,,,,,鎌刈,カマカリ,,,0,0,0,0,0,0,1,0,1947-04-17,,1,,,,,,,,,,,,,,,,
432105,0044128,3,熊本県,クマモトケン,Kumamoto,,,,菊池市,キクチシ,Kikuchi-shi,,,,七城町蘇崎,ソザキ,,,,,一本杉,イッポンスギ,,,0,0,0,0,0,0,1,0,1947-04-17,,1,,,,,,,,,,,,,,,,
432105,0044129,3,熊本県,クマモトケン,Kumamoto,,,,菊池市,キクチシ,Kikuchi-shi,,,,七城町蘇崎,ソザキ,,,,,前田,マエダ,,,0,0,0,0,0,0,1,0,1947-04-17,,1,,,,,,,,,,,,,,,,
432105,0044130,3,熊本県,クマモトケン,Kumamoto,,,,菊池市,キクチシ,Kikuchi-shi,,,,七城町蘇崎,ソザキ,,,,,城の本,ジョウノモト,,,0,0,0,0,0,0,1,0,1947-04-17,,1,,,,,,,,,,,,,,,,
432105,0044131,3,熊本県,クマモトケン,Kumamoto,,,,菊池市,キクチシ,Kikuchi-shi,,,,七城町蘇崎,ソザキ,,,,,前畑,マエハタ,,,0,0,0,0,0,0,1,0,1947-04-17,,1,,,,,,,,,,,,,,,,
432105,0044132,3,熊本県,クマモトケン,Kumamoto,,,,菊池市,キクチシ,Kikuchi-shi,,,,七城町蘇崎,ソザキ,,,,,杉の谷,スギノタニ,,,0,0,0,0,0,0,1,0,1947-04-17,,1,,,,,,,,,,,,,,,,
432105,0044133,3,熊本県,クマモトケン,Kumamoto,,,,菊池市,キクチシ,Kikuchi-shi,,,,七城町蘇崎,ソザキ,,,,,高原,タカハラ,,,0,0,0,0,0,0,1,0,1947-04-17,,1,,,,,,,,,,,,,,,,
432105,0044134,3,熊本県,クマモトケン,Kumamoto,,,,菊池市,キクチシ,Kikuchi-shi,,,,七城町蘇崎,ソザキ,,,,,植木山,ウエキヤマ,,,0,0,0,0,0,0,1,0,1947-04-17,,1,,,,,,,,,,,,,,,,
432105,0044135,3,熊本県,クマモトケン,Kumamoto,,,,菊池市,キクチシ,Kikuchi-shi,,,,七城町蘇崎,ソザキ,,,,,藤原,フジワラ,,,0,0,0,0,0,0,1,0,1947-04-17,,1,,,,,,,,,,,,,,,,
432105,0044136,3,熊本県,クマモトケン,Kumamoto,,,,菊池市,キクチシ,Kikuchi-shi,,,,七城町蘇崎,ソザキ,,,,,三町,サンチョウ,,,0,0,0,0,0,0,1,0,1947-04-17,,1,,,,,,,,,,,,,,,,
432105,0044137,3,熊本県,クマモトケン,Kumamoto,,,,菊池市,キクチシ,Kikuchi-shi,,,,七城町蘇崎,ソザキ,,,,,鬼丸,オニマル,,,0,0,0,0,0,0,1,0,1947-04-17,,1,,,,,,,,,,,,,,,,
432105,0044138,3,熊本県,クマモトケン,Kumamoto,,,,菊池市,キクチシ,Kikuchi-shi,,,,七城町蘇崎,ソザキ,,,,,十三部,ジュウサンブ,,,0,0,0,0,0,0,1,0,1947-04-17,,1,,,,,,,,,,,,,,,,
432105,0044139,3,熊本県,クマモトケン,Kumamoto,,,,菊池市,キクチシ,Kikuchi-shi,,,,七城町蘇崎,ソザキ,,,,,峠,トウゲ,,,0,0,0,0,0,0,1,0,1947-04-17,,1,,,,,,,,,,,,,,,,
432105,0044140,3,熊本県,クマモトケン,Kumamoto,,,,菊池市,キクチシ,Kikuchi-shi,,,,七城町蘇崎,ソザキ,,,,,芝生原,シボウバル,,,0,0,0,0,0,0,1,0,1947-04-17,,1,,,,,,,,,,,,,,,,
432105,0044141,3,熊本県,クマモトケン,Kumamoto,,,,菊池市,キクチシ,Kikuchi-shi,,,,七城町蘇崎,ソザキ,,,,,鎧迫,ヨロイザコ,,,0,0,0,0,0,0,1,0,1947-04-17,,1,,,,,,,,,,,,,,,,
432105,0044142,3,熊本県,クマモトケン,Kumamoto,,,,菊池市,キクチシ,Kikuchi-shi,,,,七城町蘇崎,ソザキ,,,,,打越,ウチコシ,,,0,0,0,0,0,0,1,0,1947-04-17,,1,,,,,,,,,,,,,,,,
432105,0045000,1,熊本県,クマモトケン,Kumamoto,,,,菊池市,キクチシ,Kikuchi-shi,,,,七城町高島,シチジョウマチタカジマ,Shichijomachi Takajima,,,,,,,,0,0,0,0,0,0,1,1,1947-04-17,,0,8611355,,*_*_*_MJ028902_*,,,,,,,,,,,,,
432105,0045119,3,熊本県,クマモトケン,Kumamoto,,,,菊池市,キクチシ,Kikuchi-shi,,,,七城町高島,タカジマ,,,,,島の上,シマノウエ,,,0,0,0,0,0,0,1,0,1947-04-17,,1,,,,,,,,,,,,,,,,
432105,0045120,3,熊本県,クマモトケン,Kumamoto,,,,菊池市,キクチシ,Kikuchi-shi,,,,七城町高島,タカジマ,,,,,菰池,コモイケ,,,0,0,0,0,0,0,1,0,1947-04-17,,1,,,,,,,,,,,,,,,,
432105,0045121,3,熊本県,クマモトケン,Kumamoto,,,,菊池市,キクチシ,Kikuchi-shi,,,,七城町高島,タカジマ,,,,,日出来,ヒデキ,,,0,0,0,0,0,0,1,0,1947-04-17,,1,,,,,,,,,,,,,,,,
432105,0045122,3,熊本県,クマモトケン,Kumamoto,,,,菊池市,キクチシ,Kikuchi-shi,,,,七城町高島,タカジマ,,,,,田中田,タナカダ,,,0,0,0,0,0,0,1,0,1947-04-17,,1,,,,,,,,,,,,,,,,
432105,0045123,3,熊本県,クマモトケン,Kumamoto,,,,菊池市,キクチシ,Kikuchi-shi,,,,七城町高島,タカジマ,,,,,源太町,ゲンダマチ,,,0,0,0,0,0,0,1,0,1947-04-17,,1,,,,,,,,,,,,,,,,
432105,0045124,3,熊本県,クマモトケン,Kumamoto,,,,菊池市,キクチシ,Kikuchi-shi,,,,七城町高島,タカジマ,,,,,次郎三,ジロソウ,,,0,0,0,0,0,0,1,0,1947-04-17,,1,,,,,,,,,,,,,,,,
432105,0045125,3,熊本県,クマモトケン,Kumamoto,,,,菊池市,キクチシ,Kikuchi-shi,,,,七城町高島,タカジマ,,,,,水洗,ミズアライ,,,0,0,0,0,0,0,1,0,1947-04-17,,1,,,,,,,,,,,,,,,,
432105,0045126,3,熊本県,クマモトケン,Kumamoto,,,,菊池市,キクチシ,Kikuchi-shi,,,,七城町高島,タカジマ,,,,,島の前,シマノマエ,,,0,0,0,0,0,0,1,0,1947-04-17,,1,,,,,,,,,,,,,,,,
432105,0045127,3,熊本県,クマモトケン,Kumamoto,,,,菊池市,キクチシ,Kikuchi-shi,,,,七城町高島,タカジマ,,,,,大六,ダイロク,,,0,0,0,0,0,0,1,0,1947-04-17,,1,,,,,,,,,,,,,,,,
432105,0045128,3,熊本県,クマモトケン,Kumamoto,,,,菊池市,キクチシ,Kikuchi-shi,,,,七城町高島,タカジマ,,,,,島の後,シマノアト,,,0,0,0,0,0,0,1,0,1947-04-17,,1,,,,,,,,,,,,,,,,
432105,0045129,3,熊本県,クマモトケン,Kumamoto,,,,菊池市,キクチシ,Kikuchi-shi,,,,七城町高島,タカジマ,,,,,権現給,ゴンゲキュウ,,,0,0,0,0,0,0,1,0,1947-04-17,,1,,,,,,,,,,,,,,,,
432105,0045130,3,熊本県,クマモトケン,Kumamoto,,,,菊池市,キクチシ,Kikuchi-shi,,,,七城町高島,タカジマ,,,,,本村,ホンムラ,,,0,0,0,0,0,0,1,0,1947-04-17,,1,,,,,,,,,,,,,,,,
432105,0045131,3,熊本県,クマモトケン,Kumamoto,,,,菊池市,キクチシ,Kikuchi-shi,,,,七城町高島,タカジマ,,,,,尾田,オダ,,,0,0,0,0,0,0,1,0,1947-04-17,,1,,,,,,,,,,,,,,,,
432105,0045132,3,熊本県,クマモトケン,Kumamoto,,,,菊池市,キクチシ,Kikuchi-shi,,,,七城町高島,タカジマ,,,,,空瀬,クウゼ,,,0,0,0,0,0,0,1,0,1947-04-17,,1,,,,,,,,,,,,,,,,
432105,0045133,3,熊本県,クマモトケン,Kumamoto,,,,菊池市,キクチシ,Kikuchi-shi,,,,七城町高島,タカジマ,,,,,米田,ヨネダ,,,0,0,0,0,0,0,1,0,1947-04-17,,1,,,,,,,,,,,,,,,,
432105,0045134,3,熊本県,クマモトケン,Kumamoto,,,,菊池市,キクチシ,Kikuchi-shi,,,,七城町高島,タカジマ,,,,,藪天神,ヤブテンジン,,,0,0,0,0,0,0,1,0,1947-04-17,,1,,,,,,,,,,,,,,,,
432105,0045135,3,熊本県,クマモトケン,Kumamoto,,,,菊池市,キクチシ,Kikuchi-shi,,,,七城町高島,タカジマ,,,,,戸田島,トダノシマ,,,0,0,0,0,0,0,1,0,1947-04-17,,1,,,,,,,,,,,,,,,,
432105,0045136,3,熊本県,クマモトケン,Kumamoto,,,,菊池市,キクチシ,Kikuchi-shi,,,,七城町高島,タカジマ,,,,,田中,タナカ,,,0,0,0,0,0,0,1,0,1947-04-17,,1,,,,,,,,,,,,,,,,
432105,0046000,1,熊本県,クマモトケン,Kumamoto,,,,菊池市,キクチシ,Kikuchi-shi,,,,七城町高田,シチジョウマチタカタ,Shichijomachi Takata,,,,,,,,0,0,0,0,0,0,1,1,1947-04-17,,0,8611357,,*_*_*_MJ028902_*,,,,,,,,,,,,,
432105,0046124,3,熊本県,クマモトケン,Kumamoto,,,,菊池市,キクチシ,Kikuchi-shi,,,,七城町高田,タカダ,,,,,芦原,アシワラ,,,0,0,0,0,0,0,1,0,1947-04-17,,1,,,,,,,,,,,,,,,,
432105,0046125,3,熊本県,クマモトケン,Kumamoto,,,,菊池市,キクチシ,Kikuchi-shi,,,,七城町高田,タカダ,,,,,小柳,コヤナギ,,,0,0,0,0,0,0,1,0,1947-04-17,,1,,,,,,,,,,,,,,,,
432105,0046126,3,熊本県,クマモトケン,Kumamoto,,,,菊池市,キクチシ,Kikuchi-shi,,,,七城町高田,タカダ,,,,,古川,フルカワ,,,0,0,0,0,0,0,1,0,1947-04-17,,1,,,,,,,,,,,,,,,,
432105,0046127,3,熊本県,クマモトケン,Kumamoto,,,,菊池市,キクチシ,Kikuchi-shi,,,,七城町高田,タカダ,,,,,井川尻,イガワジリ,,,0,0,0,0,0,0,1,0,1947-04-17,,1,,,,,,,,,,,,,,,,
432105,0046128,3,熊本県,クマモトケン,Kumamoto,,,,菊池市,キクチシ,Kikuchi-shi,,,,七城町高田,タカダ,,,,,高塘,タカトウ,,,0,0,0,0,0,0,1,0,1947-04-17,,1,,,,,,,,,,,,,,,,
432105,0046129,3,熊本県,クマモトケン,Kumamoto,,,,菊池市,キクチシ,Kikuchi-shi,,,,七城町高田,タカダ,,,,,北田,キタダ,,,0,0,0,0,0,0,1,0,1947-04-17,,1,,,,,,,,,,,,,,,,
432105,0046130,3,熊本県,クマモトケン,Kumamoto,,,,菊池市,キクチシ,Kikuchi-shi,,,,七城町高田,タカダ,,,,,柿の木,カキノキ,,,0,0,0,0,0,0,1,0,1947-04-17,,1,,,,,,,,,,,,,,,,
432105,0046131,3,熊本県,クマモトケン,Kumamoto,,,,菊池市,キクチシ,Kikuchi-shi,,,,七城町高田,タカダ,,,,,台下,ウテナシタ,,,0,0,0,0,0,0,1,0,1947-04-17,,1,,,,,,,,,,,,,,,,
432105,0046132,3,熊本県,クマモトケン,Kumamoto,,,,菊池市,キクチシ,Kikuchi-shi,,,,七城町高田,タカダ,,,,,出口,デグチ,,,0,0,0,0,0,0,1,0,1947-04-17,,1,,,,,,,,,,,,,,,,
432105,0046133,3,熊本県,クマモトケン,Kumamoto,,,,菊池市,キクチシ,Kikuchi-shi,,,,七城町高田,タカダ,,,,,小塚町,コヅカマチ,,,0,0,0,0,0,0,1,0,1947-04-17,,1,,,,,,,,,,,,,,,,
432105,0046134,3,熊本県,クマモトケン,Kumamoto,,,,菊池市,キクチシ,Kikuchi-shi,,,,七城町高田,タカダ,,,,,土穴,ツチアナ,,,0,0,0,0,0,0,1,0,1947-04-17,,1,,,,,,,,,,,,,,,,
432105,0046135,3,熊本県,クマモトケン,Kumamoto,,,,菊池市,キクチシ,Kikuchi-shi,,,,七城町高田,タカダ,,,,,石原町,イシワラマチ,,,0,0,0,0,0,0,1,0,1947-04-17,,1,,,,,,,,,,,,,,,,
432105,0046136,3,熊本県,クマモトケン,Kumamoto,,,,菊池市,キクチシ,Kikuchi-shi,,,,七城町高田,タカダ,,,,,了玄,リョウゲン,,,0,0,0,0,0,0,1,0,1947-04-17,,1,,,,,,,,,,,,,,,,
432105,0046137,3,熊本県,クマモトケン,Kumamoto,,,,菊池市,キクチシ,Kikuchi-shi,,,,七城町高田,タカダ,,,,,大町,オオマチ,,,0,0,0,0,0,0,1,0,1947-04-17,,1,,,,,,,,,,,,,,,,
432105,0046138,3,熊本県,クマモトケン,Kumamoto,,,,菊池市,キクチシ,Kikuchi-shi,,,,七城町高田,タカダ,,,,,宅地,タクチ,,,0,0,0,0,0,0,1,0,1947-04-17,,1,,,,,,,,,,,,,,,,
432105,0046139,3,熊本県,クマモトケン,Kumamoto,,,,菊池市,キクチシ,Kikuchi-shi,,,,七城町高田,タカダ,,,,,西田,ニシダ,,,0,0,0,0,0,0,1,0,1947-04-17,,1,,,,,,,,,,,,,,,,
432105,0046140,3,熊本県,クマモトケン,Kumamoto,,,,菊池市,キクチシ,Kikuchi-shi,,,,七城町高田,タカダ,,,,,横枕,ヨコマクラ,,,0,0,0,0,0,0,1,0,1947-04-17,,1,,,,,,,,,,,,,,,,
432105,0046141,3,熊本県,クマモトケン,Kumamoto,,,,菊池市,キクチシ,Kikuchi-shi,,,,七城町高田,タカダ,,,,,切明,キリアケ,,,0,0,0,0,0,0,1,0,1947-04-17,,1,,,,,,,,,,,,,,,,
432105,0046142,3,熊本県,クマモトケン,Kumamoto,,,,菊池市,キクチシ,Kikuchi-shi,,,,七城町高田,タカダ,,,,,堺原,サカイバル,,,0,0,0,0,0,0,1,0,1947-04-17,,1,,,,,,,,,,,,,,,,
432105,0046143,3,熊本県,クマモトケン,Kumamoto,,,,菊池市,キクチシ,Kikuchi-shi,,,,七城町高田,タカダ,,,,,下河原,シモガワラ,,,0,0,0,0,0,0,1,0,1947-04-17,,1,,,,,,,,,,,,,,,,
432105,0046144,3,熊本県,クマモトケン,Kumamoto,,,,菊池市,キクチシ,Kikuchi-shi,,,,七城町高田,タカダ,,,,,豆田,マメダ,,,0,0,0,0,0,0,1,0,1947-04-17,,1,,,,,,,,,,,,,,,,
432105,0046145,3,熊本県,クマモトケン,Kumamoto,,,,菊池市,キクチシ,Kikuchi-shi,,,,七城町高田,タカダ,,,,,内開,ウチビラキ,,,0,0,0,0,0,0,1,0,1947-04-17,,1,,,,,,,,,,,,,,,,
432105,0046146,3,熊本県,クマモトケン,Kumamoto,,,,菊池市,キクチシ,Kikuchi-shi,,,,七城町高田,タカダ,,,,,石町,イシマチ,,,0,0,0,0,0,0,1,0,1947-04-17,,1,,,,,,,,,,,,,,,,
432105,0047000,1,熊本県,クマモトケン,Kumamoto,,,,菊池市,キクチシ,Kikuchi-shi,,,,七城町流川,シチジョウマチナガレカワ,Shichijomachi Nagarekawa,,,,,,,,0,0,0,0,0,0,1,1,1947-04-17,,0,8611367,,,,,,,,,,,,,,,
432105,0047119,3,熊本県,クマモトケン,Kumamoto,,,,菊池市,キクチシ,Kikuchi-shi,,,,七城町流川,ナガレ,,,,,清水,カワシミズ,,,0,0,0,0,0,0,1,0,1947-04-17,,1,,,,,,,,,,,,,,,,
432105,0047120,3,熊本県,クマモトケン,Kumamoto,,,,菊池市,キクチシ,Kikuchi-shi,,,,七城町流川,ナガレ,,,,,上清水,カワカミシミズ,,,0,0,0,0,0,0,1,0,1947-04-17,,1,,,,,,,,,,,,,,,,
432105,0047121,3,熊本県,クマモトケン,Kumamoto,,,,菊池市,キクチシ,Kikuchi-shi,,,,七城町流川,ナガレ,,,,,棚田,カワタナダ,,,0,0,0,0,0,0,1,0,1947-04-17,,1,,,,,,,,,,,,,,,,
432105,0047122,3,熊本県,クマモトケン,Kumamoto,,,,菊池市,キクチシ,Kikuchi-shi,,,,七城町流川,ナガレ,,,,,京の坪,カワキョウノツボ,,,0,0,0,0,0,0,1,0,1947-04-17,,1,,,,,,,,,,,,,,,,
432105,0047123,3,熊本県,クマモトケン,Kumamoto,,,,菊池市,キクチシ,Kikuchi-shi,,,,七城町流川,ナガレ,,,,,東鶴,カワヒガシヅル,,,0,0,0,0,0,0,1,0,1947-04-17,,1,,,,,,,,,,,,,,,,
432105,0047124,3,熊本県,クマモトケン,Kumamoto,,,,菊池市,キクチシ,Kikuchi-shi,,,,七城町流川,ナガレ,,,,,中鶴,カワナカヅル,,,0,0,0,0,0,0,1,0,1947-04-17,,1,,,,,,,,,,,,,,,,
432105,0047125,3,熊本県,クマモトケン,Kumamoto,,,,菊池市,キクチシ,Kikuchi-shi,,,,七城町流川,ナガレ,,,,,居屋敷,カワイヤシキ,,,0,0,0,0,0,0,1,0,1947-04-17,,1,,,,,,,,,,,,,,,,
432105,0047126,3,熊本県,クマモトケン,Kumamoto,,,,菊池市,キクチシ,Kikuchi-shi,,,,七城町流川,ナガレ,,,,,苗床,カワナエトコ,,,0,0,0,0,0,0,1,0,1947-04-17,,1,,,,,,,,,,,,,,,,
432105,0047127,3,熊本県,クマモトケン,Kumamoto,,,,菊池市,キクチシ,Kikuchi-shi,,,,七城町流川,ナガレ,,,,,西原,カワニシバル,,,0,0,0,0,0,0,1,0,1947-04-17,,1,,,,,,,,,,,,,,,,
432105,0047128,3,熊本県,クマモトケン,Kumamoto,,,,菊池市,キクチシ,Kikuchi-shi,,,,七城町流川,ナガレ,,,,,白禿,カワシラハゲ,,,0,0,0,0,0,0,1,0,1947-04-17,,1,,,,,,,,,,,,,,,,
432105,0047129,3,熊本県,クマモトケン,Kumamoto,,,,菊池市,キクチシ,Kikuchi-shi,,,,七城町流川,ナガレ,,,,,前田,カワマエダ,,,0,0,0,0,0,0,1,0,1947-04-17,,1,,,,,,,,,,,,,,,,
432105,0047130,3,熊本県,クマモトケン,Kumamoto,,,,菊池市,キクチシ,Kikuchi-shi,,,,七城町流川,ナガレ,,,,,野寺,カワノデラ,,,0,0,0,0,0,0,1,0,1947-04-17,,1,,,,,,,,,,,,,,,,
432105,0047131,3,熊本県,クマモトケン,Kumamoto,,,,菊池市,キクチシ,Kikuchi-shi,,,,七城町流川,ナガレ,,,,,耳取,カワミミトリ,,,0,0,0,0,0,0,1,0,1947-04-17,,1,,,,,,,,,,,,,,,,
432105,0047132,3,熊本県,クマモトケン,Kumamoto,,,,菊池市,キクチシ,Kikuchi-shi,,,,七城町流川,ナガレ,,,,,北原,カワキタバル,,,0,0,0,0,0,0,1,0,1947-04-17,,1,,,,,,,,,,,,,,,,
432105,0047133,3,熊本県,クマモトケン,Kumamoto,,,,菊池市,キクチシ,Kikuchi-shi,,,,七城町流川,ナガレ,,,,,中道,カワナカミチ,,,0,0,0,0,0,0,1,0,1947-04-17,,1,,,,,,,,,,,,,,,,
432105,0047134,3,熊本県,クマモトケン,Kumamoto,,,,菊池市,キクチシ,Kikuchi-shi,,,,七城町流川,ナガレ,,,,,上野寺,カワカミノデラ,,,0,0,0,0,0,0,1,0,1947-04-17,,1,,,,,,,,,,,,,,,,
432105,0047135,3,熊本県,クマモトケン,Kumamoto,,,,菊池市,キクチシ,Kikuchi-shi,,,,七城町流川,ナガレ,,,,,寺原,カワテラバル,,,0,0,0,0,0,0,1,0,1947-04-17,,1,,,,,,,,,,,,,,,,
432105,0047136,3,熊本県,クマモトケン,Kumamoto,,,,菊池市,キクチシ,Kikuchi-shi,,,,七城町流川,ナガレ,,,,,冬水,カワフユミズ,,,0,0,0,0,0,0,1,0,1947-04-17,,1,,,,,,,,,,,,,,,,
432105,0048000,1,熊本県,クマモトケン,Kumamoto,,,,菊池市,キクチシ,Kikuchi-shi,,,,七城町橋田,シチジョウマチハシタ,Shichijomachi Hashita,,,,,,,,0,0,0,0,0,0,1,1,1947-04-17,,0,8611346,,,,,,,,,,,,,,,
432105,0048111,3,熊本県,クマモトケン,Kumamoto,,,,菊池市,キクチシ,Kikuchi-shi,,,,七城町橋田,ハシタ,,,,,耳取,ミミトリ,,,0,0,0,0,0,0,1,0,1947-04-17,,1,,,,,,,,,,,,,,,,
432105,0048112,3,熊本県,クマモトケン,Kumamoto,,,,菊池市,キクチシ,Kikuchi-shi,,,,七城町橋田,ハシタ,,,,,水春,ミズハル,,,0,0,0,0,0,0,1,0,1947-04-17,,1,,,,,,,,,,,,,,,,
432105,0048113,3,熊本県,クマモトケン,Kumamoto,,,,菊池市,キクチシ,Kikuchi-shi,,,,七城町橋田,ハシタ,,,,,牟田,ムタ,,,0,0,0,0,0,0,1,0,1947-04-17,,1,,,,,,,,,,,,,,,,
432105,0048114,3,熊本県,クマモトケン,Kumamoto,,,,菊池市,キクチシ,Kikuchi-shi,,,,七城町橋田,ハシタ,,,,,深町,フカマチ,,,0,0,0,0,0,0,1,0,1947-04-17,,1,,,,,,,,,,,,,,,,
432105,0048115,3,熊本県,クマモトケン,Kumamoto,,,,菊池市,キクチシ,Kikuchi-shi,,,,七城町橋田,ハシタ,,,,,寺橋,テラハシ,,,0,0,0,0,0,0,1,0,1947-04-17,,1,,,,,,,,,,,,,,,,
432105,0048116,3,熊本県,クマモトケン,Kumamoto,,,,菊池市,キクチシ,Kikuchi-shi,,,,七城町橋田,ハシタ,,,,,火焼,ヒヤケ,,,0,0,0,0,0,0,1,0,1947-04-17,,1,,,,,,,,,,,,,,,,
432105,0048117,3,熊本県,クマモトケン,Kumamoto,,,,菊池市,キクチシ,Kikuchi-shi,,,,七城町橋田,ハシタ,,,,,前田,マエダ,,,0,0,0,0,0,0,1,0,1947-04-17,,1,,,,,,,,,,,,,,,,
432105,0048118,3,熊本県,クマモトケン,Kumamoto,,,,菊池市,キクチシ,Kikuchi-shi,,,,七城町橋田,ハシタ,,,,,中手町,ナカテマチ,,,0,0,0,0,0,0,1,0,1947-04-17,,1,,,,,,,,,,,,,,,,
432105,0048119,3,熊本県,クマモトケン,Kumamoto,,,,菊池市,キクチシ,Kikuchi-shi,,,,七城町橋田,ハシタ,,,,,屋敷,ヤシキ,,,0,0,0,0,0,0,1,0,1947-04-17,,1,,,,,,,,,,,,,,,,
432105,0048120,3,熊本県,クマモトケン,Kumamoto,,,,菊池市,キクチシ,Kikuchi-shi,,,,七城町橋田,ハシタ,,,,,盗人瀬,ヌスドンセ,,,0,0,0,0,0,0,1,0,1947-04-17,,1,,,,,,,,,,,,,,,,
432105,0049000,1,熊本県,クマモトケン,Kumamoto,,,,菊池市,キクチシ,Kikuchi-shi,,,,七城町林原,シチジョウマチハヤシバル,Shichijomachi Hayashibaru,,,,,,,,0,0,0,0,0,0,1,1,1947-04-17,,0,8611343,,,,,,,,,,,,,,,
432105,0049110,3,熊本県,クマモトケン,Kumamoto,,,,菊池市,キクチシ,Kikuchi-shi,,,,七城町林原,ハヤシバル,,,,,川原,カワハラ,,,0,0,0,0,0,0,1,0,1947-04-17,,1,,,,,,,,,,,,,,,,
432105,0049111,3,熊本県,クマモトケン,Kumamoto,,,,菊池市,キクチシ,Kikuchi-shi,,,,七城町林原,ハヤシバル,,,,,五反田,ゴタンダ,,,0,0,0,0,0,0,1,0,1947-04-17,,1,,,,,,,,,,,,,,,,
432105,0049112,3,熊本県,クマモトケン,Kumamoto,,,,菊池市,キクチシ,Kikuchi-shi,,,,七城町林原,ハヤシバル,,,,,井手平,イデヒラ,,,0,0,0,0,0,0,1,0,1947-04-17,,1,,,,,,,,,,,,,,,,
432105,0049113,3,熊本県,クマモトケン,Kumamoto,,,,菊池市,キクチシ,Kikuchi-shi,,,,七城町林原,ハヤシバル,,,,,村上,ムラノウエ,,,0,0,0,0,0,0,1,0,1947-04-17,,1,,,,,,,,,,,,,,,,
432105,0049114,3,熊本県,クマモトケン,Kumamoto,,,,菊池市,キクチシ,Kikuchi-shi,,,,七城町林原,ハヤシバル,,,,,大久保,オオクボ,,,0,0,0,0,0,0,1,0,1947-04-17,,1,,,,,,,,,,,,,,,,
432105,0049115,3,熊本県,クマモトケン,Kumamoto,,,,菊池市,キクチシ,Kikuchi-shi,,,,七城町林原,ハヤシバル,,,,,向平,ムコウビラ,,,0,0,0,0,0,0,1,0,1947-04-17,,1,,,,,,,,,,,,,,,,
432105,0049116,3,熊本県,クマモトケン,Kumamoto,,,,菊池市,キクチシ,Kikuchi-shi,,,,七城町林原,ハヤシバル,,,,,前田,マエダ,,,0,0,0,0,0,0,1,0,1947-04-17,,1,,,,,,,,,,,,,,,,
432105,0049117,3,熊本県,クマモトケン,Kumamoto,,,,菊池市,キクチシ,Kikuchi-shi,,,,七城町林原,ハヤシバル,,,,,内原,ウチバル,,,0,0,0,0,0,0,1,0,1947-04-17,,1,,,,,,,,,,,,,,,,
432105,0049118,3,熊本県,クマモトケン,Kumamoto,,,,菊池市,キクチシ,Kikuchi-shi,,,,七城町林原,ハヤシバル,,,,,半手平,ハンデヒラ,,,0,0,0,0,0,0,1,0,1947-04-17,,1,,,,,,,,,,,,,,,,
432105,0050000,1,熊本県,クマモトケン,Kumamoto,,,,菊池市,キクチシ,Kikuchi-shi,,,,七城町辺田,シチジョウマチヘタ,Shichijomachi Heta,,,,,,,,0,0,0,0,0,0,1,1,1947-04-17,,0,8611364,,,,,,,,,,,,,,,
432105,0050116,3,熊本県,クマモトケン,Kumamoto,,,,菊池市,キクチシ,Kikuchi-shi,,,,七城町辺田,ヘタ,,,,,下霍,シモヅル,,,0,0,0,0,0,0,1,0,1947-04-17,,1,,,,,,,,,,,,,,,,
432105,0050117,3,熊本県,クマモトケン,Kumamoto,,,,菊池市,キクチシ,Kikuchi-shi,,,,七城町辺田,ヘタ,,,,,七ツ枝,ナナツエ,,,0,0,0,0,0,0,1,0,1947-04-17,,1,,,,,,,,,,,,,,,,
432105,0050118,3,熊本県,クマモトケン,Kumamoto,,,,菊池市,キクチシ,Kikuchi-shi,,,,七城町辺田,ヘタ,,,,,不毛,フケ,,,0,0,0,0,0,0,1,0,1947-04-17,,1,,,,,,,,,,,,,,,,
432105,0050119,3,熊本県,クマモトケン,Kumamoto,,,,菊池市,キクチシ,Kikuchi-shi,,,,七城町辺田,ヘタ,,,,,中霍,ナカヅル,,,0,0,0,0,0,0,1,0,1947-04-17,,1,,,,,,,,,,,,,,,,
432105,0050120,3,熊本県,クマモトケン,Kumamoto,,,,菊池市,キクチシ,Kikuchi-shi,,,,七城町辺田,ヘタ,,,,,五反田,ゴタンダ,,,0,0,0,0,0,0,1,0,1947-04-17,,1,,,,,,,,,,,,,,,,
432105,0050121,3,熊本県,クマモトケン,Kumamoto,,,,菊池市,キクチシ,Kikuchi-shi,,,,七城町辺田,ヘタ,,,,,四反田,シタンダ,,,0,0,0,0,0,0,1,0,1947-04-17,,1,,,,,,,,,,,,,,,,
432105,0050122,3,熊本県,クマモトケン,Kumamoto,,,,菊池市,キクチシ,Kikuchi-shi,,,,七城町辺田,ヘタ,,,,,五反畑,ゴタンバタ,,,0,0,0,0,0,0,1,0,1947-04-17,,1,,,,,,,,,,,,,,,,
432105,0050123,3,熊本県,クマモトケン,Kumamoto,,,,菊池市,キクチシ,Kikuchi-shi,,,,七城町辺田,ヘタ,,,,,妙町,ミョウマチ,,,0,0,0,0,0,0,1,0,1947-04-17,,1,,,,,,,,,,,,,,,,
432105,0050124,3,熊本県,クマモトケン,Kumamoto,,,,菊池市,キクチシ,Kikuchi-shi,,,,七城町辺田,ヘタ,,,,,居屋敷,イヤシキ,,,0,0,0,0,0,0,1,0,1947-04-17,,1,,,,,,,,,,,,,,,,
432105,0050125,3,熊本県,クマモトケン,Kumamoto,,,,菊池市,キクチシ,Kikuchi-shi,,,,七城町辺田,ヘタ,,,,,西亀田,ニシカメダ,,,0,0,0,0,0,0,1,0,1947-04-17,,1,,,,,,,,,,,,,,,,
432105,0050126,3,熊本県,クマモトケン,Kumamoto,,,,菊池市,キクチシ,Kikuchi-shi,,,,七城町辺田,ヘタ,,,,,上霍,カミヅル,,,0,0,0,0,0,0,1,0,1947-04-17,,1,,,,,,,,,,,,,,,,
432105,0050127,3,熊本県,クマモトケン,Kumamoto,,,,菊池市,キクチシ,Kikuchi-shi,,,,七城町辺田,ヘタ,,,,,亀田,カメダ,,,0,0,0,0,0,0,1,0,1947-04-17,,1,,,,,,,,,,,,,,,,
432105,0050128,3,熊本県,クマモトケン,Kumamoto,,,,菊池市,キクチシ,Kikuchi-shi,,,,七城町辺田,ヘタ,,,,,晩田,バンダ,,,0,0,0,0,0,0,1,0,1947-04-17,,1,,,,,,,,,,,,,,,,
432105,0050129,3,熊本県,クマモトケン,Kumamoto,,,,菊池市,キクチシ,Kikuchi-shi,,,,七城町辺田,ヘタ,,,,,鳥帽子形,エボシガタ,,,0,0,0,0,0,0,1,0,1947-04-17,,1,,,,,,,,,,,,,,,,
432105,0051000,1,熊本県,クマモトケン,Kumamoto,,,,菊池市,キクチシ,Kikuchi-shi,,,,七城町水次,シチジョウマチミツギ,Shichijomachi Mitsugi,,,,,,,,0,0,0,0,0,0,1,1,1947-04-17,,0,8611361,,,,,,,,,,,,,,,
432105,0051128,3,熊本県,クマモトケン,Kumamoto,,,,菊池市,キクチシ,Kikuchi-shi,,,,七城町水次,ミツギ,,,,,西ノ平,ニシノヒラ,,,0,0,0,0,0,0,1,0,1947-04-17,,1,,,,,,,,,,,,,,,,
432105,0051129,3,熊本県,クマモトケン,Kumamoto,,,,菊池市,キクチシ,Kikuchi-shi,,,,七城町水次,ミツギ,,,,,隠レ,カクレ,,,0,0,0,0,0,0,1,0,1947-04-17,,1,,,,,,,,,,,,,,,,
432105,0051130,3,熊本県,クマモトケン,Kumamoto,,,,菊池市,キクチシ,Kikuchi-shi,,,,七城町水次,ミツギ,,,,,迫ノ平,サコノヒラ,,,0,0,0,0,0,0,1,0,1947-04-17,,1,,,,,,,,,,,,,,,,
432105,0051131,3,熊本県,クマモトケン,Kumamoto,,,,菊池市,キクチシ,Kikuchi-shi,,,,七城町水次,ミツギ,,,,,竹ノ下,タケノシタ,,,0,0,0,0,0,0,1,0,1947-04-17,,1,,,,,,,,,,,,,,,,
432105,0051132,3,熊本県,クマモトケン,Kumamoto,,,,菊池市,キクチシ,Kikuchi-shi,,,,七城町水次,ミツギ,,,,,葉山,ハヤマ,,,0,0,0,0,0,0,1,0,1947-04-17,,1,,,,,,,,,,,,,,,,
432105,0051133,3,熊本県,クマモトケン,Kumamoto,,,,菊池市,キクチシ,Kikuchi-shi,,,,七城町水次,ミツギ,,,,,前田,マエダ,,,0,0,0,0,0,0,1,0,1947-04-17,,1,,,,,,,,,,,,,,,,
432105,0051134,3,熊本県,クマモトケン,Kumamoto,,,,菊池市,キクチシ,Kikuchi-shi,,,,七城町水次,ミツギ,,,,,久保ノ下,クボノシタ,,,0,0,0,0,0,0,1,0,1947-04-17,,1,,,,,,,,,,,,,,,,
432105,0051135,3,熊本県,クマモトケン,Kumamoto,,,,菊池市,キクチシ,Kikuchi-shi,,,,七城町水次,ミツギ,,,,,小園口,オゾノグチ,,,0,0,0,0,0,0,1,0,1947-04-17,,1,,,,,,,,,,,,,,,,
432105,0051136,3,熊本県,クマモトケン,Kumamoto,,,,菊池市,キクチシ,Kikuchi-shi,,,,七城町水次,ミツギ,,,,,杉井川,スギイガワ,,,0,0,0,0,0,0,1,0,1947-04-17,,1,,,,,,,,,,,,,,,,
432105,0051137,3,熊本県,クマモトケン,Kumamoto,,,,菊池市,キクチシ,Kikuchi-shi,,,,七城町水次,ミツギ,,,,,西ノ上,ニシノヤマ,,,0,0,0,0,0,0,1,0,1947-04-17,,1,,,,,,,,,,,,,,,,
432105,0051138,3,熊本県,クマモトケン,Kumamoto,,,,菊池市,キクチシ,Kikuchi-shi,,,,七城町水次,ミツギ,,,,,泉水田,センスイダ,,,0,0,0,0,0,0,1,0,1947-04-17,,1,,,,,,,,,,,,,,,,
432105,0051139,3,熊本県,クマモトケン,Kumamoto,,,,菊池市,キクチシ,Kikuchi-shi,,,,七城町水次,ミツギ,,,,,古閑ノ上,コガノウエ,,,0,0,0,0,0,0,1,0,1947-04-17,,1,,,,,,,,,,,,,,,,
432105,0051140,3,熊本県,クマモトケン,Kumamoto,,,,菊池市,キクチシ,Kikuchi-shi,,,,七城町水次,ミツギ,,,,,遊蛇口,ユウジャク,,,0,0,0,0,0,0,1,0,1947-04-17,,1,,,,,,,,,,,,,,,,
432105,0051141,3,熊本県,クマモトケン,Kumamoto,,,,菊池市,キクチシ,Kikuchi-shi,,,,七城町水次,ミツギ,,,,,中道,ナカミチ,,,0,0,0,0,0,0,1,0,1947-04-17,,1,,,,,,,,,,,,,,,,
432105,0051142,3,熊本県,クマモトケン,Kumamoto,,,,菊池市,キクチシ,Kikuchi-shi,,,,七城町水次,ミツギ,,,,,深町,フカマチ,,,0,0,0,0,0,0,1,0,1947-04-17,,1,,,,,,,,,,,,,,,,
432105,0051143,3,熊本県,クマモトケン,Kumamoto,,,,菊池市,キクチシ,Kikuchi-shi,,,,七城町水次,ミツギ,,,,,西ノ前,ニシノマエ,,,0,0,0,0,0,0,1,0,1947-04-17,,1,,,,,,,,,,,,,,,,
432105,0051144,3,熊本県,クマモトケン,Kumamoto,,,,菊池市,キクチシ,Kikuchi-shi,,,,七城町水次,ミツギ,,,,,一本松,イッポンマツ,,,0,0,0,0,0,0,1,0,1947-04-17,,1,,,,,,,,,,,,,,,,
432105,0051145,3,熊本県,クマモトケン,Kumamoto,,,,菊池市,キクチシ,Kikuchi-shi,,,,七城町水次,ミツギ,,,,,中尾刎,ナカオバネ,,,0,0,0,0,0,0,1,0,1947-04-17,,1,,,,,,,,,,,,,,,,
432105,0051146,3,熊本県,クマモトケン,Kumamoto,,,,菊池市,キクチシ,Kikuchi-shi,,,,七城町水次,ミツギ,,,,,縦の,タテノ,,,0,0,0,0,0,0,1,0,1947-04-17,,1,,,,,,,,,,,,,,,,
432105,0051147,3,熊本県,クマモトケン,Kumamoto,,,,菊池市,キクチシ,Kikuchi-shi,,,,七城町水次,ミツギ,,,,,村上,ムラカミ,,,0,0,0,0,0,0,1,0,1947-04-17,,1,,,,,,,,,,,,,,,,
432105,0051148,3,熊本県,クマモトケン,Kumamoto,,,,菊池市,キクチシ,Kikuchi-shi,,,,七城町水次,ミツギ,,,,,下河原,シモカワハル,,,0,0,0,0,0,0,1,0,1947-04-17,,1,,,,,,,,,,,,,,,,
432105,0051149,3,熊本県,クマモトケン,Kumamoto,,,,菊池市,キクチシ,Kikuchi-shi,,,,七城町水次,ミツギ,,,,,西郷谷,サイゴウダニ,,,0,0,0,0,0,0,1,0,1947-04-17,,1,,,,,,,,,,,,,,,,
432105,0051150,3,熊本県,クマモトケン,Kumamoto,,,,菊池市,キクチシ,Kikuchi-shi,,,,七城町水次,ミツギ,,,,,久保ノ上,クボノウエ,,,0,0,0,0,0,0,1,0,1947-04-17,,1,,,,,,,,,,,,,,,,
432105,0051151,3,熊本県,クマモトケン,Kumamoto,,,,菊池市,キクチシ,Kikuchi-shi,,,,七城町水次,ミツギ,,,,,十三部,ジュウサンブ,,,0,0,0,0,0,0,1,0,1947-04-17,,1,,,,,,,,,,,,,,,,
432105,0051152,3,熊本県,クマモトケン,Kumamoto,,,,菊池市,キクチシ,Kikuchi-shi,,,,七城町水次,ミツギ,,,,,向原,ムカエバル,,,0,0,0,0,0,0,1,0,1947-04-17,,1,,,,,,,,,,,,,,,,
432105,0051153,3,熊本県,クマモトケン,Kumamoto,,,,菊池市,キクチシ,Kikuchi-shi,,,,七城町水次,ミツギ,,,,,野中,ノナカ,,,0,0,0,0,0,0,1,0,1947-04-17,,1,,,,,,,,,,,,,,,,
432105,0051154,3,熊本県,クマモトケン,Kumamoto,,,,菊池市,キクチシ,Kikuchi-shi,,,,七城町水次,ミツギ,,,,,屋敷,ヤシキ,,,0,0,0,0,0,0,1,0,1947-04-17,,1,,,,,,,,,,,,,,,,
432105,0052000,1,熊本県,クマモトケン,Kumamoto,,,,菊池市,キクチシ,Kikuchi-shi,,,,七城町山崎,シチジョウマチヤマサキ,Shichijomachi Yamasaki,,,,,,,,0,0,0,0,0,0,1,1,1947-04-17,,0,8611362,,,,,,,,,,,,,,,
432105,0052117,3,熊本県,クマモトケン,Kumamoto,,,,菊池市,キクチシ,Kikuchi-shi,,,,七城町山崎,ヤマサキ,,,,,高塚,タカツカ,,,0,0,0,0,0,0,1,0,1947-04-17,,1,,,,,,,,,,,,,,,,
432105,0052118,3,熊本県,クマモトケン,Kumamoto,,,,菊池市,キクチシ,Kikuchi-shi,,,,七城町山崎,ヤマサキ,,,,,叶塚,カナヅカ,,,0,0,0,0,0,0,1,0,1947-04-17,,1,,,,,,,,,,,,,,,,
432105,0052119,3,熊本県,クマモトケン,Kumamoto,,,,菊池市,キクチシ,Kikuchi-shi,,,,七城町山崎,ヤマサキ,,,,,屋敷,ヤシキ,,,0,0,0,0,0,0,1,0,1947-04-17,,1,,,,,,,,,,,,,,,,
432105,0052120,3,熊本県,クマモトケン,Kumamoto,,,,菊池市,キクチシ,Kikuchi-shi,,,,七城町山崎,ヤマサキ,,,,,上舟塚,カミフナヅカ,,,0,0,0,0,0,0,1,0,1947-04-17,,1,,,,,,,,,,,,,,,,
432105,0052121,3,熊本県,クマモトケン,Kumamoto,,,,菊池市,キクチシ,Kikuchi-shi,,,,七城町山崎,ヤマサキ,,,,,上宇土,カミウド,,,0,0,0,0,0,0,1,0,1947-04-17,,1,,,,,,,,,,,,,,,,
432105,0052122,3,熊本県,クマモトケン,Kumamoto,,,,菊池市,キクチシ,Kikuchi-shi,,,,七城町山崎,ヤマサキ,,,,,東原,ヒガシバル,,,0,0,0,0,0,0,1,0,1947-04-17,,1,,,,,,,,,,,,,,,,
432105,0052123,3,熊本県,クマモトケン,Kumamoto,,,,菊池市,キクチシ,Kikuchi-shi,,,,七城町山崎,ヤマサキ,,,,,中原,ナカハラ,,,0,0,0,0,0,0,1,0,1947-04-17,,1,,,,,,,,,,,,,,,,
432105,0052124,3,熊本県,クマモトケン,Kumamoto,,,,菊池市,キクチシ,Kikuchi-shi,,,,七城町山崎,ヤマサキ,,,,,中道,ナカミチ,,,0,0,0,0,0,0,1,0,1947-04-17,,1,,,,,,,,,,,,,,,,
432105,0052125,3,熊本県,クマモトケン,Kumamoto,,,,菊池市,キクチシ,Kikuchi-shi,,,,七城町山崎,ヤマサキ,,,,,下舟塚,シモフナヅカ,,,0,0,0,0,0,0,1,0,1947-04-17,,1,,,,,,,,,,,,,,,,
432105,0052126,3,熊本県,クマモトケン,Kumamoto,,,,菊池市,キクチシ,Kikuchi-shi,,,,七城町山崎,ヤマサキ,,,,,小園,オゾノ,,,0,0,0,0,0,0,1,0,1947-04-17,,1,,,,,,,,,,,,,,,,
432105,0052127,3,熊本県,クマモトケン,Kumamoto,,,,菊池市,キクチシ,Kikuchi-shi,,,,七城町山崎,ヤマサキ,,,,,迎原,ムカエバル,,,0,0,0,0,0,0,1,0,1947-04-17,,1,,,,,,,,,,,,,,,,
432105,0052128,3,熊本県,クマモトケン,Kumamoto,,,,菊池市,キクチシ,Kikuchi-shi,,,,七城町山崎,ヤマサキ,,,,,村の上,ムラノウエ,,,0,0,0,0,0,0,1,0,1947-04-17,,1,,,,,,,,,,,,,,,,
432105,0052129,3,熊本県,クマモトケン,Kumamoto,,,,菊池市,キクチシ,Kikuchi-shi,,,,七城町山崎,ヤマサキ,,,,,前田,マエダ,,,0,0,0,0,0,0,1,0,1947-04-17,,1,,,,,,,,,,,,,,,,
432105,0052130,3,熊本県,クマモトケン,Kumamoto,,,,菊池市,キクチシ,Kikuchi-shi,,,,七城町山崎,ヤマサキ,,,,,出口,デグチ,,,0,0,0,0,0,0,1,0,1947-04-17,,1,,,,,,,,,,,,,,,,
432105,0052131,3,熊本県,クマモトケン,Kumamoto,,,,菊池市,キクチシ,Kikuchi-shi,,,,七城町山崎,ヤマサキ,,,,,野付,ノツケ,,,0,0,0,0,0,0,1,0,1947-04-17,,1,,,,,,,,,,,,,,,,
432105,0052132,3,熊本県,クマモトケン,Kumamoto,,,,菊池市,キクチシ,Kikuchi-shi,,,,七城町山崎,ヤマサキ,,,,,下宇土,シモウド,,,0,0,0,0,0,0,1,0,1947-04-17,,1,,,,,,,,,,,,,,,,
432105,0053000,1,熊本県,クマモトケン,Kumamoto,,,,菊池市,キクチシ,Kikuchi-shi,,,,四町分,シチョウブン,Shichobun,,,,,,,,0,0,0,0,0,0,1,1,1947-04-17,,0,8611442,,,,,,,,,,,,,,,
432105,0053144,3,熊本県,クマモトケン,Kumamoto,,,,菊池市,キクチシ,Kikuchi-shi,,,,四町分,シチョウブン,,,,,免兎原,メドワラ,,,0,0,0,0,0,0,1,0,1947-04-17,,1,,,,,,,,,,,,,,,,
432105,0053145,3,熊本県,クマモトケン,Kumamoto,,,,菊池市,キクチシ,Kikuchi-shi,,,,四町分,シチョウブン,,,,,桑迫,クワサコ,,,0,0,0,0,0,0,1,0,1947-04-17,,1,,,,,,,,,,,,,,,,
432105,0053146,3,熊本県,クマモトケン,Kumamoto,,,,菊池市,キクチシ,Kikuchi-shi,,,,四町分,シチョウブン,,,,,堀切,ホリキリ,,,0,0,0,0,0,0,1,0,1947-04-17,,1,,,,,,,,,,,,,,,,
432105,0053147,3,熊本県,クマモトケン,Kumamoto,,,,菊池市,キクチシ,Kikuchi-shi,,,,四町分,シチョウブン,,,,,後迫,ウシロザコ,,,0,0,0,0,0,0,1,0,1947-04-17,,1,,,,,,,,,,,,,,,,
432105,0053148,3,熊本県,クマモトケン,Kumamoto,,,,菊池市,キクチシ,Kikuchi-shi,,,,四町分,シチョウブン,,,,,鬼石,オニイシ,,,0,0,0,0,0,0,1,0,1947-04-17,,1,,,,,,,,,,,,,,,,
432105,0053149,3,熊本県,クマモトケン,Kumamoto,,,,菊池市,キクチシ,Kikuchi-shi,,,,四町分,シチョウブン,,,,,土取,ツチトリ,,,0,0,0,0,0,0,1,0,1947-04-17,,1,,,,,,,,,,,,,,,,
432105,0053150,3,熊本県,クマモトケン,Kumamoto,,,,菊池市,キクチシ,Kikuchi-shi,,,,四町分,シチョウブン,,,,,妙見,ミヨウケン,,,0,0,0,0,0,0,1,0,1947-04-17,,1,,,,,,,,,,,,,,,,
432105,0053151,3,熊本県,クマモトケン,Kumamoto,,,,菊池市,キクチシ,Kikuchi-shi,,,,四町分,シチョウブン,,,,,埋藏,ウメグラ,,,0,0,0,0,0,0,1,0,1947-04-17,,1,,,,,,,,,,,,,,,,
432105,0053152,3,熊本県,クマモトケン,Kumamoto,,,,菊池市,キクチシ,Kikuchi-shi,,,,四町分,シチョウブン,,,,,上原,ウエハラ,,,0,0,0,0,0,0,1,0,1947-04-17,,1,,,,,,,,,,,,,,,,
432105,0053153,3,熊本県,クマモトケン,Kumamoto,,,,菊池市,キクチシ,Kikuchi-shi,,,,四町分,シチョウブン,,,,,柿平,カキヒラ,,,0,0,0,0,0,0,1,0,1947-04-17,,1,,,,,,,,,,,,,,,,
432105,0053154,3,熊本県,クマモトケン,Kumamoto,,,,菊池市,キクチシ,Kikuchi-shi,,,,四町分,シチョウブン,,,,,深田,フカダ,,,0,0,0,0,0,0,1,0,1947-04-17,,1,,,,,,,,,,,,,,,,
432105,0053155,3,熊本県,クマモトケン,Kumamoto,,,,菊池市,キクチシ,Kikuchi-shi,,,,四町分,シチョウブン,,,,,高須,タカス,,,0,0,0,0,0,0,1,0,1947-04-17,,1,,,,,,,,,,,,,,,,
432105,0053156,3,熊本県,クマモトケン,Kumamoto,,,,菊池市,キクチシ,Kikuchi-shi,,,,四町分,シチョウブン,,,,,夕尺,ユウジヤク,,,0,0,0,0,0,0,1,0,1947-04-17,,1,,,,,,,,,,,,,,,,
432105,0053157,3,熊本県,クマモトケン,Kumamoto,,,,菊池市,キクチシ,Kikuchi-shi,,,,四町分,シチョウブン,,,,,向野,ムカイノ,,,0,0,0,0,0,0,1,0,1947-04-17,,1,,,,,,,,,,,,,,,,
432105,0053158,3,熊本県,クマモトケン,Kumamoto,,,,菊池市,キクチシ,Kikuchi-shi,,,,四町分,シチョウブン,,,,,幸若,コウジヤク,,,0,0,0,0,0,0,1,0,1947-04-17,,1,,,,,,,,,,,,,,,,
432105,0053159,3,熊本県,クマモトケン,Kumamoto,,,,菊池市,キクチシ,Kikuchi-shi,,,,四町分,シチョウブン,,,,,横枕,ヨコマクラ,,,0,0,0,0,0,0,1,0,1947-04-17,,1,,,,,,,,,,,,,,,,
432105,0053160,3,熊本県,クマモトケン,Kumamoto,,,,菊池市,キクチシ,Kikuchi-shi,,,,四町分,シチョウブン,,,,,大水口,オオミズノクチ,,,0,0,0,0,0,0,1,0,1947-04-17,,1,,,,,,,,,,,,,,,,
432105,0053161,3,熊本県,クマモトケン,Kumamoto,,,,菊池市,キクチシ,Kikuchi-shi,,,,四町分,シチョウブン,,,,,狐平,キツネビラ,,,0,0,0,0,0,0,1,0,1947-04-17,,1,,,,,,,,,,,,,,,,
432105,0053162,3,熊本県,クマモトケン,Kumamoto,,,,菊池市,キクチシ,Kikuchi-shi,,,,四町分,シチョウブン,,,,,打越,ウチコシ,,,0,0,0,0,0,0,1,0,1947-04-17,,1,,,,,,,,,,,,,,,,
432105,0053163,3,熊本県,クマモトケン,Kumamoto,,,,菊池市,キクチシ,Kikuchi-shi,,,,四町分,シチョウブン,,,,,方武,ホウタケ,,,0,0,0,0,0,0,1,0,1947-04-17,,1,,,,,,,,,,,,,,,,
432105,0053164,3,熊本県,クマモトケン,Kumamoto,,,,菊池市,キクチシ,Kikuchi-shi,,,,四町分,シチョウブン,,,,,三巻,ミマキ,,,0,0,0,0,0,0,1,0,1947-04-17,,1,,,,,,,,,,,,,,,,
432105,0053165,3,熊本県,クマモトケン,Kumamoto,,,,菊池市,キクチシ,Kikuchi-shi,,,,四町分,シチョウブン,,,,,銭亀,ゼニガメ,,,0,0,0,0,0,0,1,0,1947-04-17,,1,,,,,,,,,,,,,,,,
432105,0053166,3,熊本県,クマモトケン,Kumamoto,,,,菊池市,キクチシ,Kikuchi-shi,,,,四町分,シチョウブン,,,,,芳ヶ迫,ヨシガサコ,,,0,0,0,0,0,0,1,0,1947-04-17,,1,,,,,,,,,,,,,,,,
432105,0053167,3,熊本県,クマモトケン,Kumamoto,,,,菊池市,キクチシ,Kikuchi-shi,,,,四町分,シチョウブン,,,,,狸穴,タヌキアナ,,,0,0,0,0,0,0,1,0,1947-04-17,,1,,,,,,,,,,,,,,,,
432105,0053168,3,熊本県,クマモトケン,Kumamoto,,,,菊池市,キクチシ,Kikuchi-shi,,,,四町分,シチョウブン,,,,,柳迫,ヤナギサコ,,,0,0,0,0,0,0,1,0,1947-04-17,,1,,,,,,,,,,,,,,,,
432105,0053169,3,熊本県,クマモトケン,Kumamoto,,,,菊池市,キクチシ,Kikuchi-shi,,,,四町分,シチョウブン,,,,,上谷,カミダニ,,,0,0,0,0,0,0,1,0,1947-04-17,,1,,,,,,,,,,,,,,,,
432105,0053170,3,熊本県,クマモトケン,Kumamoto,,,,菊池市,キクチシ,Kikuchi-shi,,,,四町分,シチョウブン,,,,,渕ノ上,フチノウエ,,,0,0,0,0,0,0,1,0,1947-04-17,,1,,,,,,,,,,,,,,,,
432105,0053171,3,熊本県,クマモトケン,Kumamoto,,,,菊池市,キクチシ,Kikuchi-shi,,,,四町分,シチョウブン,,,,,野中,ノナカ,,,0,0,0,0,0,0,1,0,1947-04-17,,1,,,,,,,,,,,,,,,,
432105,0053172,3,熊本県,クマモトケン,Kumamoto,,,,菊池市,キクチシ,Kikuchi-shi,,,,四町分,シチョウブン,,,,,松ノ元,マツノモト,,,0,0,0,0,0,0,1,0,1947-04-17,,1,,,,,,,,,,,,,,,,
432105,0053173,3,熊本県,クマモトケン,Kumamoto,,,,菊池市,キクチシ,Kikuchi-shi,,,,四町分,シチョウブン,,,,,立石,タテイシ,,,0,0,0,0,0,0,1,0,1947-04-17,,1,,,,,,,,,,,,,,,,
432105,0053174,3,熊本県,クマモトケン,Kumamoto,,,,菊池市,キクチシ,Kikuchi-shi,,,,四町分,シチョウブン,,,,,鶴,ツル,,,0,0,0,0,0,0,1,0,1947-04-17,,1,,,,,,,,,,,,,,,,
432105,0053175,3,熊本県,クマモトケン,Kumamoto,,,,菊池市,キクチシ,Kikuchi-shi,,,,四町分,シチョウブン,,,,,木原,キハラ,,,0,0,0,0,0,0,1,0,1947-04-17,,1,,,,,,,,,,,,,,,,
432105,0053176,3,熊本県,クマモトケン,Kumamoto,,,,菊池市,キクチシ,Kikuchi-shi,,,,四町分,シチョウブン,,,,,灰原,ハイバル,,,0,0,0,0,0,0,1,0,1947-04-17,,1,,,,,,,,,,,,,,,,
432105,0053177,3,熊本県,クマモトケン,Kumamoto,,,,菊池市,キクチシ,Kikuchi-shi,,,,四町分,シチョウブン,,,,,笹原,ササハラ,,,0,0,0,0,0,0,1,0,1947-04-17,,1,,,,,,,,,,,,,,,,
432105,0053178,3,熊本県,クマモトケン,Kumamoto,,,,菊池市,キクチシ,Kikuchi-shi,,,,四町分,シチョウブン,,,,,松葉,マツバ,,,0,0,0,0,0,0,1,0,1947-04-17,,1,,,,,,,,,,,,,,,,
432105,0053179,3,熊本県,クマモトケン,Kumamoto,,,,菊池市,キクチシ,Kikuchi-shi,,,,四町分,シチョウブン,,,,,黄金塚,コガネヅカ,,,0,0,0,0,0,0,1,0,1947-04-17,,1,,,,,,,,,,,,,,,,
432105,0053180,3,熊本県,クマモトケン,Kumamoto,,,,菊池市,キクチシ,Kikuchi-shi,,,,四町分,シチョウブン,,,,,蛇原,ヘビハラ,,,0,0,0,0,0,0,1,0,1947-04-17,,1,,,,,,,,,,,,,,,,
432105,0053181,3,熊本県,クマモトケン,Kumamoto,,,,菊池市,キクチシ,Kikuchi-shi,,,,四町分,シチョウブン,,,,,長田,ナガタ,,,0,0,0,0,0,0,1,0,1947-04-17,,1,,,,,,,,,,,,,,,,
432105,0053182,3,熊本県,クマモトケン,Kumamoto,,,,菊池市,キクチシ,Kikuchi-shi,,,,四町分,シチョウブン,,,,,丸山,マルヤマ,,,0,0,0,0,0,0,1,0,1947-04-17,,1,,,,,,,,,,,,,,,,
432105,0053183,3,熊本県,クマモトケン,Kumamoto,,,,菊池市,キクチシ,Kikuchi-shi,,,,四町分,シチョウブン,,,,,銅管,ドウカン,,,0,0,0,0,0,0,1,0,1947-04-17,,1,,,,,,,,,,,,,,,,
432105,0053184,3,熊本県,クマモトケン,Kumamoto,,,,菊池市,キクチシ,Kikuchi-shi,,,,四町分,シチョウブン,,,,,芦迫,アシサコ,,,0,0,0,0,0,0,1,0,1947-04-17,,1,,,,,,,,,,,,,,,,
432105,0053185,3,熊本県,クマモトケン,Kumamoto,,,,菊池市,キクチシ,Kikuchi-shi,,,,四町分,シチョウブン,,,,,篠倉,シノクラ,,,0,0,0,0,0,0,1,0,1947-04-17,,1,,,,,,,,,,,,,,,,
432105,0053186,3,熊本県,クマモトケン,Kumamoto,,,,菊池市,キクチシ,Kikuchi-shi,,,,四町分,シチョウブン,,,,,若木,ワカキ,,,0,0,0,0,0,0,1,0,1947-04-17,,1,,,,,,,,,,,,,,,,
432105,0054000,1,熊本県,クマモトケン,Kumamoto,,,,菊池市,キクチシ,Kikuchi-shi,,,,下河原,シモカワハル,Shimokawaharu,,,,,,,,0,0,0,0,0,0,1,1,1947-04-17,,0,8611302,,,,,,,,,,,,,,,
432105,0054203,3,熊本県,クマモトケン,Kumamoto,,,,菊池市,キクチシ,Kikuchi-shi,,,,下河原,シモカワハル,,,,,山地,ヤマジ,,,0,0,0,0,0,0,1,0,1947-04-17,,1,,,,,,,,,,,,,,,,
432105,0054204,3,熊本県,クマモトケン,Kumamoto,,,,菊池市,キクチシ,Kikuchi-shi,,,,下河原,シモカワハル,,,,,横平,ヨコヒラ,,,0,0,0,0,0,0,1,0,1947-04-17,,1,,,,,,,,,,,,,,,,
432105,0054205,3,熊本県,クマモトケン,Kumamoto,,,,菊池市,キクチシ,Kikuchi-shi,,,,下河原,シモカワハル,,,,,天神平,テンジンヒラ,,,0,0,0,0,0,0,1,0,1947-04-17,,1,,,,,,,,,,,,,,,,
432105,0054206,3,熊本県,クマモトケン,Kumamoto,,,,菊池市,キクチシ,Kikuchi-shi,,,,下河原,シモカワハル,,,,,南鶴,ミナミヅル,,,0,0,0,0,0,0,1,0,1947-04-17,,1,,,,,,,,,,,,,,,,
432105,0054207,3,熊本県,クマモトケン,Kumamoto,,,,菊池市,キクチシ,Kikuchi-shi,,,,下河原,シモカワハル,,,,,山田,ヤマダ,,,0,0,0,0,0,0,1,0,1947-04-17,,1,,,,,,,,,,,,,,,,
432105,0054208,3,熊本県,クマモトケン,Kumamoto,,,,菊池市,キクチシ,Kikuchi-shi,,,,下河原,シモカワハル,,,,,鶴田,ツルタ,,,0,0,0,0,0,0,1,0,1947-04-17,,1,,,,,,,,,,,,,,,,
432105,0054209,3,熊本県,クマモトケン,Kumamoto,,,,菊池市,キクチシ,Kikuchi-shi,,,,下河原,シモカワハル,,,,,下池迫,シモイケサコ,,,0,0,0,0,0,0,1,0,1947-04-17,,1,,,,,,,,,,,,,,,,
432105,0054210,3,熊本県,クマモトケン,Kumamoto,,,,菊池市,キクチシ,Kikuchi-shi,,,,下河原,シモカワハル,,,,,松島,マツシマ,,,0,0,0,0,0,0,1,0,1947-04-17,,1,,,,,,,,,,,,,,,,
432105,0054211,3,熊本県,クマモトケン,Kumamoto,,,,菊池市,キクチシ,Kikuchi-shi,,,,下河原,シモカワハル,,,,,西鶴,ニシヅル,,,0,0,0,0,0,0,1,0,1947-04-17,,1,,,,,,,,,,,,,,,,
432105,0054212,3,熊本県,クマモトケン,Kumamoto,,,,菊池市,キクチシ,Kikuchi-shi,,,,下河原,シモカワハル,,,,,青井原,アオイバル,,,0,0,0,0,0,0,1,0,1947-04-17,,1,,,,,,,,,,,,,,,,
432105,0054213,3,熊本県,クマモトケン,Kumamoto,,,,菊池市,キクチシ,Kikuchi-shi,,,,下河原,シモカワハル,,,,,北,キタ,,,0,0,0,0,0,0,1,0,1947-04-17,,1,,,,,,,,,,,,,,,,
432105,0054214,3,熊本県,クマモトケン,Kumamoto,,,,菊池市,キクチシ,Kikuchi-shi,,,,下河原,シモカワハル,,,,,嫁無,ヨメナシ,,,0,0,0,0,0,0,1,0,1947-04-17,,1,,,,,,,,,,,,,,,,
432105,0054215,3,熊本県,クマモトケン,Kumamoto,,,,菊池市,キクチシ,Kikuchi-shi,,,,下河原,シモカワハル,,,,,下乙丸,シモオトマル,,,0,0,0,0,0,0,1,0,1947-04-17,,1,,,,,,,,,,,,,,,,
432105,0054216,3,熊本県,クマモトケン,Kumamoto,,,,菊池市,キクチシ,Kikuchi-shi,,,,下河原,シモカワハル,,,,,山中,ヤマナカ,,,0,0,0,0,0,0,1,0,1947-04-17,,1,,,,,,,,,,,,,,,,
432105,0054217,3,熊本県,クマモトケン,Kumamoto,,,,菊池市,キクチシ,Kikuchi-shi,,,,下河原,シモカワハル,,,,,田ノ平,タノヒラ,,,0,0,0,0,0,0,1,0,1947-04-17,,1,,,,,,,,,,,,,,,,
432105,0054218,3,熊本県,クマモトケン,Kumamoto,,,,菊池市,キクチシ,Kikuchi-shi,,,,下河原,シモカワハル,,,,,東鶴,ヒガシヅル,,,0,0,0,0,0,0,1,0,1947-04-17,,1,,,,,,,,,,,,,,,,
432105,0054219,3,熊本県,クマモトケン,Kumamoto,,,,菊池市,キクチシ,Kikuchi-shi,,,,下河原,シモカワハル,,,,,菅原,スガワラ,,,0,0,0,0,0,0,1,0,1947-04-17,,1,,,,,,,,,,,,,,,,
432105,0054220,3,熊本県,クマモトケン,Kumamoto,,,,菊池市,キクチシ,Kikuchi-shi,,,,下河原,シモカワハル,,,,,一本松,イツポンマツ,,,0,0,0,0,0,0,1,0,1947-04-17,,1,,,,,,,,,,,,,,,,
432105,0054221,3,熊本県,クマモトケン,Kumamoto,,,,菊池市,キクチシ,Kikuchi-shi,,,,下河原,シモカワハル,,,,,城山,シロヤマ,,,0,0,0,0,0,0,1,0,1947-04-17,,1,,,,,,,,,,,,,,,,
432105,0054222,3,熊本県,クマモトケン,Kumamoto,,,,菊池市,キクチシ,Kikuchi-shi,,,,下河原,シモカワハル,,,,,宮山,ミヤヤマ,,,0,0,0,0,0,0,1,0,1947-04-17,,1,,,,,,,,,,,,,,,,
432105,0054223,3,熊本県,クマモトケン,Kumamoto,,,,菊池市,キクチシ,Kikuchi-shi,,,,下河原,シモカワハル,,,,,南,ミナミ,,,0,0,0,0,0,0,1,0,1947-04-17,,1,,,,,,,,,,,,,,,,
432105,0054224,3,熊本県,クマモトケン,Kumamoto,,,,菊池市,キクチシ,Kikuchi-shi,,,,下河原,シモカワハル,,,,,三拾帰,サンジユウガエリ,,,0,0,0,0,0,0,1,0,1947-04-17,,1,,,,,,,,,,,,,,,,
432105,0054225,3,熊本県,クマモトケン,Kumamoto,,,,菊池市,キクチシ,Kikuchi-shi,,,,下河原,シモカワハル,,,,,鍬ノ迫,クワノサコ,,,0,0,0,0,0,0,1,0,1947-04-17,,1,,,,,,,,,,,,,,,,
432105,0054226,3,熊本県,クマモトケン,Kumamoto,,,,菊池市,キクチシ,Kikuchi-shi,,,,下河原,シモカワハル,,,,,栃ヶ迫,トチガサコ,,,0,0,0,0,0,0,1,0,1947-04-17,,1,,,,,,,,,,,,,,,,
432105,0054227,3,熊本県,クマモトケン,Kumamoto,,,,菊池市,キクチシ,Kikuchi-shi,,,,下河原,シモカワハル,,,,,桃木平,モモノキビラ,,,0,0,0,0,0,0,1,0,1947-04-17,,1,,,,,,,,,,,,,,,,
432105,0054228,3,熊本県,クマモトケン,Kumamoto,,,,菊池市,キクチシ,Kikuchi-shi,,,,下河原,シモカワハル,,,,,来身迫,クルミザコ,,,0,0,0,0,0,0,1,0,1947-04-17,,1,,,,,,,,,,,,,,,,
432105,0054229,3,熊本県,クマモトケン,Kumamoto,,,,菊池市,キクチシ,Kikuchi-shi,,,,下河原,シモカワハル,,,,,上原,ウエハラ,,,0,0,0,0,0,0,1,0,1947-04-17,,1,,,,,,,,,,,,,,,,
432105,0054230,3,熊本県,クマモトケン,Kumamoto,,,,菊池市,キクチシ,Kikuchi-shi,,,,下河原,シモカワハル,,,,,中園鶴,ナカゾノヅル,,,0,0,0,0,0,0,1,0,1947-04-17,,1,,,,,,,,,,,,,,,,
432105,0054231,3,熊本県,クマモトケン,Kumamoto,,,,菊池市,キクチシ,Kikuchi-shi,,,,下河原,シモカワハル,,,,,深目,フカメ,,,0,0,0,0,0,0,1,0,1947-04-17,,1,,,,,,,,,,,,,,,,
432105,0054232,3,熊本県,クマモトケン,Kumamoto,,,,菊池市,キクチシ,Kikuchi-shi,,,,下河原,シモカワハル,,,,,撰鶴,エリヅル,,,0,0,0,0,0,0,1,0,1947-04-17,,1,,,,,,,,,,,,,,,,
432105,0054233,3,熊本県,クマモトケン,Kumamoto,,,,菊池市,キクチシ,Kikuchi-shi,,,,下河原,シモカワハル,,,,,土俵塚,ドヒヨウヅカ,,,0,0,0,0,0,0,1,0,1947-04-17,,1,,,,,,,,,,,,,,,,
432105,0054234,3,熊本県,クマモトケン,Kumamoto,,,,菊池市,キクチシ,Kikuchi-shi,,,,下河原,シモカワハル,,,,,中森北,ナカモリキタ,,,0,0,0,0,0,0,1,0,1947-04-17,,1,,,,,,,,,,,,,,,,
432105,0054235,3,熊本県,クマモトケン,Kumamoto,,,,菊池市,キクチシ,Kikuchi-shi,,,,下河原,シモカワハル,,,,,椋木迫,ムクノキザコ,,,0,0,0,0,0,0,1,0,1947-04-17,,1,,,,,,,,,,,,,,,,
432105,0054236,3,熊本県,クマモトケン,Kumamoto,,,,菊池市,キクチシ,Kikuchi-shi,,,,下河原,シモカワハル,,,,,密柑谷,ミカンダニ,,,0,0,0,0,0,0,1,0,1947-04-17,,1,,,,,,,,,,,,,,,,
432105,0054237,3,熊本県,クマモトケン,Kumamoto,,,,菊池市,キクチシ,Kikuchi-shi,,,,下河原,シモカワハル,,,,,梶迫,カジサコ,,,0,0,0,0,0,0,1,0,1947-04-17,,1,,,,,,,,,,,,,,,,
432105,0054238,3,熊本県,クマモトケン,Kumamoto,,,,菊池市,キクチシ,Kikuchi-shi,,,,下河原,シモカワハル,,,,,山ノ上,ヤマノウエ,,,0,0,0,0,0,0,1,0,1947-04-17,,1,,,,,,,,,,,,,,,,
432105,0054239,3,熊本県,クマモトケン,Kumamoto,,,,菊池市,キクチシ,Kikuchi-shi,,,,下河原,シモカワハル,,,,,柿木平,カキノキビラ,,,0,0,0,0,0,0,1,0,1947-04-17,,1,,,,,,,,,,,,,,,,
432105,0054240,3,熊本県,クマモトケン,Kumamoto,,,,菊池市,キクチシ,Kikuchi-shi,,,,下河原,シモカワハル,,,,,上青井原,カミアオイバル,,,0,0,0,0,0,0,1,0,1947-04-17,,1,,,,,,,,,,,,,,,,
432105,0054241,3,熊本県,クマモトケン,Kumamoto,,,,菊池市,キクチシ,Kikuchi-shi,,,,下河原,シモカワハル,,,,,桜ケ谷,サクラガタニ,,,0,0,0,0,0,0,1,0,1947-04-17,,1,,,,,,,,,,,,,,,,
432105,0054242,3,熊本県,クマモトケン,Kumamoto,,,,菊池市,キクチシ,Kikuchi-shi,,,,下河原,シモカワハル,,,,,女石,メイシ,,,0,0,0,0,0,0,1,0,1947-04-17,,1,,,,,,,,,,,,,,,,
432105,0054243,3,熊本県,クマモトケン,Kumamoto,,,,菊池市,キクチシ,Kikuchi-shi,,,,下河原,シモカワハル,,,,,小迫,コザコ,,,0,0,0,0,0,0,1,0,1947-04-17,,1,,,,,,,,,,,,,,,,
432105,0054244,3,熊本県,クマモトケン,Kumamoto,,,,菊池市,キクチシ,Kikuchi-shi,,,,下河原,シモカワハル,,,,,杉迫,スギサコ,,,0,0,0,0,0,0,1,0,1947-04-17,,1,,,,,,,,,,,,,,,,
432105,0054245,3,熊本県,クマモトケン,Kumamoto,,,,菊池市,キクチシ,Kikuchi-shi,,,,下河原,シモカワハル,,,,,下大迫,シモオオサコ,,,0,0,0,0,0,0,1,0,1947-04-17,,1,,,,,,,,,,,,,,,,
432105,0054246,3,熊本県,クマモトケン,Kumamoto,,,,菊池市,キクチシ,Kikuchi-shi,,,,下河原,シモカワハル,,,,,車石,クルマイシ,,,0,0,0,0,0,0,1,0,1947-04-17,,1,,,,,,,,,,,,,,,,
432105,0054247,3,熊本県,クマモトケン,Kumamoto,,,,菊池市,キクチシ,Kikuchi-shi,,,,下河原,シモカワハル,,,,,上谷,カミタニ,,,0,0,0,0,0,0,1,0,1947-04-17,,1,,,,,,,,,,,,,,,,
432105,0054248,3,熊本県,クマモトケン,Kumamoto,,,,菊池市,キクチシ,Kikuchi-shi,,,,下河原,シモカワハル,,,,,池ノ上,イケノウエ,,,0,0,0,0,0,0,1,0,1947-04-17,,1,,,,,,,,,,,,,,,,
432105,0054249,3,熊本県,クマモトケン,Kumamoto,,,,菊池市,キクチシ,Kikuchi-shi,,,,下河原,シモカワハル,,,,,上ケ塔,カミガトウ,,,0,0,0,0,0,0,1,0,1947-04-17,,1,,,,,,,,,,,,,,,,
432105,0054250,3,熊本県,クマモトケン,Kumamoto,,,,菊池市,キクチシ,Kikuchi-shi,,,,下河原,シモカワハル,,,,,市道,イチミチ,,,0,0,0,0,0,0,1,0,1947-04-17,,1,,,,,,,,,,,,,,,,
432105,0054251,3,熊本県,クマモトケン,Kumamoto,,,,菊池市,キクチシ,Kikuchi-shi,,,,下河原,シモカワハル,,,,,名持,ナモチ,,,0,0,0,0,0,0,1,0,1947-04-17,,1,,,,,,,,,,,,,,,,
432105,0054252,3,熊本県,クマモトケン,Kumamoto,,,,菊池市,キクチシ,Kikuchi-shi,,,,下河原,シモカワハル,,,,,仁連原,ニレバル,,,0,0,0,0,0,0,1,0,1947-04-17,,1,,,,,,,,,,,,,,,,
432105,0054253,3,熊本県,クマモトケン,Kumamoto,,,,菊池市,キクチシ,Kikuchi-shi,,,,下河原,シモカワハル,,,,,迫ノ山,サコノヤマ,,,0,0,0,0,0,0,1,0,1947-04-17,,1,,,,,,,,,,,,,,,,
432105,0054254,3,熊本県,クマモトケン,Kumamoto,,,,菊池市,キクチシ,Kikuchi-shi,,,,下河原,シモカワハル,,,,,下黒岩,シモクロイワ,,,0,0,0,0,0,0,1,0,1947-04-17,,1,,,,,,,,,,,,,,,,
432105,0054255,3,熊本県,クマモトケン,Kumamoto,,,,菊池市,キクチシ,Kikuchi-shi,,,,下河原,シモカワハル,,,,,神前鶴,カミマエヅル,,,0,0,0,0,0,0,1,0,1947-04-17,,1,,,,,,,,,,,,,,,,
432105,0054256,3,熊本県,クマモトケン,Kumamoto,,,,菊池市,キクチシ,Kikuchi-shi,,,,下河原,シモカワハル,,,,,上鶴,カミヅル,,,0,0,0,0,0,0,1,0,1947-04-17,,1,,,,,,,,,,,,,,,,
432105,0054257,3,熊本県,クマモトケン,Kumamoto,,,,菊池市,キクチシ,Kikuchi-shi,,,,下河原,シモカワハル,,,,,高塚,タカヅカ,,,0,0,0,0,0,0,1,0,1947-04-17,,1,,,,,,,,,,,,,,,,
432105,0054258,3,熊本県,クマモトケン,Kumamoto,,,,菊池市,キクチシ,Kikuchi-shi,,,,下河原,シモカワハル,,,,,庄出,シヨウデ,,,0,0,0,0,0,0,1,0,1947-04-17,,1,,,,,,,,,,,,,,,,
432105,0054259,3,熊本県,クマモトケン,Kumamoto,,,,菊池市,キクチシ,Kikuchi-shi,,,,下河原,シモカワハル,,,,,九谷,クタニ,,,0,0,0,0,0,0,1,0,1947-04-17,,1,,,,,,,,,,,,,,,,
432105,0054260,3,熊本県,クマモトケン,Kumamoto,,,,菊池市,キクチシ,Kikuchi-shi,,,,下河原,シモカワハル,,,,,鍋田,ナベタ,,,0,0,0,0,0,0,1,0,1947-04-17,,1,,,,,,,,,,,,,,,,
432105,0054261,3,熊本県,クマモトケン,Kumamoto,,,,菊池市,キクチシ,Kikuchi-shi,,,,下河原,シモカワハル,,,,,木原,キハラ,,,0,0,0,0,0,0,1,0,1947-04-17,,1,,,,,,,,,,,,,,,,
432105,0054262,3,熊本県,クマモトケン,Kumamoto,,,,菊池市,キクチシ,Kikuchi-shi,,,,下河原,シモカワハル,,,,,下森北,シモモリキタ,,,0,0,0,0,0,0,1,0,1947-04-17,,1,,,,,,,,,,,,,,,,
432105,0054263,3,熊本県,クマモトケン,Kumamoto,,,,菊池市,キクチシ,Kikuchi-shi,,,,下河原,シモカワハル,,,,,笹熊,ササグマ,,,0,0,0,0,0,0,1,0,1947-04-17,,1,,,,,,,,,,,,,,,,
432105,0054264,3,熊本県,クマモトケン,Kumamoto,,,,菊池市,キクチシ,Kikuchi-shi,,,,下河原,シモカワハル,,,,,宮尾,ミヤオ,,,0,0,0,0,0,0,1,0,1947-04-17,,1,,,,,,,,,,,,,,,,
432105,0054265,3,熊本県,クマモトケン,Kumamoto,,,,菊池市,キクチシ,Kikuchi-shi,,,,下河原,シモカワハル,,,,,日向,ヒムキ,,,0,0,0,0,0,0,1,0,1947-04-17,,1,,,,,,,,,,,,,,,,
432105,0054266,3,熊本県,クマモトケン,Kumamoto,,,,菊池市,キクチシ,Kikuchi-shi,,,,下河原,シモカワハル,,,,,土井ノ内,ドイノウチ,,,0,0,0,0,0,0,1,0,1947-04-17,,1,,,,,,,,,,,,,,,,
432105,0054267,3,熊本県,クマモトケン,Kumamoto,,,,菊池市,キクチシ,Kikuchi-shi,,,,下河原,シモカワハル,,,,,下深目,シモフカメ,,,0,0,0,0,0,0,1,0,1947-04-17,,1,,,,,,,,,,,,,,,,
432105,0054268,3,熊本県,クマモトケン,Kumamoto,,,,菊池市,キクチシ,Kikuchi-shi,,,,下河原,シモカワハル,,,,,駄久保,ダクボ,,,0,0,0,0,0,0,1,0,1947-04-17,,1,,,,,,,,,,,,,,,,
432105,0054269,3,熊本県,クマモトケン,Kumamoto,,,,菊池市,キクチシ,Kikuchi-shi,,,,下河原,シモカワハル,,,,,乙丸,オトマル,,,0,0,0,0,0,0,1,0,1947-04-17,,1,,,,,,,,,,,,,,,,
432105,0054270,3,熊本県,クマモトケン,Kumamoto,,,,菊池市,キクチシ,Kikuchi-shi,,,,下河原,シモカワハル,,,,,大極,タイキヨク,,,0,0,0,0,0,0,1,0,1947-04-17,,1,,,,,,,,,,,,,,,,
432105,0054271,3,熊本県,クマモトケン,Kumamoto,,,,菊池市,キクチシ,Kikuchi-shi,,,,下河原,シモカワハル,,,,,岩ノ平,イワノヒラ,,,0,0,0,0,0,0,1,0,1947-04-17,,1,,,,,,,,,,,,,,,,
432105,0054272,3,熊本県,クマモトケン,Kumamoto,,,,菊池市,キクチシ,Kikuchi-shi,,,,下河原,シモカワハル,,,,,向神前,ムカイカンマエ,,,0,0,0,0,0,0,1,0,1947-04-17,,1,,,,,,,,,,,,,,,,
432105,0054273,3,熊本県,クマモトケン,Kumamoto,,,,菊池市,キクチシ,Kikuchi-shi,,,,下河原,シモカワハル,,,,,折立,オリタテ,,,0,0,0,0,0,0,1,0,1947-04-17,,1,,,,,,,,,,,,,,,,
432105,0054274,3,熊本県,クマモトケン,Kumamoto,,,,菊池市,キクチシ,Kikuchi-shi,,,,下河原,シモカワハル,,,,,西市之迫,ニシイチノサコ,,,0,0,0,0,0,0,1,0,1947-04-17,,1,,,,,,,,,,,,,,,,
432105,0054275,3,熊本県,クマモトケン,Kumamoto,,,,菊池市,キクチシ,Kikuchi-shi,,,,下河原,シモカワハル,,,,,研石原,トイシガハラ,,,0,0,0,0,0,0,1,0,1947-04-17,,1,,,,,,,,,,,,,,,,
432105,0054276,3,熊本県,クマモトケン,Kumamoto,,,,菊池市,キクチシ,Kikuchi-shi,,,,下河原,シモカワハル,,,,,中原鶴,ナカハラヅル,,,0,0,0,0,0,0,1,0,1947-04-17,,1,,,,,,,,,,,,,,,,
432105,0054277,3,熊本県,クマモトケン,Kumamoto,,,,菊池市,キクチシ,Kikuchi-shi,,,,下河原,シモカワハル,,,,,大迫,オオサコ,,,0,0,0,0,0,0,1,0,1947-04-17,,1,,,,,,,,,,,,,,,,
432105,0054278,3,熊本県,クマモトケン,Kumamoto,,,,菊池市,キクチシ,Kikuchi-shi,,,,下河原,シモカワハル,,,,,西,ニシ,,,0,0,0,0,0,0,1,0,1947-04-17,,1,,,,,,,,,,,,,,,,
432105,0054279,3,熊本県,クマモトケン,Kumamoto,,,,菊池市,キクチシ,Kikuchi-shi,,,,下河原,シモカワハル,,,,,男石,オイシ,,,0,0,0,0,0,0,1,0,1947-04-17,,1,,,,,,,,,,,,,,,,
432105,0054280,3,熊本県,クマモトケン,Kumamoto,,,,菊池市,キクチシ,Kikuchi-shi,,,,下河原,シモカワハル,,,,,杉谷,スギタニ,,,0,0,0,0,0,0,1,0,1947-04-17,,1,,,,,,,,,,,,,,,,
432105,0054281,3,熊本県,クマモトケン,Kumamoto,,,,菊池市,キクチシ,Kikuchi-shi,,,,下河原,シモカワハル,,,,,西梶迫,ニシカジサコ,,,0,0,0,0,0,0,1,0,1947-04-17,,1,,,,,,,,,,,,,,,,
432105,0054282,3,熊本県,クマモトケン,Kumamoto,,,,菊池市,キクチシ,Kikuchi-shi,,,,下河原,シモカワハル,,,,,東,ヒガシ,,,0,0,0,0,0,0,1,0,1947-04-17,,1,,,,,,,,,,,,,,,,
432105,0054283,3,熊本県,クマモトケン,Kumamoto,,,,菊池市,キクチシ,Kikuchi-shi,,,,下河原,シモカワハル,,,,,花立,ハナタテ,,,0,0,0,0,0,0,1,0,1947-04-17,,1,,,,,,,,,,,,,,,,
432105,0054284,3,熊本県,クマモトケン,Kumamoto,,,,菊池市,キクチシ,Kikuchi-shi,,,,下河原,シモカワハル,,,,,仏谷,ホトケダニ,,,0,0,0,0,0,0,1,0,1947-04-17,,1,,,,,,,,,,,,,,,,
432105,0054285,3,熊本県,クマモトケン,Kumamoto,,,,菊池市,キクチシ,Kikuchi-shi,,,,下河原,シモカワハル,,,,,深久保,フカクボ,,,0,0,0,0,0,0,1,0,1947-04-17,,1,,,,,,,,,,,,,,,,
432105,0054286,3,熊本県,クマモトケン,Kumamoto,,,,菊池市,キクチシ,Kikuchi-shi,,,,下河原,シモカワハル,,,,,金堂,カナドウ,,,0,0,0,0,0,0,1,0,1947-04-17,,1,,,,,,,,,,,,,,,,
432105,0054287,3,熊本県,クマモトケン,Kumamoto,,,,菊池市,キクチシ,Kikuchi-shi,,,,下河原,シモカワハル,,,,,銭坪,ゼニツボ,,,0,0,0,0,0,0,1,0,1947-04-17,,1,,,,,,,,,,,,,,,,
432105,0054288,3,熊本県,クマモトケン,Kumamoto,,,,菊池市,キクチシ,Kikuchi-shi,,,,下河原,シモカワハル,,,,,鋤先,スキザキ,,,0,0,0,0,0,0,1,0,1947-04-17,,1,,,,,,,,,,,,,,,,
432105,0054289,3,熊本県,クマモトケン,Kumamoto,,,,菊池市,キクチシ,Kikuchi-shi,,,,下河原,シモカワハル,,,,,上森北,カミモリキタ,,,0,0,0,0,0,0,1,0,1947-04-17,,1,,,,,,,,,,,,,,,,
432105,0054290,3,熊本県,クマモトケン,Kumamoto,,,,菊池市,キクチシ,Kikuchi-shi,,,,下河原,シモカワハル,,,,,八久保,ハチクボ,,,0,0,0,0,0,0,1,0,1947-04-17,,1,,,,,,,,,,,,,,,,
432105,0054291,3,熊本県,クマモトケン,Kumamoto,,,,菊池市,キクチシ,Kikuchi-shi,,,,下河原,シモカワハル,,,,,竹ノ迫,タケノサコ,,,0,0,0,0,0,0,1,0,1947-04-17,,1,,,,,,,,,,,,,,,,
432105,0054292,3,熊本県,クマモトケン,Kumamoto,,,,菊池市,キクチシ,Kikuchi-shi,,,,下河原,シモカワハル,,,,,大坪,オオツボ,,,0,0,0,0,0,0,1,0,1947-04-17,,1,,,,,,,,,,,,,,,,
432105,0054293,3,熊本県,クマモトケン,Kumamoto,,,,菊池市,キクチシ,Kikuchi-shi,,,,下河原,シモカワハル,,,,,赤迫,アカサコ,,,0,0,0,0,0,0,1,0,1947-04-17,,1,,,,,,,,,,,,,,,,
432105,0054294,3,熊本県,クマモトケン,Kumamoto,,,,菊池市,キクチシ,Kikuchi-shi,,,,下河原,シモカワハル,,,,,水ノ口,ミズノクチ,,,0,0,0,0,0,0,1,0,1947-04-17,,1,,,,,,,,,,,,,,,,
432105,0054295,3,熊本県,クマモトケン,Kumamoto,,,,菊池市,キクチシ,Kikuchi-shi,,,,下河原,シモカワハル,,,,,石ケ塔,イシガトウ,,,0,0,0,0,0,0,1,0,1947-04-17,,1,,,,,,,,,,,,,,,,
432105,0054296,3,熊本県,クマモトケン,Kumamoto,,,,菊池市,キクチシ,Kikuchi-shi,,,,下河原,シモカワハル,,,,,平鶴,ヒラヅル,,,0,0,0,0,0,0,1,0,1947-04-17,,1,,,,,,,,,,,,,,,,
432105,0054297,3,熊本県,クマモトケン,Kumamoto,,,,菊池市,キクチシ,Kikuchi-shi,,,,下河原,シモカワハル,,,,,尾迫,オサコ,,,0,0,0,0,0,0,1,0,1947-04-17,,1,,,,,,,,,,,,,,,,
432105,0054298,3,熊本県,クマモトケン,Kumamoto,,,,菊池市,キクチシ,Kikuchi-shi,,,,下河原,シモカワハル,,,,,千田平,センダヒラ,,,0,0,0,0,0,0,1,0,1947-04-17,,1,,,,,,,,,,,,,,,,
432105,0054299,3,熊本県,クマモトケン,Kumamoto,,,,菊池市,キクチシ,Kikuchi-shi,,,,下河原,シモカワハル,,,,,市之迫,イチノサコ,,,0,0,0,0,0,0,1,0,1947-04-17,,1,,,,,,,,,,,,,,,,
432105,0054300,3,熊本県,クマモトケン,Kumamoto,,,,菊池市,キクチシ,Kikuchi-shi,,,,下河原,シモカワハル,,,,,浦無,ウラナシ,,,0,0,0,0,0,0,1,0,1947-04-17,,1,,,,,,,,,,,,,,,,
432105,0054301,3,熊本県,クマモトケン,Kumamoto,,,,菊池市,キクチシ,Kikuchi-shi,,,,下河原,シモカワハル,,,,,雨包,アマヅツミ,,,0,0,0,0,0,0,1,0,1947-04-17,,1,,,,,,,,,,,,,,,,
432105,0054302,3,熊本県,クマモトケン,Kumamoto,,,,菊池市,キクチシ,Kikuchi-shi,,,,下河原,シモカワハル,,,,,黒岩,クロイワ,,,0,0,0,0,0,0,1,0,1947-04-17,,1,,,,,,,,,,,,,,,,
432105,0054303,3,熊本県,クマモトケン,Kumamoto,,,,菊池市,キクチシ,Kikuchi-shi,,,,下河原,シモカワハル,,,,,池ノ迫,イケノサコ,,,0,0,0,0,0,0,1,0,1947-04-17,,1,,,,,,,,,,,,,,,,
432105,0054304,3,熊本県,クマモトケン,Kumamoto,,,,菊池市,キクチシ,Kikuchi-shi,,,,下河原,シモカワハル,,,,,松島原,マツシマバル,,,0,0,0,0,0,0,1,0,1947-04-17,,1,,,,,,,,,,,,,,,,
432105,0055000,1,熊本県,クマモトケン,Kumamoto,,,,菊池市,キクチシ,Kikuchi-shi,,,,大琳寺,ダイリンジ,Dairinji,,,,,,,,0,0,0,0,0,0,1,1,1947-04-17,,0,8611306,,,,,,,,,,,,,,,
432105,0055110,3,熊本県,クマモトケン,Kumamoto,,,,菊池市,キクチシ,Kikuchi-shi,,,,大琳寺,ダイリンジ,,,,,東善寺,トウゼンジ,,,0,0,0,0,0,0,1,0,1947-04-17,,1,,,,,,,,,,,,,,,,
432105,0055111,3,熊本県,クマモトケン,Kumamoto,,,,菊池市,キクチシ,Kikuchi-shi,,,,大琳寺,ダイリンジ,,,,,新堀,シンボリ,,,0,0,0,0,0,0,1,0,1947-04-17,,1,,,,,,,,,,,,,,,,
432105,0055112,3,熊本県,クマモトケン,Kumamoto,,,,菊池市,キクチシ,Kikuchi-shi,,,,大琳寺,ダイリンジ,,,,,居屋敷,イヤシキ,,,0,0,0,0,0,0,1,0,1947-04-17,,1,,,,,,,,,,,,,,,,
432105,0055113,3,熊本県,クマモトケン,Kumamoto,,,,菊池市,キクチシ,Kikuchi-shi,,,,大琳寺,ダイリンジ,,,,,東村前,ヒガシムラマエ,,,0,0,0,0,0,0,1,0,1947-04-17,,1,,,,,,,,,,,,,,,,
432105,0055114,3,熊本県,クマモトケン,Kumamoto,,,,菊池市,キクチシ,Kikuchi-shi,,,,大琳寺,ダイリンジ,,,,,堀ノ外,ホリノソト,,,0,0,0,0,0,0,1,0,1947-04-17,,1,,,,,,,,,,,,,,,,
432105,0055115,3,熊本県,クマモトケン,Kumamoto,,,,菊池市,キクチシ,Kikuchi-shi,,,,大琳寺,ダイリンジ,,,,,西田,ニシダ,,,0,0,0,0,0,0,1,0,1947-04-17,,1,,,,,,,,,,,,,,,,
432105,0055116,3,熊本県,クマモトケン,Kumamoto,,,,菊池市,キクチシ,Kikuchi-shi,,,,大琳寺,ダイリンジ,,,,,下原,シモバル,,,0,0,0,0,0,0,1,0,1947-04-17,,1,,,,,,,,,,,,,,,,
432105,0055117,3,熊本県,クマモトケン,Kumamoto,,,,菊池市,キクチシ,Kikuchi-shi,,,,大琳寺,ダイリンジ,,,,,村前,ムラマエ,,,0,0,0,0,0,0,1,0,1947-04-17,,1,,,,,,,,,,,,,,,,
432105,0055118,3,熊本県,クマモトケン,Kumamoto,,,,菊池市,キクチシ,Kikuchi-shi,,,,大琳寺,ダイリンジ,,,,,堀ノ内,ホリノウチ,,,0,0,0,0,0,0,1,0,1947-04-17,,1,,,,,,,,,,,,,,,,
432105,0056000,1,熊本県,クマモトケン,Kumamoto,,,,菊池市,キクチシ,Kikuchi-shi,,,,豊間,トヨマ,Toyoma,,,,,,,,0,0,0,0,0,0,1,1,1947-04-17,,0,8611684,,,,,,,,,,,,,,,
432105,0056137,3,熊本県,クマモトケン,Kumamoto,,,,菊池市,キクチシ,Kikuchi-shi,,,,豊間,トヨマ,,,,,中之瀬,ナカノセ,,,0,0,0,0,0,0,1,0,1947-04-17,,1,,,,,,,,,,,,,,,,
432105,0056138,3,熊本県,クマモトケン,Kumamoto,,,,菊池市,キクチシ,Kikuchi-shi,,,,豊間,トヨマ,,,,,上中尾,カミナカオ,,,0,0,0,0,0,0,1,0,1947-04-17,,1,,,,,,,,,,,,,,,,
432105,0056139,3,熊本県,クマモトケン,Kumamoto,,,,菊池市,キクチシ,Kikuchi-shi,,,,豊間,トヨマ,,,,,太田,オオダ,,,0,0,0,0,0,0,1,0,1947-04-17,,1,,,,,,,,,,,,,,,,
432105,0056140,3,熊本県,クマモトケン,Kumamoto,,,,菊池市,キクチシ,Kikuchi-shi,,,,豊間,トヨマ,,,,,小畑,オバタ,,,0,0,0,0,0,0,1,0,1947-04-17,,1,,,,,,,,,,,,,,,,
432105,0056141,3,熊本県,クマモトケン,Kumamoto,,,,菊池市,キクチシ,Kikuchi-shi,,,,豊間,トヨマ,,,,,井尻丸,イジリマル,,,0,0,0,0,0,0,1,0,1947-04-17,,1,,,,,,,,,,,,,,,,
432105,0056142,3,熊本県,クマモトケン,Kumamoto,,,,菊池市,キクチシ,Kikuchi-shi,,,,豊間,トヨマ,,,,,東屋敷,ヒガシヤシキ,,,0,0,0,0,0,0,1,0,1947-04-17,,1,,,,,,,,,,,,,,,,
432105,0056143,3,熊本県,クマモトケン,Kumamoto,,,,菊池市,キクチシ,Kikuchi-shi,,,,豊間,トヨマ,,,,,中迫,ナカサコ,,,0,0,0,0,0,0,1,0,1947-04-17,,1,,,,,,,,,,,,,,,,
432105,0056144,3,熊本県,クマモトケン,Kumamoto,,,,菊池市,キクチシ,Kikuchi-shi,,,,豊間,トヨマ,,,,,柚ノ木迫,ユノキザコ,,,0,0,0,0,0,0,1,0,1947-04-17,,1,,,,,,,,,,,,,,,,
432105,0056145,3,熊本県,クマモトケン,Kumamoto,,,,菊池市,キクチシ,Kikuchi-shi,,,,豊間,トヨマ,,,,,管尾,スゲノ,,,0,0,0,0,0,0,1,0,1947-04-17,,1,,,,,,,,,,,,,,,,
432105,0056146,3,熊本県,クマモトケン,Kumamoto,,,,菊池市,キクチシ,Kikuchi-shi,,,,豊間,トヨマ,,,,,迎鶴,ムカエヅル,,,0,0,0,0,0,0,1,0,1947-04-17,,1,,,,,,,,,,,,,,,,
432105,0056147,3,熊本県,クマモトケン,Kumamoto,,,,菊池市,キクチシ,Kikuchi-shi,,,,豊間,トヨマ,,,,,宮ノ前,ミヤノマエ,,,0,0,0,0,0,0,1,0,1947-04-17,,1,,,,,,,,,,,,,,,,
432105,0056148,3,熊本県,クマモトケン,Kumamoto,,,,菊池市,キクチシ,Kikuchi-shi,,,,豊間,トヨマ,,,,,前田,マエダ,,,0,0,0,0,0,0,1,0,1947-04-17,,1,,,,,,,,,,,,,,,,
432105,0056149,3,熊本県,クマモトケン,Kumamoto,,,,菊池市,キクチシ,Kikuchi-shi,,,,豊間,トヨマ,,,,,上清水,カミシミズ,,,0,0,0,0,0,0,1,0,1947-04-17,,1,,,,,,,,,,,,,,,,
432105,0056150,3,熊本県,クマモトケン,Kumamoto,,,,菊池市,キクチシ,Kikuchi-shi,,,,豊間,トヨマ,,,,,迫,サコ,,,0,0,0,0,0,0,1,0,1947-04-17,,1,,,,,,,,,,,,,,,,
432105,0056151,3,熊本県,クマモトケン,Kumamoto,,,,菊池市,キクチシ,Kikuchi-shi,,,,豊間,トヨマ,,,,,蒔田,マキダ,,,0,0,0,0,0,0,1,0,1947-04-17,,1,,,,,,,,,,,,,,,,
432105,0056152,3,熊本県,クマモトケン,Kumamoto,,,,菊池市,キクチシ,Kikuchi-shi,,,,豊間,トヨマ,,,,,高徳寺,コウトクジ,,,0,0,0,0,0,0,1,0,1947-04-17,,1,,,,,,,,,,,,,,,,
432105,0056153,3,熊本県,クマモトケン,Kumamoto,,,,菊池市,キクチシ,Kikuchi-shi,,,,豊間,トヨマ,,,,,大久保,オオクボ,,,0,0,0,0,0,0,1,0,1947-04-17,,1,,,,,,,,,,,,,,,,
432105,0056154,3,熊本県,クマモトケン,Kumamoto,,,,菊池市,キクチシ,Kikuchi-shi,,,,豊間,トヨマ,,,,,カシヲ,カシオ,,,0,0,0,0,0,0,1,0,1947-04-17,,1,,,,,,,,,,,,,,,,
432105,0056155,3,熊本県,クマモトケン,Kumamoto,,,,菊池市,キクチシ,Kikuchi-shi,,,,豊間,トヨマ,,,,,下清水,シモシミズ,,,0,0,0,0,0,0,1,0,1947-04-17,,1,,,,,,,,,,,,,,,,
432105,0056156,3,熊本県,クマモトケン,Kumamoto,,,,菊池市,キクチシ,Kikuchi-shi,,,,豊間,トヨマ,,,,,園,ソノ,,,0,0,0,0,0,0,1,0,1947-04-17,,1,,,,,,,,,,,,,,,,
432105,0056157,3,熊本県,クマモトケン,Kumamoto,,,,菊池市,キクチシ,Kikuchi-shi,,,,豊間,トヨマ,,,,,堂ノ後,ドウノウシロ,,,0,0,0,0,0,0,1,0,1947-04-17,,1,,,,,,,,,,,,,,,,
432105,0056158,3,熊本県,クマモトケン,Kumamoto,,,,菊池市,キクチシ,Kikuchi-shi,,,,豊間,トヨマ,,,,,上赤迫,カミアカサコ,,,0,0,0,0,0,0,1,0,1947-04-17,,1,,,,,,,,,,,,,,,,
432105,0056159,3,熊本県,クマモトケン,Kumamoto,,,,菊池市,キクチシ,Kikuchi-shi,,,,豊間,トヨマ,,,,,小元,コモト,,,0,0,0,0,0,0,1,0,1947-04-17,,1,,,,,,,,,,,,,,,,
432105,0056160,3,熊本県,クマモトケン,Kumamoto,,,,菊池市,キクチシ,Kikuchi-shi,,,,豊間,トヨマ,,,,,百把田,ヒヤクワダ,,,0,0,0,0,0,0,1,0,1947-04-17,,1,,,,,,,,,,,,,,,,
432105,0056161,3,熊本県,クマモトケン,Kumamoto,,,,菊池市,キクチシ,Kikuchi-shi,,,,豊間,トヨマ,,,,,本迫,ホンザコ,,,0,0,0,0,0,0,1,0,1947-04-17,,1,,,,,,,,,,,,,,,,
432105,0056162,3,熊本県,クマモトケン,Kumamoto,,,,菊池市,キクチシ,Kikuchi-shi,,,,豊間,トヨマ,,,,,下赤迫,シモアカサコ,,,0,0,0,0,0,0,1,0,1947-04-17,,1,,,,,,,,,,,,,,,,
432105,0056163,3,熊本県,クマモトケン,Kumamoto,,,,菊池市,キクチシ,Kikuchi-shi,,,,豊間,トヨマ,,,,,上迫,カミサコ,,,0,0,0,0,0,0,1,0,1947-04-17,,1,,,,,,,,,,,,,,,,
432105,0056164,3,熊本県,クマモトケン,Kumamoto,,,,菊池市,キクチシ,Kikuchi-shi,,,,豊間,トヨマ,,,,,真門,マカド,,,0,0,0,0,0,0,1,0,1947-04-17,,1,,,,,,,,,,,,,,,,
432105,0056165,3,熊本県,クマモトケン,Kumamoto,,,,菊池市,キクチシ,Kikuchi-shi,,,,豊間,トヨマ,,,,,久保,クボ,,,0,0,0,0,0,0,1,0,1947-04-17,,1,,,,,,,,,,,,,,,,
432105,0056166,3,熊本県,クマモトケン,Kumamoto,,,,菊池市,キクチシ,Kikuchi-shi,,,,豊間,トヨマ,,,,,耳取,ミミトリ,,,0,0,0,0,0,0,1,0,1947-04-17,,1,,,,,,,,,,,,,,,,
432105,0056167,3,熊本県,クマモトケン,Kumamoto,,,,菊池市,キクチシ,Kikuchi-shi,,,,豊間,トヨマ,,,,,北浦,キタウラ,,,0,0,0,0,0,0,1,0,1947-04-17,,1,,,,,,,,,,,,,,,,
432105,0056168,3,熊本県,クマモトケン,Kumamoto,,,,菊池市,キクチシ,Kikuchi-shi,,,,豊間,トヨマ,,,,,上原,ウエハラ,,,0,0,0,0,0,0,1,0,1947-04-17,,1,,,,,,,,,,,,,,,,
432105,0056169,3,熊本県,クマモトケン,Kumamoto,,,,菊池市,キクチシ,Kikuchi-shi,,,,豊間,トヨマ,,,,,上久保,カミクボ,,,0,0,0,0,0,0,1,0,1947-04-17,,1,,,,,,,,,,,,,,,,
432105,0056170,3,熊本県,クマモトケン,Kumamoto,,,,菊池市,キクチシ,Kikuchi-shi,,,,豊間,トヨマ,,,,,下迫,シモサコ,,,0,0,0,0,0,0,1,0,1947-04-17,,1,,,,,,,,,,,,,,,,
432105,0056171,3,熊本県,クマモトケン,Kumamoto,,,,菊池市,キクチシ,Kikuchi-shi,,,,豊間,トヨマ,,,,,野田,ノダ,,,0,0,0,0,0,0,1,0,1947-04-17,,1,,,,,,,,,,,,,,,,
432105,0056172,3,熊本県,クマモトケン,Kumamoto,,,,菊池市,キクチシ,Kikuchi-shi,,,,豊間,トヨマ,,,,,下中尾,シモナカオ,,,0,0,0,0,0,0,1,0,1947-04-17,,1,,,,,,,,,,,,,,,,
432105,0057000,1,熊本県,クマモトケン,Kumamoto,,,,菊池市,キクチシ,Kikuchi-shi,,,,長田,ナガタ,Nagata,,,,,,,,0,0,0,0,0,0,1,1,1947-04-17,,0,8611316,,,,,,,,,,,,,,,
432105,0057119,3,熊本県,クマモトケン,Kumamoto,,,,菊池市,キクチシ,Kikuchi-shi,,,,長田,ナガタ,,,,,大坪,オオツボ,,,0,0,0,0,0,0,1,0,1947-04-17,,1,,,,,,,,,,,,,,,,
432105,0057120,3,熊本県,クマモトケン,Kumamoto,,,,菊池市,キクチシ,Kikuchi-shi,,,,長田,ナガタ,,,,,東屋敷,ヒガシヤシキ,,,0,0,0,0,0,0,1,0,1947-04-17,,1,,,,,,,,,,,,,,,,
432105,0057121,3,熊本県,クマモトケン,Kumamoto,,,,菊池市,キクチシ,Kikuchi-shi,,,,長田,ナガタ,,,,,包田,ツツミダ,,,0,0,0,0,0,0,1,0,1947-04-17,,1,,,,,,,,,,,,,,,,
432105,0057122,3,熊本県,クマモトケン,Kumamoto,,,,菊池市,キクチシ,Kikuchi-shi,,,,長田,ナガタ,,,,,古下町,コシタマチ,,,0,0,0,0,0,0,1,0,1947-04-17,,1,,,,,,,,,,,,,,,,
432105,0057123,3,熊本県,クマモトケン,Kumamoto,,,,菊池市,キクチシ,Kikuchi-shi,,,,長田,ナガタ,,,,,浦田,ウラタ,,,0,0,0,0,0,0,1,0,1947-04-17,,1,,,,,,,,,,,,,,,,
432105,0057124,3,熊本県,クマモトケン,Kumamoto,,,,菊池市,キクチシ,Kikuchi-shi,,,,長田,ナガタ,,,,,大盤,ダイバン,,,0,0,0,0,0,0,1,0,1947-04-17,,1,,,,,,,,,,,,,,,,
432105,0057125,3,熊本県,クマモトケン,Kumamoto,,,,菊池市,キクチシ,Kikuchi-shi,,,,長田,ナガタ,,,,,西屋敷,ニシヤシキ,,,0,0,0,0,0,0,1,0,1947-04-17,,1,,,,,,,,,,,,,,,,
432105,0057126,3,熊本県,クマモトケン,Kumamoto,,,,菊池市,キクチシ,Kikuchi-shi,,,,長田,ナガタ,,,,,西長田,ニシ,,,0,0,0,0,0,0,1,0,1947-04-17,,1,,,,,,,,,,,,,,,,
432105,0057127,3,熊本県,クマモトケン,Kumamoto,,,,菊池市,キクチシ,Kikuchi-shi,,,,長田,ナガタ,,,,,三反田,サンタンダ,,,0,0,0,0,0,0,1,0,1947-04-17,,1,,,,,,,,,,,,,,,,
432105,0057128,3,熊本県,クマモトケン,Kumamoto,,,,菊池市,キクチシ,Kikuchi-shi,,,,長田,ナガタ,,,,,南長田,ミナミ,,,0,0,0,0,0,0,1,0,1947-04-17,,1,,,,,,,,,,,,,,,,
432105,0057129,3,熊本県,クマモトケン,Kumamoto,,,,菊池市,キクチシ,Kikuchi-shi,,,,長田,ナガタ,,,,,中久保,ナカクボ,,,0,0,0,0,0,0,1,0,1947-04-17,,1,,,,,,,,,,,,,,,,
432105,0057130,3,熊本県,クマモトケン,Kumamoto,,,,菊池市,キクチシ,Kikuchi-shi,,,,長田,ナガタ,,,,,鬼墓,オニバカ,,,0,0,0,0,0,0,1,0,1947-04-17,,1,,,,,,,,,,,,,,,,
432105,0057131,3,熊本県,クマモトケン,Kumamoto,,,,菊池市,キクチシ,Kikuchi-shi,,,,長田,ナガタ,,,,,尺八,シヤクハチ,,,0,0,0,0,0,0,1,0,1947-04-17,,1,,,,,,,,,,,,,,,,
432105,0057132,3,熊本県,クマモトケン,Kumamoto,,,,菊池市,キクチシ,Kikuchi-shi,,,,長田,ナガタ,,,,,狐町,キツネマチ,,,0,0,0,0,0,0,1,0,1947-04-17,,1,,,,,,,,,,,,,,,,
432105,0057133,3,熊本県,クマモトケン,Kumamoto,,,,菊池市,キクチシ,Kikuchi-shi,,,,長田,ナガタ,,,,,中薄町,ナカススキマチ,,,0,0,0,0,0,0,1,0,1947-04-17,,1,,,,,,,,,,,,,,,,
432105,0057134,3,熊本県,クマモトケン,Kumamoto,,,,菊池市,キクチシ,Kikuchi-shi,,,,長田,ナガタ,,,,,島廻,シママワリ,,,0,0,0,0,0,0,1,0,1947-04-17,,1,,,,,,,,,,,,,,,,
432105,0057135,3,熊本県,クマモトケン,Kumamoto,,,,菊池市,キクチシ,Kikuchi-shi,,,,長田,ナガタ,,,,,西薄町,ニシススキマチ,,,0,0,0,0,0,0,1,0,1947-04-17,,1,,,,,,,,,,,,,,,,
432105,0057136,3,熊本県,クマモトケン,Kumamoto,,,,菊池市,キクチシ,Kikuchi-shi,,,,長田,ナガタ,,,,,六反田,ロクタンダ,,,0,0,0,0,0,0,1,0,1947-04-17,,1,,,,,,,,,,,,,,,,
432105,0057137,3,熊本県,クマモトケン,Kumamoto,,,,菊池市,キクチシ,Kikuchi-shi,,,,長田,ナガタ,,,,,閉古,トジコ,,,0,0,0,0,0,0,1,0,1947-04-17,,1,,,,,,,,,,,,,,,,
432105,0058000,1,熊本県,クマモトケン,Kumamoto,,,,菊池市,キクチシ,Kikuchi-shi,,,,西寺,ニシデラ,Nishidera,,,,,,,,0,0,0,0,0,0,1,1,1947-04-17,,0,8611323,,,,,,,,,,,,,,,
432105,0058142,3,熊本県,クマモトケン,Kumamoto,,,,菊池市,キクチシ,Kikuchi-shi,,,,西寺,ニシデラ,,,,,頭無,カシラナシ,,,0,0,0,0,0,0,1,0,1947-04-17,,1,,,,,,,,,,,,,,,,
432105,0058143,3,熊本県,クマモトケン,Kumamoto,,,,菊池市,キクチシ,Kikuchi-shi,,,,西寺,ニシデラ,,,,,杉田,スギタ,,,0,0,0,0,0,0,1,0,1947-04-17,,1,,,,,,,,,,,,,,,,
432105,0058144,3,熊本県,クマモトケン,Kumamoto,,,,菊池市,キクチシ,Kikuchi-shi,,,,西寺,ニシデラ,,,,,島ノ本,シマノモト,,,0,0,0,0,0,0,1,0,1947-04-17,,1,,,,,,,,,,,,,,,,
432105,0058145,3,熊本県,クマモトケン,Kumamoto,,,,菊池市,キクチシ,Kikuchi-shi,,,,西寺,ニシデラ,,,,,豆田,マメダ,,,0,0,0,0,0,0,1,0,1947-04-17,,1,,,,,,,,,,,,,,,,
432105,0058146,3,熊本県,クマモトケン,Kumamoto,,,,菊池市,キクチシ,Kikuchi-shi,,,,西寺,ニシデラ,,,,,北園,キタゾノ,,,0,0,0,0,0,0,1,0,1947-04-17,,1,,,,,,,,,,,,,,,,
432105,0058147,3,熊本県,クマモトケン,Kumamoto,,,,菊池市,キクチシ,Kikuchi-shi,,,,西寺,ニシデラ,,,,,辻屋敷,ツジヤシキ,,,0,0,0,0,0,0,1,0,1947-04-17,,1,,,,,,,,,,,,,,,,
432105,0058148,3,熊本県,クマモトケン,Kumamoto,,,,菊池市,キクチシ,Kikuchi-shi,,,,西寺,ニシデラ,,,,,宮ノ本,ミヤノモト,,,0,0,0,0,0,0,1,0,1947-04-17,,1,,,,,,,,,,,,,,,,
432105,0058149,3,熊本県,クマモトケン,Kumamoto,,,,菊池市,キクチシ,Kikuchi-shi,,,,西寺,ニシデラ,,,,,高町,タカマチ,,,0,0,0,0,0,0,1,0,1947-04-17,,1,,,,,,,,,,,,,,,,
432105,0058150,3,熊本県,クマモトケン,Kumamoto,,,,菊池市,キクチシ,Kikuchi-shi,,,,西寺,ニシデラ,,,,,下西寺,シモ,,,0,0,0,0,0,0,1,0,1947-04-17,,1,,,,,,,,,,,,,,,,
432105,0058151,3,熊本県,クマモトケン,Kumamoto,,,,菊池市,キクチシ,Kikuchi-shi,,,,西寺,ニシデラ,,,,,松原,マツバラ,,,0,0,0,0,0,0,1,0,1947-04-17,,1,,,,,,,,,,,,,,,,
432105,0058152,3,熊本県,クマモトケン,Kumamoto,,,,菊池市,キクチシ,Kikuchi-shi,,,,西寺,ニシデラ,,,,,石町,イシマチ,,,0,0,0,0,0,0,1,0,1947-04-17,,1,,,,,,,,,,,,,,,,
432105,0058153,3,熊本県,クマモトケン,Kumamoto,,,,菊池市,キクチシ,Kikuchi-shi,,,,西寺,ニシデラ,,,,,水町,ミズマチ,,,0,0,0,0,0,0,1,0,1947-04-17,,1,,,,,,,,,,,,,,,,
432105,0058154,3,熊本県,クマモトケン,Kumamoto,,,,菊池市,キクチシ,Kikuchi-shi,,,,西寺,ニシデラ,,,,,蛇島,ヘビシマ,,,0,0,0,0,0,0,1,0,1947-04-17,,1,,,,,,,,,,,,,,,,
432105,0058155,3,熊本県,クマモトケン,Kumamoto,,,,菊池市,キクチシ,Kikuchi-shi,,,,西寺,ニシデラ,,,,,柳ノ本,ヤナギノモト,,,0,0,0,0,0,0,1,0,1947-04-17,,1,,,,,,,,,,,,,,,,
432105,0058156,3,熊本県,クマモトケン,Kumamoto,,,,菊池市,キクチシ,Kikuchi-shi,,,,西寺,ニシデラ,,,,,小柳,コヤナギ,,,0,0,0,0,0,0,1,0,1947-04-17,,1,,,,,,,,,,,,,,,,
432105,0058157,3,熊本県,クマモトケン,Kumamoto,,,,菊池市,キクチシ,Kikuchi-shi,,,,西寺,ニシデラ,,,,,山下,ヤマシタ,,,0,0,0,0,0,0,1,0,1947-04-17,,1,,,,,,,,,,,,,,,,
432105,0058158,3,熊本県,クマモトケン,Kumamoto,,,,菊池市,キクチシ,Kikuchi-shi,,,,西寺,ニシデラ,,,,,西前田,ニシマエダ,,,0,0,0,0,0,0,1,0,1947-04-17,,1,,,,,,,,,,,,,,,,
432105,0058159,3,熊本県,クマモトケン,Kumamoto,,,,菊池市,キクチシ,Kikuchi-shi,,,,西寺,ニシデラ,,,,,戸井掛,トイカケ,,,0,0,0,0,0,0,1,0,1947-04-17,,1,,,,,,,,,,,,,,,,
432105,0058160,3,熊本県,クマモトケン,Kumamoto,,,,菊池市,キクチシ,Kikuchi-shi,,,,西寺,ニシデラ,,,,,高原町,タカハラマチ,,,0,0,0,0,0,0,1,0,1947-04-17,,1,,,,,,,,,,,,,,,,
432105,0058161,3,熊本県,クマモトケン,Kumamoto,,,,菊池市,キクチシ,Kikuchi-shi,,,,西寺,ニシデラ,,,,,古閑後,コガウシロ,,,0,0,0,0,0,0,1,0,1947-04-17,,1,,,,,,,,,,,,,,,,
432105,0058162,3,熊本県,クマモトケン,Kumamoto,,,,菊池市,キクチシ,Kikuchi-shi,,,,西寺,ニシデラ,,,,,前田,マエダ,,,0,0,0,0,0,0,1,0,1947-04-17,,1,,,,,,,,,,,,,,,,
432105,0058163,3,熊本県,クマモトケン,Kumamoto,,,,菊池市,キクチシ,Kikuchi-shi,,,,西寺,ニシデラ,,,,,西原,ニシバル,,,0,0,0,0,0,0,1,0,1947-04-17,,1,,,,,,,,,,,,,,,,
432105,0058164,3,熊本県,クマモトケン,Kumamoto,,,,菊池市,キクチシ,Kikuchi-shi,,,,西寺,ニシデラ,,,,,雷,イカヅチ,,,0,0,0,0,0,0,1,0,1947-04-17,,1,,,,,,,,,,,,,,,,
432105,0058165,3,熊本県,クマモトケン,Kumamoto,,,,菊池市,キクチシ,Kikuchi-shi,,,,西寺,ニシデラ,,,,,南古閑屋敷,ミナミコガヤシキ,,,0,0,0,0,0,0,1,0,1947-04-17,,1,,,,,,,,,,,,,,,,
432105,0058166,3,熊本県,クマモトケン,Kumamoto,,,,菊池市,キクチシ,Kikuchi-shi,,,,西寺,ニシデラ,,,,,小平川,コヒラガワ,,,0,0,0,0,0,0,1,0,1947-04-17,,1,,,,,,,,,,,,,,,,
432105,0058167,3,熊本県,クマモトケン,Kumamoto,,,,菊池市,キクチシ,Kikuchi-shi,,,,西寺,ニシデラ,,,,,北古閑屋敷,キタコガヤシキ,,,0,0,0,0,0,0,1,0,1947-04-17,,1,,,,,,,,,,,,,,,,
432105,0058168,3,熊本県,クマモトケン,Kumamoto,,,,菊池市,キクチシ,Kikuchi-shi,,,,西寺,ニシデラ,,,,,前畑,マエハタ,,,0,0,0,0,0,0,1,0,1947-04-17,,1,,,,,,,,,,,,,,,,
432105,0058169,3,熊本県,クマモトケン,Kumamoto,,,,菊池市,キクチシ,Kikuchi-shi,,,,西寺,ニシデラ,,,,,上西屋敷,カミニシヤシキ,,,0,0,0,0,0,0,1,0,1947-04-17,,1,,,,,,,,,,,,,,,,
432105,0058170,3,熊本県,クマモトケン,Kumamoto,,,,菊池市,キクチシ,Kikuchi-shi,,,,西寺,ニシデラ,,,,,南畑,ミナミハタ,,,0,0,0,0,0,0,1,0,1947-04-17,,1,,,,,,,,,,,,,,,,
432105,0058171,3,熊本県,クマモトケン,Kumamoto,,,,菊池市,キクチシ,Kikuchi-shi,,,,西寺,ニシデラ,,,,,上竹下,カミタケシタ,,,0,0,0,0,0,0,1,0,1947-04-17,,1,,,,,,,,,,,,,,,,
432105,0058172,3,熊本県,クマモトケン,Kumamoto,,,,菊池市,キクチシ,Kikuchi-shi,,,,西寺,ニシデラ,,,,,辻ノ前,ツジノマエ,,,0,0,0,0,0,0,1,0,1947-04-17,,1,,,,,,,,,,,,,,,,
432105,0058173,3,熊本県,クマモトケン,Kumamoto,,,,菊池市,キクチシ,Kikuchi-shi,,,,西寺,ニシデラ,,,,,向田,ムカイダ,,,0,0,0,0,0,0,1,0,1947-04-17,,1,,,,,,,,,,,,,,,,
432105,0058174,3,熊本県,クマモトケン,Kumamoto,,,,菊池市,キクチシ,Kikuchi-shi,,,,西寺,ニシデラ,,,,,車町,クルママチ,,,0,0,0,0,0,0,1,0,1947-04-17,,1,,,,,,,,,,,,,,,,
432105,0058175,3,熊本県,クマモトケン,Kumamoto,,,,菊池市,キクチシ,Kikuchi-shi,,,,西寺,ニシデラ,,,,,永山,ナガヤマ,,,0,0,0,0,0,0,1,0,1947-04-17,,1,,,,,,,,,,,,,,,,
432105,0058176,3,熊本県,クマモトケン,Kumamoto,,,,菊池市,キクチシ,Kikuchi-shi,,,,西寺,ニシデラ,,,,,若宮原,ワカミヤバル,,,0,0,0,0,0,0,1,0,1947-04-17,,1,,,,,,,,,,,,,,,,
432105,0058177,3,熊本県,クマモトケン,Kumamoto,,,,菊池市,キクチシ,Kikuchi-shi,,,,西寺,ニシデラ,,,,,寝猫,ネネコ,,,0,0,0,0,0,0,1,0,1947-04-17,,1,,,,,,,,,,,,,,,,
432105,0058178,3,熊本県,クマモトケン,Kumamoto,,,,菊池市,キクチシ,Kikuchi-shi,,,,西寺,ニシデラ,,,,,三反田,サンタンダ,,,0,0,0,0,0,0,1,0,1947-04-17,,1,,,,,,,,,,,,,,,,
432105,0058179,3,熊本県,クマモトケン,Kumamoto,,,,菊池市,キクチシ,Kikuchi-shi,,,,西寺,ニシデラ,,,,,衣田,コロモダ,,,0,0,0,0,0,0,1,0,1947-04-17,,1,,,,,,,,,,,,,,,,
432105,0058180,3,熊本県,クマモトケン,Kumamoto,,,,菊池市,キクチシ,Kikuchi-shi,,,,西寺,ニシデラ,,,,,薄町,ススキマチ,,,0,0,0,0,0,0,1,0,1947-04-17,,1,,,,,,,,,,,,,,,,
432105,0058181,3,熊本県,クマモトケン,Kumamoto,,,,菊池市,キクチシ,Kikuchi-shi,,,,西寺,ニシデラ,,,,,彦町,ヒコマチ,,,0,0,0,0,0,0,1,0,1947-04-17,,1,,,,,,,,,,,,,,,,
432105,0058182,3,熊本県,クマモトケン,Kumamoto,,,,菊池市,キクチシ,Kikuchi-shi,,,,西寺,ニシデラ,,,,,井垣田,イガキデン,,,0,0,0,0,0,0,1,0,1947-04-17,,1,,,,,,,,,,,,,,,,
432105,0058183,3,熊本県,クマモトケン,Kumamoto,,,,菊池市,キクチシ,Kikuchi-shi,,,,西寺,ニシデラ,,,,,一丁畑,イツチヨウバタ,,,0,0,0,0,0,0,1,0,1947-04-17,,1,,,,,,,,,,,,,,,,
432105,0058184,3,熊本県,クマモトケン,Kumamoto,,,,菊池市,キクチシ,Kikuchi-shi,,,,西寺,ニシデラ,,,,,大平川,オオヒラガワ,,,0,0,0,0,0,0,1,0,1947-04-17,,1,,,,,,,,,,,,,,,,
432105,0058185,3,熊本県,クマモトケン,Kumamoto,,,,菊池市,キクチシ,Kikuchi-shi,,,,西寺,ニシデラ,,,,,下竹下,シモタケシタ,,,0,0,0,0,0,0,1,0,1947-04-17,,1,,,,,,,,,,,,,,,,
432105,0058186,3,熊本県,クマモトケン,Kumamoto,,,,菊池市,キクチシ,Kikuchi-shi,,,,西寺,ニシデラ,,,,,光禅寺,コウゼンジ,,,0,0,0,0,0,0,1,0,1947-04-17,,1,,,,,,,,,,,,,,,,
432105,0058187,3,熊本県,クマモトケン,Kumamoto,,,,菊池市,キクチシ,Kikuchi-shi,,,,西寺,ニシデラ,,,,,向吐,ムコウバキ,,,0,0,0,0,0,0,1,0,1947-04-17,,1,,,,,,,,,,,,,,,,
432105,0058188,3,熊本県,クマモトケン,Kumamoto,,,,菊池市,キクチシ,Kikuchi-shi,,,,西寺,ニシデラ,,,,,南園,ミナミゾノ,,,0,0,0,0,0,0,1,0,1947-04-17,,1,,,,,,,,,,,,,,,,
432105,0058189,3,熊本県,クマモトケン,Kumamoto,,,,菊池市,キクチシ,Kikuchi-shi,,,,西寺,ニシデラ,,,,,西寺屋敷,ヤシキ,,,0,0,0,0,0,0,1,0,1947-04-17,,1,,,,,,,,,,,,,,,,
432105,0059000,1,熊本県,クマモトケン,Kumamoto,,,,菊池市,キクチシ,Kikuchi-shi,,,,西迫間,ニシハザマ,Nishihazama,,,,,,,,0,0,0,0,0,0,1,1,1947-04-17,,0,8611685,,,,,,,,,,,,,,,
432105,0059118,3,熊本県,クマモトケン,Kumamoto,,,,菊池市,キクチシ,Kikuchi-shi,,,,西迫間,ニシハザマ,,,,,橋ヶ谷,ハシガダニ,,,0,0,0,0,0,0,1,0,1947-04-17,,1,,,,,,,,,,,,,,,,
432105,0059119,3,熊本県,クマモトケン,Kumamoto,,,,菊池市,キクチシ,Kikuchi-shi,,,,西迫間,ニシハザマ,,,,,荷留原,ニトメバル,,,0,0,0,0,0,0,1,0,1947-04-17,,1,,,,,,,,,,,,,,,,
432105,0059120,3,熊本県,クマモトケン,Kumamoto,,,,菊池市,キクチシ,Kikuchi-shi,,,,西迫間,ニシハザマ,,,,,榎原,エノキバル,,,0,0,0,0,0,0,1,0,1947-04-17,,1,,,,,,,,,,,,,,,,
432105,0059121,3,熊本県,クマモトケン,Kumamoto,,,,菊池市,キクチシ,Kikuchi-shi,,,,西迫間,ニシハザマ,,,,,日請,ヒオイ,,,0,0,0,0,0,0,1,0,1947-04-17,,1,,,,,,,,,,,,,,,,
432105,0059122,3,熊本県,クマモトケン,Kumamoto,,,,菊池市,キクチシ,Kikuchi-shi,,,,西迫間,ニシハザマ,,,,,七坪,ナナツボ,,,0,0,0,0,0,0,1,0,1947-04-17,,1,,,,,,,,,,,,,,,,
432105,0059123,3,熊本県,クマモトケン,Kumamoto,,,,菊池市,キクチシ,Kikuchi-shi,,,,西迫間,ニシハザマ,,,,,中尾,ナカオ,,,0,0,0,0,0,0,1,0,1947-04-17,,1,,,,,,,,,,,,,,,,
432105,0059124,3,熊本県,クマモトケン,Kumamoto,,,,菊池市,キクチシ,Kikuchi-shi,,,,西迫間,ニシハザマ,,,,,産ノ本,ウブノモト,,,0,0,0,0,0,0,1,0,1947-04-17,,1,,,,,,,,,,,,,,,,
432105,0059125,3,熊本県,クマモトケン,Kumamoto,,,,菊池市,キクチシ,Kikuchi-shi,,,,西迫間,ニシハザマ,,,,,角田,カクダ,,,0,0,0,0,0,0,1,0,1947-04-17,,1,,,,,,,,,,,,,,,,
432105,0059126,3,熊本県,クマモトケン,Kumamoto,,,,菊池市,キクチシ,Kikuchi-shi,,,,西迫間,ニシハザマ,,,,,河原田,カワハラダ,,,0,0,0,0,0,0,1,0,1947-04-17,,1,,,,,,,,,,,,,,,,
432105,0059127,3,熊本県,クマモトケン,Kumamoto,,,,菊池市,キクチシ,Kikuchi-shi,,,,西迫間,ニシハザマ,,,,,小坂原,コザカバル,,,0,0,0,0,0,0,1,0,1947-04-17,,1,,,,,,,,,,,,,,,,
432105,0059128,3,熊本県,クマモトケン,Kumamoto,,,,菊池市,キクチシ,Kikuchi-shi,,,,西迫間,ニシハザマ,,,,,日向,ヒムキ,,,0,0,0,0,0,0,1,0,1947-04-17,,1,,,,,,,,,,,,,,,,
432105,0059129,3,熊本県,クマモトケン,Kumamoto,,,,菊池市,キクチシ,Kikuchi-shi,,,,西迫間,ニシハザマ,,,,,山ノ口,ヤマノクチ,,,0,0,0,0,0,0,1,0,1947-04-17,,1,,,,,,,,,,,,,,,,
432105,0059130,3,熊本県,クマモトケン,Kumamoto,,,,菊池市,キクチシ,Kikuchi-shi,,,,西迫間,ニシハザマ,,,,,七浦,ナナウラ,,,0,0,0,0,0,0,1,0,1947-04-17,,1,,,,,,,,,,,,,,,,
432105,0059131,3,熊本県,クマモトケン,Kumamoto,,,,菊池市,キクチシ,Kikuchi-shi,,,,西迫間,ニシハザマ,,,,,下鶴,シモヅル,,,0,0,0,0,0,0,1,0,1947-04-17,,1,,,,,,,,,,,,,,,,
432105,0059132,3,熊本県,クマモトケン,Kumamoto,,,,菊池市,キクチシ,Kikuchi-shi,,,,西迫間,ニシハザマ,,,,,前田,マエダ,,,0,0,0,0,0,0,1,0,1947-04-17,,1,,,,,,,,,,,,,,,,
432105,0059133,3,熊本県,クマモトケン,Kumamoto,,,,菊池市,キクチシ,Kikuchi-shi,,,,西迫間,ニシハザマ,,,,,上原,ウエハル,,,0,0,0,0,0,0,1,0,1947-04-17,,1,,,,,,,,,,,,,,,,
432105,0059134,3,熊本県,クマモトケン,Kumamoto,,,,菊池市,キクチシ,Kikuchi-shi,,,,西迫間,ニシハザマ,,,,,下原,シモバル,,,0,0,0,0,0,0,1,0,1947-04-17,,1,,,,,,,,,,,,,,,,
432105,0061000,1,熊本県,クマモトケン,Kumamoto,,,,菊池市,キクチシ,Kikuchi-shi,,,,原,ハル,Haru,,,,,,,,0,0,0,0,0,0,1,1,1947-04-17,,0,8611441,,,,,,,,,,,,,,,
432105,0061191,3,熊本県,クマモトケン,Kumamoto,,,,菊池市,キクチシ,Kikuchi-shi,,,,原,ハル,,,,,惣津,ソウヅ,,,0,0,0,0,0,0,1,0,1947-04-17,,1,,,,,,,,,,,,,,,,
432105,0061192,3,熊本県,クマモトケン,Kumamoto,,,,菊池市,キクチシ,Kikuchi-shi,,,,原,ハル,,,,,下角,ゲヅ,,,0,0,0,0,0,0,1,0,1947-04-17,,1,,,,,,,,,,,,,,,,
432105,0061193,3,熊本県,クマモトケン,Kumamoto,,,,菊池市,キクチシ,Kikuchi-shi,,,,原,ハル,,,,,網立,アミタテ,,,0,0,0,0,0,0,1,0,1947-04-17,,1,,,,,,,,,,,,,,,,
432105,0061194,3,熊本県,クマモトケン,Kumamoto,,,,菊池市,キクチシ,Kikuchi-shi,,,,原,ハル,,,,,上牛ヶ原,カミウシガハラ,,,0,0,0,0,0,0,1,0,1947-04-17,,1,,,,,,,,,,,,,,,,
432105,0061195,3,熊本県,クマモトケン,Kumamoto,,,,菊池市,キクチシ,Kikuchi-shi,,,,原,ハル,,,,,鍋ノ上,ナベノウエ,,,0,0,0,0,0,0,1,0,1947-04-17,,1,,,,,,,,,,,,,,,,
432105,0061196,3,熊本県,クマモトケン,Kumamoto,,,,菊池市,キクチシ,Kikuchi-shi,,,,原,ハル,,,,,闇,クラガリ,,,0,0,0,0,0,0,1,0,1947-04-17,,1,,,,,,,,,,,,,,,,
432105,0061197,3,熊本県,クマモトケン,Kumamoto,,,,菊池市,キクチシ,Kikuchi-shi,,,,原,ハル,,,,,竹ノ牧浦,タケノマキウラ,,,0,0,0,0,0,0,1,0,1947-04-17,,1,,,,,,,,,,,,,,,,
432105,0061198,3,熊本県,クマモトケン,Kumamoto,,,,菊池市,キクチシ,Kikuchi-shi,,,,原,ハル,,,,,立門,タテカド,,,0,0,0,0,0,0,1,0,1947-04-17,,1,,,,,,,,,,,,,,,,
432105,0061199,3,熊本県,クマモトケン,Kumamoto,,,,菊池市,キクチシ,Kikuchi-shi,,,,原,ハル,,,,,清水,シミズ,,,0,0,0,0,0,0,1,0,1947-04-17,,1,,,,,,,,,,,,,,,,
432105,0061200,3,熊本県,クマモトケン,Kumamoto,,,,菊池市,キクチシ,Kikuchi-shi,,,,原,ハル,,,,,柏,カシワ,,,0,0,0,0,0,0,1,0,1947-04-17,,1,,,,,,,,,,,,,,,,
432105,0061201,3,熊本県,クマモトケン,Kumamoto,,,,菊池市,キクチシ,Kikuchi-shi,,,,原,ハル,,,,,渡瀬ノ元,ワタセノモト,,,0,0,0,0,0,0,1,0,1947-04-17,,1,,,,,,,,,,,,,,,,
432105,0061202,3,熊本県,クマモトケン,Kumamoto,,,,菊池市,キクチシ,Kikuchi-shi,,,,原,ハル,,,,,木護,キゴ,,,0,0,0,0,0,0,1,0,1947-04-17,,1,,,,,,,,,,,,,,,,
432105,0061203,3,熊本県,クマモトケン,Kumamoto,,,,菊池市,キクチシ,Kikuchi-shi,,,,原,ハル,,,,,木落,キオチ,,,0,0,0,0,0,0,1,0,1947-04-17,,1,,,,,,,,,,,,,,,,
432105,0061204,3,熊本県,クマモトケン,Kumamoto,,,,菊池市,キクチシ,Kikuchi-shi,,,,原,ハル,,,,,浦,ウラ,,,0,0,0,0,0,0,1,0,1947-04-17,,1,,,,,,,,,,,,,,,,
432105,0061205,3,熊本県,クマモトケン,Kumamoto,,,,菊池市,キクチシ,Kikuchi-shi,,,,原,ハル,,,,,小川地,オガワチ,,,0,0,0,0,0,0,1,0,1947-04-17,,1,,,,,,,,,,,,,,,,
432105,0061206,3,熊本県,クマモトケン,Kumamoto,,,,菊池市,キクチシ,Kikuchi-shi,,,,原,ハル,,,,,横山,ヨコヤマ,,,0,0,0,0,0,0,1,0,1947-04-17,,1,,,,,,,,,,,,,,,,
432105,0061207,3,熊本県,クマモトケン,Kumamoto,,,,菊池市,キクチシ,Kikuchi-shi,,,,原,ハル,,,,,高図,タカズ,,,0,0,0,0,0,0,1,0,1947-04-17,,1,,,,,,,,,,,,,,,,
432105,0061208,3,熊本県,クマモトケン,Kumamoto,,,,菊池市,キクチシ,Kikuchi-shi,,,,原,ハル,,,,,辺辻,ベツジ,,,0,0,0,0,0,0,1,0,1947-04-17,,1,,,,,,,,,,,,,,,,
432105,0061209,3,熊本県,クマモトケン,Kumamoto,,,,菊池市,キクチシ,Kikuchi-shi,,,,原,ハル,,,,,郷屋,ゴウヤ,,,0,0,0,0,0,0,1,0,1947-04-17,,1,,,,,,,,,,,,,,,,
432105,0061210,3,熊本県,クマモトケン,Kumamoto,,,,菊池市,キクチシ,Kikuchi-shi,,,,原,ハル,,,,,寄草,ヨセグサ,,,0,0,0,0,0,0,1,0,1947-04-17,,1,,,,,,,,,,,,,,,,
432105,0061211,3,熊本県,クマモトケン,Kumamoto,,,,菊池市,キクチシ,Kikuchi-shi,,,,原,ハル,,,,,柚木迫,ユノキザコ,,,0,0,0,0,0,0,1,0,1947-04-17,,1,,,,,,,,,,,,,,,,
432105,0061212,3,熊本県,クマモトケン,Kumamoto,,,,菊池市,キクチシ,Kikuchi-shi,,,,原,ハル,,,,,大久保,オオクボ,,,0,0,0,0,0,0,1,0,1947-04-17,,1,,,,,,,,,,,,,,,,
432105,0061213,3,熊本県,クマモトケン,Kumamoto,,,,菊池市,キクチシ,Kikuchi-shi,,,,原,ハル,,,,,掛幕,カケマク,,,0,0,0,0,0,0,1,0,1947-04-17,,1,,,,,,,,,,,,,,,,
432105,0061214,3,熊本県,クマモトケン,Kumamoto,,,,菊池市,キクチシ,Kikuchi-shi,,,,原,ハル,,,,,城,シロ,,,0,0,0,0,0,0,1,0,1947-04-17,,1,,,,,,,,,,,,,,,,
432105,0061215,3,熊本県,クマモトケン,Kumamoto,,,,菊池市,キクチシ,Kikuchi-shi,,,,原,ハル,,,,,香風,コウカゼ,,,0,0,0,0,0,0,1,0,1947-04-17,,1,,,,,,,,,,,,,,,,
432105,0061216,3,熊本県,クマモトケン,Kumamoto,,,,菊池市,キクチシ,Kikuchi-shi,,,,原,ハル,,,,,無田,ムタ,,,0,0,0,0,0,0,1,0,1947-04-17,,1,,,,,,,,,,,,,,,,
432105,0061217,3,熊本県,クマモトケン,Kumamoto,,,,菊池市,キクチシ,Kikuchi-shi,,,,原,ハル,,,,,藤坂,フジサカ,,,0,0,0,0,0,0,1,0,1947-04-17,,1,,,,,,,,,,,,,,,,
432105,0061218,3,熊本県,クマモトケン,Kumamoto,,,,菊池市,キクチシ,Kikuchi-shi,,,,原,ハル,,,,,竹ノ原,タケノハラ,,,0,0,0,0,0,0,1,0,1947-04-17,,1,,,,,,,,,,,,,,,,
432105,0061219,3,熊本県,クマモトケン,Kumamoto,,,,菊池市,キクチシ,Kikuchi-shi,,,,原,ハル,,,,,上園,カミゾノ,,,0,0,0,0,0,0,1,0,1947-04-17,,1,,,,,,,,,,,,,,,,
432105,0061220,3,熊本県,クマモトケン,Kumamoto,,,,菊池市,キクチシ,Kikuchi-shi,,,,原,ハル,,,,,鳥帽子取,エボシドリ,,,0,0,0,0,0,0,1,0,1947-04-17,,1,,,,,,,,,,,,,,,,
432105,0061221,3,熊本県,クマモトケン,Kumamoto,,,,菊池市,キクチシ,Kikuchi-shi,,,,原,ハル,,,,,狐迫,キツネザコ,,,0,0,0,0,0,0,1,0,1947-04-17,,1,,,,,,,,,,,,,,,,
432105,0061222,3,熊本県,クマモトケン,Kumamoto,,,,菊池市,キクチシ,Kikuchi-shi,,,,原,ハル,,,,,伊ノ浦,イノウラ,,,0,0,0,0,0,0,1,0,1947-04-17,,1,,,,,,,,,,,,,,,,
432105,0061223,3,熊本県,クマモトケン,Kumamoto,,,,菊池市,キクチシ,Kikuchi-shi,,,,原,ハル,,,,,後,ウシロ,,,0,0,0,0,0,0,1,0,1947-04-17,,1,,,,,,,,,,,,,,,,
432105,0061224,3,熊本県,クマモトケン,Kumamoto,,,,菊池市,キクチシ,Kikuchi-shi,,,,原,ハル,,,,,牛久保,ウシクボ,,,0,0,0,0,0,0,1,0,1947-04-17,,1,,,,,,,,,,,,,,,,
432105,0061225,3,熊本県,クマモトケン,Kumamoto,,,,菊池市,キクチシ,Kikuchi-shi,,,,原,ハル,,,,,香賀鶴,コウガヅル,,,0,0,0,0,0,0,1,0,1947-04-17,,1,,,,,,,,,,,,,,,,
432105,0061226,3,熊本県,クマモトケン,Kumamoto,,,,菊池市,キクチシ,Kikuchi-shi,,,,原,ハル,,,,,迫ノ口,サコノクチ,,,0,0,0,0,0,0,1,0,1947-04-17,,1,,,,,,,,,,,,,,,,
432105,0061227,3,熊本県,クマモトケン,Kumamoto,,,,菊池市,キクチシ,Kikuchi-shi,,,,原,ハル,,,,,西原,ニシバラ,,,0,0,0,0,0,0,1,0,1947-04-17,,1,,,,,,,,,,,,,,,,
432105,0061228,3,熊本県,クマモトケン,Kumamoto,,,,菊池市,キクチシ,Kikuchi-shi,,,,原,ハル,,,,,前,マエ,,,0,0,0,0,0,0,1,0,1947-04-17,,1,,,,,,,,,,,,,,,,
432105,0061229,3,熊本県,クマモトケン,Kumamoto,,,,菊池市,キクチシ,Kikuchi-shi,,,,原,ハル,,,,,宮ノ上,ミヤノウエ,,,0,0,0,0,0,0,1,0,1947-04-17,,1,,,,,,,,,,,,,,,,
432105,0061230,3,熊本県,クマモトケン,Kumamoto,,,,菊池市,キクチシ,Kikuchi-shi,,,,原,ハル,,,,,鐙野,アブミノ,,,0,0,0,0,0,0,1,0,1947-04-17,,1,,,,,,,,,,,,,,,,
432105,0061231,3,熊本県,クマモトケン,Kumamoto,,,,菊池市,キクチシ,Kikuchi-shi,,,,原,ハル,,,,,深葉,フカバ,,,0,0,0,0,0,0,1,0,1947-04-17,,1,,,,,,,,,,,,,,,,
432105,0061232,3,熊本県,クマモトケン,Kumamoto,,,,菊池市,キクチシ,Kikuchi-shi,,,,原,ハル,,,,,毛足,モウタル,,,0,0,0,0,0,0,1,0,1947-04-17,,1,,,,,,,,,,,,,,,,
432105,0061233,3,熊本県,クマモトケン,Kumamoto,,,,菊池市,キクチシ,Kikuchi-shi,,,,原,ハル,,,,,桑鶴,クワヅル,,,0,0,0,0,0,0,1,0,1947-04-17,,1,,,,,,,,,,,,,,,,
432105,0061234,3,熊本県,クマモトケン,Kumamoto,,,,菊池市,キクチシ,Kikuchi-shi,,,,原,ハル,,,,,亀ノ甲,カメノコウ,,,0,0,0,0,0,0,1,0,1947-04-17,,1,,,,,,,,,,,,,,,,
432105,0061235,3,熊本県,クマモトケン,Kumamoto,,,,菊池市,キクチシ,Kikuchi-shi,,,,原,ハル,,,,,鳶尾,トビノオ,,,0,0,0,0,0,0,1,0,1947-04-17,,1,,,,,,,,,,,,,,,,
432105,0061236,3,熊本県,クマモトケン,Kumamoto,,,,菊池市,キクチシ,Kikuchi-shi,,,,原,ハル,,,,,石畑,イシハタ,,,0,0,0,0,0,0,1,0,1947-04-17,,1,,,,,,,,,,,,,,,,
432105,0061237,3,熊本県,クマモトケン,Kumamoto,,,,菊池市,キクチシ,Kikuchi-shi,,,,原,ハル,,,,,柏浦,カシワウラ,,,0,0,0,0,0,0,1,0,1947-04-17,,1,,,,,,,,,,,,,,,,
432105,0061238,3,熊本県,クマモトケン,Kumamoto,,,,菊池市,キクチシ,Kikuchi-shi,,,,原,ハル,,,,,上原,ウエハラ,,,0,0,0,0,0,0,1,0,1947-04-17,,1,,,,,,,,,,,,,,,,
432105,0061239,3,熊本県,クマモトケン,Kumamoto,,,,菊池市,キクチシ,Kikuchi-shi,,,,原,ハル,,,,,鉾ノ甲,ホコノコウ,,,0,0,0,0,0,0,1,0,1947-04-17,,1,,,,,,,,,,,,,,,,
432105,0061240,3,熊本県,クマモトケン,Kumamoto,,,,菊池市,キクチシ,Kikuchi-shi,,,,原,ハル,,,,,長瀬,ナガセ,,,0,0,0,0,0,0,1,0,1947-04-17,,1,,,,,,,,,,,,,,,,
432105,0061241,3,熊本県,クマモトケン,Kumamoto,,,,菊池市,キクチシ,Kikuchi-shi,,,,原,ハル,,,,,蜂ノ巣,ハチノス,,,0,0,0,0,0,0,1,0,1947-04-17,,1,,,,,,,,,,,,,,,,
432105,0061242,3,熊本県,クマモトケン,Kumamoto,,,,菊池市,キクチシ,Kikuchi-shi,,,,原,ハル,,,,,東原,ヒガシバラ,,,0,0,0,0,0,0,1,0,1947-04-17,,1,,,,,,,,,,,,,,,,
432105,0061243,3,熊本県,クマモトケン,Kumamoto,,,,菊池市,キクチシ,Kikuchi-shi,,,,原,ハル,,,,,杉尾,スギオ,,,0,0,0,0,0,0,1,0,1947-04-17,,1,,,,,,,,,,,,,,,,
432105,0061244,3,熊本県,クマモトケン,Kumamoto,,,,菊池市,キクチシ,Kikuchi-shi,,,,原,ハル,,,,,河内,カワチ,,,0,0,0,0,0,0,1,0,1947-04-17,,1,,,,,,,,,,,,,,,,
432105,0061245,3,熊本県,クマモトケン,Kumamoto,,,,菊池市,キクチシ,Kikuchi-shi,,,,原,ハル,,,,,矢射場,ヤイバ,,,0,0,0,0,0,0,1,0,1947-04-17,,1,,,,,,,,,,,,,,,,
432105,0061246,3,熊本県,クマモトケン,Kumamoto,,,,菊池市,キクチシ,Kikuchi-shi,,,,原,ハル,,,,,中津,ナカツ,,,0,0,0,0,0,0,1,0,1947-04-17,,1,,,,,,,,,,,,,,,,
432105,0061247,3,熊本県,クマモトケン,Kumamoto,,,,菊池市,キクチシ,Kikuchi-shi,,,,原,ハル,,,,,北亀ノ甲,キタカメノコウ,,,0,0,0,0,0,0,1,0,1947-04-17,,1,,,,,,,,,,,,,,,,
432105,0061248,3,熊本県,クマモトケン,Kumamoto,,,,菊池市,キクチシ,Kikuchi-shi,,,,原,ハル,,,,,堂床,ドウトコ,,,0,0,0,0,0,0,1,0,1947-04-17,,1,,,,,,,,,,,,,,,,
432105,0061249,3,熊本県,クマモトケン,Kumamoto,,,,菊池市,キクチシ,Kikuchi-shi,,,,原,ハル,,,,,牛ヶ原,ウシガハラ,,,0,0,0,0,0,0,1,0,1947-04-17,,1,,,,,,,,,,,,,,,,
432105,0061250,3,熊本県,クマモトケン,Kumamoto,,,,菊池市,キクチシ,Kikuchi-shi,,,,原,ハル,,,,,市成,イチナリ,,,0,0,0,0,0,0,1,0,1947-04-17,,1,,,,,,,,,,,,,,,,
432105,0061251,3,熊本県,クマモトケン,Kumamoto,,,,菊池市,キクチシ,Kikuchi-shi,,,,原,ハル,,,,,囲ノ城,カコイノシロ,,,0,0,0,0,0,0,1,0,1947-04-17,,1,,,,,,,,,,,,,,,,
432105,0061252,3,熊本県,クマモトケン,Kumamoto,,,,菊池市,キクチシ,Kikuchi-shi,,,,原,ハル,,,,,大野,オオノ,,,0,0,0,0,0,0,1,0,1947-04-17,,1,,,,,,,,,,,,,,,,
432105,0061253,3,熊本県,クマモトケン,Kumamoto,,,,菊池市,キクチシ,Kikuchi-shi,,,,原,ハル,,,,,迫,サコ,,,0,0,0,0,0,0,1,0,1947-04-17,,1,,,,,,,,,,,,,,,,
432105,0061254,3,熊本県,クマモトケン,Kumamoto,,,,菊池市,キクチシ,Kikuchi-shi,,,,原,ハル,,,,,上崩ノ迫,カミクズレノサコ,,,0,0,0,0,0,0,1,0,1947-04-17,,1,,,,,,,,,,,,,,,,
432105,0061255,3,熊本県,クマモトケン,Kumamoto,,,,菊池市,キクチシ,Kikuchi-shi,,,,原,ハル,,,,,水足,ミズタリ,,,0,0,0,0,0,0,1,0,1947-04-17,,1,,,,,,,,,,,,,,,,
432105,0061256,3,熊本県,クマモトケン,Kumamoto,,,,菊池市,キクチシ,Kikuchi-shi,,,,原,ハル,,,,,崩ノ迫,クズレノサコ,,,0,0,0,0,0,0,1,0,1947-04-17,,1,,,,,,,,,,,,,,,,
432105,0061257,3,熊本県,クマモトケン,Kumamoto,,,,菊池市,キクチシ,Kikuchi-shi,,,,原,ハル,,,,,向柏,ムカイガシワ,,,0,0,0,0,0,0,1,0,1947-04-17,,1,,,,,,,,,,,,,,,,
432105,0061258,3,熊本県,クマモトケン,Kumamoto,,,,菊池市,キクチシ,Kikuchi-shi,,,,原,ハル,,,,,堂原,ドウバル,,,0,0,0,0,0,0,1,0,1947-04-17,,1,,,,,,,,,,,,,,,,
432105,0061259,3,熊本県,クマモトケン,Kumamoto,,,,菊池市,キクチシ,Kikuchi-shi,,,,原,ハル,,,,,観音岳,カンノンダケ,,,0,0,0,0,0,0,1,0,1947-04-17,,1,,,,,,,,,,,,,,,,
432105,0061260,3,熊本県,クマモトケン,Kumamoto,,,,菊池市,キクチシ,Kikuchi-shi,,,,原,ハル,,,,,日生野原,ヒオノバル,,,0,0,0,0,0,0,1,0,1947-04-17,,1,,,,,,,,,,,,,,,,
432105,0061261,3,熊本県,クマモトケン,Kumamoto,,,,菊池市,キクチシ,Kikuchi-shi,,,,原,ハル,,,,,佐野原,サノバル,,,0,0,0,0,0,0,1,0,1947-04-17,,1,,,,,,,,,,,,,,,,
432105,0061262,3,熊本県,クマモトケン,Kumamoto,,,,菊池市,キクチシ,Kikuchi-shi,,,,原,ハル,,,,,馬見野,マミノ,,,0,0,0,0,0,0,1,0,1947-04-17,,1,,,,,,,,,,,,,,,,
432105,0061263,3,熊本県,クマモトケン,Kumamoto,,,,菊池市,キクチシ,Kikuchi-shi,,,,原,ハル,,,,,古野,フルノ,,,0,0,0,0,0,0,1,0,1947-04-17,,1,,,,,,,,,,,,,,,,
432105,0061264,3,熊本県,クマモトケン,Kumamoto,,,,菊池市,キクチシ,Kikuchi-shi,,,,原,ハル,,,,,上杉尾,カミスギオ,,,0,0,0,0,0,0,1,0,1947-04-17,,1,,,,,,,,,,,,,,,,
432105,0061265,3,熊本県,クマモトケン,Kumamoto,,,,菊池市,キクチシ,Kikuchi-shi,,,,原,ハル,,,,,八瀬尾,ヤセオ,,,0,0,0,0,0,0,1,0,1947-04-17,,1,,,,,,,,,,,,,,,,
432105,0061266,3,熊本県,クマモトケン,Kumamoto,,,,菊池市,キクチシ,Kikuchi-shi,,,,原,ハル,,,,,滝平,タキビラ,,,0,0,0,0,0,0,1,0,1947-04-17,,1,,,,,,,,,,,,,,,,
432105,0061267,3,熊本県,クマモトケン,Kumamoto,,,,菊池市,キクチシ,Kikuchi-shi,,,,原,ハル,,,,,柏川,カシワガワ,,,0,0,0,0,0,0,1,0,1947-04-17,,1,,,,,,,,,,,,,,,,
432105,0061268,3,熊本県,クマモトケン,Kumamoto,,,,菊池市,キクチシ,Kikuchi-shi,,,,原,ハル,,,,,川鶴,カワヅル,,,0,0,0,0,0,0,1,0,1947-04-17,,1,,,,,,,,,,,,,,,,
432105,0061269,3,熊本県,クマモトケン,Kumamoto,,,,菊池市,キクチシ,Kikuchi-shi,,,,原,ハル,,,,,山ノ上,ヤマノウエ,,,0,0,0,0,0,0,1,0,1947-04-17,,1,,,,,,,,,,,,,,,,
432105,0061270,3,熊本県,クマモトケン,Kumamoto,,,,菊池市,キクチシ,Kikuchi-shi,,,,原,ハル,,,,,尾迫,オサコ,,,0,0,0,0,0,0,1,0,1947-04-17,,1,,,,,,,,,,,,,,,,
432105,0061271,3,熊本県,クマモトケン,Kumamoto,,,,菊池市,キクチシ,Kikuchi-shi,,,,原,ハル,,,,,黒尖,クロトコ,,,0,0,0,0,0,0,1,0,1947-04-17,,1,,,,,,,,,,,,,,,,
432105,0061272,3,熊本県,クマモトケン,Kumamoto,,,,菊池市,キクチシ,Kikuchi-shi,,,,原,ハル,,,,,下鶴,シモヅル,,,0,0,0,0,0,0,1,0,1947-04-17,,1,,,,,,,,,,,,,,,,
432105,0061273,3,熊本県,クマモトケン,Kumamoto,,,,菊池市,キクチシ,Kikuchi-shi,,,,原,ハル,,,,,夫婦石,メオトイシ,,,0,0,0,0,0,0,1,0,1947-04-17,,1,,,,,,,,,,,,,,,,
432105,0061274,3,熊本県,クマモトケン,Kumamoto,,,,菊池市,キクチシ,Kikuchi-shi,,,,原,ハル,,,,,神園,カミゾノ,,,0,0,0,0,0,0,1,0,1947-04-17,,1,,,,,,,,,,,,,,,,
432105,0061275,3,熊本県,クマモトケン,Kumamoto,,,,菊池市,キクチシ,Kikuchi-shi,,,,原,ハル,,,,,鍋川,ナベカワ,,,0,0,0,0,0,0,1,0,1947-04-17,,1,,,,,,,,,,,,,,,,
432105,0061276,3,熊本県,クマモトケン,Kumamoto,,,,菊池市,キクチシ,Kikuchi-shi,,,,原,ハル,,,,,道下,ミチシタ,,,0,0,0,0,0,0,1,0,1947-04-17,,1,,,,,,,,,,,,,,,,
432105,0061277,3,熊本県,クマモトケン,Kumamoto,,,,菊池市,キクチシ,Kikuchi-shi,,,,原,ハル,,,,,鶴,ツル,,,0,0,0,0,0,0,1,0,1947-04-17,,1,,,,,,,,,,,,,,,,
432105,0061278,3,熊本県,クマモトケン,Kumamoto,,,,菊池市,キクチシ,Kikuchi-shi,,,,原,ハル,,,,,経塚,キヨウズカ,,,0,0,0,0,0,0,1,0,1947-04-17,,1,,,,,,,,,,,,,,,,
432105,0061279,3,熊本県,クマモトケン,Kumamoto,,,,菊池市,キクチシ,Kikuchi-shi,,,,原,ハル,,,,,地獄平,ジゴクビラ,,,0,0,0,0,0,0,1,0,1947-04-17,,1,,,,,,,,,,,,,,,,
432105,0061280,3,熊本県,クマモトケン,Kumamoto,,,,菊池市,キクチシ,Kikuchi-shi,,,,原,ハル,,,,,猪畑,カゴハタ,,,0,0,0,0,0,0,1,0,1947-04-17,,1,,,,,,,,,,,,,,,,
432105,0062000,1,熊本県,クマモトケン,Kumamoto,,,,菊池市,キクチシ,Kikuchi-shi,,,,班蛇口,ハンジャク,Hanjaku,,,,,,,,0,0,0,0,0,0,1,1,1947-04-17,,0,8611671,,,,,,,,,,,,,,,
432105,0062161,3,熊本県,クマモトケン,Kumamoto,,,,菊池市,キクチシ,Kikuchi-shi,,,,班蛇口,ハンジャク,,,,,松原,マツバラ,,,0,0,0,0,0,0,1,0,1947-04-17,,1,,,,,,,,,,,,,,,,
432105,0062162,3,熊本県,クマモトケン,Kumamoto,,,,菊池市,キクチシ,Kikuchi-shi,,,,班蛇口,ハンジャク,,,,,荒谷,アラタニ,,,0,0,0,0,0,0,1,0,1947-04-17,,1,,,,,,,,,,,,,,,,
432105,0062163,3,熊本県,クマモトケン,Kumamoto,,,,菊池市,キクチシ,Kikuchi-shi,,,,班蛇口,ハンジャク,,,,,芒大尾,スギタオ,,,0,0,0,0,0,0,1,0,1947-04-17,,1,,,,,,,,,,,,,,,,
432105,0062164,3,熊本県,クマモトケン,Kumamoto,,,,菊池市,キクチシ,Kikuchi-shi,,,,班蛇口,ハンジャク,,,,,大野谷,オオノダニ,,,0,0,0,0,0,0,1,0,1947-04-17,,1,,,,,,,,,,,,,,,,
432105,0062165,3,熊本県,クマモトケン,Kumamoto,,,,菊池市,キクチシ,Kikuchi-shi,,,,班蛇口,ハンジャク,,,,,天窪,アマクボ,,,0,0,0,0,0,0,1,0,1947-04-17,,1,,,,,,,,,,,,,,,,
432105,0062166,3,熊本県,クマモトケン,Kumamoto,,,,菊池市,キクチシ,Kikuchi-shi,,,,班蛇口,ハンジャク,,,,,丸山,マルヤマ,,,0,0,0,0,0,0,1,0,1947-04-17,,1,,,,,,,,,,,,,,,,
432105,0062167,3,熊本県,クマモトケン,Kumamoto,,,,菊池市,キクチシ,Kikuchi-shi,,,,班蛇口,ハンジャク,,,,,向原,ムカイバル,,,0,0,0,0,0,0,1,0,1947-04-17,,1,,,,,,,,,,,,,,,,
432105,0062168,3,熊本県,クマモトケン,Kumamoto,,,,菊池市,キクチシ,Kikuchi-shi,,,,班蛇口,ハンジャク,,,,,中山ノ上,ナカヤマノウエ,,,0,0,0,0,0,0,1,0,1947-04-17,,1,,,,,,,,,,,,,,,,
432105,0062169,3,熊本県,クマモトケン,Kumamoto,,,,菊池市,キクチシ,Kikuchi-shi,,,,班蛇口,ハンジャク,,,,,垂玉,タルタマ,,,0,0,0,0,0,0,1,0,1947-04-17,,1,,,,,,,,,,,,,,,,
432105,0062170,3,熊本県,クマモトケン,Kumamoto,,,,菊池市,キクチシ,Kikuchi-shi,,,,班蛇口,ハンジャク,,,,,二本松,ニホンマツ,,,0,0,0,0,0,0,1,0,1947-04-17,,1,,,,,,,,,,,,,,,,
432105,0062171,3,熊本県,クマモトケン,Kumamoto,,,,菊池市,キクチシ,Kikuchi-shi,,,,班蛇口,ハンジャク,,,,,宮ノ上,ミヤノウエ,,,0,0,0,0,0,0,1,0,1947-04-17,,1,,,,,,,,,,,,,,,,
432105,0062172,3,熊本県,クマモトケン,Kumamoto,,,,菊池市,キクチシ,Kikuchi-shi,,,,班蛇口,ハンジャク,,,,,椎場,シイバ,,,0,0,0,0,0,0,1,0,1947-04-17,,1,,,,,,,,,,,,,,,,
432105,0062173,3,熊本県,クマモトケン,Kumamoto,,,,菊池市,キクチシ,Kikuchi-shi,,,,班蛇口,ハンジャク,,,,,鍋谷,ナベタニ,,,0,0,0,0,0,0,1,0,1947-04-17,,1,,,,,,,,,,,,,,,,
432105,0062174,3,熊本県,クマモトケン,Kumamoto,,,,菊池市,キクチシ,Kikuchi-shi,,,,班蛇口,ハンジャク,,,,,藏床,クラトコ,,,0,0,0,0,0,0,1,0,1947-04-17,,1,,,,,,,,,,,,,,,,
432105,0062175,3,熊本県,クマモトケン,Kumamoto,,,,菊池市,キクチシ,Kikuchi-shi,,,,班蛇口,ハンジャク,,,,,寺ノ上,テラノウエ,,,0,0,0,0,0,0,1,0,1947-04-17,,1,,,,,,,,,,,,,,,,
432105,0062176,3,熊本県,クマモトケン,Kumamoto,,,,菊池市,キクチシ,Kikuchi-shi,,,,班蛇口,ハンジャク,,,,,川頭,カワガシラ,,,0,0,0,0,0,0,1,0,1947-04-17,,1,,,,,,,,,,,,,,,,
432105,0062177,3,熊本県,クマモトケン,Kumamoto,,,,菊池市,キクチシ,Kikuchi-shi,,,,班蛇口,ハンジャク,,,,,城ノ尾,ジヨウノオ,,,0,0,0,0,0,0,1,0,1947-04-17,,1,,,,,,,,,,,,,,,,
432105,0062178,3,熊本県,クマモトケン,Kumamoto,,,,菊池市,キクチシ,Kikuchi-shi,,,,班蛇口,ハンジャク,,,,,百ヶ原,ヒヤクガハラ,,,0,0,0,0,0,0,1,0,1947-04-17,,1,,,,,,,,,,,,,,,,
432105,0062179,3,熊本県,クマモトケン,Kumamoto,,,,菊池市,キクチシ,Kikuchi-shi,,,,班蛇口,ハンジャク,,,,,霧越,キリゴシ,,,0,0,0,0,0,0,1,0,1947-04-17,,1,,,,,,,,,,,,,,,,
432105,0062180,3,熊本県,クマモトケン,Kumamoto,,,,菊池市,キクチシ,Kikuchi-shi,,,,班蛇口,ハンジャク,,,,,重ノ瀬,ジユノセ,,,0,0,0,0,0,0,1,0,1947-04-17,,1,,,,,,,,,,,,,,,,
432105,0062181,3,熊本県,クマモトケン,Kumamoto,,,,菊池市,キクチシ,Kikuchi-shi,,,,班蛇口,ハンジャク,,,,,焼塚,ヤキヅカ,,,0,0,0,0,0,0,1,0,1947-04-17,,1,,,,,,,,,,,,,,,,
432105,0062182,3,熊本県,クマモトケン,Kumamoto,,,,菊池市,キクチシ,Kikuchi-shi,,,,班蛇口,ハンジャク,,,,,大谷,オオタニ,,,0,0,0,0,0,0,1,0,1947-04-17,,1,,,,,,,,,,,,,,,,
432105,0062183,3,熊本県,クマモトケン,Kumamoto,,,,菊池市,キクチシ,Kikuchi-shi,,,,班蛇口,ハンジャク,,,,,寺下,テラシタ,,,0,0,0,0,0,0,1,0,1947-04-17,,1,,,,,,,,,,,,,,,,
432105,0062184,3,熊本県,クマモトケン,Kumamoto,,,,菊池市,キクチシ,Kikuchi-shi,,,,班蛇口,ハンジャク,,,,,穴川,アナガワ,,,0,0,0,0,0,0,1,0,1947-04-17,,1,,,,,,,,,,,,,,,,
432105,0062185,3,熊本県,クマモトケン,Kumamoto,,,,菊池市,キクチシ,Kikuchi-shi,,,,班蛇口,ハンジャク,,,,,上半尺,カミハンジヤク,,,0,0,0,0,0,0,1,0,1947-04-17,,1,,,,,,,,,,,,,,,,
432105,0062186,3,熊本県,クマモトケン,Kumamoto,,,,菊池市,キクチシ,Kikuchi-shi,,,,班蛇口,ハンジャク,,,,,治部古閑,ジブコガ,,,0,0,0,0,0,0,1,0,1947-04-17,,1,,,,,,,,,,,,,,,,
432105,0062187,3,熊本県,クマモトケン,Kumamoto,,,,菊池市,キクチシ,Kikuchi-shi,,,,班蛇口,ハンジャク,,,,,一ノ坂,イチノサカ,,,0,0,0,0,0,0,1,0,1947-04-17,,1,,,,,,,,,,,,,,,,
432105,0062188,3,熊本県,クマモトケン,Kumamoto,,,,菊池市,キクチシ,Kikuchi-shi,,,,班蛇口,ハンジャク,,,,,鼓ヶ堂,ツヅガドウ,,,0,0,0,0,0,0,1,0,1947-04-17,,1,,,,,,,,,,,,,,,,
432105,0062189,3,熊本県,クマモトケン,Kumamoto,,,,菊池市,キクチシ,Kikuchi-shi,,,,班蛇口,ハンジャク,,,,,村上,ムラウエ,,,0,0,0,0,0,0,1,0,1947-04-17,,1,,,,,,,,,,,,,,,,
432105,0062190,3,熊本県,クマモトケン,Kumamoto,,,,菊池市,キクチシ,Kikuchi-shi,,,,班蛇口,ハンジャク,,,,,上原,ウエハラ,,,0,0,0,0,0,0,1,0,1947-04-17,,1,,,,,,,,,,,,,,,,
432105,0062191,3,熊本県,クマモトケン,Kumamoto,,,,菊池市,キクチシ,Kikuchi-shi,,,,班蛇口,ハンジャク,,,,,奥江,オクエ,,,0,0,0,0,0,0,1,0,1947-04-17,,1,,,,,,,,,,,,,,,,
432105,0062192,3,熊本県,クマモトケン,Kumamoto,,,,菊池市,キクチシ,Kikuchi-shi,,,,班蛇口,ハンジャク,,,,,上村,ウエムラ,,,0,0,0,0,0,0,1,0,1947-04-17,,1,,,,,,,,,,,,,,,,
432105,0062193,3,熊本県,クマモトケン,Kumamoto,,,,菊池市,キクチシ,Kikuchi-shi,,,,班蛇口,ハンジャク,,,,,土取,ツチトリ,,,0,0,0,0,0,0,1,0,1947-04-17,,1,,,,,,,,,,,,,,,,
432105,0062194,3,熊本県,クマモトケン,Kumamoto,,,,菊池市,キクチシ,Kikuchi-shi,,,,班蛇口,ハンジャク,,,,,大野,オオノ,,,0,0,0,0,0,0,1,0,1947-04-17,,1,,,,,,,,,,,,,,,,
432105,0062195,3,熊本県,クマモトケン,Kumamoto,,,,菊池市,キクチシ,Kikuchi-shi,,,,班蛇口,ハンジャク,,,,,山神谷,ヤマガミタニ,,,0,0,0,0,0,0,1,0,1947-04-17,,1,,,,,,,,,,,,,,,,
432105,0062196,3,熊本県,クマモトケン,Kumamoto,,,,菊池市,キクチシ,Kikuchi-shi,,,,班蛇口,ハンジャク,,,,,二ツ野,フタツノ,,,0,0,0,0,0,0,1,0,1947-04-17,,1,,,,,,,,,,,,,,,,
432105,0062197,3,熊本県,クマモトケン,Kumamoto,,,,菊池市,キクチシ,Kikuchi-shi,,,,班蛇口,ハンジャク,,,,,立花,タチバナ,,,0,0,0,0,0,0,1,0,1947-04-17,,1,,,,,,,,,,,,,,,,
432105,0062198,3,熊本県,クマモトケン,Kumamoto,,,,菊池市,キクチシ,Kikuchi-shi,,,,班蛇口,ハンジャク,,,,,棧敷野,サジキノ,,,0,0,0,0,0,0,1,0,1947-04-17,,1,,,,,,,,,,,,,,,,
432105,0062199,3,熊本県,クマモトケン,Kumamoto,,,,菊池市,キクチシ,Kikuchi-shi,,,,班蛇口,ハンジャク,,,,,獅子城,シシガジヨウ,,,0,0,0,0,0,0,1,0,1947-04-17,,1,,,,,,,,,,,,,,,,
432105,0062200,3,熊本県,クマモトケン,Kumamoto,,,,菊池市,キクチシ,Kikuchi-shi,,,,班蛇口,ハンジャク,,,,,穴川道,アナガワミチ,,,0,0,0,0,0,0,1,0,1947-04-17,,1,,,,,,,,,,,,,,,,
432105,0062201,3,熊本県,クマモトケン,Kumamoto,,,,菊池市,キクチシ,Kikuchi-shi,,,,班蛇口,ハンジャク,,,,,中村,ナカムラ,,,0,0,0,0,0,0,1,0,1947-04-17,,1,,,,,,,,,,,,,,,,
432105,0062202,3,熊本県,クマモトケン,Kumamoto,,,,菊池市,キクチシ,Kikuchi-shi,,,,班蛇口,ハンジャク,,,,,嶽之尾,タケノオ,,,0,0,0,0,0,0,1,0,1947-04-17,,1,,,,,,,,,,,,,,,,
432105,0062203,3,熊本県,クマモトケン,Kumamoto,,,,菊池市,キクチシ,Kikuchi-shi,,,,班蛇口,ハンジャク,,,,,半尺,ハンジヤク,,,0,0,0,0,0,0,1,0,1947-04-17,,1,,,,,,,,,,,,,,,,
432105,0062204,3,熊本県,クマモトケン,Kumamoto,,,,菊池市,キクチシ,Kikuchi-shi,,,,班蛇口,ハンジャク,,,,,痩野,ヤセノ,,,0,0,0,0,0,0,1,0,1947-04-17,,1,,,,,,,,,,,,,,,,
432105,0062205,3,熊本県,クマモトケン,Kumamoto,,,,菊池市,キクチシ,Kikuchi-shi,,,,班蛇口,ハンジャク,,,,,下鶴,シモツル,,,0,0,0,0,0,0,1,0,1947-04-17,,1,,,,,,,,,,,,,,,,
432105,0062206,3,熊本県,クマモトケン,Kumamoto,,,,菊池市,キクチシ,Kikuchi-shi,,,,班蛇口,ハンジャク,,,,,北霧越,キタキリゴシ,,,0,0,0,0,0,0,1,0,1947-04-17,,1,,,,,,,,,,,,,,,,
432105,0062207,3,熊本県,クマモトケン,Kumamoto,,,,菊池市,キクチシ,Kikuchi-shi,,,,班蛇口,ハンジャク,,,,,中山,ナカヤマ,,,0,0,0,0,0,0,1,0,1947-04-17,,1,,,,,,,,,,,,,,,,
432105,0062208,3,熊本県,クマモトケン,Kumamoto,,,,菊池市,キクチシ,Kikuchi-shi,,,,班蛇口,ハンジャク,,,,,坪道,ツボミチ,,,0,0,0,0,0,0,1,0,1947-04-17,,1,,,,,,,,,,,,,,,,
432105,0062209,3,熊本県,クマモトケン,Kumamoto,,,,菊池市,キクチシ,Kikuchi-shi,,,,班蛇口,ハンジャク,,,,,鳳来,ホウギ,,,0,0,0,0,0,0,1,0,1947-04-17,,1,,,,,,,,,,,,,,,,
432105,0062210,3,熊本県,クマモトケン,Kumamoto,,,,菊池市,キクチシ,Kikuchi-shi,,,,班蛇口,ハンジャク,,,,,樋ノ口,ヒノクチ,,,0,0,0,0,0,0,1,0,1947-04-17,,1,,,,,,,,,,,,,,,,
432105,0062211,3,熊本県,クマモトケン,Kumamoto,,,,菊池市,キクチシ,Kikuchi-shi,,,,班蛇口,ハンジャク,,,,,松坂,マツザカ,,,0,0,0,0,0,0,1,0,1947-04-17,,1,,,,,,,,,,,,,,,,
432105,0062212,3,熊本県,クマモトケン,Kumamoto,,,,菊池市,キクチシ,Kikuchi-shi,,,,班蛇口,ハンジャク,,,,,中須ノ上,ナカスノウエ,,,0,0,0,0,0,0,1,0,1947-04-17,,1,,,,,,,,,,,,,,,,
432105,0062213,3,熊本県,クマモトケン,Kumamoto,,,,菊池市,キクチシ,Kikuchi-shi,,,,班蛇口,ハンジャク,,,,,鶴ノ羽,ツルノハ,,,0,0,0,0,0,0,1,0,1947-04-17,,1,,,,,,,,,,,,,,,,
432105,0062214,3,熊本県,クマモトケン,Kumamoto,,,,菊池市,キクチシ,Kikuchi-shi,,,,班蛇口,ハンジャク,,,,,古閑,コガ,,,0,0,0,0,0,0,1,0,1947-04-17,,1,,,,,,,,,,,,,,,,
432105,0062215,3,熊本県,クマモトケン,Kumamoto,,,,菊池市,キクチシ,Kikuchi-shi,,,,班蛇口,ハンジャク,,,,,津江道,ツエミチ,,,0,0,0,0,0,0,1,0,1947-04-17,,1,,,,,,,,,,,,,,,,
432105,0062216,3,熊本県,クマモトケン,Kumamoto,,,,菊池市,キクチシ,Kikuchi-shi,,,,班蛇口,ハンジャク,,,,,鳥越,トリゴエ,,,0,0,0,0,0,0,1,0,1947-04-17,,1,,,,,,,,,,,,,,,,
432105,0062217,3,熊本県,クマモトケン,Kumamoto,,,,菊池市,キクチシ,Kikuchi-shi,,,,班蛇口,ハンジャク,,,,,中須,ナカス,,,0,0,0,0,0,0,1,0,1947-04-17,,1,,,,,,,,,,,,,,,,
432105,0062218,3,熊本県,クマモトケン,Kumamoto,,,,菊池市,キクチシ,Kikuchi-shi,,,,班蛇口,ハンジャク,,,,,桑鶴,クワヅル,,,0,0,0,0,0,0,1,0,1947-04-17,,1,,,,,,,,,,,,,,,,
432105,0062219,3,熊本県,クマモトケン,Kumamoto,,,,菊池市,キクチシ,Kikuchi-shi,,,,班蛇口,ハンジャク,,,,,西ノ平,ニシノヒラ,,,0,0,0,0,0,0,1,0,1947-04-17,,1,,,,,,,,,,,,,,,,
432105,0062220,3,熊本県,クマモトケン,Kumamoto,,,,菊池市,キクチシ,Kikuchi-shi,,,,班蛇口,ハンジャク,,,,,田代,タシロ,,,0,0,0,0,0,0,1,0,1947-04-17,,1,,,,,,,,,,,,,,,,
432105,0063000,1,熊本県,クマモトケン,Kumamoto,,,,菊池市,キクチシ,Kikuchi-shi,,,,稗方,ヒエガタ,Hiegata,,,,,,,,0,0,0,0,0,0,1,1,1947-04-17,,0,8611321,,MJ019088_*,,,,,,,,,,,,,
432105,0063134,3,熊本県,クマモトケン,Kumamoto,,,,菊池市,キクチシ,Kikuchi-shi,,,,稗方,ヒエガタ,,,,,小坂,コサカ,,,0,0,0,0,0,0,1,0,1947-04-17,,1,,,,,,,,,,,,,,,,
432105,0063135,3,熊本県,クマモトケン,Kumamoto,,,,菊池市,キクチシ,Kikuchi-shi,,,,稗方,ヒエガタ,,,,,園田,ソノダ,,,0,0,0,0,0,0,1,0,1947-04-17,,1,,,,,,,,,,,,,,,,
432105,0063136,3,熊本県,クマモトケン,Kumamoto,,,,菊池市,キクチシ,Kikuchi-shi,,,,稗方,ヒエガタ,,,,,城古閑,ジヨウコガ,,,0,0,0,0,0,0,1,0,1947-04-17,,1,,,,,,,,,,,,,,,,
432105,0063137,3,熊本県,クマモトケン,Kumamoto,,,,菊池市,キクチシ,Kikuchi-shi,,,,稗方,ヒエガタ,,,,,大井樋,オオイビ,,,0,0,0,0,0,0,1,0,1947-04-17,,1,,,,,,,,,,,,,,,,
432105,0063138,3,熊本県,クマモトケン,Kumamoto,,,,菊池市,キクチシ,Kikuchi-shi,,,,稗方,ヒエガタ,,,,,山田,ヤマダ,,,0,0,0,0,0,0,1,0,1947-04-17,,1,,,,,,,,,,,,,,,,
432105,0063139,3,熊本県,クマモトケン,Kumamoto,,,,菊池市,キクチシ,Kikuchi-shi,,,,稗方,ヒエガタ,,,,,前田,マエダ,,,0,0,0,0,0,0,1,0,1947-04-17,,1,,,,,,,,,,,,,,,,
432105,0063140,3,熊本県,クマモトケン,Kumamoto,,,,菊池市,キクチシ,Kikuchi-shi,,,,稗方,ヒエガタ,,,,,小畑,オバタ,,,0,0,0,0,0,0,1,0,1947-04-17,,1,,,,,,,,,,,,,,,,
432105,0063141,3,熊本県,クマモトケン,Kumamoto,,,,菊池市,キクチシ,Kikuchi-shi,,,,稗方,ヒエガタ,,,,,居屋敷,イヤシキ,,,0,0,0,0,0,0,1,0,1947-04-17,,1,,,,,,,,,,,,,,,,
432105,0063142,3,熊本県,クマモトケン,Kumamoto,,,,菊池市,キクチシ,Kikuchi-shi,,,,稗方,ヒエガタ,,,,,上原,カンバル,,,0,0,0,0,0,0,1,0,1947-04-17,,1,,,,,,,,,,,,,,,,
432105,0063143,3,熊本県,クマモトケン,Kumamoto,,,,菊池市,キクチシ,Kikuchi-shi,,,,稗方,ヒエガタ,,,,,西麦田,ニシムギタ,,,0,0,0,0,0,0,1,0,1947-04-17,,1,,,,,,,,,,,,,,,,
432105,0063144,3,熊本県,クマモトケン,Kumamoto,,,,菊池市,キクチシ,Kikuchi-shi,,,,稗方,ヒエガタ,,,,,辻ノ前,ツジノマエ,,,0,0,0,0,0,0,1,0,1947-04-17,,1,,,,,,,,,,,,,,,,
432105,0063145,3,熊本県,クマモトケン,Kumamoto,,,,菊池市,キクチシ,Kikuchi-shi,,,,稗方,ヒエガタ,,,,,南八久保,ミナミヤクボ,,,0,0,0,0,0,0,1,0,1947-04-17,,1,,,,,,,,,,,,,,,,
432105,0063146,3,熊本県,クマモトケン,Kumamoto,,,,菊池市,キクチシ,Kikuchi-shi,,,,稗方,ヒエガタ,,,,,福田,フクダ,,,0,0,0,0,0,0,1,0,1947-04-17,,1,,,,,,,,,,,,,,,,
432105,0063147,3,熊本県,クマモトケン,Kumamoto,,,,菊池市,キクチシ,Kikuchi-shi,,,,稗方,ヒエガタ,,,,,五反田,ゴタンダ,,,0,0,0,0,0,0,1,0,1947-04-17,,1,,,,,,,,,,,,,,,,
432105,0063148,3,熊本県,クマモトケン,Kumamoto,,,,菊池市,キクチシ,Kikuchi-shi,,,,稗方,ヒエガタ,,,,,上辻ノ前,カミツジノマエ,,,0,0,0,0,0,0,1,0,1947-04-17,,1,,,,,,,,,,,,,,,,
432105,0063149,3,熊本県,クマモトケン,Kumamoto,,,,菊池市,キクチシ,Kikuchi-shi,,,,稗方,ヒエガタ,,,,,井樋谷,イビノタニ,,,0,0,0,0,0,0,1,0,1947-04-17,,1,,,,,,,,,,,,,,,,
432105,0063150,3,熊本県,クマモトケン,Kumamoto,,,,菊池市,キクチシ,Kikuchi-shi,,,,稗方,ヒエガタ,,,,,小塚,コヅカ,,,0,0,0,0,0,0,1,0,1947-04-17,,1,,,,,,,,,,,,,,,,
432105,0063151,3,熊本県,クマモトケン,Kumamoto,,,,菊池市,キクチシ,Kikuchi-shi,,,,稗方,ヒエガタ,,,,,四反田,シタンダ,,,0,0,0,0,0,0,1,0,1947-04-17,,1,,,,,,,,,,,,,,,,
432105,0063152,3,熊本県,クマモトケン,Kumamoto,,,,菊池市,キクチシ,Kikuchi-shi,,,,稗方,ヒエガタ,,,,,西野中,ニシノナカ,,,0,0,0,0,0,0,1,0,1947-04-17,,1,,,,,,,,,,,,,,,,
432105,0063153,3,熊本県,クマモトケン,Kumamoto,,,,菊池市,キクチシ,Kikuchi-shi,,,,稗方,ヒエガタ,,,,,中高星,ナカタカホシ,,,0,0,0,0,0,0,1,0,1947-04-17,,1,,,,,,,,,,,,,,,,
432105,0063154,3,熊本県,クマモトケン,Kumamoto,,,,菊池市,キクチシ,Kikuchi-shi,,,,稗方,ヒエガタ,,,,,高塚,タカヅカ,,,0,0,0,0,0,0,1,0,1947-04-17,,1,,,,,,,,,,,,,,,,
432105,0063155,3,熊本県,クマモトケン,Kumamoto,,,,菊池市,キクチシ,Kikuchi-shi,,,,稗方,ヒエガタ,,,,,麦田,ムギタ,,,0,0,0,0,0,0,1,0,1947-04-17,,1,,,,,,,,,,,,,,,,
432105,0063156,3,熊本県,クマモトケン,Kumamoto,,,,菊池市,キクチシ,Kikuchi-shi,,,,稗方,ヒエガタ,,,,,合屋,ゴウヤ,,,0,0,0,0,0,0,1,0,1947-04-17,,1,,,,,,,,,,,,,,,,
432105,0063157,3,熊本県,クマモトケン,Kumamoto,,,,菊池市,キクチシ,Kikuchi-shi,,,,稗方,ヒエガタ,,,,,枕田,マクラダ,,,0,0,0,0,0,0,1,0,1947-04-17,,1,,,,,,,,,,,,,,,,
432105,0063158,3,熊本県,クマモトケン,Kumamoto,,,,菊池市,キクチシ,Kikuchi-shi,,,,稗方,ヒエガタ,,,,,上高星,カミタカホシ,,,0,0,0,0,0,0,1,0,1947-04-17,,1,,,,,,,,,,,,,,,,
432105,0063159,3,熊本県,クマモトケン,Kumamoto,,,,菊池市,キクチシ,Kikuchi-shi,,,,稗方,ヒエガタ,,,,,通光寺,ツウコウジ,,,0,0,0,0,0,0,1,0,1947-04-17,,1,,,,,,,,,,,,,,,,
432105,0063160,3,熊本県,クマモトケン,Kumamoto,,,,菊池市,キクチシ,Kikuchi-shi,,,,稗方,ヒエガタ,,,,,石坂,イシザカ,,,0,0,0,0,0,0,1,0,1947-04-17,,1,,,,,,,,,,,,,,,,
432105,0063161,3,熊本県,クマモトケン,Kumamoto,,,,菊池市,キクチシ,Kikuchi-shi,,,,稗方,ヒエガタ,,,,,鍋倉,ナベクラ,,,0,0,0,0,0,0,1,0,1947-04-17,,1,,,,,,,,,,,,,,,,
432105,0063162,3,熊本県,クマモトケン,Kumamoto,,,,菊池市,キクチシ,Kikuchi-shi,,,,稗方,ヒエガタ,,,,,堂ノ下,ドウノシタ,,,0,0,0,0,0,0,1,0,1947-04-17,,1,,,,,,,,,,,,,,,,
432105,0063163,3,熊本県,クマモトケン,Kumamoto,,,,菊池市,キクチシ,Kikuchi-shi,,,,稗方,ヒエガタ,,,,,野中,ノナカ,,,0,0,0,0,0,0,1,0,1947-04-17,,1,,,,,,,,,,,,,,,,
432105,0063164,3,熊本県,クマモトケン,Kumamoto,,,,菊池市,キクチシ,Kikuchi-shi,,,,稗方,ヒエガタ,,,,,下高星,シモタカホシ,,,0,0,0,0,0,0,1,0,1947-04-17,,1,,,,,,,,,,,,,,,,
432105,0063165,3,熊本県,クマモトケン,Kumamoto,,,,菊池市,キクチシ,Kikuchi-shi,,,,稗方,ヒエガタ,,,,,南高星,ミナミタカホシ,,,0,0,0,0,0,0,1,0,1947-04-17,,1,,,,,,,,,,,,,,,,
432105,0063166,3,熊本県,クマモトケン,Kumamoto,,,,菊池市,キクチシ,Kikuchi-shi,,,,稗方,ヒエガタ,,,,,八久保,ヤクボ,,,0,0,0,0,0,0,1,0,1947-04-17,,1,,,,,,,,,,,,,,,,
432105,0065000,1,熊本県,クマモトケン,Kumamoto,,,,菊池市,キクチシ,Kikuchi-shi,,,,深川,フカガワ,Fukagawa,,,,,,,,0,0,0,0,0,0,1,1,1947-04-17,,0,8611304,,,,,,,,,,,,,,,
432105,0065114,3,熊本県,クマモトケン,Kumamoto,,,,菊池市,キクチシ,Kikuchi-shi,,,,深川,フカガワ,,,,,中河原,ナカガワラ,,,0,0,0,0,0,0,1,0,1947-04-17,,1,,,,,,,,,,,,,,,,
432105,0065115,3,熊本県,クマモトケン,Kumamoto,,,,菊池市,キクチシ,Kikuchi-shi,,,,深川,フカガワ,,,,,諏訪原,スワハラ,,,0,0,0,0,0,0,1,0,1947-04-17,,1,,,,,,,,,,,,,,,,
432105,0065116,3,熊本県,クマモトケン,Kumamoto,,,,菊池市,キクチシ,Kikuchi-shi,,,,深川,フカガワ,,,,,横木,ヨコギ,,,0,0,0,0,0,0,1,0,1947-04-17,,1,,,,,,,,,,,,,,,,
432105,0065117,3,熊本県,クマモトケン,Kumamoto,,,,菊池市,キクチシ,Kikuchi-shi,,,,深川,フカガワ,,,,,三反田,サンタンダ,,,0,0,0,0,0,0,1,0,1947-04-17,,1,,,,,,,,,,,,,,,,
432105,0065118,3,熊本県,クマモトケン,Kumamoto,,,,菊池市,キクチシ,Kikuchi-shi,,,,深川,フカガワ,,,,,御興休,ミコシヤスメ,,,0,0,0,0,0,0,1,0,1947-04-17,,1,,,,,,,,,,,,,,,,
432105,0065119,3,熊本県,クマモトケン,Kumamoto,,,,菊池市,キクチシ,Kikuchi-shi,,,,深川,フカガワ,,,,,馬越,ウマゴエ,,,0,0,0,0,0,0,1,0,1947-04-17,,1,,,,,,,,,,,,,,,,
432105,0065120,3,熊本県,クマモトケン,Kumamoto,,,,菊池市,キクチシ,Kikuchi-shi,,,,深川,フカガワ,,,,,閉古,トジコ,,,0,0,0,0,0,0,1,0,1947-04-17,,1,,,,,,,,,,,,,,,,
432105,0065121,3,熊本県,クマモトケン,Kumamoto,,,,菊池市,キクチシ,Kikuchi-shi,,,,深川,フカガワ,,,,,玉米,タマゴメ,,,0,0,0,0,0,0,1,0,1947-04-17,,1,,,,,,,,,,,,,,,,
432105,0065122,3,熊本県,クマモトケン,Kumamoto,,,,菊池市,キクチシ,Kikuchi-shi,,,,深川,フカガワ,,,,,観音ノ本,カンノンノモト,,,0,0,0,0,0,0,1,0,1947-04-17,,1,,,,,,,,,,,,,,,,
432105,0065123,3,熊本県,クマモトケン,Kumamoto,,,,菊池市,キクチシ,Kikuchi-shi,,,,深川,フカガワ,,,,,菊ノ池,キクノイケ,,,0,0,0,0,0,0,1,0,1947-04-17,,1,,,,,,,,,,,,,,,,
432105,0065124,3,熊本県,クマモトケン,Kumamoto,,,,菊池市,キクチシ,Kikuchi-shi,,,,深川,フカガワ,,,,,上ノ原,ウエノハラ,,,0,0,0,0,0,0,1,0,1947-04-17,,1,,,,,,,,,,,,,,,,
432105,0065125,3,熊本県,クマモトケン,Kumamoto,,,,菊池市,キクチシ,Kikuchi-shi,,,,深川,フカガワ,,,,,古池,フルジ,,,0,0,0,0,0,0,1,0,1947-04-17,,1,,,,,,,,,,,,,,,,
432105,0065126,3,熊本県,クマモトケン,Kumamoto,,,,菊池市,キクチシ,Kikuchi-shi,,,,深川,フカガワ,,,,,小井手端,コイデバタ,,,0,0,0,0,0,0,1,0,1947-04-17,,1,,,,,,,,,,,,,,,,
432105,0065127,3,熊本県,クマモトケン,Kumamoto,,,,菊池市,キクチシ,Kikuchi-shi,,,,深川,フカガワ,,,,,樋ノ向,トイノムコウ,,,0,0,0,0,0,0,1,0,1947-04-17,,1,,,,,,,,,,,,,,,,
432105,0066000,1,熊本県,クマモトケン,Kumamoto,,,,菊池市,キクチシ,Kikuchi-shi,,,,藤田,フジタ,Fujita,,,,,,,,0,0,0,0,0,0,1,1,1947-04-17,,0,8611309,,,,,,,,,,,,,,,
432105,0066120,3,熊本県,クマモトケン,Kumamoto,,,,菊池市,キクチシ,Kikuchi-shi,,,,藤田,フジタ,,,,,猫坂,ネコザカ,,,0,0,0,0,0,0,1,0,1947-04-17,,1,,,,,,,,,,,,,,,,
432105,0066121,3,熊本県,クマモトケン,Kumamoto,,,,菊池市,キクチシ,Kikuchi-shi,,,,藤田,フジタ,,,,,上原,ウエハラ,,,0,0,0,0,0,0,1,0,1947-04-17,,1,,,,,,,,,,,,,,,,
432105,0066122,3,熊本県,クマモトケン,Kumamoto,,,,菊池市,キクチシ,Kikuchi-shi,,,,藤田,フジタ,,,,,前田,マエダ,,,0,0,0,0,0,0,1,0,1947-04-17,,1,,,,,,,,,,,,,,,,
432105,0066123,3,熊本県,クマモトケン,Kumamoto,,,,菊池市,キクチシ,Kikuchi-shi,,,,藤田,フジタ,,,,,東山,ヒガシヤマ,,,0,0,0,0,0,0,1,0,1947-04-17,,1,,,,,,,,,,,,,,,,
432105,0066124,3,熊本県,クマモトケン,Kumamoto,,,,菊池市,キクチシ,Kikuchi-shi,,,,藤田,フジタ,,,,,鳥越,トリゴエ,,,0,0,0,0,0,0,1,0,1947-04-17,,1,,,,,,,,,,,,,,,,
432105,0066125,3,熊本県,クマモトケン,Kumamoto,,,,菊池市,キクチシ,Kikuchi-shi,,,,藤田,フジタ,,,,,山田,ヤマダ,,,0,0,0,0,0,0,1,0,1947-04-17,,1,,,,,,,,,,,,,,,,
432105,0066126,3,熊本県,クマモトケン,Kumamoto,,,,菊池市,キクチシ,Kikuchi-shi,,,,藤田,フジタ,,,,,高峯,タカミネ,,,0,0,0,0,0,0,1,0,1947-04-17,,1,,,,,,,,,,,,,,,,
432105,0066127,3,熊本県,クマモトケン,Kumamoto,,,,菊池市,キクチシ,Kikuchi-shi,,,,藤田,フジタ,,,,,岩下屋敷,イワシタヤシキ,,,0,0,0,0,0,0,1,0,1947-04-17,,1,,,,,,,,,,,,,,,,
432105,0066128,3,熊本県,クマモトケン,Kumamoto,,,,菊池市,キクチシ,Kikuchi-shi,,,,藤田,フジタ,,,,,東,ヒガシ,,,0,0,0,0,0,0,1,0,1947-04-17,,1,,,,,,,,,,,,,,,,
432105,0066129,3,熊本県,クマモトケン,Kumamoto,,,,菊池市,キクチシ,Kikuchi-shi,,,,藤田,フジタ,,,,,丑縊,ウシクビリ,,,0,0,0,0,0,0,1,0,1947-04-17,,1,,,,,,,,,,,,,,,,
432105,0066130,3,熊本県,クマモトケン,Kumamoto,,,,菊池市,キクチシ,Kikuchi-shi,,,,藤田,フジタ,,,,,長田,ナガタ,,,0,0,0,0,0,0,1,0,1947-04-17,,1,,,,,,,,,,,,,,,,
432105,0066131,3,熊本県,クマモトケン,Kumamoto,,,,菊池市,キクチシ,Kikuchi-shi,,,,藤田,フジタ,,,,,仏山,ホトケヤマ,,,0,0,0,0,0,0,1,0,1947-04-17,,1,,,,,,,,,,,,,,,,
432105,0066132,3,熊本県,クマモトケン,Kumamoto,,,,菊池市,キクチシ,Kikuchi-shi,,,,藤田,フジタ,,,,,後迫,ウシロサコ,,,0,0,0,0,0,0,1,0,1947-04-17,,1,,,,,,,,,,,,,,,,
432105,0066133,3,熊本県,クマモトケン,Kumamoto,,,,菊池市,キクチシ,Kikuchi-shi,,,,藤田,フジタ,,,,,岩下,イワシタ,,,0,0,0,0,0,0,1,0,1947-04-17,,1,,,,,,,,,,,,,,,,
432105,0066134,3,熊本県,クマモトケン,Kumamoto,,,,菊池市,キクチシ,Kikuchi-shi,,,,藤田,フジタ,,,,,上鶴,カミヅル,,,0,0,0,0,0,0,1,0,1947-04-17,,1,,,,,,,,,,,,,,,,
432105,0066135,3,熊本県,クマモトケン,Kumamoto,,,,菊池市,キクチシ,Kikuchi-shi,,,,藤田,フジタ,,,,,木戸林,キドバヤシ,,,0,0,0,0,0,0,1,0,1947-04-17,,1,,,,,,,,,,,,,,,,
432105,0066136,3,熊本県,クマモトケン,Kumamoto,,,,菊池市,キクチシ,Kikuchi-shi,,,,藤田,フジタ,,,,,長尾下,ナガオシタ,,,0,0,0,0,0,0,1,0,1947-04-17,,1,,,,,,,,,,,,,,,,
432105,0066137,3,熊本県,クマモトケン,Kumamoto,,,,菊池市,キクチシ,Kikuchi-shi,,,,藤田,フジタ,,,,,前畑,マエハタ,,,0,0,0,0,0,0,1,0,1947-04-17,,1,,,,,,,,,,,,,,,,
432105,0066138,3,熊本県,クマモトケン,Kumamoto,,,,菊池市,キクチシ,Kikuchi-shi,,,,藤田,フジタ,,,,,峯ノ上,ミネノウエ,,,0,0,0,0,0,0,1,0,1947-04-17,,1,,,,,,,,,,,,,,,,
432105,0067000,1,熊本県,クマモトケン,Kumamoto,,,,菊池市,キクチシ,Kikuchi-shi,,,,村田,ムラダ,Murada,,,,,,,,0,0,0,0,0,0,1,1,1947-04-17,,0,8611317,,,,,,,,,,,,,,,
432105,0067113,3,熊本県,クマモトケン,Kumamoto,,,,菊池市,キクチシ,Kikuchi-shi,,,,村田,ムラ,,,,,石町,タイシマチ,,,0,0,0,0,0,0,1,0,1947-04-17,,1,,,,,,,,,,,,,,,,
432105,0067114,3,熊本県,クマモトケン,Kumamoto,,,,菊池市,キクチシ,Kikuchi-shi,,,,村田,ムラ,,,,,都甲,タトコウ,,,0,0,0,0,0,0,1,0,1947-04-17,,1,,,,,,,,,,,,,,,,
432105,0067115,3,熊本県,クマモトケン,Kumamoto,,,,菊池市,キクチシ,Kikuchi-shi,,,,村田,ムラ,,,,,居屋敷,タイヤシキ,,,0,0,0,0,0,0,1,0,1947-04-17,,1,,,,,,,,,,,,,,,,
432105,0067116,3,熊本県,クマモトケン,Kumamoto,,,,菊池市,キクチシ,Kikuchi-shi,,,,村田,ムラ,,,,,前畑,タマエハタ,,,0,0,0,0,0,0,1,0,1947-04-17,,1,,,,,,,,,,,,,,,,
432105,0067117,3,熊本県,クマモトケン,Kumamoto,,,,菊池市,キクチシ,Kikuchi-shi,,,,村田,ムラ,,,,,木ノ本,タキノモト,,,0,0,0,0,0,0,1,0,1947-04-17,,1,,,,,,,,,,,,,,,,
432105,0067118,3,熊本県,クマモトケン,Kumamoto,,,,菊池市,キクチシ,Kikuchi-shi,,,,村田,ムラ,,,,,樋ノ向,タトイノムコウ,,,0,0,0,0,0,0,1,0,1947-04-17,,1,,,,,,,,,,,,,,,,
432105,0067119,3,熊本県,クマモトケン,Kumamoto,,,,菊池市,キクチシ,Kikuchi-shi,,,,村田,ムラ,,,,,古閑道,タコガミチ,,,0,0,0,0,0,0,1,0,1947-04-17,,1,,,,,,,,,,,,,,,,
432105,0067120,3,熊本県,クマモトケン,Kumamoto,,,,菊池市,キクチシ,Kikuchi-shi,,,,村田,ムラ,,,,,園田,タソノダ,,,0,0,0,0,0,0,1,0,1947-04-17,,1,,,,,,,,,,,,,,,,
432105,0067121,3,熊本県,クマモトケン,Kumamoto,,,,菊池市,キクチシ,Kikuchi-shi,,,,村田,ムラ,,,,,村下,タシタ,,,0,0,0,0,0,0,1,0,1947-04-17,,1,,,,,,,,,,,,,,,,
432105,0067122,3,熊本県,クマモトケン,Kumamoto,,,,菊池市,キクチシ,Kikuchi-shi,,,,村田,ムラ,,,,,八反田,タハツタンダ,,,0,0,0,0,0,0,1,0,1947-04-17,,1,,,,,,,,,,,,,,,,
432105,0067123,3,熊本県,クマモトケン,Kumamoto,,,,菊池市,キクチシ,Kikuchi-shi,,,,村田,ムラ,,,,,埋塚,タウメヅカ,,,0,0,0,0,0,0,1,0,1947-04-17,,1,,,,,,,,,,,,,,,,
432105,0067124,3,熊本県,クマモトケン,Kumamoto,,,,菊池市,キクチシ,Kikuchi-shi,,,,村田,ムラ,,,,,西ノ前,タニシノマエ,,,0,0,0,0,0,0,1,0,1947-04-17,,1,,,,,,,,,,,,,,,,
432105,0068000,1,熊本県,クマモトケン,Kumamoto,,,,菊池市,キクチシ,Kikuchi-shi,,,,森北,モリキタ,Morikita,,,,,,,,0,0,0,0,0,0,1,1,1947-04-17,,0,8611312,,,,,,,,,,,,,,,
432105,0068143,3,熊本県,クマモトケン,Kumamoto,,,,菊池市,キクチシ,Kikuchi-shi,,,,森北,モリキタ,,,,,東屋敷,ヒガシヤシキ,,,0,0,0,0,0,0,1,0,1947-04-17,,1,,,,,,,,,,,,,,,,
432105,0068144,3,熊本県,クマモトケン,Kumamoto,,,,菊池市,キクチシ,Kikuchi-shi,,,,森北,モリキタ,,,,,山ノ下,ヤマノシタ,,,0,0,0,0,0,0,1,0,1947-04-17,,1,,,,,,,,,,,,,,,,
432105,0068145,3,熊本県,クマモトケン,Kumamoto,,,,菊池市,キクチシ,Kikuchi-shi,,,,森北,モリキタ,,,,,尾迫,オサコ,,,0,0,0,0,0,0,1,0,1947-04-17,,1,,,,,,,,,,,,,,,,
432105,0068146,3,熊本県,クマモトケン,Kumamoto,,,,菊池市,キクチシ,Kikuchi-shi,,,,森北,モリキタ,,,,,萩ノ迫,ハギノサコ,,,0,0,0,0,0,0,1,0,1947-04-17,,1,,,,,,,,,,,,,,,,
432105,0068147,3,熊本県,クマモトケン,Kumamoto,,,,菊池市,キクチシ,Kikuchi-shi,,,,森北,モリキタ,,,,,深田,フカダ,,,0,0,0,0,0,0,1,0,1947-04-17,,1,,,,,,,,,,,,,,,,
432105,0068148,3,熊本県,クマモトケン,Kumamoto,,,,菊池市,キクチシ,Kikuchi-shi,,,,森北,モリキタ,,,,,地蔵ノ上,ジゾウノウエ,,,0,0,0,0,0,0,1,0,1947-04-17,,1,,,,,,,,,,,,,,,,
432105,0068149,3,熊本県,クマモトケン,Kumamoto,,,,菊池市,キクチシ,Kikuchi-shi,,,,森北,モリキタ,,,,,西森北,ニシ,,,0,0,0,0,0,0,1,0,1947-04-17,,1,,,,,,,,,,,,,,,,
432105,0068150,3,熊本県,クマモトケン,Kumamoto,,,,菊池市,キクチシ,Kikuchi-shi,,,,森北,モリキタ,,,,,上原,ウエハラ,,,0,0,0,0,0,0,1,0,1947-04-17,,1,,,,,,,,,,,,,,,,
432105,0068151,3,熊本県,クマモトケン,Kumamoto,,,,菊池市,キクチシ,Kikuchi-shi,,,,森北,モリキタ,,,,,万太郎,マンタロウ,,,0,0,0,0,0,0,1,0,1947-04-17,,1,,,,,,,,,,,,,,,,
432105,0068152,3,熊本県,クマモトケン,Kumamoto,,,,菊池市,キクチシ,Kikuchi-shi,,,,森北,モリキタ,,,,,落水ノ上,オチミズノウエ,,,0,0,0,0,0,0,1,0,1947-04-17,,1,,,,,,,,,,,,,,,,
432105,0068153,3,熊本県,クマモトケン,Kumamoto,,,,菊池市,キクチシ,Kikuchi-shi,,,,森北,モリキタ,,,,,立石,タテイシ,,,0,0,0,0,0,0,1,0,1947-04-17,,1,,,,,,,,,,,,,,,,
432105,0068154,3,熊本県,クマモトケン,Kumamoto,,,,菊池市,キクチシ,Kikuchi-shi,,,,森北,モリキタ,,,,,国領,コクリヨウ,,,0,0,0,0,0,0,1,0,1947-04-17,,1,,,,,,,,,,,,,,,,
432105,0068155,3,熊本県,クマモトケン,Kumamoto,,,,菊池市,キクチシ,Kikuchi-shi,,,,森北,モリキタ,,,,,上古閑,ウエコガ,,,0,0,0,0,0,0,1,0,1947-04-17,,1,,,,,,,,,,,,,,,,
432105,0068156,3,熊本県,クマモトケン,Kumamoto,,,,菊池市,キクチシ,Kikuchi-shi,,,,森北,モリキタ,,,,,迫畑,サコハタ,,,0,0,0,0,0,0,1,0,1947-04-17,,1,,,,,,,,,,,,,,,,
432105,0068157,3,熊本県,クマモトケン,Kumamoto,,,,菊池市,キクチシ,Kikuchi-shi,,,,森北,モリキタ,,,,,開,ヒラキ,,,0,0,0,0,0,0,1,0,1947-04-17,,1,,,,,,,,,,,,,,,,
432105,0068158,3,熊本県,クマモトケン,Kumamoto,,,,菊池市,キクチシ,Kikuchi-shi,,,,森北,モリキタ,,,,,竹ノ迫,タケノサコ,,,0,0,0,0,0,0,1,0,1947-04-17,,1,,,,,,,,,,,,,,,,
432105,0068159,3,熊本県,クマモトケン,Kumamoto,,,,菊池市,キクチシ,Kikuchi-shi,,,,森北,モリキタ,,,,,御屋敷,オヤシキ,,,0,0,0,0,0,0,1,0,1947-04-17,,1,,,,,,,,,,,,,,,,
432105,0068160,3,熊本県,クマモトケン,Kumamoto,,,,菊池市,キクチシ,Kikuchi-shi,,,,森北,モリキタ,,,,,鳥越,トリゴエ,,,0,0,0,0,0,0,1,0,1947-04-17,,1,,,,,,,,,,,,,,,,
432105,0068161,3,熊本県,クマモトケン,Kumamoto,,,,菊池市,キクチシ,Kikuchi-shi,,,,森北,モリキタ,,,,,大道下,ダイドウシタ,,,0,0,0,0,0,0,1,0,1947-04-17,,1,,,,,,,,,,,,,,,,
432105,0068162,3,熊本県,クマモトケン,Kumamoto,,,,菊池市,キクチシ,Kikuchi-shi,,,,森北,モリキタ,,,,,石道平,イシドウヒラ,,,0,0,0,0,0,0,1,0,1947-04-17,,1,,,,,,,,,,,,,,,,
432105,0068163,3,熊本県,クマモトケン,Kumamoto,,,,菊池市,キクチシ,Kikuchi-shi,,,,森北,モリキタ,,,,,上高山,カミコウヤマ,,,0,0,0,0,0,0,1,0,1947-04-17,,1,,,,,,,,,,,,,,,,
432105,0068164,3,熊本県,クマモトケン,Kumamoto,,,,菊池市,キクチシ,Kikuchi-shi,,,,森北,モリキタ,,,,,前畑,マエハタ,,,0,0,0,0,0,0,1,0,1947-04-17,,1,,,,,,,,,,,,,,,,
432105,0068165,3,熊本県,クマモトケン,Kumamoto,,,,菊池市,キクチシ,Kikuchi-shi,,,,森北,モリキタ,,,,,亀ノ甲,カメノコウ,,,0,0,0,0,0,0,1,0,1947-04-17,,1,,,,,,,,,,,,,,,,
432105,0068166,3,熊本県,クマモトケン,Kumamoto,,,,菊池市,キクチシ,Kikuchi-shi,,,,森北,モリキタ,,,,,芥神,アクタガミ,,,0,0,0,0,0,0,1,0,1947-04-17,,1,,,,,,,,,,,,,,,,
432105,0068167,3,熊本県,クマモトケン,Kumamoto,,,,菊池市,キクチシ,Kikuchi-shi,,,,森北,モリキタ,,,,,鳥ノ子,トリノコ,,,0,0,0,0,0,0,1,0,1947-04-17,,1,,,,,,,,,,,,,,,,
432105,0068168,3,熊本県,クマモトケン,Kumamoto,,,,菊池市,キクチシ,Kikuchi-shi,,,,森北,モリキタ,,,,,小開,コビラキ,,,0,0,0,0,0,0,1,0,1947-04-17,,1,,,,,,,,,,,,,,,,
432105,0068169,3,熊本県,クマモトケン,Kumamoto,,,,菊池市,キクチシ,Kikuchi-shi,,,,森北,モリキタ,,,,,東森北,ヒガシ,,,0,0,0,0,0,0,1,0,1947-04-17,,1,,,,,,,,,,,,,,,,
432105,0068170,3,熊本県,クマモトケン,Kumamoto,,,,菊池市,キクチシ,Kikuchi-shi,,,,森北,モリキタ,,,,,西屋敷,ニシヤシキ,,,0,0,0,0,0,0,1,0,1947-04-17,,1,,,,,,,,,,,,,,,,
432105,0068171,3,熊本県,クマモトケン,Kumamoto,,,,菊池市,キクチシ,Kikuchi-shi,,,,森北,モリキタ,,,,,髻山,モトドリヤマ,,,0,0,0,0,0,0,1,0,1947-04-17,,1,,,,,,,,,,,,,,,,
432105,0068172,3,熊本県,クマモトケン,Kumamoto,,,,菊池市,キクチシ,Kikuchi-shi,,,,森北,モリキタ,,,,,白金,シロガネ,,,0,0,0,0,0,0,1,0,1947-04-17,,1,,,,,,,,,,,,,,,,
432105,0068173,3,熊本県,クマモトケン,Kumamoto,,,,菊池市,キクチシ,Kikuchi-shi,,,,森北,モリキタ,,,,,下高山,シモコウヤマ,,,0,0,0,0,0,0,1,0,1947-04-17,,1,,,,,,,,,,,,,,,,
432105,0068174,3,熊本県,クマモトケン,Kumamoto,,,,菊池市,キクチシ,Kikuchi-shi,,,,森北,モリキタ,,,,,後田,ウシロダ,,,0,0,0,0,0,0,1,0,1947-04-17,,1,,,,,,,,,,,,,,,,
432105,0068175,3,熊本県,クマモトケン,Kumamoto,,,,菊池市,キクチシ,Kikuchi-shi,,,,森北,モリキタ,,,,,山ノ鼻,ヤマノハナ,,,0,0,0,0,0,0,1,0,1947-04-17,,1,,,,,,,,,,,,,,,,
432105,0068176,3,熊本県,クマモトケン,Kumamoto,,,,菊池市,キクチシ,Kikuchi-shi,,,,森北,モリキタ,,,,,仁田畑,ニタハタ,,,0,0,0,0,0,0,1,0,1947-04-17,,1,,,,,,,,,,,,,,,,
432105,0068177,3,熊本県,クマモトケン,Kumamoto,,,,菊池市,キクチシ,Kikuchi-shi,,,,森北,モリキタ,,,,,森北,,,,0,0,0,0,0,0,1,0,1947-04-17,,1,,,,,,,,,,,,,,,,
432105,0068178,3,熊本県,クマモトケン,Kumamoto,,,,菊池市,キクチシ,Kikuchi-shi,,,,森北,モリキタ,,,,,辰穴,タツアナ,,,0,0,0,0,0,0,1,0,1947-04-17,,1,,,,,,,,,,,,,,,,
432105,0068179,3,熊本県,クマモトケン,Kumamoto,,,,菊池市,キクチシ,Kikuchi-shi,,,,森北,モリキタ,,,,,院ノ馬場,インノババ,,,0,0,0,0,0,0,1,0,1947-04-17,,1,,,,,,,,,,,,,,,,
432105,0068180,3,熊本県,クマモトケン,Kumamoto,,,,菊池市,キクチシ,Kikuchi-shi,,,,森北,モリキタ,,,,,落水,オチミズ,,,0,0,0,0,0,0,1,0,1947-04-17,,1,,,,,,,,,,,,,,,,
432105,0068181,3,熊本県,クマモトケン,Kumamoto,,,,菊池市,キクチシ,Kikuchi-shi,,,,森北,モリキタ,,,,,中ノ坪,ナカノツボ,,,0,0,0,0,0,0,1,0,1947-04-17,,1,,,,,,,,,,,,,,,,
432105,0068182,3,熊本県,クマモトケン,Kumamoto,,,,菊池市,キクチシ,Kikuchi-shi,,,,森北,モリキタ,,,,,八久保,ハチクボ,,,0,0,0,0,0,0,1,0,1947-04-17,,1,,,,,,,,,,,,,,,,
432105,0068183,3,熊本県,クマモトケン,Kumamoto,,,,菊池市,キクチシ,Kikuchi-shi,,,,森北,モリキタ,,,,,馬渡,ウマワタリ,,,0,0,0,0,0,0,1,0,1947-04-17,,1,,,,,,,,,,,,,,,,
432105,0068184,3,熊本県,クマモトケン,Kumamoto,,,,菊池市,キクチシ,Kikuchi-shi,,,,森北,モリキタ,,,,,土取,ツチトリ,,,0,0,0,0,0,0,1,0,1947-04-17,,1,,,,,,,,,,,,,,,,
432105,0069000,1,熊本県,クマモトケン,Kumamoto,,,,菊池市,キクチシ,Kikuchi-shi,,,,雪野,ユキノ,Yukino,,,,,,,,0,0,0,0,0,0,1,1,1947-04-17,,0,8611681,,,,,,,,,,,,,,,
432105,0069130,3,熊本県,クマモトケン,Kumamoto,,,,菊池市,キクチシ,Kikuchi-shi,,,,雪野,ユキノ,,,,,柱松,ハシラマツ,,,0,0,0,0,0,0,1,0,1947-04-17,,1,,,,,,,,,,,,,,,,
432105,0069131,3,熊本県,クマモトケン,Kumamoto,,,,菊池市,キクチシ,Kikuchi-shi,,,,雪野,ユキノ,,,,,天ヶ瀬,アマガセ,,,0,0,0,0,0,0,1,0,1947-04-17,,1,,,,,,,,,,,,,,,,
432105,0069132,3,熊本県,クマモトケン,Kumamoto,,,,菊池市,キクチシ,Kikuchi-shi,,,,雪野,ユキノ,,,,,花香僧,ハナコソウ,,,0,0,0,0,0,0,1,0,1947-04-17,,1,,,,,,,,,,,,,,,,
432105,0069133,3,熊本県,クマモトケン,Kumamoto,,,,菊池市,キクチシ,Kikuchi-shi,,,,雪野,ユキノ,,,,,鳶尾,トビオ,,,0,0,0,0,0,0,1,0,1947-04-17,,1,,,,,,,,,,,,,,,,
432105,0069134,3,熊本県,クマモトケン,Kumamoto,,,,菊池市,キクチシ,Kikuchi-shi,,,,雪野,ユキノ,,,,,塔ノ本,トウノモト,,,0,0,0,0,0,0,1,0,1947-04-17,,1,,,,,,,,,,,,,,,,
432105,0069135,3,熊本県,クマモトケン,Kumamoto,,,,菊池市,キクチシ,Kikuchi-shi,,,,雪野,ユキノ,,,,,重尾,シゲオ,,,0,0,0,0,0,0,1,0,1947-04-17,,1,,,,,,,,,,,,,,,,
432105,0069136,3,熊本県,クマモトケン,Kumamoto,,,,菊池市,キクチシ,Kikuchi-shi,,,,雪野,ユキノ,,,,,鳥越,トリゴエ,,,0,0,0,0,0,0,1,0,1947-04-17,,1,,,,,,,,,,,,,,,,
432105,0069137,3,熊本県,クマモトケン,Kumamoto,,,,菊池市,キクチシ,Kikuchi-shi,,,,雪野,ユキノ,,,,,横倉,ヨコクラ,,,0,0,0,0,0,0,1,0,1947-04-17,,1,,,,,,,,,,,,,,,,
432105,0069138,3,熊本県,クマモトケン,Kumamoto,,,,菊池市,キクチシ,Kikuchi-shi,,,,雪野,ユキノ,,,,,赤坂,アカサカ,,,0,0,0,0,0,0,1,0,1947-04-17,,1,,,,,,,,,,,,,,,,
432105,0069139,3,熊本県,クマモトケン,Kumamoto,,,,菊池市,キクチシ,Kikuchi-shi,,,,雪野,ユキノ,,,,,柚ノ木迫,ユノキサコ,,,0,0,0,0,0,0,1,0,1947-04-17,,1,,,,,,,,,,,,,,,,
432105,0069140,3,熊本県,クマモトケン,Kumamoto,,,,菊池市,キクチシ,Kikuchi-shi,,,,雪野,ユキノ,,,,,牧原,マキハラ,,,0,0,0,0,0,0,1,0,1947-04-17,,1,,,,,,,,,,,,,,,,
432105,0069141,3,熊本県,クマモトケン,Kumamoto,,,,菊池市,キクチシ,Kikuchi-shi,,,,雪野,ユキノ,,,,,長迫,ナガサコ,,,0,0,0,0,0,0,1,0,1947-04-17,,1,,,,,,,,,,,,,,,,
432105,0069142,3,熊本県,クマモトケン,Kumamoto,,,,菊池市,キクチシ,Kikuchi-shi,,,,雪野,ユキノ,,,,,中川,ナカガワ,,,0,0,0,0,0,0,1,0,1947-04-17,,1,,,,,,,,,,,,,,,,
432105,0069143,3,熊本県,クマモトケン,Kumamoto,,,,菊池市,キクチシ,Kikuchi-shi,,,,雪野,ユキノ,,,,,五社尾,ゴシヤオ,,,0,0,0,0,0,0,1,0,1947-04-17,,1,,,,,,,,,,,,,,,,
432105,0069144,3,熊本県,クマモトケン,Kumamoto,,,,菊池市,キクチシ,Kikuchi-shi,,,,雪野,ユキノ,,,,,平,タイラ,,,0,0,0,0,0,0,1,0,1947-04-17,,1,,,,,,,,,,,,,,,,
432105,0069145,3,熊本県,クマモトケン,Kumamoto,,,,菊池市,キクチシ,Kikuchi-shi,,,,雪野,ユキノ,,,,,前鶴,マエヅル,,,0,0,0,0,0,0,1,0,1947-04-17,,1,,,,,,,,,,,,,,,,
432105,0069146,3,熊本県,クマモトケン,Kumamoto,,,,菊池市,キクチシ,Kikuchi-shi,,,,雪野,ユキノ,,,,,蕨野,ワラビノ,,,0,0,0,0,0,0,1,0,1947-04-17,,1,,,,,,,,,,,,,,,,
432105,0069147,3,熊本県,クマモトケン,Kumamoto,,,,菊池市,キクチシ,Kikuchi-shi,,,,雪野,ユキノ,,,,,城平,ジヨウビラ,,,0,0,0,0,0,0,1,0,1947-04-17,,1,,,,,,,,,,,,,,,,
432105,0069148,3,熊本県,クマモトケン,Kumamoto,,,,菊池市,キクチシ,Kikuchi-shi,,,,雪野,ユキノ,,,,,大池辺,オオイケベ,,,0,0,0,0,0,0,1,0,1947-04-17,,1,,,,,,,,,,,,,,,,
432105,0069149,3,熊本県,クマモトケン,Kumamoto,,,,菊池市,キクチシ,Kikuchi-shi,,,,雪野,ユキノ,,,,,赤岩,アカイワ,,,0,0,0,0,0,0,1,0,1947-04-17,,1,,,,,,,,,,,,,,,,
432105,0069150,3,熊本県,クマモトケン,Kumamoto,,,,菊池市,キクチシ,Kikuchi-shi,,,,雪野,ユキノ,,,,,八幡鶴,ヤハタヅル,,,0,0,0,0,0,0,1,0,1947-04-17,,1,,,,,,,,,,,,,,,,
432105,0069151,3,熊本県,クマモトケン,Kumamoto,,,,菊池市,キクチシ,Kikuchi-shi,,,,雪野,ユキノ,,,,,加護峰,カゴミネ,,,0,0,0,0,0,0,1,0,1947-04-17,,1,,,,,,,,,,,,,,,,
432105,0069152,3,熊本県,クマモトケン,Kumamoto,,,,菊池市,キクチシ,Kikuchi-shi,,,,雪野,ユキノ,,,,,打越,ウチコシ,,,0,0,0,0,0,0,1,0,1947-04-17,,1,,,,,,,,,,,,,,,,
432105,0069153,3,熊本県,クマモトケン,Kumamoto,,,,菊池市,キクチシ,Kikuchi-shi,,,,雪野,ユキノ,,,,,祈禱僧,キトウソウ,,,0,0,0,0,0,0,1,0,1947-04-17,,1,,,,,,,*_MJ018972_*,,,,,,,,,
432105,0069154,3,熊本県,クマモトケン,Kumamoto,,,,菊池市,キクチシ,Kikuchi-shi,,,,雪野,ユキノ,,,,,松田,マツダ,,,0,0,0,0,0,0,1,0,1947-04-17,,1,,,,,,,,,,,,,,,,
432105,0069155,3,熊本県,クマモトケン,Kumamoto,,,,菊池市,キクチシ,Kikuchi-shi,,,,雪野,ユキノ,,,,,西ノ原,ニシノハラ,,,0,0,0,0,0,0,1,0,1947-04-17,,1,,,,,,,,,,,,,,,,
432105,0069156,3,熊本県,クマモトケン,Kumamoto,,,,菊池市,キクチシ,Kikuchi-shi,,,,雪野,ユキノ,,,,,清水,シミズ,,,0,0,0,0,0,0,1,0,1947-04-17,,1,,,,,,,,,,,,,,,,
432105,0069157,3,熊本県,クマモトケン,Kumamoto,,,,菊池市,キクチシ,Kikuchi-shi,,,,雪野,ユキノ,,,,,赤松,アカマツ,,,0,0,0,0,0,0,1,0,1947-04-17,,1,,,,,,,,,,,,,,,,
432105,0069158,3,熊本県,クマモトケン,Kumamoto,,,,菊池市,キクチシ,Kikuchi-shi,,,,雪野,ユキノ,,,,,犬滝,イヌタキ,,,0,0,0,0,0,0,1,0,1947-04-17,,1,,,,,,,,,,,,,,,,
432105,0069159,3,熊本県,クマモトケン,Kumamoto,,,,菊池市,キクチシ,Kikuchi-shi,,,,雪野,ユキノ,,,,,水上,ミズカミ,,,0,0,0,0,0,0,1,0,1947-04-17,,1,,,,,,,,,,,,,,,,
432105,0070000,1,熊本県,クマモトケン,Kumamoto,,,,菊池市,キクチシ,Kikuchi-shi,,,,吉富,ヨシドミ,,,,,,,,,0,0,0,0,0,0,1,1,1947-04-17,,0,,,,,,,,,,,,,,,,
432105,0070104,3,熊本県,クマモトケン,Kumamoto,,,,菊池市,キクチシ,Kikuchi-shi,,,,吉富,ヨシ,,,,,亀の甲,トミカメノコウ,,,0,0,0,0,0,0,1,0,1947-04-17,,1,,,,,,,,,,,,,,,,
432105,0070105,3,熊本県,クマモトケン,Kumamoto,,,,菊池市,キクチシ,Kikuchi-shi,,,,吉富,ヨシ,,,,,中道,トミチユウドウ,,,0,0,0,0,0,0,1,0,1947-04-17,,1,,,,,,,,,,,,,,,,
432105,0070106,3,熊本県,クマモトケン,Kumamoto,,,,菊池市,キクチシ,Kikuchi-shi,,,,吉富,ヨシ,,,,,今寺,トミイマデラ,,,0,0,0,0,0,0,1,0,1947-04-17,,1,,,,,,,,,,,,,,,,
432105,0071000,1,熊本県,クマモトケン,Kumamoto,,,,菊池市,キクチシ,Kikuchi-shi,,,,米原,ヨナバル,,,,,,,,,0,0,0,0,0,0,1,1,1947-04-17,,0,,,,,,,,,,,,,,,,
432105,0071102,3,熊本県,クマモトケン,Kumamoto,,,,菊池市,キクチシ,Kikuchi-shi,,,,米原,ヨナバル,,,,,山田,ヤマダ,,,0,0,0,0,0,0,1,0,1947-04-17,,1,,,,,,,,,,,,,,,,
432105,0072000,1,熊本県,クマモトケン,Kumamoto,,,,菊池市,キクチシ,Kikuchi-shi,,,,龍門,リュウモン,Ryumon,,,,,,,,0,0,0,0,0,0,1,1,1947-04-17,,0,8611672,,,,,,,,,,,,,,,
432105,0072159,3,熊本県,クマモトケン,Kumamoto,,,,菊池市,キクチシ,Kikuchi-shi,,,,龍門,リュウモン,,,,,後迫,ウシロサコ,,,0,0,0,0,0,0,1,0,1947-04-17,,1,,,,,,,,,,,,,,,,
432105,0072160,3,熊本県,クマモトケン,Kumamoto,,,,菊池市,キクチシ,Kikuchi-shi,,,,龍門,リュウモン,,,,,嶽ノ下,タケノシタ,,,0,0,0,0,0,0,1,0,1947-04-17,,1,,,,,,,,,,,,,,,,
432105,0072161,3,熊本県,クマモトケン,Kumamoto,,,,菊池市,キクチシ,Kikuchi-shi,,,,龍門,リュウモン,,,,,古田,フルタ,,,0,0,0,0,0,0,1,0,1947-04-17,,1,,,,,,,,,,,,,,,,
432105,0072162,3,熊本県,クマモトケン,Kumamoto,,,,菊池市,キクチシ,Kikuchi-shi,,,,龍門,リュウモン,,,,,松原,マツバラ,,,0,0,0,0,0,0,1,0,1947-04-17,,1,,,,,,,,,,,,,,,,
432105,0072163,3,熊本県,クマモトケン,Kumamoto,,,,菊池市,キクチシ,Kikuchi-shi,,,,龍門,リュウモン,,,,,曲町,クセマチ,,,0,0,0,0,0,0,1,0,1947-04-17,,1,,,,,,,,,,,,,,,,
432105,0072164,3,熊本県,クマモトケン,Kumamoto,,,,菊池市,キクチシ,Kikuchi-shi,,,,龍門,リュウモン,,,,,戸段野,トダンノ,,,0,0,0,0,0,0,1,0,1947-04-17,,1,,,,,,,,,,,,,,,,
432105,0072165,3,熊本県,クマモトケン,Kumamoto,,,,菊池市,キクチシ,Kikuchi-shi,,,,龍門,リュウモン,,,,,天ヶ瀬,アマガセ,,,0,0,0,0,0,0,1,0,1947-04-17,,1,,,,,,,,,,,,,,,,
432105,0072166,3,熊本県,クマモトケン,Kumamoto,,,,菊池市,キクチシ,Kikuchi-shi,,,,龍門,リュウモン,,,,,寺尾野,テラオノ,,,0,0,0,0,0,0,1,0,1947-04-17,,1,,,,,,,,,,,,,,,,
432105,0072167,3,熊本県,クマモトケン,Kumamoto,,,,菊池市,キクチシ,Kikuchi-shi,,,,龍門,リュウモン,,,,,村脇,ムラワキ,,,0,0,0,0,0,0,1,0,1947-04-17,,1,,,,,,,,,,,,,,,,
432105,0072168,3,熊本県,クマモトケン,Kumamoto,,,,菊池市,キクチシ,Kikuchi-shi,,,,龍門,リュウモン,,,,,染土,ソメツチ,,,0,0,0,0,0,0,1,0,1947-04-17,,1,,,,,,,,,,,,,,,,
432105,0072169,3,熊本県,クマモトケン,Kumamoto,,,,菊池市,キクチシ,Kikuchi-shi,,,,龍門,リュウモン,,,,,上虎口,カミコク,,,0,0,0,0,0,0,1,0,1947-04-17,,1,,,,,,,,,,,,,,,,
432105,0072170,3,熊本県,クマモトケン,Kumamoto,,,,菊池市,キクチシ,Kikuchi-shi,,,,龍門,リュウモン,,,,,美賀,ミカ,,,0,0,0,0,0,0,1,0,1947-04-17,,1,,,,,,,,,,,,,,,,
432105,0072171,3,熊本県,クマモトケン,Kumamoto,,,,菊池市,キクチシ,Kikuchi-shi,,,,龍門,リュウモン,,,,,平羅石,ヒラライシ,,,0,0,0,0,0,0,1,0,1947-04-17,,1,,,,,,,,,,,,,,,,
432105,0072172,3,熊本県,クマモトケン,Kumamoto,,,,菊池市,キクチシ,Kikuchi-shi,,,,龍門,リュウモン,,,,,鷹取,タカトリ,,,0,0,0,0,0,0,1,0,1947-04-17,,1,,,,,,,,,,,,,,,,
432105,0072173,3,熊本県,クマモトケン,Kumamoto,,,,菊池市,キクチシ,Kikuchi-shi,,,,龍門,リュウモン,,,,,藤波,フジナミ,,,0,0,0,0,0,0,1,0,1947-04-17,,1,,,,,,,,,,,,,,,,
432105,0072174,3,熊本県,クマモトケン,Kumamoto,,,,菊池市,キクチシ,Kikuchi-shi,,,,龍門,リュウモン,,,,,小糸口,コイトグチ,,,0,0,0,0,0,0,1,0,1947-04-17,,1,,,,,,,,,,,,,,,,
432105,0072175,3,熊本県,クマモトケン,Kumamoto,,,,菊池市,キクチシ,Kikuchi-shi,,,,龍門,リュウモン,,,,,白仁田,シロニタ,,,0,0,0,0,0,0,1,0,1947-04-17,,1,,,,,,,,,,,,,,,,
432105,0072176,3,熊本県,クマモトケン,Kumamoto,,,,菊池市,キクチシ,Kikuchi-shi,,,,龍門,リュウモン,,,,,樋之口,ヒノクチ,,,0,0,0,0,0,0,1,0,1947-04-17,,1,,,,,,,,,,,,,,,,
432105,0072177,3,熊本県,クマモトケン,Kumamoto,,,,菊池市,キクチシ,Kikuchi-shi,,,,龍門,リュウモン,,,,,宮ノ上,ミヤノウエ,,,0,0,0,0,0,0,1,0,1947-04-17,,1,,,,,,,,,,,,,,,,
432105,0072178,3,熊本県,クマモトケン,Kumamoto,,,,菊池市,キクチシ,Kikuchi-shi,,,,龍門,リュウモン,,,,,虎口,コク,,,0,0,0,0,0,0,1,0,1947-04-17,,1,,,,,,,,,,,,,,,,
432105,0072179,3,熊本県,クマモトケン,Kumamoto,,,,菊池市,キクチシ,Kikuchi-shi,,,,龍門,リュウモン,,,,,甫田ノ瀬,ホタノセ,,,0,0,0,0,0,0,1,0,1947-04-17,,1,,,,,,,,,,,,,,,,
432105,0072180,3,熊本県,クマモトケン,Kumamoto,,,,菊池市,キクチシ,Kikuchi-shi,,,,龍門,リュウモン,,,,,中片,ナカヘギ,,,0,0,0,0,0,0,1,0,1947-04-17,,1,,,,,,,,,,,,,,,,
432105,0072181,3,熊本県,クマモトケン,Kumamoto,,,,菊池市,キクチシ,Kikuchi-shi,,,,龍門,リュウモン,,,,,芳原,ヨシワラ,,,0,0,0,0,0,0,1,0,1947-04-17,,1,,,,,,,,,,,,,,,,
432105,0072182,3,熊本県,クマモトケン,Kumamoto,,,,菊池市,キクチシ,Kikuchi-shi,,,,龍門,リュウモン,,,,,井川谷,イガワダニ,,,0,0,0,0,0,0,1,0,1947-04-17,,1,,,,,,,,,,,,,,,,
432105,0072183,3,熊本県,クマモトケン,Kumamoto,,,,菊池市,キクチシ,Kikuchi-shi,,,,龍門,リュウモン,,,,,勢帰,セイガエシ,,,0,0,0,0,0,0,1,0,1947-04-17,,1,,,,,,,,,,,,,,,,
432105,0072184,3,熊本県,クマモトケン,Kumamoto,,,,菊池市,キクチシ,Kikuchi-shi,,,,龍門,リュウモン,,,,,椎木,シイノキ,,,0,0,0,0,0,0,1,0,1947-04-17,,1,,,,,,,,,,,,,,,,
432105,0072185,3,熊本県,クマモトケン,Kumamoto,,,,菊池市,キクチシ,Kikuchi-shi,,,,龍門,リュウモン,,,,,鶴迫,ツルサコ,,,0,0,0,0,0,0,1,0,1947-04-17,,1,,,,,,,,,,,,,,,,
432105,0072186,3,熊本県,クマモトケン,Kumamoto,,,,菊池市,キクチシ,Kikuchi-shi,,,,龍門,リュウモン,,,,,荒谷,アラタニ,,,0,0,0,0,0,0,1,0,1947-04-17,,1,,,,,,,,,,,,,,,,
432105,0072187,3,熊本県,クマモトケン,Kumamoto,,,,菊池市,キクチシ,Kikuchi-shi,,,,龍門,リュウモン,,,,,筒井迫,ツツイサコ,,,0,0,0,0,0,0,1,0,1947-04-17,,1,,,,,,,,,,,,,,,,
432105,0072188,3,熊本県,クマモトケン,Kumamoto,,,,菊池市,キクチシ,Kikuchi-shi,,,,龍門,リュウモン,,,,,長野,ナガノ,,,0,0,0,0,0,0,1,0,1947-04-17,,1,,,,,,,,,,,,,,,,
432105,0072189,3,熊本県,クマモトケン,Kumamoto,,,,菊池市,キクチシ,Kikuchi-shi,,,,龍門,リュウモン,,,,,矢筈嶽,ヤハズダケ,,,0,0,0,0,0,0,1,0,1947-04-17,,1,,,,,,,,,,,,,,,,
432105,0072190,3,熊本県,クマモトケン,Kumamoto,,,,菊池市,キクチシ,Kikuchi-shi,,,,龍門,リュウモン,,,,,桜原,サクラワラ,,,0,0,0,0,0,0,1,0,1947-04-17,,1,,,,,,,,,,,,,,,,
432105,0072191,3,熊本県,クマモトケン,Kumamoto,,,,菊池市,キクチシ,Kikuchi-shi,,,,龍門,リュウモン,,,,,大野,オオノ,,,0,0,0,0,0,0,1,0,1947-04-17,,1,,,,,,,,,,,,,,,,
432105,0072192,3,熊本県,クマモトケン,Kumamoto,,,,菊池市,キクチシ,Kikuchi-shi,,,,龍門,リュウモン,,,,,虎口前,コクマエ,,,0,0,0,0,0,0,1,0,1947-04-17,,1,,,,,,,,,,,,,,,,
432105,0072193,3,熊本県,クマモトケン,Kumamoto,,,,菊池市,キクチシ,Kikuchi-shi,,,,龍門,リュウモン,,,,,清水山,ソウズヤマ,,,0,0,0,0,0,0,1,0,1947-04-17,,1,,,,,,,,,,,,,,,,
432105,0072194,3,熊本県,クマモトケン,Kumamoto,,,,菊池市,キクチシ,Kikuchi-shi,,,,龍門,リュウモン,,,,,賀村,カムラ,,,0,0,0,0,0,0,1,0,1947-04-17,,1,,,,,,,,,,,,,,,,
432105,0072195,3,熊本県,クマモトケン,Kumamoto,,,,菊池市,キクチシ,Kikuchi-shi,,,,龍門,リュウモン,,,,,押垣,オシガキ,,,0,0,0,0,0,0,1,0,1947-04-17,,1,,,,,,,,,,,,,,,,
432105,0072196,3,熊本県,クマモトケン,Kumamoto,,,,菊池市,キクチシ,Kikuchi-shi,,,,龍門,リュウモン,,,,,芋切,イモキリ,,,0,0,0,0,0,0,1,0,1947-04-17,,1,,,,,,,,,,,,,,,,
432105,0072197,3,熊本県,クマモトケン,Kumamoto,,,,菊池市,キクチシ,Kikuchi-shi,,,,龍門,リュウモン,,,,,瀬戸,セト,,,0,0,0,0,0,0,1,0,1947-04-17,,1,,,,,,,,,,,,,,,,
432105,0072198,3,熊本県,クマモトケン,Kumamoto,,,,菊池市,キクチシ,Kikuchi-shi,,,,龍門,リュウモン,,,,,治田道,ジタミチ,,,0,0,0,0,0,0,1,0,1947-04-17,,1,,,,,,,,,,,,,,,,
432105,0072199,3,熊本県,クマモトケン,Kumamoto,,,,菊池市,キクチシ,Kikuchi-shi,,,,龍門,リュウモン,,,,,前,マエ,,,0,0,0,0,0,0,1,0,1947-04-17,,1,,,,,,,,,,,,,,,,
432105,0072200,3,熊本県,クマモトケン,Kumamoto,,,,菊池市,キクチシ,Kikuchi-shi,,,,龍門,リュウモン,,,,,杉ノ本,スギノモト,,,0,0,0,0,0,0,1,0,1947-04-17,,1,,,,,,,,,,,,,,,,
432105,0072201,3,熊本県,クマモトケン,Kumamoto,,,,菊池市,キクチシ,Kikuchi-shi,,,,龍門,リュウモン,,,,,市野々,イチノノ,,,0,0,0,0,0,0,1,0,1947-04-17,,1,,,,,,,,,,,,,,,,
432105,0072202,3,熊本県,クマモトケン,Kumamoto,,,,菊池市,キクチシ,Kikuchi-shi,,,,龍門,リュウモン,,,,,土井ノ上,ドイノウエ,,,0,0,0,0,0,0,1,0,1947-04-17,,1,,,,,,,,,,,,,,,,
432105,0072203,3,熊本県,クマモトケン,Kumamoto,,,,菊池市,キクチシ,Kikuchi-shi,,,,龍門,リュウモン,,,,,上寺尾野,カミテラオノ,,,0,0,0,0,0,0,1,0,1947-04-17,,1,,,,,,,,,,,,,,,,
432105,0072204,3,熊本県,クマモトケン,Kumamoto,,,,菊池市,キクチシ,Kikuchi-shi,,,,龍門,リュウモン,,,,,狸穴,タヌキアナ,,,0,0,0,0,0,0,1,0,1947-04-17,,1,,,,,,,,,,,,,,,,
432105,0072205,3,熊本県,クマモトケン,Kumamoto,,,,菊池市,キクチシ,Kikuchi-shi,,,,龍門,リュウモン,,,,,七曲,ナナマガリ,,,0,0,0,0,0,0,1,0,1947-04-17,,1,,,,,,,,,,,,,,,,
432105,0072206,3,熊本県,クマモトケン,Kumamoto,,,,菊池市,キクチシ,Kikuchi-shi,,,,龍門,リュウモン,,,,,市野ノ向,イチノノムカイ,,,0,0,0,0,0,0,1,0,1947-04-17,,1,,,,,,,,,,,,,,,,
432105,0072207,3,熊本県,クマモトケン,Kumamoto,,,,菊池市,キクチシ,Kikuchi-shi,,,,龍門,リュウモン,,,,,権現山,ゴンゲンヤマ,,,0,0,0,0,0,0,1,0,1947-04-17,,1,,,,,,,,,,,,,,,,
432105,0072208,3,熊本県,クマモトケン,Kumamoto,,,,菊池市,キクチシ,Kikuchi-shi,,,,龍門,リュウモン,,,,,井手ノ上,イデノウエ,,,0,0,0,0,0,0,1,0,1947-04-17,,1,,,,,,,,,,,,,,,,
432105,0072209,3,熊本県,クマモトケン,Kumamoto,,,,菊池市,キクチシ,Kikuchi-shi,,,,龍門,リュウモン,,,,,白戸,シラト,,,0,0,0,0,0,0,1,0,1947-04-17,,1,,,,,,,,,,,,,,,,
432105,0072210,3,熊本県,クマモトケン,Kumamoto,,,,菊池市,キクチシ,Kikuchi-shi,,,,龍門,リュウモン,,,,,遠矢ヶ迫,トウヤガサコ,,,0,0,0,0,0,0,1,0,1947-04-17,,1,,,,,,,,,,,,,,,,
432105,0072211,3,熊本県,クマモトケン,Kumamoto,,,,菊池市,キクチシ,Kikuchi-shi,,,,龍門,リュウモン,,,,,兎谷,ウサギダニ,,,0,0,0,0,0,0,1,0,1947-04-17,,1,,,,,,,,,,,,,,,,
432105,0072212,3,熊本県,クマモトケン,Kumamoto,,,,菊池市,キクチシ,Kikuchi-shi,,,,龍門,リュウモン,,,,,川曲,カワマガリ,,,0,0,0,0,0,0,1,0,1947-04-17,,1,,,,,,,,,,,,,,,,
432105,0072213,3,熊本県,クマモトケン,Kumamoto,,,,菊池市,キクチシ,Kikuchi-shi,,,,龍門,リュウモン,,,,,漆窪,ウルシクボ,,,0,0,0,0,0,0,1,0,1947-04-17,,1,,,,,,,,,,,,,,,,
432105,0072214,3,熊本県,クマモトケン,Kumamoto,,,,菊池市,キクチシ,Kikuchi-shi,,,,龍門,リュウモン,,,,,梅木谷,ウメキダニ,,,0,0,0,0,0,0,1,0,1947-04-17,,1,,,,,,,,,,,,,,,,
432105,0072215,3,熊本県,クマモトケン,Kumamoto,,,,菊池市,キクチシ,Kikuchi-shi,,,,龍門,リュウモン,,,,,御河原,ミガワラ,,,0,0,0,0,0,0,1,0,1947-04-17,,1,,,,,,,,,,,,,,,,
432105,0072216,3,熊本県,クマモトケン,Kumamoto,,,,菊池市,キクチシ,Kikuchi-shi,,,,龍門,リュウモン,,,,,上鶴,ウエヅル,,,0,0,0,0,0,0,1,0,1947-04-17,,1,,,,,,,,,,,,,,,,
432105,0073000,1,熊本県,クマモトケン,Kumamoto,,,,菊池市,キクチシ,Kikuchi-shi,,,,隈府,ワイフ,Waifu,,,,,,,,0,0,0,0,0,0,1,1,1947-04-17,,0,8611331,,,,,,,,,,,,,,,
432105,0073131,3,熊本県,クマモトケン,Kumamoto,,,,菊池市,キクチシ,Kikuchi-shi,,,,隈府,ワイフ,,,,,梅ノ木,ウメノキ,,,0,0,0,0,0,0,1,0,1947-04-17,,1,,,,,,,,,,,,,,,,
432105,0073132,3,熊本県,クマモトケン,Kumamoto,,,,菊池市,キクチシ,Kikuchi-shi,,,,隈府,ワイフ,,,,,永瀬,ナガセ,,,0,0,0,0,0,0,1,0,1947-04-17,,1,,,,,,,,,,,,,,,,
432105,0073133,3,熊本県,クマモトケン,Kumamoto,,,,菊池市,キクチシ,Kikuchi-shi,,,,隈府,ワイフ,,,,,月見殿,ツキミデン,,,0,0,0,0,0,0,1,0,1947-04-17,,1,,,,,,,,,,,,,,,,
432105,0073134,3,熊本県,クマモトケン,Kumamoto,,,,菊池市,キクチシ,Kikuchi-shi,,,,隈府,ワイフ,,,,,西古町,ニシフルマチ,,,0,0,0,0,0,0,1,0,1947-04-17,,1,,,,,,,,,,,,,,,,
432105,0073135,3,熊本県,クマモトケン,Kumamoto,,,,菊池市,キクチシ,Kikuchi-shi,,,,隈府,ワイフ,,,,,院ノ馬場,インノババ,,,0,0,0,0,0,0,1,0,1947-04-17,,1,,,,,,,,,,,,,,,,
432105,0073136,3,熊本県,クマモトケン,Kumamoto,,,,菊池市,キクチシ,Kikuchi-shi,,,,隈府,ワイフ,,,,,薮ノ内,ヤブノウチ,,,0,0,0,0,0,0,1,0,1947-04-17,,1,,,,,,,,,,,,,,,,
432105,0073137,3,熊本県,クマモトケン,Kumamoto,,,,菊池市,キクチシ,Kikuchi-shi,,,,隈府,ワイフ,,,,,宮跡,ミヤアト,,,0,0,0,0,0,0,1,0,1947-04-17,,1,,,,,,,,,,,,,,,,
432105,0073138,3,熊本県,クマモトケン,Kumamoto,,,,菊池市,キクチシ,Kikuchi-shi,,,,隈府,ワイフ,,,,,土井ノ外,ドイノソト,,,0,0,0,0,0,0,1,0,1947-04-17,,1,,,,,,,,,,,,,,,,
432105,0073139,3,熊本県,クマモトケン,Kumamoto,,,,菊池市,キクチシ,Kikuchi-shi,,,,隈府,ワイフ,,,,,村下,ムラシタ,,,0,0,0,0,0,0,1,0,1947-04-17,,1,,,,,,,,,,,,,,,,
432105,0073140,3,熊本県,クマモトケン,Kumamoto,,,,菊池市,キクチシ,Kikuchi-shi,,,,隈府,ワイフ,,,,,前田,マエダ,,,0,0,0,0,0,0,1,0,1947-04-17,,1,,,,,,,,,,,,,,,,
432105,0073141,3,熊本県,クマモトケン,Kumamoto,,,,菊池市,キクチシ,Kikuchi-shi,,,,隈府,ワイフ,,,,,城山,シロヤマ,,,0,0,0,0,0,0,1,0,1947-04-17,,1,,,,,,,,,,,,,,,,
432105,0073142,3,熊本県,クマモトケン,Kumamoto,,,,菊池市,キクチシ,Kikuchi-shi,,,,隈府,ワイフ,,,,,堀木屋敷,ホリキヤシキ,,,0,0,0,0,0,0,1,0,1947-04-17,,1,,,,,,,,,,,,,,,,
432105,0073143,3,熊本県,クマモトケン,Kumamoto,,,,菊池市,キクチシ,Kikuchi-shi,,,,隈府,ワイフ,,,,,渕園,フチゾノ,,,0,0,0,0,0,0,1,0,1947-04-17,,1,,,,,,,,,,,,,,,,
432105,0073144,3,熊本県,クマモトケン,Kumamoto,,,,菊池市,キクチシ,Kikuchi-shi,,,,隈府,ワイフ,,,,,屋敷,ヤシキ,,,0,0,0,0,0,0,1,0,1947-04-17,,1,,,,,,,,,,,,,,,,
432105,0073145,3,熊本県,クマモトケン,Kumamoto,,,,菊池市,キクチシ,Kikuchi-shi,,,,隈府,ワイフ,,,,,南古町,ミナミフルマチ,,,0,0,0,0,0,0,1,0,1947-04-17,,1,,,,,,,,,,,,,,,,
432105,0073146,3,熊本県,クマモトケン,Kumamoto,,,,菊池市,キクチシ,Kikuchi-shi,,,,隈府,ワイフ,,,,,上堀外,カミホリノソト,,,0,0,0,0,0,0,1,0,1947-04-17,,1,,,,,,,,,,,,,,,,
432105,0073147,3,熊本県,クマモトケン,Kumamoto,,,,菊池市,キクチシ,Kikuchi-shi,,,,隈府,ワイフ,,,,,下堀外,シモホリノソト,,,0,0,0,0,0,0,1,0,1947-04-17,,1,,,,,,,,,,,,,,,,
432105,0073148,3,熊本県,クマモトケン,Kumamoto,,,,菊池市,キクチシ,Kikuchi-shi,,,,隈府,ワイフ,,,,,守山,モリヤマ,,,0,0,0,0,0,0,1,0,1947-04-17,,1,,,,,,,,,,,,,,,,
432105,0073149,3,熊本県,クマモトケン,Kumamoto,,,,菊池市,キクチシ,Kikuchi-shi,,,,隈府,ワイフ,,,,,古町,フルマチ,,,0,0,0,0,0,0,1,0,1947-04-17,,1,,,,,,,,,,,,,,,,
432105,0073150,3,熊本県,クマモトケン,Kumamoto,,,,菊池市,キクチシ,Kikuchi-shi,,,,隈府,ワイフ,,,,,北原,キタバル,,,0,0,0,0,0,0,1,0,1947-04-17,,1,,,,,,,,,,,,,,,,
432105,0073151,3,熊本県,クマモトケン,Kumamoto,,,,菊池市,キクチシ,Kikuchi-shi,,,,隈府,ワイフ,,,,,音光寺,オンコウジ,,,0,0,0,0,0,0,1,0,1947-04-17,,1,,,,,,,,,,,,,,,,
432105,0073152,3,熊本県,クマモトケン,Kumamoto,,,,菊池市,キクチシ,Kikuchi-shi,,,,隈府,ワイフ,,,,,南田,ミナミダ,,,0,0,0,0,0,0,1,0,1947-04-17,,1,,,,,,,,,,,,,,,,
432105,0073153,3,熊本県,クマモトケン,Kumamoto,,,,菊池市,キクチシ,Kikuchi-shi,,,,隈府,ワイフ,,,,,中古町,ナカフルマチ,,,0,0,0,0,0,0,1,0,1947-04-17,,1,,,,,,,,,,,,,,,,
432105,0073154,3,熊本県,クマモトケン,Kumamoto,,,,菊池市,キクチシ,Kikuchi-shi,,,,隈府,ワイフ,,,,,城谷,シロタニ,,,0,0,0,0,0,0,1,0,1947-04-17,,1,,,,,,,,,,,,,,,,
432105,0073155,3,熊本県,クマモトケン,Kumamoto,,,,菊池市,キクチシ,Kikuchi-shi,,,,隈府,ワイフ,,,,,逢帰,アイガエリ,,,0,0,0,0,0,0,1,0,1947-04-17,,1,,,,,,,,,,,,,,,,
432105,0073156,3,熊本県,クマモトケン,Kumamoto,,,,菊池市,キクチシ,Kikuchi-shi,,,,隈府,ワイフ,,,,,堀木,ホリキ,,,0,0,0,0,0,0,1,0,1947-04-17,,1,,,,,,,,,,,,,,,,
432105,0073157,3,熊本県,クマモトケン,Kumamoto,,,,菊池市,キクチシ,Kikuchi-shi,,,,隈府,ワイフ,,,,,町,マチ,,,0,0,0,0,0,0,1,0,1947-04-17,,1,,,,,,,,,,,,,,,,
432105,0073158,3,熊本県,クマモトケン,Kumamoto,,,,菊池市,キクチシ,Kikuchi-shi,,,,隈府,ワイフ,,,,,堀ノ内,ホリノウチ,,,0,0,0,0,0,0,1,0,1947-04-17,,1,,,,,,,,,,,,,,,,
432105,0073159,3,熊本県,クマモトケン,Kumamoto,,,,菊池市,キクチシ,Kikuchi-shi,,,,隈府,ワイフ,,,,,北城下,キタシロシタ,,,0,0,0,0,0,0,1,0,1947-04-17,,1,,,,,,,,,,,,,,,,
432105,0073160,3,熊本県,クマモトケン,Kumamoto,,,,菊池市,キクチシ,Kikuchi-shi,,,,隈府,ワイフ,,,,,孔子堂,コウシドウ,,,0,0,0,0,0,0,1,0,1947-04-17,,1,,,,,,,,,,,,,,,,
432105,0074000,1,熊本県,クマモトケン,Kumamoto,,,,菊池市,キクチシ,Kikuchi-shi,,,,七城町鴨川,シチジヨウマチカモガワ,,,,,,,,,0,0,0,0,0,0,1,1,1947-04-17,,0,,,,,,,,,,,,,,,,
432105,0074102,3,熊本県,クマモトケン,Kumamoto,,,,菊池市,キクチシ,Kikuchi-shi,,,,七城町鴨川,カモガワ,,,,,鴨川,,,,0,0,0,0,0,0,1,0,1947-04-17,,1,,,,,,,,,,,,,,,,
432105,0077108,3,熊本県,クマモトケン,Kumamoto,,,,菊池市,キクチシ,Kikuchi-shi,,,,広瀬,ヒロセ,,,,,花房,ハナブサ,,,0,0,0,0,0,0,1,0,1947-04-17,,1,,,,,,,,,,,,,,,,
432105,0077109,3,熊本県,クマモトケン,Kumamoto,,,,菊池市,キクチシ,Kikuchi-shi,,,,広瀬,ヒロセ,,,,,屋敷,ヤシキ,,,0,0,0,0,0,0,1,0,1947-04-17,,1,,,,,,,,,,,,,,,,
432105,0077110,3,熊本県,クマモトケン,Kumamoto,,,,菊池市,キクチシ,Kikuchi-shi,,,,広瀬,ヒロセ,,,,,下ノ平,シモノヒラ,,,0,0,0,0,0,0,1,0,1947-04-17,,1,,,,,,,,,,,,,,,,
432105,0077111,3,熊本県,クマモトケン,Kumamoto,,,,菊池市,キクチシ,Kikuchi-shi,,,,広瀬,ヒロセ,,,,,北田,キタダ,,,0,0,0,0,0,0,1,0,1947-04-17,,1,,,,,,,,,,,,,,,,
432105,0077112,3,熊本県,クマモトケン,Kumamoto,,,,菊池市,キクチシ,Kikuchi-shi,,,,広瀬,ヒロセ,,,,,無田,ムタ,,,0,0,0,0,0,0,1,0,1947-04-17,,1,,,,,,,,,,,,,,,,
432105,0077113,3,熊本県,クマモトケン,Kumamoto,,,,菊池市,キクチシ,Kikuchi-shi,,,,広瀬,ヒロセ,,,,,南田,ミナミダ,,,0,0,0,0,0,0,1,0,1947-04-17,,1,,,,,,,,,,,,,,,,
432105,0077114,3,熊本県,クマモトケン,Kumamoto,,,,菊池市,キクチシ,Kikuchi-shi,,,,広瀬,ヒロセ,,,,,古閑前,コガマエ,,,0,0,0,0,0,0,1,0,1947-04-17,,1,,,,,,,,,,,,,,,,
432105,0078110,3,熊本県,クマモトケン,Kumamoto,,,,菊池市,キクチシ,Kikuchi-shi,,,,市野瀬,イチノセ,,,,,岩下,イワシタ,,,0,0,0,0,0,0,1,0,1947-04-17,,1,,,,,,,,,,,,,,,,
432105,0078111,3,熊本県,クマモトケン,Kumamoto,,,,菊池市,キクチシ,Kikuchi-shi,,,,市野瀬,イチノセ,,,,,鶴,ツル,,,0,0,0,0,0,0,1,0,1947-04-17,,1,,,,,,,,,,,,,,,,
432105,0078112,3,熊本県,クマモトケン,Kumamoto,,,,菊池市,キクチシ,Kikuchi-shi,,,,市野瀬,イチノセ,,,,,松原,マツバラ,,,0,0,0,0,0,0,1,0,1947-04-17,,1,,,,,,,,,,,,,,,,
432105,0078113,3,熊本県,クマモトケン,Kumamoto,,,,菊池市,キクチシ,Kikuchi-shi,,,,市野瀬,イチノセ,,,,,下城山,シモシロヤマ,,,0,0,0,0,0,0,1,0,1947-04-17,,1,,,,,,,,,,,,,,,,
432105,0078114,3,熊本県,クマモトケン,Kumamoto,,,,菊池市,キクチシ,Kikuchi-shi,,,,市野瀬,イチノセ,,,,,下祝,シモイワイ,,,0,0,0,0,0,0,1,0,1947-04-17,,1,,,,,,,,,,,,,,,,
432105,0078115,3,熊本県,クマモトケン,Kumamoto,,,,菊池市,キクチシ,Kikuchi-shi,,,,市野瀬,イチノセ,,,,,芥子皃,カラシガオ,,,0,0,0,0,0,0,1,0,1947-04-17,,1,,,,,,,,,,,,,,,,
432105,0078116,3,熊本県,クマモトケン,Kumamoto,,,,菊池市,キクチシ,Kikuchi-shi,,,,市野瀬,イチノセ,,,,,城山,シロヤマ,,,0,0,0,0,0,0,1,0,1947-04-17,,1,,,,,,,,,,,,,,,,
432105,0078117,3,熊本県,クマモトケン,Kumamoto,,,,菊池市,キクチシ,Kikuchi-shi,,,,市野瀬,イチノセ,,,,,祝,イワイ,,,0,0,0,0,0,0,1,0,1947-04-17,,1,,,,,,,,,,,,,,,,
432105,0078118,3,熊本県,クマモトケン,Kumamoto,,,,菊池市,キクチシ,Kikuchi-shi,,,,市野瀬,イチノセ,,,,,松尾,マツオ,,,0,0,0,0,0,0,1,0,1947-04-17,,1,,,,,,,,,,,,,,,,
432105,0079121,3,熊本県,クマモトケン,Kumamoto,,,,菊池市,キクチシ,Kikuchi-shi,,,,野間口,ノマグチ,,,,,川端,カワバタ,,,0,0,0,0,0,0,1,0,1947-04-17,,1,,,,,,,,,,,,,,,,
432105,0079122,3,熊本県,クマモトケン,Kumamoto,,,,菊池市,キクチシ,Kikuchi-shi,,,,野間口,ノマグチ,,,,,天神下,テンジンシタ,,,0,0,0,0,0,0,1,0,1947-04-17,,1,,,,,,,,,,,,,,,,
432105,0079123,3,熊本県,クマモトケン,Kumamoto,,,,菊池市,キクチシ,Kikuchi-shi,,,,野間口,ノマグチ,,,,,車町,クルママチ,,,0,0,0,0,0,0,1,0,1947-04-17,,1,,,,,,,,,,,,,,,,
432105,0079124,3,熊本県,クマモトケン,Kumamoto,,,,菊池市,キクチシ,Kikuchi-shi,,,,野間口,ノマグチ,,,,,井手ノ上,イデノウエ,,,0,0,0,0,0,0,1,0,1947-04-17,,1,,,,,,,,,,,,,,,,
432105,0079125,3,熊本県,クマモトケン,Kumamoto,,,,菊池市,キクチシ,Kikuchi-shi,,,,野間口,ノマグチ,,,,,待塚,マチヅカ,,,0,0,0,0,0,0,1,0,1947-04-17,,1,,,,,,,,,,,,,,,,
432105,0079126,3,熊本県,クマモトケン,Kumamoto,,,,菊池市,キクチシ,Kikuchi-shi,,,,野間口,ノマグチ,,,,,屋敷,ヤシキ,,,0,0,0,0,0,0,1,0,1947-04-17,,1,,,,,,,,,,,,,,,,
432105,0079127,3,熊本県,クマモトケン,Kumamoto,,,,菊池市,キクチシ,Kikuchi-shi,,,,野間口,ノマグチ,,,,,木ノ本,キノモト,,,0,0,0,0,0,0,1,0,1947-04-17,,1,,,,,,,,,,,,,,,,
432105,0079128,3,熊本県,クマモトケン,Kumamoto,,,,菊池市,キクチシ,Kikuchi-shi,,,,野間口,ノマグチ,,,,,仮屋,カリヤ,,,0,0,0,0,0,0,1,0,1947-04-17,,1,,,,,,,,,,,,,,,,
432105,0079129,3,熊本県,クマモトケン,Kumamoto,,,,菊池市,キクチシ,Kikuchi-shi,,,,野間口,ノマグチ,,,,,待居,マチイ,,,0,0,0,0,0,0,1,0,1947-04-17,,1,,,,,,,,,,,,,,,,
432105,0079130,3,熊本県,クマモトケン,Kumamoto,,,,菊池市,キクチシ,Kikuchi-shi,,,,野間口,ノマグチ,,,,,鴬田,ウグイスデン,,,0,0,0,0,0,0,1,0,1947-04-17,,1,,,,,,,,,,,,,,,,
432105,0079131,3,熊本県,クマモトケン,Kumamoto,,,,菊池市,キクチシ,Kikuchi-shi,,,,野間口,ノマグチ,,,,,前田,マエダ,,,0,0,0,0,0,0,1,0,1947-04-17,,1,,,,,,,,,,,,,,,,
432105,0079132,3,熊本県,クマモトケン,Kumamoto,,,,菊池市,キクチシ,Kikuchi-shi,,,,野間口,ノマグチ,,,,,前畑,マエハタ,,,0,0,0,0,0,0,1,0,1947-04-17,,1,,,,,,,,,,,,,,,,
432105,0079133,3,熊本県,クマモトケン,Kumamoto,,,,菊池市,キクチシ,Kikuchi-shi,,,,野間口,ノマグチ,,,,,芝原,シバワラ,,,0,0,0,0,0,0,1,0,1947-04-17,,1,,,,,,,,,,,,,,,,
432105,0079134,3,熊本県,クマモトケン,Kumamoto,,,,菊池市,キクチシ,Kikuchi-shi,,,,野間口,ノマグチ,,,,,大道端,オオミチバタ,,,0,0,0,0,0,0,1,0,1947-04-17,,1,,,,,,,,,,,,,,,,
432105,0079135,3,熊本県,クマモトケン,Kumamoto,,,,菊池市,キクチシ,Kikuchi-shi,,,,野間口,ノマグチ,,,,,中谷,ナカタニ,,,0,0,0,0,0,0,1,0,1947-04-17,,1,,,,,,,,,,,,,,,,
432105,0079136,3,熊本県,クマモトケン,Kumamoto,,,,菊池市,キクチシ,Kikuchi-shi,,,,野間口,ノマグチ,,,,,神来屋敷,オトドヤシキ,,,0,0,0,0,0,0,1,0,1947-04-17,,1,,,,,,,,,,,,,,,,
432105,0079137,3,熊本県,クマモトケン,Kumamoto,,,,菊池市,キクチシ,Kikuchi-shi,,,,野間口,ノマグチ,,,,,中河原,ナカガワラ,,,0,0,0,0,0,0,1,0,1947-04-17,,1,,,,,,,,,,,,,,,,
432105,0079138,3,熊本県,クマモトケン,Kumamoto,,,,菊池市,キクチシ,Kikuchi-shi,,,,野間口,ノマグチ,,,,,下河原,シモガワラ,,,0,0,0,0,0,0,1,0,1947-04-17,,1,,,,,,,,,,,,,,,,
432105,0079139,3,熊本県,クマモトケン,Kumamoto,,,,菊池市,キクチシ,Kikuchi-shi,,,,野間口,ノマグチ,,,,,東原,ヒガシバル,,,0,0,0,0,0,0,1,0,1947-04-17,,1,,,,,,,,,,,,,,,,
432105,0079140,3,熊本県,クマモトケン,Kumamoto,,,,菊池市,キクチシ,Kikuchi-shi,,,,野間口,ノマグチ,,,,,大代,オオシロ,,,0,0,0,0,0,0,1,0,1947-04-17,,1,,,,,,,,,,,,,,,,
432105,0080000,1,熊本県,クマモトケン,Kumamoto,,,,菊池市,キクチシ,Kikuchi-shi,,,,亘,ワタル,,,,,,,,,0,0,0,0,0,0,1,0,1947-04-17,,1,,,,,,,,,,,,,,,,
432105,0080128,3,熊本県,クマモトケン,Kumamoto,,,,菊池市,キクチシ,Kikuchi-shi,,,,亘,ワタル,,,,,栗平,クリヒラ,,,0,0,0,0,0,0,1,0,1947-04-17,,1,,,,,,,,,,,,,,,,
432105,0080129,3,熊本県,クマモトケン,Kumamoto,,,,菊池市,キクチシ,Kikuchi-shi,,,,亘,ワタル,,,,,有平,アリヒラ,,,0,0,0,0,0,0,1,0,1947-04-17,,1,,,,,,,,,,,,,,,,
432105,0080130,3,熊本県,クマモトケン,Kumamoto,,,,菊池市,キクチシ,Kikuchi-shi,,,,亘,ワタル,,,,,中洲,ナカス,,,0,0,0,0,0,0,1,0,1947-04-17,,1,,,,,,,,,,,,,,,,
432105,0080131,3,熊本県,クマモトケン,Kumamoto,,,,菊池市,キクチシ,Kikuchi-shi,,,,亘,ワタル,,,,,高尺,タカジヤク,,,0,0,0,0,0,0,1,0,1947-04-17,,1,,,,,,,,,,,,,,,,
432105,0080132,3,熊本県,クマモトケン,Kumamoto,,,,菊池市,キクチシ,Kikuchi-shi,,,,亘,ワタル,,,,,釼町,ツルギマチ,,,0,0,0,0,0,0,1,0,1947-04-17,,1,,,,,,,,,,,,,,,,
432105,0080133,3,熊本県,クマモトケン,Kumamoto,,,,菊池市,キクチシ,Kikuchi-shi,,,,亘,ワタル,,,,,道ノ上,ミチノウエ,,,0,0,0,0,0,0,1,0,1947-04-17,,1,,,,,,,,,,,,,,,,
432105,0080134,3,熊本県,クマモトケン,Kumamoto,,,,菊池市,キクチシ,Kikuchi-shi,,,,亘,ワタル,,,,,中尾刎,ナカオバネ,,,0,0,0,0,0,0,1,0,1947-04-17,,1,,,,,,,,,,,,,,,,
432105,0080135,3,熊本県,クマモトケン,Kumamoto,,,,菊池市,キクチシ,Kikuchi-shi,,,,亘,ワタル,,,,,辻,ツジ,,,0,0,0,0,0,0,1,0,1947-04-17,,1,,,,,,,MJ025761,,,,,,,,,
432105,0080136,3,熊本県,クマモトケン,Kumamoto,,,,菊池市,キクチシ,Kikuchi-shi,,,,亘,ワタル,,,,,堀木,ホリキ,,,0,0,0,0,0,0,1,0,1947-04-17,,1,,,,,,,,,,,,,,,,
432105,0080137,3,熊本県,クマモトケン,Kumamoto,,,,菊池市,キクチシ,Kikuchi-shi,,,,亘,ワタル,,,,,下堀木,シモホリキ,,,0,0,0,0,0,0,1,0,1947-04-17,,1,,,,,,,,,,,,,,,,
432105,0080138,3,熊本県,クマモトケン,Kumamoto,,,,菊池市,キクチシ,Kikuchi-shi,,,,亘,ワタル,,,,,永溝,ナガミゾ,,,0,0,0,0,0,0,1,0,1947-04-17,,1,,,,,,,,,,,,,,,,
432105,0080139,3,熊本県,クマモトケン,Kumamoto,,,,菊池市,キクチシ,Kikuchi-shi,,,,亘,ワタル,,,,,久保利,クボリ,,,0,0,0,0,0,0,1,0,1947-04-17,,1,,,,,,,,,,,,,,,,
432105,0080140,3,熊本県,クマモトケン,Kumamoto,,,,菊池市,キクチシ,Kikuchi-shi,,,,亘,ワタル,,,,,塚町,ツカマチ,,,0,0,0,0,0,0,1,0,1947-04-17,,1,,,,,,,,,,,,,,,,
432105,0080141,3,熊本県,クマモトケン,Kumamoto,,,,菊池市,キクチシ,Kikuchi-shi,,,,亘,ワタル,,,,,堂山,ドウヤマ,,,0,0,0,0,0,0,1,0,1947-04-17,,1,,,,,,,,,,,,,,,,
432105,0080142,3,熊本県,クマモトケン,Kumamoto,,,,菊池市,キクチシ,Kikuchi-shi,,,,亘,ワタル,,,,,乱橋,ミダレバシ,,,0,0,0,0,0,0,1,0,1947-04-17,,1,,,,,,,,,,,,,,,,
432105,0080143,3,熊本県,クマモトケン,Kumamoto,,,,菊池市,キクチシ,Kikuchi-shi,,,,亘,ワタル,,,,,前田,マエダ,,,0,0,0,0,0,0,1,0,1947-04-17,,1,,,,,,,,,,,,,,,,
432105,0080144,3,熊本県,クマモトケン,Kumamoto,,,,菊池市,キクチシ,Kikuchi-shi,,,,亘,ワタル,,,,,楠木畑,クスノキハタ,,,0,0,0,0,0,0,1,0,1947-04-17,,1,,,,,,,,,,,,,,,,
432105,0080145,3,熊本県,クマモトケン,Kumamoto,,,,菊池市,キクチシ,Kikuchi-shi,,,,亘,ワタル,,,,,鍛治免,カジメン,,,0,0,0,0,0,0,1,0,1947-04-17,,1,,,,,,,,,,,,,,,,
432105,0080146,3,熊本県,クマモトケン,Kumamoto,,,,菊池市,キクチシ,Kikuchi-shi,,,,亘,ワタル,,,,,松葉迫,マツバザコ,,,0,0,0,0,0,0,1,0,1947-04-17,,1,,,,,,,,,,,,,,,,
432105,0080147,3,熊本県,クマモトケン,Kumamoto,,,,菊池市,キクチシ,Kikuchi-shi,,,,亘,ワタル,,,,,岩ノ上,イワノウエ,,,0,0,0,0,0,0,1,0,1947-04-17,,1,,,,,,,,,,,,,,,,
432105,0080148,3,熊本県,クマモトケン,Kumamoto,,,,菊池市,キクチシ,Kikuchi-shi,,,,亘,ワタル,,,,,屋敷,ヤシキ,,,0,0,0,0,0,0,1,0,1947-04-17,,1,,,,,,,,,,,,,,,,
432105,0080149,3,熊本県,クマモトケン,Kumamoto,,,,菊池市,キクチシ,Kikuchi-shi,,,,亘,ワタル,,,,,西迫,ニシサコ,,,0,0,0,0,0,0,1,0,1947-04-17,,1,,,,,,,,,,,,,,,,
432105,0080150,3,熊本県,クマモトケン,Kumamoto,,,,菊池市,キクチシ,Kikuchi-shi,,,,亘,ワタル,,,,,中島,ナカシマ,,,0,0,0,0,0,0,1,0,1947-04-17,,1,,,,,,,,,,,,,,,,
432105,0080151,3,熊本県,クマモトケン,Kumamoto,,,,菊池市,キクチシ,Kikuchi-shi,,,,亘,ワタル,,,,,岩ノ下,イワノシタ,,,0,0,0,0,0,0,1,0,1947-04-17,,1,,,,,,,,,,,,,,,,
432105,0080152,3,熊本県,クマモトケン,Kumamoto,,,,菊池市,キクチシ,Kikuchi-shi,,,,亘,ワタル,,,,,北浦,キタウラ,,,0,0,0,0,0,0,1,0,1947-04-17,,1,,,,,,,,,,,,,,,,
432105,0080153,3,熊本県,クマモトケン,Kumamoto,,,,菊池市,キクチシ,Kikuchi-shi,,,,亘,ワタル,,,,,村上,ムラカミ,,,0,0,0,0,0,0,1,0,1947-04-17,,1,,,,,,,,,,,,,,,,
432105,0080154,3,熊本県,クマモトケン,Kumamoto,,,,菊池市,キクチシ,Kikuchi-shi,,,,亘,ワタル,,,,,鐘撞殿,カネツキデン,,,0,0,0,0,0,0,1,0,1947-04-17,,1,,,,,,,,,,,,,,,,
432105,0092000,1,熊本県,クマモトケン,Kumamoto,,,,菊池市,キクチシ,Kikuchi-shi,,,,砂田,スナダ,,,,,,,,,0,0,0,0,0,0,1,0,1947-04-17,,1,,,,,,,,,,,,,,,,
432105,0092101,3,熊本県,クマモトケン,Kumamoto,,,,菊池市,キクチシ,Kikuchi-shi,,,,砂田,スナダ,,,,,上河原,カミガワラ,,,0,0,0,0,0,0,1,0,1947-04-17,,1,,,,,,,,,,,,,,,,
432105,0092102,3,熊本県,クマモトケン,Kumamoto,,,,菊池市,キクチシ,Kikuchi-shi,,,,砂田,スナダ,,,,,東田,ヒガシダ,,,0,0,0,0,0,0,1,0,1947-04-17,,1,,,,,,,,,,,,,,,,
432113,0001000,1,熊本県,クマモトケン,Kumamoto,,,,宇土市,ウトシ,Uto-shi,,,,赤瀬町,アカセマチ,Akasemachi,,,,,,,,0,0,0,0,0,0,1,1,1947-04-17,,0,8693175,,,,,,,,,,,,,,,
432113,0002000,1,熊本県,クマモトケン,Kumamoto,,,,宇土市,ウトシ,Uto-shi,,,,旭町,アサヒマチ,Asahimachi,,,,,,,,0,0,0,0,0,0,1,1,1947-04-17,,0,8690432,,,,,,,,,,,,,,,
432113,0003000,1,熊本県,クマモトケン,Kumamoto,,,,宇土市,ウトシ,Uto-shi,,,,網引町,アビキマチ,Abikimachi,,,,,,,,0,0,0,0,0,0,1,1,1947-04-17,,0,8690465,,,,,,,,,,,,,,,
432113,0004000,1,熊本県,クマモトケン,Kumamoto,,,,宇土市,ウトシ,Uto-shi,,,,網津町,アミヅマチ,Amizumachi,,,,,,,,0,0,0,0,0,0,1,1,1947-04-17,,0,8690461,,,,,,,,,,,,,,,
432113,0005000,1,熊本県,クマモトケン,Kumamoto,,,,宇土市,ウトシ,Uto-shi,,,,石小路町,イシコウジマチ,Ishikojimachi,,,,,,,,0,0,0,0,0,0,1,1,1947-04-17,,0,8690441,,,,,,,,,,,,,,,
432113,0006000,1,熊本県,クマモトケン,Kumamoto,,,,宇土市,ウトシ,Uto-shi,,,,石橋町,イシバシマチ,Ishibashimachi,,,,,,,,0,0,0,0,0,0,1,1,1947-04-17,,0,8690456,,,,,,,,,,,,,,,
432113,0007000,1,熊本県,クマモトケン,Kumamoto,,,,宇土市,ウトシ,Uto-shi,,,,一里木町,イチリギマチ,Ichirigimachi,,,,,,,,0,0,0,0,0,0,1,1,1947-04-17,,0,8690435,,,,,,,,,,,,,,,
432113,0008000,1,熊本県,クマモトケン,Kumamoto,,,,宇土市,ウトシ,Uto-shi,,,,伊無田町,イムタマチ,Imutamachi,,,,,,,,0,0,0,0,0,0,1,1,1947-04-17,,0,8690423,,,,,,,,,,,,,,,
432113,0009000,1,熊本県,クマモトケン,Kumamoto,,,,宇土市,ウトシ,Uto-shi,,,,入地町,イリチマチ,Irichimachi,,,,,,,,0,0,0,0,0,0,1,1,1947-04-17,,0,8690422,,,,,,,,,,,,,,,
432113,0010000,1,熊本県,クマモトケン,Kumamoto,,,,宇土市,ウトシ,Uto-shi,,,,岩古曽町,イワコソマチ,Iwakosomachi,,,,,,,,0,0,0,0,0,0,1,1,1947-04-17,,0,8690412,,,,,,,,,,,,,,,
432113,0011000,1,熊本県,クマモトケン,Kumamoto,,,,宇土市,ウトシ,Uto-shi,,,,馬之瀬町,ウマノセマチ,Umanosemachi,,,,,,,,0,0,0,0,0,0,1,1,1947-04-17,,0,8690405,,,,,,,,,,,,,,,
432113,0012000,1,熊本県,クマモトケン,Kumamoto,,,,宇土市,ウトシ,Uto-shi,,,,浦田町,ウラタマチ,Uratamachi,,,,,,,,0,0,0,0,0,0,1,1,1947-04-17,,0,8690445,,,,,,,,,,,,,,,
432113,0013000,1,熊本県,クマモトケン,Kumamoto,,,,宇土市,ウトシ,Uto-shi,,,,恵塚町,エヅカマチ,Ezukamachi,,,,,,,,0,0,0,0,0,0,1,0,1947-04-17,,0,8690464,,,,,,,,,,,,,,,
432113,0014000,1,熊本県,クマモトケン,Kumamoto,,,,宇土市,ウトシ,Uto-shi,,,,上網田町,カミオウダマチ,Kamiodamachi,,,,,,,,0,0,0,0,0,0,1,1,1947-04-17,,0,8693172,,,,,,,,,,,,,,,
432113,0015000,1,熊本県,クマモトケン,Kumamoto,,,,宇土市,ウトシ,Uto-shi,,,,北段原町,キタダンバラマチ,Kitadambaramachi,,,,,,,,0,0,0,0,0,0,1,1,1947-04-17,,0,8690451,,,,,,,,,,,,,,,
432113,0016000,1,熊本県,クマモトケン,Kumamoto,,,,宇土市,ウトシ,Uto-shi,,,,栗崎町,クリザキマチ,Kurizakimachi,,,,,,,,0,0,0,0,0,0,1,1,1947-04-17,,0,8690425,,,,,,,,,,,,,,,
432113,0017000,1,熊本県,クマモトケン,Kumamoto,,,,宇土市,ウトシ,Uto-shi,,,,神合町,コウアイマチ,Koaimachi,,,,,,,,0,0,0,0,0,0,1,1,1947-04-17,,0,8690426,,,,,,,,,,,,,,,
432113,0018000,1,熊本県,クマモトケン,Kumamoto,,,,宇土市,ウトシ,Uto-shi,,,,古保里町,コオザトマチ,Kozatomachi,,,,,,,,0,0,0,0,0,0,1,1,1947-04-17,,0,8690415,,,,,,,,,,,,,,,
432113,0019000,1,熊本県,クマモトケン,Kumamoto,,,,宇土市,ウトシ,Uto-shi,,,,古城町,コジョウマチ,Kojomachi,,,,,,,,0,0,0,0,0,0,1,1,1947-04-17,,0,8690454,,,,,,,,,,,,,,,
432113,0020000,1,熊本県,クマモトケン,Kumamoto,,,,宇土市,ウトシ,Uto-shi,,,,境目町,サカイメマチ,Sakaimemachi,,,,,,,,0,0,0,0,0,0,1,1,1947-04-17,,0,8690417,,,,,,,,,,,,,,,
432113,0021000,1,熊本県,クマモトケン,Kumamoto,,,,宇土市,ウトシ,Uto-shi,,,,栄町,サカエマチ,Sakaemachi,,,,,,,,0,0,0,0,0,0,1,1,1947-04-17,,0,8690453,,,,,,,,,,,,,,,
432113,0022000,1,熊本県,クマモトケン,Kumamoto,,,,宇土市,ウトシ,Uto-shi,,,,笹原町,ササワラマチ,Sasawaramachi,,,,,,,,0,0,0,0,0,0,1,1,1947-04-17,,0,8690402,,,,,,,,,,,,,,,
432113,0023000,1,熊本県,クマモトケン,Kumamoto,,,,宇土市,ウトシ,Uto-shi,,,,三拾町,サジッチョウ,Sajitcho,,,,,,,,0,0,0,0,0,0,1,1,1947-04-17,,0,8690406,,,,,,,,,,,,,,,
432113,0024000,1,熊本県,クマモトケン,Kumamoto,,,,宇土市,ウトシ,Uto-shi,,,,下網田町,シモオウダマチ,Shimoudamachi,,,,,,,,0,0,0,0,0,0,1,1,1947-04-17,,0,8693173,,,,,,,,,,,,,,,
432113,0025000,1,熊本県,クマモトケン,Kumamoto,,,,宇土市,ウトシ,Uto-shi,,,,城塚町,ジョウツカマチ,Jotsukamachi,,,,,,,,0,0,0,0,0,0,1,0,1947-04-17,,0,8690462,,,,,,,,,,,,,,,
432113,0026000,1,熊本県,クマモトケン,Kumamoto,,,,宇土市,ウトシ,Uto-shi,,,,城之浦町,ジョウノウラマチ,Jonoramachi,,,,,,,,0,0,0,0,0,0,1,1,1947-04-17,,0,8690442,,,,,,,,,,,,,,,
432113,0027000,1,熊本県,クマモトケン,Kumamoto,,,,宇土市,ウトシ,Uto-shi,,,,定府町,ジョウフマチ,Jofumachi,,,,,,,,0,0,0,0,0,0,1,1,1947-04-17,,0,8690436,,,,,,,,,,,,,,,
432113,0028000,1,熊本県,クマモトケン,Kumamoto,,,,宇土市,ウトシ,Uto-shi,,,,新開町,シンガイマチ,Shingaimachi,,,,,,,,0,0,0,0,0,0,1,1,1947-04-17,,0,8690403,,,,,,,,,,,,,,,
432113,0029000,1,熊本県,クマモトケン,Kumamoto,,,,宇土市,ウトシ,Uto-shi,,,,新小路町,シンコウジマチ,Shinkojimachi,,,,,,,,0,0,0,0,0,0,1,1,1947-04-17,,0,8690433,,,,,,,,,,,,,,,
432113,0030001,2,熊本県,クマモトケン,Kumamoto,,,,宇土市,ウトシ,Uto-shi,,,,新町,シンマチ,Shimmachi,一丁目,１チョウメ,1,,,,,0,0,0,0,0,0,1,1,1947-04-17,,0,,,,,,,,,,,,,,,,
432113,0030002,2,熊本県,クマモトケン,Kumamoto,,,,宇土市,ウトシ,Uto-shi,,,,新町,シンマチ,Shimmachi,二丁目,２チョウメ,2,,,,,0,0,0,0,0,0,1,1,1947-04-17,,0,,,,,,,,,,,,,,,,
432113,0030003,2,熊本県,クマモトケン,Kumamoto,,,,宇土市,ウトシ,Uto-shi,,,,新町,シンマチ,Shimmachi,三丁目,３チョウメ,3,,,,,0,0,0,0,0,0,1,1,1947-04-17,,0,,,,,,,,,,,,,,,,
432113,0030004,2,熊本県,クマモトケン,Kumamoto,,,,宇土市,ウトシ,Uto-shi,,,,新町,シンマチ,Shimmachi,四丁目,４チョウメ,4,,,,,0,0,0,0,0,0,1,1,1947-04-17,,0,,,,,,,,,,,,,,,,
432113,0031000,1,熊本県,クマモトケン,Kumamoto,,,,宇土市,ウトシ,Uto-shi,,,,新松原町,シンマツワラマチ,Shimmatsuwaramachi,,,,,,,,0,0,0,0,0,0,1,1,1947-04-17,,0,8690419,,,,,,,,,,,,,,,
432113,0032000,1,熊本県,クマモトケン,Kumamoto,,,,宇土市,ウトシ,Uto-shi,,,,神馬町,シンメマチ,Shimmemachi,,,,,,,,0,0,0,0,0,0,1,1,1947-04-17,,0,8690424,,,,,,,,,,,,,,,
432113,0033000,1,熊本県,クマモトケン,Kumamoto,,,,宇土市,ウトシ,Uto-shi,,,,住吉町,スミヨシマチ,Sumiyoshimachi,,,,,,,,0,0,0,0,0,0,1,1,1947-04-17,,0,8690401,,,,,,,,,,,,,,,
432113,0034000,1,熊本県,クマモトケン,Kumamoto,,,,宇土市,ウトシ,Uto-shi,,,,善道寺町,ゼンドウジマチ,Zendojimachi,,,,,,,,0,0,0,0,0,0,1,1,1947-04-17,,0,8690418,,,,,,,,,,,,,,,
432113,0035000,1,熊本県,クマモトケン,Kumamoto,,,,宇土市,ウトシ,Uto-shi,,,,船場町,センバマチ,Sembamachi,,,,,,,,0,0,0,0,0,0,1,1,1947-04-17,,0,8690443,,,,,,,,,,,,,,,
432113,0036000,1,熊本県,クマモトケン,Kumamoto,,,,宇土市,ウトシ,Uto-shi,,,,高柳町,タカヤナギマチ,Takayanagimachi,,,,,,,,0,0,0,0,0,0,1,1,1947-04-17,,0,8690452,,,,,,,,,,,,,,,
432113,0037000,1,熊本県,クマモトケン,Kumamoto,,,,宇土市,ウトシ,Uto-shi,,,,立岡町,タチオカマチ,Tachiokamachi,,,,,,,,0,0,0,0,0,0,1,1,1947-04-17,,0,8690414,,,,,,,,,,,,,,,
432113,0038000,1,熊本県,クマモトケン,Kumamoto,,,,宇土市,ウトシ,Uto-shi,,,,築籠町,ツイゴメマチ,Tsuigomemachi,,,,,,,,0,0,0,0,0,0,1,1,1947-04-17,,0,8690408,,,,,,,,,,,,,,,
432113,0039000,1,熊本県,クマモトケン,Kumamoto,,,,宇土市,ウトシ,Uto-shi,,,,椿原町,ツバワラマチ,Tsubawaramachi,,,,,,,,0,0,0,0,0,0,1,1,1947-04-17,,0,8690455,,,,,,,,,,,,,,,
432113,0040000,1,熊本県,クマモトケン,Kumamoto,,,,宇土市,ウトシ,Uto-shi,,,,戸口町,トグチマチ,Toguchimachi,,,,,,,,0,0,0,0,0,0,1,1,1947-04-17,,0,8693174,,,,,,,,,,,,,,,
432113,0041000,1,熊本県,クマモトケン,Kumamoto,,,,宇土市,ウトシ,Uto-shi,,,,長浜町,ナガハママチ,Nagahamamachi,,,,,,,,0,0,0,0,0,0,1,1,1947-04-17,,0,8693171,,,,,,,,,,,,,,,
432113,0042000,1,熊本県,クマモトケン,Kumamoto,,,,宇土市,ウトシ,Uto-shi,,,,野鶴町,ノヅルマチ,Nozurumachi,,,,,,,,0,0,0,0,0,0,1,1,1947-04-17,,0,8690463,,,,,,,,,,,,,,,
432113,0043000,1,熊本県,クマモトケン,Kumamoto,,,,宇土市,ウトシ,Uto-shi,,,,走潟町,ハシリガタマチ,Hashirigatamachi,,,,,,,,0,0,0,0,0,0,1,1,1947-04-17,,0,8690404,,,,,,,,,,,,,,,
432113,0044000,1,熊本県,クマモトケン,Kumamoto,,,,宇土市,ウトシ,Uto-shi,,,,花園台町,ハナゾノダイマチ,Hanazonodaimachi,,,,,,,,0,0,0,0,0,0,1,1,1947-04-17,,0,8690410,,,,,,,,,,,,,,,
432113,0045000,1,熊本県,クマモトケン,Kumamoto,,,,宇土市,ウトシ,Uto-shi,,,,花園町,ハナゾノマチ,Hanazonomachi,,,,,,,,0,0,0,0,0,0,1,1,1947-04-17,,0,8690413,,,,,,,,,,,,,,,
432113,0046001,2,熊本県,クマモトケン,Kumamoto,,,,宇土市,ウトシ,Uto-shi,,,,本町,ホンマチ,Hommachi,一丁目,１チョウメ,1,,,,,0,0,0,0,0,0,1,1,1947-04-17,,0,,,,,,,,,,,,,,,,
432113,0046002,2,熊本県,クマモトケン,Kumamoto,,,,宇土市,ウトシ,Uto-shi,,,,本町,ホンマチ,Hommachi,二丁目,２チョウメ,2,,,,,0,0,0,0,0,0,1,1,1947-04-17,,0,,,,,,,,,,,,,,,,
432113,0046003,2,熊本県,クマモトケン,Kumamoto,,,,宇土市,ウトシ,Uto-shi,,,,本町,ホンマチ,Hommachi,三丁目,３チョウメ,3,,,,,0,0,0,0,0,0,1,1,1947-04-17,,0,,,,,,,,,,,,,,,,
432113,0046004,2,熊本県,クマモトケン,Kumamoto,,,,宇土市,ウトシ,Uto-shi,,,,本町,ホンマチ,Hommachi,四丁目,４チョウメ,4,,,,,0,0,0,0,0,0,1,1,1947-04-17,,0,,,,,,,,,,,,,,,,
432113,0046005,2,熊本県,クマモトケン,Kumamoto,,,,宇土市,ウトシ,Uto-shi,,,,本町,ホンマチ,Hommachi,五丁目,５チョウメ,5,,,,,0,0,0,0,0,0,1,1,1947-04-17,,0,,,,,,,,,,,,,,,,
432113,0046006,2,熊本県,クマモトケン,Kumamoto,,,,宇土市,ウトシ,Uto-shi,,,,本町,ホンマチ,Hommachi,六丁目,６チョウメ,6,,,,,0,0,0,0,0,0,1,1,1947-04-17,,0,,,,,,,,,,,,,,,,
432113,0047000,1,熊本県,クマモトケン,Kumamoto,,,,宇土市,ウトシ,Uto-shi,,,,松山町,マツヤママチ,Matsuyamamachi,,,,,,,,0,0,0,0,0,0,1,1,1947-04-17,,0,8690416,,,,,,,,,,,,,,,
432113,0048000,1,熊本県,クマモトケン,Kumamoto,,,,宇土市,ウトシ,Uto-shi,,,,松原町,マツワラマチ,Matsuwaramachi,,,,,,,,0,0,0,0,0,0,1,1,1947-04-17,,0,8690407,,,,,,,,,,,,,,,
432113,0049000,1,熊本県,クマモトケン,Kumamoto,,,,宇土市,ウトシ,Uto-shi,,,,水町,ミズマチ,Mizumachi,,,,,,,,0,0,0,0,0,0,1,1,1947-04-17,,0,8690411,,,,,,,,,,,,,,,
432113,0050000,1,熊本県,クマモトケン,Kumamoto,,,,宇土市,ウトシ,Uto-shi,,,,南段原町,ミナミダンバラマチ,Minamidambaramachi,,,,,,,,0,0,0,0,0,0,1,1,1947-04-17,,0,8690421,,,,,,,,,,,,,,,
432113,0051000,1,熊本県,クマモトケン,Kumamoto,,,,宇土市,ウトシ,Uto-shi,,,,宮庄町,ミヤノショウマチ,Miyanoshomachi,,,,,,,,0,0,0,0,0,0,1,1,1947-04-17,,0,8690457,,,,,,,,,,,,,,,
432113,0052000,1,熊本県,クマモトケン,Kumamoto,,,,宇土市,ウトシ,Uto-shi,,,,門内町,モンナイマチ,Monnaimachi,,,,,,,,0,0,0,0,0,0,1,1,1947-04-17,,0,8690434,,,,,,,,,,,,,,,
432113,0053000,1,熊本県,クマモトケン,Kumamoto,,,,宇土市,ウトシ,Uto-shi,,,,恵塚町,エヅカマチ,,,,,,,,,0,0,0,0,0,0,1,1,1970-01-01,,0,,,,,,,,,,,,,,,,
432113,0054000,1,熊本県,クマモトケン,Kumamoto,,,,宇土市,ウトシ,Uto-shi,,,,城塚町,ジヨウツカマチ,,,,,,,,,0,0,0,0,0,0,1,1,1970-01-01,,0,,,,,,,,,,,,,,,,
432121,0001000,1,熊本県,クマモトケン,Kumamoto,,,,上天草市,カミアマクサシ,Kamiamakusa-shi,,,,大矢野町維和,オオヤノマチイワ,Oyanomachi Iwa,,,,,,,,0,0,0,0,0,0,1,1,1947-04-17,,0,8693604,,,,,,,,,,,,,,,
432121,0002000,1,熊本県,クマモトケン,Kumamoto,,,,上天草市,カミアマクサシ,Kamiamakusa-shi,,,,大矢野町上,オオヤノマチカミ,Oyanomachi Kami,,,,,,,,0,0,0,0,0,0,1,1,1947-04-17,,0,8693602,,,,,,,,,,,,,,,
432121,0003000,1,熊本県,クマモトケン,Kumamoto,,,,上天草市,カミアマクサシ,Kamiamakusa-shi,,,,大矢野町中,オオヤノマチナカ,Oyanomachi Naka,,,,,,,,0,0,0,0,0,0,1,1,1947-04-17,,0,8693603,,,,,,,,,,,,,,,
432121,0004000,1,熊本県,クマモトケン,Kumamoto,,,,上天草市,カミアマクサシ,Kamiamakusa-shi,,,,大矢野町登立,オオヤノマチノボリタテ,Oyanomachi Noboritate,,,,,,,,0,0,0,0,0,0,1,1,1947-04-17,,0,8693601,,,,,,,,,,,,,,,
432121,0005000,1,熊本県,クマモトケン,Kumamoto,,,,上天草市,カミアマクサシ,Kamiamakusa-shi,,,,大矢野町湯島,オオヤノマチユシマ,Oyanomachi Yushima,,,,,,,,0,0,0,0,0,0,1,1,1947-04-17,,0,8693711,,,,,,,,,,,,,,,
432121,0006000,1,熊本県,クマモトケン,Kumamoto,,,,上天草市,カミアマクサシ,Kamiamakusa-shi,,,,姫戸町姫浦,ヒメドマチヒメウラ,Himedomachi Himeura,,,,,,,,0,0,0,0,0,0,1,1,1947-04-17,,0,8660101,,,,,,,,,,,,,,,
432121,0007000,1,熊本県,クマモトケン,Kumamoto,,,,上天草市,カミアマクサシ,Kamiamakusa-shi,,,,姫戸町二間戸,ヒメドマチフタマド,Himedomachi Futamado,,,,,,,,0,0,0,0,0,0,1,1,1947-04-17,,0,8660102,,,,,,,,,,,,,,,
432121,0008000,1,熊本県,クマモトケン,Kumamoto,,,,上天草市,カミアマクサシ,Kamiamakusa-shi,,,,松島町合津,マツシママチアイツ,Matsushimamachi Aitsu,,,,,,,,0,0,0,0,0,0,1,1,1947-04-17,,0,8616102,,,,,,,,,,,,,,,
432121,0009000,1,熊本県,クマモトケン,Kumamoto,,,,上天草市,カミアマクサシ,Kamiamakusa-shi,,,,松島町阿村,マツシママチアムラ,Matsushimamachi Amura,,,,,,,,0,0,0,0,0,0,1,1,1947-04-17,,0,8616101,,,,,,,,,,,,,,,
432121,0010000,1,熊本県,クマモトケン,Kumamoto,,,,上天草市,カミアマクサシ,Kamiamakusa-shi,,,,松島町今泉,マツシママチイマイズミ,Matsushimamachi Imaizumi,,,,,,,,0,0,0,0,0,0,1,1,1947-04-17,,0,8616103,,,,,,,,,,,,,,,
432121,0011000,1,熊本県,クマモトケン,Kumamoto,,,,上天草市,カミアマクサシ,Kamiamakusa-shi,,,,松島町内野河内,マツシママチウチノカワウチ,Matsushimamachi Uchinokawauchi,,,,,,,,0,0,0,0,0,0,1,1,1947-04-17,,0,8616104,,,,,,,,,,,,,,,
432121,0012000,1,熊本県,クマモトケン,Kumamoto,,,,上天草市,カミアマクサシ,Kamiamakusa-shi,,,,松島町教良木,マツシママチキョウラギ,Matsushimamachi Kyoragi,,,,,,,,0,0,0,0,0,0,1,1,1947-04-17,,0,8616105,,,,,,,,,,,,,,,
432121,0013000,1,熊本県,クマモトケン,Kumamoto,,,,上天草市,カミアマクサシ,Kamiamakusa-shi,,,,龍ヶ岳町大道,リュウガタケマチオオドウ,Ryugatakemachi Odo,,,,,,,,0,0,0,0,0,0,1,1,1947-04-17,,0,8660201,,,,,,,,,,,,,,,
432121,0014000,1,熊本県,クマモトケン,Kumamoto,,,,上天草市,カミアマクサシ,Kamiamakusa-shi,,,,龍ヶ岳町高戸,リュウガタケマチタカド,Ryugatakemachi Takado,,,,,,,,0,0,0,0,0,0,1,1,1947-04-17,,0,8660202,,,,,,,,,,,,,,,
432121,0015000,1,熊本県,クマモトケン,Kumamoto,,,,上天草市,カミアマクサシ,Kamiamakusa-shi,,,,龍ヶ岳町樋島,リュウガタケマチヒノシマ,Ryugatakemachi Hinoshima,,,,,,,,0,0,0,0,0,0,1,1,1947-04-17,,0,8660203,,,,,,,,,,,,,,,
432130,0001000,1,熊本県,クマモトケン,Kumamoto,,,,宇城市,ウキシ,Uki-shi,,,,小川町江頭,オガワマチエガシラ,Ogawamachi Egashira,,,,,,,,0,0,0,0,0,0,1,1,1947-04-17,,0,8690624,,,,,,,,,,,,,,,
432130,0002000,1,熊本県,クマモトケン,Kumamoto,,,,宇城市,ウキシ,Uki-shi,,,,小川町小川,オガワマチオガワ,Ogawamachi Ogawa,,,,,,,,0,0,0,0,0,0,1,1,1947-04-17,,0,8690621,,,,,,,,,,,,,,,
432130,0003000,1,熊本県,クマモトケン,Kumamoto,,,,宇城市,ウキシ,Uki-shi,,,,小川町川尻,オガワマチカワジリ,Ogawamachi Kawajiri,,,,,,,,0,0,0,0,0,0,1,1,1947-04-17,,0,8690623,,,,,,,,,,,,,,,
432130,0004000,1,熊本県,クマモトケン,Kumamoto,,,,宇城市,ウキシ,Uki-shi,,,,小川町北小野,オガワマチキタオノ,Ogawamachi Kitaono,,,,,,,,0,0,0,0,0,0,1,1,1947-04-17,,0,8690601,,,,,,,,,,,,,,,
432130,0005000,1,熊本県,クマモトケン,Kumamoto,,,,宇城市,ウキシ,Uki-shi,,,,小川町北海東,オガワマチキタカイトウ,Ogawamachi Kitakaito,,,,,,,,0,0,0,0,0,0,1,1,1947-04-17,,0,8690616,,,,,,,,,,,,,,,
432130,0006000,1,熊本県,クマモトケン,Kumamoto,,,,宇城市,ウキシ,Uki-shi,,,,小川町北新田,オガワマチキタシンデン,Ogawamachi Kitashinden,,,,,,,,0,0,0,0,0,0,1,1,1947-04-17,,0,8690631,,,,,,,,,,,,,,,
432130,0007000,1,熊本県,クマモトケン,Kumamoto,,,,宇城市,ウキシ,Uki-shi,,,,小川町北部田,オガワマチキタベタ,Ogawamachi Kitabeta,,,,,,,,0,0,0,0,0,0,1,1,1947-04-17,,0,8690604,,,,,,,,,,,,,,,
432130,0008000,1,熊本県,クマモトケン,Kumamoto,,,,宇城市,ウキシ,Uki-shi,,,,小川町河江,オガワマチゴウノエ,Ogawamachi Gonoe,,,,,,,,0,0,0,0,0,0,1,1,1947-04-17,,0,8690606,,,,,,,,,,,,,,,
432130,0009000,1,熊本県,クマモトケン,Kumamoto,,,,宇城市,ウキシ,Uki-shi,,,,小川町不知火,オガワマチシラヌイ,Ogawamachi Shiranui,,,,,,,,0,0,0,0,0,0,1,1,1947-04-17,,0,8690635,,,,,,,,,,,,,,,
432130,0010000,1,熊本県,クマモトケン,Kumamoto,,,,宇城市,ウキシ,Uki-shi,,,,小川町新田,オガワマチシンデン,Ogawamachi Shinden,,,,,,,,0,0,0,0,0,0,1,1,1947-04-17,,0,8690633,,,,,,,,,,,,,,,
432130,0011000,1,熊本県,クマモトケン,Kumamoto,,,,宇城市,ウキシ,Uki-shi,,,,小川町新田出,オガワマチシンデンデ,Ogawamachi Shindende,,,,,,,,0,0,0,0,0,0,1,1,1947-04-17,,0,8690636,,,,,,,,,,,,,,,
432130,0012000,1,熊本県,クマモトケン,Kumamoto,,,,宇城市,ウキシ,Uki-shi,,,,小川町住吉,オガワマチスミヨシ,Ogawamachi Sumiyoshi,,,,,,,,0,0,0,0,0,0,1,1,1947-04-17,,0,8690634,,,,,,,,,,,,,,,
432130,0013000,1,熊本県,クマモトケン,Kumamoto,,,,宇城市,ウキシ,Uki-shi,,,,小川町中小野,オガワマチナカオノ,Ogawamachi Nakaono,,,,,,,,0,0,0,0,0,0,1,1,1947-04-17,,0,8690602,,,,,,,,,,,,,,,
432130,0014000,1,熊本県,クマモトケン,Kumamoto,,,,宇城市,ウキシ,Uki-shi,,,,小川町西海東,オガワマチニシカイトウ,Ogawamachi Nishikaito,,,,,,,,0,0,0,0,0,0,1,1,1947-04-17,,0,8690615,,,,,,,,,,,,,,,
432130,0015000,1,熊本県,クマモトケン,Kumamoto,,,,宇城市,ウキシ,Uki-shi,,,,小川町西北小川,オガワマチニシキタオガワ,Ogawamachi Nishikitaogawa,,,,,,,,0,0,0,0,0,0,1,1,1947-04-17,,0,8690622,,,,,,,,,,,,,,,
432130,0016000,1,熊本県,クマモトケン,Kumamoto,,,,宇城市,ウキシ,Uki-shi,,,,小川町東小川,オガワマチヒガシオガワ,Ogawamachi Higashiogawa,,,,,,,,0,0,0,0,0,0,1,1,1947-04-17,,0,8690613,,,,,,,,,,,,,,,
432130,0017000,1,熊本県,クマモトケン,Kumamoto,,,,宇城市,ウキシ,Uki-shi,,,,小川町東海東,オガワマチヒガシカイトウ,Ogawamachi Higashikaito,,,,,,,,0,0,0,0,0,0,1,1,1947-04-17,,0,8690611,,,,,,,,,,,,,,,
432130,0018000,1,熊本県,クマモトケン,Kumamoto,,,,宇城市,ウキシ,Uki-shi,,,,小川町南小川,オガワマチミナミオガワ,Ogawamachi Minamiogawa,,,,,,,,0,0,0,0,0,0,1,1,1947-04-17,,0,8690614,,,,,,,,,,,,,,,
432130,0019000,1,熊本県,クマモトケン,Kumamoto,,,,宇城市,ウキシ,Uki-shi,,,,小川町南小野,オガワマチミナミオノ,Ogawamachi Minamiono,,,,,,,,0,0,0,0,0,0,1,1,1947-04-17,,0,8690603,,,,,,,,,,,,,,,
432130,0020000,1,熊本県,クマモトケン,Kumamoto,,,,宇城市,ウキシ,Uki-shi,,,,小川町南海東,オガワマチミナミカイトウ,Ogawamachi Minamikaito,,,,,,,,0,0,0,0,0,0,1,1,1947-04-17,,0,8690612,,,,,,,,,,,,,,,
432130,0021000,1,熊本県,クマモトケン,Kumamoto,,,,宇城市,ウキシ,Uki-shi,,,,小川町南新田,オガワマチミナミシンデン,Ogawamachi Minamishinden,,,,,,,,0,0,0,0,0,0,1,1,1947-04-17,,0,8690632,,,,,,,,,,,,,,,
432130,0022000,1,熊本県,クマモトケン,Kumamoto,,,,宇城市,ウキシ,Uki-shi,,,,小川町南部田,オガワマチミナミベタ,Ogawamachi Minamibeta,,,,,,,,0,0,0,0,0,0,1,1,1947-04-17,,0,8690605,,,,,,,,,,,,,,,
432130,0023000,1,熊本県,クマモトケン,Kumamoto,,,,宇城市,ウキシ,Uki-shi,,,,不知火町浦上,シラヌヒマチウラガミ,Shiranuhimachi Uragami,,,,,,,,0,0,0,0,0,0,1,1,1947-04-17,,0,8690563,,,,,,,,,,,,,,,
432130,0024000,1,熊本県,クマモトケン,Kumamoto,,,,宇城市,ウキシ,Uki-shi,,,,不知火町永尾,シラヌヒマチエイノオ,Shiranuhimachi Eino,,,,,,,,0,0,0,0,0,0,1,1,1947-04-17,,0,8693471,,,,,,,,,,,,,,,
432130,0025000,1,熊本県,クマモトケン,Kumamoto,,,,宇城市,ウキシ,Uki-shi,,,,不知火町大見,シラヌヒマチオオミ,Shiranuhimachi Omi,,,,,,,,0,0,0,0,0,0,1,1,1947-04-17,,0,8693473,,,,,,,,,,,,,,,
432130,0026000,1,熊本県,クマモトケン,Kumamoto,,,,宇城市,ウキシ,Uki-shi,,,,不知火町柏原,シラヌヒマチカシワバラ,Shiranuhimachi Kashiwahara,,,,,,,,0,0,0,0,0,0,1,1,1947-04-17,,0,8690554,,,,,,,,,,,,,,,
432130,0027000,1,熊本県,クマモトケン,Kumamoto,,,,宇城市,ウキシ,Uki-shi,,,,不知火町亀松,シラヌヒマチカメマツ,Shiranuhimachi Kamematsu,,,,,,,,0,0,0,0,0,0,1,1,1947-04-17,,0,8690561,,,,,,,,,,,,,,,
432130,0028000,1,熊本県,クマモトケン,Kumamoto,,,,宇城市,ウキシ,Uki-shi,,,,不知火町高良,シラヌヒマチコウラ,Shiranuhimachi Kora,,,,,,,,0,0,0,0,0,0,1,1,1947-04-17,,0,8690552,,,,,,,,,,,,,,,
432130,0029000,1,熊本県,クマモトケン,Kumamoto,,,,宇城市,ウキシ,Uki-shi,,,,不知火町小曽部,シラヌヒマチコソブ,Shiranuhimachi Kosobu,,,,,,,,0,0,0,0,0,0,1,1,1947-04-17,,0,8690553,,,,,,,,,,,,,,,
432130,0030000,1,熊本県,クマモトケン,Kumamoto,,,,宇城市,ウキシ,Uki-shi,,,,不知火町御領,シラヌヒマチゴリョウ,Shiranuhimachi Goryo,,,,,,,,0,0,0,0,0,0,1,1,1947-04-17,,0,8690551,,,,,,,,,,,,,,,
432130,0031000,1,熊本県,クマモトケン,Kumamoto,,,,宇城市,ウキシ,Uki-shi,,,,不知火町長崎,シラヌヒマチナガサキ,Shiranuhimachi Nagasaki,,,,,,,,0,0,0,0,0,0,1,1,1947-04-17,,0,8690562,,,,,,,,,,,,,,,
432130,0032000,1,熊本県,クマモトケン,Kumamoto,,,,宇城市,ウキシ,Uki-shi,,,,不知火町松合,シラヌヒマチマツアイ,Shiranuhimachi Matsuai,,,,,,,,0,0,0,0,0,0,1,1,1947-04-17,,0,8693472,,,,,,,,,,,,,,,
432130,0033000,1,熊本県,クマモトケン,Kumamoto,,,,宇城市,ウキシ,Uki-shi,,,,豊野町糸石,トヨノマチイトイシ,Toyonomachi Itoishi,,,,,,,,0,0,0,0,0,0,1,1,1947-04-17,,0,8614301,,,,,,,,,,,,,,,
432130,0034000,1,熊本県,クマモトケン,Kumamoto,,,,宇城市,ウキシ,Uki-shi,,,,豊野町上郷,トヨノマチカミゴウ,Toyonomachi Kamigo,,,,,,,,0,0,0,0,0,0,1,1,1947-04-17,,0,8614303,,,,,,,,,,,,,,,
432130,0035000,1,熊本県,クマモトケン,Kumamoto,,,,宇城市,ウキシ,Uki-shi,,,,豊野町下郷,トヨノマチシモゴウ,Toyonomachi Shimogo,,,,,,,,0,0,0,0,0,0,1,1,1947-04-17,,0,8614304,,,,,,,,,,,,,,,
432130,0036000,1,熊本県,クマモトケン,Kumamoto,,,,宇城市,ウキシ,Uki-shi,,,,豊野町巣林,トヨノマチスバヤシ,Toyonomachi Subayashi,,,,,,,,0,0,0,0,0,0,1,1,1947-04-17,,0,8614307,,,,,,,,,,,,,,,
432130,0037000,1,熊本県,クマモトケン,Kumamoto,,,,宇城市,ウキシ,Uki-shi,,,,豊野町中間,トヨノマチナカマ,Toyonomachi Nakama,,,,,,,,0,0,0,0,0,0,1,1,1947-04-17,,0,8614302,,,,,,,,,,,,,,,
432130,0038000,1,熊本県,クマモトケン,Kumamoto,,,,宇城市,ウキシ,Uki-shi,,,,豊野町安見,トヨノマチヤスミ,Toyonomachi Yasumi,,,,,,,,0,0,0,0,0,0,1,1,1947-04-17,,0,8614306,,,,,,,,,,,,,,,
432130,0039000,1,熊本県,クマモトケン,Kumamoto,,,,宇城市,ウキシ,Uki-shi,,,,豊野町山崎,トヨノマチヤマサキ,Toyonomachi Yamasaki,,,,,,,,0,0,0,0,0,0,1,1,1947-04-17,,0,8614305,,,,,,,,,,,,,,,
432130,0040000,1,熊本県,クマモトケン,Kumamoto,,,,宇城市,ウキシ,Uki-shi,,,,松橋町浅川,マツバセマチアサカワ,Matsubasemachi Asakawa,,,,,,,,0,0,0,0,0,0,1,1,1947-04-17,,0,8690544,,,,,,,,,,,,,,,
432130,0041000,1,熊本県,クマモトケン,Kumamoto,,,,宇城市,ウキシ,Uki-shi,,,,松橋町内田,マツバセマチウチダ,Matsubasemachi Uchida,,,,,,,,0,0,0,0,0,0,1,1,1947-04-17,,0,8690522,,,,,,,,,,,,,,,
432130,0042000,1,熊本県,クマモトケン,Kumamoto,,,,宇城市,ウキシ,Uki-shi,,,,松橋町浦川内,マツバセマチウラカワチ,Matsubasemachi Urakawachi,,,,,,,,0,0,0,0,0,0,1,1,1947-04-17,,0,8690521,,,,,,,,,,,,,,,
432130,0043000,1,熊本県,クマモトケン,Kumamoto,,,,宇城市,ウキシ,Uki-shi,,,,松橋町大野,マツバセマチオオノ,Matsubasemachi Ono,,,,,,,,0,0,0,0,0,0,1,1,1947-04-17,,0,8690531,,,,,,,,,,,,,,,
432130,0044001,2,熊本県,クマモトケン,Kumamoto,,,,宇城市,ウキシ,Uki-shi,,,,松橋町きらら,マツバセマチキララ,Matsubasemachi Kirara,１丁目,１チョウメ,1,,,,,0,0,0,0,0,0,1,1,1947-04-17,,0,,,,,,,,,,,,,,,,
432130,0044002,2,熊本県,クマモトケン,Kumamoto,,,,宇城市,ウキシ,Uki-shi,,,,松橋町きらら,マツバセマチキララ,Matsubasemachi Kirara,２丁目,２チョウメ,2,,,,,0,0,0,0,0,0,1,1,1947-04-17,,0,,,,,,,,,,,,,,,,
432130,0044003,2,熊本県,クマモトケン,Kumamoto,,,,宇城市,ウキシ,Uki-shi,,,,松橋町きらら,マツバセマチキララ,Matsubasemachi Kirara,３丁目,３チョウメ,3,,,,,0,0,0,0,0,0,1,1,1947-04-17,,0,,,,,,,,,,,,,,,,
432130,0045000,1,熊本県,クマモトケン,Kumamoto,,,,宇城市,ウキシ,Uki-shi,,,,松橋町久具,マツバセマチクグ,Matsubasemachi Kugu,,,,,,,,0,0,0,0,0,0,1,1,1947-04-17,,0,8690532,,,,,,,,,,,,,,,
432130,0046000,1,熊本県,クマモトケン,Kumamoto,,,,宇城市,ウキシ,Uki-shi,,,,松橋町古保山,マツバセマチコオヤマ,Matsubasemachi Koyama,,,,,,,,0,0,0,0,0,0,1,1,1947-04-17,,0,8690512,,,,,,,,,,,,,,,
432130,0047000,1,熊本県,クマモトケン,Kumamoto,,,,宇城市,ウキシ,Uki-shi,,,,松橋町砂川,マツバセマチスナガワ,Matsubasemachi Sunagawa,,,,,,,,0,0,0,0,0,0,1,1,1947-04-17,,0,8690545,,,,,,,,,,,,,,,
432130,0048000,1,熊本県,クマモトケン,Kumamoto,,,,宇城市,ウキシ,Uki-shi,,,,松橋町竹崎,マツバセマチタケザキ,Matsubasemachi Takezaki,,,,,,,,0,0,0,0,0,0,1,1,1947-04-17,,0,8690523,,,,,,,,,,,,,,,
432130,0049000,1,熊本県,クマモトケン,Kumamoto,,,,宇城市,ウキシ,Uki-shi,,,,松橋町豊崎,マツバセマチトヨザキ,Matsubasemachi Toyozaki,,,,,,,,0,0,0,0,0,0,1,1,1947-04-17,,0,8690542,,,,,,,,,,,,,,,
432130,0050000,1,熊本県,クマモトケン,Kumamoto,,,,宇城市,ウキシ,Uki-shi,,,,松橋町豊福,マツバセマチトヨフク,Matsubasemachi Toyofuku,,,,,,,,0,0,0,0,0,0,1,1,1947-04-17,,0,8690524,,,,,,,,,,,,,,,
432130,0051000,1,熊本県,クマモトケン,Kumamoto,,,,宇城市,ウキシ,Uki-shi,,,,松橋町西下郷,マツバセマチニシシモゴウ,Matsubasemachi Nishishimogo,,,,,,,,0,0,0,0,0,0,1,1,1947-04-17,,0,8690534,,,,,,,,,,,,,,,
432130,0052000,1,熊本県,クマモトケン,Kumamoto,,,,宇城市,ウキシ,Uki-shi,,,,松橋町萩尾,マツバセマチハギオ,Matsubasemachi Hagio,,,,,,,,0,0,0,0,0,0,1,1,1947-04-17,,0,8690513,,,,,,,,,,,,,,,
432130,0053000,1,熊本県,クマモトケン,Kumamoto,,,,宇城市,ウキシ,Uki-shi,,,,松橋町東松崎,マツバセマチヒガシマツザキ,Matsubasemachi Higashimatsuzaki,,,,,,,,0,0,0,0,0,0,1,1,1947-04-17,,0,8690541,,,,,,,,,,,,,,,
432130,0054000,1,熊本県,クマモトケン,Kumamoto,,,,宇城市,ウキシ,Uki-shi,,,,松橋町曲野,マツバセマチマガノ,Matsubasemachi Magano,,,,,,,,0,0,0,0,0,0,1,1,1947-04-17,,0,8690511,,,,,,,,,,,,,,,
432130,0055000,1,熊本県,クマモトケン,Kumamoto,,,,宇城市,ウキシ,Uki-shi,,,,松橋町松橋,マツバセマチマツバセ,Matsubasemachi Matsubase,,,,,,,,0,0,0,0,0,0,1,1,1947-04-17,,0,8690502,,,,,,,,,,,,,,,
432130,0056000,1,熊本県,クマモトケン,Kumamoto,,,,宇城市,ウキシ,Uki-shi,,,,松橋町松山,マツバセマチマツヤマ,Matsubasemachi Matsuyama,,,,,,,,0,0,0,0,0,0,1,1,1947-04-17,,0,8690501,,,,,,,,,,,,,,,
432130,0057000,1,熊本県,クマモトケン,Kumamoto,,,,宇城市,ウキシ,Uki-shi,,,,松橋町南豊崎,マツバセマチミナミトヨザキ,Matsubasemachi Minamitoyozaki,,,,,,,,0,0,0,0,0,0,1,1,1947-04-17,,0,8690543,,,,,,,,,,,,,,,
432130,0058000,1,熊本県,クマモトケン,Kumamoto,,,,宇城市,ウキシ,Uki-shi,,,,松橋町御船,マツバセマチミフネ,Matsubasemachi Mifune,,,,,,,,0,0,0,0,0,0,1,1,1947-04-17,,0,8690546,,,,,,,,,,,,,,,
432130,0059000,1,熊本県,クマモトケン,Kumamoto,,,,宇城市,ウキシ,Uki-shi,,,,松橋町両仲間,マツバセマチリョウナカマ,Matsubasemachi Ryonakama,,,,,,,,0,0,0,0,0,0,1,1,1947-04-17,,0,8690533,,,,,,,,,,,,,,,
432130,0060000,1,熊本県,クマモトケン,Kumamoto,,,,宇城市,ウキシ,Uki-shi,,,,三角町大口,ミスミマチオオクチ,Misumimachi Okuchi,,,,,,,,0,0,0,0,0,0,1,1,1947-04-17,,0,8693411,,,,,,,,,,,,,,,
432130,0061000,1,熊本県,クマモトケン,Kumamoto,,,,宇城市,ウキシ,Uki-shi,,,,三角町郡浦,ミスミマチコウノウラ,Misumimachi Konora,,,,,,,,0,0,0,0,0,0,1,1,1947-04-17,,0,8693202,,,,,,,,,,,,,,,
432130,0062000,1,熊本県,クマモトケン,Kumamoto,,,,宇城市,ウキシ,Uki-shi,,,,三角町里浦,ミスミマチサトノウラ,Misumimachi Satonora,,,,,,,,0,0,0,0,0,0,1,1,1947-04-17,,0,8693413,,,,,,,,,,,,,,,
432130,0063000,1,熊本県,クマモトケン,Kumamoto,,,,宇城市,ウキシ,Uki-shi,,,,三角町手場,ミスミマチテバ,Misumimachi Teba,,,,,,,,0,0,0,0,0,0,1,1,1947-04-17,,0,8693412,,,,,,,,,,,,,,,
432130,0064000,1,熊本県,クマモトケン,Kumamoto,,,,宇城市,ウキシ,Uki-shi,,,,三角町戸馳,ミスミマチトバセ,Misumimachi Tobase,,,,,,,,0,0,0,0,0,0,1,1,1947-04-17,,0,8693203,,,,,,,,,,,,,,,
432130,0065000,1,熊本県,クマモトケン,Kumamoto,,,,宇城市,ウキシ,Uki-shi,,,,三角町中村,ミスミマチナカムラ,Misumimachi Nakamura,,,,,,,,0,0,0,0,0,0,1,1,1947-04-17,,0,8693204,,,,,,,,,,,,,,,
432130,0066000,1,熊本県,クマモトケン,Kumamoto,,,,宇城市,ウキシ,Uki-shi,,,,三角町波多,ミスミマチハタ,Misumimachi Hata,,,,,,,,0,0,0,0,0,0,1,1,1947-04-17,,0,8693205,,,,,,,,,,,,,,,
432130,0067000,1,熊本県,クマモトケン,Kumamoto,,,,宇城市,ウキシ,Uki-shi,,,,三角町前越,ミスミマチマエゴシ,Misumimachi Maegoshi,,,,,,,,0,0,0,0,0,0,1,1,1947-04-17,,0,8693206,,,,,,,,,,,,,,,
432130,0068000,1,熊本県,クマモトケン,Kumamoto,,,,宇城市,ウキシ,Uki-shi,,,,三角町三角浦,ミスミマチミスミウラ,Misumimachi Misumiura,,,,,,,,0,0,0,0,0,0,1,1,1947-04-17,,0,8693207,,,,,,,,,,,,,,,
432130,0069000,1,熊本県,クマモトケン,Kumamoto,,,,宇城市,ウキシ,Uki-shi,,,,三角町大田尾,ミスミマチオオタオ,Misumimachi Otao,,,,,,,,0,0,0,0,0,0,1,1,1947-04-17,,0,8693201,,,,,,,,,,,,,,,
432148,0001000,1,熊本県,クマモトケン,Kumamoto,,,,阿蘇市,アソシ,Aso-shi,,,,赤水,アカミズ,Akamizu,,,,,,,,0,0,0,0,0,0,1,1,1947-04-17,,0,8692232,,,,,,,,,,,,,,,
432148,0002000,1,熊本県,クマモトケン,Kumamoto,,,,阿蘇市,アソシ,Aso-shi,,,,跡ケ瀬,アドガセ,Atogase,,,,,,,,0,0,0,0,0,0,1,1,1947-04-17,,0,8692236,,,,,,,,,,,,,,,
432148,0003000,1,熊本県,クマモトケン,Kumamoto,,,,阿蘇市,アソシ,Aso-shi,,,,一の宮町荻の草,イチノミヤマチオギノクサ,Ichinomiyamachi Oginokusa,,,,,,,,0,0,0,0,0,0,1,1,1947-04-17,,0,8692621,,,,,,,,,,,,,,,
432148,0004000,1,熊本県,クマモトケン,Kumamoto,,,,阿蘇市,アソシ,Aso-shi,,,,一の宮町北坂梨,イチノミヤマチキタサカナシ,Ichinomiyamachi Kitasakanashi,,,,,,,,0,0,0,0,0,0,1,1,1947-04-17,,0,8692603,,,,,,,,,,,,,,,
432148,0005000,1,熊本県,クマモトケン,Kumamoto,,,,阿蘇市,アソシ,Aso-shi,,,,一の宮町坂梨,イチノミヤマチサカナシ,Ichinomiyamachi Sakanashi,,,,,,,,0,0,0,0,0,0,1,1,1947-04-17,,0,8692611,,,,,,,,,,,,,,,
432148,0006000,1,熊本県,クマモトケン,Kumamoto,,,,阿蘇市,アソシ,Aso-shi,,,,一の宮町三野,イチノミヤマチサンノ,Ichinomiyamachi Sanno,,,,,,,,0,0,0,0,0,0,1,1,1947-04-17,,0,8692602,,,,,,,,,,,,,,,
432148,0007000,1,熊本県,クマモトケン,Kumamoto,,,,阿蘇市,アソシ,Aso-shi,,,,一の宮町手野,イチノミヤマチテノ,Ichinomiyamachi Teno,,,,,,,,0,0,0,0,0,0,1,1,1947-04-17,,0,8692601,,,,,,,,,,,,,,,
432148,0008000,1,熊本県,クマモトケン,Kumamoto,,,,阿蘇市,アソシ,Aso-shi,,,,一の宮町中坂梨,イチノミヤマチナカサカナシ,Ichinomiyamachi Nakasakanashi,,,,,,,,0,0,0,0,0,0,1,1,1947-04-17,,0,8692604,,,,,,,,,,,,,,,
432148,0009000,1,熊本県,クマモトケン,Kumamoto,,,,阿蘇市,アソシ,Aso-shi,,,,一の宮町中通,イチノミヤマチナカドオリ,Ichinomiyamachi Nakadori,,,,,,,,0,0,0,0,0,0,1,1,1947-04-17,,0,8692613,,,,,,,,,,,,,,,
432148,0010000,1,熊本県,クマモトケン,Kumamoto,,,,阿蘇市,アソシ,Aso-shi,,,,一の宮町宮地,イチノミヤマチミヤジ,Ichinomiyamachi Miyaji,,,,,,,,0,0,0,0,0,0,1,1,1947-04-17,,0,8692612,,,,,,,,,,,,,,,
432148,0011000,1,熊本県,クマモトケン,Kumamoto,,,,阿蘇市,アソシ,Aso-shi,,,,今町,イママチ,Imamachi,,,,,,,,0,0,0,0,0,0,1,1,1947-04-17,,0,8692315,,,,,,,,,,,,,,,
432148,0016000,1,熊本県,クマモトケン,Kumamoto,,,,阿蘇市,アソシ,Aso-shi,,,,小野田,オノダ,Onoda,,,,,,,,0,0,0,0,0,0,1,1,1947-04-17,,0,8692314,,,,,,,,,,,,,,,
432148,0017000,1,熊本県,クマモトケン,Kumamoto,,,,阿蘇市,アソシ,Aso-shi,,,,狩尾,カリオ,Kario,,,,,,,,0,0,0,0,0,0,1,1,1947-04-17,,0,8692235,,,,,,,,,,,,,,,
432148,0018000,1,熊本県,クマモトケン,Kumamoto,,,,阿蘇市,アソシ,Aso-shi,,,,蔵原,クラバル,Kurabaru,,,,,,,,0,0,0,0,0,0,1,1,1947-04-17,,0,8692224,,,,,,,,,,,,,,,
432148,0020000,1,熊本県,クマモトケン,Kumamoto,,,,阿蘇市,アソシ,Aso-shi,,,,黒川,クロカワ,Kurokawa,,,,,,,,0,0,0,0,0,0,1,1,1947-04-17,,0,8692225,,,,,,,,,,,,,,,
432148,0021000,1,熊本県,クマモトケン,Kumamoto,,,,阿蘇市,アソシ,Aso-shi,,,,黒流町,クロナガレマチ,Kuronagaremachi,,,,,,,,0,0,0,0,0,0,1,1,1947-04-17,,0,8692316,,,,,,,,,,,,,,,
432148,0022000,1,熊本県,クマモトケン,Kumamoto,,,,阿蘇市,アソシ,Aso-shi,,,,小池,コウジ,Koji,,,,,,,,0,0,0,0,0,0,1,1,1947-04-17,,0,8692311,,,,,,,,,,,,,,,
432148,0023000,1,熊本県,クマモトケン,Kumamoto,,,,阿蘇市,アソシ,Aso-shi,,,,竹原,タカワラ,Takawara,,,,,,,,0,0,0,0,0,0,1,1,1947-04-17,,0,8692223,,,,,,,,,,,,,,,
432148,0025000,1,熊本県,クマモトケン,Kumamoto,,,,阿蘇市,アソシ,Aso-shi,,,,波野大字赤仁田,ナミノオオアザアカニタ,,,,,,,,,0,0,0,0,0,0,1,1,1947-04-17,,0,,,,,,,,,,,,,,,,
432148,0026000,1,熊本県,クマモトケン,Kumamoto,,,,阿蘇市,アソシ,Aso-shi,,,,波野大字小園,ナミノオオアザオゾノ,,,,,,,,,0,0,0,0,0,0,1,1,1947-04-17,,0,,,,,,,,,,,,,,,,
432148,0027000,1,熊本県,クマモトケン,Kumamoto,,,,阿蘇市,アソシ,Aso-shi,,,,波野大字小地野,ナミノオオアザショウチノ,,,,,,,,,0,0,0,0,0,0,1,1,1947-04-17,,0,,,,,,,,,,,,,,,,
432148,0028000,1,熊本県,クマモトケン,Kumamoto,,,,阿蘇市,アソシ,Aso-shi,,,,波野大字新波野,ナミノオオアザシンナミノ,,,,,,,,,0,0,0,0,0,0,1,1,1947-04-17,,0,,,,,,,,,,,,,,,,
432148,0029000,1,熊本県,クマモトケン,Kumamoto,,,,阿蘇市,アソシ,Aso-shi,,,,波野大字滝水,ナミノオオアザタキミズ,,,,,,,,,0,0,0,0,0,0,1,1,1947-04-17,,0,,,,,,,,,,,,,,,,
432148,0030000,1,熊本県,クマモトケン,Kumamoto,,,,阿蘇市,アソシ,Aso-shi,,,,波野大字中江,ナミノオオアザナカエ,,,,,,,,,0,0,0,0,0,0,1,1,1947-04-17,,0,,,,,,,,,,,,,,,,
432148,0031000,1,熊本県,クマモトケン,Kumamoto,,,,阿蘇市,アソシ,Aso-shi,,,,波野大字波野,ナミノオオアザナミノ,,,,,,,,,0,0,0,0,0,0,1,1,1947-04-17,,0,,,,,,,,,,,,,,,,
432148,0032000,1,熊本県,クマモトケン,Kumamoto,,,,阿蘇市,アソシ,Aso-shi,,,,西小園,ニシコゾノ,Nishikozono,,,,,,,,0,0,0,0,0,0,1,1,1947-04-17,,0,8692303,,,,,,,,,,,,,,,
432148,0033000,1,熊本県,クマモトケン,Kumamoto,,,,阿蘇市,アソシ,Aso-shi,,,,西町,ニシマチ,Nishimachi,,,,,,,,0,0,0,0,0,0,1,1,1947-04-17,,0,8692222,,,,,,,,,,,,,,,
432148,0034000,1,熊本県,クマモトケン,Kumamoto,,,,阿蘇市,アソシ,Aso-shi,,,,西湯浦,ニシユノウラ,Nishiyunora,,,,,,,,0,0,0,0,0,0,1,1,1947-04-17,,0,8692304,,,,,,,,,,,,,,,
432148,0036000,1,熊本県,クマモトケン,Kumamoto,,,,阿蘇市,アソシ,Aso-shi,,,,三久保,ミクボ,Mikubo,,,,,,,,0,0,0,0,0,0,1,1,1947-04-17,,0,8692302,,,,,,,,,,,,,,,
432148,0037000,1,熊本県,クマモトケン,Kumamoto,,,,阿蘇市,アソシ,Aso-shi,,,,南宮原,ミナミミヤバル,Minamimiyabaru,,,,,,,,0,0,0,0,0,0,1,1,1947-04-17,,0,8692306,,,,,,,,,,,,,,,
432148,0038000,1,熊本県,クマモトケン,Kumamoto,,,,阿蘇市,アソシ,Aso-shi,,,,無田,ムタ,Muta,,,,,,,,0,0,0,0,0,0,1,1,1947-04-17,,0,8692233,,,,,,,,,,,,,,,
432148,0039000,1,熊本県,クマモトケン,Kumamoto,,,,阿蘇市,アソシ,Aso-shi,,,,役犬原,ヤクインバル,Yakuimbaru,,,,,,,,0,0,0,0,0,0,1,1,1947-04-17,,0,8692221,,,,,,,,,,,,,,,
432148,0041000,1,熊本県,クマモトケン,Kumamoto,,,,阿蘇市,アソシ,Aso-shi,,,,湯浦,ユノウラ,Yunora,,,,,,,,0,0,0,0,0,0,1,1,1947-04-17,,0,8692305,,,,,,,,,,,,,,,
432148,0042000,1,熊本県,クマモトケン,Kumamoto,,,,阿蘇市,アソシ,Aso-shi,,,,永草,ナガクサ,,,,,,,,,0,0,0,0,0,0,1,0,1947-04-17,,1,,,,,,,,,,,,,,,,
432148,0043000,1,熊本県,クマモトケン,Kumamoto,,,,阿蘇市,アソシ,Aso-shi,,,,乙姫,オトヒメ,,,,,,,,,0,0,0,0,0,0,1,0,1947-04-17,,1,,,,,,,,,,,,,,,,
432148,0044000,1,熊本県,クマモトケン,Kumamoto,,,,阿蘇市,アソシ,Aso-shi,,,,山田,ヤマダ,,,,,,,,,0,0,0,0,0,0,1,0,1947-04-17,,1,,,,,,,,,,,,,,,,
432148,0045000,1,熊本県,クマモトケン,Kumamoto,,,,阿蘇市,アソシ,Aso-shi,,,,車帰,クルマガエリ,,,,,,,,,0,0,0,0,0,0,1,0,1947-04-17,,1,,,,,,,,,,,,,,,,
432148,0046000,1,熊本県,クマモトケン,Kumamoto,,,,阿蘇市,アソシ,Aso-shi,,,,小倉,オクラ,,,,,,,,,0,0,0,0,0,0,1,0,1947-04-17,,1,,,,,,,,,,,,,,,,
432148,0047000,1,熊本県,クマモトケン,Kumamoto,,,,阿蘇市,アソシ,Aso-shi,,,,小里,オザト,,,,,,,,,0,0,0,0,0,0,1,0,1947-04-17,,1,,,,,,,,,,,,,,,,
432148,0048000,1,熊本県,クマモトケン,Kumamoto,,,,阿蘇市,アソシ,Aso-shi,,,,的石,マトイシ,,,,,,,,,0,0,0,0,0,0,1,0,1947-04-17,,1,,,,,,,,,,,,,,,,
432148,0049000,1,熊本県,クマモトケン,Kumamoto,,,,阿蘇市,アソシ,Aso-shi,,,,内牧,ウチノマキ,,,,,,,,,0,0,0,0,0,0,1,0,1947-04-17,,1,,,,,,,,,,,,,,,,
432156,0001000,1,熊本県,クマモトケン,Kumamoto,,,,天草市,アマクサシ,Amakusa-shi,,,,旭町,アサヒマチ,Asahimachi,,,,,,,,0,0,0,0,0,0,1,1,1947-04-17,,0,8632172,,,,,,,,,,,,,,,
432156,0002000,1,熊本県,クマモトケン,Kumamoto,,,,天草市,アマクサシ,Amakusa-shi,,,,天草町大江,アマクサマチオオエ,Amakusamachi Oe,,,,,,,,0,0,0,0,0,0,1,1,1947-04-17,,0,8632801,,,,,,,,,,,,,,,
432156,0003000,1,熊本県,クマモトケン,Kumamoto,,,,天草市,アマクサシ,Amakusa-shi,,,,天草町大江軍浦,アマクサマチオオエイクサガウラ,Amakusamachi Oeikusagaura,,,,,,,,0,0,0,0,0,0,1,1,1947-04-17,,0,8632801,,,,,,,,,,,,,,,
432156,0004000,1,熊本県,クマモトケン,Kumamoto,,,,天草市,アマクサシ,Amakusa-shi,,,,天草町大江向,アマクサマチオオエムコウ,Amakusamachi Oemuko,,,,,,,,0,0,0,0,0,0,1,1,1947-04-17,,0,8631401,,,,,,,,,,,,,,,
432156,0005000,1,熊本県,クマモトケン,Kumamoto,,,,天草市,アマクサシ,Amakusa-shi,,,,天草町下田北,アマクサマチシモダキタ,Amakusamachi Shimodakita,,,,,,,,0,0,0,0,0,0,1,1,1947-04-17,,0,8632803,,,,,,,,,,,,,,,
432156,0006000,1,熊本県,クマモトケン,Kumamoto,,,,天草市,アマクサシ,Amakusa-shi,,,,天草町下田南,アマクサマチシモダミナミ,Amakusamachi Shimodaminami,,,,,,,,0,0,0,0,0,0,1,1,1947-04-17,,0,8632802,,,,,,,,,,,,,,,
432156,0007000,1,熊本県,クマモトケン,Kumamoto,,,,天草市,アマクサシ,Amakusa-shi,,,,天草町高浜北,アマクサマチタカハマキタ,,,,,,,,,0,0,0,0,0,0,1,1,1947-04-17,,0,,,,,,,,,,,,,,,,
432156,0008000,1,熊本県,クマモトケン,Kumamoto,,,,天草市,アマクサシ,Amakusa-shi,,,,天草町高浜南,アマクサマチタカハマミナミ,Amakusamachi Takahamaminami,,,,,,,,0,0,0,0,0,0,1,1,1947-04-17,,0,8632804,,,,,,,,,,,,,,,
432156,0009000,1,熊本県,クマモトケン,Kumamoto,,,,天草市,アマクサシ,Amakusa-shi,,,,天草町福連木,アマクサマチフクレギ,Amakusamachi Fukuregi,,,,,,,,0,0,0,0,0,0,1,1,1947-04-17,,0,8632806,,,,,,,,,,,,,,,
432156,0010000,1,熊本県,クマモトケン,Kumamoto,,,,天草市,アマクサシ,Amakusa-shi,,,,有明町赤崎,アリアケマチアカサキ,Ariakemachi Akasaki,,,,,,,,0,0,0,0,0,0,1,1,1947-04-17,,0,8617201,,,,,,,,,,,,,,,
432156,0011000,1,熊本県,クマモトケン,Kumamoto,,,,天草市,アマクサシ,Amakusa-shi,,,,有明町大浦,アリアケマチオオウラ,Ariakemachi Oura,,,,,,,,0,0,0,0,0,0,1,1,1947-04-17,,0,8617203,,,,,,,,,,,,,,,
432156,0012000,1,熊本県,クマモトケン,Kumamoto,,,,天草市,アマクサシ,Amakusa-shi,,,,有明町大島子,アリアケマチオオシマゴ,Ariakemachi Oshimago,,,,,,,,0,0,0,0,0,0,1,1,1947-04-17,,0,8617314,,,,,,,,,,,,,,,
432156,0013000,1,熊本県,クマモトケン,Kumamoto,,,,天草市,アマクサシ,Amakusa-shi,,,,有明町楠甫,アリアケマチクスボ,Ariakemachi Kusubo,,,,,,,,0,0,0,0,0,0,1,1,1947-04-17,,0,8617204,,,,,,,,,,,,,,,
432156,0014000,1,熊本県,クマモトケン,Kumamoto,,,,天草市,アマクサシ,Amakusa-shi,,,,有明町上津浦,アリアケマチコウツウラ,Ariakemachi Kotsura,,,,,,,,0,0,0,0,0,0,1,1,1947-04-17,,0,8617311,,,,,,,,,,,,,,,
432156,0015000,1,熊本県,クマモトケン,Kumamoto,,,,天草市,アマクサシ,Amakusa-shi,,,,有明町小島子,アリアケマチコシマゴ,Ariakemachi Koshimago,,,,,,,,0,0,0,0,0,0,1,1,1947-04-17,,0,8617313,,,,,,,,,,,,,,,
432156,0016000,1,熊本県,クマモトケン,Kumamoto,,,,天草市,アマクサシ,Amakusa-shi,,,,有明町下津浦,アリアケマチシモツウラ,Ariakemachi Shimotsura,,,,,,,,0,0,0,0,0,0,1,1,1947-04-17,,0,8617312,,,,,,,,,,,,,,,
432156,0017000,1,熊本県,クマモトケン,Kumamoto,,,,天草市,アマクサシ,Amakusa-shi,,,,有明町須子,アリアケマチスジ,Ariakemachi Suji,,,,,,,,0,0,0,0,0,0,1,1,1947-04-17,,0,8617202,,,,,,,,,,,,,,,
432156,0018000,1,熊本県,クマモトケン,Kumamoto,,,,天草市,アマクサシ,Amakusa-shi,,,,五和町鬼池,イツワマチオニイケ,Itsuwamachi Oniike,,,,,,,,0,0,0,0,0,0,1,0,1947-04-17,,0,8632331,,,,,,,,,,,,,,,
432156,0019001,2,熊本県,クマモトケン,Kumamoto,,,,天草市,アマクサシ,Amakusa-shi,,,,五和町城河原,イツワマチジョウガワラ,Itsuwamachi Jogawara,一丁目,１チョウメ,1,,,,,0,0,0,0,0,0,1,1,1947-04-17,,0,,,,,,,,,,,,,,,,
432156,0019002,2,熊本県,クマモトケン,Kumamoto,,,,天草市,アマクサシ,Amakusa-shi,,,,五和町城河原,イツワマチジョウガワラ,Itsuwamachi Jogawara,二丁目,２チョウメ,2,,,,,0,0,0,0,0,0,1,1,1947-04-17,,0,,,,,,,,,,,,,,,,
432156,0019003,2,熊本県,クマモトケン,Kumamoto,,,,天草市,アマクサシ,Amakusa-shi,,,,五和町城河原,イツワマチジョウガワラ,Itsuwamachi Jogawara,三丁目,３チョウメ,3,,,,,0,0,0,0,0,0,1,1,1947-04-17,,0,,,,,,,,,,,,,,,,
432156,0020001,2,熊本県,クマモトケン,Kumamoto,,,,天草市,アマクサシ,Amakusa-shi,,,,五和町手野,イツワマチテノ,Itsuwamachi Teno,一丁目,１チョウメ,1,,,,,0,0,0,0,0,0,1,1,1947-04-17,,0,,,,,,,,,,,,,,,,
432156,0020002,2,熊本県,クマモトケン,Kumamoto,,,,天草市,アマクサシ,Amakusa-shi,,,,五和町手野,イツワマチテノ,Itsuwamachi Teno,二丁目,２チョウメ,2,,,,,0,0,0,0,0,0,1,1,1947-04-17,,0,,,,,,,,,,,,,,,,
432156,0021000,1,熊本県,クマモトケン,Kumamoto,,,,天草市,アマクサシ,Amakusa-shi,,,,五和町二江,イツワマチフタエ,Itsuwamachi Futae,,,,,,,,0,0,0,0,0,0,1,1,1947-04-17,,0,8632421,,,,,,,,,,,,,,,
432156,0022000,1,熊本県,クマモトケン,Kumamoto,,,,天草市,アマクサシ,Amakusa-shi,,,,今釜新町,イマガマシンマチ,Imagamashimmachi,,,,,,,,0,0,0,0,0,0,1,1,1947-04-17,,0,8630013,,,,,,,,,,,,,,,
432156,0023000,1,熊本県,クマモトケン,Kumamoto,,,,天草市,アマクサシ,Amakusa-shi,,,,今釜町,イマガママチ,Imagamamachi,,,,,,,,1,1,0,0,0,0,1,1,1947-04-17,,0,8630012,,,,,,,,,,,,,,,
432156,0024000,1,熊本県,クマモトケン,Kumamoto,,,,天草市,アマクサシ,Amakusa-shi,,,,牛深町,ウシブカマチ,Ushibukamachi,,,,,,,,0,0,0,0,0,0,1,1,1947-04-17,,0,8631901,,,,,,,,,,,,,,,
432156,0025000,1,熊本県,クマモトケン,Kumamoto,,,,天草市,アマクサシ,Amakusa-shi,,,,太田町,オオタマチ,Otamachi,,,,,,,,0,0,0,0,0,0,1,1,1947-04-17,,0,8630032,,,,,,,,,,,,,,,
432156,0026000,1,熊本県,クマモトケン,Kumamoto,,,,天草市,アマクサシ,Amakusa-shi,,,,大浜町,オオハママチ,Ohamamachi,,,,,,,,1,1,0,0,0,0,1,1,1947-04-17,,0,8630015,,,,,,,,,,,,,,,
432156,0027000,1,熊本県,クマモトケン,Kumamoto,,,,天草市,アマクサシ,Amakusa-shi,,,,魚貫町,オニキマチ,Onikimachi,,,,,,,,0,0,0,0,0,0,1,1,1947-04-17,,0,8631721,,,,,,,,,,,,,,,
432156,0028000,1,熊本県,クマモトケン,Kumamoto,,,,天草市,アマクサシ,Amakusa-shi,,,,亀場町亀川,カメバマチカメガワ,Kamebamachi Kamegawa,,,,,,,,0,0,0,0,0,0,1,1,1947-04-17,,0,8630043,,,,,,,,,,,,,,,
432156,0029000,1,熊本県,クマモトケン,Kumamoto,,,,天草市,アマクサシ,Amakusa-shi,,,,亀場町食場,カメバマチジキバ,Kamebamachi Jikiba,,,,,,,,0,0,0,0,0,0,1,1,1947-04-17,,0,8630046,,,,,,,,,,,,,,,
432156,0030000,1,熊本県,クマモトケン,Kumamoto,,,,天草市,アマクサシ,Amakusa-shi,,,,河浦町今田,カワウラマチイマダ,Kawauramachi Imada,,,,,,,,0,0,0,0,0,0,1,1,1947-04-17,,0,8631201,,,,,,,,,,,,,,,
432156,0031000,1,熊本県,クマモトケン,Kumamoto,,,,天草市,アマクサシ,Amakusa-shi,,,,河浦町今富,カワウラマチイマトミ,,,,,,,,,0,0,0,0,0,0,1,1,1947-04-17,,0,,,,,,,,,,,,,,,,
432156,0032000,1,熊本県,クマモトケン,Kumamoto,,,,天草市,アマクサシ,Amakusa-shi,,,,河浦町河浦,カワウラマチカワウラ,Kawauramachi Kawaura,,,,,,,,0,0,0,0,0,0,1,1,1947-04-17,,0,8631202,,,,,,,,,,,,,,,
432156,0033000,1,熊本県,クマモトケン,Kumamoto,,,,天草市,アマクサシ,Amakusa-shi,,,,河浦町﨑津,カワウラマチサキツ,,,,,,,,,0,0,0,0,0,0,1,1,1947-04-17,,0,,,,,,,,,,,,,,,,
432156,0034000,1,熊本県,クマモトケン,Kumamoto,,,,天草市,アマクサシ,Amakusa-shi,,,,河浦町白木河内,カワウラマチシラキカワチ,Kawauramachi Shirakikawachi,,,,,,,,0,0,0,0,0,0,1,1,1947-04-17,,0,8631215,,,,,,,,,,,,,,,
432156,0035000,1,熊本県,クマモトケン,Kumamoto,,,,天草市,アマクサシ,Amakusa-shi,,,,河浦町新合,カワウラマチシンゴウ,Kawauramachi Shingo,,,,,,,,0,0,0,0,0,0,1,1,1947-04-17,,0,8631216,,,,,,,,,,,,,,,
432156,0036000,1,熊本県,クマモトケン,Kumamoto,,,,天草市,アマクサシ,Amakusa-shi,,,,河浦町立原,カワウラマチタチハラ,Kawauramachi Tachihara,,,,,,,,0,0,0,0,0,0,1,1,1947-04-17,,0,8631211,,,,,,,,,,,,,,,
432156,0037000,1,熊本県,クマモトケン,Kumamoto,,,,天草市,アマクサシ,Amakusa-shi,,,,河浦町久留,カワウラマチヒサドメ,Kawauramachi Hisadome,,,,,,,,0,0,0,0,0,0,1,1,1947-04-17,,0,8631214,,,,,,,,,,,,,,,
432156,0038000,1,熊本県,クマモトケン,Kumamoto,,,,天草市,アマクサシ,Amakusa-shi,,,,河浦町宮野河内,カワウラマチミヤノカワチ,Kawauramachi Miyanokawachi,,,,,,,,0,0,0,0,0,0,1,1,1947-04-17,,0,8631212,,,,,,,,,,,,,,,
432156,0039000,1,熊本県,クマモトケン,Kumamoto,,,,天草市,アマクサシ,Amakusa-shi,,,,河浦町路木,カワウラマチロギ,Kawauramachi Rogi,,,,,,,,0,0,0,0,0,0,1,1,1947-04-17,,0,8631213,,,,,,,,,,,,,,,
432156,0040000,1,熊本県,クマモトケン,Kumamoto,,,,天草市,アマクサシ,Amakusa-shi,,,,川原新町,カワラシンマチ,Kawarashimmachi,,,,,,,,0,0,0,0,0,0,1,1,1947-04-17,,0,8630036,,,,,,,,,,,,,,,
432156,0041000,1,熊本県,クマモトケン,Kumamoto,,,,天草市,アマクサシ,Amakusa-shi,,,,川原町,カワラマチ,Kawaramachi,,,,,,,,1,1,0,0,0,0,1,1,1947-04-17,,0,8630024,,,,,,,,,,,,,,,
432156,0042000,1,熊本県,クマモトケン,Kumamoto,,,,天草市,アマクサシ,Amakusa-shi,,,,北浜町,キタハママチ,Kitahamamachi,,,,,,,,0,0,0,0,0,0,1,1,1947-04-17,,0,8630011,,,,,,,,,,,,,,,
432156,0043000,1,熊本県,クマモトケン,Kumamoto,,,,天草市,アマクサシ,Amakusa-shi,,,,北原町,キタハラマチ,Kitaharamachi,,,,,,,,1,1,0,0,0,0,1,1,1947-04-17,,0,8630049,,,,,,,,,,,,,,,
432156,0044000,1,熊本県,クマモトケン,Kumamoto,,,,天草市,アマクサシ,Amakusa-shi,,,,楠浦町,クスウラマチ,Kusuramachi,,,,,,,,0,0,0,0,0,0,1,1,1947-04-17,,0,8630044,,,,,,,,,,,,,,,
432156,0045000,1,熊本県,クマモトケン,Kumamoto,,,,天草市,アマクサシ,Amakusa-shi,,,,久玉町,クタママチ,Kutamamachi,,,,,,,,0,0,0,0,0,0,1,1,1947-04-17,,0,8631902,,,,,,,,,,,,,,,
432156,0046000,1,熊本県,クマモトケン,Kumamoto,,,,天草市,アマクサシ,Amakusa-shi,,,,倉岳町浦,クラタケマチウラ,Kuratakemachi Ura,,,,,,,,0,0,0,0,0,0,1,1,1947-04-17,,0,8616401,,,,,,,,,,,,,,,
432156,0047000,1,熊本県,クマモトケン,Kumamoto,,,,天草市,アマクサシ,Amakusa-shi,,,,倉岳町棚底,クラタケマチタナソコ,Kuratakemachi Tanasoko,,,,,,,,0,0,0,0,0,0,1,1,1947-04-17,,0,8616402,,,,,,,,,,,,,,,
432156,0048000,1,熊本県,クマモトケン,Kumamoto,,,,天草市,アマクサシ,Amakusa-shi,,,,倉岳町宮田,クラタケマチミヤダ,Kuratakemachi Miyada,,,,,,,,0,0,0,0,0,0,1,1,1947-04-17,,0,8616403,,,,,,,,,,,,,,,
432156,0049000,1,熊本県,クマモトケン,Kumamoto,,,,天草市,アマクサシ,Amakusa-shi,,,,御所浦町牧島,ゴショウラマチマキシマ,Goshoramachi Makishima,,,,,,,,0,0,0,0,0,0,1,1,1947-04-17,,0,8660334,,,,,,,,,,,,,,,
432156,0050000,1,熊本県,クマモトケン,Kumamoto,,,,天草市,アマクサシ,Amakusa-shi,,,,御所浦町横浦,ゴショウラマチヨコウラ,Goshoramachi Yokora,,,,,,,,0,0,0,0,0,0,1,1,1947-04-17,,0,8660303,,,,,,,,,,,,,,,
432156,0051000,1,熊本県,クマモトケン,Kumamoto,,,,天草市,アマクサシ,Amakusa-shi,,,,小松原町,コマツバラマチ,Komatsubaramachi,,,,,,,,1,1,0,0,0,0,1,1,1947-04-17,,0,8630019,,,,,,,,,,,,,,,
432156,0052000,1,熊本県,クマモトケン,Kumamoto,,,,天草市,アマクサシ,Amakusa-shi,,,,栄町,サカエマチ,Sakaemachi,,,,,,,,1,1,0,0,0,0,1,1,1947-04-17,,0,8630022,,,,,,,,,,,,,,,
432156,0053000,1,熊本県,クマモトケン,Kumamoto,,,,天草市,アマクサシ,Amakusa-shi,,,,志柿町,シカキマチ,Shikakimachi,,,,,,,,0,0,0,0,0,0,1,1,1947-04-17,,0,8630041,,,,,,,,,,,,,,,
432156,0054000,1,熊本県,クマモトケン,Kumamoto,,,,天草市,アマクサシ,Amakusa-shi,,,,下浦町,シモウラマチ,Shimoramachi,,,,,,,,0,0,0,0,0,0,1,1,1947-04-17,,0,8616551,,,,,,,,,,,,,,,
432156,0055000,1,熊本県,クマモトケン,Kumamoto,,,,天草市,アマクサシ,Amakusa-shi,,,,城下町,ジョウカマチ,Jokamachi,,,,,,,,1,1,0,0,0,0,1,1,1947-04-17,,0,8630016,,,,,,,,,,,,,,,
432156,0056000,1,熊本県,クマモトケン,Kumamoto,,,,天草市,アマクサシ,Amakusa-shi,,,,浄南町,ジョウナンマチ,Jonammachi,,,,,,,,0,0,0,0,0,0,1,1,1947-04-17,,0,8630034,,,,,,,,,,,,,,,
432156,0056000,1,熊本県,クマモトケン,Kumamoto,,,,天草市,アマクサシ,Amakusa-shi,,,,浄南町,ジョウナンマチ,Jonammachi,,,,,,,,1,1,0,0,0,0,1,1,1947-04-17,,0,8630034,,,,,,,,,,,,,,,
432156,0057000,1,熊本県,クマモトケン,Kumamoto,,,,天草市,アマクサシ,Amakusa-shi,,,,新和町碇石,シンワマチイカリイシ,Shinwamachi Ikariishi,,,,,,,,0,0,0,0,0,0,1,1,1947-04-17,,0,8631111,,,,,,,,,,,,,,,
432156,0058000,1,熊本県,クマモトケン,Kumamoto,,,,天草市,アマクサシ,Amakusa-shi,,,,新和町大多尾,シンワマチオオタオ,Shinwamachi Otao,,,,,,,,0,0,0,0,0,0,1,1,1947-04-17,,0,8630102,,,,,,,,,,,,,,,
432156,0059000,1,熊本県,クマモトケン,Kumamoto,,,,天草市,アマクサシ,Amakusa-shi,,,,新和町大宮地,シンワマチオオミヤジ,Shinwamachi Omiyaji,,,,,,,,0,0,0,0,0,0,1,1,1947-04-17,,0,8630103,,,,,,,,,,,,,,,
432156,0061000,1,熊本県,クマモトケン,Kumamoto,,,,天草市,アマクサシ,Amakusa-shi,,,,新和町中田,シンワマチナカダ,Shinwamachi Nakada,,,,,,,,0,0,0,0,0,0,1,1,1947-04-17,,0,8631112,,,,,,,,,,,,,,,
432156,0062000,1,熊本県,クマモトケン,Kumamoto,,,,天草市,アマクサシ,Amakusa-shi,,,,栖本町打田,スモトマチウチダ,Sumotomachi Uchida,,,,,,,,0,0,0,0,0,0,1,1,1947-04-17,,0,8616301,,,,,,,,,,,,,,,
432156,0063000,1,熊本県,クマモトケン,Kumamoto,,,,天草市,アマクサシ,Amakusa-shi,,,,栖本町河内,スモトマチカワチ,Sumotomachi Kawachi,,,,,,,,0,0,0,0,0,0,1,1,1947-04-17,,0,8616302,,,,,,,,,,,,,,,
432156,0064000,1,熊本県,クマモトケン,Kumamoto,,,,天草市,アマクサシ,Amakusa-shi,,,,栖本町馬場,スモトマチババ,Sumotomachi Baba,,,,,,,,0,0,0,0,0,0,1,1,1947-04-17,,0,8616303,,,,,,,,,,,,,,,
432156,0065000,1,熊本県,クマモトケン,Kumamoto,,,,天草市,アマクサシ,Amakusa-shi,,,,栖本町古江,スモトマチフルエ,Sumotomachi Furue,,,,,,,,0,0,0,0,0,0,1,1,1947-04-17,,0,8616304,,,,,,,,,,,,,,,
432156,0066000,1,熊本県,クマモトケン,Kumamoto,,,,天草市,アマクサシ,Amakusa-shi,,,,栖本町湯船原,スモトマチユフネハラ,Sumotomachi Yufunehara,,,,,,,,0,0,0,0,0,0,1,1,1947-04-17,,0,8616305,,,,,,,,,,,,,,,
432156,0067000,1,熊本県,クマモトケン,Kumamoto,,,,天草市,アマクサシ,Amakusa-shi,,,,諏訪町,スワマチ,Suwamachi,,,,,,,,1,1,0,0,0,0,1,1,1947-04-17,,0,8630037,,,,,,,,,,,,,,,
432156,0068000,1,熊本県,クマモトケン,Kumamoto,,,,天草市,アマクサシ,Amakusa-shi,,,,瀬戸町,セドマチ,Sedomachi,,,,,,,,0,0,0,0,0,0,1,1,1947-04-17,,0,8630042,,,,,,,,,,,,,,,
432156,0069000,1,熊本県,クマモトケン,Kumamoto,,,,天草市,アマクサシ,Amakusa-shi,,,,中央新町,チュウオウシンマチ,Chuoshimmachi,,,,,,,,1,1,0,0,0,0,1,1,1947-04-17,,0,8630023,,,,,,,,,,,,,,,
432156,0070000,1,熊本県,クマモトケン,Kumamoto,,,,天草市,アマクサシ,Amakusa-shi,,,,中村町,ナカムラマチ,Nakamuramachi,,,,,,,,1,1,0,0,0,0,1,1,1947-04-17,,0,8630048,,,,,,,,,,,,,,,
432156,0071000,1,熊本県,クマモトケン,Kumamoto,,,,天草市,アマクサシ,Amakusa-shi,,,,枦宇土町,ハジウトマチ,Hajiutomachi,,,,,,,,0,0,0,0,0,0,1,1,1947-04-17,,0,8630045,,,,,,,,,,,,,,,
432156,0072000,1,熊本県,クマモトケン,Kumamoto,,,,天草市,アマクサシ,Amakusa-shi,,,,八幡町,ハチマンマチ,Hachimammachi,,,,,,,,1,1,0,0,0,0,1,1,1947-04-17,,0,8630047,,,,,,,,,,,,,,,
432156,0073000,1,熊本県,クマモトケン,Kumamoto,,,,天草市,アマクサシ,Amakusa-shi,,,,浜崎町,ハマサキマチ,Hamasakimachi,,,,,,,,1,1,0,0,0,0,1,1,1947-04-17,,0,8630018,,,,,,,,,,,,,,,
432156,0074000,1,熊本県,クマモトケン,Kumamoto,,,,天草市,アマクサシ,Amakusa-shi,,,,東浜町,ヒガシハママチ,Higashihamamachi,,,,,,,,1,1,0,0,0,0,1,1,1947-04-17,,0,8630014,,,,,,,,,,,,,,,
432156,0075000,1,熊本県,クマモトケン,Kumamoto,,,,天草市,アマクサシ,Amakusa-shi,,,,東町,ヒガシマチ,Higashimachi,,,,,,,,0,0,0,0,0,0,1,1,1947-04-17,,0,8630033,,,,,,,,,,,,,,,
432156,0076000,1,熊本県,クマモトケン,Kumamoto,,,,天草市,アマクサシ,Amakusa-shi,,,,深海町,フカミマチ,Fukamimachi,,,,,,,,0,0,0,0,0,0,1,1,1947-04-17,,0,8631511,,,,,,,,,,,,,,,
432156,0077000,1,熊本県,クマモトケン,Kumamoto,,,,天草市,アマクサシ,Amakusa-shi,,,,二浦町亀浦,フタウラマチカメウラ,Futauramachi Kameura,,,,,,,,0,0,0,0,0,0,1,1,1947-04-17,,0,8631432,,,,,,,,,,,,,,,
432156,0078000,1,熊本県,クマモトケン,Kumamoto,,,,天草市,アマクサシ,Amakusa-shi,,,,二浦町早浦,フタウラマチハヤウラ,Futauramachi Hayaura,,,,,,,,0,0,0,0,0,0,1,1,1947-04-17,,0,8631431,,,,,,,,,,,,,,,
432156,0079000,1,熊本県,クマモトケン,Kumamoto,,,,天草市,アマクサシ,Amakusa-shi,,,,船之尾町,フネノオマチ,Funenomachi,,,,,,,,1,1,0,0,0,0,1,1,1947-04-17,,0,8630017,,,,,,,,,,,,,,,
432156,0080000,1,熊本県,クマモトケン,Kumamoto,,,,天草市,アマクサシ,Amakusa-shi,,,,古川町,フルカワマチ,Furukawamachi,,,,,,,,1,1,0,0,0,0,1,1,1947-04-17,,0,8630025,,,,,,,,,,,,,,,
432156,0081000,1,熊本県,クマモトケン,Kumamoto,,,,天草市,アマクサシ,Amakusa-shi,,,,本渡町広瀬,ホンドマチヒロセ,Hondomachi Hirose,,,,,,,,0,0,0,0,0,0,1,1,1947-04-17,,0,8630001,,,,,,,,,,,,,,,
432156,0082000,1,熊本県,クマモトケン,Kumamoto,,,,天草市,アマクサシ,Amakusa-shi,,,,本渡町本渡,ホンドマチホンド,Hondomachi Hondo,,,,,,,,0,0,0,0,0,0,1,1,1947-04-17,,0,8630003,,,,,,,,,,,,,,,
432156,0083000,1,熊本県,クマモトケン,Kumamoto,,,,天草市,アマクサシ,Amakusa-shi,,,,本渡町本戸馬場,ホンドマチホントババ,Hondomachi Hontobaba,,,,,,,,0,0,0,0,0,0,1,1,1947-04-17,,0,8630002,,,,,,,,,,,,,,,
432156,0084000,1,熊本県,クマモトケン,Kumamoto,,,,天草市,アマクサシ,Amakusa-shi,,,,本渡町本泉,ホンドマチモトイズミ,Hondomachi Motoizumi,,,,,,,,0,0,0,0,0,0,1,1,1947-04-17,,0,8630004,,,,,,,,,,,,,,,
432156,0085000,1,熊本県,クマモトケン,Kumamoto,,,,天草市,アマクサシ,Amakusa-shi,,,,本町下河内,ホンマチシモガワチ,Hommachi Shimogawachi,,,,,,,,0,0,0,0,0,0,1,1,1947-04-17,,0,8630006,,,,,,,,,,,,,,,
432156,0086000,1,熊本県,クマモトケン,Kumamoto,,,,天草市,アマクサシ,Amakusa-shi,,,,本町新休,ホンマチシンキュウ,Hommachi Shinkyu,,,,,,,,0,0,0,0,0,0,1,1,1947-04-17,,0,8630005,,,,,,,,,,,,,,,
432156,0087000,1,熊本県,クマモトケン,Kumamoto,,,,天草市,アマクサシ,Amakusa-shi,,,,本町本,ホンマチホン,Hommachi Hon,,,,,,,,0,0,0,0,0,0,1,1,1947-04-17,,0,8630007,,,,,,,,,,,,,,,
432156,0088000,1,熊本県,クマモトケン,Kumamoto,,,,天草市,アマクサシ,Amakusa-shi,,,,丸尾町,マルオマチ,Maruomachi,,,,,,,,1,1,0,0,0,0,1,1,1947-04-17,,0,8630050,,,,,,,,,,,,,,,
432156,0089000,1,熊本県,クマモトケン,Kumamoto,,,,天草市,アマクサシ,Amakusa-shi,,,,港町,ミナトマチ,Minatomachi,,,,,,,,1,1,0,0,0,0,1,1,1947-04-17,,0,8630021,,,,,,,,,,,,,,,
432156,0090000,1,熊本県,クマモトケン,Kumamoto,,,,天草市,アマクサシ,Amakusa-shi,,,,南新町,ミナミシンマチ,Minamishimmachi,,,,,,,,0,0,0,0,0,0,1,1,1947-04-17,,0,8630031,,,,,,,,,,,,,,,
432156,0091000,1,熊本県,クマモトケン,Kumamoto,,,,天草市,アマクサシ,Amakusa-shi,,,,南町,ミナミマチ,Minamimachi,,,,,,,,0,0,0,0,0,0,1,1,1947-04-17,,0,8630038,,,,,,,,,,,,,,,
432156,0091000,1,熊本県,クマモトケン,Kumamoto,,,,天草市,アマクサシ,Amakusa-shi,,,,南町,ミナミマチ,Minamimachi,,,,,,,,1,1,0,0,0,0,1,1,1947-04-17,,0,8630038,,,,,,,,,,,,,,,
432156,0092000,1,熊本県,クマモトケン,Kumamoto,,,,天草市,アマクサシ,Amakusa-shi,,,,宮地岳町,ミヤジダケマチ,Miyajidakemachi,,,,,,,,0,0,0,0,0,0,1,1,1947-04-17,,0,8631161,,,,,,,,,,,,,,,
432156,0093000,1,熊本県,クマモトケン,Kumamoto,,,,天草市,アマクサシ,Amakusa-shi,,,,山の手町,ヤマノテマチ,Yamanotemachi,,,,,,,,0,0,0,0,0,0,1,1,1947-04-17,,0,8630035,,,,,,,,,,,,,,,
432156,0094000,1,熊本県,クマモトケン,Kumamoto,,,,天草市,アマクサシ,Amakusa-shi,,,,五和町御領,イツワマチゴリョウ,Itsuwamachi Goryo,,,,,,,,0,0,0,0,0,0,1,1,1947-04-17,,0,8632201,,,,,,,,,,,,,,,
432156,0095000,1,熊本県,クマモトケン,Kumamoto,,,,天草市,アマクサシ,Amakusa-shi,,,,佐伊津町,サイツマチ,Saitsumachi,,,,,,,,0,0,0,0,0,0,1,1,1947-04-17,,0,8632171,,,,,,,,,,,,,,,
432156,0096000,1,熊本県,クマモトケン,Kumamoto,,,,天草市,アマクサシ,Amakusa-shi,,,,御所浦町御所浦,ゴショウラマチゴショウラ,Goshoramachi Goshora,,,,,,,,0,0,0,0,0,0,1,1,1947-04-17,,0,8660313,,,,,,,,,,,,,,,
432156,0097000,1,熊本県,クマモトケン,Kumamoto,,,,天草市,アマクサシ,Amakusa-shi,,,,新和町小宮地,シンワマチコミヤジ,,,,,,,,,0,0,0,0,0,0,1,0,1947-04-17,,1,,,,,,,,,,,,,,,,
432164,0001000,1,熊本県,クマモトケン,Kumamoto,,,,合志市,コウシシ,Koshi-shi,,,,合生,アイオイ,Aioi,,,,,,,,0,0,0,0,0,0,1,1,1947-04-17,,0,8611101,,,,,,,,,,,,,,,
432164,0002000,1,熊本県,クマモトケン,Kumamoto,,,,合志市,コウシシ,Koshi-shi,,,,上庄,カミノショウ,Kaminosho,,,,,,,,0,0,0,0,0,0,1,1,1947-04-17,,0,8611111,,,,,,,,,,,,,,,
432164,0003000,1,熊本県,クマモトケン,Kumamoto,,,,合志市,コウシシ,Koshi-shi,,,,幾久富,キクドミ,Kikudomi,,,,,,,,0,0,0,0,0,0,1,1,1947-04-17,,0,8611112,,,,,,,,,,,,,,,
432164,0004000,1,熊本県,クマモトケン,Kumamoto,,,,合志市,コウシシ,Koshi-shi,,,,栄,サカエ,Sakae,,,,,,,,0,0,0,0,0,0,1,1,1947-04-17,,0,8611113,,,,,,,,,,,,,,,
432164,0006000,1,熊本県,クマモトケン,Kumamoto,,,,合志市,コウシシ,Koshi-shi,,,,竹迫,タカバ,Takaba,,,,,,,,0,0,0,0,0,0,1,1,1947-04-17,,0,8611114,,,,,,,,,,,,,,,
432164,0007000,1,熊本県,クマモトケン,Kumamoto,,,,合志市,コウシシ,Koshi-shi,,,,豊岡,トヨオカ,Toyoka,,,,,,,,0,0,0,0,0,0,1,1,1947-04-17,,0,8611115,,,,,,,,,,,,,,,
432164,0008000,1,熊本県,クマモトケン,Kumamoto,,,,合志市,コウシシ,Koshi-shi,,,,野々島,ノノシマ,Nonoshima,,,,,,,,0,0,0,0,0,0,1,1,1947-04-17,,0,8611103,,,,,,,,,,,,,,,
432164,0009000,1,熊本県,クマモトケン,Kumamoto,,,,合志市,コウシシ,Koshi-shi,,,,福原,フクハラ,Fukuhara,,,,,,,,0,0,0,0,0,0,1,1,1947-04-17,,0,8611116,,,,,,,,,,,,,,,
432164,0011000,1,熊本県,クマモトケン,Kumamoto,,,,合志市,コウシシ,Koshi-shi,,,,上生,ワブ,Wabu,,,,,,,,0,0,0,0,0,0,1,1,1947-04-17,,0,8611105,,,,,,,,,,,,,,,
432164,0012000,1,熊本県,クマモトケン,Kumamoto,,,,合志市,コウシシ,Koshi-shi,,,,御代志,ミヨシ,,,,,,,,,0,0,0,0,0,0,1,0,1947-04-17,,1,,,,,,,,,,,,,,,,
432164,0013000,1,熊本県,クマモトケン,Kumamoto,,,,合志市,コウシシ,Koshi-shi,,,,須屋,スヤ,,,,,,,,,0,0,0,0,0,0,1,0,1947-04-17,,1,,,,,,,,,,,,,,,,
433489,0001000,1,熊本県,クマモトケン,Kumamoto,下益城郡,シモマシキグン,Shimomashiki-gun,美里町,ミサトマチ,Misato-machi,,,,安部,アベ,Abe,,,,,,,,0,0,0,0,0,0,1,1,1947-04-17,,0,8614714,,,,,,,,,,,,,,,
433489,0003000,1,熊本県,クマモトケン,Kumamoto,下益城郡,シモマシキグン,Shimomashiki-gun,美里町,ミサトマチ,Misato-machi,,,,今,イマ,Ima,,,,,,,,0,0,0,0,0,0,1,1,1947-04-17,,0,8614734,,,,,,,,,,,,,,,
433489,0004000,1,熊本県,クマモトケン,Kumamoto,下益城郡,シモマシキグン,Shimomashiki-gun,美里町,ミサトマチ,Misato-machi,,,,岩下,イワシタ,Iwashita,,,,,,,,0,0,0,0,0,0,1,1,1947-04-17,,0,8614404,,,,,,,,,,,,,,,
433489,0006000,1,熊本県,クマモトケン,Kumamoto,下益城郡,シモマシキグン,Shimomashiki-gun,美里町,ミサトマチ,Misato-machi,,,,畝野,ウネノ,Uneno,,,,,,,,0,0,0,0,0,0,1,1,1947-04-17,,0,8614703,,,,,,,,,,,,,,,
433489,0007000,1,熊本県,クマモトケン,Kumamoto,下益城郡,シモマシキグン,Shimomashiki-gun,美里町,ミサトマチ,Misato-machi,,,,大井早,オオイソウ,Oiso,,,,,,,,0,0,0,0,0,0,1,1,1947-04-17,,0,8614701,,,,,,,,,,,,,,,
433489,0008000,1,熊本県,クマモトケン,Kumamoto,下益城郡,シモマシキグン,Shimomashiki-gun,美里町,ミサトマチ,Misato-machi,,,,大窪,オオクボ,Okubo,,,,,,,,0,0,0,0,0,0,1,1,1947-04-17,,0,8614726,,,,,,,,,,,,,,,
433489,0010000,1,熊本県,クマモトケン,Kumamoto,下益城郡,シモマシキグン,Shimomashiki-gun,美里町,ミサトマチ,Misato-machi,,,,柏川,カシワガワ,Kashiwagawa,,,,,,,,0,0,0,0,0,0,1,1,1947-04-17,,0,8614712,,,,,,,,,,,,,,,
433489,0011000,1,熊本県,クマモトケン,Kumamoto,下益城郡,シモマシキグン,Shimomashiki-gun,美里町,ミサトマチ,Misato-machi,,,,堅志田,カタシダ,Katashida,,,,,,,,0,0,0,0,0,0,1,1,1947-04-17,,0,8614402,,,,,,,,,,,,,,,
433489,0013000,1,熊本県,クマモトケン,Kumamoto,下益城郡,シモマシキグン,Shimomashiki-gun,美里町,ミサトマチ,Misato-machi,,,,川越,カワゴシ,Kawagoshi,,,,,,,,0,0,0,0,0,0,1,1,1947-04-17,,0,8614707,,,,,,,,,,,,,,,
433489,0015000,1,熊本県,クマモトケン,Kumamoto,下益城郡,シモマシキグン,Shimomashiki-gun,美里町,ミサトマチ,Misato-machi,,,,清水,キヨミズ,Kiyomizu,,,,,,,,0,0,0,0,0,0,1,1,1947-04-17,,0,8614715,,,,,,,,,,,,,,,
433489,0017000,1,熊本県,クマモトケン,Kumamoto,下益城郡,シモマシキグン,Shimomashiki-gun,美里町,ミサトマチ,Misato-machi,,,,下草野,ゲゾノ,,,,,,,,,0,0,0,0,0,0,1,1,1947-04-17,,0,,,,,,,,,,,,,,,,
433489,0019000,1,熊本県,クマモトケン,Kumamoto,下益城郡,シモマシキグン,Shimomashiki-gun,美里町,ミサトマチ,Misato-machi,,,,甲佐平,コウサビラ,Kosabira,,,,,,,,0,0,0,0,0,0,1,1,1947-04-17,,0,8614706,,,,,,,,,,,,,,,
433489,0020000,1,熊本県,クマモトケン,Kumamoto,下益城郡,シモマシキグン,Shimomashiki-gun,美里町,ミサトマチ,Misato-machi,,,,古閑,コガ,Koga,,,,,,,,0,0,0,0,0,0,1,1,1947-04-17,,0,8614737,,,,,,,,,,,,,,,
433489,0021000,1,熊本県,クマモトケン,Kumamoto,下益城郡,シモマシキグン,Shimomashiki-gun,美里町,ミサトマチ,Misato-machi,,,,小筵,コムシロ,Komushiro,,,,,,,,0,0,0,0,0,0,1,1,1947-04-17,,0,8614411,,*_MJ019496,,,,,,,,,,,,,
433489,0022000,1,熊本県,クマモトケン,Kumamoto,下益城郡,シモマシキグン,Shimomashiki-gun,美里町,ミサトマチ,Misato-machi,,,,境,サカイ,Sakai,,,,,,,,0,0,0,0,0,0,1,1,1947-04-17,,0,8614723,,,,,,,,,,,,,,,
433489,0025000,1,熊本県,クマモトケン,Kumamoto,下益城郡,シモマシキグン,Shimomashiki-gun,美里町,ミサトマチ,Misato-machi,,,,佐俣,サマタ,Samata,,,,,,,,0,0,0,0,0,0,1,1,1947-04-17,,0,8614412,,,,,,,,,,,,,,,
433489,0026000,1,熊本県,クマモトケン,Kumamoto,下益城郡,シモマシキグン,Shimomashiki-gun,美里町,ミサトマチ,Misato-machi,,,,三加,サンガ,Sanga,,,,,,,,0,0,0,0,0,0,1,1,1947-04-17,,0,8614735,,,,,,,,,,,,,,,
433489,0027000,1,熊本県,クマモトケン,Kumamoto,下益城郡,シモマシキグン,Shimomashiki-gun,美里町,ミサトマチ,Misato-machi,,,,白石野,シライシノ,Shiraishino,,,,,,,,0,0,0,0,0,0,1,1,1947-04-17,,0,8614426,,,,,,,,,,,,,,,
433489,0028000,1,熊本県,クマモトケン,Kumamoto,下益城郡,シモマシキグン,Shimomashiki-gun,美里町,ミサトマチ,Misato-machi,,,,土喰,ツチバミ,Tsuchibami,,,,,,,,0,0,0,0,0,0,1,1,1947-04-17,,0,8614721,,,,,,,,,,,,,,,
433489,0031000,1,熊本県,クマモトケン,Kumamoto,下益城郡,シモマシキグン,Shimomashiki-gun,美里町,ミサトマチ,Misato-machi,,,,遠野,トオノ,Tono,,,,,,,,0,0,0,0,0,0,1,1,1947-04-17,,0,8614702,,,,,,,,,,,,,,,
433489,0032000,1,熊本県,クマモトケン,Kumamoto,下益城郡,シモマシキグン,Shimomashiki-gun,美里町,ミサトマチ,Misato-machi,,,,豊富,トヨトミ,Toyotomi,,,,,,,,0,0,0,0,0,0,1,1,1947-04-17,,0,8614705,,,,,,,,,,,,,,,
433489,0034000,1,熊本県,クマモトケン,Kumamoto,下益城郡,シモマシキグン,Shimomashiki-gun,美里町,ミサトマチ,Misato-machi,,,,長尾野,ナガオノ,Nagaono,,,,,,,,0,0,0,0,0,0,1,1,1947-04-17,,0,8614422,,,,,,,,,,,,,,,
433489,0035000,1,熊本県,クマモトケン,Kumamoto,下益城郡,シモマシキグン,Shimomashiki-gun,美里町,ミサトマチ,Misato-machi,,,,中郡,ナカゴオリ,Nakagori,,,,,,,,0,0,0,0,0,0,1,1,1947-04-17,,0,8614403,,,,,,,,,,,,,,,
433489,0037000,1,熊本県,クマモトケン,Kumamoto,下益城郡,シモマシキグン,Shimomashiki-gun,美里町,ミサトマチ,Misato-machi,,,,永富,ナガトミ,Nagatomi,,,,,,,,0,0,0,0,0,0,1,1,1947-04-17,,0,8614722,,,,,,,,,,,,,,,
433489,0038000,1,熊本県,クマモトケン,Kumamoto,下益城郡,シモマシキグン,Shimomashiki-gun,美里町,ミサトマチ,Misato-machi,,,,名越谷,ナゴシダニ,Nagoshidani,,,,,,,,0,0,0,0,0,0,1,1,1947-04-17,,0,8614736,,,,,,,,,,,,,,,
433489,0039000,1,熊本県,クマモトケン,Kumamoto,下益城郡,シモマシキグン,Shimomashiki-gun,美里町,ミサトマチ,Misato-machi,,,,二和田,ニワダ,Niwada,,,,,,,,0,0,0,0,0,0,1,1,1947-04-17,,0,8614733,,,,,,,,,,,,,,,
433489,0041000,1,熊本県,クマモトケン,Kumamoto,下益城郡,シモマシキグン,Shimomashiki-gun,美里町,ミサトマチ,Misato-machi,,,,早楠,ハヤクス,Hayakusu,,,,,,,,0,0,0,0,0,0,1,1,1947-04-17,,0,8614713,,,,,,,,,,,,,,,
433489,0044000,1,熊本県,クマモトケン,Kumamoto,下益城郡,シモマシキグン,Shimomashiki-gun,美里町,ミサトマチ,Misato-machi,,,,原町,ハラマチ,Haramachi,,,,,,,,0,0,0,0,0,0,1,1,1947-04-17,,0,8614727,,,,,,,,,,,,,,,
433489,0045000,1,熊本県,クマモトケン,Kumamoto,下益城郡,シモマシキグン,Shimomashiki-gun,美里町,ミサトマチ,Misato-machi,,,,洞岳,ホラオカ,Horaoka,,,,,,,,0,0,0,0,0,0,1,1,1947-04-17,,0,8614711,,,,,,,,,,,,,,,
433489,0046000,1,熊本県,クマモトケン,Kumamoto,下益城郡,シモマシキグン,Shimomashiki-gun,美里町,ミサトマチ,Misato-machi,,,,松野原,マツノハラ,Matsunohara,,,,,,,,0,0,0,0,0,0,1,1,1947-04-17,,0,8614423,,,,,,,,,,,,,,,
433489,0047000,1,熊本県,クマモトケン,Kumamoto,下益城郡,シモマシキグン,Shimomashiki-gun,美里町,ミサトマチ,Misato-machi,,,,三和,ミツワ,Mitsuwa,,,,,,,,0,0,0,0,0,0,1,1,1947-04-17,,0,8614732,,,,,,,,,,,,,,,
433489,0048000,1,熊本県,クマモトケン,Kumamoto,下益城郡,シモマシキグン,Shimomashiki-gun,美里町,ミサトマチ,Misato-machi,,,,涌井,ユイ,Yui,,,,,,,,0,0,0,0,0,0,1,1,1947-04-17,,0,8614704,,,,,,,,,,,,,,,
433489,0049000,1,熊本県,クマモトケン,Kumamoto,下益城郡,シモマシキグン,Shimomashiki-gun,美里町,ミサトマチ,Misato-machi,,,,萱野,カヤノ,,,,,,,,,0,0,0,0,0,0,1,0,1947-04-17,,1,,,,,,,,,,,,,,,,
433489,0050000,1,熊本県,クマモトケン,Kumamoto,下益城郡,シモマシキグン,Shimomashiki-gun,美里町,ミサトマチ,Misato-machi,,,,岩野,イワノ,,,,,,,,,0,0,0,0,0,0,1,0,1947-04-17,,1,,,,,,,,,,,,,,,,
433489,0050129,3,熊本県,クマモトケン,Kumamoto,下益城郡,シモマシキグン,Shimomashiki-gun,美里町,ミサトマチ,Misato-machi,,,,岩野,イワノ,,,,,１２０,１２０,,,0,0,0,0,0,0,1,0,1947-04-17,,1,,,,,,,,,,,,,,,,
433489,0050130,3,熊本県,クマモトケン,Kumamoto,下益城郡,シモマシキグン,Shimomashiki-gun,美里町,ミサトマチ,Misato-machi,,,,岩野,イワノ,,,,,２１９,２１９,,,0,0,0,0,0,0,1,0,1947-04-17,,1,,,,,,,,,,,,,,,,
433489,0051000,1,熊本県,クマモトケン,Kumamoto,下益城郡,シモマシキグン,Shimomashiki-gun,美里町,ミサトマチ,Misato-machi,,,,栗崎,クリザキ,,,,,,,,,0,0,0,0,0,0,1,0,1947-04-17,,1,,,,,,,,,,,,,,,,
433489,0052000,1,熊本県,クマモトケン,Kumamoto,下益城郡,シモマシキグン,Shimomashiki-gun,美里町,ミサトマチ,Misato-machi,,,,原田,ハラダ,,,,,,,,,0,0,0,0,0,0,1,0,1947-04-17,,1,,,,,,,,,,,,,,,,
433489,0053000,1,熊本県,クマモトケン,Kumamoto,下益城郡,シモマシキグン,Shimomashiki-gun,美里町,ミサトマチ,Misato-machi,,,,坂貫,サカヌキ,,,,,,,,,0,0,0,0,0,0,1,0,1947-04-17,,1,,,,,,,,,,,,,,,,
433489,0054000,1,熊本県,クマモトケン,Kumamoto,下益城郡,シモマシキグン,Shimomashiki-gun,美里町,ミサトマチ,Misato-machi,,,,坂本,サカモト,,,,,,,,,0,0,0,0,0,0,1,0,1947-04-17,,1,,,,,,,,,,,,,,,,
433489,0055000,1,熊本県,クマモトケン,Kumamoto,下益城郡,シモマシキグン,Shimomashiki-gun,美里町,ミサトマチ,Misato-machi,,,,小市野,コイチノ,,,,,,,,,0,0,0,0,0,0,1,0,1947-04-17,,1,,,,,,,,,,,,,,,,
433489,0056000,1,熊本県,クマモトケン,Kumamoto,下益城郡,シモマシキグン,Shimomashiki-gun,美里町,ミサトマチ,Misato-machi,,,,石野,イシノ,,,,,,,,,0,0,0,0,0,0,1,0,1947-04-17,,1,,,,,,,,,,,,,,,,
433489,0057000,1,熊本県,クマモトケン,Kumamoto,下益城郡,シモマシキグン,Shimomashiki-gun,美里町,ミサトマチ,Misato-machi,,,,大沢水,オオソウズ,,,,,,,,,0,0,0,0,0,0,1,0,1947-04-17,,1,,,,,,,,,,,,,,,,
433489,0058000,1,熊本県,クマモトケン,Kumamoto,下益城郡,シモマシキグン,Shimomashiki-gun,美里町,ミサトマチ,Misato-machi,,,,中,ナカ,,,,,,,,,0,0,0,0,0,0,1,0,1947-04-17,,1,,,,,,,,,,,,,,,,
433489,0059000,1,熊本県,クマモトケン,Kumamoto,下益城郡,シモマシキグン,Shimomashiki-gun,美里町,ミサトマチ,Misato-machi,,,,中小路,ナカショウジ,,,,,,,,,0,0,0,0,0,0,1,0,1947-04-17,,1,,,,,,,,,,,,,,,,
433489,0060000,1,熊本県,クマモトケン,Kumamoto,下益城郡,シモマシキグン,Shimomashiki-gun,美里町,ミサトマチ,Misato-machi,,,,津留,ツル,,,,,,,,,0,0,0,0,0,0,1,0,1947-04-17,,1,,,,,,,,,,,,,,,,
433489,0061000,1,熊本県,クマモトケン,Kumamoto,下益城郡,シモマシキグン,Shimomashiki-gun,美里町,ミサトマチ,Misato-machi,,,,椿,ツバキ,,,,,,,,,0,0,0,0,0,0,1,0,1947-04-17,,1,,,,,,,,,,,,,,,,
433489,0062000,1,熊本県,クマモトケン,Kumamoto,下益城郡,シモマシキグン,Shimomashiki-gun,美里町,ミサトマチ,Misato-machi,,,,馬場,ババ,,,,,,,,,0,0,0,0,0,0,1,0,1947-04-17,,1,,,,,,,,,,,,,,,,
433489,0063000,1,熊本県,クマモトケン,Kumamoto,下益城郡,シモマシキグン,Shimomashiki-gun,美里町,ミサトマチ,Misato-machi,,,,払川,ハライガワ,,,,,,,,,0,0,0,0,0,0,1,0,1947-04-17,,1,,,,,,,,,,,,,,,,
433489,0064000,1,熊本県,クマモトケン,Kumamoto,下益城郡,シモマシキグン,Shimomashiki-gun,美里町,ミサトマチ,Misato-machi,,,,木早川内,キソガワチ,,,,,,,,,0,0,0,0,0,0,1,0,1947-04-17,,1,,,,,,,,,,,,,,,,
433641,0001000,1,熊本県,クマモトケン,Kumamoto,玉名郡,タマナグン,Tamana-gun,玉東町,ギョクトウマチ,Gyokuto-machi,,,,大字稲佐,オオアザイナサ,Inasa,,,,,,,,0,0,0,0,0,0,1,1,1947-04-17,,0,8690301,,,,,,,,,,,,,,,
433641,0002000,1,熊本県,クマモトケン,Kumamoto,玉名郡,タマナグン,Tamana-gun,玉東町,ギョクトウマチ,Gyokuto-machi,,,,大字浦田,オオアザウラタ,Urata,,,,,,,,0,0,0,0,0,0,1,1,1947-04-17,,0,8690304,,,,,,,,,,,,,,,
433641,0003000,1,熊本県,クマモトケン,Kumamoto,玉名郡,タマナグン,Tamana-gun,玉東町,ギョクトウマチ,Gyokuto-machi,,,,大字上木葉,オオアザカミコノハ,Kamikonoha,,,,,,,,0,0,0,0,0,0,1,1,1947-04-17,,0,8690305,,,,,,,,,,,,,,,
433641,0004000,1,熊本県,クマモトケン,Kumamoto,玉名郡,タマナグン,Tamana-gun,玉東町,ギョクトウマチ,Gyokuto-machi,,,,大字上白木,オオアザカミシラキ,Kamishiraki,,,,,,,,0,0,0,0,0,0,1,1,1947-04-17,,0,8690313,,,,,,,,,,,,,,,
433641,0005000,1,熊本県,クマモトケン,Kumamoto,玉名郡,タマナグン,Tamana-gun,玉東町,ギョクトウマチ,Gyokuto-machi,,,,大字木葉,オオアザコノハ,Konoha,,,,,,,,0,0,0,0,0,0,1,1,1947-04-17,,0,8690303,,,,,,,,,,,,,,,
433641,0006000,1,熊本県,クマモトケン,Kumamoto,玉名郡,タマナグン,Tamana-gun,玉東町,ギョクトウマチ,Gyokuto-machi,,,,大字西安寺,オオアザサイアンジ,Saianji,,,,,,,,0,0,0,0,0,0,1,1,1947-04-17,,0,8690321,,,,,,,,,,,,,,,
433641,0007000,1,熊本県,クマモトケン,Kumamoto,玉名郡,タマナグン,Tamana-gun,玉東町,ギョクトウマチ,Gyokuto-machi,,,,大字白木,オオアザシラキ,Shiraki,,,,,,,,0,0,0,0,0,0,1,1,1947-04-17,,0,8690312,,,,,,,,,,,,,,,
433641,0008000,1,熊本県,クマモトケン,Kumamoto,玉名郡,タマナグン,Tamana-gun,玉東町,ギョクトウマチ,Gyokuto-machi,,,,大字原倉,オオアザハラクラ,Harakura,,,,,,,,0,0,0,0,0,0,1,1,1947-04-17,,0,8690322,,,,,,,,,,,,,,,
433641,0009000,1,熊本県,クマモトケン,Kumamoto,玉名郡,タマナグン,Tamana-gun,玉東町,ギョクトウマチ,Gyokuto-machi,,,,大字二俣,オオアザフタマタ,Futamata,,,,,,,,0,0,0,0,0,0,1,1,1947-04-17,,0,8690311,,,,,,,,,,,,,,,
433641,0010000,1,熊本県,クマモトケン,Kumamoto,玉名郡,タマナグン,Tamana-gun,玉東町,ギョクトウマチ,Gyokuto-machi,,,,大字山口,オオアザヤマグチ,Yamaguchi,,,,,,,,0,0,0,0,0,0,1,1,1947-04-17,,0,8690302,,,,,,,,,,,,,,,
433675,0001000,1,熊本県,クマモトケン,Kumamoto,玉名郡,タマナグン,Tamana-gun,南関町,ナンカンマチ,Nankan-machi,,,,大字相谷,オオアザアイノタニ,Ainotani,,,,,,,,0,0,0,0,0,0,1,1,1947-04-17,,0,8610812,,,,,,,,,,,,,,,
433675,0002000,1,熊本県,クマモトケン,Kumamoto,玉名郡,タマナグン,Tamana-gun,南関町,ナンカンマチ,Nankan-machi,,,,大字今,オオアザイマ,Ima,,,,,,,,0,0,0,0,0,0,1,1,1947-04-17,,0,8610832,,,,,,,,,,,,,,,
433675,0003000,1,熊本県,クマモトケン,Kumamoto,玉名郡,タマナグン,Tamana-gun,南関町,ナンカンマチ,Nankan-machi,,,,大字上坂下,オオアザカミサカシタ,Kamisakashita,,,,,,,,0,0,0,0,0,0,1,1,1947-04-17,,0,8610822,,,,,,,,,,,,,,,
433675,0004000,1,熊本県,クマモトケン,Kumamoto,玉名郡,タマナグン,Tamana-gun,南関町,ナンカンマチ,Nankan-machi,,,,大字上長田,オオアザカミナガタ,Kaminagata,,,,,,,,0,0,0,0,0,0,1,1,1947-04-17,,0,8610837,,,,,,,,,,,,,,,
433675,0005000,1,熊本県,クマモトケン,Kumamoto,玉名郡,タマナグン,Tamana-gun,南関町,ナンカンマチ,Nankan-machi,,,,大字久重,オオアザクシゲ,Kushige,,,,,,,,0,0,0,0,0,0,1,1,1947-04-17,,0,8610836,,,,,,,,,,,,,,,
433675,0006000,1,熊本県,クマモトケン,Kumamoto,玉名郡,タマナグン,Tamana-gun,南関町,ナンカンマチ,Nankan-machi,,,,大字肥猪,オオアザコエイ,Koei,,,,,,,,0,0,0,0,0,0,1,1,1947-04-17,,0,8610814,,,,,,,,,,,,,,,
433675,0007000,1,熊本県,クマモトケン,Kumamoto,玉名郡,タマナグン,Tamana-gun,南関町,ナンカンマチ,Nankan-machi,,,,大字肥猪町,オオアザコエイマチ,Koeimachi,,,,,,,,0,0,0,0,0,0,1,1,1947-04-17,,0,8610813,,,,,,,,,,,,,,,
433675,0008000,1,熊本県,クマモトケン,Kumamoto,玉名郡,タマナグン,Tamana-gun,南関町,ナンカンマチ,Nankan-machi,,,,大字小原,オオアザコバル,Kobaru,,,,,,,,0,0,0,0,0,0,1,1,1947-04-17,,0,8610811,,,,,,,,,,,,,,,
433675,0009000,1,熊本県,クマモトケン,Kumamoto,玉名郡,タマナグン,Tamana-gun,南関町,ナンカンマチ,Nankan-machi,,,,大字下坂下,オオアザシモサカシタ,Shimosakashita,,,,,,,,0,0,0,0,0,0,1,1,1947-04-17,,0,8610821,,,,,,,,,,,,,,,
433675,0010000,1,熊本県,クマモトケン,Kumamoto,玉名郡,タマナグン,Tamana-gun,南関町,ナンカンマチ,Nankan-machi,,,,大字関下,オオアザセキシモ,Sekishimo,,,,,,,,0,0,0,0,0,0,1,1,1947-04-17,,0,8610805,,,,,,,,,,,,,,,
433675,0011000,1,熊本県,クマモトケン,Kumamoto,玉名郡,タマナグン,Tamana-gun,南関町,ナンカンマチ,Nankan-machi,,,,大字関東,オオアザセキヒガシ,Sekihigashi,,,,,,,,0,0,0,0,0,0,1,1,1947-04-17,,0,8610802,,,,,,,,,,,,,,,
433675,0012000,1,熊本県,クマモトケン,Kumamoto,玉名郡,タマナグン,Tamana-gun,南関町,ナンカンマチ,Nankan-machi,,,,大字関外目,オオアザセキホカメ,Sekihokame,,,,,,,,0,0,0,0,0,0,1,1,1947-04-17,,0,8610801,,,,,,,,,,,,,,,
433675,0013000,1,熊本県,クマモトケン,Kumamoto,玉名郡,タマナグン,Tamana-gun,南関町,ナンカンマチ,Nankan-machi,,,,大字関町,オオアザセキマチ,Sekimachi,,,,,,,,0,0,0,0,0,0,1,1,1947-04-17,,0,8610803,,,,,,,,,,,,,,,
433675,0014000,1,熊本県,クマモトケン,Kumamoto,玉名郡,タマナグン,Tamana-gun,南関町,ナンカンマチ,Nankan-machi,,,,大字関村,オオアザセキムラ,Sekimura,,,,,,,,0,0,0,0,0,0,1,1,1947-04-17,,0,8610804,,,,,,,,,,,,,,,
433675,0015000,1,熊本県,クマモトケン,Kumamoto,玉名郡,タマナグン,Tamana-gun,南関町,ナンカンマチ,Nankan-machi,,,,大字高久野,オオアザタカクノ,Takakuno,,,,,,,,0,0,0,0,0,0,1,1,1947-04-17,,0,8610833,,,,,,,,,,,,,,,
433675,0016000,1,熊本県,クマモトケン,Kumamoto,玉名郡,タマナグン,Tamana-gun,南関町,ナンカンマチ,Nankan-machi,,,,大字豊永,オオアザトヨナガ,Toyonaga,,,,,,,,0,0,0,0,0,0,1,1,1947-04-17,,0,8610815,,,,,,,,,,,,,,,
433675,0016190,3,熊本県,クマモトケン,Kumamoto,玉名郡,タマナグン,Tamana-gun,南関町,ナンカンマチ,Nankan-machi,,,,大字豊永,オオアザトヨナガ,,,,,東豊永,ヒガシトヨナガ,,,0,0,0,0,0,0,1,0,1947-04-17,,1,,,,,,,,,,,,,,,,
433675,0016191,3,熊本県,クマモトケン,Kumamoto,玉名郡,タマナグン,Tamana-gun,南関町,ナンカンマチ,Nankan-machi,,,,大字豊永,オオアザトヨナガ,,,,,西豊永,ニシトヨナガ,,,0,0,0,0,0,0,1,0,1947-04-17,,1,,,,,,,,,,,,,,,,
433675,0017000,1,熊本県,クマモトケン,Kumamoto,玉名郡,タマナグン,Tamana-gun,南関町,ナンカンマチ,Nankan-machi,,,,大字長山,オオアザナガヤマ,Nagayama,,,,,,,,0,0,0,0,0,0,1,1,1947-04-17,,0,8610835,,,,,,,,,,,,,,,
433675,0018000,1,熊本県,クマモトケン,Kumamoto,玉名郡,タマナグン,Tamana-gun,南関町,ナンカンマチ,Nankan-machi,,,,大字細永,オオアザホソナガ,Hosonaga,,,,,,,,0,0,0,0,0,0,1,1,1947-04-17,,0,8610831,,,,,,,,,,,,,,,
433675,0018166,3,熊本県,クマモトケン,Kumamoto,玉名郡,タマナグン,Tamana-gun,南関町,ナンカンマチ,Nankan-machi,,,,大字細永,オオアザホソナガ,,,,,細永北,ホソナガキタ,,,0,0,0,0,0,0,1,0,1947-04-17,,1,,,,,,,,,,,,,,,,
433675,0018167,3,熊本県,クマモトケン,Kumamoto,玉名郡,タマナグン,Tamana-gun,南関町,ナンカンマチ,Nankan-machi,,,,大字細永,オオアザホソナガ,,,,,細永南,ホソナガミナミ,,,0,0,0,0,0,0,1,0,1947-04-17,,1,,,,,,,,,,,,,,,,
433675,0019000,1,熊本県,クマモトケン,Kumamoto,玉名郡,タマナグン,Tamana-gun,南関町,ナンカンマチ,Nankan-machi,,,,大字宮尾,オオアザミヤオ,Miyao,,,,,,,,0,0,0,0,0,0,1,1,1947-04-17,,0,8610834,,,,,,,,,,,,,,,
433675,0020000,1,熊本県,クマモトケン,Kumamoto,玉名郡,タマナグン,Tamana-gun,南関町,ナンカンマチ,Nankan-machi,,,,大字四ツ原,オオアザヨツハラ,Yotsuhara,,,,,,,,0,0,0,0,0,0,1,1,1947-04-17,,0,8610823,,,,,,,,,,,,,,,
433683,0001000,1,熊本県,クマモトケン,Kumamoto,玉名郡,タマナグン,Tamana-gun,長洲町,ナガスマチ,Nagasu-machi,,,,大字有明,オオアザアリアケ,Ariake,,,,,,,,0,0,0,0,0,0,1,1,1947-04-17,,0,8690113,,,,,,,,,,,,,,,
433683,0002000,1,熊本県,クマモトケン,Kumamoto,玉名郡,タマナグン,Tamana-gun,長洲町,ナガスマチ,Nagasu-machi,,,,大字梅田,オオアザウメダ,Umeda,,,,,,,,0,0,0,0,0,0,1,1,1947-04-17,,0,8690122,,,,,,,,,,,,,,,
433683,0003000,1,熊本県,クマモトケン,Kumamoto,玉名郡,タマナグン,Tamana-gun,長洲町,ナガスマチ,Nagasu-machi,,,,大字折崎,オオアザオリサキ,Orisaki,,,,,,,,0,0,0,0,0,0,1,1,1947-04-17,,0,8690102,,,,,,,,,,,,,,,
433683,0004000,1,熊本県,クマモトケン,Kumamoto,玉名郡,タマナグン,Tamana-gun,長洲町,ナガスマチ,Nagasu-machi,,,,大字上沖洲,オオアザカミオキノス,Kamiokinosu,,,,,,,,0,0,0,0,0,0,1,1,1947-04-17,,0,8690104,,,,,,,,,,,,,,,
433683,0005000,1,熊本県,クマモトケン,Kumamoto,玉名郡,タマナグン,Tamana-gun,長洲町,ナガスマチ,Nagasu-machi,,,,大字清源寺,オオアザセイゲンジ,Seigenji,,,,,,,,0,0,0,0,0,0,1,1,1947-04-17,,0,8690105,,,,,,,,,,,,,,,
433683,0006000,1,熊本県,クマモトケン,Kumamoto,玉名郡,タマナグン,Tamana-gun,長洲町,ナガスマチ,Nagasu-machi,,,,大字高浜,オオアザタカハマ,Takahama,,,,,,,,0,0,0,0,0,0,1,1,1947-04-17,,0,8690121,,,,,,,,,,,,,,,
433683,0007000,1,熊本県,クマモトケン,Kumamoto,玉名郡,タマナグン,Tamana-gun,長洲町,ナガスマチ,Nagasu-machi,,,,大字永塩,オオアザナガシオ,Nagashio,,,,,,,,0,0,0,0,0,0,1,1,1947-04-17,,0,8690106,,,,,,,,,,,,,,,
433683,0008000,1,熊本県,クマモトケン,Kumamoto,玉名郡,タマナグン,Tamana-gun,長洲町,ナガスマチ,Nagasu-machi,,,,大字長洲,オオアザナガス,Nagasu,,,,,,,,0,0,0,0,0,0,1,1,1947-04-17,,0,8690123,,,,,,,,,,,,,,,
433683,0009000,1,熊本県,クマモトケン,Kumamoto,玉名郡,タマナグン,Tamana-gun,長洲町,ナガスマチ,Nagasu-machi,,,,大字腹赤,オオアザハラカ,Haraka,,,,,,,,0,0,0,0,0,0,1,1,1947-04-17,,0,8690103,,,,,,,,,,,,,,,
433683,0010000,1,熊本県,クマモトケン,Kumamoto,玉名郡,タマナグン,Tamana-gun,長洲町,ナガスマチ,Nagasu-machi,,,,大字姫ケ浦,オオアザヒメガウラ,Himegaura,,,,,,,,0,0,0,0,0,0,1,1,1947-04-17,,0,8690112,,,,,,,,,,,,,,,
433683,0011000,1,熊本県,クマモトケン,Kumamoto,玉名郡,タマナグン,Tamana-gun,長洲町,ナガスマチ,Nagasu-machi,,,,大字宮野,オオアザミヤノ,Miyano,,,,,,,,0,0,0,0,0,0,1,1,1947-04-17,,0,8690101,,,,,,,,,,,,,,,
433683,0012000,1,熊本県,クマモトケン,Kumamoto,玉名郡,タマナグン,Tamana-gun,長洲町,ナガスマチ,Nagasu-machi,,,,大字名石浜,オオアザメイシハマ,Meishihama,,,,,,,,0,0,0,0,0,0,1,1,1947-04-17,,0,8690111,,,,,,,,,,,,,,,
433691,0001000,1,熊本県,クマモトケン,Kumamoto,玉名郡,タマナグン,Tamana-gun,和水町,ナゴミマチ,Nagomi-machi,,,,板楠,イタクス,Itakusu,,,,,,,,0,0,0,0,0,0,1,1,1947-04-17,,0,8610913,,,,,,,,,,,,,,,
433691,0002000,1,熊本県,クマモトケン,Kumamoto,玉名郡,タマナグン,Tamana-gun,和水町,ナゴミマチ,Nagomi-machi,,,,岩,イワ,Iwa,,,,,,,,0,0,0,0,0,0,1,1,1947-04-17,,0,8610922,,,,,,,,,,,,,,,
433691,0003000,1,熊本県,クマモトケン,Kumamoto,玉名郡,タマナグン,Tamana-gun,和水町,ナゴミマチ,Nagomi-machi,,,,岩尻,イワシリ,Iwashiri,,,,,,,,0,0,0,0,0,0,1,1,1947-04-17,,0,8650114,,,,,,,,,,,,,,,
433691,0004000,1,熊本県,クマモトケン,Kumamoto,玉名郡,タマナグン,Tamana-gun,和水町,ナゴミマチ,Nagomi-machi,,,,内田,ウチダ,Uchida,,,,,,,,0,0,0,0,0,0,1,1,1947-04-17,,0,8650104,,,,,,,,,,,,,,,
433691,0005000,1,熊本県,クマモトケン,Kumamoto,玉名郡,タマナグン,Tamana-gun,和水町,ナゴミマチ,Nagomi-machi,,,,江栗,エグリ,Eguri,,,,,,,,0,0,0,0,0,0,1,1,1947-04-17,,0,8650101,,,,,,,,,,,,,,,
433691,0006000,1,熊本県,クマモトケン,Kumamoto,玉名郡,タマナグン,Tamana-gun,和水町,ナゴミマチ,Nagomi-machi,,,,江田,エタ,Eta,,,,,,,,0,0,0,0,0,0,1,1,1947-04-17,,0,8650136,,,,,,,,,,,,,,,
433691,0007000,1,熊本県,クマモトケン,Kumamoto,玉名郡,タマナグン,Tamana-gun,和水町,ナゴミマチ,Nagomi-machi,,,,榎原,エノキバル,Enokibaru,,,,,,,,0,0,0,0,0,0,1,1,1947-04-17,,0,8650121,,,,,,,,,,,,,,,
433691,0008000,1,熊本県,クマモトケン,Kumamoto,玉名郡,タマナグン,Tamana-gun,和水町,ナゴミマチ,Nagomi-machi,,,,大田黒,オオタグロ,Otaguro,,,,,,,,0,0,0,0,0,0,1,1,1947-04-17,,0,8610924,,,,,,,,,,,,,,,
433691,0009000,1,熊本県,クマモトケン,Kumamoto,玉名郡,タマナグン,Tamana-gun,和水町,ナゴミマチ,Nagomi-machi,,,,大屋,オオヤ,Oya,,,,,,,,0,0,0,0,0,0,1,1,1947-04-17,,0,8650112,,,,,,,,,,,,,,,
433691,0010000,1,熊本県,クマモトケン,Kumamoto,玉名郡,タマナグン,Tamana-gun,和水町,ナゴミマチ,Nagomi-machi,,,,竈門,カマド,Kamado,,,,,,,,0,0,0,0,0,0,1,1,1947-04-17,,0,8650116,,,,,,,,,,,,,,,
433691,0011000,1,熊本県,クマモトケン,Kumamoto,玉名郡,タマナグン,Tamana-gun,和水町,ナゴミマチ,Nagomi-machi,,,,上板楠,カミイタクス,Kamiitakusu,,,,,,,,0,0,0,0,0,0,1,1,1947-04-17,,0,8610914,,,,,,,,,,,,,,,
433691,0012000,1,熊本県,クマモトケン,Kumamoto,玉名郡,タマナグン,Tamana-gun,和水町,ナゴミマチ,Nagomi-machi,,,,上十町,カミジッチョウ,Kamijitcho,,,,,,,,0,0,0,0,0,0,1,1,1947-04-17,,0,8610911,,,,,,,,,,,,,,,
433691,0013000,1,熊本県,クマモトケン,Kumamoto,玉名郡,タマナグン,Tamana-gun,和水町,ナゴミマチ,Nagomi-machi,,,,上和仁,カミワニ,Kamiwani,,,,,,,,0,0,0,0,0,0,1,1,1947-04-17,,0,8610901,,,,,,,,,,,,,,,
433691,0014000,1,熊本県,クマモトケン,Kumamoto,玉名郡,タマナグン,Tamana-gun,和水町,ナゴミマチ,Nagomi-machi,,,,久米野,クベノ,Kubeno,,,,,,,,0,0,0,0,0,0,1,1,1947-04-17,,0,8650115,,,,,,,,,,,,,,,
433691,0015000,1,熊本県,クマモトケン,Kumamoto,玉名郡,タマナグン,Tamana-gun,和水町,ナゴミマチ,Nagomi-machi,,,,志口永,シグチナガ,Shiguchinaga,,,,,,,,0,0,0,0,0,0,1,1,1947-04-17,,0,8650117,,,,,,,,,,,,,,,
433691,0016000,1,熊本県,クマモトケン,Kumamoto,玉名郡,タマナグン,Tamana-gun,和水町,ナゴミマチ,Nagomi-machi,,,,下津原,シモツワラ,Shimotsuwara,,,,,,,,0,0,0,0,0,0,1,1,1947-04-17,,0,8650111,,,,,,,,,,,,,,,
433691,0017000,1,熊本県,クマモトケン,Kumamoto,玉名郡,タマナグン,Tamana-gun,和水町,ナゴミマチ,Nagomi-machi,,,,瀬川,セガワ,Segawa,,,,,,,,0,0,0,0,0,0,1,1,1947-04-17,,0,8650135,,,,,,,,,,,,,,,
433691,0018000,1,熊本県,クマモトケン,Kumamoto,玉名郡,タマナグン,Tamana-gun,和水町,ナゴミマチ,Nagomi-machi,,,,高野,タカノ,Takano,,,,,,,,0,0,0,0,0,0,1,1,1947-04-17,,0,8650122,,,,,,,,,,,,,,,
433691,0019000,1,熊本県,クマモトケン,Kumamoto,玉名郡,タマナグン,Tamana-gun,和水町,ナゴミマチ,Nagomi-machi,,,,津田,ツダ,Tsuda,,,,,,,,0,0,0,0,0,0,1,1,1947-04-17,,0,8610921,,,,,,,,,,,,,,,
433691,0020000,1,熊本県,クマモトケン,Kumamoto,玉名郡,タマナグン,Tamana-gun,和水町,ナゴミマチ,Nagomi-machi,,,,長小田,ナガオダ,Nagaoda,,,,,,,,0,0,0,0,0,0,1,1,1947-04-17,,0,8650103,,,,,,,,,,,,,,,
433691,0021000,1,熊本県,クマモトケン,Kumamoto,玉名郡,タマナグン,Tamana-gun,和水町,ナゴミマチ,Nagomi-machi,,,,中十町,ナカジッチョウ,Nakajitcho,,,,,,,,0,0,0,0,0,0,1,1,1947-04-17,,0,8610912,,,,,,,,,,,,,,,
433691,0022000,1,熊本県,クマモトケン,Kumamoto,玉名郡,タマナグン,Tamana-gun,和水町,ナゴミマチ,Nagomi-machi,,,,中林,ナカバヤシ,Nakabayashi,,,,,,,,0,0,0,0,0,0,1,1,1947-04-17,,0,8610905,,,,,,,,,,,,,,,
433691,0023000,1,熊本県,クマモトケン,Kumamoto,玉名郡,タマナグン,Tamana-gun,和水町,ナゴミマチ,Nagomi-machi,,,,中和仁,ナカワニ,Nakawani,,,,,,,,0,0,0,0,0,0,1,1,1947-04-17,,0,8610902,,,,,,,,,,,,,,,
433691,0024000,1,熊本県,クマモトケン,Kumamoto,玉名郡,タマナグン,Tamana-gun,和水町,ナゴミマチ,Nagomi-machi,,,,西吉地,ニシヨシジ,Nishiyoshiji,,,,,,,,0,0,0,0,0,0,1,1,1947-04-17,,0,8610906,,,,,,,,,,,,,,,
433691,0025000,1,熊本県,クマモトケン,Kumamoto,玉名郡,タマナグン,Tamana-gun,和水町,ナゴミマチ,Nagomi-machi,,,,野田,ノダ,Noda,,,,,,,,0,0,0,0,0,0,1,1,1947-04-17,,0,8610925,,,,,,,,,,,,,,,
433691,0026000,1,熊本県,クマモトケン,Kumamoto,玉名郡,タマナグン,Tamana-gun,和水町,ナゴミマチ,Nagomi-machi,,,,萩原,ハギワラ,Hagiwara,,,,,,,,0,0,0,0,0,0,1,1,1947-04-17,,0,8650132,,,,,,,,,,,,,,,
433691,0027000,1,熊本県,クマモトケン,Kumamoto,玉名郡,タマナグン,Tamana-gun,和水町,ナゴミマチ,Nagomi-machi,,,,原口,ハルグチ,Haruguchi,,,,,,,,0,0,0,0,0,0,1,1,1947-04-17,,0,8650124,,,,,,,,,,,,,,,
433691,0028000,1,熊本県,クマモトケン,Kumamoto,玉名郡,タマナグン,Tamana-gun,和水町,ナゴミマチ,Nagomi-machi,,,,東吉地,ヒガシヨシジ,Higashiyoshiji,,,,,,,,0,0,0,0,0,0,1,1,1947-04-17,,0,8610904,,,,,,,,,,,,,,,
433691,0029000,1,熊本県,クマモトケン,Kumamoto,玉名郡,タマナグン,Tamana-gun,和水町,ナゴミマチ,Nagomi-machi,,,,久井原,ヒサイバル,Hisaibaru,,,,,,,,0,0,0,0,0,0,1,1,1947-04-17,,0,8650102,,,,,,,,,,,,,,,
433691,0030000,1,熊本県,クマモトケン,Kumamoto,玉名郡,タマナグン,Tamana-gun,和水町,ナゴミマチ,Nagomi-machi,,,,日平,ヒビラ,Hibira,,,,,,,,0,0,0,0,0,0,1,1,1947-04-17,,0,8650134,,,,,,,,,,,,,,,
433691,0031000,1,熊本県,クマモトケン,Kumamoto,玉名郡,タマナグン,Tamana-gun,和水町,ナゴミマチ,Nagomi-machi,,,,平野,ヒラノ,Hirano,,,,,,,,0,0,0,0,0,0,1,1,1947-04-17,,0,8610923,,,,,,,,,,,,,,,
433691,0032000,1,熊本県,クマモトケン,Kumamoto,玉名郡,タマナグン,Tamana-gun,和水町,ナゴミマチ,Nagomi-machi,,,,藤田,フジタ,Fujita,,,,,,,,0,0,0,0,0,0,1,1,1947-04-17,,0,8650125,,,,,,,,,,,,,,,
433691,0033000,1,熊本県,クマモトケン,Kumamoto,玉名郡,タマナグン,Tamana-gun,和水町,ナゴミマチ,Nagomi-machi,,,,蜻浦,ヘボウラ,Hebora,,,,,,,,0,0,0,0,0,0,1,1,1947-04-17,,0,8650133,,,,,,,,,,,,,,,
433691,0034000,1,熊本県,クマモトケン,Kumamoto,玉名郡,タマナグン,Tamana-gun,和水町,ナゴミマチ,Nagomi-machi,,,,前原,マエバル,Maebaru,,,,,,,,0,0,0,0,0,0,1,1,1947-04-17,,0,8650126,,,,,,,,,,,,,,,
433691,0035000,1,熊本県,クマモトケン,Kumamoto,玉名郡,タマナグン,Tamana-gun,和水町,ナゴミマチ,Nagomi-machi,,,,米渡尾,メドオ,Medo,,,,,,,,0,0,0,0,0,0,1,1,1947-04-17,,0,8650123,,,,,,,,,,,,,,,
433691,0036000,1,熊本県,クマモトケン,Kumamoto,玉名郡,タマナグン,Tamana-gun,和水町,ナゴミマチ,Nagomi-machi,,,,用木,モテギ,Motegi,,,,,,,,0,0,0,0,0,0,1,1,1947-04-17,,0,8650131,,,,,,,,,,,,,,,
433691,0037000,1,熊本県,クマモトケン,Kumamoto,玉名郡,タマナグン,Tamana-gun,和水町,ナゴミマチ,Nagomi-machi,,,,焼米,ヤイゴメ,Yaigome,,,,,,,,0,0,0,0,0,0,1,1,1947-04-17,,0,8650113,,,,,,,,,,,,,,,
433691,0038000,1,熊本県,クマモトケン,Kumamoto,玉名郡,タマナグン,Tamana-gun,和水町,ナゴミマチ,Nagomi-machi,,,,山十町,ヤマジッチョウ,Yamajitcho,,,,,,,,0,0,0,0,0,0,1,1,1947-04-17,,0,8610915,,,,,,,,,,,,,,,
433691,0039000,1,熊本県,クマモトケン,Kumamoto,玉名郡,タマナグン,Tamana-gun,和水町,ナゴミマチ,Nagomi-machi,,,,和仁,ワニ,Wani,,,,,,,,0,0,0,0,0,0,1,1,1947-04-17,,0,8610903,,,,,,,,,,,,,,,
434035,0001000,1,熊本県,クマモトケン,Kumamoto,菊池郡,キクチグン,Kikuchi-gun,大津町,オオヅマチ,Ozu-machi,,,,大字岩坂,オオアザイワサカ,Iwasaka,,,,,,,,0,0,0,0,0,0,1,1,1947-04-17,,0,8691222,,,,,,,,,,,,,,,
434035,0001101,3,熊本県,クマモトケン,Kumamoto,菊池郡,キクチグン,Kikuchi-gun,大津町,オオヅマチ,Ozu-machi,,,,大字岩坂,オオアザイワサカ,Iwasaka,,,,字阿原目,アザアバラメ,,,0,0,0,0,0,0,1,0,1947-04-17,,0,,,,,,,,,,,,,,,,
434035,0001102,3,熊本県,クマモトケン,Kumamoto,菊池郡,キクチグン,Kikuchi-gun,大津町,オオヅマチ,Ozu-machi,,,,大字岩坂,オオアザイワサカ,Iwasaka,,,,字下原,アザシモバル,,,0,0,0,0,0,0,1,0,1947-04-17,,0,,,,,,,,,,,,,,,,
434035,0001103,3,熊本県,クマモトケン,Kumamoto,菊池郡,キクチグン,Kikuchi-gun,大津町,オオヅマチ,Ozu-machi,,,,大字岩坂,オオアザイワサカ,Iwasaka,,,,字萱下,アザカヤクダシ,,,0,0,0,0,0,0,1,0,1947-04-17,,0,,,,,,,,,,,,,,,,
434035,0001104,3,熊本県,クマモトケン,Kumamoto,菊池郡,キクチグン,Kikuchi-gun,大津町,オオヅマチ,Ozu-machi,,,,大字岩坂,オオアザイワサカ,Iwasaka,,,,字岩ノ上,アザイワノウエ,,,0,0,0,0,0,0,1,0,1947-04-17,,0,,,,,,,,,,,,,,,,
434035,0001105,3,熊本県,クマモトケン,Kumamoto,菊池郡,キクチグン,Kikuchi-gun,大津町,オオヅマチ,Ozu-machi,,,,大字岩坂,オオアザイワサカ,Iwasaka,,,,字久保,アザクボ,,,0,0,0,0,0,0,1,0,1947-04-17,,0,,,,,,,,,,,,,,,,
434035,0001106,3,熊本県,クマモトケン,Kumamoto,菊池郡,キクチグン,Kikuchi-gun,大津町,オオヅマチ,Ozu-machi,,,,大字岩坂,オオアザイワサカ,Iwasaka,,,,字境塚,アザサカイヅカ,,,0,0,0,0,0,0,1,0,1947-04-17,,0,,,,,,,,,,,,,,,,
434035,0001107,3,熊本県,クマモトケン,Kumamoto,菊池郡,キクチグン,Kikuchi-gun,大津町,オオヅマチ,Ozu-machi,,,,大字岩坂,オオアザイワサカ,Iwasaka,,,,字古閑山,アザコガヤマ,,,0,0,0,0,0,0,1,0,1947-04-17,,0,,,,,,,,,,,,,,,,
434035,0001108,3,熊本県,クマモトケン,Kumamoto,菊池郡,キクチグン,Kikuchi-gun,大津町,オオヅマチ,Ozu-machi,,,,大字岩坂,オオアザイワサカ,Iwasaka,,,,字狐平,アザキツネビラ,,,0,0,0,0,0,0,1,0,1947-04-17,,0,,,,,,,,,,,,,,,,
434035,0001109,3,熊本県,クマモトケン,Kumamoto,菊池郡,キクチグン,Kikuchi-gun,大津町,オオヅマチ,Ozu-machi,,,,大字岩坂,オオアザイワサカ,Iwasaka,,,,字御前山,アザゴゼンヤマ,,,0,0,0,0,0,0,1,0,1947-04-17,,0,,,,,,,,,,,,,,,,
434035,0001110,3,熊本県,クマモトケン,Kumamoto,菊池郡,キクチグン,Kikuchi-gun,大津町,オオヅマチ,Ozu-machi,,,,大字岩坂,オオアザイワサカ,Iwasaka,,,,字坂ノ上,アザサカノウエ,,,0,0,0,0,0,0,1,0,1947-04-17,,0,,,,,,,,,,,,,,,,
434035,0001111,3,熊本県,クマモトケン,Kumamoto,菊池郡,キクチグン,Kikuchi-gun,大津町,オオヅマチ,Ozu-machi,,,,大字岩坂,オオアザイワサカ,Iwasaka,,,,字笹原,アザササハラ,,,0,0,0,0,0,0,1,0,1947-04-17,,0,,,,,,,,,,,,,,,,
434035,0001112,3,熊本県,クマモトケン,Kumamoto,菊池郡,キクチグン,Kikuchi-gun,大津町,オオヅマチ,Ozu-machi,,,,大字岩坂,オオアザイワサカ,Iwasaka,,,,字笹尾,アザササオ,,,0,0,0,0,0,0,1,0,1947-04-17,,0,,,,,,,,,,,,,,,,
434035,0001113,3,熊本県,クマモトケン,Kumamoto,菊池郡,キクチグン,Kikuchi-gun,大津町,オオヅマチ,Ozu-machi,,,,大字岩坂,オオアザイワサカ,Iwasaka,,,,字笹野,アザササノ,,,0,0,0,0,0,0,1,0,1947-04-17,,0,,,,,,,,,,,,,,,,
434035,0001114,3,熊本県,クマモトケン,Kumamoto,菊池郡,キクチグン,Kikuchi-gun,大津町,オオヅマチ,Ozu-machi,,,,大字岩坂,オオアザイワサカ,Iwasaka,,,,字山ノ上,アザヤマノウエ,,,0,0,0,0,0,0,1,0,1947-04-17,,0,,,,,,,,,,,,,,,,
434035,0001115,3,熊本県,クマモトケン,Kumamoto,菊池郡,キクチグン,Kikuchi-gun,大津町,オオヅマチ,Ozu-machi,,,,大字岩坂,オオアザイワサカ,Iwasaka,,,,字持矢倉,アザモチヤグラ,,,0,0,0,0,0,0,1,0,1947-04-17,,0,,,,,,,,,,,,,,,,
434035,0001116,3,熊本県,クマモトケン,Kumamoto,菊池郡,キクチグン,Kikuchi-gun,大津町,オオヅマチ,Ozu-machi,,,,大字岩坂,オオアザイワサカ,Iwasaka,,,,字西ノ谷,アザニシノタニ,,,0,0,0,0,0,0,1,0,1947-04-17,,0,,,,,,,,,,,,,,,,
434035,0001117,3,熊本県,クマモトケン,Kumamoto,菊池郡,キクチグン,Kikuchi-gun,大津町,オオヅマチ,Ozu-machi,,,,大字岩坂,オオアザイワサカ,Iwasaka,,,,字西鶴,アザニシヅル,,,0,0,0,0,0,0,1,0,1947-04-17,,0,,,,,,,,,,,,,,,,
434035,0001118,3,熊本県,クマモトケン,Kumamoto,菊池郡,キクチグン,Kikuchi-gun,大津町,オオヅマチ,Ozu-machi,,,,大字岩坂,オオアザイワサカ,Iwasaka,,,,字切畑山,アザキリハタヤマ,,,0,0,0,0,0,0,1,0,1947-04-17,,0,,,,,,,,,,,,,,,,
434035,0001119,3,熊本県,クマモトケン,Kumamoto,菊池郡,キクチグン,Kikuchi-gun,大津町,オオヅマチ,Ozu-machi,,,,大字岩坂,オオアザイワサカ,Iwasaka,,,,字走落,アザハシリオチ,,,0,0,0,0,0,0,1,0,1947-04-17,,0,,,,,,,,,,,,,,,,
434035,0001120,3,熊本県,クマモトケン,Kumamoto,菊池郡,キクチグン,Kikuchi-gun,大津町,オオヅマチ,Ozu-machi,,,,大字岩坂,オオアザイワサカ,Iwasaka,,,,字大手木,アザオオテギ,,,0,0,0,0,0,0,1,0,1947-04-17,,0,,,,,,,,,,,,,,,,
434035,0001121,3,熊本県,クマモトケン,Kumamoto,菊池郡,キクチグン,Kikuchi-gun,大津町,オオヅマチ,Ozu-machi,,,,大字岩坂,オオアザイワサカ,Iwasaka,,,,字大森塚,アザオオモリツカ,,,0,0,0,0,0,0,1,0,1947-04-17,,0,,,,,,,,,,,,,,,,
434035,0001122,3,熊本県,クマモトケン,Kumamoto,菊池郡,キクチグン,Kikuchi-gun,大津町,オオヅマチ,Ozu-machi,,,,大字岩坂,オオアザイワサカ,Iwasaka,,,,字大木,アザオオキ,,,0,0,0,0,0,0,1,0,1947-04-17,,0,,,,,,,,,,,,,,,,
434035,0001123,3,熊本県,クマモトケン,Kumamoto,菊池郡,キクチグン,Kikuchi-gun,大津町,オオヅマチ,Ozu-machi,,,,大字岩坂,オオアザイワサカ,Iwasaka,,,,字谷,アザタニ,,,0,0,0,0,0,0,1,0,1947-04-17,,0,,,,,,,,,,,,,,,,
434035,0001124,3,熊本県,クマモトケン,Kumamoto,菊池郡,キクチグン,Kikuchi-gun,大津町,オオヅマチ,Ozu-machi,,,,大字岩坂,オオアザイワサカ,Iwasaka,,,,字谷梅ケ口,アザタニウメガクチ,,,0,0,0,0,0,0,1,0,1947-04-17,,0,,,,,,,,,,,,,,,,
434035,0001125,3,熊本県,クマモトケン,Kumamoto,菊池郡,キクチグン,Kikuchi-gun,大津町,オオヅマチ,Ozu-machi,,,,大字岩坂,オオアザイワサカ,Iwasaka,,,,字中原,アザナカバル,,,0,0,0,0,0,0,1,0,1947-04-17,,0,,,,,,,,,,,,,,,,
434035,0001127,3,熊本県,クマモトケン,Kumamoto,菊池郡,キクチグン,Kikuchi-gun,大津町,オオヅマチ,Ozu-machi,,,,大字岩坂,オオアザイワサカ,Iwasaka,,,,字塚ノ西,アザツカノニシ,,,0,0,0,0,0,0,1,0,1947-04-17,,0,,,,,,,,,,,,,,,,
434035,0001128,3,熊本県,クマモトケン,Kumamoto,菊池郡,キクチグン,Kikuchi-gun,大津町,オオヅマチ,Ozu-machi,,,,大字岩坂,オオアザイワサカ,Iwasaka,,,,字塔ノ元,アザトウノモト,,,0,0,0,0,0,0,1,0,1947-04-17,,0,,,,,,,,,,,,,,,,
434035,0001129,3,熊本県,クマモトケン,Kumamoto,菊池郡,キクチグン,Kikuchi-gun,大津町,オオヅマチ,Ozu-machi,,,,大字岩坂,オオアザイワサカ,Iwasaka,,,,字南原,アザミナミバル,,,0,0,0,0,0,0,1,0,1947-04-17,,0,,,,,,,,,,,,,,,,
434035,0001130,3,熊本県,クマモトケン,Kumamoto,菊池郡,キクチグン,Kikuchi-gun,大津町,オオヅマチ,Ozu-machi,,,,大字岩坂,オオアザイワサカ,Iwasaka,,,,字二度坂,アザニドサカ,,,0,0,0,0,0,0,1,0,1947-04-17,,0,,,,,,,,,,,,,,,,
434035,0001131,3,熊本県,クマモトケン,Kumamoto,菊池郡,キクチグン,Kikuchi-gun,大津町,オオヅマチ,Ozu-machi,,,,大字岩坂,オオアザイワサカ,Iwasaka,,,,字日南尻,アザヒナジリ,,,0,0,0,0,0,0,1,0,1947-04-17,,0,,,,,,,,,,,,,,,,
434035,0001132,3,熊本県,クマモトケン,Kumamoto,菊池郡,キクチグン,Kikuchi-gun,大津町,オオヅマチ,Ozu-machi,,,,大字岩坂,オオアザイワサカ,Iwasaka,,,,字日暮,アザヒグレ,,,0,0,0,0,0,0,1,0,1947-04-17,,0,,,,,,,,,,,,,,,,
434035,0001133,3,熊本県,クマモトケン,Kumamoto,菊池郡,キクチグン,Kikuchi-gun,大津町,オオヅマチ,Ozu-machi,,,,大字岩坂,オオアザイワサカ,Iwasaka,,,,字播麻分,アザハリマブン,,,0,0,0,0,0,0,1,0,1947-04-17,,0,,,,,,,,,,,,,,,,
434035,0001134,3,熊本県,クマモトケン,Kumamoto,菊池郡,キクチグン,Kikuchi-gun,大津町,オオヅマチ,Ozu-machi,,,,大字岩坂,オオアザイワサカ,Iwasaka,,,,字拝塚,アザオガミツカ,,,0,0,0,0,0,0,1,0,1947-04-17,,0,,,,,,,,,,,,,,,,
434035,0001135,3,熊本県,クマモトケン,Kumamoto,菊池郡,キクチグン,Kikuchi-gun,大津町,オオヅマチ,Ozu-machi,,,,大字岩坂,オオアザイワサカ,Iwasaka,,,,字梅ケ口,アザウメガクチ,,,0,0,0,0,0,0,1,0,1947-04-17,,0,,,,,,,,,,,,,,,,
434035,0001136,3,熊本県,クマモトケン,Kumamoto,菊池郡,キクチグン,Kikuchi-gun,大津町,オオヅマチ,Ozu-machi,,,,大字岩坂,オオアザイワサカ,Iwasaka,,,,字迫ノ前,アザサコノマエ,,,0,0,0,0,0,0,1,0,1947-04-17,,0,,,,,,,,,,,,,,,,
434035,0001137,3,熊本県,クマモトケン,Kumamoto,菊池郡,キクチグン,Kikuchi-gun,大津町,オオヅマチ,Ozu-machi,,,,大字岩坂,オオアザイワサカ,Iwasaka,,,,字樋ノ口,アザヒノクチ,,,0,0,0,0,0,0,1,0,1947-04-17,,0,,,,,,,,,,,,,,,,
434035,0001138,3,熊本県,クマモトケン,Kumamoto,菊池郡,キクチグン,Kikuchi-gun,大津町,オオヅマチ,Ozu-machi,,,,大字岩坂,オオアザイワサカ,Iwasaka,,,,字北ノ谷,アザキタノタニ,,,0,0,0,0,0,0,1,0,1947-04-17,,0,,,,,,,,,,,,,,,,
434035,0001139,3,熊本県,クマモトケン,Kumamoto,菊池郡,キクチグン,Kikuchi-gun,大津町,オオヅマチ,Ozu-machi,,,,大字岩坂,オオアザイワサカ,Iwasaka,,,,字木ノ元,アザキノモト,,,0,0,0,0,0,0,1,0,1947-04-17,,0,,,,,,,,,,,,,,,,
434035,0001140,3,熊本県,クマモトケン,Kumamoto,菊池郡,キクチグン,Kikuchi-gun,大津町,オオヅマチ,Ozu-machi,,,,大字岩坂,オオアザイワサカ,Iwasaka,,,,字夕方平,アザユウガタビラ,,,0,0,0,0,0,0,1,0,1947-04-17,,0,,,,,,,,,,,,,,,,
434035,0001141,3,熊本県,クマモトケン,Kumamoto,菊池郡,キクチグン,Kikuchi-gun,大津町,オオヅマチ,Ozu-machi,,,,大字岩坂,オオアザイワサカ,Iwasaka,,,,字葉柳,アザハヤナギ,,,0,0,0,0,0,0,1,0,1947-04-17,,0,,,,,,,,,,,,,,,,
434035,0001142,3,熊本県,クマモトケン,Kumamoto,菊池郡,キクチグン,Kikuchi-gun,大津町,オオヅマチ,Ozu-machi,,,,大字岩坂,オオアザイワサカ,Iwasaka,,,,字林ノ上,アザハヤシノウエ,,,0,0,0,0,0,0,1,0,1947-04-17,,0,,,,,,,,,,,,,,,,
434035,0001143,3,熊本県,クマモトケン,Kumamoto,菊池郡,キクチグン,Kikuchi-gun,大津町,オオヅマチ,Ozu-machi,,,,大字岩坂,オオアザイワサカ,,,,,字燧坊,アザヒウチボ,,,0,0,0,0,0,0,1,0,1970-01-01,,0,,,,,,,,,,,,,,,,
434035,0001144,3,熊本県,クマモトケン,Kumamoto,菊池郡,キクチグン,Kikuchi-gun,大津町,オオヅマチ,Ozu-machi,,,,大字岩坂,オオアザイワサカ,,,,,字猪久保,アザチョウクボ,,,0,0,0,0,0,0,1,0,1947-04-17,,1,,,,,,,,,,,,,,,,
434035,0002000,1,熊本県,クマモトケン,Kumamoto,菊池郡,キクチグン,Kikuchi-gun,大津町,オオヅマチ,Ozu-machi,,,,大字大津,オオアザオオヅ,Ozu,,,,,,,,0,0,0,0,0,0,1,1,1947-04-17,,0,8691233,,,,,,,,,,,,,,,
434035,0002101,3,熊本県,クマモトケン,Kumamoto,菊池郡,キクチグン,Kikuchi-gun,大津町,オオヅマチ,Ozu-machi,,,,大字大津,オオアザオオヅ,Ozu,,,,字下井迫,アザシモイサコ,,,0,0,0,0,0,0,1,0,1947-04-17,,0,,,,,,,,,,,,,,,,
434035,0002102,3,熊本県,クマモトケン,Kumamoto,菊池郡,キクチグン,Kikuchi-gun,大津町,オオヅマチ,Ozu-machi,,,,大字大津,オオアザオオヅ,Ozu,,,,字九番町屋敷,アザキユウバンマチヤシキ,,,0,0,0,0,0,0,1,0,1947-04-17,,0,,,,,,,,,,,,,,,,
434035,0002103,3,熊本県,クマモトケン,Kumamoto,菊池郡,キクチグン,Kikuchi-gun,大津町,オオヅマチ,Ozu-machi,,,,大字大津,オオアザオオヅ,Ozu,,,,字後迫,アザウシロザコ,,,0,0,0,0,0,0,1,0,1947-04-17,,0,,,,,,,,,,,,,,,,
434035,0002104,3,熊本県,クマモトケン,Kumamoto,菊池郡,キクチグン,Kikuchi-gun,大津町,オオヅマチ,Ozu-machi,,,,大字大津,オオアザオオヅ,Ozu,,,,字合志ケ水,アザコウシガミズ,,,0,0,0,0,0,0,1,0,1947-04-17,,0,,,,,,,,,,,,,,,,
434035,0002105,3,熊本県,クマモトケン,Kumamoto,菊池郡,キクチグン,Kikuchi-gun,大津町,オオヅマチ,Ozu-machi,,,,大字大津,オオアザオオヅ,Ozu,,,,字七番町屋敷,アザナナバンマチヤシキ,,,0,0,0,0,0,0,1,0,1947-04-17,,0,,,,,,,,,,,,,,,,
434035,0002106,3,熊本県,クマモトケン,Kumamoto,菊池郡,キクチグン,Kikuchi-gun,大津町,オオヅマチ,Ozu-machi,,,,大字大津,オオアザオオヅ,Ozu,,,,字拾壱番町屋敷,アザジユウイチバンマチヤシキ,,,0,0,0,0,0,0,1,0,1947-04-17,,0,,,,,,,,,,,,,,,,
434035,0002107,3,熊本県,クマモトケン,Kumamoto,菊池郡,キクチグン,Kikuchi-gun,大津町,オオヅマチ,Ozu-machi,,,,大字大津,オオアザオオヅ,Ozu,,,,字拾参番町屋敷,アザジユウサンバンマチヤシキ,,,0,0,0,0,0,0,1,0,1947-04-17,,0,,,,,,,,,,,,,,,,
434035,0002108,3,熊本県,クマモトケン,Kumamoto,菊池郡,キクチグン,Kikuchi-gun,大津町,オオヅマチ,Ozu-machi,,,,大字大津,オオアザオオヅ,Ozu,,,,字拾七番町屋敷,アザジユウナナバンマチヤシキ,,,0,0,0,0,0,0,1,0,1947-04-17,,0,,,,,,,,,,,,,,,,
434035,0002109,3,熊本県,クマモトケン,Kumamoto,菊池郡,キクチグン,Kikuchi-gun,大津町,オオヅマチ,Ozu-machi,,,,大字大津,オオアザオオヅ,Ozu,,,,字拾弐番町屋敷,アザジユウニバンマチヤシキ,,,0,0,0,0,0,0,1,0,1947-04-17,,0,,,,,,,,,,,,,,,,
434035,0002110,3,熊本県,クマモトケン,Kumamoto,菊池郡,キクチグン,Kikuchi-gun,大津町,オオヅマチ,Ozu-machi,,,,大字大津,オオアザオオヅ,Ozu,,,,字拾番町屋敷,アザジユウバンマチヤシキ,,,0,0,0,0,0,0,1,0,1947-04-17,,0,,,,,,,,,,,,,,,,
434035,0002111,3,熊本県,クマモトケン,Kumamoto,菊池郡,キクチグン,Kikuchi-gun,大津町,オオヅマチ,Ozu-machi,,,,大字大津,オオアザオオヅ,Ozu,,,,字拾六番町屋敷,アザジユウロクバンマチヤシキ,,,0,0,0,0,0,0,1,0,1947-04-17,,0,,,,,,,,,,,,,,,,
434035,0002112,3,熊本県,クマモトケン,Kumamoto,菊池郡,キクチグン,Kikuchi-gun,大津町,オオヅマチ,Ozu-machi,,,,大字大津,オオアザオオヅ,Ozu,,,,字松古閑,アザマツコガ,,,0,0,0,0,0,0,1,0,1947-04-17,,0,,,,,,,,,,,,,,,,
434035,0002113,3,熊本県,クマモトケン,Kumamoto,菊池郡,キクチグン,Kikuchi-gun,大津町,オオヅマチ,Ozu-machi,,,,大字大津,オオアザオオヅ,Ozu,,,,字上井迫,アザカミイサコ,,,0,0,0,0,0,0,1,0,1947-04-17,,0,,,,,,,,,,,,,,,,
434035,0002114,3,熊本県,クマモトケン,Kumamoto,菊池郡,キクチグン,Kikuchi-gun,大津町,オオヅマチ,Ozu-machi,,,,大字大津,オオアザオオヅ,Ozu,,,,字上鶴,アザカミヅル,,,0,0,0,0,0,0,1,0,1947-04-17,,0,,,,,,,,,,,,,,,,
434035,0002115,3,熊本県,クマモトケン,Kumamoto,菊池郡,キクチグン,Kikuchi-gun,大津町,オオヅマチ,Ozu-machi,,,,大字大津,オオアザオオヅ,Ozu,,,,字西岳,アザニシタケ,,,0,0,0,0,0,0,1,0,1947-04-17,,0,,,,,,,,,,,,,,,,
434035,0002116,3,熊本県,クマモトケン,Kumamoto,菊池郡,キクチグン,Kikuchi-gun,大津町,オオヅマチ,Ozu-machi,,,,大字大津,オオアザオオヅ,Ozu,,,,字西畦原,アザニシウネハラ,,,0,0,0,0,0,0,1,0,1947-04-17,,0,,,,,,,,,,,,,,,,
434035,0002117,3,熊本県,クマモトケン,Kumamoto,菊池郡,キクチグン,Kikuchi-gun,大津町,オオヅマチ,Ozu-machi,,,,大字大津,オオアザオオヅ,Ozu,,,,字西大山内,アザニシオオヤマウチ,,,0,0,0,0,0,0,1,0,1947-04-17,,0,,,,,,,,,,,,,,,,
434035,0002118,3,熊本県,クマモトケン,Kumamoto,菊池郡,キクチグン,Kikuchi-gun,大津町,オオヅマチ,Ozu-machi,,,,大字大津,オオアザオオヅ,Ozu,,,,字西弥護免,アザニシヤゴメン,,,0,0,0,0,0,0,1,0,1947-04-17,,0,,,,,,,,,,,,,,,,
434035,0002119,3,熊本県,クマモトケン,Kumamoto,菊池郡,キクチグン,Kikuchi-gun,大津町,オオヅマチ,Ozu-machi,,,,大字大津,オオアザオオヅ,Ozu,,,,字前田,アザマエダ,,,0,0,0,0,0,0,1,0,1947-04-17,,0,,,,,,,,,,,,,,,,
434035,0002120,3,熊本県,クマモトケン,Kumamoto,菊池郡,キクチグン,Kikuchi-gun,大津町,オオヅマチ,Ozu-machi,,,,大字大津,オオアザオオヅ,Ozu,,,,字鍛治ノ上,アザカジノウエ,,,0,0,0,0,0,0,1,0,1947-04-17,,0,,,,,,,,,,,,,,,,
434035,0002121,3,熊本県,クマモトケン,Kumamoto,菊池郡,キクチグン,Kikuchi-gun,大津町,オオヅマチ,Ozu-machi,,,,大字大津,オオアザオオヅ,Ozu,,,,字中井迫,アザナカイサコ,,,0,0,0,0,0,0,1,0,1947-04-17,,0,,,,,,,,,,,,,,,,
434035,0002122,3,熊本県,クマモトケン,Kumamoto,菊池郡,キクチグン,Kikuchi-gun,大津町,オオヅマチ,Ozu-machi,,,,大字大津,オオアザオオヅ,Ozu,,,,字土井ノ内,アザドイノウチ,,,0,0,0,0,0,0,1,0,1947-04-17,,0,,,,,,,,,,,,,,,,
434035,0002123,3,熊本県,クマモトケン,Kumamoto,菊池郡,キクチグン,Kikuchi-gun,大津町,オオヅマチ,Ozu-machi,,,,大字大津,オオアザオオヅ,Ozu,,,,字東大山内,アザヒガシオオヤマウチ,,,0,0,0,0,0,0,1,0,1947-04-17,,0,,,,,,,,,,,,,,,,
434035,0002124,3,熊本県,クマモトケン,Kumamoto,菊池郡,キクチグン,Kikuchi-gun,大津町,オオヅマチ,Ozu-machi,,,,大字大津,オオアザオオヅ,Ozu,,,,字東弥護免,アザヒガシヤゴメン,,,0,0,0,0,0,0,1,0,1947-04-17,,0,,,,,,,,,,,,,,,,
434035,0002125,3,熊本県,クマモトケン,Kumamoto,菊池郡,キクチグン,Kikuchi-gun,大津町,オオヅマチ,Ozu-machi,,,,大字大津,オオアザオオヅ,Ozu,,,,字南楽善,アザミナミラクゼン,,,0,0,0,0,0,0,1,0,1947-04-17,,0,,,,,,,,,,,,,,,,
434035,0002126,3,熊本県,クマモトケン,Kumamoto,菊池郡,キクチグン,Kikuchi-gun,大津町,オオヅマチ,Ozu-machi,,,,大字大津,オオアザオオヅ,Ozu,,,,字八窪,アザハチクボ,,,0,0,0,0,0,0,1,0,1947-04-17,,0,,,,,,,,,,,,,,,,
434035,0002127,3,熊本県,クマモトケン,Kumamoto,菊池郡,キクチグン,Kikuchi-gun,大津町,オオヅマチ,Ozu-machi,,,,大字大津,オオアザオオヅ,Ozu,,,,字八番町屋敷,アザハチバンマチヤシキ,,,0,0,0,0,0,0,1,0,1947-04-17,,0,,,,,,,,,,,,,,,,
434035,0002128,3,熊本県,クマモトケン,Kumamoto,菊池郡,キクチグン,Kikuchi-gun,大津町,オオヅマチ,Ozu-machi,,,,大字大津,オオアザオオヅ,Ozu,,,,字北楽善,アザキタラクゼン,,,0,0,0,0,0,0,1,0,1947-04-17,,0,,,,,,,,,,,,,,,,
434035,0002129,3,熊本県,クマモトケン,Kumamoto,菊池郡,キクチグン,Kikuchi-gun,大津町,オオヅマチ,Ozu-machi,,,,大字大津,オオアザオオヅ,Ozu,,,,字門出,アザモンデ,,,0,0,0,0,0,0,1,0,1947-04-17,,0,,,,,,,,,,,,,,,,
434035,0002130,3,熊本県,クマモトケン,Kumamoto,菊池郡,キクチグン,Kikuchi-gun,大津町,オオヅマチ,Ozu-machi,,,,大字大津,オオアザオオヅ,Ozu,,,,字立石,アザタテイシ,,,0,0,0,0,0,0,1,0,1947-04-17,,0,,,,,,,,,,,,,,,,
434035,0002131,3,熊本県,クマモトケン,Kumamoto,菊池郡,キクチグン,Kikuchi-gun,大津町,オオヅマチ,Ozu-machi,,,,大字大津,オオアザオオヅ,,,,,字東畦原,アザヒガシウネハラ,,,0,0,0,0,0,0,1,0,1947-04-17,,1,,,,,,,,,,,,,,,,
434035,0003000,1,熊本県,クマモトケン,Kumamoto,菊池郡,キクチグン,Kikuchi-gun,大津町,オオヅマチ,Ozu-machi,,,,大字大林,オオアザオオバヤシ,Obayashi,,,,,,,,0,0,0,0,0,0,1,1,1947-04-17,,0,8691219,,,,,,,,,,,,,,,
434035,0003101,3,熊本県,クマモトケン,Kumamoto,菊池郡,キクチグン,Kikuchi-gun,大津町,オオヅマチ,Ozu-machi,,,,大字大林,オオアザオオバヤシ,Obayashi,,,,字下笹尾,アザシモササオ,,,0,0,0,0,0,0,1,0,1947-04-17,,0,,,,,,,,,,,,,,,,
434035,0003102,3,熊本県,クマモトケン,Kumamoto,菊池郡,キクチグン,Kikuchi-gun,大津町,オオヅマチ,Ozu-machi,,,,大字大林,オオアザオオバヤシ,Obayashi,,,,字下尾迫,アザシモオサコ,,,0,0,0,0,0,0,1,0,1947-04-17,,0,,,,,,,,,,,,,,,,
434035,0003103,3,熊本県,クマモトケン,Kumamoto,菊池郡,キクチグン,Kikuchi-gun,大津町,オオヅマチ,Ozu-machi,,,,大字大林,オオアザオオバヤシ,Obayashi,,,,字下尾畑,アザシモオバタ,,,0,0,0,0,0,0,1,0,1947-04-17,,0,,,,,,,,,,,,,,,,
434035,0003104,3,熊本県,クマモトケン,Kumamoto,菊池郡,キクチグン,Kikuchi-gun,大津町,オオヅマチ,Ozu-machi,,,,大字大林,オオアザオオバヤシ,Obayashi,,,,字樫木,アザカシノキ,,,0,0,0,0,0,0,1,0,1947-04-17,,0,,,,,,,,,,,,,,,,
434035,0003105,3,熊本県,クマモトケン,Kumamoto,菊池郡,キクチグン,Kikuchi-gun,大津町,オオヅマチ,Ozu-machi,,,,大字大林,オオアザオオバヤシ,Obayashi,,,,字居屋敷,アザイヤシキ,,,0,0,0,0,0,0,1,0,1947-04-17,,0,,,,,,,,,,,,,,,,
434035,0003106,3,熊本県,クマモトケン,Kumamoto,菊池郡,キクチグン,Kikuchi-gun,大津町,オオヅマチ,Ozu-machi,,,,大字大林,オオアザオオバヤシ,Obayashi,,,,字上笹尾,アザカミササオ,,,0,0,0,0,0,0,1,0,1947-04-17,,0,,,,,,,,,,,,,,,,
434035,0003107,3,熊本県,クマモトケン,Kumamoto,菊池郡,キクチグン,Kikuchi-gun,大津町,オオヅマチ,Ozu-machi,,,,大字大林,オオアザオオバヤシ,Obayashi,,,,字上尾迫,アザカミオサコ,,,0,0,0,0,0,0,1,0,1947-04-17,,0,,,,,,,,,,,,,,,,
434035,0003108,3,熊本県,クマモトケン,Kumamoto,菊池郡,キクチグン,Kikuchi-gun,大津町,オオヅマチ,Ozu-machi,,,,大字大林,オオアザオオバヤシ,Obayashi,,,,字上尾畑,アザカミオバタ,,,0,0,0,0,0,0,1,0,1947-04-17,,0,,,,,,,,,,,,,,,,
434035,0003109,3,熊本県,クマモトケン,Kumamoto,菊池郡,キクチグン,Kikuchi-gun,大津町,オオヅマチ,Ozu-machi,,,,大字大林,オオアザオオバヤシ,Obayashi,,,,字前田,アザマエダ,,,0,0,0,0,0,0,1,0,1947-04-17,,0,,,,,,,,,,,,,,,,
434035,0003110,3,熊本県,クマモトケン,Kumamoto,菊池郡,キクチグン,Kikuchi-gun,大津町,オオヅマチ,Ozu-machi,,,,大字大林,オオアザオオバヤシ,Obayashi,,,,字竹迫,アザタケノサコ,,,0,0,0,0,0,0,1,0,1947-04-17,,0,,,,,,,,,,,,,,,,
434035,0003111,3,熊本県,クマモトケン,Kumamoto,菊池郡,キクチグン,Kikuchi-gun,大津町,オオヅマチ,Ozu-machi,,,,大字大林,オオアザオオバヤシ,Obayashi,,,,字八反畑,アザハツタンバタ,,,0,0,0,0,0,0,1,0,1947-04-17,,0,,,,,,,,,,,,,,,,
434035,0003112,3,熊本県,クマモトケン,Kumamoto,菊池郡,キクチグン,Kikuchi-gun,大津町,オオヅマチ,Ozu-machi,,,,大字大林,オオアザオオバヤシ,Obayashi,,,,字壹町田,アザイツチヨウダ,,,0,0,0,0,0,0,1,0,1947-04-17,,0,,,,,,,,,,,,,,,,
434035,0004000,1,熊本県,クマモトケン,Kumamoto,菊池郡,キクチグン,Kikuchi-gun,大津町,オオヅマチ,Ozu-machi,,,,大字下町,オオアザシモマチ,Shimomachi,,,,,,,,0,0,0,0,0,0,1,1,1947-04-17,,0,8691225,,,,,,,,,,,,,,,
434035,0004101,3,熊本県,クマモトケン,Kumamoto,菊池郡,キクチグン,Kikuchi-gun,大津町,オオヅマチ,Ozu-machi,,,,大字下町,オオアザシモマチ,Shimomachi,,,,字下中原,アザシモナカハラ,,,0,0,0,0,0,0,1,0,1947-04-17,,0,,,,,,,,,,,,,,,,
434035,0004102,3,熊本県,クマモトケン,Kumamoto,菊池郡,キクチグン,Kikuchi-gun,大津町,オオヅマチ,Ozu-machi,,,,大字下町,オオアザシモマチ,Shimomachi,,,,字窪田,アザクボタ,,,0,0,0,0,0,0,1,0,1947-04-17,,0,,,,,,,,,,,,,,,,
434035,0004103,3,熊本県,クマモトケン,Kumamoto,菊池郡,キクチグン,Kikuchi-gun,大津町,オオヅマチ,Ozu-machi,,,,大字下町,オオアザシモマチ,Shimomachi,,,,字上中原,アザカミナカハラ,,,0,0,0,0,0,0,1,0,1947-04-17,,0,,,,,,,,,,,,,,,,
434035,0004104,3,熊本県,クマモトケン,Kumamoto,菊池郡,キクチグン,Kikuchi-gun,大津町,オオヅマチ,Ozu-machi,,,,大字下町,オオアザシモマチ,Shimomachi,,,,字大堀,アザオオホリ,,,0,0,0,0,0,0,1,0,1947-04-17,,0,,,,,,,,,,,,,,,,
434035,0004105,3,熊本県,クマモトケン,Kumamoto,菊池郡,キクチグン,Kikuchi-gun,大津町,オオヅマチ,Ozu-machi,,,,大字下町,オオアザシモマチ,Shimomachi,,,,字田地,アザタジ,,,0,0,0,0,0,0,1,0,1947-04-17,,0,,,,,,,,,,,,,,,,
434035,0005000,1,熊本県,クマモトケン,Kumamoto,菊池郡,キクチグン,Kikuchi-gun,大津町,オオヅマチ,Ozu-machi,,,,大字新,オオアザシン,Shin,,,,,,,,0,0,0,0,0,0,1,1,1947-04-17,,0,8691227,,,,,,,,,,,,,,,
434035,0005101,3,熊本県,クマモトケン,Kumamoto,菊池郡,キクチグン,Kikuchi-gun,大津町,オオヅマチ,Ozu-machi,,,,大字新,オオアザシン,Shin,,,,字亀甲,アザカメノコウ,,,0,0,0,0,0,0,1,0,1947-04-17,,0,,,,,,,,,,,,,,,,
434035,0005102,3,熊本県,クマモトケン,Kumamoto,菊池郡,キクチグン,Kikuchi-gun,大津町,オオヅマチ,Ozu-machi,,,,大字新,オオアザシン,Shin,,,,字古屋敷,アザフルヤシキ,,,0,0,0,0,0,0,1,0,1947-04-17,,0,,,,,,,,,,,,,,,,
434035,0005103,3,熊本県,クマモトケン,Kumamoto,菊池郡,キクチグン,Kikuchi-gun,大津町,オオヅマチ,Ozu-machi,,,,大字新,オオアザシン,Shin,,,,字差原,アザサシハラ,,,0,0,0,0,0,0,1,0,1947-04-17,,0,,,,,,,,,,,,,,,,
434035,0005104,3,熊本県,クマモトケン,Kumamoto,菊池郡,キクチグン,Kikuchi-gun,大津町,オオヅマチ,Ozu-machi,,,,大字新,オオアザシン,Shin,,,,字村下,アザムラシタ,,,0,0,0,0,0,0,1,0,1947-04-17,,0,,,,,,,,,,,,,,,,
434035,0005105,3,熊本県,クマモトケン,Kumamoto,菊池郡,キクチグン,Kikuchi-gun,大津町,オオヅマチ,Ozu-machi,,,,大字新,オオアザシン,Shin,,,,字宅地,アザタクチ,,,0,0,0,0,0,0,1,0,1947-04-17,,0,,,,,,,,,,,,,,,,
434035,0005106,3,熊本県,クマモトケン,Kumamoto,菊池郡,キクチグン,Kikuchi-gun,大津町,オオヅマチ,Ozu-machi,,,,大字新,オオアザシン,,,,,字柳尾,アザヤナギノオ,,,0,0,0,0,0,0,1,0,1947-04-17,,1,,,,,,,,,,,,,,,,
434035,0006000,1,熊本県,クマモトケン,Kumamoto,菊池郡,キクチグン,Kikuchi-gun,大津町,オオヅマチ,Ozu-machi,,,,大字陣内,オオアザジンナイ,Jinnai,,,,,,,,0,0,0,0,0,0,1,1,1947-04-17,,0,8691221,,,,,,,,,,,,,,,
434035,0006101,3,熊本県,クマモトケン,Kumamoto,菊池郡,キクチグン,Kikuchi-gun,大津町,オオヅマチ,Ozu-machi,,,,大字陣内,オオアザジンナイ,Jinnai,,,,字雨留尾,アザウルオ,,,0,0,0,0,0,0,1,0,1947-04-17,,0,,,,,,,,,,,,,,,,
434035,0006102,3,熊本県,クマモトケン,Kumamoto,菊池郡,キクチグン,Kikuchi-gun,大津町,オオヅマチ,Ozu-machi,,,,大字陣内,オオアザジンナイ,Jinnai,,,,字榎鶴,アザエノキヅル,,,0,0,0,0,0,0,1,0,1947-04-17,,0,,,,,,,,,,,,,,,,
434035,0006103,3,熊本県,クマモトケン,Kumamoto,菊池郡,キクチグン,Kikuchi-gun,大津町,オオヅマチ,Ozu-machi,,,,大字陣内,オオアザジンナイ,Jinnai,,,,字岡園,アザオカソノ,,,0,0,0,0,0,0,1,0,1947-04-17,,0,,,,,,,,,,,,,,,,
434035,0006104,3,熊本県,クマモトケン,Kumamoto,菊池郡,キクチグン,Kikuchi-gun,大津町,オオヅマチ,Ozu-machi,,,,大字陣内,オオアザジンナイ,Jinnai,,,,字海老島,アザエビシマ,,,0,0,0,0,0,0,1,0,1947-04-17,,0,,,,,,,,,,,,,,,,
434035,0006105,3,熊本県,クマモトケン,Kumamoto,菊池郡,キクチグン,Kikuchi-gun,大津町,オオヅマチ,Ozu-machi,,,,大字陣内,オオアザジンナイ,Jinnai,,,,字弓立,アザユミタテ,,,0,0,0,0,0,0,1,0,1947-04-17,,0,,,,,,,,,,,,,,,,
434035,0006106,3,熊本県,クマモトケン,Kumamoto,菊池郡,キクチグン,Kikuchi-gun,大津町,オオヅマチ,Ozu-machi,,,,大字陣内,オオアザジンナイ,Jinnai,,,,字原口,アザハラグチ,,,0,0,0,0,0,0,1,0,1947-04-17,,0,,,,,,,,,,,,,,,,
434035,0006107,3,熊本県,クマモトケン,Kumamoto,菊池郡,キクチグン,Kikuchi-gun,大津町,オオヅマチ,Ozu-machi,,,,大字陣内,オオアザジンナイ,Jinnai,,,,字差原,アザサシハラ,,,0,0,0,0,0,0,1,0,1947-04-17,,0,,,,,,,,,,,,,,,,
434035,0006108,3,熊本県,クマモトケン,Kumamoto,菊池郡,キクチグン,Kikuchi-gun,大津町,オオヅマチ,Ozu-machi,,,,大字陣内,オオアザジンナイ,Jinnai,,,,字順田,アザジユンタ,,,0,0,0,0,0,0,1,0,1947-04-17,,0,,,,,,,,,,,,,,,,
434035,0006109,3,熊本県,クマモトケン,Kumamoto,菊池郡,キクチグン,Kikuchi-gun,大津町,オオヅマチ,Ozu-machi,,,,大字陣内,オオアザジンナイ,Jinnai,,,,字上園,アザウエソノ,,,0,0,0,0,0,0,1,0,1947-04-17,,0,,,,,,,,,,,,,,,,
434035,0006110,3,熊本県,クマモトケン,Kumamoto,菊池郡,キクチグン,Kikuchi-gun,大津町,オオヅマチ,Ozu-machi,,,,大字陣内,オオアザジンナイ,Jinnai,,,,字大窪,アザオオクボ,,,0,0,0,0,0,0,1,0,1947-04-17,,0,,,,,,,,,,,,,,,,
434035,0006111,3,熊本県,クマモトケン,Kumamoto,菊池郡,キクチグン,Kikuchi-gun,大津町,オオヅマチ,Ozu-machi,,,,大字陣内,オオアザジンナイ,Jinnai,,,,字大迫,アザオオサコ,,,0,0,0,0,0,0,1,0,1947-04-17,,0,,,,,,,,,,,,,,,,
434035,0006112,3,熊本県,クマモトケン,Kumamoto,菊池郡,キクチグン,Kikuchi-gun,大津町,オオヅマチ,Ozu-machi,,,,大字陣内,オオアザジンナイ,Jinnai,,,,字鍛治ノ迫,アザカジノサコ,,,0,0,0,0,0,0,1,0,1947-04-17,,0,,,,,,,,,,,,,,,,
434035,0006113,3,熊本県,クマモトケン,Kumamoto,菊池郡,キクチグン,Kikuchi-gun,大津町,オオヅマチ,Ozu-machi,,,,大字陣内,オオアザジンナイ,Jinnai,,,,字津留,アザツル,,,0,0,0,0,0,0,1,0,1947-04-17,,0,,,,,,,,,,,,,,,,
434035,0006114,3,熊本県,クマモトケン,Kumamoto,菊池郡,キクチグン,Kikuchi-gun,大津町,オオヅマチ,Ozu-machi,,,,大字陣内,オオアザジンナイ,Jinnai,,,,字年ノ神,アザトシノカミ,,,0,0,0,0,0,0,1,0,1947-04-17,,0,,,,,,,,,,,,,,,,
434035,0006115,3,熊本県,クマモトケン,Kumamoto,菊池郡,キクチグン,Kikuchi-gun,大津町,オオヅマチ,Ozu-machi,,,,大字陣内,オオアザジンナイ,Jinnai,,,,字立田,アザタツダ,,,0,0,0,0,0,0,1,0,1947-04-17,,0,,,,,,,,,,,,,,,,
434035,0007000,1,熊本県,クマモトケン,Kumamoto,菊池郡,キクチグン,Kikuchi-gun,大津町,オオヅマチ,Ozu-machi,,,,大字杉水,オオアザスギミズ,Sugimizu,,,,,,,,0,0,0,0,0,0,1,1,1947-04-17,,0,8691236,,,,,,,,,,,,,,,
434035,0007101,3,熊本県,クマモトケン,Kumamoto,菊池郡,キクチグン,Kikuchi-gun,大津町,オオヅマチ,Ozu-machi,,,,大字杉水,オオアザスギミズ,Sugimizu,,,,字一ノ迫,アザイチノサコ,,,0,0,0,0,0,0,1,0,1947-04-17,,0,,,,,,,,,,,,,,,,
434035,0007102,3,熊本県,クマモトケン,Kumamoto,菊池郡,キクチグン,Kikuchi-gun,大津町,オオヅマチ,Ozu-machi,,,,大字杉水,オオアザスギミズ,Sugimizu,,,,字宇土,アザウト,,,0,0,0,0,0,0,1,0,1947-04-17,,0,,,,,,,,,,,,,,,,
434035,0007103,3,熊本県,クマモトケン,Kumamoto,菊池郡,キクチグン,Kikuchi-gun,大津町,オオヅマチ,Ozu-machi,,,,大字杉水,オオアザスギミズ,Sugimizu,,,,字沖谷,アザオキタニ,,,0,0,0,0,0,0,1,0,1947-04-17,,0,,,,,,,,,,,,,,,,
434035,0007104,3,熊本県,クマモトケン,Kumamoto,菊池郡,キクチグン,Kikuchi-gun,大津町,オオヅマチ,Ozu-machi,,,,大字杉水,オオアザスギミズ,Sugimizu,,,,字沖尾刎,アザオキオバネ,,,0,0,0,0,0,0,1,0,1947-04-17,,0,,,,,,,,,,,,,,,,
434035,0007105,3,熊本県,クマモトケン,Kumamoto,菊池郡,キクチグン,Kikuchi-gun,大津町,オオヅマチ,Ozu-machi,,,,大字杉水,オオアザスギミズ,Sugimizu,,,,字下岩迫,アザシモイワサコ,,,0,0,0,0,0,0,1,0,1947-04-17,,0,,,,,,,,,,,,,,,,
434035,0007106,3,熊本県,クマモトケン,Kumamoto,菊池郡,キクチグン,Kikuchi-gun,大津町,オオヅマチ,Ozu-machi,,,,大字杉水,オオアザスギミズ,Sugimizu,,,,字下源場,アザシモゲンバ,,,0,0,0,0,0,0,1,0,1947-04-17,,0,,,,,,,,,,,,,,,,
434035,0007107,3,熊本県,クマモトケン,Kumamoto,菊池郡,キクチグン,Kikuchi-gun,大津町,オオヅマチ,Ozu-machi,,,,大字杉水,オオアザスギミズ,Sugimizu,,,,字下水迫,アザシモミズサコ,,,0,0,0,0,0,0,1,0,1947-04-17,,0,,,,,,,,,,,,,,,,
434035,0007108,3,熊本県,クマモトケン,Kumamoto,菊池郡,キクチグン,Kikuchi-gun,大津町,オオヅマチ,Ozu-machi,,,,大字杉水,オオアザスギミズ,Sugimizu,,,,字下大谷,アザシモオオタニ,,,0,0,0,0,0,0,1,0,1947-04-17,,0,,,,,,,,,,,,,,,,
434035,0007109,3,熊本県,クマモトケン,Kumamoto,菊池郡,キクチグン,Kikuchi-gun,大津町,オオヅマチ,Ozu-machi,,,,大字杉水,オオアザスギミズ,Sugimizu,,,,字下鶴,アザシモヅル,,,0,0,0,0,0,0,1,0,1947-04-17,,0,,,,,,,,,,,,,,,,
434035,0007110,3,熊本県,クマモトケン,Kumamoto,菊池郡,キクチグン,Kikuchi-gun,大津町,オオヅマチ,Ozu-machi,,,,大字杉水,オオアザスギミズ,Sugimizu,,,,字錦野,アザニシキノ,,,0,0,0,0,0,0,1,0,1947-04-17,,0,,,,,,,,,,,,,,,,
434035,0007111,3,熊本県,クマモトケン,Kumamoto,菊池郡,キクチグン,Kikuchi-gun,大津町,オオヅマチ,Ozu-machi,,,,大字杉水,オオアザスギミズ,Sugimizu,,,,字迎原,アザムカエバル,,,0,0,0,0,0,0,1,0,1947-04-17,,0,,,,,,,,,,,,,,,,
434035,0007112,3,熊本県,クマモトケン,Kumamoto,菊池郡,キクチグン,Kikuchi-gun,大津町,オオヅマチ,Ozu-machi,,,,大字杉水,オオアザスギミズ,Sugimizu,,,,字源場,アザゲンバ,,,0,0,0,0,0,0,1,0,1947-04-17,,0,,,,,,,,,,,,,,,,
434035,0007113,3,熊本県,クマモトケン,Kumamoto,菊池郡,キクチグン,Kikuchi-gun,大津町,オオヅマチ,Ozu-machi,,,,大字杉水,オオアザスギミズ,Sugimizu,,,,字古閑,アザコガ,,,0,0,0,0,0,0,1,0,1947-04-17,,0,,,,,,,,,,,,,,,,
434035,0007114,3,熊本県,クマモトケン,Kumamoto,菊池郡,キクチグン,Kikuchi-gun,大津町,オオヅマチ,Ozu-machi,,,,大字杉水,オオアザスギミズ,Sugimizu,,,,字向,アザムカイ,,,0,0,0,0,0,0,1,0,1947-04-17,,0,,,,,,,,,,,,,,,,
434035,0007115,3,熊本県,クマモトケン,Kumamoto,菊池郡,キクチグン,Kikuchi-gun,大津町,オオヅマチ,Ozu-machi,,,,大字杉水,オオアザスギミズ,Sugimizu,,,,字今山,アザイマヤマ,,,0,0,0,0,0,0,1,0,1947-04-17,,0,,,,,,,,,,,,,,,,
434035,0007116,3,熊本県,クマモトケン,Kumamoto,菊池郡,キクチグン,Kikuchi-gun,大津町,オオヅマチ,Ozu-machi,,,,大字杉水,オオアザスギミズ,Sugimizu,,,,字出後,アザデゴ,,,0,0,0,0,0,0,1,0,1947-04-17,,0,,,,,,,,,,,,,,,,
434035,0007117,3,熊本県,クマモトケン,Kumamoto,菊池郡,キクチグン,Kikuchi-gun,大津町,オオヅマチ,Ozu-machi,,,,大字杉水,オオアザスギミズ,Sugimizu,,,,字小谷,アザコタニ,,,0,0,0,0,0,0,1,0,1947-04-17,,0,,,,,,,,,,,,,,,,
434035,0007118,3,熊本県,クマモトケン,Kumamoto,菊池郡,キクチグン,Kikuchi-gun,大津町,オオヅマチ,Ozu-machi,,,,大字杉水,オオアザスギミズ,Sugimizu,,,,字小迫,アザコサコ,,,0,0,0,0,0,0,1,0,1947-04-17,,0,,,,,,,,,,,,,,,,
434035,0007119,3,熊本県,クマモトケン,Kumamoto,菊池郡,キクチグン,Kikuchi-gun,大津町,オオヅマチ,Ozu-machi,,,,大字杉水,オオアザスギミズ,Sugimizu,,,,字小林,アザコバヤシ,,,0,0,0,0,0,0,1,0,1947-04-17,,0,,,,,,,,,,,,,,,,
434035,0007120,3,熊本県,クマモトケン,Kumamoto,菊池郡,キクチグン,Kikuchi-gun,大津町,オオヅマチ,Ozu-machi,,,,大字杉水,オオアザスギミズ,Sugimizu,,,,字上原,アザウエノハル,,,0,0,0,0,0,0,1,0,1947-04-17,,0,,,,,,,,,,,,,,,,
434035,0007121,3,熊本県,クマモトケン,Kumamoto,菊池郡,キクチグン,Kikuchi-gun,大津町,オオヅマチ,Ozu-machi,,,,大字杉水,オオアザスギミズ,Sugimizu,,,,字上鶴,アザカミヅル,,,0,0,0,0,0,0,1,0,1947-04-17,,0,,,,,,,,,,,,,,,,
434035,0007122,3,熊本県,クマモトケン,Kumamoto,菊池郡,キクチグン,Kikuchi-gun,大津町,オオヅマチ,Ozu-machi,,,,大字杉水,オオアザスギミズ,Sugimizu,,,,字水口,アザミズグチ,,,0,0,0,0,0,0,1,0,1947-04-17,,0,,,,,,,,,,,,,,,,
434035,0007123,3,熊本県,クマモトケン,Kumamoto,菊池郡,キクチグン,Kikuchi-gun,大津町,オオヅマチ,Ozu-machi,,,,大字杉水,オオアザスギミズ,Sugimizu,,,,字水迫,アザミズサコ,,,0,0,0,0,0,0,1,0,1947-04-17,,0,,,,,,,,,,,,,,,,
434035,0007124,3,熊本県,クマモトケン,Kumamoto,菊池郡,キクチグン,Kikuchi-gun,大津町,オオヅマチ,Ozu-machi,,,,大字杉水,オオアザスギミズ,Sugimizu,,,,字水溜,アザミズタマル,,,0,0,0,0,0,0,1,0,1947-04-17,,0,,,,,,,,,,,,,,,,
434035,0007125,3,熊本県,クマモトケン,Kumamoto,菊池郡,キクチグン,Kikuchi-gun,大津町,オオヅマチ,Ozu-machi,,,,大字杉水,オオアザスギミズ,Sugimizu,,,,字西原,アザニシノハル,,,0,0,0,0,0,0,1,0,1947-04-17,,0,,,,,,,,,,,,,,,,
434035,0007126,3,熊本県,クマモトケン,Kumamoto,菊池郡,キクチグン,Kikuchi-gun,大津町,オオヅマチ,Ozu-machi,,,,大字杉水,オオアザスギミズ,Sugimizu,,,,字西上原,アザニシウエノハル,,,0,0,0,0,0,0,1,0,1947-04-17,,0,,,,,,,,,,,,,,,,
434035,0007127,3,熊本県,クマモトケン,Kumamoto,菊池郡,キクチグン,Kikuchi-gun,大津町,オオヅマチ,Ozu-machi,,,,大字杉水,オオアザスギミズ,Sugimizu,,,,字西野,アザニシノ,,,0,0,0,0,0,0,1,0,1947-04-17,,0,,,,,,,,,,,,,,,,
434035,0007128,3,熊本県,クマモトケン,Kumamoto,菊池郡,キクチグン,Kikuchi-gun,大津町,オオヅマチ,Ozu-machi,,,,大字杉水,オオアザスギミズ,Sugimizu,,,,字赤迫,アザアカサコ,,,0,0,0,0,0,0,1,0,1947-04-17,,0,,,,,,,,,,,,,,,,
434035,0007129,3,熊本県,クマモトケン,Kumamoto,菊池郡,キクチグン,Kikuchi-gun,大津町,オオヅマチ,Ozu-machi,,,,大字杉水,オオアザスギミズ,Sugimizu,,,,字大谷,アザオオタニ,,,0,0,0,0,0,0,1,0,1947-04-17,,0,,,,,,,,,,,,,,,,
434035,0007130,3,熊本県,クマモトケン,Kumamoto,菊池郡,キクチグン,Kikuchi-gun,大津町,オオヅマチ,Ozu-machi,,,,大字杉水,オオアザスギミズ,Sugimizu,,,,字大迫,アザオオサコ,,,0,0,0,0,0,0,1,0,1947-04-17,,0,,,,,,,,,,,,,,,,
434035,0007131,3,熊本県,クマモトケン,Kumamoto,菊池郡,キクチグン,Kikuchi-gun,大津町,オオヅマチ,Ozu-machi,,,,大字杉水,オオアザスギミズ,Sugimizu,,,,字中岩迫,アザナカイワサコ,,,0,0,0,0,0,0,1,0,1947-04-17,,0,,,,,,,,,,,,,,,,
434035,0007132,3,熊本県,クマモトケン,Kumamoto,菊池郡,キクチグン,Kikuchi-gun,大津町,オオヅマチ,Ozu-machi,,,,大字杉水,オオアザスギミズ,Sugimizu,,,,字中原,アザナカバル,,,0,0,0,0,0,0,1,0,1947-04-17,,0,,,,,,,,,,,,,,,,
434035,0007133,3,熊本県,クマモトケン,Kumamoto,菊池郡,キクチグン,Kikuchi-gun,大津町,オオヅマチ,Ozu-machi,,,,大字杉水,オオアザスギミズ,Sugimizu,,,,字中水迫,アザナカミズサコ,,,0,0,0,0,0,0,1,0,1947-04-17,,0,,,,,,,,,,,,,,,,
434035,0007134,3,熊本県,クマモトケン,Kumamoto,菊池郡,キクチグン,Kikuchi-gun,大津町,オオヅマチ,Ozu-machi,,,,大字杉水,オオアザスギミズ,Sugimizu,,,,字中谷,アザナカタニ,,,0,0,0,0,0,0,1,0,1947-04-17,,0,,,,,,,,,,,,,,,,
434035,0007135,3,熊本県,クマモトケン,Kumamoto,菊池郡,キクチグン,Kikuchi-gun,大津町,オオヅマチ,Ozu-machi,,,,大字杉水,オオアザスギミズ,Sugimizu,,,,字中津,アザナカツ,,,0,0,0,0,0,0,1,0,1947-04-17,,0,,,,,,,,,,,,,,,,
434035,0007136,3,熊本県,クマモトケン,Kumamoto,菊池郡,キクチグン,Kikuchi-gun,大津町,オオヅマチ,Ozu-machi,,,,大字杉水,オオアザスギミズ,Sugimizu,,,,字中鶴,アザナカヅル,,,0,0,0,0,0,0,1,0,1947-04-17,,0,,,,,,,,,,,,,,,,
434035,0007137,3,熊本県,クマモトケン,Kumamoto,菊池郡,キクチグン,Kikuchi-gun,大津町,オオヅマチ,Ozu-machi,,,,大字杉水,オオアザスギミズ,Sugimizu,,,,字中迫,アザナカサコ,,,0,0,0,0,0,0,1,0,1947-04-17,,0,,,,,,,,,,,,,,,,
434035,0007138,3,熊本県,クマモトケン,Kumamoto,菊池郡,キクチグン,Kikuchi-gun,大津町,オオヅマチ,Ozu-machi,,,,大字杉水,オオアザスギミズ,Sugimizu,,,,字中尾刎,アザナカオバネ,,,0,0,0,0,0,0,1,0,1947-04-17,,0,,,,,,,,,,,,,,,,
434035,0007139,3,熊本県,クマモトケン,Kumamoto,菊池郡,キクチグン,Kikuchi-gun,大津町,オオヅマチ,Ozu-machi,,,,大字杉水,オオアザスギミズ,Sugimizu,,,,字長山,アザナガヤマ,,,0,0,0,0,0,0,1,0,1947-04-17,,0,,,,,,,,,,,,,,,,
434035,0007140,3,熊本県,クマモトケン,Kumamoto,菊池郡,キクチグン,Kikuchi-gun,大津町,オオヅマチ,Ozu-machi,,,,大字杉水,オオアザスギミズ,Sugimizu,,,,字長刀,アザナギナタ,,,0,0,0,0,0,0,1,0,1947-04-17,,0,,,,,,,,,,,,,,,,
434035,0007141,3,熊本県,クマモトケン,Kumamoto,菊池郡,キクチグン,Kikuchi-gun,大津町,オオヅマチ,Ozu-machi,,,,大字杉水,オオアザスギミズ,Sugimizu,,,,字東岩迫,アザヒガシイワサコ,,,0,0,0,0,0,0,1,0,1947-04-17,,0,,,,,,,,,,,,,,,,
434035,0007142,3,熊本県,クマモトケン,Kumamoto,菊池郡,キクチグン,Kikuchi-gun,大津町,オオヅマチ,Ozu-machi,,,,大字杉水,オオアザスギミズ,Sugimizu,,,,字道免,アザドウメン,,,0,0,0,0,0,0,1,0,1947-04-17,,0,,,,,,,,,,,,,,,,
434035,0007143,3,熊本県,クマモトケン,Kumamoto,菊池郡,キクチグン,Kikuchi-gun,大津町,オオヅマチ,Ozu-machi,,,,大字杉水,オオアザスギミズ,Sugimizu,,,,字二ノ迫,アザニノサコ,,,0,0,0,0,0,0,1,0,1947-04-17,,0,,,,,,,,,,,,,,,,
434035,0007144,3,熊本県,クマモトケン,Kumamoto,菊池郡,キクチグン,Kikuchi-gun,大津町,オオヅマチ,Ozu-machi,,,,大字杉水,オオアザスギミズ,Sugimizu,,,,字飛宮,アザトビミヤ,,,0,0,0,0,0,0,1,0,1947-04-17,,0,,,,,,,,,,,,,,,,
434035,0007145,3,熊本県,クマモトケン,Kumamoto,菊池郡,キクチグン,Kikuchi-gun,大津町,オオヅマチ,Ozu-machi,,,,大字杉水,オオアザスギミズ,Sugimizu,,,,字尾原,アザオバル,,,0,0,0,0,0,0,1,0,1947-04-17,,0,,,,,,,,,,,,,,,,
434035,0007146,3,熊本県,クマモトケン,Kumamoto,菊池郡,キクチグン,Kikuchi-gun,大津町,オオヅマチ,Ozu-machi,,,,大字杉水,オオアザスギミズ,Sugimizu,,,,字尾鶴,アザオヅル,,,0,0,0,0,0,0,1,0,1947-04-17,,0,,,,,,,,,,,,,,,,
434035,0007147,3,熊本県,クマモトケン,Kumamoto,菊池郡,キクチグン,Kikuchi-gun,大津町,オオヅマチ,Ozu-machi,,,,大字杉水,オオアザスギミズ,Sugimizu,,,,字百騎帰,アザヒヤツキガエリ,,,0,0,0,0,0,0,1,0,1947-04-17,,0,,,,,,,,,,,,,,,,
434035,0007148,3,熊本県,クマモトケン,Kumamoto,菊池郡,キクチグン,Kikuchi-gun,大津町,オオヅマチ,Ozu-machi,,,,大字杉水,オオアザスギミズ,Sugimizu,,,,字牟田,アザムタ,,,0,0,0,0,0,0,1,0,1947-04-17,,0,,,,,,,,,,,,,,,,
434035,0007150,3,熊本県,クマモトケン,Kumamoto,菊池郡,キクチグン,Kikuchi-gun,大津町,オオヅマチ,Ozu-machi,,,,大字杉水,オオアザスギミズ,Sugimizu,,,,字矢鉾,アザヤホコ,,,0,0,0,0,0,0,1,0,1947-04-17,,0,,,,,,,,,,,,,,,,
434035,0007151,3,熊本県,クマモトケン,Kumamoto,菊池郡,キクチグン,Kikuchi-gun,大津町,オオヅマチ,Ozu-machi,,,,大字杉水,オオアザスギミズ,,,,,字明丹,アザミョウエン,,,0,0,0,0,0,0,1,0,1947-04-17,,1,,,,,,,,,,,,,,,,
434035,0008000,1,熊本県,クマモトケン,Kumamoto,菊池郡,キクチグン,Kikuchi-gun,大津町,オオヅマチ,Ozu-machi,,,,大字瀬田,オオアザセタ,Seta,,,,,,,,0,0,0,0,0,0,1,1,1947-04-17,,0,8691214,,,,,,,,,,,,,,,
434035,0008101,3,熊本県,クマモトケン,Kumamoto,菊池郡,キクチグン,Kikuchi-gun,大津町,オオヅマチ,Ozu-machi,,,,大字瀬田,オオアザセタ,Seta,,,,字岩下,アザイワシタ,,,0,0,0,0,0,0,1,0,1947-04-17,,0,,,,,,,,,,,,,,,,
434035,0008102,3,熊本県,クマモトケン,Kumamoto,菊池郡,キクチグン,Kikuchi-gun,大津町,オオヅマチ,Ozu-machi,,,,大字瀬田,オオアザセタ,Seta,,,,字菊池内,アザキクチウチ,,,0,0,0,0,0,0,1,0,1947-04-17,,0,,,,,,,,,,,,,,,,
434035,0008103,3,熊本県,クマモトケン,Kumamoto,菊池郡,キクチグン,Kikuchi-gun,大津町,オオヅマチ,Ozu-machi,,,,大字瀬田,オオアザセタ,Seta,,,,字宮ノ前,アザミヤノマエ,,,0,0,0,0,0,0,1,0,1947-04-17,,0,,,,,,,,,,,,,,,,
434035,0008104,3,熊本県,クマモトケン,Kumamoto,菊池郡,キクチグン,Kikuchi-gun,大津町,オオヅマチ,Ozu-machi,,,,大字瀬田,オオアザセタ,Seta,,,,字居屋敷,アザイヤシキ,,,0,0,0,0,0,0,1,0,1947-04-17,,0,,,,,,,,,,,,,,,,
434035,0008105,3,熊本県,クマモトケン,Kumamoto,菊池郡,キクチグン,Kikuchi-gun,大津町,オオヅマチ,Ozu-machi,,,,大字瀬田,オオアザセタ,Seta,,,,字狐塚,アザキツネヅカ,,,0,0,0,0,0,0,1,0,1947-04-17,,0,,,,,,,,,,,,,,,,
434035,0008106,3,熊本県,クマモトケン,Kumamoto,菊池郡,キクチグン,Kikuchi-gun,大津町,オオヅマチ,Ozu-machi,,,,大字瀬田,オオアザセタ,Seta,,,,字後谷,アザウシロダニ,,,0,0,0,0,0,0,1,0,1947-04-17,,0,,,,,,,,,,,,,,,,
434035,0008107,3,熊本県,クマモトケン,Kumamoto,菊池郡,キクチグン,Kikuchi-gun,大津町,オオヅマチ,Ozu-machi,,,,大字瀬田,オオアザセタ,Seta,,,,字山ノ神,アザヤマノカミ,,,0,0,0,0,0,0,1,0,1947-04-17,,0,,,,,,,,,,,,,,,,
434035,0008108,3,熊本県,クマモトケン,Kumamoto,菊池郡,キクチグン,Kikuchi-gun,大津町,オオヅマチ,Ozu-machi,,,,大字瀬田,オオアザセタ,Seta,,,,字上砂蓋,アザウワザフタ,,,0,0,0,0,0,0,1,0,1947-04-17,,0,,,,,,,,,,,,,,,,
434035,0008109,3,熊本県,クマモトケン,Kumamoto,菊池郡,キクチグン,Kikuchi-gun,大津町,オオヅマチ,Ozu-machi,,,,大字瀬田,オオアザセタ,Seta,,,,字新山,アザシンヤマ,,,0,0,0,0,0,0,1,0,1947-04-17,,0,,,,,,,,,,,,,,,,
434035,0008110,3,熊本県,クマモトケン,Kumamoto,菊池郡,キクチグン,Kikuchi-gun,大津町,オオヅマチ,Ozu-machi,,,,大字瀬田,オオアザセタ,Seta,,,,字水ノ谷,アザミズノタニ,,,0,0,0,0,0,0,1,0,1947-04-17,,0,,,,,,,,,,,,,,,,
434035,0008111,3,熊本県,クマモトケン,Kumamoto,菊池郡,キクチグン,Kikuchi-gun,大津町,オオヅマチ,Ozu-machi,,,,大字瀬田,オオアザセタ,Seta,,,,字菅谷,アザスゲノタニ,,,0,0,0,0,0,0,1,0,1947-04-17,,0,,,,,,,,,,,,,,,,
434035,0008112,3,熊本県,クマモトケン,Kumamoto,菊池郡,キクチグン,Kikuchi-gun,大津町,オオヅマチ,Ozu-machi,,,,大字瀬田,オオアザセタ,Seta,,,,字瀬田裏,アザセタウラ,,,0,0,0,0,0,0,1,0,1947-04-17,,0,,,,,,,,,,,,,,,,
434035,0008113,3,熊本県,クマモトケン,Kumamoto,菊池郡,キクチグン,Kikuchi-gun,大津町,オオヅマチ,Ozu-machi,,,,大字瀬田,オオアザセタ,Seta,,,,字千束平,アザセンゾクビラ,,,0,0,0,0,0,0,1,0,1947-04-17,,0,,,,,,,,,,,,,,,,
434035,0008114,3,熊本県,クマモトケン,Kumamoto,菊池郡,キクチグン,Kikuchi-gun,大津町,オオヅマチ,Ozu-machi,,,,大字瀬田,オオアザセタ,Seta,,,,字惣殿山,アザソウデンサン,,,0,0,0,0,0,0,1,0,1947-04-17,,0,,,,,,,,,,,,,,,,
434035,0008115,3,熊本県,クマモトケン,Kumamoto,菊池郡,キクチグン,Kikuchi-gun,大津町,オオヅマチ,Ozu-machi,,,,大字瀬田,オオアザセタ,Seta,,,,字池ノ原,アザイケノハル,,,0,0,0,0,0,0,1,0,1947-04-17,,0,,,,,,,,,,,,,,,,
434035,0008116,3,熊本県,クマモトケン,Kumamoto,菊池郡,キクチグン,Kikuchi-gun,大津町,オオヅマチ,Ozu-machi,,,,大字瀬田,オオアザセタ,Seta,,,,字長袖,アザナガソデ,,,0,0,0,0,0,0,1,0,1947-04-17,,0,,,,,,,,,,,,,,,,
434035,0008117,3,熊本県,クマモトケン,Kumamoto,菊池郡,キクチグン,Kikuchi-gun,大津町,オオヅマチ,Ozu-machi,,,,大字瀬田,オオアザセタ,Seta,,,,字内嶋,アザウチジマ,,,0,0,0,0,0,0,1,0,1947-04-17,,0,,,,,,,,,,,,,,,,
434035,0008118,3,熊本県,クマモトケン,Kumamoto,菊池郡,キクチグン,Kikuchi-gun,大津町,オオヅマチ,Ozu-machi,,,,大字瀬田,オオアザセタ,Seta,,,,字萩ノ平,アザハギノヒラ,,,0,0,0,0,0,0,1,0,1947-04-17,,0,,,,,,,,,,,,,,,,
434035,0008119,3,熊本県,クマモトケン,Kumamoto,菊池郡,キクチグン,Kikuchi-gun,大津町,オオヅマチ,Ozu-machi,,,,大字瀬田,オオアザセタ,Seta,,,,字不動石,アザフドウイシ,,,0,0,0,0,0,0,1,0,1947-04-17,,0,,,,,,,,,,,,,,,,
434035,0008120,3,熊本県,クマモトケン,Kumamoto,菊池郡,キクチグン,Kikuchi-gun,大津町,オオヅマチ,Ozu-machi,,,,大字瀬田,オオアザセタ,Seta,,,,字撫石,アザナデイシ,,,0,0,0,0,0,0,1,0,1947-04-17,,0,,,,,,,,,,,,,,,,
434035,0008121,3,熊本県,クマモトケン,Kumamoto,菊池郡,キクチグン,Kikuchi-gun,大津町,オオヅマチ,Ozu-machi,,,,大字瀬田,オオアザセタ,Seta,,,,字堀切,アザホリキリ,,,0,0,0,0,0,0,1,0,1947-04-17,,0,,,,,,,,,,,,,,,,
434035,0008122,3,熊本県,クマモトケン,Kumamoto,菊池郡,キクチグン,Kikuchi-gun,大津町,オオヅマチ,Ozu-machi,,,,大字瀬田,オオアザセタ,,,,,字辻,アザツジ,,,0,0,0,0,0,0,1,0,1970-01-01,,0,,,,,,,,,,,,,,,,
434035,0008123,3,熊本県,クマモトケン,Kumamoto,菊池郡,キクチグン,Kikuchi-gun,大津町,オオヅマチ,Ozu-machi,,,,大字瀬田,オオアザセタ,,,,,字廣野,アザヒロノ,,,0,0,0,0,0,0,1,0,1970-01-01,,0,,,,,,,,,,,,,,,,
434035,0009000,1,熊本県,クマモトケン,Kumamoto,菊池郡,キクチグン,Kikuchi-gun,大津町,オオヅマチ,Ozu-machi,,,,大字高尾野,オオアザタカオノ,Takaono,,,,,,,,0,0,0,0,0,0,1,1,1947-04-17,,0,8691232,,,,,,,,,,,,,,,
434035,0009101,3,熊本県,クマモトケン,Kumamoto,菊池郡,キクチグン,Kikuchi-gun,大津町,オオヅマチ,Ozu-machi,,,,大字高尾野,オオアザタカオノ,Takaono,,,,字下り山,アザサガリヤマ,,,0,0,0,0,0,0,1,0,1947-04-17,,0,,,,,,,,,,,,,,,,
434035,0009102,3,熊本県,クマモトケン,Kumamoto,菊池郡,キクチグン,Kikuchi-gun,大津町,オオヅマチ,Ozu-machi,,,,大字高尾野,オオアザタカオノ,Takaono,,,,字高尾野,アザタカオノ,,,0,0,0,0,0,0,1,0,1947-04-17,,0,,,,,,,,,,,,,,,,
434035,0009103,3,熊本県,クマモトケン,Kumamoto,菊池郡,キクチグン,Kikuchi-gun,大津町,オオヅマチ,Ozu-machi,,,,大字高尾野,オオアザタカオノ,Takaono,,,,字西高尾野,アザニシタカオノ,,,0,0,0,0,0,0,1,0,1947-04-17,,0,,,,,,,,,,,,,,,,
434035,0009104,3,熊本県,クマモトケン,Kumamoto,菊池郡,キクチグン,Kikuchi-gun,大津町,オオヅマチ,Ozu-machi,,,,大字高尾野,オオアザタカオノ,Takaono,,,,字猪郷谷,アザイゴウダニ,,,0,0,0,0,0,0,1,0,1947-04-17,,0,,,,,,,,,,,,,,,,
434035,0009105,3,熊本県,クマモトケン,Kumamoto,菊池郡,キクチグン,Kikuchi-gun,大津町,オオヅマチ,Ozu-machi,,,,大字高尾野,オオアザタカオノ,Takaono,,,,字東高尾野,アザヒガシタカオノ,,,0,0,0,0,0,0,1,0,1947-04-17,,0,,,,,,,,,,,,,,,,
434035,0009106,3,熊本県,クマモトケン,Kumamoto,菊池郡,キクチグン,Kikuchi-gun,大津町,オオヅマチ,Ozu-machi,,,,大字高尾野,オオアザタカオノ,Takaono,,,,字八窪,アザハチクボ,,,0,0,0,0,0,0,1,0,1947-04-17,,0,,,,,,,,,,,,,,,,
434035,0009107,3,熊本県,クマモトケン,Kumamoto,菊池郡,キクチグン,Kikuchi-gun,大津町,オオヅマチ,Ozu-machi,,,,大字高尾野,オオアザタカオノ,Takaono,,,,字平成,アザヘイセイ,,,0,0,0,0,0,0,1,0,1947-04-17,,0,,,,,,,,,,,,,,,,
434035,0010000,1,熊本県,クマモトケン,Kumamoto,菊池郡,キクチグン,Kikuchi-gun,大津町,オオヅマチ,Ozu-machi,,,,大字中島,オオアザナカシマ,Nakashima,,,,,,,,0,0,0,0,0,0,1,1,1947-04-17,,0,8691223,,,,,,,,,,,,,,,
434035,0010101,3,熊本県,クマモトケン,Kumamoto,菊池郡,キクチグン,Kikuchi-gun,大津町,オオヅマチ,Ozu-machi,,,,大字中島,オオアザナカシマ,Nakashima,,,,字西鶴,アザニシヅル,,,0,0,0,0,0,0,1,0,1947-04-17,,0,,,,,,,,,,,,,,,,
434035,0010102,3,熊本県,クマモトケン,Kumamoto,菊池郡,キクチグン,Kikuchi-gun,大津町,オオヅマチ,Ozu-machi,,,,大字中島,オオアザナカシマ,Nakashima,,,,字宝満鶴,アザホウマンヅル,,,0,0,0,0,0,0,1,0,1947-04-17,,0,,,,,,,,,,,,,,,,
434035,0011000,1,熊本県,クマモトケン,Kumamoto,菊池郡,キクチグン,Kikuchi-gun,大津町,オオヅマチ,Ozu-machi,,,,大字錦野,オオアザニシキノ,Nishikino,,,,,,,,0,0,0,0,0,0,1,1,1947-04-17,,0,8691216,,,,,,,,,,,,,,,
434035,0011101,3,熊本県,クマモトケン,Kumamoto,菊池郡,キクチグン,Kikuchi-gun,大津町,オオヅマチ,Ozu-machi,,,,大字錦野,オオアザニシキノ,Nishikino,,,,字下原,アザシモバル,,,0,0,0,0,0,0,1,0,1947-04-17,,0,,,,,,,,,,,,,,,,
434035,0011102,3,熊本県,クマモトケン,Kumamoto,菊池郡,キクチグン,Kikuchi-gun,大津町,オオヅマチ,Ozu-machi,,,,大字錦野,オオアザニシキノ,Nishikino,,,,字外畑,アザソトハタ,,,0,0,0,0,0,0,1,0,1947-04-17,,0,,,,,,,,,,,,,,,,
434035,0011103,3,熊本県,クマモトケン,Kumamoto,菊池郡,キクチグン,Kikuchi-gun,大津町,オオヅマチ,Ozu-machi,,,,大字錦野,オオアザニシキノ,Nishikino,,,,字亀甲,アザカメノコウ,,,0,0,0,0,0,0,1,0,1947-04-17,,0,,,,,,,,,,,,,,,,
434035,0011104,3,熊本県,クマモトケン,Kumamoto,菊池郡,キクチグン,Kikuchi-gun,大津町,オオヅマチ,Ozu-machi,,,,大字錦野,オオアザニシキノ,Nishikino,,,,字御的鶴,アザオマトヅル,,,0,0,0,0,0,0,1,0,1947-04-17,,0,,,,,,,,,,,,,,,,
434035,0011105,3,熊本県,クマモトケン,Kumamoto,菊池郡,キクチグン,Kikuchi-gun,大津町,オオヅマチ,Ozu-machi,,,,大字錦野,オオアザニシキノ,Nishikino,,,,字上ノ平,アザウエノヒラ,,,0,0,0,0,0,0,1,0,1947-04-17,,0,,,,,,,,,,,,,,,,
434035,0011106,3,熊本県,クマモトケン,Kumamoto,菊池郡,キクチグン,Kikuchi-gun,大津町,オオヅマチ,Ozu-machi,,,,大字錦野,オオアザニシキノ,Nishikino,,,,字上原,アザウエノハル,,,0,0,0,0,0,0,1,0,1947-04-17,,0,,,,,,,,,,,,,,,,
434035,0011107,3,熊本県,クマモトケン,Kumamoto,菊池郡,キクチグン,Kikuchi-gun,大津町,オオヅマチ,Ozu-machi,,,,大字錦野,オオアザニシキノ,Nishikino,,,,字西迫,アザニシザコ,,,0,0,0,0,0,0,1,0,1947-04-17,,0,,,,,,,,,,,,,,,,
434035,0011108,3,熊本県,クマモトケン,Kumamoto,菊池郡,キクチグン,Kikuchi-gun,大津町,オオヅマチ,Ozu-machi,,,,大字錦野,オオアザニシキノ,Nishikino,,,,字前田,アザマエダ,,,0,0,0,0,0,0,1,0,1947-04-17,,0,,,,,,,,,,,,,,,,
434035,0011109,3,熊本県,クマモトケン,Kumamoto,菊池郡,キクチグン,Kikuchi-gun,大津町,オオヅマチ,Ozu-machi,,,,大字錦野,オオアザニシキノ,Nishikino,,,,字大現平,アザダイゲンビラ,,,0,0,0,0,0,0,1,0,1947-04-17,,0,,,,,,,,,,,,,,,,
434035,0011110,3,熊本県,クマモトケン,Kumamoto,菊池郡,キクチグン,Kikuchi-gun,大津町,オオヅマチ,Ozu-machi,,,,大字錦野,オオアザニシキノ,Nishikino,,,,字中原,アザナカバル,,,0,0,0,0,0,0,1,0,1947-04-17,,0,,,,,,,,,,,,,,,,
434035,0011111,3,熊本県,クマモトケン,Kumamoto,菊池郡,キクチグン,Kikuchi-gun,大津町,オオヅマチ,Ozu-machi,,,,大字錦野,オオアザニシキノ,Nishikino,,,,字長迫,アザナガサコ,,,0,0,0,0,0,0,1,0,1947-04-17,,0,,,,,,,,,,,,,,,,
434035,0011112,3,熊本県,クマモトケン,Kumamoto,菊池郡,キクチグン,Kikuchi-gun,大津町,オオヅマチ,Ozu-machi,,,,大字錦野,オオアザニシキノ,Nishikino,,,,字平原,アザヒラバル,,,0,0,0,0,0,0,1,0,1947-04-17,,0,,,,,,,,,,,,,,,,
434035,0011113,3,熊本県,クマモトケン,Kumamoto,菊池郡,キクチグン,Kikuchi-gun,大津町,オオヅマチ,Ozu-machi,,,,大字錦野,オオアザニシキノ,Nishikino,,,,字立石,アザタテイシ,,,0,0,0,0,0,0,1,0,1947-04-17,,0,,,,,,,,,,,,,,,,
434035,0012000,1,熊本県,クマモトケン,Kumamoto,菊池郡,キクチグン,Kikuchi-gun,大津町,オオヅマチ,Ozu-machi,,,,大字灰塚,オオアザハイヅカ,Haizuka,,,,,,,,0,0,0,0,0,0,1,1,1947-04-17,,0,8691226,,,,,,,,,,,,,,,
434035,0012101,3,熊本県,クマモトケン,Kumamoto,菊池郡,キクチグン,Kikuchi-gun,大津町,オオヅマチ,Ozu-machi,,,,大字灰塚,オオアザハイヅカ,Haizuka,,,,字居屋敷,アザイヤシキ,,,0,0,0,0,0,0,1,0,1947-04-17,,0,,,,,,,,,,,,,,,,
434035,0012102,3,熊本県,クマモトケン,Kumamoto,菊池郡,キクチグン,Kikuchi-gun,大津町,オオヅマチ,Ozu-machi,,,,大字灰塚,オオアザハイヅカ,Haizuka,,,,字西大畑,アザニシオオハタ,,,0,0,0,0,0,0,1,0,1947-04-17,,0,,,,,,,,,,,,,,,,
434035,0012103,3,熊本県,クマモトケン,Kumamoto,菊池郡,キクチグン,Kikuchi-gun,大津町,オオヅマチ,Ozu-machi,,,,大字灰塚,オオアザハイヅカ,Haizuka,,,,字前田,アザマエダ,,,0,0,0,0,0,0,1,0,1947-04-17,,0,,,,,,,,,,,,,,,,
434035,0012104,3,熊本県,クマモトケン,Kumamoto,菊池郡,キクチグン,Kikuchi-gun,大津町,オオヅマチ,Ozu-machi,,,,大字灰塚,オオアザハイヅカ,Haizuka,,,,字村下,アザムラシタ,,,0,0,0,0,0,0,1,0,1947-04-17,,0,,,,,,,,,,,,,,,,
434035,0012105,3,熊本県,クマモトケン,Kumamoto,菊池郡,キクチグン,Kikuchi-gun,大津町,オオヅマチ,Ozu-machi,,,,大字灰塚,オオアザハイヅカ,Haizuka,,,,字東大畑,アザヒガシオオハタ,,,0,0,0,0,0,0,1,0,1947-04-17,,0,,,,,,,,,,,,,,,,
434035,0013000,1,熊本県,クマモトケン,Kumamoto,菊池郡,キクチグン,Kikuchi-gun,大津町,オオヅマチ,Ozu-machi,,,,大字引水,オオアザヒキミズ,Hikinomizu,,,,,,,,0,0,0,0,0,0,1,1,1947-04-17,,0,8691234,,,,,,,,,,,,,,,
434035,0013101,3,熊本県,クマモトケン,Kumamoto,菊池郡,キクチグン,Kikuchi-gun,大津町,オオヅマチ,Ozu-machi,,,,大字引水,オオアザヒキミズ,Hikinomizu,,,,字古荘谷,アザフルシヨウダニ,,,0,0,0,0,0,0,1,0,1947-04-17,,0,,,,,,,,,,,,,,,,
434035,0013102,3,熊本県,クマモトケン,Kumamoto,菊池郡,キクチグン,Kikuchi-gun,大津町,オオヅマチ,Ozu-machi,,,,大字引水,オオアザヒキミズ,Hikinomizu,,,,字三吉原,アザサンキチバル,,,0,0,0,0,0,0,1,0,1947-04-17,,0,,,,,,,,,,,,,,,,
434035,0013103,3,熊本県,クマモトケン,Kumamoto,菊池郡,キクチグン,Kikuchi-gun,大津町,オオヅマチ,Ozu-machi,,,,大字引水,オオアザヒキミズ,Hikinomizu,,,,字西鶴,アザニシヅル,,,0,0,0,0,0,0,1,0,1947-04-17,,0,,,,,,,,,,,,,,,,
434035,0013104,3,熊本県,クマモトケン,Kumamoto,菊池郡,キクチグン,Kikuchi-gun,大津町,オオヅマチ,Ozu-machi,,,,大字引水,オオアザヒキミズ,Hikinomizu,,,,字前鶴,アザマエヅル,,,0,0,0,0,0,0,1,0,1947-04-17,,0,,,,,,,,,,,,,,,,
434035,0013105,3,熊本県,クマモトケン,Kumamoto,菊池郡,キクチグン,Kikuchi-gun,大津町,オオヅマチ,Ozu-machi,,,,大字引水,オオアザヒキミズ,Hikinomizu,,,,字中鶴,アザナカヅル,,,0,0,0,0,0,0,1,0,1947-04-17,,0,,,,,,,,,,,,,,,,
434035,0013106,3,熊本県,クマモトケン,Kumamoto,菊池郡,キクチグン,Kikuchi-gun,大津町,オオヅマチ,Ozu-machi,,,,大字引水,オオアザヒキミズ,Hikinomizu,,,,字東原,アザヒガシバル,,,0,0,0,0,0,0,1,0,1947-04-17,,0,,,,,,,,,,,,,,,,
434035,0013107,3,熊本県,クマモトケン,Kumamoto,菊池郡,キクチグン,Kikuchi-gun,大津町,オオヅマチ,Ozu-machi,,,,大字引水,オオアザヒキミズ,Hikinomizu,,,,字東山,アザヒガシヤマ,,,0,0,0,0,0,0,1,0,1947-04-17,,0,,,,,,,,,,,,,,,,
434035,0013108,3,熊本県,クマモトケン,Kumamoto,菊池郡,キクチグン,Kikuchi-gun,大津町,オオヅマチ,Ozu-machi,,,,大字引水,オオアザヒキミズ,Hikinomizu,,,,字東鶴,アザヒガシヅル,,,0,0,0,0,0,0,1,0,1947-04-17,,0,,,,,,,,,,,,,,,,
434035,0013109,3,熊本県,クマモトケン,Kumamoto,菊池郡,キクチグン,Kikuchi-gun,大津町,オオヅマチ,Ozu-machi,,,,大字引水,オオアザヒキミズ,,,,,字柳塘,アザヤナギドモ,,,0,0,0,0,0,0,1,0,1970-01-01,,0,,,,,,,,,,,,,,,,
434035,0014000,1,熊本県,クマモトケン,Kumamoto,菊池郡,キクチグン,Kikuchi-gun,大津町,オオヅマチ,Ozu-machi,,,,大字平川,オオアザヒラカワ,Hirakawa,,,,,,,,0,0,0,0,0,0,1,1,1947-04-17,,0,8691231,,,,,,,,,,,,,,,
434035,0014101,3,熊本県,クマモトケン,Kumamoto,菊池郡,キクチグン,Kikuchi-gun,大津町,オオヅマチ,Ozu-machi,,,,大字平川,オオアザヒラカワ,Hirakawa,,,,字一ノ迫,アザイチノサコ,,,0,0,0,0,0,0,1,0,1947-04-17,,0,,,,,,,,,,,,,,,,
434035,0014102,3,熊本県,クマモトケン,Kumamoto,菊池郡,キクチグン,Kikuchi-gun,大津町,オオヅマチ,Ozu-machi,,,,大字平川,オオアザヒラカワ,Hirakawa,,,,字姥ケ平,アザウバガヒラ,,,0,0,0,0,0,0,1,0,1947-04-17,,0,,,,,,,,,,,,,,,,
434035,0014103,3,熊本県,クマモトケン,Kumamoto,菊池郡,キクチグン,Kikuchi-gun,大津町,オオヅマチ,Ozu-machi,,,,大字平川,オオアザヒラカワ,Hirakawa,,,,字猿渡,アザサルワタリ,,,0,0,0,0,0,0,1,0,1947-04-17,,0,,,,,,,,,,,,,,,,
434035,0014104,3,熊本県,クマモトケン,Kumamoto,菊池郡,キクチグン,Kikuchi-gun,大津町,オオヅマチ,Ozu-machi,,,,大字平川,オオアザヒラカワ,Hirakawa,,,,字亀甲,アザカメノコウ,,,0,0,0,0,0,0,1,0,1947-04-17,,0,,,,,,,,,,,,,,,,
434035,0014105,3,熊本県,クマモトケン,Kumamoto,菊池郡,キクチグン,Kikuchi-gun,大津町,オオヅマチ,Ozu-machi,,,,大字平川,オオアザヒラカワ,Hirakawa,,,,字宮本,アザミヤモト,,,0,0,0,0,0,0,1,0,1947-04-17,,0,,,,,,,,,,,,,,,,
434035,0014106,3,熊本県,クマモトケン,Kumamoto,菊池郡,キクチグン,Kikuchi-gun,大津町,オオヅマチ,Ozu-machi,,,,大字平川,オオアザヒラカワ,Hirakawa,,,,字局水,アザツボネミズ,,,0,0,0,0,0,0,1,0,1947-04-17,,0,,,,,,,,,,,,,,,,
434035,0014107,3,熊本県,クマモトケン,Kumamoto,菊池郡,キクチグン,Kikuchi-gun,大津町,オオヅマチ,Ozu-machi,,,,大字平川,オオアザヒラカワ,Hirakawa,,,,字傾城ケ平,アザケイセイガヒラ,,,0,0,0,0,0,0,1,0,1947-04-17,,0,,,,,,,,,,,,,,,,
434035,0014108,3,熊本県,クマモトケン,Kumamoto,菊池郡,キクチグン,Kikuchi-gun,大津町,オオヅマチ,Ozu-machi,,,,大字平川,オオアザヒラカワ,Hirakawa,,,,字穴ノ迫,アザアナンサコ,,,0,0,0,0,0,0,1,0,1947-04-17,,0,,,,,,,,,,,,,,,,
434035,0014109,3,熊本県,クマモトケン,Kumamoto,菊池郡,キクチグン,Kikuchi-gun,大津町,オオヅマチ,Ozu-machi,,,,大字平川,オオアザヒラカワ,Hirakawa,,,,字御所原,アザゴシヨバル,,,0,0,0,0,0,0,1,0,1947-04-17,,0,,,,,,,,,,,,,,,,
434035,0014110,3,熊本県,クマモトケン,Kumamoto,菊池郡,キクチグン,Kikuchi-gun,大津町,オオヅマチ,Ozu-machi,,,,大字平川,オオアザヒラカワ,Hirakawa,,,,字高尾,アザタカオ,,,0,0,0,0,0,0,1,0,1947-04-17,,0,,,,,,,,,,,,,,,,
434035,0014111,3,熊本県,クマモトケン,Kumamoto,菊池郡,キクチグン,Kikuchi-gun,大津町,オオヅマチ,Ozu-machi,,,,大字平川,オオアザヒラカワ,Hirakawa,,,,字高良,アザコウラ,,,0,0,0,0,0,0,1,0,1947-04-17,,0,,,,,,,,,,,,,,,,
434035,0014112,3,熊本県,クマモトケン,Kumamoto,菊池郡,キクチグン,Kikuchi-gun,大津町,オオヅマチ,Ozu-machi,,,,大字平川,オオアザヒラカワ,Hirakawa,,,,字作分,アザサクワケ,,,0,0,0,0,0,0,1,0,1947-04-17,,0,,,,,,,,,,,,,,,,
434035,0014113,3,熊本県,クマモトケン,Kumamoto,菊池郡,キクチグン,Kikuchi-gun,大津町,オオヅマチ,Ozu-machi,,,,大字平川,オオアザヒラカワ,Hirakawa,,,,字小屋,アザコヤ,,,0,0,0,0,0,0,1,0,1947-04-17,,0,,,,,,,,,,,,,,,,
434035,0014114,3,熊本県,クマモトケン,Kumamoto,菊池郡,キクチグン,Kikuchi-gun,大津町,オオヅマチ,Ozu-machi,,,,大字平川,オオアザヒラカワ,Hirakawa,,,,字松ノ本,アザマツノモト,,,0,0,0,0,0,0,1,0,1947-04-17,,0,,,,,,,,,,,,,,,,
434035,0014115,3,熊本県,クマモトケン,Kumamoto,菊池郡,キクチグン,Kikuchi-gun,大津町,オオヅマチ,Ozu-machi,,,,大字平川,オオアザヒラカワ,Hirakawa,,,,字新八原,アザシンパチバル,,,0,0,0,0,0,0,1,0,1947-04-17,,0,,,,,,,,,,,,,,,,
434035,0014116,3,熊本県,クマモトケン,Kumamoto,菊池郡,キクチグン,Kikuchi-gun,大津町,オオヅマチ,Ozu-machi,,,,大字平川,オオアザヒラカワ,Hirakawa,,,,字水迫,アザミズサコ,,,0,0,0,0,0,0,1,0,1947-04-17,,0,,,,,,,,,,,,,,,,
434035,0014117,3,熊本県,クマモトケン,Kumamoto,菊池郡,キクチグン,Kikuchi-gun,大津町,オオヅマチ,Ozu-machi,,,,大字平川,オオアザヒラカワ,Hirakawa,,,,字水落,アザミズオチ,,,0,0,0,0,0,0,1,0,1947-04-17,,0,,,,,,,,,,,,,,,,
434035,0014118,3,熊本県,クマモトケン,Kumamoto,菊池郡,キクチグン,Kikuchi-gun,大津町,オオヅマチ,Ozu-machi,,,,大字平川,オオアザヒラカワ,Hirakawa,,,,字大谷,アザオオタニ,,,0,0,0,0,0,0,1,0,1947-04-17,,0,,,,,,,,,,,,,,,,
434035,0014119,3,熊本県,クマモトケン,Kumamoto,菊池郡,キクチグン,Kikuchi-gun,大津町,オオヅマチ,Ozu-machi,,,,大字平川,オオアザヒラカワ,Hirakawa,,,,字池ノ迫,アザイケノサコ,,,0,0,0,0,0,0,1,0,1947-04-17,,0,,,,,,,,,,,,,,,,
434035,0014120,3,熊本県,クマモトケン,Kumamoto,菊池郡,キクチグン,Kikuchi-gun,大津町,オオヅマチ,Ozu-machi,,,,大字平川,オオアザヒラカワ,Hirakawa,,,,字中原,アザナカバル,,,0,0,0,0,0,0,1,0,1947-04-17,,0,,,,,,,,,,,,,,,,
434035,0014121,3,熊本県,クマモトケン,Kumamoto,菊池郡,キクチグン,Kikuchi-gun,大津町,オオヅマチ,Ozu-machi,,,,大字平川,オオアザヒラカワ,Hirakawa,,,,字中島,アザナカシマ,,,0,0,0,0,0,0,1,0,1947-04-17,,0,,,,,,,,,,,,,,,,
434035,0014122,3,熊本県,クマモトケン,Kumamoto,菊池郡,キクチグン,Kikuchi-gun,大津町,オオヅマチ,Ozu-machi,,,,大字平川,オオアザヒラカワ,Hirakawa,,,,字天神,アザテンノカミ,,,0,0,0,0,0,0,1,0,1947-04-17,,0,,,,,,,,,,,,,,,,
434035,0014123,3,熊本県,クマモトケン,Kumamoto,菊池郡,キクチグン,Kikuchi-gun,大津町,オオヅマチ,Ozu-machi,,,,大字平川,オオアザヒラカワ,Hirakawa,,,,字年神,アザトシノカミ,,,0,0,0,0,0,0,1,0,1947-04-17,,0,,,,,,,,,,,,,,,,
434035,0014124,3,熊本県,クマモトケン,Kumamoto,菊池郡,キクチグン,Kikuchi-gun,大津町,オオヅマチ,Ozu-machi,,,,大字平川,オオアザヒラカワ,Hirakawa,,,,字萩ノ尾,アザハギノオ,,,0,0,0,0,0,0,1,0,1947-04-17,,0,,,,,,,,,,,,,,,,
434035,0014125,3,熊本県,クマモトケン,Kumamoto,菊池郡,キクチグン,Kikuchi-gun,大津町,オオヅマチ,Ozu-machi,,,,大字平川,オオアザヒラカワ,Hirakawa,,,,字平出,アザヒラデ,,,0,0,0,0,0,0,1,0,1947-04-17,,0,,,,,,,,,,,,,,,,
434035,0014126,3,熊本県,クマモトケン,Kumamoto,菊池郡,キクチグン,Kikuchi-gun,大津町,オオヅマチ,Ozu-machi,,,,大字平川,オオアザヒラカワ,Hirakawa,,,,字葉山,アザハヤマ,,,0,0,0,0,0,0,1,0,1947-04-17,,0,,,,,,,,,,,,,,,,
434035,0014127,3,熊本県,クマモトケン,Kumamoto,菊池郡,キクチグン,Kikuchi-gun,大津町,オオヅマチ,Ozu-machi,,,,大字平川,オオアザヒラカワ,Hirakawa,,,,字壹町畑,アザイツチヨウバタ,,,0,0,0,0,0,0,1,0,1947-04-17,,0,,,,,,,,,,,,,,,,
434035,0015000,1,熊本県,クマモトケン,Kumamoto,菊池郡,キクチグン,Kikuchi-gun,大津町,オオヅマチ,Ozu-machi,,,,大字吹田,オオアザフケダ,Fukeda,,,,,,,,0,0,0,0,0,0,1,1,1947-04-17,,0,8691218,,,,,,,,,,,,,,,
434035,0015101,3,熊本県,クマモトケン,Kumamoto,菊池郡,キクチグン,Kikuchi-gun,大津町,オオヅマチ,Ozu-machi,,,,大字吹田,オオアザフケダ,Fukeda,,,,字榎鶴,アザエノキツル,,,0,0,0,0,0,0,1,0,1947-04-17,,0,,,,,,,,,,,,,,,,
434035,0015102,3,熊本県,クマモトケン,Kumamoto,菊池郡,キクチグン,Kikuchi-gun,大津町,オオヅマチ,Ozu-machi,,,,大字吹田,オオアザフケダ,Fukeda,,,,字下大迫,アザシモオオサコ,,,0,0,0,0,0,0,1,0,1947-04-17,,0,,,,,,,,,,,,,,,,
434035,0015103,3,熊本県,クマモトケン,Kumamoto,菊池郡,キクチグン,Kikuchi-gun,大津町,オオヅマチ,Ozu-machi,,,,大字吹田,オオアザフケダ,Fukeda,,,,字下池鶴,アザシモイケツル,,,0,0,0,0,0,0,1,0,1947-04-17,,0,,,,,,,,,,,,,,,,
434035,0015104,3,熊本県,クマモトケン,Kumamoto,菊池郡,キクチグン,Kikuchi-gun,大津町,オオヅマチ,Ozu-machi,,,,大字吹田,オオアザフケダ,Fukeda,,,,字笹尾,アザササオ,,,0,0,0,0,0,0,1,0,1947-04-17,,0,,,,,,,,,,,,,,,,
434035,0015105,3,熊本県,クマモトケン,Kumamoto,菊池郡,キクチグン,Kikuchi-gun,大津町,オオヅマチ,Ozu-machi,,,,大字吹田,オオアザフケダ,Fukeda,,,,字焼牧,アザヤキマキ,,,0,0,0,0,0,0,1,0,1947-04-17,,0,,,,,,,,,,,,,,,,
434035,0015106,3,熊本県,クマモトケン,Kumamoto,菊池郡,キクチグン,Kikuchi-gun,大津町,オオヅマチ,Ozu-machi,,,,大字吹田,オオアザフケダ,Fukeda,,,,字上大迫,アザカミオオサコ,,,0,0,0,0,0,0,1,0,1947-04-17,,0,,,,,,,,,,,,,,,,
434035,0015107,3,熊本県,クマモトケン,Kumamoto,菊池郡,キクチグン,Kikuchi-gun,大津町,オオヅマチ,Ozu-machi,,,,大字吹田,オオアザフケダ,Fukeda,,,,字上池鶴,アザカミイケツル,,,0,0,0,0,0,0,1,0,1947-04-17,,0,,,,,,,,,,,,,,,,
434035,0015108,3,熊本県,クマモトケン,Kumamoto,菊池郡,キクチグン,Kikuchi-gun,大津町,オオヅマチ,Ozu-machi,,,,大字吹田,オオアザフケダ,Fukeda,,,,字新田,アザシンタ,,,0,0,0,0,0,0,1,0,1947-04-17,,0,,,,,,,,,,,,,,,,
434035,0015109,3,熊本県,クマモトケン,Kumamoto,菊池郡,キクチグン,Kikuchi-gun,大津町,オオヅマチ,Ozu-machi,,,,大字吹田,オオアザフケダ,Fukeda,,,,字八迫,アザハチサコ,,,0,0,0,0,0,0,1,0,1947-04-17,,0,,,,,,,,,,,,,,,,
434035,0016000,1,熊本県,クマモトケン,Kumamoto,菊池郡,キクチグン,Kikuchi-gun,大津町,オオヅマチ,Ozu-machi,,,,大字古城,オオアザフルジョウ,Furujo,,,,,,,,0,0,0,0,0,0,1,1,1947-04-17,,0,8691213,,,,,,,,,,,,,,,
434035,0016101,3,熊本県,クマモトケン,Kumamoto,菊池郡,キクチグン,Kikuchi-gun,大津町,オオヅマチ,Ozu-machi,,,,大字古城,オオアザフルジョウ,Furujo,,,,字一番東原,アザイチバンヒガシバル,,,0,0,0,0,0,0,1,0,1947-04-17,,0,,,,,,,,,,,,,,,,
434035,0016102,3,熊本県,クマモトケン,Kumamoto,菊池郡,キクチグン,Kikuchi-gun,大津町,オオヅマチ,Ozu-machi,,,,大字古城,オオアザフルジョウ,Furujo,,,,字下後迫,アザシモウシロザコ,,,0,0,0,0,0,0,1,0,1947-04-17,,0,,,,,,,,,,,,,,,,
434035,0016103,3,熊本県,クマモトケン,Kumamoto,菊池郡,キクチグン,Kikuchi-gun,大津町,オオヅマチ,Ozu-machi,,,,大字古城,オオアザフルジョウ,Furujo,,,,字五番東原,アザゴバンヒガシバル,,,0,0,0,0,0,0,1,0,1947-04-17,,0,,,,,,,,,,,,,,,,
434035,0016104,3,熊本県,クマモトケン,Kumamoto,菊池郡,キクチグン,Kikuchi-gun,大津町,オオヅマチ,Ozu-machi,,,,大字古城,オオアザフルジョウ,Furujo,,,,字三番東原,アザサンバンヒガシバル,,,0,0,0,0,0,0,1,0,1947-04-17,,0,,,,,,,,,,,,,,,,
434035,0016105,3,熊本県,クマモトケン,Kumamoto,菊池郡,キクチグン,Kikuchi-gun,大津町,オオヅマチ,Ozu-machi,,,,大字古城,オオアザフルジョウ,Furujo,,,,字四番東原,アザヨンバンヒガシバル,,,0,0,0,0,0,0,1,0,1947-04-17,,0,,,,,,,,,,,,,,,,
434035,0016106,3,熊本県,クマモトケン,Kumamoto,菊池郡,キクチグン,Kikuchi-gun,大津町,オオヅマチ,Ozu-machi,,,,大字古城,オオアザフルジョウ,Furujo,,,,字上後迫,アザカミウシロザコ,,,0,0,0,0,0,0,1,0,1947-04-17,,0,,,,,,,,,,,,,,,,
434035,0016107,3,熊本県,クマモトケン,Kumamoto,菊池郡,キクチグン,Kikuchi-gun,大津町,オオヅマチ,Ozu-machi,,,,大字古城,オオアザフルジョウ,Furujo,,,,字西迎鶴,アザニシムカエヅル,,,0,0,0,0,0,0,1,0,1947-04-17,,0,,,,,,,,,,,,,,,,
434035,0016108,3,熊本県,クマモトケン,Kumamoto,菊池郡,キクチグン,Kikuchi-gun,大津町,オオヅマチ,Ozu-machi,,,,大字古城,オオアザフルジョウ,Furujo,,,,字西原,アザニシバル,,,0,0,0,0,0,0,1,0,1947-04-17,,0,,,,,,,,,,,,,,,,
434035,0016109,3,熊本県,クマモトケン,Kumamoto,菊池郡,キクチグン,Kikuchi-gun,大津町,オオヅマチ,Ozu-machi,,,,大字古城,オオアザフルジョウ,Furujo,,,,字中原,アザナカバル,,,0,0,0,0,0,0,1,0,1947-04-17,,0,,,,,,,,,,,,,,,,
434035,0016110,3,熊本県,クマモトケン,Kumamoto,菊池郡,キクチグン,Kikuchi-gun,大津町,オオヅマチ,Ozu-machi,,,,大字古城,オオアザフルジョウ,Furujo,,,,字中後迫,アザナカウシロザコ,,,0,0,0,0,0,0,1,0,1947-04-17,,0,,,,,,,,,,,,,,,,
434035,0016111,3,熊本県,クマモトケン,Kumamoto,菊池郡,キクチグン,Kikuchi-gun,大津町,オオヅマチ,Ozu-machi,,,,大字古城,オオアザフルジョウ,Furujo,,,,字東迎鶴,アザヒガシムカエヅル,,,0,0,0,0,0,0,1,0,1947-04-17,,0,,,,,,,,,,,,,,,,
434035,0016112,3,熊本県,クマモトケン,Kumamoto,菊池郡,キクチグン,Kikuchi-gun,大津町,オオヅマチ,Ozu-machi,,,,大字古城,オオアザフルジョウ,Furujo,,,,字二番東原,アザニバンヒガシバル,,,0,0,0,0,0,0,1,0,1947-04-17,,0,,,,,,,,,,,,,,,,
434035,0016113,3,熊本県,クマモトケン,Kumamoto,菊池郡,キクチグン,Kikuchi-gun,大津町,オオヅマチ,Ozu-machi,,,,大字古城,オオアザフルジョウ,Furujo,,,,字六番東原,アザロクバンヒガシバル,,,0,0,0,0,0,0,1,0,1947-04-17,,0,,,,,,,,,,,,,,,,
434035,0017000,1,熊本県,クマモトケン,Kumamoto,菊池郡,キクチグン,Kikuchi-gun,大津町,オオヅマチ,Ozu-machi,,,,大字外牧,オオアザホカマキ,Hokamaki,,,,,,,,0,0,0,0,0,0,1,1,1947-04-17,,0,8691215,,,,,,,,,,,,,,,
434035,0017101,3,熊本県,クマモトケン,Kumamoto,菊池郡,キクチグン,Kikuchi-gun,大津町,オオヅマチ,Ozu-machi,,,,大字外牧,オオアザホカマキ,Hokamaki,,,,字下畑,アザシモハタ,,,0,0,0,0,0,0,1,0,1947-04-17,,0,,,,,,,,,,,,,,,,
434035,0017102,3,熊本県,クマモトケン,Kumamoto,菊池郡,キクチグン,Kikuchi-gun,大津町,オオヅマチ,Ozu-machi,,,,大字外牧,オオアザホカマキ,Hokamaki,,,,字霞鶴,アザカスミヅル,,,0,0,0,0,0,0,1,0,1947-04-17,,0,,,,,,,,,,,,,,,,
434035,0017103,3,熊本県,クマモトケン,Kumamoto,菊池郡,キクチグン,Kikuchi-gun,大津町,オオヅマチ,Ozu-machi,,,,大字外牧,オオアザホカマキ,Hokamaki,,,,字戸ノ口,アザトノクチ,,,0,0,0,0,0,0,1,0,1947-04-17,,0,,,,,,,,,,,,,,,,
434035,0017104,3,熊本県,クマモトケン,Kumamoto,菊池郡,キクチグン,Kikuchi-gun,大津町,オオヅマチ,Ozu-machi,,,,大字外牧,オオアザホカマキ,Hokamaki,,,,字山ノ上,アザヤマノウエ,,,0,0,0,0,0,0,1,0,1947-04-17,,0,,,,,,,,,,,,,,,,
434035,0017105,3,熊本県,クマモトケン,Kumamoto,菊池郡,キクチグン,Kikuchi-gun,大津町,オオヅマチ,Ozu-machi,,,,大字外牧,オオアザホカマキ,Hokamaki,,,,字上畑,アザカミハタ,,,0,0,0,0,0,0,1,0,1947-04-17,,0,,,,,,,,,,,,,,,,
434035,0017106,3,熊本県,クマモトケン,Kumamoto,菊池郡,キクチグン,Kikuchi-gun,大津町,オオヅマチ,Ozu-machi,,,,大字外牧,オオアザホカマキ,Hokamaki,,,,字森ケ坂,アザモリガサカ,,,0,0,0,0,0,0,1,0,1947-04-17,,0,,,,,,,,,,,,,,,,
434035,0017107,3,熊本県,クマモトケン,Kumamoto,菊池郡,キクチグン,Kikuchi-gun,大津町,オオヅマチ,Ozu-machi,,,,大字外牧,オオアザホカマキ,Hokamaki,,,,字川鶴,アザカワヅル,,,0,0,0,0,0,0,1,0,1947-04-17,,0,,,,,,,,,,,,,,,,
434035,0017108,3,熊本県,クマモトケン,Kumamoto,菊池郡,キクチグン,Kikuchi-gun,大津町,オオヅマチ,Ozu-machi,,,,大字外牧,オオアザホカマキ,Hokamaki,,,,字前畑,アザマエハタ,,,0,0,0,0,0,0,1,0,1947-04-17,,0,,,,,,,,,,,,,,,,
434035,0017109,3,熊本県,クマモトケン,Kumamoto,菊池郡,キクチグン,Kikuchi-gun,大津町,オオヅマチ,Ozu-machi,,,,大字外牧,オオアザホカマキ,Hokamaki,,,,字大鶴,アザオオツル,,,0,0,0,0,0,0,1,0,1947-04-17,,0,,,,,,,,,,,,,,,,
434035,0017110,3,熊本県,クマモトケン,Kumamoto,菊池郡,キクチグン,Kikuchi-gun,大津町,オオヅマチ,Ozu-machi,,,,大字外牧,オオアザホカマキ,Hokamaki,,,,字中畑,アザナカハタ,,,0,0,0,0,0,0,1,0,1947-04-17,,0,,,,,,,,,,,,,,,,
434035,0017111,3,熊本県,クマモトケン,Kumamoto,菊池郡,キクチグン,Kikuchi-gun,大津町,オオヅマチ,Ozu-machi,,,,大字外牧,オオアザホカマキ,Hokamaki,,,,字畑鶴,アザハタヅル,,,0,0,0,0,0,0,1,0,1947-04-17,,0,,,,,,,,,,,,,,,,
434035,0017112,3,熊本県,クマモトケン,Kumamoto,菊池郡,キクチグン,Kikuchi-gun,大津町,オオヅマチ,Ozu-machi,,,,大字外牧,オオアザホカマキ,Hokamaki,,,,字平井手ノ上,アザヒライデノウエ,,,0,0,0,0,0,0,1,0,1947-04-17,,0,,,,,,,,,,,,,,,,
434035,0017114,3,熊本県,クマモトケン,Kumamoto,菊池郡,キクチグン,Kikuchi-gun,大津町,オオヅマチ,Ozu-machi,,,,大字外牧,オオアザホカマキ,Hokamaki,,,,字霧ケ坂,アザキリガサカ,,,0,0,0,0,0,0,1,0,1947-04-17,,0,,,,,,,,,,,,,,,,
434035,0017115,3,熊本県,クマモトケン,Kumamoto,菊池郡,キクチグン,Kikuchi-gun,大津町,オオヅマチ,Ozu-machi,,,,大字外牧,オオアザホカマキ,Hokamaki,,,,字六十刈,アザロクジユウガリ,,,0,0,0,0,0,0,1,0,1947-04-17,,0,,,,,,,,,,,,,,,,
434035,0018000,1,熊本県,クマモトケン,Kumamoto,菊池郡,キクチグン,Kikuchi-gun,大津町,オオヅマチ,Ozu-machi,,,,大字真木,オオアザマキ,Maki,,,,,,,,0,0,0,0,0,0,1,1,1947-04-17,,0,8691212,,,,,,,,,,,,,,,
434035,0018101,3,熊本県,クマモトケン,Kumamoto,菊池郡,キクチグン,Kikuchi-gun,大津町,オオヅマチ,Ozu-machi,,,,大字真木,オオアザマキ,Maki,,,,字伊勢村,アザイセムラ,,,0,0,0,0,0,0,1,0,1947-04-17,,0,,,,,,,,,,,,,,,,
434035,0018102,3,熊本県,クマモトケン,Kumamoto,菊池郡,キクチグン,Kikuchi-gun,大津町,オオヅマチ,Ozu-machi,,,,大字真木,オオアザマキ,Maki,,,,字花見ケ峯,アザハナミガミネ,,,0,0,0,0,0,0,1,0,1947-04-17,,0,,,,,,,,,,,,,,,,
434035,0018103,3,熊本県,クマモトケン,Kumamoto,菊池郡,キクチグン,Kikuchi-gun,大津町,オオヅマチ,Ozu-machi,,,,大字真木,オオアザマキ,Maki,,,,字向村,アザムコウムラ,,,0,0,0,0,0,0,1,0,1947-04-17,,0,,,,,,,,,,,,,,,,
434035,0018104,3,熊本県,クマモトケン,Kumamoto,菊池郡,キクチグン,Kikuchi-gun,大津町,オオヅマチ,Ozu-machi,,,,大字真木,オオアザマキ,Maki,,,,字西前原,アザニシマエハラ,,,0,0,0,0,0,0,1,0,1947-04-17,,0,,,,,,,,,,,,,,,,
434035,0018105,3,熊本県,クマモトケン,Kumamoto,菊池郡,キクチグン,Kikuchi-gun,大津町,オオヅマチ,Ozu-machi,,,,大字真木,オオアザマキ,Maki,,,,字西津留,アザニシヅル,,,0,0,0,0,0,0,1,0,1947-04-17,,0,,,,,,,,,,,,,,,,
434035,0018106,3,熊本県,クマモトケン,Kumamoto,菊池郡,キクチグン,Kikuchi-gun,大津町,オオヅマチ,Ozu-machi,,,,大字真木,オオアザマキ,Maki,,,,字西八窪,アザニシハチクボ,,,0,0,0,0,0,0,1,0,1947-04-17,,0,,,,,,,,,,,,,,,,
434035,0018107,3,熊本県,クマモトケン,Kumamoto,菊池郡,キクチグン,Kikuchi-gun,大津町,オオヅマチ,Ozu-machi,,,,大字真木,オオアザマキ,Maki,,,,字西野,アザニシノ,,,0,0,0,0,0,0,1,0,1947-04-17,,0,,,,,,,,,,,,,,,,
434035,0018108,3,熊本県,クマモトケン,Kumamoto,菊池郡,キクチグン,Kikuchi-gun,大津町,オオヅマチ,Ozu-machi,,,,大字真木,オオアザマキ,Maki,,,,字東前原,アザヒガシマエハラ,,,0,0,0,0,0,0,1,0,1947-04-17,,0,,,,,,,,,,,,,,,,
434035,0018109,3,熊本県,クマモトケン,Kumamoto,菊池郡,キクチグン,Kikuchi-gun,大津町,オオヅマチ,Ozu-machi,,,,大字真木,オオアザマキ,Maki,,,,字東津留,アザヒガシヅル,,,0,0,0,0,0,0,1,0,1947-04-17,,0,,,,,,,,,,,,,,,,
434035,0018110,3,熊本県,クマモトケン,Kumamoto,菊池郡,キクチグン,Kikuchi-gun,大津町,オオヅマチ,Ozu-machi,,,,大字真木,オオアザマキ,Maki,,,,字東八窪,アザヒガシハチクボ,,,0,0,0,0,0,0,1,0,1947-04-17,,0,,,,,,,,,,,,,,,,
434035,0018111,3,熊本県,クマモトケン,Kumamoto,菊池郡,キクチグン,Kikuchi-gun,大津町,オオヅマチ,Ozu-machi,,,,大字真木,オオアザマキ,Maki,,,,字東野,アザヒガシノ,,,0,0,0,0,0,0,1,0,1947-04-17,,0,,,,,,,,,,,,,,,,
434035,0018112,3,熊本県,クマモトケン,Kumamoto,菊池郡,キクチグン,Kikuchi-gun,大津町,オオヅマチ,Ozu-machi,,,,大字真木,オオアザマキ,Maki,,,,字弥護山,アザヤゴヤマ,,,0,0,0,0,0,0,1,0,1947-04-17,,0,,,,,,,,,,,,,,,,
434035,0019000,1,熊本県,クマモトケン,Kumamoto,菊池郡,キクチグン,Kikuchi-gun,大津町,オオヅマチ,Ozu-machi,,,,大字町,オオアザマチ,Machi,,,,,,,,0,0,0,0,0,0,1,1,1947-04-17,,0,8691224,,,,,,,,,,,,,,,
434035,0019101,3,熊本県,クマモトケン,Kumamoto,菊池郡,キクチグン,Kikuchi-gun,大津町,オオヅマチ,Ozu-machi,,,,大字町,オオアザマチ,Machi,,,,字沖,アザオキ,,,0,0,0,0,0,0,1,0,1947-04-17,,0,,,,,,,,,,,,,,,,
434035,0019102,3,熊本県,クマモトケン,Kumamoto,菊池郡,キクチグン,Kikuchi-gun,大津町,オオヅマチ,Ozu-machi,,,,大字町,オオアザマチ,Machi,,,,字町ノ前,アザマチノマエ,,,0,0,0,0,0,0,1,0,1947-04-17,,0,,,,,,,,,,,,,,,,
434035,0019103,3,熊本県,クマモトケン,Kumamoto,菊池郡,キクチグン,Kikuchi-gun,大津町,オオヅマチ,Ozu-machi,,,,大字町,オオアザマチ,Machi,,,,字田地,アザタジ,,,0,0,0,0,0,0,1,0,1947-04-17,,0,,,,,,,,,,,,,,,,
434035,0019104,3,熊本県,クマモトケン,Kumamoto,菊池郡,キクチグン,Kikuchi-gun,大津町,オオヅマチ,Ozu-machi,,,,大字町,オオアザマチ,Machi,,,,字尾ノ上,アザオノウエ,,,0,0,0,0,0,0,1,0,1947-04-17,,0,,,,,,,,,,,,,,,,
434035,0019105,3,熊本県,クマモトケン,Kumamoto,菊池郡,キクチグン,Kikuchi-gun,大津町,オオヅマチ,Ozu-machi,,,,大字町,オオアザマチ,Machi,,,,字平,アザヒラ,,,0,0,0,0,0,0,1,0,1947-04-17,,0,,,,,,,,,,,,,,,,
434035,0020000,1,熊本県,クマモトケン,Kumamoto,菊池郡,キクチグン,Kikuchi-gun,大津町,オオヅマチ,Ozu-machi,,,,大字室,オオアザムロ,Muro,,,,,,,,0,0,0,0,0,0,1,1,1947-04-17,,0,8691235,,,,,,,,,,,,,,,
434035,0020101,3,熊本県,クマモトケン,Kumamoto,菊池郡,キクチグン,Kikuchi-gun,大津町,オオヅマチ,Ozu-machi,,,,大字室,オオアザムロ,Muro,,,,字狐平,アザキツネビラ,,,0,0,0,0,0,0,1,0,1947-04-17,,0,,,,,,,,,,,,,,,,
434035,0020102,3,熊本県,クマモトケン,Kumamoto,菊池郡,キクチグン,Kikuchi-gun,大津町,オオヅマチ,Ozu-machi,,,,大字室,オオアザムロ,Muro,,,,字桜山,アザサクラヤマ,,,0,0,0,0,0,0,1,0,1947-04-17,,0,,,,,,,,,,,,,,,,
434035,0020103,3,熊本県,クマモトケン,Kumamoto,菊池郡,キクチグン,Kikuchi-gun,大津町,オオヅマチ,Ozu-machi,,,,大字室,オオアザムロ,Muro,,,,字三郎松,アザサブロウマツ,,,0,0,0,0,0,0,1,0,1947-04-17,,0,,,,,,,,,,,,,,,,
434035,0020104,3,熊本県,クマモトケン,Kumamoto,菊池郡,キクチグン,Kikuchi-gun,大津町,オオヅマチ,Ozu-machi,,,,大字室,オオアザムロ,Muro,,,,字新田,アザシンタ,,,0,0,0,0,0,0,1,0,1947-04-17,,0,,,,,,,,,,,,,,,,
434035,0020105,3,熊本県,クマモトケン,Kumamoto,菊池郡,キクチグン,Kikuchi-gun,大津町,オオヅマチ,Ozu-machi,,,,大字室,オオアザムロ,Muro,,,,字西鶴,アザニシヅル,,,0,0,0,0,0,0,1,0,1947-04-17,,0,,,,,,,,,,,,,,,,
434035,0020106,3,熊本県,クマモトケン,Kumamoto,菊池郡,キクチグン,Kikuchi-gun,大津町,オオヅマチ,Ozu-machi,,,,大字室,オオアザムロ,Muro,,,,字西道免,アザニシドウメン,,,0,0,0,0,0,0,1,0,1947-04-17,,0,,,,,,,,,,,,,,,,
434035,0020107,3,熊本県,クマモトケン,Kumamoto,菊池郡,キクチグン,Kikuchi-gun,大津町,オオヅマチ,Ozu-machi,,,,大字室,オオアザムロ,Muro,,,,字西迫尻,アザニシサコジリ,,,0,0,0,0,0,0,1,0,1947-04-17,,0,,,,,,,,,,,,,,,,
434035,0020108,3,熊本県,クマモトケン,Kumamoto,菊池郡,キクチグン,Kikuchi-gun,大津町,オオヅマチ,Ozu-machi,,,,大字室,オオアザムロ,Muro,,,,字東道免,アザヒガシドウメン,,,0,0,0,0,0,0,1,0,1947-04-17,,0,,,,,,,,,,,,,,,,
434035,0020109,3,熊本県,クマモトケン,Kumamoto,菊池郡,キクチグン,Kikuchi-gun,大津町,オオヅマチ,Ozu-machi,,,,大字室,オオアザムロ,Muro,,,,字東迫尻,アザヒガシサコジリ,,,0,0,0,0,0,0,1,0,1947-04-17,,0,,,,,,,,,,,,,,,,
434035,0020110,3,熊本県,クマモトケン,Kumamoto,菊池郡,キクチグン,Kikuchi-gun,大津町,オオヅマチ,Ozu-machi,,,,大字室,オオアザムロ,Muro,,,,字南出口,アザミナミデグチ,,,0,0,0,0,0,0,1,0,1947-04-17,,0,,,,,,,,,,,,,,,,
434035,0020111,3,熊本県,クマモトケン,Kumamoto,菊池郡,キクチグン,Kikuchi-gun,大津町,オオヅマチ,Ozu-machi,,,,大字室,オオアザムロ,Muro,,,,字猫尾,アザネコノオ,,,0,0,0,0,0,0,1,0,1947-04-17,,0,,,,,,,,,,,,,,,,
434035,0020112,3,熊本県,クマモトケン,Kumamoto,菊池郡,キクチグン,Kikuchi-gun,大津町,オオヅマチ,Ozu-machi,,,,大字室,オオアザムロ,Muro,,,,字北出口,アザキタデグチ,,,0,0,0,0,0,0,1,0,1947-04-17,,0,,,,,,,,,,,,,,,,
434035,0020113,3,熊本県,クマモトケン,Kumamoto,菊池郡,キクチグン,Kikuchi-gun,大津町,オオヅマチ,Ozu-machi,,,,大字室,オオアザムロ,Muro,,,,字門出,アザモンデ,,,0,0,0,0,0,0,1,0,1947-04-17,,0,,,,,,,,,,,,,,,,
434035,0021000,1,熊本県,クマモトケン,Kumamoto,菊池郡,キクチグン,Kikuchi-gun,大津町,オオヅマチ,Ozu-machi,,,,大字森,オオアザモリ,Mori,,,,,,,,0,0,0,0,0,0,1,1,1947-04-17,,0,8691217,,,,,,,,,,,,,,,
434035,0021101,3,熊本県,クマモトケン,Kumamoto,菊池郡,キクチグン,Kikuchi-gun,大津町,オオヅマチ,Ozu-machi,,,,大字森,オオアザモリ,Mori,,,,字榎迫,アザエノキザコ,,,0,0,0,0,0,0,1,0,1947-04-17,,0,,,,,,,,,,,,,,,,
434035,0021102,3,熊本県,クマモトケン,Kumamoto,菊池郡,キクチグン,Kikuchi-gun,大津町,オオヅマチ,Ozu-machi,,,,大字森,オオアザモリ,Mori,,,,字居島,アザイジマ,,,0,0,0,0,0,0,1,0,1947-04-17,,0,,,,,,,,,,,,,,,,
434035,0021103,3,熊本県,クマモトケン,Kumamoto,菊池郡,キクチグン,Kikuchi-gun,大津町,オオヅマチ,Ozu-machi,,,,大字森,オオアザモリ,Mori,,,,字大久保,アザオオクボ,,,0,0,0,0,0,0,1,0,1947-04-17,,0,,,,,,,,,,,,,,,,
434035,0021104,3,熊本県,クマモトケン,Kumamoto,菊池郡,キクチグン,Kikuchi-gun,大津町,オオヅマチ,Ozu-machi,,,,大字森,オオアザモリ,Mori,,,,字中ノ切,アザナカノキレ,,,0,0,0,0,0,0,1,0,1947-04-17,,0,,,,,,,,,,,,,,,,
434035,0021105,3,熊本県,クマモトケン,Kumamoto,菊池郡,キクチグン,Kikuchi-gun,大津町,オオヅマチ,Ozu-machi,,,,大字森,オオアザモリ,Mori,,,,字津久田,アザツクタ,,,0,0,0,0,0,0,1,0,1947-04-17,,0,,,,,,,,,,,,,,,,
434035,0021106,3,熊本県,クマモトケン,Kumamoto,菊池郡,キクチグン,Kikuchi-gun,大津町,オオヅマチ,Ozu-machi,,,,大字森,オオアザモリ,Mori,,,,字堤,アザツツミ,,,0,0,0,0,0,0,1,0,1947-04-17,,0,,,,,,,,,,,,,,,,
434035,0021107,3,熊本県,クマモトケン,Kumamoto,菊池郡,キクチグン,Kikuchi-gun,大津町,オオヅマチ,Ozu-machi,,,,大字森,オオアザモリ,Mori,,,,字登々口,アザトトグチ,,,0,0,0,0,0,0,1,0,1947-04-17,,0,,,,,,,,,,,,,,,,
434035,0021108,3,熊本県,クマモトケン,Kumamoto,菊池郡,キクチグン,Kikuchi-gun,大津町,オオヅマチ,Ozu-machi,,,,大字森,オオアザモリ,Mori,,,,字北迫,アザキタノサコ,,,0,0,0,0,0,0,1,0,1947-04-17,,0,,,,,,,,,,,,,,,,
434035,0022000,1,熊本県,クマモトケン,Kumamoto,菊池郡,キクチグン,Kikuchi-gun,大津町,オオヅマチ,Ozu-machi,,,,大字矢護川,オオアザヤゴガワ,Yagogawa,,,,,,,,0,0,0,0,0,0,1,1,1947-04-17,,0,8691211,,,,,,,,,,,,,,,
434035,0022101,3,熊本県,クマモトケン,Kumamoto,菊池郡,キクチグン,Kikuchi-gun,大津町,オオヅマチ,Ozu-machi,,,,大字矢護川,オオアザヤゴガワ,Yagogawa,,,,字伊坂山,アザイサカヤマ,,,0,0,0,0,0,0,1,0,1947-04-17,,0,,,,,,,,,,,,,,,,
434035,0022102,3,熊本県,クマモトケン,Kumamoto,菊池郡,キクチグン,Kikuchi-gun,大津町,オオヅマチ,Ozu-machi,,,,大字矢護川,オオアザヤゴガワ,Yagogawa,,,,字一ノ迫,アザイチノサコ,,,0,0,0,0,0,0,1,0,1947-04-17,,0,,,,,,,,,,,,,,,,
434035,0022103,3,熊本県,クマモトケン,Kumamoto,菊池郡,キクチグン,Kikuchi-gun,大津町,オオヅマチ,Ozu-machi,,,,大字矢護川,オオアザヤゴガワ,Yagogawa,,,,字一ノ尾,アザイチノオ,,,0,0,0,0,0,0,1,0,1947-04-17,,0,,,,,,,,,,,,,,,,
434035,0022104,3,熊本県,クマモトケン,Kumamoto,菊池郡,キクチグン,Kikuchi-gun,大津町,オオヅマチ,Ozu-machi,,,,大字矢護川,オオアザヤゴガワ,Yagogawa,,,,字一辻,アザイチノツジ,,,0,0,0,0,0,0,1,0,1947-04-17,,0,,,,,,,,,,,,,,,,
434035,0022105,3,熊本県,クマモトケン,Kumamoto,菊池郡,キクチグン,Kikuchi-gun,大津町,オオヅマチ,Ozu-machi,,,,大字矢護川,オオアザヤゴガワ,Yagogawa,,,,字一南迫,アザイチミナミサコ,,,0,0,0,0,0,0,1,0,1947-04-17,,0,,,,,,,,,,,,,,,,
434035,0022106,3,熊本県,クマモトケン,Kumamoto,菊池郡,キクチグン,Kikuchi-gun,大津町,オオヅマチ,Ozu-machi,,,,大字矢護川,オオアザヤゴガワ,Yagogawa,,,,字一尾刎,アザイチオバネ,,,0,0,0,0,0,0,1,0,1947-04-17,,0,,,,,,,,,,,,,,,,
434035,0022107,3,熊本県,クマモトケン,Kumamoto,菊池郡,キクチグン,Kikuchi-gun,大津町,オオヅマチ,Ozu-machi,,,,大字矢護川,オオアザヤゴガワ,Yagogawa,,,,字屋敷,アザヤシキ,,,0,0,0,0,0,0,1,0,1947-04-17,,0,,,,,,,,,,,,,,,,
434035,0022108,3,熊本県,クマモトケン,Kumamoto,菊池郡,キクチグン,Kikuchi-gun,大津町,オオヅマチ,Ozu-machi,,,,大字矢護川,オオアザヤゴガワ,Yagogawa,,,,字下ノ原,アザシモノハラ,,,0,0,0,0,0,0,1,0,1947-04-17,,0,,,,,,,,,,,,,,,,
434035,0022109,3,熊本県,クマモトケン,Kumamoto,菊池郡,キクチグン,Kikuchi-gun,大津町,オオヅマチ,Ozu-machi,,,,大字矢護川,オオアザヤゴガワ,Yagogawa,,,,字下河原,アザシモカワハラ,,,0,0,0,0,0,0,1,0,1947-04-17,,0,,,,,,,,,,,,,,,,
434035,0022110,3,熊本県,クマモトケン,Kumamoto,菊池郡,キクチグン,Kikuchi-gun,大津町,オオヅマチ,Ozu-machi,,,,大字矢護川,オオアザヤゴガワ,Yagogawa,,,,字下後田,アザシモウシロダ,,,0,0,0,0,0,0,1,0,1947-04-17,,0,,,,,,,,,,,,,,,,
434035,0022111,3,熊本県,クマモトケン,Kumamoto,菊池郡,キクチグン,Kikuchi-gun,大津町,オオヅマチ,Ozu-machi,,,,大字矢護川,オオアザヤゴガワ,Yagogawa,,,,字下水足,アザシモミズアシ,,,0,0,0,0,0,0,1,0,1947-04-17,,0,,,,,,,,,,,,,,,,
434035,0022112,3,熊本県,クマモトケン,Kumamoto,菊池郡,キクチグン,Kikuchi-gun,大津町,オオヅマチ,Ozu-machi,,,,大字矢護川,オオアザヤゴガワ,Yagogawa,,,,字下石,アザシモイシ,,,0,0,0,0,0,0,1,0,1947-04-17,,0,,,,,,,,,,,,,,,,
434035,0022113,3,熊本県,クマモトケン,Kumamoto,菊池郡,キクチグン,Kikuchi-gun,大津町,オオヅマチ,Ozu-machi,,,,大字矢護川,オオアザヤゴガワ,Yagogawa,,,,字下前田,アザシモマエダ,,,0,0,0,0,0,0,1,0,1947-04-17,,0,,,,,,,,,,,,,,,,
434035,0022114,3,熊本県,クマモトケン,Kumamoto,菊池郡,キクチグン,Kikuchi-gun,大津町,オオヅマチ,Ozu-machi,,,,大字矢護川,オオアザヤゴガワ,Yagogawa,,,,字下田,アザシモダ,,,0,0,0,0,0,0,1,0,1947-04-17,,0,,,,,,,,,,,,,,,,
434035,0022115,3,熊本県,クマモトケン,Kumamoto,菊池郡,キクチグン,Kikuchi-gun,大津町,オオヅマチ,Ozu-machi,,,,大字矢護川,オオアザヤゴガワ,Yagogawa,,,,字下無田,アザシモムタ,,,0,0,0,0,0,0,1,0,1947-04-17,,0,,,,,,,,,,,,,,,,
434035,0022116,3,熊本県,クマモトケン,Kumamoto,菊池郡,キクチグン,Kikuchi-gun,大津町,オオヅマチ,Ozu-machi,,,,大字矢護川,オオアザヤゴガワ,Yagogawa,,,,字加茂迫,アザカモノサコ,,,0,0,0,0,0,0,1,0,1947-04-17,,0,,,,,,,,,,,,,,,,
434035,0022117,3,熊本県,クマモトケン,Kumamoto,菊池郡,キクチグン,Kikuchi-gun,大津町,オオヅマチ,Ozu-machi,,,,大字矢護川,オオアザヤゴガワ,Yagogawa,,,,字丸山,アザマルヤマ,,,0,0,0,0,0,0,1,0,1947-04-17,,0,,,,,,,,,,,,,,,,
434035,0022118,3,熊本県,クマモトケン,Kumamoto,菊池郡,キクチグン,Kikuchi-gun,大津町,オオヅマチ,Ozu-machi,,,,大字矢護川,オオアザヤゴガワ,Yagogawa,,,,字古閑屋敷,アザコガヤシキ,,,0,0,0,0,0,0,1,0,1947-04-17,,0,,,,,,,,,,,,,,,,
434035,0022119,3,熊本県,クマモトケン,Kumamoto,菊池郡,キクチグン,Kikuchi-gun,大津町,オオヅマチ,Ozu-machi,,,,大字矢護川,オオアザヤゴガワ,Yagogawa,,,,字五ノ尾,アザゴノオ,,,0,0,0,0,0,0,1,0,1947-04-17,,0,,,,,,,,,,,,,,,,
434035,0022120,3,熊本県,クマモトケン,Kumamoto,菊池郡,キクチグン,Kikuchi-gun,大津町,オオヅマチ,Ozu-machi,,,,大字矢護川,オオアザヤゴガワ,Yagogawa,,,,字五尾刎,アザゴオバネ,,,0,0,0,0,0,0,1,0,1947-04-17,,0,,,,,,,,,,,,,,,,
434035,0022121,3,熊本県,クマモトケン,Kumamoto,菊池郡,キクチグン,Kikuchi-gun,大津町,オオヅマチ,Ozu-machi,,,,大字矢護川,オオアザヤゴガワ,Yagogawa,,,,字後田,アザウシロダ,,,0,0,0,0,0,0,1,0,1947-04-17,,0,,,,,,,,,,,,,,,,
434035,0022122,3,熊本県,クマモトケン,Kumamoto,菊池郡,キクチグン,Kikuchi-gun,大津町,オオヅマチ,Ozu-machi,,,,大字矢護川,オオアザヤゴガワ,Yagogawa,,,,字後無田,アザウシロムタ,,,0,0,0,0,0,0,1,0,1947-04-17,,0,,,,,,,,,,,,,,,,
434035,0022123,3,熊本県,クマモトケン,Kumamoto,菊池郡,キクチグン,Kikuchi-gun,大津町,オオヅマチ,Ozu-machi,,,,大字矢護川,オオアザヤゴガワ,Yagogawa,,,,字御願所,アザゴガンゼ,,,0,0,0,0,0,0,1,0,1947-04-17,,0,,,,,,,,,,,,,,,,
434035,0022124,3,熊本県,クマモトケン,Kumamoto,菊池郡,キクチグン,Kikuchi-gun,大津町,オオヅマチ,Ozu-machi,,,,大字矢護川,オオアザヤゴガワ,Yagogawa,,,,字御領原,アザゴリヨウバル,,,0,0,0,0,0,0,1,0,1947-04-17,,0,,,,,,,,,,,,,,,,
434035,0022125,3,熊本県,クマモトケン,Kumamoto,菊池郡,キクチグン,Kikuchi-gun,大津町,オオヅマチ,Ozu-machi,,,,大字矢護川,オオアザヤゴガワ,Yagogawa,,,,字坂ノ上,アザサカノウエ,,,0,0,0,0,0,0,1,0,1947-04-17,,0,,,,,,,,,,,,,,,,
434035,0022126,3,熊本県,クマモトケン,Kumamoto,菊池郡,キクチグン,Kikuchi-gun,大津町,オオヅマチ,Ozu-machi,,,,大字矢護川,オオアザヤゴガワ,Yagogawa,,,,字三ノ迫,アザサンノサコ,,,0,0,0,0,0,0,1,0,1947-04-17,,0,,,,,,,,,,,,,,,,
434035,0022127,3,熊本県,クマモトケン,Kumamoto,菊池郡,キクチグン,Kikuchi-gun,大津町,オオヅマチ,Ozu-machi,,,,大字矢護川,オオアザヤゴガワ,Yagogawa,,,,字三ノ尾,アザサンノオ,,,0,0,0,0,0,0,1,0,1947-04-17,,0,,,,,,,,,,,,,,,,
434035,0022128,3,熊本県,クマモトケン,Kumamoto,菊池郡,キクチグン,Kikuchi-gun,大津町,オオヅマチ,Ozu-machi,,,,大字矢護川,オオアザヤゴガワ,Yagogawa,,,,字三辻,アザサンノツジ,,,0,0,0,0,0,0,1,0,1947-04-17,,0,,,,,,,,,,,,,,,,
434035,0022129,3,熊本県,クマモトケン,Kumamoto,菊池郡,キクチグン,Kikuchi-gun,大津町,オオヅマチ,Ozu-machi,,,,大字矢護川,オオアザヤゴガワ,Yagogawa,,,,字三南迫,アザサンミナミサコ,,,0,0,0,0,0,0,1,0,1947-04-17,,0,,,,,,,,,,,,,,,,
434035,0022130,3,熊本県,クマモトケン,Kumamoto,菊池郡,キクチグン,Kikuchi-gun,大津町,オオヅマチ,Ozu-machi,,,,大字矢護川,オオアザヤゴガワ,Yagogawa,,,,字三尾刎,アザサンオバネ,,,0,0,0,0,0,0,1,0,1947-04-17,,0,,,,,,,,,,,,,,,,
434035,0022131,3,熊本県,クマモトケン,Kumamoto,菊池郡,キクチグン,Kikuchi-gun,大津町,オオヅマチ,Ozu-machi,,,,大字矢護川,オオアザヤゴガワ,Yagogawa,,,,字山ノ上,アザヤマノウエ,,,0,0,0,0,0,0,1,0,1947-04-17,,0,,,,,,,,,,,,,,,,
434035,0022132,3,熊本県,クマモトケン,Kumamoto,菊池郡,キクチグン,Kikuchi-gun,大津町,オオヅマチ,Ozu-machi,,,,大字矢護川,オオアザヤゴガワ,Yagogawa,,,,字四ツ辻,アザヨツツジ,,,0,0,0,0,0,0,1,0,1947-04-17,,0,,,,,,,,,,,,,,,,
434035,0022133,3,熊本県,クマモトケン,Kumamoto,菊池郡,キクチグン,Kikuchi-gun,大津町,オオヅマチ,Ozu-machi,,,,大字矢護川,オオアザヤゴガワ,Yagogawa,,,,字四ノ尾,アザヨンノオ,,,0,0,0,0,0,0,1,0,1947-04-17,,0,,,,,,,,,,,,,,,,
434035,0022134,3,熊本県,クマモトケン,Kumamoto,菊池郡,キクチグン,Kikuchi-gun,大津町,オオヅマチ,Ozu-machi,,,,大字矢護川,オオアザヤゴガワ,Yagogawa,,,,字四南迫,アザヨンミナミサコ,,,0,0,0,0,0,0,1,0,1947-04-17,,0,,,,,,,,,,,,,,,,
434035,0022135,3,熊本県,クマモトケン,Kumamoto,菊池郡,キクチグン,Kikuchi-gun,大津町,オオヅマチ,Ozu-machi,,,,大字矢護川,オオアザヤゴガワ,Yagogawa,,,,字四尾刎,アザヨオバネ,,,0,0,0,0,0,0,1,0,1947-04-17,,0,,,,,,,,,,,,,,,,
434035,0022136,3,熊本県,クマモトケン,Kumamoto,菊池郡,キクチグン,Kikuchi-gun,大津町,オオヅマチ,Ozu-machi,,,,大字矢護川,オオアザヤゴガワ,Yagogawa,,,,字寺ノ上,アザテラノウエ,,,0,0,0,0,0,0,1,0,1947-04-17,,0,,,,,,,,,,,,,,,,
434035,0022137,3,熊本県,クマモトケン,Kumamoto,菊池郡,キクチグン,Kikuchi-gun,大津町,オオヅマチ,Ozu-machi,,,,大字矢護川,オオアザヤゴガワ,Yagogawa,,,,字七ノ尾,アザナナノオ,,,0,0,0,0,0,0,1,0,1947-04-17,,0,,,,,,,,,,,,,,,,
434035,0022138,3,熊本県,クマモトケン,Kumamoto,菊池郡,キクチグン,Kikuchi-gun,大津町,オオヅマチ,Ozu-machi,,,,大字矢護川,オオアザヤゴガワ,Yagogawa,,,,字上ノ原,アザウエノハラ,,,0,0,0,0,0,0,1,0,1947-04-17,,0,,,,,,,,,,,,,,,,
434035,0022139,3,熊本県,クマモトケン,Kumamoto,菊池郡,キクチグン,Kikuchi-gun,大津町,オオヅマチ,Ozu-machi,,,,大字矢護川,オオアザヤゴガワ,Yagogawa,,,,字上ノ迫,アザカミノサコ,,,0,0,0,0,0,0,1,0,1947-04-17,,0,,,,,,,,,,,,,,,,
434035,0022140,3,熊本県,クマモトケン,Kumamoto,菊池郡,キクチグン,Kikuchi-gun,大津町,オオヅマチ,Ozu-machi,,,,大字矢護川,オオアザヤゴガワ,Yagogawa,,,,字上後田,アザカミウシロダ,,,0,0,0,0,0,0,1,0,1947-04-17,,0,,,,,,,,,,,,,,,,
434035,0022141,3,熊本県,クマモトケン,Kumamoto,菊池郡,キクチグン,Kikuchi-gun,大津町,オオヅマチ,Ozu-machi,,,,大字矢護川,オオアザヤゴガワ,Yagogawa,,,,字上前田,アザカミマエダ,,,0,0,0,0,0,0,1,0,1947-04-17,,0,,,,,,,,,,,,,,,,
434035,0022142,3,熊本県,クマモトケン,Kumamoto,菊池郡,キクチグン,Kikuchi-gun,大津町,オオヅマチ,Ozu-machi,,,,大字矢護川,オオアザヤゴガワ,Yagogawa,,,,字新開鶴,アザシンガイヅル,,,0,0,0,0,0,0,1,0,1947-04-17,,0,,,,,,,,,,,,,,,,
434035,0022143,3,熊本県,クマモトケン,Kumamoto,菊池郡,キクチグン,Kikuchi-gun,大津町,オオヅマチ,Ozu-machi,,,,大字矢護川,オオアザヤゴガワ,Yagogawa,,,,字深窪,アザフカクボ,,,0,0,0,0,0,0,1,0,1947-04-17,,0,,,,,,,,,,,,,,,,
434035,0022144,3,熊本県,クマモトケン,Kumamoto,菊池郡,キクチグン,Kikuchi-gun,大津町,オオヅマチ,Ozu-machi,,,,大字矢護川,オオアザヤゴガワ,Yagogawa,,,,字水ノ山,アザミズノヤマ,,,0,0,0,0,0,0,1,0,1947-04-17,,0,,,,,,,,,,,,,,,,
434035,0022145,3,熊本県,クマモトケン,Kumamoto,菊池郡,キクチグン,Kikuchi-gun,大津町,オオヅマチ,Ozu-machi,,,,大字矢護川,オオアザヤゴガワ,Yagogawa,,,,字水ノ上,アザミズノウエ,,,0,0,0,0,0,0,1,0,1947-04-17,,0,,,,,,,,,,,,,,,,
434035,0022146,3,熊本県,クマモトケン,Kumamoto,菊池郡,キクチグン,Kikuchi-gun,大津町,オオヅマチ,Ozu-machi,,,,大字矢護川,オオアザヤゴガワ,Yagogawa,,,,字水足,アザミズアシ,,,0,0,0,0,0,0,1,0,1947-04-17,,0,,,,,,,,,,,,,,,,
434035,0022147,3,熊本県,クマモトケン,Kumamoto,菊池郡,キクチグン,Kikuchi-gun,大津町,オオヅマチ,Ozu-machi,,,,大字矢護川,オオアザヤゴガワ,Yagogawa,,,,字水谷,アザミズノタニ,,,0,0,0,0,0,0,1,0,1947-04-17,,0,,,,,,,,,,,,,,,,
434035,0022148,3,熊本県,クマモトケン,Kumamoto,菊池郡,キクチグン,Kikuchi-gun,大津町,オオヅマチ,Ozu-machi,,,,大字矢護川,オオアザヤゴガワ,Yagogawa,,,,字西宮ノ上,アザニシミヤノウエ,,,0,0,0,0,0,0,1,0,1947-04-17,,0,,,,,,,,,,,,,,,,
434035,0022149,3,熊本県,クマモトケン,Kumamoto,菊池郡,キクチグン,Kikuchi-gun,大津町,オオヅマチ,Ozu-machi,,,,大字矢護川,オオアザヤゴガワ,Yagogawa,,,,字西鶴,アザニシヅル,,,0,0,0,0,0,0,1,0,1947-04-17,,0,,,,,,,,,,,,,,,,
434035,0022150,3,熊本県,クマモトケン,Kumamoto,菊池郡,キクチグン,Kikuchi-gun,大津町,オオヅマチ,Ozu-machi,,,,大字矢護川,オオアザヤゴガワ,Yagogawa,,,,字西畑,アザニシハタ,,,0,0,0,0,0,0,1,0,1947-04-17,,0,,,,,,,,,,,,,,,,
434035,0022151,3,熊本県,クマモトケン,Kumamoto,菊池郡,キクチグン,Kikuchi-gun,大津町,オオヅマチ,Ozu-machi,,,,大字矢護川,オオアザヤゴガワ,Yagogawa,,,,字西門出,アザニシモンデ,,,0,0,0,0,0,0,1,0,1947-04-17,,0,,,,,,,,,,,,,,,,
434035,0022152,3,熊本県,クマモトケン,Kumamoto,菊池郡,キクチグン,Kikuchi-gun,大津町,オオヅマチ,Ozu-machi,,,,大字矢護川,オオアザヤゴガワ,Yagogawa,,,,字中ノ原,アザナカノハラ,,,0,0,0,0,0,0,1,0,1947-04-17,,0,,,,,,,,,,,,,,,,
434035,0022153,3,熊本県,クマモトケン,Kumamoto,菊池郡,キクチグン,Kikuchi-gun,大津町,オオヅマチ,Ozu-machi,,,,大字矢護川,オオアザヤゴガワ,Yagogawa,,,,字中宮ノ上,アザナカミヤノウエ,,,0,0,0,0,0,0,1,0,1947-04-17,,0,,,,,,,,,,,,,,,,
434035,0022154,3,熊本県,クマモトケン,Kumamoto,菊池郡,キクチグン,Kikuchi-gun,大津町,オオヅマチ,Ozu-machi,,,,大字矢護川,オオアザヤゴガワ,Yagogawa,,,,字中在目,アザナカザイメ,,,0,0,0,0,0,0,1,0,1947-04-17,,0,,,,,,,,,,,,,,,,
434035,0022155,3,熊本県,クマモトケン,Kumamoto,菊池郡,キクチグン,Kikuchi-gun,大津町,オオヅマチ,Ozu-machi,,,,大字矢護川,オオアザヤゴガワ,Yagogawa,,,,字中水足,アザナカミズアシ,,,0,0,0,0,0,0,1,0,1947-04-17,,0,,,,,,,,,,,,,,,,
434035,0022156,3,熊本県,クマモトケン,Kumamoto,菊池郡,キクチグン,Kikuchi-gun,大津町,オオヅマチ,Ozu-machi,,,,大字矢護川,オオアザヤゴガワ,Yagogawa,,,,字中石,アザナカイシ,,,0,0,0,0,0,0,1,0,1947-04-17,,0,,,,,,,,,,,,,,,,
434035,0022157,3,熊本県,クマモトケン,Kumamoto,菊池郡,キクチグン,Kikuchi-gun,大津町,オオヅマチ,Ozu-machi,,,,大字矢護川,オオアザヤゴガワ,Yagogawa,,,,字中道,アザナカミチ,,,0,0,0,0,0,0,1,0,1947-04-17,,0,,,,,,,,,,,,,,,,
434035,0022158,3,熊本県,クマモトケン,Kumamoto,菊池郡,キクチグン,Kikuchi-gun,大津町,オオヅマチ,Ozu-machi,,,,大字矢護川,オオアザヤゴガワ,Yagogawa,,,,字中尾原,アザナカオバル,,,0,0,0,0,0,0,1,0,1947-04-17,,0,,,,,,,,,,,,,,,,
434035,0022159,3,熊本県,クマモトケン,Kumamoto,菊池郡,キクチグン,Kikuchi-gun,大津町,オオヅマチ,Ozu-machi,,,,大字矢護川,オオアザヤゴガワ,Yagogawa,,,,字中無田,アザナカムタ,,,0,0,0,0,0,0,1,0,1947-04-17,,0,,,,,,,,,,,,,,,,
434035,0022160,3,熊本県,クマモトケン,Kumamoto,菊池郡,キクチグン,Kikuchi-gun,大津町,オオヅマチ,Ozu-machi,,,,大字矢護川,オオアザヤゴガワ,Yagogawa,,,,字中門出,アザナカモンデ,,,0,0,0,0,0,0,1,0,1947-04-17,,0,,,,,,,,,,,,,,,,
434035,0022161,3,熊本県,クマモトケン,Kumamoto,菊池郡,キクチグン,Kikuchi-gun,大津町,オオヅマチ,Ozu-machi,,,,大字矢護川,オオアザヤゴガワ,Yagogawa,,,,字中野,アザナカノ,,,0,0,0,0,0,0,1,0,1947-04-17,,0,,,,,,,,,,,,,,,,
434035,0022162,3,熊本県,クマモトケン,Kumamoto,菊池郡,キクチグン,Kikuchi-gun,大津町,オオヅマチ,Ozu-machi,,,,大字矢護川,オオアザヤゴガワ,Yagogawa,,,,字長刀,アザナギナタ,,,0,0,0,0,0,0,1,0,1947-04-17,,0,,,,,,,,,,,,,,,,
434035,0022163,3,熊本県,クマモトケン,Kumamoto,菊池郡,キクチグン,Kikuchi-gun,大津町,オオヅマチ,Ozu-machi,,,,大字矢護川,オオアザヤゴガワ,Yagogawa,,,,字鳥越,アザトリゴエ,,,0,0,0,0,0,0,1,0,1947-04-17,,0,,,,,,,,,,,,,,,,
434035,0022164,3,熊本県,クマモトケン,Kumamoto,菊池郡,キクチグン,Kikuchi-gun,大津町,オオヅマチ,Ozu-machi,,,,大字矢護川,オオアザヤゴガワ,Yagogawa,,,,字砥石ケ平,アザトイシガヒラ,,,0,0,0,0,0,0,1,0,1947-04-17,,0,,,,,,,,,,,,,,,,
434035,0022165,3,熊本県,クマモトケン,Kumamoto,菊池郡,キクチグン,Kikuchi-gun,大津町,オオヅマチ,Ozu-machi,,,,大字矢護川,オオアザヤゴガワ,Yagogawa,,,,字東宮上,アザヒガシミヤノウエ,,,0,0,0,0,0,0,1,0,1947-04-17,,0,,,,,,,,,,,,,,,,
434035,0022166,3,熊本県,クマモトケン,Kumamoto,菊池郡,キクチグン,Kikuchi-gun,大津町,オオヅマチ,Ozu-machi,,,,大字矢護川,オオアザヤゴガワ,Yagogawa,,,,字東原,アザヒガシバル,,,0,0,0,0,0,0,1,0,1947-04-17,,0,,,,,,,,,,,,,,,,
434035,0022167,3,熊本県,クマモトケン,Kumamoto,菊池郡,キクチグン,Kikuchi-gun,大津町,オオヅマチ,Ozu-machi,,,,大字矢護川,オオアザヤゴガワ,Yagogawa,,,,字東無田,アザヒガシムタ,,,0,0,0,0,0,0,1,0,1947-04-17,,0,,,,,,,,,,,,,,,,
434035,0022168,3,熊本県,クマモトケン,Kumamoto,菊池郡,キクチグン,Kikuchi-gun,大津町,オオヅマチ,Ozu-machi,,,,大字矢護川,オオアザヤゴガワ,Yagogawa,,,,字東門出,アザヒガシモンデ,,,0,0,0,0,0,0,1,0,1947-04-17,,0,,,,,,,,,,,,,,,,
434035,0022169,3,熊本県,クマモトケン,Kumamoto,菊池郡,キクチグン,Kikuchi-gun,大津町,オオヅマチ,Ozu-machi,,,,大字矢護川,オオアザヤゴガワ,Yagogawa,,,,字楢尾,アザナラオ,,,0,0,0,0,0,0,1,0,1947-04-17,,0,,,,,,,,,,,,,,,,
434035,0022170,3,熊本県,クマモトケン,Kumamoto,菊池郡,キクチグン,Kikuchi-gun,大津町,オオヅマチ,Ozu-machi,,,,大字矢護川,オオアザヤゴガワ,Yagogawa,,,,字二ノ迫,アザニノサコ,,,0,0,0,0,0,0,1,0,1947-04-17,,0,,,,,,,,,,,,,,,,
434035,0022171,3,熊本県,クマモトケン,Kumamoto,菊池郡,キクチグン,Kikuchi-gun,大津町,オオヅマチ,Ozu-machi,,,,大字矢護川,オオアザヤゴガワ,Yagogawa,,,,字二ノ尾,アザニノオ,,,0,0,0,0,0,0,1,0,1947-04-17,,0,,,,,,,,,,,,,,,,
434035,0022172,3,熊本県,クマモトケン,Kumamoto,菊池郡,キクチグン,Kikuchi-gun,大津町,オオヅマチ,Ozu-machi,,,,大字矢護川,オオアザヤゴガワ,Yagogawa,,,,字二辻,アザニノツジ,,,0,0,0,0,0,0,1,0,1947-04-17,,0,,,,,,,,,,,,,,,,
434035,0022173,3,熊本県,クマモトケン,Kumamoto,菊池郡,キクチグン,Kikuchi-gun,大津町,オオヅマチ,Ozu-machi,,,,大字矢護川,オオアザヤゴガワ,Yagogawa,,,,字二南迫,アザニミナミサコ,,,0,0,0,0,0,0,1,0,1947-04-17,,0,,,,,,,,,,,,,,,,
434035,0022174,3,熊本県,クマモトケン,Kumamoto,菊池郡,キクチグン,Kikuchi-gun,大津町,オオヅマチ,Ozu-machi,,,,大字矢護川,オオアザヤゴガワ,Yagogawa,,,,字二尾刎,アザニオバネ,,,0,0,0,0,0,0,1,0,1947-04-17,,0,,,,,,,,,,,,,,,,
434035,0022175,3,熊本県,クマモトケン,Kumamoto,菊池郡,キクチグン,Kikuchi-gun,大津町,オオヅマチ,Ozu-machi,,,,大字矢護川,オオアザヤゴガワ,Yagogawa,,,,字日向,アザヒムキ,,,0,0,0,0,0,0,1,0,1947-04-17,,0,,,,,,,,,,,,,,,,
434035,0022176,3,熊本県,クマモトケン,Kumamoto,菊池郡,キクチグン,Kikuchi-gun,大津町,オオヅマチ,Ozu-machi,,,,大字矢護川,オオアザヤゴガワ,Yagogawa,,,,字櫨山,アザハゼヤマ,,,0,0,0,0,0,0,1,0,1947-04-17,,0,,,,,,,,,,,,,,,,
434035,0022177,3,熊本県,クマモトケン,Kumamoto,菊池郡,キクチグン,Kikuchi-gun,大津町,オオヅマチ,Ozu-machi,,,,大字矢護川,オオアザヤゴガワ,Yagogawa,,,,字片俣,アザカタマタ,,,0,0,0,0,0,0,1,0,1947-04-17,,0,,,,,,,,,,,,,,,,
434035,0022178,3,熊本県,クマモトケン,Kumamoto,菊池郡,キクチグン,Kikuchi-gun,大津町,オオヅマチ,Ozu-machi,,,,大字矢護川,オオアザヤゴガワ,Yagogawa,,,,字北ノ迫,アザキタノサコ,,,0,0,0,0,0,0,1,0,1947-04-17,,0,,,,,,,,,,,,,,,,
434035,0022179,3,熊本県,クマモトケン,Kumamoto,菊池郡,キクチグン,Kikuchi-gun,大津町,オオヅマチ,Ozu-machi,,,,大字矢護川,オオアザヤゴガワ,Yagogawa,,,,字無田山,アザムタヤマ,,,0,0,0,0,0,0,1,0,1947-04-17,,0,,,,,,,,,,,,,,,,
434035,0022180,3,熊本県,クマモトケン,Kumamoto,菊池郡,キクチグン,Kikuchi-gun,大津町,オオヅマチ,Ozu-machi,,,,大字矢護川,オオアザヤゴガワ,Yagogawa,,,,字網迫,アザアミサコ,,,0,0,0,0,0,0,1,0,1947-04-17,,0,,,,,,,,,,,,,,,,
434035,0022181,3,熊本県,クマモトケン,Kumamoto,菊池郡,キクチグン,Kikuchi-gun,大津町,オオヅマチ,Ozu-machi,,,,大字矢護川,オオアザヤゴガワ,Yagogawa,,,,字立ノ口,アザタツノクチ,,,0,0,0,0,0,0,1,0,1947-04-17,,0,,,,,,,,,,,,,,,,
434035,0022182,3,熊本県,クマモトケン,Kumamoto,菊池郡,キクチグン,Kikuchi-gun,大津町,オオヅマチ,Ozu-machi,,,,大字矢護川,オオアザヤゴガワ,Yagogawa,,,,字立石,アザタテイシ,,,0,0,0,0,0,0,1,0,1947-04-17,,0,,,,,,,,,,,,,,,,
434035,0022183,3,熊本県,クマモトケン,Kumamoto,菊池郡,キクチグン,Kikuchi-gun,大津町,オオヅマチ,Ozu-machi,,,,大字矢護川,オオアザヤゴガワ,Yagogawa,,,,字六ノ尾,アザロクノオ,,,0,0,0,0,0,0,1,0,1947-04-17,,0,,,,,,,,,,,,,,,,
434035,0023001,2,熊本県,クマモトケン,Kumamoto,菊池郡,キクチグン,Kikuchi-gun,大津町,オオヅマチ,Ozu-machi,,,,美咲野,ミサキノ,Misakino,一丁目,１チョウメ,1,,,,,0,0,0,0,0,0,1,1,1947-04-17,,0,,,,,,,,,,,,,,,,
434035,0023002,2,熊本県,クマモトケン,Kumamoto,菊池郡,キクチグン,Kikuchi-gun,大津町,オオヅマチ,Ozu-machi,,,,美咲野,ミサキノ,Misakino,二丁目,２チョウメ,2,,,,,0,0,0,0,0,0,1,1,1947-04-17,,0,,,,,,,,,,,,,,,,
434035,0023003,2,熊本県,クマモトケン,Kumamoto,菊池郡,キクチグン,Kikuchi-gun,大津町,オオヅマチ,Ozu-machi,,,,美咲野,ミサキノ,Misakino,三丁目,３チョウメ,3,,,,,0,0,0,0,0,0,1,1,1947-04-17,,0,,,,,,,,,,,,,,,,
434035,0023004,2,熊本県,クマモトケン,Kumamoto,菊池郡,キクチグン,Kikuchi-gun,大津町,オオヅマチ,Ozu-machi,,,,美咲野,ミサキノ,Misakino,四丁目,４チョウメ,4,,,,,0,0,0,0,0,0,1,1,1947-04-17,,0,,,,,,,,,,,,,,,,
434043,0001000,1,熊本県,クマモトケン,Kumamoto,菊池郡,キクチグン,Kikuchi-gun,菊陽町,キクヨウマチ,Kikuyo-machi,,,,大字辛川,オオアザカラカワ,Karakawa,,,,,,,,0,0,0,0,0,0,1,1,1947-04-17,,0,8691107,,,,,,,,,,,,,,,
434043,0002000,1,熊本県,クマモトケン,Kumamoto,菊池郡,キクチグン,Kikuchi-gun,菊陽町,キクヨウマチ,Kikuyo-machi,,,,大字久保田,オオアザクボタ,Kubota,,,,,,,,0,0,0,0,0,0,1,1,1947-04-17,,0,8691103,,,,,,,,,,,,,,,
434043,0003000,1,熊本県,クマモトケン,Kumamoto,菊池郡,キクチグン,Kikuchi-gun,菊陽町,キクヨウマチ,Kikuyo-machi,,,,大字津久礼,オオアザツクレ,Tsukure,,,,,,,,0,0,0,0,0,0,1,1,1947-04-17,,0,8691101,,,,,,,,,,,,,,,
434043,0004000,1,熊本県,クマモトケン,Kumamoto,菊池郡,キクチグン,Kikuchi-gun,菊陽町,キクヨウマチ,Kikuyo-machi,,,,大字戸次,オオアザトツギ,Totsugi,,,,,,,,0,0,0,0,0,0,1,1,1947-04-17,,0,8691104,,,,,,,,,,,,,,,
434043,0005000,1,熊本県,クマモトケン,Kumamoto,菊池郡,キクチグン,Kikuchi-gun,菊陽町,キクヨウマチ,Kikuyo-machi,,,,大字馬場楠,オオアザババグス,Babagusu,,,,,,,,0,0,0,0,0,0,1,1,1947-04-17,,0,8691105,,,,,,,,,,,,,,,
434043,0006000,1,熊本県,クマモトケン,Kumamoto,菊池郡,キクチグン,Kikuchi-gun,菊陽町,キクヨウマチ,Kikuyo-machi,,,,大字原水,オオアザハラミズ,Haramizu,,,,,,,,0,0,0,0,0,0,1,1,1947-04-17,,0,8691102,,,,,,,,,,,,,,,
434043,0007000,1,熊本県,クマモトケン,Kumamoto,菊池郡,キクチグン,Kikuchi-gun,菊陽町,キクヨウマチ,Kikuyo-machi,,,,大字曲手,オオアザマガテ,Magate,,,,,,,,0,0,0,0,0,0,1,1,1947-04-17,,0,8691106,,,,,,,,,,,,,,,
434043,0008001,2,熊本県,クマモトケン,Kumamoto,菊池郡,キクチグン,Kikuchi-gun,菊陽町,キクヨウマチ,Kikuyo-machi,,,,沖野,オキノ,Okino,１丁目,１チョウメ,1,,,,,1,1,0,0,0,0,1,1,1947-04-17,,0,,,,,,,,,,,,,,,,
434043,0008002,2,熊本県,クマモトケン,Kumamoto,菊池郡,キクチグン,Kikuchi-gun,菊陽町,キクヨウマチ,Kikuyo-machi,,,,沖野,オキノ,Okino,２丁目,２チョウメ,2,,,,,1,1,0,0,0,0,1,1,1947-04-17,,0,,,,,,,,,,,,,,,,
434043,0008003,2,熊本県,クマモトケン,Kumamoto,菊池郡,キクチグン,Kikuchi-gun,菊陽町,キクヨウマチ,Kikuyo-machi,,,,沖野,オキノ,Okino,３丁目,３チョウメ,3,,,,,1,1,0,0,0,0,1,1,1947-04-17,,0,,,,,,,,,,,,,,,,
434043,0008004,2,熊本県,クマモトケン,Kumamoto,菊池郡,キクチグン,Kikuchi-gun,菊陽町,キクヨウマチ,Kikuyo-machi,,,,沖野,オキノ,Okino,４丁目,４チョウメ,4,,,,,1,1,0,0,0,0,1,1,1947-04-17,,0,,,,,,,,,,,,,,,,
434043,0009000,1,熊本県,クマモトケン,Kumamoto,菊池郡,キクチグン,Kikuchi-gun,菊陽町,キクヨウマチ,Kikuyo-machi,,,,向陽台,コウヨウダイ,Koyodai,,,,,,,,1,1,0,0,0,0,1,1,1947-04-17,,0,8691114,,,,,,,,,,,,,,,
434043,0010001,2,熊本県,クマモトケン,Kumamoto,菊池郡,キクチグン,Kikuchi-gun,菊陽町,キクヨウマチ,Kikuyo-machi,,,,新山,シンヤマ,Shinyama,１丁目,１チョウメ,1,,,,,1,1,0,0,0,0,1,1,1947-04-17,,0,,,,,,,,,,,,,,,,
434043,0010002,2,熊本県,クマモトケン,Kumamoto,菊池郡,キクチグン,Kikuchi-gun,菊陽町,キクヨウマチ,Kikuyo-machi,,,,新山,シンヤマ,Shinyama,２丁目,２チョウメ,2,,,,,1,1,0,0,0,0,1,1,1947-04-17,,0,,,,,,,,,,,,,,,,
434043,0010003,2,熊本県,クマモトケン,Kumamoto,菊池郡,キクチグン,Kikuchi-gun,菊陽町,キクヨウマチ,Kikuyo-machi,,,,新山,シンヤマ,Shinyama,３丁目,３チョウメ,3,,,,,1,1,0,0,0,0,1,1,1947-04-17,,0,,,,,,,,,,,,,,,,
434043,0011001,2,熊本県,クマモトケン,Kumamoto,菊池郡,キクチグン,Kikuchi-gun,菊陽町,キクヨウマチ,Kikuyo-machi,,,,杉並台,スギナミダイ,Suginamidai,１丁目,１チョウメ,1,,,,,1,1,0,0,0,0,1,1,1947-04-17,,0,,,,,,,,,,,,,,,,
434043,0011002,2,熊本県,クマモトケン,Kumamoto,菊池郡,キクチグン,Kikuchi-gun,菊陽町,キクヨウマチ,Kikuyo-machi,,,,杉並台,スギナミダイ,Suginamidai,２丁目,２チョウメ,2,,,,,1,1,0,0,0,0,1,1,1947-04-17,,0,,,,,,,,,,,,,,,,
434043,0012001,2,熊本県,クマモトケン,Kumamoto,菊池郡,キクチグン,Kikuchi-gun,菊陽町,キクヨウマチ,Kikuyo-machi,,,,花立,ハナタテ,Hanatate,１丁目,１チョウメ,1,,,,,1,1,0,0,0,0,1,1,1947-04-17,,0,,,,,,,,,,,,,,,,
434043,0012002,2,熊本県,クマモトケン,Kumamoto,菊池郡,キクチグン,Kikuchi-gun,菊陽町,キクヨウマチ,Kikuyo-machi,,,,花立,ハナタテ,Hanatate,２丁目,２チョウメ,2,,,,,1,1,0,0,0,0,1,1,1947-04-17,,0,,,,,,,,,,,,,,,,
434043,0012003,2,熊本県,クマモトケン,Kumamoto,菊池郡,キクチグン,Kikuchi-gun,菊陽町,キクヨウマチ,Kikuyo-machi,,,,花立,ハナタテ,Hanatate,３丁目,３チョウメ,3,,,,,1,1,0,0,0,0,1,1,1947-04-17,,0,,,,,,,,,,,,,,,,
434043,0013001,2,熊本県,クマモトケン,Kumamoto,菊池郡,キクチグン,Kikuchi-gun,菊陽町,キクヨウマチ,Kikuyo-machi,,,,光の森,ヒカリノモリ,Hikarinomori,１丁目,１チョウメ,1,,,,,0,0,0,0,0,0,1,1,1947-04-17,,0,,,,,,,,,,,,,,,,
434043,0013002,2,熊本県,クマモトケン,Kumamoto,菊池郡,キクチグン,Kikuchi-gun,菊陽町,キクヨウマチ,Kikuyo-machi,,,,光の森,ヒカリノモリ,Hikarinomori,２丁目,２チョウメ,2,,,,,0,0,0,0,0,0,1,1,1947-04-17,,0,,,,,,,,,,,,,,,,
434043,0013003,2,熊本県,クマモトケン,Kumamoto,菊池郡,キクチグン,Kikuchi-gun,菊陽町,キクヨウマチ,Kikuyo-machi,,,,光の森,ヒカリノモリ,Hikarinomori,３丁目,３チョウメ,3,,,,,0,0,0,0,0,0,1,1,1947-04-17,,0,,,,,,,,,,,,,,,,
434043,0013004,2,熊本県,クマモトケン,Kumamoto,菊池郡,キクチグン,Kikuchi-gun,菊陽町,キクヨウマチ,Kikuyo-machi,,,,光の森,ヒカリノモリ,Hikarinomori,４丁目,４チョウメ,4,,,,,0,0,0,0,0,0,1,1,1947-04-17,,0,,,,,,,,,,,,,,,,
434043,0013005,2,熊本県,クマモトケン,Kumamoto,菊池郡,キクチグン,Kikuchi-gun,菊陽町,キクヨウマチ,Kikuyo-machi,,,,光の森,ヒカリノモリ,Hikarinomori,５丁目,５チョウメ,5,,,,,0,0,0,0,0,0,1,1,1947-04-17,,0,,,,,,,,,,,,,,,,
434043,0013006,2,熊本県,クマモトケン,Kumamoto,菊池郡,キクチグン,Kikuchi-gun,菊陽町,キクヨウマチ,Kikuyo-machi,,,,光の森,ヒカリノモリ,Hikarinomori,６丁目,６チョウメ,6,,,,,0,0,0,0,0,0,1,1,1947-04-17,,0,,,,,,,,,,,,,,,,
434043,0013007,2,熊本県,クマモトケン,Kumamoto,菊池郡,キクチグン,Kikuchi-gun,菊陽町,キクヨウマチ,Kikuyo-machi,,,,光の森,ヒカリノモリ,Hikarinomori,７丁目,７チョウメ,7,,,,,0,0,0,0,0,0,1,1,1947-04-17,,0,,,,,,,,,,,,,,,,
434043,0014001,2,熊本県,クマモトケン,Kumamoto,菊池郡,キクチグン,Kikuchi-gun,菊陽町,キクヨウマチ,Kikuyo-machi,,,,武蔵ヶ丘,ムサシガオカ,Musashigaoka,１丁目,１チョウメ,1,,,,,1,1,0,0,0,0,1,1,1947-04-17,,0,,,,,,,,,,,,,,,,
434043,0014002,2,熊本県,クマモトケン,Kumamoto,菊池郡,キクチグン,Kikuchi-gun,菊陽町,キクヨウマチ,Kikuyo-machi,,,,武蔵ヶ丘,ムサシガオカ,Musashigaoka,２丁目,２チョウメ,2,,,,,1,1,0,0,0,0,1,1,1947-04-17,,0,,,,,,,,,,,,,,,,
434043,0014003,2,熊本県,クマモトケン,Kumamoto,菊池郡,キクチグン,Kikuchi-gun,菊陽町,キクヨウマチ,Kikuyo-machi,,,,武蔵ヶ丘,ムサシガオカ,Musashigaoka,３丁目,３チョウメ,3,,,,,1,1,0,0,0,0,1,1,1947-04-17,,0,,,,,,,,,,,,,,,,
434043,0015001,2,熊本県,クマモトケン,Kumamoto,菊池郡,キクチグン,Kikuchi-gun,菊陽町,キクヨウマチ,Kikuyo-machi,,,,武蔵ヶ丘北,ムサシガオカキタ,Musashigaokakita,１丁目,１チョウメ,1,,,,,1,1,0,0,0,0,1,1,1947-04-17,,0,,,,,,,,,,,,,,,,
434043,0015002,2,熊本県,クマモトケン,Kumamoto,菊池郡,キクチグン,Kikuchi-gun,菊陽町,キクヨウマチ,Kikuyo-machi,,,,武蔵ヶ丘北,ムサシガオカキタ,Musashigaokakita,２丁目,２チョウメ,2,,,,,1,1,0,0,0,0,1,1,1947-04-17,,0,,,,,,,,,,,,,,,,
434043,0015003,2,熊本県,クマモトケン,Kumamoto,菊池郡,キクチグン,Kikuchi-gun,菊陽町,キクヨウマチ,Kikuyo-machi,,,,武蔵ヶ丘北,ムサシガオカキタ,Musashigaokakita,３丁目,３チョウメ,3,,,,,1,1,0,0,0,0,1,1,1947-04-17,,0,,,,,,,,,,,,,,,,
434230,0001000,1,熊本県,クマモトケン,Kumamoto,阿蘇郡,アソグン,Aso-gun,南小国町,ミナミオグニマチ,Minamioguni-machi,,,,赤馬場,アカババ,Akababa,,,,,,,,0,0,0,0,0,0,1,1,1947-04-17,,0,8692401,,,,,,,,,,,,,,,
434230,0001101,3,熊本県,クマモトケン,Kumamoto,阿蘇郡,アソグン,Aso-gun,南小国町,ミナミオグニマチ,Minamioguni-machi,,,,赤馬場,アカババ,Akababa,,,,臼木,ウスキ,,,0,0,0,0,0,0,1,0,1947-04-17,,0,,,,,,,,,,,,,,,,
434230,0001102,3,熊本県,クマモトケン,Kumamoto,阿蘇郡,アソグン,Aso-gun,南小国町,ミナミオグニマチ,Minamioguni-machi,,,,赤馬場,アカババ,Akababa,,,,永山,ナガヤマ,,,0,0,0,0,0,0,1,0,1947-04-17,,0,,,,,,,,,,,,,,,,
434230,0001103,3,熊本県,クマモトケン,Kumamoto,阿蘇郡,アソグン,Aso-gun,南小国町,ミナミオグニマチ,Minamioguni-machi,,,,赤馬場,アカババ,Akababa,,,,猿ケ尾,サルガオ,,,0,0,0,0,0,0,1,0,1947-04-17,,0,,,,,,,,,,,,,,,,
434230,0001104,3,熊本県,クマモトケン,Kumamoto,阿蘇郡,アソグン,Aso-gun,南小国町,ミナミオグニマチ,Minamioguni-machi,,,,赤馬場,アカババ,Akababa,,,,遠見塚,トウミヅカ,,,0,0,0,0,0,0,1,0,1947-04-17,,0,,,,,,,,,,,,,,,,
434230,0001105,3,熊本県,クマモトケン,Kumamoto,阿蘇郡,アソグン,Aso-gun,南小国町,ミナミオグニマチ,Minamioguni-machi,,,,赤馬場,アカババ,Akababa,,,,奥畑,オクハタ,,,0,0,0,0,0,0,1,0,1947-04-17,,0,,,,,,,,,,,,,,,,
434230,0001106,3,熊本県,クマモトケン,Kumamoto,阿蘇郡,アソグン,Aso-gun,南小国町,ミナミオグニマチ,Minamioguni-machi,,,,赤馬場,アカババ,Akababa,,,,横瀬,ヨコゼ,,,0,0,0,0,0,0,1,0,1947-04-17,,0,,,,,,,,,,,,,,,,
434230,0001107,3,熊本県,クマモトケン,Kumamoto,阿蘇郡,アソグン,Aso-gun,南小国町,ミナミオグニマチ,Minamioguni-machi,,,,赤馬場,アカババ,Akababa,,,,黄川,キガワ,,,0,0,0,0,0,0,1,0,1947-04-17,,0,,,,,,,,,,,,,,,,
434230,0001108,3,熊本県,クマモトケン,Kumamoto,阿蘇郡,アソグン,Aso-gun,南小国町,ミナミオグニマチ,Minamioguni-machi,,,,赤馬場,アカババ,Akababa,,,,下杉田,シモスギタ,,,0,0,0,0,0,0,1,0,1947-04-17,,0,,,,,,,,,,,,,,,,
434230,0001109,3,熊本県,クマモトケン,Kumamoto,阿蘇郡,アソグン,Aso-gun,南小国町,ミナミオグニマチ,Minamioguni-machi,,,,赤馬場,アカババ,Akababa,,,,下大野,シモオオノ,,,0,0,0,0,0,0,1,0,1947-04-17,,0,,,,,,,,,,,,,,,,
434230,0001110,3,熊本県,クマモトケン,Kumamoto,阿蘇郡,アソグン,Aso-gun,南小国町,ミナミオグニマチ,Minamioguni-machi,,,,赤馬場,アカババ,Akababa,,,,下梅木,シモウメギ,,,0,0,0,0,0,0,1,0,1947-04-17,,0,,,,,,,,,,,,,,,,
434230,0001111,3,熊本県,クマモトケン,Kumamoto,阿蘇郡,アソグン,Aso-gun,南小国町,ミナミオグニマチ,Minamioguni-machi,,,,赤馬場,アカババ,Akababa,,,,下檜皮原,シモヒハダバル,,,0,0,0,0,0,0,1,0,1947-04-17,,0,,,,,,,,,,,,,,,,
434230,0001112,3,熊本県,クマモトケン,Kumamoto,阿蘇郡,アソグン,Aso-gun,南小国町,ミナミオグニマチ,Minamioguni-machi,,,,赤馬場,アカババ,Akababa,,,,下鴦ケ原,シモオシガハル,,,0,0,0,0,0,0,1,0,1947-04-17,,0,,,,,,,,,,,,,,,,
434230,0001113,3,熊本県,クマモトケン,Kumamoto,阿蘇郡,アソグン,Aso-gun,南小国町,ミナミオグニマチ,Minamioguni-machi,,,,赤馬場,アカババ,Akababa,,,,革細工,カワザイク,,,0,0,0,0,0,0,1,0,1947-04-17,,0,,,,,,,,,,,,,,,,
434230,0001114,3,熊本県,クマモトケン,Kumamoto,阿蘇郡,アソグン,Aso-gun,南小国町,ミナミオグニマチ,Minamioguni-machi,,,,赤馬場,アカババ,Akababa,,,,岸ノ上,キシノウエ,,,0,0,0,0,0,0,1,0,1947-04-17,,0,,,,,,,,,,,,,,,,
434230,0001115,3,熊本県,クマモトケン,Kumamoto,阿蘇郡,アソグン,Aso-gun,南小国町,ミナミオグニマチ,Minamioguni-machi,,,,赤馬場,アカババ,Akababa,,,,岩屋,イワヤ,,,0,0,0,0,0,0,1,0,1947-04-17,,0,,,,,,,,,,,,,,,,
434230,0001116,3,熊本県,クマモトケン,Kumamoto,阿蘇郡,アソグン,Aso-gun,南小国町,ミナミオグニマチ,Minamioguni-machi,,,,赤馬場,アカババ,Akababa,,,,鬼山,オニヤマ,,,0,0,0,0,0,0,1,0,1947-04-17,,0,,,,,,,,,,,,,,,,
434230,0001117,3,熊本県,クマモトケン,Kumamoto,阿蘇郡,アソグン,Aso-gun,南小国町,ミナミオグニマチ,Minamioguni-machi,,,,赤馬場,アカババ,Akababa,,,,鬼山ノ上,オニヤマノウエ,,,0,0,0,0,0,0,1,0,1947-04-17,,0,,,,,,,,,,,,,,,,
434230,0001118,3,熊本県,クマモトケン,Kumamoto,阿蘇郡,アソグン,Aso-gun,南小国町,ミナミオグニマチ,Minamioguni-machi,,,,赤馬場,アカババ,Akababa,,,,蟻有野,アリウノ,,,0,0,0,0,0,0,1,0,1947-04-17,,0,,,,,,,,,,,,,,,,
434230,0001119,3,熊本県,クマモトケン,Kumamoto,阿蘇郡,アソグン,Aso-gun,南小国町,ミナミオグニマチ,Minamioguni-machi,,,,赤馬場,アカババ,Akababa,,,,牛ケ藪,ウシガヤブ,,,0,0,0,0,0,0,1,0,1947-04-17,,0,,,,,,,,,,,,,,,,
434230,0001120,3,熊本県,クマモトケン,Kumamoto,阿蘇郡,アソグン,Aso-gun,南小国町,ミナミオグニマチ,Minamioguni-machi,,,,赤馬場,アカババ,Akababa,,,,栗木山,クリキヤマ,,,0,0,0,0,0,0,1,0,1947-04-17,,0,,,,,,,,,,,,,,,,
434230,0001121,3,熊本県,クマモトケン,Kumamoto,阿蘇郡,アソグン,Aso-gun,南小国町,ミナミオグニマチ,Minamioguni-machi,,,,赤馬場,アカババ,Akababa,,,,古賀迫,コガザコ,,,0,0,0,0,0,0,1,0,1947-04-17,,0,,,,,,,,,,,,,,,,
434230,0001122,3,熊本県,クマモトケン,Kumamoto,阿蘇郡,アソグン,Aso-gun,南小国町,ミナミオグニマチ,Minamioguni-machi,,,,赤馬場,アカババ,Akababa,,,,戸甲ノ本,トコノモト,,,0,0,0,0,0,0,1,0,1947-04-17,,0,,,,,,,,,,,,,,,,
434230,0001123,3,熊本県,クマモトケン,Kumamoto,阿蘇郡,アソグン,Aso-gun,南小国町,ミナミオグニマチ,Minamioguni-machi,,,,赤馬場,アカババ,Akababa,,,,戸無,トナシ,,,0,0,0,0,0,0,1,0,1947-04-17,,0,,,,,,,,,,,,,,,,
434230,0001124,3,熊本県,クマモトケン,Kumamoto,阿蘇郡,アソグン,Aso-gun,南小国町,ミナミオグニマチ,Minamioguni-machi,,,,赤馬場,アカババ,Akababa,,,,狐石,キツネイシ,,,0,0,0,0,0,0,1,0,1947-04-17,,0,,,,,,,,,,,,,,,,
434230,0001125,3,熊本県,クマモトケン,Kumamoto,阿蘇郡,アソグン,Aso-gun,南小国町,ミナミオグニマチ,Minamioguni-machi,,,,赤馬場,アカババ,Akababa,,,,五反田,ゴタンダ,,,0,0,0,0,0,0,1,0,1947-04-17,,0,,,,,,,,,,,,,,,,
434230,0001126,3,熊本県,クマモトケン,Kumamoto,阿蘇郡,アソグン,Aso-gun,南小国町,ミナミオグニマチ,Minamioguni-machi,,,,赤馬場,アカババ,Akababa,,,,午房草,ゴボグサ,,,0,0,0,0,0,0,1,0,1947-04-17,,0,,,,,,,,,,,,,,,,
434230,0001127,3,熊本県,クマモトケン,Kumamoto,阿蘇郡,アソグン,Aso-gun,南小国町,ミナミオグニマチ,Minamioguni-machi,,,,赤馬場,アカババ,Akababa,,,,荒口,アラクチ,,,0,0,0,0,0,0,1,0,1947-04-17,,0,,,,,,,,,,,,,,,,
434230,0001128,3,熊本県,クマモトケン,Kumamoto,阿蘇郡,アソグン,Aso-gun,南小国町,ミナミオグニマチ,Minamioguni-machi,,,,赤馬場,アカババ,Akababa,,,,黒原,クロバル,,,0,0,0,0,0,0,1,0,1947-04-17,,0,,,,,,,,,,,,,,,,
434230,0001129,3,熊本県,クマモトケン,Kumamoto,阿蘇郡,アソグン,Aso-gun,南小国町,ミナミオグニマチ,Minamioguni-machi,,,,赤馬場,アカババ,Akababa,,,,柴尾,シバオ,,,0,0,0,0,0,0,1,0,1947-04-17,,0,,,,,,,,,,,,,,,,
434230,0001130,3,熊本県,クマモトケン,Kumamoto,阿蘇郡,アソグン,Aso-gun,南小国町,ミナミオグニマチ,Minamioguni-machi,,,,赤馬場,アカババ,Akababa,,,,蛇ノ尾,ヘビノオ,,,0,0,0,0,0,0,1,0,1947-04-17,,0,,,,,,,,,,,,,,,,
434230,0001131,3,熊本県,クマモトケン,Kumamoto,阿蘇郡,アソグン,Aso-gun,南小国町,ミナミオグニマチ,Minamioguni-machi,,,,赤馬場,アカババ,Akababa,,,,巡り渕,メグリブチ,,,0,0,0,0,0,0,1,0,1947-04-17,,0,,,,,,,,,,,,,,,,
434230,0001132,3,熊本県,クマモトケン,Kumamoto,阿蘇郡,アソグン,Aso-gun,南小国町,ミナミオグニマチ,Minamioguni-machi,,,,赤馬場,アカババ,Akababa,,,,松ケ尾,マツガオ,,,0,0,0,0,0,0,1,0,1947-04-17,,0,,,,,,,,,,,,,,,,
434230,0001133,3,熊本県,クマモトケン,Kumamoto,阿蘇郡,アソグン,Aso-gun,南小国町,ミナミオグニマチ,Minamioguni-machi,,,,赤馬場,アカババ,Akababa,,,,菖蒲迫,シヨウブザコ,,,0,0,0,0,0,0,1,0,1947-04-17,,0,,,,,,,,,,,,,,,,
434230,0001134,3,熊本県,クマモトケン,Kumamoto,阿蘇郡,アソグン,Aso-gun,南小国町,ミナミオグニマチ,Minamioguni-machi,,,,赤馬場,アカババ,Akababa,,,,上杉田,カミスギタ,,,0,0,0,0,0,0,1,0,1947-04-17,,0,,,,,,,,,,,,,,,,
434230,0001135,3,熊本県,クマモトケン,Kumamoto,阿蘇郡,アソグン,Aso-gun,南小国町,ミナミオグニマチ,Minamioguni-machi,,,,赤馬場,アカババ,Akababa,,,,上大野,カミオオノ,,,0,0,0,0,0,0,1,0,1947-04-17,,0,,,,,,,,,,,,,,,,
434230,0001136,3,熊本県,クマモトケン,Kumamoto,阿蘇郡,アソグン,Aso-gun,南小国町,ミナミオグニマチ,Minamioguni-machi,,,,赤馬場,アカババ,Akababa,,,,上鴦ケ原,カミオシガハル,,,0,0,0,0,0,0,1,0,1947-04-17,,0,,,,,,,,,,,,,,,,
434230,0001137,3,熊本県,クマモトケン,Kumamoto,阿蘇郡,アソグン,Aso-gun,南小国町,ミナミオグニマチ,Minamioguni-machi,,,,赤馬場,アカババ,Akababa,,,,城ケ平,ジヨウガヒラ,,,0,0,0,0,0,0,1,0,1947-04-17,,0,,,,,,,,,,,,,,,,
434230,0001138,3,熊本県,クマモトケン,Kumamoto,阿蘇郡,アソグン,Aso-gun,南小国町,ミナミオグニマチ,Minamioguni-machi,,,,赤馬場,アカババ,Akababa,,,,森園,モリゾノ,,,0,0,0,0,0,0,1,0,1947-04-17,,0,,,,,,,,,,,,,,,,
434230,0001139,3,熊本県,クマモトケン,Kumamoto,阿蘇郡,アソグン,Aso-gun,南小国町,ミナミオグニマチ,Minamioguni-machi,,,,赤馬場,アカババ,Akababa,,,,神田,ジンデン,,,0,0,0,0,0,0,1,0,1947-04-17,,0,,,,,,,,,,,,,,,,
434230,0001140,3,熊本県,クマモトケン,Kumamoto,阿蘇郡,アソグン,Aso-gun,南小国町,ミナミオグニマチ,Minamioguni-machi,,,,赤馬場,アカババ,Akababa,,,,仁田窪,ニタンクボ,,,0,0,0,0,0,0,1,0,1947-04-17,,0,,,,,,,,,,,,,,,,
434230,0001141,3,熊本県,クマモトケン,Kumamoto,阿蘇郡,アソグン,Aso-gun,南小国町,ミナミオグニマチ,Minamioguni-machi,,,,赤馬場,アカババ,Akababa,,,,仁田迫,ニタザコ,,,0,0,0,0,0,0,1,0,1947-04-17,,0,,,,,,,,,,,,,,,,
434230,0001142,3,熊本県,クマモトケン,Kumamoto,阿蘇郡,アソグン,Aso-gun,南小国町,ミナミオグニマチ,Minamioguni-machi,,,,赤馬場,アカババ,Akababa,,,,陣内,ジンナイ,,,0,0,0,0,0,0,1,0,1947-04-17,,0,,,,,,,,,,,,,,,,
434230,0001143,3,熊本県,クマモトケン,Kumamoto,阿蘇郡,アソグン,Aso-gun,南小国町,ミナミオグニマチ,Minamioguni-machi,,,,赤馬場,アカババ,Akababa,,,,水ノ本,ミズノモト,,,0,0,0,0,0,0,1,0,1947-04-17,,0,,,,,,,,,,,,,,,,
434230,0001144,3,熊本県,クマモトケン,Kumamoto,阿蘇郡,アソグン,Aso-gun,南小国町,ミナミオグニマチ,Minamioguni-machi,,,,赤馬場,アカババ,Akababa,,,,祟山,タタリヤマ,,,0,0,0,0,0,0,1,0,1947-04-17,,0,,,,,,,,,,,,,,,,
434230,0001145,3,熊本県,クマモトケン,Kumamoto,阿蘇郡,アソグン,Aso-gun,南小国町,ミナミオグニマチ,Minamioguni-machi,,,,赤馬場,アカババ,Akababa,,,,杉田,スギタ,,,0,0,0,0,0,0,1,0,1947-04-17,,0,,,,,,,,,,,,,,,,
434230,0001146,3,熊本県,クマモトケン,Kumamoto,阿蘇郡,アソグン,Aso-gun,南小国町,ミナミオグニマチ,Minamioguni-machi,,,,赤馬場,アカババ,Akababa,,,,瀬戸ノ口,セトノクチ,,,0,0,0,0,0,0,1,0,1947-04-17,,0,,,,,,,,,,,,,,,,
434230,0001147,3,熊本県,クマモトケン,Kumamoto,阿蘇郡,アソグン,Aso-gun,南小国町,ミナミオグニマチ,Minamioguni-machi,,,,赤馬場,アカババ,Akababa,,,,西市原,ニシイチハラ,,,0,0,0,0,0,0,1,0,1947-04-17,,0,,,,,,,,,,,,,,,,
434230,0001148,3,熊本県,クマモトケン,Kumamoto,阿蘇郡,アソグン,Aso-gun,南小国町,ミナミオグニマチ,Minamioguni-machi,,,,赤馬場,アカババ,Akababa,,,,西瀧ノ口,ニシタキノクチ,,,0,0,0,0,0,0,1,0,1947-04-17,,0,,,,,,,,,,,,,,,,
434230,0001149,3,熊本県,クマモトケン,Kumamoto,阿蘇郡,アソグン,Aso-gun,南小国町,ミナミオグニマチ,Minamioguni-machi,,,,赤馬場,アカババ,Akababa,,,,西梅木堂,ニシウメノキドウ,,,0,0,0,0,0,0,1,0,1947-04-17,,0,,,,,,,,,,,,,,,,
434230,0001150,3,熊本県,クマモトケン,Kumamoto,阿蘇郡,アソグン,Aso-gun,南小国町,ミナミオグニマチ,Minamioguni-machi,,,,赤馬場,アカババ,Akababa,,,,石轉,イシコロビ,,,0,0,0,0,0,0,1,0,1947-04-17,,0,,,,,,,,,,,,,,,,
434230,0001151,3,熊本県,クマモトケン,Kumamoto,阿蘇郡,アソグン,Aso-gun,南小国町,ミナミオグニマチ,Minamioguni-machi,,,,赤馬場,アカババ,Akababa,,,,赤馬場,アカババ,,,0,0,0,0,0,0,1,0,1947-04-17,,0,,,,,,,,,,,,,,,,
434230,0001152,3,熊本県,クマモトケン,Kumamoto,阿蘇郡,アソグン,Aso-gun,南小国町,ミナミオグニマチ,Minamioguni-machi,,,,赤馬場,アカババ,Akababa,,,,千光寺,センコウジ,,,0,0,0,0,0,0,1,0,1947-04-17,,0,,,,,,,,,,,,,,,,
434230,0001153,3,熊本県,クマモトケン,Kumamoto,阿蘇郡,アソグン,Aso-gun,南小国町,ミナミオグニマチ,Minamioguni-machi,,,,赤馬場,アカババ,Akababa,,,,前田,マエダ,,,0,0,0,0,0,0,1,0,1947-04-17,,0,,,,,,,,,,,,,,,,
434230,0001154,3,熊本県,クマモトケン,Kumamoto,阿蘇郡,アソグン,Aso-gun,南小国町,ミナミオグニマチ,Minamioguni-machi,,,,赤馬場,アカババ,Akababa,,,,大原,ダイバル,,,0,0,0,0,0,0,1,0,1947-04-17,,0,,,,,,,,,,,,,,,,
434230,0001155,3,熊本県,クマモトケン,Kumamoto,阿蘇郡,アソグン,Aso-gun,南小国町,ミナミオグニマチ,Minamioguni-machi,,,,赤馬場,アカババ,Akababa,,,,大水口,オオミナクチ,,,0,0,0,0,0,0,1,0,1947-04-17,,0,,,,,,,,,,,,,,,,
434230,0001156,3,熊本県,クマモトケン,Kumamoto,阿蘇郡,アソグン,Aso-gun,南小国町,ミナミオグニマチ,Minamioguni-machi,,,,赤馬場,アカババ,Akababa,,,,竹熊,タケノクマ,,,0,0,0,0,0,0,1,0,1947-04-17,,0,,,,,,,,,,,,,,,,
434230,0001157,3,熊本県,クマモトケン,Kumamoto,阿蘇郡,アソグン,Aso-gun,南小国町,ミナミオグニマチ,Minamioguni-machi,,,,赤馬場,アカババ,Akababa,,,,中杉田,ナカスギタ,,,0,0,0,0,0,0,1,0,1947-04-17,,0,,,,,,,,,,,,,,,,
434230,0001158,3,熊本県,クマモトケン,Kumamoto,阿蘇郡,アソグン,Aso-gun,南小国町,ミナミオグニマチ,Minamioguni-machi,,,,赤馬場,アカババ,Akababa,,,,中村,ナカムラ,,,0,0,0,0,0,0,1,0,1947-04-17,,0,,,,,,,,,,,,,,,,
434230,0001159,3,熊本県,クマモトケン,Kumamoto,阿蘇郡,アソグン,Aso-gun,南小国町,ミナミオグニマチ,Minamioguni-machi,,,,赤馬場,アカババ,Akababa,,,,中鶴,ナカツル,,,0,0,0,0,0,0,1,0,1947-04-17,,0,,,,,,,,,,,,,,,,
434230,0001160,3,熊本県,クマモトケン,Kumamoto,阿蘇郡,アソグン,Aso-gun,南小国町,ミナミオグニマチ,Minamioguni-machi,,,,赤馬場,アカババ,Akababa,,,,中鶴ノ上,ナカツルノウエ,,,0,0,0,0,0,0,1,0,1947-04-17,,0,,,,,,,,,,,,,,,,
434230,0001161,3,熊本県,クマモトケン,Kumamoto,阿蘇郡,アソグン,Aso-gun,南小国町,ミナミオグニマチ,Minamioguni-machi,,,,赤馬場,アカババ,Akababa,,,,中畑,ナカハタ,,,0,0,0,0,0,0,1,0,1947-04-17,,0,,,,,,,,,,,,,,,,
434230,0001162,3,熊本県,クマモトケン,Kumamoto,阿蘇郡,アソグン,Aso-gun,南小国町,ミナミオグニマチ,Minamioguni-machi,,,,赤馬場,アカババ,Akababa,,,,鳥越,トリゴエ,,,0,0,0,0,0,0,1,0,1947-04-17,,0,,,,,,,,,,,,,,,,
434230,0001163,3,熊本県,クマモトケン,Kumamoto,阿蘇郡,アソグン,Aso-gun,南小国町,ミナミオグニマチ,Minamioguni-machi,,,,赤馬場,アカババ,Akababa,,,,天道川,テンドウコ,,,0,0,0,0,0,0,1,0,1947-04-17,,0,,,,,,,,,,,,,,,,
434230,0001164,3,熊本県,クマモトケン,Kumamoto,阿蘇郡,アソグン,Aso-gun,南小国町,ミナミオグニマチ,Minamioguni-machi,,,,赤馬場,アカババ,Akababa,,,,田中,タナカ,,,0,0,0,0,0,0,1,0,1947-04-17,,0,,,,,,,,,,,,,,,,
434230,0001165,3,熊本県,クマモトケン,Kumamoto,阿蘇郡,アソグン,Aso-gun,南小国町,ミナミオグニマチ,Minamioguni-machi,,,,赤馬場,アカババ,Akababa,,,,東市原,ヒガシイチハラ,,,0,0,0,0,0,0,1,0,1947-04-17,,0,,,,,,,,,,,,,,,,
434230,0001166,3,熊本県,クマモトケン,Kumamoto,阿蘇郡,アソグン,Aso-gun,南小国町,ミナミオグニマチ,Minamioguni-machi,,,,赤馬場,アカババ,Akababa,,,,東瀧ノ口,ヒガシタキノクチ,,,0,0,0,0,0,0,1,0,1947-04-17,,0,,,,,,,,,,,,,,,,
434230,0001167,3,熊本県,クマモトケン,Kumamoto,阿蘇郡,アソグン,Aso-gun,南小国町,ミナミオグニマチ,Minamioguni-machi,,,,赤馬場,アカババ,Akababa,,,,東梅木堂,ヒガシウメノキドウ,,,0,0,0,0,0,0,1,0,1947-04-17,,0,,,,,,,,,,,,,,,,
434230,0001168,3,熊本県,クマモトケン,Kumamoto,阿蘇郡,アソグン,Aso-gun,南小国町,ミナミオグニマチ,Minamioguni-machi,,,,赤馬場,アカババ,Akababa,,,,堂ノ迫,ドウノサコ,,,0,0,0,0,0,0,1,0,1947-04-17,,0,,,,,,,,,,,,,,,,
434230,0001169,3,熊本県,クマモトケン,Kumamoto,阿蘇郡,アソグン,Aso-gun,南小国町,ミナミオグニマチ,Minamioguni-machi,,,,赤馬場,アカババ,Akababa,,,,道休,ドウキユウ,,,0,0,0,0,0,0,1,0,1947-04-17,,0,,,,,,,,,,,,,,,,
434230,0001170,3,熊本県,クマモトケン,Kumamoto,阿蘇郡,アソグン,Aso-gun,南小国町,ミナミオグニマチ,Minamioguni-machi,,,,赤馬場,アカババ,Akababa,,,,年手,トシデ,,,0,0,0,0,0,0,1,0,1947-04-17,,0,,,,,,,,,,,,,,,,
434230,0001171,3,熊本県,クマモトケン,Kumamoto,阿蘇郡,アソグン,Aso-gun,南小国町,ミナミオグニマチ,Minamioguni-machi,,,,赤馬場,アカババ,Akababa,,,,馬場坂,ババザカ,,,0,0,0,0,0,0,1,0,1947-04-17,,0,,,,,,,,,,,,,,,,
434230,0001172,3,熊本県,クマモトケン,Kumamoto,阿蘇郡,アソグン,Aso-gun,南小国町,ミナミオグニマチ,Minamioguni-machi,,,,赤馬場,アカババ,Akababa,,,,梅木,ウメギ,,,0,0,0,0,0,0,1,0,1947-04-17,,0,,,,,,,,,,,,,,,,
434230,0001173,3,熊本県,クマモトケン,Kumamoto,阿蘇郡,アソグン,Aso-gun,南小国町,ミナミオグニマチ,Minamioguni-machi,,,,赤馬場,アカババ,Akababa,,,,布目,ヌノメ,,,0,0,0,0,0,0,1,0,1947-04-17,,0,,,,,,,,,,,,,,,,
434230,0001174,3,熊本県,クマモトケン,Kumamoto,阿蘇郡,アソグン,Aso-gun,南小国町,ミナミオグニマチ,Minamioguni-machi,,,,赤馬場,アカババ,Akababa,,,,布目台,ヌノメダイ,,,0,0,0,0,0,0,1,0,1947-04-17,,0,,,,,,,,,,,,,,,,
434230,0001175,3,熊本県,クマモトケン,Kumamoto,阿蘇郡,アソグン,Aso-gun,南小国町,ミナミオグニマチ,Minamioguni-machi,,,,赤馬場,アカババ,Akababa,,,,兵底,ヒヨウソコ,,,0,0,0,0,0,0,1,0,1947-04-17,,0,,,,,,,,,,,,,,,,
434230,0001176,3,熊本県,クマモトケン,Kumamoto,阿蘇郡,アソグン,Aso-gun,南小国町,ミナミオグニマチ,Minamioguni-machi,,,,赤馬場,アカババ,Akababa,,,,平爪,ヒラヅメ,,,0,0,0,0,0,0,1,0,1947-04-17,,0,,,,,,,,,,,,,,,,
434230,0001177,3,熊本県,クマモトケン,Kumamoto,阿蘇郡,アソグン,Aso-gun,南小国町,ミナミオグニマチ,Minamioguni-machi,,,,赤馬場,アカババ,Akababa,,,,鞭目,ムチメ,,,0,0,0,0,0,0,1,0,1947-04-17,,0,,,,,,,,,,,,,,,,
434230,0001178,3,熊本県,クマモトケン,Kumamoto,阿蘇郡,アソグン,Aso-gun,南小国町,ミナミオグニマチ,Minamioguni-machi,,,,赤馬場,アカババ,Akababa,,,,蜂穴,ハチアナ,,,0,0,0,0,0,0,1,0,1947-04-17,,0,,,,,,,,,,,,,,,,
434230,0001179,3,熊本県,クマモトケン,Kumamoto,阿蘇郡,アソグン,Aso-gun,南小国町,ミナミオグニマチ,Minamioguni-machi,,,,赤馬場,アカババ,Akababa,,,,堀切,ホリキリ,,,0,0,0,0,0,0,1,0,1947-04-17,,0,,,,,,,,,,,,,,,,
434230,0001180,3,熊本県,クマモトケン,Kumamoto,阿蘇郡,アソグン,Aso-gun,南小国町,ミナミオグニマチ,Minamioguni-machi,,,,赤馬場,アカババ,Akababa,,,,本馬場,ホンババ,,,0,0,0,0,0,0,1,0,1947-04-17,,0,,,,,,,,,,,,,,,,
434230,0001181,3,熊本県,クマモトケン,Kumamoto,阿蘇郡,アソグン,Aso-gun,南小国町,ミナミオグニマチ,Minamioguni-machi,,,,赤馬場,アカババ,Akababa,,,,野馬水,ノマミズ,,,0,0,0,0,0,0,1,0,1947-04-17,,0,,,,,,,,,,,,,,,,
434230,0001182,3,熊本県,クマモトケン,Kumamoto,阿蘇郡,アソグン,Aso-gun,南小国町,ミナミオグニマチ,Minamioguni-machi,,,,赤馬場,アカババ,Akababa,,,,矢津田,ヤツダ,,,0,0,0,0,0,0,1,0,1947-04-17,,0,,,,,,,,,,,,,,,,
434230,0001183,3,熊本県,クマモトケン,Kumamoto,阿蘇郡,アソグン,Aso-gun,南小国町,ミナミオグニマチ,Minamioguni-machi,,,,赤馬場,アカババ,Akababa,,,,立石,タツイシ,,,0,0,0,0,0,0,1,0,1947-04-17,,0,,,,,,,,,,,,,,,,
434230,0001184,3,熊本県,クマモトケン,Kumamoto,阿蘇郡,アソグン,Aso-gun,南小国町,ミナミオグニマチ,Minamioguni-machi,,,,赤馬場,アカババ,Akababa,,,,脇戸,ワキド,,,0,0,0,0,0,0,1,0,1947-04-17,,0,,,,,,,,,,,,,,,,
434230,0001185,3,熊本県,クマモトケン,Kumamoto,阿蘇郡,アソグン,Aso-gun,南小国町,ミナミオグニマチ,Minamioguni-machi,,,,赤馬場,アカババ,Akababa,,,,檜皮原,ヒハダバル,,,0,0,0,0,0,0,1,0,1947-04-17,,0,,,,,,,,,,,,,,,,
434230,0001186,3,熊本県,クマモトケン,Kumamoto,阿蘇郡,アソグン,Aso-gun,南小国町,ミナミオグニマチ,Minamioguni-machi,,,,赤馬場,アカババ,Akababa,,,,磧ノ本,セキノモト,,,0,0,0,0,0,0,1,0,1947-04-17,,0,,,,,,,,,,,,,,,,
434230,0001187,3,熊本県,クマモトケン,Kumamoto,阿蘇郡,アソグン,Aso-gun,南小国町,ミナミオグニマチ,Minamioguni-machi,,,,赤馬場,アカババ,Akababa,,,,楢原,ナラハラ,,,0,0,0,0,0,0,1,0,1970-01-01,,0,,,,,,,,,,,,,,,,
434230,0001188,3,熊本県,クマモトケン,Kumamoto,阿蘇郡,アソグン,Aso-gun,南小国町,ミナミオグニマチ,Minamioguni-machi,,,,赤馬場,アカババ,Akababa,,,,上ノ䑓,ウエノダイ,,,0,0,0,0,0,0,1,0,1947-04-17,,1,,,,,,,,,,,,,,,,
434230,0002000,1,熊本県,クマモトケン,Kumamoto,阿蘇郡,アソグン,Aso-gun,南小国町,ミナミオグニマチ,Minamioguni-machi,,,,中原,ナカバル,Nakabaru,,,,,,,,0,0,0,0,0,0,1,1,1947-04-17,,0,8692403,,,,,,,,,,,,,,,
434230,0002101,3,熊本県,クマモトケン,Kumamoto,阿蘇郡,アソグン,Aso-gun,南小国町,ミナミオグニマチ,Minamioguni-machi,,,,中原,ナカバル,Nakabaru,,,,ハマルノモト,ハマルノモト,,,0,0,0,0,0,0,1,0,1947-04-17,,0,,,,,,,,,,,,,,,,
434230,0002102,3,熊本県,クマモトケン,Kumamoto,阿蘇郡,アソグン,Aso-gun,南小国町,ミナミオグニマチ,Minamioguni-machi,,,,中原,ナカバル,Nakabaru,,,,阿蔵野,アゾノ,,,0,0,0,0,0,0,1,0,1947-04-17,,0,,,,,,,,,,,,,,,,
434230,0002103,3,熊本県,クマモトケン,Kumamoto,阿蘇郡,アソグン,Aso-gun,南小国町,ミナミオグニマチ,Minamioguni-machi,,,,中原,ナカバル,Nakabaru,,,,井口山,イグチヤマ,,,0,0,0,0,0,0,1,0,1947-04-17,,0,,,,,,,,,,,,,,,,
434230,0002104,3,熊本県,クマモトケン,Kumamoto,阿蘇郡,アソグン,Aso-gun,南小国町,ミナミオグニマチ,Minamioguni-machi,,,,中原,ナカバル,Nakabaru,,,,壱町田,イチチヨウダ,,,0,0,0,0,0,0,1,0,1947-04-17,,0,,,,,,,,,,,,,,,,
434230,0002105,3,熊本県,クマモトケン,Kumamoto,阿蘇郡,アソグン,Aso-gun,南小国町,ミナミオグニマチ,Minamioguni-machi,,,,中原,ナカバル,Nakabaru,,,,芋迫,イモザコ,,,0,0,0,0,0,0,1,0,1947-04-17,,0,,,,,,,,,,,,,,,,
434230,0002106,3,熊本県,クマモトケン,Kumamoto,阿蘇郡,アソグン,Aso-gun,南小国町,ミナミオグニマチ,Minamioguni-machi,,,,中原,ナカバル,Nakabaru,,,,瓜上,ウリアゲ,,,0,0,0,0,0,0,1,0,1947-04-17,,0,,,,,,,,,,,,,,,,
434230,0002107,3,熊本県,クマモトケン,Kumamoto,阿蘇郡,アソグン,Aso-gun,南小国町,ミナミオグニマチ,Minamioguni-machi,,,,中原,ナカバル,Nakabaru,,,,影群,カゲムレ,,,0,0,0,0,0,0,1,0,1947-04-17,,0,,,,,,,,,,,,,,,,
434230,0002108,3,熊本県,クマモトケン,Kumamoto,阿蘇郡,アソグン,Aso-gun,南小国町,ミナミオグニマチ,Minamioguni-machi,,,,中原,ナカバル,Nakabaru,,,,横道,ヨコミチ,,,0,0,0,0,0,0,1,0,1947-04-17,,0,,,,,,,,,,,,,,,,
434230,0002109,3,熊本県,クマモトケン,Kumamoto,阿蘇郡,アソグン,Aso-gun,南小国町,ミナミオグニマチ,Minamioguni-machi,,,,中原,ナカバル,Nakabaru,,,,岡倉,オカクラ,,,0,0,0,0,0,0,1,0,1947-04-17,,0,,,,,,,,,,,,,,,,
434230,0002110,3,熊本県,クマモトケン,Kumamoto,阿蘇郡,アソグン,Aso-gun,南小国町,ミナミオグニマチ,Minamioguni-machi,,,,中原,ナカバル,Nakabaru,,,,恩田,オンダ,,,0,0,0,0,0,0,1,0,1947-04-17,,0,,,,,,,,,,,,,,,,
434230,0002111,3,熊本県,クマモトケン,Kumamoto,阿蘇郡,アソグン,Aso-gun,南小国町,ミナミオグニマチ,Minamioguni-machi,,,,中原,ナカバル,Nakabaru,,,,下ウツヲキ,シモウツオキ,,,0,0,0,0,0,0,1,0,1947-04-17,,0,,,,,,,,,,,,,,,,
434230,0002112,3,熊本県,クマモトケン,Kumamoto,阿蘇郡,アソグン,Aso-gun,南小国町,ミナミオグニマチ,Minamioguni-machi,,,,中原,ナカバル,Nakabaru,,,,下右田,シモミギタ,,,0,0,0,0,0,0,1,0,1947-04-17,,0,,,,,,,,,,,,,,,,
434230,0002113,3,熊本県,クマモトケン,Kumamoto,阿蘇郡,アソグン,Aso-gun,南小国町,ミナミオグニマチ,Minamioguni-machi,,,,中原,ナカバル,Nakabaru,,,,下後田,シモウシロダ,,,0,0,0,0,0,0,1,0,1947-04-17,,0,,,,,,,,,,,,,,,,
434230,0002114,3,熊本県,クマモトケン,Kumamoto,阿蘇郡,アソグン,Aso-gun,南小国町,ミナミオグニマチ,Minamioguni-machi,,,,中原,ナカバル,Nakabaru,,,,下タ田,シタダ,,,0,0,0,0,0,0,1,0,1947-04-17,,0,,,,,,,,,,,,,,,,
434230,0002115,3,熊本県,クマモトケン,Kumamoto,阿蘇郡,アソグン,Aso-gun,南小国町,ミナミオグニマチ,Minamioguni-machi,,,,中原,ナカバル,Nakabaru,,,,河添,コウスイ,,,0,0,0,0,0,0,1,0,1947-04-17,,0,,,,,,,,,,,,,,,,
434230,0002116,3,熊本県,クマモトケン,Kumamoto,阿蘇郡,アソグン,Aso-gun,南小国町,ミナミオグニマチ,Minamioguni-machi,,,,中原,ナカバル,Nakabaru,,,,岩ノ上,イワノウエ,,,0,0,0,0,0,0,1,0,1947-04-17,,0,,,,,,,,,,,,,,,,
434230,0002117,3,熊本県,クマモトケン,Kumamoto,阿蘇郡,アソグン,Aso-gun,南小国町,ミナミオグニマチ,Minamioguni-machi,,,,中原,ナカバル,Nakabaru,,,,牛首,ウシクビ,,,0,0,0,0,0,0,1,0,1947-04-17,,0,,,,,,,,,,,,,,,,
434230,0002118,3,熊本県,クマモトケン,Kumamoto,阿蘇郡,アソグン,Aso-gun,南小国町,ミナミオグニマチ,Minamioguni-machi,,,,中原,ナカバル,Nakabaru,,,,芹原,セリワラ,,,0,0,0,0,0,0,1,0,1947-04-17,,0,,,,,,,,,,,,,,,,
434230,0002119,3,熊本県,クマモトケン,Kumamoto,阿蘇郡,アソグン,Aso-gun,南小国町,ミナミオグニマチ,Minamioguni-machi,,,,中原,ナカバル,Nakabaru,,,,桑木迫,クワキザコ,,,0,0,0,0,0,0,1,0,1947-04-17,,0,,,,,,,,,,,,,,,,
434230,0002120,3,熊本県,クマモトケン,Kumamoto,阿蘇郡,アソグン,Aso-gun,南小国町,ミナミオグニマチ,Minamioguni-machi,,,,中原,ナカバル,Nakabaru,,,,原,ハル,,,0,0,0,0,0,0,1,0,1947-04-17,,0,,,,,,,,,,,,,,,,
434230,0002121,3,熊本県,クマモトケン,Kumamoto,阿蘇郡,アソグン,Aso-gun,南小国町,ミナミオグニマチ,Minamioguni-machi,,,,中原,ナカバル,Nakabaru,,,,原肥,ハラゴヤシ,,,0,0,0,0,0,0,1,0,1947-04-17,,0,,,,,,,,,,,,,,,,
434230,0002122,3,熊本県,クマモトケン,Kumamoto,阿蘇郡,アソグン,Aso-gun,南小国町,ミナミオグニマチ,Minamioguni-machi,,,,中原,ナカバル,Nakabaru,,,,古屋,フルヤ,,,0,0,0,0,0,0,1,0,1947-04-17,,0,,,,,,,,,,,,,,,,
434230,0002123,3,熊本県,クマモトケン,Kumamoto,阿蘇郡,アソグン,Aso-gun,南小国町,ミナミオグニマチ,Minamioguni-machi,,,,中原,ナカバル,Nakabaru,,,,古賀谷,コガダニ,,,0,0,0,0,0,0,1,0,1947-04-17,,0,,,,,,,,,,,,,,,,
434230,0002124,3,熊本県,クマモトケン,Kumamoto,阿蘇郡,アソグン,Aso-gun,南小国町,ミナミオグニマチ,Minamioguni-machi,,,,中原,ナカバル,Nakabaru,,,,菰田,コモダ,,,0,0,0,0,0,0,1,0,1947-04-17,,0,,,,,,,,,,,,,,,,
434230,0002125,3,熊本県,クマモトケン,Kumamoto,阿蘇郡,アソグン,Aso-gun,南小国町,ミナミオグニマチ,Minamioguni-machi,,,,中原,ナカバル,Nakabaru,,,,菰田口,コモダグチ,,,0,0,0,0,0,0,1,0,1947-04-17,,0,,,,,,,,,,,,,,,,
434230,0002126,3,熊本県,クマモトケン,Kumamoto,阿蘇郡,アソグン,Aso-gun,南小国町,ミナミオグニマチ,Minamioguni-machi,,,,中原,ナカバル,Nakabaru,,,,五反田,ゴタンダ,,,0,0,0,0,0,0,1,0,1947-04-17,,0,,,,,,,,,,,,,,,,
434230,0002127,3,熊本県,クマモトケン,Kumamoto,阿蘇郡,アソグン,Aso-gun,南小国町,ミナミオグニマチ,Minamioguni-machi,,,,中原,ナカバル,Nakabaru,,,,後谷,ウシロダニ,,,0,0,0,0,0,0,1,0,1947-04-17,,0,,,,,,,,,,,,,,,,
434230,0002128,3,熊本県,クマモトケン,Kumamoto,阿蘇郡,アソグン,Aso-gun,南小国町,ミナミオグニマチ,Minamioguni-machi,,,,中原,ナカバル,Nakabaru,,,,後野,ウシロノ,,,0,0,0,0,0,0,1,0,1947-04-17,,0,,,,,,,,,,,,,,,,
434230,0002129,3,熊本県,クマモトケン,Kumamoto,阿蘇郡,アソグン,Aso-gun,南小国町,ミナミオグニマチ,Minamioguni-machi,,,,中原,ナカバル,Nakabaru,,,,向原,ムカイバル,,,0,0,0,0,0,0,1,0,1947-04-17,,0,,,,,,,,,,,,,,,,
434230,0002130,3,熊本県,クマモトケン,Kumamoto,阿蘇郡,アソグン,Aso-gun,南小国町,ミナミオグニマチ,Minamioguni-machi,,,,中原,ナカバル,Nakabaru,,,,向鶴,ムカイヅル,,,0,0,0,0,0,0,1,0,1947-04-17,,0,,,,,,,,,,,,,,,,
434230,0002131,3,熊本県,クマモトケン,Kumamoto,阿蘇郡,アソグン,Aso-gun,南小国町,ミナミオグニマチ,Minamioguni-machi,,,,中原,ナカバル,Nakabaru,,,,向田,ムカイダ,,,0,0,0,0,0,0,1,0,1947-04-17,,0,,,,,,,,,,,,,,,,
434230,0002132,3,熊本県,クマモトケン,Kumamoto,阿蘇郡,アソグン,Aso-gun,南小国町,ミナミオグニマチ,Minamioguni-machi,,,,中原,ナカバル,Nakabaru,,,,向野,ムカイノ,,,0,0,0,0,0,0,1,0,1947-04-17,,0,,,,,,,,,,,,,,,,
434230,0002133,3,熊本県,クマモトケン,Kumamoto,阿蘇郡,アソグン,Aso-gun,南小国町,ミナミオグニマチ,Minamioguni-machi,,,,中原,ナカバル,Nakabaru,,,,合迫,ゴウサコ,,,0,0,0,0,0,0,1,0,1947-04-17,,0,,,,,,,,,,,,,,,,
434230,0002134,3,熊本県,クマモトケン,Kumamoto,阿蘇郡,アソグン,Aso-gun,南小国町,ミナミオグニマチ,Minamioguni-machi,,,,中原,ナカバル,Nakabaru,,,,合敷,ゴウシキ,,,0,0,0,0,0,0,1,0,1947-04-17,,0,,,,,,,,,,,,,,,,
434230,0002135,3,熊本県,クマモトケン,Kumamoto,阿蘇郡,アソグン,Aso-gun,南小国町,ミナミオグニマチ,Minamioguni-machi,,,,中原,ナカバル,Nakabaru,,,,轟木,トドロキ,,,0,0,0,0,0,0,1,0,1947-04-17,,0,,,,,,,,,,,,,,,,
434230,0002136,3,熊本県,クマモトケン,Kumamoto,阿蘇郡,アソグン,Aso-gun,南小国町,ミナミオグニマチ,Minamioguni-machi,,,,中原,ナカバル,Nakabaru,,,,黒原,クロバル,,,0,0,0,0,0,0,1,0,1947-04-17,,0,,,,,,,,,,,,,,,,
434230,0002137,3,熊本県,クマモトケン,Kumamoto,阿蘇郡,アソグン,Aso-gun,南小国町,ミナミオグニマチ,Minamioguni-machi,,,,中原,ナカバル,Nakabaru,,,,坂下,サカシタ,,,0,0,0,0,0,0,1,0,1947-04-17,,0,,,,,,,,,,,,,,,,
434230,0002138,3,熊本県,クマモトケン,Kumamoto,阿蘇郡,アソグン,Aso-gun,南小国町,ミナミオグニマチ,Minamioguni-machi,,,,中原,ナカバル,Nakabaru,,,,三村野,ミムラノ,,,0,0,0,0,0,0,1,0,1947-04-17,,0,,,,,,,,,,,,,,,,
434230,0002139,3,熊本県,クマモトケン,Kumamoto,阿蘇郡,アソグン,Aso-gun,南小国町,ミナミオグニマチ,Minamioguni-machi,,,,中原,ナカバル,Nakabaru,,,,市ノ尾,イチノオ,,,0,0,0,0,0,0,1,0,1947-04-17,,0,,,,,,,,,,,,,,,,
434230,0002140,3,熊本県,クマモトケン,Kumamoto,阿蘇郡,アソグン,Aso-gun,南小国町,ミナミオグニマチ,Minamioguni-machi,,,,中原,ナカバル,Nakabaru,,,,小波瀬,オハゼ,,,0,0,0,0,0,0,1,0,1947-04-17,,0,,,,,,,,,,,,,,,,
434230,0002141,3,熊本県,クマモトケン,Kumamoto,阿蘇郡,アソグン,Aso-gun,南小国町,ミナミオグニマチ,Minamioguni-machi,,,,中原,ナカバル,Nakabaru,,,,小崩,オグエ,,,0,0,0,0,0,0,1,0,1947-04-17,,0,,,,,,,,,,,,,,,,
434230,0002142,3,熊本県,クマモトケン,Kumamoto,阿蘇郡,アソグン,Aso-gun,南小国町,ミナミオグニマチ,Minamioguni-machi,,,,中原,ナカバル,Nakabaru,,,,松ノ木,マツノキ,,,0,0,0,0,0,0,1,0,1947-04-17,,0,,,,,,,,,,,,,,,,
434230,0002143,3,熊本県,クマモトケン,Kumamoto,阿蘇郡,アソグン,Aso-gun,南小国町,ミナミオグニマチ,Minamioguni-machi,,,,中原,ナカバル,Nakabaru,,,,上ウツヲキ,カミウツオキ,,,0,0,0,0,0,0,1,0,1947-04-17,,0,,,,,,,,,,,,,,,,
434230,0002144,3,熊本県,クマモトケン,Kumamoto,阿蘇郡,アソグン,Aso-gun,南小国町,ミナミオグニマチ,Minamioguni-machi,,,,中原,ナカバル,Nakabaru,,,,上ノ原,カミノハル,,,0,0,0,0,0,0,1,0,1947-04-17,,0,,,,,,,,,,,,,,,,
434230,0002145,3,熊本県,クマモトケン,Kumamoto,阿蘇郡,アソグン,Aso-gun,南小国町,ミナミオグニマチ,Minamioguni-machi,,,,中原,ナカバル,Nakabaru,,,,上右田,カミミギタ,,,0,0,0,0,0,0,1,0,1947-04-17,,0,,,,,,,,,,,,,,,,
434230,0002146,3,熊本県,クマモトケン,Kumamoto,阿蘇郡,アソグン,Aso-gun,南小国町,ミナミオグニマチ,Minamioguni-machi,,,,中原,ナカバル,Nakabaru,,,,上後田,カミウシロダ,,,0,0,0,0,0,0,1,0,1947-04-17,,0,,,,,,,,,,,,,,,,
434230,0002147,3,熊本県,クマモトケン,Kumamoto,阿蘇郡,アソグン,Aso-gun,南小国町,ミナミオグニマチ,Minamioguni-machi,,,,中原,ナカバル,Nakabaru,,,,城ノ尾,ジヨウノオ,,,0,0,0,0,0,0,1,0,1947-04-17,,0,,,,,,,,,,,,,,,,
434230,0002148,3,熊本県,クマモトケン,Kumamoto,阿蘇郡,アソグン,Aso-gun,南小国町,ミナミオグニマチ,Minamioguni-machi,,,,中原,ナカバル,Nakabaru,,,,神田,ジンデン,,,0,0,0,0,0,0,1,0,1947-04-17,,0,,,,,,,,,,,,,,,,
434230,0002149,3,熊本県,クマモトケン,Kumamoto,阿蘇郡,アソグン,Aso-gun,南小国町,ミナミオグニマチ,Minamioguni-machi,,,,中原,ナカバル,Nakabaru,,,,陣ノ前,ジンノマエ,,,0,0,0,0,0,0,1,0,1947-04-17,,0,,,,,,,,,,,,,,,,
434230,0002150,3,熊本県,クマモトケン,Kumamoto,阿蘇郡,アソグン,Aso-gun,南小国町,ミナミオグニマチ,Minamioguni-machi,,,,中原,ナカバル,Nakabaru,,,,西和田,ニシワダ,,,0,0,0,0,0,0,1,0,1947-04-17,,0,,,,,,,,,,,,,,,,
434230,0002151,3,熊本県,クマモトケン,Kumamoto,阿蘇郡,アソグン,Aso-gun,南小国町,ミナミオグニマチ,Minamioguni-machi,,,,中原,ナカバル,Nakabaru,,,,石原迫,イシワラザコ,,,0,0,0,0,0,0,1,0,1947-04-17,,0,,,,,,,,,,,,,,,,
434230,0002152,3,熊本県,クマモトケン,Kumamoto,阿蘇郡,アソグン,Aso-gun,南小国町,ミナミオグニマチ,Minamioguni-machi,,,,中原,ナカバル,Nakabaru,,,,石田,コクダ,,,0,0,0,0,0,0,1,0,1947-04-17,,0,,,,,,,,,,,,,,,,
434230,0002153,3,熊本県,クマモトケン,Kumamoto,阿蘇郡,アソグン,Aso-gun,南小国町,ミナミオグニマチ,Minamioguni-machi,,,,中原,ナカバル,Nakabaru,,,,石佛,イシボトケ,,,0,0,0,0,0,0,1,0,1947-04-17,,0,,,,,,,,,,,,,,,,
434230,0002154,3,熊本県,クマモトケン,Kumamoto,阿蘇郡,アソグン,Aso-gun,南小国町,ミナミオグニマチ,Minamioguni-machi,,,,中原,ナカバル,Nakabaru,,,,赤迫,アカサコ,,,0,0,0,0,0,0,1,0,1947-04-17,,0,,,,,,,,,,,,,,,,
434230,0002155,3,熊本県,クマモトケン,Kumamoto,阿蘇郡,アソグン,Aso-gun,南小国町,ミナミオグニマチ,Minamioguni-machi,,,,中原,ナカバル,Nakabaru,,,,折立,オリタテ,,,0,0,0,0,0,0,1,0,1947-04-17,,0,,,,,,,,,,,,,,,,
434230,0002156,3,熊本県,クマモトケン,Kumamoto,阿蘇郡,アソグン,Aso-gun,南小国町,ミナミオグニマチ,Minamioguni-machi,,,,中原,ナカバル,Nakabaru,,,,大久保,オオクボ,,,0,0,0,0,0,0,1,0,1947-04-17,,0,,,,,,,,,,,,,,,,
434230,0002157,3,熊本県,クマモトケン,Kumamoto,阿蘇郡,アソグン,Aso-gun,南小国町,ミナミオグニマチ,Minamioguni-machi,,,,中原,ナカバル,Nakabaru,,,,大原,ダイバル,,,0,0,0,0,0,0,1,0,1947-04-17,,0,,,,,,,,,,,,,,,,
434230,0002158,3,熊本県,クマモトケン,Kumamoto,阿蘇郡,アソグン,Aso-gun,南小国町,ミナミオグニマチ,Minamioguni-machi,,,,中原,ナカバル,Nakabaru,,,,大竹原,オダケワラ,,,0,0,0,0,0,0,1,0,1947-04-17,,0,,,,,,,,,,,,,,,,
434230,0002159,3,熊本県,クマモトケン,Kumamoto,阿蘇郡,アソグン,Aso-gun,南小国町,ミナミオグニマチ,Minamioguni-machi,,,,中原,ナカバル,Nakabaru,,,,滝川,タキガワ,,,0,0,0,0,0,0,1,0,1947-04-17,,0,,,,,,,,,,,,,,,,
434230,0002160,3,熊本県,クマモトケン,Kumamoto,阿蘇郡,アソグン,Aso-gun,南小国町,ミナミオグニマチ,Minamioguni-machi,,,,中原,ナカバル,Nakabaru,,,,瀧ノ上,タキノウエ,,,0,0,0,0,0,0,1,0,1947-04-17,,0,,,,,,,,,,,,,,,,
434230,0002161,3,熊本県,クマモトケン,Kumamoto,阿蘇郡,アソグン,Aso-gun,南小国町,ミナミオグニマチ,Minamioguni-machi,,,,中原,ナカバル,Nakabaru,,,,地蔵原,ジゾウバル,,,0,0,0,0,0,0,1,0,1947-04-17,,0,,,,,,,,,,,,,,,,
434230,0002162,3,熊本県,クマモトケン,Kumamoto,阿蘇郡,アソグン,Aso-gun,南小国町,ミナミオグニマチ,Minamioguni-machi,,,,中原,ナカバル,Nakabaru,,,,池端,イケハタ,,,0,0,0,0,0,0,1,0,1947-04-17,,0,,,,,,,,,,,,,,,,
434230,0002163,3,熊本県,クマモトケン,Kumamoto,阿蘇郡,アソグン,Aso-gun,南小国町,ミナミオグニマチ,Minamioguni-machi,,,,中原,ナカバル,Nakabaru,,,,池田,イケダ,,,0,0,0,0,0,0,1,0,1947-04-17,,0,,,,,,,,,,,,,,,,
434230,0002164,3,熊本県,クマモトケン,Kumamoto,阿蘇郡,アソグン,Aso-gun,南小国町,ミナミオグニマチ,Minamioguni-machi,,,,中原,ナカバル,Nakabaru,,,,中湯田,ナカユタ,,,0,0,0,0,0,0,1,0,1947-04-17,,0,,,,,,,,,,,,,,,,
434230,0002165,3,熊本県,クマモトケン,Kumamoto,阿蘇郡,アソグン,Aso-gun,南小国町,ミナミオグニマチ,Minamioguni-machi,,,,中原,ナカバル,Nakabaru,,,,長迫,ナガサコ,,,0,0,0,0,0,0,1,0,1947-04-17,,0,,,,,,,,,,,,,,,,
434230,0002166,3,熊本県,クマモトケン,Kumamoto,阿蘇郡,アソグン,Aso-gun,南小国町,ミナミオグニマチ,Minamioguni-machi,,,,中原,ナカバル,Nakabaru,,,,坪ノ内,ツボノウチ,,,0,0,0,0,0,0,1,0,1947-04-17,,0,,,,,,,,,,,,,,,,
434230,0002167,3,熊本県,クマモトケン,Kumamoto,阿蘇郡,アソグン,Aso-gun,南小国町,ミナミオグニマチ,Minamioguni-machi,,,,中原,ナカバル,Nakabaru,,,,天神下,テンジンシタ,,,0,0,0,0,0,0,1,0,1947-04-17,,0,,,,,,,,,,,,,,,,
434230,0002168,3,熊本県,クマモトケン,Kumamoto,阿蘇郡,アソグン,Aso-gun,南小国町,ミナミオグニマチ,Minamioguni-machi,,,,中原,ナカバル,Nakabaru,,,,田ノ口,タノクチ,,,0,0,0,0,0,0,1,0,1947-04-17,,0,,,,,,,,,,,,,,,,
434230,0002169,3,熊本県,クマモトケン,Kumamoto,阿蘇郡,アソグン,Aso-gun,南小国町,ミナミオグニマチ,Minamioguni-machi,,,,中原,ナカバル,Nakabaru,,,,田尻,タジリ,,,0,0,0,0,0,0,1,0,1947-04-17,,0,,,,,,,,,,,,,,,,
434230,0002170,3,熊本県,クマモトケン,Kumamoto,阿蘇郡,アソグン,Aso-gun,南小国町,ミナミオグニマチ,Minamioguni-machi,,,,中原,ナカバル,Nakabaru,,,,湯川内,ユガワウチ,,,0,0,0,0,0,0,1,0,1947-04-17,,0,,,,,,,,,,,,,,,,
434230,0002171,3,熊本県,クマモトケン,Kumamoto,阿蘇郡,アソグン,Aso-gun,南小国町,ミナミオグニマチ,Minamioguni-machi,,,,中原,ナカバル,Nakabaru,,,,湯田,ユタ,,,0,0,0,0,0,0,1,0,1947-04-17,,0,,,,,,,,,,,,,,,,
434230,0002172,3,熊本県,クマモトケン,Kumamoto,阿蘇郡,アソグン,Aso-gun,南小国町,ミナミオグニマチ,Minamioguni-machi,,,,中原,ナカバル,Nakabaru,,,,湯風呂,ユフロ,,,0,0,0,0,0,0,1,0,1947-04-17,,0,,,,,,,,,,,,,,,,
434230,0002173,3,熊本県,クマモトケン,Kumamoto,阿蘇郡,アソグン,Aso-gun,南小国町,ミナミオグニマチ,Minamioguni-machi,,,,中原,ナカバル,Nakabaru,,,,筒井迫,ツツイザコ,,,0,0,0,0,0,0,1,0,1947-04-17,,0,,,,,,,,,,,,,,,,
434230,0002174,3,熊本県,クマモトケン,Kumamoto,阿蘇郡,アソグン,Aso-gun,南小国町,ミナミオグニマチ,Minamioguni-machi,,,,中原,ナカバル,Nakabaru,,,,栃木,トチノキ,,,0,0,0,0,0,0,1,0,1947-04-17,,0,,,,,,,,,,,,,,,,
434230,0002175,3,熊本県,クマモトケン,Kumamoto,阿蘇郡,アソグン,Aso-gun,南小国町,ミナミオグニマチ,Minamioguni-machi,,,,中原,ナカバル,Nakabaru,,,,鍋谷,ナベダニ,,,0,0,0,0,0,0,1,0,1947-04-17,,0,,,,,,,,,,,,,,,,
434230,0002176,3,熊本県,クマモトケン,Kumamoto,阿蘇郡,アソグン,Aso-gun,南小国町,ミナミオグニマチ,Minamioguni-machi,,,,中原,ナカバル,Nakabaru,,,,二又,フタマタ,,,0,0,0,0,0,0,1,0,1947-04-17,,0,,,,,,,,,,,,,,,,
434230,0002177,3,熊本県,クマモトケン,Kumamoto,阿蘇郡,アソグン,Aso-gun,南小国町,ミナミオグニマチ,Minamioguni-machi,,,,中原,ナカバル,Nakabaru,,,,箱城,ハコジロ,,,0,0,0,0,0,0,1,0,1947-04-17,,0,,,,,,,,,,,,,,,,
434230,0002178,3,熊本県,クマモトケン,Kumamoto,阿蘇郡,アソグン,Aso-gun,南小国町,ミナミオグニマチ,Minamioguni-machi,,,,中原,ナカバル,Nakabaru,,,,八反坪,ハツタンツボ,,,0,0,0,0,0,0,1,0,1947-04-17,,0,,,,,,,,,,,,,,,,
434230,0002179,3,熊本県,クマモトケン,Kumamoto,阿蘇郡,アソグン,Aso-gun,南小国町,ミナミオグニマチ,Minamioguni-machi,,,,中原,ナカバル,Nakabaru,,,,樋ノ口,ヒノクチ,,,0,0,0,0,0,0,1,0,1947-04-17,,0,,,,,,,,,,,,,,,,
434230,0002180,3,熊本県,クマモトケン,Kumamoto,阿蘇郡,アソグン,Aso-gun,南小国町,ミナミオグニマチ,Minamioguni-machi,,,,中原,ナカバル,Nakabaru,,,,尾倉迫,オグラザコ,,,0,0,0,0,0,0,1,0,1947-04-17,,0,,,,,,,,,,,,,,,,
434230,0002181,3,熊本県,クマモトケン,Kumamoto,阿蘇郡,アソグン,Aso-gun,南小国町,ミナミオグニマチ,Minamioguni-machi,,,,中原,ナカバル,Nakabaru,,,,平瀬,ヒラセ,,,0,0,0,0,0,0,1,0,1947-04-17,,0,,,,,,,,,,,,,,,,
434230,0002182,3,熊本県,クマモトケン,Kumamoto,阿蘇郡,アソグン,Aso-gun,南小国町,ミナミオグニマチ,Minamioguni-machi,,,,中原,ナカバル,Nakabaru,,,,平田,ヒラタ,,,0,0,0,0,0,0,1,0,1947-04-17,,0,,,,,,,,,,,,,,,,
434230,0002183,3,熊本県,クマモトケン,Kumamoto,阿蘇郡,アソグン,Aso-gun,南小国町,ミナミオグニマチ,Minamioguni-machi,,,,中原,ナカバル,Nakabaru,,,,米ノ山,コメノヤマ,,,0,0,0,0,0,0,1,0,1947-04-17,,0,,,,,,,,,,,,,,,,
434230,0002184,3,熊本県,クマモトケン,Kumamoto,阿蘇郡,アソグン,Aso-gun,南小国町,ミナミオグニマチ,Minamioguni-machi,,,,中原,ナカバル,Nakabaru,,,,北二又,キタフタマタ,,,0,0,0,0,0,0,1,0,1947-04-17,,0,,,,,,,,,,,,,,,,
434230,0002185,3,熊本県,クマモトケン,Kumamoto,阿蘇郡,アソグン,Aso-gun,南小国町,ミナミオグニマチ,Minamioguni-machi,,,,中原,ナカバル,Nakabaru,,,,北和田,キタワダ,,,0,0,0,0,0,0,1,0,1947-04-17,,0,,,,,,,,,,,,,,,,
434230,0002186,3,熊本県,クマモトケン,Kumamoto,阿蘇郡,アソグン,Aso-gun,南小国町,ミナミオグニマチ,Minamioguni-machi,,,,中原,ナカバル,Nakabaru,,,,妙見鶴,ミヨウケンヅル,,,0,0,0,0,0,0,1,0,1947-04-17,,0,,,,,,,,,,,,,,,,
434230,0002187,3,熊本県,クマモトケン,Kumamoto,阿蘇郡,アソグン,Aso-gun,南小国町,ミナミオグニマチ,Minamioguni-machi,,,,中原,ナカバル,Nakabaru,,,,眠ル,ネムル,,,0,0,0,0,0,0,1,0,1947-04-17,,0,,,,,,,,,,,,,,,,
434230,0002188,3,熊本県,クマモトケン,Kumamoto,阿蘇郡,アソグン,Aso-gun,南小国町,ミナミオグニマチ,Minamioguni-machi,,,,中原,ナカバル,Nakabaru,,,,矢田原,ヤタバル,,,0,0,0,0,0,0,1,0,1947-04-17,,0,,,,,,,,,,,,,,,,
434230,0002189,3,熊本県,クマモトケン,Kumamoto,阿蘇郡,アソグン,Aso-gun,南小国町,ミナミオグニマチ,Minamioguni-machi,,,,中原,ナカバル,Nakabaru,,,,柳ノ本,ヤナギノモト,,,0,0,0,0,0,0,1,0,1947-04-17,,0,,,,,,,,,,,,,,,,
434230,0002190,3,熊本県,クマモトケン,Kumamoto,阿蘇郡,アソグン,Aso-gun,南小国町,ミナミオグニマチ,Minamioguni-machi,,,,中原,ナカバル,Nakabaru,,,,落合,オチアイ,,,0,0,0,0,0,0,1,0,1947-04-17,,0,,,,,,,,,,,,,,,,
434230,0002191,3,熊本県,クマモトケン,Kumamoto,阿蘇郡,アソグン,Aso-gun,南小国町,ミナミオグニマチ,Minamioguni-machi,,,,中原,ナカバル,Nakabaru,,,,立田,タツダ,,,0,0,0,0,0,0,1,0,1947-04-17,,0,,,,,,,,,,,,,,,,
434230,0002192,3,熊本県,クマモトケン,Kumamoto,阿蘇郡,アソグン,Aso-gun,南小国町,ミナミオグニマチ,Minamioguni-machi,,,,中原,ナカバル,Nakabaru,,,,和田,ワダ,,,0,0,0,0,0,0,1,0,1947-04-17,,0,,,,,,,,,,,,,,,,
434230,0002193,3,熊本県,クマモトケン,Kumamoto,阿蘇郡,アソグン,Aso-gun,南小国町,ミナミオグニマチ,Minamioguni-machi,,,,中原,ナカバル,Nakabaru,,,,椚ノ本,クヌギノモト,,,0,0,0,0,0,0,1,0,1947-04-17,,0,,,,,,,,,,,,,,,,
434230,0003000,1,熊本県,クマモトケン,Kumamoto,阿蘇郡,アソグン,Aso-gun,南小国町,ミナミオグニマチ,Minamioguni-machi,,,,満願寺,マンガンジ,Manganji,,,,,,,,0,0,0,0,0,0,1,1,1947-04-17,,0,8692402,,,,,,,,,,,,,,,
434230,0003101,3,熊本県,クマモトケン,Kumamoto,阿蘇郡,アソグン,Aso-gun,南小国町,ミナミオグニマチ,Minamioguni-machi,,,,満願寺,マンガンジ,Manganji,,,,サゴ,サゴ,,,0,0,0,0,0,0,1,0,1947-04-17,,0,,,,,,,,,,,,,,,,
434230,0003102,3,熊本県,クマモトケン,Kumamoto,阿蘇郡,アソグン,Aso-gun,南小国町,ミナミオグニマチ,Minamioguni-machi,,,,満願寺,マンガンジ,Manganji,,,,阿美張,アミバル,,,0,0,0,0,0,0,1,0,1947-04-17,,0,,,,,,,,,,,,,,,,
434230,0003103,3,熊本県,クマモトケン,Kumamoto,阿蘇郡,アソグン,Aso-gun,南小国町,ミナミオグニマチ,Minamioguni-machi,,,,満願寺,マンガンジ,Manganji,,,,一ツ戸,ヒトツド,,,0,0,0,0,0,0,1,0,1947-04-17,,0,,,,,,,,,,,,,,,,
434230,0003104,3,熊本県,クマモトケン,Kumamoto,阿蘇郡,アソグン,Aso-gun,南小国町,ミナミオグニマチ,Minamioguni-machi,,,,満願寺,マンガンジ,Manganji,,,,一ノ谷,イチノタニ,,,0,0,0,0,0,0,1,0,1947-04-17,,0,,,,,,,,,,,,,,,,
434230,0003105,3,熊本県,クマモトケン,Kumamoto,阿蘇郡,アソグン,Aso-gun,南小国町,ミナミオグニマチ,Minamioguni-machi,,,,満願寺,マンガンジ,Manganji,,,,芋切,イモキリ,,,0,0,0,0,0,0,1,0,1947-04-17,,0,,,,,,,,,,,,,,,,
434230,0003106,3,熊本県,クマモトケン,Kumamoto,阿蘇郡,アソグン,Aso-gun,南小国町,ミナミオグニマチ,Minamioguni-machi,,,,満願寺,マンガンジ,Manganji,,,,引治,ヒキジ,,,0,0,0,0,0,0,1,0,1947-04-17,,0,,,,,,,,,,,,,,,,
434230,0003107,3,熊本県,クマモトケン,Kumamoto,阿蘇郡,アソグン,Aso-gun,南小国町,ミナミオグニマチ,Minamioguni-machi,,,,満願寺,マンガンジ,Manganji,,,,臼内切,ウスナイギリ,,,0,0,0,0,0,0,1,0,1947-04-17,,0,,,,,,,,,,,,,,,,
434230,0003108,3,熊本県,クマモトケン,Kumamoto,阿蘇郡,アソグン,Aso-gun,南小国町,ミナミオグニマチ,Minamioguni-machi,,,,満願寺,マンガンジ,Manganji,,,,永山,ナガヤマ,,,0,0,0,0,0,0,1,0,1947-04-17,,0,,,,,,,,,,,,,,,,
434230,0003109,3,熊本県,クマモトケン,Kumamoto,阿蘇郡,アソグン,Aso-gun,南小国町,ミナミオグニマチ,Minamioguni-machi,,,,満願寺,マンガンジ,Manganji,,,,横井ノ本,ヨコイノモト,,,0,0,0,0,0,0,1,0,1947-04-17,,0,,,,,,,,,,,,,,,,
434230,0003110,3,熊本県,クマモトケン,Kumamoto,阿蘇郡,アソグン,Aso-gun,南小国町,ミナミオグニマチ,Minamioguni-machi,,,,満願寺,マンガンジ,Manganji,,,,横弓場,ヨウキユウバ,,,0,0,0,0,0,0,1,0,1947-04-17,,0,,,,,,,,,,,,,,,,
434230,0003111,3,熊本県,クマモトケン,Kumamoto,阿蘇郡,アソグン,Aso-gun,南小国町,ミナミオグニマチ,Minamioguni-machi,,,,満願寺,マンガンジ,Manganji,,,,岡見戸,オカミド,,,0,0,0,0,0,0,1,0,1947-04-17,,0,,,,,,,,,,,,,,,,
434230,0003112,3,熊本県,クマモトケン,Kumamoto,阿蘇郡,アソグン,Aso-gun,南小国町,ミナミオグニマチ,Minamioguni-machi,,,,満願寺,マンガンジ,Manganji,,,,岡倉,オカクラ,,,0,0,0,0,0,0,1,0,1947-04-17,,0,,,,,,,,,,,,,,,,
434230,0003113,3,熊本県,クマモトケン,Kumamoto,阿蘇郡,アソグン,Aso-gun,南小国町,ミナミオグニマチ,Minamioguni-machi,,,,満願寺,マンガンジ,Manganji,,,,下リ戸,クダリト,,,0,0,0,0,0,0,1,0,1947-04-17,,0,,,,,,,,,,,,,,,,
434230,0003114,3,熊本県,クマモトケン,Kumamoto,阿蘇郡,アソグン,Aso-gun,南小国町,ミナミオグニマチ,Minamioguni-machi,,,,満願寺,マンガンジ,Manganji,,,,下長崎,シモナガサキ,,,0,0,0,0,0,0,1,0,1947-04-17,,0,,,,,,,,,,,,,,,,
434230,0003115,3,熊本県,クマモトケン,Kumamoto,阿蘇郡,アソグン,Aso-gun,南小国町,ミナミオグニマチ,Minamioguni-machi,,,,満願寺,マンガンジ,Manganji,,,,下鶴,シモヅル,,,0,0,0,0,0,0,1,0,1947-04-17,,0,,,,,,,,,,,,,,,,
434230,0003116,3,熊本県,クマモトケン,Kumamoto,阿蘇郡,アソグン,Aso-gun,南小国町,ミナミオグニマチ,Minamioguni-machi,,,,満願寺,マンガンジ,Manganji,,,,下立岩,シモタテイワ,,,0,0,0,0,0,0,1,0,1947-04-17,,0,,,,,,,,,,,,,,,,
434230,0003117,3,熊本県,クマモトケン,Kumamoto,阿蘇郡,アソグン,Aso-gun,南小国町,ミナミオグニマチ,Minamioguni-machi,,,,満願寺,マンガンジ,Manganji,,,,火焼輪智,ヒタキワチ,,,0,0,0,0,0,0,1,0,1947-04-17,,0,,,,,,,,,,,,,,,,
434230,0003118,3,熊本県,クマモトケン,Kumamoto,阿蘇郡,アソグン,Aso-gun,南小国町,ミナミオグニマチ,Minamioguni-machi,,,,満願寺,マンガンジ,Manganji,,,,花山,ハナヤマ,,,0,0,0,0,0,0,1,0,1947-04-17,,0,,,,,,,,,,,,,,,,
434230,0003119,3,熊本県,クマモトケン,Kumamoto,阿蘇郡,アソグン,Aso-gun,南小国町,ミナミオグニマチ,Minamioguni-machi,,,,満願寺,マンガンジ,Manganji,,,,貝割,カイワリ,,,0,0,0,0,0,0,1,0,1947-04-17,,0,,,,,,,,,,,,,,,,
434230,0003120,3,熊本県,クマモトケン,Kumamoto,阿蘇郡,アソグン,Aso-gun,南小国町,ミナミオグニマチ,Minamioguni-machi,,,,満願寺,マンガンジ,Manganji,,,,丸田,マルタ,,,0,0,0,0,0,0,1,0,1947-04-17,,0,,,,,,,,,,,,,,,,
434230,0003121,3,熊本県,クマモトケン,Kumamoto,阿蘇郡,アソグン,Aso-gun,南小国町,ミナミオグニマチ,Minamioguni-machi,,,,満願寺,マンガンジ,Manganji,,,,岩ノ上,イワノウエ,,,0,0,0,0,0,0,1,0,1947-04-17,,0,,,,,,,,,,,,,,,,
434230,0003122,3,熊本県,クマモトケン,Kumamoto,阿蘇郡,アソグン,Aso-gun,南小国町,ミナミオグニマチ,Minamioguni-machi,,,,満願寺,マンガンジ,Manganji,,,,鬼渕,オニブチ,,,0,0,0,0,0,0,1,0,1947-04-17,,0,,,,,,,,,,,,,,,,
434230,0003123,3,熊本県,クマモトケン,Kumamoto,阿蘇郡,アソグン,Aso-gun,南小国町,ミナミオグニマチ,Minamioguni-machi,,,,満願寺,マンガンジ,Manganji,,,,吉原,ヨシワラ,,,0,0,0,0,0,0,1,0,1947-04-17,,0,,,,,,,,,,,,,,,,
434230,0003124,3,熊本県,クマモトケン,Kumamoto,阿蘇郡,アソグン,Aso-gun,南小国町,ミナミオグニマチ,Minamioguni-machi,,,,満願寺,マンガンジ,Manganji,,,,牛津,ウシヅ,,,0,0,0,0,0,0,1,0,1947-04-17,,0,,,,,,,,,,,,,,,,
434230,0003125,3,熊本県,クマモトケン,Kumamoto,阿蘇郡,アソグン,Aso-gun,南小国町,ミナミオグニマチ,Minamioguni-machi,,,,満願寺,マンガンジ,Manganji,,,,境ノ谷,サカイノタニ,,,0,0,0,0,0,0,1,0,1947-04-17,,0,,,,,,,,,,,,,,,,
434230,0003126,3,熊本県,クマモトケン,Kumamoto,阿蘇郡,アソグン,Aso-gun,南小国町,ミナミオグニマチ,Minamioguni-machi,,,,満願寺,マンガンジ,Manganji,,,,境ノ本,サカイノモト,,,0,0,0,0,0,0,1,0,1947-04-17,,0,,,,,,,,,,,,,,,,
434230,0003127,3,熊本県,クマモトケン,Kumamoto,阿蘇郡,アソグン,Aso-gun,南小国町,ミナミオグニマチ,Minamioguni-machi,,,,満願寺,マンガンジ,Manganji,,,,金山,カナヤマ,,,0,0,0,0,0,0,1,0,1947-04-17,,0,,,,,,,,,,,,,,,,
434230,0003128,3,熊本県,クマモトケン,Kumamoto,阿蘇郡,アソグン,Aso-gun,南小国町,ミナミオグニマチ,Minamioguni-machi,,,,満願寺,マンガンジ,Manganji,,,,桑原,クワハラ,,,0,0,0,0,0,0,1,0,1947-04-17,,0,,,,,,,,,,,,,,,,
434230,0003129,3,熊本県,クマモトケン,Kumamoto,阿蘇郡,アソグン,Aso-gun,南小国町,ミナミオグニマチ,Minamioguni-machi,,,,満願寺,マンガンジ,Manganji,,,,犬ケ谷,イヌガタニ,,,0,0,0,0,0,0,1,0,1947-04-17,,0,,,,,,,,,,,,,,,,
434230,0003130,3,熊本県,クマモトケン,Kumamoto,阿蘇郡,アソグン,Aso-gun,南小国町,ミナミオグニマチ,Minamioguni-machi,,,,満願寺,マンガンジ,Manganji,,,,原田,ハラダ,,,0,0,0,0,0,0,1,0,1947-04-17,,0,,,,,,,,,,,,,,,,
434230,0003132,3,熊本県,クマモトケン,Kumamoto,阿蘇郡,アソグン,Aso-gun,南小国町,ミナミオグニマチ,Minamioguni-machi,,,,満願寺,マンガンジ,Manganji,,,,源六谷,ゲンロクダニ,,,0,0,0,0,0,0,1,0,1947-04-17,,0,,,,,,,,,,,,,,,,
434230,0003133,3,熊本県,クマモトケン,Kumamoto,阿蘇郡,アソグン,Aso-gun,南小国町,ミナミオグニマチ,Minamioguni-machi,,,,満願寺,マンガンジ,Manganji,,,,黒岩,クロイワ,,,0,0,0,0,0,0,1,0,1947-04-17,,0,,,,,,,,,,,,,,,,
434230,0003135,3,熊本県,クマモトケン,Kumamoto,阿蘇郡,アソグン,Aso-gun,南小国町,ミナミオグニマチ,Minamioguni-machi,,,,満願寺,マンガンジ,Manganji,,,,黒川,クロガワ,,,0,0,0,0,0,0,1,0,1947-04-17,,0,,,,,,,,,,,,,,,,
434230,0003136,3,熊本県,クマモトケン,Kumamoto,阿蘇郡,アソグン,Aso-gun,南小国町,ミナミオグニマチ,Minamioguni-machi,,,,満願寺,マンガンジ,Manganji,,,,作賀倉,ツクリガクラ,,,0,0,0,0,0,0,1,0,1947-04-17,,0,,,,,,,,,,,,,,,,
434230,0003137,3,熊本県,クマモトケン,Kumamoto,阿蘇郡,アソグン,Aso-gun,南小国町,ミナミオグニマチ,Minamioguni-machi,,,,満願寺,マンガンジ,Manganji,,,,笹ケ原,ササガハラ,,,0,0,0,0,0,0,1,0,1947-04-17,,0,,,,,,,,,,,,,,,,
434230,0003138,3,熊本県,クマモトケン,Kumamoto,阿蘇郡,アソグン,Aso-gun,南小国町,ミナミオグニマチ,Minamioguni-machi,,,,満願寺,マンガンジ,Manganji,,,,笹尾,ササオ,,,0,0,0,0,0,0,1,0,1947-04-17,,0,,,,,,,,,,,,,,,,
434230,0003139,3,熊本県,クマモトケン,Kumamoto,阿蘇郡,アソグン,Aso-gun,南小国町,ミナミオグニマチ,Minamioguni-machi,,,,満願寺,マンガンジ,Manganji,,,,山ノ口,ヤマノクチ,,,0,0,0,0,0,0,1,0,1947-04-17,,0,,,,,,,,,,,,,,,,
434230,0003140,3,熊本県,クマモトケン,Kumamoto,阿蘇郡,アソグン,Aso-gun,南小国町,ミナミオグニマチ,Minamioguni-machi,,,,満願寺,マンガンジ,Manganji,,,,山鳥川,ヤマドリガワ,,,0,0,0,0,0,0,1,0,1947-04-17,,0,,,,,,,,,,,,,,,,
434230,0003141,3,熊本県,クマモトケン,Kumamoto,阿蘇郡,アソグン,Aso-gun,南小国町,ミナミオグニマチ,Minamioguni-machi,,,,満願寺,マンガンジ,Manganji,,,,志賀瀬,シガセ,,,0,0,0,0,0,0,1,0,1947-04-17,,0,,,,,,,,,,,,,,,,
434230,0003142,3,熊本県,クマモトケン,Kumamoto,阿蘇郡,アソグン,Aso-gun,南小国町,ミナミオグニマチ,Minamioguni-machi,,,,満願寺,マンガンジ,Manganji,,,,志童子,シドウジ,,,0,0,0,0,0,0,1,0,1947-04-17,,0,,,,,,,,,,,,,,,,
434230,0003143,3,熊本県,クマモトケン,Kumamoto,阿蘇郡,アソグン,Aso-gun,南小国町,ミナミオグニマチ,Minamioguni-machi,,,,満願寺,マンガンジ,Manganji,,,,慈門坊,ジモンボウ,,,0,0,0,0,0,0,1,0,1947-04-17,,0,,,,,,,,,,,,,,,,
434230,0003144,3,熊本県,クマモトケン,Kumamoto,阿蘇郡,アソグン,Aso-gun,南小国町,ミナミオグニマチ,Minamioguni-machi,,,,満願寺,マンガンジ,Manganji,,,,蛇崩,ジヤグエ,,,0,0,0,0,0,0,1,0,1947-04-17,,0,,,,,,,,,,,,,,,,
434230,0003145,3,熊本県,クマモトケン,Kumamoto,阿蘇郡,アソグン,Aso-gun,南小国町,ミナミオグニマチ,Minamioguni-machi,,,,満願寺,マンガンジ,Manganji,,,,手形野,テガタノ,,,0,0,0,0,0,0,1,0,1947-04-17,,0,,,,,,,,,,,,,,,,
434230,0003146,3,熊本県,クマモトケン,Kumamoto,阿蘇郡,アソグン,Aso-gun,南小国町,ミナミオグニマチ,Minamioguni-machi,,,,満願寺,マンガンジ,Manganji,,,,十三部,ジユウサンブ,,,0,0,0,0,0,0,1,0,1947-04-17,,0,,,,,,,,,,,,,,,,
434230,0003147,3,熊本県,クマモトケン,Kumamoto,阿蘇郡,アソグン,Aso-gun,南小国町,ミナミオグニマチ,Minamioguni-machi,,,,満願寺,マンガンジ,Manganji,,,,初鹿野,ハジカノ,,,0,0,0,0,0,0,1,0,1947-04-17,,0,,,,,,,,,,,,,,,,
434230,0003148,3,熊本県,クマモトケン,Kumamoto,阿蘇郡,アソグン,Aso-gun,南小国町,ミナミオグニマチ,Minamioguni-machi,,,,満願寺,マンガンジ,Manganji,,,,女子夫,ニヨウシブ,,,0,0,0,0,0,0,1,0,1947-04-17,,0,,,,,,,,,,,,,,,,
434230,0003149,3,熊本県,クマモトケン,Kumamoto,阿蘇郡,アソグン,Aso-gun,南小国町,ミナミオグニマチ,Minamioguni-machi,,,,満願寺,マンガンジ,Manganji,,,,女夫木,メオトギ,,,0,0,0,0,0,0,1,0,1947-04-17,,0,,,,,,,,,,,,,,,,
434230,0003150,3,熊本県,クマモトケン,Kumamoto,阿蘇郡,アソグン,Aso-gun,南小国町,ミナミオグニマチ,Minamioguni-machi,,,,満願寺,マンガンジ,Manganji,,,,小原,コバル,,,0,0,0,0,0,0,1,0,1947-04-17,,0,,,,,,,,,,,,,,,,
434230,0003151,3,熊本県,クマモトケン,Kumamoto,阿蘇郡,アソグン,Aso-gun,南小国町,ミナミオグニマチ,Minamioguni-machi,,,,満願寺,マンガンジ,Manganji,,,,小杉,コスギ,,,0,0,0,0,0,0,1,0,1947-04-17,,0,,,,,,,,,,,,,,,,
434230,0003152,3,熊本県,クマモトケン,Kumamoto,阿蘇郡,アソグン,Aso-gun,南小国町,ミナミオグニマチ,Minamioguni-machi,,,,満願寺,マンガンジ,Manganji,,,,小田,オタ,,,0,0,0,0,0,0,1,0,1947-04-17,,0,,,,,,,,,,,,,,,,
434230,0003153,3,熊本県,クマモトケン,Kumamoto,阿蘇郡,アソグン,Aso-gun,南小国町,ミナミオグニマチ,Minamioguni-machi,,,,満願寺,マンガンジ,Manganji,,,,小萩,コハギ,,,0,0,0,0,0,0,1,0,1947-04-17,,0,,,,,,,,,,,,,,,,
434230,0003154,3,熊本県,クマモトケン,Kumamoto,阿蘇郡,アソグン,Aso-gun,南小国町,ミナミオグニマチ,Minamioguni-machi,,,,満願寺,マンガンジ,Manganji,,,,小葉瀬,オハゼ,,,0,0,0,0,0,0,1,0,1947-04-17,,0,,,,,,,,,,,,,,,,
434230,0003155,3,熊本県,クマモトケン,Kumamoto,阿蘇郡,アソグン,Aso-gun,南小国町,ミナミオグニマチ,Minamioguni-machi,,,,満願寺,マンガンジ,Manganji,,,,松ケ迫,マツガサコ,,,0,0,0,0,0,0,1,0,1947-04-17,,0,,,,,,,,,,,,,,,,
434230,0003156,3,熊本県,クマモトケン,Kumamoto,阿蘇郡,アソグン,Aso-gun,南小国町,ミナミオグニマチ,Minamioguni-machi,,,,満願寺,マンガンジ,Manganji,,,,松ノ木,マツノキ,,,0,0,0,0,0,0,1,0,1947-04-17,,0,,,,,,,,,,,,,,,,
434230,0003157,3,熊本県,クマモトケン,Kumamoto,阿蘇郡,アソグン,Aso-gun,南小国町,ミナミオグニマチ,Minamioguni-machi,,,,満願寺,マンガンジ,Manganji,,,,菖蒲,シヨウブ,,,0,0,0,0,0,0,1,0,1947-04-17,,0,,,,,,,,,,,,,,,,
434230,0003158,3,熊本県,クマモトケン,Kumamoto,阿蘇郡,アソグン,Aso-gun,南小国町,ミナミオグニマチ,Minamioguni-machi,,,,満願寺,マンガンジ,Manganji,,,,上ノ山,ウエノヤマ,,,0,0,0,0,0,0,1,0,1947-04-17,,0,,,,,,,,,,,,,,,,
434230,0003159,3,熊本県,クマモトケン,Kumamoto,阿蘇郡,アソグン,Aso-gun,南小国町,ミナミオグニマチ,Minamioguni-machi,,,,満願寺,マンガンジ,Manganji,,,,上井田,カミイダ,,,0,0,0,0,0,0,1,0,1947-04-17,,0,,,,,,,,,,,,,,,,
434230,0003160,3,熊本県,クマモトケン,Kumamoto,阿蘇郡,アソグン,Aso-gun,南小国町,ミナミオグニマチ,Minamioguni-machi,,,,満願寺,マンガンジ,Manganji,,,,上長崎,カミナガサキ,,,0,0,0,0,0,0,1,0,1947-04-17,,0,,,,,,,,,,,,,,,,
434230,0003161,3,熊本県,クマモトケン,Kumamoto,阿蘇郡,アソグン,Aso-gun,南小国町,ミナミオグニマチ,Minamioguni-machi,,,,満願寺,マンガンジ,Manganji,,,,上津留,カミツル,,,0,0,0,0,0,0,1,0,1947-04-17,,0,,,,,,,,,,,,,,,,
434230,0003162,3,熊本県,クマモトケン,Kumamoto,阿蘇郡,アソグン,Aso-gun,南小国町,ミナミオグニマチ,Minamioguni-machi,,,,満願寺,マンガンジ,Manganji,,,,上白岩,カミシライワ,,,0,0,0,0,0,0,1,0,1947-04-17,,0,,,,,,,,,,,,,,,,
434230,0003163,3,熊本県,クマモトケン,Kumamoto,阿蘇郡,アソグン,Aso-gun,南小国町,ミナミオグニマチ,Minamioguni-machi,,,,満願寺,マンガンジ,Manganji,,,,城ケ平,ジヨウガヒラ,,,0,0,0,0,0,0,1,0,1947-04-17,,0,,,,,,,,,,,,,,,,
434230,0003164,3,熊本県,クマモトケン,Kumamoto,阿蘇郡,アソグン,Aso-gun,南小国町,ミナミオグニマチ,Minamioguni-machi,,,,満願寺,マンガンジ,Manganji,,,,城山,シロヤマ,,,0,0,0,0,0,0,1,0,1947-04-17,,0,,,,,,,,,,,,,,,,
434230,0003165,3,熊本県,クマモトケン,Kumamoto,阿蘇郡,アソグン,Aso-gun,南小国町,ミナミオグニマチ,Minamioguni-machi,,,,満願寺,マンガンジ,Manganji,,,,森木,モリキ,,,0,0,0,0,0,0,1,0,1947-04-17,,0,,,,,,,,,,,,,,,,
434230,0003166,3,熊本県,クマモトケン,Kumamoto,阿蘇郡,アソグン,Aso-gun,南小国町,ミナミオグニマチ,Minamioguni-machi,,,,満願寺,マンガンジ,Manganji,,,,深久保,フカクボ,,,0,0,0,0,0,0,1,0,1947-04-17,,0,,,,,,,,,,,,,,,,
434230,0003167,3,熊本県,クマモトケン,Kumamoto,阿蘇郡,アソグン,Aso-gun,南小国町,ミナミオグニマチ,Minamioguni-machi,,,,満願寺,マンガンジ,Manganji,,,,仁田原,ニタバル,,,0,0,0,0,0,0,1,0,1947-04-17,,0,,,,,,,,,,,,,,,,
434230,0003168,3,熊本県,クマモトケン,Kumamoto,阿蘇郡,アソグン,Aso-gun,南小国町,ミナミオグニマチ,Minamioguni-machi,,,,満願寺,マンガンジ,Manganji,,,,仁連,ニレ,,,0,0,0,0,0,0,1,0,1947-04-17,,0,,,,,,,,,,,,,,,,
434230,0003169,3,熊本県,クマモトケン,Kumamoto,阿蘇郡,アソグン,Aso-gun,南小国町,ミナミオグニマチ,Minamioguni-machi,,,,満願寺,マンガンジ,Manganji,,,,陣内,ジンナイ,,,0,0,0,0,0,0,1,0,1947-04-17,,0,,,,,,,,,,,,,,,,
434230,0003170,3,熊本県,クマモトケン,Kumamoto,阿蘇郡,アソグン,Aso-gun,南小国町,ミナミオグニマチ,Minamioguni-machi,,,,満願寺,マンガンジ,Manganji,,,,水ノ口,ミズノクチ,,,0,0,0,0,0,0,1,0,1947-04-17,,0,,,,,,,,,,,,,,,,
434230,0003171,3,熊本県,クマモトケン,Kumamoto,阿蘇郡,アソグン,Aso-gun,南小国町,ミナミオグニマチ,Minamioguni-machi,,,,満願寺,マンガンジ,Manganji,,,,水上,ミズカミ,,,0,0,0,0,0,0,1,0,1947-04-17,,0,,,,,,,,,,,,,,,,
434230,0003172,3,熊本県,クマモトケン,Kumamoto,阿蘇郡,アソグン,Aso-gun,南小国町,ミナミオグニマチ,Minamioguni-machi,,,,満願寺,マンガンジ,Manganji,,,,瀬ノ口,セノクチ,,,0,0,0,0,0,0,1,0,1947-04-17,,0,,,,,,,,,,,,,,,,
434230,0003173,3,熊本県,クマモトケン,Kumamoto,阿蘇郡,アソグン,Aso-gun,南小国町,ミナミオグニマチ,Minamioguni-machi,,,,満願寺,マンガンジ,Manganji,,,,瀬ノ本,セノモト,,,0,0,0,0,0,0,1,0,1947-04-17,,0,,,,,,,,,,,,,,,,
434230,0003174,3,熊本県,クマモトケン,Kumamoto,阿蘇郡,アソグン,Aso-gun,南小国町,ミナミオグニマチ,Minamioguni-machi,,,,満願寺,マンガンジ,Manganji,,,,星和,ホシワ,,,0,0,0,0,0,0,1,0,1947-04-17,,0,,,,,,,,,,,,,,,,
434230,0003175,3,熊本県,クマモトケン,Kumamoto,阿蘇郡,アソグン,Aso-gun,南小国町,ミナミオグニマチ,Minamioguni-machi,,,,満願寺,マンガンジ,Manganji,,,,西吉原,ニシヨシワラ,,,0,0,0,0,0,0,1,0,1947-04-17,,0,,,,,,,,,,,,,,,,
434230,0003176,3,熊本県,クマモトケン,Kumamoto,阿蘇郡,アソグン,Aso-gun,南小国町,ミナミオグニマチ,Minamioguni-machi,,,,満願寺,マンガンジ,Manganji,,,,西黒原,ニシクロバル,,,0,0,0,0,0,0,1,0,1947-04-17,,0,,,,,,,,,,,,,,,,
434230,0003177,3,熊本県,クマモトケン,Kumamoto,阿蘇郡,アソグン,Aso-gun,南小国町,ミナミオグニマチ,Minamioguni-machi,,,,満願寺,マンガンジ,Manganji,,,,西黒川,ニシクロガワ,,,0,0,0,0,0,0,1,0,1947-04-17,,0,,,,,,,,,,,,,,,,
434230,0003178,3,熊本県,クマモトケン,Kumamoto,阿蘇郡,アソグン,Aso-gun,南小国町,ミナミオグニマチ,Minamioguni-machi,,,,満願寺,マンガンジ,Manganji,,,,西十三部,ニシジユウサンブ,,,0,0,0,0,0,0,1,0,1947-04-17,,0,,,,,,,,,,,,,,,,
434230,0003179,3,熊本県,クマモトケン,Kumamoto,阿蘇郡,アソグン,Aso-gun,南小国町,ミナミオグニマチ,Minamioguni-machi,,,,満願寺,マンガンジ,Manganji,,,,西星和,ニシホシワ,,,0,0,0,0,0,0,1,0,1947-04-17,,0,,,,,,,,,,,,,,,,
434230,0003180,3,熊本県,クマモトケン,Kumamoto,阿蘇郡,アソグン,Aso-gun,南小国町,ミナミオグニマチ,Minamioguni-machi,,,,満願寺,マンガンジ,Manganji,,,,西扇,ニシオオギ,,,0,0,0,0,0,0,1,0,1947-04-17,,0,,,,,,,,,,,,,,,,
434230,0003181,3,熊本県,クマモトケン,Kumamoto,阿蘇郡,アソグン,Aso-gun,南小国町,ミナミオグニマチ,Minamioguni-machi,,,,満願寺,マンガンジ,Manganji,,,,西蔵迫,ニシクラサコ,,,0,0,0,0,0,0,1,0,1947-04-17,,0,,,,,,,,,,,,,,,,
434230,0003182,3,熊本県,クマモトケン,Kumamoto,阿蘇郡,アソグン,Aso-gun,南小国町,ミナミオグニマチ,Minamioguni-machi,,,,満願寺,マンガンジ,Manganji,,,,西飛瀬,ニシトビセ,,,0,0,0,0,0,0,1,0,1947-04-17,,0,,,,,,,,,,,,,,,,
434230,0003183,3,熊本県,クマモトケン,Kumamoto,阿蘇郡,アソグン,Aso-gun,南小国町,ミナミオグニマチ,Minamioguni-machi,,,,満願寺,マンガンジ,Manganji,,,,西柳草,ニシヤナギノクサ,,,0,0,0,0,0,0,1,0,1947-04-17,,0,,,,,,,,,,,,,,,,
434230,0003184,3,熊本県,クマモトケン,Kumamoto,阿蘇郡,アソグン,Aso-gun,南小国町,ミナミオグニマチ,Minamioguni-machi,,,,満願寺,マンガンジ,Manganji,,,,石橋,イシバシ,,,0,0,0,0,0,0,1,0,1947-04-17,,0,,,,,,,,,,,,,,,,
434230,0003185,3,熊本県,クマモトケン,Kumamoto,阿蘇郡,アソグン,Aso-gun,南小国町,ミナミオグニマチ,Minamioguni-machi,,,,満願寺,マンガンジ,Manganji,,,,石原,イシハラ,,,0,0,0,0,0,0,1,0,1947-04-17,,0,,,,,,,,,,,,,,,,
434230,0003186,3,熊本県,クマモトケン,Kumamoto,阿蘇郡,アソグン,Aso-gun,南小国町,ミナミオグニマチ,Minamioguni-machi,,,,満願寺,マンガンジ,Manganji,,,,赤谷,アカダニ,,,0,0,0,0,0,0,1,0,1947-04-17,,0,,,,,,,,,,,,,,,,
434230,0003187,3,熊本県,クマモトケン,Kumamoto,阿蘇郡,アソグン,Aso-gun,南小国町,ミナミオグニマチ,Minamioguni-machi,,,,満願寺,マンガンジ,Manganji,,,,赤塚,アカヅカ,,,0,0,0,0,0,0,1,0,1947-04-17,,0,,,,,,,,,,,,,,,,
434230,0003188,3,熊本県,クマモトケン,Kumamoto,阿蘇郡,アソグン,Aso-gun,南小国町,ミナミオグニマチ,Minamioguni-machi,,,,満願寺,マンガンジ,Manganji,,,,千羽,センバ,,,0,0,0,0,0,0,1,0,1947-04-17,,0,,,,,,,,,,,,,,,,
434230,0003189,3,熊本県,クマモトケン,Kumamoto,阿蘇郡,アソグン,Aso-gun,南小国町,ミナミオグニマチ,Minamioguni-machi,,,,満願寺,マンガンジ,Manganji,,,,川上,カワカミ,,,0,0,0,0,0,0,1,0,1947-04-17,,0,,,,,,,,,,,,,,,,
434230,0003190,3,熊本県,クマモトケン,Kumamoto,阿蘇郡,アソグン,Aso-gun,南小国町,ミナミオグニマチ,Minamioguni-machi,,,,満願寺,マンガンジ,Manganji,,,,川西,カワニシ,,,0,0,0,0,0,0,1,0,1947-04-17,,0,,,,,,,,,,,,,,,,
434230,0003191,3,熊本県,クマモトケン,Kumamoto,阿蘇郡,アソグン,Aso-gun,南小国町,ミナミオグニマチ,Minamioguni-machi,,,,満願寺,マンガンジ,Manganji,,,,川東,カワヒガシ,,,0,0,0,0,0,0,1,0,1947-04-17,,0,,,,,,,,,,,,,,,,
434230,0003192,3,熊本県,クマモトケン,Kumamoto,阿蘇郡,アソグン,Aso-gun,南小国町,ミナミオグニマチ,Minamioguni-machi,,,,満願寺,マンガンジ,Manganji,,,,扇,オオギ,,,0,0,0,0,0,0,1,0,1947-04-17,,0,,,,,,,,,,,,,,,,
434230,0003193,3,熊本県,クマモトケン,Kumamoto,阿蘇郡,アソグン,Aso-gun,南小国町,ミナミオグニマチ,Minamioguni-machi,,,,満願寺,マンガンジ,Manganji,,,,船ノ熊,フネノクマ,,,0,0,0,0,0,0,1,0,1947-04-17,,0,,,,,,,,,,,,,,,,
434230,0003194,3,熊本県,クマモトケン,Kumamoto,阿蘇郡,アソグン,Aso-gun,南小国町,ミナミオグニマチ,Minamioguni-machi,,,,満願寺,マンガンジ,Manganji,,,,草津,ソウヅ,,,0,0,0,0,0,0,1,0,1947-04-17,,0,,,,,,,,,,,,,,,,
434230,0003195,3,熊本県,クマモトケン,Kumamoto,阿蘇郡,アソグン,Aso-gun,南小国町,ミナミオグニマチ,Minamioguni-machi,,,,満願寺,マンガンジ,Manganji,,,,蔵床,クラトコ,,,0,0,0,0,0,0,1,0,1947-04-17,,0,,,,,,,,,,,,,,,,
434230,0003196,3,熊本県,クマモトケン,Kumamoto,阿蘇郡,アソグン,Aso-gun,南小国町,ミナミオグニマチ,Minamioguni-machi,,,,満願寺,マンガンジ,Manganji,,,,蔵迫,クラサコ,,,0,0,0,0,0,0,1,0,1947-04-17,,0,,,,,,,,,,,,,,,,
434230,0003197,3,熊本県,クマモトケン,Kumamoto,阿蘇郡,アソグン,Aso-gun,南小国町,ミナミオグニマチ,Minamioguni-machi,,,,満願寺,マンガンジ,Manganji,,,,大藪,オオヤブ,,,0,0,0,0,0,0,1,0,1947-04-17,,0,,,,,,,,,,,,,,,,
434230,0003198,3,熊本県,クマモトケン,Kumamoto,阿蘇郡,アソグン,Aso-gun,南小国町,ミナミオグニマチ,Minamioguni-machi,,,,満願寺,マンガンジ,Manganji,,,,滝ノ上,タキノウエ,,,0,0,0,0,0,0,1,0,1947-04-17,,0,,,,,,,,,,,,,,,,
434230,0003199,3,熊本県,クマモトケン,Kumamoto,阿蘇郡,アソグン,Aso-gun,南小国町,ミナミオグニマチ,Minamioguni-machi,,,,満願寺,マンガンジ,Manganji,,,,谷迫,タニザコ,,,0,0,0,0,0,0,1,0,1947-04-17,,0,,,,,,,,,,,,,,,,
434230,0003200,3,熊本県,クマモトケン,Kumamoto,阿蘇郡,アソグン,Aso-gun,南小国町,ミナミオグニマチ,Minamioguni-machi,,,,満願寺,マンガンジ,Manganji,,,,中園,ナカゾノ,,,0,0,0,0,0,0,1,0,1947-04-17,,0,,,,,,,,,,,,,,,,
434230,0003201,3,熊本県,クマモトケン,Kumamoto,阿蘇郡,アソグン,Aso-gun,南小国町,ミナミオグニマチ,Minamioguni-machi,,,,満願寺,マンガンジ,Manganji,,,,中園谷,ナカゾノダニ,,,0,0,0,0,0,0,1,0,1947-04-17,,0,,,,,,,,,,,,,,,,
434230,0003202,3,熊本県,クマモトケン,Kumamoto,阿蘇郡,アソグン,Aso-gun,南小国町,ミナミオグニマチ,Minamioguni-machi,,,,満願寺,マンガンジ,Manganji,,,,中村,ナカムラ,,,0,0,0,0,0,0,1,0,1947-04-17,,0,,,,,,,,,,,,,,,,
434230,0003203,3,熊本県,クマモトケン,Kumamoto,阿蘇郡,アソグン,Aso-gun,南小国町,ミナミオグニマチ,Minamioguni-machi,,,,満願寺,マンガンジ,Manganji,,,,中竹,ナカタケ,,,0,0,0,0,0,0,1,0,1947-04-17,,0,,,,,,,,,,,,,,,,
434230,0003204,3,熊本県,クマモトケン,Kumamoto,阿蘇郡,アソグン,Aso-gun,南小国町,ミナミオグニマチ,Minamioguni-machi,,,,満願寺,マンガンジ,Manganji,,,,長田,ナガタ,,,0,0,0,0,0,0,1,0,1947-04-17,,0,,,,,,,,,,,,,,,,
434230,0003205,3,熊本県,クマモトケン,Kumamoto,阿蘇郡,アソグン,Aso-gun,南小国町,ミナミオグニマチ,Minamioguni-machi,,,,満願寺,マンガンジ,Manganji,,,,長迫,ナガサコ,,,0,0,0,0,0,0,1,0,1947-04-17,,0,,,,,,,,,,,,,,,,
434230,0003206,3,熊本県,クマモトケン,Kumamoto,阿蘇郡,アソグン,Aso-gun,南小国町,ミナミオグニマチ,Minamioguni-machi,,,,満願寺,マンガンジ,Manganji,,,,長藪,ナガヤブ,,,0,0,0,0,0,0,1,0,1947-04-17,,0,,,,,,,,,,,,,,,,
434230,0003207,3,熊本県,クマモトケン,Kumamoto,阿蘇郡,アソグン,Aso-gun,南小国町,ミナミオグニマチ,Minamioguni-machi,,,,満願寺,マンガンジ,Manganji,,,,津留,ツル,,,0,0,0,0,0,0,1,0,1947-04-17,,0,,,,,,,,,,,,,,,,
434230,0003208,3,熊本県,クマモトケン,Kumamoto,阿蘇郡,アソグン,Aso-gun,南小国町,ミナミオグニマチ,Minamioguni-machi,,,,満願寺,マンガンジ,Manganji,,,,田ノ原,タノハル,,,0,0,0,0,0,0,1,0,1947-04-17,,0,,,,,,,,,,,,,,,,
434230,0003209,3,熊本県,クマモトケン,Kumamoto,阿蘇郡,アソグン,Aso-gun,南小国町,ミナミオグニマチ,Minamioguni-machi,,,,満願寺,マンガンジ,Manganji,,,,東黒原,ヒガシクロバル,,,0,0,0,0,0,0,1,0,1947-04-17,,0,,,,,,,,,,,,,,,,
434230,0003210,3,熊本県,クマモトケン,Kumamoto,阿蘇郡,アソグン,Aso-gun,南小国町,ミナミオグニマチ,Minamioguni-machi,,,,満願寺,マンガンジ,Manganji,,,,東初鹿野,ヒガシハジカノ,,,0,0,0,0,0,0,1,0,1947-04-17,,0,,,,,,,,,,,,,,,,
434230,0003212,3,熊本県,クマモトケン,Kumamoto,阿蘇郡,アソグン,Aso-gun,南小国町,ミナミオグニマチ,Minamioguni-machi,,,,満願寺,マンガンジ,Manganji,,,,東長田,ヒガシナガタ,,,0,0,0,0,0,0,1,0,1947-04-17,,0,,,,,,,,,,,,,,,,
434230,0003213,3,熊本県,クマモトケン,Kumamoto,阿蘇郡,アソグン,Aso-gun,南小国町,ミナミオグニマチ,Minamioguni-machi,,,,満願寺,マンガンジ,Manganji,,,,東田ノ原,ヒガシタノハル,,,0,0,0,0,0,0,1,0,1947-04-17,,0,,,,,,,,,,,,,,,,
434230,0003215,3,熊本県,クマモトケン,Kumamoto,阿蘇郡,アソグン,Aso-gun,南小国町,ミナミオグニマチ,Minamioguni-machi,,,,満願寺,マンガンジ,Manganji,,,,東繪解,ヒガシエトキ,,,0,0,0,0,0,0,1,0,1947-04-17,,0,,,,,,,,,,,,,,,,
434230,0003216,3,熊本県,クマモトケン,Kumamoto,阿蘇郡,アソグン,Aso-gun,南小国町,ミナミオグニマチ,Minamioguni-machi,,,,満願寺,マンガンジ,Manganji,,,,動馬喜,ドウメキ,,,0,0,0,0,0,0,1,0,1947-04-17,,0,,,,,,,,,,,,,,,,
434230,0003217,3,熊本県,クマモトケン,Kumamoto,阿蘇郡,アソグン,Aso-gun,南小国町,ミナミオグニマチ,Minamioguni-machi,,,,満願寺,マンガンジ,Manganji,,,,堂ノ前,ドウノマエ,,,0,0,0,0,0,0,1,0,1947-04-17,,0,,,,,,,,,,,,,,,,
434230,0003218,3,熊本県,クマモトケン,Kumamoto,阿蘇郡,アソグン,Aso-gun,南小国町,ミナミオグニマチ,Minamioguni-machi,,,,満願寺,マンガンジ,Manganji,,,,堂ノ草,ドウノクサ,,,0,0,0,0,0,0,1,0,1947-04-17,,0,,,,,,,,,,,,,,,,
434230,0003219,3,熊本県,クマモトケン,Kumamoto,阿蘇郡,アソグン,Aso-gun,南小国町,ミナミオグニマチ,Minamioguni-machi,,,,満願寺,マンガンジ,Manganji,,,,堂ノ本,ドウノモト,,,0,0,0,0,0,0,1,0,1947-04-17,,0,,,,,,,,,,,,,,,,
434230,0003220,3,熊本県,クマモトケン,Kumamoto,阿蘇郡,アソグン,Aso-gun,南小国町,ミナミオグニマチ,Minamioguni-machi,,,,満願寺,マンガンジ,Manganji,,,,堂ノ脇,ドウノワキ,,,0,0,0,0,0,0,1,0,1947-04-17,,0,,,,,,,,,,,,,,,,
434230,0003221,3,熊本県,クマモトケン,Kumamoto,阿蘇郡,アソグン,Aso-gun,南小国町,ミナミオグニマチ,Minamioguni-machi,,,,満願寺,マンガンジ,Manganji,,,,道ノ上,ミチノウエ,,,0,0,0,0,0,0,1,0,1947-04-17,,0,,,,,,,,,,,,,,,,
434230,0003222,3,熊本県,クマモトケン,Kumamoto,阿蘇郡,アソグン,Aso-gun,南小国町,ミナミオグニマチ,Minamioguni-machi,,,,満願寺,マンガンジ,Manganji,,,,道下,ミチシタ,,,0,0,0,0,0,0,1,0,1947-04-17,,0,,,,,,,,,,,,,,,,
434230,0003223,3,熊本県,クマモトケン,Kumamoto,阿蘇郡,アソグン,Aso-gun,南小国町,ミナミオグニマチ,Minamioguni-machi,,,,満願寺,マンガンジ,Manganji,,,,南谷,ミナミダニ,,,0,0,0,0,0,0,1,0,1947-04-17,,0,,,,,,,,,,,,,,,,
434230,0003224,3,熊本県,クマモトケン,Kumamoto,阿蘇郡,アソグン,Aso-gun,南小国町,ミナミオグニマチ,Minamioguni-machi,,,,満願寺,マンガンジ,Manganji,,,,南薊原,ミナミアザミワラ,,,0,0,0,0,0,0,1,0,1947-04-17,,0,,,,,,,,,,,,,,,,
434230,0003225,3,熊本県,クマモトケン,Kumamoto,阿蘇郡,アソグン,Aso-gun,南小国町,ミナミオグニマチ,Minamioguni-machi,,,,満願寺,マンガンジ,Manganji,,,,馬崎,マザキ,,,0,0,0,0,0,0,1,0,1947-04-17,,0,,,,,,,,,,,,,,,,
434230,0003226,3,熊本県,クマモトケン,Kumamoto,阿蘇郡,アソグン,Aso-gun,南小国町,ミナミオグニマチ,Minamioguni-machi,,,,満願寺,マンガンジ,Manganji,,,,白岩,シライワ,,,0,0,0,0,0,0,1,0,1947-04-17,,0,,,,,,,,,,,,,,,,
434230,0003227,3,熊本県,クマモトケン,Kumamoto,阿蘇郡,アソグン,Aso-gun,南小国町,ミナミオグニマチ,Minamioguni-machi,,,,満願寺,マンガンジ,Manganji,,,,白川,シラカワ,,,0,0,0,0,0,0,1,0,1947-04-17,,0,,,,,,,,,,,,,,,,
434230,0003228,3,熊本県,クマモトケン,Kumamoto,阿蘇郡,アソグン,Aso-gun,南小国町,ミナミオグニマチ,Minamioguni-machi,,,,満願寺,マンガンジ,Manganji,,,,八ケ部,ヤカベ,,,0,0,0,0,0,0,1,0,1947-04-17,,0,,,,,,,,,,,,,,,,
434230,0003229,3,熊本県,クマモトケン,Kumamoto,阿蘇郡,アソグン,Aso-gun,南小国町,ミナミオグニマチ,Minamioguni-machi,,,,満願寺,マンガンジ,Manganji,,,,飛瀬,トビセ,,,0,0,0,0,0,0,1,0,1947-04-17,,0,,,,,,,,,,,,,,,,
434230,0003230,3,熊本県,クマモトケン,Kumamoto,阿蘇郡,アソグン,Aso-gun,南小国町,ミナミオグニマチ,Minamioguni-machi,,,,満願寺,マンガンジ,Manganji,,,,尾三郎,オサブロウ,,,0,0,0,0,0,0,1,0,1947-04-17,,0,,,,,,,,,,,,,,,,
434230,0003231,3,熊本県,クマモトケン,Kumamoto,阿蘇郡,アソグン,Aso-gun,南小国町,ミナミオグニマチ,Minamioguni-machi,,,,満願寺,マンガンジ,Manganji,,,,尾又,オマタ,,,0,0,0,0,0,0,1,0,1947-04-17,,0,,,,,,,,,,,,,,,,
434230,0003232,3,熊本県,クマモトケン,Kumamoto,阿蘇郡,アソグン,Aso-gun,南小国町,ミナミオグニマチ,Minamioguni-machi,,,,満願寺,マンガンジ,Manganji,,,,斧隠,オノガクレ,,,0,0,0,0,0,0,1,0,1947-04-17,,0,,,,,,,,,,,,,,,,
434230,0003233,3,熊本県,クマモトケン,Kumamoto,阿蘇郡,アソグン,Aso-gun,南小国町,ミナミオグニマチ,Minamioguni-machi,,,,満願寺,マンガンジ,Manganji,,,,舞谷,モウタニ,,,0,0,0,0,0,0,1,0,1947-04-17,,0,,,,,,,,,,,,,,,,
434230,0003234,3,熊本県,クマモトケン,Kumamoto,阿蘇郡,アソグン,Aso-gun,南小国町,ミナミオグニマチ,Minamioguni-machi,,,,満願寺,マンガンジ,Manganji,,,,米ノ尾,コメノオ,,,0,0,0,0,0,0,1,0,1947-04-17,,0,,,,,,,,,,,,,,,,
434230,0003235,3,熊本県,クマモトケン,Kumamoto,阿蘇郡,アソグン,Aso-gun,南小国町,ミナミオグニマチ,Minamioguni-machi,,,,満願寺,マンガンジ,Manganji,,,,崩迫,クエンサコ,,,0,0,0,0,0,0,1,0,1947-04-17,,0,,,,,,,,,,,,,,,,
434230,0003236,3,熊本県,クマモトケン,Kumamoto,阿蘇郡,アソグン,Aso-gun,南小国町,ミナミオグニマチ,Minamioguni-machi,,,,満願寺,マンガンジ,Manganji,,,,崩山,クエノヤマ,,,0,0,0,0,0,0,1,0,1947-04-17,,0,,,,,,,,,,,,,,,,
434230,0003237,3,熊本県,クマモトケン,Kumamoto,阿蘇郡,アソグン,Aso-gun,南小国町,ミナミオグニマチ,Minamioguni-machi,,,,満願寺,マンガンジ,Manganji,,,,北黒川,キタクロガワ,,,0,0,0,0,0,0,1,0,1947-04-17,,0,,,,,,,,,,,,,,,,
434230,0003238,3,熊本県,クマモトケン,Kumamoto,阿蘇郡,アソグン,Aso-gun,南小国町,ミナミオグニマチ,Minamioguni-machi,,,,満願寺,マンガンジ,Manganji,,,,北瀬ノ本,キタセノモト,,,0,0,0,0,0,0,1,0,1947-04-17,,0,,,,,,,,,,,,,,,,
434230,0003239,3,熊本県,クマモトケン,Kumamoto,阿蘇郡,アソグン,Aso-gun,南小国町,ミナミオグニマチ,Minamioguni-machi,,,,満願寺,マンガンジ,Manganji,,,,野原田,ノハルダ,,,0,0,0,0,0,0,1,0,1947-04-17,,0,,,,,,,,,,,,,,,,
434230,0003240,3,熊本県,クマモトケン,Kumamoto,阿蘇郡,アソグン,Aso-gun,南小国町,ミナミオグニマチ,Minamioguni-machi,,,,満願寺,マンガンジ,Manganji,,,,野附,ノヅキ,,,0,0,0,0,0,0,1,0,1947-04-17,,0,,,,,,,,,,,,,,,,
434230,0003241,3,熊本県,クマモトケン,Kumamoto,阿蘇郡,アソグン,Aso-gun,南小国町,ミナミオグニマチ,Minamioguni-machi,,,,満願寺,マンガンジ,Manganji,,,,柳ノ本,ヤナギノモト,,,0,0,0,0,0,0,1,0,1947-04-17,,0,,,,,,,,,,,,,,,,
434230,0003242,3,熊本県,クマモトケン,Kumamoto,阿蘇郡,アソグン,Aso-gun,南小国町,ミナミオグニマチ,Minamioguni-machi,,,,満願寺,マンガンジ,Manganji,,,,柳草,ヤナギノクサ,,,0,0,0,0,0,0,1,0,1947-04-17,,0,,,,,,,,,,,,,,,,
434230,0003243,3,熊本県,クマモトケン,Kumamoto,阿蘇郡,アソグン,Aso-gun,南小国町,ミナミオグニマチ,Minamioguni-machi,,,,満願寺,マンガンジ,Manganji,,,,立岩,タテイワ,,,0,0,0,0,0,0,1,0,1947-04-17,,0,,,,,,,,,,,,,,,,
434230,0003244,3,熊本県,クマモトケン,Kumamoto,阿蘇郡,アソグン,Aso-gun,南小国町,ミナミオグニマチ,Minamioguni-machi,,,,満願寺,マンガンジ,Manganji,,,,立石,タツイシ,,,0,0,0,0,0,0,1,0,1947-04-17,,0,,,,,,,,,,,,,,,,
434230,0003245,3,熊本県,クマモトケン,Kumamoto,阿蘇郡,アソグン,Aso-gun,南小国町,ミナミオグニマチ,Minamioguni-machi,,,,満願寺,マンガンジ,Manganji,,,,蕨迫,ワラビサコ,,,0,0,0,0,0,0,1,0,1947-04-17,,0,,,,,,,,,,,,,,,,
434230,0003246,3,熊本県,クマモトケン,Kumamoto,阿蘇郡,アソグン,Aso-gun,南小国町,ミナミオグニマチ,Minamioguni-machi,,,,満願寺,マンガンジ,Manganji,,,,磧ノ本,セキノモト,,,0,0,0,0,0,0,1,0,1947-04-17,,0,,,,,,,,,,,,,,,,
434230,0003247,3,熊本県,クマモトケン,Kumamoto,阿蘇郡,アソグン,Aso-gun,南小国町,ミナミオグニマチ,Minamioguni-machi,,,,満願寺,マンガンジ,Manganji,,,,旗返,ハタガエシ,,,0,0,0,0,0,0,1,0,1947-04-17,,0,,,,,,,,,,,,,,,,
434230,0003248,3,熊本県,クマモトケン,Kumamoto,阿蘇郡,アソグン,Aso-gun,南小国町,ミナミオグニマチ,Minamioguni-machi,,,,満願寺,マンガンジ,Manganji,,,,繪解,エトキ,,,0,0,0,0,0,0,1,0,1947-04-17,,0,,,,,,,,,,,,,,,,
434230,0003250,3,熊本県,クマモトケン,Kumamoto,阿蘇郡,アソグン,Aso-gun,南小国町,ミナミオグニマチ,Minamioguni-machi,,,,満願寺,マンガンジ,Manganji,,,,薊原,アザミワラ,,,0,0,0,0,0,0,1,0,1947-04-17,,0,,,,,,,,,,,,,,,,
434230,0003251,3,熊本県,クマモトケン,Kumamoto,阿蘇郡,アソグン,Aso-gun,南小国町,ミナミオグニマチ,Minamioguni-machi,,,,満願寺,マンガンジ,Manganji,,,,蝙蝠岩,コウモリイワ,,,0,0,0,0,0,0,1,0,1947-04-17,,0,,,,,,,,,,,,,,,,
434230,0003252,3,熊本県,クマモトケン,Kumamoto,阿蘇郡,アソグン,Aso-gun,南小国町,ミナミオグニマチ,Minamioguni-machi,,,,満願寺,マンガンジ,Manganji,,,,髙野,コウヤ,,,0,0,0,0,0,0,1,0,1970-01-01,,0,,,,,,,MJ028902_*,,,,,,,,,
434230,0003253,3,熊本県,クマモトケン,Kumamoto,阿蘇郡,アソグン,Aso-gun,南小国町,ミナミオグニマチ,Minamioguni-machi,,,,満願寺,マンガンジ,Manganji,,,,廣戸谷,ヒロトダニ,,,0,0,0,0,0,0,1,0,1970-01-01,,0,,,,,,,,,,,,,,,,
434230,0003254,3,熊本県,クマモトケン,Kumamoto,阿蘇郡,アソグン,Aso-gun,南小国町,ミナミオグニマチ,Minamioguni-machi,,,,満願寺,マンガンジ,Manganji,,,,畔髙,アゼダカ,,,0,0,0,0,0,0,1,0,1970-01-01,,0,,,,,,,*_MJ028902,,,,,,,,,
434230,0003255,3,熊本県,クマモトケン,Kumamoto,阿蘇郡,アソグン,Aso-gun,南小国町,ミナミオグニマチ,Minamioguni-machi,,,,満願寺,マンガンジ,Manganji,,,,廣戸,ヒロト,,,0,0,0,0,0,0,1,0,1970-01-01,,0,,,,,,,,,,,,,,,,
434230,0003256,3,熊本県,クマモトケン,Kumamoto,阿蘇郡,アソグン,Aso-gun,南小国町,ミナミオグニマチ,Minamioguni-machi,,,,満願寺,マンガンジ,Manganji,,,,廣打,ヒロウチ,,,0,0,0,0,0,0,1,0,1970-01-01,,0,,,,,,,,,,,,,,,,
434230,0003257,3,熊本県,クマモトケン,Kumamoto,阿蘇郡,アソグン,Aso-gun,南小国町,ミナミオグニマチ,Minamioguni-machi,,,,満願寺,マンガンジ,Manganji,,,,髙鼻,タカバナ,,,0,0,0,0,0,0,1,0,1970-01-01,,0,,,,,,,MJ028902_*,,,,,,,,,
434230,0003258,3,熊本県,クマモトケン,Kumamoto,阿蘇郡,アソグン,Aso-gun,南小国町,ミナミオグニマチ,Minamioguni-machi,,,,満願寺,マンガンジ,Manganji,,,,中園䑓,ナカゾノダイ,,,0,0,0,0,0,0,1,0,1947-04-17,,1,,,,,,,,,,,,,,,,
434248,0001000,1,熊本県,クマモトケン,Kumamoto,阿蘇郡,アソグン,Aso-gun,小国町,オグニマチ,Oguni-machi,,,,大字上田,オオアザカミダ,Kamida,,,,,,,,0,0,0,0,0,0,1,1,1947-04-17,,0,8692506,,,,,,,,,,,,,,,
434248,0002000,1,熊本県,クマモトケン,Kumamoto,阿蘇郡,アソグン,Aso-gun,小国町,オグニマチ,Oguni-machi,,,,大字北里,オオアザキタザト,Kitazato,,,,,,,,0,0,0,0,0,0,1,1,1947-04-17,,0,8692505,,,,,,,,,,,,,,,
434248,0003000,1,熊本県,クマモトケン,Kumamoto,阿蘇郡,アソグン,Aso-gun,小国町,オグニマチ,Oguni-machi,,,,大字黒渕,オオアザクロブチ,Kurobuchi,,,,,,,,0,0,0,0,0,0,1,1,1947-04-17,,0,8692502,,,,,,,,,,,,,,,
434248,0004000,1,熊本県,クマモトケン,Kumamoto,阿蘇郡,アソグン,Aso-gun,小国町,オグニマチ,Oguni-machi,,,,大字下城,オオアザシモジョウ,Shimojo,,,,,,,,0,0,0,0,0,0,1,1,1947-04-17,,0,8692503,,,,,,,,,,,,,,,
434248,0005000,1,熊本県,クマモトケン,Kumamoto,阿蘇郡,アソグン,Aso-gun,小国町,オグニマチ,Oguni-machi,,,,大字西里,オオアザニシザト,Nishizato,,,,,,,,0,0,0,0,0,0,1,1,1947-04-17,,0,8692504,,,,,,,,,,,,,,,
434248,0006000,1,熊本県,クマモトケン,Kumamoto,阿蘇郡,アソグン,Aso-gun,小国町,オグニマチ,Oguni-machi,,,,大字宮原,オオアザミヤハラ,Miyahara,,,,,,,,0,0,0,0,0,0,1,1,1947-04-17,,0,8692501,,,,,,,,,,,,,,,
434256,0001000,1,熊本県,クマモトケン,Kumamoto,阿蘇郡,アソグン,Aso-gun,産山村,ウブヤマムラ,Ubuyama-mura,,,,大字産山,オオアザウブヤマ,Ubuyama,,,,,,,,0,0,0,0,0,0,1,1,1947-04-17,,0,8692705,,,,,,,,,,,,,,,
434256,0002000,1,熊本県,クマモトケン,Kumamoto,阿蘇郡,アソグン,Aso-gun,産山村,ウブヤマムラ,Ubuyama-mura,,,,大字大利,オオアザオオリ,Ori,,,,,,,,0,0,0,0,0,0,1,1,1947-04-17,,0,8692702,,,,,,,,,,,,,,,
434256,0003000,1,熊本県,クマモトケン,Kumamoto,阿蘇郡,アソグン,Aso-gun,産山村,ウブヤマムラ,Ubuyama-mura,,,,大字片俣,オオアザカタマタ,Katamata,,,,,,,,0,0,0,0,0,0,1,1,1947-04-17,,0,8692701,,,,,,,,,,,,,,,
434256,0004000,1,熊本県,クマモトケン,Kumamoto,阿蘇郡,アソグン,Aso-gun,産山村,ウブヤマムラ,Ubuyama-mura,,,,大字田尻,オオアザタジリ,Tajiri,,,,,,,,0,0,0,0,0,0,1,1,1947-04-17,,0,8692704,,,,,,,,,,,,,,,
434256,0005000,1,熊本県,クマモトケン,Kumamoto,阿蘇郡,アソグン,Aso-gun,産山村,ウブヤマムラ,Ubuyama-mura,,,,大字山鹿,オオアザヤマガ,Yamaga,,,,,,,,0,0,0,0,0,0,1,1,1947-04-17,,0,8692703,,,,,,,,,,,,,,,
434281,0001000,1,熊本県,クマモトケン,Kumamoto,阿蘇郡,アソグン,Aso-gun,高森町,タカモリマチ,Takamori-machi,,,,大字尾下,オオアザオクダリ,Okudari,,,,,,,,0,0,0,0,0,0,1,1,1947-04-17,,0,8691825,,,,,,,,,,,,,,,
434281,0002000,1,熊本県,クマモトケン,Kumamoto,阿蘇郡,アソグン,Aso-gun,高森町,タカモリマチ,Takamori-machi,,,,大字上色見,オオアザカミシキミ,Kamishikimi,,,,,,,,0,0,0,0,0,0,1,1,1947-04-17,,0,8691601,,,,,,,,,,,,,,,
434281,0003000,1,熊本県,クマモトケン,Kumamoto,阿蘇郡,アソグン,Aso-gun,高森町,タカモリマチ,Takamori-machi,,,,大字河原,オオアザカワラ,Kawara,,,,,,,,0,0,0,0,0,0,1,1,1947-04-17,,0,8691826,,,,,,,,,,,,,,,
434281,0004000,1,熊本県,クマモトケン,Kumamoto,阿蘇郡,アソグン,Aso-gun,高森町,タカモリマチ,Takamori-machi,,,,大字草部,オオアザクサカベ,Kusakabe,,,,,,,,0,0,0,0,0,0,1,1,1947-04-17,,0,8691811,,,,,,,,,,,,,,,
434281,0005000,1,熊本県,クマモトケン,Kumamoto,阿蘇郡,アソグン,Aso-gun,高森町,タカモリマチ,Takamori-machi,,,,大字色見,オオアザシキミ,Shikimi,,,,,,,,0,0,0,0,0,0,1,1,1947-04-17,,0,8691603,,,,,,,,,,,,,,,
434281,0006000,1,熊本県,クマモトケン,Kumamoto,阿蘇郡,アソグン,Aso-gun,高森町,タカモリマチ,Takamori-machi,,,,大字下切,オオアザシタギリ,Shitagiri,,,,,,,,0,0,0,0,0,0,1,1,1947-04-17,,0,8691815,,,,,,,,,,,,,,,
434281,0007000,1,熊本県,クマモトケン,Kumamoto,阿蘇郡,アソグン,Aso-gun,高森町,タカモリマチ,Takamori-machi,,,,大字菅山,オオアザスガヤマ,Sugayama,,,,,,,,0,0,0,0,0,0,1,1,1947-04-17,,0,8691813,,,,,,,,,,,,,,,
434281,0008000,1,熊本県,クマモトケン,Kumamoto,阿蘇郡,アソグン,Aso-gun,高森町,タカモリマチ,Takamori-machi,,,,大字芹口,オオアザセリグチ,Seriguchi,,,,,,,,0,0,0,0,0,0,1,1,1947-04-17,,0,8691812,,,,,,,,,,,,,,,
434281,0009000,1,熊本県,クマモトケン,Kumamoto,阿蘇郡,アソグン,Aso-gun,高森町,タカモリマチ,Takamori-machi,,,,大字高森,オオアザタカモリ,Takamori,,,,,,,,0,0,0,0,0,0,1,1,1947-04-17,,0,8691602,,,,,,,,,,,,,,,
434281,0010000,1,熊本県,クマモトケン,Kumamoto,阿蘇郡,アソグン,Aso-gun,高森町,タカモリマチ,Takamori-machi,,,,大字津留,オオアザツル,Tsuru,,,,,,,,0,0,0,0,0,0,1,1,1947-04-17,,0,8691823,,,,,,,,,,,,,,,
434281,0011000,1,熊本県,クマモトケン,Kumamoto,阿蘇郡,アソグン,Aso-gun,高森町,タカモリマチ,Takamori-machi,,,,大字中,オオアザナカ,Naka,,,,,,,,0,0,0,0,0,0,1,1,1947-04-17,,0,8691821,,,,,,,,,,,,,,,
434281,0012000,1,熊本県,クマモトケン,Kumamoto,阿蘇郡,アソグン,Aso-gun,高森町,タカモリマチ,Takamori-machi,,,,大字永野原,オオアザナガノハラ,Naganoharu,,,,,,,,0,0,0,0,0,0,1,1,1947-04-17,,0,8691814,,,,,,,,,,,,,,,
434281,0013000,1,熊本県,クマモトケン,Kumamoto,阿蘇郡,アソグン,Aso-gun,高森町,タカモリマチ,Takamori-machi,,,,大字野尻,オオアザノジリ,Nojiri,,,,,,,,0,0,0,0,0,0,1,1,1947-04-17,,0,8691824,,,,,,,,,,,,,,,
434281,0014000,1,熊本県,クマモトケン,Kumamoto,阿蘇郡,アソグン,Aso-gun,高森町,タカモリマチ,Takamori-machi,,,,大字矢津田,オオアザヤツダ,Yatsuda,,,,,,,,0,0,0,0,0,0,1,1,1947-04-17,,0,8691822,,,,,,,,,,,,,,,
434329,0001000,1,熊本県,クマモトケン,Kumamoto,阿蘇郡,アソグン,Aso-gun,西原村,ニシハラムラ,Nishihara-mura,,,,大字河原,オオアザカワハラ,Kawahara,,,,,,,,0,0,0,0,0,0,1,1,1947-04-17,,0,8612404,,,,,,,,,,,,,,,
434329,0002000,1,熊本県,クマモトケン,Kumamoto,阿蘇郡,アソグン,Aso-gun,西原村,ニシハラムラ,Nishihara-mura,,,,大字小森,オオアザコモリ,Komori,,,,,,,,0,0,0,0,0,0,1,1,1947-04-17,,0,8612402,,,,,,,,,,,,,,,
434329,0003000,1,熊本県,クマモトケン,Kumamoto,阿蘇郡,アソグン,Aso-gun,西原村,ニシハラムラ,Nishihara-mura,,,,大字鳥子,オオアザトリコ,Toriko,,,,,,,,0,0,0,0,0,0,1,1,1947-04-17,,0,8612401,,,,,,,,,,,,,,,
434329,0004000,1,熊本県,クマモトケン,Kumamoto,阿蘇郡,アソグン,Aso-gun,西原村,ニシハラムラ,Nishihara-mura,,,,大字布田,オオアザフタ,Futa,,,,,,,,0,0,0,0,0,0,1,1,1947-04-17,,0,8612403,,,,,,,,,,,,,,,
434329,0005000,1,熊本県,クマモトケン,Kumamoto,阿蘇郡,アソグン,Aso-gun,西原村,ニシハラムラ,Nishihara-mura,,,,大字宮山,オオアザミヤヤマ,Miyayama,,,,,,,,0,0,0,0,0,0,1,1,1947-04-17,,0,8612405,,,,,,,,,,,,,,,
434337,0001000,1,熊本県,クマモトケン,Kumamoto,阿蘇郡,アソグン,Aso-gun,南阿蘇村,ミナミアソムラ,Minamiaso-mura,,,,大字一関,オオアザイチゼキ,Ichizeki,,,,,,,,0,0,0,0,0,0,1,1,1947-04-17,,0,8691504,,,,,,,,,,,,,,,
434337,0002000,1,熊本県,クマモトケン,Kumamoto,阿蘇郡,アソグン,Aso-gun,南阿蘇村,ミナミアソムラ,Minamiaso-mura,,,,大字河陰,オオアザカイン,Kain,,,,,,,,0,0,0,0,0,0,1,1,1947-04-17,,0,8691411,,,,,,,,,,,,,,,
434337,0003000,1,熊本県,クマモトケン,Kumamoto,阿蘇郡,アソグン,Aso-gun,南阿蘇村,ミナミアソムラ,Minamiaso-mura,,,,大字河陽,オオアザカワヨウ,Kawayo,,,,,,,,0,0,0,0,0,0,1,1,1947-04-17,,0,8691404,,,,,,,,,,,,,,,
434337,0004000,1,熊本県,クマモトケン,Kumamoto,阿蘇郡,アソグン,Aso-gun,南阿蘇村,ミナミアソムラ,Minamiaso-mura,,,,大字下野,オオアザシモノ,Shimono,,,,,,,,0,0,0,0,0,0,1,1,1947-04-17,,0,8691402,,,,,,,,,,,,,,,
434337,0005000,1,熊本県,クマモトケン,Kumamoto,阿蘇郡,アソグン,Aso-gun,南阿蘇村,ミナミアソムラ,Minamiaso-mura,,,,大字白川,オオアザシラカワ,Shirakawa,,,,,,,,0,0,0,0,0,0,1,1,1947-04-17,,0,8691502,,,,,,,,,,,,,,,
434337,0006000,1,熊本県,クマモトケン,Kumamoto,阿蘇郡,アソグン,Aso-gun,南阿蘇村,ミナミアソムラ,Minamiaso-mura,,,,大字立野,オオアザタテノ,Tateno,,,,,,,,0,0,0,0,0,0,1,1,1947-04-17,,0,8691401,,,,,,,,,,,,,,,
434337,0007000,1,熊本県,クマモトケン,Kumamoto,阿蘇郡,アソグン,Aso-gun,南阿蘇村,ミナミアソムラ,Minamiaso-mura,,,,大字長野,オオアザナガノ,Nagano,,,,,,,,0,0,0,0,0,0,1,1,1947-04-17,,0,8691403,,,,,,,,,,,,,,,
434337,0008000,1,熊本県,クマモトケン,Kumamoto,阿蘇郡,アソグン,Aso-gun,南阿蘇村,ミナミアソムラ,Minamiaso-mura,,,,大字中松,オオアザナカマツ,,,,,,,,,0,0,0,0,0,0,1,1,1947-04-17,,0,,,,,,,,,,,,,,,,
434337,0008121,3,熊本県,クマモトケン,Kumamoto,阿蘇郡,アソグン,Aso-gun,南阿蘇村,ミナミアソムラ,Minamiaso-mura,,,,大字中松,オオアザナカマツ,,,,,古坊中,フルボウチユウ,,,0,0,0,0,0,0,1,0,1947-04-17,,0,,,,,,,,,,,,,,,,
434337,0009000,1,熊本県,クマモトケン,Kumamoto,阿蘇郡,アソグン,Aso-gun,南阿蘇村,ミナミアソムラ,Minamiaso-mura,,,,大字久石,オオアザヒサイシ,Hisaishi,,,,,,,,0,0,0,0,0,0,1,1,1947-04-17,,0,8691412,,,,,,,,,,,,,,,
434337,0010000,1,熊本県,クマモトケン,Kumamoto,阿蘇郡,アソグン,Aso-gun,南阿蘇村,ミナミアソムラ,Minamiaso-mura,,,,大字吉田,オオアザヨシダ,Yoshida,,,,,,,,0,0,0,0,0,0,1,1,1947-04-17,,0,8691503,,,,,,,,,,,,,,,
434337,0011000,1,熊本県,クマモトケン,Kumamoto,阿蘇郡,アソグン,Aso-gun,南阿蘇村,ミナミアソムラ,Minamiaso-mura,,,,大字両併,オオアザリョウヘイ,Ryohei,,,,,,,,0,0,0,0,0,0,1,1,1947-04-17,,0,8691501,,,,,,,,,,,,,,,
434418,0001000,1,熊本県,クマモトケン,Kumamoto,上益城郡,カミマシキグン,Kamimashiki-gun,御船町,ミフネマチ,Mifune-machi,,,,大字上野,オオアザウエノ,Ueno,,,,,,,,0,0,0,0,0,0,1,1,1947-04-17,,0,8613322,,,,,,,,,,,,,,,
434418,0002000,1,熊本県,クマモトケン,Kumamoto,上益城郡,カミマシキグン,Kamimashiki-gun,御船町,ミフネマチ,Mifune-machi,,,,大字小坂,オオアザオザカ,Ozaka,,,,,,,,0,0,0,0,0,0,1,1,1947-04-17,,0,8613202,,,,,,,,,,,,,,,
434418,0003000,1,熊本県,クマモトケン,Kumamoto,上益城郡,カミマシキグン,Kamimashiki-gun,御船町,ミフネマチ,Mifune-machi,,,,大字木倉,オオアザキノクラ,Kinokura,,,,,,,,0,0,0,0,0,0,1,1,1947-04-17,,0,8613204,,,,,,,,,,,,,,,
434418,0004000,1,熊本県,クマモトケン,Kumamoto,上益城郡,カミマシキグン,Kamimashiki-gun,御船町,ミフネマチ,Mifune-machi,,,,大字陣,オオアザジン,Jin,,,,,,,,0,0,0,0,0,0,1,1,1947-04-17,,0,8613201,,,,,,,,,,,,,,,
434418,0005000,1,熊本県,クマモトケン,Kumamoto,上益城郡,カミマシキグン,Kamimashiki-gun,御船町,ミフネマチ,Mifune-machi,,,,大字高木,オオアザタカキ,Takaki,,,,,,,,0,0,0,0,0,0,1,1,1947-04-17,,0,8613203,,,,,,,,,,,,,,,
434418,0006000,1,熊本県,クマモトケン,Kumamoto,上益城郡,カミマシキグン,Kamimashiki-gun,御船町,ミフネマチ,Mifune-machi,,,,大字滝尾,オオアザタキオ,Takio,,,,,,,,0,0,0,0,0,0,1,1,1947-04-17,,0,8613208,,,,,,,,,,,,,,,
434418,0007000,1,熊本県,クマモトケン,Kumamoto,上益城郡,カミマシキグン,Kamimashiki-gun,御船町,ミフネマチ,Mifune-machi,,,,大字滝川,オオアザタキガワ,Takigawa,,,,,,,,0,0,0,0,0,0,1,1,1947-04-17,,0,8613205,,,,,,,,,,,,,,,
434418,0008000,1,熊本県,クマモトケン,Kumamoto,上益城郡,カミマシキグン,Kamimashiki-gun,御船町,ミフネマチ,Mifune-machi,,,,大字田代,オオアザタシロ,Tashiro,,,,,,,,0,0,0,0,0,0,1,1,1947-04-17,,0,8613323,,,,,,,,,,,,,,,
434418,0009000,1,熊本県,クマモトケン,Kumamoto,上益城郡,カミマシキグン,Kamimashiki-gun,御船町,ミフネマチ,Mifune-machi,,,,大字豊秋,オオアザトヨアキ,Toyoaki,,,,,,,,0,0,0,0,0,0,1,1,1947-04-17,,0,8613131,,,,,,,,,,,,,,,
434418,0010000,1,熊本県,クマモトケン,Kumamoto,上益城郡,カミマシキグン,Kamimashiki-gun,御船町,ミフネマチ,Mifune-machi,,,,大字七滝,オオアザナナタキ,,,,,,,,,0,0,0,0,0,0,1,1,1947-04-17,,0,,,,,,,,,,,,,,,,
434418,0011000,1,熊本県,クマモトケン,Kumamoto,上益城郡,カミマシキグン,Kamimashiki-gun,御船町,ミフネマチ,Mifune-machi,,,,大字辺田見,オオアザヘタミ,Hetami,,,,,,,,0,0,0,0,0,0,1,1,1947-04-17,,0,8613206,,,,,,,,,,,,,,,
434418,0012000,1,熊本県,クマモトケン,Kumamoto,上益城郡,カミマシキグン,Kamimashiki-gun,御船町,ミフネマチ,Mifune-machi,,,,大字水越,オオアザミズコシ,Mizukoshi,,,,,,,,0,0,0,0,0,0,1,1,1947-04-17,,0,8613211,,,,,,,,,,,,,,,
434418,0013000,1,熊本県,クマモトケン,Kumamoto,上益城郡,カミマシキグン,Kamimashiki-gun,御船町,ミフネマチ,Mifune-machi,,,,大字御船,オオアザミフネ,Mifune,,,,,,,,0,0,0,0,0,0,1,1,1947-04-17,,0,8613207,,,,,,,,,,,,,,,
434426,0001000,1,熊本県,クマモトケン,Kumamoto,上益城郡,カミマシキグン,Kamimashiki-gun,嘉島町,カシママチ,Kashima-machi,,,,大字井寺,オオアザイテラ,Itera,,,,,,,,0,0,0,0,0,0,1,1,1947-04-17,,0,8613103,,,,,,,,,,,,,,,
434426,0002000,1,熊本県,クマモトケン,Kumamoto,上益城郡,カミマシキグン,Kamimashiki-gun,嘉島町,カシママチ,Kashima-machi,,,,大字犬渕,オオアザイヌブチ,Inubuchi,,,,,,,,0,0,0,0,0,0,1,1,1947-04-17,,0,8613109,,,,,,,,,,,,,,,
434426,0003000,1,熊本県,クマモトケン,Kumamoto,上益城郡,カミマシキグン,Kamimashiki-gun,嘉島町,カシママチ,Kashima-machi,,,,大字上島,オオアザウエジマ,Uejima,,,,,,,,0,0,0,0,0,0,1,1,1947-04-17,,0,8613106,,,,,,,,,,,,,,,
434426,0004000,1,熊本県,クマモトケン,Kumamoto,上益城郡,カミマシキグン,Kamimashiki-gun,嘉島町,カシママチ,Kashima-machi,,,,大字上仲間,オオアザカミナカマ,Kaminakama,,,,,,,,0,0,0,0,0,0,1,1,1947-04-17,,0,8613107,,,,,,,,,,,,,,,
434426,0005000,1,熊本県,クマモトケン,Kumamoto,上益城郡,カミマシキグン,Kamimashiki-gun,嘉島町,カシママチ,Kashima-machi,,,,大字上六嘉,オオアザカミロッカ,Kamirokka,,,,,,,,0,0,0,0,0,0,1,1,1947-04-17,,0,8613105,,,,,,,,,,,,,,,
434426,0006000,1,熊本県,クマモトケン,Kumamoto,上益城郡,カミマシキグン,Kamimashiki-gun,嘉島町,カシママチ,Kashima-machi,,,,大字北甘木,オオアザキタアマギ,Kitaamagi,,,,,,,,0,0,0,0,0,0,1,1,1947-04-17,,0,8613104,,,,,,,,,,,,,,,
434426,0007000,1,熊本県,クマモトケン,Kumamoto,上益城郡,カミマシキグン,Kamimashiki-gun,嘉島町,カシママチ,Kashima-machi,,,,大字下仲間,オオアザシモナカマ,Shimonakama,,,,,,,,0,0,0,0,0,0,1,1,1947-04-17,,0,8613108,,,,,,,,,,,,,,,
434426,0008000,1,熊本県,クマモトケン,Kumamoto,上益城郡,カミマシキグン,Kamimashiki-gun,嘉島町,カシママチ,Kashima-machi,,,,大字下六嘉,オオアザシモロッカ,Shimorokka,,,,,,,,0,0,0,0,0,0,1,1,1947-04-17,,0,8613102,,,,,,,,,,,,,,,
434426,0009000,1,熊本県,クマモトケン,Kumamoto,上益城郡,カミマシキグン,Kamimashiki-gun,嘉島町,カシママチ,Kashima-machi,,,,大字鯰,オオアザナマズ,Namazu,,,,,,,,0,0,0,0,0,0,1,1,1947-04-17,,0,8613101,,,,,,,,,,,,,,,
434434,0001000,1,熊本県,クマモトケン,Kumamoto,上益城郡,カミマシキグン,Kamimashiki-gun,益城町,マシキマチ,Mashiki-machi,,,,大字赤井,オオアザアカイ,Akai,,,,,,,,0,0,0,0,0,0,1,1,1947-04-17,,0,8612221,,,,,,,,,,,,,,,
434434,0002000,1,熊本県,クマモトケン,Kumamoto,上益城郡,カミマシキグン,Kamimashiki-gun,益城町,マシキマチ,Mashiki-machi,,,,大字小池,オオアザオイケ,Oike,,,,,,,,0,0,0,0,0,0,1,1,1947-04-17,,0,8612223,,,,,,,,,,,,,,,
434434,0003000,1,熊本県,クマモトケン,Kumamoto,上益城郡,カミマシキグン,Kamimashiki-gun,益城町,マシキマチ,Mashiki-machi,,,,大字小谷,オオアザオヤツ,Oyatsu,,,,,,,,0,0,0,0,0,0,1,1,1947-04-17,,0,8612204,,,,,,,,,,,,,,,
434434,0004000,1,熊本県,クマモトケン,Kumamoto,上益城郡,カミマシキグン,Kamimashiki-gun,益城町,マシキマチ,Mashiki-machi,,,,大字上陳,オオアザカミジン,Kamijin,,,,,,,,0,0,0,0,0,0,1,1,1947-04-17,,0,8612203,,,,,,,,,,,,,,,
434434,0005000,1,熊本県,クマモトケン,Kumamoto,上益城郡,カミマシキグン,Kamimashiki-gun,益城町,マシキマチ,Mashiki-machi,,,,大字木山,オオアザキヤマ,Kiyama,,,,,,,,0,0,0,0,0,0,1,1,1947-04-17,,0,8612242,,,,,,,,,,,,,,,
434434,0006000,1,熊本県,クマモトケン,Kumamoto,上益城郡,カミマシキグン,Kamimashiki-gun,益城町,マシキマチ,Mashiki-machi,,,,大字古閑,オオアザコガ,Koga,,,,,,,,0,0,0,0,0,0,1,1,1947-04-17,,0,8612234,,,,,,,,,,,,,,,
434434,0007000,1,熊本県,クマモトケン,Kumamoto,上益城郡,カミマシキグン,Kamimashiki-gun,益城町,マシキマチ,Mashiki-machi,,,,大字寺中,オオアザジチュウ,Jichu,,,,,,,,0,0,0,0,0,0,1,1,1947-04-17,,0,8612201,,,,,,,,,,,,,,,
434434,0008000,1,熊本県,クマモトケン,Kumamoto,上益城郡,カミマシキグン,Kamimashiki-gun,益城町,マシキマチ,Mashiki-machi,,,,大字島田,オオアザシマダ,Shimada,,,,,,,,0,0,0,0,0,0,1,1,1947-04-17,,0,8612224,,,,,,,,,,,,,,,
434434,0009000,1,熊本県,クマモトケン,Kumamoto,上益城郡,カミマシキグン,Kamimashiki-gun,益城町,マシキマチ,Mashiki-machi,,,,大字下陳,オオアザシモジン,Shimojin,,,,,,,,0,0,0,0,0,0,1,1,1947-04-17,,0,8612206,,,,,,,,,,,,,,,
434434,0010000,1,熊本県,クマモトケン,Kumamoto,上益城郡,カミマシキグン,Kamimashiki-gun,益城町,マシキマチ,Mashiki-machi,,,,大字杉堂,オオアザスギドウ,Sugido,,,,,,,,0,0,0,0,0,0,1,1,1947-04-17,,0,8612205,,,,,,,,,,,,,,,
434434,0011000,1,熊本県,クマモトケン,Kumamoto,上益城郡,カミマシキグン,Kamimashiki-gun,益城町,マシキマチ,Mashiki-machi,,,,大字惣領,オオアザソウリョウ,Soryo,,,,,,,,0,0,0,0,0,0,1,1,1947-04-17,,0,8612233,,,,,,,,,,,,,,,
434434,0012000,1,熊本県,クマモトケン,Kumamoto,上益城郡,カミマシキグン,Kamimashiki-gun,益城町,マシキマチ,Mashiki-machi,,,,大字田原,オオアザタバル,Tabaru,,,,,,,,0,0,0,0,0,0,1,1,1947-04-17,,0,8612202,,,,,,,,,,,,,,,
434434,0013000,1,熊本県,クマモトケン,Kumamoto,上益城郡,カミマシキグン,Kamimashiki-gun,益城町,マシキマチ,Mashiki-machi,,,,大字辻の城,オオアザツジノシロ,Tsujinoshiro,,,,,,,,0,0,0,0,0,0,1,1,1947-04-17,,0,8612243,,*_*_MJ025760_*_*,,,,,,,,,,,,,
434434,0014000,1,熊本県,クマモトケン,Kumamoto,上益城郡,カミマシキグン,Kamimashiki-gun,益城町,マシキマチ,Mashiki-machi,,,,大字寺迫,オオアザテラサコ,Terasako,,,,,,,,0,0,0,0,0,0,1,1,1947-04-17,,0,8612244,,,,,,,,,,,,,,,
434434,0015000,1,熊本県,クマモトケン,Kumamoto,上益城郡,カミマシキグン,Kamimashiki-gun,益城町,マシキマチ,Mashiki-machi,,,,大字砥川,オオアザトガワ,Togawa,,,,,,,,0,0,0,0,0,0,1,1,1947-04-17,,0,8612222,,,,,,,,,,,,,,,
434434,0016000,1,熊本県,クマモトケン,Kumamoto,上益城郡,カミマシキグン,Kamimashiki-gun,益城町,マシキマチ,Mashiki-machi,,,,大字平田,オオアザヒラタ,Hirata,,,,,,,,0,0,0,0,0,0,1,1,1947-04-17,,0,8612212,,,,,,,,,,,,,,,
434434,0017000,1,熊本県,クマモトケン,Kumamoto,上益城郡,カミマシキグン,Kamimashiki-gun,益城町,マシキマチ,Mashiki-machi,,,,大字広崎,オオアザヒロサキ,Hirosaki,,,,,,,,0,0,0,0,0,0,1,1,1947-04-17,,0,8612236,,,,,,,,,,,,,,,
434434,0018000,1,熊本県,クマモトケン,Kumamoto,上益城郡,カミマシキグン,Kamimashiki-gun,益城町,マシキマチ,Mashiki-machi,,,,大字福富,オオアザフクドミ,Fukudomi,,,,,,,,0,0,0,0,0,0,1,1,1947-04-17,,0,8612235,,,,,,,,,,,,,,,
434434,0019000,1,熊本県,クマモトケン,Kumamoto,上益城郡,カミマシキグン,Kamimashiki-gun,益城町,マシキマチ,Mashiki-machi,,,,大字福原,オオアザフクハラ,Fukuhara,,,,,,,,0,0,0,0,0,0,1,1,1947-04-17,,0,8612211,,,,,,,,,,,,,,,
434434,0020000,1,熊本県,クマモトケン,Kumamoto,上益城郡,カミマシキグン,Kamimashiki-gun,益城町,マシキマチ,Mashiki-machi,,,,大字馬水,オオアザマミズ,Mamizu,,,,,,,,0,0,0,0,0,0,1,1,1947-04-17,,0,8612232,,,,,,,,,,,,,,,
434434,0021000,1,熊本県,クマモトケン,Kumamoto,上益城郡,カミマシキグン,Kamimashiki-gun,益城町,マシキマチ,Mashiki-machi,,,,大字宮園,オオアザミヤゾノ,Miyazono,,,,,,,,0,0,0,0,0,0,1,1,1947-04-17,,0,8612241,,,,,,,,,,,,,,,
434434,0022000,1,熊本県,クマモトケン,Kumamoto,上益城郡,カミマシキグン,Kamimashiki-gun,益城町,マシキマチ,Mashiki-machi,,,,大字安永,オオアザヤスナガ,Yasunaga,,,,,,,,0,0,0,0,0,0,1,1,1947-04-17,,0,8612231,,,,,,,,,,,,,,,
434442,0001000,1,熊本県,クマモトケン,Kumamoto,上益城郡,カミマシキグン,Kamimashiki-gun,甲佐町,コウサマチ,Kosa-machi,,,,大字麻生原,オオアザアソバル,Asobaru,,,,,,,,0,0,0,0,0,0,1,1,1947-04-17,,0,8614618,,,,,,,,,,,,,,,
434442,0002000,1,熊本県,クマモトケン,Kumamoto,上益城郡,カミマシキグン,Kamimashiki-gun,甲佐町,コウサマチ,Kosa-machi,,,,大字有安,オオアザアリヤス,Ariyasu,,,,,,,,0,0,0,0,0,0,1,1,1947-04-17,,0,8614605,,,,,,,,,,,,,,,
434442,0003000,1,熊本県,クマモトケン,Kumamoto,上益城郡,カミマシキグン,Kamimashiki-gun,甲佐町,コウサマチ,Kosa-machi,,,,大字糸田,オオアザイトダ,Itoda,,,,,,,,0,0,0,0,0,0,1,1,1947-04-17,,0,8613242,,,,,,,,,,,,,,,
434442,0004000,1,熊本県,クマモトケン,Kumamoto,上益城郡,カミマシキグン,Kamimashiki-gun,甲佐町,コウサマチ,Kosa-machi,,,,大字岩下,オオアザイワシタ,Iwashita,,,,,,,,0,0,0,0,0,0,1,1,1947-04-17,,0,8614601,,,,,,,,,,,,,,,
434442,0005000,1,熊本県,クマモトケン,Kumamoto,上益城郡,カミマシキグン,Kamimashiki-gun,甲佐町,コウサマチ,Kosa-machi,,,,大字大町,オオアザオオマチ,Omachi,,,,,,,,0,0,0,0,0,0,1,1,1947-04-17,,0,8614604,,,,,,,,,,,,,,,
434442,0006000,1,熊本県,クマモトケン,Kumamoto,上益城郡,カミマシキグン,Kamimashiki-gun,甲佐町,コウサマチ,Kosa-machi,,,,大字小鹿,オオアザオガ,Oga,,,,,,,,0,0,0,0,0,0,1,1,1947-04-17,,0,8614634,,,,,,,,,,,,,,,
434442,0007000,1,熊本県,クマモトケン,Kumamoto,上益城郡,カミマシキグン,Kamimashiki-gun,甲佐町,コウサマチ,Kosa-machi,,,,大字上揚,オオアザカミアゲ,Kamiage,,,,,,,,0,0,0,0,0,0,1,1,1947-04-17,,0,8614631,,,,,,,,,,,,,,,
434442,0008000,1,熊本県,クマモトケン,Kumamoto,上益城郡,カミマシキグン,Kamimashiki-gun,甲佐町,コウサマチ,Kosa-machi,,,,大字上早川,オオアザカミソウガワ,Kamisogawa,,,,,,,,0,0,0,0,0,0,1,1,1947-04-17,,0,8614622,,,,,,,,,,,,,,,
434442,0009000,1,熊本県,クマモトケン,Kumamoto,上益城郡,カミマシキグン,Kamimashiki-gun,甲佐町,コウサマチ,Kosa-machi,,,,大字坂谷,オオアザサカダニ,Sakadani,,,,,,,,0,0,0,0,0,0,1,1,1947-04-17,,0,8614632,,,,,,,,,,,,,,,
434442,0010000,1,熊本県,クマモトケン,Kumamoto,上益城郡,カミマシキグン,Kamimashiki-gun,甲佐町,コウサマチ,Kosa-machi,,,,大字芝原,オオアザシバワラ,Shibawara,,,,,,,,0,0,0,0,0,0,1,1,1947-04-17,,0,8613244,,,,,,,,,,,,,,,
434442,0011000,1,熊本県,クマモトケン,Kumamoto,上益城郡,カミマシキグン,Kamimashiki-gun,甲佐町,コウサマチ,Kosa-machi,,,,大字下横田,オオアザシモヨコタ,Shimoyokota,,,,,,,,0,0,0,0,0,0,1,1,1947-04-17,,0,8614621,,,,,,,,,,,,,,,
434442,0012000,1,熊本県,クマモトケン,Kumamoto,上益城郡,カミマシキグン,Kamimashiki-gun,甲佐町,コウサマチ,Kosa-machi,,,,大字白旗,オオアザシラハタ,Shirahata,,,,,,,,0,0,0,0,0,0,1,1,1947-04-17,,0,8613243,,,,,,,,,,,,,,,
434442,0013000,1,熊本県,クマモトケン,Kumamoto,上益城郡,カミマシキグン,Kamimashiki-gun,甲佐町,コウサマチ,Kosa-machi,,,,大字早川,オオアザソウガワ,Sogawa,,,,,,,,0,0,0,0,0,0,1,1,1947-04-17,,0,8613241,,,,,,,,,,,,,,,
434442,0014000,1,熊本県,クマモトケン,Kumamoto,上益城郡,カミマシキグン,Kamimashiki-gun,甲佐町,コウサマチ,Kosa-machi,,,,大字田口,オオアザタグチ,Taguchi,,,,,,,,0,0,0,0,0,0,1,1,1947-04-17,,0,8614616,,,,,,,,,,,,,,,
434442,0015000,1,熊本県,クマモトケン,Kumamoto,上益城郡,カミマシキグン,Kamimashiki-gun,甲佐町,コウサマチ,Kosa-machi,,,,大字津志田,オオアザツシダ,Tsushida,,,,,,,,0,0,0,0,0,0,1,1,1947-04-17,,0,8614617,,,,,,,,,,,,,,,
434442,0016000,1,熊本県,クマモトケン,Kumamoto,上益城郡,カミマシキグン,Kamimashiki-gun,甲佐町,コウサマチ,Kosa-machi,,,,大字豊内,オオアザトヨウチ,Toyochi,,,,,,,,0,0,0,0,0,0,1,1,1947-04-17,,0,8614607,,,,,,,,,,,,,,,
434442,0017000,1,熊本県,クマモトケン,Kumamoto,上益城郡,カミマシキグン,Kamimashiki-gun,甲佐町,コウサマチ,Kosa-machi,,,,大字中山,オオアザナカヤマ,Nakayama,,,,,,,,0,0,0,0,0,0,1,1,1947-04-17,,0,8614614,,,,,,,,,,,,,,,
434442,0018000,1,熊本県,クマモトケン,Kumamoto,上益城郡,カミマシキグン,Kamimashiki-gun,甲佐町,コウサマチ,Kosa-machi,,,,大字中横田,オオアザナカヨコタ,Nakayokota,,,,,,,,0,0,0,0,0,0,1,1,1947-04-17,,0,8614623,,,,,,,,,,,,,,,
434442,0019000,1,熊本県,クマモトケン,Kumamoto,上益城郡,カミマシキグン,Kamimashiki-gun,甲佐町,コウサマチ,Kosa-machi,,,,大字西寒野,オオアザニシサマノ,Nishisamano,,,,,,,,0,0,0,0,0,0,1,1,1947-04-17,,0,8614609,,,,,,,,,,,,,,,
434442,0020000,1,熊本県,クマモトケン,Kumamoto,上益城郡,カミマシキグン,Kamimashiki-gun,甲佐町,コウサマチ,Kosa-machi,,,,大字西原,オオアザニシハル,Nishiharu,,,,,,,,0,0,0,0,0,0,1,1,1947-04-17,,0,8614633,,,,,,,,,,,,,,,
434442,0021000,1,熊本県,クマモトケン,Kumamoto,上益城郡,カミマシキグン,Kamimashiki-gun,甲佐町,コウサマチ,Kosa-machi,,,,大字仁田子,オオアザニタゴ,Nitago,,,,,,,,0,0,0,0,0,0,1,1,1947-04-17,,0,8614603,,,,,,,,,,,,,,,
434442,0022000,1,熊本県,クマモトケン,Kumamoto,上益城郡,カミマシキグン,Kamimashiki-gun,甲佐町,コウサマチ,Kosa-machi,,,,大字東寒野,オオアザヒガシサマノ,Higashisamano,,,,,,,,0,0,0,0,0,0,1,1,1947-04-17,,0,8614608,,,,,,,,,,,,,,,
434442,0023000,1,熊本県,クマモトケン,Kumamoto,上益城郡,カミマシキグン,Kamimashiki-gun,甲佐町,コウサマチ,Kosa-machi,,,,大字船津,オオアザフナツ,Funatsu,,,,,,,,0,0,0,0,0,0,1,1,1947-04-17,,0,8614611,,,,,,,,,,,,,,,
434442,0024000,1,熊本県,クマモトケン,Kumamoto,上益城郡,カミマシキグン,Kamimashiki-gun,甲佐町,コウサマチ,Kosa-machi,,,,大字府領,オオアザフリョウ,Furyo,,,,,,,,0,0,0,0,0,0,1,1,1947-04-17,,0,8614615,,,,,,,,,,,,,,,
434442,0025000,1,熊本県,クマモトケン,Kumamoto,上益城郡,カミマシキグン,Kamimashiki-gun,甲佐町,コウサマチ,Kosa-machi,,,,大字緑町,オオアザミドリマチ,Midorimachi,,,,,,,,0,0,0,0,0,0,1,1,1947-04-17,,0,8614602,,,,,,,,,,,,,,,
434442,0026000,1,熊本県,クマモトケン,Kumamoto,上益城郡,カミマシキグン,Kamimashiki-gun,甲佐町,コウサマチ,Kosa-machi,,,,大字南三箇,オオアザミナミサンガ,Minamisanga,,,,,,,,0,0,0,0,0,0,1,1,1947-04-17,,0,8614613,,,,,,,,,,,,,,,
434442,0027000,1,熊本県,クマモトケン,Kumamoto,上益城郡,カミマシキグン,Kamimashiki-gun,甲佐町,コウサマチ,Kosa-machi,,,,大字安平,オオアザヤスヒラ,Yasuhira,,,,,,,,0,0,0,0,0,0,1,1,1947-04-17,,0,8614635,,,,,,,,,,,,,,,
434442,0028000,1,熊本県,クマモトケン,Kumamoto,上益城郡,カミマシキグン,Kamimashiki-gun,甲佐町,コウサマチ,Kosa-machi,,,,大字横田,オオアザヨコタ,Yokota,,,,,,,,0,0,0,0,0,0,1,1,1947-04-17,,0,8614606,,,,,,,,,,,,,,,
434442,0029000,1,熊本県,クマモトケン,Kumamoto,上益城郡,カミマシキグン,Kamimashiki-gun,甲佐町,コウサマチ,Kosa-machi,,,,大字吉田,オオアザヨシダ,Yoshida,,,,,,,,0,0,0,0,0,0,1,1,1947-04-17,,0,8613245,,,,,,,,,,,,,,,
434442,0030000,1,熊本県,クマモトケン,Kumamoto,上益城郡,カミマシキグン,Kamimashiki-gun,甲佐町,コウサマチ,Kosa-machi,,,,大字世持,オオアザヨモチ,Yomochi,,,,,,,,0,0,0,0,0,0,1,1,1947-04-17,,0,8614612,,,,,,,,,,,,,,,
434477,0001000,1,熊本県,クマモトケン,Kumamoto,上益城郡,カミマシキグン,Kamimashiki-gun,山都町,ヤマトチョウ,Yamato-cho,,,,麻山,アサヤマ,Asayama,,,,,,,,0,0,0,0,0,0,1,1,1947-04-17,,0,8613781,,,,,,,,,,,,,,,
434477,0002000,1,熊本県,クマモトケン,Kumamoto,上益城郡,カミマシキグン,Kamimashiki-gun,山都町,ヤマトチョウ,Yamato-cho,,,,芦屋田,アシヤダ,Ashiyada,,,,,,,,0,0,0,0,0,0,1,1,1947-04-17,,0,8613541,,MJ021561_*_*,,,,,,,,,,,,,
434477,0004000,1,熊本県,クマモトケン,Kumamoto,上益城郡,カミマシキグン,Kamimashiki-gun,山都町,ヤマトチョウ,Yamato-cho,,,,伊勢,イセ,Ise,,,,,,,,0,0,0,0,0,0,1,1,1947-04-17,,0,8613937,,,,,,,,,,,,,,,
434477,0005000,1,熊本県,クマモトケン,Kumamoto,上益城郡,カミマシキグン,Kamimashiki-gun,山都町,ヤマトチョウ,Yamato-cho,,,,市の原,イチノハル,,,,,,,,,0,0,0,0,0,0,1,1,1947-04-17,,0,,,,,,,,,,,,,,,,
434477,0006000,1,熊本県,クマモトケン,Kumamoto,上益城郡,カミマシキグン,Kamimashiki-gun,山都町,ヤマトチョウ,Yamato-cho,,,,市原,イチバル,Ichibaru,,,,,,,,0,0,0,0,0,0,1,1,1947-04-17,,0,8613542,,,,,,,,,,,,,,,
434477,0007000,1,熊本県,クマモトケン,Kumamoto,上益城郡,カミマシキグン,Kamimashiki-gun,山都町,ヤマトチョウ,Yamato-cho,,,,犬飼,イヌカイ,Inukai,,,,,,,,0,0,0,0,0,0,1,1,1947-04-17,,0,8613665,,,,,,,,,,,,,,,
434477,0008000,1,熊本県,クマモトケン,Kumamoto,上益城郡,カミマシキグン,Kamimashiki-gun,山都町,ヤマトチョウ,Yamato-cho,,,,今,イマ,Ima,,,,,,,,0,0,0,0,0,0,1,1,1947-04-17,,0,8613913,,,,,,,,,,,,,,,
434477,0011000,1,熊本県,クマモトケン,Kumamoto,上益城郡,カミマシキグン,Kamimashiki-gun,山都町,ヤマトチョウ,Yamato-cho,,,,大平,オオヒラ,Ohira,,,,,,,,0,0,0,0,0,0,1,1,1947-04-17,,0,8613811,,,,,,,,,,,,,,,
434477,0013000,1,熊本県,クマモトケン,Kumamoto,上益城郡,カミマシキグン,Kamimashiki-gun,山都町,ヤマトチョウ,Yamato-cho,,,,小笹,オササ,Ozasa,,,,,,,,0,0,0,0,0,0,1,1,1947-04-17,,0,8613788,,,,,,,,,,,,,,,
434477,0014000,1,熊本県,クマモトケン,Kumamoto,上益城郡,カミマシキグン,Kamimashiki-gun,山都町,ヤマトチョウ,Yamato-cho,,,,男成,オトコナリ,Otokonari,,,,,,,,0,0,0,0,0,0,1,1,1947-04-17,,0,8613789,,,,,,,,,,,,,,,
434477,0017000,1,熊本県,クマモトケン,Kumamoto,上益城郡,カミマシキグン,Kamimashiki-gun,山都町,ヤマトチョウ,Yamato-cho,,,,柏,カシワ,Kashiwa,,,,,,,,0,0,0,0,0,0,1,1,1947-04-17,,0,8613923,,,,,,,,,,,,,,,
434477,0019000,1,熊本県,クマモトケン,Kumamoto,上益城郡,カミマシキグン,Kamimashiki-gun,山都町,ヤマトチョウ,Yamato-cho,,,,鎌野,カマノ,Kamano,,,,,,,,0,0,0,0,0,0,1,1,1947-04-17,,0,8613843,,,,,,,,,,,,,,,
434477,0020000,1,熊本県,クマモトケン,Kumamoto,上益城郡,カミマシキグン,Kamimashiki-gun,山都町,ヤマトチョウ,Yamato-cho,,,,上川井野,カミガワイノ,Kamigawaino,,,,,,,,0,0,0,0,0,0,1,1,1947-04-17,,0,8613782,,,,,,,,,,,,,,,
434477,0022000,1,熊本県,クマモトケン,Kumamoto,上益城郡,カミマシキグン,Kamimashiki-gun,山都町,ヤマトチョウ,Yamato-cho,,,,神ノ前,カミノマエ,Kaminomae,,,,,,,,0,0,0,0,0,0,1,1,1947-04-17,,0,8613906,,,,,,,,,,,,,,,
434477,0023000,1,熊本県,クマモトケン,Kumamoto,上益城郡,カミマシキグン,Kamimashiki-gun,山都町,ヤマトチョウ,Yamato-cho,,,,仮屋,カリヤ,Kariya,,,,,,,,0,0,0,0,0,0,1,1,1947-04-17,,0,8613841,,,,,,,,,,,,,,,
434477,0024000,1,熊本県,クマモトケン,Kumamoto,上益城郡,カミマシキグン,Kamimashiki-gun,山都町,ヤマトチョウ,Yamato-cho,,,,川口,カワグチ,Kawaguchi,,,,,,,,0,0,0,0,0,0,1,1,1947-04-17,,0,8613813,,,,,,,,,,,,,,,
434477,0025000,1,熊本県,クマモトケン,Kumamoto,上益城郡,カミマシキグン,Kamimashiki-gun,山都町,ヤマトチョウ,Yamato-cho,,,,川野,カワノ,Kawano,,,,,,,,0,0,0,0,0,0,1,1,1947-04-17,,0,8613784,,,,,,,,,,,,,,,
434477,0026000,1,熊本県,クマモトケン,Kumamoto,上益城郡,カミマシキグン,Kamimashiki-gun,山都町,ヤマトチョウ,Yamato-cho,,,,北中島,キタナカシマ,Kitanakashima,,,,,,,,0,0,0,0,0,0,1,1,1947-04-17,,0,8613455,,,,,,,,,,,,,,,
434477,0028000,1,熊本県,クマモトケン,Kumamoto,上益城郡,カミマシキグン,Kamimashiki-gun,山都町,ヤマトチョウ,Yamato-cho,,,,葛原,クズハラ,Kuzuhara,,,,,,,,0,0,0,0,0,0,1,1,1947-04-17,,0,8613531,,MJ022335_*,,,,,,,,,,,,,
434477,0029000,1,熊本県,クマモトケン,Kumamoto,上益城郡,カミマシキグン,Kamimashiki-gun,山都町,ヤマトチョウ,Yamato-cho,,,,黒川,クロカワ,Kurokawa,,,,,,,,0,0,0,0,0,0,1,1,1947-04-17,,0,8613501,,,,,,,,,,,,,,,
434477,0030000,1,熊本県,クマモトケン,Kumamoto,上益城郡,カミマシキグン,Kamimashiki-gun,山都町,ヤマトチョウ,Yamato-cho,,,,下馬尾,ゲバオ,Gebao,,,,,,,,0,0,0,0,0,0,1,1,1947-04-17,,0,8613512,,,,,,,,,,,,,,,
434477,0031000,1,熊本県,クマモトケン,Kumamoto,上益城郡,カミマシキグン,Kamimashiki-gun,山都町,ヤマトチョウ,Yamato-cho,,,,高月,コウズキ,Kozuki,,,,,,,,0,0,0,0,0,0,1,1,1947-04-17,,0,8613834,,,,,,,,,,,,,,,
434477,0032000,1,熊本県,クマモトケン,Kumamoto,上益城郡,カミマシキグン,Kamimashiki-gun,山都町,ヤマトチョウ,Yamato-cho,,,,郷野原,ゴウノハル,Gonoharu,,,,,,,,0,0,0,0,0,0,1,1,1947-04-17,,0,8613831,,,,,,,,,,,,,,,
434477,0033000,1,熊本県,クマモトケン,Kumamoto,上益城郡,カミマシキグン,Kamimashiki-gun,山都町,ヤマトチョウ,Yamato-cho,,,,御所,ゴショ,Gosho,,,,,,,,0,0,0,0,0,0,1,1,1947-04-17,,0,8613502,,,,,,,,,,,,,,,
434477,0034000,1,熊本県,クマモトケン,Kumamoto,上益城郡,カミマシキグン,Kamimashiki-gun,山都町,ヤマトチョウ,Yamato-cho,,,,小中竹,コナカダケ,Konakadake,,,,,,,,0,0,0,0,0,0,1,1,1947-04-17,,0,8613803,,,,,,,,,,,,,,,
434477,0035000,1,熊本県,クマモトケン,Kumamoto,上益城郡,カミマシキグン,Kamimashiki-gun,山都町,ヤマトチョウ,Yamato-cho,,,,猿渡,サルワタリ,Saruwatari,,,,,,,,0,0,0,0,0,0,1,1,1947-04-17,,0,8613532,,,,,,,,,,,,,,,
434477,0036000,1,熊本県,クマモトケン,Kumamoto,上益城郡,カミマシキグン,Kamimashiki-gun,山都町,ヤマトチョウ,Yamato-cho,,,,三ケ,サンガ,Sanga,,,,,,,,0,0,0,0,0,0,1,1,1947-04-17,,0,8613533,,,,,,,,,,,,,,,
434477,0037000,1,熊本県,クマモトケン,Kumamoto,上益城郡,カミマシキグン,Kamimashiki-gun,山都町,ヤマトチョウ,Yamato-cho,,,,塩出迫,シオイデサコ,Shioidesako,,,,,,,,0,0,0,0,0,0,1,1,1947-04-17,,0,8613915,,,,,,,,,,,,,,,
434477,0038000,1,熊本県,クマモトケン,Kumamoto,上益城郡,カミマシキグン,Kamimashiki-gun,山都町,ヤマトチョウ,Yamato-cho,,,,塩原,シオバル,Shiobaru,,,,,,,,0,0,0,0,0,0,1,1,1947-04-17,,0,8613916,,,,,,,,,,,,,,,
434477,0039000,1,熊本県,クマモトケン,Kumamoto,上益城郡,カミマシキグン,Kamimashiki-gun,山都町,ヤマトチョウ,Yamato-cho,,,,島木,シマキ,Shimaki,,,,,,,,0,0,0,0,0,0,1,1,1947-04-17,,0,8613454,,,,,,,,,,,,,,,
434477,0040000,1,熊本県,クマモトケン,Kumamoto,上益城郡,カミマシキグン,Kamimashiki-gun,山都町,ヤマトチョウ,Yamato-cho,,,,下市,シモイチ,Shimoichi,,,,,,,,0,0,0,0,0,0,1,1,1947-04-17,,0,8613513,,,,,,,,,,,,,,,
434477,0042000,1,熊本県,クマモトケン,Kumamoto,上益城郡,カミマシキグン,Kamimashiki-gun,山都町,ヤマトチョウ,Yamato-cho,,,,下名連石,シモナレイシ,Shimonareishi,,,,,,,,0,0,0,0,0,0,1,1,1947-04-17,,0,8613503,,,,,,,,,,,,,,,
434477,0044000,1,熊本県,クマモトケン,Kumamoto,上益城郡,カミマシキグン,Kamimashiki-gun,山都町,ヤマトチョウ,Yamato-cho,,,,上寺,ジョウテラ,Jotera,,,,,,,,0,0,0,0,0,0,1,1,1947-04-17,,0,8613543,,,,,,,,,,,,,,,
434477,0048000,1,熊本県,クマモトケン,Kumamoto,上益城郡,カミマシキグン,Kamimashiki-gun,山都町,ヤマトチョウ,Yamato-cho,,,,白藤,シラフジ,Shirafuji,,,,,,,,0,0,0,0,0,0,1,1,1947-04-17,,0,8613664,,,,,,,,,,,,,,,
434477,0049000,1,熊本県,クマモトケン,Kumamoto,上益城郡,カミマシキグン,Kamimashiki-gun,山都町,ヤマトチョウ,Yamato-cho,,,,新小,シンコ,Shinko,,,,,,,,0,0,0,0,0,0,1,1,1947-04-17,,0,8613663,,,,,,,,,,,,,,,
434477,0051000,1,熊本県,クマモトケン,Kumamoto,上益城郡,カミマシキグン,Kamimashiki-gun,山都町,ヤマトチョウ,Yamato-cho,,,,菅,スゲ,Suge,,,,,,,,0,0,0,0,0,0,1,1,1947-04-17,,0,8613671,,,,,,,,,,,,,,,
434477,0053000,1,熊本県,クマモトケン,Kumamoto,上益城郡,カミマシキグン,Kamimashiki-gun,山都町,ヤマトチョウ,Yamato-cho,,,,須原,スバル,Subaru,,,,,,,,0,0,0,0,0,0,1,1,1947-04-17,,0,8613805,,,,,,,,,,,,,,,
434477,0054000,1,熊本県,クマモトケン,Kumamoto,上益城郡,カミマシキグン,Kamimashiki-gun,山都町,ヤマトチョウ,Yamato-cho,,,,勢井,ゼイ,Zei,,,,,,,,0,0,0,0,0,0,1,1,1947-04-17,,0,8613523,,,,,,,,,,,,,,,
434477,0055000,1,熊本県,クマモトケン,Kumamoto,上益城郡,カミマシキグン,Kamimashiki-gun,山都町,ヤマトチョウ,Yamato-cho,,,,千滝,センダキ,Sendaki,,,,,,,,0,0,0,0,0,0,1,1,1947-04-17,,0,8613516,,,,,,,,,,,,,,,
434477,0057000,1,熊本県,クマモトケン,Kumamoto,上益城郡,カミマシキグン,Kamimashiki-gun,山都町,ヤマトチョウ,Yamato-cho,,,,高辻,タカツジ,Takatsuji,,,,,,,,0,0,0,0,0,0,1,1,1947-04-17,,0,8613933,,*_MJ025760,,,,,,,,,,,,,
434477,0059000,1,熊本県,クマモトケン,Kumamoto,上益城郡,カミマシキグン,Kamimashiki-gun,山都町,ヤマトチョウ,Yamato-cho,,,,滝上,タキガミ,Takigami,,,,,,,,0,0,0,0,0,0,1,1,1947-04-17,,0,8613902,,,,,,,,,,,,,,,
434477,0064000,1,熊本県,クマモトケン,Kumamoto,上益城郡,カミマシキグン,Kamimashiki-gun,山都町,ヤマトチョウ,Yamato-cho,,,,津留,ツル,Tsuru,,,,,,,,0,0,0,0,0,0,1,1,1947-04-17,,0,8613673,,,,,,,,,,,,,,,
434477,0065000,1,熊本県,クマモトケン,Kumamoto,上益城郡,カミマシキグン,Kamimashiki-gun,山都町,ヤマトチョウ,Yamato-cho,,,,鶴ケ田,ツルガタ,Tsuruketa,,,,,,,,0,0,0,0,0,0,1,1,1947-04-17,,0,8613812,,,,,,,,,,,,,,,
434477,0066000,1,熊本県,クマモトケン,Kumamoto,上益城郡,カミマシキグン,Kamimashiki-gun,山都町,ヤマトチョウ,Yamato-cho,,,,長崎,ナガサキ,Nagasaki,,,,,,,,0,0,0,0,0,0,1,1,1947-04-17,,0,8613908,,,,,,,,,,,,,,,
434477,0069000,1,熊本県,クマモトケン,Kumamoto,上益城郡,カミマシキグン,Kamimashiki-gun,山都町,ヤマトチョウ,Yamato-cho,,,,長原,ナガハラ,Nagahara,,,,,,,,0,0,0,0,0,0,1,1,1947-04-17,,0,8613661,,,,,,,,,,,,,,,
434477,0070000,1,熊本県,クマモトケン,Kumamoto,上益城郡,カミマシキグン,Kamimashiki-gun,山都町,ヤマトチョウ,Yamato-cho,,,,成君,ナリギミ,Narigimi,,,,,,,,0,0,0,0,0,0,1,1,1947-04-17,,0,8613783,,,,,,,,,,,,,,,
434477,0071000,1,熊本県,クマモトケン,Kumamoto,上益城郡,カミマシキグン,Kamimashiki-gun,山都町,ヤマトチョウ,Yamato-cho,,,,二瀬本,ニセモト,Nisemoto,,,,,,,,0,0,0,0,0,0,1,1,1947-04-17,,0,8613922,,,,,,,,,,,,,,,
434477,0072000,1,熊本県,クマモトケン,Kumamoto,上益城郡,カミマシキグン,Kamimashiki-gun,山都町,ヤマトチョウ,Yamato-cho,,,,貫原,ヌキハル,Nukiharu,,,,,,,,0,0,0,0,0,0,1,1,1947-04-17,,0,8613804,,,,,,,,,,,,,,,
434477,0073000,1,熊本県,クマモトケン,Kumamoto,上益城郡,カミマシキグン,Kamimashiki-gun,山都町,ヤマトチョウ,Yamato-cho,,,,八木,ハチボク,Hachiboku,,,,,,,,0,0,0,0,0,0,1,1,1947-04-17,,0,8613921,,,,,,,,,,,,,,,
434477,0074000,1,熊本県,クマモトケン,Kumamoto,上益城郡,カミマシキグン,Kamimashiki-gun,山都町,ヤマトチョウ,Yamato-cho,,,,花上,ハナガミ,Hanagami,,,,,,,,0,0,0,0,0,0,1,1,1947-04-17,,0,8613914,,,,,,,,,,,,,,,
434477,0075000,1,熊本県,クマモトケン,Kumamoto,上益城郡,カミマシキグン,Kamimashiki-gun,山都町,ヤマトチョウ,Yamato-cho,,,,浜町,ハママチ,Hamamachi,,,,,,,,0,0,0,0,0,0,1,1,1947-04-17,,0,8613518,,,,,,,,,,,,,,,
434477,0076000,1,熊本県,クマモトケン,Kumamoto,上益城郡,カミマシキグン,Kamimashiki-gun,山都町,ヤマトチョウ,Yamato-cho,,,,原,ハラ,Hara,,,,,,,,0,0,0,0,0,0,1,1,1947-04-17,,0,8613453,,,,,,,,,,,,,,,
434477,0077000,1,熊本県,クマモトケン,Kumamoto,上益城郡,カミマシキグン,Kamimashiki-gun,山都町,ヤマトチョウ,Yamato-cho,,,,東竹原,ヒガシタケバル,Higashitakebaru,,,,,,,,0,0,0,0,0,0,1,1,1947-04-17,,0,8613935,,,,,,,,,,,,,,,
434477,0078000,1,熊本県,クマモトケン,Kumamoto,上益城郡,カミマシキグン,Kamimashiki-gun,山都町,ヤマトチョウ,Yamato-cho,,,,藤木,フジキ,Fujiki,,,,,,,,0,0,0,0,0,0,1,1,1947-04-17,,0,8613524,,,,,,,,,,,,,,,
434477,0079000,1,熊本県,クマモトケン,Kumamoto,上益城郡,カミマシキグン,Kamimashiki-gun,山都町,ヤマトチョウ,Yamato-cho,,,,二津留,フタスル,Futazuru,,,,,,,,0,0,0,0,0,0,1,1,1947-04-17,,0,8613924,,,,,,,,,,,,,,,
434477,0080000,1,熊本県,クマモトケン,Kumamoto,上益城郡,カミマシキグン,Kamimashiki-gun,山都町,ヤマトチョウ,Yamato-cho,,,,方ケ野,ホウガノ,Hogano,,,,,,,,0,0,0,0,0,0,1,1,1947-04-17,,0,8613904,,,,,,,,,,,,,,,
434477,0081000,1,熊本県,クマモトケン,Kumamoto,上益城郡,カミマシキグン,Kamimashiki-gun,山都町,ヤマトチョウ,Yamato-cho,,,,仏原,ホトケバル,Hotokebaru,,,,,,,,0,0,0,0,0,0,1,1,1947-04-17,,0,8613835,,,,,,,,,,,,,,,
434477,0084000,1,熊本県,クマモトケン,Kumamoto,上益城郡,カミマシキグン,Kamimashiki-gun,山都町,ヤマトチョウ,Yamato-cho,,,,万坂,マンザカ,Manzaka,,,,,,,,0,0,0,0,0,0,1,1,1947-04-17,,0,8613526,,,,,,,,,,,,,,,
434477,0085000,1,熊本県,クマモトケン,Kumamoto,上益城郡,カミマシキグン,Kamimashiki-gun,山都町,ヤマトチョウ,Yamato-cho,,,,緑川,ミドリカワ,Midorikawa,,,,,,,,0,0,0,0,0,0,1,1,1947-04-17,,0,8613845,,,,,,,,,,,,,,,
434477,0086000,1,熊本県,クマモトケン,Kumamoto,上益城郡,カミマシキグン,Kamimashiki-gun,山都町,ヤマトチョウ,Yamato-cho,,,,南田,ミナミダ,Minamida,,,,,,,,0,0,0,0,0,0,1,1,1947-04-17,,0,8613546,,,,,,,,,,,,,,,
434477,0087000,1,熊本県,クマモトケン,Kumamoto,上益城郡,カミマシキグン,Kamimashiki-gun,山都町,ヤマトチョウ,Yamato-cho,,,,目丸,メマル,Memaru,,,,,,,,0,0,0,0,0,0,1,1,1947-04-17,,0,8613672,,,,,,,,,,,,,,,
434477,0091000,1,熊本県,クマモトケン,Kumamoto,上益城郡,カミマシキグン,Kamimashiki-gun,山都町,ヤマトチョウ,Yamato-cho,,,,山田,ヤマダ,Yamada,,,,,,,,0,0,0,0,0,0,1,1,1947-04-17,,0,8613547,,,,,,,,,,,,,,,
434477,0092000,1,熊本県,クマモトケン,Kumamoto,上益城郡,カミマシキグン,Kamimashiki-gun,山都町,ヤマトチョウ,Yamato-cho,,,,柚木,ユノキ,Yunoki,,,,,,,,0,0,0,0,0,0,1,1,1947-04-17,,0,8613534,,,,,,,,,,,,,,,
434477,0093000,1,熊本県,クマモトケン,Kumamoto,上益城郡,カミマシキグン,Kamimashiki-gun,山都町,ヤマトチョウ,Yamato-cho,,,,米生,ヨネオ,Yoneo,,,,,,,,0,0,0,0,0,0,1,1,1947-04-17,,0,8613806,,,,,,,,,,,,,,,
434477,0094000,1,熊本県,クマモトケン,Kumamoto,上益城郡,カミマシキグン,Kamimashiki-gun,山都町,ヤマトチョウ,Yamato-cho,,,,米迫,ヨネサコ,Yonesako,,,,,,,,0,0,0,0,0,0,1,1,1947-04-17,,0,8613912,,,,,,,,,,,,,,,
434477,0095000,1,熊本県,クマモトケン,Kumamoto,上益城郡,カミマシキグン,Kamimashiki-gun,山都町,ヤマトチョウ,Yamato-cho,,,,野尻,ノジリ,Nojiri,,,,,,,,0,0,0,0,0,0,1,1,1947-04-17,,0,8613787,,,,,,,,,,,,,,,
434477,0097000,1,熊本県,クマモトケン,Kumamoto,上益城郡,カミマシキグン,Kamimashiki-gun,山都町,ヤマトチョウ,Yamato-cho,,,,畑,ハタ,Hata,,,,,,,,0,0,0,0,0,0,1,1,1947-04-17,,0,8613517,,,,,,,,,,,,,,,
434477,0098000,1,熊本県,クマモトケン,Kumamoto,上益城郡,カミマシキグン,Kamimashiki-gun,山都町,ヤマトチョウ,Yamato-cho,,,,城原,ジョウハラ,Johara,,,,,,,,0,0,0,0,0,0,1,1,1947-04-17,,0,8613514,,,,,,,,,,,,,,,
434477,0099000,1,熊本県,クマモトケン,Kumamoto,上益城郡,カミマシキグン,Kamimashiki-gun,山都町,ヤマトチョウ,Yamato-cho,,,,安方,ヤスカタ,,,,,,,,,0,0,0,0,0,0,1,0,1947-04-17,,1,,,,,,,,,,,,,,,,
434477,0100000,1,熊本県,クマモトケン,Kumamoto,上益城郡,カミマシキグン,Kamimashiki-gun,山都町,ヤマトチョウ,Yamato-cho,,,,井無田,イムタ,,,,,,,,,0,0,0,0,0,0,1,0,1947-04-17,,1,,,,,,,,,,,,,,,,
434477,0101000,1,熊本県,クマモトケン,Kumamoto,上益城郡,カミマシキグン,Kamimashiki-gun,山都町,ヤマトチョウ,Yamato-cho,,,,下山,シモヤマ,,,,,,,,,0,0,0,0,0,0,1,0,1947-04-17,,1,,,,,,,,,,,,,,,,
434477,0102000,1,熊本県,クマモトケン,Kumamoto,上益城郡,カミマシキグン,Kamimashiki-gun,山都町,ヤマトチョウ,Yamato-cho,,,,下川井野,シモカワイノ,,,,,,,,,0,0,0,0,0,0,1,0,1947-04-17,,1,,,,,,,,,,,,,,,,
434477,0103000,1,熊本県,クマモトケン,Kumamoto,上益城郡,カミマシキグン,Kamimashiki-gun,山都町,ヤマトチョウ,Yamato-cho,,,,橘,タチハナ,,,,,,,,,0,0,0,0,0,0,1,0,1947-04-17,,1,,,,,,,,,,,,,,,,
434477,0104000,1,熊本県,クマモトケン,Kumamoto,上益城郡,カミマシキグン,Kamimashiki-gun,山都町,ヤマトチョウ,Yamato-cho,,,,玉目,タマメ,,,,,,,,,0,0,0,0,0,0,1,0,1947-04-17,,1,,,,,,,,,,,,,,,,
434477,0105000,1,熊本県,クマモトケン,Kumamoto,上益城郡,カミマシキグン,Kamimashiki-gun,山都町,ヤマトチョウ,Yamato-cho,,,,金内,カネウチ,,,,,,,,,0,0,0,0,0,0,1,0,1947-04-17,,1,,,,,,,,,,,,,,,,
434477,0106000,1,熊本県,クマモトケン,Kumamoto,上益城郡,カミマシキグン,Kamimashiki-gun,山都町,ヤマトチョウ,Yamato-cho,,,,荒谷,アラタニ,,,,,,,,,0,0,0,0,0,0,1,0,1947-04-17,,1,,,,,,,,,,,,,,,,
434477,0107000,1,熊本県,クマモトケン,Kumamoto,上益城郡,カミマシキグン,Kamimashiki-gun,山都町,ヤマトチョウ,Yamato-cho,,,,高畑,タカハタ,,,,,,,,,0,0,0,0,0,0,1,0,1947-04-17,,1,,,,,,,,,,,,,,,,
434477,0108000,1,熊本県,クマモトケン,Kumamoto,上益城郡,カミマシキグン,Kamimashiki-gun,山都町,ヤマトチョウ,Yamato-cho,,,,小峰,オミネ,,,,,,,,,0,0,0,0,0,0,1,0,1947-04-17,,1,,,,,,,,,,,,,,,,
434477,0109000,1,熊本県,クマモトケン,Kumamoto,上益城郡,カミマシキグン,Kamimashiki-gun,山都町,ヤマトチョウ,Yamato-cho,,,,上差尾,カミサシオ,,,,,,,,,0,0,0,0,0,0,1,0,1947-04-17,,1,,,,,,,,,,,,,,,,
434477,0110000,1,熊本県,クマモトケン,Kumamoto,上益城郡,カミマシキグン,Kamimashiki-gun,山都町,ヤマトチョウ,Yamato-cho,,,,城平,ジョウヒラ,,,,,,,,,0,0,0,0,0,0,1,0,1947-04-17,,1,,,,,,,,,,,,,,,,
434477,0111000,1,熊本県,クマモトケン,Kumamoto,上益城郡,カミマシキグン,Kamimashiki-gun,山都町,ヤマトチョウ,Yamato-cho,,,,杉木,スキキ,,,,,,,,,0,0,0,0,0,0,1,0,1947-04-17,,1,,,,,,,,,,,,,,,,
434477,0112000,1,熊本県,クマモトケン,Kumamoto,上益城郡,カミマシキグン,Kamimashiki-gun,山都町,ヤマトチョウ,Yamato-cho,,,,菅尾,スケオ,,,,,,,,,0,0,0,0,0,0,1,0,1947-04-17,,1,,,,,,,,,,,,,,,,
434477,0113000,1,熊本県,クマモトケン,Kumamoto,上益城郡,カミマシキグン,Kamimashiki-gun,山都町,ヤマトチョウ,Yamato-cho,,,,大見口,オオミクチ,,,,,,,,,0,0,0,0,0,0,1,0,1947-04-17,,1,,,,,,,,,,,,,,,,
434477,0114000,1,熊本県,クマモトケン,Kumamoto,上益城郡,カミマシキグン,Kamimashiki-gun,山都町,ヤマトチョウ,Yamato-cho,,,,大野,オオノ,,,,,,,,,0,0,0,0,0,0,1,0,1947-04-17,,1,,,,,,,,,,,,,,,,
434477,0115000,1,熊本県,クマモトケン,Kumamoto,上益城郡,カミマシキグン,Kamimashiki-gun,山都町,ヤマトチョウ,Yamato-cho,,,,長谷,ナカタニ,,,,,,,,,0,0,0,0,0,0,1,0,1947-04-17,,1,,,,,,,,,,,,,,,,
434477,0116000,1,熊本県,クマモトケン,Kumamoto,上益城郡,カミマシキグン,Kamimashiki-gun,山都町,ヤマトチョウ,Yamato-cho,,,,長田,ナカタ,,,,,,,,,0,0,0,0,0,0,1,0,1947-04-17,,1,,,,,,,,,,,,,,,,
434477,0117000,1,熊本県,クマモトケン,Kumamoto,上益城郡,カミマシキグン,Kamimashiki-gun,山都町,ヤマトチョウ,Yamato-cho,,,,田吉,タヨシ,,,,,,,,,0,0,0,0,0,0,1,0,1947-04-17,,1,,,,,,,,,,,,,,,,
434477,0118000,1,熊本県,クマモトケン,Kumamoto,上益城郡,カミマシキグン,Kamimashiki-gun,山都町,ヤマトチョウ,Yamato-cho,,,,田所,タトコロ,,,,,,,,,0,0,0,0,0,0,1,0,1947-04-17,,1,,,,,,,,,,,,,,,,
434477,0119000,1,熊本県,クマモトケン,Kumamoto,上益城郡,カミマシキグン,Kamimashiki-gun,山都町,ヤマトチョウ,Yamato-cho,,,,田小野,タオノ,,,,,,,,,0,0,0,0,0,0,1,0,1947-04-17,,1,,,,,,,,,,,,,,,,
434477,0120000,1,熊本県,クマモトケン,Kumamoto,上益城郡,カミマシキグン,Kamimashiki-gun,山都町,ヤマトチョウ,Yamato-cho,,,,入佐,イリサ,,,,,,,,,0,0,0,0,0,0,1,0,1947-04-17,,1,,,,,,,,,,,,,,,,
434477,0121000,1,熊本県,クマモトケン,Kumamoto,上益城郡,カミマシキグン,Kamimashiki-gun,山都町,ヤマトチョウ,Yamato-cho,,,,馬見原,マミハラ,,,,,,,,,0,0,0,0,0,0,1,0,1947-04-17,,1,,,,,,,,,,,,,,,,
434477,0122000,1,熊本県,クマモトケン,Kumamoto,上益城郡,カミマシキグン,Kamimashiki-gun,山都町,ヤマトチョウ,Yamato-cho,,,,白小野,シラオノ,,,,,,,,,0,0,0,0,0,0,1,0,1947-04-17,,1,,,,,,,,,,,,,,,,
434477,0123000,1,熊本県,クマモトケン,Kumamoto,上益城郡,カミマシキグン,Kamimashiki-gun,山都町,ヤマトチョウ,Yamato-cho,,,,白石,シライシ,,,,,,,,,0,0,0,0,0,0,1,0,1947-04-17,,1,,,,,,,,,,,,,,,,
434477,0124000,1,熊本県,クマモトケン,Kumamoto,上益城郡,カミマシキグン,Kamimashiki-gun,山都町,ヤマトチョウ,Yamato-cho,,,,尾野尻,オノシリ,,,,,,,,,0,0,0,0,0,0,1,0,1947-04-17,,1,,,,,,,,,,,,,,,,
434477,0125000,1,熊本県,クマモトケン,Kumamoto,上益城郡,カミマシキグン,Kamimashiki-gun,山都町,ヤマトチョウ,Yamato-cho,,,,牧野,マキノ,,,,,,,,,0,0,0,0,0,0,1,0,1947-04-17,,1,,,,,,,,,,,,,,,,
434477,0126000,1,熊本県,クマモトケン,Kumamoto,上益城郡,カミマシキグン,Kamimashiki-gun,山都町,ヤマトチョウ,Yamato-cho,,,,木原谷,キハラタニ,,,,,,,,,0,0,0,0,0,0,1,0,1947-04-17,,1,,,,,,,,,,,,,,,,
434477,0127000,1,熊本県,クマモトケン,Kumamoto,上益城郡,カミマシキグン,Kamimashiki-gun,山都町,ヤマトチョウ,Yamato-cho,,,,柳,ヤナキ,,,,,,,,,0,0,0,0,0,0,1,0,1947-04-17,,1,,,,,,,,,,,,,,,,
434477,0128000,1,熊本県,クマモトケン,Kumamoto,上益城郡,カミマシキグン,Kamimashiki-gun,山都町,ヤマトチョウ,Yamato-cho,,,,柳井原,ヤナイハル,,,,,,,,,0,0,0,0,0,0,1,0,1947-04-17,,1,,,,,,,,,,,,,,,,
434680,0001000,1,熊本県,クマモトケン,Kumamoto,八代郡,ヤツシログン,Yatsushiro-gun,氷川町,ヒカワチョウ,Hikawa-cho,,,,網道,アミドウ,Amido,,,,,,,,0,0,0,0,0,0,1,1,1947-04-17,,0,8694812,,,,,,,,,,,,,,,
434680,0002000,1,熊本県,クマモトケン,Kumamoto,八代郡,ヤツシログン,Yatsushiro-gun,氷川町,ヒカワチョウ,Hikawa-cho,,,,有佐,アリサ,Arisa,,,,,,,,0,0,0,0,0,0,1,1,1947-04-17,,0,8694604,,,,,,,,,,,,,,,
434680,0003000,1,熊本県,クマモトケン,Kumamoto,八代郡,ヤツシログン,Yatsushiro-gun,氷川町,ヒカワチョウ,Hikawa-cho,,,,今,イマ,Ima,,,,,,,,0,0,0,0,0,0,1,1,1947-04-17,,0,8694601,,,,,,,,,,,,,,,
434680,0004000,1,熊本県,クマモトケン,Kumamoto,八代郡,ヤツシログン,Yatsushiro-gun,氷川町,ヒカワチョウ,Hikawa-cho,,,,大野,オオノ,Ono,,,,,,,,0,0,0,0,0,0,1,0,1947-04-17,,0,8694804,,,,,,,,,,,,,,,
434680,0005000,1,熊本県,クマモトケン,Kumamoto,八代郡,ヤツシログン,Yatsushiro-gun,氷川町,ヒカワチョウ,Hikawa-cho,,,,栫,カコイ,Kakoi,,,,,,,,0,0,0,0,0,0,1,1,1947-04-17,,0,8694607,,,,,,,,,,,,,,,
434680,0006000,1,熊本県,クマモトケン,Kumamoto,八代郡,ヤツシログン,Yatsushiro-gun,氷川町,ヒカワチョウ,Hikawa-cho,,,,鹿島,カシマ,Kashima,,,,,,,,0,0,0,0,0,0,1,1,1947-04-17,,0,8694815,,,,,,,,,,,,,,,
434680,0007000,1,熊本県,クマモトケン,Kumamoto,八代郡,ヤツシログン,Yatsushiro-gun,氷川町,ヒカワチョウ,Hikawa-cho,,,,鹿野,カノ,Kano,,,,,,,,0,0,0,0,0,0,1,1,1947-04-17,,0,8694811,,,,,,,,,,,,,,,
434680,0008000,1,熊本県,クマモトケン,Kumamoto,八代郡,ヤツシログン,Yatsushiro-gun,氷川町,ヒカワチョウ,Hikawa-cho,,,,河原,カワハラ,Kawahara,,,,,,,,0,0,0,0,0,0,1,1,1947-04-17,,0,8694806,,,,,,,,,,,,,,,
434680,0010000,1,熊本県,クマモトケン,Kumamoto,八代郡,ヤツシログン,Yatsushiro-gun,氷川町,ヒカワチョウ,Hikawa-cho,,,,新田,シンデン,Shinden,,,,,,,,0,0,0,0,0,0,1,1,1947-04-17,,0,8694801,,,,,,,,,,,,,,,
434680,0011000,1,熊本県,クマモトケン,Kumamoto,八代郡,ヤツシログン,Yatsushiro-gun,氷川町,ヒカワチョウ,Hikawa-cho,,,,高塚,タカツカ,Takatsuka,,,,,,,,0,0,0,0,0,0,1,1,1947-04-17,,0,8694802,,,,,,,,,,,,,,,
434680,0013000,1,熊本県,クマモトケン,Kumamoto,八代郡,ヤツシログン,Yatsushiro-gun,氷川町,ヒカワチョウ,Hikawa-cho,,,,中島,ナカシマ,Nakashima,,,,,,,,0,0,0,0,0,0,1,1,1947-04-17,,0,8694605,,,,,,,,,,,,,,,
434680,0014000,1,熊本県,クマモトケン,Kumamoto,八代郡,ヤツシログン,Yatsushiro-gun,氷川町,ヒカワチョウ,Hikawa-cho,,,,野津,ノヅ,Nozu,,,,,,,,0,0,0,0,0,0,1,1,1947-04-17,,0,8694805,,,,,,,,,,,,,,,
434680,0015000,1,熊本県,クマモトケン,Kumamoto,八代郡,ヤツシログン,Yatsushiro-gun,氷川町,ヒカワチョウ,Hikawa-cho,,,,早尾,ハヤオ,Hayao,,,,,,,,0,0,0,0,0,0,1,1,1947-04-17,,0,8694606,,,,,,,,,,,,,,,
434680,0016000,1,熊本県,クマモトケン,Kumamoto,八代郡,ヤツシログン,Yatsushiro-gun,氷川町,ヒカワチョウ,Hikawa-cho,,,,宮原,ミヤハラ,Miyahara,,,,,,,,0,0,0,0,0,0,1,1,1947-04-17,,0,8694602,,,,,,,,,,,,,,,
434680,0018000,1,熊本県,クマモトケン,Kumamoto,八代郡,ヤツシログン,Yatsushiro-gun,氷川町,ヒカワチョウ,Hikawa-cho,,,,吉本,ヨシモト,Yoshimoto,,,,,,,,0,0,0,0,0,0,1,1,1947-04-17,,0,8694803,,,,,,,,,,,,,,,
434680,0019000,1,熊本県,クマモトケン,Kumamoto,八代郡,ヤツシログン,Yatsushiro-gun,氷川町,ヒカワチョウ,Hikawa-cho,,,,若洲,ワカス,Wakasu,,,,,,,,0,0,0,0,0,0,1,1,1947-04-17,,0,8694813,,,,,,,,,,,,,,,
434680,0021000,1,熊本県,クマモトケン,Kumamoto,八代郡,ヤツシログン,Yatsushiro-gun,氷川町,ヒカワチョウ,Hikawa-cho,,,,宮原栄久,ミヤハラエイキュウ,,,,,,,,,0,0,0,0,0,0,1,0,1947-04-17,,1,,,,,,,,,,,,,,,,
434680,0022000,1,熊本県,クマモトケン,Kumamoto,八代郡,ヤツシログン,Yatsushiro-gun,氷川町,ヒカワチョウ,Hikawa-cho,,,,島地,シマチ,,,,,,,,,0,0,0,0,0,0,1,0,1947-04-17,,1,,,,,,,,,,,,,,,,
434680,0023000,1,熊本県,クマモトケン,Kumamoto,八代郡,ヤツシログン,Yatsushiro-gun,氷川町,ヒカワチョウ,Hikawa-cho,,,,立神,タテガミ,,,,,,,,,0,0,0,0,0,0,1,0,1947-04-17,,1,,,,,,,,,,,,,,,,
434825,0001000,1,熊本県,クマモトケン,Kumamoto,葦北郡,アシキタグン,Ashikita-gun,芦北町,アシキタマチ,Ashikita-machi,,,,大字芦北,オオアザアシキタ,,,,,,,,,0,0,0,0,0,0,1,0,1947-04-17,,0,,,*_*_MJ021561_*,,,,,,,,,,,,,
434825,0002000,1,熊本県,クマモトケン,Kumamoto,葦北郡,アシキタグン,Ashikita-gun,芦北町,アシキタマチ,Ashikita-machi,,,,大字天月,オオアザアマツキ,Amatsuki,,,,,,,,0,0,0,0,0,0,1,1,1947-04-17,,0,8696301,,,,,,,,,,,,,,,
434825,0003000,1,熊本県,クマモトケン,Kumamoto,葦北郡,アシキタグン,Ashikita-gun,芦北町,アシキタマチ,Ashikita-machi,,,,大字市野瀬,オオアザイチノセ,Ichinose,,,,,,,,0,0,0,0,0,0,1,1,1947-04-17,,0,8696306,,,,,,,,,,,,,,,
434825,0004000,1,熊本県,クマモトケン,Kumamoto,葦北郡,アシキタグン,Ashikita-gun,芦北町,アシキタマチ,Ashikita-machi,,,,大字井牟田,オオアザイムタ,Imuta,,,,,,,,0,0,0,0,0,0,1,1,1947-04-17,,0,8695307,,,,,,,,,,,,,,,
434825,0005000,1,熊本県,クマモトケン,Kumamoto,葦北郡,アシキタグン,Ashikita-gun,芦北町,アシキタマチ,Ashikita-machi,,,,大字海浦,オオアザウミノウラ,Uminora,,,,,,,,0,0,0,0,0,0,1,1,1947-04-17,,0,8695304,,,,,,,,,,,,,,,
434825,0006000,1,熊本県,クマモトケン,Kumamoto,葦北郡,アシキタグン,Ashikita-gun,芦北町,アシキタマチ,Ashikita-machi,,,,大字上原,オオアザウワバル,Uwabaru,,,,,,,,0,0,0,0,0,0,1,1,1947-04-17,,0,8696215,,,,,,,,,,,,,,,
434825,0007000,1,熊本県,クマモトケン,Kumamoto,葦北郡,アシキタグン,Ashikita-gun,芦北町,アシキタマチ,Ashikita-machi,,,,大字箙瀬,オオアザエビラセ,Ebirase,,,,,,,,0,0,0,0,0,0,1,1,1947-04-17,,0,8696211,,,,,,,,,,,,,,,
434825,0008000,1,熊本県,クマモトケン,Kumamoto,葦北郡,アシキタグン,Ashikita-gun,芦北町,アシキタマチ,Ashikita-machi,,,,大字大岩,オオアザオオイワ,Oiwa,,,,,,,,0,0,0,0,0,0,1,1,1947-04-17,,0,8696213,,,,,,,,,,,,,,,
434825,0009000,1,熊本県,クマモトケン,Kumamoto,葦北郡,アシキタグン,Ashikita-gun,芦北町,アシキタマチ,Ashikita-machi,,,,大字大川内,オオアザオオカワチ,Okawachi,,,,,,,,0,0,0,0,0,0,1,1,1947-04-17,,0,8695574,,,,,,,,,,,,,,,
434825,0010000,1,熊本県,クマモトケン,Kumamoto,葦北郡,アシキタグン,Ashikita-gun,芦北町,アシキタマチ,Ashikita-machi,,,,大字大尼田,オオアザオオニタ,Onita,,,,,,,,0,0,0,0,0,0,1,1,1947-04-17,,0,8695422,,,,,,,,,,,,,,,
434825,0011000,1,熊本県,クマモトケン,Kumamoto,葦北郡,アシキタグン,Ashikita-gun,芦北町,アシキタマチ,Ashikita-machi,,,,大字大野,オオアザオオノ,Ono,,,,,,,,0,0,0,0,0,0,1,0,1947-04-17,,0,8696305,,,,,,,,,,,,,,,
434825,0012000,1,熊本県,クマモトケン,Kumamoto,葦北郡,アシキタグン,Ashikita-gun,芦北町,アシキタマチ,Ashikita-machi,,,,大字乙千屋,オオアザオトジヤ,Otojiya,,,,,,,,0,0,0,0,0,0,1,1,1947-04-17,,0,8695431,,,,,,,,,,,,,,,
434825,0013000,1,熊本県,クマモトケン,Kumamoto,葦北郡,アシキタグン,Ashikita-gun,芦北町,アシキタマチ,Ashikita-machi,,,,大字海路,オオアザカイジ,Kaiji,,,,,,,,0,0,0,0,0,0,1,1,1947-04-17,,0,8696216,,,,,,,,,,,,,,,
434825,0014000,1,熊本県,クマモトケン,Kumamoto,葦北郡,アシキタグン,Ashikita-gun,芦北町,アシキタマチ,Ashikita-machi,,,,大字國見,オオアザクニミ,Kunimi,,,,,,,,0,0,0,0,0,0,1,1,1947-04-17,,0,8696304,,,,,,,,,,,,,,,
434825,0015000,1,熊本県,クマモトケン,Kumamoto,葦北郡,アシキタグン,Ashikita-gun,芦北町,アシキタマチ,Ashikita-machi,,,,大字黒岩,オオアザクロイワ,Kuroiwa,,,,,,,,0,0,0,0,0,0,1,1,1947-04-17,,0,8696214,,,,,,,,,,,,,,,
434825,0016000,1,熊本県,クマモトケン,Kumamoto,葦北郡,アシキタグン,Ashikita-gun,芦北町,アシキタマチ,Ashikita-machi,,,,大字桑原,オオアザクワバラ,Kuwabara,,,,,,,,0,0,0,0,0,0,1,1,1947-04-17,,0,8695434,,,,,,,,,,,,,,,
434825,0017000,1,熊本県,クマモトケン,Kumamoto,葦北郡,アシキタグン,Ashikita-gun,芦北町,アシキタマチ,Ashikita-machi,,,,大字小田浦,オオアザコダノウラ,Kodanora,,,,,,,,0,0,0,0,0,0,1,1,1947-04-17,,0,8695303,,,,,,,,,,,,,,,
434825,0018000,1,熊本県,クマモトケン,Kumamoto,葦北郡,アシキタグン,Ashikita-gun,芦北町,アシキタマチ,Ashikita-machi,,,,大字佐敷,オオアザサシキ,Sashiki,,,,,,,,0,0,0,0,0,0,1,1,1947-04-17,,0,8695441,,,,,,,,,,,,,,,
434825,0019000,1,熊本県,クマモトケン,Kumamoto,葦北郡,アシキタグン,Ashikita-gun,芦北町,アシキタマチ,Ashikita-machi,,,,大字塩浸,オオアザシオヒタシ,Shiohitashi,,,,,,,,0,0,0,0,0,0,1,1,1947-04-17,,0,8696307,,,,,,,,,,,,,,,
434825,0020000,1,熊本県,クマモトケン,Kumamoto,葦北郡,アシキタグン,Ashikita-gun,芦北町,アシキタマチ,Ashikita-machi,,,,大字白岩,オオアザシライワ,Shiraiwa,,,,,,,,0,0,0,0,0,0,1,1,1947-04-17,,0,8695452,,,,,,,,,,,,,,,
434825,0021000,1,熊本県,クマモトケン,Kumamoto,葦北郡,アシキタグン,Ashikita-gun,芦北町,アシキタマチ,Ashikita-machi,,,,大字白木,オオアザシラキ,Shiraki,,,,,,,,0,0,0,0,0,0,1,1,1947-04-17,,0,8696308,,,,,,,,,,,,,,,
434825,0022000,1,熊本県,クマモトケン,Kumamoto,葦北郡,アシキタグン,Ashikita-gun,芦北町,アシキタマチ,Ashikita-machi,,,,大字白石,オオアザシロイシ,Shiraishi,,,,,,,,0,0,0,0,0,0,1,1,1947-04-17,,0,8696302,,,,,,,,,,,,,,,
434825,0023000,1,熊本県,クマモトケン,Kumamoto,葦北郡,アシキタグン,Ashikita-gun,芦北町,アシキタマチ,Ashikita-machi,,,,大字高岡,オオアザタカオカ,Takaoka,,,,,,,,0,0,0,0,0,0,1,1,1947-04-17,,0,8695576,,,,,,,,,,,,,,,
434825,0024000,1,熊本県,クマモトケン,Kumamoto,葦北郡,アシキタグン,Ashikita-gun,芦北町,アシキタマチ,Ashikita-machi,,,,大字田川,オオアザタガワ,Tagawa,,,,,,,,0,0,0,0,0,0,1,1,1947-04-17,,0,8695443,,,,,,,,,,,,,,,
434825,0025000,1,熊本県,クマモトケン,Kumamoto,葦北郡,アシキタグン,Ashikita-gun,芦北町,アシキタマチ,Ashikita-machi,,,,大字立川,オオアザタチカワ,Tachikawa,,,,,,,,0,0,0,0,0,0,1,1,1947-04-17,,0,8695421,,,,,,,,,,,,,,,
434825,0026000,1,熊本県,クマモトケン,Kumamoto,葦北郡,アシキタグン,Ashikita-gun,芦北町,アシキタマチ,Ashikita-machi,,,,大字田浦,オオアザタノウラ,Tanora,,,,,,,,0,0,0,0,0,0,1,1,1947-04-17,,0,8695302,,,,,,,,,,,,,,,
434825,0027000,1,熊本県,クマモトケン,Kumamoto,葦北郡,アシキタグン,Ashikita-gun,芦北町,アシキタマチ,Ashikita-machi,,,,大字田浦町,オオアザタノウラマチ,Tanoramachi,,,,,,,,0,0,0,0,0,0,1,1,1947-04-17,,0,8695305,,,,,,,,,,,,,,,
434825,0028000,1,熊本県,クマモトケン,Kumamoto,葦北郡,アシキタグン,Ashikita-gun,芦北町,アシキタマチ,Ashikita-machi,,,,大字告,オオアザツゲ,Tsuge,,,,,,,,0,0,0,0,0,0,1,0,1947-04-17,,0,8696303,,,,,,,,,,,,,,,
434825,0029000,1,熊本県,クマモトケン,Kumamoto,葦北郡,アシキタグン,Ashikita-gun,芦北町,アシキタマチ,Ashikita-machi,,,,大字鶴木山,オオアザツルギヤマ,Tsurugiyama,,,,,,,,0,0,0,0,0,0,1,1,1947-04-17,,0,8695454,,,,,,,,,,,,,,,
434825,0030000,1,熊本県,クマモトケン,Kumamoto,葦北郡,アシキタグン,Ashikita-gun,芦北町,アシキタマチ,Ashikita-machi,,,,大字豊岡,オオアザトヨオカ,Toyoka,,,,,,,,0,0,0,0,0,0,1,1,1947-04-17,,0,8695571,,,,,,,,,,,,,,,
434825,0031000,1,熊本県,クマモトケン,Kumamoto,葦北郡,アシキタグン,Ashikita-gun,芦北町,アシキタマチ,Ashikita-machi,,,,大字計石,オオアザハカリイシ,Hakariishi,,,,,,,,0,0,0,0,0,0,1,1,1947-04-17,,0,8695453,,,,,,,,,,,,,,,
434825,0032000,1,熊本県,クマモトケン,Kumamoto,葦北郡,アシキタグン,Ashikita-gun,芦北町,アシキタマチ,Ashikita-machi,,,,大字波多島,オオアザハタトウ,Hatato,,,,,,,,0,0,0,0,0,0,1,1,1947-04-17,,0,8695306,,,,,,,,,,,,,,,
434825,0033000,1,熊本県,クマモトケン,Kumamoto,葦北郡,アシキタグン,Ashikita-gun,芦北町,アシキタマチ,Ashikita-machi,,,,大字花岡,オオアザハナオカ,Hanaoka,,,,,,,,0,0,0,0,0,0,1,1,1947-04-17,,0,8695442,,,,,,,,,,,,,,,
434825,0034000,1,熊本県,クマモトケン,Kumamoto,葦北郡,アシキタグン,Ashikita-gun,芦北町,アシキタマチ,Ashikita-machi,,,,大字伏木氏,オオアザフシキ,Fushiki,,,,,,,,0,0,0,0,0,0,1,1,1947-04-17,,0,8695424,,,,,,,,,,,,,,,
434825,0035000,1,熊本県,クマモトケン,Kumamoto,葦北郡,アシキタグン,Ashikita-gun,芦北町,アシキタマチ,Ashikita-machi,,,,大字古石,オオアザフルイシ,Furuishi,,,,,,,,0,0,0,0,0,0,1,1,1947-04-17,,0,8695575,,,,,,,,,,,,,,,
434825,0036000,1,熊本県,クマモトケン,Kumamoto,葦北郡,アシキタグン,Ashikita-gun,芦北町,アシキタマチ,Ashikita-machi,,,,大字松生,オオアザマツバエ,Matsubae,,,,,,,,0,0,0,0,0,0,1,1,1947-04-17,,0,8695423,,,,,,,,,,,,,,,
434825,0037000,1,熊本県,クマモトケン,Kumamoto,葦北郡,アシキタグン,Ashikita-gun,芦北町,アシキタマチ,Ashikita-machi,,,,大字丸山,オオアザマルヤマ,Maruyama,,,,,,,,0,0,0,0,0,0,1,1,1947-04-17,,0,8695572,,,,,,,,,,,,,,,
434825,0038000,1,熊本県,クマモトケン,Kumamoto,葦北郡,アシキタグン,Ashikita-gun,芦北町,アシキタマチ,Ashikita-machi,,,,大字道川内,オオアザミチガワチ,Michigawachi,,,,,,,,0,0,0,0,0,0,1,1,1947-04-17,,0,8695451,,,,,,,,,,,,,,,
434825,0039000,1,熊本県,クマモトケン,Kumamoto,葦北郡,アシキタグン,Ashikita-gun,芦北町,アシキタマチ,Ashikita-machi,,,,大字宮崎,オオアザミヤザキ,Miyazaki,,,,,,,,0,0,0,0,0,0,1,1,1947-04-17,,0,8695562,,,,,,,,,,,,,,,
434825,0040000,1,熊本県,クマモトケン,Kumamoto,葦北郡,アシキタグン,Ashikita-gun,芦北町,アシキタマチ,Ashikita-machi,,,,大字宮浦,オオアザミヤノウラ,Miyanora,,,,,,,,0,0,0,0,0,0,1,1,1947-04-17,,0,8695432,,,,,,,,,,,,,,,
434825,0041000,1,熊本県,クマモトケン,Kumamoto,葦北郡,アシキタグン,Ashikita-gun,芦北町,アシキタマチ,Ashikita-machi,,,,大字八幡,オオアザヤハタ,Yahata,,,,,,,,0,0,0,0,0,0,1,1,1947-04-17,,0,8695433,,,,,,,,,,,,,,,
434825,0042000,1,熊本県,クマモトケン,Kumamoto,葦北郡,アシキタグン,Ashikita-gun,芦北町,アシキタマチ,Ashikita-machi,,,,大字湯浦,オオアザユノウラ,Yunora,,,,,,,,0,0,0,0,0,0,1,1,1947-04-17,,0,8695563,,,,,,,,,,,,,,,
434825,0043000,1,熊本県,クマモトケン,Kumamoto,葦北郡,アシキタグン,Ashikita-gun,芦北町,アシキタマチ,Ashikita-machi,,,,大字横居木,オオアザヨコイギ,Yokoigi,,,,,,,,0,0,0,0,0,0,1,1,1947-04-17,,0,8695301,,,,,,,,,,,,,,,
434825,0044000,1,熊本県,クマモトケン,Kumamoto,葦北郡,アシキタグン,Ashikita-gun,芦北町,アシキタマチ,Ashikita-machi,,,,大字吉尾,オオアザヨシオ,Yoshio,,,,,,,,0,0,0,0,0,0,1,1,1947-04-17,,0,8696212,,,,,,,,,,,,,,,
434825,0045000,1,熊本県,クマモトケン,Kumamoto,葦北郡,アシキタグン,Ashikita-gun,芦北町,アシキタマチ,Ashikita-machi,,,,大字米田,オオアザヨネダ,Yoneda,,,,,,,,0,0,0,0,0,0,1,1,1947-04-17,,0,8695573,,,,,,,,,,,,,,,
434825,0046000,1,熊本県,クマモトケン,Kumamoto,葦北郡,アシキタグン,Ashikita-gun,芦北町,アシキタマチ,Ashikita-machi,,,,大字女島,オオアザメシマ,Meshima,,,,,,,,0,0,0,0,0,0,1,1,1947-04-17,,0,8695564,,,,,,,,,,,,,,,
434841,0001000,1,熊本県,クマモトケン,Kumamoto,葦北郡,アシキタグン,Ashikita-gun,津奈木町,ツナギマチ,Tsunagi-machi,,,,大字岩城,オオアザイワキ,Iwaki,,,,,,,,0,0,0,0,0,0,1,1,1947-04-17,,0,8695603,,,,,,,,,,,,,,,
434841,0002000,1,熊本県,クマモトケン,Kumamoto,葦北郡,アシキタグン,Ashikita-gun,津奈木町,ツナギマチ,Tsunagi-machi,,,,大字小津奈木,オオアザコツナギ,Kotsunagi,,,,,,,,0,0,0,0,0,0,1,1,1947-04-17,,0,8695604,,,,,,,,,,,,,,,
434841,0003000,1,熊本県,クマモトケン,Kumamoto,葦北郡,アシキタグン,Ashikita-gun,津奈木町,ツナギマチ,Tsunagi-machi,,,,大字津奈木,オオアザツナギ,Tsunagi,,,,,,,,0,0,0,0,0,0,1,1,1947-04-17,,0,8695602,,,,,,,,,,,,,,,
434841,0004000,1,熊本県,クマモトケン,Kumamoto,葦北郡,アシキタグン,Ashikita-gun,津奈木町,ツナギマチ,Tsunagi-machi,,,,大字千代,オオアザチヨ,Chiyo,,,,,,,,0,0,0,0,0,0,1,1,1947-04-17,,0,8695601,,,,,,,,,,,,,,,
434841,0005000,1,熊本県,クマモトケン,Kumamoto,葦北郡,アシキタグン,Ashikita-gun,津奈木町,ツナギマチ,Tsunagi-machi,,,,大字福浜,オオアザフクハマ,Fukuhama,,,,,,,,0,0,0,0,0,0,1,1,1947-04-17,,0,8695605,,,,,,,,,,,,,,,
435015,0001000,1,熊本県,クマモトケン,Kumamoto,球磨郡,クマグン,Kuma-gun,錦町,ニシキマチ,Nishiki-machi,,,,大字一武,オオアザイチブ,Ichibu,,,,,,,,0,0,0,0,0,0,1,0,1947-04-17,,0,8680302,,,,,,,,,,,,,,,
435015,0001101,3,熊本県,クマモトケン,Kumamoto,球磨郡,クマグン,Kuma-gun,錦町,ニシキマチ,Nishiki-machi,,,,大字一武,オオアザイチブ,Ichibu,,,,字莇田,アザアザミダ,,,0,0,0,0,0,0,1,1,1947-04-17,,0,,,,,,,,,,,,,,,,
435015,0001102,3,熊本県,クマモトケン,Kumamoto,球磨郡,クマグン,Kuma-gun,錦町,ニシキマチ,Nishiki-machi,,,,大字一武,オオアザイチブ,Ichibu,,,,字雨堤,アザアマツツミ,,,0,0,0,0,0,0,1,1,1947-04-17,,0,,,,,,,,,,,,,,,,
435015,0001103,3,熊本県,クマモトケン,Kumamoto,球磨郡,クマグン,Kuma-gun,錦町,ニシキマチ,Nishiki-machi,,,,大字一武,オオアザイチブ,Ichibu,,,,字浦田,アザウラタ,,,0,0,0,0,0,0,1,1,1947-04-17,,0,,,,,,,,,,,,,,,,
435015,0001104,3,熊本県,クマモトケン,Kumamoto,球磨郡,クマグン,Kuma-gun,錦町,ニシキマチ,Nishiki-machi,,,,大字一武,オオアザイチブ,Ichibu,,,,字永井田,アザナガイダ,,,0,0,0,0,0,0,1,1,1947-04-17,,0,,,,,,,,,,,,,,,,
435015,0001105,3,熊本県,クマモトケン,Kumamoto,球磨郡,クマグン,Kuma-gun,錦町,ニシキマチ,Nishiki-machi,,,,大字一武,オオアザイチブ,Ichibu,,,,字横山,アザヨコヤマ,,,0,0,0,0,0,0,1,1,1947-04-17,,0,,,,,,,,,,,,,,,,
435015,0001106,3,熊本県,クマモトケン,Kumamoto,球磨郡,クマグン,Kuma-gun,錦町,ニシキマチ,Nishiki-machi,,,,大字一武,オオアザイチブ,Ichibu,,,,字下ノ原,アザシタノハラ,,,0,0,0,0,0,0,1,1,1947-04-17,,0,,,,,,,,,,,,,,,,
435015,0001107,3,熊本県,クマモトケン,Kumamoto,球磨郡,クマグン,Kuma-gun,錦町,ニシキマチ,Nishiki-machi,,,,大字一武,オオアザイチブ,Ichibu,,,,字下貝原,アザシタギハル,,,0,0,0,0,0,0,1,1,1947-04-17,,0,,,,,,,,,,,,,,,,
435015,0001108,3,熊本県,クマモトケン,Kumamoto,球磨郡,クマグン,Kuma-gun,錦町,ニシキマチ,Nishiki-machi,,,,大字一武,オオアザイチブ,Ichibu,,,,字下原,アザシモバル,,,0,0,0,0,0,0,1,1,1947-04-17,,0,,,,,,,,,,,,,,,,
435015,0001109,3,熊本県,クマモトケン,Kumamoto,球磨郡,クマグン,Kuma-gun,錦町,ニシキマチ,Nishiki-machi,,,,大字一武,オオアザイチブ,Ichibu,,,,字下忠ケ原,アザシモチユウガハル,,,0,0,0,0,0,0,1,1,1947-04-17,,0,,,,,,,,,,,,,,,,
435015,0001110,3,熊本県,クマモトケン,Kumamoto,球磨郡,クマグン,Kuma-gun,錦町,ニシキマチ,Nishiki-machi,,,,大字一武,オオアザイチブ,Ichibu,,,,字下鶴,アザシモツル,,,0,0,0,0,0,0,1,1,1947-04-17,,0,,,,,,,,,,,,,,,,
435015,0001111,3,熊本県,クマモトケン,Kumamoto,球磨郡,クマグン,Kuma-gun,錦町,ニシキマチ,Nishiki-machi,,,,大字一武,オオアザイチブ,Ichibu,,,,字下田,アザシモダ,,,0,0,0,0,0,0,1,1,1947-04-17,,0,,,,,,,,,,,,,,,,
435015,0001112,3,熊本県,クマモトケン,Kumamoto,球磨郡,クマグン,Kuma-gun,錦町,ニシキマチ,Nishiki-machi,,,,大字一武,オオアザイチブ,Ichibu,,,,字下野,アザシモノ,,,0,0,0,0,0,0,1,1,1947-04-17,,0,,,,,,,,,,,,,,,,
435015,0001113,3,熊本県,クマモトケン,Kumamoto,球磨郡,クマグン,Kuma-gun,錦町,ニシキマチ,Nishiki-machi,,,,大字一武,オオアザイチブ,Ichibu,,,,字下里山,アザサガリヤマ,,,0,0,0,0,0,0,1,1,1947-04-17,,0,,,,,,,,,,,,,,,,
435015,0001114,3,熊本県,クマモトケン,Kumamoto,球磨郡,クマグン,Kuma-gun,錦町,ニシキマチ,Nishiki-machi,,,,大字一武,オオアザイチブ,Ichibu,,,,字加幸,アザカコウ,,,0,0,0,0,0,0,1,1,1947-04-17,,0,,,,,,,,,,,,,,,,
435015,0001115,3,熊本県,クマモトケン,Kumamoto,球磨郡,クマグン,Kuma-gun,錦町,ニシキマチ,Nishiki-machi,,,,大字一武,オオアザイチブ,Ichibu,,,,字火口出,アザヒグチデ,,,0,0,0,0,0,0,1,1,1947-04-17,,0,,,,,,,,,,,,,,,,
435015,0001116,3,熊本県,クマモトケン,Kumamoto,球磨郡,クマグン,Kuma-gun,錦町,ニシキマチ,Nishiki-machi,,,,大字一武,オオアザイチブ,Ichibu,,,,字回リ谷,アザマワリダニ,,,0,0,0,0,0,0,1,1,1947-04-17,,0,,,,,,,,,,,,,,,,
435015,0001117,3,熊本県,クマモトケン,Kumamoto,球磨郡,クマグン,Kuma-gun,錦町,ニシキマチ,Nishiki-machi,,,,大字一武,オオアザイチブ,Ichibu,,,,字覚井,アザカクイ,,,0,0,0,0,0,0,1,1,1947-04-17,,0,,,,,,,,,,,,,,,,
435015,0001118,3,熊本県,クマモトケン,Kumamoto,球磨郡,クマグン,Kuma-gun,錦町,ニシキマチ,Nishiki-machi,,,,大字一武,オオアザイチブ,Ichibu,,,,字丸塚,アザマルツカ,,,0,0,0,0,0,0,1,1,1947-04-17,,0,,,,,,,,,,,,,,,,
435015,0001119,3,熊本県,クマモトケン,Kumamoto,球磨郡,クマグン,Kuma-gun,錦町,ニシキマチ,Nishiki-machi,,,,大字一武,オオアザイチブ,Ichibu,,,,字吉ノ久保,アザヨシノクボ,,,0,0,0,0,0,0,1,1,1947-04-17,,0,,,,,,,,,,,,,,,,
435015,0001120,3,熊本県,クマモトケン,Kumamoto,球磨郡,クマグン,Kuma-gun,錦町,ニシキマチ,Nishiki-machi,,,,大字一武,オオアザイチブ,Ichibu,,,,字吉原,アザヨシワラ,,,0,0,0,0,0,0,1,1,1947-04-17,,0,,,,,,,,,,,,,,,,
435015,0001121,3,熊本県,クマモトケン,Kumamoto,球磨郡,クマグン,Kuma-gun,錦町,ニシキマチ,Nishiki-machi,,,,大字一武,オオアザイチブ,Ichibu,,,,字宮ノ谷,アザミヤノタニ,,,0,0,0,0,0,0,1,1,1947-04-17,,0,,,,,,,,,,,,,,,,
435015,0001122,3,熊本県,クマモトケン,Kumamoto,球磨郡,クマグン,Kuma-gun,錦町,ニシキマチ,Nishiki-machi,,,,大字一武,オオアザイチブ,Ichibu,,,,字宮谷原,アザミヤノタニバル,,,0,0,0,0,0,0,1,1,1947-04-17,,0,,,,,,,,,,,,,,,,
435015,0001123,3,熊本県,クマモトケン,Kumamoto,球磨郡,クマグン,Kuma-gun,錦町,ニシキマチ,Nishiki-machi,,,,大字一武,オオアザイチブ,Ichibu,,,,字魚地,アザウオチ,,,0,0,0,0,0,0,1,1,1947-04-17,,0,,,,,,,,,,,,,,,,
435015,0001124,3,熊本県,クマモトケン,Kumamoto,球磨郡,クマグン,Kuma-gun,錦町,ニシキマチ,Nishiki-machi,,,,大字一武,オオアザイチブ,Ichibu,,,,字郡角,アザグンカク,,,0,0,0,0,0,0,1,1,1947-04-17,,0,,,,,,,,,,,,,,,,
435015,0001125,3,熊本県,クマモトケン,Kumamoto,球磨郡,クマグン,Kuma-gun,錦町,ニシキマチ,Nishiki-machi,,,,大字一武,オオアザイチブ,Ichibu,,,,字原村,アザハルムラ,,,0,0,0,0,0,0,1,1,1947-04-17,,0,,,,,,,,,,,,,,,,
435015,0001126,3,熊本県,クマモトケン,Kumamoto,球磨郡,クマグン,Kuma-gun,錦町,ニシキマチ,Nishiki-machi,,,,大字一武,オオアザイチブ,Ichibu,,,,字原田川,アザハラダゴウ,,,0,0,0,0,0,0,1,1,1947-04-17,,0,,,,,,,,,,,,,,,,
435015,0001127,3,熊本県,クマモトケン,Kumamoto,球磨郡,クマグン,Kuma-gun,錦町,ニシキマチ,Nishiki-machi,,,,大字一武,オオアザイチブ,Ichibu,,,,字戸平山,アザトビラヤマ,,,0,0,0,0,0,0,1,1,1947-04-17,,0,,,,,,,,,,,,,,,,
435015,0001128,3,熊本県,クマモトケン,Kumamoto,球磨郡,クマグン,Kuma-gun,錦町,ニシキマチ,Nishiki-machi,,,,大字一武,オオアザイチブ,Ichibu,,,,字向田,アザムカイダ,,,0,0,0,0,0,0,1,1,1947-04-17,,0,,,,,,,,,,,,,,,,
435015,0001129,3,熊本県,クマモトケン,Kumamoto,球磨郡,クマグン,Kuma-gun,錦町,ニシキマチ,Nishiki-machi,,,,大字一武,オオアザイチブ,Ichibu,,,,字向島,アザムコウジマ,,,0,0,0,0,0,0,1,1,1947-04-17,,0,,,,,,,,,,,,,,,,
435015,0001130,3,熊本県,クマモトケン,Kumamoto,球磨郡,クマグン,Kuma-gun,錦町,ニシキマチ,Nishiki-machi,,,,大字一武,オオアザイチブ,Ichibu,,,,字幸木,アザコウキ,,,0,0,0,0,0,0,1,1,1947-04-17,,0,,,,,,,,,,,,,,,,
435015,0001131,3,熊本県,クマモトケン,Kumamoto,球磨郡,クマグン,Kuma-gun,錦町,ニシキマチ,Nishiki-machi,,,,大字一武,オオアザイチブ,Ichibu,,,,字高見,アザタカミ,,,0,0,0,0,0,0,1,1,1947-04-17,,0,,,,,,,,,,,,,,,,
435015,0001132,3,熊本県,クマモトケン,Kumamoto,球磨郡,クマグン,Kuma-gun,錦町,ニシキマチ,Nishiki-machi,,,,大字一武,オオアザイチブ,Ichibu,,,,字今別府,アザイマビユウ,,,0,0,0,0,0,0,1,1,1947-04-17,,0,,,,,,,,,,,,,,,,
435015,0001133,3,熊本県,クマモトケン,Kumamoto,球磨郡,クマグン,Kuma-gun,錦町,ニシキマチ,Nishiki-machi,,,,大字一武,オオアザイチブ,Ichibu,,,,字佐土原,アザサドワラ,,,0,0,0,0,0,0,1,1,1947-04-17,,0,,,,,,,,,,,,,,,,
435015,0001134,3,熊本県,クマモトケン,Kumamoto,球磨郡,クマグン,Kuma-gun,錦町,ニシキマチ,Nishiki-machi,,,,大字一武,オオアザイチブ,Ichibu,,,,字才柿,アザサイカキ,,,0,0,0,0,0,0,1,1,1947-04-17,,0,,,,,,,,,,,,,,,,
435015,0001135,3,熊本県,クマモトケン,Kumamoto,球磨郡,クマグン,Kuma-gun,錦町,ニシキマチ,Nishiki-machi,,,,大字一武,オオアザイチブ,Ichibu,,,,字三平松,アザサンペイマツ,,,0,0,0,0,0,0,1,1,1947-04-17,,0,,,,,,,,,,,,,,,,
435015,0001136,3,熊本県,クマモトケン,Kumamoto,球磨郡,クマグン,Kuma-gun,錦町,ニシキマチ,Nishiki-machi,,,,大字一武,オオアザイチブ,Ichibu,,,,字山ノ田,アザヤマノタ,,,0,0,0,0,0,0,1,1,1947-04-17,,0,,,,,,,,,,,,,,,,
435015,0001137,3,熊本県,クマモトケン,Kumamoto,球磨郡,クマグン,Kuma-gun,錦町,ニシキマチ,Nishiki-machi,,,,大字一武,オオアザイチブ,Ichibu,,,,字山下,アザヤマシタ,,,0,0,0,0,0,0,1,1,1947-04-17,,0,,,,,,,,,,,,,,,,
435015,0001138,3,熊本県,クマモトケン,Kumamoto,球磨郡,クマグン,Kuma-gun,錦町,ニシキマチ,Nishiki-machi,,,,大字一武,オオアザイチブ,Ichibu,,,,字山仁田,アザヤマニタ,,,0,0,0,0,0,0,1,1,1947-04-17,,0,,,,,,,,,,,,,,,,
435015,0001139,3,熊本県,クマモトケン,Kumamoto,球磨郡,クマグン,Kuma-gun,錦町,ニシキマチ,Nishiki-machi,,,,大字一武,オオアザイチブ,Ichibu,,,,字志戸内谷,アザシトウチダニ,,,0,0,0,0,0,0,1,1,1947-04-17,,0,,,,,,,,,,,,,,,,
435015,0001140,3,熊本県,クマモトケン,Kumamoto,球磨郡,クマグン,Kuma-gun,錦町,ニシキマチ,Nishiki-machi,,,,大字一武,オオアザイチブ,Ichibu,,,,字指杉,アザサツスギ,,,0,0,0,0,0,0,1,1,1947-04-17,,0,,,,,,,,,,,,,,,,
435015,0001141,3,熊本県,クマモトケン,Kumamoto,球磨郡,クマグン,Kuma-gun,錦町,ニシキマチ,Nishiki-machi,,,,大字一武,オオアザイチブ,Ichibu,,,,字狩政,アザカリマサ,,,0,0,0,0,0,0,1,1,1947-04-17,,0,,,,,,,,,,,,,,,,
435015,0001142,3,熊本県,クマモトケン,Kumamoto,球磨郡,クマグン,Kuma-gun,錦町,ニシキマチ,Nishiki-machi,,,,大字一武,オオアザイチブ,Ichibu,,,,字狩政下,アザカリマサシタ,,,0,0,0,0,0,0,1,1,1947-04-17,,0,,,,,,,,,,,,,,,,
435015,0001143,3,熊本県,クマモトケン,Kumamoto,球磨郡,クマグン,Kuma-gun,錦町,ニシキマチ,Nishiki-machi,,,,大字一武,オオアザイチブ,Ichibu,,,,字十日市前,アザトウカイチマエ,,,0,0,0,0,0,0,1,1,1947-04-17,,0,,,,,,,,,,,,,,,,
435015,0001144,3,熊本県,クマモトケン,Kumamoto,球磨郡,クマグン,Kuma-gun,錦町,ニシキマチ,Nishiki-machi,,,,大字一武,オオアザイチブ,Ichibu,,,,字汁谷,アザシツタニ,,,0,0,0,0,0,0,1,1,1947-04-17,,0,,,,,,,,,,,,,,,,
435015,0001145,3,熊本県,クマモトケン,Kumamoto,球磨郡,クマグン,Kuma-gun,錦町,ニシキマチ,Nishiki-machi,,,,大字一武,オオアザイチブ,Ichibu,,,,字小原,アザコバル,,,0,0,0,0,0,0,1,1,1947-04-17,,0,,,,,,,,,,,,,,,,
435015,0001146,3,熊本県,クマモトケン,Kumamoto,球磨郡,クマグン,Kuma-gun,錦町,ニシキマチ,Nishiki-machi,,,,大字一武,オオアザイチブ,Ichibu,,,,字小川,アザオガワ,,,0,0,0,0,0,0,1,1,1947-04-17,,0,,,,,,,,,,,,,,,,
435015,0001147,3,熊本県,クマモトケン,Kumamoto,球磨郡,クマグン,Kuma-gun,錦町,ニシキマチ,Nishiki-machi,,,,大字一武,オオアザイチブ,Ichibu,,,,字小鶴,アザコヅル,,,0,0,0,0,0,0,1,1,1947-04-17,,0,,,,,,,,,,,,,,,,
435015,0001148,3,熊本県,クマモトケン,Kumamoto,球磨郡,クマグン,Kuma-gun,錦町,ニシキマチ,Nishiki-machi,,,,大字一武,オオアザイチブ,Ichibu,,,,字松ノ本,アザマツノモト,,,0,0,0,0,0,0,1,1,1947-04-17,,0,,,,,,,,,,,,,,,,
435015,0001149,3,熊本県,クマモトケン,Kumamoto,球磨郡,クマグン,Kuma-gun,錦町,ニシキマチ,Nishiki-machi,,,,大字一武,オオアザイチブ,Ichibu,,,,字松葉,アザマツバ,,,0,0,0,0,0,0,1,1,1947-04-17,,0,,,,,,,,,,,,,,,,
435015,0001150,3,熊本県,クマモトケン,Kumamoto,球磨郡,クマグン,Kuma-gun,錦町,ニシキマチ,Nishiki-machi,,,,大字一武,オオアザイチブ,Ichibu,,,,字沼田,アザヌマタ,,,0,0,0,0,0,0,1,1,1947-04-17,,0,,,,,,,,,,,,,,,,
435015,0001151,3,熊本県,クマモトケン,Kumamoto,球磨郡,クマグン,Kuma-gun,錦町,ニシキマチ,Nishiki-machi,,,,大字一武,オオアザイチブ,Ichibu,,,,字上ノ原,アザウエノハラ,,,0,0,0,0,0,0,1,1,1947-04-17,,0,,,,,,,,,,,,,,,,
435015,0001152,3,熊本県,クマモトケン,Kumamoto,球磨郡,クマグン,Kuma-gun,錦町,ニシキマチ,Nishiki-machi,,,,大字一武,オオアザイチブ,Ichibu,,,,字上別府,アザカミノビユウ,,,0,0,0,0,0,0,1,1,1947-04-17,,0,,,,,,,,,,,,,,,,
435015,0001153,3,熊本県,クマモトケン,Kumamoto,球磨郡,クマグン,Kuma-gun,錦町,ニシキマチ,Nishiki-machi,,,,大字一武,オオアザイチブ,Ichibu,,,,字城,アザジヨウ,,,0,0,0,0,0,0,1,1,1947-04-17,,0,,,,,,,,,,,,,,,,
435015,0001154,3,熊本県,クマモトケン,Kumamoto,球磨郡,クマグン,Kuma-gun,錦町,ニシキマチ,Nishiki-machi,,,,大字一武,オオアザイチブ,Ichibu,,,,字植竹,アザウエタケ,,,0,0,0,0,0,0,1,1,1947-04-17,,0,,,,,,,,,,,,,,,,
435015,0001155,3,熊本県,クマモトケン,Kumamoto,球磨郡,クマグン,Kuma-gun,錦町,ニシキマチ,Nishiki-machi,,,,大字一武,オオアザイチブ,Ichibu,,,,字新久保,アザシンクボ,,,0,0,0,0,0,0,1,1,1947-04-17,,0,,,,,,,,,,,,,,,,
435015,0001156,3,熊本県,クマモトケン,Kumamoto,球磨郡,クマグン,Kuma-gun,錦町,ニシキマチ,Nishiki-machi,,,,大字一武,オオアザイチブ,Ichibu,,,,字新替,アザシンガエ,,,0,0,0,0,0,0,1,1,1947-04-17,,0,,,,,,,,,,,,,,,,
435015,0001157,3,熊本県,クマモトケン,Kumamoto,球磨郡,クマグン,Kuma-gun,錦町,ニシキマチ,Nishiki-machi,,,,大字一武,オオアザイチブ,Ichibu,,,,字水堀,アザミズホリ,,,0,0,0,0,0,0,1,1,1947-04-17,,0,,,,,,,,,,,,,,,,
435015,0001158,3,熊本県,クマモトケン,Kumamoto,球磨郡,クマグン,Kuma-gun,錦町,ニシキマチ,Nishiki-machi,,,,大字一武,オオアザイチブ,Ichibu,,,,字清尾,アザセイオ,,,0,0,0,0,0,0,1,1,1947-04-17,,0,,,,,,,,,,,,,,,,
435015,0001159,3,熊本県,クマモトケン,Kumamoto,球磨郡,クマグン,Kuma-gun,錦町,ニシキマチ,Nishiki-machi,,,,大字一武,オオアザイチブ,Ichibu,,,,字切原野,アザキリハラノ,,,0,0,0,0,0,0,1,1,1947-04-17,,0,,,,,,,,,,,,,,,,
435015,0001160,3,熊本県,クマモトケン,Kumamoto,球磨郡,クマグン,Kuma-gun,錦町,ニシキマチ,Nishiki-machi,,,,大字一武,オオアザイチブ,Ichibu,,,,字雪草,アザユキソウ,,,0,0,0,0,0,0,1,1,1947-04-17,,0,,,,,,,,,,,,,,,,
435015,0001161,3,熊本県,クマモトケン,Kumamoto,球磨郡,クマグン,Kuma-gun,錦町,ニシキマチ,Nishiki-machi,,,,大字一武,オオアザイチブ,Ichibu,,,,字川後島,アザカワゴシマ,,,0,0,0,0,0,0,1,1,1947-04-17,,0,,,,,,,,,,,,,,,,
435015,0001162,3,熊本県,クマモトケン,Kumamoto,球磨郡,クマグン,Kuma-gun,錦町,ニシキマチ,Nishiki-machi,,,,大字一武,オオアザイチブ,Ichibu,,,,字前田,アザマエダ,,,0,0,0,0,0,0,1,1,1947-04-17,,0,,,,,,,,,,,,,,,,
435015,0001163,3,熊本県,クマモトケン,Kumamoto,球磨郡,クマグン,Kuma-gun,錦町,ニシキマチ,Nishiki-machi,,,,大字一武,オオアザイチブ,Ichibu,,,,字前畑,アザマエハタ,,,0,0,0,0,0,0,1,1,1947-04-17,,0,,,,,,,,,,,,,,,,
435015,0001164,3,熊本県,クマモトケン,Kumamoto,球磨郡,クマグン,Kuma-gun,錦町,ニシキマチ,Nishiki-machi,,,,大字一武,オオアザイチブ,Ichibu,,,,字足洗川,アザアシアライガワ,,,0,0,0,0,0,0,1,1,1947-04-17,,0,,,,,,,,,,,,,,,,
435015,0001165,3,熊本県,クマモトケン,Kumamoto,球磨郡,クマグン,Kuma-gun,錦町,ニシキマチ,Nishiki-machi,,,,大字一武,オオアザイチブ,Ichibu,,,,字多良原,アザタラバル,,,0,0,0,0,0,0,1,1,1947-04-17,,0,,,,,,,,,,,,,,,,
435015,0001166,3,熊本県,クマモトケン,Kumamoto,球磨郡,クマグン,Kuma-gun,錦町,ニシキマチ,Nishiki-machi,,,,大字一武,オオアザイチブ,Ichibu,,,,字大原,アザオオハラ,,,0,0,0,0,0,0,1,1,1947-04-17,,0,,,,,,,,,,,,,,,,
435015,0001167,3,熊本県,クマモトケン,Kumamoto,球磨郡,クマグン,Kuma-gun,錦町,ニシキマチ,Nishiki-machi,,,,大字一武,オオアザイチブ,Ichibu,,,,字大谷原,アザオオタニバル,,,0,0,0,0,0,0,1,1,1947-04-17,,0,,,,,,,,,,,,,,,,
435015,0001168,3,熊本県,クマモトケン,Kumamoto,球磨郡,クマグン,Kuma-gun,錦町,ニシキマチ,Nishiki-machi,,,,大字一武,オオアザイチブ,Ichibu,,,,字大平,アザオオヒラ,,,0,0,0,0,0,0,1,1,1947-04-17,,0,,,,,,,,,,,,,,,,
435015,0001169,3,熊本県,クマモトケン,Kumamoto,球磨郡,クマグン,Kuma-gun,錦町,ニシキマチ,Nishiki-machi,,,,大字一武,オオアザイチブ,Ichibu,,,,字大平谷,アザオオヒラダニ,,,0,0,0,0,0,0,1,1,1947-04-17,,0,,,,,,,,,,,,,,,,
435015,0001170,3,熊本県,クマモトケン,Kumamoto,球磨郡,クマグン,Kuma-gun,錦町,ニシキマチ,Nishiki-machi,,,,大字一武,オオアザイチブ,Ichibu,,,,字大堀,アザオオホリ,,,0,0,0,0,0,0,1,1,1947-04-17,,0,,,,,,,,,,,,,,,,
435015,0001171,3,熊本県,クマモトケン,Kumamoto,球磨郡,クマグン,Kuma-gun,錦町,ニシキマチ,Nishiki-machi,,,,大字一武,オオアザイチブ,Ichibu,,,,字大木,アザオオキ,,,0,0,0,0,0,0,1,1,1947-04-17,,0,,,,,,,,,,,,,,,,
435015,0001172,3,熊本県,クマモトケン,Kumamoto,球磨郡,クマグン,Kuma-gun,錦町,ニシキマチ,Nishiki-machi,,,,大字一武,オオアザイチブ,Ichibu,,,,字大薮,アザオオヤブ,,,0,0,0,0,0,0,1,1,1947-04-17,,0,,,,,,,,,,,,,,,,
435015,0001173,3,熊本県,クマモトケン,Kumamoto,球磨郡,クマグン,Kuma-gun,錦町,ニシキマチ,Nishiki-machi,,,,大字一武,オオアザイチブ,Ichibu,,,,字地ノ内,アザヂノウチ,,,0,0,0,0,0,0,1,1,1947-04-17,,0,,,,,,,,,,,,,,,,
435015,0001174,3,熊本県,クマモトケン,Kumamoto,球磨郡,クマグン,Kuma-gun,錦町,ニシキマチ,Nishiki-machi,,,,大字一武,オオアザイチブ,Ichibu,,,,字竹ノ下,アザタケノシタ,,,0,0,0,0,0,0,1,1,1947-04-17,,0,,,,,,,,,,,,,,,,
435015,0001175,3,熊本県,クマモトケン,Kumamoto,球磨郡,クマグン,Kuma-gun,錦町,ニシキマチ,Nishiki-machi,,,,大字一武,オオアザイチブ,Ichibu,,,,字茶畑,アザチヤコバ,,,0,0,0,0,0,0,1,1,1947-04-17,,0,,,,,,,,,,,,,,,,
435015,0001176,3,熊本県,クマモトケン,Kumamoto,球磨郡,クマグン,Kuma-gun,錦町,ニシキマチ,Nishiki-machi,,,,大字一武,オオアザイチブ,Ichibu,,,,字中園,アザナカゾノ,,,0,0,0,0,0,0,1,1,1947-04-17,,0,,,,,,,,,,,,,,,,
435015,0001177,3,熊本県,クマモトケン,Kumamoto,球磨郡,クマグン,Kuma-gun,錦町,ニシキマチ,Nishiki-machi,,,,大字一武,オオアザイチブ,Ichibu,,,,字中原,アザナカバル,,,0,0,0,0,0,0,1,1,1947-04-17,,0,,,,,,,,,,,,,,,,
435015,0001178,3,熊本県,クマモトケン,Kumamoto,球磨郡,クマグン,Kuma-gun,錦町,ニシキマチ,Nishiki-machi,,,,大字一武,オオアザイチブ,Ichibu,,,,字中鶴,アザナカヅル,,,0,0,0,0,0,0,1,1,1947-04-17,,0,,,,,,,,,,,,,,,,
435015,0001179,3,熊本県,クマモトケン,Kumamoto,球磨郡,クマグン,Kuma-gun,錦町,ニシキマチ,Nishiki-machi,,,,大字一武,オオアザイチブ,Ichibu,,,,字中島,アザナカシマ,,,0,0,0,0,0,0,1,1,1947-04-17,,0,,,,,,,,,,,,,,,,
435015,0001180,3,熊本県,クマモトケン,Kumamoto,球磨郡,クマグン,Kuma-gun,錦町,ニシキマチ,Nishiki-machi,,,,大字一武,オオアザイチブ,Ichibu,,,,字忠ケ原,アザチユウガハル,,,0,0,0,0,0,0,1,1,1947-04-17,,0,,,,,,,,,,,,,,,,
435015,0001181,3,熊本県,クマモトケン,Kumamoto,球磨郡,クマグン,Kuma-gun,錦町,ニシキマチ,Nishiki-machi,,,,大字一武,オオアザイチブ,Ichibu,,,,字町五反,アザチヨウゴタン,,,0,0,0,0,0,0,1,1,1947-04-17,,0,,,,,,,,,,,,,,,,
435015,0001182,3,熊本県,クマモトケン,Kumamoto,球磨郡,クマグン,Kuma-gun,錦町,ニシキマチ,Nishiki-machi,,,,大字一武,オオアザイチブ,Ichibu,,,,字鳥居松,アザトリイマツ,,,0,0,0,0,0,0,1,1,1947-04-17,,0,,,,,,,,,,,,,,,,
435015,0001183,3,熊本県,クマモトケン,Kumamoto,球磨郡,クマグン,Kuma-gun,錦町,ニシキマチ,Nishiki-machi,,,,大字一武,オオアザイチブ,Ichibu,,,,字塚ノ原,アザツカノハル,,,0,0,0,0,0,0,1,1,1947-04-17,,0,,,,,,,,,,,,,,,,
435015,0001184,3,熊本県,クマモトケン,Kumamoto,球磨郡,クマグン,Kuma-gun,錦町,ニシキマチ,Nishiki-machi,,,,大字一武,オオアザイチブ,Ichibu,,,,字堤尻,アザツツミジリ,,,0,0,0,0,0,0,1,1,1947-04-17,,0,,,,,,,,,,,,,,,,
435015,0001185,3,熊本県,クマモトケン,Kumamoto,球磨郡,クマグン,Kuma-gun,錦町,ニシキマチ,Nishiki-machi,,,,大字一武,オオアザイチブ,Ichibu,,,,字土木園,アザドキゾノ,,,0,0,0,0,0,0,1,1,1947-04-17,,0,,,,,,,,,,,,,,,,
435015,0001186,3,熊本県,クマモトケン,Kumamoto,球磨郡,クマグン,Kuma-gun,錦町,ニシキマチ,Nishiki-machi,,,,大字一武,オオアザイチブ,Ichibu,,,,字東方,アザヒガシカタ,,,0,0,0,0,0,0,1,1,1947-04-17,,0,,,,,,,,,,,,,,,,
435015,0001187,3,熊本県,クマモトケン,Kumamoto,球磨郡,クマグン,Kuma-gun,錦町,ニシキマチ,Nishiki-machi,,,,大字一武,オオアザイチブ,Ichibu,,,,字堂ノ下,アザドウノシタ,,,0,0,0,0,0,0,1,1,1947-04-17,,0,,,,,,,,,,,,,,,,
435015,0001188,3,熊本県,クマモトケン,Kumamoto,球磨郡,クマグン,Kuma-gun,錦町,ニシキマチ,Nishiki-machi,,,,大字一武,オオアザイチブ,Ichibu,,,,字堂ノ前,アザドウノマエ,,,0,0,0,0,0,0,1,1,1947-04-17,,0,,,,,,,,,,,,,,,,
435015,0001189,3,熊本県,クマモトケン,Kumamoto,球磨郡,クマグン,Kuma-gun,錦町,ニシキマチ,Nishiki-machi,,,,大字一武,オオアザイチブ,Ichibu,,,,字堂園,アザドウゾノ,,,0,0,0,0,0,0,1,1,1947-04-17,,0,,,,,,,,,,,,,,,,
435015,0001190,3,熊本県,クマモトケン,Kumamoto,球磨郡,クマグン,Kuma-gun,錦町,ニシキマチ,Nishiki-machi,,,,大字一武,オオアザイチブ,Ichibu,,,,字入尾,アザイリオ,,,0,0,0,0,0,0,1,1,1947-04-17,,0,,,,,,,,,,,,,,,,
435015,0001191,3,熊本県,クマモトケン,Kumamoto,球磨郡,クマグン,Kuma-gun,錦町,ニシキマチ,Nishiki-machi,,,,大字一武,オオアザイチブ,Ichibu,,,,字畑,アザコバ,,,0,0,0,0,0,0,1,1,1947-04-17,,0,,,,,,,,,,,,,,,,
435015,0001192,3,熊本県,クマモトケン,Kumamoto,球磨郡,クマグン,Kuma-gun,錦町,ニシキマチ,Nishiki-machi,,,,大字一武,オオアザイチブ,Ichibu,,,,字八藪,アザハチヤブ,,,0,0,0,0,0,0,1,1,1947-04-17,,0,,,,,,,,,,,,,,,,
435015,0001193,3,熊本県,クマモトケン,Kumamoto,球磨郡,クマグン,Kuma-gun,錦町,ニシキマチ,Nishiki-machi,,,,大字一武,オオアザイチブ,Ichibu,,,,字尾丸,アザオマル,,,0,0,0,0,0,0,1,1,1947-04-17,,0,,,,,,,,,,,,,,,,
435015,0001194,3,熊本県,クマモトケン,Kumamoto,球磨郡,クマグン,Kuma-gun,錦町,ニシキマチ,Nishiki-machi,,,,大字一武,オオアザイチブ,Ichibu,,,,字尾谷,アザオタニ,,,0,0,0,0,0,0,1,1,1947-04-17,,0,,,,,,,,,,,,,,,,
435015,0001195,3,熊本県,クマモトケン,Kumamoto,球磨郡,クマグン,Kuma-gun,錦町,ニシキマチ,Nishiki-machi,,,,大字一武,オオアザイチブ,Ichibu,,,,字福島,アザフクシマ,,,0,0,0,0,0,0,1,1,1947-04-17,,0,,,,,,,,,,,,,,,,
435015,0001196,3,熊本県,クマモトケン,Kumamoto,球磨郡,クマグン,Kuma-gun,錦町,ニシキマチ,Nishiki-machi,,,,大字一武,オオアザイチブ,Ichibu,,,,字福島田,アザフクシマダ,,,0,0,0,0,0,0,1,1,1947-04-17,,0,,,,,,,,,,,,,,,,
435015,0001197,3,熊本県,クマモトケン,Kumamoto,球磨郡,クマグン,Kuma-gun,錦町,ニシキマチ,Nishiki-machi,,,,大字一武,オオアザイチブ,Ichibu,,,,字福堂,アザフクドウ,,,0,0,0,0,0,0,1,1,1947-04-17,,0,,,,,,,,,,,,,,,,
435015,0001198,3,熊本県,クマモトケン,Kumamoto,球磨郡,クマグン,Kuma-gun,錦町,ニシキマチ,Nishiki-machi,,,,大字一武,オオアザイチブ,Ichibu,,,,字平岩,アザヒライワ,,,0,0,0,0,0,0,1,1,1947-04-17,,0,,,,,,,,,,,,,,,,
435015,0001199,3,熊本県,クマモトケン,Kumamoto,球磨郡,クマグン,Kuma-gun,錦町,ニシキマチ,Nishiki-machi,,,,大字一武,オオアザイチブ,Ichibu,,,,字平岩下,アザヒライワシタ,,,0,0,0,0,0,0,1,1,1947-04-17,,0,,,,,,,,,,,,,,,,
435015,0001200,3,熊本県,クマモトケン,Kumamoto,球磨郡,クマグン,Kuma-gun,錦町,ニシキマチ,Nishiki-machi,,,,大字一武,オオアザイチブ,Ichibu,,,,字平岩前,アザヒライワマエ,,,0,0,0,0,0,0,1,1,1947-04-17,,0,,,,,,,,,,,,,,,,
435015,0001201,3,熊本県,クマモトケン,Kumamoto,球磨郡,クマグン,Kuma-gun,錦町,ニシキマチ,Nishiki-machi,,,,大字一武,オオアザイチブ,Ichibu,,,,字別府,アザビユウ,,,0,0,0,0,0,0,1,1,1947-04-17,,0,,,,,,,,,,,,,,,,
435015,0001202,3,熊本県,クマモトケン,Kumamoto,球磨郡,クマグン,Kuma-gun,錦町,ニシキマチ,Nishiki-machi,,,,大字一武,オオアザイチブ,Ichibu,,,,字別府前,アザビユウマエ,,,0,0,0,0,0,0,1,1,1947-04-17,,0,,,,,,,,,,,,,,,,
435015,0001203,3,熊本県,クマモトケン,Kumamoto,球磨郡,クマグン,Kuma-gun,錦町,ニシキマチ,Nishiki-machi,,,,大字一武,オオアザイチブ,Ichibu,,,,字別府畑,アザビユウコバ,,,0,0,0,0,0,0,1,1,1947-04-17,,0,,,,,,,,,,,,,,,,
435015,0001204,3,熊本県,クマモトケン,Kumamoto,球磨郡,クマグン,Kuma-gun,錦町,ニシキマチ,Nishiki-machi,,,,大字一武,オオアザイチブ,Ichibu,,,,字堀内,アザホリウチ,,,0,0,0,0,0,0,1,1,1947-04-17,,0,,,,,,,,,,,,,,,,
435015,0001205,3,熊本県,クマモトケン,Kumamoto,球磨郡,クマグン,Kuma-gun,錦町,ニシキマチ,Nishiki-machi,,,,大字一武,オオアザイチブ,Ichibu,,,,字万吉原,アザマンキチバル,,,0,0,0,0,0,0,1,1,1947-04-17,,0,,,,,,,,,,,,,,,,
435015,0001206,3,熊本県,クマモトケン,Kumamoto,球磨郡,クマグン,Kuma-gun,錦町,ニシキマチ,Nishiki-machi,,,,大字一武,オオアザイチブ,Ichibu,,,,字門田,アザカドタ,,,0,0,0,0,0,0,1,1,1947-04-17,,0,,,,,,,,,,,,,,,,
435015,0001207,3,熊本県,クマモトケン,Kumamoto,球磨郡,クマグン,Kuma-gun,錦町,ニシキマチ,Nishiki-machi,,,,大字一武,オオアザイチブ,Ichibu,,,,字野村,アザノムラ,,,0,0,0,0,0,0,1,1,1947-04-17,,0,,,,,,,,,,,,,,,,
435015,0001208,3,熊本県,クマモトケン,Kumamoto,球磨郡,クマグン,Kuma-gun,錦町,ニシキマチ,Nishiki-machi,,,,大字一武,オオアザイチブ,Ichibu,,,,字野中田,アザノナカダ,,,0,0,0,0,0,0,1,1,1947-04-17,,0,,,,,,,,,,,,,,,,
435015,0001209,3,熊本県,クマモトケン,Kumamoto,球磨郡,クマグン,Kuma-gun,錦町,ニシキマチ,Nishiki-machi,,,,大字一武,オオアザイチブ,Ichibu,,,,字野畑,アザノハタ,,,0,0,0,0,0,0,1,1,1947-04-17,,0,,,,,,,,,,,,,,,,
435015,0001210,3,熊本県,クマモトケン,Kumamoto,球磨郡,クマグン,Kuma-gun,錦町,ニシキマチ,Nishiki-machi,,,,大字一武,オオアザイチブ,Ichibu,,,,字野里原,アザノザトバル,,,0,0,0,0,0,0,1,1,1947-04-17,,0,,,,,,,,,,,,,,,,
435015,0001211,3,熊本県,クマモトケン,Kumamoto,球磨郡,クマグン,Kuma-gun,錦町,ニシキマチ,Nishiki-machi,,,,大字一武,オオアザイチブ,Ichibu,,,,字柳原,アザヤナギハラ,,,0,0,0,0,0,0,1,1,1947-04-17,,0,,,,,,,,,,,,,,,,
435015,0001212,3,熊本県,クマモトケン,Kumamoto,球磨郡,クマグン,Kuma-gun,錦町,ニシキマチ,Nishiki-machi,,,,大字一武,オオアザイチブ,Ichibu,,,,字踊場,アザオドリバ,,,0,0,0,0,0,0,1,1,1947-04-17,,0,,,,,,,,,,,,,,,,
435015,0001213,3,熊本県,クマモトケン,Kumamoto,球磨郡,クマグン,Kuma-gun,錦町,ニシキマチ,Nishiki-machi,,,,大字一武,オオアザイチブ,Ichibu,,,,字立野,アザタテノ,,,0,0,0,0,0,0,1,1,1947-04-17,,0,,,,,,,,,,,,,,,,
435015,0001214,3,熊本県,クマモトケン,Kumamoto,球磨郡,クマグン,Kuma-gun,錦町,ニシキマチ,Nishiki-machi,,,,大字一武,オオアザイチブ,Ichibu,,,,字艾原,アザヨモギハラ,,,0,0,0,0,0,0,1,1,1947-04-17,,0,,,,,,,,,,,,,,,,
435015,0001215,3,熊本県,クマモトケン,Kumamoto,球磨郡,クマグン,Kuma-gun,錦町,ニシキマチ,Nishiki-machi,,,,大字一武,オオアザイチブ,,,,,字辻,アザツジ,,,0,0,0,0,0,0,1,1,1970-01-01,,0,,,,,,,,,,,,,,,,
435015,0001216,3,熊本県,クマモトケン,Kumamoto,球磨郡,クマグン,Kuma-gun,錦町,ニシキマチ,Nishiki-machi,,,,大字一武,オオアザイチブ,,,,,字迴町,アザメグリマチ,,,0,0,0,0,0,0,1,1,1970-01-01,,0,,,,,,,,,,,,,,,,
435015,0002000,1,熊本県,クマモトケン,Kumamoto,球磨郡,クマグン,Kuma-gun,錦町,ニシキマチ,Nishiki-machi,,,,大字木上北,オオアザキノエキタ,,,,,,,,,0,0,0,0,0,0,1,0,1947-04-17,,0,,,,,,,,,,,,,,,,
435015,0002101,3,熊本県,クマモトケン,Kumamoto,球磨郡,クマグン,Kuma-gun,錦町,ニシキマチ,Nishiki-machi,,,,大字木上北,オオアザキノエキタ,,,,,字朝ケ尾,アザアサガオ,,,0,0,0,0,0,0,1,1,1947-04-17,,0,,,,,,,,,,,,,,,,
435015,0002102,3,熊本県,クマモトケン,Kumamoto,球磨郡,クマグン,Kuma-gun,錦町,ニシキマチ,Nishiki-machi,,,,大字木上北,オオアザキノエキタ,,,,,字烏帽子田,アザエボシダ,,,0,0,0,0,0,0,1,1,1947-04-17,,0,,,,,,,,,,,,,,,,
435015,0002103,3,熊本県,クマモトケン,Kumamoto,球磨郡,クマグン,Kuma-gun,錦町,ニシキマチ,Nishiki-machi,,,,大字木上北,オオアザキノエキタ,,,,,字岡崎,アザオカザキ,,,0,0,0,0,0,0,1,1,1947-04-17,,0,,,,,,,,,,,,,,,,
435015,0002104,3,熊本県,クマモトケン,Kumamoto,球磨郡,クマグン,Kuma-gun,錦町,ニシキマチ,Nishiki-machi,,,,大字木上北,オオアザキノエキタ,,,,,字沖村,アザオキムラ,,,0,0,0,0,0,0,1,1,1947-04-17,,0,,,,,,,,,,,,,,,,
435015,0002105,3,熊本県,クマモトケン,Kumamoto,球磨郡,クマグン,Kuma-gun,錦町,ニシキマチ,Nishiki-machi,,,,大字木上北,オオアザキノエキタ,,,,,字沖野,アザオキノ,,,0,0,0,0,0,0,1,1,1947-04-17,,0,,,,,,,,,,,,,,,,
435015,0002106,3,熊本県,クマモトケン,Kumamoto,球磨郡,クマグン,Kuma-gun,錦町,ニシキマチ,Nishiki-machi,,,,大字木上北,オオアザキノエキタ,,,,,字下原,アザシモバル,,,0,0,0,0,0,0,1,1,1947-04-17,,0,,,,,,,,,,,,,,,,
435015,0002107,3,熊本県,クマモトケン,Kumamoto,球磨郡,クマグン,Kuma-gun,錦町,ニシキマチ,Nishiki-machi,,,,大字木上北,オオアザキノエキタ,,,,,字加久米,アザカクメ,,,0,0,0,0,0,0,1,1,1947-04-17,,0,,,,,,,,,,,,,,,,
435015,0002108,3,熊本県,クマモトケン,Kumamoto,球磨郡,クマグン,Kuma-gun,錦町,ニシキマチ,Nishiki-machi,,,,大字木上北,オオアザキノエキタ,,,,,字夏男,アザナツオ,,,0,0,0,0,0,0,1,1,1947-04-17,,0,,,,,,,,,,,,,,,,
435015,0002109,3,熊本県,クマモトケン,Kumamoto,球磨郡,クマグン,Kuma-gun,錦町,ニシキマチ,Nishiki-machi,,,,大字木上北,オオアザキノエキタ,,,,,字株田,アザカブタ,,,0,0,0,0,0,0,1,1,1947-04-17,,0,,,,,,,,,,,,,,,,
435015,0002110,3,熊本県,クマモトケン,Kumamoto,球磨郡,クマグン,Kuma-gun,錦町,ニシキマチ,Nishiki-machi,,,,大字木上北,オオアザキノエキタ,,,,,字岩松,アザイワマツ,,,0,0,0,0,0,0,1,1,1947-04-17,,0,,,,,,,,,,,,,,,,
435015,0002111,3,熊本県,クマモトケン,Kumamoto,球磨郡,クマグン,Kuma-gun,錦町,ニシキマチ,Nishiki-machi,,,,大字木上北,オオアザキノエキタ,,,,,字境石,アザサカイイシ,,,0,0,0,0,0,0,1,1,1947-04-17,,0,,,,,,,,,,,,,,,,
435015,0002112,3,熊本県,クマモトケン,Kumamoto,球磨郡,クマグン,Kuma-gun,錦町,ニシキマチ,Nishiki-machi,,,,大字木上北,オオアザキノエキタ,,,,,字権現尾,アザゴンゲンオ,,,0,0,0,0,0,0,1,1,1947-04-17,,0,,,,,,,,,,,,,,,,
435015,0002113,3,熊本県,クマモトケン,Kumamoto,球磨郡,クマグン,Kuma-gun,錦町,ニシキマチ,Nishiki-machi,,,,大字木上北,オオアザキノエキタ,,,,,字見帰,アザミカエリ,,,0,0,0,0,0,0,1,1,1947-04-17,,0,,,,,,,,,,,,,,,,
435015,0002114,3,熊本県,クマモトケン,Kumamoto,球磨郡,クマグン,Kuma-gun,錦町,ニシキマチ,Nishiki-machi,,,,大字木上北,オオアザキノエキタ,,,,,字見心,アザミゴコロ,,,0,0,0,0,0,0,1,1,1947-04-17,,0,,,,,,,,,,,,,,,,
435015,0002115,3,熊本県,クマモトケン,Kumamoto,球磨郡,クマグン,Kuma-gun,錦町,ニシキマチ,Nishiki-machi,,,,大字木上北,オオアザキノエキタ,,,,,字黒坂,アザクロサカ,,,0,0,0,0,0,0,1,1,1947-04-17,,0,,,,,,,,,,,,,,,,
435015,0002116,3,熊本県,クマモトケン,Kumamoto,球磨郡,クマグン,Kuma-gun,錦町,ニシキマチ,Nishiki-machi,,,,大字木上北,オオアザキノエキタ,,,,,字坂ノ上,アザサカノウエ,,,0,0,0,0,0,0,1,1,1947-04-17,,0,,,,,,,,,,,,,,,,
435015,0002117,3,熊本県,クマモトケン,Kumamoto,球磨郡,クマグン,Kuma-gun,錦町,ニシキマチ,Nishiki-machi,,,,大字木上北,オオアザキノエキタ,,,,,字山下,アザヤマシタ,,,0,0,0,0,0,0,1,1,1947-04-17,,0,,,,,,,,,,,,,,,,
435015,0002118,3,熊本県,クマモトケン,Kumamoto,球磨郡,クマグン,Kuma-gun,錦町,ニシキマチ,Nishiki-machi,,,,大字木上北,オオアザキノエキタ,,,,,字小原,アザコバル,,,0,0,0,0,0,0,1,1,1947-04-17,,0,,,,,,,,,,,,,,,,
435015,0002119,3,熊本県,クマモトケン,Kumamoto,球磨郡,クマグン,Kuma-gun,錦町,ニシキマチ,Nishiki-machi,,,,大字木上北,オオアザキノエキタ,,,,,字小草,アザコグサ,,,0,0,0,0,0,0,1,1,1947-04-17,,0,,,,,,,,,,,,,,,,
435015,0002120,3,熊本県,クマモトケン,Kumamoto,球磨郡,クマグン,Kuma-gun,錦町,ニシキマチ,Nishiki-machi,,,,大字木上北,オオアザキノエキタ,,,,,字小迫,アザコザコ,,,0,0,0,0,0,0,1,1,1947-04-17,,0,,,,,,,,,,,,,,,,
435015,0002121,3,熊本県,クマモトケン,Kumamoto,球磨郡,クマグン,Kuma-gun,錦町,ニシキマチ,Nishiki-machi,,,,大字木上北,オオアザキノエキタ,,,,,字杉ノ場,アザスギノバ,,,0,0,0,0,0,0,1,1,1947-04-17,,0,,,,,,,,,,,,,,,,
435015,0002122,3,熊本県,クマモトケン,Kumamoto,球磨郡,クマグン,Kuma-gun,錦町,ニシキマチ,Nishiki-machi,,,,大字木上北,オオアザキノエキタ,,,,,字杉園,アザスギゾノ,,,0,0,0,0,0,0,1,1,1947-04-17,,0,,,,,,,,,,,,,,,,
435015,0002123,3,熊本県,クマモトケン,Kumamoto,球磨郡,クマグン,Kuma-gun,錦町,ニシキマチ,Nishiki-machi,,,,大字木上北,オオアザキノエキタ,,,,,字雀迫,アザスズメザコ,,,0,0,0,0,0,0,1,1,1947-04-17,,0,,,,,,,,,,,,,,,,
435015,0002124,3,熊本県,クマモトケン,Kumamoto,球磨郡,クマグン,Kuma-gun,錦町,ニシキマチ,Nishiki-machi,,,,大字木上北,オオアザキノエキタ,,,,,字石見,アザイシミ,,,0,0,0,0,0,0,1,1,1947-04-17,,0,,,,,,,,,,,,,,,,
435015,0002125,3,熊本県,クマモトケン,Kumamoto,球磨郡,クマグン,Kuma-gun,錦町,ニシキマチ,Nishiki-machi,,,,大字木上北,オオアザキノエキタ,,,,,字銭亀,アザゼニガメ,,,0,0,0,0,0,0,1,1,1947-04-17,,0,,,,,,,,,,,,,,,,
435015,0002126,3,熊本県,クマモトケン,Kumamoto,球磨郡,クマグン,Kuma-gun,錦町,ニシキマチ,Nishiki-machi,,,,大字木上北,オオアザキノエキタ,,,,,字草ノ尾,アザクサノオ,,,0,0,0,0,0,0,1,1,1947-04-17,,0,,,,,,,,,,,,,,,,
435015,0002127,3,熊本県,クマモトケン,Kumamoto,球磨郡,クマグン,Kuma-gun,錦町,ニシキマチ,Nishiki-machi,,,,大字木上北,オオアザキノエキタ,,,,,字草葉,アザクサバ,,,0,0,0,0,0,0,1,1,1947-04-17,,0,,,,,,,,,,,,,,,,
435015,0002128,3,熊本県,クマモトケン,Kumamoto,球磨郡,クマグン,Kuma-gun,錦町,ニシキマチ,Nishiki-machi,,,,大字木上北,オオアザキノエキタ,,,,,字蔵ノ城,アザクラノジヨウ,,,0,0,0,0,0,0,1,1,1947-04-17,,0,,,,,,,,,,,,,,,,
435015,0002129,3,熊本県,クマモトケン,Kumamoto,球磨郡,クマグン,Kuma-gun,錦町,ニシキマチ,Nishiki-machi,,,,大字木上北,オオアザキノエキタ,,,,,字村松,アザムラマツ,,,0,0,0,0,0,0,1,1,1947-04-17,,0,,,,,,,,,,,,,,,,
435015,0002130,3,熊本県,クマモトケン,Kumamoto,球磨郡,クマグン,Kuma-gun,錦町,ニシキマチ,Nishiki-machi,,,,大字木上北,オオアザキノエキタ,,,,,字台原,アザダイワラ,,,0,0,0,0,0,0,1,1,1947-04-17,,0,,,,,,,,,,,,,,,,
435015,0002131,3,熊本県,クマモトケン,Kumamoto,球磨郡,クマグン,Kuma-gun,錦町,ニシキマチ,Nishiki-machi,,,,大字木上北,オオアザキノエキタ,,,,,字台迫,アザダイガサコ,,,0,0,0,0,0,0,1,1,1947-04-17,,0,,,,,,,,,,,,,,,,
435015,0002132,3,熊本県,クマモトケン,Kumamoto,球磨郡,クマグン,Kuma-gun,錦町,ニシキマチ,Nishiki-machi,,,,大字木上北,オオアザキノエキタ,,,,,字大王田,アザダイオウダ,,,0,0,0,0,0,0,1,1,1947-04-17,,0,,,,,,,,,,,,,,,,
435015,0002133,3,熊本県,クマモトケン,Kumamoto,球磨郡,クマグン,Kuma-gun,錦町,ニシキマチ,Nishiki-machi,,,,大字木上北,オオアザキノエキタ,,,,,字大迫,アザオオサコ,,,0,0,0,0,0,0,1,1,1947-04-17,,0,,,,,,,,,,,,,,,,
435015,0002134,3,熊本県,クマモトケン,Kumamoto,球磨郡,クマグン,Kuma-gun,錦町,ニシキマチ,Nishiki-machi,,,,大字木上北,オオアザキノエキタ,,,,,字瀧ノ水,アザタキノミズ,,,0,0,0,0,0,0,1,1,1947-04-17,,0,,,,,,,,,,,,,,,,
435015,0002135,3,熊本県,クマモトケン,Kumamoto,球磨郡,クマグン,Kuma-gun,錦町,ニシキマチ,Nishiki-machi,,,,大字木上北,オオアザキノエキタ,,,,,字地獄田,アザヂゴクダ,,,0,0,0,0,0,0,1,1,1947-04-17,,0,,,,,,,,,,,,,,,,
435015,0002136,3,熊本県,クマモトケン,Kumamoto,球磨郡,クマグン,Kuma-gun,錦町,ニシキマチ,Nishiki-machi,,,,大字木上北,オオアザキノエキタ,,,,,字池ノ尾,アザイケノオ,,,0,0,0,0,0,0,1,1,1947-04-17,,0,,,,,,,,,,,,,,,,
435015,0002137,3,熊本県,クマモトケン,Kumamoto,球磨郡,クマグン,Kuma-gun,錦町,ニシキマチ,Nishiki-machi,,,,大字木上北,オオアザキノエキタ,,,,,字茶屋場,アザチヤヤバ,,,0,0,0,0,0,0,1,1,1947-04-17,,0,,,,,,,,,,,,,,,,
435015,0002138,3,熊本県,クマモトケン,Kumamoto,球磨郡,クマグン,Kuma-gun,錦町,ニシキマチ,Nishiki-machi,,,,大字木上北,オオアザキノエキタ,,,,,字中尾,アザナカオ,,,0,0,0,0,0,0,1,1,1947-04-17,,0,,,,,,,,,,,,,,,,
435015,0002139,3,熊本県,クマモトケン,Kumamoto,球磨郡,クマグン,Kuma-gun,錦町,ニシキマチ,Nishiki-machi,,,,大字木上北,オオアザキノエキタ,,,,,字朝ケ迫,アザアサガサコ,,,0,0,0,0,0,0,1,1,1947-04-17,,0,,,,,,,,,,,,,,,,
435015,0002140,3,熊本県,クマモトケン,Kumamoto,球磨郡,クマグン,Kuma-gun,錦町,ニシキマチ,Nishiki-machi,,,,大字木上北,オオアザキノエキタ,,,,,字田子山,アザタゴヤマ,,,0,0,0,0,0,0,1,1,1947-04-17,,0,,,,,,,,,,,,,,,,
435015,0002141,3,熊本県,クマモトケン,Kumamoto,球磨郡,クマグン,Kuma-gun,錦町,ニシキマチ,Nishiki-machi,,,,大字木上北,オオアザキノエキタ,,,,,字湯平,アザユビラ,,,0,0,0,0,0,0,1,1,1947-04-17,,0,,,,,,,,,,,,,,,,
435015,0002142,3,熊本県,クマモトケン,Kumamoto,球磨郡,クマグン,Kuma-gun,錦町,ニシキマチ,Nishiki-machi,,,,大字木上北,オオアザキノエキタ,,,,,字堂ノ尾,アザドウノオ,,,0,0,0,0,0,0,1,1,1947-04-17,,0,,,,,,,,,,,,,,,,
435015,0002143,3,熊本県,クマモトケン,Kumamoto,球磨郡,クマグン,Kuma-gun,錦町,ニシキマチ,Nishiki-machi,,,,大字木上北,オオアザキノエキタ,,,,,字堂崎,アザドウザキ,,,0,0,0,0,0,0,1,1,1947-04-17,,0,,,,,,,,,,,,,,,,
435015,0002144,3,熊本県,クマモトケン,Kumamoto,球磨郡,クマグン,Kuma-gun,錦町,ニシキマチ,Nishiki-machi,,,,大字木上北,オオアザキノエキタ,,,,,字堂出,アザドウデ,,,0,0,0,0,0,0,1,1,1947-04-17,,0,,,,,,,,,,,,,,,,
435015,0002145,3,熊本県,クマモトケン,Kumamoto,球磨郡,クマグン,Kuma-gun,錦町,ニシキマチ,Nishiki-machi,,,,大字木上北,オオアザキノエキタ,,,,,字鳶迫,アザトビサコ,,,0,0,0,0,0,0,1,1,1947-04-17,,0,,,,,,,,,,,,,,,,
435015,0002146,3,熊本県,クマモトケン,Kumamoto,球磨郡,クマグン,Kuma-gun,錦町,ニシキマチ,Nishiki-machi,,,,大字木上北,オオアザキノエキタ,,,,,字馬越,アザマゴシ,,,0,0,0,0,0,0,1,1,1947-04-17,,0,,,,,,,,,,,,,,,,
435015,0002147,3,熊本県,クマモトケン,Kumamoto,球磨郡,クマグン,Kuma-gun,錦町,ニシキマチ,Nishiki-machi,,,,大字木上北,オオアザキノエキタ,,,,,字馬渡,アザマワタリ,,,0,0,0,0,0,0,1,1,1947-04-17,,0,,,,,,,,,,,,,,,,
435015,0002148,3,熊本県,クマモトケン,Kumamoto,球磨郡,クマグン,Kuma-gun,錦町,ニシキマチ,Nishiki-machi,,,,大字木上北,オオアザキノエキタ,,,,,字白坂,アザシラサカ,,,0,0,0,0,0,0,1,1,1947-04-17,,0,,,,,,,,,,,,,,,,
435015,0002149,3,熊本県,クマモトケン,Kumamoto,球磨郡,クマグン,Kuma-gun,錦町,ニシキマチ,Nishiki-machi,,,,大字木上北,オオアザキノエキタ,,,,,字平岡,アザヒラオカ,,,0,0,0,0,0,0,1,1,1947-04-17,,0,,,,,,,,,,,,,,,,
435015,0002150,3,熊本県,クマモトケン,Kumamoto,球磨郡,クマグン,Kuma-gun,錦町,ニシキマチ,Nishiki-machi,,,,大字木上北,オオアザキノエキタ,,,,,字平岩,アザヒライワ,,,0,0,0,0,0,0,1,1,1947-04-17,,0,,,,,,,,,,,,,,,,
435015,0002151,3,熊本県,クマモトケン,Kumamoto,球磨郡,クマグン,Kuma-gun,錦町,ニシキマチ,Nishiki-machi,,,,大字木上北,オオアザキノエキタ,,,,,字北ノ迫,アザキタノサコ,,,0,0,0,0,0,0,1,1,1947-04-17,,0,,,,,,,,,,,,,,,,
435015,0002152,3,熊本県,クマモトケン,Kumamoto,球磨郡,クマグン,Kuma-gun,錦町,ニシキマチ,Nishiki-machi,,,,大字木上北,オオアザキノエキタ,,,,,字野間,アザノマ,,,0,0,0,0,0,0,1,1,1947-04-17,,0,,,,,,,,,,,,,,,,
435015,0002153,3,熊本県,クマモトケン,Kumamoto,球磨郡,クマグン,Kuma-gun,錦町,ニシキマチ,Nishiki-machi,,,,大字木上北,オオアザキノエキタ,,,,,字立出,アザタテイデ,,,0,0,0,0,0,0,1,1,1947-04-17,,0,,,,,,,,,,,,,,,,
435015,0002154,3,熊本県,クマモトケン,Kumamoto,球磨郡,クマグン,Kuma-gun,錦町,ニシキマチ,Nishiki-machi,,,,大字木上北,オオアザキノエキタ,,,,,字溜水,アザタマリミズ,,,0,0,0,0,0,0,1,1,1947-04-17,,0,,,,,,,,,,,,,,,,
435015,0002155,3,熊本県,クマモトケン,Kumamoto,球磨郡,クマグン,Kuma-gun,錦町,ニシキマチ,Nishiki-machi,,,,大字木上北,オオアザキノエキタ,,,,,字犬ノ辻,アザイヌノツジ,,,0,0,0,0,0,0,1,1,1970-01-01,,0,,,,,,,,,,,,,,,,
435015,0002156,3,熊本県,クマモトケン,Kumamoto,球磨郡,クマグン,Kuma-gun,錦町,ニシキマチ,Nishiki-machi,,,,大字木上北,オオアザキノエキタ,,,,,字辻岡,アザツジオカ,,,0,0,0,0,0,0,1,1,1970-01-01,,0,,,,,,,,,,,,,,,,
435015,0003000,1,熊本県,クマモトケン,Kumamoto,球磨郡,クマグン,Kuma-gun,錦町,ニシキマチ,Nishiki-machi,,,,大字木上西,オオアザキノエニシ,,,,,,,,,0,0,0,0,0,0,1,0,1947-04-17,,0,,,,,,,,,,,,,,,,
435015,0003101,3,熊本県,クマモトケン,Kumamoto,球磨郡,クマグン,Kuma-gun,錦町,ニシキマチ,Nishiki-machi,,,,大字木上西,オオアザキノエニシ,,,,,字岩下,アザイワシタ,,,0,0,0,0,0,0,1,1,1947-04-17,,0,,,,,,,,,,,,,,,,
435015,0003102,3,熊本県,クマモトケン,Kumamoto,球磨郡,クマグン,Kuma-gun,錦町,ニシキマチ,Nishiki-machi,,,,大字木上西,オオアザキノエニシ,,,,,字永田,アザナガタ,,,0,0,0,0,0,0,1,1,1947-04-17,,0,,,,,,,,,,,,,,,,
435015,0003103,3,熊本県,クマモトケン,Kumamoto,球磨郡,クマグン,Kuma-gun,錦町,ニシキマチ,Nishiki-machi,,,,大字木上西,オオアザキノエニシ,,,,,字永迫,アザナガサコ,,,0,0,0,0,0,0,1,1,1947-04-17,,0,,,,,,,,,,,,,,,,
435015,0003104,3,熊本県,クマモトケン,Kumamoto,球磨郡,クマグン,Kuma-gun,錦町,ニシキマチ,Nishiki-machi,,,,大字木上西,オオアザキノエニシ,,,,,字横馬場,アザヨコババ,,,0,0,0,0,0,0,1,1,1947-04-17,,0,,,,,,,,,,,,,,,,
435015,0003105,3,熊本県,クマモトケン,Kumamoto,球磨郡,クマグン,Kuma-gun,錦町,ニシキマチ,Nishiki-machi,,,,大字木上西,オオアザキノエニシ,,,,,字加茂,アザカモ,,,0,0,0,0,0,0,1,1,1947-04-17,,0,,,,,,,,,,,,,,,,
435015,0003106,3,熊本県,クマモトケン,Kumamoto,球磨郡,クマグン,Kuma-gun,錦町,ニシキマチ,Nishiki-machi,,,,大字木上西,オオアザキノエニシ,,,,,字岩立,アザイワタテ,,,0,0,0,0,0,0,1,1,1947-04-17,,0,,,,,,,,,,,,,,,,
435015,0003107,3,熊本県,クマモトケン,Kumamoto,球磨郡,クマグン,Kuma-gun,錦町,ニシキマチ,Nishiki-machi,,,,大字木上西,オオアザキノエニシ,,,,,字嬉野,アザウレシノ,,,0,0,0,0,0,0,1,1,1947-04-17,,0,,,,,,,,,,,,,,,,
435015,0003108,3,熊本県,クマモトケン,Kumamoto,球磨郡,クマグン,Kuma-gun,錦町,ニシキマチ,Nishiki-machi,,,,大字木上西,オオアザキノエニシ,,,,,字宮ノ上,アザミヤノウエ,,,0,0,0,0,0,0,1,1,1947-04-17,,0,,,,,,,,,,,,,,,,
435015,0003109,3,熊本県,クマモトケン,Kumamoto,球磨郡,クマグン,Kuma-gun,錦町,ニシキマチ,Nishiki-machi,,,,大字木上西,オオアザキノエニシ,,,,,字宮ノ本,アザミヤノモト,,,0,0,0,0,0,0,1,1,1947-04-17,,0,,,,,,,,,,,,,,,,
435015,0003110,3,熊本県,クマモトケン,Kumamoto,球磨郡,クマグン,Kuma-gun,錦町,ニシキマチ,Nishiki-machi,,,,大字木上西,オオアザキノエニシ,,,,,字京出,アザキヨウデ,,,0,0,0,0,0,0,1,1,1947-04-17,,0,,,,,,,,,,,,,,,,
435015,0003111,3,熊本県,クマモトケン,Kumamoto,球磨郡,クマグン,Kuma-gun,錦町,ニシキマチ,Nishiki-machi,,,,大字木上西,オオアザキノエニシ,,,,,字近沖,アザチカオキ,,,0,0,0,0,0,0,1,1,1947-04-17,,0,,,,,,,,,,,,,,,,
435015,0003112,3,熊本県,クマモトケン,Kumamoto,球磨郡,クマグン,Kuma-gun,錦町,ニシキマチ,Nishiki-machi,,,,大字木上西,オオアザキノエニシ,,,,,字古川,アザフルコウ,,,0,0,0,0,0,0,1,1,1947-04-17,,0,,,,,,,,,,,,,,,,
435015,0003113,3,熊本県,クマモトケン,Kumamoto,球磨郡,クマグン,Kuma-gun,錦町,ニシキマチ,Nishiki-machi,,,,大字木上西,オオアザキノエニシ,,,,,字幸ケ鶴,アザコウガヅル,,,0,0,0,0,0,0,1,1,1947-04-17,,0,,,,,,,,,,,,,,,,
435015,0003114,3,熊本県,クマモトケン,Kumamoto,球磨郡,クマグン,Kuma-gun,錦町,ニシキマチ,Nishiki-machi,,,,大字木上西,オオアザキノエニシ,,,,,字佐土原,アザサドワラ,,,0,0,0,0,0,0,1,1,1947-04-17,,0,,,,,,,,,,,,,,,,
435015,0003115,3,熊本県,クマモトケン,Kumamoto,球磨郡,クマグン,Kuma-gun,錦町,ニシキマチ,Nishiki-machi,,,,大字木上西,オオアザキノエニシ,,,,,字三ノ坪,アザサンノツボ,,,0,0,0,0,0,0,1,1,1947-04-17,,0,,,,,,,,,,,,,,,,
435015,0003116,3,熊本県,クマモトケン,Kumamoto,球磨郡,クマグン,Kuma-gun,錦町,ニシキマチ,Nishiki-machi,,,,大字木上西,オオアザキノエニシ,,,,,字十日市,アザトウカイチ,,,0,0,0,0,0,0,1,1,1947-04-17,,0,,,,,,,,,,,,,,,,
435015,0003117,3,熊本県,クマモトケン,Kumamoto,球磨郡,クマグン,Kuma-gun,錦町,ニシキマチ,Nishiki-machi,,,,大字木上西,オオアザキノエニシ,,,,,字上杉,アザウエスギ,,,0,0,0,0,0,0,1,1,1947-04-17,,0,,,,,,,,,,,,,,,,
435015,0003118,3,熊本県,クマモトケン,Kumamoto,球磨郡,クマグン,Kuma-gun,錦町,ニシキマチ,Nishiki-machi,,,,大字木上西,オオアザキノエニシ,,,,,字上島,アザカミシマ,,,0,0,0,0,0,0,1,1,1947-04-17,,0,,,,,,,,,,,,,,,,
435015,0003119,3,熊本県,クマモトケン,Kumamoto,球磨郡,クマグン,Kuma-gun,錦町,ニシキマチ,Nishiki-machi,,,,大字木上西,オオアザキノエニシ,,,,,字新並木,アザシンナミキ,,,0,0,0,0,0,0,1,1,1947-04-17,,0,,,,,,,,,,,,,,,,
435015,0003120,3,熊本県,クマモトケン,Kumamoto,球磨郡,クマグン,Kuma-gun,錦町,ニシキマチ,Nishiki-machi,,,,大字木上西,オオアザキノエニシ,,,,,字新立,アザシンタテ,,,0,0,0,0,0,0,1,1,1947-04-17,,0,,,,,,,,,,,,,,,,
435015,0003121,3,熊本県,クマモトケン,Kumamoto,球磨郡,クマグン,Kuma-gun,錦町,ニシキマチ,Nishiki-machi,,,,大字木上西,オオアザキノエニシ,,,,,字真里,アザマサト,,,0,0,0,0,0,0,1,1,1947-04-17,,0,,,,,,,,,,,,,,,,
435015,0003122,3,熊本県,クマモトケン,Kumamoto,球磨郡,クマグン,Kuma-gun,錦町,ニシキマチ,Nishiki-machi,,,,大字木上西,オオアザキノエニシ,,,,,字西ノ尾,アザニシノオ,,,0,0,0,0,0,0,1,1,1947-04-17,,0,,,,,,,,,,,,,,,,
435015,0003123,3,熊本県,クマモトケン,Kumamoto,球磨郡,クマグン,Kuma-gun,錦町,ニシキマチ,Nishiki-machi,,,,大字木上西,オオアザキノエニシ,,,,,字大坪,アザオオツボ,,,0,0,0,0,0,0,1,1,1947-04-17,,0,,,,,,,,,,,,,,,,
435015,0003124,3,熊本県,クマモトケン,Kumamoto,球磨郡,クマグン,Kuma-gun,錦町,ニシキマチ,Nishiki-machi,,,,大字木上西,オオアザキノエニシ,,,,,字知敷原,アザチシキバル,,,0,0,0,0,0,0,1,1,1947-04-17,,0,,,,,,,,,,,,,,,,
435015,0003125,3,熊本県,クマモトケン,Kumamoto,球磨郡,クマグン,Kuma-gun,錦町,ニシキマチ,Nishiki-machi,,,,大字木上西,オオアザキノエニシ,,,,,字茶園,アザチヤエン,,,0,0,0,0,0,0,1,1,1947-04-17,,0,,,,,,,,,,,,,,,,
435015,0003126,3,熊本県,クマモトケン,Kumamoto,球磨郡,クマグン,Kuma-gun,錦町,ニシキマチ,Nishiki-machi,,,,大字木上西,オオアザキノエニシ,,,,,字中島,アザナカシマ,,,0,0,0,0,0,0,1,1,1947-04-17,,0,,,,,,,,,,,,,,,,
435015,0003127,3,熊本県,クマモトケン,Kumamoto,球磨郡,クマグン,Kuma-gun,錦町,ニシキマチ,Nishiki-machi,,,,大字木上西,オオアザキノエニシ,,,,,字日記堂,アザニキドウ,,,0,0,0,0,0,0,1,1,1947-04-17,,0,,,,,,,,,,,,,,,,
435015,0003128,3,熊本県,クマモトケン,Kumamoto,球磨郡,クマグン,Kuma-gun,錦町,ニシキマチ,Nishiki-machi,,,,大字木上西,オオアザキノエニシ,,,,,字浜松,アザハママツ,,,0,0,0,0,0,0,1,1,1947-04-17,,0,,,,,,,,,,,,,,,,
435015,0003129,3,熊本県,クマモトケン,Kumamoto,球磨郡,クマグン,Kuma-gun,錦町,ニシキマチ,Nishiki-machi,,,,大字木上西,オオアザキノエニシ,,,,,字本町,アザモトマチ,,,0,0,0,0,0,0,1,1,1947-04-17,,0,,,,,,,,,,,,,,,,
435015,0003130,3,熊本県,クマモトケン,Kumamoto,球磨郡,クマグン,Kuma-gun,錦町,ニシキマチ,Nishiki-machi,,,,大字木上西,オオアザキノエニシ,,,,,字弥勤元,アザヤキンモト,,,0,0,0,0,0,0,1,1,1947-04-17,,0,,,,,,,,,,,,,,,,
435015,0003131,3,熊本県,クマモトケン,Kumamoto,球磨郡,クマグン,Kuma-gun,錦町,ニシキマチ,Nishiki-machi,,,,大字木上西,オオアザキノエニシ,,,,,字由留木,アザユルギ,,,0,0,0,0,0,0,1,1,1947-04-17,,0,,,,,,,,,,,,,,,,
435015,0003132,3,熊本県,クマモトケン,Kumamoto,球磨郡,クマグン,Kuma-gun,錦町,ニシキマチ,Nishiki-machi,,,,大字木上西,オオアザキノエニシ,,,,,字踊田,アザオドリダ,,,0,0,0,0,0,0,1,1,1947-04-17,,0,,,,,,,,,,,,,,,,
435015,0003133,3,熊本県,クマモトケン,Kumamoto,球磨郡,クマグン,Kuma-gun,錦町,ニシキマチ,Nishiki-machi,,,,大字木上西,オオアザキノエニシ,,,,,字踊佛山,アザヨウブツサン,,,0,0,0,0,0,0,1,1,1947-04-17,,0,,,,,,,,,,,,,,,,
435015,0004000,1,熊本県,クマモトケン,Kumamoto,球磨郡,クマグン,Kuma-gun,錦町,ニシキマチ,Nishiki-machi,,,,大字木上東,オオアザキノエヒガシ,,,,,,,,,0,0,0,0,0,0,1,0,1947-04-17,,0,,,,,,,,,,,,,,,,
435015,0004101,3,熊本県,クマモトケン,Kumamoto,球磨郡,クマグン,Kuma-gun,錦町,ニシキマチ,Nishiki-machi,,,,大字木上東,オオアザキノエヒガシ,,,,,字油出,アザアブラデ,,,0,0,0,0,0,0,1,1,1947-04-17,,0,,,,,,,,,,,,,,,,
435015,0004102,3,熊本県,クマモトケン,Kumamoto,球磨郡,クマグン,Kuma-gun,錦町,ニシキマチ,Nishiki-machi,,,,大字木上東,オオアザキノエヒガシ,,,,,字益手,アザマスデ,,,0,0,0,0,0,0,1,1,1947-04-17,,0,,,,,,,,,,,,,,,,
435015,0004103,3,熊本県,クマモトケン,Kumamoto,球磨郡,クマグン,Kuma-gun,錦町,ニシキマチ,Nishiki-machi,,,,大字木上東,オオアザキノエヒガシ,,,,,字下リ藤,アザサガリフジ,,,0,0,0,0,0,0,1,1,1947-04-17,,0,,,,,,,,,,,,,,,,
435015,0004104,3,熊本県,クマモトケン,Kumamoto,球磨郡,クマグン,Kuma-gun,錦町,ニシキマチ,Nishiki-machi,,,,大字木上東,オオアザキノエヒガシ,,,,,字夏女,アザナツメ,,,0,0,0,0,0,0,1,1,1947-04-17,,0,,,,,,,,,,,,,,,,
435015,0004105,3,熊本県,クマモトケン,Kumamoto,球磨郡,クマグン,Kuma-gun,錦町,ニシキマチ,Nishiki-machi,,,,大字木上東,オオアザキノエヒガシ,,,,,字開き,アザヒラキ,,,0,0,0,0,0,0,1,1,1947-04-17,,0,,,,,,,,,,,,,,,,
435015,0004106,3,熊本県,クマモトケン,Kumamoto,球磨郡,クマグン,Kuma-gun,錦町,ニシキマチ,Nishiki-machi,,,,大字木上東,オオアザキノエヒガシ,,,,,字丸岡,アザマルオカ,,,0,0,0,0,0,0,1,1,1947-04-17,,0,,,,,,,,,,,,,,,,
435015,0004107,3,熊本県,クマモトケン,Kumamoto,球磨郡,クマグン,Kuma-gun,錦町,ニシキマチ,Nishiki-machi,,,,大字木上東,オオアザキノエヒガシ,,,,,字岩城,アザイワジヨウ,,,0,0,0,0,0,0,1,1,1947-04-17,,0,,,,,,,,,,,,,,,,
435015,0004108,3,熊本県,クマモトケン,Kumamoto,球磨郡,クマグン,Kuma-gun,錦町,ニシキマチ,Nishiki-machi,,,,大字木上東,オオアザキノエヒガシ,,,,,字岩野,アザイワノ,,,0,0,0,0,0,0,1,1,1947-04-17,,0,,,,,,,,,,,,,,,,
435015,0004109,3,熊本県,クマモトケン,Kumamoto,球磨郡,クマグン,Kuma-gun,錦町,ニシキマチ,Nishiki-machi,,,,大字木上東,オオアザキノエヒガシ,,,,,字宮ノ前,アザミヤノマエ,,,0,0,0,0,0,0,1,1,1947-04-17,,0,,,,,,,,,,,,,,,,
435015,0004110,3,熊本県,クマモトケン,Kumamoto,球磨郡,クマグン,Kuma-gun,錦町,ニシキマチ,Nishiki-machi,,,,大字木上東,オオアザキノエヒガシ,,,,,字宮久保,アザミヤクボ,,,0,0,0,0,0,0,1,1,1947-04-17,,0,,,,,,,,,,,,,,,,
435015,0004111,3,熊本県,クマモトケン,Kumamoto,球磨郡,クマグン,Kuma-gun,錦町,ニシキマチ,Nishiki-machi,,,,大字木上東,オオアザキノエヒガシ,,,,,字京塚,アザキヨウヅカ,,,0,0,0,0,0,0,1,1,1947-04-17,,0,,,,,,,,,,,,,,,,
435015,0004112,3,熊本県,クマモトケン,Kumamoto,球磨郡,クマグン,Kuma-gun,錦町,ニシキマチ,Nishiki-machi,,,,大字木上東,オオアザキノエヒガシ,,,,,字紅葉川,アザモミジガワ,,,0,0,0,0,0,0,1,1,1947-04-17,,0,,,,,,,,,,,,,,,,
435015,0004113,3,熊本県,クマモトケン,Kumamoto,球磨郡,クマグン,Kuma-gun,錦町,ニシキマチ,Nishiki-machi,,,,大字木上東,オオアザキノエヒガシ,,,,,字荒田,アザアラタ,,,0,0,0,0,0,0,1,1,1947-04-17,,0,,,,,,,,,,,,,,,,
435015,0004114,3,熊本県,クマモトケン,Kumamoto,球磨郡,クマグン,Kuma-gun,錦町,ニシキマチ,Nishiki-machi,,,,大字木上東,オオアザキノエヒガシ,,,,,字荒木,アザアラキ,,,0,0,0,0,0,0,1,1,1947-04-17,,0,,,,,,,,,,,,,,,,
435015,0004115,3,熊本県,クマモトケン,Kumamoto,球磨郡,クマグン,Kuma-gun,錦町,ニシキマチ,Nishiki-machi,,,,大字木上東,オオアザキノエヒガシ,,,,,字荒野,アザアラノ,,,0,0,0,0,0,0,1,1,1947-04-17,,0,,,,,,,,,,,,,,,,
435015,0004116,3,熊本県,クマモトケン,Kumamoto,球磨郡,クマグン,Kuma-gun,錦町,ニシキマチ,Nishiki-machi,,,,大字木上東,オオアザキノエヒガシ,,,,,字高原,アザタカンバル,,,0,0,0,0,0,0,1,1,1947-04-17,,0,,,,,,,,,,,,,,,,
435015,0004117,3,熊本県,クマモトケン,Kumamoto,球磨郡,クマグン,Kuma-gun,錦町,ニシキマチ,Nishiki-machi,,,,大字木上東,オオアザキノエヒガシ,,,,,字黒木岡,アザクロキオカ,,,0,0,0,0,0,0,1,1,1947-04-17,,0,,,,,,,,,,,,,,,,
435015,0004118,3,熊本県,クマモトケン,Kumamoto,球磨郡,クマグン,Kuma-gun,錦町,ニシキマチ,Nishiki-machi,,,,大字木上東,オオアザキノエヒガシ,,,,,字砂田,アザスナダ,,,0,0,0,0,0,0,1,1,1947-04-17,,0,,,,,,,,,,,,,,,,
435015,0004119,3,熊本県,クマモトケン,Kumamoto,球磨郡,クマグン,Kuma-gun,錦町,ニシキマチ,Nishiki-machi,,,,大字木上東,オオアザキノエヒガシ,,,,,字三田崎,アザミタサキ,,,0,0,0,0,0,0,1,1,1947-04-17,,0,,,,,,,,,,,,,,,,
435015,0004120,3,熊本県,クマモトケン,Kumamoto,球磨郡,クマグン,Kuma-gun,錦町,ニシキマチ,Nishiki-machi,,,,大字木上東,オオアザキノエヒガシ,,,,,字七代,アザナナシロ,,,0,0,0,0,0,0,1,1,1947-04-17,,0,,,,,,,,,,,,,,,,
435015,0004121,3,熊本県,クマモトケン,Kumamoto,球磨郡,クマグン,Kuma-gun,錦町,ニシキマチ,Nishiki-machi,,,,大字木上東,オオアザキノエヒガシ,,,,,字十駄,アザジユウダ,,,0,0,0,0,0,0,1,1,1947-04-17,,0,,,,,,,,,,,,,,,,
435015,0004122,3,熊本県,クマモトケン,Kumamoto,球磨郡,クマグン,Kuma-gun,錦町,ニシキマチ,Nishiki-machi,,,,大字木上東,オオアザキノエヒガシ,,,,,字松原,アザマツバラ,,,0,0,0,0,0,0,1,1,1947-04-17,,0,,,,,,,,,,,,,,,,
435015,0004123,3,熊本県,クマモトケン,Kumamoto,球磨郡,クマグン,Kuma-gun,錦町,ニシキマチ,Nishiki-machi,,,,大字木上東,オオアザキノエヒガシ,,,,,字上久保,アザカミクボ,,,0,0,0,0,0,0,1,1,1947-04-17,,0,,,,,,,,,,,,,,,,
435015,0004124,3,熊本県,クマモトケン,Kumamoto,球磨郡,クマグン,Kuma-gun,錦町,ニシキマチ,Nishiki-machi,,,,大字木上東,オオアザキノエヒガシ,,,,,字新替,アザシンガエ,,,0,0,0,0,0,0,1,1,1947-04-17,,0,,,,,,,,,,,,,,,,
435015,0004125,3,熊本県,クマモトケン,Kumamoto,球磨郡,クマグン,Kuma-gun,錦町,ニシキマチ,Nishiki-machi,,,,大字木上東,オオアザキノエヒガシ,,,,,字神倉,アザカミクラ,,,0,0,0,0,0,0,1,1,1947-04-17,,0,,,,,,,,,,,,,,,,
435015,0004126,3,熊本県,クマモトケン,Kumamoto,球磨郡,クマグン,Kuma-gun,錦町,ニシキマチ,Nishiki-machi,,,,大字木上東,オオアザキノエヒガシ,,,,,字星原,アザホシハラ,,,0,0,0,0,0,0,1,1,1947-04-17,,0,,,,,,,,,,,,,,,,
435015,0004127,3,熊本県,クマモトケン,Kumamoto,球磨郡,クマグン,Kuma-gun,錦町,ニシキマチ,Nishiki-machi,,,,大字木上東,オオアザキノエヒガシ,,,,,字西ノ迫,アザニシノサコ,,,0,0,0,0,0,0,1,1,1947-04-17,,0,,,,,,,,,,,,,,,,
435015,0004128,3,熊本県,クマモトケン,Kumamoto,球磨郡,クマグン,Kuma-gun,錦町,ニシキマチ,Nishiki-machi,,,,大字木上東,オオアザキノエヒガシ,,,,,字斉堂,アザサイドウ,,,0,0,0,0,0,0,1,1,1947-04-17,,0,,,,,,,,,,,,,,,,
435015,0004129,3,熊本県,クマモトケン,Kumamoto,球磨郡,クマグン,Kuma-gun,錦町,ニシキマチ,Nishiki-machi,,,,大字木上東,オオアザキノエヒガシ,,,,,字草木尾,アザクサキオ,,,0,0,0,0,0,0,1,1,1947-04-17,,0,,,,,,,,,,,,,,,,
435015,0004130,3,熊本県,クマモトケン,Kumamoto,球磨郡,クマグン,Kuma-gun,錦町,ニシキマチ,Nishiki-machi,,,,大字木上東,オオアザキノエヒガシ,,,,,字大原,アザオオハラ,,,0,0,0,0,0,0,1,1,1947-04-17,,0,,,,,,,,,,,,,,,,
435015,0004131,3,熊本県,クマモトケン,Kumamoto,球磨郡,クマグン,Kuma-gun,錦町,ニシキマチ,Nishiki-machi,,,,大字木上東,オオアザキノエヒガシ,,,,,字大仲間,アザオオナカマ,,,0,0,0,0,0,0,1,1,1947-04-17,,0,,,,,,,,,,,,,,,,
435015,0004132,3,熊本県,クマモトケン,Kumamoto,球磨郡,クマグン,Kuma-gun,錦町,ニシキマチ,Nishiki-machi,,,,大字木上東,オオアザキノエヒガシ,,,,,字大塚,アザオオツカ,,,0,0,0,0,0,0,1,1,1947-04-17,,0,,,,,,,,,,,,,,,,
435015,0004133,3,熊本県,クマモトケン,Kumamoto,球磨郡,クマグン,Kuma-gun,錦町,ニシキマチ,Nishiki-machi,,,,大字木上東,オオアザキノエヒガシ,,,,,字大崩,アザオオグエ,,,0,0,0,0,0,0,1,1,1947-04-17,,0,,,,,,,,,,,,,,,,
435015,0004134,3,熊本県,クマモトケン,Kumamoto,球磨郡,クマグン,Kuma-gun,錦町,ニシキマチ,Nishiki-machi,,,,大字木上東,オオアザキノエヒガシ,,,,,字大堀,アザオオボリ,,,0,0,0,0,0,0,1,1,1947-04-17,,0,,,,,,,,,,,,,,,,
435015,0004135,3,熊本県,クマモトケン,Kumamoto,球磨郡,クマグン,Kuma-gun,錦町,ニシキマチ,Nishiki-machi,,,,大字木上東,オオアザキノエヒガシ,,,,,字大面,アザダイメン,,,0,0,0,0,0,0,1,1,1947-04-17,,0,,,,,,,,,,,,,,,,
435015,0004136,3,熊本県,クマモトケン,Kumamoto,球磨郡,クマグン,Kuma-gun,錦町,ニシキマチ,Nishiki-machi,,,,大字木上東,オオアザキノエヒガシ,,,,,字池田,アザイケダ,,,0,0,0,0,0,0,1,1,1947-04-17,,0,,,,,,,,,,,,,,,,
435015,0004137,3,熊本県,クマモトケン,Kumamoto,球磨郡,クマグン,Kuma-gun,錦町,ニシキマチ,Nishiki-machi,,,,大字木上東,オオアザキノエヒガシ,,,,,字鶴ケ岡,アザツルガオカ,,,0,0,0,0,0,0,1,1,1947-04-17,,0,,,,,,,,,,,,,,,,
435015,0004138,3,熊本県,クマモトケン,Kumamoto,球磨郡,クマグン,Kuma-gun,錦町,ニシキマチ,Nishiki-machi,,,,大字木上東,オオアザキノエヒガシ,,,,,字塔ノ前,アザトウノマエ,,,0,0,0,0,0,0,1,1,1947-04-17,,0,,,,,,,,,,,,,,,,
435015,0004139,3,熊本県,クマモトケン,Kumamoto,球磨郡,クマグン,Kuma-gun,錦町,ニシキマチ,Nishiki-machi,,,,大字木上東,オオアザキノエヒガシ,,,,,字湯田,アザユダ,,,0,0,0,0,0,0,1,1,1947-04-17,,0,,,,,,,,,,,,,,,,
435015,0004140,3,熊本県,クマモトケン,Kumamoto,球磨郡,クマグン,Kuma-gun,錦町,ニシキマチ,Nishiki-machi,,,,大字木上東,オオアザキノエヒガシ,,,,,字堂迫,アザドウノサコ,,,0,0,0,0,0,0,1,1,1947-04-17,,0,,,,,,,,,,,,,,,,
435015,0004141,3,熊本県,クマモトケン,Kumamoto,球磨郡,クマグン,Kuma-gun,錦町,ニシキマチ,Nishiki-machi,,,,大字木上東,オオアザキノエヒガシ,,,,,字楠木,アザクスノキ,,,0,0,0,0,0,0,1,1,1947-04-17,,0,,,,,,,,,,,,,,,,
435015,0004142,3,熊本県,クマモトケン,Kumamoto,球磨郡,クマグン,Kuma-gun,錦町,ニシキマチ,Nishiki-machi,,,,大字木上東,オオアザキノエヒガシ,,,,,字二ツ池,アザフタツイケ,,,0,0,0,0,0,0,1,1,1947-04-17,,0,,,,,,,,,,,,,,,,
435015,0004143,3,熊本県,クマモトケン,Kumamoto,球磨郡,クマグン,Kuma-gun,錦町,ニシキマチ,Nishiki-machi,,,,大字木上東,オオアザキノエヒガシ,,,,,字馬場,アザババ,,,0,0,0,0,0,0,1,1,1947-04-17,,0,,,,,,,,,,,,,,,,
435015,0004144,3,熊本県,クマモトケン,Kumamoto,球磨郡,クマグン,Kuma-gun,錦町,ニシキマチ,Nishiki-machi,,,,大字木上東,オオアザキノエヒガシ,,,,,字梅川,アザウメカワ,,,0,0,0,0,0,0,1,1,1947-04-17,,0,,,,,,,,,,,,,,,,
435015,0004145,3,熊本県,クマモトケン,Kumamoto,球磨郡,クマグン,Kuma-gun,錦町,ニシキマチ,Nishiki-machi,,,,大字木上東,オオアザキノエヒガシ,,,,,字梅木,アザウメキ,,,0,0,0,0,0,0,1,1,1947-04-17,,0,,,,,,,,,,,,,,,,
435015,0004146,3,熊本県,クマモトケン,Kumamoto,球磨郡,クマグン,Kuma-gun,錦町,ニシキマチ,Nishiki-machi,,,,大字木上東,オオアザキノエヒガシ,,,,,字柏木,アザカシワギ,,,0,0,0,0,0,0,1,1,1947-04-17,,0,,,,,,,,,,,,,,,,
435015,0004147,3,熊本県,クマモトケン,Kumamoto,球磨郡,クマグン,Kuma-gun,錦町,ニシキマチ,Nishiki-machi,,,,大字木上東,オオアザキノエヒガシ,,,,,字八久保,アザハチクボ,,,0,0,0,0,0,0,1,1,1947-04-17,,0,,,,,,,,,,,,,,,,
435015,0004148,3,熊本県,クマモトケン,Kumamoto,球磨郡,クマグン,Kuma-gun,錦町,ニシキマチ,Nishiki-machi,,,,大字木上東,オオアザキノエヒガシ,,,,,字平川,アザヒラコウ,,,0,0,0,0,0,0,1,1,1947-04-17,,0,,,,,,,,,,,,,,,,
435015,0004149,3,熊本県,クマモトケン,Kumamoto,球磨郡,クマグン,Kuma-gun,錦町,ニシキマチ,Nishiki-machi,,,,大字木上東,オオアザキノエヒガシ,,,,,字宝満,アザホウマン,,,0,0,0,0,0,0,1,1,1947-04-17,,0,,,,,,,,,,,,,,,,
435015,0004150,3,熊本県,クマモトケン,Kumamoto,球磨郡,クマグン,Kuma-gun,錦町,ニシキマチ,Nishiki-machi,,,,大字木上東,オオアザキノエヒガシ,,,,,字目郎,アザモクロウ,,,0,0,0,0,0,0,1,1,1947-04-17,,0,,,,,,,,,,,,,,,,
435015,0004151,3,熊本県,クマモトケン,Kumamoto,球磨郡,クマグン,Kuma-gun,錦町,ニシキマチ,Nishiki-machi,,,,大字木上東,オオアザキノエヒガシ,,,,,字龍口,アザタツグチ,,,0,0,0,0,0,0,1,1,1947-04-17,,0,,,,,,,,,,,,,,,,
435015,0004152,3,熊本県,クマモトケン,Kumamoto,球磨郡,クマグン,Kuma-gun,錦町,ニシキマチ,Nishiki-machi,,,,大字木上東,オオアザキノエヒガシ,,,,,字龍田川,アザタツタガワ,,,0,0,0,0,0,0,1,1,1947-04-17,,0,,,,,,,,,,,,,,,,
435015,0005000,1,熊本県,クマモトケン,Kumamoto,球磨郡,クマグン,Kuma-gun,錦町,ニシキマチ,Nishiki-machi,,,,大字木上南,オオアザキノエミナミ,,,,,,,,,0,0,0,0,0,0,1,1,1947-04-17,,0,,,,,,,,,,,,,,,,
435015,0005108,3,熊本県,クマモトケン,Kumamoto,球磨郡,クマグン,Kuma-gun,錦町,ニシキマチ,Nishiki-machi,,,,大字木上南,オオアザキノエミナミ,,,,,字栗崎,アザクリサキ,,,0,0,0,0,0,0,1,1,1947-04-17,,0,,,,,,,,,,,,,,,,
435015,0005120,3,熊本県,クマモトケン,Kumamoto,球磨郡,クマグン,Kuma-gun,錦町,ニシキマチ,Nishiki-machi,,,,大字木上南,オオアザキノエミナミ,,,,,字大平,アザオオヒラ,,,0,0,0,0,0,0,1,1,1947-04-17,,0,,,,,,,,,,,,,,,,
435015,0005121,3,熊本県,クマモトケン,Kumamoto,球磨郡,クマグン,Kuma-gun,錦町,ニシキマチ,Nishiki-machi,,,,大字木上南,オオアザキノエミナミ,,,,,字大平東,アザオオヒラヒガシ,,,0,0,0,0,0,0,1,1,1947-04-17,,0,,,,,,,,,,,,,,,,
435015,0006000,1,熊本県,クマモトケン,Kumamoto,球磨郡,クマグン,Kuma-gun,錦町,ニシキマチ,Nishiki-machi,,,,大字西,オオアザニシ,Nishi,,,,,,,,0,0,0,0,0,0,1,0,1947-04-17,,0,8680303,,,,,,,,,,,,,,,
435015,0006101,3,熊本県,クマモトケン,Kumamoto,球磨郡,クマグン,Kuma-gun,錦町,ニシキマチ,Nishiki-machi,,,,大字西,オオアザニシ,Nishi,,,,字赤池,アザアカイケ,,,0,0,0,0,0,0,1,1,1947-04-17,,0,,,,,,,,,,,,,,,,
435015,0006102,3,熊本県,クマモトケン,Kumamoto,球磨郡,クマグン,Kuma-gun,錦町,ニシキマチ,Nishiki-machi,,,,大字西,オオアザニシ,Nishi,,,,字井手ノ下,アザイデノシタ,,,0,0,0,0,0,0,1,1,1947-04-17,,0,,,,,,,,,,,,,,,,
435015,0006103,3,熊本県,クマモトケン,Kumamoto,球磨郡,クマグン,Kuma-gun,錦町,ニシキマチ,Nishiki-machi,,,,大字西,オオアザニシ,Nishi,,,,字井手ノ口,アザイデノクチ,,,0,0,0,0,0,0,1,1,1947-04-17,,0,,,,,,,,,,,,,,,,
435015,0006104,3,熊本県,クマモトケン,Kumamoto,球磨郡,クマグン,Kuma-gun,錦町,ニシキマチ,Nishiki-machi,,,,大字西,オオアザニシ,Nishi,,,,字井手ノ平,アザイデノヒラ,,,0,0,0,0,0,0,1,1,1947-04-17,,0,,,,,,,,,,,,,,,,
435015,0006105,3,熊本県,クマモトケン,Kumamoto,球磨郡,クマグン,Kuma-gun,錦町,ニシキマチ,Nishiki-machi,,,,大字西,オオアザニシ,Nishi,,,,字一丸,アザイチマル,,,0,0,0,0,0,0,1,1,1947-04-17,,0,,,,,,,,,,,,,,,,
435015,0006106,3,熊本県,クマモトケン,Kumamoto,球磨郡,クマグン,Kuma-gun,錦町,ニシキマチ,Nishiki-machi,,,,大字西,オオアザニシ,Nishi,,,,字一本杉,アザイツポンスギ,,,0,0,0,0,0,0,1,1,1947-04-17,,0,,,,,,,,,,,,,,,,
435015,0006107,3,熊本県,クマモトケン,Kumamoto,球磨郡,クマグン,Kuma-gun,錦町,ニシキマチ,Nishiki-machi,,,,大字西,オオアザニシ,Nishi,,,,字宇土ノ口,アザウトノクチ,,,0,0,0,0,0,0,1,1,1947-04-17,,0,,,,,,,,,,,,,,,,
435015,0006108,3,熊本県,クマモトケン,Kumamoto,球磨郡,クマグン,Kuma-gun,錦町,ニシキマチ,Nishiki-machi,,,,大字西,オオアザニシ,Nishi,,,,字烏帽子岩,アザエボシイワ,,,0,0,0,0,0,0,1,1,1947-04-17,,0,,,,,,,,,,,,,,,,
435015,0006109,3,熊本県,クマモトケン,Kumamoto,球磨郡,クマグン,Kuma-gun,錦町,ニシキマチ,Nishiki-machi,,,,大字西,オオアザニシ,Nishi,,,,字影平,アザカゲヒラ,,,0,0,0,0,0,0,1,1,1947-04-17,,0,,,,,,,,,,,,,,,,
435015,0006110,3,熊本県,クマモトケン,Kumamoto,球磨郡,クマグン,Kuma-gun,錦町,ニシキマチ,Nishiki-machi,,,,大字西,オオアザニシ,Nishi,,,,字永野,アザナガノ,,,0,0,0,0,0,0,1,1,1947-04-17,,0,,,,,,,,,,,,,,,,
435015,0006111,3,熊本県,クマモトケン,Kumamoto,球磨郡,クマグン,Kuma-gun,錦町,ニシキマチ,Nishiki-machi,,,,大字西,オオアザニシ,Nishi,,,,字永野原,アザナガノバル,,,0,0,0,0,0,0,1,1,1947-04-17,,0,,,,,,,,,,,,,,,,
435015,0006112,3,熊本県,クマモトケン,Kumamoto,球磨郡,クマグン,Kuma-gun,錦町,ニシキマチ,Nishiki-machi,,,,大字西,オオアザニシ,Nishi,,,,字益田,アザマスダ,,,0,0,0,0,0,0,1,1,1947-04-17,,0,,,,,,,,,,,,,,,,
435015,0006113,3,熊本県,クマモトケン,Kumamoto,球磨郡,クマグン,Kuma-gun,錦町,ニシキマチ,Nishiki-machi,,,,大字西,オオアザニシ,Nishi,,,,字園田,アザソノダ,,,0,0,0,0,0,0,1,1,1947-04-17,,0,,,,,,,,,,,,,,,,
435015,0006114,3,熊本県,クマモトケン,Kumamoto,球磨郡,クマグン,Kuma-gun,錦町,ニシキマチ,Nishiki-machi,,,,大字西,オオアザニシ,Nishi,,,,字王子山,アザオウジヤマ,,,0,0,0,0,0,0,1,1,1947-04-17,,0,,,,,,,,,,,,,,,,
435015,0006115,3,熊本県,クマモトケン,Kumamoto,球磨郡,クマグン,Kuma-gun,錦町,ニシキマチ,Nishiki-machi,,,,大字西,オオアザニシ,Nishi,,,,字岡ノ下,アザオカノシタ,,,0,0,0,0,0,0,1,1,1947-04-17,,0,,,,,,,,,,,,,,,,
435015,0006116,3,熊本県,クマモトケン,Kumamoto,球磨郡,クマグン,Kuma-gun,錦町,ニシキマチ,Nishiki-machi,,,,大字西,オオアザニシ,Nishi,,,,字下シ野,アザクダシノ,,,0,0,0,0,0,0,1,1,1947-04-17,,0,,,,,,,,,,,,,,,,
435015,0006117,3,熊本県,クマモトケン,Kumamoto,球磨郡,クマグン,Kuma-gun,錦町,ニシキマチ,Nishiki-machi,,,,大字西,オオアザニシ,Nishi,,,,字下永野,アザシモナガノ,,,0,0,0,0,0,0,1,1,1947-04-17,,0,,,,,,,,,,,,,,,,
435015,0006118,3,熊本県,クマモトケン,Kumamoto,球磨郡,クマグン,Kuma-gun,錦町,ニシキマチ,Nishiki-machi,,,,大字西,オオアザニシ,Nishi,,,,字下寺原,アザシモテラバル,,,0,0,0,0,0,0,1,1,1947-04-17,,0,,,,,,,,,,,,,,,,
435015,0006119,3,熊本県,クマモトケン,Kumamoto,球磨郡,クマグン,Kuma-gun,錦町,ニシキマチ,Nishiki-machi,,,,大字西,オオアザニシ,Nishi,,,,字下須,アザゲズ,,,0,0,0,0,0,0,1,1,1947-04-17,,0,,,,,,,,,,,,,,,,
435015,0006120,3,熊本県,クマモトケン,Kumamoto,球磨郡,クマグン,Kuma-gun,錦町,ニシキマチ,Nishiki-machi,,,,大字西,オオアザニシ,Nishi,,,,字下石原田,アザシモイシハラダ,,,0,0,0,0,0,0,1,1,1947-04-17,,0,,,,,,,,,,,,,,,,
435015,0006121,3,熊本県,クマモトケン,Kumamoto,球磨郡,クマグン,Kuma-gun,錦町,ニシキマチ,Nishiki-machi,,,,大字西,オオアザニシ,Nishi,,,,字下川後島,アザシモカワゴシマ,,,0,0,0,0,0,0,1,1,1947-04-17,,0,,,,,,,,,,,,,,,,
435015,0006122,3,熊本県,クマモトケン,Kumamoto,球磨郡,クマグン,Kuma-gun,錦町,ニシキマチ,Nishiki-machi,,,,大字西,オオアザニシ,Nishi,,,,字下大宮寺,アザシモダイグウジ,,,0,0,0,0,0,0,1,1,1947-04-17,,0,,,,,,,,,,,,,,,,
435015,0006123,3,熊本県,クマモトケン,Kumamoto,球磨郡,クマグン,Kuma-gun,錦町,ニシキマチ,Nishiki-machi,,,,大字西,オオアザニシ,Nishi,,,,字下鶴,アザシモツル,,,0,0,0,0,0,0,1,1,1947-04-17,,0,,,,,,,,,,,,,,,,
435015,0006124,3,熊本県,クマモトケン,Kumamoto,球磨郡,クマグン,Kuma-gun,錦町,ニシキマチ,Nishiki-machi,,,,大字西,オオアザニシ,Nishi,,,,字下鶴田,アザシモツルダ,,,0,0,0,0,0,0,1,1,1947-04-17,,0,,,,,,,,,,,,,,,,
435015,0006125,3,熊本県,クマモトケン,Kumamoto,球磨郡,クマグン,Kuma-gun,錦町,ニシキマチ,Nishiki-machi,,,,大字西,オオアザニシ,Nishi,,,,字下天神鹿倉,アザシモテンジンカクラ,,,0,0,0,0,0,0,1,1,1947-04-17,,0,,,,,,,,,,,,,,,,
435015,0006126,3,熊本県,クマモトケン,Kumamoto,球磨郡,クマグン,Kuma-gun,錦町,ニシキマチ,Nishiki-machi,,,,大字西,オオアザニシ,Nishi,,,,字下田島,アザシモタジマ,,,0,0,0,0,0,0,1,1,1947-04-17,,0,,,,,,,,,,,,,,,,
435015,0006127,3,熊本県,クマモトケン,Kumamoto,球磨郡,クマグン,Kuma-gun,錦町,ニシキマチ,Nishiki-machi,,,,大字西,オオアザニシ,Nishi,,,,字下野原,アザシモノハラ,,,0,0,0,0,0,0,1,1,1947-04-17,,0,,,,,,,,,,,,,,,,
435015,0006128,3,熊本県,クマモトケン,Kumamoto,球磨郡,クマグン,Kuma-gun,錦町,ニシキマチ,Nishiki-machi,,,,大字西,オオアザニシ,Nishi,,,,字火操,アザヒグリ,,,0,0,0,0,0,0,1,1,1947-04-17,,0,,,,,,,,,,,,,,,,
435015,0006129,3,熊本県,クマモトケン,Kumamoto,球磨郡,クマグン,Kuma-gun,錦町,ニシキマチ,Nishiki-machi,,,,大字西,オオアザニシ,Nishi,,,,字花ノ木,アザハナノキ,,,0,0,0,0,0,0,1,1,1947-04-17,,0,,,,,,,,,,,,,,,,
435015,0006130,3,熊本県,クマモトケン,Kumamoto,球磨郡,クマグン,Kuma-gun,錦町,ニシキマチ,Nishiki-machi,,,,大字西,オオアザニシ,Nishi,,,,字花立,アザハナタテ,,,0,0,0,0,0,0,1,1,1947-04-17,,0,,,,,,,,,,,,,,,,
435015,0006131,3,熊本県,クマモトケン,Kumamoto,球磨郡,クマグン,Kuma-gun,錦町,ニシキマチ,Nishiki-machi,,,,大字西,オオアザニシ,Nishi,,,,字外園,アザホカゾノ,,,0,0,0,0,0,0,1,1,1947-04-17,,0,,,,,,,,,,,,,,,,
435015,0006132,3,熊本県,クマモトケン,Kumamoto,球磨郡,クマグン,Kuma-gun,錦町,ニシキマチ,Nishiki-machi,,,,大字西,オオアザニシ,Nishi,,,,字丸塚,アザマルヅカ,,,0,0,0,0,0,0,1,1,1947-04-17,,0,,,,,,,,,,,,,,,,
435015,0006133,3,熊本県,クマモトケン,Kumamoto,球磨郡,クマグン,Kuma-gun,錦町,ニシキマチ,Nishiki-machi,,,,大字西,オオアザニシ,Nishi,,,,字岩ケ町,アザイワガマチ,,,0,0,0,0,0,0,1,1,1947-04-17,,0,,,,,,,,,,,,,,,,
435015,0006134,3,熊本県,クマモトケン,Kumamoto,球磨郡,クマグン,Kuma-gun,錦町,ニシキマチ,Nishiki-machi,,,,大字西,オオアザニシ,Nishi,,,,字岩浪,アザイワナミ,,,0,0,0,0,0,0,1,1,1947-04-17,,0,,,,,,,,,,,,,,,,
435015,0006135,3,熊本県,クマモトケン,Kumamoto,球磨郡,クマグン,Kuma-gun,錦町,ニシキマチ,Nishiki-machi,,,,大字西,オオアザニシ,Nishi,,,,字起原,アザオキハラ,,,0,0,0,0,0,0,1,1,1947-04-17,,0,,,,,,,,,,,,,,,,
435015,0006136,3,熊本県,クマモトケン,Kumamoto,球磨郡,クマグン,Kuma-gun,錦町,ニシキマチ,Nishiki-machi,,,,大字西,オオアザニシ,Nishi,,,,字亀塚,アザカメツカ,,,0,0,0,0,0,0,1,1,1947-04-17,,0,,,,,,,,,,,,,,,,
435015,0006137,3,熊本県,クマモトケン,Kumamoto,球磨郡,クマグン,Kuma-gun,錦町,ニシキマチ,Nishiki-machi,,,,大字西,オオアザニシ,Nishi,,,,字久保,アザクボ,,,0,0,0,0,0,0,1,1,1947-04-17,,0,,,,,,,,,,,,,,,,
435015,0006138,3,熊本県,クマモトケン,Kumamoto,球磨郡,クマグン,Kuma-gun,錦町,ニシキマチ,Nishiki-machi,,,,大字西,オオアザニシ,Nishi,,,,字久保宇野,アザクボウノ,,,0,0,0,0,0,0,1,1,1947-04-17,,0,,,,,,,,,,,,,,,,
435015,0006139,3,熊本県,クマモトケン,Kumamoto,球磨郡,クマグン,Kuma-gun,錦町,ニシキマチ,Nishiki-machi,,,,大字西,オオアザニシ,Nishi,,,,字久保出口,アザクボデグチ,,,0,0,0,0,0,0,1,1,1947-04-17,,0,,,,,,,,,,,,,,,,
435015,0006140,3,熊本県,クマモトケン,Kumamoto,球磨郡,クマグン,Kuma-gun,錦町,ニシキマチ,Nishiki-machi,,,,大字西,オオアザニシ,Nishi,,,,字久保川,アザクボガワ,,,0,0,0,0,0,0,1,1,1947-04-17,,0,,,,,,,,,,,,,,,,
435015,0006141,3,熊本県,クマモトケン,Kumamoto,球磨郡,クマグン,Kuma-gun,錦町,ニシキマチ,Nishiki-machi,,,,大字西,オオアザニシ,Nishi,,,,字橋ノ口,アザハシノクチ,,,0,0,0,0,0,0,1,1,1947-04-17,,0,,,,,,,,,,,,,,,,
435015,0006142,3,熊本県,クマモトケン,Kumamoto,球磨郡,クマグン,Kuma-gun,錦町,ニシキマチ,Nishiki-machi,,,,大字西,オオアザニシ,Nishi,,,,字橋ノ上,アザハシノウエ,,,0,0,0,0,0,0,1,1,1947-04-17,,0,,,,,,,,,,,,,,,,
435015,0006143,3,熊本県,クマモトケン,Kumamoto,球磨郡,クマグン,Kuma-gun,錦町,ニシキマチ,Nishiki-machi,,,,大字西,オオアザニシ,Nishi,,,,字熊ノ峰,アザクマノミネ,,,0,0,0,0,0,0,1,1,1947-04-17,,0,,,,,,,,,,,,,,,,
435015,0006144,3,熊本県,クマモトケン,Kumamoto,球磨郡,クマグン,Kuma-gun,錦町,ニシキマチ,Nishiki-machi,,,,大字西,オオアザニシ,Nishi,,,,字桑木原,アザクワノキバル,,,0,0,0,0,0,0,1,1,1947-04-17,,0,,,,,,,,,,,,,,,,
435015,0006145,3,熊本県,クマモトケン,Kumamoto,球磨郡,クマグン,Kuma-gun,錦町,ニシキマチ,Nishiki-machi,,,,大字西,オオアザニシ,Nishi,,,,字原,アザハラ,,,0,0,0,0,0,0,1,1,1947-04-17,,0,,,,,,,,,,,,,,,,
435015,0006146,3,熊本県,クマモトケン,Kumamoto,球磨郡,クマグン,Kuma-gun,錦町,ニシキマチ,Nishiki-machi,,,,大字西,オオアザニシ,Nishi,,,,字古川,アザフルコウ,,,0,0,0,0,0,0,1,1,1947-04-17,,0,,,,,,,,,,,,,,,,
435015,0006147,3,熊本県,クマモトケン,Kumamoto,球磨郡,クマグン,Kuma-gun,錦町,ニシキマチ,Nishiki-machi,,,,大字西,オオアザニシ,Nishi,,,,字古早田,アザフルワサダ,,,0,0,0,0,0,0,1,1,1947-04-17,,0,,,,,,,,,,,,,,,,
435015,0006148,3,熊本県,クマモトケン,Kumamoto,球磨郡,クマグン,Kuma-gun,錦町,ニシキマチ,Nishiki-machi,,,,大字西,オオアザニシ,Nishi,,,,字向鶴,アザムコウヅル,,,0,0,0,0,0,0,1,1,1947-04-17,,0,,,,,,,,,,,,,,,,
435015,0006149,3,熊本県,クマモトケン,Kumamoto,球磨郡,クマグン,Kuma-gun,錦町,ニシキマチ,Nishiki-machi,,,,大字西,オオアザニシ,Nishi,,,,字溝下,アザミゾノシタ,,,0,0,0,0,0,0,1,1,1947-04-17,,0,,,,,,,,,,,,,,,,
435015,0006150,3,熊本県,クマモトケン,Kumamoto,球磨郡,クマグン,Kuma-gun,錦町,ニシキマチ,Nishiki-machi,,,,大字西,オオアザニシ,Nishi,,,,字高井手,アザタカイデ,,,0,0,0,0,0,0,1,1,1947-04-17,,0,,,,,,,,,,,,,,,,
435015,0006151,3,熊本県,クマモトケン,Kumamoto,球磨郡,クマグン,Kuma-gun,錦町,ニシキマチ,Nishiki-machi,,,,大字西,オオアザニシ,Nishi,,,,字高柱,アザコウバシラ,,,0,0,0,0,0,0,1,1,1947-04-17,,0,,,,,,,,,,,,,,,,
435015,0006152,3,熊本県,クマモトケン,Kumamoto,球磨郡,クマグン,Kuma-gun,錦町,ニシキマチ,Nishiki-machi,,,,大字西,オオアザニシ,Nishi,,,,字高尾,アザタカオ,,,0,0,0,0,0,0,1,1,1947-04-17,,0,,,,,,,,,,,,,,,,
435015,0006153,3,熊本県,クマモトケン,Kumamoto,球磨郡,クマグン,Kuma-gun,錦町,ニシキマチ,Nishiki-machi,,,,大字西,オオアザニシ,Nishi,,,,字今山,アザイマヤマ,,,0,0,0,0,0,0,1,1,1947-04-17,,0,,,,,,,,,,,,,,,,
435015,0006154,3,熊本県,クマモトケン,Kumamoto,球磨郡,クマグン,Kuma-gun,錦町,ニシキマチ,Nishiki-machi,,,,大字西,オオアザニシ,Nishi,,,,字才ノ原,アザサイノハル,,,0,0,0,0,0,0,1,1,1947-04-17,,0,,,,,,,,,,,,,,,,
435015,0006155,3,熊本県,クマモトケン,Kumamoto,球磨郡,クマグン,Kuma-gun,錦町,ニシキマチ,Nishiki-machi,,,,大字西,オオアザニシ,Nishi,,,,字才田代,アザサイタシロ,,,0,0,0,0,0,0,1,1,1947-04-17,,0,,,,,,,,,,,,,,,,
435015,0006156,3,熊本県,クマモトケン,Kumamoto,球磨郡,クマグン,Kuma-gun,錦町,ニシキマチ,Nishiki-machi,,,,大字西,オオアザニシ,Nishi,,,,字済床,アザスミトコ,,,0,0,0,0,0,0,1,1,1947-04-17,,0,,,,,,,,,,,,,,,,
435015,0006157,3,熊本県,クマモトケン,Kumamoto,球磨郡,クマグン,Kuma-gun,錦町,ニシキマチ,Nishiki-machi,,,,大字西,オオアザニシ,Nishi,,,,字坂ノ上,アザサカノウエ,,,0,0,0,0,0,0,1,1,1947-04-17,,0,,,,,,,,,,,,,,,,
435015,0006158,3,熊本県,クマモトケン,Kumamoto,球磨郡,クマグン,Kuma-gun,錦町,ニシキマチ,Nishiki-machi,,,,大字西,オオアザニシ,Nishi,,,,字三丁,アザサンチヨウ,,,0,0,0,0,0,0,1,1,1947-04-17,,0,,,,,,,,,,,,,,,,
435015,0006159,3,熊本県,クマモトケン,Kumamoto,球磨郡,クマグン,Kuma-gun,錦町,ニシキマチ,Nishiki-machi,,,,大字西,オオアザニシ,Nishi,,,,字山ノ神下,アザヤマノカミシタ,,,0,0,0,0,0,0,1,1,1947-04-17,,0,,,,,,,,,,,,,,,,
435015,0006160,3,熊本県,クマモトケン,Kumamoto,球磨郡,クマグン,Kuma-gun,錦町,ニシキマチ,Nishiki-machi,,,,大字西,オオアザニシ,Nishi,,,,字山下,アザヤマシタ,,,0,0,0,0,0,0,1,1,1947-04-17,,0,,,,,,,,,,,,,,,,
435015,0006161,3,熊本県,クマモトケン,Kumamoto,球磨郡,クマグン,Kuma-gun,錦町,ニシキマチ,Nishiki-machi,,,,大字西,オオアザニシ,Nishi,,,,字指杉,アザサツスギ,,,0,0,0,0,0,0,1,1,1947-04-17,,0,,,,,,,,,,,,,,,,
435015,0006162,3,熊本県,クマモトケン,Kumamoto,球磨郡,クマグン,Kuma-gun,錦町,ニシキマチ,Nishiki-machi,,,,大字西,オオアザニシ,Nishi,,,,字七水口,アザナナミクチ,,,0,0,0,0,0,0,1,1,1947-04-17,,0,,,,,,,,,,,,,,,,
435015,0006163,3,熊本県,クマモトケン,Kumamoto,球磨郡,クマグン,Kuma-gun,錦町,ニシキマチ,Nishiki-machi,,,,大字西,オオアザニシ,Nishi,,,,字七中口,アザヒツチユウグチ,,,0,0,0,0,0,0,1,1,1947-04-17,,0,,,,,,,,,,,,,,,,
435015,0006164,3,熊本県,クマモトケン,Kumamoto,球磨郡,クマグン,Kuma-gun,錦町,ニシキマチ,Nishiki-machi,,,,大字西,オオアザニシ,Nishi,,,,字漆畑,アザウルシコバ,,,0,0,0,0,0,0,1,1,1947-04-17,,0,,,,,,,,,,,,,,,,
435015,0006165,3,熊本県,クマモトケン,Kumamoto,球磨郡,クマグン,Kuma-gun,錦町,ニシキマチ,Nishiki-machi,,,,大字西,オオアザニシ,Nishi,,,,字蛇ケ尾,アザジヤガオ,,,0,0,0,0,0,0,1,1,1947-04-17,,0,,,,,,,,,,,,,,,,
435015,0006166,3,熊本県,クマモトケン,Kumamoto,球磨郡,クマグン,Kuma-gun,錦町,ニシキマチ,Nishiki-machi,,,,大字西,オオアザニシ,Nishi,,,,字舟ノ尾,アザフナノオ,,,0,0,0,0,0,0,1,1,1947-04-17,,0,,,,,,,,,,,,,,,,
435015,0006167,3,熊本県,クマモトケン,Kumamoto,球磨郡,クマグン,Kuma-gun,錦町,ニシキマチ,Nishiki-machi,,,,大字西,オオアザニシ,Nishi,,,,字小永野,アザコナガノ,,,0,0,0,0,0,0,1,1,1947-04-17,,0,,,,,,,,,,,,,,,,
435015,0006168,3,熊本県,クマモトケン,Kumamoto,球磨郡,クマグン,Kuma-gun,錦町,ニシキマチ,Nishiki-machi,,,,大字西,オオアザニシ,Nishi,,,,字小原,アザコバル,,,0,0,0,0,0,0,1,1,1947-04-17,,0,,,,,,,,,,,,,,,,
435015,0006169,3,熊本県,クマモトケン,Kumamoto,球磨郡,クマグン,Kuma-gun,錦町,ニシキマチ,Nishiki-machi,,,,大字西,オオアザニシ,Nishi,,,,字小迫,アザコザコ,,,0,0,0,0,0,0,1,1,1947-04-17,,0,,,,,,,,,,,,,,,,
435015,0006170,3,熊本県,クマモトケン,Kumamoto,球磨郡,クマグン,Kuma-gun,錦町,ニシキマチ,Nishiki-machi,,,,大字西,オオアザニシ,Nishi,,,,字小峰,アザコミネ,,,0,0,0,0,0,0,1,1,1947-04-17,,0,,,,,,,,,,,,,,,,
435015,0006171,3,熊本県,クマモトケン,Kumamoto,球磨郡,クマグン,Kuma-gun,錦町,ニシキマチ,Nishiki-machi,,,,大字西,オオアザニシ,Nishi,,,,字小峰原,アザコミネバル,,,0,0,0,0,0,0,1,1,1947-04-17,,0,,,,,,,,,,,,,,,,
435015,0006172,3,熊本県,クマモトケン,Kumamoto,球磨郡,クマグン,Kuma-gun,錦町,ニシキマチ,Nishiki-machi,,,,大字西,オオアザニシ,Nishi,,,,字松葉,アザマツバ,,,0,0,0,0,0,0,1,1,1947-04-17,,0,,,,,,,,,,,,,,,,
435015,0006173,3,熊本県,クマモトケン,Kumamoto,球磨郡,クマグン,Kuma-gun,錦町,ニシキマチ,Nishiki-machi,,,,大字西,オオアザニシ,Nishi,,,,字松里,アザマツザト,,,0,0,0,0,0,0,1,1,1947-04-17,,0,,,,,,,,,,,,,,,,
435015,0006174,3,熊本県,クマモトケン,Kumamoto,球磨郡,クマグン,Kuma-gun,錦町,ニシキマチ,Nishiki-machi,,,,大字西,オオアザニシ,Nishi,,,,字沼,アザヌマ,,,0,0,0,0,0,0,1,1,1947-04-17,,0,,,,,,,,,,,,,,,,
435015,0006175,3,熊本県,クマモトケン,Kumamoto,球磨郡,クマグン,Kuma-gun,錦町,ニシキマチ,Nishiki-machi,,,,大字西,オオアザニシ,Nishi,,,,字上寺原,アザカミテラバル,,,0,0,0,0,0,0,1,1,1947-04-17,,0,,,,,,,,,,,,,,,,
435015,0006176,3,熊本県,クマモトケン,Kumamoto,球磨郡,クマグン,Kuma-gun,錦町,ニシキマチ,Nishiki-machi,,,,大字西,オオアザニシ,Nishi,,,,字上石原,アザカミイシハラ,,,0,0,0,0,0,0,1,1,1947-04-17,,0,,,,,,,,,,,,,,,,
435015,0006177,3,熊本県,クマモトケン,Kumamoto,球磨郡,クマグン,Kuma-gun,錦町,ニシキマチ,Nishiki-machi,,,,大字西,オオアザニシ,Nishi,,,,字上川後島,アザカミカワゴジマ,,,0,0,0,0,0,0,1,1,1947-04-17,,0,,,,,,,,,,,,,,,,
435015,0006178,3,熊本県,クマモトケン,Kumamoto,球磨郡,クマグン,Kuma-gun,錦町,ニシキマチ,Nishiki-machi,,,,大字西,オオアザニシ,Nishi,,,,字上大宮寺,アザカミダイグウジ,,,0,0,0,0,0,0,1,1,1947-04-17,,0,,,,,,,,,,,,,,,,
435015,0006179,3,熊本県,クマモトケン,Kumamoto,球磨郡,クマグン,Kuma-gun,錦町,ニシキマチ,Nishiki-machi,,,,大字西,オオアザニシ,Nishi,,,,字上鶴,アザカミツル,,,0,0,0,0,0,0,1,1,1947-04-17,,0,,,,,,,,,,,,,,,,
435015,0006180,3,熊本県,クマモトケン,Kumamoto,球磨郡,クマグン,Kuma-gun,錦町,ニシキマチ,Nishiki-machi,,,,大字西,オオアザニシ,Nishi,,,,字上天神鹿倉,アザカミテンジンカクラ,,,0,0,0,0,0,0,1,1,1947-04-17,,0,,,,,,,,,,,,,,,,
435015,0006181,3,熊本県,クマモトケン,Kumamoto,球磨郡,クマグン,Kuma-gun,錦町,ニシキマチ,Nishiki-machi,,,,大字西,オオアザニシ,Nishi,,,,字上田,アザウエダ,,,0,0,0,0,0,0,1,1,1947-04-17,,0,,,,,,,,,,,,,,,,
435015,0006182,3,熊本県,クマモトケン,Kumamoto,球磨郡,クマグン,Kuma-gun,錦町,ニシキマチ,Nishiki-machi,,,,大字西,オオアザニシ,Nishi,,,,字上田島,アザカミタジマ,,,0,0,0,0,0,0,1,1,1947-04-17,,0,,,,,,,,,,,,,,,,
435015,0006183,3,熊本県,クマモトケン,Kumamoto,球磨郡,クマグン,Kuma-gun,錦町,ニシキマチ,Nishiki-machi,,,,大字西,オオアザニシ,Nishi,,,,字城ノ尾,アザシロノオ,,,0,0,0,0,0,0,1,1,1947-04-17,,0,,,,,,,,,,,,,,,,
435015,0006184,3,熊本県,クマモトケン,Kumamoto,球磨郡,クマグン,Kuma-gun,錦町,ニシキマチ,Nishiki-machi,,,,大字西,オオアザニシ,Nishi,,,,字新小屋,アザシンコヤ,,,0,0,0,0,0,0,1,1,1947-04-17,,0,,,,,,,,,,,,,,,,
435015,0006185,3,熊本県,クマモトケン,Kumamoto,球磨郡,クマグン,Kuma-gun,錦町,ニシキマチ,Nishiki-machi,,,,大字西,オオアザニシ,Nishi,,,,字新城,アザシンジヨウ,,,0,0,0,0,0,0,1,1,1947-04-17,,0,,,,,,,,,,,,,,,,
435015,0006186,3,熊本県,クマモトケン,Kumamoto,球磨郡,クマグン,Kuma-gun,錦町,ニシキマチ,Nishiki-machi,,,,大字西,オオアザニシ,Nishi,,,,字新畑,アザシンコバ,,,0,0,0,0,0,0,1,1,1947-04-17,,0,,,,,,,,,,,,,,,,
435015,0006187,3,熊本県,クマモトケン,Kumamoto,球磨郡,クマグン,Kuma-gun,錦町,ニシキマチ,Nishiki-machi,,,,大字西,オオアザニシ,Nishi,,,,字深堀,アザフカボリ,,,0,0,0,0,0,0,1,1,1947-04-17,,0,,,,,,,,,,,,,,,,
435015,0006188,3,熊本県,クマモトケン,Kumamoto,球磨郡,クマグン,Kuma-gun,錦町,ニシキマチ,Nishiki-machi,,,,大字西,オオアザニシ,Nishi,,,,字瀬ノ上,アザセノウエ,,,0,0,0,0,0,0,1,1,1947-04-17,,0,,,,,,,,,,,,,,,,
435015,0006189,3,熊本県,クマモトケン,Kumamoto,球磨郡,クマグン,Kuma-gun,錦町,ニシキマチ,Nishiki-machi,,,,大字西,オオアザニシ,Nishi,,,,字瀬口,アザセグチ,,,0,0,0,0,0,0,1,1,1947-04-17,,0,,,,,,,,,,,,,,,,
435015,0006190,3,熊本県,クマモトケン,Kumamoto,球磨郡,クマグン,Kuma-gun,錦町,ニシキマチ,Nishiki-machi,,,,大字西,オオアザニシ,Nishi,,,,字石原,アザイシハラ,,,0,0,0,0,0,0,1,1,1947-04-17,,0,,,,,,,,,,,,,,,,
435015,0006191,3,熊本県,クマモトケン,Kumamoto,球磨郡,クマグン,Kuma-gun,錦町,ニシキマチ,Nishiki-machi,,,,大字西,オオアザニシ,Nishi,,,,字石原小久保,アザイシハラコクボ,,,0,0,0,0,0,0,1,1,1947-04-17,,0,,,,,,,,,,,,,,,,
435015,0006192,3,熊本県,クマモトケン,Kumamoto,球磨郡,クマグン,Kuma-gun,錦町,ニシキマチ,Nishiki-machi,,,,大字西,オオアザニシ,Nishi,,,,字石原川内,アザイシハラカワウチ,,,0,0,0,0,0,0,1,1,1947-04-17,,0,,,,,,,,,,,,,,,,
435015,0006193,3,熊本県,クマモトケン,Kumamoto,球磨郡,クマグン,Kuma-gun,錦町,ニシキマチ,Nishiki-machi,,,,大字西,オオアザニシ,Nishi,,,,字赤崩,アザアカグエ,,,0,0,0,0,0,0,1,1,1947-04-17,,0,,,,,,,,,,,,,,,,
435015,0006194,3,熊本県,クマモトケン,Kumamoto,球磨郡,クマグン,Kuma-gun,錦町,ニシキマチ,Nishiki-machi,,,,大字西,オオアザニシ,Nishi,,,,字赤落,アザアカオチ,,,0,0,0,0,0,0,1,1,1947-04-17,,0,,,,,,,,,,,,,,,,
435015,0006195,3,熊本県,クマモトケン,Kumamoto,球磨郡,クマグン,Kuma-gun,錦町,ニシキマチ,Nishiki-machi,,,,大字西,オオアザニシ,Nishi,,,,字川原田,アザカワハラダ,,,0,0,0,0,0,0,1,1,1947-04-17,,0,,,,,,,,,,,,,,,,
435015,0006196,3,熊本県,クマモトケン,Kumamoto,球磨郡,クマグン,Kuma-gun,錦町,ニシキマチ,Nishiki-machi,,,,大字西,オオアザニシ,Nishi,,,,字川内,アザカワウチ,,,0,0,0,0,0,0,1,1,1947-04-17,,0,,,,,,,,,,,,,,,,
435015,0006197,3,熊本県,クマモトケン,Kumamoto,球磨郡,クマグン,Kuma-gun,錦町,ニシキマチ,Nishiki-machi,,,,大字西,オオアザニシ,Nishi,,,,字川平,アザカワヒラ,,,0,0,0,0,0,0,1,1,1947-04-17,,0,,,,,,,,,,,,,,,,
435015,0006198,3,熊本県,クマモトケン,Kumamoto,球磨郡,クマグン,Kuma-gun,錦町,ニシキマチ,Nishiki-machi,,,,大字西,オオアザニシ,Nishi,,,,字岨ノ上,アザガケノウエ,,,0,0,0,0,0,0,1,1,1947-04-17,,0,,,,,,,,,,,,,,,,
435015,0006199,3,熊本県,クマモトケン,Kumamoto,球磨郡,クマグン,Kuma-gun,錦町,ニシキマチ,Nishiki-machi,,,,大字西,オオアザニシ,Nishi,,,,字曽根山,アザソネヤマ,,,0,0,0,0,0,0,1,1,1947-04-17,,0,,,,,,,,,,,,,,,,
435015,0006200,3,熊本県,クマモトケン,Kumamoto,球磨郡,クマグン,Kuma-gun,錦町,ニシキマチ,Nishiki-machi,,,,大字西,オオアザニシ,Nishi,,,,字鼠川,アザネズゴウ,,,0,0,0,0,0,0,1,1,1947-04-17,,0,,,,,,,,,,,,,,,,
435015,0006201,3,熊本県,クマモトケン,Kumamoto,球磨郡,クマグン,Kuma-gun,錦町,ニシキマチ,Nishiki-machi,,,,大字西,オオアザニシ,Nishi,,,,字蔵ノ元,アザクラノモト,,,0,0,0,0,0,0,1,1,1947-04-17,,0,,,,,,,,,,,,,,,,
435015,0006202,3,熊本県,クマモトケン,Kumamoto,球磨郡,クマグン,Kuma-gun,錦町,ニシキマチ,Nishiki-machi,,,,大字西,オオアザニシ,Nishi,,,,字村中,アザムラナカ,,,0,0,0,0,0,0,1,1,1947-04-17,,0,,,,,,,,,,,,,,,,
435015,0006203,3,熊本県,クマモトケン,Kumamoto,球磨郡,クマグン,Kuma-gun,錦町,ニシキマチ,Nishiki-machi,,,,大字西,オオアザニシ,Nishi,,,,字打越,アザウチコシ,,,0,0,0,0,0,0,1,1,1947-04-17,,0,,,,,,,,,,,,,,,,
435015,0006204,3,熊本県,クマモトケン,Kumamoto,球磨郡,クマグン,Kuma-gun,錦町,ニシキマチ,Nishiki-machi,,,,大字西,オオアザニシ,Nishi,,,,字大王,アザダイオウ,,,0,0,0,0,0,0,1,1,1947-04-17,,0,,,,,,,,,,,,,,,,
435015,0006205,3,熊本県,クマモトケン,Kumamoto,球磨郡,クマグン,Kuma-gun,錦町,ニシキマチ,Nishiki-machi,,,,大字西,オオアザニシ,Nishi,,,,字大王原,アザダイオウバル,,,0,0,0,0,0,0,1,1,1947-04-17,,0,,,,,,,,,,,,,,,,
435015,0006206,3,熊本県,クマモトケン,Kumamoto,球磨郡,クマグン,Kuma-gun,錦町,ニシキマチ,Nishiki-machi,,,,大字西,オオアザニシ,Nishi,,,,字大王出口,アザダイオウデグチ,,,0,0,0,0,0,0,1,1,1947-04-17,,0,,,,,,,,,,,,,,,,
435015,0006207,3,熊本県,クマモトケン,Kumamoto,球磨郡,クマグン,Kuma-gun,錦町,ニシキマチ,Nishiki-machi,,,,大字西,オオアザニシ,Nishi,,,,字大宮寺,アザダイグウジ,,,0,0,0,0,0,0,1,1,1947-04-17,,0,,,,,,,,,,,,,,,,
435015,0006208,3,熊本県,クマモトケン,Kumamoto,球磨郡,クマグン,Kuma-gun,錦町,ニシキマチ,Nishiki-machi,,,,大字西,オオアザニシ,Nishi,,,,字大谷,アザオオタニ,,,0,0,0,0,0,0,1,1,1947-04-17,,0,,,,,,,,,,,,,,,,
435015,0006209,3,熊本県,クマモトケン,Kumamoto,球磨郡,クマグン,Kuma-gun,錦町,ニシキマチ,Nishiki-machi,,,,大字西,オオアザニシ,Nishi,,,,字大鶴,アザオオヅル,,,0,0,0,0,0,0,1,1,1947-04-17,,0,,,,,,,,,,,,,,,,
435015,0006210,3,熊本県,クマモトケン,Kumamoto,球磨郡,クマグン,Kuma-gun,錦町,ニシキマチ,Nishiki-machi,,,,大字西,オオアザニシ,Nishi,,,,字大島,アザオオシマ,,,0,0,0,0,0,0,1,1,1947-04-17,,0,,,,,,,,,,,,,,,,
435015,0006211,3,熊本県,クマモトケン,Kumamoto,球磨郡,クマグン,Kuma-gun,錦町,ニシキマチ,Nishiki-machi,,,,大字西,オオアザニシ,Nishi,,,,字大日,アザダイニチ,,,0,0,0,0,0,0,1,1,1947-04-17,,0,,,,,,,,,,,,,,,,
435015,0006212,3,熊本県,クマモトケン,Kumamoto,球磨郡,クマグン,Kuma-gun,錦町,ニシキマチ,Nishiki-machi,,,,大字西,オオアザニシ,Nishi,,,,字滝平,アザタキノヒラ,,,0,0,0,0,0,0,1,1,1947-04-17,,0,,,,,,,,,,,,,,,,
435015,0006213,3,熊本県,クマモトケン,Kumamoto,球磨郡,クマグン,Kuma-gun,錦町,ニシキマチ,Nishiki-machi,,,,大字西,オオアザニシ,Nishi,,,,字中ノ迫,アザナカノサコ,,,0,0,0,0,0,0,1,1,1947-04-17,,0,,,,,,,,,,,,,,,,
435015,0006214,3,熊本県,クマモトケン,Kumamoto,球磨郡,クマグン,Kuma-gun,錦町,ニシキマチ,Nishiki-machi,,,,大字西,オオアザニシ,Nishi,,,,字中寺原,アザナカテラバル,,,0,0,0,0,0,0,1,1,1947-04-17,,0,,,,,,,,,,,,,,,,
435015,0006215,3,熊本県,クマモトケン,Kumamoto,球磨郡,クマグン,Kuma-gun,錦町,ニシキマチ,Nishiki-machi,,,,大字西,オオアザニシ,Nishi,,,,字中川後島,アザナカガワゴシマ,,,0,0,0,0,0,0,1,1,1947-04-17,,0,,,,,,,,,,,,,,,,
435015,0006216,3,熊本県,クマモトケン,Kumamoto,球磨郡,クマグン,Kuma-gun,錦町,ニシキマチ,Nishiki-machi,,,,大字西,オオアザニシ,Nishi,,,,字中鶴,アザナカツル,,,0,0,0,0,0,0,1,1,1947-04-17,,0,,,,,,,,,,,,,,,,
435015,0006217,3,熊本県,クマモトケン,Kumamoto,球磨郡,クマグン,Kuma-gun,錦町,ニシキマチ,Nishiki-machi,,,,大字西,オオアザニシ,Nishi,,,,字朝薮,アザアサヤブ,,,0,0,0,0,0,0,1,1,1947-04-17,,0,,,,,,,,,,,,,,,,
435015,0006218,3,熊本県,クマモトケン,Kumamoto,球磨郡,クマグン,Kuma-gun,錦町,ニシキマチ,Nishiki-machi,,,,大字西,オオアザニシ,Nishi,,,,字長崎,アザナガサキ,,,0,0,0,0,0,0,1,1,1947-04-17,,0,,,,,,,,,,,,,,,,
435015,0006219,3,熊本県,クマモトケン,Kumamoto,球磨郡,クマグン,Kuma-gun,錦町,ニシキマチ,Nishiki-machi,,,,大字西,オオアザニシ,Nishi,,,,字鳥越,アザトリゴエ,,,0,0,0,0,0,0,1,1,1947-04-17,,0,,,,,,,,,,,,,,,,
435015,0006220,3,熊本県,クマモトケン,Kumamoto,球磨郡,クマグン,Kuma-gun,錦町,ニシキマチ,Nishiki-machi,,,,大字西,オオアザニシ,Nishi,,,,字鳥居松,アザトリイマツ,,,0,0,0,0,0,0,1,1,1947-04-17,,0,,,,,,,,,,,,,,,,
435015,0006221,3,熊本県,クマモトケン,Kumamoto,球磨郡,クマグン,Kuma-gun,錦町,ニシキマチ,Nishiki-machi,,,,大字西,オオアザニシ,Nishi,,,,字椎谷,アザシイガイ,,,0,0,0,0,0,0,1,1,1947-04-17,,0,,,,,,,,,,,,,,,,
435015,0006222,3,熊本県,クマモトケン,Kumamoto,球磨郡,クマグン,Kuma-gun,錦町,ニシキマチ,Nishiki-machi,,,,大字西,オオアザニシ,Nishi,,,,字追瀬,アザオイセ,,,0,0,0,0,0,0,1,1,1947-04-17,,0,,,,,,,,,,,,,,,,
435015,0006223,3,熊本県,クマモトケン,Kumamoto,球磨郡,クマグン,Kuma-gun,錦町,ニシキマチ,Nishiki-machi,,,,大字西,オオアザニシ,Nishi,,,,字鶴田,アザツルダ,,,0,0,0,0,0,0,1,1,1947-04-17,,0,,,,,,,,,,,,,,,,
435015,0006224,3,熊本県,クマモトケン,Kumamoto,球磨郡,クマグン,Kuma-gun,錦町,ニシキマチ,Nishiki-machi,,,,大字西,オオアザニシ,Nishi,,,,字堤,アザツツミ,,,0,0,0,0,0,0,1,1,1947-04-17,,0,,,,,,,,,,,,,,,,
435015,0006225,3,熊本県,クマモトケン,Kumamoto,球磨郡,クマグン,Kuma-gun,錦町,ニシキマチ,Nishiki-machi,,,,大字西,オオアザニシ,Nishi,,,,字天下鶴,アザテンカヅル,,,0,0,0,0,0,0,1,1,1947-04-17,,0,,,,,,,,,,,,,,,,
435015,0006226,3,熊本県,クマモトケン,Kumamoto,球磨郡,クマグン,Kuma-gun,錦町,ニシキマチ,Nishiki-machi,,,,大字西,オオアザニシ,Nishi,,,,字田島,アザタジマ,,,0,0,0,0,0,0,1,1,1947-04-17,,0,,,,,,,,,,,,,,,,
435015,0006227,3,熊本県,クマモトケン,Kumamoto,球磨郡,クマグン,Kuma-gun,錦町,ニシキマチ,Nishiki-machi,,,,大字西,オオアザニシ,Nishi,,,,字藤ノ尾,アザフジノオ,,,0,0,0,0,0,0,1,1,1947-04-17,,0,,,,,,,,,,,,,,,,
435015,0006228,3,熊本県,クマモトケン,Kumamoto,球磨郡,クマグン,Kuma-gun,錦町,ニシキマチ,Nishiki-machi,,,,大字西,オオアザニシ,Nishi,,,,字堂ノ下,アザドウノシタ,,,0,0,0,0,0,0,1,1,1947-04-17,,0,,,,,,,,,,,,,,,,
435015,0006229,3,熊本県,クマモトケン,Kumamoto,球磨郡,クマグン,Kuma-gun,錦町,ニシキマチ,Nishiki-machi,,,,大字西,オオアザニシ,Nishi,,,,字堂面,アザドウメン,,,0,0,0,0,0,0,1,1,1947-04-17,,0,,,,,,,,,,,,,,,,
435015,0006230,3,熊本県,クマモトケン,Kumamoto,球磨郡,クマグン,Kuma-gun,錦町,ニシキマチ,Nishiki-machi,,,,大字西,オオアザニシ,Nishi,,,,字銅渕,アザドウブチ,,,0,0,0,0,0,0,1,1,1947-04-17,,0,,,,,,,,,,,,,,,,
435015,0006231,3,熊本県,クマモトケン,Kumamoto,球磨郡,クマグン,Kuma-gun,錦町,ニシキマチ,Nishiki-machi,,,,大字西,オオアザニシ,Nishi,,,,字内門,アザウチカド,,,0,0,0,0,0,0,1,1,1947-04-17,,0,,,,,,,,,,,,,,,,
435015,0006232,3,熊本県,クマモトケン,Kumamoto,球磨郡,クマグン,Kuma-gun,錦町,ニシキマチ,Nishiki-machi,,,,大字西,オオアザニシ,Nishi,,,,字鍋山,アザナベヤマ,,,0,0,0,0,0,0,1,1,1947-04-17,,0,,,,,,,,,,,,,,,,
435015,0006233,3,熊本県,クマモトケン,Kumamoto,球磨郡,クマグン,Kuma-gun,錦町,ニシキマチ,Nishiki-machi,,,,大字西,オオアザニシ,Nishi,,,,字鍋山口,アザナベヤマグチ,,,0,0,0,0,0,0,1,1,1947-04-17,,0,,,,,,,,,,,,,,,,
435015,0006234,3,熊本県,クマモトケン,Kumamoto,球磨郡,クマグン,Kuma-gun,錦町,ニシキマチ,Nishiki-machi,,,,大字西,オオアザニシ,Nishi,,,,字入尾ノ口,アザイリオノクチ,,,0,0,0,0,0,0,1,1,1947-04-17,,0,,,,,,,,,,,,,,,,
435015,0006235,3,熊本県,クマモトケン,Kumamoto,球磨郡,クマグン,Kuma-gun,錦町,ニシキマチ,Nishiki-machi,,,,大字西,オオアザニシ,Nishi,,,,字年ノ神,アザトシノカミ,,,0,0,0,0,0,0,1,1,1947-04-17,,0,,,,,,,,,,,,,,,,
435015,0006236,3,熊本県,クマモトケン,Kumamoto,球磨郡,クマグン,Kuma-gun,錦町,ニシキマチ,Nishiki-machi,,,,大字西,オオアザニシ,Nishi,,,,字馬渡,アザマワタシ,,,0,0,0,0,0,0,1,1,1947-04-17,,0,,,,,,,,,,,,,,,,
435015,0006237,3,熊本県,クマモトケン,Kumamoto,球磨郡,クマグン,Kuma-gun,錦町,ニシキマチ,Nishiki-machi,,,,大字西,オオアザニシ,Nishi,,,,字梅ノ丸,アザウメノマル,,,0,0,0,0,0,0,1,1,1947-04-17,,0,,,,,,,,,,,,,,,,
435015,0006238,3,熊本県,クマモトケン,Kumamoto,球磨郡,クマグン,Kuma-gun,錦町,ニシキマチ,Nishiki-machi,,,,大字西,オオアザニシ,Nishi,,,,字柏原,アザカシワハラ,,,0,0,0,0,0,0,1,1,1947-04-17,,0,,,,,,,,,,,,,,,,
435015,0006239,3,熊本県,クマモトケン,Kumamoto,球磨郡,クマグン,Kuma-gun,錦町,ニシキマチ,Nishiki-machi,,,,大字西,オオアザニシ,Nishi,,,,字白拍子,アザシラビヨウシ,,,0,0,0,0,0,0,1,1,1947-04-17,,0,,,,,,,,,,,,,,,,
435015,0006240,3,熊本県,クマモトケン,Kumamoto,球磨郡,クマグン,Kuma-gun,錦町,ニシキマチ,Nishiki-machi,,,,大字西,オオアザニシ,Nishi,,,,字迫田,アザサコダ,,,0,0,0,0,0,0,1,1,1947-04-17,,0,,,,,,,,,,,,,,,,
435015,0006241,3,熊本県,クマモトケン,Kumamoto,球磨郡,クマグン,Kuma-gun,錦町,ニシキマチ,Nishiki-machi,,,,大字西,オオアザニシ,Nishi,,,,字畑,アザコバ,,,0,0,0,0,0,0,1,1,1947-04-17,,0,,,,,,,,,,,,,,,,
435015,0006242,3,熊本県,クマモトケン,Kumamoto,球磨郡,クマグン,Kuma-gun,錦町,ニシキマチ,Nishiki-machi,,,,大字西,オオアザニシ,Nishi,,,,字八幡,アザハチマン,,,0,0,0,0,0,0,1,1,1947-04-17,,0,,,,,,,,,,,,,,,,
435015,0006243,3,熊本県,クマモトケン,Kumamoto,球磨郡,クマグン,Kuma-gun,錦町,ニシキマチ,Nishiki-machi,,,,大字西,オオアザニシ,Nishi,,,,字抜ノ口,アザヌキノクチ,,,0,0,0,0,0,0,1,1,1947-04-17,,0,,,,,,,,,,,,,,,,
435015,0006244,3,熊本県,クマモトケン,Kumamoto,球磨郡,クマグン,Kuma-gun,錦町,ニシキマチ,Nishiki-machi,,,,大字西,オオアザニシ,Nishi,,,,字飛松,アザトビマツ,,,0,0,0,0,0,0,1,1,1947-04-17,,0,,,,,,,,,,,,,,,,
435015,0006245,3,熊本県,クマモトケン,Kumamoto,球磨郡,クマグン,Kuma-gun,錦町,ニシキマチ,Nishiki-machi,,,,大字西,オオアザニシ,Nishi,,,,字尾曲,アザオマガリ,,,0,0,0,0,0,0,1,1,1947-04-17,,0,,,,,,,,,,,,,,,,
435015,0006246,3,熊本県,クマモトケン,Kumamoto,球磨郡,クマグン,Kuma-gun,錦町,ニシキマチ,Nishiki-machi,,,,大字西,オオアザニシ,Nishi,,,,字尾崎堀,アザオザキボリ,,,0,0,0,0,0,0,1,1,1947-04-17,,0,,,,,,,,,,,,,,,,
435015,0006247,3,熊本県,クマモトケン,Kumamoto,球磨郡,クマグン,Kuma-gun,錦町,ニシキマチ,Nishiki-machi,,,,大字西,オオアザニシ,Nishi,,,,字尾町,アザオマチ,,,0,0,0,0,0,0,1,1,1947-04-17,,0,,,,,,,,,,,,,,,,
435015,0006248,3,熊本県,クマモトケン,Kumamoto,球磨郡,クマグン,Kuma-gun,錦町,ニシキマチ,Nishiki-machi,,,,大字西,オオアザニシ,Nishi,,,,字稗畑,アザヒエコバ,,,0,0,0,0,0,0,1,1,1947-04-17,,0,,,,,,,,,,,,,,,,
435015,0006249,3,熊本県,クマモトケン,Kumamoto,球磨郡,クマグン,Kuma-gun,錦町,ニシキマチ,Nishiki-machi,,,,大字西,オオアザニシ,Nishi,,,,字百太郎,アザヒヤクタロウ,,,0,0,0,0,0,0,1,1,1947-04-17,,0,,,,,,,,,,,,,,,,
435015,0006250,3,熊本県,クマモトケン,Kumamoto,球磨郡,クマグン,Kuma-gun,錦町,ニシキマチ,Nishiki-machi,,,,大字西,オオアザニシ,Nishi,,,,字風月野,アザフウヅキノ,,,0,0,0,0,0,0,1,1,1947-04-17,,0,,,,,,,,,,,,,,,,
435015,0006251,3,熊本県,クマモトケン,Kumamoto,球磨郡,クマグン,Kuma-gun,錦町,ニシキマチ,Nishiki-machi,,,,大字西,オオアザニシ,Nishi,,,,字崩下,アザクエシタ,,,0,0,0,0,0,0,1,1,1947-04-17,,0,,,,,,,,,,,,,,,,
435015,0006252,3,熊本県,クマモトケン,Kumamoto,球磨郡,クマグン,Kuma-gun,錦町,ニシキマチ,Nishiki-machi,,,,大字西,オオアザニシ,Nishi,,,,字朴木野,アザフギノ,,,0,0,0,0,0,0,1,1,1947-04-17,,0,,,,,,,,,,,,,,,,
435015,0006253,3,熊本県,クマモトケン,Kumamoto,球磨郡,クマグン,Kuma-gun,錦町,ニシキマチ,Nishiki-machi,,,,大字西,オオアザニシ,Nishi,,,,字堀ノ口,アザホリノクチ,,,0,0,0,0,0,0,1,1,1947-04-17,,0,,,,,,,,,,,,,,,,
435015,0006254,3,熊本県,クマモトケン,Kumamoto,球磨郡,クマグン,Kuma-gun,錦町,ニシキマチ,Nishiki-machi,,,,大字西,オオアザニシ,Nishi,,,,字蓑毛田,アザミノモダ,,,0,0,0,0,0,0,1,1,1947-04-17,,0,,,,,,,,,,,,,,,,
435015,0006255,3,熊本県,クマモトケン,Kumamoto,球磨郡,クマグン,Kuma-gun,錦町,ニシキマチ,Nishiki-machi,,,,大字西,オオアザニシ,Nishi,,,,字無田原,アザムタノハル,,,0,0,0,0,0,0,1,1,1947-04-17,,0,,,,,,,,,,,,,,,,
435015,0006256,3,熊本県,クマモトケン,Kumamoto,球磨郡,クマグン,Kuma-gun,錦町,ニシキマチ,Nishiki-machi,,,,大字西,オオアザニシ,Nishi,,,,字名次場,アザミヨウツギバ,,,0,0,0,0,0,0,1,1,1947-04-17,,0,,,,,,,,,,,,,,,,
435015,0006257,3,熊本県,クマモトケン,Kumamoto,球磨郡,クマグン,Kuma-gun,錦町,ニシキマチ,Nishiki-machi,,,,大字西,オオアザニシ,Nishi,,,,字木下,アザキノシタ,,,0,0,0,0,0,0,1,1,1947-04-17,,0,,,,,,,,,,,,,,,,
435015,0006258,3,熊本県,クマモトケン,Kumamoto,球磨郡,クマグン,Kuma-gun,錦町,ニシキマチ,Nishiki-machi,,,,大字西,オオアザニシ,Nishi,,,,字木崎,アザキザキ,,,0,0,0,0,0,0,1,1,1947-04-17,,0,,,,,,,,,,,,,,,,
435015,0006259,3,熊本県,クマモトケン,Kumamoto,球磨郡,クマグン,Kuma-gun,錦町,ニシキマチ,Nishiki-machi,,,,大字西,オオアザニシ,Nishi,,,,字木揚,アザキアゲ,,,0,0,0,0,0,0,1,1,1947-04-17,,0,,,,,,,,,,,,,,,,
435015,0006260,3,熊本県,クマモトケン,Kumamoto,球磨郡,クマグン,Kuma-gun,錦町,ニシキマチ,Nishiki-machi,,,,大字西,オオアザニシ,Nishi,,,,字門石,アザカドイシ,,,0,0,0,0,0,0,1,1,1947-04-17,,0,,,,,,,,,,,,,,,,
435015,0006261,3,熊本県,クマモトケン,Kumamoto,球磨郡,クマグン,Kuma-gun,錦町,ニシキマチ,Nishiki-machi,,,,大字西,オオアザニシ,Nishi,,,,字野落,アザノオトシ,,,0,0,0,0,0,0,1,1,1947-04-17,,0,,,,,,,,,,,,,,,,
435015,0006262,3,熊本県,クマモトケン,Kumamoto,球磨郡,クマグン,Kuma-gun,錦町,ニシキマチ,Nishiki-machi,,,,大字西,オオアザニシ,Nishi,,,,字柳詰,アザヤナヅメ,,,0,0,0,0,0,0,1,1,1947-04-17,,0,,,,,,,,,,,,,,,,
435015,0006263,3,熊本県,クマモトケン,Kumamoto,球磨郡,クマグン,Kuma-gun,錦町,ニシキマチ,Nishiki-machi,,,,大字西,オオアザニシ,Nishi,,,,字柳田,アザヤナギダ,,,0,0,0,0,0,0,1,1,1947-04-17,,0,,,,,,,,,,,,,,,,
435015,0006264,3,熊本県,クマモトケン,Kumamoto,球磨郡,クマグン,Kuma-gun,錦町,ニシキマチ,Nishiki-machi,,,,大字西,オオアザニシ,Nishi,,,,字葉山,アザハヤマ,,,0,0,0,0,0,0,1,1,1947-04-17,,0,,,,,,,,,,,,,,,,
435015,0006265,3,熊本県,クマモトケン,Kumamoto,球磨郡,クマグン,Kuma-gun,錦町,ニシキマチ,Nishiki-machi,,,,大字西,オオアザニシ,Nishi,,,,字立野,アザタテノ,,,0,0,0,0,0,0,1,1,1947-04-17,,0,,,,,,,,,,,,,,,,
435015,0006266,3,熊本県,クマモトケン,Kumamoto,球磨郡,クマグン,Kuma-gun,錦町,ニシキマチ,Nishiki-machi,,,,大字西,オオアザニシ,Nishi,,,,字涼松,アザスズマツ,,,0,0,0,0,0,0,1,1,1947-04-17,,0,,,,,,,,,,,,,,,,
435015,0006267,3,熊本県,クマモトケン,Kumamoto,球磨郡,クマグン,Kuma-gun,錦町,ニシキマチ,Nishiki-machi,,,,大字西,オオアザニシ,Nishi,,,,字力迫,アザチカラサコ,,,0,0,0,0,0,0,1,1,1947-04-17,,0,,,,,,,,,,,,,,,,
435015,0006268,3,熊本県,クマモトケン,Kumamoto,球磨郡,クマグン,Kuma-gun,錦町,ニシキマチ,Nishiki-machi,,,,大字西,オオアザニシ,Nishi,,,,字鈴ノ俣,アザスズノマタ,,,0,0,0,0,0,0,1,1,1947-04-17,,0,,,,,,,,,,,,,,,,
435015,0006269,3,熊本県,クマモトケン,Kumamoto,球磨郡,クマグン,Kuma-gun,錦町,ニシキマチ,Nishiki-machi,,,,大字西,オオアザニシ,Nishi,,,,字鈴小原,アザスズコバル,,,0,0,0,0,0,0,1,1,1947-04-17,,0,,,,,,,,,,,,,,,,
435015,0006270,3,熊本県,クマモトケン,Kumamoto,球磨郡,クマグン,Kuma-gun,錦町,ニシキマチ,Nishiki-machi,,,,大字西,オオアザニシ,Nishi,,,,字嶽ノ川内ヲジナシ,アザタケノカワウチオジナシ,,,0,0,0,0,0,0,1,1,1947-04-17,,0,,,,,,,,,,,,,,,,
435015,0006271,3,熊本県,クマモトケン,Kumamoto,球磨郡,クマグン,Kuma-gun,錦町,ニシキマチ,Nishiki-machi,,,,大字西,オオアザニシ,Nishi,,,,字挾口,アザハザマクチ,,,0,0,0,0,0,0,1,1,1947-04-17,,0,,,,,,,,,,,,,,,,
435015,0006272,3,熊本県,クマモトケン,Kumamoto,球磨郡,クマグン,Kuma-gun,錦町,ニシキマチ,Nishiki-machi,,,,大字西,オオアザニシ,Nishi,,,,字渕ノ上,アザフチノウエ,,,0,0,0,0,0,0,1,1,1947-04-17,,0,,,,,,,,,,,,,,,,
435015,0006273,3,熊本県,クマモトケン,Kumamoto,球磨郡,クマグン,Kuma-gun,錦町,ニシキマチ,Nishiki-machi,,,,大字西,オオアザニシ,Nishi,,,,字筌場,アザウケバ,,,0,0,0,0,0,0,1,1,1947-04-17,,0,,,,,,,,,,,,,,,,
435015,0007000,1,熊本県,クマモトケン,Kumamoto,球磨郡,クマグン,Kuma-gun,錦町,ニシキマチ,Nishiki-machi,,,,大字木上,オオアザキノエ,,,,,,,,,0,0,0,0,0,0,1,0,1947-04-17,,1,,,,,,,,,,,,,,,,
435058,0001000,1,熊本県,クマモトケン,Kumamoto,球磨郡,クマグン,Kuma-gun,多良木町,タラギマチ,Taragi-machi,,,,大字奥野,オオアザオクノ,Okuno,,,,,,,,0,0,0,0,0,0,1,1,1947-04-17,,0,8680504,,,,,,,,,,,,,,,
435058,0002000,1,熊本県,クマモトケン,Kumamoto,球磨郡,クマグン,Kuma-gun,多良木町,タラギマチ,Taragi-machi,,,,大字久米,オオアザクメ,Kume,,,,,,,,0,0,0,0,0,0,1,0,1947-04-17,,0,8680503,,,,,,,,,,,,,,,
435058,0002101,3,熊本県,クマモトケン,Kumamoto,球磨郡,クマグン,Kuma-gun,多良木町,タラギマチ,Taragi-machi,,,,大字久米,オオアザクメ,Kume,,,,字青木鶴,アザアオキヅル,,,0,0,0,0,0,0,1,1,1947-04-17,,0,,,,,,,,,,,,,,,,
435058,0002102,3,熊本県,クマモトケン,Kumamoto,球磨郡,クマグン,Kuma-gun,多良木町,タラギマチ,Taragi-machi,,,,大字久米,オオアザクメ,Kume,,,,字サガリバ,アザサガリバ,,,0,0,0,0,0,0,1,1,1947-04-17,,0,,,,,,,,,,,,,,,,
435058,0002103,3,熊本県,クマモトケン,Kumamoto,球磨郡,クマグン,Kuma-gun,多良木町,タラギマチ,Taragi-machi,,,,大字久米,オオアザクメ,Kume,,,,字永尾,アザナガオ,,,0,0,0,0,0,0,1,1,1947-04-17,,0,,,,,,,,,,,,,,,,
435058,0002104,3,熊本県,クマモトケン,Kumamoto,球磨郡,クマグン,Kuma-gun,多良木町,タラギマチ,Taragi-machi,,,,大字久米,オオアザクメ,Kume,,,,字園田,アザソンダ,,,0,0,0,0,0,0,1,1,1947-04-17,,0,,,,,,,,,,,,,,,,
435058,0002105,3,熊本県,クマモトケン,Kumamoto,球磨郡,クマグン,Kuma-gun,多良木町,タラギマチ,Taragi-machi,,,,大字久米,オオアザクメ,Kume,,,,字下古平,アザシモコビラ,,,0,0,0,0,0,0,1,1,1947-04-17,,0,,,,,,,,,,,,,,,,
435058,0002106,3,熊本県,クマモトケン,Kumamoto,球磨郡,クマグン,Kuma-gun,多良木町,タラギマチ,Taragi-machi,,,,大字久米,オオアザクメ,Kume,,,,字下水田,アザシモミズタ,,,0,0,0,0,0,0,1,1,1947-04-17,,0,,,,,,,,,,,,,,,,
435058,0002107,3,熊本県,クマモトケン,Kumamoto,球磨郡,クマグン,Kuma-gun,多良木町,タラギマチ,Taragi-machi,,,,大字久米,オオアザクメ,Kume,,,,字下八日市,アザシモヨウカイチ,,,0,0,0,0,0,0,1,1,1947-04-17,,0,,,,,,,,,,,,,,,,
435058,0002108,3,熊本県,クマモトケン,Kumamoto,球磨郡,クマグン,Kuma-gun,多良木町,タラギマチ,Taragi-machi,,,,大字久米,オオアザクメ,Kume,,,,字火渡,アザヒワタシ,,,0,0,0,0,0,0,1,1,1947-04-17,,0,,,,,,,,,,,,,,,,
435058,0002109,3,熊本県,クマモトケン,Kumamoto,球磨郡,クマグン,Kuma-gun,多良木町,タラギマチ,Taragi-machi,,,,大字久米,オオアザクメ,Kume,,,,字蟹田,アザガンダ,,,0,0,0,0,0,0,1,1,1947-04-17,,0,,,,,,,,,,,,,,,,
435058,0002110,3,熊本県,クマモトケン,Kumamoto,球磨郡,クマグン,Kuma-gun,多良木町,タラギマチ,Taragi-machi,,,,大字久米,オオアザクメ,Kume,,,,字覚井,アザカクイ,,,0,0,0,0,0,0,1,1,1947-04-17,,0,,,,,,,,,,,,,,,,
435058,0002111,3,熊本県,クマモトケン,Kumamoto,球磨郡,クマグン,Kuma-gun,多良木町,タラギマチ,Taragi-machi,,,,大字久米,オオアザクメ,Kume,,,,字角田,アザカクタ,,,0,0,0,0,0,0,1,1,1947-04-17,,0,,,,,,,,,,,,,,,,
435058,0002112,3,熊本県,クマモトケン,Kumamoto,球磨郡,クマグン,Kuma-gun,多良木町,タラギマチ,Taragi-machi,,,,大字久米,オオアザクメ,Kume,,,,字梶原,アザカジワラ,,,0,0,0,0,0,0,1,1,1947-04-17,,0,,,,,,,,,,,,,,,,
435058,0002113,3,熊本県,クマモトケン,Kumamoto,球磨郡,クマグン,Kuma-gun,多良木町,タラギマチ,Taragi-machi,,,,大字久米,オオアザクメ,Kume,,,,字葛沢,アザカヅラソウ,,,0,0,0,0,0,0,1,1,1947-04-17,,0,,,,,,,,,,,,,,,,
435058,0002114,3,熊本県,クマモトケン,Kumamoto,球磨郡,クマグン,Kuma-gun,多良木町,タラギマチ,Taragi-machi,,,,大字久米,オオアザクメ,Kume,,,,字鎌別府,アザカマベツプ,,,0,0,0,0,0,0,1,1,1947-04-17,,0,,,,,,,,,,,,,,,,
435058,0002115,3,熊本県,クマモトケン,Kumamoto,球磨郡,クマグン,Kuma-gun,多良木町,タラギマチ,Taragi-machi,,,,大字久米,オオアザクメ,Kume,,,,字間渕谷,アザマブチダニ,,,0,0,0,0,0,0,1,1,1947-04-17,,0,,,,,,,,,,,,,,,,
435058,0002116,3,熊本県,クマモトケン,Kumamoto,球磨郡,クマグン,Kuma-gun,多良木町,タラギマチ,Taragi-machi,,,,大字久米,オオアザクメ,Kume,,,,字久米川内,アザクメゴウチ,,,0,0,0,0,0,0,1,1,1947-04-17,,0,,,,,,,,,,,,,,,,
435058,0002117,3,熊本県,クマモトケン,Kumamoto,球磨郡,クマグン,Kuma-gun,多良木町,タラギマチ,Taragi-machi,,,,大字久米,オオアザクメ,Kume,,,,字宮田,アザミヤタ,,,0,0,0,0,0,0,1,1,1947-04-17,,0,,,,,,,,,,,,,,,,
435058,0002118,3,熊本県,クマモトケン,Kumamoto,球磨郡,クマグン,Kuma-gun,多良木町,タラギマチ,Taragi-machi,,,,大字久米,オオアザクメ,Kume,,,,字境ケ谷,アザサカイガダニ,,,0,0,0,0,0,0,1,1,1947-04-17,,0,,,,,,,,,,,,,,,,
435058,0002119,3,熊本県,クマモトケン,Kumamoto,球磨郡,クマグン,Kuma-gun,多良木町,タラギマチ,Taragi-machi,,,,大字久米,オオアザクメ,Kume,,,,字郷士谷,アザゴウシダニ,,,0,0,0,0,0,0,1,1,1947-04-17,,0,,,,,,,,,,,,,,,,
435058,0002120,3,熊本県,クマモトケン,Kumamoto,球磨郡,クマグン,Kuma-gun,多良木町,タラギマチ,Taragi-machi,,,,大字久米,オオアザクメ,Kume,,,,字金目谷,アザキンメダニ,,,0,0,0,0,0,0,1,1,1947-04-17,,0,,,,,,,,,,,,,,,,
435058,0002121,3,熊本県,クマモトケン,Kumamoto,球磨郡,クマグン,Kuma-gun,多良木町,タラギマチ,Taragi-machi,,,,大字久米,オオアザクメ,Kume,,,,字桑原,アザクワハラ,,,0,0,0,0,0,0,1,1,1947-04-17,,0,,,,,,,,,,,,,,,,
435058,0002122,3,熊本県,クマモトケン,Kumamoto,球磨郡,クマグン,Kuma-gun,多良木町,タラギマチ,Taragi-machi,,,,大字久米,オオアザクメ,Kume,,,,字原ノ田,アザハラノタ,,,0,0,0,0,0,0,1,1,1947-04-17,,0,,,,,,,,,,,,,,,,
435058,0002123,3,熊本県,クマモトケン,Kumamoto,球磨郡,クマグン,Kuma-gun,多良木町,タラギマチ,Taragi-machi,,,,大字久米,オオアザクメ,Kume,,,,字源三,アザゲンゾウ,,,0,0,0,0,0,0,1,1,1947-04-17,,0,,,,,,,,,,,,,,,,
435058,0002124,3,熊本県,クマモトケン,Kumamoto,球磨郡,クマグン,Kuma-gun,多良木町,タラギマチ,Taragi-machi,,,,大字久米,オオアザクメ,Kume,,,,字古城,アザコジヨウ,,,0,0,0,0,0,0,1,1,1947-04-17,,0,,,,,,,,,,,,,,,,
435058,0002125,3,熊本県,クマモトケン,Kumamoto,球磨郡,クマグン,Kuma-gun,多良木町,タラギマチ,Taragi-machi,,,,大字久米,オオアザクメ,Kume,,,,字古城野,アザコジヨウノ,,,0,0,0,0,0,0,1,1,1947-04-17,,0,,,,,,,,,,,,,,,,
435058,0002126,3,熊本県,クマモトケン,Kumamoto,球磨郡,クマグン,Kuma-gun,多良木町,タラギマチ,Taragi-machi,,,,大字久米,オオアザクメ,Kume,,,,字狐口,アザキツネグチ,,,0,0,0,0,0,0,1,1,1947-04-17,,0,,,,,,,,,,,,,,,,
435058,0002127,3,熊本県,クマモトケン,Kumamoto,球磨郡,クマグン,Kuma-gun,多良木町,タラギマチ,Taragi-machi,,,,大字久米,オオアザクメ,Kume,,,,字後原,アザウシロバル,,,0,0,0,0,0,0,1,1,1947-04-17,,0,,,,,,,,,,,,,,,,
435058,0002128,3,熊本県,クマモトケン,Kumamoto,球磨郡,クマグン,Kuma-gun,多良木町,タラギマチ,Taragi-machi,,,,大字久米,オオアザクメ,Kume,,,,字後村,アザウシロムラ,,,0,0,0,0,0,0,1,1,1947-04-17,,0,,,,,,,,,,,,,,,,
435058,0002129,3,熊本県,クマモトケン,Kumamoto,球磨郡,クマグン,Kuma-gun,多良木町,タラギマチ,Taragi-machi,,,,大字久米,オオアザクメ,Kume,,,,字庚申,アザコウシン,,,0,0,0,0,0,0,1,1,1947-04-17,,0,,,,,,,,,,,,,,,,
435058,0002130,3,熊本県,クマモトケン,Kumamoto,球磨郡,クマグン,Kuma-gun,多良木町,タラギマチ,Taragi-machi,,,,大字久米,オオアザクメ,Kume,,,,字高鳥,アザタカトリ,,,0,0,0,0,0,0,1,1,1947-04-17,,0,,,,,,,,,,,,,,,,
435058,0002131,3,熊本県,クマモトケン,Kumamoto,球磨郡,クマグン,Kuma-gun,多良木町,タラギマチ,Taragi-machi,,,,大字久米,オオアザクメ,Kume,,,,字高柳,アザタカヤナギ,,,0,0,0,0,0,0,1,1,1947-04-17,,0,,,,,,,,,,,,,,,,
435058,0002132,3,熊本県,クマモトケン,Kumamoto,球磨郡,クマグン,Kuma-gun,多良木町,タラギマチ,Taragi-machi,,,,大字久米,オオアザクメ,Kume,,,,字黒土田,アザクロツチダ,,,0,0,0,0,0,0,1,1,1947-04-17,,0,,,,,,,,,,,,,,,,
435058,0002133,3,熊本県,クマモトケン,Kumamoto,球磨郡,クマグン,Kuma-gun,多良木町,タラギマチ,Taragi-machi,,,,大字久米,オオアザクメ,Kume,,,,字今山田,アザイマヤマダ,,,0,0,0,0,0,0,1,1,1947-04-17,,0,,,,,,,,,,,,,,,,
435058,0002134,3,熊本県,クマモトケン,Kumamoto,球磨郡,クマグン,Kuma-gun,多良木町,タラギマチ,Taragi-machi,,,,大字久米,オオアザクメ,Kume,,,,字今村,アザイマムラ,,,0,0,0,0,0,0,1,1,1947-04-17,,0,,,,,,,,,,,,,,,,
435058,0002135,3,熊本県,クマモトケン,Kumamoto,球磨郡,クマグン,Kuma-gun,多良木町,タラギマチ,Taragi-machi,,,,大字久米,オオアザクメ,Kume,,,,字才田,アザサイタ,,,0,0,0,0,0,0,1,1,1947-04-17,,0,,,,,,,,,,,,,,,,
435058,0002136,3,熊本県,クマモトケン,Kumamoto,球磨郡,クマグン,Kuma-gun,多良木町,タラギマチ,Taragi-machi,,,,大字久米,オオアザクメ,Kume,,,,字山下,アザヤマシタ,,,0,0,0,0,0,0,1,1,1947-04-17,,0,,,,,,,,,,,,,,,,
435058,0002137,3,熊本県,クマモトケン,Kumamoto,球磨郡,クマグン,Kuma-gun,多良木町,タラギマチ,Taragi-machi,,,,大字久米,オオアザクメ,Kume,,,,字山渋,アザヤマシブ,,,0,0,0,0,0,0,1,1,1947-04-17,,0,,,,,,,,,,,,,,,,
435058,0002138,3,熊本県,クマモトケン,Kumamoto,球磨郡,クマグン,Kuma-gun,多良木町,タラギマチ,Taragi-machi,,,,大字久米,オオアザクメ,Kume,,,,字山神,アザヤマンカミ,,,0,0,0,0,0,0,1,1,1947-04-17,,0,,,,,,,,,,,,,,,,
435058,0002139,3,熊本県,クマモトケン,Kumamoto,球磨郡,クマグン,Kuma-gun,多良木町,タラギマチ,Taragi-machi,,,,大字久米,オオアザクメ,Kume,,,,字思川,アザオメゴウ,,,0,0,0,0,0,0,1,1,1947-04-17,,0,,,,,,,,,,,,,,,,
435058,0002140,3,熊本県,クマモトケン,Kumamoto,球磨郡,クマグン,Kuma-gun,多良木町,タラギマチ,Taragi-machi,,,,大字久米,オオアザクメ,Kume,,,,字枝川内,アザエダゴウチ,,,0,0,0,0,0,0,1,1,1947-04-17,,0,,,,,,,,,,,,,,,,
435058,0002141,3,熊本県,クマモトケン,Kumamoto,球磨郡,クマグン,Kuma-gun,多良木町,タラギマチ,Taragi-machi,,,,大字久米,オオアザクメ,Kume,,,,字時出,アザトキイデ,,,0,0,0,0,0,0,1,1,1947-04-17,,0,,,,,,,,,,,,,,,,
435058,0002142,3,熊本県,クマモトケン,Kumamoto,球磨郡,クマグン,Kuma-gun,多良木町,タラギマチ,Taragi-machi,,,,大字久米,オオアザクメ,Kume,,,,字鴫ノ前,アザシギノマエ,,,0,0,0,0,0,0,1,1,1947-04-17,,0,,,,,,,,,,,,,,,,
435058,0002143,3,熊本県,クマモトケン,Kumamoto,球磨郡,クマグン,Kuma-gun,多良木町,タラギマチ,Taragi-machi,,,,大字久米,オオアザクメ,Kume,,,,字小園,アザコゾノ,,,0,0,0,0,0,0,1,1,1947-04-17,,0,,,,,,,,,,,,,,,,
435058,0002144,3,熊本県,クマモトケン,Kumamoto,球磨郡,クマグン,Kuma-gun,多良木町,タラギマチ,Taragi-machi,,,,大字久米,オオアザクメ,Kume,,,,字小谷,アザコタニ,,,0,0,0,0,0,0,1,1,1947-04-17,,0,,,,,,,,,,,,,,,,
435058,0002145,3,熊本県,クマモトケン,Kumamoto,球磨郡,クマグン,Kuma-gun,多良木町,タラギマチ,Taragi-machi,,,,大字久米,オオアザクメ,Kume,,,,字小田,アザオダ,,,0,0,0,0,0,0,1,1,1947-04-17,,0,,,,,,,,,,,,,,,,
435058,0002146,3,熊本県,クマモトケン,Kumamoto,球磨郡,クマグン,Kuma-gun,多良木町,タラギマチ,Taragi-machi,,,,大字久米,オオアザクメ,Kume,,,,字小田原,アザオダバル,,,0,0,0,0,0,0,1,1,1947-04-17,,0,,,,,,,,,,,,,,,,
435058,0002147,3,熊本県,クマモトケン,Kumamoto,球磨郡,クマグン,Kuma-gun,多良木町,タラギマチ,Taragi-machi,,,,大字久米,オオアザクメ,Kume,,,,字小畑,アザオコバ,,,0,0,0,0,0,0,1,1,1947-04-17,,0,,,,,,,,,,,,,,,,
435058,0002148,3,熊本県,クマモトケン,Kumamoto,球磨郡,クマグン,Kuma-gun,多良木町,タラギマチ,Taragi-machi,,,,大字久米,オオアザクメ,Kume,,,,字小平,アザコヒラ,,,0,0,0,0,0,0,1,1,1947-04-17,,0,,,,,,,,,,,,,,,,
435058,0002149,3,熊本県,クマモトケン,Kumamoto,球磨郡,クマグン,Kuma-gun,多良木町,タラギマチ,Taragi-machi,,,,大字久米,オオアザクメ,Kume,,,,字松尾,アザマツオ,,,0,0,0,0,0,0,1,1,1947-04-17,,0,,,,,,,,,,,,,,,,
435058,0002150,3,熊本県,クマモトケン,Kumamoto,球磨郡,クマグン,Kuma-gun,多良木町,タラギマチ,Taragi-machi,,,,大字久米,オオアザクメ,Kume,,,,字上井,アザウワイ,,,0,0,0,0,0,0,1,1,1947-04-17,,0,,,,,,,,,,,,,,,,
435058,0002151,3,熊本県,クマモトケン,Kumamoto,球磨郡,クマグン,Kuma-gun,多良木町,タラギマチ,Taragi-machi,,,,大字久米,オオアザクメ,Kume,,,,字上園田,アザカミソンダ,,,0,0,0,0,0,0,1,1,1947-04-17,,0,,,,,,,,,,,,,,,,
435058,0002152,3,熊本県,クマモトケン,Kumamoto,球磨郡,クマグン,Kuma-gun,多良木町,タラギマチ,Taragi-machi,,,,大字久米,オオアザクメ,Kume,,,,字上小田原,アザカミオダバル,,,0,0,0,0,0,0,1,1,1947-04-17,,0,,,,,,,,,,,,,,,,
435058,0002153,3,熊本県,クマモトケン,Kumamoto,球磨郡,クマグン,Kuma-gun,多良木町,タラギマチ,Taragi-machi,,,,大字久米,オオアザクメ,Kume,,,,字上前原,アザカミマエバル,,,0,0,0,0,0,0,1,1,1947-04-17,,0,,,,,,,,,,,,,,,,
435058,0002154,3,熊本県,クマモトケン,Kumamoto,球磨郡,クマグン,Kuma-gun,多良木町,タラギマチ,Taragi-machi,,,,大字久米,オオアザクメ,Kume,,,,字上八日市,アザカミヨウカイチ,,,0,0,0,0,0,0,1,1,1947-04-17,,0,,,,,,,,,,,,,,,,
435058,0002155,3,熊本県,クマモトケン,Kumamoto,球磨郡,クマグン,Kuma-gun,多良木町,タラギマチ,Taragi-machi,,,,大字久米,オオアザクメ,Kume,,,,字上別府,アザカミベツプ,,,0,0,0,0,0,0,1,1,1947-04-17,,0,,,,,,,,,,,,,,,,
435058,0002156,3,熊本県,クマモトケン,Kumamoto,球磨郡,クマグン,Kuma-gun,多良木町,タラギマチ,Taragi-machi,,,,大字久米,オオアザクメ,Kume,,,,字城山,アザジヨウヤマ,,,0,0,0,0,0,0,1,1,1947-04-17,,0,,,,,,,,,,,,,,,,
435058,0002157,3,熊本県,クマモトケン,Kumamoto,球磨郡,クマグン,Kuma-gun,多良木町,タラギマチ,Taragi-machi,,,,大字久米,オオアザクメ,Kume,,,,字新兵エ山,アザシンベエヤマ,,,0,0,0,0,0,0,1,1,1947-04-17,,0,,,,,,,,,,,,,,,,
435058,0002158,3,熊本県,クマモトケン,Kumamoto,球磨郡,クマグン,Kuma-gun,多良木町,タラギマチ,Taragi-machi,,,,大字久米,オオアザクメ,Kume,,,,字新堀,アザシンボリ,,,0,0,0,0,0,0,1,1,1947-04-17,,0,,,,,,,,,,,,,,,,
435058,0002159,3,熊本県,クマモトケン,Kumamoto,球磨郡,クマグン,Kuma-gun,多良木町,タラギマチ,Taragi-machi,,,,大字久米,オオアザクメ,Kume,,,,字森園,アザモリゾノ,,,0,0,0,0,0,0,1,1,1947-04-17,,0,,,,,,,,,,,,,,,,
435058,0002160,3,熊本県,クマモトケン,Kumamoto,球磨郡,クマグン,Kuma-gun,多良木町,タラギマチ,Taragi-machi,,,,大字久米,オオアザクメ,Kume,,,,字成尾,アザナルオ,,,0,0,0,0,0,0,1,1,1947-04-17,,0,,,,,,,,,,,,,,,,
435058,0002161,3,熊本県,クマモトケン,Kumamoto,球磨郡,クマグン,Kuma-gun,多良木町,タラギマチ,Taragi-machi,,,,大字久米,オオアザクメ,Kume,,,,字青木,アザオオキ,,,0,0,0,0,0,0,1,1,1947-04-17,,0,,,,,,,,,,,,,,,,
435058,0002162,3,熊本県,クマモトケン,Kumamoto,球磨郡,クマグン,Kuma-gun,多良木町,タラギマチ,Taragi-machi,,,,大字久米,オオアザクメ,Kume,,,,字石原,アザイシハラ,,,0,0,0,0,0,0,1,1,1947-04-17,,0,,,,,,,,,,,,,,,,
435058,0002163,3,熊本県,クマモトケン,Kumamoto,球磨郡,クマグン,Kuma-gun,多良木町,タラギマチ,Taragi-machi,,,,大字久米,オオアザクメ,Kume,,,,字石上野,アザイシガミノ,,,0,0,0,0,0,0,1,1,1947-04-17,,0,,,,,,,,,,,,,,,,
435058,0002164,3,熊本県,クマモトケン,Kumamoto,球磨郡,クマグン,Kuma-gun,多良木町,タラギマチ,Taragi-machi,,,,大字久米,オオアザクメ,Kume,,,,字石佛,アザイシボトケ,,,0,0,0,0,0,0,1,1,1947-04-17,,0,,,,,,,,,,,,,,,,
435058,0002165,3,熊本県,クマモトケン,Kumamoto,球磨郡,クマグン,Kuma-gun,多良木町,タラギマチ,Taragi-machi,,,,大字久米,オオアザクメ,Kume,,,,字赤仁田男鉢,アザアカニタオバチ,,,0,0,0,0,0,0,1,1,1947-04-17,,0,,,,,,,,,,,,,,,,
435058,0002166,3,熊本県,クマモトケン,Kumamoto,球磨郡,クマグン,Kuma-gun,多良木町,タラギマチ,Taragi-machi,,,,大字久米,オオアザクメ,Kume,,,,字千水,アザセンスイ,,,0,0,0,0,0,0,1,1,1947-04-17,,0,,,,,,,,,,,,,,,,
435058,0002167,3,熊本県,クマモトケン,Kumamoto,球磨郡,クマグン,Kuma-gun,多良木町,タラギマチ,Taragi-machi,,,,大字久米,オオアザクメ,Kume,,,,字前原,アザマエバル,,,0,0,0,0,0,0,1,1,1947-04-17,,0,,,,,,,,,,,,,,,,
435058,0002168,3,熊本県,クマモトケン,Kumamoto,球磨郡,クマグン,Kuma-gun,多良木町,タラギマチ,Taragi-machi,,,,大字久米,オオアザクメ,Kume,,,,字前今村,アザマエイマムラ,,,0,0,0,0,0,0,1,1,1947-04-17,,0,,,,,,,,,,,,,,,,
435058,0002169,3,熊本県,クマモトケン,Kumamoto,球磨郡,クマグン,Kuma-gun,多良木町,タラギマチ,Taragi-machi,,,,大字久米,オオアザクメ,Kume,,,,字惣院原,アザソウインバル,,,0,0,0,0,0,0,1,1,1947-04-17,,0,,,,,,,,,,,,,,,,
435058,0002170,3,熊本県,クマモトケン,Kumamoto,球磨郡,クマグン,Kuma-gun,多良木町,タラギマチ,Taragi-machi,,,,大字久米,オオアザクメ,Kume,,,,字足田木,アザアシタギ,,,0,0,0,0,0,0,1,1,1947-04-17,,0,,,,,,,,,,,,,,,,
435058,0002171,3,熊本県,クマモトケン,Kumamoto,球磨郡,クマグン,Kuma-gun,多良木町,タラギマチ,Taragi-machi,,,,大字久米,オオアザクメ,Kume,,,,字大薮,アザオオヤブ,,,0,0,0,0,0,0,1,1,1947-04-17,,0,,,,,,,,,,,,,,,,
435058,0002172,3,熊本県,クマモトケン,Kumamoto,球磨郡,クマグン,Kuma-gun,多良木町,タラギマチ,Taragi-machi,,,,大字久米,オオアザクメ,Kume,,,,字瀧下,アザタキシタ,,,0,0,0,0,0,0,1,1,1947-04-17,,0,,,,,,,,,,,,,,,,
435058,0002173,3,熊本県,クマモトケン,Kumamoto,球磨郡,クマグン,Kuma-gun,多良木町,タラギマチ,Taragi-machi,,,,大字久米,オオアザクメ,Kume,,,,字地極掛,アザヂゴクガケ,,,0,0,0,0,0,0,1,1,1947-04-17,,0,,,,,,,,,,,,,,,,
435058,0002174,3,熊本県,クマモトケン,Kumamoto,球磨郡,クマグン,Kuma-gun,多良木町,タラギマチ,Taragi-machi,,,,大字久米,オオアザクメ,Kume,,,,字長迫,アザナガサコ,,,0,0,0,0,0,0,1,1,1947-04-17,,0,,,,,,,,,,,,,,,,
435058,0002175,3,熊本県,クマモトケン,Kumamoto,球磨郡,クマグン,Kuma-gun,多良木町,タラギマチ,Taragi-machi,,,,大字久米,オオアザクメ,Kume,,,,字鳥越,アザトリゴエ,,,0,0,0,0,0,0,1,1,1947-04-17,,0,,,,,,,,,,,,,,,,
435058,0002176,3,熊本県,クマモトケン,Kumamoto,球磨郡,クマグン,Kuma-gun,多良木町,タラギマチ,Taragi-machi,,,,大字久米,オオアザクメ,Kume,,,,字津ケ尾,アザツガオ,,,0,0,0,0,0,0,1,1,1947-04-17,,0,,,,,,,,,,,,,,,,
435058,0002177,3,熊本県,クマモトケン,Kumamoto,球磨郡,クマグン,Kuma-gun,多良木町,タラギマチ,Taragi-machi,,,,大字久米,オオアザクメ,Kume,,,,字塚山,アザツカヤマ,,,0,0,0,0,0,0,1,1,1947-04-17,,0,,,,,,,,,,,,,,,,
435058,0002178,3,熊本県,クマモトケン,Kumamoto,球磨郡,クマグン,Kuma-gun,多良木町,タラギマチ,Taragi-machi,,,,大字久米,オオアザクメ,Kume,,,,字塚田,アザツカダ,,,0,0,0,0,0,0,1,1,1947-04-17,,0,,,,,,,,,,,,,,,,
435058,0002179,3,熊本県,クマモトケン,Kumamoto,球磨郡,クマグン,Kuma-gun,多良木町,タラギマチ,Taragi-machi,,,,大字久米,オオアザクメ,Kume,,,,字天子,アザテンシ,,,0,0,0,0,0,0,1,1,1947-04-17,,0,,,,,,,,,,,,,,,,
435058,0002180,3,熊本県,クマモトケン,Kumamoto,球磨郡,クマグン,Kuma-gun,多良木町,タラギマチ,Taragi-machi,,,,大字久米,オオアザクメ,Kume,,,,字天神宇土,アザテンジンウド,,,0,0,0,0,0,0,1,1,1947-04-17,,0,,,,,,,,,,,,,,,,
435058,0002181,3,熊本県,クマモトケン,Kumamoto,球磨郡,クマグン,Kuma-gun,多良木町,タラギマチ,Taragi-machi,,,,大字久米,オオアザクメ,Kume,,,,字天神原,アザテンジンバル,,,0,0,0,0,0,0,1,1,1947-04-17,,0,,,,,,,,,,,,,,,,
435058,0002182,3,熊本県,クマモトケン,Kumamoto,球磨郡,クマグン,Kuma-gun,多良木町,タラギマチ,Taragi-machi,,,,大字久米,オオアザクメ,Kume,,,,字田畑,アザタバタ,,,0,0,0,0,0,0,1,1,1947-04-17,,0,,,,,,,,,,,,,,,,
435058,0002183,3,熊本県,クマモトケン,Kumamoto,球磨郡,クマグン,Kuma-gun,多良木町,タラギマチ,Taragi-machi,,,,大字久米,オオアザクメ,Kume,,,,字湯田,アザユダ,,,0,0,0,0,0,0,1,1,1947-04-17,,0,,,,,,,,,,,,,,,,
435058,0002184,3,熊本県,クマモトケン,Kumamoto,球磨郡,クマグン,Kuma-gun,多良木町,タラギマチ,Taragi-machi,,,,大字久米,オオアザクメ,Kume,,,,字鍋柿,アザナベガキ,,,0,0,0,0,0,0,1,1,1947-04-17,,0,,,,,,,,,,,,,,,,
435058,0002185,3,熊本県,クマモトケン,Kumamoto,球磨郡,クマグン,Kuma-gun,多良木町,タラギマチ,Taragi-machi,,,,大字久米,オオアザクメ,Kume,,,,字年神,アザトシノカミ,,,0,0,0,0,0,0,1,1,1947-04-17,,0,,,,,,,,,,,,,,,,
435058,0002186,3,熊本県,クマモトケン,Kumamoto,球磨郡,クマグン,Kuma-gun,多良木町,タラギマチ,Taragi-machi,,,,大字久米,オオアザクメ,Kume,,,,字馬塚,アザウマツカ,,,0,0,0,0,0,0,1,1,1947-04-17,,0,,,,,,,,,,,,,,,,
435058,0002187,3,熊本県,クマモトケン,Kumamoto,球磨郡,クマグン,Kuma-gun,多良木町,タラギマチ,Taragi-machi,,,,大字久米,オオアザクメ,Kume,,,,字梅薮,アザウメヤブ,,,0,0,0,0,0,0,1,1,1947-04-17,,0,,,,,,,,,,,,,,,,
435058,0002188,3,熊本県,クマモトケン,Kumamoto,球磨郡,クマグン,Kuma-gun,多良木町,タラギマチ,Taragi-machi,,,,大字久米,オオアザクメ,Kume,,,,字飯盛,アザイイモリ,,,0,0,0,0,0,0,1,1,1947-04-17,,0,,,,,,,,,,,,,,,,
435058,0002189,3,熊本県,クマモトケン,Kumamoto,球磨郡,クマグン,Kuma-gun,多良木町,タラギマチ,Taragi-machi,,,,大字久米,オオアザクメ,Kume,,,,字表原,アザオモテバル,,,0,0,0,0,0,0,1,1,1947-04-17,,0,,,,,,,,,,,,,,,,
435058,0002190,3,熊本県,クマモトケン,Kumamoto,球磨郡,クマグン,Kuma-gun,多良木町,タラギマチ,Taragi-machi,,,,大字久米,オオアザクメ,Kume,,,,字風呂谷,アザフロンタニ,,,0,0,0,0,0,0,1,1,1947-04-17,,0,,,,,,,,,,,,,,,,
435058,0002191,3,熊本県,クマモトケン,Kumamoto,球磨郡,クマグン,Kuma-gun,多良木町,タラギマチ,Taragi-machi,,,,大字久米,オオアザクメ,Kume,,,,字伏間田,アザスマダ,,,0,0,0,0,0,0,1,1,1947-04-17,,0,,,,,,,,,,,,,,,,
435058,0002192,3,熊本県,クマモトケン,Kumamoto,球磨郡,クマグン,Kuma-gun,多良木町,タラギマチ,Taragi-machi,,,,大字久米,オオアザクメ,Kume,,,,字平松,アザヒラマツ,,,0,0,0,0,0,0,1,1,1947-04-17,,0,,,,,,,,,,,,,,,,
435058,0002193,3,熊本県,クマモトケン,Kumamoto,球磨郡,クマグン,Kuma-gun,多良木町,タラギマチ,Taragi-machi,,,,大字久米,オオアザクメ,Kume,,,,字豊後谷,アザブンゴダニ,,,0,0,0,0,0,0,1,1,1947-04-17,,0,,,,,,,,,,,,,,,,
435058,0002194,3,熊本県,クマモトケン,Kumamoto,球磨郡,クマグン,Kuma-gun,多良木町,タラギマチ,Taragi-machi,,,,大字久米,オオアザクメ,Kume,,,,字堀川,アザホリゴウ,,,0,0,0,0,0,0,1,1,1947-04-17,,0,,,,,,,,,,,,,,,,
435058,0002195,3,熊本県,クマモトケン,Kumamoto,球磨郡,クマグン,Kuma-gun,多良木町,タラギマチ,Taragi-machi,,,,大字久米,オオアザクメ,Kume,,,,字杢男瀬,アザムコオゼ,,,0,0,0,0,0,0,1,1,1947-04-17,,0,,,,,,,,,,,,,,,,
435058,0002196,3,熊本県,クマモトケン,Kumamoto,球磨郡,クマグン,Kuma-gun,多良木町,タラギマチ,Taragi-machi,,,,大字久米,オオアザクメ,Kume,,,,字野中田,アザノナカダ,,,0,0,0,0,0,0,1,1,1947-04-17,,0,,,,,,,,,,,,,,,,
435058,0002197,3,熊本県,クマモトケン,Kumamoto,球磨郡,クマグン,Kuma-gun,多良木町,タラギマチ,Taragi-machi,,,,大字久米,オオアザクメ,Kume,,,,字野添,アザノゾエ,,,0,0,0,0,0,0,1,1,1947-04-17,,0,,,,,,,,,,,,,,,,
435058,0002198,3,熊本県,クマモトケン,Kumamoto,球磨郡,クマグン,Kuma-gun,多良木町,タラギマチ,Taragi-machi,,,,大字久米,オオアザクメ,Kume,,,,字柳原,アザヤナギハラ,,,0,0,0,0,0,0,1,1,1947-04-17,,0,,,,,,,,,,,,,,,,
435058,0002199,3,熊本県,クマモトケン,Kumamoto,球磨郡,クマグン,Kuma-gun,多良木町,タラギマチ,Taragi-machi,,,,大字久米,オオアザクメ,Kume,,,,字有ノ木,アザアリノキ,,,0,0,0,0,0,0,1,1,1947-04-17,,0,,,,,,,,,,,,,,,,
435058,0002200,3,熊本県,クマモトケン,Kumamoto,球磨郡,クマグン,Kuma-gun,多良木町,タラギマチ,Taragi-machi,,,,大字久米,オオアザクメ,Kume,,,,字落ノ上,アザオチノウエ,,,0,0,0,0,0,0,1,1,1947-04-17,,0,,,,,,,,,,,,,,,,
435058,0002201,3,熊本県,クマモトケン,Kumamoto,球磨郡,クマグン,Kuma-gun,多良木町,タラギマチ,Taragi-machi,,,,大字久米,オオアザクメ,Kume,,,,字立野,アザタテノ,,,0,0,0,0,0,0,1,1,1947-04-17,,0,,,,,,,,,,,,,,,,
435058,0002202,3,熊本県,クマモトケン,Kumamoto,球磨郡,クマグン,Kuma-gun,多良木町,タラギマチ,Taragi-machi,,,,大字久米,オオアザクメ,Kume,,,,字六人田,アザロクニンダ,,,0,0,0,0,0,0,1,1,1947-04-17,,0,,,,,,,,,,,,,,,,
435058,0002203,3,熊本県,クマモトケン,Kumamoto,球磨郡,クマグン,Kuma-gun,多良木町,タラギマチ,Taragi-machi,,,,大字久米,オオアザクメ,Kume,,,,字六反田,アザロクタンダ,,,0,0,0,0,0,0,1,1,1947-04-17,,0,,,,,,,,,,,,,,,,
435058,0003000,1,熊本県,クマモトケン,Kumamoto,球磨郡,クマグン,Kuma-gun,多良木町,タラギマチ,Taragi-machi,,,,大字黒肥地,オオアザクロヒジ,Kurohiji,,,,,,,,0,0,0,0,0,0,1,1,1947-04-17,,0,8680502,,,,,,,,,,,,,,,
435058,0004000,1,熊本県,クマモトケン,Kumamoto,球磨郡,クマグン,Kuma-gun,多良木町,タラギマチ,Taragi-machi,,,,大字多良木,オオアザタラギ,Taragi,,,,,,,,0,0,0,0,0,0,1,0,1947-04-17,,0,8680501,,,,,,,,,,,,,,,
435058,0004101,3,熊本県,クマモトケン,Kumamoto,球磨郡,クマグン,Kuma-gun,多良木町,タラギマチ,Taragi-machi,,,,大字多良木,オオアザタラギ,Taragi,,,,字青井手,アザアオイデ,,,0,0,0,0,0,0,1,1,1947-04-17,,0,,,,,,,,,,,,,,,,
435058,0004102,3,熊本県,クマモトケン,Kumamoto,球磨郡,クマグン,Kuma-gun,多良木町,タラギマチ,Taragi-machi,,,,大字多良木,オオアザタラギ,Taragi,,,,字ナバエ松,アザナバエマツ,,,0,0,0,0,0,0,1,1,1947-04-17,,0,,,,,,,,,,,,,,,,
435058,0004103,3,熊本県,クマモトケン,Kumamoto,球磨郡,クマグン,Kuma-gun,多良木町,タラギマチ,Taragi-machi,,,,大字多良木,オオアザタラギ,Taragi,,,,字一町田,アザイツチヨウダ,,,0,0,0,0,0,0,1,1,1947-04-17,,0,,,,,,,,,,,,,,,,
435058,0004104,3,熊本県,クマモトケン,Kumamoto,球磨郡,クマグン,Kuma-gun,多良木町,タラギマチ,Taragi-machi,,,,大字多良木,オオアザタラギ,Taragi,,,,字浦田,アザウラタ,,,0,0,0,0,0,0,1,1,1947-04-17,,0,,,,,,,,,,,,,,,,
435058,0004105,3,熊本県,クマモトケン,Kumamoto,球磨郡,クマグン,Kuma-gun,多良木町,タラギマチ,Taragi-machi,,,,大字多良木,オオアザタラギ,Taragi,,,,字永尾,アザナガオ,,,0,0,0,0,0,0,1,1,1947-04-17,,0,,,,,,,,,,,,,,,,
435058,0004106,3,熊本県,クマモトケン,Kumamoto,球磨郡,クマグン,Kuma-gun,多良木町,タラギマチ,Taragi-machi,,,,大字多良木,オオアザタラギ,Taragi,,,,字永平,アザナガヒラ,,,0,0,0,0,0,0,1,1,1947-04-17,,0,,,,,,,,,,,,,,,,
435058,0004107,3,熊本県,クマモトケン,Kumamoto,球磨郡,クマグン,Kuma-gun,多良木町,タラギマチ,Taragi-machi,,,,大字多良木,オオアザタラギ,Taragi,,,,字横馬場,アザヨコババ,,,0,0,0,0,0,0,1,1,1947-04-17,,0,,,,,,,,,,,,,,,,
435058,0004108,3,熊本県,クマモトケン,Kumamoto,球磨郡,クマグン,Kuma-gun,多良木町,タラギマチ,Taragi-machi,,,,大字多良木,オオアザタラギ,Taragi,,,,字屋敷,アザヤシキ,,,0,0,0,0,0,0,1,1,1947-04-17,,0,,,,,,,,,,,,,,,,
435058,0004109,3,熊本県,クマモトケン,Kumamoto,球磨郡,クマグン,Kuma-gun,多良木町,タラギマチ,Taragi-machi,,,,大字多良木,オオアザタラギ,Taragi,,,,字下岩川内,アザシモイワゴウチ,,,0,0,0,0,0,0,1,1,1947-04-17,,0,,,,,,,,,,,,,,,,
435058,0004110,3,熊本県,クマモトケン,Kumamoto,球磨郡,クマグン,Kuma-gun,多良木町,タラギマチ,Taragi-machi,,,,大字多良木,オオアザタラギ,Taragi,,,,字下原田,アザシモハラダ,,,0,0,0,0,0,0,1,1,1947-04-17,,0,,,,,,,,,,,,,,,,
435058,0004111,3,熊本県,クマモトケン,Kumamoto,球磨郡,クマグン,Kuma-gun,多良木町,タラギマチ,Taragi-machi,,,,大字多良木,オオアザタラギ,Taragi,,,,字下松尾,アザシモマツオ,,,0,0,0,0,0,0,1,1,1947-04-17,,0,,,,,,,,,,,,,,,,
435058,0004112,3,熊本県,クマモトケン,Kumamoto,球磨郡,クマグン,Kuma-gun,多良木町,タラギマチ,Taragi-machi,,,,大字多良木,オオアザタラギ,Taragi,,,,字下新地,アザシモシンチ,,,0,0,0,0,0,0,1,1,1947-04-17,,0,,,,,,,,,,,,,,,,
435058,0004113,3,熊本県,クマモトケン,Kumamoto,球磨郡,クマグン,Kuma-gun,多良木町,タラギマチ,Taragi-machi,,,,大字多良木,オオアザタラギ,Taragi,,,,字下仁原,アザシモニワラ,,,0,0,0,0,0,0,1,1,1947-04-17,,0,,,,,,,,,,,,,,,,
435058,0004114,3,熊本県,クマモトケン,Kumamoto,球磨郡,クマグン,Kuma-gun,多良木町,タラギマチ,Taragi-machi,,,,大字多良木,オオアザタラギ,Taragi,,,,字下赤坂,アザシモアカサカ,,,0,0,0,0,0,0,1,1,1947-04-17,,0,,,,,,,,,,,,,,,,
435058,0004115,3,熊本県,クマモトケン,Kumamoto,球磨郡,クマグン,Kuma-gun,多良木町,タラギマチ,Taragi-machi,,,,大字多良木,オオアザタラギ,Taragi,,,,字下大鶴,アザシモオオツル,,,0,0,0,0,0,0,1,1,1947-04-17,,0,,,,,,,,,,,,,,,,
435058,0004116,3,熊本県,クマモトケン,Kumamoto,球磨郡,クマグン,Kuma-gun,多良木町,タラギマチ,Taragi-machi,,,,大字多良木,オオアザタラギ,Taragi,,,,字下鶴,アザシモヅル,,,0,0,0,0,0,0,1,1,1947-04-17,,0,,,,,,,,,,,,,,,,
435058,0004117,3,熊本県,クマモトケン,Kumamoto,球磨郡,クマグン,Kuma-gun,多良木町,タラギマチ,Taragi-machi,,,,大字多良木,オオアザタラギ,Taragi,,,,字下鶴羽,アザシモツルバ,,,0,0,0,0,0,0,1,1,1947-04-17,,0,,,,,,,,,,,,,,,,
435058,0004118,3,熊本県,クマモトケン,Kumamoto,球磨郡,クマグン,Kuma-gun,多良木町,タラギマチ,Taragi-machi,,,,大字多良木,オオアザタラギ,Taragi,,,,字下迫田,アザシモサコダ,,,0,0,0,0,0,0,1,1,1947-04-17,,0,,,,,,,,,,,,,,,,
435058,0004119,3,熊本県,クマモトケン,Kumamoto,球磨郡,クマグン,Kuma-gun,多良木町,タラギマチ,Taragi-machi,,,,大字多良木,オオアザタラギ,Taragi,,,,字下尾畑,アザシモオバタ,,,0,0,0,0,0,0,1,1,1947-04-17,,0,,,,,,,,,,,,,,,,
435058,0004120,3,熊本県,クマモトケン,Kumamoto,球磨郡,クマグン,Kuma-gun,多良木町,タラギマチ,Taragi-machi,,,,大字多良木,オオアザタラギ,Taragi,,,,字下矢立松,アザシモヤタテマツ,,,0,0,0,0,0,0,1,1,1947-04-17,,0,,,,,,,,,,,,,,,,
435058,0004121,3,熊本県,クマモトケン,Kumamoto,球磨郡,クマグン,Kuma-gun,多良木町,タラギマチ,Taragi-machi,,,,大字多良木,オオアザタラギ,Taragi,,,,字掛畠,アザカケハタ,,,0,0,0,0,0,0,1,1,1947-04-17,,0,,,,,,,,,,,,,,,,
435058,0004122,3,熊本県,クマモトケン,Kumamoto,球磨郡,クマグン,Kuma-gun,多良木町,タラギマチ,Taragi-machi,,,,大字多良木,オオアザタラギ,Taragi,,,,字梶屋,アザカジヤ,,,0,0,0,0,0,0,1,1,1947-04-17,,0,,,,,,,,,,,,,,,,
435058,0004123,3,熊本県,クマモトケン,Kumamoto,球磨郡,クマグン,Kuma-gun,多良木町,タラギマチ,Taragi-machi,,,,大字多良木,オオアザタラギ,Taragi,,,,字葛沢,アザカヅラソウ,,,0,0,0,0,0,0,1,1,1947-04-17,,0,,,,,,,,,,,,,,,,
435058,0004124,3,熊本県,クマモトケン,Kumamoto,球磨郡,クマグン,Kuma-gun,多良木町,タラギマチ,Taragi-machi,,,,大字多良木,オオアザタラギ,Taragi,,,,字岩井,アザイワイ,,,0,0,0,0,0,0,1,1,1947-04-17,,0,,,,,,,,,,,,,,,,
435058,0004125,3,熊本県,クマモトケン,Kumamoto,球磨郡,クマグン,Kuma-gun,多良木町,タラギマチ,Taragi-machi,,,,大字多良木,オオアザタラギ,Taragi,,,,字鬼山,アザオニヤマ,,,0,0,0,0,0,0,1,1,1947-04-17,,0,,,,,,,,,,,,,,,,
435058,0004126,3,熊本県,クマモトケン,Kumamoto,球磨郡,クマグン,Kuma-gun,多良木町,タラギマチ,Taragi-machi,,,,大字多良木,オオアザタラギ,Taragi,,,,字宮床,アザミヤトコ,,,0,0,0,0,0,0,1,1,1947-04-17,,0,,,,,,,,,,,,,,,,
435058,0004127,3,熊本県,クマモトケン,Kumamoto,球磨郡,クマグン,Kuma-gun,多良木町,タラギマチ,Taragi-machi,,,,大字多良木,オオアザタラギ,Taragi,,,,字牛島,アザウシジマ,,,0,0,0,0,0,0,1,1,1947-04-17,,0,,,,,,,,,,,,,,,,
435058,0004128,3,熊本県,クマモトケン,Kumamoto,球磨郡,クマグン,Kuma-gun,多良木町,タラギマチ,Taragi-machi,,,,大字多良木,オオアザタラギ,Taragi,,,,字牛頭,アザゴウズ,,,0,0,0,0,0,0,1,1,1947-04-17,,0,,,,,,,,,,,,,,,,
435058,0004129,3,熊本県,クマモトケン,Kumamoto,球磨郡,クマグン,Kuma-gun,多良木町,タラギマチ,Taragi-machi,,,,大字多良木,オオアザタラギ,Taragi,,,,字京塚,アザキヨウヅカ,,,0,0,0,0,0,0,1,1,1947-04-17,,0,,,,,,,,,,,,,,,,
435058,0004130,3,熊本県,クマモトケン,Kumamoto,球磨郡,クマグン,Kuma-gun,多良木町,タラギマチ,Taragi-machi,,,,大字多良木,オオアザタラギ,Taragi,,,,字境田,アザサカイダ,,,0,0,0,0,0,0,1,1,1947-04-17,,0,,,,,,,,,,,,,,,,
435058,0004131,3,熊本県,クマモトケン,Kumamoto,球磨郡,クマグン,Kuma-gun,多良木町,タラギマチ,Taragi-machi,,,,大字多良木,オオアザタラギ,Taragi,,,,字九鹿,アザクシカ,,,0,0,0,0,0,0,1,1,1947-04-17,,0,,,,,,,,,,,,,,,,
435058,0004132,3,熊本県,クマモトケン,Kumamoto,球磨郡,クマグン,Kuma-gun,多良木町,タラギマチ,Taragi-machi,,,,大字多良木,オオアザタラギ,Taragi,,,,字桑木丸,アザクワキマル,,,0,0,0,0,0,0,1,1,1947-04-17,,0,,,,,,,,,,,,,,,,
435058,0004133,3,熊本県,クマモトケン,Kumamoto,球磨郡,クマグン,Kuma-gun,多良木町,タラギマチ,Taragi-machi,,,,大字多良木,オオアザタラギ,Taragi,,,,字古多良木,アザフルタラギ,,,0,0,0,0,0,0,1,1,1947-04-17,,0,,,,,,,,,,,,,,,,
435058,0004134,3,熊本県,クマモトケン,Kumamoto,球磨郡,クマグン,Kuma-gun,多良木町,タラギマチ,Taragi-machi,,,,大字多良木,オオアザタラギ,Taragi,,,,字菰無田,アザコモムタ,,,0,0,0,0,0,0,1,1,1947-04-17,,0,,,,,,,,,,,,,,,,
435058,0004135,3,熊本県,クマモトケン,Kumamoto,球磨郡,クマグン,Kuma-gun,多良木町,タラギマチ,Taragi-machi,,,,大字多良木,オオアザタラギ,Taragi,,,,字口ノ坪,アザクチノツボ,,,0,0,0,0,0,0,1,1,1947-04-17,,0,,,,,,,,,,,,,,,,
435058,0004136,3,熊本県,クマモトケン,Kumamoto,球磨郡,クマグン,Kuma-gun,多良木町,タラギマチ,Taragi-machi,,,,大字多良木,オオアザタラギ,Taragi,,,,字高柳,アザタカヤナギ,,,0,0,0,0,0,0,1,1,1947-04-17,,0,,,,,,,,,,,,,,,,
435058,0004137,3,熊本県,クマモトケン,Kumamoto,球磨郡,クマグン,Kuma-gun,多良木町,タラギマチ,Taragi-machi,,,,大字多良木,オオアザタラギ,Taragi,,,,字黒鳥,アザクロトリ,,,0,0,0,0,0,0,1,1,1947-04-17,,0,,,,,,,,,,,,,,,,
435058,0004138,3,熊本県,クマモトケン,Kumamoto,球磨郡,クマグン,Kuma-gun,多良木町,タラギマチ,Taragi-machi,,,,大字多良木,オオアザタラギ,Taragi,,,,字才和田,アザサイワダ,,,0,0,0,0,0,0,1,1,1947-04-17,,0,,,,,,,,,,,,,,,,
435058,0004139,3,熊本県,クマモトケン,Kumamoto,球磨郡,クマグン,Kuma-gun,多良木町,タラギマチ,Taragi-machi,,,,大字多良木,オオアザタラギ,Taragi,,,,字作原,アザサクハラ,,,0,0,0,0,0,0,1,1,1947-04-17,,0,,,,,,,,,,,,,,,,
435058,0004140,3,熊本県,クマモトケン,Kumamoto,球磨郡,クマグン,Kuma-gun,多良木町,タラギマチ,Taragi-machi,,,,大字多良木,オオアザタラギ,Taragi,,,,字寺前,アザテラマエ,,,0,0,0,0,0,0,1,1,1947-04-17,,0,,,,,,,,,,,,,,,,
435058,0004141,3,熊本県,クマモトケン,Kumamoto,球磨郡,クマグン,Kuma-gun,多良木町,タラギマチ,Taragi-machi,,,,大字多良木,オオアザタラギ,Taragi,,,,字寺村,アザテラムラ,,,0,0,0,0,0,0,1,1,1947-04-17,,0,,,,,,,,,,,,,,,,
435058,0004142,3,熊本県,クマモトケン,Kumamoto,球磨郡,クマグン,Kuma-gun,多良木町,タラギマチ,Taragi-machi,,,,大字多良木,オオアザタラギ,Taragi,,,,字耳取,アザミミトリ,,,0,0,0,0,0,0,1,1,1947-04-17,,0,,,,,,,,,,,,,,,,
435058,0004143,3,熊本県,クマモトケン,Kumamoto,球磨郡,クマグン,Kuma-gun,多良木町,タラギマチ,Taragi-machi,,,,大字多良木,オオアザタラギ,Taragi,,,,字鴫村,アザシギムラ,,,0,0,0,0,0,0,1,1,1947-04-17,,0,,,,,,,,,,,,,,,,
435058,0004144,3,熊本県,クマモトケン,Kumamoto,球磨郡,クマグン,Kuma-gun,多良木町,タラギマチ,Taragi-machi,,,,大字多良木,オオアザタラギ,Taragi,,,,字七村田,アザナナムラタ,,,0,0,0,0,0,0,1,1,1947-04-17,,0,,,,,,,,,,,,,,,,
435058,0004145,3,熊本県,クマモトケン,Kumamoto,球磨郡,クマグン,Kuma-gun,多良木町,タラギマチ,Taragi-machi,,,,大字多良木,オオアザタラギ,Taragi,,,,字狩行司,アザカリギヨウジ,,,0,0,0,0,0,0,1,1,1947-04-17,,0,,,,,,,,,,,,,,,,
435058,0004146,3,熊本県,クマモトケン,Kumamoto,球磨郡,クマグン,Kuma-gun,多良木町,タラギマチ,Taragi-machi,,,,大字多良木,オオアザタラギ,Taragi,,,,字小鶴,アザコヅル,,,0,0,0,0,0,0,1,1,1947-04-17,,0,,,,,,,,,,,,,,,,
435058,0004147,3,熊本県,クマモトケン,Kumamoto,球磨郡,クマグン,Kuma-gun,多良木町,タラギマチ,Taragi-machi,,,,大字多良木,オオアザタラギ,Taragi,,,,字松ケ野,アザマツガノ,,,0,0,0,0,0,0,1,1,1947-04-17,,0,,,,,,,,,,,,,,,,
435058,0004148,3,熊本県,クマモトケン,Kumamoto,球磨郡,クマグン,Kuma-gun,多良木町,タラギマチ,Taragi-machi,,,,大字多良木,オオアザタラギ,Taragi,,,,字松ノ本,アザマツノモト,,,0,0,0,0,0,0,1,1,1947-04-17,,0,,,,,,,,,,,,,,,,
435058,0004149,3,熊本県,クマモトケン,Kumamoto,球磨郡,クマグン,Kuma-gun,多良木町,タラギマチ,Taragi-machi,,,,大字多良木,オオアザタラギ,Taragi,,,,字松下,アザマツシタ,,,0,0,0,0,0,0,1,1,1947-04-17,,0,,,,,,,,,,,,,,,,
435058,0004150,3,熊本県,クマモトケン,Kumamoto,球磨郡,クマグン,Kuma-gun,多良木町,タラギマチ,Taragi-machi,,,,大字多良木,オオアザタラギ,Taragi,,,,字松尾,アザマツオ,,,0,0,0,0,0,0,1,1,1947-04-17,,0,,,,,,,,,,,,,,,,
435058,0004151,3,熊本県,クマモトケン,Kumamoto,球磨郡,クマグン,Kuma-gun,多良木町,タラギマチ,Taragi-machi,,,,大字多良木,オオアザタラギ,Taragi,,,,字上ノ原,アザウエノハル,,,0,0,0,0,0,0,1,1,1947-04-17,,0,,,,,,,,,,,,,,,,
435058,0004152,3,熊本県,クマモトケン,Kumamoto,球磨郡,クマグン,Kuma-gun,多良木町,タラギマチ,Taragi-machi,,,,大字多良木,オオアザタラギ,Taragi,,,,字上ノ田,アザウエノタ,,,0,0,0,0,0,0,1,1,1947-04-17,,0,,,,,,,,,,,,,,,,
435058,0004153,3,熊本県,クマモトケン,Kumamoto,球磨郡,クマグン,Kuma-gun,多良木町,タラギマチ,Taragi-machi,,,,大字多良木,オオアザタラギ,Taragi,,,,字上岩川内,アザカミイワゴウチ,,,0,0,0,0,0,0,1,1,1947-04-17,,0,,,,,,,,,,,,,,,,
435058,0004154,3,熊本県,クマモトケン,Kumamoto,球磨郡,クマグン,Kuma-gun,多良木町,タラギマチ,Taragi-machi,,,,大字多良木,オオアザタラギ,Taragi,,,,字上原田,アザカミハラダ,,,0,0,0,0,0,0,1,1,1947-04-17,,0,,,,,,,,,,,,,,,,
435058,0004155,3,熊本県,クマモトケン,Kumamoto,球磨郡,クマグン,Kuma-gun,多良木町,タラギマチ,Taragi-machi,,,,大字多良木,オオアザタラギ,Taragi,,,,字上松尾,アザカミマツオ,,,0,0,0,0,0,0,1,1,1947-04-17,,0,,,,,,,,,,,,,,,,
435058,0004156,3,熊本県,クマモトケン,Kumamoto,球磨郡,クマグン,Kuma-gun,多良木町,タラギマチ,Taragi-machi,,,,大字多良木,オオアザタラギ,Taragi,,,,字上新地,アザカミシンチ,,,0,0,0,0,0,0,1,1,1947-04-17,,0,,,,,,,,,,,,,,,,
435058,0004157,3,熊本県,クマモトケン,Kumamoto,球磨郡,クマグン,Kuma-gun,多良木町,タラギマチ,Taragi-machi,,,,大字多良木,オオアザタラギ,Taragi,,,,字上仁原,アザカミニワラ,,,0,0,0,0,0,0,1,1,1947-04-17,,0,,,,,,,,,,,,,,,,
435058,0004158,3,熊本県,クマモトケン,Kumamoto,球磨郡,クマグン,Kuma-gun,多良木町,タラギマチ,Taragi-machi,,,,大字多良木,オオアザタラギ,Taragi,,,,字上赤坂,アザカミアカサカ,,,0,0,0,0,0,0,1,1,1947-04-17,,0,,,,,,,,,,,,,,,,
435058,0004159,3,熊本県,クマモトケン,Kumamoto,球磨郡,クマグン,Kuma-gun,多良木町,タラギマチ,Taragi-machi,,,,大字多良木,オオアザタラギ,Taragi,,,,字上大鶴,アザカミオオツル,,,0,0,0,0,0,0,1,1,1947-04-17,,0,,,,,,,,,,,,,,,,
435058,0004160,3,熊本県,クマモトケン,Kumamoto,球磨郡,クマグン,Kuma-gun,多良木町,タラギマチ,Taragi-machi,,,,大字多良木,オオアザタラギ,Taragi,,,,字上鶴,アザカミツル,,,0,0,0,0,0,0,1,1,1947-04-17,,0,,,,,,,,,,,,,,,,
435058,0004161,3,熊本県,クマモトケン,Kumamoto,球磨郡,クマグン,Kuma-gun,多良木町,タラギマチ,Taragi-machi,,,,大字多良木,オオアザタラギ,Taragi,,,,字上鶴羽,アザカミツルバ,,,0,0,0,0,0,0,1,1,1947-04-17,,0,,,,,,,,,,,,,,,,
435058,0004162,3,熊本県,クマモトケン,Kumamoto,球磨郡,クマグン,Kuma-gun,多良木町,タラギマチ,Taragi-machi,,,,大字多良木,オオアザタラギ,Taragi,,,,字上迫田,アザカミサコダ,,,0,0,0,0,0,0,1,1,1947-04-17,,0,,,,,,,,,,,,,,,,
435058,0004163,3,熊本県,クマモトケン,Kumamoto,球磨郡,クマグン,Kuma-gun,多良木町,タラギマチ,Taragi-machi,,,,大字多良木,オオアザタラギ,Taragi,,,,字上尾畑,アザカミオバタ,,,0,0,0,0,0,0,1,1,1947-04-17,,0,,,,,,,,,,,,,,,,
435058,0004164,3,熊本県,クマモトケン,Kumamoto,球磨郡,クマグン,Kuma-gun,多良木町,タラギマチ,Taragi-machi,,,,大字多良木,オオアザタラギ,Taragi,,,,字上矢立松,アザカミヤタテマツ,,,0,0,0,0,0,0,1,1,1947-04-17,,0,,,,,,,,,,,,,,,,
435058,0004165,3,熊本県,クマモトケン,Kumamoto,球磨郡,クマグン,Kuma-gun,多良木町,タラギマチ,Taragi-machi,,,,大字多良木,オオアザタラギ,Taragi,,,,字植木,アザウエキ,,,0,0,0,0,0,0,1,1,1947-04-17,,0,,,,,,,,,,,,,,,,
435058,0004166,3,熊本県,クマモトケン,Kumamoto,球磨郡,クマグン,Kuma-gun,多良木町,タラギマチ,Taragi-machi,,,,大字多良木,オオアザタラギ,Taragi,,,,字新山,アザニイヤマ,,,0,0,0,0,0,0,1,1,1947-04-17,,0,,,,,,,,,,,,,,,,
435058,0004167,3,熊本県,クマモトケン,Kumamoto,球磨郡,クマグン,Kuma-gun,多良木町,タラギマチ,Taragi-machi,,,,大字多良木,オオアザタラギ,Taragi,,,,字新村,アザシンムラ,,,0,0,0,0,0,0,1,1,1947-04-17,,0,,,,,,,,,,,,,,,,
435058,0004168,3,熊本県,クマモトケン,Kumamoto,球磨郡,クマグン,Kuma-gun,多良木町,タラギマチ,Taragi-machi,,,,大字多良木,オオアザタラギ,Taragi,,,,字新地,アザシンチ,,,0,0,0,0,0,0,1,1,1947-04-17,,0,,,,,,,,,,,,,,,,
435058,0004169,3,熊本県,クマモトケン,Kumamoto,球磨郡,クマグン,Kuma-gun,多良木町,タラギマチ,Taragi-machi,,,,大字多良木,オオアザタラギ,Taragi,,,,字諏訪下,アザスワシタ,,,0,0,0,0,0,0,1,1,1947-04-17,,0,,,,,,,,,,,,,,,,
435058,0004170,3,熊本県,クマモトケン,Kumamoto,球磨郡,クマグン,Kuma-gun,多良木町,タラギマチ,Taragi-machi,,,,大字多良木,オオアザタラギ,Taragi,,,,字諏訪原,アザスワノハル,,,0,0,0,0,0,0,1,1,1947-04-17,,0,,,,,,,,,,,,,,,,
435058,0004171,3,熊本県,クマモトケン,Kumamoto,球磨郡,クマグン,Kuma-gun,多良木町,タラギマチ,Taragi-machi,,,,大字多良木,オオアザタラギ,Taragi,,,,字水町,アザミズマチ,,,0,0,0,0,0,0,1,1,1947-04-17,,0,,,,,,,,,,,,,,,,
435058,0004172,3,熊本県,クマモトケン,Kumamoto,球磨郡,クマグン,Kuma-gun,多良木町,タラギマチ,Taragi-machi,,,,大字多良木,オオアザタラギ,Taragi,,,,字水田,アザミズタ,,,0,0,0,0,0,0,1,1,1947-04-17,,0,,,,,,,,,,,,,,,,
435058,0004173,3,熊本県,クマモトケン,Kumamoto,球磨郡,クマグン,Kuma-gun,多良木町,タラギマチ,Taragi-machi,,,,大字多良木,オオアザタラギ,Taragi,,,,字青椎,アザアオジイ,,,0,0,0,0,0,0,1,1,1947-04-17,,0,,,,,,,,,,,,,,,,
435058,0004174,3,熊本県,クマモトケン,Kumamoto,球磨郡,クマグン,Kuma-gun,多良木町,タラギマチ,Taragi-machi,,,,大字多良木,オオアザタラギ,Taragi,,,,字赤坂山,アザアカサカヤマ,,,0,0,0,0,0,0,1,1,1947-04-17,,0,,,,,,,,,,,,,,,,
435058,0004175,3,熊本県,クマモトケン,Kumamoto,球磨郡,クマグン,Kuma-gun,多良木町,タラギマチ,Taragi-machi,,,,大字多良木,オオアザタラギ,Taragi,,,,字赤川,アザアカガワ,,,0,0,0,0,0,0,1,1,1947-04-17,,0,,,,,,,,,,,,,,,,
435058,0004176,3,熊本県,クマモトケン,Kumamoto,球磨郡,クマグン,Kuma-gun,多良木町,タラギマチ,Taragi-machi,,,,大字多良木,オオアザタラギ,Taragi,,,,字前田,アザマエダ,,,0,0,0,0,0,0,1,1,1947-04-17,,0,,,,,,,,,,,,,,,,
435058,0004177,3,熊本県,クマモトケン,Kumamoto,球磨郡,クマグン,Kuma-gun,多良木町,タラギマチ,Taragi-machi,,,,大字多良木,オオアザタラギ,Taragi,,,,字村下,アザムラシタ,,,0,0,0,0,0,0,1,1,1947-04-17,,0,,,,,,,,,,,,,,,,
435058,0004178,3,熊本県,クマモトケン,Kumamoto,球磨郡,クマグン,Kuma-gun,多良木町,タラギマチ,Taragi-machi,,,,大字多良木,オオアザタラギ,Taragi,,,,字村前,アザムラマエ,,,0,0,0,0,0,0,1,1,1947-04-17,,0,,,,,,,,,,,,,,,,
435058,0004179,3,熊本県,クマモトケン,Kumamoto,球磨郡,クマグン,Kuma-gun,多良木町,タラギマチ,Taragi-machi,,,,大字多良木,オオアザタラギ,Taragi,,,,字大野,アザオオノ,,,0,0,0,0,0,0,1,1,1947-04-17,,0,,,,,,,,,,,,,,,,
435058,0004180,3,熊本県,クマモトケン,Kumamoto,球磨郡,クマグン,Kuma-gun,多良木町,タラギマチ,Taragi-machi,,,,大字多良木,オオアザタラギ,Taragi,,,,字大薮,アザオオヤブ,,,0,0,0,0,0,0,1,1,1947-04-17,,0,,,,,,,,,,,,,,,,
435058,0004181,3,熊本県,クマモトケン,Kumamoto,球磨郡,クマグン,Kuma-gun,多良木町,タラギマチ,Taragi-machi,,,,大字多良木,オオアザタラギ,Taragi,,,,字鍛冶屋ノ谷,アザカジヤノタニ,,,0,0,0,0,0,0,1,1,1947-04-17,,0,,,,,,,,,,,,,,,,
435058,0004182,3,熊本県,クマモトケン,Kumamoto,球磨郡,クマグン,Kuma-gun,多良木町,タラギマチ,Taragi-machi,,,,大字多良木,オオアザタラギ,Taragi,,,,字地蔵向,アザヂゾウムカエ,,,0,0,0,0,0,0,1,1,1947-04-17,,0,,,,,,,,,,,,,,,,
435058,0004183,3,熊本県,クマモトケン,Kumamoto,球磨郡,クマグン,Kuma-gun,多良木町,タラギマチ,Taragi-machi,,,,大字多良木,オオアザタラギ,Taragi,,,,字地蔵堂,アザヂゾウドウ,,,0,0,0,0,0,0,1,1,1947-04-17,,0,,,,,,,,,,,,,,,,
435058,0004184,3,熊本県,クマモトケン,Kumamoto,球磨郡,クマグン,Kuma-gun,多良木町,タラギマチ,Taragi-machi,,,,大字多良木,オオアザタラギ,Taragi,,,,字中岩川内,アザナカイワゴウチ,,,0,0,0,0,0,0,1,1,1947-04-17,,0,,,,,,,,,,,,,,,,
435058,0004185,3,熊本県,クマモトケン,Kumamoto,球磨郡,クマグン,Kuma-gun,多良木町,タラギマチ,Taragi-machi,,,,大字多良木,オオアザタラギ,Taragi,,,,字中原,アザナカバル,,,0,0,0,0,0,0,1,1,1947-04-17,,0,,,,,,,,,,,,,,,,
435058,0004186,3,熊本県,クマモトケン,Kumamoto,球磨郡,クマグン,Kuma-gun,多良木町,タラギマチ,Taragi-machi,,,,大字多良木,オオアザタラギ,Taragi,,,,字中原田,アザナカハラダ,,,0,0,0,0,0,0,1,1,1947-04-17,,0,,,,,,,,,,,,,,,,
435058,0004187,3,熊本県,クマモトケン,Kumamoto,球磨郡,クマグン,Kuma-gun,多良木町,タラギマチ,Taragi-machi,,,,大字多良木,オオアザタラギ,Taragi,,,,字中仁原,アザナカニワラ,,,0,0,0,0,0,0,1,1,1947-04-17,,0,,,,,,,,,,,,,,,,
435058,0004188,3,熊本県,クマモトケン,Kumamoto,球磨郡,クマグン,Kuma-gun,多良木町,タラギマチ,Taragi-machi,,,,大字多良木,オオアザタラギ,Taragi,,,,字中村,アザナカムラ,,,0,0,0,0,0,0,1,1,1947-04-17,,0,,,,,,,,,,,,,,,,
435058,0004189,3,熊本県,クマモトケン,Kumamoto,球磨郡,クマグン,Kuma-gun,多良木町,タラギマチ,Taragi-machi,,,,大字多良木,オオアザタラギ,Taragi,,,,字中鶴,アザナカヅル,,,0,0,0,0,0,0,1,1,1947-04-17,,0,,,,,,,,,,,,,,,,
435058,0004190,3,熊本県,クマモトケン,Kumamoto,球磨郡,クマグン,Kuma-gun,多良木町,タラギマチ,Taragi-machi,,,,大字多良木,オオアザタラギ,Taragi,,,,字長谷,アザナガタニ,,,0,0,0,0,0,0,1,1,1947-04-17,,0,,,,,,,,,,,,,,,,
435058,0004191,3,熊本県,クマモトケン,Kumamoto,球磨郡,クマグン,Kuma-gun,多良木町,タラギマチ,Taragi-machi,,,,大字多良木,オオアザタラギ,Taragi,,,,字鶴羽山林ノ尾,アザツルバヤマハヤシノオ,,,0,0,0,0,0,0,1,1,1947-04-17,,0,,,,,,,,,,,,,,,,
435058,0004192,3,熊本県,クマモトケン,Kumamoto,球磨郡,クマグン,Kuma-gun,多良木町,タラギマチ,Taragi-machi,,,,大字多良木,オオアザタラギ,Taragi,,,,字鶴田,アザツルタ,,,0,0,0,0,0,0,1,1,1947-04-17,,0,,,,,,,,,,,,,,,,
435058,0004193,3,熊本県,クマモトケン,Kumamoto,球磨郡,クマグン,Kuma-gun,多良木町,タラギマチ,Taragi-machi,,,,大字多良木,オオアザタラギ,Taragi,,,,字田村崎,アザタムラザキ,,,0,0,0,0,0,0,1,1,1947-04-17,,0,,,,,,,,,,,,,,,,
435058,0004194,3,熊本県,クマモトケン,Kumamoto,球磨郡,クマグン,Kuma-gun,多良木町,タラギマチ,Taragi-machi,,,,大字多良木,オオアザタラギ,Taragi,,,,字土橋,アザドバシ,,,0,0,0,0,0,0,1,1,1947-04-17,,0,,,,,,,,,,,,,,,,
435058,0004195,3,熊本県,クマモトケン,Kumamoto,球磨郡,クマグン,Kuma-gun,多良木町,タラギマチ,Taragi-machi,,,,大字多良木,オオアザタラギ,Taragi,,,,字土手下,アザドテシタ,,,0,0,0,0,0,0,1,1,1947-04-17,,0,,,,,,,,,,,,,,,,
435058,0004196,3,熊本県,クマモトケン,Kumamoto,球磨郡,クマグン,Kuma-gun,多良木町,タラギマチ,Taragi-machi,,,,大字多良木,オオアザタラギ,Taragi,,,,字東,アザヒガシ,,,0,0,0,0,0,0,1,1,1947-04-17,,0,,,,,,,,,,,,,,,,
435058,0004197,3,熊本県,クマモトケン,Kumamoto,球磨郡,クマグン,Kuma-gun,多良木町,タラギマチ,Taragi-machi,,,,大字多良木,オオアザタラギ,Taragi,,,,字東八日原,アザヒガシヨウカバル,,,0,0,0,0,0,0,1,1,1947-04-17,,0,,,,,,,,,,,,,,,,
435058,0004198,3,熊本県,クマモトケン,Kumamoto,球磨郡,クマグン,Kuma-gun,多良木町,タラギマチ,Taragi-machi,,,,大字多良木,オオアザタラギ,Taragi,,,,字鐙,アザアブミ,,,0,0,0,0,0,0,1,1,1947-04-17,,0,,,,,,,,,,,,,,,,
435058,0004199,3,熊本県,クマモトケン,Kumamoto,球磨郡,クマグン,Kuma-gun,多良木町,タラギマチ,Taragi-machi,,,,大字多良木,オオアザタラギ,Taragi,,,,字年ノ神,アザトシノカミ,,,0,0,0,0,0,0,1,1,1947-04-17,,0,,,,,,,,,,,,,,,,
435058,0004200,3,熊本県,クマモトケン,Kumamoto,球磨郡,クマグン,Kuma-gun,多良木町,タラギマチ,Taragi-machi,,,,大字多良木,オオアザタラギ,Taragi,,,,字馬場田,アザババタ,,,0,0,0,0,0,0,1,1,1947-04-17,,0,,,,,,,,,,,,,,,,
435058,0004201,3,熊本県,クマモトケン,Kumamoto,球磨郡,クマグン,Kuma-gun,多良木町,タラギマチ,Taragi-machi,,,,大字多良木,オオアザタラギ,Taragi,,,,字馬門,アザマカド,,,0,0,0,0,0,0,1,1,1947-04-17,,0,,,,,,,,,,,,,,,,
435058,0004202,3,熊本県,クマモトケン,Kumamoto,球磨郡,クマグン,Kuma-gun,多良木町,タラギマチ,Taragi-machi,,,,大字多良木,オオアザタラギ,Taragi,,,,字八日原,アザヨウカバル,,,0,0,0,0,0,0,1,1,1947-04-17,,0,,,,,,,,,,,,,,,,
435058,0004203,3,熊本県,クマモトケン,Kumamoto,球磨郡,クマグン,Kuma-gun,多良木町,タラギマチ,Taragi-machi,,,,大字多良木,オオアザタラギ,Taragi,,,,字八日市,アザヨウカイチ,,,0,0,0,0,0,0,1,1,1947-04-17,,0,,,,,,,,,,,,,,,,
435058,0004204,3,熊本県,クマモトケン,Kumamoto,球磨郡,クマグン,Kuma-gun,多良木町,タラギマチ,Taragi-machi,,,,大字多良木,オオアザタラギ,Taragi,,,,字百太郎,アザヒヤクタロウ,,,0,0,0,0,0,0,1,1,1947-04-17,,0,,,,,,,,,,,,,,,,
435058,0004205,3,熊本県,クマモトケン,Kumamoto,球磨郡,クマグン,Kuma-gun,多良木町,タラギマチ,Taragi-machi,,,,大字多良木,オオアザタラギ,Taragi,,,,字平岩,アザヒライワ,,,0,0,0,0,0,0,1,1,1947-04-17,,0,,,,,,,,,,,,,,,,
435058,0004206,3,熊本県,クマモトケン,Kumamoto,球磨郡,クマグン,Kuma-gun,多良木町,タラギマチ,Taragi-machi,,,,大字多良木,オオアザタラギ,Taragi,,,,字平原,アザヒラバル,,,0,0,0,0,0,0,1,1,1947-04-17,,0,,,,,,,,,,,,,,,,
435058,0004207,3,熊本県,クマモトケン,Kumamoto,球磨郡,クマグン,Kuma-gun,多良木町,タラギマチ,Taragi-machi,,,,大字多良木,オオアザタラギ,Taragi,,,,字別府山,アザベツプヤマ,,,0,0,0,0,0,0,1,1,1947-04-17,,0,,,,,,,,,,,,,,,,
435058,0004208,3,熊本県,クマモトケン,Kumamoto,球磨郡,クマグン,Kuma-gun,多良木町,タラギマチ,Taragi-machi,,,,大字多良木,オオアザタラギ,Taragi,,,,字門田,アザカドタ,,,0,0,0,0,0,0,1,1,1947-04-17,,0,,,,,,,,,,,,,,,,
435058,0004209,3,熊本県,クマモトケン,Kumamoto,球磨郡,クマグン,Kuma-gun,多良木町,タラギマチ,Taragi-machi,,,,大字多良木,オオアザタラギ,Taragi,,,,字野間,アザノマ,,,0,0,0,0,0,0,1,1,1947-04-17,,0,,,,,,,,,,,,,,,,
435058,0004210,3,熊本県,クマモトケン,Kumamoto,球磨郡,クマグン,Kuma-gun,多良木町,タラギマチ,Taragi-machi,,,,大字多良木,オオアザタラギ,Taragi,,,,字矢立松,アザヤタテマツ,,,0,0,0,0,0,0,1,1,1947-04-17,,0,,,,,,,,,,,,,,,,
435058,0004211,3,熊本県,クマモトケン,Kumamoto,球磨郡,クマグン,Kuma-gun,多良木町,タラギマチ,Taragi-machi,,,,大字多良木,オオアザタラギ,Taragi,,,,字友村,アザトモムラ,,,0,0,0,0,0,0,1,1,1947-04-17,,0,,,,,,,,,,,,,,,,
435058,0004212,3,熊本県,クマモトケン,Kumamoto,球磨郡,クマグン,Kuma-gun,多良木町,タラギマチ,Taragi-machi,,,,大字多良木,オオアザタラギ,Taragi,,,,字落橋,アザオトシバシ,,,0,0,0,0,0,0,1,1,1947-04-17,,0,,,,,,,,,,,,,,,,
435058,0004213,3,熊本県,クマモトケン,Kumamoto,球磨郡,クマグン,Kuma-gun,多良木町,タラギマチ,Taragi-machi,,,,大字多良木,オオアザタラギ,Taragi,,,,字里ノ城,アザサトノジヨウ,,,0,0,0,0,0,0,1,1,1947-04-17,,0,,,,,,,,,,,,,,,,
435058,0004214,3,熊本県,クマモトケン,Kumamoto,球磨郡,クマグン,Kuma-gun,多良木町,タラギマチ,Taragi-machi,,,,大字多良木,オオアザタラギ,Taragi,,,,字里山,アザサトヤマ,,,0,0,0,0,0,0,1,1,1947-04-17,,0,,,,,,,,,,,,,,,,
435058,0004215,3,熊本県,クマモトケン,Kumamoto,球磨郡,クマグン,Kuma-gun,多良木町,タラギマチ,Taragi-machi,,,,大字多良木,オオアザタラギ,Taragi,,,,字立野,アザタテノ,,,0,0,0,0,0,0,1,1,1947-04-17,,0,,,,,,,,,,,,,,,,
435058,0004216,3,熊本県,クマモトケン,Kumamoto,球磨郡,クマグン,Kuma-gun,多良木町,タラギマチ,Taragi-machi,,,,大字多良木,オオアザタラギ,,,,,字樋掛,アザヒカケ,,,0,0,0,0,0,0,1,1,1970-01-01,,0,,,,,,,,,,,,,,,,
435058,0005000,1,熊本県,クマモトケン,Kumamoto,球磨郡,クマグン,Kuma-gun,多良木町,タラギマチ,Taragi-machi,,,,大字槻木,オオアザツキギ,Tsukigi,,,,,,,,0,0,0,0,0,0,1,0,1947-04-17,,0,8680505,,,,,,,,,,,,,,,
435058,0005101,3,熊本県,クマモトケン,Kumamoto,球磨郡,クマグン,Kuma-gun,多良木町,タラギマチ,Taragi-machi,,,,大字槻木,オオアザツキギ,Tsukigi,,,,字赤木,アザアカギ,,,0,0,0,0,0,0,1,1,1947-04-17,,0,,,,,,,,,,,,,,,,
435058,0005102,3,熊本県,クマモトケン,Kumamoto,球磨郡,クマグン,Kuma-gun,多良木町,タラギマチ,Taragi-machi,,,,大字槻木,オオアザツキギ,Tsukigi,,,,字アクソ谷,アザアクソダニ,,,0,0,0,0,0,0,1,1,1947-04-17,,0,,,,,,,,,,,,,,,,
435058,0005103,3,熊本県,クマモトケン,Kumamoto,球磨郡,クマグン,Kuma-gun,多良木町,タラギマチ,Taragi-machi,,,,大字槻木,オオアザツキギ,Tsukigi,,,,字イケン野,アザイケンノ,,,0,0,0,0,0,0,1,1,1947-04-17,,0,,,,,,,,,,,,,,,,
435058,0005104,3,熊本県,クマモトケン,Kumamoto,球磨郡,クマグン,Kuma-gun,多良木町,タラギマチ,Taragi-machi,,,,大字槻木,オオアザツキギ,Tsukigi,,,,字イヌクライ,アザイヌクライ,,,0,0,0,0,0,0,1,1,1947-04-17,,0,,,,,,,,,,,,,,,,
435058,0005105,3,熊本県,クマモトケン,Kumamoto,球磨郡,クマグン,Kuma-gun,多良木町,タラギマチ,Taragi-machi,,,,大字槻木,オオアザツキギ,Tsukigi,,,,字エボシガノ,アザエボシガノ,,,0,0,0,0,0,0,1,1,1947-04-17,,0,,,,,,,,,,,,,,,,
435058,0005106,3,熊本県,クマモトケン,Kumamoto,球磨郡,クマグン,Kuma-gun,多良木町,タラギマチ,Taragi-machi,,,,大字槻木,オオアザツキギ,Tsukigi,,,,字カケン野,アザカケンノ,,,0,0,0,0,0,0,1,1,1947-04-17,,0,,,,,,,,,,,,,,,,
435058,0005107,3,熊本県,クマモトケン,Kumamoto,球磨郡,クマグン,Kuma-gun,多良木町,タラギマチ,Taragi-machi,,,,大字槻木,オオアザツキギ,Tsukigi,,,,字ガタ,アザガタ,,,0,0,0,0,0,0,1,1,1947-04-17,,0,,,,,,,,,,,,,,,,
435058,0005108,3,熊本県,クマモトケン,Kumamoto,球磨郡,クマグン,Kuma-gun,多良木町,タラギマチ,Taragi-machi,,,,大字槻木,オオアザツキギ,Tsukigi,,,,字ガタノハキ,アザガタノハキ,,,0,0,0,0,0,0,1,1,1947-04-17,,0,,,,,,,,,,,,,,,,
435058,0005109,3,熊本県,クマモトケン,Kumamoto,球磨郡,クマグン,Kuma-gun,多良木町,タラギマチ,Taragi-machi,,,,大字槻木,オオアザツキギ,Tsukigi,,,,字カバノ木,アザカバノキ,,,0,0,0,0,0,0,1,1,1947-04-17,,0,,,,,,,,,,,,,,,,
435058,0005110,3,熊本県,クマモトケン,Kumamoto,球磨郡,クマグン,Kuma-gun,多良木町,タラギマチ,Taragi-machi,,,,大字槻木,オオアザツキギ,Tsukigi,,,,字クツノ久保,アザクツノクボ,,,0,0,0,0,0,0,1,1,1947-04-17,,0,,,,,,,,,,,,,,,,
435058,0005111,3,熊本県,クマモトケン,Kumamoto,球磨郡,クマグン,Kuma-gun,多良木町,タラギマチ,Taragi-machi,,,,大字槻木,オオアザツキギ,Tsukigi,,,,字サエン野,アザサエンノ,,,0,0,0,0,0,0,1,1,1947-04-17,,0,,,,,,,,,,,,,,,,
435058,0005112,3,熊本県,クマモトケン,Kumamoto,球磨郡,クマグン,Kuma-gun,多良木町,タラギマチ,Taragi-machi,,,,大字槻木,オオアザツキギ,Tsukigi,,,,字シゲリ,アザシゲリ,,,0,0,0,0,0,0,1,1,1947-04-17,,0,,,,,,,,,,,,,,,,
435058,0005113,3,熊本県,クマモトケン,Kumamoto,球磨郡,クマグン,Kuma-gun,多良木町,タラギマチ,Taragi-machi,,,,大字槻木,オオアザツキギ,Tsukigi,,,,字シヲリ,アザシオリ,,,0,0,0,0,0,0,1,1,1947-04-17,,0,,,,,,,,,,,,,,,,
435058,0005114,3,熊本県,クマモトケン,Kumamoto,球磨郡,クマグン,Kuma-gun,多良木町,タラギマチ,Taragi-machi,,,,大字槻木,オオアザツキギ,Tsukigi,,,,字スタノ尾,アザスタノオ,,,0,0,0,0,0,0,1,1,1947-04-17,,0,,,,,,,,,,,,,,,,
435058,0005115,3,熊本県,クマモトケン,Kumamoto,球磨郡,クマグン,Kuma-gun,多良木町,タラギマチ,Taragi-machi,,,,大字槻木,オオアザツキギ,Tsukigi,,,,字タカノス,アザタカノス,,,0,0,0,0,0,0,1,1,1947-04-17,,0,,,,,,,,,,,,,,,,
435058,0005116,3,熊本県,クマモトケン,Kumamoto,球磨郡,クマグン,Kuma-gun,多良木町,タラギマチ,Taragi-machi,,,,大字槻木,オオアザツキギ,Tsukigi,,,,字チカラ石,アザチカライシ,,,0,0,0,0,0,0,1,1,1947-04-17,,0,,,,,,,,,,,,,,,,
435058,0005117,3,熊本県,クマモトケン,Kumamoto,球磨郡,クマグン,Kuma-gun,多良木町,タラギマチ,Taragi-machi,,,,大字槻木,オオアザツキギ,Tsukigi,,,,字ツゝラ平,アザツヅラヒラ,,,0,0,0,0,0,0,1,1,1947-04-17,,0,,,,,,,,,,,,,,,,
435058,0005118,3,熊本県,クマモトケン,Kumamoto,球磨郡,クマグン,Kuma-gun,多良木町,タラギマチ,Taragi-machi,,,,大字槻木,オオアザツキギ,Tsukigi,,,,字デンゲ塚,アザデンゲヅカ,,,0,0,0,0,0,0,1,1,1947-04-17,,0,,,,,,,,,,,,,,,,
435058,0005119,3,熊本県,クマモトケン,Kumamoto,球磨郡,クマグン,Kuma-gun,多良木町,タラギマチ,Taragi-machi,,,,大字槻木,オオアザツキギ,Tsukigi,,,,字ドコヤ,アザドコヤ,,,0,0,0,0,0,0,1,1,1947-04-17,,0,,,,,,,,,,,,,,,,
435058,0005120,3,熊本県,クマモトケン,Kumamoto,球磨郡,クマグン,Kuma-gun,多良木町,タラギマチ,Taragi-machi,,,,大字槻木,オオアザツキギ,Tsukigi,,,,字トトロノマタ,アザトトロノマタ,,,0,0,0,0,0,0,1,1,1947-04-17,,0,,,,,,,,,,,,,,,,
435058,0005121,3,熊本県,クマモトケン,Kumamoto,球磨郡,クマグン,Kuma-gun,多良木町,タラギマチ,Taragi-machi,,,,大字槻木,オオアザツキギ,Tsukigi,,,,字トヤガノ,アザトヤガノ,,,0,0,0,0,0,0,1,1,1947-04-17,,0,,,,,,,,,,,,,,,,
435058,0005122,3,熊本県,クマモトケン,Kumamoto,球磨郡,クマグン,Kuma-gun,多良木町,タラギマチ,Taragi-machi,,,,大字槻木,オオアザツキギ,Tsukigi,,,,字ハエバ,アザハエバ,,,0,0,0,0,0,0,1,1,1947-04-17,,0,,,,,,,,,,,,,,,,
435058,0005123,3,熊本県,クマモトケン,Kumamoto,球磨郡,クマグン,Kuma-gun,多良木町,タラギマチ,Taragi-machi,,,,大字槻木,オオアザツキギ,Tsukigi,,,,字ハキノ尾,アザハキノオ,,,0,0,0,0,0,0,1,1,1947-04-17,,0,,,,,,,,,,,,,,,,
435058,0005124,3,熊本県,クマモトケン,Kumamoto,球磨郡,クマグン,Kuma-gun,多良木町,タラギマチ,Taragi-machi,,,,大字槻木,オオアザツキギ,Tsukigi,,,,字フキ谷,アザフキダニ,,,0,0,0,0,0,0,1,1,1947-04-17,,0,,,,,,,,,,,,,,,,
435058,0005125,3,熊本県,クマモトケン,Kumamoto,球磨郡,クマグン,Kuma-gun,多良木町,タラギマチ,Taragi-machi,,,,大字槻木,オオアザツキギ,Tsukigi,,,,字モゝ川内,アザモモカワチ,,,0,0,0,0,0,0,1,1,1947-04-17,,0,,,,,,,,,,,,,,,,
435058,0005126,3,熊本県,クマモトケン,Kumamoto,球磨郡,クマグン,Kuma-gun,多良木町,タラギマチ,Taragi-machi,,,,大字槻木,オオアザツキギ,Tsukigi,,,,字ヲコシ,アザオコシ,,,0,0,0,0,0,0,1,1,1947-04-17,,0,,,,,,,,,,,,,,,,
435058,0005127,3,熊本県,クマモトケン,Kumamoto,球磨郡,クマグン,Kuma-gun,多良木町,タラギマチ,Taragi-machi,,,,大字槻木,オオアザツキギ,Tsukigi,,,,字井戸,アザイド,,,0,0,0,0,0,0,1,1,1947-04-17,,0,,,,,,,,,,,,,,,,
435058,0005128,3,熊本県,クマモトケン,Kumamoto,球磨郡,クマグン,Kuma-gun,多良木町,タラギマチ,Taragi-machi,,,,大字槻木,オオアザツキギ,Tsukigi,,,,字引手平,アザヒキテビラ,,,0,0,0,0,0,0,1,1,1947-04-17,,0,,,,,,,,,,,,,,,,
435058,0005129,3,熊本県,クマモトケン,Kumamoto,球磨郡,クマグン,Kuma-gun,多良木町,タラギマチ,Taragi-machi,,,,大字槻木,オオアザツキギ,Tsukigi,,,,字永原,アザナガハル,,,0,0,0,0,0,0,1,1,1947-04-17,,0,,,,,,,,,,,,,,,,
435058,0005130,3,熊本県,クマモトケン,Kumamoto,球磨郡,クマグン,Kuma-gun,多良木町,タラギマチ,Taragi-machi,,,,大字槻木,オオアザツキギ,Tsukigi,,,,字永原谷,アザナガハルダニ,,,0,0,0,0,0,0,1,1,1947-04-17,,0,,,,,,,,,,,,,,,,
435058,0005131,3,熊本県,クマモトケン,Kumamoto,球磨郡,クマグン,Kuma-gun,多良木町,タラギマチ,Taragi-machi,,,,大字槻木,オオアザツキギ,Tsukigi,,,,字永谷,アザナガタニ,,,0,0,0,0,0,0,1,1,1947-04-17,,0,,,,,,,,,,,,,,,,
435058,0005132,3,熊本県,クマモトケン,Kumamoto,球磨郡,クマグン,Kuma-gun,多良木町,タラギマチ,Taragi-machi,,,,大字槻木,オオアザツキギ,Tsukigi,,,,字越ノ間渕,アザコシノマブチ,,,0,0,0,0,0,0,1,1,1947-04-17,,0,,,,,,,,,,,,,,,,
435058,0005133,3,熊本県,クマモトケン,Kumamoto,球磨郡,クマグン,Kuma-gun,多良木町,タラギマチ,Taragi-machi,,,,大字槻木,オオアザツキギ,Tsukigi,,,,字越ノ平,アザコシノヒラ,,,0,0,0,0,0,0,1,1,1947-04-17,,0,,,,,,,,,,,,,,,,
435058,0005134,3,熊本県,クマモトケン,Kumamoto,球磨郡,クマグン,Kuma-gun,多良木町,タラギマチ,Taragi-machi,,,,大字槻木,オオアザツキギ,Tsukigi,,,,字横尾,アザヨコオ,,,0,0,0,0,0,0,1,1,1947-04-17,,0,,,,,,,,,,,,,,,,
435058,0005135,3,熊本県,クマモトケン,Kumamoto,球磨郡,クマグン,Kuma-gun,多良木町,タラギマチ,Taragi-machi,,,,大字槻木,オオアザツキギ,Tsukigi,,,,字横尾立,アザヨコオダテ,,,0,0,0,0,0,0,1,1,1947-04-17,,0,,,,,,,,,,,,,,,,
435058,0005136,3,熊本県,クマモトケン,Kumamoto,球磨郡,クマグン,Kuma-gun,多良木町,タラギマチ,Taragi-machi,,,,大字槻木,オオアザツキギ,Tsukigi,,,,字下桑鶴,アザシモクワツル,,,0,0,0,0,0,0,1,1,1947-04-17,,0,,,,,,,,,,,,,,,,
435058,0005137,3,熊本県,クマモトケン,Kumamoto,球磨郡,クマグン,Kuma-gun,多良木町,タラギマチ,Taragi-machi,,,,大字槻木,オオアザツキギ,Tsukigi,,,,字下大倉,アザシモオオクラ,,,0,0,0,0,0,0,1,1,1947-04-17,,0,,,,,,,,,,,,,,,,
435058,0005138,3,熊本県,クマモトケン,Kumamoto,球磨郡,クマグン,Kuma-gun,多良木町,タラギマチ,Taragi-machi,,,,大字槻木,オオアザツキギ,Tsukigi,,,,字下槻木,アザシモツキギ,,,0,0,0,0,0,0,1,1,1947-04-17,,0,,,,,,,,,,,,,,,,
435058,0005139,3,熊本県,クマモトケン,Kumamoto,球磨郡,クマグン,Kuma-gun,多良木町,タラギマチ,Taragi-machi,,,,大字槻木,オオアザツキギ,Tsukigi,,,,字花立,アザハナタテ,,,0,0,0,0,0,0,1,1,1947-04-17,,0,,,,,,,,,,,,,,,,
435058,0005140,3,熊本県,クマモトケン,Kumamoto,球磨郡,クマグン,Kuma-gun,多良木町,タラギマチ,Taragi-machi,,,,大字槻木,オオアザツキギ,Tsukigi,,,,字改掛,アザカイカケ,,,0,0,0,0,0,0,1,1,1947-04-17,,0,,,,,,,,,,,,,,,,
435058,0005141,3,熊本県,クマモトケン,Kumamoto,球磨郡,クマグン,Kuma-gun,多良木町,タラギマチ,Taragi-machi,,,,大字槻木,オオアザツキギ,Tsukigi,,,,字鎌滝,アザカマタキ,,,0,0,0,0,0,0,1,1,1947-04-17,,0,,,,,,,,,,,,,,,,
435058,0005142,3,熊本県,クマモトケン,Kumamoto,球磨郡,クマグン,Kuma-gun,多良木町,タラギマチ,Taragi-machi,,,,大字槻木,オオアザツキギ,Tsukigi,,,,字丸屋野,アザマルヤノ,,,0,0,0,0,0,0,1,1,1947-04-17,,0,,,,,,,,,,,,,,,,
435058,0005143,3,熊本県,クマモトケン,Kumamoto,球磨郡,クマグン,Kuma-gun,多良木町,タラギマチ,Taragi-machi,,,,大字槻木,オオアザツキギ,Tsukigi,,,,字丸野,アザマルノ,,,0,0,0,0,0,0,1,1,1947-04-17,,0,,,,,,,,,,,,,,,,
435058,0005144,3,熊本県,クマモトケン,Kumamoto,球磨郡,クマグン,Kuma-gun,多良木町,タラギマチ,Taragi-machi,,,,大字槻木,オオアザツキギ,Tsukigi,,,,字岩下,アザイワシタ,,,0,0,0,0,0,0,1,1,1947-04-17,,0,,,,,,,,,,,,,,,,
435058,0005145,3,熊本県,クマモトケン,Kumamoto,球磨郡,クマグン,Kuma-gun,多良木町,タラギマチ,Taragi-machi,,,,大字槻木,オオアザツキギ,Tsukigi,,,,字岩下西ノ平,アザイワシタニシノヒラ,,,0,0,0,0,0,0,1,1,1947-04-17,,0,,,,,,,,,,,,,,,,
435058,0005146,3,熊本県,クマモトケン,Kumamoto,球磨郡,クマグン,Kuma-gun,多良木町,タラギマチ,Taragi-machi,,,,大字槻木,オオアザツキギ,Tsukigi,,,,字寄小谷,アザヨリコダニ,,,0,0,0,0,0,0,1,1,1947-04-17,,0,,,,,,,,,,,,,,,,
435058,0005147,3,熊本県,クマモトケン,Kumamoto,球磨郡,クマグン,Kuma-gun,多良木町,タラギマチ,Taragi-machi,,,,大字槻木,オオアザツキギ,Tsukigi,,,,字宮向,アザミヤムカイ,,,0,0,0,0,0,0,1,1,1947-04-17,,0,,,,,,,,,,,,,,,,
435058,0005148,3,熊本県,クマモトケン,Kumamoto,球磨郡,クマグン,Kuma-gun,多良木町,タラギマチ,Taragi-machi,,,,大字槻木,オオアザツキギ,Tsukigi,,,,字京塚,アザキヨウヅカ,,,0,0,0,0,0,0,1,1,1947-04-17,,0,,,,,,,,,,,,,,,,
435058,0005149,3,熊本県,クマモトケン,Kumamoto,球磨郡,クマグン,Kuma-gun,多良木町,タラギマチ,Taragi-machi,,,,大字槻木,オオアザツキギ,Tsukigi,,,,字栗林,アザクリバヤシ,,,0,0,0,0,0,0,1,1,1947-04-17,,0,,,,,,,,,,,,,,,,
435058,0005150,3,熊本県,クマモトケン,Kumamoto,球磨郡,クマグン,Kuma-gun,多良木町,タラギマチ,Taragi-machi,,,,大字槻木,オオアザツキギ,Tsukigi,,,,字桑鶴,アザクワツル,,,0,0,0,0,0,0,1,1,1947-04-17,,0,,,,,,,,,,,,,,,,
435058,0005151,3,熊本県,クマモトケン,Kumamoto,球磨郡,クマグン,Kuma-gun,多良木町,タラギマチ,Taragi-machi,,,,大字槻木,オオアザツキギ,Tsukigi,,,,字源蔵屋敷,アザゲンゾウヤシキ,,,0,0,0,0,0,0,1,1,1947-04-17,,0,,,,,,,,,,,,,,,,
435058,0005152,3,熊本県,クマモトケン,Kumamoto,球磨郡,クマグン,Kuma-gun,多良木町,タラギマチ,Taragi-machi,,,,大字槻木,オオアザツキギ,Tsukigi,,,,字古屋敷,アザフルヤシキ,,,0,0,0,0,0,0,1,1,1947-04-17,,0,,,,,,,,,,,,,,,,
435058,0005153,3,熊本県,クマモトケン,Kumamoto,球磨郡,クマグン,Kuma-gun,多良木町,タラギマチ,Taragi-machi,,,,大字槻木,オオアザツキギ,Tsukigi,,,,字孝崎川,アザコウサキゴウ,,,0,0,0,0,0,0,1,1,1947-04-17,,0,,,,,,,,,,,,,,,,
435058,0005154,3,熊本県,クマモトケン,Kumamoto,球磨郡,クマグン,Kuma-gun,多良木町,タラギマチ,Taragi-machi,,,,大字槻木,オオアザツキギ,Tsukigi,,,,字荒水谷,アザアラミズダニ,,,0,0,0,0,0,0,1,1,1947-04-17,,0,,,,,,,,,,,,,,,,
435058,0005155,3,熊本県,クマモトケン,Kumamoto,球磨郡,クマグン,Kuma-gun,多良木町,タラギマチ,Taragi-machi,,,,大字槻木,オオアザツキギ,Tsukigi,,,,字高瀧,アザタカタキ,,,0,0,0,0,0,0,1,1,1947-04-17,,0,,,,,,,,,,,,,,,,
435058,0005156,3,熊本県,クマモトケン,Kumamoto,球磨郡,クマグン,Kuma-gun,多良木町,タラギマチ,Taragi-machi,,,,大字槻木,オオアザツキギ,Tsukigi,,,,字高竹,アザタカタケ,,,0,0,0,0,0,0,1,1,1947-04-17,,0,,,,,,,,,,,,,,,,
435058,0005157,3,熊本県,クマモトケン,Kumamoto,球磨郡,クマグン,Kuma-gun,多良木町,タラギマチ,Taragi-machi,,,,大字槻木,オオアザツキギ,Tsukigi,,,,字黒サエ,アザクロサエ,,,0,0,0,0,0,0,1,1,1947-04-17,,0,,,,,,,,,,,,,,,,
435058,0005158,3,熊本県,クマモトケン,Kumamoto,球磨郡,クマグン,Kuma-gun,多良木町,タラギマチ,Taragi-machi,,,,大字槻木,オオアザツキギ,Tsukigi,,,,字黒岩,アザクロイワ,,,0,0,0,0,0,0,1,1,1947-04-17,,0,,,,,,,,,,,,,,,,
435058,0005159,3,熊本県,クマモトケン,Kumamoto,球磨郡,クマグン,Kuma-gun,多良木町,タラギマチ,Taragi-machi,,,,大字槻木,オオアザツキギ,Tsukigi,,,,字札ノトウ,アザフダノトウ,,,0,0,0,0,0,0,1,1,1947-04-17,,0,,,,,,,,,,,,,,,,
435058,0005160,3,熊本県,クマモトケン,Kumamoto,球磨郡,クマグン,Kuma-gun,多良木町,タラギマチ,Taragi-machi,,,,大字槻木,オオアザツキギ,Tsukigi,,,,字山柿谷,アザヤマガキダニ,,,0,0,0,0,0,0,1,1,1947-04-17,,0,,,,,,,,,,,,,,,,
435058,0005161,3,熊本県,クマモトケン,Kumamoto,球磨郡,クマグン,Kuma-gun,多良木町,タラギマチ,Taragi-machi,,,,大字槻木,オオアザツキギ,Tsukigi,,,,字市ノ俣,アザイチノマタ,,,0,0,0,0,0,0,1,1,1947-04-17,,0,,,,,,,,,,,,,,,,
435058,0005162,3,熊本県,クマモトケン,Kumamoto,球磨郡,クマグン,Kuma-gun,多良木町,タラギマチ,Taragi-machi,,,,大字槻木,オオアザツキギ,Tsukigi,,,,字七九野,アザシチクノ,,,0,0,0,0,0,0,1,1,1947-04-17,,0,,,,,,,,,,,,,,,,
435058,0005163,3,熊本県,クマモトケン,Kumamoto,球磨郡,クマグン,Kuma-gun,多良木町,タラギマチ,Taragi-machi,,,,大字槻木,オオアザツキギ,Tsukigi,,,,字狩惣,アザカリソウ,,,0,0,0,0,0,0,1,1,1947-04-17,,0,,,,,,,,,,,,,,,,
435058,0005164,3,熊本県,クマモトケン,Kumamoto,球磨郡,クマグン,Kuma-gun,多良木町,タラギマチ,Taragi-machi,,,,大字槻木,オオアザツキギ,Tsukigi,,,,字出水,アザデミズ,,,0,0,0,0,0,0,1,1,1947-04-17,,0,,,,,,,,,,,,,,,,
435058,0005165,3,熊本県,クマモトケン,Kumamoto,球磨郡,クマグン,Kuma-gun,多良木町,タラギマチ,Taragi-machi,,,,大字槻木,オオアザツキギ,Tsukigi,,,,字小川内,アザオゴウチ,,,0,0,0,0,0,0,1,1,1947-04-17,,0,,,,,,,,,,,,,,,,
435058,0005166,3,熊本県,クマモトケン,Kumamoto,球磨郡,クマグン,Kuma-gun,多良木町,タラギマチ,Taragi-machi,,,,大字槻木,オオアザツキギ,Tsukigi,,,,字小平,アザコヒラ,,,0,0,0,0,0,0,1,1,1947-04-17,,0,,,,,,,,,,,,,,,,
435058,0005167,3,熊本県,クマモトケン,Kumamoto,球磨郡,クマグン,Kuma-gun,多良木町,タラギマチ,Taragi-machi,,,,大字槻木,オオアザツキギ,Tsukigi,,,,字小平野,アザコヒラノ,,,0,0,0,0,0,0,1,1,1947-04-17,,0,,,,,,,,,,,,,,,,
435058,0005168,3,熊本県,クマモトケン,Kumamoto,球磨郡,クマグン,Kuma-gun,多良木町,タラギマチ,Taragi-machi,,,,大字槻木,オオアザツキギ,Tsukigi,,,,字小林,アザコバヤシ,,,0,0,0,0,0,0,1,1,1947-04-17,,0,,,,,,,,,,,,,,,,
435058,0005169,3,熊本県,クマモトケン,Kumamoto,球磨郡,クマグン,Kuma-gun,多良木町,タラギマチ,Taragi-machi,,,,大字槻木,オオアザツキギ,Tsukigi,,,,字松林,アザマツバヤシ,,,0,0,0,0,0,0,1,1,1947-04-17,,0,,,,,,,,,,,,,,,,
435058,0005170,3,熊本県,クマモトケン,Kumamoto,球磨郡,クマグン,Kuma-gun,多良木町,タラギマチ,Taragi-machi,,,,大字槻木,オオアザツキギ,Tsukigi,,,,字上ケ滝,アザアゲタキ,,,0,0,0,0,0,0,1,1,1947-04-17,,0,,,,,,,,,,,,,,,,
435058,0005171,3,熊本県,クマモトケン,Kumamoto,球磨郡,クマグン,Kuma-gun,多良木町,タラギマチ,Taragi-machi,,,,大字槻木,オオアザツキギ,Tsukigi,,,,字上桑鶴,アザカミクワツル,,,0,0,0,0,0,0,1,1,1947-04-17,,0,,,,,,,,,,,,,,,,
435058,0005172,3,熊本県,クマモトケン,Kumamoto,球磨郡,クマグン,Kuma-gun,多良木町,タラギマチ,Taragi-machi,,,,大字槻木,オオアザツキギ,Tsukigi,,,,字杉ノ尾,アザスギノオ,,,0,0,0,0,0,0,1,1,1947-04-17,,0,,,,,,,,,,,,,,,,
435058,0005173,3,熊本県,クマモトケン,Kumamoto,球磨郡,クマグン,Kuma-gun,多良木町,タラギマチ,Taragi-machi,,,,大字槻木,オオアザツキギ,Tsukigi,,,,字杉谷,アザスギタニ,,,0,0,0,0,0,0,1,1,1947-04-17,,0,,,,,,,,,,,,,,,,
435058,0005174,3,熊本県,クマモトケン,Kumamoto,球磨郡,クマグン,Kuma-gun,多良木町,タラギマチ,Taragi-machi,,,,大字槻木,オオアザツキギ,Tsukigi,,,,字石仁田,アザイシニタ,,,0,0,0,0,0,0,1,1,1947-04-17,,0,,,,,,,,,,,,,,,,
435058,0005175,3,熊本県,クマモトケン,Kumamoto,球磨郡,クマグン,Kuma-gun,多良木町,タラギマチ,Taragi-machi,,,,大字槻木,オオアザツキギ,Tsukigi,,,,字石野,アザイシノ,,,0,0,0,0,0,0,1,1,1947-04-17,,0,,,,,,,,,,,,,,,,
435058,0005176,3,熊本県,クマモトケン,Kumamoto,球磨郡,クマグン,Kuma-gun,多良木町,タラギマチ,Taragi-machi,,,,大字槻木,オオアザツキギ,Tsukigi,,,,字赤松,アザアカマツ,,,0,0,0,0,0,0,1,1,1947-04-17,,0,,,,,,,,,,,,,,,,
435058,0005177,3,熊本県,クマモトケン,Kumamoto,球磨郡,クマグン,Kuma-gun,多良木町,タラギマチ,Taragi-machi,,,,大字槻木,オオアザツキギ,Tsukigi,,,,字赤水,アザアカミズ,,,0,0,0,0,0,0,1,1,1947-04-17,,0,,,,,,,,,,,,,,,,
435058,0005178,3,熊本県,クマモトケン,Kumamoto,球磨郡,クマグン,Kuma-gun,多良木町,タラギマチ,Taragi-machi,,,,大字槻木,オオアザツキギ,Tsukigi,,,,字蔵ノ萩,アザクラノハギ,,,0,0,0,0,0,0,1,1,1947-04-17,,0,,,,,,,,,,,,,,,,
435058,0005179,3,熊本県,クマモトケン,Kumamoto,球磨郡,クマグン,Kuma-gun,多良木町,タラギマチ,Taragi-machi,,,,大字槻木,オオアザツキギ,Tsukigi,,,,字大久保,アザオオクボ,,,0,0,0,0,0,0,1,1,1947-04-17,,0,,,,,,,,,,,,,,,,
435058,0005180,3,熊本県,クマモトケン,Kumamoto,球磨郡,クマグン,Kuma-gun,多良木町,タラギマチ,Taragi-machi,,,,大字槻木,オオアザツキギ,Tsukigi,,,,字大久保谷,アザオオクボダニ,,,0,0,0,0,0,0,1,1,1947-04-17,,0,,,,,,,,,,,,,,,,
435058,0005181,3,熊本県,クマモトケン,Kumamoto,球磨郡,クマグン,Kuma-gun,多良木町,タラギマチ,Taragi-machi,,,,大字槻木,オオアザツキギ,Tsukigi,,,,字大倉,アザオオクラ,,,0,0,0,0,0,0,1,1,1947-04-17,,0,,,,,,,,,,,,,,,,
435058,0005182,3,熊本県,クマモトケン,Kumamoto,球磨郡,クマグン,Kuma-gun,多良木町,タラギマチ,Taragi-machi,,,,大字槻木,オオアザツキギ,Tsukigi,,,,字竹本,アザタケモト,,,0,0,0,0,0,0,1,1,1947-04-17,,0,,,,,,,,,,,,,,,,
435058,0005183,3,熊本県,クマモトケン,Kumamoto,球磨郡,クマグン,Kuma-gun,多良木町,タラギマチ,Taragi-machi,,,,大字槻木,オオアザツキギ,Tsukigi,,,,字中ノ俣,アザナカノマタ,,,0,0,0,0,0,0,1,1,1947-04-17,,0,,,,,,,,,,,,,,,,
435058,0005184,3,熊本県,クマモトケン,Kumamoto,球磨郡,クマグン,Kuma-gun,多良木町,タラギマチ,Taragi-machi,,,,大字槻木,オオアザツキギ,Tsukigi,,,,字中入谷,アザナカイリダニ,,,0,0,0,0,0,0,1,1,1947-04-17,,0,,,,,,,,,,,,,,,,
435058,0005185,3,熊本県,クマモトケン,Kumamoto,球磨郡,クマグン,Kuma-gun,多良木町,タラギマチ,Taragi-machi,,,,大字槻木,オオアザツキギ,Tsukigi,,,,字中尾ノハキ,アザナカオノハキ,,,0,0,0,0,0,0,1,1,1947-04-17,,0,,,,,,,,,,,,,,,,
435058,0005186,3,熊本県,クマモトケン,Kumamoto,球磨郡,クマグン,Kuma-gun,多良木町,タラギマチ,Taragi-machi,,,,大字槻木,オオアザツキギ,Tsukigi,,,,字中尾野,アザナカオノ,,,0,0,0,0,0,0,1,1,1947-04-17,,0,,,,,,,,,,,,,,,,
435058,0005187,3,熊本県,クマモトケン,Kumamoto,球磨郡,クマグン,Kuma-gun,多良木町,タラギマチ,Taragi-machi,,,,大字槻木,オオアザツキギ,Tsukigi,,,,字猪ノ岳,アザイノタケ,,,0,0,0,0,0,0,1,1,1947-04-17,,0,,,,,,,,,,,,,,,,
435058,0005188,3,熊本県,クマモトケン,Kumamoto,球磨郡,クマグン,Kuma-gun,多良木町,タラギマチ,Taragi-machi,,,,大字槻木,オオアザツキギ,Tsukigi,,,,字猪ノ子谷,アザイノコダニ,,,0,0,0,0,0,0,1,1,1947-04-17,,0,,,,,,,,,,,,,,,,
435058,0005189,3,熊本県,クマモトケン,Kumamoto,球磨郡,クマグン,Kuma-gun,多良木町,タラギマチ,Taragi-machi,,,,大字槻木,オオアザツキギ,Tsukigi,,,,字塚山,アザツカヤマ,,,0,0,0,0,0,0,1,1,1947-04-17,,0,,,,,,,,,,,,,,,,
435058,0005190,3,熊本県,クマモトケン,Kumamoto,球磨郡,クマグン,Kuma-gun,多良木町,タラギマチ,Taragi-machi,,,,大字槻木,オオアザツキギ,Tsukigi,,,,字栂尾,アザトガオ,,,0,0,0,0,0,0,1,1,1947-04-17,,0,,,,,,,,,,,,,,,,
435058,0005191,3,熊本県,クマモトケン,Kumamoto,球磨郡,クマグン,Kuma-gun,多良木町,タラギマチ,Taragi-machi,,,,大字槻木,オオアザツキギ,Tsukigi,,,,字鶴ノサエ,アザツルノサエ,,,0,0,0,0,0,0,1,1,1947-04-17,,0,,,,,,,,,,,,,,,,
435058,0005192,3,熊本県,クマモトケン,Kumamoto,球磨郡,クマグン,Kuma-gun,多良木町,タラギマチ,Taragi-machi,,,,大字槻木,オオアザツキギ,Tsukigi,,,,字田ノ本,アザタノモト,,,0,0,0,0,0,0,1,1,1947-04-17,,0,,,,,,,,,,,,,,,,
435058,0005193,3,熊本県,クマモトケン,Kumamoto,球磨郡,クマグン,Kuma-gun,多良木町,タラギマチ,Taragi-machi,,,,大字槻木,オオアザツキギ,Tsukigi,,,,字田原,アザタハラ,,,0,0,0,0,0,0,1,1,1947-04-17,,0,,,,,,,,,,,,,,,,
435058,0005194,3,熊本県,クマモトケン,Kumamoto,球磨郡,クマグン,Kuma-gun,多良木町,タラギマチ,Taragi-machi,,,,大字槻木,オオアザツキギ,Tsukigi,,,,字登リ尾,アザノボリオ,,,0,0,0,0,0,0,1,1,1947-04-17,,0,,,,,,,,,,,,,,,,
435058,0005195,3,熊本県,クマモトケン,Kumamoto,球磨郡,クマグン,Kuma-gun,多良木町,タラギマチ,Taragi-machi,,,,大字槻木,オオアザツキギ,Tsukigi,,,,字土手畑,アザドテハタ,,,0,0,0,0,0,0,1,1,1947-04-17,,0,,,,,,,,,,,,,,,,
435058,0005196,3,熊本県,クマモトケン,Kumamoto,球磨郡,クマグン,Kuma-gun,多良木町,タラギマチ,Taragi-machi,,,,大字槻木,オオアザツキギ,Tsukigi,,,,字湯原,アザユノハル,,,0,0,0,0,0,0,1,1,1947-04-17,,0,,,,,,,,,,,,,,,,
435058,0005197,3,熊本県,クマモトケン,Kumamoto,球磨郡,クマグン,Kuma-gun,多良木町,タラギマチ,Taragi-machi,,,,大字槻木,オオアザツキギ,Tsukigi,,,,字湯場野,アザイバンノ,,,0,0,0,0,0,0,1,1,1947-04-17,,0,,,,,,,,,,,,,,,,
435058,0005198,3,熊本県,クマモトケン,Kumamoto,球磨郡,クマグン,Kuma-gun,多良木町,タラギマチ,Taragi-machi,,,,大字槻木,オオアザツキギ,Tsukigi,,,,字藤田,アザトウダ,,,0,0,0,0,0,0,1,1,1947-04-17,,0,,,,,,,,,,,,,,,,
435058,0005199,3,熊本県,クマモトケン,Kumamoto,球磨郡,クマグン,Kuma-gun,多良木町,タラギマチ,Taragi-machi,,,,大字槻木,オオアザツキギ,Tsukigi,,,,字内ノ畑,アザウチノコバ,,,0,0,0,0,0,0,1,1,1947-04-17,,0,,,,,,,,,,,,,,,,
435058,0005200,3,熊本県,クマモトケン,Kumamoto,球磨郡,クマグン,Kuma-gun,多良木町,タラギマチ,Taragi-machi,,,,大字槻木,オオアザツキギ,Tsukigi,,,,字芭蕉本,アザバシヨウノモト,,,0,0,0,0,0,0,1,1,1947-04-17,,0,,,,,,,,,,,,,,,,
435058,0005201,3,熊本県,クマモトケン,Kumamoto,球磨郡,クマグン,Kuma-gun,多良木町,タラギマチ,Taragi-machi,,,,大字槻木,オオアザツキギ,Tsukigi,,,,字畑,アザコバ,,,0,0,0,0,0,0,1,1,1947-04-17,,0,,,,,,,,,,,,,,,,
435058,0005202,3,熊本県,クマモトケン,Kumamoto,球磨郡,クマグン,Kuma-gun,多良木町,タラギマチ,Taragi-machi,,,,大字槻木,オオアザツキギ,Tsukigi,,,,字不ケ原,アザフカハラ,,,0,0,0,0,0,0,1,1,1947-04-17,,0,,,,,,,,,,,,,,,,
435058,0005203,3,熊本県,クマモトケン,Kumamoto,球磨郡,クマグン,Kuma-gun,多良木町,タラギマチ,Taragi-machi,,,,大字槻木,オオアザツキギ,Tsukigi,,,,字不戸薮,アザフドノヤブ,,,0,0,0,0,0,0,1,1,1947-04-17,,0,,,,,,,,,,,,,,,,
435058,0005204,3,熊本県,クマモトケン,Kumamoto,球磨郡,クマグン,Kuma-gun,多良木町,タラギマチ,Taragi-machi,,,,大字槻木,オオアザツキギ,Tsukigi,,,,字平谷,アザヒラタニ,,,0,0,0,0,0,0,1,1,1947-04-17,,0,,,,,,,,,,,,,,,,
435058,0005205,3,熊本県,クマモトケン,Kumamoto,球磨郡,クマグン,Kuma-gun,多良木町,タラギマチ,Taragi-machi,,,,大字槻木,オオアザツキギ,Tsukigi,,,,字本園,アザモトゾノ,,,0,0,0,0,0,0,1,1,1947-04-17,,0,,,,,,,,,,,,,,,,
435058,0005206,3,熊本県,クマモトケン,Kumamoto,球磨郡,クマグン,Kuma-gun,多良木町,タラギマチ,Taragi-machi,,,,大字槻木,オオアザツキギ,Tsukigi,,,,字無田ケ野,アザムタガノ,,,0,0,0,0,0,0,1,1,1947-04-17,,0,,,,,,,,,,,,,,,,
435058,0005207,3,熊本県,クマモトケン,Kumamoto,球磨郡,クマグン,Kuma-gun,多良木町,タラギマチ,Taragi-machi,,,,大字槻木,オオアザツキギ,Tsukigi,,,,字無田坪野,アザムタツボノ,,,0,0,0,0,0,0,1,1,1947-04-17,,0,,,,,,,,,,,,,,,,
435058,0005208,3,熊本県,クマモトケン,Kumamoto,球磨郡,クマグン,Kuma-gun,多良木町,タラギマチ,Taragi-machi,,,,大字槻木,オオアザツキギ,Tsukigi,,,,字野平,アザノヒラ,,,0,0,0,0,0,0,1,1,1947-04-17,,0,,,,,,,,,,,,,,,,
435058,0005209,3,熊本県,クマモトケン,Kumamoto,球磨郡,クマグン,Kuma-gun,多良木町,タラギマチ,Taragi-machi,,,,大字槻木,オオアザツキギ,Tsukigi,,,,字弥左エ門杉,アザヤザエモンスギ,,,0,0,0,0,0,0,1,1,1947-04-17,,0,,,,,,,,,,,,,,,,
435058,0005210,3,熊本県,クマモトケン,Kumamoto,球磨郡,クマグン,Kuma-gun,多良木町,タラギマチ,Taragi-machi,,,,大字槻木,オオアザツキギ,Tsukigi,,,,字龍バノ越,アザリユウバノゴエ,,,0,0,0,0,0,0,1,1,1947-04-17,,0,,,,,,,,,,,,,,,,
435058,0005211,3,熊本県,クマモトケン,Kumamoto,球磨郡,クマグン,Kuma-gun,多良木町,タラギマチ,Taragi-machi,,,,大字槻木,オオアザツキギ,Tsukigi,,,,字冷水,アザヒヤミズ,,,0,0,0,0,0,0,1,1,1947-04-17,,0,,,,,,,,,,,,,,,,
435066,0000102,3,熊本県,クマモトケン,Kumamoto,球磨郡,クマグン,Kuma-gun,湯前町,ユノマエマチ,Yunomae-machi,,,,,,,,,,字スノ木谷,アザスノキダニ,,,0,0,0,0,0,0,1,1,1947-04-17,,0,,,,,,,,,,,,,,,,
435066,0000103,3,熊本県,クマモトケン,Kumamoto,球磨郡,クマグン,Kuma-gun,湯前町,ユノマエマチ,Yunomae-machi,,,,,,,,,,字ユルメキ,アザユルメキ,,,0,0,0,0,0,0,1,1,1947-04-17,,0,,,,,,,,,,,,,,,,
435066,0000104,3,熊本県,クマモトケン,Kumamoto,球磨郡,クマグン,Kuma-gun,湯前町,ユノマエマチ,Yunomae-machi,,,,,,,,,,字井手山,アザイデノヤマ,,,0,0,0,0,0,0,1,1,1947-04-17,,0,,,,,,,,,,,,,,,,
435066,0000105,3,熊本県,クマモトケン,Kumamoto,球磨郡,クマグン,Kuma-gun,湯前町,ユノマエマチ,Yunomae-machi,,,,,,,,,,字榎町,アザエノキマチ,,,0,0,0,0,0,0,1,1,1947-04-17,,0,,,,,,,,,,,,,,,,
435066,0000106,3,熊本県,クマモトケン,Kumamoto,球磨郡,クマグン,Kuma-gun,湯前町,ユノマエマチ,Yunomae-machi,,,,,,,,,,字園田,アザソノダ,,,0,0,0,0,0,0,1,1,1947-04-17,,0,,,,,,,,,,,,,,,,
435066,0000107,3,熊本県,クマモトケン,Kumamoto,球磨郡,クマグン,Kuma-gun,湯前町,ユノマエマチ,Yunomae-machi,,,,,,,,,,字塩利,アザシオリ,,,0,0,0,0,0,0,1,1,1947-04-17,,0,,,,,,,,,,,,,,,,
435066,0000108,3,熊本県,クマモトケン,Kumamoto,球磨郡,クマグン,Kuma-gun,湯前町,ユノマエマチ,Yunomae-machi,,,,,,,,,,字下永野,アザシモナガノ,,,0,0,0,0,0,0,1,1,1947-04-17,,0,,,,,,,,,,,,,,,,
435066,0000109,3,熊本県,クマモトケン,Kumamoto,球磨郡,クマグン,Kuma-gun,湯前町,ユノマエマチ,Yunomae-machi,,,,,,,,,,字下横道,アザシモヨコミチ,,,0,0,0,0,0,0,1,1,1947-04-17,,0,,,,,,,,,,,,,,,,
435066,0000110,3,熊本県,クマモトケン,Kumamoto,球磨郡,クマグン,Kuma-gun,湯前町,ユノマエマチ,Yunomae-machi,,,,,,,,,,字下柿木,アザシモカキギ,,,0,0,0,0,0,0,1,1,1947-04-17,,0,,,,,,,,,,,,,,,,
435066,0000111,3,熊本県,クマモトケン,Kumamoto,球磨郡,クマグン,Kuma-gun,湯前町,ユノマエマチ,Yunomae-machi,,,,,,,,,,字下京手,アザシモキヨウテ,,,0,0,0,0,0,0,1,1,1947-04-17,,0,,,,,,,,,,,,,,,,
435066,0000112,3,熊本県,クマモトケン,Kumamoto,球磨郡,クマグン,Kuma-gun,湯前町,ユノマエマチ,Yunomae-machi,,,,,,,,,,字下沓川,アザシモクツゴウ,,,0,0,0,0,0,0,1,1,1947-04-17,,0,,,,,,,,,,,,,,,,
435066,0000113,3,熊本県,クマモトケン,Kumamoto,球磨郡,クマグン,Kuma-gun,湯前町,ユノマエマチ,Yunomae-machi,,,,,,,,,,字下元町,アザシモモトマチ,,,0,0,0,0,0,0,1,1,1947-04-17,,0,,,,,,,,,,,,,,,,
435066,0000115,3,熊本県,クマモトケン,Kumamoto,球磨郡,クマグン,Kuma-gun,湯前町,ユノマエマチ,Yunomae-machi,,,,,,,,,,字下高見,アザシモタカミ,,,0,0,0,0,0,0,1,1,1947-04-17,,0,,,,,,,,,,,,,,,,
435066,0000116,3,熊本県,クマモトケン,Kumamoto,球磨郡,クマグン,Kuma-gun,湯前町,ユノマエマチ,Yunomae-machi,,,,,,,,,,字下山ノ口,アザシモヤマノクチ,,,0,0,0,0,0,0,1,1,1947-04-17,,0,,,,,,,,,,,,,,,,
435066,0000117,3,熊本県,クマモトケン,Kumamoto,球磨郡,クマグン,Kuma-gun,湯前町,ユノマエマチ,Yunomae-machi,,,,,,,,,,字下車,アザシモグルマ,,,0,0,0,0,0,0,1,1,1947-04-17,,0,,,,,,,,,,,,,,,,
435066,0000118,3,熊本県,クマモトケン,Kumamoto,球磨郡,クマグン,Kuma-gun,湯前町,ユノマエマチ,Yunomae-machi,,,,,,,,,,字下小柿,アザシモコガキ,,,0,0,0,0,0,0,1,1,1947-04-17,,0,,,,,,,,,,,,,,,,
435066,0000119,3,熊本県,クマモトケン,Kumamoto,球磨郡,クマグン,Kuma-gun,湯前町,ユノマエマチ,Yunomae-machi,,,,,,,,,,字下小原,アザシモコバル,,,0,0,0,0,0,0,1,1,1947-04-17,,0,,,,,,,,,,,,,,,,
435066,0000120,3,熊本県,クマモトケン,Kumamoto,球磨郡,クマグン,Kuma-gun,湯前町,ユノマエマチ,Yunomae-machi,,,,,,,,,,字下小迫,アザシモコサコ,,,0,0,0,0,0,0,1,1,1947-04-17,,0,,,,,,,,,,,,,,,,
435066,0000121,3,熊本県,クマモトケン,Kumamoto,球磨郡,クマグン,Kuma-gun,湯前町,ユノマエマチ,Yunomae-machi,,,,,,,,,,字下松下,アザシモマツシタ,,,0,0,0,0,0,0,1,1,1947-04-17,,0,,,,,,,,,,,,,,,,
435066,0000122,3,熊本県,クマモトケン,Kumamoto,球磨郡,クマグン,Kuma-gun,湯前町,ユノマエマチ,Yunomae-machi,,,,,,,,,,字下植木,アザシモウエキ,,,0,0,0,0,0,0,1,1,1947-04-17,,0,,,,,,,,,,,,,,,,
435066,0000123,3,熊本県,クマモトケン,Kumamoto,球磨郡,クマグン,Kuma-gun,湯前町,ユノマエマチ,Yunomae-machi,,,,,,,,,,字下新地,アザシモシンチ,,,0,0,0,0,0,0,1,1,1947-04-17,,0,,,,,,,,,,,,,,,,
435066,0000124,3,熊本県,クマモトケン,Kumamoto,球磨郡,クマグン,Kuma-gun,湯前町,ユノマエマチ,Yunomae-machi,,,,,,,,,,字下森重,アザシモモリシゲ,,,0,0,0,0,0,0,1,1,1947-04-17,,0,,,,,,,,,,,,,,,,
435066,0000125,3,熊本県,クマモトケン,Kumamoto,球磨郡,クマグン,Kuma-gun,湯前町,ユノマエマチ,Yunomae-machi,,,,,,,,,,字下仁原,アザシモニハラ,,,0,0,0,0,0,0,1,1,1947-04-17,,0,,,,,,,,,,,,,,,,
435066,0000126,3,熊本県,クマモトケン,Kumamoto,球磨郡,クマグン,Kuma-gun,湯前町,ユノマエマチ,Yunomae-machi,,,,,,,,,,字下仁良田,アザシモニラダ,,,0,0,0,0,0,0,1,1,1947-04-17,,0,,,,,,,,,,,,,,,,
435066,0000127,3,熊本県,クマモトケン,Kumamoto,球磨郡,クマグン,Kuma-gun,湯前町,ユノマエマチ,Yunomae-machi,,,,,,,,,,字下川久保,アザシモカワクボ,,,0,0,0,0,0,0,1,1,1947-04-17,,0,,,,,,,,,,,,,,,,
435066,0000128,3,熊本県,クマモトケン,Kumamoto,球磨郡,クマグン,Kuma-gun,湯前町,ユノマエマチ,Yunomae-machi,,,,,,,,,,字下洗ノ口,アザシモアライノクチ,,,0,0,0,0,0,0,1,1,1947-04-17,,0,,,,,,,,,,,,,,,,
435066,0000129,3,熊本県,クマモトケン,Kumamoto,球磨郡,クマグン,Kuma-gun,湯前町,ユノマエマチ,Yunomae-machi,,,,,,,,,,字下大瀬,アザシモオオセ,,,0,0,0,0,0,0,1,1,1947-04-17,,0,,,,,,,,,,,,,,,,
435066,0000130,3,熊本県,クマモトケン,Kumamoto,球磨郡,クマグン,Kuma-gun,湯前町,ユノマエマチ,Yunomae-machi,,,,,,,,,,字下町杭,アザシモマチグイ,,,0,0,0,0,0,0,1,1,1947-04-17,,0,,,,,,,,,,,,,,,,
435066,0000131,3,熊本県,クマモトケン,Kumamoto,球磨郡,クマグン,Kuma-gun,湯前町,ユノマエマチ,Yunomae-machi,,,,,,,,,,字下長岡,アザシモナガオカ,,,0,0,0,0,0,0,1,1,1947-04-17,,0,,,,,,,,,,,,,,,,
435066,0000132,3,熊本県,クマモトケン,Kumamoto,球磨郡,クマグン,Kuma-gun,湯前町,ユノマエマチ,Yunomae-machi,,,,,,,,,,字下長尾,アザシモナガオ,,,0,0,0,0,0,0,1,1,1947-04-17,,0,,,,,,,,,,,,,,,,
435066,0000133,3,熊本県,クマモトケン,Kumamoto,球磨郡,クマグン,Kuma-gun,湯前町,ユノマエマチ,Yunomae-machi,,,,,,,,,,字下鶴,アザシモヅル,,,0,0,0,0,0,0,1,1,1947-04-17,,0,,,,,,,,,,,,,,,,
435066,0000134,3,熊本県,クマモトケン,Kumamoto,球磨郡,クマグン,Kuma-gun,湯前町,ユノマエマチ,Yunomae-machi,,,,,,,,,,字下田,アザシモダ,,,0,0,0,0,0,0,1,1,1947-04-17,,0,,,,,,,,,,,,,,,,
435066,0000135,3,熊本県,クマモトケン,Kumamoto,球磨郡,クマグン,Kuma-gun,湯前町,ユノマエマチ,Yunomae-machi,,,,,,,,,,字下馬場,アザシモババ,,,0,0,0,0,0,0,1,1,1947-04-17,,0,,,,,,,,,,,,,,,,
435066,0000136,3,熊本県,クマモトケン,Kumamoto,球磨郡,クマグン,Kuma-gun,湯前町,ユノマエマチ,Yunomae-machi,,,,,,,,,,字下別府,アザシモベツプ,,,0,0,0,0,0,0,1,1,1947-04-17,,0,,,,,,,,,,,,,,,,
435066,0000137,3,熊本県,クマモトケン,Kumamoto,球磨郡,クマグン,Kuma-gun,湯前町,ユノマエマチ,Yunomae-machi,,,,,,,,,,字下牧原,アザシモマキバル,,,0,0,0,0,0,0,1,1,1947-04-17,,0,,,,,,,,,,,,,,,,
435066,0000138,3,熊本県,クマモトケン,Kumamoto,球磨郡,クマグン,Kuma-gun,湯前町,ユノマエマチ,Yunomae-machi,,,,,,,,,,字下牧良,アザシモマキラ,,,0,0,0,0,0,0,1,1,1947-04-17,,0,,,,,,,,,,,,,,,,
435066,0000139,3,熊本県,クマモトケン,Kumamoto,球磨郡,クマグン,Kuma-gun,湯前町,ユノマエマチ,Yunomae-machi,,,,,,,,,,字下堀田,アザシモホリタ,,,0,0,0,0,0,0,1,1,1947-04-17,,0,,,,,,,,,,,,,,,,
435066,0000140,3,熊本県,クマモトケン,Kumamoto,球磨郡,クマグン,Kuma-gun,湯前町,ユノマエマチ,Yunomae-machi,,,,,,,,,,字下柳田,アザシモヤナダ,,,0,0,0,0,0,0,1,1,1947-04-17,,0,,,,,,,,,,,,,,,,
435066,0000141,3,熊本県,クマモトケン,Kumamoto,球磨郡,クマグン,Kuma-gun,湯前町,ユノマエマチ,Yunomae-machi,,,,,,,,,,字加古井,アザカコイ,,,0,0,0,0,0,0,1,1,1947-04-17,,0,,,,,,,,,,,,,,,,
435066,0000142,3,熊本県,クマモトケン,Kumamoto,球磨郡,クマグン,Kuma-gun,湯前町,ユノマエマチ,Yunomae-machi,,,,,,,,,,字掛端,アザカケハタ,,,0,0,0,0,0,0,1,1,1947-04-17,,0,,,,,,,,,,,,,,,,
435066,0000143,3,熊本県,クマモトケン,Kumamoto,球磨郡,クマグン,Kuma-gun,湯前町,ユノマエマチ,Yunomae-machi,,,,,,,,,,字鬼籠,アザオニゴモリ,,,0,0,0,0,0,0,1,1,1947-04-17,,0,,,,,,,,,,,,,,,,
435066,0000144,3,熊本県,クマモトケン,Kumamoto,球磨郡,クマグン,Kuma-gun,湯前町,ユノマエマチ,Yunomae-machi,,,,,,,,,,字久米川内,アザクメゴウチ,,,0,0,0,0,0,0,1,1,1947-04-17,,0,,,,,,,,,,,,,,,,
435066,0000145,3,熊本県,クマモトケン,Kumamoto,球磨郡,クマグン,Kuma-gun,湯前町,ユノマエマチ,Yunomae-machi,,,,,,,,,,字久米川内白木川内,アザクメゴウチシラキゴウチ,,,0,0,0,0,0,0,1,1,1947-04-17,,0,,,,,,,,,,,,,,,,
435066,0000146,3,熊本県,クマモトケン,Kumamoto,球磨郡,クマグン,Kuma-gun,湯前町,ユノマエマチ,Yunomae-machi,,,,,,,,,,字久保田,アザクボタ,,,0,0,0,0,0,0,1,1,1947-04-17,,0,,,,,,,,,,,,,,,,
435066,0000147,3,熊本県,クマモトケン,Kumamoto,球磨郡,クマグン,Kuma-gun,湯前町,ユノマエマチ,Yunomae-machi,,,,,,,,,,字宮ノ谷南平,アザミヤノタニミナミヒラ,,,0,0,0,0,0,0,1,1,1947-04-17,,0,,,,,,,,,,,,,,,,
435066,0000148,3,熊本県,クマモトケン,Kumamoto,球磨郡,クマグン,Kuma-gun,湯前町,ユノマエマチ,Yunomae-machi,,,,,,,,,,字宮ノ谷北平,アザミヤノタニキタヒラ,,,0,0,0,0,0,0,1,1,1947-04-17,,0,,,,,,,,,,,,,,,,
435066,0000149,3,熊本県,クマモトケン,Kumamoto,球磨郡,クマグン,Kuma-gun,湯前町,ユノマエマチ,Yunomae-machi,,,,,,,,,,字宮久保,アザミヤクボ,,,0,0,0,0,0,0,1,1,1947-04-17,,0,,,,,,,,,,,,,,,,
435066,0000150,3,熊本県,クマモトケン,Kumamoto,球磨郡,クマグン,Kuma-gun,湯前町,ユノマエマチ,Yunomae-machi,,,,,,,,,,字桑津留,アザクワヅル,,,0,0,0,0,0,0,1,1,1947-04-17,,0,,,,,,,,,,,,,,,,
435066,0000151,3,熊本県,クマモトケン,Kumamoto,球磨郡,クマグン,Kuma-gun,湯前町,ユノマエマチ,Yunomae-machi,,,,,,,,,,字後原,アザウシロバル,,,0,0,0,0,0,0,1,1,1947-04-17,,0,,,,,,,,,,,,,,,,
435066,0000152,3,熊本県,クマモトケン,Kumamoto,球磨郡,クマグン,Kuma-gun,湯前町,ユノマエマチ,Yunomae-machi,,,,,,,,,,字後山,アザウシロヤマ,,,0,0,0,0,0,0,1,1,1947-04-17,,0,,,,,,,,,,,,,,,,
435066,0000153,3,熊本県,クマモトケン,Kumamoto,球磨郡,クマグン,Kuma-gun,湯前町,ユノマエマチ,Yunomae-machi,,,,,,,,,,字後村,アザウシロムラ,,,0,0,0,0,0,0,1,1,1947-04-17,,0,,,,,,,,,,,,,,,,
435066,0000154,3,熊本県,クマモトケン,Kumamoto,球磨郡,クマグン,Kuma-gun,湯前町,ユノマエマチ,Yunomae-machi,,,,,,,,,,字向田,アザムコウダ,,,0,0,0,0,0,0,1,1,1947-04-17,,0,,,,,,,,,,,,,,,,
435066,0000155,3,熊本県,クマモトケン,Kumamoto,球磨郡,クマグン,Kuma-gun,湯前町,ユノマエマチ,Yunomae-machi,,,,,,,,,,字溝合,アザミゾアイ,,,0,0,0,0,0,0,1,1,1947-04-17,,0,,,,,,,,,,,,,,,,
435066,0000156,3,熊本県,クマモトケン,Kumamoto,球磨郡,クマグン,Kuma-gun,湯前町,ユノマエマチ,Yunomae-machi,,,,,,,,,,字高尾,アザタカオ,,,0,0,0,0,0,0,1,1,1947-04-17,,0,,,,,,,,,,,,,,,,
435066,0000157,3,熊本県,クマモトケン,Kumamoto,球磨郡,クマグン,Kuma-gun,湯前町,ユノマエマチ,Yunomae-machi,,,,,,,,,,字高別府,アザタカベツプ,,,0,0,0,0,0,0,1,1,1947-04-17,,0,,,,,,,,,,,,,,,,
435066,0000158,3,熊本県,クマモトケン,Kumamoto,球磨郡,クマグン,Kuma-gun,湯前町,ユノマエマチ,Yunomae-machi,,,,,,,,,,字黒山,アザクロヤマ,,,0,0,0,0,0,0,1,1,1947-04-17,,0,,,,,,,,,,,,,,,,
435066,0000159,3,熊本県,クマモトケン,Kumamoto,球磨郡,クマグン,Kuma-gun,湯前町,ユノマエマチ,Yunomae-machi,,,,,,,,,,字黒萩,アザクロハギ,,,0,0,0,0,0,0,1,1,1947-04-17,,0,,,,,,,,,,,,,,,,
435066,0000160,3,熊本県,クマモトケン,Kumamoto,球磨郡,クマグン,Kuma-gun,湯前町,ユノマエマチ,Yunomae-machi,,,,,,,,,,字笹ノ平,アザササノヒラ,,,0,0,0,0,0,0,1,1,1947-04-17,,0,,,,,,,,,,,,,,,,
435066,0000161,3,熊本県,クマモトケン,Kumamoto,球磨郡,クマグン,Kuma-gun,湯前町,ユノマエマチ,Yunomae-machi,,,,,,,,,,字寺田,アザテラダ,,,0,0,0,0,0,0,1,1,1947-04-17,,0,,,,,,,,,,,,,,,,
435066,0000162,3,熊本県,クマモトケン,Kumamoto,球磨郡,クマグン,Kuma-gun,湯前町,ユノマエマチ,Yunomae-machi,,,,,,,,,,字七ツ山,アザナナツヤマ,,,0,0,0,0,0,0,1,1,1947-04-17,,0,,,,,,,,,,,,,,,,
435066,0000163,3,熊本県,クマモトケン,Kumamoto,球磨郡,クマグン,Kuma-gun,湯前町,ユノマエマチ,Yunomae-machi,,,,,,,,,,字小屋ノ後,アザコヤノアト,,,0,0,0,0,0,0,1,1,1947-04-17,,0,,,,,,,,,,,,,,,,
435066,0000164,3,熊本県,クマモトケン,Kumamoto,球磨郡,クマグン,Kuma-gun,湯前町,ユノマエマチ,Yunomae-machi,,,,,,,,,,字小迫,アザコサコ,,,0,0,0,0,0,0,1,1,1947-04-17,,0,,,,,,,,,,,,,,,,
435066,0000165,3,熊本県,クマモトケン,Kumamoto,球磨郡,クマグン,Kuma-gun,湯前町,ユノマエマチ,Yunomae-machi,,,,,,,,,,字松原,アザマツバラ,,,0,0,0,0,0,0,1,1,1947-04-17,,0,,,,,,,,,,,,,,,,
435066,0000166,3,熊本県,クマモトケン,Kumamoto,球磨郡,クマグン,Kuma-gun,湯前町,ユノマエマチ,Yunomae-machi,,,,,,,,,,字焼尾,アザヤケオ,,,0,0,0,0,0,0,1,1,1947-04-17,,0,,,,,,,,,,,,,,,,
435066,0000167,3,熊本県,クマモトケン,Kumamoto,球磨郡,クマグン,Kuma-gun,湯前町,ユノマエマチ,Yunomae-machi,,,,,,,,,,字上ノ段,アザウエノダン,,,0,0,0,0,0,0,1,1,1947-04-17,,0,,,,,,,,,,,,,,,,
435066,0000168,3,熊本県,クマモトケン,Kumamoto,球磨郡,クマグン,Kuma-gun,湯前町,ユノマエマチ,Yunomae-machi,,,,,,,,,,字上永野,アザカミナガノ,,,0,0,0,0,0,0,1,1,1947-04-17,,0,,,,,,,,,,,,,,,,
435066,0000169,3,熊本県,クマモトケン,Kumamoto,球磨郡,クマグン,Kuma-gun,湯前町,ユノマエマチ,Yunomae-machi,,,,,,,,,,字上塩利,アザカミシオリ,,,0,0,0,0,0,0,1,1,1947-04-17,,0,,,,,,,,,,,,,,,,
435066,0000170,3,熊本県,クマモトケン,Kumamoto,球磨郡,クマグン,Kuma-gun,湯前町,ユノマエマチ,Yunomae-machi,,,,,,,,,,字上横道,アザカミヨコミチ,,,0,0,0,0,0,0,1,1,1947-04-17,,0,,,,,,,,,,,,,,,,
435066,0000171,3,熊本県,クマモトケン,Kumamoto,球磨郡,クマグン,Kuma-gun,湯前町,ユノマエマチ,Yunomae-machi,,,,,,,,,,字上柿木,アザカミカキギ,,,0,0,0,0,0,0,1,1,1947-04-17,,0,,,,,,,,,,,,,,,,
435066,0000172,3,熊本県,クマモトケン,Kumamoto,球磨郡,クマグン,Kuma-gun,湯前町,ユノマエマチ,Yunomae-machi,,,,,,,,,,字上京手,アザカミキヨウテ,,,0,0,0,0,0,0,1,1,1947-04-17,,0,,,,,,,,,,,,,,,,
435066,0000173,3,熊本県,クマモトケン,Kumamoto,球磨郡,クマグン,Kuma-gun,湯前町,ユノマエマチ,Yunomae-machi,,,,,,,,,,字上沓川,アザカミクツゴウ,,,0,0,0,0,0,0,1,1,1947-04-17,,0,,,,,,,,,,,,,,,,
435066,0000174,3,熊本県,クマモトケン,Kumamoto,球磨郡,クマグン,Kuma-gun,湯前町,ユノマエマチ,Yunomae-machi,,,,,,,,,,字上元町,アザカミモトマチ,,,0,0,0,0,0,0,1,1,1947-04-17,,0,,,,,,,,,,,,,,,,
435066,0000175,3,熊本県,クマモトケン,Kumamoto,球磨郡,クマグン,Kuma-gun,湯前町,ユノマエマチ,Yunomae-machi,,,,,,,,,,字上高見,アザカミタカミ,,,0,0,0,0,0,0,1,1,1947-04-17,,0,,,,,,,,,,,,,,,,
435066,0000176,3,熊本県,クマモトケン,Kumamoto,球磨郡,クマグン,Kuma-gun,湯前町,ユノマエマチ,Yunomae-machi,,,,,,,,,,字上山ノ口,アザカミヤマノクチ,,,0,0,0,0,0,0,1,1,1947-04-17,,0,,,,,,,,,,,,,,,,
435066,0000177,3,熊本県,クマモトケン,Kumamoto,球磨郡,クマグン,Kuma-gun,湯前町,ユノマエマチ,Yunomae-machi,,,,,,,,,,字上車,アザカミグルマ,,,0,0,0,0,0,0,1,1,1947-04-17,,0,,,,,,,,,,,,,,,,
435066,0000178,3,熊本県,クマモトケン,Kumamoto,球磨郡,クマグン,Kuma-gun,湯前町,ユノマエマチ,Yunomae-machi,,,,,,,,,,字上小柿,アザカミコガキ,,,0,0,0,0,0,0,1,1,1947-04-17,,0,,,,,,,,,,,,,,,,
435066,0000179,3,熊本県,クマモトケン,Kumamoto,球磨郡,クマグン,Kuma-gun,湯前町,ユノマエマチ,Yunomae-machi,,,,,,,,,,字上小原,アザカミコバル,,,0,0,0,0,0,0,1,1,1947-04-17,,0,,,,,,,,,,,,,,,,
435066,0000180,3,熊本県,クマモトケン,Kumamoto,球磨郡,クマグン,Kuma-gun,湯前町,ユノマエマチ,Yunomae-machi,,,,,,,,,,字上小迫,アザカミコサコ,,,0,0,0,0,0,0,1,1,1947-04-17,,0,,,,,,,,,,,,,,,,
435066,0000181,3,熊本県,クマモトケン,Kumamoto,球磨郡,クマグン,Kuma-gun,湯前町,ユノマエマチ,Yunomae-machi,,,,,,,,,,字上松下,アザカミマツシタ,,,0,0,0,0,0,0,1,1,1947-04-17,,0,,,,,,,,,,,,,,,,
435066,0000182,3,熊本県,クマモトケン,Kumamoto,球磨郡,クマグン,Kuma-gun,湯前町,ユノマエマチ,Yunomae-machi,,,,,,,,,,字上松原,アザカミマツバラ,,,0,0,0,0,0,0,1,1,1947-04-17,,0,,,,,,,,,,,,,,,,
435066,0000183,3,熊本県,クマモトケン,Kumamoto,球磨郡,クマグン,Kuma-gun,湯前町,ユノマエマチ,Yunomae-machi,,,,,,,,,,字上城,アザカミジヨウ,,,0,0,0,0,0,0,1,1,1947-04-17,,0,,,,,,,,,,,,,,,,
435066,0000184,3,熊本県,クマモトケン,Kumamoto,球磨郡,クマグン,Kuma-gun,湯前町,ユノマエマチ,Yunomae-machi,,,,,,,,,,字上植木,アザカミウエキ,,,0,0,0,0,0,0,1,1,1947-04-17,,0,,,,,,,,,,,,,,,,
435066,0000185,3,熊本県,クマモトケン,Kumamoto,球磨郡,クマグン,Kuma-gun,湯前町,ユノマエマチ,Yunomae-machi,,,,,,,,,,字上新地,アザカミシンチ,,,0,0,0,0,0,0,1,1,1947-04-17,,0,,,,,,,,,,,,,,,,
435066,0000186,3,熊本県,クマモトケン,Kumamoto,球磨郡,クマグン,Kuma-gun,湯前町,ユノマエマチ,Yunomae-machi,,,,,,,,,,字上森重,アザカミモリシゲ,,,0,0,0,0,0,0,1,1,1947-04-17,,0,,,,,,,,,,,,,,,,
435066,0000187,3,熊本県,クマモトケン,Kumamoto,球磨郡,クマグン,Kuma-gun,湯前町,ユノマエマチ,Yunomae-machi,,,,,,,,,,字上仁良田,アザカミニラダ,,,0,0,0,0,0,0,1,1,1947-04-17,,0,,,,,,,,,,,,,,,,
435066,0000188,3,熊本県,クマモトケン,Kumamoto,球磨郡,クマグン,Kuma-gun,湯前町,ユノマエマチ,Yunomae-machi,,,,,,,,,,字上川久保,アザカミカワクボ,,,0,0,0,0,0,0,1,1,1947-04-17,,0,,,,,,,,,,,,,,,,
435066,0000189,3,熊本県,クマモトケン,Kumamoto,球磨郡,クマグン,Kuma-gun,湯前町,ユノマエマチ,Yunomae-machi,,,,,,,,,,字上洗ノ口,アザカミアライノクチ,,,0,0,0,0,0,0,1,1,1947-04-17,,0,,,,,,,,,,,,,,,,
435066,0000190,3,熊本県,クマモトケン,Kumamoto,球磨郡,クマグン,Kuma-gun,湯前町,ユノマエマチ,Yunomae-machi,,,,,,,,,,字上大瀬,アザカミオオセ,,,0,0,0,0,0,0,1,1,1947-04-17,,0,,,,,,,,,,,,,,,,
435066,0000191,3,熊本県,クマモトケン,Kumamoto,球磨郡,クマグン,Kuma-gun,湯前町,ユノマエマチ,Yunomae-machi,,,,,,,,,,字上町杭,アザカミマチグイ,,,0,0,0,0,0,0,1,1,1947-04-17,,0,,,,,,,,,,,,,,,,
435066,0000192,3,熊本県,クマモトケン,Kumamoto,球磨郡,クマグン,Kuma-gun,湯前町,ユノマエマチ,Yunomae-machi,,,,,,,,,,字上長岡,アザカミナガオカ,,,0,0,0,0,0,0,1,1,1947-04-17,,0,,,,,,,,,,,,,,,,
435066,0000193,3,熊本県,クマモトケン,Kumamoto,球磨郡,クマグン,Kuma-gun,湯前町,ユノマエマチ,Yunomae-machi,,,,,,,,,,字上長尾,アザカミナガオ,,,0,0,0,0,0,0,1,1,1947-04-17,,0,,,,,,,,,,,,,,,,
435066,0000194,3,熊本県,クマモトケン,Kumamoto,球磨郡,クマグン,Kuma-gun,湯前町,ユノマエマチ,Yunomae-machi,,,,,,,,,,字上馬場,アザカミババ,,,0,0,0,0,0,0,1,1,1947-04-17,,0,,,,,,,,,,,,,,,,
435066,0000195,3,熊本県,クマモトケン,Kumamoto,球磨郡,クマグン,Kuma-gun,湯前町,ユノマエマチ,Yunomae-machi,,,,,,,,,,字上馬返,アザカミマガエシ,,,0,0,0,0,0,0,1,1,1947-04-17,,0,,,,,,,,,,,,,,,,
435066,0000196,3,熊本県,クマモトケン,Kumamoto,球磨郡,クマグン,Kuma-gun,湯前町,ユノマエマチ,Yunomae-machi,,,,,,,,,,字上別府,アザカミベツプ,,,0,0,0,0,0,0,1,1,1947-04-17,,0,,,,,,,,,,,,,,,,
435066,0000197,3,熊本県,クマモトケン,Kumamoto,球磨郡,クマグン,Kuma-gun,湯前町,ユノマエマチ,Yunomae-machi,,,,,,,,,,字上牧原,アザカミマキバル,,,0,0,0,0,0,0,1,1,1947-04-17,,0,,,,,,,,,,,,,,,,
435066,0000198,3,熊本県,クマモトケン,Kumamoto,球磨郡,クマグン,Kuma-gun,湯前町,ユノマエマチ,Yunomae-machi,,,,,,,,,,字上牧良,アザカミマキラ,,,0,0,0,0,0,0,1,1,1947-04-17,,0,,,,,,,,,,,,,,,,
435066,0000199,3,熊本県,クマモトケン,Kumamoto,球磨郡,クマグン,Kuma-gun,湯前町,ユノマエマチ,Yunomae-machi,,,,,,,,,,字上堀田,アザカミホリタ,,,0,0,0,0,0,0,1,1,1947-04-17,,0,,,,,,,,,,,,,,,,
435066,0000200,3,熊本県,クマモトケン,Kumamoto,球磨郡,クマグン,Kuma-gun,湯前町,ユノマエマチ,Yunomae-machi,,,,,,,,,,字上柳田,アザカミヤナダ,,,0,0,0,0,0,0,1,1,1947-04-17,,0,,,,,,,,,,,,,,,,
435066,0000201,3,熊本県,クマモトケン,Kumamoto,球磨郡,クマグン,Kuma-gun,湯前町,ユノマエマチ,Yunomae-machi,,,,,,,,,,字城久田,アザジヨウキユウダ,,,0,0,0,0,0,0,1,1,1947-04-17,,0,,,,,,,,,,,,,,,,
435066,0000202,3,熊本県,クマモトケン,Kumamoto,球磨郡,クマグン,Kuma-gun,湯前町,ユノマエマチ,Yunomae-machi,,,,,,,,,,字森園,アザモリゾノ,,,0,0,0,0,0,0,1,1,1947-04-17,,0,,,,,,,,,,,,,,,,
435066,0000203,3,熊本県,クマモトケン,Kumamoto,球磨郡,クマグン,Kuma-gun,湯前町,ユノマエマチ,Yunomae-machi,,,,,,,,,,字深田,アザフカダ,,,0,0,0,0,0,0,1,1,1947-04-17,,0,,,,,,,,,,,,,,,,
435066,0000204,3,熊本県,クマモトケン,Kumamoto,球磨郡,クマグン,Kuma-gun,湯前町,ユノマエマチ,Yunomae-machi,,,,,,,,,,字仁原,アザニハラ,,,0,0,0,0,0,0,1,1,1947-04-17,,0,,,,,,,,,,,,,,,,
435066,0000205,3,熊本県,クマモトケン,Kumamoto,球磨郡,クマグン,Kuma-gun,湯前町,ユノマエマチ,Yunomae-machi,,,,,,,,,,字仁原谷東平,アザニハラダニヒガシヒラ,,,0,0,0,0,0,0,1,1,1947-04-17,,0,,,,,,,,,,,,,,,,
435066,0000206,3,熊本県,クマモトケン,Kumamoto,球磨郡,クマグン,Kuma-gun,湯前町,ユノマエマチ,Yunomae-machi,,,,,,,,,,字水ノ手,アザミズノテ,,,0,0,0,0,0,0,1,1,1947-04-17,,0,,,,,,,,,,,,,,,,
435066,0000207,3,熊本県,クマモトケン,Kumamoto,球磨郡,クマグン,Kuma-gun,湯前町,ユノマエマチ,Yunomae-machi,,,,,,,,,,字水堀,アザミズホリ,,,0,0,0,0,0,0,1,1,1947-04-17,,0,,,,,,,,,,,,,,,,
435066,0000208,3,熊本県,クマモトケン,Kumamoto,球磨郡,クマグン,Kuma-gun,湯前町,ユノマエマチ,Yunomae-machi,,,,,,,,,,字杉ノ本,アザスギノモト,,,0,0,0,0,0,0,1,1,1947-04-17,,0,,,,,,,,,,,,,,,,
435066,0000209,3,熊本県,クマモトケン,Kumamoto,球磨郡,クマグン,Kuma-gun,湯前町,ユノマエマチ,Yunomae-machi,,,,,,,,,,字西前田,アザニシマエダ,,,0,0,0,0,0,0,1,1,1947-04-17,,0,,,,,,,,,,,,,,,,
435066,0000210,3,熊本県,クマモトケン,Kumamoto,球磨郡,クマグン,Kuma-gun,湯前町,ユノマエマチ,Yunomae-machi,,,,,,,,,,字西牧良,アザニシマキラ,,,0,0,0,0,0,0,1,1,1947-04-17,,0,,,,,,,,,,,,,,,,
435066,0000211,3,熊本県,クマモトケン,Kumamoto,球磨郡,クマグン,Kuma-gun,湯前町,ユノマエマチ,Yunomae-machi,,,,,,,,,,字蔵ノ本,アザクラノモト,,,0,0,0,0,0,0,1,1,1947-04-17,,0,,,,,,,,,,,,,,,,
435066,0000212,3,熊本県,クマモトケン,Kumamoto,球磨郡,クマグン,Kuma-gun,湯前町,ユノマエマチ,Yunomae-machi,,,,,,,,,,字大谷,アザオオタニ,,,0,0,0,0,0,0,1,1,1947-04-17,,0,,,,,,,,,,,,,,,,
435066,0000213,3,熊本県,クマモトケン,Kumamoto,球磨郡,クマグン,Kuma-gun,湯前町,ユノマエマチ,Yunomae-machi,,,,,,,,,,字大塚,アザオオツカ,,,0,0,0,0,0,0,1,1,1947-04-17,,0,,,,,,,,,,,,,,,,
435066,0000214,3,熊本県,クマモトケン,Kumamoto,球磨郡,クマグン,Kuma-gun,湯前町,ユノマエマチ,Yunomae-machi,,,,,,,,,,字大迫,アザオオサコ,,,0,0,0,0,0,0,1,1,1947-04-17,,0,,,,,,,,,,,,,,,,
435066,0000215,3,熊本県,クマモトケン,Kumamoto,球磨郡,クマグン,Kuma-gun,湯前町,ユノマエマチ,Yunomae-machi,,,,,,,,,,字大迫西平,アザオオサコニシヒラ,,,0,0,0,0,0,0,1,1,1947-04-17,,0,,,,,,,,,,,,,,,,
435066,0000216,3,熊本県,クマモトケン,Kumamoto,球磨郡,クマグン,Kuma-gun,湯前町,ユノマエマチ,Yunomae-machi,,,,,,,,,,字大迫北平,アザオオサコキタヒラ,,,0,0,0,0,0,0,1,1,1947-04-17,,0,,,,,,,,,,,,,,,,
435066,0000217,3,熊本県,クマモトケン,Kumamoto,球磨郡,クマグン,Kuma-gun,湯前町,ユノマエマチ,Yunomae-machi,,,,,,,,,,字竹下,アザタケシタ,,,0,0,0,0,0,0,1,1,1947-04-17,,0,,,,,,,,,,,,,,,,
435066,0000218,3,熊本県,クマモトケン,Kumamoto,球磨郡,クマグン,Kuma-gun,湯前町,ユノマエマチ,Yunomae-machi,,,,,,,,,,字中永野,アザナカナガノ,,,0,0,0,0,0,0,1,1,1947-04-17,,0,,,,,,,,,,,,,,,,
435066,0000219,3,熊本県,クマモトケン,Kumamoto,球磨郡,クマグン,Kuma-gun,湯前町,ユノマエマチ,Yunomae-machi,,,,,,,,,,字中園,アザナカゾノ,,,0,0,0,0,0,0,1,1,1947-04-17,,0,,,,,,,,,,,,,,,,
435066,0000220,3,熊本県,クマモトケン,Kumamoto,球磨郡,クマグン,Kuma-gun,湯前町,ユノマエマチ,Yunomae-machi,,,,,,,,,,字中沓川,アザナカクツゴウ,,,0,0,0,0,0,0,1,1,1947-04-17,,0,,,,,,,,,,,,,,,,
435066,0000221,3,熊本県,クマモトケン,Kumamoto,球磨郡,クマグン,Kuma-gun,湯前町,ユノマエマチ,Yunomae-machi,,,,,,,,,,字中高沖,アザナカタカオキ,,,0,0,0,0,0,0,1,1,1947-04-17,,0,,,,,,,,,,,,,,,,
435066,0000222,3,熊本県,クマモトケン,Kumamoto,球磨郡,クマグン,Kuma-gun,湯前町,ユノマエマチ,Yunomae-machi,,,,,,,,,,字中山ノ口,アザナカヤマノクチ,,,0,0,0,0,0,0,1,1,1947-04-17,,0,,,,,,,,,,,,,,,,
435066,0000223,3,熊本県,クマモトケン,Kumamoto,球磨郡,クマグン,Kuma-gun,湯前町,ユノマエマチ,Yunomae-machi,,,,,,,,,,字中村,アザナカムラ,,,0,0,0,0,0,0,1,1,1947-04-17,,0,,,,,,,,,,,,,,,,
435066,0000224,3,熊本県,クマモトケン,Kumamoto,球磨郡,クマグン,Kuma-gun,湯前町,ユノマエマチ,Yunomae-machi,,,,,,,,,,字中長尾,アザナカナガオ,,,0,0,0,0,0,0,1,1,1947-04-17,,0,,,,,,,,,,,,,,,,
435066,0000225,3,熊本県,クマモトケン,Kumamoto,球磨郡,クマグン,Kuma-gun,湯前町,ユノマエマチ,Yunomae-machi,,,,,,,,,,字中鶴,アザナカツル,,,0,0,0,0,0,0,1,1,1947-04-17,,0,,,,,,,,,,,,,,,,
435066,0000226,3,熊本県,クマモトケン,Kumamoto,球磨郡,クマグン,Kuma-gun,湯前町,ユノマエマチ,Yunomae-machi,,,,,,,,,,字中牧良,アザナカマキラ,,,0,0,0,0,0,0,1,1,1947-04-17,,0,,,,,,,,,,,,,,,,
435066,0000227,3,熊本県,クマモトケン,Kumamoto,球磨郡,クマグン,Kuma-gun,湯前町,ユノマエマチ,Yunomae-machi,,,,,,,,,,字潮山,アザウシオヤマ,,,0,0,0,0,0,0,1,1,1947-04-17,,0,,,,,,,,,,,,,,,,
435066,0000228,3,熊本県,クマモトケン,Kumamoto,球磨郡,クマグン,Kuma-gun,湯前町,ユノマエマチ,Yunomae-machi,,,,,,,,,,字長岡,アザナガオカ,,,0,0,0,0,0,0,1,1,1947-04-17,,0,,,,,,,,,,,,,,,,
435066,0000229,3,熊本県,クマモトケン,Kumamoto,球磨郡,クマグン,Kuma-gun,湯前町,ユノマエマチ,Yunomae-machi,,,,,,,,,,字長谷場,アザハセバ,,,0,0,0,0,0,0,1,1,1947-04-17,,0,,,,,,,,,,,,,,,,
435066,0000230,3,熊本県,クマモトケン,Kumamoto,球磨郡,クマグン,Kuma-gun,湯前町,ユノマエマチ,Yunomae-machi,,,,,,,,,,字長谷場宝蛇寺,アザハセバホウダジ,,,0,0,0,0,0,0,1,1,1947-04-17,,0,,,,,,,,,,,,,,,,
435066,0000231,3,熊本県,クマモトケン,Kumamoto,球磨郡,クマグン,Kuma-gun,湯前町,ユノマエマチ,Yunomae-machi,,,,,,,,,,字鶴場,アザツルバ,,,0,0,0,0,0,0,1,1,1947-04-17,,0,,,,,,,,,,,,,,,,
435066,0000232,3,熊本県,クマモトケン,Kumamoto,球磨郡,クマグン,Kuma-gun,湯前町,ユノマエマチ,Yunomae-machi,,,,,,,,,,字釘ノ町,アザクギノマチ,,,0,0,0,0,0,0,1,1,1947-04-17,,0,,,,,,,,,,,,,,,,
435066,0000233,3,熊本県,クマモトケン,Kumamoto,球磨郡,クマグン,Kuma-gun,湯前町,ユノマエマチ,Yunomae-machi,,,,,,,,,,字田ノ上,アザタノウエ,,,0,0,0,0,0,0,1,1,1947-04-17,,0,,,,,,,,,,,,,,,,
435066,0000234,3,熊本県,クマモトケン,Kumamoto,球磨郡,クマグン,Kuma-gun,湯前町,ユノマエマチ,Yunomae-machi,,,,,,,,,,字東ユルメキ,アザヒガシユルメキ,,,0,0,0,0,0,0,1,1,1947-04-17,,0,,,,,,,,,,,,,,,,
435066,0000235,3,熊本県,クマモトケン,Kumamoto,球磨郡,クマグン,Kuma-gun,湯前町,ユノマエマチ,Yunomae-machi,,,,,,,,,,字東高沖,アザヒガシタカオキ,,,0,0,0,0,0,0,1,1,1947-04-17,,0,,,,,,,,,,,,,,,,
435066,0000236,3,熊本県,クマモトケン,Kumamoto,球磨郡,クマグン,Kuma-gun,湯前町,ユノマエマチ,Yunomae-machi,,,,,,,,,,字東浅鹿野,アザヒガシアザカノ,,,0,0,0,0,0,0,1,1,1947-04-17,,0,,,,,,,,,,,,,,,,
435066,0000237,3,熊本県,クマモトケン,Kumamoto,球磨郡,クマグン,Kuma-gun,湯前町,ユノマエマチ,Yunomae-machi,,,,,,,,,,字東前田,アザヒガシマエダ,,,0,0,0,0,0,0,1,1,1947-04-17,,0,,,,,,,,,,,,,,,,
435066,0000238,3,熊本県,クマモトケン,Kumamoto,球磨郡,クマグン,Kuma-gun,湯前町,ユノマエマチ,Yunomae-machi,,,,,,,,,,字東牧良,アザヒガシマキラ,,,0,0,0,0,0,0,1,1,1947-04-17,,0,,,,,,,,,,,,,,,,
435066,0000239,3,熊本県,クマモトケン,Kumamoto,球磨郡,クマグン,Kuma-gun,湯前町,ユノマエマチ,Yunomae-machi,,,,,,,,,,字藤木,アザフジキ,,,0,0,0,0,0,0,1,1,1947-04-17,,0,,,,,,,,,,,,,,,,
435066,0000240,3,熊本県,クマモトケン,Kumamoto,球磨郡,クマグン,Kuma-gun,湯前町,ユノマエマチ,Yunomae-machi,,,,,,,,,,字南浅鹿野,アザミナミアザカノ,,,0,0,0,0,0,0,1,1,1947-04-17,,0,,,,,,,,,,,,,,,,
435066,0000241,3,熊本県,クマモトケン,Kumamoto,球磨郡,クマグン,Kuma-gun,湯前町,ユノマエマチ,Yunomae-machi,,,,,,,,,,字二本,アザニホン,,,0,0,0,0,0,0,1,1,1947-04-17,,0,,,,,,,,,,,,,,,,
435066,0000242,3,熊本県,クマモトケン,Kumamoto,球磨郡,クマグン,Kuma-gun,湯前町,ユノマエマチ,Yunomae-machi,,,,,,,,,,字馬返,アザマガエシ,,,0,0,0,0,0,0,1,1,1947-04-17,,0,,,,,,,,,,,,,,,,
435066,0000243,3,熊本県,クマモトケン,Kumamoto,球磨郡,クマグン,Kuma-gun,湯前町,ユノマエマチ,Yunomae-machi,,,,,,,,,,字梅木,アザウメキ,,,0,0,0,0,0,0,1,1,1947-04-17,,0,,,,,,,,,,,,,,,,
435066,0000244,3,熊本県,クマモトケン,Kumamoto,球磨郡,クマグン,Kuma-gun,湯前町,ユノマエマチ,Yunomae-machi,,,,,,,,,,字買元,アザカイモト,,,0,0,0,0,0,0,1,1,1947-04-17,,0,,,,,,,,,,,,,,,,
435066,0000245,3,熊本県,クマモトケン,Kumamoto,球磨郡,クマグン,Kuma-gun,湯前町,ユノマエマチ,Yunomae-machi,,,,,,,,,,字尾谷,アザビタニ,,,0,0,0,0,0,0,1,1,1947-04-17,,0,,,,,,,,,,,,,,,,
435066,0000246,3,熊本県,クマモトケン,Kumamoto,球磨郡,クマグン,Kuma-gun,湯前町,ユノマエマチ,Yunomae-machi,,,,,,,,,,字苗床原,アザナエトコバル,,,0,0,0,0,0,0,1,1,1947-04-17,,0,,,,,,,,,,,,,,,,
435066,0000247,3,熊本県,クマモトケン,Kumamoto,球磨郡,クマグン,Kuma-gun,湯前町,ユノマエマチ,Yunomae-machi,,,,,,,,,,字伏木川,アザフシキガワ,,,0,0,0,0,0,0,1,1,1947-04-17,,0,,,,,,,,,,,,,,,,
435066,0000248,3,熊本県,クマモトケン,Kumamoto,球磨郡,クマグン,Kuma-gun,湯前町,ユノマエマチ,Yunomae-machi,,,,,,,,,,字平榎,アザヒラエノキ,,,0,0,0,0,0,0,1,1,1947-04-17,,0,,,,,,,,,,,,,,,,
435066,0000249,3,熊本県,クマモトケン,Kumamoto,球磨郡,クマグン,Kuma-gun,湯前町,ユノマエマチ,Yunomae-machi,,,,,,,,,,字平町,アザヒラマチ,,,0,0,0,0,0,0,1,1,1947-04-17,,0,,,,,,,,,,,,,,,,
435066,0000250,3,熊本県,クマモトケン,Kumamoto,球磨郡,クマグン,Kuma-gun,湯前町,ユノマエマチ,Yunomae-machi,,,,,,,,,,字平野,アザヒラノ,,,0,0,0,0,0,0,1,1,1947-04-17,,0,,,,,,,,,,,,,,,,
435066,0000251,3,熊本県,クマモトケン,Kumamoto,球磨郡,クマグン,Kuma-gun,湯前町,ユノマエマチ,Yunomae-machi,,,,,,,,,,字米ノ山,アザコメノヤマ,,,0,0,0,0,0,0,1,1,1947-04-17,,0,,,,,,,,,,,,,,,,
435066,0000252,3,熊本県,クマモトケン,Kumamoto,球磨郡,クマグン,Kuma-gun,湯前町,ユノマエマチ,Yunomae-machi,,,,,,,,,,字宝蛇寺,アザホウダジ,,,0,0,0,0,0,0,1,1,1947-04-17,,0,,,,,,,,,,,,,,,,
435066,0000253,3,熊本県,クマモトケン,Kumamoto,球磨郡,クマグン,Kuma-gun,湯前町,ユノマエマチ,Yunomae-machi,,,,,,,,,,字北高沖,アザキタタカオキ,,,0,0,0,0,0,0,1,1,1947-04-17,,0,,,,,,,,,,,,,,,,
435066,0000254,3,熊本県,クマモトケン,Kumamoto,球磨郡,クマグン,Kuma-gun,湯前町,ユノマエマチ,Yunomae-machi,,,,,,,,,,字北浅鹿野,アザキタアザカノ,,,0,0,0,0,0,0,1,1,1947-04-17,,0,,,,,,,,,,,,,,,,
435066,0000255,3,熊本県,クマモトケン,Kumamoto,球磨郡,クマグン,Kuma-gun,湯前町,ユノマエマチ,Yunomae-machi,,,,,,,,,,字北牧良,アザキタマキラ,,,0,0,0,0,0,0,1,1,1947-04-17,,0,,,,,,,,,,,,,,,,
435066,0000256,3,熊本県,クマモトケン,Kumamoto,球磨郡,クマグン,Kuma-gun,湯前町,ユノマエマチ,Yunomae-machi,,,,,,,,,,字牧原,アザマキバル,,,0,0,0,0,0,0,1,1,1947-04-17,,0,,,,,,,,,,,,,,,,
435066,0000257,3,熊本県,クマモトケン,Kumamoto,球磨郡,クマグン,Kuma-gun,湯前町,ユノマエマチ,Yunomae-machi,,,,,,,,,,字牧良,アザマキラ,,,0,0,0,0,0,0,1,1,1947-04-17,,0,,,,,,,,,,,,,,,,
435066,0000258,3,熊本県,クマモトケン,Kumamoto,球磨郡,クマグン,Kuma-gun,湯前町,ユノマエマチ,Yunomae-machi,,,,,,,,,,字蓑谷,アザミノダニ,,,0,0,0,0,0,0,1,1,1947-04-17,,0,,,,,,,,,,,,,,,,
435066,0000259,3,熊本県,クマモトケン,Kumamoto,球磨郡,クマグン,Kuma-gun,湯前町,ユノマエマチ,Yunomae-machi,,,,,,,,,,字木ノ下,アザキノシタ,,,0,0,0,0,0,0,1,1,1947-04-17,,0,,,,,,,,,,,,,,,,
435066,0000260,3,熊本県,クマモトケン,Kumamoto,球磨郡,クマグン,Kuma-gun,湯前町,ユノマエマチ,Yunomae-machi,,,,,,,,,,字夜狩内,アザヨカリウチ,,,0,0,0,0,0,0,1,1,1947-04-17,,0,,,,,,,,,,,,,,,,
435066,0000261,3,熊本県,クマモトケン,Kumamoto,球磨郡,クマグン,Kuma-gun,湯前町,ユノマエマチ,Yunomae-machi,,,,,,,,,,字野首,アザノクビ,,,0,0,0,0,0,0,1,1,1947-04-17,,0,,,,,,,,,,,,,,,,
435066,0000262,3,熊本県,クマモトケン,Kumamoto,球磨郡,クマグン,Kuma-gun,湯前町,ユノマエマチ,Yunomae-machi,,,,,,,,,,字野畑,アザノバタ,,,0,0,0,0,0,0,1,1,1947-04-17,,0,,,,,,,,,,,,,,,,
435066,0000263,3,熊本県,クマモトケン,Kumamoto,球磨郡,クマグン,Kuma-gun,湯前町,ユノマエマチ,Yunomae-machi,,,,,,,,,,字落鶴,アザオトシヅル,,,0,0,0,0,0,0,1,1,1947-04-17,,0,,,,,,,,,,,,,,,,
435066,0000264,3,熊本県,クマモトケン,Kumamoto,球磨郡,クマグン,Kuma-gun,湯前町,ユノマエマチ,Yunomae-machi,,,,,,,,,,字梨木,アザナシノキ,,,0,0,0,0,0,0,1,1,1947-04-17,,0,,,,,,,,,,,,,,,,
435066,0000265,3,熊本県,クマモトケン,Kumamoto,球磨郡,クマグン,Kuma-gun,湯前町,ユノマエマチ,Yunomae-machi,,,,,,,,,,字老神,アザオイカミ,,,0,0,0,0,0,0,1,1,1947-04-17,,0,,,,,,,,,,,,,,,,
435066,0000266,3,熊本県,クマモトケン,Kumamoto,球磨郡,クマグン,Kuma-gun,湯前町,ユノマエマチ,Yunomae-machi,,,,,,,,,,字脇田,アザワキダ,,,0,0,0,0,0,0,1,1,1947-04-17,,0,,,,,,,,,,,,,,,,
435066,0000267,3,熊本県,クマモトケン,Kumamoto,球磨郡,クマグン,Kuma-gun,湯前町,ユノマエマチ,Yunomae-machi,,,,,,,,,,字嶽,アザタケ,,,0,0,0,0,0,0,1,1,1947-04-17,,0,,,,,,,,,,,,,,,,
435066,0000268,3,熊本県,クマモトケン,Kumamoto,球磨郡,クマグン,Kuma-gun,湯前町,ユノマエマチ,Yunomae-machi,,,,,,,,,,字嶽下,アザタケシタ,,,0,0,0,0,0,0,1,1,1947-04-17,,0,,,,,,,,,,,,,,,,
435066,0000269,3,熊本県,クマモトケン,Kumamoto,球磨郡,クマグン,Kuma-gun,湯前町,ユノマエマチ,Yunomae-machi,,,,,,,,,,下城,シタジョウ,Shitajo,,0,0,0,0,0,0,1,1,1947-04-17,,0,8680601,,,,,,,,,,,,,,,
435066,0000270,3,熊本県,クマモトケン,Kumamoto,球磨郡,クマグン,Kuma-gun,湯前町,ユノマエマチ,Yunomae-machi,,,,,,,,,,下染田,シモソメダ,Shimosomeda,,0,0,0,0,0,0,1,1,1947-04-17,,0,8680605,,,,,,,,,,,,,,,
435066,0000271,3,熊本県,クマモトケン,Kumamoto,球磨郡,クマグン,Kuma-gun,湯前町,ユノマエマチ,Yunomae-machi,,,,,,,,,,下村,シモムラ,Shimomura,,0,0,0,0,0,0,1,1,1947-04-17,,0,8680616,,,,,,,,,,,,,,,
435066,0000272,3,熊本県,クマモトケン,Kumamoto,球磨郡,クマグン,Kuma-gun,湯前町,ユノマエマチ,Yunomae-machi,,,,,,,,,,古城,フルジョウ,Furujo,,0,0,0,0,0,0,1,1,1947-04-17,,0,8680603,,,,,,,,,,,,,,,
435066,0000273,3,熊本県,クマモトケン,Kumamoto,球磨郡,クマグン,Kuma-gun,湯前町,ユノマエマチ,Yunomae-machi,,,,,,,,,,上染田,カミソメダ,Kamisomeda,,0,0,0,0,0,0,1,1,1947-04-17,,0,8680622,,,,,,,,,,,,,,,
435066,0000274,3,熊本県,クマモトケン,Kumamoto,球磨郡,クマグン,Kuma-gun,湯前町,ユノマエマチ,Yunomae-machi,,,,,,,,,,野中田,ノナカダ,Nonakada,,0,0,0,0,0,0,1,1,1947-04-17,,0,8680623,,,,,,,,,,,,,,,
435066,0000275,3,熊本県,クマモトケン,Kumamoto,球磨郡,クマグン,Kuma-gun,湯前町,ユノマエマチ,Yunomae-machi,,,,,,,,,,字上辻,アザカミツジ,,,0,0,0,0,0,0,1,1,1970-01-01,,0,,,,,,,,,,,,,,,,
435066,0000276,3,熊本県,クマモトケン,Kumamoto,球磨郡,クマグン,Kuma-gun,湯前町,ユノマエマチ,Yunomae-machi,,,,,,,,,,字下辻,アザシモツジ,,,0,0,0,0,0,0,1,1,1970-01-01,,0,,,,,,,,,,,,,,,,
435066,0000277,3,熊本県,クマモトケン,Kumamoto,球磨郡,クマグン,Kuma-gun,湯前町,ユノマエマチ,Yunomae-machi,,,,,,,,,,字廣野,アザヒロノ,,,0,0,0,0,0,0,1,1,1970-01-01,,0,,,,,,,,,,,,,,,,
435066,0000278,3,熊本県,クマモトケン,Kumamoto,球磨郡,クマグン,Kuma-gun,湯前町,ユノマエマチ,Yunomae-machi,,,,,,,,,,字猪鹿倉山,アザイノカクラヤマ,,,0,0,0,0,0,0,1,1,1970-01-01,,0,,,,,,,,,,,,,,,,
435066,0000279,3,熊本県,クマモトケン,Kumamoto,球磨郡,クマグン,Kuma-gun,湯前町,ユノマエマチ,Yunomae-machi,,,,,,,,,,字猪木丸,アザイノキマル,,,0,0,0,0,0,0,1,1,1970-01-01,,0,,,,,,,,,,,,,,,,
435066,0000280,3,熊本県,クマモトケン,Kumamoto,球磨郡,クマグン,Kuma-gun,湯前町,ユノマエマチ,Yunomae-machi,,,,,,,,,,字猪鹿倉,アザイノカクラ,,,0,0,0,0,0,0,1,1,1970-01-01,,0,,,,,,,,,,,,,,,,
435074,0001000,1,熊本県,クマモトケン,Kumamoto,球磨郡,クマグン,Kuma-gun,水上村,ミズカミムラ,Mizukami-mura,,,,大字岩野,オオアザイワノ,Iwano,,,,,,,,0,0,0,0,0,0,1,1,1947-04-17,,0,8680701,,,,,,,,,,,,,,,
435074,0002000,1,熊本県,クマモトケン,Kumamoto,球磨郡,クマグン,Kuma-gun,水上村,ミズカミムラ,Mizukami-mura,,,,大字江代,オオアザエシロ,Eshiro,,,,,,,,0,0,0,0,0,0,1,1,1947-04-17,,0,8680702,,,,,,,,,,,,,,,
435074,0003000,1,熊本県,クマモトケン,Kumamoto,球磨郡,クマグン,Kuma-gun,水上村,ミズカミムラ,Mizukami-mura,,,,大字湯山,オオアザユヤマ,Yuyama,,,,,,,,0,0,0,0,0,0,1,1,1947-04-17,,0,8680703,,,,,,,,,,,,,,,
435104,0001000,1,熊本県,クマモトケン,Kumamoto,球磨郡,クマグン,Kuma-gun,相良村,サガラムラ,Sagara-mura,,,,大字川辺,オオアザカワベ,Kawabe,,,,,,,,0,0,0,0,0,0,1,1,1947-04-17,,0,8680093,,,,,,,,,,,,,,,
435104,0002000,1,熊本県,クマモトケン,Kumamoto,球磨郡,クマグン,Kuma-gun,相良村,サガラムラ,Sagara-mura,,,,大字深水,オオアザフカミ,Fukami,,,,,,,,0,0,0,0,0,0,1,1,1947-04-17,,0,8680094,,,,,,,,,,,,,,,
435104,0003000,1,熊本県,クマモトケン,Kumamoto,球磨郡,クマグン,Kuma-gun,相良村,サガラムラ,Sagara-mura,,,,大字柳瀬,オオアザヤナセ,Yanase,,,,,,,,0,0,0,0,0,0,1,0,1947-04-17,,0,8680095,,,,,,,,,,,,,,,
435104,0004000,1,熊本県,クマモトケン,Kumamoto,球磨郡,クマグン,Kuma-gun,相良村,サガラムラ,Sagara-mura,,,,大字四浦西,オオアザヨウラニシ,,,,,,,,,0,0,0,0,0,0,1,1,1947-04-17,,0,,,,,,,,,,,,,,,,
435104,0005000,1,熊本県,クマモトケン,Kumamoto,球磨郡,クマグン,Kuma-gun,相良村,サガラムラ,Sagara-mura,,,,大字四浦東,オオアザヨウラヒガシ,,,,,,,,,0,0,0,0,0,0,1,1,1947-04-17,,0,,,,,,,,,,,,,,,,
435112,0001000,1,熊本県,クマモトケン,Kumamoto,球磨郡,クマグン,Kuma-gun,五木村,イツキムラ,Itsuki-mura,,,,乙,オツ,Otsu,,,,,,,,0,0,0,0,0,0,1,1,1947-04-17,,0,8680202,,,,,,,,,,,,,,,
435112,0002000,1,熊本県,クマモトケン,Kumamoto,球磨郡,クマグン,Kuma-gun,五木村,イツキムラ,Itsuki-mura,,,,甲,コウ,Ko,,,,,,,,0,0,0,0,0,0,1,1,1947-04-17,,0,8680201,,,,,,,,,,,,,,,
435112,0003000,1,熊本県,クマモトケン,Kumamoto,球磨郡,クマグン,Kuma-gun,五木村,イツキムラ,Itsuki-mura,,,,丙,ヘイ,Hei,,,,,,,,0,0,0,0,0,0,1,1,1947-04-17,,0,8680203,,,,,,,,,,,,,,,
435121,0001000,1,熊本県,クマモトケン,Kumamoto,球磨郡,クマグン,Kuma-gun,山江村,ヤマエムラ,Yamae-mura,,,,大字山田,オオアザヤマダ,Yamada,,,,,,,,0,0,0,0,0,0,1,0,1947-04-17,,0,8680092,,,,,,,,,,,,,,,
435121,0002000,1,熊本県,クマモトケン,Kumamoto,球磨郡,クマグン,Kuma-gun,山江村,ヤマエムラ,Yamae-mura,,,,大字山田甲,オオアザヤマダコウ,,,,,,,,,0,0,0,0,0,0,1,1,1947-04-17,,0,,,,,,,,,,,,,,,,
435121,0003000,1,熊本県,クマモトケン,Kumamoto,球磨郡,クマグン,Kuma-gun,山江村,ヤマエムラ,Yamae-mura,,,,大字山田乙,オオアザヤマダオツ,,,,,,,,,0,0,0,0,0,0,1,1,1947-04-17,,0,,,,,,,,,,,,,,,,
435121,0004000,1,熊本県,クマモトケン,Kumamoto,球磨郡,クマグン,Kuma-gun,山江村,ヤマエムラ,Yamae-mura,,,,大字山田丙,オオアザヤマダヘイ,,,,,,,,,0,0,0,0,0,0,1,1,1947-04-17,,0,,,,,,,,,,,,,,,,
435121,0005000,1,熊本県,クマモトケン,Kumamoto,球磨郡,クマグン,Kuma-gun,山江村,ヤマエムラ,Yamae-mura,,,,大字山田丁,ヤマダテイ,,,,,,,,,0,0,0,0,0,0,1,0,1947-04-17,,1,,,,,,,,,,,,,,,,
435121,0006000,1,熊本県,クマモトケン,Kumamoto,球磨郡,クマグン,Kuma-gun,山江村,ヤマエムラ,Yamae-mura,,,,大字山田戊,オオアザヤマダボ,,,,,,,,,0,0,0,0,0,0,1,1,1947-04-17,,0,,,,,,,,,,,,,,,,
435121,0007000,1,熊本県,クマモトケン,Kumamoto,球磨郡,クマグン,Kuma-gun,山江村,ヤマエムラ,Yamae-mura,,,,大字万江,オオアザマエ,Mae,,,,,,,,0,0,0,0,0,0,1,0,1947-04-17,,0,8680091,,,,,,,,,,,,,,,
435121,0008000,1,熊本県,クマモトケン,Kumamoto,球磨郡,クマグン,Kuma-gun,山江村,ヤマエムラ,Yamae-mura,,,,大字万江甲,オオアザマエコウ,,,,,,,,,0,0,0,0,0,0,1,1,1947-04-17,,0,,,,,,,,,,,,,,,,
435121,0009000,1,熊本県,クマモトケン,Kumamoto,球磨郡,クマグン,Kuma-gun,山江村,ヤマエムラ,Yamae-mura,,,,大字万江乙,オオアザマエオツ,,,,,,,,,0,0,0,0,0,0,1,1,1947-04-17,,0,,,,,,,,,,,,,,,,
435121,0010000,1,熊本県,クマモトケン,Kumamoto,球磨郡,クマグン,Kuma-gun,山江村,ヤマエムラ,Yamae-mura,,,,大字万江丙,オオアザマエヘイ,,,,,,,,,0,0,0,0,0,0,1,1,1947-04-17,,0,,,,,,,,,,,,,,,,
435139,0002000,1,熊本県,クマモトケン,Kumamoto,球磨郡,クマグン,Kuma-gun,球磨村,クマムラ,Kuma-mura,,,,大字大瀬,オオアザオオセ,,,,,,,,,0,0,0,0,0,0,1,1,1947-04-17,,0,,,,,,,,,,,,,,,,
435139,0006000,1,熊本県,クマモトケン,Kumamoto,球磨郡,クマグン,Kuma-gun,球磨村,クマムラ,Kuma-mura,,,,大字一勝地乙,オオアザイッショウチオツ,,,,,,,,,0,0,0,0,0,0,1,1,1947-04-17,,0,,,,,,,,,,,,,,,,
435139,0007000,1,熊本県,クマモトケン,Kumamoto,球磨郡,クマグン,Kuma-gun,球磨村,クマムラ,Kuma-mura,,,,大字三ケ浦乙,オオアザサンガウラオツ,,,,,,,,,0,0,0,0,0,0,1,1,1947-04-17,,0,,,,,,,,,,,,,,,,
435139,0008000,1,熊本県,クマモトケン,Kumamoto,球磨郡,クマグン,Kuma-gun,球磨村,クマムラ,Kuma-mura,,,,大字神瀬乙,オオアザコウノセオツ,,,,,,,,,0,0,0,0,0,0,1,1,1947-04-17,,0,,,,,,,,,,,,,,,,
435139,0009000,1,熊本県,クマモトケン,Kumamoto,球磨郡,クマグン,Kuma-gun,球磨村,クマムラ,Kuma-mura,,,,大字渡乙,オオアザワタリオツ,,,,,,,,,0,0,0,0,0,0,1,1,1947-04-17,,0,,,,,,,,,,,,,,,,
435139,0010000,1,熊本県,クマモトケン,Kumamoto,球磨郡,クマグン,Kuma-gun,球磨村,クマムラ,Kuma-mura,,,,大字一勝地甲,オオアザイッショウチコウ,,,,,,,,,0,0,0,0,0,0,1,1,1947-04-17,,0,,,,,,,,,,,,,,,,
435139,0011000,1,熊本県,クマモトケン,Kumamoto,球磨郡,クマグン,Kuma-gun,球磨村,クマムラ,Kuma-mura,,,,大字一勝地丁,オオアザイッショウチテイ,,,,,,,,,0,0,0,0,0,0,1,1,1947-04-17,,0,,,,,,,,,,,,,,,,
435139,0012000,1,熊本県,クマモトケン,Kumamoto,球磨郡,クマグン,Kuma-gun,球磨村,クマムラ,Kuma-mura,,,,大字一勝地丙,オオアザイッショウチヘイ,,,,,,,,,0,0,0,0,0,0,1,1,1947-04-17,,0,,,,,,,,,,,,,,,,
435139,0013000,1,熊本県,クマモトケン,Kumamoto,球磨郡,クマグン,Kuma-gun,球磨村,クマムラ,Kuma-mura,,,,大字三ケ浦甲,オオアザサンガウラコウ,,,,,,,,,0,0,0,0,0,0,1,1,1947-04-17,,0,,,,,,,,,,,,,,,,
435139,0014000,1,熊本県,クマモトケン,Kumamoto,球磨郡,クマグン,Kuma-gun,球磨村,クマムラ,Kuma-mura,,,,大字三ケ浦丙,オオアザサンガウラヘイ,,,,,,,,,0,0,0,0,0,0,1,1,1947-04-17,,0,,,,,,,,,,,,,,,,
435139,0015000,1,熊本県,クマモトケン,Kumamoto,球磨郡,クマグン,Kuma-gun,球磨村,クマムラ,Kuma-mura,,,,大字神瀬甲,オオアザコウノセコウ,,,,,,,,,0,0,0,0,0,0,1,1,1947-04-17,,0,,,,,,,,,,,,,,,,
435139,0016000,1,熊本県,クマモトケン,Kumamoto,球磨郡,クマグン,Kuma-gun,球磨村,クマムラ,Kuma-mura,,,,大字神瀬丁,オオアザコウノセテイ,,,,,,,,,0,0,0,0,0,0,1,1,1947-04-17,,0,,,,,,,,,,,,,,,,
435139,0017000,1,熊本県,クマモトケン,Kumamoto,球磨郡,クマグン,Kuma-gun,球磨村,クマムラ,Kuma-mura,,,,大字神瀬丙,オオアザコウノセヘイ,,,,,,,,,0,0,0,0,0,0,1,1,1947-04-17,,0,,,,,,,,,,,,,,,,
435139,0018000,1,熊本県,クマモトケン,Kumamoto,球磨郡,クマグン,Kuma-gun,球磨村,クマムラ,Kuma-mura,,,,大字渡甲,オオアザワタリコウ,,,,,,,,,0,0,0,0,0,0,1,1,1947-04-17,,0,,,,,,,,,,,,,,,,
435139,0019000,1,熊本県,クマモトケン,Kumamoto,球磨郡,クマグン,Kuma-gun,球磨村,クマムラ,Kuma-mura,,,,大字渡丙,オオアザワタリヘイ,,,,,,,,,0,0,0,0,0,0,1,1,1947-04-17,,0,,,,,,,,,,,,,,,,
435147,0001000,1,熊本県,クマモトケン,Kumamoto,球磨郡,クマグン,Kuma-gun,あさぎり町,アサギリチョウ,Asagiri-cho,,,,上北,ウエキタ,Uekita,,,,,,,,0,0,0,0,0,0,1,1,1947-04-17,,0,8680422,,,,,,,,,,,,,,,
435147,0002000,1,熊本県,クマモトケン,Kumamoto,球磨郡,クマグン,Kuma-gun,あさぎり町,アサギリチョウ,Asagiri-cho,,,,上西,ウエニシ,Uenishi,,,,,,,,0,0,0,0,0,0,1,0,1947-04-17,,0,8680424,,,,,,,,,,,,,,,
435147,0002101,3,熊本県,クマモトケン,Kumamoto,球磨郡,クマグン,Kuma-gun,あさぎり町,アサギリチョウ,Asagiri-cho,,,,上西,ウエニシ,Uenishi,,,,字荒平,アザアラヒラ,,,0,0,0,0,0,0,1,1,1947-04-17,,0,,,,,,,,,,,,,,,,
435147,0002102,3,熊本県,クマモトケン,Kumamoto,球磨郡,クマグン,Kuma-gun,あさぎり町,アサギリチョウ,Asagiri-cho,,,,上西,ウエニシ,Uenishi,,,,字ビハ,アザビワ,,,0,0,0,0,0,0,1,1,1947-04-17,,0,,,,,,,,,,,,,,,,
435147,0002103,3,熊本県,クマモトケン,Kumamoto,球磨郡,クマグン,Kuma-gun,あさぎり町,アサギリチョウ,Asagiri-cho,,,,上西,ウエニシ,Uenishi,,,,字浦田,アザウラタ,,,0,0,0,0,0,0,1,1,1947-04-17,,0,,,,,,,,,,,,,,,,
435147,0002104,3,熊本県,クマモトケン,Kumamoto,球磨郡,クマグン,Kuma-gun,あさぎり町,アサギリチョウ,Asagiri-cho,,,,上西,ウエニシ,Uenishi,,,,字瓜尾,アザウルオ,,,0,0,0,0,0,0,1,1,1947-04-17,,0,,,,,,,,,,,,,,,,
435147,0002105,3,熊本県,クマモトケン,Kumamoto,球磨郡,クマグン,Kuma-gun,あさぎり町,アサギリチョウ,Asagiri-cho,,,,上西,ウエニシ,Uenishi,,,,字榎田,アザエノキダ,,,0,0,0,0,0,0,1,1,1947-04-17,,0,,,,,,,,,,,,,,,,
435147,0002106,3,熊本県,クマモトケン,Kumamoto,球磨郡,クマグン,Kuma-gun,あさぎり町,アサギリチョウ,Asagiri-cho,,,,上西,ウエニシ,Uenishi,,,,字榎田宮ノ谷大谷山谷ノ尾,アザエノキダミヤノタニオオタニヤマタニノオ,,,0,0,0,0,0,0,1,1,1947-04-17,,0,,,,,,,,,,,,,,,,
435147,0002107,3,熊本県,クマモトケン,Kumamoto,球磨郡,クマグン,Kuma-gun,あさぎり町,アサギリチョウ,Asagiri-cho,,,,上西,ウエニシ,Uenishi,,,,字下西別府,アザシモニシベツプ,,,0,0,0,0,0,0,1,1,1947-04-17,,0,,,,,,,,,,,,,,,,
435147,0002108,3,熊本県,クマモトケン,Kumamoto,球磨郡,クマグン,Kuma-gun,あさぎり町,アサギリチョウ,Asagiri-cho,,,,上西,ウエニシ,Uenishi,,,,字桑木町小川屋伊勢ノ尾,アザクワキマチコゴヤイセノオ,,,0,0,0,0,0,0,1,1,1947-04-17,,0,,,,,,,,,,,,,,,,
435147,0002109,3,熊本県,クマモトケン,Kumamoto,球磨郡,クマグン,Kuma-gun,あさぎり町,アサギリチョウ,Asagiri-cho,,,,上西,ウエニシ,Uenishi,,,,字黒土田,アザクロツチダ,,,0,0,0,0,0,0,1,1,1947-04-17,,0,,,,,,,,,,,,,,,,
435147,0002110,3,熊本県,クマモトケン,Kumamoto,球磨郡,クマグン,Kuma-gun,あさぎり町,アサギリチョウ,Asagiri-cho,,,,上西,ウエニシ,Uenishi,,,,字桜木,アザサクラギ,,,0,0,0,0,0,0,1,1,1947-04-17,,0,,,,,,,,,,,,,,,,
435147,0002111,3,熊本県,クマモトケン,Kumamoto,球磨郡,クマグン,Kuma-gun,あさぎり町,アサギリチョウ,Asagiri-cho,,,,上西,ウエニシ,Uenishi,,,,字山下,アザヤマシタ,,,0,0,0,0,0,0,1,1,1947-04-17,,0,,,,,,,,,,,,,,,,
435147,0002112,3,熊本県,クマモトケン,Kumamoto,球磨郡,クマグン,Kuma-gun,あさぎり町,アサギリチョウ,Asagiri-cho,,,,上西,ウエニシ,Uenishi,,,,字山神山,アザヤマンカミヤマ,,,0,0,0,0,0,0,1,1,1947-04-17,,0,,,,,,,,,,,,,,,,
435147,0002113,3,熊本県,クマモトケン,Kumamoto,球磨郡,クマグン,Kuma-gun,あさぎり町,アサギリチョウ,Asagiri-cho,,,,上西,ウエニシ,Uenishi,,,,字山嶽原,アザヤマダケワラ,,,0,0,0,0,0,0,1,1,1947-04-17,,0,,,,,,,,,,,,,,,,
435147,0002114,3,熊本県,クマモトケン,Kumamoto,球磨郡,クマグン,Kuma-gun,あさぎり町,アサギリチョウ,Asagiri-cho,,,,上西,ウエニシ,Uenishi,,,,字小原,アザコバル,,,0,0,0,0,0,0,1,1,1947-04-17,,0,,,,,,,,,,,,,,,,
435147,0002115,3,熊本県,クマモトケン,Kumamoto,球磨郡,クマグン,Kuma-gun,あさぎり町,アサギリチョウ,Asagiri-cho,,,,上西,ウエニシ,Uenishi,,,,字松尾善七畑,アザマツオゼンシチコバ,,,0,0,0,0,0,0,1,1,1947-04-17,,0,,,,,,,,,,,,,,,,
435147,0002116,3,熊本県,クマモトケン,Kumamoto,球磨郡,クマグン,Kuma-gun,あさぎり町,アサギリチョウ,Asagiri-cho,,,,上西,ウエニシ,Uenishi,,,,字上川久保,アザカミカワクボ,,,0,0,0,0,0,0,1,1,1947-04-17,,0,,,,,,,,,,,,,,,,
435147,0002117,3,熊本県,クマモトケン,Kumamoto,球磨郡,クマグン,Kuma-gun,あさぎり町,アサギリチョウ,Asagiri-cho,,,,上西,ウエニシ,Uenishi,,,,字清水,アザキヨミズ,,,0,0,0,0,0,0,1,1,1947-04-17,,0,,,,,,,,,,,,,,,,
435147,0002118,3,熊本県,クマモトケン,Kumamoto,球磨郡,クマグン,Kuma-gun,あさぎり町,アサギリチョウ,Asagiri-cho,,,,上西,ウエニシ,Uenishi,,,,字西小原,アザニシコバル,,,0,0,0,0,0,0,1,1,1947-04-17,,0,,,,,,,,,,,,,,,,
435147,0002119,3,熊本県,クマモトケン,Kumamoto,球磨郡,クマグン,Kuma-gun,あさぎり町,アサギリチョウ,Asagiri-cho,,,,上西,ウエニシ,Uenishi,,,,字西清水,アザニシキヨミズ,,,0,0,0,0,0,0,1,1,1947-04-17,,0,,,,,,,,,,,,,,,,
435147,0002120,3,熊本県,クマモトケン,Kumamoto,球磨郡,クマグン,Kuma-gun,あさぎり町,アサギリチョウ,Asagiri-cho,,,,上西,ウエニシ,Uenishi,,,,字大島,アザオオシマ,,,0,0,0,0,0,0,1,1,1947-04-17,,0,,,,,,,,,,,,,,,,
435147,0002121,3,熊本県,クマモトケン,Kumamoto,球磨郡,クマグン,Kuma-gun,あさぎり町,アサギリチョウ,Asagiri-cho,,,,上西,ウエニシ,Uenishi,,,,字大木川端,アザオオキガワバタ,,,0,0,0,0,0,0,1,1,1947-04-17,,0,,,,,,,,,,,,,,,,
435147,0002122,3,熊本県,クマモトケン,Kumamoto,球磨郡,クマグン,Kuma-gun,あさぎり町,アサギリチョウ,Asagiri-cho,,,,上西,ウエニシ,Uenishi,,,,字滝谷,アザタケノタニ,,,0,0,0,0,0,0,1,1,1947-04-17,,0,,,,,,,,,,,,,,,,
435147,0002123,3,熊本県,クマモトケン,Kumamoto,球磨郡,クマグン,Kuma-gun,あさぎり町,アサギリチョウ,Asagiri-cho,,,,上西,ウエニシ,Uenishi,,,,字谷水城山,アザタニミズジヨウヤマ,,,0,0,0,0,0,0,1,1,1947-04-17,,0,,,,,,,,,,,,,,,,
435147,0002124,3,熊本県,クマモトケン,Kumamoto,球磨郡,クマグン,Kuma-gun,あさぎり町,アサギリチョウ,Asagiri-cho,,,,上西,ウエニシ,Uenishi,,,,字炭山,アザスミヤマ,,,0,0,0,0,0,0,1,1,1947-04-17,,0,,,,,,,,,,,,,,,,
435147,0002125,3,熊本県,クマモトケン,Kumamoto,球磨郡,クマグン,Kuma-gun,あさぎり町,アサギリチョウ,Asagiri-cho,,,,上西,ウエニシ,Uenishi,,,,字男鹿野立石西谷畑ノ尻,アザオシカガノタテイシノニシノタニコバノシリ,,,0,0,0,0,0,0,1,1,1947-04-17,,0,,,,,,,,,,,,,,,,
435147,0002126,3,熊本県,クマモトケン,Kumamoto,球磨郡,クマグン,Kuma-gun,あさぎり町,アサギリチョウ,Asagiri-cho,,,,上西,ウエニシ,Uenishi,,,,字竹ノ内,アザタケノウチ,,,0,0,0,0,0,0,1,1,1947-04-17,,0,,,,,,,,,,,,,,,,
435147,0002127,3,熊本県,クマモトケン,Kumamoto,球磨郡,クマグン,Kuma-gun,あさぎり町,アサギリチョウ,Asagiri-cho,,,,上西,ウエニシ,Uenishi,,,,字茶屋,アザチヤヤ,,,0,0,0,0,0,0,1,1,1947-04-17,,0,,,,,,,,,,,,,,,,
435147,0002128,3,熊本県,クマモトケン,Kumamoto,球磨郡,クマグン,Kuma-gun,あさぎり町,アサギリチョウ,Asagiri-cho,,,,上西,ウエニシ,Uenishi,,,,字茶屋場,アザチヤヤバ,,,0,0,0,0,0,0,1,1,1947-04-17,,0,,,,,,,,,,,,,,,,
435147,0002129,3,熊本県,クマモトケン,Kumamoto,球磨郡,クマグン,Kuma-gun,あさぎり町,アサギリチョウ,Asagiri-cho,,,,上西,ウエニシ,Uenishi,,,,字中別府,アザナカベツプ,,,0,0,0,0,0,0,1,1,1947-04-17,,0,,,,,,,,,,,,,,,,
435147,0002130,3,熊本県,クマモトケン,Kumamoto,球磨郡,クマグン,Kuma-gun,あさぎり町,アサギリチョウ,Asagiri-cho,,,,上西,ウエニシ,Uenishi,,,,字中別府山,アザナカベツプヤマ,,,0,0,0,0,0,0,1,1,1947-04-17,,0,,,,,,,,,,,,,,,,
435147,0002131,3,熊本県,クマモトケン,Kumamoto,球磨郡,クマグン,Kuma-gun,あさぎり町,アサギリチョウ,Asagiri-cho,,,,上西,ウエニシ,Uenishi,,,,字虫喰権現谷,アザムシクイゴンゲンダン,,,0,0,0,0,0,0,1,1,1947-04-17,,0,,,,,,,,,,,,,,,,
435147,0002132,3,熊本県,クマモトケン,Kumamoto,球磨郡,クマグン,Kuma-gun,あさぎり町,アサギリチョウ,Asagiri-cho,,,,上西,ウエニシ,Uenishi,,,,字塚脇,アザツカノワキ,,,0,0,0,0,0,0,1,1,1947-04-17,,0,,,,,,,,,,,,,,,,
435147,0002133,3,熊本県,クマモトケン,Kumamoto,球磨郡,クマグン,Kuma-gun,あさぎり町,アサギリチョウ,Asagiri-cho,,,,上西,ウエニシ,Uenishi,,,,字東小原,アザヒガシコバル,,,0,0,0,0,0,0,1,1,1947-04-17,,0,,,,,,,,,,,,,,,,
435147,0002134,3,熊本県,クマモトケン,Kumamoto,球磨郡,クマグン,Kuma-gun,あさぎり町,アサギリチョウ,Asagiri-cho,,,,上西,ウエニシ,Uenishi,,,,字湯龍庵水口,アザユリユウアンミズクチ,,,0,0,0,0,0,0,1,1,1947-04-17,,0,,,,,,,,,,,,,,,,
435147,0002135,3,熊本県,クマモトケン,Kumamoto,球磨郡,クマグン,Kuma-gun,あさぎり町,アサギリチョウ,Asagiri-cho,,,,上西,ウエニシ,Uenishi,,,,字南黒土田,アザミナミクロツチダ,,,0,0,0,0,0,0,1,1,1947-04-17,,0,,,,,,,,,,,,,,,,
435147,0002136,3,熊本県,クマモトケン,Kumamoto,球磨郡,クマグン,Kuma-gun,あさぎり町,アサギリチョウ,Asagiri-cho,,,,上西,ウエニシ,Uenishi,,,,字南清水,アザミナミキヨミズ,,,0,0,0,0,0,0,1,1,1947-04-17,,0,,,,,,,,,,,,,,,,
435147,0002137,3,熊本県,クマモトケン,Kumamoto,球磨郡,クマグン,Kuma-gun,あさぎり町,アサギリチョウ,Asagiri-cho,,,,上西,ウエニシ,Uenishi,,,,字尾鉢,アザオバチ,,,0,0,0,0,0,0,1,1,1947-04-17,,0,,,,,,,,,,,,,,,,
435147,0002138,3,熊本県,クマモトケン,Kumamoto,球磨郡,クマグン,Kuma-gun,あさぎり町,アサギリチョウ,Asagiri-cho,,,,上西,ウエニシ,Uenishi,,,,字夫次郎,アザフジロウ,,,0,0,0,0,0,0,1,1,1947-04-17,,0,,,,,,,,,,,,,,,,
435147,0002139,3,熊本県,クマモトケン,Kumamoto,球磨郡,クマグン,Kuma-gun,あさぎり町,アサギリチョウ,Asagiri-cho,,,,上西,ウエニシ,Uenishi,,,,字堀川,アザホリゴウ,,,0,0,0,0,0,0,1,1,1947-04-17,,0,,,,,,,,,,,,,,,,
435147,0002140,3,熊本県,クマモトケン,Kumamoto,球磨郡,クマグン,Kuma-gun,あさぎり町,アサギリチョウ,Asagiri-cho,,,,上西,ウエニシ,Uenishi,,,,字薮田,アザヤブタ,,,0,0,0,0,0,0,1,1,1947-04-17,,0,,,,,,,,,,,,,,,,
435147,0002141,3,熊本県,クマモトケン,Kumamoto,球磨郡,クマグン,Kuma-gun,あさぎり町,アサギリチョウ,Asagiri-cho,,,,上西,ウエニシ,Uenishi,,,,字脇ノ前,アザワキノマエ,,,0,0,0,0,0,0,1,1,1947-04-17,,0,,,,,,,,,,,,,,,,
435147,0003000,1,熊本県,クマモトケン,Kumamoto,球磨郡,クマグン,Kuma-gun,あさぎり町,アサギリチョウ,Asagiri-cho,,,,上東,ウエヒガシ,Uehigashi,,,,,,,,0,0,0,0,0,0,1,1,1947-04-17,,0,8680421,,,,,,,,,,,,,,,
435147,0004000,1,熊本県,クマモトケン,Kumamoto,球磨郡,クマグン,Kuma-gun,あさぎり町,アサギリチョウ,Asagiri-cho,,,,上南,ウエミナミ,Ueminami,,,,,,,,0,0,0,0,0,0,1,1,1947-04-17,,0,8680423,,,,,,,,,,,,,,,
435147,0005000,1,熊本県,クマモトケン,Kumamoto,球磨郡,クマグン,Kuma-gun,あさぎり町,アサギリチョウ,Asagiri-cho,,,,岡原北,オカハルキタ,Okaharukita,,,,,,,,0,0,0,0,0,0,1,0,1947-04-17,,0,8680431,,,,,,,,,,,,,,,
435147,0005101,3,熊本県,クマモトケン,Kumamoto,球磨郡,クマグン,Kuma-gun,あさぎり町,アサギリチョウ,Asagiri-cho,,,,岡原北,オカハルキタ,Okaharukita,,,,字伊勢本,アザイセモト,,,0,0,0,0,0,0,1,1,1947-04-17,,0,,,,,,,,,,,,,,,,
435147,0005102,3,熊本県,クマモトケン,Kumamoto,球磨郡,クマグン,Kuma-gun,あさぎり町,アサギリチョウ,Asagiri-cho,,,,岡原北,オカハルキタ,Okaharukita,,,,字ショウシ畑,アザシヨウジコバ,,,0,0,0,0,0,0,1,1,1947-04-17,,0,,,,,,,,,,,,,,,,
435147,0005103,3,熊本県,クマモトケン,Kumamoto,球磨郡,クマグン,Kuma-gun,あさぎり町,アサギリチョウ,Asagiri-cho,,,,岡原北,オカハルキタ,Okaharukita,,,,字ホヲキ,アザホオギ,,,0,0,0,0,0,0,1,1,1947-04-17,,0,,,,,,,,,,,,,,,,
435147,0005104,3,熊本県,クマモトケン,Kumamoto,球磨郡,クマグン,Kuma-gun,あさぎり町,アサギリチョウ,Asagiri-cho,,,,岡原北,オカハルキタ,Okaharukita,,,,字宇土山,アザウトヤマ,,,0,0,0,0,0,0,1,1,1947-04-17,,0,,,,,,,,,,,,,,,,
435147,0005105,3,熊本県,クマモトケン,Kumamoto,球磨郡,クマグン,Kuma-gun,あさぎり町,アサギリチョウ,Asagiri-cho,,,,岡原北,オカハルキタ,Okaharukita,,,,字永北,アザナガキタ,,,0,0,0,0,0,0,1,1,1947-04-17,,0,,,,,,,,,,,,,,,,
435147,0005106,3,熊本県,クマモトケン,Kumamoto,球磨郡,クマグン,Kuma-gun,あさぎり町,アサギリチョウ,Asagiri-cho,,,,岡原北,オカハルキタ,Okaharukita,,,,字園川,アザソノゴウ,,,0,0,0,0,0,0,1,1,1947-04-17,,0,,,,,,,,,,,,,,,,
435147,0005107,3,熊本県,クマモトケン,Kumamoto,球磨郡,クマグン,Kuma-gun,あさぎり町,アサギリチョウ,Asagiri-cho,,,,岡原北,オカハルキタ,Okaharukita,,,,字家平川内,アザエヒラゴウチ,,,0,0,0,0,0,0,1,1,1947-04-17,,0,,,,,,,,,,,,,,,,
435147,0005108,3,熊本県,クマモトケン,Kumamoto,球磨郡,クマグン,Kuma-gun,あさぎり町,アサギリチョウ,Asagiri-cho,,,,岡原北,オカハルキタ,Okaharukita,,,,字岩觸,アザイワブレ,,,0,0,0,0,0,0,1,1,1947-04-17,,0,,,,,,,,,,,,,,,,
435147,0005109,3,熊本県,クマモトケン,Kumamoto,球磨郡,クマグン,Kuma-gun,あさぎり町,アサギリチョウ,Asagiri-cho,,,,岡原北,オカハルキタ,Okaharukita,,,,字宮ノ谷,アザミヤノタニ,,,0,0,0,0,0,0,1,1,1947-04-17,,0,,,,,,,,,,,,,,,,
435147,0005110,3,熊本県,クマモトケン,Kumamoto,球磨郡,クマグン,Kuma-gun,あさぎり町,アサギリチョウ,Asagiri-cho,,,,岡原北,オカハルキタ,Okaharukita,,,,字宮野,アザミヤノ,,,0,0,0,0,0,0,1,1,1947-04-17,,0,,,,,,,,,,,,,,,,
435147,0005111,3,熊本県,クマモトケン,Kumamoto,球磨郡,クマグン,Kuma-gun,あさぎり町,アサギリチョウ,Asagiri-cho,,,,岡原北,オカハルキタ,Okaharukita,,,,字黒原,アザクロバル,,,0,0,0,0,0,0,1,1,1947-04-17,,0,,,,,,,,,,,,,,,,
435147,0005112,3,熊本県,クマモトケン,Kumamoto,球磨郡,クマグン,Kuma-gun,あさぎり町,アサギリチョウ,Asagiri-cho,,,,岡原北,オカハルキタ,Okaharukita,,,,字坂井谷,アザサカイダニ,,,0,0,0,0,0,0,1,1,1947-04-17,,0,,,,,,,,,,,,,,,,
435147,0005113,3,熊本県,クマモトケン,Kumamoto,球磨郡,クマグン,Kuma-gun,あさぎり町,アサギリチョウ,Asagiri-cho,,,,岡原北,オカハルキタ,Okaharukita,,,,字山王,アザサンノウ,,,0,0,0,0,0,0,1,1,1947-04-17,,0,,,,,,,,,,,,,,,,
435147,0005114,3,熊本県,クマモトケン,Kumamoto,球磨郡,クマグン,Kuma-gun,あさぎり町,アサギリチョウ,Asagiri-cho,,,,岡原北,オカハルキタ,Okaharukita,,,,字寺下,アザテラシタ,,,0,0,0,0,0,0,1,1,1947-04-17,,0,,,,,,,,,,,,,,,,
435147,0005115,3,熊本県,クマモトケン,Kumamoto,球磨郡,クマグン,Kuma-gun,あさぎり町,アサギリチョウ,Asagiri-cho,,,,岡原北,オカハルキタ,Okaharukita,,,,字舟川,アザフナゴウ,,,0,0,0,0,0,0,1,1,1947-04-17,,0,,,,,,,,,,,,,,,,
435147,0005116,3,熊本県,クマモトケン,Kumamoto,球磨郡,クマグン,Kuma-gun,あさぎり町,アサギリチョウ,Asagiri-cho,,,,岡原北,オカハルキタ,Okaharukita,,,,字松ケ野,アザマツガノ,,,0,0,0,0,0,0,1,1,1947-04-17,,0,,,,,,,,,,,,,,,,
435147,0005117,3,熊本県,クマモトケン,Kumamoto,球磨郡,クマグン,Kuma-gun,あさぎり町,アサギリチョウ,Asagiri-cho,,,,岡原北,オカハルキタ,Okaharukita,,,,字城山,アザジヨウヤマ,,,0,0,0,0,0,0,1,1,1947-04-17,,0,,,,,,,,,,,,,,,,
435147,0005118,3,熊本県,クマモトケン,Kumamoto,球磨郡,クマグン,Kuma-gun,あさぎり町,アサギリチョウ,Asagiri-cho,,,,岡原北,オカハルキタ,Okaharukita,,,,字新別府,アザシンベツプ,,,0,0,0,0,0,0,1,1,1947-04-17,,0,,,,,,,,,,,,,,,,
435147,0005119,3,熊本県,クマモトケン,Kumamoto,球磨郡,クマグン,Kuma-gun,あさぎり町,アサギリチョウ,Asagiri-cho,,,,岡原北,オカハルキタ,Okaharukita,,,,字石閑畑,アザセツカンバタ,,,0,0,0,0,0,0,1,1,1947-04-17,,0,,,,,,,,,,,,,,,,
435147,0005120,3,熊本県,クマモトケン,Kumamoto,球磨郡,クマグン,Kuma-gun,あさぎり町,アサギリチョウ,Asagiri-cho,,,,岡原北,オカハルキタ,Okaharukita,,,,字切畑,アザキリハタ,,,0,0,0,0,0,0,1,1,1947-04-17,,0,,,,,,,,,,,,,,,,
435147,0005121,3,熊本県,クマモトケン,Kumamoto,球磨郡,クマグン,Kuma-gun,あさぎり町,アサギリチョウ,Asagiri-cho,,,,岡原北,オカハルキタ,Okaharukita,,,,字中島,アザナカシマ,,,0,0,0,0,0,0,1,1,1947-04-17,,0,,,,,,,,,,,,,,,,
435147,0005122,3,熊本県,クマモトケン,Kumamoto,球磨郡,クマグン,Kuma-gun,あさぎり町,アサギリチョウ,Asagiri-cho,,,,岡原北,オカハルキタ,Okaharukita,,,,字天神,アザテンジン,,,0,0,0,0,0,0,1,1,1947-04-17,,0,,,,,,,,,,,,,,,,
435147,0005123,3,熊本県,クマモトケン,Kumamoto,球磨郡,クマグン,Kuma-gun,あさぎり町,アサギリチョウ,Asagiri-cho,,,,岡原北,オカハルキタ,Okaharukita,,,,字土手谷,アザドテンタニ,,,0,0,0,0,0,0,1,1,1947-04-17,,0,,,,,,,,,,,,,,,,
435147,0005124,3,熊本県,クマモトケン,Kumamoto,球磨郡,クマグン,Kuma-gun,あさぎり町,アサギリチョウ,Asagiri-cho,,,,岡原北,オカハルキタ,Okaharukita,,,,字梅子,アザウメコ,,,0,0,0,0,0,0,1,1,1947-04-17,,0,,,,,,,,,,,,,,,,
435147,0005125,3,熊本県,クマモトケン,Kumamoto,球磨郡,クマグン,Kuma-gun,あさぎり町,アサギリチョウ,Asagiri-cho,,,,岡原北,オカハルキタ,Okaharukita,,,,字白木平,アザシラキビラ,,,0,0,0,0,0,0,1,1,1947-04-17,,0,,,,,,,,,,,,,,,,
435147,0005126,3,熊本県,クマモトケン,Kumamoto,球磨郡,クマグン,Kuma-gun,あさぎり町,アサギリチョウ,Asagiri-cho,,,,岡原北,オカハルキタ,Okaharukita,,,,字布子谷,アザヌノコダニ,,,0,0,0,0,0,0,1,1,1947-04-17,,0,,,,,,,,,,,,,,,,
435147,0005127,3,熊本県,クマモトケン,Kumamoto,球磨郡,クマグン,Kuma-gun,あさぎり町,アサギリチョウ,Asagiri-cho,,,,岡原北,オカハルキタ,Okaharukita,,,,字野中田,アザノナカダ,,,0,0,0,0,0,0,1,1,1947-04-17,,0,,,,,,,,,,,,,,,,
435147,0005128,3,熊本県,クマモトケン,Kumamoto,球磨郡,クマグン,Kuma-gun,あさぎり町,アサギリチョウ,Asagiri-cho,,,,岡原北,オカハルキタ,Okaharukita,,,,字麓,アザフモト,,,0,0,0,0,0,0,1,1,1947-04-17,,0,,,,,,,,,,,,,,,,
435147,0006000,1,熊本県,クマモトケン,Kumamoto,球磨郡,クマグン,Kuma-gun,あさぎり町,アサギリチョウ,Asagiri-cho,,,,岡原南,オカハルミナミ,Okaharuminami,,,,,,,,0,0,0,0,0,0,1,1,1947-04-17,,0,8680432,,,,,,,,,,,,,,,
435147,0007000,1,熊本県,クマモトケン,Kumamoto,球磨郡,クマグン,Kuma-gun,あさぎり町,アサギリチョウ,Asagiri-cho,,,,須恵,スエ,Sue,,,,,,,,0,0,0,0,0,0,1,1,1947-04-17,,0,8680451,,,,,,,,,,,,,,,
435147,0007102,3,熊本県,クマモトケン,Kumamoto,球磨郡,クマグン,Kuma-gun,あさぎり町,アサギリチョウ,Asagiri-cho,,,,須恵,スエ,Sue,,,,阿蘇,アソ,,,0,0,0,0,0,0,1,0,1947-04-17,,0,,,,,,,,,,,,,,,,
435147,0007108,3,熊本県,クマモトケン,Kumamoto,球磨郡,クマグン,Kuma-gun,あさぎり町,アサギリチョウ,Asagiri-cho,,,,須恵,スエ,Sue,,,,覚井,カクイ,,,0,0,0,0,0,0,1,0,1947-04-17,,0,,,,,,,,,,,,,,,,
435147,0007114,3,熊本県,クマモトケン,Kumamoto,球磨郡,クマグン,Kuma-gun,あさぎり町,アサギリチョウ,Asagiri-cho,,,,須恵,スエ,Sue,,,,光原,コウバル,,,0,0,0,0,0,0,1,0,1947-04-17,,0,,,,,,,,,,,,,,,,
435147,0007118,3,熊本県,クマモトケン,Kumamoto,球磨郡,クマグン,Kuma-gun,あさぎり町,アサギリチョウ,Asagiri-cho,,,,須恵,スエ,Sue,,,,今村,イマムラ,,,0,0,0,0,0,0,1,0,1947-04-17,,0,,,,,,,,,,,,,,,,
435147,0007128,3,熊本県,クマモトケン,Kumamoto,球磨郡,クマグン,Kuma-gun,あさぎり町,アサギリチョウ,Asagiri-cho,,,,須恵,スエ,Sue,,,,松尾,マツオ,,,0,0,0,0,0,0,1,0,1947-04-17,,0,,,,,,,,,,,,,,,,
435147,0007130,3,熊本県,クマモトケン,Kumamoto,球磨郡,クマグン,Kuma-gun,あさぎり町,アサギリチョウ,Asagiri-cho,,,,須恵,スエ,Sue,,,,上手,ウワデ,,,0,0,0,0,0,0,1,0,1947-04-17,,0,,,,,,,,,,,,,,,,
435147,0007141,3,熊本県,クマモトケン,Kumamoto,球磨郡,クマグン,Kuma-gun,あさぎり町,アサギリチョウ,Asagiri-cho,,,,須恵,スエ,Sue,,,,石坂,イシザカ,,,0,0,0,0,0,0,1,0,1947-04-17,,0,,,,,,,,,,,,,,,,
435147,0007142,3,熊本県,クマモトケン,Kumamoto,球磨郡,クマグン,Kuma-gun,あさぎり町,アサギリチョウ,Asagiri-cho,,,,須恵,スエ,Sue,,,,川瀬,カワゼ,,,0,0,0,0,0,0,1,0,1947-04-17,,0,,,,,,,,,,,,,,,,
435147,0007151,3,熊本県,クマモトケン,Kumamoto,球磨郡,クマグン,Kuma-gun,あさぎり町,アサギリチョウ,Asagiri-cho,,,,須恵,スエ,Sue,,,,中ノ谷,ナカノタニ,,,0,0,0,0,0,0,1,0,1947-04-17,,0,,,,,,,,,,,,,,,,
435147,0007152,3,熊本県,クマモトケン,Kumamoto,球磨郡,クマグン,Kuma-gun,あさぎり町,アサギリチョウ,Asagiri-cho,,,,須恵,スエ,Sue,,,,中島,ナカシマ,,,0,0,0,0,0,0,1,0,1947-04-17,,0,,,,,,,,,,,,,,,,
435147,0007158,3,熊本県,クマモトケン,Kumamoto,球磨郡,クマグン,Kuma-gun,あさぎり町,アサギリチョウ,Asagiri-cho,,,,須恵,スエ,Sue,,,,湯ノ原,ユノハラ,,,0,0,0,0,0,0,1,0,1947-04-17,,0,,,,,,,,,,,,,,,,
435147,0007176,3,熊本県,クマモトケン,Kumamoto,球磨郡,クマグン,Kuma-gun,あさぎり町,アサギリチョウ,Asagiri-cho,,,,須恵,スエ,Sue,,,,平山,ヒラヤマ,,,0,0,0,0,0,0,1,0,1947-04-17,,0,,,,,,,,,,,,,,,,
435147,0007187,3,熊本県,クマモトケン,Kumamoto,球磨郡,クマグン,Kuma-gun,あさぎり町,アサギリチョウ,Asagiri-cho,,,,須恵,スエ,,,,,屯所,トントコロ,,,0,0,0,0,0,0,1,0,1947-04-17,,1,,,,,,,,,,,,,,,,
435147,0007188,3,熊本県,クマモトケン,Kumamoto,球磨郡,クマグン,Kuma-gun,あさぎり町,アサギリチョウ,Asagiri-cho,,,,須恵,スエ,,,,,浜上,ハマノウエ,,,0,0,0,0,0,0,1,0,1947-04-17,,1,,,,,,,,,,,,,,,,
435147,0007189,3,熊本県,クマモトケン,Kumamoto,球磨郡,クマグン,Kuma-gun,あさぎり町,アサギリチョウ,Asagiri-cho,,,,須恵,スエ,,,,,竹原,タケハラ,,,0,0,0,0,0,0,1,0,1947-04-17,,1,,,,,,,,,,,,,,,,
435147,0008000,1,熊本県,クマモトケン,Kumamoto,球磨郡,クマグン,Kuma-gun,あさぎり町,アサギリチョウ,Asagiri-cho,,,,深田北,フカダキタ,Fukadakita,,,,,,,,0,0,0,0,0,0,1,1,1947-04-17,,0,8680441,,,,,,,,,,,,,,,
435147,0009000,1,熊本県,クマモトケン,Kumamoto,球磨郡,クマグン,Kuma-gun,あさぎり町,アサギリチョウ,Asagiri-cho,,,,深田西,フカダニシ,Fukadanishi,,,,,,,,0,0,0,0,0,0,1,1,1947-04-17,,0,8680444,,,,,,,,,,,,,,,
435147,0010000,1,熊本県,クマモトケン,Kumamoto,球磨郡,クマグン,Kuma-gun,あさぎり町,アサギリチョウ,Asagiri-cho,,,,深田東,フカダヒガシ,Fukadahigashi,,,,,,,,0,0,0,0,0,0,1,1,1947-04-17,,0,8680442,,,,,,,,,,,,,,,
435147,0011000,1,熊本県,クマモトケン,Kumamoto,球磨郡,クマグン,Kuma-gun,あさぎり町,アサギリチョウ,Asagiri-cho,,,,深田南,フカダミナミ,Fukadaminami,,,,,,,,0,0,0,0,0,0,1,1,1947-04-17,,0,8680443,,,,,,,,,,,,,,,
435147,0012000,1,熊本県,クマモトケン,Kumamoto,球磨郡,クマグン,Kuma-gun,あさぎり町,アサギリチョウ,Asagiri-cho,,,,皆越,ミナゴエ,Minagoe,,,,,,,,0,0,0,0,0,0,1,1,1947-04-17,,0,8680425,,,,,,,,,,,,,,,
435147,0013000,1,熊本県,クマモトケン,Kumamoto,球磨郡,クマグン,Kuma-gun,あさぎり町,アサギリチョウ,Asagiri-cho,,,,免田西,メンダニシ,Mendanishi,,,,,,,,0,0,0,0,0,0,1,1,1947-04-17,,0,8680415,,,,,,,,,,,,,,,
435147,0013101,3,熊本県,クマモトケン,Kumamoto,球磨郡,クマグン,Kuma-gun,あさぎり町,アサギリチョウ,Asagiri-cho,,,,免田西,メンダニシ,Mendanishi,,,,永才,ナガサイ,,,0,0,0,0,0,0,1,0,1947-04-17,,0,,,,,,,,,,,,,,,,
435147,0013108,3,熊本県,クマモトケン,Kumamoto,球磨郡,クマグン,Kuma-gun,あさぎり町,アサギリチョウ,Asagiri-cho,,,,免田西,メンダニシ,Mendanishi,,,,黒田,クロダ,,,0,0,0,0,0,0,1,0,1947-04-17,,0,,,,,,,,,,,,,,,,
435147,0013117,3,熊本県,クマモトケン,Kumamoto,球磨郡,クマグン,Kuma-gun,あさぎり町,アサギリチョウ,Asagiri-cho,,,,免田西,メンダニ,,,,,二子,シフタゴ,,,0,0,0,0,0,0,1,0,1947-04-17,,1,,,,,,,,,,,,,,,,
435147,0013118,3,熊本県,クマモトケン,Kumamoto,球磨郡,クマグン,Kuma-gun,あさぎり町,アサギリチョウ,Asagiri-cho,,,,免田西,メンダニシ,,,,,下乙,シモウト,,,0,0,0,0,0,0,1,0,1947-04-17,,1,,,,,,,,,,,,,,,,
435147,0014000,1,熊本県,クマモトケン,Kumamoto,球磨郡,クマグン,Kuma-gun,あさぎり町,アサギリチョウ,Asagiri-cho,,,,免田東,メンダヒガシ,Mendahigashi,,,,,,,,0,0,0,0,0,0,1,1,1947-04-17,,0,8680408,,,,,,,,,,,,,,,
435147,0014101,3,熊本県,クマモトケン,Kumamoto,球磨郡,クマグン,Kuma-gun,あさぎり町,アサギリチョウ,Asagiri-cho,,,,免田東,メンダヒガシ,Mendahigashi,,,,吉井,ヨシイ,,,0,0,0,0,0,0,1,0,1947-04-17,,0,,,,,,,,,,,,,,,,
435147,0014102,3,熊本県,クマモトケン,Kumamoto,球磨郡,クマグン,Kuma-gun,あさぎり町,アサギリチョウ,Asagiri-cho,,,,免田東,メンダヒガシ,Mendahigashi,,,,久鹿,クシカ,,,0,0,0,0,0,0,1,0,1947-04-17,,0,,,,,,,,,,,,,,,,
435147,0014103,3,熊本県,クマモトケン,Kumamoto,球磨郡,クマグン,Kuma-gun,あさぎり町,アサギリチョウ,Asagiri-cho,,,,免田東,メンダヒガシ,Mendahigashi,,,,築地,ツイジ,,,0,0,0,0,0,0,1,0,1947-04-17,,0,,,,,,,,,,,,,,,,
435147,0014104,3,熊本県,クマモトケン,Kumamoto,球磨郡,クマグン,Kuma-gun,あさぎり町,アサギリチョウ,Asagiri-cho,,,,免田東,メンダヒガシ,Mendahigashi,,,,二子,フタゴ,,,0,0,0,0,0,0,1,0,1947-04-17,,0,,,,,,,,,,,,,,,,
435147,0014110,3,熊本県,クマモトケン,Kumamoto,球磨郡,クマグン,Kuma-gun,あさぎり町,アサギリチョウ,Asagiri-cho,,,,免田東,メンダヒガシ,,,,,八幡町,ハチマンチヨウ,,,0,0,0,0,0,0,1,0,1947-04-17,,1,,,,,,,,,,,,,,,,
435147,0014111,3,熊本県,クマモトケン,Kumamoto,球磨郡,クマグン,Kuma-gun,あさぎり町,アサギリチョウ,Asagiri-cho,,,,免田東,メンダヒガシ,,,,,大正町,タイシヨウマチ,,,0,0,0,0,0,0,1,0,1947-04-17,,1,,,,,,,,,,,,,,,,
435147,0014112,3,熊本県,クマモトケン,Kumamoto,球磨郡,クマグン,Kuma-gun,あさぎり町,アサギリチョウ,Asagiri-cho,,,,免田東,メンダヒガシ,,,,,本町,ホンマチ,,,0,0,0,0,0,0,1,0,1947-04-17,,1,,,,,,,,,,,,,,,,
435317,0002000,1,熊本県,クマモトケン,Kumamoto,天草郡,アマクサグン,Amakusa-gun,苓北町,レイホクマチ,Reihoku-machi,,,,上津深江,コウツフカエ,Kotsufukae,,,,,,,,0,0,0,0,0,0,1,1,1947-04-17,,0,8632502,,,,,,,,,,,,,,,
435317,0003000,1,熊本県,クマモトケン,Kumamoto,天草郡,アマクサグン,Amakusa-gun,苓北町,レイホクマチ,Reihoku-machi,,,,坂瀬川,サカセガワ,Sakasegawa,,,,,,,,0,0,0,0,0,0,1,1,1947-04-17,,0,8632501,,,,,,,,,,,,,,,
435317,0004000,1,熊本県,クマモトケン,Kumamoto,天草郡,アマクサグン,Amakusa-gun,苓北町,レイホクマチ,Reihoku-machi,,,,志岐,シキ,,,,,,,,,0,0,0,0,0,0,1,0,1947-04-17,,1,,,,,,,,,,,,,,,,
435317,0005000,1,熊本県,クマモトケン,Kumamoto,天草郡,アマクサグン,Amakusa-gun,苓北町,レイホクマチ,Reihoku-machi,,,,都呂々,トロロ,,,,,,,,,0,0,0,0,0,0,1,0,1947-04-17,,1,,,,,,,,,,,,,,,,
435317,0006000,1,熊本県,クマモトケン,Kumamoto,天草郡,アマクサグン,Amakusa-gun,苓北町,レイホクマチ,Reihoku-machi,,,,内田,ウチダ,,,,,,,,,0,0,0,0,0,0,1,0,1947-04-17,,1,,,,,,,,,,,,,,,,
435317,0007000,1,熊本県,クマモトケン,Kumamoto,天草郡,アマクサグン,Amakusa-gun,苓北町,レイホクマチ,Reihoku-machi,,,,年柄,トシカラ,,,,,,,,,0,0,0,0,0,0,1,0,1947-04-17,,1,,,,,,,,,,,,,,,,
435317,0008000,1,熊本県,クマモトケン,Kumamoto,天草郡,アマクサグン,Amakusa-gun,苓北町,レイホクマチ,Reihoku-machi,,,,白木尾,シラキオ,,,,,,,,,0,0,0,0,0,0,1,0,1947-04-17,,1,,,,,,,,,,,,,,,,
435317,0009000,1,熊本県,クマモトケン,Kumamoto,天草郡,アマクサグン,Amakusa-gun,苓北町,レイホクマチ,Reihoku-machi,,,,富岡,トミオカ,,,,,,,,,0,0,0,0,0,0,1,0,1947-04-17,,1,,,,,,,,,,,,,,,,
