lg_code,machiaza_id,machiaza_type,pref,pref_kana,pref_roma,county,county_kana,county_roma,city,city_kana,city_roma,ward,ward_kana,ward_roma,oaza_cho,oaza_cho_kana,oaza_cho_roma,chome,chome_kana,chome_number,koaza,koaza_kana,koaza_roma,machiaza_dist,rsdt_addr_flg,rsdt_addr_mtd_code,oaza_cho_aka_flg,koaza_aka_code,oaza_cho_gsi_uncmn,koaza_gsi_uncmn,status_flg,wake_num_flg,efct_date,ablt_date,src_code,post_code,oaza_cho_uncmn_reg,oaza_cho_uncmn_mj,oaza_cho_uncmn_type,oaza_cho_uncmn_code,koaza_uncmn_reg,koaza_uncmn_mj,koaza_uncmn_type,koaza_uncmn_code,alias_oaza,alias_oaza_kana,alias_oaza_roma,alias_koaza,alias_koaza_kana,alias_koaza_roma,remarks
082015,0000239,3,茨城県,イバラキケン,Ibaraki,,,,水戸市,ミトシ,Mito-shi,,,,,,,,,,中台,ナカダイ,,,0,0,0,1,0,0,2,1,1947-04-17,,0,,,,,,,,,,,,,,,,
082015,0001000,1,茨城県,イバラキケン,Ibaraki,,,,水戸市,ミトシ,Mito-shi,,,,青柳町,アオヤギチョウ,Aoyagicho,,,,,,,,0,0,0,0,0,0,1,1,1947-04-17,,0,3100004,,,,,,,,,,,,,,,
082015,0002000,1,茨城県,イバラキケン,Ibaraki,,,,水戸市,ミトシ,Mito-shi,,,,赤尾関町,アカオセキチョウ,Akaosekicho,,,,,,,,0,0,0,0,0,0,1,1,1947-04-17,,0,3190314,,,,,,,,,,,,,,,
082015,0003001,2,茨城県,イバラキケン,Ibaraki,,,,水戸市,ミトシ,Mito-shi,,,,赤塚,アカツカ,Akatsuka,１丁目,１チョウメ,1,,,,,0,0,0,0,0,0,1,1,1947-04-17,,0,,,*_MJ030194,,,,,,,,,,,,,
082015,0003002,2,茨城県,イバラキケン,Ibaraki,,,,水戸市,ミトシ,Mito-shi,,,,赤塚,アカツカ,Akatsuka,２丁目,２チョウメ,2,,,,,0,0,0,0,0,0,1,1,1947-04-17,,0,,,*_MJ030194,,,,,,,,,,,,,
082015,0004000,1,茨城県,イバラキケン,Ibaraki,,,,水戸市,ミトシ,Mito-shi,,,,秋成町,アキナリチョウ,Akinaricho,,,,,,,,0,0,0,0,0,0,1,1,1947-04-17,,0,3111122,,,,,,,,,,,,,,,
082015,0005000,1,茨城県,イバラキケン,Ibaraki,,,,水戸市,ミトシ,Mito-shi,,,,圷大野,アクツオオノ,Akutsuono,,,,,,,,0,0,0,0,0,0,1,1,1947-04-17,,0,3100822,,,,,,,,,,,,,,,
082015,0006000,1,茨城県,イバラキケン,Ibaraki,,,,水戸市,ミトシ,Mito-shi,,,,曙町,アケボノチョウ,Akebonocho,,,,,,,,1,1,0,0,0,0,1,1,1947-04-17,,0,3100046,,,,,,,,,,,,,,,
082015,0007000,1,茨城県,イバラキケン,Ibaraki,,,,水戸市,ミトシ,Mito-shi,,,,朝日町,アサヒチョウ,Asahicho,,,,,,,,0,0,0,0,0,0,1,1,1947-04-17,,0,3100831,,,,,,,,,,,,,,,
082015,0008000,1,茨城県,イバラキケン,Ibaraki,,,,水戸市,ミトシ,Mito-shi,,,,愛宕町,アタゴチョウ,Atagocho,,,,,,,,0,0,0,0,0,0,1,1,1947-04-17,,0,3100054,,,,,,,,,,,,,,,
082015,0008000,1,茨城県,イバラキケン,Ibaraki,,,,水戸市,ミトシ,Mito-shi,,,,愛宕町,アタゴチョウ,Atagocho,,,,,,,,1,1,0,0,0,0,1,1,1947-04-17,,0,3100054,,,,,,,,,,,,,,,
082015,0009000,1,茨城県,イバラキケン,Ibaraki,,,,水戸市,ミトシ,Mito-shi,,,,木葉下町,アボッケチョウ,Abokkecho,,,,,,,,0,0,0,0,0,0,1,1,1947-04-17,,0,3114165,,,,,,,,,,,,,,,
082015,0010000,1,茨城県,イバラキケン,Ibaraki,,,,水戸市,ミトシ,Mito-shi,,,,有賀町,アリガチョウ,Arigacho,,,,,,,,0,0,0,0,0,0,1,1,1947-04-17,,0,3190304,,,,,,,,,,,,,,,
082015,0011000,1,茨城県,イバラキケン,Ibaraki,,,,水戸市,ミトシ,Mito-shi,,,,飯島町,イイジマチョウ,Iijimacho,,,,,,,,0,0,0,0,0,0,1,1,1947-04-17,,0,3114155,,,,,,,,,,,,,,,
082015,0012000,1,茨城県,イバラキケン,Ibaraki,,,,水戸市,ミトシ,Mito-shi,,,,飯富町,イイトミチョウ,Iitomicho,,,,,,,,0,0,0,0,0,0,1,1,1947-04-17,,0,3114206,,,,,,,,,,,,,,,
082015,0013001,2,茨城県,イバラキケン,Ibaraki,,,,水戸市,ミトシ,Mito-shi,,,,石川,イシカワ,Ishikawa,１丁目,１チョウメ,1,,,,,0,0,0,0,0,0,1,1,1947-04-17,,0,,,,,,,,,,,,,,,,
082015,0013002,2,茨城県,イバラキケン,Ibaraki,,,,水戸市,ミトシ,Mito-shi,,,,石川,イシカワ,Ishikawa,２丁目,２チョウメ,2,,,,,0,0,0,0,0,0,1,1,1947-04-17,,0,,,,,,,,,,,,,,,,
082015,0013003,2,茨城県,イバラキケン,Ibaraki,,,,水戸市,ミトシ,Mito-shi,,,,石川,イシカワ,Ishikawa,３丁目,３チョウメ,3,,,,,0,0,0,0,0,0,1,1,1947-04-17,,0,,,,,,,,,,,,,,,,
082015,0013004,2,茨城県,イバラキケン,Ibaraki,,,,水戸市,ミトシ,Mito-shi,,,,石川,イシカワ,Ishikawa,４丁目,４チョウメ,4,,,,,0,0,0,0,0,0,1,1,1947-04-17,,0,,,,,,,,,,,,,,,,
082015,0014000,1,茨城県,イバラキケン,Ibaraki,,,,水戸市,ミトシ,Mito-shi,,,,石川町,イシカワチョウ,Ishikawacho,,,,,,,,0,0,0,0,0,0,1,1,1947-04-17,,0,3100904,,,,,,,,,,,,,,,
082015,0015001,2,茨城県,イバラキケン,Ibaraki,,,,水戸市,ミトシ,Mito-shi,,,,泉町,イズミチョウ,Izumicho,１丁目,１チョウメ,1,,,,,1,1,0,0,0,0,1,1,1947-04-17,,0,,,,,,,,,,,,,,,,
082015,0015002,2,茨城県,イバラキケン,Ibaraki,,,,水戸市,ミトシ,Mito-shi,,,,泉町,イズミチョウ,Izumicho,２丁目,２チョウメ,2,,,,,1,1,0,0,0,0,1,1,1947-04-17,,0,,,,,,,,,,,,,,,,
082015,0015003,2,茨城県,イバラキケン,Ibaraki,,,,水戸市,ミトシ,Mito-shi,,,,泉町,イズミチョウ,Izumicho,３丁目,３チョウメ,3,,,,,1,1,0,0,0,0,1,1,1947-04-17,,0,,,,,,,,,,,,,,,,
082015,0016000,1,茨城県,イバラキケン,Ibaraki,,,,水戸市,ミトシ,Mito-shi,,,,岩根町,イワネチョウ,Iwanecho,,,,,,,,0,0,0,0,0,0,1,1,1947-04-17,,0,3114202,,,,,,,,,,,,,,,
082015,0017000,1,茨城県,イバラキケン,Ibaraki,,,,水戸市,ミトシ,Mito-shi,,,,牛伏町,ウシブシチョウ,Ushibushicho,,,,,,,,0,0,0,0,0,0,1,1,1947-04-17,,0,3190311,,,,,,,,,,,,,,,
082015,0018000,1,茨城県,イバラキケン,Ibaraki,,,,水戸市,ミトシ,Mito-shi,,,,大串町,オオクシチョウ,Okushicho,,,,,,,,0,0,0,0,0,0,1,1,1947-04-17,,0,3111115,,,,,,,,,,,,,,,
082015,0019000,1,茨城県,イバラキケン,Ibaraki,,,,水戸市,ミトシ,Mito-shi,,,,大足町,オオダラチョウ,Odaracho,,,,,,,,0,0,0,0,0,0,1,1,1947-04-17,,0,3190312,,,,,,,,,,,,,,,
082015,0020000,1,茨城県,イバラキケン,Ibaraki,,,,水戸市,ミトシ,Mito-shi,,,,大塚町,オオツカチョウ,Otsukacho,,,,,,,,0,0,0,0,0,0,1,1,1947-04-17,,0,3114143,,*_MJ030194_*,,,,,,,,,,,,,
082015,0021000,1,茨城県,イバラキケン,Ibaraki,,,,水戸市,ミトシ,Mito-shi,,,,大場町,オオバチョウ,Obacho,,,,,,,,0,0,0,0,0,0,1,1,1947-04-17,,0,3111125,,,,,,,,,,,,,,,
082015,0022001,2,茨城県,イバラキケン,Ibaraki,,,,水戸市,ミトシ,Mito-shi,,,,大町,オオマチ,Omachi,１丁目,１チョウメ,1,,,,,1,1,0,0,0,0,1,1,1947-04-17,,0,,,,,,,,,,,,,,,,
082015,0022002,2,茨城県,イバラキケン,Ibaraki,,,,水戸市,ミトシ,Mito-shi,,,,大町,オオマチ,Omachi,２丁目,２チョウメ,2,,,,,1,1,0,0,0,0,1,1,1947-04-17,,0,,,,,,,,,,,,,,,,
082015,0022003,2,茨城県,イバラキケン,Ibaraki,,,,水戸市,ミトシ,Mito-shi,,,,大町,オオマチ,Omachi,３丁目,３チョウメ,3,,,,,1,1,0,0,0,0,1,1,1947-04-17,,0,,,,,,,,,,,,,,,,
082015,0023000,1,茨城県,イバラキケン,Ibaraki,,,,水戸市,ミトシ,Mito-shi,,,,小原町,オバラチョウ,Obaracho,,,,,,,,0,0,0,0,0,0,1,1,1947-04-17,,0,3190307,,,,,,,,,,,,,,,
082015,0024000,1,茨城県,イバラキケン,Ibaraki,,,,水戸市,ミトシ,Mito-shi,,,,加倉井町,カクライチョウ,Kakuraicho,,,,,,,,0,0,0,0,0,0,1,1,1947-04-17,,0,3114163,,,,,,,,,,,,,,,
082015,0025000,1,茨城県,イバラキケン,Ibaraki,,,,水戸市,ミトシ,Mito-shi,,,,笠原町,カサハラチョウ,Kasaharacho,,,,,,,,0,0,0,0,0,0,1,1,1947-04-17,,0,3100852,,,,,,,,,,,,,,,
082015,0026000,1,茨城県,イバラキケン,Ibaraki,,,,水戸市,ミトシ,Mito-shi,,,,金谷町,カナヤチョウ,Kanayacho,,,,,,,,0,0,0,0,0,0,1,1,1947-04-17,,0,3114162,,,,,,,,,,,,,,,
082015,0027001,2,茨城県,イバラキケン,Ibaraki,,,,水戸市,ミトシ,Mito-shi,,,,金町,カネマチ,Kanemachi,１丁目,１チョウメ,1,,,,,1,1,0,0,0,0,1,1,1947-04-17,,0,,,,,,,,,,,,,,,,
082015,0027002,2,茨城県,イバラキケン,Ibaraki,,,,水戸市,ミトシ,Mito-shi,,,,金町,カネマチ,Kanemachi,２丁目,２チョウメ,2,,,,,1,1,0,0,0,0,1,1,1947-04-17,,0,,,,,,,,,,,,,,,,
082015,0027003,2,茨城県,イバラキケン,Ibaraki,,,,水戸市,ミトシ,Mito-shi,,,,金町,カネマチ,Kanemachi,３丁目,３チョウメ,3,,,,,1,1,0,0,0,0,1,1,1947-04-17,,0,,,,,,,,,,,,,,,,
082015,0028000,1,茨城県,イバラキケン,Ibaraki,,,,水戸市,ミトシ,Mito-shi,,,,上河内町,カミガチチョウ,Kamigachicho,,,,,,,,0,0,0,0,0,0,1,1,1947-04-17,,0,3100001,,,,,,,,,,,,,,,
082015,0029000,1,茨城県,イバラキケン,Ibaraki,,,,水戸市,ミトシ,Mito-shi,,,,上国井町,カミクニイチョウ,Kamikuniicho,,,,,,,,0,0,0,0,0,0,1,1,1947-04-17,,0,3114203,,,,,,,,,,,,,,,
082015,0030001,2,茨城県,イバラキケン,Ibaraki,,,,水戸市,ミトシ,Mito-shi,,,,上水戸,カミミト,Kamimito,１丁目,１チョウメ,1,,,,,1,1,0,0,0,0,1,1,1947-04-17,,0,,,,,,,,,,,,,,,,
082015,0030002,2,茨城県,イバラキケン,Ibaraki,,,,水戸市,ミトシ,Mito-shi,,,,上水戸,カミミト,Kamimito,２丁目,２チョウメ,2,,,,,1,1,0,0,0,0,1,1,1947-04-17,,0,,,,,,,,,,,,,,,,
082015,0030003,2,茨城県,イバラキケン,Ibaraki,,,,水戸市,ミトシ,Mito-shi,,,,上水戸,カミミト,Kamimito,３丁目,３チョウメ,3,,,,,1,1,0,0,0,0,1,1,1947-04-17,,0,,,,,,,,,,,,,,,,
082015,0030004,2,茨城県,イバラキケン,Ibaraki,,,,水戸市,ミトシ,Mito-shi,,,,上水戸,カミミト,Kamimito,４丁目,４チョウメ,4,,,,,1,1,0,0,0,0,1,1,1947-04-17,,0,,,,,,,,,,,,,,,,
082015,0031000,1,茨城県,イバラキケン,Ibaraki,,,,水戸市,ミトシ,Mito-shi,,,,萱場町,カヤバチョウ,Kayabacho,,,,,,,,0,0,0,0,0,0,1,1,1947-04-17,,0,3114154,,,,,,,,,,,,,,,
082015,0032000,1,茨城県,イバラキケン,Ibaraki,,,,水戸市,ミトシ,Mito-shi,,,,川又町,カワマタチョウ,Kawamatacho,,,,,,,,0,0,0,0,0,0,1,1,1947-04-17,,0,3111112,,,,,,,,,,,,,,,
082015,0033000,1,茨城県,イバラキケン,Ibaraki,,,,水戸市,ミトシ,Mito-shi,,,,瓦谷,カワラヤ,Kawaraya,,,,,,,,0,0,0,0,0,0,1,1,1947-04-17,,0,3100814,,,,,,,,,,,,,,,
082015,0034001,2,茨城県,イバラキケン,Ibaraki,,,,水戸市,ミトシ,Mito-shi,,,,河和田,カワワダ,Kawawada,１丁目,１チョウメ,1,,,,,0,0,0,0,0,0,1,1,1947-04-17,,0,,,,,,,,,,,,,,,,
082015,0034002,2,茨城県,イバラキケン,Ibaraki,,,,水戸市,ミトシ,Mito-shi,,,,河和田,カワワダ,Kawawada,２丁目,２チョウメ,2,,,,,0,0,0,0,0,0,1,1,1947-04-17,,0,,,,,,,,,,,,,,,,
082015,0034003,2,茨城県,イバラキケン,Ibaraki,,,,水戸市,ミトシ,Mito-shi,,,,河和田,カワワダ,Kawawada,３丁目,３チョウメ,3,,,,,0,0,0,0,0,0,1,1,1947-04-17,,0,,,,,,,,,,,,,,,,
082015,0035000,1,茨城県,イバラキケン,Ibaraki,,,,水戸市,ミトシ,Mito-shi,,,,河和田町,カワワダチョウ,Kawawadacho,,,,,,,,0,0,0,0,0,0,1,1,1947-04-17,,0,3114153,,,,,,,,,,,,,,,
082015,0036000,1,茨城県,イバラキケン,Ibaraki,,,,水戸市,ミトシ,Mito-shi,,,,北見町,キタミチョウ,Kitamicho,,,,,,,,1,1,0,0,0,0,1,1,1947-04-17,,0,3100061,,,,,,,,,,,,,,,
082015,0037000,1,茨城県,イバラキケン,Ibaraki,,,,水戸市,ミトシ,Mito-shi,,,,栗崎町,クリザキチョウ,Kurisakicho,,,,,,,,0,0,0,0,0,0,1,1,1947-04-17,,0,3111133,,,,,,,,,,,,,,,
082015,0038000,1,茨城県,イバラキケン,Ibaraki,,,,水戸市,ミトシ,Mito-shi,,,,黒磯町,クロイソチョウ,Kuroisocho,,,,,,,,0,0,0,0,0,0,1,1,1947-04-17,,0,3190303,,,,,,,,,,,,,,,
082015,0039001,2,茨城県,イバラキケン,Ibaraki,,,,水戸市,ミトシ,Mito-shi,,,,けやき台,ケヤキダイ,Keyakidai,１丁目,１チョウメ,1,,,,,0,0,0,0,0,0,1,1,1947-04-17,,0,,,,,,,,,,,,,,,,
082015,0039002,2,茨城県,イバラキケン,Ibaraki,,,,水戸市,ミトシ,Mito-shi,,,,けやき台,ケヤキダイ,Keyakidai,２丁目,２チョウメ,2,,,,,0,0,0,0,0,0,1,1,1947-04-17,,0,,,,,,,,,,,,,,,,
082015,0039003,2,茨城県,イバラキケン,Ibaraki,,,,水戸市,ミトシ,Mito-shi,,,,けやき台,ケヤキダイ,Keyakidai,３丁目,３チョウメ,3,,,,,0,0,0,0,0,0,1,1,1947-04-17,,0,,,,,,,,,,,,,,,,
082015,0040000,1,茨城県,イバラキケン,Ibaraki,,,,水戸市,ミトシ,Mito-shi,,,,小泉町,コイズミチョウ,Koizumicho,,,,,,,,0,0,0,0,0,0,1,1,1947-04-17,,0,3111111,,,,,,,,,,,,,,,
082015,0041000,1,茨城県,イバラキケン,Ibaraki,,,,水戸市,ミトシ,Mito-shi,,,,鯉淵町,コイブチチョウ,Koibuchicho,,,,,,,,0,0,0,0,0,0,1,1,1947-04-17,,0,3190323,,,,,,,,,,,,,,,
082015,0042001,2,茨城県,イバラキケン,Ibaraki,,,,水戸市,ミトシ,Mito-shi,,,,五軒町,ゴケンチョウ,Gokencho,１丁目,１チョウメ,1,,,,,1,1,0,0,0,0,1,1,1947-04-17,,0,,,,,,,,,,,,,,,,
082015,0042002,2,茨城県,イバラキケン,Ibaraki,,,,水戸市,ミトシ,Mito-shi,,,,五軒町,ゴケンチョウ,Gokencho,２丁目,２チョウメ,2,,,,,1,1,0,0,0,0,1,1,1947-04-17,,0,,,,,,,,,,,,,,,,
082015,0042003,2,茨城県,イバラキケン,Ibaraki,,,,水戸市,ミトシ,Mito-shi,,,,五軒町,ゴケンチョウ,Gokencho,３丁目,３チョウメ,3,,,,,1,1,0,0,0,0,1,1,1947-04-17,,0,,,,,,,,,,,,,,,,
082015,0043000,1,茨城県,イバラキケン,Ibaraki,,,,水戸市,ミトシ,Mito-shi,,,,小林町,コバヤシチョウ,Kobayashicho,,,,,,,,0,0,0,0,0,0,1,1,1947-04-17,,0,3190325,,,,,,,,,,,,,,,
082015,0044000,1,茨城県,イバラキケン,Ibaraki,,,,水戸市,ミトシ,Mito-shi,,,,小吹町,コブキチョウ,Kobukicho,,,,,,,,0,0,0,0,0,0,1,1,1947-04-17,,0,3100914,,,,,,,,,,,,,,,
082015,0045000,1,茨城県,イバラキケン,Ibaraki,,,,水戸市,ミトシ,Mito-shi,,,,五平町,ゴヘイチョウ,Goheicho,,,,,,,,0,0,0,0,0,0,1,1,1947-04-17,,0,3190324,,,,,,,,,,,,,,,
082015,0046000,1,茨城県,イバラキケン,Ibaraki,,,,水戸市,ミトシ,Mito-shi,,,,紺屋町,コンヤチョウ,Konyacho,,,,,,,,0,0,0,0,0,0,1,1,1947-04-17,,0,3100816,,,,,,,,,,,,,,,
082015,0047001,2,茨城県,イバラキケン,Ibaraki,,,,水戸市,ミトシ,Mito-shi,,,,栄町,サカエチョウ,Sakaecho,１丁目,１チョウメ,1,,,,,1,1,0,0,0,0,1,1,1947-04-17,,0,,,,,,,,,,,,,,,,
082015,0047002,2,茨城県,イバラキケン,Ibaraki,,,,水戸市,ミトシ,Mito-shi,,,,栄町,サカエチョウ,Sakaecho,２丁目,２チョウメ,2,,,,,1,1,0,0,0,0,1,1,1947-04-17,,0,,,,,,,,,,,,,,,,
082015,0048000,1,茨城県,イバラキケン,Ibaraki,,,,水戸市,ミトシ,Mito-shi,,,,酒門町,サカドチョウ,Sakadocho,,,,,,,,0,0,0,0,0,0,1,1,1947-04-17,,0,3100841,,,,,,,,,,,,,,,
082015,0049001,2,茨城県,イバラキケン,Ibaraki,,,,水戸市,ミトシ,Mito-shi,,,,柵町,サクマチ,Sakumachi,１丁目,１チョウメ,1,,,,,1,1,0,0,0,0,1,1,1947-04-17,,0,,,MJ013800_*,,,,,,,,,,,,,
082015,0049002,2,茨城県,イバラキケン,Ibaraki,,,,水戸市,ミトシ,Mito-shi,,,,柵町,サクマチ,Sakumachi,２丁目,２チョウメ,2,,,,,1,1,0,0,0,0,1,1,1947-04-17,,0,,,MJ013800_*,,,,,,,,,,,,,
082015,0049003,2,茨城県,イバラキケン,Ibaraki,,,,水戸市,ミトシ,Mito-shi,,,,柵町,サクマチ,Sakumachi,３丁目,３チョウメ,3,,,,,1,1,0,0,0,0,1,1,1947-04-17,,0,,,MJ013800_*,,,,,,,,,,,,,
082015,0050001,2,茨城県,イバラキケン,Ibaraki,,,,水戸市,ミトシ,Mito-shi,,,,桜川,サクラガワ,Sakuragawa,１丁目,１チョウメ,1,,,,,1,1,0,0,0,0,1,1,1947-04-17,,0,,,,,,,,,,,,,,,,
082015,0050002,2,茨城県,イバラキケン,Ibaraki,,,,水戸市,ミトシ,Mito-shi,,,,桜川,サクラガワ,Sakuragawa,２丁目,２チョウメ,2,,,,,1,1,0,0,0,0,1,1,1947-04-17,,0,,,,,,,,,,,,,,,,
082015,0051001,2,茨城県,イバラキケン,Ibaraki,,,,水戸市,ミトシ,Mito-shi,,,,三の丸,サンノマル,Sannomaru,１丁目,１チョウメ,1,,,,,1,1,0,0,0,0,1,1,1947-04-17,,0,,,,,,,,,,,,,,,,
082015,0051002,2,茨城県,イバラキケン,Ibaraki,,,,水戸市,ミトシ,Mito-shi,,,,三の丸,サンノマル,Sannomaru,２丁目,２チョウメ,2,,,,,1,1,0,0,0,0,1,1,1947-04-17,,0,,,,,,,,,,,,,,,,
082015,0051003,2,茨城県,イバラキケン,Ibaraki,,,,水戸市,ミトシ,Mito-shi,,,,三の丸,サンノマル,Sannomaru,３丁目,３チョウメ,3,,,,,1,1,0,0,0,0,1,1,1947-04-17,,0,,,,,,,,,,,,,,,,
082015,0052000,1,茨城県,イバラキケン,Ibaraki,,,,水戸市,ミトシ,Mito-shi,,,,塩崎町,シオガサキチョウ,Shiogasakicho,,,,,,,,0,0,0,0,0,0,1,1,1947-04-17,,0,3111114,,,,,,,,,,,,,,,
082015,0053000,1,茨城県,イバラキケン,Ibaraki,,,,水戸市,ミトシ,Mito-shi,,,,渋井町,シブイチョウ,Shibuicho,,,,,,,,0,0,0,0,0,0,1,1,1947-04-17,,0,3100826,,,,,,,,,,,,,,,
082015,0054000,1,茨城県,イバラキケン,Ibaraki,,,,水戸市,ミトシ,Mito-shi,,,,島田町,シマダチョウ,Shimadacho,,,,,,,,0,0,0,0,0,0,1,1,1947-04-17,,0,3111121,,,,,,,,,,,,,,,
082015,0055000,1,茨城県,イバラキケン,Ibaraki,,,,水戸市,ミトシ,Mito-shi,,,,下入野町,シモイリノチョウ,Shimoirinocho,,,,,,,,0,0,0,0,0,0,1,1,1947-04-17,,0,3111123,,,,,,,,,,,,,,,
082015,0056000,1,茨城県,イバラキケン,Ibaraki,,,,水戸市,ミトシ,Mito-shi,,,,下大野町,シモオオノチョウ,Shimoonocho,,,,,,,,0,0,0,0,0,0,1,1,1947-04-17,,0,3111131,,,,,,,,,,,,,,,
082015,0057000,1,茨城県,イバラキケン,Ibaraki,,,,水戸市,ミトシ,Mito-shi,,,,下国井町,シモクニイチョウ,Shimokuniicho,,,,,,,,0,0,0,0,0,0,1,1,1947-04-17,,0,3114205,,,,,,,,,,,,,,,
082015,0058000,1,茨城県,イバラキケン,Ibaraki,,,,水戸市,ミトシ,Mito-shi,,,,下野町,シモノチョウ,Shimonocho,,,,,,,,0,0,0,0,0,0,1,1,1947-04-17,,0,3190322,,,,,,,,,,,,,,,
082015,0059000,1,茨城県,イバラキケン,Ibaraki,,,,水戸市,ミトシ,Mito-shi,,,,自由が丘,ジユウガオカ,Jiyugaoka,,,,,,,,1,1,0,0,0,0,1,1,1947-04-17,,0,3100042,,,,,,,,,,,,,,,
082015,0060001,2,茨城県,イバラキケン,Ibaraki,,,,水戸市,ミトシ,Mito-shi,,,,城東,ジョウトウ,Joto,１丁目,１チョウメ,1,,,,,1,1,0,0,0,0,1,1,1947-04-17,,0,,,,,,,,,,,,,,,,
082015,0060002,2,茨城県,イバラキケン,Ibaraki,,,,水戸市,ミトシ,Mito-shi,,,,城東,ジョウトウ,Joto,２丁目,２チョウメ,2,,,,,1,1,0,0,0,0,1,1,1947-04-17,,0,,,,,,,,,,,,,,,,
082015,0060003,2,茨城県,イバラキケン,Ibaraki,,,,水戸市,ミトシ,Mito-shi,,,,城東,ジョウトウ,Joto,３丁目,３チョウメ,3,,,,,1,1,0,0,0,0,1,1,1947-04-17,,0,,,,,,,,,,,,,,,,
082015,0060004,2,茨城県,イバラキケン,Ibaraki,,,,水戸市,ミトシ,Mito-shi,,,,城東,ジョウトウ,Joto,４丁目,４チョウメ,4,,,,,1,1,0,0,0,0,1,1,1947-04-17,,0,,,,,,,,,,,,,,,,
082015,0060005,2,茨城県,イバラキケン,Ibaraki,,,,水戸市,ミトシ,Mito-shi,,,,城東,ジョウトウ,Joto,５丁目,５チョウメ,5,,,,,1,1,0,0,0,0,1,1,1947-04-17,,0,,,,,,,,,,,,,,,,
082015,0061001,2,茨城県,イバラキケン,Ibaraki,,,,水戸市,ミトシ,Mito-shi,,,,城南,ジョウナン,Jonan,１丁目,１チョウメ,1,,,,,1,1,0,0,0,0,1,1,1947-04-17,,0,,,,,,,,,,,,,,,,
082015,0061002,2,茨城県,イバラキケン,Ibaraki,,,,水戸市,ミトシ,Mito-shi,,,,城南,ジョウナン,Jonan,２丁目,２チョウメ,2,,,,,1,1,0,0,0,0,1,1,1947-04-17,,0,,,,,,,,,,,,,,,,
082015,0061003,2,茨城県,イバラキケン,Ibaraki,,,,水戸市,ミトシ,Mito-shi,,,,城南,ジョウナン,Jonan,３丁目,３チョウメ,3,,,,,1,1,0,0,0,0,1,1,1947-04-17,,0,,,,,,,,,,,,,,,,
082015,0062001,2,茨城県,イバラキケン,Ibaraki,,,,水戸市,ミトシ,Mito-shi,,,,白梅,シラウメ,Shiraume,１丁目,１チョウメ,1,,,,,1,1,0,0,0,0,1,1,1947-04-17,,0,,,,,,,,,,,,,,,,
082015,0062002,2,茨城県,イバラキケン,Ibaraki,,,,水戸市,ミトシ,Mito-shi,,,,白梅,シラウメ,Shiraume,２丁目,２チョウメ,2,,,,,1,1,0,0,0,0,1,1,1947-04-17,,0,,,,,,,,,,,,,,,,
082015,0062003,2,茨城県,イバラキケン,Ibaraki,,,,水戸市,ミトシ,Mito-shi,,,,白梅,シラウメ,Shiraume,３丁目,３チョウメ,3,,,,,1,1,0,0,0,0,1,1,1947-04-17,,0,,,,,,,,,,,,,,,,
082015,0062004,2,茨城県,イバラキケン,Ibaraki,,,,水戸市,ミトシ,Mito-shi,,,,白梅,シラウメ,Shiraume,４丁目,４チョウメ,4,,,,,1,1,0,0,0,0,1,1,1947-04-17,,0,,,,,,,,,,,,,,,,
082015,0063001,2,茨城県,イバラキケン,Ibaraki,,,,水戸市,ミトシ,Mito-shi,,,,新荘,シンソウ,Shinso,１丁目,１チョウメ,1,,,,,1,1,0,0,0,0,1,1,1947-04-17,,0,,,,,,,,,,,,,,,,
082015,0063002,2,茨城県,イバラキケン,Ibaraki,,,,水戸市,ミトシ,Mito-shi,,,,新荘,シンソウ,Shinso,２丁目,２チョウメ,2,,,,,1,1,0,0,0,0,1,1,1947-04-17,,0,,,,,,,,,,,,,,,,
082015,0063003,2,茨城県,イバラキケン,Ibaraki,,,,水戸市,ミトシ,Mito-shi,,,,新荘,シンソウ,Shinso,３丁目,３チョウメ,3,,,,,1,1,0,0,0,0,1,1,1947-04-17,,0,,,,,,,,,,,,,,,,
082015,0064001,2,茨城県,イバラキケン,Ibaraki,,,,水戸市,ミトシ,Mito-shi,,,,新原,シンハラ,Shinhara,１丁目,１チョウメ,1,,,,,1,1,0,0,0,0,1,1,1947-04-17,,0,,,,,,,,,,,,,,,,
082015,0064002,2,茨城県,イバラキケン,Ibaraki,,,,水戸市,ミトシ,Mito-shi,,,,新原,シンハラ,Shinhara,２丁目,２チョウメ,2,,,,,1,1,0,0,0,0,1,1,1947-04-17,,0,,,,,,,,,,,,,,,,
082015,0065000,1,茨城県,イバラキケン,Ibaraki,,,,水戸市,ミトシ,Mito-shi,,,,水府町,スイフチョウ,Suifucho,,,,,,,,0,0,0,0,0,0,1,1,1947-04-17,,0,3100005,,,,,,,,,,,,,,,
082015,0066001,2,茨城県,イバラキケン,Ibaraki,,,,水戸市,ミトシ,Mito-shi,,,,末広町,スエヒロチョウ,Suehirocho,１丁目,１チョウメ,1,,,,,1,1,0,0,0,0,1,1,1947-04-17,,0,,,,,,,,,,,,,,,,
082015,0066002,2,茨城県,イバラキケン,Ibaraki,,,,水戸市,ミトシ,Mito-shi,,,,末広町,スエヒロチョウ,Suehirocho,２丁目,２チョウメ,2,,,,,1,1,0,0,0,0,1,1,1947-04-17,,0,,,,,,,,,,,,,,,,
082015,0066003,2,茨城県,イバラキケン,Ibaraki,,,,水戸市,ミトシ,Mito-shi,,,,末広町,スエヒロチョウ,Suehirocho,３丁目,３チョウメ,3,,,,,1,1,0,0,0,0,1,1,1947-04-17,,0,,,,,,,,,,,,,,,,
082015,0067000,1,茨城県,イバラキケン,Ibaraki,,,,水戸市,ミトシ,Mito-shi,,,,住吉町,スミヨシチョウ,Sumiyoshicho,,,,,,,,0,0,0,0,0,0,1,1,1947-04-17,,0,3100844,,,,,,,,,,,,,,,
082015,0068000,1,茨城県,イバラキケン,Ibaraki,,,,水戸市,ミトシ,Mito-shi,,,,千波町,センバチョウ,Sembacho,,,,,,,,0,0,0,0,0,0,1,1,1947-04-17,,0,3100851,,,,,,,,,,,,,,,
082015,0069001,2,茨城県,イバラキケン,Ibaraki,,,,水戸市,ミトシ,Mito-shi,,,,大工町,ダイクマチ,Daikumachi,１丁目,１チョウメ,1,,,,,1,1,0,0,0,0,1,1,1947-04-17,,0,,,,,,,,,,,,,,,,
082015,0069002,2,茨城県,イバラキケン,Ibaraki,,,,水戸市,ミトシ,Mito-shi,,,,大工町,ダイクマチ,Daikumachi,２丁目,２チョウメ,2,,,,,1,1,0,0,0,0,1,1,1947-04-17,,0,,,,,,,,,,,,,,,,
082015,0069003,2,茨城県,イバラキケン,Ibaraki,,,,水戸市,ミトシ,Mito-shi,,,,大工町,ダイクマチ,Daikumachi,３丁目,３チョウメ,3,,,,,1,1,0,0,0,0,1,1,1947-04-17,,0,,,,,,,,,,,,,,,,
082015,0070000,1,茨城県,イバラキケン,Ibaraki,,,,水戸市,ミトシ,Mito-shi,,,,高田町,タカダチョウ,Takadacho,,,,,,,,0,0,0,0,0,0,1,1,1947-04-17,,0,3190321,,,,,,,,,,,,,,,
082015,0071000,1,茨城県,イバラキケン,Ibaraki,,,,水戸市,ミトシ,Mito-shi,,,,田島町,タジマチョウ,Tajimacho,,,,,,,,0,0,0,0,0,0,1,1,1947-04-17,,0,3190301,,,,,,,,,,,,,,,
082015,0072000,1,茨城県,イバラキケン,Ibaraki,,,,水戸市,ミトシ,Mito-shi,,,,田野町,タノチョウ,Tanocho,,,,,,,,0,0,0,0,0,0,1,1,1947-04-17,,0,3100901,,,,,,,,,,,,,,,
082015,0073000,1,茨城県,イバラキケン,Ibaraki,,,,水戸市,ミトシ,Mito-shi,,,,田谷町,タヤチョウ,Tayacho,,,,,,,,0,0,0,0,0,0,1,1,1947-04-17,,0,3114204,,,,,,,,,,,,,,,
082015,0074001,2,茨城県,イバラキケン,Ibaraki,,,,水戸市,ミトシ,Mito-shi,,,,ちとせ,チトセ,Chitose,１丁目,１チョウメ,1,,,,,0,0,0,0,0,0,1,1,1947-04-17,,0,,,,,,,,,,,,,,,,
082015,0074002,2,茨城県,イバラキケン,Ibaraki,,,,水戸市,ミトシ,Mito-shi,,,,ちとせ,チトセ,Chitose,２丁目,２チョウメ,2,,,,,0,0,0,0,0,0,1,1,1947-04-17,,0,,,,,,,,,,,,,,,,
082015,0075001,2,茨城県,イバラキケン,Ibaraki,,,,水戸市,ミトシ,Mito-shi,,,,中央,チュウオウ,Chuo,１丁目,１チョウメ,1,,,,,1,1,0,0,0,0,1,1,1947-04-17,,0,,,,,,,,,,,,,,,,
082015,0075002,2,茨城県,イバラキケン,Ibaraki,,,,水戸市,ミトシ,Mito-shi,,,,中央,チュウオウ,Chuo,２丁目,２チョウメ,2,,,,,1,1,0,0,0,0,1,1,1947-04-17,,0,,,,,,,,,,,,,,,,
082015,0076000,1,茨城県,イバラキケン,Ibaraki,,,,水戸市,ミトシ,Mito-shi,,,,筑地町,ツイジチョウ,Tsuijicho,,,,,,,,0,0,0,0,0,0,1,1,1947-04-17,,0,3190313,,,,,,,,,,,,,,,
082015,0077000,1,茨城県,イバラキケン,Ibaraki,,,,水戸市,ミトシ,Mito-shi,,,,天王町,テンノウチョウ,Tennocho,,,,,,,,1,1,0,0,0,0,1,1,1947-04-17,,0,3100025,,,,,,,,,,,,,,,
082015,0078000,1,茨城県,イバラキケン,Ibaraki,,,,水戸市,ミトシ,Mito-shi,,,,東野町,トウノチョウ,Tonocho,,,,,,,,0,0,0,0,0,0,1,1,1947-04-17,,0,3100846,,,,,,,,,,,,,,,
082015,0079001,2,茨城県,イバラキケン,Ibaraki,,,,水戸市,ミトシ,Mito-shi,,,,東前,トウマエ,Tomae,１丁目,１チョウメ,1,,,,,0,0,0,0,0,0,1,1,1947-04-17,,0,,,,,,,,,,,,,,,,
082015,0079002,2,茨城県,イバラキケン,Ibaraki,,,,水戸市,ミトシ,Mito-shi,,,,東前,トウマエ,Tomae,２丁目,２チョウメ,2,,,,,0,0,0,0,0,0,1,1,1947-04-17,,0,,,,,,,,,,,,,,,,
082015,0079003,2,茨城県,イバラキケン,Ibaraki,,,,水戸市,ミトシ,Mito-shi,,,,東前,トウマエ,Tomae,３丁目,３チョウメ,3,,,,,0,0,0,0,0,0,1,1,1947-04-17,,0,,,,,,,,,,,,,,,,
082015,0080000,1,茨城県,イバラキケン,Ibaraki,,,,水戸市,ミトシ,Mito-shi,,,,東前町,トウマエチョウ,Tomaecho,,,,,,,,0,0,0,0,0,0,1,1,1947-04-17,,0,3111132,,,,,,,,,,,,,,,
082015,0082000,1,茨城県,イバラキケン,Ibaraki,,,,水戸市,ミトシ,Mito-shi,,,,常磐町,トキワチョウ,Tokiwacho,,,,,,,,0,0,0,0,0,0,1,1,1947-04-17,,0,3100033,,,,,,,,,,,,,,,
082015,0082001,2,茨城県,イバラキケン,Ibaraki,,,,水戸市,ミトシ,Mito-shi,,,,常磐町,トキワチョウ,Tokiwacho,１丁目,１チョウメ,1,,,,,1,1,0,0,0,0,1,1,1947-04-17,,0,,,,,,,,,,,,,,,,
082015,0082002,2,茨城県,イバラキケン,Ibaraki,,,,水戸市,ミトシ,Mito-shi,,,,常磐町,トキワチョウ,Tokiwacho,２丁目,２チョウメ,2,,,,,1,1,0,0,0,0,1,1,1947-04-17,,0,,,,,,,,,,,,,,,,
082015,0083000,1,茨城県,イバラキケン,Ibaraki,,,,水戸市,ミトシ,Mito-shi,,,,中大野,ナカオオノ,Nakaono,,,,,,,,0,0,0,0,0,0,1,1,1947-04-17,,0,3100821,,,,,,,,,,,,,,,
082015,0084000,1,茨城県,イバラキケン,Ibaraki,,,,水戸市,ミトシ,Mito-shi,,,,中河内町,ナカガチチョウ,Nakagachicho,,,,,,,,0,0,0,0,0,0,1,1,1947-04-17,,0,3100002,,,,,,,,,,,,,,,
082015,0085000,1,茨城県,イバラキケン,Ibaraki,,,,水戸市,ミトシ,Mito-shi,,,,中丸町,ナカマルチョウ,Nakamarucho,,,,,,,,0,0,0,0,0,0,1,1,1947-04-17,,0,3114146,,,,,,,,,,,,,,,
082015,0086000,1,茨城県,イバラキケン,Ibaraki,,,,水戸市,ミトシ,Mito-shi,,,,成沢町,ナルサワチョウ,Narusawacho,,,,,,,,0,0,0,0,0,0,1,1,1947-04-17,,0,3114207,,,,,,,,,,,,,,,
082015,0087000,1,茨城県,イバラキケン,Ibaraki,,,,水戸市,ミトシ,Mito-shi,,,,西大野,ニシオオノ,Nishiono,,,,,,,,0,0,0,0,0,0,1,1,1947-04-17,,0,3100824,,,,,,,,,,,,,,,
082015,0088001,2,茨城県,イバラキケン,Ibaraki,,,,水戸市,ミトシ,Mito-shi,,,,西原,ニシハラ,Nishihara,１丁目,１チョウメ,1,,,,,1,1,0,0,0,0,1,1,1947-04-17,,0,,,,,,,,,,,,,,,,
082015,0088002,2,茨城県,イバラキケン,Ibaraki,,,,水戸市,ミトシ,Mito-shi,,,,西原,ニシハラ,Nishihara,２丁目,２チョウメ,2,,,,,1,1,0,0,0,0,1,1,1947-04-17,,0,,,,,,,,,,,,,,,,
082015,0088003,2,茨城県,イバラキケン,Ibaraki,,,,水戸市,ミトシ,Mito-shi,,,,西原,ニシハラ,Nishihara,３丁目,３チョウメ,3,,,,,1,1,0,0,0,0,1,1,1947-04-17,,0,,,,,,,,,,,,,,,,
082015,0089001,2,茨城県,イバラキケン,Ibaraki,,,,水戸市,ミトシ,Mito-shi,,,,根本,ネモト,Nemoto,１丁目,１チョウメ,1,,,,,0,0,0,0,0,0,1,1,1947-04-17,,0,,,,,,,,,,,,,,,,
082015,0089002,2,茨城県,イバラキケン,Ibaraki,,,,水戸市,ミトシ,Mito-shi,,,,根本,ネモト,Nemoto,２丁目,２チョウメ,2,,,,,0,0,0,0,0,0,1,1,1947-04-17,,0,,,,,,,,,,,,,,,,
082015,0089003,2,茨城県,イバラキケン,Ibaraki,,,,水戸市,ミトシ,Mito-shi,,,,根本,ネモト,Nemoto,３丁目,３チョウメ,3,,,,,0,0,0,0,0,0,1,1,1947-04-17,,0,,,,,,,,,,,,,,,,
082015,0089004,2,茨城県,イバラキケン,Ibaraki,,,,水戸市,ミトシ,Mito-shi,,,,根本,ネモト,Nemoto,４丁目,４チョウメ,4,,,,,0,0,0,0,0,0,1,1,1947-04-17,,0,,,,,,,,,,,,,,,,
082015,0090000,1,茨城県,イバラキケン,Ibaraki,,,,水戸市,ミトシ,Mito-shi,,,,根本町,ネモトチョウ,Nemotocho,,,,,,,,0,0,0,0,0,0,1,1,1947-04-17,,0,3100068,,,,,,,,,,,,,,,
082015,0091001,2,茨城県,イバラキケン,Ibaraki,,,,水戸市,ミトシ,Mito-shi,,,,梅香,バイコウ,Baiko,１丁目,１チョウメ,1,,,,,1,1,0,0,0,0,1,1,1947-04-17,,0,,,,,,,,,,,,,,,,
082015,0091002,2,茨城県,イバラキケン,Ibaraki,,,,水戸市,ミトシ,Mito-shi,,,,梅香,バイコウ,Baiko,２丁目,２チョウメ,2,,,,,1,1,0,0,0,0,1,1,1947-04-17,,0,,,,,,,,,,,,,,,,
082015,0092001,2,茨城県,イバラキケン,Ibaraki,,,,水戸市,ミトシ,Mito-shi,,,,袴塚,ハカマツカ,Hakamatsuka,１丁目,１チョウメ,1,,,,,1,1,0,0,0,0,1,1,1947-04-17,,0,,,*_MJ030194,,,,,,,,,,,,,
082015,0092002,2,茨城県,イバラキケン,Ibaraki,,,,水戸市,ミトシ,Mito-shi,,,,袴塚,ハカマツカ,Hakamatsuka,２丁目,２チョウメ,2,,,,,1,1,0,0,0,0,1,1,1947-04-17,,0,,,*_MJ030194,,,,,,,,,,,,,
082015,0092003,2,茨城県,イバラキケン,Ibaraki,,,,水戸市,ミトシ,Mito-shi,,,,袴塚,ハカマツカ,Hakamatsuka,３丁目,３チョウメ,3,,,,,1,1,0,0,0,0,1,1,1947-04-17,,0,,,*_MJ030194,,,,,,,,,,,,,
082015,0093000,1,茨城県,イバラキケン,Ibaraki,,,,水戸市,ミトシ,Mito-shi,,,,八幡町,ハチマンチョウ,Hachimancho,,,,,,,,0,0,0,0,0,0,1,1,1947-04-17,,0,3100065,,,,,,,,,,,,,,,
082015,0094001,2,茨城県,イバラキケン,Ibaraki,,,,水戸市,ミトシ,Mito-shi,,,,浜田,ハマダ,Hamada,１丁目,１チョウメ,1,,,,,1,1,0,0,0,0,1,1,1947-04-17,,0,,,,,,,,,,,,,,,,
082015,0094002,2,茨城県,イバラキケン,Ibaraki,,,,水戸市,ミトシ,Mito-shi,,,,浜田,ハマダ,Hamada,２丁目,２チョウメ,2,,,,,1,1,0,0,0,0,1,1,1947-04-17,,0,,,,,,,,,,,,,,,,
082015,0095000,1,茨城県,イバラキケン,Ibaraki,,,,水戸市,ミトシ,Mito-shi,,,,浜田町,ハマダチョウ,Hamadacho,,,,,,,,0,0,0,0,0,0,1,1,1947-04-17,,0,3100813,,,,,,,,,,,,,,,
082015,0096000,1,茨城県,イバラキケン,Ibaraki,,,,水戸市,ミトシ,Mito-shi,,,,東赤塚,ヒガシアカツカ,Higashiakatsuka,,,,,,,,0,0,0,0,0,0,1,1,1947-04-17,,0,3114142,,*_*_MJ030194,,,,,,,,,,,,,
082015,0097000,1,茨城県,イバラキケン,Ibaraki,,,,水戸市,ミトシ,Mito-shi,,,,東大野,ヒガシオオノ,Higashiono,,,,,,,,0,0,0,0,0,0,1,1,1947-04-17,,0,3100823,,,,,,,,,,,,,,,
082015,0098000,1,茨城県,イバラキケン,Ibaraki,,,,水戸市,ミトシ,Mito-shi,,,,東桜川,ヒガシサクラガワ,Higashisakuragawa,,,,,,,,1,1,0,0,0,0,1,1,1947-04-17,,0,3100811,,,,,,,,,,,,,,,
082015,0099001,2,茨城県,イバラキケン,Ibaraki,,,,水戸市,ミトシ,Mito-shi,,,,東台,ヒガシダイ,Higashidai,１丁目,１チョウメ,1,,,,,1,1,0,0,0,0,1,1,1947-04-17,,0,,,,,,,,,,,,,,,,
082015,0099002,2,茨城県,イバラキケン,Ibaraki,,,,水戸市,ミトシ,Mito-shi,,,,東台,ヒガシダイ,Higashidai,２丁目,２チョウメ,2,,,,,1,1,0,0,0,0,1,1,1947-04-17,,0,,,,,,,,,,,,,,,,
082015,0100001,2,茨城県,イバラキケン,Ibaraki,,,,水戸市,ミトシ,Mito-shi,,,,東原,ヒガシハラ,Higashihara,１丁目,１チョウメ,1,,,,,1,1,0,0,0,0,1,1,1947-04-17,,0,,,,,,,,,,,,,,,,
082015,0100002,2,茨城県,イバラキケン,Ibaraki,,,,水戸市,ミトシ,Mito-shi,,,,東原,ヒガシハラ,Higashihara,２丁目,２チョウメ,2,,,,,1,1,0,0,0,0,1,1,1947-04-17,,0,,,,,,,,,,,,,,,,
082015,0100003,2,茨城県,イバラキケン,Ibaraki,,,,水戸市,ミトシ,Mito-shi,,,,東原,ヒガシハラ,Higashihara,３丁目,３チョウメ,3,,,,,1,1,0,0,0,0,1,1,1947-04-17,,0,,,,,,,,,,,,,,,,
082015,0101000,1,茨城県,イバラキケン,Ibaraki,,,,水戸市,ミトシ,Mito-shi,,,,備前町,ビゼンマチ,Bizemmachi,,,,,,,,1,1,0,0,0,0,1,1,1947-04-17,,0,3100024,,,,,,,,,,,,,,,
082015,0102001,2,茨城県,イバラキケン,Ibaraki,,,,水戸市,ミトシ,Mito-shi,,,,姫子,ヒメコ,Himego,１丁目,１チョウメ,1,,,,,0,0,0,0,0,0,1,1,1947-04-17,,0,,,,,,,,,,,,,,,,
082015,0102002,2,茨城県,イバラキケン,Ibaraki,,,,水戸市,ミトシ,Mito-shi,,,,姫子,ヒメコ,Himego,２丁目,２チョウメ,2,,,,,0,0,0,0,0,0,1,1,1947-04-17,,0,,,,,,,,,,,,,,,,
082015,0103000,1,茨城県,イバラキケン,Ibaraki,,,,水戸市,ミトシ,Mito-shi,,,,開江町,ヒラクエチョウ,Hirakuecho,,,,,,,,0,0,0,0,0,0,1,1,1947-04-17,,0,3114144,,,,,,,,,,,,,,,
082015,0104000,1,茨城県,イバラキケン,Ibaraki,,,,水戸市,ミトシ,Mito-shi,,,,平須町,ヒラスチョウ,Hirasucho,,,,,,,,0,0,0,0,0,0,1,1,1947-04-17,,0,3100853,,,,,,,,,,,,,,,
082015,0105000,1,茨城県,イバラキケン,Ibaraki,,,,水戸市,ミトシ,Mito-shi,,,,平戸町,ヒラトチョウ,Hiratocho,,,,,,,,0,0,0,0,0,0,1,1,1947-04-17,,0,3111113,,,,,,,,,,,,,,,
082015,0106000,1,茨城県,イバラキケン,Ibaraki,,,,水戸市,ミトシ,Mito-shi,,,,藤井町,フジイチョウ,Fujiicho,,,,,,,,0,0,0,0,0,0,1,1,1947-04-17,,0,3114201,,,,,,,,,,,,,,,
082015,0107001,2,茨城県,イバラキケン,Ibaraki,,,,水戸市,ミトシ,Mito-shi,,,,藤が原,フジガハラ,Fujigahara,１丁目,１チョウメ,1,,,,,0,0,0,0,0,0,1,1,1947-04-17,,0,,,,,,,,,,,,,,,,
082015,0107002,2,茨城県,イバラキケン,Ibaraki,,,,水戸市,ミトシ,Mito-shi,,,,藤が原,フジガハラ,Fujigahara,２丁目,２チョウメ,2,,,,,0,0,0,0,0,0,1,1,1947-04-17,,0,,,,,,,,,,,,,,,,
082015,0107003,2,茨城県,イバラキケン,Ibaraki,,,,水戸市,ミトシ,Mito-shi,,,,藤が原,フジガハラ,Fujigahara,３丁目,３チョウメ,3,,,,,0,0,0,0,0,0,1,1,1947-04-17,,0,,,,,,,,,,,,,,,,
082015,0108000,1,茨城県,イバラキケン,Ibaraki,,,,水戸市,ミトシ,Mito-shi,,,,藤柄町,フジガラチョウ,Fujigaracho,,,,,,,,0,0,0,0,0,0,1,1,1947-04-17,,0,3100833,,,,,,,,,,,,,,,
082015,0109001,2,茨城県,イバラキケン,Ibaraki,,,,水戸市,ミトシ,Mito-shi,,,,双葉台,フタバダイ,Futabadai,１丁目,１チョウメ,1,,,,,0,0,0,0,0,0,1,1,1947-04-17,,0,,,,,,,,,,,,,,,,
082015,0109002,2,茨城県,イバラキケン,Ibaraki,,,,水戸市,ミトシ,Mito-shi,,,,双葉台,フタバダイ,Futabadai,２丁目,２チョウメ,2,,,,,0,0,0,0,0,0,1,1,1947-04-17,,0,,,,,,,,,,,,,,,,
082015,0109003,2,茨城県,イバラキケン,Ibaraki,,,,水戸市,ミトシ,Mito-shi,,,,双葉台,フタバダイ,Futabadai,３丁目,３チョウメ,3,,,,,0,0,0,0,0,0,1,1,1947-04-17,,0,,,,,,,,,,,,,,,,
082015,0109004,2,茨城県,イバラキケン,Ibaraki,,,,水戸市,ミトシ,Mito-shi,,,,双葉台,フタバダイ,Futabadai,４丁目,４チョウメ,4,,,,,0,0,0,0,0,0,1,1,1947-04-17,,0,,,,,,,,,,,,,,,,
082015,0109005,2,茨城県,イバラキケン,Ibaraki,,,,水戸市,ミトシ,Mito-shi,,,,双葉台,フタバダイ,Futabadai,５丁目,５チョウメ,5,,,,,0,0,0,0,0,0,1,1,1947-04-17,,0,,,,,,,,,,,,,,,,
082015,0110001,2,茨城県,イバラキケン,Ibaraki,,,,水戸市,ミトシ,Mito-shi,,,,文京,ブンキョウ,Bunkyo,１丁目,１チョウメ,1,,,,,1,1,0,0,0,0,1,1,1947-04-17,,0,,,,,,,,,,,,,,,,
082015,0110002,2,茨城県,イバラキケン,Ibaraki,,,,水戸市,ミトシ,Mito-shi,,,,文京,ブンキョウ,Bunkyo,２丁目,２チョウメ,2,,,,,1,1,0,0,0,0,1,1,1947-04-17,,0,,,,,,,,,,,,,,,,
082015,0111000,1,茨城県,イバラキケン,Ibaraki,,,,水戸市,ミトシ,Mito-shi,,,,堀町,ホリチョウ,Horicho,,,,,,,,0,0,0,0,0,0,1,1,1947-04-17,,0,3100903,,,,,,,,,,,,,,,
082015,0112001,2,茨城県,イバラキケン,Ibaraki,,,,水戸市,ミトシ,Mito-shi,,,,本町,ホンチョウ,Honcho,１丁目,１チョウメ,1,,,,,1,1,0,0,0,0,1,1,1947-04-17,,0,,,,,,,,,,,,,,,,
082015,0112002,2,茨城県,イバラキケン,Ibaraki,,,,水戸市,ミトシ,Mito-shi,,,,本町,ホンチョウ,Honcho,２丁目,２チョウメ,2,,,,,1,1,0,0,0,0,1,1,1947-04-17,,0,,,,,,,,,,,,,,,,
082015,0112003,2,茨城県,イバラキケン,Ibaraki,,,,水戸市,ミトシ,Mito-shi,,,,本町,ホンチョウ,Honcho,３丁目,３チョウメ,3,,,,,1,1,0,0,0,0,1,1,1947-04-17,,0,,,,,,,,,,,,,,,,
082015,0113000,1,茨城県,イバラキケン,Ibaraki,,,,水戸市,ミトシ,Mito-shi,,,,全隈町,マタグマチョウ,Matagumacho,,,,,,,,0,0,0,0,0,0,1,1,1947-04-17,,0,3114161,,,,,,,,,,,,,,,
082015,0114001,2,茨城県,イバラキケン,Ibaraki,,,,水戸市,ミトシ,Mito-shi,,,,松が丘,マツガオカ,Matsugaoka,１丁目,１チョウメ,1,,,,,1,1,0,0,0,0,1,1,1947-04-17,,0,,,,,,,,,,,,,,,,
082015,0114002,2,茨城県,イバラキケン,Ibaraki,,,,水戸市,ミトシ,Mito-shi,,,,松が丘,マツガオカ,Matsugaoka,２丁目,２チョウメ,2,,,,,1,1,0,0,0,0,1,1,1947-04-17,,0,,,,,,,,,,,,,,,,
082015,0115000,1,茨城県,イバラキケン,Ibaraki,,,,水戸市,ミトシ,Mito-shi,,,,松本町,マツモトチョウ,Matsumotocho,,,,,,,,1,1,0,0,0,0,1,1,1947-04-17,,0,3100052,,,,,,,,,,,,,,,
082015,0116001,2,茨城県,イバラキケン,Ibaraki,,,,水戸市,ミトシ,Mito-shi,,,,見川,ミガワ,Migawa,１丁目,１チョウメ,1,,,,,0,0,0,0,0,0,1,1,1947-04-17,,0,,,,,,,,,,,,,,,,
082015,0116002,2,茨城県,イバラキケン,Ibaraki,,,,水戸市,ミトシ,Mito-shi,,,,見川,ミガワ,Migawa,２丁目,２チョウメ,2,,,,,0,0,0,0,0,0,1,1,1947-04-17,,0,,,,,,,,,,,,,,,,
082015,0116003,2,茨城県,イバラキケン,Ibaraki,,,,水戸市,ミトシ,Mito-shi,,,,見川,ミガワ,Migawa,３丁目,３チョウメ,3,,,,,0,0,0,0,0,0,1,1,1947-04-17,,0,,,,,,,,,,,,,,,,
082015,0116004,2,茨城県,イバラキケン,Ibaraki,,,,水戸市,ミトシ,Mito-shi,,,,見川,ミガワ,Migawa,４丁目,４チョウメ,4,,,,,0,0,0,0,0,0,1,1,1947-04-17,,0,,,,,,,,,,,,,,,,
082015,0116005,2,茨城県,イバラキケン,Ibaraki,,,,水戸市,ミトシ,Mito-shi,,,,見川,ミガワ,Migawa,５丁目,５チョウメ,5,,,,,0,0,0,0,0,0,1,1,1947-04-17,,0,,,,,,,,,,,,,,,,
082015,0117000,1,茨城県,イバラキケン,Ibaraki,,,,水戸市,ミトシ,Mito-shi,,,,見川町,ミガワチョウ,Migawacho,,,,,,,,0,0,0,0,0,0,1,1,1947-04-17,,0,3100913,,,,,,,,,,,,,,,
082015,0118001,2,茨城県,イバラキケン,Ibaraki,,,,水戸市,ミトシ,Mito-shi,,,,緑町,ミドリチョウ,Midoricho,１丁目,１チョウメ,1,,,,,1,1,0,0,0,0,1,1,1947-04-17,,0,,,,,,,,,,,,,,,,
082015,0118002,2,茨城県,イバラキケン,Ibaraki,,,,水戸市,ミトシ,Mito-shi,,,,緑町,ミドリチョウ,Midoricho,２丁目,２チョウメ,2,,,,,1,1,0,0,0,0,1,1,1947-04-17,,0,,,,,,,,,,,,,,,,
082015,0118003,2,茨城県,イバラキケン,Ibaraki,,,,水戸市,ミトシ,Mito-shi,,,,緑町,ミドリチョウ,Midoricho,３丁目,３チョウメ,3,,,,,1,1,0,0,0,0,1,1,1947-04-17,,0,,,,,,,,,,,,,,,,
082015,0119001,2,茨城県,イバラキケン,Ibaraki,,,,水戸市,ミトシ,Mito-shi,,,,南町,ミナミマチ,Minamimachi,１丁目,１チョウメ,1,,,,,1,1,0,0,0,0,1,1,1947-04-17,,0,,,,,,,,,,,,,,,,
082015,0119002,2,茨城県,イバラキケン,Ibaraki,,,,水戸市,ミトシ,Mito-shi,,,,南町,ミナミマチ,Minamimachi,２丁目,２チョウメ,2,,,,,1,1,0,0,0,0,1,1,1947-04-17,,0,,,,,,,,,,,,,,,,
082015,0119003,2,茨城県,イバラキケン,Ibaraki,,,,水戸市,ミトシ,Mito-shi,,,,南町,ミナミマチ,Minamimachi,３丁目,３チョウメ,3,,,,,1,1,0,0,0,0,1,1,1947-04-17,,0,,,,,,,,,,,,,,,,
082015,0120000,1,茨城県,イバラキケン,Ibaraki,,,,水戸市,ミトシ,Mito-shi,,,,三野輪町,ミノワチョウ,Minowacho,,,,,,,,0,0,0,0,0,0,1,1,1947-04-17,,0,3190302,,,,,,,,,,,,,,,
082015,0121000,1,茨城県,イバラキケン,Ibaraki,,,,水戸市,ミトシ,Mito-shi,,,,宮内町,ミヤウチチョウ,Miyauchicho,,,,,,,,0,0,0,0,0,0,1,1,1947-04-17,,0,3100834,,,,,,,,,,,,,,,
082015,0122001,2,茨城県,イバラキケン,Ibaraki,,,,水戸市,ミトシ,Mito-shi,,,,宮町,ミヤマチ,Miyamachi,１丁目,１チョウメ,1,,,,,1,1,0,0,0,0,1,1,1947-04-17,,0,,,,,,,,,,,,,,,,
082015,0122002,2,茨城県,イバラキケン,Ibaraki,,,,水戸市,ミトシ,Mito-shi,,,,宮町,ミヤマチ,Miyamachi,２丁目,２チョウメ,2,,,,,1,1,0,0,0,0,1,1,1947-04-17,,0,,,,,,,,,,,,,,,,
082015,0122003,2,茨城県,イバラキケン,Ibaraki,,,,水戸市,ミトシ,Mito-shi,,,,宮町,ミヤマチ,Miyamachi,３丁目,３チョウメ,3,,,,,1,1,0,0,0,0,1,1,1947-04-17,,0,,,,,,,,,,,,,,,,
082015,0123001,2,茨城県,イバラキケン,Ibaraki,,,,水戸市,ミトシ,Mito-shi,,,,見和,ミワ,Miwa,１丁目,１チョウメ,1,,,,,0,0,0,0,0,0,1,1,1947-04-17,,0,,,,,,,,,,,,,,,,
082015,0123002,2,茨城県,イバラキケン,Ibaraki,,,,水戸市,ミトシ,Mito-shi,,,,見和,ミワ,Miwa,２丁目,２チョウメ,2,,,,,0,0,0,0,0,0,1,1,1947-04-17,,0,,,,,,,,,,,,,,,,
082015,0123003,2,茨城県,イバラキケン,Ibaraki,,,,水戸市,ミトシ,Mito-shi,,,,見和,ミワ,Miwa,３丁目,３チョウメ,3,,,,,0,0,0,0,0,0,1,1,1947-04-17,,0,,,,,,,,,,,,,,,,
082015,0124000,1,茨城県,イバラキケン,Ibaraki,,,,水戸市,ミトシ,Mito-shi,,,,元石川町,モトイシカワチョウ,Motoishikawacho,,,,,,,,0,0,0,0,0,0,1,1,1947-04-17,,0,3100843,,,,,,,,,,,,,,,
082015,0125000,1,茨城県,イバラキケン,Ibaraki,,,,水戸市,ミトシ,Mito-shi,,,,元台町,モトダイマチ,Motodaimachi,,,,,,,,0,0,0,0,0,0,1,1,1947-04-17,,0,3100835,,,,,,,,,,,,,,,
082015,0126001,2,茨城県,イバラキケン,Ibaraki,,,,水戸市,ミトシ,Mito-shi,,,,元山町,モトヤマチョウ,Motoyamacho,１丁目,１チョウメ,1,,,,,1,1,0,0,0,0,1,1,1947-04-17,,0,,,,,,,,,,,,,,,,
082015,0126002,2,茨城県,イバラキケン,Ibaraki,,,,水戸市,ミトシ,Mito-shi,,,,元山町,モトヤマチョウ,Motoyamacho,２丁目,２チョウメ,2,,,,,1,1,0,0,0,0,1,1,1947-04-17,,0,,,,,,,,,,,,,,,,
082015,0127000,1,茨城県,イバラキケン,Ibaraki,,,,水戸市,ミトシ,Mito-shi,,,,元吉田町,モトヨシダチョウ,Motoyoshidacho,,,,,,,,0,0,0,0,0,0,1,1,1947-04-17,,0,3100836,,,,,,,,,,,,,,,
082015,0128000,1,茨城県,イバラキケン,Ibaraki,,,,水戸市,ミトシ,Mito-shi,,,,森戸町,モリトチョウ,Moritocho,,,,,,,,0,0,0,0,0,0,1,1,1947-04-17,,0,3111124,,,,,,,,,,,,,,,
082015,0129000,1,茨城県,イバラキケン,Ibaraki,,,,水戸市,ミトシ,Mito-shi,,,,谷田町,ヤダチョウ,Yadacho,,,,,,,,0,0,0,0,0,0,1,1,1947-04-17,,0,3100825,,,,,,,,,,,,,,,
082015,0130000,1,茨城県,イバラキケン,Ibaraki,,,,水戸市,ミトシ,Mito-shi,,,,谷津町,ヤツチョウ,Yatsucho,,,,,,,,0,0,0,0,0,0,1,1,1947-04-17,,0,3114164,,,,,,,,,,,,,,,
082015,0131000,1,茨城県,イバラキケン,Ibaraki,,,,水戸市,ミトシ,Mito-shi,,,,柳河町,ヤナカワチョウ,Yanakawacho,,,,,,,,0,0,0,0,0,0,1,1,1947-04-17,,0,3100003,,,,,,,,,,,,,,,
082015,0132001,2,茨城県,イバラキケン,Ibaraki,,,,水戸市,ミトシ,Mito-shi,,,,柳町,ヤナギマチ,Yanagimachi,１丁目,１チョウメ,1,,,,,1,1,0,0,0,0,1,1,1947-04-17,,0,,,,,,,,,,,,,,,,
082015,0132002,2,茨城県,イバラキケン,Ibaraki,,,,水戸市,ミトシ,Mito-shi,,,,柳町,ヤナギマチ,Yanagimachi,２丁目,２チョウメ,2,,,,,1,1,0,0,0,0,1,1,1947-04-17,,0,,,,,,,,,,,,,,,,
082015,0133000,1,茨城県,イバラキケン,Ibaraki,,,,水戸市,ミトシ,Mito-shi,,,,百合が丘町,ユリガオカチョウ,Yurigaokacho,,,,,,,,0,0,0,0,0,0,1,1,1947-04-17,,0,3111134,,,,,,,,,,,,,,,
082015,0134000,1,茨城県,イバラキケン,Ibaraki,,,,水戸市,ミトシ,Mito-shi,,,,吉沢町,ヨシザワチョウ,Yoshizawacho,,,,,,,,0,0,0,0,0,0,1,1,1947-04-17,,0,3100845,,,,,,,,,,,,,,,
082015,0135000,1,茨城県,イバラキケン,Ibaraki,,,,水戸市,ミトシ,Mito-shi,,,,吉田,ヨシダ,Yoshida,,,,,,,,0,0,0,0,0,0,1,1,1947-04-17,,0,3100832,,,,,,,,,,,,,,,
082015,0136000,1,茨城県,イバラキケン,Ibaraki,,,,水戸市,ミトシ,Mito-shi,,,,吉沼町,ヨシヌマチョウ,Yoshinumacho,,,,,,,,0,0,0,0,0,0,1,1,1947-04-17,,0,3100827,,,,,,,,,,,,,,,
082015,0137000,1,茨城県,イバラキケン,Ibaraki,,,,水戸市,ミトシ,Mito-shi,,,,米沢町,ヨネザワチョウ,Yonezawacho,,,,,,,,0,0,0,0,0,0,1,1,1947-04-17,,0,3100847,,,,,,,,,,,,,,,
082015,0138000,1,茨城県,イバラキケン,Ibaraki,,,,水戸市,ミトシ,Mito-shi,,,,六反田町,ロクタンダチョウ,Rokutandacho,,,,,,,,0,0,0,0,0,0,1,1,1947-04-17,,0,3111135,,,,,,,,,,,,,,,
082015,0139001,2,茨城県,イバラキケン,Ibaraki,,,,水戸市,ミトシ,Mito-shi,,,,若宮,ワカミヤ,Wakamiya,１丁目,１チョウメ,1,,,,,1,1,0,0,0,0,1,1,1947-04-17,,0,,,,,,,,,,,,,,,,
082015,0139002,2,茨城県,イバラキケン,Ibaraki,,,,水戸市,ミトシ,Mito-shi,,,,若宮,ワカミヤ,Wakamiya,２丁目,２チョウメ,2,,,,,1,1,0,0,0,0,1,1,1947-04-17,,0,,,,,,,,,,,,,,,,
082015,0140000,1,茨城県,イバラキケン,Ibaraki,,,,水戸市,ミトシ,Mito-shi,,,,若宮町,ワカミヤチョウ,Wakamiyacho,,,,,,,,0,0,0,0,0,0,1,1,1947-04-17,,0,3100014,,,,,,,,,,,,,,,
082015,0141000,1,茨城県,イバラキケン,Ibaraki,,,,水戸市,ミトシ,Mito-shi,,,,渡里町,ワタリチョウ,Wataricho,,,,,,,,0,0,0,0,0,0,1,1,1947-04-17,,0,3100902,,,,,,,,,,,,,,,
082015,0142000,1,茨城県,イバラキケン,Ibaraki,,,,水戸市,ミトシ,Mito-shi,,,,三湯町,ミユチョウ,Miyucho,,,,,,,,0,0,0,0,0,0,1,1,1947-04-17,,0,3190316,,,,,,,,,,,,,,,
082015,0143000,1,茨城県,イバラキケン,Ibaraki,,,,水戸市,ミトシ,Mito-shi,,,,中原町,ナカハラチョウ,Nakaharacho,,,,,,,,0,0,0,0,0,0,1,1,1947-04-17,,0,3190305,,,,,,,,,,,,,,,
082015,0144000,1,茨城県,イバラキケン,Ibaraki,,,,水戸市,ミトシ,Mito-shi,,,,内原町,ウチハラチョウ,Uchiharacho,,,,,,,,0,0,0,0,0,0,1,1,1947-04-17,,0,3190315,,,,,,,,,,,,,,,
082015,0145000,1,茨城県,イバラキケン,Ibaraki,,,,水戸市,ミトシ,Mito-shi,,,,杉崎町,スギサキチョウ,Sugisakicho,,,,,,,,0,0,0,0,0,0,1,1,1947-04-17,,0,3190306,,,,,,,,,,,,,,,
082015,0148001,2,茨城県,イバラキケン,Ibaraki,,,,水戸市,ミトシ,Mito-shi,,,,内原,ウチハラ,Uchihara,１丁目,１チョウメ,1,,,,,0,0,0,0,0,0,1,1,1947-04-17,,0,,,,,,,,,,,,,,,,
082015,0148002,2,茨城県,イバラキケン,Ibaraki,,,,水戸市,ミトシ,Mito-shi,,,,内原,ウチハラ,Uchihara,２丁目,２チョウメ,2,,,,,0,0,0,0,0,0,1,1,1947-04-17,,0,,,,,,,,,,,,,,,,
082023,0001000,1,茨城県,イバラキケン,Ibaraki,,,,日立市,ヒタチシ,Hitachi-shi,,,,相賀町,アイガチョウ,Aigacho,,,,,,,,0,0,0,0,0,0,1,1,1947-04-17,,0,3170075,,,,,,,,,,,,,,,
082023,0002001,2,茨城県,イバラキケン,Ibaraki,,,,日立市,ヒタチシ,Hitachi-shi,,,,相田町,アイタチョウ,Aidacho,１丁目,１チョウメ,1,,,,,0,0,0,0,0,0,1,1,1947-04-17,,0,,,,,,,,,,,,,,,,
082023,0002002,2,茨城県,イバラキケン,Ibaraki,,,,日立市,ヒタチシ,Hitachi-shi,,,,相田町,アイタチョウ,Aidacho,２丁目,２チョウメ,2,,,,,0,0,0,0,0,0,1,1,1947-04-17,,0,,,,,,,,,,,,,,,,
082023,0002003,2,茨城県,イバラキケン,Ibaraki,,,,日立市,ヒタチシ,Hitachi-shi,,,,相田町,アイタチョウ,Aidacho,３丁目,３チョウメ,3,,,,,0,0,0,0,0,0,1,1,1947-04-17,,0,,,,,,,,,,,,,,,,
082023,0003001,2,茨城県,イバラキケン,Ibaraki,,,,日立市,ヒタチシ,Hitachi-shi,,,,旭町,アサヒチョウ,Asahicho,１丁目,１チョウメ,1,,,,,0,0,0,0,0,0,1,1,1947-04-17,,0,,,,,,,,,,,,,,,,
082023,0003002,2,茨城県,イバラキケン,Ibaraki,,,,日立市,ヒタチシ,Hitachi-shi,,,,旭町,アサヒチョウ,Asahicho,２丁目,２チョウメ,2,,,,,0,0,0,0,0,0,1,1,1947-04-17,,0,,,,,,,,,,,,,,,,
082023,0003003,2,茨城県,イバラキケン,Ibaraki,,,,日立市,ヒタチシ,Hitachi-shi,,,,旭町,アサヒチョウ,Asahicho,３丁目,３チョウメ,3,,,,,0,0,0,0,0,0,1,1,1947-04-17,,0,,,,,,,,,,,,,,,,
082023,0004001,2,茨城県,イバラキケン,Ibaraki,,,,日立市,ヒタチシ,Hitachi-shi,,,,鮎川町,アユカワチョウ,Ayukawacho,１丁目,１チョウメ,1,,,,,0,0,0,0,0,0,1,1,1947-04-17,,0,,,,,,,,,,,,,,,,
082023,0004002,2,茨城県,イバラキケン,Ibaraki,,,,日立市,ヒタチシ,Hitachi-shi,,,,鮎川町,アユカワチョウ,Ayukawacho,２丁目,２チョウメ,2,,,,,0,0,0,0,0,0,1,1,1947-04-17,,0,,,,,,,,,,,,,,,,
082023,0004003,2,茨城県,イバラキケン,Ibaraki,,,,日立市,ヒタチシ,Hitachi-shi,,,,鮎川町,アユカワチョウ,Ayukawacho,３丁目,３チョウメ,3,,,,,0,0,0,0,0,0,1,1,1947-04-17,,0,,,,,,,,,,,,,,,,
082023,0004004,2,茨城県,イバラキケン,Ibaraki,,,,日立市,ヒタチシ,Hitachi-shi,,,,鮎川町,アユカワチョウ,Ayukawacho,４丁目,４チョウメ,4,,,,,0,0,0,0,0,0,1,1,1947-04-17,,0,,,,,,,,,,,,,,,,
082023,0004005,2,茨城県,イバラキケン,Ibaraki,,,,日立市,ヒタチシ,Hitachi-shi,,,,鮎川町,アユカワチョウ,Ayukawacho,５丁目,５チョウメ,5,,,,,0,0,0,0,0,0,1,1,1947-04-17,,0,,,,,,,,,,,,,,,,
082023,0004006,2,茨城県,イバラキケン,Ibaraki,,,,日立市,ヒタチシ,Hitachi-shi,,,,鮎川町,アユカワチョウ,Ayukawacho,６丁目,６チョウメ,6,,,,,0,0,0,0,0,0,1,1,1947-04-17,,0,,,,,,,,,,,,,,,,
082023,0005000,1,茨城県,イバラキケン,Ibaraki,,,,日立市,ヒタチシ,Hitachi-shi,,,,砂沢町,イサゴザワチョウ,Isagozawacho,,,,,,,,0,0,0,0,0,0,1,1,1947-04-17,,0,3191418,,,,,,,,,,,,,,,
082023,0007000,1,茨城県,イバラキケン,Ibaraki,,,,日立市,ヒタチシ,Hitachi-shi,,,,石名坂町,イシナザカチョウ,Ishinazakacho,,,,,,,,0,0,0,0,0,0,1,1,1947-04-17,,0,3191225,,,,,,,,,,,,,,,
082023,0007001,2,茨城県,イバラキケン,Ibaraki,,,,日立市,ヒタチシ,Hitachi-shi,,,,石名坂町,イシナザカチョウ,Ishinazakacho,１丁目,１チョウメ,1,,,,,0,0,0,0,0,0,1,1,1947-04-17,,0,,,,,,,,,,,,,,,,
082023,0007002,2,茨城県,イバラキケン,Ibaraki,,,,日立市,ヒタチシ,Hitachi-shi,,,,石名坂町,イシナザカチョウ,Ishinazakacho,２丁目,２チョウメ,2,,,,,0,0,0,0,0,0,1,1,1947-04-17,,0,,,,,,,,,,,,,,,,
082023,0008000,1,茨城県,イバラキケン,Ibaraki,,,,日立市,ヒタチシ,Hitachi-shi,,,,入四間町,イリシケンチョウ,Irishikencho,,,,,,,,0,0,0,0,0,0,1,1,1947-04-17,,0,3110402,,,,,,,,,,,,,,,
082023,0009001,2,茨城県,イバラキケン,Ibaraki,,,,日立市,ヒタチシ,Hitachi-shi,,,,会瀬町,オウセチョウ,Osecho,１丁目,１チョウメ,1,,,,,0,0,0,0,0,0,1,1,1947-04-17,,0,,,,,,,,,,,,,,,,
082023,0009002,2,茨城県,イバラキケン,Ibaraki,,,,日立市,ヒタチシ,Hitachi-shi,,,,会瀬町,オウセチョウ,Osecho,２丁目,２チョウメ,2,,,,,0,0,0,0,0,0,1,1,1947-04-17,,0,,,,,,,,,,,,,,,,
082023,0009003,2,茨城県,イバラキケン,Ibaraki,,,,日立市,ヒタチシ,Hitachi-shi,,,,会瀬町,オウセチョウ,Osecho,３丁目,３チョウメ,3,,,,,0,0,0,0,0,0,1,1,1947-04-17,,0,,,,,,,,,,,,,,,,
082023,0009004,2,茨城県,イバラキケン,Ibaraki,,,,日立市,ヒタチシ,Hitachi-shi,,,,会瀬町,オウセチョウ,Osecho,４丁目,４チョウメ,4,,,,,0,0,0,0,0,0,1,1,1947-04-17,,0,,,,,,,,,,,,,,,,
082023,0011000,1,茨城県,イバラキケン,Ibaraki,,,,日立市,ヒタチシ,Hitachi-shi,,,,大久保町,オオクボチョウ,Okubocho,,,,,,,,0,0,0,0,0,0,1,1,1947-04-17,,0,3160012,,,,,,,,,,,,,,,
082023,0011001,2,茨城県,イバラキケン,Ibaraki,,,,日立市,ヒタチシ,Hitachi-shi,,,,大久保町,オオクボチョウ,Okubocho,１丁目,１チョウメ,1,,,,,0,0,0,0,0,0,1,1,1947-04-17,,0,,,,,,,,,,,,,,,,
082023,0011002,2,茨城県,イバラキケン,Ibaraki,,,,日立市,ヒタチシ,Hitachi-shi,,,,大久保町,オオクボチョウ,Okubocho,２丁目,２チョウメ,2,,,,,0,0,0,0,0,0,1,1,1947-04-17,,0,,,,,,,,,,,,,,,,
082023,0011003,2,茨城県,イバラキケン,Ibaraki,,,,日立市,ヒタチシ,Hitachi-shi,,,,大久保町,オオクボチョウ,Okubocho,３丁目,３チョウメ,3,,,,,0,0,0,0,0,0,1,1,1947-04-17,,0,,,,,,,,,,,,,,,,
082023,0011004,2,茨城県,イバラキケン,Ibaraki,,,,日立市,ヒタチシ,Hitachi-shi,,,,大久保町,オオクボチョウ,Okubocho,４丁目,４チョウメ,4,,,,,0,0,0,0,0,0,1,1,1947-04-17,,0,,,,,,,,,,,,,,,,
082023,0011005,2,茨城県,イバラキケン,Ibaraki,,,,日立市,ヒタチシ,Hitachi-shi,,,,大久保町,オオクボチョウ,Okubocho,５丁目,５チョウメ,5,,,,,0,0,0,0,0,0,1,1,1947-04-17,,0,,,,,,,,,,,,,,,,
082023,0013000,1,茨城県,イバラキケン,Ibaraki,,,,日立市,ヒタチシ,Hitachi-shi,,,,大沼町,オオヌマチョウ,Onumacho,,,,,,,,0,0,0,0,0,0,1,1,1947-04-17,,0,3160022,,,,,,,,,,,,,,,
082023,0013001,2,茨城県,イバラキケン,Ibaraki,,,,日立市,ヒタチシ,Hitachi-shi,,,,大沼町,オオヌマチョウ,Onumacho,１丁目,１チョウメ,1,,,,,0,0,0,0,0,0,1,1,1947-04-17,,0,,,,,,,,,,,,,,,,
082023,0013002,2,茨城県,イバラキケン,Ibaraki,,,,日立市,ヒタチシ,Hitachi-shi,,,,大沼町,オオヌマチョウ,Onumacho,２丁目,２チョウメ,2,,,,,0,0,0,0,0,0,1,1,1947-04-17,,0,,,,,,,,,,,,,,,,
082023,0013003,2,茨城県,イバラキケン,Ibaraki,,,,日立市,ヒタチシ,Hitachi-shi,,,,大沼町,オオヌマチョウ,Onumacho,３丁目,３チョウメ,3,,,,,0,0,0,0,0,0,1,1,1947-04-17,,0,,,,,,,,,,,,,,,,
082023,0013004,2,茨城県,イバラキケン,Ibaraki,,,,日立市,ヒタチシ,Hitachi-shi,,,,大沼町,オオヌマチョウ,Onumacho,４丁目,４チョウメ,4,,,,,0,0,0,0,0,0,1,1,1947-04-17,,0,,,,,,,,,,,,,,,,
082023,0014001,2,茨城県,イバラキケン,Ibaraki,,,,日立市,ヒタチシ,Hitachi-shi,,,,大みか町,オオミカチョウ,Omikacho,１丁目,１チョウメ,1,,,,,0,0,0,0,0,0,1,1,1947-04-17,,0,,,,,,,,,,,,,,,,
082023,0014002,2,茨城県,イバラキケン,Ibaraki,,,,日立市,ヒタチシ,Hitachi-shi,,,,大みか町,オオミカチョウ,Omikacho,２丁目,２チョウメ,2,,,,,0,0,0,0,0,0,1,1,1947-04-17,,0,,,,,,,,,,,,,,,,
082023,0014003,2,茨城県,イバラキケン,Ibaraki,,,,日立市,ヒタチシ,Hitachi-shi,,,,大みか町,オオミカチョウ,Omikacho,３丁目,３チョウメ,3,,,,,0,0,0,0,0,0,1,1,1947-04-17,,0,,,,,,,,,,,,,,,,
082023,0014004,2,茨城県,イバラキケン,Ibaraki,,,,日立市,ヒタチシ,Hitachi-shi,,,,大みか町,オオミカチョウ,Omikacho,４丁目,４チョウメ,4,,,,,0,0,0,0,0,0,1,1,1947-04-17,,0,,,,,,,,,,,,,,,,
082023,0014005,2,茨城県,イバラキケン,Ibaraki,,,,日立市,ヒタチシ,Hitachi-shi,,,,大みか町,オオミカチョウ,Omikacho,５丁目,５チョウメ,5,,,,,0,0,0,0,0,0,1,1,1947-04-17,,0,,,,,,,,,,,,,,,,
082023,0014006,2,茨城県,イバラキケン,Ibaraki,,,,日立市,ヒタチシ,Hitachi-shi,,,,大みか町,オオミカチョウ,Omikacho,６丁目,６チョウメ,6,,,,,0,0,0,0,0,0,1,1,1947-04-17,,0,,,,,,,,,,,,,,,,
082023,0014007,2,茨城県,イバラキケン,Ibaraki,,,,日立市,ヒタチシ,Hitachi-shi,,,,大みか町,オオミカチョウ,Omikacho,７丁目,７チョウメ,7,,,,,0,0,0,0,0,0,1,1,1947-04-17,,0,,,,,,,,,,,,,,,,
082023,0016000,1,茨城県,イバラキケン,Ibaraki,,,,日立市,ヒタチシ,Hitachi-shi,,,,大和田町,オオワダチョウ,Owadacho,,,,,,,,0,0,0,0,0,0,1,1,1947-04-17,,0,3191234,,,,,,,,,,,,,,,
082023,0016001,2,茨城県,イバラキケン,Ibaraki,,,,日立市,ヒタチシ,Hitachi-shi,,,,大和田町,オオワダチョウ,Owadacho,１丁目,１チョウメ,1,,,,,0,0,0,0,0,0,1,1,1947-04-17,,0,,,,,,,,,,,,,,,,
082023,0018000,1,茨城県,イバラキケン,Ibaraki,,,,日立市,ヒタチシ,Hitachi-shi,,,,小木津町,オギツチョウ,Ogitsucho,,,,,,,,0,0,0,0,0,0,1,1,1947-04-17,,0,3191413,,,,,,,,,,,,,,,
082023,0018001,2,茨城県,イバラキケン,Ibaraki,,,,日立市,ヒタチシ,Hitachi-shi,,,,小木津町,オギツチョウ,Ogitsucho,１丁目,１チョウメ,1,,,,,0,0,0,0,0,0,1,1,1947-04-17,,0,,,,,,,,,,,,,,,,
082023,0018002,2,茨城県,イバラキケン,Ibaraki,,,,日立市,ヒタチシ,Hitachi-shi,,,,小木津町,オギツチョウ,Ogitsucho,２丁目,２チョウメ,2,,,,,0,0,0,0,0,0,1,1,1947-04-17,,0,,,,,,,,,,,,,,,,
082023,0018003,2,茨城県,イバラキケン,Ibaraki,,,,日立市,ヒタチシ,Hitachi-shi,,,,小木津町,オギツチョウ,Ogitsucho,３丁目,３チョウメ,3,,,,,0,0,0,0,0,0,1,1,1947-04-17,,0,,,,,,,,,,,,,,,,
082023,0018004,2,茨城県,イバラキケン,Ibaraki,,,,日立市,ヒタチシ,Hitachi-shi,,,,小木津町,オギツチョウ,Ogitsucho,４丁目,４チョウメ,4,,,,,0,0,0,0,0,0,1,1,1947-04-17,,0,,,,,,,,,,,,,,,,
082023,0018005,2,茨城県,イバラキケン,Ibaraki,,,,日立市,ヒタチシ,Hitachi-shi,,,,小木津町,オギツチョウ,Ogitsucho,５丁目,５チョウメ,5,,,,,0,0,0,0,0,0,1,1,1947-04-17,,0,,,,,,,,,,,,,,,,
082023,0020000,1,茨城県,イバラキケン,Ibaraki,,,,日立市,ヒタチシ,Hitachi-shi,,,,折笠町,オリカサチョウ,Orikasacho,,,,,,,,0,0,0,0,0,0,1,1,1947-04-17,,0,3191412,,,,,,,,,,,,,,,
082023,0020001,2,茨城県,イバラキケン,Ibaraki,,,,日立市,ヒタチシ,Hitachi-shi,,,,折笠町,オリカサチョウ,Orikasacho,１丁目,１チョウメ,1,,,,,0,0,0,0,0,0,1,1,1947-04-17,,0,,,,,,,,,,,,,,,,
082023,0021001,2,茨城県,イバラキケン,Ibaraki,,,,日立市,ヒタチシ,Hitachi-shi,,,,鹿島町,カシマチョウ,Kashimacho,１丁目,１チョウメ,1,,,,,0,0,0,0,0,0,1,1,1947-04-17,,0,,,,,,,,,,,,,,,,
082023,0021002,2,茨城県,イバラキケン,Ibaraki,,,,日立市,ヒタチシ,Hitachi-shi,,,,鹿島町,カシマチョウ,Kashimacho,２丁目,２チョウメ,2,,,,,0,0,0,0,0,0,1,1,1947-04-17,,0,,,,,,,,,,,,,,,,
082023,0021003,2,茨城県,イバラキケン,Ibaraki,,,,日立市,ヒタチシ,Hitachi-shi,,,,鹿島町,カシマチョウ,Kashimacho,３丁目,３チョウメ,3,,,,,0,0,0,0,0,0,1,1,1947-04-17,,0,,,,,,,,,,,,,,,,
082023,0023000,1,茨城県,イバラキケン,Ibaraki,,,,日立市,ヒタチシ,Hitachi-shi,,,,金沢町,カネサワチョウ,Kanesawacho,,,,,,,,0,0,0,0,0,0,1,1,1947-04-17,,0,3160015,,,,,,,,,,,,,,,
082023,0023001,2,茨城県,イバラキケン,Ibaraki,,,,日立市,ヒタチシ,Hitachi-shi,,,,金沢町,カネサワチョウ,Kanesawacho,１丁目,１チョウメ,1,,,,,0,0,0,0,0,0,1,1,1947-04-17,,0,,,,,,,,,,,,,,,,
082023,0023002,2,茨城県,イバラキケン,Ibaraki,,,,日立市,ヒタチシ,Hitachi-shi,,,,金沢町,カネサワチョウ,Kanesawacho,２丁目,２チョウメ,2,,,,,0,0,0,0,0,0,1,1,1947-04-17,,0,,,,,,,,,,,,,,,,
082023,0023003,2,茨城県,イバラキケン,Ibaraki,,,,日立市,ヒタチシ,Hitachi-shi,,,,金沢町,カネサワチョウ,Kanesawacho,３丁目,３チョウメ,3,,,,,0,0,0,0,0,0,1,1,1947-04-17,,0,,,,,,,,,,,,,,,,
082023,0023004,2,茨城県,イバラキケン,Ibaraki,,,,日立市,ヒタチシ,Hitachi-shi,,,,金沢町,カネサワチョウ,Kanesawacho,４丁目,４チョウメ,4,,,,,0,0,0,0,0,0,1,1,1947-04-17,,0,,,,,,,,,,,,,,,,
082023,0023005,2,茨城県,イバラキケン,Ibaraki,,,,日立市,ヒタチシ,Hitachi-shi,,,,金沢町,カネサワチョウ,Kanesawacho,５丁目,５チョウメ,5,,,,,0,0,0,0,0,0,1,1,1947-04-17,,0,,,,,,,,,,,,,,,,
082023,0023006,2,茨城県,イバラキケン,Ibaraki,,,,日立市,ヒタチシ,Hitachi-shi,,,,金沢町,カネサワチョウ,Kanesawacho,６丁目,６チョウメ,6,,,,,0,0,0,0,0,0,1,1,1947-04-17,,0,,,,,,,,,,,,,,,,
082023,0023007,2,茨城県,イバラキケン,Ibaraki,,,,日立市,ヒタチシ,Hitachi-shi,,,,金沢町,カネサワチョウ,Kanesawacho,７丁目,７チョウメ,7,,,,,0,0,0,0,0,0,1,1,1947-04-17,,0,,,,,,,,,,,,,,,,
082023,0024001,2,茨城県,イバラキケン,Ibaraki,,,,日立市,ヒタチシ,Hitachi-shi,,,,かみあい町,カミアイチョウ,Kamiaicho,１丁目,１チョウメ,1,,,,,0,0,0,0,0,0,1,1,1947-04-17,,0,,,,,,,,,,,,,,,,
082023,0024002,2,茨城県,イバラキケン,Ibaraki,,,,日立市,ヒタチシ,Hitachi-shi,,,,かみあい町,カミアイチョウ,Kamiaicho,２丁目,２チョウメ,2,,,,,0,0,0,0,0,0,1,1,1947-04-17,,0,,,,,,,,,,,,,,,,
082023,0024003,2,茨城県,イバラキケン,Ibaraki,,,,日立市,ヒタチシ,Hitachi-shi,,,,かみあい町,カミアイチョウ,Kamiaicho,３丁目,３チョウメ,3,,,,,0,0,0,0,0,0,1,1,1947-04-17,,0,,,,,,,,,,,,,,,,
082023,0025001,2,茨城県,イバラキケン,Ibaraki,,,,日立市,ヒタチシ,Hitachi-shi,,,,神峰町,カミネチョウ,Kaminecho,１丁目,１チョウメ,1,,,,,0,0,0,0,0,0,1,1,1947-04-17,,0,,,,,,,,,,,,,,,,
082023,0025002,2,茨城県,イバラキケン,Ibaraki,,,,日立市,ヒタチシ,Hitachi-shi,,,,神峰町,カミネチョウ,Kaminecho,２丁目,２チョウメ,2,,,,,0,0,0,0,0,0,1,1,1947-04-17,,0,,,,,,,,,,,,,,,,
082023,0025003,2,茨城県,イバラキケン,Ibaraki,,,,日立市,ヒタチシ,Hitachi-shi,,,,神峰町,カミネチョウ,Kaminecho,３丁目,３チョウメ,3,,,,,0,0,0,0,0,0,1,1,1947-04-17,,0,,,,,,,,,,,,,,,,
082023,0025004,2,茨城県,イバラキケン,Ibaraki,,,,日立市,ヒタチシ,Hitachi-shi,,,,神峰町,カミネチョウ,Kaminecho,４丁目,４チョウメ,4,,,,,0,0,0,0,0,0,1,1,1947-04-17,,0,,,,,,,,,,,,,,,,
082023,0027000,1,茨城県,イバラキケン,Ibaraki,,,,日立市,ヒタチシ,Hitachi-shi,,,,川尻町,カワジリチョウ,Kawajiricho,,,,,,,,0,0,0,0,0,0,1,1,1947-04-17,,0,3191411,,,,,,,,,,,,,,,
082023,0027001,2,茨城県,イバラキケン,Ibaraki,,,,日立市,ヒタチシ,Hitachi-shi,,,,川尻町,カワジリチョウ,Kawajiricho,１丁目,１チョウメ,1,,,,,0,0,0,0,0,0,1,1,1947-04-17,,0,,,,,,,,,,,,,,,,
082023,0027002,2,茨城県,イバラキケン,Ibaraki,,,,日立市,ヒタチシ,Hitachi-shi,,,,川尻町,カワジリチョウ,Kawajiricho,２丁目,２チョウメ,2,,,,,0,0,0,0,0,0,1,1,1947-04-17,,0,,,,,,,,,,,,,,,,
082023,0027003,2,茨城県,イバラキケン,Ibaraki,,,,日立市,ヒタチシ,Hitachi-shi,,,,川尻町,カワジリチョウ,Kawajiricho,３丁目,３チョウメ,3,,,,,0,0,0,0,0,0,1,1,1947-04-17,,0,,,,,,,,,,,,,,,,
082023,0027004,2,茨城県,イバラキケン,Ibaraki,,,,日立市,ヒタチシ,Hitachi-shi,,,,川尻町,カワジリチョウ,Kawajiricho,４丁目,４チョウメ,4,,,,,0,0,0,0,0,0,1,1,1947-04-17,,0,,,,,,,,,,,,,,,,
082023,0027005,2,茨城県,イバラキケン,Ibaraki,,,,日立市,ヒタチシ,Hitachi-shi,,,,川尻町,カワジリチョウ,Kawajiricho,５丁目,５チョウメ,5,,,,,0,0,0,0,0,0,1,1,1947-04-17,,0,,,,,,,,,,,,,,,,
082023,0027006,2,茨城県,イバラキケン,Ibaraki,,,,日立市,ヒタチシ,Hitachi-shi,,,,川尻町,カワジリチョウ,Kawajiricho,６丁目,６チョウメ,6,,,,,0,0,0,0,0,0,1,1,1947-04-17,,0,,,,,,,,,,,,,,,,
082023,0027007,2,茨城県,イバラキケン,Ibaraki,,,,日立市,ヒタチシ,Hitachi-shi,,,,川尻町,カワジリチョウ,Kawajiricho,７丁目,７チョウメ,7,,,,,0,0,0,0,0,0,1,1,1947-04-17,,0,,,,,,,,,,,,,,,,
082023,0028001,2,茨城県,イバラキケン,Ibaraki,,,,日立市,ヒタチシ,Hitachi-shi,,,,河原子町,カワラゴチョウ,Kawaragocho,１丁目,１チョウメ,1,,,,,0,0,0,0,0,0,1,1,1947-04-17,,0,,,,,,,,,,,,,,,,
082023,0028002,2,茨城県,イバラキケン,Ibaraki,,,,日立市,ヒタチシ,Hitachi-shi,,,,河原子町,カワラゴチョウ,Kawaragocho,２丁目,２チョウメ,2,,,,,0,0,0,0,0,0,1,1,1947-04-17,,0,,,,,,,,,,,,,,,,
082023,0028003,2,茨城県,イバラキケン,Ibaraki,,,,日立市,ヒタチシ,Hitachi-shi,,,,河原子町,カワラゴチョウ,Kawaragocho,３丁目,３チョウメ,3,,,,,0,0,0,0,0,0,1,1,1947-04-17,,0,,,,,,,,,,,,,,,,
082023,0028004,2,茨城県,イバラキケン,Ibaraki,,,,日立市,ヒタチシ,Hitachi-shi,,,,河原子町,カワラゴチョウ,Kawaragocho,４丁目,４チョウメ,4,,,,,0,0,0,0,0,0,1,1,1947-04-17,,0,,,,,,,,,,,,,,,,
082023,0029000,1,茨城県,イバラキケン,Ibaraki,,,,日立市,ヒタチシ,Hitachi-shi,,,,神田町,カンダチョウ,Kandacho,,,,,,,,0,0,0,0,0,0,1,1,1947-04-17,,0,3191233,,,,,,,,,,,,,,,
082023,0030000,1,茨城県,イバラキケン,Ibaraki,,,,日立市,ヒタチシ,Hitachi-shi,,,,久慈町,クジチヨウ,,,,,,,,,0,0,0,0,0,0,1,0,1947-04-17,,1,,,,,,,,,,,,,,,,
082023,0030001,2,茨城県,イバラキケン,Ibaraki,,,,日立市,ヒタチシ,Hitachi-shi,,,,久慈町,クジチョウ,Kujicho,１丁目,１チョウメ,1,,,,,0,0,0,0,0,0,1,1,1947-04-17,,0,,,,,,,,,,,,,,,,
082023,0030002,2,茨城県,イバラキケン,Ibaraki,,,,日立市,ヒタチシ,Hitachi-shi,,,,久慈町,クジチョウ,Kujicho,２丁目,２チョウメ,2,,,,,0,0,0,0,0,0,1,1,1947-04-17,,0,,,,,,,,,,,,,,,,
082023,0030003,2,茨城県,イバラキケン,Ibaraki,,,,日立市,ヒタチシ,Hitachi-shi,,,,久慈町,クジチョウ,Kujicho,３丁目,３チョウメ,3,,,,,0,0,0,0,0,0,1,1,1947-04-17,,0,,,,,,,,,,,,,,,,
082023,0030004,2,茨城県,イバラキケン,Ibaraki,,,,日立市,ヒタチシ,Hitachi-shi,,,,久慈町,クジチョウ,Kujicho,４丁目,４チョウメ,4,,,,,0,0,0,0,0,0,1,1,1947-04-17,,0,,,,,,,,,,,,,,,,
082023,0030005,2,茨城県,イバラキケン,Ibaraki,,,,日立市,ヒタチシ,Hitachi-shi,,,,久慈町,クジチョウ,Kujicho,５丁目,５チョウメ,5,,,,,0,0,0,0,0,0,1,1,1947-04-17,,0,,,,,,,,,,,,,,,,
082023,0030006,2,茨城県,イバラキケン,Ibaraki,,,,日立市,ヒタチシ,Hitachi-shi,,,,久慈町,クジチョウ,Kujicho,６丁目,６チョウメ,6,,,,,0,0,0,0,0,0,1,1,1947-04-17,,0,,,,,,,,,,,,,,,,
082023,0030007,2,茨城県,イバラキケン,Ibaraki,,,,日立市,ヒタチシ,Hitachi-shi,,,,久慈町,クジチョウ,Kujicho,７丁目,７チョウメ,7,,,,,0,0,0,0,0,0,1,1,1947-04-17,,0,,,,,,,,,,,,,,,,
082023,0031001,2,茨城県,イバラキケン,Ibaraki,,,,日立市,ヒタチシ,Hitachi-shi,,,,国分町,コクブチョウ,Kokubucho,１丁目,１チョウメ,1,,,,,0,0,0,0,0,0,1,1,1947-04-17,,0,,,,,,,,,,,,,,,,
082023,0031002,2,茨城県,イバラキケン,Ibaraki,,,,日立市,ヒタチシ,Hitachi-shi,,,,国分町,コクブチョウ,Kokubucho,２丁目,２チョウメ,2,,,,,0,0,0,0,0,0,1,1,1947-04-17,,0,,,,,,,,,,,,,,,,
082023,0031003,2,茨城県,イバラキケン,Ibaraki,,,,日立市,ヒタチシ,Hitachi-shi,,,,国分町,コクブチョウ,Kokubucho,３丁目,３チョウメ,3,,,,,0,0,0,0,0,0,1,1,1947-04-17,,0,,,,,,,,,,,,,,,,
082023,0032001,2,茨城県,イバラキケン,Ibaraki,,,,日立市,ヒタチシ,Hitachi-shi,,,,幸町,サイワイチョウ,Saiwaicho,１丁目,１チョウメ,1,,,,,0,0,0,0,0,0,1,1,1947-04-17,,0,,,,,,,,,,,,,,,,
082023,0032002,2,茨城県,イバラキケン,Ibaraki,,,,日立市,ヒタチシ,Hitachi-shi,,,,幸町,サイワイチョウ,Saiwaicho,２丁目,２チョウメ,2,,,,,0,0,0,0,0,0,1,1,1947-04-17,,0,,,,,,,,,,,,,,,,
082023,0032003,2,茨城県,イバラキケン,Ibaraki,,,,日立市,ヒタチシ,Hitachi-shi,,,,幸町,サイワイチョウ,Saiwaicho,３丁目,３チョウメ,3,,,,,0,0,0,0,0,0,1,1,1947-04-17,,0,,,,,,,,,,,,,,,,
082023,0033001,2,茨城県,イバラキケン,Ibaraki,,,,日立市,ヒタチシ,Hitachi-shi,,,,桜川町,サクラガワチョウ,Sakuragawacho,１丁目,１チョウメ,1,,,,,0,0,0,0,0,0,1,1,1947-04-17,,0,,,,,,,,,,,,,,,,
082023,0033002,2,茨城県,イバラキケン,Ibaraki,,,,日立市,ヒタチシ,Hitachi-shi,,,,桜川町,サクラガワチョウ,Sakuragawacho,２丁目,２チョウメ,2,,,,,0,0,0,0,0,0,1,1,1947-04-17,,0,,,,,,,,,,,,,,,,
082023,0033003,2,茨城県,イバラキケン,Ibaraki,,,,日立市,ヒタチシ,Hitachi-shi,,,,桜川町,サクラガワチョウ,Sakuragawacho,３丁目,３チョウメ,3,,,,,0,0,0,0,0,0,1,1,1947-04-17,,0,,,,,,,,,,,,,,,,
082023,0033004,2,茨城県,イバラキケン,Ibaraki,,,,日立市,ヒタチシ,Hitachi-shi,,,,桜川町,サクラガワチョウ,Sakuragawacho,４丁目,４チョウメ,4,,,,,0,0,0,0,0,0,1,1,1947-04-17,,0,,,,,,,,,,,,,,,,
082023,0034000,1,茨城県,イバラキケン,Ibaraki,,,,日立市,ヒタチシ,Hitachi-shi,,,,下土木内町,シモドギウチチョウ,Shimodogiuchicho,,,,,,,,0,0,0,0,0,0,1,1,1947-04-17,,0,3191232,,,,,,,,,,,,,,,
082023,0035000,1,茨城県,イバラキケン,Ibaraki,,,,日立市,ヒタチシ,Hitachi-shi,,,,下深荻町,シモフカオギチョウ,Shimofukaogicho,,,,,,,,0,0,0,0,0,0,1,1,1947-04-17,,0,3110404,,,,,,,,,,,,,,,
082023,0036000,1,茨城県,イバラキケン,Ibaraki,,,,日立市,ヒタチシ,Hitachi-shi,,,,十王町伊師,ジュウオウチョウイシ,Juocho Ishi,,,,,,,,0,0,0,0,0,0,1,1,1947-04-17,,0,3191301,,,,,,,,,,,,,,,
082023,0037000,1,茨城県,イバラキケン,Ibaraki,,,,日立市,ヒタチシ,Hitachi-shi,,,,十王町伊師本郷,ジュウオウチョウイシホンゴウ,Juocho Ishihongo,,,,,,,,0,0,0,0,0,0,1,1,1947-04-17,,0,3191302,,,,,,,,,,,,,,,
082023,0038000,1,茨城県,イバラキケン,Ibaraki,,,,日立市,ヒタチシ,Hitachi-shi,,,,十王町黒坂,ジュウオウチョウクロサカ,Juocho Kurosaka,,,,,,,,0,0,0,0,0,0,1,1,1947-04-17,,0,3191306,,,,,,,,,,,,,,,
082023,0039001,2,茨城県,イバラキケン,Ibaraki,,,,日立市,ヒタチシ,Hitachi-shi,,,,十王町城の丘,ジュウオウチョウシロノオカ,Juocho Shironoka,１丁目,１チョウメ,1,,,,,0,0,0,0,0,0,1,1,1947-04-17,,0,,,,,,,,,,,,,,,,
082023,0039002,2,茨城県,イバラキケン,Ibaraki,,,,日立市,ヒタチシ,Hitachi-shi,,,,十王町城の丘,ジュウオウチョウシロノオカ,Juocho Shironoka,２丁目,２チョウメ,2,,,,,0,0,0,0,0,0,1,1,1947-04-17,,0,,,,,,,,,,,,,,,,
082023,0039003,2,茨城県,イバラキケン,Ibaraki,,,,日立市,ヒタチシ,Hitachi-shi,,,,十王町城の丘,ジュウオウチョウシロノオカ,Juocho Shironoka,３丁目,３チョウメ,3,,,,,0,0,0,0,0,0,1,1,1947-04-17,,0,,,,,,,,,,,,,,,,
082023,0039004,2,茨城県,イバラキケン,Ibaraki,,,,日立市,ヒタチシ,Hitachi-shi,,,,十王町城の丘,ジュウオウチョウシロノオカ,Juocho Shironoka,４丁目,４チョウメ,4,,,,,0,0,0,0,0,0,1,1,1947-04-17,,0,,,,,,,,,,,,,,,,
082023,0039005,2,茨城県,イバラキケン,Ibaraki,,,,日立市,ヒタチシ,Hitachi-shi,,,,十王町城の丘,ジュウオウチョウシロノオカ,Juocho Shironoka,５丁目,５チョウメ,5,,,,,0,0,0,0,0,0,1,1,1947-04-17,,0,,,,,,,,,,,,,,,,
082023,0040000,1,茨城県,イバラキケン,Ibaraki,,,,日立市,ヒタチシ,Hitachi-shi,,,,十王町高原,ジュウオウチョウタカハラ,Juocho Takahara,,,,,,,,0,0,0,0,0,0,1,1,1947-04-17,,0,3191305,,,,,,,,,,,,,,,
082023,0041000,1,茨城県,イバラキケン,Ibaraki,,,,日立市,ヒタチシ,Hitachi-shi,,,,十王町友部,ジュウオウチョウトモベ,Juocho Tomobe,,,,,,,,0,0,0,0,0,0,1,1,1947-04-17,,0,3191304,,,,,,,,,,,,,,,
082023,0042001,2,茨城県,イバラキケン,Ibaraki,,,,日立市,ヒタチシ,Hitachi-shi,,,,十王町友部東,ジュウオウチョウトモベヒガシ,Juocho Tomobehigashi,１丁目,１チョウメ,1,,,,,0,0,0,0,0,0,1,1,1947-04-17,,0,,,,,,,,,,,,,,,,
082023,0042002,2,茨城県,イバラキケン,Ibaraki,,,,日立市,ヒタチシ,Hitachi-shi,,,,十王町友部東,ジュウオウチョウトモベヒガシ,Juocho Tomobehigashi,２丁目,２チョウメ,2,,,,,0,0,0,0,0,0,1,1,1947-04-17,,0,,,,,,,,,,,,,,,,
082023,0042003,2,茨城県,イバラキケン,Ibaraki,,,,日立市,ヒタチシ,Hitachi-shi,,,,十王町友部東,ジュウオウチョウトモベヒガシ,Juocho Tomobehigashi,３丁目,３チョウメ,3,,,,,0,0,0,0,0,0,1,1,1947-04-17,,0,,,,,,,,,,,,,,,,
082023,0042004,2,茨城県,イバラキケン,Ibaraki,,,,日立市,ヒタチシ,Hitachi-shi,,,,十王町友部東,ジュウオウチョウトモベヒガシ,Juocho Tomobehigashi,４丁目,４チョウメ,4,,,,,0,0,0,0,0,0,1,1,1947-04-17,,0,,,,,,,,,,,,,,,,
082023,0043000,1,茨城県,イバラキケン,Ibaraki,,,,日立市,ヒタチシ,Hitachi-shi,,,,十王町山部,ジュウオウチョウヤマベ,Juocho Yamabe,,,,,,,,0,0,0,0,0,0,1,1,1947-04-17,,0,3191307,,,,,,,,,,,,,,,
082023,0044001,2,茨城県,イバラキケン,Ibaraki,,,,日立市,ヒタチシ,Hitachi-shi,,,,城南町,ジョウナンチョウ,Jonancho,１丁目,１チョウメ,1,,,,,0,0,0,0,0,0,1,1,1947-04-17,,0,,,,,,,,,,,,,,,,
082023,0044002,2,茨城県,イバラキケン,Ibaraki,,,,日立市,ヒタチシ,Hitachi-shi,,,,城南町,ジョウナンチョウ,Jonancho,２丁目,２チョウメ,2,,,,,0,0,0,0,0,0,1,1,1947-04-17,,0,,,,,,,,,,,,,,,,
082023,0044003,2,茨城県,イバラキケン,Ibaraki,,,,日立市,ヒタチシ,Hitachi-shi,,,,城南町,ジョウナンチョウ,Jonancho,３丁目,３チョウメ,3,,,,,0,0,0,0,0,0,1,1,1947-04-17,,0,,,,,,,,,,,,,,,,
082023,0044004,2,茨城県,イバラキケン,Ibaraki,,,,日立市,ヒタチシ,Hitachi-shi,,,,城南町,ジョウナンチョウ,Jonancho,４丁目,４チョウメ,4,,,,,0,0,0,0,0,0,1,1,1947-04-17,,0,,,,,,,,,,,,,,,,
082023,0044005,2,茨城県,イバラキケン,Ibaraki,,,,日立市,ヒタチシ,Hitachi-shi,,,,城南町,ジョウナンチョウ,Jonancho,５丁目,５チョウメ,5,,,,,0,0,0,0,0,0,1,1,1947-04-17,,0,,,,,,,,,,,,,,,,
082023,0045001,2,茨城県,イバラキケン,Ibaraki,,,,日立市,ヒタチシ,Hitachi-shi,,,,白銀町,シロガネチョウ,Shiroganecho,１丁目,１チョウメ,1,,,,,0,0,0,0,0,0,1,1,1947-04-17,,0,,,,,,,,,,,,,,,,
082023,0045002,2,茨城県,イバラキケン,Ibaraki,,,,日立市,ヒタチシ,Hitachi-shi,,,,白銀町,シロガネチョウ,Shiroganecho,２丁目,２チョウメ,2,,,,,0,0,0,0,0,0,1,1,1947-04-17,,0,,,,,,,,,,,,,,,,
082023,0045003,2,茨城県,イバラキケン,Ibaraki,,,,日立市,ヒタチシ,Hitachi-shi,,,,白銀町,シロガネチョウ,Shiroganecho,３丁目,３チョウメ,3,,,,,0,0,0,0,0,0,1,1,1947-04-17,,0,,,,,,,,,,,,,,,,
082023,0046001,2,茨城県,イバラキケン,Ibaraki,,,,日立市,ヒタチシ,Hitachi-shi,,,,末広町,スエヒロチョウ,Suehirocho,１丁目,１チョウメ,1,,,,,0,0,0,0,0,0,1,1,1947-04-17,,0,,,,,,,,,,,,,,,,
082023,0046002,2,茨城県,イバラキケン,Ibaraki,,,,日立市,ヒタチシ,Hitachi-shi,,,,末広町,スエヒロチョウ,Suehirocho,２丁目,２チョウメ,2,,,,,0,0,0,0,0,0,1,1,1947-04-17,,0,,,,,,,,,,,,,,,,
082023,0046003,2,茨城県,イバラキケン,Ibaraki,,,,日立市,ヒタチシ,Hitachi-shi,,,,末広町,スエヒロチョウ,Suehirocho,３丁目,３チョウメ,3,,,,,0,0,0,0,0,0,1,1,1947-04-17,,0,,,,,,,,,,,,,,,,
082023,0046004,2,茨城県,イバラキケン,Ibaraki,,,,日立市,ヒタチシ,Hitachi-shi,,,,末広町,スエヒロチョウ,Suehirocho,４丁目,４チョウメ,4,,,,,0,0,0,0,0,0,1,1,1947-04-17,,0,,,,,,,,,,,,,,,,
082023,0046005,2,茨城県,イバラキケン,Ibaraki,,,,日立市,ヒタチシ,Hitachi-shi,,,,末広町,スエヒロチョウ,Suehirocho,５丁目,５チョウメ,5,,,,,0,0,0,0,0,0,1,1,1947-04-17,,0,,,,,,,,,,,,,,,,
082023,0048000,1,茨城県,イバラキケン,Ibaraki,,,,日立市,ヒタチシ,Hitachi-shi,,,,助川町,スケガワチョウ,Sukegawacho,,,,,,,,0,0,0,0,0,0,1,1,1947-04-17,,0,3170065,,,,,,,,,,,,,,,
082023,0048001,2,茨城県,イバラキケン,Ibaraki,,,,日立市,ヒタチシ,Hitachi-shi,,,,助川町,スケガワチョウ,Sukegawacho,１丁目,１チョウメ,1,,,,,0,0,0,0,0,0,1,1,1947-04-17,,0,,,,,,,,,,,,,,,,
082023,0048002,2,茨城県,イバラキケン,Ibaraki,,,,日立市,ヒタチシ,Hitachi-shi,,,,助川町,スケガワチョウ,Sukegawacho,２丁目,２チョウメ,2,,,,,0,0,0,0,0,0,1,1,1947-04-17,,0,,,,,,,,,,,,,,,,
082023,0048003,2,茨城県,イバラキケン,Ibaraki,,,,日立市,ヒタチシ,Hitachi-shi,,,,助川町,スケガワチョウ,Sukegawacho,３丁目,３チョウメ,3,,,,,0,0,0,0,0,0,1,1,1947-04-17,,0,,,,,,,,,,,,,,,,
082023,0048004,2,茨城県,イバラキケン,Ibaraki,,,,日立市,ヒタチシ,Hitachi-shi,,,,助川町,スケガワチョウ,Sukegawacho,４丁目,４チョウメ,4,,,,,0,0,0,0,0,0,1,1,1947-04-17,,0,,,,,,,,,,,,,,,,
082023,0048005,2,茨城県,イバラキケン,Ibaraki,,,,日立市,ヒタチシ,Hitachi-shi,,,,助川町,スケガワチョウ,Sukegawacho,５丁目,５チョウメ,5,,,,,0,0,0,0,0,0,1,1,1947-04-17,,0,,,,,,,,,,,,,,,,
082023,0050000,1,茨城県,イバラキケン,Ibaraki,,,,日立市,ヒタチシ,Hitachi-shi,,,,諏訪町,スワチョウ,Suwacho,,,,,,,,0,0,0,0,0,0,1,1,1947-04-17,,0,3160001,,,,,,,,,,,,,,,
082023,0050001,2,茨城県,イバラキケン,Ibaraki,,,,日立市,ヒタチシ,Hitachi-shi,,,,諏訪町,スワチョウ,Suwacho,１丁目,１チョウメ,1,,,,,0,0,0,0,0,0,1,1,1947-04-17,,0,,,,,,,,,,,,,,,,
082023,0050002,2,茨城県,イバラキケン,Ibaraki,,,,日立市,ヒタチシ,Hitachi-shi,,,,諏訪町,スワチョウ,Suwacho,２丁目,２チョウメ,2,,,,,0,0,0,0,0,0,1,1,1947-04-17,,0,,,,,,,,,,,,,,,,
082023,0050003,2,茨城県,イバラキケン,Ibaraki,,,,日立市,ヒタチシ,Hitachi-shi,,,,諏訪町,スワチョウ,Suwacho,３丁目,３チョウメ,3,,,,,0,0,0,0,0,0,1,1,1947-04-17,,0,,,,,,,,,,,,,,,,
082023,0050004,2,茨城県,イバラキケン,Ibaraki,,,,日立市,ヒタチシ,Hitachi-shi,,,,諏訪町,スワチョウ,Suwacho,４丁目,４チョウメ,4,,,,,0,0,0,0,0,0,1,1,1947-04-17,,0,,,,,,,,,,,,,,,,
082023,0050005,2,茨城県,イバラキケン,Ibaraki,,,,日立市,ヒタチシ,Hitachi-shi,,,,諏訪町,スワチョウ,Suwacho,５丁目,５チョウメ,5,,,,,0,0,0,0,0,0,1,1,1947-04-17,,0,,,,,,,,,,,,,,,,
082023,0050006,2,茨城県,イバラキケン,Ibaraki,,,,日立市,ヒタチシ,Hitachi-shi,,,,諏訪町,スワチョウ,Suwacho,６丁目,６チョウメ,6,,,,,0,0,0,0,0,0,1,1,1947-04-17,,0,,,,,,,,,,,,,,,,
082023,0051001,2,茨城県,イバラキケン,Ibaraki,,,,日立市,ヒタチシ,Hitachi-shi,,,,台原町,ダイハラチョウ,Daiharacho,１丁目,１チョウメ,1,,,,,0,0,0,0,0,0,1,1,1947-04-17,,0,,,,,,,,,,,,,,,,
082023,0051002,2,茨城県,イバラキケン,Ibaraki,,,,日立市,ヒタチシ,Hitachi-shi,,,,台原町,ダイハラチョウ,Daiharacho,２丁目,２チョウメ,2,,,,,0,0,0,0,0,0,1,1,1947-04-17,,0,,,,,,,,,,,,,,,,
082023,0051003,2,茨城県,イバラキケン,Ibaraki,,,,日立市,ヒタチシ,Hitachi-shi,,,,台原町,ダイハラチョウ,Daiharacho,３丁目,３チョウメ,3,,,,,0,0,0,0,0,0,1,1,1947-04-17,,0,,,,,,,,,,,,,,,,
082023,0052001,2,茨城県,イバラキケン,Ibaraki,,,,日立市,ヒタチシ,Hitachi-shi,,,,高鈴町,タカスズチョウ,Takasuzucho,１丁目,１チョウメ,1,,,,,0,0,0,0,0,0,1,1,1947-04-17,,0,,,,,,,,,,,,,,,,
082023,0052002,2,茨城県,イバラキケン,Ibaraki,,,,日立市,ヒタチシ,Hitachi-shi,,,,高鈴町,タカスズチョウ,Takasuzucho,２丁目,２チョウメ,2,,,,,0,0,0,0,0,0,1,1,1947-04-17,,0,,,,,,,,,,,,,,,,
082023,0052003,2,茨城県,イバラキケン,Ibaraki,,,,日立市,ヒタチシ,Hitachi-shi,,,,高鈴町,タカスズチョウ,Takasuzucho,３丁目,３チョウメ,3,,,,,0,0,0,0,0,0,1,1,1947-04-17,,0,,,,,,,,,,,,,,,,
082023,0052004,2,茨城県,イバラキケン,Ibaraki,,,,日立市,ヒタチシ,Hitachi-shi,,,,高鈴町,タカスズチョウ,Takasuzucho,４丁目,４チョウメ,4,,,,,0,0,0,0,0,0,1,1,1947-04-17,,0,,,,,,,,,,,,,,,,
082023,0052005,2,茨城県,イバラキケン,Ibaraki,,,,日立市,ヒタチシ,Hitachi-shi,,,,高鈴町,タカスズチョウ,Takasuzucho,５丁目,５チョウメ,5,,,,,0,0,0,0,0,0,1,1,1947-04-17,,0,,,,,,,,,,,,,,,,
082023,0053001,2,茨城県,イバラキケン,Ibaraki,,,,日立市,ヒタチシ,Hitachi-shi,,,,多賀町,タガチョウ,Tagacho,１丁目,１チョウメ,1,,,,,0,0,0,0,0,0,1,1,1947-04-17,,0,,,,,,,,,,,,,,,,
082023,0053002,2,茨城県,イバラキケン,Ibaraki,,,,日立市,ヒタチシ,Hitachi-shi,,,,多賀町,タガチョウ,Tagacho,２丁目,２チョウメ,2,,,,,0,0,0,0,0,0,1,1,1947-04-17,,0,,,,,,,,,,,,,,,,
082023,0053003,2,茨城県,イバラキケン,Ibaraki,,,,日立市,ヒタチシ,Hitachi-shi,,,,多賀町,タガチョウ,Tagacho,３丁目,３チョウメ,3,,,,,0,0,0,0,0,0,1,1,1947-04-17,,0,,,,,,,,,,,,,,,,
082023,0053004,2,茨城県,イバラキケン,Ibaraki,,,,日立市,ヒタチシ,Hitachi-shi,,,,多賀町,タガチョウ,Tagacho,４丁目,４チョウメ,4,,,,,0,0,0,0,0,0,1,1,1947-04-17,,0,,,,,,,,,,,,,,,,
082023,0053005,2,茨城県,イバラキケン,Ibaraki,,,,日立市,ヒタチシ,Hitachi-shi,,,,多賀町,タガチョウ,Tagacho,５丁目,５チョウメ,5,,,,,0,0,0,0,0,0,1,1,1947-04-17,,0,,,,,,,,,,,,,,,,
082023,0055000,1,茨城県,イバラキケン,Ibaraki,,,,日立市,ヒタチシ,Hitachi-shi,,,,田尻町,タジリチョウ,Tajiricho,,,,,,,,0,0,0,0,0,0,1,1,1947-04-17,,0,3191416,,,,,,,,,,,,,,,
082023,0055001,2,茨城県,イバラキケン,Ibaraki,,,,日立市,ヒタチシ,Hitachi-shi,,,,田尻町,タジリチョウ,Tajiricho,１丁目,１チョウメ,1,,,,,0,0,0,0,0,0,1,1,1947-04-17,,0,,,,,,,,,,,,,,,,
082023,0055002,2,茨城県,イバラキケン,Ibaraki,,,,日立市,ヒタチシ,Hitachi-shi,,,,田尻町,タジリチョウ,Tajiricho,２丁目,２チョウメ,2,,,,,0,0,0,0,0,0,1,1,1947-04-17,,0,,,,,,,,,,,,,,,,
082023,0055003,2,茨城県,イバラキケン,Ibaraki,,,,日立市,ヒタチシ,Hitachi-shi,,,,田尻町,タジリチョウ,Tajiricho,３丁目,３チョウメ,3,,,,,0,0,0,0,0,0,1,1,1947-04-17,,0,,,,,,,,,,,,,,,,
082023,0055004,2,茨城県,イバラキケン,Ibaraki,,,,日立市,ヒタチシ,Hitachi-shi,,,,田尻町,タジリチョウ,Tajiricho,４丁目,４チョウメ,4,,,,,0,0,0,0,0,0,1,1,1947-04-17,,0,,,,,,,,,,,,,,,,
082023,0055005,2,茨城県,イバラキケン,Ibaraki,,,,日立市,ヒタチシ,Hitachi-shi,,,,田尻町,タジリチョウ,Tajiricho,５丁目,５チョウメ,5,,,,,0,0,0,0,0,0,1,1,1947-04-17,,0,,,,,,,,,,,,,,,,
082023,0055006,2,茨城県,イバラキケン,Ibaraki,,,,日立市,ヒタチシ,Hitachi-shi,,,,田尻町,タジリチョウ,Tajiricho,６丁目,６チョウメ,6,,,,,0,0,0,0,0,0,1,1,1947-04-17,,0,,,,,,,,,,,,,,,,
082023,0055007,2,茨城県,イバラキケン,Ibaraki,,,,日立市,ヒタチシ,Hitachi-shi,,,,田尻町,タジリチョウ,Tajiricho,７丁目,７チョウメ,7,,,,,0,0,0,0,0,0,1,1,1947-04-17,,0,,,,,,,,,,,,,,,,
082023,0056001,2,茨城県,イバラキケン,Ibaraki,,,,日立市,ヒタチシ,Hitachi-shi,,,,千石町,チコクチョウ,Chikokucho,１丁目,１チョウメ,1,,,,,0,0,0,0,0,0,1,1,1947-04-17,,0,,,,,,,,,,,,,,,,
082023,0056002,2,茨城県,イバラキケン,Ibaraki,,,,日立市,ヒタチシ,Hitachi-shi,,,,千石町,チコクチョウ,Chikokucho,２丁目,２チョウメ,2,,,,,0,0,0,0,0,0,1,1,1947-04-17,,0,,,,,,,,,,,,,,,,
082023,0056003,2,茨城県,イバラキケン,Ibaraki,,,,日立市,ヒタチシ,Hitachi-shi,,,,千石町,チコクチョウ,Chikokucho,３丁目,３チョウメ,3,,,,,0,0,0,0,0,0,1,1,1947-04-17,,0,,,,,,,,,,,,,,,,
082023,0056004,2,茨城県,イバラキケン,Ibaraki,,,,日立市,ヒタチシ,Hitachi-shi,,,,千石町,チコクチョウ,Chikokucho,４丁目,４チョウメ,4,,,,,0,0,0,0,0,0,1,1,1947-04-17,,0,,,,,,,,,,,,,,,,
082023,0057000,1,茨城県,イバラキケン,Ibaraki,,,,日立市,ヒタチシ,Hitachi-shi,,,,留町,トメチョウ,Tomecho,,,,,,,,0,0,0,0,0,0,1,1,1947-04-17,,0,3191231,,,,,,,,,,,,,,,
082023,0058001,2,茨城県,イバラキケン,Ibaraki,,,,日立市,ヒタチシ,Hitachi-shi,,,,中成沢町,ナカナルサワチョウ,Nakanarusawacho,１丁目,１チョウメ,1,,,,,0,0,0,0,0,0,1,1,1947-04-17,,0,,,,,,,,,,,,,,,,
082023,0058002,2,茨城県,イバラキケン,Ibaraki,,,,日立市,ヒタチシ,Hitachi-shi,,,,中成沢町,ナカナルサワチョウ,Nakanarusawacho,２丁目,２チョウメ,2,,,,,0,0,0,0,0,0,1,1,1947-04-17,,0,,,,,,,,,,,,,,,,
082023,0058003,2,茨城県,イバラキケン,Ibaraki,,,,日立市,ヒタチシ,Hitachi-shi,,,,中成沢町,ナカナルサワチョウ,Nakanarusawacho,３丁目,３チョウメ,3,,,,,0,0,0,0,0,0,1,1,1947-04-17,,0,,,,,,,,,,,,,,,,
082023,0058004,2,茨城県,イバラキケン,Ibaraki,,,,日立市,ヒタチシ,Hitachi-shi,,,,中成沢町,ナカナルサワチョウ,Nakanarusawacho,４丁目,４チョウメ,4,,,,,0,0,0,0,0,0,1,1,1947-04-17,,0,,,,,,,,,,,,,,,,
082023,0059000,1,茨城県,イバラキケン,Ibaraki,,,,日立市,ヒタチシ,Hitachi-shi,,,,中深荻町,ナカフカオギチョウ,Nakafukaogicho,,,,,,,,0,0,0,0,0,0,1,1,1947-04-17,,0,3110401,,,,,,,,,,,,,,,
082023,0060001,2,茨城県,イバラキケン,Ibaraki,,,,日立市,ヒタチシ,Hitachi-shi,,,,中丸町,ナカマルチョウ,Nakamarucho,１丁目,１チョウメ,1,,,,,0,0,0,0,0,0,1,1,1947-04-17,,0,,,,,,,,,,,,,,,,
082023,0060002,2,茨城県,イバラキケン,Ibaraki,,,,日立市,ヒタチシ,Hitachi-shi,,,,中丸町,ナカマルチョウ,Nakamarucho,２丁目,２チョウメ,2,,,,,0,0,0,0,0,0,1,1,1947-04-17,,0,,,,,,,,,,,,,,,,
082023,0062000,1,茨城県,イバラキケン,Ibaraki,,,,日立市,ヒタチシ,Hitachi-shi,,,,滑川町,ナメカワチョウ,Namekawacho,,,,,,,,0,0,0,0,0,0,1,1,1947-04-17,,0,3170053,,,,,,,,,,,,,,,
082023,0062001,2,茨城県,イバラキケン,Ibaraki,,,,日立市,ヒタチシ,Hitachi-shi,,,,滑川町,ナメカワチョウ,Namekawacho,１丁目,１チョウメ,1,,,,,0,0,0,0,0,0,1,1,1947-04-17,,0,,,,,,,,,,,,,,,,
082023,0062002,2,茨城県,イバラキケン,Ibaraki,,,,日立市,ヒタチシ,Hitachi-shi,,,,滑川町,ナメカワチョウ,Namekawacho,２丁目,２チョウメ,2,,,,,0,0,0,0,0,0,1,1,1947-04-17,,0,,,,,,,,,,,,,,,,
082023,0062003,2,茨城県,イバラキケン,Ibaraki,,,,日立市,ヒタチシ,Hitachi-shi,,,,滑川町,ナメカワチョウ,Namekawacho,３丁目,３チョウメ,3,,,,,0,0,0,0,0,0,1,1,1947-04-17,,0,,,,,,,,,,,,,,,,
082023,0063001,2,茨城県,イバラキケン,Ibaraki,,,,日立市,ヒタチシ,Hitachi-shi,,,,滑川本町,ナメカワホンチョウ,Namekawahoncho,１丁目,１チョウメ,1,,,,,0,0,0,0,0,0,1,1,1947-04-17,,0,,,,,,,,,,,,,,,,
082023,0063002,2,茨城県,イバラキケン,Ibaraki,,,,日立市,ヒタチシ,Hitachi-shi,,,,滑川本町,ナメカワホンチョウ,Namekawahoncho,２丁目,２チョウメ,2,,,,,0,0,0,0,0,0,1,1,1947-04-17,,0,,,,,,,,,,,,,,,,
082023,0063003,2,茨城県,イバラキケン,Ibaraki,,,,日立市,ヒタチシ,Hitachi-shi,,,,滑川本町,ナメカワホンチョウ,Namekawahoncho,３丁目,３チョウメ,3,,,,,0,0,0,0,0,0,1,1,1947-04-17,,0,,,,,,,,,,,,,,,,
082023,0063004,2,茨城県,イバラキケン,Ibaraki,,,,日立市,ヒタチシ,Hitachi-shi,,,,滑川本町,ナメカワホンチョウ,Namekawahoncho,４丁目,４チョウメ,4,,,,,0,0,0,0,0,0,1,1,1947-04-17,,0,,,,,,,,,,,,,,,,
082023,0063005,2,茨城県,イバラキケン,Ibaraki,,,,日立市,ヒタチシ,Hitachi-shi,,,,滑川本町,ナメカワホンチョウ,Namekawahoncho,５丁目,５チョウメ,5,,,,,0,0,0,0,0,0,1,1,1947-04-17,,0,,,,,,,,,,,,,,,,
082023,0064000,1,茨城県,イバラキケン,Ibaraki,,,,日立市,ヒタチシ,Hitachi-shi,,,,成沢町,ナルサワチョウ,Narusawacho,,,,,,,,0,0,0,0,0,0,1,1,1947-04-17,,0,3160031,,,,,,,,,,,,,,,
082023,0065001,2,茨城県,イバラキケン,Ibaraki,,,,日立市,ヒタチシ,Hitachi-shi,,,,西成沢町,ニシナルサワチョウ,Nishinarusawacho,１丁目,１チョウメ,1,,,,,0,0,0,0,0,0,1,1,1947-04-17,,0,,,,,,,,,,,,,,,,
082023,0065002,2,茨城県,イバラキケン,Ibaraki,,,,日立市,ヒタチシ,Hitachi-shi,,,,西成沢町,ニシナルサワチョウ,Nishinarusawacho,２丁目,２チョウメ,2,,,,,0,0,0,0,0,0,1,1,1947-04-17,,0,,,,,,,,,,,,,,,,
082023,0065003,2,茨城県,イバラキケン,Ibaraki,,,,日立市,ヒタチシ,Hitachi-shi,,,,西成沢町,ニシナルサワチョウ,Nishinarusawacho,３丁目,３チョウメ,3,,,,,0,0,0,0,0,0,1,1,1947-04-17,,0,,,,,,,,,,,,,,,,
082023,0065004,2,茨城県,イバラキケン,Ibaraki,,,,日立市,ヒタチシ,Hitachi-shi,,,,西成沢町,ニシナルサワチョウ,Nishinarusawacho,４丁目,４チョウメ,4,,,,,0,0,0,0,0,0,1,1,1947-04-17,,0,,,,,,,,,,,,,,,,
082023,0066001,2,茨城県,イバラキケン,Ibaraki,,,,日立市,ヒタチシ,Hitachi-shi,,,,塙山町,ハナヤマチョウ,Hanayamacho,１丁目,１チョウメ,1,,,,,0,0,0,0,0,0,1,1,1947-04-17,,0,,,,,,,,,,,,,,,,
082023,0066002,2,茨城県,イバラキケン,Ibaraki,,,,日立市,ヒタチシ,Hitachi-shi,,,,塙山町,ハナヤマチョウ,Hanayamacho,２丁目,２チョウメ,2,,,,,0,0,0,0,0,0,1,1,1947-04-17,,0,,,,,,,,,,,,,,,,
082023,0067001,2,茨城県,イバラキケン,Ibaraki,,,,日立市,ヒタチシ,Hitachi-shi,,,,東大沼町,ヒガシオオヌマチョウ,Higashionumacho,１丁目,１チョウメ,1,,,,,0,0,0,0,0,0,1,1,1947-04-17,,0,,,,,,,,,,,,,,,,
082023,0067002,2,茨城県,イバラキケン,Ibaraki,,,,日立市,ヒタチシ,Hitachi-shi,,,,東大沼町,ヒガシオオヌマチョウ,Higashionumacho,２丁目,２チョウメ,2,,,,,0,0,0,0,0,0,1,1,1947-04-17,,0,,,,,,,,,,,,,,,,
082023,0067003,2,茨城県,イバラキケン,Ibaraki,,,,日立市,ヒタチシ,Hitachi-shi,,,,東大沼町,ヒガシオオヌマチョウ,Higashionumacho,３丁目,３チョウメ,3,,,,,0,0,0,0,0,0,1,1,1947-04-17,,0,,,,,,,,,,,,,,,,
082023,0067004,2,茨城県,イバラキケン,Ibaraki,,,,日立市,ヒタチシ,Hitachi-shi,,,,東大沼町,ヒガシオオヌマチョウ,Higashionumacho,４丁目,４チョウメ,4,,,,,0,0,0,0,0,0,1,1,1947-04-17,,0,,,,,,,,,,,,,,,,
082023,0068001,2,茨城県,イバラキケン,Ibaraki,,,,日立市,ヒタチシ,Hitachi-shi,,,,東金沢町,ヒガシカネサワチョウ,Higashikanesawacho,１丁目,１チョウメ,1,,,,,0,0,0,0,0,0,1,1,1947-04-17,,0,,,,,,,,,,,,,,,,
082023,0068002,2,茨城県,イバラキケン,Ibaraki,,,,日立市,ヒタチシ,Hitachi-shi,,,,東金沢町,ヒガシカネサワチョウ,Higashikanesawacho,２丁目,２チョウメ,2,,,,,0,0,0,0,0,0,1,1,1947-04-17,,0,,,,,,,,,,,,,,,,
082023,0068003,2,茨城県,イバラキケン,Ibaraki,,,,日立市,ヒタチシ,Hitachi-shi,,,,東金沢町,ヒガシカネサワチョウ,Higashikanesawacho,３丁目,３チョウメ,3,,,,,0,0,0,0,0,0,1,1,1947-04-17,,0,,,,,,,,,,,,,,,,
082023,0068004,2,茨城県,イバラキケン,Ibaraki,,,,日立市,ヒタチシ,Hitachi-shi,,,,東金沢町,ヒガシカネサワチョウ,Higashikanesawacho,４丁目,４チョウメ,4,,,,,0,0,0,0,0,0,1,1,1947-04-17,,0,,,,,,,,,,,,,,,,
082023,0068005,2,茨城県,イバラキケン,Ibaraki,,,,日立市,ヒタチシ,Hitachi-shi,,,,東金沢町,ヒガシカネサワチョウ,Higashikanesawacho,５丁目,５チョウメ,5,,,,,0,0,0,0,0,0,1,1,1947-04-17,,0,,,,,,,,,,,,,,,,
082023,0069000,1,茨城県,イバラキケン,Ibaraki,,,,日立市,ヒタチシ,Hitachi-shi,,,,東河内町,ヒガシゴウドチョウ,Higashigodocho,,,,,,,,0,0,0,0,0,0,1,1,1947-04-17,,0,3110403,,,,,,,,,,,,,,,
082023,0070001,2,茨城県,イバラキケン,Ibaraki,,,,日立市,ヒタチシ,Hitachi-shi,,,,東多賀町,ヒガシタガチョウ,Higashitagacho,１丁目,１チョウメ,1,,,,,0,0,0,0,0,0,1,1,1947-04-17,,0,,,,,,,,,,,,,,,,
082023,0070002,2,茨城県,イバラキケン,Ibaraki,,,,日立市,ヒタチシ,Hitachi-shi,,,,東多賀町,ヒガシタガチョウ,Higashitagacho,２丁目,２チョウメ,2,,,,,0,0,0,0,0,0,1,1,1947-04-17,,0,,,,,,,,,,,,,,,,
082023,0070003,2,茨城県,イバラキケン,Ibaraki,,,,日立市,ヒタチシ,Hitachi-shi,,,,東多賀町,ヒガシタガチョウ,Higashitagacho,３丁目,３チョウメ,3,,,,,0,0,0,0,0,0,1,1,1947-04-17,,0,,,,,,,,,,,,,,,,
082023,0070004,2,茨城県,イバラキケン,Ibaraki,,,,日立市,ヒタチシ,Hitachi-shi,,,,東多賀町,ヒガシタガチョウ,Higashitagacho,４丁目,４チョウメ,4,,,,,0,0,0,0,0,0,1,1,1947-04-17,,0,,,,,,,,,,,,,,,,
082023,0070005,2,茨城県,イバラキケン,Ibaraki,,,,日立市,ヒタチシ,Hitachi-shi,,,,東多賀町,ヒガシタガチョウ,Higashitagacho,５丁目,５チョウメ,5,,,,,0,0,0,0,0,0,1,1,1947-04-17,,0,,,,,,,,,,,,,,,,
082023,0071001,2,茨城県,イバラキケン,Ibaraki,,,,日立市,ヒタチシ,Hitachi-shi,,,,東町,ヒガシチョウ,Higashicho,１丁目,１チョウメ,1,,,,,0,0,0,0,0,0,1,1,1947-04-17,,0,,,,,,,,,,,,,,,,
082023,0071002,2,茨城県,イバラキケン,Ibaraki,,,,日立市,ヒタチシ,Hitachi-shi,,,,東町,ヒガシチョウ,Higashicho,２丁目,２チョウメ,2,,,,,0,0,0,0,0,0,1,1,1947-04-17,,0,,,,,,,,,,,,,,,,
082023,0071003,2,茨城県,イバラキケン,Ibaraki,,,,日立市,ヒタチシ,Hitachi-shi,,,,東町,ヒガシチョウ,Higashicho,３丁目,３チョウメ,3,,,,,0,0,0,0,0,0,1,1,1947-04-17,,0,,,,,,,,,,,,,,,,
082023,0071004,2,茨城県,イバラキケン,Ibaraki,,,,日立市,ヒタチシ,Hitachi-shi,,,,東町,ヒガシチョウ,Higashicho,４丁目,４チョウメ,4,,,,,0,0,0,0,0,0,1,1,1947-04-17,,0,,,,,,,,,,,,,,,,
082023,0072001,2,茨城県,イバラキケン,Ibaraki,,,,日立市,ヒタチシ,Hitachi-shi,,,,東滑川町,ヒガシナメカワチョウ,Higashinamekawacho,１丁目,１チョウメ,1,,,,,0,0,0,0,0,0,1,1,1947-04-17,,0,,,,,,,,,,,,,,,,
082023,0072002,2,茨城県,イバラキケン,Ibaraki,,,,日立市,ヒタチシ,Hitachi-shi,,,,東滑川町,ヒガシナメカワチョウ,Higashinamekawacho,２丁目,２チョウメ,2,,,,,0,0,0,0,0,0,1,1,1947-04-17,,0,,,,,,,,,,,,,,,,
082023,0072003,2,茨城県,イバラキケン,Ibaraki,,,,日立市,ヒタチシ,Hitachi-shi,,,,東滑川町,ヒガシナメカワチョウ,Higashinamekawacho,３丁目,３チョウメ,3,,,,,0,0,0,0,0,0,1,1,1947-04-17,,0,,,,,,,,,,,,,,,,
082023,0072004,2,茨城県,イバラキケン,Ibaraki,,,,日立市,ヒタチシ,Hitachi-shi,,,,東滑川町,ヒガシナメカワチョウ,Higashinamekawacho,４丁目,４チョウメ,4,,,,,0,0,0,0,0,0,1,1,1947-04-17,,0,,,,,,,,,,,,,,,,
082023,0072005,2,茨城県,イバラキケン,Ibaraki,,,,日立市,ヒタチシ,Hitachi-shi,,,,東滑川町,ヒガシナメカワチョウ,Higashinamekawacho,５丁目,５チョウメ,5,,,,,0,0,0,0,0,0,1,1,1947-04-17,,0,,,,,,,,,,,,,,,,
082023,0073001,2,茨城県,イバラキケン,Ibaraki,,,,日立市,ヒタチシ,Hitachi-shi,,,,東成沢町,ヒガシナルサワチョウ,Higashinarusawacho,１丁目,１チョウメ,1,,,,,0,0,0,0,0,0,1,1,1947-04-17,,0,,,,,,,,,,,,,,,,
082023,0073002,2,茨城県,イバラキケン,Ibaraki,,,,日立市,ヒタチシ,Hitachi-shi,,,,東成沢町,ヒガシナルサワチョウ,Higashinarusawacho,２丁目,２チョウメ,2,,,,,0,0,0,0,0,0,1,1,1947-04-17,,0,,,,,,,,,,,,,,,,
082023,0073003,2,茨城県,イバラキケン,Ibaraki,,,,日立市,ヒタチシ,Hitachi-shi,,,,東成沢町,ヒガシナルサワチョウ,Higashinarusawacho,３丁目,３チョウメ,3,,,,,0,0,0,0,0,0,1,1,1947-04-17,,0,,,,,,,,,,,,,,,,
082023,0074001,2,茨城県,イバラキケン,Ibaraki,,,,日立市,ヒタチシ,Hitachi-shi,,,,日高町,ヒダカチョウ,Hidakacho,１丁目,１チョウメ,1,,,,,0,0,0,0,0,0,1,1,1947-04-17,,0,,,,,,,,,,,,,,,,
082023,0074002,2,茨城県,イバラキケン,Ibaraki,,,,日立市,ヒタチシ,Hitachi-shi,,,,日高町,ヒダカチョウ,Hidakacho,２丁目,２チョウメ,2,,,,,0,0,0,0,0,0,1,1,1947-04-17,,0,,,,,,,,,,,,,,,,
082023,0074003,2,茨城県,イバラキケン,Ibaraki,,,,日立市,ヒタチシ,Hitachi-shi,,,,日高町,ヒダカチョウ,Hidakacho,３丁目,３チョウメ,3,,,,,0,0,0,0,0,0,1,1,1947-04-17,,0,,,,,,,,,,,,,,,,
082023,0074004,2,茨城県,イバラキケン,Ibaraki,,,,日立市,ヒタチシ,Hitachi-shi,,,,日高町,ヒダカチョウ,Hidakacho,４丁目,４チョウメ,4,,,,,0,0,0,0,0,0,1,1,1947-04-17,,0,,,,,,,,,,,,,,,,
082023,0074005,2,茨城県,イバラキケン,Ibaraki,,,,日立市,ヒタチシ,Hitachi-shi,,,,日高町,ヒダカチョウ,Hidakacho,５丁目,５チョウメ,5,,,,,0,0,0,0,0,0,1,1,1947-04-17,,0,,,,,,,,,,,,,,,,
082023,0075001,2,茨城県,イバラキケン,Ibaraki,,,,日立市,ヒタチシ,Hitachi-shi,,,,平和町,ヘイワチョウ,Heiwacho,１丁目,１チョウメ,1,,,,,0,0,0,0,0,0,1,1,1947-04-17,,0,,,,,,,,,,,,,,,,
082023,0075002,2,茨城県,イバラキケン,Ibaraki,,,,日立市,ヒタチシ,Hitachi-shi,,,,平和町,ヘイワチョウ,Heiwacho,２丁目,２チョウメ,2,,,,,0,0,0,0,0,0,1,1,1947-04-17,,0,,,,,,,,,,,,,,,,
082023,0076001,2,茨城県,イバラキケン,Ibaraki,,,,日立市,ヒタチシ,Hitachi-shi,,,,弁天町,ベンテンチョウ,Bentencho,１丁目,１チョウメ,1,,,,,0,0,0,0,0,0,1,1,1947-04-17,,0,,,,,,,,,,,,,,,,
082023,0076002,2,茨城県,イバラキケン,Ibaraki,,,,日立市,ヒタチシ,Hitachi-shi,,,,弁天町,ベンテンチョウ,Bentencho,２丁目,２チョウメ,2,,,,,0,0,0,0,0,0,1,1,1947-04-17,,0,,,,,,,,,,,,,,,,
082023,0076003,2,茨城県,イバラキケン,Ibaraki,,,,日立市,ヒタチシ,Hitachi-shi,,,,弁天町,ベンテンチョウ,Bentencho,３丁目,３チョウメ,3,,,,,0,0,0,0,0,0,1,1,1947-04-17,,0,,,,,,,,,,,,,,,,
082023,0077001,2,茨城県,イバラキケン,Ibaraki,,,,日立市,ヒタチシ,Hitachi-shi,,,,みかの原町,ミカノハラチョウ,Mikanoharacho,１丁目,１チョウメ,1,,,,,0,0,0,0,0,0,1,1,1947-04-17,,0,,,,,,,,,,,,,,,,
082023,0077002,2,茨城県,イバラキケン,Ibaraki,,,,日立市,ヒタチシ,Hitachi-shi,,,,みかの原町,ミカノハラチョウ,Mikanoharacho,２丁目,２チョウメ,2,,,,,0,0,0,0,0,0,1,1,1947-04-17,,0,,,,,,,,,,,,,,,,
082023,0078000,1,茨城県,イバラキケン,Ibaraki,,,,日立市,ヒタチシ,Hitachi-shi,,,,水木町,ミズキチョウ,Mizukicho,,,,,,,,0,0,0,0,0,0,1,1,1947-04-17,,0,3160024,,,,,,,,,,,,,,,
082023,0078001,2,茨城県,イバラキケン,Ibaraki,,,,日立市,ヒタチシ,Hitachi-shi,,,,水木町,ミズキチョウ,Mizukicho,１丁目,１チョウメ,1,,,,,0,0,0,0,0,0,1,1,1947-04-17,,0,,,,,,,,,,,,,,,,
082023,0078002,2,茨城県,イバラキケン,Ibaraki,,,,日立市,ヒタチシ,Hitachi-shi,,,,水木町,ミズキチョウ,Mizukicho,２丁目,２チョウメ,2,,,,,0,0,0,0,0,0,1,1,1947-04-17,,0,,,,,,,,,,,,,,,,
082023,0079000,1,茨城県,イバラキケン,Ibaraki,,,,日立市,ヒタチシ,Hitachi-shi,,,,みなと町,ミナトチョウ,Minatocho,,,,,,,,0,0,0,0,0,0,1,1,1947-04-17,,0,3191223,,,,,,,,,,,,,,,
082023,0080001,2,茨城県,イバラキケン,Ibaraki,,,,日立市,ヒタチシ,Hitachi-shi,,,,南高野町,ミナミコウヤチョウ,Minamikoyacho,１丁目,１チョウメ,1,,,,,0,0,0,0,0,0,1,1,1947-04-17,,0,,,,,,,,,,,,,,,,
082023,0080002,2,茨城県,イバラキケン,Ibaraki,,,,日立市,ヒタチシ,Hitachi-shi,,,,南高野町,ミナミコウヤチョウ,Minamikoyacho,２丁目,２チョウメ,2,,,,,0,0,0,0,0,0,1,1,1947-04-17,,0,,,,,,,,,,,,,,,,
082023,0080003,2,茨城県,イバラキケン,Ibaraki,,,,日立市,ヒタチシ,Hitachi-shi,,,,南高野町,ミナミコウヤチョウ,Minamikoyacho,３丁目,３チョウメ,3,,,,,0,0,0,0,0,0,1,1,1947-04-17,,0,,,,,,,,,,,,,,,,
082023,0082000,1,茨城県,イバラキケン,Ibaraki,,,,日立市,ヒタチシ,Hitachi-shi,,,,宮田町,ミヤタチョウ,Miyatacho,,,,,,,,0,0,0,0,0,0,1,1,1947-04-17,,0,3170055,,,,,,,,,,,,,,,
082023,0082001,2,茨城県,イバラキケン,Ibaraki,,,,日立市,ヒタチシ,Hitachi-shi,,,,宮田町,ミヤタチョウ,Miyatacho,１丁目,１チョウメ,1,,,,,0,0,0,0,0,0,1,1,1947-04-17,,0,,,,,,,,,,,,,,,,
082023,0082002,2,茨城県,イバラキケン,Ibaraki,,,,日立市,ヒタチシ,Hitachi-shi,,,,宮田町,ミヤタチョウ,Miyatacho,２丁目,２チョウメ,2,,,,,0,0,0,0,0,0,1,1,1947-04-17,,0,,,,,,,,,,,,,,,,
082023,0082003,2,茨城県,イバラキケン,Ibaraki,,,,日立市,ヒタチシ,Hitachi-shi,,,,宮田町,ミヤタチョウ,Miyatacho,３丁目,３チョウメ,3,,,,,0,0,0,0,0,0,1,1,1947-04-17,,0,,,,,,,,,,,,,,,,
082023,0082004,2,茨城県,イバラキケン,Ibaraki,,,,日立市,ヒタチシ,Hitachi-shi,,,,宮田町,ミヤタチョウ,Miyatacho,４丁目,４チョウメ,4,,,,,0,0,0,0,0,0,1,1,1947-04-17,,0,,,,,,,,,,,,,,,,
082023,0082005,2,茨城県,イバラキケン,Ibaraki,,,,日立市,ヒタチシ,Hitachi-shi,,,,宮田町,ミヤタチョウ,Miyatacho,５丁目,５チョウメ,5,,,,,0,0,0,0,0,0,1,1,1947-04-17,,0,,,,,,,,,,,,,,,,
082023,0083001,2,茨城県,イバラキケン,Ibaraki,,,,日立市,ヒタチシ,Hitachi-shi,,,,本宮町,モトミヤチョウ,Motomiyacho,１丁目,１チョウメ,1,,,,,0,0,0,0,0,0,1,1,1947-04-17,,0,,,,,,,,,,,,,,,,
082023,0083002,2,茨城県,イバラキケン,Ibaraki,,,,日立市,ヒタチシ,Hitachi-shi,,,,本宮町,モトミヤチョウ,Motomiyacho,２丁目,２チョウメ,2,,,,,0,0,0,0,0,0,1,1,1947-04-17,,0,,,,,,,,,,,,,,,,
082023,0083003,2,茨城県,イバラキケン,Ibaraki,,,,日立市,ヒタチシ,Hitachi-shi,,,,本宮町,モトミヤチョウ,Motomiyacho,３丁目,３チョウメ,3,,,,,0,0,0,0,0,0,1,1,1947-04-17,,0,,,,,,,,,,,,,,,,
082023,0083004,2,茨城県,イバラキケン,Ibaraki,,,,日立市,ヒタチシ,Hitachi-shi,,,,本宮町,モトミヤチョウ,Motomiyacho,４丁目,４チョウメ,4,,,,,0,0,0,0,0,0,1,1,1947-04-17,,0,,,,,,,,,,,,,,,,
082023,0083005,2,茨城県,イバラキケン,Ibaraki,,,,日立市,ヒタチシ,Hitachi-shi,,,,本宮町,モトミヤチョウ,Motomiyacho,５丁目,５チョウメ,5,,,,,0,0,0,0,0,0,1,1,1947-04-17,,0,,,,,,,,,,,,,,,,
082023,0084000,1,茨城県,イバラキケン,Ibaraki,,,,日立市,ヒタチシ,Hitachi-shi,,,,茂宮町,モミヤチョウ,Momiyacho,,,,,,,,0,0,0,0,0,0,1,1,1947-04-17,,0,3191235,,,,,,,,,,,,,,,
082023,0086000,1,茨城県,イバラキケン,Ibaraki,,,,日立市,ヒタチシ,Hitachi-shi,,,,森山町,モリヤマチョウ,Moriyamacho,,,,,,,,0,0,0,0,0,0,1,1,1947-04-17,,0,3160025,,,,,,,,,,,,,,,
082023,0086001,2,茨城県,イバラキケン,Ibaraki,,,,日立市,ヒタチシ,Hitachi-shi,,,,森山町,モリヤマチョウ,Moriyamacho,１丁目,１チョウメ,1,,,,,0,0,0,0,0,0,1,1,1947-04-17,,0,,,,,,,,,,,,,,,,
082023,0086002,2,茨城県,イバラキケン,Ibaraki,,,,日立市,ヒタチシ,Hitachi-shi,,,,森山町,モリヤマチョウ,Moriyamacho,２丁目,２チョウメ,2,,,,,0,0,0,0,0,0,1,1,1947-04-17,,0,,,,,,,,,,,,,,,,
082023,0086003,2,茨城県,イバラキケン,Ibaraki,,,,日立市,ヒタチシ,Hitachi-shi,,,,森山町,モリヤマチョウ,Moriyamacho,３丁目,３チョウメ,3,,,,,0,0,0,0,0,0,1,1,1947-04-17,,0,,,,,,,,,,,,,,,,
082023,0086004,2,茨城県,イバラキケン,Ibaraki,,,,日立市,ヒタチシ,Hitachi-shi,,,,森山町,モリヤマチョウ,Moriyamacho,４丁目,４チョウメ,4,,,,,0,0,0,0,0,0,1,1,1947-04-17,,0,,,,,,,,,,,,,,,,
082023,0086005,2,茨城県,イバラキケン,Ibaraki,,,,日立市,ヒタチシ,Hitachi-shi,,,,森山町,モリヤマチョウ,Moriyamacho,５丁目,５チョウメ,5,,,,,0,0,0,0,0,0,1,1,1947-04-17,,0,,,,,,,,,,,,,,,,
082023,0087001,2,茨城県,イバラキケン,Ibaraki,,,,日立市,ヒタチシ,Hitachi-shi,,,,若葉町,ワカバチョウ,Wakabacho,１丁目,１チョウメ,1,,,,,0,0,0,0,0,0,1,1,1947-04-17,,0,,,,,,,,,,,,,,,,
082023,0087002,2,茨城県,イバラキケン,Ibaraki,,,,日立市,ヒタチシ,Hitachi-shi,,,,若葉町,ワカバチョウ,Wakabacho,２丁目,２チョウメ,2,,,,,0,0,0,0,0,0,1,1,1947-04-17,,0,,,,,,,,,,,,,,,,
082023,0087003,2,茨城県,イバラキケン,Ibaraki,,,,日立市,ヒタチシ,Hitachi-shi,,,,若葉町,ワカバチョウ,Wakabacho,３丁目,３チョウメ,3,,,,,0,0,0,0,0,0,1,1,1947-04-17,,0,,,,,,,,,,,,,,,,
082031,0000000,4,茨城県,イバラキケン,Ibaraki,,,,土浦市,ツチウラシ,Tsuchiura-shi,,,,,,,,,,,,,,0,0,0,0,0,0,1,1,1947-04-17,,0,,,,,,,,,,,,,,,,
082031,0001001,2,茨城県,イバラキケン,Ibaraki,,,,土浦市,ツチウラシ,Tsuchiura-shi,,,,天川,アマカワ,Amakawa,一丁目,１チョウメ,1,,,,,1,1,0,0,0,0,1,1,1947-04-17,,0,,,,,,,,,,,,,,,,
082031,0001002,2,茨城県,イバラキケン,Ibaraki,,,,土浦市,ツチウラシ,Tsuchiura-shi,,,,天川,アマカワ,Amakawa,二丁目,２チョウメ,2,,,,,1,1,0,0,0,0,1,1,1947-04-17,,0,,,,,,,,,,,,,,,,
082031,0002000,1,茨城県,イバラキケン,Ibaraki,,,,土浦市,ツチウラシ,Tsuchiura-shi,,,,荒川沖,アラカワオキ,Arakawaoki,,,,,,,,0,0,0,0,0,0,1,1,1947-04-17,,0,3000873,,,,,,,,,,,,,,,
082031,0003001,2,茨城県,イバラキケン,Ibaraki,,,,土浦市,ツチウラシ,Tsuchiura-shi,,,,荒川沖西,アラカワオキニシ,Arakawaokinishi,一丁目,１チョウメ,1,,,,,1,1,0,0,0,0,1,1,1947-04-17,,0,,,,,,,,,,,,,,,,
082031,0003002,2,茨城県,イバラキケン,Ibaraki,,,,土浦市,ツチウラシ,Tsuchiura-shi,,,,荒川沖西,アラカワオキニシ,Arakawaokinishi,二丁目,２チョウメ,2,,,,,1,1,0,0,0,0,1,1,1947-04-17,,0,,,,,,,,,,,,,,,,
082031,0004001,2,茨城県,イバラキケン,Ibaraki,,,,土浦市,ツチウラシ,Tsuchiura-shi,,,,荒川沖東,アラカワオキヒガシ,Arakawaokihigashi,一丁目,１チョウメ,1,,,,,1,1,0,0,0,0,1,1,1947-04-17,,0,,,,,,,,,,,,,,,,
082031,0004002,2,茨城県,イバラキケン,Ibaraki,,,,土浦市,ツチウラシ,Tsuchiura-shi,,,,荒川沖東,アラカワオキヒガシ,Arakawaokihigashi,二丁目,２チョウメ,2,,,,,1,1,0,0,0,0,1,1,1947-04-17,,0,,,,,,,,,,,,,,,,
082031,0004003,2,茨城県,イバラキケン,Ibaraki,,,,土浦市,ツチウラシ,Tsuchiura-shi,,,,荒川沖東,アラカワオキヒガシ,Arakawaokihigashi,三丁目,３チョウメ,3,,,,,1,1,0,0,0,0,1,1,1947-04-17,,0,,,,,,,,,,,,,,,,
082031,0005000,1,茨城県,イバラキケン,Ibaraki,,,,土浦市,ツチウラシ,Tsuchiura-shi,,,,荒川本郷,アラカワホンゴウ,Arakawahongo,,,,,,,,0,0,0,0,0,0,1,1,1947-04-17,,0,3000877,,,,,,,,,,,,,,,
082031,0006000,1,茨城県,イバラキケン,Ibaraki,,,,土浦市,ツチウラシ,Tsuchiura-shi,,,,有明町,アリアケチョウ,Ariakecho,,,,,,,,1,1,0,0,0,0,1,1,1947-04-17,,0,3000035,,,,,,,,,,,,,,,
082031,0007000,1,茨城県,イバラキケン,Ibaraki,,,,土浦市,ツチウラシ,Tsuchiura-shi,,,,粟野町,アワノマチ,Awanomachi,,,,,,,,0,0,0,0,0,0,1,1,1947-04-17,,0,3000002,,,,,,,,,,,,,,,
082031,0008000,1,茨城県,イバラキケン,Ibaraki,,,,土浦市,ツチウラシ,Tsuchiura-shi,,,,飯田,イイダ,Iida,,,,,,,,0,0,0,0,0,0,1,1,1947-04-17,,0,3000802,,,,,,,,,,,,,,,
082031,0009000,1,茨城県,イバラキケン,Ibaraki,,,,土浦市,ツチウラシ,Tsuchiura-shi,,,,生田町,イクタマチ,Ikutamachi,,,,,,,,1,1,0,0,0,0,1,1,1947-04-17,,0,3000047,,,,,,,,,,,,,,,
082031,0010001,2,茨城県,イバラキケン,Ibaraki,,,,土浦市,ツチウラシ,Tsuchiura-shi,,,,板谷,イタヤ,Itaya,一丁目,１チョウメ,1,,,,,0,0,0,0,0,0,1,1,1947-04-17,,0,,,,,,,,,,,,,,,,
082031,0010002,2,茨城県,イバラキケン,Ibaraki,,,,土浦市,ツチウラシ,Tsuchiura-shi,,,,板谷,イタヤ,Itaya,二丁目,２チョウメ,2,,,,,0,0,0,0,0,0,1,1,1947-04-17,,0,,,,,,,,,,,,,,,,
082031,0010003,2,茨城県,イバラキケン,Ibaraki,,,,土浦市,ツチウラシ,Tsuchiura-shi,,,,板谷,イタヤ,Itaya,三丁目,３チョウメ,3,,,,,0,0,0,0,0,0,1,1,1947-04-17,,0,,,,,,,,,,,,,,,,
082031,0010004,2,茨城県,イバラキケン,Ibaraki,,,,土浦市,ツチウラシ,Tsuchiura-shi,,,,板谷,イタヤ,Itaya,四丁目,４チョウメ,4,,,,,0,0,0,0,0,0,1,1,1947-04-17,,0,,,,,,,,,,,,,,,,
082031,0010005,2,茨城県,イバラキケン,Ibaraki,,,,土浦市,ツチウラシ,Tsuchiura-shi,,,,板谷,イタヤ,Itaya,五丁目,５チョウメ,5,,,,,0,0,0,0,0,0,1,1,1947-04-17,,0,,,,,,,,,,,,,,,,
082031,0010006,2,茨城県,イバラキケン,Ibaraki,,,,土浦市,ツチウラシ,Tsuchiura-shi,,,,板谷,イタヤ,Itaya,六丁目,６チョウメ,6,,,,,0,0,0,0,0,0,1,1,1947-04-17,,0,,,,,,,,,,,,,,,,
082031,0010007,2,茨城県,イバラキケン,Ibaraki,,,,土浦市,ツチウラシ,Tsuchiura-shi,,,,板谷,イタヤ,Itaya,七丁目,７チョウメ,7,,,,,0,0,0,0,0,0,1,1,1947-04-17,,0,,,,,,,,,,,,,,,,
082031,0011000,1,茨城県,イバラキケン,Ibaraki,,,,土浦市,ツチウラシ,Tsuchiura-shi,,,,今泉,イマイズミ,Imaizumi,,,,,,,,0,0,0,0,0,0,1,1,1947-04-17,,0,3000001,,,,,,,,,,,,,,,
082031,0012000,1,茨城県,イバラキケン,Ibaraki,,,,土浦市,ツチウラシ,Tsuchiura-shi,,,,大岩田,オオイワタ,Oiwata,,,,,,,,0,0,0,0,0,0,1,1,1947-04-17,,0,3000835,,,,,,,,,,,,,,,
082031,0013000,1,茨城県,イバラキケン,Ibaraki,,,,土浦市,ツチウラシ,Tsuchiura-shi,,,,大志戸,オオシト,Oshito,,,,,,,,0,0,0,0,0,0,1,1,1947-04-17,,0,3004103,,,,,,,,,,,,,,,
082031,0014001,2,茨城県,イバラキケン,Ibaraki,,,,土浦市,ツチウラシ,Tsuchiura-shi,,,,おおつ野,オオツノ,Otsuno,一丁目,１チョウメ,1,,,,,1,1,0,0,0,0,1,1,1947-04-17,,0,,,,,,,,,,,,,,,,
082031,0014002,2,茨城県,イバラキケン,Ibaraki,,,,土浦市,ツチウラシ,Tsuchiura-shi,,,,おおつ野,オオツノ,Otsuno,二丁目,２チョウメ,2,,,,,1,1,0,0,0,0,1,1,1947-04-17,,0,,,,,,,,,,,,,,,,
082031,0014003,2,茨城県,イバラキケン,Ibaraki,,,,土浦市,ツチウラシ,Tsuchiura-shi,,,,おおつ野,オオツノ,Otsuno,三丁目,３チョウメ,3,,,,,1,1,0,0,0,0,1,1,1947-04-17,,0,,,,,,,,,,,,,,,,
082031,0014004,2,茨城県,イバラキケン,Ibaraki,,,,土浦市,ツチウラシ,Tsuchiura-shi,,,,おおつ野,オオツノ,Otsuno,四丁目,４チョウメ,4,,,,,1,1,0,0,0,0,1,1,1947-04-17,,0,,,,,,,,,,,,,,,,
082031,0014005,2,茨城県,イバラキケン,Ibaraki,,,,土浦市,ツチウラシ,Tsuchiura-shi,,,,おおつ野,オオツノ,Otsuno,五丁目,５チョウメ,5,,,,,1,1,0,0,0,0,1,1,1947-04-17,,0,,,,,,,,,,,,,,,,
082031,0014006,2,茨城県,イバラキケン,Ibaraki,,,,土浦市,ツチウラシ,Tsuchiura-shi,,,,おおつ野,オオツノ,Otsuno,六丁目,６チョウメ,6,,,,,1,1,0,0,0,0,1,1,1947-04-17,,0,,,,,,,,,,,,,,,,
082031,0014007,2,茨城県,イバラキケン,Ibaraki,,,,土浦市,ツチウラシ,Tsuchiura-shi,,,,おおつ野,オオツノ,Otsuno,七丁目,７チョウメ,7,,,,,1,1,0,0,0,0,1,1,1947-04-17,,0,,,,,,,,,,,,,,,,
082031,0014008,2,茨城県,イバラキケン,Ibaraki,,,,土浦市,ツチウラシ,Tsuchiura-shi,,,,おおつ野,オオツノ,Otsuno,八丁目,８チョウメ,8,,,,,1,1,0,0,0,0,1,1,1947-04-17,,0,,,,,,,,,,,,,,,,
082031,0015000,1,茨城県,イバラキケン,Ibaraki,,,,土浦市,ツチウラシ,Tsuchiura-shi,,,,大手町,オオテマチ,Otemachi,,,,,,,,1,1,0,0,0,0,1,1,1947-04-17,,0,3000044,,,,,,,,,,,,,,,
082031,0016000,1,茨城県,イバラキケン,Ibaraki,,,,土浦市,ツチウラシ,Tsuchiura-shi,,,,大畑,オオバタケ,Obatake,,,,,,,,0,0,0,0,0,0,1,1,1947-04-17,,0,3004111,,,,,,,,,,,,,,,
082031,0017000,1,茨城県,イバラキケン,Ibaraki,,,,土浦市,ツチウラシ,Tsuchiura-shi,,,,大町,オオマチ,Omachi,,,,,,,,1,1,0,0,0,0,1,0,1947-04-17,,0,3000038,,,,,,,,,,,,,,,
082031,0018000,1,茨城県,イバラキケン,Ibaraki,,,,土浦市,ツチウラシ,Tsuchiura-shi,,,,沖宿町,オキジュクマチ,Okijukumachi,,,,,,,,0,0,0,0,0,0,1,1,1947-04-17,,0,3000023,,,,,,,,,,,,,,,
082031,0019000,1,茨城県,イバラキケン,Ibaraki,,,,土浦市,ツチウラシ,Tsuchiura-shi,,,,沖新田,オキシンデン,Okishinden,,,,,,,,0,0,0,0,0,0,1,1,1947-04-17,,0,3000872,,,,,,,,,,,,,,,
082031,0020000,1,茨城県,イバラキケン,Ibaraki,,,,土浦市,ツチウラシ,Tsuchiura-shi,,,,小高,オダカ,Odaka,,,,,,,,0,0,0,0,0,0,1,1,1947-04-17,,0,3004106,,,,,,,,,,,,,,,
082031,0021000,1,茨城県,イバラキケン,Ibaraki,,,,土浦市,ツチウラシ,Tsuchiura-shi,,,,乙戸,オット,Otto,,,,,,,,0,0,0,0,0,0,1,1,1947-04-17,,0,3000844,,,,,,,,,,,,,,,
082031,0022001,2,茨城県,イバラキケン,Ibaraki,,,,土浦市,ツチウラシ,Tsuchiura-shi,,,,乙戸南,オツトミナミ,Ottominami,一丁目,１チョウメ,1,,,,,1,1,0,0,0,0,1,1,1947-04-17,,0,,,,,,,,,,,,,,,,
082031,0022002,2,茨城県,イバラキケン,Ibaraki,,,,土浦市,ツチウラシ,Tsuchiura-shi,,,,乙戸南,オツトミナミ,Ottominami,二丁目,２チョウメ,2,,,,,1,1,0,0,0,0,1,1,1947-04-17,,0,,,,,,,,,,,,,,,,
082031,0022003,2,茨城県,イバラキケン,Ibaraki,,,,土浦市,ツチウラシ,Tsuchiura-shi,,,,乙戸南,オツトミナミ,Ottominami,三丁目,３チョウメ,3,,,,,1,1,0,0,0,0,1,1,1947-04-17,,0,,,,,,,,,,,,,,,,
082031,0023000,1,茨城県,イバラキケン,Ibaraki,,,,土浦市,ツチウラシ,Tsuchiura-shi,,,,小野,オノ,Ono,,,,,,,,0,0,0,0,0,0,1,1,1947-04-17,,0,3004108,,,,,,,,,,,,,,,
082031,0024001,2,茨城県,イバラキケン,Ibaraki,,,,土浦市,ツチウラシ,Tsuchiura-shi,,,,小山田,オヤマダ,Oyamada,一丁目,１チョウメ,1,,,,,0,0,0,0,0,0,1,1,1947-04-17,,0,,,,,,,,,,,,,,,,
082031,0024002,2,茨城県,イバラキケン,Ibaraki,,,,土浦市,ツチウラシ,Tsuchiura-shi,,,,小山田,オヤマダ,Oyamada,二丁目,２チョウメ,2,,,,,0,0,0,0,0,0,1,1,1947-04-17,,0,,,,,,,,,,,,,,,,
082031,0025001,2,茨城県,イバラキケン,Ibaraki,,,,土浦市,ツチウラシ,Tsuchiura-shi,,,,卸町,オロシマチ,Oroshimachi,一丁目,１チョウメ,1,,,,,1,1,0,0,0,0,1,1,1947-04-17,,0,,,,,,,,,,,,,,,,
082031,0025002,2,茨城県,イバラキケン,Ibaraki,,,,土浦市,ツチウラシ,Tsuchiura-shi,,,,卸町,オロシマチ,Oroshimachi,二丁目,２チョウメ,2,,,,,1,1,0,0,0,0,1,1,1947-04-17,,0,,,,,,,,,,,,,,,,
082031,0026000,1,茨城県,イバラキケン,Ibaraki,,,,土浦市,ツチウラシ,Tsuchiura-shi,,,,笠師町,カサシマチ,Kasashimachi,,,,,,,,0,0,0,0,0,0,1,1,1947-04-17,,0,3000008,,,,,,,,,,,,,,,
082031,0027000,1,茨城県,イバラキケン,Ibaraki,,,,土浦市,ツチウラシ,Tsuchiura-shi,,,,粕毛,カスゲ,Kasuge,,,,,,,,0,0,0,0,0,0,1,1,1947-04-17,,0,3000804,,,,,,,,,,,,,,,
082031,0028000,1,茨城県,イバラキケン,Ibaraki,,,,土浦市,ツチウラシ,Tsuchiura-shi,,,,霞ケ岡町,カスミガオカマチ,Kasumigaokamachi,,,,,,,,1,1,0,0,0,0,1,1,1947-04-17,,0,3000825,,,,,,,,,,,,,,,
082031,0029000,1,茨城県,イバラキケン,Ibaraki,,,,土浦市,ツチウラシ,Tsuchiura-shi,,,,上坂田,カミサカタ,Kamisakata,,,,,,,,0,0,0,0,0,0,1,1,1947-04-17,,0,3004114,,,,,,,,,,,,,,,
082031,0030000,1,茨城県,イバラキケン,Ibaraki,,,,土浦市,ツチウラシ,Tsuchiura-shi,,,,上高津,カミタカツ,Kamitakatsu,,,,,,,,0,0,0,0,0,0,1,1,1947-04-17,,0,3000811,,,,,,,,,,,,,,,
082031,0031000,1,茨城県,イバラキケン,Ibaraki,,,,土浦市,ツチウラシ,Tsuchiura-shi,,,,上高津新町,カミタカツシンマチ,Kamitakatsushimmachi,,,,,,,,1,1,0,0,0,0,1,1,1947-04-17,,0,3000819,,,,,,,,,,,,,,,
082031,0033000,1,茨城県,イバラキケン,Ibaraki,,,,土浦市,ツチウラシ,Tsuchiura-shi,,,,烏山,カラスヤマ,Karasuyama,,,,,,,,0,0,0,0,0,0,1,1,1947-04-17,,0,3000836,,,,,,,,,,,,,,,
082031,0033001,2,茨城県,イバラキケン,Ibaraki,,,,土浦市,ツチウラシ,Tsuchiura-shi,,,,烏山,カラスヤマ,Karasuyama,一丁目,１チョウメ,1,,,,,0,0,0,0,0,0,1,1,1947-04-17,,0,,,,,,,,,,,,,,,,
082031,0033002,2,茨城県,イバラキケン,Ibaraki,,,,土浦市,ツチウラシ,Tsuchiura-shi,,,,烏山,カラスヤマ,Karasuyama,二丁目,２チョウメ,2,,,,,0,0,0,0,0,0,1,1,1947-04-17,,0,,,,,,,,,,,,,,,,
082031,0033003,2,茨城県,イバラキケン,Ibaraki,,,,土浦市,ツチウラシ,Tsuchiura-shi,,,,烏山,カラスヤマ,Karasuyama,三丁目,３チョウメ,3,,,,,0,0,0,0,0,0,1,1,1947-04-17,,0,,,,,,,,,,,,,,,,
082031,0033004,2,茨城県,イバラキケン,Ibaraki,,,,土浦市,ツチウラシ,Tsuchiura-shi,,,,烏山,カラスヤマ,Karasuyama,四丁目,４チョウメ,4,,,,,0,0,0,0,0,0,1,1,1947-04-17,,0,,,,,,,,,,,,,,,,
082031,0033005,2,茨城県,イバラキケン,Ibaraki,,,,土浦市,ツチウラシ,Tsuchiura-shi,,,,烏山,カラスヤマ,Karasuyama,五丁目,５チョウメ,5,,,,,0,0,0,0,0,0,1,1,1947-04-17,,0,,,,,,,,,,,,,,,,
082031,0034001,2,茨城県,イバラキケン,Ibaraki,,,,土浦市,ツチウラシ,Tsuchiura-shi,,,,川口,カワグチ,Kawaguchi,一丁目,１チョウメ,1,,,,,1,1,0,0,0,0,1,1,1947-04-17,,0,,,,,,,,,,,,,,,,
082031,0034002,2,茨城県,イバラキケン,Ibaraki,,,,土浦市,ツチウラシ,Tsuchiura-shi,,,,川口,カワグチ,Kawaguchi,二丁目,２チョウメ,2,,,,,1,1,0,0,0,0,1,1,1947-04-17,,0,,,,,,,,,,,,,,,,
082031,0035001,2,茨城県,イバラキケン,Ibaraki,,,,土浦市,ツチウラシ,Tsuchiura-shi,,,,神立中央,カンダツチュウオウ,Kandatsuchuo,一丁目,１チョウメ,1,,,,,1,1,0,0,0,0,1,1,1947-04-17,,0,,,,,,,,,,,,,,,,
082031,0035002,2,茨城県,イバラキケン,Ibaraki,,,,土浦市,ツチウラシ,Tsuchiura-shi,,,,神立中央,カンダツチュウオウ,Kandatsuchuo,二丁目,２チョウメ,2,,,,,1,1,0,0,0,0,1,1,1947-04-17,,0,,,,,,,,,,,,,,,,
082031,0035003,2,茨城県,イバラキケン,Ibaraki,,,,土浦市,ツチウラシ,Tsuchiura-shi,,,,神立中央,カンダツチュウオウ,Kandatsuchuo,三丁目,３チョウメ,3,,,,,1,1,0,0,0,0,1,1,1947-04-17,,0,,,,,,,,,,,,,,,,
082031,0035004,2,茨城県,イバラキケン,Ibaraki,,,,土浦市,ツチウラシ,Tsuchiura-shi,,,,神立中央,カンダツチュウオウ,Kandatsuchuo,四丁目,４チョウメ,4,,,,,1,1,0,0,0,0,1,1,1947-04-17,,0,,,,,,,,,,,,,,,,
082031,0035005,2,茨城県,イバラキケン,Ibaraki,,,,土浦市,ツチウラシ,Tsuchiura-shi,,,,神立中央,カンダツチュウオウ,Kandatsuchuo,五丁目,５チョウメ,5,,,,,1,1,0,0,0,0,1,1,1947-04-17,,0,,,,,,,,,,,,,,,,
082031,0036001,2,茨城県,イバラキケン,Ibaraki,,,,土浦市,ツチウラシ,Tsuchiura-shi,,,,神立東,カンダツヒガシ,Kandatsuhigashi,一丁目,１チョウメ,1,,,,,1,1,0,0,0,0,1,1,1947-04-17,,0,,,,,,,,,,,,,,,,
082031,0036002,2,茨城県,イバラキケン,Ibaraki,,,,土浦市,ツチウラシ,Tsuchiura-shi,,,,神立東,カンダツヒガシ,Kandatsuhigashi,二丁目,２チョウメ,2,,,,,1,1,0,0,0,0,1,1,1947-04-17,,0,,,,,,,,,,,,,,,,
082031,0037000,1,茨城県,イバラキケン,Ibaraki,,,,土浦市,ツチウラシ,Tsuchiura-shi,,,,神立町,カンダツマチ,Kandatsumachi,,,,,,,,0,0,0,0,0,0,1,1,1947-04-17,,0,3000013,,,,,,,,,,,,,,,
082031,0038000,1,茨城県,イバラキケン,Ibaraki,,,,土浦市,ツチウラシ,Tsuchiura-shi,,,,北荒川沖町,キタアラカワオキマチ,Kitaarakawaokimachi,,,,,,,,1,1,0,0,0,0,1,1,1947-04-17,,0,3000876,,,,,,,,,,,,,,,
082031,0039000,1,茨城県,イバラキケン,Ibaraki,,,,土浦市,ツチウラシ,Tsuchiura-shi,,,,北神立町,キタカンダツマチ,Kitakandatsumachi,,,,,,,,0,0,0,0,0,0,1,1,1947-04-17,,0,3000015,,,,,,,,,,,,,,,
082031,0040000,1,茨城県,イバラキケン,Ibaraki,,,,土浦市,ツチウラシ,Tsuchiura-shi,,,,木田余,キダマリ,Kidamari,,,,,,,,0,0,0,0,0,0,1,1,1947-04-17,,0,3000026,,,,,,,,,,,,,,,
082031,0041000,1,茨城県,イバラキケン,Ibaraki,,,,土浦市,ツチウラシ,Tsuchiura-shi,,,,木田余西台,キダマリニシダイ,Kidamarinishidai,,,,,,,,1,1,0,0,0,0,1,1,1947-04-17,,0,3000056,,,,,,,,,,,,,,,
082031,0042001,2,茨城県,イバラキケン,Ibaraki,,,,土浦市,ツチウラシ,Tsuchiura-shi,,,,木田余東台,キダマリヒガシダイ,Kidamarihigashidai,一丁目,１チョウメ,1,,,,,1,1,0,0,0,0,1,1,1947-04-17,,0,,,,,,,,,,,,,,,,
082031,0042002,2,茨城県,イバラキケン,Ibaraki,,,,土浦市,ツチウラシ,Tsuchiura-shi,,,,木田余東台,キダマリヒガシダイ,Kidamarihigashidai,二丁目,２チョウメ,2,,,,,1,1,0,0,0,0,1,1,1947-04-17,,0,,,,,,,,,,,,,,,,
082031,0042003,2,茨城県,イバラキケン,Ibaraki,,,,土浦市,ツチウラシ,Tsuchiura-shi,,,,木田余東台,キダマリヒガシダイ,Kidamarihigashidai,三丁目,３チョウメ,3,,,,,1,1,0,0,0,0,1,1,1947-04-17,,0,,,,,,,,,,,,,,,,
082031,0042004,2,茨城県,イバラキケン,Ibaraki,,,,土浦市,ツチウラシ,Tsuchiura-shi,,,,木田余東台,キダマリヒガシダイ,Kidamarihigashidai,四丁目,４チョウメ,4,,,,,1,1,0,0,0,0,1,1,1947-04-17,,0,,,,,,,,,,,,,,,,
082031,0042005,2,茨城県,イバラキケン,Ibaraki,,,,土浦市,ツチウラシ,Tsuchiura-shi,,,,木田余東台,キダマリヒガシダイ,Kidamarihigashidai,五丁目,５チョウメ,5,,,,,1,1,0,0,0,0,1,1,1947-04-17,,0,,,,,,,,,,,,,,,,
082031,0043001,2,茨城県,イバラキケン,Ibaraki,,,,土浦市,ツチウラシ,Tsuchiura-shi,,,,小岩田西,コイワタニシ,Koiwada Nishi,一丁目,１チョウメ,1,,,,,1,1,0,0,0,0,1,1,1947-04-17,,0,,,,,,,,,,,,,,,,
082031,0043002,2,茨城県,イバラキケン,Ibaraki,,,,土浦市,ツチウラシ,Tsuchiura-shi,,,,小岩田西,コイワタニシ,Koiwada Nishi,二丁目,２チョウメ,2,,,,,1,1,0,0,0,0,1,1,1947-04-17,,0,,,,,,,,,,,,,,,,
082031,0044001,2,茨城県,イバラキケン,Ibaraki,,,,土浦市,ツチウラシ,Tsuchiura-shi,,,,小岩田東,コイワタヒガシ,Koiwada Higashi,一丁目,１チョウメ,1,,,,,1,1,0,0,0,0,1,1,1947-04-17,,0,,,,,,,,,,,,,,,,
082031,0044002,2,茨城県,イバラキケン,Ibaraki,,,,土浦市,ツチウラシ,Tsuchiura-shi,,,,小岩田東,コイワタヒガシ,Koiwada Higashi,二丁目,２チョウメ,2,,,,,1,1,0,0,0,0,1,1,1947-04-17,,0,,,,,,,,,,,,,,,,
082031,0045000,1,茨城県,イバラキケン,Ibaraki,,,,土浦市,ツチウラシ,Tsuchiura-shi,,,,国分町,コクブチョウ,Kokubucho,,,,,,,,1,1,0,0,0,0,1,1,1947-04-17,,0,3000814,,,,,,,,,,,,,,,
082031,0046001,2,茨城県,イバラキケン,Ibaraki,,,,土浦市,ツチウラシ,Tsuchiura-shi,,,,湖北,コホク,Kohoku,一丁目,１チョウメ,1,,,,,1,1,0,0,0,0,1,1,1947-04-17,,0,,,,,,,,,,,,,,,,
082031,0046002,2,茨城県,イバラキケン,Ibaraki,,,,土浦市,ツチウラシ,Tsuchiura-shi,,,,湖北,コホク,Kohoku,二丁目,２チョウメ,2,,,,,1,1,0,0,0,0,1,1,1947-04-17,,0,,,,,,,,,,,,,,,,
082031,0047000,1,茨城県,イバラキケン,Ibaraki,,,,土浦市,ツチウラシ,Tsuchiura-shi,,,,小松,コマツ,Komatsu,,,,,,,,0,0,0,0,0,0,1,1,1947-04-17,,0,3000823,,,,,,,,,,,,,,,
082031,0047001,2,茨城県,イバラキケン,Ibaraki,,,,土浦市,ツチウラシ,Tsuchiura-shi,,,,小松,コマツ,Komatsu,一丁目,１チョウメ,1,,,,,1,1,0,0,0,0,1,1,1947-04-17,,0,,,,,,,,,,,,,,,,
082031,0047002,2,茨城県,イバラキケン,Ibaraki,,,,土浦市,ツチウラシ,Tsuchiura-shi,,,,小松,コマツ,Komatsu,二丁目,２チョウメ,2,,,,,1,1,0,0,0,0,1,1,1947-04-17,,0,,,,,,,,,,,,,,,,
082031,0047003,2,茨城県,イバラキケン,Ibaraki,,,,土浦市,ツチウラシ,Tsuchiura-shi,,,,小松,コマツ,Komatsu,三丁目,３チョウメ,3,,,,,1,1,0,0,0,0,1,1,1947-04-17,,0,,,,,,,,,,,,,,,,
082031,0048000,1,茨城県,イバラキケン,Ibaraki,,,,土浦市,ツチウラシ,Tsuchiura-shi,,,,小松ケ丘町,コマツガオカマチ,Komatsugaokamachi,,,,,,,,1,1,0,0,0,0,1,1,1947-04-17,,0,3000826,,,,,,,,,,,,,,,
082031,0049000,1,茨城県,イバラキケン,Ibaraki,,,,土浦市,ツチウラシ,Tsuchiura-shi,,,,小山崎,コヤマザキ,Koyamazaki,,,,,,,,0,0,0,0,0,0,1,1,1947-04-17,,0,3000004,,,,,,,,,,,,,,,
082031,0050000,1,茨城県,イバラキケン,Ibaraki,,,,土浦市,ツチウラシ,Tsuchiura-shi,,,,桜ケ丘町,サクラガオカマチ,Sakuragaokamachi,,,,,,,,1,1,0,0,0,0,1,1,1947-04-17,,0,3000832,,,,,,,,,,,,,,,
082031,0051001,2,茨城県,イバラキケン,Ibaraki,,,,土浦市,ツチウラシ,Tsuchiura-shi,,,,桜町,サクラマチ,Sakuramachi,一丁目,１チョウメ,1,,,,,1,1,0,0,0,0,1,1,1947-04-17,,0,,,,,,,,,,,,,,,,
082031,0051002,2,茨城県,イバラキケン,Ibaraki,,,,土浦市,ツチウラシ,Tsuchiura-shi,,,,桜町,サクラマチ,Sakuramachi,二丁目,２チョウメ,2,,,,,1,1,0,0,0,0,1,1,1947-04-17,,0,,,,,,,,,,,,,,,,
082031,0051003,2,茨城県,イバラキケン,Ibaraki,,,,土浦市,ツチウラシ,Tsuchiura-shi,,,,桜町,サクラマチ,Sakuramachi,三丁目,３チョウメ,3,,,,,1,1,0,0,0,0,1,1,1947-04-17,,0,,,,,,,,,,,,,,,,
082031,0051004,2,茨城県,イバラキケン,Ibaraki,,,,土浦市,ツチウラシ,Tsuchiura-shi,,,,桜町,サクラマチ,Sakuramachi,四丁目,４チョウメ,4,,,,,1,1,0,0,0,0,1,1,1947-04-17,,0,,,,,,,,,,,,,,,,
082031,0052000,1,茨城県,イバラキケン,Ibaraki,,,,土浦市,ツチウラシ,Tsuchiura-shi,,,,佐野子,サノコ,Sanoko,,,,,,,,0,0,0,0,0,0,1,1,1947-04-17,,0,3000803,,,,,,,,,,,,,,,
082031,0053000,1,茨城県,イバラキケン,Ibaraki,,,,土浦市,ツチウラシ,Tsuchiura-shi,,,,沢辺,サワベ,Sawabe,,,,,,,,0,0,0,0,0,0,1,1,1947-04-17,,0,3004104,,,,,,,,,,,,,,,
082031,0054000,1,茨城県,イバラキケン,Ibaraki,,,,土浦市,ツチウラシ,Tsuchiura-shi,,,,宍塚,シシツカ,Shishitsuka,,,,,,,,0,0,0,0,0,0,1,1,1947-04-17,,0,3000805,,,,,,,,,,,,,,,
082031,0055000,1,茨城県,イバラキケン,Ibaraki,,,,土浦市,ツチウラシ,Tsuchiura-shi,,,,下坂田,シモサカタ,Shimosakata,,,,,,,,0,0,0,0,0,0,1,1,1947-04-17,,0,3004113,,,,,,,,,,,,,,,
082031,0056000,1,茨城県,イバラキケン,Ibaraki,,,,土浦市,ツチウラシ,Tsuchiura-shi,,,,下高津,シモタカツ,Shimotakatsu,,,,,,,,0,0,0,0,0,0,1,1,1947-04-17,,0,3000812,,,,,,,,,,,,,,,
082031,0056001,2,茨城県,イバラキケン,Ibaraki,,,,土浦市,ツチウラシ,Tsuchiura-shi,,,,下高津,シモタカツ,Shimotakatsu,一丁目,１チョウメ,1,,,,,1,1,0,0,0,0,1,1,1947-04-17,,0,,,,,,,,,,,,,,,,
082031,0056002,2,茨城県,イバラキケン,Ibaraki,,,,土浦市,ツチウラシ,Tsuchiura-shi,,,,下高津,シモタカツ,Shimotakatsu,二丁目,２チョウメ,2,,,,,1,1,0,0,0,0,1,1,1947-04-17,,0,,,,,,,,,,,,,,,,
082031,0056003,2,茨城県,イバラキケン,Ibaraki,,,,土浦市,ツチウラシ,Tsuchiura-shi,,,,下高津,シモタカツ,Shimotakatsu,三丁目,３チョウメ,3,,,,,1,1,0,0,0,0,1,1,1947-04-17,,0,,,,,,,,,,,,,,,,
082031,0056004,2,茨城県,イバラキケン,Ibaraki,,,,土浦市,ツチウラシ,Tsuchiura-shi,,,,下高津,シモタカツ,Shimotakatsu,四丁目,４チョウメ,4,,,,,1,1,0,0,0,0,1,1,1947-04-17,,0,,,,,,,,,,,,,,,,
082031,0057000,1,茨城県,イバラキケン,Ibaraki,,,,土浦市,ツチウラシ,Tsuchiura-shi,,,,城北町,ジョウホクマチ,Johokumachi,,,,,,,,1,1,0,0,0,0,1,1,1947-04-17,,0,3000042,,,,,,,,,,,,,,,
082031,0058000,1,茨城県,イバラキケン,Ibaraki,,,,土浦市,ツチウラシ,Tsuchiura-shi,,,,白鳥町,シラトリマチ,Shiratorimachi,,,,,,,,0,0,0,0,0,0,1,1,1947-04-17,,0,3000022,,,,,,,,,,,,,,,
082031,0059000,1,茨城県,イバラキケン,Ibaraki,,,,土浦市,ツチウラシ,Tsuchiura-shi,,,,菅谷町,スゲノヤマチ,Sugenoyamachi,,,,,,,,0,0,0,0,0,0,1,1,1947-04-17,,0,3000021,,,,,,,,,,,,,,,
082031,0060000,1,茨城県,イバラキケン,Ibaraki,,,,土浦市,ツチウラシ,Tsuchiura-shi,,,,千束町,センゾクチョウ,Senzokucho,,,,,,,,1,1,0,0,0,0,1,0,1947-04-17,,0,3000046,,,,,,,,,,,,,,,
082031,0061000,1,茨城県,イバラキケン,Ibaraki,,,,土浦市,ツチウラシ,Tsuchiura-shi,,,,高岡,タカオカ,Takaoka,,,,,,,,0,0,0,0,0,0,1,1,1947-04-17,,0,3004117,,,,,,,,,,,,,,,
082031,0062001,2,茨城県,イバラキケン,Ibaraki,,,,土浦市,ツチウラシ,Tsuchiura-shi,,,,滝田,タキタ,Takita,一丁目,１チョウメ,1,,,,,0,0,0,0,0,0,1,1,1947-04-17,,0,,,,,,,,,,,,,,,,
082031,0062002,2,茨城県,イバラキケン,Ibaraki,,,,土浦市,ツチウラシ,Tsuchiura-shi,,,,滝田,タキタ,Takita,二丁目,２チョウメ,2,,,,,0,0,0,0,0,0,1,1,1947-04-17,,0,,,,,,,,,,,,,,,,
082031,0063000,1,茨城県,イバラキケン,Ibaraki,,,,土浦市,ツチウラシ,Tsuchiura-shi,,,,立田町,タツタマチ,Tatsutamachi,,,,,,,,1,1,0,0,0,0,1,0,1947-04-17,,0,3000041,,,,,,,,,,,,,,,
082031,0064000,1,茨城県,イバラキケン,Ibaraki,,,,土浦市,ツチウラシ,Tsuchiura-shi,,,,田土部,タドベ,Tadobe,,,,,,,,0,0,0,0,0,0,1,1,1947-04-17,,0,3004118,,,,,,,,,,,,,,,
082031,0065001,2,茨城県,イバラキケン,Ibaraki,,,,土浦市,ツチウラシ,Tsuchiura-shi,,,,田中,タナカ,Tanaka,一丁目,１チョウメ,1,,,,,1,1,0,0,0,0,1,1,1947-04-17,,0,,,,,,,,,,,,,,,,
082031,0065002,2,茨城県,イバラキケン,Ibaraki,,,,土浦市,ツチウラシ,Tsuchiura-shi,,,,田中,タナカ,Tanaka,二丁目,２チョウメ,2,,,,,1,1,0,0,0,0,1,1,1947-04-17,,0,,,,,,,,,,,,,,,,
082031,0065003,2,茨城県,イバラキケン,Ibaraki,,,,土浦市,ツチウラシ,Tsuchiura-shi,,,,田中,タナカ,Tanaka,三丁目,３チョウメ,3,,,,,1,1,0,0,0,0,1,1,1947-04-17,,0,,,,,,,,,,,,,,,,
082031,0066000,1,茨城県,イバラキケン,Ibaraki,,,,土浦市,ツチウラシ,Tsuchiura-shi,,,,田中町,タナカマチ,Tanakamachi,,,,,,,,0,0,0,0,0,0,1,1,1947-04-17,,0,3000049,,,,,,,,,,,,,,,
082031,0067000,1,茨城県,イバラキケン,Ibaraki,,,,土浦市,ツチウラシ,Tsuchiura-shi,,,,田宮,タミヤ,Tamiya,,,,,,,,0,0,0,0,0,0,1,1,1947-04-17,,0,3004105,,,,,,,,,,,,,,,
082031,0068000,1,茨城県,イバラキケン,Ibaraki,,,,土浦市,ツチウラシ,Tsuchiura-shi,,,,田村町,タムラマチ,Tamuramachi,,,,,,,,0,0,0,0,0,0,1,1,1947-04-17,,0,3000024,,,,,,,,,,,,,,,
082031,0069000,1,茨城県,イバラキケン,Ibaraki,,,,土浦市,ツチウラシ,Tsuchiura-shi,,,,千鳥ケ丘町,チドリガオカマチ,Chidorigaokamachi,,,,,,,,1,1,0,0,0,0,1,1,1947-04-17,,0,3000824,,,,,,,,,,,,,,,
082031,0070001,2,茨城県,イバラキケン,Ibaraki,,,,土浦市,ツチウラシ,Tsuchiura-shi,,,,中央,チュウオウ,Chuo,一丁目,１チョウメ,1,,,,,1,1,0,0,0,0,1,1,1947-04-17,,0,,,,,,,,,,,,,,,,
082031,0070002,2,茨城県,イバラキケン,Ibaraki,,,,土浦市,ツチウラシ,Tsuchiura-shi,,,,中央,チュウオウ,Chuo,二丁目,２チョウメ,2,,,,,1,1,0,0,0,0,1,1,1947-04-17,,0,,,,,,,,,,,,,,,,
082031,0071001,2,茨城県,イバラキケン,Ibaraki,,,,土浦市,ツチウラシ,Tsuchiura-shi,,,,都和,ツワ,Tsuwa,一丁目,１チョウメ,1,,,,,1,1,0,0,0,0,1,1,1947-04-17,,0,,,,,,,,,,,,,,,,
082031,0071002,2,茨城県,イバラキケン,Ibaraki,,,,土浦市,ツチウラシ,Tsuchiura-shi,,,,都和,ツワ,Tsuwa,二丁目,２チョウメ,2,,,,,1,1,0,0,0,0,1,1,1947-04-17,,0,,,,,,,,,,,,,,,,
082031,0071003,2,茨城県,イバラキケン,Ibaraki,,,,土浦市,ツチウラシ,Tsuchiura-shi,,,,都和,ツワ,Tsuwa,三丁目,３チョウメ,3,,,,,1,1,0,0,0,0,1,1,1947-04-17,,0,,,,,,,,,,,,,,,,
082031,0071004,2,茨城県,イバラキケン,Ibaraki,,,,土浦市,ツチウラシ,Tsuchiura-shi,,,,都和,ツワ,Tsuwa,四丁目,４チョウメ,4,,,,,0,0,0,0,0,0,1,1,1947-04-17,,0,,,,,,,,,,,,,,,,
082031,0072000,1,茨城県,イバラキケン,Ibaraki,,,,土浦市,ツチウラシ,Tsuchiura-shi,,,,手野町,テノマチ,Tenomachi,,,,,,,,0,0,0,0,0,0,1,1,1947-04-17,,0,3000025,,,,,,,,,,,,,,,
082031,0073000,1,茨城県,イバラキケン,Ibaraki,,,,土浦市,ツチウラシ,Tsuchiura-shi,,,,東崎町,トウザキマチ,Tozakimachi,,,,,,,,1,1,0,0,0,0,1,0,1947-04-17,,0,3000031,,,,,,,,,,,,,,,
082031,0074000,1,茨城県,イバラキケン,Ibaraki,,,,土浦市,ツチウラシ,Tsuchiura-shi,,,,東城寺,トウジョウジ,Tojoji,,,,,,,,0,0,0,0,0,0,1,1,1947-04-17,,0,3004107,,,,,,,,,,,,,,,
082031,0075000,1,茨城県,イバラキケン,Ibaraki,,,,土浦市,ツチウラシ,Tsuchiura-shi,,,,殿里,トノサト,Tonosato,,,,,,,,0,0,0,0,0,0,1,1,1947-04-17,,0,3000055,,,,,,,,,,,,,,,
082031,0076000,1,茨城県,イバラキケン,Ibaraki,,,,土浦市,ツチウラシ,Tsuchiura-shi,,,,中,ナカ,Naka,,,,,,,,0,0,0,0,0,0,1,0,1947-04-17,,0,3000841,,,,,,,,,,,,,,,
082031,0077000,1,茨城県,イバラキケン,Ibaraki,,,,土浦市,ツチウラシ,Tsuchiura-shi,,,,中荒川沖町,ナカアラカワオキマチ,Nakaarakawaokimachi,,,,,,,,1,1,0,0,0,0,1,1,1947-04-17,,0,3000875,,,,,,,,,,,,,,,
082031,0078000,1,茨城県,イバラキケン,Ibaraki,,,,土浦市,ツチウラシ,Tsuchiura-shi,,,,永井,ナガイ,Nagai,,,,,,,,0,0,0,0,0,0,1,1,1947-04-17,,0,3004101,,,,,,,,,,,,,,,
082031,0079000,1,茨城県,イバラキケン,Ibaraki,,,,土浦市,ツチウラシ,Tsuchiura-shi,,,,中神立町,ナカカンダツマチ,Nakakandatsumachi,,,,,,,,0,0,0,0,0,0,1,1,1947-04-17,,0,3000016,,,,,,,,,,,,,,,
082031,0080000,1,茨城県,イバラキケン,Ibaraki,,,,土浦市,ツチウラシ,Tsuchiura-shi,,,,永国,ナガクニ,Nagakuni,,,,,,,,0,0,0,0,0,0,1,1,1947-04-17,,0,3000817,,,,,,,,,,,,,,,
082031,0081000,1,茨城県,イバラキケン,Ibaraki,,,,土浦市,ツチウラシ,Tsuchiura-shi,,,,永国台,ナガクニダイ,Nagakunidai,,,,,,,,0,0,0,0,0,0,1,1,1947-04-17,,0,3000810,,,,,,,,,,,,,,,
082031,0082000,1,茨城県,イバラキケン,Ibaraki,,,,土浦市,ツチウラシ,Tsuchiura-shi,,,,永国東町,ナガクニヒガシマチ,Nagakunihigashimachi,,,,,,,,1,1,0,0,0,0,1,1,1947-04-17,,0,3000816,,,,,,,,,,,,,,,
082031,0083000,1,茨城県,イバラキケン,Ibaraki,,,,土浦市,ツチウラシ,Tsuchiura-shi,,,,中高津,ナカタカツ,Nakatakatsu,,,,,,,,0,0,0,0,0,0,1,1,1947-04-17,,0,3000815,,,,,,,,,,,,,,,
082031,0083001,2,茨城県,イバラキケン,Ibaraki,,,,土浦市,ツチウラシ,Tsuchiura-shi,,,,中高津,ナカタカツ,Nakatakatsu,一丁目,１チョウメ,1,,,,,1,1,0,0,0,0,1,1,1947-04-17,,0,,,,,,,,,,,,,,,,
082031,0083002,2,茨城県,イバラキケン,Ibaraki,,,,土浦市,ツチウラシ,Tsuchiura-shi,,,,中高津,ナカタカツ,Nakatakatsu,二丁目,２チョウメ,2,,,,,1,1,0,0,0,0,1,1,1947-04-17,,0,,,,,,,,,,,,,,,,
082031,0083003,2,茨城県,イバラキケン,Ibaraki,,,,土浦市,ツチウラシ,Tsuchiura-shi,,,,中高津,ナカタカツ,Nakatakatsu,三丁目,３チョウメ,3,,,,,1,1,0,0,0,0,1,1,1947-04-17,,0,,,,,,,,,,,,,,,,
082031,0084001,2,茨城県,イバラキケン,Ibaraki,,,,土浦市,ツチウラシ,Tsuchiura-shi,,,,中都町,ナカツマチ,Nakatsumachi,一丁目,１チョウメ,1,,,,,0,0,0,0,0,0,1,1,1947-04-17,,0,,,,,,,,,,,,,,,,
082031,0084002,2,茨城県,イバラキケン,Ibaraki,,,,土浦市,ツチウラシ,Tsuchiura-shi,,,,中都町,ナカツマチ,Nakatsumachi,二丁目,２チョウメ,2,,,,,0,0,0,0,0,0,1,1,1947-04-17,,0,,,,,,,,,,,,,,,,
082031,0084003,2,茨城県,イバラキケン,Ibaraki,,,,土浦市,ツチウラシ,Tsuchiura-shi,,,,中都町,ナカツマチ,Nakatsumachi,三丁目,３チョウメ,3,,,,,0,0,0,0,0,0,1,1,1947-04-17,,0,,,,,,,,,,,,,,,,
082031,0084004,2,茨城県,イバラキケン,Ibaraki,,,,土浦市,ツチウラシ,Tsuchiura-shi,,,,中都町,ナカツマチ,Nakatsumachi,四丁目,４チョウメ,4,,,,,0,0,0,0,0,0,1,1,1947-04-17,,0,,,,,,,,,,,,,,,,
082031,0085000,1,茨城県,イバラキケン,Ibaraki,,,,土浦市,ツチウラシ,Tsuchiura-shi,,,,中貫,ナカヌキ,Nakanuki,,,,,,,,0,0,0,0,0,0,1,1,1947-04-17,,0,3000005,,,,,,,,,,,,,,,
082031,0086000,1,茨城県,イバラキケン,Ibaraki,,,,土浦市,ツチウラシ,Tsuchiura-shi,,,,中村西根,ナカムラニシネ,Nakamuranishine,,,,,,,,0,0,0,0,0,0,1,1,1947-04-17,,0,3000849,,,,,,,,,,,,,,,
082031,0087001,2,茨城県,イバラキケン,Ibaraki,,,,土浦市,ツチウラシ,Tsuchiura-shi,,,,中村東,ナカムラヒガシ,Nakamurahigashi,一丁目,１チョウメ,1,,,,,1,1,0,0,0,0,1,1,1947-04-17,,0,,,,,,,,,,,,,,,,
082031,0087002,2,茨城県,イバラキケン,Ibaraki,,,,土浦市,ツチウラシ,Tsuchiura-shi,,,,中村東,ナカムラヒガシ,Nakamurahigashi,二丁目,２チョウメ,2,,,,,1,1,0,0,0,0,1,1,1947-04-17,,0,,,,,,,,,,,,,,,,
082031,0087003,2,茨城県,イバラキケン,Ibaraki,,,,土浦市,ツチウラシ,Tsuchiura-shi,,,,中村東,ナカムラヒガシ,Nakamurahigashi,三丁目,３チョウメ,3,,,,,1,1,0,0,0,0,1,1,1947-04-17,,0,,,,,,,,,,,,,,,,
082031,0088001,2,茨城県,イバラキケン,Ibaraki,,,,土浦市,ツチウラシ,Tsuchiura-shi,,,,中村南,ナカムラミナミ,Nakamuraminami,一丁目,１チョウメ,1,,,,,1,1,0,0,0,0,1,1,1947-04-17,,0,,,,,,,,,,,,,,,,
082031,0088002,2,茨城県,イバラキケン,Ibaraki,,,,土浦市,ツチウラシ,Tsuchiura-shi,,,,中村南,ナカムラミナミ,Nakamuraminami,二丁目,２チョウメ,2,,,,,1,1,0,0,0,0,1,1,1947-04-17,,0,,,,,,,,,,,,,,,,
082031,0088003,2,茨城県,イバラキケン,Ibaraki,,,,土浦市,ツチウラシ,Tsuchiura-shi,,,,中村南,ナカムラミナミ,Nakamuraminami,三丁目,３チョウメ,3,,,,,1,1,0,0,0,0,1,1,1947-04-17,,0,,,,,,,,,,,,,,,,
082031,0088004,2,茨城県,イバラキケン,Ibaraki,,,,土浦市,ツチウラシ,Tsuchiura-shi,,,,中村南,ナカムラミナミ,Nakamuraminami,四丁目,４チョウメ,4,,,,,1,1,0,0,0,0,1,1,1947-04-17,,0,,,,,,,,,,,,,,,,
082031,0088005,2,茨城県,イバラキケン,Ibaraki,,,,土浦市,ツチウラシ,Tsuchiura-shi,,,,中村南,ナカムラミナミ,Nakamuraminami,五丁目,５チョウメ,5,,,,,1,1,0,0,0,0,1,1,1947-04-17,,0,,,,,,,,,,,,,,,,
082031,0088006,2,茨城県,イバラキケン,Ibaraki,,,,土浦市,ツチウラシ,Tsuchiura-shi,,,,中村南,ナカムラミナミ,Nakamuraminami,六丁目,６チョウメ,6,,,,,1,1,0,0,0,0,1,1,1947-04-17,,0,,,,,,,,,,,,,,,,
082031,0089001,2,茨城県,イバラキケン,Ibaraki,,,,土浦市,ツチウラシ,Tsuchiura-shi,,,,並木,ナミキ,Namiki,一丁目,１チョウメ,1,,,,,1,1,0,0,0,0,1,1,1947-04-17,,0,,,,,,,,,,,,,,,,
082031,0089002,2,茨城県,イバラキケン,Ibaraki,,,,土浦市,ツチウラシ,Tsuchiura-shi,,,,並木,ナミキ,Namiki,二丁目,２チョウメ,2,,,,,1,1,0,0,0,0,1,1,1947-04-17,,0,,,,,,,,,,,,,,,,
082031,0089003,2,茨城県,イバラキケン,Ibaraki,,,,土浦市,ツチウラシ,Tsuchiura-shi,,,,並木,ナミキ,Namiki,三丁目,３チョウメ,3,,,,,1,1,0,0,0,0,1,1,1947-04-17,,0,,,,,,,,,,,,,,,,
082031,0089004,2,茨城県,イバラキケン,Ibaraki,,,,土浦市,ツチウラシ,Tsuchiura-shi,,,,並木,ナミキ,Namiki,四丁目,４チョウメ,4,,,,,1,1,0,0,0,0,1,1,1947-04-17,,0,,,,,,,,,,,,,,,,
082031,0089005,2,茨城県,イバラキケン,Ibaraki,,,,土浦市,ツチウラシ,Tsuchiura-shi,,,,並木,ナミキ,Namiki,五丁目,５チョウメ,5,,,,,0,0,0,0,0,0,1,1,1947-04-17,,0,,,,,,,,,,,,,,,,
082031,0090000,1,茨城県,イバラキケン,Ibaraki,,,,土浦市,ツチウラシ,Tsuchiura-shi,,,,西並木町,ニシナミキマチ,Nishinamikimachi,,,,,,,,0,0,0,0,0,0,1,1,1947-04-17,,0,3000068,,,,,,,,,,,,,,,
082031,0091001,2,茨城県,イバラキケン,Ibaraki,,,,土浦市,ツチウラシ,Tsuchiura-shi,,,,西根西,ニシネニシ,Nishinenishi,一丁目,１チョウメ,1,,,,,1,1,0,0,0,0,1,1,1947-04-17,,0,,,,,,,,,,,,,,,,
082031,0092001,2,茨城県,イバラキケン,Ibaraki,,,,土浦市,ツチウラシ,Tsuchiura-shi,,,,西根南,ニシネミナミ,Nishineminami,一丁目,１チョウメ,1,,,,,1,1,0,0,0,0,1,1,1947-04-17,,0,,,,,,,,,,,,,,,,
082031,0092002,2,茨城県,イバラキケン,Ibaraki,,,,土浦市,ツチウラシ,Tsuchiura-shi,,,,西根南,ニシネミナミ,Nishineminami,二丁目,２チョウメ,2,,,,,1,1,0,0,0,0,1,1,1947-04-17,,0,,,,,,,,,,,,,,,,
082031,0092003,2,茨城県,イバラキケン,Ibaraki,,,,土浦市,ツチウラシ,Tsuchiura-shi,,,,西根南,ニシネミナミ,Nishineminami,三丁目,３チョウメ,3,,,,,1,1,0,0,0,0,1,1,1947-04-17,,0,,,,,,,,,,,,,,,,
082031,0093000,1,茨城県,イバラキケン,Ibaraki,,,,土浦市,ツチウラシ,Tsuchiura-shi,,,,西真鍋町,ニシマナベマチ,Nishimanabemachi,,,,,,,,1,1,0,0,0,0,1,1,1947-04-17,,0,3000054,,,,,,,,,,,,,,,
082031,0094000,1,茨城県,イバラキケン,Ibaraki,,,,土浦市,ツチウラシ,Tsuchiura-shi,,,,蓮河原新町,ハスカワラシンマチ,Hasukawarashimmachi,,,,,,,,1,1,0,0,0,0,1,1,1947-04-17,,0,3000821,,MJ022605_*_*_*_*,,,,,,,,,,,,,
082031,0095000,1,茨城県,イバラキケン,Ibaraki,,,,土浦市,ツチウラシ,Tsuchiura-shi,,,,蓮河原町,ハスカワラマチ,Hasukawaramachi,,,,,,,,0,0,0,0,0,0,1,1,1947-04-17,,0,3000822,,MJ022605_*_*_*,,,,,,,,,,,,,
082031,0096000,1,茨城県,イバラキケン,Ibaraki,,,,土浦市,ツチウラシ,Tsuchiura-shi,,,,東都和,ヒガシツワ,Higashitsuwa,,,,,,,,1,1,0,0,0,0,1,1,1947-04-17,,0,3000067,,,,,,,,,,,,,,,
082031,0097000,1,茨城県,イバラキケン,Ibaraki,,,,土浦市,ツチウラシ,Tsuchiura-shi,,,,東中貫町,ヒガシナカヌキマチ,Higashinakanukimachi,,,,,,,,0,0,0,0,0,0,1,1,1947-04-17,,0,3000006,,,,,,,,,,,,,,,
082031,0098000,1,茨城県,イバラキケン,Ibaraki,,,,土浦市,ツチウラシ,Tsuchiura-shi,,,,東並木町,ヒガシナミキマチ,Higashinamikimachi,,,,,,,,0,0,0,0,0,0,1,1,1947-04-17,,0,3000069,,,,,,,,,,,,,,,
082031,0099000,1,茨城県,イバラキケン,Ibaraki,,,,土浦市,ツチウラシ,Tsuchiura-shi,,,,東真鍋町,ヒガシマナベマチ,Higashimanabemachi,,,,,,,,1,1,0,0,0,0,1,1,1947-04-17,,0,3000052,,,,,,,,,,,,,,,
082031,0100000,1,茨城県,イバラキケン,Ibaraki,,,,土浦市,ツチウラシ,Tsuchiura-shi,,,,東若松町,ヒガシワカマツマチ,Higashiwakamatsumachi,,,,,,,,0,0,0,0,0,0,1,1,1947-04-17,,0,3000064,,,,,,,,,,,,,,,
082031,0101000,1,茨城県,イバラキケン,Ibaraki,,,,土浦市,ツチウラシ,Tsuchiura-shi,,,,常名,ヒタナ,Hitana,,,,,,,,0,0,0,0,0,0,1,1,1947-04-17,,0,3000065,,,,,,,,,,,,,,,
082031,0102001,2,茨城県,イバラキケン,Ibaraki,,,,土浦市,ツチウラシ,Tsuchiura-shi,,,,富士崎,フジサキ,Fujisaki,一丁目,１チョウメ,1,,,,,1,1,0,0,0,0,1,1,1947-04-17,,0,,,,,,,,,,,,,,,,
082031,0102002,2,茨城県,イバラキケン,Ibaraki,,,,土浦市,ツチウラシ,Tsuchiura-shi,,,,富士崎,フジサキ,Fujisaki,二丁目,２チョウメ,2,,,,,1,1,0,0,0,0,1,1,1947-04-17,,0,,,,,,,,,,,,,,,,
082031,0103000,1,茨城県,イバラキケン,Ibaraki,,,,土浦市,ツチウラシ,Tsuchiura-shi,,,,藤沢,フジサワ,Fujisawa,,,,,,,,0,0,0,0,0,0,1,1,1947-04-17,,0,3004115,,,,,,,,,,,,,,,
082031,0104000,1,茨城県,イバラキケン,Ibaraki,,,,土浦市,ツチウラシ,Tsuchiura-shi,,,,藤沢新田,フジサワシンデン,Fujisawashinden,,,,,,,,0,0,0,0,0,0,1,1,1947-04-17,,0,3004116,,,,,,,,,,,,,,,
082031,0105000,1,茨城県,イバラキケン,Ibaraki,,,,土浦市,ツチウラシ,Tsuchiura-shi,,,,文京町,ブンキョウチョウ,Bunkyocho,,,,,,,,1,1,0,0,0,0,1,1,1947-04-17,,0,3000045,,,,,,,,,,,,,,,
082031,0106000,1,茨城県,イバラキケン,Ibaraki,,,,土浦市,ツチウラシ,Tsuchiura-shi,,,,本郷,ホンゴウ,Hongo,,,,,,,,0,0,0,0,0,0,1,1,1947-04-17,,0,3004102,,,,,,,,,,,,,,,
082031,0107000,1,茨城県,イバラキケン,Ibaraki,,,,土浦市,ツチウラシ,Tsuchiura-shi,,,,真鍋,マナベ,Manabe,,,,,,,,0,0,0,0,0,0,1,1,1947-04-17,,0,3000051,,,,,,,,,,,,,,,
082031,0107001,2,茨城県,イバラキケン,Ibaraki,,,,土浦市,ツチウラシ,Tsuchiura-shi,,,,真鍋,マナベ,Manabe,一丁目,１チョウメ,1,,,,,1,1,0,0,0,0,1,1,1947-04-17,,0,,,,,,,,,,,,,,,,
082031,0107002,2,茨城県,イバラキケン,Ibaraki,,,,土浦市,ツチウラシ,Tsuchiura-shi,,,,真鍋,マナベ,Manabe,二丁目,２チョウメ,2,,,,,1,1,0,0,0,0,1,1,1947-04-17,,0,,,,,,,,,,,,,,,,
082031,0107003,2,茨城県,イバラキケン,Ibaraki,,,,土浦市,ツチウラシ,Tsuchiura-shi,,,,真鍋,マナベ,Manabe,三丁目,３チョウメ,3,,,,,1,1,0,0,0,0,1,1,1947-04-17,,0,,,,,,,,,,,,,,,,
082031,0107004,2,茨城県,イバラキケン,Ibaraki,,,,土浦市,ツチウラシ,Tsuchiura-shi,,,,真鍋,マナベ,Manabe,四丁目,４チョウメ,4,,,,,1,1,0,0,0,0,1,1,1947-04-17,,0,,,,,,,,,,,,,,,,
082031,0107005,2,茨城県,イバラキケン,Ibaraki,,,,土浦市,ツチウラシ,Tsuchiura-shi,,,,真鍋,マナベ,Manabe,五丁目,５チョウメ,5,,,,,1,1,0,0,0,0,1,1,1947-04-17,,0,,,,,,,,,,,,,,,,
082031,0107006,2,茨城県,イバラキケン,Ibaraki,,,,土浦市,ツチウラシ,Tsuchiura-shi,,,,真鍋,マナベ,Manabe,六丁目,６チョウメ,6,,,,,1,1,0,0,0,0,1,1,1947-04-17,,0,,,,,,,,,,,,,,,,
082031,0108000,1,茨城県,イバラキケン,Ibaraki,,,,土浦市,ツチウラシ,Tsuchiura-shi,,,,真鍋新町,マナベシンマチ,Manabeshimmachi,,,,,,,,1,1,0,0,0,0,1,1,1947-04-17,,0,3000053,,,,,,,,,,,,,,,
082031,0109000,1,茨城県,イバラキケン,Ibaraki,,,,土浦市,ツチウラシ,Tsuchiura-shi,,,,摩利山新田,マリヤマシンデン,Mariyamashinden,,,,,,,,0,0,0,0,0,0,1,1,1947-04-17,,0,3000838,,,,,,,,,,,,,,,
082031,0110000,1,茨城県,イバラキケン,Ibaraki,,,,土浦市,ツチウラシ,Tsuchiura-shi,,,,右籾,ミギモミ,Migimomi,,,,,,,,0,0,0,0,0,0,1,1,1947-04-17,,0,3000837,,*_MJ019806,,,,,,,,,,,,,
082031,0111001,2,茨城県,イバラキケン,Ibaraki,,,,土浦市,ツチウラシ,Tsuchiura-shi,,,,港町,ミナトマチ,Minatomachi,一丁目,１チョウメ,1,,,,,1,1,0,0,0,0,1,1,1947-04-17,,0,,,,,,,,,,,,,,,,
082031,0111002,2,茨城県,イバラキケン,Ibaraki,,,,土浦市,ツチウラシ,Tsuchiura-shi,,,,港町,ミナトマチ,Minatomachi,二丁目,２チョウメ,2,,,,,1,1,0,0,0,0,1,1,1947-04-17,,0,,,,,,,,,,,,,,,,
082031,0111003,2,茨城県,イバラキケン,Ibaraki,,,,土浦市,ツチウラシ,Tsuchiura-shi,,,,港町,ミナトマチ,Minatomachi,三丁目,３チョウメ,3,,,,,1,1,0,0,0,0,1,1,1947-04-17,,0,,,,,,,,,,,,,,,,
082031,0112000,1,茨城県,イバラキケン,Ibaraki,,,,土浦市,ツチウラシ,Tsuchiura-shi,,,,虫掛,ムシカケ,Mushikake,,,,,,,,0,0,0,0,0,0,1,1,1947-04-17,,0,3000066,,,,,,,,,,,,,,,
082031,0113000,1,茨城県,イバラキケン,Ibaraki,,,,土浦市,ツチウラシ,Tsuchiura-shi,,,,紫ケ丘,ムラサキガオカ,Murasakigaoka,,,,,,,,0,0,0,0,0,0,1,1,1947-04-17,,0,3000003,,,,,,,,,,,,,,,
082031,0114000,1,茨城県,イバラキケン,Ibaraki,,,,土浦市,ツチウラシ,Tsuchiura-shi,,,,矢作,ヤハギ,Yahagi,,,,,,,,0,0,0,0,0,0,1,1,1947-04-17,,0,3000801,,,,,,,,,,,,,,,
082031,0115000,1,茨城県,イバラキケン,Ibaraki,,,,土浦市,ツチウラシ,Tsuchiura-shi,,,,大和町,ヤマトチョウ,Yamatocho,,,,,,,,1,1,0,0,0,0,1,1,1947-04-17,,0,3000036,,,,,,,,,,,,,,,
082031,0116000,1,茨城県,イバラキケン,Ibaraki,,,,土浦市,ツチウラシ,Tsuchiura-shi,,,,若松町,ワカマツチョウ,Wakamatsucho,,,,,,,,1,1,0,0,0,0,1,1,1947-04-17,,0,3000063,,,,,,,,,,,,,,,
082031,0117000,1,茨城県,イバラキケン,Ibaraki,,,,土浦市,ツチウラシ,Tsuchiura-shi,,,,下大島,シモオオシマ,,,,,,,,,0,0,0,0,0,0,1,1,1947-04-17,,0,,,,,,,,,,,,,,,,
082031,0118000,1,茨城県,イバラキケン,Ibaraki,,,,土浦市,ツチウラシ,Tsuchiura-shi,,,,小岩田,コイワタ,Koiwata,,,,,,,,0,0,0,0,0,0,1,1,1947-04-17,,0,3000831,,,,,,,,,,,,,,,
082031,0124000,1,茨城県,イバラキケン,Ibaraki,,,,土浦市,ツチウラシ,Tsuchiura-shi,,,,永井本郷入会地,ナガイホンゴウイリアイチ,,,,,,,,,0,0,0,0,0,0,1,1,1947-04-17,,0,,,,,,,,,,,,,,,,
082031,0125000,1,茨城県,イバラキケン,Ibaraki,,,,土浦市,ツチウラシ,Tsuchiura-shi,,,,小野沢辺東城寺入会地,オノサワベトウジヨウジイリアイチ,,,,,,,,,0,0,0,0,0,0,1,1,1947-04-17,,0,,,,,,,,,,,,,,,,
082040,0001001,2,茨城県,イバラキケン,Ibaraki,,,,古河市,コガシ,Koga-shi,,,,旭町,アサヒチョウ,Asahicho,一丁目,１チョウメ,1,,,,,1,1,0,0,0,0,1,1,1947-04-17,,0,,,,,,,,,,,,,,,,
082040,0001002,2,茨城県,イバラキケン,Ibaraki,,,,古河市,コガシ,Koga-shi,,,,旭町,アサヒチョウ,Asahicho,二丁目,２チョウメ,2,,,,,1,1,0,0,0,0,1,1,1947-04-17,,0,,,,,,,,,,,,,,,,
082040,0002000,1,茨城県,イバラキケン,Ibaraki,,,,古河市,コガシ,Koga-shi,,,,新久田,アラクダ,Arakuda,,,,,,,,0,0,0,0,0,0,1,1,1947-04-17,,0,3060044,,,,,,,,,,,,,,,
082040,0003000,1,茨城県,イバラキケン,Ibaraki,,,,古河市,コガシ,Koga-shi,,,,砂井新田,イサゴイシンデン,Isagoishinden,,,,,,,,0,0,0,0,0,0,1,1,1947-04-17,,0,3060224,,,,,,,,,,,,,,,
082040,0004000,1,茨城県,イバラキケン,Ibaraki,,,,古河市,コガシ,Koga-shi,,,,磯部,イソベ,Isobe,,,,,,,,0,0,0,0,0,0,1,1,1947-04-17,,0,3060225,,,,,,,,,,,,,,,
082040,0005000,1,茨城県,イバラキケン,Ibaraki,,,,古河市,コガシ,Koga-shi,,,,稲宮,イナミヤ,Inamiya,,,,,,,,0,0,0,0,0,0,1,1,1947-04-17,,0,3060202,,,,,,,,,,,,,,,
082040,0006000,1,茨城県,イバラキケン,Ibaraki,,,,古河市,コガシ,Koga-shi,,,,江口,エグチ,Eguchi,,,,,,,,0,0,0,0,0,0,1,1,1947-04-17,,0,3060105,,,,,,,,,,,,,,,
082040,0007000,1,茨城県,イバラキケン,Ibaraki,,,,古河市,コガシ,Koga-shi,,,,大堤,オオツツミ,Otsutsumi,,,,,,,,0,0,0,0,0,0,1,1,1947-04-17,,0,3060236,,,,,,,,,,,,,,,
082040,0008000,1,茨城県,イバラキケン,Ibaraki,,,,古河市,コガシ,Koga-shi,,,,大手町,オオテマチ,Otemachi,,,,,,,,1,1,0,0,0,0,1,1,1947-04-17,,0,3060032,,,,,,,,,,,,,,,
082040,0010000,1,茨城県,イバラキケン,Ibaraki,,,,古河市,コガシ,Koga-shi,,,,大和田,オオワダ,Owada,,,,,,,,0,0,0,0,0,0,1,1,1947-04-17,,0,3060111,,,,,,,,,,,,,,,
082040,0011000,1,茨城県,イバラキケン,Ibaraki,,,,古河市,コガシ,Koga-shi,,,,丘里,オカザト,Okazato,,,,,,,,0,0,0,0,0,0,1,1,1947-04-17,,0,3060206,,,,,,,,,,,,,,,
082040,0012000,1,茨城県,イバラキケン,Ibaraki,,,,古河市,コガシ,Koga-shi,,,,尾崎,オサキ,Osaki,,,,,,,,0,0,0,0,0,0,1,1,1947-04-17,,0,3060101,,,,,,,,,,,,,,,
082040,0013000,1,茨城県,イバラキケン,Ibaraki,,,,古河市,コガシ,Koga-shi,,,,女沼,オナヌマ,Onanuma,,,,,,,,0,0,0,0,0,0,1,1,1947-04-17,,0,3060226,,,,,,,,,,,,,,,
082040,0014000,1,茨城県,イバラキケン,Ibaraki,,,,古河市,コガシ,Koga-shi,,,,恩名,オンナ,Onna,,,,,,,,0,0,0,0,0,0,1,1,1947-04-17,,0,3060104,,,,,,,,,,,,,,,
082040,0015000,1,茨城県,イバラキケン,Ibaraki,,,,古河市,コガシ,Koga-shi,,,,葛生,カズロウ,Kazuro,,,,,,,,0,0,0,0,0,0,1,1,1947-04-17,,0,3060211,,MJ022336_*,,,,,,,,,,,,,
082040,0016000,1,茨城県,イバラキケン,Ibaraki,,,,古河市,コガシ,Koga-shi,,,,上砂井,カミイサゴイ,Kamiisagoi,,,,,,,,0,0,0,0,0,0,1,1,1947-04-17,,0,3060223,,,,,,,,,,,,,,,
082040,0017000,1,茨城県,イバラキケン,Ibaraki,,,,古河市,コガシ,Koga-shi,,,,上大野,カミオオノ,Kamiono,,,,,,,,0,0,0,0,0,0,1,1,1947-04-17,,0,3060201,,,,,,,,,,,,,,,
082040,0018000,1,茨城県,イバラキケン,Ibaraki,,,,古河市,コガシ,Koga-shi,,,,上辺見,カミヘミ,Kamihemi,,,,,,,,0,0,0,0,0,0,1,1,1947-04-17,,0,3060234,,,,,,,,,,,,,,,
082040,0019000,1,茨城県,イバラキケン,Ibaraki,,,,古河市,コガシ,Koga-shi,,,,上和田,カミワダ,Kamiwada,,,,,,,,0,0,0,0,0,0,1,1,1947-04-17,,0,3060122,,,,,,,,,,,,,,,
082040,0020000,1,茨城県,イバラキケン,Ibaraki,,,,古河市,コガシ,Koga-shi,,,,北利根,キタトネ,Kitatone,,,,,,,,0,0,0,0,0,0,1,1,1947-04-17,,0,3060213,,,,,,,,,,,,,,,
082040,0021000,1,茨城県,イバラキケン,Ibaraki,,,,古河市,コガシ,Koga-shi,,,,北町,キタマチ,Kitamachi,,,,,,,,1,1,0,0,0,0,1,1,1947-04-17,,0,3060005,,,,,,,,,,,,,,,
082040,0022000,1,茨城県,イバラキケン,Ibaraki,,,,古河市,コガシ,Koga-shi,,,,北間中橋,キタマナカバシ,Kitamanakabashi,,,,,,,,0,0,0,0,0,0,1,1,1947-04-17,,0,3060106,,,,,,,,,,,,,,,
082040,0023000,1,茨城県,イバラキケン,Ibaraki,,,,古河市,コガシ,Koga-shi,,,,北山田,キタヤマタ,Kitayamata,,,,,,,,0,0,0,0,0,0,1,1,1947-04-17,,0,3060115,,,,,,,,,,,,,,,
082040,0024000,1,茨城県,イバラキケン,Ibaraki,,,,古河市,コガシ,Koga-shi,,,,久能,クノウ,Kuno,,,,,,,,0,0,0,0,0,0,1,1,1947-04-17,,0,3060212,,,,,,,,,,,,,,,
082040,0025001,2,茨城県,イバラキケン,Ibaraki,,,,古河市,コガシ,Koga-shi,,,,けやき平,ケヤキダイラ,Keyakidaira,一丁目,１チョウメ,1,,,,,0,0,0,0,0,0,1,1,1947-04-17,,0,,,,,,,,,,,,,,,,
082040,0025002,2,茨城県,イバラキケン,Ibaraki,,,,古河市,コガシ,Koga-shi,,,,けやき平,ケヤキダイラ,Keyakidaira,二丁目,２チョウメ,2,,,,,0,0,0,0,0,0,1,1,1947-04-17,,0,,,,,,,,,,,,,,,,
082040,0026000,1,茨城県,イバラキケン,Ibaraki,,,,古河市,コガシ,Koga-shi,,,,鴻巣,コウノス,Konosu,,,,,,,,0,0,0,0,0,0,1,1,1947-04-17,,0,3060041,,,,,,,,,,,,,,,
082040,0027000,1,茨城県,イバラキケン,Ibaraki,,,,古河市,コガシ,Koga-shi,,,,高野,コウヤ,Koya,,,,,,,,0,0,0,0,0,0,1,1,1947-04-17,,0,3060214,,,,,,,,,,,,,,,
082040,0028000,1,茨城県,イバラキケン,Ibaraki,,,,古河市,コガシ,Koga-shi,,,,古河,コガ,Koga,,,,,,,,0,0,0,0,0,0,1,1,1947-04-17,,0,3060016,,,,,,,,,,,,,,,
082040,0029000,1,茨城県,イバラキケン,Ibaraki,,,,古河市,コガシ,Koga-shi,,,,小堤,コツツミ,Kozutsumi,,,,,,,,0,0,0,0,0,0,1,1,1947-04-17,,0,3060231,,,,,,,,,,,,,,,
082040,0030000,1,茨城県,イバラキケン,Ibaraki,,,,古河市,コガシ,Koga-shi,,,,五部,ゴヘ,Gohei,,,,,,,,0,0,0,0,0,0,1,1,1947-04-17,,0,3060123,,,,,,,,,,,,,,,
082040,0031000,1,茨城県,イバラキケン,Ibaraki,,,,古河市,コガシ,Koga-shi,,,,駒ケ崎,コマガサキ,Komagasaki,,,,,,,,0,0,0,0,0,0,1,1,1947-04-17,,0,3060045,,,,,,,,,,,,,,,
082040,0032000,1,茨城県,イバラキケン,Ibaraki,,,,古河市,コガシ,Koga-shi,,,,駒込,コマゴメ,Komagome,,,,,,,,0,0,0,0,0,0,1,1,1947-04-17,,0,3060121,,,,,,,,,,,,,,,
082040,0033000,1,茨城県,イバラキケン,Ibaraki,,,,古河市,コガシ,Koga-shi,,,,駒羽根,コマハネ,Komahane,,,,,,,,0,0,0,0,0,0,1,1,1947-04-17,,0,3060221,,,,,,,,,,,,,,,
082040,0034000,1,茨城県,イバラキケン,Ibaraki,,,,古河市,コガシ,Koga-shi,,,,幸町,サイワイチョウ,Saiwaicho,,,,,,,,1,1,0,0,0,0,1,1,1947-04-17,,0,3060024,,,,,,,,,,,,,,,
082040,0035000,1,茨城県,イバラキケン,Ibaraki,,,,古河市,コガシ,Koga-shi,,,,坂間,サカマ,Sakama,,,,,,,,0,0,0,0,0,0,1,1,1947-04-17,,0,3060056,,,,,,,,,,,,,,,
082040,0036000,1,茨城県,イバラキケン,Ibaraki,,,,古河市,コガシ,Koga-shi,,,,桜町,サクラマチ,Sakuramachi,,,,,,,,1,1,0,0,0,0,1,1,1947-04-17,,0,3060036,,,,,,,,,,,,,,,
082040,0037000,1,茨城県,イバラキケン,Ibaraki,,,,古河市,コガシ,Koga-shi,,,,三和,サンワ,Sanwa,,,,,,,,0,0,0,0,0,0,1,1,1947-04-17,,0,3060042,,,,,,,,,,,,,,,
082040,0038000,1,茨城県,イバラキケン,Ibaraki,,,,古河市,コガシ,Koga-shi,,,,静町,シズカマチ,Shizukamachi,,,,,,,,1,1,0,0,0,0,1,1,1947-04-17,,0,3060001,,,,,,,,,,,,,,,
082040,0039000,1,茨城県,イバラキケン,Ibaraki,,,,古河市,コガシ,Koga-shi,,,,下大野,シモオオノ,Shimoono,,,,,,,,0,0,0,0,0,0,1,1,1947-04-17,,0,3060204,,,,,,,,,,,,,,,
082040,0040000,1,茨城県,イバラキケン,Ibaraki,,,,古河市,コガシ,Koga-shi,,,,下辺見,シモヘミ,Shimohemi,,,,,,,,0,0,0,0,0,0,1,1,1947-04-17,,0,3060235,,,,,,,,,,,,,,,
082040,0041000,1,茨城県,イバラキケン,Ibaraki,,,,古河市,コガシ,Koga-shi,,,,下山町,シモヤマチョウ,Shimoyamacho,,,,,,,,1,1,0,0,0,0,1,1,1947-04-17,,0,3060014,,,,,,,,,,,,,,,
082040,0042000,1,茨城県,イバラキケン,Ibaraki,,,,古河市,コガシ,Koga-shi,,,,釈迦,シャカ,Shaka,,,,,,,,0,0,0,0,0,0,1,1,1947-04-17,,0,3060222,,*_MJ025830,,,,,,,,,,,,,
082040,0043000,1,茨城県,イバラキケン,Ibaraki,,,,古河市,コガシ,Koga-shi,,,,新和田,シンワダ,Shinwada,,,,,,,,0,0,0,0,0,0,1,1,1947-04-17,,0,3060116,,,,,,,,,,,,,,,
082040,0044000,1,茨城県,イバラキケン,Ibaraki,,,,古河市,コガシ,Koga-shi,,,,関戸,セキド,Sekido,,,,,,,,0,0,0,0,0,0,1,1,1947-04-17,,0,3060205,,,,,,,,,,,,,,,
082040,0045000,1,茨城県,イバラキケン,Ibaraki,,,,古河市,コガシ,Koga-shi,,,,立崎,タツザキ,Tatsuzaki,,,,,,,,0,0,0,0,0,0,1,1,1947-04-17,,0,3060047,,,,,,,,,,,,,,,
082040,0046000,1,茨城県,イバラキケン,Ibaraki,,,,古河市,コガシ,Koga-shi,,,,茶屋新田,チャヤシンデン,Chayashinden,,,,,,,,0,0,0,0,0,0,1,1,1947-04-17,,0,3060051,,,,,,,,,,,,,,,
082040,0047001,2,茨城県,イバラキケン,Ibaraki,,,,古河市,コガシ,Koga-shi,,,,中央町,チュウオウチョウ,Chuocho,一丁目,１チョウメ,1,,,,,1,1,0,0,0,0,1,1,1947-04-17,,0,,,,,,,,,,,,,,,,
082040,0047002,2,茨城県,イバラキケン,Ibaraki,,,,古河市,コガシ,Koga-shi,,,,中央町,チュウオウチョウ,Chuocho,二丁目,２チョウメ,2,,,,,1,1,0,0,0,0,1,1,1947-04-17,,0,,,,,,,,,,,,,,,,
082040,0047003,2,茨城県,イバラキケン,Ibaraki,,,,古河市,コガシ,Koga-shi,,,,中央町,チュウオウチョウ,Chuocho,三丁目,３チョウメ,3,,,,,1,1,0,0,0,0,1,1,1947-04-17,,0,,,,,,,,,,,,,,,,
082040,0048000,1,茨城県,イバラキケン,Ibaraki,,,,古河市,コガシ,Koga-shi,,,,長左エ門新田,チョウザエモンシンデン,Chozaemonshinden,,,,,,,,0,0,0,0,0,0,1,1,1947-04-17,,0,3060103,,,,,,,,,,,,,,,
082040,0049000,1,茨城県,イバラキケン,Ibaraki,,,,古河市,コガシ,Koga-shi,,,,常盤町,トキワマチ,Tokiwacho,,,,,,,,1,1,0,0,0,0,1,1,1947-04-17,,0,3060007,,,,,,,,,,,,,,,
082040,0050000,1,茨城県,イバラキケン,Ibaraki,,,,古河市,コガシ,Koga-shi,,,,鳥喰,トリハミ,Torihami,,,,,,,,0,0,0,0,0,0,1,1,1947-04-17,,0,3060043,,*_MJ008494,,,,,,,,,,,,,
082040,0052000,1,茨城県,イバラキケン,Ibaraki,,,,古河市,コガシ,Koga-shi,,,,中田新田,ナカダシンデン,Nakadashinden,,,,,,,,0,0,0,0,0,0,1,1,1947-04-17,,0,3060054,,,,,,,,,,,,,,,
082040,0053000,1,茨城県,イバラキケン,Ibaraki,,,,古河市,コガシ,Koga-shi,,,,名崎,ナサキ,Nasaki,,,,,,,,0,0,0,0,0,0,1,1,1947-04-17,,0,3060110,,,,,,,,,,,,,,,
082040,0054000,1,茨城県,イバラキケン,Ibaraki,,,,古河市,コガシ,Koga-shi,,,,西牛谷,ニシウシガヤ,Nishiushigaya,,,,,,,,0,0,0,0,0,0,1,1,1947-04-17,,0,3060233,,,,,,,,,,,,,,,
082040,0055000,1,茨城県,イバラキケン,Ibaraki,,,,古河市,コガシ,Koga-shi,,,,錦町,ニシキチョウ,Nishikicho,,,,,,,,1,1,0,0,0,0,1,1,1947-04-17,,0,3060037,,,,,,,,,,,,,,,
082040,0056000,1,茨城県,イバラキケン,Ibaraki,,,,古河市,コガシ,Koga-shi,,,,西町,ニシマチ,Nishimachi,,,,,,,,1,1,0,0,0,0,1,1,1947-04-17,,0,3060038,,,,,,,,,,,,,,,
082040,0057000,1,茨城県,イバラキケン,Ibaraki,,,,古河市,コガシ,Koga-shi,,,,西間中橋,ニシマナカバシ,Nishimanakabashi,,,,,,,,0,0,0,0,0,0,1,1,1947-04-17,,0,3060109,,,,,,,,,,,,,,,
082040,0058000,1,茨城県,イバラキケン,Ibaraki,,,,古河市,コガシ,Koga-shi,,,,仁連,ニレ,Nirei,,,,,,,,0,0,0,0,0,0,1,1,1947-04-17,,0,3060125,,,,,,,,,,,,,,,
082040,0059000,1,茨城県,イバラキケン,Ibaraki,,,,古河市,コガシ,Koga-shi,,,,長谷,ハセ,Hase,,,,,,,,0,0,0,0,0,0,1,1,1947-04-17,,0,3060035,,,,,,,,,,,,,,,
082040,0060000,1,茨城県,イバラキケン,Ibaraki,,,,古河市,コガシ,Koga-shi,,,,長谷町,ハセマチ,Hasemachi,,,,,,,,1,1,0,0,0,0,1,1,1947-04-17,,0,3060034,,,,,,,,,,,,,,,
082040,0061000,1,茨城県,イバラキケン,Ibaraki,,,,古河市,コガシ,Koga-shi,,,,原,ハラ,Hara,,,,,,,,0,0,0,0,0,0,1,1,1947-04-17,,0,3060026,,,,,,,,,,,,,,,
082040,0062000,1,茨城県,イバラキケン,Ibaraki,,,,古河市,コガシ,Koga-shi,,,,原町,ハラマチ,Haramachi,,,,,,,,1,1,0,0,0,0,1,1,1947-04-17,,0,3060025,,,,,,,,,,,,,,,
082040,0063000,1,茨城県,イバラキケン,Ibaraki,,,,古河市,コガシ,Koga-shi,,,,東,ヒガシ,,,,,,,,,0,0,0,0,0,0,1,0,1947-04-17,,1,,,,,,,,,,,,,,,,
082040,0063001,2,茨城県,イバラキケン,Ibaraki,,,,古河市,コガシ,Koga-shi,,,,東,ヒガシ,Higashi,一丁目,１チョウメ,1,,,,,1,1,0,0,0,0,1,1,1947-04-17,,0,,,,,,,,,,,,,,,,
082040,0063002,2,茨城県,イバラキケン,Ibaraki,,,,古河市,コガシ,Koga-shi,,,,東,ヒガシ,Higashi,二丁目,２チョウメ,2,,,,,1,1,0,0,0,0,1,1,1947-04-17,,0,,,,,,,,,,,,,,,,
082040,0063003,2,茨城県,イバラキケン,Ibaraki,,,,古河市,コガシ,Koga-shi,,,,東,ヒガシ,Higashi,三丁目,３チョウメ,3,,,,,1,1,0,0,0,0,1,1,1947-04-17,,0,,,,,,,,,,,,,,,,
082040,0063004,2,茨城県,イバラキケン,Ibaraki,,,,古河市,コガシ,Koga-shi,,,,東,ヒガシ,Higashi,四丁目,４チョウメ,4,,,,,1,1,0,0,0,0,1,1,1947-04-17,,0,,,,,,,,,,,,,,,,
082040,0064000,1,茨城県,イバラキケン,Ibaraki,,,,古河市,コガシ,Koga-shi,,,,東牛谷,ヒガシウシガヤ,Higashiushigaya,,,,,,,,0,0,0,0,0,0,1,1,1947-04-17,,0,3060232,,,,,,,,,,,,,,,
082040,0065001,2,茨城県,イバラキケン,Ibaraki,,,,古河市,コガシ,Koga-shi,,,,東本町,ヒガシホンチョウ,Higashihoncho,一丁目,１チョウメ,1,,,,,1,1,0,0,0,0,1,1,1947-04-17,,0,,,,,,,,,,,,,,,,
082040,0065002,2,茨城県,イバラキケン,Ibaraki,,,,古河市,コガシ,Koga-shi,,,,東本町,ヒガシホンチョウ,Higashihoncho,二丁目,２チョウメ,2,,,,,1,1,0,0,0,0,1,1,1947-04-17,,0,,,,,,,,,,,,,,,,
082040,0065003,2,茨城県,イバラキケン,Ibaraki,,,,古河市,コガシ,Koga-shi,,,,東本町,ヒガシホンチョウ,Higashihoncho,三丁目,３チョウメ,3,,,,,1,1,0,0,0,0,1,1,1947-04-17,,0,,,,,,,,,,,,,,,,
082040,0065004,2,茨城県,イバラキケン,Ibaraki,,,,古河市,コガシ,Koga-shi,,,,東本町,ヒガシホンチョウ,Higashihoncho,四丁目,４チョウメ,4,,,,,1,1,0,0,0,0,1,1,1947-04-17,,0,,,,,,,,,,,,,,,,
082040,0066000,1,茨城県,イバラキケン,Ibaraki,,,,古河市,コガシ,Koga-shi,,,,東間中橋,ヒガシマナカバシ,Higashimanakabashi,,,,,,,,0,0,0,0,0,0,1,1,1947-04-17,,0,3060107,,,,,,,,,,,,,,,
082040,0067000,1,茨城県,イバラキケン,Ibaraki,,,,古河市,コガシ,Koga-shi,,,,東諸川,ヒガシモロカワ,Higashimorokawa,,,,,,,,0,0,0,0,0,0,1,1,1947-04-17,,0,3060124,,,,,,,,,,,,,,,
082040,0068000,1,茨城県,イバラキケン,Ibaraki,,,,古河市,コガシ,Koga-shi,,,,東山田,ヒガシヤマタ,Higashiyamata,,,,,,,,0,0,0,0,0,0,1,1,1947-04-17,,0,3060112,,,,,,,,,,,,,,,
082040,0069000,1,茨城県,イバラキケン,Ibaraki,,,,古河市,コガシ,Koga-shi,,,,平和町,ヘイワマチ,Heiwamachi,,,,,,,,1,1,0,0,0,0,1,1,1947-04-17,,0,3060006,,,,,,,,,,,,,,,
082040,0070001,2,茨城県,イバラキケン,Ibaraki,,,,古河市,コガシ,Koga-shi,,,,本町,ホンチョウ,Honcho,一丁目,１チョウメ,1,,,,,1,1,0,0,0,0,1,1,1947-04-17,,0,,,,,,,,,,,,,,,,
082040,0070002,2,茨城県,イバラキケン,Ibaraki,,,,古河市,コガシ,Koga-shi,,,,本町,ホンチョウ,Honcho,二丁目,２チョウメ,2,,,,,1,1,0,0,0,0,1,1,1947-04-17,,0,,,,,,,,,,,,,,,,
082040,0070003,2,茨城県,イバラキケン,Ibaraki,,,,古河市,コガシ,Koga-shi,,,,本町,ホンチョウ,Honcho,三丁目,３チョウメ,3,,,,,1,1,0,0,0,0,1,1,1947-04-17,,0,,,,,,,,,,,,,,,,
082040,0070004,2,茨城県,イバラキケン,Ibaraki,,,,古河市,コガシ,Koga-shi,,,,本町,ホンチョウ,Honcho,四丁目,４チョウメ,4,,,,,1,1,0,0,0,0,1,1,1947-04-17,,0,,,,,,,,,,,,,,,,
082040,0071000,1,茨城県,イバラキケン,Ibaraki,,,,古河市,コガシ,Koga-shi,,,,前林,マエバヤシ,Maebayashi,,,,,,,,0,0,0,0,0,0,1,1,1947-04-17,,0,3060216,,,,,,,,,,,,,,,
082040,0072000,1,茨城県,イバラキケン,Ibaraki,,,,古河市,コガシ,Koga-shi,,,,牧野地,マキノジ,Makinoji,,,,,,,,0,0,0,0,0,0,1,1,1947-04-17,,0,3060046,,,,,,,,,,,,,,,
082040,0073001,2,茨城県,イバラキケン,Ibaraki,,,,古河市,コガシ,Koga-shi,,,,松並,マツナミ,Matsunami,一丁目,１チョウメ,1,,,,,1,1,0,0,0,0,1,1,1947-04-17,,0,,,,,,,,,,,,,,,,
082040,0073002,2,茨城県,イバラキケン,Ibaraki,,,,古河市,コガシ,Koga-shi,,,,松並,マツナミ,Matsunami,二丁目,２チョウメ,2,,,,,1,1,0,0,0,0,1,1,1947-04-17,,0,,,,,,,,,,,,,,,,
082040,0074000,1,茨城県,イバラキケン,Ibaraki,,,,古河市,コガシ,Koga-shi,,,,水海,ミズウミ,Mizumi,,,,,,,,0,0,0,0,0,0,1,1,1947-04-17,,0,3060215,,,,,,,,,,,,,,,
082040,0075001,2,茨城県,イバラキケン,Ibaraki,,,,古河市,コガシ,Koga-shi,,,,三杉町,ミスギチョウ,Misugicho,一丁目,１チョウメ,1,,,,,1,1,0,0,0,0,1,1,1947-04-17,,0,,,,,,,,,,,,,,,,
082040,0075002,2,茨城県,イバラキケン,Ibaraki,,,,古河市,コガシ,Koga-shi,,,,三杉町,ミスギチョウ,Misugicho,二丁目,２チョウメ,2,,,,,1,1,0,0,0,0,1,1,1947-04-17,,0,,,,,,,,,,,,,,,,
082040,0076000,1,茨城県,イバラキケン,Ibaraki,,,,古河市,コガシ,Koga-shi,,,,緑町,ミドリチョウ,Midoricho,,,,,,,,1,1,0,0,0,0,1,1,1947-04-17,,0,3060003,,,,,,,,,,,,,,,
082040,0077000,1,茨城県,イバラキケン,Ibaraki,,,,古河市,コガシ,Koga-shi,,,,南町,ミナミチョウ,Minamicho,,,,,,,,1,1,0,0,0,0,1,1,1947-04-17,,0,3060015,,,,,,,,,,,,,,,
082040,0078000,1,茨城県,イバラキケン,Ibaraki,,,,古河市,コガシ,Koga-shi,,,,南間中橋,ミナミマナカバシ,Minamimanakabashi,,,,,,,,0,0,0,0,0,0,1,1,1947-04-17,,0,3060108,,,,,,,,,,,,,,,
082040,0079000,1,茨城県,イバラキケン,Ibaraki,,,,古河市,コガシ,Koga-shi,,,,宮前町,ミヤマエチョウ,Miyamaecho,,,,,,,,1,1,0,0,0,0,1,1,1947-04-17,,0,3060031,,,,,,,,,,,,,,,
082040,0080000,1,茨城県,イバラキケン,Ibaraki,,,,古河市,コガシ,Koga-shi,,,,諸川,モロカワ,Morokawa,,,,,,,,0,0,0,0,0,0,1,1,1947-04-17,,0,3060126,,,,,,,,,,,,,,,
082040,0081000,1,茨城県,イバラキケン,Ibaraki,,,,古河市,コガシ,Koga-shi,,,,谷貝,ヤガイ,Yagai,,,,,,,,0,0,0,0,0,0,1,1,1947-04-17,,0,3060113,,,,,,,,,,,,,,,
082040,0082000,1,茨城県,イバラキケン,Ibaraki,,,,古河市,コガシ,Koga-shi,,,,柳橋,ヤギハシ,Yagihashi,,,,,,,,0,0,0,0,0,0,1,1,1947-04-17,,0,3060203,,,,,,,,,,,,,,,
082040,0083000,1,茨城県,イバラキケン,Ibaraki,,,,古河市,コガシ,Koga-shi,,,,山田,ヤマタ,Yamata,,,,,,,,0,0,0,0,0,0,1,1,1947-04-17,,0,3060114,,,,,,,,,,,,,,,
082040,0084001,2,茨城県,イバラキケン,Ibaraki,,,,古河市,コガシ,Koga-shi,,,,横山町,ヨコヤマチョウ,Yokoyamacho,一丁目,１チョウメ,1,,,,,1,1,0,0,0,0,1,1,1947-04-17,,0,,,,,,,,,,,,,,,,
082040,0084002,2,茨城県,イバラキケン,Ibaraki,,,,古河市,コガシ,Koga-shi,,,,横山町,ヨコヤマチョウ,Yokoyamacho,二丁目,２チョウメ,2,,,,,1,1,0,0,0,0,1,1,1947-04-17,,0,,,,,,,,,,,,,,,,
082040,0084003,2,茨城県,イバラキケン,Ibaraki,,,,古河市,コガシ,Koga-shi,,,,横山町,ヨコヤマチョウ,Yokoyamacho,三丁目,３チョウメ,3,,,,,1,1,0,0,0,0,1,1,1947-04-17,,0,,,,,,,,,,,,,,,,
082040,0085000,1,茨城県,イバラキケン,Ibaraki,,,,古河市,コガシ,Koga-shi,,,,雷電町,ライデンチョウ,Raidencho,,,,,,,,1,1,0,0,0,0,1,1,1947-04-17,,0,3060004,,,,,,,,,,,,,,,
082040,0086000,1,茨城県,イバラキケン,Ibaraki,,,,古河市,コガシ,Koga-shi,,,,上片田,カミカタタ,Kamikatata,,,,,,,,0,0,0,0,0,0,1,1,1947-04-17,,0,3060128,,,,,,,,,,,,,,,
082040,0087000,1,茨城県,イバラキケン,Ibaraki,,,,古河市,コガシ,Koga-shi,,,,下片田,シモカタタ,Shimokatata,,,,,,,,0,0,0,0,0,0,1,1,1947-04-17,,0,3060127,,,,,,,,,,,,,,,
082040,0088000,1,茨城県,イバラキケン,Ibaraki,,,,古河市,コガシ,Koga-shi,,,,大山,オオヤマ,Oyama,,,,,,,,0,0,0,0,0,0,1,1,1947-04-17,,0,3060052,,,,,,,,,,,,,,,
082040,0089000,1,茨城県,イバラキケン,Ibaraki,,,,古河市,コガシ,Koga-shi,,,,中田,ナカダ,Nakada,,,,,,,,0,0,0,0,0,0,1,1,1947-04-17,,0,3060053,,,,,,,,,,,,,,,
082040,0090000,1,茨城県,イバラキケン,Ibaraki,,,,古河市,コガシ,Koga-shi,,,,悪戸,アクト,,,,,,,,,0,0,0,0,0,0,0,1,1947-04-17,,0,,,,,,,,,,,,,,,,
082040,0091000,1,茨城県,イバラキケン,Ibaraki,,,,古河市,コガシ,Koga-shi,,,,伊賀袋,イガブクロ,,,,,,,,,0,0,0,0,0,0,0,1,1947-04-17,,0,,,,,,,,,,,,,,,,
082040,0092000,1,茨城県,イバラキケン,Ibaraki,,,,古河市,コガシ,Koga-shi,,,,大字悪戸,オオアザアクト,,,,,,,,,0,0,0,0,0,0,0,1,1947-04-17,,0,,,,,,,,,,,,,,,,
082040,0093000,1,茨城県,イバラキケン,Ibaraki,,,,古河市,コガシ,Koga-shi,,,,大字伊賀袋,オオアザイガブクロ,,,,,,,,,0,0,0,0,0,0,0,1,1947-04-17,,0,,,,,,,,,,,,,,,,
082040,0094000,1,茨城県,イバラキケン,Ibaraki,,,,古河市,コガシ,Koga-shi,,,,大字野渡,オオアザノワタ,,,,,,,,,0,0,0,0,0,0,0,1,1947-04-17,,0,,,,,,,,,,,,,,,,
082040,0095000,1,茨城県,イバラキケン,Ibaraki,,,,古河市,コガシ,Koga-shi,,,,野渡,ノワタ,,,,,,,,,0,0,0,0,0,0,1,1,1947-04-17,,0,,,,,,,,,,,,,,,,
082040,0113000,1,茨城県,イバラキケン,Ibaraki,,,,古河市,コガシ,Koga-shi,,,,悪戸新田,アクトシンデン,,,,,,,,,0,0,0,0,0,0,1,0,1947-04-17,,1,,,,,,,,,,,,,,,,
082040,0114000,1,茨城県,イバラキケン,Ibaraki,,,,古河市,コガシ,Koga-shi,,,,間中橋,マナカバシ,,,,,,,,,0,0,0,0,0,0,1,0,1947-04-17,,1,,,,,,,,,,,,,,,,
082058,0000217,3,茨城県,イバラキケン,Ibaraki,,,,石岡市,イシオカシ,Ishioka-shi,,,,,,,,,,宮ヶ崎,ミヤガサキ,Miyagasaki,,0,0,0,1,0,0,0,1,1947-04-17,,0,3150123,,,,,,,,,,,,,,,
082058,0001000,1,茨城県,イバラキケン,Ibaraki,,,,石岡市,イシオカシ,Ishioka-shi,,,,青田,アオタ,Aota,,,,,,,,0,0,0,0,0,0,1,1,1947-04-17,,0,3150148,,,,,,,,,,,,,,,
082058,0002000,1,茨城県,イバラキケン,Ibaraki,,,,石岡市,イシオカシ,Ishioka-shi,,,,朝日,アサヒ,,,,,,,,,0,0,0,0,0,0,1,1,1947-04-17,,0,,,,,,,,,,,,,,,,
082058,0003001,2,茨城県,イバラキケン,Ibaraki,,,,石岡市,イシオカシ,Ishioka-shi,,,,旭台,アサヒダイ,Asahidai,一丁目,１チョウメ,1,,,,,0,0,0,0,0,0,1,1,1947-04-17,,0,,,,,,,,,,,,,,,,
082058,0003002,2,茨城県,イバラキケン,Ibaraki,,,,石岡市,イシオカシ,Ishioka-shi,,,,旭台,アサヒダイ,Asahidai,二丁目,２チョウメ,2,,,,,0,0,0,0,0,0,1,1,1947-04-17,,0,,,,,,,,,,,,,,,,
082058,0003003,2,茨城県,イバラキケン,Ibaraki,,,,石岡市,イシオカシ,Ishioka-shi,,,,旭台,アサヒダイ,Asahidai,三丁目,３チョウメ,3,,,,,0,0,0,0,0,0,1,1,1947-04-17,,0,,,,,,,,,,,,,,,,
082058,0004000,1,茨城県,イバラキケン,Ibaraki,,,,石岡市,イシオカシ,Ishioka-shi,,,,芦穂中部,アシホチュウブ,,,,,,,,,0,0,0,0,0,0,1,1,1947-04-17,,0,,,,,,,,,,,,,,,,
082058,0005000,1,茨城県,イバラキケン,Ibaraki,,,,石岡市,イシオカシ,Ishioka-shi,,,,荒金,アラガネ,Aragane,,,,,,,,0,0,0,0,0,0,1,1,1947-04-17,,0,3150021,,,,,,,,,,,,,,,
082058,0006000,1,茨城県,イバラキケン,Ibaraki,,,,石岡市,イシオカシ,Ishioka-shi,,,,池の台,イケノダイ,Ikenodai,,,,,,,,0,0,0,0,0,0,1,1,1947-04-17,,0,3150030,,,,,,,,,,,,,,,
082058,0008000,1,茨城県,イバラキケン,Ibaraki,,,,石岡市,イシオカシ,Ishioka-shi,,,,石岡,イシオカ,Ishioka,,,,,,,,0,0,0,0,0,0,1,1,1947-04-17,,0,3150001,,,,,,,,,,,,,,,
082058,0008001,2,茨城県,イバラキケン,Ibaraki,,,,石岡市,イシオカシ,Ishioka-shi,,,,石岡,イシオカ,Ishioka,一丁目,１チョウメ,1,,,,,0,0,0,0,0,0,1,1,1947-04-17,,0,,,,,,,,,,,,,,,,
082058,0008002,2,茨城県,イバラキケン,Ibaraki,,,,石岡市,イシオカシ,Ishioka-shi,,,,石岡,イシオカ,Ishioka,二丁目,２チョウメ,2,,,,,0,0,0,0,0,0,1,1,1947-04-17,,0,,,,,,,,,,,,,,,,
082058,0009000,1,茨城県,イバラキケン,Ibaraki,,,,石岡市,イシオカシ,Ishioka-shi,,,,石川,イシカワ,Ishikawa,,,,,,,,0,0,0,0,0,0,1,1,1947-04-17,,0,3150046,,,,,,,,,,,,,,,
082058,0010000,1,茨城県,イバラキケン,Ibaraki,,,,石岡市,イシオカシ,Ishioka-shi,,,,泉町,イズミチョウ,Izumicho,,,,,,,,0,0,0,0,0,0,1,1,1947-04-17,,0,3150025,,,,,,,,,,,,,,,
082058,0011000,1,茨城県,イバラキケン,Ibaraki,,,,石岡市,イシオカシ,Ishioka-shi,,,,井関,イセキ,Iseki,,,,,,,,0,0,0,0,0,0,1,1,1947-04-17,,0,3150047,,,,,,,,,,,,,,,
082058,0012000,1,茨城県,イバラキケン,Ibaraki,,,,石岡市,イシオカシ,Ishioka-shi,,,,宇治会,ウジエ,Ujie,,,,,,,,0,0,0,0,0,0,1,1,1947-04-17,,0,3150162,,,,,,,,,,,,,,,
082058,0013000,1,茨城県,イバラキケン,Ibaraki,,,,石岡市,イシオカシ,Ishioka-shi,,,,浦須,ウラス,Urasu,,,,,,,,0,0,0,0,0,0,1,1,1947-04-17,,0,3150115,,,,,,,,,,,,,,,
082058,0014000,1,茨城県,イバラキケン,Ibaraki,,,,石岡市,イシオカシ,Ishioka-shi,,,,上曽,ウワソ,Uwaso,,,,,,,,0,0,0,0,0,0,1,1,1947-04-17,,0,3150157,,,,,,,,,,,,,,,
082058,0015000,1,茨城県,イバラキケン,Ibaraki,,,,石岡市,イシオカシ,Ishioka-shi,,,,大砂,オオスナ,Osuna,,,,,,,,0,0,0,0,0,0,1,1,1947-04-17,,0,3150009,,,,,,,,,,,,,,,
082058,0016000,1,茨城県,イバラキケン,Ibaraki,,,,石岡市,イシオカシ,Ishioka-shi,,,,太田,オオタ,Ota,,,,,,,,0,0,0,0,0,0,1,1,1947-04-17,,0,3150102,,,,,,,,,,,,,,,
082058,0017000,1,茨城県,イバラキケン,Ibaraki,,,,石岡市,イシオカシ,Ishioka-shi,,,,大塚,オオツカ,Otsuka,,,,,,,,0,0,0,0,0,0,1,1,1947-04-17,,0,3150105,,,,,,,,,,,,,,,
082058,0018000,1,茨城県,イバラキケン,Ibaraki,,,,石岡市,イシオカシ,Ishioka-shi,,,,大増,オオマス,Omasu,,,,,,,,0,0,0,0,0,0,1,1,1947-04-17,,0,3150101,,,,,,,,,,,,,,,
082058,0019000,1,茨城県,イバラキケン,Ibaraki,,,,石岡市,イシオカシ,Ishioka-shi,,,,大谷津,オオヤツ,Oyatsu,,,,,,,,0,0,0,0,0,0,1,1,1947-04-17,,0,3150036,,,,,,,,,,,,,,,
082058,0020000,1,茨城県,イバラキケン,Ibaraki,,,,石岡市,イシオカシ,Ishioka-shi,,,,小倉,オグラ,Ogura,,,,,,,,0,0,0,0,0,0,1,1,1947-04-17,,0,3150165,,,,,,,,,,,,,,,
082058,0021000,1,茨城県,イバラキケン,Ibaraki,,,,石岡市,イシオカシ,Ishioka-shi,,,,小野越,オノゴエ,Onogoe,,,,,,,,0,0,0,0,0,0,1,1,1947-04-17,,0,3150144,,,,,,,,,,,,,,,
082058,0022000,1,茨城県,イバラキケン,Ibaraki,,,,石岡市,イシオカシ,Ishioka-shi,,,,小幡,オバタ,Obata,,,,,,,,0,0,0,0,0,0,1,1,1947-04-17,,0,3150155,,,,,,,,,,,,,,,
082058,0023000,1,茨城県,イバラキケン,Ibaraki,,,,石岡市,イシオカシ,Ishioka-shi,,,,小見,オミ,Omi,,,,,,,,0,0,0,0,0,0,1,1,1947-04-17,,0,3150104,,,,,,,,,,,,,,,
082058,0024000,1,茨城県,イバラキケン,Ibaraki,,,,石岡市,イシオカシ,Ishioka-shi,,,,小山田,オヤマダ,Oyamada,,,,,,,,0,0,0,0,0,0,1,1,1947-04-17,,0,3150166,,,,,,,,,,,,,,,
082058,0025001,2,茨城県,イバラキケン,Ibaraki,,,,石岡市,イシオカシ,Ishioka-shi,,,,貝地,カイジ,Kaiji,一丁目,１チョウメ,1,,,,,0,0,0,0,0,0,1,1,1947-04-17,,0,,,,,,,,,,,,,,,,
082058,0025002,2,茨城県,イバラキケン,Ibaraki,,,,石岡市,イシオカシ,Ishioka-shi,,,,貝地,カイジ,Kaiji,二丁目,２チョウメ,2,,,,,0,0,0,0,0,0,1,1,1947-04-17,,0,,,,,,,,,,,,,,,,
082058,0026000,1,茨城県,イバラキケン,Ibaraki,,,,石岡市,イシオカシ,Ishioka-shi,,,,柿岡,カキオカ,Kakioka,,,,,,,,0,0,0,0,0,0,1,1,1947-04-17,,0,3150116,,,,,,,,,,,,,,,
082058,0027000,1,茨城県,イバラキケン,Ibaraki,,,,石岡市,イシオカシ,Ishioka-shi,,,,柏原,カシワバラ,Kashiwabara,,,,,,,,0,0,0,0,0,0,1,1,1947-04-17,,0,3150002,,,,,,,,,,,,,,,
082058,0028000,1,茨城県,イバラキケン,Ibaraki,,,,石岡市,イシオカシ,Ishioka-shi,,,,柏原町,カシワバラチョウ,Kashiwabaracho,,,,,,,,0,0,0,0,0,0,1,1,1947-04-17,,0,3150004,,,,,,,,,,,,,,,
082058,0029000,1,茨城県,イバラキケン,Ibaraki,,,,石岡市,イシオカシ,Ishioka-shi,,,,片岡,カタオカ,Kataoka,,,,,,,,0,0,0,0,0,0,1,1,1947-04-17,,0,3150113,,,,,,,,,,,,,,,
082058,0030000,1,茨城県,イバラキケン,Ibaraki,,,,石岡市,イシオカシ,Ishioka-shi,,,,片野,カタノ,Katano,,,,,,,,0,0,0,0,0,0,1,1,1947-04-17,,0,3150136,,,,,,,,,,,,,,,
082058,0031000,1,茨城県,イバラキケン,Ibaraki,,,,石岡市,イシオカシ,Ishioka-shi,,,,金指,カナサシ,Kanasashi,,,,,,,,0,0,0,0,0,0,1,1,1947-04-17,,0,3150137,,,,,,,,,,,,,,,
082058,0032001,2,茨城県,イバラキケン,Ibaraki,,,,石岡市,イシオカシ,Ishioka-shi,,,,鹿の子,カノコ,Kanoko,一丁目,１チョウメ,1,,,,,0,0,0,0,0,0,1,1,1947-04-17,,0,,,,,,,,,,,,,,,,
082058,0032002,2,茨城県,イバラキケン,Ibaraki,,,,石岡市,イシオカシ,Ishioka-shi,,,,鹿の子,カノコ,Kanoko,二丁目,２チョウメ,2,,,,,0,0,0,0,0,0,1,1,1947-04-17,,0,,,,,,,,,,,,,,,,
082058,0032003,2,茨城県,イバラキケン,Ibaraki,,,,石岡市,イシオカシ,Ishioka-shi,,,,鹿の子,カノコ,Kanoko,三丁目,３チョウメ,3,,,,,0,0,0,0,0,0,1,1,1947-04-17,,0,,,,,,,,,,,,,,,,
082058,0032004,2,茨城県,イバラキケン,Ibaraki,,,,石岡市,イシオカシ,Ishioka-shi,,,,鹿の子,カノコ,Kanoko,四丁目,４チョウメ,4,,,,,0,0,0,0,0,0,1,1,1947-04-17,,0,,,,,,,,,,,,,,,,
082058,0033000,1,茨城県,イバラキケン,Ibaraki,,,,石岡市,イシオカシ,Ishioka-shi,,,,上青柳,カミアオヤギ,Kamiaoyagi,,,,,,,,0,0,0,0,0,0,1,1,1947-04-17,,0,3150154,,,,,,,,,,,,,,,
082058,0034000,1,茨城県,イバラキケン,Ibaraki,,,,石岡市,イシオカシ,Ishioka-shi,,,,上林,カミバヤシ,Kamibayashi,,,,,,,,0,0,0,0,0,0,1,1,1947-04-17,,0,3150138,,,,,,,,,,,,,,,
082058,0035000,1,茨城県,イバラキケン,Ibaraki,,,,石岡市,イシオカシ,Ishioka-shi,,,,加生野,カヨノ,Kayono,,,,,,,,0,0,0,0,0,0,1,1,1947-04-17,,0,3150135,,,,,,,,,,,,,,,
082058,0036000,1,茨城県,イバラキケン,Ibaraki,,,,石岡市,イシオカシ,Ishioka-shi,,,,嘉良寿理,カラスリ,Karasuri,,,,,,,,0,0,0,0,0,0,1,1,1947-04-17,,0,3150114,,,,,,,,,,,,,,,
082058,0037000,1,茨城県,イバラキケン,Ibaraki,,,,石岡市,イシオカシ,Ishioka-shi,,,,川又,カワマタ,Kawamata,,,,,,,,0,0,0,0,0,0,1,1,1947-04-17,,0,3150134,,,,,,,,,,,,,,,
082058,0038000,1,茨城県,イバラキケン,Ibaraki,,,,石岡市,イシオカシ,Ishioka-shi,,,,瓦谷,カワラヤ,Kawaraya,,,,,,,,0,0,0,0,0,0,1,1,1947-04-17,,0,3150111,,,,,,,,,,,,,,,
082058,0039000,1,茨城県,イバラキケン,Ibaraki,,,,石岡市,イシオカシ,Ishioka-shi,,,,北根本,キタネモト,Kitanemoto,,,,,,,,0,0,0,0,0,0,1,1,1947-04-17,,0,3150044,,,,,,,,,,,,,,,
082058,0040001,2,茨城県,イバラキケン,Ibaraki,,,,石岡市,イシオカシ,Ishioka-shi,,,,北府中,キタフチュウ,Kitafuchu,一丁目,１チョウメ,1,,,,,0,0,0,0,0,0,1,1,1947-04-17,,0,,,,,,,,,,,,,,,,
082058,0040002,2,茨城県,イバラキケン,Ibaraki,,,,石岡市,イシオカシ,Ishioka-shi,,,,北府中,キタフチュウ,Kitafuchu,二丁目,２チョウメ,2,,,,,0,0,0,0,0,0,1,1,1947-04-17,,0,,,,,,,,,,,,,,,,
082058,0040003,2,茨城県,イバラキケン,Ibaraki,,,,石岡市,イシオカシ,Ishioka-shi,,,,北府中,キタフチュウ,Kitafuchu,三丁目,３チョウメ,3,,,,,0,0,0,0,0,0,1,1,1947-04-17,,0,,,,,,,,,,,,,,,,
082058,0041000,1,茨城県,イバラキケン,Ibaraki,,,,石岡市,イシオカシ,Ishioka-shi,,,,鯨岡,クジラオカ,Kujiraoka,,,,,,,,0,0,0,0,0,0,1,1,1947-04-17,,0,3150163,,,,,,,,,,,,,,,
082058,0042000,1,茨城県,イバラキケン,Ibaraki,,,,石岡市,イシオカシ,Ishioka-shi,,,,碁石沢,ゴイシザワ,Goishizawa,,,,,,,,0,0,0,0,0,0,1,1,1947-04-17,,0,3150010,,,,,,,,,,,,,,,
082058,0043000,1,茨城県,イバラキケン,Ibaraki,,,,石岡市,イシオカシ,Ishioka-shi,,,,小井戸,コイド,Koido,,,,,,,,0,0,0,0,0,0,1,1,1947-04-17,,0,3150032,,,,,,,,,,,,,,,
082058,0044001,2,茨城県,イバラキケン,Ibaraki,,,,石岡市,イシオカシ,Ishioka-shi,,,,国府,コクフ,Kokufu,一丁目,１チョウメ,1,,,,,0,0,0,0,0,0,1,1,1947-04-17,,0,,,,,,,,,,,,,,,,
082058,0044002,2,茨城県,イバラキケン,Ibaraki,,,,石岡市,イシオカシ,Ishioka-shi,,,,国府,コクフ,Kokufu,二丁目,２チョウメ,2,,,,,0,0,0,0,0,0,1,1,1947-04-17,,0,,,,,,,,,,,,,,,,
082058,0044003,2,茨城県,イバラキケン,Ibaraki,,,,石岡市,イシオカシ,Ishioka-shi,,,,国府,コクフ,Kokufu,三丁目,３チョウメ,3,,,,,0,0,0,0,0,0,1,1,1947-04-17,,0,,,,,,,,,,,,,,,,
082058,0044004,2,茨城県,イバラキケン,Ibaraki,,,,石岡市,イシオカシ,Ishioka-shi,,,,国府,コクフ,Kokufu,四丁目,４チョウメ,4,,,,,0,0,0,0,0,0,1,1,1947-04-17,,0,,,,,,,,,,,,,,,,
082058,0044005,2,茨城県,イバラキケン,Ibaraki,,,,石岡市,イシオカシ,Ishioka-shi,,,,国府,コクフ,Kokufu,五丁目,５チョウメ,5,,,,,0,0,0,0,0,0,1,1,1947-04-17,,0,,,,,,,,,,,,,,,,
082058,0044006,2,茨城県,イバラキケン,Ibaraki,,,,石岡市,イシオカシ,Ishioka-shi,,,,国府,コクフ,Kokufu,六丁目,６チョウメ,6,,,,,0,0,0,0,0,0,1,1,1947-04-17,,0,,,,,,,,,,,,,,,,
082058,0044007,2,茨城県,イバラキケン,Ibaraki,,,,石岡市,イシオカシ,Ishioka-shi,,,,国府,コクフ,Kokufu,七丁目,７チョウメ,7,,,,,0,0,0,0,0,0,1,1,1947-04-17,,0,,,,,,,,,,,,,,,,
082058,0045000,1,茨城県,イバラキケン,Ibaraki,,,,石岡市,イシオカシ,Ishioka-shi,,,,小塙,コバナ,Kobana,,,,,,,,0,0,0,0,0,0,1,1,1947-04-17,,0,3150161,,,,,,,,,,,,,,,
082058,0046000,1,茨城県,イバラキケン,Ibaraki,,,,石岡市,イシオカシ,Ishioka-shi,,,,小屋,コヤ,Koya,,,,,,,,0,0,0,0,0,0,1,1,1947-04-17,,0,3150164,,,,,,,,,,,,,,,
082058,0047000,1,茨城県,イバラキケン,Ibaraki,,,,石岡市,イシオカシ,Ishioka-shi,,,,栄松,サカエマツ,Sakaematsu,,,,,,,,0,0,0,0,0,0,1,1,1947-04-17,,0,3150019,,,,,,,,,,,,,,,
082058,0048000,1,茨城県,イバラキケン,Ibaraki,,,,石岡市,イシオカシ,Ishioka-shi,,,,佐久,サク,Saku,,,,,,,,0,0,0,0,0,0,1,1,1947-04-17,,0,3150117,,,,,,,,,,,,,,,
082058,0049000,1,茨城県,イバラキケン,Ibaraki,,,,石岡市,イシオカシ,Ishioka-shi,,,,柴内,シバウチ,Shibauchi,,,,,,,,0,0,0,0,0,0,1,1,1947-04-17,,0,3150143,,,,,,,,,,,,,,,
082058,0050000,1,茨城県,イバラキケン,Ibaraki,,,,石岡市,イシオカシ,Ishioka-shi,,,,柴間,シバマ,Shibama,,,,,,,,0,0,0,0,0,0,1,1,1947-04-17,,0,3150124,,,,,,,,,,,,,,,
082058,0051000,1,茨城県,イバラキケン,Ibaraki,,,,石岡市,イシオカシ,Ishioka-shi,,,,下青柳,シモアオヤギ,Shimoaoyagi,,,,,,,,0,0,0,0,0,0,1,1,1947-04-17,,0,3150153,,,,,,,,,,,,,,,
082058,0052000,1,茨城県,イバラキケン,Ibaraki,,,,石岡市,イシオカシ,Ishioka-shi,,,,下林,シモバヤシ,Shimobayashi,,,,,,,,0,0,0,0,0,0,1,1,1947-04-17,,0,3150131,,,,,,,,,,,,,,,
082058,0053000,1,茨城県,イバラキケン,Ibaraki,,,,石岡市,イシオカシ,Ishioka-shi,,,,正上内,ショウジョウウチ,Shojouchi,,,,,,,,0,0,0,0,0,0,1,1,1947-04-17,,0,3150011,,,,,,,,,,,,,,,
082058,0054000,1,茨城県,イバラキケン,Ibaraki,,,,石岡市,イシオカシ,Ishioka-shi,,,,菖蒲沢,ショウブザワ,Shobuzawa,,,,,,,,0,0,0,0,0,0,1,1,1947-04-17,,0,3150146,,,,,,,,,,,,,,,
082058,0055000,1,茨城県,イバラキケン,Ibaraki,,,,石岡市,イシオカシ,Ishioka-shi,,,,須釜,スガマ,Sugama,,,,,,,,0,0,0,0,0,0,1,1,1947-04-17,,0,3150151,,,,,,,,,,,,,,,
082058,0056001,2,茨城県,イバラキケン,Ibaraki,,,,石岡市,イシオカシ,Ishioka-shi,,,,杉並,スギナミ,Suginami,一丁目,１チョウメ,1,,,,,0,0,0,0,0,0,1,1,1947-04-17,,0,,,,,,,,,,,,,,,,
082058,0056002,2,茨城県,イバラキケン,Ibaraki,,,,石岡市,イシオカシ,Ishioka-shi,,,,杉並,スギナミ,Suginami,二丁目,２チョウメ,2,,,,,0,0,0,0,0,0,1,1,1947-04-17,,0,,,,,,,,,,,,,,,,
082058,0056003,2,茨城県,イバラキケン,Ibaraki,,,,石岡市,イシオカシ,Ishioka-shi,,,,杉並,スギナミ,Suginami,三丁目,３チョウメ,3,,,,,0,0,0,0,0,0,1,1,1947-04-17,,0,,,,,,,,,,,,,,,,
082058,0056004,2,茨城県,イバラキケン,Ibaraki,,,,石岡市,イシオカシ,Ishioka-shi,,,,杉並,スギナミ,Suginami,四丁目,４チョウメ,4,,,,,0,0,0,0,0,0,1,1,1947-04-17,,0,,,,,,,,,,,,,,,,
082058,0057000,1,茨城県,イバラキケン,Ibaraki,,,,石岡市,イシオカシ,Ishioka-shi,,,,杉の井,スギノイ,Suginoi,,,,,,,,0,0,0,0,0,0,1,1,1947-04-17,,0,3150026,,,,,,,,,,,,,,,
082058,0058001,2,茨城県,イバラキケン,Ibaraki,,,,石岡市,イシオカシ,Ishioka-shi,,,,総社,ソウシャ,Sosha,一丁目,１チョウメ,1,,,,,0,0,0,0,0,0,1,1,1947-04-17,,0,,,,,,,,,,,,,,,,
082058,0058002,2,茨城県,イバラキケン,Ibaraki,,,,石岡市,イシオカシ,Ishioka-shi,,,,総社,ソウシャ,Sosha,二丁目,２チョウメ,2,,,,,0,0,0,0,0,0,1,1,1947-04-17,,0,,,,,,,,,,,,,,,,
082058,0059000,1,茨城県,イバラキケン,Ibaraki,,,,石岡市,イシオカシ,Ishioka-shi,,,,染谷,ソメヤ,Someya,,,,,,,,0,0,0,0,0,0,1,1,1947-04-17,,0,3150007,,,,,,,,,,,,,,,
082058,0060000,1,茨城県,イバラキケン,Ibaraki,,,,石岡市,イシオカシ,Ishioka-shi,,,,高浜,タカハマ,Takahama,,,,,,,,0,0,0,0,0,0,1,1,1947-04-17,,0,3150045,,,,,,,,,,,,,,,
082058,0061001,2,茨城県,イバラキケン,Ibaraki,,,,石岡市,イシオカシ,Ishioka-shi,,,,田島,タジマ,Tajima,一丁目,１チョウメ,1,,,,,0,0,0,0,0,0,1,1,1947-04-17,,0,,,,,,,,,,,,,,,,
082058,0061002,2,茨城県,イバラキケン,Ibaraki,,,,石岡市,イシオカシ,Ishioka-shi,,,,田島,タジマ,Tajima,二丁目,２チョウメ,2,,,,,0,0,0,0,0,0,1,1,1947-04-17,,0,,,,,,,,,,,,,,,,
082058,0062000,1,茨城県,イバラキケン,Ibaraki,,,,石岡市,イシオカシ,Ishioka-shi,,,,月岡,ツキオカ,Tsukioka,,,,,,,,0,0,0,0,0,0,1,1,1947-04-17,,0,3150141,,,,,,,,,,,,,,,
082058,0063000,1,茨城県,イバラキケン,Ibaraki,,,,石岡市,イシオカシ,Ishioka-shi,,,,辻,ツジ,Tsuji,,,,,,,,0,0,0,0,0,0,1,1,1947-04-17,,0,3150147,,,,,,,,,,,,,,,
082058,0064001,2,茨城県,イバラキケン,Ibaraki,,,,石岡市,イシオカシ,Ishioka-shi,,,,東光台,トウコウダイ,Tokodai,一丁目,１チョウメ,1,,,,,0,0,0,0,0,0,1,1,1947-04-17,,0,,,,,,,,,,,,,,,,
082058,0064002,2,茨城県,イバラキケン,Ibaraki,,,,石岡市,イシオカシ,Ishioka-shi,,,,東光台,トウコウダイ,Tokodai,二丁目,２チョウメ,2,,,,,0,0,0,0,0,0,1,1,1947-04-17,,0,,,,,,,,,,,,,,,,
082058,0064003,2,茨城県,イバラキケン,Ibaraki,,,,石岡市,イシオカシ,Ishioka-shi,,,,東光台,トウコウダイ,Tokodai,三丁目,３チョウメ,3,,,,,0,0,0,0,0,0,1,1,1947-04-17,,0,,,,,,,,,,,,,,,,
082058,0064004,2,茨城県,イバラキケン,Ibaraki,,,,石岡市,イシオカシ,Ishioka-shi,,,,東光台,トウコウダイ,Tokodai,四丁目,４チョウメ,4,,,,,0,0,0,0,0,0,1,1,1947-04-17,,0,,,,,,,,,,,,,,,,
082058,0064005,2,茨城県,イバラキケン,Ibaraki,,,,石岡市,イシオカシ,Ishioka-shi,,,,東光台,トウコウダイ,Tokodai,五丁目,５チョウメ,5,,,,,0,0,0,0,0,0,1,1,1947-04-17,,0,,,,,,,,,,,,,,,,
082058,0065000,1,茨城県,イバラキケン,Ibaraki,,,,石岡市,イシオカシ,Ishioka-shi,,,,中津川,ナカツガワ,Nakatsugawa,,,,,,,,0,0,0,0,0,0,1,1,1947-04-17,,0,3150043,,,,,,,,,,,,,,,
082058,0066000,1,茨城県,イバラキケン,Ibaraki,,,,石岡市,イシオカシ,Ishioka-shi,,,,中戸,ナカド,Nakado,,,,,,,,0,0,0,0,0,0,1,1,1947-04-17,,0,3150103,,,,,,,,,,,,,,,
082058,0067000,1,茨城県,イバラキケン,Ibaraki,,,,石岡市,イシオカシ,Ishioka-shi,,,,並木,ナミキ,Namiki,,,,,,,,0,0,0,0,0,0,1,1,1947-04-17,,0,3150006,,,,,,,,,,,,,,,
082058,0068000,1,茨城県,イバラキケン,Ibaraki,,,,石岡市,イシオカシ,Ishioka-shi,,,,行里川,ナメリカワ,Namerikawa,,,,,,,,0,0,0,0,0,0,1,1,1947-04-17,,0,3150022,,,,,,,,,,,,,,,
082058,0069000,1,茨城県,イバラキケン,Ibaraki,,,,石岡市,イシオカシ,Ishioka-shi,,,,根当,ネアタリ,Neatari,,,,,,,,0,0,0,0,0,0,1,1,1947-04-17,,0,3150029,,,,,,,,,,,,,,,
082058,0070000,1,茨城県,イバラキケン,Ibaraki,,,,石岡市,イシオカシ,Ishioka-shi,,,,根小屋,ネゴヤ,Negoya,,,,,,,,0,0,0,0,0,0,1,1,1947-04-17,,0,3150132,,,,,,,,,,,,,,,
082058,0071000,1,茨城県,イバラキケン,Ibaraki,,,,石岡市,イシオカシ,Ishioka-shi,,,,野田,ノダ,Noda,,,,,,,,0,0,0,0,0,0,1,1,1947-04-17,,0,3150118,,,,,,,,,,,,,,,
082058,0072000,1,茨城県,イバラキケン,Ibaraki,,,,石岡市,イシオカシ,Ishioka-shi,,,,八軒台,ハチケンダイ,Hachikendai,,,,,,,,0,0,0,0,0,0,1,1,1947-04-17,,0,3150024,,,,,,,,,,,,,,,
082058,0073001,2,茨城県,イバラキケン,Ibaraki,,,,石岡市,イシオカシ,Ishioka-shi,,,,茨城,バラキ,Baraki,一丁目,１チョウメ,1,,,,,0,0,0,0,0,0,1,1,1947-04-17,,0,,,,,,,,,,,,,,,,
082058,0073002,2,茨城県,イバラキケン,Ibaraki,,,,石岡市,イシオカシ,Ishioka-shi,,,,茨城,バラキ,Baraki,二丁目,２チョウメ,2,,,,,0,0,0,0,0,0,1,1,1947-04-17,,0,,,,,,,,,,,,,,,,
082058,0073003,2,茨城県,イバラキケン,Ibaraki,,,,石岡市,イシオカシ,Ishioka-shi,,,,茨城,バラキ,Baraki,三丁目,３チョウメ,3,,,,,0,0,0,0,0,0,1,1,1947-04-17,,0,,,,,,,,,,,,,,,,
082058,0074000,1,茨城県,イバラキケン,Ibaraki,,,,石岡市,イシオカシ,Ishioka-shi,,,,半田,ハンダ,Handa,,,,,,,,0,0,0,0,0,0,1,1,1947-04-17,,0,3150133,,,,,,,,,,,,,,,
082058,0075000,1,茨城県,イバラキケン,Ibaraki,,,,石岡市,イシオカシ,Ishioka-shi,,,,半ノ木,ハンノキ,Hannoki,,,,,,,,0,0,0,0,0,0,1,1,1947-04-17,,0,3150028,,,,,,,,,,,,,,,
082058,0076001,2,茨城県,イバラキケン,Ibaraki,,,,石岡市,イシオカシ,Ishioka-shi,,,,東石岡,ヒガシイシオカ,Higashiishioka,一丁目,１チョウメ,1,,,,,0,0,0,0,0,0,1,1,1947-04-17,,0,,,,,,,,,,,,,,,,
082058,0076002,2,茨城県,イバラキケン,Ibaraki,,,,石岡市,イシオカシ,Ishioka-shi,,,,東石岡,ヒガシイシオカ,Higashiishioka,二丁目,２チョウメ,2,,,,,0,0,0,0,0,0,1,1,1947-04-17,,0,,,,,,,,,,,,,,,,
082058,0076003,2,茨城県,イバラキケン,Ibaraki,,,,石岡市,イシオカシ,Ishioka-shi,,,,東石岡,ヒガシイシオカ,Higashiishioka,三丁目,３チョウメ,3,,,,,0,0,0,0,0,0,1,1,1947-04-17,,0,,,,,,,,,,,,,,,,
082058,0076004,2,茨城県,イバラキケン,Ibaraki,,,,石岡市,イシオカシ,Ishioka-shi,,,,東石岡,ヒガシイシオカ,Higashiishioka,四丁目,４チョウメ,4,,,,,0,0,0,0,0,0,1,1,1947-04-17,,0,,,,,,,,,,,,,,,,
082058,0076005,2,茨城県,イバラキケン,Ibaraki,,,,石岡市,イシオカシ,Ishioka-shi,,,,東石岡,ヒガシイシオカ,Higashiishioka,五丁目,５チョウメ,5,,,,,0,0,0,0,0,0,1,1,1947-04-17,,0,,,,,,,,,,,,,,,,
082058,0077000,1,茨城県,イバラキケン,Ibaraki,,,,石岡市,イシオカシ,Ishioka-shi,,,,東大橋,ヒガシオオハシ,Higashiohashi,,,,,,,,0,0,0,0,0,0,1,1,1947-04-17,,0,3150031,,,,,,,,,,,,,,,
082058,0078000,1,茨城県,イバラキケン,Ibaraki,,,,石岡市,イシオカシ,Ishioka-shi,,,,東田中,ヒガシタナカ,Higashitanaka,,,,,,,,0,0,0,0,0,0,1,1,1947-04-17,,0,3150034,,,,,,,,,,,,,,,
082058,0079000,1,茨城県,イバラキケン,Ibaraki,,,,石岡市,イシオカシ,Ishioka-shi,,,,東成井,ヒガシナルイ,Higashinarui,,,,,,,,0,0,0,0,0,0,1,1,1947-04-17,,0,3150122,,,,,,,,,,,,,,,
082058,0080000,1,茨城県,イバラキケン,Ibaraki,,,,石岡市,イシオカシ,Ishioka-shi,,,,東府中,ヒガシフチュウ,Higashifuchu,,,,,,,,0,0,0,0,0,0,1,1,1947-04-17,,0,3150023,,,,,,,,,,,,,,,
082058,0081001,2,茨城県,イバラキケン,Ibaraki,,,,石岡市,イシオカシ,Ishioka-shi,,,,府中,フチュウ,Fuchu,一丁目,１チョウメ,1,,,,,0,0,0,0,0,0,1,1,1947-04-17,,0,,,,,,,,,,,,,,,,
082058,0081002,2,茨城県,イバラキケン,Ibaraki,,,,石岡市,イシオカシ,Ishioka-shi,,,,府中,フチュウ,Fuchu,二丁目,２チョウメ,2,,,,,0,0,0,0,0,0,1,1,1947-04-17,,0,,,,,,,,,,,,,,,,
082058,0081003,2,茨城県,イバラキケン,Ibaraki,,,,石岡市,イシオカシ,Ishioka-shi,,,,府中,フチュウ,Fuchu,三丁目,３チョウメ,3,,,,,0,0,0,0,0,0,1,1,1947-04-17,,0,,,,,,,,,,,,,,,,
082058,0081004,2,茨城県,イバラキケン,Ibaraki,,,,石岡市,イシオカシ,Ishioka-shi,,,,府中,フチュウ,Fuchu,四丁目,４チョウメ,4,,,,,0,0,0,0,0,0,1,1,1947-04-17,,0,,,,,,,,,,,,,,,,
082058,0081005,2,茨城県,イバラキケン,Ibaraki,,,,石岡市,イシオカシ,Ishioka-shi,,,,府中,フチュウ,Fuchu,五丁目,５チョウメ,5,,,,,0,0,0,0,0,0,1,1,1947-04-17,,0,,,,,,,,,,,,,,,,
082058,0082000,1,茨城県,イバラキケン,Ibaraki,,,,石岡市,イシオカシ,Ishioka-shi,,,,仏生寺,ブッショウジ,Busshoji,,,,,,,,0,0,0,0,0,0,1,1,1947-04-17,,0,3150145,,,,,,,,,,,,,,,
082058,0083000,1,茨城県,イバラキケン,Ibaraki,,,,石岡市,イシオカシ,Ishioka-shi,,,,部原,ヘバラ,Hebara,,,,,,,,0,0,0,0,0,0,1,1,1947-04-17,,0,3150112,,,,,,,,,,,,,,,
082058,0084000,1,茨城県,イバラキケン,Ibaraki,,,,石岡市,イシオカシ,Ishioka-shi,,,,細谷,ホソヤ,Hosoya,,,,,,,,0,0,0,0,0,0,1,1,1947-04-17,,0,3150152,,,,,,,,,,,,,,,
082058,0085000,1,茨城県,イバラキケン,Ibaraki,,,,石岡市,イシオカシ,Ishioka-shi,,,,真家,マイエ,Maie,,,,,,,,0,0,0,0,0,0,1,1,1947-04-17,,0,3150121,,,,,,,,,,,,,,,
082058,0086001,2,茨城県,イバラキケン,Ibaraki,,,,石岡市,イシオカシ,Ishioka-shi,,,,南台,ミナミダイ,Minamidai,一丁目,１チョウメ,1,,,,,0,0,0,0,0,0,1,1,1947-04-17,,0,,,,,,,,,,,,,,,,
082058,0086002,2,茨城県,イバラキケン,Ibaraki,,,,石岡市,イシオカシ,Ishioka-shi,,,,南台,ミナミダイ,Minamidai,二丁目,２チョウメ,2,,,,,0,0,0,0,0,0,1,1,1947-04-17,,0,,,,,,,,,,,,,,,,
082058,0086003,2,茨城県,イバラキケン,Ibaraki,,,,石岡市,イシオカシ,Ishioka-shi,,,,南台,ミナミダイ,Minamidai,三丁目,３チョウメ,3,,,,,0,0,0,0,0,0,1,1,1947-04-17,,0,,,,,,,,,,,,,,,,
082058,0086004,2,茨城県,イバラキケン,Ibaraki,,,,石岡市,イシオカシ,Ishioka-shi,,,,南台,ミナミダイ,Minamidai,四丁目,４チョウメ,4,,,,,0,0,0,0,0,0,1,1,1947-04-17,,0,,,,,,,,,,,,,,,,
082058,0087000,1,茨城県,イバラキケン,Ibaraki,,,,石岡市,イシオカシ,Ishioka-shi,,,,三村,ミムラ,Mimura,,,,,,,,0,0,0,0,0,0,1,1,1947-04-17,,0,3150048,,,,,,,,,,,,,,,
082058,0089000,1,茨城県,イバラキケン,Ibaraki,,,,石岡市,イシオカシ,Ishioka-shi,,,,村上,ムラカミ,Murakami,,,,,,,,0,0,0,0,0,0,1,1,1947-04-17,,0,3150008,,,,,,,,,,,,,,,
082058,0090000,1,茨城県,イバラキケン,Ibaraki,,,,石岡市,イシオカシ,Ishioka-shi,,,,山崎,ヤマザキ,Yamazaki,,,,,,,,0,0,0,0,0,0,1,1,1947-04-17,,0,3150125,,,,,,,,,,,,,,,
082058,0091000,1,茨城県,イバラキケン,Ibaraki,,,,石岡市,イシオカシ,Ishioka-shi,,,,谷向町,ヤムカイチョウ,Yamukaicho,,,,,,,,0,0,0,0,0,0,1,1,1947-04-17,,0,3150003,,,,,,,,,,,,,,,
082058,0092000,1,茨城県,イバラキケン,Ibaraki,,,,石岡市,イシオカシ,Ishioka-shi,,,,弓弦,ユヅリ,Yuzuri,,,,,,,,0,0,0,0,0,0,1,1,1947-04-17,,0,3150142,,,,,,,,,,,,,,,
082058,0093000,1,茨城県,イバラキケン,Ibaraki,,,,石岡市,イシオカシ,Ishioka-shi,,,,吉生,ヨシウ,Yoshiu,,,,,,,,0,0,0,0,0,0,1,1,1947-04-17,,0,3150156,,,,,,,,,,,,,,,
082058,0094000,1,茨城県,イバラキケン,Ibaraki,,,,石岡市,イシオカシ,Ishioka-shi,,,,龍明,リュウメイ,Ryumei,,,,,,,,0,0,0,0,0,0,1,1,1947-04-17,,0,3150167,,,,,,,,,,,,,,,
082058,0095001,2,茨城県,イバラキケン,Ibaraki,,,,石岡市,イシオカシ,Ishioka-shi,,,,若松,ワカマツ,Wakamatsu,一丁目,１チョウメ,1,,,,,0,0,0,0,0,0,1,1,1947-04-17,,0,,,,,,,,,,,,,,,,
082058,0095002,2,茨城県,イバラキケン,Ibaraki,,,,石岡市,イシオカシ,Ishioka-shi,,,,若松,ワカマツ,Wakamatsu,二丁目,２チョウメ,2,,,,,0,0,0,0,0,0,1,1,1947-04-17,,0,,,,,,,,,,,,,,,,
082058,0095003,2,茨城県,イバラキケン,Ibaraki,,,,石岡市,イシオカシ,Ishioka-shi,,,,若松,ワカマツ,Wakamatsu,三丁目,３チョウメ,3,,,,,0,0,0,0,0,0,1,1,1947-04-17,,0,,,,,,,,,,,,,,,,
082058,0096001,2,茨城県,イバラキケン,Ibaraki,,,,石岡市,イシオカシ,Ishioka-shi,,,,若宮,ワカミヤ,Wakamiya,一丁目,１チョウメ,1,,,,,0,0,0,0,0,0,1,1,1947-04-17,,0,,,,,,,,,,,,,,,,
082058,0096002,2,茨城県,イバラキケン,Ibaraki,,,,石岡市,イシオカシ,Ishioka-shi,,,,若宮,ワカミヤ,Wakamiya,二丁目,２チョウメ,2,,,,,0,0,0,0,0,0,1,1,1947-04-17,,0,,,,,,,,,,,,,,,,
082058,0096003,2,茨城県,イバラキケン,Ibaraki,,,,石岡市,イシオカシ,Ishioka-shi,,,,若宮,ワカミヤ,Wakamiya,三丁目,３チョウメ,3,,,,,0,0,0,0,0,0,1,1,1947-04-17,,0,,,,,,,,,,,,,,,,
082058,0096004,2,茨城県,イバラキケン,Ibaraki,,,,石岡市,イシオカシ,Ishioka-shi,,,,若宮,ワカミヤ,Wakamiya,四丁目,４チョウメ,4,,,,,0,0,0,0,0,0,1,1,1947-04-17,,0,,,,,,,,,,,,,,,,
082058,0097000,1,茨城県,イバラキケン,Ibaraki,,,,石岡市,イシオカシ,Ishioka-shi,,,,宮ケ崎,ミヤガサキ,Miyagasaki,,,,,,,,0,0,0,0,0,0,1,0,1947-04-17,,0,3150123,,,,,,,,,,,,,,,
082058,0098000,1,茨城県,イバラキケン,Ibaraki,,,,石岡市,イシオカシ,Ishioka-shi,,,,市川,イチカワ,,,,,,,,,0,0,0,0,0,0,1,1,1947-04-17,,0,,,,,,,,,,,,,,,,
082058,0101000,1,茨城県,イバラキケン,Ibaraki,,,,石岡市,イシオカシ,Ishioka-shi,,,,東野寺,ヒガシノデラ,,,,,,,,,0,0,0,0,0,0,1,1,1947-04-17,,0,,,,,,,,,,,,,,,,
082058,0102000,1,茨城県,イバラキケン,Ibaraki,,,,石岡市,イシオカシ,Ishioka-shi,,,,狢内,ムジナウチ,,,,,,,,,0,0,0,0,0,0,1,1,1947-04-17,,0,,,,,,,,,,,,,,,,
082058,0117000,1,茨城県,イバラキケン,Ibaraki,,,,石岡市,イシオカシ,Ishioka-shi,,,,新治,ニイハリ,,,,,,,,,0,0,0,0,0,0,1,0,1947-04-17,,1,,,,,,,,,,,,,,,,
082058,0118000,1,茨城県,イバラキケン,Ibaraki,,,,石岡市,イシオカシ,Ishioka-shi,,,,高崎,タカサキ,,,,,,,,,0,0,0,0,0,0,1,0,1947-04-17,,1,,,,,,,,,,,,,,,,
082074,0001000,1,茨城県,イバラキケン,Ibaraki,,,,結城市,ユウキシ,Yuki-shi,,,,大字今宿,オオアザイマジュク,Imajuku,,,,,,,,0,0,0,0,0,0,1,1,1947-04-17,,0,3070028,,,,,,,,,,,,,,,
082074,0002000,1,茨城県,イバラキケン,Ibaraki,,,,結城市,ユウキシ,Yuki-shi,,,,大字上成,オオアザウエナシ,Uenashi,,,,,,,,0,0,0,0,0,0,1,1,1947-04-17,,0,3070045,,,,,,,,,,,,,,,
082074,0003000,1,茨城県,イバラキケン,Ibaraki,,,,結城市,ユウキシ,Yuki-shi,,,,大字江川大町,オオアザエガワオオマチ,Egawa Omachi,,,,,,,,0,0,0,0,0,0,1,1,1947-04-17,,0,3070041,,,,,,,,,,,,,,,
082074,0004000,1,茨城県,イバラキケン,Ibaraki,,,,結城市,ユウキシ,Yuki-shi,,,,大字江川新宿,オオアザエガワシンジュク,Egawa Shinjuku,,,,,,,,0,0,0,0,0,0,1,1,1947-04-17,,0,3070042,,,,,,,,,,,,,,,
082074,0005000,1,茨城県,イバラキケン,Ibaraki,,,,結城市,ユウキシ,Yuki-shi,,,,大字大木,オオアザオオキ,Oki,,,,,,,,0,0,0,0,0,0,1,1,1947-04-17,,0,3070031,,,,,,,,,,,,,,,
082074,0006000,1,茨城県,イバラキケン,Ibaraki,,,,結城市,ユウキシ,Yuki-shi,,,,大字大谷瀬,オオアザオオヤゼ,Oyaze,,,,,,,,0,0,0,0,0,0,1,1,1947-04-17,,0,3070002,,,,,,,,,,,,,,,
082074,0007000,1,茨城県,イバラキケン,Ibaraki,,,,結城市,ユウキシ,Yuki-shi,,,,大字小田林,オオアザオダバヤシ,Odabayashi,,,,,,,,0,0,0,0,0,0,1,1,1947-04-17,,0,3070007,,,,,,,,,,,,,,,
082074,0008000,1,茨城県,イバラキケン,Ibaraki,,,,結城市,ユウキシ,Yuki-shi,,,,大字粕礼,オオアザカスレイ,Kasurei,,,,,,,,0,0,0,0,0,0,1,1,1947-04-17,,0,3070027,,,,,,,,,,,,,,,
082074,0009000,1,茨城県,イバラキケン,Ibaraki,,,,結城市,ユウキシ,Yuki-shi,,,,大字鹿窪,オオアザカナクボ,Kanakubo,,,,,,,,0,0,0,0,0,0,1,1,1947-04-17,,0,3070015,,,,,,,,,,,,,,,
082074,0010000,1,茨城県,イバラキケン,Ibaraki,,,,結城市,ユウキシ,Yuki-shi,,,,大字久保田,オオアザクボタ,Kubota,,,,,,,,0,0,0,0,0,0,1,1,1947-04-17,,0,3070012,,,,,,,,,,,,,,,
082074,0011000,1,茨城県,イバラキケン,Ibaraki,,,,結城市,ユウキシ,Yuki-shi,,,,大字五助,オオアザゴスケ,Gosuke,,,,,,,,0,0,0,0,0,0,1,1,1947-04-17,,0,3070006,,,,,,,,,,,,,,,
082074,0012000,1,茨城県,イバラキケン,Ibaraki,,,,結城市,ユウキシ,Yuki-shi,,,,大字小森,オオアザコモリ,Komori,,,,,,,,0,0,0,0,0,0,1,1,1947-04-17,,0,3070011,,,,,,,,,,,,,,,
082074,0013000,1,茨城県,イバラキケン,Ibaraki,,,,結城市,ユウキシ,Yuki-shi,,,,大字山王,オオアザサンノウ,Sanno,,,,,,,,0,0,0,0,0,0,1,1,1947-04-17,,0,3070023,,,,,,,,,,,,,,,
082074,0014000,1,茨城県,イバラキケン,Ibaraki,,,,結城市,ユウキシ,Yuki-shi,,,,大字七五三場,オオアザシメバ,Shimeba,,,,,,,,0,0,0,0,0,0,1,1,1947-04-17,,0,3070038,,,,,,,,,,,,,,,
082074,0015000,1,茨城県,イバラキケン,Ibaraki,,,,結城市,ユウキシ,Yuki-shi,,,,大字新宿新田,オオアザシンジュクシンデン,Shinjukushinden,,,,,,,,0,0,0,0,0,0,1,1,1947-04-17,,0,3070034,,,,,,,,,,,,,,,
082074,0016000,1,茨城県,イバラキケン,Ibaraki,,,,結城市,ユウキシ,Yuki-shi,,,,大字善右ヱ門新田,オオアザゼンウエモンシンデン,Zenemonshinden,,,,,,,,0,0,0,0,0,0,1,1,1947-04-17,,0,3070035,,,,,,,,,,,,,,,
082074,0017000,1,茨城県,イバラキケン,Ibaraki,,,,結城市,ユウキシ,Yuki-shi,,,,大字武井,オオアザタケイ,Takei,,,,,,,,0,0,0,0,0,0,1,1,1947-04-17,,0,3070043,,,,,,,,,,,,,,,
082074,0018000,1,茨城県,イバラキケン,Ibaraki,,,,結城市,ユウキシ,Yuki-shi,,,,大字田間,オオアザタマ,Tama,,,,,,,,0,0,0,0,0,0,1,1,1947-04-17,,0,3070044,,,,,,,,,,,,,,,
082074,0019000,1,茨城県,イバラキケン,Ibaraki,,,,結城市,ユウキシ,Yuki-shi,,,,大字中,オオアザナカ,Naka,,,,,,,,0,0,0,0,0,0,1,1,1947-04-17,,0,3070013,,,,,,,,,,,,,,,
082074,0020000,1,茨城県,イバラキケン,Ibaraki,,,,結城市,ユウキシ,Yuki-shi,,,,大字芳賀崎,オオアザハガサキ,Hagasaki,,,,,,,,0,0,0,0,0,0,1,1,1947-04-17,,0,3070026,,,,,,,,,,,,,,,
082074,0021000,1,茨城県,イバラキケン,Ibaraki,,,,結城市,ユウキシ,Yuki-shi,,,,大字浜野辺,オオアザハマノベ,Hamanobe,,,,,,,,0,0,0,0,0,0,1,1,1947-04-17,,0,3070025,,,,,,,,,,,,,,,
082074,0022000,1,茨城県,イバラキケン,Ibaraki,,,,結城市,ユウキシ,Yuki-shi,,,,大字林,オオアザハヤシ,Hayashi,,,,,,,,0,0,0,0,0,0,1,1,1947-04-17,,0,3070014,,,,,,,,,,,,,,,
082074,0023000,1,茨城県,イバラキケン,Ibaraki,,,,結城市,ユウキシ,Yuki-shi,,,,大字東茂呂,オオアザヒガシモロ,Higashimoro,,,,,,,,0,0,0,0,0,0,1,1,1947-04-17,,0,3070037,,,,,,,,,,,,,,,
082074,0024000,1,茨城県,イバラキケン,Ibaraki,,,,結城市,ユウキシ,Yuki-shi,,,,大字古宿新田,オオアザフルジュクシンデン,Furujukushinden,,,,,,,,0,0,0,0,0,0,1,1,1947-04-17,,0,3070032,,,,,,,,,,,,,,,
082074,0025000,1,茨城県,イバラキケン,Ibaraki,,,,結城市,ユウキシ,Yuki-shi,,,,大字北南茂呂,オオアザホクナンモロ,Hokunammoro,,,,,,,,0,0,0,0,0,0,1,1,1947-04-17,,0,3070036,,,,,,,,,,,,,,,
082074,0026000,1,茨城県,イバラキケン,Ibaraki,,,,結城市,ユウキシ,Yuki-shi,,,,大字水海道,オオアザミツカイドウ,Mikkaido,,,,,,,,0,0,0,0,0,0,1,1,1947-04-17,,0,3070024,,,,,,,,,,,,,,,
082074,0027000,1,茨城県,イバラキケン,Ibaraki,,,,結城市,ユウキシ,Yuki-shi,,,,大字山川新宿,オオアザヤマカワシンジュク,Yamakawashinjuku,,,,,,,,0,0,0,0,0,0,1,1,1947-04-17,,0,3070033,,,,,,,,,,,,,,,
082074,0028000,1,茨城県,イバラキケン,Ibaraki,,,,結城市,ユウキシ,Yuki-shi,,,,大字結城,オオアザユウキ,Yuki,,,,,,,,0,0,0,0,0,0,1,1,1947-04-17,,0,3070001,,,,,,,,,,,,,,,
082074,0029000,1,茨城県,イバラキケン,Ibaraki,,,,結城市,ユウキシ,Yuki-shi,,,,大字結城作,オオアザユウキサク,Yukisaku,,,,,,,,0,0,0,0,0,0,1,0,1947-04-17,,0,3070046,,,,,,,,,,,,,,,
082074,0030000,1,茨城県,イバラキケン,Ibaraki,,,,結城市,ユウキシ,Yuki-shi,,,,大橋町,オオハシチョウ,Ohashicho,,,,,,,,0,0,0,0,0,0,1,1,1947-04-17,,0,3070055,,,,,,,,,,,,,,,
082074,0031001,2,茨城県,イバラキケン,Ibaraki,,,,結城市,ユウキシ,Yuki-shi,,,,川木谷,カワキヤ,Kawakiya,一丁目,１チョウメ,1,,,,,0,0,0,0,0,0,1,1,1947-04-17,,0,,,,,,,,,,,,,,,,
082074,0031002,2,茨城県,イバラキケン,Ibaraki,,,,結城市,ユウキシ,Yuki-shi,,,,川木谷,カワキヤ,Kawakiya,二丁目,２チョウメ,2,,,,,0,0,0,0,0,0,1,1,1947-04-17,,0,,,,,,,,,,,,,,,,
082074,0032001,2,茨城県,イバラキケン,Ibaraki,,,,結城市,ユウキシ,Yuki-shi,,,,国府町,コクブチョウ,Kokubucho,一丁目,１チョウメ,1,,,,,0,0,0,0,0,0,1,1,1947-04-17,,0,,,,,,,,,,,,,,,,
082074,0033001,2,茨城県,イバラキケン,Ibaraki,,,,結城市,ユウキシ,Yuki-shi,,,,城南町,ジョウナンマチ,Jonammachi,一丁目,１チョウメ,1,,,,,0,0,0,0,0,0,1,1,1947-04-17,,0,,,,,,,,,,,,,,,,
082074,0034000,1,茨城県,イバラキケン,Ibaraki,,,,結城市,ユウキシ,Yuki-shi,,,,新堤仲通り,シンツツミナカドオリ,Shintsutsuminakadori,,,,,,,,0,0,0,0,0,0,1,1,1947-04-17,,0,3070016,,,,,,,,,,,,,,,
082074,0035001,2,茨城県,イバラキケン,Ibaraki,,,,結城市,ユウキシ,Yuki-shi,,,,新福寺,シンプクジ,Shimpukuji,一丁目,１チョウメ,1,,,,,0,0,0,0,0,0,1,1,1947-04-17,,0,,,,,,,,,,,,,,,,
082074,0035002,2,茨城県,イバラキケン,Ibaraki,,,,結城市,ユウキシ,Yuki-shi,,,,新福寺,シンプクジ,Shimpukuji,二丁目,２チョウメ,2,,,,,0,0,0,0,0,0,1,1,1947-04-17,,0,,,,,,,,,,,,,,,,
082074,0035003,2,茨城県,イバラキケン,Ibaraki,,,,結城市,ユウキシ,Yuki-shi,,,,新福寺,シンプクジ,Shimpukuji,三丁目,３チョウメ,3,,,,,0,0,0,0,0,0,1,1,1947-04-17,,0,,,,,,,,,,,,,,,,
082074,0035004,2,茨城県,イバラキケン,Ibaraki,,,,結城市,ユウキシ,Yuki-shi,,,,新福寺,シンプクジ,Shimpukuji,四丁目,４チョウメ,4,,,,,0,0,0,0,0,0,1,1,1947-04-17,,0,,,,,,,,,,,,,,,,
082074,0035005,2,茨城県,イバラキケン,Ibaraki,,,,結城市,ユウキシ,Yuki-shi,,,,新福寺,シンプクジ,Shimpukuji,五丁目,５チョウメ,5,,,,,0,0,0,0,0,0,1,1,1947-04-17,,0,,,,,,,,,,,,,,,,
082074,0035006,2,茨城県,イバラキケン,Ibaraki,,,,結城市,ユウキシ,Yuki-shi,,,,新福寺,シンプクジ,Shimpukuji,六丁目,６チョウメ,6,,,,,0,0,0,0,0,0,1,1,1947-04-17,,0,,,,,,,,,,,,,,,,
082074,0036001,2,茨城県,イバラキケン,Ibaraki,,,,結城市,ユウキシ,Yuki-shi,,,,中央町,チュウオウチョウ,Chuocho,一丁目,１チョウメ,1,,,,,0,0,0,0,0,0,1,1,1947-04-17,,0,,,,,,,,,,,,,,,,
082074,0036002,2,茨城県,イバラキケン,Ibaraki,,,,結城市,ユウキシ,Yuki-shi,,,,中央町,チュウオウチョウ,Chuocho,二丁目,２チョウメ,2,,,,,0,0,0,0,0,0,1,1,1947-04-17,,0,,,,,,,,,,,,,,,,
082074,0037003,2,茨城県,イバラキケン,Ibaraki,,,,結城市,ユウキシ,Yuki-shi,,,,富士見町,フジミチョウ,Fujimicho,三丁目,３チョウメ,3,,,,,0,0,0,0,0,0,1,1,1947-04-17,,0,,,,,,,,,,,,,,,,
082074,0037004,2,茨城県,イバラキケン,Ibaraki,,,,結城市,ユウキシ,Yuki-shi,,,,富士見町,フジミチョウ,Fujimicho,四丁目,４チョウメ,4,,,,,0,0,0,0,0,0,1,1,1947-04-17,,0,,,,,,,,,,,,,,,,
082074,0038001,2,茨城県,イバラキケン,Ibaraki,,,,結城市,ユウキシ,Yuki-shi,,,,みどり町,ミドリチョウ,Midoricho,一丁目,１チョウメ,1,,,,,0,0,0,0,0,0,1,1,1947-04-17,,0,,,,,,,,,,,,,,,,
082074,0038002,2,茨城県,イバラキケン,Ibaraki,,,,結城市,ユウキシ,Yuki-shi,,,,みどり町,ミドリチョウ,Midoricho,二丁目,２チョウメ,2,,,,,0,0,0,0,0,0,1,1,1947-04-17,,0,,,,,,,,,,,,,,,,
082074,0039000,1,茨城県,イバラキケン,Ibaraki,,,,結城市,ユウキシ,Yuki-shi,,,,若宮,ワカミヤ,Wakamiya,,,,,,,,0,0,0,0,0,0,1,1,1947-04-17,,0,3070017,,,,,,,,,,,,,,,
082074,0040000,1,茨城県,イバラキケン,Ibaraki,,,,結城市,ユウキシ,Yuki-shi,,,,大字矢畑,オオアザヤバタ,Yabata,,,,,,,,0,0,0,0,0,0,1,1,1947-04-17,,0,3070022,,,,,,,,,,,,,,,
082074,0041000,1,茨城県,イバラキケン,Ibaraki,,,,結城市,ユウキシ,Yuki-shi,,,,大字上山川,オオアザカミヤマカワ,Kamiyamakawa,,,,,,,,0,0,0,0,0,0,1,1,1947-04-17,,0,3070021,,,,,,,,,,,,,,,
082074,0042000,1,茨城県,イバラキケン,Ibaraki,,,,結城市,ユウキシ,Yuki-shi,,,,新矢畑,シンヤバタ,Shinyabata,,,,,,,,0,0,0,0,0,0,1,1,1947-04-17,,0,3070029,,,,,,,,,,,,,,,
082074,0043003,2,茨城県,イバラキケン,Ibaraki,,,,結城市,ユウキシ,Yuki-shi,,,,下り松,サガリマツ,Sagarimatsu,三丁目,３チョウメ,3,,,,,0,0,0,0,0,0,1,1,1947-04-17,,0,,,,,,,,,,,,,,,,
082074,0043004,2,茨城県,イバラキケン,Ibaraki,,,,結城市,ユウキシ,Yuki-shi,,,,下り松,サガリマツ,Sagarimatsu,四丁目,４チョウメ,4,,,,,0,0,0,0,0,0,1,1,1947-04-17,,0,,,,,,,,,,,,,,,,
082074,0043006,2,茨城県,イバラキケン,Ibaraki,,,,結城市,ユウキシ,Yuki-shi,,,,下り松,サガリマツ,Sagarimatsu,六丁目,６チョウメ,6,,,,,0,0,0,0,0,0,1,1,1947-04-17,,0,,,,,,,,,,,,,,,,
082074,0044000,1,茨城県,イバラキケン,Ibaraki,,,,結城市,ユウキシ,Yuki-shi,,,,若宮西,ワカミヤニシ,Wakamiyanishi,,,,,,,,0,0,0,0,0,0,1,1,1947-04-17,,0,3070018,,,,,,,,,,,,,,,
082082,0000000,4,茨城県,イバラキケン,Ibaraki,,,,龍ケ崎市,リュウガサキシ,Ryugasaki-shi,,,,,,,,,,,,,,0,0,0,0,0,0,1,1,1947-04-17,,0,,,,,,,,,,,,,,,,
082082,0001000,1,茨城県,イバラキケン,Ibaraki,,,,龍ケ崎市,リュウガサキシ,Ryugasaki-shi,,,,愛戸町,アタドマチ,Atadomachi,,,,,,,,0,0,0,0,0,0,1,1,1947-04-17,,0,3010838,,,,,,,,,,,,,,,
082082,0002000,1,茨城県,イバラキケン,Ibaraki,,,,龍ケ崎市,リュウガサキシ,Ryugasaki-shi,,,,泉町,イズミマチ,Izumimachi,,,,,,,,0,0,0,0,0,0,1,1,1947-04-17,,0,3010857,,,,,,,,,,,,,,,
082082,0003000,1,茨城県,イバラキケン,Ibaraki,,,,龍ケ崎市,リュウガサキシ,Ryugasaki-shi,,,,板橋町,イタバシマチ,Itabashimachi,,,,,,,,0,0,0,0,0,0,1,1,1947-04-17,,0,3010801,,,,,,,,,,,,,,,
082082,0004000,1,茨城県,イバラキケン,Ibaraki,,,,龍ケ崎市,リュウガサキシ,Ryugasaki-shi,,,,稲荷新田町,イナリシンデンマチ,Inarishindemmachi,,,,,,,,0,0,0,0,0,0,1,1,1947-04-17,,0,3010045,,,,,,,,,,,,,,,
082082,0005000,1,茨城県,イバラキケン,Ibaraki,,,,龍ケ崎市,リュウガサキシ,Ryugasaki-shi,,,,入地町,イレチマチ,Irechimachi,,,,,,,,0,0,0,0,0,0,1,1,1947-04-17,,0,3010046,,,,,,,,,,,,,,,
082082,0006000,1,茨城県,イバラキケン,Ibaraki,,,,龍ケ崎市,リュウガサキシ,Ryugasaki-shi,,,,薄倉町,ウスクラマチ,Usuguramachi,,,,,,,,0,0,0,0,0,0,1,1,1947-04-17,,0,3010805,,,,,,,,,,,,,,,
082082,0007000,1,茨城県,イバラキケン,Ibaraki,,,,龍ケ崎市,リュウガサキシ,Ryugasaki-shi,,,,大塚町,オオツカマチ,Otsukamachi,,,,,,,,0,0,0,0,0,0,1,1,1947-04-17,,0,3010851,,,,,,,,,,,,,,,
082082,0008000,1,茨城県,イバラキケン,Ibaraki,,,,龍ケ崎市,リュウガサキシ,Ryugasaki-shi,,,,大留町,オオドメマチ,Odomemachi,,,,,,,,0,0,0,0,0,0,1,1,1947-04-17,,0,3010025,,,,,,,,,,,,,,,
082082,0009000,1,茨城県,イバラキケン,Ibaraki,,,,龍ケ崎市,リュウガサキシ,Ryugasaki-shi,,,,貝原塚町,カイハラツカマチ,Kaiharatsukamachi,,,,,,,,0,0,0,0,0,0,1,1,1947-04-17,,0,3010856,,,,,,,,,,,,,,,
082082,0010000,1,茨城県,イバラキケン,Ibaraki,,,,龍ケ崎市,リュウガサキシ,Ryugasaki-shi,,,,門倉新田町,カドクラシンデンマチ,Kadokurashindemmachi,,,,,,,,0,0,0,0,0,0,1,1,1947-04-17,,0,3010006,,,,,,,,,,,,,,,
082082,0011000,1,茨城県,イバラキケン,Ibaraki,,,,龍ケ崎市,リュウガサキシ,Ryugasaki-shi,,,,上大徳新町,カミダイトクシンマチ,Kamidaitokushimmachi,,,,,,,,0,0,0,0,0,0,1,1,1947-04-17,,0,3010817,,,,,,,,,,,,,,,
082082,0013000,1,茨城県,イバラキケン,Ibaraki,,,,龍ケ崎市,リュウガサキシ,Ryugasaki-shi,,,,川崎町,カワサキマチ,Kawasakimachi,,,,,,,,0,0,0,0,0,0,1,1,1947-04-17,,0,3010048,,,,,,,,,,,,,,,
082082,0015000,1,茨城県,イバラキケン,Ibaraki,,,,龍ケ崎市,リュウガサキシ,Ryugasaki-shi,,,,川原代町,カワラシロマチ,Kawarashiromachi,,,,,,,,0,0,0,0,0,0,1,1,1947-04-17,,0,3010005,,,,,,,,,,,,,,,
082082,0016000,1,茨城県,イバラキケン,Ibaraki,,,,龍ケ崎市,リュウガサキシ,Ryugasaki-shi,,,,北方町,キタカタマチ,Kitakatamachi,,,,,,,,0,0,0,0,0,0,1,1,1947-04-17,,0,3010021,,,,,,,,,,,,,,,
082082,0017001,2,茨城県,イバラキケン,Ibaraki,,,,龍ケ崎市,リュウガサキシ,Ryugasaki-shi,,,,久保台,クボダイ,Kubodai,１丁目,１チョウメ,1,,,,,0,0,0,0,0,0,1,1,1947-04-17,,0,,,,,,,,,,,,,,,,
082082,0017002,2,茨城県,イバラキケン,Ibaraki,,,,龍ケ崎市,リュウガサキシ,Ryugasaki-shi,,,,久保台,クボダイ,Kubodai,２丁目,２チョウメ,2,,,,,0,0,0,0,0,0,1,1,1947-04-17,,0,,,,,,,,,,,,,,,,
082082,0017003,2,茨城県,イバラキケン,Ibaraki,,,,龍ケ崎市,リュウガサキシ,Ryugasaki-shi,,,,久保台,クボダイ,Kubodai,３丁目,３チョウメ,3,,,,,0,0,0,0,0,0,1,1,1947-04-17,,0,,,,,,,,,,,,,,,,
082082,0017004,2,茨城県,イバラキケン,Ibaraki,,,,龍ケ崎市,リュウガサキシ,Ryugasaki-shi,,,,久保台,クボダイ,Kubodai,４丁目,４チョウメ,4,,,,,0,0,0,0,0,0,1,1,1947-04-17,,0,,,,,,,,,,,,,,,,
082082,0018000,1,茨城県,イバラキケン,Ibaraki,,,,龍ケ崎市,リュウガサキシ,Ryugasaki-shi,,,,高作町,コウサマチ,Kosamachi,,,,,,,,0,0,0,0,0,0,1,1,1947-04-17,,0,3010802,,,,,,,,,,,,,,,
082082,0020001,2,茨城県,イバラキケン,Ibaraki,,,,龍ケ崎市,リュウガサキシ,Ryugasaki-shi,,,,向陽台,コウヨウダイ,Koyodai,１丁目,１チョウメ,1,,,,,0,0,0,0,0,0,1,1,1947-04-17,,0,,,,,,,,,,,,,,,,
082082,0020002,2,茨城県,イバラキケン,Ibaraki,,,,龍ケ崎市,リュウガサキシ,Ryugasaki-shi,,,,向陽台,コウヨウダイ,Koyodai,２丁目,２チョウメ,2,,,,,0,0,0,0,0,0,1,1,1947-04-17,,0,,,,,,,,,,,,,,,,
082082,0020003,2,茨城県,イバラキケン,Ibaraki,,,,龍ケ崎市,リュウガサキシ,Ryugasaki-shi,,,,向陽台,コウヨウダイ,Koyodai,３丁目,３チョウメ,3,,,,,0,0,0,0,0,0,1,1,1947-04-17,,0,,,,,,,,,,,,,,,,
082082,0020004,2,茨城県,イバラキケン,Ibaraki,,,,龍ケ崎市,リュウガサキシ,Ryugasaki-shi,,,,向陽台,コウヨウダイ,Koyodai,４丁目,４チョウメ,4,,,,,0,0,0,0,0,0,1,1,1947-04-17,,0,,,,,,,,,,,,,,,,
082082,0020005,2,茨城県,イバラキケン,Ibaraki,,,,龍ケ崎市,リュウガサキシ,Ryugasaki-shi,,,,向陽台,コウヨウダイ,Koyodai,５丁目,５チョウメ,5,,,,,0,0,0,0,0,0,1,1,1947-04-17,,0,,,,,,,,,,,,,,,,
082082,0020006,2,茨城県,イバラキケン,Ibaraki,,,,龍ケ崎市,リュウガサキシ,Ryugasaki-shi,,,,向陽台,コウヨウダイ,Koyodai,６丁目,６チョウメ,6,,,,,0,0,0,0,0,0,1,1,1947-04-17,,0,,,,,,,,,,,,,,,,
082082,0021001,2,茨城県,イバラキケン,Ibaraki,,,,龍ケ崎市,リュウガサキシ,Ryugasaki-shi,,,,小柴,コシバ,Koshiba,１丁目,１チョウメ,1,,,,,0,0,0,0,0,0,1,1,1947-04-17,,0,,,,,,,,,,,,,,,,
082082,0021002,2,茨城県,イバラキケン,Ibaraki,,,,龍ケ崎市,リュウガサキシ,Ryugasaki-shi,,,,小柴,コシバ,Koshiba,２丁目,２チョウメ,2,,,,,0,0,0,0,0,0,1,1,1947-04-17,,0,,,,,,,,,,,,,,,,
082082,0021003,2,茨城県,イバラキケン,Ibaraki,,,,龍ケ崎市,リュウガサキシ,Ryugasaki-shi,,,,小柴,コシバ,Koshiba,３丁目,３チョウメ,3,,,,,0,0,0,0,0,0,1,1,1947-04-17,,0,,,,,,,,,,,,,,,,
082082,0021004,2,茨城県,イバラキケン,Ibaraki,,,,龍ケ崎市,リュウガサキシ,Ryugasaki-shi,,,,小柴,コシバ,Koshiba,４丁目,４チョウメ,4,,,,,0,0,0,0,0,0,1,1,1947-04-17,,0,,,,,,,,,,,,,,,,
082082,0021005,2,茨城県,イバラキケン,Ibaraki,,,,龍ケ崎市,リュウガサキシ,Ryugasaki-shi,,,,小柴,コシバ,Koshiba,５丁目,５チョウメ,5,,,,,0,0,0,0,0,0,1,1,1947-04-17,,0,,,,,,,,,,,,,,,,
082082,0023000,1,茨城県,イバラキケン,Ibaraki,,,,龍ケ崎市,リュウガサキシ,Ryugasaki-shi,,,,小通幸谷町,コトオリコウヤマチ,Kodorikoyamachi,,,,,,,,0,0,0,0,0,0,1,1,1947-04-17,,0,3010034,,,,,,,,,,,,,,,
082082,0025001,2,茨城県,イバラキケン,Ibaraki,,,,龍ケ崎市,リュウガサキシ,Ryugasaki-shi,,,,佐貫,サヌキ,Sanuki,１丁目,１チョウメ,1,,,,,0,0,0,0,0,0,1,1,1947-04-17,,0,,,,,,,,,,,,,,,,
082082,0025002,2,茨城県,イバラキケン,Ibaraki,,,,龍ケ崎市,リュウガサキシ,Ryugasaki-shi,,,,佐貫,サヌキ,Sanuki,２丁目,２チョウメ,2,,,,,0,0,0,0,0,0,1,1,1947-04-17,,0,,,,,,,,,,,,,,,,
082082,0025003,2,茨城県,イバラキケン,Ibaraki,,,,龍ケ崎市,リュウガサキシ,Ryugasaki-shi,,,,佐貫,サヌキ,Sanuki,３丁目,３チョウメ,3,,,,,0,0,0,0,0,0,1,1,1947-04-17,,0,,,,,,,,,,,,,,,,
082082,0025004,2,茨城県,イバラキケン,Ibaraki,,,,龍ケ崎市,リュウガサキシ,Ryugasaki-shi,,,,佐貫,サヌキ,Sanuki,４丁目,４チョウメ,4,,,,,0,0,0,0,0,0,1,1,1947-04-17,,0,,,,,,,,,,,,,,,,
082082,0026000,1,茨城県,イバラキケン,Ibaraki,,,,龍ケ崎市,リュウガサキシ,Ryugasaki-shi,,,,佐貫町,サヌキマチ,Sanukimachi,,,,,,,,0,0,0,0,0,0,1,1,1947-04-17,,0,3010033,,,,,,,,,,,,,,,
082082,0027000,1,茨城県,イバラキケン,Ibaraki,,,,龍ケ崎市,リュウガサキシ,Ryugasaki-shi,,,,佐沼町,サヌママチ,Sanumamachi,,,,,,,,0,0,0,0,0,0,1,1,1947-04-17,,0,3010812,,,,,,,,,,,,,,,
082082,0029001,2,茨城県,イバラキケン,Ibaraki,,,,龍ケ崎市,リュウガサキシ,Ryugasaki-shi,,,,城ノ内,ジョウノウチ,Jonochi,１丁目,１チョウメ,1,,,,,0,0,0,0,0,0,1,1,1947-04-17,,0,,,,,,,,,,,,,,,,
082082,0029002,2,茨城県,イバラキケン,Ibaraki,,,,龍ケ崎市,リュウガサキシ,Ryugasaki-shi,,,,城ノ内,ジョウノウチ,Jonochi,２丁目,２チョウメ,2,,,,,0,0,0,0,0,0,1,1,1947-04-17,,0,,,,,,,,,,,,,,,,
082082,0029003,2,茨城県,イバラキケン,Ibaraki,,,,龍ケ崎市,リュウガサキシ,Ryugasaki-shi,,,,城ノ内,ジョウノウチ,Jonochi,３丁目,３チョウメ,3,,,,,0,0,0,0,0,0,1,1,1947-04-17,,0,,,,,,,,,,,,,,,,
082082,0029004,2,茨城県,イバラキケン,Ibaraki,,,,龍ケ崎市,リュウガサキシ,Ryugasaki-shi,,,,城ノ内,ジョウノウチ,Jonochi,４丁目,４チョウメ,4,,,,,0,0,0,0,0,0,1,1,1947-04-17,,0,,,,,,,,,,,,,,,,
082082,0029005,2,茨城県,イバラキケン,Ibaraki,,,,龍ケ崎市,リュウガサキシ,Ryugasaki-shi,,,,城ノ内,ジョウノウチ,Jonochi,５丁目,５チョウメ,5,,,,,0,0,0,0,0,0,1,1,1947-04-17,,0,,,,,,,,,,,,,,,,
082082,0030000,1,茨城県,イバラキケン,Ibaraki,,,,龍ケ崎市,リュウガサキシ,Ryugasaki-shi,,,,庄兵衛新田町,ショウベエシンデンマチ,Shobeeshindemmachi,,,,,,,,0,0,0,0,0,0,1,1,1947-04-17,,0,3010031,,,,,,,,,,,,,,,
082082,0031001,2,茨城県,イバラキケン,Ibaraki,,,,龍ケ崎市,リュウガサキシ,Ryugasaki-shi,,,,白羽,シラハネ,Shirahane,１丁目,１チョウメ,1,,,,,0,0,0,0,0,0,1,1,1947-04-17,,0,,,,,,,,,,,,,,,,
082082,0031002,2,茨城県,イバラキケン,Ibaraki,,,,龍ケ崎市,リュウガサキシ,Ryugasaki-shi,,,,白羽,シラハネ,Shirahane,２丁目,２チョウメ,2,,,,,0,0,0,0,0,0,1,1,1947-04-17,,0,,,,,,,,,,,,,,,,
082082,0031003,2,茨城県,イバラキケン,Ibaraki,,,,龍ケ崎市,リュウガサキシ,Ryugasaki-shi,,,,白羽,シラハネ,Shirahane,３丁目,３チョウメ,3,,,,,0,0,0,0,0,0,1,1,1947-04-17,,0,,,,,,,,,,,,,,,,
082082,0031004,2,茨城県,イバラキケン,Ibaraki,,,,龍ケ崎市,リュウガサキシ,Ryugasaki-shi,,,,白羽,シラハネ,Shirahane,４丁目,４チョウメ,4,,,,,0,0,0,0,0,0,1,1,1947-04-17,,0,,,,,,,,,,,,,,,,
082082,0034000,1,茨城県,イバラキケン,Ibaraki,,,,龍ケ崎市,リュウガサキシ,Ryugasaki-shi,,,,須藤堀町,ストウホリマチ,Sutohorimachi,,,,,,,,0,0,0,0,0,0,1,1,1947-04-17,,0,3010014,,,,,,,,,,,,,,,
082082,0036000,1,茨城県,イバラキケン,Ibaraki,,,,龍ケ崎市,リュウガサキシ,Ryugasaki-shi,,,,大徳町,ダイトクマチ,Daitokumachi,,,,,,,,0,0,0,0,0,0,1,1,1947-04-17,,0,3010816,,,,,,,,,,,,,,,
082082,0038000,1,茨城県,イバラキケン,Ibaraki,,,,龍ケ崎市,リュウガサキシ,Ryugasaki-shi,,,,高須町,タカスマチ,Takasumachi,,,,,,,,0,0,0,0,0,0,1,1,1947-04-17,,0,3010026,,,,,,,,,,,,,,,
082082,0039000,1,茨城県,イバラキケン,Ibaraki,,,,龍ケ崎市,リュウガサキシ,Ryugasaki-shi,,,,出し山町,ダシヤママチ,Dashiyamamachi,,,,,,,,0,0,0,0,0,0,1,1,1947-04-17,,0,3010839,,,,,,,,,,,,,,,
082082,0042000,1,茨城県,イバラキケン,Ibaraki,,,,龍ケ崎市,リュウガサキシ,Ryugasaki-shi,,,,豊田町,トヨダマチ,Toyodamachi,,,,,,,,0,0,0,0,0,0,1,1,1947-04-17,,0,3010024,,,,,,,,,,,,,,,
082082,0043000,1,茨城県,イバラキケン,Ibaraki,,,,龍ケ崎市,リュウガサキシ,Ryugasaki-shi,,,,長沖新田町,ナガオキシンデンマチ,Nagaokishindemmachi,,,,,,,,0,0,0,0,0,0,1,1,1947-04-17,,0,3010016,,,,,,,,,,,,,,,
082082,0044000,1,茨城県,イバラキケン,Ibaraki,,,,龍ケ崎市,リュウガサキシ,Ryugasaki-shi,,,,長沖町,ナガオキマチ,Nagaokimachi,,,,,,,,0,0,0,0,0,0,1,1,1947-04-17,,0,3010015,,,,,,,,,,,,,,,
082082,0045001,2,茨城県,イバラキケン,Ibaraki,,,,龍ケ崎市,リュウガサキシ,Ryugasaki-shi,,,,中里,ナカザト,Nakazato,１丁目,１チョウメ,1,,,,,0,0,0,0,0,0,1,1,1947-04-17,,0,,,,,,,,,,,,,,,,
082082,0045002,2,茨城県,イバラキケン,Ibaraki,,,,龍ケ崎市,リュウガサキシ,Ryugasaki-shi,,,,中里,ナカザト,Nakazato,２丁目,２チョウメ,2,,,,,0,0,0,0,0,0,1,1,1947-04-17,,0,,,,,,,,,,,,,,,,
082082,0045003,2,茨城県,イバラキケン,Ibaraki,,,,龍ケ崎市,リュウガサキシ,Ryugasaki-shi,,,,中里,ナカザト,Nakazato,３丁目,３チョウメ,3,,,,,0,0,0,0,0,0,1,1,1947-04-17,,0,,,,,,,,,,,,,,,,
082082,0046001,2,茨城県,イバラキケン,Ibaraki,,,,龍ケ崎市,リュウガサキシ,Ryugasaki-shi,,,,中根台,ナカネダイ,Nakanedai,１丁目,１チョウメ,1,,,,,0,0,0,0,0,0,1,1,1947-04-17,,0,,,,,,,,,,,,,,,,
082082,0046002,2,茨城県,イバラキケン,Ibaraki,,,,龍ケ崎市,リュウガサキシ,Ryugasaki-shi,,,,中根台,ナカネダイ,Nakanedai,２丁目,２チョウメ,2,,,,,0,0,0,0,0,0,1,1,1947-04-17,,0,,,,,,,,,,,,,,,,
082082,0046003,2,茨城県,イバラキケン,Ibaraki,,,,龍ケ崎市,リュウガサキシ,Ryugasaki-shi,,,,中根台,ナカネダイ,Nakanedai,３丁目,３チョウメ,3,,,,,0,0,0,0,0,0,1,1,1947-04-17,,0,,,,,,,,,,,,,,,,
082082,0046004,2,茨城県,イバラキケン,Ibaraki,,,,龍ケ崎市,リュウガサキシ,Ryugasaki-shi,,,,中根台,ナカネダイ,Nakanedai,４丁目,４チョウメ,4,,,,,0,0,0,0,0,0,1,1,1947-04-17,,0,,,,,,,,,,,,,,,,
082082,0046005,2,茨城県,イバラキケン,Ibaraki,,,,龍ケ崎市,リュウガサキシ,Ryugasaki-shi,,,,中根台,ナカネダイ,Nakanedai,５丁目,５チョウメ,5,,,,,0,0,0,0,0,0,1,1,1947-04-17,,0,,,,,,,,,,,,,,,,
082082,0047000,1,茨城県,イバラキケン,Ibaraki,,,,龍ケ崎市,リュウガサキシ,Ryugasaki-shi,,,,長峰町,ナガミネマチ,Nagaminemachi,,,,,,,,0,0,0,0,0,0,1,1,1947-04-17,,0,3010804,,,,,,,,,,,,,,,
082082,0048001,2,茨城県,イバラキケン,Ibaraki,,,,龍ケ崎市,リュウガサキシ,Ryugasaki-shi,,,,長山,ナガヤマ,Nagayama,１丁目,１チョウメ,1,,,,,0,0,0,0,0,0,1,1,1947-04-17,,0,,,,,,,,,,,,,,,,
082082,0048002,2,茨城県,イバラキケン,Ibaraki,,,,龍ケ崎市,リュウガサキシ,Ryugasaki-shi,,,,長山,ナガヤマ,Nagayama,２丁目,２チョウメ,2,,,,,0,0,0,0,0,0,1,1,1947-04-17,,0,,,,,,,,,,,,,,,,
082082,0048003,2,茨城県,イバラキケン,Ibaraki,,,,龍ケ崎市,リュウガサキシ,Ryugasaki-shi,,,,長山,ナガヤマ,Nagayama,３丁目,３チョウメ,3,,,,,0,0,0,0,0,0,1,1,1947-04-17,,0,,,,,,,,,,,,,,,,
082082,0048004,2,茨城県,イバラキケン,Ibaraki,,,,龍ケ崎市,リュウガサキシ,Ryugasaki-shi,,,,長山,ナガヤマ,Nagayama,４丁目,４チョウメ,4,,,,,0,0,0,0,0,0,1,1,1947-04-17,,0,,,,,,,,,,,,,,,,
082082,0048005,2,茨城県,イバラキケン,Ibaraki,,,,龍ケ崎市,リュウガサキシ,Ryugasaki-shi,,,,長山,ナガヤマ,Nagayama,５丁目,５チョウメ,5,,,,,0,0,0,0,0,0,1,1,1947-04-17,,0,,,,,,,,,,,,,,,,
082082,0048006,2,茨城県,イバラキケン,Ibaraki,,,,龍ケ崎市,リュウガサキシ,Ryugasaki-shi,,,,長山,ナガヤマ,Nagayama,６丁目,６チョウメ,6,,,,,0,0,0,0,0,0,1,1,1947-04-17,,0,,,,,,,,,,,,,,,,
082082,0048007,2,茨城県,イバラキケン,Ibaraki,,,,龍ケ崎市,リュウガサキシ,Ryugasaki-shi,,,,長山,ナガヤマ,Nagayama,７丁目,７チョウメ,7,,,,,0,0,0,0,0,0,1,1,1947-04-17,,0,,,,,,,,,,,,,,,,
082082,0048008,2,茨城県,イバラキケン,Ibaraki,,,,龍ケ崎市,リュウガサキシ,Ryugasaki-shi,,,,長山,ナガヤマ,Nagayama,８丁目,８チョウメ,8,,,,,0,0,0,0,0,0,1,1,1947-04-17,,0,,,,,,,,,,,,,,,,
082082,0051000,1,茨城県,イバラキケン,Ibaraki,,,,龍ケ崎市,リュウガサキシ,Ryugasaki-shi,,,,馴馬町,ナレウママチ,Nareumamachi,,,,,,,,0,0,0,0,0,0,1,1,1947-04-17,,0,3010004,,,,,,,,,,,,,,,
082082,0052000,1,茨城県,イバラキケン,Ibaraki,,,,龍ケ崎市,リュウガサキシ,Ryugasaki-shi,,,,馴柴町,ナレシバマチ,Nareshibamachi,,,,,,,,0,0,0,0,0,0,1,1,1947-04-17,,0,3010007,,,,,,,,,,,,,,,
082082,0053000,1,茨城県,イバラキケン,Ibaraki,,,,龍ケ崎市,リュウガサキシ,Ryugasaki-shi,,,,塗戸町,ヌルトマチ,Nurutomachi,,,,,,,,0,0,0,0,0,0,1,1,1947-04-17,,0,3010803,,,,,,,,,,,,,,,
082082,0055000,1,茨城県,イバラキケン,Ibaraki,,,,龍ケ崎市,リュウガサキシ,Ryugasaki-shi,,,,羽黒町,ハグロマチ,Haguromachi,,,,,,,,0,0,0,0,0,0,1,1,1947-04-17,,0,3010023,,,,,,,,,,,,,,,
082082,0056000,1,茨城県,イバラキケン,Ibaraki,,,,龍ケ崎市,リュウガサキシ,Ryugasaki-shi,,,,羽原町,ハバラマチ,Habaramachi,,,,,,,,0,0,0,0,0,0,1,1,1947-04-17,,0,3010843,,,,,,,,,,,,,,,
082082,0057000,1,茨城県,イバラキケン,Ibaraki,,,,龍ケ崎市,リュウガサキシ,Ryugasaki-shi,,,,半田町,ハンダマチ,Handamachi,,,,,,,,0,0,0,0,0,0,1,1,1947-04-17,,0,3010806,,,,,,,,,,,,,,,
082082,0058000,1,茨城県,イバラキケン,Ibaraki,,,,龍ケ崎市,リュウガサキシ,Ryugasaki-shi,,,,稗柄町,ヒエガラマチ,Hiegaramachi,,,,,,,,0,0,0,0,0,0,1,1,1947-04-17,,0,3010035,,,,,,,,,,,,,,,
082082,0060000,1,茨城県,イバラキケン,Ibaraki,,,,龍ケ崎市,リュウガサキシ,Ryugasaki-shi,,,,姫宮町,ヒメミヤマチ,Himemiyamachi,,,,,,,,0,0,0,0,0,0,1,1,1947-04-17,,0,3010017,,,,,,,,,,,,,,,
082082,0061001,2,茨城県,イバラキケン,Ibaraki,,,,龍ケ崎市,リュウガサキシ,Ryugasaki-shi,,,,平台,ヒラダイ,Hiradai,１丁目,１チョウメ,1,,,,,0,0,0,0,0,0,1,1,1947-04-17,,0,,,,,,,,,,,,,,,,
082082,0061002,2,茨城県,イバラキケン,Ibaraki,,,,龍ケ崎市,リュウガサキシ,Ryugasaki-shi,,,,平台,ヒラダイ,Hiradai,２丁目,２チョウメ,2,,,,,0,0,0,0,0,0,1,1,1947-04-17,,0,,,,,,,,,,,,,,,,
082082,0061003,2,茨城県,イバラキケン,Ibaraki,,,,龍ケ崎市,リュウガサキシ,Ryugasaki-shi,,,,平台,ヒラダイ,Hiradai,３丁目,３チョウメ,3,,,,,0,0,0,0,0,0,1,1,1947-04-17,,0,,,,,,,,,,,,,,,,
082082,0061004,2,茨城県,イバラキケン,Ibaraki,,,,龍ケ崎市,リュウガサキシ,Ryugasaki-shi,,,,平台,ヒラダイ,Hiradai,４丁目,４チョウメ,4,,,,,0,0,0,0,0,0,1,1,1947-04-17,,0,,,,,,,,,,,,,,,,
082082,0061005,2,茨城県,イバラキケン,Ibaraki,,,,龍ケ崎市,リュウガサキシ,Ryugasaki-shi,,,,平台,ヒラダイ,Hiradai,５丁目,５チョウメ,5,,,,,0,0,0,0,0,0,1,1,1947-04-17,,0,,,,,,,,,,,,,,,,
082082,0062001,2,茨城県,イバラキケン,Ibaraki,,,,龍ケ崎市,リュウガサキシ,Ryugasaki-shi,,,,藤ケ丘,フジガオカ,Fujigaoka,１丁目,１チョウメ,1,,,,,0,0,0,0,0,0,1,1,1947-04-17,,0,,,,,,,,,,,,,,,,
082082,0062002,2,茨城県,イバラキケン,Ibaraki,,,,龍ケ崎市,リュウガサキシ,Ryugasaki-shi,,,,藤ケ丘,フジガオカ,Fujigaoka,２丁目,２チョウメ,2,,,,,0,0,0,0,0,0,1,1,1947-04-17,,0,,,,,,,,,,,,,,,,
082082,0062003,2,茨城県,イバラキケン,Ibaraki,,,,龍ケ崎市,リュウガサキシ,Ryugasaki-shi,,,,藤ケ丘,フジガオカ,Fujigaoka,３丁目,３チョウメ,3,,,,,0,0,0,0,0,0,1,1,1947-04-17,,0,,,,,,,,,,,,,,,,
082082,0062004,2,茨城県,イバラキケン,Ibaraki,,,,龍ケ崎市,リュウガサキシ,Ryugasaki-shi,,,,藤ケ丘,フジガオカ,Fujigaoka,４丁目,４チョウメ,4,,,,,0,0,0,0,0,0,1,1,1947-04-17,,0,,,,,,,,,,,,,,,,
082082,0062005,2,茨城県,イバラキケン,Ibaraki,,,,龍ケ崎市,リュウガサキシ,Ryugasaki-shi,,,,藤ケ丘,フジガオカ,Fujigaoka,５丁目,５チョウメ,5,,,,,0,0,0,0,0,0,1,1,1947-04-17,,0,,,,,,,,,,,,,,,,
082082,0062006,2,茨城県,イバラキケン,Ibaraki,,,,龍ケ崎市,リュウガサキシ,Ryugasaki-shi,,,,藤ケ丘,フジガオカ,Fujigaoka,６丁目,６チョウメ,6,,,,,0,0,0,0,0,0,1,1,1947-04-17,,0,,,,,,,,,,,,,,,,
082082,0062007,2,茨城県,イバラキケン,Ibaraki,,,,龍ケ崎市,リュウガサキシ,Ryugasaki-shi,,,,藤ケ丘,フジガオカ,Fujigaoka,７丁目,７チョウメ,7,,,,,0,0,0,0,0,0,1,1,1947-04-17,,0,,,,,,,,,,,,,,,,
082082,0063000,1,茨城県,イバラキケン,Ibaraki,,,,龍ケ崎市,リュウガサキシ,Ryugasaki-shi,,,,別所町,ベッショマチ,Besshomachi,,,,,,,,0,0,0,0,0,0,1,1,1947-04-17,,0,3010846,,,,,,,,,,,,,,,
082082,0064001,2,茨城県,イバラキケン,Ibaraki,,,,龍ケ崎市,リュウガサキシ,Ryugasaki-shi,,,,松ケ丘,マツガオカ,Matsugaoka,１丁目,１チョウメ,1,,,,,0,0,0,0,0,0,1,1,1947-04-17,,0,,,MJ013668_*_*,,,,,,,,,,,,,
082082,0064002,2,茨城県,イバラキケン,Ibaraki,,,,龍ケ崎市,リュウガサキシ,Ryugasaki-shi,,,,松ケ丘,マツガオカ,Matsugaoka,２丁目,２チョウメ,2,,,,,0,0,0,0,0,0,1,1,1947-04-17,,0,,,MJ013668_*_*,,,,,,,,,,,,,
082082,0064003,2,茨城県,イバラキケン,Ibaraki,,,,龍ケ崎市,リュウガサキシ,Ryugasaki-shi,,,,松ケ丘,マツガオカ,Matsugaoka,３丁目,３チョウメ,3,,,,,0,0,0,0,0,0,1,1,1947-04-17,,0,,,MJ013668_*_*,,,,,,,,,,,,,
082082,0064004,2,茨城県,イバラキケン,Ibaraki,,,,龍ケ崎市,リュウガサキシ,Ryugasaki-shi,,,,松ケ丘,マツガオカ,Matsugaoka,４丁目,４チョウメ,4,,,,,0,0,0,0,0,0,1,1,1947-04-17,,0,,,MJ013668_*_*,,,,,,,,,,,,,
082082,0065001,2,茨城県,イバラキケン,Ibaraki,,,,龍ケ崎市,リュウガサキシ,Ryugasaki-shi,,,,松葉,マツバ,Matsuba,１丁目,１チョウメ,1,,,,,0,0,0,0,0,0,1,1,1947-04-17,,0,,,MJ013668_*,,,,,,,,,,,,,
082082,0065002,2,茨城県,イバラキケン,Ibaraki,,,,龍ケ崎市,リュウガサキシ,Ryugasaki-shi,,,,松葉,マツバ,Matsuba,２丁目,２チョウメ,2,,,,,0,0,0,0,0,0,1,1,1947-04-17,,0,,,MJ013668_*,,,,,,,,,,,,,
082082,0065003,2,茨城県,イバラキケン,Ibaraki,,,,龍ケ崎市,リュウガサキシ,Ryugasaki-shi,,,,松葉,マツバ,Matsuba,３丁目,３チョウメ,3,,,,,0,0,0,0,0,0,1,1,1947-04-17,,0,,,MJ013668_*,,,,,,,,,,,,,
082082,0065004,2,茨城県,イバラキケン,Ibaraki,,,,龍ケ崎市,リュウガサキシ,Ryugasaki-shi,,,,松葉,マツバ,Matsuba,４丁目,４チョウメ,4,,,,,0,0,0,0,0,0,1,1,1947-04-17,,0,,,MJ013668_*,,,,,,,,,,,,,
082082,0065005,2,茨城県,イバラキケン,Ibaraki,,,,龍ケ崎市,リュウガサキシ,Ryugasaki-shi,,,,松葉,マツバ,Matsuba,５丁目,５チョウメ,5,,,,,0,0,0,0,0,0,1,1,1947-04-17,,0,,,MJ013668_*,,,,,,,,,,,,,
082082,0065006,2,茨城県,イバラキケン,Ibaraki,,,,龍ケ崎市,リュウガサキシ,Ryugasaki-shi,,,,松葉,マツバ,Matsuba,６丁目,６チョウメ,6,,,,,0,0,0,0,0,0,1,1,1947-04-17,,0,,,MJ013668_*,,,,,,,,,,,,,
082082,0066000,1,茨城県,イバラキケン,Ibaraki,,,,龍ケ崎市,リュウガサキシ,Ryugasaki-shi,,,,緑町,ミドリチョウ,Midoricho,,,,,,,,0,0,0,0,0,0,1,1,1947-04-17,,0,3010832,,,,,,,,,,,,,,,
082082,0067001,2,茨城県,イバラキケン,Ibaraki,,,,龍ケ崎市,リュウガサキシ,Ryugasaki-shi,,,,南が丘,ミナミガオカ,Minamigaoka,１丁目,１チョウメ,1,,,,,0,0,0,0,0,0,1,1,1947-04-17,,0,,,,,,,,,,,,,,,,
082082,0067002,2,茨城県,イバラキケン,Ibaraki,,,,龍ケ崎市,リュウガサキシ,Ryugasaki-shi,,,,南が丘,ミナミガオカ,Minamigaoka,２丁目,２チョウメ,2,,,,,0,0,0,0,0,0,1,1,1947-04-17,,0,,,,,,,,,,,,,,,,
082082,0067003,2,茨城県,イバラキケン,Ibaraki,,,,龍ケ崎市,リュウガサキシ,Ryugasaki-shi,,,,南が丘,ミナミガオカ,Minamigaoka,３丁目,３チョウメ,3,,,,,0,0,0,0,0,0,1,1,1947-04-17,,0,,,,,,,,,,,,,,,,
082082,0067004,2,茨城県,イバラキケン,Ibaraki,,,,龍ケ崎市,リュウガサキシ,Ryugasaki-shi,,,,南が丘,ミナミガオカ,Minamigaoka,４丁目,４チョウメ,4,,,,,0,0,0,0,0,0,1,1,1947-04-17,,0,,,,,,,,,,,,,,,,
082082,0067005,2,茨城県,イバラキケン,Ibaraki,,,,龍ケ崎市,リュウガサキシ,Ryugasaki-shi,,,,南が丘,ミナミガオカ,Minamigaoka,５丁目,５チョウメ,5,,,,,0,0,0,0,0,0,1,1,1947-04-17,,0,,,,,,,,,,,,,,,,
082082,0067006,2,茨城県,イバラキケン,Ibaraki,,,,龍ケ崎市,リュウガサキシ,Ryugasaki-shi,,,,南が丘,ミナミガオカ,Minamigaoka,６丁目,６チョウメ,6,,,,,0,0,0,0,0,0,1,1,1947-04-17,,0,,,,,,,,,,,,,,,,
082082,0068000,1,茨城県,イバラキケン,Ibaraki,,,,龍ケ崎市,リュウガサキシ,Ryugasaki-shi,,,,南中島町,ミナミナカジママチ,Minaminakajimamachi,,,,,,,,0,0,0,0,0,0,1,1,1947-04-17,,0,3010047,,,,,,,,,,,,,,,
082082,0069000,1,茨城県,イバラキケン,Ibaraki,,,,龍ケ崎市,リュウガサキシ,Ryugasaki-shi,,,,宮渕町,ミヤブチマチ,Miyabuchimachi,,,,,,,,0,0,0,0,0,0,1,1,1947-04-17,,0,3010811,,,,,,,,,,,,,,,
082082,0070000,1,茨城県,イバラキケン,Ibaraki,,,,龍ケ崎市,リュウガサキシ,Ryugasaki-shi,,,,八代町,ヤシロマチ,Yashiromachi,,,,,,,,0,0,0,0,0,0,1,1,1947-04-17,,0,3010842,,MJ007273_*_*,,,,,,,,,,,,,
082082,0072000,1,茨城県,イバラキケン,Ibaraki,,,,龍ケ崎市,リュウガサキシ,Ryugasaki-shi,,,,野原町,ヤワラマチ,Yawaramachi,,,,,,,,0,0,0,0,0,0,1,1,1947-04-17,,0,3010831,,,,,,,,,,,,,,,
082082,0075000,1,茨城県,イバラキケン,Ibaraki,,,,龍ケ崎市,リュウガサキシ,Ryugasaki-shi,,,,若柴町,ワカシバマチ,Wakashibamachi,,,,,,,,0,0,0,0,0,0,1,1,1947-04-17,,0,3010041,,,,,,,,,,,,,,,
082082,0076000,1,茨城県,イバラキケン,Ibaraki,,,,龍ケ崎市,リュウガサキシ,Ryugasaki-shi,,,,羽根野,ハネノ,,,,,,,,,0,0,0,0,0,0,1,1,1947-04-17,,0,,,,,,,,,,,,,,,,
082082,0082000,1,茨城県,イバラキケン,Ibaraki,,,,龍ケ崎市,リュウガサキシ,Ryugasaki-shi,,,,島田町,シマダチヨウ,,,,,,,,,0,0,0,0,0,0,1,1,1947-04-17,,0,,,,,,,,,,,,,,,,
082082,0083101,3,茨城県,イバラキケン,Ibaraki,,,,龍ケ崎市,リュウガサキシ,Ryugasaki-shi,,,,龍ケ崎市,リュウガサキシ,,,,,上町,カミマチ,,,0,0,0,0,0,0,1,0,1947-04-17,,1,,,,,,,,,,,,,,,,
082082,0083102,3,茨城県,イバラキケン,Ibaraki,,,,龍ケ崎市,リュウガサキシ,Ryugasaki-shi,,,,龍ケ崎市,リュウガサキシ,,,,,下土井,シモドイ,,,0,0,0,0,0,0,1,0,1947-04-17,,1,,,,,,,,,,,,,,,,
082082,0083103,3,茨城県,イバラキケン,Ibaraki,,,,龍ケ崎市,リュウガサキシ,Ryugasaki-shi,,,,龍ケ崎市,リュウガサキシ,,,,,下地内,ゲヂウチ,,,0,0,0,0,0,0,1,0,1947-04-17,,1,,,,,,,,,,,,,,,,
082082,0083104,3,茨城県,イバラキケン,Ibaraki,,,,龍ケ崎市,リュウガサキシ,Ryugasaki-shi,,,,龍ケ崎市,リュウガサキシ,,,,,下町,シモマチ,,,0,0,0,0,0,0,1,0,1947-04-17,,1,,,,,,,,,,,,,,,,
082082,0083105,3,茨城県,イバラキケン,Ibaraki,,,,龍ケ崎市,リュウガサキシ,Ryugasaki-shi,,,,龍ケ崎市,リュウガサキシ,,,,,中谷原,ナカヤワラ,,,0,0,0,0,0,0,1,0,1947-04-17,,1,,,,,,,,,,,,,,,,
082082,0083106,3,茨城県,イバラキケン,Ibaraki,,,,龍ケ崎市,リュウガサキシ,Ryugasaki-shi,,,,龍ケ崎市,リュウガサキシ,,,,,光順田,コウジュンダ,,,0,0,0,0,0,0,1,0,1947-04-17,,1,,,,,,,,,,,,,,,,
082082,0083107,3,茨城県,イバラキケン,Ibaraki,,,,龍ケ崎市,リュウガサキシ,Ryugasaki-shi,,,,龍ケ崎市,リュウガサキシ,,,,,六斗蒔,ロクトマキ,,,0,0,0,0,0,0,1,0,1947-04-17,,1,,,,,,,,,,,,,,,,
082082,0083108,3,茨城県,イバラキケン,Ibaraki,,,,龍ケ崎市,リュウガサキシ,Ryugasaki-shi,,,,龍ケ崎市,リュウガサキシ,,,,,出し山,ダシヤマ,,,0,0,0,0,0,0,1,0,1947-04-17,,1,,,,,,,,,,,,,,,,
082082,0083109,3,茨城県,イバラキケン,Ibaraki,,,,龍ケ崎市,リュウガサキシ,Ryugasaki-shi,,,,龍ケ崎市,リュウガサキシ,,,,,古城,コジョウ,,,0,0,0,0,0,0,1,0,1947-04-17,,1,,,,,,,,,,,,,,,,
082082,0083110,3,茨城県,イバラキケン,Ibaraki,,,,龍ケ崎市,リュウガサキシ,Ryugasaki-shi,,,,龍ケ崎市,リュウガサキシ,,,,,大座,オオザ,,,0,0,0,0,0,0,1,0,1947-04-17,,1,,,,,,,,,,,,,,,,
082082,0083111,3,茨城県,イバラキケン,Ibaraki,,,,龍ケ崎市,リュウガサキシ,Ryugasaki-shi,,,,龍ケ崎市,リュウガサキシ,,,,,奈戸岡,ナトオカ,,,0,0,0,0,0,0,1,0,1947-04-17,,1,,,,,,,,,,,,,,,,
082082,0083112,3,茨城県,イバラキケン,Ibaraki,,,,龍ケ崎市,リュウガサキシ,Ryugasaki-shi,,,,龍ケ崎市,リュウガサキシ,,,,,姫宮,ヒメミヤ,,,0,0,0,0,0,0,1,0,1947-04-17,,1,,,,,,,,,,,,,,,,
082082,0083113,3,茨城県,イバラキケン,Ibaraki,,,,龍ケ崎市,リュウガサキシ,Ryugasaki-shi,,,,龍ケ崎市,リュウガサキシ,,,,,寺後,テラゴ,,,0,0,0,0,0,0,1,0,1947-04-17,,1,,,,,,,,,,,,,,,,
082082,0083114,3,茨城県,イバラキケン,Ibaraki,,,,龍ケ崎市,リュウガサキシ,Ryugasaki-shi,,,,龍ケ崎市,リュウガサキシ,,,,,川余郷,カワヨゴウ,,,0,0,0,0,0,0,1,0,1947-04-17,,1,,,,,,,,,,,,,,,,
082082,0083115,3,茨城県,イバラキケン,Ibaraki,,,,龍ケ崎市,リュウガサキシ,Ryugasaki-shi,,,,龍ケ崎市,リュウガサキシ,,,,,平畑,ヒラハタ,,,0,0,0,0,0,0,1,0,1947-04-17,,1,,,,,,,,,,,,,,,,
082082,0083116,3,茨城県,イバラキケン,Ibaraki,,,,龍ケ崎市,リュウガサキシ,Ryugasaki-shi,,,,龍ケ崎市,リュウガサキシ,,,,,愛宕,アタゴ,,,0,0,0,0,0,0,1,0,1947-04-17,,1,,,,,,,,,,,,,,,,
082082,0083117,3,茨城県,イバラキケン,Ibaraki,,,,龍ケ崎市,リュウガサキシ,Ryugasaki-shi,,,,龍ケ崎市,リュウガサキシ,,,,,愛戸,アタド,,,0,0,0,0,0,0,1,0,1947-04-17,,1,,,,,,,,,,,,,,,,
082082,0083118,3,茨城県,イバラキケン,Ibaraki,,,,龍ケ崎市,リュウガサキシ,Ryugasaki-shi,,,,龍ケ崎市,リュウガサキシ,,,,,新町,シンマチ,,,0,0,0,0,0,0,1,0,1947-04-17,,1,,,,,,,,,,,,,,,,
082082,0083119,3,茨城県,イバラキケン,Ibaraki,,,,龍ケ崎市,リュウガサキシ,Ryugasaki-shi,,,,龍ケ崎市,リュウガサキシ,,,,,柏ケ作,カシガワサク,,,0,0,0,0,0,0,1,0,1947-04-17,,1,,,,,,,,,,,,,,,,
082082,0083120,3,茨城県,イバラキケン,Ibaraki,,,,龍ケ崎市,リュウガサキシ,Ryugasaki-shi,,,,龍ケ崎市,リュウガサキシ,,,,,根町,ネマチ,,,0,0,0,0,0,0,1,0,1947-04-17,,1,,,,,,,,,,,,,,,,
082082,0083121,3,茨城県,イバラキケン,Ibaraki,,,,龍ケ崎市,リュウガサキシ,Ryugasaki-shi,,,,龍ケ崎市,リュウガサキシ,,,,,横町,ヨコマチ,,,0,0,0,0,0,0,1,0,1947-04-17,,1,,,,,,,,,,,,,,,,
082082,0083122,3,茨城県,イバラキケン,Ibaraki,,,,龍ケ崎市,リュウガサキシ,Ryugasaki-shi,,,,龍ケ崎市,リュウガサキシ,,,,,田町,タマチ,,,0,0,0,0,0,0,1,0,1947-04-17,,1,,,,,,,,,,,,,,,,
082082,0083123,3,茨城県,イバラキケン,Ibaraki,,,,龍ケ崎市,リュウガサキシ,Ryugasaki-shi,,,,龍ケ崎市,リュウガサキシ,,,,,直鮒,スウブナ,,,0,0,0,0,0,0,1,0,1947-04-17,,1,,,,,,,MJ018124_*,,,,,,,,,
082082,0083124,3,茨城県,イバラキケン,Ibaraki,,,,龍ケ崎市,リュウガサキシ,Ryugasaki-shi,,,,龍ケ崎市,リュウガサキシ,,,,,砂町,スナマチ,,,0,0,0,0,0,0,1,0,1947-04-17,,1,,,,,,,,,,,,,,,,
082082,0083125,3,茨城県,イバラキケン,Ibaraki,,,,龍ケ崎市,リュウガサキシ,Ryugasaki-shi,,,,龍ケ崎市,リュウガサキシ,,,,,立野,タテノ,,,0,0,0,0,0,0,1,0,1947-04-17,,1,,,,,,,,,,,,,,,,
082082,0083126,3,茨城県,イバラキケン,Ibaraki,,,,龍ケ崎市,リュウガサキシ,Ryugasaki-shi,,,,龍ケ崎市,リュウガサキシ,,,,,米町,コメマチ,,,0,0,0,0,0,0,1,0,1947-04-17,,1,,,,,,,,,,,,,,,,
082082,0083127,3,茨城県,イバラキケン,Ibaraki,,,,龍ケ崎市,リュウガサキシ,Ryugasaki-shi,,,,龍ケ崎市,リュウガサキシ,,,,,谷道,ヤミチ,,,0,0,0,0,0,0,1,0,1947-04-17,,1,,,,,,,,,,,,,,,,
082082,0083128,3,茨城県,イバラキケン,Ibaraki,,,,龍ケ崎市,リュウガサキシ,Ryugasaki-shi,,,,龍ケ崎市,リュウガサキシ,,,,,野原,ヤワラ,,,0,0,0,0,0,0,1,0,1947-04-17,,1,,,,,,,,,,,,,,,,
082082,0083129,3,茨城県,イバラキケン,Ibaraki,,,,龍ケ崎市,リュウガサキシ,Ryugasaki-shi,,,,龍ケ崎市,リュウガサキシ,,,,,高砂,タカスナ,,,0,0,0,0,0,0,1,0,1947-04-17,,1,,,,,,,,,,,,,,,,
082104,0000140,3,茨城県,イバラキケン,Ibaraki,,,,下妻市,シモツマシ,Shimotsuma-shi,,,,,,,,,,田町,タマチ,Tamachi,,0,0,0,0,0,0,1,0,1947-04-17,,0,3040069,,,,,,,,,,,,,,,
082104,0001000,1,茨城県,イバラキケン,Ibaraki,,,,下妻市,シモツマシ,Shimotsuma-shi,,,,赤須,アカス,Akasu,,,,,,,,0,0,0,0,0,0,1,1,1947-04-17,,0,3040074,,,,,,,,,,,,,,,
082104,0002000,1,茨城県,イバラキケン,Ibaraki,,,,下妻市,シモツマシ,Shimotsuma-shi,,,,伊古立,イゴタツ,Igodatsu,,,,,,,,0,0,0,0,0,0,1,1,1947-04-17,,0,3040803,,,,,,,,,,,,,,,
082104,0003000,1,茨城県,イバラキケン,Ibaraki,,,,下妻市,シモツマシ,Shimotsuma-shi,,,,石の宮,イシノミヤ,Ishinomiya,,,,,,,,0,0,0,0,0,0,1,1,1947-04-17,,0,3040057,,,,,,,,,,,,,,,
082104,0004000,1,茨城県,イバラキケン,Ibaraki,,,,下妻市,シモツマシ,Shimotsuma-shi,,,,今泉,イマイズミ,Imaizumi,,,,,,,,0,0,0,0,0,0,1,1,1947-04-17,,0,3040053,,,,,,,,,,,,,,,
082104,0005000,1,茨城県,イバラキケン,Ibaraki,,,,下妻市,シモツマシ,Shimotsuma-shi,,,,江,エ,E,,,,,,,,0,0,0,0,0,0,1,1,1947-04-17,,0,3040002,,,,,,,,,,,,,,,
082104,0006000,1,茨城県,イバラキケン,Ibaraki,,,,下妻市,シモツマシ,Shimotsuma-shi,,,,大木,オオキ,Oki,,,,,,,,0,0,0,0,0,0,1,1,1947-04-17,,0,3040004,,,,,,,,,,,,,,,
082104,0007000,1,茨城県,イバラキケン,Ibaraki,,,,下妻市,シモツマシ,Shimotsuma-shi,,,,大木新田,オオキシンデン,Okishinden,,,,,,,,0,0,0,0,0,0,1,1,1947-04-17,,0,3040025,,,,,,,,,,,,,,,
082104,0008000,1,茨城県,イバラキケン,Ibaraki,,,,下妻市,シモツマシ,Shimotsuma-shi,,,,大園木,オオゾノキ,Ozonoki,,,,,,,,0,0,0,0,0,0,1,1,1947-04-17,,0,3040801,,,,,,,,,,,,,,,
082104,0009000,1,茨城県,イバラキケン,Ibaraki,,,,下妻市,シモツマシ,Shimotsuma-shi,,,,長萱,オサガヤ,Osagaya,,,,,,,,0,0,0,0,0,0,1,1,1947-04-17,,0,3040804,,,,,,,,,,,,,,,
082104,0010000,1,茨城県,イバラキケン,Ibaraki,,,,下妻市,シモツマシ,Shimotsuma-shi,,,,小島,オジマ,Ojima,,,,,,,,0,0,0,0,0,0,1,1,1947-04-17,,0,3040051,,,,,,,,,,,,,,,
082104,0011000,1,茨城県,イバラキケン,Ibaraki,,,,下妻市,シモツマシ,Shimotsuma-shi,,,,小野子町,オノコチヨウ,,,,,,,,,0,0,0,0,0,0,1,0,1947-04-17,,1,,,,,,,,,,,,,,,,
082104,0011001,2,茨城県,イバラキケン,Ibaraki,,,,下妻市,シモツマシ,Shimotsuma-shi,,,,小野子町,オノコチョウ,Onokocho,１丁目,１チョウメ,1,,,,,0,0,0,0,0,0,1,1,1947-04-17,,0,,,,,,,,,,,,,,,,
082104,0011002,2,茨城県,イバラキケン,Ibaraki,,,,下妻市,シモツマシ,Shimotsuma-shi,,,,小野子町,オノコチョウ,Onokocho,２丁目,２チョウメ,2,,,,,0,0,0,0,0,0,1,1,1947-04-17,,0,,,,,,,,,,,,,,,,
082104,0012000,1,茨城県,イバラキケン,Ibaraki,,,,下妻市,シモツマシ,Shimotsuma-shi,,,,数須,カズス,Kazusu,,,,,,,,0,0,0,0,0,0,1,1,1947-04-17,,0,3040016,,,,,,,,,,,,,,,
082104,0013000,1,茨城県,イバラキケン,Ibaraki,,,,下妻市,シモツマシ,Shimotsuma-shi,,,,鎌庭,カマニワ,Kamaniwa,,,,,,,,0,0,0,0,0,0,1,1,1947-04-17,,0,3040819,,,,,,,,,,,,,,,
082104,0014000,1,茨城県,イバラキケン,Ibaraki,,,,下妻市,シモツマシ,Shimotsuma-shi,,,,亀崎,カメザキ,Kamezaki,,,,,,,,0,0,0,0,0,0,1,1,1947-04-17,,0,3040050,,,,,,,,,,,,,,,
082104,0015000,1,茨城県,イバラキケン,Ibaraki,,,,下妻市,シモツマシ,Shimotsuma-shi,,,,加養,カヨウ,Kayo,,,,,,,,0,0,0,0,0,0,1,1,1947-04-17,,0,3040048,,,,,,,,,,,,,,,
082104,0016000,1,茨城県,イバラキケン,Ibaraki,,,,下妻市,シモツマシ,Shimotsuma-shi,,,,唐崎,カラサキ,Karasaki,,,,,,,,0,0,0,0,0,0,1,1,1947-04-17,,0,3040805,,,,,,,,,,,,,,,
082104,0017000,1,茨城県,イバラキケン,Ibaraki,,,,下妻市,シモツマシ,Shimotsuma-shi,,,,北大宝,キタダイホウ,Kitadaiho,,,,,,,,0,0,0,0,0,0,1,1,1947-04-17,,0,3040021,,,,,,,,,,,,,,,
082104,0018000,1,茨城県,イバラキケン,Ibaraki,,,,下妻市,シモツマシ,Shimotsuma-shi,,,,鬼怒,キヌ,Kinu,,,,,,,,0,0,0,0,0,0,1,1,1947-04-17,,0,3040818,,,,,,,,,,,,,,,
082104,0019000,1,茨城県,イバラキケン,Ibaraki,,,,下妻市,シモツマシ,Shimotsuma-shi,,,,桐ケ瀬,キリガセ,Kirigase,,,,,,,,0,0,0,0,0,0,1,1,1947-04-17,,0,3040073,,,,,,,,,,,,,,,
082104,0020000,1,茨城県,イバラキケン,Ibaraki,,,,下妻市,シモツマシ,Shimotsuma-shi,,,,鯨,クジラ,Kujira,,,,,,,,0,0,0,0,0,0,1,1,1947-04-17,,0,3040802,,,,,,,,,,,,,,,
082104,0021000,1,茨城県,イバラキケン,Ibaraki,,,,下妻市,シモツマシ,Shimotsuma-shi,,,,黒駒,クロコマ,Kurokoma,,,,,,,,0,0,0,0,0,0,1,1,1947-04-17,,0,3040007,,,,,,,,,,,,,,,
082104,0022000,1,茨城県,イバラキケン,Ibaraki,,,,下妻市,シモツマシ,Shimotsuma-shi,,,,五箇,ゴカ,Goka,,,,,,,,0,0,0,0,0,0,1,1,1947-04-17,,0,3040823,,,,,,,,,,,,,,,
082104,0023000,1,茨城県,イバラキケン,Ibaraki,,,,下妻市,シモツマシ,Shimotsuma-shi,,,,坂本新田,サカモトシンデン,Sakamotoshinden,,,,,,,,0,0,0,0,0,0,1,1,1947-04-17,,0,3040024,,,,,,,,,,,,,,,
082104,0024000,1,茨城県,イバラキケン,Ibaraki,,,,下妻市,シモツマシ,Shimotsuma-shi,,,,砂沼新田,サヌマシンデン,Sanumashinden,,,,,,,,0,0,0,0,0,0,1,1,1947-04-17,,0,3040055,,,,,,,,,,,,,,,
082104,0025000,1,茨城県,イバラキケン,Ibaraki,,,,下妻市,シモツマシ,Shimotsuma-shi,,,,下宮,シタミヤ,Shitamiya,,,,,,,,0,0,0,0,0,0,1,1,1947-04-17,,0,3040013,,,,,,,,,,,,,,,
082104,0026000,1,茨城県,イバラキケン,Ibaraki,,,,下妻市,シモツマシ,Shimotsuma-shi,,,,尻手,シッテ,Shitte,,,,,,,,0,0,0,0,0,0,1,1,1947-04-17,,0,3040071,,,,,,,,,,,,,,,
082104,0027000,1,茨城県,イバラキケン,Ibaraki,,,,下妻市,シモツマシ,Shimotsuma-shi,,,,柴,シバ,Shiba,,,,,,,,0,0,0,0,0,0,1,1,1947-04-17,,0,3040006,,,,,,,,,,,,,,,
082104,0028000,1,茨城県,イバラキケン,Ibaraki,,,,下妻市,シモツマシ,Shimotsuma-shi,,,,渋井,シブイ,Shibui,,,,,,,,0,0,0,0,0,0,1,1,1947-04-17,,0,3040072,,,,,,,,,,,,,,,
082104,0029000,1,茨城県,イバラキケン,Ibaraki,,,,下妻市,シモツマシ,Shimotsuma-shi,,,,渋田,シブタ,Shibuta,,,,,,,,0,0,0,0,0,0,1,1,1947-04-17,,0,3040815,,,,,,,,,,,,,,,
082104,0030000,1,茨城県,イバラキケン,Ibaraki,,,,下妻市,シモツマシ,Shimotsuma-shi,,,,下木戸,シモキド,Shimokido,,,,,,,,0,0,0,0,0,0,1,1,1947-04-17,,0,3040028,,,,,,,,,,,,,,,
082104,0031000,1,茨城県,イバラキケン,Ibaraki,,,,下妻市,シモツマシ,Shimotsuma-shi,,,,下栗,シモグリ,Shimoguri,,,,,,,,0,0,0,0,0,0,1,1,1947-04-17,,0,3040811,,,,,,,,,,,,,,,
082104,0032000,1,茨城県,イバラキケン,Ibaraki,,,,下妻市,シモツマシ,Shimotsuma-shi,,,,下田,シモダ,Shimoda,,,,,,,,0,0,0,0,0,0,1,1,1947-04-17,,0,3040015,,,,,,,,,,,,,,,
082104,0033000,1,茨城県,イバラキケン,Ibaraki,,,,下妻市,シモツマシ,Shimotsuma-shi,,,,下妻乙,シモツマオツ,Shimotsuma Otsu,,,,,,,,0,0,0,0,0,0,1,0,1947-04-17,,0,3040067,,,,,,,,,,,,,,,
082104,0034000,1,茨城県,イバラキケン,Ibaraki,,,,下妻市,シモツマシ,Shimotsuma-shi,,,,下妻甲,シモツマコウ,Shimotsuma Ko,,,,,,,,0,0,0,0,0,0,1,0,1947-04-17,,0,3040066,,,,,,,,,,,,,,,
082104,0035000,1,茨城県,イバラキケン,Ibaraki,,,,下妻市,シモツマシ,Shimotsuma-shi,,,,下妻丁,シモツマテイ,Shimotsuma Tei,,,,,,,,0,0,0,0,0,0,1,0,1947-04-17,,0,3040068,,,,,,,,,,,,,,,
082104,0036000,1,茨城県,イバラキケン,Ibaraki,,,,下妻市,シモツマシ,Shimotsuma-shi,,,,下妻丙,シモツマヘイ,Shimotsuma Hei,,,,,,,,0,0,0,0,0,0,1,0,1947-04-17,,0,3040061,,,,,,,,,,,,,,,
082104,0037000,1,茨城県,イバラキケン,Ibaraki,,,,下妻市,シモツマシ,Shimotsuma-shi,,,,神明,シンメイ,Shimmei,,,,,,,,0,0,0,0,0,0,1,1,1947-04-17,,0,3040011,,,,,,,,,,,,,,,
082104,0038000,1,茨城県,イバラキケン,Ibaraki,,,,下妻市,シモツマシ,Shimotsuma-shi,,,,関本下,セキモトシタ,Sekimotoshita,,,,,,,,0,0,0,0,0,0,1,1,1947-04-17,,0,3040003,,,,,,,,,,,,,,,
082104,0039000,1,茨城県,イバラキケン,Ibaraki,,,,下妻市,シモツマシ,Shimotsuma-shi,,,,宗道,ソウドウ,Sodo,,,,,,,,0,0,0,0,0,0,1,1,1947-04-17,,0,3040814,,,,,,,,,,,,,,,
082104,0040000,1,茨城県,イバラキケン,Ibaraki,,,,下妻市,シモツマシ,Shimotsuma-shi,,,,高道祖,タカサイ,Takasai,,,,,,,,0,0,0,0,0,0,1,1,1947-04-17,,0,3040031,,,,,,,,,,,,,,,
082104,0041000,1,茨城県,イバラキケン,Ibaraki,,,,下妻市,シモツマシ,Shimotsuma-shi,,,,田下,タゲ,Tage,,,,,,,,0,0,0,0,0,0,1,1,1947-04-17,,0,3040812,,,,,,,,,,,,,,,
082104,0042001,2,茨城県,イバラキケン,Ibaraki,,,,下妻市,シモツマシ,Shimotsuma-shi,,,,田町,タマチ,Tamachi,１丁目,１チョウメ,1,,,,,0,0,0,0,0,0,1,1,1947-04-17,,0,,,,,,,,,,,,,,,,
082104,0042002,2,茨城県,イバラキケン,Ibaraki,,,,下妻市,シモツマシ,Shimotsuma-shi,,,,田町,タマチ,Tamachi,２丁目,２チョウメ,2,,,,,0,0,0,0,0,0,1,1,1947-04-17,,0,,,,,,,,,,,,,,,,
082104,0043000,1,茨城県,イバラキケン,Ibaraki,,,,下妻市,シモツマシ,Shimotsuma-shi,,,,筑波島,チクワジマ,Chikuwajima,,,,,,,,0,0,0,0,0,0,1,1,1947-04-17,,0,3040017,,,,,,,,,,,,,,,
082104,0044000,1,茨城県,イバラキケン,Ibaraki,,,,下妻市,シモツマシ,Shimotsuma-shi,,,,中居指,ナカイザシ,Nakaizashi,,,,,,,,0,0,0,0,0,0,1,1,1947-04-17,,0,3040054,,,,,,,,,,,,,,,
082104,0045000,1,茨城県,イバラキケン,Ibaraki,,,,下妻市,シモツマシ,Shimotsuma-shi,,,,中郷,ナカゴウ,Nakago,,,,,,,,0,0,0,0,0,0,1,1,1947-04-17,,0,3040014,,,,,,,,,,,,,,,
082104,0046000,1,茨城県,イバラキケン,Ibaraki,,,,下妻市,シモツマシ,Shimotsuma-shi,,,,長塚,ナガツカ,Nagatsuka,,,,,,,,0,0,0,0,0,0,1,1,1947-04-17,,0,3040056,,,,,,,,,,,,,,,
082104,0047000,1,茨城県,イバラキケン,Ibaraki,,,,下妻市,シモツマシ,Shimotsuma-shi,,,,新堀,ニイボリ,Niibori,,,,,,,,0,0,0,0,0,0,1,1,1947-04-17,,0,3040049,,,,,,,,,,,,,,,
082104,0048000,1,茨城県,イバラキケン,Ibaraki,,,,下妻市,シモツマシ,Shimotsuma-shi,,,,二本紀,ニホンギ,Nihongi,,,,,,,,0,0,0,0,0,0,1,1,1947-04-17,,0,3040052,,,,,,,,,,,,,,,
082104,0049000,1,茨城県,イバラキケン,Ibaraki,,,,下妻市,シモツマシ,Shimotsuma-shi,,,,羽子,ハネゴ,Hanego,,,,,,,,0,0,0,0,0,0,1,1,1947-04-17,,0,3040817,,,,,,,,,,,,,,,
082104,0050000,1,茨城県,イバラキケン,Ibaraki,,,,下妻市,シモツマシ,Shimotsuma-shi,,,,原,ハラ,Hara,,,,,,,,0,0,0,0,0,0,1,1,1947-04-17,,0,3040816,,,,,,,,,,,,,,,
082104,0051000,1,茨城県,イバラキケン,Ibaraki,,,,下妻市,シモツマシ,Shimotsuma-shi,,,,半谷,ハンヤ,Hanya,,,,,,,,0,0,0,0,0,0,1,1,1947-04-17,,0,3040005,,,,,,,,,,,,,,,
082104,0052000,1,茨城県,イバラキケン,Ibaraki,,,,下妻市,シモツマシ,Shimotsuma-shi,,,,比毛,ヒケ,Hike,,,,,,,,0,0,0,0,0,0,1,1,1947-04-17,,0,3040032,,,,,,,,,,,,,,,
082104,0053000,1,茨城県,イバラキケン,Ibaraki,,,,下妻市,シモツマシ,Shimotsuma-shi,,,,肘谷,ヒジヤ,Hijiya,,,,,,,,0,0,0,0,0,0,1,1,1947-04-17,,0,3040047,,,,,,,,,,,,,,,
082104,0054000,1,茨城県,イバラキケン,Ibaraki,,,,下妻市,シモツマシ,Shimotsuma-shi,,,,樋橋,ヒバシ,Hibashi,,,,,,,,0,0,0,0,0,0,1,1,1947-04-17,,0,3040046,,,,,,,,,,,,,,,
082104,0055000,1,茨城県,イバラキケン,Ibaraki,,,,下妻市,シモツマシ,Shimotsuma-shi,,,,平方,ヒラカタ,Hirakata,,,,,,,,0,0,0,0,0,0,1,1,1947-04-17,,0,3040001,,,,,,,,,,,,,,,
082104,0056000,1,茨城県,イバラキケン,Ibaraki,,,,下妻市,シモツマシ,Shimotsuma-shi,,,,平沼,ヒラヌマ,Hiranuma,,,,,,,,0,0,0,0,0,0,1,1,1947-04-17,,0,3040026,,,,,,,,,,,,,,,
082104,0057000,1,茨城県,イバラキケン,Ibaraki,,,,下妻市,シモツマシ,Shimotsuma-shi,,,,福田,フクダ,Fukuda,,,,,,,,0,0,0,0,0,0,1,1,1947-04-17,,0,3040027,,,,,,,,,,,,,,,
082104,0058000,1,茨城県,イバラキケン,Ibaraki,,,,下妻市,シモツマシ,Shimotsuma-shi,,,,袋畑,フクロハタ,Fukurohata,,,,,,,,0,0,0,0,0,0,1,1,1947-04-17,,0,3040042,,,,,,,,,,,,,,,
082104,0059000,1,茨城県,イバラキケン,Ibaraki,,,,下妻市,シモツマシ,Shimotsuma-shi,,,,古沢,フルサワ,Furusawa,,,,,,,,0,0,0,0,0,0,1,1,1947-04-17,,0,3040041,,,,,,,,,,,,,,,
082104,0060000,1,茨城県,イバラキケン,Ibaraki,,,,下妻市,シモツマシ,Shimotsuma-shi,,,,別府,ベップ,Beppu,,,,,,,,0,0,0,0,0,0,1,1,1947-04-17,,0,3040821,,,,,,,,,,,,,,,
082104,0061000,1,茨城県,イバラキケン,Ibaraki,,,,下妻市,シモツマシ,Shimotsuma-shi,,,,本宿町,ホンジユクチヨウ,,,,,,,,,0,0,0,0,0,0,1,0,1947-04-17,,1,,,,,,,,,,,,,,,,
082104,0061001,2,茨城県,イバラキケン,Ibaraki,,,,下妻市,シモツマシ,Shimotsuma-shi,,,,本宿町,ホンジュクチョウ,Honjukucho,１丁目,１チョウメ,1,,,,,0,0,0,0,0,0,1,1,1947-04-17,,0,,,,,,,,,,,,,,,,
082104,0061002,2,茨城県,イバラキケン,Ibaraki,,,,下妻市,シモツマシ,Shimotsuma-shi,,,,本宿町,ホンジュクチョウ,Honjukucho,２丁目,２チョウメ,2,,,,,0,0,0,0,0,0,1,1,1947-04-17,,0,,,,,,,,,,,,,,,,
082104,0062000,1,茨城県,イバラキケン,Ibaraki,,,,下妻市,シモツマシ,Shimotsuma-shi,,,,本宗道,ホンソウドウ,Honsodo,,,,,,,,0,0,0,0,0,0,1,1,1947-04-17,,0,3040813,,,,,,,,,,,,,,,
082104,0063000,1,茨城県,イバラキケン,Ibaraki,,,,下妻市,シモツマシ,Shimotsuma-shi,,,,前河原,マエガワラ,Maegawara,,,,,,,,0,0,0,0,0,0,1,1,1947-04-17,,0,3040076,,,,,,,,,,,,,,,
082104,0064000,1,茨城県,イバラキケン,Ibaraki,,,,下妻市,シモツマシ,Shimotsuma-shi,,,,見田,ミタ,Mita,,,,,,,,0,0,0,0,0,0,1,1,1947-04-17,,0,3040806,,,,,,,,,,,,,,,
082104,0065000,1,茨城県,イバラキケン,Ibaraki,,,,下妻市,シモツマシ,Shimotsuma-shi,,,,皆葉,ミナバ,Minaba,,,,,,,,0,0,0,0,0,0,1,1,1947-04-17,,0,3040822,,,,,,,,,,,,,,,
082104,0066000,1,茨城県,イバラキケン,Ibaraki,,,,下妻市,シモツマシ,Shimotsuma-shi,,,,南原,ミナミハラ,Minamihara,,,,,,,,0,0,0,0,0,0,1,1,1947-04-17,,0,3040075,,,,,,,,,,,,,,,
082104,0067000,1,茨城県,イバラキケン,Ibaraki,,,,下妻市,シモツマシ,Shimotsuma-shi,,,,村岡,ムラオカ,Muraoka,,,,,,,,0,0,0,0,0,0,1,1,1947-04-17,,0,3040824,,,,,,,,,,,,,,,
082104,0068000,1,茨城県,イバラキケン,Ibaraki,,,,下妻市,シモツマシ,Shimotsuma-shi,,,,本城町,モトシロチヨウ,,,,,,,,,0,0,0,0,0,0,1,0,1947-04-17,,1,,,,,,,,,,,,,,,,
082104,0068001,2,茨城県,イバラキケン,Ibaraki,,,,下妻市,シモツマシ,Shimotsuma-shi,,,,本城町,モトシロチョウ,Motoshirocho,１丁目,１チョウメ,1,,,,,0,0,0,0,0,0,1,1,1947-04-17,,0,,,,,,,,,,,,,,,,
082104,0068002,2,茨城県,イバラキケン,Ibaraki,,,,下妻市,シモツマシ,Shimotsuma-shi,,,,本城町,モトシロチョウ,Motoshirocho,２丁目,２チョウメ,2,,,,,0,0,0,0,0,0,1,1,1947-04-17,,0,,,,,,,,,,,,,,,,
082104,0068003,2,茨城県,イバラキケン,Ibaraki,,,,下妻市,シモツマシ,Shimotsuma-shi,,,,本城町,モトシロチョウ,Motoshirocho,３丁目,３チョウメ,3,,,,,0,0,0,0,0,0,1,1,1947-04-17,,0,,,,,,,,,,,,,,,,
082104,0069000,1,茨城県,イバラキケン,Ibaraki,,,,下妻市,シモツマシ,Shimotsuma-shi,,,,柳原,ヤギワラ,Yagiwara,,,,,,,,0,0,0,0,0,0,1,1,1947-04-17,,0,3040044,,,,,,,,,,,,,,,
082104,0070000,1,茨城県,イバラキケン,Ibaraki,,,,下妻市,シモツマシ,Shimotsuma-shi,,,,谷田部,ヤタベ,Yatabe,,,,,,,,0,0,0,0,0,0,1,1,1947-04-17,,0,3040043,,,,,,,,,,,,,,,
082104,0071000,1,茨城県,イバラキケン,Ibaraki,,,,下妻市,シモツマシ,Shimotsuma-shi,,,,山尻,ヤマジリ,Yamajiri,,,,,,,,0,0,0,0,0,0,1,1,1947-04-17,,0,3040045,,,,,,,,,,,,,,,
082104,0072000,1,茨城県,イバラキケン,Ibaraki,,,,下妻市,シモツマシ,Shimotsuma-shi,,,,若柳,ワカヤナギ,Wakayanagi,,,,,,,,0,0,0,0,0,0,1,1,1947-04-17,,0,3040012,,,,,,,,,,,,,,,
082104,0075000,1,茨城県,イバラキケン,Ibaraki,,,,下妻市,シモツマシ,Shimotsuma-shi,,,,平川戸,ヒラカワド,Hirakawado,,,,,,,,0,0,0,0,0,0,1,1,1947-04-17,,0,3040018,,,,,,,,,,,,,,,
082104,0076000,1,茨城県,イバラキケン,Ibaraki,,,,下妻市,シモツマシ,Shimotsuma-shi,,,,大宝,ダイホウ,Daiho,,,,,,,,0,0,0,0,0,0,1,1,1947-04-17,,0,3040022,,,,,,,,,,,,,,,
082104,0077000,1,茨城県,イバラキケン,Ibaraki,,,,下妻市,シモツマシ,Shimotsuma-shi,,,,大串,オオクシ,Okushi,,,,,,,,0,0,0,0,0,0,1,1,1947-04-17,,0,3040023,,,,,,,,,,,,,,,
082104,0078000,1,茨城県,イバラキケン,Ibaraki,,,,下妻市,シモツマシ,Shimotsuma-shi,,,,下妻戊,シモツマボ,Shimotsuma Bo,,,,,,,,0,0,0,0,0,0,1,0,1947-04-17,,0,3040062,,,,,,,,,,,,,,,
082104,0079000,1,茨城県,イバラキケン,Ibaraki,,,,下妻市,シモツマシ,Shimotsuma-shi,,,,坂井,サカイ,Sakai,,,,,,,,0,0,0,0,0,0,1,1,1947-04-17,,0,3040034,,,,,,,,,,,,,,,
082104,0080000,1,茨城県,イバラキケン,Ibaraki,,,,下妻市,シモツマシ,Shimotsuma-shi,,,,堀篭,ホリゴメ,Horigome,,,,,,,,0,0,0,0,0,0,1,1,1947-04-17,,0,3040033,,,,,,,,,,,,,,,
082104,0081000,1,茨城県,イバラキケン,Ibaraki,,,,下妻市,シモツマシ,Shimotsuma-shi,,,,横根,ヨコネ,Yokone,,,,,,,,0,0,0,0,0,0,1,1,1947-04-17,,0,3040035,,,,,,,,,,,,,,,
082104,0082000,1,茨城県,イバラキケン,Ibaraki,,,,下妻市,シモツマシ,Shimotsuma-shi,,,,下妻,シモツマ,,,,,,,,,0,0,0,0,0,0,1,1,1947-04-17,,0,,,,,,,,,,,,,,,,
082104,0083000,1,茨城県,イバラキケン,Ibaraki,,,,下妻市,シモツマシ,Shimotsuma-shi,,,,関舘,セキタテ,,,,,,,,,0,0,0,0,0,0,1,1,1947-04-17,,0,,,,,,,,,,,,,,,,
082104,0084000,1,茨城県,イバラキケン,Ibaraki,,,,下妻市,シモツマシ,Shimotsuma-shi,,,,若宮戸,ワカミヤド,,,,,,,,,0,0,0,0,0,0,1,1,1947-04-17,,0,,,,,,,,,,,,,,,,
082104,0085000,1,茨城県,イバラキケン,Ibaraki,,,,下妻市,シモツマシ,Shimotsuma-shi,,,,小保川,オボカワ,,,,,,,,,0,0,0,0,0,0,1,1,1947-04-17,,0,,,,,,,,,,,,,,,,
082104,0086000,1,茨城県,イバラキケン,Ibaraki,,,,下妻市,シモツマシ,Shimotsuma-shi,,,,上野,ウエノ,,,,,,,,,0,0,0,0,0,0,1,1,1947-04-17,,0,,,,,,,,,,,,,,,,
082104,0087000,1,茨城県,イバラキケン,Ibaraki,,,,下妻市,シモツマシ,Shimotsuma-shi,,,,中村新田,ナカムラシンデン,,,,,,,,,0,0,0,0,0,0,1,1,1947-04-17,,0,,,,,,,,,,,,,,,,
082104,0089000,1,茨城県,イバラキケン,Ibaraki,,,,下妻市,シモツマシ,Shimotsuma-shi,,,,安食,アジキ,,,,,,,,,0,0,0,0,0,0,1,0,1947-04-17,,1,,,,,,,,,,,,,,,,
082104,0090000,1,茨城県,イバラキケン,Ibaraki,,,,下妻市,シモツマシ,Shimotsuma-shi,,,,若柳丙,ワカヤナギヘイ,,,,,,,,,0,0,0,0,0,0,1,0,1947-04-17,,1,,,,,,,,,,,,,,,,
082104,0091000,1,茨城県,イバラキケン,Ibaraki,,,,下妻市,シモツマシ,Shimotsuma-shi,,,,若柳乙,ワカヤナギオツ,,,,,,,,,0,0,0,0,0,0,1,0,1947-04-17,,1,,,,,,,,,,,,,,,,
082104,0092000,1,茨城県,イバラキケン,Ibaraki,,,,下妻市,シモツマシ,Shimotsuma-shi,,,,若柳甲,ワカヤナギコウ,,,,,,,,,0,0,0,0,0,0,1,0,1947-04-17,,1,,,,,,,,,,,,,,,,
082104,0093000,1,茨城県,イバラキケン,Ibaraki,,,,下妻市,シモツマシ,Shimotsuma-shi,,,,長塚乙,ナガツカオツ,,,,,,,,,0,0,0,0,0,0,1,0,1947-04-17,,1,,,,,,,,,,,,,,,,
082104,0094000,1,茨城県,イバラキケン,Ibaraki,,,,下妻市,シモツマシ,Shimotsuma-shi,,,,中央工業団地,チュウオウコウギョウダンチ,Chuokogyodanchi,,,,,,,,0,0,0,0,0,0,1,0,2024-08-28,,1,,,,,,,,,,,,,,,,
082112,0001000,1,茨城県,イバラキケン,Ibaraki,,,,常総市,ジョウソウシ,Joso-shi,,,,相野谷町,アイノヤマチ,Ainoyamachi,,,,,,,,0,0,0,0,0,0,1,1,1947-04-17,,0,3030002,,,,,,,,,,,,,,,
082112,0002101,3,茨城県,イバラキケン,Ibaraki,,,,常総市,ジョウソウシ,Joso-shi,,,,東町,アズマチョウ,Azumacho,,,,関場,セキバ,,,0,0,0,0,0,0,1,0,1947-04-17,,0,,,,,,,,,,,,,,,,
082112,0002102,3,茨城県,イバラキケン,Ibaraki,,,,常総市,ジョウソウシ,Joso-shi,,,,東町,アズマチョウ,Azumacho,,,,荒句,アラク,,,0,0,0,0,0,0,1,0,1947-04-17,,0,,,,,,,,,,,,,,,,
082112,0002134,3,茨城県,イバラキケン,Ibaraki,,,,常総市,ジョウソウシ,Joso-shi,,,,東町,アズマチョウ,Azumacho,,,,新堤付,シンツツミツキ,,,0,0,0,0,0,0,1,0,1947-04-17,,0,,,,,,,,,,,,,,,,
082112,0002135,3,茨城県,イバラキケン,Ibaraki,,,,常総市,ジョウソウシ,Joso-shi,,,,東町,アズマチョウ,Azumacho,,,,川西,カワニシ,,,0,0,0,0,0,0,1,0,1947-04-17,,0,,,,,,,,,,,,,,,,
082112,0002136,3,茨城県,イバラキケン,Ibaraki,,,,常総市,ジョウソウシ,Joso-shi,,,,東町,アズマチョウ,Azumacho,,,,袋,フクロ,,,0,0,0,0,0,0,1,0,1947-04-17,,0,,,,,,,,,,,,,,,,
082112,0002137,3,茨城県,イバラキケン,Ibaraki,,,,常総市,ジョウソウシ,Joso-shi,,,,東町,アズマチョウ,Azumacho,,,,堤向,ツツミムカイ,,,0,0,0,0,0,0,1,0,1947-04-17,,0,,,,,,,,,,,,,,,,
082112,0002138,3,茨城県,イバラキケン,Ibaraki,,,,常総市,ジョウソウシ,Joso-shi,,,,東町,アズマチョウ,Azumacho,,,,藤柄,フジガラ,,,0,0,0,0,0,0,1,0,1947-04-17,,0,,,,,,,,,,,,,,,,
082112,0002139,3,茨城県,イバラキケン,Ibaraki,,,,常総市,ジョウソウシ,Joso-shi,,,,東町,アズマチョウ,Azumacho,,,,平立,ヒラダチ,,,0,0,0,0,0,0,1,0,1947-04-17,,0,,,,,,,,,,,,,,,,
082112,0002140,3,茨城県,イバラキケン,Ibaraki,,,,常総市,ジョウソウシ,Joso-shi,,,,東町,アズマチョウ,,,,,堤付,ツツミツキ,,,0,0,0,0,0,0,1,0,1947-04-17,,1,,,,,,,,,,,,,,,,
082112,0003000,1,茨城県,イバラキケン,Ibaraki,,,,常総市,ジョウソウシ,Joso-shi,,,,新井木町,アライギマチ,Araigimachi,,,,,,,,0,0,0,0,0,0,1,1,1947-04-17,,0,3030016,,,,,,,,,,,,,,,
082112,0004000,1,茨城県,イバラキケン,Ibaraki,,,,常総市,ジョウソウシ,Joso-shi,,,,伊左衛門新田町,イザエモンシンデンマチ,Izaemonshindemmachi,,,,,,,,0,0,0,0,0,0,1,1,1947-04-17,,0,3002525,,,,,,,,,,,,,,,
082112,0005000,1,茨城県,イバラキケン,Ibaraki,,,,常総市,ジョウソウシ,Joso-shi,,,,内守谷町,ウチモリヤマチ,Uchimoriyamachi,,,,,,,,0,0,0,0,0,0,1,1,1947-04-17,,0,3030043,,,,,,,,,,,,,,,
082112,0006001,2,茨城県,イバラキケン,Ibaraki,,,,常総市,ジョウソウシ,Joso-shi,,,,内守谷町きぬの里,ウチモリヤマチキヌノサト,Uchimoriyamachikinunosato,一丁目,１チョウメ,1,,,,,0,0,0,0,0,0,1,1,1947-04-17,,0,,,,,,,,,,,,,,,,
082112,0006002,2,茨城県,イバラキケン,Ibaraki,,,,常総市,ジョウソウシ,Joso-shi,,,,内守谷町きぬの里,ウチモリヤマチキヌノサト,Uchimoriyamachikinunosato,二丁目,２チョウメ,2,,,,,0,0,0,0,0,0,1,1,1947-04-17,,0,,,,,,,,,,,,,,,,
082112,0006003,2,茨城県,イバラキケン,Ibaraki,,,,常総市,ジョウソウシ,Joso-shi,,,,内守谷町きぬの里,ウチモリヤマチキヌノサト,Uchimoriyamachikinunosato,三丁目,３チョウメ,3,,,,,0,0,0,0,0,0,1,1,1947-04-17,,0,,,,,,,,,,,,,,,,
082112,0007000,1,茨城県,イバラキケン,Ibaraki,,,,常総市,ジョウソウシ,Joso-shi,,,,大崎町,オオサキマチ,Osakimachi,,,,,,,,0,0,0,0,0,0,1,1,1947-04-17,,0,3030012,,,,,,,,,,,,,,,
082112,0008000,1,茨城県,イバラキケン,Ibaraki,,,,常総市,ジョウソウシ,Joso-shi,,,,大沢,オオサワ,Osawa,,,,,,,,0,0,0,0,0,0,1,1,1947-04-17,,0,3002727,,,,,,,,,,,,,,,
082112,0009000,1,茨城県,イバラキケン,Ibaraki,,,,常総市,ジョウソウシ,Joso-shi,,,,大沢新田,オオサワシンデン,Osawashinden,,,,,,,,0,0,0,0,0,0,1,1,1947-04-17,,0,3002745,,,,,,,,,,,,,,,
082112,0010000,1,茨城県,イバラキケン,Ibaraki,,,,常総市,ジョウソウシ,Joso-shi,,,,大塚戸町,オオツカドマチ,Otsukadomachi,,,,,,,,0,0,0,0,0,0,1,1,1947-04-17,,0,3030045,,,,,,,,,,,,,,,
082112,0011000,1,茨城県,イバラキケン,Ibaraki,,,,常総市,ジョウソウシ,Joso-shi,,,,大生郷新田町,オオノゴウシンデンマチ,Onogoshindemmachi,,,,,,,,0,0,0,0,0,0,1,1,1947-04-17,,0,3002526,,,,,,,,,,,,,,,
082112,0012000,1,茨城県,イバラキケン,Ibaraki,,,,常総市,ジョウソウシ,Joso-shi,,,,大生郷町,オオノゴウマチ,Onogomachi,,,,,,,,0,0,0,0,0,0,1,1,1947-04-17,,0,3002521,,,,,,,,,,,,,,,
082112,0013000,1,茨城県,イバラキケン,Ibaraki,,,,常総市,ジョウソウシ,Joso-shi,,,,大輪町,オオワマチ,Owamachi,,,,,,,,0,0,0,0,0,0,1,1,1947-04-17,,0,3002512,,,,,,,,,,,,,,,
082112,0014000,1,茨城県,イバラキケン,Ibaraki,,,,常総市,ジョウソウシ,Joso-shi,,,,岡田,オカダ,Okada,,,,,,,,0,0,0,0,0,0,1,1,1947-04-17,,0,3002743,,,,,,,,,,,,,,,
082112,0015000,1,茨城県,イバラキケン,Ibaraki,,,,常総市,ジョウソウシ,Joso-shi,,,,沖新田町,オキシンデンマチ,Okishindemmachi,,,,,,,,0,0,0,0,0,0,1,1,1947-04-17,,0,3002504,,,,,,,,,,,,,,,
082112,0016000,1,茨城県,イバラキケン,Ibaraki,,,,常総市,ジョウソウシ,Joso-shi,,,,小保川,オボカワ,Obokawa,,,,,,,,0,0,0,0,0,0,1,1,1947-04-17,,0,3002703,,,,,,,,,,,,,,,
082112,0017000,1,茨城県,イバラキケン,Ibaraki,,,,常総市,ジョウソウシ,Joso-shi,,,,川崎町乙,カワサキマチオツ,,,,,,,,,0,0,0,0,0,0,1,0,1947-04-17,,0,,,,,,,,,,,,,,,,
082112,0018000,1,茨城県,イバラキケン,Ibaraki,,,,常総市,ジョウソウシ,Joso-shi,,,,川崎町甲,カワサキマチコウ,,,,,,,,,0,0,0,0,0,0,1,0,1947-04-17,,0,,,,,,,,,,,,,,,,
082112,0019000,1,茨城県,イバラキケン,Ibaraki,,,,常総市,ジョウソウシ,Joso-shi,,,,川崎町丙,カワサキマチヘイ,,,,,,,,,0,0,0,0,0,0,1,0,1947-04-17,,0,,,,,,,,,,,,,,,,
082112,0020000,1,茨城県,イバラキケン,Ibaraki,,,,常総市,ジョウソウシ,Joso-shi,,,,蔵持,クラモチ,Kuramochi,,,,,,,,0,0,0,0,0,0,1,1,1947-04-17,,0,3002722,,,,,,,,,,,,,,,
082112,0021000,1,茨城県,イバラキケン,Ibaraki,,,,常総市,ジョウソウシ,Joso-shi,,,,蔵持新田,クラモチシンデン,Kuramochishinden,,,,,,,,0,0,0,0,0,0,1,1,1947-04-17,,0,3002723,,,,,,,,,,,,,,,
082112,0022000,1,茨城県,イバラキケン,Ibaraki,,,,常総市,ジョウソウシ,Joso-shi,,,,栗山新田,クリヤマシンデン,Kuriyamashinden,,,,,,,,0,0,0,0,0,0,1,1,1947-04-17,,0,3002734,,,,,,,,,,,,,,,
082112,0023000,1,茨城県,イバラキケン,Ibaraki,,,,常総市,ジョウソウシ,Joso-shi,,,,鴻野山,コウノヤマ,Konoyama,,,,,,,,0,0,0,0,0,0,1,1,1947-04-17,,0,3002746,,,,,,,,,,,,,,,
082112,0024000,1,茨城県,イバラキケン,Ibaraki,,,,常総市,ジョウソウシ,Joso-shi,,,,鴻野山新田,コウノヤマシンデン,Konoyamashinden,,,,,,,,0,0,0,0,0,0,1,1,1947-04-17,,0,3002732,,,,,,,,,,,,,,,
082112,0025000,1,茨城県,イバラキケン,Ibaraki,,,,常総市,ジョウソウシ,Joso-shi,,,,国生,コッショウ,Kossho,,,,,,,,0,0,0,0,0,0,1,1,1947-04-17,,0,3002741,,,,,,,,,,,,,,,
082112,0026000,1,茨城県,イバラキケン,Ibaraki,,,,常総市,ジョウソウシ,Joso-shi,,,,小山戸町,コヤマドマチ,Koyamadomachi,,,,,,,,0,0,0,0,0,0,1,1,1947-04-17,,0,3030006,,,,,,,,,,,,,,,
082112,0027000,1,茨城県,イバラキケン,Ibaraki,,,,常総市,ジョウソウシ,Joso-shi,,,,五郎兵衛新田町,ゴロベエシンデンマチ,Gorobeeshindemmachi,,,,,,,,0,0,0,0,0,0,1,1,1947-04-17,,0,3002524,,,,,,,,,,,,,,,
082112,0028000,1,茨城県,イバラキケン,Ibaraki,,,,常総市,ジョウソウシ,Joso-shi,,,,坂手町,サカテマチ,Sakatemachi,,,,,,,,0,0,0,0,0,0,1,1,1947-04-17,,0,3030042,,,,,,,,,,,,,,,
082112,0029000,1,茨城県,イバラキケン,Ibaraki,,,,常総市,ジョウソウシ,Joso-shi,,,,笹塚新田町,ササツカシンデンチョウ,Sasatsukashindencho,,,,,,,,0,0,0,0,0,0,1,1,1947-04-17,,0,3002523,,,,,,,,,,,,,,,
082112,0030000,1,茨城県,イバラキケン,Ibaraki,,,,常総市,ジョウソウシ,Joso-shi,,,,左平太新田,サヘイタシンデン,Saheitashinden,,,,,,,,0,0,0,0,0,0,1,1,1947-04-17,,0,3002735,,,,,,,,,,,,,,,
082112,0031000,1,茨城県,イバラキケン,Ibaraki,,,,常総市,ジョウソウシ,Joso-shi,,,,篠山,シノヤマ,Shinoyama,,,,,,,,0,0,0,0,0,0,1,1,1947-04-17,,0,3002721,,,,,,,,,,,,,,,
082112,0032000,1,茨城県,イバラキケン,Ibaraki,,,,常総市,ジョウソウシ,Joso-shi,,,,十花町,ジュッカマチ,Jukkamachi,,,,,,,,0,0,0,0,0,0,1,1,1947-04-17,,0,3030018,,,,,,,,,,,,,,,
082112,0033000,1,茨城県,イバラキケン,Ibaraki,,,,常総市,ジョウソウシ,Joso-shi,,,,上蛇町,ジョウジャマチ,Jojamachi,,,,,,,,0,0,0,0,0,0,1,1,1947-04-17,,0,3002502,,,,,,,,,,,,,,,
082112,0034000,1,茨城県,イバラキケン,Ibaraki,,,,常総市,ジョウソウシ,Joso-shi,,,,新石下,シンイシゲ,Shinishige,,,,,,,,0,0,0,0,0,0,1,1,1947-04-17,,0,3002706,,,,,,,,,,,,,,,
082112,0035000,1,茨城県,イバラキケン,Ibaraki,,,,常総市,ジョウソウシ,Joso-shi,,,,菅生町,スガオマチ,Sugaomachi,,,,,,,,0,0,0,0,0,0,1,1,1947-04-17,,0,3030044,,,,,,,,,,,,,,,
082112,0036000,1,茨城県,イバラキケン,Ibaraki,,,,常総市,ジョウソウシ,Joso-shi,,,,杉山,スギヤマ,Sugiyama,,,,,,,,0,0,0,0,0,0,1,1,1947-04-17,,0,3002744,,,,,,,,,,,,,,,
082112,0037000,1,茨城県,イバラキケン,Ibaraki,,,,常総市,ジョウソウシ,Joso-shi,,,,収納谷,スノウヤ,Sunoya,,,,,,,,0,0,0,0,0,0,1,1,1947-04-17,,0,3002713,,,,,,,,,,,,,,,
082112,0038000,1,茨城県,イバラキケン,Ibaraki,,,,常総市,ジョウソウシ,Joso-shi,,,,大房,ダイボウ,Daibo,,,,,,,,0,0,0,0,0,0,1,1,1947-04-17,,0,3002716,,,,,,,,,,,,,,,
082112,0039000,1,茨城県,イバラキケン,Ibaraki,,,,常総市,ジョウソウシ,Joso-shi,,,,舘方,タテカタ,Tategata,,,,,,,,0,0,0,0,0,0,1,1,1947-04-17,,0,3002704,,,,,,,,,,,,,,,
082112,0040000,1,茨城県,イバラキケン,Ibaraki,,,,常総市,ジョウソウシ,Joso-shi,,,,長助町,チョウスケマチ,Chosukemachi,,,,,,,,0,0,0,0,0,0,1,1,1947-04-17,,0,3030015,,,,,,,,,,,,,,,
082112,0041000,1,茨城県,イバラキケン,Ibaraki,,,,常総市,ジョウソウシ,Joso-shi,,,,東野原,トウノハラ,Tonohara,,,,,,,,0,0,0,0,0,0,1,1,1947-04-17,,0,3002717,,,,,,,,,,,,,,,
082112,0042000,1,茨城県,イバラキケン,Ibaraki,,,,常総市,ジョウソウシ,Joso-shi,,,,豊岡町乙,トヨオカマチオツ,,,,,,,,,0,0,0,0,0,0,1,0,1947-04-17,,0,,,,,,,,,,,,,,,,
082112,0043000,1,茨城県,イバラキケン,Ibaraki,,,,常総市,ジョウソウシ,Joso-shi,,,,豊岡町甲,トヨオカマチコウ,,,,,,,,,0,0,0,0,0,0,1,0,1947-04-17,,0,,,,,,,,,,,,,,,,
082112,0044000,1,茨城県,イバラキケン,Ibaraki,,,,常総市,ジョウソウシ,Joso-shi,,,,豊岡町丁,トヨオカマチテイ,,,,,,,,,0,0,0,0,0,0,1,0,1947-04-17,,0,,,,,,,,,,,,,,,,
082112,0045000,1,茨城県,イバラキケン,Ibaraki,,,,常総市,ジョウソウシ,Joso-shi,,,,豊岡町丙,トヨオカマチヘイ,,,,,,,,,0,0,0,0,0,0,1,0,1947-04-17,,0,,,,,,,,,,,,,,,,
082112,0046000,1,茨城県,イバラキケン,Ibaraki,,,,常総市,ジョウソウシ,Joso-shi,,,,豊田,トヨダ,Toyoda,,,,,,,,0,0,0,0,0,0,1,1,1947-04-17,,0,3002705,,,,,,,,,,,,,,,
082112,0047000,1,茨城県,イバラキケン,Ibaraki,,,,常総市,ジョウソウシ,Joso-shi,,,,中妻町,ナカツママチ,Nakatsumamachi,,,,,,,,0,0,0,0,0,0,1,1,1947-04-17,,0,3002505,,,,,,,,,,,,,,,
082112,0048000,1,茨城県,イバラキケン,Ibaraki,,,,常総市,ジョウソウシ,Joso-shi,,,,中沼,ナカヌマ,Nakanuma,,,,,,,,0,0,0,0,0,0,1,1,1947-04-17,,0,3002726,,,,,,,,,,,,,,,
082112,0049000,1,茨城県,イバラキケン,Ibaraki,,,,常総市,ジョウソウシ,Joso-shi,,,,中山町,ナカヤママチ,Nakayamamachi,,,,,,,,0,0,0,0,0,0,1,1,1947-04-17,,0,3030001,,,,,,,,,,,,,,,
082112,0050000,1,茨城県,イバラキケン,Ibaraki,,,,常総市,ジョウソウシ,Joso-shi,,,,花島町,ハナシママチ,Hanashimamachi,,,,,,,,0,0,0,0,0,0,1,1,1947-04-17,,0,3002511,,,,,,,,,,,,,,,
082112,0051000,1,茨城県,イバラキケン,Ibaraki,,,,常総市,ジョウソウシ,Joso-shi,,,,羽生町,ハニュウマチ,Hanyumachi,,,,,,,,0,0,0,0,0,0,1,1,1947-04-17,,0,3002513,,,,,,,,,,,,,,,
082112,0052000,1,茨城県,イバラキケン,Ibaraki,,,,常総市,ジョウソウシ,Joso-shi,,,,馬場,ババ,Baba,,,,,,,,0,0,0,0,0,0,1,1,1947-04-17,,0,3002748,,,,,,,,,,,,,,,
082112,0053000,1,茨城県,イバラキケン,Ibaraki,,,,常総市,ジョウソウシ,Joso-shi,,,,馬場新田,ババシンデン,Babashinden,,,,,,,,0,0,0,0,0,0,1,1,1947-04-17,,0,3002733,,,,,,,,,,,,,,,
082112,0054000,1,茨城県,イバラキケン,Ibaraki,,,,常総市,ジョウソウシ,Joso-shi,,,,原宿,ハラジュク,Harajuku,,,,,,,,0,0,0,0,0,0,1,1,1947-04-17,,0,3002702,,,,,,,,,,,,,,,
082112,0055000,1,茨城県,イバラキケン,Ibaraki,,,,常総市,ジョウソウシ,Joso-shi,,,,兵町,ヒョウマチ,Hyomachi,,,,,,,,0,0,0,0,0,0,1,1,1947-04-17,,0,3030014,,,,,,,,,,,,,,,
082112,0056000,1,茨城県,イバラキケン,Ibaraki,,,,常総市,ジョウソウシ,Joso-shi,,,,福二町乙,フクジマチオツ,,,,,,,,,0,0,0,0,0,0,1,0,1947-04-17,,0,,,,,,,,,,,,,,,,
082112,0057000,1,茨城県,イバラキケン,Ibaraki,,,,常総市,ジョウソウシ,Joso-shi,,,,福二町甲,フクジマチコウ,,,,,,,,,0,0,0,0,0,0,1,0,1947-04-17,,0,,,,,,,,,,,,,,,,
082112,0058000,1,茨城県,イバラキケン,Ibaraki,,,,常総市,ジョウソウシ,Joso-shi,,,,古間木,フルマギ,Furumagi,,,,,,,,0,0,0,0,0,0,1,1,1947-04-17,,0,3002724,,,,,,,,,,,,,,,
082112,0059000,1,茨城県,イバラキケン,Ibaraki,,,,常総市,ジョウソウシ,Joso-shi,,,,古間木新田,フルマギシンデン,Furumagishinden,,,,,,,,0,0,0,0,0,0,1,1,1947-04-17,,0,3002731,,,,,,,,,,,,,,,
082112,0060000,1,茨城県,イバラキケン,Ibaraki,,,,常総市,ジョウソウシ,Joso-shi,,,,古間木沼新田,フルマギヌマシンデン,Furumaginumashinden,,,,,,,,0,0,0,0,0,0,1,1,1947-04-17,,0,3002725,,,,,,,,,,,,,,,
082112,0061000,1,茨城県,イバラキケン,Ibaraki,,,,常総市,ジョウソウシ,Joso-shi,,,,平内,ヘイナイ,Heinai,,,,,,,,0,0,0,0,0,0,1,1,1947-04-17,,0,3002714,,,,,,,,,,,,,,,
082112,0062000,1,茨城県,イバラキケン,Ibaraki,,,,常総市,ジョウソウシ,Joso-shi,,,,平町,ヘイマチ,Heimachi,,,,,,,,0,0,0,0,0,0,1,1,1947-04-17,,0,3030017,,,,,,,,,,,,,,,
082112,0063000,1,茨城県,イバラキケン,Ibaraki,,,,常総市,ジョウソウシ,Joso-shi,,,,曲田,マガッタ,Magatta,,,,,,,,0,0,0,0,0,0,1,1,1947-04-17,,0,3002712,,,,,,,,,,,,,,,
082112,0064000,1,茨城県,イバラキケン,Ibaraki,,,,常総市,ジョウソウシ,Joso-shi,,,,孫兵ヱ新田,マゴベイシンデン,Magobeeshinden,,,,,,,,0,0,0,0,0,0,1,1,1947-04-17,,0,3002736,,,,,,,,,,,,,,,
082112,0065000,1,茨城県,イバラキケン,Ibaraki,,,,常総市,ジョウソウシ,Joso-shi,,,,三坂新田町,ミサカシンデンマチ,Misakashindemmachi,,,,,,,,0,0,0,0,0,0,1,1,1947-04-17,,0,3002507,,,,,,,,,,,,,,,
082112,0066000,1,茨城県,イバラキケン,Ibaraki,,,,常総市,ジョウソウシ,Joso-shi,,,,三坂町,ミサカマチ,Misakamachi,,,,,,,,0,0,0,0,0,0,1,1,1947-04-17,,0,3002506,,,,,,,,,,,,,,,
082112,0067000,1,茨城県,イバラキケン,Ibaraki,,,,常総市,ジョウソウシ,Joso-shi,,,,水海道亀岡町,ミツカイドウカメオカチョウ,Mitsukaido Kameokacho,,,,,,,,0,0,0,0,0,0,1,1,1947-04-17,,0,3030025,,,,,,,,,,,,,,,
082112,0068000,1,茨城県,イバラキケン,Ibaraki,,,,常総市,ジョウソウシ,Joso-shi,,,,水海道川又町,ミツカイドウカワマタチョウ,Mitsukaido Kawamatacho,,,,,,,,0,0,0,0,0,0,1,1,1947-04-17,,0,3030032,,,,,,,,,,,,,,,
082112,0069000,1,茨城県,イバラキケン,Ibaraki,,,,常総市,ジョウソウシ,Joso-shi,,,,水海道高野町,ミツカイドウコウヤマチ,Mitsukaido Koyamachi,,,,,,,,0,0,0,0,0,0,1,1,1947-04-17,,0,3030033,,,,,,,,,,,,,,,
082112,0070000,1,茨城県,イバラキケン,Ibaraki,,,,常総市,ジョウソウシ,Joso-shi,,,,水海道栄町,ミツカイドウサカエチョウ,Mitsukaido Sakaecho,,,,,,,,0,0,0,0,0,0,1,1,1947-04-17,,0,3030024,,,,,,,,,,,,,,,
082112,0071000,1,茨城県,イバラキケン,Ibaraki,,,,常総市,ジョウソウシ,Joso-shi,,,,水海道諏訪町,ミツカイドウスワマチ,Mitsukaido Suwamachi,,,,,,,,0,0,0,0,0,0,1,1,1947-04-17,,0,3030021,,,,,,,,,,,,,,,
082112,0072000,1,茨城県,イバラキケン,Ibaraki,,,,常総市,ジョウソウシ,Joso-shi,,,,水海道宝町,ミツカイドウタカラマチ,Mitsukaido Takaramachi,,,,,,,,0,0,0,0,0,0,1,1,1947-04-17,,0,3030023,,,,,,,,,,,,,,,
082112,0073000,1,茨城県,イバラキケン,Ibaraki,,,,常総市,ジョウソウシ,Joso-shi,,,,水海道天満町,ミツカイドウテンマンチョウ,Mitsukaido Temmancho,,,,,,,,0,0,0,0,0,0,1,1,1947-04-17,,0,3030034,,,,,,,,,,,,,,,
082112,0074000,1,茨城県,イバラキケン,Ibaraki,,,,常総市,ジョウソウシ,Joso-shi,,,,水海道橋本町,ミツカイドウハシモトチョウ,Mitsukaido Hashimotocho,,,,,,,,0,0,0,0,0,0,1,1,1947-04-17,,0,3030003,,,,,,,,,,,,,,,
082112,0075000,1,茨城県,イバラキケン,Ibaraki,,,,常総市,ジョウソウシ,Joso-shi,,,,水海道淵頭町,ミツカイドウフチガシラマチ,Mitsukaido Fuchigashiramachi,,,,,,,,0,0,0,0,0,0,1,1,1947-04-17,,0,3030022,,,,,,,,,,,,,,,
082112,0076000,1,茨城県,イバラキケン,Ibaraki,,,,常総市,ジョウソウシ,Joso-shi,,,,水海道本町,ミツカイドウホンチョウ,Mitsukaido Honcho,,,,,,,,0,0,0,0,0,0,1,1,1947-04-17,,0,3030026,,,,,,,,,,,,,,,
082112,0077000,1,茨城県,イバラキケン,Ibaraki,,,,常総市,ジョウソウシ,Joso-shi,,,,水海道元町,ミツカイドウモトマチ,Mitsukaido Motomachi,,,,,,,,0,0,0,0,0,0,1,1,1947-04-17,,0,3030004,,,,,,,,,,,,,,,
082112,0078000,1,茨城県,イバラキケン,Ibaraki,,,,常総市,ジョウソウシ,Joso-shi,,,,水海道森下町,ミツカイドウモリシタマチ,Mitsukaido Morishitamachi,,,,,,,,0,0,0,0,0,0,1,1,1947-04-17,,0,3030005,,,,,,,,,,,,,,,
082112,0079000,1,茨城県,イバラキケン,Ibaraki,,,,常総市,ジョウソウシ,Joso-shi,,,,水海道山田町,ミツカイドウヤマダマチ,Mitsukaido Yamadamachi,,,,,,,,0,0,0,0,0,0,1,1,1947-04-17,,0,3030031,,,,,,,,,,,,,,,
082112,0080000,1,茨城県,イバラキケン,Ibaraki,,,,常総市,ジョウソウシ,Joso-shi,,,,箕輪町,ミノワマチ,Minowamachi,,,,,,,,0,0,0,0,0,0,1,1,1947-04-17,,0,3030013,,,,,,,,,,,,,,,
082112,0081000,1,茨城県,イバラキケン,Ibaraki,,,,常総市,ジョウソウシ,Joso-shi,,,,向石下,ムコウイシゲ,Mukoishige,,,,,,,,0,0,0,0,0,0,1,1,1947-04-17,,0,3002742,,,,,,,,,,,,,,,
082112,0082000,1,茨城県,イバラキケン,Ibaraki,,,,常総市,ジョウソウシ,Joso-shi,,,,本石下,モトイシゲ,Motoishige,,,,,,,,0,0,0,0,0,0,1,1,1947-04-17,,0,3002707,,,,,,,,,,,,,,,
082112,0083000,1,茨城県,イバラキケン,Ibaraki,,,,常総市,ジョウソウシ,Joso-shi,,,,本豊田,モトトヨダ,Mototoyoda,,,,,,,,0,0,0,0,0,0,1,1,1947-04-17,,0,3002711,,,,,,,,,,,,,,,
082112,0084000,1,茨城県,イバラキケン,Ibaraki,,,,常総市,ジョウソウシ,Joso-shi,,,,山口,ヤマグチ,Yamaguchi,,,,,,,,0,0,0,0,0,0,1,1,1947-04-17,,0,3002715,,,,,,,,,,,,,,,
082112,0085000,1,茨城県,イバラキケン,Ibaraki,,,,常総市,ジョウソウシ,Joso-shi,,,,横曽根新田町,ヨコゾネシンデンマチ,Yokozoneshindemmachi,,,,,,,,0,0,0,0,0,0,1,1,1947-04-17,,0,3002522,,,,,,,,,,,,,,,
082112,0086000,1,茨城県,イバラキケン,Ibaraki,,,,常総市,ジョウソウシ,Joso-shi,,,,若宮戸,ワカミヤト,Wakamiyado,,,,,,,,0,0,0,0,0,0,1,1,1947-04-17,,0,3002701,,,,,,,,,,,,,,,
082112,0087000,1,茨城県,イバラキケン,Ibaraki,,,,常総市,ジョウソウシ,Joso-shi,,,,崎房,サキブサ,Sakibusa,,,,,,,,0,0,0,0,0,0,1,1,1947-04-17,,0,3002747,,,,,,,,,,,,,,,
082112,0095000,1,茨城県,イバラキケン,Ibaraki,,,,常総市,ジョウソウシ,Joso-shi,,,,むすびまち,ムスビマチ,,,,,,,,,0,0,0,0,0,0,1,1,2023-04-27,,0,,,,,,,,,,,,,,,,
082121,0001000,1,茨城県,イバラキケン,Ibaraki,,,,常陸太田市,ヒタチオオタシ,Hitachiota-shi,,,,赤土町,アカツチチョウ,Akazuchicho,,,,,,,,0,0,0,0,0,0,1,1,1947-04-17,,0,3130102,,,,,,,,,,,,,,,
082121,0002000,1,茨城県,イバラキケン,Ibaraki,,,,常陸太田市,ヒタチオオタシ,Hitachiota-shi,,,,芦間町,アシマチョウ,Ashimacho,,,,,,,,0,0,0,0,0,0,1,1,1947-04-17,,0,3130121,,,,,,,,,,,,,,,
082121,0003000,1,茨城県,イバラキケン,Ibaraki,,,,常陸太田市,ヒタチオオタシ,Hitachiota-shi,,,,新地町,アラジチョウ,Arajicho,,,,,,,,0,0,0,0,0,0,1,1,1947-04-17,,0,3130132,,,,,,,,,,,,,,,
082121,0004000,1,茨城県,イバラキケン,Ibaraki,,,,常陸太田市,ヒタチオオタシ,Hitachiota-shi,,,,新宿町,アラジュクチョウ,Arajukucho,,,,,,,,0,0,0,0,0,0,1,1,1947-04-17,,0,3130007,,,,,,,,,,,,,,,
082121,0005000,1,茨城県,イバラキケン,Ibaraki,,,,常陸太田市,ヒタチオオタシ,Hitachiota-shi,,,,粟原町,アワバラチョウ,Awabaracho,,,,,,,,0,0,0,0,0,0,1,1,1947-04-17,,0,3130045,,,,,,,,,,,,,,,
082121,0006000,1,茨城県,イバラキケン,Ibaraki,,,,常陸太田市,ヒタチオオタシ,Hitachiota-shi,,,,磯部町,イソベチョウ,Isobecho,,,,,,,,0,0,0,0,0,0,1,1,1947-04-17,,0,3130042,,,,,,,,,,,,,,,
082121,0007000,1,茨城県,イバラキケン,Ibaraki,,,,常陸太田市,ヒタチオオタシ,Hitachiota-shi,,,,稲木町,イナギチョウ,Inagicho,,,,,,,,0,0,0,0,0,0,1,1,1947-04-17,,0,3130041,,,,,,,,,,,,,,,
082121,0008000,1,茨城県,イバラキケン,Ibaraki,,,,常陸太田市,ヒタチオオタシ,Hitachiota-shi,,,,岩手町,イワテチョウ,Iwatecho,,,,,,,,0,0,0,0,0,0,1,1,1947-04-17,,0,3130112,,,,,,,,,,,,,,,
082121,0009000,1,茨城県,イバラキケン,Ibaraki,,,,常陸太田市,ヒタチオオタシ,Hitachiota-shi,,,,内田町,ウチダチョウ,Uchidacho,,,,,,,,0,0,0,0,0,0,1,1,1947-04-17,,0,3130037,,,,,,,,,,,,,,,
082121,0010000,1,茨城県,イバラキケン,Ibaraki,,,,常陸太田市,ヒタチオオタシ,Hitachiota-shi,,,,内堀町,ウチボリチョウ,Uchiboricho,,,,,,,,0,0,0,0,0,0,1,1,1947-04-17,,0,3130063,,,,,,,,,,,,,,,
082121,0011000,1,茨城県,イバラキケン,Ibaraki,,,,常陸太田市,ヒタチオオタシ,Hitachiota-shi,,,,大方町,オオカタチョウ,Okatacho,,,,,,,,0,0,0,0,0,0,1,1,1947-04-17,,0,3130116,,,,,,,,,,,,,,,
082121,0012000,1,茨城県,イバラキケン,Ibaraki,,,,常陸太田市,ヒタチオオタシ,Hitachiota-shi,,,,大里町,オオサトチョウ,Osatocho,,,,,,,,0,0,0,0,0,0,1,1,1947-04-17,,0,3130125,,,,,,,,,,,,,,,
082121,0013000,1,茨城県,イバラキケン,Ibaraki,,,,常陸太田市,ヒタチオオタシ,Hitachiota-shi,,,,大菅町,オオスゲチョウ,Osugecho,,,,,,,,0,0,0,0,0,0,1,1,1947-04-17,,0,3110508,,,,,,,,,,,,,,,
082121,0014000,1,茨城県,イバラキケン,Ibaraki,,,,常陸太田市,ヒタチオオタシ,Hitachiota-shi,,,,大平町,オオタイラチョウ,Odairacho,,,,,,,,0,0,0,0,0,0,1,1,1947-04-17,,0,3130124,,,,,,,,,,,,,,,
082121,0015000,1,茨城県,イバラキケン,Ibaraki,,,,常陸太田市,ヒタチオオタシ,Hitachiota-shi,,,,大中町,オオナカチョウ,Onakacho,,,,,,,,0,0,0,0,0,0,1,1,1947-04-17,,0,3110505,,,,,,,,,,,,,,,
082121,0016000,1,茨城県,イバラキケン,Ibaraki,,,,常陸太田市,ヒタチオオタシ,Hitachiota-shi,,,,大森町,オオモリチョウ,Omoricho,,,,,,,,0,0,0,0,0,0,1,1,1947-04-17,,0,3130021,,,,,,,,,,,,,,,
082121,0017000,1,茨城県,イバラキケン,Ibaraki,,,,常陸太田市,ヒタチオオタシ,Hitachiota-shi,,,,岡田町,オカダチョウ,Okadacho,,,,,,,,0,0,0,0,0,0,1,1,1947-04-17,,0,3130031,,,,,,,,,,,,,,,
082121,0018000,1,茨城県,イバラキケン,Ibaraki,,,,常陸太田市,ヒタチオオタシ,Hitachiota-shi,,,,小沢町,オザワチョウ,Ozawacho,,,,,,,,0,0,0,0,0,0,1,1,1947-04-17,,0,3130038,,,,,,,,,,,,,,,
082121,0019000,1,茨城県,イバラキケン,Ibaraki,,,,常陸太田市,ヒタチオオタシ,Hitachiota-shi,,,,小島町,オジマチョウ,Ojimacho,,,,,,,,0,0,0,0,0,0,1,1,1947-04-17,,0,3130135,,,,,,,,,,,,,,,
082121,0020000,1,茨城県,イバラキケン,Ibaraki,,,,常陸太田市,ヒタチオオタシ,Hitachiota-shi,,,,落合町,オチアイチョウ,Ochiaicho,,,,,,,,0,0,0,0,0,0,1,1,1947-04-17,,0,3130036,,,,,,,,,,,,,,,
082121,0021000,1,茨城県,イバラキケン,Ibaraki,,,,常陸太田市,ヒタチオオタシ,Hitachiota-shi,,,,小目町,オメチョウ,Omecho,,,,,,,,0,0,0,0,0,0,1,1,1947-04-17,,0,3130033,,,,,,,,,,,,,,,
082121,0022000,1,茨城県,イバラキケン,Ibaraki,,,,常陸太田市,ヒタチオオタシ,Hitachiota-shi,,,,折橋町,オリハシチョウ,Orihashicho,,,,,,,,0,0,0,0,0,0,1,1,1947-04-17,,0,3110506,,,,,,,,,,,,,,,
082121,0023000,1,茨城県,イバラキケン,Ibaraki,,,,常陸太田市,ヒタチオオタシ,Hitachiota-shi,,,,堅磐町,カキワチョウ,Kakiwacho,,,,,,,,0,0,0,0,0,0,1,1,1947-04-17,,0,3130035,,,,,,,,,,,,,,,
082121,0024000,1,茨城県,イバラキケン,Ibaraki,,,,常陸太田市,ヒタチオオタシ,Hitachiota-shi,,,,金井町,カナイチョウ,Kanaicho,,,,,,,,0,0,0,0,0,0,1,1,1947-04-17,,0,3130016,,,,,,,,,,,,,,,
082121,0025000,1,茨城県,イバラキケン,Ibaraki,,,,常陸太田市,ヒタチオオタシ,Hitachiota-shi,,,,上大門町,カミオオカドチョウ,Kamiokadocho,,,,,,,,0,0,0,0,0,0,1,1,1947-04-17,,0,3130001,,,,,,,,,,,,,,,
082121,0026000,1,茨城県,イバラキケン,Ibaraki,,,,常陸太田市,ヒタチオオタシ,Hitachiota-shi,,,,上河合町,カミカワイチョウ,Kamikawaicho,,,,,,,,0,0,0,0,0,0,1,1,1947-04-17,,0,3130046,,,,,,,,,,,,,,,
082121,0027000,1,茨城県,イバラキケン,Ibaraki,,,,常陸太田市,ヒタチオオタシ,Hitachiota-shi,,,,上高倉町,カミタカクラチョウ,Kamitakakuracho,,,,,,,,0,0,0,0,0,0,1,1,1947-04-17,,0,3130353,,,,,,,,,,,,,,,
082121,0028000,1,茨城県,イバラキケン,Ibaraki,,,,常陸太田市,ヒタチオオタシ,Hitachiota-shi,,,,上土木内町,カミドギウチチョウ,Kamidogiuchicho,,,,,,,,0,0,0,0,0,0,1,1,1947-04-17,,0,3130034,,,,,,,,,,,,,,,
082121,0029000,1,茨城県,イバラキケン,Ibaraki,,,,常陸太田市,ヒタチオオタシ,Hitachiota-shi,,,,上利員町,カミトシカズチョウ,Kamitoshikazucho,,,,,,,,0,0,0,0,0,0,1,1,1947-04-17,,0,3130104,,,,,,,,,,,,,,,
082121,0030000,1,茨城県,イバラキケン,Ibaraki,,,,常陸太田市,ヒタチオオタシ,Hitachiota-shi,,,,上深荻町,カミフカオギチョウ,Kamifukaogicho,,,,,,,,0,0,0,0,0,0,1,1,1947-04-17,,0,3110509,,,,,,,,,,,,,,,
082121,0031000,1,茨城県,イバラキケン,Ibaraki,,,,常陸太田市,ヒタチオオタシ,Hitachiota-shi,,,,上宮河内町,カミミヤカワウチチョウ,Kamimiyakawauchicho,,,,,,,,0,0,0,0,0,0,1,1,1947-04-17,,0,3130101,,,,,,,,,,,,,,,
082121,0032000,1,茨城県,イバラキケン,Ibaraki,,,,常陸太田市,ヒタチオオタシ,Hitachiota-shi,,,,亀作町,カメザクチョウ,Kamezakucho,,,,,,,,0,0,0,0,0,0,1,1,1947-04-17,,0,3130023,,,,,,,,,,,,,,,
082121,0033000,1,茨城県,イバラキケン,Ibaraki,,,,常陸太田市,ヒタチオオタシ,Hitachiota-shi,,,,河内西町,カワチニシチョウ,Kawachinishicho,,,,,,,,0,0,0,0,0,0,1,1,1947-04-17,,0,3110301,,,,,,,,,,,,,,,
082121,0034000,1,茨城県,イバラキケン,Ibaraki,,,,常陸太田市,ヒタチオオタシ,Hitachiota-shi,,,,木崎一町,キザキイチチョウ,Kizaki Ichicho,,,,,,,,0,0,0,0,0,0,1,1,1947-04-17,,0,3130015,,,,,,,,,,,,,,,
082121,0035000,1,茨城県,イバラキケン,Ibaraki,,,,常陸太田市,ヒタチオオタシ,Hitachiota-shi,,,,木崎二町,キザキニチョウ,Kizaki Nicho,,,,,,,,0,0,0,0,0,0,1,1,1947-04-17,,0,3130014,,,,,,,,,,,,,,,
082121,0036000,1,茨城県,イバラキケン,Ibaraki,,,,常陸太田市,ヒタチオオタシ,Hitachiota-shi,,,,薬谷町,クスリヤチョウ,Kusuriyacho,,,,,,,,0,0,0,0,0,0,1,1,1947-04-17,,0,3130126,,,,,,,,,,,,,,,
082121,0037000,1,茨城県,イバラキケン,Ibaraki,,,,常陸太田市,ヒタチオオタシ,Hitachiota-shi,,,,国安町,クニヤスチョウ,Kuniyasucho,,,,,,,,0,0,0,0,0,0,1,1,1947-04-17,,0,3130221,,,,,,,,,,,,,,,
082121,0038000,1,茨城県,イバラキケン,Ibaraki,,,,常陸太田市,ヒタチオオタシ,Hitachiota-shi,,,,久米町,クメチョウ,Kumecho,,,,,,,,0,0,0,0,0,0,1,1,1947-04-17,,0,3130123,,,,,,,,,,,,,,,
082121,0039000,1,茨城県,イバラキケン,Ibaraki,,,,常陸太田市,ヒタチオオタシ,Hitachiota-shi,,,,天下野町,ケガノチョウ,Keganocho,,,,,,,,0,0,0,0,0,0,1,1,1947-04-17,,0,3130351,,,,,,,,,,,,,,,
082121,0040000,1,茨城県,イバラキケン,Ibaraki,,,,常陸太田市,ヒタチオオタシ,Hitachiota-shi,,,,小菅町,コスゲチョウ,Kosugecho,,,,,,,,0,0,0,0,0,0,1,1,1947-04-17,,0,3110507,,,,,,,,,,,,,,,
082121,0041000,1,茨城県,イバラキケン,Ibaraki,,,,常陸太田市,ヒタチオオタシ,Hitachiota-shi,,,,小妻町,コヅマチョウ,Kozumacho,,,,,,,,0,0,0,0,0,0,1,1,1947-04-17,,0,3110503,,,,,,,,,,,,,,,
082121,0042000,1,茨城県,イバラキケン,Ibaraki,,,,常陸太田市,ヒタチオオタシ,Hitachiota-shi,,,,寿町,コトブキチョウ,Kotobukicho,,,,,,,,0,0,0,0,0,0,1,1,1947-04-17,,0,3130064,,,,,,,,,,,,,,,
082121,0043000,1,茨城県,イバラキケン,Ibaraki,,,,常陸太田市,ヒタチオオタシ,Hitachiota-shi,,,,小中町,コナカチョウ,Konakacho,,,,,,,,0,0,0,0,0,0,1,1,1947-04-17,,0,3110504,,,,,,,,,,,,,,,
082121,0044000,1,茨城県,イバラキケン,Ibaraki,,,,常陸太田市,ヒタチオオタシ,Hitachiota-shi,,,,栄町,サカエチョウ,Sakaecho,,,,,,,,0,0,0,0,0,0,1,1,1947-04-17,,0,3130005,,,,,,,,,,,,,,,
082121,0045000,1,茨城県,イバラキケン,Ibaraki,,,,常陸太田市,ヒタチオオタシ,Hitachiota-shi,,,,里川町,サトガワチョウ,Satogawacho,,,,,,,,0,0,0,0,0,0,1,1,1947-04-17,,0,3110501,,,,,,,,,,,,,,,
082121,0046000,1,茨城県,イバラキケン,Ibaraki,,,,常陸太田市,ヒタチオオタシ,Hitachiota-shi,,,,里野宮町,サトノミヤチョウ,Satonomiyacho,,,,,,,,0,0,0,0,0,0,1,1,1947-04-17,,0,3110325,,,,,,,,,,,,,,,
082121,0047000,1,茨城県,イバラキケン,Ibaraki,,,,常陸太田市,ヒタチオオタシ,Hitachiota-shi,,,,沢目町,サワメチョウ,Sawamecho,,,,,,,,0,0,0,0,0,0,1,1,1947-04-17,,0,3130032,,,,,,,,,,,,,,,
082121,0048000,1,茨城県,イバラキケン,Ibaraki,,,,常陸太田市,ヒタチオオタシ,Hitachiota-shi,,,,三才町,サンザイチョウ,Sanzaicho,,,,,,,,0,0,0,0,0,0,1,1,1947-04-17,,0,3130012,,,,,,,,,,,,,,,
082121,0049000,1,茨城県,イバラキケン,Ibaraki,,,,常陸太田市,ヒタチオオタシ,Hitachiota-shi,,,,島町,シマチョウ,Shimacho,,,,,,,,0,0,0,0,0,0,1,1,1947-04-17,,0,3130047,,,,,,,,,,,,,,,
082121,0050000,1,茨城県,イバラキケン,Ibaraki,,,,常陸太田市,ヒタチオオタシ,Hitachiota-shi,,,,下大門町,シモオオカドチョウ,Shimookadocho,,,,,,,,0,0,0,0,0,0,1,1,1947-04-17,,0,3130002,,,,,,,,,,,,,,,
082121,0051000,1,茨城県,イバラキケン,Ibaraki,,,,常陸太田市,ヒタチオオタシ,Hitachiota-shi,,,,下河合町,シモカワイチョウ,Shimokawaicho,,,,,,,,0,0,0,0,0,0,1,1,1947-04-17,,0,3130044,,,,,,,,,,,,,,,
082121,0052000,1,茨城県,イバラキケン,Ibaraki,,,,常陸太田市,ヒタチオオタシ,Hitachiota-shi,,,,下高倉町,シモタカクラチョウ,Shimotakakuracho,,,,,,,,0,0,0,0,0,0,1,1,1947-04-17,,0,3130352,,,,,,,,,,,,,,,
082121,0053000,1,茨城県,イバラキケン,Ibaraki,,,,常陸太田市,ヒタチオオタシ,Hitachiota-shi,,,,下利員町,シモトシカズチョウ,Shimotoshikazucho,,,,,,,,0,0,0,0,0,0,1,1,1947-04-17,,0,3130106,,,,,,,,,,,,,,,
082121,0054000,1,茨城県,イバラキケン,Ibaraki,,,,常陸太田市,ヒタチオオタシ,Hitachiota-shi,,,,下宮河内町,シモミヤカワウチチョウ,Shimomiyakawauchicho,,,,,,,,0,0,0,0,0,0,1,1,1947-04-17,,0,3130103,,,,,,,,,,,,,,,
082121,0055000,1,茨城県,イバラキケン,Ibaraki,,,,常陸太田市,ヒタチオオタシ,Hitachiota-shi,,,,常福地町,ジョウフクジチョウ,Jofukujicho,,,,,,,,0,0,0,0,0,0,1,1,1947-04-17,,0,3110322,,,,,,,,,,,,,,,
082121,0056000,1,茨城県,イバラキケン,Ibaraki,,,,常陸太田市,ヒタチオオタシ,Hitachiota-shi,,,,白羽町,シラワチョウ,Shirawacho,,,,,,,,0,0,0,0,0,0,1,1,1947-04-17,,0,3110324,,,,,,,,,,,,,,,
082121,0057000,1,茨城県,イバラキケン,Ibaraki,,,,常陸太田市,ヒタチオオタシ,Hitachiota-shi,,,,瑞龍町,ズイリュウチョウ,Zuiryucho,,,,,,,,0,0,0,0,0,0,1,1,1947-04-17,,0,3130003,,*_MJ030127_*,,,,,,,,,,,,,
082121,0058000,1,茨城県,イバラキケン,Ibaraki,,,,常陸太田市,ヒタチオオタシ,Hitachiota-shi,,,,千寿町,センズチョウ,Senzucho,,,,,,,,0,0,0,0,0,0,1,1,1947-04-17,,0,3130111,,,,,,,,,,,,,,,
082121,0059000,1,茨城県,イバラキケン,Ibaraki,,,,常陸太田市,ヒタチオオタシ,Hitachiota-shi,,,,高柿町,タカガキチョウ,Takagakicho,,,,,,,,0,0,0,0,0,0,1,1,1947-04-17,,0,3130113,,,,,,,,,,,,,,,
082121,0060000,1,茨城県,イバラキケン,Ibaraki,,,,常陸太田市,ヒタチオオタシ,Hitachiota-shi,,,,高貫町,タカヌキチョウ,Takanukicho,,,,,,,,0,0,0,0,0,0,1,1,1947-04-17,,0,3130024,,,,,,,,,,,,,,,
082121,0061000,1,茨城県,イバラキケン,Ibaraki,,,,常陸太田市,ヒタチオオタシ,Hitachiota-shi,,,,竹合町,タケアイチョウ,Takeaicho,,,,,,,,0,0,0,0,0,0,1,1,1947-04-17,,0,3130115,,,,,,,,,,,,,,,
082121,0062000,1,茨城県,イバラキケン,Ibaraki,,,,常陸太田市,ヒタチオオタシ,Hitachiota-shi,,,,棚谷町,タナヤチョウ,Tanayacho,,,,,,,,0,0,0,0,0,0,1,1,1947-04-17,,0,3130225,,,,,,,,,,,,,,,
082121,0063000,1,茨城県,イバラキケン,Ibaraki,,,,常陸太田市,ヒタチオオタシ,Hitachiota-shi,,,,玉造町,タマツクリチョウ,Tamatsukuricho,,,,,,,,0,0,0,0,0,0,1,1,1947-04-17,,0,3130122,,,,,,,,,,,,,,,
082121,0064000,1,茨城県,イバラキケン,Ibaraki,,,,常陸太田市,ヒタチオオタシ,Hitachiota-shi,,,,田渡町,タワタリチョウ,Tawataricho,,,,,,,,0,0,0,0,0,0,1,1,1947-04-17,,0,3130026,,,,,,,,,,,,,,,
082121,0065000,1,茨城県,イバラキケン,Ibaraki,,,,常陸太田市,ヒタチオオタシ,Hitachiota-shi,,,,茅根町,チノネチョウ,Chinonecho,,,,,,,,0,0,0,0,0,0,1,1,1947-04-17,,0,3110323,,,,,,,,,,,,,,,
082121,0066000,1,茨城県,イバラキケン,Ibaraki,,,,常陸太田市,ヒタチオオタシ,Hitachiota-shi,,,,天神林町,テンジンバヤシチョウ,Tenjimbayashicho,,,,,,,,0,0,0,0,0,0,1,1,1947-04-17,,0,3130049,,,,,,,,,,,,,,,
082121,0067000,1,茨城県,イバラキケン,Ibaraki,,,,常陸太田市,ヒタチオオタシ,Hitachiota-shi,,,,東連地町,トウレンジチョウ,Torenjicho,,,,,,,,0,0,0,0,0,0,1,1,1947-04-17,,0,3130224,,,,,,,,,,,,,,,
082121,0068000,1,茨城県,イバラキケン,Ibaraki,,,,常陸太田市,ヒタチオオタシ,Hitachiota-shi,,,,徳田町,トクダチョウ,Tokudacho,,,,,,,,0,0,0,0,0,0,1,1,1947-04-17,,0,3110502,,,,,,,,,,,,,,,
082121,0069000,1,茨城県,イバラキケン,Ibaraki,,,,常陸太田市,ヒタチオオタシ,Hitachiota-shi,,,,中城町,ナカジョウチョウ,Nakajocho,,,,,,,,0,0,0,0,0,0,1,1,1947-04-17,,0,3130061,,,,,,,,,,,,,,,
082121,0070000,1,茨城県,イバラキケン,Ibaraki,,,,常陸太田市,ヒタチオオタシ,Hitachiota-shi,,,,中染町,ナカゾメチョウ,Nakazomecho,,,,,,,,0,0,0,0,0,0,1,1,1947-04-17,,0,3130212,,,,,,,,,,,,,,,
082121,0071000,1,茨城県,イバラキケン,Ibaraki,,,,常陸太田市,ヒタチオオタシ,Hitachiota-shi,,,,中利員町,ナカトシカズチョウ,Nakatoshikazucho,,,,,,,,0,0,0,0,0,0,1,1,1947-04-17,,0,3130105,,,,,,,,,,,,,,,
082121,0072000,1,茨城県,イバラキケン,Ibaraki,,,,常陸太田市,ヒタチオオタシ,Hitachiota-shi,,,,中野町,ナカノチョウ,Nakanocho,,,,,,,,0,0,0,0,0,0,1,1,1947-04-17,,0,3130134,,,,,,,,,,,,,,,
082121,0073000,1,茨城県,イバラキケン,Ibaraki,,,,常陸太田市,ヒタチオオタシ,Hitachiota-shi,,,,西一町,ニシイチチョウ,Nishiichicho,,,,,,,,0,0,0,0,0,0,1,1,1947-04-17,,0,3130056,,,,,,,,,,,,,,,
082121,0074000,1,茨城県,イバラキケン,Ibaraki,,,,常陸太田市,ヒタチオオタシ,Hitachiota-shi,,,,西河内上町,ニシゴウトカミチョウ,Nishigoto Kamicho,,,,,,,,0,0,0,0,0,0,1,1,1947-04-17,,0,3110314,,,,,,,,,,,,,,,
082121,0075000,1,茨城県,イバラキケン,Ibaraki,,,,常陸太田市,ヒタチオオタシ,Hitachiota-shi,,,,西河内下町,ニシゴウトシモチョウ,Nishigoto Shimocho,,,,,,,,0,0,0,0,0,0,1,1,1947-04-17,,0,3110312,,,,,,,,,,,,,,,
082121,0076000,1,茨城県,イバラキケン,Ibaraki,,,,常陸太田市,ヒタチオオタシ,Hitachiota-shi,,,,西河内中町,ニシゴウトナカチョウ,Nishigoto Nakacho,,,,,,,,0,0,0,0,0,0,1,1,1947-04-17,,0,3110313,,,,,,,,,,,,,,,
082121,0077000,1,茨城県,イバラキケン,Ibaraki,,,,常陸太田市,ヒタチオオタシ,Hitachiota-shi,,,,西三町,ニシサンチョウ,Nishisancho,,,,,,,,0,0,0,0,0,0,1,1,1947-04-17,,0,3130054,,,,,,,,,,,,,,,
082121,0078000,1,茨城県,イバラキケン,Ibaraki,,,,常陸太田市,ヒタチオオタシ,Hitachiota-shi,,,,西染町,ニシゾメチョウ,Nishizomecho,,,,,,,,0,0,0,0,0,0,1,1,1947-04-17,,0,3130215,,,,,,,,,,,,,,,
082121,0079000,1,茨城県,イバラキケン,Ibaraki,,,,常陸太田市,ヒタチオオタシ,Hitachiota-shi,,,,西二町,ニシニチョウ,Nishinicho,,,,,,,,0,0,0,0,0,0,1,1,1947-04-17,,0,3130055,,,,,,,,,,,,,,,
082121,0080000,1,茨城県,イバラキケン,Ibaraki,,,,常陸太田市,ヒタチオオタシ,Hitachiota-shi,,,,西宮町,ニシミヤチョウ,Nishimiyacho,,,,,,,,0,0,0,0,0,0,1,1,1947-04-17,,0,3130011,,,,,,,,,,,,,,,
082121,0081000,1,茨城県,イバラキケン,Ibaraki,,,,常陸太田市,ヒタチオオタシ,Hitachiota-shi,,,,長谷町,ハセチョウ,Hasecho,,,,,,,,0,0,0,0,0,0,1,1,1947-04-17,,0,3130027,,,,,,,,,,,,,,,
082121,0082000,1,茨城県,イバラキケン,Ibaraki,,,,常陸太田市,ヒタチオオタシ,Hitachiota-shi,,,,幡町,ハタチョウ,Hatacho,,,,,,,,0,0,0,0,0,0,1,1,1947-04-17,,0,3130025,,,,,,,,,,,,,,,
082121,0083000,1,茨城県,イバラキケン,Ibaraki,,,,常陸太田市,ヒタチオオタシ,Hitachiota-shi,,,,花房町,ハナブサチョウ,Hanabusacho,,,,,,,,0,0,0,0,0,0,1,1,1947-04-17,,0,3130131,,,,,,,,,,,,,,,
082121,0084000,1,茨城県,イバラキケン,Ibaraki,,,,常陸太田市,ヒタチオオタシ,Hitachiota-shi,,,,塙町,ハナワチョウ,Hanawacho,,,,,,,,0,0,0,0,0,0,1,1,1947-04-17,,0,3130062,,,,,,,,,,,,,,,
082121,0085000,1,茨城県,イバラキケン,Ibaraki,,,,常陸太田市,ヒタチオオタシ,Hitachiota-shi,,,,馬場町,ババチョウ,Babacho,,,,,,,,0,0,0,0,0,0,1,1,1947-04-17,,0,3130004,,,,,,,,,,,,,,,
082121,0086000,1,茨城県,イバラキケン,Ibaraki,,,,常陸太田市,ヒタチオオタシ,Hitachiota-shi,,,,春友町,ハルトモチョウ,Harutomocho,,,,,,,,0,0,0,0,0,0,1,1,1947-04-17,,0,3110321,,,,,,,,,,,,,,,
082121,0087000,1,茨城県,イバラキケン,Ibaraki,,,,常陸太田市,ヒタチオオタシ,Hitachiota-shi,,,,東一町,ヒガシイチチョウ,Higashiichicho,,,,,,,,0,0,0,0,0,0,1,1,1947-04-17,,0,3130051,,,,,,,,,,,,,,,
082121,0088000,1,茨城県,イバラキケン,Ibaraki,,,,常陸太田市,ヒタチオオタシ,Hitachiota-shi,,,,東三町,ヒガシサンチョウ,Higashisancho,,,,,,,,0,0,0,0,0,0,1,1,1947-04-17,,0,3130053,,,,,,,,,,,,,,,
082121,0089000,1,茨城県,イバラキケン,Ibaraki,,,,常陸太田市,ヒタチオオタシ,Hitachiota-shi,,,,東染町,ヒガシゾメチョウ,Higashizomecho,,,,,,,,0,0,0,0,0,0,1,1,1947-04-17,,0,3130211,,,,,,,,,,,,,,,
082121,0090000,1,茨城県,イバラキケン,Ibaraki,,,,常陸太田市,ヒタチオオタシ,Hitachiota-shi,,,,東二町,ヒガシニチョウ,Higashinicho,,,,,,,,0,0,0,0,0,0,1,1,1947-04-17,,0,3130052,,,,,,,,,,,,,,,
082121,0091000,1,茨城県,イバラキケン,Ibaraki,,,,常陸太田市,ヒタチオオタシ,Hitachiota-shi,,,,藤田町,フジタチョウ,Fujitacho,,,,,,,,0,0,0,0,0,0,1,1,1947-04-17,,0,3130048,,,,,,,,,,,,,,,
082121,0092000,1,茨城県,イバラキケン,Ibaraki,,,,常陸太田市,ヒタチオオタシ,Hitachiota-shi,,,,増井町,マシイチョウ,Mashiicho,,,,,,,,0,0,0,0,0,0,1,1,1947-04-17,,0,3130008,,,,,,,,,,,,,,,
082121,0093000,1,茨城県,イバラキケン,Ibaraki,,,,常陸太田市,ヒタチオオタシ,Hitachiota-shi,,,,町田町,マチダチョウ,Machidacho,,,,,,,,0,0,0,0,0,0,1,1,1947-04-17,,0,3130213,,,,,,,,,,,,,,,
082121,0094000,1,茨城県,イバラキケン,Ibaraki,,,,常陸太田市,ヒタチオオタシ,Hitachiota-shi,,,,町屋町,マチヤチョウ,Machiyacho,,,,,,,,0,0,0,0,0,0,1,1,1947-04-17,,0,3110311,,,,,,,,,,,,,,,
082121,0095000,1,茨城県,イバラキケン,Ibaraki,,,,常陸太田市,ヒタチオオタシ,Hitachiota-shi,,,,松栄町,マツザカチョウ,Matsuzakacho,,,,,,,,0,0,0,0,0,0,1,1,1947-04-17,,0,3130133,,,,,,,,,,,,,,,
082121,0096000,1,茨城県,イバラキケン,Ibaraki,,,,常陸太田市,ヒタチオオタシ,Hitachiota-shi,,,,松平町,マツダイラチョウ,Matsudairacho,,,,,,,,0,0,0,0,0,0,1,1,1947-04-17,,0,3130222,,,,,,,,,,,,,,,
082121,0097000,1,茨城県,イバラキケン,Ibaraki,,,,常陸太田市,ヒタチオオタシ,Hitachiota-shi,,,,真弓町,マユミチョウ,Mayumicho,,,,,,,,0,0,0,0,0,0,1,1,1947-04-17,,0,3130022,,,,,,,,,,,,,,,
082121,0098000,1,茨城県,イバラキケン,Ibaraki,,,,常陸太田市,ヒタチオオタシ,Hitachiota-shi,,,,箕町,ミチョウ,Micho,,,,,,,,0,0,0,0,0,0,1,1,1947-04-17,,0,3130114,,,,,,,,,,,,,,,
082121,0099000,1,茨城県,イバラキケン,Ibaraki,,,,常陸太田市,ヒタチオオタシ,Hitachiota-shi,,,,宮の郷町,ミヤノサトチョウ,Miyanosatocho,,,,,,,,0,0,0,0,0,0,1,1,1947-04-17,,0,3130117,,,,,,,,,,,,,,,
082121,0100000,1,茨城県,イバラキケン,Ibaraki,,,,常陸太田市,ヒタチオオタシ,Hitachiota-shi,,,,宮本町,ミヤモトチョウ,Miyamotocho,,,,,,,,0,0,0,0,0,0,1,1,1947-04-17,,0,3130006,,,,,,,,,,,,,,,
082121,0101000,1,茨城県,イバラキケン,Ibaraki,,,,常陸太田市,ヒタチオオタシ,Hitachiota-shi,,,,谷河原町,ヤガワラチョウ,Yagawaracho,,,,,,,,0,0,0,0,0,0,1,1,1947-04-17,,0,3130043,,,,,,,,,,,,,,,
082121,0102000,1,茨城県,イバラキケン,Ibaraki,,,,常陸太田市,ヒタチオオタシ,Hitachiota-shi,,,,山下町,ヤマシタチョウ,Yamashitacho,,,,,,,,0,0,0,0,0,0,1,1,1947-04-17,,0,3130013,,,,,,,,,,,,,,,
082121,0103000,1,茨城県,イバラキケン,Ibaraki,,,,常陸太田市,ヒタチオオタシ,Hitachiota-shi,,,,和久町,ワグチョウ,Wagucho,,,,,,,,0,0,0,0,0,0,1,1,1947-04-17,,0,3130214,,,,,,,,,,,,,,,
082121,0104000,1,茨城県,イバラキケン,Ibaraki,,,,常陸太田市,ヒタチオオタシ,Hitachiota-shi,,,,和田町,ワダチョウ,Wadacho,,,,,,,,0,0,0,0,0,0,1,1,1947-04-17,,0,3130223,,,,,,,,,,,,,,,
082147,0001001,2,茨城県,イバラキケン,Ibaraki,,,,高萩市,タカハギシ,Takahagi-shi,,,,有明町,アリアケチョウ,Ariakecho,１丁目,１チョウメ,1,,,,,0,0,0,0,0,0,1,1,1947-04-17,,0,,,,,,,,,,,,,,,,
082147,0001002,2,茨城県,イバラキケン,Ibaraki,,,,高萩市,タカハギシ,Takahagi-shi,,,,有明町,アリアケチョウ,Ariakecho,２丁目,２チョウメ,2,,,,,0,0,0,0,0,0,1,1,1947-04-17,,0,,,,,,,,,,,,,,,,
082147,0001003,2,茨城県,イバラキケン,Ibaraki,,,,高萩市,タカハギシ,Takahagi-shi,,,,有明町,アリアケチョウ,Ariakecho,３丁目,３チョウメ,3,,,,,0,0,0,0,0,0,1,1,1947-04-17,,0,,,,,,,,,,,,,,,,
082147,0002000,1,茨城県,イバラキケン,Ibaraki,,,,高萩市,タカハギシ,Takahagi-shi,,,,大字赤浜,オオアザアカバマ,Akahama,,,,,,,,0,0,0,0,0,0,1,1,1947-04-17,,0,3180001,,,,,,,,,,,,,,,
082147,0003000,1,茨城県,イバラキケン,Ibaraki,,,,高萩市,タカハギシ,Takahagi-shi,,,,大字秋山,オオアザアキヤマ,Akiyama,,,,,,,,0,0,0,0,0,0,1,1,1947-04-17,,0,3180024,,,,,,,,,,,,,,,
082147,0004000,1,茨城県,イバラキケン,Ibaraki,,,,高萩市,タカハギシ,Takahagi-shi,,,,大字安良川,オオアザアラカワ,Arakawa,,,,,,,,0,0,0,0,0,0,1,1,1947-04-17,,0,3180021,,,,,,,,,,,,,,,
082147,0005000,1,茨城県,イバラキケン,Ibaraki,,,,高萩市,タカハギシ,Takahagi-shi,,,,大字石滝,オオアザイシタキ,Ishitaki,,,,,,,,0,0,0,0,0,0,1,1,1947-04-17,,0,3180022,,,,,,,,,,,,,,,
082147,0006000,1,茨城県,イバラキケン,Ibaraki,,,,高萩市,タカハギシ,Takahagi-shi,,,,大字大能,オオアザオオノウ,Ono,,,,,,,,0,0,0,0,0,0,1,1,1947-04-17,,0,3180103,,,,,,,,,,,,,,,
082147,0007000,1,茨城県,イバラキケン,Ibaraki,,,,高萩市,タカハギシ,Takahagi-shi,,,,大字上君田,オオアザカミキミタ,Kamikimida,,,,,,,,0,0,0,0,0,0,1,1,1947-04-17,,0,3180105,,,,,,,,,,,,,,,
082147,0008000,1,茨城県,イバラキケン,Ibaraki,,,,高萩市,タカハギシ,Takahagi-shi,,,,大字上手綱,オオアザカミテツナ,Kamitezuna,,,,,,,,0,0,0,0,0,0,1,1,1947-04-17,,0,3180004,,,,,,,,,,,,,,,
082147,0009000,1,茨城県,イバラキケン,Ibaraki,,,,高萩市,タカハギシ,Takahagi-shi,,,,大字島名,オオアザシマナ,Shimana,,,,,,,,0,0,0,0,0,0,1,1,1947-04-17,,0,3180023,,,,,,,,,,,,,,,
082147,0010000,1,茨城県,イバラキケン,Ibaraki,,,,高萩市,タカハギシ,Takahagi-shi,,,,大字下君田,オオアザシモキミタ,Shimokimida,,,,,,,,0,0,0,0,0,0,1,1,1947-04-17,,0,3180106,,,,,,,,,,,,,,,
082147,0011000,1,茨城県,イバラキケン,Ibaraki,,,,高萩市,タカハギシ,Takahagi-shi,,,,大字下手綱,オオアザシモテツナ,Shimotezuna,,,,,,,,0,0,0,0,0,0,1,1,1947-04-17,,0,3180003,,,,,,,,,,,,,,,
082147,0012000,1,茨城県,イバラキケン,Ibaraki,,,,高萩市,タカハギシ,Takahagi-shi,,,,大字高戸,オオアザタカド,Takado,,,,,,,,0,0,0,0,0,0,1,1,1947-04-17,,0,3180002,,,,,,,,,,,,,,,
082147,0013000,1,茨城県,イバラキケン,Ibaraki,,,,高萩市,タカハギシ,Takahagi-shi,,,,大字高萩,オオアザタカハギ,Takahagi,,,,,,,,0,0,0,0,0,0,1,1,1947-04-17,,0,3180034,,,,,,,,,,,,,,,
082147,0014000,1,茨城県,イバラキケン,Ibaraki,,,,高萩市,タカハギシ,Takahagi-shi,,,,大字中戸川,オオアザナカトガワ,Nakadogawa,,,,,,,,0,0,0,0,0,0,1,1,1947-04-17,,0,3180104,,,,,,,,,,,,,,,
082147,0015000,1,茨城県,イバラキケン,Ibaraki,,,,高萩市,タカハギシ,Takahagi-shi,,,,大字福平,オオアザフクダイラ,Fukudaira,,,,,,,,0,0,0,0,0,0,1,1,1947-04-17,,0,3180025,,,,,,,,,,,,,,,
082147,0016000,1,茨城県,イバラキケン,Ibaraki,,,,高萩市,タカハギシ,Takahagi-shi,,,,大字望海,オオアザボウカイ,Bokai,,,,,,,,0,0,0,0,0,0,1,1,1947-04-17,,0,3180005,,,,,,,,,,,,,,,
082147,0017000,1,茨城県,イバラキケン,Ibaraki,,,,高萩市,タカハギシ,Takahagi-shi,,,,大字横川,オオアザヨコカワ,Yokokawa,,,,,,,,0,0,0,0,0,0,1,1,1947-04-17,,0,3180101,,,,,,,,,,,,,,,
082147,0018000,1,茨城県,イバラキケン,Ibaraki,,,,高萩市,タカハギシ,Takahagi-shi,,,,大字若栗,オオアザワカグリ,Wakaguri,,,,,,,,0,0,0,0,0,0,1,1,1947-04-17,,0,3180102,,,,,,,,,,,,,,,
082147,0019001,2,茨城県,イバラキケン,Ibaraki,,,,高萩市,タカハギシ,Takahagi-shi,,,,春日町,カスガチョウ,Kasugacho,１丁目,１チョウメ,1,,,,,0,0,0,0,0,0,1,1,1947-04-17,,0,,,,,,,,,,,,,,,,
082147,0019002,2,茨城県,イバラキケン,Ibaraki,,,,高萩市,タカハギシ,Takahagi-shi,,,,春日町,カスガチョウ,Kasugacho,２丁目,２チョウメ,2,,,,,0,0,0,0,0,0,1,1,1947-04-17,,0,,,,,,,,,,,,,,,,
082147,0019003,2,茨城県,イバラキケン,Ibaraki,,,,高萩市,タカハギシ,Takahagi-shi,,,,春日町,カスガチョウ,Kasugacho,３丁目,３チョウメ,3,,,,,0,0,0,0,0,0,1,1,1947-04-17,,0,,,,,,,,,,,,,,,,
082147,0020001,2,茨城県,イバラキケン,Ibaraki,,,,高萩市,タカハギシ,Takahagi-shi,,,,高浜町,タカハマチョウ,Takahamacho,１丁目,１チョウメ,1,,,,,0,0,0,0,0,0,1,1,1947-04-17,,0,,,,,,,,,,,,,,,,
082147,0020002,2,茨城県,イバラキケン,Ibaraki,,,,高萩市,タカハギシ,Takahagi-shi,,,,高浜町,タカハマチョウ,Takahamacho,２丁目,２チョウメ,2,,,,,0,0,0,0,0,0,1,1,1947-04-17,,0,,,,,,,,,,,,,,,,
082147,0020003,2,茨城県,イバラキケン,Ibaraki,,,,高萩市,タカハギシ,Takahagi-shi,,,,高浜町,タカハマチョウ,Takahamacho,３丁目,３チョウメ,3,,,,,0,0,0,0,0,0,1,1,1947-04-17,,0,,,,,,,,,,,,,,,,
082147,0021001,2,茨城県,イバラキケン,Ibaraki,,,,高萩市,タカハギシ,Takahagi-shi,,,,東本町,ヒガシホンチョウ,Higashihoncho,１丁目,１チョウメ,1,,,,,0,0,0,0,0,0,1,1,1947-04-17,,0,,,,,,,,,,,,,,,,
082147,0021002,2,茨城県,イバラキケン,Ibaraki,,,,高萩市,タカハギシ,Takahagi-shi,,,,東本町,ヒガシホンチョウ,Higashihoncho,２丁目,２チョウメ,2,,,,,0,0,0,0,0,0,1,1,1947-04-17,,0,,,,,,,,,,,,,,,,
082147,0021003,2,茨城県,イバラキケン,Ibaraki,,,,高萩市,タカハギシ,Takahagi-shi,,,,東本町,ヒガシホンチョウ,Higashihoncho,３丁目,３チョウメ,3,,,,,0,0,0,0,0,0,1,1,1947-04-17,,0,,,,,,,,,,,,,,,,
082147,0021004,2,茨城県,イバラキケン,Ibaraki,,,,高萩市,タカハギシ,Takahagi-shi,,,,東本町,ヒガシホンチョウ,Higashihoncho,４丁目,４チョウメ,4,,,,,0,0,0,0,0,0,1,1,1947-04-17,,0,,,,,,,,,,,,,,,,
082147,0022001,2,茨城県,イバラキケン,Ibaraki,,,,高萩市,タカハギシ,Takahagi-shi,,,,肥前町,ヒゼンチョウ,Hizencho,１丁目,１チョウメ,1,,,,,0,0,0,0,0,0,1,1,1947-04-17,,0,,,,,,,,,,,,,,,,
082147,0022002,2,茨城県,イバラキケン,Ibaraki,,,,高萩市,タカハギシ,Takahagi-shi,,,,肥前町,ヒゼンチョウ,Hizencho,２丁目,２チョウメ,2,,,,,0,0,0,0,0,0,1,1,1947-04-17,,0,,,,,,,,,,,,,,,,
082147,0023001,2,茨城県,イバラキケン,Ibaraki,,,,高萩市,タカハギシ,Takahagi-shi,,,,本町,ホンチョウ,Honcho,１丁目,１チョウメ,1,,,,,0,0,0,0,0,0,1,1,1947-04-17,,0,,,,,,,,,,,,,,,,
082147,0023002,2,茨城県,イバラキケン,Ibaraki,,,,高萩市,タカハギシ,Takahagi-shi,,,,本町,ホンチョウ,Honcho,２丁目,２チョウメ,2,,,,,0,0,0,0,0,0,1,1,1947-04-17,,0,,,,,,,,,,,,,,,,
082147,0023003,2,茨城県,イバラキケン,Ibaraki,,,,高萩市,タカハギシ,Takahagi-shi,,,,本町,ホンチョウ,Honcho,３丁目,３チョウメ,3,,,,,0,0,0,0,0,0,1,1,1947-04-17,,0,,,,,,,,,,,,,,,,
082147,0023004,2,茨城県,イバラキケン,Ibaraki,,,,高萩市,タカハギシ,Takahagi-shi,,,,本町,ホンチョウ,Honcho,４丁目,４チョウメ,4,,,,,0,0,0,0,0,0,1,1,1947-04-17,,0,,,,,,,,,,,,,,,,
082147,0024001,2,茨城県,イバラキケン,Ibaraki,,,,高萩市,タカハギシ,Takahagi-shi,,,,大和町,ヤマトチョウ,Yamatocho,１丁目,１チョウメ,1,,,,,0,0,0,0,0,0,1,1,1947-04-17,,0,,,,,,,,,,,,,,,,
082147,0024002,2,茨城県,イバラキケン,Ibaraki,,,,高萩市,タカハギシ,Takahagi-shi,,,,大和町,ヤマトチョウ,Yamatocho,２丁目,２チョウメ,2,,,,,0,0,0,0,0,0,1,1,1947-04-17,,0,,,,,,,,,,,,,,,,
082147,0024003,2,茨城県,イバラキケン,Ibaraki,,,,高萩市,タカハギシ,Takahagi-shi,,,,大和町,ヤマトチョウ,Yamatocho,３丁目,３チョウメ,3,,,,,0,0,0,0,0,0,1,1,1947-04-17,,0,,,,,,,,,,,,,,,,
082147,0024004,2,茨城県,イバラキケン,Ibaraki,,,,高萩市,タカハギシ,Takahagi-shi,,,,大和町,ヤマトチョウ,Yamatocho,４丁目,４チョウメ,4,,,,,0,0,0,0,0,0,1,1,1947-04-17,,0,,,,,,,,,,,,,,,,
082155,0002000,1,茨城県,イバラキケン,Ibaraki,,,,北茨城市,キタイバラキシ,Kitaibaraki-shi,,,,磯原町磯原,イソハラチョウイソハラ,Isoharacho Isohara,,,,,,,,0,0,0,0,0,0,1,1,1947-04-17,,0,3191541,,,,,,,,,,,,,,,
082155,0002001,2,茨城県,イバラキケン,Ibaraki,,,,北茨城市,キタイバラキシ,Kitaibaraki-shi,,,,磯原町磯原,イソハラチョウイソハラ,Isoharacho Isohara,１丁目,１チョウメ,1,,,,,0,0,0,0,0,0,1,1,1947-04-17,,0,,,,,,,,,,,,,,,,
082155,0002002,2,茨城県,イバラキケン,Ibaraki,,,,北茨城市,キタイバラキシ,Kitaibaraki-shi,,,,磯原町磯原,イソハラチョウイソハラ,Isoharacho Isohara,２丁目,２チョウメ,2,,,,,0,0,0,0,0,0,1,1,1947-04-17,,0,,,,,,,,,,,,,,,,
082155,0002003,2,茨城県,イバラキケン,Ibaraki,,,,北茨城市,キタイバラキシ,Kitaibaraki-shi,,,,磯原町磯原,イソハラチョウイソハラ,Isoharacho Isohara,３丁目,３チョウメ,3,,,,,0,0,0,0,0,0,1,1,1947-04-17,,0,,,,,,,,,,,,,,,,
082155,0002004,2,茨城県,イバラキケン,Ibaraki,,,,北茨城市,キタイバラキシ,Kitaibaraki-shi,,,,磯原町磯原,イソハラチョウイソハラ,Isoharacho Isohara,４丁目,４チョウメ,4,,,,,0,0,0,0,0,0,1,1,1947-04-17,,0,,,,,,,,,,,,,,,,
082155,0002005,2,茨城県,イバラキケン,Ibaraki,,,,北茨城市,キタイバラキシ,Kitaibaraki-shi,,,,磯原町磯原,イソハラチョウイソハラ,Isoharacho Isohara,５丁目,５チョウメ,5,,,,,0,0,0,0,0,0,1,1,1947-04-17,,0,,,,,,,,,,,,,,,,
082155,0002006,2,茨城県,イバラキケン,Ibaraki,,,,北茨城市,キタイバラキシ,Kitaibaraki-shi,,,,磯原町磯原,イソハラチョウイソハラ,Isoharacho Isohara,６丁目,６チョウメ,6,,,,,0,0,0,0,0,0,1,1,1947-04-17,,0,,,,,,,,,,,,,,,,
082155,0003000,1,茨城県,イバラキケン,Ibaraki,,,,北茨城市,キタイバラキシ,Kitaibaraki-shi,,,,磯原町内野,イソハラチョウウツノ,Isoharacho Utsuno,,,,,,,,0,0,0,0,0,0,1,1,1947-04-17,,0,3191547,,,,,,,,,,,,,,,
082155,0004000,1,茨城県,イバラキケン,Ibaraki,,,,北茨城市,キタイバラキシ,Kitaibaraki-shi,,,,磯原町大塚,イソハラチョウオオツカ,Isoharacho Otsuka,,,,,,,,0,0,0,0,0,0,1,1,1947-04-17,,0,3191546,,,,,,,,,,,,,,,
082155,0005000,1,茨城県,イバラキケン,Ibaraki,,,,北茨城市,キタイバラキシ,Kitaibaraki-shi,,,,磯原町上相田,イソハラチョウカミソウダ,Isoharacho Kamisoda,,,,,,,,0,0,0,0,0,0,1,1,1947-04-17,,0,3191544,,,,,,,,,,,,,,,
082155,0006000,1,茨城県,イバラキケン,Ibaraki,,,,北茨城市,キタイバラキシ,Kitaibaraki-shi,,,,磯原町木皿,イソハラチョウキサラ,Isoharacho Kisara,,,,,,,,0,0,0,0,0,0,1,1,1947-04-17,,0,3191545,,,,,,,,,,,,,,,
082155,0008000,1,茨城県,イバラキケン,Ibaraki,,,,北茨城市,キタイバラキシ,Kitaibaraki-shi,,,,磯原町豊田,イソハラチョウトヨダ,Isoharacho Toyoda,,,,,,,,0,0,0,0,0,0,1,1,1947-04-17,,0,3191543,,,,,,,,,,,,,,,
082155,0008001,2,茨城県,イバラキケン,Ibaraki,,,,北茨城市,キタイバラキシ,Kitaibaraki-shi,,,,磯原町豊田,イソハラチョウトヨダ,Isoharacho Toyoda,１丁目,１チョウメ,1,,,,,0,0,0,0,0,0,1,1,1947-04-17,,0,,,,,,,,,,,,,,,,
082155,0008002,2,茨城県,イバラキケン,Ibaraki,,,,北茨城市,キタイバラキシ,Kitaibaraki-shi,,,,磯原町豊田,イソハラチョウトヨダ,Isoharacho Toyoda,２丁目,２チョウメ,2,,,,,0,0,0,0,0,0,1,1,1947-04-17,,0,,,,,,,,,,,,,,,,
082155,0009000,1,茨城県,イバラキケン,Ibaraki,,,,北茨城市,キタイバラキシ,Kitaibaraki-shi,,,,磯原町本町,イソハラチヨウホンチヨウ,,,,,,,,,0,0,0,0,0,0,1,0,1947-04-17,,1,,,,,,,,,,,,,,,,
082155,0009001,2,茨城県,イバラキケン,Ibaraki,,,,北茨城市,キタイバラキシ,Kitaibaraki-shi,,,,磯原町本町,イソハラチョウホンチョウ,Isoharacho Honcho,１丁目,１チョウメ,1,,,,,0,0,0,0,0,0,1,1,1947-04-17,,0,,,,,,,,,,,,,,,,
082155,0009002,2,茨城県,イバラキケン,Ibaraki,,,,北茨城市,キタイバラキシ,Kitaibaraki-shi,,,,磯原町本町,イソハラチョウホンチョウ,Isoharacho Honcho,２丁目,２チョウメ,2,,,,,0,0,0,0,0,0,1,1,1947-04-17,,0,,,,,,,,,,,,,,,,
082155,0009003,2,茨城県,イバラキケン,Ibaraki,,,,北茨城市,キタイバラキシ,Kitaibaraki-shi,,,,磯原町本町,イソハラチョウホンチョウ,Isoharacho Honcho,３丁目,３チョウメ,3,,,,,0,0,0,0,0,0,1,1,1947-04-17,,0,,,,,,,,,,,,,,,,
082155,0009004,2,茨城県,イバラキケン,Ibaraki,,,,北茨城市,キタイバラキシ,Kitaibaraki-shi,,,,磯原町本町,イソハラチョウホンチョウ,Isoharacho Honcho,４丁目,４チョウメ,4,,,,,0,0,0,0,0,0,1,1,1947-04-17,,0,,,,,,,,,,,,,,,,
082155,0010000,1,茨城県,イバラキケン,Ibaraki,,,,北茨城市,キタイバラキシ,Kitaibaraki-shi,,,,大津町,オオツチョウ,Otsucho,,,,,,,,0,0,0,0,0,0,1,1,1947-04-17,,0,3191702,,,,,,,,,,,,,,,
082155,0011000,1,茨城県,イバラキケン,Ibaraki,,,,北茨城市,キタイバラキシ,Kitaibaraki-shi,,,,大津町字五浦,オオツチョウアザイヅラ,,,,,,,,,0,0,0,0,0,0,1,0,1947-04-17,,1,,,,,,,,,,,,,,,,
082155,0011001,2,茨城県,イバラキケン,Ibaraki,,,,北茨城市,キタイバラキシ,Kitaibaraki-shi,,,,大津町字五浦,オオツチョウアザイヅラ,,１丁目,１チョウメ,1,,,,,0,0,0,0,0,0,1,1,1947-04-17,,0,,,,,,,,,,,,,,,,
082155,0011002,2,茨城県,イバラキケン,Ibaraki,,,,北茨城市,キタイバラキシ,Kitaibaraki-shi,,,,大津町字五浦,オオツチョウアザイヅラ,,２丁目,２チョウメ,2,,,,,0,0,0,0,0,0,1,1,1947-04-17,,0,,,,,,,,,,,,,,,,
082155,0011003,2,茨城県,イバラキケン,Ibaraki,,,,北茨城市,キタイバラキシ,Kitaibaraki-shi,,,,大津町字五浦,オオツチョウアザイヅラ,,３丁目,３チョウメ,3,,,,,0,0,0,0,0,0,1,1,1947-04-17,,0,,,,,,,,,,,,,,,,
082155,0013000,1,茨城県,イバラキケン,Ibaraki,,,,北茨城市,キタイバラキシ,Kitaibaraki-shi,,,,大津町北町,オオツチョウキタチョウ,Otsucho Kitacho,,,,,,,,0,0,0,0,0,0,1,1,1947-04-17,,0,3191704,,,,,,,,,,,,,,,
082155,0013001,2,茨城県,イバラキケン,Ibaraki,,,,北茨城市,キタイバラキシ,Kitaibaraki-shi,,,,大津町北町,オオツチョウキタチョウ,Otsucho Kitacho,１丁目,１チョウメ,1,,,,,0,0,0,0,0,0,1,1,1947-04-17,,0,,,,,,,,,,,,,,,,
082155,0013002,2,茨城県,イバラキケン,Ibaraki,,,,北茨城市,キタイバラキシ,Kitaibaraki-shi,,,,大津町北町,オオツチョウキタチョウ,Otsucho Kitacho,２丁目,２チョウメ,2,,,,,0,0,0,0,0,0,1,1,1947-04-17,,0,,,,,,,,,,,,,,,,
082155,0013003,2,茨城県,イバラキケン,Ibaraki,,,,北茨城市,キタイバラキシ,Kitaibaraki-shi,,,,大津町北町,オオツチョウキタチョウ,Otsucho Kitacho,３丁目,３チョウメ,3,,,,,0,0,0,0,0,0,1,1,1947-04-17,,0,,,,,,,,,,,,,,,,
082155,0013004,2,茨城県,イバラキケン,Ibaraki,,,,北茨城市,キタイバラキシ,Kitaibaraki-shi,,,,大津町北町,オオツチョウキタチョウ,Otsucho Kitacho,４丁目,４チョウメ,4,,,,,0,0,0,0,0,0,1,1,1947-04-17,,0,,,,,,,,,,,,,,,,
082155,0014000,1,茨城県,イバラキケン,Ibaraki,,,,北茨城市,キタイバラキシ,Kitaibaraki-shi,,,,関南町神岡上,セキナミチョウカミオカカミ,Sekinamicho Kamiokakami,,,,,,,,0,0,0,0,0,0,1,1,1947-04-17,,0,3191714,,,,,,,,,,,,,,,
082155,0015000,1,茨城県,イバラキケン,Ibaraki,,,,北茨城市,キタイバラキシ,Kitaibaraki-shi,,,,関南町神岡下,セキナミチョウカミオカシモ,Sekinamicho Kamiokashimo,,,,,,,,0,0,0,0,0,0,1,1,1947-04-17,,0,3191715,,,,,,,,,,,,,,,
082155,0016000,1,茨城県,イバラキケン,Ibaraki,,,,北茨城市,キタイバラキシ,Kitaibaraki-shi,,,,関南町里根川,セキナミチョウサトネガワ,Sekinamicho Satonegawa,,,,,,,,0,0,0,0,0,0,1,1,1947-04-17,,0,3191712,,,,,,,,,,,,,,,
082155,0017000,1,茨城県,イバラキケン,Ibaraki,,,,北茨城市,キタイバラキシ,Kitaibaraki-shi,,,,関南町関本下,セキナミチョウセキモトシモ,Sekinamicho Sekimotoshimo,,,,,,,,0,0,0,0,0,0,1,1,1947-04-17,,0,3191711,,,,,,,,,,,,,,,
082155,0018000,1,茨城県,イバラキケン,Ibaraki,,,,北茨城市,キタイバラキシ,Kitaibaraki-shi,,,,関南町仁井田,セキナミチョウニイダ,Sekinamicho Niida,,,,,,,,0,0,0,0,0,0,1,1,1947-04-17,,0,3191713,,,,,,,,,,,,,,,
082155,0019000,1,茨城県,イバラキケン,Ibaraki,,,,北茨城市,キタイバラキシ,Kitaibaraki-shi,,,,関本町小川,セキモトチョウオガワ,Sekimotocho Ogawa,,,,,,,,0,0,0,0,0,0,1,1,1947-04-17,,0,3191727,,,,,,,,,,,,,,,
082155,0020000,1,茨城県,イバラキケン,Ibaraki,,,,北茨城市,キタイバラキシ,Kitaibaraki-shi,,,,関本町才丸,セキモトチョウサイマル,Sekimotocho Saimaru,,,,,,,,0,0,0,0,0,0,1,1,1947-04-17,,0,3191726,,,,,,,,,,,,,,,
082155,0021000,1,茨城県,イバラキケン,Ibaraki,,,,北茨城市,キタイバラキシ,Kitaibaraki-shi,,,,関本町関本上,セキモトチョウセキモトカミ,Sekimotocho Sekimotokami,,,,,,,,0,0,0,0,0,0,1,1,1947-04-17,,0,3191721,,,,,,,,,,,,,,,
082155,0022000,1,茨城県,イバラキケン,Ibaraki,,,,北茨城市,キタイバラキシ,Kitaibaraki-shi,,,,関本町関本中,セキモトチョウセキモトナカ,Sekimotocho Sekimotonaka,,,,,,,,0,0,0,0,0,0,1,1,1947-04-17,,0,3191723,,,,,,,,,,,,,,,
082155,0023000,1,茨城県,イバラキケン,Ibaraki,,,,北茨城市,キタイバラキシ,Kitaibaraki-shi,,,,関本町八反,セキモトチョウハッタン,Sekimotocho Hattan,,,,,,,,0,0,0,0,0,0,1,1,1947-04-17,,0,3191724,,,,,,,,,,,,,,,
082155,0024000,1,茨城県,イバラキケン,Ibaraki,,,,北茨城市,キタイバラキシ,Kitaibaraki-shi,,,,関本町福田,セキモトチョウフクダ,Sekimotocho Fukuda,,,,,,,,0,0,0,0,0,0,1,1,1947-04-17,,0,3191722,,,,,,,,,,,,,,,
082155,0025000,1,茨城県,イバラキケン,Ibaraki,,,,北茨城市,キタイバラキシ,Kitaibaraki-shi,,,,関本町富士ケ丘,セキモトチョウフジガオカ,Sekimotocho Fujigaoka,,,,,,,,0,0,0,0,0,0,1,1,1947-04-17,,0,3191725,,,,,,,,,,,,,,,
082155,0026000,1,茨城県,イバラキケン,Ibaraki,,,,北茨城市,キタイバラキシ,Kitaibaraki-shi,,,,中郷町足洗,ナカゴウチョウアシアライ,Nakagocho Ashiarai,,,,,,,,0,0,0,0,0,0,1,1,1947-04-17,,0,3191552,,,,,,,,,,,,,,,
082155,0027000,1,茨城県,イバラキケン,Ibaraki,,,,北茨城市,キタイバラキシ,Kitaibaraki-shi,,,,中郷町粟野,ナカゴウチョウアワノ,Nakagocho Awano,,,,,,,,0,0,0,0,0,0,1,1,1947-04-17,,0,3191554,,,,,,,,,,,,,,,
082155,0028000,1,茨城県,イバラキケン,Ibaraki,,,,北茨城市,キタイバラキシ,Kitaibaraki-shi,,,,中郷町石岡,ナカゴウチョウイシオカ,Nakagocho Ishioka,,,,,,,,0,0,0,0,0,0,1,1,1947-04-17,,0,3191558,,,,,,,,,,,,,,,
082155,0029000,1,茨城県,イバラキケン,Ibaraki,,,,北茨城市,キタイバラキシ,Kitaibaraki-shi,,,,中郷町小野矢指,ナカゴウチョウオノヤサシ,Nakagocho Onoyasashi,,,,,,,,0,0,0,0,0,0,1,1,1947-04-17,,0,3191555,,,,,,,,,,,,,,,
082155,0030000,1,茨城県,イバラキケン,Ibaraki,,,,北茨城市,キタイバラキシ,Kitaibaraki-shi,,,,中郷町上桜井,ナカゴウチョウカミサクライ,Nakagocho Kamisakurai,,,,,,,,0,0,0,0,0,0,1,1,1947-04-17,,0,3191559,,,,,,,,,,,,,,,
082155,0031000,1,茨城県,イバラキケン,Ibaraki,,,,北茨城市,キタイバラキシ,Kitaibaraki-shi,,,,中郷町汐見ケ丘,ナカゴウチヨウシオミガオカ,,,,,,,,,0,0,0,0,0,0,1,0,1947-04-17,,1,,,,,,,,,,,,,,,,
082155,0031001,2,茨城県,イバラキケン,Ibaraki,,,,北茨城市,キタイバラキシ,Kitaibaraki-shi,,,,中郷町汐見ケ丘,ナカゴウチョウシオミガオカ,Nakagocho Shiomigaoka,１丁目,１チョウメ,1,,,,,0,0,0,0,0,0,1,1,1947-04-17,,0,,,,,,,,,,,,,,,,
082155,0031002,2,茨城県,イバラキケン,Ibaraki,,,,北茨城市,キタイバラキシ,Kitaibaraki-shi,,,,中郷町汐見ケ丘,ナカゴウチョウシオミガオカ,Nakagocho Shiomigaoka,２丁目,２チョウメ,2,,,,,0,0,0,0,0,0,1,1,1947-04-17,,0,,,,,,,,,,,,,,,,
082155,0031003,2,茨城県,イバラキケン,Ibaraki,,,,北茨城市,キタイバラキシ,Kitaibaraki-shi,,,,中郷町汐見ケ丘,ナカゴウチョウシオミガオカ,Nakagocho Shiomigaoka,３丁目,３チョウメ,3,,,,,0,0,0,0,0,0,1,1,1947-04-17,,0,,,,,,,,,,,,,,,,
082155,0031004,2,茨城県,イバラキケン,Ibaraki,,,,北茨城市,キタイバラキシ,Kitaibaraki-shi,,,,中郷町汐見ケ丘,ナカゴウチョウシオミガオカ,Nakagocho Shiomigaoka,４丁目,４チョウメ,4,,,,,0,0,0,0,0,0,1,1,1947-04-17,,0,,,,,,,,,,,,,,,,
082155,0031005,2,茨城県,イバラキケン,Ibaraki,,,,北茨城市,キタイバラキシ,Kitaibaraki-shi,,,,中郷町汐見ケ丘,ナカゴウチョウシオミガオカ,Nakagocho Shiomigaoka,５丁目,５チョウメ,5,,,,,0,0,0,0,0,0,1,1,1947-04-17,,0,,,,,,,,,,,,,,,,
082155,0031006,2,茨城県,イバラキケン,Ibaraki,,,,北茨城市,キタイバラキシ,Kitaibaraki-shi,,,,中郷町汐見ケ丘,ナカゴウチョウシオミガオカ,Nakagocho Shiomigaoka,６丁目,６チョウメ,6,,,,,0,0,0,0,0,0,1,1,1947-04-17,,0,,,,,,,,,,,,,,,,
082155,0031007,2,茨城県,イバラキケン,Ibaraki,,,,北茨城市,キタイバラキシ,Kitaibaraki-shi,,,,中郷町汐見ケ丘,ナカゴウチョウシオミガオカ,Nakagocho Shiomigaoka,７丁目,７チョウメ,7,,,,,0,0,0,0,0,0,1,1,1947-04-17,,0,,,,,,,,,,,,,,,,
082155,0031008,2,茨城県,イバラキケン,Ibaraki,,,,北茨城市,キタイバラキシ,Kitaibaraki-shi,,,,中郷町汐見ケ丘,ナカゴウチョウシオミガオカ,Nakagocho Shiomigaoka,８丁目,８チョウメ,8,,,,,0,0,0,0,0,0,1,1,1947-04-17,,0,,,,,,,,,,,,,,,,
082155,0031009,2,茨城県,イバラキケン,Ibaraki,,,,北茨城市,キタイバラキシ,Kitaibaraki-shi,,,,中郷町汐見ケ丘,ナカゴウチョウシオミガオカ,Nakagocho Shiomigaoka,９丁目,９チョウメ,9,,,,,0,0,0,0,0,0,1,1,1947-04-17,,0,,,,,,,,,,,,,,,,
082155,0031010,2,茨城県,イバラキケン,Ibaraki,,,,北茨城市,キタイバラキシ,Kitaibaraki-shi,,,,中郷町汐見ケ丘,ナカゴウチョウシオミガオカ,Nakagocho Shiomigaoka,１０丁目,１０チョウメ,10,,,,,0,0,0,0,0,0,1,1,1947-04-17,,0,,,,,,,,,,,,,,,,
082155,0032000,1,茨城県,イバラキケン,Ibaraki,,,,北茨城市,キタイバラキシ,Kitaibaraki-shi,,,,中郷町下桜井,ナカゴウチョウシモサクライ,Nakagocho Shimosakurai,,,,,,,,0,0,0,0,0,0,1,1,1947-04-17,,0,3191551,,,,,,,,,,,,,,,
082155,0033000,1,茨城県,イバラキケン,Ibaraki,,,,北茨城市,キタイバラキシ,Kitaibaraki-shi,,,,中郷町日棚,ナカゴウチョウヒタナ,Nakagocho Hitana,,,,,,,,0,0,0,0,0,0,1,1,1947-04-17,,0,3191556,,,,,,,,,,,,,,,
082155,0034000,1,茨城県,イバラキケン,Ibaraki,,,,北茨城市,キタイバラキシ,Kitaibaraki-shi,,,,中郷町松井,ナカゴウチョウマツイ,Nakagocho Matsui,,,,,,,,0,0,0,0,0,0,1,1,1947-04-17,,0,3191557,,,,,,,,,,,,,,,
082155,0035000,1,茨城県,イバラキケン,Ibaraki,,,,北茨城市,キタイバラキシ,Kitaibaraki-shi,,,,華川町小豆畑,ハナカワチョウアズハタ,Hanakawacho Azuhata,,,,,,,,0,0,0,0,0,0,1,1,1947-04-17,,0,3191538,,,,,,,,,,,,,,,
082155,0036000,1,茨城県,イバラキケン,Ibaraki,,,,北茨城市,キタイバラキシ,Kitaibaraki-shi,,,,華川町臼場,ハナカワチョウウスバ,Hanakawacho Usuba,,,,,,,,0,0,0,0,0,0,1,1,1947-04-17,,0,3191535,,,,,,,,,,,,,,,
082155,0037000,1,茨城県,イバラキケン,Ibaraki,,,,北茨城市,キタイバラキシ,Kitaibaraki-shi,,,,華川町上小津田,ハナカワチョウカミコツダ,Hanakawacho Kamikotsuda,,,,,,,,0,0,0,0,0,0,1,1,1947-04-17,,0,3191532,,,,,,,,,,,,,,,
082155,0038000,1,茨城県,イバラキケン,Ibaraki,,,,北茨城市,キタイバラキシ,Kitaibaraki-shi,,,,華川町車,ハナカワチョウクルマ,Hanakawacho Kuruma,,,,,,,,0,0,0,0,0,0,1,1,1947-04-17,,0,3191534,,,,,,,,,,,,,,,
082155,0039000,1,茨城県,イバラキケン,Ibaraki,,,,北茨城市,キタイバラキシ,Kitaibaraki-shi,,,,華川町下小津田,ハナカワチョウシモコツダ,Hanakawacho Shimokotsuda,,,,,,,,0,0,0,0,0,0,1,1,1947-04-17,,0,3191533,,,,,,,,,,,,,,,
082155,0040000,1,茨城県,イバラキケン,Ibaraki,,,,北茨城市,キタイバラキシ,Kitaibaraki-shi,,,,華川町下相田,ハナカワチョウシモソウダ,Hanakawacho Shimosoda,,,,,,,,0,0,0,0,0,0,1,1,1947-04-17,,0,3191537,,,,,,,,,,,,,,,
082155,0041000,1,茨城県,イバラキケン,Ibaraki,,,,北茨城市,キタイバラキシ,Kitaibaraki-shi,,,,華川町中妻,ハナカワチョウナカツマ,Hanakawacho Nakatsuma,,,,,,,,0,0,0,0,0,0,1,1,1947-04-17,,0,3191536,,,,,,,,,,,,,,,
082155,0042000,1,茨城県,イバラキケン,Ibaraki,,,,北茨城市,キタイバラキシ,Kitaibaraki-shi,,,,華川町花園,ハナカワチョウハナゾノ,Hanakawacho Hanazono,,,,,,,,0,0,0,0,0,0,1,1,1947-04-17,,0,3191531,,,,,,,,,,,,,,,
082155,0043000,1,茨城県,イバラキケン,Ibaraki,,,,北茨城市,キタイバラキシ,Kitaibaraki-shi,,,,平潟町,ヒラカタチョウ,Hirakatacho,,,,,,,,0,0,0,0,0,0,1,1,1947-04-17,,0,3191701,,,,,,,,,,,,,,,
082163,0001000,1,茨城県,イバラキケン,Ibaraki,,,,笠間市,カサマシ,Kasama-shi,,,,赤坂,アカサカ,Akasaka,,,,,,,,0,0,0,0,0,0,1,1,1947-04-17,,0,3091616,,,,,,,,,,,,,,,
082163,0002000,1,茨城県,イバラキケン,Ibaraki,,,,笠間市,カサマシ,Kasama-shi,,,,安居,アゴ,Ago,,,,,,,,0,0,0,0,0,0,1,1,1947-04-17,,0,3190206,,,,,,,,,,,,,,,
082163,0003000,1,茨城県,イバラキケン,Ibaraki,,,,笠間市,カサマシ,Kasama-shi,,,,旭町,アサヒマチ,Asahimachi,,,,,,,,0,0,0,0,0,0,1,1,1947-04-17,,0,3091717,,,,,,,,,,,,,,,
082163,0004000,1,茨城県,イバラキケン,Ibaraki,,,,笠間市,カサマシ,Kasama-shi,,,,飯合,イイゴウ,Iigo,,,,,,,,0,0,0,0,0,0,1,1,1947-04-17,,0,3091632,,,,,,,,,,,,,,,
082163,0005000,1,茨城県,イバラキケン,Ibaraki,,,,笠間市,カサマシ,Kasama-shi,,,,飯田,イイダ,Iida,,,,,,,,0,0,0,0,0,0,1,1,1947-04-17,,0,3091605,,,,,,,,,,,,,,,
082163,0006000,1,茨城県,イバラキケン,Ibaraki,,,,笠間市,カサマシ,Kasama-shi,,,,池野辺,イケノベ,Ikenobe,,,,,,,,0,0,0,0,0,0,1,1,1947-04-17,,0,3091602,,,,,,,,,,,,,,,
082163,0007000,1,茨城県,イバラキケン,Ibaraki,,,,笠間市,カサマシ,Kasama-shi,,,,石井,イシイ,Ishii,,,,,,,,0,0,0,0,0,0,1,1,1947-04-17,,0,3091613,,,,,,,,,,,,,,,
082163,0008000,1,茨城県,イバラキケン,Ibaraki,,,,笠間市,カサマシ,Kasama-shi,,,,石寺,イシデラ,Ishidera,,,,,,,,0,0,0,0,0,0,1,1,1947-04-17,,0,3091607,,,,,,,,,,,,,,,
082163,0009000,1,茨城県,イバラキケン,Ibaraki,,,,笠間市,カサマシ,Kasama-shi,,,,泉,イズミ,Izumi,,,,,,,,0,0,0,0,0,0,1,1,1947-04-17,,0,3190209,,,,,,,,,,,,,,,
082163,0010000,1,茨城県,イバラキケン,Ibaraki,,,,笠間市,カサマシ,Kasama-shi,,,,市野谷,イチノヤ,Ichinoya,,,,,,,,0,0,0,0,0,0,1,1,1947-04-17,,0,3190208,,,,,,,,,,,,,,,
082163,0011000,1,茨城県,イバラキケン,Ibaraki,,,,笠間市,カサマシ,Kasama-shi,,,,稲田,イナダ,Inada,,,,,,,,0,0,0,0,0,0,1,1,1947-04-17,,0,3091635,,,,,,,,,,,,,,,
082163,0012000,1,茨城県,イバラキケン,Ibaraki,,,,笠間市,カサマシ,Kasama-shi,,,,大郷戸,オオゴト,Ogoto,,,,,,,,0,0,0,0,0,0,1,1,1947-04-17,,0,3091636,,,,,,,,,,,,,,,
082163,0013000,1,茨城県,イバラキケン,Ibaraki,,,,笠間市,カサマシ,Kasama-shi,,,,大古山,オオゴヤマ,Ogoyama,,,,,,,,0,0,0,0,0,0,1,1,1947-04-17,,0,3091724,,,,,,,,,,,,,,,
082163,0014000,1,茨城県,イバラキケン,Ibaraki,,,,笠間市,カサマシ,Kasama-shi,,,,大田町,オオタマチ,Otamachi,,,,,,,,0,0,0,0,0,0,1,1,1947-04-17,,0,3091738,,,,,,,,,,,,,,,
082163,0015000,1,茨城県,イバラキケン,Ibaraki,,,,笠間市,カサマシ,Kasama-shi,,,,大橋,オオハシ,Ohashi,,,,,,,,0,0,0,0,0,0,1,1,1947-04-17,,0,3091601,,,,,,,,,,,,,,,
082163,0016000,1,茨城県,イバラキケン,Ibaraki,,,,笠間市,カサマシ,Kasama-shi,,,,大渕,オオブチ,Obuchi,,,,,,,,0,0,0,0,0,0,1,1,1947-04-17,,0,3091604,,,,,,,,,,,,,,,
082163,0017000,1,茨城県,イバラキケン,Ibaraki,,,,笠間市,カサマシ,Kasama-shi,,,,押辺,オシノベ,Oshinobe,,,,,,,,0,0,0,0,0,0,1,1,1947-04-17,,0,3190205,,,,,,,,,,,,,,,
082163,0018000,1,茨城県,イバラキケン,Ibaraki,,,,笠間市,カサマシ,Kasama-shi,,,,小原,オバラ,Obara,,,,,,,,0,0,0,0,0,0,1,1,1947-04-17,,0,3091701,,,,,,,,,,,,,,,
082163,0019000,1,茨城県,イバラキケン,Ibaraki,,,,笠間市,カサマシ,Kasama-shi,,,,笠間,カサマ,Kasama,,,,,,,,0,0,0,0,0,0,1,1,1947-04-17,,0,3091611,,,,,,,,,,,,,,,
082163,0020000,1,茨城県,イバラキケン,Ibaraki,,,,笠間市,カサマシ,Kasama-shi,,,,柏井,カシワイ,Kashiwai,,,,,,,,0,0,0,0,0,0,1,1,1947-04-17,,0,3091713,,,,,,,,,,,,,,,
082163,0021000,1,茨城県,イバラキケン,Ibaraki,,,,笠間市,カサマシ,Kasama-shi,,,,片庭,カタニワ,Kataniwa,,,,,,,,0,0,0,0,0,0,1,1,1947-04-17,,0,3091637,,,,,,,,,,,,,,,
082163,0022000,1,茨城県,イバラキケン,Ibaraki,,,,笠間市,カサマシ,Kasama-shi,,,,金井,カナイ,Kanai,,,,,,,,0,0,0,0,0,0,1,1,1947-04-17,,0,3091615,,,,,,,,,,,,,,,
082163,0023000,1,茨城県,イバラキケン,Ibaraki,,,,笠間市,カサマシ,Kasama-shi,,,,上市原,カミイチバラ,Kamiichibara,,,,,,,,0,0,0,0,0,0,1,1,1947-04-17,,0,3091731,,,,,,,,,,,,,,,
082163,0024000,1,茨城県,イバラキケン,Ibaraki,,,,笠間市,カサマシ,Kasama-shi,,,,上加賀田,カミカガダ,Kamikagada,,,,,,,,0,0,0,0,0,0,1,1,1947-04-17,,0,3091623,,,,,,,,,,,,,,,
082163,0025000,1,茨城県,イバラキケン,Ibaraki,,,,笠間市,カサマシ,Kasama-shi,,,,上郷,カミゴウ,Kamigo,,,,,,,,0,0,0,0,0,0,1,1,1947-04-17,,0,3190201,,,,,,,,,,,,,,,
082163,0026000,1,茨城県,イバラキケン,Ibaraki,,,,笠間市,カサマシ,Kasama-shi,,,,北吉原,キタヨシワラ,Kitayoshiwara,,,,,,,,0,0,0,0,0,0,1,1,1947-04-17,,0,3091624,,,,,,,,,,,,,,,
082163,0027000,1,茨城県,イバラキケン,Ibaraki,,,,笠間市,カサマシ,Kasama-shi,,,,来栖,クルス,Kurusu,,,,,,,,0,0,0,0,0,0,1,1,1947-04-17,,0,3091625,,,,,,,,,,,,,,,
082163,0028000,1,茨城県,イバラキケン,Ibaraki,,,,笠間市,カサマシ,Kasama-shi,,,,鯉淵,コイブチ,Koibuchi,,,,,,,,0,0,0,0,0,0,1,1,1947-04-17,,0,3091703,,,,,,,,,,,,,,,
082163,0029000,1,茨城県,イバラキケン,Ibaraki,,,,笠間市,カサマシ,Kasama-shi,,,,鴻巣,コウノス,Konosu,,,,,,,,0,0,0,0,0,0,1,1,1947-04-17,,0,3091706,,,,,,,,,,,,,,,
082163,0030000,1,茨城県,イバラキケン,Ibaraki,,,,笠間市,カサマシ,Kasama-shi,,,,五平,ゴヘイ,Gohei,,,,,,,,0,0,0,0,0,0,1,1,1947-04-17,,0,3091702,,,,,,,,,,,,,,,
082163,0031000,1,茨城県,イバラキケン,Ibaraki,,,,笠間市,カサマシ,Kasama-shi,,,,下市毛,シモイチゲ,Shimoichige,,,,,,,,0,0,0,0,0,0,1,1,1947-04-17,,0,3091626,,,,,,,,,,,,,,,
082163,0032000,1,茨城県,イバラキケン,Ibaraki,,,,笠間市,カサマシ,Kasama-shi,,,,下市原,シモイチバラ,Shimoichibara,,,,,,,,0,0,0,0,0,0,1,1,1947-04-17,,0,3091733,,,,,,,,,,,,,,,
082163,0033000,1,茨城県,イバラキケン,Ibaraki,,,,笠間市,カサマシ,Kasama-shi,,,,下加賀田,シモカガダ,Shimokagata,,,,,,,,0,0,0,0,0,0,1,1,1947-04-17,,0,3091726,,,,,,,,,,,,,,,
082163,0034000,1,茨城県,イバラキケン,Ibaraki,,,,笠間市,カサマシ,Kasama-shi,,,,下郷,シモゴウ,Shimogo,,,,,,,,0,0,0,0,0,0,1,1,1947-04-17,,0,3190202,,,,,,,,,,,,,,,
082163,0035000,1,茨城県,イバラキケン,Ibaraki,,,,笠間市,カサマシ,Kasama-shi,,,,住吉,スミヨシ,Sumiyoshi,,,,,,,,0,0,0,0,0,0,1,1,1947-04-17,,0,3091716,,,,,,,,,,,,,,,
082163,0036000,1,茨城県,イバラキケン,Ibaraki,,,,笠間市,カサマシ,Kasama-shi,,,,平町,タイラマチ,Tairamachi,,,,,,,,0,0,0,0,0,0,1,1,1947-04-17,,0,3091722,,,,,,,,,,,,,,,
082163,0037001,2,茨城県,イバラキケン,Ibaraki,,,,笠間市,カサマシ,Kasama-shi,,,,中央,チュウオウ,Chuo,一丁目,１チョウメ,1,,,,,1,1,0,0,0,0,1,1,1947-04-17,,0,,,,,,,,,,,,,,,,
082163,0037002,2,茨城県,イバラキケン,Ibaraki,,,,笠間市,カサマシ,Kasama-shi,,,,中央,チュウオウ,Chuo,二丁目,２チョウメ,2,,,,,1,1,0,0,0,0,1,1,1947-04-17,,0,,,,,,,,,,,,,,,,
082163,0037003,2,茨城県,イバラキケン,Ibaraki,,,,笠間市,カサマシ,Kasama-shi,,,,中央,チュウオウ,Chuo,三丁目,３チョウメ,3,,,,,1,1,0,0,0,0,1,1,1947-04-17,,0,,,,,,,,,,,,,,,,
082163,0037004,2,茨城県,イバラキケン,Ibaraki,,,,笠間市,カサマシ,Kasama-shi,,,,中央,チュウオウ,Chuo,四丁目,４チョウメ,4,,,,,1,1,0,0,0,0,1,1,1947-04-17,,0,,,,,,,,,,,,,,,,
082163,0038000,1,茨城県,イバラキケン,Ibaraki,,,,笠間市,カサマシ,Kasama-shi,,,,手越,テゴシ,Tegoshi,,,,,,,,0,0,0,0,0,0,1,1,1947-04-17,,0,3091621,,,,,,,,,,,,,,,
082163,0039000,1,茨城県,イバラキケン,Ibaraki,,,,笠間市,カサマシ,Kasama-shi,,,,寺崎,テラザキ,Terazaki,,,,,,,,0,0,0,0,0,0,1,1,1947-04-17,,0,3091614,,,,,,,,,,,,,,,
082163,0040000,1,茨城県,イバラキケン,Ibaraki,,,,笠間市,カサマシ,Kasama-shi,,,,友部駅前,トモベエキマエ,Tomobeekimae,,,,,,,,1,1,0,0,0,0,1,1,1947-04-17,,0,3091735,,,,,,,,,,,,,,,
082163,0041000,1,茨城県,イバラキケン,Ibaraki,,,,笠間市,カサマシ,Kasama-shi,,,,中市原,ナカイチバラ,Nakaichibara,,,,,,,,0,0,0,0,0,0,1,1,1947-04-17,,0,3091732,,,,,,,,,,,,,,,
082163,0042000,1,茨城県,イバラキケン,Ibaraki,,,,笠間市,カサマシ,Kasama-shi,,,,長兎路,ナガトロ,Nagatoro,,,,,,,,0,0,0,0,0,0,1,1,1947-04-17,,0,3091712,,,,,,,,,,,,,,,
082163,0043000,1,茨城県,イバラキケン,Ibaraki,,,,笠間市,カサマシ,Kasama-shi,,,,長兎路仁古田入会地,ナガトロニコダイリアイチ,,,,,,,,,0,0,0,0,0,0,1,1,1947-04-17,,0,,,,,,,,,,,,,,,,
082163,0044000,1,茨城県,イバラキケン,Ibaraki,,,,笠間市,カサマシ,Kasama-shi,,,,随分附,ナムサンヅケ,Namusanzuke,,,,,,,,0,0,0,0,0,0,1,1,1947-04-17,,0,3091711,,,,,,,,,,,,,,,
082163,0045000,1,茨城県,イバラキケン,Ibaraki,,,,笠間市,カサマシ,Kasama-shi,,,,仁古田,ニコダ,Nikoda,,,,,,,,0,0,0,0,0,0,1,1,1947-04-17,,0,3091714,,,,,,,,,,,,,,,
082163,0046000,1,茨城県,イバラキケン,Ibaraki,,,,笠間市,カサマシ,Kasama-shi,,,,箱田,ハコダ,Hakoda,,,,,,,,0,0,0,0,0,0,1,1,1947-04-17,,0,3091631,,,,,,,,,,,,,,,
082163,0047000,1,茨城県,イバラキケン,Ibaraki,,,,笠間市,カサマシ,Kasama-shi,,,,土師,ハジ,Haji,,,,,,,,0,0,0,0,0,0,1,1,1947-04-17,,0,3190204,,,,,,,,,,,,,,,
082163,0048000,1,茨城県,イバラキケン,Ibaraki,,,,笠間市,カサマシ,Kasama-shi,,,,橋爪,ハシヅメ,Hashizume,,,,,,,,0,0,0,0,0,0,1,1,1947-04-17,,0,3091721,,,,,,,,,,,,,,,
082163,0049001,2,茨城県,イバラキケン,Ibaraki,,,,笠間市,カサマシ,Kasama-shi,,,,東平,ヒガシダイラ,Higashidaira,一丁目,１チョウメ,1,,,,,1,1,0,0,0,0,1,1,1947-04-17,,0,,,,,,,,,,,,,,,,
082163,0049002,2,茨城県,イバラキケン,Ibaraki,,,,笠間市,カサマシ,Kasama-shi,,,,東平,ヒガシダイラ,Higashidaira,二丁目,２チョウメ,2,,,,,1,1,0,0,0,0,1,1,1947-04-17,,0,,,,,,,,,,,,,,,,
082163,0049003,2,茨城県,イバラキケン,Ibaraki,,,,笠間市,カサマシ,Kasama-shi,,,,東平,ヒガシダイラ,Higashidaira,三丁目,３チョウメ,3,,,,,1,1,0,0,0,0,1,1,1947-04-17,,0,,,,,,,,,,,,,,,,
082163,0049004,2,茨城県,イバラキケン,Ibaraki,,,,笠間市,カサマシ,Kasama-shi,,,,東平,ヒガシダイラ,Higashidaira,四丁目,４チョウメ,4,,,,,1,1,0,0,0,0,1,1,1947-04-17,,0,,,,,,,,,,,,,,,,
082163,0050000,1,茨城県,イバラキケン,Ibaraki,,,,笠間市,カサマシ,Kasama-shi,,,,日草場,ヒクサバ,Hikusaba,,,,,,,,0,0,0,0,0,0,1,1,1947-04-17,,0,3091612,,,,,,,,,,,,,,,
082163,0051000,1,茨城県,イバラキケン,Ibaraki,,,,笠間市,カサマシ,Kasama-shi,,,,日沢,ヒザワ,Hizawa,,,,,,,,0,0,0,0,0,0,1,1,1947-04-17,,0,3091606,,,,,,,,,,,,,,,
082163,0052000,1,茨城県,イバラキケン,Ibaraki,,,,笠間市,カサマシ,Kasama-shi,,,,福島,フクシマ,Fukushima,,,,,,,,0,0,0,0,0,0,1,1,1947-04-17,,0,3190207,,,,,,,,,,,,,,,
082163,0053000,1,茨城県,イバラキケン,Ibaraki,,,,笠間市,カサマシ,Kasama-shi,,,,福田,フクダ,Fukuda,,,,,,,,0,0,0,0,0,0,1,1,1947-04-17,,0,3091603,,,,,,,,,,,,,,,
082163,0054000,1,茨城県,イバラキケン,Ibaraki,,,,笠間市,カサマシ,Kasama-shi,,,,福原,フクハラ,Fukuhara,,,,,,,,0,0,0,0,0,0,1,1,1947-04-17,,0,3091634,,,,,,,,,,,,,,,
082163,0055000,1,茨城県,イバラキケン,Ibaraki,,,,笠間市,カサマシ,Kasama-shi,,,,南小泉,ミナミコイズミ,Minamikoizumi,,,,,,,,0,0,0,0,0,0,1,1,1947-04-17,,0,3091725,,,,,,,,,,,,,,,
082163,0056000,1,茨城県,イバラキケン,Ibaraki,,,,笠間市,カサマシ,Kasama-shi,,,,南友部,ミナミトモベ,Minamitomobe,,,,,,,,0,0,0,0,0,0,1,1,1947-04-17,,0,3091734,,,,,,,,,,,,,,,
082163,0057000,1,茨城県,イバラキケン,Ibaraki,,,,笠間市,カサマシ,Kasama-shi,,,,南吉原,ミナミヨシワラ,Minamiyoshiwara,,,,,,,,0,0,0,0,0,0,1,1,1947-04-17,,0,3091622,,,,,,,,,,,,,,,
082163,0058001,2,茨城県,イバラキケン,Ibaraki,,,,笠間市,カサマシ,Kasama-shi,,,,美原,ミハラ,Mihara,一丁目,１チョウメ,1,,,,,1,1,0,0,0,0,1,1,1947-04-17,,0,,,,,,,,,,,,,,,,
082163,0058002,2,茨城県,イバラキケン,Ibaraki,,,,笠間市,カサマシ,Kasama-shi,,,,美原,ミハラ,Mihara,二丁目,２チョウメ,2,,,,,1,1,0,0,0,0,1,1,1947-04-17,,0,,,,,,,,,,,,,,,,
082163,0058003,2,茨城県,イバラキケン,Ibaraki,,,,笠間市,カサマシ,Kasama-shi,,,,美原,ミハラ,Mihara,三丁目,３チョウメ,3,,,,,1,1,0,0,0,0,1,1,1947-04-17,,0,,,,,,,,,,,,,,,,
082163,0058004,2,茨城県,イバラキケン,Ibaraki,,,,笠間市,カサマシ,Kasama-shi,,,,美原,ミハラ,Mihara,四丁目,４チョウメ,4,,,,,1,1,0,0,0,0,1,1,1947-04-17,,0,,,,,,,,,,,,,,,,
082163,0059000,1,茨城県,イバラキケン,Ibaraki,,,,笠間市,カサマシ,Kasama-shi,,,,本戸,モトド,Motodo,,,,,,,,0,0,0,0,0,0,1,1,1947-04-17,,0,3091633,,,,,,,,,,,,,,,
082163,0060001,2,茨城県,イバラキケン,Ibaraki,,,,笠間市,カサマシ,Kasama-shi,,,,八雲,ヤクモ,Yakumo,一丁目,１チョウメ,1,,,,,1,1,0,0,0,0,1,1,1947-04-17,,0,,,,,,,,,,,,,,,,
082163,0060002,2,茨城県,イバラキケン,Ibaraki,,,,笠間市,カサマシ,Kasama-shi,,,,八雲,ヤクモ,Yakumo,二丁目,２チョウメ,2,,,,,1,1,0,0,0,0,1,1,1947-04-17,,0,,,,,,,,,,,,,,,,
082163,0061000,1,茨城県,イバラキケン,Ibaraki,,,,笠間市,カサマシ,Kasama-shi,,,,矢野下,ヤノシタ,Yanoshita,,,,,,,,0,0,0,0,0,0,1,1,1947-04-17,,0,3091723,,,,,,,,,,,,,,,
082163,0062000,1,茨城県,イバラキケン,Ibaraki,,,,笠間市,カサマシ,Kasama-shi,,,,湯崎,ユザキ,Yuzaki,,,,,,,,0,0,0,0,0,0,1,1,1947-04-17,,0,3091715,,,,,,,,,,,,,,,
082163,0063000,1,茨城県,イバラキケン,Ibaraki,,,,笠間市,カサマシ,Kasama-shi,,,,吉岡,ヨシオカ,Yoshioka,,,,,,,,0,0,0,0,0,0,1,1,1947-04-17,,0,3190203,,,,,,,,,,,,,,,
082163,0064000,1,茨城県,イバラキケン,Ibaraki,,,,笠間市,カサマシ,Kasama-shi,,,,泉市野谷福島入会地,イズミイチノヤフクシマイリアイチ,,,,,,,,,0,0,0,0,0,0,1,1,1947-04-17,,0,,,,,,,,,,,,,,,,
082163,0065000,1,茨城県,イバラキケン,Ibaraki,,,,笠間市,カサマシ,Kasama-shi,,,,湯崎住吉入会地,ユザキスミヨシイリアイチ,,,,,,,,,0,0,0,0,0,0,1,1,1947-04-17,,0,,,,,,,,,,,,,,,,
082163,0066000,1,茨城県,イバラキケン,Ibaraki,,,,笠間市,カサマシ,Kasama-shi,,,,箱田大郷戸,ハコダオオゴト,,,,,,,,,0,0,0,0,0,0,1,1,1947-04-17,,0,,,,,,,,,,,,,,,,
082163,0067000,1,茨城県,イバラキケン,Ibaraki,,,,笠間市,カサマシ,Kasama-shi,,,,箱田片庭大郷戸,ハコダカタニワオオゴト,,,,,,,,,0,0,0,0,0,0,1,1,1947-04-17,,0,,,,,,,,,,,,,,,,
082163,0069000,1,茨城県,イバラキケン,Ibaraki,,,,笠間市,カサマシ,Kasama-shi,,,,泉市野谷入会,イズミイチノヤイリアイ,,,,,,,,,0,0,0,0,0,0,1,0,1947-04-17,,1,,,,,,,,,,,,,,,,
082163,0070000,1,茨城県,イバラキケン,Ibaraki,,,,笠間市,カサマシ,Kasama-shi,,,,泉市野谷入会地,イズミイチノヤイリアイチ,,,,,,,,,0,0,0,0,0,0,1,0,1947-04-17,,1,,,,,,,,,,,,,,,,
082163,0071000,1,茨城県,イバラキケン,Ibaraki,,,,笠間市,カサマシ,Kasama-shi,,,,箱田大郷戸片庭,ハコダオオゴトカタニワ,,,,,,,,,0,0,0,0,0,0,1,0,1947-04-17,,1,,,,,,,,,,,,,,,,
082171,0002000,1,茨城県,イバラキケン,Ibaraki,,,,取手市,トリデシ,Toride-shi,,,,青柳,アオヤナギ,Aoyanagi,,,,,,,,0,0,0,0,0,0,1,1,1947-04-17,,0,3020006,,,,,,,,,,,,,,,
082171,0002001,2,茨城県,イバラキケン,Ibaraki,,,,取手市,トリデシ,Toride-shi,,,,青柳,アオヤナギ,Aoyanagi,一丁目,１チョウメ,1,,,,,1,1,0,0,0,0,1,1,1947-04-17,,0,,,,,,,,,,,,,,,,
082171,0003000,1,茨城県,イバラキケン,Ibaraki,,,,取手市,トリデシ,Toride-shi,,,,市之代,イチノダイ,Ichinodai,,,,,,,,0,0,0,0,0,0,1,1,1947-04-17,,0,3020037,,,,,,,,,,,,,,,
082171,0004000,1,茨城県,イバラキケン,Ibaraki,,,,取手市,トリデシ,Toride-shi,,,,稲,イナ,Ina,,,,,,,,0,0,0,0,0,0,1,1,1947-04-17,,0,3020026,,,,,,,,,,,,,,,
082171,0006000,1,茨城県,イバラキケン,Ibaraki,,,,取手市,トリデシ,Toride-shi,,,,井野,イノ,Ino,,,,,,,,0,0,0,0,0,0,1,1,1947-04-17,,0,3020011,,,,,,,,,,,,,,,
082171,0006001,2,茨城県,イバラキケン,Ibaraki,,,,取手市,トリデシ,Toride-shi,,,,井野,イノ,Ino,一丁目,１チョウメ,1,,,,,1,1,0,0,0,0,1,1,1947-04-17,,0,,,,,,,,,,,,,,,,
082171,0006002,2,茨城県,イバラキケン,Ibaraki,,,,取手市,トリデシ,Toride-shi,,,,井野,イノ,Ino,二丁目,２チョウメ,2,,,,,1,1,0,0,0,0,1,1,1947-04-17,,0,,,,,,,,,,,,,,,,
082171,0006003,2,茨城県,イバラキケン,Ibaraki,,,,取手市,トリデシ,Toride-shi,,,,井野,イノ,Ino,三丁目,３チョウメ,3,,,,,1,1,0,0,0,0,1,1,1947-04-17,,0,,,,,,,,,,,,,,,,
082171,0007001,2,茨城県,イバラキケン,Ibaraki,,,,取手市,トリデシ,Toride-shi,,,,井野台,イノダイ,Inodai,一丁目,１チョウメ,1,,,,,1,1,0,0,0,0,1,1,1947-04-17,,0,,,,,,,,,,,,,,,,
082171,0007002,2,茨城県,イバラキケン,Ibaraki,,,,取手市,トリデシ,Toride-shi,,,,井野台,イノダイ,Inodai,二丁目,２チョウメ,2,,,,,1,1,0,0,0,0,1,1,1947-04-17,,0,,,,,,,,,,,,,,,,
082171,0007003,2,茨城県,イバラキケン,Ibaraki,,,,取手市,トリデシ,Toride-shi,,,,井野台,イノダイ,Inodai,三丁目,３チョウメ,3,,,,,1,1,0,0,0,0,1,1,1947-04-17,,0,,,,,,,,,,,,,,,,
082171,0007004,2,茨城県,イバラキケン,Ibaraki,,,,取手市,トリデシ,Toride-shi,,,,井野台,イノダイ,Inodai,四丁目,４チョウメ,4,,,,,1,1,0,0,0,0,1,1,1947-04-17,,0,,,,,,,,,,,,,,,,
082171,0007005,2,茨城県,イバラキケン,Ibaraki,,,,取手市,トリデシ,Toride-shi,,,,井野台,イノダイ,Inodai,五丁目,５チョウメ,5,,,,,1,1,0,0,0,0,1,1,1947-04-17,,0,,,,,,,,,,,,,,,,
082171,0008000,1,茨城県,イバラキケン,Ibaraki,,,,取手市,トリデシ,Toride-shi,,,,井野団地,イノダンチ,Inodanchi,,,,,,,,1,1,0,0,0,0,1,1,1947-04-17,,0,3020012,,,,,,,,,,,,,,,
082171,0009000,1,茨城県,イバラキケン,Ibaraki,,,,取手市,トリデシ,Toride-shi,,,,大留,オオドメ,Odome,,,,,,,,0,0,0,0,0,0,1,1,1947-04-17,,0,3001523,,,,,,,,,,,,,,,
082171,0010000,1,茨城県,イバラキケン,Ibaraki,,,,取手市,トリデシ,Toride-shi,,,,小堀,オウホリ,Ohori,,,,,,,,0,0,0,0,0,0,1,1,1947-04-17,,0,3020003,,,,,,,,,,,,,,,
082171,0011000,1,茨城県,イバラキケン,Ibaraki,,,,取手市,トリデシ,Toride-shi,,,,大曲,オオマガリ,Omagari,,,,,,,,0,0,0,0,0,0,1,1,1947-04-17,,0,3001503,,,,,,,,,,,,,,,
082171,0012000,1,茨城県,イバラキケン,Ibaraki,,,,取手市,トリデシ,Toride-shi,,,,岡,オカ,Oka,,,,,,,,0,0,0,0,0,0,1,1,1947-04-17,,0,3001546,,,,,,,,,,,,,,,
082171,0013000,1,茨城県,イバラキケン,Ibaraki,,,,取手市,トリデシ,Toride-shi,,,,押切,オシキリ,Oshikiri,,,,,,,,0,0,0,0,0,0,1,1,1947-04-17,,0,3001521,,,,,,,,,,,,,,,
082171,0014000,1,茨城県,イバラキケン,Ibaraki,,,,取手市,トリデシ,Toride-shi,,,,小文間,オモンマ,Omomma,,,,,,,,0,0,0,0,0,0,1,1,1947-04-17,,0,3020001,,,,,,,,,,,,,,,
082171,0015000,1,茨城県,イバラキケン,Ibaraki,,,,取手市,トリデシ,Toride-shi,,,,貝塚,カイツカ,Kaizuka,,,,,,,,0,0,0,0,0,0,1,1,1947-04-17,,0,3020036,,,,,,,,,,,,,,,
082171,0016000,1,茨城県,イバラキケン,Ibaraki,,,,取手市,トリデシ,Toride-shi,,,,神住,カスミ,Kasumi,,,,,,,,0,0,0,0,0,0,1,1,1947-04-17,,0,3001542,,,,,,,,,,,,,,,
082171,0017000,1,茨城県,イバラキケン,Ibaraki,,,,取手市,トリデシ,Toride-shi,,,,片町,カタマチ,Katamachi,,,,,,,,0,0,0,0,0,0,1,1,1947-04-17,,0,3001513,,,,,,,,,,,,,,,
082171,0018000,1,茨城県,イバラキケン,Ibaraki,,,,取手市,トリデシ,Toride-shi,,,,上萱場,カミカヤバ,Kamikayaba,,,,,,,,0,0,0,0,0,0,1,1,1947-04-17,,0,3001506,,,,,,,,,,,,,,,
082171,0019000,1,茨城県,イバラキケン,Ibaraki,,,,取手市,トリデシ,Toride-shi,,,,上高井,カミタカイ,Kamitakai,,,,,,,,0,0,0,0,0,0,1,1,1947-04-17,,0,3020035,,,,,,,,,,,,,,,
082171,0020000,1,茨城県,イバラキケン,Ibaraki,,,,取手市,トリデシ,Toride-shi,,,,萱場,カヤバ,Kayaba,,,,,,,,0,0,0,0,0,0,1,1,1947-04-17,,0,3001504,,,,,,,,,,,,,,,
082171,0021000,1,茨城県,イバラキケン,Ibaraki,,,,取手市,トリデシ,Toride-shi,,,,神浦,カンノウラ,Kannora,,,,,,,,0,0,0,0,0,0,1,1,1947-04-17,,0,3001524,,,,,,,,,,,,,,,
082171,0022000,1,茨城県,イバラキケン,Ibaraki,,,,取手市,トリデシ,Toride-shi,,,,椚木,クヌギ,Kunugi,,,,,,,,0,0,0,0,0,0,1,1,1947-04-17,,0,3001511,,,,,,,,,,,,,,,
082171,0023000,1,茨城県,イバラキケン,Ibaraki,,,,取手市,トリデシ,Toride-shi,,,,桑原,クワバラ,Kuwabara,,,,,,,,0,0,0,0,0,0,1,1,1947-04-17,,0,3020017,,,,,,,,,,,,,,,
082171,0024000,1,茨城県,イバラキケン,Ibaraki,,,,取手市,トリデシ,Toride-shi,,,,毛有,ケアリ,Keari,,,,,,,,0,0,0,0,0,0,1,1,1947-04-17,,0,3001537,,,,,,,,,,,,,,,
082171,0025000,1,茨城県,イバラキケン,Ibaraki,,,,取手市,トリデシ,Toride-shi,,,,小泉,コイズミ,Koizumi,,,,,,,,0,0,0,0,0,0,1,1,1947-04-17,,0,3001539,,,,,,,,,,,,,,,
082171,0026001,2,茨城県,イバラキケン,Ibaraki,,,,取手市,トリデシ,Toride-shi,,,,光風台,コウフウダイ,Kofudai,一丁目,１チョウメ,1,,,,,1,1,0,0,0,0,1,1,1947-04-17,,0,,,,,,,,,,,,,,,,
082171,0026002,2,茨城県,イバラキケン,Ibaraki,,,,取手市,トリデシ,Toride-shi,,,,光風台,コウフウダイ,Kofudai,二丁目,２チョウメ,2,,,,,1,1,0,0,0,0,1,1,1947-04-17,,0,,,,,,,,,,,,,,,,
082171,0026003,2,茨城県,イバラキケン,Ibaraki,,,,取手市,トリデシ,Toride-shi,,,,光風台,コウフウダイ,Kofudai,三丁目,３チョウメ,3,,,,,1,1,0,0,0,0,1,1,1947-04-17,,0,,,,,,,,,,,,,,,,
082171,0027000,1,茨城県,イバラキケン,Ibaraki,,,,取手市,トリデシ,Toride-shi,,,,小浮気,コブケ,Kobuke,,,,,,,,0,0,0,0,0,0,1,1,1947-04-17,,0,3001531,,,,,,,,,,,,,,,
082171,0028001,2,茨城県,イバラキケン,Ibaraki,,,,取手市,トリデシ,Toride-shi,,,,駒場,コマバ,Komaba,一丁目,１チョウメ,1,,,,,1,1,0,0,0,0,1,1,1947-04-17,,0,,,,,,,,,,,,,,,,
082171,0028002,2,茨城県,イバラキケン,Ibaraki,,,,取手市,トリデシ,Toride-shi,,,,駒場,コマバ,Komaba,二丁目,２チョウメ,2,,,,,1,1,0,0,0,0,1,1,1947-04-17,,0,,,,,,,,,,,,,,,,
082171,0028003,2,茨城県,イバラキケン,Ibaraki,,,,取手市,トリデシ,Toride-shi,,,,駒場,コマバ,Komaba,三丁目,３チョウメ,3,,,,,1,1,0,0,0,0,1,1,1947-04-17,,0,,,,,,,,,,,,,,,,
082171,0028004,2,茨城県,イバラキケン,Ibaraki,,,,取手市,トリデシ,Toride-shi,,,,駒場,コマバ,Komaba,四丁目,４チョウメ,4,,,,,1,1,0,0,0,0,1,1,1947-04-17,,0,,,,,,,,,,,,,,,,
082171,0029000,1,茨城県,イバラキケン,Ibaraki,,,,取手市,トリデシ,Toride-shi,,,,米ノ井,コメノイ,Komenoi,,,,,,,,0,0,0,0,0,0,1,1,1947-04-17,,0,3020033,,,,,,,,,,,,,,,
082171,0030001,2,茨城県,イバラキケン,Ibaraki,,,,取手市,トリデシ,Toride-shi,,,,桜が丘,サクラガオカ,Sakuragaoka,一丁目,１チョウメ,1,,,,,1,1,0,0,0,0,1,1,1947-04-17,,0,,,,,,,,,,,,,,,,
082171,0030002,2,茨城県,イバラキケン,Ibaraki,,,,取手市,トリデシ,Toride-shi,,,,桜が丘,サクラガオカ,Sakuragaoka,二丁目,２チョウメ,2,,,,,1,1,0,0,0,0,1,1,1947-04-17,,0,,,,,,,,,,,,,,,,
082171,0030003,2,茨城県,イバラキケン,Ibaraki,,,,取手市,トリデシ,Toride-shi,,,,桜が丘,サクラガオカ,Sakuragaoka,三丁目,３チョウメ,3,,,,,1,1,0,0,0,0,1,1,1947-04-17,,0,,,,,,,,,,,,,,,,
082171,0030004,2,茨城県,イバラキケン,Ibaraki,,,,取手市,トリデシ,Toride-shi,,,,桜が丘,サクラガオカ,Sakuragaoka,四丁目,４チョウメ,4,,,,,1,1,0,0,0,0,1,1,1947-04-17,,0,,,,,,,,,,,,,,,,
082171,0031000,1,茨城県,イバラキケン,Ibaraki,,,,取手市,トリデシ,Toride-shi,,,,山王,サンノウ,Sanno,,,,,,,,0,0,0,0,0,0,1,1,1947-04-17,,0,3001544,,,,,,,,,,,,,,,
082171,0032001,2,茨城県,イバラキケン,Ibaraki,,,,取手市,トリデシ,Toride-shi,,,,紫水,シスイ,Shisui,一丁目,１チョウメ,1,,,,,0,0,0,0,0,0,1,1,1947-04-17,,0,,,,,,,,,,,,,,,,
082171,0032002,2,茨城県,イバラキケン,Ibaraki,,,,取手市,トリデシ,Toride-shi,,,,紫水,シスイ,Shisui,二丁目,２チョウメ,2,,,,,0,0,0,0,0,0,1,1,1947-04-17,,0,,,,,,,,,,,,,,,,
082171,0032003,2,茨城県,イバラキケン,Ibaraki,,,,取手市,トリデシ,Toride-shi,,,,紫水,シスイ,Shisui,三丁目,３チョウメ,3,,,,,0,0,0,0,0,0,1,1,1947-04-17,,0,,,,,,,,,,,,,,,,
082171,0033000,1,茨城県,イバラキケン,Ibaraki,,,,取手市,トリデシ,Toride-shi,,,,渋沼,シブヌマ,Shibunuma,,,,,,,,0,0,0,0,0,0,1,1,1947-04-17,,0,3001534,,,,,,,,,,,,,,,
082171,0034000,1,茨城県,イバラキケン,Ibaraki,,,,取手市,トリデシ,Toride-shi,,,,清水,シミズ,Shimizu,,,,,,,,0,0,0,0,0,0,1,1,1947-04-17,,0,3001535,,,,,,,,,,,,,,,
082171,0035000,1,茨城県,イバラキケン,Ibaraki,,,,取手市,トリデシ,Toride-shi,,,,下萱場,シモカヤバ,Shimokayaba,,,,,,,,0,0,0,0,0,0,1,1,1947-04-17,,0,3001505,,,,,,,,,,,,,,,
082171,0036000,1,茨城県,イバラキケン,Ibaraki,,,,取手市,トリデシ,Toride-shi,,,,下高井,シモタカイ,Shimotakai,,,,,,,,0,0,0,0,0,0,1,1,1947-04-17,,0,3020038,,,,,,,,,,,,,,,
082171,0037000,1,茨城県,イバラキケン,Ibaraki,,,,取手市,トリデシ,Toride-shi,,,,新川,シンカワ,Shinkawa,,,,,,,,0,0,0,0,0,0,1,1,1947-04-17,,0,3001502,,,,,,,,,,,,,,,
082171,0038001,2,茨城県,イバラキケン,Ibaraki,,,,取手市,トリデシ,Toride-shi,,,,新取手,シントリデ,Shintoride,一丁目,１チョウメ,1,,,,,1,1,0,0,0,0,1,1,1947-04-17,,0,,,,,,,,,,,,,,,,
082171,0038002,2,茨城県,イバラキケン,Ibaraki,,,,取手市,トリデシ,Toride-shi,,,,新取手,シントリデ,Shintoride,二丁目,２チョウメ,2,,,,,1,1,0,0,0,0,1,1,1947-04-17,,0,,,,,,,,,,,,,,,,
082171,0038003,2,茨城県,イバラキケン,Ibaraki,,,,取手市,トリデシ,Toride-shi,,,,新取手,シントリデ,Shintoride,三丁目,３チョウメ,3,,,,,1,1,0,0,0,0,1,1,1947-04-17,,0,,,,,,,,,,,,,,,,
082171,0038004,2,茨城県,イバラキケン,Ibaraki,,,,取手市,トリデシ,Toride-shi,,,,新取手,シントリデ,Shintoride,四丁目,４チョウメ,4,,,,,1,1,0,0,0,0,1,1,1947-04-17,,0,,,,,,,,,,,,,,,,
082171,0038005,2,茨城県,イバラキケン,Ibaraki,,,,取手市,トリデシ,Toride-shi,,,,新取手,シントリデ,Shintoride,五丁目,５チョウメ,5,,,,,1,1,0,0,0,0,1,1,1947-04-17,,0,,,,,,,,,,,,,,,,
082171,0039001,2,茨城県,イバラキケン,Ibaraki,,,,取手市,トリデシ,Toride-shi,,,,新町,シンマチ,Shimmachi,一丁目,１チョウメ,1,,,,,1,1,0,0,0,0,1,1,1947-04-17,,0,,,,,,,,,,,,,,,,
082171,0039002,2,茨城県,イバラキケン,Ibaraki,,,,取手市,トリデシ,Toride-shi,,,,新町,シンマチ,Shimmachi,二丁目,２チョウメ,2,,,,,1,1,0,0,0,0,1,1,1947-04-17,,0,,,,,,,,,,,,,,,,
082171,0039003,2,茨城県,イバラキケン,Ibaraki,,,,取手市,トリデシ,Toride-shi,,,,新町,シンマチ,Shimmachi,三丁目,３チョウメ,3,,,,,1,1,0,0,0,0,1,1,1947-04-17,,0,,,,,,,,,,,,,,,,
082171,0039004,2,茨城県,イバラキケン,Ibaraki,,,,取手市,トリデシ,Toride-shi,,,,新町,シンマチ,Shimmachi,四丁目,４チョウメ,4,,,,,1,1,0,0,0,0,1,1,1947-04-17,,0,,,,,,,,,,,,,,,,
082171,0039005,2,茨城県,イバラキケン,Ibaraki,,,,取手市,トリデシ,Toride-shi,,,,新町,シンマチ,Shimmachi,五丁目,５チョウメ,5,,,,,1,1,0,0,0,0,1,1,1947-04-17,,0,,,,,,,,,,,,,,,,
082171,0039006,2,茨城県,イバラキケン,Ibaraki,,,,取手市,トリデシ,Toride-shi,,,,新町,シンマチ,Shimmachi,六丁目,６チョウメ,6,,,,,1,1,0,0,0,0,1,1,1947-04-17,,0,,,,,,,,,,,,,,,,
082171,0041000,1,茨城県,イバラキケン,Ibaraki,,,,取手市,トリデシ,Toride-shi,,,,台宿,ダイシュク,Daishuku,,,,,,,,0,0,0,0,0,0,1,1,1947-04-17,,0,3020013,,,,,,,,,,,,,,,
082171,0041001,2,茨城県,イバラキケン,Ibaraki,,,,取手市,トリデシ,Toride-shi,,,,台宿,ダイシュク,Daishuku,一丁目,１チョウメ,1,,,,,1,1,0,0,0,0,1,1,1947-04-17,,0,,,,,,,,,,,,,,,,
082171,0041002,2,茨城県,イバラキケン,Ibaraki,,,,取手市,トリデシ,Toride-shi,,,,台宿,ダイシュク,Daishuku,二丁目,２チョウメ,2,,,,,1,1,0,0,0,0,1,1,1947-04-17,,0,,,,,,,,,,,,,,,,
082171,0042000,1,茨城県,イバラキケン,Ibaraki,,,,取手市,トリデシ,Toride-shi,,,,高須,タカス,Takasu,,,,,,,,0,0,0,0,0,0,1,1,1947-04-17,,0,3001522,,,,,,,,,,,,,,,
082171,0043000,1,茨城県,イバラキケン,Ibaraki,,,,取手市,トリデシ,Toride-shi,,,,中央町,チュウオウチョウ,Chuocho,,,,,,,,1,1,0,0,0,0,1,1,1947-04-17,,0,3020014,,,,,,,,,,,,,,,
082171,0044000,1,茨城県,イバラキケン,Ibaraki,,,,取手市,トリデシ,Toride-shi,,,,長兵衛新田,チョウベエシンデン,Chobeeshinden,,,,,,,,0,0,0,0,0,0,1,1,1947-04-17,,0,3020002,,,,,,,,,,,,,,,
082171,0045000,1,茨城県,イバラキケン,Ibaraki,,,,取手市,トリデシ,Toride-shi,,,,寺田,テラダ,Terada,,,,,,,,0,0,0,0,0,0,1,1,1947-04-17,,0,3020021,,,,,,,,,,,,,,,
082171,0047000,1,茨城県,イバラキケン,Ibaraki,,,,取手市,トリデシ,Toride-shi,,,,戸頭,トガシラ,Togashira,,,,,,,,0,0,0,0,0,0,1,1,1947-04-17,,0,3020034,,,,,,,,,,,,,,,
082171,0047001,2,茨城県,イバラキケン,Ibaraki,,,,取手市,トリデシ,Toride-shi,,,,戸頭,トガシラ,Togashira,一丁目,１チョウメ,1,,,,,1,1,0,0,0,0,1,1,1947-04-17,,0,,,,,,,,,,,,,,,,
082171,0047002,2,茨城県,イバラキケン,Ibaraki,,,,取手市,トリデシ,Toride-shi,,,,戸頭,トガシラ,Togashira,二丁目,２チョウメ,2,,,,,1,1,0,0,0,0,1,1,1947-04-17,,0,,,,,,,,,,,,,,,,
082171,0047003,2,茨城県,イバラキケン,Ibaraki,,,,取手市,トリデシ,Toride-shi,,,,戸頭,トガシラ,Togashira,三丁目,３チョウメ,3,,,,,1,1,0,0,0,0,1,1,1947-04-17,,0,,,,,,,,,,,,,,,,
082171,0047004,2,茨城県,イバラキケン,Ibaraki,,,,取手市,トリデシ,Toride-shi,,,,戸頭,トガシラ,Togashira,四丁目,４チョウメ,4,,,,,1,1,0,0,0,0,1,1,1947-04-17,,0,,,,,,,,,,,,,,,,
082171,0047005,2,茨城県,イバラキケン,Ibaraki,,,,取手市,トリデシ,Toride-shi,,,,戸頭,トガシラ,Togashira,五丁目,５チョウメ,5,,,,,1,1,0,0,0,0,1,1,1947-04-17,,0,,,,,,,,,,,,,,,,
082171,0047006,2,茨城県,イバラキケン,Ibaraki,,,,取手市,トリデシ,Toride-shi,,,,戸頭,トガシラ,Togashira,六丁目,６チョウメ,6,,,,,1,1,0,0,0,0,1,1,1947-04-17,,0,,,,,,,,,,,,,,,,
082171,0047007,2,茨城県,イバラキケン,Ibaraki,,,,取手市,トリデシ,Toride-shi,,,,戸頭,トガシラ,Togashira,七丁目,７チョウメ,7,,,,,1,1,0,0,0,0,1,1,1947-04-17,,0,,,,,,,,,,,,,,,,
082171,0047008,2,茨城県,イバラキケン,Ibaraki,,,,取手市,トリデシ,Toride-shi,,,,戸頭,トガシラ,Togashira,八丁目,８チョウメ,8,,,,,1,1,0,0,0,0,1,1,1947-04-17,,0,,,,,,,,,,,,,,,,
082171,0047009,2,茨城県,イバラキケン,Ibaraki,,,,取手市,トリデシ,Toride-shi,,,,戸頭,トガシラ,Togashira,九丁目,９チョウメ,9,,,,,1,1,0,0,0,0,1,1,1947-04-17,,0,,,,,,,,,,,,,,,,
082171,0049000,1,茨城県,イバラキケン,Ibaraki,,,,取手市,トリデシ,Toride-shi,,,,取手,トリデ,Toride,,,,,,,,0,0,0,0,0,0,1,1,1947-04-17,,0,3020004,,,,,,,,,,,,,,,
082171,0049001,2,茨城県,イバラキケン,Ibaraki,,,,取手市,トリデシ,Toride-shi,,,,取手,トリデ,Toride,一丁目,１チョウメ,1,,,,,1,1,0,0,0,0,1,1,1947-04-17,,0,,,,,,,,,,,,,,,,
082171,0049002,2,茨城県,イバラキケン,Ibaraki,,,,取手市,トリデシ,Toride-shi,,,,取手,トリデ,Toride,二丁目,２チョウメ,2,,,,,1,1,0,0,0,0,1,1,1947-04-17,,0,,,,,,,,,,,,,,,,
082171,0049003,2,茨城県,イバラキケン,Ibaraki,,,,取手市,トリデシ,Toride-shi,,,,取手,トリデ,Toride,三丁目,３チョウメ,3,,,,,1,1,0,0,0,0,1,1,1947-04-17,,0,,,,,,,,,,,,,,,,
082171,0050000,1,茨城県,イバラキケン,Ibaraki,,,,取手市,トリデシ,Toride-shi,,,,中内,ナカウチ,Nakauchi,,,,,,,,0,0,0,0,0,0,1,1,1947-04-17,,0,3001543,,,,,,,,,,,,,,,
082171,0051000,1,茨城県,イバラキケン,Ibaraki,,,,取手市,トリデシ,Toride-shi,,,,中田,ナカタ,Nakata,,,,,,,,0,0,0,0,0,0,1,1,1947-04-17,,0,3001533,,,,,,,,,,,,,,,
082171,0052000,1,茨城県,イバラキケン,Ibaraki,,,,取手市,トリデシ,Toride-shi,,,,中原町,ナカハラチョウ,Nakaharacho,,,,,,,,1,1,0,0,0,0,1,1,1947-04-17,,0,3020016,,,,,,,,,,,,,,,
082171,0053001,2,茨城県,イバラキケン,Ibaraki,,,,取手市,トリデシ,Toride-shi,,,,西,ニシ,Nishi,一丁目,１チョウメ,1,,,,,1,1,0,0,0,0,1,1,1947-04-17,,0,,,,,,,,,,,,,,,,
082171,0053002,2,茨城県,イバラキケン,Ibaraki,,,,取手市,トリデシ,Toride-shi,,,,西,ニシ,Nishi,二丁目,２チョウメ,2,,,,,1,1,0,0,0,0,1,1,1947-04-17,,0,,,,,,,,,,,,,,,,
082171,0054000,1,茨城県,イバラキケン,Ibaraki,,,,取手市,トリデシ,Toride-shi,,,,野々井,ノノイ,Nonoi,,,,,,,,0,0,0,0,0,0,1,1,1947-04-17,,0,3020032,,,,,,,,,,,,,,,
082171,0055000,1,茨城県,イバラキケン,Ibaraki,,,,取手市,トリデシ,Toride-shi,,,,配松,ハイマツ,Haimatsu,,,,,,,,0,0,0,0,0,0,1,1,1947-04-17,,0,3001541,,,,,,,,,,,,,,,
082171,0056001,2,茨城県,イバラキケン,Ibaraki,,,,取手市,トリデシ,Toride-shi,,,,白山,ハクサン,Hakusan,一丁目,１チョウメ,1,,,,,1,1,0,0,0,0,1,1,1947-04-17,,0,,,,,,,,,,,,,,,,
082171,0056002,2,茨城県,イバラキケン,Ibaraki,,,,取手市,トリデシ,Toride-shi,,,,白山,ハクサン,Hakusan,二丁目,２チョウメ,2,,,,,1,1,0,0,0,0,1,1,1947-04-17,,0,,,,,,,,,,,,,,,,
082171,0056003,2,茨城県,イバラキケン,Ibaraki,,,,取手市,トリデシ,Toride-shi,,,,白山,ハクサン,Hakusan,三丁目,３チョウメ,3,,,,,1,1,0,0,0,0,1,1,1947-04-17,,0,,,,,,,,,,,,,,,,
082171,0056004,2,茨城県,イバラキケン,Ibaraki,,,,取手市,トリデシ,Toride-shi,,,,白山,ハクサン,Hakusan,四丁目,４チョウメ,4,,,,,1,1,0,0,0,0,1,1,1947-04-17,,0,,,,,,,,,,,,,,,,
082171,0056005,2,茨城県,イバラキケン,Ibaraki,,,,取手市,トリデシ,Toride-shi,,,,白山,ハクサン,Hakusan,五丁目,５チョウメ,5,,,,,1,1,0,0,0,0,1,1,1947-04-17,,0,,,,,,,,,,,,,,,,
082171,0056006,2,茨城県,イバラキケン,Ibaraki,,,,取手市,トリデシ,Toride-shi,,,,白山,ハクサン,Hakusan,六丁目,６チョウメ,6,,,,,1,1,0,0,0,0,1,1,1947-04-17,,0,,,,,,,,,,,,,,,,
082171,0056007,2,茨城県,イバラキケン,Ibaraki,,,,取手市,トリデシ,Toride-shi,,,,白山,ハクサン,Hakusan,七丁目,７チョウメ,7,,,,,1,1,0,0,0,0,1,1,1947-04-17,,0,,,,,,,,,,,,,,,,
082171,0056008,2,茨城県,イバラキケン,Ibaraki,,,,取手市,トリデシ,Toride-shi,,,,白山,ハクサン,Hakusan,八丁目,８チョウメ,8,,,,,1,1,0,0,0,0,1,1,1947-04-17,,0,,,,,,,,,,,,,,,,
082171,0057000,1,茨城県,イバラキケン,Ibaraki,,,,取手市,トリデシ,Toride-shi,,,,浜田,ハマダ,Hamada,,,,,,,,0,0,0,0,0,0,1,1,1947-04-17,,0,3001507,,,,,,,,,,,,,,,
082171,0057106,3,茨城県,イバラキケン,Ibaraki,,,,取手市,トリデシ,Toride-shi,,,,浜田,ハマダ,Hamada,,,,字下川辺,アザシモカワベリ,,,0,0,0,0,0,0,1,1,1947-04-17,,0,,,,,,,,,,,,,,,,
082171,0058001,2,茨城県,イバラキケン,Ibaraki,,,,取手市,トリデシ,Toride-shi,,,,東,ヒガシ,Higashi,一丁目,１チョウメ,1,,,,,1,1,0,0,0,0,1,1,1947-04-17,,0,,,,,,,,,,,,,,,,
082171,0058002,2,茨城県,イバラキケン,Ibaraki,,,,取手市,トリデシ,Toride-shi,,,,東,ヒガシ,Higashi,二丁目,２チョウメ,2,,,,,1,1,0,0,0,0,1,1,1947-04-17,,0,,,,,,,,,,,,,,,,
082171,0058003,2,茨城県,イバラキケン,Ibaraki,,,,取手市,トリデシ,Toride-shi,,,,東,ヒガシ,Higashi,三丁目,３チョウメ,3,,,,,1,1,0,0,0,0,1,1,1947-04-17,,0,,,,,,,,,,,,,,,,
082171,0058004,2,茨城県,イバラキケン,Ibaraki,,,,取手市,トリデシ,Toride-shi,,,,東,ヒガシ,Higashi,四丁目,４チョウメ,4,,,,,1,1,0,0,0,0,1,1,1947-04-17,,0,,,,,,,,,,,,,,,,
082171,0058005,2,茨城県,イバラキケン,Ibaraki,,,,取手市,トリデシ,Toride-shi,,,,東,ヒガシ,Higashi,五丁目,５チョウメ,5,,,,,1,1,0,0,0,0,1,1,1947-04-17,,0,,,,,,,,,,,,,,,,
082171,0058006,2,茨城県,イバラキケン,Ibaraki,,,,取手市,トリデシ,Toride-shi,,,,東,ヒガシ,Higashi,六丁目,６チョウメ,6,,,,,1,1,0,0,0,0,1,1,1947-04-17,,0,,,,,,,,,,,,,,,,
082171,0059000,1,茨城県,イバラキケン,Ibaraki,,,,取手市,トリデシ,Toride-shi,,,,平野,ヒラノ,Hirano,,,,,,,,0,0,0,0,0,0,1,1,1947-04-17,,0,3001515,,,,,,,,,,,,,,,
082171,0060000,1,茨城県,イバラキケン,Ibaraki,,,,取手市,トリデシ,Toride-shi,,,,藤代,フジシロ,Fujishiro,,,,,,,,0,0,0,0,0,0,1,1,1947-04-17,,0,3001512,,,,,,,,,,,,,,,
082171,0061001,2,茨城県,イバラキケン,Ibaraki,,,,取手市,トリデシ,Toride-shi,,,,藤代南,フジシロミナミ,Fujishirominami,一丁目,１チョウメ,1,,,,,0,0,0,0,0,0,1,1,1947-04-17,,0,,,,,,,,,,,,,,,,
082171,0061002,2,茨城県,イバラキケン,Ibaraki,,,,取手市,トリデシ,Toride-shi,,,,藤代南,フジシロミナミ,Fujishirominami,二丁目,２チョウメ,2,,,,,0,0,0,0,0,0,1,1,1947-04-17,,0,,,,,,,,,,,,,,,,
082171,0061003,2,茨城県,イバラキケン,Ibaraki,,,,取手市,トリデシ,Toride-shi,,,,藤代南,フジシロミナミ,Fujishirominami,三丁目,３チョウメ,3,,,,,0,0,0,0,0,0,1,1,1947-04-17,,0,,,,,,,,,,,,,,,,
082171,0062001,2,茨城県,イバラキケン,Ibaraki,,,,取手市,トリデシ,Toride-shi,,,,双葉,フタバ,Futaba,一丁目,１チョウメ,1,,,,,1,1,0,0,0,0,1,1,1947-04-17,,0,,,,,,,,,,,,,,,,
082171,0062002,2,茨城県,イバラキケン,Ibaraki,,,,取手市,トリデシ,Toride-shi,,,,双葉,フタバ,Futaba,二丁目,２チョウメ,2,,,,,1,1,0,0,0,0,1,1,1947-04-17,,0,,,,,,,,,,,,,,,,
082171,0062003,2,茨城県,イバラキケン,Ibaraki,,,,取手市,トリデシ,Toride-shi,,,,双葉,フタバ,Futaba,三丁目,３チョウメ,3,,,,,1,1,0,0,0,0,1,1,1947-04-17,,0,,,,,,,,,,,,,,,,
082171,0063001,2,茨城県,イバラキケン,Ibaraki,,,,取手市,トリデシ,Toride-shi,,,,本郷,ホンゴウ,Hongo,一丁目,１チョウメ,1,,,,,1,1,0,0,0,0,1,1,1947-04-17,,0,,,,,,,,,,,,,,,,
082171,0063002,2,茨城県,イバラキケン,Ibaraki,,,,取手市,トリデシ,Toride-shi,,,,本郷,ホンゴウ,Hongo,二丁目,２チョウメ,2,,,,,1,1,0,0,0,0,1,1,1947-04-17,,0,,,,,,,,,,,,,,,,
082171,0063003,2,茨城県,イバラキケン,Ibaraki,,,,取手市,トリデシ,Toride-shi,,,,本郷,ホンゴウ,Hongo,三丁目,３チョウメ,3,,,,,1,1,0,0,0,0,1,1,1947-04-17,,0,,,,,,,,,,,,,,,,
082171,0063004,2,茨城県,イバラキケン,Ibaraki,,,,取手市,トリデシ,Toride-shi,,,,本郷,ホンゴウ,Hongo,四丁目,４チョウメ,4,,,,,1,1,0,0,0,0,1,1,1947-04-17,,0,,,,,,,,,,,,,,,,
082171,0063005,2,茨城県,イバラキケン,Ibaraki,,,,取手市,トリデシ,Toride-shi,,,,本郷,ホンゴウ,Hongo,五丁目,５チョウメ,5,,,,,1,1,0,0,0,0,1,1,1947-04-17,,0,,,,,,,,,,,,,,,,
082171,0064000,1,茨城県,イバラキケン,Ibaraki,,,,取手市,トリデシ,Toride-shi,,,,宮和田,ミヤワダ,Miyawada,,,,,,,,0,0,0,0,0,0,1,1,1947-04-17,,0,3001514,,,,,,,,,,,,,,,
082171,0065000,1,茨城県,イバラキケン,Ibaraki,,,,取手市,トリデシ,Toride-shi,,,,谷中,ヤナカ,Yanaka,,,,,,,,0,0,0,0,0,0,1,1,1947-04-17,,0,3001532,,,,,,,,,,,,,,,
082171,0066001,2,茨城県,イバラキケン,Ibaraki,,,,取手市,トリデシ,Toride-shi,,,,ゆめみ野,ユメミノ,Yumemino,一丁目,１チョウメ,1,,,,,0,0,0,0,0,0,1,1,1947-04-17,,0,,,,,,,,,,,,,,,,
082171,0066002,2,茨城県,イバラキケン,Ibaraki,,,,取手市,トリデシ,Toride-shi,,,,ゆめみ野,ユメミノ,Yumemino,二丁目,２チョウメ,2,,,,,0,0,0,0,0,0,1,1,1947-04-17,,0,,,,,,,,,,,,,,,,
082171,0066003,2,茨城県,イバラキケン,Ibaraki,,,,取手市,トリデシ,Toride-shi,,,,ゆめみ野,ユメミノ,Yumemino,三丁目,３チョウメ,3,,,,,0,0,0,0,0,0,1,1,1947-04-17,,0,,,,,,,,,,,,,,,,
082171,0066004,2,茨城県,イバラキケン,Ibaraki,,,,取手市,トリデシ,Toride-shi,,,,ゆめみ野,ユメミノ,Yumemino,四丁目,４チョウメ,4,,,,,0,0,0,0,0,0,1,1,1947-04-17,,0,,,,,,,,,,,,,,,,
082171,0066005,2,茨城県,イバラキケン,Ibaraki,,,,取手市,トリデシ,Toride-shi,,,,ゆめみ野,ユメミノ,Yumemino,五丁目,５チョウメ,5,,,,,0,0,0,0,0,0,1,1,1947-04-17,,0,,,,,,,,,,,,,,,,
082171,0067000,1,茨城県,イバラキケン,Ibaraki,,,,取手市,トリデシ,Toride-shi,,,,吉田,ヨシダ,Yoshida,,,,,,,,0,0,0,0,0,0,1,1,1947-04-17,,0,3020007,,,,,,,,,,,,,,,
082171,0068000,1,茨城県,イバラキケン,Ibaraki,,,,取手市,トリデシ,Toride-shi,,,,米田,ヨネダ,Yoneda,,,,,,,,0,0,0,0,0,0,1,1,1947-04-17,,0,3001538,,,,,,,,,,,,,,,
082171,0069000,1,茨城県,イバラキケン,Ibaraki,,,,取手市,トリデシ,Toride-shi,,,,和田,ワダ,Wada,,,,,,,,0,0,0,0,0,0,1,1,1947-04-17,,0,3001545,,,,,,,,,,,,,,,
082198,0001000,1,茨城県,イバラキケン,Ibaraki,,,,牛久市,ウシクシ,Ushiku-shi,,,,井ノ岡町,イノオカチョウ,Inokacho,,,,,,,,0,0,0,0,0,0,1,1,1947-04-17,,0,3001282,,,,,,,,,,,,,,,
082198,0002000,1,茨城県,イバラキケン,Ibaraki,,,,牛久市,ウシクシ,Ushiku-shi,,,,牛久町,ウシクチョウ,Ushikucho,,,,,,,,0,0,0,0,0,0,1,1,1947-04-17,,0,3001221,,,,,,,,,,,,,,,
082198,0003000,1,茨城県,イバラキケン,Ibaraki,,,,牛久市,ウシクシ,Ushiku-shi,,,,岡見町,オカミチョウ,Okamicho,,,,,,,,0,0,0,0,0,0,1,1,1947-04-17,,0,3001204,,,,,,,,,,,,,,,
082198,0004000,1,茨城県,イバラキケン,Ibaraki,,,,牛久市,ウシクシ,Ushiku-shi,,,,奥原町,オクバラチョウ,Okubaracho,,,,,,,,0,0,0,0,0,0,1,1,1947-04-17,,0,3001283,,,,,,,,,,,,,,,
082198,0005000,1,茨城県,イバラキケン,Ibaraki,,,,牛久市,ウシクシ,Ushiku-shi,,,,小坂町,オサカチョウ,Osakacho,,,,,,,,0,0,0,0,0,0,1,1,1947-04-17,,0,3001286,,,,,,,,,,,,,,,
082198,0006000,1,茨城県,イバラキケン,Ibaraki,,,,牛久市,ウシクシ,Ushiku-shi,,,,女化町,オナバケチョウ,Onabakecho,,,,,,,,0,0,0,0,0,0,1,1,1947-04-17,,0,3001214,,,,,,,,,,,,,,,
082198,0007000,1,茨城県,イバラキケン,Ibaraki,,,,牛久市,ウシクシ,Ushiku-shi,,,,柏田町,カシワダチョウ,Kashiwadacho,,,,,,,,0,0,0,0,0,0,1,1,1947-04-17,,0,3001211,,,,,,,,,,,,,,,
082198,0008000,1,茨城県,イバラキケン,Ibaraki,,,,牛久市,ウシクシ,Ushiku-shi,,,,桂町,カツラチョウ,Katsuracho,,,,,,,,0,0,0,0,0,0,1,1,1947-04-17,,0,3001281,,,,,,,,,,,,,,,
082198,0009000,1,茨城県,イバラキケン,Ibaraki,,,,牛久市,ウシクシ,Ushiku-shi,,,,上太田町,カミオオタチョウ,Kamiotacho,,,,,,,,0,0,0,0,0,0,1,1,1947-04-17,,0,3001213,,,,,,,,,,,,,,,
082198,0010000,1,茨城県,イバラキケン,Ibaraki,,,,牛久市,ウシクシ,Ushiku-shi,,,,上柏田,カミカシワダ,,,,,,,,,0,0,0,0,0,0,1,0,1947-04-17,,1,,,,,,,,,,,,,,,,
082198,0010001,2,茨城県,イバラキケン,Ibaraki,,,,牛久市,ウシクシ,Ushiku-shi,,,,上柏田,カミカシワダ,Kamikashiwada,１丁目,１チョウメ,1,,,,,0,0,0,0,0,0,1,1,1947-04-17,,0,,,,,,,,,,,,,,,,
082198,0010002,2,茨城県,イバラキケン,Ibaraki,,,,牛久市,ウシクシ,Ushiku-shi,,,,上柏田,カミカシワダ,Kamikashiwada,２丁目,２チョウメ,2,,,,,0,0,0,0,0,0,1,1,1947-04-17,,0,,,,,,,,,,,,,,,,
082198,0010003,2,茨城県,イバラキケン,Ibaraki,,,,牛久市,ウシクシ,Ushiku-shi,,,,上柏田,カミカシワダ,Kamikashiwada,３丁目,３チョウメ,3,,,,,0,0,0,0,0,0,1,1,1947-04-17,,0,,,,,,,,,,,,,,,,
082198,0010004,2,茨城県,イバラキケン,Ibaraki,,,,牛久市,ウシクシ,Ushiku-shi,,,,上柏田,カミカシワダ,Kamikashiwada,４丁目,４チョウメ,4,,,,,0,0,0,0,0,0,1,1,1947-04-17,,0,,,,,,,,,,,,,,,,
082198,0011000,1,茨城県,イバラキケン,Ibaraki,,,,牛久市,ウシクシ,Ushiku-shi,,,,神谷,カミヤ,,,,,,,,,0,0,0,0,0,0,1,0,1947-04-17,,1,,,,,,,,,,,,,,,,
082198,0011001,2,茨城県,イバラキケン,Ibaraki,,,,牛久市,ウシクシ,Ushiku-shi,,,,神谷,カミヤ,Kamiya,１丁目,１チョウメ,1,,,,,0,0,0,0,0,0,1,1,1947-04-17,,0,,,,,,,,,,,,,,,,
082198,0011002,2,茨城県,イバラキケン,Ibaraki,,,,牛久市,ウシクシ,Ushiku-shi,,,,神谷,カミヤ,Kamiya,２丁目,２チョウメ,2,,,,,0,0,0,0,0,0,1,1,1947-04-17,,0,,,,,,,,,,,,,,,,
082198,0011003,2,茨城県,イバラキケン,Ibaraki,,,,牛久市,ウシクシ,Ushiku-shi,,,,神谷,カミヤ,Kamiya,３丁目,３チョウメ,3,,,,,0,0,0,0,0,0,1,1,1947-04-17,,0,,,,,,,,,,,,,,,,
082198,0011004,2,茨城県,イバラキケン,Ibaraki,,,,牛久市,ウシクシ,Ushiku-shi,,,,神谷,カミヤ,Kamiya,４丁目,４チョウメ,4,,,,,0,0,0,0,0,0,1,1,1947-04-17,,0,,,,,,,,,,,,,,,,
082198,0011005,2,茨城県,イバラキケン,Ibaraki,,,,牛久市,ウシクシ,Ushiku-shi,,,,神谷,カミヤ,Kamiya,５丁目,５チョウメ,5,,,,,0,0,0,0,0,0,1,1,1947-04-17,,0,,,,,,,,,,,,,,,,
082198,0011006,2,茨城県,イバラキケン,Ibaraki,,,,牛久市,ウシクシ,Ushiku-shi,,,,神谷,カミヤ,Kamiya,６丁目,６チョウメ,6,,,,,0,0,0,0,0,0,1,1,1947-04-17,,0,,,,,,,,,,,,,,,,
082198,0012000,1,茨城県,イバラキケン,Ibaraki,,,,牛久市,ウシクシ,Ushiku-shi,,,,刈谷町,カリヤチヨウ,,,,,,,,,0,0,0,0,0,0,1,0,1947-04-17,,1,,,,,,,,,,,,,,,,
082198,0012001,2,茨城県,イバラキケン,Ibaraki,,,,牛久市,ウシクシ,Ushiku-shi,,,,刈谷町,カリヤチョウ,Kariyacho,１丁目,１チョウメ,1,,,,,0,0,0,0,0,0,1,1,1947-04-17,,0,,,,,,,,,,,,,,,,
082198,0012002,2,茨城県,イバラキケン,Ibaraki,,,,牛久市,ウシクシ,Ushiku-shi,,,,刈谷町,カリヤチョウ,Kariyacho,２丁目,２チョウメ,2,,,,,0,0,0,0,0,0,1,1,1947-04-17,,0,,,,,,,,,,,,,,,,
082198,0012003,2,茨城県,イバラキケン,Ibaraki,,,,牛久市,ウシクシ,Ushiku-shi,,,,刈谷町,カリヤチョウ,Kariyacho,３丁目,３チョウメ,3,,,,,0,0,0,0,0,0,1,1,1947-04-17,,0,,,,,,,,,,,,,,,,
082198,0012004,2,茨城県,イバラキケン,Ibaraki,,,,牛久市,ウシクシ,Ushiku-shi,,,,刈谷町,カリヤチョウ,Kariyacho,４丁目,４チョウメ,4,,,,,0,0,0,0,0,0,1,1,1947-04-17,,0,,,,,,,,,,,,,,,,
082198,0012005,2,茨城県,イバラキケン,Ibaraki,,,,牛久市,ウシクシ,Ushiku-shi,,,,刈谷町,カリヤチョウ,Kariyacho,５丁目,５チョウメ,5,,,,,0,0,0,0,0,0,1,1,1947-04-17,,0,,,,,,,,,,,,,,,,
082198,0013000,1,茨城県,イバラキケン,Ibaraki,,,,牛久市,ウシクシ,Ushiku-shi,,,,久野町,クノチョウ,Kunocho,,,,,,,,0,0,0,0,0,0,1,1,1947-04-17,,0,3001288,,,,,,,,,,,,,,,
082198,0014000,1,茨城県,イバラキケン,Ibaraki,,,,牛久市,ウシクシ,Ushiku-shi,,,,結束町,ケッソクチョウ,Kessokucho,,,,,,,,0,0,0,0,0,0,1,1,1947-04-17,,0,3001212,,,,,,,,,,,,,,,
082198,0015000,1,茨城県,イバラキケン,Ibaraki,,,,牛久市,ウシクシ,Ushiku-shi,,,,栄町,サカエチョウ,,,,,,,,,0,0,0,0,0,0,1,0,1947-04-17,,1,,,,,,,,,,,,,,,,
082198,0015001,2,茨城県,イバラキケン,Ibaraki,,,,牛久市,ウシクシ,Ushiku-shi,,,,栄町,サカエチョウ,Sakaecho,１丁目,１チョウメ,1,,,,,0,0,0,0,0,0,1,1,1947-04-17,,0,,,,,,,,,,,,,,,,
082198,0015002,2,茨城県,イバラキケン,Ibaraki,,,,牛久市,ウシクシ,Ushiku-shi,,,,栄町,サカエチョウ,Sakaecho,２丁目,２チョウメ,2,,,,,0,0,0,0,0,0,1,1,1947-04-17,,0,,,,,,,,,,,,,,,,
082198,0015003,2,茨城県,イバラキケン,Ibaraki,,,,牛久市,ウシクシ,Ushiku-shi,,,,栄町,サカエチョウ,Sakaecho,３丁目,３チョウメ,3,,,,,0,0,0,0,0,0,1,1,1947-04-17,,0,,,,,,,,,,,,,,,,
082198,0015004,2,茨城県,イバラキケン,Ibaraki,,,,牛久市,ウシクシ,Ushiku-shi,,,,栄町,サカエチョウ,Sakaecho,４丁目,４チョウメ,4,,,,,0,0,0,0,0,0,1,1,1947-04-17,,0,,,,,,,,,,,,,,,,
082198,0015005,2,茨城県,イバラキケン,Ibaraki,,,,牛久市,ウシクシ,Ushiku-shi,,,,栄町,サカエチョウ,Sakaecho,５丁目,５チョウメ,5,,,,,0,0,0,0,0,0,1,1,1947-04-17,,0,,,,,,,,,,,,,,,,
082198,0015006,2,茨城県,イバラキケン,Ibaraki,,,,牛久市,ウシクシ,Ushiku-shi,,,,栄町,サカエチョウ,Sakaecho,６丁目,６チョウメ,6,,,,,0,0,0,0,0,0,1,1,1947-04-17,,0,,,,,,,,,,,,,,,,
082198,0016000,1,茨城県,イバラキケン,Ibaraki,,,,牛久市,ウシクシ,Ushiku-shi,,,,さくら台,サクラダイ,,,,,,,,,0,0,0,0,0,0,1,0,1947-04-17,,1,,,,,,,,,,,,,,,,
082198,0016001,2,茨城県,イバラキケン,Ibaraki,,,,牛久市,ウシクシ,Ushiku-shi,,,,さくら台,サクラダイ,Sakuradai,１丁目,１チョウメ,1,,,,,0,0,0,0,0,0,1,1,1947-04-17,,0,,,,,,,,,,,,,,,,
082198,0016002,2,茨城県,イバラキケン,Ibaraki,,,,牛久市,ウシクシ,Ushiku-shi,,,,さくら台,サクラダイ,Sakuradai,２丁目,２チョウメ,2,,,,,0,0,0,0,0,0,1,1,1947-04-17,,0,,,,,,,,,,,,,,,,
082198,0016003,2,茨城県,イバラキケン,Ibaraki,,,,牛久市,ウシクシ,Ushiku-shi,,,,さくら台,サクラダイ,Sakuradai,３丁目,３チョウメ,3,,,,,0,0,0,0,0,0,1,1,1947-04-17,,0,,,,,,,,,,,,,,,,
082198,0016004,2,茨城県,イバラキケン,Ibaraki,,,,牛久市,ウシクシ,Ushiku-shi,,,,さくら台,サクラダイ,Sakuradai,４丁目,４チョウメ,4,,,,,0,0,0,0,0,0,1,1,1947-04-17,,0,,,,,,,,,,,,,,,,
082198,0017000,1,茨城県,イバラキケン,Ibaraki,,,,牛久市,ウシクシ,Ushiku-shi,,,,猪子町,シシコチョウ,Shishikocho,,,,,,,,0,0,0,0,0,0,1,1,1947-04-17,,0,3001231,,,,,,,,,,,,,,,
082198,0018000,1,茨城県,イバラキケン,Ibaraki,,,,牛久市,ウシクシ,Ushiku-shi,,,,島田町,シマダチョウ,Shimadacho,,,,,,,,0,0,0,0,0,0,1,1,1947-04-17,,0,3001284,,,,,,,,,,,,,,,
082198,0019000,1,茨城県,イバラキケン,Ibaraki,,,,牛久市,ウシクシ,Ushiku-shi,,,,下根町,シモネチョウ,Shimonecho,,,,,,,,0,0,0,0,0,0,1,1,1947-04-17,,0,3001203,,,,,,,,,,,,,,,
082198,0020000,1,茨城県,イバラキケン,Ibaraki,,,,牛久市,ウシクシ,Ushiku-shi,,,,正直町,ショウジキチョウ,Shojikicho,,,,,,,,0,0,0,0,0,0,1,1,1947-04-17,,0,3001285,,,,,,,,,,,,,,,
082198,0021000,1,茨城県,イバラキケン,Ibaraki,,,,牛久市,ウシクシ,Ushiku-shi,,,,城中町,ジョウチュウチョウ,Jochucho,,,,,,,,0,0,0,0,0,0,1,1,1947-04-17,,0,3001223,,,,,,,,,,,,,,,
082198,0022000,1,茨城県,イバラキケン,Ibaraki,,,,牛久市,ウシクシ,Ushiku-shi,,,,庄兵衛新田町,ショウベエシンデンチョウ,Shobeeshindencho,,,,,,,,0,0,0,0,0,0,1,1,1947-04-17,,0,3001224,,,,,,,,,,,,,,,
082198,0023000,1,茨城県,イバラキケン,Ibaraki,,,,牛久市,ウシクシ,Ushiku-shi,,,,新地町,シンチチョウ,Shinchicho,,,,,,,,0,0,0,0,0,0,1,1,1947-04-17,,0,3001225,,,,,,,,,,,,,,,
082198,0024000,1,茨城県,イバラキケン,Ibaraki,,,,牛久市,ウシクシ,Ushiku-shi,,,,田宮,タグウ,,,,,,,,,0,0,0,0,0,0,1,0,1947-04-17,,1,,,,,,,,,,,,,,,,
082198,0024002,2,茨城県,イバラキケン,Ibaraki,,,,牛久市,ウシクシ,Ushiku-shi,,,,田宮,タグウ,Tagu,２丁目,２チョウメ,2,,,,,0,0,0,0,0,0,1,1,1947-04-17,,0,,,,,,,,,,,,,,,,
082198,0024003,2,茨城県,イバラキケン,Ibaraki,,,,牛久市,ウシクシ,Ushiku-shi,,,,田宮,タグウ,Tagu,３丁目,３チョウメ,3,,,,,0,0,0,0,0,0,1,1,1947-04-17,,0,,,,,,,,,,,,,,,,
082198,0025000,1,茨城県,イバラキケン,Ibaraki,,,,牛久市,ウシクシ,Ushiku-shi,,,,田宮町,タクウチョウ,Tagucho,,,,,,,,0,0,0,0,0,0,1,1,1947-04-17,,0,3001236,,,,,,,,,,,,,,,
082198,0026000,1,茨城県,イバラキケン,Ibaraki,,,,牛久市,ウシクシ,Ushiku-shi,,,,中央,チュウオウ,,,,,,,,,0,0,0,0,0,0,1,0,1947-04-17,,1,,,,,,,,,,,,,,,,
082198,0026001,2,茨城県,イバラキケン,Ibaraki,,,,牛久市,ウシクシ,Ushiku-shi,,,,中央,チュウオウ,Chuo,１丁目,１チョウメ,1,,,,,0,0,0,0,0,0,1,1,1947-04-17,,0,,,,,,,,,,,,,,,,
082198,0026002,2,茨城県,イバラキケン,Ibaraki,,,,牛久市,ウシクシ,Ushiku-shi,,,,中央,チュウオウ,Chuo,２丁目,２チョウメ,2,,,,,0,0,0,0,0,0,1,1,1947-04-17,,0,,,,,,,,,,,,,,,,
082198,0026003,2,茨城県,イバラキケン,Ibaraki,,,,牛久市,ウシクシ,Ushiku-shi,,,,中央,チュウオウ,Chuo,３丁目,３チョウメ,3,,,,,0,0,0,0,0,0,1,1,1947-04-17,,0,,,,,,,,,,,,,,,,
082198,0026004,2,茨城県,イバラキケン,Ibaraki,,,,牛久市,ウシクシ,Ushiku-shi,,,,中央,チュウオウ,Chuo,４丁目,４チョウメ,4,,,,,0,0,0,0,0,0,1,1,1947-04-17,,0,,,,,,,,,,,,,,,,
082198,0026005,2,茨城県,イバラキケン,Ibaraki,,,,牛久市,ウシクシ,Ushiku-shi,,,,中央,チュウオウ,Chuo,５丁目,５チョウメ,5,,,,,0,0,0,0,0,0,1,1,1947-04-17,,0,,,,,,,,,,,,,,,,
082198,0027000,1,茨城県,イバラキケン,Ibaraki,,,,牛久市,ウシクシ,Ushiku-shi,,,,遠山町,トオヤマチョウ,Toyamacho,,,,,,,,0,0,0,0,0,0,1,1,1947-04-17,,0,3001215,,,,,,,,,,,,,,,
082198,0028000,1,茨城県,イバラキケン,Ibaraki,,,,牛久市,ウシクシ,Ushiku-shi,,,,中根町,ナカネチョウ,Nakanecho,,,,,,,,0,0,0,0,0,0,1,1,1947-04-17,,0,3001202,,,,,,,,,,,,,,,
082198,0029000,1,茨城県,イバラキケン,Ibaraki,,,,牛久市,ウシクシ,Ushiku-shi,,,,東大和田町,ヒガシオオワダチョウ,Higashiowadacho,,,,,,,,0,0,0,0,0,0,1,1,1947-04-17,,0,3001205,,,,,,,,,,,,,,,
082198,0030000,1,茨城県,イバラキケン,Ibaraki,,,,牛久市,ウシクシ,Ushiku-shi,,,,東猯穴町,ヒガシマミアナチョウ,Higashimamianacho,,,,,,,,0,0,0,0,0,0,1,1,1947-04-17,,0,3001201,,,,,,,,,,,,,,,
082198,0031000,1,茨城県,イバラキケン,Ibaraki,,,,牛久市,ウシクシ,Ushiku-shi,,,,ひたち野西,ヒタチノニシ,,,,,,,,,0,0,0,0,0,0,1,0,1947-04-17,,1,,,,,,,,,,,,,,,,
082198,0031001,2,茨城県,イバラキケン,Ibaraki,,,,牛久市,ウシクシ,Ushiku-shi,,,,ひたち野西,ヒタチノニシ,Hitachinonishi,１丁目,１チョウメ,1,,,,,0,0,0,0,0,0,1,1,1947-04-17,,0,,,,,,,,,,,,,,,,
082198,0031002,2,茨城県,イバラキケン,Ibaraki,,,,牛久市,ウシクシ,Ushiku-shi,,,,ひたち野西,ヒタチノニシ,Hitachinonishi,２丁目,２チョウメ,2,,,,,0,0,0,0,0,0,1,1,1947-04-17,,0,,,,,,,,,,,,,,,,
082198,0031003,2,茨城県,イバラキケン,Ibaraki,,,,牛久市,ウシクシ,Ushiku-shi,,,,ひたち野西,ヒタチノニシ,Hitachinonishi,３丁目,３チョウメ,3,,,,,0,0,0,0,0,0,1,1,1947-04-17,,0,,,,,,,,,,,,,,,,
082198,0031004,2,茨城県,イバラキケン,Ibaraki,,,,牛久市,ウシクシ,Ushiku-shi,,,,ひたち野西,ヒタチノニシ,Hitachinonishi,４丁目,４チョウメ,4,,,,,0,0,0,0,0,0,1,1,1947-04-17,,0,,,,,,,,,,,,,,,,
082198,0032000,1,茨城県,イバラキケン,Ibaraki,,,,牛久市,ウシクシ,Ushiku-shi,,,,ひたち野東,ヒタチノヒガシ,,,,,,,,,0,0,0,0,0,0,1,0,1947-04-17,,1,,,,,,,,,,,,,,,,
082198,0032001,2,茨城県,イバラキケン,Ibaraki,,,,牛久市,ウシクシ,Ushiku-shi,,,,ひたち野東,ヒタチノヒガシ,Hitachinohigashi,１丁目,１チョウメ,1,,,,,0,0,0,0,0,0,1,1,1947-04-17,,0,,,,,,,,,,,,,,,,
082198,0032002,2,茨城県,イバラキケン,Ibaraki,,,,牛久市,ウシクシ,Ushiku-shi,,,,ひたち野東,ヒタチノヒガシ,Hitachinohigashi,２丁目,２チョウメ,2,,,,,0,0,0,0,0,0,1,1,1947-04-17,,0,,,,,,,,,,,,,,,,
082198,0032003,2,茨城県,イバラキケン,Ibaraki,,,,牛久市,ウシクシ,Ushiku-shi,,,,ひたち野東,ヒタチノヒガシ,Hitachinohigashi,３丁目,３チョウメ,3,,,,,0,0,0,0,0,0,1,1,1947-04-17,,0,,,,,,,,,,,,,,,,
082198,0032004,2,茨城県,イバラキケン,Ibaraki,,,,牛久市,ウシクシ,Ushiku-shi,,,,ひたち野東,ヒタチノヒガシ,Hitachinohigashi,４丁目,４チョウメ,4,,,,,0,0,0,0,0,0,1,1,1947-04-17,,0,,,,,,,,,,,,,,,,
082198,0032005,2,茨城県,イバラキケン,Ibaraki,,,,牛久市,ウシクシ,Ushiku-shi,,,,ひたち野東,ヒタチノヒガシ,Hitachinohigashi,５丁目,５チョウメ,5,,,,,0,0,0,0,0,0,1,1,1947-04-17,,0,,,,,,,,,,,,,,,,
082198,0033000,1,茨城県,イバラキケン,Ibaraki,,,,牛久市,ウシクシ,Ushiku-shi,,,,福田町,フクダチョウ,Fukudacho,,,,,,,,0,0,0,0,0,0,1,1,1947-04-17,,0,3001287,,,,,,,,,,,,,,,
082198,0034000,1,茨城県,イバラキケン,Ibaraki,,,,牛久市,ウシクシ,Ushiku-shi,,,,南,ミナミ,,,,,,,,,0,0,0,0,0,0,1,0,1947-04-17,,1,,,,,,,,,,,,,,,,
082198,0034001,2,茨城県,イバラキケン,Ibaraki,,,,牛久市,ウシクシ,Ushiku-shi,,,,南,ミナミ,Minami,１丁目,１チョウメ,1,,,,,0,0,0,0,0,0,1,1,1947-04-17,,0,,,,,,,,,,,,,,,,
082198,0034002,2,茨城県,イバラキケン,Ibaraki,,,,牛久市,ウシクシ,Ushiku-shi,,,,南,ミナミ,Minami,２丁目,２チョウメ,2,,,,,0,0,0,0,0,0,1,1,1947-04-17,,0,,,,,,,,,,,,,,,,
082198,0034003,2,茨城県,イバラキケン,Ibaraki,,,,牛久市,ウシクシ,Ushiku-shi,,,,南,ミナミ,Minami,３丁目,３チョウメ,3,,,,,0,0,0,0,0,0,1,1,1947-04-17,,0,,,,,,,,,,,,,,,,
082198,0034004,2,茨城県,イバラキケン,Ibaraki,,,,牛久市,ウシクシ,Ushiku-shi,,,,南,ミナミ,Minami,４丁目,４チョウメ,4,,,,,0,0,0,0,0,0,1,1,1947-04-17,,0,,,,,,,,,,,,,,,,
082198,0034005,2,茨城県,イバラキケン,Ibaraki,,,,牛久市,ウシクシ,Ushiku-shi,,,,南,ミナミ,Minami,５丁目,５チョウメ,5,,,,,0,0,0,0,0,0,1,1,1947-04-17,,0,,,,,,,,,,,,,,,,
082198,0034006,2,茨城県,イバラキケン,Ibaraki,,,,牛久市,ウシクシ,Ushiku-shi,,,,南,ミナミ,Minami,６丁目,６チョウメ,6,,,,,0,0,0,0,0,0,1,1,1947-04-17,,0,,,,,,,,,,,,,,,,
082198,0034007,2,茨城県,イバラキケン,Ibaraki,,,,牛久市,ウシクシ,Ushiku-shi,,,,南,ミナミ,Minami,七丁目,７チョウメ,7,,,,,0,0,0,0,0,0,1,1,1947-04-17,,0,,,,,,,,,,,,,,,,
082198,0045000,1,茨城県,イバラキケン,Ibaraki,,,,牛久市,ウシクシ,Ushiku-shi,,,,中根町番外,ナカネチヨウバンガイ,,,,,,,,,0,0,0,0,0,0,1,0,1947-04-17,,1,,,,,,,,,,,,,,,,
082198,0046000,1,茨城県,イバラキケン,Ibaraki,,,,牛久市,ウシクシ,Ushiku-shi,,,,田宮町番外,タクウチョウバンガイ,,,,,,,,,0,0,0,0,0,0,1,0,1947-04-17,,1,,,,,,,,,,,,,,,,
082201,0001000,1,茨城県,イバラキケン,Ibaraki,,,,つくば市,ツクバシ,Tsukuba-shi,,,,赤塚,アカツカ,Akatsuka,,,,,,,,0,0,0,0,0,0,1,1,1947-04-17,,0,3050062,,,,,,,,,,,,,,,
082201,0002000,1,茨城県,イバラキケン,Ibaraki,,,,つくば市,ツクバシ,Tsukuba-shi,,,,明石,アケシ,Akeshi,,,,,,,,0,0,0,0,0,0,1,1,1947-04-17,,0,3004203,,,,,,,,,,,,,,,
082201,0003000,1,茨城県,イバラキケン,Ibaraki,,,,つくば市,ツクバシ,Tsukuba-shi,,,,旭,アサヒ,,,,,,,,,0,0,0,0,0,0,1,1,1947-04-17,,0,,,,,,,,,,,,,,,,
082201,0004000,1,茨城県,イバラキケン,Ibaraki,,,,つくば市,ツクバシ,Tsukuba-shi,,,,安食,アジキ,Ajiki,,,,,,,,0,0,0,0,0,0,1,1,1947-04-17,,0,3004205,,,,,,,,,,,,,,,
082201,0005000,1,茨城県,イバラキケン,Ibaraki,,,,つくば市,ツクバシ,Tsukuba-shi,,,,あしび野,アシビノ,Ashibino,,,,,,,,0,0,0,0,0,0,1,1,1947-04-17,,0,3001261,,,,,,,,,,,,,,,
082201,0006001,2,茨城県,イバラキケン,Ibaraki,,,,つくば市,ツクバシ,Tsukuba-shi,,,,吾妻,アヅマ,Azuma,１丁目,１チョウメ,1,,,,,0,0,0,0,0,0,1,1,1947-04-17,,0,,,,,,,,,,,,,,,,
082201,0006002,2,茨城県,イバラキケン,Ibaraki,,,,つくば市,ツクバシ,Tsukuba-shi,,,,吾妻,アヅマ,Azuma,２丁目,２チョウメ,2,,,,,0,0,0,0,0,0,1,1,1947-04-17,,0,,,,,,,,,,,,,,,,
082201,0006003,2,茨城県,イバラキケン,Ibaraki,,,,つくば市,ツクバシ,Tsukuba-shi,,,,吾妻,アヅマ,Azuma,３丁目,３チョウメ,3,,,,,0,0,0,0,0,0,1,1,1947-04-17,,0,,,,,,,,,,,,,,,,
082201,0006004,2,茨城県,イバラキケン,Ibaraki,,,,つくば市,ツクバシ,Tsukuba-shi,,,,吾妻,アヅマ,Azuma,４丁目,４チョウメ,4,,,,,0,0,0,0,0,0,1,1,1947-04-17,,0,,,,,,,,,,,,,,,,
082201,0007001,2,茨城県,イバラキケン,Ibaraki,,,,つくば市,ツクバシ,Tsukuba-shi,,,,天久保,アマクボ,Amakubo,１丁目,１チョウメ,1,,,,,0,0,0,0,0,0,1,1,1947-04-17,,0,,,,,,,,,,,,,,,,
082201,0007002,2,茨城県,イバラキケン,Ibaraki,,,,つくば市,ツクバシ,Tsukuba-shi,,,,天久保,アマクボ,Amakubo,２丁目,２チョウメ,2,,,,,0,0,0,0,0,0,1,1,1947-04-17,,0,,,,,,,,,,,,,,,,
082201,0007003,2,茨城県,イバラキケン,Ibaraki,,,,つくば市,ツクバシ,Tsukuba-shi,,,,天久保,アマクボ,Amakubo,３丁目,３チョウメ,3,,,,,0,0,0,0,0,0,1,1,1947-04-17,,0,,,,,,,,,,,,,,,,
082201,0007004,2,茨城県,イバラキケン,Ibaraki,,,,つくば市,ツクバシ,Tsukuba-shi,,,,天久保,アマクボ,Amakubo,４丁目,４チョウメ,4,,,,,0,0,0,0,0,0,1,1,1947-04-17,,0,,,,,,,,,,,,,,,,
082201,0008000,1,茨城県,イバラキケン,Ibaraki,,,,つくば市,ツクバシ,Tsukuba-shi,,,,天宝喜,アマボウキ,Amaboki,,,,,,,,0,0,0,0,0,0,1,1,1947-04-17,,0,3001253,,,,,,,,,,,,,,,
082201,0009000,1,茨城県,イバラキケン,Ibaraki,,,,つくば市,ツクバシ,Tsukuba-shi,,,,新井,アライ,Arai,,,,,,,,0,0,0,0,0,0,1,1,1947-04-17,,0,3050835,,,,,,,,,,,,,,,
082201,0010000,1,茨城県,イバラキケン,Ibaraki,,,,つくば市,ツクバシ,Tsukuba-shi,,,,新牧田,アラマキダ,Aramakida,,,,,,,,0,0,0,0,0,0,1,1,1947-04-17,,0,3050076,,,,,,,,,,,,,,,
082201,0011000,1,茨城県,イバラキケン,Ibaraki,,,,つくば市,ツクバシ,Tsukuba-shi,,,,飯田,イイダ,Iida,,,,,,,,0,0,0,0,0,0,1,1,1947-04-17,,0,3050874,,,,,,,,,,,,,,,
082201,0012000,1,茨城県,イバラキケン,Ibaraki,,,,つくば市,ツクバシ,Tsukuba-shi,,,,池田,イケダ,Ikeda,,,,,,,,0,0,0,0,0,0,1,1,1947-04-17,,0,3004243,,,,,,,,,,,,,,,
082201,0013000,1,茨城県,イバラキケン,Ibaraki,,,,つくば市,ツクバシ,Tsukuba-shi,,,,池の台,イケノダイ,,,,,,,,,0,0,0,0,0,0,1,1,1947-04-17,,0,,,,,,,,,,,,,,,,
082201,0014000,1,茨城県,イバラキケン,Ibaraki,,,,つくば市,ツクバシ,Tsukuba-shi,,,,池向,イケムカイ,Ikemukai,,,,,,,,0,0,0,0,0,0,1,1,1947-04-17,,0,3001269,,,,,,,,,,,,,,,
082201,0015000,1,茨城県,イバラキケン,Ibaraki,,,,つくば市,ツクバシ,Tsukuba-shi,,,,泉,イズミ,Izumi,,,,,,,,0,0,0,0,0,0,1,1,1947-04-17,,0,3004235,,,,,,,,,,,,,,,
082201,0016000,1,茨城県,イバラキケン,Ibaraki,,,,つくば市,ツクバシ,Tsukuba-shi,,,,磯部,イソベ,Isobe,,,,,,,,0,0,0,0,0,0,1,1,1947-04-17,,0,3004248,,,,,,,,,,,,,,,
082201,0017000,1,茨城県,イバラキケン,Ibaraki,,,,つくば市,ツクバシ,Tsukuba-shi,,,,市之台,イチノダイ,Ichinodai,,,,,,,,0,0,0,0,0,0,1,1,1947-04-17,,0,3050073,,,,,,,,,,,,,,,
082201,0018000,1,茨城県,イバラキケン,Ibaraki,,,,つくば市,ツクバシ,Tsukuba-shi,,,,稲岡,イナオカ,Inaoka,,,,,,,,0,0,0,0,0,0,1,1,1947-04-17,,0,3050071,,,,,,,,,,,,,,,
082201,0019000,1,茨城県,イバラキケン,Ibaraki,,,,つくば市,ツクバシ,Tsukuba-shi,,,,稲荷原,イナリハラ,Inarihara,,,,,,,,0,0,0,0,0,0,1,1,1947-04-17,,0,3001259,,,,,,,,,,,,,,,
082201,0020000,1,茨城県,イバラキケン,Ibaraki,,,,つくば市,ツクバシ,Tsukuba-shi,,,,稲荷前,イナリマエ,Inarimae,,,,,,,,0,0,0,0,0,0,1,1,1947-04-17,,0,3050061,,,,,,,,,,,,,,,
082201,0021000,1,茨城県,イバラキケン,Ibaraki,,,,つくば市,ツクバシ,Tsukuba-shi,,,,今泉,イマイズミ,Imaizumi,,,,,,,,0,0,0,0,0,0,1,1,1947-04-17,,0,3050855,,,,,,,,,,,,,,,
082201,0022000,1,茨城県,イバラキケン,Ibaraki,,,,つくば市,ツクバシ,Tsukuba-shi,,,,今鹿島,イマガシマ,Imakashima,,,,,,,,0,0,0,0,0,0,1,1,1947-04-17,,0,3002641,,,,,,,,,,,,,,,
082201,0023000,1,茨城県,イバラキケン,Ibaraki,,,,つくば市,ツクバシ,Tsukuba-shi,,,,上野,ウエノ,Ueno,,,,,,,,0,0,0,0,0,0,1,1,1947-04-17,,0,3050002,,,,,,,,,,,,,,,
082201,0024000,1,茨城県,イバラキケン,Ibaraki,,,,つくば市,ツクバシ,Tsukuba-shi,,,,上ノ室,ウエノムロ,Uenomuro,,,,,,,,0,0,0,0,0,0,1,1,1947-04-17,,0,3050023,,,,,,,,,,,,,,,
082201,0025000,1,茨城県,イバラキケン,Ibaraki,,,,つくば市,ツクバシ,Tsukuba-shi,,,,臼井,ウスイ,Usui,,,,,,,,0,0,0,0,0,0,1,1,1947-04-17,,0,3004211,,,,,,,,,,,,,,,
082201,0026000,1,茨城県,イバラキケン,Ibaraki,,,,つくば市,ツクバシ,Tsukuba-shi,,,,梅ケ丘,ウメガオカ,Umegaoka,,,,,,,,0,0,0,0,0,0,1,1,1947-04-17,,0,3001275,,,,,,,,,,,,,,,
082201,0027001,2,茨城県,イバラキケン,Ibaraki,,,,つくば市,ツクバシ,Tsukuba-shi,,,,梅園,ウメゾノ,Umezono,１丁目,１チョウメ,1,,,,,0,0,0,0,0,0,1,1,1947-04-17,,0,,,,,,,,,,,,,,,,
082201,0027002,2,茨城県,イバラキケン,Ibaraki,,,,つくば市,ツクバシ,Tsukuba-shi,,,,梅園,ウメゾノ,Umezono,２丁目,２チョウメ,2,,,,,0,0,0,0,0,0,1,1,1947-04-17,,0,,,,,,,,,,,,,,,,
082201,0028000,1,茨城県,イバラキケン,Ibaraki,,,,つくば市,ツクバシ,Tsukuba-shi,,,,漆所,ウルシジョ,Urushijo,,,,,,,,0,0,0,0,0,0,1,1,1947-04-17,,0,3004216,,,,,,,,,,,,,,,
082201,0029000,1,茨城県,イバラキケン,Ibaraki,,,,つくば市,ツクバシ,Tsukuba-shi,,,,榎戸,エノキド,Enokido,,,,,,,,0,0,0,0,0,0,1,1,1947-04-17,,0,3050853,,,,,,,,,,,,,,,
082201,0030000,1,茨城県,イバラキケン,Ibaraki,,,,つくば市,ツクバシ,Tsukuba-shi,,,,大,オオ,O,,,,,,,,0,0,0,0,0,0,1,1,1947-04-17,,0,3050016,,,,,,,,,,,,,,,
082201,0031000,1,茨城県,イバラキケン,Ibaraki,,,,つくば市,ツクバシ,Tsukuba-shi,,,,大井,オオイ,Oi,,,,,,,,0,0,0,0,0,0,1,1,1947-04-17,,0,3001243,,,,,,,,,,,,,,,
082201,0032000,1,茨城県,イバラキケン,Ibaraki,,,,つくば市,ツクバシ,Tsukuba-shi,,,,大形,オオガタ,Ogata,,,,,,,,0,0,0,0,0,0,1,1,1947-04-17,,0,3004221,,,,,,,,,,,,,,,
082201,0033000,1,茨城県,イバラキケン,Ibaraki,,,,つくば市,ツクバシ,Tsukuba-shi,,,,大久保,オオクボ,Okubo,,,,,,,,0,0,0,0,0,0,1,1,1947-04-17,,0,3002611,,,,,,,,,,,,,,,
082201,0034000,1,茨城県,イバラキケン,Ibaraki,,,,つくば市,ツクバシ,Tsukuba-shi,,,,大白硲,オオジラハザマ,Ojirahazama,,,,,,,,0,0,0,0,0,0,1,1,1947-04-17,,0,3050845,,,,,,,,,,,,,,,
082201,0035000,1,茨城県,イバラキケン,Ibaraki,,,,つくば市,ツクバシ,Tsukuba-shi,,,,大砂,オオスナ,Osuna,,,,,,,,0,0,0,0,0,0,1,1,1947-04-17,,0,3002612,,,,,,,,,,,,,,,
082201,0036000,1,茨城県,イバラキケン,Ibaraki,,,,つくば市,ツクバシ,Tsukuba-shi,,,,大曽根,オオゾネ,Ozone,,,,,,,,0,0,0,0,0,0,1,1,1947-04-17,,0,3003253,,,,,,,,,,,,,,,
082201,0037000,1,茨城県,イバラキケン,Ibaraki,,,,つくば市,ツクバシ,Tsukuba-shi,,,,大貫,オオヌキ,Onuki,,,,,,,,0,0,0,0,0,0,1,1,1947-04-17,,0,3004218,,,,,,,,,,,,,,,
082201,0038000,1,茨城県,イバラキケン,Ibaraki,,,,つくば市,ツクバシ,Tsukuba-shi,,,,大舟戸,オオフナト,Ofunato,,,,,,,,0,0,0,0,0,0,1,1,1947-04-17,,0,3001267,,,,,,,,,,,,,,,
082201,0039000,1,茨城県,イバラキケン,Ibaraki,,,,つくば市,ツクバシ,Tsukuba-shi,,,,大穂,オオホ,,,,,,,,,0,0,0,0,0,0,1,1,1947-04-17,,0,,,,,,,,,,,,,,,,
082201,0040000,1,茨城県,イバラキケン,Ibaraki,,,,つくば市,ツクバシ,Tsukuba-shi,,,,大わし,オオワシ,Owashi,,,,,,,,0,0,0,0,0,0,1,1,1947-04-17,,0,3050851,,,,,,,,,,,,,,,
082201,0041000,1,茨城県,イバラキケン,Ibaraki,,,,つくば市,ツクバシ,Tsukuba-shi,,,,岡村新田,オカムラシンデン,Okamurashinden,,,,,,,,0,0,0,0,0,0,1,1,1947-04-17,,0,3050026,,,,,,,,,,,,,,,
082201,0042000,1,茨城県,イバラキケン,Ibaraki,,,,つくば市,ツクバシ,Tsukuba-shi,,,,小茎,オグキ,Oguki,,,,,,,,0,0,0,0,0,0,1,1,1947-04-17,,0,3001255,,,,,,,,,,,,,,,
082201,0043000,1,茨城県,イバラキケン,Ibaraki,,,,つくば市,ツクバシ,Tsukuba-shi,,,,長高野,オサゴウヤ,Osagoya,,,,,,,,0,0,0,0,0,0,1,1,1947-04-17,,0,3003265,,,,,,,,,,,,,,,
082201,0044000,1,茨城県,イバラキケン,Ibaraki,,,,つくば市,ツクバシ,Tsukuba-shi,,,,小沢,オザワ,Ozawa,,,,,,,,0,0,0,0,0,0,1,1,1947-04-17,,0,3004215,,,,,,,,,,,,,,,
082201,0045000,1,茨城県,イバラキケン,Ibaraki,,,,つくば市,ツクバシ,Tsukuba-shi,,,,小田,オダ,Oda,,,,,,,,0,0,0,0,0,0,1,1,1947-04-17,,0,3004223,,,,,,,,,,,,,,,
082201,0046000,1,茨城県,イバラキケン,Ibaraki,,,,つくば市,ツクバシ,Tsukuba-shi,,,,鬼ケ窪,オニガクボ,Onigakubo,,,,,,,,0,0,0,0,0,0,1,1,1947-04-17,,0,3002651,,,,,,,,,,,,,,,
082201,0047000,1,茨城県,イバラキケン,Ibaraki,,,,つくば市,ツクバシ,Tsukuba-shi,,,,小野川,オノガワ,Onogawa,,,,,,,,0,0,0,0,0,0,1,1,1947-04-17,,0,3050053,,,,,,,,,,,,,,,
082201,0048000,1,茨城県,イバラキケン,Ibaraki,,,,つくば市,ツクバシ,Tsukuba-shi,,,,小野崎,オノザキ,Onozaki,,,,,,,,0,0,0,0,0,0,1,1,1947-04-17,,0,3050034,,,,,,,,,,,,,,,
082201,0049000,1,茨城県,イバラキケン,Ibaraki,,,,つくば市,ツクバシ,Tsukuba-shi,,,,面野井,オモノイ,Omonoi,,,,,,,,0,0,0,0,0,0,1,1,1947-04-17,,0,3002653,,,,,,,,,,,,,,,
082201,0050001,2,茨城県,イバラキケン,Ibaraki,,,,つくば市,ツクバシ,Tsukuba-shi,,,,学園の森,ガクエンノモリ,Gakuennomori,１丁目,１チョウメ,1,,,,,0,0,0,0,0,0,1,1,1947-04-17,,0,,,,,,,,,,,,,,,,
082201,0050002,2,茨城県,イバラキケン,Ibaraki,,,,つくば市,ツクバシ,Tsukuba-shi,,,,学園の森,ガクエンノモリ,Gakuennomori,２丁目,２チョウメ,2,,,,,0,0,0,0,0,0,1,1,1947-04-17,,0,,,,,,,,,,,,,,,,
082201,0050003,2,茨城県,イバラキケン,Ibaraki,,,,つくば市,ツクバシ,Tsukuba-shi,,,,学園の森,ガクエンノモリ,Gakuennomori,３丁目,３チョウメ,3,,,,,0,0,0,0,0,0,1,1,1947-04-17,,0,,,,,,,,,,,,,,,,
082201,0051001,2,茨城県,イバラキケン,Ibaraki,,,,つくば市,ツクバシ,Tsukuba-shi,,,,学園南,ガクエンミナミ,Gakuemminami,１丁目,１チョウメ,1,,,,,0,0,0,0,0,0,1,1,1947-04-17,,0,,,,,,,,,,,,,,,,
082201,0051002,2,茨城県,イバラキケン,Ibaraki,,,,つくば市,ツクバシ,Tsukuba-shi,,,,学園南,ガクエンミナミ,Gakuemminami,２丁目,２チョウメ,2,,,,,0,0,0,0,0,0,1,1,1947-04-17,,0,,,,,,,,,,,,,,,,
082201,0051003,2,茨城県,イバラキケン,Ibaraki,,,,つくば市,ツクバシ,Tsukuba-shi,,,,学園南,ガクエンミナミ,Gakuemminami,３丁目,３チョウメ,3,,,,,0,0,0,0,0,0,1,1,1947-04-17,,0,,,,,,,,,,,,,,,,
082201,0052000,1,茨城県,イバラキケン,Ibaraki,,,,つくば市,ツクバシ,Tsukuba-shi,,,,梶内,カジウチ,Kajiuchi,,,,,,,,0,0,0,0,0,0,1,1,1947-04-17,,0,3050064,,,,,,,,,,,,,,,
082201,0053000,1,茨城県,イバラキケン,Ibaraki,,,,つくば市,ツクバシ,Tsukuba-shi,,,,鹿島台,カシマダイ,Kashimadai,,,,,,,,0,0,0,0,0,0,1,1,1947-04-17,,0,3003254,,,,,,,,,,,,,,,
082201,0054001,2,茨城県,イバラキケン,Ibaraki,,,,つくば市,ツクバシ,Tsukuba-shi,,,,春日,カスガ,Kasuga,１丁目,１チョウメ,1,,,,,0,0,0,0,0,0,1,1,1947-04-17,,0,,,,,,,,,,,,,,,,
082201,0054002,2,茨城県,イバラキケン,Ibaraki,,,,つくば市,ツクバシ,Tsukuba-shi,,,,春日,カスガ,Kasuga,２丁目,２チョウメ,2,,,,,0,0,0,0,0,0,1,1,1947-04-17,,0,,,,,,,,,,,,,,,,
082201,0054003,2,茨城県,イバラキケン,Ibaraki,,,,つくば市,ツクバシ,Tsukuba-shi,,,,春日,カスガ,Kasuga,３丁目,３チョウメ,3,,,,,0,0,0,0,0,0,1,1,1947-04-17,,0,,,,,,,,,,,,,,,,
082201,0054004,2,茨城県,イバラキケン,Ibaraki,,,,つくば市,ツクバシ,Tsukuba-shi,,,,春日,カスガ,Kasuga,４丁目,４チョウメ,4,,,,,0,0,0,0,0,0,1,1,1947-04-17,,0,,,,,,,,,,,,,,,,
082201,0055000,1,茨城県,イバラキケン,Ibaraki,,,,つくば市,ツクバシ,Tsukuba-shi,,,,葛城根崎,カツラギネサキ,Katsuraginesaki,,,,,,,,0,0,0,0,0,0,1,1,1947-04-17,,0,3050824,,MJ022336_*_*_*,,,,,,,,,,,,,
082201,0056000,1,茨城県,イバラキケン,Ibaraki,,,,つくば市,ツクバシ,Tsukuba-shi,,,,上岩崎,カミイワサキ,Kamiiwasaki,,,,,,,,0,0,0,0,0,0,1,1,1947-04-17,,0,3001274,,,,,,,,,,,,,,,
082201,0057000,1,茨城県,イバラキケン,Ibaraki,,,,つくば市,ツクバシ,Tsukuba-shi,,,,上大島,カミオオシマ,Kamioshima,,,,,,,,0,0,0,0,0,0,1,1,1947-04-17,,0,3004351,,,,,,,,,,,,,,,
082201,0058000,1,茨城県,イバラキケン,Ibaraki,,,,つくば市,ツクバシ,Tsukuba-shi,,,,上郷,カミゴウ,Kamigo,,,,,,,,0,0,0,0,0,0,1,1,1947-04-17,,0,3002645,,,,,,,,,,,,,,,
082201,0059000,1,茨城県,イバラキケン,Ibaraki,,,,つくば市,ツクバシ,Tsukuba-shi,,,,上境,カミザカイ,Kamizakai,,,,,,,,0,0,0,0,0,0,1,1,1947-04-17,,0,3050011,,,,,,,,,,,,,,,
082201,0060000,1,茨城県,イバラキケン,Ibaraki,,,,つくば市,ツクバシ,Tsukuba-shi,,,,上里,カミサト,Kamisato,,,,,,,,0,0,0,0,0,0,1,1,1947-04-17,,0,3002614,,,,,,,,,,,,,,,
082201,0061000,1,茨城県,イバラキケン,Ibaraki,,,,つくば市,ツクバシ,Tsukuba-shi,,,,上沢,カミサワ,Kamisawa,,,,,,,,0,0,0,0,0,0,1,1,1947-04-17,,0,3004246,,,,,,,,,,,,,,,
082201,0062000,1,茨城県,イバラキケン,Ibaraki,,,,つくば市,ツクバシ,Tsukuba-shi,,,,上菅間,カミスガマ,Kamisugama,,,,,,,,0,0,0,0,0,0,1,1,1947-04-17,,0,3004241,,,,,,,,,,,,,,,
082201,0063000,1,茨城県,イバラキケン,Ibaraki,,,,つくば市,ツクバシ,Tsukuba-shi,,,,上原,カミハラ,Kamihara,,,,,,,,0,0,0,0,0,0,1,1,1947-04-17,,0,3050055,,,,,,,,,,,,,,,
082201,0064000,1,茨城県,イバラキケン,Ibaraki,,,,つくば市,ツクバシ,Tsukuba-shi,,,,上広岡,カミヒロオカ,Kamihiroka,,,,,,,,0,0,0,0,0,0,1,1,1947-04-17,,0,3050041,,,,,,,,,,,,,,,
082201,0065000,1,茨城県,イバラキケン,Ibaraki,,,,つくば市,ツクバシ,Tsukuba-shi,,,,上横場,カミヨコバ,Kamiyokoba,,,,,,,,0,0,0,0,0,0,1,1,1947-04-17,,0,3050854,,,,,,,,,,,,,,,
082201,0066000,1,茨城県,イバラキケン,Ibaraki,,,,つくば市,ツクバシ,Tsukuba-shi,,,,苅間,カリマ,Karima,,,,,,,,0,0,0,0,0,0,1,1,1947-04-17,,0,3050822,,,,,,,,,,,,,,,
082201,0067000,1,茨城県,イバラキケン,Ibaraki,,,,つくば市,ツクバシ,Tsukuba-shi,,,,神郡,カンゴオリ,Kangori,,,,,,,,0,0,0,0,0,0,1,1,1947-04-17,,0,3004212,,,,,,,,,,,,,,,
082201,0068001,2,茨城県,イバラキケン,Ibaraki,,,,つくば市,ツクバシ,Tsukuba-shi,,,,観音台,カンノンダイ,Kannondai,１丁目,１チョウメ,1,,,,,0,0,0,0,0,0,1,1,1947-04-17,,0,,,,,,,,,,,,,,,,
082201,0068002,2,茨城県,イバラキケン,Ibaraki,,,,つくば市,ツクバシ,Tsukuba-shi,,,,観音台,カンノンダイ,Kannondai,２丁目,２チョウメ,2,,,,,0,0,0,0,0,0,1,1,1947-04-17,,0,,,,,,,,,,,,,,,,
082201,0068003,2,茨城県,イバラキケン,Ibaraki,,,,つくば市,ツクバシ,Tsukuba-shi,,,,観音台,カンノンダイ,Kannondai,３丁目,３チョウメ,3,,,,,0,0,0,0,0,0,1,1,1947-04-17,,0,,,,,,,,,,,,,,,,
082201,0069000,1,茨城県,イバラキケン,Ibaraki,,,,つくば市,ツクバシ,Tsukuba-shi,,,,吉瀬,キセ,Kise,,,,,,,,0,0,0,0,0,0,1,1,1947-04-17,,0,3050022,,,,,,,,,,,,,,,
082201,0070000,1,茨城県,イバラキケン,Ibaraki,,,,つくば市,ツクバシ,Tsukuba-shi,,,,北太田,キタオオタ,Kitaota,,,,,,,,0,0,0,0,0,0,1,1,1947-04-17,,0,3004232,,,,,,,,,,,,,,,
082201,0071000,1,茨城県,イバラキケン,Ibaraki,,,,つくば市,ツクバシ,Tsukuba-shi,,,,北郷,キタサト,Kitasato,,,,,,,,0,0,0,0,0,0,1,1,1947-04-17,,0,3050811,,,,,,,,,,,,,,,
082201,0072000,1,茨城県,イバラキケン,Ibaraki,,,,つくば市,ツクバシ,Tsukuba-shi,,,,北中島,キタナカジマ,Kitanakajima,,,,,,,,0,0,0,0,0,0,1,1,1947-04-17,,0,3050072,,,,,,,,,,,,,,,
082201,0073000,1,茨城県,イバラキケン,Ibaraki,,,,つくば市,ツクバシ,Tsukuba-shi,,,,北中妻,キタナカヅマ,Kitanakazuma,,,,,,,,0,0,0,0,0,0,1,1,1947-04-17,,0,3050066,,,,,,,,,,,,,,,
082201,0074000,1,茨城県,イバラキケン,Ibaraki,,,,つくば市,ツクバシ,Tsukuba-shi,,,,北原,キタハラ,Kitahara,,,,,,,,0,0,0,0,0,0,1,1,1947-04-17,,0,3003266,,,,,,,,,,,,,,,
082201,0075000,1,茨城県,イバラキケン,Ibaraki,,,,つくば市,ツクバシ,Tsukuba-shi,,,,君島,キミジマ,Kimijima,,,,,,,,0,0,0,0,0,0,1,1,1947-04-17,,0,3004233,,,,,,,,,,,,,,,
082201,0076000,1,茨城県,イバラキケン,Ibaraki,,,,つくば市,ツクバシ,Tsukuba-shi,,,,九万坪,キュウマンツボ,Kumantsubo,,,,,,,,0,0,0,0,0,0,1,1,1947-04-17,,0,3001262,,,,,,,,,,,,,,,
082201,0077000,1,茨城県,イバラキケン,Ibaraki,,,,つくば市,ツクバシ,Tsukuba-shi,,,,茎崎,クキザキ,Kukizaki,,,,,,,,0,0,0,0,0,0,1,1,1947-04-17,,0,3001272,,,,,,,,,,,,,,,
082201,0078000,1,茨城県,イバラキケン,Ibaraki,,,,つくば市,ツクバシ,Tsukuba-shi,,,,国松,クニマツ,Kunimatsu,,,,,,,,0,0,0,0,0,0,1,1,1947-04-17,,0,3004354,,,,,,,,,,,,,,,
082201,0079000,1,茨城県,イバラキケン,Ibaraki,,,,つくば市,ツクバシ,Tsukuba-shi,,,,倉掛,クラカケ,Kurakake,,,,,,,,0,0,0,0,0,0,1,1,1947-04-17,,0,3050024,,,,,,,,,,,,,,,
082201,0080000,1,茨城県,イバラキケン,Ibaraki,,,,つくば市,ツクバシ,Tsukuba-shi,,,,栗原,クリハラ,Kurihara,,,,,,,,0,0,0,0,0,0,1,1,1947-04-17,,0,3050001,,,,,,,,,,,,,,,
082201,0081001,2,茨城県,イバラキケン,Ibaraki,,,,つくば市,ツクバシ,Tsukuba-shi,,,,研究学園,ケンキュウガクエン,Kenkyugakuen,１丁目,１チョウメ,1,,,,,0,0,0,0,0,0,1,1,1947-04-17,,0,,,,,,,,,,,,,,,,
082201,0081002,2,茨城県,イバラキケン,Ibaraki,,,,つくば市,ツクバシ,Tsukuba-shi,,,,研究学園,ケンキュウガクエン,Kenkyugakuen,２丁目,２チョウメ,2,,,,,0,0,0,0,0,0,1,1,1947-04-17,,0,,,,,,,,,,,,,,,,
082201,0081003,2,茨城県,イバラキケン,Ibaraki,,,,つくば市,ツクバシ,Tsukuba-shi,,,,研究学園,ケンキュウガクエン,Kenkyugakuen,３丁目,３チョウメ,3,,,,,0,0,0,0,0,0,1,1,1947-04-17,,0,,,,,,,,,,,,,,,,
082201,0081004,2,茨城県,イバラキケン,Ibaraki,,,,つくば市,ツクバシ,Tsukuba-shi,,,,研究学園,ケンキュウガクエン,Kenkyugakuen,４丁目,４チョウメ,4,,,,,0,0,0,0,0,0,1,1,1947-04-17,,0,,,,,,,,,,,,,,,,
082201,0081005,2,茨城県,イバラキケン,Ibaraki,,,,つくば市,ツクバシ,Tsukuba-shi,,,,研究学園,ケンキュウガクエン,Kenkyugakuen,５丁目,５チョウメ,5,,,,,0,0,0,0,0,0,1,1,1947-04-17,,0,,,,,,,,,,,,,,,,
082201,0081006,2,茨城県,イバラキケン,Ibaraki,,,,つくば市,ツクバシ,Tsukuba-shi,,,,研究学園,ケンキュウガクエン,Kenkyugakuen,６丁目,６チョウメ,6,,,,,0,0,0,0,0,0,1,1,1947-04-17,,0,,,,,,,,,,,,,,,,
082201,0081007,2,茨城県,イバラキケン,Ibaraki,,,,つくば市,ツクバシ,Tsukuba-shi,,,,研究学園,ケンキュウガクエン,Kenkyugakuen,７丁目,７チョウメ,7,,,,,0,0,0,0,0,0,1,1,1947-04-17,,0,,,,,,,,,,,,,,,,
082201,0082000,1,茨城県,イバラキケン,Ibaraki,,,,つくば市,ツクバシ,Tsukuba-shi,,,,小泉,コイズミ,Koizumi,,,,,,,,0,0,0,0,0,0,1,1,1947-04-17,,0,3004236,,,,,,,,,,,,,,,
082201,0083000,1,茨城県,イバラキケン,Ibaraki,,,,つくば市,ツクバシ,Tsukuba-shi,,,,高野,コウヤ,Koya,,,,,,,,0,0,0,0,0,0,1,1,1947-04-17,,0,3002642,,,,,,,,,,,,,,,
082201,0084001,2,茨城県,イバラキケン,Ibaraki,,,,つくば市,ツクバシ,Tsukuba-shi,,,,高野台,コウヤダイ,Koyadai,１丁目,１チョウメ,1,,,,,0,0,0,0,0,0,1,1,1947-04-17,,0,,,,,,,,,,,,,,,,
082201,0084002,2,茨城県,イバラキケン,Ibaraki,,,,つくば市,ツクバシ,Tsukuba-shi,,,,高野台,コウヤダイ,Koyadai,２丁目,２チョウメ,2,,,,,0,0,0,0,0,0,1,1,1947-04-17,,0,,,,,,,,,,,,,,,,
082201,0084003,2,茨城県,イバラキケン,Ibaraki,,,,つくば市,ツクバシ,Tsukuba-shi,,,,高野台,コウヤダイ,Koyadai,３丁目,３チョウメ,3,,,,,0,0,0,0,0,0,1,1,1947-04-17,,0,,,,,,,,,,,,,,,,
082201,0085000,1,茨城県,イバラキケン,Ibaraki,,,,つくば市,ツクバシ,Tsukuba-shi,,,,高野原新田,コウヤハラシンデン,Koyaharashinden,,,,,,,,0,0,0,0,0,0,1,1,1947-04-17,,0,3004202,,,,,,,,,,,,,,,
082201,0086000,1,茨城県,イバラキケン,Ibaraki,,,,つくば市,ツクバシ,Tsukuba-shi,,,,小白硲,コジラハザマ,Kojirahazama,,,,,,,,0,0,0,0,0,0,1,1,1947-04-17,,0,3050844,,,,,,,,,,,,,,,
082201,0087000,1,茨城県,イバラキケン,Ibaraki,,,,つくば市,ツクバシ,Tsukuba-shi,,,,木俣,コノマタ,Konomata,,,,,,,,0,0,0,0,0,0,1,1,1947-04-17,,0,3002644,,,,,,,,,,,,,,,
082201,0088000,1,茨城県,イバラキケン,Ibaraki,,,,つくば市,ツクバシ,Tsukuba-shi,,,,駒込,コマゴメ,Komagome,,,,,,,,0,0,0,0,0,0,1,1,1947-04-17,,0,3001277,,,,,,,,,,,,,,,
082201,0089000,1,茨城県,イバラキケン,Ibaraki,,,,つくば市,ツクバシ,Tsukuba-shi,,,,小山,コヤマ,Koyama,,,,,,,,0,0,0,0,0,0,1,1,1947-04-17,,0,3001276,,,,,,,,,,,,,,,
082201,0090000,1,茨城県,イバラキケン,Ibaraki,,,,つくば市,ツクバシ,Tsukuba-shi,,,,小和田,コワダ,Kowada,,,,,,,,0,0,0,0,0,0,1,1,1947-04-17,,0,3004224,,,,,,,,,,,,,,,
082201,0091000,1,茨城県,イバラキケン,Ibaraki,,,,つくば市,ツクバシ,Tsukuba-shi,,,,金田,コンダ,Konda,,,,,,,,0,0,0,0,0,0,1,1,1947-04-17,,0,3050018,,,,,,,,,,,,,,,
082201,0092000,1,茨城県,イバラキケン,Ibaraki,,,,つくば市,ツクバシ,Tsukuba-shi,,,,佐,サ,Sa,,,,,,,,0,0,0,0,0,0,1,1,1947-04-17,,0,3003251,,,,,,,,,,,,,,,
082201,0093000,1,茨城県,イバラキケン,Ibaraki,,,,つくば市,ツクバシ,Tsukuba-shi,,,,妻木,サイキ,Saiki,,,,,,,,0,0,0,0,0,0,1,1,1947-04-17,,0,3050028,,,,,,,,,,,,,,,
082201,0094000,1,茨城県,イバラキケン,Ibaraki,,,,つくば市,ツクバシ,Tsukuba-shi,,,,西郷,サイゴウ,Saigo,,,,,,,,0,0,0,0,0,0,1,1,1947-04-17,,0,3050036,,,,,,,,,,,,,,,
082201,0095000,1,茨城県,イバラキケン,Ibaraki,,,,つくば市,ツクバシ,Tsukuba-shi,,,,境田,サカイダ,Sakaida,,,,,,,,0,0,0,0,0,0,1,1,1947-04-17,,0,3050867,,,,,,,,,,,,,,,
082201,0096000,1,茨城県,イバラキケン,Ibaraki,,,,つくば市,ツクバシ,Tsukuba-shi,,,,境松,サカイマツ,Sakaimatsu,,,,,,,,0,0,0,0,0,0,1,1,1947-04-17,,0,3050864,,,,,,,,,,,,,,,
082201,0097000,1,茨城県,イバラキケン,Ibaraki,,,,つくば市,ツクバシ,Tsukuba-shi,,,,栄,サカエ,Sakae,,,,,,,,0,0,0,0,0,0,1,1,1947-04-17,,0,3050013,,,,,,,,,,,,,,,
082201,0098001,2,茨城県,イバラキケン,Ibaraki,,,,つくば市,ツクバシ,Tsukuba-shi,,,,桜,サクラ,Sakura,１丁目,１チョウメ,1,,,,,0,0,0,0,0,0,1,1,1947-04-17,,0,,,,,,,,,,,,,,,,
082201,0098002,2,茨城県,イバラキケン,Ibaraki,,,,つくば市,ツクバシ,Tsukuba-shi,,,,桜,サクラ,Sakura,２丁目,２チョウメ,2,,,,,0,0,0,0,0,0,1,1,1947-04-17,,0,,,,,,,,,,,,,,,,
082201,0098003,2,茨城県,イバラキケン,Ibaraki,,,,つくば市,ツクバシ,Tsukuba-shi,,,,桜,サクラ,Sakura,３丁目,３チョウメ,3,,,,,0,0,0,0,0,0,1,1,1947-04-17,,0,,,,,,,,,,,,,,,,
082201,0099000,1,茨城県,イバラキケン,Ibaraki,,,,つくば市,ツクバシ,Tsukuba-shi,,,,桜が丘,サクラガオカ,Sakuragaoka,,,,,,,,0,0,0,0,0,0,1,1,1947-04-17,,0,3001271,,,,,,,,,,,,,,,
082201,0100000,1,茨城県,イバラキケン,Ibaraki,,,,つくば市,ツクバシ,Tsukuba-shi,,,,大角豆,ササギ,Sasagi,,,,,,,,0,0,0,0,0,0,1,1,1947-04-17,,0,3050043,,,,,,,,,,,,,,,
082201,0101000,1,茨城県,イバラキケン,Ibaraki,,,,つくば市,ツクバシ,Tsukuba-shi,,,,篠崎,シノザキ,Shinozaki,,,,,,,,0,0,0,0,0,0,1,1,1947-04-17,,0,3003264,,,,,,,,,,,,,,,
082201,0102000,1,茨城県,イバラキケン,Ibaraki,,,,つくば市,ツクバシ,Tsukuba-shi,,,,柴崎,シバサキ,Shibasaki,,,,,,,,0,0,0,0,0,0,1,1,1947-04-17,,0,3050004,,,,,,,,,,,,,,,
082201,0103000,1,茨城県,イバラキケン,Ibaraki,,,,つくば市,ツクバシ,Tsukuba-shi,,,,島,シマ,Shima,,,,,,,,0,0,0,0,0,0,1,1,1947-04-17,,0,3050833,,,,,,,,,,,,,,,
082201,0104000,1,茨城県,イバラキケン,Ibaraki,,,,つくば市,ツクバシ,Tsukuba-shi,,,,島名,シマナ,Shimana,,,,,,,,0,0,0,0,0,0,1,1,1947-04-17,,0,3002655,,,,,,,,,,,,,,,
082201,0105000,1,茨城県,イバラキケン,Ibaraki,,,,つくば市,ツクバシ,Tsukuba-shi,,,,下岩崎,シモイワサキ,Shimoiwasaki,,,,,,,,0,0,0,0,0,0,1,1,1947-04-17,,0,3001273,,,,,,,,,,,,,,,
082201,0106000,1,茨城県,イバラキケン,Ibaraki,,,,つくば市,ツクバシ,Tsukuba-shi,,,,下大島,シモオオシマ,Shimooshima,,,,,,,,0,0,0,0,0,0,1,1,1947-04-17,,0,3004222,,,,,,,,,,,,,,,
082201,0107000,1,茨城県,イバラキケン,Ibaraki,,,,つくば市,ツクバシ,Tsukuba-shi,,,,下原,シモハラ,Shimohara,,,,,,,,0,0,0,0,0,0,1,1,1947-04-17,,0,3050063,,,,,,,,,,,,,,,
082201,0108000,1,茨城県,イバラキケン,Ibaraki,,,,つくば市,ツクバシ,Tsukuba-shi,,,,下平塚,シモヒラツカ,Shimohiratsuka,,,,,,,,0,0,0,0,0,0,1,1,1947-04-17,,0,3050813,,,,,,,,,,,,,,,
082201,0109000,1,茨城県,イバラキケン,Ibaraki,,,,つくば市,ツクバシ,Tsukuba-shi,,,,下広岡,シモヒロオカ,Shimohiroka,,,,,,,,0,0,0,0,0,0,1,1,1947-04-17,,0,3050042,,,,,,,,,,,,,,,
082201,0110000,1,茨城県,イバラキケン,Ibaraki,,,,つくば市,ツクバシ,Tsukuba-shi,,,,下別府,シモベップ,Shimobeppu,,,,,,,,0,0,0,0,0,0,1,1,1947-04-17,,0,3002666,,,,,,,,,,,,,,,
082201,0111000,1,茨城県,イバラキケン,Ibaraki,,,,つくば市,ツクバシ,Tsukuba-shi,,,,下横場,シモヨコバ,Shimoyokoba,,,,,,,,0,0,0,0,0,0,1,1,1947-04-17,,0,3050075,,,,,,,,,,,,,,,
082201,0112000,1,茨城県,イバラキケン,Ibaraki,,,,つくば市,ツクバシ,Tsukuba-shi,,,,自由ケ丘,ジユウガオカ,Jiyugaoka,,,,,,,,0,0,0,0,0,0,1,1,1947-04-17,,0,3001266,,,,,,,,,,,,,,,
082201,0113000,1,茨城県,イバラキケン,Ibaraki,,,,つくば市,ツクバシ,Tsukuba-shi,,,,松栄,ショウエイ,Shoei,,,,,,,,0,0,0,0,0,0,1,1,1947-04-17,,0,3050014,,,,,,,,,,,,,,,
082201,0114000,1,茨城県,イバラキケン,Ibaraki,,,,つくば市,ツクバシ,Tsukuba-shi,,,,城山,シロヤマ,Shiroyama,,,,,,,,0,0,0,0,0,0,1,1,1947-04-17,,0,3001251,,,,,,,,,,,,,,,
082201,0115000,1,茨城県,イバラキケン,Ibaraki,,,,つくば市,ツクバシ,Tsukuba-shi,,,,菅間,スガマ,Sugama,,,,,,,,0,0,0,0,0,0,1,1,1947-04-17,,0,3001246,,,,,,,,,,,,,,,
082201,0116000,1,茨城県,イバラキケン,Ibaraki,,,,つくば市,ツクバシ,Tsukuba-shi,,,,杉木,スギノキ,Suginoki,,,,,,,,0,0,0,0,0,0,1,1,1947-04-17,,0,3004217,,,,,,,,,,,,,,,
082201,0117001,2,茨城県,イバラキケン,Ibaraki,,,,つくば市,ツクバシ,Tsukuba-shi,,,,千現,センゲン,Sengen,１丁目,１チョウメ,1,,,,,0,0,0,0,0,0,1,1,1947-04-17,,0,,,,,,,,,,,,,,,,
082201,0117002,2,茨城県,イバラキケン,Ibaraki,,,,つくば市,ツクバシ,Tsukuba-shi,,,,千現,センゲン,Sengen,２丁目,２チョウメ,2,,,,,0,0,0,0,0,0,1,1,1947-04-17,,0,,,,,,,,,,,,,,,,
082201,0118001,2,茨城県,イバラキケン,Ibaraki,,,,つくば市,ツクバシ,Tsukuba-shi,,,,台町,ダイマチ,Daimachi,１丁目,１チョウメ,1,,,,,0,0,0,0,0,0,1,1,1947-04-17,,0,,,,,,,,,,,,,,,,
082201,0118002,2,茨城県,イバラキケン,Ibaraki,,,,つくば市,ツクバシ,Tsukuba-shi,,,,台町,ダイマチ,Daimachi,２丁目,２チョウメ,2,,,,,0,0,0,0,0,0,1,1,1947-04-17,,0,,,,,,,,,,,,,,,,
082201,0118003,2,茨城県,イバラキケン,Ibaraki,,,,つくば市,ツクバシ,Tsukuba-shi,,,,台町,ダイマチ,Daimachi,３丁目,３チョウメ,3,,,,,0,0,0,0,0,0,1,1,1947-04-17,,0,,,,,,,,,,,,,,,,
082201,0119000,1,茨城県,イバラキケン,Ibaraki,,,,つくば市,ツクバシ,Tsukuba-shi,,,,平,タイラ,Taira,,,,,,,,0,0,0,0,0,0,1,1,1947-04-17,,0,3050846,,,,,,,,,,,,,,,
082201,0120000,1,茨城県,イバラキケン,Ibaraki,,,,つくば市,ツクバシ,Tsukuba-shi,,,,高崎,タカサキ,Takasaki,,,,,,,,0,0,0,0,0,0,1,1,1947-04-17,,0,3001245,,,,,,,,,,,,,,,
082201,0121000,1,茨城県,イバラキケン,Ibaraki,,,,つくば市,ツクバシ,Tsukuba-shi,,,,高須賀,タカスカ,Takasuka,,,,,,,,0,0,0,0,0,0,1,1,1947-04-17,,0,3002665,,,,,,,,,,,,,,,
082201,0122000,1,茨城県,イバラキケン,Ibaraki,,,,つくば市,ツクバシ,Tsukuba-shi,,,,高田,タカタ,Takata,,,,,,,,0,0,0,0,0,0,1,1,1947-04-17,,0,3002652,,,,,,,,,,,,,,,
082201,0123000,1,茨城県,イバラキケン,Ibaraki,,,,つくば市,ツクバシ,Tsukuba-shi,,,,鷹野原,タカノハラ,Takanohara,,,,,,,,0,0,0,0,0,0,1,1,1947-04-17,,0,3050077,,,,,,,,,,,,,,,
082201,0124001,2,茨城県,イバラキケン,Ibaraki,,,,つくば市,ツクバシ,Tsukuba-shi,,,,高見原,タカミハラ,Takamihara,１丁目,１チョウメ,1,,,,,0,0,0,0,0,0,1,1,1947-04-17,,0,,,,,,,,,,,,,,,,
082201,0124002,2,茨城県,イバラキケン,Ibaraki,,,,つくば市,ツクバシ,Tsukuba-shi,,,,高見原,タカミハラ,Takamihara,２丁目,２チョウメ,2,,,,,0,0,0,0,0,0,1,1,1947-04-17,,0,,,,,,,,,,,,,,,,
082201,0124003,2,茨城県,イバラキケン,Ibaraki,,,,つくば市,ツクバシ,Tsukuba-shi,,,,高見原,タカミハラ,Takamihara,３丁目,３チョウメ,3,,,,,0,0,0,0,0,0,1,1,1947-04-17,,0,,,,,,,,,,,,,,,,
082201,0124004,2,茨城県,イバラキケン,Ibaraki,,,,つくば市,ツクバシ,Tsukuba-shi,,,,高見原,タカミハラ,Takamihara,４丁目,４チョウメ,4,,,,,0,0,0,0,0,0,1,1,1947-04-17,,0,,,,,,,,,,,,,,,,
082201,0124005,2,茨城県,イバラキケン,Ibaraki,,,,つくば市,ツクバシ,Tsukuba-shi,,,,高見原,タカミハラ,Takamihara,５丁目,５チョウメ,5,,,,,0,0,0,0,0,0,1,1,1947-04-17,,0,,,,,,,,,,,,,,,,
082201,0125000,1,茨城県,イバラキケン,Ibaraki,,,,つくば市,ツクバシ,Tsukuba-shi,,,,高良田,タカラダ,Takarada,,,,,,,,0,0,0,0,0,0,1,1,1947-04-17,,0,3002664,,,,,,,,,,,,,,,
082201,0126000,1,茨城県,イバラキケン,Ibaraki,,,,つくば市,ツクバシ,Tsukuba-shi,,,,田倉,タクラ,Takura,,,,,,,,0,0,0,0,0,0,1,1,1947-04-17,,0,3002615,,,,,,,,,,,,,,,
082201,0127001,2,茨城県,イバラキケン,Ibaraki,,,,つくば市,ツクバシ,Tsukuba-shi,,,,竹園,タケゾノ,Takezono,１丁目,１チョウメ,1,,,,,0,0,0,0,0,0,1,1,1947-04-17,,0,,,,,,,,,,,,,,,,
082201,0127002,2,茨城県,イバラキケン,Ibaraki,,,,つくば市,ツクバシ,Tsukuba-shi,,,,竹園,タケゾノ,Takezono,２丁目,２チョウメ,2,,,,,0,0,0,0,0,0,1,1,1947-04-17,,0,,,,,,,,,,,,,,,,
082201,0127003,2,茨城県,イバラキケン,Ibaraki,,,,つくば市,ツクバシ,Tsukuba-shi,,,,竹園,タケゾノ,Takezono,３丁目,３チョウメ,3,,,,,0,0,0,0,0,0,1,1,1947-04-17,,0,,,,,,,,,,,,,,,,
082201,0128000,1,茨城県,イバラキケン,Ibaraki,,,,つくば市,ツクバシ,Tsukuba-shi,,,,立原,タチハラ,,,,,,,,,0,0,0,0,0,0,1,1,1947-04-17,,0,,,,,,,,,,,,,,,,
082201,0129000,1,茨城県,イバラキケン,Ibaraki,,,,つくば市,ツクバシ,Tsukuba-shi,,,,館野,タテノ,Tateno,,,,,,,,0,0,0,0,0,0,1,1,1947-04-17,,0,3050067,,,,,,,,,,,,,,,
082201,0130000,1,茨城県,イバラキケン,Ibaraki,,,,つくば市,ツクバシ,Tsukuba-shi,,,,田中,タナカ,Tanaka,,,,,,,,0,0,0,0,0,0,1,1,1947-04-17,,0,3004244,,,,,,,,,,,,,,,
082201,0131000,1,茨城県,イバラキケン,Ibaraki,,,,つくば市,ツクバシ,Tsukuba-shi,,,,玉取,タマトリ,Tamatori,,,,,,,,0,0,0,0,0,0,1,1,1947-04-17,,0,3003255,,,,,,,,,,,,,,,
082201,0132000,1,茨城県,イバラキケン,Ibaraki,,,,つくば市,ツクバシ,Tsukuba-shi,,,,田水山,タミヤマ,Tamiyama,,,,,,,,0,0,0,0,0,0,1,1,1947-04-17,,0,3004251,,,,,,,,,,,,,,,
082201,0133000,1,茨城県,イバラキケン,Ibaraki,,,,つくば市,ツクバシ,Tsukuba-shi,,,,筑波,ツクバ,Tsukuba,,,,,,,,0,0,0,0,0,0,1,1,1947-04-17,,0,3004352,,,,,,,,,,,,,,,
082201,0134001,2,茨城県,イバラキケン,Ibaraki,,,,つくば市,ツクバシ,Tsukuba-shi,,,,筑穂,ツクホ,Tsukuho,１丁目,１チョウメ,1,,,,,0,0,0,0,0,0,1,1,1947-04-17,,0,,,,,,,,,,,,,,,,
082201,0134002,2,茨城県,イバラキケン,Ibaraki,,,,つくば市,ツクバシ,Tsukuba-shi,,,,筑穂,ツクホ,Tsukuho,２丁目,２チョウメ,2,,,,,0,0,0,0,0,0,1,1,1947-04-17,,0,,,,,,,,,,,,,,,,
082201,0134003,2,茨城県,イバラキケン,Ibaraki,,,,つくば市,ツクバシ,Tsukuba-shi,,,,筑穂,ツクホ,Tsukuho,３丁目,３チョウメ,3,,,,,0,0,0,0,0,0,1,1,1947-04-17,,0,,,,,,,,,,,,,,,,
082201,0135000,1,茨城県,イバラキケン,Ibaraki,,,,つくば市,ツクバシ,Tsukuba-shi,,,,作谷,ツクリヤ,Tsukuriya,,,,,,,,0,0,0,0,0,0,1,1,1947-04-17,,0,3004204,,,,,,,,,,,,,,,
082201,0136000,1,茨城県,イバラキケン,Ibaraki,,,,つくば市,ツクバシ,Tsukuba-shi,,,,土田,ツチダ,Tsuchida,,,,,,,,0,0,0,0,0,0,1,1,1947-04-17,,0,3002636,,,,,,,,,,,,,,,
082201,0137000,1,茨城県,イバラキケン,Ibaraki,,,,つくば市,ツクバシ,Tsukuba-shi,,,,手子生,テゴマル,Tegomaru,,,,,,,,0,0,0,0,0,0,1,1,1947-04-17,,0,3002647,,,,,,,,,,,,,,,
082201,0138000,1,茨城県,イバラキケン,Ibaraki,,,,つくば市,ツクバシ,Tsukuba-shi,,,,手代木,テシロギ,Teshirogi,,,,,,,,0,0,0,0,0,0,1,1,1947-04-17,,0,3050834,,,,,,,,,,,,,,,
082201,0139000,1,茨城県,イバラキケン,Ibaraki,,,,つくば市,ツクバシ,Tsukuba-shi,,,,寺具,テラグ,Teragu,,,,,,,,0,0,0,0,0,0,1,1,1947-04-17,,0,3004201,,,,,,,,,,,,,,,
082201,0140001,2,茨城県,イバラキケン,Ibaraki,,,,つくば市,ツクバシ,Tsukuba-shi,,,,天王台,テンノウダイ,Tennodai,１丁目,１チョウメ,1,,,,,0,0,0,0,0,0,1,1,1947-04-17,,0,,,,,,,,,,,,,,,,
082201,0140002,2,茨城県,イバラキケン,Ibaraki,,,,つくば市,ツクバシ,Tsukuba-shi,,,,天王台,テンノウダイ,Tennodai,２丁目,２チョウメ,2,,,,,0,0,0,0,0,0,1,1,1947-04-17,,0,,,,,,,,,,,,,,,,
082201,0140003,2,茨城県,イバラキケン,Ibaraki,,,,つくば市,ツクバシ,Tsukuba-shi,,,,天王台,テンノウダイ,Tennodai,３丁目,３チョウメ,3,,,,,0,0,0,0,0,0,1,1,1947-04-17,,0,,,,,,,,,,,,,,,,
082201,0141001,2,茨城県,イバラキケン,Ibaraki,,,,つくば市,ツクバシ,Tsukuba-shi,,,,東光台,トウコウダイ,Tokodai,１丁目,１チョウメ,1,,,,,0,0,0,0,0,0,1,1,1947-04-17,,0,,,,,,,,,,,,,,,,
082201,0141002,2,茨城県,イバラキケン,Ibaraki,,,,つくば市,ツクバシ,Tsukuba-shi,,,,東光台,トウコウダイ,Tokodai,２丁目,２チョウメ,2,,,,,0,0,0,0,0,0,1,1,1947-04-17,,0,,,,,,,,,,,,,,,,
082201,0141003,2,茨城県,イバラキケン,Ibaraki,,,,つくば市,ツクバシ,Tsukuba-shi,,,,東光台,トウコウダイ,Tokodai,３丁目,３チョウメ,3,,,,,0,0,0,0,0,0,1,1,1947-04-17,,0,,,,,,,,,,,,,,,,
082201,0141004,2,茨城県,イバラキケン,Ibaraki,,,,つくば市,ツクバシ,Tsukuba-shi,,,,東光台,トウコウダイ,Tokodai,４丁目,４チョウメ,4,,,,,0,0,0,0,0,0,1,1,1947-04-17,,0,,,,,,,,,,,,,,,,
082201,0141005,2,茨城県,イバラキケン,Ibaraki,,,,つくば市,ツクバシ,Tsukuba-shi,,,,東光台,トウコウダイ,Tokodai,５丁目,５チョウメ,5,,,,,0,0,0,0,0,0,1,1,1947-04-17,,0,,,,,,,,,,,,,,,,
082201,0142001,2,茨城県,イバラキケン,Ibaraki,,,,つくば市,ツクバシ,Tsukuba-shi,,,,豊里の杜,トヨサトノモリ,Toyosatonomori,１丁目,１チョウメ,1,,,,,0,0,0,0,0,0,1,1,1947-04-17,,0,,,,,,,,,,,,,,,,
082201,0142002,2,茨城県,イバラキケン,Ibaraki,,,,つくば市,ツクバシ,Tsukuba-shi,,,,豊里の杜,トヨサトノモリ,Toyosatonomori,２丁目,２チョウメ,2,,,,,0,0,0,0,0,0,1,1,1947-04-17,,0,,,,,,,,,,,,,,,,
082201,0143000,1,茨城県,イバラキケン,Ibaraki,,,,つくば市,ツクバシ,Tsukuba-shi,,,,中内,ナカウチ,Nakauchi,,,,,,,,0,0,0,0,0,0,1,1,1947-04-17,,0,3050068,,,,,,,,,,,,,,,
082201,0144000,1,茨城県,イバラキケン,Ibaraki,,,,つくば市,ツクバシ,Tsukuba-shi,,,,中菅間,ナカスガマ,Nakasugama,,,,,,,,0,0,0,0,0,0,1,1,1947-04-17,,0,3004242,,,,,,,,,,,,,,,
082201,0145000,1,茨城県,イバラキケン,Ibaraki,,,,つくば市,ツクバシ,Tsukuba-shi,,,,中根,ナカネ,Nakane,,,,,,,,0,0,0,0,0,0,1,1,1947-04-17,,0,3050012,,,,,,,,,,,,,,,
082201,0146000,1,茨城県,イバラキケン,Ibaraki,,,,つくば市,ツクバシ,Tsukuba-shi,,,,中野,ナカノ,Nakano,,,,,,,,0,0,0,0,0,0,1,1,1947-04-17,,0,3050873,,,,,,,,,,,,,,,
082201,0147000,1,茨城県,イバラキケン,Ibaraki,,,,つくば市,ツクバシ,Tsukuba-shi,,,,中東原新田,ナカヒガシハラシンデン,Nakahigashiharashinden,,,,,,,,0,0,0,0,0,0,1,1,1947-04-17,,0,3002634,,,,,,,,,,,,,,,
082201,0148000,1,茨城県,イバラキケン,Ibaraki,,,,つくば市,ツクバシ,Tsukuba-shi,,,,中別府,ナカベップ,Nakabeppu,,,,,,,,0,0,0,0,0,0,1,1,1947-04-17,,0,3002667,,,,,,,,,,,,,,,
082201,0149000,1,茨城県,イバラキケン,Ibaraki,,,,つくば市,ツクバシ,Tsukuba-shi,,,,長峰,ナガミネ,Nagamine,,,,,,,,0,0,0,0,0,0,1,1,1947-04-17,,0,3050052,,,,,,,,,,,,,,,
082201,0150000,1,茨城県,イバラキケン,Ibaraki,,,,つくば市,ツクバシ,Tsukuba-shi,,,,中山,ナカヤマ,Nakayama,,,,,,,,0,0,0,0,0,0,1,1,1947-04-17,,0,3001268,,,,,,,,,,,,,,,
082201,0151000,1,茨城県,イバラキケン,Ibaraki,,,,つくば市,ツクバシ,Tsukuba-shi,,,,鍋沼新田,ナベヌマシンデン,Nabenumashinden,,,,,,,,0,0,0,0,0,0,1,1,1947-04-17,,0,3002663,,,,,,,,,,,,,,,
082201,0152001,2,茨城県,イバラキケン,Ibaraki,,,,つくば市,ツクバシ,Tsukuba-shi,,,,並木,ナミキ,Namiki,１丁目,１チョウメ,1,,,,,0,0,0,0,0,0,1,1,1947-04-17,,0,,,,,,,,,,,,,,,,
082201,0152002,2,茨城県,イバラキケン,Ibaraki,,,,つくば市,ツクバシ,Tsukuba-shi,,,,並木,ナミキ,Namiki,２丁目,２チョウメ,2,,,,,0,0,0,0,0,0,1,1,1947-04-17,,0,,,,,,,,,,,,,,,,
082201,0152003,2,茨城県,イバラキケン,Ibaraki,,,,つくば市,ツクバシ,Tsukuba-shi,,,,並木,ナミキ,Namiki,３丁目,３チョウメ,3,,,,,0,0,0,0,0,0,1,1,1947-04-17,,0,,,,,,,,,,,,,,,,
082201,0152004,2,茨城県,イバラキケン,Ibaraki,,,,つくば市,ツクバシ,Tsukuba-shi,,,,並木,ナミキ,Namiki,４丁目,４チョウメ,4,,,,,0,0,0,0,0,0,1,1,1947-04-17,,0,,,,,,,,,,,,,,,,
082201,0153000,1,茨城県,イバラキケン,Ibaraki,,,,つくば市,ツクバシ,Tsukuba-shi,,,,西大井,ニシオオイ,Nishioi,,,,,,,,0,0,0,0,0,0,1,1,1947-04-17,,0,3001260,,,,,,,,,,,,,,,
082201,0154000,1,茨城県,イバラキケン,Ibaraki,,,,つくば市,ツクバシ,Tsukuba-shi,,,,西大沼,ニシオオヌマ,Nishionuma,,,,,,,,0,0,0,0,0,0,1,1,1947-04-17,,0,3050054,,,,,,,,,,,,,,,
082201,0155000,1,茨城県,イバラキケン,Ibaraki,,,,つくば市,ツクバシ,Tsukuba-shi,,,,西大橋,ニシオオハシ,Nishiohashi,,,,,,,,0,0,0,0,0,0,1,1,1947-04-17,,0,3050831,,,,,,,,,,,,,,,
082201,0156000,1,茨城県,イバラキケン,Ibaraki,,,,つくば市,ツクバシ,Tsukuba-shi,,,,西岡,ニシオカ,Nishioka,,,,,,,,0,0,0,0,0,0,1,1,1947-04-17,,0,3050832,,,,,,,,,,,,,,,
082201,0157000,1,茨城県,イバラキケン,Ibaraki,,,,つくば市,ツクバシ,Tsukuba-shi,,,,西高野,ニシゴウヤ,Nishigoya,,,,,,,,0,0,0,0,0,0,1,1,1947-04-17,,0,3002613,,,,,,,,,,,,,,,
082201,0158000,1,茨城県,イバラキケン,Ibaraki,,,,つくば市,ツクバシ,Tsukuba-shi,,,,西沢,ニシザワ,Nishizawa,,,,,,,,0,0,0,0,0,0,1,1,1947-04-17,,0,3002624,,,,,,,,,,,,,,,
082201,0160000,1,茨城県,イバラキケン,Ibaraki,,,,つくば市,ツクバシ,Tsukuba-shi,,,,西原,ニシハラ,Nishihara,,,,,,,,0,0,0,0,0,0,1,1,1947-04-17,,0,3050815,,,,,,,,,,,,,,,
082201,0161000,1,茨城県,イバラキケン,Ibaraki,,,,つくば市,ツクバシ,Tsukuba-shi,,,,西平塚,ニシヒラツカ,Nishihiratsuka,,,,,,,,0,0,0,0,0,0,1,1,1947-04-17,,0,3050814,,,,,,,,,,,,,,,
082201,0162001,2,茨城県,イバラキケン,Ibaraki,,,,つくば市,ツクバシ,Tsukuba-shi,,,,二の宮,ニノミヤ,Ninomiya,１丁目,１チョウメ,1,,,,,0,0,0,0,0,0,1,1,1947-04-17,,0,,,,,,,,,,,,,,,,
082201,0162002,2,茨城県,イバラキケン,Ibaraki,,,,つくば市,ツクバシ,Tsukuba-shi,,,,二の宮,ニノミヤ,Ninomiya,２丁目,２チョウメ,2,,,,,0,0,0,0,0,0,1,1,1947-04-17,,0,,,,,,,,,,,,,,,,
082201,0162003,2,茨城県,イバラキケン,Ibaraki,,,,つくば市,ツクバシ,Tsukuba-shi,,,,二の宮,ニノミヤ,Ninomiya,３丁目,３チョウメ,3,,,,,0,0,0,0,0,0,1,1,1947-04-17,,0,,,,,,,,,,,,,,,,
082201,0162004,2,茨城県,イバラキケン,Ibaraki,,,,つくば市,ツクバシ,Tsukuba-shi,,,,二の宮,ニノミヤ,Ninomiya,４丁目,４チョウメ,4,,,,,0,0,0,0,0,0,1,1,1947-04-17,,0,,,,,,,,,,,,,,,,
082201,0163000,1,茨城県,イバラキケン,Ibaraki,,,,つくば市,ツクバシ,Tsukuba-shi,,,,沼田,ヌマタ,Numata,,,,,,,,0,0,0,0,0,0,1,1,1947-04-17,,0,3004353,,,,,,,,,,,,,,,
082201,0164000,1,茨城県,イバラキケン,Ibaraki,,,,つくば市,ツクバシ,Tsukuba-shi,,,,野畑,ノバタ,Nobata,,,,,,,,0,0,0,0,0,0,1,1,1947-04-17,,0,3002643,,,,,,,,,,,,,,,
082201,0165000,1,茨城県,イバラキケン,Ibaraki,,,,つくば市,ツクバシ,Tsukuba-shi,,,,八幡台,ハチマンダイ,Hachimandai,,,,,,,,0,0,0,0,0,0,1,1,1947-04-17,,0,3050843,,,,,,,,,,,,,,,
082201,0166000,1,茨城県,イバラキケン,Ibaraki,,,,つくば市,ツクバシ,Tsukuba-shi,,,,百家,ハッケ,Hakke,,,,,,,,0,0,0,0,0,0,1,1,1947-04-17,,0,3002638,,,,,,,,,,,,,,,
082201,0168000,1,茨城県,イバラキケン,Ibaraki,,,,つくば市,ツクバシ,Tsukuba-shi,,,,泊崎,ハッサキ,Hassaki,,,,,,,,0,0,0,0,0,0,1,1,1947-04-17,,0,3001264,,,,,,,,,,,,,,,
082201,0169000,1,茨城県,イバラキケン,Ibaraki,,,,つくば市,ツクバシ,Tsukuba-shi,,,,花園,ハナゾノ,Hanazono,,,,,,,,0,0,0,0,0,0,1,1,1947-04-17,,0,3050029,,,,,,,,,,,,,,,
082201,0170001,2,茨城県,イバラキケン,Ibaraki,,,,つくば市,ツクバシ,Tsukuba-shi,,,,花畑,ハナバタケ,,１丁目,１チョウメ,1,,,,,0,0,0,0,0,0,1,1,1947-04-17,,0,,,,,,,,,,,,,,,,
082201,0170002,2,茨城県,イバラキケン,Ibaraki,,,,つくば市,ツクバシ,Tsukuba-shi,,,,花畑,ハナバタケ,,２丁目,２チョウメ,2,,,,,0,0,0,0,0,0,1,1,1947-04-17,,0,,,,,,,,,,,,,,,,
082201,0170003,2,茨城県,イバラキケン,Ibaraki,,,,つくば市,ツクバシ,Tsukuba-shi,,,,花畑,ハナバタケ,,３丁目,３チョウメ,3,,,,,0,0,0,0,0,0,1,1,1947-04-17,,0,,,,,,,,,,,,,,,,
082201,0171000,1,茨城県,イバラキケン,Ibaraki,,,,つくば市,ツクバシ,Tsukuba-shi,,,,花室,ハナムロ,Hanamuro,,,,,,,,0,0,0,0,0,0,1,1,1947-04-17,,0,3050025,,,,,,,,,,,,,,,
082201,0172000,1,茨城県,イバラキケン,Ibaraki,,,,つくば市,ツクバシ,Tsukuba-shi,,,,羽成,ハナレ,Hanare,,,,,,,,0,0,0,0,0,0,1,1,1947-04-17,,0,3050857,,,,,,,,,,,,,,,
082201,0173000,1,茨城県,イバラキケン,Ibaraki,,,,つくば市,ツクバシ,Tsukuba-shi,,,,原,ハラ,Hara,,,,,,,,0,0,0,0,0,0,1,1,1947-04-17,,0,3050823,,,,,,,,,,,,,,,
082201,0174001,2,茨城県,イバラキケン,Ibaraki,,,,つくば市,ツクバシ,Tsukuba-shi,,,,東,ヒガシ,Higashi,１丁目,１チョウメ,1,,,,,0,0,0,0,0,0,1,1,1947-04-17,,0,,,,,,,,,,,,,,,,
082201,0174002,2,茨城県,イバラキケン,Ibaraki,,,,つくば市,ツクバシ,Tsukuba-shi,,,,東,ヒガシ,Higashi,２丁目,２チョウメ,2,,,,,0,0,0,0,0,0,1,1,1947-04-17,,0,,,,,,,,,,,,,,,,
082201,0175000,1,茨城県,イバラキケン,Ibaraki,,,,つくば市,ツクバシ,Tsukuba-shi,,,,東新井,ヒガシアライ,Higashiarai,,,,,,,,0,0,0,0,0,0,1,1,1947-04-17,,0,3050033,,,,,,,,,,,,,,,
082201,0176000,1,茨城県,イバラキケン,Ibaraki,,,,つくば市,ツクバシ,Tsukuba-shi,,,,東岡,ヒガシオカ,Higashioka,,,,,,,,0,0,0,0,0,0,1,1,1947-04-17,,0,3050027,,,,,,,,,,,,,,,
082201,0177000,1,茨城県,イバラキケン,Ibaraki,,,,つくば市,ツクバシ,Tsukuba-shi,,,,東平塚,ヒガシヒラツカ,Higashihiratsuka,,,,,,,,0,0,0,0,0,0,1,1,1947-04-17,,0,3050812,,,,,,,,,,,,,,,
082201,0178000,1,茨城県,イバラキケン,Ibaraki,,,,つくば市,ツクバシ,Tsukuba-shi,,,,東丸山,ヒガシマルヤマ,Higashimaruyama,,,,,,,,0,0,0,0,0,0,1,1,1947-04-17,,0,3050862,,,,,,,,,,,,,,,
082201,0179000,1,茨城県,イバラキケン,Ibaraki,,,,つくば市,ツクバシ,Tsukuba-shi,,,,樋の沢,ヒノサワ,Hinosawa,,,,,,,,0,0,0,0,0,0,1,1,1947-04-17,,0,3001242,,MJ014417_*_*,,,,,,,,,,,,,
082201,0180000,1,茨城県,イバラキケン,Ibaraki,,,,つくば市,ツクバシ,Tsukuba-shi,,,,平沢,ヒラサワ,Hirasawa,,,,,,,,0,0,0,0,0,0,1,1,1947-04-17,,0,3004213,,,,,,,,,,,,,,,
082201,0181000,1,茨城県,イバラキケン,Ibaraki,,,,つくば市,ツクバシ,Tsukuba-shi,,,,富士見台,フジミダイ,Fujimidai,,,,,,,,0,0,0,0,0,0,1,1,1947-04-17,,0,3001263,,,,,,,,,,,,,,,
082201,0182000,1,茨城県,イバラキケン,Ibaraki,,,,つくば市,ツクバシ,Tsukuba-shi,,,,藤本,フジモト,Fujimoto,,,,,,,,0,0,0,0,0,0,1,1,1947-04-17,,0,3050852,,,,,,,,,,,,,,,
082201,0183000,1,茨城県,イバラキケン,Ibaraki,,,,つくば市,ツクバシ,Tsukuba-shi,,,,古来,フルク,Furuku,,,,,,,,0,0,0,0,0,0,1,1,1947-04-17,,0,3050021,,,,,,,,,,,,,,,
082201,0184000,1,茨城県,イバラキケン,Ibaraki,,,,つくば市,ツクバシ,Tsukuba-shi,,,,北条,ホウジョウ,Hojo,,,,,,,,0,0,0,0,0,0,1,1,1947-04-17,,0,3004231,,,,,,,,,,,,,,,
082201,0185000,1,茨城県,イバラキケン,Ibaraki,,,,つくば市,ツクバシ,Tsukuba-shi,,,,房内,ボウチ,Bochi,,,,,,,,0,0,0,0,0,0,1,1,1947-04-17,,0,3001278,,,,,,,,,,,,,,,
082201,0186000,1,茨城県,イバラキケン,Ibaraki,,,,つくば市,ツクバシ,Tsukuba-shi,,,,宝陽台,ホウヨウダイ,Hoyodai,,,,,,,,0,0,0,0,0,0,1,1,1947-04-17,,0,3001254,,,,,,,,,,,,,,,
082201,0187000,1,茨城県,イバラキケン,Ibaraki,,,,つくば市,ツクバシ,Tsukuba-shi,,,,細見,ホソミ,Hosomi,,,,,,,,0,0,0,0,0,0,1,1,1947-04-17,,0,3001265,,,,,,,,,,,,,,,
082201,0188000,1,茨城県,イバラキケン,Ibaraki,,,,つくば市,ツクバシ,Tsukuba-shi,,,,洞下,ホラゲ,Horage,,,,,,,,0,0,0,0,0,0,1,1,1947-04-17,,0,3004249,,,,,,,,,,,,,,,
082201,0189000,1,茨城県,イバラキケン,Ibaraki,,,,つくば市,ツクバシ,Tsukuba-shi,,,,前野,マエノ,Maeno,,,,,,,,0,0,0,0,0,0,1,1,1947-04-17,,0,3003267,,,,,,,,,,,,,,,
082201,0190000,1,茨城県,イバラキケン,Ibaraki,,,,つくば市,ツクバシ,Tsukuba-shi,,,,牧園,マキゾノ,Makizono,,,,,,,,0,0,0,0,0,0,1,1,1947-04-17,,0,3001241,,,,,,,,,,,,,,,
082201,0191000,1,茨城県,イバラキケン,Ibaraki,,,,つくば市,ツクバシ,Tsukuba-shi,,,,真瀬,マセ,Mase,,,,,,,,0,0,0,0,0,0,1,1,1947-04-17,,0,3002656,,,,,,,,,,,,,,,
082201,0192001,2,茨城県,イバラキケン,Ibaraki,,,,つくば市,ツクバシ,Tsukuba-shi,,,,松代,マツシロ,Matsushiro,１丁目,１チョウメ,1,,,,,0,0,0,0,0,0,1,1,1947-04-17,,0,,,,,,,,,,,,,,,,
082201,0192002,2,茨城県,イバラキケン,Ibaraki,,,,つくば市,ツクバシ,Tsukuba-shi,,,,松代,マツシロ,Matsushiro,２丁目,２チョウメ,2,,,,,0,0,0,0,0,0,1,1,1947-04-17,,0,,,,,,,,,,,,,,,,
082201,0192003,2,茨城県,イバラキケン,Ibaraki,,,,つくば市,ツクバシ,Tsukuba-shi,,,,松代,マツシロ,Matsushiro,３丁目,３チョウメ,3,,,,,0,0,0,0,0,0,1,1,1947-04-17,,0,,,,,,,,,,,,,,,,
082201,0192004,2,茨城県,イバラキケン,Ibaraki,,,,つくば市,ツクバシ,Tsukuba-shi,,,,松代,マツシロ,Matsushiro,４丁目,４チョウメ,4,,,,,0,0,0,0,0,0,1,1,1947-04-17,,0,,,,,,,,,,,,,,,,
082201,0192005,2,茨城県,イバラキケン,Ibaraki,,,,つくば市,ツクバシ,Tsukuba-shi,,,,松代,マツシロ,Matsushiro,５丁目,５チョウメ,5,,,,,0,0,0,0,0,0,1,1,1947-04-17,,0,,,,,,,,,,,,,,,,
082201,0193000,1,茨城県,イバラキケン,Ibaraki,,,,つくば市,ツクバシ,Tsukuba-shi,,,,松塚,マツヅカ,Matsuzuka,,,,,,,,0,0,0,0,0,0,1,1,1947-04-17,,0,3050015,,,,,,,,,,,,,,,
082201,0194000,1,茨城県,イバラキケン,Ibaraki,,,,つくば市,ツクバシ,Tsukuba-shi,,,,松野木,マツノキ,Matsunoki,,,,,,,,0,0,0,0,0,0,1,1,1947-04-17,,0,3050056,,,,,,,,,,,,,,,
082201,0195000,1,茨城県,イバラキケン,Ibaraki,,,,つくば市,ツクバシ,Tsukuba-shi,,,,松の里,マツノサト,,,,,,,,,0,0,0,0,0,0,1,1,1947-04-17,,0,,,,,,,,,,,,,,,,
082201,0196000,1,茨城県,イバラキケン,Ibaraki,,,,つくば市,ツクバシ,Tsukuba-shi,,,,水堀,ミズボリ,Mizubori,,,,,,,,0,0,0,0,0,0,1,1,1947-04-17,,0,3002654,,,,,,,,,,,,,,,
082201,0197000,1,茨城県,イバラキケン,Ibaraki,,,,つくば市,ツクバシ,Tsukuba-shi,,,,緑が丘,ミドリガオカ,Midorigaoka,,,,,,,,0,0,0,0,0,0,1,1,1947-04-17,,0,3050863,,,,,,,,,,,,,,,
082201,0198001,2,茨城県,イバラキケン,Ibaraki,,,,つくば市,ツクバシ,Tsukuba-shi,,,,緑ケ原,ミドリガハラ,Midorigahara,１丁目,１チョウメ,1,,,,,0,0,0,0,0,0,1,1,1947-04-17,,0,,,,,,,,,,,,,,,,
082201,0198002,2,茨城県,イバラキケン,Ibaraki,,,,つくば市,ツクバシ,Tsukuba-shi,,,,緑ケ原,ミドリガハラ,Midorigahara,２丁目,２チョウメ,2,,,,,0,0,0,0,0,0,1,1,1947-04-17,,0,,,,,,,,,,,,,,,,
082201,0198003,2,茨城県,イバラキケン,Ibaraki,,,,つくば市,ツクバシ,Tsukuba-shi,,,,緑ケ原,ミドリガハラ,Midorigahara,３丁目,３チョウメ,3,,,,,0,0,0,0,0,0,1,1,1947-04-17,,0,,,,,,,,,,,,,,,,
082201,0198004,2,茨城県,イバラキケン,Ibaraki,,,,つくば市,ツクバシ,Tsukuba-shi,,,,緑ケ原,ミドリガハラ,Midorigahara,４丁目,４チョウメ,4,,,,,0,0,0,0,0,0,1,1,1947-04-17,,0,,,,,,,,,,,,,,,,
082201,0199000,1,茨城県,イバラキケン,Ibaraki,,,,つくば市,ツクバシ,Tsukuba-shi,,,,南中妻,ミナミナカヅマ,Minaminakazuma,,,,,,,,0,0,0,0,0,0,1,1,1947-04-17,,0,3050065,,,,,,,,,,,,,,,
082201,0200000,1,茨城県,イバラキケン,Ibaraki,,,,つくば市,ツクバシ,Tsukuba-shi,,,,水守,ミモリ,Mimori,,,,,,,,0,0,0,0,0,0,1,1,1947-04-17,,0,3004245,,,,,,,,,,,,,,,
082201,0201000,1,茨城県,イバラキケン,Ibaraki,,,,つくば市,ツクバシ,Tsukuba-shi,,,,御幸が丘,ミユキガオカ,Miyukigaoka,,,,,,,,0,0,0,0,0,0,1,1,1947-04-17,,0,3050841,,,,,,,,,,,,,,,
082201,0202000,1,茨城県,イバラキケン,Ibaraki,,,,つくば市,ツクバシ,Tsukuba-shi,,,,明神,ミョウジン,Myojin,,,,,,,,0,0,0,0,0,0,1,1,1947-04-17,,0,3001257,,,,,,,,,,,,,,,
082201,0203000,1,茨城県,イバラキケン,Ibaraki,,,,つくば市,ツクバシ,Tsukuba-shi,,,,森の里,モリノサト,Morinosato,,,,,,,,0,0,0,0,0,0,1,1,1947-04-17,,0,3001256,,,,,,,,,,,,,,,
082201,0204000,1,茨城県,イバラキケン,Ibaraki,,,,つくば市,ツクバシ,Tsukuba-shi,,,,柳橋,ヤギハシ,Yagihashi,,,,,,,,0,0,0,0,0,0,1,1,1947-04-17,,0,3050842,,,,,,,,,,,,,,,
082201,0205000,1,茨城県,イバラキケン,Ibaraki,,,,つくば市,ツクバシ,Tsukuba-shi,,,,山木,ヤマキ,Yamaki,,,,,,,,0,0,0,0,0,0,1,1,1947-04-17,,0,3004234,,,,,,,,,,,,,,,
082201,0206000,1,茨城県,イバラキケン,Ibaraki,,,,つくば市,ツクバシ,Tsukuba-shi,,,,山口,ヤマグチ,Yamaguchi,,,,,,,,0,0,0,0,0,0,1,1,1947-04-17,,0,3004214,,,,,,,,,,,,,,,
082201,0207000,1,茨城県,イバラキケン,Ibaraki,,,,つくば市,ツクバシ,Tsukuba-shi,,,,山中,ヤマナカ,Yamanaka,,,,,,,,0,0,0,0,0,0,1,1,1947-04-17,,0,3050836,,,,,,,,,,,,,,,
082201,0208000,1,茨城県,イバラキケン,Ibaraki,,,,つくば市,ツクバシ,Tsukuba-shi,,,,横町,ヨコマチ,Yokomachi,,,,,,,,0,0,0,0,0,0,1,1,1947-04-17,,0,3050017,,,,,,,,,,,,,,,
082201,0209000,1,茨城県,イバラキケン,Ibaraki,,,,つくば市,ツクバシ,Tsukuba-shi,,,,六斗,ロクト,Rokuto,,,,,,,,0,0,0,0,0,0,1,1,1947-04-17,,0,3001258,,,,,,,,,,,,,,,
082201,0210000,1,茨城県,イバラキケン,Ibaraki,,,,つくば市,ツクバシ,Tsukuba-shi,,,,若栗,ワカグリ,Wakaguri,,,,,,,,0,0,0,0,0,0,1,1,1947-04-17,,0,3001248,,,,,,,,,,,,,,,
082201,0211000,1,茨城県,イバラキケン,Ibaraki,,,,つくば市,ツクバシ,Tsukuba-shi,,,,若葉,ワカバ,Wakaba,,,,,,,,0,0,0,0,0,0,1,1,1947-04-17,,0,3001249,,,,,,,,,,,,,,,
082201,0212000,1,茨城県,イバラキケン,Ibaraki,,,,つくば市,ツクバシ,Tsukuba-shi,,,,若森,ワカモリ,Wakamori,,,,,,,,0,0,0,0,0,0,1,1,1947-04-17,,0,3003252,,,,,,,,,,,,,,,
082201,0213000,1,茨城県,イバラキケン,Ibaraki,,,,つくば市,ツクバシ,Tsukuba-shi,,,,和台,ワダイ,Wadai,,,,,,,,0,0,0,0,0,0,1,1,1947-04-17,,0,3004247,,,,,,,,,,,,,,,
082201,0214000,1,茨城県,イバラキケン,Ibaraki,,,,つくば市,ツクバシ,Tsukuba-shi,,,,和台原,ワダイハラ,,,,,,,,,0,0,0,0,0,0,1,1,1947-04-17,,0,,,,,,,,,,,,,,,,
082201,0215000,1,茨城県,イバラキケン,Ibaraki,,,,つくば市,ツクバシ,Tsukuba-shi,,,,谷田部,ヤタベ,Yatabe,,,,,,,,0,0,0,0,0,0,1,1,1947-04-17,,0,3050861,,,,,,,,,,,,,,,
082201,0215139,3,茨城県,イバラキケン,Ibaraki,,,,つくば市,ツクバシ,Tsukuba-shi,,,,谷田部,ヤタベ,Yatabe,,,,字鷹野原,アザタカノハラ,,,0,0,0,0,0,0,1,0,1947-04-17,,0,,,,,,,,,,,,,,,,
082201,0216000,1,茨城県,イバラキケン,Ibaraki,,,,つくば市,ツクバシ,Tsukuba-shi,,,,花島新田,ハナシマシンデン,Hanashimashinden,,,,,,,,0,0,0,0,0,0,1,1,1947-04-17,,0,3050875,,,,,,,,,,,,,,,
082201,0217000,1,茨城県,イバラキケン,Ibaraki,,,,つくば市,ツクバシ,Tsukuba-shi,,,,南原,ミナミハラ,,,,,,,,,0,0,0,0,0,0,1,1,1947-04-17,,0,,,,,,,,,,,,,,,,
082201,0218000,1,茨城県,イバラキケン,Ibaraki,,,,つくば市,ツクバシ,Tsukuba-shi,,,,片田,カタダ,Katada,,,,,,,,0,0,0,0,0,0,1,1,1947-04-17,,0,3050877,,,,,,,,,,,,,,,
082201,0219001,2,茨城県,イバラキケン,Ibaraki,,,,つくば市,ツクバシ,Tsukuba-shi,,,,みどりの,ミドリノ,Midorino,１丁目,１チョウメ,1,,,,,0,0,0,0,0,0,1,1,1947-04-17,,0,,,,,,,,,,,,,,,,
082201,0219002,2,茨城県,イバラキケン,Ibaraki,,,,つくば市,ツクバシ,Tsukuba-shi,,,,みどりの,ミドリノ,Midorino,２丁目,２チョウメ,2,,,,,0,0,0,0,0,0,1,1,1947-04-17,,0,,,,,,,,,,,,,,,,
082201,0220000,1,茨城県,イバラキケン,Ibaraki,,,,つくば市,ツクバシ,Tsukuba-shi,,,,みどりの中央,ミドリノチュウオウ,Midorinochuo,,,,,,,,0,0,0,0,0,0,1,1,1947-04-17,,0,3050882,,,,,,,,,,,,,,,
082201,0221000,1,茨城県,イバラキケン,Ibaraki,,,,つくば市,ツクバシ,Tsukuba-shi,,,,上萱丸,カミカヤマル,Kamikayamaru,,,,,,,,0,0,0,0,0,0,1,1,1947-04-17,,0,3050871,,,,,,,,,,,,,,,
082201,0222000,1,茨城県,イバラキケン,Ibaraki,,,,つくば市,ツクバシ,Tsukuba-shi,,,,下萱丸,シモカヤマル,Shimokayamaru,,,,,,,,0,0,0,0,0,0,1,1,1947-04-17,,0,3050872,,,,,,,,,,,,,,,
082201,0223000,1,茨城県,イバラキケン,Ibaraki,,,,つくば市,ツクバシ,Tsukuba-shi,,,,古館,フルダテ,Furudate,,,,,,,,0,0,0,0,0,0,1,1,1947-04-17,,0,3050866,,,,,,,,,,,,,,,
082201,0224000,1,茨城県,イバラキケン,Ibaraki,,,,つくば市,ツクバシ,Tsukuba-shi,,,,根崎,ネサキ,Nesaki,,,,,,,,0,0,0,0,0,0,1,1,1947-04-17,,0,3050865,,,,,,,,,,,,,,,
082201,0225000,1,茨城県,イバラキケン,Ibaraki,,,,つくば市,ツクバシ,Tsukuba-shi,,,,みどりの東,ミドリノヒガシ,Midorinohigashi,,,,,,,,0,0,0,0,0,0,1,1,1947-04-17,,0,3050883,,,,,,,,,,,,,,,
082201,0226000,1,茨城県,イバラキケン,Ibaraki,,,,つくば市,ツクバシ,Tsukuba-shi,,,,みどりの南,ミドリノミナミ,Midorinominami,,,,,,,,0,0,0,0,0,0,1,1,1947-04-17,,0,3050884,,,,,,,,,,,,,,,
082201,0227000,1,茨城県,イバラキケン,Ibaraki,,,,つくば市,ツクバシ,Tsukuba-shi,,,,西栗山,ニシクリヤマ,Nishikuriyama,,,,,,,,0,0,0,0,0,0,1,1,1947-04-17,,0,3050876,,,,,,,,,,,,,,,
082201,0228000,1,茨城県,イバラキケン,Ibaraki,,,,つくば市,ツクバシ,Tsukuba-shi,,,,吉沼,ヨシヌマ,Yoshinuma,,,,,,,,0,0,0,0,0,0,1,1,1947-04-17,,0,3002617,,,,,,,,,,,,,,,
082201,0229000,1,茨城県,イバラキケン,Ibaraki,,,,つくば市,ツクバシ,Tsukuba-shi,,,,蓮沼,ハスヌマ,Hasunuma,,,,,,,,0,0,0,0,0,0,1,1,1947-04-17,,0,3003262,,,,,,,,,,,,,,,
082201,0230000,1,茨城県,イバラキケン,Ibaraki,,,,つくば市,ツクバシ,Tsukuba-shi,,,,要,カナメ,Kaname,,,,,,,,0,0,0,0,0,0,1,1,1947-04-17,,0,3002622,,,,,,,,,,,,,,,
082201,0231000,1,茨城県,イバラキケン,Ibaraki,,,,つくば市,ツクバシ,Tsukuba-shi,,,,下河原崎,シモカワラザキ,Shimokawarazaki,,,,,,,,0,0,0,0,0,0,1,1,1947-04-17,,0,3002662,,,,,,,,,,,,,,,
082201,0232000,1,茨城県,イバラキケン,Ibaraki,,,,つくば市,ツクバシ,Tsukuba-shi,,,,沼崎,ヌマザキ,Numazaki,,,,,,,,0,0,0,0,0,0,1,1,1947-04-17,,0,3002631,,,,,,,,,,,,,,,
082201,0233000,1,茨城県,イバラキケン,Ibaraki,,,,つくば市,ツクバシ,Tsukuba-shi,,,,遠東,トオヒガシ,Tohigashi,,,,,,,,0,0,0,0,0,0,1,1,1947-04-17,,0,3002633,,,,,,,,,,,,,,,
082201,0234000,1,茨城県,イバラキケン,Ibaraki,,,,つくば市,ツクバシ,Tsukuba-shi,,,,中東,ナカヒガシ,Nakahigashi,,,,,,,,0,0,0,0,0,0,1,1,1947-04-17,,0,3002639,,,,,,,,,,,,,,,
082201,0235000,1,茨城県,イバラキケン,Ibaraki,,,,つくば市,ツクバシ,Tsukuba-shi,,,,酒丸,サケマル,Sakemaru,,,,,,,,0,0,0,0,0,0,1,1,1947-04-17,,0,3002637,,,,,,,,,,,,,,,
082201,0236000,1,茨城県,イバラキケン,Ibaraki,,,,つくば市,ツクバシ,Tsukuba-shi,,,,上河原崎下河原崎入会地,カミカワラザキシモカワラザキイリアイチ,,,,,,,,,0,0,0,0,0,0,1,1,1947-04-17,,0,,,,,,,,,,,,,,,,
082201,0237000,1,茨城県,イバラキケン,Ibaraki,,,,つくば市,ツクバシ,Tsukuba-shi,,,,上河原崎元宮本,カミカワラザキモトミヤモト,,,,,,,,,0,0,0,0,0,0,1,1,1947-04-17,,0,,,,,,,,,,,,,,,,
082201,0248000,1,茨城県,イバラキケン,Ibaraki,,,,つくば市,ツクバシ,Tsukuba-shi,,,,庄兵衛新田,ショウベエシンデン,,,,,,,,,0,0,0,0,0,0,1,1,1947-04-17,,0,,,,,,,,,,,,,,,,
082201,0250000,1,茨城県,イバラキケン,Ibaraki,,,,つくば市,ツクバシ,Tsukuba-shi,,,,さくらの森,サクラノモリ,Sakuranomori,,,,,,,,0,0,0,0,0,0,1,1,1947-04-17,,0,3050019,,,,,,,,,,,,,,,
082201,0253000,1,茨城県,イバラキケン,Ibaraki,,,,つくば市,ツクバシ,Tsukuba-shi,,,,高良田元下新田,タカラダモトシモシンデン,,,,,,,,,0,0,0,0,0,0,1,1,1947-04-17,,0,,,,,,,,,,,,,,,,
082201,0254000,1,茨城県,イバラキケン,Ibaraki,,,,つくば市,ツクバシ,Tsukuba-shi,,,,高良田元上新田,タカラダモトカミシンデン,,,,,,,,,0,0,0,0,0,0,1,1,1947-04-17,,0,,,,,,,,,,,,,,,,
082201,0255000,1,茨城県,イバラキケン,Ibaraki,,,,つくば市,ツクバシ,Tsukuba-shi,,,,酒丸元西酒丸,サケマルモトニシサケマル,,,,,,,,,0,0,0,0,0,0,1,1,1947-04-17,,0,,,,,,,,,,,,,,,,
082201,0256000,1,茨城県,イバラキケン,Ibaraki,,,,つくば市,ツクバシ,Tsukuba-shi,,,,酒丸元西谷ケ代,サケマルモトニシヤカシロ,,,,,,,,,0,0,0,0,0,0,1,1,1947-04-17,,0,,,,,,,,,,,,,,,,
082201,0257000,1,茨城県,イバラキケン,Ibaraki,,,,つくば市,ツクバシ,Tsukuba-shi,,,,酒丸元中東,サケマルモトナカヒガシ,,,,,,,,,0,0,0,0,0,0,1,1,1947-04-17,,0,,,,,,,,,,,,,,,,
082201,0259000,1,茨城県,イバラキケン,Ibaraki,,,,つくば市,ツクバシ,Tsukuba-shi,,,,春風台,ハルカゼダイ,Harukazedai,,,,,,,,0,0,0,0,0,0,1,1,1947-04-17,,0,3050007,,,,,,,,,,,,,,,
082201,0260000,1,茨城県,イバラキケン,Ibaraki,,,,つくば市,ツクバシ,Tsukuba-shi,,,,上河原崎元中北,カミカワラザキモトナカキタ,,,,,,,,,0,0,0,0,0,0,1,1,1947-04-17,,0,,,,,,,,,,,,,,,,
082201,0266000,1,茨城県,イバラキケン,Ibaraki,,,,つくば市,ツクバシ,Tsukuba-shi,,,,本沢,ホンザワ,Honzawa,,,,,,,,0,0,0,0,0,0,1,1,1947-04-17,,0,3002623,,,,,,,,,,,,,,,
082201,0270000,1,茨城県,イバラキケン,Ibaraki,,,,つくば市,ツクバシ,Tsukuba-shi,,,,流星台,リュウセイダイ,Ryuseidai,,,,,,,,0,0,0,0,0,0,1,1,1947-04-17,,0,3050008,,,,,,,,,,,,,,,
082201,0271000,1,茨城県,イバラキケン,Ibaraki,,,,つくば市,ツクバシ,Tsukuba-shi,,,,上河原崎,カミカワラザキ,Kamikawarazaki,,,,,,,,0,0,0,0,0,0,1,1,1947-04-17,,0,3002661,,,,,,,,,,,,,,,
082201,0272000,1,茨城県,イバラキケン,Ibaraki,,,,つくば市,ツクバシ,Tsukuba-shi,,,,西の沢,ニシノサワ,,,,,,,,,0,0,0,0,0,0,1,1,1947-04-17,,0,,,,,,,,,,,,,,,,
082201,0279000,1,茨城県,イバラキケン,Ibaraki,,,,つくば市,ツクバシ,Tsukuba-shi,,,,五人受,ゴニンウケ,,,,,,,,,0,0,0,0,0,0,1,0,1947-04-17,,1,,,,,,,,,,,,,,,,
082201,0280000,1,茨城県,イバラキケン,Ibaraki,,,,つくば市,ツクバシ,Tsukuba-shi,,,,田宮,タグウ,,,,,,,,,0,0,0,0,0,0,1,0,1947-04-17,,1,,,,,,,,,,,,,,,,
082201,0281000,1,茨城県,イバラキケン,Ibaraki,,,,つくば市,ツクバシ,Tsukuba-shi,,,,谷田部茎崎町房内飛地,ヤタベクキザキマチボウチトビチ,,,,,,,,,0,0,0,0,0,0,1,0,1947-04-17,,1,,,,,,,,,,,,,,,,
082210,0001000,1,茨城県,イバラキケン,Ibaraki,,,,ひたちなか市,ヒタチナカシ,Hitachinaka-shi,,,,青葉町,アオバチョウ,Aobacho,,,,,,,,0,0,0,0,0,0,1,1,1947-04-17,,0,3120056,,,,,,,,,,,,,,,
082210,0002000,1,茨城県,イバラキケン,Ibaraki,,,,ひたちなか市,ヒタチナカシ,Hitachinaka-shi,,,,赤坂,アカサカ,Akasaka,,,,,,,,0,0,0,0,0,0,1,1,1947-04-17,,0,3111241,,,,,,,,,,,,,,,
082210,0003000,1,茨城県,イバラキケン,Ibaraki,,,,ひたちなか市,ヒタチナカシ,Hitachinaka-shi,,,,浅井内,アサイナイ,Asainai,,,,,,,,0,0,0,0,0,0,1,1,1947-04-17,,0,3111264,,,,,,,,,,,,,,,
082210,0004000,1,茨城県,イバラキケン,Ibaraki,,,,ひたちなか市,ヒタチナカシ,Hitachinaka-shi,,,,阿字ケ浦町,アジガウラチョウ,Ajigauracho,,,,,,,,0,0,0,0,0,0,1,1,1947-04-17,,0,3111201,,,,,,,,,,,,,,,
082210,0005000,1,茨城県,イバラキケン,Ibaraki,,,,ひたちなか市,ヒタチナカシ,Hitachinaka-shi,,,,雨沢谷津,アメザワヤツ,Amezawayatsu,,,,,,,,0,0,0,0,0,0,1,1,1947-04-17,,0,3111255,,,,,,,,,,,,,,,
082210,0006000,1,茨城県,イバラキケン,Ibaraki,,,,ひたちなか市,ヒタチナカシ,Hitachinaka-shi,,,,石川町,イシカワチョウ,Ishikawacho,,,,,,,,0,0,0,0,0,0,1,1,1947-04-17,,0,3120057,,,,,,,,,,,,,,,
082210,0007000,1,茨城県,イバラキケン,Ibaraki,,,,ひたちなか市,ヒタチナカシ,Hitachinaka-shi,,,,磯崎町,イソザキチョウ,Isozakicho,,,,,,,,0,0,0,0,0,0,1,1,1947-04-17,,0,3111202,,,,,,,,,,,,,,,
082210,0008001,2,茨城県,イバラキケン,Ibaraki,,,,ひたちなか市,ヒタチナカシ,Hitachinaka-shi,,,,牛久保,ウシクボ,Ushikubo,一丁目,１チョウメ,1,,,,,0,0,0,0,0,0,1,1,1947-04-17,,0,,,,,,,,,,,,,,,,
082210,0008002,2,茨城県,イバラキケン,Ibaraki,,,,ひたちなか市,ヒタチナカシ,Hitachinaka-shi,,,,牛久保,ウシクボ,Ushikubo,二丁目,２チョウメ,2,,,,,0,0,0,0,0,0,1,1,1947-04-17,,0,,,,,,,,,,,,,,,,
082210,0009001,2,茨城県,イバラキケン,Ibaraki,,,,ひたちなか市,ヒタチナカシ,Hitachinaka-shi,,,,後野,ウシロノ,Ushirono,一丁目,１チョウメ,1,,,,,0,0,0,0,0,0,1,1,1947-04-17,,0,,,,,,,,,,,,,,,,
082210,0009002,2,茨城県,イバラキケン,Ibaraki,,,,ひたちなか市,ヒタチナカシ,Hitachinaka-shi,,,,後野,ウシロノ,Ushirono,二丁目,２チョウメ,2,,,,,0,0,0,0,0,0,1,1,1947-04-17,,0,,,,,,,,,,,,,,,,
082210,0010000,1,茨城県,イバラキケン,Ibaraki,,,,ひたちなか市,ヒタチナカシ,Hitachinaka-shi,,,,大字市毛,オオアザイチゲ,Ichige,,,,,,,,0,0,0,0,0,0,1,1,1947-04-17,,0,3120033,,,,,,,,,,,,,,,
082210,0011000,1,茨城県,イバラキケン,Ibaraki,,,,ひたちなか市,ヒタチナカシ,Hitachinaka-shi,,,,大字枝川,オオアザエダカワ,Edakawa,,,,,,,,0,0,0,0,0,0,1,1,1947-04-17,,0,3120035,,,,,,,,,,,,,,,
082210,0012000,1,茨城県,イバラキケン,Ibaraki,,,,ひたちなか市,ヒタチナカシ,Hitachinaka-shi,,,,大字勝倉,オオアザカツクラ,Katsukura,,,,,,,,0,0,0,0,0,0,1,1,1947-04-17,,0,3120024,,,,,,,,,,,,,,,
082210,0013000,1,茨城県,イバラキケン,Ibaraki,,,,ひたちなか市,ヒタチナカシ,Hitachinaka-shi,,,,大字金上,オオアザカネアゲ,Kaneage,,,,,,,,0,0,0,0,0,0,1,1,1947-04-17,,0,3120022,,,,,,,,,,,,,,,
082210,0014000,1,茨城県,イバラキケン,Ibaraki,,,,ひたちなか市,ヒタチナカシ,Hitachinaka-shi,,,,大字後台,オオアザゴダイ,Godai,,,,,,,,0,0,0,0,0,0,1,1,1947-04-17,,0,3120031,,,,,,,,,,,,,,,
082210,0015000,1,茨城県,イバラキケン,Ibaraki,,,,ひたちなか市,ヒタチナカシ,Hitachinaka-shi,,,,大字佐和,オオアザサワ,Sawa,,,,,,,,0,0,0,0,0,0,1,1,1947-04-17,,0,3120001,,,,,,,,,,,,,,,
082210,0016000,1,茨城県,イバラキケン,Ibaraki,,,,ひたちなか市,ヒタチナカシ,Hitachinaka-shi,,,,大字武田,オオアザタケダ,Takeda,,,,,,,,0,0,0,0,0,0,1,1,1947-04-17,,0,3120025,,,,,,,,,,,,,,,
082210,0017000,1,茨城県,イバラキケン,Ibaraki,,,,ひたちなか市,ヒタチナカシ,Hitachinaka-shi,,,,大字田彦,オオアザタビコ,Tabiko,,,,,,,,0,0,0,0,0,0,1,1,1947-04-17,,0,3120063,,,,,,,,,,,,,,,
082210,0018000,1,茨城県,イバラキケン,Ibaraki,,,,ひたちなか市,ヒタチナカシ,Hitachinaka-shi,,,,大字足崎,オオアザタラザキ,Tarazaki,,,,,,,,0,0,0,0,0,0,1,1,1947-04-17,,0,3120003,,,,,,,,,,,,,,,
082210,0019000,1,茨城県,イバラキケン,Ibaraki,,,,ひたちなか市,ヒタチナカシ,Hitachinaka-shi,,,,大字津田,オオアザツダ,Tsuda,,,,,,,,0,0,0,0,0,0,1,1,1947-04-17,,0,3120032,,,,,,,,,,,,,,,
082210,0020000,1,茨城県,イバラキケン,Ibaraki,,,,ひたちなか市,ヒタチナカシ,Hitachinaka-shi,,,,大字中根,オオアザナカネ,Nakane,,,,,,,,0,0,0,0,0,0,1,1,1947-04-17,,0,3120011,,,,,,,,,,,,,,,
082210,0021000,1,茨城県,イバラキケン,Ibaraki,,,,ひたちなか市,ヒタチナカシ,Hitachinaka-shi,,,,大字東石川,オオアザヒガシイシカワ,Higashiishikawa,,,,,,,,0,0,0,0,0,0,1,1,1947-04-17,,0,3120052,,,,,,,,,,,,,,,
082210,0022000,1,茨城県,イバラキケン,Ibaraki,,,,ひたちなか市,ヒタチナカシ,Hitachinaka-shi,,,,大字堀口,オオアザホリグチ,Horiguchi,,,,,,,,0,0,0,0,0,0,1,1,1947-04-17,,0,3120034,,,,,,,,,,,,,,,
082210,0023000,1,茨城県,イバラキケン,Ibaraki,,,,ひたちなか市,ヒタチナカシ,Hitachinaka-shi,,,,大字前浜,オオアザマエハマ,Maehama,,,,,,,,0,0,0,0,0,0,1,1,1947-04-17,,0,3120006,,,,,,,,,,,,,,,
082210,0024000,1,茨城県,イバラキケン,Ibaraki,,,,ひたちなか市,ヒタチナカシ,Hitachinaka-shi,,,,大字馬渡,オオアザマワタリ,Mawatari,,,,,,,,0,0,0,0,0,0,1,1,1947-04-17,,0,3120012,,,,,,,,,,,,,,,
082210,0025000,1,茨城県,イバラキケン,Ibaraki,,,,ひたちなか市,ヒタチナカシ,Hitachinaka-shi,,,,大字三反田,オオアザミタンダ,Mitanda,,,,,,,,0,0,0,0,0,0,1,1,1947-04-17,,0,3120021,,,,,,,,,,,,,,,
082210,0026001,2,茨城県,イバラキケン,Ibaraki,,,,ひたちなか市,ヒタチナカシ,Hitachinaka-shi,,,,大平,オオダイラ,Odaira,一丁目,１チョウメ,1,,,,,0,0,0,0,0,0,1,1,1947-04-17,,0,,,,,,,,,,,,,,,,
082210,0026002,2,茨城県,イバラキケン,Ibaraki,,,,ひたちなか市,ヒタチナカシ,Hitachinaka-shi,,,,大平,オオダイラ,Odaira,二丁目,２チョウメ,2,,,,,0,0,0,0,0,0,1,1,1947-04-17,,0,,,,,,,,,,,,,,,,
082210,0026003,2,茨城県,イバラキケン,Ibaraki,,,,ひたちなか市,ヒタチナカシ,Hitachinaka-shi,,,,大平,オオダイラ,Odaira,三丁目,３チョウメ,3,,,,,0,0,0,0,0,0,1,1,1947-04-17,,0,,,,,,,,,,,,,,,,
082210,0026004,2,茨城県,イバラキケン,Ibaraki,,,,ひたちなか市,ヒタチナカシ,Hitachinaka-shi,,,,大平,オオダイラ,Odaira,四丁目,４チョウメ,4,,,,,0,0,0,0,0,0,1,1,1947-04-17,,0,,,,,,,,,,,,,,,,
082210,0027000,1,茨城県,イバラキケン,Ibaraki,,,,ひたちなか市,ヒタチナカシ,Hitachinaka-shi,,,,和尚塚,オショウヅカ,Oshotsuka,,,,,,,,0,0,0,0,0,0,1,1,1947-04-17,,0,3111263,,,,,,,,,,,,,,,
082210,0028001,2,茨城県,イバラキケン,Ibaraki,,,,ひたちなか市,ヒタチナカシ,Hitachinaka-shi,,,,小貫山,オヌキヤマ,Onukiyama,一丁目,１チョウメ,1,,,,,0,0,0,0,0,0,1,1,1947-04-17,,0,,,,,,,,,,,,,,,,
082210,0028002,2,茨城県,イバラキケン,Ibaraki,,,,ひたちなか市,ヒタチナカシ,Hitachinaka-shi,,,,小貫山,オヌキヤマ,Onukiyama,二丁目,２チョウメ,2,,,,,0,0,0,0,0,0,1,1,1947-04-17,,0,,,,,,,,,,,,,,,,
082210,0029000,1,茨城県,イバラキケン,Ibaraki,,,,ひたちなか市,ヒタチナカシ,Hitachinaka-shi,,,,表町,オモテチョウ,Omotecho,,,,,,,,0,0,0,0,0,0,1,1,1947-04-17,,0,3120047,,,,,,,,,,,,,,,
082210,0030001,2,茨城県,イバラキケン,Ibaraki,,,,ひたちなか市,ヒタチナカシ,Hitachinaka-shi,,,,海門町,カイモンチョウ,Kaimoncho,一丁目,１チョウメ,1,,,,,0,0,0,0,0,0,1,1,1947-04-17,,0,,,,,,,,,,,,,,,,
082210,0030002,2,茨城県,イバラキケン,Ibaraki,,,,ひたちなか市,ヒタチナカシ,Hitachinaka-shi,,,,海門町,カイモンチョウ,Kaimoncho,二丁目,２チョウメ,2,,,,,0,0,0,0,0,0,1,1,1947-04-17,,0,,,,,,,,,,,,,,,,
082210,0031000,1,茨城県,イバラキケン,Ibaraki,,,,ひたちなか市,ヒタチナカシ,Hitachinaka-shi,,,,鍛治屋窪,カジヤクボ,,,,,,,,,0,0,0,0,0,0,1,0,1947-04-17,,0,,,,,,,,,,,,,,,,
082210,0032000,1,茨城県,イバラキケン,Ibaraki,,,,ひたちなか市,ヒタチナカシ,Hitachinaka-shi,,,,春日町,カスガチョウ,Kasugacho,,,,,,,,0,0,0,0,0,0,1,1,1947-04-17,,0,3120048,,,,,,,,,,,,,,,
082210,0033000,1,茨城県,イバラキケン,Ibaraki,,,,ひたちなか市,ヒタチナカシ,Hitachinaka-shi,,,,勝田泉町,カツタイズミチョウ,Katsutaizumicho,,,,,,,,0,0,0,0,0,0,1,1,1947-04-17,,0,3120046,,,,,,,,,,,,,,,
082210,0034000,1,茨城県,イバラキケン,Ibaraki,,,,ひたちなか市,ヒタチナカシ,Hitachinaka-shi,,,,勝田中央,カツタチュウオウ,Katsutachuo,,,,,,,,0,0,0,0,0,0,1,1,1947-04-17,,0,3120045,,,,,,,,,,,,,,,
082210,0035000,1,茨城県,イバラキケン,Ibaraki,,,,ひたちなか市,ヒタチナカシ,Hitachinaka-shi,,,,勝田中原町,カツタナカハラチョウ,Katsutanakaharacho,,,,,,,,0,0,0,0,0,0,1,1,1947-04-17,,0,3120027,,,,,,,,,,,,,,,
082210,0036000,1,茨城県,イバラキケン,Ibaraki,,,,ひたちなか市,ヒタチナカシ,Hitachinaka-shi,,,,勝田本町,カツタホンチョウ,Katsutahoncho,,,,,,,,0,0,0,0,0,0,1,1,1947-04-17,,0,3120026,,,,,,,,,,,,,,,
082210,0037001,2,茨城県,イバラキケン,Ibaraki,,,,ひたちなか市,ヒタチナカシ,Hitachinaka-shi,,,,上野,カミノイツチヨウメ,,一丁目,１チョウメ,1,,,,,0,0,0,0,0,0,1,0,1947-04-17,,1,,,,,,,,,,,,,,,,
082210,0037002,2,茨城県,イバラキケン,Ibaraki,,,,ひたちなか市,ヒタチナカシ,Hitachinaka-shi,,,,上野,カミノ,Kamino,二丁目,２チョウメ,2,,,,,0,0,0,0,0,0,1,1,1947-04-17,,0,,,,,,,,,,,,,,,,
082210,0038000,1,茨城県,イバラキケン,Ibaraki,,,,ひたちなか市,ヒタチナカシ,Hitachinaka-shi,,,,烏ケ台,カラスガダイ,Karasugadai,,,,,,,,0,0,0,0,0,0,1,1,1947-04-17,,0,3111207,,,,,,,,,,,,,,,
082210,0039000,1,茨城県,イバラキケン,Ibaraki,,,,ひたちなか市,ヒタチナカシ,Hitachinaka-shi,,,,北神敷台,キタカミシキダイ,Kitakamishikidai,,,,,,,,0,0,0,0,0,0,1,1,1947-04-17,,0,3111243,,,,,,,,,,,,,,,
082210,0040000,1,茨城県,イバラキケン,Ibaraki,,,,ひたちなか市,ヒタチナカシ,Hitachinaka-shi,,,,共栄町,キョウエイチョウ,Kyoeicho,,,,,,,,0,0,0,0,0,0,1,1,1947-04-17,,0,3120043,,,,,,,,,,,,,,,
082210,0041000,1,茨城県,イバラキケン,Ibaraki,,,,ひたちなか市,ヒタチナカシ,Hitachinaka-shi,,,,国神前,コクジンマエ,Kokujimmae,,,,,,,,0,0,0,0,0,0,1,1,1947-04-17,,0,3111236,,,,,,,,,,,,,,,
082210,0042001,2,茨城県,イバラキケン,Ibaraki,,,,ひたちなか市,ヒタチナカシ,Hitachinaka-shi,,,,小砂町,コスナチョウ,Kosunacho,一丁目,１チョウメ,1,,,,,0,0,0,0,0,0,1,1,1947-04-17,,0,,,,,,,,,,,,,,,,
082210,0042002,2,茨城県,イバラキケン,Ibaraki,,,,ひたちなか市,ヒタチナカシ,Hitachinaka-shi,,,,小砂町,コスナチョウ,Kosunacho,二丁目,２チョウメ,2,,,,,0,0,0,0,0,0,1,1,1947-04-17,,0,,,,,,,,,,,,,,,,
082210,0043000,1,茨城県,イバラキケン,Ibaraki,,,,ひたちなか市,ヒタチナカシ,Hitachinaka-shi,,,,小谷金,コヤガネ,Koyagane,,,,,,,,0,0,0,0,0,0,1,1,1947-04-17,,0,3111253,,,,,,,,,,,,,,,
082210,0044001,2,茨城県,イバラキケン,Ibaraki,,,,ひたちなか市,ヒタチナカシ,Hitachinaka-shi,,,,西光地,サイコウチ,Saikochi,一丁目,１チョウメ,1,,,,,0,0,0,0,0,0,1,1,1947-04-17,,0,,,,,,,,,,,,,,,,
082210,0044002,2,茨城県,イバラキケン,Ibaraki,,,,ひたちなか市,ヒタチナカシ,Hitachinaka-shi,,,,西光地,サイコウチ,Saikochi,二丁目,２チョウメ,2,,,,,0,0,0,0,0,0,1,1,1947-04-17,,0,,,,,,,,,,,,,,,,
082210,0044003,2,茨城県,イバラキケン,Ibaraki,,,,ひたちなか市,ヒタチナカシ,Hitachinaka-shi,,,,西光地,サイコウチ,Saikochi,三丁目,３チョウメ,3,,,,,0,0,0,0,0,0,1,1,1947-04-17,,0,,,,,,,,,,,,,,,,
082210,0045000,1,茨城県,イバラキケン,Ibaraki,,,,ひたちなか市,ヒタチナカシ,Hitachinaka-shi,,,,幸町,サイワイチョウ,Saiwaicho,,,,,,,,0,0,0,0,0,0,1,1,1947-04-17,,0,3111226,,,,,,,,,,,,,,,
082210,0046001,2,茨城県,イバラキケン,Ibaraki,,,,ひたちなか市,ヒタチナカシ,Hitachinaka-shi,,,,栄町,サカエチョウ,Sakaecho,一丁目,１チョウメ,1,,,,,0,0,0,0,0,0,1,1,1947-04-17,,0,,,,,,,,,,,,,,,,
082210,0046002,2,茨城県,イバラキケン,Ibaraki,,,,ひたちなか市,ヒタチナカシ,Hitachinaka-shi,,,,栄町,サカエチョウ,Sakaecho,二丁目,２チョウメ,2,,,,,0,0,0,0,0,0,1,1,1947-04-17,,0,,,,,,,,,,,,,,,,
082210,0047001,2,茨城県,イバラキケン,Ibaraki,,,,ひたちなか市,ヒタチナカシ,Hitachinaka-shi,,,,笹野町,ササノチョウ,Sasanocho,一丁目,１チョウメ,1,,,,,0,0,0,0,0,0,1,1,1947-04-17,,0,,,,,,,,,,,,,,,,
082210,0047002,2,茨城県,イバラキケン,Ibaraki,,,,ひたちなか市,ヒタチナカシ,Hitachinaka-shi,,,,笹野町,ササノチョウ,Sasanocho,二丁目,２チョウメ,2,,,,,0,0,0,0,0,0,1,1,1947-04-17,,0,,,,,,,,,,,,,,,,
082210,0047003,2,茨城県,イバラキケン,Ibaraki,,,,ひたちなか市,ヒタチナカシ,Hitachinaka-shi,,,,笹野町,ササノチョウ,Sasanocho,三丁目,３チョウメ,3,,,,,0,0,0,0,0,0,1,1,1947-04-17,,0,,,,,,,,,,,,,,,,
082210,0048000,1,茨城県,イバラキケン,Ibaraki,,,,ひたちなか市,ヒタチナカシ,Hitachinaka-shi,,,,沢メキ,サワメキ,Sawameki,,,,,,,,0,0,0,0,0,0,1,1,1947-04-17,,0,3111211,,,,,,,,,,,,,,,
082210,0049000,1,茨城県,イバラキケン,Ibaraki,,,,ひたちなか市,ヒタチナカシ,Hitachinaka-shi,,,,獅子前,シシマエ,,,,,,,,,0,0,0,0,0,0,1,1,1947-04-17,,0,,,,,,,,,,,,,,,,
082210,0050000,1,茨城県,イバラキケン,Ibaraki,,,,ひたちなか市,ヒタチナカシ,Hitachinaka-shi,,,,四十発句,シジュウボック,Shijuhotsuku,,,,,,,,0,0,0,0,0,0,1,1,1947-04-17,,0,3111247,,,,,,,,,,,,,,,
082210,0051000,1,茨城県,イバラキケン,Ibaraki,,,,ひたちなか市,ヒタチナカシ,Hitachinaka-shi,,,,釈迦町,シャカマチ,Shakamachi,,,,,,,,0,0,0,0,0,0,1,1,1947-04-17,,0,3111225,,*_MJ025830_*,,,,,,,,,,,,,
082210,0052000,1,茨城県,イバラキケン,Ibaraki,,,,ひたちなか市,ヒタチナカシ,Hitachinaka-shi,,,,十三奉行,ジュウサンブギョウ,Jusambugyo,,,,,,,,0,0,0,0,0,0,1,1,1947-04-17,,0,3111205,,,,,,,,,,,,,,,
082210,0053000,1,茨城県,イバラキケン,Ibaraki,,,,ひたちなか市,ヒタチナカシ,Hitachinaka-shi,,,,新光町,シンコウチョウ,Shinkocho,,,,,,,,0,0,0,0,0,0,1,1,1947-04-17,,0,3120005,,,,,,,,,,,,,,,
082210,0054000,1,茨城県,イバラキケン,Ibaraki,,,,ひたちなか市,ヒタチナカシ,Hitachinaka-shi,,,,関戸,セキド,Sekido,,,,,,,,0,0,0,0,0,0,1,1,1947-04-17,,0,3111237,,,,,,,,,,,,,,,
082210,0055000,1,茨城県,イバラキケン,Ibaraki,,,,ひたちなか市,ヒタチナカシ,Hitachinaka-shi,,,,相金,ソウガネ,,,,,,,,,0,0,0,0,0,0,1,1,1947-04-17,,0,,,,,,,,,,,,,,,,
082210,0056000,1,茨城県,イバラキケン,Ibaraki,,,,ひたちなか市,ヒタチナカシ,Hitachinaka-shi,,,,相金町,ソウガネチョウ,Soganecho,,,,,,,,0,0,0,0,0,0,1,1,1947-04-17,,0,3111246,,,,,,,,,,,,,,,
082210,0057001,2,茨城県,イバラキケン,Ibaraki,,,,ひたちなか市,ヒタチナカシ,Hitachinaka-shi,,,,外野,ソトノ,Sotono,一丁目,１チョウメ,1,,,,,0,0,0,0,0,0,1,1,1947-04-17,,0,,,,,,,,,,,,,,,,
082210,0057002,2,茨城県,イバラキケン,Ibaraki,,,,ひたちなか市,ヒタチナカシ,Hitachinaka-shi,,,,外野,ソトノ,Sotono,二丁目,２チョウメ,2,,,,,0,0,0,0,0,0,1,1,1947-04-17,,0,,,,,,,,,,,,,,,,
082210,0058000,1,茨城県,イバラキケン,Ibaraki,,,,ひたちなか市,ヒタチナカシ,Hitachinaka-shi,,,,大成町,タイセイチョウ,Taiseicho,,,,,,,,0,0,0,0,0,0,1,1,1947-04-17,,0,3120055,,,,,,,,,,,,,,,
082210,0059000,1,茨城県,イバラキケン,Ibaraki,,,,ひたちなか市,ヒタチナカシ,Hitachinaka-shi,,,,館山,タテヤマ,Tateyama,,,,,,,,0,0,0,0,0,0,1,1,1947-04-17,,0,3111245,,,,,,,,,,,,,,,
082210,0060000,1,茨城県,イバラキケン,Ibaraki,,,,ひたちなか市,ヒタチナカシ,Hitachinaka-shi,,,,田中後,タナカウシロ,Tanakaushiro,,,,,,,,0,0,0,0,0,0,1,1,1947-04-17,,0,3111235,,,,,,,,,,,,,,,
082210,0061000,1,茨城県,イバラキケン,Ibaraki,,,,ひたちなか市,ヒタチナカシ,Hitachinaka-shi,,,,田宮原,タミヤハラ,Tamiyahara,,,,,,,,0,0,0,0,0,0,1,1,1947-04-17,,0,3111248,,,,,,,,,,,,,,,
082210,0062001,2,茨城県,イバラキケン,Ibaraki,,,,ひたちなか市,ヒタチナカシ,Hitachinaka-shi,,,,津田東,ツダヒガシ,Tsudahigashi,一丁目,１チョウメ,1,,,,,0,0,0,0,0,0,1,1,1947-04-17,,0,,,,,,,,,,,,,,,,
082210,0062002,2,茨城県,イバラキケン,Ibaraki,,,,ひたちなか市,ヒタチナカシ,Hitachinaka-shi,,,,津田東,ツダヒガシ,Tsudahigashi,二丁目,２チョウメ,2,,,,,0,0,0,0,0,0,1,1,1947-04-17,,0,,,,,,,,,,,,,,,,
082210,0062003,2,茨城県,イバラキケン,Ibaraki,,,,ひたちなか市,ヒタチナカシ,Hitachinaka-shi,,,,津田東,ツダヒガシ,Tsudahigashi,三丁目,３チョウメ,3,,,,,0,0,0,0,0,0,1,1,1947-04-17,,0,,,,,,,,,,,,,,,,
082210,0062004,2,茨城県,イバラキケン,Ibaraki,,,,ひたちなか市,ヒタチナカシ,Hitachinaka-shi,,,,津田東,ツダヒガシ,Tsudahigashi,四丁目,４チョウメ,4,,,,,0,0,0,0,0,0,1,1,1947-04-17,,0,,,,,,,,,,,,,,,,
082210,0063000,1,茨城県,イバラキケン,Ibaraki,,,,ひたちなか市,ヒタチナカシ,Hitachinaka-shi,,,,鶴代,ツルシロ,Tsurushiro,,,,,,,,0,0,0,0,0,0,1,1,1947-04-17,,0,3111261,,,,,,,,,,,,,,,
082210,0064000,1,茨城県,イバラキケン,Ibaraki,,,,ひたちなか市,ヒタチナカシ,Hitachinaka-shi,,,,洞下町,ドウシタチョウ,Doshitacho,,,,,,,,0,0,0,0,0,0,1,1,1947-04-17,,0,3111227,,,,,,,,,,,,,,,
082210,0065001,2,茨城県,イバラキケン,Ibaraki,,,,ひたちなか市,ヒタチナカシ,Hitachinaka-shi,,,,堂端,ドウハタ,Dohata,一丁目,１チョウメ,1,,,,,0,0,0,0,0,0,1,1,1947-04-17,,0,,,,,,,,,,,,,,,,
082210,0065002,2,茨城県,イバラキケン,Ibaraki,,,,ひたちなか市,ヒタチナカシ,Hitachinaka-shi,,,,堂端,ドウハタ,Dohata,二丁目,２チョウメ,2,,,,,0,0,0,0,0,0,1,1,1947-04-17,,0,,,,,,,,,,,,,,,,
082210,0066000,1,茨城県,イバラキケン,Ibaraki,,,,ひたちなか市,ヒタチナカシ,Hitachinaka-shi,,,,道メキ,ドウメキ,Domeki,,,,,,,,0,0,0,0,0,0,1,1,1947-04-17,,0,3111262,,,,,,,,,,,,,,,
082210,0067001,2,茨城県,イバラキケン,Ibaraki,,,,ひたちなか市,ヒタチナカシ,Hitachinaka-shi,,,,殿山町,トノヤマチョウ,Tonoyamacho,一丁目,１チョウメ,1,,,,,0,0,0,0,0,0,1,1,1947-04-17,,0,,,,,,,,,,,,,,,,
082210,0067002,2,茨城県,イバラキケン,Ibaraki,,,,ひたちなか市,ヒタチナカシ,Hitachinaka-shi,,,,殿山町,トノヤマチョウ,Tonoyamacho,二丁目,２チョウメ,2,,,,,0,0,0,0,0,0,1,1,1947-04-17,,0,,,,,,,,,,,,,,,,
082210,0068001,2,茨城県,イバラキケン,Ibaraki,,,,ひたちなか市,ヒタチナカシ,Hitachinaka-shi,,,,長堀町,ナガホリチョウ,Nagahoricho,一丁目,１チョウメ,1,,,,,0,0,0,0,0,0,1,1,1947-04-17,,0,,,,,,,,,,,,,,,,
082210,0068002,2,茨城県,イバラキケン,Ibaraki,,,,ひたちなか市,ヒタチナカシ,Hitachinaka-shi,,,,長堀町,ナガホリチョウ,Nagahoricho,二丁目,２チョウメ,2,,,,,0,0,0,0,0,0,1,1,1947-04-17,,0,,,,,,,,,,,,,,,,
082210,0068003,2,茨城県,イバラキケン,Ibaraki,,,,ひたちなか市,ヒタチナカシ,Hitachinaka-shi,,,,長堀町,ナガホリチョウ,Nagahoricho,三丁目,３チョウメ,3,,,,,0,0,0,0,0,0,1,1,1947-04-17,,0,,,,,,,,,,,,,,,,
082210,0069000,1,茨城県,イバラキケン,Ibaraki,,,,ひたちなか市,ヒタチナカシ,Hitachinaka-shi,,,,ナメシ,ナメシ,,,,,,,,,0,0,0,0,0,0,1,1,1947-04-17,,0,,,,,,,,,,,,,,,,
082210,0070000,1,茨城県,イバラキケン,Ibaraki,,,,ひたちなか市,ヒタチナカシ,Hitachinaka-shi,,,,新堤,ニイヅツミ,Niizutsumi,,,,,,,,0,0,0,0,0,0,1,1,1947-04-17,,0,3111254,,,,,,,,,,,,,,,
082210,0071000,1,茨城県,イバラキケン,Ibaraki,,,,ひたちなか市,ヒタチナカシ,Hitachinaka-shi,,,,西赤坂,ニシアカサカ,Nishiakasaka,,,,,,,,0,0,0,0,0,0,1,1,1947-04-17,,0,3111242,,,,,,,,,,,,,,,
082210,0072001,2,茨城県,イバラキケン,Ibaraki,,,,ひたちなか市,ヒタチナカシ,Hitachinaka-shi,,,,西大島,ニシオオシマ,Nishioshima,一丁目,１チョウメ,1,,,,,0,0,0,0,0,0,1,1,1947-04-17,,0,,,,,,,,,,,,,,,,
082210,0072002,2,茨城県,イバラキケン,Ibaraki,,,,ひたちなか市,ヒタチナカシ,Hitachinaka-shi,,,,西大島,ニシオオシマ,Nishioshima,二丁目,２チョウメ,2,,,,,0,0,0,0,0,0,1,1,1947-04-17,,0,,,,,,,,,,,,,,,,
082210,0072003,2,茨城県,イバラキケン,Ibaraki,,,,ひたちなか市,ヒタチナカシ,Hitachinaka-shi,,,,西大島,ニシオオシマ,Nishioshima,三丁目,３チョウメ,3,,,,,0,0,0,0,0,0,1,1,1947-04-17,,0,,,,,,,,,,,,,,,,
082210,0073000,1,茨城県,イバラキケン,Ibaraki,,,,ひたちなか市,ヒタチナカシ,Hitachinaka-shi,,,,西十三奉行,ニシジュウサンブギョウ,Nishijusambugyo,,,,,,,,0,0,0,0,0,0,1,1,1947-04-17,,0,3111206,,,,,,,,,,,,,,,
082210,0074001,2,茨城県,イバラキケン,Ibaraki,,,,ひたちなか市,ヒタチナカシ,Hitachinaka-shi,,,,はしかべ,ハシカベ,Hashikabe,一丁目,１チョウメ,1,,,,,0,0,0,0,0,0,1,1,1947-04-17,,0,,,,,,,,,,,,,,,,
082210,0074002,2,茨城県,イバラキケン,Ibaraki,,,,ひたちなか市,ヒタチナカシ,Hitachinaka-shi,,,,はしかべ,ハシカベ,Hashikabe,二丁目,２チョウメ,2,,,,,0,0,0,0,0,0,1,1,1947-04-17,,0,,,,,,,,,,,,,,,,
082210,0075000,1,茨城県,イバラキケン,Ibaraki,,,,ひたちなか市,ヒタチナカシ,Hitachinaka-shi,,,,八幡町,ハチマンチョウ,Hachimancho,,,,,,,,0,0,0,0,0,0,1,1,1947-04-17,,0,3111228,,,,,,,,,,,,,,,
082210,0076001,2,茨城県,イバラキケン,Ibaraki,,,,ひたちなか市,ヒタチナカシ,Hitachinaka-shi,,,,東石川,ヒガシイシカワ,Higashiishikawa,一丁目,１チョウメ,1,,,,,0,0,0,0,0,0,1,1,1947-04-17,,0,,,,,,,,,,,,,,,,
082210,0076002,2,茨城県,イバラキケン,Ibaraki,,,,ひたちなか市,ヒタチナカシ,Hitachinaka-shi,,,,東石川,ヒガシイシカワ,Higashiishikawa,二丁目,２チョウメ,2,,,,,0,0,0,0,0,0,1,1,1947-04-17,,0,,,,,,,,,,,,,,,,
082210,0076003,2,茨城県,イバラキケン,Ibaraki,,,,ひたちなか市,ヒタチナカシ,Hitachinaka-shi,,,,東石川,ヒガシイシカワ,Higashiishikawa,三丁目,３チョウメ,3,,,,,0,0,0,0,0,0,1,1,1947-04-17,,0,,,,,,,,,,,,,,,,
082210,0077001,2,茨城県,イバラキケン,Ibaraki,,,,ひたちなか市,ヒタチナカシ,Hitachinaka-shi,,,,東大島,ヒガシオオシマ,Higashioshima,一丁目,１チョウメ,1,,,,,0,0,0,0,0,0,1,1,1947-04-17,,0,,,,,,,,,,,,,,,,
082210,0077002,2,茨城県,イバラキケン,Ibaraki,,,,ひたちなか市,ヒタチナカシ,Hitachinaka-shi,,,,東大島,ヒガシオオシマ,Higashioshima,二丁目,２チョウメ,2,,,,,0,0,0,0,0,0,1,1,1947-04-17,,0,,,,,,,,,,,,,,,,
082210,0077003,2,茨城県,イバラキケン,Ibaraki,,,,ひたちなか市,ヒタチナカシ,Hitachinaka-shi,,,,東大島,ヒガシオオシマ,Higashioshima,三丁目,３チョウメ,3,,,,,0,0,0,0,0,0,1,1,1947-04-17,,0,,,,,,,,,,,,,,,,
082210,0077004,2,茨城県,イバラキケン,Ibaraki,,,,ひたちなか市,ヒタチナカシ,Hitachinaka-shi,,,,東大島,ヒガシオオシマ,Higashioshima,四丁目,４チョウメ,4,,,,,0,0,0,0,0,0,1,1,1947-04-17,,0,,,,,,,,,,,,,,,,
082210,0078000,1,茨城県,イバラキケン,Ibaraki,,,,ひたちなか市,ヒタチナカシ,Hitachinaka-shi,,,,東本町,ヒガシホンチョウ,Higashihoncho,,,,,,,,0,0,0,0,0,0,1,1,1947-04-17,,0,3111215,,,,,,,,,,,,,,,
082210,0079000,1,茨城県,イバラキケン,Ibaraki,,,,ひたちなか市,ヒタチナカシ,Hitachinaka-shi,,,,平磯町,ヒライソチョウ,Hiraisocho,,,,,,,,0,0,0,0,0,0,1,1,1947-04-17,,0,3111203,,,,,,,,,,,,,,,
082210,0080000,1,茨城県,イバラキケン,Ibaraki,,,,ひたちなか市,ヒタチナカシ,Hitachinaka-shi,,,,平磯遠原町,ヒライソトオハラチョウ,Hiraisotoharacho,,,,,,,,0,0,0,0,0,0,1,1,1947-04-17,,0,3111204,,,,,,,,,,,,,,,
082210,0081000,1,茨城県,イバラキケン,Ibaraki,,,,ひたちなか市,ヒタチナカシ,Hitachinaka-shi,,,,富士ノ上,フジノウエ,Fujinoe,,,,,,,,0,0,0,0,0,0,1,1,1947-04-17,,0,3111218,,,,,,,,,,,,,,,
082210,0082000,1,茨城県,イバラキケン,Ibaraki,,,,ひたちなか市,ヒタチナカシ,Hitachinaka-shi,,,,船窪,フナクボ,Funakubo,,,,,,,,0,0,0,0,0,0,1,1,1947-04-17,,0,3111266,,,,,,,,,,,,,,,
082210,0083000,1,茨城県,イバラキケン,Ibaraki,,,,ひたちなか市,ヒタチナカシ,Hitachinaka-shi,,,,部田野,ヘタノ,Hetano,,,,,,,,0,0,0,0,0,0,1,1,1947-04-17,,0,3111252,,,,,,,,,,,,,,,
082210,0084000,1,茨城県,イバラキケン,Ibaraki,,,,ひたちなか市,ヒタチナカシ,Hitachinaka-shi,,,,堀川,ホリカワ,Horikawa,,,,,,,,0,0,0,0,0,0,1,1,1947-04-17,,0,3111233,,,,,,,,,,,,,,,
082210,0085001,2,茨城県,イバラキケン,Ibaraki,,,,ひたちなか市,ヒタチナカシ,Hitachinaka-shi,,,,松戸町,マツドチョウ,Matsudocho,一丁目,１チョウメ,1,,,,,0,0,0,0,0,0,1,1,1947-04-17,,0,,,,,,,,,,,,,,,,
082210,0085002,2,茨城県,イバラキケン,Ibaraki,,,,ひたちなか市,ヒタチナカシ,Hitachinaka-shi,,,,松戸町,マツドチョウ,Matsudocho,二丁目,２チョウメ,2,,,,,0,0,0,0,0,0,1,1,1947-04-17,,0,,,,,,,,,,,,,,,,
082210,0085003,2,茨城県,イバラキケン,Ibaraki,,,,ひたちなか市,ヒタチナカシ,Hitachinaka-shi,,,,松戸町,マツドチョウ,Matsudocho,三丁目,３チョウメ,3,,,,,0,0,0,0,0,0,1,1,1947-04-17,,0,,,,,,,,,,,,,,,,
082210,0086000,1,茨城県,イバラキケン,Ibaraki,,,,ひたちなか市,ヒタチナカシ,Hitachinaka-shi,,,,廻り目,マワリメ,Mawarime,,,,,,,,0,0,0,0,0,0,1,1,1947-04-17,,0,3111267,,,,,,,,,,,,,,,
082210,0087000,1,茨城県,イバラキケン,Ibaraki,,,,ひたちなか市,ヒタチナカシ,Hitachinaka-shi,,,,美田多町,ミタダチョウ,Mitadacho,,,,,,,,0,0,0,0,0,0,1,1,1947-04-17,,0,3111238,,,,,,,,,,,,,,,
082210,0088000,1,茨城県,イバラキケン,Ibaraki,,,,ひたちなか市,ヒタチナカシ,Hitachinaka-shi,,,,湊泉町,ミナトイズミチョウ,Minatoizumicho,,,,,,,,0,0,0,0,0,0,1,1,1947-04-17,,0,3111216,,,,,,,,,,,,,,,
082210,0089001,2,茨城県,イバラキケン,Ibaraki,,,,ひたちなか市,ヒタチナカシ,Hitachinaka-shi,,,,湊中央,ミナトチュウオウ,Minatochuo,一丁目,１チョウメ,1,,,,,0,0,0,0,0,0,1,1,1947-04-17,,0,,,,,,,,,,,,,,,,
082210,0089002,2,茨城県,イバラキケン,Ibaraki,,,,ひたちなか市,ヒタチナカシ,Hitachinaka-shi,,,,湊中央,ミナトチュウオウ,Minatochuo,二丁目,２チョウメ,2,,,,,0,0,0,0,0,0,1,1,1947-04-17,,0,,,,,,,,,,,,,,,,
082210,0090000,1,茨城県,イバラキケン,Ibaraki,,,,ひたちなか市,ヒタチナカシ,Hitachinaka-shi,,,,湊中原,ミナトナカハラ,Minatonakahara,,,,,,,,0,0,0,0,0,0,1,1,1947-04-17,,0,3111268,,,,,,,,,,,,,,,
082210,0091000,1,茨城県,イバラキケン,Ibaraki,,,,ひたちなか市,ヒタチナカシ,Hitachinaka-shi,,,,湊本町,ミナトホンチョウ,Minatohoncho,,,,,,,,0,0,0,0,0,0,1,1,1947-04-17,,0,3111221,,,,,,,,,,,,,,,
082210,0092000,1,茨城県,イバラキケン,Ibaraki,,,,ひたちなか市,ヒタチナカシ,Hitachinaka-shi,,,,南神敷台,ミナミカミシキダイ,Minamikamishikidai,,,,,,,,0,0,0,0,0,0,1,1,1947-04-17,,0,3111244,,,,,,,,,,,,,,,
082210,0093000,1,茨城県,イバラキケン,Ibaraki,,,,ひたちなか市,ヒタチナカシ,Hitachinaka-shi,,,,峰後,ミネウシロ,Mineushiro,,,,,,,,0,0,0,0,0,0,1,1,1947-04-17,,0,3111234,,,,,,,,,,,,,,,
082210,0094000,1,茨城県,イバラキケン,Ibaraki,,,,ひたちなか市,ヒタチナカシ,Hitachinaka-shi,,,,狢谷津,ムジナヤツ,Mujinayatsu,,,,,,,,0,0,0,0,0,0,1,1,1947-04-17,,0,3111265,,,,,,,,,,,,,,,
082210,0095000,1,茨城県,イバラキケン,Ibaraki,,,,ひたちなか市,ヒタチナカシ,Hitachinaka-shi,,,,元町,モトマチ,Motomachi,,,,,,,,0,0,0,0,0,0,1,1,1947-04-17,,0,3120044,,,,,,,,,,,,,,,
082210,0096000,1,茨城県,イバラキケン,Ibaraki,,,,ひたちなか市,ヒタチナカシ,Hitachinaka-shi,,,,柳が丘,ヤナギガオカ,Yanagigaoka,,,,,,,,0,0,0,0,0,0,1,1,1947-04-17,,0,3111232,,,,,,,,,,,,,,,
082210,0097000,1,茨城県,イバラキケン,Ibaraki,,,,ひたちなか市,ヒタチナカシ,Hitachinaka-shi,,,,柳沢,ヤナギサワ,Yanagisawa,,,,,,,,0,0,0,0,0,0,1,1,1947-04-17,,0,3111231,,,,,,,,,,,,,,,
082210,0098000,1,茨城県,イバラキケン,Ibaraki,,,,ひたちなか市,ヒタチナカシ,Hitachinaka-shi,,,,山崎,ヤマザキ,Yamazaki,,,,,,,,0,0,0,0,0,0,1,1,1947-04-17,,0,3111251,,,,,,,,,,,,,,,
082210,0099000,1,茨城県,イバラキケン,Ibaraki,,,,ひたちなか市,ヒタチナカシ,Hitachinaka-shi,,,,山ノ上町,ヤマノウエチョウ,Yamanoecho,,,,,,,,0,0,0,0,0,0,1,1,1947-04-17,,0,3111224,,,,,,,,,,,,,,,
082210,0100001,2,茨城県,イバラキケン,Ibaraki,,,,ひたちなか市,ヒタチナカシ,Hitachinaka-shi,,,,和田町,ワダチョウ,Wadacho,一丁目,１チョウメ,1,,,,,0,0,0,0,0,0,1,1,1947-04-17,,0,,,,,,,,,,,,,,,,
082210,0100002,2,茨城県,イバラキケン,Ibaraki,,,,ひたちなか市,ヒタチナカシ,Hitachinaka-shi,,,,和田町,ワダチョウ,Wadacho,二丁目,２チョウメ,2,,,,,0,0,0,0,0,0,1,1,1947-04-17,,0,,,,,,,,,,,,,,,,
082210,0100003,2,茨城県,イバラキケン,Ibaraki,,,,ひたちなか市,ヒタチナカシ,Hitachinaka-shi,,,,和田町,ワダチョウ,Wadacho,三丁目,３チョウメ,3,,,,,0,0,0,0,0,0,1,1,1947-04-17,,0,,,,,,,,,,,,,,,,
082210,0101000,1,茨城県,イバラキケン,Ibaraki,,,,ひたちなか市,ヒタチナカシ,Hitachinaka-shi,,,,大字稲田,オオアザイナダ,Inada,,,,,,,,0,0,0,0,0,0,1,1,1947-04-17,,0,3120061,,,,,,,,,,,,,,,
082210,0102001,2,茨城県,イバラキケン,Ibaraki,,,,ひたちなか市,ヒタチナカシ,Hitachinaka-shi,,,,稲田,イナダ,Inada,一丁目,１チョウメ,1,,,,,0,0,0,0,0,0,1,1,1947-04-17,,0,,,,,,,,,,,,,,,,
082210,0102002,2,茨城県,イバラキケン,Ibaraki,,,,ひたちなか市,ヒタチナカシ,Hitachinaka-shi,,,,稲田,イナダ,Inada,二丁目,２チョウメ,2,,,,,0,0,0,0,0,0,1,1,1947-04-17,,0,,,,,,,,,,,,,,,,
082210,0103001,2,茨城県,イバラキケン,Ibaraki,,,,ひたちなか市,ヒタチナカシ,Hitachinaka-shi,,,,高場,タカバ,Takaba,一丁目,１チョウメ,1,,,,,0,0,0,0,0,0,1,1,1947-04-17,,0,,,,,,,,,,,,,,,,
082210,0103002,2,茨城県,イバラキケン,Ibaraki,,,,ひたちなか市,ヒタチナカシ,Hitachinaka-shi,,,,高場,タカバ,Takaba,二丁目,２チョウメ,2,,,,,0,0,0,0,0,0,1,1,1947-04-17,,0,,,,,,,,,,,,,,,,
082210,0103003,2,茨城県,イバラキケン,Ibaraki,,,,ひたちなか市,ヒタチナカシ,Hitachinaka-shi,,,,高場,タカバ,Takaba,三丁目,３チョウメ,3,,,,,0,0,0,0,0,0,1,1,1947-04-17,,0,,,,,,,,,,,,,,,,
082210,0103004,2,茨城県,イバラキケン,Ibaraki,,,,ひたちなか市,ヒタチナカシ,Hitachinaka-shi,,,,高場,タカバ,Takaba,四丁目,４チョウメ,4,,,,,0,0,0,0,0,0,1,1,1947-04-17,,0,,,,,,,,,,,,,,,,
082210,0103005,2,茨城県,イバラキケン,Ibaraki,,,,ひたちなか市,ヒタチナカシ,Hitachinaka-shi,,,,高場,タカバ,Takaba,五丁目,５チョウメ,5,,,,,0,0,0,0,0,0,1,1,1947-04-17,,0,,,,,,,,,,,,,,,,
082210,0103006,2,茨城県,イバラキケン,Ibaraki,,,,ひたちなか市,ヒタチナカシ,Hitachinaka-shi,,,,高場,タカバ,Takaba,六丁目,６チョウメ,6,,,,,0,0,0,0,0,0,1,1,1947-04-17,,0,,,,,,,,,,,,,,,,
082210,0104000,1,茨城県,イバラキケン,Ibaraki,,,,ひたちなか市,ヒタチナカシ,Hitachinaka-shi,,,,大字高場,オオアザタカバ,Takaba,,,,,,,,0,0,0,0,0,0,1,1,1947-04-17,,0,3120062,,,,,,,,,,,,,,,
082210,0105000,1,茨城県,イバラキケン,Ibaraki,,,,ひたちなか市,ヒタチナカシ,Hitachinaka-shi,,,,大字高野,オオアザコウヤ,Koya,,,,,,,,0,0,0,0,0,0,1,1,1947-04-17,,0,3120002,,,,,,,,,,,,,,,
082210,0106000,1,茨城県,イバラキケン,Ibaraki,,,,ひたちなか市,ヒタチナカシ,Hitachinaka-shi,,,,大字長砂,オオアザナガスナ,Nagasuna,,,,,,,,0,0,0,0,0,0,1,1,1947-04-17,,0,3120004,,,,,,,,,,,,,,,
082210,0107000,1,茨城県,イバラキケン,Ibaraki,,,,ひたちなか市,ヒタチナカシ,Hitachinaka-shi,,,,横堰,ヨコゼキ,,,,,,,,,0,0,0,0,0,0,1,1,1947-04-17,,0,,,,,,,,,,,,,,,,
082210,0108000,1,茨城県,イバラキケン,Ibaraki,,,,ひたちなか市,ヒタチナカシ,Hitachinaka-shi,,,,横田,ヨコタ,,,,,,,,,0,0,0,0,0,0,1,1,1947-04-17,,0,,,,,,,,,,,,,,,,
082210,0109000,1,茨城県,イバラキケン,Ibaraki,,,,ひたちなか市,ヒタチナカシ,Hitachinaka-shi,,,,曲田,マガリダ,,,,,,,,,0,0,0,0,0,0,1,1,1947-04-17,,0,,,,,,,,,,,,,,,,
082210,0110000,1,茨城県,イバラキケン,Ibaraki,,,,ひたちなか市,ヒタチナカシ,Hitachinaka-shi,,,,渚,ナギサ,,,,,,,,,0,0,0,0,0,0,1,1,1947-04-17,,0,,,,,,,,,,,,,,,,
082210,0111000,1,茨城県,イバラキケン,Ibaraki,,,,ひたちなか市,ヒタチナカシ,Hitachinaka-shi,,,,神敷台,カミシキダイ,,,,,,,,,0,0,0,0,0,0,1,1,1947-04-17,,0,,,,,,,,,,,,,,,,
082210,0112000,1,茨城県,イバラキケン,Ibaraki,,,,ひたちなか市,ヒタチナカシ,Hitachinaka-shi,,,,西鶴子田,ニシツルゴダ,,,,,,,,,0,0,0,0,0,0,1,1,1947-04-17,,0,,,,,,,,,,,,,,,,
082210,0113000,1,茨城県,イバラキケン,Ibaraki,,,,ひたちなか市,ヒタチナカシ,Hitachinaka-shi,,,,扇田谷津,オウギダヤツ,,,,,,,,,0,0,0,0,0,0,1,1,1947-04-17,,0,,,,,,,,,,,,,,,,
082210,0114000,1,茨城県,イバラキケン,Ibaraki,,,,ひたちなか市,ヒタチナカシ,Hitachinaka-shi,,,,鍛冶屋窪,カジヤクボ,,,,,,,,,0,0,0,0,0,0,1,1,1947-04-17,,0,,,,,,,,,,,,,,,,
082210,0115000,1,茨城県,イバラキケン,Ibaraki,,,,ひたちなか市,ヒタチナカシ,Hitachinaka-shi,,,,鶴子田,ツルゴダ,,,,,,,,,0,0,0,0,0,0,1,1,1947-04-17,,0,,,,,,,,,,,,,,,,
082210,0116000,1,茨城県,イバラキケン,Ibaraki,,,,ひたちなか市,ヒタチナカシ,Hitachinaka-shi,,,,東塚原,ヒガシツカハラ,,,,,,,,,0,0,0,0,0,0,1,1,1947-04-17,,0,,,,,,,,,,,,,,,,
082210,0117000,1,茨城県,イバラキケン,Ibaraki,,,,ひたちなか市,ヒタチナカシ,Hitachinaka-shi,,,,洞下,ドウシタ,,,,,,,,,0,0,0,0,0,0,1,1,1947-04-17,,0,,,,,,,,,,,,,,,,
082210,0118000,1,茨城県,イバラキケン,Ibaraki,,,,ひたちなか市,ヒタチナカシ,Hitachinaka-shi,,,,富士ノ下,フジノシタ,Fujinoshita,,,,,,,,0,0,0,0,0,0,1,1,1947-04-17,,0,3111217,,,,,,,,,,,,,,,
082210,0119000,1,茨城県,イバラキケン,Ibaraki,,,,ひたちなか市,ヒタチナカシ,Hitachinaka-shi,,,,涌井戸,ワクイド,,,,,,,,,0,0,0,0,0,0,1,1,1947-04-17,,0,,,,,,,,,,,,,,,,
082210,0120000,1,茨城県,イバラキケン,Ibaraki,,,,ひたちなか市,ヒタチナカシ,Hitachinaka-shi,,,,宇津木下,ウツギシタ,,,,,,,,,0,0,0,0,0,0,1,0,1947-04-17,,1,,,,,,,,,,,,,,,,
082210,0121000,1,茨城県,イバラキケン,Ibaraki,,,,ひたちなか市,ヒタチナカシ,Hitachinaka-shi,,,,曲目,マガリメ,,,,,,,,,0,0,0,0,0,0,1,0,1947-04-17,,1,,,,,,,,,,,,,,,,
082210,0122000,1,茨城県,イバラキケン,Ibaraki,,,,ひたちなか市,ヒタチナカシ,Hitachinaka-shi,,,,西塚原,ニシツカハラ,,,,,,,,,0,0,0,0,0,0,1,0,1947-04-17,,1,,,,,,,,,,,,,,,,
082228,0001001,2,茨城県,イバラキケン,Ibaraki,,,,鹿嶋市,カシマシ,Kashima-shi,,,,旭ケ丘,アサヒガオカ,Asahigaoka,１丁目,１チョウメ,1,,,,,0,0,0,0,0,0,1,1,1947-04-17,,0,,,,,,,,,,,,,,,,
082228,0001002,2,茨城県,イバラキケン,Ibaraki,,,,鹿嶋市,カシマシ,Kashima-shi,,,,旭ケ丘,アサヒガオカ,Asahigaoka,２丁目,２チョウメ,2,,,,,0,0,0,0,0,0,1,1,1947-04-17,,0,,,,,,,,,,,,,,,,
082228,0002000,1,茨城県,イバラキケン,Ibaraki,,,,鹿嶋市,カシマシ,Kashima-shi,,,,大字粟生,オオアザアオウ,Ao,,,,,,,,0,0,0,0,0,0,1,1,1947-04-17,,0,3140021,,,,,,,,,,,,,,,
082228,0003000,1,茨城県,イバラキケン,Ibaraki,,,,鹿嶋市,カシマシ,Kashima-shi,,,,大字青塚,オオアザアオツカ,Aotsuka,,,,,,,,0,0,0,0,0,0,1,1,1947-04-17,,0,3112211,,,,,,,,,,,,,,,
082228,0004000,1,茨城県,イバラキケン,Ibaraki,,,,鹿嶋市,カシマシ,Kashima-shi,,,,大字明石,オオアザアカシ,Akashi,,,,,,,,0,0,0,0,0,0,1,1,1947-04-17,,0,3140002,,,,,,,,,,,,,,,
082228,0005000,1,茨城県,イバラキケン,Ibaraki,,,,鹿嶋市,カシマシ,Kashima-shi,,,,大字荒井,オオアザアライ,Arai,,,,,,,,0,0,0,0,0,0,1,1,1947-04-17,,0,3112204,,,,,,,,,,,,,,,
082228,0006000,1,茨城県,イバラキケン,Ibaraki,,,,鹿嶋市,カシマシ,Kashima-shi,,,,大字泉川,オオアザイズミガワ,Izumigawa,,,,,,,,0,0,0,0,0,0,1,1,1947-04-17,,0,3140015,,,,,,,,,,,,,,,
082228,0007000,1,茨城県,イバラキケン,Ibaraki,,,,鹿嶋市,カシマシ,Kashima-shi,,,,大字大船津,オオアザオオフナツ,Ofunatsu,,,,,,,,0,0,0,0,0,0,1,1,1947-04-17,,0,3140036,,,,,,,,,,,,,,,
082228,0008000,1,茨城県,イバラキケン,Ibaraki,,,,鹿嶋市,カシマシ,Kashima-shi,,,,大字和,オオアザカズ,Kazu,,,,,,,,0,0,0,0,0,0,1,1,1947-04-17,,0,3112215,,,,,,,,,,,,,,,
082228,0009000,1,茨城県,イバラキケン,Ibaraki,,,,鹿嶋市,カシマシ,Kashima-shi,,,,大字木滝,オオアザキタキ,Kitaki,,,,,,,,0,0,0,0,0,0,1,1,1947-04-17,,0,3140028,,,,,,,,,,,,,,,
082228,0010000,1,茨城県,イバラキケン,Ibaraki,,,,鹿嶋市,カシマシ,Kashima-shi,,,,大字木滝佐田下塙谷原入会,オオアザキタキサタシモハナワヤワライリアイ,,,,,,,,,0,0,0,0,0,0,1,0,1947-04-17,,0,,,,,,,,,,,,,,,,
082228,0011000,1,茨城県,イバラキケン,Ibaraki,,,,鹿嶋市,カシマシ,Kashima-shi,,,,大字木滝佐田谷原入会,オオアザキタキサダヤワライリアイ,Kitakisadayawarairiai,,,,,,,,0,0,0,0,0,0,1,1,1947-04-17,,0,3140026,,,,,,,,,,,,,,,
082228,0012000,1,茨城県,イバラキケン,Ibaraki,,,,鹿嶋市,カシマシ,Kashima-shi,,,,大字宮中,オオアザキュウチュウ,Kyuchu,,,,,,,,0,0,0,0,0,0,1,1,1947-04-17,,0,3140031,,,,,,,,,,,,,,,
082228,0013000,1,茨城県,イバラキケン,Ibaraki,,,,鹿嶋市,カシマシ,Kashima-shi,,,,大字国末,オオアザクニスエ,Kunisue,,,,,,,,0,0,0,0,0,0,1,1,1947-04-17,,0,3140016,,,,,,,,,,,,,,,
082228,0014000,1,茨城県,イバラキケン,Ibaraki,,,,鹿嶋市,カシマシ,Kashima-shi,,,,大字荒野,オオアザコウヤ,Koya,,,,,,,,0,0,0,0,0,0,1,1,1947-04-17,,0,3112221,,,,,,,,,,,,,,,
082228,0015000,1,茨城県,イバラキケン,Ibaraki,,,,鹿嶋市,カシマシ,Kashima-shi,,,,大字小宮作,オオアザコミヤサク,Komiyasaku,,,,,,,,0,0,0,0,0,0,1,1,1947-04-17,,0,3140003,,,,,,,,,,,,,,,
082228,0016000,1,茨城県,イバラキケン,Ibaraki,,,,鹿嶋市,カシマシ,Kashima-shi,,,,大字小山,オオアザコヤマ,Koyama,,,,,,,,0,0,0,0,0,0,1,1,1947-04-17,,0,3112222,,,,,,,,,,,,,,,
082228,0017000,1,茨城県,イバラキケン,Ibaraki,,,,鹿嶋市,カシマシ,Kashima-shi,,,,大字佐田,オオアザサタ,Sada,,,,,,,,0,0,0,0,0,0,1,1,1947-04-17,,0,3140027,,,,,,,,,,,,,,,
082228,0018000,1,茨城県,イバラキケン,Ibaraki,,,,鹿嶋市,カシマシ,Kashima-shi,,,,大字猿田,オオアザサルタ,Saruta,,,,,,,,0,0,0,0,0,0,1,1,1947-04-17,,0,3140044,,,,,,,,,,,,,,,
082228,0019000,1,茨城県,イバラキケン,Ibaraki,,,,鹿嶋市,カシマシ,Kashima-shi,,,,大字志崎,オオアザシザキ,Shizaki,,,,,,,,0,0,0,0,0,0,1,1,1947-04-17,,0,3112207,,,,,,,,,,,,,,,
082228,0020000,1,茨城県,イバラキケン,Ibaraki,,,,鹿嶋市,カシマシ,Kashima-shi,,,,大字清水,オオアザシミズ,Shimizu,,,,,,,,0,0,0,0,0,0,1,1,1947-04-17,,0,3140001,,,,,,,,,,,,,,,
082228,0021000,1,茨城県,イバラキケン,Ibaraki,,,,鹿嶋市,カシマシ,Kashima-shi,,,,大字下塙,オオアザシモハナワ,Shimohanawa,,,,,,,,0,0,0,0,0,0,1,1,1947-04-17,,0,3140025,,,,,,,,,,,,,,,
082228,0022000,1,茨城県,イバラキケン,Ibaraki,,,,鹿嶋市,カシマシ,Kashima-shi,,,,大字神向寺,オオアザジンコウジ,Jinkoji,,,,,,,,0,0,0,0,0,0,1,1,1947-04-17,,0,3140007,,,,,,,,,,,,,,,
082228,0023000,1,茨城県,イバラキケン,Ibaraki,,,,鹿嶋市,カシマシ,Kashima-shi,,,,大字新浜,オオアザシンハマ,Shinhama,,,,,,,,0,0,0,0,0,0,1,1,1947-04-17,,0,3140013,,,,,,,,,,,,,,,
082228,0024000,1,茨城県,イバラキケン,Ibaraki,,,,鹿嶋市,カシマシ,Kashima-shi,,,,大字須賀,オオアザスカ,Suka,,,,,,,,0,0,0,0,0,0,1,1,1947-04-17,,0,3140047,,,,,,,,,,,,,,,
082228,0025000,1,茨城県,イバラキケン,Ibaraki,,,,鹿嶋市,カシマシ,Kashima-shi,,,,大字大小志崎,オオアザダイショウシザキ,Daishoshizaki,,,,,,,,0,0,0,0,0,0,1,1,1947-04-17,,0,3112201,,,,,,,,,,,,,,,
082228,0026000,1,茨城県,イバラキケン,Ibaraki,,,,鹿嶋市,カシマシ,Kashima-shi,,,,大字武井,オオアザタケイ,Takei,,,,,,,,0,0,0,0,0,0,1,1,1947-04-17,,0,3112206,,,,,,,,,,,,,,,
082228,0027000,1,茨城県,イバラキケン,Ibaraki,,,,鹿嶋市,カシマシ,Kashima-shi,,,,大字武井釜,オオアザタケイガマ,Takeigama,,,,,,,,0,0,0,0,0,0,1,1,1947-04-17,,0,3112202,,,,,,,,,,,,,,,
082228,0028000,1,茨城県,イバラキケン,Ibaraki,,,,鹿嶋市,カシマシ,Kashima-shi,,,,大字棚木,オオアザタナギ,Tanagi,,,,,,,,0,0,0,0,0,0,1,1,1947-04-17,,0,3112214,,,,,,,,,,,,,,,
082228,0029000,1,茨城県,イバラキケン,Ibaraki,,,,鹿嶋市,カシマシ,Kashima-shi,,,,大字田野辺,オオアザタノベ,Tanobe,,,,,,,,0,0,0,0,0,0,1,1,1947-04-17,,0,3140042,,,,,,,,,,,,,,,
082228,0030000,1,茨城県,イバラキケン,Ibaraki,,,,鹿嶋市,カシマシ,Kashima-shi,,,,大字田谷,オオアザタヤ,Taya,,,,,,,,0,0,0,0,0,0,1,1,1947-04-17,,0,3140043,,,,,,,,,,,,,,,
082228,0031000,1,茨城県,イバラキケン,Ibaraki,,,,鹿嶋市,カシマシ,Kashima-shi,,,,大字田谷沼,オオアザタヤヌマ,Tayanuma,,,,,,,,0,0,0,0,0,0,1,1,1947-04-17,,0,3140048,,,,,,,,,,,,,,,
082228,0032000,1,茨城県,イバラキケン,Ibaraki,,,,鹿嶋市,カシマシ,Kashima-shi,,,,大字津賀,オオアザツガ,Tsuga,,,,,,,,0,0,0,0,0,0,1,1,1947-04-17,,0,3112205,,,,,,,,,,,,,,,
082228,0033000,1,茨城県,イバラキケン,Ibaraki,,,,鹿嶋市,カシマシ,Kashima-shi,,,,大字角折,オオアザツノオレ,Tsunore,,,,,,,,0,0,0,0,0,0,1,1,1947-04-17,,0,3112212,,,,,,,,,,,,,,,
082228,0034000,1,茨城県,イバラキケン,Ibaraki,,,,鹿嶋市,カシマシ,Kashima-shi,,,,大字爪木,オオアザツマギ,Tsumagi,,,,,,,,0,0,0,0,0,0,1,1,1947-04-17,,0,3140046,,,,,,,,,,,,,,,
082228,0035000,1,茨城県,イバラキケン,Ibaraki,,,,鹿嶋市,カシマシ,Kashima-shi,,,,大字中,オオアザナカ,Naka,,,,,,,,0,0,0,0,0,0,1,1,1947-04-17,,0,3112213,,,,,,,,,,,,,,,
082228,0036000,1,茨城県,イバラキケン,Ibaraki,,,,鹿嶋市,カシマシ,Kashima-shi,,,,大字長栖,オオアザナガス,Nagasu,,,,,,,,0,0,0,0,0,0,1,1,1947-04-17,,0,3140022,,,,,,,,,,,,,,,
082228,0037000,1,茨城県,イバラキケン,Ibaraki,,,,鹿嶋市,カシマシ,Kashima-shi,,,,大字奈良毛,オオアザナラゲ,Narage,,,,,,,,0,0,0,0,0,0,1,1,1947-04-17,,0,3112224,,,,,,,,,,,,,,,
082228,0038000,1,茨城県,イバラキケン,Ibaraki,,,,鹿嶋市,カシマシ,Kashima-shi,,,,大字沼尾,オオアザヌマオ,Numao,,,,,,,,0,0,0,0,0,0,1,1,1947-04-17,,0,3140041,,,,,,,,,,,,,,,
082228,0039000,1,茨城県,イバラキケン,Ibaraki,,,,鹿嶋市,カシマシ,Kashima-shi,,,,大字根三田,オオアザネサンダ,Nesanda,,,,,,,,0,0,0,0,0,0,1,1,1947-04-17,,0,3140035,,,,,,,,,,,,,,,
082228,0040000,1,茨城県,イバラキケン,Ibaraki,,,,鹿嶋市,カシマシ,Kashima-shi,,,,大字鉢形,オオアザハチガタ,Hachigata,,,,,,,,0,0,0,0,0,0,1,1,1947-04-17,,0,3140034,,,,,,,,,,,,,,,
082228,0041000,1,茨城県,イバラキケン,Ibaraki,,,,鹿嶋市,カシマシ,Kashima-shi,,,,大字浜津賀,オオアザハマツガ,Hamatsuga,,,,,,,,0,0,0,0,0,0,1,1,1947-04-17,,0,3112203,,,,,,,,,,,,,,,
082228,0042000,1,茨城県,イバラキケン,Ibaraki,,,,鹿嶋市,カシマシ,Kashima-shi,,,,大字林,オオアザハヤシ,Hayashi,,,,,,,,0,0,0,0,0,0,1,1,1947-04-17,,0,3112223,,,,,,,,,,,,,,,
082228,0043000,1,茨城県,イバラキケン,Ibaraki,,,,鹿嶋市,カシマシ,Kashima-shi,,,,大字光,オオアザヒカリ,Hikari,,,,,,,,0,0,0,0,0,0,1,1,1947-04-17,,0,3140014,,,,,,,,,,,,,,,
082228,0044000,1,茨城県,イバラキケン,Ibaraki,,,,鹿嶋市,カシマシ,Kashima-shi,,,,大字宮津台,オオアザミヤツダイ,Miyatsudai,,,,,,,,0,0,0,0,0,0,1,1,1947-04-17,,0,3140006,,,,,,,,,,,,,,,
082228,0045000,1,茨城県,イバラキケン,Ibaraki,,,,鹿嶋市,カシマシ,Kashima-shi,,,,大字山之上,オオアザヤマノウエ,Yamanoe,,,,,,,,0,0,0,0,0,0,1,1,1947-04-17,,0,3140045,,,,,,,,,,,,,,,
082228,0046000,1,茨城県,イバラキケン,Ibaraki,,,,鹿嶋市,カシマシ,Kashima-shi,,,,大字谷原,オオアザヤワラ,Yawara,,,,,,,,0,0,0,0,0,0,1,1,1947-04-17,,0,3140023,,,,,,,,,,,,,,,
082228,0047000,1,茨城県,イバラキケン,Ibaraki,,,,鹿嶋市,カシマシ,Kashima-shi,,,,大字鰐川,オオアザワニガワ,Wanigawa,,,,,,,,0,0,0,0,0,0,1,1,1947-04-17,,0,3140024,,,,,,,,,,,,,,,
082228,0048001,2,茨城県,イバラキケン,Ibaraki,,,,鹿嶋市,カシマシ,Kashima-shi,,,,神野,カノ,Kano,１丁目,１チョウメ,1,,,,,1,1,0,0,0,0,1,1,1947-04-17,,0,,,,,,,,,,,,,,,,
082228,0048002,2,茨城県,イバラキケン,Ibaraki,,,,鹿嶋市,カシマシ,Kashima-shi,,,,神野,カノ,Kano,２丁目,２チョウメ,2,,,,,1,1,0,0,0,0,1,1,1947-04-17,,0,,,,,,,,,,,,,,,,
082228,0048003,2,茨城県,イバラキケン,Ibaraki,,,,鹿嶋市,カシマシ,Kashima-shi,,,,神野,カノ,Kano,３丁目,３チョウメ,3,,,,,1,1,0,0,0,0,1,1,1947-04-17,,0,,,,,,,,,,,,,,,,
082228,0048004,2,茨城県,イバラキケン,Ibaraki,,,,鹿嶋市,カシマシ,Kashima-shi,,,,神野,カノ,Kano,４丁目,４チョウメ,4,,,,,1,1,0,0,0,0,1,1,1947-04-17,,0,,,,,,,,,,,,,,,,
082228,0049001,2,茨城県,イバラキケン,Ibaraki,,,,鹿嶋市,カシマシ,Kashima-shi,,,,宮中,キュウチュウ,Kyuchu,１丁目,１チョウメ,1,,,,,1,1,0,0,0,0,1,1,1947-04-17,,0,,,,,,,,,,,,,,,,
082228,0049002,2,茨城県,イバラキケン,Ibaraki,,,,鹿嶋市,カシマシ,Kashima-shi,,,,宮中,キュウチュウ,Kyuchu,２丁目,２チョウメ,2,,,,,1,1,0,0,0,0,1,1,1947-04-17,,0,,,,,,,,,,,,,,,,
082228,0049003,2,茨城県,イバラキケン,Ibaraki,,,,鹿嶋市,カシマシ,Kashima-shi,,,,宮中,キュウチュウ,Kyuchu,３丁目,３チョウメ,3,,,,,1,1,0,0,0,0,1,1,1947-04-17,,0,,,,,,,,,,,,,,,,
082228,0049004,2,茨城県,イバラキケン,Ibaraki,,,,鹿嶋市,カシマシ,Kashima-shi,,,,宮中,キュウチュウ,Kyuchu,４丁目,４チョウメ,4,,,,,1,1,0,0,0,0,1,1,1947-04-17,,0,,,,,,,,,,,,,,,,
082228,0049005,2,茨城県,イバラキケン,Ibaraki,,,,鹿嶋市,カシマシ,Kashima-shi,,,,宮中,キュウチュウ,Kyuchu,５丁目,５チョウメ,5,,,,,1,1,0,0,0,0,1,1,1947-04-17,,0,,,,,,,,,,,,,,,,
082228,0049006,2,茨城県,イバラキケン,Ibaraki,,,,鹿嶋市,カシマシ,Kashima-shi,,,,宮中,キュウチュウ,Kyuchu,６丁目,６チョウメ,6,,,,,1,1,0,0,0,0,1,1,1947-04-17,,0,,,,,,,,,,,,,,,,
082228,0049007,2,茨城県,イバラキケン,Ibaraki,,,,鹿嶋市,カシマシ,Kashima-shi,,,,宮中,キュウチュウ,Kyuchu,７丁目,７チョウメ,7,,,,,1,1,0,0,0,0,1,1,1947-04-17,,0,,,,,,,,,,,,,,,,
082228,0049008,2,茨城県,イバラキケン,Ibaraki,,,,鹿嶋市,カシマシ,Kashima-shi,,,,宮中,キュウチュウ,Kyuchu,８丁目,８チョウメ,8,,,,,1,1,0,0,0,0,1,1,1947-04-17,,0,,,,,,,,,,,,,,,,
082228,0050001,2,茨城県,イバラキケン,Ibaraki,,,,鹿嶋市,カシマシ,Kashima-shi,,,,厨,クリヤ,Kuriya,１丁目,１チョウメ,1,,,,,0,0,0,0,0,0,1,1,1947-04-17,,0,,,,,,,,,,,,,,,,
082228,0050002,2,茨城県,イバラキケン,Ibaraki,,,,鹿嶋市,カシマシ,Kashima-shi,,,,厨,クリヤ,Kuriya,２丁目,２チョウメ,2,,,,,0,0,0,0,0,0,1,1,1947-04-17,,0,,,,,,,,,,,,,,,,
082228,0050003,2,茨城県,イバラキケン,Ibaraki,,,,鹿嶋市,カシマシ,Kashima-shi,,,,厨,クリヤ,Kuriya,３丁目,３チョウメ,3,,,,,0,0,0,0,0,0,1,1,1947-04-17,,0,,,,,,,,,,,,,,,,
082228,0050004,2,茨城県,イバラキケン,Ibaraki,,,,鹿嶋市,カシマシ,Kashima-shi,,,,厨,クリヤ,Kuriya,４丁目,４チョウメ,4,,,,,0,0,0,0,0,0,1,1,1947-04-17,,0,,,,,,,,,,,,,,,,
082228,0050005,2,茨城県,イバラキケン,Ibaraki,,,,鹿嶋市,カシマシ,Kashima-shi,,,,厨,クリヤ,Kuriya,５丁目,５チョウメ,5,,,,,0,0,0,0,0,0,1,1,1947-04-17,,0,,,,,,,,,,,,,,,,
082228,0051001,2,茨城県,イバラキケン,Ibaraki,,,,鹿嶋市,カシマシ,Kashima-shi,,,,城山,シロヤマ,Shiroyama,１丁目,１チョウメ,1,,,,,1,1,0,0,0,0,1,1,1947-04-17,,0,,,,,,,,,,,,,,,,
082228,0051002,2,茨城県,イバラキケン,Ibaraki,,,,鹿嶋市,カシマシ,Kashima-shi,,,,城山,シロヤマ,Shiroyama,２丁目,２チョウメ,2,,,,,1,1,0,0,0,0,1,1,1947-04-17,,0,,,,,,,,,,,,,,,,
082228,0051004,2,茨城県,イバラキケン,Ibaraki,,,,鹿嶋市,カシマシ,Kashima-shi,,,,城山,シロヤマ,Shiroyama,４丁目,４チョウメ,4,,,,,1,1,0,0,0,0,1,1,1947-04-17,,0,,,,,,,,,,,,,,,,
082228,0052001,2,茨城県,イバラキケン,Ibaraki,,,,鹿嶋市,カシマシ,Kashima-shi,,,,鉢形台,ハチガタダイ,Hachigatadai,１丁目,１チョウメ,1,,,,,0,0,0,0,0,0,1,1,1947-04-17,,0,,,,,,,,,,,,,,,,
082228,0052002,2,茨城県,イバラキケン,Ibaraki,,,,鹿嶋市,カシマシ,Kashima-shi,,,,鉢形台,ハチガタダイ,Hachigatadai,２丁目,２チョウメ,2,,,,,0,0,0,0,0,0,1,1,1947-04-17,,0,,,,,,,,,,,,,,,,
082228,0052003,2,茨城県,イバラキケン,Ibaraki,,,,鹿嶋市,カシマシ,Kashima-shi,,,,鉢形台,ハチガタダイ,Hachigatadai,３丁目,３チョウメ,3,,,,,0,0,0,0,0,0,1,1,1947-04-17,,0,,,,,,,,,,,,,,,,
082228,0053000,1,茨城県,イバラキケン,Ibaraki,,,,鹿嶋市,カシマシ,Kashima-shi,,,,平井南,ヒライミナミ,,,,,,,,,0,0,0,0,0,0,1,1,1947-04-17,,0,,,,,,,,,,,,,,,,
082228,0054001,2,茨城県,イバラキケン,Ibaraki,,,,鹿嶋市,カシマシ,Kashima-shi,,,,緑ヶ丘,ミドリガオカ,Midorigaoka,１丁目,１チョウメ,1,,,,,0,0,0,0,0,0,1,1,1947-04-17,,0,,,,,,,,,,,,,,,,
082228,0054002,2,茨城県,イバラキケン,Ibaraki,,,,鹿嶋市,カシマシ,Kashima-shi,,,,緑ヶ丘,ミドリガオカ,Midorigaoka,２丁目,２チョウメ,2,,,,,0,0,0,0,0,0,1,1,1947-04-17,,0,,,,,,,,,,,,,,,,
082228,0054003,2,茨城県,イバラキケン,Ibaraki,,,,鹿嶋市,カシマシ,Kashima-shi,,,,緑ヶ丘,ミドリガオカ,Midorigaoka,３丁目,３チョウメ,3,,,,,0,0,0,0,0,0,1,1,1947-04-17,,0,,,,,,,,,,,,,,,,
082228,0054004,2,茨城県,イバラキケン,Ibaraki,,,,鹿嶋市,カシマシ,Kashima-shi,,,,緑ヶ丘,ミドリガオカ,Midorigaoka,４丁目,４チョウメ,4,,,,,0,0,0,0,0,0,1,1,1947-04-17,,0,,,,,,,,,,,,,,,,
082228,0055001,2,茨城県,イバラキケン,Ibaraki,,,,鹿嶋市,カシマシ,Kashima-shi,,,,宮下,ミヤシタ,Miyashita,１丁目,１チョウメ,1,,,,,1,1,0,0,0,0,1,1,1947-04-17,,0,,,,,,,,,,,,,,,,
082228,0055002,2,茨城県,イバラキケン,Ibaraki,,,,鹿嶋市,カシマシ,Kashima-shi,,,,宮下,ミヤシタ,Miyashita,２丁目,２チョウメ,2,,,,,1,1,0,0,0,0,1,1,1947-04-17,,0,,,,,,,,,,,,,,,,
082228,0055003,2,茨城県,イバラキケン,Ibaraki,,,,鹿嶋市,カシマシ,Kashima-shi,,,,宮下,ミヤシタ,Miyashita,３丁目,３チョウメ,3,,,,,1,1,0,0,0,0,1,1,1947-04-17,,0,,,,,,,,,,,,,,,,
082228,0055004,2,茨城県,イバラキケン,Ibaraki,,,,鹿嶋市,カシマシ,Kashima-shi,,,,宮下,ミヤシタ,Miyashita,４丁目,４チョウメ,4,,,,,0,0,0,0,0,0,1,1,1947-04-17,,0,,,,,,,,,,,,,,,,
082228,0055005,2,茨城県,イバラキケン,Ibaraki,,,,鹿嶋市,カシマシ,Kashima-shi,,,,宮下,ミヤシタ,Miyashita,５丁目,５チョウメ,5,,,,,0,0,0,0,0,0,1,1,1947-04-17,,0,,,,,,,,,,,,,,,,
082228,0056001,2,茨城県,イバラキケン,Ibaraki,,,,鹿嶋市,カシマシ,Kashima-shi,,,,高天原,タカマガハラ,Takamagahara,１丁目,１チョウメ,1,,,,,1,1,0,0,0,0,1,1,1947-04-17,,0,,,,,,,,,,,,,,,,
082228,0056002,2,茨城県,イバラキケン,Ibaraki,,,,鹿嶋市,カシマシ,Kashima-shi,,,,高天原,タカマガハラ,Takamagahara,２丁目,２チョウメ,2,,,,,1,1,0,0,0,0,1,1,1947-04-17,,0,,,,,,,,,,,,,,,,
082228,0057001,2,茨城県,イバラキケン,Ibaraki,,,,鹿嶋市,カシマシ,Kashima-shi,,,,港ケ丘,ミナトガオカ,Minatogaoka,１丁目,１チョウメ,1,,,,,1,1,0,0,0,0,1,1,1947-04-17,,0,,,,,,,,,,,,,,,,
082228,0057002,2,茨城県,イバラキケン,Ibaraki,,,,鹿嶋市,カシマシ,Kashima-shi,,,,港ケ丘,ミナトガオカ,Minatogaoka,２丁目,２チョウメ,2,,,,,1,1,0,0,0,0,1,1,1947-04-17,,0,,,,,,,,,,,,,,,,
082228,0058000,1,茨城県,イバラキケン,Ibaraki,,,,鹿嶋市,カシマシ,Kashima-shi,,,,大字平井,オオアザヒライ,Hirai,,,,,,,,0,0,0,0,0,0,1,1,1947-04-17,,0,3140012,,,,,,,,,,,,,,,
082228,0059000,1,茨城県,イバラキケン,Ibaraki,,,,鹿嶋市,カシマシ,Kashima-shi,,,,大字下津,オオアザオリツ,Oritsu,,,,,,,,0,0,0,0,0,0,1,1,1947-04-17,,0,3140004,,,,,,,,,,,,,,,
082228,0061000,1,茨城県,イバラキケン,Ibaraki,,,,鹿嶋市,カシマシ,Kashima-shi,,,,大字港ケ丘,オオアザミナトガオカ,,,,,,,,,0,0,0,0,0,0,1,0,1947-04-17,,1,,,,,,,,,,,,,,,,
082228,0062001,2,茨城県,イバラキケン,Ibaraki,,,,鹿嶋市,カシマシ,Kashima-shi,,,,平井東,ヒライヒガシ,,１丁目,１チョウメ,1,,,,,0,0,0,0,0,0,1,1,2022-12-16,,0,,,,,,,,,,,,,,,,
082228,0062002,2,茨城県,イバラキケン,Ibaraki,,,,鹿嶋市,カシマシ,Kashima-shi,,,,平井東,ヒライヒガシ,,２丁目,２チョウメ,2,,,,,0,0,0,0,0,0,1,1,2022-12-16,,0,,,,,,,,,,,,,,,,
082228,0062003,2,茨城県,イバラキケン,Ibaraki,,,,鹿嶋市,カシマシ,Kashima-shi,,,,平井東,ヒライヒガシ,,３丁目,３チョウメ,3,,,,,0,0,0,0,0,0,1,1,2022-12-16,,0,,,,,,,,,,,,,,,,
082228,0062004,2,茨城県,イバラキケン,Ibaraki,,,,鹿嶋市,カシマシ,Kashima-shi,,,,平井東,ヒライヒガシ,,４丁目,４チョウメ,4,,,,,0,0,0,0,0,0,1,1,2022-12-16,,0,,,,,,,,,,,,,,,,
082236,0001001,2,茨城県,イバラキケン,Ibaraki,,,,潮来市,イタコシ,Itako-shi,,,,あやめ,アヤメ,Ayame,一丁目,１チョウメ,1,,,,,1,1,0,0,0,0,1,1,1947-04-17,,0,,,,,,,,,,,,,,,,
082236,0001002,2,茨城県,イバラキケン,Ibaraki,,,,潮来市,イタコシ,Itako-shi,,,,あやめ,アヤメ,Ayame,二丁目,２チョウメ,2,,,,,1,1,0,0,0,0,1,1,1947-04-17,,0,,,,,,,,,,,,,,,,
082236,0002000,1,茨城県,イバラキケン,Ibaraki,,,,潮来市,イタコシ,Itako-shi,,,,潮来,イタコ,Itako,,,,,,,,1,1,0,0,0,0,1,1,1947-04-17,,0,3112424,,,,,,,,,,,,,,,
082236,0003000,1,茨城県,イバラキケン,Ibaraki,,,,潮来市,イタコシ,Itako-shi,,,,牛堀,ウシボリ,Ushibori,,,,,,,,1,1,0,0,0,0,1,1,1947-04-17,,0,3112436,,,,,,,,,,,,,,,
082236,0004000,1,茨城県,イバラキケン,Ibaraki,,,,潮来市,イタコシ,Itako-shi,,,,上戸,ワド,Uwato,,,,,,,,1,1,0,0,0,0,1,1,1947-04-17,,0,3112435,,,,,,,,,,,,,,,
082236,0005000,1,茨城県,イバラキケン,Ibaraki,,,,潮来市,イタコシ,Itako-shi,,,,大生,オオウ,Ou,,,,,,,,1,1,0,0,0,0,1,1,1947-04-17,,0,3112402,,,,,,,,,,,,,,,
082236,0006000,1,茨城県,イバラキケン,Ibaraki,,,,潮来市,イタコシ,Itako-shi,,,,大賀,オオガ,Oga,,,,,,,,1,1,0,0,0,0,1,1,1947-04-17,,0,3112401,,,,,,,,,,,,,,,
082236,0007000,1,茨城県,イバラキケン,Ibaraki,,,,潮来市,イタコシ,Itako-shi,,,,大洲,オオス,Osu,,,,,,,,1,1,0,0,0,0,1,1,1947-04-17,,0,3112422,,,,,,,,,,,,,,,
082236,0008001,2,茨城県,イバラキケン,Ibaraki,,,,潮来市,イタコシ,Itako-shi,,,,大塚野,オオツカノ,Otsukano,一丁目,１チョウメ,1,,,,,1,1,0,0,0,0,1,1,1947-04-17,,0,,,,,,,,,,,,,,,,
082236,0008002,2,茨城県,イバラキケン,Ibaraki,,,,潮来市,イタコシ,Itako-shi,,,,大塚野,オオツカノ,Otsukano,二丁目,２チョウメ,2,,,,,1,1,0,0,0,0,1,1,1947-04-17,,0,,,,,,,,,,,,,,,,
082236,0009000,1,茨城県,イバラキケン,Ibaraki,,,,潮来市,イタコシ,Itako-shi,,,,大山,オオヤマ,Oyama,,,,,,,,1,1,0,0,0,0,1,1,1947-04-17,,0,3112441,,,,,,,,,,,,,,,
082236,0010000,1,茨城県,イバラキケン,Ibaraki,,,,潮来市,イタコシ,Itako-shi,,,,釜谷,カマヤ,Kamaya,,,,,,,,1,1,0,0,0,0,1,1,1947-04-17,,0,3112403,,MJ026607_*,,,,,,,,,,,,,
082236,0011000,1,茨城県,イバラキケン,Ibaraki,,,,潮来市,イタコシ,Itako-shi,,,,川尾,カワオ,Kawao,,,,,,,,1,1,0,0,0,0,1,1,1947-04-17,,0,3112440,,,,,,,,,,,,,,,
082236,0012000,1,茨城県,イバラキケン,Ibaraki,,,,潮来市,イタコシ,Itako-shi,,,,清水,キヨミズ,Kiyomizu,,,,,,,,1,1,0,0,0,0,1,1,1947-04-17,,0,3112431,,,,,,,,,,,,,,,
082236,0013000,1,茨城県,イバラキケン,Ibaraki,,,,潮来市,イタコシ,Itako-shi,,,,小泉,コイズミ,Koizumi,,,,,,,,1,1,0,0,0,0,1,1,1947-04-17,,0,3112442,,,,,,,,,,,,,,,
082236,0014000,1,茨城県,イバラキケン,Ibaraki,,,,潮来市,イタコシ,Itako-shi,,,,小泉南,コイズミミナミ,Koizumiminami,,,,,,,,1,1,0,0,0,0,1,1,1947-04-17,,0,3112444,,,,,,,,,,,,,,,
082236,0015000,1,茨城県,イバラキケン,Ibaraki,,,,潮来市,イタコシ,Itako-shi,,,,下田,シタダ,Shitada,,,,,,,,1,1,0,0,0,0,1,1,1947-04-17,,0,3112407,,,,,,,,,,,,,,,
082236,0016000,1,茨城県,イバラキケン,Ibaraki,,,,潮来市,イタコシ,Itako-shi,,,,島須,シマス,Shimasu,,,,,,,,1,1,0,0,0,0,1,1,1947-04-17,,0,3112434,,,,,,,,,,,,,,,
082236,0017000,1,茨城県,イバラキケン,Ibaraki,,,,潮来市,イタコシ,Itako-shi,,,,新宮,シングウ,Shingu,,,,,,,,1,1,0,0,0,0,1,1,1947-04-17,,0,3112406,,,,,,,,,,,,,,,
082236,0018000,1,茨城県,イバラキケン,Ibaraki,,,,潮来市,イタコシ,Itako-shi,,,,新宮南,シングウミナミ,Shinguminami,,,,,,,,1,1,0,0,0,0,1,1,1947-04-17,,0,3112443,,,,,,,,,,,,,,,
082236,0019000,1,茨城県,イバラキケン,Ibaraki,,,,潮来市,イタコシ,Itako-shi,,,,須賀,スカ,Suka,,,,,,,,1,1,0,0,0,0,1,1,1947-04-17,,0,3112448,,,,,,,,,,,,,,,
082236,0020000,1,茨城県,イバラキケン,Ibaraki,,,,潮来市,イタコシ,Itako-shi,,,,須賀南,スカミナミ,Sukaminami,,,,,,,,1,1,0,0,0,0,1,1,1947-04-17,,0,3112446,,,,,,,,,,,,,,,
082236,0021000,1,茨城県,イバラキケン,Ibaraki,,,,潮来市,イタコシ,Itako-shi,,,,洲崎,スサキ,Susaki,,,,,,,,1,1,0,0,0,0,1,1,1947-04-17,,0,3112408,,,,,,,,,,,,,,,
082236,0022000,1,茨城県,イバラキケン,Ibaraki,,,,潮来市,イタコシ,Itako-shi,,,,築地,ツイジ,Tsuiji,,,,,,,,1,1,0,0,0,0,1,1,1947-04-17,,0,3112405,,,,,,,,,,,,,,,
082236,0023000,1,茨城県,イバラキケン,Ibaraki,,,,潮来市,イタコシ,Itako-shi,,,,辻,ツジ,Tsuji,,,,,,,,1,1,0,0,0,0,1,1,1947-04-17,,0,3112421,,,,,,,,,,,,,,,
082236,0024000,1,茨城県,イバラキケン,Ibaraki,,,,潮来市,イタコシ,Itako-shi,,,,徳島,トクシマ,Tokushima,,,,,,,,1,1,0,0,0,0,1,1,1947-04-17,,0,3112418,,,,,,,,,,,,,,,
082236,0025000,1,茨城県,イバラキケン,Ibaraki,,,,潮来市,イタコシ,Itako-shi,,,,永山,ナガヤマ,Nagayama,,,,,,,,1,1,0,0,0,0,1,1,1947-04-17,,0,3112437,,,,,,,,,,,,,,,
082236,0026000,1,茨城県,イバラキケン,Ibaraki,,,,潮来市,イタコシ,Itako-shi,,,,延方西,ノブカタニシ,Nobukatanishi,,,,,,,,1,1,0,0,0,0,1,1,1947-04-17,,0,3112410,,,,,,,,,,,,,,,
082236,0027000,1,茨城県,イバラキケン,Ibaraki,,,,潮来市,イタコシ,Itako-shi,,,,延方東,ノブカタヒガシ,Nobukatahigashi,,,,,,,,1,1,0,0,0,0,1,1,1947-04-17,,0,3112409,,,,,,,,,,,,,,,
082236,0028001,2,茨城県,イバラキケン,Ibaraki,,,,潮来市,イタコシ,Itako-shi,,,,日の出,ヒノデ,Hinode,１丁目,１チョウメ,1,,,,,1,1,0,0,0,0,1,1,1947-04-17,,0,,,,,,,,,,,,,,,,
082236,0028002,2,茨城県,イバラキケン,Ibaraki,,,,潮来市,イタコシ,Itako-shi,,,,日の出,ヒノデ,Hinode,２丁目,２チョウメ,2,,,,,1,1,0,0,0,0,1,1,1947-04-17,,0,,,,,,,,,,,,,,,,
082236,0028003,2,茨城県,イバラキケン,Ibaraki,,,,潮来市,イタコシ,Itako-shi,,,,日の出,ヒノデ,Hinode,３丁目,３チョウメ,3,,,,,1,1,0,0,0,0,1,1,1947-04-17,,0,,,,,,,,,,,,,,,,
082236,0028004,2,茨城県,イバラキケン,Ibaraki,,,,潮来市,イタコシ,Itako-shi,,,,日の出,ヒノデ,Hinode,４丁目,４チョウメ,4,,,,,1,1,0,0,0,0,1,1,1947-04-17,,0,,,,,,,,,,,,,,,,
082236,0028005,2,茨城県,イバラキケン,Ibaraki,,,,潮来市,イタコシ,Itako-shi,,,,日の出,ヒノデ,Hinode,５丁目,５チョウメ,5,,,,,1,1,0,0,0,0,1,1,1947-04-17,,0,,,,,,,,,,,,,,,,
082236,0028006,2,茨城県,イバラキケン,Ibaraki,,,,潮来市,イタコシ,Itako-shi,,,,日の出,ヒノデ,Hinode,６丁目,６チョウメ,6,,,,,1,1,0,0,0,0,1,1,1947-04-17,,0,,,,,,,,,,,,,,,,
082236,0028007,2,茨城県,イバラキケン,Ibaraki,,,,潮来市,イタコシ,Itako-shi,,,,日の出,ヒノデ,Hinode,７丁目,７チョウメ,7,,,,,1,1,0,0,0,0,1,1,1947-04-17,,0,,,,,,,,,,,,,,,,
082236,0028008,2,茨城県,イバラキケン,Ibaraki,,,,潮来市,イタコシ,Itako-shi,,,,日の出,ヒノデ,Hinode,８丁目,８チョウメ,8,,,,,1,1,0,0,0,0,1,1,1947-04-17,,0,,,,,,,,,,,,,,,,
082236,0029000,1,茨城県,イバラキケン,Ibaraki,,,,潮来市,イタコシ,Itako-shi,,,,福島,フクシマ,Fukushima,,,,,,,,1,1,0,0,0,0,1,1,1947-04-17,,0,3112419,,,,,,,,,,,,,,,
082236,0030000,1,茨城県,イバラキケン,Ibaraki,,,,潮来市,イタコシ,Itako-shi,,,,古高,フッタカ,Futtaka,,,,,,,,1,1,0,0,0,0,1,1,1947-04-17,,0,3112449,,,,,,,,,,,,,,,
082236,0031000,1,茨城県,イバラキケン,Ibaraki,,,,潮来市,イタコシ,Itako-shi,,,,堀之内,ホリノウチ,Horinochi,,,,,,,,1,1,0,0,0,0,1,1,1947-04-17,,0,3112433,,,,,,,,,,,,,,,
082236,0032000,1,茨城県,イバラキケン,Ibaraki,,,,潮来市,イタコシ,Itako-shi,,,,前川,マエカワ,Maekawa,,,,,,,,1,1,0,0,0,0,1,1,1947-04-17,,0,3112416,,,,,,,,,,,,,,,
082236,0033000,1,茨城県,イバラキケン,Ibaraki,,,,潮来市,イタコシ,Itako-shi,,,,曲松,マガリマツ,Magarimatsu,,,,,,,,1,1,0,0,0,0,1,1,1947-04-17,,0,3112447,,,,,,,,,,,,,,,
082236,0034000,1,茨城県,イバラキケン,Ibaraki,,,,潮来市,イタコシ,Itako-shi,,,,曲松南,マガリマツミナミ,Magarimatsuminami,,,,,,,,1,1,0,0,0,0,1,1,1947-04-17,,0,3112445,,,,,,,,,,,,,,,
082236,0035000,1,茨城県,イバラキケン,Ibaraki,,,,潮来市,イタコシ,Itako-shi,,,,水原,ミズワラ,Mizuhara,,,,,,,,1,1,0,0,0,0,1,1,1947-04-17,,0,3112404,,,,,,,,,,,,,,,
082236,0036001,2,茨城県,イバラキケン,Ibaraki,,,,潮来市,イタコシ,Itako-shi,,,,宮前,ミヤマエ,Miyamae,一丁目,１チョウメ,1,,,,,1,1,0,0,0,0,1,1,1947-04-17,,0,,,,,,,,,,,,,,,,
082236,0036002,2,茨城県,イバラキケン,Ibaraki,,,,潮来市,イタコシ,Itako-shi,,,,宮前,ミヤマエ,Miyamae,二丁目,２チョウメ,2,,,,,1,1,0,0,0,0,1,1,1947-04-17,,0,,,,,,,,,,,,,,,,
082236,0037000,1,茨城県,イバラキケン,Ibaraki,,,,潮来市,イタコシ,Itako-shi,,,,茂木,モトギ,Motogi,,,,,,,,1,1,0,0,0,0,1,1,1947-04-17,,0,3112432,,,,,,,,,,,,,,,
082236,0038000,1,茨城県,イバラキケン,Ibaraki,,,,潮来市,イタコシ,Itako-shi,,,,米島,ヨネジマ,Yonejima,,,,,,,,1,1,0,0,0,0,1,1,1947-04-17,,0,3112417,,,,,,,,,,,,,,,
082236,0040000,1,茨城県,イバラキケン,Ibaraki,,,,潮来市,イタコシ,Itako-shi,,,,延方,ノブカタ,Nobukata,,,,,,,,1,1,0,0,0,0,1,1,1947-04-17,,0,3112415,,,,,,,,,,,,,,,
082244,0001000,1,茨城県,イバラキケン,Ibaraki,,,,守谷市,モリヤシ,Moriya-shi,,,,赤法花,アカボッケ,Akabotsuke,,,,,,,,0,0,0,0,0,0,1,1,1947-04-17,,0,3020111,,,,,,,,,,,,,,,
082244,0002000,1,茨城県,イバラキケン,Ibaraki,,,,守谷市,モリヤシ,Moriya-shi,,,,板戸井,イタトイ,Itatoi,,,,,,,,0,0,0,0,0,0,1,1,1947-04-17,,0,3020101,,,,,,,,,,,,,,,
082244,0003000,1,茨城県,イバラキケン,Ibaraki,,,,守谷市,モリヤシ,Moriya-shi,,,,大柏,オオガシワ,Ogashiwa,,,,,,,,0,0,0,0,0,0,1,1,1947-04-17,,0,3020116,,,,,,,,,,,,,,,
082244,0004000,1,茨城県,イバラキケン,Ibaraki,,,,守谷市,モリヤシ,Moriya-shi,,,,大木,オオキ,Oki,,,,,,,,0,0,0,0,0,0,1,1,1947-04-17,,0,3020107,,,,,,,,,,,,,,,
082244,0005000,1,茨城県,イバラキケン,Ibaraki,,,,守谷市,モリヤシ,Moriya-shi,,,,大山新田,オオヤマシンデン,Oyamashinden,,,,,,,,0,0,0,0,0,0,1,1,1947-04-17,,0,3020103,,,,,,,,,,,,,,,
082244,0006000,1,茨城県,イバラキケン,Ibaraki,,,,守谷市,モリヤシ,Moriya-shi,,,,乙子,オトゴ,Otogo,,,,,,,,0,0,0,0,0,0,1,1,1947-04-17,,0,3020123,,,,,,,,,,,,,,,
082244,0007001,2,茨城県,イバラキケン,Ibaraki,,,,守谷市,モリヤシ,Moriya-shi,,,,久保ケ丘,クボガオカ,Kubogaoka,一丁目,１チョウメ,1,,,,,0,0,0,0,0,0,1,1,1947-04-17,,0,,,,,,,,,,,,,,,,
082244,0007002,2,茨城県,イバラキケン,Ibaraki,,,,守谷市,モリヤシ,Moriya-shi,,,,久保ケ丘,クボガオカ,Kubogaoka,二丁目,２チョウメ,2,,,,,0,0,0,0,0,0,1,1,1947-04-17,,0,,,,,,,,,,,,,,,,
082244,0007003,2,茨城県,イバラキケン,Ibaraki,,,,守谷市,モリヤシ,Moriya-shi,,,,久保ケ丘,クボガオカ,Kubogaoka,三丁目,３チョウメ,3,,,,,0,0,0,0,0,0,1,1,1947-04-17,,0,,,,,,,,,,,,,,,,
082244,0007004,2,茨城県,イバラキケン,Ibaraki,,,,守谷市,モリヤシ,Moriya-shi,,,,久保ケ丘,クボガオカ,Kubogaoka,四丁目,４チョウメ,4,,,,,0,0,0,0,0,0,1,1,1947-04-17,,0,,,,,,,,,,,,,,,,
082244,0008001,2,茨城県,イバラキケン,Ibaraki,,,,守谷市,モリヤシ,Moriya-shi,,,,けやき台,ケヤキダイ,Keyakidai,一丁目,１チョウメ,1,,,,,0,0,0,0,0,0,1,1,1947-04-17,,0,,,,,,,,,,,,,,,,
082244,0008002,2,茨城県,イバラキケン,Ibaraki,,,,守谷市,モリヤシ,Moriya-shi,,,,けやき台,ケヤキダイ,Keyakidai,二丁目,２チョウメ,2,,,,,0,0,0,0,0,0,1,1,1947-04-17,,0,,,,,,,,,,,,,,,,
082244,0008003,2,茨城県,イバラキケン,Ibaraki,,,,守谷市,モリヤシ,Moriya-shi,,,,けやき台,ケヤキダイ,Keyakidai,三丁目,３チョウメ,3,,,,,0,0,0,0,0,0,1,1,1947-04-17,,0,,,,,,,,,,,,,,,,
082244,0008004,2,茨城県,イバラキケン,Ibaraki,,,,守谷市,モリヤシ,Moriya-shi,,,,けやき台,ケヤキダイ,Keyakidai,四丁目,４チョウメ,4,,,,,0,0,0,0,0,0,1,1,1947-04-17,,0,,,,,,,,,,,,,,,,
082244,0008005,2,茨城県,イバラキケン,Ibaraki,,,,守谷市,モリヤシ,Moriya-shi,,,,けやき台,ケヤキダイ,Keyakidai,五丁目,５チョウメ,5,,,,,0,0,0,0,0,0,1,1,1947-04-17,,0,,,,,,,,,,,,,,,,
082244,0008006,2,茨城県,イバラキケン,Ibaraki,,,,守谷市,モリヤシ,Moriya-shi,,,,けやき台,ケヤキダイ,Keyakidai,六丁目,６チョウメ,6,,,,,0,0,0,0,0,0,1,1,1947-04-17,,0,,,,,,,,,,,,,,,,
082244,0009000,1,茨城県,イバラキケン,Ibaraki,,,,守谷市,モリヤシ,Moriya-shi,,,,高野,コウヤ,Koya,,,,,,,,0,0,0,0,0,0,1,1,1947-04-17,,0,3020125,,,,,,,,,,,,,,,
082244,0010001,2,茨城県,イバラキケン,Ibaraki,,,,守谷市,モリヤシ,Moriya-shi,,,,御所ケ丘,ゴショガオカ,Goshogaoka,一丁目,１チョウメ,1,,,,,0,0,0,0,0,0,1,1,1947-04-17,,0,,,,,,,,,,,,,,,,
082244,0010002,2,茨城県,イバラキケン,Ibaraki,,,,守谷市,モリヤシ,Moriya-shi,,,,御所ケ丘,ゴショガオカ,Goshogaoka,二丁目,２チョウメ,2,,,,,0,0,0,0,0,0,1,1,1947-04-17,,0,,,,,,,,,,,,,,,,
082244,0010003,2,茨城県,イバラキケン,Ibaraki,,,,守谷市,モリヤシ,Moriya-shi,,,,御所ケ丘,ゴショガオカ,Goshogaoka,三丁目,３チョウメ,3,,,,,0,0,0,0,0,0,1,1,1947-04-17,,0,,,,,,,,,,,,,,,,
082244,0010004,2,茨城県,イバラキケン,Ibaraki,,,,守谷市,モリヤシ,Moriya-shi,,,,御所ケ丘,ゴショガオカ,Goshogaoka,四丁目,４チョウメ,4,,,,,0,0,0,0,0,0,1,1,1947-04-17,,0,,,,,,,,,,,,,,,,
082244,0010005,2,茨城県,イバラキケン,Ibaraki,,,,守谷市,モリヤシ,Moriya-shi,,,,御所ケ丘,ゴショガオカ,Goshogaoka,五丁目,５チョウメ,5,,,,,0,0,0,0,0,0,1,1,1947-04-17,,0,,,,,,,,,,,,,,,,
082244,0011000,1,茨城県,イバラキケン,Ibaraki,,,,守谷市,モリヤシ,Moriya-shi,,,,小山,コヤマ,Koyama,,,,,,,,0,0,0,0,0,0,1,1,1947-04-17,,0,3020122,,,,,,,,,,,,,,,
082244,0012000,1,茨城県,イバラキケン,Ibaraki,,,,守谷市,モリヤシ,Moriya-shi,,,,鈴塚,スズツカ,Suzutsuka,,,,,,,,0,0,0,0,0,0,1,1,1947-04-17,,0,3020126,,,,,,,,,,,,,,,
082244,0013000,1,茨城県,イバラキケン,Ibaraki,,,,守谷市,モリヤシ,Moriya-shi,,,,立沢,タツザワ,Tatsuzawa,,,,,,,,0,0,0,0,0,0,1,1,1947-04-17,,0,3020118,,,,,,,,,,,,,,,
082244,0014001,2,茨城県,イバラキケン,Ibaraki,,,,守谷市,モリヤシ,Moriya-shi,,,,中央,チュウオウ,Chuo,一丁目,１チョウメ,1,,,,,0,0,0,0,0,0,1,1,1947-04-17,,0,,,,,,,,,,,,,,,,
082244,0014002,2,茨城県,イバラキケン,Ibaraki,,,,守谷市,モリヤシ,Moriya-shi,,,,中央,チュウオウ,Chuo,二丁目,２チョウメ,2,,,,,0,0,0,0,0,0,1,1,1947-04-17,,0,,,,,,,,,,,,,,,,
082244,0014003,2,茨城県,イバラキケン,Ibaraki,,,,守谷市,モリヤシ,Moriya-shi,,,,中央,チュウオウ,Chuo,三丁目,３チョウメ,3,,,,,0,0,0,0,0,0,1,1,1947-04-17,,0,,,,,,,,,,,,,,,,
082244,0014004,2,茨城県,イバラキケン,Ibaraki,,,,守谷市,モリヤシ,Moriya-shi,,,,中央,チュウオウ,Chuo,四丁目,４チョウメ,4,,,,,0,0,0,0,0,0,1,1,1947-04-17,,0,,,,,,,,,,,,,,,,
082244,0015000,1,茨城県,イバラキケン,Ibaraki,,,,守谷市,モリヤシ,Moriya-shi,,,,同地,ドウチ,Dochi,,,,,,,,0,0,0,0,0,0,1,1,1947-04-17,,0,3020112,,,,,,,,,,,,,,,
082244,0016000,1,茨城県,イバラキケン,Ibaraki,,,,守谷市,モリヤシ,Moriya-shi,,,,野木崎,ノギサキ,Nogisaki,,,,,,,,0,0,0,0,0,0,1,1,1947-04-17,,0,3020117,,,,,,,,,,,,,,,
082244,0017001,2,茨城県,イバラキケン,Ibaraki,,,,守谷市,モリヤシ,Moriya-shi,,,,ひがし野,ヒガシノ,Higashino,一丁目,１チョウメ,1,,,,,0,0,0,0,0,0,1,1,1947-04-17,,0,,,,,,,,,,,,,,,,
082244,0017002,2,茨城県,イバラキケン,Ibaraki,,,,守谷市,モリヤシ,Moriya-shi,,,,ひがし野,ヒガシノ,Higashino,二丁目,２チョウメ,2,,,,,0,0,0,0,0,0,1,1,1947-04-17,,0,,,,,,,,,,,,,,,,
082244,0017003,2,茨城県,イバラキケン,Ibaraki,,,,守谷市,モリヤシ,Moriya-shi,,,,ひがし野,ヒガシノ,Higashino,三丁目,３チョウメ,3,,,,,0,0,0,0,0,0,1,1,1947-04-17,,0,,,,,,,,,,,,,,,,
082244,0017004,2,茨城県,イバラキケン,Ibaraki,,,,守谷市,モリヤシ,Moriya-shi,,,,ひがし野,ヒガシノ,Higashino,四丁目,４チョウメ,4,,,,,0,0,0,0,0,0,1,1,1947-04-17,,0,,,,,,,,,,,,,,,,
082244,0018000,1,茨城県,イバラキケン,Ibaraki,,,,守谷市,モリヤシ,Moriya-shi,,,,本町,ホンチョウ,Honcho,,,,,,,,0,0,0,0,0,0,1,1,1947-04-17,,0,3020109,,,,,,,,,,,,,,,
082244,0019001,2,茨城県,イバラキケン,Ibaraki,,,,守谷市,モリヤシ,Moriya-shi,,,,松ケ丘,マツガオカ,Matsugaoka,一丁目,１チョウメ,1,,,,,0,0,0,0,0,0,1,1,1947-04-17,,0,,,,,,,,,,,,,,,,
082244,0019002,2,茨城県,イバラキケン,Ibaraki,,,,守谷市,モリヤシ,Moriya-shi,,,,松ケ丘,マツガオカ,Matsugaoka,二丁目,２チョウメ,2,,,,,0,0,0,0,0,0,1,1,1947-04-17,,0,,,,,,,,,,,,,,,,
082244,0019003,2,茨城県,イバラキケン,Ibaraki,,,,守谷市,モリヤシ,Moriya-shi,,,,松ケ丘,マツガオカ,Matsugaoka,三丁目,３チョウメ,3,,,,,0,0,0,0,0,0,1,1,1947-04-17,,0,,,,,,,,,,,,,,,,
082244,0019004,2,茨城県,イバラキケン,Ibaraki,,,,守谷市,モリヤシ,Moriya-shi,,,,松ケ丘,マツガオカ,Matsugaoka,四丁目,４チョウメ,4,,,,,0,0,0,0,0,0,1,1,1947-04-17,,0,,,,,,,,,,,,,,,,
082244,0019005,2,茨城県,イバラキケン,Ibaraki,,,,守谷市,モリヤシ,Moriya-shi,,,,松ケ丘,マツガオカ,Matsugaoka,五丁目,５チョウメ,5,,,,,0,0,0,0,0,0,1,1,1947-04-17,,0,,,,,,,,,,,,,,,,
082244,0019006,2,茨城県,イバラキケン,Ibaraki,,,,守谷市,モリヤシ,Moriya-shi,,,,松ケ丘,マツガオカ,Matsugaoka,六丁目,６チョウメ,6,,,,,0,0,0,0,0,0,1,1,1947-04-17,,0,,,,,,,,,,,,,,,,
082244,0019007,2,茨城県,イバラキケン,Ibaraki,,,,守谷市,モリヤシ,Moriya-shi,,,,松ケ丘,マツガオカ,Matsugaoka,七丁目,７チョウメ,7,,,,,0,0,0,0,0,0,1,1,1947-04-17,,0,,,,,,,,,,,,,,,,
082244,0020000,1,茨城県,イバラキケン,Ibaraki,,,,守谷市,モリヤシ,Moriya-shi,,,,松並,マツナミ,Matsunami,,,,,,,,0,0,0,0,0,0,1,1,1947-04-17,,0,3020108,,,,,,,,,,,,,,,
082244,0021001,2,茨城県,イバラキケン,Ibaraki,,,,守谷市,モリヤシ,Moriya-shi,,,,松前台,マツマエダイ,Matsumaedai,一丁目,１チョウメ,1,,,,,0,0,0,0,0,0,1,1,1947-04-17,,0,,,,,,,,,,,,,,,,
082244,0021002,2,茨城県,イバラキケン,Ibaraki,,,,守谷市,モリヤシ,Moriya-shi,,,,松前台,マツマエダイ,Matsumaedai,二丁目,２チョウメ,2,,,,,0,0,0,0,0,0,1,1,1947-04-17,,0,,,,,,,,,,,,,,,,
082244,0021003,2,茨城県,イバラキケン,Ibaraki,,,,守谷市,モリヤシ,Moriya-shi,,,,松前台,マツマエダイ,Matsumaedai,三丁目,３チョウメ,3,,,,,0,0,0,0,0,0,1,1,1947-04-17,,0,,,,,,,,,,,,,,,,
082244,0021004,2,茨城県,イバラキケン,Ibaraki,,,,守谷市,モリヤシ,Moriya-shi,,,,松前台,マツマエダイ,Matsumaedai,四丁目,４チョウメ,4,,,,,0,0,0,0,0,0,1,1,1947-04-17,,0,,,,,,,,,,,,,,,,
082244,0021005,2,茨城県,イバラキケン,Ibaraki,,,,守谷市,モリヤシ,Moriya-shi,,,,松前台,マツマエダイ,Matsumaedai,五丁目,５チョウメ,5,,,,,0,0,0,0,0,0,1,1,1947-04-17,,0,,,,,,,,,,,,,,,,
082244,0021006,2,茨城県,イバラキケン,Ibaraki,,,,守谷市,モリヤシ,Moriya-shi,,,,松前台,マツマエダイ,Matsumaedai,六丁目,６チョウメ,6,,,,,0,0,0,0,0,0,1,1,1947-04-17,,0,,,,,,,,,,,,,,,,
082244,0021007,2,茨城県,イバラキケン,Ibaraki,,,,守谷市,モリヤシ,Moriya-shi,,,,松前台,マツマエダイ,Matsumaedai,七丁目,７チョウメ,7,,,,,0,0,0,0,0,0,1,1,1947-04-17,,0,,,,,,,,,,,,,,,,
082244,0022001,2,茨城県,イバラキケン,Ibaraki,,,,守谷市,モリヤシ,Moriya-shi,,,,みずき野,ミズキノ,Mizukino,一丁目,１チョウメ,1,,,,,0,0,0,0,0,0,1,1,1947-04-17,,0,,,,,,,,,,,,,,,,
082244,0022002,2,茨城県,イバラキケン,Ibaraki,,,,守谷市,モリヤシ,Moriya-shi,,,,みずき野,ミズキノ,Mizukino,二丁目,２チョウメ,2,,,,,0,0,0,0,0,0,1,1,1947-04-17,,0,,,,,,,,,,,,,,,,
082244,0022003,2,茨城県,イバラキケン,Ibaraki,,,,守谷市,モリヤシ,Moriya-shi,,,,みずき野,ミズキノ,Mizukino,三丁目,３チョウメ,3,,,,,0,0,0,0,0,0,1,1,1947-04-17,,0,,,,,,,,,,,,,,,,
082244,0022004,2,茨城県,イバラキケン,Ibaraki,,,,守谷市,モリヤシ,Moriya-shi,,,,みずき野,ミズキノ,Mizukino,四丁目,４チョウメ,4,,,,,0,0,0,0,0,0,1,1,1947-04-17,,0,,,,,,,,,,,,,,,,
082244,0022005,2,茨城県,イバラキケン,Ibaraki,,,,守谷市,モリヤシ,Moriya-shi,,,,みずき野,ミズキノ,Mizukino,五丁目,５チョウメ,5,,,,,0,0,0,0,0,0,1,1,1947-04-17,,0,,,,,,,,,,,,,,,,
082244,0022006,2,茨城県,イバラキケン,Ibaraki,,,,守谷市,モリヤシ,Moriya-shi,,,,みずき野,ミズキノ,Mizukino,六丁目,６チョウメ,6,,,,,0,0,0,0,0,0,1,1,1947-04-17,,0,,,,,,,,,,,,,,,,
082244,0022007,2,茨城県,イバラキケン,Ibaraki,,,,守谷市,モリヤシ,Moriya-shi,,,,みずき野,ミズキノ,Mizukino,七丁目,７チョウメ,7,,,,,0,0,0,0,0,0,1,1,1947-04-17,,0,,,,,,,,,,,,,,,,
082244,0022008,2,茨城県,イバラキケン,Ibaraki,,,,守谷市,モリヤシ,Moriya-shi,,,,みずき野,ミズキノ,Mizukino,八丁目,８チョウメ,8,,,,,0,0,0,0,0,0,1,1,1947-04-17,,0,,,,,,,,,,,,,,,,
082244,0023001,2,茨城県,イバラキケン,Ibaraki,,,,守谷市,モリヤシ,Moriya-shi,,,,美園,ミソノ,Misono,一丁目,１チョウメ,1,,,,,0,0,0,0,0,0,1,1,1947-04-17,,0,,,,,,,,,,,,,,,,
082244,0023002,2,茨城県,イバラキケン,Ibaraki,,,,守谷市,モリヤシ,Moriya-shi,,,,美園,ミソノ,Misono,二丁目,２チョウメ,2,,,,,0,0,0,0,0,0,1,1,1947-04-17,,0,,,,,,,,,,,,,,,,
082244,0023003,2,茨城県,イバラキケン,Ibaraki,,,,守谷市,モリヤシ,Moriya-shi,,,,美園,ミソノ,Misono,三丁目,３チョウメ,3,,,,,0,0,0,0,0,0,1,1,1947-04-17,,0,,,,,,,,,,,,,,,,
082244,0023004,2,茨城県,イバラキケン,Ibaraki,,,,守谷市,モリヤシ,Moriya-shi,,,,美園,ミソノ,Misono,四丁目,４チョウメ,4,,,,,0,0,0,0,0,0,1,1,1947-04-17,,0,,,,,,,,,,,,,,,,
082244,0023005,2,茨城県,イバラキケン,Ibaraki,,,,守谷市,モリヤシ,Moriya-shi,,,,美園,ミソノ,Misono,五丁目,５チョウメ,5,,,,,0,0,0,0,0,0,1,1,1947-04-17,,0,,,,,,,,,,,,,,,,
082244,0024001,2,茨城県,イバラキケン,Ibaraki,,,,守谷市,モリヤシ,Moriya-shi,,,,緑,ミドリ,Midori,一丁目,１チョウメ,1,,,,,0,0,0,0,0,0,1,1,1947-04-17,,0,,,,,,,,,,,,,,,,
082244,0024002,2,茨城県,イバラキケン,Ibaraki,,,,守谷市,モリヤシ,Moriya-shi,,,,緑,ミドリ,Midori,二丁目,２チョウメ,2,,,,,0,0,0,0,0,0,1,1,1947-04-17,,0,,,,,,,,,,,,,,,,
082244,0025001,2,茨城県,イバラキケン,Ibaraki,,,,守谷市,モリヤシ,Moriya-shi,,,,薬師台,ヤクシダイ,Yakushidai,一丁目,１チョウメ,1,,,,,0,0,0,0,0,0,1,1,1947-04-17,,0,,,,,,,,,,,,,,,,
082244,0025002,2,茨城県,イバラキケン,Ibaraki,,,,守谷市,モリヤシ,Moriya-shi,,,,薬師台,ヤクシダイ,Yakushidai,二丁目,２チョウメ,2,,,,,0,0,0,0,0,0,1,1,1947-04-17,,0,,,,,,,,,,,,,,,,
082244,0025003,2,茨城県,イバラキケン,Ibaraki,,,,守谷市,モリヤシ,Moriya-shi,,,,薬師台,ヤクシダイ,Yakushidai,三丁目,３チョウメ,3,,,,,0,0,0,0,0,0,1,1,1947-04-17,,0,,,,,,,,,,,,,,,,
082244,0025004,2,茨城県,イバラキケン,Ibaraki,,,,守谷市,モリヤシ,Moriya-shi,,,,薬師台,ヤクシダイ,Yakushidai,四丁目,４チョウメ,4,,,,,0,0,0,0,0,0,1,1,1947-04-17,,0,,,,,,,,,,,,,,,,
082244,0025005,2,茨城県,イバラキケン,Ibaraki,,,,守谷市,モリヤシ,Moriya-shi,,,,薬師台,ヤクシダイ,Yakushidai,五丁目,５チョウメ,5,,,,,0,0,0,0,0,0,1,1,1947-04-17,,0,,,,,,,,,,,,,,,,
082244,0025006,2,茨城県,イバラキケン,Ibaraki,,,,守谷市,モリヤシ,Moriya-shi,,,,薬師台,ヤクシダイ,Yakushidai,六丁目,６チョウメ,6,,,,,0,0,0,0,0,0,1,1,1947-04-17,,0,,,,,,,,,,,,,,,,
082244,0025007,2,茨城県,イバラキケン,Ibaraki,,,,守谷市,モリヤシ,Moriya-shi,,,,薬師台,ヤクシダイ,Yakushidai,七丁目,７チョウメ,7,,,,,0,0,0,0,0,0,1,1,1947-04-17,,0,,,,,,,,,,,,,,,,
082244,0026001,2,茨城県,イバラキケン,Ibaraki,,,,守谷市,モリヤシ,Moriya-shi,,,,百合ケ丘,ユリガオカ,Yurigaoka,一丁目,１チョウメ,1,,,,,0,0,0,0,0,0,1,1,1947-04-17,,0,,,,,,,,,,,,,,,,
082244,0026002,2,茨城県,イバラキケン,Ibaraki,,,,守谷市,モリヤシ,Moriya-shi,,,,百合ケ丘,ユリガオカ,Yurigaoka,二丁目,２チョウメ,2,,,,,0,0,0,0,0,0,1,1,1947-04-17,,0,,,,,,,,,,,,,,,,
082244,0026003,2,茨城県,イバラキケン,Ibaraki,,,,守谷市,モリヤシ,Moriya-shi,,,,百合ケ丘,ユリガオカ,Yurigaoka,三丁目,３チョウメ,3,,,,,0,0,0,0,0,0,1,1,1947-04-17,,0,,,,,,,,,,,,,,,,
082244,0027000,1,茨城県,イバラキケン,Ibaraki,,,,守谷市,モリヤシ,Moriya-shi,,,,大字守谷,オオアザモリヤ,,,,,,,,,0,0,0,0,0,0,1,1,1947-04-17,,0,,,,,,,,,,,,,,,,
082244,0028001,2,茨城県,イバラキケン,Ibaraki,,,,守谷市,モリヤシ,Moriya-shi,,,,松並青葉,マツナミアオバ,Matsunamiaoba,一丁目,１チョウメ,1,,,,,0,0,0,0,0,0,1,1,1947-04-17,,0,,,,,,,,,,,,,,,,
082244,0028002,2,茨城県,イバラキケン,Ibaraki,,,,守谷市,モリヤシ,Moriya-shi,,,,松並青葉,マツナミアオバ,Matsunamiaoba,二丁目,２チョウメ,2,,,,,0,0,0,0,0,0,1,1,1947-04-17,,0,,,,,,,,,,,,,,,,
082244,0028003,2,茨城県,イバラキケン,Ibaraki,,,,守谷市,モリヤシ,Moriya-shi,,,,松並青葉,マツナミアオバ,Matsunamiaoba,三丁目,３チョウメ,3,,,,,0,0,0,0,0,0,1,1,1947-04-17,,0,,,,,,,,,,,,,,,,
082244,0028004,2,茨城県,イバラキケン,Ibaraki,,,,守谷市,モリヤシ,Moriya-shi,,,,松並青葉,マツナミアオバ,Matsunamiaoba,四丁目,４チョウメ,4,,,,,0,0,0,0,0,0,1,1,1947-04-17,,0,,,,,,,,,,,,,,,,
082252,0001000,1,茨城県,イバラキケン,Ibaraki,,,,常陸大宮市,ヒタチオオミヤシ,Hitachiomiya-shi,,,,秋田,アキタ,Akita,,,,,,,,0,0,0,0,0,0,1,1,1947-04-17,,0,3114611,,,,,,,,,,,,,,,
082252,0002000,1,茨城県,イバラキケン,Ibaraki,,,,常陸大宮市,ヒタチオオミヤシ,Hitachiomiya-shi,,,,石沢,イシザワ,Ishizawa,,,,,,,,0,0,0,0,0,0,1,1,1947-04-17,,0,3192135,,,,,,,,,,,,,,,
082252,0003000,1,茨城県,イバラキケン,Ibaraki,,,,常陸大宮市,ヒタチオオミヤシ,Hitachiomiya-shi,,,,泉,イズミ,Izumi,,,,,,,,0,0,0,0,0,0,1,1,1947-04-17,,0,3192144,,,,,,,,,,,,,,,
082252,0004000,1,茨城県,イバラキケン,Ibaraki,,,,常陸大宮市,ヒタチオオミヤシ,Hitachiomiya-shi,,,,入本郷,イリホンゴウ,Irihongo,,,,,,,,0,0,0,0,0,0,1,1,1947-04-17,,0,3192415,,,,,,,,,,,,,,,
082252,0005000,1,茨城県,イバラキケン,Ibaraki,,,,常陸大宮市,ヒタチオオミヤシ,Hitachiomiya-shi,,,,岩崎,イワザキ,Iwazaki,,,,,,,,0,0,0,0,0,0,1,1,1947-04-17,,0,3192211,,,,,,,,,,,,,,,
082252,0006000,1,茨城県,イバラキケン,Ibaraki,,,,常陸大宮市,ヒタチオオミヤシ,Hitachiomiya-shi,,,,姥賀町,ウバガチョウ,Ubagacho,,,,,,,,0,0,0,0,0,0,1,1,1947-04-17,,0,3192251,,,,,,,,,,,,,,,
082252,0007000,1,茨城県,イバラキケン,Ibaraki,,,,常陸大宮市,ヒタチオオミヤシ,Hitachiomiya-shi,,,,宇留野,ウルノ,Uruno,,,,,,,,0,0,0,0,0,0,1,1,1947-04-17,,0,3192145,,,,,,,,,,,,,,,
082252,0008000,1,茨城県,イバラキケン,Ibaraki,,,,常陸大宮市,ヒタチオオミヤシ,Hitachiomiya-shi,,,,大岩,オオイワ,Oiwa,,,,,,,,0,0,0,0,0,0,1,1,1947-04-17,,0,3192418,,,,,,,,,,,,,,,
082252,0009000,1,茨城県,イバラキケン,Ibaraki,,,,常陸大宮市,ヒタチオオミヤシ,Hitachiomiya-shi,,,,小倉,オグラ,Ogura,,,,,,,,0,0,0,0,0,0,1,1,1947-04-17,,0,3192203,,,,,,,,,,,,,,,
082252,0010000,1,茨城県,イバラキケン,Ibaraki,,,,常陸大宮市,ヒタチオオミヤシ,Hitachiomiya-shi,,,,長田,オサダ,Osada,,,,,,,,0,0,0,0,0,0,1,1,1947-04-17,,0,3193116,,,,,,,,,,,,,,,
082252,0011000,1,茨城県,イバラキケン,Ibaraki,,,,常陸大宮市,ヒタチオオミヤシ,Hitachiomiya-shi,,,,小瀬沢,オセザワ,Osezawa,,,,,,,,0,0,0,0,0,0,1,1,1947-04-17,,0,3192412,,,,,,,,,,,,,,,
082252,0012000,1,茨城県,イバラキケン,Ibaraki,,,,常陸大宮市,ヒタチオオミヤシ,Hitachiomiya-shi,,,,小田野,オダノ,Otano,,,,,,,,0,0,0,0,0,0,1,1,1947-04-17,,0,3192602,,,,,,,,,,,,,,,
082252,0013000,1,茨城県,イバラキケン,Ibaraki,,,,常陸大宮市,ヒタチオオミヤシ,Hitachiomiya-shi,,,,小玉,オダマ,Odama,,,,,,,,0,0,0,0,0,0,1,1,1947-04-17,,0,3192405,,,,,,,,,,,,,,,
082252,0014000,1,茨城県,イバラキケン,Ibaraki,,,,常陸大宮市,ヒタチオオミヤシ,Hitachiomiya-shi,,,,小貫,オヌキ,Onuki,,,,,,,,0,0,0,0,0,0,1,1,1947-04-17,,0,3193112,,,,,,,,,,,,,,,
082252,0015000,1,茨城県,イバラキケン,Ibaraki,,,,常陸大宮市,ヒタチオオミヤシ,Hitachiomiya-shi,,,,小野,オノ,Ono,,,,,,,,0,0,0,0,0,0,1,1,1947-04-17,,0,3192133,,,,,,,,,,,,,,,
082252,0016000,1,茨城県,イバラキケン,Ibaraki,,,,常陸大宮市,ヒタチオオミヤシ,Hitachiomiya-shi,,,,小場,オバ,Oba,,,,,,,,0,0,0,0,0,0,1,1,1947-04-17,,0,3192132,,,,,,,,,,,,,,,
082252,0017000,1,茨城県,イバラキケン,Ibaraki,,,,常陸大宮市,ヒタチオオミヤシ,Hitachiomiya-shi,,,,門井,カドイ,Kadoi,,,,,,,,0,0,0,0,0,0,1,1,1947-04-17,,0,3114501,,,,,,,,,,,,,,,
082252,0018000,1,茨城県,イバラキケン,Ibaraki,,,,常陸大宮市,ヒタチオオミヤシ,Hitachiomiya-shi,,,,金井,カナイ,Kanai,,,,,,,,0,0,0,0,0,0,1,1,1947-04-17,,0,3114614,,,,,,,,,,,,,,,
082252,0019000,1,茨城県,イバラキケン,Ibaraki,,,,常陸大宮市,ヒタチオオミヤシ,Hitachiomiya-shi,,,,上伊勢畑,カミイセハタ,Kamiisehata,,,,,,,,0,0,0,0,0,0,1,1,1947-04-17,,0,3114617,,,,,,,,,,,,,,,
082252,0020000,1,茨城県,イバラキケン,Ibaraki,,,,常陸大宮市,ヒタチオオミヤシ,Hitachiomiya-shi,,,,上岩瀬,カミイワセ,Kamiiwase,,,,,,,,0,0,0,0,0,0,1,1,1947-04-17,,0,3192142,,,,,,,,,,,,,,,
082252,0021000,1,茨城県,イバラキケン,Ibaraki,,,,常陸大宮市,ヒタチオオミヤシ,Hitachiomiya-shi,,,,上大賀,カミオオガ,Kamioga,,,,,,,,0,0,0,0,0,0,1,1,1947-04-17,,0,3192212,,,,,,,,,,,,,,,
082252,0022000,1,茨城県,イバラキケン,Ibaraki,,,,常陸大宮市,ヒタチオオミヤシ,Hitachiomiya-shi,,,,上小瀬,カミオセ,Kamiose,,,,,,,,0,0,0,0,0,0,1,1,1947-04-17,,0,3192401,,,,,,,,,,,,,,,
082252,0023000,1,茨城県,イバラキケン,Ibaraki,,,,常陸大宮市,ヒタチオオミヤシ,Hitachiomiya-shi,,,,上町,カミチョウ,Kamicho,,,,,,,,0,0,0,0,0,0,1,1,1947-04-17,,0,3192261,,,,,,,,,,,,,,,
082252,0024000,1,茨城県,イバラキケン,Ibaraki,,,,常陸大宮市,ヒタチオオミヤシ,Hitachiomiya-shi,,,,上檜沢,カミヒザワ,Kamihizawa,,,,,,,,0,0,0,0,0,0,1,1,1947-04-17,,0,3192511,,,,,,,,,,,,,,,
082252,0025000,1,茨城県,イバラキケン,Ibaraki,,,,常陸大宮市,ヒタチオオミヤシ,Hitachiomiya-shi,,,,上村田,カミムラタ,Kamimurata,,,,,,,,0,0,0,0,0,0,1,1,1947-04-17,,0,3192136,,,,,,,,,,,,,,,
082252,0026000,1,茨城県,イバラキケン,Ibaraki,,,,常陸大宮市,ヒタチオオミヤシ,Hitachiomiya-shi,,,,北塩子,キタシオゴ,Kitashiogo,,,,,,,,0,0,0,0,0,0,1,1,1947-04-17,,0,3192226,,,,,,,,,,,,,,,
082252,0027000,1,茨城県,イバラキケン,Ibaraki,,,,常陸大宮市,ヒタチオオミヤシ,Hitachiomiya-shi,,,,北町,キタチョウ,Kitacho,,,,,,,,0,0,0,0,0,0,1,1,1947-04-17,,0,3192254,,,,,,,,,,,,,,,
082252,0028000,1,茨城県,イバラキケン,Ibaraki,,,,常陸大宮市,ヒタチオオミヤシ,Hitachiomiya-shi,,,,北富田,キタトミタ,Kitatomida,,,,,,,,0,0,0,0,0,0,1,1,1947-04-17,,0,3193104,,,,,,,,,,,,,,,
082252,0029000,1,茨城県,イバラキケン,Ibaraki,,,,常陸大宮市,ヒタチオオミヤシ,Hitachiomiya-shi,,,,国長,クニオサ,Kuniosa,,,,,,,,0,0,0,0,0,0,1,1,1947-04-17,,0,3192404,,,,,,,,,,,,,,,
082252,0030000,1,茨城県,イバラキケン,Ibaraki,,,,常陸大宮市,ヒタチオオミヤシ,Hitachiomiya-shi,,,,久隆,クリュウ,Kuryu,,,,,,,,0,0,0,0,0,0,1,1,1947-04-17,,0,3193101,,MJ006378_*,,,,,,,,,,,,,
082252,0031000,1,茨城県,イバラキケン,Ibaraki,,,,常陸大宮市,ヒタチオオミヤシ,Hitachiomiya-shi,,,,小祝,コイワイ,Koiwai,,,,,,,,0,0,0,0,0,0,1,1,1947-04-17,,0,3192213,,,,,,,,,,,,,,,
082252,0032000,1,茨城県,イバラキケン,Ibaraki,,,,常陸大宮市,ヒタチオオミヤシ,Hitachiomiya-shi,,,,工業団地,コウギョウダンチ,Kogyodanchi,,,,,,,,0,0,0,0,0,0,1,1,1947-04-17,,0,3192134,,,,,,,,,,,,,,,
082252,0033000,1,茨城県,イバラキケン,Ibaraki,,,,常陸大宮市,ヒタチオオミヤシ,Hitachiomiya-shi,,,,小舟,コブネ,Kobune,,,,,,,,0,0,0,0,0,0,1,1,1947-04-17,,0,3192411,,,,,,,,,,,,,,,
082252,0034000,1,茨城県,イバラキケン,Ibaraki,,,,常陸大宮市,ヒタチオオミヤシ,Hitachiomiya-shi,,,,栄町,サカエチョウ,Sakaecho,,,,,,,,0,0,0,0,0,0,1,1,1947-04-17,,0,3192264,,,,,,,,,,,,,,,
082252,0035000,1,茨城県,イバラキケン,Ibaraki,,,,常陸大宮市,ヒタチオオミヤシ,Hitachiomiya-shi,,,,塩原,シオバラ,Shiobara,,,,,,,,0,0,0,0,0,0,1,1,1947-04-17,,0,3192202,,,,,,,,,,,,,,,
082252,0036000,1,茨城県,イバラキケン,Ibaraki,,,,常陸大宮市,ヒタチオオミヤシ,Hitachiomiya-shi,,,,下伊勢畑,シモイセハタ,Shimoisehata,,,,,,,,0,0,0,0,0,0,1,1,1947-04-17,,0,3114615,,,,,,,,,,,,,,,
082252,0037000,1,茨城県,イバラキケン,Ibaraki,,,,常陸大宮市,ヒタチオオミヤシ,Hitachiomiya-shi,,,,下岩瀬,シモイワセ,Shimoiwase,,,,,,,,0,0,0,0,0,0,1,1,1947-04-17,,0,3192141,,,,,,,,,,,,,,,
082252,0038000,1,茨城県,イバラキケン,Ibaraki,,,,常陸大宮市,ヒタチオオミヤシ,Hitachiomiya-shi,,,,下小瀬,シモオセ,Shimose,,,,,,,,0,0,0,0,0,0,1,1,1947-04-17,,0,3192402,,,,,,,,,,,,,,,
082252,0039000,1,茨城県,イバラキケン,Ibaraki,,,,常陸大宮市,ヒタチオオミヤシ,Hitachiomiya-shi,,,,下町,シモチョウ,Shimocho,,,,,,,,0,0,0,0,0,0,1,1,1947-04-17,,0,3192262,,,,,,,,,,,,,,,
082252,0040000,1,茨城県,イバラキケン,Ibaraki,,,,常陸大宮市,ヒタチオオミヤシ,Hitachiomiya-shi,,,,下檜沢,シモヒザワ,Shimohizawa,,,,,,,,0,0,0,0,0,0,1,1,1947-04-17,,0,3192512,,,,,,,,,,,,,,,
082252,0041000,1,茨城県,イバラキケン,Ibaraki,,,,常陸大宮市,ヒタチオオミヤシ,Hitachiomiya-shi,,,,下村田,シモムラタ,Shimomurata,,,,,,,,0,0,0,0,0,0,1,1,1947-04-17,,0,3192131,,,,,,,,,,,,,,,
082252,0042000,1,茨城県,イバラキケン,Ibaraki,,,,常陸大宮市,ヒタチオオミヤシ,Hitachiomiya-shi,,,,千田,センダ,Senda,,,,,,,,0,0,0,0,0,0,1,1,1947-04-17,,0,3192416,,,,,,,,,,,,,,,
082252,0043000,1,茨城県,イバラキケン,Ibaraki,,,,常陸大宮市,ヒタチオオミヤシ,Hitachiomiya-shi,,,,鷹巣,タカス,Takasu,,,,,,,,0,0,0,0,0,0,1,1,1947-04-17,,0,3192214,,,,,,,,,,,,,,,
082252,0044000,1,茨城県,イバラキケン,Ibaraki,,,,常陸大宮市,ヒタチオオミヤシ,Hitachiomiya-shi,,,,高部,タカブ,Takabu,,,,,,,,0,0,0,0,0,0,1,1,1947-04-17,,0,3192601,,,,,,,,,,,,,,,
082252,0045000,1,茨城県,イバラキケン,Ibaraki,,,,常陸大宮市,ヒタチオオミヤシ,Hitachiomiya-shi,,,,高渡町,タカワタリチョウ,Takawataricho,,,,,,,,0,0,0,0,0,0,1,1,1947-04-17,,0,3192253,,,,,,,,,,,,,,,
082252,0046000,1,茨城県,イバラキケン,Ibaraki,,,,常陸大宮市,ヒタチオオミヤシ,Hitachiomiya-shi,,,,田子内町,タゴウチチョウ,Tagochicho,,,,,,,,0,0,0,0,0,0,1,1,1947-04-17,,0,3192256,,,,,,,,,,,,,,,
082252,0047000,1,茨城県,イバラキケン,Ibaraki,,,,常陸大宮市,ヒタチオオミヤシ,Hitachiomiya-shi,,,,辰ノ口,タツノクチ,Tatsunokuchi,,,,,,,,0,0,0,0,0,0,1,1,1947-04-17,,0,3192201,,,,,,,,,,,,,,,
082252,0048000,1,茨城県,イバラキケン,Ibaraki,,,,常陸大宮市,ヒタチオオミヤシ,Hitachiomiya-shi,,,,照田,テルダ,,,,,,,,,0,0,0,0,0,0,1,1,1947-04-17,,0,,,,,,,,,,,,,,,,
082252,0048184,3,茨城県,イバラキケン,Ibaraki,,,,常陸大宮市,ヒタチオオミヤシ,Hitachiomiya-shi,,,,照田,テルダ,,,,,９１７番地～１４９０番地,,,,0,0,0,1,0,0,1,0,1947-04-17,,1,,,,,,,,,,,,,,,,
082252,0048185,3,茨城県,イバラキケン,Ibaraki,,,,常陸大宮市,ヒタチオオミヤシ,Hitachiomiya-shi,,,,照田,テルダ,,,,,９１７番地～１４９０番地以外,,,,0,0,0,1,0,0,1,0,1947-04-17,,1,,,,,,,,,,,,,,,,
082252,0049000,1,茨城県,イバラキケン,Ibaraki,,,,常陸大宮市,ヒタチオオミヤシ,Hitachiomiya-shi,,,,照山,テルヤマ,Teruyama,,,,,,,,0,0,0,0,0,0,1,1,1947-04-17,,0,3193113,,,,,,,,,,,,,,,
082252,0050000,1,茨城県,イバラキケン,Ibaraki,,,,常陸大宮市,ヒタチオオミヤシ,Hitachiomiya-shi,,,,東野,トウノ,Tono,,,,,,,,0,0,0,0,0,0,1,1,1947-04-17,,0,3192224,,,,,,,,,,,,,,,
082252,0051000,1,茨城県,イバラキケン,Ibaraki,,,,常陸大宮市,ヒタチオオミヤシ,Hitachiomiya-shi,,,,富岡,トミオカ,Tomioka,,,,,,,,0,0,0,0,0,0,1,1,1947-04-17,,0,3192204,,,,,,,,,,,,,,,
082252,0052000,1,茨城県,イバラキケン,Ibaraki,,,,常陸大宮市,ヒタチオオミヤシ,Hitachiomiya-shi,,,,鷲子,トリノコ,Torinoko,,,,,,,,0,0,0,0,0,0,1,1,1947-04-17,,0,3192603,,,,,,,,,,,,,,,
082252,0053000,1,茨城県,イバラキケン,Ibaraki,,,,常陸大宮市,ヒタチオオミヤシ,Hitachiomiya-shi,,,,那賀,ナカ,Naka,,,,,,,,0,0,0,0,0,0,1,1,1947-04-17,,0,3192403,,,,,,,,,,,,,,,
082252,0054000,1,茨城県,イバラキケン,Ibaraki,,,,常陸大宮市,ヒタチオオミヤシ,Hitachiomiya-shi,,,,中居,ナカイ,Nakai,,,,,,,,0,0,0,0,0,0,1,1,1947-04-17,,0,3114612,,,,,,,,,,,,,,,
082252,0055000,1,茨城県,イバラキケン,Ibaraki,,,,常陸大宮市,ヒタチオオミヤシ,Hitachiomiya-shi,,,,長倉,ナガクラ,Nagakura,,,,,,,,0,0,0,0,0,0,1,1,1947-04-17,,0,3114613,,,,,,,,,,,,,,,
082252,0056000,1,茨城県,イバラキケン,Ibaraki,,,,常陸大宮市,ヒタチオオミヤシ,Hitachiomiya-shi,,,,長沢,ナガサワ,Nagasawa,,,,,,,,0,0,0,0,0,0,1,1,1947-04-17,,0,3193117,,,,,,,,,,,,,,,
082252,0057000,1,茨城県,イバラキケン,Ibaraki,,,,常陸大宮市,ヒタチオオミヤシ,Hitachiomiya-shi,,,,中富町,ナカトミチョウ,Nakatomicho,,,,,,,,0,0,0,0,0,0,1,1,1947-04-17,,0,3192265,,,,,,,,,,,,,,,
082252,0058000,1,茨城県,イバラキケン,Ibaraki,,,,常陸大宮市,ヒタチオオミヤシ,Hitachiomiya-shi,,,,西塩子,ニシシオゴ,Nishishiogo,,,,,,,,0,0,0,0,0,0,1,1,1947-04-17,,0,3192225,,,,,,,,,,,,,,,
082252,0059000,1,茨城県,イバラキケン,Ibaraki,,,,常陸大宮市,ヒタチオオミヤシ,Hitachiomiya-shi,,,,西野内,ニシノウチ,Nishinochi,,,,,,,,0,0,0,0,0,0,1,1,1947-04-17,,0,3193106,,,,,,,,,,,,,,,
082252,0060000,1,茨城県,イバラキケン,Ibaraki,,,,常陸大宮市,ヒタチオオミヤシ,Hitachiomiya-shi,,,,根本,ネモト,Nemoto,,,,,,,,0,0,0,0,0,0,1,1,1947-04-17,,0,3192143,,,,,,,,,,,,,,,
082252,0061000,1,茨城県,イバラキケン,Ibaraki,,,,常陸大宮市,ヒタチオオミヤシ,Hitachiomiya-shi,,,,野上,ノガミ,Nogami,,,,,,,,0,0,0,0,0,0,1,1,1947-04-17,,0,3193114,,,,,,,,,,,,,,,
082252,0062000,1,茨城県,イバラキケン,Ibaraki,,,,常陸大宮市,ヒタチオオミヤシ,Hitachiomiya-shi,,,,野口,ノグチ,Noguchi,,,,,,,,0,0,0,0,0,0,1,1,1947-04-17,,0,3114503,,,,,,,,,,,,,,,
082252,0063000,1,茨城県,イバラキケン,Ibaraki,,,,常陸大宮市,ヒタチオオミヤシ,Hitachiomiya-shi,,,,野口平,ノグチタイラ,Noguchidaira,,,,,,,,0,0,0,0,0,0,1,1,1947-04-17,,0,3114502,,,,,,,,,,,,,,,
082252,0064000,1,茨城県,イバラキケン,Ibaraki,,,,常陸大宮市,ヒタチオオミヤシ,Hitachiomiya-shi,,,,野田,ノダ,Noda,,,,,,,,0,0,0,0,0,0,1,1,1947-04-17,,0,3114618,,,,,,,,,,,,,,,
082252,0065000,1,茨城県,イバラキケン,Ibaraki,,,,常陸大宮市,ヒタチオオミヤシ,Hitachiomiya-shi,,,,野中町,ノナカチョウ,Nonakacho,,,,,,,,0,0,0,0,0,0,1,1,1947-04-17,,0,3192255,,,,,,,,,,,,,,,
082252,0066000,1,茨城県,イバラキケン,Ibaraki,,,,常陸大宮市,ヒタチオオミヤシ,Hitachiomiya-shi,,,,八田,ハッタ,Hatta,,,,,,,,0,0,0,0,0,0,1,1,1947-04-17,,0,3192221,,,,,,,,,,,,,,,
082252,0067000,1,茨城県,イバラキケン,Ibaraki,,,,常陸大宮市,ヒタチオオミヤシ,Hitachiomiya-shi,,,,東富町,ヒガシトミチョウ,Higashitomicho,,,,,,,,0,0,0,0,0,0,1,1,1947-04-17,,0,3192252,,,,,,,,,,,,,,,
082252,0068000,1,茨城県,イバラキケン,Ibaraki,,,,常陸大宮市,ヒタチオオミヤシ,Hitachiomiya-shi,,,,氷之沢,ヒノサワ,Hinosawa,,,,,,,,0,0,0,0,0,0,1,1,1947-04-17,,0,3192513,,,,,,,,,,,,,,,
082252,0069000,1,茨城県,イバラキケン,Ibaraki,,,,常陸大宮市,ヒタチオオミヤシ,Hitachiomiya-shi,,,,檜山,ヒヤマ,Hiyama,,,,,,,,0,0,0,0,0,0,1,1,1947-04-17,,0,3114616,,,,,,,,,,,,,,,
082252,0070000,1,茨城県,イバラキケン,Ibaraki,,,,常陸大宮市,ヒタチオオミヤシ,Hitachiomiya-shi,,,,舟生,フニュウ,Funyu,,,,,,,,0,0,0,0,0,0,1,1,1947-04-17,,0,3193107,,,,,,,,,,,,,,,
082252,0071000,1,茨城県,イバラキケン,Ibaraki,,,,常陸大宮市,ヒタチオオミヤシ,Hitachiomiya-shi,,,,松之草,マツノクサ,Matsunokusa,,,,,,,,0,0,0,0,0,0,1,1,1947-04-17,,0,3192413,,,,,,,,,,,,,,,
082252,0072000,1,茨城県,イバラキケン,Ibaraki,,,,常陸大宮市,ヒタチオオミヤシ,Hitachiomiya-shi,,,,南町,ミナミチョウ,Minamicho,,,,,,,,0,0,0,0,0,0,1,1,1947-04-17,,0,3192263,,,,,,,,,,,,,,,
082252,0073000,1,茨城県,イバラキケン,Ibaraki,,,,常陸大宮市,ヒタチオオミヤシ,Hitachiomiya-shi,,,,宮の郷,ミヤノサト,Miyanosato,,,,,,,,0,0,0,0,0,0,1,1,1947-04-17,,0,3192205,,,,,,,,,,,,,,,
082252,0074000,1,茨城県,イバラキケン,Ibaraki,,,,常陸大宮市,ヒタチオオミヤシ,Hitachiomiya-shi,,,,三美,ミヨシ,Miyoshi,,,,,,,,0,0,0,0,0,0,1,1,1947-04-17,,0,3192223,,,,,,,,,,,,,,,
082252,0075000,1,茨城県,イバラキケン,Ibaraki,,,,常陸大宮市,ヒタチオオミヤシ,Hitachiomiya-shi,,,,盛金,モリガネ,Morigane,,,,,,,,0,0,0,0,0,0,1,1,1947-04-17,,0,3193102,,,,,,,,,,,,,,,
082252,0076000,1,茨城県,イバラキケン,Ibaraki,,,,常陸大宮市,ヒタチオオミヤシ,Hitachiomiya-shi,,,,諸沢,モロザワ,Morozawa,,,,,,,,0,0,0,0,0,0,1,1,1947-04-17,,0,3193105,,,,,,,,,,,,,,,
082252,0077000,1,茨城県,イバラキケン,Ibaraki,,,,常陸大宮市,ヒタチオオミヤシ,Hitachiomiya-shi,,,,山方,ヤマガタ,Yamagata,,,,,,,,0,0,0,0,0,0,1,1,1947-04-17,,0,3193111,,,,,,,,,,,,,,,
082252,0078000,1,茨城県,イバラキケン,Ibaraki,,,,常陸大宮市,ヒタチオオミヤシ,Hitachiomiya-shi,,,,家和楽,ヤワラ,Yawara,,,,,,,,0,0,0,0,0,0,1,1,1947-04-17,,0,3193103,,MJ010166_*_*,,,,,,,,,,,,,
082252,0079000,1,茨城県,イバラキケン,Ibaraki,,,,常陸大宮市,ヒタチオオミヤシ,Hitachiomiya-shi,,,,抽ヶ台町,ユガダイチョウ,Yugadaicho,,,,,,,,0,0,0,0,0,0,1,1,1947-04-17,,0,3192266,,,,,,,,,,,,,,,
082252,0080000,1,茨城県,イバラキケン,Ibaraki,,,,常陸大宮市,ヒタチオオミヤシ,Hitachiomiya-shi,,,,油河内,ユゴウト,Yugoto,,,,,,,,0,0,0,0,0,0,1,1,1947-04-17,,0,3192417,,,,,,,,,,,,,,,
082252,0081000,1,茨城県,イバラキケン,Ibaraki,,,,常陸大宮市,ヒタチオオミヤシ,Hitachiomiya-shi,,,,吉丸,ヨシマル,Yoshimaru,,,,,,,,0,0,0,0,0,0,1,1,1947-04-17,,0,3192414,,,,,,,,,,,,,,,
082252,0082000,1,茨城県,イバラキケン,Ibaraki,,,,常陸大宮市,ヒタチオオミヤシ,Hitachiomiya-shi,,,,若林,ワカバヤシ,Wakabayashi,,,,,,,,0,0,0,0,0,0,1,1,1947-04-17,,0,3192222,,,,,,,,,,,,,,,
082261,0001000,1,茨城県,イバラキケン,Ibaraki,,,,那珂市,ナカシ,Naka-shi,,,,飯田,イイダ,Iida,,,,,,,,0,0,0,0,0,0,1,1,1947-04-17,,0,3110134,,,,,,,,,,,,,,,
082261,0002000,1,茨城県,イバラキケン,Ibaraki,,,,那珂市,ナカシ,Naka-shi,,,,瓜連,ウリヅラ,Urizura,,,,,,,,0,0,0,0,0,0,1,1,1947-04-17,,0,3192102,,,,,,,,,,,,,,,
082261,0003000,1,茨城県,イバラキケン,Ibaraki,,,,那珂市,ナカシ,Naka-shi,,,,大内,オオウチ,Ouchi,,,,,,,,0,0,0,0,0,0,1,1,1947-04-17,,0,3110125,,,,,,,,,,,,,,,
082261,0004000,1,茨城県,イバラキケン,Ibaraki,,,,那珂市,ナカシ,Naka-shi,,,,鹿島,カシマ,Kashima,,,,,,,,0,0,0,0,0,0,1,1,1947-04-17,,0,3110135,,,,,,,,,,,,,,,
082261,0004160,3,茨城県,イバラキケン,Ibaraki,,,,那珂市,ナカシ,Naka-shi,,,,鹿島,カシマ,,,,,木崎地区,,,,0,0,0,0,0,0,1,0,1947-04-17,,1,,,,,,,,,,,,,,,,
082261,0004161,3,茨城県,イバラキケン,Ibaraki,,,,那珂市,ナカシ,Naka-shi,,,,鹿島,カシマ,,,,,瓜連地区,,,,0,0,0,0,0,0,1,0,1947-04-17,,1,,,,,,,,,,,,,,,,
082261,0005000,1,茨城県,イバラキケン,Ibaraki,,,,那珂市,ナカシ,Naka-shi,,,,門部,カドベ,Kadobe,,,,,,,,0,0,0,0,0,0,1,1,1947-04-17,,0,3110136,,,,,,,,,,,,,,,
082261,0006000,1,茨城県,イバラキケン,Ibaraki,,,,那珂市,ナカシ,Naka-shi,,,,上河内,カミガチ,Kamigachi,,,,,,,,0,0,0,0,0,0,1,1,1947-04-17,,0,3110116,,,,,,,,,,,,,,,
082261,0007000,1,茨城県,イバラキケン,Ibaraki,,,,那珂市,ナカシ,Naka-shi,,,,北酒出,キタサカイデ,Kitasakaide,,,,,,,,0,0,0,0,0,0,1,1,1947-04-17,,0,3110131,,,,,,,,,,,,,,,
082261,0008000,1,茨城県,イバラキケン,Ibaraki,,,,那珂市,ナカシ,Naka-shi,,,,鴻巣,コウノス,Konosu,,,,,,,,0,0,0,0,0,0,1,1,1947-04-17,,0,3110133,,,,,,,,,,,,,,,
082261,0009000,1,茨城県,イバラキケン,Ibaraki,,,,那珂市,ナカシ,Naka-shi,,,,後台,ゴダイ,Godai,,,,,,,,0,0,0,0,0,0,1,1,1947-04-17,,0,3110111,,,,,,,,,,,,,,,
082261,0010000,1,茨城県,イバラキケン,Ibaraki,,,,那珂市,ナカシ,Naka-shi,,,,古徳,コトク,Kotoku,,,,,,,,0,0,0,0,0,0,1,1,1947-04-17,,0,3192105,,,,,,,,,,,,,,,
082261,0011000,1,茨城県,イバラキケン,Ibaraki,,,,那珂市,ナカシ,Naka-shi,,,,静,シズ,Shizu,,,,,,,,0,0,0,0,0,0,1,1,1947-04-17,,0,3192106,,,,,,,,,,,,,,,
082261,0012000,1,茨城県,イバラキケン,Ibaraki,,,,那珂市,ナカシ,Naka-shi,,,,下江戸,シモエド,Shimoedo,,,,,,,,0,0,0,0,0,0,1,1,1947-04-17,,0,3110126,,,,,,,,,,,,,,,
082261,0013000,1,茨城県,イバラキケン,Ibaraki,,,,那珂市,ナカシ,Naka-shi,,,,下大賀,シモオオガ,Shimooga,,,,,,,,0,0,0,0,0,0,1,1,1947-04-17,,0,3192107,,,,,,,,,,,,,,,
082261,0014000,1,茨城県,イバラキケン,Ibaraki,,,,那珂市,ナカシ,Naka-shi,,,,菅谷,スガヤ,Sugaya,,,,,,,,0,0,0,0,0,0,1,1,1947-04-17,,0,3110105,,,,,,,,,,,,,,,
082261,0015000,1,茨城県,イバラキケン,Ibaraki,,,,那珂市,ナカシ,Naka-shi,,,,杉,スギ,Sugi,,,,,,,,0,0,0,0,0,0,1,1,1947-04-17,,0,3110106,,,,,,,,,,,,,,,
082261,0016001,2,茨城県,イバラキケン,Ibaraki,,,,那珂市,ナカシ,Naka-shi,,,,竹ノ内,タケノウチ,Takenochi,１丁目,１チョウメ,1,,,,,0,0,0,0,0,0,1,1,1947-04-17,,0,,,,,,,,,,,,,,,,
082261,0016002,2,茨城県,イバラキケン,Ibaraki,,,,那珂市,ナカシ,Naka-shi,,,,竹ノ内,タケノウチ,Takenochi,２丁目,２チョウメ,2,,,,,0,0,0,0,0,0,1,1,1947-04-17,,0,,,,,,,,,,,,,,,,
082261,0016003,2,茨城県,イバラキケン,Ibaraki,,,,那珂市,ナカシ,Naka-shi,,,,竹ノ内,タケノウチ,Takenochi,３丁目,３チョウメ,3,,,,,0,0,0,0,0,0,1,1,1947-04-17,,0,,,,,,,,,,,,,,,,
082261,0016004,2,茨城県,イバラキケン,Ibaraki,,,,那珂市,ナカシ,Naka-shi,,,,竹ノ内,タケノウチ,Takenochi,４丁目,４チョウメ,4,,,,,0,0,0,0,0,0,1,1,1947-04-17,,0,,,,,,,,,,,,,,,,
082261,0017000,1,茨城県,イバラキケン,Ibaraki,,,,那珂市,ナカシ,Naka-shi,,,,田崎,タサキ,Tasaki,,,,,,,,0,0,0,0,0,0,1,1,1947-04-17,,0,3110124,,,,,,,,,,,,,,,
082261,0018000,1,茨城県,イバラキケン,Ibaraki,,,,那珂市,ナカシ,Naka-shi,,,,津田,ツダ,Tsuda,,,,,,,,0,0,0,0,0,0,1,1,1947-04-17,,0,3110112,,,,,,,,,,,,,,,
082261,0019000,1,茨城県,イバラキケン,Ibaraki,,,,那珂市,ナカシ,Naka-shi,,,,堤,ツツミ,Tsutsumi,,,,,,,,0,0,0,0,0,0,1,1,1947-04-17,,0,3110104,,,,,,,,,,,,,,,
082261,0020000,1,茨城県,イバラキケン,Ibaraki,,,,那珂市,ナカシ,Naka-shi,,,,戸崎,トザキ,Tozaki,,,,,,,,0,0,0,0,0,0,1,1,1947-04-17,,0,3110121,,,,,,,,,,,,,,,
082261,0021000,1,茨城県,イバラキケン,Ibaraki,,,,那珂市,ナカシ,Naka-shi,,,,豊喰,トヨバミ,Toyobami,,,,,,,,0,0,0,0,0,0,1,1,1947-04-17,,0,3110117,,,,,,,,,,,,,,,
082261,0022000,1,茨城県,イバラキケン,Ibaraki,,,,那珂市,ナカシ,Naka-shi,,,,中里,ナカザト,Nakazato,,,,,,,,0,0,0,0,0,0,1,1,1947-04-17,,0,3192103,,,,,,,,,,,,,,,
082261,0023000,1,茨城県,イバラキケン,Ibaraki,,,,那珂市,ナカシ,Naka-shi,,,,中台,ナカダイ,Nakadai,,,,,,,,0,0,0,0,0,0,1,1,1947-04-17,,0,3110113,,,,,,,,,,,,,,,
082261,0024000,1,茨城県,イバラキケン,Ibaraki,,,,那珂市,ナカシ,Naka-shi,,,,西木倉,ニシキノクラ,Nishikinokura,,,,,,,,0,0,0,0,0,0,1,1,1947-04-17,,0,3110115,,,,,,,,,,,,,,,
082261,0025000,1,茨城県,イバラキケン,Ibaraki,,,,那珂市,ナカシ,Naka-shi,,,,額田北郷,ヌカダキタゴウ,Nukadakitago,,,,,,,,0,0,0,0,0,0,1,1,1947-04-17,,0,3110108,,,,,,,,,,,,,,,
082261,0026000,1,茨城県,イバラキケン,Ibaraki,,,,那珂市,ナカシ,Naka-shi,,,,額田東郷,ヌカダヒガシゴウ,Nukadahigashigo,,,,,,,,0,0,0,0,0,0,1,1,1947-04-17,,0,3110109,,,,,,,,,,,,,,,
082261,0027000,1,茨城県,イバラキケン,Ibaraki,,,,那珂市,ナカシ,Naka-shi,,,,額田南郷,ヌカダミナミゴウ,Nukadaminamigo,,,,,,,,0,0,0,0,0,0,1,1,1947-04-17,,0,3110107,,,,,,,,,,,,,,,
082261,0028000,1,茨城県,イバラキケン,Ibaraki,,,,那珂市,ナカシ,Naka-shi,,,,東木倉,ヒガシキノクラ,Higashikinokura,,,,,,,,0,0,0,0,0,0,1,1,1947-04-17,,0,3110114,,,,,,,,,,,,,,,
082261,0029000,1,茨城県,イバラキケン,Ibaraki,,,,那珂市,ナカシ,Naka-shi,,,,平野,ヒラノ,Hirano,,,,,,,,0,0,0,0,0,0,1,1,1947-04-17,,0,3192104,,,,,,,,,,,,,,,
082261,0030000,1,茨城県,イバラキケン,Ibaraki,,,,那珂市,ナカシ,Naka-shi,,,,福田,フクダ,Fukuda,,,,,,,,0,0,0,0,0,0,1,1,1947-04-17,,0,3110118,,,,,,,,,,,,,,,
082261,0031000,1,茨城県,イバラキケン,Ibaraki,,,,那珂市,ナカシ,Naka-shi,,,,南酒出,ミナミサカイデ,Minamisakaide,,,,,,,,0,0,0,0,0,0,1,1,1947-04-17,,0,3110132,,,,,,,,,,,,,,,
082261,0032000,1,茨城県,イバラキケン,Ibaraki,,,,那珂市,ナカシ,Naka-shi,,,,向山,ムコウヤマ,Mukoyama,,,,,,,,0,0,0,0,0,0,1,1,1947-04-17,,0,3110102,,,,,,,,,,,,,,,
082261,0033000,1,茨城県,イバラキケン,Ibaraki,,,,那珂市,ナカシ,Naka-shi,,,,本米崎,モトコメザキ,Motokomezaki,,,,,,,,0,0,0,0,0,0,1,1,1947-04-17,,0,3110101,,,,,,,,,,,,,,,
082261,0034000,1,茨城県,イバラキケン,Ibaraki,,,,那珂市,ナカシ,Naka-shi,,,,横堀,ヨコボリ,Yokobori,,,,,,,,0,0,0,0,0,0,1,1,1947-04-17,,0,3110103,,,,,,,,,,,,,,,
082261,0035000,1,茨城県,イバラキケン,Ibaraki,,,,那珂市,ナカシ,Naka-shi,,,,上国井,カミクニイ,Kamikunii,,,,,,,,0,0,0,0,0,0,1,1,1947-04-17,,0,3110123,,,,,,,,,,,,,,,
082261,0036000,1,茨城県,イバラキケン,Ibaraki,,,,那珂市,ナカシ,Naka-shi,,,,戸,ト,To,,,,,,,,0,0,0,0,0,0,1,1,1947-04-17,,0,3110122,,,,,,,,,,,,,,,
082261,0037000,1,茨城県,イバラキケン,Ibaraki,,,,那珂市,ナカシ,Naka-shi,,,,下村田,シモムラタ,,,,,,,,,0,0,0,0,0,0,1,1,1947-04-17,,0,,,,,,,,,,,,,,,,
082261,0038000,1,茨城県,イバラキケン,Ibaraki,,,,那珂市,ナカシ,Naka-shi,,,,青柳,アオヤギ,,,,,,,,,0,0,0,0,0,0,1,1,1947-04-17,,0,,,,,,,,,,,,,,,,
082261,0039000,1,茨城県,イバラキケン,Ibaraki,,,,那珂市,ナカシ,Naka-shi,,,,田彦,タビコ,,,,,,,,,0,0,0,0,0,0,1,1,1947-04-17,,0,,,,,,,,,,,,,,,,
082261,0040000,1,茨城県,イバラキケン,Ibaraki,,,,那珂市,ナカシ,Naka-shi,,,,柳河,ヤナカワ,,,,,,,,,0,0,0,0,0,0,1,1,1947-04-17,,0,,,,,,,,,,,,,,,,
082279,0001000,1,茨城県,イバラキケン,Ibaraki,,,,筑西市,チクセイシ,Chikusei-shi,,,,赤浜,アカハマ,Akahama,,,,,,,,0,0,0,0,0,0,1,1,1947-04-17,,0,3004523,,,,,,,,,,,,,,,
082279,0002000,1,茨城県,イバラキケン,Ibaraki,,,,筑西市,チクセイシ,Chikusei-shi,,,,旭ヶ丘,アサヒガオカ,Asahigaoka,,,,,,,,0,0,0,0,0,0,1,1,1947-04-17,,0,3080836,,,,,,,,,,,,,,,
082279,0003000,1,茨城県,イバラキケン,Ibaraki,,,,筑西市,チクセイシ,Chikusei-shi,,,,新井新田,アライシンデン,Araishinden,,,,,,,,0,0,0,0,0,0,1,1,1947-04-17,,0,3004516,,,,,,,,,,,,,,,
082279,0004000,1,茨城県,イバラキケン,Ibaraki,,,,筑西市,チクセイシ,Chikusei-shi,,,,有田,アリタ,Arita,,,,,,,,0,0,0,0,0,0,1,1,1947-04-17,,0,3004512,,,,,,,,,,,,,,,
082279,0005000,1,茨城県,イバラキケン,Ibaraki,,,,筑西市,チクセイシ,Chikusei-shi,,,,飯島,イイジマ,Iijima,,,,,,,,0,0,0,0,0,0,1,1,1947-04-17,,0,3080064,,,,,,,,,,,,,,,
082279,0006000,1,茨城県,イバラキケン,Ibaraki,,,,筑西市,チクセイシ,Chikusei-shi,,,,飯田,イイダ,Iida,,,,,,,,0,0,0,0,0,0,1,1,1947-04-17,,0,3080835,,,,,,,,,,,,,,,
082279,0007000,1,茨城県,イバラキケン,Ibaraki,,,,筑西市,チクセイシ,Chikusei-shi,,,,伊讃美,イサミ,Isami,,,,,,,,0,0,0,0,0,0,1,1,1947-04-17,,0,3080853,,,,,,,,,,,,,,,
082279,0008000,1,茨城県,イバラキケン,Ibaraki,,,,筑西市,チクセイシ,Chikusei-shi,,,,伊佐山,イサヤマ,Isayama,,,,,,,,0,0,0,0,0,0,1,1,1947-04-17,,0,3080856,,,,,,,,,,,,,,,
082279,0009000,1,茨城県,イバラキケン,Ibaraki,,,,筑西市,チクセイシ,Chikusei-shi,,,,石塔,イシトウ,Ishito,,,,,,,,0,0,0,0,0,0,1,1,1947-04-17,,0,3080075,,,,,,,,,,,,,,,
082279,0010000,1,茨城県,イバラキケン,Ibaraki,,,,筑西市,チクセイシ,Chikusei-shi,,,,石原田,イシハラダ,Ishiharada,,,,,,,,0,0,0,0,0,0,1,1,1947-04-17,,0,3080055,,,,,,,,,,,,,,,
082279,0011000,1,茨城県,イバラキケン,Ibaraki,,,,筑西市,チクセイシ,Chikusei-shi,,,,泉,イズミ,Izumi,,,,,,,,0,0,0,0,0,0,1,1,1947-04-17,,0,3080076,,,,,,,,,,,,,,,
082279,0012000,1,茨城県,イバラキケン,Ibaraki,,,,筑西市,チクセイシ,Chikusei-shi,,,,板橋,イタバシ,Itabashi,,,,,,,,0,0,0,0,0,0,1,1,1947-04-17,,0,3080116,,,,,,,,,,,,,,,
082279,0013000,1,茨城県,イバラキケン,Ibaraki,,,,筑西市,チクセイシ,Chikusei-shi,,,,市野辺,イチノベ,Ichinobe,,,,,,,,0,0,0,0,0,0,1,1,1947-04-17,,0,3080827,,,,,,,,,,,,,,,
082279,0014000,1,茨城県,イバラキケン,Ibaraki,,,,筑西市,チクセイシ,Chikusei-shi,,,,一本松,イッポンマツ,Ippommatsu,,,,,,,,0,0,0,0,0,0,1,1,1947-04-17,,0,3080842,,,,,,,,,,,,,,,
082279,0015000,1,茨城県,イバラキケン,Ibaraki,,,,筑西市,チクセイシ,Chikusei-shi,,,,井出蛯沢,イデエビサワ,Ideebisawa,,,,,,,,0,0,0,0,0,0,1,1,1947-04-17,,0,3091108,,,,,,,,,,,,,,,
082279,0016000,1,茨城県,イバラキケン,Ibaraki,,,,筑西市,チクセイシ,Chikusei-shi,,,,稲野辺,イナノベ,Inanobe,,,,,,,,0,0,0,0,0,0,1,1,1947-04-17,,0,3080805,,,,,,,,,,,,,,,
082279,0017000,1,茨城県,イバラキケン,Ibaraki,,,,筑西市,チクセイシ,Chikusei-shi,,,,稲荷,イナリ,Inari,,,,,,,,0,0,0,0,0,0,1,0,1947-04-17,,0,3080106,,,,,,,,,,,,,,,
082279,0018000,1,茨城県,イバラキケン,Ibaraki,,,,筑西市,チクセイシ,Chikusei-shi,,,,犬塚,イヌツカ,Inuzuka,,,,,,,,0,0,0,0,0,0,1,1,1947-04-17,,0,3080117,,,,,,,,,,,,,,,
082279,0019000,1,茨城県,イバラキケン,Ibaraki,,,,筑西市,チクセイシ,Chikusei-shi,,,,井上,イノウエ,Inoe,,,,,,,,0,0,0,0,0,0,1,1,1947-04-17,,0,3080101,,,,,,,,,,,,,,,
082279,0020000,1,茨城県,イバラキケン,Ibaraki,,,,筑西市,チクセイシ,Chikusei-shi,,,,上野,ウエノ,Ueno,,,,,,,,0,0,0,0,0,0,1,1,1947-04-17,,0,3080129,,,,,,,,,,,,,,,
082279,0021000,1,茨城県,イバラキケン,Ibaraki,,,,筑西市,チクセイシ,Chikusei-shi,,,,内淀,ウチヨド,Uchiyodo,,,,,,,,0,0,0,0,0,0,1,1,1947-04-17,,0,3004507,,,,,,,,,,,,,,,
082279,0022000,1,茨城県,イバラキケン,Ibaraki,,,,筑西市,チクセイシ,Chikusei-shi,,,,江,エ,E,,,,,,,,0,0,0,0,0,0,1,1,1947-04-17,,0,3080128,,,,,,,,,,,,,,,
082279,0023000,1,茨城県,イバラキケン,Ibaraki,,,,筑西市,チクセイシ,Chikusei-shi,,,,海老江,エビエ,Ebie,,,,,,,,0,0,0,0,0,0,1,1,1947-04-17,,0,3004538,,,,,,,,,,,,,,,
082279,0024000,1,茨城県,イバラキケン,Ibaraki,,,,筑西市,チクセイシ,Chikusei-shi,,,,海老ヶ島,エビガシマ,Ebigashima,,,,,,,,0,0,0,0,0,0,1,1,1947-04-17,,0,3004517,,,,,,,,,,,,,,,
082279,0025000,1,茨城県,イバラキケン,Ibaraki,,,,筑西市,チクセイシ,Chikusei-shi,,,,大島,オオシマ,Oshima,,,,,,,,0,0,0,0,0,0,1,1,1947-04-17,,0,3091125,,,,,,,,,,,,,,,
082279,0026000,1,茨城県,イバラキケン,Ibaraki,,,,筑西市,チクセイシ,Chikusei-shi,,,,大関,オオゼキ,Ozeki,,,,,,,,0,0,0,0,0,0,1,1,1947-04-17,,0,3080015,,,,,,,,,,,,,,,
082279,0027000,1,茨城県,イバラキケン,Ibaraki,,,,筑西市,チクセイシ,Chikusei-shi,,,,大塚,オオツカ,Otsuka,,,,,,,,0,0,0,0,0,0,1,1,1947-04-17,,0,3080813,,,,,,,,,,,,,,,
082279,0028000,1,茨城県,イバラキケン,Ibaraki,,,,筑西市,チクセイシ,Chikusei-shi,,,,大林,オオバヤシ,Obayashi,,,,,,,,0,0,0,0,0,0,1,1,1947-04-17,,0,3004537,,,,,,,,,,,,,,,
082279,0029000,1,茨城県,イバラキケン,Ibaraki,,,,筑西市,チクセイシ,Chikusei-shi,,,,大谷,オオヤ,Oya,,,,,,,,0,0,0,0,0,0,1,1,1947-04-17,,0,3080852,,,,,,,,,,,,,,,
082279,0030000,1,茨城県,イバラキケン,Ibaraki,,,,筑西市,チクセイシ,Chikusei-shi,,,,岡芹,オカゼリ,Okazeri,,,,,,,,0,0,0,0,0,0,1,1,1947-04-17,,0,3080051,,,,,,,,,,,,,,,
082279,0030001,2,茨城県,イバラキケン,Ibaraki,,,,筑西市,チクセイシ,Chikusei-shi,,,,岡芹,オカゼリ,Okazeri,一丁目,１チョウメ,1,,,,,0,0,0,0,0,0,1,1,1947-04-17,,0,,,,,,,,,,,,,,,,
082279,0030002,2,茨城県,イバラキケン,Ibaraki,,,,筑西市,チクセイシ,Chikusei-shi,,,,岡芹,オカゼリ,Okazeri,二丁目,２チョウメ,2,,,,,0,0,0,0,0,0,1,1,1947-04-17,,0,,,,,,,,,,,,,,,,
082279,0031000,1,茨城県,イバラキケン,Ibaraki,,,,筑西市,チクセイシ,Chikusei-shi,,,,小川,オガワ,Ogawa,,,,,,,,0,0,0,0,0,0,1,1,1947-04-17,,0,3080857,,,,,,,,,,,,,,,
082279,0032000,1,茨城県,イバラキケン,Ibaraki,,,,筑西市,チクセイシ,Chikusei-shi,,,,奥田,オクダ,Okuda,,,,,,,,0,0,0,0,0,0,1,1,1947-04-17,,0,3080012,,,,,,,,,,,,,,,
082279,0033000,1,茨城県,イバラキケン,Ibaraki,,,,筑西市,チクセイシ,Chikusei-shi,,,,小栗,オグリ,Oguri,,,,,,,,0,0,0,0,0,0,1,1,1947-04-17,,0,3091101,,,,,,,,,,,,,,,
082279,0034000,1,茨城県,イバラキケン,Ibaraki,,,,筑西市,チクセイシ,Chikusei-shi,,,,女方,オザカタ,Ozakata,,,,,,,,0,0,0,0,0,0,1,1,1947-04-17,,0,3080854,,,,,,,,,,,,,,,
082279,0035000,1,茨城県,イバラキケン,Ibaraki,,,,筑西市,チクセイシ,Chikusei-shi,,,,押尾,オシビ,Oshibi,,,,,,,,0,0,0,0,0,0,1,1,1947-04-17,,0,3004511,,,,,,,,,,,,,,,
082279,0036000,1,茨城県,イバラキケン,Ibaraki,,,,筑西市,チクセイシ,Chikusei-shi,,,,落合,オチアイ,Ochiai,,,,,,,,0,0,0,0,0,0,1,1,1947-04-17,,0,3080002,,,,,,,,,,,,,,,
082279,0037000,1,茨城県,イバラキケン,Ibaraki,,,,筑西市,チクセイシ,Chikusei-shi,,,,乙,オツ,Otsu,,,,,,,,0,0,0,0,0,0,1,0,1947-04-17,,0,3080041,,,,,,,,,,,,,,,
082279,0038000,1,茨城県,イバラキケン,Ibaraki,,,,筑西市,チクセイシ,Chikusei-shi,,,,小林,オバヤシ,Obayashi,,,,,,,,0,0,0,0,0,0,1,1,1947-04-17,,0,3080806,,,,,,,,,,,,,,,
082279,0039000,1,茨城県,イバラキケン,Ibaraki,,,,筑西市,チクセイシ,Chikusei-shi,,,,折本,オリモト,Orimoto,,,,,,,,0,0,0,0,0,0,1,1,1947-04-17,,0,3080007,,,,,,,,,,,,,,,
082279,0040000,1,茨城県,イバラキケン,Ibaraki,,,,筑西市,チクセイシ,Chikusei-shi,,,,嘉家佐和,カゲサワ,Kagesawa,,,,,,,,0,0,0,0,0,0,1,1,1947-04-17,,0,3080837,,*_MJ010166_*_*,,,,,,,,,,,,,
082279,0041000,1,茨城県,イバラキケン,Ibaraki,,,,筑西市,チクセイシ,Chikusei-shi,,,,梶内,カジウチ,Kajiuchi,,,,,,,,0,0,0,0,0,0,1,1,1947-04-17,,0,3080107,,,,,,,,,,,,,,,
082279,0042000,1,茨城県,イバラキケン,Ibaraki,,,,筑西市,チクセイシ,Chikusei-shi,,,,門井,カドイ,Kadoi,,,,,,,,0,0,0,0,0,0,1,1,1947-04-17,,0,3091107,,,,,,,,,,,,,,,
082279,0043000,1,茨城県,イバラキケン,Ibaraki,,,,筑西市,チクセイシ,Chikusei-shi,,,,金丸,カナマル,Kanamaru,,,,,,,,0,0,0,0,0,0,1,1,1947-04-17,,0,3080804,,,,,,,,,,,,,,,
082279,0044000,1,茨城県,イバラキケン,Ibaraki,,,,筑西市,チクセイシ,Chikusei-shi,,,,上川中子,カミカワナゴ,Kamikawanago,,,,,,,,0,0,0,0,0,0,1,1,1947-04-17,,0,3080815,,,,,,,,,,,,,,,
082279,0045000,1,茨城県,イバラキケン,Ibaraki,,,,筑西市,チクセイシ,Chikusei-shi,,,,上中山,カミナカヤマ,Kaminakayama,,,,,,,,0,0,0,0,0,0,1,1,1947-04-17,,0,3080017,,,,,,,,,,,,,,,
082279,0046000,1,茨城県,イバラキケン,Ibaraki,,,,筑西市,チクセイシ,Chikusei-shi,,,,上西郷谷,カミニシゴウヤ,Kaminishigoya,,,,,,,,0,0,0,0,0,0,1,1,1947-04-17,,0,3004502,,,,,,,,,,,,,,,
082279,0047000,1,茨城県,イバラキケン,Ibaraki,,,,筑西市,チクセイシ,Chikusei-shi,,,,上平塚,カミヒラツカ,Kamihiratsuka,,,,,,,,0,0,0,0,0,0,1,1,1947-04-17,,0,3080067,,,,,,,,,,,,,,,
082279,0048000,1,茨城県,イバラキケン,Ibaraki,,,,筑西市,チクセイシ,Chikusei-shi,,,,上星谷,カミホシヤ,Kamihoshiya,,,,,,,,0,0,0,0,0,0,1,1,1947-04-17,,0,3091111,,,,,,,,,,,,,,,
082279,0049000,1,茨城県,イバラキケン,Ibaraki,,,,筑西市,チクセイシ,Chikusei-shi,,,,神分,カミワケ,Kamiwake,,,,,,,,0,0,0,0,0,0,1,1,1947-04-17,,0,3080063,,,,,,,,,,,,,,,
082279,0050000,1,茨城県,イバラキケン,Ibaraki,,,,筑西市,チクセイシ,Chikusei-shi,,,,川澄,カワスミ,Kawasumi,,,,,,,,0,0,0,0,0,0,1,1,1947-04-17,,0,3080801,,,,,,,,,,,,,,,
082279,0051000,1,茨城県,イバラキケン,Ibaraki,,,,筑西市,チクセイシ,Chikusei-shi,,,,川連,カワヅレ,Kawazure,,,,,,,,0,0,0,0,0,0,1,1,1947-04-17,,0,3080814,,,,,,,,,,,,,,,
082279,0052000,1,茨城県,イバラキケン,Ibaraki,,,,筑西市,チクセイシ,Chikusei-shi,,,,木戸,キド,Kido,,,,,,,,0,0,0,0,0,0,1,1,1947-04-17,,0,3080104,,,,,,,,,,,,,,,
082279,0053000,1,茨城県,イバラキケン,Ibaraki,,,,筑西市,チクセイシ,Chikusei-shi,,,,久地楽,クジラ,Kujira,,,,,,,,0,0,0,0,0,0,1,1,1947-04-17,,0,3091103,,MJ006378_*_*,,,,,,,,,,,,,
082279,0054000,1,茨城県,イバラキケン,Ibaraki,,,,筑西市,チクセイシ,Chikusei-shi,,,,口戸,クチド,Kuchido,,,,,,,,0,0,0,0,0,0,1,1,1947-04-17,,0,3080071,,,,,,,,,,,,,,,
082279,0055000,1,茨城県,イバラキケン,Ibaraki,,,,筑西市,チクセイシ,Chikusei-shi,,,,倉持,クラモチ,Kuramochi,,,,,,,,0,0,0,0,0,0,1,1,1947-04-17,,0,3004515,,,,,,,,,,,,,,,
082279,0056000,1,茨城県,イバラキケン,Ibaraki,,,,筑西市,チクセイシ,Chikusei-shi,,,,栗島,クリシマ,Kurishima,,,,,,,,0,0,0,0,0,0,1,1,1947-04-17,,0,3080061,,,,,,,,,,,,,,,
082279,0057000,1,茨城県,イバラキケン,Ibaraki,,,,筑西市,チクセイシ,Chikusei-shi,,,,黒子,クロゴ,Kurogo,,,,,,,,0,0,0,0,0,0,1,1,1947-04-17,,0,3080102,,,,,,,,,,,,,,,
082279,0058000,1,茨城県,イバラキケン,Ibaraki,,,,筑西市,チクセイシ,Chikusei-shi,,,,桑山,クワヤマ,Kuwayama,,,,,,,,0,0,0,0,0,0,1,1,1947-04-17,,0,3091127,,,,,,,,,,,,,,,
082279,0059000,1,茨城県,イバラキケン,Ibaraki,,,,筑西市,チクセイシ,Chikusei-shi,,,,甲,コウ,Ko,,,,,,,,0,0,0,0,0,0,1,0,1947-04-17,,0,3080021,,,,,,,,,,,,,,,
082279,0060000,1,茨城県,イバラキケン,Ibaraki,,,,筑西市,チクセイシ,Chikusei-shi,,,,国府田,コウダ,Koda,,,,,,,,0,0,0,0,0,0,1,1,1947-04-17,,0,3080004,,,,,,,,,,,,,,,
082279,0061000,1,茨城県,イバラキケン,Ibaraki,,,,筑西市,チクセイシ,Chikusei-shi,,,,子思儀,コシギ,Koshigi,,,,,,,,0,0,0,0,0,0,1,1,1947-04-17,,0,3080077,,,,,,,,,,,,,,,
082279,0062000,1,茨城県,イバラキケン,Ibaraki,,,,筑西市,チクセイシ,Chikusei-shi,,,,五所宮,ゴショミヤ,Goshomiya,,,,,,,,0,0,0,0,0,0,1,1,1947-04-17,,0,3080866,,,,,,,,,,,,,,,
082279,0063000,1,茨城県,イバラキケン,Ibaraki,,,,筑西市,チクセイシ,Chikusei-shi,,,,小塙,コバナ,Kobana,,,,,,,,0,0,0,0,0,0,1,1,1947-04-17,,0,3080862,,,,,,,,,,,,,,,
082279,0064001,2,茨城県,イバラキケン,Ibaraki,,,,筑西市,チクセイシ,Chikusei-shi,,,,幸町,サイワイチョウ,Saiwaicho,一丁目,１チョウメ,1,,,,,1,1,0,0,0,0,1,1,1947-04-17,,0,,,,,,,,,,,,,,,,
082279,0064002,2,茨城県,イバラキケン,Ibaraki,,,,筑西市,チクセイシ,Chikusei-shi,,,,幸町,サイワイチョウ,Saiwaicho,二丁目,２チョウメ,2,,,,,1,1,0,0,0,0,1,1,1947-04-17,,0,,,,,,,,,,,,,,,,
082279,0064003,2,茨城県,イバラキケン,Ibaraki,,,,筑西市,チクセイシ,Chikusei-shi,,,,幸町,サイワイチョウ,Saiwaicho,三丁目,３チョウメ,3,,,,,1,1,0,0,0,0,1,1,1947-04-17,,0,,,,,,,,,,,,,,,,
082279,0065000,1,茨城県,イバラキケン,Ibaraki,,,,筑西市,チクセイシ,Chikusei-shi,,,,鷺島,サギシマ,Sagishima,,,,,,,,0,0,0,0,0,0,1,1,1947-04-17,,0,3004532,,,,,,,,,,,,,,,
082279,0066000,1,茨城県,イバラキケン,Ibaraki,,,,筑西市,チクセイシ,Chikusei-shi,,,,笹塚,ササツカ,Sasazuka,,,,,,,,0,0,0,0,0,0,1,1,1947-04-17,,0,3080065,,,,,,,,,,,,,,,
082279,0067000,1,茨城県,イバラキケン,Ibaraki,,,,筑西市,チクセイシ,Chikusei-shi,,,,山王堂,サンオウドウ,Sanodo,,,,,,,,0,0,0,0,0,0,1,1,1947-04-17,,0,3004514,,,,,,,,,,,,,,,
082279,0068000,1,茨城県,イバラキケン,Ibaraki,,,,筑西市,チクセイシ,Chikusei-shi,,,,三郷,サンゴウ,Sango,,,,,,,,0,0,0,0,0,0,1,1,1947-04-17,,0,3091105,,,,,,,,,,,,,,,
082279,0069000,1,茨城県,イバラキケン,Ibaraki,,,,筑西市,チクセイシ,Chikusei-shi,,,,柴山,シバヤマ,Shibayama,,,,,,,,0,0,0,0,0,0,1,1,1947-04-17,,0,3080072,,,,,,,,,,,,,,,
082279,0070000,1,茨城県,イバラキケン,Ibaraki,,,,筑西市,チクセイシ,Chikusei-shi,,,,島,シマ,Shima,,,,,,,,0,0,0,0,0,0,1,1,1947-04-17,,0,3080823,,,,,,,,,,,,,,,
082279,0071000,1,茨城県,イバラキケン,Ibaraki,,,,筑西市,チクセイシ,Chikusei-shi,,,,清水,シミズ,Shimizu,,,,,,,,0,0,0,0,0,0,1,1,1947-04-17,,0,3091126,,,,,,,,,,,,,,,
082279,0072000,1,茨城県,イバラキケン,Ibaraki,,,,筑西市,チクセイシ,Chikusei-shi,,,,下江連,シモエヅレ,Shimoezure,,,,,,,,0,0,0,0,0,0,1,1,1947-04-17,,0,3080851,,,,,,,,,,,,,,,
082279,0074000,1,茨城県,イバラキケン,Ibaraki,,,,筑西市,チクセイシ,Chikusei-shi,,,,下岡崎,シモオカザキ,Shimokazaki,,,,,,,,0,0,0,0,0,0,1,1,1947-04-17,,0,3080826,,,,,,,,,,,,,,,
082279,0074001,2,茨城県,イバラキケン,Ibaraki,,,,筑西市,チクセイシ,Chikusei-shi,,,,下岡崎,シモオカザキ,Shimokazaki,一丁目,１チョウメ,1,,,,,0,0,0,0,0,0,1,1,1947-04-17,,0,,,,,,,,,,,,,,,,
082279,0074002,2,茨城県,イバラキケン,Ibaraki,,,,筑西市,チクセイシ,Chikusei-shi,,,,下岡崎,シモオカザキ,Shimokazaki,二丁目,２チョウメ,2,,,,,0,0,0,0,0,0,1,1,1947-04-17,,0,,,,,,,,,,,,,,,,
082279,0074003,2,茨城県,イバラキケン,Ibaraki,,,,筑西市,チクセイシ,Chikusei-shi,,,,下岡崎,シモオカザキ,Shimokazaki,三丁目,３チョウメ,3,,,,,0,0,0,0,0,0,1,1,1947-04-17,,0,,,,,,,,,,,,,,,,
082279,0075000,1,茨城県,イバラキケン,Ibaraki,,,,筑西市,チクセイシ,Chikusei-shi,,,,下川島,シモカワシマ,Shimokawashima,,,,,,,,0,0,0,0,0,0,1,1,1947-04-17,,0,3080855,,,,,,,,,,,,,,,
082279,0076000,1,茨城県,イバラキケン,Ibaraki,,,,筑西市,チクセイシ,Chikusei-shi,,,,下川中子,シモカワナゴ,Shimokawanago,,,,,,,,0,0,0,0,0,0,1,1,1947-04-17,,0,3004545,,,,,,,,,,,,,,,
082279,0077000,1,茨城県,イバラキケン,Ibaraki,,,,筑西市,チクセイシ,Chikusei-shi,,,,下郷谷,シモゴウヤ,Shimogoya,,,,,,,,0,0,0,0,0,0,1,1,1947-04-17,,0,3091123,,,,,,,,,,,,,,,
082279,0078000,1,茨城県,イバラキケン,Ibaraki,,,,筑西市,チクセイシ,Chikusei-shi,,,,下高田,シモタカダ,Shimotakada,,,,,,,,0,0,0,0,0,0,1,1,1947-04-17,,0,3080011,,,,,,,,,,,,,,,
082279,0079000,1,茨城県,イバラキケン,Ibaraki,,,,筑西市,チクセイシ,Chikusei-shi,,,,下中山,シモナカヤマ,Shimonakayama,,,,,,,,0,0,0,0,0,0,1,1,1947-04-17,,0,3080825,,,,,,,,,,,,,,,
082279,0080000,1,茨城県,イバラキケン,Ibaraki,,,,筑西市,チクセイシ,Chikusei-shi,,,,下野殿,シモノドノ,Shimonodono,,,,,,,,0,0,0,0,0,0,1,1,1947-04-17,,0,3080844,,,,,,,,,,,,,,,
082279,0081000,1,茨城県,イバラキケン,Ibaraki,,,,筑西市,チクセイシ,Chikusei-shi,,,,下平塚,シモヒラツカ,Shimohiratsuka,,,,,,,,0,0,0,0,0,0,1,1,1947-04-17,,0,3080066,,,,,,,,,,,,,,,
082279,0082000,1,茨城県,イバラキケン,Ibaraki,,,,筑西市,チクセイシ,Chikusei-shi,,,,下星谷,シモホシヤ,Shimohoshiya,,,,,,,,0,0,0,0,0,0,1,1,1947-04-17,,0,3091122,,,,,,,,,,,,,,,
082279,0083000,1,茨城県,イバラキケン,Ibaraki,,,,筑西市,チクセイシ,Chikusei-shi,,,,菅谷,スガヤ,Sugaya,,,,,,,,0,0,0,0,0,0,1,1,1947-04-17,,0,3080052,,,,,,,,,,,,,,,
082279,0084000,1,茨城県,イバラキケン,Ibaraki,,,,筑西市,チクセイシ,Chikusei-shi,,,,関舘,セキタテ,Sekitate,,,,,,,,0,0,0,0,0,0,1,1,1947-04-17,,0,3080113,,,,,,,,,,,,,,,
082279,0085000,1,茨城県,イバラキケン,Ibaraki,,,,筑西市,チクセイシ,Chikusei-shi,,,,関本肥土,セキモトアクト,Sekimotoakuto,,,,,,,,0,0,0,0,0,0,1,1,1947-04-17,,0,3080124,,,,,,,,,,,,,,,
082279,0086000,1,茨城県,イバラキケン,Ibaraki,,,,筑西市,チクセイシ,Chikusei-shi,,,,関本上,セキモトカミ,Sekimotokami,,,,,,,,0,0,0,0,0,0,1,1,1947-04-17,,0,3080122,,,,,,,,,,,,,,,
082279,0087000,1,茨城県,イバラキケン,Ibaraki,,,,筑西市,チクセイシ,Chikusei-shi,,,,関本上中,セキモトカミナカ,Sekimotokaminaka,,,,,,,,0,0,0,0,0,0,1,1,1947-04-17,,0,3080123,,,,,,,,,,,,,,,
082279,0088000,1,茨城県,イバラキケン,Ibaraki,,,,筑西市,チクセイシ,Chikusei-shi,,,,関本下,セキモトシモ,Sekimotoshimo,,,,,,,,0,0,0,0,0,0,1,1,1947-04-17,,0,3080127,,,,,,,,,,,,,,,
082279,0089000,1,茨城県,イバラキケン,Ibaraki,,,,筑西市,チクセイシ,Chikusei-shi,,,,関本中,セキモトナカ,Sekimotonaka,,,,,,,,0,0,0,0,0,0,1,1,1947-04-17,,0,3080126,,,,,,,,,,,,,,,
082279,0090000,1,茨城県,イバラキケン,Ibaraki,,,,筑西市,チクセイシ,Chikusei-shi,,,,関本分中,セキモトワケナカ,Sekimotowakenaka,,,,,,,,0,0,0,0,0,0,1,1,1947-04-17,,0,3080125,,,,,,,,,,,,,,,
082279,0091000,1,茨城県,イバラキケン,Ibaraki,,,,筑西市,チクセイシ,Chikusei-shi,,,,掉ヶ島,ソウカジマ,Sokajima,,,,,,,,0,0,0,0,0,0,1,1,1947-04-17,,0,3080864,,,,,,,,,,,,,,,
082279,0092000,1,茨城県,イバラキケン,Ibaraki,,,,筑西市,チクセイシ,Chikusei-shi,,,,高島,タカシマ,Takashima,,,,,,,,0,0,0,0,0,0,1,1,1947-04-17,,0,3080807,,,,,,,,,,,,,,,
082279,0093000,1,茨城県,イバラキケン,Ibaraki,,,,筑西市,チクセイシ,Chikusei-shi,,,,高津,タカツ,Takatsu,,,,,,,,0,0,0,0,0,0,1,1,1947-04-17,,0,3004534,,,,,,,,,,,,,,,
082279,0094000,1,茨城県,イバラキケン,Ibaraki,,,,筑西市,チクセイシ,Chikusei-shi,,,,竹垣,タケガキ,Takegaki,,,,,,,,0,0,0,0,0,0,1,1,1947-04-17,,0,3004543,,,,,,,,,,,,,,,
082279,0095000,1,茨城県,イバラキケン,Ibaraki,,,,筑西市,チクセイシ,Chikusei-shi,,,,田宿,タジュク,Tajuku,,,,,,,,0,0,0,0,0,0,1,1,1947-04-17,,0,3004505,,,,,,,,,,,,,,,
082279,0096000,1,茨城県,イバラキケン,Ibaraki,,,,筑西市,チクセイシ,Chikusei-shi,,,,玉戸,タマド,Tamado,,,,,,,,0,0,0,0,0,0,1,1,1947-04-17,,0,3080847,,,,,,,,,,,,,,,
082279,0097000,1,茨城県,イバラキケン,Ibaraki,,,,筑西市,チクセイシ,Chikusei-shi,,,,知行,チギョウ,Chigyo,,,,,,,,0,0,0,0,0,0,1,1,1947-04-17,,0,3091124,,,,,,,,,,,,,,,
082279,0098000,1,茨城県,イバラキケン,Ibaraki,,,,筑西市,チクセイシ,Chikusei-shi,,,,筑瀬,チクゼ,Chikuze,,,,,,,,0,0,0,0,0,0,1,1,1947-04-17,,0,3080074,,,,,,,,,,,,,,,
082279,0099000,1,茨城県,イバラキケン,Ibaraki,,,,筑西市,チクセイシ,Chikusei-shi,,,,築地,ツイヂ,Tsuiji,,,,,,,,0,0,0,0,0,0,1,1,1947-04-17,,0,3004531,,,,,,,,,,,,,,,
082279,0100000,1,茨城県,イバラキケン,Ibaraki,,,,筑西市,チクセイシ,Chikusei-shi,,,,塚原,ツカハラ,Tsukahara,,,,,,,,0,0,0,0,0,0,1,1,1947-04-17,,0,3080822,,,,,,,,,,,,,,,
082279,0101000,1,茨城県,イバラキケン,Ibaraki,,,,筑西市,チクセイシ,Chikusei-shi,,,,辻,ツジ,Tsuji,,,,,,,,0,0,0,0,E202,0,1,1,1947-04-17,,0,3080103,,,,,,,,,,,,,,,
082279,0102000,1,茨城県,イバラキケン,Ibaraki,,,,筑西市,チクセイシ,Chikusei-shi,,,,寺上野,テラウエノ,Teraueno,,,,,,,,0,0,0,0,0,0,1,1,1947-04-17,,0,3004525,,,,,,,,,,,,,,,
082279,0103000,1,茨城県,イバラキケン,Ibaraki,,,,筑西市,チクセイシ,Chikusei-shi,,,,徳持,トクモチ,Tokumochi,,,,,,,,0,0,0,0,0,0,1,1,1947-04-17,,0,3080816,,,,,,,,,,,,,,,
082279,0104000,1,茨城県,イバラキケン,Ibaraki,,,,筑西市,チクセイシ,Chikusei-shi,,,,外塚,トノツカ,Tonozuka,,,,,,,,0,0,0,0,0,0,1,1,1947-04-17,,0,3080053,,,,,,,,,,,,,,,
082279,0105000,1,茨城県,イバラキケン,Ibaraki,,,,筑西市,チクセイシ,Chikusei-shi,,,,直井,ナオイ,Naoi,,,,,,,,0,0,0,0,0,0,1,1,1947-04-17,,0,3080803,,,,,,,,,,,,,,,
082279,0106000,1,茨城県,イバラキケン,Ibaraki,,,,筑西市,チクセイシ,Chikusei-shi,,,,中上野,ナカウエノ,Nakaueno,,,,,,,,0,0,0,0,0,0,1,1,1947-04-17,,0,3004524,,,,,,,,,,,,,,,
082279,0107000,1,茨城県,イバラキケン,Ibaraki,,,,筑西市,チクセイシ,Chikusei-shi,,,,中舘,ナカダテ,Nakadate,,,,,,,,0,0,0,0,0,0,1,1,1947-04-17,,0,3080005,,,,,,,,,,,,,,,
082279,0108000,1,茨城県,イバラキケン,Ibaraki,,,,筑西市,チクセイシ,Chikusei-shi,,,,中根,ナカネ,Nakane,,,,,,,,0,0,0,0,0,0,1,1,1947-04-17,,0,3004513,,,,,,,,,,,,,,,
082279,0109000,1,茨城県,イバラキケン,Ibaraki,,,,筑西市,チクセイシ,Chikusei-shi,,,,中村新田,ナカムラシンデン,Nakamurashinden,,,,,,,,0,0,0,0,0,0,1,1,1947-04-17,,0,3080108,,,,,,,,,,,,,,,
082279,0110000,1,茨城県,イバラキケン,Ibaraki,,,,筑西市,チクセイシ,Chikusei-shi,,,,鍋山,ナベヤマ,Nabeyama,,,,,,,,0,0,0,0,0,0,1,1,1947-04-17,,0,3004506,,,,,,,,,,,,,,,
082279,0111000,1,茨城県,イバラキケン,Ibaraki,,,,筑西市,チクセイシ,Chikusei-shi,,,,成田,ナリタ,Narita,,,,,,,,0,0,0,0,0,0,1,1,1947-04-17,,0,3080821,,,,,,,,,,,,,,,
082279,0112000,1,茨城県,イバラキケン,Ibaraki,,,,筑西市,チクセイシ,Chikusei-shi,,,,成井,ナルイ,Narui,,,,,,,,0,0,0,0,0,0,1,1,1947-04-17,,0,3004533,,,,,,,,,,,,,,,
082279,0113000,1,茨城県,イバラキケン,Ibaraki,,,,筑西市,チクセイシ,Chikusei-shi,,,,新治,ニイハリ,Niihari,,,,,,,,0,0,0,0,0,0,1,1,1947-04-17,,0,3091106,,,,,,,,,,,,,,,
082279,0114000,1,茨城県,イバラキケン,Ibaraki,,,,筑西市,チクセイシ,Chikusei-shi,,,,二木成,ニギナリ,Niginari,,,,,,,,0,0,0,0,0,0,1,1,1947-04-17,,0,3080841,,,,,,,,,,,,,,,
082279,0115000,1,茨城県,イバラキケン,Ibaraki,,,,筑西市,チクセイシ,Chikusei-shi,,,,西石田,ニシイシタ,Nishiishida,,,,,,,,0,0,0,0,0,0,1,1,1947-04-17,,0,3080834,,,,,,,,,,,,,,,
082279,0116000,1,茨城県,イバラキケン,Ibaraki,,,,筑西市,チクセイシ,Chikusei-shi,,,,西大島,ニシオオシマ,Nishioshima,,,,,,,,0,0,0,0,0,0,1,1,1947-04-17,,0,3080062,,,,,,,,,,,,,,,
082279,0117000,1,茨城県,イバラキケン,Ibaraki,,,,筑西市,チクセイシ,Chikusei-shi,,,,西方,ニシホウ,Nishiho,,,,,,,,0,0,0,0,0,0,1,1,1947-04-17,,0,3080845,,,,,,,,,,,,,,,
082279,0118000,1,茨城県,イバラキケン,Ibaraki,,,,筑西市,チクセイシ,Chikusei-shi,,,,西保末,ニシホズエ,Nishihozue,,,,,,,,0,0,0,0,0,0,1,1,1947-04-17,,0,3080105,,,,,,,,,,,,,,,
082279,0119000,1,茨城県,イバラキケン,Ibaraki,,,,筑西市,チクセイシ,Chikusei-shi,,,,西谷貝,ニシヤガイ,Nishiyagai,,,,,,,,0,0,0,0,0,0,1,1,1947-04-17,,0,3080054,,,,,,,,,,,,,,,
082279,0120000,1,茨城県,イバラキケン,Ibaraki,,,,筑西市,チクセイシ,Chikusei-shi,,,,西山田,ニシヤマダ,Nishiyamada,,,,,,,,0,0,0,0,0,0,1,1,1947-04-17,,0,3080867,,,,,,,,,,,,,,,
082279,0121000,1,茨城県,イバラキケン,Ibaraki,,,,筑西市,チクセイシ,Chikusei-shi,,,,西榎生,ニシヨノウ,Nishiyono,,,,,,,,0,0,0,0,0,0,1,1,1947-04-17,,0,3080832,,,,,,,,,,,,,,,
082279,0122000,1,茨城県,イバラキケン,Ibaraki,,,,筑西市,チクセイシ,Chikusei-shi,,,,布川,ヌノガワ,Nunogawa,,,,,,,,0,0,0,0,0,0,1,1,1947-04-17,,0,3080846,,,,,,,,,,,,,,,
082279,0123000,1,茨城県,イバラキケン,Ibaraki,,,,筑西市,チクセイシ,Chikusei-shi,,,,猫島,ネコシマ,Nekoshima,,,,,,,,0,0,0,0,0,0,1,1,1947-04-17,,0,3004501,,,,,,,,,,,,,,,
082279,0124000,1,茨城県,イバラキケン,Ibaraki,,,,筑西市,チクセイシ,Chikusei-shi,,,,野,ノ,No,,,,,,,,0,0,0,0,0,0,1,1,1947-04-17,,0,3080016,,,,,,,,,,,,,,,
082279,0125000,1,茨城県,イバラキケン,Ibaraki,,,,筑西市,チクセイシ,Chikusei-shi,,,,野田,ノダ,Noda,,,,,,,,0,0,0,0,0,0,1,1,1947-04-17,,0,3080833,,,,,,,,,,,,,,,
082279,0126000,1,茨城県,イバラキケン,Ibaraki,,,,筑西市,チクセイシ,Chikusei-shi,,,,野殿,ノドノ,Nodono,,,,,,,,0,0,0,0,0,0,1,1,1947-04-17,,0,3080843,,,,,,,,,,,,,,,
082279,0127000,1,茨城県,イバラキケン,Ibaraki,,,,筑西市,チクセイシ,Chikusei-shi,,,,灰塚,ハイツカ,Haitsuka,,,,,,,,0,0,0,0,0,0,1,1,1947-04-17,,0,3080863,,,,,,,,,,,,,,,
082279,0128000,1,茨城県,イバラキケン,Ibaraki,,,,筑西市,チクセイシ,Chikusei-shi,,,,羽方,ハガタ,Hagata,,,,,,,,0,0,0,0,0,0,1,1,1947-04-17,,0,3080014,,,,,,,,,,,,,,,
082279,0129000,1,茨城県,イバラキケン,Ibaraki,,,,筑西市,チクセイシ,Chikusei-shi,,,,蓮沼,ハスヌマ,Hasunuma,,,,,,,,0,0,0,0,0,0,1,1,1947-04-17,,0,3091115,,,,,,,,,,,,,,,
082279,0130000,1,茨城県,イバラキケン,Ibaraki,,,,筑西市,チクセイシ,Chikusei-shi,,,,八田,ハッタ,Hatta,,,,,,,,0,0,0,0,0,0,1,1,1947-04-17,,0,3080013,,,,,,,,,,,,,,,
082279,0131000,1,茨城県,イバラキケン,Ibaraki,,,,筑西市,チクセイシ,Chikusei-shi,,,,花田,ハナダ,Hanada,,,,,,,,0,0,0,0,0,0,1,1,1947-04-17,,0,3080114,,,,,,,,,,,,,,,
082279,0132000,1,茨城県,イバラキケン,Ibaraki,,,,筑西市,チクセイシ,Chikusei-shi,,,,花橋,ハナバシ,Hanabashi,,,,,,,,0,0,0,0,0,0,1,1,1947-04-17,,0,3080115,,,,,,,,,,,,,,,
082279,0133000,1,茨城県,イバラキケン,Ibaraki,,,,筑西市,チクセイシ,Chikusei-shi,,,,林,ハヤシ,Hayashi,,,,,,,,0,0,0,0,0,0,1,1,1947-04-17,,0,3080073,,,,,,,,,,,,,,,
082279,0134000,1,茨城県,イバラキケン,Ibaraki,,,,筑西市,チクセイシ,Chikusei-shi,,,,東石田,ヒガシイシタ,Higashiishita,,,,,,,,0,0,0,0,0,0,1,1,1947-04-17,,0,3004521,,,,,,,,,,,,,,,
082279,0135000,1,茨城県,イバラキケン,Ibaraki,,,,筑西市,チクセイシ,Chikusei-shi,,,,東保末,ヒガシホズエ,Higashihozue,,,,,,,,0,0,0,0,0,0,1,1,1947-04-17,,0,3004536,,,,,,,,,,,,,,,
082279,0136000,1,茨城県,イバラキケン,Ibaraki,,,,筑西市,チクセイシ,Chikusei-shi,,,,東榎生,ヒガシヨノウ,Higashiyono,,,,,,,,0,0,0,0,0,0,1,1,1947-04-17,,0,3080831,,,,,,,,,,,,,,,
082279,0137000,1,茨城県,イバラキケン,Ibaraki,,,,筑西市,チクセイシ,Chikusei-shi,,,,樋口,ヒグチ,Higuchi,,,,,,,,0,0,0,0,0,0,1,1,1947-04-17,,0,3080001,,MJ014417_*,,,,,,,,,,,,,
082279,0138000,1,茨城県,イバラキケン,Ibaraki,,,,筑西市,チクセイシ,Chikusei-shi,,,,深見,フカミ,Fukami,,,,,,,,0,0,0,0,0,0,1,1,1947-04-17,,0,3080812,,,,,,,,,,,,,,,
082279,0139000,1,茨城県,イバラキケン,Ibaraki,,,,筑西市,チクセイシ,Chikusei-shi,,,,福岡新田,フクオカシンデン,,,,,,,,,0,0,0,0,0,0,1,1,1947-04-17,,0,,,,,,,,,,,,,,,,
082279,0140000,1,茨城県,イバラキケン,Ibaraki,,,,筑西市,チクセイシ,Chikusei-shi,,,,藤ケ谷,フジガヤ,Fujigaya,,,,,,,,0,0,0,0,0,0,1,1,1947-04-17,,0,3080112,,,,,,,,,,,,,,,
082279,0141000,1,茨城県,イバラキケン,Ibaraki,,,,筑西市,チクセイシ,Chikusei-shi,,,,船玉,フナダマ,Funadama,,,,,,,,0,0,0,0,0,0,1,1,1947-04-17,,0,3080121,,,,,,,,,,,,,,,
082279,0142000,1,茨城県,イバラキケン,Ibaraki,,,,筑西市,チクセイシ,Chikusei-shi,,,,舟生,フニュウ,Funyu,,,,,,,,0,0,0,0,0,0,1,1,1947-04-17,,0,3080111,,,,,,,,,,,,,,,
082279,0143000,1,茨城県,イバラキケン,Ibaraki,,,,筑西市,チクセイシ,Chikusei-shi,,,,古内,フルウチ,Furuchi,,,,,,,,0,0,0,0,0,0,1,1,1947-04-17,,0,3004544,,,,,,,,,,,,,,,
082279,0144000,1,茨城県,イバラキケン,Ibaraki,,,,筑西市,チクセイシ,Chikusei-shi,,,,古郡,フルゴオリ,Furugori,,,,,,,,0,0,0,0,0,0,1,1,1947-04-17,,0,3091104,,,,,,,,,,,,,,,
082279,0145000,1,茨城県,イバラキケン,Ibaraki,,,,筑西市,チクセイシ,Chikusei-shi,,,,丙,ヘイ,Hei,,,,,,,,0,0,0,0,0,0,1,0,1947-04-17,,0,3080031,,,,,,,,,,,,,,,
082279,0146000,1,茨城県,イバラキケン,Ibaraki,,,,筑西市,チクセイシ,Chikusei-shi,,,,細田,ホソダ,Hosoda,,,,,,,,0,0,0,0,0,0,1,1,1947-04-17,,0,3091114,,,,,,,,,,,,,,,
082279,0147000,1,茨城県,イバラキケン,Ibaraki,,,,筑西市,チクセイシ,Chikusei-shi,,,,蒔田,マクダ,Makuda,,,,,,,,0,0,0,0,0,0,1,1,1947-04-17,,0,3080003,,,,,,,,,,,,,,,
082279,0148000,1,茨城県,イバラキケン,Ibaraki,,,,筑西市,チクセイシ,Chikusei-shi,,,,松原,マツバラ,Matsubara,,,,,,,,0,0,0,0,0,0,1,1,1947-04-17,,0,3004541,,,,,,,,,,,,,,,
082279,0149001,2,茨城県,イバラキケン,Ibaraki,,,,筑西市,チクセイシ,Chikusei-shi,,,,みどり町,ミドリマチ,Midorimachi,一丁目,１チョウメ,1,,,,,0,0,0,0,0,0,1,1,1947-04-17,,0,,,,,,,,,,,,,,,,
082279,0149002,2,茨城県,イバラキケン,Ibaraki,,,,筑西市,チクセイシ,Chikusei-shi,,,,みどり町,ミドリマチ,Midorimachi,二丁目,２チョウメ,2,,,,,0,0,0,0,0,0,1,1,1947-04-17,,0,,,,,,,,,,,,,,,,
082279,0150000,1,茨城県,イバラキケン,Ibaraki,,,,筑西市,チクセイシ,Chikusei-shi,,,,宮後,ミヤゴ,Miyago,,,,,,,,0,0,0,0,0,0,1,1,1947-04-17,,0,3004503,,,,,,,,,,,,,,,
082279,0151000,1,茨城県,イバラキケン,Ibaraki,,,,筑西市,チクセイシ,Chikusei-shi,,,,宮山,ミヤヤマ,Miyayama,,,,,,,,0,0,0,0,0,0,1,1,1947-04-17,,0,3004504,,,,,,,,,,,,,,,
082279,0152000,1,茨城県,イバラキケン,Ibaraki,,,,筑西市,チクセイシ,Chikusei-shi,,,,向上野,ムコウウエノ,Mukoueno,,,,,,,,0,0,0,0,0,0,1,1,1947-04-17,,0,3004522,,,,,,,,,,,,,,,
082279,0153000,1,茨城県,イバラキケン,Ibaraki,,,,筑西市,チクセイシ,Chikusei-shi,,,,向川澄,ムコウカワスミ,Mukokawasumi,,,,,,,,0,0,0,0,0,0,1,1,1947-04-17,,0,3091117,,,,,,,,,,,,,,,
082279,0154000,1,茨城県,イバラキケン,Ibaraki,,,,筑西市,チクセイシ,Chikusei-shi,,,,村田,ムラタ,Murata,,,,,,,,0,0,0,0,0,0,1,1,1947-04-17,,0,3004546,,,,,,,,,,,,,,,
082279,0155000,1,茨城県,イバラキケン,Ibaraki,,,,筑西市,チクセイシ,Chikusei-shi,,,,茂田,モダ,Moda,,,,,,,,0,0,0,0,0,0,1,1,1947-04-17,,0,3080811,,,,,,,,,,,,,,,
082279,0156000,1,茨城県,イバラキケン,Ibaraki,,,,筑西市,チクセイシ,Chikusei-shi,,,,森添島,モリソエジマ,Morisoejima,,,,,,,,0,0,0,0,0,0,1,1,1947-04-17,,0,3080861,,,,,,,,,,,,,,,
082279,0157000,1,茨城県,イバラキケン,Ibaraki,,,,筑西市,チクセイシ,Chikusei-shi,,,,谷中,ヤナカ,Yanaka,,,,,,,,0,0,0,0,0,0,1,1,1947-04-17,,0,3080056,,,,,,,,,,,,,,,
082279,0158000,1,茨城県,イバラキケン,Ibaraki,,,,筑西市,チクセイシ,Chikusei-shi,,,,谷永島,ヤナガシマ,Yanagashima,,,,,,,,0,0,0,0,0,0,1,1,1947-04-17,,0,3091121,,,,,,,,,,,,,,,
082279,0159000,1,茨城県,イバラキケン,Ibaraki,,,,筑西市,チクセイシ,Chikusei-shi,,,,柳,ヤナギ,Yanagi,,,,,,,,0,0,0,0,0,0,1,1,1947-04-17,,0,3091113,,,,,,,,,,,,,,,
082279,0160000,1,茨城県,イバラキケン,Ibaraki,,,,筑西市,チクセイシ,Chikusei-shi,,,,谷部,ヤベ,Yabe,,,,,,,,0,0,0,0,0,0,1,1,1947-04-17,,0,3080006,,,,,,,,,,,,,,,
082279,0161000,1,茨城県,イバラキケン,Ibaraki,,,,筑西市,チクセイシ,Chikusei-shi,,,,山崎,ヤマザキ,Yamazaki,,,,,,,,0,0,0,0,0,0,1,1,1947-04-17,,0,3080865,,,,,,,,,,,,,,,
082279,0162000,1,茨城県,イバラキケン,Ibaraki,,,,筑西市,チクセイシ,Chikusei-shi,,,,八幡,ヤワタ,Yahata,,,,,,,,0,0,0,0,0,0,1,1,1947-04-17,,0,3091112,,,,,,,,,,,,,,,
082279,0163000,1,茨城県,イバラキケン,Ibaraki,,,,筑西市,チクセイシ,Chikusei-shi,,,,谷原,ヤワラ,Yawara,,,,,,,,0,0,0,0,0,0,1,1,1947-04-17,,0,3004535,,,,,,,,,,,,,,,
082279,0164000,1,茨城県,イバラキケン,Ibaraki,,,,筑西市,チクセイシ,Chikusei-shi,,,,横島,ヨコシマ,Yokoshima,,,,,,,,0,0,0,0,0,0,1,1,1947-04-17,,0,3080802,,,,,,,,,,,,,,,
082279,0165000,1,茨城県,イバラキケン,Ibaraki,,,,筑西市,チクセイシ,Chikusei-shi,,,,横塚,ヨコツカ,Yokotsuka,,,,,,,,0,0,0,0,0,0,1,1,1947-04-17,,0,3091116,,,,,,,,,,,,,,,
082279,0166000,1,茨城県,イバラキケン,Ibaraki,,,,筑西市,チクセイシ,Chikusei-shi,,,,吉田,ヨシダ,Yoshida,,,,,,,,0,0,0,0,0,0,1,1,1947-04-17,,0,3004542,,,,,,,,,,,,,,,
082279,0167001,2,茨城県,イバラキケン,Ibaraki,,,,筑西市,チクセイシ,Chikusei-shi,,,,榎生,ヨノウ,Yono,一丁目,１チョウメ,1,,,,,0,0,0,0,0,0,1,1,1947-04-17,,0,,,,,,,,,,,,,,,,
082279,0168000,1,茨城県,イバラキケン,Ibaraki,,,,筑西市,チクセイシ,Chikusei-shi,,,,蓬田,ヨモギダ,Yomogita,,,,,,,,0,0,0,0,0,0,1,1,1947-04-17,,0,3091102,,,,,,,,,,,,,,,
082279,0169000,1,茨城県,イバラキケン,Ibaraki,,,,筑西市,チクセイシ,Chikusei-shi,,,,蕨,ワラビ,Warabi,,,,,,,,0,0,0,0,0,0,1,1,1947-04-17,,0,3080824,,,,,,,,,,,,,,,
082279,0173000,1,茨城県,イバラキケン,Ibaraki,,,,筑西市,チクセイシ,Chikusei-shi,,,,八丁台,ハッチョウダイ,,,,,,,,,0,0,0,0,0,0,1,1,1947-04-17,,0,,,,,,,,,,,,,,,,
082287,0001000,1,茨城県,イバラキケン,Ibaraki,,,,坂東市,バンドウシ,Bando-shi,,,,岩井,イワイ,Iwai,,,,,,,,0,0,0,0,0,0,1,1,1947-04-17,,0,3060631,,,,,,,,,,,,,,,
082287,0002000,1,茨城県,イバラキケン,Ibaraki,,,,坂東市,バンドウシ,Bando-shi,,,,内野山,ウチノヤマ,Uchinoyama,,,,,,,,0,0,0,0,0,0,1,1,1947-04-17,,0,3060514,,,,,,,,,,,,,,,
082287,0003000,1,茨城県,イバラキケン,Ibaraki,,,,坂東市,バンドウシ,Bando-shi,,,,生子,オイゴ,Oigo,,,,,,,,0,0,0,0,0,0,1,1,1947-04-17,,0,3060504,,,,,,,,,,,,,,,
082287,0004000,1,茨城県,イバラキケン,Ibaraki,,,,坂東市,バンドウシ,Bando-shi,,,,生子新田,オイゴシンデン,Oigoshinden,,,,,,,,0,0,0,0,0,0,1,1,1947-04-17,,0,3060503,,,,,,,,,,,,,,,
082287,0005000,1,茨城県,イバラキケン,Ibaraki,,,,坂東市,バンドウシ,Bando-shi,,,,大口,オオグチ,Oguchi,,,,,,,,0,0,0,0,0,0,1,1,1947-04-17,,0,3060615,,,,,,,,,,,,,,,
082287,0006000,1,茨城県,イバラキケン,Ibaraki,,,,坂東市,バンドウシ,Bando-shi,,,,大口新田,オオグチシンデン,Oguchishinden,,,,,,,,0,0,0,0,0,0,1,1,1947-04-17,,0,3060613,,,,,,,,,,,,,,,
082287,0007000,1,茨城県,イバラキケン,Ibaraki,,,,坂東市,バンドウシ,Bando-shi,,,,大崎,オオサキ,Osaki,,,,,,,,0,0,0,0,0,0,1,1,1947-04-17,,0,3060622,,,,,,,,,,,,,,,
082287,0008000,1,茨城県,イバラキケン,Ibaraki,,,,坂東市,バンドウシ,Bando-shi,,,,大馬新田,オオマシンデン,Omashinden,,,,,,,,0,0,0,0,0,0,1,1,1947-04-17,,0,3060601,,,,,,,,,,,,,,,
082287,0009000,1,茨城県,イバラキケン,Ibaraki,,,,坂東市,バンドウシ,Bando-shi,,,,大谷口,オオヤグチ,Oyaguchi,,,,,,,,0,0,0,0,0,0,1,1,1947-04-17,,0,3060621,,,,,,,,,,,,,,,
082287,0010000,1,茨城県,イバラキケン,Ibaraki,,,,坂東市,バンドウシ,Bando-shi,,,,小山,オヤマ,Oyama,,,,,,,,0,0,0,0,0,0,1,1,1947-04-17,,0,3060626,,,,,,,,,,,,,,,
082287,0011000,1,茨城県,イバラキケン,Ibaraki,,,,坂東市,バンドウシ,Bando-shi,,,,神田山,カドヤマ,Kadoyama,,,,,,,,0,0,0,0,0,0,1,1,1947-04-17,,0,3060617,,,,,,,,,,,,,,,
082287,0012000,1,茨城県,イバラキケン,Ibaraki,,,,坂東市,バンドウシ,Bando-shi,,,,神田山新田,カドヤマシンデン,Kadoyamashinden,,,,,,,,0,0,0,0,0,0,1,1,1947-04-17,,0,3060611,,,,,,,,,,,,,,,
082287,0013000,1,茨城県,イバラキケン,Ibaraki,,,,坂東市,バンドウシ,Bando-shi,,,,上出島,カミイズシマ,Kamiizushima,,,,,,,,0,0,0,0,0,0,1,1,1947-04-17,,0,3060654,,,,,,,,,,,,,,,
082287,0014000,1,茨城県,イバラキケン,Ibaraki,,,,坂東市,バンドウシ,Bando-shi,,,,借宿,カリヤド,Kariyado,,,,,,,,0,0,0,0,0,0,1,1,1947-04-17,,0,3060657,,,,,,,,,,,,,,,
082287,0015000,1,茨城県,イバラキケン,Ibaraki,,,,坂東市,バンドウシ,Bando-shi,,,,勘助新田,カンスケシンデン,Kansukeshinden,,,,,,,,0,0,0,0,0,0,1,1,1947-04-17,,0,3060603,,,,,,,,,,,,,,,
082287,0016000,1,茨城県,イバラキケン,Ibaraki,,,,坂東市,バンドウシ,Bando-shi,,,,木間ケ瀬,キマガセ,Kimagase,,,,,,,,0,0,0,0,0,0,1,1,1947-04-17,,0,3060643,,,,,,,,,,,,,,,
082287,0017000,1,茨城県,イバラキケン,Ibaraki,,,,坂東市,バンドウシ,Bando-shi,,,,桐木,キリノキ,Kirinoki,,,,,,,,0,0,0,0,0,0,1,1,1947-04-17,,0,3060636,,,,,,,,,,,,,,,
082287,0018000,1,茨城県,イバラキケン,Ibaraki,,,,坂東市,バンドウシ,Bando-shi,,,,鵠戸,クグイド,Kuguido,,,,,,,,0,0,0,0,0,0,1,1,1947-04-17,,0,3060641,,MJ029547_*,,,,,,,,,,,,,
082287,0019000,1,茨城県,イバラキケン,Ibaraki,,,,坂東市,バンドウシ,Bando-shi,,,,栗山新田,クリヤマシンデン,Kuriyamashinden,,,,,,,,0,0,0,0,0,0,1,1,1947-04-17,,0,3060513,,,,,,,,,,,,,,,
082287,0020000,1,茨城県,イバラキケン,Ibaraki,,,,坂東市,バンドウシ,Bando-shi,,,,小泉,コイズミ,Koizumi,,,,,,,,0,0,0,0,0,0,1,1,1947-04-17,,0,3060635,,,,,,,,,,,,,,,
082287,0021000,1,茨城県,イバラキケン,Ibaraki,,,,坂東市,バンドウシ,Bando-shi,,,,幸神平,コウシンダイラ,Koshindaira,,,,,,,,0,0,0,0,0,0,1,1,1947-04-17,,0,3060608,,,,,,,,,,,,,,,
082287,0022000,1,茨城県,イバラキケン,Ibaraki,,,,坂東市,バンドウシ,Bando-shi,,,,幸田,コウダ,Koda,,,,,,,,0,0,0,0,0,0,1,1,1947-04-17,,0,3060606,,,,,,,,,,,,,,,
082287,0023000,1,茨城県,イバラキケン,Ibaraki,,,,坂東市,バンドウシ,Bando-shi,,,,幸田新田,コウダシンデン,Kodashinden,,,,,,,,0,0,0,0,0,0,1,1,1947-04-17,,0,3060604,,,,,,,,,,,,,,,
082287,0024000,1,茨城県,イバラキケン,Ibaraki,,,,坂東市,バンドウシ,Bando-shi,,,,古布内,コブウチ,Kobuchi,,,,,,,,0,0,0,0,0,0,1,1,1947-04-17,,0,3060644,,,,,,,,,,,,,,,
082287,0025000,1,茨城県,イバラキケン,Ibaraki,,,,坂東市,バンドウシ,Bando-shi,,,,駒跿,コマハネ,Komahane,,,,,,,,0,0,0,0,0,0,1,1,1947-04-17,,0,3060653,,,,,,,,,,,,,,,
082287,0026000,1,茨城県,イバラキケン,Ibaraki,,,,坂東市,バンドウシ,Bando-shi,,,,逆井,サカサイ,Sakasai,,,,,,,,0,0,0,0,0,0,1,1,1947-04-17,,0,3060501,,,,,,,,,,,,,,,
082287,0027000,1,茨城県,イバラキケン,Ibaraki,,,,坂東市,バンドウシ,Bando-shi,,,,左平太新田,サヘイタシンデン,Saheitashinden,,,,,,,,0,0,0,0,0,0,1,1,1947-04-17,,0,3060512,,,,,,,,,,,,,,,
082287,0028000,1,茨城県,イバラキケン,Ibaraki,,,,坂東市,バンドウシ,Bando-shi,,,,下出島,シモイズシマ,Shimoizushima,,,,,,,,0,0,0,0,0,0,1,1,1947-04-17,,0,3060633,,,,,,,,,,,,,,,
082287,0029000,1,茨城県,イバラキケン,Ibaraki,,,,坂東市,バンドウシ,Bando-shi,,,,庄右衛門新田,ショウウエモンシンデン,Shoemonshinden,,,,,,,,0,0,0,0,0,0,1,1,1947-04-17,,0,3060614,,,,,,,,,,,,,,,
082287,0030000,1,茨城県,イバラキケン,Ibaraki,,,,坂東市,バンドウシ,Bando-shi,,,,菅谷,スガヤ,Sugaya,,,,,,,,0,0,0,0,0,0,1,1,1947-04-17,,0,3060505,,,,,,,,,,,,,,,
082287,0031000,1,茨城県,イバラキケン,Ibaraki,,,,坂東市,バンドウシ,Bando-shi,,,,寺久,テラク,Teraku,,,,,,,,0,0,0,0,0,0,1,1,1947-04-17,,0,3060656,,,,,,,,,,,,,,,
082287,0032000,1,茨城県,イバラキケン,Ibaraki,,,,坂東市,バンドウシ,Bando-shi,,,,冨田,トミタ,Tomita,,,,,,,,0,0,0,0,0,0,1,1,1947-04-17,,0,3060652,,,,,,,,,,,,,,,
082287,0033000,1,茨城県,イバラキケン,Ibaraki,,,,坂東市,バンドウシ,Bando-shi,,,,中里,ナカザト,Nakazato,,,,,,,,0,0,0,0,0,0,1,1,1947-04-17,,0,3060634,,,,,,,,,,,,,,,
082287,0034000,1,茨城県,イバラキケン,Ibaraki,,,,坂東市,バンドウシ,Bando-shi,,,,長須,ナガス,Nagasu,,,,,,,,0,0,0,0,0,0,1,1,1947-04-17,,0,3060645,,,,,,,,,,,,,,,
082287,0035000,1,茨城県,イバラキケン,Ibaraki,,,,坂東市,バンドウシ,Bando-shi,,,,長谷,ナガヤ,Nagaya,,,,,,,,0,0,0,0,0,0,1,1,1947-04-17,,0,3060642,,,,,,,,,,,,,,,
082287,0036000,1,茨城県,イバラキケン,Ibaraki,,,,坂東市,バンドウシ,Bando-shi,,,,猫実,ネコザネ,Nekozane,,,,,,,,0,0,0,0,0,0,1,1,1947-04-17,,0,3060616,,,,,,,,,,,,,,,
082287,0037000,1,茨城県,イバラキケン,Ibaraki,,,,坂東市,バンドウシ,Bando-shi,,,,猫実新田,ネコザネシンデン,Nekozaneshinden,,,,,,,,0,0,0,0,0,0,1,1,1947-04-17,,0,3060612,,,,,,,,,,,,,,,
082287,0038000,1,茨城県,イバラキケン,Ibaraki,,,,坂東市,バンドウシ,Bando-shi,,,,平八新田,ヘイハチシンデン,Heihachishinden,,,,,,,,0,0,0,0,0,0,1,1,1947-04-17,,0,3060602,,,,,,,,,,,,,,,
082287,0039000,1,茨城県,イバラキケン,Ibaraki,,,,坂東市,バンドウシ,Bando-shi,,,,辺田,ヘタ,Heta,,,,,,,,0,0,0,0,0,0,1,1,1947-04-17,,0,3060632,,,,,,,,,,,,,,,
082287,0040000,1,茨城県,イバラキケン,Ibaraki,,,,坂東市,バンドウシ,Bando-shi,,,,法師戸,ホウシト,Hoshito,,,,,,,,0,0,0,0,0,0,1,1,1947-04-17,,0,3060623,,,,,,,,,,,,,,,
082287,0041000,1,茨城県,イバラキケン,Ibaraki,,,,坂東市,バンドウシ,Bando-shi,,,,孫兵エ新田,マゴベエシンデン,,,,,,,,,0,0,0,0,0,0,1,1,1947-04-17,,0,,,,,,,,,,,,,,,,
082287,0042000,1,茨城県,イバラキケン,Ibaraki,,,,坂東市,バンドウシ,Bando-shi,,,,馬立,マタテ,Matate,,,,,,,,0,0,0,0,0,0,1,1,1947-04-17,,0,3060605,,,,,,,,,,,,,,,
082287,0043000,1,茨城県,イバラキケン,Ibaraki,,,,坂東市,バンドウシ,Bando-shi,,,,みどり町,ミドリチョウ,Midoricho,,,,,,,,1,1,0,0,0,0,1,1,1947-04-17,,0,3060637,,,,,,,,,,,,,,,
082287,0044000,1,茨城県,イバラキケン,Ibaraki,,,,坂東市,バンドウシ,Bando-shi,,,,みむら,ミムラ,Mimura,,,,,,,,0,0,0,0,0,0,1,1,1947-04-17,,0,3060655,,,,,,,,,,,,,,,
082287,0045000,1,茨城県,イバラキケン,Ibaraki,,,,坂東市,バンドウシ,Bando-shi,,,,莚打,ムシロウチ,Mushirochi,,,,,,,,0,0,0,0,0,0,1,1,1947-04-17,,0,3060625,,,,,,,,,,,,,,,
082287,0046000,1,茨城県,イバラキケン,Ibaraki,,,,坂東市,バンドウシ,Bando-shi,,,,矢作,ヤハギ,Yahagi,,,,,,,,0,0,0,0,0,0,1,1,1947-04-17,,0,3060624,,,,,,,,,,,,,,,
082287,0047000,1,茨城県,イバラキケン,Ibaraki,,,,坂東市,バンドウシ,Bando-shi,,,,山,ヤマ,Yama,,,,,,,,0,0,0,0,0,0,1,1,1947-04-17,,0,3060502,,,,,,,,,,,,,,,
082287,0048000,1,茨城県,イバラキケン,Ibaraki,,,,坂東市,バンドウシ,Bando-shi,,,,弓田,ユダ,Yuda,,,,,,,,0,0,0,0,0,0,1,1,1947-04-17,,0,3060607,,,,,,,,,,,,,,,
082287,0049000,1,茨城県,イバラキケン,Ibaraki,,,,坂東市,バンドウシ,Bando-shi,,,,半谷,ハンヤ,Hanya,,,,,,,,0,0,0,0,0,0,1,1,1947-04-17,,0,3060651,,,,,,,,,,,,,,,
082287,0050000,1,茨城県,イバラキケン,Ibaraki,,,,坂東市,バンドウシ,Bando-shi,,,,沓掛,クツカケ,Kutsukake,,,,,,,,0,0,0,0,0,0,1,1,1947-04-17,,0,3060515,,,,,,,,,,,,,,,
082287,0053000,1,茨城県,イバラキケン,Ibaraki,,,,坂東市,バンドウシ,Bando-shi,,,,緑の里,ミドリノサト,Midorinosato,,,,,,,,0,0,0,0,0,0,1,1,1947-04-17,,0,3060658,,,,,,,,,,,,,,,
082287,0054000,1,茨城県,イバラキケン,Ibaraki,,,,坂東市,バンドウシ,Bando-shi,,,,さしま台,サシマダイ,,,,,,,,,0,0,0,0,0,0,1,0,2025-09-01,,1,,,,,,,,,,,,,,,,
082295,0001000,1,茨城県,イバラキケン,Ibaraki,,,,稲敷市,イナシキシ,Inashiki-shi,,,,阿波,アバ,Aba,,,,,,,,0,0,0,0,0,0,1,1,1947-04-17,,0,3000621,,,,,,,,,,,,,,,
082295,0002000,1,茨城県,イバラキケン,Ibaraki,,,,稲敷市,イナシキシ,Inashiki-shi,,,,阿波崎,アバサキ,Abasaki,,,,,,,,0,0,0,0,0,0,1,1,1947-04-17,,0,3000602,,,,,,,,,,,,,,,
082295,0003000,1,茨城県,イバラキケン,Ibaraki,,,,稲敷市,イナシキシ,Inashiki-shi,,,,甘田,アマタ,Amada,,,,,,,,0,0,0,0,0,0,1,1,1947-04-17,,0,3000626,,,,,,,,,,,,,,,
082295,0004000,1,茨城県,イバラキケン,Ibaraki,,,,稲敷市,イナシキシ,Inashiki-shi,,,,荒沼,アラヌマ,,,,,,,,,0,0,0,0,0,0,1,1,1947-04-17,,0,,,,,,,,,,,,,,,,
082295,0005000,1,茨城県,イバラキケン,Ibaraki,,,,稲敷市,イナシキシ,Inashiki-shi,,,,飯出,イイデ,Iide,,,,,,,,0,0,0,0,0,0,1,1,1947-04-17,,0,3000632,,,,,,,,,,,,,,,
082295,0006000,1,茨城県,イバラキケン,Ibaraki,,,,稲敷市,イナシキシ,Inashiki-shi,,,,伊崎,イサキ,Isaki,,,,,,,,0,0,0,0,0,0,1,1,1947-04-17,,0,3001413,,,,,,,,,,,,,,,
082295,0007000,1,茨城県,イバラキケン,Ibaraki,,,,稲敷市,イナシキシ,Inashiki-shi,,,,伊佐津,イサツ,Isatsu,,,,,,,,0,0,0,0,0,0,1,1,1947-04-17,,0,3001411,,,,,,,,,,,,,,,
082295,0008000,1,茨城県,イバラキケン,Ibaraki,,,,稲敷市,イナシキシ,Inashiki-shi,,,,伊佐部,イサブ,Isabu,,,,,,,,0,0,0,0,0,0,1,1,1947-04-17,,0,3000603,,,,,,,,,,,,,,,
082295,0009000,1,茨城県,イバラキケン,Ibaraki,,,,稲敷市,イナシキシ,Inashiki-shi,,,,市崎,イチザキ,Ichizaki,,,,,,,,0,0,0,0,0,0,1,1,1947-04-17,,0,3000612,,,,,,,,,,,,,,,
082295,0010000,1,茨城県,イバラキケン,Ibaraki,,,,稲敷市,イナシキシ,Inashiki-shi,,,,稲波,イナミ,Inami,,,,,,,,0,0,0,0,0,0,1,1,1947-04-17,,0,3000503,,,,,,,,,,,,,,,
082295,0011000,1,茨城県,イバラキケン,Ibaraki,,,,稲敷市,イナシキシ,Inashiki-shi,,,,犬塚,イヌヅカ,Inuzuka,,,,,,,,0,0,0,0,0,0,1,1,1947-04-17,,0,3000507,,,,,,,,,,,,,,,
082295,0012000,1,茨城県,イバラキケン,Ibaraki,,,,稲敷市,イナシキシ,Inashiki-shi,,,,戌渡,イヌワタリ,Inuwatari,,,,,,,,0,0,0,0,0,0,1,1,1947-04-17,,0,3001414,,,,,,,,,,,,,,,
082295,0013000,1,茨城県,イバラキケン,Ibaraki,,,,稲敷市,イナシキシ,Inashiki-shi,,,,今,イマ,,,,,,,,,0,0,0,0,0,0,1,1,1947-04-17,,0,,,,,,,,,,,,,,,,
082295,0014000,1,茨城県,イバラキケン,Ibaraki,,,,稲敷市,イナシキシ,Inashiki-shi,,,,浮島,ウキシマ,Ukishima,,,,,,,,0,0,0,0,0,0,1,1,1947-04-17,,0,3000641,,,,,,,,,,,,,,,
082295,0015000,1,茨城県,イバラキケン,Ibaraki,,,,稲敷市,イナシキシ,Inashiki-shi,,,,江戸崎,エドサキ,,,,,,,,,0,0,0,0,0,0,1,1,1947-04-17,,0,,,,,,,,,,,,,,,,
082295,0016000,1,茨城県,イバラキケン,Ibaraki,,,,稲敷市,イナシキシ,Inashiki-shi,,,,江戸崎みらい,エドサキミライ,Edosakimirai,,,,,,,,0,0,0,0,0,0,1,1,1947-04-17,,0,3000529,,,,,,,,,,,,,,,
082295,0017000,1,茨城県,イバラキケン,Ibaraki,,,,稲敷市,イナシキシ,Inashiki-shi,,,,大島,オオシマ,Oshima,,,,,,,,0,0,0,0,0,0,1,1,1947-04-17,,0,3000721,,,,,,,,,,,,,,,
082295,0018000,1,茨城県,イバラキケン,Ibaraki,,,,稲敷市,イナシキシ,Inashiki-shi,,,,太田,オオタ,Ota,,,,,,,,0,0,0,0,0,0,1,1,1947-04-17,,0,3001423,,,,,,,,,,,,,,,
082295,0019000,1,茨城県,イバラキケン,Ibaraki,,,,稲敷市,イナシキシ,Inashiki-shi,,,,岡飯出,オカイイデ,Okaiide,,,,,,,,0,0,0,0,0,0,1,1,1947-04-17,,0,3000633,,,,,,,,,,,,,,,
082295,0020000,1,茨城県,イバラキケン,Ibaraki,,,,稲敷市,イナシキシ,Inashiki-shi,,,,押砂,オシズナ,Oshizuna,,,,,,,,0,0,0,0,0,0,1,1,1947-04-17,,0,3000744,,,,,,,,,,,,,,,
082295,0021000,1,茨城県,イバラキケン,Ibaraki,,,,稲敷市,イナシキシ,Inashiki-shi,,,,小野,オノ,Ono,,,,,,,,0,0,0,0,0,0,1,1,1947-04-17,,0,3001425,,,,,,,,,,,,,,,
082295,0022000,1,茨城県,イバラキケン,Ibaraki,,,,稲敷市,イナシキシ,Inashiki-shi,,,,柏木,カシワギ,Kashiwagi,,,,,,,,0,0,0,0,0,0,1,1,1947-04-17,,0,3000634,,,,,,,,,,,,,,,
082295,0023000,1,茨城県,イバラキケン,Ibaraki,,,,稲敷市,イナシキシ,Inashiki-shi,,,,柏木古渡,カシワギフット,Kashiwagifutto,,,,,,,,0,0,0,0,0,0,1,1,1947-04-17,,0,3000637,,,,,,,,,,,,,,,
082295,0024000,1,茨城県,イバラキケン,Ibaraki,,,,稲敷市,イナシキシ,Inashiki-shi,,,,釜井,カマイ,Kamai,,,,,,,,0,0,0,0,0,0,1,1,1947-04-17,,0,3000604,,,,,,,,,,,,,,,
082295,0025000,1,茨城県,イバラキケン,Ibaraki,,,,稲敷市,イナシキシ,Inashiki-shi,,,,蒲ケ山,カマガヤマ,Kamagayama,,,,,,,,0,0,0,0,0,0,1,1,1947-04-17,,0,3000522,,,,,,,,,,,,,,,
082295,0026000,1,茨城県,イバラキケン,Ibaraki,,,,稲敷市,イナシキシ,Inashiki-shi,,,,上君山,カミキミヤマ,Kamikimiyama,,,,,,,,0,0,0,0,0,0,1,1,1947-04-17,,0,3000528,,,,,,,,,,,,,,,
082295,0027000,1,茨城県,イバラキケン,Ibaraki,,,,稲敷市,イナシキシ,Inashiki-shi,,,,上須田,カミスダ,Kamisuda,,,,,,,,0,0,0,0,0,0,1,1,1947-04-17,,0,3000737,,,,,,,,,,,,,,,
082295,0028000,1,茨城県,イバラキケン,Ibaraki,,,,稲敷市,イナシキシ,Inashiki-shi,,,,上根本,カミネモト,Kaminemoto,,,,,,,,0,0,0,0,0,0,1,1,1947-04-17,,0,3010902,,,,,,,,,,,,,,,
082295,0029000,1,茨城県,イバラキケン,Ibaraki,,,,稲敷市,イナシキシ,Inashiki-shi,,,,上之島,カミノシマ,Kaminoshima,,,,,,,,0,0,0,0,0,0,1,1,1947-04-17,,0,3000732,,,,,,,,,,,,,,,
082295,0030000,1,茨城県,イバラキケン,Ibaraki,,,,稲敷市,イナシキシ,Inashiki-shi,,,,上馬渡,カミマワタシ,Kamimawatashi,,,,,,,,0,0,0,0,0,0,1,1,1947-04-17,,0,3000643,,,,,,,,,,,,,,,
082295,0031000,1,茨城県,イバラキケン,Ibaraki,,,,稲敷市,イナシキシ,Inashiki-shi,,,,桑山,クワヤマ,Kuwayama,,,,,,,,0,0,0,0,0,0,1,1,1947-04-17,,0,3000513,,,,,,,,,,,,,,,
082295,0032000,1,茨城県,イバラキケン,Ibaraki,,,,稲敷市,イナシキシ,Inashiki-shi,,,,結佐,ケッサ,Kessa,,,,,,,,0,0,0,0,0,0,1,1,1947-04-17,,0,3000734,,,,,,,,,,,,,,,
082295,0033000,1,茨城県,イバラキケン,Ibaraki,,,,稲敷市,イナシキシ,Inashiki-shi,,,,神崎本宿,コウザキホンシュク,Kozakihonjuku,,,,,,,,0,0,0,0,0,0,1,1,1947-04-17,,0,3000746,,,,,,,,,,,,,,,
082295,0034000,1,茨城県,イバラキケン,Ibaraki,,,,稲敷市,イナシキシ,Inashiki-shi,,,,幸田,コウダ,Koda,,,,,,,,0,0,0,0,0,0,1,1,1947-04-17,,0,3000605,,,,,,,,,,,,,,,
082295,0035000,1,茨城県,イバラキケン,Ibaraki,,,,稲敷市,イナシキシ,Inashiki-shi,,,,石納,コクノウ,Kokuno,,,,,,,,0,0,0,0,0,0,1,1,1947-04-17,,0,3000733,,,,,,,,,,,,,,,
082295,0036000,1,茨城県,イバラキケン,Ibaraki,,,,稲敷市,イナシキシ,Inashiki-shi,,,,小羽賀,コハガ,Kohaga,,,,,,,,0,0,0,0,0,0,1,1,1947-04-17,,0,3000524,,,,,,,,,,,,,,,
082295,0037000,1,茨城県,イバラキケン,Ibaraki,,,,稲敷市,イナシキシ,Inashiki-shi,,,,駒塚,コマヅカ,Komatsuka,,,,,,,,0,0,0,0,0,0,1,1,1947-04-17,,0,3000514,,,,,,,,,,,,,,,
082295,0038000,1,茨城県,イバラキケン,Ibaraki,,,,稲敷市,イナシキシ,Inashiki-shi,,,,境島,サカイジマ,Sakaijima,,,,,,,,0,0,0,0,0,0,1,1,1947-04-17,,0,3000723,,,,,,,,,,,,,,,
082295,0039000,1,茨城県,イバラキケン,Ibaraki,,,,稲敷市,イナシキシ,Inashiki-shi,,,,佐倉,サクラ,Sakura,,,,,,,,0,0,0,0,0,0,1,1,1947-04-17,,0,3000508,,,,,,,,,,,,,,,
082295,0040000,1,茨城県,イバラキケン,Ibaraki,,,,稲敷市,イナシキシ,Inashiki-shi,,,,佐原組新田,サワラグミシンデン,Sawaragumishinden,,,,,,,,0,0,0,0,0,0,1,1,1947-04-17,,0,3000749,,,,,,,,,,,,,,,
082295,0041000,1,茨城県,イバラキケン,Ibaraki,,,,稲敷市,イナシキシ,Inashiki-shi,,,,佐原下手,サワラシタテ,Sawarashitate,,,,,,,,0,0,0,0,0,0,1,1,1947-04-17,,0,3000725,,,,,,,,,,,,,,,
082295,0042000,1,茨城県,イバラキケン,Ibaraki,,,,稲敷市,イナシキシ,Inashiki-shi,,,,椎塚,シイヅカ,Shiizuka,,,,,,,,0,0,0,0,0,0,1,1,1947-04-17,,0,3000512,,,,,,,,,,,,,,,
082295,0043000,1,茨城県,イバラキケン,Ibaraki,,,,稲敷市,イナシキシ,Inashiki-shi,,,,四箇,シカ,Shika,,,,,,,,0,0,0,0,0,0,1,1,1947-04-17,,0,3000623,,,,,,,,,,,,,,,
082295,0044000,1,茨城県,イバラキケン,Ibaraki,,,,稲敷市,イナシキシ,Inashiki-shi,,,,信太古渡,シダフット,Shidafutto,,,,,,,,0,0,0,0,0,0,1,1,1947-04-17,,0,3000502,,,,,,,,,,,,,,,
082295,0045000,1,茨城県,イバラキケン,Ibaraki,,,,稲敷市,イナシキシ,Inashiki-shi,,,,柴崎,シバザキ,Shibasaki,,,,,,,,0,0,0,0,0,0,1,1,1947-04-17,,0,3001412,,,,,,,,,,,,,,,
082295,0046000,1,茨城県,イバラキケン,Ibaraki,,,,稲敷市,イナシキシ,Inashiki-shi,,,,清水,シミズ,Shimizu,,,,,,,,0,0,0,0,0,0,1,1,1947-04-17,,0,3000614,,,,,,,,,,,,,,,
082295,0047000,1,茨城県,イバラキケン,Ibaraki,,,,稲敷市,イナシキシ,Inashiki-shi,,,,下太田,シモオオタ,Shimoota,,,,,,,,0,0,0,0,0,0,1,1,1947-04-17,,0,3001424,,,,,,,,,,,,,,,
082295,0048000,1,茨城県,イバラキケン,Ibaraki,,,,稲敷市,イナシキシ,Inashiki-shi,,,,下君山,シモキミヤマ,Shimokimiyama,,,,,,,,0,0,0,0,0,0,1,1,1947-04-17,,0,3000527,,,,,,,,,,,,,,,
082295,0049000,1,茨城県,イバラキケン,Ibaraki,,,,稲敷市,イナシキシ,Inashiki-shi,,,,下須田,シモスダ,Shimosuda,,,,,,,,0,0,0,0,0,0,1,1,1947-04-17,,0,3000601,,,,,,,,,,,,,,,
082295,0050000,1,茨城県,イバラキケン,Ibaraki,,,,稲敷市,イナシキシ,Inashiki-shi,,,,下根本,シモネモト,Shimonemoto,,,,,,,,0,0,0,0,0,0,1,1,1947-04-17,,0,3010901,,,,,,,,,,,,,,,
082295,0051000,1,茨城県,イバラキケン,Ibaraki,,,,稲敷市,イナシキシ,Inashiki-shi,,,,下馬渡,シモマワタシ,Shimomawatashi,,,,,,,,0,0,0,0,0,0,1,1,1947-04-17,,0,3000642,,,,,,,,,,,,,,,
082295,0052000,1,茨城県,イバラキケン,Ibaraki,,,,稲敷市,イナシキシ,Inashiki-shi,,,,神宮寺,ジングウジ,Jinguji,,,,,,,,0,0,0,0,0,0,1,1,1947-04-17,,0,3000622,,,,,,,,,,,,,,,
082295,0053000,1,茨城県,イバラキケン,Ibaraki,,,,稲敷市,イナシキシ,Inashiki-shi,,,,新橋,シンバシ,Shimbashi,,,,,,,,0,0,0,0,0,0,1,1,1947-04-17,,0,3000613,,,,,,,,,,,,,,,
082295,0054000,1,茨城県,イバラキケン,Ibaraki,,,,稲敷市,イナシキシ,Inashiki-shi,,,,須賀津,スカツ,Sukazu,,,,,,,,0,0,0,0,0,0,1,1,1947-04-17,,0,3000625,,,,,,,,,,,,,,,
082295,0055000,1,茨城県,イバラキケン,Ibaraki,,,,稲敷市,イナシキシ,Inashiki-shi,,,,月出里,スダチ,Sudachi,,,,,,,,0,0,0,0,0,0,1,1,1947-04-17,,0,3000521,,,,,,,,,,,,,,,
082295,0056000,1,茨城県,イバラキケン,Ibaraki,,,,稲敷市,イナシキシ,Inashiki-shi,,,,角崎,スミザキ,Sumizaki,,,,,,,,0,0,0,0,0,0,1,1,1947-04-17,,0,3001416,,,,,,,,,,,,,,,
082295,0057000,1,茨城県,イバラキケン,Ibaraki,,,,稲敷市,イナシキシ,Inashiki-shi,,,,清久島,セイキュウジマ,Seikyujima,,,,,,,,0,0,0,0,0,0,1,1,1947-04-17,,0,3000748,,,,,,,,,,,,,,,
082295,0058000,1,茨城県,イバラキケン,Ibaraki,,,,稲敷市,イナシキシ,Inashiki-shi,,,,高田,タカダ,Takada,,,,,,,,0,0,0,0,0,0,1,1,1947-04-17,,0,3000511,,,,,,,,,,,,,,,
082295,0059000,1,茨城県,イバラキケン,Ibaraki,,,,稲敷市,イナシキシ,Inashiki-shi,,,,手賀組新田,テガグミシンデン,Tegakumishinden,,,,,,,,0,0,0,0,0,0,1,1,1947-04-17,,0,3000741,,,,,,,,,,,,,,,
082295,0060000,1,茨城県,イバラキケン,Ibaraki,,,,稲敷市,イナシキシ,Inashiki-shi,,,,寺内,テラウチ,Terauchi,,,,,,,,0,0,0,0,0,0,1,1,1947-04-17,,0,3001426,,,,,,,,,,,,,,,
082295,0061000,1,茨城県,イバラキケン,Ibaraki,,,,稲敷市,イナシキシ,Inashiki-shi,,,,時崎,トキザキ,Tokizaki,,,,,,,,0,0,0,0,0,0,1,1,1947-04-17,,0,3000523,,,,,,,,,,,,,,,
082295,0062000,1,茨城県,イバラキケン,Ibaraki,,,,稲敷市,イナシキシ,Inashiki-shi,,,,中島,ナカジマ,Nakajima,,,,,,,,0,0,0,0,0,0,1,1,1947-04-17,,0,3000611,,,,,,,,,,,,,,,
082295,0063000,1,茨城県,イバラキケン,Ibaraki,,,,稲敷市,イナシキシ,Inashiki-shi,,,,中山,ナカヤマ,Nakayama,,,,,,,,0,0,0,0,0,0,1,1,1947-04-17,,0,3001415,,,,,,,,,,,,,,,
082295,0064000,1,茨城県,イバラキケン,Ibaraki,,,,稲敷市,イナシキシ,Inashiki-shi,,,,西代,ニシシロ,Nishishiro,,,,,,,,0,0,0,0,0,0,1,1,1947-04-17,,0,3000726,,,,,,,,,,,,,,,
082295,0065000,1,茨城県,イバラキケン,Ibaraki,,,,稲敷市,イナシキシ,Inashiki-shi,,,,西の洲,ニシノス,,,,,,,,,0,0,0,0,0,0,1,0,1947-04-17,,0,,,,,,,,,,,,,,,,
082295,0066000,1,茨城県,イバラキケン,Ibaraki,,,,稲敷市,イナシキシ,Inashiki-shi,,,,沼田,ヌマタ,Numata,,,,,,,,0,0,0,0,0,0,1,1,1947-04-17,,0,3000506,,,,,,,,,,,,,,,
082295,0067000,1,茨城県,イバラキケン,Ibaraki,,,,稲敷市,イナシキシ,Inashiki-shi,,,,羽賀,ハガ,Haga,,,,,,,,0,0,0,0,0,0,1,1,1947-04-17,,0,3000525,,,,,,,,,,,,,,,
082295,0068000,1,茨城県,イバラキケン,Ibaraki,,,,稲敷市,イナシキシ,Inashiki-shi,,,,羽賀浦,ハガウラ,Hagaura,,,,,,,,0,0,0,0,0,0,1,1,1947-04-17,,0,3001427,,,,,,,,,,,,,,,
082295,0069000,1,茨城県,イバラキケン,Ibaraki,,,,稲敷市,イナシキシ,Inashiki-shi,,,,羽賀沼,ハガヌマ,,,,,,,,,0,0,0,0,0,0,1,1,1947-04-17,,0,,,,,,,,,,,,,,,,
082295,0070000,1,茨城県,イバラキケン,Ibaraki,,,,稲敷市,イナシキシ,Inashiki-shi,,,,橋向,ハシムコウ,Hashimuko,,,,,,,,0,0,0,0,0,0,1,1,1947-04-17,,0,3000745,,,,,,,,,,,,,,,
082295,0071000,1,茨城県,イバラキケン,Ibaraki,,,,稲敷市,イナシキシ,Inashiki-shi,,,,八千石,ハッセンゴク,Hassengoku,,,,,,,,0,0,0,0,0,0,1,1,1947-04-17,,0,3000736,,,,,,,,,,,,,,,
082295,0072000,1,茨城県,イバラキケン,Ibaraki,,,,稲敷市,イナシキシ,Inashiki-shi,,,,鳩崎,ハトザキ,Hatozaki,,,,,,,,0,0,0,0,0,0,1,1,1947-04-17,,0,3000501,,,,,,,,,,,,,,,
082295,0073000,1,茨城県,イバラキケン,Ibaraki,,,,稲敷市,イナシキシ,Inashiki-shi,,,,羽生,ハニュウ,Hanyu,,,,,,,,0,0,0,0,0,0,1,1,1947-04-17,,0,3000636,,,,,,,,,,,,,,,
082295,0074000,1,茨城県,イバラキケン,Ibaraki,,,,稲敷市,イナシキシ,Inashiki-shi,,,,東大沼,ヒガシオオヌマ,Higashionuma,,,,,,,,0,0,0,0,0,0,1,1,1947-04-17,,0,3000616,,,,,,,,,,,,,,,
082295,0075000,1,茨城県,イバラキケン,Ibaraki,,,,稲敷市,イナシキシ,Inashiki-shi,,,,福田,フクダ,Fukuda,,,,,,,,0,0,0,0,0,0,1,1,1947-04-17,,0,3000617,,,,,,,,,,,,,,,
082295,0076000,1,茨城県,イバラキケン,Ibaraki,,,,稲敷市,イナシキシ,Inashiki-shi,,,,古渡,フット,Futto,,,,,,,,0,0,0,0,0,0,1,1,1947-04-17,,0,3000638,,,,,,,,,,,,,,,
082295,0077000,1,茨城県,イバラキケン,Ibaraki,,,,稲敷市,イナシキシ,Inashiki-shi,,,,堀川,ホリカワ,Horikawa,,,,,,,,0,0,0,0,0,0,1,1,1947-04-17,,0,3001421,,,,,,,,,,,,,,,
082295,0078000,1,茨城県,イバラキケン,Ibaraki,,,,稲敷市,イナシキシ,Inashiki-shi,,,,堀之内,ホリノウチ,Horinochi,,,,,,,,0,0,0,0,0,0,1,1,1947-04-17,,0,3000635,,,,,,,,,,,,,,,
082295,0079000,1,茨城県,イバラキケン,Ibaraki,,,,稲敷市,イナシキシ,Inashiki-shi,,,,曲渕,マガフチ,Magabuchi,,,,,,,,0,0,0,0,0,0,1,1,1947-04-17,,0,3000743,,,,,,,,,,,,,,,
082295,0080000,1,茨城県,イバラキケン,Ibaraki,,,,稲敷市,イナシキシ,Inashiki-shi,,,,町田,マチダ,Machida,,,,,,,,0,0,0,0,0,0,1,1,1947-04-17,,0,3000615,,,,,,,,,,,,,,,
082295,0081000,1,茨城県,イバラキケン,Ibaraki,,,,稲敷市,イナシキシ,Inashiki-shi,,,,松山,マツヤマ,Matsuyama,,,,,,,,0,0,0,0,0,0,1,1,1947-04-17,,0,3000526,,,,,,,,,,,,,,,
082295,0082000,1,茨城県,イバラキケン,Ibaraki,,,,稲敷市,イナシキシ,Inashiki-shi,,,,狸穴,マミアナ,Mamiana,,,,,,,,0,0,0,0,0,0,1,1,1947-04-17,,0,3001417,,,,,,,,,,,,,,,
082295,0083000,1,茨城県,イバラキケン,Ibaraki,,,,稲敷市,イナシキシ,Inashiki-shi,,,,三島,ミシマ,Mishima,,,,,,,,0,0,0,0,0,0,1,1,1947-04-17,,0,3000722,,,,,,,,,,,,,,,
082295,0084000,1,茨城県,イバラキケン,Ibaraki,,,,稲敷市,イナシキシ,Inashiki-shi,,,,三次,ミツギ,Mitsugi,,,,,,,,0,0,0,0,0,0,1,1,1947-04-17,,0,3000631,,,,,,,,,,,,,,,
082295,0085000,1,茨城県,イバラキケン,Ibaraki,,,,稲敷市,イナシキシ,Inashiki-shi,,,,光葉,ミツバ,Mitsuba,,,,,,,,0,0,0,0,0,0,1,1,1947-04-17,,0,3000607,,,,,,,,,,,,,,,
082295,0086000,1,茨城県,イバラキケン,Ibaraki,,,,稲敷市,イナシキシ,Inashiki-shi,,,,南太田,ミナミオオタ,Minamiota,,,,,,,,0,0,0,0,0,0,1,1,1947-04-17,,0,3001422,,,,,,,,,,,,,,,
082295,0087000,1,茨城県,イバラキケン,Ibaraki,,,,稲敷市,イナシキシ,Inashiki-shi,,,,南ケ丘,ミナミガオカ,Minamigaoka,,,,,,,,0,0,0,0,0,0,1,1,1947-04-17,,0,3000515,,,,,,,,,,,,,,,
082295,0088000,1,茨城県,イバラキケン,Ibaraki,,,,稲敷市,イナシキシ,Inashiki-shi,,,,南山来,ミナミヤマク,Minamiyamaku,,,,,,,,0,0,0,0,0,0,1,1,1947-04-17,,0,3000624,,,,,,,,,,,,,,,
082295,0089000,1,茨城県,イバラキケン,Ibaraki,,,,稲敷市,イナシキシ,Inashiki-shi,,,,村田,ムラタ,Murata,,,,,,,,0,0,0,0,0,0,1,1,1947-04-17,,0,3000505,,,,,,,,,,,,,,,
082295,0090000,1,茨城県,イバラキケン,Ibaraki,,,,稲敷市,イナシキシ,Inashiki-shi,,,,本新,モトシン,Motoshin,,,,,,,,0,0,0,0,0,0,1,1,1947-04-17,,0,3000731,,,,,,,,,,,,,,,
082295,0091000,1,茨城県,イバラキケン,Ibaraki,,,,稲敷市,イナシキシ,Inashiki-shi,,,,八筋川,ヤスジガワ,Yasujikawa,,,,,,,,0,0,0,0,0,0,1,1,1947-04-17,,0,3000724,,,,,,,,,,,,,,,
082295,0092000,1,茨城県,イバラキケン,Ibaraki,,,,稲敷市,イナシキシ,Inashiki-shi,,,,余津谷,ヨツヤ,Yotsuya,,,,,,,,0,0,0,0,0,0,1,1,1947-04-17,,0,3000747,,,,,,,,,,,,,,,
082295,0093000,1,茨城県,イバラキケン,Ibaraki,,,,稲敷市,イナシキシ,Inashiki-shi,,,,四ツ谷,ヨツヤ,,,,,,,,,0,0,0,0,0,0,1,1,1947-04-17,,0,,,,,,,,,,,,,,,,
082295,0094000,1,茨城県,イバラキケン,Ibaraki,,,,稲敷市,イナシキシ,Inashiki-shi,,,,六角,ロッカク,Rokkaku,,,,,,,,0,0,0,0,0,0,1,1,1947-04-17,,0,3000735,,,,,,,,,,,,,,,
082295,0095000,1,茨城県,イバラキケン,Ibaraki,,,,稲敷市,イナシキシ,Inashiki-shi,,,,脇川,ワキガワ,Wakigawa,,,,,,,,0,0,0,0,0,0,1,1,1947-04-17,,0,3000606,,,,,,,,,,,,,,,
082295,0096000,1,茨城県,イバラキケン,Ibaraki,,,,稲敷市,イナシキシ,Inashiki-shi,,,,奥原,オクハラ,,,,,,,,,0,0,0,0,0,0,1,1,1947-04-17,,0,,,,,,,,,,,,,,,,
082295,0097000,1,茨城県,イバラキケン,Ibaraki,,,,稲敷市,イナシキシ,Inashiki-shi,,,,佐原,サワラ,,,,,,,,,0,0,0,0,0,0,1,1,1947-04-17,,0,,,,,,,,,,,,,,,,
082295,0098000,1,茨城県,イバラキケン,Ibaraki,,,,稲敷市,イナシキシ,Inashiki-shi,,,,神崎神宿,コウザキシンジユク,,,,,,,,,0,0,0,0,0,0,1,1,1947-04-17,,0,,,,,,,,,,,,,,,,
082295,0099000,1,茨城県,イバラキケン,Ibaraki,,,,稲敷市,イナシキシ,Inashiki-shi,,,,飯島,イイジマ,Iijima,,,,,,,,0,0,0,0,0,0,1,1,1947-04-17,,0,3000727,,,,,,,,,,,,,,,
082295,0100000,1,茨城県,イバラキケン,Ibaraki,,,,稲敷市,イナシキシ,Inashiki-shi,,,,野間谷原,ノマヤワラ,,,,,,,,,0,0,0,0,0,0,1,1,1947-04-17,,0,,,,,,,,,,,,,,,,
082295,0102000,1,茨城県,イバラキケン,Ibaraki,,,,稲敷市,イナシキシ,Inashiki-shi,,,,阿波崎新田,アバサキシンデン,,,,,,,,,0,0,0,0,0,0,1,1,1947-04-17,,0,,,,,,,,,,,,,,,,
082295,0103000,1,茨城県,イバラキケン,Ibaraki,,,,稲敷市,イナシキシ,Inashiki-shi,,,,下須田新田,シモスダシンデン,,,,,,,,,0,0,0,0,0,0,1,1,1947-04-17,,0,,,,,,,,,,,,,,,,
082295,0104000,1,茨城県,イバラキケン,Ibaraki,,,,稲敷市,イナシキシ,Inashiki-shi,,,,君賀の森,キミガノモリ,,,,,,,,,0,0,0,0,0,0,1,1,2022-09-01,,0,,,,,,,,,,,,,,,,
082295,0108000,1,茨城県,イバラキケン,Ibaraki,,,,稲敷市,イナシキシ,Inashiki-shi,,,,下加納,シモカノウ,,,,,,,,,0,0,0,0,0,0,1,0,1947-04-17,,1,,,,,,,,,,,,,,,,
082295,0109000,1,茨城県,イバラキケン,Ibaraki,,,,稲敷市,イナシキシ,Inashiki-shi,,,,古河林,コガバヤシ,,,,,,,,,0,0,0,0,0,0,1,0,1947-04-17,,1,,,,,,,,,,,,,,,,
082295,0110000,1,茨城県,イバラキケン,Ibaraki,,,,稲敷市,イナシキシ,Inashiki-shi,,,,塗戸町,ヌルトマチ,,,,,,,,,0,0,0,0,0,0,1,0,1947-04-17,,1,,,,,,,,,,,,,,,,
082295,0111000,1,茨城県,イバラキケン,Ibaraki,,,,稲敷市,イナシキシ,Inashiki-shi,,,,大谷,オオヤ,,,,,,,,,0,0,0,0,0,0,1,0,1947-04-17,,1,,,,,,,,,,,,,,,,
082295,0112000,1,茨城県,イバラキケン,Ibaraki,,,,稲敷市,イナシキシ,Inashiki-shi,,,,長竿,ナガサオ,,,,,,,,,0,0,0,0,0,0,1,0,1947-04-17,,1,,,,,,,,,,,,,,,,
082309,0001000,1,茨城県,イバラキケン,Ibaraki,,,,かすみがうら市,カスミガウラシ,Kasumigaura-shi,,,,有河,アルガ,Aruga,,,,,,,,0,0,0,0,0,0,1,1,1947-04-17,,0,3000212,,,,,,,,,,,,,,,
082309,0002000,1,茨城県,イバラキケン,Ibaraki,,,,かすみがうら市,カスミガウラシ,Kasumigaura-shi,,,,粟田,アワダ,Awada,,,,,,,,0,0,0,0,0,0,1,1,1947-04-17,,0,3150078,,,,,,,,,,,,,,,
082309,0003000,1,茨城県,イバラキケン,Ibaraki,,,,かすみがうら市,カスミガウラシ,Kasumigaura-shi,,,,安食,アンジキ,Anjiki,,,,,,,,0,0,0,0,0,0,1,1,1947-04-17,,0,3000205,,,,,,,,,,,,,,,
082309,0004000,1,茨城県,イバラキケン,Ibaraki,,,,かすみがうら市,カスミガウラシ,Kasumigaura-shi,,,,飯田,イイダ,Iida,,,,,,,,0,0,0,0,0,0,1,1,1947-04-17,,0,3150063,,,,,,,,,,,,,,,
082309,0005000,1,茨城県,イバラキケン,Ibaraki,,,,かすみがうら市,カスミガウラシ,Kasumigaura-shi,,,,市川,イチカワ,Ichikawa,,,,,,,,0,0,0,0,0,0,1,1,1947-04-17,,0,3150071,,,,,,,,,,,,,,,
082309,0006000,1,茨城県,イバラキケン,Ibaraki,,,,かすみがうら市,カスミガウラシ,Kasumigaura-shi,,,,一の瀬,イチノセ,,,,,,,,,0,0,0,0,0,0,1,1,1947-04-17,,0,,,,,,,,,,,,,,,,
082309,0007000,1,茨城県,イバラキケン,Ibaraki,,,,かすみがうら市,カスミガウラシ,Kasumigaura-shi,,,,一の瀬上流,イチノセジョウリュウ,,,,,,,,,0,0,0,0,0,0,1,1,1947-04-17,,0,,,,,,,,,,,,,,,,
082309,0008001,2,茨城県,イバラキケン,Ibaraki,,,,かすみがうら市,カスミガウラシ,Kasumigaura-shi,,,,稲吉,イナヨシ,Inayoshi,一丁目,１チョウメ,1,,,,,1,1,0,0,0,0,1,1,1947-04-17,,0,,,,,,,,,,,,,,,,
082309,0008002,2,茨城県,イバラキケン,Ibaraki,,,,かすみがうら市,カスミガウラシ,Kasumigaura-shi,,,,稲吉,イナヨシ,Inayoshi,二丁目,２チョウメ,2,,,,,1,1,0,0,0,0,1,1,1947-04-17,,0,,,,,,,,,,,,,,,,
082309,0008003,2,茨城県,イバラキケン,Ibaraki,,,,かすみがうら市,カスミガウラシ,Kasumigaura-shi,,,,稲吉,イナヨシ,Inayoshi,三丁目,３チョウメ,3,,,,,1,1,0,0,0,0,1,1,1947-04-17,,0,,,,,,,,,,,,,,,,
082309,0008004,2,茨城県,イバラキケン,Ibaraki,,,,かすみがうら市,カスミガウラシ,Kasumigaura-shi,,,,稲吉,イナヨシ,Inayoshi,四丁目,４チョウメ,4,,,,,1,1,0,0,0,0,1,1,1947-04-17,,0,,,,,,,,,,,,,,,,
082309,0008005,2,茨城県,イバラキケン,Ibaraki,,,,かすみがうら市,カスミガウラシ,Kasumigaura-shi,,,,稲吉,イナヨシ,Inayoshi,五丁目,５チョウメ,5,,,,,1,1,0,0,0,0,1,1,1947-04-17,,0,,,,,,,,,,,,,,,,
082309,0009001,2,茨城県,イバラキケン,Ibaraki,,,,かすみがうら市,カスミガウラシ,Kasumigaura-shi,,,,稲吉東,イナヨシヒガシ,Inayoshi Higashi,一丁目,１チョウメ,1,,,,,1,1,0,0,0,0,1,1,1947-04-17,,0,,,,,,,,,,,,,,,,
082309,0009002,2,茨城県,イバラキケン,Ibaraki,,,,かすみがうら市,カスミガウラシ,Kasumigaura-shi,,,,稲吉東,イナヨシヒガシ,Inayoshi Higashi,二丁目,２チョウメ,2,,,,,1,1,0,0,0,0,1,1,1947-04-17,,0,,,,,,,,,,,,,,,,
082309,0009003,2,茨城県,イバラキケン,Ibaraki,,,,かすみがうら市,カスミガウラシ,Kasumigaura-shi,,,,稲吉東,イナヨシヒガシ,Inayoshi Higashi,三丁目,３チョウメ,3,,,,,1,1,0,0,0,0,1,1,1947-04-17,,0,,,,,,,,,,,,,,,,
082309,0009004,2,茨城県,イバラキケン,Ibaraki,,,,かすみがうら市,カスミガウラシ,Kasumigaura-shi,,,,稲吉東,イナヨシヒガシ,Inayoshi Higashi,四丁目,４チョウメ,4,,,,,1,1,0,0,0,0,1,1,1947-04-17,,0,,,,,,,,,,,,,,,,
082309,0009005,2,茨城県,イバラキケン,Ibaraki,,,,かすみがうら市,カスミガウラシ,Kasumigaura-shi,,,,稲吉東,イナヨシヒガシ,Inayoshi Higashi,五丁目,５チョウメ,5,,,,,1,1,0,0,0,0,1,1,1947-04-17,,0,,,,,,,,,,,,,,,,
082309,0009006,2,茨城県,イバラキケン,Ibaraki,,,,かすみがうら市,カスミガウラシ,Kasumigaura-shi,,,,稲吉東,イナヨシヒガシ,Inayoshi Higashi,六丁目,６チョウメ,6,,,,,1,1,0,0,0,0,1,1,1947-04-17,,0,,,,,,,,,,,,,,,,
082309,0010001,2,茨城県,イバラキケン,Ibaraki,,,,かすみがうら市,カスミガウラシ,Kasumigaura-shi,,,,稲吉南,イナヨシミナミ,Inayoshi Minami,一丁目,１チョウメ,1,,,,,1,1,0,0,0,0,1,1,1947-04-17,,0,,,,,,,,,,,,,,,,
082309,0010002,2,茨城県,イバラキケン,Ibaraki,,,,かすみがうら市,カスミガウラシ,Kasumigaura-shi,,,,稲吉南,イナヨシミナミ,Inayoshi Minami,二丁目,２チョウメ,2,,,,,1,1,0,0,0,0,1,1,1947-04-17,,0,,,,,,,,,,,,,,,,
082309,0010003,2,茨城県,イバラキケン,Ibaraki,,,,かすみがうら市,カスミガウラシ,Kasumigaura-shi,,,,稲吉南,イナヨシミナミ,Inayoshi Minami,三丁目,３チョウメ,3,,,,,1,1,0,0,0,0,1,1,1947-04-17,,0,,,,,,,,,,,,,,,,
082309,0011000,1,茨城県,イバラキケン,Ibaraki,,,,かすみがうら市,カスミガウラシ,Kasumigaura-shi,,,,岩坪,イワツボ,Iwatsubo,,,,,,,,0,0,0,0,0,0,1,1,1947-04-17,,0,3000203,,,,,,,,,,,,,,,
082309,0012000,1,茨城県,イバラキケン,Ibaraki,,,,かすみがうら市,カスミガウラシ,Kasumigaura-shi,,,,牛渡,ウシワタ,Ushiwata,,,,,,,,0,0,0,0,0,0,1,1,1947-04-17,,0,3000213,,,,,,,,,,,,,,,
082309,0013000,1,茨城県,イバラキケン,Ibaraki,,,,かすみがうら市,カスミガウラシ,Kasumigaura-shi,,,,大峰,オオミネ,Omine,,,,,,,,0,0,0,0,0,0,1,1,1947-04-17,,0,3150064,,,,,,,,,,,,,,,
082309,0014000,1,茨城県,イバラキケン,Ibaraki,,,,かすみがうら市,カスミガウラシ,Kasumigaura-shi,,,,大和田,オオワダ,Owada,,,,,,,,0,0,0,0,0,0,1,1,1947-04-17,,0,3000124,,,,,,,,,,,,,,,
082309,0015000,1,茨城県,イバラキケン,Ibaraki,,,,かすみがうら市,カスミガウラシ,Kasumigaura-shi,,,,男神,オガミ,Ogami,,,,,,,,0,0,0,0,0,0,1,1,1947-04-17,,0,3000132,,,,,,,,,,,,,,,
082309,0016000,1,茨城県,イバラキケン,Ibaraki,,,,かすみがうら市,カスミガウラシ,Kasumigaura-shi,,,,柏崎,カシワザキ,Kashiwazaki,,,,,,,,0,0,0,0,0,0,1,1,1947-04-17,,0,3000201,,,,,,,,,,,,,,,
082309,0017000,1,茨城県,イバラキケン,Ibaraki,,,,かすみがうら市,カスミガウラシ,Kasumigaura-shi,,,,上稲吉,カミイナヨシ,Kamiinayoshi,,,,,,,,0,0,0,0,0,0,1,1,1947-04-17,,0,3150056,,,,,,,,,,,,,,,
082309,0018000,1,茨城県,イバラキケン,Ibaraki,,,,かすみがうら市,カスミガウラシ,Kasumigaura-shi,,,,上大堤,カミオオヅツミ,Kamiozutsumi,,,,,,,,0,0,0,0,0,0,1,1,1947-04-17,,0,3000127,,,,,,,,,,,,,,,
082309,0019000,1,茨城県,イバラキケン,Ibaraki,,,,かすみがうら市,カスミガウラシ,Kasumigaura-shi,,,,上軽部,カミカルベ,Kamikarube,,,,,,,,0,0,0,0,0,0,1,1,1947-04-17,,0,3000123,,,,,,,,,,,,,,,
082309,0020000,1,茨城県,イバラキケン,Ibaraki,,,,かすみがうら市,カスミガウラシ,Kasumigaura-shi,,,,上佐谷,カミサヤ,Kamisaya,,,,,,,,0,0,0,0,0,0,1,1,1947-04-17,,0,3150065,,,,,,,,,,,,,,,
082309,0021000,1,茨城県,イバラキケン,Ibaraki,,,,かすみがうら市,カスミガウラシ,Kasumigaura-shi,,,,上志筑,カミシヅク,Kamishizuku,,,,,,,,0,0,0,0,0,0,1,1,1947-04-17,,0,3150076,,,,,,,,,,,,,,,
082309,0022000,1,茨城県,イバラキケン,Ibaraki,,,,かすみがうら市,カスミガウラシ,Kasumigaura-shi,,,,上土田,カミツチダ,Kamitsuchida,,,,,,,,0,0,0,0,0,0,1,1,1947-04-17,,0,3150057,,,,,,,,,,,,,,,
082309,0023000,1,茨城県,イバラキケン,Ibaraki,,,,かすみがうら市,カスミガウラシ,Kasumigaura-shi,,,,加茂,カモ,Kamo,,,,,,,,0,0,0,0,0,0,1,1,1947-04-17,,0,3000135,,,,,,,,,,,,,,,
082309,0024000,1,茨城県,イバラキケン,Ibaraki,,,,かすみがうら市,カスミガウラシ,Kasumigaura-shi,,,,五反田,ゴタンダ,Gotanda,,,,,,,,0,0,0,0,0,0,1,1,1947-04-17,,0,3150061,,,,,,,,,,,,,,,
082309,0025000,1,茨城県,イバラキケン,Ibaraki,,,,かすみがうら市,カスミガウラシ,Kasumigaura-shi,,,,坂,サカ,Saka,,,,,,,,0,0,0,0,0,0,1,1,1947-04-17,,0,3000214,,,,,,,,,,,,,,,
082309,0026000,1,茨城県,イバラキケン,Ibaraki,,,,かすみがうら市,カスミガウラシ,Kasumigaura-shi,,,,宍倉,シシクラ,Shishikura,,,,,,,,0,0,0,0,0,0,1,1,1947-04-17,,0,3000121,,,,,,,,,,,,,,,
082309,0027000,1,茨城県,イバラキケン,Ibaraki,,,,かすみがうら市,カスミガウラシ,Kasumigaura-shi,,,,志戸崎,シトザキ,Shitozaki,,,,,,,,0,0,0,0,0,0,1,1,1947-04-17,,0,3000211,,,,,,,,,,,,,,,
082309,0028000,1,茨城県,イバラキケン,Ibaraki,,,,かすみがうら市,カスミガウラシ,Kasumigaura-shi,,,,下稲吉,シモイナヨシ,Shimoinayoshi,,,,,,,,0,0,0,0,0,0,1,1,1947-04-17,,0,3150052,,,,,,,,,,,,,,,
082309,0029000,1,茨城県,イバラキケン,Ibaraki,,,,かすみがうら市,カスミガウラシ,Kasumigaura-shi,,,,下大堤,シモオオヅツミ,Shimoozutsumi,,,,,,,,0,0,0,0,0,0,1,1,1947-04-17,,0,3000131,,,,,,,,,,,,,,,
082309,0030000,1,茨城県,イバラキケン,Ibaraki,,,,かすみがうら市,カスミガウラシ,Kasumigaura-shi,,,,下軽部,シモカルベ,Shimokarube,,,,,,,,0,0,0,0,0,0,1,1,1947-04-17,,0,3000204,,,,,,,,,,,,,,,
082309,0031000,1,茨城県,イバラキケン,Ibaraki,,,,かすみがうら市,カスミガウラシ,Kasumigaura-shi,,,,下佐谷,シモサヤ,Shimosaya,,,,,,,,0,0,0,0,0,0,1,1,1947-04-17,,0,3150067,,,,,,,,,,,,,,,
082309,0032000,1,茨城県,イバラキケン,Ibaraki,,,,かすみがうら市,カスミガウラシ,Kasumigaura-shi,,,,下志筑,シモシヅク,Shimoshizuku,,,,,,,,0,0,0,0,0,0,1,1,1947-04-17,,0,3150074,,,,,,,,,,,,,,,
082309,0033000,1,茨城県,イバラキケン,Ibaraki,,,,かすみがうら市,カスミガウラシ,Kasumigaura-shi,,,,下土田,シモツチダ,Shimotsuchida,,,,,,,,0,0,0,0,0,0,1,1,1947-04-17,,0,3150058,,,,,,,,,,,,,,,
082309,0034000,1,茨城県,イバラキケン,Ibaraki,,,,かすみがうら市,カスミガウラシ,Kasumigaura-shi,,,,高倉,タカクラ,Takakura,,,,,,,,0,0,0,0,0,0,1,1,1947-04-17,,0,3150077,,,,,,,,,,,,,,,
082309,0035000,1,茨城県,イバラキケン,Ibaraki,,,,かすみがうら市,カスミガウラシ,Kasumigaura-shi,,,,田伏,タブセ,Tabuse,,,,,,,,0,0,0,0,0,0,1,1,1947-04-17,,0,3000202,,,,,,,,,,,,,,,
082309,0036000,1,茨城県,イバラキケン,Ibaraki,,,,かすみがうら市,カスミガウラシ,Kasumigaura-shi,,,,戸崎,トザキ,Tozaki,,,,,,,,0,0,0,0,0,0,1,1,1947-04-17,,0,3000136,,,,,,,,,,,,,,,
082309,0037000,1,茨城県,イバラキケン,Ibaraki,,,,かすみがうら市,カスミガウラシ,Kasumigaura-shi,,,,中佐谷,ナカサヤ,Nakasaya,,,,,,,,0,0,0,0,0,0,1,1,1947-04-17,,0,3150066,,,,,,,,,,,,,,,
082309,0038000,1,茨城県,イバラキケン,Ibaraki,,,,かすみがうら市,カスミガウラシ,Kasumigaura-shi,,,,中志筑,ナカシヅク,Nakashizuku,,,,,,,,0,0,0,0,0,0,1,1,1947-04-17,,0,3150075,,,,,,,,,,,,,,,
082309,0039000,1,茨城県,イバラキケン,Ibaraki,,,,かすみがうら市,カスミガウラシ,Kasumigaura-shi,,,,中台,ナカダイ,Nakadai,,,,,,,,0,0,0,0,0,0,1,1,1947-04-17,,0,3000133,,,,,,,,,,,,,,,
082309,0040000,1,茨城県,イバラキケン,Ibaraki,,,,かすみがうら市,カスミガウラシ,Kasumigaura-shi,,,,新治,ニイハリ,Niihari,,,,,,,,0,0,0,0,0,0,1,1,1947-04-17,,0,3150051,,,,,,,,,,,,,,,
082309,0041000,1,茨城県,イバラキケン,Ibaraki,,,,かすみがうら市,カスミガウラシ,Kasumigaura-shi,,,,西成井,ニシナルイ,Nishinarui,,,,,,,,0,0,0,0,0,0,1,1,1947-04-17,,0,3000122,,,,,,,,,,,,,,,
082309,0042000,1,茨城県,イバラキケン,Ibaraki,,,,かすみがうら市,カスミガウラシ,Kasumigaura-shi,,,,西野寺,ニシノデラ,Nishinodera,,,,,,,,0,0,0,0,0,0,1,1,1947-04-17,,0,3150073,,,,,,,,,,,,,,,
082309,0043000,1,茨城県,イバラキケン,Ibaraki,,,,かすみがうら市,カスミガウラシ,Kasumigaura-shi,,,,東野寺,ヒガシノデラ,Higashinodera,,,,,,,,0,0,0,0,0,0,1,1,1947-04-17,,0,3150072,,,,,,,,,,,,,,,
082309,0044000,1,茨城県,イバラキケン,Ibaraki,,,,かすみがうら市,カスミガウラシ,Kasumigaura-shi,,,,深谷,フカヤ,Fukaya,,,,,,,,0,0,0,0,0,0,1,1,1947-04-17,,0,3000134,,,,,,,,,,,,,,,
082309,0045000,1,茨城県,イバラキケン,Ibaraki,,,,かすみがうら市,カスミガウラシ,Kasumigaura-shi,,,,三ツ木,ミツギ,Mitsugi,,,,,,,,0,0,0,0,0,0,1,1,1947-04-17,,0,3000125,,,,,,,,,,,,,,,
082309,0046000,1,茨城県,イバラキケン,Ibaraki,,,,かすみがうら市,カスミガウラシ,Kasumigaura-shi,,,,南根本,ミナミネモト,Minaminemoto,,,,,,,,0,0,0,0,0,0,1,1,1947-04-17,,0,3000126,,,,,,,,,,,,,,,
082309,0047000,1,茨城県,イバラキケン,Ibaraki,,,,かすみがうら市,カスミガウラシ,Kasumigaura-shi,,,,山本,ヤマモト,Yamamoto,,,,,,,,0,0,0,0,0,0,1,1,1947-04-17,,0,3150068,,,,,,,,,,,,,,,
082309,0048000,1,茨城県,イバラキケン,Ibaraki,,,,かすみがうら市,カスミガウラシ,Kasumigaura-shi,,,,雪入,ユキイリ,Yukiiri,,,,,,,,0,0,0,0,0,0,1,1,1947-04-17,,0,3150069,,,,,,,,,,,,,,,
082309,0049000,1,茨城県,イバラキケン,Ibaraki,,,,かすみがうら市,カスミガウラシ,Kasumigaura-shi,,,,横堀,ヨコボリ,Yokobori,,,,,,,,0,0,0,0,0,0,1,1,1947-04-17,,0,3150062,,,,,,,,,,,,,,,
082309,0050000,1,茨城県,イバラキケン,Ibaraki,,,,かすみがうら市,カスミガウラシ,Kasumigaura-shi,,,,三村,ミムラ,,,,,,,,,0,0,0,0,0,0,0,1,1947-04-17,,0,,,,,,,,,,,,,,,,
082309,0051000,1,茨城県,イバラキケン,Ibaraki,,,,かすみがうら市,カスミガウラシ,Kasumigaura-shi,,,,石岡,イシオカ,,,,,,,,,0,0,0,0,0,0,0,1,1947-04-17,,0,,,,,,,,,,,,,,,,
082317,0001000,1,茨城県,イバラキケン,Ibaraki,,,,桜川市,サクラガワシ,Sakuragawa-shi,,,,青木,アオキ,Aoki,,,,,,,,0,0,0,0,0,0,1,1,1947-04-17,,0,3091241,,,,,,,,,,,,,,,
082317,0002000,1,茨城県,イバラキケン,Ibaraki,,,,桜川市,サクラガワシ,Sakuragawa-shi,,,,青柳,アオヤギ,Aoyagi,,,,,,,,0,0,0,0,0,0,1,1,1947-04-17,,0,3091456,,,,,,,,,,,,,,,
082317,0003001,2,茨城県,イバラキケン,Ibaraki,,,,桜川市,サクラガワシ,Sakuragawa-shi,,,,明日香,アスカ,Asuka,一丁目,１チョウメ,1,,,,,0,0,0,0,0,0,1,1,1947-04-17,,0,,,,,,,,,,,,,,,,
082317,0003002,2,茨城県,イバラキケン,Ibaraki,,,,桜川市,サクラガワシ,Sakuragawa-shi,,,,明日香,アスカ,Asuka,二丁目,２チョウメ,2,,,,,0,0,0,0,0,0,1,1,1947-04-17,,0,,,,,,,,,,,,,,,,
082317,0003003,2,茨城県,イバラキケン,Ibaraki,,,,桜川市,サクラガワシ,Sakuragawa-shi,,,,明日香,アスカ,Asuka,三丁目,３チョウメ,3,,,,,0,0,0,0,0,0,1,1,1947-04-17,,0,,,,,,,,,,,,,,,,
082317,0003004,2,茨城県,イバラキケン,Ibaraki,,,,桜川市,サクラガワシ,Sakuragawa-shi,,,,明日香,アスカ,Asuka,四丁目,４チョウメ,4,,,,,0,0,0,0,0,0,1,1,1947-04-17,,0,,,,,,,,,,,,,,,,
082317,0004000,1,茨城県,イバラキケン,Ibaraki,,,,桜川市,サクラガワシ,Sakuragawa-shi,,,,阿部田,アベタ,Abeta,,,,,,,,0,0,0,0,0,0,1,1,1947-04-17,,0,3091234,,,,,,,,,,,,,,,
082317,0005000,1,茨城県,イバラキケン,Ibaraki,,,,桜川市,サクラガワシ,Sakuragawa-shi,,,,飯渕,イイブチ,Iibuchi,,,,,,,,0,0,0,0,0,0,1,1,1947-04-17,,0,3091202,,,,,,,,,,,,,,,
082317,0006000,1,茨城県,イバラキケン,Ibaraki,,,,桜川市,サクラガワシ,Sakuragawa-shi,,,,池亀,イケガメ,Ikegame,,,,,,,,0,0,0,0,0,0,1,1,1947-04-17,,0,3091332,,,,,,,,,,,,,,,
082317,0007000,1,茨城県,イバラキケン,Ibaraki,,,,桜川市,サクラガワシ,Sakuragawa-shi,,,,磯部,イソベ,Isobe,,,,,,,,0,0,0,0,0,0,1,1,1947-04-17,,0,3091457,,,,,,,,,,,,,,,
082317,0008000,1,茨城県,イバラキケン,Ibaraki,,,,桜川市,サクラガワシ,Sakuragawa-shi,,,,稲,イナ,Ina,,,,,,,,0,0,0,0,0,0,1,1,1947-04-17,,0,3091458,,,,,,,,,,,,,,,
082317,0009000,1,茨城県,イバラキケン,Ibaraki,,,,桜川市,サクラガワシ,Sakuragawa-shi,,,,犬田,イヌタ,Inuta,,,,,,,,0,0,0,0,0,0,1,1,1947-04-17,,0,3091217,,,,,,,,,,,,,,,
082317,0010000,1,茨城県,イバラキケン,Ibaraki,,,,桜川市,サクラガワシ,Sakuragawa-shi,,,,今泉,イマイズミ,Imaizumi,,,,,,,,0,0,0,0,0,0,1,1,1947-04-17,,0,3091464,,,,,,,,,,,,,,,
082317,0011000,1,茨城県,イバラキケン,Ibaraki,,,,桜川市,サクラガワシ,Sakuragawa-shi,,,,入野,イリノ,Irino,,,,,,,,0,0,0,0,0,0,1,1,1947-04-17,,0,3091345,,,,,,,,,,,,,,,
082317,0012000,1,茨城県,イバラキケン,Ibaraki,,,,桜川市,サクラガワシ,Sakuragawa-shi,,,,岩瀬,イワセ,Iwase,,,,,,,,0,0,0,0,0,0,1,1,1947-04-17,,0,3091211,,,,,,,,,,,,,,,
082317,0013000,1,茨城県,イバラキケン,Ibaraki,,,,桜川市,サクラガワシ,Sakuragawa-shi,,,,上野原地新田,ウエノハラチシンデン,Uenoharachishinden,,,,,,,,0,0,0,0,0,0,1,1,1947-04-17,,0,3091226,,,,,,,,,,,,,,,
082317,0014000,1,茨城県,イバラキケン,Ibaraki,,,,桜川市,サクラガワシ,Sakuragawa-shi,,,,大泉,オオイズミ,Oizumi,,,,,,,,0,0,0,0,0,0,1,1,1947-04-17,,0,3091201,,,,,,,,,,,,,,,
082317,0015000,1,茨城県,イバラキケン,Ibaraki,,,,桜川市,サクラガワシ,Sakuragawa-shi,,,,大国玉,オオクニタマ,Okunitama,,,,,,,,0,0,0,0,0,0,1,1,1947-04-17,,0,3091244,,,,,,,,,,,,,,,
082317,0016000,1,茨城県,イバラキケン,Ibaraki,,,,桜川市,サクラガワシ,Sakuragawa-shi,,,,大曽根,オオゾネ,Ozone,,,,,,,,0,0,0,0,0,0,1,1,1947-04-17,,0,3091232,,,,,,,,,,,,,,,
082317,0017000,1,茨城県,イバラキケン,Ibaraki,,,,桜川市,サクラガワシ,Sakuragawa-shi,,,,大月,オオツキ,Otsuki,,,,,,,,0,0,0,0,0,0,1,1,1947-04-17,,0,3091335,,,,,,,,,,,,,,,
082317,0018000,1,茨城県,イバラキケン,Ibaraki,,,,桜川市,サクラガワシ,Sakuragawa-shi,,,,長方,オサカタ,Osakata,,,,,,,,0,0,0,0,0,0,1,1,1947-04-17,,0,3091222,,,,,,,,,,,,,,,
082317,0019000,1,茨城県,イバラキケン,Ibaraki,,,,桜川市,サクラガワシ,Sakuragawa-shi,,,,門毛,カドゲ,Kadoke,,,,,,,,0,0,0,0,0,0,1,1,1947-04-17,,0,3091341,,,,,,,,,,,,,,,
082317,0020000,1,茨城県,イバラキケン,Ibaraki,,,,桜川市,サクラガワシ,Sakuragawa-shi,,,,金敷,カナシキ,Kanashiki,,,,,,,,0,0,0,0,0,0,1,1,1947-04-17,,0,3091245,,,,,,,,,,,,,,,
082317,0021000,1,茨城県,イバラキケン,Ibaraki,,,,桜川市,サクラガワシ,Sakuragawa-shi,,,,上城,カミシロ,Kamishiro,,,,,,,,0,0,0,0,0,0,1,1,1947-04-17,,0,3091454,,,,,,,,,,,,,,,
082317,0022000,1,茨城県,イバラキケン,Ibaraki,,,,桜川市,サクラガワシ,Sakuragawa-shi,,,,亀岡,カメオカ,Kameoka,,,,,,,,0,0,0,0,0,0,1,1,1947-04-17,,0,3091343,,,,,,,,,,,,,,,
082317,0023000,1,茨城県,イバラキケン,Ibaraki,,,,桜川市,サクラガワシ,Sakuragawa-shi,,,,加茂部,カモベ,Kamobe,,,,,,,,0,0,0,0,0,0,1,1,1947-04-17,,0,3091452,,,,,,,,,,,,,,,
082317,0024000,1,茨城県,イバラキケン,Ibaraki,,,,桜川市,サクラガワシ,Sakuragawa-shi,,,,木植,キウエ,Kiue,,,,,,,,0,0,0,0,0,0,1,1,1947-04-17,,0,3091465,,,,,,,,,,,,,,,
082317,0025000,1,茨城県,イバラキケン,Ibaraki,,,,桜川市,サクラガワシ,Sakuragawa-shi,,,,久原,クバラ,Kubara,,,,,,,,0,0,0,0,0,0,1,1,1947-04-17,,0,3091204,,,,,,,,,,,,,,,
082317,0026000,1,茨城県,イバラキケン,Ibaraki,,,,桜川市,サクラガワシ,Sakuragawa-shi,,,,鍬田,クワダ,Kuwada,,,,,,,,0,0,0,0,0,0,1,1,1947-04-17,,0,3091223,,,,,,,,,,,,,,,
082317,0027000,1,茨城県,イバラキケン,Ibaraki,,,,桜川市,サクラガワシ,Sakuragawa-shi,,,,小塩,コシオ,Koshio,,,,,,,,0,0,0,0,0,0,1,1,1947-04-17,,0,3091336,,,,,,,,,,,,,,,
082317,0028001,2,茨城県,イバラキケン,Ibaraki,,,,桜川市,サクラガワシ,Sakuragawa-shi,,,,御領,ゴリョウ,Goryo,一丁目,１チョウメ,1,,,,,0,0,0,0,0,0,1,1,1947-04-17,,0,,,,,,,,,,,,,,,,
082317,0028002,2,茨城県,イバラキケン,Ibaraki,,,,桜川市,サクラガワシ,Sakuragawa-shi,,,,御領,ゴリョウ,Goryo,二丁目,２チョウメ,2,,,,,0,0,0,0,0,0,1,1,1947-04-17,,0,,,,,,,,,,,,,,,,
082317,0028003,2,茨城県,イバラキケン,Ibaraki,,,,桜川市,サクラガワシ,Sakuragawa-shi,,,,御領,ゴリョウ,Goryo,三丁目,３チョウメ,3,,,,,0,0,0,0,0,0,1,1,1947-04-17,,0,,,,,,,,,,,,,,,,
082317,0029000,1,茨城県,イバラキケン,Ibaraki,,,,桜川市,サクラガワシ,Sakuragawa-shi,,,,坂本,サカモト,Sakamoto,,,,,,,,0,0,0,0,0,0,1,1,1947-04-17,,0,3091334,,,,,,,,,,,,,,,
082317,0030000,1,茨城県,イバラキケン,Ibaraki,,,,桜川市,サクラガワシ,Sakuragawa-shi,,,,猿田,サルダ,Saruda,,,,,,,,0,0,0,0,0,0,1,1,1947-04-17,,0,3091466,,,,,,,,,,,,,,,
082317,0031000,1,茨城県,イバラキケン,Ibaraki,,,,桜川市,サクラガワシ,Sakuragawa-shi,,,,下泉,シモイズミ,Shimoizumi,,,,,,,,0,0,0,0,0,0,1,1,1947-04-17,,0,3091225,,,,,,,,,,,,,,,
082317,0032000,1,茨城県,イバラキケン,Ibaraki,,,,桜川市,サクラガワシ,Sakuragawa-shi,,,,曽根,ソネ,Sone,,,,,,,,0,0,0,0,0,0,1,1,1947-04-17,,0,3091462,,,,,,,,,,,,,,,
082317,0033000,1,茨城県,イバラキケン,Ibaraki,,,,桜川市,サクラガワシ,Sakuragawa-shi,,,,高久,タカク,Takaku,,,,,,,,0,0,0,0,0,0,1,1,1947-04-17,,0,3091243,,,,,,,,,,,,,,,
082317,0034000,1,茨城県,イバラキケン,Ibaraki,,,,桜川市,サクラガワシ,Sakuragawa-shi,,,,高幡,タカハタ,Takahata,,,,,,,,0,0,0,0,0,0,1,1,1947-04-17,,0,3091463,,,,,,,,,,,,,,,
082317,0035000,1,茨城県,イバラキケン,Ibaraki,,,,桜川市,サクラガワシ,Sakuragawa-shi,,,,高森,タカモリ,Takamori,,,,,,,,0,0,0,0,0,0,1,1,1947-04-17,,0,3091246,,,,,,,,,,,,,,,
082317,0036000,1,茨城県,イバラキケン,Ibaraki,,,,桜川市,サクラガワシ,Sakuragawa-shi,,,,堤上,ツツミノウエ,Tsutsuminoe,,,,,,,,0,0,0,0,0,0,1,1,1947-04-17,,0,3091205,,,,,,,,,,,,,,,
082317,0037000,1,茨城県,イバラキケン,Ibaraki,,,,桜川市,サクラガワシ,Sakuragawa-shi,,,,富岡,トミオカ,Tomioka,,,,,,,,0,0,0,0,0,0,1,1,1947-04-17,,0,3091203,,,,,,,,,,,,,,,
082317,0038000,1,茨城県,イバラキケン,Ibaraki,,,,桜川市,サクラガワシ,Sakuragawa-shi,,,,富谷,トミヤ,Tomiya,,,,,,,,0,0,0,0,0,0,1,1,1947-04-17,,0,3091347,,,,,,,,,,,,,,,
082317,0039000,1,茨城県,イバラキケン,Ibaraki,,,,桜川市,サクラガワシ,Sakuragawa-shi,,,,友部,トモベ,Tomobe,,,,,,,,0,0,0,0,0,0,1,1,1947-04-17,,0,3091453,,,,,,,,,,,,,,,
082317,0040000,1,茨城県,イバラキケン,Ibaraki,,,,桜川市,サクラガワシ,Sakuragawa-shi,,,,中泉,ナカイズミ,Nakaizumi,,,,,,,,0,0,0,0,0,0,1,1,1947-04-17,,0,3091224,,,,,,,,,,,,,,,
082317,0041000,1,茨城県,イバラキケン,Ibaraki,,,,桜川市,サクラガワシ,Sakuragawa-shi,,,,中里,ナカザト,Nakazato,,,,,,,,0,0,0,0,0,0,1,1,1947-04-17,,0,3091346,,,,,,,,,,,,,,,
082317,0042000,1,茨城県,イバラキケン,Ibaraki,,,,桜川市,サクラガワシ,Sakuragawa-shi,,,,西飯岡,ニシイイオカ,Nishiiioka,,,,,,,,0,0,0,0,0,0,1,1,1947-04-17,,0,3091221,,,,,,,,,,,,,,,
082317,0043000,1,茨城県,イバラキケン,Ibaraki,,,,桜川市,サクラガワシ,Sakuragawa-shi,,,,西小塙,ニシコバナワ,Nishikobanawa,,,,,,,,0,0,0,0,0,0,1,1,1947-04-17,,0,3091451,,,,,,,,,,,,,,,
082317,0044001,2,茨城県,イバラキケン,Ibaraki,,,,桜川市,サクラガワシ,Sakuragawa-shi,,,,西桜川,ニシサクラガワ,Nishisakuragawa,一丁目,１チョウメ,1,,,,,0,0,0,0,0,0,1,1,1947-04-17,,0,,,,,,,,,,,,,,,,
082317,0044002,2,茨城県,イバラキケン,Ibaraki,,,,桜川市,サクラガワシ,Sakuragawa-shi,,,,西桜川,ニシサクラガワ,Nishisakuragawa,二丁目,２チョウメ,2,,,,,0,0,0,0,0,0,1,1,1947-04-17,,0,,,,,,,,,,,,,,,,
082317,0044003,2,茨城県,イバラキケン,Ibaraki,,,,桜川市,サクラガワシ,Sakuragawa-shi,,,,西桜川,ニシサクラガワ,Nishisakuragawa,三丁目,３チョウメ,3,,,,,0,0,0,0,0,0,1,1,1947-04-17,,0,,,,,,,,,,,,,,,,
082317,0045000,1,茨城県,イバラキケン,Ibaraki,,,,桜川市,サクラガワシ,Sakuragawa-shi,,,,羽田,ハネダ,Haneta,,,,,,,,0,0,0,0,0,0,1,1,1947-04-17,,0,3091242,,,,,,,,,,,,,,,
082317,0046000,1,茨城県,イバラキケン,Ibaraki,,,,桜川市,サクラガワシ,Sakuragawa-shi,,,,東飯田,ヒガシイイダ,Higashiiida,,,,,,,,0,0,0,0,0,0,1,1,1947-04-17,,0,3091233,,,,,,,,,,,,,,,
082317,0047001,2,茨城県,イバラキケン,Ibaraki,,,,桜川市,サクラガワシ,Sakuragawa-shi,,,,東桜川,ヒガシサクラガワ,Higashisakuragawa,一丁目,１チョウメ,1,,,,,0,0,0,0,0,0,1,1,1947-04-17,,0,,,,,,,,,,,,,,,,
082317,0047002,2,茨城県,イバラキケン,Ibaraki,,,,桜川市,サクラガワシ,Sakuragawa-shi,,,,東桜川,ヒガシサクラガワ,Higashisakuragawa,二丁目,２チョウメ,2,,,,,0,0,0,0,0,0,1,1,1947-04-17,,0,,,,,,,,,,,,,,,,
082317,0047003,2,茨城県,イバラキケン,Ibaraki,,,,桜川市,サクラガワシ,Sakuragawa-shi,,,,東桜川,ヒガシサクラガワ,Higashisakuragawa,三丁目,３チョウメ,3,,,,,0,0,0,0,0,0,1,1,1947-04-17,,0,,,,,,,,,,,,,,,,
082317,0048000,1,茨城県,イバラキケン,Ibaraki,,,,桜川市,サクラガワシ,Sakuragawa-shi,,,,平沢,ヒラサワ,Hirasawa,,,,,,,,0,0,0,0,0,0,1,1,1947-04-17,,0,3091331,,,,,,,,,,,,,,,
082317,0049000,1,茨城県,イバラキケン,Ibaraki,,,,桜川市,サクラガワシ,Sakuragawa-shi,,,,福崎,フクザキ,Fukuzaki,,,,,,,,0,0,0,0,0,0,1,1,1947-04-17,,0,3091337,,,,,,,,,,,,,,,
082317,0050001,2,茨城県,イバラキケン,Ibaraki,,,,桜川市,サクラガワシ,Sakuragawa-shi,,,,富士見台,フジミダイ,Fujimidai,一丁目,１チョウメ,1,,,,,0,0,0,0,0,0,1,1,1947-04-17,,0,,,,,,,,,,,,,,,,
082317,0050002,2,茨城県,イバラキケン,Ibaraki,,,,桜川市,サクラガワシ,Sakuragawa-shi,,,,富士見台,フジミダイ,Fujimidai,二丁目,２チョウメ,2,,,,,0,0,0,0,0,0,1,1,1947-04-17,,0,,,,,,,,,,,,,,,,
082317,0050003,2,茨城県,イバラキケン,Ibaraki,,,,桜川市,サクラガワシ,Sakuragawa-shi,,,,富士見台,フジミダイ,Fujimidai,三丁目,３チョウメ,3,,,,,0,0,0,0,0,0,1,1,1947-04-17,,0,,,,,,,,,,,,,,,,
082317,0050004,2,茨城県,イバラキケン,Ibaraki,,,,桜川市,サクラガワシ,Sakuragawa-shi,,,,富士見台,フジミダイ,Fujimidai,四丁目,４チョウメ,4,,,,,0,0,0,0,0,0,1,1,1947-04-17,,0,,,,,,,,,,,,,,,,
082317,0051000,1,茨城県,イバラキケン,Ibaraki,,,,桜川市,サクラガワシ,Sakuragawa-shi,,,,本郷,ホンゴウ,Hongo,,,,,,,,0,0,0,0,0,0,1,1,1947-04-17,,0,3091227,,,,,,,,,,,,,,,
082317,0052000,1,茨城県,イバラキケン,Ibaraki,,,,桜川市,サクラガワシ,Sakuragawa-shi,,,,真壁町飯塚,マカベチョウイイツカ,Makabecho Iitsuka,,,,,,,,0,0,0,0,0,0,1,1,1947-04-17,,0,3004417,,,,,,,,,,,,,,,
082317,0053000,1,茨城県,イバラキケン,Ibaraki,,,,桜川市,サクラガワシ,Sakuragawa-shi,,,,真壁町伊佐々,マカベチョウイサザ,Makabecho Isaza,,,,,,,,0,0,0,0,0,0,1,1,1947-04-17,,0,3004416,,,,,,,,,,,,,,,
082317,0054000,1,茨城県,イバラキケン,Ibaraki,,,,桜川市,サクラガワシ,Sakuragawa-shi,,,,真壁町大塚新田,マカベチョウオオツカシンデン,Makabecho Otsukashinden,,,,,,,,0,0,0,0,0,0,1,1,1947-04-17,,0,3004428,,,,,,,,,,,,,,,
082317,0055000,1,茨城県,イバラキケン,Ibaraki,,,,桜川市,サクラガワシ,Sakuragawa-shi,,,,真壁町上小幡,マカベチョウカミコバタ,Makabecho Kamikobata,,,,,,,,0,0,0,0,0,0,1,1,1947-04-17,,0,3004401,,,,,,,,,,,,,,,
082317,0056000,1,茨城県,イバラキケン,Ibaraki,,,,桜川市,サクラガワシ,Sakuragawa-shi,,,,真壁町上谷貝,マカベチョウカミヤガイ,Makabecho Kamiyagai,,,,,,,,0,0,0,0,0,0,1,1,1947-04-17,,0,3004427,,,,,,,,,,,,,,,
082317,0057000,1,茨城県,イバラキケン,Ibaraki,,,,桜川市,サクラガワシ,Sakuragawa-shi,,,,真壁町亀熊,マカベチョウカメクマ,Makabecho Kamekuma,,,,,,,,0,0,0,0,0,0,1,1,1947-04-17,,0,3004422,,,,,,,,,,,,,,,
082317,0058000,1,茨城県,イバラキケン,Ibaraki,,,,桜川市,サクラガワシ,Sakuragawa-shi,,,,真壁町源法寺,マカベチョウゲンポウジ,Makabecho Gemboji,,,,,,,,0,0,0,0,0,0,1,1,1947-04-17,,0,3004424,,,,,,,,,,,,,,,
082317,0059000,1,茨城県,イバラキケン,Ibaraki,,,,桜川市,サクラガワシ,Sakuragawa-shi,,,,真壁町酒寄,マカベチョウサカヨリ,Makabecho Sakayori,,,,,,,,0,0,0,0,0,0,1,1,1947-04-17,,0,3004413,,,,,,,,,,,,,,,
082317,0060000,1,茨城県,イバラキケン,Ibaraki,,,,桜川市,サクラガワシ,Sakuragawa-shi,,,,真壁町桜井,マカベチョウサクライ,Makabecho Sakurai,,,,,,,,0,0,0,0,0,0,1,1,1947-04-17,,0,3004405,,,,,,,,,,,,,,,
082317,0061000,1,茨城県,イバラキケン,Ibaraki,,,,桜川市,サクラガワシ,Sakuragawa-shi,,,,真壁町椎尾,マカベチョウシイオ,Makabecho Shiio,,,,,,,,0,0,0,0,0,0,1,1,1947-04-17,,0,3004414,,,,,,,,,,,,,,,
082317,0062000,1,茨城県,イバラキケン,Ibaraki,,,,桜川市,サクラガワシ,Sakuragawa-shi,,,,真壁町下小幡,マカベチョウシモコバタ,Makabecho Shimokobata,,,,,,,,0,0,0,0,0,0,1,1,1947-04-17,,0,3004402,,,,,,,,,,,,,,,
082317,0063000,1,茨城県,イバラキケン,Ibaraki,,,,桜川市,サクラガワシ,Sakuragawa-shi,,,,真壁町下谷貝,マカベチョウシモヤガイ,Makabecho Shimoyagai,,,,,,,,0,0,0,0,0,0,1,1,1947-04-17,,0,3004426,,,,,,,,,,,,,,,
082317,0064000,1,茨城県,イバラキケン,Ibaraki,,,,桜川市,サクラガワシ,Sakuragawa-shi,,,,真壁町白井,マカベチョウシライ,Makabecho Shirai,,,,,,,,0,0,0,0,0,0,1,1,1947-04-17,,0,3004404,,,,,,,,,,,,,,,
082317,0065000,1,茨城県,イバラキケン,Ibaraki,,,,桜川市,サクラガワシ,Sakuragawa-shi,,,,真壁町田,マカベチョウタ,Makabecho Ta,,,,,,,,0,0,0,0,0,0,1,1,1947-04-17,,0,3004411,,,,,,,,,,,,,,,
082317,0066000,1,茨城県,イバラキケン,Ibaraki,,,,桜川市,サクラガワシ,Sakuragawa-shi,,,,真壁町長岡,マカベチョウナガオカ,Makabecho Nagaoka,,,,,,,,0,0,0,0,0,0,1,1,1947-04-17,,0,3004403,,,,,,,,,,,,,,,
082317,0067000,1,茨城県,イバラキケン,Ibaraki,,,,桜川市,サクラガワシ,Sakuragawa-shi,,,,真壁町羽鳥,マカベチョウハトリ,Makabecho Hadori,,,,,,,,0,0,0,0,0,0,1,1,1947-04-17,,0,3004412,,,,,,,,,,,,,,,
082317,0068000,1,茨城県,イバラキケン,Ibaraki,,,,桜川市,サクラガワシ,Sakuragawa-shi,,,,真壁町塙世,マカベチョウハナワゼ,Makabecho Hanawaze,,,,,,,,0,0,0,0,0,0,1,1,1947-04-17,,0,3004423,,,,,,,,,,,,,,,
082317,0069000,1,茨城県,イバラキケン,Ibaraki,,,,桜川市,サクラガワシ,Sakuragawa-shi,,,,真壁町原方,マカベチョウハラガタ,Makabecho Haragata,,,,,,,,0,0,0,0,0,0,1,1,1947-04-17,,0,3004421,,,,,,,,,,,,,,,
082317,0070000,1,茨城県,イバラキケン,Ibaraki,,,,桜川市,サクラガワシ,Sakuragawa-shi,,,,真壁町東矢貝,マカベチョウヒガシヤガイ,Makabecho Higashiyagai,,,,,,,,0,0,0,0,0,0,1,1,1947-04-17,,0,3004429,,,,,,,,,,,,,,,
082317,0071000,1,茨城県,イバラキケン,Ibaraki,,,,桜川市,サクラガワシ,Sakuragawa-shi,,,,真壁町東山田,マカベチョウヒガシヤマダ,Makabecho Higashiyamada,,,,,,,,0,0,0,0,0,0,1,1,1947-04-17,,0,3004415,,,,,,,,,,,,,,,
082317,0072000,1,茨城県,イバラキケン,Ibaraki,,,,桜川市,サクラガワシ,Sakuragawa-shi,,,,真壁町古城,マカベチョウフルシロ,Makabecho Furushiro,,,,,,,,0,0,0,0,0,0,1,1,1947-04-17,,0,3004407,,,,,,,,,,,,,,,
082317,0073000,1,茨城県,イバラキケン,Ibaraki,,,,桜川市,サクラガワシ,Sakuragawa-shi,,,,真壁町細芝,マカベチョウホソシバ,Makabecho Hososhiba,,,,,,,,0,0,0,0,0,0,1,1,1947-04-17,,0,3004425,,,,,,,,,,,,,,,
082317,0074000,1,茨城県,イバラキケン,Ibaraki,,,,桜川市,サクラガワシ,Sakuragawa-shi,,,,真壁町真壁,マカベチョウマカベ,Makabecho Makabe,,,,,,,,0,0,0,0,0,0,1,1,1947-04-17,,0,3004408,,,,,,,,,,,,,,,
082317,0075000,1,茨城県,イバラキケン,Ibaraki,,,,桜川市,サクラガワシ,Sakuragawa-shi,,,,真壁町山尾,マカベチョウヤマオ,Makabecho Yamao,,,,,,,,0,0,0,0,0,0,1,1,1947-04-17,,0,3004406,,,,,,,,,,,,,,,
082317,0076000,1,茨城県,イバラキケン,Ibaraki,,,,桜川市,サクラガワシ,Sakuragawa-shi,,,,松田,マツダ,Matsuda,,,,,,,,0,0,0,0,0,0,1,1,1947-04-17,,0,3091461,,,,,,,,,,,,,,,
082317,0077000,1,茨城県,イバラキケン,Ibaraki,,,,桜川市,サクラガワシ,Sakuragawa-shi,,,,間中,マナカ,Manaka,,,,,,,,0,0,0,0,0,0,1,1,1947-04-17,,0,3091342,,,,,,,,,,,,,,,
082317,0078000,1,茨城県,イバラキケン,Ibaraki,,,,桜川市,サクラガワシ,Sakuragawa-shi,,,,水戸,ミト,Mito,,,,,,,,0,0,0,0,0,0,1,1,1947-04-17,,0,3091455,,,,,,,,,,,,,,,
082317,0079000,1,茨城県,イバラキケン,Ibaraki,,,,桜川市,サクラガワシ,Sakuragawa-shi,,,,南飯田,ミナミイイダ,Minamiiida,,,,,,,,0,0,0,0,0,0,1,1,1947-04-17,,0,3091344,,,,,,,,,,,,,,,
082317,0081000,1,茨城県,イバラキケン,Ibaraki,,,,桜川市,サクラガワシ,Sakuragawa-shi,,,,山口,ヤマグチ,Yamaguchi,,,,,,,,0,0,0,0,0,0,1,1,1947-04-17,,0,3091333,,,,,,,,,,,,,,,
082317,0082000,1,茨城県,イバラキケン,Ibaraki,,,,桜川市,サクラガワシ,Sakuragawa-shi,,,,本木,モトギ,Motogi,,,,,,,,0,0,0,0,0,0,1,1,1947-04-17,,0,3091231,,,,,,,,,,,,,,,
082325,0001000,1,茨城県,イバラキケン,Ibaraki,,,,神栖市,カミスシ,Kamisu-shi,,,,息栖,イキス,Ikisu,,,,,,,,0,0,0,0,0,0,1,1,1947-04-17,,0,3140133,,,,,,,,,,,,,,,
082325,0002000,1,茨城県,イバラキケン,Ibaraki,,,,神栖市,カミスシ,Kamisu-shi,,,,居切,イギリ,,,,,,,,,0,0,0,0,0,0,1,1,1947-04-17,,0,,,,,,,,,,,,,,,,
082325,0003000,1,茨城県,イバラキケン,Ibaraki,,,,神栖市,カミスシ,Kamisu-shi,,,,石神,イシガミ,Ishigami,,,,,,,,0,0,0,0,0,0,1,1,1947-04-17,,0,3140124,,,,,,,,,,,,,,,
082325,0004000,1,茨城県,イバラキケン,Ibaraki,,,,神栖市,カミスシ,Kamisu-shi,,,,太田,オオタ,Ota,,,,,,,,0,0,0,0,0,0,1,1,1947-04-17,,0,3140254,,,,,,,,,,,,,,,
082325,0005000,1,茨城県,イバラキケン,Ibaraki,,,,神栖市,カミスシ,Kamisu-shi,,,,太田新町,オオタシンマチ,,,,,,,,,0,0,0,0,0,0,1,0,1947-04-17,,1,,,,,,,,,,,,,,,,
082325,0005001,2,茨城県,イバラキケン,Ibaraki,,,,神栖市,カミスシ,Kamisu-shi,,,,太田新町,オオタシンマチ,Otashimmachi,１丁目,１チョウメ,1,,,,,0,0,0,0,0,0,1,1,1947-04-17,,0,,,,,,,,,,,,,,,,
082325,0005002,2,茨城県,イバラキケン,Ibaraki,,,,神栖市,カミスシ,Kamisu-shi,,,,太田新町,オオタシンマチ,Otashimmachi,２丁目,２チョウメ,2,,,,,0,0,0,0,0,0,1,1,1947-04-17,,0,,,,,,,,,,,,,,,,
082325,0005003,2,茨城県,イバラキケン,Ibaraki,,,,神栖市,カミスシ,Kamisu-shi,,,,太田新町,オオタシンマチ,Otashimmachi,３丁目,３チョウメ,3,,,,,0,0,0,0,0,0,1,1,1947-04-17,,0,,,,,,,,,,,,,,,,
082325,0005004,2,茨城県,イバラキケン,Ibaraki,,,,神栖市,カミスシ,Kamisu-shi,,,,太田新町,オオタシンマチ,Otashimmachi,４丁目,４チョウメ,4,,,,,0,0,0,0,0,0,1,1,1947-04-17,,0,,,,,,,,,,,,,,,,
082325,0005005,2,茨城県,イバラキケン,Ibaraki,,,,神栖市,カミスシ,Kamisu-shi,,,,太田新町,オオタシンマチ,Otashimmachi,５丁目,５チョウメ,5,,,,,0,0,0,0,0,0,1,1,1947-04-17,,0,,,,,,,,,,,,,,,,
082325,0006001,2,茨城県,イバラキケン,Ibaraki,,,,神栖市,カミスシ,Kamisu-shi,,,,大野原,オオノハラ,Onohara,一丁目,１チョウメ,1,,,,,1,1,0,0,0,0,1,1,1947-04-17,,0,,,,,,,,,,,,,,,,
082325,0006002,2,茨城県,イバラキケン,Ibaraki,,,,神栖市,カミスシ,Kamisu-shi,,,,大野原,オオノハラ,Onohara,二丁目,２チョウメ,2,,,,,1,1,0,0,0,0,1,1,1947-04-17,,0,,,,,,,,,,,,,,,,
082325,0006003,2,茨城県,イバラキケン,Ibaraki,,,,神栖市,カミスシ,Kamisu-shi,,,,大野原,オオノハラ,Onohara,三丁目,３チョウメ,3,,,,,1,1,0,0,0,0,1,1,1947-04-17,,0,,,,,,,,,,,,,,,,
082325,0006004,2,茨城県,イバラキケン,Ibaraki,,,,神栖市,カミスシ,Kamisu-shi,,,,大野原,オオノハラ,Onohara,四丁目,４チョウメ,4,,,,,1,1,0,0,0,0,1,1,1947-04-17,,0,,,,,,,,,,,,,,,,
082325,0006005,2,茨城県,イバラキケン,Ibaraki,,,,神栖市,カミスシ,Kamisu-shi,,,,大野原,オオノハラ,Onohara,五丁目,５チョウメ,5,,,,,1,1,0,0,0,0,1,1,1947-04-17,,0,,,,,,,,,,,,,,,,
082325,0006006,2,茨城県,イバラキケン,Ibaraki,,,,神栖市,カミスシ,Kamisu-shi,,,,大野原,オオノハラ,Onohara,六丁目,６チョウメ,6,,,,,1,1,0,0,0,0,1,1,1947-04-17,,0,,,,,,,,,,,,,,,,
082325,0006007,2,茨城県,イバラキケン,Ibaraki,,,,神栖市,カミスシ,Kamisu-shi,,,,大野原,オオノハラ,Onohara,七丁目,７チョウメ,7,,,,,1,1,0,0,0,0,1,1,1947-04-17,,0,,,,,,,,,,,,,,,,
082325,0006008,2,茨城県,イバラキケン,Ibaraki,,,,神栖市,カミスシ,Kamisu-shi,,,,大野原,オオノハラ,Onohara,八丁目,８チョウメ,8,,,,,1,1,0,0,0,0,1,1,1947-04-17,,0,,,,,,,,,,,,,,,,
082325,0007001,2,茨城県,イバラキケン,Ibaraki,,,,神栖市,カミスシ,Kamisu-shi,,,,大野原中央,オオノハラチュウオウ,Onoharachuo,一丁目,１チョウメ,1,,,,,1,1,0,0,0,0,1,1,1947-04-17,,0,,,,,,,,,,,,,,,,
082325,0007002,2,茨城県,イバラキケン,Ibaraki,,,,神栖市,カミスシ,Kamisu-shi,,,,大野原中央,オオノハラチュウオウ,Onoharachuo,二丁目,２チョウメ,2,,,,,1,1,0,0,0,0,1,1,1947-04-17,,0,,,,,,,,,,,,,,,,
082325,0007003,2,茨城県,イバラキケン,Ibaraki,,,,神栖市,カミスシ,Kamisu-shi,,,,大野原中央,オオノハラチュウオウ,Onoharachuo,三丁目,３チョウメ,3,,,,,1,1,0,0,0,0,1,1,1947-04-17,,0,,,,,,,,,,,,,,,,
082325,0007004,2,茨城県,イバラキケン,Ibaraki,,,,神栖市,カミスシ,Kamisu-shi,,,,大野原中央,オオノハラチュウオウ,Onoharachuo,四丁目,４チョウメ,4,,,,,1,1,0,0,0,0,1,1,1947-04-17,,0,,,,,,,,,,,,,,,,
082325,0007005,2,茨城県,イバラキケン,Ibaraki,,,,神栖市,カミスシ,Kamisu-shi,,,,大野原中央,オオノハラチュウオウ,Onoharachuo,五丁目,５チョウメ,5,,,,,1,1,0,0,0,0,1,1,1947-04-17,,0,,,,,,,,,,,,,,,,
082325,0007006,2,茨城県,イバラキケン,Ibaraki,,,,神栖市,カミスシ,Kamisu-shi,,,,大野原中央,オオノハラチュウオウ,Onoharachuo,六丁目,６チョウメ,6,,,,,1,1,0,0,0,0,1,1,1947-04-17,,0,,,,,,,,,,,,,,,,
082325,0008000,1,茨城県,イバラキケン,Ibaraki,,,,神栖市,カミスシ,Kamisu-shi,,,,奥野谷,オクノヤ,Okunoya,,,,,,,,0,0,0,0,0,0,1,1,1947-04-17,,0,3140116,,,,,,,,,,,,,,,
082325,0009000,1,茨城県,イバラキケン,Ibaraki,,,,神栖市,カミスシ,Kamisu-shi,,,,賀,ガ,Ga,,,,,,,,0,0,0,0,0,0,1,1,1947-04-17,,0,3140134,,,,,,,,,,,,,,,
082325,0010000,1,茨城県,イバラキケン,Ibaraki,,,,神栖市,カミスシ,Kamisu-shi,,,,神栖,カミス,Kamisu,,,,,,,,0,0,0,0,0,0,1,1,1947-04-17,,0,3140143,,,,,,,,,,,,,,,
082325,0010001,2,茨城県,イバラキケン,Ibaraki,,,,神栖市,カミスシ,Kamisu-shi,,,,神栖,カミス,Kamisu,一丁目,１チョウメ,1,,,,,1,1,0,0,0,0,1,1,1947-04-17,,0,,,,,,,,,,,,,,,,
082325,0010002,2,茨城県,イバラキケン,Ibaraki,,,,神栖市,カミスシ,Kamisu-shi,,,,神栖,カミス,Kamisu,二丁目,２チョウメ,2,,,,,1,1,0,0,0,0,1,1,1947-04-17,,0,,,,,,,,,,,,,,,,
082325,0010003,2,茨城県,イバラキケン,Ibaraki,,,,神栖市,カミスシ,Kamisu-shi,,,,神栖,カミス,Kamisu,三丁目,３チョウメ,3,,,,,1,1,0,0,0,0,1,1,1947-04-17,,0,,,,,,,,,,,,,,,,
082325,0010004,2,茨城県,イバラキケン,Ibaraki,,,,神栖市,カミスシ,Kamisu-shi,,,,神栖,カミス,Kamisu,四丁目,４チョウメ,4,,,,,1,1,0,0,0,0,1,1,1947-04-17,,0,,,,,,,,,,,,,,,,
082325,0011000,1,茨城県,イバラキケン,Ibaraki,,,,神栖市,カミスシ,Kamisu-shi,,,,木崎,キサキ,Kisaki,,,,,,,,0,0,0,0,0,0,1,1,1947-04-17,,0,3140127,,,,,,,,,,,,,,,
082325,0012000,1,茨城県,イバラキケン,Ibaraki,,,,神栖市,カミスシ,Kamisu-shi,,,,北浜,キタハマ,Kitahama,,,,,,,,0,0,0,0,0,0,1,1,1947-04-17,,0,3140101,,,,,,,,,,,,,,,
082325,0013000,1,茨城県,イバラキケン,Ibaraki,,,,神栖市,カミスシ,Kamisu-shi,,,,知手,シッテ,Shitte,,,,,,,,0,0,0,0,0,0,1,1,1947-04-17,,0,3140115,,,,,,,,,,,,,,,
082325,0014001,2,茨城県,イバラキケン,Ibaraki,,,,神栖市,カミスシ,Kamisu-shi,,,,知手中央,シッテチュウオウ,Shittechuo,一丁目,１チョウメ,1,,,,,1,1,0,0,0,0,1,1,1947-04-17,,0,,,,,,,,,,,,,,,,
082325,0014002,2,茨城県,イバラキケン,Ibaraki,,,,神栖市,カミスシ,Kamisu-shi,,,,知手中央,シッテチュウオウ,Shittechuo,二丁目,２チョウメ,2,,,,,1,1,0,0,0,0,1,1,1947-04-17,,0,,,,,,,,,,,,,,,,
082325,0014003,2,茨城県,イバラキケン,Ibaraki,,,,神栖市,カミスシ,Kamisu-shi,,,,知手中央,シッテチュウオウ,Shittechuo,三丁目,３チョウメ,3,,,,,1,1,0,0,0,0,1,1,1947-04-17,,0,,,,,,,,,,,,,,,,
082325,0014004,2,茨城県,イバラキケン,Ibaraki,,,,神栖市,カミスシ,Kamisu-shi,,,,知手中央,シッテチュウオウ,Shittechuo,四丁目,４チョウメ,4,,,,,1,1,0,0,0,0,1,1,1947-04-17,,0,,,,,,,,,,,,,,,,
082325,0014005,2,茨城県,イバラキケン,Ibaraki,,,,神栖市,カミスシ,Kamisu-shi,,,,知手中央,シッテチュウオウ,Shittechuo,五丁目,５チョウメ,5,,,,,1,1,0,0,0,0,1,1,1947-04-17,,0,,,,,,,,,,,,,,,,
082325,0014006,2,茨城県,イバラキケン,Ibaraki,,,,神栖市,カミスシ,Kamisu-shi,,,,知手中央,シッテチュウオウ,Shittechuo,六丁目,６チョウメ,6,,,,,1,1,0,0,0,0,1,1,1947-04-17,,0,,,,,,,,,,,,,,,,
082325,0014007,2,茨城県,イバラキケン,Ibaraki,,,,神栖市,カミスシ,Kamisu-shi,,,,知手中央,シッテチュウオウ,Shittechuo,七丁目,７チョウメ,7,,,,,1,1,0,0,0,0,1,1,1947-04-17,,0,,,,,,,,,,,,,,,,
082325,0014008,2,茨城県,イバラキケン,Ibaraki,,,,神栖市,カミスシ,Kamisu-shi,,,,知手中央,シッテチュウオウ,Shittechuo,八丁目,８チョウメ,8,,,,,1,1,0,0,0,0,1,1,1947-04-17,,0,,,,,,,,,,,,,,,,
082325,0014009,2,茨城県,イバラキケン,Ibaraki,,,,神栖市,カミスシ,Kamisu-shi,,,,知手中央,シッテチュウオウ,Shittechuo,九丁目,９チョウメ,9,,,,,1,1,0,0,0,0,1,1,1947-04-17,,0,,,,,,,,,,,,,,,,
082325,0014010,2,茨城県,イバラキケン,Ibaraki,,,,神栖市,カミスシ,Kamisu-shi,,,,知手中央,シッテチュウオウ,Shittechuo,十丁目,１０チョウメ,10,,,,,1,1,0,0,0,0,1,1,1947-04-17,,0,,,,,,,,,,,,,,,,
082325,0015000,1,茨城県,イバラキケン,Ibaraki,,,,神栖市,カミスシ,Kamisu-shi,,,,芝崎,シバサキ,Shibasaki,,,,,,,,0,0,0,0,0,0,1,1,1947-04-17,,0,3140123,,,,,,,,,,,,,,,
082325,0016000,1,茨城県,イバラキケン,Ibaraki,,,,神栖市,カミスシ,Kamisu-shi,,,,下幡木,シモハタキ,Shimohataki,,,,,,,,0,0,0,0,0,0,1,1,1947-04-17,,0,3140131,,,,,,,,,,,,,,,
082325,0017000,1,茨城県,イバラキケン,Ibaraki,,,,神栖市,カミスシ,Kamisu-shi,,,,須田,スダ,Suda,,,,,,,,0,0,0,0,0,0,1,1,1947-04-17,,0,3140253,,,,,,,,,,,,,,,
082325,0018000,1,茨城県,イバラキケン,Ibaraki,,,,神栖市,カミスシ,Kamisu-shi,,,,砂山,スナヤマ,Sunayama,,,,,,,,0,0,0,0,0,0,1,1,1947-04-17,,0,3140255,,,,,,,,,,,,,,,
082325,0019000,1,茨城県,イバラキケン,Ibaraki,,,,神栖市,カミスシ,Kamisu-shi,,,,高浜,タカハマ,Takahama,,,,,,,,0,0,0,0,0,0,1,1,1947-04-17,,0,3140125,,,,,,,,,,,,,,,
082325,0020000,1,茨城県,イバラキケン,Ibaraki,,,,神栖市,カミスシ,Kamisu-shi,,,,田畑,タバタ,Tabata,,,,,,,,0,0,0,0,0,0,1,1,1947-04-17,,0,3140126,,,,,,,,,,,,,,,
082325,0021000,1,茨城県,イバラキケン,Ibaraki,,,,神栖市,カミスシ,Kamisu-shi,,,,筒井,ツツイ,Tsutsui,,,,,,,,0,0,0,0,0,0,1,1,1947-04-17,,0,3140132,,,,,,,,,,,,,,,
082325,0022001,2,茨城県,イバラキケン,Ibaraki,,,,神栖市,カミスシ,Kamisu-shi,,,,土合北,ドアイキタ,Doaikita,一丁目,１チョウメ,1,,,,,1,1,0,0,0,0,1,1,1947-04-17,,0,,,,,,,,,,,,,,,,
082325,0022002,2,茨城県,イバラキケン,Ibaraki,,,,神栖市,カミスシ,Kamisu-shi,,,,土合北,ドアイキタ,Doaikita,二丁目,２チョウメ,2,,,,,1,1,0,0,0,0,1,1,1947-04-17,,0,,,,,,,,,,,,,,,,
082325,0023000,1,茨城県,イバラキケン,Ibaraki,,,,神栖市,カミスシ,Kamisu-shi,,,,土合中央,ドアイチユウオウ,,,,,,,,,0,0,0,0,0,0,1,0,1947-04-17,,1,,,,,,,,,,,,,,,,
082325,0023001,2,茨城県,イバラキケン,Ibaraki,,,,神栖市,カミスシ,Kamisu-shi,,,,土合中央,ドアイチュウオウ,Doaichuo,一丁目,１チョウメ,1,,,,,1,1,0,0,0,0,1,1,1947-04-17,,0,,,,,,,,,,,,,,,,
082325,0023002,2,茨城県,イバラキケン,Ibaraki,,,,神栖市,カミスシ,Kamisu-shi,,,,土合中央,ドアイチュウオウ,Doaichuo,二丁目,２チョウメ,2,,,,,1,1,0,0,0,0,1,1,1947-04-17,,0,,,,,,,,,,,,,,,,
082325,0023003,2,茨城県,イバラキケン,Ibaraki,,,,神栖市,カミスシ,Kamisu-shi,,,,土合中央,ドアイチュウオウ,Doaichuo,三丁目,３チョウメ,3,,,,,1,1,0,0,0,0,1,1,1947-04-17,,0,,,,,,,,,,,,,,,,
082325,0024001,2,茨城県,イバラキケン,Ibaraki,,,,神栖市,カミスシ,Kamisu-shi,,,,土合西,ドアイニシ,Doainishi,一丁目,１チョウメ,1,,,,,1,1,0,0,0,0,1,1,1947-04-17,,0,,,,,,,,,,,,,,,,
082325,0024002,2,茨城県,イバラキケン,Ibaraki,,,,神栖市,カミスシ,Kamisu-shi,,,,土合西,ドアイニシ,Doainishi,二丁目,２チョウメ,2,,,,,1,1,0,0,0,0,1,1,1947-04-17,,0,,,,,,,,,,,,,,,,
082325,0024003,2,茨城県,イバラキケン,Ibaraki,,,,神栖市,カミスシ,Kamisu-shi,,,,土合西,ドアイニシ,Doainishi,三丁目,３チョウメ,3,,,,,1,1,0,0,0,0,1,1,1947-04-17,,0,,,,,,,,,,,,,,,,
082325,0024004,2,茨城県,イバラキケン,Ibaraki,,,,神栖市,カミスシ,Kamisu-shi,,,,土合西,ドアイニシ,Doainishi,四丁目,４チョウメ,4,,,,,1,1,0,0,0,0,1,1,1947-04-17,,0,,,,,,,,,,,,,,,,
082325,0025001,2,茨城県,イバラキケン,Ibaraki,,,,神栖市,カミスシ,Kamisu-shi,,,,土合東,ドアイヒガシ,Doaihigashi,一丁目,１チョウメ,1,,,,,1,1,0,0,0,0,1,1,1947-04-17,,0,,,,,,,,,,,,,,,,
082325,0025002,2,茨城県,イバラキケン,Ibaraki,,,,神栖市,カミスシ,Kamisu-shi,,,,土合東,ドアイヒガシ,Doaihigashi,二丁目,２チョウメ,2,,,,,1,1,0,0,0,0,1,1,1947-04-17,,0,,,,,,,,,,,,,,,,
082325,0026000,1,茨城県,イバラキケン,Ibaraki,,,,神栖市,カミスシ,Kamisu-shi,,,,土合本町,ドアイホンチヨウ,,,,,,,,,0,0,0,0,0,0,1,0,1947-04-17,,1,,,,,,,,,,,,,,,,
082325,0026001,2,茨城県,イバラキケン,Ibaraki,,,,神栖市,カミスシ,Kamisu-shi,,,,土合本町,ドアイホンチョウ,Doaihoncho,一丁目,１チョウメ,1,,,,,0,0,0,0,0,0,1,1,1947-04-17,,0,,,,,,,,,,,,,,,,
082325,0026002,2,茨城県,イバラキケン,Ibaraki,,,,神栖市,カミスシ,Kamisu-shi,,,,土合本町,ドアイホンチョウ,Doaihoncho,二丁目,２チョウメ,2,,,,,0,0,0,0,0,0,1,1,1947-04-17,,0,,,,,,,,,,,,,,,,
082325,0026003,2,茨城県,イバラキケン,Ibaraki,,,,神栖市,カミスシ,Kamisu-shi,,,,土合本町,ドアイホンチョウ,Doaihoncho,三丁目,３チョウメ,3,,,,,0,0,0,0,0,0,1,1,1947-04-17,,0,,,,,,,,,,,,,,,,
082325,0026004,2,茨城県,イバラキケン,Ibaraki,,,,神栖市,カミスシ,Kamisu-shi,,,,土合本町,ドアイホンチョウ,Doaihoncho,四丁目,４チョウメ,4,,,,,0,0,0,0,0,0,1,1,1947-04-17,,0,,,,,,,,,,,,,,,,
082325,0026005,2,茨城県,イバラキケン,Ibaraki,,,,神栖市,カミスシ,Kamisu-shi,,,,土合本町,ドアイホンチョウ,Doaihoncho,五丁目,５チョウメ,5,,,,,0,0,0,0,0,0,1,1,1947-04-17,,0,,,,,,,,,,,,,,,,
082325,0027001,2,茨城県,イバラキケン,Ibaraki,,,,神栖市,カミスシ,Kamisu-shi,,,,土合南,ドアイミナミ,Doaiminami,一丁目,１チョウメ,1,,,,,1,1,0,0,0,0,1,1,1947-04-17,,0,,,,,,,,,,,,,,,,
082325,0027002,2,茨城県,イバラキケン,Ibaraki,,,,神栖市,カミスシ,Kamisu-shi,,,,土合南,ドアイミナミ,Doaiminami,二丁目,２チョウメ,2,,,,,1,1,0,0,0,0,1,1,1947-04-17,,0,,,,,,,,,,,,,,,,
082325,0027003,2,茨城県,イバラキケン,Ibaraki,,,,神栖市,カミスシ,Kamisu-shi,,,,土合南,ドアイミナミ,Doaiminami,三丁目,３チョウメ,3,,,,,1,1,0,0,0,0,1,1,1947-04-17,,0,,,,,,,,,,,,,,,,
082325,0028000,1,茨城県,イバラキケン,Ibaraki,,,,神栖市,カミスシ,Kamisu-shi,,,,東和田,トウワダ,Towada,,,,,,,,0,0,0,0,0,0,1,1,1947-04-17,,0,3140102,,,,,,,,,,,,,,,
082325,0029000,1,茨城県,イバラキケン,Ibaraki,,,,神栖市,カミスシ,Kamisu-shi,,,,日川,ニッカワ,Nikkawa,,,,,,,,0,0,0,0,0,0,1,1,1947-04-17,,0,3140114,,,,,,,,,,,,,,,
082325,0030000,1,茨城県,イバラキケン,Ibaraki,,,,神栖市,カミスシ,Kamisu-shi,,,,萩原,ハギワラ,Hagiwara,,,,,,,,0,0,0,0,0,0,1,1,1947-04-17,,0,3140122,,,,,,,,,,,,,,,
082325,0031000,1,茨城県,イバラキケン,Ibaraki,,,,神栖市,カミスシ,Kamisu-shi,,,,波崎,ハサキ,Hasaki,,,,,,,,0,0,0,0,0,0,1,1,1947-04-17,,0,3140408,,,,,,,,,,,,,,,
082325,0032000,1,茨城県,イバラキケン,Ibaraki,,,,神栖市,カミスシ,Kamisu-shi,,,,波崎新港,ハサキシンコウ,Hasakishinko,,,,,,,,0,0,0,0,0,0,1,1,1947-04-17,,0,3140407,,,,,,,,,,,,,,,
082325,0033000,1,茨城県,イバラキケン,Ibaraki,,,,神栖市,カミスシ,Kamisu-shi,,,,東深芝,ヒガシフカシバ,Higashifukashiba,,,,,,,,0,0,0,0,0,0,1,1,1947-04-17,,0,3140103,,,,,,,,,,,,,,,
082325,0034000,1,茨城県,イバラキケン,Ibaraki,,,,神栖市,カミスシ,Kamisu-shi,,,,光,ヒカリ,Hikari,,,,,,,,0,0,0,0,0,0,1,1,1947-04-17,,0,3140051,,,,,,,,,,,,,,,
082325,0035000,1,茨城県,イバラキケン,Ibaraki,,,,神栖市,カミスシ,Kamisu-shi,,,,平泉,ヒライズミ,Hiraizumi,,,,,,,,0,0,0,0,0,0,1,1,1947-04-17,,0,3140146,,,,,,,,,,,,,,,
082325,0036000,1,茨城県,イバラキケン,Ibaraki,,,,神栖市,カミスシ,Kamisu-shi,,,,平泉外十二入会,ヒライズミソトジュウニイリアイ,Hiraizumisoto12-Iriai,,,,,,,,0,0,0,0,0,0,1,1,1947-04-17,,0,3140145,,,,,,,,,,,,,,,
082325,0037001,2,茨城県,イバラキケン,Ibaraki,,,,神栖市,カミスシ,Kamisu-shi,,,,平泉東,ヒライズミヒガシ,Hiraizumihigashi,一丁目,１チョウメ,1,,,,,0,0,0,0,0,0,1,1,1947-04-17,,0,,,,,,,,,,,,,,,,
082325,0037002,2,茨城県,イバラキケン,Ibaraki,,,,神栖市,カミスシ,Kamisu-shi,,,,平泉東,ヒライズミヒガシ,Hiraizumihigashi,二丁目,２チョウメ,2,,,,,0,0,0,0,0,0,1,1,1947-04-17,,0,,,,,,,,,,,,,,,,
082325,0037003,2,茨城県,イバラキケン,Ibaraki,,,,神栖市,カミスシ,Kamisu-shi,,,,平泉東,ヒライズミヒガシ,Hiraizumihigashi,三丁目,３チョウメ,3,,,,,0,0,0,0,0,0,1,1,1947-04-17,,0,,,,,,,,,,,,,,,,
082325,0038000,1,茨城県,イバラキケン,Ibaraki,,,,神栖市,カミスシ,Kamisu-shi,,,,深芝,フカシバ,Fukashiba,,,,,,,,0,0,0,0,0,0,1,1,1947-04-17,,0,3140148,,,,,,,,,,,,,,,
082325,0039001,2,茨城県,イバラキケン,Ibaraki,,,,神栖市,カミスシ,Kamisu-shi,,,,深芝南,フカシバミナミ,Fukashibaminami,一丁目,１チョウメ,1,,,,,0,0,0,0,0,0,1,1,1947-04-17,,0,,,,,,,,,,,,,,,,
082325,0039002,2,茨城県,イバラキケン,Ibaraki,,,,神栖市,カミスシ,Kamisu-shi,,,,深芝南,フカシバミナミ,Fukashibaminami,二丁目,２チョウメ,2,,,,,0,0,0,0,0,0,1,1,1947-04-17,,0,,,,,,,,,,,,,,,,
082325,0039003,2,茨城県,イバラキケン,Ibaraki,,,,神栖市,カミスシ,Kamisu-shi,,,,深芝南,フカシバミナミ,Fukashibaminami,三丁目,３チョウメ,3,,,,,0,0,0,0,0,0,1,1,1947-04-17,,0,,,,,,,,,,,,,,,,
082325,0039004,2,茨城県,イバラキケン,Ibaraki,,,,神栖市,カミスシ,Kamisu-shi,,,,深芝南,フカシバミナミ,Fukashibaminami,四丁目,４チョウメ,4,,,,,0,0,0,0,0,0,1,1,1947-04-17,,0,,,,,,,,,,,,,,,,
082325,0039005,2,茨城県,イバラキケン,Ibaraki,,,,神栖市,カミスシ,Kamisu-shi,,,,深芝南,フカシバミナミ,Fukashibaminami,五丁目,５チョウメ,5,,,,,0,0,0,0,0,0,1,1,1947-04-17,,0,,,,,,,,,,,,,,,,
082325,0040001,2,茨城県,イバラキケン,Ibaraki,,,,神栖市,カミスシ,Kamisu-shi,,,,堀割,ホリワリ,Horiwari,一丁目,１チョウメ,1,,,,,1,1,0,0,0,0,1,1,1947-04-17,,0,,,,,,,,,,,,,,,,
082325,0040002,2,茨城県,イバラキケン,Ibaraki,,,,神栖市,カミスシ,Kamisu-shi,,,,堀割,ホリワリ,Horiwari,二丁目,２チョウメ,2,,,,,1,1,0,0,0,0,1,1,1947-04-17,,0,,,,,,,,,,,,,,,,
082325,0040003,2,茨城県,イバラキケン,Ibaraki,,,,神栖市,カミスシ,Kamisu-shi,,,,堀割,ホリワリ,Horiwari,三丁目,３チョウメ,3,,,,,1,1,0,0,0,0,1,1,1947-04-17,,0,,,,,,,,,,,,,,,,
082325,0041000,1,茨城県,イバラキケン,Ibaraki,,,,神栖市,カミスシ,Kamisu-shi,,,,溝口,ミゾグチ,Mizoguchi,,,,,,,,0,0,0,0,0,0,1,1,1947-04-17,,0,3140121,,MJ015686_*,,,,,,,,,,,,,
082325,0042000,1,茨城県,イバラキケン,Ibaraki,,,,神栖市,カミスシ,Kamisu-shi,,,,南浜,ミナミハマ,Minamihama,,,,,,,,0,0,0,0,0,0,1,1,1947-04-17,,0,3140111,,,,,,,,,,,,,,,
082325,0043000,1,茨城県,イバラキケン,Ibaraki,,,,神栖市,カミスシ,Kamisu-shi,,,,矢田部,ヤタベ,Yatabe,,,,,,,,0,0,0,0,0,0,1,1,1947-04-17,,0,3140341,,,,,,,,,,,,,,,
082325,0044000,1,茨城県,イバラキケン,Ibaraki,,,,神栖市,カミスシ,Kamisu-shi,,,,柳川,ヤナガワ,Yanagawa,,,,,,,,0,0,0,0,0,0,1,1,1947-04-17,,0,3140252,,,,,,,,,,,,,,,
082325,0045001,2,茨城県,イバラキケン,Ibaraki,,,,神栖市,カミスシ,Kamisu-shi,,,,柳川中央,ヤナガワチュウオウ,Yanagawachuo,一丁目,１チョウメ,1,,,,,0,0,0,0,0,0,1,1,1947-04-17,,0,,,,,,,,,,,,,,,,
082325,0045002,2,茨城県,イバラキケン,Ibaraki,,,,神栖市,カミスシ,Kamisu-shi,,,,柳川中央,ヤナガワチュウオウ,Yanagawachuo,二丁目,２チョウメ,2,,,,,0,0,0,0,0,0,1,1,1947-04-17,,0,,,,,,,,,,,,,,,,
082325,0046000,1,茨城県,イバラキケン,Ibaraki,,,,神栖市,カミスシ,Kamisu-shi,,,,横瀬,ヨコセ,Yokose,,,,,,,,0,0,0,0,0,0,1,1,1947-04-17,,0,3140113,,,,,,,,,,,,,,,
082325,0047000,1,茨城県,イバラキケン,Ibaraki,,,,神栖市,カミスシ,Kamisu-shi,,,,若松中央,ワカマツチユウオウ,,,,,,,,,0,0,0,0,0,0,1,0,1947-04-17,,1,,,,,,,,,,,,,,,,
082325,0047001,2,茨城県,イバラキケン,Ibaraki,,,,神栖市,カミスシ,Kamisu-shi,,,,若松中央,ワカマツチュウオウ,Wakamatsuchuo,１丁目,１チョウメ,1,,,,,0,0,0,0,0,0,1,1,1947-04-17,,0,,,,,,,,,,,,,,,,
082325,0047002,2,茨城県,イバラキケン,Ibaraki,,,,神栖市,カミスシ,Kamisu-shi,,,,若松中央,ワカマツチュウオウ,Wakamatsuchuo,２丁目,２チョウメ,2,,,,,0,0,0,0,0,0,1,1,1947-04-17,,0,,,,,,,,,,,,,,,,
082325,0047003,2,茨城県,イバラキケン,Ibaraki,,,,神栖市,カミスシ,Kamisu-shi,,,,若松中央,ワカマツチュウオウ,Wakamatsuchuo,３丁目,３チョウメ,3,,,,,0,0,0,0,0,0,1,1,1947-04-17,,0,,,,,,,,,,,,,,,,
082325,0047004,2,茨城県,イバラキケン,Ibaraki,,,,神栖市,カミスシ,Kamisu-shi,,,,若松中央,ワカマツチュウオウ,Wakamatsuchuo,４丁目,４チョウメ,4,,,,,0,0,0,0,0,0,1,1,1947-04-17,,0,,,,,,,,,,,,,,,,
082325,0047005,2,茨城県,イバラキケン,Ibaraki,,,,神栖市,カミスシ,Kamisu-shi,,,,若松中央,ワカマツチュウオウ,Wakamatsuchuo,５丁目,５チョウメ,5,,,,,0,0,0,0,0,0,1,1,1947-04-17,,0,,,,,,,,,,,,,,,,
082325,0048000,1,茨城県,イバラキケン,Ibaraki,,,,神栖市,カミスシ,Kamisu-shi,,,,鰐川,ワニガワ,Wanigawa,,,,,,,,0,0,0,0,0,0,1,1,1947-04-17,,0,3140147,,,,,,,,,,,,,,,
082333,0001000,1,茨城県,イバラキケン,Ibaraki,,,,行方市,ナメガタシ,Namegata-shi,,,,青沼,アオヌマ,Aonuma,,,,,,,,0,0,0,0,0,0,1,1,1947-04-17,,0,3113831,,,,,,,,,,,,,,,
082333,0002000,1,茨城県,イバラキケン,Ibaraki,,,,行方市,ナメガタシ,Namegata-shi,,,,麻生,アソウ,Aso,,,,,,,,0,0,0,0,0,0,1,1,1947-04-17,,0,3113832,,,,,,,,,,,,,,,
082333,0003000,1,茨城県,イバラキケン,Ibaraki,,,,行方市,ナメガタシ,Namegata-shi,,,,天掛,アマガケ,Amagake,,,,,,,,0,0,0,0,0,0,1,1,1947-04-17,,0,3113814,,,,,,,,,,,,,,,
082333,0004000,1,茨城県,イバラキケン,Ibaraki,,,,行方市,ナメガタシ,Namegata-shi,,,,荒宿,アラジュク,Arajuku,,,,,,,,0,0,0,0,0,0,1,1,1947-04-17,,0,3113518,,,,,,,,,,,,,,,
082333,0005000,1,茨城県,イバラキケン,Ibaraki,,,,行方市,ナメガタシ,Namegata-shi,,,,井貝,イガイ,Igai,,,,,,,,0,0,0,0,0,0,1,1,1947-04-17,,0,3113803,,,,,,,,,,,,,,,
082333,0006000,1,茨城県,イバラキケン,Ibaraki,,,,行方市,ナメガタシ,Namegata-shi,,,,石神,イシガミ,Ishigami,,,,,,,,0,0,0,0,0,0,1,1,1947-04-17,,0,3113827,,,,,,,,,,,,,,,
082333,0007000,1,茨城県,イバラキケン,Ibaraki,,,,行方市,ナメガタシ,Namegata-shi,,,,板峰,イタノミネ,Itanomine,,,,,,,,0,0,0,0,0,0,1,1,1947-04-17,,0,3113817,,,,,,,,,,,,,,,
082333,0008000,1,茨城県,イバラキケン,Ibaraki,,,,行方市,ナメガタシ,Namegata-shi,,,,井上,イノウエ,Inoe,,,,,,,,0,0,0,0,0,0,1,1,1947-04-17,,0,3113515,,,,,,,,,,,,,,,
082333,0009000,1,茨城県,イバラキケン,Ibaraki,,,,行方市,ナメガタシ,Namegata-shi,,,,井上藤井,イノウエフジイ,Inoefujii,,,,,,,,0,0,0,0,0,0,1,1,1947-04-17,,0,3113516,,,,,,,,,,,,,,,
082333,0010000,1,茨城県,イバラキケン,Ibaraki,,,,行方市,ナメガタシ,Namegata-shi,,,,宇崎,ウザキ,Uzaki,,,,,,,,0,0,0,0,0,0,1,1,1947-04-17,,0,3113824,,,,,,,,,,,,,,,
082333,0011000,1,茨城県,イバラキケン,Ibaraki,,,,行方市,ナメガタシ,Namegata-shi,,,,内宿,ウチジュク,Uchijuku,,,,,,,,0,0,0,0,0,0,1,1,1947-04-17,,0,3111705,,,,,,,,,,,,,,,
082333,0012000,1,茨城県,イバラキケン,Ibaraki,,,,行方市,ナメガタシ,Namegata-shi,,,,岡,オカ,Oka,,,,,,,,0,0,0,0,0,0,1,1,1947-04-17,,0,3113822,,,,,,,,,,,,,,,
082333,0013000,1,茨城県,イバラキケン,Ibaraki,,,,行方市,ナメガタシ,Namegata-shi,,,,沖洲,オキス,Okisu,,,,,,,,0,0,0,0,0,0,1,1,1947-04-17,,0,3113508,,,,,,,,,,,,,,,
082333,0014000,1,茨城県,イバラキケン,Ibaraki,,,,行方市,ナメガタシ,Namegata-shi,,,,於下,オシタ,Oshita,,,,,,,,0,0,0,0,0,0,1,1,1947-04-17,,0,3113802,,,,,,,,,,,,,,,
082333,0015000,1,茨城県,イバラキケン,Ibaraki,,,,行方市,ナメガタシ,Namegata-shi,,,,小高,オダカ,Odaka,,,,,,,,0,0,0,0,0,0,1,1,1947-04-17,,0,3113804,,,,,,,,,,,,,,,
082333,0016000,1,茨城県,イバラキケン,Ibaraki,,,,行方市,ナメガタシ,Namegata-shi,,,,小貫,オヌキ,Onuki,,,,,,,,0,0,0,0,0,0,1,1,1947-04-17,,0,3111724,,,,,,,,,,,,,,,
082333,0017000,1,茨城県,イバラキケン,Ibaraki,,,,行方市,ナメガタシ,Namegata-shi,,,,小幡,オバタ,Obata,,,,,,,,0,0,0,0,0,0,1,1,1947-04-17,,0,3111715,,,,,,,,,,,,,,,
082333,0018000,1,茨城県,イバラキケン,Ibaraki,,,,行方市,ナメガタシ,Namegata-shi,,,,北高岡,キタタカオカ,Kitatakaoka,,,,,,,,0,0,0,0,0,0,1,1,1947-04-17,,0,3111716,,,,,,,,,,,,,,,
082333,0019000,1,茨城県,イバラキケン,Ibaraki,,,,行方市,ナメガタシ,Namegata-shi,,,,蔵川,クラカワ,Kurakawa,,,,,,,,0,0,0,0,0,0,1,1,1947-04-17,,0,3113821,,,,,,,,,,,,,,,
082333,0020000,1,茨城県,イバラキケン,Ibaraki,,,,行方市,ナメガタシ,Namegata-shi,,,,五町田,ゴチョウダ,Gochoda,,,,,,,,0,0,0,0,0,0,1,1,1947-04-17,,0,3113807,,,,,,,,,,,,,,,
082333,0021000,1,茨城県,イバラキケン,Ibaraki,,,,行方市,ナメガタシ,Namegata-shi,,,,小牧,コマキ,Komaki,,,,,,,,0,0,0,0,0,0,1,1,1947-04-17,,0,3113816,,,,,,,,,,,,,,,
082333,0022000,1,茨城県,イバラキケン,Ibaraki,,,,行方市,ナメガタシ,Namegata-shi,,,,籠田,コモタ,Komota,,,,,,,,0,0,0,0,0,0,1,1,1947-04-17,,0,3113813,,,,,,,,,,,,,,,
082333,0023000,1,茨城県,イバラキケン,Ibaraki,,,,行方市,ナメガタシ,Namegata-shi,,,,西蓮寺,サイレンジ,Sairenji,,,,,,,,0,0,0,0,0,0,1,1,1947-04-17,,0,3113514,,,,,,,,,,,,,,,
082333,0024000,1,茨城県,イバラキケン,Ibaraki,,,,行方市,ナメガタシ,Namegata-shi,,,,島並,シマナミ,Shimanami,,,,,,,,0,0,0,0,0,0,1,1,1947-04-17,,0,3113835,,,,,,,,,,,,,,,
082333,0025000,1,茨城県,イバラキケン,Ibaraki,,,,行方市,ナメガタシ,Namegata-shi,,,,白浜,シラハマ,Shirahama,,,,,,,,0,0,0,0,0,0,1,1,1947-04-17,,0,3113823,,,,,,,,,,,,,,,
082333,0026000,1,茨城県,イバラキケン,Ibaraki,,,,行方市,ナメガタシ,Namegata-shi,,,,四鹿,シロク,Shiroku,,,,,,,,0,0,0,0,0,0,1,1,1947-04-17,,0,3113811,,,,,,,,,,,,,,,
082333,0027000,1,茨城県,イバラキケン,Ibaraki,,,,行方市,ナメガタシ,Namegata-shi,,,,新宮,シングウ,Shingu,,,,,,,,0,0,0,0,0,0,1,1,1947-04-17,,0,3113815,,,,,,,,,,,,,,,
082333,0028000,1,茨城県,イバラキケン,Ibaraki,,,,行方市,ナメガタシ,Namegata-shi,,,,杉平,スギダイラ,Sugidaira,,,,,,,,0,0,0,0,0,0,1,1,1947-04-17,,0,3113812,,,,,,,,,,,,,,,
082333,0029000,1,茨城県,イバラキケン,Ibaraki,,,,行方市,ナメガタシ,Namegata-shi,,,,芹沢,セリサワ,Serizawa,,,,,,,,0,0,0,0,0,0,1,1,1947-04-17,,0,3113501,,,,,,,,,,,,,,,
082333,0030000,1,茨城県,イバラキケン,Ibaraki,,,,行方市,ナメガタシ,Namegata-shi,,,,玉造乙,タマツクリオツ,Tamatsukuri Otsu,,,,,,,,0,0,0,0,0,0,1,0,1947-04-17,,0,3113511,,,,,,,,,,,,,,,
082333,0031000,1,茨城県,イバラキケン,Ibaraki,,,,行方市,ナメガタシ,Namegata-shi,,,,玉造甲,タマツクリコウ,Tamatsukuri Ko,,,,,,,,0,0,0,0,0,0,1,0,1947-04-17,,0,3113512,,,,,,,,,,,,,,,
082333,0032000,1,茨城県,イバラキケン,Ibaraki,,,,行方市,ナメガタシ,Namegata-shi,,,,手賀,テガ,Tega,,,,,,,,0,0,0,0,0,0,1,1,1947-04-17,,0,3113513,,,,,,,,,,,,,,,
082333,0033000,1,茨城県,イバラキケン,Ibaraki,,,,行方市,ナメガタシ,Namegata-shi,,,,富田,トミタ,Tomita,,,,,,,,0,0,0,0,0,0,1,1,1947-04-17,,0,3113833,,,,,,,,,,,,,,,
082333,0034000,1,茨城県,イバラキケン,Ibaraki,,,,行方市,ナメガタシ,Namegata-shi,,,,中根,ナカネ,Nakane,,,,,,,,0,0,0,0,0,0,1,1,1947-04-17,,0,3111713,,,,,,,,,,,,,,,
082333,0035000,1,茨城県,イバラキケン,Ibaraki,,,,行方市,ナメガタシ,Namegata-shi,,,,長野江,ナガノエ,Naganoe,,,,,,,,0,0,0,0,0,0,1,1,1947-04-17,,0,3111701,,,,,,,,,,,,,,,
082333,0036000,1,茨城県,イバラキケン,Ibaraki,,,,行方市,ナメガタシ,Namegata-shi,,,,次木,ナミキ,Namiki,,,,,,,,0,0,0,0,0,0,1,1,1947-04-17,,0,3111722,,,,,,,,,,,,,,,
082333,0037000,1,茨城県,イバラキケン,Ibaraki,,,,行方市,ナメガタシ,Namegata-shi,,,,行方,ナメカタ,Namekata,,,,,,,,0,0,0,0,0,0,1,1,1947-04-17,,0,3113801,,,,,,,,,,,,,,,
082333,0038000,1,茨城県,イバラキケン,Ibaraki,,,,行方市,ナメガタシ,Namegata-shi,,,,成田,ナリタ,Narita,,,,,,,,0,0,0,0,0,0,1,1,1947-04-17,,0,3111703,,,,,,,,,,,,,,,
082333,0039000,1,茨城県,イバラキケン,Ibaraki,,,,行方市,ナメガタシ,Namegata-shi,,,,根小屋,ネゴヤ,Negoya,,,,,,,,0,0,0,0,0,0,1,1,1947-04-17,,0,3113825,,,,,,,,,,,,,,,
082333,0040000,1,茨城県,イバラキケン,Ibaraki,,,,行方市,ナメガタシ,Namegata-shi,,,,捻木,ネジキ,Nejiki,,,,,,,,0,0,0,0,0,0,1,1,1947-04-17,,0,3113503,,,,,,,,,,,,,,,
082333,0041000,1,茨城県,イバラキケン,Ibaraki,,,,行方市,ナメガタシ,Namegata-shi,,,,橋門,ハシカド,Hashikado,,,,,,,,0,0,0,0,0,0,1,1,1947-04-17,,0,3113805,,,,,,,,,,,,,,,
082333,0042000,1,茨城県,イバラキケン,Ibaraki,,,,行方市,ナメガタシ,Namegata-shi,,,,羽生,ハニュウ,Hanyu,,,,,,,,0,0,0,0,0,0,1,1,1947-04-17,,0,3113507,,,,,,,,,,,,,,,
082333,0043000,1,茨城県,イバラキケン,Ibaraki,,,,行方市,ナメガタシ,Namegata-shi,,,,浜,ハマ,Hama,,,,,,,,0,0,0,0,0,0,1,1,1947-04-17,,0,3113505,,,,,,,,,,,,,,,
082333,0044000,1,茨城県,イバラキケン,Ibaraki,,,,行方市,ナメガタシ,Namegata-shi,,,,繁昌,ハンジョウ,Hanjo,,,,,,,,0,0,0,0,0,0,1,1,1947-04-17,,0,3111712,,,,,,,,,,,,,,,
082333,0045000,1,茨城県,イバラキケン,Ibaraki,,,,行方市,ナメガタシ,Namegata-shi,,,,藤井,フジイ,Fujii,,,,,,,,0,0,0,0,0,0,1,1,1947-04-17,,0,3113517,,,,,,,,,,,,,,,
082333,0046000,1,茨城県,イバラキケン,Ibaraki,,,,行方市,ナメガタシ,Namegata-shi,,,,船子,フナコ,Funako,,,,,,,,0,0,0,0,0,0,1,1,1947-04-17,,0,3113806,,,,,,,,,,,,,,,
082333,0047000,1,茨城県,イバラキケン,Ibaraki,,,,行方市,ナメガタシ,Namegata-shi,,,,粗毛,ホボケ,Hoboke,,,,,,,,0,0,0,0,0,0,1,1,1947-04-17,,0,3113834,,,,,,,,,,,,,,,
082333,0048000,1,茨城県,イバラキケン,Ibaraki,,,,行方市,ナメガタシ,Namegata-shi,,,,南,ミナミ,Minami,,,,,,,,0,0,0,0,0,0,1,1,1947-04-17,,0,3113836,,,,,,,,,,,,,,,
082333,0049000,1,茨城県,イバラキケン,Ibaraki,,,,行方市,ナメガタシ,Namegata-shi,,,,南高岡,ミナミタカオカ,Minamitakaoka,,,,,,,,0,0,0,0,0,0,1,1,1947-04-17,,0,3111714,,,,,,,,,,,,,,,
082333,0050000,1,茨城県,イバラキケン,Ibaraki,,,,行方市,ナメガタシ,Namegata-shi,,,,三和,ミワ,Miwa,,,,,,,,0,0,0,0,0,0,1,1,1947-04-17,,0,3111702,,,,,,,,,,,,,,,
082333,0051000,1,茨城県,イバラキケン,Ibaraki,,,,行方市,ナメガタシ,Namegata-shi,,,,八木蒔,ヤキマキ,Yakimaki,,,,,,,,0,0,0,0,0,0,1,1,1947-04-17,,0,3113506,,,,,,,,,,,,,,,
082333,0052000,1,茨城県,イバラキケン,Ibaraki,,,,行方市,ナメガタシ,Namegata-shi,,,,谷島,ヤジマ,Yajima,,,,,,,,0,0,0,0,0,0,1,1,1947-04-17,,0,3113504,,,,,,,,,,,,,,,
082333,0053000,1,茨城県,イバラキケン,Ibaraki,,,,行方市,ナメガタシ,Namegata-shi,,,,矢幡,ヤバタ,Yabata,,,,,,,,0,0,0,0,0,0,1,1,1947-04-17,,0,3113826,,,,,,,,,,,,,,,
082333,0054000,1,茨城県,イバラキケン,Ibaraki,,,,行方市,ナメガタシ,Namegata-shi,,,,山田,ヤマダ,Yamada,,,,,,,,0,0,0,0,0,0,1,1,1947-04-17,,0,3111704,,,,,,,,,,,,,,,
082333,0055000,1,茨城県,イバラキケン,Ibaraki,,,,行方市,ナメガタシ,Namegata-shi,,,,行戸,ユクド,Yukudo,,,,,,,,0,0,0,0,0,0,1,1,1947-04-17,,0,3111723,,,,,,,,,,,,,,,
082333,0056000,1,茨城県,イバラキケン,Ibaraki,,,,行方市,ナメガタシ,Namegata-shi,,,,吉川,ヨシカワ,Yoshikawa,,,,,,,,0,0,0,0,0,0,1,1,1947-04-17,,0,3111711,,,,,,,,,,,,,,,
082333,0057000,1,茨城県,イバラキケン,Ibaraki,,,,行方市,ナメガタシ,Namegata-shi,,,,両宿,リョウシュク,Ryoshuku,,,,,,,,0,0,0,0,0,0,1,1,1947-04-17,,0,3111721,,,,,,,,,,,,,,,
082333,0058000,1,茨城県,イバラキケン,Ibaraki,,,,行方市,ナメガタシ,Namegata-shi,,,,若海,ワカウミ,Wakaumi,,,,,,,,0,0,0,0,0,0,1,1,1947-04-17,,0,3113502,,,,,,,,,,,,,,,
082341,0001000,1,茨城県,イバラキケン,Ibaraki,,,,鉾田市,ホコタシ,Hokota-shi,,,,青柳,アオヤギ,Aoyagi,,,,,,,,0,0,0,0,0,0,1,1,1947-04-17,,0,3111535,,,,,,,,,,,,,,,
082341,0002000,1,茨城県,イバラキケン,Ibaraki,,,,鉾田市,ホコタシ,Hokota-shi,,,,青山,アオヤマ,Aoyama,,,,,,,,0,0,0,0,0,0,1,1,1947-04-17,,0,3112101,,,,,,,,,,,,,,,
082341,0003000,1,茨城県,イバラキケン,Ibaraki,,,,鉾田市,ホコタシ,Hokota-shi,,,,秋山,アキヤマ,Akiyama,,,,,,,,0,0,0,0,0,0,1,1,1947-04-17,,0,3111506,,,,,,,,,,,,,,,
082341,0004000,1,茨城県,イバラキケン,Ibaraki,,,,鉾田市,ホコタシ,Hokota-shi,,,,阿玉,アダマ,Adama,,,,,,,,0,0,0,0,0,0,1,1,1947-04-17,,0,3112118,,,,,,,,,,,,,,,
082341,0005000,1,茨城県,イバラキケン,Ibaraki,,,,鉾田市,ホコタシ,Hokota-shi,,,,荒地,アラジ,Araji,,,,,,,,0,0,0,0,0,0,1,1,1947-04-17,,0,3111411,,,,,,,,,,,,,,,
082341,0006000,1,茨城県,イバラキケン,Ibaraki,,,,鉾田市,ホコタシ,Hokota-shi,,,,安房,アンボウ,Ambo,,,,,,,,0,0,0,0,0,0,1,1,1947-04-17,,0,3111504,,,,,,,,,,,,,,,
082341,0007000,1,茨城県,イバラキケン,Ibaraki,,,,鉾田市,ホコタシ,Hokota-shi,,,,飯島,イイジマ,Iijima,,,,,,,,0,0,0,0,0,0,1,1,1947-04-17,,0,3112112,,,,,,,,,,,,,,,
082341,0008000,1,茨城県,イバラキケン,Ibaraki,,,,鉾田市,ホコタシ,Hokota-shi,,,,飯名,イイナ,Iina,,,,,,,,0,0,0,0,0,0,1,1,1947-04-17,,0,3111521,,,,,,,,,,,,,,,
082341,0009000,1,茨城県,イバラキケン,Ibaraki,,,,鉾田市,ホコタシ,Hokota-shi,,,,江川,エガワ,Egawa,,,,,,,,0,0,0,0,0,0,1,1,1947-04-17,,0,3112114,,,,,,,,,,,,,,,
082341,0010000,1,茨城県,イバラキケン,Ibaraki,,,,鉾田市,ホコタシ,Hokota-shi,,,,大蔵,オオクラ,Okura,,,,,,,,0,0,0,0,0,0,1,1,1947-04-17,,0,3112117,,,,,,,,,,,,,,,
082341,0011000,1,茨城県,イバラキケン,Ibaraki,,,,鉾田市,ホコタシ,Hokota-shi,,,,大竹,オオダケ,Otake,,,,,,,,0,0,0,0,0,0,1,1,1947-04-17,,0,3111513,,,,,,,,,,,,,,,
082341,0012000,1,茨城県,イバラキケン,Ibaraki,,,,鉾田市,ホコタシ,Hokota-shi,,,,大戸,オオド,Odo,,,,,,,,0,0,0,0,0,0,1,1,1947-04-17,,0,3111502,,,,,,,,,,,,,,,
082341,0013000,1,茨城県,イバラキケン,Ibaraki,,,,鉾田市,ホコタシ,Hokota-shi,,,,大和田,オオワダ,Owada,,,,,,,,0,0,0,0,0,0,1,1,1947-04-17,,0,3111536,,,,,,,,,,,,,,,
082341,0014000,1,茨城県,イバラキケン,Ibaraki,,,,鉾田市,ホコタシ,Hokota-shi,,,,梶山,カジヤマ,Kajiyama,,,,,,,,0,0,0,0,0,0,1,1,1947-04-17,,0,3112104,,,,,,,,,,,,,,,
082341,0015000,1,茨城県,イバラキケン,Ibaraki,,,,鉾田市,ホコタシ,Hokota-shi,,,,柏熊,カシワクマ,Kashiwakuma,,,,,,,,0,0,0,0,0,0,1,1,1947-04-17,,0,3111511,,,,,,,,,,,,,,,
082341,0016000,1,茨城県,イバラキケン,Ibaraki,,,,鉾田市,ホコタシ,Hokota-shi,,,,柏熊新田,カシワクマシンデン,Kashiwakumashinden,,,,,,,,0,0,0,0,0,0,1,1,1947-04-17,,0,3111424,,,,,,,,,,,,,,,
082341,0017000,1,茨城県,イバラキケン,Ibaraki,,,,鉾田市,ホコタシ,Hokota-shi,,,,勝下,カツオリ,Katsuori,,,,,,,,0,0,0,0,0,0,1,1,1947-04-17,,0,3111422,,,,,,,,,,,,,,,
082341,0018000,1,茨城県,イバラキケン,Ibaraki,,,,鉾田市,ホコタシ,Hokota-shi,,,,勝下新田,カツオリシンデン,Katsuorishinden,,,,,,,,0,0,0,0,0,0,1,1,1947-04-17,,0,3111421,,,,,,,,,,,,,,,
082341,0019000,1,茨城県,イバラキケン,Ibaraki,,,,鉾田市,ホコタシ,Hokota-shi,,,,烟田,カマタ,Kamata,,,,,,,,0,0,0,0,0,0,1,1,1947-04-17,,0,3111515,,,,,,,,,,,,,,,
082341,0020000,1,茨城県,イバラキケン,Ibaraki,,,,鉾田市,ホコタシ,Hokota-shi,,,,上太田,カミオオタ,Kamiota,,,,,,,,0,0,0,0,0,0,1,1,1947-04-17,,0,3111405,,,,,,,,,,,,,,,
082341,0021000,1,茨城県,イバラキケン,Ibaraki,,,,鉾田市,ホコタシ,Hokota-shi,,,,上釜,カミガマ,Kamigama,,,,,,,,0,0,0,0,0,0,1,1,1947-04-17,,0,3111403,,,,,,,,,,,,,,,
082341,0022000,1,茨城県,イバラキケン,Ibaraki,,,,鉾田市,ホコタシ,Hokota-shi,,,,上沢,カミザワ,Kamizawa,,,,,,,,0,0,0,0,0,0,1,1,1947-04-17,,0,3112111,,,,,,,,,,,,,,,
082341,0023000,1,茨城県,イバラキケン,Ibaraki,,,,鉾田市,ホコタシ,Hokota-shi,,,,上冨田,カミトミダ,Kamitomita,,,,,,,,0,0,0,0,0,0,1,1,1947-04-17,,0,3111532,,,,,,,,,,,,,,,
082341,0024000,1,茨城県,イバラキケン,Ibaraki,,,,鉾田市,ホコタシ,Hokota-shi,,,,上幡木,カミハタキ,Kamihataki,,,,,,,,0,0,0,0,0,0,1,1,1947-04-17,,0,3112113,,,,,,,,,,,,,,,
082341,0025000,1,茨城県,イバラキケン,Ibaraki,,,,鉾田市,ホコタシ,Hokota-shi,,,,借宿,カリヤド,Kariyado,,,,,,,,0,0,0,0,0,0,1,1,1947-04-17,,0,3111527,,,,,,,,,,,,,,,
082341,0026000,1,茨城県,イバラキケン,Ibaraki,,,,鉾田市,ホコタシ,Hokota-shi,,,,串挽,クシヒキ,Kushihiki,,,,,,,,0,0,0,0,0,0,1,1,1947-04-17,,0,3111523,,,,,,,,,,,,,,,
082341,0027000,1,茨城県,イバラキケン,Ibaraki,,,,鉾田市,ホコタシ,Hokota-shi,,,,汲上,クミアゲ,Kumiage,,,,,,,,0,0,0,0,0,0,1,1,1947-04-17,,0,3112103,,,,,,,,,,,,,,,
082341,0028000,1,茨城県,イバラキケン,Ibaraki,,,,鉾田市,ホコタシ,Hokota-shi,,,,子生,コナジ,Konaji,,,,,,,,0,0,0,0,0,0,1,1,1947-04-17,,0,3111414,,,,,,,,,,,,,,,
082341,0029000,1,茨城県,イバラキケン,Ibaraki,,,,鉾田市,ホコタシ,Hokota-shi,,,,駒木根,コマギネ,Komagine,,,,,,,,0,0,0,0,0,0,1,1,1947-04-17,,0,3111505,,,,,,,,,,,,,,,
082341,0030000,1,茨城県,イバラキケン,Ibaraki,,,,鉾田市,ホコタシ,Hokota-shi,,,,沢尻,サワジリ,Sawajiri,,,,,,,,0,0,0,0,0,0,1,1,1947-04-17,,0,3111404,,,,,,,,,,,,,,,
082341,0031000,1,茨城県,イバラキケン,Ibaraki,,,,鉾田市,ホコタシ,Hokota-shi,,,,鹿田,シカダ,Shikada,,,,,,,,0,0,0,0,0,0,1,1,1947-04-17,,0,3111416,,,,,,,,,,,,,,,
082341,0032000,1,茨城県,イバラキケン,Ibaraki,,,,鉾田市,ホコタシ,Hokota-shi,,,,下太田,シモオオタ,Shimoota,,,,,,,,0,0,0,0,0,0,1,1,1947-04-17,,0,3111402,,,,,,,,,,,,,,,
082341,0033000,1,茨城県,イバラキケン,Ibaraki,,,,鉾田市,ホコタシ,Hokota-shi,,,,下冨田,シモトミダ,Shimotomita,,,,,,,,0,0,0,0,0,0,1,1,1947-04-17,,0,3111533,,,,,,,,,,,,,,,
082341,0034000,1,茨城県,イバラキケン,Ibaraki,,,,鉾田市,ホコタシ,Hokota-shi,,,,白塚,シラツカ,Shiratsuka,,,,,,,,0,0,0,0,0,0,1,1,1947-04-17,,0,3111512,,,,,,,,,,,,,,,
082341,0035001,2,茨城県,イバラキケン,Ibaraki,,,,鉾田市,ホコタシ,Hokota-shi,,,,新鉾田,シンホコタ,Shinhokota,１丁目,１チョウメ,1,,,,,0,0,0,0,0,0,1,1,1947-04-17,,0,,,,,,,,,,,,,,,,
082341,0035002,2,茨城県,イバラキケン,Ibaraki,,,,鉾田市,ホコタシ,Hokota-shi,,,,新鉾田,シンホコタ,Shinhokota,２丁目,２チョウメ,2,,,,,0,0,0,0,0,0,1,1,1947-04-17,,0,,,,,,,,,,,,,,,,
082341,0036001,2,茨城県,イバラキケン,Ibaraki,,,,鉾田市,ホコタシ,Hokota-shi,,,,新鉾田西,シンホコタニシ,Shinhokotanishi,１丁目,１チョウメ,1,,,,,0,0,0,0,0,0,1,1,1947-04-17,,0,,,,,,,,,,,,,,,,
082341,0036002,2,茨城県,イバラキケン,Ibaraki,,,,鉾田市,ホコタシ,Hokota-shi,,,,新鉾田西,シンホコタニシ,Shinhokotanishi,２丁目,２チョウメ,2,,,,,0,0,0,0,0,0,1,1,1947-04-17,,0,,,,,,,,,,,,,,,,
082341,0037000,1,茨城県,イバラキケン,Ibaraki,,,,鉾田市,ホコタシ,Hokota-shi,,,,菅野谷,スゲノヤ,Sugenoya,,,,,,,,0,0,0,0,0,0,1,1,1947-04-17,,0,3111531,,,,,,,,,,,,,,,
082341,0038000,1,茨城県,イバラキケン,Ibaraki,,,,鉾田市,ホコタシ,Hokota-shi,,,,台濁沢,ダイニゴリサワ,Dainigorisawa,,,,,,,,0,0,0,0,0,0,1,1,1947-04-17,,0,3112102,,,,,,,,,,,,,,,
082341,0039000,1,茨城県,イバラキケン,Ibaraki,,,,鉾田市,ホコタシ,Hokota-shi,,,,高田,タカダ,Takada,,,,,,,,0,0,0,0,0,0,1,1,1947-04-17,,0,3111524,,,,,,,,,,,,,,,
082341,0040000,1,茨城県,イバラキケン,Ibaraki,,,,鉾田市,ホコタシ,Hokota-shi,,,,滝浜,タキハマ,Takihama,,,,,,,,0,0,0,0,0,0,1,1,1947-04-17,,0,3111423,,,,,,,,,,,,,,,
082341,0041000,1,茨城県,イバラキケン,Ibaraki,,,,鉾田市,ホコタシ,Hokota-shi,,,,田崎,タサキ,Tasaki,,,,,,,,0,0,0,0,0,0,1,1,1947-04-17,,0,3111406,,,,,,,,,,,,,,,
082341,0042000,1,茨城県,イバラキケン,Ibaraki,,,,鉾田市,ホコタシ,Hokota-shi,,,,玉田,タマダ,Tamada,,,,,,,,0,0,0,0,0,0,1,1,1947-04-17,,0,3111412,,,,,,,,,,,,,,,
082341,0043000,1,茨城県,イバラキケン,Ibaraki,,,,鉾田市,ホコタシ,Hokota-shi,,,,造谷,ツクリヤ,Tsukuriya,,,,,,,,0,0,0,0,0,0,1,1,1947-04-17,,0,3111415,,,,,,,,,,,,,,,
082341,0045000,1,茨城県,イバラキケン,Ibaraki,,,,鉾田市,ホコタシ,Hokota-shi,,,,当間,トウマ,Toma,,,,,,,,0,0,0,0,0,0,1,1,1947-04-17,,0,3111528,,,,,,,,,,,,,,,
082341,0046000,1,茨城県,イバラキケン,Ibaraki,,,,鉾田市,ホコタシ,Hokota-shi,,,,常磐,トキワ,Tokiwa,,,,,,,,0,0,0,0,0,0,1,1,1947-04-17,,0,3111427,,,,,,,,,,,,,,,
082341,0047000,1,茨城県,イバラキケン,Ibaraki,,,,鉾田市,ホコタシ,Hokota-shi,,,,徳宿,トクシュク,Tokushuku,,,,,,,,0,0,0,0,0,0,1,1,1947-04-17,,0,3111503,,,,,,,,,,,,,,,
082341,0048000,1,茨城県,イバラキケン,Ibaraki,,,,鉾田市,ホコタシ,Hokota-shi,,,,鳥栖,トリノス,Torinosu,,,,,,,,0,0,0,0,0,0,1,1,1947-04-17,,0,3111534,,,,,,,,,,,,,,,
082341,0049000,1,茨城県,イバラキケン,Ibaraki,,,,鉾田市,ホコタシ,Hokota-shi,,,,中居,ナカイ,Nakai,,,,,,,,0,0,0,0,0,0,1,1,1947-04-17,,0,3112115,,,,,,,,,,,,,,,
082341,0050000,1,茨城県,イバラキケン,Ibaraki,,,,鉾田市,ホコタシ,Hokota-shi,,,,野友,ノドモ,Notomo,,,,,,,,0,0,0,0,0,0,1,1,1947-04-17,,0,3111525,,,,,,,,,,,,,,,
082341,0051000,1,茨城県,イバラキケン,Ibaraki,,,,鉾田市,ホコタシ,Hokota-shi,,,,半原,ハバラ,Habara,,,,,,,,0,0,0,0,0,0,1,1,1947-04-17,,0,3111526,,,,,,,,,,,,,,,
082341,0052000,1,茨城県,イバラキケン,Ibaraki,,,,鉾田市,ホコタシ,Hokota-shi,,,,冷水,ヒヤミズ,Hiyamizu,,,,,,,,0,0,0,0,0,0,1,1,1947-04-17,,0,3111413,,,,,,,,,,,,,,,
082341,0053000,1,茨城県,イバラキケン,Ibaraki,,,,鉾田市,ホコタシ,Hokota-shi,,,,札,フダ,Fuda,,,,,,,,0,0,0,0,0,0,1,1,1947-04-17,,0,3112116,,,,,,,,,,,,,,,
082341,0054000,1,茨城県,イバラキケン,Ibaraki,,,,鉾田市,ホコタシ,Hokota-shi,,,,二重作,フタエザク,Futaesaku,,,,,,,,0,0,0,0,0,0,1,1,1947-04-17,,0,3112105,,,,,,,,,,,,,,,
082341,0055000,1,茨城県,イバラキケン,Ibaraki,,,,鉾田市,ホコタシ,Hokota-shi,,,,舟木,フナキ,Funaki,,,,,,,,0,0,0,0,0,0,1,1,1947-04-17,,0,3111501,,,,,,,,,,,,,,,
082341,0056000,1,茨城県,イバラキケン,Ibaraki,,,,鉾田市,ホコタシ,Hokota-shi,,,,鉾田,ホコタ,Hokota,,,,,,,,0,0,0,0,0,0,1,1,1947-04-17,,0,3111517,,,,,,,,,,,,,,,
082341,0057000,1,茨城県,イバラキケン,Ibaraki,,,,鉾田市,ホコタシ,Hokota-shi,,,,箕輪,ミノワ,Minowa,,,,,,,,0,0,0,0,0,0,1,1,1947-04-17,,0,3111401,,,,,,,,,,,,,,,
082341,0058000,1,茨城県,イバラキケン,Ibaraki,,,,鉾田市,ホコタシ,Hokota-shi,,,,紅葉,モミジ,Momiji,,,,,,,,0,0,0,0,0,0,1,1,1947-04-17,,0,3111537,,,,,,,,,,,,,,,
082341,0059000,1,茨城県,イバラキケン,Ibaraki,,,,鉾田市,ホコタシ,Hokota-shi,,,,樅山,モミヤマ,Momiyama,,,,,,,,0,0,0,0,0,0,1,1,1947-04-17,,0,3111426,,,,,,,,,,,,,,,
082341,0060000,1,茨城県,イバラキケン,Ibaraki,,,,鉾田市,ホコタシ,Hokota-shi,,,,安塚,ヤスヅカ,Yasuzuka,,,,,,,,0,0,0,0,0,0,1,1,1947-04-17,,0,3111514,,,,,,,,,,,,,,,
082341,0061000,1,茨城県,イバラキケン,Ibaraki,,,,鉾田市,ホコタシ,Hokota-shi,,,,湯坪,ユツボ,Yutsubo,,,,,,,,0,0,0,0,0,0,1,1,1947-04-17,,0,3111425,,,,,,,,,,,,,,,
082341,0062000,1,茨城県,イバラキケン,Ibaraki,,,,鉾田市,ホコタシ,Hokota-shi,,,,塔ケ崎,トウガサキ,Togasaki,,,,,,,,0,0,0,0,0,0,1,0,1947-04-17,,0,3111522,,,,,,,,,,,,,,,
082341,0073000,1,茨城県,イバラキケン,Ibaraki,,,,鉾田市,ホコタシ,Hokota-shi,,,,塔ヶ崎,トウガサキ,,,,,,,,,0,0,0,0,0,0,1,0,1947-04-17,,1,,,,,,,,,,,,,,,,
082350,0001000,1,茨城県,イバラキケン,Ibaraki,,,,つくばみらい市,ツクバミライシ,Tsukubamirai-shi,,,,青木,アオキ,Aoki,,,,,,,,0,0,0,0,0,0,1,1,1947-04-17,,0,3002346,,,,,,,,,,,,,,,
082350,0002000,1,茨城県,イバラキケン,Ibaraki,,,,つくばみらい市,ツクバミライシ,Tsukubamirai-shi,,,,青古新田,アオコシンデン,Aokoshinden,,,,,,,,0,0,0,0,0,0,1,1,1947-04-17,,0,3002348,,,,,,,,,,,,,,,
082350,0003000,1,茨城県,イバラキケン,Ibaraki,,,,つくばみらい市,ツクバミライシ,Tsukubamirai-shi,,,,足高,アダカ,Adaka,,,,,,,,0,0,0,0,0,0,1,1,1947-04-17,,0,3002315,,,,,,,,,,,,,,,
082350,0004000,1,茨城県,イバラキケン,Ibaraki,,,,つくばみらい市,ツクバミライシ,Tsukubamirai-shi,,,,新戸,アラド,Arato,,,,,,,,0,0,0,0,0,0,1,1,1947-04-17,,0,3002354,,,,,,,,,,,,,,,
082350,0005000,1,茨城県,イバラキケン,Ibaraki,,,,つくばみらい市,ツクバミライシ,Tsukubamirai-shi,,,,板橋,イタバシ,Itabashi,,,,,,,,0,0,0,0,0,0,1,1,1947-04-17,,0,3002307,,,,,,,,,,,,,,,
082350,0006000,1,茨城県,イバラキケン,Ibaraki,,,,つくばみらい市,ツクバミライシ,Tsukubamirai-shi,,,,伊丹,イタミ,Itami,,,,,,,,0,0,0,0,0,0,1,1,1947-04-17,,0,3002323,,,,,,,,,,,,,,,
082350,0007000,1,茨城県,イバラキケン,Ibaraki,,,,つくばみらい市,ツクバミライシ,Tsukubamirai-shi,,,,市野深,イチノフカ,Ichinofuka,,,,,,,,0,0,0,0,0,0,1,1,1947-04-17,,0,3002355,,,,,,,,,,,,,,,
082350,0008000,1,茨城県,イバラキケン,Ibaraki,,,,つくばみらい市,ツクバミライシ,Tsukubamirai-shi,,,,伊奈東,イナヒガシ,Inahigashi,,,,,,,,0,0,0,0,0,0,1,1,1947-04-17,,0,3002308,,,,,,,,,,,,,,,
082350,0009000,1,茨城県,イバラキケン,Ibaraki,,,,つくばみらい市,ツクバミライシ,Tsukubamirai-shi,,,,弥柳,イヨヤナギ,Iyoyanagi,,,,,,,,0,0,0,0,0,0,1,1,1947-04-17,,0,3002342,,,,,,,,,,,,,,,
082350,0010000,1,茨城県,イバラキケン,Ibaraki,,,,つくばみらい市,ツクバミライシ,Tsukubamirai-shi,,,,大和田,オオワダ,Owada,,,,,,,,0,0,0,0,0,0,1,1,1947-04-17,,0,3002303,,,,,,,,,,,,,,,
082350,0011000,1,茨城県,イバラキケン,Ibaraki,,,,つくばみらい市,ツクバミライシ,Tsukubamirai-shi,,,,押砂,オシズナ,Oshizuna,,,,,,,,0,0,0,0,0,0,1,1,1947-04-17,,0,3002411,,,,,,,,,,,,,,,
082350,0012000,1,茨城県,イバラキケン,Ibaraki,,,,つくばみらい市,ツクバミライシ,Tsukubamirai-shi,,,,小島新田,オジマシンデン,Ojimashinden,,,,,,,,0,0,0,0,0,0,1,1,1947-04-17,,0,3002352,,,,,,,,,,,,,,,
082350,0013000,1,茨城県,イバラキケン,Ibaraki,,,,つくばみらい市,ツクバミライシ,Tsukubamirai-shi,,,,鬼長,オニオサ,Oniosa,,,,,,,,0,0,0,0,0,0,1,1,1947-04-17,,0,3002432,,,,,,,,,,,,,,,
082350,0014000,1,茨城県,イバラキケン,Ibaraki,,,,つくばみらい市,ツクバミライシ,Tsukubamirai-shi,,,,小張,オバリ,Obari,,,,,,,,0,0,0,0,0,0,1,1,1947-04-17,,0,3002353,,,,,,,,,,,,,,,
082350,0015000,1,茨城県,イバラキケン,Ibaraki,,,,つくばみらい市,ツクバミライシ,Tsukubamirai-shi,,,,神住新田,カスミシンデン,Kasumishinden,,,,,,,,0,0,0,0,0,0,1,1,1947-04-17,,0,3002331,,,,,,,,,,,,,,,
082350,0016000,1,茨城県,イバラキケン,Ibaraki,,,,つくばみらい市,ツクバミライシ,Tsukubamirai-shi,,,,加藤,カトウ,Kato,,,,,,,,0,0,0,0,0,0,1,1,1947-04-17,,0,3002424,,,,,,,,,,,,,,,
082350,0017000,1,茨城県,イバラキケン,Ibaraki,,,,つくばみらい市,ツクバミライシ,Tsukubamirai-shi,,,,上小目,カミオメ,Kamiome,,,,,,,,0,0,0,0,0,0,1,1,1947-04-17,,0,3002431,,,,,,,,,,,,,,,
082350,0018000,1,茨城県,イバラキケン,Ibaraki,,,,つくばみらい市,ツクバミライシ,Tsukubamirai-shi,,,,上島,カミジマ,Kamijima,,,,,,,,0,0,0,0,0,0,1,1,1947-04-17,,0,3002326,,,,,,,,,,,,,,,
082350,0019000,1,茨城県,イバラキケン,Ibaraki,,,,つくばみらい市,ツクバミライシ,Tsukubamirai-shi,,,,上長沼,カミナガヌマ,Kaminaganuma,,,,,,,,0,0,0,0,0,0,1,1,1947-04-17,,0,3002453,,,,,,,,,,,,,,,
082350,0020000,1,茨城県,イバラキケン,Ibaraki,,,,つくばみらい市,ツクバミライシ,Tsukubamirai-shi,,,,上平柳,カミヒラヤナギ,Kamihirayanagi,,,,,,,,0,0,0,0,0,0,1,1,1947-04-17,,0,3002335,,,,,,,,,,,,,,,
082350,0021000,1,茨城県,イバラキケン,Ibaraki,,,,つくばみらい市,ツクバミライシ,Tsukubamirai-shi,,,,川崎,カワサキ,Kawasaki,,,,,,,,0,0,0,0,0,0,1,1,1947-04-17,,0,3002425,,,,,,,,,,,,,,,
082350,0022000,1,茨城県,イバラキケン,Ibaraki,,,,つくばみらい市,ツクバミライシ,Tsukubamirai-shi,,,,神生,カンノウ,Kanno,,,,,,,,0,0,0,0,0,0,1,1,1947-04-17,,0,3002312,,,,,,,,,,,,,,,
082350,0023000,1,茨城県,イバラキケン,Ibaraki,,,,つくばみらい市,ツクバミライシ,Tsukubamirai-shi,,,,北袋,キタプクロ,Kitabukuro,,,,,,,,0,0,0,0,0,0,1,1,1947-04-17,,0,3002456,,,,,,,,,,,,,,,
082350,0024000,1,茨城県,イバラキケン,Ibaraki,,,,つくばみらい市,ツクバミライシ,Tsukubamirai-shi,,,,北山,キタヤマ,Kitayama,,,,,,,,0,0,0,0,0,0,1,1,1947-04-17,,0,3002407,,,,,,,,,,,,,,,
082350,0025001,2,茨城県,イバラキケン,Ibaraki,,,,つくばみらい市,ツクバミライシ,Tsukubamirai-shi,,,,絹の台,キヌノダイ,Kinunodai,１丁目,１チョウメ,1,,,,,0,0,0,0,0,0,1,1,1947-04-17,,0,,,,,,,,,,,,,,,,
082350,0025002,2,茨城県,イバラキケン,Ibaraki,,,,つくばみらい市,ツクバミライシ,Tsukubamirai-shi,,,,絹の台,キヌノダイ,Kinunodai,２丁目,２チョウメ,2,,,,,0,0,0,0,0,0,1,1,1947-04-17,,0,,,,,,,,,,,,,,,,
082350,0025003,2,茨城県,イバラキケン,Ibaraki,,,,つくばみらい市,ツクバミライシ,Tsukubamirai-shi,,,,絹の台,キヌノダイ,Kinunodai,３丁目,３チョウメ,3,,,,,0,0,0,0,0,0,1,1,1947-04-17,,0,,,,,,,,,,,,,,,,
082350,0025004,2,茨城県,イバラキケン,Ibaraki,,,,つくばみらい市,ツクバミライシ,Tsukubamirai-shi,,,,絹の台,キヌノダイ,Kinunodai,４丁目,４チョウメ,4,,,,,0,0,0,0,0,0,1,1,1947-04-17,,0,,,,,,,,,,,,,,,,
082350,0025005,2,茨城県,イバラキケン,Ibaraki,,,,つくばみらい市,ツクバミライシ,Tsukubamirai-shi,,,,絹の台,キヌノダイ,Kinunodai,５丁目,５チョウメ,5,,,,,0,0,0,0,0,0,1,1,1947-04-17,,0,,,,,,,,,,,,,,,,
082350,0025006,2,茨城県,イバラキケン,Ibaraki,,,,つくばみらい市,ツクバミライシ,Tsukubamirai-shi,,,,絹の台,キヌノダイ,Kinunodai,６丁目,６チョウメ,6,,,,,0,0,0,0,0,0,1,1,1947-04-17,,0,,,,,,,,,,,,,,,,
082350,0025007,2,茨城県,イバラキケン,Ibaraki,,,,つくばみらい市,ツクバミライシ,Tsukubamirai-shi,,,,絹の台,キヌノダイ,Kinunodai,７丁目,７チョウメ,7,,,,,0,0,0,0,0,0,1,1,1947-04-17,,0,,,,,,,,,,,,,,,,
082350,0026000,1,茨城県,イバラキケン,Ibaraki,,,,つくばみらい市,ツクバミライシ,Tsukubamirai-shi,,,,小絹,コキヌ,Kokinu,,,,,,,,0,0,0,0,0,0,1,1,1947-04-17,,0,3002445,,,,,,,,,,,,,,,
082350,0027000,1,茨城県,イバラキケン,Ibaraki,,,,つくばみらい市,ツクバミライシ,Tsukubamirai-shi,,,,坂野新田,サカノシンデン,Sakanoshinden,,,,,,,,0,0,0,0,0,0,1,1,1947-04-17,,0,3002402,,,,,,,,,,,,,,,
082350,0028000,1,茨城県,イバラキケン,Ibaraki,,,,つくばみらい市,ツクバミライシ,Tsukubamirai-shi,,,,山王新田,サンノウシンデン,Sannoshinden,,,,,,,,0,0,0,0,0,0,1,1,1947-04-17,,0,3002332,,,,,,,,,,,,,,,
082350,0029000,1,茨城県,イバラキケン,Ibaraki,,,,つくばみらい市,ツクバミライシ,Tsukubamirai-shi,,,,山谷,サンヤ,Sanya,,,,,,,,0,0,0,0,0,0,1,1,1947-04-17,,0,3002336,,,,,,,,,,,,,,,
082350,0030001,2,茨城県,イバラキケン,Ibaraki,,,,つくばみらい市,ツクバミライシ,Tsukubamirai-shi,,,,紫峰ヶ丘,シホウガオカ,Shihogaoka,１丁目,１チョウメ,1,,,,,0,0,0,0,0,0,1,1,1947-04-17,,0,,,,,,,,,,,,,,,,
082350,0030002,2,茨城県,イバラキケン,Ibaraki,,,,つくばみらい市,ツクバミライシ,Tsukubamirai-shi,,,,紫峰ヶ丘,シホウガオカ,Shihogaoka,２丁目,２チョウメ,2,,,,,0,0,0,0,0,0,1,1,1947-04-17,,0,,,,,,,,,,,,,,,,
082350,0030003,2,茨城県,イバラキケン,Ibaraki,,,,つくばみらい市,ツクバミライシ,Tsukubamirai-shi,,,,紫峰ヶ丘,シホウガオカ,Shihogaoka,３丁目,３チョウメ,3,,,,,0,0,0,0,0,0,1,1,1947-04-17,,0,,,,,,,,,,,,,,,,
082350,0030004,2,茨城県,イバラキケン,Ibaraki,,,,つくばみらい市,ツクバミライシ,Tsukubamirai-shi,,,,紫峰ヶ丘,シホウガオカ,Shihogaoka,４丁目,４チョウメ,4,,,,,0,0,0,0,0,0,1,1,1947-04-17,,0,,,,,,,,,,,,,,,,
082350,0030005,2,茨城県,イバラキケン,Ibaraki,,,,つくばみらい市,ツクバミライシ,Tsukubamirai-shi,,,,紫峰ヶ丘,シホウガオカ,Shihogaoka,５丁目,５チョウメ,5,,,,,0,0,0,0,0,0,1,1,1947-04-17,,0,,,,,,,,,,,,,,,,
082350,0031000,1,茨城県,イバラキケン,Ibaraki,,,,つくばみらい市,ツクバミライシ,Tsukubamirai-shi,,,,下小目,シモオメ,Shimome,,,,,,,,0,0,0,0,0,0,1,1,1947-04-17,,0,3002433,,,,,,,,,,,,,,,
082350,0032000,1,茨城県,イバラキケン,Ibaraki,,,,つくばみらい市,ツクバミライシ,Tsukubamirai-shi,,,,下島,シモジマ,Shimojima,,,,,,,,0,0,0,0,0,0,1,1,1947-04-17,,0,3002324,,,,,,,,,,,,,,,
082350,0033000,1,茨城県,イバラキケン,Ibaraki,,,,つくばみらい市,ツクバミライシ,Tsukubamirai-shi,,,,下長沼,シモナガヌマ,Shimonaganuma,,,,,,,,0,0,0,0,0,0,1,1,1947-04-17,,0,3002454,,,,,,,,,,,,,,,
082350,0034000,1,茨城県,イバラキケン,Ibaraki,,,,つくばみらい市,ツクバミライシ,Tsukubamirai-shi,,,,下平柳,シモヒラヤナギ,Shimohirayanagi,,,,,,,,0,0,0,0,0,0,1,1,1947-04-17,,0,3002333,,,,,,,,,,,,,,,
082350,0035000,1,茨城県,イバラキケン,Ibaraki,,,,つくばみらい市,ツクバミライシ,Tsukubamirai-shi,,,,重右衛門新田,ジュウエモンシンデン,Juemonshinden,,,,,,,,0,0,0,0,0,0,1,1,1947-04-17,,0,3002305,,,,,,,,,,,,,,,
082350,0036000,1,茨城県,イバラキケン,Ibaraki,,,,つくばみらい市,ツクバミライシ,Tsukubamirai-shi,,,,十和,ジュウワ,Juwa,,,,,,,,0,0,0,0,0,0,1,1,1947-04-17,,0,3002455,,,,,,,,,,,,,,,
082350,0037000,1,茨城県,イバラキケン,Ibaraki,,,,つくばみらい市,ツクバミライシ,Tsukubamirai-shi,,,,城中,ジョウチュウ,Jochu,,,,,,,,0,0,0,0,0,0,1,1,1947-04-17,,0,3002314,,,,,,,,,,,,,,,
082350,0038000,1,茨城県,イバラキケン,Ibaraki,,,,つくばみらい市,ツクバミライシ,Tsukubamirai-shi,,,,杉下,スギシタ,Sugishita,,,,,,,,0,0,0,0,0,0,1,1,1947-04-17,,0,3002444,,,,,,,,,,,,,,,
082350,0039000,1,茨城県,イバラキケン,Ibaraki,,,,つくばみらい市,ツクバミライシ,Tsukubamirai-shi,,,,善助新田,ゼンスケシンデン,Zensukeshinden,,,,,,,,0,0,0,0,0,0,1,1,1947-04-17,,0,3002351,,,,,,,,,,,,,,,
082350,0040000,1,茨城県,イバラキケン,Ibaraki,,,,つくばみらい市,ツクバミライシ,Tsukubamirai-shi,,,,台,ダイ,Dai,,,,,,,,0,0,0,0,0,0,1,1,1947-04-17,,0,3002401,,,,,,,,,,,,,,,
082350,0041000,1,茨城県,イバラキケン,Ibaraki,,,,つくばみらい市,ツクバミライシ,Tsukubamirai-shi,,,,高岡,タカオカ,Takaoka,,,,,,,,0,0,0,0,0,0,1,1,1947-04-17,,0,3002301,,,,,,,,,,,,,,,
082350,0042000,1,茨城県,イバラキケン,Ibaraki,,,,つくばみらい市,ツクバミライシ,Tsukubamirai-shi,,,,田村,タムラ,Tamura,,,,,,,,0,0,0,0,0,0,1,1,1947-04-17,,0,3002413,,,,,,,,,,,,,,,
082350,0043000,1,茨城県,イバラキケン,Ibaraki,,,,つくばみらい市,ツクバミライシ,Tsukubamirai-shi,,,,樛木,ツキヌキ,Tsukinuki,,,,,,,,0,0,0,0,0,0,1,1,1947-04-17,,0,3002452,,,,,,,,,,,,,,,
082350,0044000,1,茨城県,イバラキケン,Ibaraki,,,,つくばみらい市,ツクバミライシ,Tsukubamirai-shi,,,,筒戸,ツツド,Tsutsudo,,,,,,,,0,0,0,0,0,0,1,1,1947-04-17,,0,3002435,,,,,,,,,,,,,,,
082350,0045000,1,茨城県,イバラキケン,Ibaraki,,,,つくばみらい市,ツクバミライシ,Tsukubamirai-shi,,,,寺畑,テラハタ,Terahata,,,,,,,,0,0,0,0,0,0,1,1,1947-04-17,,0,3002441,,,,,,,,,,,,,,,
082350,0046000,1,茨城県,イバラキケン,Ibaraki,,,,つくばみらい市,ツクバミライシ,Tsukubamirai-shi,,,,戸崎,トサキ,Tosaki,,,,,,,,0,0,0,0,0,0,1,1,1947-04-17,,0,3002322,,,,,,,,,,,,,,,
082350,0047000,1,茨城県,イバラキケン,Ibaraki,,,,つくばみらい市,ツクバミライシ,Tsukubamirai-shi,,,,戸茂,トモ,Tomo,,,,,,,,0,0,0,0,0,0,1,1,1947-04-17,,0,3002321,,,,,,,,,,,,,,,
082350,0048000,1,茨城県,イバラキケン,Ibaraki,,,,つくばみらい市,ツクバミライシ,Tsukubamirai-shi,,,,中島,ナカジマ,Nakajima,,,,,,,,0,0,0,0,0,0,1,1,1947-04-17,,0,3002325,,,,,,,,,,,,,,,
082350,0049000,1,茨城県,イバラキケン,Ibaraki,,,,つくばみらい市,ツクバミライシ,Tsukubamirai-shi,,,,長渡呂,ナガトロ,Nagatoro,,,,,,,,0,0,0,0,0,0,1,1,1947-04-17,,0,3002345,,,,,,,,,,,,,,,
082350,0050000,1,茨城県,イバラキケン,Ibaraki,,,,つくばみらい市,ツクバミライシ,Tsukubamirai-shi,,,,長渡呂新田,ナガトロシンデン,Nagatoroshinden,,,,,,,,0,0,0,0,0,0,1,1,1947-04-17,,0,3002344,,,,,,,,,,,,,,,
082350,0051000,1,茨城県,イバラキケン,Ibaraki,,,,つくばみらい市,ツクバミライシ,Tsukubamirai-shi,,,,中原,ナカハラ,Nakahara,,,,,,,,0,0,0,0,0,0,1,1,1947-04-17,,0,3002403,,,,,,,,,,,,,,,
082350,0052000,1,茨城県,イバラキケン,Ibaraki,,,,つくばみらい市,ツクバミライシ,Tsukubamirai-shi,,,,中平柳,ナカヒラヤナギ,Nakahirayanagi,,,,,,,,0,0,0,0,0,0,1,1,1947-04-17,,0,3002334,,,,,,,,,,,,,,,
082350,0053000,1,茨城県,イバラキケン,Ibaraki,,,,つくばみらい市,ツクバミライシ,Tsukubamirai-shi,,,,成瀬,ナルセ,Naruse,,,,,,,,0,0,0,0,0,0,1,1,1947-04-17,,0,3002423,,,,,,,,,,,,,,,
082350,0054000,1,茨城県,イバラキケン,Ibaraki,,,,つくばみらい市,ツクバミライシ,Tsukubamirai-shi,,,,仁左衛門新田,ニザエモンシンデン,Nizaemonshinden,,,,,,,,0,0,0,0,0,0,1,1,1947-04-17,,0,3002405,,,,,,,,,,,,,,,
082350,0055000,1,茨城県,イバラキケン,Ibaraki,,,,つくばみらい市,ツクバミライシ,Tsukubamirai-shi,,,,西楢戸,ニシナラド,Nishinarado,,,,,,,,0,0,0,0,0,0,1,1,1947-04-17,,0,3002415,,*_MJ014215_*,,,,,,,,,,,,,
082350,0056000,1,茨城県,イバラキケン,Ibaraki,,,,つくばみらい市,ツクバミライシ,Tsukubamirai-shi,,,,西ノ台,ニシノダイ,Nishinodai,,,,,,,,0,0,0,0,0,0,1,1,1947-04-17,,0,3002442,,,,,,,,,,,,,,,
082350,0057000,1,茨城県,イバラキケン,Ibaraki,,,,つくばみらい市,ツクバミライシ,Tsukubamirai-shi,,,,西ノ台南,ニシノダイミナミ,Nishinodaiminami,,,,,,,,0,0,0,0,0,0,1,1,1947-04-17,,0,3002443,,,,,,,,,,,,,,,
082350,0058000,1,茨城県,イバラキケン,Ibaraki,,,,つくばみらい市,ツクバミライシ,Tsukubamirai-shi,,,,西丸山,ニシマルヤマ,Nishimaruyama,,,,,,,,0,0,0,0,0,0,1,1,1947-04-17,,0,3002421,,,,,,,,,,,,,,,
082350,0059000,1,茨城県,イバラキケン,Ibaraki,,,,つくばみらい市,ツクバミライシ,Tsukubamirai-shi,,,,日川,ニッカワ,Nikkawa,,,,,,,,0,0,0,0,0,0,1,1,1947-04-17,,0,3002412,,,,,,,,,,,,,,,
082350,0060000,1,茨城県,イバラキケン,Ibaraki,,,,つくばみらい市,ツクバミライシ,Tsukubamirai-shi,,,,野堀,ノボリ,Nobori,,,,,,,,0,0,0,0,0,0,1,1,1947-04-17,,0,3002311,,,,,,,,,,,,,,,
082350,0061000,1,茨城県,イバラキケン,Ibaraki,,,,つくばみらい市,ツクバミライシ,Tsukubamirai-shi,,,,東栗山,ヒガシクリヤマ,Higashikuriyama,,,,,,,,0,0,0,0,0,0,1,1,1947-04-17,,0,3002313,,,,,,,,,,,,,,,
082350,0062000,1,茨城県,イバラキケン,Ibaraki,,,,つくばみらい市,ツクバミライシ,Tsukubamirai-shi,,,,東楢戸,ヒガシナラド,Higashinarado,,,,,,,,0,0,0,0,0,0,1,1,1947-04-17,,0,3002416,,*_MJ014215_*,,,,,,,,,,,,,
082350,0063000,1,茨城県,イバラキケン,Ibaraki,,,,つくばみらい市,ツクバミライシ,Tsukubamirai-shi,,,,東楢戸西楢戸入会地,ヒガシナラドニシナラドイリアイチ,,,,,,,,,0,0,0,0,0,0,1,1,1947-04-17,,0,,,*_MJ014215_*_*_MJ014215_*_*_*_*,,,,,,,,,,,,,
082350,0064000,1,茨城県,イバラキケン,Ibaraki,,,,つくばみらい市,ツクバミライシ,Tsukubamirai-shi,,,,奉社,ビシャ,Bisha,,,,,,,,0,0,0,0,0,0,1,1,1947-04-17,,0,3002356,,,,,,,,,,,,,,,
082350,0065000,1,茨城県,イバラキケン,Ibaraki,,,,つくばみらい市,ツクバミライシ,Tsukubamirai-shi,,,,平沼,ヒラヌマ,Hiranuma,,,,,,,,0,0,0,0,0,0,1,1,1947-04-17,,0,3002434,,,,,,,,,,,,,,,
082350,0066000,1,茨城県,イバラキケン,Ibaraki,,,,つくばみらい市,ツクバミライシ,Tsukubamirai-shi,,,,福岡,フクオカ,Fukuoka,,,,,,,,0,0,0,0,0,0,1,1,1947-04-17,,0,3002406,,,,,,,,,,,,,,,
082350,0067000,1,茨城県,イバラキケン,Ibaraki,,,,つくばみらい市,ツクバミライシ,Tsukubamirai-shi,,,,福岡台入会地,フクオカダイイリアイチ,,,,,,,,,0,0,0,0,0,0,1,1,1947-04-17,,0,,,,,,,,,,,,,,,,
082350,0068000,1,茨城県,イバラキケン,Ibaraki,,,,つくばみらい市,ツクバミライシ,Tsukubamirai-shi,,,,福田,フクダ,Fukuda,,,,,,,,0,0,0,0,0,0,1,1,1947-04-17,,0,3002341,,,,,,,,,,,,,,,
082350,0069000,1,茨城県,イバラキケン,Ibaraki,,,,つくばみらい市,ツクバミライシ,Tsukubamirai-shi,,,,福原,フクハラ,Fukuwara,,,,,,,,0,0,0,0,0,0,1,1,1947-04-17,,0,3002327,,,,,,,,,,,,,,,
082350,0070001,2,茨城県,イバラキケン,Ibaraki,,,,つくばみらい市,ツクバミライシ,Tsukubamirai-shi,,,,富士見ヶ丘,フジミガオカ,Fujimigaoka,１丁目,１チョウメ,1,,,,,0,0,0,0,0,0,1,1,1947-04-17,,0,,,,,,,,,,,,,,,,
082350,0070002,2,茨城県,イバラキケン,Ibaraki,,,,つくばみらい市,ツクバミライシ,Tsukubamirai-shi,,,,富士見ヶ丘,フジミガオカ,Fujimigaoka,２丁目,２チョウメ,2,,,,,0,0,0,0,0,0,1,1,1947-04-17,,0,,,,,,,,,,,,,,,,
082350,0070003,2,茨城県,イバラキケン,Ibaraki,,,,つくばみらい市,ツクバミライシ,Tsukubamirai-shi,,,,富士見ヶ丘,フジミガオカ,Fujimigaoka,３丁目,３チョウメ,3,,,,,0,0,0,0,0,0,1,1,1947-04-17,,0,,,,,,,,,,,,,,,,
082350,0070004,2,茨城県,イバラキケン,Ibaraki,,,,つくばみらい市,ツクバミライシ,Tsukubamirai-shi,,,,富士見ヶ丘,フジミガオカ,Fujimigaoka,４丁目,４チョウメ,4,,,,,0,0,0,0,0,0,1,1,1947-04-17,,0,,,,,,,,,,,,,,,,
082350,0071000,1,茨城県,イバラキケン,Ibaraki,,,,つくばみらい市,ツクバミライシ,Tsukubamirai-shi,,,,豊体,ブタイ,Butai,,,,,,,,0,0,0,0,0,0,1,1,1947-04-17,,0,3002347,,,,,,,,,,,,,,,
082350,0072000,1,茨城県,イバラキケン,Ibaraki,,,,つくばみらい市,ツクバミライシ,Tsukubamirai-shi,,,,武兵衛新田,ブヘエシンデン,Buheeshinden,,,,,,,,0,0,0,0,0,0,1,1,1947-04-17,,0,3002304,,,,,,,,,,,,,,,
082350,0073000,1,茨城県,イバラキケン,Ibaraki,,,,つくばみらい市,ツクバミライシ,Tsukubamirai-shi,,,,古川,フルカワ,Furukawa,,,,,,,,0,0,0,0,0,0,1,1,1947-04-17,,0,3002422,,,,,,,,,,,,,,,
082350,0074000,1,茨城県,イバラキケン,Ibaraki,,,,つくばみらい市,ツクバミライシ,Tsukubamirai-shi,,,,細代,ホソシロ,Hososhiro,,,,,,,,0,0,0,0,0,0,1,1,1947-04-17,,0,3002446,,,,,,,,,,,,,,,
082350,0075000,1,茨城県,イバラキケン,Ibaraki,,,,つくばみらい市,ツクバミライシ,Tsukubamirai-shi,,,,真木,マギ,Magi,,,,,,,,0,0,0,0,0,0,1,1,1947-04-17,,0,3002414,,,,,,,,,,,,,,,
082350,0076000,1,茨城県,イバラキケン,Ibaraki,,,,つくばみらい市,ツクバミライシ,Tsukubamirai-shi,,,,狸穴,マミアナ,Mamiana,,,,,,,,0,0,0,0,0,0,1,1,1947-04-17,,0,3002302,,,,,,,,,,,,,,,
082350,0077000,1,茨城県,イバラキケン,Ibaraki,,,,つくばみらい市,ツクバミライシ,Tsukubamirai-shi,,,,南,ミナミ,Minami,,,,,,,,0,0,0,0,0,0,1,1,1947-04-17,,0,3002404,,,,,,,,,,,,,,,
082350,0078000,1,茨城県,イバラキケン,Ibaraki,,,,つくばみらい市,ツクバミライシ,Tsukubamirai-shi,,,,南太田,ミナミオオタ,Minamiota,,,,,,,,0,0,0,0,0,0,1,1,1947-04-17,,0,3002306,,,,,,,,,,,,,,,
082350,0079000,1,茨城県,イバラキケン,Ibaraki,,,,つくばみらい市,ツクバミライシ,Tsukubamirai-shi,,,,箕輪,ミノワ,Minowa,,,,,,,,0,0,0,0,0,0,1,1,1947-04-17,,0,3002451,,,,,,,,,,,,,,,
082350,0080000,1,茨城県,イバラキケン,Ibaraki,,,,つくばみらい市,ツクバミライシ,Tsukubamirai-shi,,,,宮戸,ミヤド,Miyado,,,,,,,,0,0,0,0,0,0,1,1,1947-04-17,,0,3002426,,,,,,,,,,,,,,,
082350,0081000,1,茨城県,イバラキケン,Ibaraki,,,,つくばみらい市,ツクバミライシ,Tsukubamirai-shi,,,,狸渕,ムジナブチ,Mujinabuchi,,,,,,,,0,0,0,0,0,0,1,1,1947-04-17,,0,3002343,,,,,,,,,,,,,,,
082350,0082000,1,茨城県,イバラキケン,Ibaraki,,,,つくばみらい市,ツクバミライシ,Tsukubamirai-shi,,,,谷井田,ヤイタ,Yaita,,,,,,,,0,0,0,0,0,0,1,1,1947-04-17,,0,3002337,,,,,,,,,,,,,,,
082350,0083000,1,茨城県,イバラキケン,Ibaraki,,,,つくばみらい市,ツクバミライシ,Tsukubamirai-shi,,,,谷口,ヤグチ,Yaguchi,,,,,,,,0,0,0,0,0,0,1,1,1947-04-17,,0,3002357,,,,,,,,,,,,,,,
082350,0084001,2,茨城県,イバラキケン,Ibaraki,,,,つくばみらい市,ツクバミライシ,Tsukubamirai-shi,,,,陽光台,ヨウコウダイ,Yokodai,１丁目,１チョウメ,1,,,,,0,0,0,0,0,0,1,1,1947-04-17,,0,,,,,,,,,,,,,,,,
082350,0084002,2,茨城県,イバラキケン,Ibaraki,,,,つくばみらい市,ツクバミライシ,Tsukubamirai-shi,,,,陽光台,ヨウコウダイ,Yokodai,２丁目,２チョウメ,2,,,,,0,0,0,0,0,0,1,1,1947-04-17,,0,,,,,,,,,,,,,,,,
082350,0084003,2,茨城県,イバラキケン,Ibaraki,,,,つくばみらい市,ツクバミライシ,Tsukubamirai-shi,,,,陽光台,ヨウコウダイ,Yokodai,３丁目,３チョウメ,3,,,,,0,0,0,0,0,0,1,1,1947-04-17,,0,,,,,,,,,,,,,,,,
082350,0084004,2,茨城県,イバラキケン,Ibaraki,,,,つくばみらい市,ツクバミライシ,Tsukubamirai-shi,,,,陽光台,ヨウコウダイ,Yokodai,４丁目,４チョウメ,4,,,,,0,0,0,0,0,0,1,1,1947-04-17,,0,,,,,,,,,,,,,,,,
082350,0086000,1,茨城県,イバラキケン,Ibaraki,,,,つくばみらい市,ツクバミライシ,Tsukubamirai-shi,,,,勘兵衛新田,カンベエシンデン,,,,,,,,,0,0,0,0,0,0,1,1,1947-04-17,,0,,,,,,,,,,,,,,,,
082350,0092000,1,茨城県,イバラキケン,Ibaraki,,,,つくばみらい市,ツクバミライシ,Tsukubamirai-shi,,,,福岡工業団地,フクオカコウギョウダンチ,,,,,,,,,0,0,0,0,0,0,1,1,2021-09-30,,0,,,,,,,,,,,,,,,,
082368,0001000,1,茨城県,イバラキケン,Ibaraki,,,,小美玉市,オミタマシ,Omitama-shi,,,,飯前,イイサキ,Iisaki,,,,,,,,0,0,0,0,0,0,1,1,1947-04-17,,0,3113404,,,,,,,,,,,,,,,
082368,0002000,1,茨城県,イバラキケン,Ibaraki,,,,小美玉市,オミタマシ,Omitama-shi,,,,江戸,エド,Edo,,,,,,,,0,0,0,0,0,0,1,1,1947-04-17,,0,3190122,,,,,,,,,,,,,,,
082368,0003000,1,茨城県,イバラキケン,Ibaraki,,,,小美玉市,オミタマシ,Omitama-shi,,,,大笹,オオザサ,Ozasa,,,,,,,,0,0,0,0,0,0,1,1,1947-04-17,,0,3190137,,,,,,,,,,,,,,,
082368,0004000,1,茨城県,イバラキケン,Ibaraki,,,,小美玉市,オミタマシ,Omitama-shi,,,,大谷,オオヤ,Oya,,,,,,,,0,0,0,0,0,0,1,1,1947-04-17,,0,3190126,,,,,,,,,,,,,,,
082368,0005000,1,茨城県,イバラキケン,Ibaraki,,,,小美玉市,オミタマシ,Omitama-shi,,,,小川,オガワ,Ogawa,,,,,,,,0,0,0,0,0,0,1,1,1947-04-17,,0,3113423,,,,,,,,,,,,,,,
082368,0006000,1,茨城県,イバラキケン,Ibaraki,,,,小美玉市,オミタマシ,Omitama-shi,,,,小曽納,オソノウ,Osono,,,,,,,,0,0,0,0,0,0,1,1,1947-04-17,,0,3190125,,,,,,,,,,,,,,,
082368,0007000,1,茨城県,イバラキケン,Ibaraki,,,,小美玉市,オミタマシ,Omitama-shi,,,,堅倉,カタクラ,Katakura,,,,,,,,0,0,0,0,0,0,1,1,1947-04-17,,0,3190106,,,,,,,,,,,,,,,
082368,0008000,1,茨城県,イバラキケン,Ibaraki,,,,小美玉市,オミタマシ,Omitama-shi,,,,上合,カミアイ,Kamiai,,,,,,,,0,0,0,0,0,0,1,1,1947-04-17,,0,3113405,,,,,,,,,,,,,,,
082368,0009000,1,茨城県,イバラキケン,Ibaraki,,,,小美玉市,オミタマシ,Omitama-shi,,,,上玉里,カミタマリ,Kamitamari,,,,,,,,0,0,0,0,0,0,1,1,1947-04-17,,0,3113436,,,,,,,,,,,,,,,
082368,0010000,1,茨城県,イバラキケン,Ibaraki,,,,小美玉市,オミタマシ,Omitama-shi,,,,上馬場,カミババ,Kamibaba,,,,,,,,0,0,0,0,0,0,1,1,1947-04-17,,0,3190115,,,,,,,,,,,,,,,
082368,0011000,1,茨城県,イバラキケン,Ibaraki,,,,小美玉市,オミタマシ,Omitama-shi,,,,上吉影,カミヨシカゲ,Kamiyoshikage,,,,,,,,0,0,0,0,0,0,1,1,1947-04-17,,0,3113403,,,,,,,,,,,,,,,
082368,0012000,1,茨城県,イバラキケン,Ibaraki,,,,小美玉市,オミタマシ,Omitama-shi,,,,川戸,カワド,Kawado,,,,,,,,0,0,0,0,0,0,1,1,1947-04-17,,0,3113412,,,,,,,,,,,,,,,
082368,0013000,1,茨城県,イバラキケン,Ibaraki,,,,小美玉市,オミタマシ,Omitama-shi,,,,川中子,カワナゴ,Kawanago,,,,,,,,0,0,0,0,0,0,1,1,1947-04-17,,0,3113431,,,,,,,,,,,,,,,
082368,0014000,1,茨城県,イバラキケン,Ibaraki,,,,小美玉市,オミタマシ,Omitama-shi,,,,倉数,クラカズ,Kurakazu,,,,,,,,0,0,0,0,0,0,1,1,1947-04-17,,0,3113417,,,,,,,,,,,,,,,
082368,0015000,1,茨城県,イバラキケン,Ibaraki,,,,小美玉市,オミタマシ,Omitama-shi,,,,栗又四ケ,クリマタシカ,Kurimatashika,,,,,,,,0,0,0,0,0,0,1,1,1947-04-17,,0,3113434,,,,,,,,,,,,,,,
082368,0016000,1,茨城県,イバラキケン,Ibaraki,,,,小美玉市,オミタマシ,Omitama-shi,,,,小岩戸,コイワト,Koiwato,,,,,,,,0,0,0,0,0,0,1,1,1947-04-17,,0,3190107,,,,,,,,,,,,,,,
082368,0017000,1,茨城県,イバラキケン,Ibaraki,,,,小美玉市,オミタマシ,Omitama-shi,,,,小塙,コバナワ,Kobanawa,,,,,,,,0,0,0,0,0,0,1,1,1947-04-17,,0,3113425,,,,,,,,,,,,,,,
082368,0018000,1,茨城県,イバラキケン,Ibaraki,,,,小美玉市,オミタマシ,Omitama-shi,,,,西郷地,サイゴウチ,Saigochi,,,,,,,,0,0,0,0,0,0,1,1,1947-04-17,,0,3190102,,,,,,,,,,,,,,,
082368,0019000,1,茨城県,イバラキケン,Ibaraki,,,,小美玉市,オミタマシ,Omitama-shi,,,,佐才,サザイ,Sazai,,,,,,,,0,0,0,0,0,0,1,1,1947-04-17,,0,3113402,,,,,,,,,,,,,,,
082368,0020000,1,茨城県,イバラキケン,Ibaraki,,,,小美玉市,オミタマシ,Omitama-shi,,,,三箇,サンガ,Sanga,,,,,,,,0,0,0,0,0,0,1,1,1947-04-17,,0,3190104,,,,,,,,,,,,,,,
082368,0021000,1,茨城県,イバラキケン,Ibaraki,,,,小美玉市,オミタマシ,Omitama-shi,,,,柴高,シバタカ,Shibataka,,,,,,,,0,0,0,0,0,0,1,1,1947-04-17,,0,3190103,,,,,,,,,,,,,,,
082368,0022000,1,茨城県,イバラキケン,Ibaraki,,,,小美玉市,オミタマシ,Omitama-shi,,,,下玉里,シモタマリ,Shimotamari,,,,,,,,0,0,0,0,0,0,1,1,1947-04-17,,0,3113432,,,,,,,,,,,,,,,
082368,0023000,1,茨城県,イバラキケン,Ibaraki,,,,小美玉市,オミタマシ,Omitama-shi,,,,下馬場,シモババ,Shimobaba,,,,,,,,0,0,0,0,0,0,1,1,1947-04-17,,0,3113426,,,,,,,,,,,,,,,
082368,0024000,1,茨城県,イバラキケン,Ibaraki,,,,小美玉市,オミタマシ,Omitama-shi,,,,下吉影,シモヨシカゲ,Shimoyoshikage,,,,,,,,0,0,0,0,0,0,1,1,1947-04-17,,0,3113406,,,,,,,,,,,,,,,
082368,0025000,1,茨城県,イバラキケン,Ibaraki,,,,小美玉市,オミタマシ,Omitama-shi,,,,世楽,セラク,Seraku,,,,,,,,0,0,0,0,0,0,1,1,1947-04-17,,0,3113401,,,,,,,,,,,,,,,
082368,0026000,1,茨城県,イバラキケン,Ibaraki,,,,小美玉市,オミタマシ,Omitama-shi,,,,高崎,タカサキ,Takasaki,,,,,,,,0,0,0,0,0,0,1,1,1947-04-17,,0,3113433,,,,,,,,,,,,,,,
082368,0027000,1,茨城県,イバラキケン,Ibaraki,,,,小美玉市,オミタマシ,Omitama-shi,,,,高田,タカダ,Takada,,,,,,,,0,0,0,0,0,0,1,1,1947-04-17,,0,3190135,,,,,,,,,,,,,,,
082368,0028000,1,茨城県,イバラキケン,Ibaraki,,,,小美玉市,オミタマシ,Omitama-shi,,,,田木谷,タギヤ,Tagiya,,,,,,,,0,0,0,0,0,0,1,1,1947-04-17,,0,3113435,,,,,,,,,,,,,,,
082368,0029000,1,茨城県,イバラキケン,Ibaraki,,,,小美玉市,オミタマシ,Omitama-shi,,,,竹原,タケハラ,Takehara,,,,,,,,0,0,0,0,0,0,1,1,1947-04-17,,0,3190113,,,,,,,,,,,,,,,
082368,0030000,1,茨城県,イバラキケン,Ibaraki,,,,小美玉市,オミタマシ,Omitama-shi,,,,竹原下郷,タケハラシモゴウ,Takeharashimogo,,,,,,,,0,0,0,0,0,0,1,1,1947-04-17,,0,3190112,,,,,,,,,,,,,,,
082368,0031000,1,茨城県,イバラキケン,Ibaraki,,,,小美玉市,オミタマシ,Omitama-shi,,,,竹原中郷,タケハラナカゴウ,Takeharanakago,,,,,,,,0,0,0,0,0,0,1,1,1947-04-17,,0,3190114,,,,,,,,,,,,,,,
082368,0032000,1,茨城県,イバラキケン,Ibaraki,,,,小美玉市,オミタマシ,Omitama-shi,,,,鶴田,ツルタ,Tsuruta,,,,,,,,0,0,0,0,0,0,1,1,1947-04-17,,0,3190105,,,,,,,,,,,,,,,
082368,0033000,1,茨城県,イバラキケン,Ibaraki,,,,小美玉市,オミタマシ,Omitama-shi,,,,手堤,テツヅミ,Tetsuzumi,,,,,,,,0,0,0,0,0,0,1,1,1947-04-17,,0,3190136,,,,,,,,,,,,,,,
082368,0034000,1,茨城県,イバラキケン,Ibaraki,,,,小美玉市,オミタマシ,Omitama-shi,,,,寺崎,テラザキ,Terazaki,,,,,,,,0,0,0,0,0,0,1,1,1947-04-17,,0,3190131,,,,,,,,,,,,,,,
082368,0035000,1,茨城県,イバラキケン,Ibaraki,,,,小美玉市,オミタマシ,Omitama-shi,,,,外之内,トノウチ,Tonochi,,,,,,,,0,0,0,0,0,0,1,1,1947-04-17,,0,3113414,,,,,,,,,,,,,,,
082368,0036000,1,茨城県,イバラキケン,Ibaraki,,,,小美玉市,オミタマシ,Omitama-shi,,,,中台,ナカダイ,Nakadai,,,,,,,,0,0,0,0,0,0,1,1,1947-04-17,,0,3190116,,,,,,,,,,,,,,,
082368,0037000,1,茨城県,イバラキケン,Ibaraki,,,,小美玉市,オミタマシ,Omitama-shi,,,,中延,ナカノベ,Nakanobe,,,,,,,,0,0,0,0,0,0,1,1,1947-04-17,,0,3113422,,,,,,,,,,,,,,,
082368,0038000,1,茨城県,イバラキケン,Ibaraki,,,,小美玉市,オミタマシ,Omitama-shi,,,,中野谷,ナカノヤ,Nakanoya,,,,,,,,0,0,0,0,0,0,1,1,1947-04-17,,0,3190111,,,,,,,,,,,,,,,
082368,0039000,1,茨城県,イバラキケン,Ibaraki,,,,小美玉市,オミタマシ,Omitama-shi,,,,納場,ノウバ,Noba,,,,,,,,0,0,0,0,0,0,1,1,1947-04-17,,0,3190134,,,,,,,,,,,,,,,
082368,0040000,1,茨城県,イバラキケン,Ibaraki,,,,小美玉市,オミタマシ,Omitama-shi,,,,野田,ノダ,Noda,,,,,,,,0,0,0,0,0,0,1,1,1947-04-17,,0,3113411,,,,,,,,,,,,,,,
082368,0041000,1,茨城県,イバラキケン,Ibaraki,,,,小美玉市,オミタマシ,Omitama-shi,,,,羽刈,ハカリ,Hakari,,,,,,,,0,0,0,0,0,0,1,1,1947-04-17,,0,3190121,,,,,,,,,,,,,,,
082368,0042000,1,茨城県,イバラキケン,Ibaraki,,,,小美玉市,オミタマシ,Omitama-shi,,,,橋場美,ハシバミ,Hashibami,,,,,,,,0,0,0,0,0,0,1,1,1947-04-17,,0,3190101,,,,,,,,,,,,,,,
082368,0043000,1,茨城県,イバラキケン,Ibaraki,,,,小美玉市,オミタマシ,Omitama-shi,,,,幡谷,ハタヤ,Hataya,,,,,,,,0,0,0,0,0,0,1,1,1947-04-17,,0,3113424,,,,,,,,,,,,,,,
082368,0044000,1,茨城県,イバラキケン,Ibaraki,,,,小美玉市,オミタマシ,Omitama-shi,,,,羽鳥,ハトリ,Hatori,,,,,,,,0,0,0,0,0,0,1,1,1947-04-17,,0,3190123,,,,,,,,,,,,,,,
082368,0045000,1,茨城県,イバラキケン,Ibaraki,,,,小美玉市,オミタマシ,Omitama-shi,,,,花野井,ハナノイ,Hananoi,,,,,,,,0,0,0,0,0,0,1,1,1947-04-17,,0,3190124,,,,,,,,,,,,,,,
082368,0046000,1,茨城県,イバラキケン,Ibaraki,,,,小美玉市,オミタマシ,Omitama-shi,,,,張星,ハリホシ,Harihoshi,,,,,,,,0,0,0,0,0,0,1,1,1947-04-17,,0,3190133,,,,,,,,,,,,,,,
082368,0047000,1,茨城県,イバラキケン,Ibaraki,,,,小美玉市,オミタマシ,Omitama-shi,,,,東田中,ヒガシタナカ,Higashitanaka,,,,,,,,0,0,0,0,0,0,1,1,1947-04-17,,0,3113437,,,,,,,,,,,,,,,
082368,0048000,1,茨城県,イバラキケン,Ibaraki,,,,小美玉市,オミタマシ,Omitama-shi,,,,百里,ヒャクリ,Hyakuri,,,,,,,,0,0,0,0,0,0,1,1,1947-04-17,,0,3113415,,,,,,,,,,,,,,,
082368,0049000,1,茨城県,イバラキケン,Ibaraki,,,,小美玉市,オミタマシ,Omitama-shi,,,,部室,ヘムロ,Hemuro,,,,,,,,0,0,0,0,0,0,1,1,1947-04-17,,0,3190132,,,,,,,,,,,,,,,
082368,0050000,1,茨城県,イバラキケン,Ibaraki,,,,小美玉市,オミタマシ,Omitama-shi,,,,先後,マツノチ,Matsunochi,,,,,,,,0,0,0,0,0,0,1,1,1947-04-17,,0,3190108,,,,,,,,,,,,,,,
082368,0051000,1,茨城県,イバラキケン,Ibaraki,,,,小美玉市,オミタマシ,Omitama-shi,,,,宮田,ミヤタ,Miyata,,,,,,,,0,0,0,0,0,0,1,1,1947-04-17,,0,3113421,,,,,,,,,,,,,,,
082368,0052000,1,茨城県,イバラキケン,Ibaraki,,,,小美玉市,オミタマシ,Omitama-shi,,,,山野,ヤマノ,Yamano,,,,,,,,0,0,0,0,0,0,1,1,1947-04-17,,0,3113413,,,,,,,,,,,,,,,
082368,0053000,1,茨城県,イバラキケン,Ibaraki,,,,小美玉市,オミタマシ,Omitama-shi,,,,与沢,ヨザワ,Yozawa,,,,,,,,0,0,0,0,0,0,1,1,1947-04-17,,0,3113416,,,,,,,,,,,,,,,
083020,0001000,1,茨城県,イバラキケン,Ibaraki,東茨城郡,ヒガシイバラキグン,Higashiibaraki-gun,茨城町,イバラキマチ,Ibaraki-machi,,,,大字網掛,オオアザアガケ,Agake,,,,,,,,0,0,0,0,0,0,1,1,1947-04-17,,0,3113137,,,,,,,,,,,,,,,
083020,0002000,1,茨城県,イバラキケン,Ibaraki,東茨城郡,ヒガシイバラキグン,Higashiibaraki-gun,茨城町,イバラキマチ,Ibaraki-machi,,,,大字秋葉,オオアザアキバ,Akiba,,,,,,,,0,0,0,0,0,0,1,1,1947-04-17,,0,3113147,,,,,,,,,,,,,,,
083020,0003000,1,茨城県,イバラキケン,Ibaraki,東茨城郡,ヒガシイバラキグン,Higashiibaraki-gun,茨城町,イバラキマチ,Ibaraki-machi,,,,大字飯沼,オオアザイイヌマ,Iinuma,,,,,,,,0,0,0,0,0,0,1,1,1947-04-17,,0,3113152,,,,,,,,,,,,,,,
083020,0004000,1,茨城県,イバラキケン,Ibaraki,東茨城郡,ヒガシイバラキグン,Higashiibaraki-gun,茨城町,イバラキマチ,Ibaraki-machi,,,,大字馬渡,オオアザウマワタリ,Umawatari,,,,,,,,0,0,0,0,0,0,1,1,1947-04-17,,0,3113111,,,,,,,,,,,,,,,
083020,0005000,1,茨城県,イバラキケン,Ibaraki,東茨城郡,ヒガシイバラキグン,Higashiibaraki-gun,茨城町,イバラキマチ,Ibaraki-machi,,,,大字海老沢,オオアザエビサワ,Ebisawa,,,,,,,,0,0,0,0,0,0,1,1,1947-04-17,,0,3113135,,,,,,,,,,,,,,,
083020,0006000,1,茨城県,イバラキケン,Ibaraki,東茨城郡,ヒガシイバラキグン,Higashiibaraki-gun,茨城町,イバラキマチ,Ibaraki-machi,,,,大字大戸,オオアザオオド,Odo,,,,,,,,0,0,0,0,0,0,1,1,1947-04-17,,0,3113114,,,,,,,,,,,,,,,
083020,0007000,1,茨城県,イバラキケン,Ibaraki,東茨城郡,ヒガシイバラキグン,Higashiibaraki-gun,茨城町,イバラキマチ,Ibaraki-machi,,,,大字奥谷,オオアザオクノヤ,Okunoya,,,,,,,,0,0,0,0,0,0,1,1,1947-04-17,,0,3113156,,,,,,,,,,,,,,,
083020,0008000,1,茨城県,イバラキケン,Ibaraki,東茨城郡,ヒガシイバラキグン,Higashiibaraki-gun,茨城町,イバラキマチ,Ibaraki-machi,,,,大字小堤,オオアザオヅツミ,Ozutsumi,,,,,,,,0,0,0,0,0,0,1,1,1947-04-17,,0,3113131,,,,,,,,,,,,,,,
083020,0009000,1,茨城県,イバラキケン,Ibaraki,東茨城郡,ヒガシイバラキグン,Higashiibaraki-gun,茨城町,イバラキマチ,Ibaraki-machi,,,,大字小幡,オオアザオバタ,Obata,,,,,,,,0,0,0,0,0,0,1,1,1947-04-17,,0,3113157,,,,,,,,,,,,,,,
083020,0010000,1,茨城県,イバラキケン,Ibaraki,東茨城郡,ヒガシイバラキグン,Higashiibaraki-gun,茨城町,イバラキマチ,Ibaraki-machi,,,,大字上雨ヶ谷,オオアザカミアメガイ,Kamiamagai,,,,,,,,0,0,0,0,0,0,1,1,1947-04-17,,0,3113145,,,,,,,,,,,,,,,
083020,0011000,1,茨城県,イバラキケン,Ibaraki,東茨城郡,ヒガシイバラキグン,Higashiibaraki-gun,茨城町,イバラキマチ,Ibaraki-machi,,,,大字上飯沼,オオアザカミイイヌマ,Kamiiinuma,,,,,,,,0,0,0,0,0,0,1,1,1947-04-17,,0,3113153,,,,,,,,,,,,,,,
083020,0012000,1,茨城県,イバラキケン,Ibaraki,東茨城郡,ヒガシイバラキグン,Higashiibaraki-gun,茨城町,イバラキマチ,Ibaraki-machi,,,,大字上石崎,オオアザカミイシザキ,Kamiishizaki,,,,,,,,0,0,0,0,0,0,1,1,1947-04-17,,0,3113122,,,,,,,,,,,,,,,
083020,0013000,1,茨城県,イバラキケン,Ibaraki,東茨城郡,ヒガシイバラキグン,Higashiibaraki-gun,茨城町,イバラキマチ,Ibaraki-machi,,,,大字神宿,オオアザカミヤド,Kamiyado,,,,,,,,0,0,0,0,0,0,1,1,1947-04-17,,0,3113134,,,,,,,,,,,,,,,
083020,0014000,1,茨城県,イバラキケン,Ibaraki,東茨城郡,ヒガシイバラキグン,Higashiibaraki-gun,茨城町,イバラキマチ,Ibaraki-machi,,,,大字神谷,オオアザカンヤ,Kanya,,,,,,,,0,0,0,0,0,0,1,1,1947-04-17,,0,3113141,,,,,,,,,,,,,,,
083020,0015000,1,茨城県,イバラキケン,Ibaraki,東茨城郡,ヒガシイバラキグン,Higashiibaraki-gun,茨城町,イバラキマチ,Ibaraki-machi,,,,大字木部,オオアザキベ,Kibe,,,,,,,,0,0,0,0,0,0,1,1,1947-04-17,,0,3113151,,,,,,,,,,,,,,,
083020,0016000,1,茨城県,イバラキケン,Ibaraki,東茨城郡,ヒガシイバラキグン,Higashiibaraki-gun,茨城町,イバラキマチ,Ibaraki-machi,,,,大字下座,オオアザゲザ,Geza,,,,,,,,0,0,0,0,0,0,1,1,1947-04-17,,0,3113146,,,,,,,,,,,,,,,
083020,0017000,1,茨城県,イバラキケン,Ibaraki,東茨城郡,ヒガシイバラキグン,Higashiibaraki-gun,茨城町,イバラキマチ,Ibaraki-machi,,,,大字小鶴,オオアザコヅル,Kozuru,,,,,,,,0,0,0,0,0,0,1,1,1947-04-17,,0,3113107,,,,,,,,,,,,,,,
083020,0018000,1,茨城県,イバラキケン,Ibaraki,東茨城郡,ヒガシイバラキグン,Higashiibaraki-gun,茨城町,イバラキマチ,Ibaraki-machi,,,,大字駒場,オオアザコマバ,Komaba,,,,,,,,0,0,0,0,0,0,1,1,1947-04-17,,0,3113132,,,,,,,,,,,,,,,
083020,0019000,1,茨城県,イバラキケン,Ibaraki,東茨城郡,ヒガシイバラキグン,Higashiibaraki-gun,茨城町,イバラキマチ,Ibaraki-machi,,,,大字越安,オオアザコヤス,Koyasu,,,,,,,,0,0,0,0,0,0,1,1,1947-04-17,,0,3113106,,,,,,,,,,,,,,,
083020,0020000,1,茨城県,イバラキケン,Ibaraki,東茨城郡,ヒガシイバラキグン,Higashiibaraki-gun,茨城町,イバラキマチ,Ibaraki-machi,,,,大字近藤,オオアザコンドウ,Kondo,,,,,,,,0,0,0,0,0,0,1,1,1947-04-17,,0,3113113,,,,,,,,,,,,,,,
083020,0021000,1,茨城県,イバラキケン,Ibaraki,東茨城郡,ヒガシイバラキグン,Higashiibaraki-gun,茨城町,イバラキマチ,Ibaraki-machi,,,,大字下雨ヶ谷,オオアザシモアメガイ,Shimoamagai,,,,,,,,0,0,0,0,0,0,1,1,1947-04-17,,0,3113144,,,,,,,,,,,,,,,
083020,0022000,1,茨城県,イバラキケン,Ibaraki,東茨城郡,ヒガシイバラキグン,Higashiibaraki-gun,茨城町,イバラキマチ,Ibaraki-machi,,,,大字下石崎,オオアザシモイシザキ,Shimoishizaki,,,,,,,,0,0,0,0,0,0,1,1,1947-04-17,,0,3113125,,,,,,,,,,,,,,,
083020,0023000,1,茨城県,イバラキケン,Ibaraki,東茨城郡,ヒガシイバラキグン,Higashiibaraki-gun,茨城町,イバラキマチ,Ibaraki-machi,,,,大字城之内,オオアザジョウノウチ,Jonochi,,,,,,,,0,0,0,0,0,0,1,1,1947-04-17,,0,3113138,,,,,,,,,,,,,,,
083020,0024000,1,茨城県,イバラキケン,Ibaraki,東茨城郡,ヒガシイバラキグン,Higashiibaraki-gun,茨城町,イバラキマチ,Ibaraki-machi,,,,大字蕎麦原,オオアザソバハラ,Sobahara,,,,,,,,0,0,0,0,0,0,1,1,1947-04-17,,0,3113105,,,,,,,,,,,,,,,
083020,0025000,1,茨城県,イバラキケン,Ibaraki,東茨城郡,ヒガシイバラキグン,Higashiibaraki-gun,茨城町,イバラキマチ,Ibaraki-machi,,,,大字常井,オオアザトコイ,Tokoi,,,,,,,,0,0,0,0,0,0,1,1,1947-04-17,,0,3113112,,,,,,,,,,,,,,,
083020,0026000,1,茨城県,イバラキケン,Ibaraki,東茨城郡,ヒガシイバラキグン,Higashiibaraki-gun,茨城町,イバラキマチ,Ibaraki-machi,,,,大字鳥羽田,オオアザトリハタ,Torihata,,,,,,,,0,0,0,0,0,0,1,1,1947-04-17,,0,3113142,,,,,,,,,,,,,,,
083020,0027000,1,茨城県,イバラキケン,Ibaraki,東茨城郡,ヒガシイバラキグン,Higashiibaraki-gun,茨城町,イバラキマチ,Ibaraki-machi,,,,大字中石崎,オオアザナカイシザキ,Nakaishizaki,,,,,,,,0,0,0,0,0,0,1,1,1947-04-17,,0,3113124,,,,,,,,,,,,,,,
083020,0028000,1,茨城県,イバラキケン,Ibaraki,東茨城郡,ヒガシイバラキグン,Higashiibaraki-gun,茨城町,イバラキマチ,Ibaraki-machi,,,,大字長岡,オオアザナガオカ,Nagaoka,,,,,,,,0,0,0,0,0,0,1,1,1947-04-17,,0,3113116,,,,,,,,,,,,,,,
083020,0029000,1,茨城県,イバラキケン,Ibaraki,東茨城郡,ヒガシイバラキグン,Higashiibaraki-gun,茨城町,イバラキマチ,Ibaraki-machi,,,,大字生井沢,オオアザナマイザワ,Namaizawa,,,,,,,,0,0,0,0,0,0,1,1,1947-04-17,,0,3113143,,,,,,,,,,,,,,,
083020,0030000,1,茨城県,イバラキケン,Ibaraki,東茨城郡,ヒガシイバラキグン,Higashiibaraki-gun,茨城町,イバラキマチ,Ibaraki-machi,,,,大字前田,オオアザマエダ,Maeda,,,,,,,,0,0,0,0,0,0,1,1,1947-04-17,,0,3113115,,,,,,,,,,,,,,,
083020,0031000,1,茨城県,イバラキケン,Ibaraki,東茨城郡,ヒガシイバラキグン,Higashiibaraki-gun,茨城町,イバラキマチ,Ibaraki-machi,,,,大字南川又,オオアザミナミカワマタ,Minamikawamata,,,,,,,,0,0,0,0,0,0,1,1,1947-04-17,,0,3113101,,,,,,,,,,,,,,,
083020,0032000,1,茨城県,イバラキケン,Ibaraki,東茨城郡,ヒガシイバラキグン,Higashiibaraki-gun,茨城町,イバラキマチ,Ibaraki-machi,,,,大字南栗崎,オオアザミナミクリザキ,Minamikurizaki,,,,,,,,0,0,0,0,0,0,1,1,1947-04-17,,0,3113102,,,,,,,,,,,,,,,
083020,0033000,1,茨城県,イバラキケン,Ibaraki,東茨城郡,ヒガシイバラキグン,Higashiibaraki-gun,茨城町,イバラキマチ,Ibaraki-machi,,,,大字南島田,オオアザミナミシマダ,Minamishimada,,,,,,,,0,0,0,0,0,0,1,1,1947-04-17,,0,3113133,,,,,,,,,,,,,,,
083020,0034000,1,茨城県,イバラキケン,Ibaraki,東茨城郡,ヒガシイバラキグン,Higashiibaraki-gun,茨城町,イバラキマチ,Ibaraki-machi,,,,大字宮ヶ崎,オオアザミヤガサキ,,,,,,,,,0,0,0,0,0,0,1,1,1947-04-17,,0,,,,,,,,,,,,,,,,
083020,0035000,1,茨城県,イバラキケン,Ibaraki,東茨城郡,ヒガシイバラキグン,Higashiibaraki-gun,茨城町,イバラキマチ,Ibaraki-machi,,,,大字谷田部,オオアザヤタベ,Yatabe,,,,,,,,0,0,0,0,0,0,1,1,1947-04-17,,0,3113121,,,,,,,,,,,,,,,
083020,0036000,1,茨城県,イバラキケン,Ibaraki,東茨城郡,ヒガシイバラキグン,Higashiibaraki-gun,茨城町,イバラキマチ,Ibaraki-machi,,,,大字若宮,オオアザワカミヤ,Wakamiya,,,,,,,,0,0,0,0,0,0,1,1,1947-04-17,,0,3113123,,,,,,,,,,,,,,,
083020,0037000,1,茨城県,イバラキケン,Ibaraki,東茨城郡,ヒガシイバラキグン,Higashiibaraki-gun,茨城町,イバラキマチ,Ibaraki-machi,,,,桜の郷,サクラノサト,Sakuranosato,,,,,,,,0,0,0,0,0,0,1,1,1947-04-17,,0,3113117,,,,,,,,,,,,,,,
083020,0038000,1,茨城県,イバラキケン,Ibaraki,東茨城郡,ヒガシイバラキグン,Higashiibaraki-gun,茨城町,イバラキマチ,Ibaraki-machi,,,,中央工業団地,チュウオウコウギョウダンチ,Chuokogyodanchi,,,,,,,,0,0,0,0,0,0,1,1,1947-04-17,,0,3113108,,,,,,,,,,,,,,,
083020,0039000,1,茨城県,イバラキケン,Ibaraki,東茨城郡,ヒガシイバラキグン,Higashiibaraki-gun,茨城町,イバラキマチ,Ibaraki-machi,,,,大字野曽,オオアザノソ,Noso,,,,,,,,0,0,0,0,0,0,1,1,1947-04-17,,0,3113103,,,,,,,,,,,,,,,
083020,0040000,1,茨城県,イバラキケン,Ibaraki,東茨城郡,ヒガシイバラキグン,Higashiibaraki-gun,茨城町,イバラキマチ,Ibaraki-machi,,,,大字下土師,オオアザシモハジ,Shimohaji,,,,,,,,0,0,0,0,0,0,1,1,1947-04-17,,0,3113155,,,,,,,,,,,,,,,
083020,0041000,1,茨城県,イバラキケン,Ibaraki,東茨城郡,ヒガシイバラキグン,Higashiibaraki-gun,茨城町,イバラキマチ,Ibaraki-machi,,,,大字駒渡,オオアザコマワタリ,Komawatari,,,,,,,,0,0,0,0,0,0,1,1,1947-04-17,,0,3113104,,,,,,,,,,,,,,,
083020,0042000,1,茨城県,イバラキケン,Ibaraki,東茨城郡,ヒガシイバラキグン,Higashiibaraki-gun,茨城町,イバラキマチ,Ibaraki-machi,,,,大字下飯沼,オオアザシモイイヌマ,Shimoiinuma,,,,,,,,0,0,0,0,0,0,1,1,1947-04-17,,0,3113154,,,,,,,,,,,,,,,
083097,0001000,1,茨城県,イバラキケン,Ibaraki,東茨城郡,ヒガシイバラキグン,Higashiibaraki-gun,大洗町,オオアライマチ,Oarai-machi,,,,磯浜町,イソハマチョウ,Isohamacho,,,,,,,,0,0,0,0,0,0,1,1,1947-04-17,,0,3111301,,,,,,,,,,,,,,,
083097,0002000,1,茨城県,イバラキケン,Ibaraki,東茨城郡,ヒガシイバラキグン,Higashiibaraki-gun,大洗町,オオアライマチ,Oarai-machi,,,,磯道,イソミチ,Isomichi,,,,,,,,0,0,0,0,0,0,1,1,1947-04-17,,0,3111302,,,,,,,,,,,,,,,
083097,0003000,1,茨城県,イバラキケン,Ibaraki,東茨城郡,ヒガシイバラキグン,Higashiibaraki-gun,大洗町,オオアライマチ,Oarai-machi,,,,大貫町,オオヌキチョウ,Onukicho,,,,,,,,0,0,0,0,0,0,1,1,1947-04-17,,0,3111311,,,,,,,,,,,,,,,
083097,0004000,1,茨城県,イバラキケン,Ibaraki,東茨城郡,ヒガシイバラキグン,Higashiibaraki-gun,大洗町,オオアライマチ,Oarai-machi,,,,神山町,カミヤマチョウ,Kamiyamacho,,,,,,,,0,0,0,0,0,0,1,1,1947-04-17,,0,3111312,,,,,,,,,,,,,,,
083097,0005000,1,茨城県,イバラキケン,Ibaraki,東茨城郡,ヒガシイバラキグン,Higashiibaraki-gun,大洗町,オオアライマチ,Oarai-machi,,,,五反田,ゴタンダ,Gotanda,,,,,,,,0,0,0,0,0,0,1,1,1947-04-17,,0,3111306,,,,,,,,,,,,,,,
083097,0006000,1,茨城県,イバラキケン,Ibaraki,東茨城郡,ヒガシイバラキグン,Higashiibaraki-gun,大洗町,オオアライマチ,Oarai-machi,,,,桜道,サクラミチ,Sakuramichi,,,,,,,,0,0,0,0,0,0,1,1,1947-04-17,,0,3111307,,,,,,,,,,,,,,,
083097,0007000,1,茨城県,イバラキケン,Ibaraki,東茨城郡,ヒガシイバラキグン,Higashiibaraki-gun,大洗町,オオアライマチ,Oarai-machi,,,,東光台,トウコウダイ,Tokodai,,,,,,,,0,0,0,0,0,0,1,1,1947-04-17,,0,3111303,,,,,,,,,,,,,,,
083097,0008000,1,茨城県,イバラキケン,Ibaraki,東茨城郡,ヒガシイバラキグン,Higashiibaraki-gun,大洗町,オオアライマチ,Oarai-machi,,,,成田町,ナリタチョウ,Naritacho,,,,,,,,0,0,0,0,0,0,1,1,1947-04-17,,0,3111313,,,,,,,,,,,,,,,
083097,0009000,1,茨城県,イバラキケン,Ibaraki,東茨城郡,ヒガシイバラキグン,Higashiibaraki-gun,大洗町,オオアライマチ,Oarai-machi,,,,港中央,ミナトチュウオウ,Minatochuo,,,,,,,,0,0,0,0,0,0,1,1,1947-04-17,,0,3111305,,,,,,,,,,,,,,,
083097,0010000,1,茨城県,イバラキケン,Ibaraki,東茨城郡,ヒガシイバラキグン,Higashiibaraki-gun,大洗町,オオアライマチ,Oarai-machi,,,,和銅,ワドウ,Wado,,,,,,,,0,0,0,0,0,0,1,1,1947-04-17,,0,3111304,,,,,,,,,,,,,,,
083097,0011000,1,茨城県,イバラキケン,Ibaraki,東茨城郡,ヒガシイバラキグン,Higashiibaraki-gun,大洗町,オオアライマチ,Oarai-machi,,,,サンビーチ,サンビ－チ,,,,,,,,,0,0,0,0,0,0,1,1,2021-12-27,,0,,,,,,,,,,,,,,,,
083101,0001000,1,茨城県,イバラキケン,Ibaraki,東茨城郡,ヒガシイバラキグン,Higashiibaraki-gun,城里町,シロサトマチ,Shirosato-machi,,,,大字粟,オオアザアワ,Awa,,,,,,,,0,0,0,0,0,0,1,1,1947-04-17,,0,3114321,,,,,,,,,,,,,,,
083101,0002000,1,茨城県,イバラキケン,Ibaraki,東茨城郡,ヒガシイバラキグン,Higashiibaraki-gun,城里町,シロサトマチ,Shirosato-machi,,,,大字阿波山,オオアザアワヤマ,Awayama,,,,,,,,0,0,0,0,0,0,1,1,1947-04-17,,0,3114344,,,,,,,,,,,,,,,
083101,0003000,1,茨城県,イバラキケン,Ibaraki,東茨城郡,ヒガシイバラキグン,Higashiibaraki-gun,城里町,シロサトマチ,Shirosato-machi,,,,大字石塚,オオアザイシツカ,Ishitsuka,,,,,,,,0,0,0,0,0,0,1,1,1947-04-17,,0,3114303,,,,,,,,,,,,,,,
083101,0004000,1,茨城県,イバラキケン,Ibaraki,東茨城郡,ヒガシイバラキグン,Higashiibaraki-gun,城里町,シロサトマチ,Shirosato-machi,,,,大字磯野,オオアザイソノ,Isono,,,,,,,,0,0,0,0,0,0,1,1,1947-04-17,,0,3114312,,,,,,,,,,,,,,,
083101,0005000,1,茨城県,イバラキケン,Ibaraki,東茨城郡,ヒガシイバラキグン,Higashiibaraki-gun,城里町,シロサトマチ,Shirosato-machi,,,,大字岩船,オオアザイワフネ,Iwafune,,,,,,,,0,0,0,0,0,0,1,1,1947-04-17,,0,3114331,,,,,,,,,,,,,,,
083101,0006000,1,茨城県,イバラキケン,Ibaraki,東茨城郡,ヒガシイバラキグン,Higashiibaraki-gun,城里町,シロサトマチ,Shirosato-machi,,,,大字大網,オオアザオオアミ,Oami,,,,,,,,0,0,0,0,0,0,1,1,1947-04-17,,0,3114403,,,,,,,,,,,,,,,
083101,0007000,1,茨城県,イバラキケン,Ibaraki,東茨城郡,ヒガシイバラキグン,Higashiibaraki-gun,城里町,シロサトマチ,Shirosato-machi,,,,大字小勝,オオアザオガチ,Ogachi,,,,,,,,0,0,0,0,0,0,1,1,1947-04-17,,0,3114402,,,,,,,,,,,,,,,
083101,0008000,1,茨城県,イバラキケン,Ibaraki,東茨城郡,ヒガシイバラキグン,Higashiibaraki-gun,城里町,シロサトマチ,Shirosato-machi,,,,大字小坂,オオアザオサカ,Osaka,,,,,,,,0,0,0,0,0,0,1,1,1947-04-17,,0,3114316,,,,,,,,,,,,,,,
083101,0009000,1,茨城県,イバラキケン,Ibaraki,東茨城郡,ヒガシイバラキグン,Higashiibaraki-gun,城里町,シロサトマチ,Shirosato-machi,,,,大字勝見沢,オオアザカツミザワ,Katsumizawa,,,,,,,,0,0,0,0,0,0,1,1,1947-04-17,,0,3114317,,,,,,,,,,,,,,,
083101,0010000,1,茨城県,イバラキケン,Ibaraki,東茨城郡,ヒガシイバラキグン,Higashiibaraki-gun,城里町,シロサトマチ,Shirosato-machi,,,,大字上青山,オオアザカミアオヤマ,Kamiaoyama,,,,,,,,0,0,0,0,0,0,1,1,1947-04-17,,0,3114305,,,,,,,,,,,,,,,
083101,0011000,1,茨城県,イバラキケン,Ibaraki,東茨城郡,ヒガシイバラキグン,Higashiibaraki-gun,城里町,シロサトマチ,Shirosato-machi,,,,大字上赤沢,オオアザカミアカサワ,Kamiakasawa,,,,,,,,0,0,0,0,0,0,1,1,1947-04-17,,0,3114405,,,,,,,,,,,,,,,
083101,0012000,1,茨城県,イバラキケン,Ibaraki,東茨城郡,ヒガシイバラキグン,Higashiibaraki-gun,城里町,シロサトマチ,Shirosato-machi,,,,大字上圷,オオアザカミアクツ,Kamiakutsu,,,,,,,,0,0,0,0,0,0,1,1,1947-04-17,,0,3114323,,,,,,,,,,,,,,,
083101,0013000,1,茨城県,イバラキケン,Ibaraki,東茨城郡,ヒガシイバラキグン,Higashiibaraki-gun,城里町,シロサトマチ,Shirosato-machi,,,,大字上阿野沢,オオアザカミアノサワ,Kamianosawa,,,,,,,,0,0,0,0,0,0,1,1,1947-04-17,,0,3114342,,,,,,,,,,,,,,,
083101,0014000,1,茨城県,イバラキケン,Ibaraki,東茨城郡,ヒガシイバラキグン,Higashiibaraki-gun,城里町,シロサトマチ,Shirosato-machi,,,,大字上泉,オオアザカミイズミ,Kamiizumi,,,,,,,,0,0,0,0,0,0,1,1,1947-04-17,,0,3114301,,,,,,,,,,,,,,,
083101,0015000,1,茨城県,イバラキケン,Ibaraki,東茨城郡,ヒガシイバラキグン,Higashiibaraki-gun,城里町,シロサトマチ,Shirosato-machi,,,,大字上入野,オオアザカミイリノ,Kamiirino,,,,,,,,0,0,0,0,0,0,1,1,1947-04-17,,0,3114313,,,,,,,,,,,,,,,
083101,0016000,1,茨城県,イバラキケン,Ibaraki,東茨城郡,ヒガシイバラキグン,Higashiibaraki-gun,城里町,シロサトマチ,Shirosato-machi,,,,大字上古内,オオアザカミフルウチ,Kamifuruchi,,,,,,,,0,0,0,0,0,0,1,1,1947-04-17,,0,3114315,,,,,,,,,,,,,,,
083101,0017000,1,茨城県,イバラキケン,Ibaraki,東茨城郡,ヒガシイバラキグン,Higashiibaraki-gun,城里町,シロサトマチ,Shirosato-machi,,,,大字北方,オオアザキタカタ,Kitakata,,,,,,,,0,0,0,0,0,0,1,1,1947-04-17,,0,3114325,,,,,,,,,,,,,,,
083101,0018000,1,茨城県,イバラキケン,Ibaraki,東茨城郡,ヒガシイバラキグン,Higashiibaraki-gun,城里町,シロサトマチ,Shirosato-machi,,,,大字御前山,オオアザゴゼンヤマ,Gozenyama,,,,,,,,0,0,0,0,0,0,1,1,1947-04-17,,0,3114341,,,,,,,,,,,,,,,
083101,0019000,1,茨城県,イバラキケン,Ibaraki,東茨城郡,ヒガシイバラキグン,Higashiibaraki-gun,城里町,シロサトマチ,Shirosato-machi,,,,大字真端,オオアザサナバタ,Sanabata,,,,,,,,0,0,0,0,0,0,1,1,1947-04-17,,0,3114404,,,,,,,,,,,,,,,
083101,0020000,1,茨城県,イバラキケン,Ibaraki,東茨城郡,ヒガシイバラキグン,Higashiibaraki-gun,城里町,シロサトマチ,Shirosato-machi,,,,大字塩子,オオアザシオゴ,Shiogo,,,,,,,,0,0,0,0,0,0,1,1,1947-04-17,,0,3114401,,,,,,,,,,,,,,,
083101,0021000,1,茨城県,イバラキケン,Ibaraki,東茨城郡,ヒガシイバラキグン,Higashiibaraki-gun,城里町,シロサトマチ,Shirosato-machi,,,,大字下青山,オオアザシモアオヤマ,Shimoaoyama,,,,,,,,0,0,0,0,0,0,1,1,1947-04-17,,0,3114304,,,,,,,,,,,,,,,
083101,0022000,1,茨城県,イバラキケン,Ibaraki,東茨城郡,ヒガシイバラキグン,Higashiibaraki-gun,城里町,シロサトマチ,Shirosato-machi,,,,大字下赤沢,オオアザシモアカサワ,Shimoakasawa,,,,,,,,0,0,0,0,0,0,1,1,1947-04-17,,0,3114406,,,,,,,,,,,,,,,
083101,0023000,1,茨城県,イバラキケン,Ibaraki,東茨城郡,ヒガシイバラキグン,Higashiibaraki-gun,城里町,シロサトマチ,Shirosato-machi,,,,大字下圷,オオアザシモアクツ,Shimoakutsu,,,,,,,,0,0,0,0,0,0,1,1,1947-04-17,,0,3114322,,,,,,,,,,,,,,,
083101,0024000,1,茨城県,イバラキケン,Ibaraki,東茨城郡,ヒガシイバラキグン,Higashiibaraki-gun,城里町,シロサトマチ,Shirosato-machi,,,,大字下阿野沢,オオアザシモアノサワ,Shimoanosawa,,,,,,,,0,0,0,0,0,0,1,1,1947-04-17,,0,3114343,,,,,,,,,,,,,,,
083101,0025000,1,茨城県,イバラキケン,Ibaraki,東茨城郡,ヒガシイバラキグン,Higashiibaraki-gun,城里町,シロサトマチ,Shirosato-machi,,,,大字下古内,オオアザシモフルウチ,Shimofuruchi,,,,,,,,0,0,0,0,0,0,1,1,1947-04-17,,0,3114314,,,,,,,,,,,,,,,
083101,0026000,1,茨城県,イバラキケン,Ibaraki,東茨城郡,ヒガシイバラキグン,Higashiibaraki-gun,城里町,シロサトマチ,Shirosato-machi,,,,大字錫高野,オオアザスズゴウヤ,Suzukoya,,,,,,,,0,0,0,0,0,0,1,1,1947-04-17,,0,3114335,,,,,,,,,,,,,,,
083101,0027000,1,茨城県,イバラキケン,Ibaraki,東茨城郡,ヒガシイバラキグン,Higashiibaraki-gun,城里町,シロサトマチ,Shirosato-machi,,,,大字高久,オオアザタカク,Takaku,,,,,,,,0,0,0,0,0,0,1,1,1947-04-17,,0,3114324,,,,,,,,,,,,,,,
083101,0028000,1,茨城県,イバラキケン,Ibaraki,東茨城郡,ヒガシイバラキグン,Higashiibaraki-gun,城里町,シロサトマチ,Shirosato-machi,,,,大字高根,オオアザタカネ,Takane,,,,,,,,0,0,0,0,0,0,1,1,1947-04-17,,0,3114333,,,,,,,,,,,,,,,
083101,0029000,1,茨城県,イバラキケン,Ibaraki,東茨城郡,ヒガシイバラキグン,Higashiibaraki-gun,城里町,シロサトマチ,Shirosato-machi,,,,大字高根台,オオアザタカネダイ,Takanedai,,,,,,,,0,0,0,0,0,0,1,1,1947-04-17,,0,3114332,,,,,,,,,,,,,,,
083101,0030000,1,茨城県,イバラキケン,Ibaraki,東茨城郡,ヒガシイバラキグン,Higashiibaraki-gun,城里町,シロサトマチ,Shirosato-machi,,,,大字徳蔵,オオアザトクラ,Tokura,,,,,,,,0,0,0,0,0,0,1,1,1947-04-17,,0,3114407,,,,,,,,,,,,,,,
083101,0031000,1,茨城県,イバラキケン,Ibaraki,東茨城郡,ヒガシイバラキグン,Higashiibaraki-gun,城里町,シロサトマチ,Shirosato-machi,,,,大字那珂西,オオアザナカサイ,Nakasai,,,,,,,,0,0,0,0,0,0,1,1,1947-04-17,,0,3114302,,,,,,,,,,,,,,,
083101,0032000,1,茨城県,イバラキケン,Ibaraki,東茨城郡,ヒガシイバラキグン,Higashiibaraki-gun,城里町,シロサトマチ,Shirosato-machi,,,,大字春園,オオアザハルソノ,Harusono,,,,,,,,0,0,0,0,0,0,1,1,1947-04-17,,0,3114306,,,,,,,,,,,,,,,
083101,0033000,1,茨城県,イバラキケン,Ibaraki,東茨城郡,ヒガシイバラキグン,Higashiibaraki-gun,城里町,シロサトマチ,Shirosato-machi,,,,大字孫根,オオアザマゴネ,Magone,,,,,,,,0,0,0,0,0,0,1,1,1947-04-17,,0,3114334,,,,,,,,,,,,,,,
083101,0034000,1,茨城県,イバラキケン,Ibaraki,東茨城郡,ヒガシイバラキグン,Higashiibaraki-gun,城里町,シロサトマチ,Shirosato-machi,,,,大字増井,オオアザマシイ,Mashii,,,,,,,,0,0,0,0,0,0,1,1,1947-04-17,,0,3114311,,,,,,,,,,,,,,,
083101,0036000,1,茨城県,イバラキケン,Ibaraki,東茨城郡,ヒガシイバラキグン,Higashiibaraki-gun,城里町,シロサトマチ,Shirosato-machi,,,,大字赤沢,オオアザアカサワ,,,,,,,,,0,0,0,0,0,0,1,1,1947-04-17,,0,,,,,,,,,,,,,,,,
083411,0001000,1,茨城県,イバラキケン,Ibaraki,那珂郡,ナカグン,Naka-gun,東海村,トウカイムラ,Tokai-mura,,,,大字石神内宿,オオアザイシガミウチジュク,Ishigamiuchijuku,,,,,,,,0,0,0,0,0,0,1,1,1947-04-17,,0,3191102,,,,,,,,,,,,,,,
083411,0001000,1,茨城県,イバラキケン,Ibaraki,那珂郡,ナカグン,Naka-gun,東海村,トウカイムラ,Tokai-mura,,,,大字石神内宿,オオアザイシガミウチジュク,Ishigamiuchijuku,,,,,,,,1,1,0,0,0,0,1,1,1947-04-17,,0,3191102,,,,,,,,,,,,,,,
083411,0002000,1,茨城県,イバラキケン,Ibaraki,那珂郡,ナカグン,Naka-gun,東海村,トウカイムラ,Tokai-mura,,,,大字石神外宿,オオアザイシガミトジュク,Ishigamitojuku,,,,,,,,0,0,0,0,0,0,1,1,1947-04-17,,0,3191101,,,,,,,,,,,,,,,
083411,0003000,1,茨城県,イバラキケン,Ibaraki,那珂郡,ナカグン,Naka-gun,東海村,トウカイムラ,Tokai-mura,,,,大字亀下,オオアザカメシタ,Kameshita,,,,,,,,0,0,0,0,0,0,1,1,1947-04-17,,0,3191104,,,,,,,,,,,,,,,
083411,0004000,1,茨城県,イバラキケン,Ibaraki,那珂郡,ナカグン,Naka-gun,東海村,トウカイムラ,Tokai-mura,,,,大字白方,オオアザシラカタ,Shirakata,,,,,,,,0,0,0,0,0,0,1,1,1947-04-17,,0,3191106,,,,,,,,,,,,,,,
083411,0004000,1,茨城県,イバラキケン,Ibaraki,那珂郡,ナカグン,Naka-gun,東海村,トウカイムラ,Tokai-mura,,,,大字白方,オオアザシラカタ,Shirakata,,,,,,,,1,1,0,0,0,0,1,1,1947-04-17,,0,3191106,,,,,,,,,,,,,,,
083411,0005000,1,茨城県,イバラキケン,Ibaraki,那珂郡,ナカグン,Naka-gun,東海村,トウカイムラ,Tokai-mura,,,,大字須和間,オオアザスワマ,Suwama,,,,,,,,0,0,0,0,0,0,1,1,1947-04-17,,0,3191114,,,,,,,,,,,,,,,
083411,0006000,1,茨城県,イバラキケン,Ibaraki,那珂郡,ナカグン,Naka-gun,東海村,トウカイムラ,Tokai-mura,,,,大字竹瓦,オオアザタケガワラ,Takegawara,,,,,,,,0,0,0,0,0,0,1,1,1947-04-17,,0,3191103,,,,,,,,,,,,,,,
083411,0007000,1,茨城県,イバラキケン,Ibaraki,那珂郡,ナカグン,Naka-gun,東海村,トウカイムラ,Tokai-mura,,,,大字照沼,オオアザテルヌマ,Terunuma,,,,,,,,0,0,0,0,0,0,1,1,1947-04-17,,0,3191113,,,,,,,,,,,,,,,
083411,0008000,1,茨城県,イバラキケン,Ibaraki,那珂郡,ナカグン,Naka-gun,東海村,トウカイムラ,Tokai-mura,,,,大字豊岡,オオアザトヨオカ,Toyoka,,,,,,,,0,0,0,0,0,0,1,1,1947-04-17,,0,3191105,,,,,,,,,,,,,,,
083411,0008000,1,茨城県,イバラキケン,Ibaraki,那珂郡,ナカグン,Naka-gun,東海村,トウカイムラ,Tokai-mura,,,,大字豊岡,オオアザトヨオカ,Toyoka,,,,,,,,1,1,0,0,0,0,1,1,1947-04-17,,0,3191105,,,,,,,,,,,,,,,
083411,0009000,1,茨城県,イバラキケン,Ibaraki,那珂郡,ナカグン,Naka-gun,東海村,トウカイムラ,Tokai-mura,,,,大字船場,オオアザフナバ,Funaba,,,,,,,,0,0,0,0,0,0,1,1,1947-04-17,,0,3191115,,,,,,,,,,,,,,,
083411,0009000,1,茨城県,イバラキケン,Ibaraki,那珂郡,ナカグン,Naka-gun,東海村,トウカイムラ,Tokai-mura,,,,大字船場,オオアザフナバ,Funaba,,,,,,,,1,1,0,0,0,0,1,1,1947-04-17,,0,3191115,,,,,,,,,,,,,,,
083411,0010000,1,茨城県,イバラキケン,Ibaraki,那珂郡,ナカグン,Naka-gun,東海村,トウカイムラ,Tokai-mura,,,,大字村松,オオアザムラマツ,Muramatsu,,,,,,,,0,0,0,0,0,0,1,1,1947-04-17,,0,3191112,,,,,,,,,,,,,,,
083411,0010000,1,茨城県,イバラキケン,Ibaraki,那珂郡,ナカグン,Naka-gun,東海村,トウカイムラ,Tokai-mura,,,,大字村松,オオアザムラマツ,Muramatsu,,,,,,,,1,1,0,0,0,0,1,1,1947-04-17,,0,3191112,,,,,,,,,,,,,,,
083411,0011001,2,茨城県,イバラキケン,Ibaraki,那珂郡,ナカグン,Naka-gun,東海村,トウカイムラ,Tokai-mura,,,,白方中央,シラカタチュウオウ,Shirakatachuo,一丁目,１チョウメ,1,,,,,1,1,0,0,0,0,1,1,1947-04-17,,0,,,,,,,,,,,,,,,,
083411,0011002,2,茨城県,イバラキケン,Ibaraki,那珂郡,ナカグン,Naka-gun,東海村,トウカイムラ,Tokai-mura,,,,白方中央,シラカタチュウオウ,Shirakatachuo,二丁目,２チョウメ,2,,,,,1,1,0,0,0,0,1,1,1947-04-17,,0,,,,,,,,,,,,,,,,
083411,0012001,2,茨城県,イバラキケン,Ibaraki,那珂郡,ナカグン,Naka-gun,東海村,トウカイムラ,Tokai-mura,,,,東海,トウカイ,Tokai,一丁目,１チョウメ,1,,,,,1,1,0,0,0,0,1,1,1947-04-17,,0,,,,,,,,,,,,,,,,
083411,0012002,2,茨城県,イバラキケン,Ibaraki,那珂郡,ナカグン,Naka-gun,東海村,トウカイムラ,Tokai-mura,,,,東海,トウカイ,Tokai,二丁目,２チョウメ,2,,,,,1,1,0,0,0,0,1,1,1947-04-17,,0,,,,,,,,,,,,,,,,
083411,0012003,2,茨城県,イバラキケン,Ibaraki,那珂郡,ナカグン,Naka-gun,東海村,トウカイムラ,Tokai-mura,,,,東海,トウカイ,Tokai,三丁目,３チョウメ,3,,,,,1,1,0,0,0,0,1,1,1947-04-17,,0,,,,,,,,,,,,,,,,
083411,0013001,2,茨城県,イバラキケン,Ibaraki,那珂郡,ナカグン,Naka-gun,東海村,トウカイムラ,Tokai-mura,,,,豊白,トヨシロ,Toyoshiro,一丁目,１チョウメ,1,,,,,1,1,0,0,0,0,1,1,1947-04-17,,0,,,,,,,,,,,,,,,,
083411,0014001,2,茨城県,イバラキケン,Ibaraki,那珂郡,ナカグン,Naka-gun,東海村,トウカイムラ,Tokai-mura,,,,舟石川駅西,フナイシカワエキニシ,Funaishikawaekinishi,一丁目,１チョウメ,1,,,,,1,1,0,0,0,0,1,1,1947-04-17,,0,,,,,,,,,,,,,,,,
083411,0014002,2,茨城県,イバラキケン,Ibaraki,那珂郡,ナカグン,Naka-gun,東海村,トウカイムラ,Tokai-mura,,,,舟石川駅西,フナイシカワエキニシ,Funaishikawaekinishi,二丁目,２チョウメ,2,,,,,1,1,0,0,0,0,1,1,1947-04-17,,0,,,,,,,,,,,,,,,,
083411,0014003,2,茨城県,イバラキケン,Ibaraki,那珂郡,ナカグン,Naka-gun,東海村,トウカイムラ,Tokai-mura,,,,舟石川駅西,フナイシカワエキニシ,Funaishikawaekinishi,三丁目,３チョウメ,3,,,,,1,1,0,0,0,0,1,1,1947-04-17,,0,,,,,,,,,,,,,,,,
083411,0014004,2,茨城県,イバラキケン,Ibaraki,那珂郡,ナカグン,Naka-gun,東海村,トウカイムラ,Tokai-mura,,,,舟石川駅西,フナイシカワエキニシ,Funaishikawaekinishi,四丁目,４チョウメ,4,,,,,1,1,0,0,0,0,1,1,1947-04-17,,0,,,,,,,,,,,,,,,,
083411,0015001,2,茨城県,イバラキケン,Ibaraki,那珂郡,ナカグン,Naka-gun,東海村,トウカイムラ,Tokai-mura,,,,舟石川駅東,フナイシカワエキヒガシ,Funaishikawaekihigashi,一丁目,１チョウメ,1,,,,,1,1,0,0,0,0,1,1,1947-04-17,,0,,,,,,,,,,,,,,,,
083411,0015002,2,茨城県,イバラキケン,Ibaraki,那珂郡,ナカグン,Naka-gun,東海村,トウカイムラ,Tokai-mura,,,,舟石川駅東,フナイシカワエキヒガシ,Funaishikawaekihigashi,二丁目,２チョウメ,2,,,,,1,1,0,0,0,0,1,1,1947-04-17,,0,,,,,,,,,,,,,,,,
083411,0015003,2,茨城県,イバラキケン,Ibaraki,那珂郡,ナカグン,Naka-gun,東海村,トウカイムラ,Tokai-mura,,,,舟石川駅東,フナイシカワエキヒガシ,Funaishikawaekihigashi,三丁目,３チョウメ,3,,,,,1,1,0,0,0,0,1,1,1947-04-17,,0,,,,,,,,,,,,,,,,
083411,0015004,2,茨城県,イバラキケン,Ibaraki,那珂郡,ナカグン,Naka-gun,東海村,トウカイムラ,Tokai-mura,,,,舟石川駅東,フナイシカワエキヒガシ,Funaishikawaekihigashi,四丁目,４チョウメ,4,,,,,1,1,0,0,0,0,1,1,1947-04-17,,0,,,,,,,,,,,,,,,,
083411,0016001,2,茨城県,イバラキケン,Ibaraki,那珂郡,ナカグン,Naka-gun,東海村,トウカイムラ,Tokai-mura,,,,村松北,ムラマツキタ,Muramatsukita,一丁目,１チョウメ,1,,,,,1,1,0,0,0,0,1,1,1947-04-17,,0,,,,,,,,,,,,,,,,
083411,0016002,2,茨城県,イバラキケン,Ibaraki,那珂郡,ナカグン,Naka-gun,東海村,トウカイムラ,Tokai-mura,,,,村松北,ムラマツキタ,Muramatsukita,二丁目,２チョウメ,2,,,,,1,1,0,0,0,0,1,1,1947-04-17,,0,,,,,,,,,,,,,,,,
083411,0017000,1,茨城県,イバラキケン,Ibaraki,那珂郡,ナカグン,Naka-gun,東海村,トウカイムラ,Tokai-mura,,,,大字舟石川,オオアザフナイシカワ,Funaishikawa,,,,,,,,0,0,0,0,0,0,1,1,1947-04-17,,0,3191111,,,,,,,,,,,,,,,
083411,0017000,1,茨城県,イバラキケン,Ibaraki,那珂郡,ナカグン,Naka-gun,東海村,トウカイムラ,Tokai-mura,,,,大字舟石川,オオアザフナイシカワ,Funaishikawa,,,,,,,,1,1,0,0,0,0,1,1,1947-04-17,,0,3191111,,,,,,,,,,,,,,,
083411,0018001,2,茨城県,イバラキケン,Ibaraki,那珂郡,ナカグン,Naka-gun,東海村,トウカイムラ,Tokai-mura,,,,大山台,オオヤマダイ,Oyamadai,一丁目,１チョウメ,1,,,,,1,1,0,0,0,0,1,1,1947-04-17,,0,,,,,,,,,,,,,,,,
083411,0018002,2,茨城県,イバラキケン,Ibaraki,那珂郡,ナカグン,Naka-gun,東海村,トウカイムラ,Tokai-mura,,,,大山台,オオヤマダイ,Oyamadai,二丁目,２チョウメ,2,,,,,1,1,0,0,0,0,1,1,1947-04-17,,0,,,,,,,,,,,,,,,,
083640,0001000,1,茨城県,イバラキケン,Ibaraki,久慈郡,クジグン,Kuji-gun,大子町,ダイゴマチ,Daigo-machi,,,,大字相川,オオアザアイカワ,Aikawa,,,,,,,,0,0,0,0,0,0,1,1,1947-04-17,,0,3193534,,,,,,,,,,,,,,,
083640,0002000,1,茨城県,イバラキケン,Ibaraki,久慈郡,クジグン,Kuji-gun,大子町,ダイゴマチ,Daigo-machi,,,,大字浅川,オオアザアサカワ,Asakawa,,,,,,,,0,0,0,0,0,0,1,1,1947-04-17,,0,3193541,,,,,,,,,,,,,,,
083640,0003000,1,茨城県,イバラキケン,Ibaraki,久慈郡,クジグン,Kuji-gun,大子町,ダイゴマチ,Daigo-machi,,,,大字芦野倉,オオアザアシノクラ,Ashinokura,,,,,,,,0,0,0,0,0,0,1,1,1947-04-17,,0,3193538,,,,,,,,,,,,,,,
083640,0004000,1,茨城県,イバラキケン,Ibaraki,久慈郡,クジグン,Kuji-gun,大子町,ダイゴマチ,Daigo-machi,,,,大字池田,オオアザイケダ,Ikeda,,,,,,,,0,0,0,0,0,0,1,1,1947-04-17,,0,3193551,,,,,,,,,,,,,,,
083640,0005000,1,茨城県,イバラキケン,Ibaraki,久慈郡,クジグン,Kuji-gun,大子町,ダイゴマチ,Daigo-machi,,,,大字内大野,オオアザウチオオノ,Uchiono,,,,,,,,0,0,0,0,0,0,1,1,1947-04-17,,0,3193515,,,,,,,,,,,,,,,
083640,0006000,1,茨城県,イバラキケン,Ibaraki,久慈郡,クジグン,Kuji-gun,大子町,ダイゴマチ,Daigo-machi,,,,大字上岡,オオアザウワオカ,Uwaoka,,,,,,,,0,0,0,0,0,0,1,1,1947-04-17,,0,3193531,,,,,,,,,,,,,,,
083640,0007000,1,茨城県,イバラキケン,Ibaraki,久慈郡,クジグン,Kuji-gun,大子町,ダイゴマチ,Daigo-machi,,,,大字大沢,オオアザオオサワ,Osawa,,,,,,,,0,0,0,0,0,0,1,1,1947-04-17,,0,3193366,,,,,,,,,,,,,,,
083640,0008000,1,茨城県,イバラキケン,Ibaraki,久慈郡,クジグン,Kuji-gun,大子町,ダイゴマチ,Daigo-machi,,,,大字大生瀬,オオアザオオナマセ,Onamase,,,,,,,,0,0,0,0,0,0,1,1,1947-04-17,,0,3193513,,,,,,,,,,,,,,,
083640,0009000,1,茨城県,イバラキケン,Ibaraki,久慈郡,クジグン,Kuji-gun,大子町,ダイゴマチ,Daigo-machi,,,,大字上金沢,オオアザカミカネサワ,Kamikanesawa,,,,,,,,0,0,0,0,0,0,1,1,1947-04-17,,0,3193535,,,,,,,,,,,,,,,
083640,0010000,1,茨城県,イバラキケン,Ibaraki,久慈郡,クジグン,Kuji-gun,大子町,ダイゴマチ,Daigo-machi,,,,大字上郷,オオアザカミゴウ,Kamigo,,,,,,,,0,0,0,0,0,0,1,1,1947-04-17,,0,3193703,,,,,,,,,,,,,,,
083640,0011000,1,茨城県,イバラキケン,Ibaraki,久慈郡,クジグン,Kuji-gun,大子町,ダイゴマチ,Daigo-machi,,,,大字上野宮,オオアザカミノミヤ,Kaminomiya,,,,,,,,0,0,0,0,0,0,1,1,1947-04-17,,0,3193704,,,,,,,,,,,,,,,
083640,0012000,1,茨城県,イバラキケン,Ibaraki,久慈郡,クジグン,Kuji-gun,大子町,ダイゴマチ,Daigo-machi,,,,大字川山,オオアザカワヤマ,Kawayama,,,,,,,,0,0,0,0,0,0,1,1,1947-04-17,,0,3193556,,,,,,,,,,,,,,,
083640,0013000,1,茨城県,イバラキケン,Ibaraki,久慈郡,クジグン,Kuji-gun,大子町,ダイゴマチ,Daigo-machi,,,,大字北田気,オオアザキタタゲ,Kitatage,,,,,,,,0,0,0,0,0,0,1,1,1947-04-17,,0,3193521,,,,,,,,,,,,,,,
083640,0014000,1,茨城県,イバラキケン,Ibaraki,久慈郡,クジグン,Kuji-gun,大子町,ダイゴマチ,Daigo-machi,,,,大字北富田,オオアザキタトミダ,Kitatomita,,,,,,,,0,0,0,0,0,0,1,1,1947-04-17,,0,3193363,,,,,,,,,,,,,,,
083640,0015000,1,茨城県,イバラキケン,Ibaraki,久慈郡,クジグン,Kuji-gun,大子町,ダイゴマチ,Daigo-machi,,,,大字北吉沢,オオアザキタヨシザワ,Kitayoshizawa,,,,,,,,0,0,0,0,0,0,1,1,1947-04-17,,0,3193701,,,,,,,,,,,,,,,
083640,0016000,1,茨城県,イバラキケン,Ibaraki,久慈郡,クジグン,Kuji-gun,大子町,ダイゴマチ,Daigo-machi,,,,大字久野瀬,オオアザクノセ,Kunose,,,,,,,,0,0,0,0,0,0,1,1,1947-04-17,,0,3193522,,*_*_MJ006378_*_*,,,,,,,,,,,,,
083640,0017000,1,茨城県,イバラキケン,Ibaraki,久慈郡,クジグン,Kuji-gun,大子町,ダイゴマチ,Daigo-machi,,,,大字小生瀬,オオアザコナマセ,Konamase,,,,,,,,0,0,0,0,0,0,1,1,1947-04-17,,0,3193512,,,,,,,,,,,,,,,
083640,0018000,1,茨城県,イバラキケン,Ibaraki,久慈郡,クジグン,Kuji-gun,大子町,ダイゴマチ,Daigo-machi,,,,大字頃藤,オオアザコロフジ,Korofuji,,,,,,,,0,0,0,0,0,0,1,1,1947-04-17,,0,3193361,,,,,,,,,,,,,,,
083640,0019000,1,茨城県,イバラキケン,Ibaraki,久慈郡,クジグン,Kuji-gun,大子町,ダイゴマチ,Daigo-machi,,,,大字西金,オオアザサイガネ,Saigane,,,,,,,,0,0,0,0,0,0,1,1,1947-04-17,,0,3193362,,,,,,,,,,,,,,,
083640,0020000,1,茨城県,イバラキケン,Ibaraki,久慈郡,クジグン,Kuji-gun,大子町,ダイゴマチ,Daigo-machi,,,,大字左貫,オオアザサヌキ,Sanuki,,,,,,,,0,0,0,0,0,0,1,1,1947-04-17,,0,3193543,,,,,,,,,,,,,,,
083640,0021000,1,茨城県,イバラキケン,Ibaraki,久慈郡,クジグン,Kuji-gun,大子町,ダイゴマチ,Daigo-machi,,,,大字下金沢,オオアザシモカネサワ,Shimokanesawa,,,,,,,,0,0,0,0,0,0,1,1,1947-04-17,,0,3193533,,,,,,,,,,,,,,,
083640,0022000,1,茨城県,イバラキケン,Ibaraki,久慈郡,クジグン,Kuji-gun,大子町,ダイゴマチ,Daigo-machi,,,,大字下津原,オオアザシモツハラ,Shimotsuhara,,,,,,,,0,0,0,0,0,0,1,1,1947-04-17,,0,3193524,,,,,,,,,,,,,,,
083640,0023000,1,茨城県,イバラキケン,Ibaraki,久慈郡,クジグン,Kuji-gun,大子町,ダイゴマチ,Daigo-machi,,,,大字下野宮,オオアザシモノミヤ,Shimonomiya,,,,,,,,0,0,0,0,0,0,1,1,1947-04-17,,0,3193555,,,,,,,,,,,,,,,
083640,0024000,1,茨城県,イバラキケン,Ibaraki,久慈郡,クジグン,Kuji-gun,大子町,ダイゴマチ,Daigo-machi,,,,大字外大野,オオアザソトオオノ,Sotoono,,,,,,,,0,0,0,0,0,0,1,1,1947-04-17,,0,3193514,,,,,,,,,,,,,,,
083640,0025000,1,茨城県,イバラキケン,Ibaraki,久慈郡,クジグン,Kuji-gun,大子町,ダイゴマチ,Daigo-machi,,,,大字大子,オオアザダイゴ,Daigo,,,,,,,,0,0,0,0,0,0,1,1,1947-04-17,,0,3193526,,,,,,,,,,,,,,,
083640,0026000,1,茨城県,イバラキケン,Ibaraki,久慈郡,クジグン,Kuji-gun,大子町,ダイゴマチ,Daigo-machi,,,,大字高柴,オオアザタカシバ,Takashiba,,,,,,,,0,0,0,0,0,0,1,1,1947-04-17,,0,3193511,,,,,,,,,,,,,,,
083640,0027000,1,茨城県,イバラキケン,Ibaraki,久慈郡,クジグン,Kuji-gun,大子町,ダイゴマチ,Daigo-machi,,,,大字高田,オオアザタカダ,Takada,,,,,,,,0,0,0,0,0,0,1,1,1947-04-17,,0,3193554,,,,,,,,,,,,,,,
083640,0028000,1,茨城県,イバラキケン,Ibaraki,久慈郡,クジグン,Kuji-gun,大子町,ダイゴマチ,Daigo-machi,,,,大字田野沢,オオアザタノサワ,Tanosawa,,,,,,,,0,0,0,0,0,0,1,1,1947-04-17,,0,3193536,,,,,,,,,,,,,,,
083640,0029000,1,茨城県,イバラキケン,Ibaraki,久慈郡,クジグン,Kuji-gun,大子町,ダイゴマチ,Daigo-machi,,,,大字栃原,オオアザトチハラ,Tochihara,,,,,,,,0,0,0,0,0,0,1,1,1947-04-17,,0,3193365,,,,,,,,,,,,,,,
083640,0030000,1,茨城県,イバラキケン,Ibaraki,久慈郡,クジグン,Kuji-gun,大子町,ダイゴマチ,Daigo-machi,,,,大字中郷,オオアザナカゴウ,Nakago,,,,,,,,0,0,0,0,0,0,1,1,1947-04-17,,0,3193705,,,,,,,,,,,,,,,
083640,0031000,1,茨城県,イバラキケン,Ibaraki,久慈郡,クジグン,Kuji-gun,大子町,ダイゴマチ,Daigo-machi,,,,大字初原,オオアザハツバラ,Hatsubara,,,,,,,,0,0,0,0,0,0,1,1,1947-04-17,,0,3193542,,,,,,,,,,,,,,,
083640,0032000,1,茨城県,イバラキケン,Ibaraki,久慈郡,クジグン,Kuji-gun,大子町,ダイゴマチ,Daigo-machi,,,,大字塙,オオアザハナワ,Hanawa,,,,,,,,0,0,0,0,0,0,1,1,1947-04-17,,0,3193537,,,,,,,,,,,,,,,
083640,0033000,1,茨城県,イバラキケン,Ibaraki,久慈郡,クジグン,Kuji-gun,大子町,ダイゴマチ,Daigo-machi,,,,大字袋田,オオアザフクロダ,Fukuroda,,,,,,,,0,0,0,0,0,0,1,1,1947-04-17,,0,3193523,,,,,,,,,,,,,,,
083640,0034000,1,茨城県,イバラキケン,Ibaraki,久慈郡,クジグン,Kuji-gun,大子町,ダイゴマチ,Daigo-machi,,,,大字槙野地,オオアザマギノチ,Maginochi,,,,,,,,0,0,0,0,0,0,1,1,1947-04-17,,0,3193544,,,,,,,,,,,,,,,
083640,0035000,1,茨城県,イバラキケン,Ibaraki,久慈郡,クジグン,Kuji-gun,大子町,ダイゴマチ,Daigo-machi,,,,大字町付,オオアザマチツキ,Machitsuki,,,,,,,,0,0,0,0,0,0,1,1,1947-04-17,,0,3193702,,,,,,,,,,,,,,,
083640,0036000,1,茨城県,イバラキケン,Ibaraki,久慈郡,クジグン,Kuji-gun,大子町,ダイゴマチ,Daigo-machi,,,,大字南田気,オオアザミナミタゲ,Minamitage,,,,,,,,0,0,0,0,0,0,1,1,1947-04-17,,0,3193525,,,,,,,,,,,,,,,
083640,0037000,1,茨城県,イバラキケン,Ibaraki,久慈郡,クジグン,Kuji-gun,大子町,ダイゴマチ,Daigo-machi,,,,大字冥賀,オオアザミョウガ,Myoga,,,,,,,,0,0,0,0,0,0,1,1,1947-04-17,,0,3193553,,,,,,,,,,,,,,,
083640,0038000,1,茨城県,イバラキケン,Ibaraki,久慈郡,クジグン,Kuji-gun,大子町,ダイゴマチ,Daigo-machi,,,,大字盛金,オオアザモリガネ,Morigane,,,,,,,,0,0,0,0,0,0,1,1,1947-04-17,,0,3193364,,,,,,,,,,,,,,,
083640,0039000,1,茨城県,イバラキケン,Ibaraki,久慈郡,クジグン,Kuji-gun,大子町,ダイゴマチ,Daigo-machi,,,,大字矢田,オオアザヤダ,Yada,,,,,,,,0,0,0,0,0,0,1,1,1947-04-17,,0,3193552,,,,,,,,,,,,,,,
083640,0040000,1,茨城県,イバラキケン,Ibaraki,久慈郡,クジグン,Kuji-gun,大子町,ダイゴマチ,Daigo-machi,,,,大字山田,オオアザヤマダ,Yamada,,,,,,,,0,0,0,0,0,0,1,1,1947-04-17,,0,3193532,,,,,,,,,,,,,,,
084425,0001000,1,茨城県,イバラキケン,Ibaraki,稲敷郡,イナシキグン,Inashiki-gun,美浦村,ミホムラ,Miho-mura,,,,大字受領,オオアザウケリョウ,Ukeryo,,,,,,,,0,0,0,0,0,0,1,1,1947-04-17,,0,3000424,,,,,,,,,,,,,,,
084425,0002000,1,茨城県,イバラキケン,Ibaraki,稲敷郡,イナシキグン,Inashiki-gun,美浦村,ミホムラ,Miho-mura,,,,大字牛込,オオアザウシゴメ,Ushigome,,,,,,,,0,0,0,0,0,0,1,1,1947-04-17,,0,3000409,,,,,,,,,,,,,,,
084425,0003000,1,茨城県,イバラキケン,Ibaraki,稲敷郡,イナシキグン,Inashiki-gun,美浦村,ミホムラ,Miho-mura,,,,大字大須賀津,オオアザオオスカヅ,Osukazu,,,,,,,,0,0,0,0,0,0,1,1,1947-04-17,,0,3000422,,,,,,,,,,,,,,,
084425,0004000,1,茨城県,イバラキケン,Ibaraki,稲敷郡,イナシキグン,Inashiki-gun,美浦村,ミホムラ,Miho-mura,,,,大字太田,オオアザオオタ,Ota,,,,,,,,0,0,0,0,0,0,1,1,1947-04-17,,0,3000411,,,,,,,,,,,,,,,
084425,0005000,1,茨城県,イバラキケン,Ibaraki,稲敷郡,イナシキグン,Inashiki-gun,美浦村,ミホムラ,Miho-mura,,,,大字大塚,オオアザオオツカ,Otsuka,,,,,,,,0,0,0,0,0,0,1,1,1947-04-17,,0,3000416,,,,,,,,,,,,,,,
084425,0006000,1,茨城県,イバラキケン,Ibaraki,稲敷郡,イナシキグン,Inashiki-gun,美浦村,ミホムラ,Miho-mura,,,,大字大谷,オオアザオオヤ,Oya,,,,,,,,0,0,0,0,0,0,1,1,1947-04-17,,0,3000413,,,,,,,,,,,,,,,
084425,0007000,1,茨城県,イバラキケン,Ibaraki,稲敷郡,イナシキグン,Inashiki-gun,美浦村,ミホムラ,Miho-mura,,,,大字大山,オオアザオオヤマ,Oyama,,,,,,,,0,0,0,0,0,0,1,1,1947-04-17,,0,3000402,,,,,,,,,,,,,,,
084425,0008000,1,茨城県,イバラキケン,Ibaraki,稲敷郡,イナシキグン,Inashiki-gun,美浦村,ミホムラ,Miho-mura,,,,大字興津,オオアザオキツ,Okitsu,,,,,,,,0,0,0,0,0,0,1,1,1947-04-17,,0,3000425,,,,,,,,,,,,,,,
084425,0009000,1,茨城県,イバラキケン,Ibaraki,稲敷郡,イナシキグン,Inashiki-gun,美浦村,ミホムラ,Miho-mura,,,,大字木,オオアザキ,Ki,,,,,,,,0,0,0,0,0,0,1,1,1947-04-17,,0,3000433,,,,,,,,,,,,,,,
084425,0010000,1,茨城県,イバラキケン,Ibaraki,稲敷郡,イナシキグン,Inashiki-gun,美浦村,ミホムラ,Miho-mura,,,,大字木原,オオアザキハラ,Kihara,,,,,,,,0,0,0,0,0,0,1,1,1947-04-17,,0,3000421,,,,,,,,,,,,,,,
084425,0011000,1,茨城県,イバラキケン,Ibaraki,稲敷郡,イナシキグン,Inashiki-gun,美浦村,ミホムラ,Miho-mura,,,,大字山王,オオアザサンノウ,Sanno,,,,,,,,0,0,0,0,0,0,1,1,1947-04-17,,0,3000419,,,,,,,,,,,,,,,
084425,0012000,1,茨城県,イバラキケン,Ibaraki,稲敷郡,イナシキグン,Inashiki-gun,美浦村,ミホムラ,Miho-mura,,,,大字信太,オオアザシダ,Shida,,,,,,,,0,0,0,0,0,0,1,1,1947-04-17,,0,3000414,,,,,,,,,,,,,,,
084425,0013000,1,茨城県,イバラキケン,Ibaraki,稲敷郡,イナシキグン,Inashiki-gun,美浦村,ミホムラ,Miho-mura,,,,大字定光,オオアザジョウコウ,Joko,,,,,,,,0,0,0,0,0,0,1,1,1947-04-17,,0,3000432,,,,,,,,,,,,,,,
084425,0014000,1,茨城県,イバラキケン,Ibaraki,稲敷郡,イナシキグン,Inashiki-gun,美浦村,ミホムラ,Miho-mura,,,,大字土浦,オオアザツチウラ,Tsuchiura,,,,,,,,0,0,0,0,0,0,1,1,1947-04-17,,0,3000404,,,,,,,,,,,,,,,
084425,0015000,1,茨城県,イバラキケン,Ibaraki,稲敷郡,イナシキグン,Inashiki-gun,美浦村,ミホムラ,Miho-mura,,,,大字土屋,オオアザツチヤ,Tsuchiya,,,,,,,,0,0,0,0,0,0,1,1,1947-04-17,,0,3000426,,,,,,,,,,,,,,,
084425,0016000,1,茨城県,イバラキケン,Ibaraki,稲敷郡,イナシキグン,Inashiki-gun,美浦村,ミホムラ,Miho-mura,,,,大字根火,オオアザネビ,Nebi,,,,,,,,0,0,0,0,0,0,1,1,1947-04-17,,0,3000408,,,,,,,,,,,,,,,
084425,0017000,1,茨城県,イバラキケン,Ibaraki,稲敷郡,イナシキグン,Inashiki-gun,美浦村,ミホムラ,Miho-mura,,,,大字根本,オオアザネモト,Nemoto,,,,,,,,0,0,0,0,0,0,1,1,1947-04-17,,0,3000436,,,,,,,,,,,,,,,
084425,0018000,1,茨城県,イバラキケン,Ibaraki,稲敷郡,イナシキグン,Inashiki-gun,美浦村,ミホムラ,Miho-mura,,,,大字花見塚,オオアザハナミヅカ,Hanamizuka,,,,,,,,0,0,0,0,0,0,1,1,1947-04-17,,0,3000418,,,,,,,,,,,,,,,
084425,0019000,1,茨城県,イバラキケン,Ibaraki,稲敷郡,イナシキグン,Inashiki-gun,美浦村,ミホムラ,Miho-mura,,,,大字布佐,オオアザフサ,Fusa,,,,,,,,0,0,0,0,0,0,1,1,1947-04-17,,0,3000427,,,,,,,,,,,,,,,
084425,0020000,1,茨城県,イバラキケン,Ibaraki,稲敷郡,イナシキグン,Inashiki-gun,美浦村,ミホムラ,Miho-mura,,,,大字舟子,オオアザフナコ,Funako,,,,,,,,0,0,0,0,0,0,1,1,1947-04-17,,0,3000428,,,,,,,,,,,,,,,
084425,0021000,1,茨城県,イバラキケン,Ibaraki,稲敷郡,イナシキグン,Inashiki-gun,美浦村,ミホムラ,Miho-mura,,,,大字馬掛,オオアザマガキ,Magaki,,,,,,,,0,0,0,0,0,0,1,1,1947-04-17,,0,3000401,,,,,,,,,,,,,,,
084425,0022000,1,茨城県,イバラキケン,Ibaraki,稲敷郡,イナシキグン,Inashiki-gun,美浦村,ミホムラ,Miho-mura,,,,大字間野,オオアザマノ,Mano,,,,,,,,0,0,0,0,0,0,1,1,1947-04-17,,0,3000405,,,,,,,,,,,,,,,
084425,0023000,1,茨城県,イバラキケン,Ibaraki,稲敷郡,イナシキグン,Inashiki-gun,美浦村,ミホムラ,Miho-mura,,,,大字馬見山,オオアザマミヤマ,Mamiyama,,,,,,,,0,0,0,0,0,0,1,1,1947-04-17,,0,3000403,,,,,,,,,,,,,,,
084425,0024000,1,茨城県,イバラキケン,Ibaraki,稲敷郡,イナシキグン,Inashiki-gun,美浦村,ミホムラ,Miho-mura,,,,大字美駒,オオアザミコマ,Mikoma,,,,,,,,0,0,0,0,0,0,1,1,1947-04-17,,0,3000415,,,,,,,,,,,,,,,
084425,0025000,1,茨城県,イバラキケン,Ibaraki,稲敷郡,イナシキグン,Inashiki-gun,美浦村,ミホムラ,Miho-mura,,,,大字見晴,オオアザミハル,Miharu,,,,,,,,0,0,0,0,0,0,1,1,1947-04-17,,0,3000437,,,,,,,,,,,,,,,
084425,0026000,1,茨城県,イバラキケン,Ibaraki,稲敷郡,イナシキグン,Inashiki-gun,美浦村,ミホムラ,Miho-mura,,,,大字宮地,オオアザミヤジ,Miyaji,,,,,,,,0,0,0,0,0,0,1,1,1947-04-17,,0,3000412,,,,,,,,,,,,,,,
084425,0027000,1,茨城県,イバラキケン,Ibaraki,稲敷郡,イナシキグン,Inashiki-gun,美浦村,ミホムラ,Miho-mura,,,,大字本橋,オオアザモトハシ,Motohashi,,,,,,,,0,0,0,0,0,0,1,1,1947-04-17,,0,3000431,,,,,,,,,,,,,,,
084425,0028000,1,茨城県,イバラキケン,Ibaraki,稲敷郡,イナシキグン,Inashiki-gun,美浦村,ミホムラ,Miho-mura,,,,大字茂呂,オオアザモロ,Moro,,,,,,,,0,0,0,0,0,0,1,1,1947-04-17,,0,3000423,,,,,,,,,,,,,,,
084425,0029000,1,茨城県,イバラキケン,Ibaraki,稲敷郡,イナシキグン,Inashiki-gun,美浦村,ミホムラ,Miho-mura,,,,大字谷中,オオアザヤナカ,Yanaka,,,,,,,,0,0,0,0,0,0,1,1,1947-04-17,,0,3000417,,,,,,,,,,,,,,,
084425,0030000,1,茨城県,イバラキケン,Ibaraki,稲敷郡,イナシキグン,Inashiki-gun,美浦村,ミホムラ,Miho-mura,,,,大字山内,オオアザヤマウチ,Yamauchi,,,,,,,,0,0,0,0,0,0,1,1,1947-04-17,,0,3000406,,,,,,,,,,,,,,,
084425,0031000,1,茨城県,イバラキケン,Ibaraki,稲敷郡,イナシキグン,Inashiki-gun,美浦村,ミホムラ,Miho-mura,,,,大字余郷入,オオアザヨゴウイリ,,,,,,,,,0,0,0,0,0,0,1,1,1947-04-17,,0,,,,,,,,,,,,,,,,
084425,0032000,1,茨城県,イバラキケン,Ibaraki,稲敷郡,イナシキグン,Inashiki-gun,美浦村,ミホムラ,Miho-mura,,,,郷中,ゴウナカ,Gonaka,,,,,,,,0,0,0,0,0,0,1,1,1947-04-17,,0,3000420,,,,,,,,,,,,,,,
084425,0033000,1,茨城県,イバラキケン,Ibaraki,稲敷郡,イナシキグン,Inashiki-gun,美浦村,ミホムラ,Miho-mura,,,,みどり台,ミドリダイ,Midoridai,,,,,,,,0,0,0,0,0,0,1,1,1947-04-17,,0,3000410,,,,,,,,,,,,,,,
084425,0034000,1,茨城県,イバラキケン,Ibaraki,稲敷郡,イナシキグン,Inashiki-gun,美浦村,ミホムラ,Miho-mura,,,,大字八井田,オオアザヤイタ,Yaita,,,,,,,,0,0,0,0,0,0,1,1,1947-04-17,,0,3000407,,*_*_MJ007273_*_*,,,,,,,,,,,,,
084425,0035000,1,茨城県,イバラキケン,Ibaraki,稲敷郡,イナシキグン,Inashiki-gun,美浦村,ミホムラ,Miho-mura,,,,大字中野内,オオアザナカノウチ,Nakanochi,,,,,,,,0,0,0,0,0,0,1,1,1947-04-17,,0,3000435,,,,,,,,,,,,,,,
084425,0036000,1,茨城県,イバラキケン,Ibaraki,稲敷郡,イナシキグン,Inashiki-gun,美浦村,ミホムラ,Miho-mura,,,,大字堀田,オオアザホッタ,Hotta,,,,,,,,0,0,0,0,0,0,1,1,1947-04-17,,0,3000434,,,,,,,,,,,,,,,
084425,0037000,1,茨城県,イバラキケン,Ibaraki,稲敷郡,イナシキグン,Inashiki-gun,美浦村,ミホムラ,Miho-mura,,,,大字島津,オオアザシマヅ,,,,,,,,,0,0,0,0,0,0,1,1,1947-04-17,,0,,,,,,,,,,,,,,,,
084425,0038000,1,茨城県,イバラキケン,Ibaraki,稲敷郡,イナシキグン,Inashiki-gun,美浦村,ミホムラ,Miho-mura,,,,土浦外十六大字入会地,ツチウラホカジユウロクオオアザイリアイチ,,,,,,,,,0,0,0,0,0,0,1,1,1947-04-17,,0,,,,,,,,,,,,,,,,
084425,0039000,1,茨城県,イバラキケン,Ibaraki,稲敷郡,イナシキグン,Inashiki-gun,美浦村,ミホムラ,Miho-mura,,,,間野本橋定光入会,マノモトハシジヨウコウイリアイ,,,,,,,,,0,0,0,0,0,0,1,1,1947-04-17,,0,,,,,,,,,,,,,,,,
084425,0040000,1,茨城県,イバラキケン,Ibaraki,稲敷郡,イナシキグン,Inashiki-gun,美浦村,ミホムラ,Miho-mura,,,,間野本橋定光木入会,マノモトハシジヨウコウキイリアイ,,,,,,,,,0,0,0,0,0,0,1,1,1947-04-17,,0,,,,,,,,,,,,,,,,
084425,0041000,1,茨城県,イバラキケン,Ibaraki,稲敷郡,イナシキグン,Inashiki-gun,美浦村,ミホムラ,Miho-mura,,,,大字馬見山大山土浦入会,オオアザマミヤマオオヤマツチウライリアイ,,,,,,,,,0,0,0,0,0,0,1,1,1947-04-17,,0,,,,,,,,,,,,,,,,
084433,0001001,2,茨城県,イバラキケン,Ibaraki,稲敷郡,イナシキグン,Inashiki-gun,阿見町,アミマチ,Ami-machi,,,,うずら野,ウズラノ,Uzurano,一丁目,１チョウメ,1,,,,,0,0,0,0,0,0,1,1,1947-04-17,,0,,,,,,,,,,,,,,,,
084433,0001002,2,茨城県,イバラキケン,Ibaraki,稲敷郡,イナシキグン,Inashiki-gun,阿見町,アミマチ,Ami-machi,,,,うずら野,ウズラノ,Uzurano,二丁目,２チョウメ,2,,,,,0,0,0,0,0,0,1,1,1947-04-17,,0,,,,,,,,,,,,,,,,
084433,0001003,2,茨城県,イバラキケン,Ibaraki,稲敷郡,イナシキグン,Inashiki-gun,阿見町,アミマチ,Ami-machi,,,,うずら野,ウズラノ,Uzurano,三丁目,３チョウメ,3,,,,,0,0,0,0,0,0,1,1,1947-04-17,,0,,,,,,,,,,,,,,,,
084433,0001004,2,茨城県,イバラキケン,Ibaraki,稲敷郡,イナシキグン,Inashiki-gun,阿見町,アミマチ,Ami-machi,,,,うずら野,ウズラノ,Uzurano,四丁目,４チョウメ,4,,,,,0,0,0,0,0,0,1,1,1947-04-17,,0,,,,,,,,,,,,,,,,
084433,0002000,1,茨城県,イバラキケン,Ibaraki,稲敷郡,イナシキグン,Inashiki-gun,阿見町,アミマチ,Ami-machi,,,,大字青宿,オオアザアオヤド,Aoyado,,,,,,,,0,0,0,0,0,0,1,1,1947-04-17,,0,3000301,,,,,,,,,,,,,,,
084433,0003000,1,茨城県,イバラキケン,Ibaraki,稲敷郡,イナシキグン,Inashiki-gun,阿見町,アミマチ,Ami-machi,,,,大字曙,オオアザアケボノ,Akebono,,,,,,,,0,0,0,0,0,0,1,1,1947-04-17,,0,3000306,,,,,,,,,,,,,,,
084433,0004000,1,茨城県,イバラキケン,Ibaraki,稲敷郡,イナシキグン,Inashiki-gun,阿見町,アミマチ,Ami-machi,,,,大字阿見,オオアザアミ,Ami,,,,,,,,0,0,0,0,0,0,1,1,1947-04-17,,0,3000331,,,,,,,,,,,,,,,
084433,0005000,1,茨城県,イバラキケン,Ibaraki,稲敷郡,イナシキグン,Inashiki-gun,阿見町,アミマチ,Ami-machi,,,,大字荒川本郷,オオアザアラカワホンゴウ,Arakawahongo,,,,,,,,0,0,0,0,0,0,1,1,1947-04-17,,0,3001152,,,,,,,,,,,,,,,
084433,0006000,1,茨城県,イバラキケン,Ibaraki,稲敷郡,イナシキグン,Inashiki-gun,阿見町,アミマチ,Ami-machi,,,,大字飯倉,オオアザイイグラ,Iigura,,,,,,,,0,0,0,0,0,0,1,1,1947-04-17,,0,3000324,,,,,,,,,,,,,,,
084433,0007000,1,茨城県,イバラキケン,Ibaraki,稲敷郡,イナシキグン,Inashiki-gun,阿見町,アミマチ,Ami-machi,,,,大字石川,オオアザイシカワ,Ishikawa,,,,,,,,0,0,0,0,0,0,1,1,1947-04-17,,0,3000313,,,,,,,,,,,,,,,
084433,0008000,1,茨城県,イバラキケン,Ibaraki,稲敷郡,イナシキグン,Inashiki-gun,阿見町,アミマチ,Ami-machi,,,,大字大形,オオアザオオガタ,Ogata,,,,,,,,0,0,0,0,0,0,1,1,1947-04-17,,0,3000323,,,,,,,,,,,,,,,
084433,0009000,1,茨城県,イバラキケン,Ibaraki,稲敷郡,イナシキグン,Inashiki-gun,阿見町,アミマチ,Ami-machi,,,,大字大室,オオアザオオムロ,Omuro,,,,,,,,0,0,0,0,0,0,1,1,1947-04-17,,0,3000303,,,,,,,,,,,,,,,
084433,0010000,1,茨城県,イバラキケン,Ibaraki,稲敷郡,イナシキグン,Inashiki-gun,阿見町,アミマチ,Ami-machi,,,,大字追原,オオアザオッパラ,Oppara,,,,,,,,0,0,0,0,0,0,1,1,1947-04-17,,0,3000314,,,,,,,,,,,,,,,
084433,0011000,1,茨城県,イバラキケン,Ibaraki,稲敷郡,イナシキグン,Inashiki-gun,阿見町,アミマチ,Ami-machi,,,,大字掛馬,オオアザカケウマ,Kakeuma,,,,,,,,0,0,0,0,0,0,1,1,1947-04-17,,0,3000304,,,,,,,,,,,,,,,
084433,0012000,1,茨城県,イバラキケン,Ibaraki,稲敷郡,イナシキグン,Inashiki-gun,阿見町,アミマチ,Ami-machi,,,,大字香澄の里,オオアザカスミノサト,Kasuminosato,,,,,,,,0,0,0,0,0,0,1,1,1947-04-17,,0,3000315,,,,,,,,,,,,,,,
084433,0013000,1,茨城県,イバラキケン,Ibaraki,稲敷郡,イナシキグン,Inashiki-gun,阿見町,アミマチ,Ami-machi,,,,大字上長,オオアザカミナガ,Kaminaga,,,,,,,,0,0,0,0,0,0,1,1,1947-04-17,,0,3001154,,,,,,,,,,,,,,,
084433,0014000,1,茨城県,イバラキケン,Ibaraki,稲敷郡,イナシキグン,Inashiki-gun,阿見町,アミマチ,Ami-machi,,,,大字君島,オオアザキミジマ,Kimijima,,,,,,,,0,0,0,0,0,0,1,1,1947-04-17,,0,3000322,,,,,,,,,,,,,,,
084433,0015000,1,茨城県,イバラキケン,Ibaraki,稲敷郡,イナシキグン,Inashiki-gun,阿見町,アミマチ,Ami-machi,,,,大字小池,オオアザコイケ,Koike,,,,,,,,0,0,0,0,0,0,1,1,1947-04-17,,0,3001157,,,,,,,,,,,,,,,
084433,0016000,1,茨城県,イバラキケン,Ibaraki,稲敷郡,イナシキグン,Inashiki-gun,阿見町,アミマチ,Ami-machi,,,,大字実穀,オオアザジッコク,Jitsukoku,,,,,,,,0,0,0,0,0,0,1,1,1947-04-17,,0,3001153,,,,,,,,,,,,,,,
084433,0017000,1,茨城県,イバラキケン,Ibaraki,稲敷郡,イナシキグン,Inashiki-gun,阿見町,アミマチ,Ami-machi,,,,大字島津,オオアザシマヅ,Shimazu,,,,,,,,0,0,0,0,0,0,1,1,1947-04-17,,0,3000311,,,,,,,,,,,,,,,
084433,0018000,1,茨城県,イバラキケン,Ibaraki,稲敷郡,イナシキグン,Inashiki-gun,阿見町,アミマチ,Ami-machi,,,,大字上条,オオアザジョウジョウ,Jojo,,,,,,,,0,0,0,0,0,0,1,1,1947-04-17,,0,3000325,,,,,,,,,,,,,,,
084433,0019000,1,茨城県,イバラキケン,Ibaraki,稲敷郡,イナシキグン,Inashiki-gun,阿見町,アミマチ,Ami-machi,,,,大字鈴木,オオアザスズキ,Suzuki,,,,,,,,0,0,0,0,0,0,1,1,1947-04-17,,0,3000334,,,,,,,,,,,,,,,
084433,0020000,1,茨城県,イバラキケン,Ibaraki,稲敷郡,イナシキグン,Inashiki-gun,阿見町,アミマチ,Ami-machi,,,,大字竹来,オオアザタカク,Takaku,,,,,,,,0,0,0,0,0,0,1,1,1947-04-17,,0,3000305,,,,,,,,,,,,,,,
084433,0021000,1,茨城県,イバラキケン,Ibaraki,稲敷郡,イナシキグン,Inashiki-gun,阿見町,アミマチ,Ami-machi,,,,大字廻戸,オオアザハサマド,Hasamado,,,,,,,,0,0,0,0,0,0,1,1,1947-04-17,,0,3000302,,,,,,,,,,,,,,,
084433,0022000,1,茨城県,イバラキケン,Ibaraki,稲敷郡,イナシキグン,Inashiki-gun,阿見町,アミマチ,Ami-machi,,,,大字塙,オオアザハナワ,Hanawa,,,,,,,,0,0,0,0,0,0,1,1,1947-04-17,,0,3000321,,,,,,,,,,,,,,,
084433,0023000,1,茨城県,イバラキケン,Ibaraki,稲敷郡,イナシキグン,Inashiki-gun,阿見町,アミマチ,Ami-machi,,,,大字福田,オオアザフクダ,Fukuda,,,,,,,,0,0,0,0,0,0,1,1,1947-04-17,,0,3001156,,,,,,,,,,,,,,,
084433,0024000,1,茨城県,イバラキケン,Ibaraki,稲敷郡,イナシキグン,Inashiki-gun,阿見町,アミマチ,Ami-machi,,,,大字星の里,オオアザホシノサト,Hoshinosato,,,,,,,,0,0,0,0,0,0,1,1,1947-04-17,,0,3000326,,,,,,,,,,,,,,,
084433,0025000,1,茨城県,イバラキケン,Ibaraki,稲敷郡,イナシキグン,Inashiki-gun,阿見町,アミマチ,Ami-machi,,,,大字吉原,オオアザヨシワラ,Yoshiwara,,,,,,,,0,0,0,0,0,0,1,1,1947-04-17,,0,3001155,,,,,,,,,,,,,,,
084433,0026000,1,茨城県,イバラキケン,Ibaraki,稲敷郡,イナシキグン,Inashiki-gun,阿見町,アミマチ,Ami-machi,,,,大字若栗,オオアザワカグリ,Wakaguri,,,,,,,,0,0,0,0,0,0,1,1,1947-04-17,,0,3000333,,,,,,,,,,,,,,,
084433,0027001,2,茨城県,イバラキケン,Ibaraki,稲敷郡,イナシキグン,Inashiki-gun,阿見町,アミマチ,Ami-machi,,,,岡崎,オカザキ,Okazaki,一丁目,１チョウメ,1,,,,,0,0,0,0,0,0,1,1,1947-04-17,,0,,,,,,,,,,,,,,,,
084433,0027002,2,茨城県,イバラキケン,Ibaraki,稲敷郡,イナシキグン,Inashiki-gun,阿見町,アミマチ,Ami-machi,,,,岡崎,オカザキ,Okazaki,二丁目,２チョウメ,2,,,,,0,0,0,0,0,0,1,1,1947-04-17,,0,,,,,,,,,,,,,,,,
084433,0027003,2,茨城県,イバラキケン,Ibaraki,稲敷郡,イナシキグン,Inashiki-gun,阿見町,アミマチ,Ami-machi,,,,岡崎,オカザキ,Okazaki,三丁目,３チョウメ,3,,,,,0,0,0,0,0,0,1,1,1947-04-17,,0,,,,,,,,,,,,,,,,
084433,0028001,2,茨城県,イバラキケン,Ibaraki,稲敷郡,イナシキグン,Inashiki-gun,阿見町,アミマチ,Ami-machi,,,,住吉,スミヨシ,Sumiyoshi,一丁目,１チョウメ,1,,,,,0,0,0,0,0,0,1,1,1947-04-17,,0,,,,,,,,,,,,,,,,
084433,0028002,2,茨城県,イバラキケン,Ibaraki,稲敷郡,イナシキグン,Inashiki-gun,阿見町,アミマチ,Ami-machi,,,,住吉,スミヨシ,Sumiyoshi,二丁目,２チョウメ,2,,,,,0,0,0,0,0,0,1,1,1947-04-17,,0,,,,,,,,,,,,,,,,
084433,0029001,2,茨城県,イバラキケン,Ibaraki,稲敷郡,イナシキグン,Inashiki-gun,阿見町,アミマチ,Ami-machi,,,,中央,チュウオウ,Chuo,一丁目,１チョウメ,1,,,,,1,1,0,0,0,0,1,1,1947-04-17,,0,,,,,,,,,,,,,,,,
084433,0029002,2,茨城県,イバラキケン,Ibaraki,稲敷郡,イナシキグン,Inashiki-gun,阿見町,アミマチ,Ami-machi,,,,中央,チュウオウ,Chuo,二丁目,２チョウメ,2,,,,,1,1,0,0,0,0,1,1,1947-04-17,,0,,,,,,,,,,,,,,,,
084433,0029003,2,茨城県,イバラキケン,Ibaraki,稲敷郡,イナシキグン,Inashiki-gun,阿見町,アミマチ,Ami-machi,,,,中央,チュウオウ,Chuo,三丁目,３チョウメ,3,,,,,1,1,0,0,0,0,1,1,1947-04-17,,0,,,,,,,,,,,,,,,,
084433,0029004,2,茨城県,イバラキケン,Ibaraki,稲敷郡,イナシキグン,Inashiki-gun,阿見町,アミマチ,Ami-machi,,,,中央,チュウオウ,Chuo,四丁目,４チョウメ,4,,,,,1,1,0,0,0,0,1,1,1947-04-17,,0,,,,,,,,,,,,,,,,
084433,0029005,2,茨城県,イバラキケン,Ibaraki,稲敷郡,イナシキグン,Inashiki-gun,阿見町,アミマチ,Ami-machi,,,,中央,チュウオウ,Chuo,五丁目,５チョウメ,5,,,,,1,1,0,0,0,0,1,1,1947-04-17,,0,,,,,,,,,,,,,,,,
084433,0029006,2,茨城県,イバラキケン,Ibaraki,稲敷郡,イナシキグン,Inashiki-gun,阿見町,アミマチ,Ami-machi,,,,中央,チュウオウ,Chuo,六丁目,６チョウメ,6,,,,,1,1,0,0,0,0,1,1,1947-04-17,,0,,,,,,,,,,,,,,,,
084433,0029007,2,茨城県,イバラキケン,Ibaraki,稲敷郡,イナシキグン,Inashiki-gun,阿見町,アミマチ,Ami-machi,,,,中央,チュウオウ,Chuo,七丁目,７チョウメ,7,,,,,1,1,0,0,0,0,1,1,1947-04-17,,0,,,,,,,,,,,,,,,,
084433,0029008,2,茨城県,イバラキケン,Ibaraki,稲敷郡,イナシキグン,Inashiki-gun,阿見町,アミマチ,Ami-machi,,,,中央,チュウオウ,Chuo,八丁目,８チョウメ,8,,,,,1,1,0,0,0,0,1,1,1947-04-17,,0,,,,,,,,,,,,,,,,
084433,0030002,2,茨城県,イバラキケン,Ibaraki,稲敷郡,イナシキグン,Inashiki-gun,阿見町,アミマチ,Ami-machi,,,,中郷,ナカゴウ,Nakago,二丁目,２チョウメ,2,,,,,0,0,0,0,0,0,1,1,1947-04-17,,0,,,,,,,,,,,,,,,,
084433,0030003,2,茨城県,イバラキケン,Ibaraki,稲敷郡,イナシキグン,Inashiki-gun,阿見町,アミマチ,Ami-machi,,,,中郷,ナカゴウ,Nakago,三丁目,３チョウメ,3,,,,,0,0,0,0,0,0,1,1,1947-04-17,,0,,,,,,,,,,,,,,,,
084433,0031001,2,茨城県,イバラキケン,Ibaraki,稲敷郡,イナシキグン,Inashiki-gun,阿見町,アミマチ,Ami-machi,,,,南平台,ナンペイダイ,Nampeidai,一丁目,１チョウメ,1,,,,,0,0,0,0,0,0,1,1,1947-04-17,,0,,,,,,,,,,,,,,,,
084433,0031002,2,茨城県,イバラキケン,Ibaraki,稲敷郡,イナシキグン,Inashiki-gun,阿見町,アミマチ,Ami-machi,,,,南平台,ナンペイダイ,Nampeidai,二丁目,２チョウメ,2,,,,,0,0,0,0,0,0,1,1,1947-04-17,,0,,,,,,,,,,,,,,,,
084433,0031003,2,茨城県,イバラキケン,Ibaraki,稲敷郡,イナシキグン,Inashiki-gun,阿見町,アミマチ,Ami-machi,,,,南平台,ナンペイダイ,Nampeidai,三丁目,３チョウメ,3,,,,,0,0,0,0,0,0,1,1,1947-04-17,,0,,,,,,,,,,,,,,,,
084433,0032003,2,茨城県,イバラキケン,Ibaraki,稲敷郡,イナシキグン,Inashiki-gun,阿見町,アミマチ,Ami-machi,,,,西郷,ニシゴウ,Nishigo,三丁目,３チョウメ,3,,,,,0,0,0,0,0,0,1,1,1947-04-17,,0,,,,,,,,,,,,,,,,
084433,0033001,2,茨城県,イバラキケン,Ibaraki,稲敷郡,イナシキグン,Inashiki-gun,阿見町,アミマチ,Ami-machi,,,,本郷,ホンゴウ,Hongo,一丁目,１チョウメ,1,,,,,0,0,0,0,0,0,1,1,1947-04-17,,0,,,,,,,,,,,,,,,,
084433,0033002,2,茨城県,イバラキケン,Ibaraki,稲敷郡,イナシキグン,Inashiki-gun,阿見町,アミマチ,Ami-machi,,,,本郷,ホンゴウ,Hongo,二丁目,２チョウメ,2,,,,,0,0,0,0,0,0,1,1,1947-04-17,,0,,,,,,,,,,,,,,,,
084433,0033003,2,茨城県,イバラキケン,Ibaraki,稲敷郡,イナシキグン,Inashiki-gun,阿見町,アミマチ,Ami-machi,,,,本郷,ホンゴウ,Hongo,三丁目,３チョウメ,3,,,,,0,0,0,0,0,0,1,1,1947-04-17,,0,,,,,,,,,,,,,,,,
084433,0034001,2,茨城県,イバラキケン,Ibaraki,稲敷郡,イナシキグン,Inashiki-gun,阿見町,アミマチ,Ami-machi,,,,よしわら,ヨシワラ,Yoshiwara,一丁目,１チョウメ,1,,,,,0,0,0,0,0,0,1,1,1947-04-17,,0,,,,,,,,,,,,,,,,
084433,0034002,2,茨城県,イバラキケン,Ibaraki,稲敷郡,イナシキグン,Inashiki-gun,阿見町,アミマチ,Ami-machi,,,,よしわら,ヨシワラ,Yoshiwara,二丁目,２チョウメ,2,,,,,0,0,0,0,0,0,1,1,1947-04-17,,0,,,,,,,,,,,,,,,,
084433,0034003,2,茨城県,イバラキケン,Ibaraki,稲敷郡,イナシキグン,Inashiki-gun,阿見町,アミマチ,Ami-machi,,,,よしわら,ヨシワラ,Yoshiwara,三丁目,３チョウメ,3,,,,,0,0,0,0,0,0,1,1,1947-04-17,,0,,,,,,,,,,,,,,,,
084433,0034004,2,茨城県,イバラキケン,Ibaraki,稲敷郡,イナシキグン,Inashiki-gun,阿見町,アミマチ,Ami-machi,,,,よしわら,ヨシワラ,Yoshiwara,四丁目,４チョウメ,4,,,,,0,0,0,0,0,0,1,1,1947-04-17,,0,,,,,,,,,,,,,,,,
084433,0034005,2,茨城県,イバラキケン,Ibaraki,稲敷郡,イナシキグン,Inashiki-gun,阿見町,アミマチ,Ami-machi,,,,よしわら,ヨシワラ,Yoshiwara,五丁目,５チョウメ,5,,,,,0,0,0,0,0,0,1,1,1947-04-17,,0,,,,,,,,,,,,,,,,
084433,0034006,2,茨城県,イバラキケン,Ibaraki,稲敷郡,イナシキグン,Inashiki-gun,阿見町,アミマチ,Ami-machi,,,,よしわら,ヨシワラ,Yoshiwara,六丁目,６チョウメ,6,,,,,0,0,0,0,0,0,1,1,1947-04-17,,0,,,,,,,,,,,,,,,,
084433,0035000,1,茨城県,イバラキケン,Ibaraki,稲敷郡,イナシキグン,Inashiki-gun,阿見町,アミマチ,Ami-machi,,,,大字荒川沖,オオアザアラカワオキ,Arakawaoki,,,,,,,,0,0,0,0,0,0,1,1,1947-04-17,,0,3001151,,,,,,,,,,,,,,,
084433,0036000,1,茨城県,イバラキケン,Ibaraki,稲敷郡,イナシキグン,Inashiki-gun,阿見町,アミマチ,Ami-machi,,,,大字舟子,オオアザフナコ,,,,,,,,,0,0,0,0,0,0,1,1,1947-04-17,,0,,,,,,,,,,,,,,,,
084476,0001000,1,茨城県,イバラキケン,Ibaraki,稲敷郡,イナシキグン,Inashiki-gun,河内町,カワチマチ,Kawachi-machi,,,,片巻,カタマキ,Katamaki,,,,,,,,0,0,0,0,0,0,1,1,1947-04-17,,0,3001404,,,,,,,,,,,,,,,
084476,0002000,1,茨城県,イバラキケン,Ibaraki,稲敷郡,イナシキグン,Inashiki-gun,河内町,カワチマチ,Kawachi-machi,,,,金江津,カナエツ,Kanaetsu,,,,,,,,0,0,0,0,0,0,1,1,1947-04-17,,0,3001403,,,,,,,,,,,,,,,
084476,0003000,1,茨城県,イバラキケン,Ibaraki,稲敷郡,イナシキグン,Inashiki-gun,河内町,カワチマチ,Kawachi-machi,,,,源清田,ゲンセイダ,Genseida,,,,,,,,0,0,0,0,0,0,1,1,1947-04-17,,0,3001324,,,,,,,,,,,,,,,
084476,0004000,1,茨城県,イバラキケン,Ibaraki,稲敷郡,イナシキグン,Inashiki-gun,河内町,カワチマチ,Kawachi-machi,,,,幸谷,コウヤ,Koya,,,,,,,,0,0,0,0,0,0,1,1,1947-04-17,,0,3001332,,,,,,,,,,,,,,,
084476,0005000,1,茨城県,イバラキケン,Ibaraki,稲敷郡,イナシキグン,Inashiki-gun,河内町,カワチマチ,Kawachi-machi,,,,古河林,コガバヤシ,Kogabayashi,,,,,,,,0,0,0,0,0,0,1,1,1947-04-17,,0,3001322,,,,,,,,,,,,,,,
084476,0006000,1,茨城県,イバラキケン,Ibaraki,稲敷郡,イナシキグン,Inashiki-gun,河内町,カワチマチ,Kawachi-machi,,,,小林町歩,コバヤシチョウブ,Kobayashichobu,,,,,,,,0,0,0,0,0,0,1,1,1947-04-17,,0,3001334,,,,,,,,,,,,,,,
084476,0007000,1,茨城県,イバラキケン,Ibaraki,稲敷郡,イナシキグン,Inashiki-gun,河内町,カワチマチ,Kawachi-machi,,,,猿島,サシマ,Sashima,,,,,,,,0,0,0,0,0,0,1,1,1947-04-17,,0,3001327,,,,,,,,,,,,,,,
084476,0008000,1,茨城県,イバラキケン,Ibaraki,稲敷郡,イナシキグン,Inashiki-gun,河内町,カワチマチ,Kawachi-machi,,,,下加納,シモカノウ,Shimokano,,,,,,,,0,0,0,0,0,0,1,1,1947-04-17,,0,3001406,,,,,,,,,,,,,,,
084476,0009000,1,茨城県,イバラキケン,Ibaraki,稲敷郡,イナシキグン,Inashiki-gun,河内町,カワチマチ,Kawachi-machi,,,,下町歩,シモチョウブ,Shimochobu,,,,,,,,0,0,0,0,0,0,1,1,1947-04-17,,0,3001314,,,,,,,,,,,,,,,
084476,0010000,1,茨城県,イバラキケン,Ibaraki,稲敷郡,イナシキグン,Inashiki-gun,河内町,カワチマチ,Kawachi-machi,,,,十三間戸,ジュウサンマド,Jusammado,,,,,,,,0,0,0,0,0,0,1,1,1947-04-17,,0,3001401,,,,,,,,,,,,,,,
084476,0011000,1,茨城県,イバラキケン,Ibaraki,稲敷郡,イナシキグン,Inashiki-gun,河内町,カワチマチ,Kawachi-machi,,,,十里,ジュウリ,Juri,,,,,,,,0,0,0,0,0,0,1,1,1947-04-17,,0,3001315,,,,,,,,,,,,,,,
084476,0012000,1,茨城県,イバラキケン,Ibaraki,稲敷郡,イナシキグン,Inashiki-gun,河内町,カワチマチ,Kawachi-machi,,,,庄布川,ショウブカワ,Shobukawa,,,,,,,,0,0,0,0,0,0,1,1,1947-04-17,,0,3001311,,,,,,,,,,,,,,,
084476,0013000,1,茨城県,イバラキケン,Ibaraki,稲敷郡,イナシキグン,Inashiki-gun,河内町,カワチマチ,Kawachi-machi,,,,角崎町歩,スミザキチョウブ,Sumizakichobu,,,,,,,,0,0,0,0,0,0,1,1,1947-04-17,,0,3001333,,,,,,,,,,,,,,,
084476,0014000,1,茨城県,イバラキケン,Ibaraki,稲敷郡,イナシキグン,Inashiki-gun,河内町,カワチマチ,Kawachi-machi,,,,大徳鍋子新田,ダイトクナベコシンデン,Daitokunabekoshinden,,,,,,,,0,0,0,0,0,0,1,1,1947-04-17,,0,3001336,,,,,,,,,,,,,,,
084476,0015000,1,茨城県,イバラキケン,Ibaraki,稲敷郡,イナシキグン,Inashiki-gun,河内町,カワチマチ,Kawachi-machi,,,,田川,タガワ,,,,,,,,,0,0,0,0,0,0,1,1,1947-04-17,,0,,,,,,,,,,,,,,,,
084476,0016000,1,茨城県,イバラキケン,Ibaraki,稲敷郡,イナシキグン,Inashiki-gun,河内町,カワチマチ,Kawachi-machi,,,,手栗,テグリ,Teguri,,,,,,,,0,0,0,0,0,0,1,1,1947-04-17,,0,3001323,,,,,,,,,,,,,,,
084476,0017000,1,茨城県,イバラキケン,Ibaraki,稲敷郡,イナシキグン,Inashiki-gun,河内町,カワチマチ,Kawachi-machi,,,,長竿,ナガサオ,Nagasao,,,,,,,,0,0,0,0,0,0,1,1,1947-04-17,,0,3001312,,,,,,,,,,,,,,,
084476,0018000,1,茨城県,イバラキケン,Ibaraki,稲敷郡,イナシキグン,Inashiki-gun,河内町,カワチマチ,Kawachi-machi,,,,羽子騎,ハネキ,Haneki,,,,,,,,0,0,0,0,0,0,1,1,1947-04-17,,0,3001321,,,,,,,,,,,,,,,
084476,0019000,1,茨城県,イバラキケン,Ibaraki,稲敷郡,イナシキグン,Inashiki-gun,河内町,カワチマチ,Kawachi-machi,,,,平川,ヒラカワ,Hirakawa,,,,,,,,0,0,0,0,0,0,1,1,1947-04-17,,0,3001402,,,,,,,,,,,,,,,
084476,0020000,1,茨城県,イバラキケン,Ibaraki,稲敷郡,イナシキグン,Inashiki-gun,河内町,カワチマチ,Kawachi-machi,,,,布鎌,フカマ,Fukama,,,,,,,,0,0,0,0,0,0,1,1,1947-04-17,,0,3001316,,,,,,,,,,,,,,,
084476,0021000,1,茨城県,イバラキケン,Ibaraki,稲敷郡,イナシキグン,Inashiki-gun,河内町,カワチマチ,Kawachi-machi,,,,平三郎,ヘイザブロウ,Heizaburo,,,,,,,,0,0,0,0,0,0,1,1,1947-04-17,,0,3001325,,,,,,,,,,,,,,,
084476,0022000,1,茨城県,イバラキケン,Ibaraki,稲敷郡,イナシキグン,Inashiki-gun,河内町,カワチマチ,Kawachi-machi,,,,生板,マナイタ,Manaita,,,,,,,,0,0,0,0,0,0,1,1,1947-04-17,,0,3001331,,,,,,,,,,,,,,,
084476,0023000,1,茨城県,イバラキケン,Ibaraki,稲敷郡,イナシキグン,Inashiki-gun,河内町,カワチマチ,Kawachi-machi,,,,生板鍋子新田,マナイタナベコシンデン,Manaitanabekoshinden,,,,,,,,0,0,0,0,0,0,1,1,1947-04-17,,0,3001335,,,,,,,,,,,,,,,
084476,0024000,1,茨城県,イバラキケン,Ibaraki,稲敷郡,イナシキグン,Inashiki-gun,河内町,カワチマチ,Kawachi-machi,,,,宮渕,ミヤブチ,Miyabuchi,,,,,,,,0,0,0,0,0,0,1,1,1947-04-17,,0,3001326,,,,,,,,,,,,,,,
084476,0027000,1,茨城県,イバラキケン,Ibaraki,稲敷郡,イナシキグン,Inashiki-gun,河内町,カワチマチ,Kawachi-machi,,,,和銅谷,ワドウヤ,,,,,,,,,0,0,0,0,0,0,1,1,1947-04-17,,0,,,,,,,,,,,,,,,,
084476,0028000,1,茨城県,イバラキケン,Ibaraki,稲敷郡,イナシキグン,Inashiki-gun,河内町,カワチマチ,Kawachi-machi,,,,龍ケ崎町歩,リュウガサキチョウブ,Ryugasakichobu,,,,,,,,0,0,0,0,0,0,1,1,1947-04-17,,0,3001337,,,,,,,,,,,,,,,
084476,0029000,1,茨城県,イバラキケン,Ibaraki,稲敷郡,イナシキグン,Inashiki-gun,河内町,カワチマチ,Kawachi-machi,,,,竜ケ崎町歩,リュウガサキチョウブ,,,,,,,,,0,0,0,0,0,0,1,0,1947-04-17,,1,,,,,,,,,,,,,,,,
085219,0001000,1,茨城県,イバラキケン,Ibaraki,結城郡,ユウキグン,Yuki-gun,八千代町,ヤチヨマチ,Yachiyo-machi,,,,大字芦ケ谷,オオアザアシガヤ,Ashigaya,,,,,,,,0,0,0,0,0,0,1,1,1947-04-17,,0,3003555,,,,,,,,,,,,,,,
085219,0002000,1,茨城県,イバラキケン,Ibaraki,結城郡,ユウキグン,Yuki-gun,八千代町,ヤチヨマチ,Yachiyo-machi,,,,大字芦ケ谷新田,オオアザアシガヤシンデン,Ashigayashinden,,,,,,,,0,0,0,0,0,0,1,1,1947-04-17,,0,3003556,,,,,,,,,,,,,,,
085219,0003000,1,茨城県,イバラキケン,Ibaraki,結城郡,ユウキグン,Yuki-gun,八千代町,ヤチヨマチ,Yachiyo-machi,,,,大字新井,オオアザアライ,Arai,,,,,,,,0,0,0,0,0,0,1,1,1947-04-17,,0,3003519,,,,,,,,,,,,,,,
085219,0004000,1,茨城県,イバラキケン,Ibaraki,結城郡,ユウキグン,Yuki-gun,八千代町,ヤチヨマチ,Yachiyo-machi,,,,大字粟野,オオアザアワノ,Awano,,,,,,,,0,0,0,0,0,0,1,1,1947-04-17,,0,3003535,,,,,,,,,,,,,,,
085219,0005000,1,茨城県,イバラキケン,Ibaraki,結城郡,ユウキグン,Yuki-gun,八千代町,ヤチヨマチ,Yachiyo-machi,,,,大字磯,オオアザイソ,Iso,,,,,,,,0,0,0,0,0,0,1,1,1947-04-17,,0,3003562,,,,,,,,,,,,,,,
085219,0006000,1,茨城県,イバラキケン,Ibaraki,結城郡,ユウキグン,Yuki-gun,八千代町,ヤチヨマチ,Yachiyo-machi,,,,大字今里,オオアザイマザト,Imazato,,,,,,,,0,0,0,0,0,0,1,1,1947-04-17,,0,3003531,,,,,,,,,,,,,,,
085219,0007000,1,茨城県,イバラキケン,Ibaraki,結城郡,ユウキグン,Yuki-gun,八千代町,ヤチヨマチ,Yachiyo-machi,,,,大字大里,オオアザオオサト,Osato,,,,,,,,0,0,0,0,0,0,1,1,1947-04-17,,0,3003514,,,,,,,,,,,,,,,
085219,0008000,1,茨城県,イバラキケン,Ibaraki,結城郡,ユウキグン,Yuki-gun,八千代町,ヤチヨマチ,Yachiyo-machi,,,,大字太田,オオアザオオタ,Ota,,,,,,,,0,0,0,0,0,0,1,1,1947-04-17,,0,3003534,,,,,,,,,,,,,,,
085219,0009000,1,茨城県,イバラキケン,Ibaraki,結城郡,ユウキグン,Yuki-gun,八千代町,ヤチヨマチ,Yachiyo-machi,,,,大字大戸新田,オオアザオオトシンデン,Odoshinden,,,,,,,,0,0,0,0,0,0,1,1,1947-04-17,,0,3003571,,,,,,,,,,,,,,,
085219,0010000,1,茨城県,イバラキケン,Ibaraki,結城郡,ユウキグン,Yuki-gun,八千代町,ヤチヨマチ,Yachiyo-machi,,,,大字大間木,オオアザオオマギ,Omagi,,,,,,,,0,0,0,0,0,0,1,1,1947-04-17,,0,3003552,,,,,,,,,,,,,,,
085219,0011000,1,茨城県,イバラキケン,Ibaraki,結城郡,ユウキグン,Yuki-gun,八千代町,ヤチヨマチ,Yachiyo-machi,,,,大字大渡戸,オオアザオオワタド,Owadado,,,,,,,,0,0,0,0,0,0,1,1,1947-04-17,,0,3003515,,,,,,,,,,,,,,,
085219,0012000,1,茨城県,イバラキケン,Ibaraki,結城郡,ユウキグン,Yuki-gun,八千代町,ヤチヨマチ,Yachiyo-machi,,,,大字尾崎,オオアザオサキ,Osaki,,,,,,,,0,0,0,0,0,0,1,1,1947-04-17,,0,3003554,,,,,,,,,,,,,,,
085219,0013000,1,茨城県,イバラキケン,Ibaraki,結城郡,ユウキグン,Yuki-gun,八千代町,ヤチヨマチ,Yachiyo-machi,,,,大字貝谷,オオアザカイヤ,Kaiya,,,,,,,,0,0,0,0,0,0,1,1,1947-04-17,,0,3003526,,,,,,,,,,,,,,,
085219,0014000,1,茨城県,イバラキケン,Ibaraki,結城郡,ユウキグン,Yuki-gun,八千代町,ヤチヨマチ,Yachiyo-machi,,,,大字粕礼,オオアザカスレイ,Kasurei,,,,,,,,0,0,0,0,0,0,1,1,1947-04-17,,0,3003503,,,,,,,,,,,,,,,
085219,0015000,1,茨城県,イバラキケン,Ibaraki,結城郡,ユウキグン,Yuki-gun,八千代町,ヤチヨマチ,Yachiyo-machi,,,,大字片角,オオアザカタカク,Katakaku,,,,,,,,0,0,0,0,0,0,1,1,1947-04-17,,0,3003533,,,,,,,,,,,,,,,
085219,0016000,1,茨城県,イバラキケン,Ibaraki,結城郡,ユウキグン,Yuki-gun,八千代町,ヤチヨマチ,Yachiyo-machi,,,,大字苅橋,オオアザカリハシ,Karihashi,,,,,,,,0,0,0,0,0,0,1,1,1947-04-17,,0,3003537,,,,,,,,,,,,,,,
085219,0017000,1,茨城県,イバラキケン,Ibaraki,結城郡,ユウキグン,Yuki-gun,八千代町,ヤチヨマチ,Yachiyo-machi,,,,大字川尻,オオアザカワジリ,Kawajiri,,,,,,,,0,0,0,0,0,0,1,1,1947-04-17,,0,3003521,,,,,,,,,,,,,,,
085219,0018000,1,茨城県,イバラキケン,Ibaraki,結城郡,ユウキグン,Yuki-gun,八千代町,ヤチヨマチ,Yachiyo-machi,,,,大字久下田,オオアザクゲタ,Kugeta,,,,,,,,0,0,0,0,0,0,1,1,1947-04-17,,0,3003513,,*_*_MJ006378_*_*,,,,,,,,,,,,,
085219,0019000,1,茨城県,イバラキケン,Ibaraki,結城郡,ユウキグン,Yuki-gun,八千代町,ヤチヨマチ,Yachiyo-machi,,,,大字栗山,オオアザクリヤマ,Kuriyama,,,,,,,,0,0,0,0,0,0,1,1,1947-04-17,,0,3003551,,,,,,,,,,,,,,,
085219,0020000,1,茨城県,イバラキケン,Ibaraki,結城郡,ユウキグン,Yuki-gun,八千代町,ヤチヨマチ,Yachiyo-machi,,,,大字小屋,オオアザコヤ,Koya,,,,,,,,0,0,0,0,0,0,1,1,1947-04-17,,0,3003512,,,,,,,,,,,,,,,
085219,0021000,1,茨城県,イバラキケン,Ibaraki,結城郡,ユウキグン,Yuki-gun,八千代町,ヤチヨマチ,Yachiyo-machi,,,,大字佐野,オオアザサノ,Sano,,,,,,,,0,0,0,0,0,0,1,1,1947-04-17,,0,3003505,,,,,,,,,,,,,,,
085219,0022000,1,茨城県,イバラキケン,Ibaraki,結城郡,ユウキグン,Yuki-gun,八千代町,ヤチヨマチ,Yachiyo-machi,,,,大字塩本,オオアザシオモト,Shiomoto,,,,,,,,0,0,0,0,0,0,1,1,1947-04-17,,0,3003501,,,,,,,,,,,,,,,
085219,0023000,1,茨城県,イバラキケン,Ibaraki,結城郡,ユウキグン,Yuki-gun,八千代町,ヤチヨマチ,Yachiyo-machi,,,,大字下山川,オオアザシモヤマカワ,Shimoyamakawa,,,,,,,,0,0,0,0,0,0,1,1,1947-04-17,,0,3003502,,,,,,,,,,,,,,,
085219,0024000,1,茨城県,イバラキケン,Ibaraki,結城郡,ユウキグン,Yuki-gun,八千代町,ヤチヨマチ,Yachiyo-machi,,,,大字新地,オオアザシンチ,Shinchi,,,,,,,,0,0,0,0,0,0,1,1,1947-04-17,,0,3003541,,,,,,,,,,,,,,,
085219,0025000,1,茨城県,イバラキケン,Ibaraki,結城郡,ユウキグン,Yuki-gun,八千代町,ヤチヨマチ,Yachiyo-machi,,,,大字新地新田,オオアザシンチシンデン,Shinchishinden,,,,,,,,0,0,0,0,0,0,1,1,1947-04-17,,0,3003543,,,,,,,,,,,,,,,
085219,0026000,1,茨城県,イバラキケン,Ibaraki,結城郡,ユウキグン,Yuki-gun,八千代町,ヤチヨマチ,Yachiyo-machi,,,,大字菅谷,オオアザスゲノヤ,Sugenoya,,,,,,,,0,0,0,0,0,0,1,1,1947-04-17,,0,3003572,,,,,,,,,,,,,,,
085219,0027000,1,茨城県,イバラキケン,Ibaraki,結城郡,ユウキグン,Yuki-gun,八千代町,ヤチヨマチ,Yachiyo-machi,,,,大字瀬戸井,オオアザセトイ,Setoi,,,,,,,,0,0,0,0,0,0,1,1,1947-04-17,,0,3003511,,,,,,,,,,,,,,,
085219,0028000,1,茨城県,イバラキケン,Ibaraki,結城郡,ユウキグン,Yuki-gun,八千代町,ヤチヨマチ,Yachiyo-machi,,,,大字高崎,オオアザタカサキ,Takasaki,,,,,,,,0,0,0,0,0,0,1,1,1947-04-17,,0,3003516,,,,,,,,,,,,,,,
085219,0029000,1,茨城県,イバラキケン,Ibaraki,結城郡,ユウキグン,Yuki-gun,八千代町,ヤチヨマチ,Yachiyo-machi,,,,大字坪井,オオアザツボイ,Tsuboi,,,,,,,,0,0,0,0,0,0,1,1,1947-04-17,,0,3003517,,,,,,,,,,,,,,,
085219,0030000,1,茨城県,イバラキケン,Ibaraki,結城郡,ユウキグン,Yuki-gun,八千代町,ヤチヨマチ,Yachiyo-machi,,,,大字中野,オオアザナカノ,Nakano,,,,,,,,0,0,0,0,0,0,1,1,1947-04-17,,0,3003536,,,,,,,,,,,,,,,
085219,0031000,1,茨城県,イバラキケン,Ibaraki,結城郡,ユウキグン,Yuki-gun,八千代町,ヤチヨマチ,Yachiyo-machi,,,,大字成田,オオアザナリタ,Narita,,,,,,,,0,0,0,0,0,0,1,1,1947-04-17,,0,3003506,,,,,,,,,,,,,,,
085219,0032000,1,茨城県,イバラキケン,Ibaraki,結城郡,ユウキグン,Yuki-gun,八千代町,ヤチヨマチ,Yachiyo-machi,,,,大字仁江戸,オオアザニエド,Niedo,,,,,,,,0,0,0,0,0,0,1,1,1947-04-17,,0,3003539,,,,,,,,,,,,,,,
085219,0033000,1,茨城県,イバラキケン,Ibaraki,結城郡,ユウキグン,Yuki-gun,八千代町,ヤチヨマチ,Yachiyo-machi,,,,大字西大山,オオアザニシオオヤマ,Nishioyama,,,,,,,,0,0,0,0,0,0,1,1,1947-04-17,,0,3003504,,,,,,,,,,,,,,,
085219,0034000,1,茨城県,イバラキケン,Ibaraki,結城郡,ユウキグン,Yuki-gun,八千代町,ヤチヨマチ,Yachiyo-machi,,,,大字沼森,オオアザヌマモリ,Numamori,,,,,,,,0,0,0,0,0,0,1,1,1947-04-17,,0,3003525,,,,,,,,,,,,,,,
085219,0035000,1,茨城県,イバラキケン,Ibaraki,結城郡,ユウキグン,Yuki-gun,八千代町,ヤチヨマチ,Yachiyo-machi,,,,大字野爪,オオアザノヅメ,Notsume,,,,,,,,0,0,0,0,0,0,1,1,1947-04-17,,0,3003518,,,,,,,,,,,,,,,
085219,0036000,1,茨城県,イバラキケン,Ibaraki,結城郡,ユウキグン,Yuki-gun,八千代町,ヤチヨマチ,Yachiyo-machi,,,,大字八町,オオアザハッチョウ,Hatcho,,,,,,,,0,0,0,0,0,0,1,1,1947-04-17,,0,3003523,,,,,,,,,,,,,,,
085219,0037000,1,茨城県,イバラキケン,Ibaraki,結城郡,ユウキグン,Yuki-gun,八千代町,ヤチヨマチ,Yachiyo-machi,,,,大字東大山,オオアザヒガシオオヤマ,Higashioyama,,,,,,,,0,0,0,0,0,0,1,1,1947-04-17,,0,3003538,,,,,,,,,,,,,,,
085219,0038000,1,茨城県,イバラキケン,Ibaraki,結城郡,ユウキグン,Yuki-gun,八千代町,ヤチヨマチ,Yachiyo-machi,,,,大字東原,オオアザヒガシハラ,Higashihara,,,,,,,,0,0,0,0,0,0,1,1,1947-04-17,,0,3003527,,,,,,,,,,,,,,,
085219,0039000,1,茨城県,イバラキケン,Ibaraki,結城郡,ユウキグン,Yuki-gun,八千代町,ヤチヨマチ,Yachiyo-machi,,,,大字東蕗田,オオアザヒガシフキダ,Higashifukida,,,,,,,,0,0,0,0,0,0,1,1,1947-04-17,,0,3003545,,,,,,,,,,,,,,,
085219,0040000,1,茨城県,イバラキケン,Ibaraki,結城郡,ユウキグン,Yuki-gun,八千代町,ヤチヨマチ,Yachiyo-machi,,,,大字兵庫,オオアザヒョウゴ,Hyogo,,,,,,,,0,0,0,0,0,0,1,1,1947-04-17,,0,3003524,,,,,,,,,,,,,,,
085219,0041000,1,茨城県,イバラキケン,Ibaraki,結城郡,ユウキグン,Yuki-gun,八千代町,ヤチヨマチ,Yachiyo-machi,,,,大字平塚,オオアザヒラツカ,Hiratsuka,,,,,,,,0,0,0,0,0,0,1,1,1947-04-17,,0,3003561,,*_*_*_MJ009216,,,,,,,,,,,,,
085219,0042000,1,茨城県,イバラキケン,Ibaraki,結城郡,ユウキグン,Yuki-gun,八千代町,ヤチヨマチ,Yachiyo-machi,,,,大字蕗田,オオアザフキダ,Fukida,,,,,,,,0,0,0,0,0,0,1,1,1947-04-17,,0,3003553,,,,,,,,,,,,,,,
085219,0043000,1,茨城県,イバラキケン,Ibaraki,結城郡,ユウキグン,Yuki-gun,八千代町,ヤチヨマチ,Yachiyo-machi,,,,大字福岡,オオアザフクオカ,Fukuoka,,,,,,,,0,0,0,0,0,0,1,1,1947-04-17,,0,3003542,,,,,,,,,,,,,,,
085219,0044000,1,茨城県,イバラキケン,Ibaraki,結城郡,ユウキグン,Yuki-gun,八千代町,ヤチヨマチ,Yachiyo-machi,,,,大字袋,オオアザフクロ,Fukuro,,,,,,,,0,0,0,0,0,0,1,1,1947-04-17,,0,3003522,,,,,,,,,,,,,,,
085219,0045000,1,茨城県,イバラキケン,Ibaraki,結城郡,ユウキグン,Yuki-gun,八千代町,ヤチヨマチ,Yachiyo-machi,,,,大字本郷,オオアザホンゴウ,Hongo,,,,,,,,0,0,0,0,0,0,1,1,1947-04-17,,0,3003532,,,,,,,,,,,,,,,
085219,0046000,1,茨城県,イバラキケン,Ibaraki,結城郡,ユウキグン,Yuki-gun,八千代町,ヤチヨマチ,Yachiyo-machi,,,,大字松本,オオアザマツモト,Matsumoto,,,,,,,,0,0,0,0,0,0,1,1,1947-04-17,,0,3003565,,,,,,,,,,,,,,,
085219,0047000,1,茨城県,イバラキケン,Ibaraki,結城郡,ユウキグン,Yuki-gun,八千代町,ヤチヨマチ,Yachiyo-machi,,,,大字水口,オオアザミノクチ,Minokuchi,,,,,,,,0,0,0,0,0,0,1,1,1947-04-17,,0,3003564,,,,,,,,,,,,,,,
085219,0048000,1,茨城県,イバラキケン,Ibaraki,結城郡,ユウキグン,Yuki-gun,八千代町,ヤチヨマチ,Yachiyo-machi,,,,大字村貫,オオアザムラヌキ,Muranuki,,,,,,,,0,0,0,0,0,0,1,1,1947-04-17,,0,3003563,,,,,,,,,,,,,,,
085219,0049000,1,茨城県,イバラキケン,Ibaraki,結城郡,ユウキグン,Yuki-gun,八千代町,ヤチヨマチ,Yachiyo-machi,,,,大字若,オオアザワカ,Waka,,,,,,,,0,0,0,0,0,0,1,1,1947-04-17,,0,3003544,,,,,,,,,,,,,,,
085219,0052000,1,茨城県,イバラキケン,Ibaraki,結城郡,ユウキグン,Yuki-gun,八千代町,ヤチヨマチ,Yachiyo-machi,,,,大字平塚乙,オオアザヒラツカオツ,,,,,,,,,0,0,0,0,0,0,1,0,1947-04-17,,1,,,*_*_*_MJ009216_*,,,,,,,,,,,,,
085219,0053000,1,茨城県,イバラキケン,Ibaraki,結城郡,ユウキグン,Yuki-gun,八千代町,ヤチヨマチ,Yachiyo-machi,,,,大字福岡乙,オオアザフクオカオツ,,,,,,,,,0,0,0,0,0,0,1,0,1947-04-17,,1,,,,,,,,,,,,,,,,
085219,0054000,1,茨城県,イバラキケン,Ibaraki,結城郡,ユウキグン,Yuki-gun,八千代町,ヤチヨマチ,Yachiyo-machi,,,,大字粟野新田,オオアザアワノシンデン,,,,,,,,,0,0,0,0,0,0,1,0,1947-04-17,,1,,,,,,,,,,,,,,,,
085219,0055000,1,茨城県,イバラキケン,Ibaraki,結城郡,ユウキグン,Yuki-gun,八千代町,ヤチヨマチ,Yachiyo-machi,,,,大字菅谷兵,オオアザスゲノヤヒョウ,,,,,,,,,0,0,0,0,0,0,1,0,1947-04-17,,1,,,,,,,,,,,,,,,,
085421,0001000,1,茨城県,イバラキケン,Ibaraki,猿島郡,サシマグン,Sashima-gun,五霞町,ゴカマチ,Goka-machi,,,,大字江川,オオアザエガワ,Egawa,,,,,,,,0,0,0,0,0,0,1,1,1947-04-17,,0,3060303,,,,,,,,,,,,,,,
085421,0002000,1,茨城県,イバラキケン,Ibaraki,猿島郡,サシマグン,Sashima-gun,五霞町,ゴカマチ,Goka-machi,,,,大字大福田,オオアザオオフクダ,Ofukuda,,,,,,,,0,0,0,0,0,0,1,1,1947-04-17,,0,3060311,,,,,,,,,,,,,,,
085421,0003000,1,茨城県,イバラキケン,Ibaraki,猿島郡,サシマグン,Sashima-gun,五霞町,ゴカマチ,Goka-machi,,,,大字川妻,オオアザカワツマ,Kawatsuma,,,,,,,,0,0,0,0,0,0,1,1,1947-04-17,,0,3060314,,,,,,,,,,,,,,,
085421,0004000,1,茨城県,イバラキケン,Ibaraki,猿島郡,サシマグン,Sashima-gun,五霞町,ゴカマチ,Goka-machi,,,,大字幸主,オオアザコウシュ,Koshu,,,,,,,,0,0,0,0,0,0,1,1,1947-04-17,,0,3060304,,,,,,,,,,,,,,,
085421,0005000,1,茨城県,イバラキケン,Ibaraki,猿島郡,サシマグン,Sashima-gun,五霞町,ゴカマチ,Goka-machi,,,,大字山王,オオアザサンノウ,Sanno,,,,,,,,0,0,0,0,0,0,1,1,1947-04-17,,0,3060302,,,,,,,,,,,,,,,
085421,0006000,1,茨城県,イバラキケン,Ibaraki,猿島郡,サシマグン,Sashima-gun,五霞町,ゴカマチ,Goka-machi,,,,大字山王山,オオアザサンノウヤマ,Sannoyama,,,,,,,,0,0,0,0,0,0,1,1,1947-04-17,,0,3060301,,,,,,,,,,,,,,,
085421,0007000,1,茨城県,イバラキケン,Ibaraki,猿島郡,サシマグン,Sashima-gun,五霞町,ゴカマチ,Goka-machi,,,,大字新幸谷,オオアザシンコウヤ,Shinkoya,,,,,,,,0,0,0,0,0,0,1,1,1947-04-17,,0,3060312,,,,,,,,,,,,,,,
085421,0008000,1,茨城県,イバラキケン,Ibaraki,猿島郡,サシマグン,Sashima-gun,五霞町,ゴカマチ,Goka-machi,,,,大字冬木,オオアザフユギ,Fuyugi,,,,,,,,0,0,0,0,0,0,1,1,1947-04-17,,0,3060305,,,,,,,,,,,,,,,
085421,0009000,1,茨城県,イバラキケン,Ibaraki,猿島郡,サシマグン,Sashima-gun,五霞町,ゴカマチ,Goka-machi,,,,大字前林,オオアザマエバヤシ,Maebayashi,,,,,,,,0,0,0,0,0,0,1,1,1947-04-17,,0,3060317,,,,,,,,,,,,,,,
085421,0010000,1,茨城県,イバラキケン,Ibaraki,猿島郡,サシマグン,Sashima-gun,五霞町,ゴカマチ,Goka-machi,,,,大字元栗橋,オオアザモトクリハシ,Motokurihashi,,,,,,,,0,0,0,0,0,0,1,1,1947-04-17,,0,3060313,,,,,,,,,,,,,,,
085421,0011001,2,茨城県,イバラキケン,Ibaraki,猿島郡,サシマグン,Sashima-gun,五霞町,ゴカマチ,Goka-machi,,,,原宿台,ハラジュクダイ,Harajukudai,１丁目,１チョウメ,1,,,,,0,0,0,0,0,0,1,1,1947-04-17,,0,,,,,,,,,,,,,,,,
085421,0011002,2,茨城県,イバラキケン,Ibaraki,猿島郡,サシマグン,Sashima-gun,五霞町,ゴカマチ,Goka-machi,,,,原宿台,ハラジュクダイ,Harajukudai,２丁目,２チョウメ,2,,,,,0,0,0,0,0,0,1,1,1947-04-17,,0,,,,,,,,,,,,,,,,
085421,0011003,2,茨城県,イバラキケン,Ibaraki,猿島郡,サシマグン,Sashima-gun,五霞町,ゴカマチ,Goka-machi,,,,原宿台,ハラジュクダイ,Harajukudai,３丁目,３チョウメ,3,,,,,0,0,0,0,0,0,1,1,1947-04-17,,0,,,,,,,,,,,,,,,,
085421,0011004,2,茨城県,イバラキケン,Ibaraki,猿島郡,サシマグン,Sashima-gun,五霞町,ゴカマチ,Goka-machi,,,,原宿台,ハラジュクダイ,Harajukudai,４丁目,４チョウメ,4,,,,,0,0,0,0,0,0,1,1,1947-04-17,,0,,,,,,,,,,,,,,,,
085421,0012000,1,茨城県,イバラキケン,Ibaraki,猿島郡,サシマグン,Sashima-gun,五霞町,ゴカマチ,Goka-machi,,,,大字小手指,オオアザコテサシ,Kotesashi,,,,,,,,0,0,0,0,0,0,1,1,1947-04-17,,0,3060315,,,,,,,,,,,,,,,
085421,0013000,1,茨城県,イバラキケン,Ibaraki,猿島郡,サシマグン,Sashima-gun,五霞町,ゴカマチ,Goka-machi,,,,大字釈迦,オオアザシャカ,Shaka,,,,,,,,0,0,0,0,0,0,1,1,1947-04-17,,0,3060316,,*_*_*_MJ025830,,,,,,,,,,,,,
085421,0014000,1,茨城県,イバラキケン,Ibaraki,猿島郡,サシマグン,Sashima-gun,五霞町,ゴカマチ,Goka-machi,,,,大字小福田,オオアザコフクダ,Kofukuda,,,,,,,,0,0,0,0,0,0,1,1,1947-04-17,,0,3060307,,,,,,,,,,,,,,,
085421,0015000,1,茨城県,イバラキケン,Ibaraki,猿島郡,サシマグン,Sashima-gun,五霞町,ゴカマチ,Goka-machi,,,,ごかみらい,ゴカミライ,Gokamirai,,,,,,,,0,0,0,0,0,0,1,1,1947-04-17,,0,3060308,,,,,,,,,,,,,,,
085464,0000000,4,茨城県,イバラキケン,Ibaraki,猿島郡,サシマグン,Sashima-gun,境町,サカイマチ,Sakai-machi,,,,,,,,,,,,,,0,0,0,0,0,0,1,1,1947-04-17,,0,,,,,,,,,,,,,,,,
085464,0001000,1,茨城県,イバラキケン,Ibaraki,猿島郡,サシマグン,Sashima-gun,境町,サカイマチ,Sakai-machi,,,,大字一ノ谷,オオアザイチノヤ,Ichinoya,,,,,,,,0,0,0,0,0,0,1,1,1947-04-17,,0,3060422,,,,,,,,,,,,,,,
085464,0002000,1,茨城県,イバラキケン,Ibaraki,猿島郡,サシマグン,Sashima-gun,境町,サカイマチ,Sakai-machi,,,,大字稲尾,オオアザイナオ,Inao,,,,,,,,0,0,0,0,0,0,1,1,1947-04-17,,0,3060407,,,,,,,,,,,,,,,
085464,0003000,1,茨城県,イバラキケン,Ibaraki,猿島郡,サシマグン,Sashima-gun,境町,サカイマチ,Sakai-machi,,,,大字内門,オオアザウチカド,Uchikado,,,,,,,,0,0,0,0,0,0,1,1,1947-04-17,,0,3060414,,,,,,,,,,,,,,,
085464,0004000,1,茨城県,イバラキケン,Ibaraki,猿島郡,サシマグン,Sashima-gun,境町,サカイマチ,Sakai-machi,,,,大字浦向,オオアザウラムコウ,Uramuko,,,,,,,,0,0,0,0,0,0,1,1,1947-04-17,,0,3060427,,,,,,,,,,,,,,,
085464,0005000,1,茨城県,イバラキケン,Ibaraki,猿島郡,サシマグン,Sashima-gun,境町,サカイマチ,Sakai-machi,,,,大字金岡,オオアザカネオカ,Kaneoka,,,,,,,,0,0,0,0,0,0,1,1,1947-04-17,,0,3060426,,,,,,,,,,,,,,,
085464,0006000,1,茨城県,イバラキケン,Ibaraki,猿島郡,サシマグン,Sashima-gun,境町,サカイマチ,Sakai-machi,,,,大字上小橋,オオアザカミコバシ,Kamikobashi,,,,,,,,0,0,0,0,0,0,1,1,1947-04-17,,0,3060434,,,,,,,,,,,,,,,
085464,0007000,1,茨城県,イバラキケン,Ibaraki,猿島郡,サシマグン,Sashima-gun,境町,サカイマチ,Sakai-machi,,,,大字桐ケ作,オオアザキリガサク,Kirigasaku,,,,,,,,0,0,0,0,0,0,1,1,1947-04-17,,0,3060424,,,,,,,,,,,,,,,
085464,0008000,1,茨城県,イバラキケン,Ibaraki,猿島郡,サシマグン,Sashima-gun,境町,サカイマチ,Sakai-machi,,,,大字栗山,オオアザクリヤマ,Kuriyama,,,,,,,,0,0,0,0,0,0,1,1,1947-04-17,,0,3060412,,,,,,,,,,,,,,,
085464,0009000,1,茨城県,イバラキケン,Ibaraki,猿島郡,サシマグン,Sashima-gun,境町,サカイマチ,Sakai-machi,,,,大字猿山,オオアザサルヤマ,Saruyama,,,,,,,,0,0,0,0,0,0,1,1,1947-04-17,,0,3060402,,,,,,,,,,,,,,,
085464,0010000,1,茨城県,イバラキケン,Ibaraki,猿島郡,サシマグン,Sashima-gun,境町,サカイマチ,Sakai-machi,,,,大字志鳥,オオアザシトリ,Shitori,,,,,,,,0,0,0,0,0,0,1,1,1947-04-17,,0,3060401,,,,,,,,,,,,,,,
085464,0011000,1,茨城県,イバラキケン,Ibaraki,猿島郡,サシマグン,Sashima-gun,境町,サカイマチ,Sakai-machi,,,,大字下砂井,オオアザシモイサゴイ,Shimoisagoi,,,,,,,,0,0,0,0,0,0,1,1,1947-04-17,,0,3060411,,,,,,,,,,,,,,,
085464,0012000,1,茨城県,イバラキケン,Ibaraki,猿島郡,サシマグン,Sashima-gun,境町,サカイマチ,Sakai-machi,,,,大字下小橋,オオアザシモコバシ,Shimokobashi,,,,,,,,0,0,0,0,0,0,1,1,1947-04-17,,0,3060432,,,,,,,,,,,,,,,
085464,0013000,1,茨城県,イバラキケン,Ibaraki,猿島郡,サシマグン,Sashima-gun,境町,サカイマチ,Sakai-machi,,,,大字蛇池,オオアザジャイケ,Jaike,,,,,,,,0,0,0,0,0,0,1,1,1947-04-17,,0,3060403,,,,,,,,,,,,,,,
085464,0014000,1,茨城県,イバラキケン,Ibaraki,猿島郡,サシマグン,Sashima-gun,境町,サカイマチ,Sakai-machi,,,,大字染谷,オオアザソメヤ,Someya,,,,,,,,0,0,0,0,0,0,1,1,1947-04-17,,0,3060421,,,,,,,,,,,,,,,
085464,0015000,1,茨城県,イバラキケン,Ibaraki,猿島郡,サシマグン,Sashima-gun,境町,サカイマチ,Sakai-machi,,,,大字塚崎,オオアザツカザキ,Tsukazaki,,,,,,,,0,0,0,0,0,0,1,1,1947-04-17,,0,3060405,,,,,,,,,,,,,,,
085464,0016000,1,茨城県,イバラキケン,Ibaraki,猿島郡,サシマグン,Sashima-gun,境町,サカイマチ,Sakai-machi,,,,大字長井戸,オオアザナガイド,Nagaido,,,,,,,,0,0,0,0,0,0,1,0,1947-04-17,,0,3060404,,,,,,,,,,,,,,,
085464,0017000,1,茨城県,イバラキケン,Ibaraki,猿島郡,サシマグン,Sashima-gun,境町,サカイマチ,Sakai-machi,,,,大字西泉田,オオアザニシイズミダ,Nishiizumida,,,,,,,,0,0,0,0,0,0,1,1,1947-04-17,,0,3060431,,,,,,,,,,,,,,,
085464,0018000,1,茨城県,イバラキケン,Ibaraki,猿島郡,サシマグン,Sashima-gun,境町,サカイマチ,Sakai-machi,,,,大字新田戸,オオアザニッタド,Nittado,,,,,,,,0,0,0,0,0,0,1,1,1947-04-17,,0,3060425,,,,,,,,,,,,,,,
085464,0019000,1,茨城県,イバラキケン,Ibaraki,猿島郡,サシマグン,Sashima-gun,境町,サカイマチ,Sakai-machi,,,,大字伏木,オオアザフセギ,Fusegi,,,,,,,,0,0,0,0,0,0,1,1,1947-04-17,,0,3060416,,,,,,,,,,,,,,,
085464,0020000,1,茨城県,イバラキケン,Ibaraki,猿島郡,サシマグン,Sashima-gun,境町,サカイマチ,Sakai-machi,,,,大字百戸,オオアザモド,Modo,,,,,,,,0,0,0,0,0,0,1,1,1947-04-17,,0,3060423,,,,,,,,,,,,,,,
085464,0021000,1,茨城県,イバラキケン,Ibaraki,猿島郡,サシマグン,Sashima-gun,境町,サカイマチ,Sakai-machi,,,,大字山崎,オオアザヤマザキ,Yamazaki,,,,,,,,0,0,0,0,0,0,1,1,1947-04-17,,0,3060413,,,,,,,,,,,,,,,
085464,0022000,1,茨城県,イバラキケン,Ibaraki,猿島郡,サシマグン,Sashima-gun,境町,サカイマチ,Sakai-machi,,,,大字横塚,オオアザヨコツカ,Yokotsuka,,,,,,,,0,0,0,0,0,0,1,1,1947-04-17,,0,3060406,,,,,,,,,,,,,,,
085464,0023000,1,茨城県,イバラキケン,Ibaraki,猿島郡,サシマグン,Sashima-gun,境町,サカイマチ,Sakai-machi,,,,大字若林,オオアザワカハヤシ,Wakabayashi,,,,,,,,0,0,0,0,0,0,1,1,1947-04-17,,0,3060417,,,,,,,,,,,,,,,
085464,0024000,1,茨城県,イバラキケン,Ibaraki,猿島郡,サシマグン,Sashima-gun,境町,サカイマチ,Sakai-machi,,,,大字大歩,オオアザワゴ,Wago,,,,,,,,0,0,0,0,0,0,1,1,1947-04-17,,0,3060415,,,,,,,,,,,,,,,
085464,0025001,2,茨城県,イバラキケン,Ibaraki,猿島郡,サシマグン,Sashima-gun,境町,サカイマチ,Sakai-machi,,,,陽光台,ヨウコウダイ,Yokodai,一丁目,１チョウメ,1,,,,,0,0,0,0,0,0,1,1,1947-04-17,,0,,,,,,,,,,,,,,,,
085464,0025002,2,茨城県,イバラキケン,Ibaraki,猿島郡,サシマグン,Sashima-gun,境町,サカイマチ,Sakai-machi,,,,陽光台,ヨウコウダイ,Yokodai,二丁目,２チョウメ,2,,,,,0,0,0,0,0,0,1,1,1947-04-17,,0,,,,,,,,,,,,,,,,
085464,0026001,2,茨城県,イバラキケン,Ibaraki,猿島郡,サシマグン,Sashima-gun,境町,サカイマチ,Sakai-machi,,,,みらい平,ミライダイラ,,一丁目,１チョウメ,1,,,,,0,0,0,0,0,0,1,1,2022-03-20,,0,,,,,,,,,,,,,,,,
085464,0026002,2,茨城県,イバラキケン,Ibaraki,猿島郡,サシマグン,Sashima-gun,境町,サカイマチ,Sakai-machi,,,,みらい平,ミライダイラ,,二丁目,２チョウメ,2,,,,,0,0,0,0,0,0,1,1,2022-03-20,,0,,,,,,,,,,,,,,,,
085642,0001000,1,茨城県,イバラキケン,Ibaraki,北相馬郡,キタソウマグン,Kitasoma-gun,利根町,トネマチ,Tone-machi,,,,大字奥山,オオアザオクヤマ,Okuyama,,,,,,,,0,0,0,0,0,0,1,1,1947-04-17,,0,3001603,,,,,,,,,,,,,,,
085642,0002000,1,茨城県,イバラキケン,Ibaraki,北相馬郡,キタソウマグン,Kitasoma-gun,利根町,トネマチ,Tone-machi,,,,大字押付新田,オオアザオシツケシンデン,Oshitsukeshinden,,,,,,,,0,0,0,0,0,0,1,1,1947-04-17,,0,3001634,,,,,,,,,,,,,,,
085642,0003000,1,茨城県,イバラキケン,Ibaraki,北相馬郡,キタソウマグン,Kitasoma-gun,利根町,トネマチ,Tone-machi,,,,大字押戸,オオアザオシド,Oshido,,,,,,,,0,0,0,0,0,0,1,1,1947-04-17,,0,3001602,,,,,,,,,,,,,,,
085642,0004000,1,茨城県,イバラキケン,Ibaraki,北相馬郡,キタソウマグン,Kitasoma-gun,利根町,トネマチ,Tone-machi,,,,大字加納新田,オオアザカノウシンデン,Kanoshinden,,,,,,,,0,0,0,0,0,0,1,1,1947-04-17,,0,3001612,,,,,,,,,,,,,,,
085642,0005000,1,茨城県,イバラキケン,Ibaraki,北相馬郡,キタソウマグン,Kitasoma-gun,利根町,トネマチ,Tone-machi,,,,大字上曽根,オオアザカミゾネ,Kamizone,,,,,,,,0,0,0,0,0,0,1,1,1947-04-17,,0,3001635,,,,,,,,,,,,,,,
085642,0006000,1,茨城県,イバラキケン,Ibaraki,北相馬郡,キタソウマグン,Kitasoma-gun,利根町,トネマチ,Tone-machi,,,,大字下井,オオアザシモイ,Shimoi,,,,,,,,0,0,0,0,0,0,1,1,1947-04-17,,0,3001633,,,,,,,,,,,,,,,
085642,0007000,1,茨城県,イバラキケン,Ibaraki,北相馬郡,キタソウマグン,Kitasoma-gun,利根町,トネマチ,Tone-machi,,,,大字下曽根,オオアザシモゾネ,Shimozone,,,,,,,,0,0,0,0,0,0,1,1,1947-04-17,,0,3001632,,,,,,,,,,,,,,,
085642,0008000,1,茨城県,イバラキケン,Ibaraki,北相馬郡,キタソウマグン,Kitasoma-gun,利根町,トネマチ,Tone-machi,,,,大字惣新田,オオアザソウシンデン,Soshinden,,,,,,,,0,0,0,0,0,0,1,1,1947-04-17,,0,3001611,,,,,,,,,,,,,,,
085642,0009000,1,茨城県,イバラキケン,Ibaraki,北相馬郡,キタソウマグン,Kitasoma-gun,利根町,トネマチ,Tone-machi,,,,大字大平,オオアザダイヘイ,Daihei,,,,,,,,0,0,0,0,0,0,1,1,1947-04-17,,0,3001605,,,,,,,,,,,,,,,
085642,0010000,1,茨城県,イバラキケン,Ibaraki,北相馬郡,キタソウマグン,Kitasoma-gun,利根町,トネマチ,Tone-machi,,,,大字大房,オオアザダイボウ,Daibo,,,,,,,,0,0,0,0,0,0,1,1,1947-04-17,,0,3001601,,,,,,,,,,,,,,,
085642,0011000,1,茨城県,イバラキケン,Ibaraki,北相馬郡,キタソウマグン,Kitasoma-gun,利根町,トネマチ,Tone-machi,,,,大字立木,オオアザタツギ,Tatsugi,,,,,,,,0,0,0,0,0,0,1,1,1947-04-17,,0,3001616,,,,,,,,,,,,,,,
085642,0012000,1,茨城県,イバラキケン,Ibaraki,北相馬郡,キタソウマグン,Kitasoma-gun,利根町,トネマチ,Tone-machi,,,,大字立崎,オオアザタツザキ,Tatsuzaki,,,,,,,,0,0,0,0,0,0,1,1,1947-04-17,,0,3001614,,,,,,,,,,,,,,,
085642,0013000,1,茨城県,イバラキケン,Ibaraki,北相馬郡,キタソウマグン,Kitasoma-gun,利根町,トネマチ,Tone-machi,,,,大字中田切,オオアザナカタギリ,Nakatagiri,,,,,,,,0,0,0,0,0,0,1,1,1947-04-17,,0,3001624,,,,,,,,,,,,,,,
085642,0014000,1,茨城県,イバラキケン,Ibaraki,北相馬郡,キタソウマグン,Kitasoma-gun,利根町,トネマチ,Tone-machi,,,,大字中谷,オオアザナカヤ,Nakaya,,,,,,,,0,0,0,0,0,0,1,1,1947-04-17,,0,3001615,,,,,,,,,,,,,,,
085642,0015000,1,茨城県,イバラキケン,Ibaraki,北相馬郡,キタソウマグン,Kitasoma-gun,利根町,トネマチ,Tone-machi,,,,大字八幡台,オオアザハチマンダイ,Hachimandai,,,,,,,,0,0,0,0,0,0,1,1,1947-04-17,,0,3001623,,,,,,,,,,,,,,,
085642,0016000,1,茨城県,イバラキケン,Ibaraki,北相馬郡,キタソウマグン,Kitasoma-gun,利根町,トネマチ,Tone-machi,,,,大字羽中,オオアザハナカ,Hanaka,,,,,,,,0,0,0,0,0,0,1,1,1947-04-17,,0,3001625,,,,,,,,,,,,,,,
085642,0017000,1,茨城県,イバラキケン,Ibaraki,北相馬郡,キタソウマグン,Kitasoma-gun,利根町,トネマチ,Tone-machi,,,,大字羽根野,オオアザハネノ,Haneno,,,,,,,,0,0,0,0,0,0,1,1,1947-04-17,,0,3001636,,,,,,,,,,,,,,,
085642,0018000,1,茨城県,イバラキケン,Ibaraki,北相馬郡,キタソウマグン,Kitasoma-gun,利根町,トネマチ,Tone-machi,,,,大字早尾,オオアザハヤオ,Hayao,,,,,,,,0,0,0,0,0,0,1,1,1947-04-17,,0,3001631,,,,,,,,,,,,,,,
085642,0019000,1,茨城県,イバラキケン,Ibaraki,北相馬郡,キタソウマグン,Kitasoma-gun,利根町,トネマチ,Tone-machi,,,,大字東奥山新田,オオアザヒガシオクヤマシンデン,Higashiokuyamashinden,,,,,,,,0,0,0,0,0,0,1,1,1947-04-17,,0,3001613,,,,,,,,,,,,,,,
085642,0020000,1,茨城県,イバラキケン,Ibaraki,北相馬郡,キタソウマグン,Kitasoma-gun,利根町,トネマチ,Tone-machi,,,,大字布川,オオアザフカワ,Fukawa,,,,,,,,0,0,0,0,0,0,1,1,1947-04-17,,0,3001622,,,,,,,,,,,,,,,
085642,0021000,1,茨城県,イバラキケン,Ibaraki,北相馬郡,キタソウマグン,Kitasoma-gun,利根町,トネマチ,Tone-machi,,,,大字福木,オオアザフクヌキ,Fukunoki,,,,,,,,0,0,0,0,0,0,1,1,1947-04-17,,0,3001621,,,,,,,,,,,,,,,
085642,0022000,1,茨城県,イバラキケン,Ibaraki,北相馬郡,キタソウマグン,Kitasoma-gun,利根町,トネマチ,Tone-machi,,,,大字横須賀,オオアザヨコスカ,Yokosuka,,,,,,,,0,0,0,0,0,0,1,1,1947-04-17,,0,3001604,,,,,,,,,,,,,,,
085642,0023001,2,茨城県,イバラキケン,Ibaraki,北相馬郡,キタソウマグン,Kitasoma-gun,利根町,トネマチ,Tone-machi,,,,四季の丘,シキノオカ,Shikinoka,一丁目,１チョウメ,1,,,,,0,0,0,0,0,0,1,1,1947-04-17,,0,,,,,,,,,,,,,,,,
085642,0023002,2,茨城県,イバラキケン,Ibaraki,北相馬郡,キタソウマグン,Kitasoma-gun,利根町,トネマチ,Tone-machi,,,,四季の丘,シキノオカ,Shikinoka,二丁目,２チョウメ,2,,,,,0,0,0,0,0,0,1,1,1947-04-17,,0,,,,,,,,,,,,,,,,
085642,0024001,2,茨城県,イバラキケン,Ibaraki,北相馬郡,キタソウマグン,Kitasoma-gun,利根町,トネマチ,Tone-machi,,,,もえぎ野台,モエギノダイ,Moeginodai,一丁目,１チョウメ,1,,,,,0,0,0,0,0,0,1,1,1947-04-17,,0,,,,,,,,,,,,,,,,
085642,0024002,2,茨城県,イバラキケン,Ibaraki,北相馬郡,キタソウマグン,Kitasoma-gun,利根町,トネマチ,Tone-machi,,,,もえぎ野台,モエギノダイ,Moeginodai,二丁目,２チョウメ,2,,,,,0,0,0,0,0,0,1,1,1947-04-17,,0,,,,,,,,,,,,,,,,
085642,0024003,2,茨城県,イバラキケン,Ibaraki,北相馬郡,キタソウマグン,Kitasoma-gun,利根町,トネマチ,Tone-machi,,,,もえぎ野台,モエギノダイ,Moeginodai,三丁目,３チョウメ,3,,,,,0,0,0,0,0,0,1,1,1947-04-17,,0,,,,,,,,,,,,,,,,
085642,0024004,2,茨城県,イバラキケン,Ibaraki,北相馬郡,キタソウマグン,Kitasoma-gun,利根町,トネマチ,Tone-machi,,,,もえぎ野台,モエギノダイ,Moeginodai,四丁目,４チョウメ,4,,,,,0,0,0,0,0,0,1,1,1947-04-17,,0,,,,,,,,,,,,,,,,
085642,0024005,2,茨城県,イバラキケン,Ibaraki,北相馬郡,キタソウマグン,Kitasoma-gun,利根町,トネマチ,Tone-machi,,,,もえぎ野台,モエギノダイ,Moeginodai,五丁目,５チョウメ,5,,,,,0,0,0,0,0,0,1,1,1947-04-17,,0,,,,,,,,,,,,,,,,
