lg_code,machiaza_id,machiaza_type,pref,pref_kana,pref_roma,county,county_kana,county_roma,city,city_kana,city_roma,ward,ward_kana,ward_roma,oaza_cho,oaza_cho_kana,oaza_cho_roma,chome,chome_kana,chome_number,koaza,koaza_kana,koaza_roma,machiaza_dist,rsdt_addr_flg,rsdt_addr_mtd_code,oaza_cho_aka_flg,koaza_aka_code,oaza_cho_gsi_uncmn,koaza_gsi_uncmn,status_flg,wake_num_flg,efct_date,ablt_date,src_code,post_code,oaza_cho_uncmn_reg,oaza_cho_uncmn_mj,oaza_cho_uncmn_type,oaza_cho_uncmn_code,koaza_uncmn_reg,koaza_uncmn_mj,koaza_uncmn_type,koaza_uncmn_code,alias_oaza,alias_oaza_kana,alias_oaza_roma,alias_koaza,alias_koaza_kana,alias_koaza_roma,remarks
331015,0001000,1,岡山県,オカヤマケン,Okayama,,,,岡山市,オカヤマシ,Okayama-shi,北区,キタク,Kita-ku,葵町,アオイチョウ,Aoicho,,,,,,,,1,1,0,0,0,0,1,1,1947-04-17,,0,7000045,,,,,,,,,,,,,,,
331015,0002000,1,岡山県,オカヤマケン,Okayama,,,,岡山市,オカヤマシ,Okayama-shi,北区,キタク,Kita-ku,青江,アオエ,Aoe,,,,,,,,0,0,0,0,0,0,1,1,1947-04-17,,0,7000941,,,,,,,,,,,,,,,
331015,0002001,2,岡山県,オカヤマケン,Okayama,,,,岡山市,オカヤマシ,Okayama-shi,北区,キタク,Kita-ku,青江,アオエ,Aoe,一丁目,１チョウメ,1,,,,,1,1,0,0,0,0,1,1,1947-04-17,,0,,,,,,,,,,,,,,,,
331015,0002002,2,岡山県,オカヤマケン,Okayama,,,,岡山市,オカヤマシ,Okayama-shi,北区,キタク,Kita-ku,青江,アオエ,Aoe,二丁目,２チョウメ,2,,,,,1,1,0,0,0,0,1,1,1947-04-17,,0,,,,,,,,,,,,,,,,
331015,0002003,2,岡山県,オカヤマケン,Okayama,,,,岡山市,オカヤマシ,Okayama-shi,北区,キタク,Kita-ku,青江,アオエ,Aoe,三丁目,３チョウメ,3,,,,,1,1,0,0,0,0,1,1,1947-04-17,,0,,,,,,,,,,,,,,,,
331015,0002004,2,岡山県,オカヤマケン,Okayama,,,,岡山市,オカヤマシ,Okayama-shi,北区,キタク,Kita-ku,青江,アオエ,Aoe,四丁目,４チョウメ,4,,,,,1,1,0,0,0,0,1,1,1947-04-17,,0,,,,,,,,,,,,,,,,
331015,0002005,2,岡山県,オカヤマケン,Okayama,,,,岡山市,オカヤマシ,Okayama-shi,北区,キタク,Kita-ku,青江,アオエ,Aoe,五丁目,５チョウメ,5,,,,,1,1,0,0,0,0,1,1,1947-04-17,,0,,,,,,,,,,,,,,,,
331015,0003000,1,岡山県,オカヤマケン,Okayama,,,,岡山市,オカヤマシ,Okayama-shi,北区,キタク,Kita-ku,旭本町,アサヒホンマチ,Asahihommachi,,,,,,,,1,1,0,0,0,0,1,1,1947-04-17,,0,7000865,,,,,,,,,,,,,,,
331015,0006000,1,岡山県,オカヤマケン,Okayama,,,,岡山市,オカヤマシ,Okayama-shi,北区,キタク,Kita-ku,天瀬,アマセ,Amase,,,,,,,,1,1,0,0,0,0,1,1,1947-04-17,,0,7000833,,,,,,,,,,,,,,,
331015,0007000,1,岡山県,オカヤマケン,Okayama,,,,岡山市,オカヤマシ,Okayama-shi,北区,キタク,Kita-ku,天瀬南町,アマセミナミマチ,Amaseminamimachi,,,,,,,,1,1,0,0,0,0,1,1,1947-04-17,,0,7000834,,,,,,,,,,,,,,,
331015,0008000,1,岡山県,オカヤマケン,Okayama,,,,岡山市,オカヤマシ,Okayama-shi,北区,キタク,Kita-ku,粟井,アワイ,Awai,,,,,,,,0,0,0,0,0,0,1,1,1947-04-17,,0,7011461,,,,,,,,,,,,,,,
331015,0009000,1,岡山県,オカヤマケン,Okayama,,,,岡山市,オカヤマシ,Okayama-shi,北区,キタク,Kita-ku,石関町,イシゼキチョウ,Ishizekicho,,,,,,,,1,1,0,0,0,0,1,1,1947-04-17,,0,7000813,,,,,,,,,,,,,,,
331015,0010000,1,岡山県,オカヤマケン,Okayama,,,,岡山市,オカヤマシ,Okayama-shi,北区,キタク,Kita-ku,石妻,イシヅマ,Ishizuma,,,,,,,,0,0,0,0,0,0,1,1,1947-04-17,,0,7011527,,,,,,,,,,,,,,,
331015,0011000,1,岡山県,オカヤマケン,Okayama,,,,岡山市,オカヤマシ,Okayama-shi,北区,キタク,Kita-ku,伊島北町,イシマキタマチ,Ishimakitamachi,,,,,,,,1,1,0,0,0,0,1,1,1947-04-17,,0,7000017,,,,,,,,,,,,,,,
331015,0012001,2,岡山県,オカヤマケン,Okayama,,,,岡山市,オカヤマシ,Okayama-shi,北区,キタク,Kita-ku,伊島町,イシマチョウ,Ishimacho,一丁目,１チョウメ,1,,,,,1,1,0,0,0,0,1,1,1947-04-17,,0,,,,,,,,,,,,,,,,
331015,0012002,2,岡山県,オカヤマケン,Okayama,,,,岡山市,オカヤマシ,Okayama-shi,北区,キタク,Kita-ku,伊島町,イシマチョウ,Ishimacho,二丁目,２チョウメ,2,,,,,1,1,0,0,0,0,1,1,1947-04-17,,0,,,,,,,,,,,,,,,,
331015,0012003,2,岡山県,オカヤマケン,Okayama,,,,岡山市,オカヤマシ,Okayama-shi,北区,キタク,Kita-ku,伊島町,イシマチョウ,Ishimacho,三丁目,３チョウメ,3,,,,,1,1,0,0,0,0,1,1,1947-04-17,,0,,,,,,,,,,,,,,,,
331015,0013001,2,岡山県,オカヤマケン,Okayama,,,,岡山市,オカヤマシ,Okayama-shi,北区,キタク,Kita-ku,出石町,イズシチョウ,Izushicho,一丁目,１チョウメ,1,,,,,1,1,0,0,0,0,1,1,1947-04-17,,0,,,,,,,,,,,,,,,,
331015,0013002,2,岡山県,オカヤマケン,Okayama,,,,岡山市,オカヤマシ,Okayama-shi,北区,キタク,Kita-ku,出石町,イズシチョウ,Izushicho,二丁目,２チョウメ,2,,,,,1,1,0,0,0,0,1,1,1947-04-17,,0,,,,,,,,,,,,,,,,
331015,0014000,1,岡山県,オカヤマケン,Okayama,,,,岡山市,オカヤマシ,Okayama-shi,北区,キタク,Kita-ku,いずみ町,イズミチョウ,Izumicho,,,,,,,,1,1,0,0,0,0,1,1,1947-04-17,,0,7000012,,,,,,,,,,,,,,,
331015,0015000,1,岡山県,オカヤマケン,Okayama,,,,岡山市,オカヤマシ,Okayama-shi,北区,キタク,Kita-ku,一宮,イチノミヤ,Ichinomiya,,,,,,,,0,0,0,0,0,0,1,1,1947-04-17,,0,7011211,,,,,,,,,,,,,,,
331015,0016000,1,岡山県,オカヤマケン,Okayama,,,,岡山市,オカヤマシ,Okayama-shi,北区,キタク,Kita-ku,一宮山崎,イチノミヤヤマサキ,Ichinomiyayamasaki,,,,,,,,0,0,0,0,0,0,1,1,1947-04-17,,0,7011203,,,,,,,,,,,,,,,
331015,0017001,2,岡山県,オカヤマケン,Okayama,,,,岡山市,オカヤマシ,Okayama-shi,北区,キタク,Kita-ku,伊福町,イフクチョウ,Ifukucho,一丁目,１チョウメ,1,,,,,1,1,0,0,0,0,1,1,1947-04-17,,0,,,,,,,,,,,,,,,,
331015,0017002,2,岡山県,オカヤマケン,Okayama,,,,岡山市,オカヤマシ,Okayama-shi,北区,キタク,Kita-ku,伊福町,イフクチョウ,Ifukucho,二丁目,２チョウメ,2,,,,,1,1,0,0,0,0,1,1,1947-04-17,,0,,,,,,,,,,,,,,,,
331015,0017003,2,岡山県,オカヤマケン,Okayama,,,,岡山市,オカヤマシ,Okayama-shi,北区,キタク,Kita-ku,伊福町,イフクチョウ,Ifukucho,三丁目,３チョウメ,3,,,,,1,1,0,0,0,0,1,1,1947-04-17,,0,,,,,,,,,,,,,,,,
331015,0017004,2,岡山県,オカヤマケン,Okayama,,,,岡山市,オカヤマシ,Okayama-shi,北区,キタク,Kita-ku,伊福町,イフクチョウ,Ifukucho,四丁目,４チョウメ,4,,,,,1,1,0,0,0,0,1,1,1947-04-17,,0,,,,,,,,,,,,,,,,
331015,0018001,2,岡山県,オカヤマケン,Okayama,,,,岡山市,オカヤマシ,Okayama-shi,北区,キタク,Kita-ku,今,イマ,Ima,一丁目,１チョウメ,1,,,,,1,1,0,0,0,0,1,1,1947-04-17,,0,,,,,,,,,,,,,,,,
331015,0018002,2,岡山県,オカヤマケン,Okayama,,,,岡山市,オカヤマシ,Okayama-shi,北区,キタク,Kita-ku,今,イマ,Ima,二丁目,２チョウメ,2,,,,,1,1,0,0,0,0,1,1,1947-04-17,,0,,,,,,,,,,,,,,,,
331015,0018003,2,岡山県,オカヤマケン,Okayama,,,,岡山市,オカヤマシ,Okayama-shi,北区,キタク,Kita-ku,今,イマ,Ima,三丁目,３チョウメ,3,,,,,1,1,0,0,0,0,1,1,1947-04-17,,0,,,,,,,,,,,,,,,,
331015,0018004,2,岡山県,オカヤマケン,Okayama,,,,岡山市,オカヤマシ,Okayama-shi,北区,キタク,Kita-ku,今,イマ,Ima,四丁目,４チョウメ,4,,,,,1,1,0,0,0,0,1,1,1947-04-17,,0,,,,,,,,,,,,,,,,
331015,0018005,2,岡山県,オカヤマケン,Okayama,,,,岡山市,オカヤマシ,Okayama-shi,北区,キタク,Kita-ku,今,イマ,Ima,五丁目,５チョウメ,5,,,,,1,1,0,0,0,0,1,1,1947-04-17,,0,,,,,,,,,,,,,,,,
331015,0018006,2,岡山県,オカヤマケン,Okayama,,,,岡山市,オカヤマシ,Okayama-shi,北区,キタク,Kita-ku,今,イマ,Ima,六丁目,６チョウメ,6,,,,,1,1,0,0,0,0,1,1,1947-04-17,,0,,,,,,,,,,,,,,,,
331015,0018007,2,岡山県,オカヤマケン,Okayama,,,,岡山市,オカヤマシ,Okayama-shi,北区,キタク,Kita-ku,今,イマ,Ima,七丁目,７チョウメ,7,,,,,1,1,0,0,0,0,1,1,1947-04-17,,0,,,,,,,,,,,,,,,,
331015,0018008,2,岡山県,オカヤマケン,Okayama,,,,岡山市,オカヤマシ,Okayama-shi,北区,キタク,Kita-ku,今,イマ,Ima,八丁目,８チョウメ,8,,,,,1,1,0,0,0,0,1,1,1947-04-17,,0,,,,,,,,,,,,,,,,
331015,0019000,1,岡山県,オカヤマケン,Okayama,,,,岡山市,オカヤマシ,Okayama-shi,北区,キタク,Kita-ku,今岡,イマオカ,Imaoka,,,,,,,,0,0,0,0,0,0,1,1,1947-04-17,,0,7011204,,,,,,,,,,,,,,,
331015,0020000,1,岡山県,オカヤマケン,Okayama,,,,岡山市,オカヤマシ,Okayama-shi,北区,キタク,Kita-ku,今保,イマボウ,Imabo,,,,,,,,0,0,0,0,0,0,1,1,1947-04-17,,0,7010145,,,,,,,,,,,,,,,
331015,0021000,1,岡山県,オカヤマケン,Okayama,,,,岡山市,オカヤマシ,Okayama-shi,北区,キタク,Kita-ku,今村,イマムラ,Imamura,,,,,,,,0,0,0,0,0,0,1,1,1947-04-17,,0,7000974,,,,,,,,,,,,,,,
331015,0022001,2,岡山県,オカヤマケン,Okayama,,,,岡山市,オカヤマシ,Okayama-shi,北区,キタク,Kita-ku,岩井,イワイ,Iwai,一丁目,１チョウメ,1,,,,,1,1,0,0,0,0,1,1,1947-04-17,,0,,,,,,,,,,,,,,,,
331015,0022002,2,岡山県,オカヤマケン,Okayama,,,,岡山市,オカヤマシ,Okayama-shi,北区,キタク,Kita-ku,岩井,イワイ,Iwai,二丁目,２チョウメ,2,,,,,1,1,0,0,0,0,1,1,1947-04-17,,0,,,,,,,,,,,,,,,,
331015,0023000,1,岡山県,オカヤマケン,Okayama,,,,岡山市,オカヤマシ,Okayama-shi,北区,キタク,Kita-ku,岩井宮裏,イワイミヤウラ,Iwaimiyaura,,,,,,,,1,1,0,0,0,0,1,1,1947-04-17,,0,7000041,,,,,,,,,,,,,,,
331015,0024000,1,岡山県,オカヤマケン,Okayama,,,,岡山市,オカヤマシ,Okayama-shi,北区,キタク,Kita-ku,岩田町,イワタチョウ,Iwatacho,,,,,,,,1,1,0,0,0,0,1,1,1947-04-17,,0,7000022,,,,,,,,,,,,,,,
331015,0025001,2,岡山県,オカヤマケン,Okayama,,,,岡山市,オカヤマシ,Okayama-shi,北区,キタク,Kita-ku,内山下,ウチサンゲ,Uchisange,一丁目,１チョウメ,1,,,,,1,1,0,0,0,0,1,1,1947-04-17,,0,,,,,,,,,,,,,,,,
331015,0025002,2,岡山県,オカヤマケン,Okayama,,,,岡山市,オカヤマシ,Okayama-shi,北区,キタク,Kita-ku,内山下,ウチサンゲ,Uchisange,二丁目,２チョウメ,2,,,,,1,1,0,0,0,0,1,1,1947-04-17,,0,,,,,,,,,,,,,,,,
331015,0026001,2,岡山県,オカヤマケン,Okayama,,,,岡山市,オカヤマシ,Okayama-shi,北区,キタク,Kita-ku,駅前町,エキマエチョウ,Ekimaecho,一丁目,１チョウメ,1,,,,,1,1,0,0,0,0,1,1,1947-04-17,,0,,,,,,,,,,,,,,,,
331015,0026002,2,岡山県,オカヤマケン,Okayama,,,,岡山市,オカヤマシ,Okayama-shi,北区,キタク,Kita-ku,駅前町,エキマエチョウ,Ekimaecho,二丁目,２チョウメ,2,,,,,1,1,0,0,0,0,1,1,1947-04-17,,0,,,,,,,,,,,,,,,,
331015,0027000,1,岡山県,オカヤマケン,Okayama,,,,岡山市,オカヤマシ,Okayama-shi,北区,キタク,Kita-ku,駅元町,エキモトマチ,Ekimotomachi,,,,,,,,1,1,0,0,0,0,1,1,1947-04-17,,0,7000024,,,,,,,,,,,,,,,
331015,0028000,1,岡山県,オカヤマケン,Okayama,,,,岡山市,オカヤマシ,Okayama-shi,北区,キタク,Kita-ku,絵図町,エズチョウ,Ezucho,,,,,,,,1,1,0,0,0,0,1,1,1947-04-17,,0,7000028,,,,,,,,,,,,,,,
331015,0030000,1,岡山県,オカヤマケン,Okayama,,,,岡山市,オカヤマシ,Okayama-shi,北区,キタク,Kita-ku,大内田,オオウチダ,Ouchida,,,,,,,,0,0,0,0,0,0,1,1,1947-04-17,,0,7010165,,,,,,,,,,,,,,,
331015,0032000,1,岡山県,オカヤマケン,Okayama,,,,岡山市,オカヤマシ,Okayama-shi,北区,キタク,Kita-ku,大崎,オオザキ,Ozaki,,,,,,,,0,0,0,0,0,0,1,1,1947-04-17,,0,7011336,,,,,,,,,,,,,,,
331015,0033001,2,岡山県,オカヤマケン,Okayama,,,,岡山市,オカヤマシ,Okayama-shi,北区,キタク,Kita-ku,大元,オオモト,Omoto,一丁目,１チョウメ,1,,,,,1,1,0,0,0,0,1,1,1947-04-17,,0,,,,,,,,,,,,,,,,
331015,0033002,2,岡山県,オカヤマケン,Okayama,,,,岡山市,オカヤマシ,Okayama-shi,北区,キタク,Kita-ku,大元,オオモト,Omoto,二丁目,２チョウメ,2,,,,,1,1,0,0,0,0,1,1,1947-04-17,,0,,,,,,,,,,,,,,,,
331015,0034000,1,岡山県,オカヤマケン,Okayama,,,,岡山市,オカヤマシ,Okayama-shi,北区,キタク,Kita-ku,大元駅前,オオモトエキマエ,Omotoekimae,,,,,,,,1,1,0,0,0,0,1,1,1947-04-17,,0,7000923,,,,,,,,,,,,,,,
331015,0035000,1,岡山県,オカヤマケン,Okayama,,,,岡山市,オカヤマシ,Okayama-shi,北区,キタク,Kita-ku,大元上町,オオモトカミマチ,Omotokamimachi,,,,,,,,1,1,0,0,0,0,1,1,1947-04-17,,0,7000925,,,,,,,,,,,,,,,
331015,0036000,1,岡山県,オカヤマケン,Okayama,,,,岡山市,オカヤマシ,Okayama-shi,北区,キタク,Kita-ku,岡町,オカマチ,Okamachi,,,,,,,,1,1,0,0,0,0,1,1,1947-04-17,,0,7000867,,,,,,,,,,,,,,,
331015,0037000,1,岡山県,オカヤマケン,Okayama,,,,岡山市,オカヤマシ,Okayama-shi,北区,キタク,Kita-ku,奥田,オクダ,Okuda,,,,,,,,0,0,0,0,0,0,1,1,1947-04-17,,0,7000933,,,,,,,,,,,,,,,
331015,0037001,2,岡山県,オカヤマケン,Okayama,,,,岡山市,オカヤマシ,Okayama-shi,北区,キタク,Kita-ku,奥田,オクダ,Okuda,一丁目,１チョウメ,1,,,,,1,1,0,0,0,0,1,1,1947-04-17,,0,,,,,,,,,,,,,,,,
331015,0037002,2,岡山県,オカヤマケン,Okayama,,,,岡山市,オカヤマシ,Okayama-shi,北区,キタク,Kita-ku,奥田,オクダ,Okuda,二丁目,２チョウメ,2,,,,,1,1,0,0,0,0,1,1,1947-04-17,,0,,,,,,,,,,,,,,,,
331015,0038000,1,岡山県,オカヤマケン,Okayama,,,,岡山市,オカヤマシ,Okayama-shi,北区,キタク,Kita-ku,奥田西町,オクダニシマチ,Okuda Nishimachi,,,,,,,,1,1,0,0,0,0,1,1,1947-04-17,,0,7000931,,,,,,,,,,,,,,,
331015,0039000,1,岡山県,オカヤマケン,Okayama,,,,岡山市,オカヤマシ,Okayama-shi,北区,キタク,Kita-ku,奥田本町,オクダホンマチ,Okuda Hommachi,,,,,,,,1,1,0,0,0,0,1,1,1947-04-17,,0,7000932,,,,,,,,,,,,,,,
331015,0040000,1,岡山県,オカヤマケン,Okayama,,,,岡山市,オカヤマシ,Okayama-shi,北区,キタク,Kita-ku,奥田南町,オクダミナミマチ,Okuda Minamimachi,,,,,,,,1,1,0,0,0,0,1,1,1947-04-17,,0,7000934,,,,,,,,,,,,,,,
331015,0041000,1,岡山県,オカヤマケン,Okayama,,,,岡山市,オカヤマシ,Okayama-shi,北区,キタク,Kita-ku,尾上,オノウエ,Onoe,,,,,,,,0,0,0,0,0,0,1,1,1947-04-17,,0,7011212,,,,,,,,,,,,,,,
331015,0042000,1,岡山県,オカヤマケン,Okayama,,,,岡山市,オカヤマシ,Okayama-shi,北区,キタク,Kita-ku,御舟入町,オフナイリチョウ,Ofunairicho,,,,,,,,1,1,0,0,0,0,1,1,1947-04-17,,0,7000844,,,,,,,,,,,,,,,
331015,0043001,2,岡山県,オカヤマケン,Okayama,,,,岡山市,オカヤマシ,Okayama-shi,北区,キタク,Kita-ku,表町,オモテチョウ,Omotecho,一丁目,１チョウメ,1,,,,,1,1,0,0,0,0,1,1,1947-04-17,,0,,,,,,,,,,,,,,,,
331015,0043002,2,岡山県,オカヤマケン,Okayama,,,,岡山市,オカヤマシ,Okayama-shi,北区,キタク,Kita-ku,表町,オモテチョウ,Omotecho,二丁目,２チョウメ,2,,,,,1,1,0,0,0,0,1,1,1947-04-17,,0,,,,,,,,,,,,,,,,
331015,0043003,2,岡山県,オカヤマケン,Okayama,,,,岡山市,オカヤマシ,Okayama-shi,北区,キタク,Kita-ku,表町,オモテチョウ,Omotecho,三丁目,３チョウメ,3,,,,,1,1,0,0,0,0,1,1,1947-04-17,,0,,,,,,,,,,,,,,,,
331015,0044000,1,岡山県,オカヤマケン,Okayama,,,,岡山市,オカヤマシ,Okayama-shi,北区,キタク,Kita-ku,栢谷,カイダニ,Kaidani,,,,,,,,0,0,0,0,0,0,1,1,1947-04-17,,0,7011144,,,,,,,,,,,,,,,
331015,0045001,2,岡山県,オカヤマケン,Okayama,,,,岡山市,オカヤマシ,Okayama-shi,北区,キタク,Kita-ku,学南町,ガクナンチョウ,Gakunancho,一丁目,１チョウメ,1,,,,,1,1,0,0,0,0,1,1,1947-04-17,,0,,,,,,,,,,,,,,,,
331015,0045002,2,岡山県,オカヤマケン,Okayama,,,,岡山市,オカヤマシ,Okayama-shi,北区,キタク,Kita-ku,学南町,ガクナンチョウ,Gakunancho,二丁目,２チョウメ,2,,,,,1,1,0,0,0,0,1,1,1947-04-17,,0,,,,,,,,,,,,,,,,
331015,0045003,2,岡山県,オカヤマケン,Okayama,,,,岡山市,オカヤマシ,Okayama-shi,北区,キタク,Kita-ku,学南町,ガクナンチョウ,Gakunancho,三丁目,３チョウメ,3,,,,,1,1,0,0,0,0,1,1,1947-04-17,,0,,,,,,,,,,,,,,,,
331015,0046000,1,岡山県,オカヤマケン,Okayama,,,,岡山市,オカヤマシ,Okayama-shi,北区,キタク,Kita-ku,掛畑,カケハタ,Kakehata,,,,,,,,0,0,0,0,0,0,1,1,1947-04-17,,0,7011601,,,,,,,,,,,,,,,
331015,0047000,1,岡山県,オカヤマケン,Okayama,,,,岡山市,オカヤマシ,Okayama-shi,北区,キタク,Kita-ku,春日町,カスガチョウ,Kasugacho,,,,,,,,1,1,0,0,0,0,1,1,1947-04-17,,0,7000905,,,,,,,,,,,,,,,
331015,0048000,1,岡山県,オカヤマケン,Okayama,,,,岡山市,オカヤマシ,Okayama-shi,北区,キタク,Kita-ku,金山寺,カナヤマジ,Kanayamaji,,,,,,,,0,0,0,0,0,0,1,1,1947-04-17,,0,7012151,,,,,,,,,,,,,,,
331015,0049000,1,岡山県,オカヤマケン,Okayama,,,,岡山市,オカヤマシ,Okayama-shi,北区,キタク,Kita-ku,上高田,カミタカダ,Kamitakada,,,,,,,,0,0,0,0,0,0,1,1,1947-04-17,,0,7011525,,,,,,,,,,,,,,,
331015,0050000,1,岡山県,オカヤマケン,Okayama,,,,岡山市,オカヤマシ,Okayama-shi,北区,キタク,Kita-ku,上土田,カミツチダ,Kamitsuchida,,,,,,,,0,0,0,0,0,0,1,1,1947-04-17,,0,7011465,,,,,,,,,,,,,,,
331015,0051000,1,岡山県,オカヤマケン,Okayama,,,,岡山市,オカヤマシ,Okayama-shi,北区,キタク,Kita-ku,上中野,,,,,,,,,,0,0,0,0,0,0,1,0,1947-04-17,,1,,,,,,,,,,,,,,,,
331015,0051001,2,岡山県,オカヤマケン,Okayama,,,,岡山市,オカヤマシ,Okayama-shi,北区,キタク,Kita-ku,上中野,カミナカノ,Kaminakano,一丁目,１チョウメ,1,,,,,1,1,0,0,0,0,1,1,1947-04-17,,0,,,,,,,,,,,,,,,,
331015,0051002,2,岡山県,オカヤマケン,Okayama,,,,岡山市,オカヤマシ,Okayama-shi,北区,キタク,Kita-ku,上中野,カミナカノ,Kaminakano,二丁目,２チョウメ,2,,,,,1,1,0,0,0,0,1,1,1947-04-17,,0,,,,,,,,,,,,,,,,
331015,0052000,1,岡山県,オカヤマケン,Okayama,,,,岡山市,オカヤマシ,Okayama-shi,北区,キタク,Kita-ku,加茂,カモ,Kamo,,,,,,,,0,0,0,0,0,0,1,1,1947-04-17,,0,7011342,,,,,,,,,,,,,,,
331015,0053000,1,岡山県,オカヤマケン,Okayama,,,,岡山市,オカヤマシ,Okayama-shi,北区,キタク,Kita-ku,辛川市場,カラカワイチバ,Karakawaichiba,,,,,,,,0,0,0,0,0,0,1,1,1947-04-17,,0,7011214,,,,,,,,,,,,,,,
331015,0055000,1,岡山県,オカヤマケン,Okayama,,,,岡山市,オカヤマシ,Okayama-shi,北区,キタク,Kita-ku,河原,カワハラ,Kawahara,,,,,,,,0,0,0,0,0,0,1,1,1947-04-17,,0,7011605,,,,,,,,,,,,,,,
331015,0056000,1,岡山県,オカヤマケン,Okayama,,,,岡山市,オカヤマシ,Okayama-shi,北区,キタク,Kita-ku,関西町,カンゼイチョウ,Kanzeicho,,,,,,,,1,1,0,0,0,0,1,1,1947-04-17,,0,7000047,,,,,,,,,,,,,,,
331015,0057001,2,岡山県,オカヤマケン,Okayama,,,,岡山市,オカヤマシ,Okayama-shi,北区,キタク,Kita-ku,神田町,カンダチョウ,Kandacho,一丁目,１チョウメ,1,,,,,1,1,0,0,0,0,1,1,1947-04-17,,0,,,,,,,,,,,,,,,,
331015,0057002,2,岡山県,オカヤマケン,Okayama,,,,岡山市,オカヤマシ,Okayama-shi,北区,キタク,Kita-ku,神田町,カンダチョウ,Kandacho,二丁目,２チョウメ,2,,,,,1,1,0,0,0,0,1,1,1947-04-17,,0,,,,,,,,,,,,,,,,
331015,0058000,1,岡山県,オカヤマケン,Okayama,,,,岡山市,オカヤマシ,Okayama-shi,北区,キタク,Kita-ku,祇園,ギオン,Gion,,,,,,,,0,0,0,0,0,0,1,1,1947-04-17,,0,7038207,,,,,,,,,,,,,,,
331015,0059000,1,岡山県,オカヤマケン,Okayama,,,,岡山市,オカヤマシ,Okayama-shi,北区,キタク,Kita-ku,北方,,,,,,,,,,0,0,0,0,0,0,1,0,1947-04-17,,1,,,,,,,,,,,,,,,,
331015,0059001,2,岡山県,オカヤマケン,Okayama,,,,岡山市,オカヤマシ,Okayama-shi,北区,キタク,Kita-ku,北方,キタガタ,Kitagata,一丁目,１チョウメ,1,,,,,1,1,0,0,0,0,1,1,1947-04-17,,0,,,,,,,,,,,,,,,,
331015,0059002,2,岡山県,オカヤマケン,Okayama,,,,岡山市,オカヤマシ,Okayama-shi,北区,キタク,Kita-ku,北方,キタガタ,Kitagata,二丁目,２チョウメ,2,,,,,1,1,0,0,0,0,1,1,1947-04-17,,0,,,,,,,,,,,,,,,,
331015,0059003,2,岡山県,オカヤマケン,Okayama,,,,岡山市,オカヤマシ,Okayama-shi,北区,キタク,Kita-ku,北方,キタガタ,Kitagata,三丁目,３チョウメ,3,,,,,1,1,0,0,0,0,1,1,1947-04-17,,0,,,,,,,,,,,,,,,,
331015,0059004,2,岡山県,オカヤマケン,Okayama,,,,岡山市,オカヤマシ,Okayama-shi,北区,キタク,Kita-ku,北方,キタガタ,Kitagata,四丁目,４チョウメ,4,,,,,1,1,0,0,0,0,1,1,1947-04-17,,0,,,,,,,,,,,,,,,,
331015,0060000,1,岡山県,オカヤマケン,Okayama,,,,岡山市,オカヤマシ,Okayama-shi,北区,キタク,Kita-ku,北長瀬,キタナガセ,Kitanagase,,,,,,,,0,0,0,0,0,0,1,1,1947-04-17,,0,7000963,,,,,,,,,,,,,,,
331015,0061001,2,岡山県,オカヤマケン,Okayama,,,,岡山市,オカヤマシ,Okayama-shi,北区,キタク,Kita-ku,北長瀬表町,キタナガセオモテマチ,Kitanagaseomotemachi,一丁目,１チョウメ,1,,,,,1,1,0,0,0,0,1,1,1947-04-17,,0,,,,,,,,,,,,,,,,
331015,0061002,2,岡山県,オカヤマケン,Okayama,,,,岡山市,オカヤマシ,Okayama-shi,北区,キタク,Kita-ku,北長瀬表町,キタナガセオモテマチ,Kitanagaseomotemachi,二丁目,２チョウメ,2,,,,,1,1,0,0,0,0,1,1,1947-04-17,,0,,,,,,,,,,,,,,,,
331015,0061003,2,岡山県,オカヤマケン,Okayama,,,,岡山市,オカヤマシ,Okayama-shi,北区,キタク,Kita-ku,北長瀬表町,キタナガセオモテマチ,Kitanagaseomotemachi,三丁目,３チョウメ,3,,,,,1,1,0,0,0,0,1,1,1947-04-17,,0,,,,,,,,,,,,,,,,
331015,0062000,1,岡山県,オカヤマケン,Okayama,,,,岡山市,オカヤマシ,Okayama-shi,北区,キタク,Kita-ku,北長瀬本町,キタナガセホンマチ,Kitanagasehommachi,,,,,,,,1,1,0,0,0,0,1,1,1947-04-17,,0,7000961,,,,,,,,,,,,,,,
331015,0063000,1,岡山県,オカヤマケン,Okayama,,,,岡山市,オカヤマシ,Okayama-shi,北区,キタク,Kita-ku,吉備津,キビツ,Kibitsu,,,,,,,,0,0,0,0,0,0,1,1,1947-04-17,,0,7011341,,,,,,,,,,,,,,,
331015,0064000,1,岡山県,オカヤマケン,Okayama,,,,岡山市,オカヤマシ,Okayama-shi,北区,キタク,Kita-ku,京橋町,キョウバシチョウ,Kyobashicho,,,,,,,,1,1,0,0,0,0,1,1,1947-04-17,,0,7000831,,,,,,,,,,,,,,,
331015,0065000,1,岡山県,オカヤマケン,Okayama,,,,岡山市,オカヤマシ,Okayama-shi,北区,キタク,Kita-ku,京橋南町,キョウバシミナミマチ,Kyobashiminamimachi,,,,,,,,1,1,0,0,0,0,1,1,1947-04-17,,0,7000832,,,,,,,,,,,,,,,
331015,0066000,1,岡山県,オカヤマケン,Okayama,,,,岡山市,オカヤマシ,Okayama-shi,北区,キタク,Kita-ku,京町,キョウマチ,Kyomachi,,,,,,,,1,1,0,0,0,0,1,1,1947-04-17,,0,7000838,,,,,,,,,,,,,,,
331015,0067001,2,岡山県,オカヤマケン,Okayama,,,,岡山市,オカヤマシ,Okayama-shi,北区,キタク,Kita-ku,京山,キョウヤマ,Kyoyama,一丁目,１チョウメ,1,,,,,1,1,0,0,0,0,1,1,1947-04-17,,0,,,,,,,,,,,,,,,,
331015,0067002,2,岡山県,オカヤマケン,Okayama,,,,岡山市,オカヤマシ,Okayama-shi,北区,キタク,Kita-ku,京山,キョウヤマ,Kyoyama,二丁目,２チョウメ,2,,,,,1,1,0,0,0,0,1,1,1947-04-17,,0,,,,,,,,,,,,,,,,
331015,0068000,1,岡山県,オカヤマケン,Okayama,,,,岡山市,オカヤマシ,Okayama-shi,北区,キタク,Kita-ku,久米,クメ,Kume,,,,,,,,0,0,0,0,0,0,1,1,1947-04-17,,0,7010144,,,,,,,,,,,,,,,
331015,0069000,1,岡山県,オカヤマケン,Okayama,,,,岡山市,オカヤマシ,Okayama-shi,北区,キタク,Kita-ku,桑田町,クワダチョウ,Kuwadacho,,,,,,,,1,1,0,0,0,0,1,1,1947-04-17,,0,7000984,,,,,,,,,,,,,,,
331015,0070001,2,岡山県,オカヤマケン,Okayama,,,,岡山市,オカヤマシ,Okayama-shi,北区,キタク,Kita-ku,厚生町,コウセイチョウ,Koseicho,一丁目,１チョウメ,1,,,,,1,1,0,0,0,0,1,1,1947-04-17,,0,,,,,,,,,,,,,,,,
331015,0070002,2,岡山県,オカヤマケン,Okayama,,,,岡山市,オカヤマシ,Okayama-shi,北区,キタク,Kita-ku,厚生町,コウセイチョウ,Koseicho,二丁目,２チョウメ,2,,,,,1,1,0,0,0,0,1,1,1947-04-17,,0,,,,,,,,,,,,,,,,
331015,0070003,2,岡山県,オカヤマケン,Okayama,,,,岡山市,オカヤマシ,Okayama-shi,北区,キタク,Kita-ku,厚生町,コウセイチョウ,Koseicho,三丁目,３チョウメ,3,,,,,1,1,0,0,0,0,1,1,1947-04-17,,0,,,,,,,,,,,,,,,,
331015,0071001,2,岡山県,オカヤマケン,Okayama,,,,岡山市,オカヤマシ,Okayama-shi,北区,キタク,Kita-ku,岡南町,コウナンチョウ,Konancho,一丁目,１チョウメ,1,,,,,1,1,0,0,0,0,1,1,1947-04-17,,0,,,,,,,,,,,,,,,,
331015,0071002,2,岡山県,オカヤマケン,Okayama,,,,岡山市,オカヤマシ,Okayama-shi,北区,キタク,Kita-ku,岡南町,コウナンチョウ,Konancho,二丁目,２チョウメ,2,,,,,1,1,0,0,0,0,1,1,1947-04-17,,0,,,,,,,,,,,,,,,,
331015,0072000,1,岡山県,オカヤマケン,Okayama,,,,岡山市,オカヤマシ,Okayama-shi,北区,キタク,Kita-ku,首部,コウベ,Kobe,,,,,,,,0,0,0,0,0,0,1,1,1947-04-17,,0,7011201,,,,,,,,,,,,,,,
331015,0073000,1,岡山県,オカヤマケン,Okayama,,,,岡山市,オカヤマシ,Okayama-shi,北区,キタク,Kita-ku,高野尻,コウヤジリ,Koyajiri,,,,,,,,0,0,0,0,0,0,1,1,1947-04-17,,0,7012152,,,,,,,,,,,,,,,
331015,0074000,1,岡山県,オカヤマケン,Okayama,,,,岡山市,オカヤマシ,Okayama-shi,北区,キタク,Kita-ku,後楽園,コウラクエン,Korakuen,,,,,,,,1,1,0,0,0,0,1,1,1947-04-17,,0,7038257,,,,,,,,,,,,,,,
331015,0075000,1,岡山県,オカヤマケン,Okayama,,,,岡山市,オカヤマシ,Okayama-shi,北区,キタク,Kita-ku,国体町,コクタイチョウ,Kokutaicho,,,,,,,,1,1,0,0,0,0,1,1,1947-04-17,,0,7000021,,,,,,,,,,,,,,,
331015,0076000,1,岡山県,オカヤマケン,Okayama,,,,岡山市,オカヤマシ,Okayama-shi,北区,キタク,Kita-ku,苔山,コケヤマ,Kokeyama,,,,,,,,0,0,0,0,0,0,1,1,1947-04-17,,0,7011604,,,,,,,,,,,,,,,
331015,0077000,1,岡山県,オカヤマケン,Okayama,,,,岡山市,オカヤマシ,Okayama-shi,北区,キタク,Kita-ku,寿町,コトブキチョウ,Kotobukicho,,,,,,,,1,1,0,0,0,0,1,1,1947-04-17,,0,7000025,,,,,,,,,,,,,,,
331015,0079000,1,岡山県,オカヤマケン,Okayama,,,,岡山市,オカヤマシ,Okayama-shi,北区,キタク,Kita-ku,幸町,サイワイチョウ,Saiwaicho,,,,,,,,1,1,0,0,0,0,1,1,1947-04-17,,0,7000903,,,,,,,,,,,,,,,
331015,0081001,2,岡山県,オカヤマケン,Okayama,,,,岡山市,オカヤマシ,Okayama-shi,北区,キタク,Kita-ku,鹿田町,シカタチョウ,Shikatacho,一丁目,１チョウメ,1,,,,,1,1,0,0,0,0,1,1,1947-04-17,,0,,,,,,,,,,,,,,,,
331015,0081002,2,岡山県,オカヤマケン,Okayama,,,,岡山市,オカヤマシ,Okayama-shi,北区,キタク,Kita-ku,鹿田町,シカタチョウ,Shikatacho,二丁目,２チョウメ,2,,,,,1,1,0,0,0,0,1,1,1947-04-17,,0,,,,,,,,,,,,,,,,
331015,0082000,1,岡山県,オカヤマケン,Okayama,,,,岡山市,オカヤマシ,Okayama-shi,北区,キタク,Kita-ku,鹿田本町,シカタホンマチ,Shikatahommachi,,,,,,,,1,1,0,0,0,0,1,1,1947-04-17,,0,7000915,,,,,,,,,,,,,,,
331015,0083001,2,岡山県,オカヤマケン,Okayama,,,,岡山市,オカヤマシ,Okayama-shi,北区,キタク,Kita-ku,島田本町,シマダホンマチ,Shimadahommachi,一丁目,１チョウメ,1,,,,,1,1,0,0,0,0,1,1,1947-04-17,,0,,,,,,,,,,,,,,,,
331015,0083002,2,岡山県,オカヤマケン,Okayama,,,,岡山市,オカヤマシ,Okayama-shi,北区,キタク,Kita-ku,島田本町,シマダホンマチ,Shimadahommachi,二丁目,２チョウメ,2,,,,,1,1,0,0,0,0,1,1,1947-04-17,,0,,,,,,,,,,,,,,,,
331015,0084000,1,岡山県,オカヤマケン,Okayama,,,,岡山市,オカヤマシ,Okayama-shi,北区,キタク,Kita-ku,下足守,シモアシモリ,Shimoashimori,,,,,,,,0,0,0,0,0,0,1,1,1947-04-17,,0,7011464,,,,,,,,,,,,,,,
331015,0085000,1,岡山県,オカヤマケン,Okayama,,,,岡山市,オカヤマシ,Okayama-shi,北区,キタク,Kita-ku,下石井,,,,,,,,,,0,0,0,0,0,0,1,0,1947-04-17,,1,,,,,,,,,,,,,,,,
331015,0085001,2,岡山県,オカヤマケン,Okayama,,,,岡山市,オカヤマシ,Okayama-shi,北区,キタク,Kita-ku,下石井,シモイシイ,Shimoishii,一丁目,１チョウメ,1,,,,,1,1,0,0,0,0,1,1,1947-04-17,,0,,,,,,,,,,,,,,,,
331015,0085002,2,岡山県,オカヤマケン,Okayama,,,,岡山市,オカヤマシ,Okayama-shi,北区,キタク,Kita-ku,下石井,シモイシイ,Shimoishii,二丁目,２チョウメ,2,,,,,1,1,0,0,0,0,1,1,1947-04-17,,0,,,,,,,,,,,,,,,,
331015,0086001,2,岡山県,オカヤマケン,Okayama,,,,岡山市,オカヤマシ,Okayama-shi,北区,キタク,Kita-ku,下伊福,シモイフク,Shimoifuku,一丁目,１チョウメ,1,,,,,1,1,0,0,0,0,1,1,1947-04-17,,0,,,,,,,,,,,,,,,,
331015,0086002,2,岡山県,オカヤマケン,Okayama,,,,岡山市,オカヤマシ,Okayama-shi,北区,キタク,Kita-ku,下伊福,シモイフク,Shimoifuku,二丁目,２チョウメ,2,,,,,1,1,0,0,0,0,1,1,1947-04-17,,0,,,,,,,,,,,,,,,,
331015,0087000,1,岡山県,オカヤマケン,Okayama,,,,岡山市,オカヤマシ,Okayama-shi,北区,キタク,Kita-ku,下伊福上町,シモイフクカミマチ,Shimoifuku Kamimachi,,,,,,,,1,1,0,0,0,0,1,1,1947-04-17,,0,7000051,,,,,,,,,,,,,,,
331015,0088000,1,岡山県,オカヤマケン,Okayama,,,,岡山市,オカヤマシ,Okayama-shi,北区,キタク,Kita-ku,下伊福西町,シモイフクニシマチ,Shimoifuku Nishimachi,,,,,,,,1,1,0,0,0,0,1,1,1947-04-17,,0,7000054,,,,,,,,,,,,,,,
331015,0089000,1,岡山県,オカヤマケン,Okayama,,,,岡山市,オカヤマシ,Okayama-shi,北区,キタク,Kita-ku,下伊福本町,シモイフクホンマチ,Shimoifuku Hommachi,,,,,,,,1,1,0,0,0,0,1,1,1947-04-17,,0,7000053,,,,,,,,,,,,,,,
331015,0090000,1,岡山県,オカヤマケン,Okayama,,,,岡山市,オカヤマシ,Okayama-shi,北区,キタク,Kita-ku,下内田町,シモウチダチョウ,Shimochidacho,,,,,,,,0,0,0,0,0,0,1,1,1947-04-17,,0,7000846,,,,,,,,,,,,,,,
331015,0091000,1,岡山県,オカヤマケン,Okayama,,,,岡山市,オカヤマシ,Okayama-shi,北区,キタク,Kita-ku,下高田,シモタカダ,Shimotakada,,,,,,,,0,0,0,0,0,0,1,1,1947-04-17,,0,7011524,,,,,,,,,,,,,,,
331015,0092000,1,岡山県,オカヤマケン,Okayama,,,,岡山市,オカヤマシ,Okayama-shi,北区,キタク,Kita-ku,下土田,シモツチダ,Shimotsuchida,,,,,,,,0,0,0,0,0,0,1,1,1947-04-17,,0,7011356,,,,,,,,,,,,,,,
331015,0093000,1,岡山県,オカヤマケン,Okayama,,,,岡山市,オカヤマシ,Okayama-shi,北区,キタク,Kita-ku,下中野,シモナカノ,Shimonakano,,,,,,,,0,0,0,0,0,0,1,1,1947-04-17,,0,7000973,,,,,,,,,,,,,,,
331015,0094000,1,岡山県,オカヤマケン,Okayama,,,,岡山市,オカヤマシ,Okayama-shi,北区,キタク,Kita-ku,下牧,シモマキ,Shimomaki,,,,,,,,0,0,0,0,0,0,1,1,1947-04-17,,0,7012143,,,,,,,,,,,,,,,
331015,0096000,1,岡山県,オカヤマケン,Okayama,,,,岡山市,オカヤマシ,Okayama-shi,北区,キタク,Kita-ku,宿本町,シュクホンマチ,Shukuhommachi,,,,,,,,1,1,0,0,0,0,1,1,1947-04-17,,0,7000002,,,,,,,,,,,,,,,
331015,0097000,1,岡山県,オカヤマケン,Okayama,,,,岡山市,オカヤマシ,Okayama-shi,北区,キタク,Kita-ku,庄田,ショウダ,Shoda,,,,,,,,0,0,0,0,0,0,1,1,1947-04-17,,0,7011603,,,,,,,,,,,,,,,
331015,0098000,1,岡山県,オカヤマケン,Okayama,,,,岡山市,オカヤマシ,Okayama-shi,北区,キタク,Kita-ku,昭和町,ショウワチョウ,Showacho,,,,,,,,1,1,0,0,0,0,1,1,1947-04-17,,0,7000032,,,,,,,,,,,,,,,
331015,0100000,1,岡山県,オカヤマケン,Okayama,,,,岡山市,オカヤマシ,Okayama-shi,北区,キタク,Kita-ku,白石西新町,シライシニシシンマチ,Shiraishi Nishishimmachi,,,,,,,,0,0,0,0,0,0,1,1,1947-04-17,,0,7010142,,,,,,,,,,,,,,,
331015,0101000,1,岡山県,オカヤマケン,Okayama,,,,岡山市,オカヤマシ,Okayama-shi,北区,キタク,Kita-ku,白石東新町,シライシヒガシシンマチ,Shiraishi Higashishimmachi,,,,,,,,0,0,0,0,0,0,1,1,1947-04-17,,0,7010141,,,,,,,,,,,,,,,
331015,0102000,1,岡山県,オカヤマケン,Okayama,,,,岡山市,オカヤマシ,Okayama-shi,北区,キタク,Kita-ku,新庄上,シンジョウカミ,Shinjo Kami,,,,,,,,0,0,0,0,0,0,1,1,1947-04-17,,0,7011345,,,,,,,,,,,,,,,
331015,0103000,1,岡山県,オカヤマケン,Okayama,,,,岡山市,オカヤマシ,Okayama-shi,北区,キタク,Kita-ku,新庄下,シンジョウシモ,Shinjo Shimo,,,,,,,,0,0,0,0,0,0,1,1,1947-04-17,,0,7011344,,,,,,,,,,,,,,,
331015,0104000,1,岡山県,オカヤマケン,Okayama,,,,岡山市,オカヤマシ,Okayama-shi,北区,キタク,Kita-ku,新道,シンミチ,Shimmichi,,,,,,,,0,0,0,0,0,0,1,1,1947-04-17,,0,7000863,,,,,,,,,,,,,,,
331015,0105001,2,岡山県,オカヤマケン,Okayama,,,,岡山市,オカヤマシ,Okayama-shi,北区,キタク,Kita-ku,新屋敷町,シンヤシキチョウ,Shinyashikicho,一丁目,１チョウメ,1,,,,,1,1,0,0,0,0,1,1,1947-04-17,,0,,,,,,,,,,,,,,,,
331015,0105002,2,岡山県,オカヤマケン,Okayama,,,,岡山市,オカヤマシ,Okayama-shi,北区,キタク,Kita-ku,新屋敷町,シンヤシキチョウ,Shinyashikicho,二丁目,２チョウメ,2,,,,,1,1,0,0,0,0,1,1,1947-04-17,,0,,,,,,,,,,,,,,,,
331015,0105003,2,岡山県,オカヤマケン,Okayama,,,,岡山市,オカヤマシ,Okayama-shi,北区,キタク,Kita-ku,新屋敷町,シンヤシキチョウ,Shinyashikicho,三丁目,３チョウメ,3,,,,,1,1,0,0,0,0,1,1,1947-04-17,,0,,,,,,,,,,,,,,,,
331015,0106000,1,岡山県,オカヤマケン,Okayama,,,,岡山市,オカヤマシ,Okayama-shi,北区,キタク,Kita-ku,菅野,スガノ,Sugano,,,,,,,,0,0,0,0,0,0,1,1,1947-04-17,,0,7011141,,,,,,,,,,,,,,,
331015,0107000,1,岡山県,オカヤマケン,Okayama,,,,岡山市,オカヤマシ,Okayama-shi,北区,キタク,Kita-ku,杉谷,スギタニ,Sugitani,,,,,,,,0,0,0,0,0,0,1,1,1947-04-17,,0,7011522,,,,,,,,,,,,,,,
331015,0108001,2,岡山県,オカヤマケン,Okayama,,,,岡山市,オカヤマシ,Okayama-shi,北区,キタク,Kita-ku,清輝橋,セイキバシ,Seikibashi,一丁目,１チョウメ,1,,,,,1,1,0,0,0,0,1,1,1947-04-17,,0,,,,,,,,,,,,,,,,
331015,0108002,2,岡山県,オカヤマケン,Okayama,,,,岡山市,オカヤマシ,Okayama-shi,北区,キタク,Kita-ku,清輝橋,セイキバシ,Seikibashi,二丁目,２チョウメ,2,,,,,1,1,0,0,0,0,1,1,1947-04-17,,0,,,,,,,,,,,,,,,,
331015,0108003,2,岡山県,オカヤマケン,Okayama,,,,岡山市,オカヤマシ,Okayama-shi,北区,キタク,Kita-ku,清輝橋,セイキバシ,Seikibashi,三丁目,３チョウメ,3,,,,,1,1,0,0,0,0,1,1,1947-04-17,,0,,,,,,,,,,,,,,,,
331015,0108004,2,岡山県,オカヤマケン,Okayama,,,,岡山市,オカヤマシ,Okayama-shi,北区,キタク,Kita-ku,清輝橋,セイキバシ,Seikibashi,四丁目,４チョウメ,4,,,,,1,1,0,0,0,0,1,1,1947-04-17,,0,,,,,,,,,,,,,,,,
331015,0109000,1,岡山県,オカヤマケン,Okayama,,,,岡山市,オカヤマシ,Okayama-shi,北区,キタク,Kita-ku,清輝本町,セイキホンマチ,Seikihommachi,,,,,,,,1,1,0,0,0,0,1,1,1947-04-17,,0,7000862,,,,,,,,,,,,,,,
331015,0110000,1,岡山県,オカヤマケン,Okayama,,,,岡山市,オカヤマシ,Okayama-shi,北区,キタク,Kita-ku,清心町,セイシンチョウ,Seishincho,,,,,,,,1,1,0,0,0,0,1,1,1947-04-17,,0,7000027,,,,,,,,,,,,,,,
331015,0111000,1,岡山県,オカヤマケン,Okayama,,,,岡山市,オカヤマシ,Okayama-shi,北区,キタク,Kita-ku,船頭町,センドウチョウ,Sendocho,,,,,,,,0,0,0,0,0,0,1,1,1947-04-17,,0,7000842,,,,,,,,,,,,,,,
331015,0112000,1,岡山県,オカヤマケン,Okayama,,,,岡山市,オカヤマシ,Okayama-shi,北区,キタク,Kita-ku,惣爪,ソウヅメ,Sozume,,,,,,,,0,0,0,0,0,0,1,1,1947-04-17,,0,7011343,,,,,,,,,,,,,,,
331015,0113000,1,岡山県,オカヤマケン,Okayama,,,,岡山市,オカヤマシ,Okayama-shi,北区,キタク,Kita-ku,大安寺中町,ダイアンジナカマチ,Daianji Nakamachi,,,,,,,,1,1,0,0,0,0,1,1,1947-04-17,,0,7000062,,,,,,,,,,,,,,,
331015,0114000,1,岡山県,オカヤマケン,Okayama,,,,岡山市,オカヤマシ,Okayama-shi,北区,キタク,Kita-ku,大安寺西町,ダイアンジニシマチ,Daianji Nishimachi,,,,,,,,1,1,0,0,0,0,1,1,1947-04-17,,0,7000061,,,,,,,,,,,,,,,
331015,0115000,1,岡山県,オカヤマケン,Okayama,,,,岡山市,オカヤマシ,Okayama-shi,北区,キタク,Kita-ku,大安寺東町,ダイアンジヒガシマチ,Daianji Higashimachi,,,,,,,,1,1,0,0,0,0,1,1,1947-04-17,,0,7000063,,,,,,,,,,,,,,,
331015,0116001,2,岡山県,オカヤマケン,Okayama,,,,岡山市,オカヤマシ,Okayama-shi,北区,キタク,Kita-ku,大安寺南町,ダイアンジミナミマチ,Daianji Minamimachi,一丁目,１チョウメ,1,,,,,1,1,0,0,0,0,1,1,1947-04-17,,0,,,,,,,,,,,,,,,,
331015,0116002,2,岡山県,オカヤマケン,Okayama,,,,岡山市,オカヤマシ,Okayama-shi,北区,キタク,Kita-ku,大安寺南町,ダイアンジミナミマチ,Daianji Minamimachi,二丁目,２チョウメ,2,,,,,1,1,0,0,0,0,1,1,1947-04-17,,0,,,,,,,,,,,,,,,,
331015,0117000,1,岡山県,オカヤマケン,Okayama,,,,岡山市,オカヤマシ,Okayama-shi,北区,キタク,Kita-ku,大学町,ダイガクチョウ,Daigakucho,,,,,,,,1,1,0,0,0,0,1,1,1947-04-17,,0,7000906,,,,,,,,,,,,,,,
331015,0118001,2,岡山県,オカヤマケン,Okayama,,,,岡山市,オカヤマシ,Okayama-shi,北区,キタク,Kita-ku,大供,ダイク,Daiku,一丁目,１チョウメ,1,,,,,1,1,0,0,0,0,1,1,1947-04-17,,0,,,,,,,,,,,,,,,,
331015,0118002,2,岡山県,オカヤマケン,Okayama,,,,岡山市,オカヤマシ,Okayama-shi,北区,キタク,Kita-ku,大供,ダイク,Daiku,二丁目,２チョウメ,2,,,,,1,1,0,0,0,0,1,1,1947-04-17,,0,,,,,,,,,,,,,,,,
331015,0118003,2,岡山県,オカヤマケン,Okayama,,,,岡山市,オカヤマシ,Okayama-shi,北区,キタク,Kita-ku,大供,ダイク,Daiku,三丁目,３チョウメ,3,,,,,1,1,0,0,0,0,1,1,1947-04-17,,0,,,,,,,,,,,,,,,,
331015,0119000,1,岡山県,オカヤマケン,Okayama,,,,岡山市,オカヤマシ,Okayama-shi,北区,キタク,Kita-ku,大供表町,ダイクオモテマチ,Daiku Omotemachi,,,,,,,,1,1,0,0,0,0,1,1,1947-04-17,,0,7000912,,,,,,,,,,,,,,,
331015,0120000,1,岡山県,オカヤマケン,Okayama,,,,岡山市,オカヤマシ,Okayama-shi,北区,キタク,Kita-ku,大供本町,ダイクホンマチ,Daiku Hommachi,,,,,,,,0,0,0,0,0,0,1,1,1947-04-17,,0,7000911,,,,,,,,,,,,,,,
331015,0121000,1,岡山県,オカヤマケン,Okayama,,,,岡山市,オカヤマシ,Okayama-shi,北区,キタク,Kita-ku,高塚,タカツカ,Takatsuka,,,,,,,,0,0,0,0,0,0,1,1,1947-04-17,,0,7011354,,,,,,,,,,,,,,,
331015,0122000,1,岡山県,オカヤマケン,Okayama,,,,岡山市,オカヤマシ,Okayama-shi,北区,キタク,Kita-ku,高野,タカノ,Takano,,,,,,,,0,0,0,0,0,0,1,1,1947-04-17,,0,7011142,,,,,,,,,,,,,,,
331015,0123000,1,岡山県,オカヤマケン,Okayama,,,,岡山市,オカヤマシ,Okayama-shi,北区,キタク,Kita-ku,高松,タカマツ,Takamatsu,,,,,,,,0,0,0,0,0,0,1,1,1947-04-17,,0,7011335,,,,,,,,,,,,,,,
331015,0124000,1,岡山県,オカヤマケン,Okayama,,,,岡山市,オカヤマシ,Okayama-shi,北区,キタク,Kita-ku,高松稲荷,タカマツイナリ,Takamatsu Inari,,,,,,,,0,0,0,0,0,0,1,1,1947-04-17,,0,7011331,,,,,,,,,,,,,,,
331015,0125000,1,岡山県,オカヤマケン,Okayama,,,,岡山市,オカヤマシ,Okayama-shi,北区,キタク,Kita-ku,高松田中,タカマツタナカ,Takamatsu Tanaka,,,,,,,,0,0,0,0,0,0,1,1,1947-04-17,,0,7011355,,,,,,,,,,,,,,,
331015,0126000,1,岡山県,オカヤマケン,Okayama,,,,岡山市,オカヤマシ,Okayama-shi,北区,キタク,Kita-ku,高松原古才,タカマツハラコサイ,Takamatsu Harakosai,,,,,,,,0,0,0,0,0,0,1,1,1947-04-17,,0,7011334,,,,,,,,,,,,,,,
331015,0127000,1,岡山県,オカヤマケン,Okayama,,,,岡山市,オカヤマシ,Okayama-shi,北区,キタク,Kita-ku,高柳西町,タカヤナギニシマチ,Takayanagi Nishimachi,,,,,,,,1,1,0,0,0,0,1,1,1947-04-17,,0,7000035,,,,,,,,,,,,,,,
331015,0128000,1,岡山県,オカヤマケン,Okayama,,,,岡山市,オカヤマシ,Okayama-shi,北区,キタク,Kita-ku,高柳東町,タカヤナギヒガシマチ,Takayanagi Higashimachi,,,,,,,,1,1,0,0,0,0,1,1,1947-04-17,,0,7000034,,,,,,,,,,,,,,,
331015,0129000,1,岡山県,オカヤマケン,Okayama,,,,岡山市,オカヤマシ,Okayama-shi,北区,キタク,Kita-ku,建部町市場,タケベチョウイチバ,Takebecho Ichiba,,,,,,,,0,0,0,0,0,0,1,1,1947-04-17,,0,7093131,,,,,,,,,,,,,,,
331015,0130000,1,岡山県,オカヤマケン,Okayama,,,,岡山市,オカヤマシ,Okayama-shi,北区,キタク,Kita-ku,建部町大田,タケベチョウオオダ,Takebecho Oda,,,,,,,,0,0,0,0,0,0,1,1,1947-04-17,,0,7093121,,,,,,,,,,,,,,,
331015,0131000,1,岡山県,オカヤマケン,Okayama,,,,岡山市,オカヤマシ,Okayama-shi,北区,キタク,Kita-ku,建部町小倉,タケベチョウオグラ,Takebecho Ogura,,,,,,,,0,0,0,0,0,0,1,1,1947-04-17,,0,7093124,,,,,,,,,,,,,,,
331015,0132000,1,岡山県,オカヤマケン,Okayama,,,,岡山市,オカヤマシ,Okayama-shi,北区,キタク,Kita-ku,建部町川口,タケベチョウカワグチ,Takebecho Kawaguchi,,,,,,,,0,0,0,0,0,0,1,1,1947-04-17,,0,7093112,,,,,,,,,,,,,,,
331015,0133000,1,岡山県,オカヤマケン,Okayama,,,,岡山市,オカヤマシ,Okayama-shi,北区,キタク,Kita-ku,建部町桜,タケベチョウサクラ,Takebecho Sakura,,,,,,,,0,0,0,0,0,0,1,1,1947-04-17,,0,7093134,,,,,,,,,,,,,,,
331015,0134000,1,岡山県,オカヤマケン,Okayama,,,,岡山市,オカヤマシ,Okayama-shi,北区,キタク,Kita-ku,建部町三明寺,タケベチョウサンミョウジ,Takebecho Sammyoji,,,,,,,,0,0,0,0,0,0,1,1,1947-04-17,,0,7093105,,,,,,,,,,,,,,,
331015,0135000,1,岡山県,オカヤマケン,Okayama,,,,岡山市,オカヤマシ,Okayama-shi,北区,キタク,Kita-ku,建部町品田,タケベチョウシナダ,Takebecho Shinada,,,,,,,,0,0,0,0,0,0,1,1,1947-04-17,,0,7093141,,,,,,,,,,,,,,,
331015,0136000,1,岡山県,オカヤマケン,Okayama,,,,岡山市,オカヤマシ,Okayama-shi,北区,キタク,Kita-ku,建部町下神目,タケベチョウシモコウメ,Takebecho Shimokome,,,,,,,,0,0,0,0,0,0,1,1,1947-04-17,,0,7093113,,,,,,,,,,,,,,,
331015,0137000,1,岡山県,オカヤマケン,Okayama,,,,岡山市,オカヤマシ,Okayama-shi,北区,キタク,Kita-ku,建部町建部上,タケベチョウタケベカミ,Takebecho Takebekami,,,,,,,,0,0,0,0,0,0,1,1,1947-04-17,,0,7093142,,,,,,,,,,,,,,,
331015,0138000,1,岡山県,オカヤマケン,Okayama,,,,岡山市,オカヤマシ,Okayama-shi,北区,キタク,Kita-ku,建部町田地子,タケベチョウタジコ,Takebecho Tajiko,,,,,,,,0,0,0,0,0,0,1,1,1947-04-17,,0,7093145,,,,,,,,,,,,,,,
331015,0139000,1,岡山県,オカヤマケン,Okayama,,,,岡山市,オカヤマシ,Okayama-shi,北区,キタク,Kita-ku,建部町鶴田,タケベチョウタヅタ,Takebecho Tazuta,,,,,,,,0,0,0,0,0,0,1,1,1947-04-17,,0,7093101,,,,,,,,,,,,,,,
331015,0140000,1,岡山県,オカヤマケン,Okayama,,,,岡山市,オカヤマシ,Okayama-shi,北区,キタク,Kita-ku,建部町角石畝,タケベチョウツイシウネ,Takebecho Tsuishiune,,,,,,,,0,0,0,0,0,0,1,1,1947-04-17,,0,7093103,,,,,,,,,,,,,,,
331015,0141000,1,岡山県,オカヤマケン,Okayama,,,,岡山市,オカヤマシ,Okayama-shi,北区,キタク,Kita-ku,建部町角石谷,タケベチョウツイシダニ,Takebecho Tsuishidani,,,,,,,,0,0,0,0,0,0,1,1,1947-04-17,,0,7093104,,,,,,,,,,,,,,,
331015,0142000,1,岡山県,オカヤマケン,Okayama,,,,岡山市,オカヤマシ,Okayama-shi,北区,キタク,Kita-ku,建部町富沢,タケベチョウトミサワ,Takebecho Tomisawa,,,,,,,,0,0,0,0,0,0,1,1,1947-04-17,,0,7093144,,,,,,,,,,,,,,,
331015,0143000,1,岡山県,オカヤマケン,Okayama,,,,岡山市,オカヤマシ,Okayama-shi,北区,キタク,Kita-ku,建部町中田,タケベチョウナカダ,Takebecho Nakada,,,,,,,,0,0,0,0,0,0,1,1,1947-04-17,,0,7093132,,,,,,,,,,,,,,,
331015,0144000,1,岡山県,オカヤマケン,Okayama,,,,岡山市,オカヤマシ,Okayama-shi,北区,キタク,Kita-ku,建部町西原,タケベチョウニシバラ,Takebecho Nishibara,,,,,,,,0,0,0,0,0,0,1,1,1947-04-17,,0,7093133,,,,,,,,,,,,,,,
331015,0145000,1,岡山県,オカヤマケン,Okayama,,,,岡山市,オカヤマシ,Okayama-shi,北区,キタク,Kita-ku,建部町土師方,タケベチョウハジカタ,Takebecho Hajikata,,,,,,,,0,0,0,0,0,0,1,1,1947-04-17,,0,7093123,,,,,,,,,,,,,,,
331015,0146000,1,岡山県,オカヤマケン,Okayama,,,,岡山市,オカヤマシ,Okayama-shi,北区,キタク,Kita-ku,建部町福渡,タケベチョウフクワタリ,Takebecho Fukuwatari,,,,,,,,0,0,0,0,0,0,1,1,1947-04-17,,0,7093111,,,,,,,,,,,,,,,
331015,0147000,1,岡山県,オカヤマケン,Okayama,,,,岡山市,オカヤマシ,Okayama-shi,北区,キタク,Kita-ku,建部町豊楽寺,タケベチョウブラクジ,Takebecho Burakuji,,,,,,,,0,0,0,0,0,0,1,1,1947-04-17,,0,7093114,,,,,,,,,,,,,,,
331015,0148000,1,岡山県,オカヤマケン,Okayama,,,,岡山市,オカヤマシ,Okayama-shi,北区,キタク,Kita-ku,建部町宮地,タケベチョウミヤジ,Takebecho Miyaji,,,,,,,,0,0,0,0,0,0,1,1,1947-04-17,,0,7093143,,,,,,,,,,,,,,,
331015,0149000,1,岡山県,オカヤマケン,Okayama,,,,岡山市,オカヤマシ,Okayama-shi,北区,キタク,Kita-ku,建部町吉田,タケベチョウヨシダ,Takebecho Yoshida,,,,,,,,0,0,0,0,0,0,1,1,1947-04-17,,0,7093122,,,,,,,,,,,,,,,
331015,0150000,1,岡山県,オカヤマケン,Okayama,,,,岡山市,オカヤマシ,Okayama-shi,北区,キタク,Kita-ku,建部町和田南,タケベチョウワダミナミ,Takebecho Wadaminami,,,,,,,,0,0,0,0,0,0,1,1,1947-04-17,,0,7093102,,,,,,,,,,,,,,,
331015,0152000,1,岡山県,オカヤマケン,Okayama,,,,岡山市,オカヤマシ,Okayama-shi,北区,キタク,Kita-ku,辰巳,タツミ,Tatsumi,,,,,,,,0,0,0,0,0,0,1,1,1947-04-17,,0,7000976,,,,,,,,,,,,,,,
331015,0154001,2,岡山県,オカヤマケン,Okayama,,,,岡山市,オカヤマシ,Okayama-shi,北区,キタク,Kita-ku,谷万成,タニマンナリ,Tanimannari,一丁目,１チョウメ,1,,,,,1,1,0,0,0,0,1,1,1947-04-17,,0,,,,,,,,,,,,,,,,
331015,0154002,2,岡山県,オカヤマケン,Okayama,,,,岡山市,オカヤマシ,Okayama-shi,北区,キタク,Kita-ku,谷万成,タニマンナリ,Tanimannari,二丁目,２チョウメ,2,,,,,1,1,0,0,0,0,1,1,1947-04-17,,0,,,,,,,,,,,,,,,,
331015,0156000,1,岡山県,オカヤマケン,Okayama,,,,岡山市,オカヤマシ,Okayama-shi,北区,キタク,Kita-ku,玉柏,タマガシ,Tamagashi,,,,,,,,0,0,0,0,0,0,1,1,1947-04-17,,0,7012142,,,,,,,,,,,,,,,
331015,0157000,1,岡山県,オカヤマケン,Okayama,,,,岡山市,オカヤマシ,Okayama-shi,北区,キタク,Kita-ku,田益,タマス,Tamasu,,,,,,,,0,0,0,0,0,0,1,1,1947-04-17,,0,7011154,,,,,,,,,,,,,,,
331015,0158001,2,岡山県,オカヤマケン,Okayama,,,,岡山市,オカヤマシ,Okayama-shi,北区,キタク,Kita-ku,田町,タマチ,Tamachi,一丁目,１チョウメ,1,,,,,1,1,0,0,0,0,1,1,1947-04-17,,0,,,,,,,,,,,,,,,,
331015,0158002,2,岡山県,オカヤマケン,Okayama,,,,岡山市,オカヤマシ,Okayama-shi,北区,キタク,Kita-ku,田町,タマチ,Tamachi,二丁目,２チョウメ,2,,,,,1,1,0,0,0,0,1,1,1947-04-17,,0,,,,,,,,,,,,,,,,
331015,0159000,1,岡山県,オカヤマケン,Okayama,,,,岡山市,オカヤマシ,Okayama-shi,北区,キタク,Kita-ku,中央町,チュウオウチョウ,Chuocho,,,,,,,,1,1,0,0,0,0,1,1,1947-04-17,,0,7000836,,,,,,,,,,,,,,,
331015,0160001,2,岡山県,オカヤマケン,Okayama,,,,岡山市,オカヤマシ,Okayama-shi,北区,キタク,Kita-ku,津倉町,ツクラチョウ,Tsukuracho,一丁目,１チョウメ,1,,,,,1,1,0,0,0,0,1,1,1947-04-17,,0,,,,,,,,,,,,,,,,
331015,0160002,2,岡山県,オカヤマケン,Okayama,,,,岡山市,オカヤマシ,Okayama-shi,北区,キタク,Kita-ku,津倉町,ツクラチョウ,Tsukuracho,二丁目,２チョウメ,2,,,,,1,1,0,0,0,0,1,1,1947-04-17,,0,,,,,,,,,,,,,,,,
331015,0161000,1,岡山県,オカヤマケン,Okayama,,,,岡山市,オカヤマシ,Okayama-shi,北区,キタク,Kita-ku,津島,ツシマ,,,,,,,,,0,0,0,0,0,0,1,1,1947-04-17,,0,,,,,,,,,,,,,,,,
331015,0162001,2,岡山県,オカヤマケン,Okayama,,,,岡山市,オカヤマシ,Okayama-shi,北区,キタク,Kita-ku,津島京町,ツシマキョウマチ,Tsushima Kyomachi,一丁目,１チョウメ,1,,,,,1,1,0,0,0,0,1,1,1947-04-17,,0,,,,,,,,,,,,,,,,
331015,0162002,2,岡山県,オカヤマケン,Okayama,,,,岡山市,オカヤマシ,Okayama-shi,北区,キタク,Kita-ku,津島京町,ツシマキョウマチ,Tsushima Kyomachi,二丁目,２チョウメ,2,,,,,1,1,0,0,0,0,1,1,1947-04-17,,0,,,,,,,,,,,,,,,,
331015,0162003,2,岡山県,オカヤマケン,Okayama,,,,岡山市,オカヤマシ,Okayama-shi,北区,キタク,Kita-ku,津島京町,ツシマキョウマチ,Tsushima Kyomachi,三丁目,３チョウメ,3,,,,,1,1,0,0,0,0,1,1,1947-04-17,,0,,,,,,,,,,,,,,,,
331015,0163000,1,岡山県,オカヤマケン,Okayama,,,,岡山市,オカヤマシ,Okayama-shi,北区,キタク,Kita-ku,津島桑の木町,ツシマクワノキチョウ,Tsushima Kuwanokicho,,,,,,,,1,1,0,0,0,0,1,1,1947-04-17,,0,7000084,,,,,,,,,,,,,,,
331015,0164000,1,岡山県,オカヤマケン,Okayama,,,,岡山市,オカヤマシ,Okayama-shi,北区,キタク,Kita-ku,津島笹が瀬,ツシマササガセ,Tsushima Sasagase,,,,,,,,1,1,0,0,0,0,1,1,1947-04-17,,0,7000088,,,,,,,,,,,,,,,
331015,0165001,2,岡山県,オカヤマケン,Okayama,,,,岡山市,オカヤマシ,Okayama-shi,北区,キタク,Kita-ku,津島中,ツシマナカ,Tsushima Naka,一丁目,１チョウメ,1,,,,,1,1,0,0,0,0,1,1,1947-04-17,,0,,,,,,,,,,,,,,,,
331015,0165002,2,岡山県,オカヤマケン,Okayama,,,,岡山市,オカヤマシ,Okayama-shi,北区,キタク,Kita-ku,津島中,ツシマナカ,Tsushima Naka,二丁目,２チョウメ,2,,,,,1,1,0,0,0,0,1,1,1947-04-17,,0,,,,,,,,,,,,,,,,
331015,0165003,2,岡山県,オカヤマケン,Okayama,,,,岡山市,オカヤマシ,Okayama-shi,北区,キタク,Kita-ku,津島中,ツシマナカ,Tsushima Naka,三丁目,３チョウメ,3,,,,,1,1,0,0,0,0,1,1,1947-04-17,,0,,,,,,,,,,,,,,,,
331015,0166001,2,岡山県,オカヤマケン,Okayama,,,,岡山市,オカヤマシ,Okayama-shi,北区,キタク,Kita-ku,津島新野,ツシマニイノ,Tsushima Niino,一丁目,１チョウメ,1,,,,,1,1,0,0,0,0,1,1,1947-04-17,,0,,,,,,,,,,,,,,,,
331015,0166002,2,岡山県,オカヤマケン,Okayama,,,,岡山市,オカヤマシ,Okayama-shi,北区,キタク,Kita-ku,津島新野,ツシマニイノ,Tsushima Niino,二丁目,２チョウメ,2,,,,,1,1,0,0,0,0,1,1,1947-04-17,,0,,,,,,,,,,,,,,,,
331015,0167001,2,岡山県,オカヤマケン,Okayama,,,,岡山市,オカヤマシ,Okayama-shi,北区,キタク,Kita-ku,津島西坂,ツシマニシザカ,Tsushima Nishizaka,一丁目,１チョウメ,1,,,,,1,1,0,0,0,0,1,1,1947-04-17,,0,,,,,,,,,,,,,,,,
331015,0167002,2,岡山県,オカヤマケン,Okayama,,,,岡山市,オカヤマシ,Okayama-shi,北区,キタク,Kita-ku,津島西坂,ツシマニシザカ,Tsushima Nishizaka,二丁目,２チョウメ,2,,,,,1,1,0,0,0,0,1,1,1947-04-17,,0,,,,,,,,,,,,,,,,
331015,0167003,2,岡山県,オカヤマケン,Okayama,,,,岡山市,オカヤマシ,Okayama-shi,北区,キタク,Kita-ku,津島西坂,ツシマニシザカ,Tsushima Nishizaka,三丁目,３チョウメ,3,,,,,1,1,0,0,0,0,1,1,1947-04-17,,0,,,,,,,,,,,,,,,,
331015,0168001,2,岡山県,オカヤマケン,Okayama,,,,岡山市,オカヤマシ,Okayama-shi,北区,キタク,Kita-ku,津島東,ツシマヒガシ,Tsushima Higashi,一丁目,１チョウメ,1,,,,,1,1,0,0,0,0,1,1,1947-04-17,,0,,,,,,,,,,,,,,,,
331015,0168002,2,岡山県,オカヤマケン,Okayama,,,,岡山市,オカヤマシ,Okayama-shi,北区,キタク,Kita-ku,津島東,ツシマヒガシ,Tsushima Higashi,二丁目,２チョウメ,2,,,,,1,1,0,0,0,0,1,1,1947-04-17,,0,,,,,,,,,,,,,,,,
331015,0168003,2,岡山県,オカヤマケン,Okayama,,,,岡山市,オカヤマシ,Okayama-shi,北区,キタク,Kita-ku,津島東,ツシマヒガシ,Tsushima Higashi,三丁目,３チョウメ,3,,,,,1,1,0,0,0,0,1,1,1947-04-17,,0,,,,,,,,,,,,,,,,
331015,0168004,2,岡山県,オカヤマケン,Okayama,,,,岡山市,オカヤマシ,Okayama-shi,北区,キタク,Kita-ku,津島東,ツシマヒガシ,Tsushima Higashi,四丁目,４チョウメ,4,,,,,1,1,0,0,0,0,1,1,1947-04-17,,0,,,,,,,,,,,,,,,,
331015,0169001,2,岡山県,オカヤマケン,Okayama,,,,岡山市,オカヤマシ,Okayama-shi,北区,キタク,Kita-ku,津島福居,ツシマフクイ,Tsushima Fukui,一丁目,１チョウメ,1,,,,,1,1,0,0,0,0,1,1,1947-04-17,,0,,,,,,,,,,,,,,,,
331015,0169002,2,岡山県,オカヤマケン,Okayama,,,,岡山市,オカヤマシ,Okayama-shi,北区,キタク,Kita-ku,津島福居,ツシマフクイ,Tsushima Fukui,二丁目,２チョウメ,2,,,,,1,1,0,0,0,0,1,1,1947-04-17,,0,,,,,,,,,,,,,,,,
331015,0170000,1,岡山県,オカヤマケン,Okayama,,,,岡山市,オカヤマシ,Okayama-shi,北区,キタク,Kita-ku,津島本町,ツシマホンマチ,Tsushima Hommachi,,,,,,,,1,1,0,0,0,0,1,1,1947-04-17,,0,7000089,,,,,,,,,,,,,,,
331015,0171001,2,岡山県,オカヤマケン,Okayama,,,,岡山市,オカヤマシ,Okayama-shi,北区,キタク,Kita-ku,津島南,ツシマミナミ,Tsushima Minami,一丁目,１チョウメ,1,,,,,1,1,0,0,0,0,1,1,1947-04-17,,0,,,,,,,,,,,,,,,,
331015,0171002,2,岡山県,オカヤマケン,Okayama,,,,岡山市,オカヤマシ,Okayama-shi,北区,キタク,Kita-ku,津島南,ツシマミナミ,Tsushima Minami,二丁目,２チョウメ,2,,,,,1,1,0,0,0,0,1,1,1947-04-17,,0,,,,,,,,,,,,,,,,
331015,0172000,1,岡山県,オカヤマケン,Okayama,,,,岡山市,オカヤマシ,Okayama-shi,北区,キタク,Kita-ku,津高,ツダカ,Tsudaka,,,,,,,,0,0,0,0,0,0,1,1,1947-04-17,,0,7011152,,,,,,,,,,,,,,,
331015,0173001,2,岡山県,オカヤマケン,Okayama,,,,岡山市,オカヤマシ,Okayama-shi,北区,キタク,Kita-ku,津高台,ツダカダイ,Tsudakadai,一丁目,１チョウメ,1,,,,,0,0,0,0,0,0,1,1,1947-04-17,,0,,,,,,,,,,,,,,,,
331015,0173002,2,岡山県,オカヤマケン,Okayama,,,,岡山市,オカヤマシ,Okayama-shi,北区,キタク,Kita-ku,津高台,ツダカダイ,Tsudakadai,二丁目,２チョウメ,2,,,,,0,0,0,0,0,0,1,1,1947-04-17,,0,,,,,,,,,,,,,,,,
331015,0173003,2,岡山県,オカヤマケン,Okayama,,,,岡山市,オカヤマシ,Okayama-shi,北区,キタク,Kita-ku,津高台,ツダカダイ,Tsudakadai,三丁目,３チョウメ,3,,,,,0,0,0,0,0,0,1,1,1947-04-17,,0,,,,,,,,,,,,,,,,
331015,0173004,2,岡山県,オカヤマケン,Okayama,,,,岡山市,オカヤマシ,Okayama-shi,北区,キタク,Kita-ku,津高台,ツダカダイ,Tsudakadai,四丁目,４チョウメ,4,,,,,0,0,0,0,0,0,1,1,1947-04-17,,0,,,,,,,,,,,,,,,,
331015,0174000,1,岡山県,オカヤマケン,Okayama,,,,岡山市,オカヤマシ,Okayama-shi,北区,キタク,Kita-ku,津寺,ツデラ,Tsudera,,,,,,,,0,0,0,0,0,0,1,1,1947-04-17,,0,7011346,,,,,,,,,,,,,,,
331015,0175000,1,岡山県,オカヤマケン,Okayama,,,,岡山市,オカヤマシ,Okayama-shi,北区,キタク,Kita-ku,天神町,テンジンチョウ,Tenjincho,,,,,,,,1,1,0,0,0,0,1,1,1947-04-17,,0,7000814,,,,,,,,,,,,,,,
331015,0176000,1,岡山県,オカヤマケン,Okayama,,,,岡山市,オカヤマシ,Okayama-shi,北区,キタク,Kita-ku,問屋町,トイヤチョウ,Toiyacho,,,,,,,,0,0,0,0,0,0,1,1,1947-04-17,,0,7000977,,,,,,,,,,,,,,,
331015,0177000,1,岡山県,オカヤマケン,Okayama,,,,岡山市,オカヤマシ,Okayama-shi,北区,キタク,Kita-ku,十日市中町,トウカイチナカマチ,Tokaichi Nakamachi,,,,,,,,1,1,0,0,0,0,1,1,1947-04-17,,0,7000855,,,,,,,,,,,,,,,
331015,0178000,1,岡山県,オカヤマケン,Okayama,,,,岡山市,オカヤマシ,Okayama-shi,北区,キタク,Kita-ku,十日市西町,トウカイチニシマチ,Tokaichi Nishimachi,,,,,,,,1,1,0,0,0,0,1,1,1947-04-17,,0,7000856,,,,,,,,,,,,,,,
331015,0179000,1,岡山県,オカヤマケン,Okayama,,,,岡山市,オカヤマシ,Okayama-shi,北区,キタク,Kita-ku,十日市東町,トウカイチヒガシマチ,Tokaichi Higashimachi,,,,,,,,1,1,0,0,0,0,1,1,1947-04-17,,0,7000854,,,,,,,,,,,,,,,
331015,0180000,1,岡山県,オカヤマケン,Okayama,,,,岡山市,オカヤマシ,Okayama-shi,北区,キタク,Kita-ku,磨屋町,トギヤチョウ,Togiyacho,,,,,,,,1,1,0,0,0,0,1,1,1947-04-17,,0,7000826,,,,,,,,,,,,,,,
331015,0181000,1,岡山県,オカヤマケン,Okayama,,,,岡山市,オカヤマシ,Okayama-shi,北区,キタク,Kita-ku,富田,トミタ,Tomita,,,,,,,,0,0,0,0,0,0,1,1,1947-04-17,,0,7000936,,,,,,,,,,,,,,,
331015,0183001,2,岡山県,オカヤマケン,Okayama,,,,岡山市,オカヤマシ,Okayama-shi,北区,キタク,Kita-ku,富町,トミマチ,Tomimachi,一丁目,１チョウメ,1,,,,,1,1,0,0,0,0,1,1,1947-04-17,,0,,,,,,,,,,,,,,,,
331015,0183002,2,岡山県,オカヤマケン,Okayama,,,,岡山市,オカヤマシ,Okayama-shi,北区,キタク,Kita-ku,富町,トミマチ,Tomimachi,二丁目,２チョウメ,2,,,,,1,1,0,0,0,0,1,1,1947-04-17,,0,,,,,,,,,,,,,,,,
331015,0184000,1,岡山県,オカヤマケン,Okayama,,,,岡山市,オカヤマシ,Okayama-shi,北区,キタク,Kita-ku,富吉,トミヨシ,Tomiyoshi,,,,,,,,0,0,0,0,0,0,1,1,1947-04-17,,0,7011133,,,,,,,,,,,,,,,
331015,0185000,1,岡山県,オカヤマケン,Okayama,,,,岡山市,オカヤマシ,Okayama-shi,北区,キタク,Kita-ku,富田町,,,,,,,,,,0,0,0,0,0,0,1,0,1947-04-17,,1,,,,,,,,,,,,,,,,
331015,0185001,2,岡山県,オカヤマケン,Okayama,,,,岡山市,オカヤマシ,Okayama-shi,北区,キタク,Kita-ku,富田町,トンダチョウ,Tondacho,一丁目,１チョウメ,1,,,,,1,1,0,0,0,0,1,1,1947-04-17,,0,,,,,,,,,,,,,,,,
331015,0185002,2,岡山県,オカヤマケン,Okayama,,,,岡山市,オカヤマシ,Okayama-shi,北区,キタク,Kita-ku,富田町,トンダチョウ,Tondacho,二丁目,２チョウメ,2,,,,,1,1,0,0,0,0,1,1,1947-04-17,,0,,,,,,,,,,,,,,,,
331015,0186001,2,岡山県,オカヤマケン,Okayama,,,,岡山市,オカヤマシ,Okayama-shi,北区,キタク,Kita-ku,中井町,ナカイチョウ,Nakaicho,一丁目,１チョウメ,1,,,,,1,1,0,0,0,0,1,1,1947-04-17,,0,,,,,,,,,,,,,,,,
331015,0186002,2,岡山県,オカヤマケン,Okayama,,,,岡山市,オカヤマシ,Okayama-shi,北区,キタク,Kita-ku,中井町,ナカイチョウ,Nakaicho,二丁目,２チョウメ,2,,,,,1,1,0,0,0,0,1,1,1947-04-17,,0,,,,,,,,,,,,,,,,
331015,0187001,2,岡山県,オカヤマケン,Okayama,,,,岡山市,オカヤマシ,Okayama-shi,北区,キタク,Kita-ku,中山下,ナカサンゲ,Nakasange,一丁目,１チョウメ,1,,,,,1,1,0,0,0,0,1,1,1947-04-17,,0,,,,,,,,,,,,,,,,
331015,0187002,2,岡山県,オカヤマケン,Okayama,,,,岡山市,オカヤマシ,Okayama-shi,北区,キタク,Kita-ku,中山下,ナカサンゲ,Nakasange,二丁目,２チョウメ,2,,,,,1,1,0,0,0,0,1,1,1947-04-17,,0,,,,,,,,,,,,,,,,
331015,0188001,2,岡山県,オカヤマケン,Okayama,,,,岡山市,オカヤマシ,Okayama-shi,北区,キタク,Kita-ku,中島田町,ナカシマダチョウ,Nakashimadacho,一丁目,１チョウメ,1,,,,,1,1,0,0,0,0,1,1,1947-04-17,,0,,,,,,,,,,,,,,,,
331015,0188002,2,岡山県,オカヤマケン,Okayama,,,,岡山市,オカヤマシ,Okayama-shi,北区,キタク,Kita-ku,中島田町,ナカシマダチョウ,Nakashimadacho,二丁目,２チョウメ,2,,,,,1,1,0,0,0,0,1,1,1947-04-17,,0,,,,,,,,,,,,,,,,
331015,0190000,1,岡山県,オカヤマケン,Okayama,,,,岡山市,オカヤマシ,Okayama-shi,北区,キタク,Kita-ku,中仙道,ナカセンドウ,Nakasendo,,,,,,,,0,0,0,0,0,0,1,1,1947-04-17,,0,7000964,,,,,,,,,,,,,,,
331015,0190001,2,岡山県,オカヤマケン,Okayama,,,,岡山市,オカヤマシ,Okayama-shi,北区,キタク,Kita-ku,中仙道,ナカセンドウ,Nakasendo,一丁目,１チョウメ,1,,,,,1,1,0,0,0,0,1,1,1947-04-17,,0,,,,,,,,,,,,,,,,
331015,0190002,2,岡山県,オカヤマケン,Okayama,,,,岡山市,オカヤマシ,Okayama-shi,北区,キタク,Kita-ku,中仙道,ナカセンドウ,Nakasendo,二丁目,２チョウメ,2,,,,,1,1,0,0,0,0,1,1,1947-04-17,,0,,,,,,,,,,,,,,,,
331015,0195000,1,岡山県,オカヤマケン,Okayama,,,,岡山市,オカヤマシ,Okayama-shi,北区,キタク,Kita-ku,撫川,ナツカワ,Natsukawa,,,,,,,,0,0,0,0,0,0,1,1,1947-04-17,,0,7010164,,,,,,,,,,,,,,,
331015,0196000,1,岡山県,オカヤマケン,Okayama,,,,岡山市,オカヤマシ,Okayama-shi,北区,キタク,Kita-ku,七日市西町,ナノカイチニシマチ,Nanokaichi Nishimachi,,,,,,,,1,1,0,0,0,0,1,1,1947-04-17,,0,7000851,,,,,,,,,,,,,,,
331015,0197000,1,岡山県,オカヤマケン,Okayama,,,,岡山市,オカヤマシ,Okayama-shi,北区,キタク,Kita-ku,七日市東町,ナノカイチヒガシマチ,Nanokaichi Higashimachi,,,,,,,,1,1,0,0,0,0,1,1,1947-04-17,,0,7000852,,,,,,,,,,,,,,,
331015,0198000,1,岡山県,オカヤマケン,Okayama,,,,岡山市,オカヤマシ,Okayama-shi,北区,キタク,Kita-ku,楢津,ナラヅ,Narazu,,,,,,,,0,0,0,0,0,0,1,1,1947-04-17,,0,7011202,,,,,,,,,,,,,,,
331015,0199000,1,岡山県,オカヤマケン,Okayama,,,,岡山市,オカヤマシ,Okayama-shi,北区,キタク,Kita-ku,西市,ニシイチ,Nishiichi,,,,,,,,0,0,0,0,0,0,1,1,1947-04-17,,0,7000953,,,,,,,,,,,,,,,
331015,0200000,1,岡山県,オカヤマケン,Okayama,,,,岡山市,オカヤマシ,Okayama-shi,北区,キタク,Kita-ku,西辛川,ニシカラカワ,Nishikarakawa,,,,,,,,0,0,0,0,0,0,1,1,1947-04-17,,0,7011213,,,,,,,,,,,,,,,
331015,0201000,1,岡山県,オカヤマケン,Okayama,,,,岡山市,オカヤマシ,Okayama-shi,北区,キタク,Kita-ku,錦町,ニシキマチ,Nishikimachi,,,,,,,,1,1,0,0,0,0,1,1,1947-04-17,,0,7000902,,,,,,,,,,,,,,,
331015,0202001,2,岡山県,オカヤマケン,Okayama,,,,岡山市,オカヤマシ,Okayama-shi,北区,キタク,Kita-ku,西崎,ニシザキ,Nishizaki,一丁目,１チョウメ,1,,,,,1,1,0,0,0,0,1,1,1947-04-17,,0,,,,,,,,,,,,,,,,
331015,0202002,2,岡山県,オカヤマケン,Okayama,,,,岡山市,オカヤマシ,Okayama-shi,北区,キタク,Kita-ku,西崎,ニシザキ,Nishizaki,二丁目,２チョウメ,2,,,,,1,1,0,0,0,0,1,1,1947-04-17,,0,,,,,,,,,,,,,,,,
331015,0203000,1,岡山県,オカヤマケン,Okayama,,,,岡山市,オカヤマシ,Okayama-shi,北区,キタク,Kita-ku,西崎本町,ニシザキホンマチ,Nishizakihommachi,,,,,,,,1,1,0,0,0,0,1,1,1947-04-17,,0,7000056,,,,,,,,,,,,,,,
331015,0204000,1,岡山県,オカヤマケン,Okayama,,,,岡山市,オカヤマシ,Okayama-shi,北区,キタク,Kita-ku,西島田町,ニシシマダチョウ,Nishishimadacho,,,,,,,,1,1,0,0,0,0,1,1,1947-04-17,,0,7000981,,,,,,,,,,,,,,,
331015,0205000,1,岡山県,オカヤマケン,Okayama,,,,岡山市,オカヤマシ,Okayama-shi,北区,キタク,Kita-ku,西長瀬,ニシナガセ,Nishinagase,,,,,,,,0,0,0,0,0,0,1,1,1947-04-17,,0,7000965,,,,,,,,,,,,,,,
331015,0206000,1,岡山県,オカヤマケン,Okayama,,,,岡山市,オカヤマシ,Okayama-shi,北区,キタク,Kita-ku,西之町,ニシノチョウ,Nishinocho,,,,,,,,0,0,0,0,0,0,1,1,1947-04-17,,0,7000916,,,,,,,,,,,,,,,
331015,0206000,1,岡山県,オカヤマケン,Okayama,,,,岡山市,オカヤマシ,Okayama-shi,北区,キタク,Kita-ku,西之町,ニシノチョウ,Nishinocho,,,,,,,,1,1,0,0,0,0,1,1,1947-04-17,,0,7000916,,,,,,,,,,,,,,,
331015,0207000,1,岡山県,オカヤマケン,Okayama,,,,岡山市,オカヤマシ,Okayama-shi,北区,キタク,Kita-ku,西野山町,ニシノヤマチョウ,Nishinoyamacho,,,,,,,,0,0,0,0,0,0,1,1,1947-04-17,,0,7000067,,,,,,,,,,,,,,,
331015,0210000,1,岡山県,オカヤマケン,Okayama,,,,岡山市,オカヤマシ,Okayama-shi,北区,キタク,Kita-ku,西古松,ニシフルマツ,Nishifurumatsu,,,,,,,,0,0,0,0,0,0,1,1,1947-04-17,,0,7000927,,,,,,,,,,,,,,,
331015,0210001,2,岡山県,オカヤマケン,Okayama,,,,岡山市,オカヤマシ,Okayama-shi,北区,キタク,Kita-ku,西古松,ニシフルマツ,Nishifurumatsu,一丁目,１チョウメ,1,,,,,1,1,0,0,0,0,1,1,1947-04-17,,0,,,,,,,,,,,,,,,,
331015,0210002,2,岡山県,オカヤマケン,Okayama,,,,岡山市,オカヤマシ,Okayama-shi,北区,キタク,Kita-ku,西古松,ニシフルマツ,Nishifurumatsu,二丁目,２チョウメ,2,,,,,1,1,0,0,0,0,1,1,1947-04-17,,0,,,,,,,,,,,,,,,,
331015,0211000,1,岡山県,オカヤマケン,Okayama,,,,岡山市,オカヤマシ,Okayama-shi,北区,キタク,Kita-ku,西古松西町,ニシフルマツニシマチ,Nishifurumatsunishimachi,,,,,,,,1,1,0,0,0,0,1,1,1947-04-17,,0,7000926,,,,,,,,,,,,,,,
331015,0212000,1,岡山県,オカヤマケン,Okayama,,,,岡山市,オカヤマシ,Okayama-shi,北区,キタク,Kita-ku,西山内,ニシヤマノウチ,Nishiyamanochi,,,,,,,,0,0,0,0,0,0,1,1,1947-04-17,,0,7011612,,,,,,,,,,,,,,,
331015,0213000,1,岡山県,オカヤマケン,Okayama,,,,岡山市,オカヤマシ,Okayama-shi,北区,キタク,Kita-ku,日応寺,ニチオウジ,Nichioji,,,,,,,,0,0,0,0,0,0,1,1,1947-04-17,,0,7011131,,,,,,,,,,,,,,,
331015,0215000,1,岡山県,オカヤマケン,Okayama,,,,岡山市,オカヤマシ,Okayama-shi,北区,キタク,Kita-ku,納所,ノウソ,Noso,,,,,,,,0,0,0,0,0,0,1,1,1947-04-17,,0,7010162,,,,,,,,,,,,,,,
331015,0216000,1,岡山県,オカヤマケン,Okayama,,,,岡山市,オカヤマシ,Okayama-shi,北区,キタク,Kita-ku,野田,ノダ,,,,,,,,,0,0,0,0,0,0,1,0,1947-04-17,,1,,,,,,,,,,,,,,,,
331015,0216001,2,岡山県,オカヤマケン,Okayama,,,,岡山市,オカヤマシ,Okayama-shi,北区,キタク,Kita-ku,野田,ノダ,Noda,一丁目,１チョウメ,1,,,,,0,0,0,0,0,0,1,1,1947-04-17,,0,,,,,,,,,,,,,,,,
331015,0216001,2,岡山県,オカヤマケン,Okayama,,,,岡山市,オカヤマシ,Okayama-shi,北区,キタク,Kita-ku,野田,ノダ,Noda,一丁目,１チョウメ,1,,,,,1,1,0,0,0,0,1,1,1947-04-17,,0,,,,,,,,,,,,,,,,
331015,0216002,2,岡山県,オカヤマケン,Okayama,,,,岡山市,オカヤマシ,Okayama-shi,北区,キタク,Kita-ku,野田,ノダ,Noda,二丁目,２チョウメ,2,,,,,1,1,0,0,0,0,1,1,1947-04-17,,0,,,,,,,,,,,,,,,,
331015,0216003,2,岡山県,オカヤマケン,Okayama,,,,岡山市,オカヤマシ,Okayama-shi,北区,キタク,Kita-ku,野田,ノダ,Noda,三丁目,３チョウメ,3,,,,,1,1,0,0,0,0,1,1,1947-04-17,,0,,,,,,,,,,,,,,,,
331015,0216004,2,岡山県,オカヤマケン,Okayama,,,,岡山市,オカヤマシ,Okayama-shi,北区,キタク,Kita-ku,野田,ノダ,Noda,四丁目,４チョウメ,4,,,,,1,1,0,0,0,0,1,1,1947-04-17,,0,,,,,,,,,,,,,,,,
331015,0216005,2,岡山県,オカヤマケン,Okayama,,,,岡山市,オカヤマシ,Okayama-shi,北区,キタク,Kita-ku,野田,ノダ,Noda,五丁目,５チョウメ,5,,,,,1,1,0,0,0,0,1,1,1947-04-17,,0,,,,,,,,,,,,,,,,
331015,0217000,1,岡山県,オカヤマケン,Okayama,,,,岡山市,オカヤマシ,Okayama-shi,北区,キタク,Kita-ku,野田屋町,,,,,,,,,,0,0,0,0,0,0,1,0,1947-04-17,,1,,,,,,,,,,,,,,,,
331015,0217001,2,岡山県,オカヤマケン,Okayama,,,,岡山市,オカヤマシ,Okayama-shi,北区,キタク,Kita-ku,野田屋町,ノダヤチョウ,Nodayacho,一丁目,１チョウメ,1,,,,,1,1,0,0,0,0,1,1,1947-04-17,,0,,,,,,,,,,,,,,,,
331015,0217002,2,岡山県,オカヤマケン,Okayama,,,,岡山市,オカヤマシ,Okayama-shi,北区,キタク,Kita-ku,野田屋町,ノダヤチョウ,Nodayacho,二丁目,２チョウメ,2,,,,,1,1,0,0,0,0,1,1,1947-04-17,,0,,,,,,,,,,,,,,,,
331015,0218000,1,岡山県,オカヤマケン,Okayama,,,,岡山市,オカヤマシ,Okayama-shi,北区,キタク,Kita-ku,野殿西町,ノドノニシマチ,Nodononishimachi,,,,,,,,0,0,0,0,0,0,1,1,1947-04-17,,0,7000066,,,,,,,,,,,,,,,
331015,0219000,1,岡山県,オカヤマケン,Okayama,,,,岡山市,オカヤマシ,Okayama-shi,北区,キタク,Kita-ku,野殿東町,ノドノヒガシマチ,Nodonohigashimachi,,,,,,,,1,1,0,0,0,0,1,1,1947-04-17,,0,7000065,,,,,,,,,,,,,,,
331015,0221000,1,岡山県,オカヤマケン,Okayama,,,,岡山市,オカヤマシ,Okayama-shi,北区,キタク,Kita-ku,芳賀,ハガ,Haga,,,,,,,,0,0,0,0,0,0,1,1,1947-04-17,,0,7011221,,,,,,,,,,,,,,,
331015,0223000,1,岡山県,オカヤマケン,Okayama,,,,岡山市,オカヤマシ,Okayama-shi,北区,キタク,Kita-ku,花尻,ハナジリ,Hanajiri,,,,,,,,0,0,0,0,0,0,1,1,1947-04-17,,0,7010134,,,,,,,,,,,,,,,
331015,0224000,1,岡山県,オカヤマケン,Okayama,,,,岡山市,オカヤマシ,Okayama-shi,北区,キタク,Kita-ku,花尻あかね町,ハナジリアカネマチ,Hanajiri Akanemachi,,,,,,,,0,0,0,0,0,0,1,1,1947-04-17,,0,7010133,,,,,,,,,,,,,,,
331015,0225000,1,岡山県,オカヤマケン,Okayama,,,,岡山市,オカヤマシ,Okayama-shi,北区,キタク,Kita-ku,花尻ききょう町,ハナジリキキョウマチ,Hanajiri Kikyomachi,,,,,,,,0,0,0,0,0,0,1,1,1947-04-17,,0,7010132,,,,,,,,,,,,,,,
331015,0226000,1,岡山県,オカヤマケン,Okayama,,,,岡山市,オカヤマシ,Okayama-shi,北区,キタク,Kita-ku,花尻みどり町,ハナジリミドリマチ,Hanajiri Midorimachi,,,,,,,,0,0,0,0,0,0,1,1,1947-04-17,,0,7010131,,,,,,,,,,,,,,,
331015,0228000,1,岡山県,オカヤマケン,Okayama,,,,岡山市,オカヤマシ,Okayama-shi,北区,キタク,Kita-ku,蕃山町,バンザンチョウ,Banzancho,,,,,,,,1,1,0,0,0,0,1,1,1947-04-17,,0,7000818,,,,,,,,,,,,,,,
331015,0229000,1,岡山県,オカヤマケン,Okayama,,,,岡山市,オカヤマシ,Okayama-shi,北区,キタク,Kita-ku,半田町,ハンダチョウ,Handacho,,,,,,,,1,1,0,0,0,0,1,1,1947-04-17,,0,7000003,,,,,,,,,,,,,,,
331015,0230001,2,岡山県,オカヤマケン,Okayama,,,,岡山市,オカヤマシ,Okayama-shi,北区,キタク,Kita-ku,番町,バンチョウ,Bancho,一丁目,１チョウメ,1,,,,,1,1,0,0,0,0,1,1,1947-04-17,,0,,,,,,,,,,,,,,,,
331015,0230002,2,岡山県,オカヤマケン,Okayama,,,,岡山市,オカヤマシ,Okayama-shi,北区,キタク,Kita-ku,番町,バンチョウ,Bancho,二丁目,２チョウメ,2,,,,,1,1,0,0,0,0,1,1,1947-04-17,,0,,,,,,,,,,,,,,,,
331015,0231001,2,岡山県,オカヤマケン,Okayama,,,,岡山市,オカヤマシ,Okayama-shi,北区,キタク,Kita-ku,東島田町,ヒガシシマダチョウ,Higashishimadacho,一丁目,１チョウメ,1,,,,,1,1,0,0,0,0,1,1,1947-04-17,,0,,,,,,,,,,,,,,,,
331015,0231002,2,岡山県,オカヤマケン,Okayama,,,,岡山市,オカヤマシ,Okayama-shi,北区,キタク,Kita-ku,東島田町,ヒガシシマダチョウ,Higashishimadacho,二丁目,２チョウメ,2,,,,,1,1,0,0,0,0,1,1,1947-04-17,,0,,,,,,,,,,,,,,,,
331015,0232000,1,岡山県,オカヤマケン,Okayama,,,,岡山市,オカヤマシ,Okayama-shi,北区,キタク,Kita-ku,東中央町,ヒガシチュウオウチョウ,Higashichuocho,,,,,,,,1,1,0,0,0,0,1,1,1947-04-17,,0,7000835,,,,,,,,,,,,,,,
331015,0233000,1,岡山県,オカヤマケン,Okayama,,,,岡山市,オカヤマシ,Okayama-shi,北区,キタク,Kita-ku,東野山町,ヒガシノヤマチョウ,Higashinoyamacho,,,,,,,,1,1,0,0,0,0,1,1,1947-04-17,,0,7000068,,,,,,,,,,,,,,,
331015,0234000,1,岡山県,オカヤマケン,Okayama,,,,岡山市,オカヤマシ,Okayama-shi,北区,キタク,Kita-ku,東花尻,ヒガシハナジリ,Higashihanajiri,,,,,,,,0,0,0,0,0,0,1,1,1947-04-17,,0,7010135,,,,,,,,,,,,,,,
331015,0236000,1,岡山県,オカヤマケン,Okayama,,,,岡山市,オカヤマシ,Okayama-shi,北区,キタク,Kita-ku,東古松,ヒガシフルマツ,Higashifurumatsu,,,,,,,,0,0,0,0,0,0,1,1,1947-04-17,,0,7000921,,,,,,,,,,,,,,,
331015,0236001,2,岡山県,オカヤマケン,Okayama,,,,岡山市,オカヤマシ,Okayama-shi,北区,キタク,Kita-ku,東古松,ヒガシフルマツ,Higashifurumatsu,一丁目,１チョウメ,1,,,,,1,1,0,0,0,0,1,1,1947-04-17,,0,,,,,,,,,,,,,,,,
331015,0236002,2,岡山県,オカヤマケン,Okayama,,,,岡山市,オカヤマシ,Okayama-shi,北区,キタク,Kita-ku,東古松,ヒガシフルマツ,Higashifurumatsu,二丁目,２チョウメ,2,,,,,1,1,0,0,0,0,1,1,1947-04-17,,0,,,,,,,,,,,,,,,,
331015,0236003,2,岡山県,オカヤマケン,Okayama,,,,岡山市,オカヤマシ,Okayama-shi,北区,キタク,Kita-ku,東古松,ヒガシフルマツ,Higashifurumatsu,三丁目,３チョウメ,3,,,,,1,1,0,0,0,0,1,1,1947-04-17,,0,,,,,,,,,,,,,,,,
331015,0236004,2,岡山県,オカヤマケン,Okayama,,,,岡山市,オカヤマシ,Okayama-shi,北区,キタク,Kita-ku,東古松,ヒガシフルマツ,Higashifurumatsu,四丁目,４チョウメ,4,,,,,1,1,0,0,0,0,1,1,1947-04-17,,0,,,,,,,,,,,,,,,,
331015,0236005,2,岡山県,オカヤマケン,Okayama,,,,岡山市,オカヤマシ,Okayama-shi,北区,キタク,Kita-ku,東古松,ヒガシフルマツ,Higashifurumatsu,五丁目,５チョウメ,5,,,,,1,1,0,0,0,0,1,1,1947-04-17,,0,,,,,,,,,,,,,,,,
331015,0237000,1,岡山県,オカヤマケン,Okayama,,,,岡山市,オカヤマシ,Okayama-shi,北区,キタク,Kita-ku,東古松南町,ヒガシフルマツミナミマチ,Higashifurumatsuminamimachi,,,,,,,,1,1,0,0,0,0,1,1,1947-04-17,,0,7000922,,,,,,,,,,,,,,,
331015,0238000,1,岡山県,オカヤマケン,Okayama,,,,岡山市,オカヤマシ,Okayama-shi,北区,キタク,Kita-ku,東山内,ヒガシヤマノウチ,Higashiyamanochi,,,,,,,,0,0,0,0,0,0,1,1,1947-04-17,,0,7011611,,,,,,,,,,,,,,,
331015,0239000,1,岡山県,オカヤマケン,Okayama,,,,岡山市,オカヤマシ,Okayama-shi,北区,キタク,Kita-ku,日近,ヒヂカイ,Hijikai,,,,,,,,0,0,0,0,0,0,1,1,1947-04-17,,0,7011521,,,,,,,,,,,,,,,
331015,0240000,1,岡山県,オカヤマケン,Okayama,,,,岡山市,オカヤマシ,Okayama-shi,北区,キタク,Kita-ku,日吉町,ヒヨシチョウ,Hiyoshicho,,,,,,,,1,1,0,0,0,0,1,1,1947-04-17,,0,7000966,,,,,,,,,,,,,,,
331015,0241000,1,岡山県,オカヤマケン,Okayama,,,,岡山市,オカヤマシ,Okayama-shi,北区,キタク,Kita-ku,平田,ヒラタ,Hirata,,,,,,,,0,0,0,0,0,0,1,1,1947-04-17,,0,7000952,,,,,,,,,,,,,,,
331015,0243000,1,岡山県,オカヤマケン,Okayama,,,,岡山市,オカヤマシ,Okayama-shi,北区,キタク,Kita-ku,平山,ヒラヤマ,Hirayama,,,,,,,,0,0,0,0,0,0,1,1,1947-04-17,,0,7011332,,,,,,,,,,,,,,,
331015,0244000,1,岡山県,オカヤマケン,Okayama,,,,岡山市,オカヤマシ,Okayama-shi,北区,キタク,Kita-ku,広瀬町,ヒロセチョウ,Hirosecho,,,,,,,,1,1,0,0,0,0,1,1,1947-04-17,,0,7000806,,,,,,,,,,,,,,,
331015,0245000,1,岡山県,オカヤマケン,Okayama,,,,岡山市,オカヤマシ,Okayama-shi,北区,キタク,Kita-ku,福崎,フクザキ,Fukuzaki,,,,,,,,0,0,0,0,0,0,1,1,1947-04-17,,0,7011357,,,,,,,,,,,,,,,
331015,0246000,1,岡山県,オカヤマケン,Okayama,,,,岡山市,オカヤマシ,Okayama-shi,北区,キタク,Kita-ku,福谷,フクタニ,Fukutani,,,,,,,,0,0,0,0,0,0,1,1,1947-04-17,,0,7011225,,,,,,,,,,,,,,,
331015,0247000,1,岡山県,オカヤマケン,Okayama,,,,岡山市,オカヤマシ,Okayama-shi,北区,キタク,Kita-ku,二日市町,フツカイチマチ,Futsukaichimachi,,,,,,,,0,0,0,0,0,0,1,1,1947-04-17,,0,7000843,,,,,,,,,,,,,,,
331015,0248000,1,岡山県,オカヤマケン,Okayama,,,,岡山市,オカヤマシ,Okayama-shi,北区,キタク,Kita-ku,舟橋町,フナバシチョウ,Funabashicho,,,,,,,,1,1,0,0,0,0,1,1,1947-04-17,,0,7000841,,,,,,,,,,,,,,,
331015,0249000,1,岡山県,オカヤマケン,Okayama,,,,岡山市,オカヤマシ,Okayama-shi,北区,キタク,Kita-ku,兵団,ヘイダン,Heidan,,,,,,,,1,1,0,0,0,0,1,1,1947-04-17,,0,7000805,,,,,,,,,,,,,,,
331015,0250000,1,岡山県,オカヤマケン,Okayama,,,,岡山市,オカヤマシ,Okayama-shi,北区,キタク,Kita-ku,平和町,ヘイワチョウ,Heiwacho,,,,,,,,1,1,0,0,0,0,1,1,1947-04-17,,0,7000827,,,,,,,,,,,,,,,
331015,0251000,1,岡山県,オカヤマケン,Okayama,,,,岡山市,オカヤマシ,Okayama-shi,北区,キタク,Kita-ku,法界院,ホウカイイン,Hokaiin,,,,,,,,1,1,0,0,0,0,1,1,1947-04-17,,0,7000004,,,,,,,,,,,,,,,
331015,0252001,2,岡山県,オカヤマケン,Okayama,,,,岡山市,オカヤマシ,Okayama-shi,北区,キタク,Kita-ku,奉還町,ホウカンチョウ,Hokancho,一丁目,１チョウメ,1,,,,,1,1,0,0,0,0,1,1,1947-04-17,,0,,,,,,,,,,,,,,,,
331015,0252002,2,岡山県,オカヤマケン,Okayama,,,,岡山市,オカヤマシ,Okayama-shi,北区,キタク,Kita-ku,奉還町,ホウカンチョウ,Hokancho,二丁目,２チョウメ,2,,,,,1,1,0,0,0,0,1,1,1947-04-17,,0,,,,,,,,,,,,,,,,
331015,0252003,2,岡山県,オカヤマケン,Okayama,,,,岡山市,オカヤマシ,Okayama-shi,北区,キタク,Kita-ku,奉還町,ホウカンチョウ,Hokancho,三丁目,３チョウメ,3,,,,,1,1,0,0,0,0,1,1,1947-04-17,,0,,,,,,,,,,,,,,,,
331015,0252004,2,岡山県,オカヤマケン,Okayama,,,,岡山市,オカヤマシ,Okayama-shi,北区,キタク,Kita-ku,奉還町,ホウカンチョウ,Hokancho,四丁目,４チョウメ,4,,,,,1,1,0,0,0,0,1,1,1947-04-17,,0,,,,,,,,,,,,,,,,
331015,0254000,1,岡山県,オカヤマケン,Okayama,,,,岡山市,オカヤマシ,Okayama-shi,北区,キタク,Kita-ku,間倉,マグラ,Magura,,,,,,,,0,0,0,0,0,0,1,1,1947-04-17,,0,7011613,,,,,,,,,,,,,,,
331015,0255000,1,岡山県,オカヤマケン,Okayama,,,,岡山市,オカヤマシ,Okayama-shi,北区,キタク,Kita-ku,松尾,マツオ,Matsuo,,,,,,,,0,0,0,0,0,0,1,1,1947-04-17,,0,7011222,,,,,,,,,,,,,,,
331015,0256000,1,岡山県,オカヤマケン,Okayama,,,,岡山市,オカヤマシ,Okayama-shi,北区,キタク,Kita-ku,真星,マナボシ,Manaboshi,,,,,,,,0,0,0,0,0,0,1,1,1947-04-17,,0,7011602,,,,,,,,,,,,,,,
331015,0257001,2,岡山県,オカヤマケン,Okayama,,,,岡山市,オカヤマシ,Okayama-shi,北区,キタク,Kita-ku,丸の内,マルノウチ,Marunochi,一丁目,１チョウメ,1,,,,,1,1,0,0,0,0,1,1,1947-04-17,,0,,,,,,,,,,,,,,,,
331015,0257002,2,岡山県,オカヤマケン,Okayama,,,,岡山市,オカヤマシ,Okayama-shi,北区,キタク,Kita-ku,丸の内,マルノウチ,Marunochi,二丁目,２チョウメ,2,,,,,1,1,0,0,0,0,1,1,1947-04-17,,0,,,,,,,,,,,,,,,,
331015,0258000,1,岡山県,オカヤマケン,Okayama,,,,岡山市,オカヤマシ,Okayama-shi,北区,キタク,Kita-ku,万成西町,マンナリニシマチ,Mannari Nishimachi,,,,,,,,1,1,0,0,0,0,1,1,1947-04-17,,0,7000073,,,,,,,,,,,,,,,
331015,0259000,1,岡山県,オカヤマケン,Okayama,,,,岡山市,オカヤマシ,Okayama-shi,北区,キタク,Kita-ku,万成東町,マンナリヒガシマチ,Mannari Higashimachi,,,,,,,,1,1,0,0,0,0,1,1,1947-04-17,,0,7000072,,,,,,,,,,,,,,,
331015,0260000,1,岡山県,オカヤマケン,Okayama,,,,岡山市,オカヤマシ,Okayama-shi,北区,キタク,Kita-ku,三門中町,ミカドナカマチ,Mikado Nakamachi,,,,,,,,1,1,0,0,0,0,1,1,1947-04-17,,0,7000043,,,,,,,,,,,,,,,
331015,0261000,1,岡山県,オカヤマケン,Okayama,,,,岡山市,オカヤマシ,Okayama-shi,北区,キタク,Kita-ku,三門西町,ミカドニシマチ,Mikado Nishimachi,,,,,,,,1,1,0,0,0,0,1,1,1947-04-17,,0,7000044,,,,,,,,,,,,,,,
331015,0262000,1,岡山県,オカヤマケン,Okayama,,,,岡山市,オカヤマシ,Okayama-shi,北区,キタク,Kita-ku,三門東町,ミカドヒガシマチ,Mikado Higashimachi,,,,,,,,1,1,0,0,0,0,1,1,1947-04-17,,0,7000042,,,,,,,,,,,,,,,
331015,0263000,1,岡山県,オカヤマケン,Okayama,,,,岡山市,オカヤマシ,Okayama-shi,北区,キタク,Kita-ku,御津石上,ミツイシカミ,Mitsu Ishikami,,,,,,,,0,0,0,0,0,0,1,1,1947-04-17,,0,7092101,,,,,,,,,,,,,,,
331015,0264000,1,岡山県,オカヤマケン,Okayama,,,,岡山市,オカヤマシ,Okayama-shi,北区,キタク,Kita-ku,御津伊田,ミツイタ,Mitsu Ita,,,,,,,,0,0,0,0,0,0,1,1,1947-04-17,,0,7092105,,,,,,,,,,,,,,,
331015,0265000,1,岡山県,オカヤマケン,Okayama,,,,岡山市,オカヤマシ,Okayama-shi,北区,キタク,Kita-ku,御津宇甘,ミツウカイ,Mitsu Ukai,,,,,,,,0,0,0,0,0,0,1,1,1947-04-17,,0,7092125,,,,,,,,,,,,,,,
331015,0266000,1,岡山県,オカヤマケン,Okayama,,,,岡山市,オカヤマシ,Okayama-shi,北区,キタク,Kita-ku,御津宇垣,ミツウガキ,Mitsu Ugaki,,,,,,,,0,0,0,0,0,0,1,1,1947-04-17,,0,7092121,,,,,,,,,,,,,,,
331015,0267000,1,岡山県,オカヤマケン,Okayama,,,,岡山市,オカヤマシ,Okayama-shi,北区,キタク,Kita-ku,御津鹿瀬,ミツカセ,Mitsu Kase,,,,,,,,0,0,0,0,0,0,1,1,1947-04-17,,0,7092131,,,,,,,,,,,,,,,
331015,0268000,1,岡山県,オカヤマケン,Okayama,,,,岡山市,オカヤマシ,Okayama-shi,北区,キタク,Kita-ku,御津勝尾,ミツカツオ,Mitsu Katsuo,,,,,,,,0,0,0,0,0,0,1,1,1947-04-17,,0,7092126,,,,,,,,,,,,,,,
331015,0269000,1,岡山県,オカヤマケン,Okayama,,,,岡山市,オカヤマシ,Okayama-shi,北区,キタク,Kita-ku,御津金川,ミツカナガワ,Mitsu Kanagawa,,,,,,,,0,0,0,0,0,0,1,1,1947-04-17,,0,7092133,,,,,,,,,,,,,,,
331015,0270000,1,岡山県,オカヤマケン,Okayama,,,,岡山市,オカヤマシ,Okayama-shi,北区,キタク,Kita-ku,御津川高,ミツカワタカ,Mitsu Kawataka,,,,,,,,0,0,0,0,0,0,1,1,1947-04-17,,0,7092111,,,,,,,,,,,,,,,
331015,0271000,1,岡山県,オカヤマケン,Okayama,,,,岡山市,オカヤマシ,Okayama-shi,北区,キタク,Kita-ku,御津北野,ミツキタノ,Mitsu Kitano,,,,,,,,0,0,0,0,0,0,1,1,1947-04-17,,0,7092115,,,,,,,,,,,,,,,
331015,0272000,1,岡山県,オカヤマケン,Okayama,,,,岡山市,オカヤマシ,Okayama-shi,北区,キタク,Kita-ku,御津草生,ミツクソウ,Mitsu Kuso,,,,,,,,0,0,0,0,0,0,1,1,1947-04-17,,0,7092132,,,,,,,,,,,,,,,
331015,0273000,1,岡山県,オカヤマケン,Okayama,,,,岡山市,オカヤマシ,Okayama-shi,北区,キタク,Kita-ku,御津国ケ原,ミツクニガハラ,Mitsu Kunigahara,,,,,,,,0,0,0,0,0,0,1,1,1947-04-17,,0,7092112,,,,,,,,,,,,,,,
331015,0274000,1,岡山県,オカヤマケン,Okayama,,,,岡山市,オカヤマシ,Okayama-shi,北区,キタク,Kita-ku,御津河内,ミツコウチ,Mitsu Kochi,,,,,,,,0,0,0,0,0,0,1,1,1947-04-17,,0,7092123,,,,,,,,,,,,,,,
331015,0275000,1,岡山県,オカヤマケン,Okayama,,,,岡山市,オカヤマシ,Okayama-shi,北区,キタク,Kita-ku,御津虎倉,ミツコグラ,Mitsu Kogura,,,,,,,,0,0,0,0,0,0,1,1,1947-04-17,,0,7092137,,,,,,,,,,,,,,,
331015,0276000,1,岡山県,オカヤマケン,Okayama,,,,岡山市,オカヤマシ,Okayama-shi,北区,キタク,Kita-ku,御津紙工,ミツシトリ,Mitsu Shitori,,,,,,,,0,0,0,0,0,0,1,1,1947-04-17,,0,7092136,,,,,,,,,,,,,,,
331015,0277000,1,岡山県,オカヤマケン,Okayama,,,,岡山市,オカヤマシ,Okayama-shi,北区,キタク,Kita-ku,御津下田,ミツシモダ,Mitsu Shimoda,,,,,,,,0,0,0,0,0,0,1,1,1947-04-17,,0,7092134,,,,,,,,,,,,,,,
331015,0278000,1,岡山県,オカヤマケン,Okayama,,,,岡山市,オカヤマシ,Okayama-shi,北区,キタク,Kita-ku,御津新庄,ミツシンジョウ,Mitsu Shinjo,,,,,,,,0,0,0,0,0,0,1,1,1947-04-17,,0,7092106,,,,,,,,,,,,,,,
331015,0279000,1,岡山県,オカヤマケン,Okayama,,,,岡山市,オカヤマシ,Okayama-shi,北区,キタク,Kita-ku,御津高津,ミツタカヅ,Mitsu Takazu,,,,,,,,0,0,0,0,0,0,1,1,1947-04-17,,0,7092124,,,,,,,,,,,,,,,
331015,0280000,1,岡山県,オカヤマケン,Okayama,,,,岡山市,オカヤマシ,Okayama-shi,北区,キタク,Kita-ku,御津中泉,ミツナカイズミ,Mitsu Nakaizumi,,,,,,,,0,0,0,0,0,0,1,1,1947-04-17,,0,7092135,,,,,,,,,,,,,,,
331015,0281000,1,岡山県,オカヤマケン,Okayama,,,,岡山市,オカヤマシ,Okayama-shi,北区,キタク,Kita-ku,御津中畑,ミツナカハタ,Mitsu Nakahata,,,,,,,,0,0,0,0,0,0,1,1,1947-04-17,,0,7092102,,,,,,,,,,,,,,,
331015,0282000,1,岡山県,オカヤマケン,Okayama,,,,岡山市,オカヤマシ,Okayama-shi,北区,キタク,Kita-ku,御津中牧,ミツナカマキ,Mitsu Nakamaki,,,,,,,,0,0,0,0,0,0,1,1,1947-04-17,,0,7092114,,,,,,,,,,,,,,,
331015,0283000,1,岡山県,オカヤマケン,Okayama,,,,岡山市,オカヤマシ,Okayama-shi,北区,キタク,Kita-ku,御津中山,ミツナカヤマ,Mitsu Nakayama,,,,,,,,0,0,0,0,0,0,1,1,1947-04-17,,0,7092116,,,,,,,,,,,,,,,
331015,0284000,1,岡山県,オカヤマケン,Okayama,,,,岡山市,オカヤマシ,Okayama-shi,北区,キタク,Kita-ku,御津野々口,ミツノノクチ,Mitsu Nonokuchi,,,,,,,,0,0,0,0,0,0,1,1,1947-04-17,,0,7092117,,,,,,,,,,,,,,,
331015,0285000,1,岡山県,オカヤマケン,Okayama,,,,岡山市,オカヤマシ,Okayama-shi,北区,キタク,Kita-ku,御津平岡西,ミツヒラオカニシ,Mitsu Hiraokanishi,,,,,,,,0,0,0,0,0,0,1,1,1947-04-17,,0,7092104,,,,,,,,,,,,,,,
331015,0286000,1,岡山県,オカヤマケン,Okayama,,,,岡山市,オカヤマシ,Okayama-shi,北区,キタク,Kita-ku,御津矢知,ミツヤチ,Mitsu Yachi,,,,,,,,0,0,0,0,0,0,1,1,1947-04-17,,0,7092103,,,,,,,,,,,,,,,
331015,0287000,1,岡山県,オカヤマケン,Okayama,,,,岡山市,オカヤマシ,Okayama-shi,北区,キタク,Kita-ku,御津矢原,ミツヤバラ,Mitsu Yabara,,,,,,,,0,0,0,0,0,0,1,1,1947-04-17,,0,7092107,,,,,,,,,,,,,,,
331015,0288000,1,岡山県,オカヤマケン,Okayama,,,,岡山市,オカヤマシ,Okayama-shi,北区,キタク,Kita-ku,御津吉尾,ミツヨシオ,Mitsu Yoshio,,,,,,,,0,0,0,0,0,0,1,1,1947-04-17,,0,7092122,,,,,,,,,,,,,,,
331015,0289000,1,岡山県,オカヤマケン,Okayama,,,,岡山市,オカヤマシ,Okayama-shi,北区,キタク,Kita-ku,御津芳谷,ミツヨシタニ,Mitsu Yoshitani,,,,,,,,0,0,0,0,0,0,1,1,1947-04-17,,0,7092113,,,,,,,,,,,,,,,
331015,0290000,1,岡山県,オカヤマケン,Okayama,,,,岡山市,オカヤマシ,Okayama-shi,北区,キタク,Kita-ku,三手,ミテ,Mite,,,,,,,,0,0,0,0,0,0,1,1,1947-04-17,,0,7011353,,,,,,,,,,,,,,,
331015,0291000,1,岡山県,オカヤマケン,Okayama,,,,岡山市,オカヤマシ,Okayama-shi,北区,キタク,Kita-ku,三和,ミト,Mito,,,,,,,,0,0,0,0,0,0,1,1,1947-04-17,,0,7011134,,,,,,,,,,,,,,,
331015,0292000,1,岡山県,オカヤマケン,Okayama,,,,岡山市,オカヤマシ,Okayama-shi,北区,キタク,Kita-ku,南方,,,,,,,,,,0,0,0,0,0,0,1,0,1947-04-17,,1,,,,,,,,,,,,,,,,
331015,0292001,2,岡山県,オカヤマケン,Okayama,,,,岡山市,オカヤマシ,Okayama-shi,北区,キタク,Kita-ku,南方,ミナミガタ,Minamigata,一丁目,１チョウメ,1,,,,,1,1,0,0,0,0,1,1,1947-04-17,,0,,,,,,,,,,,,,,,,
331015,0292002,2,岡山県,オカヤマケン,Okayama,,,,岡山市,オカヤマシ,Okayama-shi,北区,キタク,Kita-ku,南方,ミナミガタ,Minamigata,二丁目,２チョウメ,2,,,,,1,1,0,0,0,0,1,1,1947-04-17,,0,,,,,,,,,,,,,,,,
331015,0292003,2,岡山県,オカヤマケン,Okayama,,,,岡山市,オカヤマシ,Okayama-shi,北区,キタク,Kita-ku,南方,ミナミガタ,Minamigata,三丁目,３チョウメ,3,,,,,1,1,0,0,0,0,1,1,1947-04-17,,0,,,,,,,,,,,,,,,,
331015,0292004,2,岡山県,オカヤマケン,Okayama,,,,岡山市,オカヤマシ,Okayama-shi,北区,キタク,Kita-ku,南方,ミナミガタ,Minamigata,四丁目,４チョウメ,4,,,,,1,1,0,0,0,0,1,1,1947-04-17,,0,,,,,,,,,,,,,,,,
331015,0292005,2,岡山県,オカヤマケン,Okayama,,,,岡山市,オカヤマシ,Okayama-shi,北区,キタク,Kita-ku,南方,ミナミガタ,Minamigata,五丁目,５チョウメ,5,,,,,1,1,0,0,0,0,1,1,1947-04-17,,0,,,,,,,,,,,,,,,,
331015,0293000,1,岡山県,オカヤマケン,Okayama,,,,岡山市,オカヤマシ,Okayama-shi,北区,キタク,Kita-ku,南中央町,ミナミチュウオウチョウ,Minamichuocho,,,,,,,,1,1,0,0,0,0,1,1,1947-04-17,,0,7000837,,,,,,,,,,,,,,,
331015,0294000,1,岡山県,オカヤマケン,Okayama,,,,岡山市,オカヤマシ,Okayama-shi,北区,キタク,Kita-ku,三野,,,,,,,,,,0,0,0,0,0,0,1,0,1947-04-17,,1,,,,,,,,,,,,,,,,
331015,0294001,2,岡山県,オカヤマケン,Okayama,,,,岡山市,オカヤマシ,Okayama-shi,北区,キタク,Kita-ku,三野,ミノ,Mino,一丁目,１チョウメ,1,,,,,1,1,0,0,0,0,1,1,1947-04-17,,0,,,,,,,,,,,,,,,,
331015,0294002,2,岡山県,オカヤマケン,Okayama,,,,岡山市,オカヤマシ,Okayama-shi,北区,キタク,Kita-ku,三野,ミノ,Mino,二丁目,２チョウメ,2,,,,,1,1,0,0,0,0,1,1,1947-04-17,,0,,,,,,,,,,,,,,,,
331015,0294003,2,岡山県,オカヤマケン,Okayama,,,,岡山市,オカヤマシ,Okayama-shi,北区,キタク,Kita-ku,三野,ミノ,Mino,三丁目,３チョウメ,3,,,,,1,1,0,0,0,0,1,1,1947-04-17,,0,,,,,,,,,,,,,,,,
331015,0295000,1,岡山県,オカヤマケン,Okayama,,,,岡山市,オカヤマシ,Okayama-shi,北区,キタク,Kita-ku,三野本町,ミノホンマチ,Minohommachi,,,,,,,,1,1,0,0,0,0,1,1,1947-04-17,,0,7000801,,,,,,,,,,,,,,,
331015,0297000,1,岡山県,オカヤマケン,Okayama,,,,岡山市,オカヤマシ,Okayama-shi,北区,キタク,Kita-ku,門前,モンゼン,Monzen,,,,,,,,0,0,0,0,0,0,1,1,1947-04-17,,0,7011351,,,,,,,,,,,,,,,
331015,0298000,1,岡山県,オカヤマケン,Okayama,,,,岡山市,オカヤマシ,Okayama-shi,北区,キタク,Kita-ku,矢坂西町,ヤサカニシマチ,Yasaka Nishimachi,,,,,,,,1,1,0,0,0,0,1,1,1947-04-17,,0,7000076,,,,,,,,,,,,,,,
331015,0299000,1,岡山県,オカヤマケン,Okayama,,,,岡山市,オカヤマシ,Okayama-shi,北区,キタク,Kita-ku,矢坂東町,ヤサカヒガシマチ,Yasaka Higashimachi,,,,,,,,1,1,0,0,0,0,1,1,1947-04-17,,0,7000074,,,,,,,,,,,,,,,
331015,0300000,1,岡山県,オカヤマケン,Okayama,,,,岡山市,オカヤマシ,Okayama-shi,北区,キタク,Kita-ku,矢坂本町,ヤサカホンマチ,Yasaka Hommachi,,,,,,,,1,1,0,0,0,0,1,1,1947-04-17,,0,7000075,,,,,,,,,,,,,,,
331015,0301001,2,岡山県,オカヤマケン,Okayama,,,,岡山市,オカヤマシ,Okayama-shi,北区,キタク,Kita-ku,柳町,ヤナギマチ,Yanagimachi,一丁目,１チョウメ,1,,,,,1,1,0,0,0,0,1,1,1947-04-17,,0,,,,,,,,,,,,,,,,
331015,0301002,2,岡山県,オカヤマケン,Okayama,,,,岡山市,オカヤマシ,Okayama-shi,北区,キタク,Kita-ku,柳町,ヤナギマチ,Yanagimachi,二丁目,２チョウメ,2,,,,,1,1,0,0,0,0,1,1,1947-04-17,,0,,,,,,,,,,,,,,,,
331015,0302000,1,岡山県,オカヤマケン,Okayama,,,,岡山市,オカヤマシ,Okayama-shi,北区,キタク,Kita-ku,山科町,ヤマシナチョウ,Yamashinacho,,,,,,,,0,0,0,0,0,0,1,1,1947-04-17,,0,7000847,,,,,,,,,,,,,,,
331015,0303001,2,岡山県,オカヤマケン,Okayama,,,,岡山市,オカヤマシ,Okayama-shi,北区,キタク,Kita-ku,大和町,ヤマトマチ,Yamatomachi,一丁目,１チョウメ,1,,,,,1,1,0,0,0,0,1,1,1947-04-17,,0,,,,,,,,,,,,,,,,
331015,0303002,2,岡山県,オカヤマケン,Okayama,,,,岡山市,オカヤマシ,Okayama-shi,北区,キタク,Kita-ku,大和町,ヤマトマチ,Yamatomachi,二丁目,２チョウメ,2,,,,,1,1,0,0,0,0,1,1,1947-04-17,,0,,,,,,,,,,,,,,,,
331015,0304000,1,岡山県,オカヤマケン,Okayama,,,,岡山市,オカヤマシ,Okayama-shi,北区,キタク,Kita-ku,山上,ヤマノウエ,Yamanoe,,,,,,,,0,0,0,0,0,0,1,1,1947-04-17,,0,7011526,,,,,,,,,,,,,,,
331015,0305000,1,岡山県,オカヤマケン,Okayama,,,,岡山市,オカヤマシ,Okayama-shi,北区,キタク,Kita-ku,弓之町,ユミノチョウ,Yuminocho,,,,,,,,1,1,0,0,0,0,1,1,1947-04-17,,0,7000817,,,,,,,,,,,,,,,
331015,0306000,1,岡山県,オカヤマケン,Okayama,,,,岡山市,オカヤマシ,Okayama-shi,北区,キタク,Kita-ku,横井上,ヨコイカミ,Yokoikami,,,,,,,,0,0,0,0,0,0,1,1,1947-04-17,,0,7011145,,,,,,,,,,,,,,,
331015,0308000,1,岡山県,オカヤマケン,Okayama,,,,岡山市,オカヤマシ,Okayama-shi,北区,キタク,Kita-ku,吉,ヨシ,Yoshi,,,,,,,,0,0,0,0,0,0,1,1,1947-04-17,,0,7011523,,,,,,,,,,,,,,,
331015,0309000,1,岡山県,オカヤマケン,Okayama,,,,岡山市,オカヤマシ,Okayama-shi,北区,キタク,Kita-ku,吉宗,ヨシムネ,Yoshimune,,,,,,,,0,0,0,0,0,0,1,1,1947-04-17,,0,7011143,,,,,,,,,,,,,,,
331015,0310000,1,岡山県,オカヤマケン,Okayama,,,,岡山市,オカヤマシ,Okayama-shi,北区,キタク,Kita-ku,理大町,リダイチョウ,Ridaicho,,,,,,,,1,1,0,0,0,0,1,1,1947-04-17,,0,7000005,,,,,,,,,,,,,,,
331015,0311000,1,岡山県,オカヤマケン,Okayama,,,,岡山市,オカヤマシ,Okayama-shi,北区,キタク,Kita-ku,和井元,ワイモト,Waimoto,,,,,,,,0,0,0,0,0,0,1,1,1947-04-17,,0,7011337,,,,,,,,,,,,,,,
331015,0312000,1,岡山県,オカヤマケン,Okayama,,,,岡山市,オカヤマシ,Okayama-shi,北区,キタク,Kita-ku,旭町,アサヒマチ,,,,,,,,,0,0,0,0,0,0,1,0,1947-04-17,,1,,,,,,,,,,,,,,,,
331015,0313000,1,岡山県,オカヤマケン,Okayama,,,,岡山市,オカヤマシ,Okayama-shi,北区,キタク,Kita-ku,延友,ノブトモ,,,,,,,,,0,0,0,0,0,0,1,0,1947-04-17,,1,,,,,,,,,,,,,,,,
331015,0314000,1,岡山県,オカヤマケン,Okayama,,,,岡山市,オカヤマシ,Okayama-shi,北区,キタク,Kita-ku,横尾,ヨコオ,,,,,,,,,0,0,0,0,0,0,1,0,1947-04-17,,1,,,,,,,,,,,,,,,,
331015,0315000,1,岡山県,オカヤマケン,Okayama,,,,岡山市,オカヤマシ,Okayama-shi,北区,キタク,Kita-ku,原,ハラ,,,,,,,,,0,0,0,0,0,0,1,0,1947-04-17,,1,,,,,,,,,,,,,,,,
331015,0316000,1,岡山県,オカヤマケン,Okayama,,,,岡山市,オカヤマシ,Okayama-shi,北区,キタク,Kita-ku,宿,シュク,,,,,,,,,0,0,0,0,0,0,1,0,1947-04-17,,1,,,,,,,,,,,,,,,,
331015,0317000,1,岡山県,オカヤマケン,Okayama,,,,岡山市,オカヤマシ,Okayama-shi,北区,キタク,Kita-ku,小山,コヤマ,,,,,,,,,0,0,0,0,0,0,1,0,1947-04-17,,1,,,,,,,,,,,,,,,,
331015,0318000,1,岡山県,オカヤマケン,Okayama,,,,岡山市,オカヤマシ,Okayama-shi,北区,キタク,Kita-ku,西花尻,ニシハナジリ,,,,,,,,,0,0,0,0,0,0,1,0,1947-04-17,,1,,,,,,,,,,,,,,,,
331015,0319000,1,岡山県,オカヤマケン,Okayama,,,,岡山市,オカヤマシ,Okayama-shi,北区,キタク,Kita-ku,川入,カワイリ,,,,,,,,,0,0,0,0,0,0,1,0,1947-04-17,,1,,,,,,,,,,,,,,,,
331015,0320000,1,岡山県,オカヤマケン,Okayama,,,,岡山市,オカヤマシ,Okayama-shi,北区,キタク,Kita-ku,足守,アシモリ,,,,,,,,,0,0,0,0,0,0,1,0,1947-04-17,,1,,,,,,,,,,,,,,,,
331015,0321000,1,岡山県,オカヤマケン,Okayama,,,,岡山市,オカヤマシ,Okayama-shi,北区,キタク,Kita-ku,大井,オオイ,,,,,,,,,0,0,0,0,0,0,1,0,1947-04-17,,1,,,,,,,,,,,,,,,,
331015,0322000,1,岡山県,オカヤマケン,Okayama,,,,岡山市,オカヤマシ,Okayama-shi,北区,キタク,Kita-ku,大窪,オオクボ,,,,,,,,,0,0,0,0,0,0,1,0,1947-04-17,,1,,,,,,,,,,,,,,,,
331015,0323000,1,岡山県,オカヤマケン,Okayama,,,,岡山市,オカヤマシ,Okayama-shi,北区,キタク,Kita-ku,中原,ナカハラ,,,,,,,,,0,0,0,0,0,0,1,0,1947-04-17,,1,,,,,,,,,,,,,,,,
331015,0324000,1,岡山県,オカヤマケン,Okayama,,,,岡山市,オカヤマシ,Okayama-shi,北区,キタク,Kita-ku,中撫川,ナカナツカワ,,,,,,,,,0,0,0,0,0,0,1,0,1947-04-17,,1,,,,,,,,,,,,,,,,
331015,0325000,1,岡山県,オカヤマケン,Okayama,,,,岡山市,オカヤマシ,Okayama-shi,北区,キタク,Kita-ku,中牧,ナカマキ,,,,,,,,,0,0,0,0,0,0,1,0,1947-04-17,,1,,,,,,,,,,,,,,,,
331015,0326000,1,岡山県,オカヤマケン,Okayama,,,,岡山市,オカヤマシ,Okayama-shi,北区,キタク,Kita-ku,長野,ナガノ,,,,,,,,,0,0,0,0,0,0,1,0,1947-04-17,,1,,,,,,,,,,,,,,,,
331015,0327000,1,岡山県,オカヤマケン,Okayama,,,,岡山市,オカヤマシ,Okayama-shi,北区,キタク,Kita-ku,庭瀬,ニワセ,,,,,,,,,0,0,0,0,0,0,1,0,1947-04-17,,1,,,,,,,,,,,,,,,,
331015,0328000,1,岡山県,オカヤマケン,Okayama,,,,岡山市,オカヤマシ,Okayama-shi,北区,キタク,Kita-ku,田原,タバラ,,,,,,,,,0,0,0,0,0,0,1,0,1947-04-17,,1,,,,,,,,,,,,,,,,
331015,0329000,1,岡山県,オカヤマケン,Okayama,,,,岡山市,オカヤマシ,Okayama-shi,北区,キタク,Kita-ku,田中,タナカ,,,,,,,,,0,0,0,0,0,0,1,0,1947-04-17,,1,,,,,,,,,,,,,,,,
331015,0330000,1,岡山県,オカヤマケン,Okayama,,,,岡山市,オカヤマシ,Okayama-shi,北区,キタク,Kita-ku,白石,シライシ,,,,,,,,,0,0,0,0,0,0,1,0,1947-04-17,,1,,,,,,,,,,,,,,,,
331015,0331000,1,岡山県,オカヤマケン,Okayama,,,,岡山市,オカヤマシ,Okayama-shi,北区,キタク,Kita-ku,畑鮎,ハタアユ,,,,,,,,,0,0,0,0,0,0,1,0,1947-04-17,,1,,,,,,,,,,,,,,,,
331015,0332000,1,岡山県,オカヤマケン,Okayama,,,,岡山市,オカヤマシ,Okayama-shi,北区,キタク,Kita-ku,富原,トミハラ,,,,,,,,,0,0,0,0,0,0,1,0,1947-04-17,,1,,,,,,,,,,,,,,,,
331015,0333000,1,岡山県,オカヤマケン,Okayama,,,,岡山市,オカヤマシ,Okayama-shi,北区,キタク,Kita-ku,平野,ヒラノ,,,,,,,,,0,0,0,0,0,0,1,0,1947-04-17,,1,,,,,,,,,,,,,,,,
331015,0334000,1,岡山県,オカヤマケン,Okayama,,,,岡山市,オカヤマシ,Okayama-shi,北区,キタク,Kita-ku,牟佐,ムサ,,,,,,,,,0,0,0,0,0,0,1,0,1947-04-17,,1,,,,,,,,,,,,,,,,
331015,0335000,1,岡山県,オカヤマケン,Okayama,,,,岡山市,オカヤマシ,Okayama-shi,北区,キタク,Kita-ku,立田,タヅタ,Tatsuta,,,,,,,,0,0,0,0,0,0,1,1,1947-04-17,,0,7011333,,,,,,,,,,,,,,,
331015,0351000,1,岡山県,オカヤマケン,Okayama,,,,岡山市,オカヤマシ,Okayama-shi,北区,キタク,Kita-ku,佐山,サヤマ,,,,,,,,,0,0,0,0,0,0,1,0,1947-04-17,,1,,,,,,,,,,,,,,,,
331015,0352000,1,岡山県,オカヤマケン,Okayama,,,,岡山市,オカヤマシ,Okayama-shi,北区,キタク,Kita-ku,本町,ホンマチ,,,,,,,,,1,1,0,0,0,0,1,0,1947-04-17,,1,,,,,,,,,,,,,,,,
331023,0001000,1,岡山県,オカヤマケン,Okayama,,,,岡山市,オカヤマシ,Okayama-shi,中区,ナカク,Naka-ku,赤坂台,アカサカダイ,Akasakadai,,,,,,,,1,1,0,0,0,0,1,1,1947-04-17,,0,7038287,,,,,,,,,,,,,,,
331023,0002000,1,岡山県,オカヤマケン,Okayama,,,,岡山市,オカヤマシ,Okayama-shi,中区,ナカク,Naka-ku,赤坂本町,アカサカホンマチ,Akasaka Hommachi,,,,,,,,1,1,0,0,0,0,1,1,1947-04-17,,0,7038288,,,,,,,,,,,,,,,
331023,0003000,1,岡山県,オカヤマケン,Okayama,,,,岡山市,オカヤマシ,Okayama-shi,中区,ナカク,Naka-ku,赤坂南新町,アカサカミナミシンマチ,Akasaka Minamishimmachi,,,,,,,,1,1,0,0,0,0,1,1,1947-04-17,,0,7038283,,,,,,,,,,,,,,,
331023,0004000,1,岡山県,オカヤマケン,Okayama,,,,岡山市,オカヤマシ,Okayama-shi,中区,ナカク,Naka-ku,赤田,アコダ,Akoda,,,,,,,,0,0,0,0,0,0,1,1,1947-04-17,,0,7038231,,,,,,,,,,,,,,,
331023,0005000,1,岡山県,オカヤマケン,Okayama,,,,岡山市,オカヤマシ,Okayama-shi,中区,ナカク,Naka-ku,網浜,アミノハマ,Aminohama,,,,,,,,0,0,0,0,0,0,1,1,1947-04-17,,0,7038284,,,,,,,,,,,,,,,
331023,0006000,1,岡山県,オカヤマケン,Okayama,,,,岡山市,オカヤマシ,Okayama-shi,中区,ナカク,Naka-ku,今在家,イマザイケ,Imazaike,,,,,,,,0,0,0,0,0,0,1,1,1947-04-17,,0,7038208,,,,,,,,,,,,,,,
331023,0007000,1,岡山県,オカヤマケン,Okayama,,,,岡山市,オカヤマシ,Okayama-shi,中区,ナカク,Naka-ku,今谷,イマダニ,Imadani,,,,,,,,0,0,0,0,0,0,1,1,1947-04-17,,0,7038226,,,,,,,,,,,,,,,
331023,0008000,1,岡山県,オカヤマケン,Okayama,,,,岡山市,オカヤマシ,Okayama-shi,中区,ナカク,Naka-ku,江崎,エザキ,Ezaki,,,,,,,,0,0,0,0,0,0,1,1,1947-04-17,,0,7028005,,,,,,,,,,,,,,,
331023,0010000,1,岡山県,オカヤマケン,Okayama,,,,岡山市,オカヤマシ,Okayama-shi,中区,ナカク,Naka-ku,沖元,オキモト,Okimoto,,,,,,,,0,0,0,0,0,0,1,1,1947-04-17,,0,7028001,,,,,,,,,,,,,,,
331023,0011000,1,岡山県,オカヤマケン,Okayama,,,,岡山市,オカヤマシ,Okayama-shi,中区,ナカク,Naka-ku,奥市,オクイチ,Okuichi,,,,,,,,1,1,0,0,0,0,1,1,1947-04-17,,0,7038272,,,,,,,,,,,,,,,
331023,0012000,1,岡山県,オカヤマケン,Okayama,,,,岡山市,オカヤマシ,Okayama-shi,中区,ナカク,Naka-ku,乙多見,オタミ,Otami,,,,,,,,0,0,0,0,0,0,1,1,1947-04-17,,0,7038228,,,,,,,,,,,,,,,
331023,0013000,1,岡山県,オカヤマケン,Okayama,,,,岡山市,オカヤマシ,Okayama-shi,中区,ナカク,Naka-ku,御成町,オナリチョウ,Onaricho,,,,,,,,1,1,0,0,0,0,1,1,1947-04-17,,0,7038277,,,,,,,,,,,,,,,
331023,0014000,1,岡山県,オカヤマケン,Okayama,,,,岡山市,オカヤマシ,Okayama-shi,中区,ナカク,Naka-ku,雄町,オマチ,Omachi,,,,,,,,0,0,0,0,0,0,1,1,1947-04-17,,0,7038204,,,,,,,,,,,,,,,
331023,0015001,2,岡山県,オカヤマケン,Okayama,,,,岡山市,オカヤマシ,Okayama-shi,中区,ナカク,Naka-ku,門田文化町,カドタブンカマチ,Kadota Bunkamachi,一丁目,１チョウメ,1,,,,,1,1,0,0,0,0,1,1,1947-04-17,,0,,,,,,,,,,,,,,,,
331023,0015002,2,岡山県,オカヤマケン,Okayama,,,,岡山市,オカヤマシ,Okayama-shi,中区,ナカク,Naka-ku,門田文化町,カドタブンカマチ,Kadota Bunkamachi,二丁目,２チョウメ,2,,,,,1,1,0,0,0,0,1,1,1947-04-17,,0,,,,,,,,,,,,,,,,
331023,0015003,2,岡山県,オカヤマケン,Okayama,,,,岡山市,オカヤマシ,Okayama-shi,中区,ナカク,Naka-ku,門田文化町,カドタブンカマチ,Kadota Bunkamachi,三丁目,３チョウメ,3,,,,,1,1,0,0,0,0,1,1,1947-04-17,,0,,,,,,,,,,,,,,,,
331023,0016001,2,岡山県,オカヤマケン,Okayama,,,,岡山市,オカヤマシ,Okayama-shi,中区,ナカク,Naka-ku,門田本町,カドタホンマチ,Kadota Hommachi,一丁目,１チョウメ,1,,,,,1,1,0,0,0,0,1,1,1947-04-17,,0,,,,,,,,,,,,,,,,
331023,0016002,2,岡山県,オカヤマケン,Okayama,,,,岡山市,オカヤマシ,Okayama-shi,中区,ナカク,Naka-ku,門田本町,カドタホンマチ,Kadota Hommachi,二丁目,２チョウメ,2,,,,,1,1,0,0,0,0,1,1,1947-04-17,,0,,,,,,,,,,,,,,,,
331023,0016003,2,岡山県,オカヤマケン,Okayama,,,,岡山市,オカヤマシ,Okayama-shi,中区,ナカク,Naka-ku,門田本町,カドタホンマチ,Kadota Hommachi,三丁目,３チョウメ,3,,,,,1,1,0,0,0,0,1,1,1947-04-17,,0,,,,,,,,,,,,,,,,
331023,0016004,2,岡山県,オカヤマケン,Okayama,,,,岡山市,オカヤマシ,Okayama-shi,中区,ナカク,Naka-ku,門田本町,カドタホンマチ,Kadota Hommachi,四丁目,４チョウメ,4,,,,,1,1,0,0,0,0,1,1,1947-04-17,,0,,,,,,,,,,,,,,,,
331023,0017001,2,岡山県,オカヤマケン,Okayama,,,,岡山市,オカヤマシ,Okayama-shi,中区,ナカク,Naka-ku,門田屋敷,カドタヤシキ,Kadotayashiki,一丁目,１チョウメ,1,,,,,1,1,0,0,0,0,1,1,1947-04-17,,0,,,,,,,,,,,,,,,,
331023,0017002,2,岡山県,オカヤマケン,Okayama,,,,岡山市,オカヤマシ,Okayama-shi,中区,ナカク,Naka-ku,門田屋敷,カドタヤシキ,Kadotayashiki,二丁目,２チョウメ,2,,,,,1,1,0,0,0,0,1,1,1947-04-17,,0,,,,,,,,,,,,,,,,
331023,0017003,2,岡山県,オカヤマケン,Okayama,,,,岡山市,オカヤマシ,Okayama-shi,中区,ナカク,Naka-ku,門田屋敷,カドタヤシキ,Kadotayashiki,三丁目,３チョウメ,3,,,,,1,1,0,0,0,0,1,1,1947-04-17,,0,,,,,,,,,,,,,,,,
331023,0017004,2,岡山県,オカヤマケン,Okayama,,,,岡山市,オカヤマシ,Okayama-shi,中区,ナカク,Naka-ku,門田屋敷,カドタヤシキ,Kadotayashiki,四丁目,４チョウメ,4,,,,,1,1,0,0,0,0,1,1,1947-04-17,,0,,,,,,,,,,,,,,,,
331023,0017005,2,岡山県,オカヤマケン,Okayama,,,,岡山市,オカヤマシ,Okayama-shi,中区,ナカク,Naka-ku,門田屋敷,カドタヤシキ,Kadotayashiki,五丁目,５チョウメ,5,,,,,1,1,0,0,0,0,1,1,1947-04-17,,0,,,,,,,,,,,,,,,,
331023,0018000,1,岡山県,オカヤマケン,Okayama,,,,岡山市,オカヤマシ,Okayama-shi,中区,ナカク,Naka-ku,門田屋敷本町,カドタヤシキホンマチ,Kadotayashikihommachi,,,,,,,,1,1,0,0,0,0,1,1,1947-04-17,,0,7038276,,,,,,,,,,,,,,,
331023,0019000,1,岡山県,オカヤマケン,Okayama,,,,岡山市,オカヤマシ,Okayama-shi,中区,ナカク,Naka-ku,兼基,カネモト,Kanemoto,,,,,,,,0,0,0,0,0,0,1,1,1947-04-17,,0,7038227,,,,,,,,,,,,,,,
331023,0020000,1,岡山県,オカヤマケン,Okayama,,,,岡山市,オカヤマシ,Okayama-shi,中区,ナカク,Naka-ku,祇園,ギオン,Gion,,,,,,,,0,0,0,0,0,0,1,1,1947-04-17,,0,7038207,,,,,,,,,,,,,,,
331023,0021001,2,岡山県,オカヤマケン,Okayama,,,,岡山市,オカヤマシ,Okayama-shi,中区,ナカク,Naka-ku,旭東町,キョクトウチョウ,Kyokutocho,一丁目,１チョウメ,1,,,,,1,1,0,0,0,0,1,1,1947-04-17,,0,,,,,,,,,,,,,,,,
331023,0021002,2,岡山県,オカヤマケン,Okayama,,,,岡山市,オカヤマシ,Okayama-shi,中区,ナカク,Naka-ku,旭東町,キョクトウチョウ,Kyokutocho,二丁目,２チョウメ,2,,,,,1,1,0,0,0,0,1,1,1947-04-17,,0,,,,,,,,,,,,,,,,
331023,0021003,2,岡山県,オカヤマケン,Okayama,,,,岡山市,オカヤマシ,Okayama-shi,中区,ナカク,Naka-ku,旭東町,キョクトウチョウ,Kyokutocho,三丁目,３チョウメ,3,,,,,1,1,0,0,0,0,1,1,1947-04-17,,0,,,,,,,,,,,,,,,,
331023,0023000,1,岡山県,オカヤマケン,Okayama,,,,岡山市,オカヤマシ,Okayama-shi,中区,ナカク,Naka-ku,国富,クニトミ,Kunitomi,,,,,,,,0,0,0,0,0,0,1,1,1947-04-17,,0,7038236,,,,,,,,,,,,,,,
331023,0023001,2,岡山県,オカヤマケン,Okayama,,,,岡山市,オカヤマシ,Okayama-shi,中区,ナカク,Naka-ku,国富,クニトミ,Kunitomi,一丁目,１チョウメ,1,,,,,1,1,0,0,0,0,1,1,1947-04-17,,0,,,,,,,,,,,,,,,,
331023,0023002,2,岡山県,オカヤマケン,Okayama,,,,岡山市,オカヤマシ,Okayama-shi,中区,ナカク,Naka-ku,国富,クニトミ,Kunitomi,二丁目,２チョウメ,2,,,,,1,1,0,0,0,0,1,1,1947-04-17,,0,,,,,,,,,,,,,,,,
331023,0023003,2,岡山県,オカヤマケン,Okayama,,,,岡山市,オカヤマシ,Okayama-shi,中区,ナカク,Naka-ku,国富,クニトミ,Kunitomi,三丁目,３チョウメ,3,,,,,1,1,0,0,0,0,1,1,1947-04-17,,0,,,,,,,,,,,,,,,,
331023,0023004,2,岡山県,オカヤマケン,Okayama,,,,岡山市,オカヤマシ,Okayama-shi,中区,ナカク,Naka-ku,国富,クニトミ,Kunitomi,四丁目,４チョウメ,4,,,,,1,1,0,0,0,0,1,1,1947-04-17,,0,,,,,,,,,,,,,,,,
331023,0025000,1,岡山県,オカヤマケン,Okayama,,,,岡山市,オカヤマシ,Okayama-shi,中区,ナカク,Naka-ku,倉富,クラトミ,Kuratomi,,,,,,,,0,0,0,0,0,0,1,1,1947-04-17,,0,7038264,,,,,,,,,,,,,,,
331023,0026000,1,岡山県,オカヤマケン,Okayama,,,,岡山市,オカヤマシ,Okayama-shi,中区,ナカク,Naka-ku,倉益,クラマス,Kuramasu,,,,,,,,0,0,0,0,0,0,1,1,1947-04-17,,0,7038263,,,,,,,,,,,,,,,
331023,0027000,1,岡山県,オカヤマケン,Okayama,,,,岡山市,オカヤマシ,Okayama-shi,中区,ナカク,Naka-ku,桑野,クワノ,Kuwano,,,,,,,,0,0,0,0,0,0,1,1,1947-04-17,,0,7028002,,,,,,,,,,,,,,,
331023,0028000,1,岡山県,オカヤマケン,Okayama,,,,岡山市,オカヤマシ,Okayama-shi,中区,ナカク,Naka-ku,神下,コウシタ,Koshita,,,,,,,,0,0,0,0,0,0,1,1,1947-04-17,,0,7038225,,,,,,,,,,,,,,,
331023,0029000,1,岡山県,オカヤマケン,Okayama,,,,岡山市,オカヤマシ,Okayama-shi,中区,ナカク,Naka-ku,国府市場,コクフイチバ,Kokufuichiba,,,,,,,,0,0,0,0,0,0,1,1,1947-04-17,,0,7038203,,,,,,,,,,,,,,,
331023,0030001,2,岡山県,オカヤマケン,Okayama,,,,岡山市,オカヤマシ,Okayama-shi,中区,ナカク,Naka-ku,小橋町,コバシチョウ,Kobashicho,一丁目,１チョウメ,1,,,,,1,1,0,0,0,0,1,1,1947-04-17,,0,,,,,,,,,,,,,,,,
331023,0030002,2,岡山県,オカヤマケン,Okayama,,,,岡山市,オカヤマシ,Okayama-shi,中区,ナカク,Naka-ku,小橋町,コバシチョウ,Kobashicho,二丁目,２チョウメ,2,,,,,1,1,0,0,0,0,1,1,1947-04-17,,0,,,,,,,,,,,,,,,,
331023,0033000,1,岡山県,オカヤマケン,Okayama,,,,岡山市,オカヤマシ,Okayama-shi,中区,ナカク,Naka-ku,さくら住座,サクラジュウザ,Sakurajuza,,,,,,,,1,1,0,0,0,0,1,1,1947-04-17,,0,7038296,,,,,,,,,,,,,,,
331023,0034001,2,岡山県,オカヤマケン,Okayama,,,,岡山市,オカヤマシ,Okayama-shi,中区,ナカク,Naka-ku,桜橋,サクラバシ,Sakurabashi,一丁目,１チョウメ,1,,,,,1,1,0,0,0,0,1,1,1947-04-17,,0,,,,,,,,,,,,,,,,
331023,0034002,2,岡山県,オカヤマケン,Okayama,,,,岡山市,オカヤマシ,Okayama-shi,中区,ナカク,Naka-ku,桜橋,サクラバシ,Sakurabashi,二丁目,２チョウメ,2,,,,,1,1,0,0,0,0,1,1,1947-04-17,,0,,,,,,,,,,,,,,,,
331023,0034003,2,岡山県,オカヤマケン,Okayama,,,,岡山市,オカヤマシ,Okayama-shi,中区,ナカク,Naka-ku,桜橋,サクラバシ,Sakurabashi,三丁目,３チョウメ,3,,,,,1,1,0,0,0,0,1,1,1947-04-17,,0,,,,,,,,,,,,,,,,
331023,0034004,2,岡山県,オカヤマケン,Okayama,,,,岡山市,オカヤマシ,Okayama-shi,中区,ナカク,Naka-ku,桜橋,サクラバシ,Sakurabashi,四丁目,４チョウメ,4,,,,,1,1,0,0,0,0,1,1,1947-04-17,,0,,,,,,,,,,,,,,,,
331023,0035000,1,岡山県,オカヤマケン,Okayama,,,,岡山市,オカヤマシ,Okayama-shi,中区,ナカク,Naka-ku,沢田,サワダ,Sawada,,,,,,,,0,0,0,0,0,0,1,1,1947-04-17,,0,7038234,,,,,,,,,,,,,,,
331023,0036000,1,岡山県,オカヤマケン,Okayama,,,,岡山市,オカヤマシ,Okayama-shi,中区,ナカク,Naka-ku,四御神,シノゴゼ,Shinogoze,,,,,,,,0,0,0,0,0,0,1,1,1947-04-17,,0,7038201,,,,,,,,,,,,,,,
331023,0038000,1,岡山県,オカヤマケン,Okayama,,,,岡山市,オカヤマシ,Okayama-shi,中区,ナカク,Naka-ku,清水,シミズ,Shimizu,,,,,,,,0,0,0,0,0,0,1,1,1947-04-17,,0,7038243,,,,,,,,,,,,,,,
331023,0038001,2,岡山県,オカヤマケン,Okayama,,,,岡山市,オカヤマシ,Okayama-shi,中区,ナカク,Naka-ku,清水,シミズ,Shimizu,一丁目,１チョウメ,1,,,,,1,1,0,0,0,0,1,1,1947-04-17,,0,,,,,,,,,,,,,,,,
331023,0038002,2,岡山県,オカヤマケン,Okayama,,,,岡山市,オカヤマシ,Okayama-shi,中区,ナカク,Naka-ku,清水,シミズ,Shimizu,二丁目,２チョウメ,2,,,,,1,1,0,0,0,0,1,1,1947-04-17,,0,,,,,,,,,,,,,,,,
331023,0039000,1,岡山県,オカヤマケン,Okayama,,,,岡山市,オカヤマシ,Okayama-shi,中区,ナカク,Naka-ku,下,シモ,Shimo,,,,,,,,0,0,0,0,0,0,1,1,1947-04-17,,0,7038222,,,,,,,,,,,,,,,
331023,0040000,1,岡山県,オカヤマケン,Okayama,,,,岡山市,オカヤマシ,Okayama-shi,中区,ナカク,Naka-ku,賞田,ショウダ,Shoda,,,,,,,,0,0,0,0,0,0,1,1,1947-04-17,,0,7038206,,,,,,,,,,,,,,,
331023,0041001,2,岡山県,オカヤマケン,Okayama,,,,岡山市,オカヤマシ,Okayama-shi,中区,ナカク,Naka-ku,新京橋,シンキョウバシ,Shinkyobashi,一丁目,１チョウメ,1,,,,,1,1,0,0,0,0,1,1,1947-04-17,,0,,,,,,,,,,,,,,,,
331023,0041002,2,岡山県,オカヤマケン,Okayama,,,,岡山市,オカヤマシ,Okayama-shi,中区,ナカク,Naka-ku,新京橋,シンキョウバシ,Shinkyobashi,二丁目,２チョウメ,2,,,,,1,1,0,0,0,0,1,1,1947-04-17,,0,,,,,,,,,,,,,,,,
331023,0041003,2,岡山県,オカヤマケン,Okayama,,,,岡山市,オカヤマシ,Okayama-shi,中区,ナカク,Naka-ku,新京橋,シンキョウバシ,Shinkyobashi,三丁目,３チョウメ,3,,,,,1,1,0,0,0,0,1,1,1947-04-17,,0,,,,,,,,,,,,,,,,
331023,0042000,1,岡山県,オカヤマケン,Okayama,,,,岡山市,オカヤマシ,Okayama-shi,中区,ナカク,Naka-ku,新築港,シンチッコウ,Shinchikko,,,,,,,,0,0,0,0,0,0,1,1,1947-04-17,,0,7028003,,,,,,,,,,,,,,,
331023,0043001,2,岡山県,オカヤマケン,Okayama,,,,岡山市,オカヤマシ,Okayama-shi,中区,ナカク,Naka-ku,住吉町,スミヨシチョウ,Sumiyoshicho,一丁目,１チョウメ,1,,,,,0,0,0,0,0,0,1,1,1947-04-17,,0,,,,,,,,,,,,,,,,
331023,0043002,2,岡山県,オカヤマケン,Okayama,,,,岡山市,オカヤマシ,Okayama-shi,中区,ナカク,Naka-ku,住吉町,スミヨシチョウ,Sumiyoshicho,二丁目,２チョウメ,2,,,,,0,0,0,0,0,0,1,1,1947-04-17,,0,,,,,,,,,,,,,,,,
331023,0044000,1,岡山県,オカヤマケン,Okayama,,,,岡山市,オカヤマシ,Okayama-shi,中区,ナカク,Naka-ku,関,セキ,Seki,,,,,,,,0,0,0,0,0,0,1,1,1947-04-17,,0,7038232,,,,,,,,,,,,,,,
331023,0045001,2,岡山県,オカヤマケン,Okayama,,,,岡山市,オカヤマシ,Okayama-shi,中区,ナカク,Naka-ku,高島,タカシマ,Takashima,一丁目,１チョウメ,1,,,,,1,1,0,0,0,0,1,1,1947-04-17,,0,,,,,,,,,,,,,,,,
331023,0045002,2,岡山県,オカヤマケン,Okayama,,,,岡山市,オカヤマシ,Okayama-shi,中区,ナカク,Naka-ku,高島,タカシマ,Takashima,二丁目,２チョウメ,2,,,,,1,1,0,0,0,0,1,1,1947-04-17,,0,,,,,,,,,,,,,,,,
331023,0046000,1,岡山県,オカヤマケン,Okayama,,,,岡山市,オカヤマシ,Okayama-shi,中区,ナカク,Naka-ku,高島新屋敷,タカシマシンヤシキ,Takashimashinyashiki,,,,,,,,0,0,0,0,0,0,1,1,1947-04-17,,0,7038241,,,,,,,,,,,,,,,
331023,0047000,1,岡山県,オカヤマケン,Okayama,,,,岡山市,オカヤマシ,Okayama-shi,中区,ナカク,Naka-ku,高屋,タカヤ,Takaya,,,,,,,,0,0,0,0,0,0,1,1,1947-04-17,,0,7038233,,,,,,,,,,,,,,,
331023,0048000,1,岡山県,オカヤマケン,Okayama,,,,岡山市,オカヤマシ,Okayama-shi,中区,ナカク,Naka-ku,竹田,タケダ,Takeda,,,,,,,,0,0,0,0,0,0,1,1,1947-04-17,,0,7038251,,,,,,,,,,,,,,,
331023,0049000,1,岡山県,オカヤマケン,Okayama,,,,岡山市,オカヤマシ,Okayama-shi,中区,ナカク,Naka-ku,中納言町,チュウナゴンチョウ,Chunagoncho,,,,,,,,1,1,0,0,0,0,1,1,1947-04-17,,0,7038292,,,,,,,,,,,,,,,
331023,0050000,1,岡山県,オカヤマケン,Okayama,,,,岡山市,オカヤマシ,Okayama-shi,中区,ナカク,Naka-ku,土田,ツチダ,Tsuchida,,,,,,,,0,0,0,0,0,0,1,1,1947-04-17,,0,7038217,,,,,,,,,,,,,,,
331023,0051001,2,岡山県,オカヤマケン,Okayama,,,,岡山市,オカヤマシ,Okayama-shi,中区,ナカク,Naka-ku,徳吉町,トクヨシチョウ,Tokuyoshicho,一丁目,１チョウメ,1,,,,,1,1,0,0,0,0,1,1,1947-04-17,,0,,,,,,,,,,,,,,,,
331023,0051002,2,岡山県,オカヤマケン,Okayama,,,,岡山市,オカヤマシ,Okayama-shi,中区,ナカク,Naka-ku,徳吉町,トクヨシチョウ,Tokuyoshicho,二丁目,２チョウメ,2,,,,,1,1,0,0,0,0,1,1,1947-04-17,,0,,,,,,,,,,,,,,,,
331023,0053000,1,岡山県,オカヤマケン,Okayama,,,,岡山市,オカヤマシ,Okayama-shi,中区,ナカク,Naka-ku,中井,ナカイ,Nakai,,,,,,,,0,0,0,0,0,0,1,1,1947-04-17,,0,7038205,,,,,,,,,,,,,,,
331023,0053001,2,岡山県,オカヤマケン,Okayama,,,,岡山市,オカヤマシ,Okayama-shi,中区,ナカク,Naka-ku,中井,ナカイ,Nakai,一丁目,１チョウメ,1,,,,,1,1,0,0,0,0,1,1,1947-04-17,,0,,,,,,,,,,,,,,,,
331023,0053002,2,岡山県,オカヤマケン,Okayama,,,,岡山市,オカヤマシ,Okayama-shi,中区,ナカク,Naka-ku,中井,ナカイ,Nakai,二丁目,２チョウメ,2,,,,,1,1,0,0,0,0,1,1,1947-04-17,,0,,,,,,,,,,,,,,,,
331023,0053003,2,岡山県,オカヤマケン,Okayama,,,,岡山市,オカヤマシ,Okayama-shi,中区,ナカク,Naka-ku,中井,ナカイ,Nakai,三丁目,３チョウメ,3,,,,,1,1,0,0,0,0,1,1,1947-04-17,,0,,,,,,,,,,,,,,,,
331023,0053004,2,岡山県,オカヤマケン,Okayama,,,,岡山市,オカヤマシ,Okayama-shi,中区,ナカク,Naka-ku,中井,ナカイ,Nakai,四丁目,４チョウメ,4,,,,,1,1,0,0,0,0,1,1,1947-04-17,,0,,,,,,,,,,,,,,,,
331023,0054000,1,岡山県,オカヤマケン,Okayama,,,,岡山市,オカヤマシ,Okayama-shi,中区,ナカク,Naka-ku,長岡,ナガオカ,Nagaoka,,,,,,,,0,0,0,0,0,0,1,1,1947-04-17,,0,7038221,,,,,,,,,,,,,,,
331023,0056000,1,岡山県,オカヤマケン,Okayama,,,,岡山市,オカヤマシ,Okayama-shi,中区,ナカク,Naka-ku,長利,ナガトシ,Nagatoshi,,,,,,,,0,0,0,0,0,0,1,1,1947-04-17,,0,7038223,,,,,,,,,,,,,,,
331023,0058000,1,岡山県,オカヤマケン,Okayama,,,,岡山市,オカヤマシ,Okayama-shi,中区,ナカク,Naka-ku,西川原,ニシガワラ,Nishigawara,,,,,,,,0,0,0,0,0,0,1,1,1947-04-17,,0,7038258,,,,,,,,,,,,,,,
331023,0058001,2,岡山県,オカヤマケン,Okayama,,,,岡山市,オカヤマシ,Okayama-shi,中区,ナカク,Naka-ku,西川原,ニシガワラ,Nishigawara,一丁目,１チョウメ,1,,,,,1,1,0,0,0,0,1,1,1947-04-17,,0,,,,,,,,,,,,,,,,
331023,0059000,1,岡山県,オカヤマケン,Okayama,,,,岡山市,オカヤマシ,Okayama-shi,中区,ナカク,Naka-ku,西中島町,ニシナカジマチョウ,Nishinakajimacho,,,,,,,,1,1,0,0,0,0,1,1,1947-04-17,,0,7038298,,,,,,,,,,,,,,,
331023,0061000,1,岡山県,オカヤマケン,Okayama,,,,岡山市,オカヤマシ,Okayama-shi,中区,ナカク,Naka-ku,浜,ハマ,Hama,,,,,,,,0,0,0,0,0,0,1,1,1947-04-17,,0,7038256,,,,,,,,,,,,,,,
331023,0061001,2,岡山県,オカヤマケン,Okayama,,,,岡山市,オカヤマシ,Okayama-shi,中区,ナカク,Naka-ku,浜,ハマ,Hama,一丁目,１チョウメ,1,,,,,1,1,0,0,0,0,1,1,1947-04-17,,0,,,,,,,,,,,,,,,,
331023,0061002,2,岡山県,オカヤマケン,Okayama,,,,岡山市,オカヤマシ,Okayama-shi,中区,ナカク,Naka-ku,浜,ハマ,Hama,二丁目,２チョウメ,2,,,,,1,1,0,0,0,0,1,1,1947-04-17,,0,,,,,,,,,,,,,,,,
331023,0061003,2,岡山県,オカヤマケン,Okayama,,,,岡山市,オカヤマシ,Okayama-shi,中区,ナカク,Naka-ku,浜,ハマ,Hama,三丁目,３チョウメ,3,,,,,1,1,0,0,0,0,1,1,1947-04-17,,0,,,,,,,,,,,,,,,,
331023,0063000,1,岡山県,オカヤマケン,Okayama,,,,岡山市,オカヤマシ,Okayama-shi,中区,ナカク,Naka-ku,原尾島,ハラオシマ,Haraoshima,,,,,,,,0,0,0,0,0,0,1,1,1947-04-17,,0,7038235,,,,,,,,,,,,,,,
331023,0063001,2,岡山県,オカヤマケン,Okayama,,,,岡山市,オカヤマシ,Okayama-shi,中区,ナカク,Naka-ku,原尾島,ハラオシマ,Haraoshima,一丁目,１チョウメ,1,,,,,1,1,0,0,0,0,1,1,1947-04-17,,0,,,,,,,,,,,,,,,,
331023,0063002,2,岡山県,オカヤマケン,Okayama,,,,岡山市,オカヤマシ,Okayama-shi,中区,ナカク,Naka-ku,原尾島,ハラオシマ,Haraoshima,二丁目,２チョウメ,2,,,,,1,1,0,0,0,0,1,1,1947-04-17,,0,,,,,,,,,,,,,,,,
331023,0063003,2,岡山県,オカヤマケン,Okayama,,,,岡山市,オカヤマシ,Okayama-shi,中区,ナカク,Naka-ku,原尾島,ハラオシマ,Haraoshima,三丁目,３チョウメ,3,,,,,1,1,0,0,0,0,1,1,1947-04-17,,0,,,,,,,,,,,,,,,,
331023,0063004,2,岡山県,オカヤマケン,Okayama,,,,岡山市,オカヤマシ,Okayama-shi,中区,ナカク,Naka-ku,原尾島,ハラオシマ,Haraoshima,四丁目,４チョウメ,4,,,,,1,1,0,0,0,0,1,1,1947-04-17,,0,,,,,,,,,,,,,,,,
331023,0064000,1,岡山県,オカヤマケン,Okayama,,,,岡山市,オカヤマシ,Okayama-shi,中区,ナカク,Naka-ku,東川原,ヒガシガワラ,Higashigawara,,,,,,,,0,0,0,0,0,0,1,1,1947-04-17,,0,7038255,,,,,,,,,,,,,,,
331023,0065000,1,岡山県,オカヤマケン,Okayama,,,,岡山市,オカヤマシ,Okayama-shi,中区,ナカク,Naka-ku,東中島町,ヒガシナカジマチョウ,Higashinakajimacho,,,,,,,,1,1,0,0,0,0,1,1,1947-04-17,,0,7038297,,,,,,,,,,,,,,,
331023,0066001,2,岡山県,オカヤマケン,Okayama,,,,岡山市,オカヤマシ,Okayama-shi,中区,ナカク,Naka-ku,東山,ヒガシヤマ,Higashiyama,一丁目,１チョウメ,1,,,,,1,1,0,0,0,0,1,1,1947-04-17,,0,,,,,,,,,,,,,,,,
331023,0066002,2,岡山県,オカヤマケン,Okayama,,,,岡山市,オカヤマシ,Okayama-shi,中区,ナカク,Naka-ku,東山,ヒガシヤマ,Higashiyama,二丁目,２チョウメ,2,,,,,1,1,0,0,0,0,1,1,1947-04-17,,0,,,,,,,,,,,,,,,,
331023,0066003,2,岡山県,オカヤマケン,Okayama,,,,岡山市,オカヤマシ,Okayama-shi,中区,ナカク,Naka-ku,東山,ヒガシヤマ,Higashiyama,三丁目,３チョウメ,3,,,,,1,1,0,0,0,0,1,1,1947-04-17,,0,,,,,,,,,,,,,,,,
331023,0066004,2,岡山県,オカヤマケン,Okayama,,,,岡山市,オカヤマシ,Okayama-shi,中区,ナカク,Naka-ku,東山,ヒガシヤマ,Higashiyama,四丁目,４チョウメ,4,,,,,1,1,0,0,0,0,1,1,1947-04-17,,0,,,,,,,,,,,,,,,,
331023,0068000,1,岡山県,オカヤマケン,Okayama,,,,岡山市,オカヤマシ,Okayama-shi,中区,ナカク,Naka-ku,平井,ヒライ,Hirai,,,,,,,,0,0,0,0,0,0,1,1,1947-04-17,,0,7038282,,,,,,,,,,,,,,,
331023,0068001,2,岡山県,オカヤマケン,Okayama,,,,岡山市,オカヤマシ,Okayama-shi,中区,ナカク,Naka-ku,平井,ヒライ,Hirai,一丁目,１チョウメ,1,,,,,1,1,0,0,0,0,1,1,1947-04-17,,0,,,,,,,,,,,,,,,,
331023,0068002,2,岡山県,オカヤマケン,Okayama,,,,岡山市,オカヤマシ,Okayama-shi,中区,ナカク,Naka-ku,平井,ヒライ,Hirai,二丁目,２チョウメ,2,,,,,0,0,0,0,0,0,1,1,1947-04-17,,0,,,,,,,,,,,,,,,,
331023,0068003,2,岡山県,オカヤマケン,Okayama,,,,岡山市,オカヤマシ,Okayama-shi,中区,ナカク,Naka-ku,平井,ヒライ,Hirai,三丁目,３チョウメ,3,,,,,0,0,0,0,0,0,1,1,1947-04-17,,0,,,,,,,,,,,,,,,,
331023,0068004,2,岡山県,オカヤマケン,Okayama,,,,岡山市,オカヤマシ,Okayama-shi,中区,ナカク,Naka-ku,平井,ヒライ,Hirai,四丁目,４チョウメ,4,,,,,1,1,0,0,0,0,1,1,1947-04-17,,0,,,,,,,,,,,,,,,,
331023,0068005,2,岡山県,オカヤマケン,Okayama,,,,岡山市,オカヤマシ,Okayama-shi,中区,ナカク,Naka-ku,平井,ヒライ,Hirai,五丁目,５チョウメ,5,,,,,1,1,0,0,0,0,1,1,1947-04-17,,0,,,,,,,,,,,,,,,,
331023,0068006,2,岡山県,オカヤマケン,Okayama,,,,岡山市,オカヤマシ,Okayama-shi,中区,ナカク,Naka-ku,平井,ヒライ,Hirai,六丁目,６チョウメ,6,,,,,1,1,0,0,0,0,1,1,1947-04-17,,0,,,,,,,,,,,,,,,,
331023,0068007,2,岡山県,オカヤマケン,Okayama,,,,岡山市,オカヤマシ,Okayama-shi,中区,ナカク,Naka-ku,平井,ヒライ,Hirai,七丁目,７チョウメ,7,,,,,1,1,0,0,0,0,1,1,1947-04-17,,0,,,,,,,,,,,,,,,,
331023,0069000,1,岡山県,オカヤマケン,Okayama,,,,岡山市,オカヤマシ,Okayama-shi,中区,ナカク,Naka-ku,福泊,フクドマリ,Fukudomari,,,,,,,,0,0,0,0,0,0,1,1,1947-04-17,,0,7038262,,,,,,,,,,,,,,,
331023,0070000,1,岡山県,オカヤマケン,Okayama,,,,岡山市,オカヤマシ,Okayama-shi,中区,ナカク,Naka-ku,藤崎,フジサキ,Fujisaki,,,,,,,,0,0,0,0,0,0,1,1,1947-04-17,,0,7028006,,,,,,,,,,,,,,,
331023,0071000,1,岡山県,オカヤマケン,Okayama,,,,岡山市,オカヤマシ,Okayama-shi,中区,ナカク,Naka-ku,藤原,フジワラ,Fujiwara,,,,,,,,0,0,0,0,0,0,1,1,1947-04-17,,0,7038245,,,,,,,,,,,,,,,
331023,0072001,2,岡山県,オカヤマケン,Okayama,,,,岡山市,オカヤマシ,Okayama-shi,中区,ナカク,Naka-ku,藤原西町,フジワラニシマチ,Fujiwara Nishimachi,一丁目,１チョウメ,1,,,,,1,1,0,0,0,0,1,1,1947-04-17,,0,,,,,,,,,,,,,,,,
331023,0072002,2,岡山県,オカヤマケン,Okayama,,,,岡山市,オカヤマシ,Okayama-shi,中区,ナカク,Naka-ku,藤原西町,フジワラニシマチ,Fujiwara Nishimachi,二丁目,２チョウメ,2,,,,,1,1,0,0,0,0,1,1,1947-04-17,,0,,,,,,,,,,,,,,,,
331023,0073001,2,岡山県,オカヤマケン,Okayama,,,,岡山市,オカヤマシ,Okayama-shi,中区,ナカク,Naka-ku,藤原光町,フジワラヒカリマチ,Fujiwara Hikarimachi,一丁目,１チョウメ,1,,,,,1,1,0,0,0,0,1,1,1947-04-17,,0,,,,,,,,,,,,,,,,
331023,0073002,2,岡山県,オカヤマケン,Okayama,,,,岡山市,オカヤマシ,Okayama-shi,中区,ナカク,Naka-ku,藤原光町,フジワラヒカリマチ,Fujiwara Hikarimachi,二丁目,２チョウメ,2,,,,,1,1,0,0,0,0,1,1,1947-04-17,,0,,,,,,,,,,,,,,,,
331023,0073003,2,岡山県,オカヤマケン,Okayama,,,,岡山市,オカヤマシ,Okayama-shi,中区,ナカク,Naka-ku,藤原光町,フジワラヒカリマチ,Fujiwara Hikarimachi,三丁目,３チョウメ,3,,,,,1,1,0,0,0,0,1,1,1947-04-17,,0,,,,,,,,,,,,,,,,
331023,0074000,1,岡山県,オカヤマケン,Okayama,,,,岡山市,オカヤマシ,Okayama-shi,中区,ナカク,Naka-ku,古京町,,,,,,,,,,0,0,0,0,0,0,1,0,1947-04-17,,1,,,,,,,,,,,,,,,,
331023,0074001,2,岡山県,オカヤマケン,Okayama,,,,岡山市,オカヤマシ,Okayama-shi,中区,ナカク,Naka-ku,古京町,フルギョウチョウ,Furugyocho,一丁目,１チョウメ,1,,,,,1,1,0,0,0,0,1,1,1947-04-17,,0,,,,,,,,,,,,,,,,
331023,0074002,2,岡山県,オカヤマケン,Okayama,,,,岡山市,オカヤマシ,Okayama-shi,中区,ナカク,Naka-ku,古京町,フルギョウチョウ,Furugyocho,二丁目,２チョウメ,2,,,,,1,1,0,0,0,0,1,1,1947-04-17,,0,,,,,,,,,,,,,,,,
331023,0076000,1,岡山県,オカヤマケン,Okayama,,,,岡山市,オカヤマシ,Okayama-shi,中区,ナカク,Naka-ku,湊,ミナト,Minato,,,,,,,,0,0,0,0,0,0,1,1,1947-04-17,,0,7038266,,,,,,,,,,,,,,,
331023,0077000,1,岡山県,オカヤマケン,Okayama,,,,岡山市,オカヤマシ,Okayama-shi,中区,ナカク,Naka-ku,御幸町,ミユキチョウ,Miyukicho,,,,,,,,1,1,0,0,0,0,1,1,1947-04-17,,0,7038295,,,,,,,,,,,,,,,
331023,0078000,1,岡山県,オカヤマケン,Okayama,,,,岡山市,オカヤマシ,Okayama-shi,中区,ナカク,Naka-ku,海吉,ミヨシ,Miyoshi,,,,,,,,0,0,0,0,0,0,1,1,1947-04-17,,0,7038261,,,,,,,,,,,,,,,
331023,0079000,1,岡山県,オカヤマケン,Okayama,,,,岡山市,オカヤマシ,Okayama-shi,中区,ナカク,Naka-ku,森下町,モリシタチョウ,Morishitacho,,,,,,,,1,1,0,0,0,0,1,1,1947-04-17,,0,7038237,,,,,,,,,,,,,,,
331023,0080000,1,岡山県,オカヤマケン,Okayama,,,,岡山市,オカヤマシ,Okayama-shi,中区,ナカク,Naka-ku,八幡,ヤハタ,Yahata,,,,,,,,0,0,0,0,0,0,1,1,1947-04-17,,0,7038254,,,,,,,,,,,,,,,
331023,0081000,1,岡山県,オカヤマケン,Okayama,,,,岡山市,オカヤマシ,Okayama-shi,中区,ナカク,Naka-ku,八幡東町,ヤハタヒガシマチ,Yahatahigashimachi,,,,,,,,1,1,0,0,0,0,1,1,1947-04-17,,0,7038253,,,,,,,,,,,,,,,
331023,0082000,1,岡山県,オカヤマケン,Okayama,,,,岡山市,オカヤマシ,Okayama-shi,中区,ナカク,Naka-ku,山崎,ヤマサキ,Yamasaki,,,,,,,,0,0,0,0,0,0,1,1,1947-04-17,,0,7038267,,,,,,,,,,,,,,,
331023,0083000,1,岡山県,オカヤマケン,Okayama,,,,岡山市,オカヤマシ,Okayama-shi,中区,ナカク,Naka-ku,湯迫,ユバ,Yuba,,,,,,,,0,0,0,0,0,0,1,1,1947-04-17,,0,7038202,,,,,,,,,,,,,,,
331023,0084000,1,岡山県,オカヤマケン,Okayama,,,,岡山市,オカヤマシ,Okayama-shi,中区,ナカク,Naka-ku,米田,ヨネダ,Yoneda,,,,,,,,0,0,0,0,0,0,1,1,1947-04-17,,0,7038224,,,,,,,,,,,,,,,
331023,0085000,1,岡山県,オカヤマケン,Okayama,,,,岡山市,オカヤマシ,Okayama-shi,中区,ナカク,Naka-ku,円山,マルヤマ,,,,,,,,,0,0,0,0,0,0,1,0,1947-04-17,,1,,,,,,,,,,,,,,,,
331023,0086000,1,岡山県,オカヤマケン,Okayama,,,,岡山市,オカヤマシ,Okayama-shi,中区,ナカク,Naka-ku,江並,エナミ,,,,,,,,,0,0,0,0,0,0,1,0,1947-04-17,,1,,,,,,,,,,,,,,,,
331023,0087000,1,岡山県,オカヤマケン,Okayama,,,,岡山市,オカヤマシ,Okayama-shi,中区,ナカク,Naka-ku,倉田,クラタ,,,,,,,,,0,0,0,0,0,0,1,0,1947-04-17,,1,,,,,,,,,,,,,,,,
331023,0088000,1,岡山県,オカヤマケン,Okayama,,,,岡山市,オカヤマシ,Okayama-shi,中区,ナカク,Naka-ku,中島,ナカシマ,,,,,,,,,0,0,0,0,0,0,1,0,1947-04-17,,1,,,,,,,,,,,,,,,,
331023,0089000,1,岡山県,オカヤマケン,Okayama,,,,岡山市,オカヤマシ,Okayama-shi,中区,ナカク,Naka-ku,穝,サイ,,,,,,,,,0,0,0,0,0,0,1,0,1947-04-17,,1,,,,,,,,,,,,,,,,
331023,0090001,2,岡山県,オカヤマケン,Okayama,,,,岡山市,オカヤマシ,Okayama-shi,中区,ナカク,Naka-ku,穝東町,サイヒガシマチ,,一丁目,１チョウメ,1,,,,,1,1,0,0,0,0,1,0,1947-04-17,,1,,,,,,,,,,,,,,,,
331023,0090002,2,岡山県,オカヤマケン,Okayama,,,,岡山市,オカヤマシ,Okayama-shi,中区,ナカク,Naka-ku,穝東町,サイヒガシマチ,,二丁目,２チョウメ,2,,,,,1,1,0,0,0,0,1,0,1947-04-17,,1,,,,,,,,,,,,,,,,
331031,0001000,1,岡山県,オカヤマケン,Okayama,,,,岡山市,オカヤマシ,Okayama-shi,東区,ヒガシク,Higashi-ku,浅川,アサカワ,Asakawa,,,,,,,,0,0,0,0,0,0,1,1,1947-04-17,,0,7090605,,,,,,,,,,,,,,,
331031,0002000,1,岡山県,オカヤマケン,Okayama,,,,岡山市,オカヤマシ,Okayama-shi,東区,ヒガシク,Higashi-ku,浅越,アサゴエ,Asagoe,,,,,,,,0,0,0,0,0,0,1,1,1947-04-17,,0,7048181,,,,,,,,,,,,,,,
331031,0003000,1,岡山県,オカヤマケン,Okayama,,,,岡山市,オカヤマシ,Okayama-shi,東区,ヒガシク,Higashi-ku,犬島,イヌジマ,Inujima,,,,,,,,0,0,0,0,0,0,1,1,1947-04-17,,0,7048153,,,,,,,,,,,,,,,
331031,0004000,1,岡山県,オカヤマケン,Okayama,,,,岡山市,オカヤマシ,Okayama-shi,東区,ヒガシク,Higashi-ku,内ケ原,ウチガハラ,Uchigahara,,,,,,,,0,0,0,0,0,0,1,1,1947-04-17,,0,7090612,,,,,,,,,,,,,,,
331031,0006000,1,岡山県,オカヤマケン,Okayama,,,,岡山市,オカヤマシ,Okayama-shi,東区,ヒガシク,Higashi-ku,大多羅町,オオダラチョウ,Odaracho,,,,,,,,0,0,0,0,0,0,1,1,1947-04-17,,0,7048172,,,,,,,,,,,,,,,
331031,0008000,1,岡山県,オカヤマケン,Okayama,,,,岡山市,オカヤマシ,Okayama-shi,東区,ヒガシク,Higashi-ku,乙子,オトゴ,Otogo,,,,,,,,0,0,0,0,0,0,1,1,1947-04-17,,0,7048137,,,,,,,,,,,,,,,
331031,0009001,2,岡山県,オカヤマケン,Okayama,,,,岡山市,オカヤマシ,Okayama-shi,東区,ヒガシク,Higashi-ku,可知,カチ,Kachi,一丁目,１チョウメ,1,,,,,0,0,0,0,0,0,1,1,1947-04-17,,0,,,,,,,,,,,,,,,,
331031,0009002,2,岡山県,オカヤマケン,Okayama,,,,岡山市,オカヤマシ,Okayama-shi,東区,ヒガシク,Higashi-ku,可知,カチ,Kachi,二丁目,２チョウメ,2,,,,,1,1,0,0,0,0,1,1,1947-04-17,,0,,,,,,,,,,,,,,,,
331031,0009003,2,岡山県,オカヤマケン,Okayama,,,,岡山市,オカヤマシ,Okayama-shi,東区,ヒガシク,Higashi-ku,可知,カチ,Kachi,三丁目,３チョウメ,3,,,,,1,1,0,0,0,0,1,1,1947-04-17,,0,,,,,,,,,,,,,,,,
331031,0009004,2,岡山県,オカヤマケン,Okayama,,,,岡山市,オカヤマシ,Okayama-shi,東区,ヒガシク,Higashi-ku,可知,カチ,Kachi,四丁目,４チョウメ,4,,,,,1,1,0,0,0,0,1,1,1947-04-17,,0,,,,,,,,,,,,,,,,
331031,0009005,2,岡山県,オカヤマケン,Okayama,,,,岡山市,オカヤマシ,Okayama-shi,東区,ヒガシク,Higashi-ku,可知,カチ,Kachi,五丁目,５チョウメ,5,,,,,0,0,0,0,0,0,1,1,1947-04-17,,0,,,,,,,,,,,,,,,,
331031,0010000,1,岡山県,オカヤマケン,Okayama,,,,岡山市,オカヤマシ,Okayama-shi,東区,ヒガシク,Higashi-ku,金岡西町,カナオカニシマチ,Kanaoka Nishimachi,,,,,,,,0,0,0,0,0,0,1,1,1947-04-17,,0,7048193,,,,,,,,,,,,,,,
331031,0011001,2,岡山県,オカヤマケン,Okayama,,,,岡山市,オカヤマシ,Okayama-shi,東区,ヒガシク,Higashi-ku,金岡東町,カナオカヒガシマチ,Kanaoka Higashimachi,一丁目,１チョウメ,1,,,,,1,1,0,0,0,0,1,1,1947-04-17,,0,,,,,,,,,,,,,,,,
331031,0011002,2,岡山県,オカヤマケン,Okayama,,,,岡山市,オカヤマシ,Okayama-shi,東区,ヒガシク,Higashi-ku,金岡東町,カナオカヒガシマチ,Kanaoka Higashimachi,二丁目,２チョウメ,2,,,,,1,1,0,0,0,0,1,1,1947-04-17,,0,,,,,,,,,,,,,,,,
331031,0011003,2,岡山県,オカヤマケン,Okayama,,,,岡山市,オカヤマシ,Okayama-shi,東区,ヒガシク,Higashi-ku,金岡東町,カナオカヒガシマチ,Kanaoka Higashimachi,三丁目,３チョウメ,3,,,,,1,1,0,0,0,0,1,1,1947-04-17,,0,,,,,,,,,,,,,,,,
331031,0012000,1,岡山県,オカヤマケン,Okayama,,,,岡山市,オカヤマシ,Okayama-shi,東区,ヒガシク,Higashi-ku,金田,カナダ,Kanada,,,,,,,,0,0,0,0,0,0,1,1,1947-04-17,,0,7048196,,,,,,,,,,,,,,,
331031,0013000,1,岡山県,オカヤマケン,Okayama,,,,岡山市,オカヤマシ,Okayama-shi,東区,ヒガシク,Higashi-ku,上阿知,カミアチ,Kamiachi,,,,,,,,0,0,0,0,0,0,1,1,1947-04-17,,0,7048142,,,,,,,,,,,,,,,
331031,0014000,1,岡山県,オカヤマケン,Okayama,,,,岡山市,オカヤマシ,Okayama-shi,東区,ヒガシク,Higashi-ku,神崎町,カンザキチョウ,Kanzakicho,,,,,,,,0,0,0,0,0,0,1,1,1947-04-17,,0,7048138,,,,,,,,,,,,,,,
331031,0015000,1,岡山県,オカヤマケン,Okayama,,,,岡山市,オカヤマシ,Okayama-shi,東区,ヒガシク,Higashi-ku,北幸田,キタコウダ,Kitakoda,,,,,,,,0,0,0,0,0,0,1,1,1947-04-17,,0,7048134,,,,,,,,,,,,,,,
331031,0016000,1,岡山県,オカヤマケン,Okayama,,,,岡山市,オカヤマシ,Okayama-shi,東区,ヒガシク,Higashi-ku,君津,キミツ,Kimitsu,,,,,,,,0,0,0,0,0,0,1,1,1947-04-17,,0,7048166,,,,,,,,,,,,,,,
331031,0017000,1,岡山県,オカヤマケン,Okayama,,,,岡山市,オカヤマシ,Okayama-shi,東区,ヒガシク,Higashi-ku,久々井,クグイ,Kugui,,,,,,,,0,0,0,0,0,0,1,1,1947-04-17,,0,7048154,,,,,,,,,,,,,,,
331031,0018000,1,岡山県,オカヤマケン,Okayama,,,,岡山市,オカヤマシ,Okayama-shi,東区,ヒガシク,Higashi-ku,草ケ部,クサカベ,Kusakabe,,,,,,,,0,0,0,0,0,0,1,1,1947-04-17,,0,7090635,,,,,,,,,,,,,,,
331031,0019000,1,岡山県,オカヤマケン,Okayama,,,,岡山市,オカヤマシ,Okayama-shi,東区,ヒガシク,Higashi-ku,九蟠,クバン,Kuban,,,,,,,,0,0,0,0,0,0,1,1,1947-04-17,,0,7048161,,,,,,,,,,,,,,,
331031,0021000,1,岡山県,オカヤマケン,Okayama,,,,岡山市,オカヤマシ,Okayama-shi,東区,ヒガシク,Higashi-ku,鉄,クロガネ,Kurogane,,,,,,,,0,0,0,0,0,0,1,1,1947-04-17,,0,7038214,,,,,,,,,,,,,,,
331031,0022000,1,岡山県,オカヤマケン,Okayama,,,,岡山市,オカヤマシ,Okayama-shi,東区,ヒガシク,Higashi-ku,幸地崎町,コウチザキチョウ,Kochizakicho,,,,,,,,0,0,0,0,0,0,1,1,1947-04-17,,0,7048149,,,,,,,,,,,,,,,
331031,0023000,1,岡山県,オカヤマケン,Okayama,,,,岡山市,オカヤマシ,Okayama-shi,東区,ヒガシク,Higashi-ku,光津,コウツ,Kotsu,,,,,,,,0,0,0,0,0,0,1,1,1947-04-17,,0,7048164,,,,,,,,,,,,,,,
331031,0024000,1,岡山県,オカヤマケン,Okayama,,,,岡山市,オカヤマシ,Okayama-shi,東区,ヒガシク,Higashi-ku,河本町,コウモトチョウ,Komotocho,,,,,,,,0,0,0,0,0,0,1,1,1947-04-17,,0,7048103,,,,,,,,,,,,,,,
331031,0026000,1,岡山県,オカヤマケン,Okayama,,,,岡山市,オカヤマシ,Okayama-shi,東区,ヒガシク,Higashi-ku,古都南方,コズミナミガタ,Kozuminamigata,,,,,,,,0,0,0,0,0,0,1,1,1947-04-17,,0,7038215,,,,,,,,,,,,,,,
331031,0027000,1,岡山県,オカヤマケン,Okayama,,,,岡山市,オカヤマシ,Okayama-shi,東区,ヒガシク,Higashi-ku,才崎,サイザキ,Saizaki,,,,,,,,0,0,0,0,0,0,1,1,1947-04-17,,0,7090615,,,,,,,,,,,,,,,
331031,0028000,1,岡山県,オカヤマケン,Okayama,,,,岡山市,オカヤマシ,Okayama-shi,東区,ヒガシク,Higashi-ku,西大寺,サイダイジ,Saidaiji,,,,,,,,0,0,0,0,0,0,1,1,1947-04-17,,0,7048113,,,,,,,,,,,,,,,
331031,0029000,1,岡山県,オカヤマケン,Okayama,,,,岡山市,オカヤマシ,Okayama-shi,東区,ヒガシク,Higashi-ku,西大寺射越,サイダイジイコシ,Saidaiji Ikoshi,,,,,,,,0,0,0,0,0,0,1,1,1947-04-17,,0,7048121,,,,,,,,,,,,,,,
331031,0030000,1,岡山県,オカヤマケン,Okayama,,,,岡山市,オカヤマシ,Okayama-shi,東区,ヒガシク,Higashi-ku,西大寺一宮,サイダイジイチノミヤ,Saidaiji Ichinomiya,,,,,,,,0,0,0,0,0,0,1,1,1947-04-17,,0,7048144,,,,,,,,,,,,,,,
331031,0031000,1,岡山県,オカヤマケン,Okayama,,,,岡山市,オカヤマシ,Okayama-shi,東区,ヒガシク,Higashi-ku,西大寺金岡,サイダイジカナオカ,Saidaiji Kanaoka,,,,,,,,0,0,0,0,0,0,1,1,1947-04-17,,0,7048195,,,,,,,,,,,,,,,
331031,0032001,2,岡山県,オカヤマケン,Okayama,,,,岡山市,オカヤマシ,Okayama-shi,東区,ヒガシク,Higashi-ku,西大寺上,サイダイジカミ,Saidaiji Kami,一丁目,１チョウメ,1,,,,,1,1,0,0,0,0,1,1,1947-04-17,,0,,,,,,,,,,,,,,,,
331031,0032002,2,岡山県,オカヤマケン,Okayama,,,,岡山市,オカヤマシ,Okayama-shi,東区,ヒガシク,Higashi-ku,西大寺上,サイダイジカミ,Saidaiji Kami,二丁目,２チョウメ,2,,,,,1,1,0,0,0,0,1,1,1947-04-17,,0,,,,,,,,,,,,,,,,
331031,0032003,2,岡山県,オカヤマケン,Okayama,,,,岡山市,オカヤマシ,Okayama-shi,東区,ヒガシク,Higashi-ku,西大寺上,サイダイジカミ,Saidaiji Kami,三丁目,３チョウメ,3,,,,,1,1,0,0,0,0,1,1,1947-04-17,,0,,,,,,,,,,,,,,,,
331031,0033000,1,岡山県,オカヤマケン,Okayama,,,,岡山市,オカヤマシ,Okayama-shi,東区,ヒガシク,Higashi-ku,西大寺川口,サイダイジカワグチ,Saidaiji Kawaguchi,,,,,,,,0,0,0,0,0,0,1,1,1947-04-17,,0,7048125,,,,,,,,,,,,,,,
331031,0034000,1,岡山県,オカヤマケン,Okayama,,,,岡山市,オカヤマシ,Okayama-shi,東区,ヒガシク,Higashi-ku,西大寺北,サイダイジキタ,Saidaiji Kita,,,,,,,,0,0,0,0,0,0,1,1,1947-04-17,,0,7048111,,,,,,,,,,,,,,,
331031,0035000,1,岡山県,オカヤマケン,Okayama,,,,岡山市,オカヤマシ,Okayama-shi,東区,ヒガシク,Higashi-ku,西大寺五明,サイダイジゴミョウ,Saidaiji Gomyo,,,,,,,,0,0,0,0,0,0,1,1,1947-04-17,,0,7048124,,,,,,,,,,,,,,,
331031,0036000,1,岡山県,オカヤマケン,Okayama,,,,岡山市,オカヤマシ,Okayama-shi,東区,ヒガシク,Higashi-ku,西大寺新,サイダイジシン,Saidaiji Shin,,,,,,,,0,0,0,0,0,0,1,1,1947-04-17,,0,7048127,,,,,,,,,,,,,,,
331031,0037000,1,岡山県,オカヤマケン,Okayama,,,,岡山市,オカヤマシ,Okayama-shi,東区,ヒガシク,Higashi-ku,西大寺新地,サイダイジシンチ,Saidaiji Shinchi,,,,,,,,0,0,0,0,0,0,1,1,1947-04-17,,0,7048122,,,,,,,,,,,,,,,
331031,0038001,2,岡山県,オカヤマケン,Okayama,,,,岡山市,オカヤマシ,Okayama-shi,東区,ヒガシク,Higashi-ku,西大寺中,サイダイジナカ,Saidaiji Naka,一丁目,１チョウメ,1,,,,,1,1,0,0,0,0,1,1,1947-04-17,,0,,,,,,,,,,,,,,,,
331031,0038002,2,岡山県,オカヤマケン,Okayama,,,,岡山市,オカヤマシ,Okayama-shi,東区,ヒガシク,Higashi-ku,西大寺中,サイダイジナカ,Saidaiji Naka,二丁目,２チョウメ,2,,,,,1,1,0,0,0,0,1,1,1947-04-17,,0,,,,,,,,,,,,,,,,
331031,0038003,2,岡山県,オカヤマケン,Okayama,,,,岡山市,オカヤマシ,Okayama-shi,東区,ヒガシク,Higashi-ku,西大寺中,サイダイジナカ,Saidaiji Naka,三丁目,３チョウメ,3,,,,,1,1,0,0,0,0,1,1,1947-04-17,,0,,,,,,,,,,,,,,,,
331031,0039000,1,岡山県,オカヤマケン,Okayama,,,,岡山市,オカヤマシ,Okayama-shi,東区,ヒガシク,Higashi-ku,西大寺中野,サイダイジナカノ,Saidaiji Nakano,,,,,,,,0,0,0,0,0,0,1,1,1947-04-17,,0,7048191,,,,,,,,,,,,,,,
331031,0040000,1,岡山県,オカヤマケン,Okayama,,,,岡山市,オカヤマシ,Okayama-shi,東区,ヒガシク,Higashi-ku,西大寺中野本町,サイダイジナカノホンマチ,Saidaiji Nakanohommachi,,,,,,,,1,1,0,0,0,0,1,1,1947-04-17,,0,7048192,,,,,,,,,,,,,,,
331031,0041000,1,岡山県,オカヤマケン,Okayama,,,,岡山市,オカヤマシ,Okayama-shi,東区,ヒガシク,Higashi-ku,西大寺浜,サイダイジハマ,Saidaiji Hama,,,,,,,,0,0,0,0,0,0,1,1,1947-04-17,,0,7048126,,,,,,,,,,,,,,,
331031,0042001,2,岡山県,オカヤマケン,Okayama,,,,岡山市,オカヤマシ,Okayama-shi,東区,ヒガシク,Higashi-ku,西大寺東,サイダイジヒガシ,Saidaiji Higashi,一丁目,１チョウメ,1,,,,,1,1,0,0,0,0,1,1,1947-04-17,,0,,,,,,,,,,,,,,,,
331031,0042002,2,岡山県,オカヤマケン,Okayama,,,,岡山市,オカヤマシ,Okayama-shi,東区,ヒガシク,Higashi-ku,西大寺東,サイダイジヒガシ,Saidaiji Higashi,二丁目,２チョウメ,2,,,,,1,1,0,0,0,0,1,1,1947-04-17,,0,,,,,,,,,,,,,,,,
331031,0042003,2,岡山県,オカヤマケン,Okayama,,,,岡山市,オカヤマシ,Okayama-shi,東区,ヒガシク,Higashi-ku,西大寺東,サイダイジヒガシ,Saidaiji Higashi,三丁目,３チョウメ,3,,,,,1,1,0,0,0,0,1,1,1947-04-17,,0,,,,,,,,,,,,,,,,
331031,0043000,1,岡山県,オカヤマケン,Okayama,,,,岡山市,オカヤマシ,Okayama-shi,東区,ヒガシク,Higashi-ku,西大寺松崎,サイダイジマツザキ,Saidaiji Matsuzaki,,,,,,,,0,0,0,0,0,0,1,1,1947-04-17,,0,7048183,,,,,,,,,,,,,,,
331031,0044001,2,岡山県,オカヤマケン,Okayama,,,,岡山市,オカヤマシ,Okayama-shi,東区,ヒガシク,Higashi-ku,西大寺南,サイダイジミナミ,Saidaiji Minami,一丁目,１チョウメ,1,,,,,1,1,0,0,0,0,1,1,1947-04-17,,0,,,,,,,,,,,,,,,,
331031,0044002,2,岡山県,オカヤマケン,Okayama,,,,岡山市,オカヤマシ,Okayama-shi,東区,ヒガシク,Higashi-ku,西大寺南,サイダイジミナミ,Saidaiji Minami,二丁目,２チョウメ,2,,,,,1,1,0,0,0,0,1,1,1947-04-17,,0,,,,,,,,,,,,,,,,
331031,0045000,1,岡山県,オカヤマケン,Okayama,,,,岡山市,オカヤマシ,Okayama-shi,東区,ヒガシク,Higashi-ku,西大寺門前,サイダイジモンゼン,Saidaiji Monzen,,,,,,,,0,0,0,0,0,0,1,1,1947-04-17,,0,7048123,,,,,,,,,,,,,,,
331031,0046000,1,岡山県,オカヤマケン,Okayama,,,,岡山市,オカヤマシ,Okayama-shi,東区,ヒガシク,Higashi-ku,西隆寺,サイリュウジ,Sairyuji,,,,,,,,0,0,0,0,0,0,1,1,1947-04-17,,0,7048101,,,,,,,,,,,,,,,
331031,0047000,1,岡山県,オカヤマケン,Okayama,,,,岡山市,オカヤマシ,Okayama-shi,東区,ヒガシク,Higashi-ku,宍甘,シジカイ,Shijikai,,,,,,,,0,0,0,0,0,0,1,1,1947-04-17,,0,7038216,,,,,,,,,,,,,,,
331031,0048000,1,岡山県,オカヤマケン,Okayama,,,,岡山市,オカヤマシ,Okayama-shi,東区,ヒガシク,Higashi-ku,下阿知,シモアチ,Shimoachi,,,,,,,,0,0,0,0,0,0,1,1,1947-04-17,,0,7048141,,,,,,,,,,,,,,,
331031,0049000,1,岡山県,オカヤマケン,Okayama,,,,岡山市,オカヤマシ,Okayama-shi,東区,ヒガシク,Higashi-ku,宿毛,シュクモ,Shukumo,,,,,,,,0,0,0,0,0,0,1,1,1947-04-17,,0,7048133,,,,,,,,,,,,,,,
331031,0050000,1,岡山県,オカヤマケン,Okayama,,,,岡山市,オカヤマシ,Okayama-shi,東区,ヒガシク,Higashi-ku,上道北方,ジョウトウキタガタ,Jotokitagata,,,,,,,,0,0,0,0,0,0,1,1,1947-04-17,,0,7090625,,,,,,,,,,,,,,,
331031,0051001,2,岡山県,オカヤマケン,Okayama,,,,岡山市,オカヤマシ,Okayama-shi,東区,ヒガシク,Higashi-ku,城東台西,ジョウトウダイニシ,Jotodainishi,一丁目,１チョウメ,1,,,,,1,1,0,0,0,0,1,1,1947-04-17,,0,,,,,,,,,,,,,,,,
331031,0051002,2,岡山県,オカヤマケン,Okayama,,,,岡山市,オカヤマシ,Okayama-shi,東区,ヒガシク,Higashi-ku,城東台西,ジョウトウダイニシ,Jotodainishi,二丁目,２チョウメ,2,,,,,1,1,0,0,0,0,1,1,1947-04-17,,0,,,,,,,,,,,,,,,,
331031,0051003,2,岡山県,オカヤマケン,Okayama,,,,岡山市,オカヤマシ,Okayama-shi,東区,ヒガシク,Higashi-ku,城東台西,ジョウトウダイニシ,Jotodainishi,三丁目,３チョウメ,3,,,,,1,1,0,0,0,0,1,1,1947-04-17,,0,,,,,,,,,,,,,,,,
331031,0052001,2,岡山県,オカヤマケン,Okayama,,,,岡山市,オカヤマシ,Okayama-shi,東区,ヒガシク,Higashi-ku,城東台東,ジョウトウダイヒガシ,Jotodaihigashi,一丁目,１チョウメ,1,,,,,1,1,0,0,0,0,1,1,1947-04-17,,0,,,,,,,,,,,,,,,,
331031,0052002,2,岡山県,オカヤマケン,Okayama,,,,岡山市,オカヤマシ,Okayama-shi,東区,ヒガシク,Higashi-ku,城東台東,ジョウトウダイヒガシ,Jotodaihigashi,二丁目,２チョウメ,2,,,,,1,1,0,0,0,0,1,1,1947-04-17,,0,,,,,,,,,,,,,,,,
331031,0053001,2,岡山県,オカヤマケン,Okayama,,,,岡山市,オカヤマシ,Okayama-shi,東区,ヒガシク,Higashi-ku,城東台南,ジョウトウダイミナミ,Jotodaiminami,一丁目,１チョウメ,1,,,,,1,1,0,0,0,0,1,1,1947-04-17,,0,,,,,,,,,,,,,,,,
331031,0053002,2,岡山県,オカヤマケン,Okayama,,,,岡山市,オカヤマシ,Okayama-shi,東区,ヒガシク,Higashi-ku,城東台南,ジョウトウダイミナミ,Jotodaiminami,二丁目,２チョウメ,2,,,,,1,1,0,0,0,0,1,1,1947-04-17,,0,,,,,,,,,,,,,,,,
331031,0055000,1,岡山県,オカヤマケン,Okayama,,,,岡山市,オカヤマシ,Okayama-shi,東区,ヒガシク,Higashi-ku,砂場,スナバ,Sunaba,,,,,,,,0,0,0,0,0,0,1,1,1947-04-17,,0,7090634,,,,,,,,,,,,,,,
331031,0057001,2,岡山県,オカヤマケン,Okayama,,,,岡山市,オカヤマシ,Okayama-shi,東区,ヒガシク,Higashi-ku,瀬戸町旭ヶ丘,セトチョウアサヒガオカ,Setocho Asahigaoka,一丁目,１チョウメ,1,,,,,0,0,0,0,0,0,1,1,1947-04-17,,0,,,,,,,,,,,,,,,,
331031,0057002,2,岡山県,オカヤマケン,Okayama,,,,岡山市,オカヤマシ,Okayama-shi,東区,ヒガシク,Higashi-ku,瀬戸町旭ヶ丘,セトチョウアサヒガオカ,Setocho Asahigaoka,二丁目,２チョウメ,2,,,,,0,0,0,0,0,0,1,1,1947-04-17,,0,,,,,,,,,,,,,,,,
331031,0057003,2,岡山県,オカヤマケン,Okayama,,,,岡山市,オカヤマシ,Okayama-shi,東区,ヒガシク,Higashi-ku,瀬戸町旭ヶ丘,セトチョウアサヒガオカ,Setocho Asahigaoka,三丁目,３チョウメ,3,,,,,0,0,0,0,0,0,1,1,1947-04-17,,0,,,,,,,,,,,,,,,,
331031,0057004,2,岡山県,オカヤマケン,Okayama,,,,岡山市,オカヤマシ,Okayama-shi,東区,ヒガシク,Higashi-ku,瀬戸町旭ヶ丘,セトチョウアサヒガオカ,Setocho Asahigaoka,四丁目,４チョウメ,4,,,,,0,0,0,0,0,0,1,1,1947-04-17,,0,,,,,,,,,,,,,,,,
331031,0058000,1,岡山県,オカヤマケン,Okayama,,,,岡山市,オカヤマシ,Okayama-shi,東区,ヒガシク,Higashi-ku,瀬戸町江尻,セトチョウエジリ,Setocho Ejiri,,,,,,,,0,0,0,0,0,0,1,1,1947-04-17,,0,7090854,,,,,,,,,,,,,,,
331031,0059000,1,岡山県,オカヤマケン,Okayama,,,,岡山市,オカヤマシ,Okayama-shi,東区,ヒガシク,Higashi-ku,瀬戸町大内,セトチョウオオチ,Setocho Ochi,,,,,,,,0,0,0,0,0,0,1,1,1947-04-17,,0,7090851,,,,,,,,,,,,,,,
331031,0060000,1,岡山県,オカヤマケン,Okayama,,,,岡山市,オカヤマシ,Okayama-shi,東区,ヒガシク,Higashi-ku,瀬戸町沖,セトチョウオキ,Setocho Oki,,,,,,,,0,0,0,0,0,0,1,1,1947-04-17,,0,7090855,,,,,,,,,,,,,,,
331031,0061000,1,岡山県,オカヤマケン,Okayama,,,,岡山市,オカヤマシ,Okayama-shi,東区,ヒガシク,Higashi-ku,瀬戸町鍛冶屋,セトチョウカジヤ,Setocho Kajiya,,,,,,,,0,0,0,0,0,0,1,1,1947-04-17,,0,7090845,,,,,,,,,,,,,,,
331031,0062000,1,岡山県,オカヤマケン,Okayama,,,,岡山市,オカヤマシ,Okayama-shi,東区,ヒガシク,Higashi-ku,瀬戸町肩脊,セトチョウカタセ,Setocho Katase,,,,,,,,0,0,0,0,0,0,1,1,1947-04-17,,0,7090852,,,,,,,,,,,,,,,
331031,0063000,1,岡山県,オカヤマケン,Okayama,,,,岡山市,オカヤマシ,Okayama-shi,東区,ヒガシク,Higashi-ku,瀬戸町観音寺,セトチョウカンオンジ,Setocho Kanonji,,,,,,,,0,0,0,0,0,0,1,1,1947-04-17,,0,7090863,,,,,,,,,,,,,,,
331031,0064000,1,岡山県,オカヤマケン,Okayama,,,,岡山市,オカヤマシ,Okayama-shi,東区,ヒガシク,Higashi-ku,瀬戸町菊山,セトチョウキクヤマ,Setocho Kikuyama,,,,,,,,0,0,0,0,0,0,1,1,1947-04-17,,0,7090865,,,,,,,,,,,,,,,
331031,0065000,1,岡山県,オカヤマケン,Okayama,,,,岡山市,オカヤマシ,Okayama-shi,東区,ヒガシク,Higashi-ku,瀬戸町光明谷,セトチョウコウミョウタニ,Setocho Komyotani,,,,,,,,0,0,0,0,0,0,1,1,1947-04-17,,0,7090876,,,,,,,,,,,,,,,
331031,0066000,1,岡山県,オカヤマケン,Okayama,,,,岡山市,オカヤマシ,Okayama-shi,東区,ヒガシク,Higashi-ku,瀬戸町坂根,セトチョウサカネ,Setocho Sakane,,,,,,,,0,0,0,0,0,0,1,1,1947-04-17,,0,7090873,,,,,,,,,,,,,,,
331031,0067000,1,岡山県,オカヤマケン,Okayama,,,,岡山市,オカヤマシ,Okayama-shi,東区,ヒガシク,Higashi-ku,瀬戸町笹岡,セトチョウササオカ,Setocho Sasaoka,,,,,,,,0,0,0,0,0,0,1,1,1947-04-17,,0,7090862,,,,,,,,,,,,,,,
331031,0068000,1,岡山県,オカヤマケン,Okayama,,,,岡山市,オカヤマシ,Okayama-shi,東区,ヒガシク,Higashi-ku,瀬戸町塩納,セトチョウシオノウ,Setocho Shiono,,,,,,,,0,0,0,0,0,0,1,1,1947-04-17,,0,7090871,,,,,,,,,,,,,,,
331031,0069000,1,岡山県,オカヤマケン,Okayama,,,,岡山市,オカヤマシ,Okayama-shi,東区,ヒガシク,Higashi-ku,瀬戸町下,セトチョウシモ,Setocho Shimo,,,,,,,,0,0,0,0,0,0,1,1,1947-04-17,,0,7090856,,,,,,,,,,,,,,,
331031,0070000,1,岡山県,オカヤマケン,Okayama,,,,岡山市,オカヤマシ,Okayama-shi,東区,ヒガシク,Higashi-ku,瀬戸町宿奥,セトチョウシュクオク,Setocho Shukuoku,,,,,,,,0,0,0,0,0,0,1,1,1947-04-17,,0,7090864,,,,,,,,,,,,,,,
331031,0071000,1,岡山県,オカヤマケン,Okayama,,,,岡山市,オカヤマシ,Okayama-shi,東区,ヒガシク,Higashi-ku,瀬戸町瀬戸,セトチョウセト,Setocho Seto,,,,,,,,0,0,0,0,0,0,1,1,1947-04-17,,0,7090861,,,,,,,,,,,,,,,
331031,0072000,1,岡山県,オカヤマケン,Okayama,,,,岡山市,オカヤマシ,Okayama-shi,東区,ヒガシク,Higashi-ku,瀬戸町宗堂,セトチョウソウドウ,Setocho Sodo,,,,,,,,0,0,0,0,0,0,1,1,1947-04-17,,0,7090872,,,,,,,,,,,,,,,
331031,0073000,1,岡山県,オカヤマケン,Okayama,,,,岡山市,オカヤマシ,Okayama-shi,東区,ヒガシク,Higashi-ku,瀬戸町大井,セトチョウダイイ,Setocho Daii,,,,,,,,0,0,0,0,0,0,1,1,1947-04-17,,0,7090846,,,,,,,,,,,,,,,
331031,0074000,1,岡山県,オカヤマケン,Okayama,,,,岡山市,オカヤマシ,Okayama-shi,東区,ヒガシク,Higashi-ku,瀬戸町寺地,セトチョウテラジ,Setocho Teraji,,,,,,,,0,0,0,0,0,0,1,1,1947-04-17,,0,7090875,,,,,,,,,,,,,,,
331031,0075000,1,岡山県,オカヤマケン,Okayama,,,,岡山市,オカヤマシ,Okayama-shi,東区,ヒガシク,Higashi-ku,瀬戸町二日市,セトチョウフツカイチ,Setocho Futsukaichi,,,,,,,,0,0,0,0,0,0,1,1,1947-04-17,,0,7090842,,,,,,,,,,,,,,,
331031,0076000,1,岡山県,オカヤマケン,Okayama,,,,岡山市,オカヤマシ,Okayama-shi,東区,ヒガシク,Higashi-ku,瀬戸町万富,セトチョウマントミ,Setocho Mantomi,,,,,,,,0,0,0,0,0,0,1,1,1947-04-17,,0,7090841,,,,,,,,,,,,,,,
331031,0077000,1,岡山県,オカヤマケン,Okayama,,,,岡山市,オカヤマシ,Okayama-shi,東区,ヒガシク,Higashi-ku,瀬戸町南方,セトチョウミナミガタ,Setocho Minamigata,,,,,,,,0,0,0,0,0,0,1,1,1947-04-17,,0,7090844,,,,,,,,,,,,,,,
331031,0078000,1,岡山県,オカヤマケン,Okayama,,,,岡山市,オカヤマシ,Okayama-shi,東区,ヒガシク,Higashi-ku,瀬戸町森末,セトチョウモリスエ,Setocho Morisue,,,,,,,,0,0,0,0,0,0,1,1,1947-04-17,,0,7090874,,,,,,,,,,,,,,,
331031,0079000,1,岡山県,オカヤマケン,Okayama,,,,岡山市,オカヤマシ,Okayama-shi,東区,ヒガシク,Higashi-ku,瀬戸町弓削,セトチョウユゲ,Setocho Yuge,,,,,,,,0,0,0,0,0,0,1,1,1947-04-17,,0,7090843,,,,,,,,,,,,,,,
331031,0080000,1,岡山県,オカヤマケン,Okayama,,,,岡山市,オカヤマシ,Okayama-shi,東区,ヒガシク,Higashi-ku,千手,センジュ,Senju,,,,,,,,0,0,0,0,0,0,1,1,1947-04-17,,0,7048143,,,,,,,,,,,,,,,
331031,0081000,1,岡山県,オカヤマケン,Okayama,,,,岡山市,オカヤマシ,Okayama-shi,東区,ヒガシク,Higashi-ku,竹原,タケワラ,Takewara,,,,,,,,0,0,0,0,0,0,1,1,1947-04-17,,0,7090614,,,,,,,,,,,,,,,
331031,0082000,1,岡山県,オカヤマケン,Okayama,,,,岡山市,オカヤマシ,Okayama-shi,東区,ヒガシク,Higashi-ku,谷尻,タニシリ,Tanishiri,,,,,,,,0,0,0,0,0,0,1,1,1947-04-17,,0,7090636,,,,,,,,,,,,,,,
331031,0083000,1,岡山県,オカヤマケン,Okayama,,,,岡山市,オカヤマシ,Okayama-shi,東区,ヒガシク,Higashi-ku,寺山,テラヤマ,Terayama,,,,,,,,0,0,0,0,0,0,1,1,1947-04-17,,0,7090604,,,,,,,,,,,,,,,
331031,0084000,1,岡山県,オカヤマケン,Okayama,,,,岡山市,オカヤマシ,Okayama-shi,東区,ヒガシク,Higashi-ku,富崎,トミサキ,Tomisaki,,,,,,,,0,0,0,0,0,0,1,1,1947-04-17,,0,7048104,,,,,,,,,,,,,,,
331031,0085000,1,岡山県,オカヤマケン,Okayama,,,,岡山市,オカヤマシ,Okayama-shi,東区,ヒガシク,Higashi-ku,豊田,トヨタ,Toyota,,,,,,,,0,0,0,0,0,0,1,1,1947-04-17,,0,7048162,,,,,,,,,,,,,,,
331031,0086000,1,岡山県,オカヤマケン,Okayama,,,,岡山市,オカヤマシ,Okayama-shi,東区,ヒガシク,Higashi-ku,中尾,ナカオ,Nakao,,,,,,,,0,0,0,0,0,0,1,1,1947-04-17,,0,7090626,,,,,,,,,,,,,,,
331031,0087000,1,岡山県,オカヤマケン,Okayama,,,,岡山市,オカヤマシ,Okayama-shi,東区,ヒガシク,Higashi-ku,中川町,ナカガワチョウ,Nakagawacho,,,,,,,,0,0,0,0,0,0,1,1,1947-04-17,,0,7048176,,,,,,,,,,,,,,,
331031,0088000,1,岡山県,オカヤマケン,Okayama,,,,岡山市,オカヤマシ,Okayama-shi,東区,ヒガシク,Higashi-ku,長沼,ナガヌマ,Naganuma,,,,,,,,0,0,0,0,0,0,1,1,1947-04-17,,0,7048131,,,,,,,,,,,,,,,
331031,0089000,1,岡山県,オカヤマケン,Okayama,,,,岡山市,オカヤマシ,Okayama-shi,東区,ヒガシク,Higashi-ku,楢原,ナラバラ,Narabara,,,,,,,,0,0,0,0,0,0,1,1,1947-04-17,,0,7090611,,,,,,,,,,,,,,,
331031,0090000,1,岡山県,オカヤマケン,Okayama,,,,岡山市,オカヤマシ,Okayama-shi,東区,ヒガシク,Higashi-ku,西片岡,ニシカタオカ,Nishikataoka,,,,,,,,0,0,0,0,0,0,1,1,1947-04-17,,0,7048155,,,,,,,,,,,,,,,
331031,0091000,1,岡山県,オカヤマケン,Okayama,,,,岡山市,オカヤマシ,Okayama-shi,東区,ヒガシク,Higashi-ku,西幸西,ニシコウザイ,Nishikozai,,,,,,,,0,0,0,0,0,0,1,1,1947-04-17,,0,7048136,,,,,,,,,,,,,,,
331031,0092000,1,岡山県,オカヤマケン,Okayama,,,,岡山市,オカヤマシ,Okayama-shi,東区,ヒガシク,Higashi-ku,西庄,ニシショウ,Nishisho,,,,,,,,0,0,0,0,0,0,1,1,1947-04-17,,0,7048106,,,,,,,,,,,,,,,
331031,0093000,1,岡山県,オカヤマケン,Okayama,,,,岡山市,オカヤマシ,Okayama-shi,東区,ヒガシク,Higashi-ku,西平島,ニシヒラジマ,Nishihirajima,,,,,,,,0,0,0,0,0,0,1,1,1947-04-17,,0,7090633,,,,,,,,,,,,,,,
331031,0094000,1,岡山県,オカヤマケン,Okayama,,,,岡山市,オカヤマシ,Okayama-shi,東区,ヒガシク,Higashi-ku,沼,ヌマ,Numa,,,,,,,,0,0,0,0,0,0,1,1,1947-04-17,,0,7090621,,,,,,,,,,,,,,,
331031,0095000,1,岡山県,オカヤマケン,Okayama,,,,岡山市,オカヤマシ,Okayama-shi,東区,ヒガシク,Higashi-ku,東片岡,ヒガシカタオカ,Higashikataoka,,,,,,,,0,0,0,0,0,0,1,1,1947-04-17,,0,7048151,,,,,,,,,,,,,,,
331031,0096000,1,岡山県,オカヤマケン,Okayama,,,,岡山市,オカヤマシ,Okayama-shi,東区,ヒガシク,Higashi-ku,東幸西,ヒガシコウザイ,Higashikozai,,,,,,,,0,0,0,0,0,0,1,1,1947-04-17,,0,7048135,,,,,,,,,,,,,,,
331031,0097000,1,岡山県,オカヤマケン,Okayama,,,,岡山市,オカヤマシ,Okayama-shi,東区,ヒガシク,Higashi-ku,東幸崎,ヒガシコウザキ,Higashikozaki,,,,,,,,0,0,0,0,0,0,1,1,1947-04-17,,0,7048145,,,,,,,,,,,,,,,
331031,0098000,1,岡山県,オカヤマケン,Okayama,,,,岡山市,オカヤマシ,Okayama-shi,東区,ヒガシク,Higashi-ku,東平島,ヒガシヒラジマ,Higashihirajima,,,,,,,,0,0,0,0,0,0,1,1,1947-04-17,,0,7090631,,,,,,,,,,,,,,,
331031,0099000,1,岡山県,オカヤマケン,Okayama,,,,岡山市,オカヤマシ,Okayama-shi,東区,ヒガシク,Higashi-ku,一日市,ヒトイチ,Hitoichi,,,,,,,,0,0,0,0,0,0,1,1,1947-04-17,,0,7090602,,,,,,,,,,,,,,,
331031,0101000,1,岡山県,オカヤマケン,Okayama,,,,岡山市,オカヤマシ,Okayama-shi,東区,ヒガシク,Higashi-ku,福治,フクジ,Fukuji,,,,,,,,0,0,0,0,0,0,1,1,1947-04-17,,0,7048107,,,,,,,,,,,,,,,
331031,0102000,1,岡山県,オカヤマケン,Okayama,,,,岡山市,オカヤマシ,Okayama-shi,東区,ヒガシク,Higashi-ku,藤井,フジイ,Fujii,,,,,,,,0,0,0,0,0,0,1,1,1947-04-17,,0,7038213,,,,,,,,,,,,,,,
331031,0103001,2,岡山県,オカヤマケン,Okayama,,,,岡山市,オカヤマシ,Okayama-shi,東区,ヒガシク,Higashi-ku,富士見町,フジミチョウ,Fujimicho,一丁目,１チョウメ,1,,,,,1,1,0,0,0,0,1,1,1947-04-17,,0,,,,,,,,,,,,,,,,
331031,0104000,1,岡山県,オカヤマケン,Okayama,,,,岡山市,オカヤマシ,Okayama-shi,東区,ヒガシク,Higashi-ku,宝伝,ホウデン,Hoden,,,,,,,,0,0,0,0,0,0,1,1,1947-04-17,,0,7048152,,,,,,,,,,,,,,,
331031,0105000,1,岡山県,オカヤマケン,Okayama,,,,岡山市,オカヤマシ,Okayama-shi,東区,ヒガシク,Higashi-ku,正儀,マサキ,Masaki,,,,,,,,0,0,0,0,0,0,1,1,1947-04-17,,0,7048147,,,,,,,,,,,,,,,
331031,0106000,1,岡山県,オカヤマケン,Okayama,,,,岡山市,オカヤマシ,Okayama-shi,東区,ヒガシク,Higashi-ku,政津,マサツ,Masatsu,,,,,,,,0,0,0,0,0,0,1,1,1947-04-17,,0,7048165,,,,,,,,,,,,,,,
331031,0107000,1,岡山県,オカヤマケン,Okayama,,,,岡山市,オカヤマシ,Okayama-shi,東区,ヒガシク,Higashi-ku,升田,マスダ,Masuda,,,,,,,,0,0,0,0,0,0,1,1,1947-04-17,,0,7048163,,,,,,,,,,,,,,,
331031,0108000,1,岡山県,オカヤマケン,Okayama,,,,岡山市,オカヤマシ,Okayama-shi,東区,ヒガシク,Higashi-ku,益野町,マスノチョウ,Masunocho,,,,,,,,0,0,0,0,0,0,1,1,1947-04-17,,0,7048175,,,,,,,,,,,,,,,
331031,0109000,1,岡山県,オカヤマケン,Okayama,,,,岡山市,オカヤマシ,Okayama-shi,東区,ヒガシク,Higashi-ku,松新町,マツシンチョウ,Matsushincho,,,,,,,,0,0,0,0,0,0,1,1,1947-04-17,,0,7048174,,,,,,,,,,,,,,,
331031,0110000,1,岡山県,オカヤマケン,Okayama,,,,岡山市,オカヤマシ,Okayama-shi,東区,ヒガシク,Higashi-ku,南古都,ミナミコズ,Minamikozu,,,,,,,,0,0,0,0,0,0,1,1,1947-04-17,,0,7090632,,,,,,,,,,,,,,,
331031,0111000,1,岡山県,オカヤマケン,Okayama,,,,岡山市,オカヤマシ,Okayama-shi,東区,ヒガシク,Higashi-ku,南水門町,ミナミスイモンチョウ,Minamisuimoncho,,,,,,,,0,0,0,0,0,0,1,1,1947-04-17,,0,7048146,,,,,,,,,,,,,,,
331031,0112000,1,岡山県,オカヤマケン,Okayama,,,,岡山市,オカヤマシ,Okayama-shi,東区,ヒガシク,Higashi-ku,向州,ムコウス,Mukosu,,,,,,,,1,1,0,0,0,0,1,1,1947-04-17,,0,7048115,,,,,,,,,,,,,,,
331031,0113000,1,岡山県,オカヤマケン,Okayama,,,,岡山市,オカヤマシ,Okayama-shi,東区,ヒガシク,Higashi-ku,目黒町,メグロチョウ,Megurocho,,,,,,,,0,0,0,0,0,0,1,1,1947-04-17,,0,7048171,,,,,,,,,,,,,,,
331031,0114000,1,岡山県,オカヤマケン,Okayama,,,,岡山市,オカヤマシ,Okayama-shi,東区,ヒガシク,Higashi-ku,百枝月,モモエヅキ,Momoezuki,,,,,,,,0,0,0,0,0,0,1,1,1947-04-17,,0,7090613,,,,,,,,,,,,,,,
331031,0115000,1,岡山県,オカヤマケン,Okayama,,,,岡山市,オカヤマシ,Okayama-shi,東区,ヒガシク,Higashi-ku,矢井,ヤイ,Yai,,,,,,,,0,0,0,0,0,0,1,1,1947-04-17,,0,7090606,,,,,,,,,,,,,,,
331031,0116000,1,岡山県,オカヤマケン,Okayama,,,,岡山市,オカヤマシ,Okayama-shi,東区,ヒガシク,Higashi-ku,矢津,ヤヅ,Yazu,,,,,,,,0,0,0,0,0,0,1,1,1947-04-17,,0,7038211,,,,,,,,,,,,,,,
331031,0117000,1,岡山県,オカヤマケン,Okayama,,,,岡山市,オカヤマシ,Okayama-shi,東区,ヒガシク,Higashi-ku,吉井,ヨシイ,Yoshii,,,,,,,,0,0,0,0,0,0,1,1,1947-04-17,,0,7090601,,,,,,,,,,,,,,,
331031,0118000,1,岡山県,オカヤマケン,Okayama,,,,岡山市,オカヤマシ,Okayama-shi,東区,ヒガシク,Higashi-ku,吉原,ヨシワラ,Yoshiwara,,,,,,,,0,0,0,0,0,0,1,1,1947-04-17,,0,7048105,,,,,,,,,,,,,,,
331031,0119000,1,岡山県,オカヤマケン,Okayama,,,,岡山市,オカヤマシ,Okayama-shi,東区,ヒガシク,Higashi-ku,浦間,ウラマ,,,,,,,,,0,0,0,0,0,0,1,0,1947-04-17,,1,,,,,,,,,,,,,,,,
331031,0121000,1,岡山県,オカヤマケン,Okayama,,,,岡山市,オカヤマシ,Okayama-shi,東区,ヒガシク,Higashi-ku,西祖,セイソ,,,,,,,,,0,0,0,0,0,0,1,0,1947-04-17,,1,,,,,,,,,,,,,,,,
331031,0142000,1,岡山県,オカヤマケン,Okayama,,,,岡山市,オカヤマシ,Okayama-shi,東区,ヒガシク,Higashi-ku,久保,クボ,,,,,,,,,0,0,0,0,0,0,1,0,1947-04-17,,1,,,,,,,,,,,,,,,,
331031,0143000,1,岡山県,オカヤマケン,Okayama,,,,岡山市,オカヤマシ,Okayama-shi,東区,ヒガシク,Higashi-ku,古都宿,コズシュク,,,,,,,,,0,0,0,0,0,0,1,0,1947-04-17,,1,,,,,,,,,,,,,,,,
331031,0144000,1,岡山県,オカヤマケン,Okayama,,,,岡山市,オカヤマシ,Okayama-shi,東区,ヒガシク,Higashi-ku,広谷,ヒロタニ,,,,,,,,,0,0,0,0,0,0,1,0,1947-04-17,,1,,,,,,,,,,,,,,,,
331031,0145000,1,岡山県,オカヤマケン,Okayama,,,,岡山市,オカヤマシ,Okayama-shi,東区,ヒガシク,Higashi-ku,水門町,スイモンチョウ,,,,,,,,,0,0,0,0,0,0,1,0,1947-04-17,,1,,,,,,,,,,,,,,,,
331031,0146000,1,岡山県,オカヤマケン,Okayama,,,,岡山市,オカヤマシ,Okayama-shi,東区,ヒガシク,Higashi-ku,邑久郷,オクノゴウ,,,,,,,,,0,0,0,0,0,0,1,0,1947-04-17,,1,,,,,,,,,,,,,,,,
331040,0001006,2,岡山県,オカヤマケン,Okayama,,,,岡山市,オカヤマシ,Okayama-shi,南区,ミナミク,Minami-ku,青江,アオエ,Aoe,六丁目,６チョウメ,6,,,,,1,1,0,0,0,0,1,1,1947-04-17,,0,,,,,,,,,,,,,,,,
331040,0003000,1,岡山県,オカヤマケン,Okayama,,,,岡山市,オカヤマシ,Okayama-shi,南区,ミナミク,Minami-ku,あけぼの町,アケボノチョウ,Akebonocho,,,,,,,,1,1,0,0,0,0,1,1,1947-04-17,,0,7028057,,,,,,,,,,,,,,,
331040,0006000,1,岡山県,オカヤマケン,Okayama,,,,岡山市,オカヤマシ,Okayama-shi,南区,ミナミク,Minami-ku,泉田,イズミダ,Izumida,,,,,,,,0,0,0,0,0,0,1,1,1947-04-17,,0,7000944,,,,,,,,,,,,,,,
331040,0006001,2,岡山県,オカヤマケン,Okayama,,,,岡山市,オカヤマシ,Okayama-shi,南区,ミナミク,Minami-ku,泉田,イズミダ,Izumida,一丁目,１チョウメ,1,,,,,1,1,0,0,0,0,1,1,1947-04-17,,0,,,,,,,,,,,,,,,,
331040,0006002,2,岡山県,オカヤマケン,Okayama,,,,岡山市,オカヤマシ,Okayama-shi,南区,ミナミク,Minami-ku,泉田,イズミダ,Izumida,二丁目,２チョウメ,2,,,,,1,1,0,0,0,0,1,1,1947-04-17,,0,,,,,,,,,,,,,,,,
331040,0006003,2,岡山県,オカヤマケン,Okayama,,,,岡山市,オカヤマシ,Okayama-shi,南区,ミナミク,Minami-ku,泉田,イズミダ,Izumida,三丁目,３チョウメ,3,,,,,1,1,0,0,0,0,1,1,1947-04-17,,0,,,,,,,,,,,,,,,,
331040,0006004,2,岡山県,オカヤマケン,Okayama,,,,岡山市,オカヤマシ,Okayama-shi,南区,ミナミク,Minami-ku,泉田,イズミダ,Izumida,四丁目,４チョウメ,4,,,,,1,1,0,0,0,0,1,1,1947-04-17,,0,,,,,,,,,,,,,,,,
331040,0006005,2,岡山県,オカヤマケン,Okayama,,,,岡山市,オカヤマシ,Okayama-shi,南区,ミナミク,Minami-ku,泉田,イズミダ,Izumida,五丁目,５チョウメ,5,,,,,1,1,0,0,0,0,1,1,1947-04-17,,0,,,,,,,,,,,,,,,,
331040,0007000,1,岡山県,オカヤマケン,Okayama,,,,岡山市,オカヤマシ,Okayama-shi,南区,ミナミク,Minami-ku,植松,ウエマツ,Uematsu,,,,,,,,0,0,0,0,0,0,1,1,1947-04-17,,0,7100151,,,,,,,,,,,,,,,
331040,0008000,1,岡山県,オカヤマケン,Okayama,,,,岡山市,オカヤマシ,Okayama-shi,南区,ミナミク,Minami-ku,内尾,ウチオ,Uchio,,,,,,,,0,0,0,0,0,0,1,1,1947-04-17,,0,7010212,,,,,,,,,,,,,,,
331040,0009000,1,岡山県,オカヤマケン,Okayama,,,,岡山市,オカヤマシ,Okayama-shi,南区,ミナミク,Minami-ku,浦安西町,ウラヤスニシマチ,Urayasu Nishimachi,,,,,,,,0,0,0,0,0,0,1,1,1947-04-17,,0,7028025,,,,,,,,,,,,,,,
331040,0010000,1,岡山県,オカヤマケン,Okayama,,,,岡山市,オカヤマシ,Okayama-shi,南区,ミナミク,Minami-ku,浦安本町,ウラヤスホンマチ,Urayasu Hommachi,,,,,,,,0,0,0,0,0,0,1,1,1947-04-17,,0,7028026,,,,,,,,,,,,,,,
331040,0011000,1,岡山県,オカヤマケン,Okayama,,,,岡山市,オカヤマシ,Okayama-shi,南区,ミナミク,Minami-ku,浦安南町,ウラヤスミナミマチ,Urayasu Minamimachi,,,,,,,,0,0,0,0,0,0,1,1,1947-04-17,,0,7028024,,,,,,,,,,,,,,,
331040,0012000,1,岡山県,オカヤマケン,Okayama,,,,岡山市,オカヤマシ,Okayama-shi,南区,ミナミク,Minami-ku,大福,オオフク,Ofuku,,,,,,,,0,0,0,0,0,0,1,1,1947-04-17,,0,7010204,,,,,,,,,,,,,,,
331040,0013000,1,岡山県,オカヤマケン,Okayama,,,,岡山市,オカヤマシ,Okayama-shi,南区,ミナミク,Minami-ku,奥迫川,オクハザカワ,Okuhazakawa,,,,,,,,0,0,0,0,0,0,1,1,1947-04-17,,0,7091212,,,,,,,,,,,,,,,
331040,0014001,2,岡山県,オカヤマケン,Okayama,,,,岡山市,オカヤマシ,Okayama-shi,南区,ミナミク,Minami-ku,海岸通,カイガンドオリ,Kaigandori,一丁目,１チョウメ,1,,,,,1,1,0,0,0,0,1,1,1947-04-17,,0,,,,,,,,,,,,,,,,
331040,0014002,2,岡山県,オカヤマケン,Okayama,,,,岡山市,オカヤマシ,Okayama-shi,南区,ミナミク,Minami-ku,海岸通,カイガンドオリ,Kaigandori,二丁目,２チョウメ,2,,,,,1,1,0,0,0,0,1,1,1947-04-17,,0,,,,,,,,,,,,,,,,
331040,0015000,1,岡山県,オカヤマケン,Okayama,,,,岡山市,オカヤマシ,Okayama-shi,南区,ミナミク,Minami-ku,片岡,カタオカ,Kataoka,,,,,,,,0,0,0,0,0,0,1,1,1947-04-17,,0,7091215,,,,,,,,,,,,,,,
331040,0016000,1,岡山県,オカヤマケン,Okayama,,,,岡山市,オカヤマシ,Okayama-shi,南区,ミナミク,Minami-ku,川張,カワハリ,Kawahari,,,,,,,,0,0,0,0,0,0,1,1,1947-04-17,,0,7091214,,,,,,,,,,,,,,,
331040,0017000,1,岡山県,オカヤマケン,Okayama,,,,岡山市,オカヤマシ,Okayama-shi,南区,ミナミク,Minami-ku,北浦,キタウラ,Kitaura,,,,,,,,0,0,0,0,0,0,1,1,1947-04-17,,0,7028012,,,,,,,,,,,,,,,
331040,0018000,1,岡山県,オカヤマケン,Okayama,,,,岡山市,オカヤマシ,Okayama-shi,南区,ミナミク,Minami-ku,北七区,キタナナク,Kitananaku,,,,,,,,0,0,0,0,0,0,1,1,1947-04-17,,0,7091201,,,,,,,,,,,,,,,
331040,0021000,1,岡山県,オカヤマケン,Okayama,,,,岡山市,オカヤマシ,Okayama-shi,南区,ミナミク,Minami-ku,古新田,コシンデン,Koshinden,,,,,,,,0,0,0,0,0,0,1,1,1947-04-17,,0,7010203,,,,,,,,,,,,,,,
331040,0022001,2,岡山県,オカヤマケン,Okayama,,,,岡山市,オカヤマシ,Okayama-shi,南区,ミナミク,Minami-ku,市場,シジョウ,Shijo,一丁目,１チョウメ,1,,,,,0,0,0,0,0,0,1,1,1947-04-17,,0,,,,,,,,,,,,,,,,
331040,0022002,2,岡山県,オカヤマケン,Okayama,,,,岡山市,オカヤマシ,Okayama-shi,南区,ミナミク,Minami-ku,市場,シジョウ,Shijo,二丁目,２チョウメ,2,,,,,0,0,0,0,0,0,1,1,1947-04-17,,0,,,,,,,,,,,,,,,,
331040,0023000,1,岡山県,オカヤマケン,Okayama,,,,岡山市,オカヤマシ,Okayama-shi,南区,ミナミク,Minami-ku,下中野,シモナカノ,Shimonakano,,,,,,,,0,0,0,0,0,0,1,1,1947-04-17,,0,7000973,,,,,,,,,,,,,,,
331040,0024001,2,岡山県,オカヤマケン,Okayama,,,,岡山市,オカヤマシ,Okayama-shi,南区,ミナミク,Minami-ku,新福,シンプク,Shimpuku,一丁目,１チョウメ,1,,,,,1,1,0,0,0,0,1,1,1947-04-17,,0,,,,,,,,,,,,,,,,
331040,0024002,2,岡山県,オカヤマケン,Okayama,,,,岡山市,オカヤマシ,Okayama-shi,南区,ミナミク,Minami-ku,新福,シンプク,Shimpuku,二丁目,２チョウメ,2,,,,,1,1,0,0,0,0,1,1,1947-04-17,,0,,,,,,,,,,,,,,,,
331040,0025000,1,岡山県,オカヤマケン,Okayama,,,,岡山市,オカヤマシ,Okayama-shi,南区,ミナミク,Minami-ku,新保,シンボウ,Shimbo,,,,,,,,0,0,0,0,0,0,1,1,1947-04-17,,0,7000945,,,,,,,,,,,,,,,
331040,0026000,1,岡山県,オカヤマケン,Okayama,,,,岡山市,オカヤマシ,Okayama-shi,南区,ミナミク,Minami-ku,洲崎,,,,,,,,,,0,0,0,0,0,0,1,0,1947-04-17,,1,,,,,,,,,,,,,,,,
331040,0026001,2,岡山県,オカヤマケン,Okayama,,,,岡山市,オカヤマシ,Okayama-shi,南区,ミナミク,Minami-ku,洲崎,スザキ,Suzaki,一丁目,１チョウメ,1,,,,,1,1,0,0,0,0,1,1,1947-04-17,,0,,,,,,,,,,,,,,,,
331040,0026002,2,岡山県,オカヤマケン,Okayama,,,,岡山市,オカヤマシ,Okayama-shi,南区,ミナミク,Minami-ku,洲崎,スザキ,Suzaki,二丁目,２チョウメ,2,,,,,1,1,0,0,0,0,1,1,1947-04-17,,0,,,,,,,,,,,,,,,,
331040,0026003,2,岡山県,オカヤマケン,Okayama,,,,岡山市,オカヤマシ,Okayama-shi,南区,ミナミク,Minami-ku,洲崎,スザキ,Suzaki,三丁目,３チョウメ,3,,,,,1,1,0,0,0,0,1,1,1947-04-17,,0,,,,,,,,,,,,,,,,
331040,0027000,1,岡山県,オカヤマケン,Okayama,,,,岡山市,オカヤマシ,Okayama-shi,南区,ミナミク,Minami-ku,妹尾,セノオ,Seno,,,,,,,,0,0,0,0,0,0,1,1,1947-04-17,,0,7010205,,,,,,,,,,,,,,,
331040,0028000,1,岡山県,オカヤマケン,Okayama,,,,岡山市,オカヤマシ,Okayama-shi,南区,ミナミク,Minami-ku,妹尾崎,セノオザキ,Senozaki,,,,,,,,0,0,0,0,0,0,1,1,1947-04-17,,0,7010201,,,,,,,,,,,,,,,
331040,0029000,1,岡山県,オカヤマケン,Okayama,,,,岡山市,オカヤマシ,Okayama-shi,南区,ミナミク,Minami-ku,宗津,ソウヅ,Sozu,,,,,,,,0,0,0,0,0,0,1,1,1947-04-17,,0,7091216,,,,,,,,,,,,,,,
331040,0030000,1,岡山県,オカヤマケン,Okayama,,,,岡山市,オカヤマシ,Okayama-shi,南区,ミナミク,Minami-ku,曽根,ソネ,Sone,,,,,,,,0,0,0,0,0,0,1,1,1947-04-17,,0,7010214,,,,,,,,,,,,,,,
331040,0031000,1,岡山県,オカヤマケン,Okayama,,,,岡山市,オカヤマシ,Okayama-shi,南区,ミナミク,Minami-ku,立川町,タチカワチョウ,Tachikawacho,,,,,,,,1,1,0,0,0,0,1,1,1947-04-17,,0,7028046,,,,,,,,,,,,,,,
331040,0032000,1,岡山県,オカヤマケン,Okayama,,,,岡山市,オカヤマシ,Okayama-shi,南区,ミナミク,Minami-ku,築港栄町,チッコウサカエマチ,Chikko Sakaemachi,,,,,,,,0,0,0,0,0,0,1,1,1947-04-17,,0,7028053,,,,,,,,,,,,,,,
331040,0032000,1,岡山県,オカヤマケン,Okayama,,,,岡山市,オカヤマシ,Okayama-shi,南区,ミナミク,Minami-ku,築港栄町,チッコウサカエマチ,Chikko Sakaemachi,,,,,,,,1,1,0,0,0,0,1,1,1947-04-17,,0,7028053,,,,,,,,,,,,,,,
331040,0033000,1,岡山県,オカヤマケン,Okayama,,,,岡山市,オカヤマシ,Okayama-shi,南区,ミナミク,Minami-ku,築港新町,,,,,,,,,,0,0,0,0,0,0,1,0,1947-04-17,,1,,,,,,,,,,,,,,,,
331040,0033001,2,岡山県,オカヤマケン,Okayama,,,,岡山市,オカヤマシ,Okayama-shi,南区,ミナミク,Minami-ku,築港新町,チッコウシンマチ,Chikko Shimmachi,一丁目,１チョウメ,1,,,,,1,1,0,0,0,0,1,1,1947-04-17,,0,,,,,,,,,,,,,,,,
331040,0033002,2,岡山県,オカヤマケン,Okayama,,,,岡山市,オカヤマシ,Okayama-shi,南区,ミナミク,Minami-ku,築港新町,チッコウシンマチ,Chikko Shimmachi,二丁目,２チョウメ,2,,,,,1,1,0,0,0,0,1,1,1947-04-17,,0,,,,,,,,,,,,,,,,
331040,0034000,1,岡山県,オカヤマケン,Okayama,,,,岡山市,オカヤマシ,Okayama-shi,南区,ミナミク,Minami-ku,築港ひかり町,チッコウヒカリマチ,Chikko Hikarimachi,,,,,,,,1,1,0,0,0,0,1,1,1947-04-17,,0,7028054,,,,,,,,,,,,,,,
331040,0035000,1,岡山県,オカヤマケン,Okayama,,,,岡山市,オカヤマシ,Okayama-shi,南区,ミナミク,Minami-ku,築港緑町,,,,,,,,,,0,0,0,0,0,0,1,0,1947-04-17,,1,,,,,,,,,,,,,,,,
331040,0035001,2,岡山県,オカヤマケン,Okayama,,,,岡山市,オカヤマシ,Okayama-shi,南区,ミナミク,Minami-ku,築港緑町,チッコウミドリマチ,Chikko Midorimachi,一丁目,１チョウメ,1,,,,,1,1,0,0,0,0,1,1,1947-04-17,,0,,,,,,,,,,,,,,,,
331040,0035002,2,岡山県,オカヤマケン,Okayama,,,,岡山市,オカヤマシ,Okayama-shi,南区,ミナミク,Minami-ku,築港緑町,チッコウミドリマチ,Chikko Midorimachi,二丁目,２チョウメ,2,,,,,0,0,0,0,0,0,1,1,1947-04-17,,0,,,,,,,,,,,,,,,,
331040,0035002,2,岡山県,オカヤマケン,Okayama,,,,岡山市,オカヤマシ,Okayama-shi,南区,ミナミク,Minami-ku,築港緑町,チッコウミドリマチ,Chikko Midorimachi,二丁目,２チョウメ,2,,,,,1,1,0,0,0,0,1,1,1947-04-17,,0,,,,,,,,,,,,,,,,
331040,0035003,2,岡山県,オカヤマケン,Okayama,,,,岡山市,オカヤマシ,Okayama-shi,南区,ミナミク,Minami-ku,築港緑町,チッコウミドリマチ,Chikko Midorimachi,三丁目,３チョウメ,3,,,,,0,0,0,0,0,0,1,1,1947-04-17,,0,,,,,,,,,,,,,,,,
331040,0035003,2,岡山県,オカヤマケン,Okayama,,,,岡山市,オカヤマシ,Okayama-shi,南区,ミナミク,Minami-ku,築港緑町,チッコウミドリマチ,Chikko Midorimachi,三丁目,３チョウメ,3,,,,,1,1,0,0,0,0,1,1,1947-04-17,,0,,,,,,,,,,,,,,,,
331040,0036000,1,岡山県,オカヤマケン,Okayama,,,,岡山市,オカヤマシ,Okayama-shi,南区,ミナミク,Minami-ku,築港元町,チッコウモトマチ,Chikko Motomachi,,,,,,,,1,1,0,0,0,0,1,1,1947-04-17,,0,7028051,,,,,,,,,,,,,,,
331040,0037000,1,岡山県,オカヤマケン,Okayama,,,,岡山市,オカヤマシ,Okayama-shi,南区,ミナミク,Minami-ku,千鳥町,チドリチョウ,Chidoricho,,,,,,,,1,1,0,0,0,0,1,1,1947-04-17,,0,7028037,,,,,,,,,,,,,,,
331040,0039000,1,岡山県,オカヤマケン,Okayama,,,,岡山市,オカヤマシ,Okayama-shi,南区,ミナミク,Minami-ku,富浜町,トミハマチョウ,Tomihamacho,,,,,,,,1,1,0,0,0,0,1,1,1947-04-17,,0,7028041,,,,,,,,,,,,,,,
331040,0040000,1,岡山県,オカヤマケン,Okayama,,,,岡山市,オカヤマシ,Okayama-shi,南区,ミナミク,Minami-ku,豊成,トヨナリ,Toyonari,,,,,,,,0,0,0,0,0,0,1,1,1947-04-17,,0,7000942,,,,,,,,,,,,,,,
331040,0040001,2,岡山県,オカヤマケン,Okayama,,,,岡山市,オカヤマシ,Okayama-shi,南区,ミナミク,Minami-ku,豊成,トヨナリ,Toyonari,一丁目,１チョウメ,1,,,,,1,1,0,0,0,0,1,1,1947-04-17,,0,,,,,,,,,,,,,,,,
331040,0040002,2,岡山県,オカヤマケン,Okayama,,,,岡山市,オカヤマシ,Okayama-shi,南区,ミナミク,Minami-ku,豊成,トヨナリ,Toyonari,二丁目,２チョウメ,2,,,,,1,1,0,0,0,0,1,1,1947-04-17,,0,,,,,,,,,,,,,,,,
331040,0040003,2,岡山県,オカヤマケン,Okayama,,,,岡山市,オカヤマシ,Okayama-shi,南区,ミナミク,Minami-ku,豊成,トヨナリ,Toyonari,三丁目,３チョウメ,3,,,,,1,1,0,0,0,0,1,1,1947-04-17,,0,,,,,,,,,,,,,,,,
331040,0041000,1,岡山県,オカヤマケン,Okayama,,,,岡山市,オカヤマシ,Okayama-shi,南区,ミナミク,Minami-ku,豊浜町,トヨハマチョウ,Toyohamacho,,,,,,,,1,1,0,0,0,0,1,1,1947-04-17,,0,7000853,,,,,,,,,,,,,,,
331040,0042000,1,岡山県,オカヤマケン,Okayama,,,,岡山市,オカヤマシ,Okayama-shi,南区,ミナミク,Minami-ku,中畦,ナカウネ,Nakaune,,,,,,,,0,0,0,0,0,0,1,1,1947-04-17,,0,7010213,,,,,,,,,,,,,,,
331040,0043001,2,岡山県,オカヤマケン,Okayama,,,,岡山市,オカヤマシ,Okayama-shi,南区,ミナミク,Minami-ku,並木町,ナミキチョウ,Namikicho,一丁目,１チョウメ,1,,,,,1,1,0,0,0,0,1,1,1947-04-17,,0,,,,,,,,,,,,,,,,
331040,0043002,2,岡山県,オカヤマケン,Okayama,,,,岡山市,オカヤマシ,Okayama-shi,南区,ミナミク,Minami-ku,並木町,ナミキチョウ,Namikicho,二丁目,２チョウメ,2,,,,,1,1,0,0,0,0,1,1,1947-04-17,,0,,,,,,,,,,,,,,,,
331040,0044001,2,岡山県,オカヤマケン,Okayama,,,,岡山市,オカヤマシ,Okayama-shi,南区,ミナミク,Minami-ku,南輝,ナンキ,Nanki,一丁目,１チョウメ,1,,,,,1,1,0,0,0,0,1,1,1947-04-17,,0,,,,,,,,,,,,,,,,
331040,0044002,2,岡山県,オカヤマケン,Okayama,,,,岡山市,オカヤマシ,Okayama-shi,南区,ミナミク,Minami-ku,南輝,ナンキ,Nanki,二丁目,２チョウメ,2,,,,,1,1,0,0,0,0,1,1,1947-04-17,,0,,,,,,,,,,,,,,,,
331040,0044003,2,岡山県,オカヤマケン,Okayama,,,,岡山市,オカヤマシ,Okayama-shi,南区,ミナミク,Minami-ku,南輝,ナンキ,Nanki,三丁目,３チョウメ,3,,,,,1,1,0,0,0,0,1,1,1947-04-17,,0,,,,,,,,,,,,,,,,
331040,0045000,1,岡山県,オカヤマケン,Okayama,,,,岡山市,オカヤマシ,Okayama-shi,南区,ミナミク,Minami-ku,西市,ニシイチ,Nishiichi,,,,,,,,0,0,0,0,0,0,1,1,1947-04-17,,0,7000953,,,,,,,,,,,,,,,
331040,0046000,1,岡山県,オカヤマケン,Okayama,,,,岡山市,オカヤマシ,Okayama-shi,南区,ミナミク,Minami-ku,西畦,ニシウネ,Nishiune,,,,,,,,0,0,0,0,0,0,1,1,1947-04-17,,0,7010215,,,,,,,,,,,,,,,
331040,0047000,1,岡山県,オカヤマケン,Okayama,,,,岡山市,オカヤマシ,Okayama-shi,南区,ミナミク,Minami-ku,西紅陽台,,,,,,,,,,0,0,0,0,0,0,1,0,1947-04-17,,1,,,,,,,,,,,,,,,,
331040,0047001,2,岡山県,オカヤマケン,Okayama,,,,岡山市,オカヤマシ,Okayama-shi,南区,ミナミク,Minami-ku,西紅陽台,ニシコウヨウダイ,Nishikoyodai,一丁目,１チョウメ,1,,,,,0,0,0,0,0,0,1,1,1947-04-17,,0,,,,,,,,,,,,,,,,
331040,0047002,2,岡山県,オカヤマケン,Okayama,,,,岡山市,オカヤマシ,Okayama-shi,南区,ミナミク,Minami-ku,西紅陽台,ニシコウヨウダイ,Nishikoyodai,二丁目,２チョウメ,2,,,,,0,0,0,0,0,0,1,1,1947-04-17,,0,,,,,,,,,,,,,,,,
331040,0047003,2,岡山県,オカヤマケン,Okayama,,,,岡山市,オカヤマシ,Okayama-shi,南区,ミナミク,Minami-ku,西紅陽台,ニシコウヨウダイ,Nishikoyodai,三丁目,３チョウメ,3,,,,,0,0,0,0,0,0,1,1,1947-04-17,,0,,,,,,,,,,,,,,,,
331040,0048000,1,岡山県,オカヤマケン,Okayama,,,,岡山市,オカヤマシ,Okayama-shi,南区,ミナミク,Minami-ku,西高崎,ニシタカサキ,Nishitakasaki,,,,,,,,0,0,0,0,0,0,1,1,1947-04-17,,0,7091204,,,,,,,,,,,,,,,
331040,0049000,1,岡山県,オカヤマケン,Okayama,,,,岡山市,オカヤマシ,Okayama-shi,南区,ミナミク,Minami-ku,西七区,ニシナナク,Nishinanaku,,,,,,,,0,0,0,0,0,0,1,1,1947-04-17,,0,7091202,,,,,,,,,,,,,,,
331040,0050000,1,岡山県,オカヤマケン,Okayama,,,,岡山市,オカヤマシ,Okayama-shi,南区,ミナミク,Minami-ku,迫川,ハザカワ,Hazakawa,,,,,,,,0,0,0,0,0,0,1,1,1947-04-17,,0,7091211,,,,,,,,,,,,,,,
331040,0051000,1,岡山県,オカヤマケン,Okayama,,,,岡山市,オカヤマシ,Okayama-shi,南区,ミナミク,Minami-ku,浜野,,,,,,,,,,0,0,0,0,0,0,1,0,1947-04-17,,1,,,,,,,,,,,,,,,,
331040,0051001,2,岡山県,オカヤマケン,Okayama,,,,岡山市,オカヤマシ,Okayama-shi,南区,ミナミク,Minami-ku,浜野,ハマノ,Hamano,一丁目,１チョウメ,1,,,,,1,1,0,0,0,0,1,1,1947-04-17,,0,,,,,,,,,,,,,,,,
331040,0051002,2,岡山県,オカヤマケン,Okayama,,,,岡山市,オカヤマシ,Okayama-shi,南区,ミナミク,Minami-ku,浜野,ハマノ,Hamano,二丁目,２チョウメ,2,,,,,1,1,0,0,0,0,1,1,1947-04-17,,0,,,,,,,,,,,,,,,,
331040,0051003,2,岡山県,オカヤマケン,Okayama,,,,岡山市,オカヤマシ,Okayama-shi,南区,ミナミク,Minami-ku,浜野,ハマノ,Hamano,三丁目,３チョウメ,3,,,,,1,1,0,0,0,0,1,1,1947-04-17,,0,,,,,,,,,,,,,,,,
331040,0051004,2,岡山県,オカヤマケン,Okayama,,,,岡山市,オカヤマシ,Okayama-shi,南区,ミナミク,Minami-ku,浜野,ハマノ,Hamano,四丁目,４チョウメ,4,,,,,1,1,0,0,0,0,1,1,1947-04-17,,0,,,,,,,,,,,,,,,,
331040,0052000,1,岡山県,オカヤマケン,Okayama,,,,岡山市,オカヤマシ,Okayama-shi,南区,ミナミク,Minami-ku,東畦,ヒガシウネ,Higashiune,,,,,,,,0,0,0,0,0,0,1,1,1947-04-17,,0,7010211,,,,,,,,,,,,,,,
331040,0053000,1,岡山県,オカヤマケン,Okayama,,,,岡山市,オカヤマシ,Okayama-shi,南区,ミナミク,Minami-ku,彦崎,ヒコサキ,Hikosaki,,,,,,,,0,0,0,0,0,0,1,1,1947-04-17,,0,7091213,,,,,,,,,,,,,,,
331040,0054001,2,岡山県,オカヤマケン,Okayama,,,,岡山市,オカヤマシ,Okayama-shi,南区,ミナミク,Minami-ku,平福,ヒラフク,Hirafuku,一丁目,１チョウメ,1,,,,,1,1,0,0,0,0,1,1,1947-04-17,,0,,,,,,,,,,,,,,,,
331040,0054002,2,岡山県,オカヤマケン,Okayama,,,,岡山市,オカヤマシ,Okayama-shi,南区,ミナミク,Minami-ku,平福,ヒラフク,Hirafuku,二丁目,２チョウメ,2,,,,,1,1,0,0,0,0,1,1,1947-04-17,,0,,,,,,,,,,,,,,,,
331040,0055000,1,岡山県,オカヤマケン,Okayama,,,,岡山市,オカヤマシ,Okayama-shi,南区,ミナミク,Minami-ku,福島,,,,,,,,,,0,0,0,0,0,0,1,0,1947-04-17,,1,,,,,,,,,,,,,,,,
331040,0055001,2,岡山県,オカヤマケン,Okayama,,,,岡山市,オカヤマシ,Okayama-shi,南区,ミナミク,Minami-ku,福島,フクシマ,Fukushima,一丁目,１チョウメ,1,,,,,1,1,0,0,0,0,1,1,1947-04-17,,0,,,,,,,,,,,,,,,,
331040,0055002,2,岡山県,オカヤマケン,Okayama,,,,岡山市,オカヤマシ,Okayama-shi,南区,ミナミク,Minami-ku,福島,フクシマ,Fukushima,二丁目,２チョウメ,2,,,,,1,1,0,0,0,0,1,1,1947-04-17,,0,,,,,,,,,,,,,,,,
331040,0055003,2,岡山県,オカヤマケン,Okayama,,,,岡山市,オカヤマシ,Okayama-shi,南区,ミナミク,Minami-ku,福島,フクシマ,Fukushima,三丁目,３チョウメ,3,,,,,1,1,0,0,0,0,1,1,1947-04-17,,0,,,,,,,,,,,,,,,,
331040,0055004,2,岡山県,オカヤマケン,Okayama,,,,岡山市,オカヤマシ,Okayama-shi,南区,ミナミク,Minami-ku,福島,フクシマ,Fukushima,四丁目,４チョウメ,4,,,,,1,1,0,0,0,0,1,1,1947-04-17,,0,,,,,,,,,,,,,,,,
331040,0057001,2,岡山県,オカヤマケン,Okayama,,,,岡山市,オカヤマシ,Okayama-shi,南区,ミナミク,Minami-ku,福富中,フクトミナカ,Fukutomi Naka,一丁目,１チョウメ,1,,,,,1,1,0,0,0,0,1,1,1947-04-17,,0,,,,,,,,,,,,,,,,
331040,0057002,2,岡山県,オカヤマケン,Okayama,,,,岡山市,オカヤマシ,Okayama-shi,南区,ミナミク,Minami-ku,福富中,フクトミナカ,Fukutomi Naka,二丁目,２チョウメ,2,,,,,1,1,0,0,0,0,1,1,1947-04-17,,0,,,,,,,,,,,,,,,,
331040,0058001,2,岡山県,オカヤマケン,Okayama,,,,岡山市,オカヤマシ,Okayama-shi,南区,ミナミク,Minami-ku,福富西,フクトミニシ,Fukutomi Nishi,一丁目,１チョウメ,1,,,,,1,1,0,0,0,0,1,1,1947-04-17,,0,,,,,,,,,,,,,,,,
331040,0058002,2,岡山県,オカヤマケン,Okayama,,,,岡山市,オカヤマシ,Okayama-shi,南区,ミナミク,Minami-ku,福富西,フクトミニシ,Fukutomi Nishi,二丁目,２チョウメ,2,,,,,1,1,0,0,0,0,1,1,1947-04-17,,0,,,,,,,,,,,,,,,,
331040,0058003,2,岡山県,オカヤマケン,Okayama,,,,岡山市,オカヤマシ,Okayama-shi,南区,ミナミク,Minami-ku,福富西,フクトミニシ,Fukutomi Nishi,三丁目,３チョウメ,3,,,,,1,1,0,0,0,0,1,1,1947-04-17,,0,,,,,,,,,,,,,,,,
331040,0059001,2,岡山県,オカヤマケン,Okayama,,,,岡山市,オカヤマシ,Okayama-shi,南区,ミナミク,Minami-ku,福富東,フクトミヒガシ,Fukutomi Higashi,一丁目,１チョウメ,1,,,,,1,1,0,0,0,0,1,1,1947-04-17,,0,,,,,,,,,,,,,,,,
331040,0059002,2,岡山県,オカヤマケン,Okayama,,,,岡山市,オカヤマシ,Okayama-shi,南区,ミナミク,Minami-ku,福富東,フクトミヒガシ,Fukutomi Higashi,二丁目,２チョウメ,2,,,,,1,1,0,0,0,0,1,1,1947-04-17,,0,,,,,,,,,,,,,,,,
331040,0060000,1,岡山県,オカヤマケン,Okayama,,,,岡山市,オカヤマシ,Okayama-shi,南区,ミナミク,Minami-ku,福成,,,,,,,,,,0,0,0,0,0,0,1,0,1947-04-17,,1,,,,,,,,,,,,,,,,
331040,0060001,2,岡山県,オカヤマケン,Okayama,,,,岡山市,オカヤマシ,Okayama-shi,南区,ミナミク,Minami-ku,福成,フクナリ,Fukunari,一丁目,１チョウメ,1,,,,,0,0,0,0,0,0,1,1,1947-04-17,,0,,,,,,,,,,,,,,,,
331040,0060001,2,岡山県,オカヤマケン,Okayama,,,,岡山市,オカヤマシ,Okayama-shi,南区,ミナミク,Minami-ku,福成,フクナリ,Fukunari,一丁目,１チョウメ,1,,,,,1,1,0,0,0,0,1,1,1947-04-17,,0,,,,,,,,,,,,,,,,
331040,0060002,2,岡山県,オカヤマケン,Okayama,,,,岡山市,オカヤマシ,Okayama-shi,南区,ミナミク,Minami-ku,福成,フクナリ,Fukunari,二丁目,２チョウメ,2,,,,,1,1,0,0,0,0,1,1,1947-04-17,,0,,,,,,,,,,,,,,,,
331040,0060003,2,岡山県,オカヤマケン,Okayama,,,,岡山市,オカヤマシ,Okayama-shi,南区,ミナミク,Minami-ku,福成,フクナリ,Fukunari,三丁目,３チョウメ,3,,,,,1,1,0,0,0,0,1,1,1947-04-17,,0,,,,,,,,,,,,,,,,
331040,0061000,1,岡山県,オカヤマケン,Okayama,,,,岡山市,オカヤマシ,Okayama-shi,南区,ミナミク,Minami-ku,福浜町,フクハマチョウ,Fukuhamacho,,,,,,,,1,1,0,0,0,0,1,1,1947-04-17,,0,7028035,,,,,,,,,,,,,,,
331040,0062000,1,岡山県,オカヤマケン,Okayama,,,,岡山市,オカヤマシ,Okayama-shi,南区,ミナミク,Minami-ku,福浜西町,フクハマニシマチ,Fukuhamanishimachi,,,,,,,,1,1,0,0,0,0,1,1,1947-04-17,,0,7028034,,,,,,,,,,,,,,,
331040,0063000,1,岡山県,オカヤマケン,Okayama,,,,岡山市,オカヤマシ,Okayama-shi,南区,ミナミク,Minami-ku,福吉町,フクヨシチョウ,Fukuyoshicho,,,,,,,,1,1,0,0,0,0,1,1,1947-04-17,,0,7028048,,,,,,,,,,,,,,,
331040,0064000,1,岡山県,オカヤマケン,Okayama,,,,岡山市,オカヤマシ,Okayama-shi,南区,ミナミク,Minami-ku,藤田,フジタ,Fujita,,,,,,,,0,0,0,0,0,0,1,1,1947-04-17,,0,7010221,,,,,,,,,,,,,,,
331040,0065001,2,岡山県,オカヤマケン,Okayama,,,,岡山市,オカヤマシ,Okayama-shi,南区,ミナミク,Minami-ku,芳泉,ホウセン,Hosen,一丁目,１チョウメ,1,,,,,1,1,0,0,0,0,1,1,1947-04-17,,0,,,,,,,,,,,,,,,,
331040,0065002,2,岡山県,オカヤマケン,Okayama,,,,岡山市,オカヤマシ,Okayama-shi,南区,ミナミク,Minami-ku,芳泉,ホウセン,Hosen,二丁目,２チョウメ,2,,,,,1,1,0,0,0,0,1,1,1947-04-17,,0,,,,,,,,,,,,,,,,
331040,0065003,2,岡山県,オカヤマケン,Okayama,,,,岡山市,オカヤマシ,Okayama-shi,南区,ミナミク,Minami-ku,芳泉,ホウセン,Hosen,三丁目,３チョウメ,3,,,,,1,1,0,0,0,0,1,1,1947-04-17,,0,,,,,,,,,,,,,,,,
331040,0065004,2,岡山県,オカヤマケン,Okayama,,,,岡山市,オカヤマシ,Okayama-shi,南区,ミナミク,Minami-ku,芳泉,ホウセン,Hosen,四丁目,４チョウメ,4,,,,,1,1,0,0,0,0,1,1,1947-04-17,,0,,,,,,,,,,,,,,,,
331040,0066000,1,岡山県,オカヤマケン,Okayama,,,,岡山市,オカヤマシ,Okayama-shi,南区,ミナミク,Minami-ku,松浜町,マツハマチョウ,Matsuhamacho,,,,,,,,1,1,0,0,0,0,1,1,1947-04-17,,0,7028038,,,,,,,,,,,,,,,
331040,0067000,1,岡山県,オカヤマケン,Okayama,,,,岡山市,オカヤマシ,Okayama-shi,南区,ミナミク,Minami-ku,万倍,マンバイ,Mambai,,,,,,,,0,0,0,0,0,0,1,1,1947-04-17,,0,7000955,,,,,,,,,,,,,,,
331040,0068000,1,岡山県,オカヤマケン,Okayama,,,,岡山市,オカヤマシ,Okayama-shi,南区,ミナミク,Minami-ku,箕島,ミシマ,Mishima,,,,,,,,0,0,0,0,0,0,1,1,1947-04-17,,0,7010206,,,,,,,,,,,,,,,
331040,0069000,1,岡山県,オカヤマケン,Okayama,,,,岡山市,オカヤマシ,Okayama-shi,南区,ミナミク,Minami-ku,三浜町,,,,,,,,,,0,0,0,0,0,0,1,0,1947-04-17,,1,,,,,,,,,,,,,,,,
331040,0069001,2,岡山県,オカヤマケン,Okayama,,,,岡山市,オカヤマシ,Okayama-shi,南区,ミナミク,Minami-ku,三浜町,ミハマチョウ,Mihamacho,一丁目,１チョウメ,1,,,,,1,1,0,0,0,0,1,1,1947-04-17,,0,,,,,,,,,,,,,,,,
331040,0069002,2,岡山県,オカヤマケン,Okayama,,,,岡山市,オカヤマシ,Okayama-shi,南区,ミナミク,Minami-ku,三浜町,ミハマチョウ,Mihamacho,二丁目,２チョウメ,2,,,,,1,1,0,0,0,0,1,1,1947-04-17,,0,,,,,,,,,,,,,,,,
331040,0070000,1,岡山県,オカヤマケン,Okayama,,,,岡山市,オカヤマシ,Okayama-shi,南区,ミナミク,Minami-ku,宮浦,ミヤウラ,Miyaura,,,,,,,,0,0,0,0,0,0,1,1,1947-04-17,,0,7028014,,,,,,,,,,,,,,,
331040,0072000,1,岡山県,オカヤマケン,Okayama,,,,岡山市,オカヤマシ,Okayama-shi,南区,ミナミク,Minami-ku,米倉,ヨネグラ,Yonegura,,,,,,,,0,0,0,0,0,0,1,1,1947-04-17,,0,7000954,,,,,,,,,,,,,,,
331040,0073000,1,岡山県,オカヤマケン,Okayama,,,,岡山市,オカヤマシ,Okayama-shi,南区,ミナミク,Minami-ku,若葉町,ワカバチョウ,Wakabacho,,,,,,,,1,1,0,0,0,0,1,1,1947-04-17,,0,7028047,,,,,,,,,,,,,,,
331040,0074000,1,岡山県,オカヤマケン,Okayama,,,,岡山市,オカヤマシ,Okayama-shi,南区,ミナミク,Minami-ku,阿津,アツ,,,,,,,,,0,0,0,0,0,0,1,0,1947-04-17,,1,,,,,,,,,,,,,,,,
331040,0075000,1,岡山県,オカヤマケン,Okayama,,,,岡山市,オカヤマシ,Okayama-shi,南区,ミナミク,Minami-ku,郡,コオリ,,,,,,,,,0,0,0,0,0,0,1,0,1947-04-17,,1,,,,,,,,,,,,,,,,
331040,0076000,1,岡山県,オカヤマケン,Okayama,,,,岡山市,オカヤマシ,Okayama-shi,南区,ミナミク,Minami-ku,山田,ヤマダ,,,,,,,,,0,0,0,0,0,0,1,0,1947-04-17,,1,,,,,,,,,,,,,,,,
331040,0077000,1,岡山県,オカヤマケン,Okayama,,,,岡山市,オカヤマシ,Okayama-shi,南区,ミナミク,Minami-ku,小串,コグシ,,,,,,,,,0,0,0,0,0,0,1,0,1947-04-17,,1,,,,,,,,,,,,,,,,
331040,0078000,1,岡山県,オカヤマケン,Okayama,,,,岡山市,オカヤマシ,Okayama-shi,南区,ミナミク,Minami-ku,当新田,トウシンデン,,,,,,,,,0,0,0,0,0,0,1,0,1947-04-17,,1,,,,,,,,,,,,,,,,
331040,0079000,1,岡山県,オカヤマケン,Okayama,,,,岡山市,オカヤマシ,Okayama-shi,南区,ミナミク,Minami-ku,福田,フクダ,,,,,,,,,0,0,0,0,0,0,1,0,1947-04-17,,1,,,,,,,,,,,,,,,,
331040,0080000,1,岡山県,オカヤマケン,Okayama,,,,岡山市,オカヤマシ,Okayama-shi,南区,ミナミク,Minami-ku,飽浦,アクラ,,,,,,,,,0,0,0,0,0,0,1,0,1947-04-17,,1,,,,,,,,,,,,,,,,
331040,0092000,1,岡山県,オカヤマケン,Okayama,,,,岡山市,オカヤマシ,Okayama-shi,南区,ミナミク,Minami-ku,福富,,,,,,,,,,0,0,0,0,0,0,1,0,1947-04-17,,1,,,,,,,,,,,,,,,,
332020,0001000,1,岡山県,オカヤマケン,Okayama,,,,倉敷市,クラシキシ,Kurashiki-shi,,,,青江,アオエ,Aoe,,,,,,,,0,0,0,0,0,0,1,1,1947-04-17,,0,7100064,,,,,,,,,,,,,,,
332020,0002000,1,岡山県,オカヤマケン,Okayama,,,,倉敷市,クラシキシ,Kurashiki-shi,,,,浅原,アサバラ,Asabara,,,,,,,,0,0,0,0,0,0,1,1,1947-04-17,,0,7100007,,,,,,,,,,,,,,,
332020,0003001,2,岡山県,オカヤマケン,Okayama,,,,倉敷市,クラシキシ,Kurashiki-shi,,,,阿知,アチ,Achi,１丁目,１チョウメ,1,,,,,1,1,0,0,0,0,1,1,1947-04-17,,0,,,,,,,,,,,,,,,,
332020,0003002,2,岡山県,オカヤマケン,Okayama,,,,倉敷市,クラシキシ,Kurashiki-shi,,,,阿知,アチ,Achi,２丁目,２チョウメ,2,,,,,1,1,0,0,0,0,1,1,1947-04-17,,0,,,,,,,,,,,,,,,,
332020,0003003,2,岡山県,オカヤマケン,Okayama,,,,倉敷市,クラシキシ,Kurashiki-shi,,,,阿知,アチ,Achi,３丁目,３チョウメ,3,,,,,1,1,0,0,0,0,1,1,1947-04-17,,0,,,,,,,,,,,,,,,,
332020,0004001,2,岡山県,オカヤマケン,Okayama,,,,倉敷市,クラシキシ,Kurashiki-shi,,,,天城台,アマキダイ,Amakidai,１丁目,１チョウメ,1,,,,,1,1,0,0,0,0,1,1,1947-04-17,,0,,,,,,,,,,,,,,,,
332020,0004002,2,岡山県,オカヤマケン,Okayama,,,,倉敷市,クラシキシ,Kurashiki-shi,,,,天城台,アマキダイ,Amakidai,２丁目,２チョウメ,2,,,,,1,1,0,0,0,0,1,1,1947-04-17,,0,,,,,,,,,,,,,,,,
332020,0004003,2,岡山県,オカヤマケン,Okayama,,,,倉敷市,クラシキシ,Kurashiki-shi,,,,天城台,アマキダイ,Amakidai,３丁目,３チョウメ,3,,,,,1,1,0,0,0,0,1,1,1947-04-17,,0,,,,,,,,,,,,,,,,
332020,0004004,2,岡山県,オカヤマケン,Okayama,,,,倉敷市,クラシキシ,Kurashiki-shi,,,,天城台,アマキダイ,Amakidai,４丁目,４チョウメ,4,,,,,1,1,0,0,0,0,1,1,1947-04-17,,0,,,,,,,,,,,,,,,,
332020,0005000,1,岡山県,オカヤマケン,Okayama,,,,倉敷市,クラシキシ,Kurashiki-shi,,,,有城,アルキ,Aruki,,,,,,,,0,0,0,0,0,0,1,1,1947-04-17,,0,7100031,,,,,,,,,,,,,,,
332020,0006000,1,岡山県,オカヤマケン,Okayama,,,,倉敷市,クラシキシ,Kurashiki-shi,,,,生坂,イクサカ,Ikusaka,,,,,,,,0,0,0,0,0,0,1,1,1947-04-17,,0,7100002,,,,,,,,,,,,,,,
332020,0007000,1,岡山県,オカヤマケン,Okayama,,,,倉敷市,クラシキシ,Kurashiki-shi,,,,五日市,イツカイチ,Itsukaichi,,,,,,,,0,0,0,0,0,0,1,1,1947-04-17,,0,7100041,,,,,,,,,,,,,,,
332020,0009000,1,岡山県,オカヤマケン,Okayama,,,,倉敷市,クラシキシ,Kurashiki-shi,,,,石見町,イワミチョウ,Iwamicho,,,,,,,,1,1,0,0,0,0,1,1,1947-04-17,,0,7100814,,,,,,,,,,,,,,,
332020,0010001,2,岡山県,オカヤマケン,Okayama,,,,倉敷市,クラシキシ,Kurashiki-shi,,,,潮通,ウシオドオリ,Ushiodori,１丁目,１チョウメ,1,,,,,0,0,0,0,0,0,1,1,1947-04-17,,0,,,,,,,,,,,,,,,,
332020,0010002,2,岡山県,オカヤマケン,Okayama,,,,倉敷市,クラシキシ,Kurashiki-shi,,,,潮通,ウシオドオリ,Ushiodori,２丁目,２チョウメ,2,,,,,0,0,0,0,0,0,1,1,1947-04-17,,0,,,,,,,,,,,,,,,,
332020,0010003,2,岡山県,オカヤマケン,Okayama,,,,倉敷市,クラシキシ,Kurashiki-shi,,,,潮通,ウシオドオリ,Ushiodori,３丁目,３チョウメ,3,,,,,0,0,0,0,0,0,1,1,1947-04-17,,0,,,,,,,,,,,,,,,,
332020,0011000,1,岡山県,オカヤマケン,Okayama,,,,倉敷市,クラシキシ,Kurashiki-shi,,,,浦田,ウラダ,Urada,,,,,,,,0,0,0,0,0,0,1,1,1947-04-17,,0,7100843,,,,,,,,,,,,,,,
332020,0012001,2,岡山県,オカヤマケン,Okayama,,,,倉敷市,クラシキシ,Kurashiki-shi,,,,老松町,オイマツチョウ,Oimatsucho,１丁目,１チョウメ,1,,,,,1,1,0,0,0,0,1,1,1947-04-17,,0,,,,,,,,,,,,,,,,
332020,0012002,2,岡山県,オカヤマケン,Okayama,,,,倉敷市,クラシキシ,Kurashiki-shi,,,,老松町,オイマツチョウ,Oimatsucho,２丁目,２チョウメ,2,,,,,1,1,0,0,0,0,1,1,1947-04-17,,0,,,,,,,,,,,,,,,,
332020,0012003,2,岡山県,オカヤマケン,Okayama,,,,倉敷市,クラシキシ,Kurashiki-shi,,,,老松町,オイマツチョウ,Oimatsucho,３丁目,３チョウメ,3,,,,,1,1,0,0,0,0,1,1,1947-04-17,,0,,,,,,,,,,,,,,,,
332020,0012004,2,岡山県,オカヤマケン,Okayama,,,,倉敷市,クラシキシ,Kurashiki-shi,,,,老松町,オイマツチョウ,Oimatsucho,４丁目,４チョウメ,4,,,,,1,1,0,0,0,0,1,1,1947-04-17,,0,,,,,,,,,,,,,,,,
332020,0012005,2,岡山県,オカヤマケン,Okayama,,,,倉敷市,クラシキシ,Kurashiki-shi,,,,老松町,オイマツチョウ,Oimatsucho,５丁目,５チョウメ,5,,,,,0,0,0,0,0,0,1,1,1947-04-17,,0,,,,,,,,,,,,,,,,
332020,0012005,2,岡山県,オカヤマケン,Okayama,,,,倉敷市,クラシキシ,Kurashiki-shi,,,,老松町,オイマツチョウ,Oimatsucho,５丁目,５チョウメ,5,,,,,1,1,0,0,0,0,1,1,1947-04-17,,0,,,,,,,,,,,,,,,,
332020,0014000,1,岡山県,オカヤマケン,Okayama,,,,倉敷市,クラシキシ,Kurashiki-shi,,,,大島,オオジマ,Ojima,,,,,,,,0,0,0,0,0,0,1,1,1947-04-17,,0,7100047,,,,,,,,,,,,,,,
332020,0016000,1,岡山県,オカヤマケン,Okayama,,,,倉敷市,クラシキシ,Kurashiki-shi,,,,大畠,オオバタケ,Obatake,,,,,,,,0,0,0,0,0,0,1,1,1947-04-17,,0,7110924,,,,,,,,,,,,,,,
332020,0016001,2,岡山県,オカヤマケン,Okayama,,,,倉敷市,クラシキシ,Kurashiki-shi,,,,大畠,オオバタケ,Obatake,１丁目,１チョウメ,1,,,,,0,0,0,0,0,0,1,1,1947-04-17,,0,,,,,,,,,,,,,,,,
332020,0016001,2,岡山県,オカヤマケン,Okayama,,,,倉敷市,クラシキシ,Kurashiki-shi,,,,大畠,オオバタケ,Obatake,１丁目,１チョウメ,1,,,,,1,1,0,0,0,0,1,1,1947-04-17,,0,,,,,,,,,,,,,,,,
332020,0016002,2,岡山県,オカヤマケン,Okayama,,,,倉敷市,クラシキシ,Kurashiki-shi,,,,大畠,オオバタケ,Obatake,２丁目,２チョウメ,2,,,,,0,0,0,0,0,0,1,1,1947-04-17,,0,,,,,,,,,,,,,,,,
332020,0016002,2,岡山県,オカヤマケン,Okayama,,,,倉敷市,クラシキシ,Kurashiki-shi,,,,大畠,オオバタケ,Obatake,２丁目,２チョウメ,2,,,,,1,1,0,0,0,0,1,1,1947-04-17,,0,,,,,,,,,,,,,,,,
332020,0017000,1,岡山県,オカヤマケン,Okayama,,,,倉敷市,クラシキシ,Kurashiki-shi,,,,沖,オキ,Oki,,,,,,,,0,0,0,0,0,0,1,1,1947-04-17,,0,7100836,,,,,,,,,,,,,,,
332020,0018000,1,岡山県,オカヤマケン,Okayama,,,,倉敷市,クラシキシ,Kurashiki-shi,,,,沖新町,オキシンマチ,Okishimmachi,,,,,,,,0,0,0,0,0,0,1,1,1947-04-17,,0,7100837,,,,,,,,,,,,,,,
332020,0019000,1,岡山県,オカヤマケン,Okayama,,,,倉敷市,クラシキシ,Kurashiki-shi,,,,尾原,オバラ,Obara,,,,,,,,0,0,0,0,0,0,1,1,1947-04-17,,0,7100144,,,,,,,,,,,,,,,
332020,0020000,1,岡山県,オカヤマケン,Okayama,,,,倉敷市,クラシキシ,Kurashiki-shi,,,,帯高,オビタカ,Obitaka,,,,,,,,0,0,0,0,0,0,1,1,1947-04-17,,0,7100023,,,,,,,,,,,,,,,
332020,0021000,1,岡山県,オカヤマケン,Okayama,,,,倉敷市,クラシキシ,Kurashiki-shi,,,,加須山,カスヤマ,Kasuyama,,,,,,,,0,0,0,0,0,0,1,1,1947-04-17,,0,7100026,,,,,,,,,,,,,,,
332020,0023000,1,岡山県,オカヤマケン,Okayama,,,,倉敷市,クラシキシ,Kurashiki-shi,,,,上富井,カミトミイ,Kamitomii,,,,,,,,0,0,0,0,0,0,1,1,1947-04-17,,0,7100846,,,,,,,,,,,,,,,
332020,0024001,2,岡山県,オカヤマケン,Okayama,,,,倉敷市,クラシキシ,Kurashiki-shi,,,,亀島,カメジマ,Kamejima,１丁目,１チョウメ,1,,,,,1,1,0,0,0,0,1,1,1947-04-17,,0,,,,,,,,,,,,,,,,
332020,0024002,2,岡山県,オカヤマケン,Okayama,,,,倉敷市,クラシキシ,Kurashiki-shi,,,,亀島,カメジマ,Kamejima,２丁目,２チョウメ,2,,,,,1,1,0,0,0,0,1,1,1947-04-17,,0,,,,,,,,,,,,,,,,
332020,0026000,1,岡山県,オカヤマケン,Okayama,,,,倉敷市,クラシキシ,Kurashiki-shi,,,,川入,カワイリ,Kawairi,,,,,,,,0,0,0,0,0,0,1,1,1947-04-17,,0,7100811,,,,,,,,,,,,,,,
332020,0027000,1,岡山県,オカヤマケン,Okayama,,,,倉敷市,クラシキシ,Kurashiki-shi,,,,川西町,カワニシマチ,Kawanishimachi,,,,,,,,1,1,0,0,0,0,1,1,1947-04-17,,0,7100821,,,,,,,,,,,,,,,
332020,0028001,2,岡山県,オカヤマケン,Okayama,,,,倉敷市,クラシキシ,Kurashiki-shi,,,,神田,カンダ,Kanda,１丁目,１チョウメ,1,,,,,1,1,0,0,0,0,1,1,1947-04-17,,0,,,,,,,,,,,,,,,,
332020,0028002,2,岡山県,オカヤマケン,Okayama,,,,倉敷市,クラシキシ,Kurashiki-shi,,,,神田,カンダ,Kanda,２丁目,２チョウメ,2,,,,,1,1,0,0,0,0,1,1,1947-04-17,,0,,,,,,,,,,,,,,,,
332020,0028003,2,岡山県,オカヤマケン,Okayama,,,,倉敷市,クラシキシ,Kurashiki-shi,,,,神田,カンダ,Kanda,３丁目,３チョウメ,3,,,,,1,1,0,0,0,0,1,1,1947-04-17,,0,,,,,,,,,,,,,,,,
332020,0028004,2,岡山県,オカヤマケン,Okayama,,,,倉敷市,クラシキシ,Kurashiki-shi,,,,神田,カンダ,Kanda,４丁目,４チョウメ,4,,,,,1,1,0,0,0,0,1,1,1947-04-17,,0,,,,,,,,,,,,,,,,
332020,0029001,2,岡山県,オカヤマケン,Okayama,,,,倉敷市,クラシキシ,Kurashiki-shi,,,,北畝,キタセ,Kitase,１丁目,１チョウメ,1,,,,,1,1,0,0,0,0,1,1,1947-04-17,,0,,,,,,,,,,,,,,,,
332020,0029002,2,岡山県,オカヤマケン,Okayama,,,,倉敷市,クラシキシ,Kurashiki-shi,,,,北畝,キタセ,Kitase,２丁目,２チョウメ,2,,,,,1,1,0,0,0,0,1,1,1947-04-17,,0,,,,,,,,,,,,,,,,
332020,0029003,2,岡山県,オカヤマケン,Okayama,,,,倉敷市,クラシキシ,Kurashiki-shi,,,,北畝,キタセ,Kitase,３丁目,３チョウメ,3,,,,,1,1,0,0,0,0,1,1,1947-04-17,,0,,,,,,,,,,,,,,,,
332020,0029004,2,岡山県,オカヤマケン,Okayama,,,,倉敷市,クラシキシ,Kurashiki-shi,,,,北畝,キタセ,Kitase,４丁目,４チョウメ,4,,,,,1,1,0,0,0,0,1,1,1947-04-17,,0,,,,,,,,,,,,,,,,
332020,0029005,2,岡山県,オカヤマケン,Okayama,,,,倉敷市,クラシキシ,Kurashiki-shi,,,,北畝,キタセ,Kitase,５丁目,５チョウメ,5,,,,,1,1,0,0,0,0,1,1,1947-04-17,,0,,,,,,,,,,,,,,,,
332020,0029006,2,岡山県,オカヤマケン,Okayama,,,,倉敷市,クラシキシ,Kurashiki-shi,,,,北畝,キタセ,Kitase,６丁目,６チョウメ,6,,,,,1,1,0,0,0,0,1,1,1947-04-17,,0,,,,,,,,,,,,,,,,
332020,0029007,2,岡山県,オカヤマケン,Okayama,,,,倉敷市,クラシキシ,Kurashiki-shi,,,,北畝,キタセ,Kitase,７丁目,７チョウメ,7,,,,,1,1,0,0,0,0,1,1,1947-04-17,,0,,,,,,,,,,,,,,,,
332020,0030000,1,岡山県,オカヤマケン,Okayama,,,,倉敷市,クラシキシ,Kurashiki-shi,,,,北浜町,キタハマチョウ,Kitahamacho,,,,,,,,1,1,0,0,0,0,1,1,1947-04-17,,0,7100812,,,,,,,,,,,,,,,
332020,0031000,1,岡山県,オカヤマケン,Okayama,,,,倉敷市,クラシキシ,Kurashiki-shi,,,,木見,キミ,Kimi,,,,,,,,0,0,0,0,0,0,1,1,1947-04-17,,0,7100143,,,,,,,,,,,,,,,
332020,0032000,1,岡山県,オカヤマケン,Okayama,,,,倉敷市,クラシキシ,Kurashiki-shi,,,,串田,クシダ,Kushida,,,,,,,,0,0,0,0,0,0,1,1,1947-04-17,,0,7100141,,,,,,,,,,,,,,,
332020,0034000,1,岡山県,オカヤマケン,Okayama,,,,倉敷市,クラシキシ,Kurashiki-shi,,,,栗坂,クリサカ,Kurisaka,,,,,,,,0,0,0,0,0,0,1,1,1947-04-17,,0,7010113,,,,,,,,,,,,,,,
332020,0035000,1,岡山県,オカヤマケン,Okayama,,,,倉敷市,クラシキシ,Kurashiki-shi,,,,黒石,クロイシ,Kuroishi,,,,,,,,0,0,0,0,0,0,1,1,1947-04-17,,0,7100035,,,,,,,,,,,,,,,
332020,0036000,1,岡山県,オカヤマケン,Okayama,,,,倉敷市,クラシキシ,Kurashiki-shi,,,,黒崎,クロサキ,Kurosaki,,,,,,,,0,0,0,0,0,0,1,1,1947-04-17,,0,7100014,,,,,,,,,,,,,,,
332020,0038000,1,岡山県,オカヤマケン,Okayama,,,,倉敷市,クラシキシ,Kurashiki-shi,,,,児島赤崎,コジマアカサキ,Kojima Akasaki,,,,,,,,0,0,0,0,0,0,1,1,1947-04-17,,0,7110931,,,,,,,,,,,,,,,
332020,0038001,2,岡山県,オカヤマケン,Okayama,,,,倉敷市,クラシキシ,Kurashiki-shi,,,,児島赤崎,コジマアカサキ,Kojima Akasaki,１丁目,１チョウメ,1,,,,,1,1,0,0,0,0,1,1,1947-04-17,,0,,,,,,,,,,,,,,,,
332020,0038002,2,岡山県,オカヤマケン,Okayama,,,,倉敷市,クラシキシ,Kurashiki-shi,,,,児島赤崎,コジマアカサキ,Kojima Akasaki,２丁目,２チョウメ,2,,,,,1,1,0,0,0,0,1,1,1947-04-17,,0,,,,,,,,,,,,,,,,
332020,0038003,2,岡山県,オカヤマケン,Okayama,,,,倉敷市,クラシキシ,Kurashiki-shi,,,,児島赤崎,コジマアカサキ,Kojima Akasaki,３丁目,３チョウメ,3,,,,,1,1,0,0,0,0,1,1,1947-04-17,,0,,,,,,,,,,,,,,,,
332020,0038004,2,岡山県,オカヤマケン,Okayama,,,,倉敷市,クラシキシ,Kurashiki-shi,,,,児島赤崎,コジマアカサキ,Kojima Akasaki,４丁目,４チョウメ,4,,,,,1,1,0,0,0,0,1,1,1947-04-17,,0,,,,,,,,,,,,,,,,
332020,0040000,1,岡山県,オカヤマケン,Okayama,,,,倉敷市,クラシキシ,Kurashiki-shi,,,,児島味野,コジマアジノ,Kojima Ajino,,,,,,,,0,0,0,0,0,0,1,1,1947-04-17,,0,7110913,,,,,,,,,,,,,,,
332020,0040001,2,岡山県,オカヤマケン,Okayama,,,,倉敷市,クラシキシ,Kurashiki-shi,,,,児島味野,コジマアジノ,Kojima Ajino,１丁目,１チョウメ,1,,,,,1,1,0,0,0,0,1,1,1947-04-17,,0,,,,,,,,,,,,,,,,
332020,0040002,2,岡山県,オカヤマケン,Okayama,,,,倉敷市,クラシキシ,Kurashiki-shi,,,,児島味野,コジマアジノ,Kojima Ajino,２丁目,２チョウメ,2,,,,,1,1,0,0,0,0,1,1,1947-04-17,,0,,,,,,,,,,,,,,,,
332020,0040003,2,岡山県,オカヤマケン,Okayama,,,,倉敷市,クラシキシ,Kurashiki-shi,,,,児島味野,コジマアジノ,Kojima Ajino,３丁目,３チョウメ,3,,,,,1,1,0,0,0,0,1,1,1947-04-17,,0,,,,,,,,,,,,,,,,
332020,0040004,2,岡山県,オカヤマケン,Okayama,,,,倉敷市,クラシキシ,Kurashiki-shi,,,,児島味野,コジマアジノ,Kojima Ajino,４丁目,４チョウメ,4,,,,,1,1,0,0,0,0,1,1,1947-04-17,,0,,,,,,,,,,,,,,,,
332020,0040005,2,岡山県,オカヤマケン,Okayama,,,,倉敷市,クラシキシ,Kurashiki-shi,,,,児島味野,コジマアジノ,Kojima Ajino,５丁目,５チョウメ,5,,,,,1,1,0,0,0,0,1,1,1947-04-17,,0,,,,,,,,,,,,,,,,
332020,0040006,2,岡山県,オカヤマケン,Okayama,,,,倉敷市,クラシキシ,Kurashiki-shi,,,,児島味野,コジマアジノ,Kojima Ajino,６丁目,６チョウメ,6,,,,,1,1,0,0,0,0,1,1,1947-04-17,,0,,,,,,,,,,,,,,,,
332020,0041001,2,岡山県,オカヤマケン,Okayama,,,,倉敷市,クラシキシ,Kurashiki-shi,,,,児島味野上,コジマアジノカミ,Kojima Ajinokami,１丁目,１チョウメ,1,,,,,1,1,0,0,0,0,1,1,1947-04-17,,0,,,,,,,,,,,,,,,,
332020,0041002,2,岡山県,オカヤマケン,Okayama,,,,倉敷市,クラシキシ,Kurashiki-shi,,,,児島味野上,コジマアジノカミ,Kojima Ajinokami,２丁目,２チョウメ,2,,,,,1,1,0,0,0,0,1,1,1947-04-17,,0,,,,,,,,,,,,,,,,
332020,0042001,2,岡山県,オカヤマケン,Okayama,,,,倉敷市,クラシキシ,Kurashiki-shi,,,,児島味野城,コジマアジノジョウ,Kojima Ajinojo,１丁目,１チョウメ,1,,,,,1,1,0,0,0,0,1,1,1947-04-17,,0,,,,,,,,,,,,,,,,
332020,0042002,2,岡山県,オカヤマケン,Okayama,,,,倉敷市,クラシキシ,Kurashiki-shi,,,,児島味野城,コジマアジノジョウ,Kojima Ajinojo,２丁目,２チョウメ,2,,,,,1,1,0,0,0,0,1,1,1947-04-17,,0,,,,,,,,,,,,,,,,
332020,0043000,1,岡山県,オカヤマケン,Okayama,,,,倉敷市,クラシキシ,Kurashiki-shi,,,,児島味野城山,コジマアジノシロヤマ,Kojima Ajinoshiroyama,,,,,,,,0,0,0,0,0,0,1,1,1947-04-17,,0,7110916,,,,,,,,,,,,,,,
332020,0044000,1,岡山県,オカヤマケン,Okayama,,,,倉敷市,クラシキシ,Kurashiki-shi,,,,児島味野山田町,コジマアジノヤマダチョウ,Kojima Ajinoyamadacho,,,,,,,,1,1,0,0,0,0,1,1,1947-04-17,,0,7110915,,,,,,,,,,,,,,,
332020,0045001,2,岡山県,オカヤマケン,Okayama,,,,倉敷市,クラシキシ,Kurashiki-shi,,,,児島阿津,コジマアツ,Kojima Atsu,１丁目,１チョウメ,1,,,,,0,0,0,0,0,0,1,1,1947-04-17,,0,,,,,,,,,,,,,,,,
332020,0045001,2,岡山県,オカヤマケン,Okayama,,,,倉敷市,クラシキシ,Kurashiki-shi,,,,児島阿津,コジマアツ,Kojima Atsu,１丁目,１チョウメ,1,,,,,1,1,0,0,0,0,1,1,1947-04-17,,0,,,,,,,,,,,,,,,,
332020,0045002,2,岡山県,オカヤマケン,Okayama,,,,倉敷市,クラシキシ,Kurashiki-shi,,,,児島阿津,コジマアツ,Kojima Atsu,２丁目,２チョウメ,2,,,,,1,1,0,0,0,0,1,1,1947-04-17,,0,,,,,,,,,,,,,,,,
332020,0045003,2,岡山県,オカヤマケン,Okayama,,,,倉敷市,クラシキシ,Kurashiki-shi,,,,児島阿津,コジマアツ,Kojima Atsu,３丁目,３チョウメ,3,,,,,1,1,0,0,0,0,1,1,1947-04-17,,0,,,,,,,,,,,,,,,,
332020,0046000,1,岡山県,オカヤマケン,Okayama,,,,倉敷市,クラシキシ,Kurashiki-shi,,,,児島宇野津,コジマウノツ,Kojima Unotsu,,,,,,,,0,0,0,0,0,0,1,1,1947-04-17,,0,7110935,,,,,,,,,,,,,,,
332020,0047001,2,岡山県,オカヤマケン,Okayama,,,,倉敷市,クラシキシ,Kurashiki-shi,,,,児島駅前,コジマエキマエ,Kojima Ekimae,１丁目,１チョウメ,1,,,,,0,0,0,0,0,0,1,1,1947-04-17,,0,,,,,,,,,,,,,,,,
332020,0047002,2,岡山県,オカヤマケン,Okayama,,,,倉敷市,クラシキシ,Kurashiki-shi,,,,児島駅前,コジマエキマエ,Kojima Ekimae,２丁目,２チョウメ,2,,,,,0,0,0,0,0,0,1,1,1947-04-17,,0,,,,,,,,,,,,,,,,
332020,0047003,2,岡山県,オカヤマケン,Okayama,,,,倉敷市,クラシキシ,Kurashiki-shi,,,,児島駅前,コジマエキマエ,Kojima Ekimae,３丁目,３チョウメ,3,,,,,0,0,0,0,0,0,1,1,1947-04-17,,0,,,,,,,,,,,,,,,,
332020,0047004,2,岡山県,オカヤマケン,Okayama,,,,倉敷市,クラシキシ,Kurashiki-shi,,,,児島駅前,コジマエキマエ,Kojima Ekimae,４丁目,４チョウメ,4,,,,,0,0,0,0,0,0,1,1,1947-04-17,,0,,,,,,,,,,,,,,,,
332020,0048001,2,岡山県,オカヤマケン,Okayama,,,,倉敷市,クラシキシ,Kurashiki-shi,,,,児島小川,コジマオガワ,Kojima Ogawa,１丁目,１チョウメ,1,,,,,1,1,0,0,0,0,1,1,1947-04-17,,0,,,,,,,,,,,,,,,,
332020,0048002,2,岡山県,オカヤマケン,Okayama,,,,倉敷市,クラシキシ,Kurashiki-shi,,,,児島小川,コジマオガワ,Kojima Ogawa,２丁目,２チョウメ,2,,,,,1,1,0,0,0,0,1,1,1947-04-17,,0,,,,,,,,,,,,,,,,
332020,0048003,2,岡山県,オカヤマケン,Okayama,,,,倉敷市,クラシキシ,Kurashiki-shi,,,,児島小川,コジマオガワ,Kojima Ogawa,３丁目,３チョウメ,3,,,,,1,1,0,0,0,0,1,1,1947-04-17,,0,,,,,,,,,,,,,,,,
332020,0048004,2,岡山県,オカヤマケン,Okayama,,,,倉敷市,クラシキシ,Kurashiki-shi,,,,児島小川,コジマオガワ,Kojima Ogawa,４丁目,４チョウメ,4,,,,,1,1,0,0,0,0,1,1,1947-04-17,,0,,,,,,,,,,,,,,,,
332020,0048005,2,岡山県,オカヤマケン,Okayama,,,,倉敷市,クラシキシ,Kurashiki-shi,,,,児島小川,コジマオガワ,Kojima Ogawa,５丁目,５チョウメ,5,,,,,1,1,0,0,0,0,1,1,1947-04-17,,0,,,,,,,,,,,,,,,,
332020,0048006,2,岡山県,オカヤマケン,Okayama,,,,倉敷市,クラシキシ,Kurashiki-shi,,,,児島小川,コジマオガワ,Kojima Ogawa,６丁目,６チョウメ,6,,,,,1,1,0,0,0,0,1,1,1947-04-17,,0,,,,,,,,,,,,,,,,
332020,0048007,2,岡山県,オカヤマケン,Okayama,,,,倉敷市,クラシキシ,Kurashiki-shi,,,,児島小川,コジマオガワ,Kojima Ogawa,７丁目,７チョウメ,7,,,,,1,1,0,0,0,0,1,1,1947-04-17,,0,,,,,,,,,,,,,,,,
332020,0048008,2,岡山県,オカヤマケン,Okayama,,,,倉敷市,クラシキシ,Kurashiki-shi,,,,児島小川,コジマオガワ,Kojima Ogawa,８丁目,８チョウメ,8,,,,,1,1,0,0,0,0,1,1,1947-04-17,,0,,,,,,,,,,,,,,,,
332020,0048009,2,岡山県,オカヤマケン,Okayama,,,,倉敷市,クラシキシ,Kurashiki-shi,,,,児島小川,コジマオガワ,Kojima Ogawa,９丁目,９チョウメ,9,,,,,1,1,0,0,0,0,1,1,1947-04-17,,0,,,,,,,,,,,,,,,,
332020,0048010,2,岡山県,オカヤマケン,Okayama,,,,倉敷市,クラシキシ,Kurashiki-shi,,,,児島小川,コジマオガワ,Kojima Ogawa,１０丁目,１０チョウメ,10,,,,,1,1,0,0,0,0,1,1,1947-04-17,,0,,,,,,,,,,,,,,,,
332020,0049000,1,岡山県,オカヤマケン,Okayama,,,,倉敷市,クラシキシ,Kurashiki-shi,,,,児島小川町,コジマオガワチョウ,Kojima Ogawacho,,,,,,,,0,0,0,0,0,0,1,1,1947-04-17,,0,7110912,,,,,,,,,,,,,,,
332020,0051000,1,岡山県,オカヤマケン,Okayama,,,,倉敷市,クラシキシ,Kurashiki-shi,,,,児島上の町,コジマカミノチョウ,Kojima Kaminocho,,,,,,,,0,0,0,0,0,0,1,1,1947-04-17,,0,7110907,,,,,,,,,,,,,,,
332020,0051001,2,岡山県,オカヤマケン,Okayama,,,,倉敷市,クラシキシ,Kurashiki-shi,,,,児島上の町,コジマカミノチョウ,Kojima Kaminocho,１丁目,１チョウメ,1,,,,,1,1,0,0,0,0,1,1,1947-04-17,,0,,,,,,,,,,,,,,,,
332020,0051002,2,岡山県,オカヤマケン,Okayama,,,,倉敷市,クラシキシ,Kurashiki-shi,,,,児島上の町,コジマカミノチョウ,Kojima Kaminocho,２丁目,２チョウメ,2,,,,,1,1,0,0,0,0,1,1,1947-04-17,,0,,,,,,,,,,,,,,,,
332020,0051003,2,岡山県,オカヤマケン,Okayama,,,,倉敷市,クラシキシ,Kurashiki-shi,,,,児島上の町,コジマカミノチョウ,Kojima Kaminocho,３丁目,３チョウメ,3,,,,,1,1,0,0,0,0,1,1,1947-04-17,,0,,,,,,,,,,,,,,,,
332020,0051004,2,岡山県,オカヤマケン,Okayama,,,,倉敷市,クラシキシ,Kurashiki-shi,,,,児島上の町,コジマカミノチョウ,Kojima Kaminocho,４丁目,４チョウメ,4,,,,,1,1,0,0,0,0,1,1,1947-04-17,,0,,,,,,,,,,,,,,,,
332020,0052000,1,岡山県,オカヤマケン,Okayama,,,,倉敷市,クラシキシ,Kurashiki-shi,,,,児島通生,コジマカヨウ,Kojima Kayo,,,,,,,,0,0,0,0,0,0,1,1,1947-04-17,,0,7110933,,,,,,,,,,,,,,,
332020,0053001,2,岡山県,オカヤマケン,Okayama,,,,倉敷市,クラシキシ,Kurashiki-shi,,,,児島唐琴,コジマカラコト,Kojima Karakoto,１丁目,１チョウメ,1,,,,,1,1,0,0,0,0,1,1,1947-04-17,,0,,,,,,,,,,,,,,,,
332020,0053002,2,岡山県,オカヤマケン,Okayama,,,,倉敷市,クラシキシ,Kurashiki-shi,,,,児島唐琴,コジマカラコト,Kojima Karakoto,２丁目,２チョウメ,2,,,,,1,1,0,0,0,0,1,1,1947-04-17,,0,,,,,,,,,,,,,,,,
332020,0053003,2,岡山県,オカヤマケン,Okayama,,,,倉敷市,クラシキシ,Kurashiki-shi,,,,児島唐琴,コジマカラコト,Kojima Karakoto,３丁目,３チョウメ,3,,,,,1,1,0,0,0,0,1,1,1947-04-17,,0,,,,,,,,,,,,,,,,
332020,0053004,2,岡山県,オカヤマケン,Okayama,,,,倉敷市,クラシキシ,Kurashiki-shi,,,,児島唐琴,コジマカラコト,Kojima Karakoto,４丁目,４チョウメ,4,,,,,1,1,0,0,0,0,1,1,1947-04-17,,0,,,,,,,,,,,,,,,,
332020,0054000,1,岡山県,オカヤマケン,Okayama,,,,倉敷市,クラシキシ,Kurashiki-shi,,,,児島唐琴町,コジマカラコトチョウ,Kojima Karakotocho,,,,,,,,0,0,0,0,0,0,1,1,1947-04-17,,0,7110905,,,,,,,,,,,,,,,
332020,0055000,1,岡山県,オカヤマケン,Okayama,,,,倉敷市,クラシキシ,Kurashiki-shi,,,,児島塩生,コジマシオナス,Kojima Shionasu,,,,,,,,0,0,0,0,0,0,1,1,1947-04-17,,0,7110934,,,,,,,,,,,,,,,
332020,0057000,1,岡山県,オカヤマケン,Okayama,,,,倉敷市,クラシキシ,Kurashiki-shi,,,,児島下の町,コジマシモノチョウ,Kojima Shimonocho,,,,,,,,0,0,0,0,0,0,1,1,1947-04-17,,0,7110906,,,,,,,,,,,,,,,
332020,0057001,2,岡山県,オカヤマケン,Okayama,,,,倉敷市,クラシキシ,Kurashiki-shi,,,,児島下の町,コジマシモノチョウ,Kojima Shimonocho,１丁目,１チョウメ,1,,,,,1,1,0,0,0,0,1,1,1947-04-17,,0,,,,,,,,,,,,,,,,
332020,0057002,2,岡山県,オカヤマケン,Okayama,,,,倉敷市,クラシキシ,Kurashiki-shi,,,,児島下の町,コジマシモノチョウ,Kojima Shimonocho,２丁目,２チョウメ,2,,,,,0,0,0,0,0,0,1,1,1947-04-17,,0,,,,,,,,,,,,,,,,
332020,0057002,2,岡山県,オカヤマケン,Okayama,,,,倉敷市,クラシキシ,Kurashiki-shi,,,,児島下の町,コジマシモノチョウ,Kojima Shimonocho,２丁目,２チョウメ,2,,,,,1,1,0,0,0,0,1,1,1947-04-17,,0,,,,,,,,,,,,,,,,
332020,0057003,2,岡山県,オカヤマケン,Okayama,,,,倉敷市,クラシキシ,Kurashiki-shi,,,,児島下の町,コジマシモノチョウ,Kojima Shimonocho,３丁目,３チョウメ,3,,,,,1,1,0,0,0,0,1,1,1947-04-17,,0,,,,,,,,,,,,,,,,
332020,0057004,2,岡山県,オカヤマケン,Okayama,,,,倉敷市,クラシキシ,Kurashiki-shi,,,,児島下の町,コジマシモノチョウ,Kojima Shimonocho,４丁目,４チョウメ,4,,,,,1,1,0,0,0,0,1,1,1947-04-17,,0,,,,,,,,,,,,,,,,
332020,0057005,2,岡山県,オカヤマケン,Okayama,,,,倉敷市,クラシキシ,Kurashiki-shi,,,,児島下の町,コジマシモノチョウ,Kojima Shimonocho,５丁目,５チョウメ,5,,,,,1,1,0,0,0,0,1,1,1947-04-17,,0,,,,,,,,,,,,,,,,
332020,0057006,2,岡山県,オカヤマケン,Okayama,,,,倉敷市,クラシキシ,Kurashiki-shi,,,,児島下の町,コジマシモノチョウ,Kojima Shimonocho,６丁目,６チョウメ,6,,,,,1,1,0,0,0,0,1,1,1947-04-17,,0,,,,,,,,,,,,,,,,
332020,0057007,2,岡山県,オカヤマケン,Okayama,,,,倉敷市,クラシキシ,Kurashiki-shi,,,,児島下の町,コジマシモノチョウ,Kojima Shimonocho,７丁目,７チョウメ,7,,,,,1,1,0,0,0,0,1,1,1947-04-17,,0,,,,,,,,,,,,,,,,
332020,0057008,2,岡山県,オカヤマケン,Okayama,,,,倉敷市,クラシキシ,Kurashiki-shi,,,,児島下の町,コジマシモノチョウ,Kojima Shimonocho,８丁目,８チョウメ,8,,,,,1,1,0,0,0,0,1,1,1947-04-17,,0,,,,,,,,,,,,,,,,
332020,0057009,2,岡山県,オカヤマケン,Okayama,,,,倉敷市,クラシキシ,Kurashiki-shi,,,,児島下の町,コジマシモノチョウ,Kojima Shimonocho,９丁目,９チョウメ,9,,,,,1,1,0,0,0,0,1,1,1947-04-17,,0,,,,,,,,,,,,,,,,
332020,0057010,2,岡山県,オカヤマケン,Okayama,,,,倉敷市,クラシキシ,Kurashiki-shi,,,,児島下の町,コジマシモノチョウ,Kojima Shimonocho,１０丁目,１０チョウメ,10,,,,,0,0,0,0,0,0,1,1,1947-04-17,,0,,,,,,,,,,,,,,,,
332020,0057010,2,岡山県,オカヤマケン,Okayama,,,,倉敷市,クラシキシ,Kurashiki-shi,,,,児島下の町,コジマシモノチョウ,Kojima Shimonocho,１０丁目,１０チョウメ,10,,,,,1,1,0,0,0,0,1,1,1947-04-17,,0,,,,,,,,,,,,,,,,
332020,0058000,1,岡山県,オカヤマケン,Okayama,,,,倉敷市,クラシキシ,Kurashiki-shi,,,,児島白尾,コジマシロオ,Kojima Shiro,,,,,,,,0,0,0,0,0,0,1,1,1947-04-17,,0,7110902,,,,,,,,,,,,,,,
332020,0060000,1,岡山県,オカヤマケン,Okayama,,,,倉敷市,クラシキシ,Kurashiki-shi,,,,児島田の口,コジマタノクチ,Kojima Tanokuchi,,,,,,,,0,0,0,0,0,0,1,1,1947-04-17,,0,7110903,,,,,,,,,,,,,,,
332020,0060001,2,岡山県,オカヤマケン,Okayama,,,,倉敷市,クラシキシ,Kurashiki-shi,,,,児島田の口,コジマタノクチ,Kojima Tanokuchi,１丁目,１チョウメ,1,,,,,1,1,0,0,0,0,1,1,1947-04-17,,0,,,,,,,,,,,,,,,,
332020,0060002,2,岡山県,オカヤマケン,Okayama,,,,倉敷市,クラシキシ,Kurashiki-shi,,,,児島田の口,コジマタノクチ,Kojima Tanokuchi,２丁目,２チョウメ,2,,,,,1,1,0,0,0,0,1,1,1947-04-17,,0,,,,,,,,,,,,,,,,
332020,0060003,2,岡山県,オカヤマケン,Okayama,,,,倉敷市,クラシキシ,Kurashiki-shi,,,,児島田の口,コジマタノクチ,Kojima Tanokuchi,３丁目,３チョウメ,3,,,,,1,1,0,0,0,0,1,1,1947-04-17,,0,,,,,,,,,,,,,,,,
332020,0060004,2,岡山県,オカヤマケン,Okayama,,,,倉敷市,クラシキシ,Kurashiki-shi,,,,児島田の口,コジマタノクチ,Kojima Tanokuchi,４丁目,４チョウメ,4,,,,,1,1,0,0,0,0,1,1,1947-04-17,,0,,,,,,,,,,,,,,,,
332020,0060005,2,岡山県,オカヤマケン,Okayama,,,,倉敷市,クラシキシ,Kurashiki-shi,,,,児島田の口,コジマタノクチ,Kojima Tanokuchi,５丁目,５チョウメ,5,,,,,1,1,0,0,0,0,1,1,1947-04-17,,0,,,,,,,,,,,,,,,,
332020,0060006,2,岡山県,オカヤマケン,Okayama,,,,倉敷市,クラシキシ,Kurashiki-shi,,,,児島田の口,コジマタノクチ,Kojima Tanokuchi,６丁目,６チョウメ,6,,,,,1,1,0,0,0,0,1,1,1947-04-17,,0,,,,,,,,,,,,,,,,
332020,0060007,2,岡山県,オカヤマケン,Okayama,,,,倉敷市,クラシキシ,Kurashiki-shi,,,,児島田の口,コジマタノクチ,Kojima Tanokuchi,７丁目,７チョウメ,7,,,,,1,1,0,0,0,0,1,1,1947-04-17,,0,,,,,,,,,,,,,,,,
332020,0061000,1,岡山県,オカヤマケン,Okayama,,,,倉敷市,クラシキシ,Kurashiki-shi,,,,児島稗田町,コジマヒエダチョウ,Kojima Hiedacho,,,,,,,,0,0,0,0,0,0,1,1,1947-04-17,,0,7110937,,,,,,,,,,,,,,,
332020,0062000,1,岡山県,オカヤマケン,Okayama,,,,倉敷市,クラシキシ,Kurashiki-shi,,,,児島元浜町,コジマモトハマチョウ,Kojima Motohamacho,,,,,,,,0,0,0,0,0,0,1,1,1947-04-17,,0,7110922,,,,,,,,,,,,,,,
332020,0063000,1,岡山県,オカヤマケン,Okayama,,,,倉敷市,クラシキシ,Kurashiki-shi,,,,児島柳田町,コジマヤナイダチョウ,Kojima Yanaidacho,,,,,,,,0,0,0,0,0,0,1,1,1947-04-17,,0,7110936,,,,,,,,,,,,,,,
332020,0064000,1,岡山県,オカヤマケン,Okayama,,,,倉敷市,クラシキシ,Kurashiki-shi,,,,児島由加,コジマユガ,Kojima Yuga,,,,,,,,0,0,0,0,0,0,1,1,1947-04-17,,0,7110901,,,,,,,,,,,,,,,
332020,0065000,1,岡山県,オカヤマケン,Okayama,,,,倉敷市,クラシキシ,Kurashiki-shi,,,,寿町,コトブキチョウ,Kotobukicho,,,,,,,,1,1,0,0,0,0,1,1,1947-04-17,,0,7100813,,,,,,,,,,,,,,,
332020,0067000,1,岡山県,オカヤマケン,Okayama,,,,倉敷市,クラシキシ,Kurashiki-shi,,,,菰池,コモイケ,Komoike,,,,,,,,0,0,0,0,0,0,1,1,1947-04-17,,0,7110932,,,,,,,,,,,,,,,
332020,0067001,2,岡山県,オカヤマケン,Okayama,,,,倉敷市,クラシキシ,Kurashiki-shi,,,,菰池,コモイケ,Komoike,１丁目,１チョウメ,1,,,,,1,1,0,0,0,0,1,1,1947-04-17,,0,,,,,,,,,,,,,,,,
332020,0067002,2,岡山県,オカヤマケン,Okayama,,,,倉敷市,クラシキシ,Kurashiki-shi,,,,菰池,コモイケ,Komoike,２丁目,２チョウメ,2,,,,,1,1,0,0,0,0,1,1,1947-04-17,,0,,,,,,,,,,,,,,,,
332020,0067003,2,岡山県,オカヤマケン,Okayama,,,,倉敷市,クラシキシ,Kurashiki-shi,,,,菰池,コモイケ,Komoike,３丁目,３チョウメ,3,,,,,1,1,0,0,0,0,1,1,1947-04-17,,0,,,,,,,,,,,,,,,,
332020,0068000,1,岡山県,オカヤマケン,Okayama,,,,倉敷市,クラシキシ,Kurashiki-shi,,,,幸町,サイワイチョウ,Saiwaicho,,,,,,,,1,1,0,0,0,0,1,1,1947-04-17,,0,7100051,,,,,,,,,,,,,,,
332020,0070000,1,岡山県,オカヤマケン,Okayama,,,,倉敷市,クラシキシ,Kurashiki-shi,,,,笹沖,ササオキ,Sasaoki,,,,,,,,0,0,0,0,0,0,1,1,1947-04-17,,0,7100834,,,,,,,,,,,,,,,
332020,0071000,1,岡山県,オカヤマケン,Okayama,,,,倉敷市,クラシキシ,Kurashiki-shi,,,,四十瀬,シジュウセ,Shijuse,,,,,,,,0,0,0,0,0,0,1,1,1947-04-17,,0,7100835,,,,,,,,,,,,,,,
332020,0072000,1,岡山県,オカヤマケン,Okayama,,,,倉敷市,クラシキシ,Kurashiki-shi,,,,下庄,シモショウ,Shimosho,,,,,,,,0,0,0,0,0,0,1,1,1947-04-17,,0,7010112,,,,,,,,,,,,,,,
332020,0074000,1,岡山県,オカヤマケン,Okayama,,,,倉敷市,クラシキシ,Kurashiki-shi,,,,下津井,シモツイ,Shimotsui,,,,,,,,0,0,0,0,0,0,1,1,1947-04-17,,0,7110927,,,,,,,,,,,,,,,
332020,0074001,2,岡山県,オカヤマケン,Okayama,,,,倉敷市,クラシキシ,Kurashiki-shi,,,,下津井,シモツイ,Shimotsui,１丁目,１チョウメ,1,,,,,1,1,0,0,0,0,1,1,1947-04-17,,0,,,,,,,,,,,,,,,,
332020,0074002,2,岡山県,オカヤマケン,Okayama,,,,倉敷市,クラシキシ,Kurashiki-shi,,,,下津井,シモツイ,Shimotsui,２丁目,２チョウメ,2,,,,,0,0,0,0,0,0,1,1,1947-04-17,,0,,,,,,,,,,,,,,,,
332020,0074002,2,岡山県,オカヤマケン,Okayama,,,,倉敷市,クラシキシ,Kurashiki-shi,,,,下津井,シモツイ,Shimotsui,２丁目,２チョウメ,2,,,,,1,1,0,0,0,0,1,1,1947-04-17,,0,,,,,,,,,,,,,,,,
332020,0074003,2,岡山県,オカヤマケン,Okayama,,,,倉敷市,クラシキシ,Kurashiki-shi,,,,下津井,シモツイ,Shimotsui,３丁目,３チョウメ,3,,,,,0,0,0,0,0,0,1,1,1947-04-17,,0,,,,,,,,,,,,,,,,
332020,0074004,2,岡山県,オカヤマケン,Okayama,,,,倉敷市,クラシキシ,Kurashiki-shi,,,,下津井,シモツイ,Shimotsui,４丁目,４チョウメ,4,,,,,1,1,0,0,0,0,1,1,1947-04-17,,0,,,,,,,,,,,,,,,,
332020,0074005,2,岡山県,オカヤマケン,Okayama,,,,倉敷市,クラシキシ,Kurashiki-shi,,,,下津井,シモツイ,Shimotsui,５丁目,５チョウメ,5,,,,,0,0,0,0,0,0,1,1,1947-04-17,,0,,,,,,,,,,,,,,,,
332020,0074005,2,岡山県,オカヤマケン,Okayama,,,,倉敷市,クラシキシ,Kurashiki-shi,,,,下津井,シモツイ,Shimotsui,５丁目,５チョウメ,5,,,,,1,1,0,0,0,0,1,1,1947-04-17,,0,,,,,,,,,,,,,,,,
332020,0076000,1,岡山県,オカヤマケン,Okayama,,,,倉敷市,クラシキシ,Kurashiki-shi,,,,下津井田之浦,シモツイタノウラ,Shimotsui Tanora,,,,,,,,0,0,0,0,0,0,1,1,1947-04-17,,0,7110925,,,,,,,,,,,,,,,
332020,0076001,2,岡山県,オカヤマケン,Okayama,,,,倉敷市,クラシキシ,Kurashiki-shi,,,,下津井田之浦,シモツイタノウラ,Shimotsui Tanora,１丁目,１チョウメ,1,,,,,0,0,0,0,0,0,1,1,1947-04-17,,0,,,,,,,,,,,,,,,,
332020,0076001,2,岡山県,オカヤマケン,Okayama,,,,倉敷市,クラシキシ,Kurashiki-shi,,,,下津井田之浦,シモツイタノウラ,Shimotsui Tanora,１丁目,１チョウメ,1,,,,,1,1,0,0,0,0,1,1,1947-04-17,,0,,,,,,,,,,,,,,,,
332020,0076002,2,岡山県,オカヤマケン,Okayama,,,,倉敷市,クラシキシ,Kurashiki-shi,,,,下津井田之浦,シモツイタノウラ,Shimotsui Tanora,２丁目,２チョウメ,2,,,,,1,1,0,0,0,0,1,1,1947-04-17,,0,,,,,,,,,,,,,,,,
332020,0078000,1,岡山県,オカヤマケン,Okayama,,,,倉敷市,クラシキシ,Kurashiki-shi,,,,下津井吹上,シモツイフキアゲ,Shimotsui Fukiage,,,,,,,,0,0,0,0,0,0,1,1,1947-04-17,,0,7110926,,,,,,,,,,,,,,,
332020,0078001,2,岡山県,オカヤマケン,Okayama,,,,倉敷市,クラシキシ,Kurashiki-shi,,,,下津井吹上,シモツイフキアゲ,Shimotsui Fukiage,１丁目,１チョウメ,1,,,,,1,1,0,0,0,0,1,1,1947-04-17,,0,,,,,,,,,,,,,,,,
332020,0078002,2,岡山県,オカヤマケン,Okayama,,,,倉敷市,クラシキシ,Kurashiki-shi,,,,下津井吹上,シモツイフキアゲ,Shimotsui Fukiage,２丁目,２チョウメ,2,,,,,0,0,0,0,0,0,1,1,1947-04-17,,0,,,,,,,,,,,,,,,,
332020,0078002,2,岡山県,オカヤマケン,Okayama,,,,倉敷市,クラシキシ,Kurashiki-shi,,,,下津井吹上,シモツイフキアゲ,Shimotsui Fukiage,２丁目,２チョウメ,2,,,,,1,1,0,0,0,0,1,1,1947-04-17,,0,,,,,,,,,,,,,,,,
332020,0079000,1,岡山県,オカヤマケン,Okayama,,,,倉敷市,クラシキシ,Kurashiki-shi,,,,庄新町,ショウシンマチ,Shoshimmachi,,,,,,,,1,1,0,0,0,0,1,1,1947-04-17,,0,7010102,,,,,,,,,,,,,,,
332020,0080000,1,岡山県,オカヤマケン,Okayama,,,,倉敷市,クラシキシ,Kurashiki-shi,,,,上東,ジョウトウ,Joto,,,,,,,,0,0,0,0,0,0,1,1,1947-04-17,,0,7010111,,,,,,,,,,,,,,,
332020,0081001,2,岡山県,オカヤマケン,Okayama,,,,倉敷市,クラシキシ,Kurashiki-shi,,,,新倉敷駅前,シンクラシキエキマエ,Shinkurashikiekimae,１丁目,１チョウメ,1,,,,,0,0,0,0,0,0,1,1,1947-04-17,,0,,,,,,,,,,,,,,,,
332020,0081002,2,岡山県,オカヤマケン,Okayama,,,,倉敷市,クラシキシ,Kurashiki-shi,,,,新倉敷駅前,シンクラシキエキマエ,Shinkurashikiekimae,２丁目,２チョウメ,2,,,,,0,0,0,0,0,0,1,1,1947-04-17,,0,,,,,,,,,,,,,,,,
332020,0081003,2,岡山県,オカヤマケン,Okayama,,,,倉敷市,クラシキシ,Kurashiki-shi,,,,新倉敷駅前,シンクラシキエキマエ,Shinkurashikiekimae,３丁目,３チョウメ,3,,,,,0,0,0,0,0,0,1,1,1947-04-17,,0,,,,,,,,,,,,,,,,
332020,0081004,2,岡山県,オカヤマケン,Okayama,,,,倉敷市,クラシキシ,Kurashiki-shi,,,,新倉敷駅前,シンクラシキエキマエ,Shinkurashikiekimae,４丁目,４チョウメ,4,,,,,0,0,0,0,0,0,1,1,1947-04-17,,0,,,,,,,,,,,,,,,,
332020,0081005,2,岡山県,オカヤマケン,Okayama,,,,倉敷市,クラシキシ,Kurashiki-shi,,,,新倉敷駅前,シンクラシキエキマエ,Shinkurashikiekimae,５丁目,５チョウメ,5,,,,,0,0,0,0,0,0,1,1,1947-04-17,,0,,,,,,,,,,,,,,,,
332020,0083000,1,岡山県,オカヤマケン,Okayama,,,,倉敷市,クラシキシ,Kurashiki-shi,,,,祐安,スケヤス,Sukeyasu,,,,,,,,0,0,0,0,0,0,1,1,1947-04-17,,0,7100006,,,,,,,,,,,,,,,
332020,0084000,1,岡山県,オカヤマケン,Okayama,,,,倉敷市,クラシキシ,Kurashiki-shi,,,,曽原,ソバラ,Sobara,,,,,,,,0,0,0,0,0,0,1,1,1947-04-17,,0,7100146,,,,,,,,,,,,,,,
332020,0085000,1,岡山県,オカヤマケン,Okayama,,,,倉敷市,クラシキシ,Kurashiki-shi,,,,高須賀,タカスカ,Takasuka,,,,,,,,0,0,0,0,0,0,1,1,1947-04-17,,0,7100021,,,,,,,,,,,,,,,
332020,0086000,1,岡山県,オカヤマケン,Okayama,,,,倉敷市,クラシキシ,Kurashiki-shi,,,,田ノ上,タノウエ,Tanoe,,,,,,,,0,0,0,0,0,0,1,1,1947-04-17,,0,7100831,,,,,,,,,,,,,,,
332020,0087000,1,岡山県,オカヤマケン,Okayama,,,,倉敷市,クラシキシ,Kurashiki-shi,,,,田ノ上新町,タノウエシンマチ,Tanoeshimmachi,,,,,,,,0,0,0,0,0,0,1,1,1947-04-17,,0,7100832,,,,,,,,,,,,,,,
332020,0089000,1,岡山県,オカヤマケン,Okayama,,,,倉敷市,クラシキシ,Kurashiki-shi,,,,玉島,タマシマ,,,,,,,,,0,0,0,0,0,0,1,0,1947-04-17,,1,,,,,,,,,,,,,,,,
332020,0089001,2,岡山県,オカヤマケン,Okayama,,,,倉敷市,クラシキシ,Kurashiki-shi,,,,玉島,タマシマ,Tamashima,１丁目,１チョウメ,1,,,,,1,1,0,0,0,0,1,1,1947-04-17,,0,,,,,,,,,,,,,,,,
332020,0089002,2,岡山県,オカヤマケン,Okayama,,,,倉敷市,クラシキシ,Kurashiki-shi,,,,玉島,タマシマ,Tamashima,２丁目,２チョウメ,2,,,,,1,1,0,0,0,0,1,1,1947-04-17,,0,,,,,,,,,,,,,,,,
332020,0089003,2,岡山県,オカヤマケン,Okayama,,,,倉敷市,クラシキシ,Kurashiki-shi,,,,玉島,タマシマ,Tamashima,３丁目,３チョウメ,3,,,,,1,1,0,0,0,0,1,1,1947-04-17,,0,,,,,,,,,,,,,,,,
332020,0091000,1,岡山県,オカヤマケン,Okayama,,,,倉敷市,クラシキシ,Kurashiki-shi,,,,玉島阿賀崎,タマシマアガサキ,Tamashima Agasaki,,,,,,,,0,0,0,0,0,0,1,1,1947-04-17,,0,7138121,,,,,,,,,,,,,,,
332020,0091001,2,岡山県,オカヤマケン,Okayama,,,,倉敷市,クラシキシ,Kurashiki-shi,,,,玉島阿賀崎,タマシマアガサキ,Tamashima Agasaki,１丁目,１チョウメ,1,,,,,1,1,0,0,0,0,1,1,1947-04-17,,0,,,,,,,,,,,,,,,,
332020,0091002,2,岡山県,オカヤマケン,Okayama,,,,倉敷市,クラシキシ,Kurashiki-shi,,,,玉島阿賀崎,タマシマアガサキ,Tamashima Agasaki,２丁目,２チョウメ,2,,,,,1,1,0,0,0,0,1,1,1947-04-17,,0,,,,,,,,,,,,,,,,
332020,0091003,2,岡山県,オカヤマケン,Okayama,,,,倉敷市,クラシキシ,Kurashiki-shi,,,,玉島阿賀崎,タマシマアガサキ,Tamashima Agasaki,３丁目,３チョウメ,3,,,,,1,1,0,0,0,0,1,1,1947-04-17,,0,,,,,,,,,,,,,,,,
332020,0091004,2,岡山県,オカヤマケン,Okayama,,,,倉敷市,クラシキシ,Kurashiki-shi,,,,玉島阿賀崎,タマシマアガサキ,Tamashima Agasaki,４丁目,４チョウメ,4,,,,,1,1,0,0,0,0,1,1,1947-04-17,,0,,,,,,,,,,,,,,,,
332020,0091005,2,岡山県,オカヤマケン,Okayama,,,,倉敷市,クラシキシ,Kurashiki-shi,,,,玉島阿賀崎,タマシマアガサキ,Tamashima Agasaki,５丁目,５チョウメ,5,,,,,1,1,0,0,0,0,1,1,1947-04-17,,0,,,,,,,,,,,,,,,,
332020,0092000,1,岡山県,オカヤマケン,Okayama,,,,倉敷市,クラシキシ,Kurashiki-shi,,,,玉島上成,タマシマウワナリ,Tamashima Uwanari,,,,,,,,0,0,0,0,0,0,1,1,1947-04-17,,0,7138101,,,,,,,,,,,,,,,
332020,0093000,1,岡山県,オカヤマケン,Okayama,,,,倉敷市,クラシキシ,Kurashiki-shi,,,,玉島柏島,タマシマカシワジマ,Tamashima Kashiwajima,,,,,,,,0,0,0,0,0,0,1,1,1947-04-17,,0,7138123,,,,,,,,,,,,,,,
332020,0094001,2,岡山県,オカヤマケン,Okayama,,,,倉敷市,クラシキシ,Kurashiki-shi,,,,玉島柏台,タマシマカシワダイ,Tamashima Kashiwadai,１丁目,１チョウメ,1,,,,,1,1,0,0,0,0,1,1,1947-04-17,,0,,,,,,,,,,,,,,,,
332020,0094002,2,岡山県,オカヤマケン,Okayama,,,,倉敷市,クラシキシ,Kurashiki-shi,,,,玉島柏台,タマシマカシワダイ,Tamashima Kashiwadai,２丁目,２チョウメ,2,,,,,1,1,0,0,0,0,1,1,1947-04-17,,0,,,,,,,,,,,,,,,,
332020,0094003,2,岡山県,オカヤマケン,Okayama,,,,倉敷市,クラシキシ,Kurashiki-shi,,,,玉島柏台,タマシマカシワダイ,Tamashima Kashiwadai,３丁目,３チョウメ,3,,,,,1,1,0,0,0,0,1,1,1947-04-17,,0,,,,,,,,,,,,,,,,
332020,0094004,2,岡山県,オカヤマケン,Okayama,,,,倉敷市,クラシキシ,Kurashiki-shi,,,,玉島柏台,タマシマカシワダイ,Tamashima Kashiwadai,４丁目,４チョウメ,4,,,,,1,1,0,0,0,0,1,1,1947-04-17,,0,,,,,,,,,,,,,,,,
332020,0094005,2,岡山県,オカヤマケン,Okayama,,,,倉敷市,クラシキシ,Kurashiki-shi,,,,玉島柏台,タマシマカシワダイ,Tamashima Kashiwadai,５丁目,５チョウメ,5,,,,,1,1,0,0,0,0,1,1,1947-04-17,,0,,,,,,,,,,,,,,,,
332020,0095000,1,岡山県,オカヤマケン,Okayama,,,,倉敷市,クラシキシ,Kurashiki-shi,,,,玉島黒崎,タマシマクロサキ,Tamashima Kurosaki,,,,,,,,0,0,0,0,0,0,1,1,1947-04-17,,0,7138126,,,,,,,,,,,,,,,
332020,0096000,1,岡山県,オカヤマケン,Okayama,,,,倉敷市,クラシキシ,Kurashiki-shi,,,,玉島黒崎新町,タマシマクロサキシンマチ,Tamashima Kurosakishimmachi,,,,,,,,0,0,0,0,0,0,1,1,1947-04-17,,0,7138127,,,,,,,,,,,,,,,
332020,0097000,1,岡山県,オカヤマケン,Okayama,,,,倉敷市,クラシキシ,Kurashiki-shi,,,,玉島陶,タマシマスエ,Tamashima Sue,,,,,,,,0,0,0,0,0,0,1,1,1947-04-17,,0,7138112,,,,,,,,,,,,,,,
332020,0098001,2,岡山県,オカヤマケン,Okayama,,,,倉敷市,クラシキシ,Kurashiki-shi,,,,玉島中央町,タマシマチュウオウチョウ,Tamashima Chuocho,１丁目,１チョウメ,1,,,,,1,1,0,0,0,0,1,1,1947-04-17,,0,,,,,,,,,,,,,,,,
332020,0098002,2,岡山県,オカヤマケン,Okayama,,,,倉敷市,クラシキシ,Kurashiki-shi,,,,玉島中央町,タマシマチュウオウチョウ,Tamashima Chuocho,２丁目,２チョウメ,2,,,,,1,1,0,0,0,0,1,1,1947-04-17,,0,,,,,,,,,,,,,,,,
332020,0098003,2,岡山県,オカヤマケン,Okayama,,,,倉敷市,クラシキシ,Kurashiki-shi,,,,玉島中央町,タマシマチュウオウチョウ,Tamashima Chuocho,３丁目,３チョウメ,3,,,,,1,1,0,0,0,0,1,1,1947-04-17,,0,,,,,,,,,,,,,,,,
332020,0099000,1,岡山県,オカヤマケン,Okayama,,,,倉敷市,クラシキシ,Kurashiki-shi,,,,玉島爪崎,タマシマツマサキ,Tamashima Tsumasaki,,,,,,,,0,0,0,0,0,0,1,1,1947-04-17,,0,7100252,,,,,,,,,,,,,,,
332020,0100000,1,岡山県,オカヤマケン,Okayama,,,,倉敷市,クラシキシ,Kurashiki-shi,,,,玉島富,タマシマトミ,Tamashima Tomi,,,,,,,,0,0,0,0,0,0,1,1,1947-04-17,,0,7138116,,,,,,,,,,,,,,,
332020,0101000,1,岡山県,オカヤマケン,Okayama,,,,倉敷市,クラシキシ,Kurashiki-shi,,,,玉島長尾,タマシマナガオ,Tamashima Nagao,,,,,,,,0,0,0,0,0,0,1,1,1947-04-17,,0,7100251,,,,,,,,,,,,,,,
332020,0102000,1,岡山県,オカヤマケン,Okayama,,,,倉敷市,クラシキシ,Kurashiki-shi,,,,玉島服部,タマシマハットリ,Tamashima Hattori,,,,,,,,0,0,0,0,0,0,1,1,1947-04-17,,0,7138111,,,,,,,,,,,,,,,
332020,0103000,1,岡山県,オカヤマケン,Okayama,,,,倉敷市,クラシキシ,Kurashiki-shi,,,,玉島道口,タマシマミチグチ,Tamashima Michiguchi,,,,,,,,0,0,0,0,0,0,1,1,1947-04-17,,0,7138115,,,,,,,,,,,,,,,
332020,0104000,1,岡山県,オカヤマケン,Okayama,,,,倉敷市,クラシキシ,Kurashiki-shi,,,,玉島道越,タマシマミチゴエ,Tamashima Michigoe,,,,,,,,0,0,0,0,0,0,1,1,1947-04-17,,0,7138114,,,,,,,,,,,,,,,
332020,0105000,1,岡山県,オカヤマケン,Okayama,,,,倉敷市,クラシキシ,Kurashiki-shi,,,,玉島八島,タマシマヤシマ,Tamashima Yashima,,,,,,,,0,0,0,0,0,0,1,1,1947-04-17,,0,7138113,,,,,,,,,,,,,,,
332020,0106000,1,岡山県,オカヤマケン,Okayama,,,,倉敷市,クラシキシ,Kurashiki-shi,,,,玉島勇崎,タマシマユウザキ,Tamashima Yuzaki,,,,,,,,0,0,0,0,0,0,1,1,1947-04-17,,0,7138125,,,,,,,,,,,,,,,
332020,0107000,1,岡山県,オカヤマケン,Okayama,,,,倉敷市,クラシキシ,Kurashiki-shi,,,,茶屋町,チャヤマチ,Chayamachi,,,,,,,,0,0,0,0,0,0,1,1,1947-04-17,,0,7101101,,,,,,,,,,,,,,,
332020,0108000,1,岡山県,オカヤマケン,Okayama,,,,倉敷市,クラシキシ,Kurashiki-shi,,,,茶屋町早沖,チャヤマチハヤオキ,Chayamachihayaoki,,,,,,,,0,0,0,0,0,0,1,1,1947-04-17,,0,7101102,,,,,,,,,,,,,,,
332020,0109001,2,岡山県,オカヤマケン,Okayama,,,,倉敷市,クラシキシ,Kurashiki-shi,,,,中央,チュウオウ,Chuo,１丁目,１チョウメ,1,,,,,1,1,0,0,0,0,1,1,1947-04-17,,0,,,,,,,,,,,,,,,,
332020,0109002,2,岡山県,オカヤマケン,Okayama,,,,倉敷市,クラシキシ,Kurashiki-shi,,,,中央,チュウオウ,Chuo,２丁目,２チョウメ,2,,,,,1,1,0,0,0,0,1,1,1947-04-17,,0,,,,,,,,,,,,,,,,
332020,0110000,1,岡山県,オカヤマケン,Okayama,,,,倉敷市,クラシキシ,Kurashiki-shi,,,,粒浦,ツブウラ,Tsubura,,,,,,,,0,0,0,0,0,0,1,1,1947-04-17,,0,7100036,,,,,,,,,,,,,,,
332020,0111000,1,岡山県,オカヤマケン,Okayama,,,,倉敷市,クラシキシ,Kurashiki-shi,,,,粒江,ツブエ,Tsubue,,,,,,,,0,0,0,0,0,0,1,1,1947-04-17,,0,7100034,,,,,,,,,,,,,,,
332020,0112000,1,岡山県,オカヤマケン,Okayama,,,,倉敷市,クラシキシ,Kurashiki-shi,,,,粒江団地,ツブエダンチ,Tsubuedanchi,,,,,,,,1,1,0,0,0,0,1,1,1947-04-17,,0,7100033,,,,,,,,,,,,,,,
332020,0113001,2,岡山県,オカヤマケン,Okayama,,,,倉敷市,クラシキシ,Kurashiki-shi,,,,連島,ツラジマ,Tsurajima,１丁目,１チョウメ,1,,,,,1,1,0,0,0,0,1,1,1947-04-17,,0,,,,,,,,,,,,,,,,
332020,0113002,2,岡山県,オカヤマケン,Okayama,,,,倉敷市,クラシキシ,Kurashiki-shi,,,,連島,ツラジマ,Tsurajima,２丁目,２チョウメ,2,,,,,1,1,0,0,0,0,1,1,1947-04-17,,0,,,,,,,,,,,,,,,,
332020,0113003,2,岡山県,オカヤマケン,Okayama,,,,倉敷市,クラシキシ,Kurashiki-shi,,,,連島,ツラジマ,Tsurajima,３丁目,３チョウメ,3,,,,,1,1,0,0,0,0,1,1,1947-04-17,,0,,,,,,,,,,,,,,,,
332020,0113004,2,岡山県,オカヤマケン,Okayama,,,,倉敷市,クラシキシ,Kurashiki-shi,,,,連島,ツラジマ,Tsurajima,４丁目,４チョウメ,4,,,,,1,1,0,0,0,0,1,1,1947-04-17,,0,,,,,,,,,,,,,,,,
332020,0113005,2,岡山県,オカヤマケン,Okayama,,,,倉敷市,クラシキシ,Kurashiki-shi,,,,連島,ツラジマ,Tsurajima,５丁目,５チョウメ,5,,,,,1,1,0,0,0,0,1,1,1947-04-17,,0,,,,,,,,,,,,,,,,
332020,0114001,2,岡山県,オカヤマケン,Okayama,,,,倉敷市,クラシキシ,Kurashiki-shi,,,,連島中央,ツラジマチュウオウ,Tsurajimachuo,１丁目,１チョウメ,1,,,,,1,1,0,0,0,0,1,1,1947-04-17,,0,,,,,,,,,,,,,,,,
332020,0114002,2,岡山県,オカヤマケン,Okayama,,,,倉敷市,クラシキシ,Kurashiki-shi,,,,連島中央,ツラジマチュウオウ,Tsurajimachuo,２丁目,２チョウメ,2,,,,,1,1,0,0,0,0,1,1,1947-04-17,,0,,,,,,,,,,,,,,,,
332020,0114003,2,岡山県,オカヤマケン,Okayama,,,,倉敷市,クラシキシ,Kurashiki-shi,,,,連島中央,ツラジマチュウオウ,Tsurajimachuo,３丁目,３チョウメ,3,,,,,1,1,0,0,0,0,1,1,1947-04-17,,0,,,,,,,,,,,,,,,,
332020,0114004,2,岡山県,オカヤマケン,Okayama,,,,倉敷市,クラシキシ,Kurashiki-shi,,,,連島中央,ツラジマチュウオウ,Tsurajimachuo,４丁目,４チョウメ,4,,,,,1,1,0,0,0,0,1,1,1947-04-17,,0,,,,,,,,,,,,,,,,
332020,0114005,2,岡山県,オカヤマケン,Okayama,,,,倉敷市,クラシキシ,Kurashiki-shi,,,,連島中央,ツラジマチュウオウ,Tsurajimachuo,５丁目,５チョウメ,5,,,,,1,1,0,0,0,0,1,1,1947-04-17,,0,,,,,,,,,,,,,,,,
332020,0115000,1,岡山県,オカヤマケン,Okayama,,,,倉敷市,クラシキシ,Kurashiki-shi,,,,連島町亀島新田,ツラジマチョウカメジマシンデン,Tsurajimacho Kamejimashinden,,,,,,,,0,0,0,0,0,0,1,1,1947-04-17,,0,7128002,,,,,,,,,,,,,,,
332020,0116000,1,岡山県,オカヤマケン,Okayama,,,,倉敷市,クラシキシ,Kurashiki-shi,,,,連島町連島,ツラジマチョウツラジマ,Tsurajimacho Tsurajima,,,,,,,,0,0,0,0,0,0,1,1,1947-04-17,,0,7128011,,,,,,,,,,,,,,,
332020,0117000,1,岡山県,オカヤマケン,Okayama,,,,倉敷市,クラシキシ,Kurashiki-shi,,,,連島町鶴新田,ツラジマチョウツルシンデン,Tsurajimacho Tsurushinden,,,,,,,,0,0,0,0,0,0,1,1,1947-04-17,,0,7128006,,,,,,,,,,,,,,,
332020,0118000,1,岡山県,オカヤマケン,Okayama,,,,倉敷市,クラシキシ,Kurashiki-shi,,,,連島町西之浦,ツラジマチョウニシノウラ,Tsurajimacho Nishinora,,,,,,,,0,0,0,0,0,0,1,1,1947-04-17,,0,7128001,,,,,,,,,,,,,,,
332020,0119000,1,岡山県,オカヤマケン,Okayama,,,,倉敷市,クラシキシ,Kurashiki-shi,,,,連島町矢柄,ツラジマチョウヤガラ,Tsurajimacho Yagara,,,,,,,,0,0,0,0,0,0,1,1,1947-04-17,,0,7128015,,,,,,,,,,,,,,,
332020,0120001,2,岡山県,オカヤマケン,Okayama,,,,倉敷市,クラシキシ,Kurashiki-shi,,,,鶴形,ツルガタ,Tsurugata,１丁目,１チョウメ,1,,,,,1,1,0,0,0,0,1,1,1947-04-17,,0,,,,,,,,,,,,,,,,
332020,0120002,2,岡山県,オカヤマケン,Okayama,,,,倉敷市,クラシキシ,Kurashiki-shi,,,,鶴形,ツルガタ,Tsurugata,２丁目,２チョウメ,2,,,,,1,1,0,0,0,0,1,1,1947-04-17,,0,,,,,,,,,,,,,,,,
332020,0121001,2,岡山県,オカヤマケン,Okayama,,,,倉敷市,クラシキシ,Kurashiki-shi,,,,鶴の浦,ツルノウラ,Tsurunora,１丁目,１チョウメ,1,,,,,1,1,0,0,0,0,1,1,1947-04-17,,0,,,,,,,,,,,,,,,,
332020,0121002,2,岡山県,オカヤマケン,Okayama,,,,倉敷市,クラシキシ,Kurashiki-shi,,,,鶴の浦,ツルノウラ,Tsurunora,２丁目,２チョウメ,2,,,,,1,1,0,0,0,0,1,1,1947-04-17,,0,,,,,,,,,,,,,,,,
332020,0121003,2,岡山県,オカヤマケン,Okayama,,,,倉敷市,クラシキシ,Kurashiki-shi,,,,鶴の浦,ツルノウラ,Tsurunora,３丁目,３チョウメ,3,,,,,1,1,0,0,0,0,1,1,1947-04-17,,0,,,,,,,,,,,,,,,,
332020,0122000,1,岡山県,オカヤマケン,Okayama,,,,倉敷市,クラシキシ,Kurashiki-shi,,,,徳芳,トクボウ,Tokubo,,,,,,,,0,0,0,0,0,0,1,1,1947-04-17,,0,7100011,,,,,,,,,,,,,,,
332020,0123000,1,岡山県,オカヤマケン,Okayama,,,,倉敷市,クラシキシ,Kurashiki-shi,,,,鳥羽,トバ,Toba,,,,,,,,0,0,0,0,0,0,1,1,1947-04-17,,0,7100012,,,,,,,,,,,,,,,
332020,0124000,1,岡山県,オカヤマケン,Okayama,,,,倉敷市,クラシキシ,Kurashiki-shi,,,,中帯江,ナカオビエ,Nakaobie,,,,,,,,0,0,0,0,0,0,1,1,1947-04-17,,0,7100013,,,,,,,,,,,,,,,
332020,0127000,1,岡山県,オカヤマケン,Okayama,,,,倉敷市,クラシキシ,Kurashiki-shi,,,,中庄団地,ナカショウダンチ,Nakashodanchi,,,,,,,,1,1,0,0,0,0,1,1,1947-04-17,,0,7100015,,,,,,,,,,,,,,,
332020,0128001,2,岡山県,オカヤマケン,Okayama,,,,倉敷市,クラシキシ,Kurashiki-shi,,,,中畝,ナカセ,Nakase,１丁目,１チョウメ,1,,,,,1,1,0,0,0,0,1,1,1947-04-17,,0,,,,,,,,,,,,,,,,
332020,0128002,2,岡山県,オカヤマケン,Okayama,,,,倉敷市,クラシキシ,Kurashiki-shi,,,,中畝,ナカセ,Nakase,２丁目,２チョウメ,2,,,,,1,1,0,0,0,0,1,1,1947-04-17,,0,,,,,,,,,,,,,,,,
332020,0128003,2,岡山県,オカヤマケン,Okayama,,,,倉敷市,クラシキシ,Kurashiki-shi,,,,中畝,ナカセ,Nakase,３丁目,３チョウメ,3,,,,,1,1,0,0,0,0,1,1,1947-04-17,,0,,,,,,,,,,,,,,,,
332020,0128004,2,岡山県,オカヤマケン,Okayama,,,,倉敷市,クラシキシ,Kurashiki-shi,,,,中畝,ナカセ,Nakase,４丁目,４チョウメ,4,,,,,1,1,0,0,0,0,1,1,1947-04-17,,0,,,,,,,,,,,,,,,,
332020,0128005,2,岡山県,オカヤマケン,Okayama,,,,倉敷市,クラシキシ,Kurashiki-shi,,,,中畝,ナカセ,Nakase,５丁目,５チョウメ,5,,,,,1,1,0,0,0,0,1,1,1947-04-17,,0,,,,,,,,,,,,,,,,
332020,0128006,2,岡山県,オカヤマケン,Okayama,,,,倉敷市,クラシキシ,Kurashiki-shi,,,,中畝,ナカセ,Nakase,６丁目,６チョウメ,6,,,,,1,1,0,0,0,0,1,1,1947-04-17,,0,,,,,,,,,,,,,,,,
332020,0128007,2,岡山県,オカヤマケン,Okayama,,,,倉敷市,クラシキシ,Kurashiki-shi,,,,中畝,ナカセ,Nakase,７丁目,７チョウメ,7,,,,,1,1,0,0,0,0,1,1,1947-04-17,,0,,,,,,,,,,,,,,,,
332020,0128008,2,岡山県,オカヤマケン,Okayama,,,,倉敷市,クラシキシ,Kurashiki-shi,,,,中畝,ナカセ,Nakase,８丁目,８チョウメ,8,,,,,1,1,0,0,0,0,1,1,1947-04-17,,0,,,,,,,,,,,,,,,,
332020,0128009,2,岡山県,オカヤマケン,Okayama,,,,倉敷市,クラシキシ,Kurashiki-shi,,,,中畝,ナカセ,Nakase,９丁目,９チョウメ,9,,,,,1,1,0,0,0,0,1,1,1947-04-17,,0,,,,,,,,,,,,,,,,
332020,0128010,2,岡山県,オカヤマケン,Okayama,,,,倉敷市,クラシキシ,Kurashiki-shi,,,,中畝,ナカセ,Nakase,１０丁目,１０チョウメ,10,,,,,1,1,0,0,0,0,1,1,1947-04-17,,0,,,,,,,,,,,,,,,,
332020,0129000,1,岡山県,オカヤマケン,Okayama,,,,倉敷市,クラシキシ,Kurashiki-shi,,,,西阿知町,ニシアチチョウ,Nishiachicho,,,,,,,,0,0,0,0,0,0,1,1,1947-04-17,,0,7100807,,,,,,,,,,,,,,,
332020,0130000,1,岡山県,オカヤマケン,Okayama,,,,倉敷市,クラシキシ,Kurashiki-shi,,,,西阿知町新田,ニシアチチョウシンデン,Nishiachicho Shinden,,,,,,,,0,0,0,0,0,0,1,1,1947-04-17,,0,7100804,,,,,,,,,,,,,,,
332020,0131000,1,岡山県,オカヤマケン,Okayama,,,,倉敷市,クラシキシ,Kurashiki-shi,,,,西阿知町西原,ニシアチチョウニシバラ,Nishiachicho Nishibara,,,,,,,,0,0,0,0,0,0,1,1,1947-04-17,,0,7100806,,,,,,,,,,,,,,,
332020,0132000,1,岡山県,オカヤマケン,Okayama,,,,倉敷市,クラシキシ,Kurashiki-shi,,,,西尾,ニシオ,Nishio,,,,,,,,0,0,0,0,0,0,1,1,1947-04-17,,0,7010103,,,,,,,,,,,,,,,
332020,0133000,1,岡山県,オカヤマケン,Okayama,,,,倉敷市,クラシキシ,Kurashiki-shi,,,,西岡,ニシオカ,Nishioka,,,,,,,,0,0,0,0,0,0,1,1,1947-04-17,,0,7100005,,,,,,,,,,,,,,,
332020,0134000,1,岡山県,オカヤマケン,Okayama,,,,倉敷市,クラシキシ,Kurashiki-shi,,,,西坂,ニシザカ,Nishizaka,,,,,,,,0,0,0,0,0,0,1,1,1947-04-17,,0,7100004,,,,,,,,,,,,,,,
332020,0135000,1,岡山県,オカヤマケン,Okayama,,,,倉敷市,クラシキシ,Kurashiki-shi,,,,西田,ニシダ,Nishida,,,,,,,,0,0,0,0,0,0,1,1,1947-04-17,,0,7100027,,,,,,,,,,,,,,,
332020,0136000,1,岡山県,オカヤマケン,Okayama,,,,倉敷市,クラシキシ,Kurashiki-shi,,,,西富井,ニシトミイ,Nishitomii,,,,,,,,0,0,0,0,0,0,1,1,1947-04-17,,0,7100845,,,,,,,,,,,,,,,
332020,0138000,1,岡山県,オカヤマケン,Okayama,,,,倉敷市,クラシキシ,Kurashiki-shi,,,,白楽町,バクロチョウ,Bakurocho,,,,,,,,0,0,0,0,0,0,1,1,1947-04-17,,0,7100824,,,,,,,,,,,,,,,
332020,0139000,1,岡山県,オカヤマケン,Okayama,,,,倉敷市,クラシキシ,Kurashiki-shi,,,,羽島,ハシマ,Hashima,,,,,,,,0,0,0,0,0,0,1,1,1947-04-17,,0,7100043,,,,,,,,,,,,,,,
332020,0140000,1,岡山県,オカヤマケン,Okayama,,,,倉敷市,クラシキシ,Kurashiki-shi,,,,八王寺町,ハチオウジチョウ,Hachiojicho,,,,,,,,0,0,0,0,0,0,1,1,1947-04-17,,0,7100816,,,,,,,,,,,,,,,
332020,0141000,1,岡山県,オカヤマケン,Okayama,,,,倉敷市,クラシキシ,Kurashiki-shi,,,,八軒屋,ハチケンヤ,Hachikenya,,,,,,,,0,0,0,0,0,0,1,1,1947-04-17,,0,7100037,,,,,,,,,,,,,,,
332020,0143000,1,岡山県,オカヤマケン,Okayama,,,,倉敷市,クラシキシ,Kurashiki-shi,,,,浜ノ茶屋,ハマノチャヤ,Hamanochaya,,,,,,,,0,0,0,0,0,0,1,1,1947-04-17,,0,7100061,,,,,,,,,,,,,,,
332020,0143001,2,岡山県,オカヤマケン,Okayama,,,,倉敷市,クラシキシ,Kurashiki-shi,,,,浜ノ茶屋,ハマノチャヤ,Hamanochaya,１丁目,１チョウメ,1,,,,,1,1,0,0,0,0,1,1,1947-04-17,,0,,,,,,,,,,,,,,,,
332020,0143002,2,岡山県,オカヤマケン,Okayama,,,,倉敷市,クラシキシ,Kurashiki-shi,,,,浜ノ茶屋,ハマノチャヤ,Hamanochaya,２丁目,２チョウメ,2,,,,,1,1,0,0,0,0,1,1,1947-04-17,,0,,,,,,,,,,,,,,,,
332020,0144001,2,岡山県,オカヤマケン,Okayama,,,,倉敷市,クラシキシ,Kurashiki-shi,,,,浜町,ハママチ,Hamamachi,１丁目,１チョウメ,1,,,,,1,1,0,0,0,0,1,1,1947-04-17,,0,,,,,,,,,,,,,,,,
332020,0144002,2,岡山県,オカヤマケン,Okayama,,,,倉敷市,クラシキシ,Kurashiki-shi,,,,浜町,ハママチ,Hamamachi,２丁目,２チョウメ,2,,,,,1,1,0,0,0,0,1,1,1947-04-17,,0,,,,,,,,,,,,,,,,
332020,0145000,1,岡山県,オカヤマケン,Okayama,,,,倉敷市,クラシキシ,Kurashiki-shi,,,,林,ハヤシ,Hayashi,,,,,,,,0,0,0,0,0,0,1,1,1947-04-17,,0,7100142,,,,,,,,,,,,,,,
332020,0146000,1,岡山県,オカヤマケン,Okayama,,,,倉敷市,クラシキシ,Kurashiki-shi,,,,早高,ハヤタカ,Hayataka,,,,,,,,0,0,0,0,0,0,1,1,1947-04-17,,0,7100022,,,,,,,,,,,,,,,
332020,0147001,2,岡山県,オカヤマケン,Okayama,,,,倉敷市,クラシキシ,Kurashiki-shi,,,,東塚,ヒガシヅカ,Higashizuka,１丁目,１チョウメ,1,,,,,1,1,0,0,0,0,1,1,1947-04-17,,0,,,,,,,,,,,,,,,,
332020,0147002,2,岡山県,オカヤマケン,Okayama,,,,倉敷市,クラシキシ,Kurashiki-shi,,,,東塚,ヒガシヅカ,Higashizuka,２丁目,２チョウメ,2,,,,,1,1,0,0,0,0,1,1,1947-04-17,,0,,,,,,,,,,,,,,,,
332020,0147003,2,岡山県,オカヤマケン,Okayama,,,,倉敷市,クラシキシ,Kurashiki-shi,,,,東塚,ヒガシヅカ,Higashizuka,３丁目,３チョウメ,3,,,,,1,1,0,0,0,0,1,1,1947-04-17,,0,,,,,,,,,,,,,,,,
332020,0147004,2,岡山県,オカヤマケン,Okayama,,,,倉敷市,クラシキシ,Kurashiki-shi,,,,東塚,ヒガシヅカ,Higashizuka,４丁目,４チョウメ,4,,,,,1,1,0,0,0,0,1,1,1947-04-17,,0,,,,,,,,,,,,,,,,
332020,0147005,2,岡山県,オカヤマケン,Okayama,,,,倉敷市,クラシキシ,Kurashiki-shi,,,,東塚,ヒガシヅカ,Higashizuka,５丁目,５チョウメ,5,,,,,1,1,0,0,0,0,1,1,1947-04-17,,0,,,,,,,,,,,,,,,,
332020,0147006,2,岡山県,オカヤマケン,Okayama,,,,倉敷市,クラシキシ,Kurashiki-shi,,,,東塚,ヒガシヅカ,Higashizuka,６丁目,６チョウメ,6,,,,,1,1,0,0,0,0,1,1,1947-04-17,,0,,,,,,,,,,,,,,,,
332020,0147007,2,岡山県,オカヤマケン,Okayama,,,,倉敷市,クラシキシ,Kurashiki-shi,,,,東塚,ヒガシヅカ,Higashizuka,７丁目,７チョウメ,7,,,,,1,1,0,0,0,0,1,1,1947-04-17,,0,,,,,,,,,,,,,,,,
332020,0148000,1,岡山県,オカヤマケン,Okayama,,,,倉敷市,クラシキシ,Kurashiki-shi,,,,東粒浦,ヒガシツブウラ,Higashitsubura,,,,,,,,1,1,0,0,0,0,1,1,1947-04-17,,0,7100032,,,,,,,,,,,,,,,
332020,0149000,1,岡山県,オカヤマケン,Okayama,,,,倉敷市,クラシキシ,Kurashiki-shi,,,,東富井,ヒガシトミイ,Higashitomii,,,,,,,,0,0,0,0,0,0,1,1,1947-04-17,,0,7100847,,,,,,,,,,,,,,,
332020,0151001,2,岡山県,オカヤマケン,Okayama,,,,倉敷市,クラシキシ,Kurashiki-shi,,,,日ノ出町,ヒノデチョウ,Hinodecho,１丁目,１チョウメ,1,,,,,1,1,0,0,0,0,1,1,1947-04-17,,0,,,,,,,,,,,,,,,,
332020,0151002,2,岡山県,オカヤマケン,Okayama,,,,倉敷市,クラシキシ,Kurashiki-shi,,,,日ノ出町,ヒノデチョウ,Hinodecho,２丁目,２チョウメ,2,,,,,1,1,0,0,0,0,1,1,1947-04-17,,0,,,,,,,,,,,,,,,,
332020,0152000,1,岡山県,オカヤマケン,Okayama,,,,倉敷市,クラシキシ,Kurashiki-shi,,,,日畑,ヒバタ,Hibata,,,,,,,,0,0,0,0,0,0,1,1,1947-04-17,,0,7010101,,,,,,,,,,,,,,,
332020,0153000,1,岡山県,オカヤマケン,Okayama,,,,倉敷市,クラシキシ,Kurashiki-shi,,,,日吉町,ヒヨセチョウ,Hiyosecho,,,,,,,,0,0,0,0,0,0,1,1,1947-04-17,,0,7100815,,,,,,,,,,,,,,,
332020,0155001,2,岡山県,オカヤマケン,Okayama,,,,倉敷市,クラシキシ,Kurashiki-shi,,,,広江,ヒロエ,Hiroe,１丁目,１チョウメ,1,,,,,1,1,0,0,0,0,1,1,1947-04-17,,0,,,,,,,,,,,,,,,,
332020,0155002,2,岡山県,オカヤマケン,Okayama,,,,倉敷市,クラシキシ,Kurashiki-shi,,,,広江,ヒロエ,Hiroe,２丁目,２チョウメ,2,,,,,1,1,0,0,0,0,1,1,1947-04-17,,0,,,,,,,,,,,,,,,,
332020,0155003,2,岡山県,オカヤマケン,Okayama,,,,倉敷市,クラシキシ,Kurashiki-shi,,,,広江,ヒロエ,Hiroe,３丁目,３チョウメ,3,,,,,1,1,0,0,0,0,1,1,1947-04-17,,0,,,,,,,,,,,,,,,,
332020,0155004,2,岡山県,オカヤマケン,Okayama,,,,倉敷市,クラシキシ,Kurashiki-shi,,,,広江,ヒロエ,Hiroe,４丁目,４チョウメ,4,,,,,1,1,0,0,0,0,1,1,1947-04-17,,0,,,,,,,,,,,,,,,,
332020,0155005,2,岡山県,オカヤマケン,Okayama,,,,倉敷市,クラシキシ,Kurashiki-shi,,,,広江,ヒロエ,Hiroe,５丁目,５チョウメ,5,,,,,1,1,0,0,0,0,1,1,1947-04-17,,0,,,,,,,,,,,,,,,,
332020,0155006,2,岡山県,オカヤマケン,Okayama,,,,倉敷市,クラシキシ,Kurashiki-shi,,,,広江,ヒロエ,Hiroe,６丁目,６チョウメ,6,,,,,1,1,0,0,0,0,1,1,1947-04-17,,0,,,,,,,,,,,,,,,,
332020,0155007,2,岡山県,オカヤマケン,Okayama,,,,倉敷市,クラシキシ,Kurashiki-shi,,,,広江,ヒロエ,Hiroe,７丁目,７チョウメ,7,,,,,1,1,0,0,0,0,1,1,1947-04-17,,0,,,,,,,,,,,,,,,,
332020,0155008,2,岡山県,オカヤマケン,Okayama,,,,倉敷市,クラシキシ,Kurashiki-shi,,,,広江,ヒロエ,Hiroe,８丁目,８チョウメ,8,,,,,1,1,0,0,0,0,1,1,1947-04-17,,0,,,,,,,,,,,,,,,,
332020,0158000,1,岡山県,オカヤマケン,Okayama,,,,倉敷市,クラシキシ,Kurashiki-shi,,,,福島,フクシマ,Fukushima,,,,,,,,0,0,0,0,0,0,1,1,1947-04-17,,0,7100048,,,,,,,,,,,,,,,
332020,0159000,1,岡山県,オカヤマケン,Okayama,,,,倉敷市,クラシキシ,Kurashiki-shi,,,,福田町浦田,フクダチョウウラダ,Fukudacho Urada,,,,,,,,0,0,0,0,0,0,1,1,1947-04-17,,0,7128031,,,,,,,,,,,,,,,
332020,0160000,1,岡山県,オカヤマケン,Okayama,,,,倉敷市,クラシキシ,Kurashiki-shi,,,,福田町古新田,フクダチョウコシンデン,Fukudacho Koshinden,,,,,,,,0,0,0,0,0,0,1,1,1947-04-17,,0,7128046,,,,,,,,,,,,,,,
332020,0161000,1,岡山県,オカヤマケン,Okayama,,,,倉敷市,クラシキシ,Kurashiki-shi,,,,福田町東塚,フクダチョウヒガシヅカ,Fukudacho Higashizuka,,,,,,,,0,0,0,0,0,0,1,1,1947-04-17,,0,7128045,,,,,,,,,,,,,,,
332020,0162000,1,岡山県,オカヤマケン,Okayama,,,,倉敷市,クラシキシ,Kurashiki-shi,,,,福田町広江,フクダチョウヒロエ,Fukudacho Hiroe,,,,,,,,0,0,0,0,0,0,1,1,1947-04-17,,0,7128042,,,,,,,,,,,,,,,
332020,0163000,1,岡山県,オカヤマケン,Okayama,,,,倉敷市,クラシキシ,Kurashiki-shi,,,,福田町福田,フクダチョウフクダ,Fukudacho Fukuda,,,,,,,,0,0,0,0,0,0,1,1,1947-04-17,,0,7128041,,,,,,,,,,,,,,,
332020,0164000,1,岡山県,オカヤマケン,Okayama,,,,倉敷市,クラシキシ,Kurashiki-shi,,,,福田町南畝,フクダチョウミナミセ,,,,,,,,,0,0,0,0,0,0,1,0,1947-04-17,,0,,,,,,,,,,,,,,,,
332020,0166000,1,岡山県,オカヤマケン,Okayama,,,,倉敷市,クラシキシ,Kurashiki-shi,,,,藤戸町藤戸,フジトチョウフジト,Fujitocho Fujito,,,,,,,,0,0,0,0,0,0,1,1,1947-04-17,,0,7100133,,,,,,,,,,,,,,,
332020,0167000,1,岡山県,オカヤマケン,Okayama,,,,倉敷市,クラシキシ,Kurashiki-shi,,,,二子,フタゴ,Futago,,,,,,,,0,0,0,0,0,0,1,1,1947-04-17,,0,7010115,,,,,,,,,,,,,,,
332020,0168000,1,岡山県,オカヤマケン,Okayama,,,,倉敷市,クラシキシ,Kurashiki-shi,,,,二日市,フツカイチ,Futsukaichi,,,,,,,,0,0,0,0,0,0,1,1,1947-04-17,,0,7100042,,,,,,,,,,,,,,,
332020,0169000,1,岡山県,オカヤマケン,Okayama,,,,倉敷市,クラシキシ,Kurashiki-shi,,,,船穂町船穂,フナオチョウフナオ,Funaocho Funao,,,,,,,,0,0,0,0,0,0,1,1,1947-04-17,,0,7100261,,,,,,,,,,,,,,,
332020,0170000,1,岡山県,オカヤマケン,Okayama,,,,倉敷市,クラシキシ,Kurashiki-shi,,,,船穂町水江,フナオチョウミズエ,Funaocho Mizue,,,,,,,,0,0,0,0,0,0,1,1,1947-04-17,,0,7100262,,,,,,,,,,,,,,,
332020,0171000,1,岡山県,オカヤマケン,Okayama,,,,倉敷市,クラシキシ,Kurashiki-shi,,,,船穂町柳井原,フナオチョウヤナイハラ,Funaocho Yanaihara,,,,,,,,0,0,0,0,0,0,1,1,1947-04-17,,0,7100263,,,,,,,,,,,,,,,
332020,0172000,1,岡山県,オカヤマケン,Okayama,,,,倉敷市,クラシキシ,Kurashiki-shi,,,,船倉町,フナグラチョウ,Funaguracho,,,,,,,,0,0,0,0,0,0,1,1,1947-04-17,,0,7100045,,,,,,,,,,,,,,,
332020,0173000,1,岡山県,オカヤマケン,Okayama,,,,倉敷市,クラシキシ,Kurashiki-shi,,,,堀南,ホリナン,Horinan,,,,,,,,0,0,0,0,0,0,1,1,1947-04-17,,0,7100841,,,,,,,,,,,,,,,
332020,0174000,1,岡山県,オカヤマケン,Okayama,,,,倉敷市,クラシキシ,Kurashiki-shi,,,,本町,ホンマチ,Hommachi,,,,,,,,1,1,0,0,0,0,1,1,1947-04-17,,0,7100054,,,,,,,,,,,,,,,
332020,0175001,2,岡山県,オカヤマケン,Okayama,,,,倉敷市,クラシキシ,Kurashiki-shi,,,,松江,マツエ,Matsue,１丁目,１チョウメ,1,,,,,1,1,0,0,0,0,1,1,1947-04-17,,0,,,,,,,,,,,,,,,,
332020,0175002,2,岡山県,オカヤマケン,Okayama,,,,倉敷市,クラシキシ,Kurashiki-shi,,,,松江,マツエ,Matsue,２丁目,２チョウメ,2,,,,,1,1,0,0,0,0,1,1,1947-04-17,,0,,,,,,,,,,,,,,,,
332020,0175003,2,岡山県,オカヤマケン,Okayama,,,,倉敷市,クラシキシ,Kurashiki-shi,,,,松江,マツエ,Matsue,３丁目,３チョウメ,3,,,,,1,1,0,0,0,0,1,1,1947-04-17,,0,,,,,,,,,,,,,,,,
332020,0175004,2,岡山県,オカヤマケン,Okayama,,,,倉敷市,クラシキシ,Kurashiki-shi,,,,松江,マツエ,Matsue,４丁目,４チョウメ,4,,,,,1,1,0,0,0,0,1,1,1947-04-17,,0,,,,,,,,,,,,,,,,
332020,0177000,1,岡山県,オカヤマケン,Okayama,,,,倉敷市,クラシキシ,Kurashiki-shi,,,,真備町有井,マビチョウアリイ,Mabicho Arii,,,,,,,,0,0,0,0,0,0,1,1,1947-04-17,,0,7101306,,,,,,,,,,,,,,,
332020,0178000,1,岡山県,オカヤマケン,Okayama,,,,倉敷市,クラシキシ,Kurashiki-shi,,,,真備町市場,マビチョウイチバ,Mabicho Ichiba,,,,,,,,0,0,0,0,0,0,1,1,1947-04-17,,0,7101305,,,,,,,,,,,,,,,
332020,0179000,1,岡山県,オカヤマケン,Okayama,,,,倉敷市,クラシキシ,Kurashiki-shi,,,,真備町岡田,マビチョウオカダ,Mabicho Okada,,,,,,,,0,0,0,0,0,0,1,1,1947-04-17,,0,7101311,,,,,,,,,,,,,,,
332020,0180000,1,岡山県,オカヤマケン,Okayama,,,,倉敷市,クラシキシ,Kurashiki-shi,,,,真備町尾崎,マビチョウオサキ,Mabicho Osaki,,,,,,,,0,0,0,0,0,0,1,1,1947-04-17,,0,7101304,,,,,,,,,,,,,,,
332020,0181000,1,岡山県,オカヤマケン,Okayama,,,,倉敷市,クラシキシ,Kurashiki-shi,,,,真備町上二万,マビチョウカミニマ,Mabicho Kaminima,,,,,,,,0,0,0,0,0,0,1,1,1947-04-17,,0,7101315,,,,,,,,,,,,,,,
332020,0182000,1,岡山県,オカヤマケン,Okayama,,,,倉敷市,クラシキシ,Kurashiki-shi,,,,真備町川辺,マビチョウカワベ,Mabicho Kawabe,,,,,,,,0,0,0,0,0,0,1,1,1947-04-17,,0,7101313,,,,,,,,,,,,,,,
332020,0183000,1,岡山県,オカヤマケン,Okayama,,,,倉敷市,クラシキシ,Kurashiki-shi,,,,真備町下二万,マビチョウシモニマ,Mabicho Shimonima,,,,,,,,0,0,0,0,0,0,1,1,1947-04-17,,0,7101314,,,,,,,,,,,,,,,
332020,0184000,1,岡山県,オカヤマケン,Okayama,,,,倉敷市,クラシキシ,Kurashiki-shi,,,,真備町妹,マビチョウセ,Mabicho Se,,,,,,,,0,0,0,0,0,0,1,1,1947-04-17,,0,7101303,,,,,,,,,,,,,,,
332020,0185000,1,岡山県,オカヤマケン,Okayama,,,,倉敷市,クラシキシ,Kurashiki-shi,,,,真備町辻田,マビチョウツジタ,Mabicho Tsujita,,,,,,,,0,0,0,0,0,0,1,1,1947-04-17,,0,7101312,,,,,,,,,,,,,,,
332020,0186000,1,岡山県,オカヤマケン,Okayama,,,,倉敷市,クラシキシ,Kurashiki-shi,,,,真備町服部,マビチョウハットリ,Mabicho Hattori,,,,,,,,0,0,0,0,0,0,1,1,1947-04-17,,0,7101302,,,,,,,,,,,,,,,
332020,0187000,1,岡山県,オカヤマケン,Okayama,,,,倉敷市,クラシキシ,Kurashiki-shi,,,,真備町箭田,マビチョウヤタ,Mabicho Yata,,,,,,,,0,0,0,0,0,0,1,1,1947-04-17,,0,7101301,,,,,,,,,,,,,,,
332020,0189000,1,岡山県,オカヤマケン,Okayama,,,,倉敷市,クラシキシ,Kurashiki-shi,,,,水島相生町,ミズシマアイオイチョウ,Mizushima Aioicho,,,,,,,,1,1,0,0,0,0,1,1,1947-04-17,,0,7128039,,,,,,,,,,,,,,,
332020,0190000,1,岡山県,オカヤマケン,Okayama,,,,倉敷市,クラシキシ,Kurashiki-shi,,,,水島青葉町,ミズシマアオバチョウ,Mizushima Aobacho,,,,,,,,1,1,0,0,0,0,1,1,1947-04-17,,0,7128064,,,,,,,,,,,,,,,
332020,0191001,2,岡山県,オカヤマケン,Okayama,,,,倉敷市,クラシキシ,Kurashiki-shi,,,,水島海岸通,ミズシマカイガンドオリ,Mizushima Kaigandori,１丁目,１チョウメ,1,,,,,0,0,0,0,0,0,1,1,1947-04-17,,0,,,,,,,,,,,,,,,,
332020,0191002,2,岡山県,オカヤマケン,Okayama,,,,倉敷市,クラシキシ,Kurashiki-shi,,,,水島海岸通,ミズシマカイガンドオリ,Mizushima Kaigandori,２丁目,２チョウメ,2,,,,,0,0,0,0,0,0,1,1,1947-04-17,,0,,,,,,,,,,,,,,,,
332020,0191003,2,岡山県,オカヤマケン,Okayama,,,,倉敷市,クラシキシ,Kurashiki-shi,,,,水島海岸通,ミズシマカイガンドオリ,Mizushima Kaigandori,３丁目,３チョウメ,3,,,,,0,0,0,0,0,0,1,1,1947-04-17,,0,,,,,,,,,,,,,,,,
332020,0191004,2,岡山県,オカヤマケン,Okayama,,,,倉敷市,クラシキシ,Kurashiki-shi,,,,水島海岸通,ミズシマカイガンドオリ,Mizushima Kaigandori,４丁目,４チョウメ,4,,,,,0,0,0,0,0,0,1,1,1947-04-17,,0,,,,,,,,,,,,,,,,
332020,0191005,2,岡山県,オカヤマケン,Okayama,,,,倉敷市,クラシキシ,Kurashiki-shi,,,,水島海岸通,ミズシマカイガンドオリ,Mizushima Kaigandori,５丁目,５チョウメ,5,,,,,0,0,0,0,0,0,1,1,1947-04-17,,0,,,,,,,,,,,,,,,,
332020,0192001,2,岡山県,オカヤマケン,Okayama,,,,倉敷市,クラシキシ,Kurashiki-shi,,,,水島川崎通,ミズシマカワサキドオリ,Mizushima Kawasakidori,１丁目,１チョウメ,1,,,,,0,0,0,0,0,0,1,1,1947-04-17,,0,,,,,,,,,,,,,,,,
332020,0193000,1,岡山県,オカヤマケン,Okayama,,,,倉敷市,クラシキシ,Kurashiki-shi,,,,水島北春日町,ミズシマキタカスガチョウ,Mizushima Kitakasugacho,,,,,,,,1,1,0,0,0,0,1,1,1947-04-17,,0,7128024,,,,,,,,,,,,,,,
332020,0194000,1,岡山県,オカヤマケン,Okayama,,,,倉敷市,クラシキシ,Kurashiki-shi,,,,水島北亀島町,ミズシマキタカメジマチョウ,Mizushima Kitakamejimacho,,,,,,,,1,1,0,0,0,0,1,1,1947-04-17,,0,7128005,,,,,,,,,,,,,,,
332020,0195000,1,岡山県,オカヤマケン,Okayama,,,,倉敷市,クラシキシ,Kurashiki-shi,,,,水島北幸町,ミズシマキタサイワイチョウ,Mizushima Kitasaiwaicho,,,,,,,,1,1,0,0,0,0,1,1,1947-04-17,,0,7128062,,,,,,,,,,,,,,,
332020,0196000,1,岡山県,オカヤマケン,Okayama,,,,倉敷市,クラシキシ,Kurashiki-shi,,,,水島北瑞穂町,ミズシマキタミズホチョウ,Mizushima Kitamizuhocho,,,,,,,,1,1,0,0,0,0,1,1,1947-04-17,,0,7128027,,,,,,,,,,,,,,,
332020,0197000,1,岡山県,オカヤマケン,Okayama,,,,倉敷市,クラシキシ,Kurashiki-shi,,,,水島北緑町,ミズシマキタミドリマチ,Mizushima Kitamidorimachi,,,,,,,,1,1,0,0,0,0,1,1,1947-04-17,,0,7128022,,,,,,,,,,,,,,,
332020,0198000,1,岡山県,オカヤマケン,Okayama,,,,倉敷市,クラシキシ,Kurashiki-shi,,,,水島高砂町,ミズシマタカサゴチョウ,Mizushima Takasagocho,,,,,,,,1,1,0,0,0,0,1,1,1947-04-17,,0,7128066,,,,,,,,,,,,,,,
332020,0199001,2,岡山県,オカヤマケン,Okayama,,,,倉敷市,クラシキシ,Kurashiki-shi,,,,水島中通,ミズシマナカドオリ,Mizushima Nakadori,１丁目,１チョウメ,1,,,,,0,0,0,0,0,0,1,1,1947-04-17,,0,,,,,,,,,,,,,,,,
332020,0199002,2,岡山県,オカヤマケン,Okayama,,,,倉敷市,クラシキシ,Kurashiki-shi,,,,水島中通,ミズシマナカドオリ,Mizushima Nakadori,２丁目,２チョウメ,2,,,,,0,0,0,0,0,0,1,1,1947-04-17,,0,,,,,,,,,,,,,,,,
332020,0199003,2,岡山県,オカヤマケン,Okayama,,,,倉敷市,クラシキシ,Kurashiki-shi,,,,水島中通,ミズシマナカドオリ,Mizushima Nakadori,３丁目,３チョウメ,3,,,,,0,0,0,0,0,0,1,1,1947-04-17,,0,,,,,,,,,,,,,,,,
332020,0199004,2,岡山県,オカヤマケン,Okayama,,,,倉敷市,クラシキシ,Kurashiki-shi,,,,水島中通,ミズシマナカドオリ,Mizushima Nakadori,４丁目,４チョウメ,4,,,,,0,0,0,0,0,0,1,1,1947-04-17,,0,,,,,,,,,,,,,,,,
332020,0200000,1,岡山県,オカヤマケン,Okayama,,,,倉敷市,クラシキシ,Kurashiki-shi,,,,水島西寿町,ミズシマニシコトブキチョウ,Mizushima Nishikotobukicho,,,,,,,,1,1,0,0,0,0,1,1,1947-04-17,,0,7128038,,,,,,,,,,,,,,,
332020,0201000,1,岡山県,オカヤマケン,Okayama,,,,倉敷市,クラシキシ,Kurashiki-shi,,,,水島西栄町,ミズシマニシサカエマチ,Mizushima Nishisakaemachi,,,,,,,,1,1,0,0,0,0,1,1,1947-04-17,,0,7128034,,,,,,,,,,,,,,,
332020,0202000,1,岡山県,オカヤマケン,Okayama,,,,倉敷市,クラシキシ,Kurashiki-shi,,,,水島西千鳥町,ミズシマニシチドリチョウ,Mizushima Nishichidoricho,,,,,,,,1,1,0,0,0,0,1,1,1947-04-17,,0,7128065,,,,,,,,,,,,,,,
332020,0203001,2,岡山県,オカヤマケン,Okayama,,,,倉敷市,クラシキシ,Kurashiki-shi,,,,水島西通,ミズシマニシドオリ,Mizushima Nishidori,１丁目,１チョウメ,1,,,,,0,0,0,0,0,0,1,1,1947-04-17,,0,,,,,,,,,,,,,,,,
332020,0203002,2,岡山県,オカヤマケン,Okayama,,,,倉敷市,クラシキシ,Kurashiki-shi,,,,水島西通,ミズシマニシドオリ,Mizushima Nishidori,２丁目,２チョウメ,2,,,,,0,0,0,0,0,0,1,1,1947-04-17,,0,,,,,,,,,,,,,,,,
332020,0204000,1,岡山県,オカヤマケン,Okayama,,,,倉敷市,クラシキシ,Kurashiki-shi,,,,水島西常盤町,ミズシマニシトキワチョウ,Mizushima Nishitokiwacho,,,,,,,,1,1,0,0,0,0,1,1,1947-04-17,,0,7128059,,,,,,,,,,,,,,,
332020,0205000,1,岡山県,オカヤマケン,Okayama,,,,倉敷市,クラシキシ,Kurashiki-shi,,,,水島西弥生町,ミズシマニシヤヨイチョウ,Mizushima Nishiyayoicho,,,,,,,,1,1,0,0,0,0,1,1,1947-04-17,,0,7128036,,,,,,,,,,,,,,,
332020,0206000,1,岡山県,オカヤマケン,Okayama,,,,倉敷市,クラシキシ,Kurashiki-shi,,,,水島東川町,ミズシマヒガシカワチョウ,Mizushima Higashigawacho,,,,,,,,1,1,0,0,0,0,1,1,1947-04-17,,0,7128021,,,,,,,,,,,,,,,
332020,0207000,1,岡山県,オカヤマケン,Okayama,,,,倉敷市,クラシキシ,Kurashiki-shi,,,,水島東寿町,ミズシマヒガシコトブキチョウ,Mizushima Higashikotobukicho,,,,,,,,1,1,0,0,0,0,1,1,1947-04-17,,0,7128037,,,,,,,,,,,,,,,
332020,0208000,1,岡山県,オカヤマケン,Okayama,,,,倉敷市,クラシキシ,Kurashiki-shi,,,,水島東栄町,ミズシマヒガシサカエマチ,Mizushima Higashisakaemachi,,,,,,,,1,1,0,0,0,0,1,1,1947-04-17,,0,7128033,,,,,,,,,,,,,,,
332020,0209000,1,岡山県,オカヤマケン,Okayama,,,,倉敷市,クラシキシ,Kurashiki-shi,,,,水島東千鳥町,ミズシマヒガシチドリチョウ,Mizushima Higashichidoricho,,,,,,,,1,1,0,0,0,0,1,1,1947-04-17,,0,7128057,,,,,,,,,,,,,,,
332020,0210000,1,岡山県,オカヤマケン,Okayama,,,,倉敷市,クラシキシ,Kurashiki-shi,,,,水島東常盤町,ミズシマヒガシトキワチョウ,Mizushima Higashitokiwacho,,,,,,,,1,1,0,0,0,0,1,1,1947-04-17,,0,7128058,,,,,,,,,,,,,,,
332020,0211000,1,岡山県,オカヤマケン,Okayama,,,,倉敷市,クラシキシ,Kurashiki-shi,,,,水島東弥生町,ミズシマヒガシヤヨイチョウ,Mizushima Higashiyayoicho,,,,,,,,1,1,0,0,0,0,1,1,1947-04-17,,0,7128035,,,,,,,,,,,,,,,
332020,0212000,1,岡山県,オカヤマケン,Okayama,,,,倉敷市,クラシキシ,Kurashiki-shi,,,,水島福崎町,ミズシマフクサキチョウ,Mizushima Fukusakicho,,,,,,,,1,1,0,0,0,0,1,1,1947-04-17,,0,7128056,,,,,,,,,,,,,,,
332020,0213000,1,岡山県,オカヤマケン,Okayama,,,,倉敷市,クラシキシ,Kurashiki-shi,,,,水島南春日町,ミズシマミナミカスガチョウ,Mizushima Minamikasugacho,,,,,,,,1,1,0,0,0,0,1,1,1947-04-17,,0,7128025,,,,,,,,,,,,,,,
332020,0214000,1,岡山県,オカヤマケン,Okayama,,,,倉敷市,クラシキシ,Kurashiki-shi,,,,水島南亀島町,ミズシマミナミカメジマチョウ,Mizushima Minamikamejimacho,,,,,,,,1,1,0,0,0,0,1,1,1947-04-17,,0,7128004,,,,,,,,,,,,,,,
332020,0215000,1,岡山県,オカヤマケン,Okayama,,,,倉敷市,クラシキシ,Kurashiki-shi,,,,水島南幸町,ミズシマミナミサイワイチョウ,Mizushima Minamisaiwaicho,,,,,,,,1,1,0,0,0,0,1,1,1947-04-17,,0,7128063,,,,,,,,,,,,,,,
332020,0216000,1,岡山県,オカヤマケン,Okayama,,,,倉敷市,クラシキシ,Kurashiki-shi,,,,水島南瑞穂町,ミズシマミナミミズホチョウ,Mizushima Minamimizuhocho,,,,,,,,1,1,0,0,0,0,1,1,1947-04-17,,0,7128026,,,,,,,,,,,,,,,
332020,0217000,1,岡山県,オカヤマケン,Okayama,,,,倉敷市,クラシキシ,Kurashiki-shi,,,,水島南緑町,ミズシマミナミミドリマチ,Mizushima Minamimidorimachi,,,,,,,,1,1,0,0,0,0,1,1,1947-04-17,,0,7128023,,,,,,,,,,,,,,,
332020,0218000,1,岡山県,オカヤマケン,Okayama,,,,倉敷市,クラシキシ,Kurashiki-shi,,,,水島明神町,ミズシマミョウジンチョウ,Mizushima Myojincho,,,,,,,,1,1,0,0,0,0,1,1,1947-04-17,,0,7128003,,,,,,,,,,,,,,,
332020,0219000,1,岡山県,オカヤマケン,Okayama,,,,倉敷市,クラシキシ,Kurashiki-shi,,,,三田,ミツダ,Mitsuda,,,,,,,,0,0,0,0,0,0,1,1,1947-04-17,,0,7100001,,,,,,,,,,,,,,,
332020,0220001,2,岡山県,オカヤマケン,Okayama,,,,倉敷市,クラシキシ,Kurashiki-shi,,,,南畝,ミナミセ,Minamise,１丁目,１チョウメ,1,,,,,1,1,0,0,0,0,1,1,1947-04-17,,0,,,,,,,,,,,,,,,,
332020,0220002,2,岡山県,オカヤマケン,Okayama,,,,倉敷市,クラシキシ,Kurashiki-shi,,,,南畝,ミナミセ,Minamise,２丁目,２チョウメ,2,,,,,1,1,0,0,0,0,1,1,1947-04-17,,0,,,,,,,,,,,,,,,,
332020,0220003,2,岡山県,オカヤマケン,Okayama,,,,倉敷市,クラシキシ,Kurashiki-shi,,,,南畝,ミナミセ,Minamise,３丁目,３チョウメ,3,,,,,1,1,0,0,0,0,1,1,1947-04-17,,0,,,,,,,,,,,,,,,,
332020,0220004,2,岡山県,オカヤマケン,Okayama,,,,倉敷市,クラシキシ,Kurashiki-shi,,,,南畝,ミナミセ,Minamise,４丁目,４チョウメ,4,,,,,1,1,0,0,0,0,1,1,1947-04-17,,0,,,,,,,,,,,,,,,,
332020,0220005,2,岡山県,オカヤマケン,Okayama,,,,倉敷市,クラシキシ,Kurashiki-shi,,,,南畝,ミナミセ,Minamise,５丁目,５チョウメ,5,,,,,1,1,0,0,0,0,1,1,1947-04-17,,0,,,,,,,,,,,,,,,,
332020,0220006,2,岡山県,オカヤマケン,Okayama,,,,倉敷市,クラシキシ,Kurashiki-shi,,,,南畝,ミナミセ,Minamise,６丁目,６チョウメ,6,,,,,1,1,0,0,0,0,1,1,1947-04-17,,0,,,,,,,,,,,,,,,,
332020,0220007,2,岡山県,オカヤマケン,Okayama,,,,倉敷市,クラシキシ,Kurashiki-shi,,,,南畝,ミナミセ,Minamise,７丁目,７チョウメ,7,,,,,1,1,0,0,0,0,1,1,1947-04-17,,0,,,,,,,,,,,,,,,,
332020,0221000,1,岡山県,オカヤマケン,Okayama,,,,倉敷市,クラシキシ,Kurashiki-shi,,,,南町,ミナミマチ,Minamimachi,,,,,,,,1,1,0,0,0,0,1,1,1947-04-17,,0,7100823,,,,,,,,,,,,,,,
332020,0222000,1,岡山県,オカヤマケン,Okayama,,,,倉敷市,クラシキシ,Kurashiki-shi,,,,宮前,ミヤマエ,Miyamae,,,,,,,,0,0,0,0,0,0,1,1,1947-04-17,,0,7100065,,,,,,,,,,,,,,,
332020,0223001,2,岡山県,オカヤマケン,Okayama,,,,倉敷市,クラシキシ,Kurashiki-shi,,,,美和,ミワ,Miwa,１丁目,１チョウメ,1,,,,,1,1,0,0,0,0,1,1,1947-04-17,,0,,,,,,,,,,,,,,,,
332020,0223002,2,岡山県,オカヤマケン,Okayama,,,,倉敷市,クラシキシ,Kurashiki-shi,,,,美和,ミワ,Miwa,２丁目,２チョウメ,2,,,,,1,1,0,0,0,0,1,1,1947-04-17,,0,,,,,,,,,,,,,,,,
332020,0225000,1,岡山県,オカヤマケン,Okayama,,,,倉敷市,クラシキシ,Kurashiki-shi,,,,安江,ヤスエ,Yasue,,,,,,,,0,0,0,0,0,0,1,1,1947-04-17,,0,7100825,,,,,,,,,,,,,,,
332020,0228000,1,岡山県,オカヤマケン,Okayama,,,,倉敷市,クラシキシ,Kurashiki-shi,,,,吉岡,ヨシオカ,Yoshioka,,,,,,,,0,0,0,0,0,0,1,1,1947-04-17,,0,7100842,,,,,,,,,,,,,,,
332020,0229001,2,岡山県,オカヤマケン,Okayama,,,,倉敷市,クラシキシ,Kurashiki-shi,,,,呼松,ヨビマツ,Yobimatsu,１丁目,１チョウメ,1,,,,,1,1,0,0,0,0,1,1,1947-04-17,,0,,,,,,,,,,,,,,,,
332020,0229002,2,岡山県,オカヤマケン,Okayama,,,,倉敷市,クラシキシ,Kurashiki-shi,,,,呼松,ヨビマツ,Yobimatsu,２丁目,２チョウメ,2,,,,,1,1,0,0,0,0,1,1,1947-04-17,,0,,,,,,,,,,,,,,,,
332020,0229003,2,岡山県,オカヤマケン,Okayama,,,,倉敷市,クラシキシ,Kurashiki-shi,,,,呼松,ヨビマツ,Yobimatsu,３丁目,３チョウメ,3,,,,,1,1,0,0,0,0,1,1,1947-04-17,,0,,,,,,,,,,,,,,,,
332020,0230000,1,岡山県,オカヤマケン,Okayama,,,,倉敷市,クラシキシ,Kurashiki-shi,,,,呼松町,ヨビマツチョウ,Yobimatsucho,,,,,,,,0,0,0,0,0,0,1,1,1947-04-17,,0,7128053,,,,,,,,,,,,,,,
332020,0231000,1,岡山県,オカヤマケン,Okayama,,,,倉敷市,クラシキシ,Kurashiki-shi,,,,玉島乙島,タマシマオトシマ,Tamashima Otoshima,,,,,,,,0,0,0,0,0,0,1,1,1947-04-17,,0,7138103,,,,,,,,,,,,,,,
332020,0232001,2,岡山県,オカヤマケン,Okayama,,,,倉敷市,クラシキシ,Kurashiki-shi,,,,昭和,ショウワ,Showa,１丁目,１チョウメ,1,,,,,1,1,0,0,0,0,1,1,1947-04-17,,0,,,,,,,,,,,,,,,,
332020,0232002,2,岡山県,オカヤマケン,Okayama,,,,倉敷市,クラシキシ,Kurashiki-shi,,,,昭和,ショウワ,Showa,２丁目,２チョウメ,2,,,,,1,1,0,0,0,0,1,1,1947-04-17,,0,,,,,,,,,,,,,,,,
332020,0233000,1,岡山県,オカヤマケン,Okayama,,,,倉敷市,クラシキシ,Kurashiki-shi,,,,亀山,カメヤマ,,,,,,,,,0,0,0,0,0,0,1,0,1947-04-17,,1,,,,,,,,,,,,,,,,
332020,0234000,1,岡山県,オカヤマケン,Okayama,,,,倉敷市,クラシキシ,Kurashiki-shi,,,,向山,ムコウヤマ,,,,,,,,,0,0,0,0,0,0,1,0,1947-04-17,,1,,,,,,,,,,,,,,,,
332020,0235000,1,岡山県,オカヤマケン,Okayama,,,,倉敷市,クラシキシ,Kurashiki-shi,,,,山地,ヤマジ,,,,,,,,,0,0,0,0,0,0,1,0,1947-04-17,,1,,,,,,,,,,,,,,,,
332020,0236000,1,岡山県,オカヤマケン,Okayama,,,,倉敷市,クラシキシ,Kurashiki-shi,,,,酒津,サカヅ,,,,,,,,,0,0,0,0,0,0,1,0,1947-04-17,,1,,,,,,,,,,,,,,,,
332020,0237000,1,岡山県,オカヤマケン,Okayama,,,,倉敷市,クラシキシ,Kurashiki-shi,,,,松島,マツシマ,,,,,,,,,0,0,0,0,0,0,1,0,1947-04-17,,1,,,,,,,,,,,,,,,,
332020,0238000,1,岡山県,オカヤマケン,Okayama,,,,倉敷市,クラシキシ,Kurashiki-shi,,,,新田,シンデン,,,,,,,,,0,0,0,0,0,0,1,0,1947-04-17,,1,,,,,,,,,,,,,,,,
332020,0239000,1,岡山県,オカヤマケン,Okayama,,,,倉敷市,クラシキシ,Kurashiki-shi,,,,水江,ミズエ,,,,,,,,,0,0,0,0,0,0,1,0,1947-04-17,,1,,,,,,,,,,,,,,,,
332020,0240000,1,岡山県,オカヤマケン,Okayama,,,,倉敷市,クラシキシ,Kurashiki-shi,,,,西中新田,ニシナカシンデン,,,,,,,,,0,0,0,0,0,0,1,0,1947-04-17,,1,,,,,,,,,,,,,,,,
332020,0241000,1,岡山県,オカヤマケン,Okayama,,,,倉敷市,クラシキシ,Kurashiki-shi,,,,大内,オオウチ,,,,,,,,,0,0,0,0,0,0,1,0,1947-04-17,,1,,,,,,,,,,,,,,,,
332020,0242000,1,岡山県,オカヤマケン,Okayama,,,,倉敷市,クラシキシ,Kurashiki-shi,,,,中庄,ナカショウ,,,,,,,,,0,0,0,0,0,0,1,0,1947-04-17,,1,,,,,,,,,,,,,,,,
332020,0243000,1,岡山県,オカヤマケン,Okayama,,,,倉敷市,クラシキシ,Kurashiki-shi,,,,中島,ナカシマ,,,,,,,,,0,0,0,0,0,0,1,0,1947-04-17,,1,,,,,,,,,,,,,,,,
332020,0244000,1,岡山県,オカヤマケン,Okayama,,,,倉敷市,クラシキシ,Kurashiki-shi,,,,藤戸町天城,フジトチヨウアマキ,,,,,,,,,0,0,0,0,0,0,1,0,1947-04-17,,1,,,,,,,,,,,,,,,,
332020,0245000,1,岡山県,オカヤマケン,Okayama,,,,倉敷市,クラシキシ,Kurashiki-shi,,,,福井,フクイ,,,,,,,,,0,0,0,0,0,0,1,0,1947-04-17,,1,,,,,,,,,,,,,,,,
332020,0246000,1,岡山県,オカヤマケン,Okayama,,,,倉敷市,クラシキシ,Kurashiki-shi,,,,福江,フクエ,,,,,,,,,0,0,0,0,0,0,1,0,1947-04-17,,1,,,,,,,,,,,,,,,,
332020,0247000,1,岡山県,オカヤマケン,Okayama,,,,倉敷市,クラシキシ,Kurashiki-shi,,,,平田,ヒラタ,,,,,,,,,0,0,0,0,0,0,1,0,1947-04-17,,1,,,,,,,,,,,,,,,,
332020,0248000,1,岡山県,オカヤマケン,Okayama,,,,倉敷市,クラシキシ,Kurashiki-shi,,,,片島町,カタシマチヨウ,,,,,,,,,0,0,0,0,0,0,1,0,1947-04-17,,1,,,,,,,,,,,,,,,,
332020,0249000,1,岡山県,オカヤマケン,Okayama,,,,倉敷市,クラシキシ,Kurashiki-shi,,,,矢部,ヤベ,,,,,,,,,0,0,0,0,0,0,1,0,1947-04-17,,1,,,,,,,,,,,,,,,,
332020,0276000,1,岡山県,オカヤマケン,Okayama,,,,倉敷市,クラシキシ,Kurashiki-shi,,,,倉敷ハイツ,クラシキハイツ,,,,,,,,,1,1,0,0,0,0,1,0,1947-04-17,,1,,,,,,,,,,,,,,,,
332020,0277000,1,岡山県,オカヤマケン,Okayama,,,,倉敷市,クラシキシ,Kurashiki-shi,,,,東町,ヒガシマチ,,,,,,,,,1,1,0,0,0,0,1,0,1947-04-17,,1,,,,,,,,,,,,,,,,
332020,0278000,1,岡山県,オカヤマケン,Okayama,,,,倉敷市,クラシキシ,Kurashiki-shi,,,,福田町松江,フクダチヨウマツエ,,,,,,,,,1,1,0,0,0,0,1,0,1947-04-17,,1,,,,,,,,,,,,,,,,
332020,0279000,1,岡山県,オカヤマケン,Okayama,,,,倉敷市,クラシキシ,Kurashiki-shi,,,,稲荷町,イナリマチ,,,,,,,,,1,1,0,0,0,0,1,0,1947-04-17,,1,,,,,,,,,,,,,,,,
332038,0001000,1,岡山県,オカヤマケン,Okayama,,,,津山市,ツヤマシ,Tsuyama-shi,,,,阿波,アバ,Aba,,,,,,,,0,0,0,0,0,0,1,1,1947-04-17,,0,7093951,,,,,,,,,,,,,,,
332038,0002000,1,岡山県,オカヤマケン,Okayama,,,,津山市,ツヤマシ,Tsuyama-shi,,,,綾部,アヤベ,Ayabe,,,,,,,,0,0,0,0,0,0,1,1,1947-04-17,,0,7081104,,,,,,,,,,,,,,,
332038,0004000,1,岡山県,オカヤマケン,Okayama,,,,津山市,ツヤマシ,Tsuyama-shi,,,,一色,イシキ,Ishiki,,,,,,,,0,0,0,0,0,0,1,1,1947-04-17,,0,7094615,,,,,,,,,,,,,,,
332038,0005000,1,岡山県,オカヤマケン,Okayama,,,,津山市,ツヤマシ,Tsuyama-shi,,,,一宮,イチノミヤ,Ichinomiya,,,,,,,,0,0,0,0,0,0,1,1,1947-04-17,,0,7080815,,,,,,,,,,,,,,,
332038,0010000,1,岡山県,オカヤマケン,Okayama,,,,津山市,ツヤマシ,Tsuyama-shi,,,,上之町,ウエノチョウ,Uenocho,,,,,,,,0,0,0,0,0,0,1,1,1947-04-17,,0,7080831,,,,,,,,,,,,,,,
332038,0011000,1,岡山県,オカヤマケン,Okayama,,,,津山市,ツヤマシ,Tsuyama-shi,,,,瓜生原,ウリュウバラ,Uryubara,,,,,,,,0,0,0,0,0,0,1,1,1947-04-17,,0,7080844,,,,,,,,,,,,,,,
332038,0012000,1,岡山県,オカヤマケン,Okayama,,,,津山市,ツヤマシ,Tsuyama-shi,,,,大岩,オオイワ,Oiwa,,,,,,,,0,0,0,0,0,0,1,1,1947-04-17,,0,7081202,,,,,,,,,,,,,,,
332038,0013000,1,岡山県,オカヤマケン,Okayama,,,,津山市,ツヤマシ,Tsuyama-shi,,,,大篠,オオササ,Osasa,,,,,,,,0,0,0,0,0,0,1,1,1947-04-17,,0,7080802,,,,,,,,,,,,,,,
332038,0014000,1,岡山県,オカヤマケン,Okayama,,,,津山市,ツヤマシ,Tsuyama-shi,,,,大田,オオダ,Oda,,,,,,,,0,0,0,0,0,0,1,1,1947-04-17,,0,7080806,,,,,,,,,,,,,,,
332038,0015000,1,岡山県,オカヤマケン,Okayama,,,,津山市,ツヤマシ,Tsuyama-shi,,,,大谷,オオタニ,Otani,,,,,,,,0,0,0,0,0,0,1,1,1947-04-17,,0,7080882,,,,,,,,,,,,,,,
332038,0016000,1,岡山県,オカヤマケン,Okayama,,,,津山市,ツヤマシ,Tsuyama-shi,,,,大手町,オオテマチ,Otemachi,,,,,,,,0,0,0,0,0,0,1,1,1947-04-17,,0,7080023,,,,,,,,,,,,,,,
332038,0017000,1,岡山県,オカヤマケン,Okayama,,,,津山市,ツヤマシ,Tsuyama-shi,,,,大吉,オオヨシ,Oyoshi,,,,,,,,0,0,0,0,0,0,1,1,1947-04-17,,0,7081203,,,,,,,,,,,,,,,
332038,0018000,1,岡山県,オカヤマケン,Okayama,,,,津山市,ツヤマシ,Tsuyama-shi,,,,奥津川,オクツガワ,Okutsugawa,,,,,,,,0,0,0,0,0,0,1,1,1947-04-17,,0,7081201,,,,,,,,,,,,,,,
332038,0019000,1,岡山県,オカヤマケン,Okayama,,,,津山市,ツヤマシ,Tsuyama-shi,,,,小桁,オゲタ,Ogeta,,,,,,,,0,0,0,0,0,0,1,1,1947-04-17,,0,7080863,,,,,,,,,,,,,,,
332038,0020000,1,岡山県,オカヤマケン,Okayama,,,,津山市,ツヤマシ,Tsuyama-shi,,,,桶屋町,オケヤマチ,Okeyamachi,,,,,,,,0,0,0,0,0,0,1,1,1947-04-17,,0,7080066,,,,,,,,,,,,,,,
332038,0021000,1,岡山県,オカヤマケン,Okayama,,,,津山市,ツヤマシ,Tsuyama-shi,,,,押入,オシイレ,Oshiire,,,,,,,,0,0,0,0,0,0,1,1,1947-04-17,,0,7081126,,,,,,,,,,,,,,,
332038,0022000,1,岡山県,オカヤマケン,Okayama,,,,津山市,ツヤマシ,Tsuyama-shi,,,,押渕,オシブチ,Oshibuchi,,,,,,,,0,0,0,0,0,0,1,1,1947-04-17,,0,7080865,,,,,,,,,,,,,,,
332038,0023000,1,岡山県,オカヤマケン,Okayama,,,,津山市,ツヤマシ,Tsuyama-shi,,,,小田中,オダナカ,Odanaka,,,,,,,,0,0,0,0,0,0,1,1,1947-04-17,,0,7080006,,,,,,,,,,,,,,,
332038,0025000,1,岡山県,オカヤマケン,Okayama,,,,津山市,ツヤマシ,Tsuyama-shi,,,,鍛治町,カジマチ,Kajimachi,,,,,,,,0,0,0,0,0,0,1,1,1947-04-17,,0,7080077,,,,,,,,,,,,,,,
332038,0026000,1,岡山県,オカヤマケン,Okayama,,,,津山市,ツヤマシ,Tsuyama-shi,,,,勝部,カツベ,Katsube,,,,,,,,0,0,0,0,0,0,1,1,1947-04-17,,0,7080804,,,,,,,,,,,,,,,
332038,0027000,1,岡山県,オカヤマケン,Okayama,,,,津山市,ツヤマシ,Tsuyama-shi,,,,勝間田町,カツマダマチ,Katsumadamachi,,,,,,,,0,0,0,0,0,0,1,1,1947-04-17,,0,7080835,,,,,,,,,,,,,,,
332038,0028000,1,岡山県,オカヤマケン,Okayama,,,,津山市,ツヤマシ,Tsuyama-shi,,,,金井,カナイ,Kanai,,,,,,,,0,0,0,0,0,0,1,1,1947-04-17,,0,7080855,,,,,,,,,,,,,,,
332038,0029000,1,岡山県,オカヤマケン,Okayama,,,,津山市,ツヤマシ,Tsuyama-shi,,,,金屋,カナヤ,Kanaya,,,,,,,,0,0,0,0,0,0,1,1,1947-04-17,,0,7080864,,,,,,,,,,,,,,,
332038,0031000,1,岡山県,オカヤマケン,Okayama,,,,津山市,ツヤマシ,Tsuyama-shi,,,,上紺屋町,カミコウヤマチ,Kamikoyamachi,,,,,,,,0,0,0,0,0,0,1,1,1947-04-17,,0,7080076,,,,,,,,,,,,,,,
332038,0032000,1,岡山県,オカヤマケン,Okayama,,,,津山市,ツヤマシ,Tsuyama-shi,,,,上高倉,カミタカクラ,Kamitakakura,,,,,,,,0,0,0,0,0,0,1,1,1947-04-17,,0,7081121,,,,,,,,,,,,,,,
332038,0033000,1,岡山県,オカヤマケン,Okayama,,,,津山市,ツヤマシ,Tsuyama-shi,,,,上田邑,カミタノムラ,Kamitanomura,,,,,,,,0,0,0,0,0,0,1,1,1947-04-17,,0,7080011,,,,,,,,,,,,,,,
332038,0034000,1,岡山県,オカヤマケン,Okayama,,,,津山市,ツヤマシ,Tsuyama-shi,,,,上野田,カミノダ,Kaminoda,,,,,,,,0,0,0,0,0,0,1,1,1947-04-17,,0,7081214,,,,,,,,,,,,,,,
332038,0035000,1,岡山県,オカヤマケン,Okayama,,,,津山市,ツヤマシ,Tsuyama-shi,,,,上村,カミムラ,Kamimura,,,,,,,,0,0,0,0,0,0,1,1,1947-04-17,,0,7081224,,,,,,,,,,,,,,,
332038,0036000,1,岡山県,オカヤマケン,Okayama,,,,津山市,ツヤマシ,Tsuyama-shi,,,,上横野,カミヨコノ,Kamiyokono,,,,,,,,0,0,0,0,0,0,1,1,1947-04-17,,0,7080801,,,,,,,,,,,,,,,
332038,0037000,1,岡山県,オカヤマケン,Okayama,,,,津山市,ツヤマシ,Tsuyama-shi,,,,加茂町青栁,カモチョウアオヤギ,Kamocho Aoyagi,,,,,,,,0,0,0,0,0,0,1,1,1947-04-17,,0,7093915,,,,,,,,,,,,,,,
332038,0038000,1,岡山県,オカヤマケン,Okayama,,,,津山市,ツヤマシ,Tsuyama-shi,,,,加茂町宇野,カモチョウウノ,Kamocho Uno,,,,,,,,0,0,0,0,0,0,1,1,1947-04-17,,0,7093907,,,,,,,,,,,,,,,
332038,0039000,1,岡山県,オカヤマケン,Okayama,,,,津山市,ツヤマシ,Tsuyama-shi,,,,加茂町小渕,カモチョウオブチ,Kamocho Obuchi,,,,,,,,0,0,0,0,0,0,1,1,1947-04-17,,0,7093924,,,,,,,,,,,,,,,
332038,0040000,1,岡山県,オカヤマケン,Okayama,,,,津山市,ツヤマシ,Tsuyama-shi,,,,加茂町河井,カモチョウカワイ,Kamocho Kawai,,,,,,,,0,0,0,0,0,0,1,1,1947-04-17,,0,7093912,,,,,,,,,,,,,,,
332038,0041000,1,岡山県,オカヤマケン,Okayama,,,,津山市,ツヤマシ,Tsuyama-shi,,,,加茂町公郷,カモチョウクゴウ,Kamocho Kugo,,,,,,,,0,0,0,0,0,0,1,1,1947-04-17,,0,7093921,,,,,,,,,,,,,,,
332038,0042000,1,岡山県,オカヤマケン,Okayama,,,,津山市,ツヤマシ,Tsuyama-shi,,,,加茂町倉見,カモチョウクラミ,Kamocho Kurami,,,,,,,,0,0,0,0,0,0,1,1,1947-04-17,,0,7093901,,,,,,,,,,,,,,,
332038,0043000,1,岡山県,オカヤマケン,Okayama,,,,津山市,ツヤマシ,Tsuyama-shi,,,,加茂町黒木,カモチョウクロギ,Kamocho Kurogi,,,,,,,,0,0,0,0,0,0,1,1,1947-04-17,,0,7093902,,,,,,,,,,,,,,,
332038,0044000,1,岡山県,オカヤマケン,Okayama,,,,津山市,ツヤマシ,Tsuyama-shi,,,,加茂町桑原,カモチョウクワバラ,Kamocho Kuwabara,,,,,,,,0,0,0,0,0,0,1,1,1947-04-17,,0,7093923,,,,,,,,,,,,,,,
332038,0045000,1,岡山県,オカヤマケン,Okayama,,,,津山市,ツヤマシ,Tsuyama-shi,,,,加茂町小中原,カモチョウコナカバラ,Kamocho Konakabara,,,,,,,,0,0,0,0,0,0,1,1,1947-04-17,,0,7093906,,,,,,,,,,,,,,,
332038,0046000,1,岡山県,オカヤマケン,Okayama,,,,津山市,ツヤマシ,Tsuyama-shi,,,,加茂町齋野谷,カモチョウサイノタニ,Kamocho Sainotani,,,,,,,,0,0,0,0,0,0,1,1,1947-04-17,,0,7093904,,,,,,,,,,,,,,,
332038,0047000,1,岡山県,オカヤマケン,Okayama,,,,津山市,ツヤマシ,Tsuyama-shi,,,,加茂町山下,カモチョウサンゲ,Kamocho Sange,,,,,,,,0,0,0,0,0,0,1,1,1947-04-17,,0,7093913,,,,,,,,,,,,,,,
332038,0048000,1,岡山県,オカヤマケン,Okayama,,,,津山市,ツヤマシ,Tsuyama-shi,,,,加茂町下津川,カモチョウシモツガワ,Kamocho Shimotsugawa,,,,,,,,0,0,0,0,0,0,1,1,1947-04-17,,0,7093922,,,,,,,,,,,,,,,
332038,0049000,1,岡山県,オカヤマケン,Okayama,,,,津山市,ツヤマシ,Tsuyama-shi,,,,加茂町塔中,カモチョウタッチュウ,Kamocho Tatsuchu,,,,,,,,0,0,0,0,0,0,1,1,1947-04-17,,0,7093905,,,,,,,,,,,,,,,
332038,0050000,1,岡山県,オカヤマケン,Okayama,,,,津山市,ツヤマシ,Tsuyama-shi,,,,加茂町知和,カモチョウチワ,Kamocho Chiwa,,,,,,,,0,0,0,0,0,0,1,1,1947-04-17,,0,7093914,,,,,,,,,,,,,,,
332038,0051000,1,岡山県,オカヤマケン,Okayama,,,,津山市,ツヤマシ,Tsuyama-shi,,,,加茂町百々,カモチョウドウドウ,Kamocho Dodo,,,,,,,,0,0,0,0,0,0,1,1,1947-04-17,,0,7093935,,,,,,,,,,,,,,,
332038,0052000,1,岡山県,オカヤマケン,Okayama,,,,津山市,ツヤマシ,Tsuyama-shi,,,,加茂町戸賀,カモチョウトカ,Kamocho Toka,,,,,,,,0,0,0,0,0,0,1,1,1947-04-17,,0,7093903,,,,,,,,,,,,,,,
332038,0053000,1,岡山県,オカヤマケン,Okayama,,,,津山市,ツヤマシ,Tsuyama-shi,,,,加茂町中原,カモチョウナカバラ,Kamocho Nakabara,,,,,,,,0,0,0,0,0,0,1,1,1947-04-17,,0,7093931,,,,,,,,,,,,,,,
332038,0054000,1,岡山県,オカヤマケン,Okayama,,,,津山市,ツヤマシ,Tsuyama-shi,,,,加茂町楢井,カモチョウナライ,Kamocho Narai,,,,,,,,0,0,0,0,0,0,1,1,1947-04-17,,0,7093934,,,,,,,,,,,,,,,
332038,0055000,1,岡山県,オカヤマケン,Okayama,,,,津山市,ツヤマシ,Tsuyama-shi,,,,加茂町成安,カモチョウナリヤス,Kamocho Nariyasu,,,,,,,,0,0,0,0,0,0,1,1,1947-04-17,,0,7093932,,,,,,,,,,,,,,,
332038,0056000,1,岡山県,オカヤマケン,Okayama,,,,津山市,ツヤマシ,Tsuyama-shi,,,,加茂町原口,カモチョウハラグチ,Kamocho Haraguchi,,,,,,,,0,0,0,0,0,0,1,1,1947-04-17,,0,7093908,,,,,,,,,,,,,,,
332038,0057000,1,岡山県,オカヤマケン,Okayama,,,,津山市,ツヤマシ,Tsuyama-shi,,,,加茂町物見,カモチョウモノミ,Kamocho Monomi,,,,,,,,0,0,0,0,0,0,1,1,1947-04-17,,0,7093911,,,,,,,,,,,,,,,
332038,0058000,1,岡山県,オカヤマケン,Okayama,,,,津山市,ツヤマシ,Tsuyama-shi,,,,加茂町行重,カモチョウユキシゲ,Kamocho Yukishige,,,,,,,,0,0,0,0,0,0,1,1,1947-04-17,,0,7093933,,,,,,,,,,,,,,,
332038,0059000,1,岡山県,オカヤマケン,Okayama,,,,津山市,ツヤマシ,Tsuyama-shi,,,,茅町,カヤマチ,Kayamachi,,,,,,,,0,0,0,0,0,0,1,1,1947-04-17,,0,7080043,,,,,,,,,,,,,,,
332038,0062000,1,岡山県,オカヤマケン,Okayama,,,,津山市,ツヤマシ,Tsuyama-shi,,,,河原町,カワラマチ,Kawaramachi,,,,,,,,0,0,0,0,0,0,1,1,1947-04-17,,0,7080033,,,,,,,,,,,,,,,
332038,0063000,1,岡山県,オカヤマケン,Okayama,,,,津山市,ツヤマシ,Tsuyama-shi,,,,北園町,キタゾノチョウ,Kitazonocho,,,,,,,,0,0,0,0,0,0,1,1,1947-04-17,,0,7080003,,,,,,,,,,,,,,,
332038,0064000,1,岡山県,オカヤマケン,Okayama,,,,津山市,ツヤマシ,Tsuyama-shi,,,,北町,キタマチ,Kitamachi,,,,,,,,0,0,0,0,0,0,1,1,1947-04-17,,0,7080021,,,,,,,,,,,,,,,
332038,0065000,1,岡山県,オカヤマケン,Okayama,,,,津山市,ツヤマシ,Tsuyama-shi,,,,京町,キョウマチ,Kyomachi,,,,,,,,0,0,0,0,0,0,1,1,1947-04-17,,0,7080062,,,,,,,,,,,,,,,
332038,0066000,1,岡山県,オカヤマケン,Okayama,,,,津山市,ツヤマシ,Tsuyama-shi,,,,草加部,クサカベ,Kusakabe,,,,,,,,0,0,0,0,0,0,1,1,1947-04-17,,0,7081117,,,,,,,,,,,,,,,
332038,0067000,1,岡山県,オカヤマケン,Okayama,,,,津山市,ツヤマシ,Tsuyama-shi,,,,くめ,クメ,Kume,,,,,,,,0,0,0,0,0,0,1,1,1947-04-17,,0,7094612,,,,,,,,,,,,,,,
332038,0068000,1,岡山県,オカヤマケン,Okayama,,,,津山市,ツヤマシ,Tsuyama-shi,,,,久米川南,クメカワミナミ,Kumekawaminami,,,,,,,,0,0,0,0,0,0,1,1,1947-04-17,,0,7094614,,,,,,,,,,,,,,,
332038,0069000,1,岡山県,オカヤマケン,Okayama,,,,津山市,ツヤマシ,Tsuyama-shi,,,,桑上,クワカミ,Kuwakami,,,,,,,,0,0,0,0,0,0,1,1,1947-04-17,,0,7094624,,,,,,,,,,,,,,,
332038,0070000,1,岡山県,オカヤマケン,Okayama,,,,津山市,ツヤマシ,Tsuyama-shi,,,,桑下,クワシモ,Kuwashimo,,,,,,,,0,0,0,0,0,0,1,1,1947-04-17,,0,7094623,,,,,,,,,,,,,,,
332038,0071000,1,岡山県,オカヤマケン,Okayama,,,,津山市,ツヤマシ,Tsuyama-shi,,,,神代,コウジロ,Kojiro,,,,,,,,0,0,0,0,0,0,1,1,1947-04-17,,0,7094621,,,,,,,,,,,,,,,
332038,0072000,1,岡山県,オカヤマケン,Okayama,,,,津山市,ツヤマシ,Tsuyama-shi,,,,荒神山,コウジンヤマ,Kojinyama,,,,,,,,0,0,0,0,0,0,1,1,1947-04-17,,0,7080866,,,,,,,,,,,,,,,
332038,0073000,1,岡山県,オカヤマケン,Okayama,,,,津山市,ツヤマシ,Tsuyama-shi,,,,河面,コウモ,Komo,,,,,,,,0,0,0,0,0,0,1,1,1947-04-17,,0,7081115,,,,,,,,,,,,,,,
332038,0074000,1,岡山県,オカヤマケン,Okayama,,,,津山市,ツヤマシ,Tsuyama-shi,,,,国分寺,コクブンジ,Kokubunji,,,,,,,,0,0,0,0,0,0,1,1,1947-04-17,,0,7080843,,,,,,,,,,,,,,,
332038,0075000,1,岡山県,オカヤマケン,Okayama,,,,津山市,ツヤマシ,Tsuyama-shi,,,,小性町,コショウマチ,Koshomachi,,,,,,,,0,0,0,0,0,0,1,1,1947-04-17,,0,7080063,,,,,,,,,,,,,,,
332038,0076000,1,岡山県,オカヤマケン,Okayama,,,,津山市,ツヤマシ,Tsuyama-shi,,,,細工町,サイクノチョウ,Saikunocho,,,,,,,,0,0,0,0,0,0,1,1,1947-04-17,,0,7080053,,,,,,,,,,,,,,,
332038,0077000,1,岡山県,オカヤマケン,Okayama,,,,津山市,ツヤマシ,Tsuyama-shi,,,,材木町,ザイモクマチ,Zaimokumachi,,,,,,,,0,0,0,0,0,0,1,1,1947-04-17,,0,7080031,,,,,,,,,,,,,,,
332038,0078000,1,岡山県,オカヤマケン,Okayama,,,,津山市,ツヤマシ,Tsuyama-shi,,,,堺町,サカイマチ,Sakaimachi,,,,,,,,0,0,0,0,0,0,1,1,1947-04-17,,0,7080064,,,,,,,,,,,,,,,
332038,0079000,1,岡山県,オカヤマケン,Okayama,,,,津山市,ツヤマシ,Tsuyama-shi,,,,坂上,サカウエ,Sakaue,,,,,,,,0,0,0,0,0,0,1,1,1947-04-17,,0,7081223,,,,,,,,,,,,,,,
332038,0080000,1,岡山県,オカヤマケン,Okayama,,,,津山市,ツヤマシ,Tsuyama-shi,,,,里公文,サトクモン,Satokumon,,,,,,,,0,0,0,0,0,0,1,1,1947-04-17,,0,7094625,,,,,,,,,,,,,,,
332038,0081000,1,岡山県,オカヤマケン,Okayama,,,,津山市,ツヤマシ,Tsuyama-shi,,,,里公文上,サトクモンカミ,Satokumonkami,,,,,,,,0,0,0,0,0,0,1,1,1947-04-17,,0,7094626,,,,,,,,,,,,,,,
332038,0082000,1,岡山県,オカヤマケン,Okayama,,,,津山市,ツヤマシ,Tsuyama-shi,,,,皿,サラ,Sara,,,,,,,,0,0,0,0,0,0,1,1,1947-04-17,,0,7080873,,,,,,,,,,,,,,,
332038,0083000,1,岡山県,オカヤマケン,Okayama,,,,津山市,ツヤマシ,Tsuyama-shi,,,,山下,サンゲ,Sange,,,,,,,,0,0,0,0,0,0,1,1,1947-04-17,,0,7080022,,,,,,,,,,,,,,,
332038,0084000,1,岡山県,オカヤマケン,Okayama,,,,津山市,ツヤマシ,Tsuyama-shi,,,,志戸部,シトベ,Shitobe,,,,,,,,0,0,0,0,0,0,1,1,1947-04-17,,0,7080825,,,,,,,,,,,,,,,
332038,0085000,1,岡山県,オカヤマケン,Okayama,,,,津山市,ツヤマシ,Tsuyama-shi,,,,紫保井,シボイ,Shiboi,,,,,,,,0,0,0,0,0,0,1,1,1947-04-17,,0,7080805,,,,,,,,,,,,,,,
332038,0086000,1,岡山県,オカヤマケン,Okayama,,,,津山市,ツヤマシ,Tsuyama-shi,,,,下紺屋町,シモコウヤマチ,Shimokoyamachi,,,,,,,,0,0,0,0,0,0,1,1,1947-04-17,,0,7080071,,,,,,,,,,,,,,,
332038,0087000,1,岡山県,オカヤマケン,Okayama,,,,津山市,ツヤマシ,Tsuyama-shi,,,,下高倉西,シモタカクラニシ,Shimotakakura Nishi,,,,,,,,0,0,0,0,0,0,1,1,1947-04-17,,0,7081123,,,,,,,,,,,,,,,
332038,0088000,1,岡山県,オカヤマケン,Okayama,,,,津山市,ツヤマシ,Tsuyama-shi,,,,下高倉東,シモタカクラヒガシ,Shimotakakura Higashi,,,,,,,,0,0,0,0,0,0,1,1,1947-04-17,,0,7081122,,,,,,,,,,,,,,,
332038,0089000,1,岡山県,オカヤマケン,Okayama,,,,津山市,ツヤマシ,Tsuyama-shi,,,,下田邑,シモタノムラ,Shimotanomura,,,,,,,,0,0,0,0,0,0,1,1,1947-04-17,,0,7080012,,,,,,,,,,,,,,,
332038,0090000,1,岡山県,オカヤマケン,Okayama,,,,津山市,ツヤマシ,Tsuyama-shi,,,,下野田,シモノダ,Shimonoda,,,,,,,,0,0,0,0,0,0,1,1,1947-04-17,,0,7081213,,,,,,,,,,,,,,,
332038,0091000,1,岡山県,オカヤマケン,Okayama,,,,津山市,ツヤマシ,Tsuyama-shi,,,,下横野,シモヨコノ,Shimoyokono,,,,,,,,0,0,0,0,0,0,1,1,1947-04-17,,0,7080807,,,,,,,,,,,,,,,
332038,0092000,1,岡山県,オカヤマケン,Okayama,,,,津山市,ツヤマシ,Tsuyama-shi,,,,城代町,ジョウダイマチ,Jodaimachi,,,,,,,,0,0,0,0,0,0,1,1,1947-04-17,,0,7080005,,,,,,,,,,,,,,,
332038,0093001,2,岡山県,オカヤマケン,Okayama,,,,津山市,ツヤマシ,Tsuyama-shi,,,,昭和町,ショウワマチ,Showamachi,１丁目,１チョウメ,1,,,,,0,0,0,0,0,0,1,1,1947-04-17,,0,,,,,,,,,,,,,,,,
332038,0093002,2,岡山県,オカヤマケン,Okayama,,,,津山市,ツヤマシ,Tsuyama-shi,,,,昭和町,ショウワマチ,Showamachi,２丁目,２チョウメ,2,,,,,0,0,0,0,0,0,1,1,1947-04-17,,0,,,,,,,,,,,,,,,,
332038,0094000,1,岡山県,オカヤマケン,Okayama,,,,津山市,ツヤマシ,Tsuyama-shi,,,,新魚町,シンウオマチ,Shinuomachi,,,,,,,,0,0,0,0,0,0,1,1,1947-04-17,,0,7080065,,,,,,,,,,,,,,,
332038,0095000,1,岡山県,オカヤマケン,Okayama,,,,津山市,ツヤマシ,Tsuyama-shi,,,,新茅町,シンカヤマチ,Shinkayamachi,,,,,,,,0,0,0,0,0,0,1,1,1947-04-17,,0,7080042,,,,,,,,,,,,,,,
332038,0096000,1,岡山県,オカヤマケン,Okayama,,,,津山市,ツヤマシ,Tsuyama-shi,,,,神戸,ジンゴ,Jingo,,,,,,,,0,0,0,0,0,0,1,1,1947-04-17,,0,7080015,,,,,,,,,,,,,,,
332038,0097000,1,岡山県,オカヤマケン,Okayama,,,,津山市,ツヤマシ,Tsuyama-shi,,,,新職人町,シンショクニンマチ,Shinshokunimmachi,,,,,,,,0,0,0,0,0,0,1,1,1947-04-17,,0,7080067,,,,,,,,,,,,,,,
332038,0098000,1,岡山県,オカヤマケン,Okayama,,,,津山市,ツヤマシ,Tsuyama-shi,,,,杉宮,スギノミヤ,Suginomiya,,,,,,,,0,0,0,0,0,0,1,1,1947-04-17,,0,7081215,,,,,,,,,,,,,,,
332038,0099000,1,岡山県,オカヤマケン,Okayama,,,,津山市,ツヤマシ,Tsuyama-shi,,,,船頭町,センドウマチ,Sendomachi,,,,,,,,0,0,0,0,0,0,1,1,1947-04-17,,0,7080034,,,,,,,,,,,,,,,
332038,0100000,1,岡山県,オカヤマケン,Okayama,,,,津山市,ツヤマシ,Tsuyama-shi,,,,総社,ソウジャ,Soja,,,,,,,,0,0,0,0,0,0,1,1,1947-04-17,,0,7080007,,,,,,,,,,,,,,,
332038,0101000,1,岡山県,オカヤマケン,Okayama,,,,津山市,ツヤマシ,Tsuyama-shi,,,,高尾,タカオ,Takao,,,,,,,,0,0,0,0,0,0,1,1,1947-04-17,,0,7080876,,,,,,,,,,,,,,,
332038,0102000,1,岡山県,オカヤマケン,Okayama,,,,津山市,ツヤマシ,Tsuyama-shi,,,,高野本郷,タカノホンゴウ,Takano Hongo,,,,,,,,0,0,0,0,0,0,1,1,1947-04-17,,0,7081125,,,,,,,,,,,,,,,
332038,0103000,1,岡山県,オカヤマケン,Okayama,,,,津山市,ツヤマシ,Tsuyama-shi,,,,高野山西,タカノヤマニシ,Takano Yamanishi,,,,,,,,0,0,0,0,0,0,1,1,1947-04-17,,0,7081124,,,,,,,,,,,,,,,
332038,0104000,1,岡山県,オカヤマケン,Okayama,,,,津山市,ツヤマシ,Tsuyama-shi,,,,種,タネ,Tane,,,,,,,,0,0,0,0,0,0,1,1,1947-04-17,,0,7080874,,,,,,,,,,,,,,,
332038,0105000,1,岡山県,オカヤマケン,Okayama,,,,津山市,ツヤマシ,Tsuyama-shi,,,,田熊,タノクマ,Tanokuma,,,,,,,,0,0,0,0,0,0,1,1,1947-04-17,,0,7081113,,,,,,,,,,,,,,,
332038,0106000,1,岡山県,オカヤマケン,Okayama,,,,津山市,ツヤマシ,Tsuyama-shi,,,,田町,タマチ,Tamachi,,,,,,,,0,0,0,0,0,0,1,1,1947-04-17,,0,7080052,,,,,,,,,,,,,,,
332038,0107000,1,岡山県,オカヤマケン,Okayama,,,,津山市,ツヤマシ,Tsuyama-shi,,,,近長,チカナガ,Chikanaga,,,,,,,,0,0,0,0,0,0,1,1,1947-04-17,,0,7081112,,,,,,,,,,,,,,,
332038,0108000,1,岡山県,オカヤマケン,Okayama,,,,津山市,ツヤマシ,Tsuyama-shi,,,,椿高下,ツバキコウゲ,Tsubakikoge,,,,,,,,0,0,0,0,0,0,1,1,1947-04-17,,0,7080051,,,,,,,,,,,,,,,
332038,0109000,1,岡山県,オカヤマケン,Okayama,,,,津山市,ツヤマシ,Tsuyama-shi,,,,坪井上,ツボイカミ,Tsuboikami,,,,,,,,0,0,0,0,0,0,1,1,1947-04-17,,0,7094605,,,,,,,,,,,,,,,
332038,0110000,1,岡山県,オカヤマケン,Okayama,,,,津山市,ツヤマシ,Tsuyama-shi,,,,坪井下,ツボイシモ,Tsuboishimo,,,,,,,,0,0,0,0,0,0,1,1,1947-04-17,,0,7094604,,,,,,,,,,,,,,,
332038,0111000,1,岡山県,オカヤマケン,Okayama,,,,津山市,ツヤマシ,Tsuyama-shi,,,,坪井町,ツボイマチ,Tsuboimachi,,,,,,,,0,0,0,0,0,0,1,1,1947-04-17,,0,7080075,,,,,,,,,,,,,,,
332038,0112000,1,岡山県,オカヤマケン,Okayama,,,,津山市,ツヤマシ,Tsuyama-shi,,,,津山口,ツヤマグチ,Tsuyamaguchi,,,,,,,,0,0,0,0,0,0,1,1,1947-04-17,,0,7080884,,,,,,,,,,,,,,,
332038,0113000,1,岡山県,オカヤマケン,Okayama,,,,津山市,ツヤマシ,Tsuyama-shi,,,,鉄砲町,テッポウマチ,Teppomachi,,,,,,,,0,0,0,0,0,0,1,1,1947-04-17,,0,7080041,,,,,,,,,,,,,,,
332038,0114000,1,岡山県,オカヤマケン,Okayama,,,,津山市,ツヤマシ,Tsuyama-shi,,,,堂尾,ドウノオ,Dono,,,,,,,,0,0,0,0,0,0,1,1,1947-04-17,,0,7080853,,,,,,,,,,,,,,,
332038,0115000,1,岡山県,オカヤマケン,Okayama,,,,津山市,ツヤマシ,Tsuyama-shi,,,,戸川町,トガワマチ,Togawamachi,,,,,,,,0,0,0,0,0,0,1,1,1947-04-17,,0,7080037,,,,,,,,,,,,,,,
332038,0116000,1,岡山県,オカヤマケン,Okayama,,,,津山市,ツヤマシ,Tsuyama-shi,,,,戸島,トシマ,Toshima,,,,,,,,0,0,0,0,0,0,1,1,1947-04-17,,0,7080016,,,,,,,,,,,,,,,
332038,0117000,1,岡山県,オカヤマケン,Okayama,,,,津山市,ツヤマシ,Tsuyama-shi,,,,戸脇,トワキ,Towaki,,,,,,,,0,0,0,0,0,0,1,1,1947-04-17,,0,7094622,,,,,,,,,,,,,,,
332038,0118000,1,岡山県,オカヤマケン,Okayama,,,,津山市,ツヤマシ,Tsuyama-shi,,,,中北上,ナカギタカミ,Nakagitakami,,,,,,,,0,0,0,0,0,0,1,1,1947-04-17,,0,7094606,,,,,,,,,,,,,,,
332038,0119000,1,岡山県,オカヤマケン,Okayama,,,,津山市,ツヤマシ,Tsuyama-shi,,,,中北下,ナカギタシモ,Nakagitashimo,,,,,,,,0,0,0,0,0,0,1,1,1947-04-17,,0,7094603,,,,,,,,,,,,,,,
332038,0120000,1,岡山県,オカヤマケン,Okayama,,,,津山市,ツヤマシ,Tsuyama-shi,,,,中島,ナカシマ,Nakashima,,,,,,,,0,0,0,0,0,0,1,1,1947-04-17,,0,7080871,,,,,,,,,,,,,,,
332038,0121000,1,岡山県,オカヤマケン,Okayama,,,,津山市,ツヤマシ,Tsuyama-shi,,,,中之町,ナカノチョウ,Nakanocho,,,,,,,,0,0,0,0,0,0,1,1,1947-04-17,,0,7080834,,,,,,,,,,,,,,,
332038,0124000,1,岡山県,オカヤマケン,Okayama,,,,津山市,ツヤマシ,Tsuyama-shi,,,,楢,ナラ,Nara,,,,,,,,0,0,0,0,0,0,1,1,1947-04-17,,0,7081111,,,,,,,,,,,,,,,
332038,0125000,1,岡山県,オカヤマケン,Okayama,,,,津山市,ツヤマシ,Tsuyama-shi,,,,新田,ニイダ,Niida,,,,,,,,0,0,0,0,0,0,1,1,1947-04-17,,0,7080851,,,,,,,,,,,,,,,
332038,0126000,1,岡山県,オカヤマケン,Okayama,,,,津山市,ツヤマシ,Tsuyama-shi,,,,新野東,ニイノヒガシ,Niinohigashi,,,,,,,,0,0,0,0,0,0,1,1,1947-04-17,,0,7081205,,,,,,,,,,,,,,,
332038,0127000,1,岡山県,オカヤマケン,Okayama,,,,津山市,ツヤマシ,Tsuyama-shi,,,,新野山形,ニイノヤマガタ,Niinoyamagata,,,,,,,,0,0,0,0,0,0,1,1,1947-04-17,,0,7081226,,,,,,,,,,,,,,,
332038,0128000,1,岡山県,オカヤマケン,Okayama,,,,津山市,ツヤマシ,Tsuyama-shi,,,,二階町,ニカイマチ,Nikaimachi,,,,,,,,0,0,0,0,0,0,1,1,1947-04-17,,0,7080024,,,,,,,,,,,,,,,
332038,0129000,1,岡山県,オカヤマケン,Okayama,,,,津山市,ツヤマシ,Tsuyama-shi,,,,西今町,ニシイママチ,Nishiimamachi,,,,,,,,0,0,0,0,0,0,1,1,1947-04-17,,0,7080046,,,,,,,,,,,,,,,
332038,0130000,1,岡山県,オカヤマケン,Okayama,,,,津山市,ツヤマシ,Tsuyama-shi,,,,西上,ニシカミ,Nishikami,,,,,,,,0,0,0,0,0,0,1,1,1947-04-17,,0,7081221,,,,,,,,,,,,,,,
332038,0131000,1,岡山県,オカヤマケン,Okayama,,,,津山市,ツヤマシ,Tsuyama-shi,,,,西下,ニシシモ,Nishishimo,,,,,,,,0,0,0,0,0,0,1,1,1947-04-17,,0,7081225,,,,,,,,,,,,,,,
332038,0132000,1,岡山県,オカヤマケン,Okayama,,,,津山市,ツヤマシ,Tsuyama-shi,,,,西新町,ニシシンマチ,Nishishimmachi,,,,,,,,0,0,0,0,0,0,1,1,1947-04-17,,0,7080833,,,,,,,,,,,,,,,
332038,0133000,1,岡山県,オカヤマケン,Okayama,,,,津山市,ツヤマシ,Tsuyama-shi,,,,西田辺,ニシタナベ,Nishitanabe,,,,,,,,0,0,0,0,0,0,1,1,1947-04-17,,0,7080811,,,,,,,,,,,,,,,
332038,0134000,1,岡山県,オカヤマケン,Okayama,,,,津山市,ツヤマシ,Tsuyama-shi,,,,西寺町,ニシテラマチ,Nishiteramachi,,,,,,,,0,0,0,0,0,0,1,1,1947-04-17,,0,7080045,,,,,,,,,,,,,,,
332038,0135000,1,岡山県,オカヤマケン,Okayama,,,,津山市,ツヤマシ,Tsuyama-shi,,,,西中,ニシナカ,Nishinaka,,,,,,,,0,0,0,0,0,0,1,1,1947-04-17,,0,7081222,,,,,,,,,,,,,,,
332038,0136000,1,岡山県,オカヤマケン,Okayama,,,,津山市,ツヤマシ,Tsuyama-shi,,,,西吉田,ニシヨシダ,Nishiyoshida,,,,,,,,0,0,0,0,0,0,1,1,1947-04-17,,0,7080856,,,,,,,,,,,,,,,
332038,0137000,1,岡山県,オカヤマケン,Okayama,,,,津山市,ツヤマシ,Tsuyama-shi,,,,二宮,ニノミヤ,Ninomiya,,,,,,,,0,0,0,0,0,0,1,1,1947-04-17,,0,7080013,,,,,,,,,,,,,,,
332038,0138000,1,岡山県,オカヤマケン,Okayama,,,,津山市,ツヤマシ,Tsuyama-shi,,,,日本原,ニホンバラ,Nihombara,,,,,,,,0,0,0,0,0,0,1,1,1947-04-17,,0,7081204,,,,,,,,,,,,,,,
332038,0139000,1,岡山県,オカヤマケン,Okayama,,,,津山市,ツヤマシ,Tsuyama-shi,,,,沼,ヌマ,Numa,,,,,,,,0,0,0,0,0,0,1,1,1947-04-17,,0,7080824,,,,,,,,,,,,,,,
332038,0140000,1,岡山県,オカヤマケン,Okayama,,,,津山市,ツヤマシ,Tsuyama-shi,,,,野介代,ノケダ,Nokeda,,,,,,,,0,0,0,0,0,0,1,1,1947-04-17,,0,7080821,,,,,,,,,,,,,,,
332038,0141000,1,岡山県,オカヤマケン,Okayama,,,,津山市,ツヤマシ,Tsuyama-shi,,,,野村,ノムラ,Nomura,,,,,,,,0,0,0,0,0,0,1,1,1947-04-17,,0,7081116,,,,,,,,,,,,,,,
332038,0142000,1,岡山県,オカヤマケン,Okayama,,,,津山市,ツヤマシ,Tsuyama-shi,,,,林田,ハイダ,Haida,,,,,,,,0,0,0,0,0,0,1,1,1947-04-17,,0,7080822,,,,,,,,,,,,,,,
332038,0143000,1,岡山県,オカヤマケン,Okayama,,,,津山市,ツヤマシ,Tsuyama-shi,,,,林田町,ハイダマチ,Haidamachi,,,,,,,,0,0,0,0,0,0,1,1,1947-04-17,,0,7080836,,,,,,,,,,,,,,,
332038,0144000,1,岡山県,オカヤマケン,Okayama,,,,津山市,ツヤマシ,Tsuyama-shi,,,,橋本町,ハシモトマチ,Hashimotomachi,,,,,,,,0,0,0,0,0,0,1,1,1947-04-17,,0,7080837,,,,,,,,,,,,,,,
332038,0146000,1,岡山県,オカヤマケン,Okayama,,,,津山市,ツヤマシ,Tsuyama-shi,,,,東一宮,ヒガシイチノミヤ,Higashiichinomiya,,,,,,,,0,0,0,0,0,0,1,1,1947-04-17,,0,7080814,,,,,,,,,,,,,,,
332038,0147000,1,岡山県,オカヤマケン,Okayama,,,,津山市,ツヤマシ,Tsuyama-shi,,,,東新町,ヒガシシンマチ,Higashishimmachi,,,,,,,,0,0,0,0,0,0,1,1,1947-04-17,,0,7080832,,,,,,,,,,,,,,,
332038,0149000,1,岡山県,オカヤマケン,Okayama,,,,津山市,ツヤマシ,Tsuyama-shi,,,,日上,ヒカミ,Hikami,,,,,,,,0,0,0,0,0,0,1,1,1947-04-17,,0,7080845,,,,,,,,,,,,,,,
332038,0151000,1,岡山県,オカヤマケン,Okayama,,,,津山市,ツヤマシ,Tsuyama-shi,,,,吹屋町,フキヤマチ,Fukiyamachi,,,,,,,,0,0,0,0,0,0,1,1,1947-04-17,,0,7080035,,,,,,,,,,,,,,,
332038,0153000,1,岡山県,オカヤマケン,Okayama,,,,津山市,ツヤマシ,Tsuyama-shi,,,,福田,フクダ,Fukuda,,,,,,,,0,0,0,0,0,0,1,1,1947-04-17,,0,7080875,,,,,,,,,,,,,,,
332038,0154000,1,岡山県,オカヤマケン,Okayama,,,,津山市,ツヤマシ,Tsuyama-shi,,,,福田下,フクダシモ,Fukudashimo,,,,,,,,0,0,0,0,0,0,1,1,1947-04-17,,0,7094631,,,,,,,,,,,,,,,
332038,0155000,1,岡山県,オカヤマケン,Okayama,,,,津山市,ツヤマシ,Tsuyama-shi,,,,福力,フクリキ,Fukuriki,,,,,,,,0,0,0,0,0,0,1,1,1947-04-17,,0,7080857,,,,,,,,,,,,,,,
332038,0156000,1,岡山県,オカヤマケン,Okayama,,,,津山市,ツヤマシ,Tsuyama-shi,,,,福渡町,フクワタリマチ,Fukuwatarimachi,,,,,,,,0,0,0,0,0,0,1,1,1947-04-17,,0,7080074,,,,,,,,,,,,,,,
332038,0157000,1,岡山県,オカヤマケン,Okayama,,,,津山市,ツヤマシ,Tsuyama-shi,,,,伏見町,フシミチョウ,Fushimicho,,,,,,,,0,0,0,0,0,0,1,1,1947-04-17,,0,7080032,,,,,,,,,,,,,,,
332038,0158000,1,岡山県,オカヤマケン,Okayama,,,,津山市,ツヤマシ,Tsuyama-shi,,,,堀坂,ホリサカ,Horisaka,,,,,,,,0,0,0,0,0,0,1,1,1947-04-17,,0,7081103,,,,,,,,,,,,,,,
332038,0159002,2,岡山県,オカヤマケン,Okayama,,,,津山市,ツヤマシ,Tsuyama-shi,,,,本町,ホンマチ,Hommachi,２丁目,２チョウメ,2,,,,,0,0,0,0,0,0,1,1,1947-04-17,,0,,,,,,,,,,,,,,,,
332038,0159003,2,岡山県,オカヤマケン,Okayama,,,,津山市,ツヤマシ,Tsuyama-shi,,,,本町,ホンマチ,Hommachi,３丁目,３チョウメ,3,,,,,0,0,0,0,0,0,1,1,1947-04-17,,0,,,,,,,,,,,,,,,,
332038,0160000,1,岡山県,オカヤマケン,Okayama,,,,津山市,ツヤマシ,Tsuyama-shi,,,,三浦,ミウラ,Miura,,,,,,,,0,0,0,0,0,0,1,1,1947-04-17,,0,7081101,,,,,,,,,,,,,,,
332038,0161000,1,岡山県,オカヤマケン,Okayama,,,,津山市,ツヤマシ,Tsuyama-shi,,,,南方中,ミナミガタナカ,Minamigatanaka,,,,,,,,0,0,0,0,0,0,1,1,1947-04-17,,0,7094616,,,,,,,,,,,,,,,
332038,0162000,1,岡山県,オカヤマケン,Okayama,,,,津山市,ツヤマシ,Tsuyama-shi,,,,南新座,ミナミシンザ,Minamishinza,,,,,,,,0,0,0,0,0,0,1,1,1947-04-17,,0,7080036,,,,,,,,,,,,,,,
332038,0163001,2,岡山県,オカヤマケン,Okayama,,,,津山市,ツヤマシ,Tsuyama-shi,,,,南町,ミナミマチ,Minamimachi,１丁目,１チョウメ,1,,,,,0,0,0,0,0,0,1,1,1947-04-17,,0,,,,,,,,,,,,,,,,
332038,0164000,1,岡山県,オカヤマケン,Okayama,,,,津山市,ツヤマシ,Tsuyama-shi,,,,美濃町,ミノマチ,Minomachi,,,,,,,,0,0,0,0,0,0,1,1,1947-04-17,,0,7080072,,,,,,,,,,,,,,,
332038,0165000,1,岡山県,オカヤマケン,Okayama,,,,津山市,ツヤマシ,Tsuyama-shi,,,,宮尾,ミヤオ,Miyao,,,,,,,,0,0,0,0,0,0,1,1,1947-04-17,,0,7094613,,,,,,,,,,,,,,,
332038,0166000,1,岡山県,オカヤマケン,Okayama,,,,津山市,ツヤマシ,Tsuyama-shi,,,,宮部上,ミヤベカミ,Miyabekami,,,,,,,,0,0,0,0,0,0,1,1,1947-04-17,,0,7094601,,,,,,,,,,,,,,,
332038,0167000,1,岡山県,オカヤマケン,Okayama,,,,津山市,ツヤマシ,Tsuyama-shi,,,,宮部下,ミヤベシモ,Miyabeshimo,,,,,,,,0,0,0,0,0,0,1,1,1947-04-17,,0,7094602,,,,,,,,,,,,,,,
332038,0168000,1,岡山県,オカヤマケン,Okayama,,,,津山市,ツヤマシ,Tsuyama-shi,,,,宮脇町,ミヤワキチョウ,Miyawakicho,,,,,,,,0,0,0,0,0,0,1,1,1947-04-17,,0,7080047,,,,,,,,,,,,,,,
332038,0169000,1,岡山県,オカヤマケン,Okayama,,,,津山市,ツヤマシ,Tsuyama-shi,,,,妙原,ミョウバラ,Myobara,,,,,,,,0,0,0,0,0,0,1,1,1947-04-17,,0,7081102,,,,,,,,,,,,,,,
332038,0170000,1,岡山県,オカヤマケン,Okayama,,,,津山市,ツヤマシ,Tsuyama-shi,,,,元魚町,モトウオマチ,Motoomachi,,,,,,,,0,0,0,0,0,0,1,1,1947-04-17,,0,7080061,,,,,,,,,,,,,,,
332038,0172000,1,岡山県,オカヤマケン,Okayama,,,,津山市,ツヤマシ,Tsuyama-shi,,,,八出,ヤイデ,Yaide,,,,,,,,0,0,0,0,0,0,1,1,1947-04-17,,0,7080861,,,,,,,,,,,,,,,
332038,0174000,1,岡山県,オカヤマケン,Okayama,,,,津山市,ツヤマシ,Tsuyama-shi,,,,安井,ヤスイ,Yasui,,,,,,,,0,0,0,0,0,0,1,1,1947-04-17,,0,7081212,,,,,,,,,,,,,,,
332038,0175000,1,岡山県,オカヤマケン,Okayama,,,,津山市,ツヤマシ,Tsuyama-shi,,,,安岡町,ヤスオカマチ,Yasuokamachi,,,,,,,,0,0,0,0,0,0,1,1,1947-04-17,,0,7080044,,,,,,,,,,,,,,,
332038,0176000,1,岡山県,オカヤマケン,Okayama,,,,津山市,ツヤマシ,Tsuyama-shi,,,,山方,ヤマガタ,Yamagata,,,,,,,,0,0,0,0,0,0,1,1,1947-04-17,,0,7080813,,,,,,,,,,,,,,,
332038,0177000,1,岡山県,オカヤマケン,Okayama,,,,津山市,ツヤマシ,Tsuyama-shi,,,,山北,ヤマキタ,Yamakita,,,,,,,,0,0,0,0,0,0,1,1,1947-04-17,,0,7080004,,,,,,,,,,,,,,,
332038,0178000,1,岡山県,オカヤマケン,Okayama,,,,津山市,ツヤマシ,Tsuyama-shi,,,,弥生町,ヤヨイチョウ,Yayoicho,,,,,,,,0,0,0,0,0,0,1,1,1947-04-17,,0,7080823,,,,,,,,,,,,,,,
332038,0179000,1,岡山県,オカヤマケン,Okayama,,,,津山市,ツヤマシ,Tsuyama-shi,,,,油木上,ユキカミ,Yukikami,,,,,,,,0,0,0,0,0,0,1,1,1947-04-17,,0,7094633,,,,,,,,,,,,,,,
332038,0180000,1,岡山県,オカヤマケン,Okayama,,,,津山市,ツヤマシ,Tsuyama-shi,,,,油木北,ユキキタ,Yukikita,,,,,,,,0,0,0,0,0,0,1,1,1947-04-17,,0,7094635,,,,,,,,,,,,,,,
332038,0181000,1,岡山県,オカヤマケン,Okayama,,,,津山市,ツヤマシ,Tsuyama-shi,,,,油木下,ユキシモ,Yukishimo,,,,,,,,0,0,0,0,0,0,1,1,1947-04-17,,0,7094634,,,,,,,,,,,,,,,
332038,0182000,1,岡山県,オカヤマケン,Okayama,,,,津山市,ツヤマシ,Tsuyama-shi,,,,横山,ヨコヤマ,Yokoyama,,,,,,,,0,0,0,0,0,0,1,1,1947-04-17,,0,7080862,,,,,,,,,,,,,,,
332038,0183000,1,岡山県,オカヤマケン,Okayama,,,,津山市,ツヤマシ,Tsuyama-shi,,,,吉見,ヨシミ,Yoshimi,,,,,,,,0,0,0,0,0,0,1,1,1947-04-17,,0,7081105,,,,,,,,,,,,,,,
332038,0184000,1,岡山県,オカヤマケン,Okayama,,,,津山市,ツヤマシ,Tsuyama-shi,,,,領家,リョウケ,Ryoke,,,,,,,,0,0,0,0,0,0,1,1,1947-04-17,,0,7094611,,,,,,,,,,,,,,,
332038,0185000,1,岡山県,オカヤマケン,Okayama,,,,津山市,ツヤマシ,Tsuyama-shi,,,,一方,イッポウ,,,,,,,,,0,0,0,0,0,0,1,0,1947-04-17,,1,,,,,,,,,,,,,,,,
332038,0186000,1,岡山県,オカヤマケン,Okayama,,,,津山市,ツヤマシ,Tsuyama-shi,,,,八社,ヤサ,,,,,,,,,0,0,0,0,0,0,1,0,1947-04-17,,1,,,,,,,,,,,,,,,,
332038,0187000,1,岡山県,オカヤマケン,Okayama,,,,津山市,ツヤマシ,Tsuyama-shi,,,,井口,イノクチ,,,,,,,,,0,0,0,0,0,0,1,0,1947-04-17,,1,,,,,,,,,,,,,,,,
332038,0188000,1,岡山県,オカヤマケン,Okayama,,,,津山市,ツヤマシ,Tsuyama-shi,,,,院庄,インノショウ,,,,,,,,,0,0,0,0,0,0,1,0,1947-04-17,,1,,,,,,,,,,,,,,,,
332038,0190000,1,岡山県,オカヤマケン,Okayama,,,,津山市,ツヤマシ,Tsuyama-shi,,,,河辺,カワナベ,,,,,,,,,0,0,0,0,0,0,1,0,1947-04-17,,1,,,,,,,,,,,,,,,,
332038,0191000,1,岡山県,オカヤマケン,Okayama,,,,津山市,ツヤマシ,Tsuyama-shi,,,,原,ハラ,,,,,,,,,0,0,0,0,0,0,1,0,1947-04-17,,1,,,,,,,,,,,,,,,,
332038,0192000,1,岡山県,オカヤマケン,Okayama,,,,津山市,ツヤマシ,Tsuyama-shi,,,,市場,イチバ,,,,,,,,,0,0,0,0,0,0,1,0,1947-04-17,,1,,,,,,,,,,,,,,,,
332038,0193000,1,岡山県,オカヤマケン,Okayama,,,,津山市,ツヤマシ,Tsuyama-shi,,,,小原,オバラ,,,,,,,,,0,0,0,0,0,0,1,0,1947-04-17,,1,,,,,,,,,,,,,,,,
332038,0194000,1,岡山県,オカヤマケン,Okayama,,,,津山市,ツヤマシ,Tsuyama-shi,,,,上河原,カミガワラ,,,,,,,,,0,0,0,0,0,0,1,0,1947-04-17,,1,,,,,,,,,,,,,,,,
332038,0195000,1,岡山県,オカヤマケン,Okayama,,,,津山市,ツヤマシ,Tsuyama-shi,,,,川崎,カワサキ,,,,,,,,,0,0,0,0,0,0,1,0,1947-04-17,,1,,,,,,,,,,,,,,,,
332038,0196000,1,岡山県,オカヤマケン,Okayama,,,,津山市,ツヤマシ,Tsuyama-shi,,,,池ケ原,イケガハラ,,,,,,,,,0,0,0,0,0,0,1,0,1947-04-17,,1,,,,,,,,,,,,,,,,
332038,0197000,1,岡山県,オカヤマケン,Okayama,,,,津山市,ツヤマシ,Tsuyama-shi,,,,中原,ナカバラ,,,,,,,,,0,0,0,0,0,0,1,0,1947-04-17,,1,,,,,,,,,,,,,,,,
332038,0198000,1,岡山県,オカヤマケン,Okayama,,,,津山市,ツヤマシ,Tsuyama-shi,,,,中村,ナカムラ,,,,,,,,,0,0,0,0,0,0,1,0,1947-04-17,,1,,,,,,,,,,,,,,,,
332038,0199000,1,岡山県,オカヤマケン,Okayama,,,,津山市,ツヤマシ,Tsuyama-shi,,,,東田辺,ヒガシタナベ,,,,,,,,,0,0,0,0,0,0,1,0,1947-04-17,,1,,,,,,,,,,,,,,,,
332038,0200000,1,岡山県,オカヤマケン,Okayama,,,,津山市,ツヤマシ,Tsuyama-shi,,,,福井,フクイ,,,,,,,,,0,0,0,0,0,0,1,0,1947-04-17,,1,,,,,,,,,,,,,,,,
332038,0201000,1,岡山県,オカヤマケン,Okayama,,,,津山市,ツヤマシ,Tsuyama-shi,,,,平福,ヒラフク,,,,,,,,,0,0,0,0,0,0,1,0,1947-04-17,,1,,,,,,,,,,,,,,,,
332038,0202000,1,岡山県,オカヤマケン,Okayama,,,,津山市,ツヤマシ,Tsuyama-shi,,,,籾保,モミホ,,,,,,,,,0,0,0,0,0,0,1,0,1947-04-17,,1,,,,,,,,,,,,,,,,
332046,0001000,1,岡山県,オカヤマケン,Okayama,,,,玉野市,タマノシ,Tamano-shi,,,,石島,イシマ,Ishima,,,,,,,,0,0,0,0,0,0,1,1,1947-04-17,,0,7060306,,,,,,,,,,,,,,,
332046,0002000,1,岡山県,オカヤマケン,Okayama,,,,玉野市,タマノシ,Tamano-shi,,,,宇藤木,ウトウギ,Utogi,,,,,,,,0,0,0,0,0,0,1,1,1947-04-17,,0,7060133,,,,,,,,,,,,,,,
332046,0003000,1,岡山県,オカヤマケン,Okayama,,,,玉野市,タマノシ,Tamano-shi,,,,宇野,ウノ,,,,,,,,,1,1,0,0,0,0,1,0,1947-04-17,,1,,,,,,,,,,,,,,,,
332046,0003001,2,岡山県,オカヤマケン,Okayama,,,,玉野市,タマノシ,Tamano-shi,,,,宇野,ウノ,Uno,１丁目,１チョウメ,1,,,,,1,1,0,0,0,0,1,1,1947-04-17,,0,,,,,,,,,,,,,,,,
332046,0003002,2,岡山県,オカヤマケン,Okayama,,,,玉野市,タマノシ,Tamano-shi,,,,宇野,ウノ,Uno,２丁目,２チョウメ,2,,,,,1,1,0,0,0,0,1,1,1947-04-17,,0,,,,,,,,,,,,,,,,
332046,0003003,2,岡山県,オカヤマケン,Okayama,,,,玉野市,タマノシ,Tamano-shi,,,,宇野,ウノ,Uno,３丁目,３チョウメ,3,,,,,1,1,0,0,0,0,1,1,1947-04-17,,0,,,,,,,,,,,,,,,,
332046,0003004,2,岡山県,オカヤマケン,Okayama,,,,玉野市,タマノシ,Tamano-shi,,,,宇野,ウノ,Uno,４丁目,４チョウメ,4,,,,,1,1,0,0,0,0,1,1,1947-04-17,,0,,,,,,,,,,,,,,,,
332046,0003005,2,岡山県,オカヤマケン,Okayama,,,,玉野市,タマノシ,Tamano-shi,,,,宇野,ウノ,Uno,５丁目,５チョウメ,5,,,,,1,1,0,0,0,0,1,1,1947-04-17,,0,,,,,,,,,,,,,,,,
332046,0003006,2,岡山県,オカヤマケン,Okayama,,,,玉野市,タマノシ,Tamano-shi,,,,宇野,ウノ,Uno,６丁目,６チョウメ,6,,,,,1,1,0,0,0,0,1,1,1947-04-17,,0,,,,,,,,,,,,,,,,
332046,0003007,2,岡山県,オカヤマケン,Okayama,,,,玉野市,タマノシ,Tamano-shi,,,,宇野,ウノ,Uno,７丁目,７チョウメ,7,,,,,1,1,0,0,0,0,1,1,1947-04-17,,0,,,,,,,,,,,,,,,,
332046,0003008,2,岡山県,オカヤマケン,Okayama,,,,玉野市,タマノシ,Tamano-shi,,,,宇野,ウノ,Uno,８丁目,８チョウメ,8,,,,,1,1,0,0,0,0,1,1,1947-04-17,,0,,,,,,,,,,,,,,,,
332046,0004000,1,岡山県,オカヤマケン,Okayama,,,,玉野市,タマノシ,Tamano-shi,,,,大藪,オオヤブ,Oyabu,,,,,,,,0,0,0,0,0,0,1,1,1947-04-17,,0,7060317,,,,,,,,,,,,,,,
332046,0005000,1,岡山県,オカヤマケン,Okayama,,,,玉野市,タマノシ,Tamano-shi,,,,奥玉,オクタマ,,,,,,,,,1,1,0,0,0,0,1,0,1947-04-17,,1,,,,,,,,,,,,,,,,
332046,0005001,2,岡山県,オカヤマケン,Okayama,,,,玉野市,タマノシ,Tamano-shi,,,,奥玉,オクタマ,Okutama,１丁目,１チョウメ,1,,,,,1,1,0,0,0,0,1,1,1947-04-17,,0,,,,,,,,,,,,,,,,
332046,0005002,2,岡山県,オカヤマケン,Okayama,,,,玉野市,タマノシ,Tamano-shi,,,,奥玉,オクタマ,Okutama,２丁目,２チョウメ,2,,,,,1,1,0,0,0,0,1,1,1947-04-17,,0,,,,,,,,,,,,,,,,
332046,0005003,2,岡山県,オカヤマケン,Okayama,,,,玉野市,タマノシ,Tamano-shi,,,,奥玉,オクタマ,Okutama,３丁目,３チョウメ,3,,,,,1,1,0,0,0,0,1,1,1947-04-17,,0,,,,,,,,,,,,,,,,
332046,0006000,1,岡山県,オカヤマケン,Okayama,,,,玉野市,タマノシ,Tamano-shi,,,,御崎,オンザキ,,,,,,,,,1,1,0,0,0,0,1,0,1947-04-17,,1,,,,,,,,,,,,,,,,
332046,0006001,2,岡山県,オカヤマケン,Okayama,,,,玉野市,タマノシ,Tamano-shi,,,,御崎,オンザキ,Onzaki,１丁目,１チョウメ,1,,,,,1,1,0,0,0,0,1,1,1947-04-17,,0,,,,,,,,,,,,,,,,
332046,0006002,2,岡山県,オカヤマケン,Okayama,,,,玉野市,タマノシ,Tamano-shi,,,,御崎,オンザキ,Onzaki,２丁目,２チョウメ,2,,,,,1,1,0,0,0,0,1,1,1947-04-17,,0,,,,,,,,,,,,,,,,
332046,0007000,1,岡山県,オカヤマケン,Okayama,,,,玉野市,タマノシ,Tamano-shi,,,,梶岡,カジオカ,Kajioka,,,,,,,,0,0,0,0,0,0,1,1,1947-04-17,,0,7060311,,,,,,,,,,,,,,,
332046,0008000,1,岡山県,オカヤマケン,Okayama,,,,玉野市,タマノシ,Tamano-shi,,,,上山坂,カミヤマサカ,Kamiyamasaka,,,,,,,,0,0,0,0,0,0,1,1,1947-04-17,,0,7060303,,,,,,,,,,,,,,,
332046,0011000,1,岡山県,オカヤマケン,Okayama,,,,玉野市,タマノシ,Tamano-shi,,,,小島地,コシマジ,Koshimaji,,,,,,,,0,0,0,0,0,0,1,1,1947-04-17,,0,7060144,,,,,,,,,,,,,,,
332046,0012000,1,岡山県,オカヤマケン,Okayama,,,,玉野市,タマノシ,Tamano-shi,,,,渋川,シブカワ,,,,,,,,,1,1,0,0,0,0,1,0,1947-04-17,,1,,,,,,,,,,,,,,,,
332046,0012001,2,岡山県,オカヤマケン,Okayama,,,,玉野市,タマノシ,Tamano-shi,,,,渋川,シブカワ,Shibukawa,１丁目,１チョウメ,1,,,,,1,1,0,0,0,0,1,1,1947-04-17,,0,,,,,,,,,,,,,,,,
332046,0012002,2,岡山県,オカヤマケン,Okayama,,,,玉野市,タマノシ,Tamano-shi,,,,渋川,シブカワ,Shibukawa,２丁目,２チョウメ,2,,,,,1,1,0,0,0,0,1,1,1947-04-17,,0,,,,,,,,,,,,,,,,
332046,0012003,2,岡山県,オカヤマケン,Okayama,,,,玉野市,タマノシ,Tamano-shi,,,,渋川,シブカワ,Shibukawa,３丁目,３チョウメ,3,,,,,1,1,0,0,0,0,1,1,1947-04-17,,0,,,,,,,,,,,,,,,,
332046,0012004,2,岡山県,オカヤマケン,Okayama,,,,玉野市,タマノシ,Tamano-shi,,,,渋川,シブカワ,Shibukawa,４丁目,４チョウメ,4,,,,,1,1,0,0,0,0,1,1,1947-04-17,,0,,,,,,,,,,,,,,,,
332046,0013000,1,岡山県,オカヤマケン,Okayama,,,,玉野市,タマノシ,Tamano-shi,,,,下山坂,シモヤマサカ,Shimoyamasaka,,,,,,,,0,0,0,0,0,0,1,1,1947-04-17,,0,7060302,,,,,,,,,,,,,,,
332046,0014000,1,岡山県,オカヤマケン,Okayama,,,,玉野市,タマノシ,Tamano-shi,,,,田井,タイ,,,,,,,,,1,1,0,0,0,0,1,0,1947-04-17,,1,,,,,,,,,,,,,,,,
332046,0014001,2,岡山県,オカヤマケン,Okayama,,,,玉野市,タマノシ,Tamano-shi,,,,田井,タイ,Tai,１丁目,１チョウメ,1,,,,,1,1,0,0,0,0,1,1,1947-04-17,,0,,,,,,,,,,,,,,,,
332046,0014002,2,岡山県,オカヤマケン,Okayama,,,,玉野市,タマノシ,Tamano-shi,,,,田井,タイ,Tai,２丁目,２チョウメ,2,,,,,1,1,0,0,0,0,1,1,1947-04-17,,0,,,,,,,,,,,,,,,,
332046,0014003,2,岡山県,オカヤマケン,Okayama,,,,玉野市,タマノシ,Tamano-shi,,,,田井,タイ,Tai,３丁目,３チョウメ,3,,,,,1,1,0,0,0,0,1,1,1947-04-17,,0,,,,,,,,,,,,,,,,
332046,0014004,2,岡山県,オカヤマケン,Okayama,,,,玉野市,タマノシ,Tamano-shi,,,,田井,タイ,Tai,４丁目,４チョウメ,4,,,,,0,0,0,0,0,0,1,1,1947-04-17,,0,,,,,,,,,,,,,,,,
332046,0014004,2,岡山県,オカヤマケン,Okayama,,,,玉野市,タマノシ,Tamano-shi,,,,田井,タイ,Tai,４丁目,４チョウメ,4,,,,,1,1,0,0,0,0,1,1,1947-04-17,,0,,,,,,,,,,,,,,,,
332046,0014005,2,岡山県,オカヤマケン,Okayama,,,,玉野市,タマノシ,Tamano-shi,,,,田井,タイ,Tai,５丁目,５チョウメ,5,,,,,1,1,0,0,0,0,1,1,1947-04-17,,0,,,,,,,,,,,,,,,,
332046,0014006,2,岡山県,オカヤマケン,Okayama,,,,玉野市,タマノシ,Tamano-shi,,,,田井,タイ,Tai,６丁目,６チョウメ,6,,,,,1,1,0,0,0,0,1,1,1947-04-17,,0,,,,,,,,,,,,,,,,
332046,0015000,1,岡山県,オカヤマケン,Okayama,,,,玉野市,タマノシ,Tamano-shi,,,,滝,タキ,Taki,,,,,,,,0,0,0,0,0,0,1,1,1947-04-17,,0,7060153,,,,,,,,,,,,,,,
332046,0016000,1,岡山県,オカヤマケン,Okayama,,,,玉野市,タマノシ,Tamano-shi,,,,玉,タマ,,,,,,,,,1,1,0,0,0,0,1,0,1947-04-17,,1,,,,,,,,,,,,,,,,
332046,0016001,2,岡山県,オカヤマケン,Okayama,,,,玉野市,タマノシ,Tamano-shi,,,,玉,タマ,Tama,１丁目,１チョウメ,1,,,,,1,1,0,0,0,0,1,1,1947-04-17,,0,,,,,,,,,,,,,,,,
332046,0016002,2,岡山県,オカヤマケン,Okayama,,,,玉野市,タマノシ,Tamano-shi,,,,玉,タマ,Tama,２丁目,２チョウメ,2,,,,,1,1,0,0,0,0,1,1,1947-04-17,,0,,,,,,,,,,,,,,,,
332046,0016003,2,岡山県,オカヤマケン,Okayama,,,,玉野市,タマノシ,Tamano-shi,,,,玉,タマ,Tama,３丁目,３チョウメ,3,,,,,1,1,0,0,0,0,1,1,1947-04-17,,0,,,,,,,,,,,,,,,,
332046,0016004,2,岡山県,オカヤマケン,Okayama,,,,玉野市,タマノシ,Tamano-shi,,,,玉,タマ,Tama,４丁目,４チョウメ,4,,,,,1,1,0,0,0,0,1,1,1947-04-17,,0,,,,,,,,,,,,,,,,
332046,0016005,2,岡山県,オカヤマケン,Okayama,,,,玉野市,タマノシ,Tamano-shi,,,,玉,タマ,Tama,５丁目,５チョウメ,5,,,,,1,1,0,0,0,0,1,1,1947-04-17,,0,,,,,,,,,,,,,,,,
332046,0016006,2,岡山県,オカヤマケン,Okayama,,,,玉野市,タマノシ,Tamano-shi,,,,玉,タマ,Tama,６丁目,６チョウメ,6,,,,,1,1,0,0,0,0,1,1,1947-04-17,,0,,,,,,,,,,,,,,,,
332046,0017000,1,岡山県,オカヤマケン,Okayama,,,,玉野市,タマノシ,Tamano-shi,,,,玉原,タマハラ,,,,,,,,,1,1,0,0,0,0,1,0,1947-04-17,,1,,,,,,,,,,,,,,,,
332046,0017001,2,岡山県,オカヤマケン,Okayama,,,,玉野市,タマノシ,Tamano-shi,,,,玉原,タマハラ,Tamahara,１丁目,１チョウメ,1,,,,,1,1,0,0,0,0,1,1,1947-04-17,,0,,,,,,,,,,,,,,,,
332046,0017002,2,岡山県,オカヤマケン,Okayama,,,,玉野市,タマノシ,Tamano-shi,,,,玉原,タマハラ,Tamahara,２丁目,２チョウメ,2,,,,,1,1,0,0,0,0,1,1,1947-04-17,,0,,,,,,,,,,,,,,,,
332046,0017003,2,岡山県,オカヤマケン,Okayama,,,,玉野市,タマノシ,Tamano-shi,,,,玉原,タマハラ,Tamahara,３丁目,３チョウメ,3,,,,,1,1,0,0,0,0,1,1,1947-04-17,,0,,,,,,,,,,,,,,,,
332046,0018000,1,岡山県,オカヤマケン,Okayama,,,,玉野市,タマノシ,Tamano-shi,,,,築港,チツコウ,,,,,,,,,1,1,0,0,0,0,1,0,1947-04-17,,1,,,,,,,,,,,,,,,,
332046,0018001,2,岡山県,オカヤマケン,Okayama,,,,玉野市,タマノシ,Tamano-shi,,,,築港,チッコウ,Chikko,１丁目,１チョウメ,1,,,,,1,1,0,0,0,0,1,1,1947-04-17,,0,,,,,,,,,,,,,,,,
332046,0018002,2,岡山県,オカヤマケン,Okayama,,,,玉野市,タマノシ,Tamano-shi,,,,築港,チッコウ,Chikko,２丁目,２チョウメ,2,,,,,1,1,0,0,0,0,1,1,1947-04-17,,0,,,,,,,,,,,,,,,,
332046,0018003,2,岡山県,オカヤマケン,Okayama,,,,玉野市,タマノシ,Tamano-shi,,,,築港,チッコウ,Chikko,３丁目,３チョウメ,3,,,,,1,1,0,0,0,0,1,1,1947-04-17,,0,,,,,,,,,,,,,,,,
332046,0018004,2,岡山県,オカヤマケン,Okayama,,,,玉野市,タマノシ,Tamano-shi,,,,築港,チッコウ,Chikko,４丁目,４チョウメ,4,,,,,1,1,0,0,0,0,1,1,1947-04-17,,0,,,,,,,,,,,,,,,,
332046,0018005,2,岡山県,オカヤマケン,Okayama,,,,玉野市,タマノシ,Tamano-shi,,,,築港,チッコウ,Chikko,５丁目,５チョウメ,5,,,,,1,1,0,0,0,0,1,1,1947-04-17,,0,,,,,,,,,,,,,,,,
332046,0019000,1,岡山県,オカヤマケン,Okayama,,,,玉野市,タマノシ,Tamano-shi,,,,槌ケ原,ツチガハラ,Tsuchigahara,,,,,,,,0,0,0,0,0,0,1,1,1947-04-17,,0,7060141,,MJ014341_*_*,,,,,,,,,,,,,
332046,0020000,1,岡山県,オカヤマケン,Okayama,,,,玉野市,タマノシ,Tamano-shi,,,,永井,ナガイ,Nagai,,,,,,,,0,0,0,0,0,0,1,1,1947-04-17,,0,7060152,,,,,,,,,,,,,,,
332046,0021000,1,岡山県,オカヤマケン,Okayama,,,,玉野市,タマノシ,Tamano-shi,,,,長尾,ナガオ,Nagao,,,,,,,,0,0,0,0,0,0,1,1,1947-04-17,,0,7060151,,,,,,,,,,,,,,,
332046,0024000,1,岡山県,オカヤマケン,Okayama,,,,玉野市,タマノシ,Tamano-shi,,,,迫間,ハザ,Hazama,,,,,,,,0,0,0,0,0,0,1,1,1947-04-17,,0,7060142,,,,,,,,,,,,,,,
332046,0025000,1,岡山県,オカヤマケン,Okayama,,,,玉野市,タマノシ,Tamano-shi,,,,八浜町大崎,ハチハマチョウオオサキ,Hachihamacho Osaki,,,,,,,,0,0,0,0,0,0,1,1,1947-04-17,,0,7060224,,,,,,,,,,,,,,,
332046,0026000,1,岡山県,オカヤマケン,Okayama,,,,玉野市,タマノシ,Tamano-shi,,,,八浜町波知,ハチハマチョウハチ,Hachihamacho Hachi,,,,,,,,0,0,0,0,0,0,1,1,1947-04-17,,0,7060223,,,,,,,,,,,,,,,
332046,0027000,1,岡山県,オカヤマケン,Okayama,,,,玉野市,タマノシ,Tamano-shi,,,,八浜町八浜,ハチハマチョウハチハマ,Hachihamacho Hachihama,,,,,,,,0,0,0,0,0,0,1,1,1947-04-17,,0,7060221,,,,,,,,,,,,,,,
332046,0028000,1,岡山県,オカヤマケン,Okayama,,,,玉野市,タマノシ,Tamano-shi,,,,八浜町見石,ハチハマチョウミイシ,Hachihamacho Miishi,,,,,,,,0,0,0,0,0,0,1,1,1947-04-17,,0,7060222,,,,,,,,,,,,,,,
332046,0029000,1,岡山県,オカヤマケン,Okayama,,,,玉野市,タマノシ,Tamano-shi,,,,羽根崎町,ハネザキチョウ,Hanezakicho,,,,,,,,1,1,0,0,0,0,1,1,1947-04-17,,0,7060026,,,,,,,,,,,,,,,
332046,0031001,2,岡山県,オカヤマケン,Okayama,,,,玉野市,タマノシ,Tamano-shi,,,,東紅陽台,ヒガシコウヨウダイ,Higashikoyodai,１丁目,１チョウメ,1,,,,,0,0,0,0,0,0,1,1,1947-04-17,,0,,,,,,,,,,,,,,,,
332046,0031002,2,岡山県,オカヤマケン,Okayama,,,,玉野市,タマノシ,Tamano-shi,,,,東紅陽台,ヒガシコウヨウダイ,Higashikoyodai,２丁目,２チョウメ,2,,,,,0,0,0,0,0,0,1,1,1947-04-17,,0,,,,,,,,,,,,,,,,
332046,0032000,1,岡山県,オカヤマケン,Okayama,,,,玉野市,タマノシ,Tamano-shi,,,,東田井地,ヒガシタイジ,Higashitaiji,,,,,,,,0,0,0,0,0,0,1,1,1947-04-17,,0,7060312,,,,,,,,,,,,,,,
332046,0033000,1,岡山県,オカヤマケン,Okayama,,,,玉野市,タマノシ,Tamano-shi,,,,東高崎,ヒガシタカサキ,Higashitakasaki,,,,,,,,0,0,0,0,0,0,1,1,1947-04-17,,0,7060134,,,,,,,,,,,,,,,
332046,0034000,1,岡山県,オカヤマケン,Okayama,,,,玉野市,タマノシ,Tamano-shi,,,,東七区,ヒガシナナク,Higashinanaku,,,,,,,,0,0,0,0,0,0,1,1,1947-04-17,,0,7060226,,,,,,,,,,,,,,,
332046,0035000,1,岡山県,オカヤマケン,Okayama,,,,玉野市,タマノシ,Tamano-shi,,,,東野崎,ヒガシノザキ,Higashinozaki,,,,,,,,0,0,0,0,0,0,1,1,1947-04-17,,0,7060314,,,,,,,,,,,,,,,
332046,0036000,1,岡山県,オカヤマケン,Okayama,,,,玉野市,タマノシ,Tamano-shi,,,,日比,ヒビ,,,,,,,,,1,1,0,0,0,0,1,0,1947-04-17,,1,,,,,,,,,,,,,,,,
332046,0036001,2,岡山県,オカヤマケン,Okayama,,,,玉野市,タマノシ,Tamano-shi,,,,日比,ヒビ,Hibi,１丁目,１チョウメ,1,,,,,1,1,0,0,0,0,1,1,1947-04-17,,0,,,,,,,,,,,,,,,,
332046,0036002,2,岡山県,オカヤマケン,Okayama,,,,玉野市,タマノシ,Tamano-shi,,,,日比,ヒビ,Hibi,２丁目,２チョウメ,2,,,,,1,1,0,0,0,0,1,1,1947-04-17,,0,,,,,,,,,,,,,,,,
332046,0036003,2,岡山県,オカヤマケン,Okayama,,,,玉野市,タマノシ,Tamano-shi,,,,日比,ヒビ,Hibi,３丁目,３チョウメ,3,,,,,1,1,0,0,0,0,1,1,1947-04-17,,0,,,,,,,,,,,,,,,,
332046,0036004,2,岡山県,オカヤマケン,Okayama,,,,玉野市,タマノシ,Tamano-shi,,,,日比,ヒビ,Hibi,４丁目,４チョウメ,4,,,,,1,1,0,0,0,0,1,1,1947-04-17,,0,,,,,,,,,,,,,,,,
332046,0036005,2,岡山県,オカヤマケン,Okayama,,,,玉野市,タマノシ,Tamano-shi,,,,日比,ヒビ,Hibi,５丁目,５チョウメ,5,,,,,1,1,0,0,0,0,1,1,1947-04-17,,0,,,,,,,,,,,,,,,,
332046,0036006,2,岡山県,オカヤマケン,Okayama,,,,玉野市,タマノシ,Tamano-shi,,,,日比,ヒビ,Hibi,６丁目,６チョウメ,6,,,,,1,1,0,0,0,0,1,1,1947-04-17,,0,,,,,,,,,,,,,,,,
332046,0036007,2,岡山県,オカヤマケン,Okayama,,,,玉野市,タマノシ,Tamano-shi,,,,日比,ヒビ,Hibi,７丁目,７チョウメ,7,,,,,1,1,0,0,0,0,1,1,1947-04-17,,0,,,,,,,,,,,,,,,,
332046,0037000,1,岡山県,オカヤマケン,Okayama,,,,玉野市,タマノシ,Tamano-shi,,,,広岡,ヒロオカ,Hiroka,,,,,,,,0,0,0,0,0,0,1,1,1947-04-17,,0,7060154,,,,,,,,,,,,,,,
332046,0038000,1,岡山県,オカヤマケン,Okayama,,,,玉野市,タマノシ,Tamano-shi,,,,深井町,フカイチョウ,Fukaicho,,,,,,,,1,1,0,0,0,0,1,1,1947-04-17,,0,7060023,,,,,,,,,,,,,,,
332046,0039000,1,岡山県,オカヤマケン,Okayama,,,,玉野市,タマノシ,Tamano-shi,,,,南七区,ミナミナナク,Minaminanaku,,,,,,,,0,0,0,0,0,0,1,1,1947-04-17,,0,7060225,,,,,,,,,,,,,,,
332046,0040000,1,岡山県,オカヤマケン,Okayama,,,,玉野市,タマノシ,Tamano-shi,,,,明神町,ミョウジンチョウ,Myojincho,,,,,,,,1,1,0,0,0,0,1,1,1947-04-17,,0,7060025,,,,,,,,,,,,,,,
332046,0041000,1,岡山県,オカヤマケン,Okayama,,,,玉野市,タマノシ,Tamano-shi,,,,向日比,ムカイヒビ,,,,,,,,,1,1,0,0,0,0,1,0,1947-04-17,,1,,,,,,,,,,,,,,,,
332046,0041001,2,岡山県,オカヤマケン,Okayama,,,,玉野市,タマノシ,Tamano-shi,,,,向日比,ムカイヒビ,Mukaihibi,１丁目,１チョウメ,1,,,,,1,1,0,0,0,0,1,1,1947-04-17,,0,,,,,,,,,,,,,,,,
332046,0041002,2,岡山県,オカヤマケン,Okayama,,,,玉野市,タマノシ,Tamano-shi,,,,向日比,ムカイヒビ,Mukaihibi,２丁目,２チョウメ,2,,,,,1,1,0,0,0,0,1,1,1947-04-17,,0,,,,,,,,,,,,,,,,
332046,0042000,1,岡山県,オカヤマケン,Okayama,,,,玉野市,タマノシ,Tamano-shi,,,,胸上,ムネアゲ,Muneage,,,,,,,,0,0,0,0,0,0,1,1,1947-04-17,,0,7060305,,,,,,,,,,,,,,,
332046,0043000,1,岡山県,オカヤマケン,Okayama,,,,玉野市,タマノシ,Tamano-shi,,,,木目,モクメ,Mokume,,,,,,,,0,0,0,0,0,0,1,1,1947-04-17,,0,7060143,,,,,,,,,,,,,,,
332046,0044000,1,岡山県,オカヤマケン,Okayama,,,,玉野市,タマノシ,Tamano-shi,,,,用吉,モチヨシ,Mochiyoshi,,,,,,,,0,0,0,0,0,0,1,1,1947-04-17,,0,7060132,,,,,,,,,,,,,,,
332046,0045000,1,岡山県,オカヤマケン,Okayama,,,,玉野市,タマノシ,Tamano-shi,,,,山田,ヤマダ,Yamada,,,,,,,,0,0,0,0,0,0,1,1,1947-04-17,,0,7060314,,,,,,,,,,,,,,,
332046,0046000,1,岡山県,オカヤマケン,Okayama,,,,玉野市,タマノシ,Tamano-shi,,,,和田,ワダ,,,,,,,,,1,1,0,0,0,0,1,0,1947-04-17,,1,,,,,,,,,,,,,,,,
332046,0046001,2,岡山県,オカヤマケン,Okayama,,,,玉野市,タマノシ,Tamano-shi,,,,和田,ワダ,Wada,１丁目,１チョウメ,1,,,,,1,1,0,0,0,0,1,1,1947-04-17,,0,,,,,,,,,,,,,,,,
332046,0046002,2,岡山県,オカヤマケン,Okayama,,,,玉野市,タマノシ,Tamano-shi,,,,和田,ワダ,Wada,２丁目,２チョウメ,2,,,,,1,1,0,0,0,0,1,1,1947-04-17,,0,,,,,,,,,,,,,,,,
332046,0046003,2,岡山県,オカヤマケン,Okayama,,,,玉野市,タマノシ,Tamano-shi,,,,和田,ワダ,Wada,３丁目,３チョウメ,3,,,,,1,1,0,0,0,0,1,1,1947-04-17,,0,,,,,,,,,,,,,,,,
332046,0046004,2,岡山県,オカヤマケン,Okayama,,,,玉野市,タマノシ,Tamano-shi,,,,和田,ワダ,Wada,４丁目,４チョウメ,4,,,,,1,1,0,0,0,0,1,1,1947-04-17,,0,,,,,,,,,,,,,,,,
332046,0046005,2,岡山県,オカヤマケン,Okayama,,,,玉野市,タマノシ,Tamano-shi,,,,和田,ワダ,Wada,５丁目,５チョウメ,5,,,,,1,1,0,0,0,0,1,1,1947-04-17,,0,,,,,,,,,,,,,,,,
332046,0046006,2,岡山県,オカヤマケン,Okayama,,,,玉野市,タマノシ,Tamano-shi,,,,和田,ワダ,Wada,６丁目,６チョウメ,6,,,,,1,1,0,0,0,0,1,1,1947-04-17,,0,,,,,,,,,,,,,,,,
332046,0046007,2,岡山県,オカヤマケン,Okayama,,,,玉野市,タマノシ,Tamano-shi,,,,和田,ワダ,Wada,７丁目,７チョウメ,7,,,,,1,1,0,0,0,0,1,1,1947-04-17,,0,,,,,,,,,,,,,,,,
332046,0047000,1,岡山県,オカヤマケン,Okayama,,,,玉野市,タマノシ,Tamano-shi,,,,後閑,ゴカン,,,,,,,,,0,0,0,0,0,0,1,0,1947-04-17,,1,,,,,,,,,,,,,,,,
332046,0048000,1,岡山県,オカヤマケン,Okayama,,,,玉野市,タマノシ,Tamano-shi,,,,沼,ヌマ,,,,,,,,,0,0,0,0,0,0,1,0,1947-04-17,,1,,,,,,,,,,,,,,,,
332046,0049000,1,岡山県,オカヤマケン,Okayama,,,,玉野市,タマノシ,Tamano-shi,,,,西田井地,ニシタイジ,,,,,,,,,0,0,0,0,0,0,1,0,1947-04-17,,1,,,,,,,,,,,,,,,,
332046,0050000,1,岡山県,オカヤマケン,Okayama,,,,玉野市,タマノシ,Tamano-shi,,,,番田,バンダ,,,,,,,,,0,0,0,0,0,0,1,0,1947-04-17,,1,,,,,,,,,,,,,,,,
332046,0051000,1,岡山県,オカヤマケン,Okayama,,,,玉野市,タマノシ,Tamano-shi,,,,北方,キタガタ,,,,,,,,,0,0,0,0,0,0,1,0,1947-04-17,,1,,,,,,,,,,,,,,,,
332054,0001000,1,岡山県,オカヤマケン,Okayama,,,,笠岡市,カサオカシ,Kasaoka-shi,,,,相生,アイオイ,Aioi,,,,,,,,0,0,0,0,0,0,1,1,1947-04-17,,0,7140014,,,,,,,,,,,,,,,
332054,0002000,1,岡山県,オカヤマケン,Okayama,,,,笠岡市,カサオカシ,Kasaoka-shi,,,,旭が丘,アサヒガオカ,Asahigaoka,,,,,,,,0,0,0,0,0,0,1,1,1947-04-17,,0,7140056,,,,,,,,,,,,,,,
332054,0003000,1,岡山県,オカヤマケン,Okayama,,,,笠岡市,カサオカシ,Kasaoka-shi,,,,有田,アリダ,Arida,,,,,,,,0,0,0,0,0,0,1,1,1947-04-17,,0,7140075,,,,,,,,,,,,,,,
332054,0004000,1,岡山県,オカヤマケン,Okayama,,,,笠岡市,カサオカシ,Kasaoka-shi,,,,一番町,イチバンチョウ,Ichibancho,,,,,,,,0,0,0,0,0,0,1,1,1947-04-17,,0,7140082,,,,,,,,,,,,,,,
332054,0005000,1,岡山県,オカヤマケン,Okayama,,,,笠岡市,カサオカシ,Kasaoka-shi,,,,今立,イマダテ,Imadate,,,,,,,,0,0,0,0,0,0,1,1,1947-04-17,,0,7140022,,,,,,,,,,,,,,,
332054,0006000,1,岡山県,オカヤマケン,Okayama,,,,笠岡市,カサオカシ,Kasaoka-shi,,,,入江,イリエ,Irie,,,,,,,,0,0,0,0,0,0,1,1,1947-04-17,,0,7140041,,,,,,,,,,,,,,,
332054,0009000,1,岡山県,オカヤマケン,Okayama,,,,笠岡市,カサオカシ,Kasaoka-shi,,,,大井南,オオイミナミ,Oiminami,,,,,,,,0,0,0,0,0,0,1,1,1947-04-17,,0,7140013,,,,,,,,,,,,,,,
332054,0012000,1,岡山県,オカヤマケン,Okayama,,,,笠岡市,カサオカシ,Kasaoka-shi,,,,大島中,オオシマナカ,Oshimanaka,,,,,,,,0,0,0,0,0,0,1,1,1947-04-17,,0,7140033,,,,,,,,,,,,,,,
332054,0013000,1,岡山県,オカヤマケン,Okayama,,,,笠岡市,カサオカシ,Kasaoka-shi,,,,尾坂,オサカ,Osaka,,,,,,,,0,0,0,0,0,0,1,1,1947-04-17,,0,7140003,,,,,,,,,,,,,,,
332054,0015000,1,岡山県,オカヤマケン,Okayama,,,,笠岡市,カサオカシ,Kasaoka-shi,,,,小平井,オビライ,Obirai,,,,,,,,0,0,0,0,0,0,1,1,1947-04-17,,0,7140012,,,,,,,,,,,,,,,
332054,0016000,1,岡山県,オカヤマケン,Okayama,,,,笠岡市,カサオカシ,Kasaoka-shi,,,,笠岡,カサオカ,Kasaoka,,,,,,,,0,0,0,0,0,0,1,1,1947-04-17,,0,7140081,,,,,,,,,,,,,,,
332054,0017000,1,岡山県,オカヤマケン,Okayama,,,,笠岡市,カサオカシ,Kasaoka-shi,,,,春日台,カスガダイ,Kasugadai,,,,,,,,0,0,0,0,0,0,1,1,1947-04-17,,0,7140025,,,,,,,,,,,,,,,
332054,0019000,1,岡山県,オカヤマケン,Okayama,,,,笠岡市,カサオカシ,Kasaoka-shi,,,,カブト中央町,カブトチュウオウチョウ,Kabuto Chuocho,,,,,,,,0,0,0,0,0,0,1,1,1947-04-17,,0,7140052,,,,,,,,,,,,,,,
332054,0020000,1,岡山県,オカヤマケン,Okayama,,,,笠岡市,カサオカシ,Kasaoka-shi,,,,カブト西町,カブトニシマチ,Kabuto Nishimachi,,,,,,,,0,0,0,0,0,0,1,1,1947-04-17,,0,7140053,,,,,,,,,,,,,,,
332054,0021000,1,岡山県,オカヤマケン,Okayama,,,,笠岡市,カサオカシ,Kasaoka-shi,,,,カブト東町,カブトヒガシマチ,Kabuto Higashimachi,,,,,,,,0,0,0,0,0,0,1,1,1947-04-17,,0,7140051,,,,,,,,,,,,,,,
332054,0022000,1,岡山県,オカヤマケン,Okayama,,,,笠岡市,カサオカシ,Kasaoka-shi,,,,カブト南町,カブトミナミマチ,Kabuto Minamimachi,,,,,,,,0,0,0,0,0,0,1,1,1947-04-17,,0,7140046,,,,,,,,,,,,,,,
332054,0023000,1,岡山県,オカヤマケン,Okayama,,,,笠岡市,カサオカシ,Kasaoka-shi,,,,北木島町,キタギシマチョウ,Kitagishimacho,,,,,,,,0,0,0,0,0,0,1,1,1947-04-17,,0,7140301,,,,,,,,,,,,,,,
332054,0024000,1,岡山県,オカヤマケン,Okayama,,,,笠岡市,カサオカシ,Kasaoka-shi,,,,九番町,キュウバンチョウ,Kyubancho,,,,,,,,0,0,0,0,0,0,1,1,1947-04-17,,0,7140096,,,,,,,,,,,,,,,
332054,0025000,1,岡山県,オカヤマケン,Okayama,,,,笠岡市,カサオカシ,Kasaoka-shi,,,,鋼管町,コウカンチョウ,Kokancho,,,,,,,,0,0,0,0,0,0,1,1,1947-04-17,,0,7140063,,,,,,,,,,,,,,,
332054,0026000,1,岡山県,オカヤマケン,Okayama,,,,笠岡市,カサオカシ,Kasaoka-shi,,,,甲弩,コウノ,Kono,,,,,,,,0,0,0,0,0,0,1,1,1947-04-17,,0,7140002,,,,,,,,,,,,,,,
332054,0027000,1,岡山県,オカヤマケン,Okayama,,,,笠岡市,カサオカシ,Kasaoka-shi,,,,神島,コウノシマ,Konoshima,,,,,,,,0,0,0,0,0,0,1,1,1947-04-17,,0,7140044,,,,,,,,,,,,,,,
332054,0028000,1,岡山県,オカヤマケン,Okayama,,,,笠岡市,カサオカシ,Kasaoka-shi,,,,神島外浦,コウノシマソトウラ,Konoshimasotora,,,,,,,,0,0,0,0,0,0,1,1,1947-04-17,,0,7140034,,,,,,,,,,,,,,,
332054,0029000,1,岡山県,オカヤマケン,Okayama,,,,笠岡市,カサオカシ,Kasaoka-shi,,,,五番町,ゴバンチョウ,Gobancho,,,,,,,,0,0,0,0,0,0,1,1,1947-04-17,,0,7140086,,,,,,,,,,,,,,,
332054,0030000,1,岡山県,オカヤマケン,Okayama,,,,笠岡市,カサオカシ,Kasaoka-shi,,,,三番町,サンバンチョウ,Sambancho,,,,,,,,0,0,0,0,0,0,1,1,1947-04-17,,0,7140084,,,,,,,,,,,,,,,
332054,0031000,1,岡山県,オカヤマケン,Okayama,,,,笠岡市,カサオカシ,Kasaoka-shi,,,,篠坂,シノサカ,Shinosaka,,,,,,,,0,0,0,0,0,0,1,1,1947-04-17,,0,7140077,,,,,,,,,,,,,,,
332054,0032000,1,岡山県,オカヤマケン,Okayama,,,,笠岡市,カサオカシ,Kasaoka-shi,,,,十一番町,ジュウイチバンチョウ,Juichibancho,,,,,,,,0,0,0,0,0,0,1,1,1947-04-17,,0,7140098,,,,,,,,,,,,,,,
332054,0033000,1,岡山県,オカヤマケン,Okayama,,,,笠岡市,カサオカシ,Kasaoka-shi,,,,十番町,ジュウバンチョウ,Jubancho,,,,,,,,0,0,0,0,0,0,1,1,1947-04-17,,0,7140097,,,,,,,,,,,,,,,
332054,0034000,1,岡山県,オカヤマケン,Okayama,,,,笠岡市,カサオカシ,Kasaoka-shi,,,,白石島,シライシジマ,Shiraishijima,,,,,,,,0,0,0,0,0,0,1,1,1947-04-17,,0,7140036,,,,,,,,,,,,,,,
332054,0035000,1,岡山県,オカヤマケン,Okayama,,,,笠岡市,カサオカシ,Kasaoka-shi,,,,城見台,シロミダイ,Shiromidai,,,,,,,,0,0,0,0,0,0,1,1,1947-04-17,,0,7140065,,,,,,,,,,,,,,,
332054,0037000,1,岡山県,オカヤマケン,Okayama,,,,笠岡市,カサオカシ,Kasaoka-shi,,,,新横島,シンヨコシマ,Shinyokoshima,,,,,,,,0,0,0,0,0,0,1,1,1947-04-17,,0,7140093,,,,,,,,,,,,,,,
332054,0038000,1,岡山県,オカヤマケン,Okayama,,,,笠岡市,カサオカシ,Kasaoka-shi,,,,関戸,セキド,Sekido,,,,,,,,0,0,0,0,0,0,1,1,1947-04-17,,0,7140004,,,,,,,,,,,,,,,
332054,0039000,1,岡山県,オカヤマケン,Okayama,,,,笠岡市,カサオカシ,Kasaoka-shi,,,,園井,ソノイ,Sonoi,,,,,,,,0,0,0,0,0,0,1,1,1947-04-17,,0,7140021,,,,,,,,,,,,,,,
332054,0040000,1,岡山県,オカヤマケン,Okayama,,,,笠岡市,カサオカシ,Kasaoka-shi,,,,高島,タカシマ,Takashima,,,,,,,,0,0,0,0,0,0,1,1,1947-04-17,,0,7140035,,,,,,,,,,,,,,,
332054,0041000,1,岡山県,オカヤマケン,Okayama,,,,笠岡市,カサオカシ,Kasaoka-shi,,,,拓海町,タクミチョウ,Takumicho,,,,,,,,0,0,0,0,0,0,1,1,1947-04-17,,0,7140047,,,,,,,,,,,,,,,
332054,0042000,1,岡山県,オカヤマケン,Okayama,,,,笠岡市,カサオカシ,Kasaoka-shi,,,,中央町,チュウオウチョウ,Chuocho,,,,,,,,0,0,0,0,0,0,1,1,1947-04-17,,0,7140088,,,,,,,,,,,,,,,
332054,0044000,1,岡山県,オカヤマケン,Okayama,,,,笠岡市,カサオカシ,Kasaoka-shi,,,,七番町,ナナバンチョウ,Nanabancho,,,,,,,,0,0,0,0,0,0,1,1,1947-04-17,,0,7140094,,,,,,,,,,,,,,,
332054,0045000,1,岡山県,オカヤマケン,Okayama,,,,笠岡市,カサオカシ,Kasaoka-shi,,,,西大島,ニシオオシマ,Nishioshima,,,,,,,,0,0,0,0,0,0,1,1,1947-04-17,,0,7140032,,,,,,,,,,,,,,,
332054,0046000,1,岡山県,オカヤマケン,Okayama,,,,笠岡市,カサオカシ,Kasaoka-shi,,,,西大島新田,ニシオオシマシンデン,Nishioshimashinden,,,,,,,,0,0,0,0,0,0,1,1,1947-04-17,,0,7140031,,,,,,,,,,,,,,,
332054,0047000,1,岡山県,オカヤマケン,Okayama,,,,笠岡市,カサオカシ,Kasaoka-shi,,,,西大戸,ニシオオド,Nishiodo,,,,,,,,0,0,0,0,0,0,1,1,1947-04-17,,0,7140072,,,,,,,,,,,,,,,
332054,0048000,1,岡山県,オカヤマケン,Okayama,,,,笠岡市,カサオカシ,Kasaoka-shi,,,,西茂平,ニシモビラ,Nishimobira,,,,,,,,0,0,0,0,0,0,1,1,1947-04-17,,0,7140064,,,,,,,,,,,,,,,
332054,0049000,1,岡山県,オカヤマケン,Okayama,,,,笠岡市,カサオカシ,Kasaoka-shi,,,,二番町,ニバンチョウ,Nibancho,,,,,,,,0,0,0,0,0,0,1,1,1947-04-17,,0,7140083,,,,,,,,,,,,,,,
332054,0050000,1,岡山県,オカヤマケン,Okayama,,,,笠岡市,カサオカシ,Kasaoka-shi,,,,入田,ニュウタ,Nyuta,,,,,,,,0,0,0,0,0,0,1,1,1947-04-17,,0,7140078,,,,,,,,,,,,,,,
332054,0051000,1,岡山県,オカヤマケン,Okayama,,,,笠岡市,カサオカシ,Kasaoka-shi,,,,走出,ハシリデ,Hashiride,,,,,,,,0,0,0,0,0,0,1,1,1947-04-17,,0,7140001,,,,,,,,,,,,,,,
332054,0052000,1,岡山県,オカヤマケン,Okayama,,,,笠岡市,カサオカシ,Kasaoka-shi,,,,八番町,ハチバンチョウ,Hachibancho,,,,,,,,0,0,0,0,0,0,1,1,1947-04-17,,0,7140095,,,,,,,,,,,,,,,
332054,0053000,1,岡山県,オカヤマケン,Okayama,,,,笠岡市,カサオカシ,Kasaoka-shi,,,,東大戸,ヒガシオオド,Higashiodo,,,,,,,,0,0,0,0,0,0,1,1,1947-04-17,,0,7140071,,,,,,,,,,,,,,,
332054,0054000,1,岡山県,オカヤマケン,Okayama,,,,笠岡市,カサオカシ,Kasaoka-shi,,,,飛島,ヒシマ,Hishima,,,,,,,,0,0,0,0,0,0,1,1,1947-04-17,,0,7140302,,,,,,,,,,,,,,,
332054,0055000,1,岡山県,オカヤマケン,Okayama,,,,笠岡市,カサオカシ,Kasaoka-shi,,,,広浜,ヒロハマ,Hirohama,,,,,,,,0,0,0,0,0,0,1,1,1947-04-17,,0,7140023,,,,,,,,,,,,,,,
332054,0056000,1,岡山県,オカヤマケン,Okayama,,,,笠岡市,カサオカシ,Kasaoka-shi,,,,平成町,ヘイセイチョウ,Heiseicho,,,,,,,,0,0,0,0,0,0,1,1,1947-04-17,,0,7140054,,,,,,,,,,,,,,,
332054,0057000,1,岡山県,オカヤマケン,Okayama,,,,笠岡市,カサオカシ,Kasaoka-shi,,,,馬飼,マカイ,Makai,,,,,,,,0,0,0,0,0,0,1,1,1947-04-17,,0,7140024,,,,,,,,,,,,,,,
332054,0058000,1,岡山県,オカヤマケン,Okayama,,,,笠岡市,カサオカシ,Kasaoka-shi,,,,真鍋島,マナベシマ,Manabeshima,,,,,,,,0,0,0,0,0,0,1,1,1947-04-17,,0,7140037,,,,,,,,,,,,,,,
332054,0059000,1,岡山県,オカヤマケン,Okayama,,,,笠岡市,カサオカシ,Kasaoka-shi,,,,緑町,ミドリマチ,Midorimachi,,,,,,,,0,0,0,0,0,0,1,1,1947-04-17,,0,7140048,,,,,,,,,,,,,,,
332054,0060000,1,岡山県,オカヤマケン,Okayama,,,,笠岡市,カサオカシ,Kasaoka-shi,,,,港町,ミナトチョウ,Minatocho,,,,,,,,0,0,0,0,0,0,1,1,1947-04-17,,0,7140045,,,,,,,,,,,,,,,
332054,0061000,1,岡山県,オカヤマケン,Okayama,,,,笠岡市,カサオカシ,Kasaoka-shi,,,,みの越,ミノコシ,Minokoshi,,,,,,,,0,0,0,0,0,0,1,1,1947-04-17,,0,7140006,,,,,,,,,,,,,,,
332054,0062000,1,岡山県,オカヤマケン,Okayama,,,,笠岡市,カサオカシ,Kasaoka-shi,,,,美の浜,ミノハマ,Minohama,,,,,,,,0,0,0,0,0,0,1,1,1947-04-17,,0,7140042,,,,,,,,,,,,,,,
332054,0063000,1,岡山県,オカヤマケン,Okayama,,,,笠岡市,カサオカシ,Kasaoka-shi,,,,六島,ムシマ,Mushima,,,,,,,,0,0,0,0,0,0,1,1,1947-04-17,,0,7140038,,,,,,,,,,,,,,,
332054,0064000,1,岡山県,オカヤマケン,Okayama,,,,笠岡市,カサオカシ,Kasaoka-shi,,,,用之江,モチノエ,Mochinoe,,,,,,,,0,0,0,0,0,0,1,1,1947-04-17,,0,7140066,,,,,,,,,,,,,,,
332054,0065000,1,岡山県,オカヤマケン,Okayama,,,,笠岡市,カサオカシ,Kasaoka-shi,,,,茂平,モビラ,Mobira,,,,,,,,0,0,0,0,0,0,1,1,1947-04-17,,0,7140062,,,,,,,,,,,,,,,
332054,0067000,1,岡山県,オカヤマケン,Okayama,,,,笠岡市,カサオカシ,Kasaoka-shi,,,,横島,ヨコシマ,Yokoshima,,,,,,,,0,0,0,0,0,0,1,1,1947-04-17,,0,7140043,,,,,,,,,,,,,,,
332054,0068000,1,岡山県,オカヤマケン,Okayama,,,,笠岡市,カサオカシ,Kasaoka-shi,,,,吉田,ヨシダ,Yoshida,,,,,,,,0,0,0,0,0,0,1,1,1947-04-17,,0,7140011,,,,,,,,,,,,,,,
332054,0069000,1,岡山県,オカヤマケン,Okayama,,,,笠岡市,カサオカシ,Kasaoka-shi,,,,吉浜,ヨシハマ,Yoshihama,,,,,,,,0,0,0,0,0,0,1,1,1947-04-17,,0,7140074,,,,,,,,,,,,,,,
332054,0070000,1,岡山県,オカヤマケン,Okayama,,,,笠岡市,カサオカシ,Kasaoka-shi,,,,四番町,ヨンバンチョウ,Yombancho,,,,,,,,0,0,0,0,0,0,1,1,1947-04-17,,0,7140085,,,,,,,,,,,,,,,
332054,0071000,1,岡山県,オカヤマケン,Okayama,,,,笠岡市,カサオカシ,Kasaoka-shi,,,,六番町,ロクバンチョウ,Rokubancho,,,,,,,,0,0,0,0,0,0,1,1,1947-04-17,,0,7140087,,,,,,,,,,,,,,,
332054,0073000,1,岡山県,オカヤマケン,Okayama,,,,笠岡市,カサオカシ,Kasaoka-shi,,,,押撫,オシナデ,,,,,,,,,0,0,0,0,0,0,1,0,1947-04-17,,1,,,,,,,,,,,,,,,,
332054,0074000,1,岡山県,オカヤマケン,Okayama,,,,笠岡市,カサオカシ,Kasaoka-shi,,,,絵師,エシ,,,,,,,,,0,0,0,0,0,0,1,0,1947-04-17,,1,,,,,,,,,,,,,,,,
332054,0075000,1,岡山県,オカヤマケン,Okayama,,,,笠岡市,カサオカシ,Kasaoka-shi,,,,金浦,カナウラ,,,,,,,,,0,0,0,0,0,0,1,0,1947-04-17,,1,,,,,,,,,,,,,,,,
332054,0076000,1,岡山県,オカヤマケン,Okayama,,,,笠岡市,カサオカシ,Kasaoka-shi,,,,山口,ヤマグチ,,,,,,,,,0,0,0,0,0,0,1,0,1947-04-17,,1,,,,,,,,,,,,,,,,
332054,0077000,1,岡山県,オカヤマケン,Okayama,,,,笠岡市,カサオカシ,Kasaoka-shi,,,,新賀,シンガ,,,,,,,,,0,0,0,0,0,0,1,0,1947-04-17,,1,,,,,,,,,,,,,,,,
332054,0078000,1,岡山県,オカヤマケン,Okayama,,,,笠岡市,カサオカシ,Kasaoka-shi,,,,生江浜,オエハマ,,,,,,,,,0,0,0,0,0,0,1,0,1947-04-17,,1,,,,,,,,,,,,,,,,
332054,0079000,1,岡山県,オカヤマケン,Okayama,,,,笠岡市,カサオカシ,Kasaoka-shi,,,,大河,オオコウ,,,,,,,,,0,0,0,0,0,0,1,0,1947-04-17,,1,,,,,,,,,,,,,,,,
332054,0080000,1,岡山県,オカヤマケン,Okayama,,,,笠岡市,カサオカシ,Kasaoka-shi,,,,富岡,トミオカ,,,,,,,,,0,0,0,0,0,0,1,0,1947-04-17,,1,,,,,,,,,,,,,,,,
332054,0081000,1,岡山県,オカヤマケン,Okayama,,,,笠岡市,カサオカシ,Kasaoka-shi,,,,大冝,オオゲ,,,,,,,,,0,0,0,0,0,0,1,1,1970-01-01,,0,,,,,,,,,,,,,,,,
332071,0001000,1,岡山県,オカヤマケン,Okayama,,,,井原市,イバラシ,Ibara-shi,,,,青野町,アオノチョウ,Aonocho,,,,,,,,0,0,0,0,0,0,1,1,1947-04-17,,0,7150012,,,,,,,,,,,,,,,
332071,0002000,1,岡山県,オカヤマケン,Okayama,,,,井原市,イバラシ,Ibara-shi,,,,井原町,イバラチョウ,Ibaracho,,,,,,,,0,0,0,0,0,0,1,1,1947-04-17,,0,7150019,,,,,,,,,,,,,,,
332071,0003000,1,岡山県,オカヤマケン,Okayama,,,,井原市,イバラシ,Ibara-shi,,,,岩倉町,イワクラチョウ,Iwakuracho,,,,,,,,0,0,0,0,0,0,1,1,1947-04-17,,0,7150016,,,,,,,,,,,,,,,
332071,0004000,1,岡山県,オカヤマケン,Okayama,,,,井原市,イバラシ,Ibara-shi,,,,大江町,オオエチョウ,Oecho,,,,,,,,0,0,0,0,0,0,1,1,1947-04-17,,0,7150023,,,,,,,,,,,,,,,
332071,0005000,1,岡山県,オカヤマケン,Okayama,,,,井原市,イバラシ,Ibara-shi,,,,上出部町,カミイズエチョウ,Kamiizuecho,,,,,,,,0,0,0,0,0,0,1,1,1947-04-17,,0,7150021,,,,,,,,,,,,,,,
332071,0006000,1,岡山県,オカヤマケン,Okayama,,,,井原市,イバラシ,Ibara-shi,,,,上出部町四季が丘,カミイズエチョウシキガオカ,Kamiizuecho Shikigaoka,,,,,,,,0,0,0,0,0,0,1,1,1947-04-17,,0,7150026,,,,,,,,,,,,,,,
332071,0007000,1,岡山県,オカヤマケン,Okayama,,,,井原市,イバラシ,Ibara-shi,,,,上稲木町,カミイナギチョウ,Kamiinagicho,,,,,,,,0,0,0,0,0,0,1,1,1947-04-17,,0,7150018,,,,,,,,,,,,,,,
332071,0008000,1,岡山県,オカヤマケン,Okayama,,,,井原市,イバラシ,Ibara-shi,,,,北山町,キタヤマチョウ,Kitayamacho,,,,,,,,0,0,0,0,0,0,1,1,1947-04-17,,0,7150013,,,,,,,,,,,,,,,
332071,0009000,1,岡山県,オカヤマケン,Okayama,,,,井原市,イバラシ,Ibara-shi,,,,木之子町,キノコチョウ,Kinokocho,,,,,,,,0,0,0,0,0,0,1,1,1947-04-17,,0,7150004,,,,,,,,,,,,,,,
332071,0010000,1,岡山県,オカヤマケン,Okayama,,,,井原市,イバラシ,Ibara-shi,,,,神代町,コウジロチョウ,Kojirocho,,,,,,,,0,0,0,0,0,0,1,1,1947-04-17,,0,7150002,,,,,,,,,,,,,,,
332071,0012000,1,岡山県,オカヤマケン,Okayama,,,,井原市,イバラシ,Ibara-shi,,,,笹賀町,ササカチョウ,Sasakacho,,,,,,,,0,0,0,0,0,0,1,1,1947-04-17,,0,7150025,,,,,,,,,,,,,,,
332071,0012001,2,岡山県,オカヤマケン,Okayama,,,,井原市,イバラシ,Ibara-shi,,,,笹賀町,ササカチョウ,Sasakacho,一丁目,１チョウメ,1,,,,,0,0,0,0,0,0,1,1,1947-04-17,,0,,,,,,,,,,,,,,,,
332071,0012002,2,岡山県,オカヤマケン,Okayama,,,,井原市,イバラシ,Ibara-shi,,,,笹賀町,ササカチョウ,Sasakacho,二丁目,２チョウメ,2,,,,,0,0,0,0,0,0,1,1,1947-04-17,,0,,,,,,,,,,,,,,,,
332071,0014000,1,岡山県,オカヤマケン,Okayama,,,,井原市,イバラシ,Ibara-shi,,,,下出部町,シモイズエチョウ,Shimoizuecho,,,,,,,,0,0,0,0,0,0,1,1,1947-04-17,,0,7150022,,,,,,,,,,,,,,,
332071,0014001,2,岡山県,オカヤマケン,Okayama,,,,井原市,イバラシ,Ibara-shi,,,,下出部町,シモイズエチョウ,Shimoizuecho,一丁目,１チョウメ,1,,,,,0,0,0,0,0,0,1,1,1947-04-17,,0,,,,,,,,,,,,,,,,
332071,0014002,2,岡山県,オカヤマケン,Okayama,,,,井原市,イバラシ,Ibara-shi,,,,下出部町,シモイズエチョウ,Shimoizuecho,二丁目,２チョウメ,2,,,,,0,0,0,0,0,0,1,1,1947-04-17,,0,,,,,,,,,,,,,,,,
332071,0015000,1,岡山県,オカヤマケン,Okayama,,,,井原市,イバラシ,Ibara-shi,,,,下稲木町,シモイナギチョウ,Shimoinagicho,,,,,,,,0,0,0,0,0,0,1,1,1947-04-17,,0,7150017,,,,,,,,,,,,,,,
332071,0017000,1,岡山県,オカヤマケン,Okayama,,,,井原市,イバラシ,Ibara-shi,,,,高屋町,タカヤチョウ,Takayacho,,,,,,,,0,0,0,0,0,0,1,1,1947-04-17,,0,7150024,,,,,,,,,,,,,,,
332071,0017001,2,岡山県,オカヤマケン,Okayama,,,,井原市,イバラシ,Ibara-shi,,,,高屋町,タカヤチョウ,Takayacho,一丁目,１チョウメ,1,,,,,0,0,0,0,0,0,1,1,1947-04-17,,0,,,,,,,,,,,,,,,,
332071,0017002,2,岡山県,オカヤマケン,Okayama,,,,井原市,イバラシ,Ibara-shi,,,,高屋町,タカヤチョウ,Takayacho,二丁目,２チョウメ,2,,,,,0,0,0,0,0,0,1,1,1947-04-17,,0,,,,,,,,,,,,,,,,
332071,0017003,2,岡山県,オカヤマケン,Okayama,,,,井原市,イバラシ,Ibara-shi,,,,高屋町,タカヤチョウ,Takayacho,三丁目,３チョウメ,3,,,,,0,0,0,0,0,0,1,1,1947-04-17,,0,,,,,,,,,,,,,,,,
332071,0017004,2,岡山県,オカヤマケン,Okayama,,,,井原市,イバラシ,Ibara-shi,,,,高屋町,タカヤチョウ,Takayacho,四丁目,４チョウメ,4,,,,,0,0,0,0,0,0,1,1,1947-04-17,,0,,,,,,,,,,,,,,,,
332071,0017005,2,岡山県,オカヤマケン,Okayama,,,,井原市,イバラシ,Ibara-shi,,,,高屋町,タカヤチョウ,Takayacho,五丁目,５チョウメ,5,,,,,0,0,0,0,0,0,1,1,1947-04-17,,0,,,,,,,,,,,,,,,,
332071,0018000,1,岡山県,オカヤマケン,Okayama,,,,井原市,イバラシ,Ibara-shi,,,,七日市町,ナヌカイチチョウ,Nanukaichicho,,,,,,,,0,0,0,0,0,0,1,1,1947-04-17,,0,7150014,,,,,,,,,,,,,,,
332071,0019000,1,岡山県,オカヤマケン,Okayama,,,,井原市,イバラシ,Ibara-shi,,,,西江原町,ニシエバラチョウ,Nishiebaracho,,,,,,,,0,0,0,0,0,0,1,1,1947-04-17,,0,7150006,,,,,,,,,,,,,,,
332071,0020000,1,岡山県,オカヤマケン,Okayama,,,,井原市,イバラシ,Ibara-shi,,,,西方町,ニシガタチョウ,Nishigatacho,,,,,,,,0,0,0,0,0,0,1,1,1947-04-17,,0,7150015,,,,,,,,,,,,,,,
332071,0021000,1,岡山県,オカヤマケン,Okayama,,,,井原市,イバラシ,Ibara-shi,,,,野上町,ノガミチョウ,Nogamicho,,,,,,,,0,0,0,0,0,0,1,1,1947-04-17,,0,7150001,,,,,,,,,,,,,,,
332071,0022000,1,岡山県,オカヤマケン,Okayama,,,,井原市,イバラシ,Ibara-shi,,,,稗原町,ヒエハラチョウ,Hieharacho,,,,,,,,0,0,0,0,0,0,1,1,1947-04-17,,0,7150011,,,,,,,,,,,,,,,
332071,0023000,1,岡山県,オカヤマケン,Okayama,,,,井原市,イバラシ,Ibara-shi,,,,東江原町,ヒガシエバラチョウ,Higashiebaracho,,,,,,,,0,0,0,0,0,0,1,1,1947-04-17,,0,7150003,,,,,,,,,,,,,,,
332071,0024000,1,岡山県,オカヤマケン,Okayama,,,,井原市,イバラシ,Ibara-shi,,,,美星町宇戸,ビセイチョウウト,Biseicho Uto,,,,,,,,0,0,0,0,0,0,1,1,1947-04-17,,0,7141405,,,,,,,,,,,,,,,
332071,0025000,1,岡山県,オカヤマケン,Okayama,,,,井原市,イバラシ,Ibara-shi,,,,美星町烏頭,ビセイチョウウトウ,Biseicho Uto,,,,,,,,0,0,0,0,0,0,1,1,1947-04-17,,0,7141404,,,,,,,,,,,,,,,
332071,0026000,1,岡山県,オカヤマケン,Okayama,,,,井原市,イバラシ,Ibara-shi,,,,美星町宇戸谷,ビセイチョウウトダニ,Biseicho Utodani,,,,,,,,0,0,0,0,0,0,1,1,1947-04-17,,0,7141402,,,,,,,,,,,,,,,
332071,0027000,1,岡山県,オカヤマケン,Okayama,,,,井原市,イバラシ,Ibara-shi,,,,美星町大倉,ビセイチョウオオクラ,Biseicho Okura,,,,,,,,0,0,0,0,0,0,1,1,1947-04-17,,0,7141411,,,,,,,,,,,,,,,
332071,0028000,1,岡山県,オカヤマケン,Okayama,,,,井原市,イバラシ,Ibara-shi,,,,美星町上高末,ビセイチョウカミコウズエ,Biseicho Kamikozue,,,,,,,,0,0,0,0,0,0,1,1,1947-04-17,,0,7141403,,,,,,,,,,,,,,,
332071,0029000,1,岡山県,オカヤマケン,Okayama,,,,井原市,イバラシ,Ibara-shi,,,,美星町黒木,ビセイチョウクロギ,Biseicho Kurogi,,,,,,,,0,0,0,0,0,0,1,1,1947-04-17,,0,7141414,,,,,,,,,,,,,,,
332071,0031000,1,岡山県,オカヤマケン,Okayama,,,,井原市,イバラシ,Ibara-shi,,,,美星町西水砂,ビセイチョウニシミズスナ,Biseicho Nishimizusuna,,,,,,,,0,0,0,0,0,0,1,1,1947-04-17,,0,7141413,,,,,,,,,,,,,,,
332071,0032000,1,岡山県,オカヤマケン,Okayama,,,,井原市,イバラシ,Ibara-shi,,,,美星町東水砂,ビセイチョウヒガシミズスナ,Biseicho Higashimizusuna,,,,,,,,0,0,0,0,0,0,1,1,1947-04-17,,0,7141412,,,,,,,,,,,,,,,
332071,0033000,1,岡山県,オカヤマケン,Okayama,,,,井原市,イバラシ,Ibara-shi,,,,美星町星田,ビセイチョウホシダ,Biseicho Hoshida,,,,,,,,0,0,0,0,0,0,1,1,1947-04-17,,0,7141415,,,,,,,,,,,,,,,
332071,0034000,1,岡山県,オカヤマケン,Okayama,,,,井原市,イバラシ,Ibara-shi,,,,美星町三山,ビセイチョウミヤマ,Biseicho Miyama,,,,,,,,0,0,0,0,0,0,1,1,1947-04-17,,0,7141406,,,,,,,,,,,,,,,
332071,0035000,1,岡山県,オカヤマケン,Okayama,,,,井原市,イバラシ,Ibara-shi,,,,美星町明治,ビセイチョウメイジ,Biseicho Meiji,,,,,,,,0,0,0,0,0,0,1,1,1947-04-17,,0,7141401,,,,,,,,,,,,,,,
332071,0036000,1,岡山県,オカヤマケン,Okayama,,,,井原市,イバラシ,Ibara-shi,,,,門田町,モンデンチョウ,Mondencho,,,,,,,,0,0,0,0,0,0,1,1,1947-04-17,,0,7150005,,,,,,,,,,,,,,,
332071,0037000,1,岡山県,オカヤマケン,Okayama,,,,井原市,イバラシ,Ibara-shi,,,,芳井町池谷,ヨシイチョウイケダニ,Yoshiicho Ikedani,,,,,,,,0,0,0,0,0,0,1,1,1947-04-17,,0,7142125,,,,,,,,,,,,,,,
332071,0038000,1,岡山県,オカヤマケン,Okayama,,,,井原市,イバラシ,Ibara-shi,,,,芳井町井山,ヨシイチョウイヤマ,Yoshiicho Iyama,,,,,,,,0,0,0,0,0,0,1,1,1947-04-17,,0,7142124,,,,,,,,,,,,,,,
332071,0039000,1,岡山県,オカヤマケン,Okayama,,,,井原市,イバラシ,Ibara-shi,,,,芳井町宇戸川,ヨシイチョウウトガワ,Yoshiicho Utogawa,,,,,,,,0,0,0,0,0,0,1,1,1947-04-17,,0,7142103,,,,,,,,,,,,,,,
332071,0040000,1,岡山県,オカヤマケン,Okayama,,,,井原市,イバラシ,Ibara-shi,,,,芳井町梶江,ヨシイチョウカジエ,Yoshiicho Kajie,,,,,,,,0,0,0,0,0,0,1,1,1947-04-17,,0,7142101,,,,,,,,,,,,,,,
332071,0041000,1,岡山県,オカヤマケン,Okayama,,,,井原市,イバラシ,Ibara-shi,,,,芳井町片塚,ヨシイチョウカタヅカ,Yoshiicho Katazuka,,,,,,,,0,0,0,0,0,0,1,1,1947-04-17,,0,7142123,,,,,,,,,,,,,,,
332071,0042000,1,岡山県,オカヤマケン,Okayama,,,,井原市,イバラシ,Ibara-shi,,,,芳井町上鴫,ヨシイチョウカミシギ,Yoshiicho Kamishigi,,,,,,,,0,0,0,0,0,0,1,1,1947-04-17,,0,7142232,,,,,,,,,,,,,,,
332071,0043000,1,岡山県,オカヤマケン,Okayama,,,,井原市,イバラシ,Ibara-shi,,,,芳井町川相,ヨシイチョウカワイ,Yoshiicho Kawai,,,,,,,,0,0,0,0,0,0,1,1,1947-04-17,,0,7142114,,,,,,,,,,,,,,,
332071,0044000,1,岡山県,オカヤマケン,Okayama,,,,井原市,イバラシ,Ibara-shi,,,,芳井町佐屋,ヨシイチョウサヤ,Yoshiicho Saya,,,,,,,,0,0,0,0,0,0,1,1,1947-04-17,,0,7142121,,,,,,,,,,,,,,,
332071,0045000,1,岡山県,オカヤマケン,Okayama,,,,井原市,イバラシ,Ibara-shi,,,,芳井町下鴫,ヨシイチョウシモシギ,Yoshiicho Shimoshigi,,,,,,,,0,0,0,0,0,0,1,1,1947-04-17,,0,7142231,,,,,,,,,,,,,,,
332071,0046000,1,岡山県,オカヤマケン,Okayama,,,,井原市,イバラシ,Ibara-shi,,,,芳井町種,ヨシイチョウタネ,Yoshiicho Tane,,,,,,,,0,0,0,0,0,0,1,1,1947-04-17,,0,7142122,,,,,,,,,,,,,,,
332071,0047000,1,岡山県,オカヤマケン,Okayama,,,,井原市,イバラシ,Ibara-shi,,,,芳井町天神山,ヨシイチョウテンジンヤマ,Yoshiicho Tenjinyama,,,,,,,,0,0,0,0,0,0,1,1,1947-04-17,,0,7142113,,,,,,,,,,,,,,,
332071,0048000,1,岡山県,オカヤマケン,Okayama,,,,井原市,イバラシ,Ibara-shi,,,,芳井町西三原,ヨシイチョウニシミハラ,Yoshiicho Nishimihara,,,,,,,,0,0,0,0,0,0,1,1,1947-04-17,,0,7142234,,,,,,,,,,,,,,,
332071,0049000,1,岡山県,オカヤマケン,Okayama,,,,井原市,イバラシ,Ibara-shi,,,,芳井町花滝,ヨシイチョウハナダキ,Yoshiicho Hanadaki,,,,,,,,0,0,0,0,0,0,1,1,1947-04-17,,0,7142104,,,,,,,,,,,,,,,
332071,0050000,1,岡山県,オカヤマケン,Okayama,,,,井原市,イバラシ,Ibara-shi,,,,芳井町東三原,ヨシイチョウヒガシミハラ,Yoshiicho Higashimihara,,,,,,,,0,0,0,0,0,0,1,1,1947-04-17,,0,7142341,,,,,,,,,,,,,,,
332071,0051000,1,岡山県,オカヤマケン,Okayama,,,,井原市,イバラシ,Ibara-shi,,,,芳井町簗瀬,ヨシイチョウヤナセ,Yoshiicho Yanase,,,,,,,,0,0,0,0,0,0,1,1,1947-04-17,,0,7142112,,,,,,,,,,,,,,,
332071,0052000,1,岡山県,オカヤマケン,Okayama,,,,井原市,イバラシ,Ibara-shi,,,,芳井町山村,ヨシイチョウヤマムラ,Yoshiicho Yamamura,,,,,,,,0,0,0,0,0,0,1,1,1947-04-17,,0,7142233,,,,,,,,,,,,,,,
332071,0053000,1,岡山県,オカヤマケン,Okayama,,,,井原市,イバラシ,Ibara-shi,,,,芳井町与井,ヨシイチョウヨイ,Yoshiicho Yoi,,,,,,,,0,0,0,0,0,0,1,1,1947-04-17,,0,7142102,,,,,,,,,,,,,,,
332071,0054000,1,岡山県,オカヤマケン,Okayama,,,,井原市,イバラシ,Ibara-shi,,,,芳井町吉井,ヨシイチョウヨシイ,Yoshiicho Yoshii,,,,,,,,0,0,0,0,0,0,1,1,1947-04-17,,0,7142111,,,,,,,,,,,,,,,
332071,0055000,1,岡山県,オカヤマケン,Okayama,,,,井原市,イバラシ,Ibara-shi,,,,美星町黒忠,ビセイチョウクロタダ,Biseicho Kurotada,,,,,,,,0,0,0,0,0,0,1,1,1947-04-17,,0,7141407,,,,,,,,,,,,,,,
332089,0001000,1,岡山県,オカヤマケン,Okayama,,,,総社市,ソウジャシ,Soja-shi,,,,赤浜,アカハマ,Akahama,,,,,,,,0,0,0,0,0,0,1,1,1947-04-17,,0,7191121,,,,,,,,,,,,,,,
332089,0002000,1,岡山県,オカヤマケン,Okayama,,,,総社市,ソウジャシ,Soja-shi,,,,井尻野,イジリノ,Ijirino,,,,,,,,0,0,0,0,0,0,1,1,1947-04-17,,0,7191154,,,,,,,,,,,,,,,
332089,0003000,1,岡山県,オカヤマケン,Okayama,,,,総社市,ソウジャシ,Soja-shi,,,,泉,イズミ,Izumi,,,,,,,,0,0,0,0,0,0,1,1,1947-04-17,,0,7191106,,,,,,,,,,,,,,,
332089,0004000,1,岡山県,オカヤマケン,Okayama,,,,総社市,ソウジャシ,Soja-shi,,,,井手,イデ,Ide,,,,,,,,0,0,0,0,0,0,1,1,1947-04-17,,0,7191125,,,,,,,,,,,,,,,
332089,0005000,1,岡山県,オカヤマケン,Okayama,,,,総社市,ソウジャシ,Soja-shi,,,,宇山,ウヤマ,Uyama,,,,,,,,0,0,0,0,0,0,1,1,1947-04-17,,0,7191315,,,,,,,,,,,,,,,
332089,0006001,2,岡山県,オカヤマケン,Okayama,,,,総社市,ソウジャシ,Soja-shi,,,,駅前,エキマエ,Ekimae,一丁目,１チョウメ,1,,,,,1,1,0,0,0,0,1,1,1947-04-17,,0,,,,,,,,,,,,,,,,
332089,0006002,2,岡山県,オカヤマケン,Okayama,,,,総社市,ソウジャシ,Soja-shi,,,,駅前,エキマエ,Ekimae,二丁目,２チョウメ,2,,,,,1,1,0,0,0,0,1,1,1947-04-17,,0,,,,,,,,,,,,,,,,
332089,0008000,1,岡山県,オカヤマケン,Okayama,,,,総社市,ソウジャシ,Soja-shi,,,,奥坂,オクサカ,Okusaka,,,,,,,,0,0,0,0,0,0,1,1,1947-04-17,,0,7191101,,,,,,,,,,,,,,,
332089,0010000,1,岡山県,オカヤマケン,Okayama,,,,総社市,ソウジャシ,Soja-shi,,,,影,カゲ,Kage,,,,,,,,0,0,0,0,0,0,1,1,1947-04-17,,0,7191322,,,,,,,,,,,,,,,
332089,0011000,1,岡山県,オカヤマケン,Okayama,,,,総社市,ソウジャシ,Soja-shi,,,,金井戸,カナイド,Kanaido,,,,,,,,0,0,0,0,0,0,1,1,1947-04-17,,0,7191114,,,,,,,,,,,,,,,
332089,0012000,1,岡山県,オカヤマケン,Okayama,,,,総社市,ソウジャシ,Soja-shi,,,,上林,カンバヤシ,Kambayashi,,,,,,,,0,0,0,0,0,0,1,1,1947-04-17,,0,7191123,,,,,,,,,,,,,,,
332089,0013000,1,岡山県,オカヤマケン,Okayama,,,,総社市,ソウジャシ,Soja-shi,,,,上原,カンバラ,Kambara,,,,,,,,0,0,0,0,0,0,1,1,1947-04-17,,0,7191143,,,,,,,,,,,,,,,
332089,0014000,1,岡山県,オカヤマケン,Okayama,,,,総社市,ソウジャシ,Soja-shi,,,,北溝手,キタミゾテ,Kitamizote,,,,,,,,0,0,0,0,0,0,1,1,1947-04-17,,0,7191117,,,,,,,,,,,,,,,
332089,0015000,1,岡山県,オカヤマケン,Okayama,,,,総社市,ソウジャシ,Soja-shi,,,,清音柿木,キヨネカキノキ,Kiyone Kakinoki,,,,,,,,0,0,0,0,0,0,1,1,1947-04-17,,0,7191176,,,,,,,,,,,,,,,
332089,0016000,1,岡山県,オカヤマケン,Okayama,,,,総社市,ソウジャシ,Soja-shi,,,,清音上中島,キヨネカミナカシマ,Kiyone Kaminakashima,,,,,,,,0,0,0,0,0,0,1,1,1947-04-17,,0,7191175,,,,,,,,,,,,,,,
332089,0017000,1,岡山県,オカヤマケン,Okayama,,,,総社市,ソウジャシ,Soja-shi,,,,清音軽部,キヨネカルベ,Kiyone Karube,,,,,,,,0,0,0,0,0,0,1,1,1947-04-17,,0,7191172,,,,,,,,,,,,,,,
332089,0018000,1,岡山県,オカヤマケン,Okayama,,,,総社市,ソウジャシ,Soja-shi,,,,清音黒田,キヨネクロタ,Kiyone Kurota,,,,,,,,0,0,0,0,0,0,1,1,1947-04-17,,0,7191173,,,,,,,,,,,,,,,
332089,0019000,1,岡山県,オカヤマケン,Okayama,,,,総社市,ソウジャシ,Soja-shi,,,,清音古地,キヨネコチ,Kiyone Kochi,,,,,,,,0,0,0,0,0,0,1,1,1947-04-17,,0,7191174,,,,,,,,,,,,,,,
332089,0020000,1,岡山県,オカヤマケン,Okayama,,,,総社市,ソウジャシ,Soja-shi,,,,清音三因,キヨネミヨリ,Kiyone Miyori,,,,,,,,0,0,0,0,0,0,1,1,1947-04-17,,0,7191171,,,,,,,,,,,,,,,
332089,0021000,1,岡山県,オカヤマケン,Okayama,,,,総社市,ソウジャシ,Soja-shi,,,,久代,クシロ,Kushiro,,,,,,,,0,0,0,0,0,0,1,1,1947-04-17,,0,7101201,,,,,,,,,,,,,,,
332089,0023000,1,岡山県,オカヤマケン,Okayama,,,,総社市,ソウジャシ,Soja-shi,,,,久米,クメ,Kume,,,,,,,,0,0,0,0,0,0,1,1,1947-04-17,,0,7191104,,,,,,,,,,,,,,,
332089,0025000,1,岡山県,オカヤマケン,Okayama,,,,総社市,ソウジャシ,Soja-shi,,,,槁,ケヤキ,Keyaki,,,,,,,,0,0,0,0,0,0,1,1,1947-04-17,,0,7191313,,,,,,,,,,,,,,,
332089,0026000,1,岡山県,オカヤマケン,Okayama,,,,総社市,ソウジャシ,Soja-shi,,,,小寺,コデラ,Kodera,,,,,,,,0,0,0,0,0,0,1,1,1947-04-17,,0,7191155,,,,,,,,,,,,,,,
332089,0027000,1,岡山県,オカヤマケン,Okayama,,,,総社市,ソウジャシ,Soja-shi,,,,宍粟,シサワ,Shisawa,,,,,,,,0,0,0,0,0,0,1,1,1947-04-17,,0,7191153,,,,,,,,,,,,,,,
332089,0033000,1,岡山県,オカヤマケン,Okayama,,,,総社市,ソウジャシ,Soja-shi,,,,新本,シンポン,Shimpon,,,,,,,,0,0,0,0,0,0,1,1,1947-04-17,,0,7101203,,,,,,,,,,,,,,,
332089,0035000,1,岡山県,オカヤマケン,Okayama,,,,総社市,ソウジャシ,Soja-shi,,,,総社,ソウジャ,Soja,,,,,,,,0,0,0,0,0,0,1,1,1947-04-17,,0,7191126,,,,,,,,,,,,,,,
332089,0035001,2,岡山県,オカヤマケン,Okayama,,,,総社市,ソウジャシ,Soja-shi,,,,総社,ソウジャ,Soja,一丁目,１チョウメ,1,,,,,1,1,0,0,0,0,1,1,1947-04-17,,0,,,,,,,,,,,,,,,,
332089,0035002,2,岡山県,オカヤマケン,Okayama,,,,総社市,ソウジャシ,Soja-shi,,,,総社,ソウジャ,Soja,二丁目,２チョウメ,2,,,,,1,1,0,0,0,0,1,1,1947-04-17,,0,,,,,,,,,,,,,,,,
332089,0035003,2,岡山県,オカヤマケン,Okayama,,,,総社市,ソウジャシ,Soja-shi,,,,総社,ソウジャ,Soja,三丁目,３チョウメ,3,,,,,1,1,0,0,0,0,1,1,1947-04-17,,0,,,,,,,,,,,,,,,,
332089,0037001,2,岡山県,オカヤマケン,Okayama,,,,総社市,ソウジャシ,Soja-shi,,,,中央,チュウオウ,Chuo,一丁目,１チョウメ,1,,,,,0,0,0,0,0,0,1,1,1947-04-17,,0,,,,,,,,,,,,,,,,
332089,0037001,2,岡山県,オカヤマケン,Okayama,,,,総社市,ソウジャシ,Soja-shi,,,,中央,チュウオウ,Chuo,一丁目,１チョウメ,1,,,,,1,1,0,0,0,0,1,1,1947-04-17,,0,,,,,,,,,,,,,,,,
332089,0037002,2,岡山県,オカヤマケン,Okayama,,,,総社市,ソウジャシ,Soja-shi,,,,中央,チュウオウ,Chuo,二丁目,２チョウメ,2,,,,,1,1,0,0,0,0,1,1,1947-04-17,,0,,,,,,,,,,,,,,,,
332089,0037003,2,岡山県,オカヤマケン,Okayama,,,,総社市,ソウジャシ,Soja-shi,,,,中央,チュウオウ,Chuo,三丁目,３チョウメ,3,,,,,0,0,0,0,0,0,1,1,1947-04-17,,0,,,,,,,,,,,,,,,,
332089,0037004,2,岡山県,オカヤマケン,Okayama,,,,総社市,ソウジャシ,Soja-shi,,,,中央,チュウオウ,Chuo,四丁目,４チョウメ,4,,,,,0,0,0,0,0,0,1,1,1947-04-17,,0,,,,,,,,,,,,,,,,
332089,0037005,2,岡山県,オカヤマケン,Okayama,,,,総社市,ソウジャシ,Soja-shi,,,,中央,チュウオウ,Chuo,五丁目,５チョウメ,5,,,,,0,0,0,0,0,0,1,1,1947-04-17,,0,,,,,,,,,,,,,,,,
332089,0037006,2,岡山県,オカヤマケン,Okayama,,,,総社市,ソウジャシ,Soja-shi,,,,中央,チュウオウ,Chuo,六丁目,６チョウメ,6,,,,,0,0,0,0,0,0,1,1,1947-04-17,,0,,,,,,,,,,,,,,,,
332089,0038000,1,岡山県,オカヤマケン,Okayama,,,,総社市,ソウジャシ,Soja-shi,,,,富原,トンバラ,Tombara,,,,,,,,0,0,0,0,0,0,1,1,1947-04-17,,0,7191144,,,,,,,,,,,,,,,
332089,0039000,1,岡山県,オカヤマケン,Okayama,,,,総社市,ソウジャシ,Soja-shi,,,,中尾,ナカオ,Nakao,,,,,,,,0,0,0,0,0,0,1,1,1947-04-17,,0,7191323,,,,,,,,,,,,,,,
332089,0040000,1,岡山県,オカヤマケン,Okayama,,,,総社市,ソウジャシ,Soja-shi,,,,中原,ナカバラ,Nakabara,,,,,,,,0,0,0,0,0,0,1,1,1947-04-17,,0,7191133,,,,,,,,,,,,,,,
332089,0041000,1,岡山県,オカヤマケン,Okayama,,,,総社市,ソウジャシ,Soja-shi,,,,長良,ナガラ,Nagara,,,,,,,,0,0,0,0,0,0,1,1,1947-04-17,,0,7191111,,,,,,,,,,,,,,,
332089,0044000,1,岡山県,オカヤマケン,Okayama,,,,総社市,ソウジャシ,Soja-shi,,,,西坂台,ニシザカダイ,Nishisakadai,,,,,,,,0,0,0,0,0,0,1,1,1947-04-17,,0,7191165,,,,,,,,,,,,,,,
332089,0045000,1,岡山県,オカヤマケン,Okayama,,,,総社市,ソウジャシ,Soja-shi,,,,延原,ノブハラ,Nobuhara,,,,,,,,0,0,0,0,0,0,1,1,1947-04-17,,0,7191314,,,,,,,,,,,,,,,
332089,0046000,1,岡山県,オカヤマケン,Okayama,,,,総社市,ソウジャシ,Soja-shi,,,,秦,ハダ,Hada,,,,,,,,0,0,0,0,0,0,1,1,1947-04-17,,0,7191142,,,,,,,,,,,,,,,
332089,0048000,1,岡山県,オカヤマケン,Okayama,,,,総社市,ソウジャシ,Soja-shi,,,,東阿曽,ヒガシアゾ,Higashiazo,,,,,,,,0,0,0,0,0,0,1,1,1947-04-17,,0,7191102,,,,,,,,,,,,,,,
332089,0051000,1,岡山県,オカヤマケン,Okayama,,,,総社市,ソウジャシ,Soja-shi,,,,福谷,フクタニ,Fukutani,,,,,,,,0,0,0,0,0,0,1,1,1947-04-17,,0,7191141,,,,,,,,,,,,,,,
332089,0052000,1,岡山県,オカヤマケン,Okayama,,,,総社市,ソウジャシ,Soja-shi,,,,槙谷,マキダニ,Makidani,,,,,,,,0,0,0,0,0,0,1,1,1947-04-17,,0,7191151,,,,,,,,,,,,,,,
332089,0053000,1,岡山県,オカヤマケン,Okayama,,,,総社市,ソウジャシ,Soja-shi,,,,三須,ミス,Misu,,,,,,,,0,0,0,0,0,0,1,1,1947-04-17,,0,7191124,,,,,,,,,,,,,,,
332089,0054000,1,岡山県,オカヤマケン,Okayama,,,,総社市,ソウジャシ,Soja-shi,,,,溝口,ミゾクチ,Mizokuchi,,,,,,,,0,0,0,0,0,0,1,1,1947-04-17,,0,7191135,,,,,,,,,,,,,,,
332089,0056000,1,岡山県,オカヤマケン,Okayama,,,,総社市,ソウジャシ,Soja-shi,,,,南溝手,ミナミミゾテ,Minamimizote,,,,,,,,0,0,0,0,0,0,1,1,1947-04-17,,0,7191113,,,,,,,,,,,,,,,
332089,0057000,1,岡山県,オカヤマケン,Okayama,,,,総社市,ソウジャシ,Soja-shi,,,,見延,ミノベ,Minobe,,,,,,,,0,0,0,0,0,0,1,1,1947-04-17,,0,7191152,,,,,,,,,,,,,,,
332089,0058000,1,岡山県,オカヤマケン,Okayama,,,,総社市,ソウジャシ,Soja-shi,,,,門田,モンデ,Monde,,,,,,,,0,0,0,0,0,0,1,1,1947-04-17,,0,7191156,,,,,,,,,,,,,,,
332089,0062000,1,岡山県,オカヤマケン,Okayama,,,,総社市,ソウジャシ,Soja-shi,,,,三輪,ミワ,Miwa,,,,,,,,0,0,0,0,0,0,1,1,1947-04-17,,0,7191132,,,,,,,,,,,,,,,
332089,0063001,2,岡山県,オカヤマケン,Okayama,,,,総社市,ソウジャシ,Soja-shi,,,,駅南,エキナン,Ekinan,一丁目,１チョウメ,1,,,,,0,0,0,0,0,0,1,1,1947-04-17,,0,,,,,,,,,,,,,,,,
332089,0063002,2,岡山県,オカヤマケン,Okayama,,,,総社市,ソウジャシ,Soja-shi,,,,駅南,エキナン,Ekinan,二丁目,２チョウメ,2,,,,,0,0,0,0,0,0,1,1,1947-04-17,,0,,,,,,,,,,,,,,,,
332089,0064000,1,岡山県,オカヤマケン,Okayama,,,,総社市,ソウジャシ,Soja-shi,,,,八代,ヤシロ,,,,,,,,,0,0,0,0,0,0,1,0,1947-04-17,,1,,,,,,,,,,,,,,,,
332089,0065000,1,岡山県,オカヤマケン,Okayama,,,,総社市,ソウジャシ,Soja-shi,,,,岡谷,オカダニ,,,,,,,,,0,0,0,0,0,0,1,0,1947-04-17,,1,,,,,,,,,,,,,,,,
332089,0066000,1,岡山県,オカヤマケン,Okayama,,,,総社市,ソウジャシ,Soja-shi,,,,下原,シモバラ,,,,,,,,,0,0,0,0,0,0,1,0,1947-04-17,,1,,,,,,,,,,,,,,,,
332089,0067000,1,岡山県,オカヤマケン,Okayama,,,,総社市,ソウジャシ,Soja-shi,,,,下林,シモバヤシ,,,,,,,,,0,0,0,0,0,0,1,0,1947-04-17,,1,,,,,,,,,,,,,,,,
332089,0068000,1,岡山県,オカヤマケン,Okayama,,,,総社市,ソウジャシ,Soja-shi,,,,窪木,クボキ,,,,,,,,,0,0,0,0,0,0,1,0,1947-04-17,,1,,,,,,,,,,,,,,,,
332089,0069000,1,岡山県,オカヤマケン,Okayama,,,,総社市,ソウジャシ,Soja-shi,,,,刑部,オシカベ,,,,,,,,,0,0,0,0,0,0,1,0,1947-04-17,,1,,,,,,,,,,,,,,,,
332089,0070000,1,岡山県,オカヤマケン,Okayama,,,,総社市,ソウジャシ,Soja-shi,,,,原,ハラ,,,,,,,,,0,0,0,0,0,0,1,0,1947-04-17,,1,,,,,,,,,,,,,,,,
332089,0071000,1,岡山県,オカヤマケン,Okayama,,,,総社市,ソウジャシ,Soja-shi,,,,黒尾,クロオ,,,,,,,,,0,0,0,0,0,0,1,0,1947-04-17,,1,,,,,,,,,,,,,,,,
332089,0072000,1,岡山県,オカヤマケン,Okayama,,,,総社市,ソウジャシ,Soja-shi,,,,山田,ヤマダ,,,,,,,,,0,0,0,0,0,0,1,0,1947-04-17,,1,,,,,,,,,,,,,,,,
332089,0073000,1,岡山県,オカヤマケン,Okayama,,,,総社市,ソウジャシ,Soja-shi,,,,種井,タネイ,,,,,,,,,0,0,0,0,0,0,1,0,1947-04-17,,1,,,,,,,,,,,,,,,,
332089,0074000,1,岡山県,オカヤマケン,Okayama,,,,総社市,ソウジャシ,Soja-shi,,,,宿,シュク,,,,,,,,,0,0,0,0,0,0,1,0,1947-04-17,,1,,,,,,,,,,,,,,,,
332089,0075000,1,岡山県,オカヤマケン,Okayama,,,,総社市,ソウジャシ,Soja-shi,,,,真壁,マカベ,,,,,,,,,0,0,0,0,0,0,1,0,1947-04-17,,1,,,,,,,,,,,,,,,,
332089,0076000,1,岡山県,オカヤマケン,Okayama,,,,総社市,ソウジャシ,Soja-shi,,,,西阿曽,ニシアゾ,,,,,,,,,0,0,0,0,0,0,1,0,1947-04-17,,1,,,,,,,,,,,,,,,,
332089,0077000,1,岡山県,オカヤマケン,Okayama,,,,総社市,ソウジャシ,Soja-shi,,,,西郡,ニシゴオリ,,,,,,,,,0,0,0,0,0,0,1,0,1947-04-17,,1,,,,,,,,,,,,,,,,
332089,0078000,1,岡山県,オカヤマケン,Okayama,,,,総社市,ソウジャシ,Soja-shi,,,,地頭片山,ジトウカタヤマ,,,,,,,,,0,0,0,0,0,0,1,0,1947-04-17,,1,,,,,,,,,,,,,,,,
332089,0079000,1,岡山県,オカヤマケン,Okayama,,,,総社市,ソウジャシ,Soja-shi,,,,日羽,ヒワ,,,,,,,,,0,0,0,0,0,0,1,0,1947-04-17,,1,,,,,,,,,,,,,,,,
332089,0080000,1,岡山県,オカヤマケン,Okayama,,,,総社市,ソウジャシ,Soja-shi,,,,美袋,ミナギ,,,,,,,,,0,0,0,0,0,0,1,0,1947-04-17,,1,,,,,,,,,,,,,,,,
332089,0081000,1,岡山県,オカヤマケン,Okayama,,,,総社市,ソウジャシ,Soja-shi,,,,福井,フクイ,,,,,,,,,0,0,0,0,0,0,1,0,1947-04-17,,1,,,,,,,,,,,,,,,,
332089,0082000,1,岡山県,オカヤマケン,Okayama,,,,総社市,ソウジャシ,Soja-shi,,,,下倉,シタグラ,Shitagura,,,,,,,,0,0,0,0,0,0,1,1,1947-04-17,,0,7191321,,,,,,,,,,,,,,,
332097,0001000,1,岡山県,オカヤマケン,Okayama,,,,高梁市,タカハシシ,Takahashi-shi,,,,間之町,アイノマチ,Ainomachi,,,,,,,,0,0,0,0,0,0,1,1,1947-04-17,,0,7160009,,,,,,,,,,,,,,,
332097,0002000,1,岡山県,オカヤマケン,Okayama,,,,高梁市,タカハシシ,Takahashi-shi,,,,旭町,アサヒマチ,Asahimachi,,,,,,,,0,0,0,0,0,0,1,1,1947-04-17,,0,7160039,,,,,,,,,,,,,,,
332097,0003000,1,岡山県,オカヤマケン,Okayama,,,,高梁市,タカハシシ,Takahashi-shi,,,,伊賀町,イガマチ,Igamachi,,,,,,,,0,0,0,0,0,0,1,1,1947-04-17,,0,7160018,,,,,,,,,,,,,,,
332097,0004000,1,岡山県,オカヤマケン,Okayama,,,,高梁市,タカハシシ,Takahashi-shi,,,,石火矢町,イシビヤチョウ,Ishibiyacho,,,,,,,,0,0,0,0,0,0,1,1,1947-04-17,,0,7160015,,,,,,,,,,,,,,,
332097,0009000,1,岡山県,オカヤマケン,Okayama,,,,高梁市,タカハシシ,Takahashi-shi,,,,宇治町遠原,ウジチョウトオバラ,Ujicho Tobara,,,,,,,,0,0,0,0,0,0,1,1,1947-04-17,,0,7192231,,,,,,,,,,,,,,,
332097,0010000,1,岡山県,オカヤマケン,Okayama,,,,高梁市,タカハシシ,Takahashi-shi,,,,宇治町本郷,ウジチョウホンゴウ,Ujicho Hongo,,,,,,,,0,0,0,0,0,0,1,1,1947-04-17,,0,7192234,,,,,,,,,,,,,,,
332097,0011000,1,岡山県,オカヤマケン,Okayama,,,,高梁市,タカハシシ,Takahashi-shi,,,,内山下,ウチサンゲ,Uchisange,,,,,,,,0,0,0,0,0,0,1,1,1947-04-17,,0,7160004,,,,,,,,,,,,,,,
332097,0012000,1,岡山県,オカヤマケン,Okayama,,,,高梁市,タカハシシ,Takahashi-shi,,,,奥万田町,オクマンダチョウ,Okumandacho,,,,,,,,0,0,0,0,0,0,1,1,1947-04-17,,0,7160007,,,,,,,,,,,,,,,
332097,0013000,1,岡山県,オカヤマケン,Okayama,,,,高梁市,タカハシシ,Takahashi-shi,,,,落合町阿部,オチアイチョウアベ,Ochiaicho Abe,,,,,,,,0,0,0,0,0,0,1,1,1947-04-17,,0,7160061,,,,,,,,,,,,,,,
332097,0015000,1,岡山県,オカヤマケン,Okayama,,,,高梁市,タカハシシ,Takahashi-shi,,,,落合町近似,オチアイチョウチカノリ,Ochiaicho Chikanori,,,,,,,,0,0,0,0,0,0,1,1,1947-04-17,,0,7160062,,,,,,,,,,,,,,,
332097,0016000,1,岡山県,オカヤマケン,Okayama,,,,高梁市,タカハシシ,Takahashi-shi,,,,落合町原田,オチアイチョウハラダ,Ochiaicho Harada,,,,,,,,0,0,0,0,0,0,1,1,1947-04-17,,0,7160063,,,,,,,,,,,,,,,
332097,0017000,1,岡山県,オカヤマケン,Okayama,,,,高梁市,タカハシシ,Takahashi-shi,,,,御前町,オンザキチョウ,Onzakicho,,,,,,,,0,0,0,0,0,0,1,1,1947-04-17,,0,7160017,,,,,,,,,,,,,,,
332097,0018000,1,岡山県,オカヤマケン,Okayama,,,,高梁市,タカハシシ,Takahashi-shi,,,,柿木町,カキノキチョウ,Kakinokicho,,,,,,,,0,0,0,0,0,0,1,1,1947-04-17,,0,7160028,,,,,,,,,,,,,,,
332097,0019000,1,岡山県,オカヤマケン,Okayama,,,,高梁市,タカハシシ,Takahashi-shi,,,,鍜冶町,カジマチ,Kajimachi,,,,,,,,0,0,0,0,0,0,1,1,1947-04-17,,0,7160023,,,,,,,,,,,,,,,
332097,0020000,1,岡山県,オカヤマケン,Okayama,,,,高梁市,タカハシシ,Takahashi-shi,,,,片原町,カタハラチョウ,Kataharacho,,,,,,,,0,0,0,0,0,0,1,1,1947-04-17,,0,7160013,,,,,,,,,,,,,,,
332097,0021000,1,岡山県,オカヤマケン,Okayama,,,,高梁市,タカハシシ,Takahashi-shi,,,,上谷町,カミダニチョウ,Kamidanicho,,,,,,,,0,0,0,0,0,0,1,1,1947-04-17,,0,7160041,,,,,,,,,,,,,,,
332097,0022000,1,岡山県,オカヤマケン,Okayama,,,,高梁市,タカハシシ,Takahashi-shi,,,,川上町大原,カワカミチョウオオバラ,Kawakamicho Obara,,,,,,,,0,0,0,0,0,0,1,1,1947-04-17,,0,7160222,,,,,,,,,,,,,,,
332097,0025000,1,岡山県,オカヤマケン,Okayama,,,,高梁市,タカハシシ,Takahashi-shi,,,,川上町高山市,カワカミチョウコウヤマイチ,Kawakamicho Koyamaichi,,,,,,,,0,0,0,0,0,0,1,1,1947-04-17,,0,7160221,,,,,,,,,,,,,,,
332097,0026000,1,岡山県,オカヤマケン,Okayama,,,,高梁市,タカハシシ,Takahashi-shi,,,,川上町地頭,カワカミチョウジトウ,Kawakamicho Jito,,,,,,,,0,0,0,0,0,0,1,1,1947-04-17,,0,7160201,,,,,,,,,,,,,,,
332097,0028000,1,岡山県,オカヤマケン,Okayama,,,,高梁市,タカハシシ,Takahashi-shi,,,,川上町臘数,カワカミチョウシワス,Kawakamicho Shiwasu,,,,,,,,0,0,0,0,0,0,1,1,1947-04-17,,0,7160205,,*_*_*_MJ057689_*,,,,,,,,,,,,,
332097,0032000,1,岡山県,オカヤマケン,Okayama,,,,高梁市,タカハシシ,Takahashi-shi,,,,川上町吉木,カワカミチョウヨシギ,Kawakamicho Yoshigi,,,,,,,,0,0,0,0,0,0,1,1,1947-04-17,,0,7160206,,,,,,,,,,,,,,,
332097,0033000,1,岡山県,オカヤマケン,Okayama,,,,高梁市,タカハシシ,Takahashi-shi,,,,川上町領家,カワカミチョウリョウケ,Kawakamicho Ryoke,,,,,,,,0,0,0,0,0,0,1,1,1947-04-17,,0,7160204,,,,,,,,,,,,,,,
332097,0034000,1,岡山県,オカヤマケン,Okayama,,,,高梁市,タカハシシ,Takahashi-shi,,,,川端町,カワバタチョウ,Kawabatacho,,,,,,,,0,0,0,0,0,0,1,1,1947-04-17,,0,7160005,,,,,,,,,,,,,,,
332097,0036000,1,岡山県,オカヤマケン,Okayama,,,,高梁市,タカハシシ,Takahashi-shi,,,,甲賀町,コウガチョウ,Kogacho,,,,,,,,0,0,0,0,0,0,1,1,1947-04-17,,0,7160026,,,,,,,,,,,,,,,
332097,0037000,1,岡山県,オカヤマケン,Okayama,,,,高梁市,タカハシシ,Takahashi-shi,,,,荒神町,コウジンチョウ,Kojincho,,,,,,,,0,0,0,0,0,0,1,1,1947-04-17,,0,7160025,,,,,,,,,,,,,,,
332097,0038000,1,岡山県,オカヤマケン,Okayama,,,,高梁市,タカハシシ,Takahashi-shi,,,,小高下町,ココウゲチョウ,Kokogecho,,,,,,,,0,0,0,0,0,0,1,1,1947-04-17,,0,7160006,,,,,,,,,,,,,,,
332097,0040000,1,岡山県,オカヤマケン,Okayama,,,,高梁市,タカハシシ,Takahashi-shi,,,,栄町,サカエマチ,Sakaemachi,,,,,,,,0,0,0,0,0,0,1,1,1947-04-17,,0,7160035,,,,,,,,,,,,,,,
332097,0041000,1,岡山県,オカヤマケン,Okayama,,,,高梁市,タカハシシ,Takahashi-shi,,,,下谷町,シモダニチョウ,Shimodanicho,,,,,,,,0,0,0,0,0,0,1,1,1947-04-17,,0,7160042,,,,,,,,,,,,,,,
332097,0042000,1,岡山県,オカヤマケン,Okayama,,,,高梁市,タカハシシ,Takahashi-shi,,,,下町,シモマチ,Shimomachi,,,,,,,,0,0,0,0,0,0,1,1,1947-04-17,,0,7160022,,,,,,,,,,,,,,,
332097,0043000,1,岡山県,オカヤマケン,Okayama,,,,高梁市,タカハシシ,Takahashi-shi,,,,新町,シンマチ,Shimmachi,,,,,,,,0,0,0,0,0,0,1,1,1947-04-17,,0,7160012,,,,,,,,,,,,,,,
332097,0044000,1,岡山県,オカヤマケン,Okayama,,,,高梁市,タカハシシ,Takahashi-shi,,,,大工町,ダイクチョウ,Daikucho,,,,,,,,0,0,0,0,0,0,1,1,1947-04-17,,0,7160024,,,,,,,,,,,,,,,
332097,0046000,1,岡山県,オカヤマケン,Okayama,,,,高梁市,タカハシシ,Takahashi-shi,,,,高倉町大瀬八長,タカクラチョウオオセオナガ,Takakuracho Oseonaga,,,,,,,,0,0,0,0,0,0,1,1,1947-04-17,,0,7160003,,,,,,,,,,,,,,,
332097,0048000,1,岡山県,オカヤマケン,Okayama,,,,高梁市,タカハシシ,Takahashi-shi,,,,玉川町下切,タマガワチョウシタギリ,Tamagawacho Shitagiri,,,,,,,,0,0,0,0,0,0,1,1,1947-04-17,,0,7160053,,,,,,,,,,,,,,,
332097,0049000,1,岡山県,オカヤマケン,Okayama,,,,高梁市,タカハシシ,Takahashi-shi,,,,玉川町玉,タマガワチョウタマ,Tamagawacho Tama,,,,,,,,0,0,0,0,0,0,1,1,1947-04-17,,0,7160052,,,,,,,,,,,,,,,
332097,0051000,1,岡山県,オカヤマケン,Okayama,,,,高梁市,タカハシシ,Takahashi-shi,,,,段町,ダンチョウ,Dancho,,,,,,,,0,0,0,0,0,0,1,1,1947-04-17,,0,7160047,,,,,,,,,,,,,,,
332097,0052000,1,岡山県,オカヤマケン,Okayama,,,,高梁市,タカハシシ,Takahashi-shi,,,,中間町,チュウゲンマチ,Chugemmachi,,,,,,,,0,0,0,0,0,0,1,1,1947-04-17,,0,7160021,,,,,,,,,,,,,,,
332097,0053000,1,岡山県,オカヤマケン,Okayama,,,,高梁市,タカハシシ,Takahashi-shi,,,,津川町今津,ツガワチョウイマヅ,Tsugawacho Imazu,,,,,,,,0,0,0,0,0,0,1,1,1947-04-17,,0,7160002,,,,,,,,,,,,,,,
332097,0054000,1,岡山県,オカヤマケン,Okayama,,,,高梁市,タカハシシ,Takahashi-shi,,,,津川町八川,ツガワチョウヤガワ,Tsugawacho Yagawa,,,,,,,,0,0,0,0,0,0,1,1,1947-04-17,,0,7160001,,,,,,,,,,,,,,,
332097,0055000,1,岡山県,オカヤマケン,Okayama,,,,高梁市,タカハシシ,Takahashi-shi,,,,鉄砲町,テッポウチョウ,Teppocho,,,,,,,,0,0,0,0,0,0,1,1,1947-04-17,,0,7160031,,,,,,,,,,,,,,,
332097,0056000,1,岡山県,オカヤマケン,Okayama,,,,高梁市,タカハシシ,Takahashi-shi,,,,寺町,テラマチ,Teramachi,,,,,,,,0,0,0,0,0,0,1,1,1947-04-17,,0,7160019,,,,,,,,,,,,,,,
332097,0057000,1,岡山県,オカヤマケン,Okayama,,,,高梁市,タカハシシ,Takahashi-shi,,,,中井町津々,ナカイチョウツツ,Nakaicho Tsutsu,,,,,,,,0,0,0,0,0,0,1,1,1947-04-17,,0,7192401,,,,,,,,,,,,,,,
332097,0059000,1,岡山県,オカヤマケン,Okayama,,,,高梁市,タカハシシ,Takahashi-shi,,,,中之町,ナカノチョウ,Nakanocho,,,,,,,,0,0,0,0,0,0,1,1,1947-04-17,,0,7160014,,,,,,,,,,,,,,,
332097,0060000,1,岡山県,オカヤマケン,Okayama,,,,高梁市,タカハシシ,Takahashi-shi,,,,中原町,ナカバラチョウ,Nakabaracho,,,,,,,,0,0,0,0,0,0,1,1,1947-04-17,,0,7160045,,,,,,,,,,,,,,,
332097,0061000,1,岡山県,オカヤマケン,Okayama,,,,高梁市,タカハシシ,Takahashi-shi,,,,成羽町相坂,ナリワチョウアイサカ,Nariwacho Aisaka,,,,,,,,0,0,0,0,0,0,1,1,1947-04-17,,0,7160333,,,,,,,,,,,,,,,
332097,0062000,1,岡山県,オカヤマケン,Okayama,,,,高梁市,タカハシシ,Takahashi-shi,,,,成羽町長地,ナリワチョウオサジ,Nariwacho Osaji,,,,,,,,0,0,0,0,0,0,1,1,1947-04-17,,0,7160334,,,,,,,,,,,,,,,
332097,0063000,1,岡山県,オカヤマケン,Okayama,,,,高梁市,タカハシシ,Takahashi-shi,,,,成羽町上日名,ナリワチョウカミヒナ,Nariwacho Kamihina,,,,,,,,0,0,0,0,0,0,1,1,1947-04-17,,0,7160102,,,,,,,,,,,,,,,
332097,0064000,1,岡山県,オカヤマケン,Okayama,,,,高梁市,タカハシシ,Takahashi-shi,,,,成羽町小泉,ナリワチョウコイズミ,Nariwacho Koizumi,,,,,,,,0,0,0,0,0,0,1,1,1947-04-17,,0,7160332,,,,,,,,,,,,,,,
332097,0065000,1,岡山県,オカヤマケン,Okayama,,,,高梁市,タカハシシ,Takahashi-shi,,,,成羽町坂本,ナリワチョウサカモト,Nariwacho Sakamoto,,,,,,,,0,0,0,0,0,0,1,1,1947-04-17,,0,7192343,,,,,,,,,,,,,,,
332097,0066000,1,岡山県,オカヤマケン,Okayama,,,,高梁市,タカハシシ,Takahashi-shi,,,,成羽町佐々木,ナリワチョウササキ,Nariwacho Sasaki,,,,,,,,0,0,0,0,0,0,1,1,1947-04-17,,0,7160113,,,,,,,,,,,,,,,
332097,0067000,1,岡山県,オカヤマケン,Okayama,,,,高梁市,タカハシシ,Takahashi-shi,,,,成羽町下原,ナリワチョウシモハラ,Nariwacho Shimohara,,,,,,,,0,0,0,0,0,0,1,1,1947-04-17,,0,7160111,,,,,,,,,,,,,,,
332097,0068000,1,岡山県,オカヤマケン,Okayama,,,,高梁市,タカハシシ,Takahashi-shi,,,,成羽町下日名,ナリワチョウシモヒナ,Nariwacho Shimohina,,,,,,,,0,0,0,0,0,0,1,1,1947-04-17,,0,7160101,,,,,,,,,,,,,,,
332097,0070000,1,岡山県,オカヤマケン,Okayama,,,,高梁市,タカハシシ,Takahashi-shi,,,,成羽町成羽,ナリワチョウナリワ,Nariwacho Nariwa,,,,,,,,0,0,0,0,0,0,1,1,1947-04-17,,0,7160121,,,,,,,,,,,,,,,
332097,0071000,1,岡山県,オカヤマケン,Okayama,,,,高梁市,タカハシシ,Takahashi-shi,,,,成羽町羽根,ナリワチョウハネ,Nariwacho Hane,,,,,,,,0,0,0,0,0,0,1,1,1947-04-17,,0,7160331,,,,,,,,,,,,,,,
332097,0072000,1,岡山県,オカヤマケン,Okayama,,,,高梁市,タカハシシ,Takahashi-shi,,,,成羽町羽山,ナリワチョウハヤマ,Nariwacho Hayama,,,,,,,,0,0,0,0,0,0,1,1,1947-04-17,,0,7160122,,,,,,,,,,,,,,,
332097,0075000,1,岡山県,オカヤマケン,Okayama,,,,高梁市,タカハシシ,Takahashi-shi,,,,成羽町星原,ナリワチョウホシバラ,Nariwacho Hoshibara,,,,,,,,0,0,0,0,0,0,1,1,1947-04-17,,0,7160112,,,,,,,,,,,,,,,
332097,0076000,1,岡山県,オカヤマケン,Okayama,,,,高梁市,タカハシシ,Takahashi-shi,,,,浜町,ハマチョウ,Hamacho,,,,,,,,0,0,0,0,0,0,1,1,1947-04-17,,0,7160038,,,,,,,,,,,,,,,
332097,0077000,1,岡山県,オカヤマケン,Okayama,,,,高梁市,タカハシシ,Takahashi-shi,,,,原田北町,ハラダキタチョウ,Harada Kitacho,,,,,,,,0,0,0,0,0,0,1,1,1947-04-17,,0,7160043,,,,,,,,,,,,,,,
332097,0078000,1,岡山県,オカヤマケン,Okayama,,,,高梁市,タカハシシ,Takahashi-shi,,,,原田南町,ハラダミナミチョウ,Harada Minamicho,,,,,,,,0,0,0,0,0,0,1,1,1947-04-17,,0,7160044,,,,,,,,,,,,,,,
332097,0080000,1,岡山県,オカヤマケン,Okayama,,,,高梁市,タカハシシ,Takahashi-shi,,,,備中町志藤用瀬,ビッチュウチョウシトウヨウゼ,Bitchucho Shitoyoze,,,,,,,,0,0,0,0,0,0,1,1,1947-04-17,,0,7160301,,,,,,,,,,,,,,,
332097,0081000,1,岡山県,オカヤマケン,Okayama,,,,高梁市,タカハシシ,Takahashi-shi,,,,備中町長屋,ビッチュウチョウナガヤ,Bitchucho Nagaya,,,,,,,,0,0,0,0,0,0,1,1,1947-04-17,,0,7160303,,,,,,,,,,,,,,,
332097,0087000,1,岡山県,オカヤマケン,Okayama,,,,高梁市,タカハシシ,Takahashi-shi,,,,備中町布瀬,ビッチュウチョウフセ,Bitchucho Fuse,,,,,,,,0,0,0,0,0,0,1,1,1947-04-17,,0,7160302,,,,,,,,,,,,,,,
332097,0088000,1,岡山県,オカヤマケン,Okayama,,,,高梁市,タカハシシ,Takahashi-shi,,,,本町,ホンマチ,Hommachi,,,,,,,,0,0,0,0,0,0,1,1,1947-04-17,,0,7160011,,,,,,,,,,,,,,,
332097,0089000,1,岡山県,オカヤマケン,Okayama,,,,高梁市,タカハシシ,Takahashi-shi,,,,正宗町,マサムネチョウ,Masamunecho,,,,,,,,0,0,0,0,0,0,1,1,1947-04-17,,0,7160037,,,,,,,,,,,,,,,
332097,0090000,1,岡山県,オカヤマケン,Okayama,,,,高梁市,タカハシシ,Takahashi-shi,,,,松原町大津寄,マツバラチョウオオヅヨリ,Matsubaracho Ozuyori,,,,,,,,0,0,0,0,0,0,1,1,1947-04-17,,0,7160065,,,,,,,,,,,,,,,
332097,0092000,1,岡山県,オカヤマケン,Okayama,,,,高梁市,タカハシシ,Takahashi-shi,,,,松原町春木,マツバラチョウハルキ,Matsubaracho Haruki,,,,,,,,0,0,0,0,0,0,1,1,1947-04-17,,0,7160067,,,,,,,,,,,,,,,
332097,0094000,1,岡山県,オカヤマケン,Okayama,,,,高梁市,タカハシシ,Takahashi-shi,,,,松原通,マツバラドオリ,Matsubaradori,,,,,,,,0,0,0,0,0,0,1,1,1947-04-17,,0,7160036,,,,,,,,,,,,,,,
332097,0096000,1,岡山県,オカヤマケン,Okayama,,,,高梁市,タカハシシ,Takahashi-shi,,,,南町,ミナミマチ,Minamimachi,,,,,,,,0,0,0,0,0,0,1,1,1947-04-17,,0,7160033,,,,,,,,,,,,,,,
332097,0097000,1,岡山県,オカヤマケン,Okayama,,,,高梁市,タカハシシ,Takahashi-shi,,,,向町,ムコウチョウ,Mukocho,,,,,,,,0,0,0,0,0,0,1,1,1947-04-17,,0,7160029,,,,,,,,,,,,,,,
332097,0098000,1,岡山県,オカヤマケン,Okayama,,,,高梁市,タカハシシ,Takahashi-shi,,,,八幡町,ヤハタチョウ,Yahatacho,,,,,,,,0,0,0,0,0,0,1,1,1947-04-17,,0,7160027,,,,,,,,,,,,,,,
332097,0099000,1,岡山県,オカヤマケン,Okayama,,,,高梁市,タカハシシ,Takahashi-shi,,,,弓之町,ユミノチョウ,Yuminocho,,,,,,,,0,0,0,0,0,0,1,1,1947-04-17,,0,7160032,,,,,,,,,,,,,,,
332097,0100000,1,岡山県,オカヤマケン,Okayama,,,,高梁市,タカハシシ,Takahashi-shi,,,,横町,ヨコチョウ,Yokocho,,,,,,,,0,0,0,0,0,0,1,1,1947-04-17,,0,7160046,,,,,,,,,,,,,,,
332097,0101000,1,岡山県,オカヤマケン,Okayama,,,,高梁市,タカハシシ,Takahashi-shi,,,,頼久寺町,ライキュウジチョウ,Raikyujicho,,,,,,,,0,0,0,0,0,0,1,1,1947-04-17,,0,7160016,,,,,,,,,,,,,,,
332097,0102000,1,岡山県,オカヤマケン,Okayama,,,,高梁市,タカハシシ,Takahashi-shi,,,,和田町,ワダチョウ,Wadacho,,,,,,,,0,0,0,0,0,0,1,1,1947-04-17,,0,7160008,,,,,,,,,,,,,,,
332097,0103000,1,岡山県,オカヤマケン,Okayama,,,,高梁市,タカハシシ,Takahashi-shi,,,,宇治町宇治,ウジチョウウジ,Ujicho Uji,,,,,,,,0,0,0,0,0,0,1,1,1947-04-17,,0,7192232,,,,,,,,,,,,,,,
332097,0105000,1,岡山県,オカヤマケン,Okayama,,,,高梁市,タカハシシ,Takahashi-shi,,,,宇治町穴田,ウジチョウアナダ,Ujicho Anada,,,,,,,,0,0,0,0,0,0,1,1,1947-04-17,,0,7192233,,,,,,,,,,,,,,,
332097,0107000,1,岡山県,オカヤマケン,Okayama,,,,高梁市,タカハシシ,Takahashi-shi,,,,巨瀬町,コセチョウ,Kosecho,,,,,,,,0,0,0,0,0,0,1,1,1947-04-17,,0,7161311,,,,,,,,,,,,,,,
332097,0110000,1,岡山県,オカヤマケン,Okayama,,,,高梁市,タカハシシ,Takahashi-shi,,,,玉川町増原,タマガワチョウマシハラ,Tamagawacho Mashihara,,,,,,,,0,0,0,0,0,0,1,1,1947-04-17,,0,7160054,,,,,,,,,,,,,,,
332097,0112000,1,岡山県,オカヤマケン,Okayama,,,,高梁市,タカハシシ,Takahashi-shi,,,,高倉町田井,タカクラチョウタイ,Takakuracho Tai,,,,,,,,0,0,0,0,0,0,1,1,1947-04-17,,0,7192122,,,,,,,,,,,,,,,
332097,0114000,1,岡山県,オカヤマケン,Okayama,,,,高梁市,タカハシシ,Takahashi-shi,,,,高倉町飯部,タカクラチョウイイベ,Takakuracho Iibe,,,,,,,,0,0,0,0,0,0,1,1,1947-04-17,,0,7192123,,,,,,,,,,,,,,,
332097,0116000,1,岡山県,オカヤマケン,Okayama,,,,高梁市,タカハシシ,Takahashi-shi,,,,松原町松岡,マツバラチョウマツオカ,Matsubaracho Matsuoka,,,,,,,,0,0,0,0,0,0,1,1,1947-04-17,,0,7160066,,,,,,,,,,,,,,,
332097,0120000,1,岡山県,オカヤマケン,Okayama,,,,高梁市,タカハシシ,Takahashi-shi,,,,松原町神原,マツバラチョウコウバラ,Matsubaracho Kobara,,,,,,,,0,0,0,0,0,0,1,1,1947-04-17,,0,7160068,,,,,,,,,,,,,,,
332097,0122000,1,岡山県,オカヤマケン,Okayama,,,,高梁市,タカハシシ,Takahashi-shi,,,,松山,マツヤマ,Matsuyama,,,,,,,,0,0,0,0,0,0,1,1,1947-04-17,,0,7160051,,,,,,,,,,,,,,,
332097,0124000,1,岡山県,オカヤマケン,Okayama,,,,高梁市,タカハシシ,Takahashi-shi,,,,成羽町吹屋,ナリワチョウフキヤ,Nariwacho Fukiya,,,,,,,,0,0,0,0,0,0,1,1,1947-04-17,,0,7192341,,,,,,,,,,,,,,,
332097,0126000,1,岡山県,オカヤマケン,Okayama,,,,高梁市,タカハシシ,Takahashi-shi,,,,成羽町中野,ナリワチョウナカノ,Nariwacho Nakano,,,,,,,,0,0,0,0,0,0,1,1,1947-04-17,,0,7192342,,,,,,,,,,,,,,,
332097,0128000,1,岡山県,オカヤマケン,Okayama,,,,高梁市,タカハシシ,Takahashi-shi,,,,成羽町布寄,ナリワチョウフヨリ,Nariwacho Fuyori,,,,,,,,0,0,0,0,0,0,1,1,1947-04-17,,0,7160335,,,,,,,,,,,,,,,
332097,0130000,1,岡山県,オカヤマケン,Okayama,,,,高梁市,タカハシシ,Takahashi-shi,,,,川上町下大竹,カワカミチョウシモオオタケ,Kawakamicho Shimootake,,,,,,,,0,0,0,0,0,0,1,1,1947-04-17,,0,7160212,,,,,,,,,,,,,,,
332097,0132000,1,岡山県,オカヤマケン,Okayama,,,,高梁市,タカハシシ,Takahashi-shi,,,,川上町高山,カワカミチョウコウヤマ,Kawakamicho Koyama,,,,,,,,0,0,0,0,0,0,1,1,1947-04-17,,0,7160223,,,,,,,,,,,,,,,
332097,0134000,1,岡山県,オカヤマケン,Okayama,,,,高梁市,タカハシシ,Takahashi-shi,,,,川上町三沢,カワカミチョウミサワ,Kawakamicho Misawa,,,,,,,,0,0,0,0,0,0,1,1,1947-04-17,,0,7160203,,,,,,,,,,,,,,,
332097,0136000,1,岡山県,オカヤマケン,Okayama,,,,高梁市,タカハシシ,Takahashi-shi,,,,川上町七地,カワカミチョウナナチ,Kawakamicho Nanachi,,,,,,,,0,0,0,0,0,0,1,1,1947-04-17,,0,7160202,,,,,,,,,,,,,,,
332097,0138000,1,岡山県,オカヤマケン,Okayama,,,,高梁市,タカハシシ,Takahashi-shi,,,,川上町上大竹,カワカミチョウカミオオタケ,Kawakamicho Kamiotake,,,,,,,,0,0,0,0,0,0,1,1,1947-04-17,,0,7160211,,,,,,,,,,,,,,,
332097,0141000,1,岡山県,オカヤマケン,Okayama,,,,高梁市,タカハシシ,Takahashi-shi,,,,川上町仁賀,カワカミチョウニカ,Kawakamicho Nika,,,,,,,,0,0,0,0,0,0,1,1,1947-04-17,,0,7160207,,,,,,,,,,,,,,,
332097,0144000,1,岡山県,オカヤマケン,Okayama,,,,高梁市,タカハシシ,Takahashi-shi,,,,川面町,カワモチョウ,Kawamocho,,,,,,,,0,0,0,0,0,0,1,1,1947-04-17,,0,7192121,,,,,,,,,,,,,,,
332097,0146000,1,岡山県,オカヤマケン,Okayama,,,,高梁市,タカハシシ,Takahashi-shi,,,,中井町西方,ナカイチョウニシガタ,Nakaicho Nishigata,,,,,,,,0,0,0,0,0,0,1,1,1947-04-17,,0,7192402,,,,,,,,,,,,,,,
332097,0149000,1,岡山県,オカヤマケン,Okayama,,,,高梁市,タカハシシ,Takahashi-shi,,,,備中町西山,ビッチュウチョウニシヤマ,Bitchucho Nishiyama,,,,,,,,0,0,0,0,0,0,1,1,1947-04-17,,0,7160323,,,,,,,,,,,,,,,
332097,0151000,1,岡山県,オカヤマケン,Okayama,,,,高梁市,タカハシシ,Takahashi-shi,,,,備中町西油野,ビッチュウチョウニシユノ,Bitchucho Nishiyuno,,,,,,,,0,0,0,0,0,0,1,1,1947-04-17,,0,7160322,,,,,,,,,,,,,,,
332097,0155000,1,岡山県,オカヤマケン,Okayama,,,,高梁市,タカハシシ,Takahashi-shi,,,,備中町東油野,ビッチュウチョウヒガシユノ,Bitchucho Higashiyuno,,,,,,,,0,0,0,0,0,0,1,1,1947-04-17,,0,7160321,,,,,,,,,,,,,,,
332097,0158000,1,岡山県,オカヤマケン,Okayama,,,,高梁市,タカハシシ,Takahashi-shi,,,,備中町布賀,ビッチュウチョウフカ,Bitchucho Fuka,,,,,,,,0,0,0,0,0,0,1,1,1947-04-17,,0,7160304,,,,,,,,,,,,,,,
332097,0161000,1,岡山県,オカヤマケン,Okayama,,,,高梁市,タカハシシ,Takahashi-shi,,,,備中町平川,ビッチュウチョウヒラカワ,Bitchucho Hirakawa,,,,,,,,0,0,0,0,0,0,1,1,1947-04-17,,0,7160311,,,,,,,,,,,,,,,
332097,0167000,1,岡山県,オカヤマケン,Okayama,,,,高梁市,タカハシシ,Takahashi-shi,,,,有漢町上有漢,ウカンチョウカミウカン,Ukancho Kamiukan,,,,,,,,0,0,0,0,0,0,1,1,1947-04-17,,0,7161322,,,,,,,,,,,,,,,
332097,0170000,1,岡山県,オカヤマケン,Okayama,,,,高梁市,タカハシシ,Takahashi-shi,,,,有漢町有漢,ウカンチョウウカン,Ukancho Ukan,,,,,,,,0,0,0,0,0,0,1,1,1947-04-17,,0,7161321,,,,,,,,,,,,,,,
332097,0173000,1,岡山県,オカヤマケン,Okayama,,,,高梁市,タカハシシ,Takahashi-shi,,,,落合町福地,オチアイチョウシロチ,Ochiaicho Shirochi,,,,,,,,0,0,0,0,0,0,1,1,1947-04-17,,0,7160064,,,,,,,,,,,,,,,
332097,0202000,1,岡山県,オカヤマケン,Okayama,,,,高梁市,タカハシシ,Takahashi-shi,,,,和田,ワダ,,,,,,,,,0,0,0,0,0,0,1,0,1947-04-17,,1,,,,,,,,,,,,,,,,
332097,0203000,1,岡山県,オカヤマケン,Okayama,,,,高梁市,タカハシシ,Takahashi-shi,,,,奥万田,,,,,,,,,,0,0,0,0,0,0,1,0,1947-04-17,,1,,,,,,,,,,,,,,,,
332097,0204000,1,岡山県,オカヤマケン,Okayama,,,,高梁市,タカハシシ,Takahashi-shi,,,,東町,ヒガシマチ,,,,,,,,,0,0,0,0,0,0,1,0,1947-04-17,,1,,,,,,,,,,,,,,,,
332101,0002000,1,岡山県,オカヤマケン,Okayama,,,,新見市,ニイミシ,Niimi-shi,,,,井倉,イクラ,Ikura,,,,,,,,0,0,0,0,0,0,1,1,1947-04-17,,0,7192551,,,,,,,,,,,,,,,
332101,0003000,1,岡山県,オカヤマケン,Okayama,,,,新見市,ニイミシ,Niimi-shi,,,,石蟹,イシガ,Ishiga,,,,,,,,0,0,0,0,0,0,1,1,1947-04-17,,0,7180015,,,,,,,,,,,,,,,
332101,0004000,1,岡山県,オカヤマケン,Okayama,,,,新見市,ニイミシ,Niimi-shi,,,,大佐大井野,オオサオオイノ,Osa Oino,,,,,,,,0,0,0,0,0,0,1,1,1947-04-17,,0,7193501,,,,,,,,,,,,,,,
332101,0005000,1,岡山県,オカヤマケン,Okayama,,,,新見市,ニイミシ,Niimi-shi,,,,大佐小阪部,オオサオサカベ,Osa Osakabe,,,,,,,,0,0,0,0,0,0,1,1,1947-04-17,,0,7193503,,,,,,,,,,,,,,,
332101,0006000,1,岡山県,オカヤマケン,Okayama,,,,新見市,ニイミシ,Niimi-shi,,,,大佐上刑部,オオサカミオサカベ,Osa Kamiosakabe,,,,,,,,0,0,0,0,0,0,1,1,1947-04-17,,0,7193502,,,,,,,,,,,,,,,
332101,0007000,1,岡山県,オカヤマケン,Okayama,,,,新見市,ニイミシ,Niimi-shi,,,,大佐小南,オオサコミナミ,Osa Kominami,,,,,,,,0,0,0,0,0,0,1,1,1947-04-17,,0,7193507,,,,,,,,,,,,,,,
332101,0009000,1,岡山県,オカヤマケン,Okayama,,,,新見市,ニイミシ,Niimi-shi,,,,大佐永富,オオサナガドミ,Osa Nagadomi,,,,,,,,0,0,0,0,0,0,1,1,1947-04-17,,0,7193504,,,,,,,,,,,,,,,
332101,0010000,1,岡山県,オカヤマケン,Okayama,,,,新見市,ニイミシ,Niimi-shi,,,,大佐布瀬,オオサフセ,Osa Fuse,,,,,,,,0,0,0,0,0,0,1,1,1947-04-17,,0,7193505,,,,,,,,,,,,,,,
332101,0014000,1,岡山県,オカヤマケン,Okayama,,,,新見市,ニイミシ,Niimi-shi,,,,唐松,カラマツ,Karamatsu,,,,,,,,0,0,0,0,0,0,1,1,1947-04-17,,0,7180012,,,,,,,,,,,,,,,
332101,0016000,1,岡山県,オカヤマケン,Okayama,,,,新見市,ニイミシ,Niimi-shi,,,,坂本,サカモト,Sakamoto,,,,,,,,0,0,0,0,0,0,1,1,1947-04-17,,0,7180007,,,,,,,,,,,,,,,
332101,0017000,1,岡山県,オカヤマケン,Okayama,,,,新見市,ニイミシ,Niimi-shi,,,,下熊谷,シモグマタニ,Shimokumatani,,,,,,,,0,0,0,0,0,0,1,1,1947-04-17,,0,7180002,,,,,,,,,,,,,,,
332101,0018000,1,岡山県,オカヤマケン,Okayama,,,,新見市,ニイミシ,Niimi-shi,,,,正田,ショウデン,Shoden,,,,,,,,0,0,0,0,0,0,1,1,1947-04-17,,0,7180013,,,,,,,,,,,,,,,
332101,0024000,1,岡山県,オカヤマケン,Okayama,,,,新見市,ニイミシ,Niimi-shi,,,,高尾,タカオ,Takao,,,,,,,,0,0,0,0,0,0,1,1,1947-04-17,,0,7180003,,,,,,,,,,,,,,,
332101,0025000,1,岡山県,オカヤマケン,Okayama,,,,新見市,ニイミシ,Niimi-shi,,,,足見,タルミ,Tarumi,,,,,,,,0,0,0,0,0,0,1,1,1947-04-17,,0,7192642,,,,,,,,,,,,,,,
332101,0026000,1,岡山県,オカヤマケン,Okayama,,,,新見市,ニイミシ,Niimi-shi,,,,千屋,チヤ,Chiya,,,,,,,,0,0,0,0,0,0,1,1,1947-04-17,,0,7180101,,,,,,,,,,,,,,,
332101,0027000,1,岡山県,オカヤマケン,Okayama,,,,新見市,ニイミシ,Niimi-shi,,,,千屋井原,チヤイハラ,Chiya Ihara,,,,,,,,0,0,0,0,0,0,1,1,1947-04-17,,0,7180103,,,,,,,,,,,,,,,
332101,0028000,1,岡山県,オカヤマケン,Okayama,,,,新見市,ニイミシ,Niimi-shi,,,,千屋実,チヤサネ,Chiya Sane,,,,,,,,0,0,0,0,0,0,1,1,1947-04-17,,0,7180102,,,,,,,,,,,,,,,
332101,0029000,1,岡山県,オカヤマケン,Okayama,,,,新見市,ニイミシ,Niimi-shi,,,,千屋花見,チヤハナミ,Chiya Hanami,,,,,,,,0,0,0,0,0,0,1,1,1947-04-17,,0,7180104,,,,,,,,,,,,,,,
332101,0030000,1,岡山県,オカヤマケン,Okayama,,,,新見市,ニイミシ,Niimi-shi,,,,土橋,ツチハシ,,,,,,,,,0,0,0,0,0,0,1,1,1947-04-17,,0,,,,,,,,,,,,,,,,
332101,0031000,1,岡山県,オカヤマケン,Okayama,,,,新見市,ニイミシ,Niimi-shi,,,,哲西町大竹,テッセイチョウオオタケ,Tesseicho Otake,,,,,,,,0,0,0,0,0,0,1,1,1947-04-17,,0,7193811,,,,,,,,,,,,,,,
332101,0032000,1,岡山県,オカヤマケン,Okayama,,,,新見市,ニイミシ,Niimi-shi,,,,哲西町大野部,テッセイチョウオオノベ,Tesseicho Onobe,,,,,,,,0,0,0,0,0,0,1,1,1947-04-17,,0,7193814,,,,,,,,,,,,,,,
332101,0034000,1,岡山県,オカヤマケン,Okayama,,,,新見市,ニイミシ,Niimi-shi,,,,哲西町畑木,テッセイチョウハタキ,Tesseicho Hataki,,,,,,,,0,0,0,0,0,0,1,1,1947-04-17,,0,7193812,,,,,,,,,,,,,,,
332101,0035000,1,岡山県,オカヤマケン,Okayama,,,,新見市,ニイミシ,Niimi-shi,,,,哲西町八鳥,テッセイチョウハットリ,Tesseicho Hattori,,,,,,,,0,0,0,0,0,0,1,1,1947-04-17,,0,7193813,,,,,,,,,,,,,,,
332101,0037000,1,岡山県,オカヤマケン,Okayama,,,,新見市,ニイミシ,Niimi-shi,,,,哲多町老栄,テッタチョウオイザコ,Tettacho Oizako,,,,,,,,0,0,0,0,0,0,1,1,1947-04-17,,0,7180307,,,,,,,,,,,,,,,
332101,0038000,1,岡山県,オカヤマケン,Okayama,,,,新見市,ニイミシ,Niimi-shi,,,,哲多町大野,テッタチョウオオノ,Tettacho Ono,,,,,,,,0,0,0,0,0,0,1,1,1947-04-17,,0,7180313,,,,,,,,,,,,,,,
332101,0039000,1,岡山県,オカヤマケン,Okayama,,,,新見市,ニイミシ,Niimi-shi,,,,哲多町荻尾,テッタチョウオギョオ,Tettacho Ogyo,,,,,,,,0,0,0,0,0,0,1,1,1947-04-17,,0,7180305,,,,,,,,,,,,,,,
332101,0041000,1,岡山県,オカヤマケン,Okayama,,,,新見市,ニイミシ,Niimi-shi,,,,哲多町田淵,テッタチョウタブチ,Tettacho Tabuchi,,,,,,,,0,0,0,0,0,0,1,1,1947-04-17,,0,7180312,,,,,,,,,,,,,,,
332101,0042000,1,岡山県,オカヤマケン,Okayama,,,,新見市,ニイミシ,Niimi-shi,,,,哲多町成松,テッタチョウナリマツ,Tettacho Narimatsu,,,,,,,,0,0,0,0,0,0,1,1,1947-04-17,,0,7180304,,,,,,,,,,,,,,,
332101,0044000,1,岡山県,オカヤマケン,Okayama,,,,新見市,ニイミシ,Niimi-shi,,,,哲多町本郷,テッタチョウホンゴウ,Tettacho Hongo,,,,,,,,0,0,0,0,0,0,1,1,1947-04-17,,0,7180303,,,,,,,,,,,,,,,
332101,0045000,1,岡山県,オカヤマケン,Okayama,,,,新見市,ニイミシ,Niimi-shi,,,,哲多町宮河内,テッタチョウミヤゴウチ,Tettacho Miyagochi,,,,,,,,0,0,0,0,0,0,1,1,1947-04-17,,0,7180301,,,,,,,,,,,,,,,
332101,0048000,1,岡山県,オカヤマケン,Okayama,,,,新見市,ニイミシ,Niimi-shi,,,,豊永宇山,トヨナガウヤマ,Toyonaga Uyama,,,,,,,,0,0,0,0,0,0,1,1,1947-04-17,,0,7192723,,,,,,,,,,,,,,,
332101,0049000,1,岡山県,オカヤマケン,Okayama,,,,新見市,ニイミシ,Niimi-shi,,,,豊永佐伏,トヨナガサブシ,Toyonaga Sabushi,,,,,,,,0,0,0,0,0,0,1,1,1947-04-17,,0,7192722,,,,,,,,,,,,,,,
332101,0050000,1,岡山県,オカヤマケン,Okayama,,,,新見市,ニイミシ,Niimi-shi,,,,長屋,ナガヤ,Nagaya,,,,,,,,0,0,0,0,0,0,1,1,1947-04-17,,0,7180014,,,,,,,,,,,,,,,
332101,0051000,1,岡山県,オカヤマケン,Okayama,,,,新見市,ニイミシ,Niimi-shi,,,,新見,ニイミ,Niimi,,,,,,,,0,0,0,0,0,0,1,1,1947-04-17,,0,7180011,,,,,,,,,,,,,,,
332101,0054000,1,岡山県,オカヤマケン,Okayama,,,,新見市,ニイミシ,Niimi-shi,,,,馬塚,マヅカ,Mazuka,,,,,,,,0,0,0,0,0,0,1,1,1947-04-17,,0,7180004,,,,,,,,,,,,,,,
332101,0055000,1,岡山県,オカヤマケン,Okayama,,,,新見市,ニイミシ,Niimi-shi,,,,金谷,カナヤ,,,,,,,,,0,0,0,0,0,0,1,0,1947-04-17,,1,,,,,,,,,,,,,,,,
332101,0057000,1,岡山県,オカヤマケン,Okayama,,,,新見市,ニイミシ,Niimi-shi,,,,足立,アシダチ,,,,,,,,,0,0,0,0,0,0,1,0,1947-04-17,,1,,,,,,,,,,,,,,,,
332101,0059000,1,岡山県,オカヤマケン,Okayama,,,,新見市,ニイミシ,Niimi-shi,,,,上熊谷,カミグマタニ,Kamikumatani,,,,,,,,0,0,0,0,0,0,1,1,1947-04-17,,0,7180001,,,,,,,,,,,,,,,
332101,0063000,1,岡山県,オカヤマケン,Okayama,,,,新見市,ニイミシ,Niimi-shi,,,,上市,カミイチ,,,,,,,,,0,0,0,0,0,0,1,0,1947-04-17,,1,,,,,,,,,,,,,,,,
332101,0064000,1,岡山県,オカヤマケン,Okayama,,,,新見市,ニイミシ,Niimi-shi,,,,神郷下神代,シンゴウシモコウジロ,Shingo Shimokojiro,,,,,,,,0,0,0,0,0,0,1,1,1947-04-17,,0,7193611,,,,,,,,,,,,,,,
332101,0066000,1,岡山県,オカヤマケン,Okayama,,,,新見市,ニイミシ,Niimi-shi,,,,神郷釜村,シンゴウカマムラ,Shingo Kamamura,,,,,,,,0,0,0,0,0,0,1,1,1947-04-17,,0,7192801,,,,,,,,,,,,,,,
332101,0068000,1,岡山県,オカヤマケン,Okayama,,,,新見市,ニイミシ,Niimi-shi,,,,神郷高瀬,シンゴウタカセ,Shingo Takase,,,,,,,,0,0,0,0,0,0,1,1,1947-04-17,,0,7192802,,,,,,,,,,,,,,,
332101,0070000,1,岡山県,オカヤマケン,Okayama,,,,新見市,ニイミシ,Niimi-shi,,,,神郷油野,シンゴウユノ,Shingo Yuno,,,,,,,,0,0,0,0,0,0,1,1,1947-04-17,,0,7193612,,,,,,,,,,,,,,,
332101,0072000,1,岡山県,オカヤマケン,Okayama,,,,新見市,ニイミシ,Niimi-shi,,,,菅生,スゴウ,Sugo,,,,,,,,0,0,0,0,0,0,1,1,1947-04-17,,0,7180211,,,,,,,,,,,,,,,
332101,0074000,1,岡山県,オカヤマケン,Okayama,,,,新見市,ニイミシ,Niimi-shi,,,,西方,ニシガタ,Nishigata,,,,,,,,0,0,0,0,0,0,1,1,1947-04-17,,0,7180017,,,,,,,,,,,,,,,
332101,0076000,1,岡山県,オカヤマケン,Okayama,,,,新見市,ニイミシ,Niimi-shi,,,,草間,クサマ,,,,,,,,,0,0,0,0,0,0,1,1,1947-04-17,,0,,,,,,,,,,,,,,,,
332101,0079000,1,岡山県,オカヤマケン,Okayama,,,,新見市,ニイミシ,Niimi-shi,,,,大佐田治部,オオサタジベ,Osa Tajibe,,,,,,,,0,0,0,0,0,0,1,1,1947-04-17,,0,7193506,,,,,,,,,,,,,,,
332101,0081000,1,岡山県,オカヤマケン,Okayama,,,,新見市,ニイミシ,Niimi-shi,,,,哲西町上神代,テッセイチョウカミコウジロ,Tesseicho Kamikojiro,,,,,,,,0,0,0,0,0,0,1,1,1947-04-17,,0,7193702,,,,,,,,,,,,,,,
332101,0084000,1,岡山県,オカヤマケン,Okayama,,,,新見市,ニイミシ,Niimi-shi,,,,哲西町矢田,テッセイチョウヤダ,Tesseicho Yada,,,,,,,,0,0,0,0,0,0,1,1,1947-04-17,,0,7193701,,,,,,,,,,,,,,,
332101,0086000,1,岡山県,オカヤマケン,Okayama,,,,新見市,ニイミシ,Niimi-shi,,,,哲多町花木,テッタチョウハナギ,Tettacho Hanagi,,,,,,,,0,0,0,0,0,0,1,1,1947-04-17,,0,7180302,,,,,,,,,,,,,,,
332101,0088000,1,岡山県,オカヤマケン,Okayama,,,,新見市,ニイミシ,Niimi-shi,,,,哲多町蚊家,テッタチョウコウノイエ,Tettacho Konoie,,,,,,,,0,0,0,0,0,0,1,1,1947-04-17,,0,7180311,,,,,,,,,,,,,,,
332101,0090000,1,岡山県,オカヤマケン,Okayama,,,,新見市,ニイミシ,Niimi-shi,,,,哲多町矢戸,テッタチョウヤト,Tettacho Yato,,,,,,,,0,0,0,0,0,0,1,1,1947-04-17,,0,7180306,,,,,,,,,,,,,,,
332101,0093000,1,岡山県,オカヤマケン,Okayama,,,,新見市,ニイミシ,Niimi-shi,,,,法曽,ホウソ,,,,,,,,,0,0,0,0,0,0,1,0,1947-04-17,,1,,,,,,,,,,,,,,,,
332101,0094000,1,岡山県,オカヤマケン,Okayama,,,,新見市,ニイミシ,Niimi-shi,,,,豊永赤馬,トヨナガアコウマ,Toyonaga Akoma,,,,,,,,0,0,0,0,0,0,1,1,1947-04-17,,0,7192721,,,,,,,,,,,,,,,
332119,0001000,1,岡山県,オカヤマケン,Okayama,,,,備前市,ビゼンシ,Bizen-shi,,,,麻宇那,アソウナ,Asona,,,,,,,,0,0,0,0,0,0,1,1,1947-04-17,,0,7050032,,,,,,,,,,,,,,,
332119,0003000,1,岡山県,オカヤマケン,Okayama,,,,備前市,ビゼンシ,Bizen-shi,,,,伊部,インベ,Imbe,,,,,,,,0,0,0,0,0,0,1,1,1947-04-17,,0,7050001,,,,,,,,,,,,,,,
332119,0004000,1,岡山県,オカヤマケン,Okayama,,,,備前市,ビゼンシ,Bizen-shi,,,,浦伊部,ウラインベ,Uraimbe,,,,,,,,0,0,0,0,0,0,1,1,1947-04-17,,0,7050002,,,,,,,,,,,,,,,
332119,0006000,1,岡山県,オカヤマケン,Okayama,,,,備前市,ビゼンシ,Bizen-shi,,,,香登西,カガトニシ,Kagato Nishi,,,,,,,,0,0,0,0,0,0,1,1,1947-04-17,,0,7050011,,,,,,,,,,,,,,,
332119,0007000,1,岡山県,オカヤマケン,Okayama,,,,備前市,ビゼンシ,Bizen-shi,,,,香登本,カガトモト,Kagato Moto,,,,,,,,0,0,0,0,0,0,1,1,1947-04-17,,0,7050012,,,,,,,,,,,,,,,
332119,0009000,1,岡山県,オカヤマケン,Okayama,,,,備前市,ビゼンシ,Bizen-shi,,,,久々井,クグイ,Kugui,,,,,,,,0,0,0,0,0,0,1,1,1947-04-17,,0,7050024,,,,,,,,,,,,,,,
332119,0011000,1,岡山県,オカヤマケン,Okayama,,,,備前市,ビゼンシ,Bizen-shi,,,,佐山,サヤマ,Sayama,,,,,,,,0,0,0,0,0,0,1,1,1947-04-17,,0,7050026,,,,,,,,,,,,,,,
332119,0012000,1,岡山県,オカヤマケン,Okayama,,,,備前市,ビゼンシ,Bizen-shi,,,,蕃山,シゲヤマ,Shigeyama,,,,,,,,0,0,0,0,0,0,1,1,1947-04-17,,0,7050031,,,,,,,,,,,,,,,
332119,0013000,1,岡山県,オカヤマケン,Okayama,,,,備前市,ビゼンシ,Bizen-shi,,,,閑谷,シズタニ,Shizutani,,,,,,,,0,0,0,0,0,0,1,1,1947-04-17,,0,7050036,,,,,,,,,,,,,,,
332119,0014000,1,岡山県,オカヤマケン,Okayama,,,,備前市,ビゼンシ,Bizen-shi,,,,新庄,シンジョウ,Shinjo,,,,,,,,0,0,0,0,0,0,1,1,1947-04-17,,0,7050014,,,,,,,,,,,,,,,
332119,0015000,1,岡山県,オカヤマケン,Okayama,,,,備前市,ビゼンシ,Bizen-shi,,,,鶴海,ツルミ,Tsurumi,,,,,,,,0,0,0,0,0,0,1,1,1947-04-17,,0,7050025,,,,,,,,,,,,,,,
332119,0017000,1,岡山県,オカヤマケン,Okayama,,,,備前市,ビゼンシ,Bizen-shi,,,,西片上,ニシカタカミ,Nishikatakami,,,,,,,,0,0,0,0,0,0,1,1,1947-04-17,,0,7050021,,,,,,,,,,,,,,,
332119,0018000,1,岡山県,オカヤマケン,Okayama,,,,備前市,ビゼンシ,Bizen-shi,,,,野谷,ノダニ,Nodani,,,,,,,,0,0,0,0,0,0,1,1,1947-04-17,,0,7050131,,,,,,,,,,,,,,,
332119,0019000,1,岡山県,オカヤマケン,Okayama,,,,備前市,ビゼンシ,Bizen-shi,,,,畠田,ハタケダ,Hatakeda,,,,,,,,0,0,0,0,0,0,1,1,1947-04-17,,0,7050015,,,,,,,,,,,,,,,
332119,0020000,1,岡山県,オカヤマケン,Okayama,,,,備前市,ビゼンシ,Bizen-shi,,,,東片上,ヒガシカタカミ,Higashikatakami,,,,,,,,0,0,0,0,0,0,1,1,1947-04-17,,0,7050022,,,,,,,,,,,,,,,
332119,0021000,1,岡山県,オカヤマケン,Okayama,,,,備前市,ビゼンシ,Bizen-shi,,,,日生町大多府,ヒナセチョウオオタブ,Hinasecho Otabu,,,,,,,,0,0,0,0,0,0,1,1,1947-04-17,,0,7013203,,,,,,,,,,,,,,,
332119,0022000,1,岡山県,オカヤマケン,Okayama,,,,備前市,ビゼンシ,Bizen-shi,,,,日生町寺山,ヒナセチョウテラヤマ,Hinasecho Terayama,,,,,,,,0,0,0,0,0,0,1,1,1947-04-17,,0,7013201,,,,,,,,,,,,,,,
332119,0023000,1,岡山県,オカヤマケン,Okayama,,,,備前市,ビゼンシ,Bizen-shi,,,,福田,フクダ,Fukuda,,,,,,,,0,0,0,0,0,0,1,1,1947-04-17,,0,7050013,,,,,,,,,,,,,,,
332119,0024000,1,岡山県,オカヤマケン,Okayama,,,,備前市,ビゼンシ,Bizen-shi,,,,穂浪,ホナミ,Honami,,,,,,,,0,0,0,0,0,0,1,1,1947-04-17,,0,7050033,,,,,,,,,,,,,,,
332119,0025000,1,岡山県,オカヤマケン,Okayama,,,,備前市,ビゼンシ,Bizen-shi,,,,三石,ミツイシ,Mitsuishi,,,,,,,,0,0,0,0,0,0,1,1,1947-04-17,,0,7050132,,,,,,,,,,,,,,,
332119,0026000,1,岡山県,オカヤマケン,Okayama,,,,備前市,ビゼンシ,Bizen-shi,,,,八木山,ヤキヤマ,Yakiyama,,,,,,,,0,0,0,0,0,0,1,1,1947-04-17,,0,7050133,,,,,,,,,,,,,,,
332119,0027000,1,岡山県,オカヤマケン,Okayama,,,,備前市,ビゼンシ,Bizen-shi,,,,吉永町今崎,ヨシナガチョウイマサキ,Yoshinagacho Imasaki,,,,,,,,0,0,0,0,0,0,1,1,1947-04-17,,0,7090213,,,,,,,,,,,,,,,
332119,0028000,1,岡山県,オカヤマケン,Okayama,,,,備前市,ビゼンシ,Bizen-shi,,,,吉永町岩崎,ヨシナガチョウイワサキ,Yoshinagacho Iwasaki,,,,,,,,0,0,0,0,0,0,1,1,1947-04-17,,0,7090226,,,,,,,,,,,,,,,
332119,0029000,1,岡山県,オカヤマケン,Okayama,,,,備前市,ビゼンシ,Bizen-shi,,,,吉永町加賀美,ヨシナガチョウカガミ,Yoshinagacho Kagami,,,,,,,,0,0,0,0,0,0,1,1,1947-04-17,,0,7090301,,,,,,,,,,,,,,,
332119,0030000,1,岡山県,オカヤマケン,Okayama,,,,備前市,ビゼンシ,Bizen-shi,,,,吉永町金谷,ヨシナガチョウカナダニ,Yoshinagacho Kanadani,,,,,,,,0,0,0,0,0,0,1,1,1947-04-17,,0,7090221,,,,,,,,,,,,,,,
332119,0031000,1,岡山県,オカヤマケン,Okayama,,,,備前市,ビゼンシ,Bizen-shi,,,,吉永町神根本,ヨシナガチョウコウネホン,Yoshinagacho Konehon,,,,,,,,0,0,0,0,0,0,1,1,1947-04-17,,0,7090212,,,,,,,,,,,,,,,
332119,0032000,1,岡山県,オカヤマケン,Okayama,,,,備前市,ビゼンシ,Bizen-shi,,,,吉永町笹目,ヨシナガチョウササメ,Yoshinagacho Sasame,,,,,,,,0,0,0,0,0,0,1,1,1947-04-17,,0,7090304,,,,,,,,,,,,,,,
332119,0033000,1,岡山県,オカヤマケン,Okayama,,,,備前市,ビゼンシ,Bizen-shi,,,,吉永町高田,ヨシナガチョウタカタ,Yoshinagacho Takata,,,,,,,,0,0,0,0,0,0,1,1,1947-04-17,,0,7090211,,,,,,,,,,,,,,,
332119,0034000,1,岡山県,オカヤマケン,Okayama,,,,備前市,ビゼンシ,Bizen-shi,,,,吉永町多麻,ヨシナガチョウタマ,Yoshinagacho Tama,,,,,,,,0,0,0,0,0,0,1,1,1947-04-17,,0,7090302,,,,,,,,,,,,,,,
332119,0035000,1,岡山県,オカヤマケン,Okayama,,,,備前市,ビゼンシ,Bizen-shi,,,,吉永町都留岐,ヨシナガチョウツルギ,Yoshinagacho Tsurugi,,,,,,,,0,0,0,0,0,0,1,1,1947-04-17,,0,7090303,,,,,,,,,,,,,,,
332119,0036000,1,岡山県,オカヤマケン,Okayama,,,,備前市,ビゼンシ,Bizen-shi,,,,吉永町福満,ヨシナガチョウフクミツ,Yoshinagacho Fukumitsu,,,,,,,,0,0,0,0,0,0,1,1,1947-04-17,,0,7090222,,,,,,,,,,,,,,,
332119,0037000,1,岡山県,オカヤマケン,Okayama,,,,備前市,ビゼンシ,Bizen-shi,,,,吉永町三股,ヨシナガチョウミツマタ,Yoshinagacho Mitsumata,,,,,,,,0,0,0,0,0,0,1,1,1947-04-17,,0,7090225,,,,,,,,,,,,,,,
332119,0038000,1,岡山県,オカヤマケン,Okayama,,,,備前市,ビゼンシ,Bizen-shi,,,,吉永町南方,ヨシナガチョウミナミガタ,Yoshinagacho Minamigata,,,,,,,,0,0,0,0,0,0,1,1,1947-04-17,,0,7090223,,,,,,,,,,,,,,,
332119,0039000,1,岡山県,オカヤマケン,Okayama,,,,備前市,ビゼンシ,Bizen-shi,,,,吉永町吉永中,ヨシナガチョウヨシナガナカ,Yoshinagacho Yoshinaganaka,,,,,,,,0,0,0,0,0,0,1,1,1947-04-17,,0,7090224,,,,,,,,,,,,,,,
332119,0040000,1,岡山県,オカヤマケン,Okayama,,,,備前市,ビゼンシ,Bizen-shi,,,,吉永町和意谷,ヨシナガチョウワイダニ,Yoshinagacho Waidani,,,,,,,,0,0,0,0,0,0,1,1,1947-04-17,,0,7090214,,,,,,,,,,,,,,,
332119,0041000,1,岡山県,オカヤマケン,Okayama,,,,備前市,ビゼンシ,Bizen-shi,,,,日生町日生,ヒナセチョウヒナセ,Hinasecho Hinase,,,,,,,,0,0,0,0,0,0,1,1,1947-04-17,,0,7013204,,,,,,,,,,,,,,,
332119,0042000,1,岡山県,オカヤマケン,Okayama,,,,備前市,ビゼンシ,Bizen-shi,,,,日生町寒河,ヒナセチョウソウゴ,Hinasecho Sogo,,,,,,,,0,0,0,0,0,0,1,1,1947-04-17,,0,7013202,,,,,,,,,,,,,,,
332119,0043000,1,岡山県,オカヤマケン,Okayama,,,,備前市,ビゼンシ,Bizen-shi,,,,伊里中,イリナカ,,,,,,,,,0,0,0,0,0,0,1,0,1947-04-17,,1,,,,,,,,,,,,,,,,
332119,0044000,1,岡山県,オカヤマケン,Okayama,,,,備前市,ビゼンシ,Bizen-shi,,,,坂根,サカネ,,,,,,,,,0,0,0,0,0,0,1,0,1947-04-17,,1,,,,,,,,,,,,,,,,
332119,0045000,1,岡山県,オカヤマケン,Okayama,,,,備前市,ビゼンシ,Bizen-shi,,,,大内,オオチ,,,,,,,,,0,0,0,0,0,0,1,0,1947-04-17,,1,,,,,,,,,,,,,,,,
332119,0046000,1,岡山県,オカヤマケン,Okayama,,,,備前市,ビゼンシ,Bizen-shi,,,,木谷,キダニ,,,,,,,,,0,0,0,0,0,0,1,0,1947-04-17,,1,,,,,,,,,,,,,,,,
332119,0047000,1,岡山県,オカヤマケン,Okayama,,,,備前市,ビゼンシ,Bizen-shi,,,,友延,トモノブ,,,,,,,,,0,0,0,0,0,0,1,0,1947-04-17,,1,,,,,,,,,,,,,,,,
332127,0001000,1,岡山県,オカヤマケン,Okayama,,,,瀬戸内市,セトウチシ,Setochi-shi,,,,牛窓町牛窓,ウシマドチョウウシマド,Ushimadocho Ushimado,,,,,,,,0,0,0,0,0,0,1,1,1947-04-17,,0,7014302,,,,,,,,,,,,,,,
332127,0002000,1,岡山県,オカヤマケン,Okayama,,,,瀬戸内市,セトウチシ,Setochi-shi,,,,牛窓町鹿忍,ウシマドチョウカシノ,Ushimadocho Kashino,,,,,,,,0,0,0,0,0,0,1,1,1947-04-17,,0,7014303,,,,,,,,,,,,,,,
332127,0003000,1,岡山県,オカヤマケン,Okayama,,,,瀬戸内市,セトウチシ,Setochi-shi,,,,牛窓町千手,ウシマドチョウセンズ,Ushimadocho Senzu,,,,,,,,0,0,0,0,0,0,1,1,1947-04-17,,0,7014304,,,,,,,,,,,,,,,
332127,0004000,1,岡山県,オカヤマケン,Okayama,,,,瀬戸内市,セトウチシ,Setochi-shi,,,,牛窓町長浜,ウシマドチョウナガハマ,Ushimadocho Nagahama,,,,,,,,0,0,0,0,0,0,1,1,1947-04-17,,0,7014301,,,,,,,,,,,,,,,
332127,0005000,1,岡山県,オカヤマケン,Okayama,,,,瀬戸内市,セトウチシ,Setochi-shi,,,,邑久町大窪,オクチョウオオクボ,Okucho Okubo,,,,,,,,0,0,0,0,0,0,1,1,1947-04-17,,0,7014231,,,,,,,,,,,,,,,
332127,0006000,1,岡山県,オカヤマケン,Okayama,,,,瀬戸内市,セトウチシ,Setochi-shi,,,,邑久町大富,オクチョウオオドミ,Okucho Odomi,,,,,,,,0,0,0,0,0,0,1,1,1947-04-17,,0,7014234,,,,,,,,,,,,,,,
332127,0007000,1,岡山県,オカヤマケン,Okayama,,,,瀬戸内市,セトウチシ,Setochi-shi,,,,邑久町尾張,オクチョウオワリ,Okucho Owari,,,,,,,,0,0,0,0,0,0,1,1,1947-04-17,,0,7014221,,,,,,,,,,,,,,,
332127,0008000,1,岡山県,オカヤマケン,Okayama,,,,瀬戸内市,セトウチシ,Setochi-shi,,,,邑久町上笠加,オクチョウカミガサカ,Okucho Kamigasaka,,,,,,,,0,0,0,0,0,0,1,1,1947-04-17,,0,7014252,,,,,,,,,,,,,,,
332127,0009000,1,岡山県,オカヤマケン,Okayama,,,,瀬戸内市,セトウチシ,Setochi-shi,,,,邑久町上山田,オクチョウカミヤマダ,Okucho Kamiyamada,,,,,,,,0,0,0,0,0,0,1,1,1947-04-17,,0,7014215,,,,,,,,,,,,,,,
332127,0010000,1,岡山県,オカヤマケン,Okayama,,,,瀬戸内市,セトウチシ,Setochi-shi,,,,邑久町北池,オクチョウキタイケ,Okucho Kitaike,,,,,,,,0,0,0,0,0,0,1,1,1947-04-17,,0,7014251,,,,,,,,,,,,,,,
332127,0011000,1,岡山県,オカヤマケン,Okayama,,,,瀬戸内市,セトウチシ,Setochi-shi,,,,邑久町北島,オクチョウキタシマ,Okucho Kitashima,,,,,,,,0,0,0,0,0,0,1,1,1947-04-17,,0,7014232,,,,,,,,,,,,,,,
332127,0012000,1,岡山県,オカヤマケン,Okayama,,,,瀬戸内市,セトウチシ,Setochi-shi,,,,邑久町下笠加,オクチョウシモガサカ,Okucho Shimogasaka,,,,,,,,0,0,0,0,0,0,1,1,1947-04-17,,0,7014247,,,,,,,,,,,,,,,
332127,0013000,1,岡山県,オカヤマケン,Okayama,,,,瀬戸内市,セトウチシ,Setochi-shi,,,,邑久町下山田,オクチョウシモヤマダ,Okucho Shimoyamada,,,,,,,,0,0,0,0,0,0,1,1,1947-04-17,,0,7014216,,,,,,,,,,,,,,,
332127,0014000,1,岡山県,オカヤマケン,Okayama,,,,瀬戸内市,セトウチシ,Setochi-shi,,,,邑久町庄田,オクチョウショウダ,Okucho Shoda,,,,,,,,0,0,0,0,0,0,1,1,1947-04-17,,0,7014211,,,,,,,,,,,,,,,
332127,0015000,1,岡山県,オカヤマケン,Okayama,,,,瀬戸内市,セトウチシ,Setochi-shi,,,,邑久町尻海,オクチョウシリミ,Okucho Shirimi,,,,,,,,0,0,0,0,0,0,1,1,1947-04-17,,0,7014212,,,,,,,,,,,,,,,
332127,0016000,1,岡山県,オカヤマケン,Okayama,,,,瀬戸内市,セトウチシ,Setochi-shi,,,,邑久町宗三,オクチョウソウサン,Okucho Sosan,,,,,,,,0,0,0,0,0,0,1,1,1947-04-17,,0,7014243,,,,,,,,,,,,,,,
332127,0017000,1,岡山県,オカヤマケン,Okayama,,,,瀬戸内市,セトウチシ,Setochi-shi,,,,邑久町豊原,オクチョウトヨハラ,Okucho Toyohara,,,,,,,,0,0,0,0,0,0,1,1,1947-04-17,,0,7014223,,,,,,,,,,,,,,,
332127,0018000,1,岡山県,オカヤマケン,Okayama,,,,瀬戸内市,セトウチシ,Setochi-shi,,,,邑久町豊安,オクチョウトヨヤス,Okucho Toyoyasu,,,,,,,,0,0,0,0,0,0,1,1,1947-04-17,,0,7014222,,,,,,,,,,,,,,,
332127,0019000,1,岡山県,オカヤマケン,Okayama,,,,瀬戸内市,セトウチシ,Setochi-shi,,,,邑久町東谷,オクチョウヒガシダニ,Okucho Higashidani,,,,,,,,0,0,0,0,0,0,1,1,1947-04-17,,0,7014224,,,,,,,,,,,,,,,
332127,0020000,1,岡山県,オカヤマケン,Okayama,,,,瀬戸内市,セトウチシ,Setochi-shi,,,,邑久町福谷,オクチョウフクタニ,Okucho Fukutani,,,,,,,,0,0,0,0,0,0,1,1,1947-04-17,,0,7014502,,,,,,,,,,,,,,,
332127,0021000,1,岡山県,オカヤマケン,Okayama,,,,瀬戸内市,セトウチシ,Setochi-shi,,,,邑久町福中,オクチョウフクナカ,Okucho Fukunaka,,,,,,,,0,0,0,0,0,0,1,1,1947-04-17,,0,7014244,,,,,,,,,,,,,,,
332127,0022000,1,岡山県,オカヤマケン,Okayama,,,,瀬戸内市,セトウチシ,Setochi-shi,,,,邑久町福元,オクチョウフクモト,Okucho Fukumoto,,,,,,,,0,0,0,0,0,0,1,1,1947-04-17,,0,7014241,,,,,,,,,,,,,,,
332127,0023000,1,岡山県,オカヤマケン,Okayama,,,,瀬戸内市,セトウチシ,Setochi-shi,,,,邑久町福山,オクチョウフクヤマ,Okucho Fukuyama,,,,,,,,0,0,0,0,0,0,1,1,1947-04-17,,0,7014245,,,,,,,,,,,,,,,
332127,0024000,1,岡山県,オカヤマケン,Okayama,,,,瀬戸内市,セトウチシ,Setochi-shi,,,,邑久町本庄,オクチョウホンジョウ,Okucho Honjo,,,,,,,,0,0,0,0,0,0,1,1,1947-04-17,,0,7014214,,,,,,,,,,,,,,,
332127,0025000,1,岡山県,オカヤマケン,Okayama,,,,瀬戸内市,セトウチシ,Setochi-shi,,,,邑久町豆田,オクチョウマメダ,Okucho Mameda,,,,,,,,0,0,0,0,0,0,1,1,1947-04-17,,0,7014254,,,,,,,,,,,,,,,
332127,0026000,1,岡山県,オカヤマケン,Okayama,,,,瀬戸内市,セトウチシ,Setochi-shi,,,,邑久町箕輪,オクチョウミノワ,Okucho Minowa,,,,,,,,0,0,0,0,0,0,1,1,1947-04-17,,0,7014253,,,,,,,,,,,,,,,
332127,0027000,1,岡山県,オカヤマケン,Okayama,,,,瀬戸内市,セトウチシ,Setochi-shi,,,,邑久町向山,オクチョウムコウヤマ,Okucho Mukoyama,,,,,,,,0,0,0,0,0,0,1,1,1947-04-17,,0,7014233,,,,,,,,,,,,,,,
332127,0028000,1,岡山県,オカヤマケン,Okayama,,,,瀬戸内市,セトウチシ,Setochi-shi,,,,邑久町百田,オクチョウモモダ,Okucho Momoda,,,,,,,,0,0,0,0,0,0,1,1,1947-04-17,,0,7014248,,,,,,,,,,,,,,,
332127,0029000,1,岡山県,オカヤマケン,Okayama,,,,瀬戸内市,セトウチシ,Setochi-shi,,,,邑久町山田庄,オクチョウヤマダノショウ,Okucho Yamadanosho,,,,,,,,0,0,0,0,0,0,1,1,1947-04-17,,0,7014246,,,,,,,,,,,,,,,
332127,0030000,1,岡山県,オカヤマケン,Okayama,,,,瀬戸内市,セトウチシ,Setochi-shi,,,,邑久町山手,オクチョウヤマテ,Okucho Yamate,,,,,,,,0,0,0,0,0,0,1,1,1947-04-17,,0,7014213,,,,,,,,,,,,,,,
332127,0031000,1,岡山県,オカヤマケン,Okayama,,,,瀬戸内市,セトウチシ,Setochi-shi,,,,長船町飯井,オサフネチョウイイ,Osafunecho Ii,,,,,,,,0,0,0,0,0,0,1,1,1947-04-17,,0,7014261,,,,,,,,,,,,,,,
332127,0032000,1,岡山県,オカヤマケン,Okayama,,,,瀬戸内市,セトウチシ,Setochi-shi,,,,長船町磯上,オサフネチョウイソカミ,Osafunecho Isokami,,,,,,,,0,0,0,0,0,0,1,1,1947-04-17,,0,7014273,,,,,,,,,,,,,,,
332127,0033000,1,岡山県,オカヤマケン,Okayama,,,,瀬戸内市,セトウチシ,Setochi-shi,,,,長船町牛文,オサフネチョウウシフミ,Osafunecho Ushifumi,,,,,,,,0,0,0,0,0,0,1,1,1947-04-17,,0,7014274,,,,,,,,,,,,,,,
332127,0034000,1,岡山県,オカヤマケン,Okayama,,,,瀬戸内市,セトウチシ,Setochi-shi,,,,長船町長船,オサフネチョウオサフネ,Osafunecho Osafune,,,,,,,,0,0,0,0,0,0,1,1,1947-04-17,,0,7014271,,,,,,,,,,,,,,,
332127,0035000,1,岡山県,オカヤマケン,Okayama,,,,瀬戸内市,セトウチシ,Setochi-shi,,,,長船町西須恵,オサフネチョウニシスエ,Osafunecho Nishisue,,,,,,,,0,0,0,0,0,0,1,1,1947-04-17,,0,7014263,,,,,,,,,,,,,,,
332127,0036000,1,岡山県,オカヤマケン,Okayama,,,,瀬戸内市,セトウチシ,Setochi-shi,,,,長船町土師,オサフネチョウハジ,Osafunecho Haji,,,,,,,,0,0,0,0,0,0,1,1,1947-04-17,,0,7014264,,,,,,,,,,,,,,,
332127,0037000,1,岡山県,オカヤマケン,Okayama,,,,瀬戸内市,セトウチシ,Setochi-shi,,,,長船町服部,オサフネチョウハットリ,Osafunecho Hattori,,,,,,,,0,0,0,0,0,0,1,1,1947-04-17,,0,7014276,,,,,,,,,,,,,,,
332127,0038000,1,岡山県,オカヤマケン,Okayama,,,,瀬戸内市,セトウチシ,Setochi-shi,,,,長船町東須恵,オサフネチョウヒガシスエ,Osafunecho Higashisue,,,,,,,,0,0,0,0,0,0,1,1,1947-04-17,,0,7014262,,,,,,,,,,,,,,,
332127,0039000,1,岡山県,オカヤマケン,Okayama,,,,瀬戸内市,セトウチシ,Setochi-shi,,,,長船町福岡,オサフネチョウフクオカ,Osafunecho Fukuoka,,,,,,,,0,0,0,0,0,0,1,1,1947-04-17,,0,7014265,,,,,,,,,,,,,,,
332127,0040000,1,岡山県,オカヤマケン,Okayama,,,,瀬戸内市,セトウチシ,Setochi-shi,,,,長船町福里,オサフネチョウフクサト,Osafunecho Fukusato,,,,,,,,0,0,0,0,0,0,1,1,1947-04-17,,0,7014275,,,,,,,,,,,,,,,
332127,0041000,1,岡山県,オカヤマケン,Okayama,,,,瀬戸内市,セトウチシ,Setochi-shi,,,,長船町八日市,オサフネチョウヨウカイチ,Osafunecho Yokaichi,,,,,,,,0,0,0,0,0,0,1,1,1947-04-17,,0,7014272,,,,,,,,,,,,,,,
332127,0042000,1,岡山県,オカヤマケン,Okayama,,,,瀬戸内市,セトウチシ,Setochi-shi,,,,邑久町虫明,オクチョウムシアゲ,Okucho Mushiage,,,,,,,,0,0,0,0,0,0,1,1,1947-04-17,,0,7014501,,,,,,,,,,,,,,,
332127,0075000,1,岡山県,オカヤマケン,Okayama,,,,瀬戸内市,セトウチシ,Setochi-shi,,,,邑久町立坂,オクチヨウタテサカ,,,,,,,,,0,0,0,0,0,0,1,0,1947-04-17,,1,,,,,,,,,,,,,,,,
332135,0000153,3,岡山県,オカヤマケン,Okayama,,,,赤磐市,アカイワシ,Akaiwa-shi,,,,,,,,,,持行,モチイケ,,,0,0,0,1,0,0,2,0,1947-04-17,,1,,,,,,,,,,,,,,,,
332135,0000192,3,岡山県,オカヤマケン,Okayama,,,,赤磐市,アカイワシ,Akaiwa-shi,,,,,,,,,,大屋下,オオヤシモ,,,0,0,0,1,0,0,2,0,1947-04-17,,1,,,,,,,,,,,,,,,,
332135,0003000,1,岡山県,オカヤマケン,Okayama,,,,赤磐市,アカイワシ,Akaiwa-shi,,,,石上,イシカミ,Ishikami,,,,,,,,0,0,0,0,0,0,1,1,1947-04-17,,0,7012445,,,,,,,,,,,,,,,
332135,0004000,1,岡山県,オカヤマケン,Okayama,,,,赤磐市,アカイワシ,Akaiwa-shi,,,,五日市,イツカイチ,Itsukaichi,,,,,,,,0,0,0,0,0,0,1,1,1947-04-17,,0,7090831,,,,,,,,,,,,,,,
332135,0006000,1,岡山県,オカヤマケン,Okayama,,,,赤磐市,アカイワシ,Akaiwa-shi,,,,今井,イマイ,Imai,,,,,,,,0,0,0,0,0,0,1,1,1947-04-17,,0,7012213,,,,,,,,,,,,,,,
332135,0007000,1,岡山県,オカヤマケン,Okayama,,,,赤磐市,アカイワシ,Akaiwa-shi,,,,岩田,イワタ,Iwata,,,,,,,,0,0,0,0,0,0,1,1,1947-04-17,,0,7090822,,,,,,,,,,,,,,,
332135,0009000,1,岡山県,オカヤマケン,Okayama,,,,赤磐市,アカイワシ,Akaiwa-shi,,,,大苅田,オオカンダ,Okanda,,,,,,,,0,0,0,0,0,0,1,1,1947-04-17,,0,7012221,,,,,,,,,,,,,,,
332135,0012000,1,岡山県,オカヤマケン,Okayama,,,,赤磐市,アカイワシ,Akaiwa-shi,,,,小鎌,オガモ,Ogamo,,,,,,,,0,0,0,0,0,0,1,1,1947-04-17,,0,7012446,,,,,,,,,,,,,,,
332135,0013000,1,岡山県,オカヤマケン,Okayama,,,,赤磐市,アカイワシ,Akaiwa-shi,,,,奥吉原,オクヨシハラ,Okuyoshihara,,,,,,,,0,0,0,0,0,0,1,1,1947-04-17,,0,7090713,,,,,,,,,,,,,,,
332135,0014000,1,岡山県,オカヤマケン,Okayama,,,,赤磐市,アカイワシ,Akaiwa-shi,,,,小瀬木,オセギ,Osegi,,,,,,,,0,0,0,0,0,0,1,1,1947-04-17,,0,7090717,,,,,,,,,,,,,,,
332135,0015000,1,岡山県,オカヤマケン,Okayama,,,,赤磐市,アカイワシ,Akaiwa-shi,,,,尾谷,オダニ,Odani,,,,,,,,0,0,0,0,0,0,1,1,1947-04-17,,0,7090806,,,,,,,,,,,,,,,
332135,0016000,1,岡山県,オカヤマケン,Okayama,,,,赤磐市,アカイワシ,Akaiwa-shi,,,,可真上,カマカミ,Kamakami,,,,,,,,0,0,0,0,0,0,1,1,1947-04-17,,0,7090733,,,,,,,,,,,,,,,
332135,0017000,1,岡山県,オカヤマケン,Okayama,,,,赤磐市,アカイワシ,Akaiwa-shi,,,,可真下,カマシモ,Kamashimo,,,,,,,,0,0,0,0,0,0,1,1,1947-04-17,,0,7090732,,,,,,,,,,,,,,,
332135,0018000,1,岡山県,オカヤマケン,Okayama,,,,赤磐市,アカイワシ,Akaiwa-shi,,,,上市,カミイチ,Kamiichi,,,,,,,,0,0,0,0,0,0,1,1,1947-04-17,,0,7090817,,,,,,,,,,,,,,,
332135,0019000,1,岡山県,オカヤマケン,Okayama,,,,赤磐市,アカイワシ,Akaiwa-shi,,,,上仁保,カミニボ,Kaminibo,,,,,,,,0,0,0,0,0,0,1,1,1947-04-17,,0,7090837,,,,,,,,,,,,,,,
332135,0020000,1,岡山県,オカヤマケン,Okayama,,,,赤磐市,アカイワシ,Akaiwa-shi,,,,鴨前,カモサキ,Kamosaki,,,,,,,,0,0,0,0,0,0,1,1,1947-04-17,,0,7090834,,,,,,,,,,,,,,,
332135,0021000,1,岡山県,オカヤマケン,Okayama,,,,赤磐市,アカイワシ,Akaiwa-shi,,,,河田原,カワタハラ,Kawatahara,,,,,,,,0,0,0,0,0,0,1,1,1947-04-17,,0,7090719,,,,,,,,,,,,,,,
332135,0023000,1,岡山県,オカヤマケン,Okayama,,,,赤磐市,アカイワシ,Akaiwa-shi,,,,北佐古田,キタサコダ,Kitasakoda,,,,,,,,0,0,0,0,0,0,1,1,1947-04-17,,0,7012211,,,,,,,,,,,,,,,
332135,0024000,1,岡山県,オカヤマケン,Okayama,,,,赤磐市,アカイワシ,Akaiwa-shi,,,,草生,クソウ,Kuso,,,,,,,,0,0,0,0,0,0,1,1,1947-04-17,,0,7012502,,,,,,,,,,,,,,,
332135,0025000,1,岡山県,オカヤマケン,Okayama,,,,赤磐市,アカイワシ,Akaiwa-shi,,,,熊崎,クマザキ,Kumazaki,,,,,,,,0,0,0,0,0,0,1,1,1947-04-17,,0,7090833,,,,,,,,,,,,,,,
332135,0028000,1,岡山県,オカヤマケン,Okayama,,,,赤磐市,アカイワシ,Akaiwa-shi,,,,黒本,クロモト,Kuromoto,,,,,,,,0,0,0,0,0,0,1,1,1947-04-17,,0,7012521,,,,,,,,,,,,,,,
332135,0029000,1,岡山県,オカヤマケン,Okayama,,,,赤磐市,アカイワシ,Akaiwa-shi,,,,光木,コウキ,Koki,,,,,,,,0,0,0,0,0,0,1,1,1947-04-17,,0,7012515,,,,,,,,,,,,,,,
332135,0031000,1,岡山県,オカヤマケン,Okayama,,,,赤磐市,アカイワシ,Akaiwa-shi,,,,河本,コウモト,Komoto,,,,,,,,0,0,0,0,0,0,1,1,1947-04-17,,0,7090821,,,,,,,,,,,,,,,
332135,0033000,1,岡山県,オカヤマケン,Okayama,,,,赤磐市,アカイワシ,Akaiwa-shi,,,,是里,コレサト,Koresato,,,,,,,,0,0,0,0,0,0,1,1,1947-04-17,,0,7012525,,,,,,,,,,,,,,,
332135,0034000,1,岡山県,オカヤマケン,Okayama,,,,赤磐市,アカイワシ,Akaiwa-shi,,,,斎富,サイドミ,Saidomi,,,,,,,,0,0,0,0,0,0,1,1,1947-04-17,,0,7090813,,,,,,,,,,,,,,,
332135,0035000,1,岡山県,オカヤマケン,Okayama,,,,赤磐市,アカイワシ,Akaiwa-shi,,,,坂辺,サカナベ,Sakanabe,,,,,,,,0,0,0,0,0,0,1,1,1947-04-17,,0,7012202,,,,,,,,,,,,,,,
332135,0036001,2,岡山県,オカヤマケン,Okayama,,,,赤磐市,アカイワシ,Akaiwa-shi,,,,桜が丘西,サクラガオカニシ,Sakuragaokanishi,１丁目,１チョウメ,1,,,,,0,0,0,0,0,0,1,1,1947-04-17,,0,,,,,,,,,,,,,,,,
332135,0036002,2,岡山県,オカヤマケン,Okayama,,,,赤磐市,アカイワシ,Akaiwa-shi,,,,桜が丘西,サクラガオカニシ,Sakuragaokanishi,２丁目,２チョウメ,2,,,,,0,0,0,0,0,0,1,1,1947-04-17,,0,,,,,,,,,,,,,,,,
332135,0036003,2,岡山県,オカヤマケン,Okayama,,,,赤磐市,アカイワシ,Akaiwa-shi,,,,桜が丘西,サクラガオカニシ,Sakuragaokanishi,３丁目,３チョウメ,3,,,,,0,0,0,0,0,0,1,1,1947-04-17,,0,,,,,,,,,,,,,,,,
332135,0036004,2,岡山県,オカヤマケン,Okayama,,,,赤磐市,アカイワシ,Akaiwa-shi,,,,桜が丘西,サクラガオカニシ,Sakuragaokanishi,４丁目,４チョウメ,4,,,,,0,0,0,0,0,0,1,1,1947-04-17,,0,,,,,,,,,,,,,,,,
332135,0036005,2,岡山県,オカヤマケン,Okayama,,,,赤磐市,アカイワシ,Akaiwa-shi,,,,桜が丘西,サクラガオカニシ,Sakuragaokanishi,５丁目,５チョウメ,5,,,,,0,0,0,0,0,0,1,1,1947-04-17,,0,,,,,,,,,,,,,,,,
332135,0036006,2,岡山県,オカヤマケン,Okayama,,,,赤磐市,アカイワシ,Akaiwa-shi,,,,桜が丘西,サクラガオカニシ,Sakuragaokanishi,６丁目,６チョウメ,6,,,,,0,0,0,0,0,0,1,1,1947-04-17,,0,,,,,,,,,,,,,,,,
332135,0036007,2,岡山県,オカヤマケン,Okayama,,,,赤磐市,アカイワシ,Akaiwa-shi,,,,桜が丘西,サクラガオカニシ,Sakuragaokanishi,７丁目,７チョウメ,7,,,,,0,0,0,0,0,0,1,1,1947-04-17,,0,,,,,,,,,,,,,,,,
332135,0036008,2,岡山県,オカヤマケン,Okayama,,,,赤磐市,アカイワシ,Akaiwa-shi,,,,桜が丘西,サクラガオカニシ,Sakuragaokanishi,８丁目,８チョウメ,8,,,,,0,0,0,0,0,0,1,1,1947-04-17,,0,,,,,,,,,,,,,,,,
332135,0036009,2,岡山県,オカヤマケン,Okayama,,,,赤磐市,アカイワシ,Akaiwa-shi,,,,桜が丘西,サクラガオカニシ,Sakuragaokanishi,９丁目,９チョウメ,9,,,,,0,0,0,0,0,0,1,1,1947-04-17,,0,,,,,,,,,,,,,,,,
332135,0036010,2,岡山県,オカヤマケン,Okayama,,,,赤磐市,アカイワシ,Akaiwa-shi,,,,桜が丘西,サクラガオカニシ,Sakuragaokanishi,１０丁目,１０チョウメ,10,,,,,0,0,0,0,0,0,1,1,1947-04-17,,0,,,,,,,,,,,,,,,,
332135,0037001,2,岡山県,オカヤマケン,Okayama,,,,赤磐市,アカイワシ,Akaiwa-shi,,,,桜が丘東,サクラガオカヒガシ,Sakuragaokahigashi,１丁目,１チョウメ,1,,,,,0,0,0,0,0,0,1,1,1947-04-17,,0,,,,,,,,,,,,,,,,
332135,0037002,2,岡山県,オカヤマケン,Okayama,,,,赤磐市,アカイワシ,Akaiwa-shi,,,,桜が丘東,サクラガオカヒガシ,Sakuragaokahigashi,２丁目,２チョウメ,2,,,,,0,0,0,0,0,0,1,1,1947-04-17,,0,,,,,,,,,,,,,,,,
332135,0037003,2,岡山県,オカヤマケン,Okayama,,,,赤磐市,アカイワシ,Akaiwa-shi,,,,桜が丘東,サクラガオカヒガシ,Sakuragaokahigashi,３丁目,３チョウメ,3,,,,,0,0,0,0,0,0,1,1,1947-04-17,,0,,,,,,,,,,,,,,,,
332135,0037004,2,岡山県,オカヤマケン,Okayama,,,,赤磐市,アカイワシ,Akaiwa-shi,,,,桜が丘東,サクラガオカヒガシ,Sakuragaokahigashi,４丁目,４チョウメ,4,,,,,0,0,0,0,0,0,1,1,1947-04-17,,0,,,,,,,,,,,,,,,,
332135,0037005,2,岡山県,オカヤマケン,Okayama,,,,赤磐市,アカイワシ,Akaiwa-shi,,,,桜が丘東,サクラガオカヒガシ,Sakuragaokahigashi,５丁目,５チョウメ,5,,,,,0,0,0,0,0,0,1,1,1947-04-17,,0,,,,,,,,,,,,,,,,
332135,0037006,2,岡山県,オカヤマケン,Okayama,,,,赤磐市,アカイワシ,Akaiwa-shi,,,,桜が丘東,サクラガオカヒガシ,Sakuragaokahigashi,６丁目,６チョウメ,6,,,,,0,0,0,0,0,0,1,1,1947-04-17,,0,,,,,,,,,,,,,,,,
332135,0040001,2,岡山県,オカヤマケン,Okayama,,,,赤磐市,アカイワシ,Akaiwa-shi,,,,山陽,サンヨウ,Sanyo,１丁目,１チョウメ,1,,,,,0,0,0,0,0,0,1,1,1947-04-17,,0,,,,,,,,,,,,,,,,
332135,0040002,2,岡山県,オカヤマケン,Okayama,,,,赤磐市,アカイワシ,Akaiwa-shi,,,,山陽,サンヨウ,Sanyo,２丁目,２チョウメ,2,,,,,0,0,0,0,0,0,1,1,1947-04-17,,0,,,,,,,,,,,,,,,,
332135,0040003,2,岡山県,オカヤマケン,Okayama,,,,赤磐市,アカイワシ,Akaiwa-shi,,,,山陽,サンヨウ,Sanyo,３丁目,３チョウメ,3,,,,,0,0,0,0,0,0,1,1,1947-04-17,,0,,,,,,,,,,,,,,,,
332135,0040004,2,岡山県,オカヤマケン,Okayama,,,,赤磐市,アカイワシ,Akaiwa-shi,,,,山陽,サンヨウ,Sanyo,４丁目,４チョウメ,4,,,,,0,0,0,0,0,0,1,1,1947-04-17,,0,,,,,,,,,,,,,,,,
332135,0040005,2,岡山県,オカヤマケン,Okayama,,,,赤磐市,アカイワシ,Akaiwa-shi,,,,山陽,サンヨウ,Sanyo,５丁目,５チョウメ,5,,,,,0,0,0,0,0,0,1,1,1947-04-17,,0,,,,,,,,,,,,,,,,
332135,0040006,2,岡山県,オカヤマケン,Okayama,,,,赤磐市,アカイワシ,Akaiwa-shi,,,,山陽,サンヨウ,Sanyo,６丁目,６チョウメ,6,,,,,0,0,0,0,0,0,1,1,1947-04-17,,0,,,,,,,,,,,,,,,,
332135,0040007,2,岡山県,オカヤマケン,Okayama,,,,赤磐市,アカイワシ,Akaiwa-shi,,,,山陽,サンヨウ,Sanyo,７丁目,７チョウメ,7,,,,,0,0,0,0,0,0,1,1,1947-04-17,,0,,,,,,,,,,,,,,,,
332135,0041000,1,岡山県,オカヤマケン,Okayama,,,,赤磐市,アカイワシ,Akaiwa-shi,,,,塩木,シオギ,Shiogi,,,,,,,,0,0,0,0,0,0,1,1,1947-04-17,,0,7012432,,,,,,,,,,,,,,,
332135,0042000,1,岡山県,オカヤマケン,Okayama,,,,赤磐市,アカイワシ,Akaiwa-shi,,,,下市,シモイチ,Shimoichi,,,,,,,,0,0,0,0,0,0,1,1,1947-04-17,,0,7090816,,,,,,,,,,,,,,,
332135,0043000,1,岡山県,オカヤマケン,Okayama,,,,赤磐市,アカイワシ,Akaiwa-shi,,,,下仁保,シモニボ,Shimonibo,,,,,,,,0,0,0,0,0,0,1,1,1947-04-17,,0,7090836,,,,,,,,,,,,,,,
332135,0044000,1,岡山県,オカヤマケン,Okayama,,,,赤磐市,アカイワシ,Akaiwa-shi,,,,酌田,シャクダ,Shakuda,,,,,,,,0,0,0,0,0,0,1,1,1947-04-17,,0,7090701,,,,,,,,,,,,,,,
332135,0045000,1,岡山県,オカヤマケン,Okayama,,,,赤磐市,アカイワシ,Akaiwa-shi,,,,石蓮寺,シャクレンジ,Shakurenji,,,,,,,,0,0,0,0,0,0,1,1,1947-04-17,,0,7090731,,,,,,,,,,,,,,,
332135,0046000,1,岡山県,オカヤマケン,Okayama,,,,赤磐市,アカイワシ,Akaiwa-shi,,,,正崎,ショウザキ,Shozaki,,,,,,,,0,0,0,0,0,0,1,1,1947-04-17,,0,7090832,,,,,,,,,,,,,,,
332135,0048000,1,岡山県,オカヤマケン,Okayama,,,,赤磐市,アカイワシ,Akaiwa-shi,,,,勢力,セイリキ,Seiriki,,,,,,,,0,0,0,0,0,0,1,1,1947-04-17,,0,7090715,,,,,,,,,,,,,,,
332135,0049000,1,岡山県,オカヤマケン,Okayama,,,,赤磐市,アカイワシ,Akaiwa-shi,,,,千躰,センダ,Senda,,,,,,,,0,0,0,0,0,0,1,1,1947-04-17,,0,7090714,,,,,,,,,,,,,,,
332135,0050000,1,岡山県,オカヤマケン,Okayama,,,,赤磐市,アカイワシ,Akaiwa-shi,,,,惣分,ソウブン,Sobun,,,,,,,,0,0,0,0,0,0,1,1,1947-04-17,,0,7012203,,,,,,,,,,,,,,,
332135,0053000,1,岡山県,オカヤマケン,Okayama,,,,赤磐市,アカイワシ,Akaiwa-shi,,,,滝山,タキヤマ,Takiyama,,,,,,,,0,0,0,0,0,0,1,1,1947-04-17,,0,7012524,,,,,,,,,,,,,,,
332135,0054000,1,岡山県,オカヤマケン,Okayama,,,,赤磐市,アカイワシ,Akaiwa-shi,,,,立川,タツカワ,Tatsukawa,,,,,,,,0,0,0,0,0,0,1,1,1947-04-17,,0,7090815,,,,,,,,,,,,,,,
332135,0055000,1,岡山県,オカヤマケン,Okayama,,,,赤磐市,アカイワシ,Akaiwa-shi,,,,津崎,ツザキ,Tsuzaki,,,,,,,,0,0,0,0,0,0,1,1,1947-04-17,,0,7090807,,,,,,,,,,,,,,,
332135,0056000,1,岡山県,オカヤマケン,Okayama,,,,赤磐市,アカイワシ,Akaiwa-shi,,,,釣井,ツルイ,Tsurui,,,,,,,,0,0,0,0,0,0,1,1,1947-04-17,,0,7090718,,,,,,,,,,,,,,,
332135,0057000,1,岡山県,オカヤマケン,Okayama,,,,赤磐市,アカイワシ,Akaiwa-shi,,,,斗有,トアリ,Toari,,,,,,,,0,0,0,0,0,0,1,1,1947-04-17,,0,7090838,,,,,,,,,,,,,,,
332135,0058000,1,岡山県,オカヤマケン,Okayama,,,,赤磐市,アカイワシ,Akaiwa-shi,,,,徳富,トクドミ,Tokudomi,,,,,,,,0,0,0,0,0,0,1,1,1947-04-17,,0,7090716,,,,,,,,,,,,,,,
332135,0060000,1,岡山県,オカヤマケン,Okayama,,,,赤磐市,アカイワシ,Akaiwa-shi,,,,殿谷,トノダニ,Tonodani,,,,,,,,0,0,0,0,0,0,1,1,1947-04-17,,0,7090703,,,,,,,,,,,,,,,
332135,0061000,1,岡山県,オカヤマケン,Okayama,,,,赤磐市,アカイワシ,Akaiwa-shi,,,,長尾,ナガオ,Nagao,,,,,,,,0,0,0,0,0,0,1,1,1947-04-17,,0,7090823,,,,,,,,,,,,,,,
332135,0062000,1,岡山県,オカヤマケン,Okayama,,,,赤磐市,アカイワシ,Akaiwa-shi,,,,中島,ナカシマ,Nakashima,,,,,,,,0,0,0,0,0,0,1,1,1947-04-17,,0,7090803,,,,,,,,,,,,,,,
332135,0063000,1,岡山県,オカヤマケン,Okayama,,,,赤磐市,アカイワシ,Akaiwa-shi,,,,中勢実,ナカセイジツ,Nakaseijitsu,,,,,,,,0,0,0,0,0,0,1,1,1947-04-17,,0,7012437,,,,,,,,,,,,,,,
332135,0064000,1,岡山県,オカヤマケン,Okayama,,,,赤磐市,アカイワシ,Akaiwa-shi,,,,中畑,ナカハタ,Nakahata,,,,,,,,0,0,0,0,0,0,1,1,1947-04-17,,0,7012444,,,,,,,,,,,,,,,
332135,0066000,1,岡山県,オカヤマケン,Okayama,,,,赤磐市,アカイワシ,Akaiwa-shi,,,,西軽部,ニシカルベ,Nishikarube,,,,,,,,0,0,0,0,0,0,1,1,1947-04-17,,0,7012215,,,,,,,,,,,,,,,
332135,0067000,1,岡山県,オカヤマケン,Okayama,,,,赤磐市,アカイワシ,Akaiwa-shi,,,,西窪田,ニシクボタ,Nishikubota,,,,,,,,0,0,0,0,0,0,1,1,1947-04-17,,0,7012224,,,,,,,,,,,,,,,
332135,0068000,1,岡山県,オカヤマケン,Okayama,,,,赤磐市,アカイワシ,Akaiwa-shi,,,,西勢実,ニシセイジツ,Nishiseijitsu,,,,,,,,0,0,0,0,0,0,1,1,1947-04-17,,0,7012441,,,,,,,,,,,,,,,
332135,0069000,1,岡山県,オカヤマケン,Okayama,,,,赤磐市,アカイワシ,Akaiwa-shi,,,,西中,ニシナカ,Nishinaka,,,,,,,,0,0,0,0,0,0,1,1,1947-04-17,,0,7090835,,,,,,,,,,,,,,,
332135,0070000,1,岡山県,オカヤマケン,Okayama,,,,赤磐市,アカイワシ,Akaiwa-shi,,,,仁堀中,ニボリナカ,Niborinaka,,,,,,,,0,0,0,0,0,0,1,1,1947-04-17,,0,7012435,,,,,,,,,,,,,,,
332135,0073000,1,岡山県,オカヤマケン,Okayama,,,,赤磐市,アカイワシ,Akaiwa-shi,,,,沼田,ヌタ,Nuta,,,,,,,,0,0,0,0,0,0,1,1,1947-04-17,,0,7090812,,,,,,,,,,,,,,,
332135,0074000,1,岡山県,オカヤマケン,Okayama,,,,赤磐市,アカイワシ,Akaiwa-shi,,,,野間,ノマ,Noma,,,,,,,,0,0,0,0,0,0,1,1,1947-04-17,,0,7090735,,,,,,,,,,,,,,,
332135,0076000,1,岡山県,オカヤマケン,Okayama,,,,赤磐市,アカイワシ,Akaiwa-shi,,,,東軽部,ヒガシカルベ,Higashikarube,,,,,,,,0,0,0,0,0,0,1,1,1947-04-17,,0,7012214,,,,,,,,,,,,,,,
332135,0077000,1,岡山県,オカヤマケン,Okayama,,,,赤磐市,アカイワシ,Akaiwa-shi,,,,東窪田,ヒガシクボタ,Higashikubota,,,,,,,,0,0,0,0,0,0,1,1,1947-04-17,,0,7012223,,,,,,,,,,,,,,,
332135,0078000,1,岡山県,オカヤマケン,Okayama,,,,赤磐市,アカイワシ,Akaiwa-shi,,,,日古木,ヒコギ,Hikogi,,,,,,,,0,0,0,0,0,0,1,1,1947-04-17,,0,7090804,,,,,,,,,,,,,,,
332135,0079000,1,岡山県,オカヤマケン,Okayama,,,,赤磐市,アカイワシ,Akaiwa-shi,,,,平山,ヒラヤマ,Hirayama,,,,,,,,0,0,0,0,0,0,1,1,1947-04-17,,0,7012433,,,,,,,,,,,,,,,
332135,0080000,1,岡山県,オカヤマケン,Okayama,,,,赤磐市,アカイワシ,Akaiwa-shi,,,,広戸,ヒロド,Hirodo,,,,,,,,0,0,0,0,0,0,1,1,1947-04-17,,0,7012442,,,,,,,,,,,,,,,
332135,0082000,1,岡山県,オカヤマケン,Okayama,,,,赤磐市,アカイワシ,Akaiwa-shi,,,,二井,フタイ,Futai,,,,,,,,0,0,0,0,0,0,1,1,1947-04-17,,0,7090805,,,,,,,,,,,,,,,
332135,0083000,1,岡山県,オカヤマケン,Okayama,,,,赤磐市,アカイワシ,Akaiwa-shi,,,,穂崎,ホサキ,Hosaki,,,,,,,,0,0,0,0,0,0,1,1,1947-04-17,,0,7090824,,,,,,,,,,,,,,,
332135,0084000,1,岡山県,オカヤマケン,Okayama,,,,赤磐市,アカイワシ,Akaiwa-shi,,,,町苅田,マチカンダ,Machikanda,,,,,,,,0,0,0,0,0,0,1,1,1947-04-17,,0,7012222,,,,,,,,,,,,,,,
332135,0086000,1,岡山県,オカヤマケン,Okayama,,,,赤磐市,アカイワシ,Akaiwa-shi,,,,馬屋,マヤ,Maya,,,,,,,,0,0,0,0,0,0,1,1,1947-04-17,,0,7090825,,,,,,,,,,,,,,,
332135,0087000,1,岡山県,オカヤマケン,Okayama,,,,赤磐市,アカイワシ,Akaiwa-shi,,,,南方,ミナミガタ,Minamigata,,,,,,,,0,0,0,0,0,0,1,1,1947-04-17,,0,7090814,,,,,,,,,,,,,,,
332135,0088000,1,岡山県,オカヤマケン,Okayama,,,,赤磐市,アカイワシ,Akaiwa-shi,,,,南佐古田,ミナミサコダ,Minamisakoda,,,,,,,,0,0,0,0,0,0,1,1,1947-04-17,,0,7012212,,,,,,,,,,,,,,,
332135,0089000,1,岡山県,オカヤマケン,Okayama,,,,赤磐市,アカイワシ,Akaiwa-shi,,,,弥上,ヤガミ,Yagami,,,,,,,,0,0,0,0,0,0,1,1,1947-04-17,,0,7090734,,,,,,,,,,,,,,,
332135,0091000,1,岡山県,オカヤマケン,Okayama,,,,赤磐市,アカイワシ,Akaiwa-shi,,,,山口,ヤマグチ,Yamaguchi,,,,,,,,0,0,0,0,0,0,1,1,1947-04-17,,0,7012225,,,,,,,,,,,,,,,
332135,0092000,1,岡山県,オカヤマケン,Okayama,,,,赤磐市,アカイワシ,Akaiwa-shi,,,,山手,ヤマテ,Yamate,,,,,,,,0,0,0,0,0,0,1,1,1947-04-17,,0,7012204,,,,,,,,,,,,,,,
332135,0093000,1,岡山県,オカヤマケン,Okayama,,,,赤磐市,アカイワシ,Akaiwa-shi,,,,由津里,ユヅリ,Yuzuri,,,,,,,,0,0,0,0,0,0,1,1,1947-04-17,,0,7012226,,,,,,,,,,,,,,,
332135,0095000,1,岡山県,オカヤマケン,Okayama,,,,赤磐市,アカイワシ,Akaiwa-shi,,,,八島田,ヤシマダ,,,,,,,,,0,0,0,0,0,0,1,0,1947-04-17,,1,,,,,,,,,,,,,,,,
332135,0096000,1,岡山県,オカヤマケン,Okayama,,,,赤磐市,アカイワシ,Akaiwa-shi,,,,稲蒔,イナマキ,,,,,,,,,0,0,0,0,0,0,1,0,1947-04-17,,1,,,,,,,,,,,,,,,,
332135,0097000,1,岡山県,オカヤマケン,Okayama,,,,赤磐市,アカイワシ,Akaiwa-shi,,,,河原屋,カワラヤ,,,,,,,,,0,0,0,0,0,0,1,0,1947-04-17,,1,,,,,,,,,,,,,,,,
332135,0098000,1,岡山県,オカヤマケン,Okayama,,,,赤磐市,アカイワシ,Akaiwa-shi,,,,戸津野,トツノ,,,,,,,,,0,0,0,0,0,0,1,0,1947-04-17,,1,,,,,,,,,,,,,,,,
332135,0099000,1,岡山県,オカヤマケン,Okayama,,,,赤磐市,アカイワシ,Akaiwa-shi,,,,高屋,タカヤ,Takaya,,,,,,,,0,0,0,0,0,0,1,0,1947-04-17,,1,7090811,,,,,,,,,,,,,,,
332135,0100000,1,岡山県,オカヤマケン,Okayama,,,,赤磐市,アカイワシ,Akaiwa-shi,,,,合田,アイダ,,,,,,,,,0,0,0,0,0,0,1,0,1947-04-17,,1,,,,,,,,,,,,,,,,
332135,0101000,1,岡山県,オカヤマケン,Okayama,,,,赤磐市,アカイワシ,Akaiwa-shi,,,,黒沢,クロサワ,,,,,,,,,0,0,0,0,0,0,1,0,1947-04-17,,1,,,,,,,,,,,,,,,,
332135,0102000,1,岡山県,オカヤマケン,Okayama,,,,赤磐市,アカイワシ,Akaiwa-shi,,,,周匝,スサイ,,,,,,,,,0,0,0,0,0,0,1,0,1947-04-17,,1,,,,,,,,,,,,,,,,
332135,0103000,1,岡山県,オカヤマケン,Okayama,,,,赤磐市,アカイワシ,Akaiwa-shi,,,,小原,コバラ,,,,,,,,,0,0,0,0,0,0,1,0,1947-04-17,,1,,,,,,,,,,,,,,,,
332135,0104000,1,岡山県,オカヤマケン,Okayama,,,,赤磐市,アカイワシ,Akaiwa-shi,,,,神田,コウダ,,,,,,,,,0,0,0,0,0,0,1,0,1947-04-17,,1,,,,,,,,,,,,,,,,
332135,0105000,1,岡山県,オカヤマケン,Okayama,,,,赤磐市,アカイワシ,Akaiwa-shi,,,,仁堀西,ニボリニシ,,,,,,,,,0,0,0,0,0,0,1,0,1947-04-17,,1,,,,,,,,,,,,,,,,
332135,0106000,1,岡山県,オカヤマケン,Okayama,,,,赤磐市,アカイワシ,Akaiwa-shi,,,,仁堀東,ニボリヒガシ,,,,,,,,,0,0,0,0,0,0,1,0,1947-04-17,,1,,,,,,,,,,,,,,,,
332135,0107000,1,岡山県,オカヤマケン,Okayama,,,,赤磐市,アカイワシ,Akaiwa-shi,,,,石,イシ,,,,,,,,,0,0,0,0,0,0,1,0,1947-04-17,,1,,,,,,,,,,,,,,,,
332135,0108000,1,岡山県,オカヤマケン,Okayama,,,,赤磐市,アカイワシ,Akaiwa-shi,,,,多賀,タガ,,,,,,,,,0,0,0,0,0,0,1,0,1947-04-17,,1,,,,,,,,,,,,,,,,
332135,0109000,1,岡山県,オカヤマケン,Okayama,,,,赤磐市,アカイワシ,Akaiwa-shi,,,,大屋,オオヤ,,,,,,,,,0,0,0,0,0,0,1,0,1947-04-17,,1,,,,,,,,,,,,,,,,
332135,0110000,1,岡山県,オカヤマケン,Okayama,,,,赤磐市,アカイワシ,Akaiwa-shi,,,,中山,ナカヤマ,,,,,,,,,0,0,0,0,0,0,1,0,1947-04-17,,1,,,,,,,,,,,,,,,,
332135,0111000,1,岡山県,オカヤマケン,Okayama,,,,赤磐市,アカイワシ,Akaiwa-shi,,,,福田,フクダ,,,,,,,,,0,0,0,0,0,0,1,0,1947-04-17,,1,,,,,,,,,,,,,,,,
332135,0112000,1,岡山県,オカヤマケン,Okayama,,,,赤磐市,アカイワシ,Akaiwa-shi,,,,暮田,クレダ,,,,,,,,,0,0,0,0,0,0,1,0,1947-04-17,,1,,,,,,,,,,,,,,,,
332135,0113000,1,岡山県,オカヤマケン,Okayama,,,,赤磐市,アカイワシ,Akaiwa-shi,,,,和田,ワダ,,,,,,,,,0,0,0,0,0,0,1,0,1947-04-17,,1,,,,,,,,,,,,,,,,
332135,0115000,1,岡山県,オカヤマケン,Okayama,,,,赤磐市,アカイワシ,Akaiwa-shi,,,,佐古,サコ,,,,,,,,,0,0,0,0,0,0,1,0,1947-04-17,,1,,,,,,,,,,,,,,,,
332135,0116000,1,岡山県,オカヤマケン,Okayama,,,,赤磐市,アカイワシ,Akaiwa-shi,,,,円光寺,エンコウジ,,,,,,,,,0,0,0,0,0,0,1,0,1947-04-17,,1,,,,,,,,,,,,,,,,
332135,0117000,1,岡山県,オカヤマケン,Okayama,,,,赤磐市,アカイワシ,Akaiwa-shi,,,,吉原,ヨシハラ,,,,,,,,,0,0,0,0,0,0,1,0,1947-04-17,,1,,,,,,,,,,,,,,,,
332135,0118000,1,岡山県,オカヤマケン,Okayama,,,,赤磐市,アカイワシ,Akaiwa-shi,,,,岡,オカ,,,,,,,,,0,0,0,0,0,0,1,0,1947-04-17,,1,,,,,,,,,,,,,,,,
332135,0119000,1,岡山県,オカヤマケン,Okayama,,,,赤磐市,アカイワシ,Akaiwa-shi,,,,松木,マツキ,,,,,,,,,0,0,0,0,0,0,1,0,1947-04-17,,1,,,,,,,,,,,,,,,,
332135,0120000,1,岡山県,オカヤマケン,Okayama,,,,赤磐市,アカイワシ,Akaiwa-shi,,,,沢原,サワハラ,,,,,,,,,0,0,0,0,0,0,1,0,1947-04-17,,1,,,,,,,,,,,,,,,,
332135,0121000,1,岡山県,オカヤマケン,Okayama,,,,赤磐市,アカイワシ,Akaiwa-shi,,,,稗田,ヒエダ,,,,,,,,,0,0,0,0,0,0,1,0,1947-04-17,,1,,,,,,,,,,,,,,,,
332143,0001000,1,岡山県,オカヤマケン,Okayama,,,,真庭市,マニワシ,Maniwa-shi,,,,赤野,アカノ,Akano,,,,,,,,0,0,0,0,0,0,1,1,1947-04-17,,0,7193101,,,,,,,,,,,,,,,
332143,0002000,1,岡山県,オカヤマケン,Okayama,,,,真庭市,マニワシ,Maniwa-shi,,,,阿口,アクチ,Akuchi,,,,,,,,0,0,0,0,0,0,1,1,1947-04-17,,0,7161431,,,,,,,,,,,,,,,
332143,0004000,1,岡山県,オカヤマケン,Okayama,,,,真庭市,マニワシ,Maniwa-shi,,,,粟谷,アワダニ,Awadani,,,,,,,,0,0,0,0,0,0,1,1,1947-04-17,,0,7170421,,,,,,,,,,,,,,,
332143,0005000,1,岡山県,オカヤマケン,Okayama,,,,真庭市,マニワシ,Maniwa-shi,,,,一色,イシキ,Ishiki,,,,,,,,0,0,0,0,0,0,1,1,1947-04-17,,0,7193151,,,,,,,,,,,,,,,
332143,0006000,1,岡山県,オカヤマケン,Okayama,,,,真庭市,マニワシ,Maniwa-shi,,,,禾津,イナツ,Inatsu,,,,,,,,0,0,0,0,0,0,1,1,1947-04-17,,0,7170413,,,,,,,,,,,,,,,
332143,0008000,1,岡山県,オカヤマケン,Okayama,,,,真庭市,マニワシ,Maniwa-shi,,,,岩井谷,イワイダニ,Iwaidani,,,,,,,,0,0,0,0,0,0,1,1,1947-04-17,,0,7170744,,,,,,,,,,,,,,,
332143,0009000,1,岡山県,オカヤマケン,Okayama,,,,真庭市,マニワシ,Maniwa-shi,,,,上山,ウエヤマ,Ueyama,,,,,,,,0,0,0,0,0,0,1,1,1947-04-17,,0,7193131,,,,,,,,,,,,,,,
332143,0010000,1,岡山県,オカヤマケン,Okayama,,,,真庭市,マニワシ,Maniwa-shi,,,,後谷,ウシロダニ,Ushirodani,,,,,,,,0,0,0,0,0,0,1,1,1947-04-17,,0,7170742,,,,,,,,,,,,,,,
332143,0011000,1,岡山県,オカヤマケン,Okayama,,,,真庭市,マニワシ,Maniwa-shi,,,,後谷畝,ウシロダニウネ,Ushirodaniune,,,,,,,,0,0,0,0,0,0,1,1,1947-04-17,,0,7170025,,,,,,,,,,,,,,,
332143,0012000,1,岡山県,オカヤマケン,Okayama,,,,真庭市,マニワシ,Maniwa-shi,,,,江川,エガワ,Egawa,,,,,,,,0,0,0,0,0,0,1,1,1947-04-17,,0,7170023,,,,,,,,,,,,,,,
332143,0015000,1,岡山県,オカヤマケン,Okayama,,,,真庭市,マニワシ,Maniwa-shi,,,,落合垂水,オチアイタルミ,Ochiaitarumi,,,,,,,,0,0,0,0,0,0,1,1,1947-04-17,,0,7193144,,,,,,,,,,,,,,,
332143,0016000,1,岡山県,オカヤマケン,Okayama,,,,真庭市,マニワシ,Maniwa-shi,,,,開田,カイデ,Kaide,,,,,,,,0,0,0,0,0,0,1,1,1947-04-17,,0,7193111,,,,,,,,,,,,,,,
332143,0018000,1,岡山県,オカヤマケン,Okayama,,,,真庭市,マニワシ,Maniwa-shi,,,,樫西,カシニシ,Kashinishi,,,,,,,,0,0,0,0,0,0,1,1,1947-04-17,,0,7193211,,,,,,,,,,,,,,,
332143,0019000,1,岡山県,オカヤマケン,Okayama,,,,真庭市,マニワシ,Maniwa-shi,,,,樫東,カシヒガシ,Kashihigashi,,,,,,,,0,0,0,0,0,0,1,1,1947-04-17,,0,7193223,,,,,,,,,,,,,,,
332143,0021000,1,岡山県,オカヤマケン,Okayama,,,,真庭市,マニワシ,Maniwa-shi,,,,勝山,カツヤマ,Katsuyama,,,,,,,,0,0,0,0,0,0,1,1,1947-04-17,,0,7170013,,,,,,,,,,,,,,,
332143,0022000,1,岡山県,オカヤマケン,Okayama,,,,真庭市,マニワシ,Maniwa-shi,,,,鉄山,カネヤマ,Kaneyama,,,,,,,,0,0,0,0,0,0,1,1,1947-04-17,,0,7170101,,,,,,,,,,,,,,,
332143,0023000,1,岡山県,オカヤマケン,Okayama,,,,真庭市,マニワシ,Maniwa-shi,,,,上,カミ,Kami,,,,,,,,0,0,0,0,0,0,1,1,1947-04-17,,0,7170746,,,,,,,,,,,,,,,
332143,0024000,1,岡山県,オカヤマケン,Okayama,,,,真庭市,マニワシ,Maniwa-shi,,,,上呰部,カミアザエ,Kamiazae,,,,,,,,0,0,0,0,0,0,1,1,1947-04-17,,0,7161432,,,,,,,,,,,,,,,
332143,0025000,1,岡山県,オカヤマケン,Okayama,,,,真庭市,マニワシ,Maniwa-shi,,,,上市瀬,カミイチゼ,Kamiichize,,,,,,,,0,0,0,0,0,0,1,1,1947-04-17,,0,7193141,,,,,,,,,,,,,,,
332143,0026000,1,岡山県,オカヤマケン,Okayama,,,,真庭市,マニワシ,Maniwa-shi,,,,上河内,カミゴウチ,Kamigochi,,,,,,,,0,0,0,0,0,0,1,1,1947-04-17,,0,7193121,,,,,,,,,,,,,,,
332143,0027000,1,岡山県,オカヤマケン,Okayama,,,,真庭市,マニワシ,Maniwa-shi,,,,上中津井,カミナカツイ,Kaminakatsui,,,,,,,,0,0,0,0,0,0,1,1,1947-04-17,,0,7161422,,,,,,,,,,,,,,,
332143,0028000,1,岡山県,オカヤマケン,Okayama,,,,真庭市,マニワシ,Maniwa-shi,,,,上水田,カミミズタ,Kamimizuta,,,,,,,,0,0,0,0,0,0,1,1,1947-04-17,,0,7161411,,,,,,,,,,,,,,,
332143,0029000,1,岡山県,オカヤマケン,Okayama,,,,真庭市,マニワシ,Maniwa-shi,,,,神庭,カンバ,Kamba,,,,,,,,0,0,0,0,0,0,1,1,1947-04-17,,0,7170004,,,,,,,,,,,,,,,
332143,0031000,1,岡山県,オカヤマケン,Okayama,,,,真庭市,マニワシ,Maniwa-shi,,,,釘貫小川,クギヌキコガワ,Kuginukikogawa,,,,,,,,0,0,0,0,0,0,1,1,1947-04-17,,0,7170414,,,,,,,,,,,,,,,
332143,0032000,1,岡山県,オカヤマケン,Okayama,,,,真庭市,マニワシ,Maniwa-shi,,,,草加部,クサカベ,Kusakabe,,,,,,,,0,0,0,0,0,0,1,1,1947-04-17,,0,7193205,,,,,,,,,,,,,,,
332143,0033000,1,岡山県,オカヤマケン,Okayama,,,,真庭市,マニワシ,Maniwa-shi,,,,久世,クセ,Kuse,,,,,,,,0,0,0,0,0,0,1,1,1947-04-17,,0,7193201,,,,,,,,,,,,,,,
332143,0035000,1,岡山県,オカヤマケン,Okayama,,,,真庭市,マニワシ,Maniwa-shi,,,,栗原,クリハラ,Kurihara,,,,,,,,0,0,0,0,0,0,1,1,1947-04-17,,0,7193153,,,,,,,,,,,,,,,
332143,0037000,1,岡山県,オカヤマケン,Okayama,,,,真庭市,マニワシ,Maniwa-shi,,,,黒田,クロダ,Kuroda,,,,,,,,0,0,0,0,0,0,1,1,1947-04-17,,0,7170102,,,,,,,,,,,,,,,
332143,0038000,1,岡山県,オカヤマケン,Okayama,,,,真庭市,マニワシ,Maniwa-shi,,,,神,コウ,Ko,,,,,,,,0,0,0,0,0,0,1,1,1947-04-17,,0,7193206,,,,,,,,,,,,,,,
332143,0039000,1,岡山県,オカヤマケン,Okayama,,,,真庭市,マニワシ,Maniwa-shi,,,,神代,コウジロ,Kojiro,,,,,,,,0,0,0,0,0,0,1,1,1947-04-17,,0,7170027,,,,,,,,,,,,,,,
332143,0040000,1,岡山県,オカヤマケン,Okayama,,,,真庭市,マニワシ,Maniwa-shi,,,,五反,ゴタン,Gotan,,,,,,,,0,0,0,0,0,0,1,1,1947-04-17,,0,7193228,,,,,,,,,,,,,,,
332143,0041000,1,岡山県,オカヤマケン,Okayama,,,,真庭市,マニワシ,Maniwa-shi,,,,古見,コミ,Komi,,,,,,,,0,0,0,0,0,0,1,1,1947-04-17,,0,7193103,,,,,,,,,,,,,,,
332143,0042000,1,岡山県,オカヤマケン,Okayama,,,,真庭市,マニワシ,Maniwa-shi,,,,五名,ゴミョウ,Gomyo,,,,,,,,0,0,0,0,0,0,1,1,1947-04-17,,0,7161401,,,,,,,,,,,,,,,
332143,0043000,1,岡山県,オカヤマケン,Okayama,,,,真庭市,マニワシ,Maniwa-shi,,,,古呂々尾中,コロロビナカ,Kororobinaka,,,,,,,,0,0,0,0,0,0,1,1,1947-04-17,,0,7170736,,,,,,,,,,,,,,,
332143,0044000,1,岡山県,オカヤマケン,Okayama,,,,真庭市,マニワシ,Maniwa-shi,,,,佐引,サビキ,Sabiki,,,,,,,,0,0,0,0,0,0,1,1,1947-04-17,,0,7193154,,,,,,,,,,,,,,,
332143,0045000,1,岡山県,オカヤマケン,Okayama,,,,真庭市,マニワシ,Maniwa-shi,,,,三田,サンデン,Sanden,,,,,,,,0,0,0,0,0,0,1,1,1947-04-17,,0,7170022,,,,,,,,,,,,,,,
332143,0046000,1,岡山県,オカヤマケン,Okayama,,,,真庭市,マニワシ,Maniwa-shi,,,,柴原,シバラ,Shibara,,,,,,,,0,0,0,0,0,0,1,1,1947-04-17,,0,7170014,,,,,,,,,,,,,,,
332143,0047000,1,岡山県,オカヤマケン,Okayama,,,,真庭市,マニワシ,Maniwa-shi,,,,下呰部,シモアザエ,Shimoazae,,,,,,,,0,0,0,0,0,0,1,1,1947-04-17,,0,7161433,,,,,,,,,,,,,,,
332143,0048000,1,岡山県,オカヤマケン,Okayama,,,,真庭市,マニワシ,Maniwa-shi,,,,下市瀬,シモイチゼ,Shimoichize,,,,,,,,0,0,0,0,0,0,1,1,1947-04-17,,0,7193143,,,,,,,,,,,,,,,
332143,0049000,1,岡山県,オカヤマケン,Okayama,,,,真庭市,マニワシ,Maniwa-shi,,,,下岩,シモイワ,Shimoiwa,,,,,,,,0,0,0,0,0,0,1,1,1947-04-17,,0,7170735,,,,,,,,,,,,,,,
332143,0051000,1,岡山県,オカヤマケン,Okayama,,,,真庭市,マニワシ,Maniwa-shi,,,,下河内,シモゴウチ,Shimogochi,,,,,,,,0,0,0,0,0,0,1,1,1947-04-17,,0,7193122,,,,,,,,,,,,,,,
332143,0052000,1,岡山県,オカヤマケン,Okayama,,,,真庭市,マニワシ,Maniwa-shi,,,,下中津井,シモナカツイ,Shimonakatsui,,,,,,,,0,0,0,0,0,0,1,1,1947-04-17,,0,7161421,,,,,,,,,,,,,,,
332143,0053000,1,岡山県,オカヤマケン,Okayama,,,,真庭市,マニワシ,Maniwa-shi,,,,下見,シモミ,Shimomi,,,,,,,,0,0,0,0,0,0,1,1,1947-04-17,,0,7193123,,,,,,,,,,,,,,,
332143,0054000,1,岡山県,オカヤマケン,Okayama,,,,真庭市,マニワシ,Maniwa-shi,,,,下湯原,シモユバラ,Shimoyubara,,,,,,,,0,0,0,0,0,0,1,1,1947-04-17,,0,7170403,,,,,,,,,,,,,,,
332143,0057000,1,岡山県,オカヤマケン,Okayama,,,,真庭市,マニワシ,Maniwa-shi,,,,清谷,セイタニ,Seitani,,,,,,,,0,0,0,0,0,0,1,1,1947-04-17,,0,7170737,,,,,,,,,,,,,,,
332143,0058000,1,岡山県,オカヤマケン,Okayama,,,,真庭市,マニワシ,Maniwa-shi,,,,関,セキ,Seki,,,,,,,,0,0,0,0,0,0,1,1,1947-04-17,,0,7193156,,,,,,,,,,,,,,,
332143,0060000,1,岡山県,オカヤマケン,Okayama,,,,真庭市,マニワシ,Maniwa-shi,,,,台金屋,ダイカナヤ,Daikanaya,,,,,,,,0,0,0,0,0,0,1,1,1947-04-17,,0,7193227,,,,,,,,,,,,,,,
332143,0061000,1,岡山県,オカヤマケン,Okayama,,,,真庭市,マニワシ,Maniwa-shi,,,,高田山上,タカタヤマウエ,Takatayamaue,,,,,,,,0,0,0,0,0,0,1,1,1947-04-17,,0,7170732,,,,,,,,,,,,,,,
332143,0062000,1,岡山県,オカヤマケン,Okayama,,,,真庭市,マニワシ,Maniwa-shi,,,,高屋,タカヤ,Takaya,,,,,,,,0,0,0,0,0,0,1,1,1947-04-17,,0,7193114,,,,,,,,,,,,,,,
332143,0066000,1,岡山県,オカヤマケン,Okayama,,,,真庭市,マニワシ,Maniwa-shi,,,,種,タネ,Tane,,,,,,,,0,0,0,0,0,0,1,1,1947-04-17,,0,7170424,,,,,,,,,,,,,,,
332143,0067000,1,岡山県,オカヤマケン,Okayama,,,,真庭市,マニワシ,Maniwa-shi,,,,田羽根,タバネ,Tabane,,,,,,,,0,0,0,0,0,0,1,1,1947-04-17,,0,7170401,,,,,,,,,,,,,,,
332143,0068000,1,岡山県,オカヤマケン,Okayama,,,,真庭市,マニワシ,Maniwa-shi,,,,田原,タハラ,Tahara,,,,,,,,0,0,0,0,0,0,1,1,1947-04-17,,0,7193104,,,,,,,,,,,,,,,
332143,0070000,1,岡山県,オカヤマケン,Okayama,,,,真庭市,マニワシ,Maniwa-shi,,,,旦土,ダンド,Dando,,,,,,,,0,0,0,0,0,0,1,1,1947-04-17,,0,7193133,,,,,,,,,,,,,,,
332143,0072000,1,岡山県,オカヤマケン,Okayama,,,,真庭市,マニワシ,Maniwa-shi,,,,月田本,ツキダホン,Tsukidahon,,,,,,,,0,0,0,0,0,0,1,1,1947-04-17,,0,7170743,,,,,,,,,,,,,,,
332143,0073000,1,岡山県,オカヤマケン,Okayama,,,,真庭市,マニワシ,Maniwa-shi,,,,都喜足,ツギタル,Tsugitaru,,,,,,,,0,0,0,0,0,0,1,1,1947-04-17,,0,7170415,,,,,,,,,,,,,,,
332143,0075000,1,岡山県,オカヤマケン,Okayama,,,,真庭市,マニワシ,Maniwa-shi,,,,豊栄,トヨサカ,Toyosaka,,,,,,,,0,0,0,0,0,0,1,1,1947-04-17,,0,7170406,,,,,,,,,,,,,,,
332143,0076000,1,岡山県,オカヤマケン,Okayama,,,,真庭市,マニワシ,Maniwa-shi,,,,中,ナカ,Naka,,,,,,,,0,0,0,0,0,0,1,1,1947-04-17,,0,7193115,,,,,,,,,,,,,,,
332143,0080000,1,岡山県,オカヤマケン,Okayama,,,,真庭市,マニワシ,Maniwa-shi,,,,仲間,ナカマ,Nakama,,,,,,,,0,0,0,0,0,0,1,1,1947-04-17,,0,7170416,,,,,,,,,,,,,,,
332143,0081000,1,岡山県,オカヤマケン,Okayama,,,,真庭市,マニワシ,Maniwa-shi,,,,鍋屋,ナベヤ,Nabeya,,,,,,,,0,0,0,0,0,0,1,1,1947-04-17,,0,7193214,,,,,,,,,,,,,,,
332143,0082000,1,岡山県,オカヤマケン,Okayama,,,,真庭市,マニワシ,Maniwa-shi,,,,西河内,ニシゴウチ,Nishigochi,,,,,,,,0,0,0,0,0,0,1,1,1947-04-17,,0,7193145,,,,,,,,,,,,,,,
332143,0084000,1,岡山県,オカヤマケン,Okayama,,,,真庭市,マニワシ,Maniwa-shi,,,,野,ノ,No,,,,,,,,0,0,0,0,0,0,1,1,1947-04-17,,0,7170734,,,,,,,,,,,,,,,
332143,0085000,1,岡山県,オカヤマケン,Okayama,,,,真庭市,マニワシ,Maniwa-shi,,,,野川,ノガワ,Nogawa,,,,,,,,0,0,0,0,0,0,1,1,1947-04-17,,0,7193106,,,,,,,,,,,,,,,
332143,0086000,1,岡山県,オカヤマケン,Okayama,,,,真庭市,マニワシ,Maniwa-shi,,,,野原,ノハラ,Nohara,,,,,,,,0,0,0,0,0,0,1,1,1947-04-17,,0,7193134,,,,,,,,,,,,,,,
332143,0088000,1,岡山県,オカヤマケン,Okayama,,,,真庭市,マニワシ,Maniwa-shi,,,,久見,ヒサミ,Hisami,,,,,,,,0,0,0,0,0,0,1,1,1947-04-17,,0,7170405,,,,,,,,,,,,,,,
332143,0089000,1,岡山県,オカヤマケン,Okayama,,,,真庭市,マニワシ,Maniwa-shi,,,,小童谷,ヒジヤ,Hijiya,,,,,,,,0,0,0,0,0,0,1,1,1947-04-17,,0,7170425,,,,,,,,,,,,,,,
332143,0091000,1,岡山県,オカヤマケン,Okayama,,,,真庭市,マニワシ,Maniwa-shi,,,,日野上,ヒノウエ,Hinoe,,,,,,,,0,0,0,0,0,0,1,1,1947-04-17,,0,7193146,,,,,,,,,,,,,,,
332143,0092000,1,岡山県,オカヤマケン,Okayama,,,,真庭市,マニワシ,Maniwa-shi,,,,平松,ヒラマツ,Hiramatsu,,,,,,,,0,0,0,0,0,0,1,1,1947-04-17,,0,7193107,,,,,,,,,,,,,,,
332143,0093000,1,岡山県,オカヤマケン,Okayama,,,,真庭市,マニワシ,Maniwa-shi,,,,蒜山上徳山,ヒルゼンカミトクヤマ,Hiruzen Kamitokuyama,,,,,,,,0,0,0,0,0,0,1,1,1947-04-17,,0,7170612,,,,,,,,,,,,,,,
332143,0094000,1,岡山県,オカヤマケン,Okayama,,,,真庭市,マニワシ,Maniwa-shi,,,,蒜山上長田,ヒルゼンカミナガタ,Hiruzen Kaminagata,,,,,,,,0,0,0,0,0,0,1,1,1947-04-17,,0,7170505,,,,,,,,,,,,,,,
332143,0095000,1,岡山県,オカヤマケン,Okayama,,,,真庭市,マニワシ,Maniwa-shi,,,,蒜山上福田,ヒルゼンカミフクダ,Hiruzen Kamifukuda,,,,,,,,0,0,0,0,0,0,1,1,1947-04-17,,0,7170602,,,,,,,,,,,,,,,
332143,0096000,1,岡山県,オカヤマケン,Okayama,,,,真庭市,マニワシ,Maniwa-shi,,,,蒜山下和,ヒルゼンシタオ,Hiruzen Shitao,,,,,,,,0,0,0,0,0,0,1,1,1947-04-17,,0,7170513,,,,,,,,,,,,,,,
332143,0097000,1,岡山県,オカヤマケン,Okayama,,,,真庭市,マニワシ,Maniwa-shi,,,,蒜山下徳山,ヒルゼンシモトクヤマ,Hiruzen Shimotokuyama,,,,,,,,0,0,0,0,0,0,1,1,1947-04-17,,0,7170613,,,,,,,,,,,,,,,
332143,0098000,1,岡山県,オカヤマケン,Okayama,,,,真庭市,マニワシ,Maniwa-shi,,,,蒜山下長田,ヒルゼンシモナガタ,Hiruzen Shimonagata,,,,,,,,0,0,0,0,0,0,1,1,1947-04-17,,0,7170506,,,,,,,,,,,,,,,
332143,0099000,1,岡山県,オカヤマケン,Okayama,,,,真庭市,マニワシ,Maniwa-shi,,,,蒜山下福田,ヒルゼンシモフクダ,Hiruzen Shimofukuda,,,,,,,,0,0,0,0,0,0,1,1,1947-04-17,,0,7170504,,,,,,,,,,,,,,,
332143,0100000,1,岡山県,オカヤマケン,Okayama,,,,真庭市,マニワシ,Maniwa-shi,,,,蒜山下見,ヒルゼンシモミ,Hiruzen Shimomi,,,,,,,,0,0,0,0,0,0,1,1,1947-04-17,,0,7170507,,,,,,,,,,,,,,,
332143,0101000,1,岡山県,オカヤマケン,Okayama,,,,真庭市,マニワシ,Maniwa-shi,,,,蒜山富掛田,ヒルゼントミカケダ,Hiruzen Tomikakeda,,,,,,,,0,0,0,0,0,0,1,1,1947-04-17,,0,7170502,,,,,,,,,,,,,,,
332143,0102000,1,岡山県,オカヤマケン,Okayama,,,,真庭市,マニワシ,Maniwa-shi,,,,蒜山富山根,ヒルゼントミヤマネ,Hiruzen Tomiyamane,,,,,,,,0,0,0,0,0,0,1,1,1947-04-17,,0,7170503,,,,,,,,,,,,,,,
332143,0103000,1,岡山県,オカヤマケン,Okayama,,,,真庭市,マニワシ,Maniwa-shi,,,,蒜山中福田,ヒルゼンナカフクダ,Hiruzen Nakafukuda,,,,,,,,0,0,0,0,0,0,1,1,1947-04-17,,0,7170501,,,,,,,,,,,,,,,
332143,0104000,1,岡山県,オカヤマケン,Okayama,,,,真庭市,マニワシ,Maniwa-shi,,,,蒜山西茅部,ヒルゼンニシカヤベ,Hiruzen Nishikayabe,,,,,,,,0,0,0,0,0,0,1,1,1947-04-17,,0,7170604,,,,,,,,,,,,,,,
332143,0105000,1,岡山県,オカヤマケン,Okayama,,,,真庭市,マニワシ,Maniwa-shi,,,,蒜山初和,ヒルゼンハツワ,Hiruzen Hatsuwa,,,,,,,,0,0,0,0,0,0,1,1,1947-04-17,,0,7170511,,,,,,,,,,,,,,,
332143,0106000,1,岡山県,オカヤマケン,Okayama,,,,真庭市,マニワシ,Maniwa-shi,,,,蒜山東茅部,ヒルゼンヒガシカヤベ,Hiruzen Higashikayabe,,,,,,,,0,0,0,0,0,0,1,1,1947-04-17,,0,7170603,,,,,,,,,,,,,,,
332143,0107000,1,岡山県,オカヤマケン,Okayama,,,,真庭市,マニワシ,Maniwa-shi,,,,蒜山別所,ヒルゼンベッショ,Hiruzen Bessho,,,,,,,,0,0,0,0,0,0,1,1,1947-04-17,,0,7170515,,,,,,,,,,,,,,,
332143,0108000,1,岡山県,オカヤマケン,Okayama,,,,真庭市,マニワシ,Maniwa-shi,,,,蒜山本茅部,ヒルゼンホンカヤベ,Hiruzen Honkayabe,,,,,,,,0,0,0,0,0,0,1,1,1947-04-17,,0,7170611,,,,,,,,,,,,,,,
332143,0109000,1,岡山県,オカヤマケン,Okayama,,,,真庭市,マニワシ,Maniwa-shi,,,,蒜山真加子,ヒルゼンマカゴ,Hiruzen Makago,,,,,,,,0,0,0,0,0,0,1,1,1947-04-17,,0,7170512,,,,,,,,,,,,,,,
332143,0110000,1,岡山県,オカヤマケン,Okayama,,,,真庭市,マニワシ,Maniwa-shi,,,,蒜山湯船,ヒルゼンユブネ,Hiruzen Yubune,,,,,,,,0,0,0,0,0,0,1,1,1947-04-17,,0,7170601,,,,,,,,,,,,,,,
332143,0111000,1,岡山県,オカヤマケン,Okayama,,,,真庭市,マニワシ,Maniwa-shi,,,,蒜山吉田,ヒルゼンヨシダ,Hiruzen Yoshida,,,,,,,,0,0,0,0,0,0,1,1,1947-04-17,,0,7170514,,,,,,,,,,,,,,,
332143,0112000,1,岡山県,オカヤマケン,Okayama,,,,真庭市,マニワシ,Maniwa-shi,,,,福田,フクダ,Fukuda,,,,,,,,0,0,0,0,0,0,1,1,1947-04-17,,0,7193117,,,,,,,,,,,,,,,
332143,0113000,1,岡山県,オカヤマケン,Okayama,,,,真庭市,マニワシ,Maniwa-shi,,,,福谷,フクタニ,Fukutani,,,,,,,,0,0,0,0,0,0,1,1,1947-04-17,,0,7170021,,,,,,,,,,,,,,,
332143,0116000,1,岡山県,オカヤマケン,Okayama,,,,真庭市,マニワシ,Maniwa-shi,,,,法界寺,ホウカイジ,Hokaiji,,,,,,,,0,0,0,0,0,0,1,1,1947-04-17,,0,7193125,,,,,,,,,,,,,,,
332143,0119000,1,岡山県,オカヤマケン,Okayama,,,,真庭市,マニワシ,Maniwa-shi,,,,本庄,ホンジョウ,Honjo,,,,,,,,0,0,0,0,0,0,1,1,1947-04-17,,0,7170412,,,,,,,,,,,,,,,
332143,0120000,1,岡山県,オカヤマケン,Okayama,,,,真庭市,マニワシ,Maniwa-shi,,,,舞高,マイタカ,Maitaka,,,,,,,,0,0,0,0,0,0,1,1,1947-04-17,,0,7193135,,,,,,,,,,,,,,,
332143,0122000,1,岡山県,オカヤマケン,Okayama,,,,真庭市,マニワシ,Maniwa-shi,,,,曲り,マガリ,Magari,,,,,,,,0,0,0,0,0,0,1,1,1947-04-17,,0,7170731,,,,,,,,,,,,,,,
332143,0124000,1,岡山県,オカヤマケン,Okayama,,,,真庭市,マニワシ,Maniwa-shi,,,,見明戸,ミアケド,Miakedo,,,,,,,,0,0,0,0,0,0,1,1,1947-04-17,,0,7170411,,,,,,,,,,,,,,,
332143,0126000,1,岡山県,オカヤマケン,Okayama,,,,真庭市,マニワシ,Maniwa-shi,,,,美甘,ミカモ,Mikamo,,,,,,,,0,0,0,0,0,0,1,1,1947-04-17,,0,7170105,,,,,,,,,,,,,,,
332143,0127000,1,岡山県,オカヤマケン,Okayama,,,,真庭市,マニワシ,Maniwa-shi,,,,三阪,ミサカ,Misaka,,,,,,,,0,0,0,0,0,0,1,1,1947-04-17,,0,7193212,,,,,,,,,,,,,,,
332143,0129000,1,岡山県,オカヤマケン,Okayama,,,,真庭市,マニワシ,Maniwa-shi,,,,三世七原,ミセシチバラ,Miseshichibara,,,,,,,,0,0,0,0,0,0,1,1,1947-04-17,,0,7170426,,,,,,,,,,,,,,,
332143,0130000,1,岡山県,オカヤマケン,Okayama,,,,真庭市,マニワシ,Maniwa-shi,,,,宮地,ミヤジ,Miyaji,,,,,,,,0,0,0,0,0,0,1,1,1947-04-17,,0,7161403,,,,,,,,,,,,,,,
332143,0131000,1,岡山県,オカヤマケン,Okayama,,,,真庭市,マニワシ,Maniwa-shi,,,,向津矢,ムカツヤ,Mukatsuya,,,,,,,,0,0,0,0,0,0,1,1,1947-04-17,,0,7193126,,,,,,,,,,,,,,,
332143,0132000,1,岡山県,オカヤマケン,Okayama,,,,真庭市,マニワシ,Maniwa-shi,,,,目木,メキ,Meki,,,,,,,,0,0,0,0,0,0,1,1,1947-04-17,,0,7193224,,,,,,,,,,,,,,,
332143,0133000,1,岡山県,オカヤマケン,Okayama,,,,真庭市,マニワシ,Maniwa-shi,,,,社,ヤシロ,Yashiro,,,,,,,,0,0,0,0,0,0,1,1,1947-04-17,,0,7170404,,,,,,,,,,,,,,,
332143,0134000,1,岡山県,オカヤマケン,Okayama,,,,真庭市,マニワシ,Maniwa-shi,,,,山久世,ヤマクセ,Yamakuse,,,,,,,,0,0,0,0,0,0,1,1,1947-04-17,,0,7170012,,,,,,,,,,,,,,,
332143,0136000,1,岡山県,オカヤマケン,Okayama,,,,真庭市,マニワシ,Maniwa-shi,,,,湯原温泉,ユバラオンセン,Yubaraonsen,,,,,,,,0,0,0,0,0,0,1,1,1947-04-17,,0,7170402,,,,,,,,,,,,,,,
332143,0138000,1,岡山県,オカヤマケン,Okayama,,,,真庭市,マニワシ,Maniwa-shi,,,,吉,ヨシ,Yoshi,,,,,,,,0,0,0,0,0,0,1,1,1947-04-17,,0,7193136,,,,,,,,,,,,,,,
332143,0139000,1,岡山県,オカヤマケン,Okayama,,,,真庭市,マニワシ,Maniwa-shi,,,,余野上,ヨノカミ,Yonokami,,,,,,,,0,0,0,0,0,0,1,1,1947-04-17,,0,7193221,,,,,,,,,,,,,,,
332143,0140000,1,岡山県,オカヤマケン,Okayama,,,,真庭市,マニワシ,Maniwa-shi,,,,余野下,ヨノシモ,Yonoshimo,,,,,,,,0,0,0,0,0,0,1,1,1947-04-17,,0,7193222,,,,,,,,,,,,,,,
332143,0141000,1,岡山県,オカヤマケン,Okayama,,,,真庭市,マニワシ,Maniwa-shi,,,,若代,ワカシロ,Wakashiro,,,,,,,,0,0,0,0,0,0,1,1,1947-04-17,,0,7170741,,,,,,,,,,,,,,,
332143,0142000,1,岡山県,オカヤマケン,Okayama,,,,真庭市,マニワシ,Maniwa-shi,,,,若代畝,ワカシロウネ,Wakashirone,,,,,,,,0,0,0,0,0,0,1,1,1947-04-17,,0,7170733,,,,,,,,,,,,,,,
332143,0143000,1,岡山県,オカヤマケン,Okayama,,,,真庭市,マニワシ,Maniwa-shi,,,,三崎,ミサキ,,,,,,,,,0,0,0,0,0,0,1,0,1947-04-17,,1,,,,,,,,,,,,,,,,
332143,0144000,1,岡山県,オカヤマケン,Okayama,,,,真庭市,マニワシ,Maniwa-shi,,,,影,カゲ,,,,,,,,,0,0,0,0,0,0,1,0,1947-04-17,,1,,,,,,,,,,,,,,,,
332143,0145000,1,岡山県,オカヤマケン,Okayama,,,,真庭市,マニワシ,Maniwa-shi,,,,延風,ノブカセ,,,,,,,,,0,0,0,0,0,0,1,0,1947-04-17,,1,,,,,,,,,,,,,,,,
332143,0146000,1,岡山県,オカヤマケン,Okayama,,,,真庭市,マニワシ,Maniwa-shi,,,,横部,ヨコベ,,,,,,,,,0,0,0,0,0,0,1,0,1947-04-17,,1,,,,,,,,,,,,,,,,
332143,0147000,1,岡山県,オカヤマケン,Okayama,,,,真庭市,マニワシ,Maniwa-shi,,,,岡,オカ,,,,,,,,,0,0,0,0,0,0,1,0,1947-04-17,,1,,,,,,,,,,,,,,,,
332143,0148000,1,岡山県,オカヤマケン,Okayama,,,,真庭市,マニワシ,Maniwa-shi,,,,下方,シモガタ,,,,,,,,,0,0,0,0,0,0,1,0,1947-04-17,,1,,,,,,,,,,,,,,,,
332143,0149000,1,岡山県,オカヤマケン,Okayama,,,,真庭市,マニワシ,Maniwa-shi,,,,岩井畝,イワイウネ,,,,,,,,,0,0,0,0,0,0,1,0,1947-04-17,,1,,,,,,,,,,,,,,,,
332143,0150000,1,岡山県,オカヤマケン,Okayama,,,,真庭市,マニワシ,Maniwa-shi,,,,見尾,ミオ,,,,,,,,,0,0,0,0,0,0,1,0,1947-04-17,,1,,,,,,,,,,,,,,,,
332143,0151000,1,岡山県,オカヤマケン,Okayama,,,,真庭市,マニワシ,Maniwa-shi,,,,荒田,アラタ,,,,,,,,,0,0,0,0,0,0,1,0,1947-04-17,,1,,,,,,,,,,,,,,,,
332143,0152000,1,岡山県,オカヤマケン,Okayama,,,,真庭市,マニワシ,Maniwa-shi,,,,黒杭,クロクイ,,,,,,,,,0,0,0,0,0,0,1,0,1947-04-17,,1,,,,,,,,,,,,,,,,
332143,0153000,1,岡山県,オカヤマケン,Okayama,,,,真庭市,マニワシ,Maniwa-shi,,,,山田,ヤマダ,,,,,,,,,0,0,0,0,0,0,1,0,1947-04-17,,1,,,,,,,,,,,,,,,,
332143,0154000,1,岡山県,オカヤマケン,Okayama,,,,真庭市,マニワシ,Maniwa-shi,,,,鹿田,カッタ,,,,,,,,,0,0,0,0,0,0,1,0,1947-04-17,,1,,,,,,,,,,,,,,,,
332143,0155000,1,岡山県,オカヤマケン,Okayama,,,,真庭市,マニワシ,Maniwa-shi,,,,真賀,マガ,,,,,,,,,0,0,0,0,0,0,1,0,1947-04-17,,1,,,,,,,,,,,,,,,,
332143,0156000,1,岡山県,オカヤマケン,Okayama,,,,真庭市,マニワシ,Maniwa-shi,,,,杉山,スギヤマ,,,,,,,,,0,0,0,0,0,0,1,0,1947-04-17,,1,,,,,,,,,,,,,,,,
332143,0157000,1,岡山県,オカヤマケン,Okayama,,,,真庭市,マニワシ,Maniwa-shi,,,,菅谷,スガタニ,,,,,,,,,0,0,0,0,0,0,1,0,1947-04-17,,1,,,,,,,,,,,,,,,,
332143,0158000,1,岡山県,オカヤマケン,Okayama,,,,真庭市,マニワシ,Maniwa-shi,,,,星山,ホシヤマ,,,,,,,,,0,0,0,0,0,0,1,0,1947-04-17,,1,,,,,,,,,,,,,,,,
332143,0159000,1,岡山県,オカヤマケン,Okayama,,,,真庭市,マニワシ,Maniwa-shi,,,,正吉,マサヨシ,,,,,,,,,0,0,0,0,0,0,1,0,1947-04-17,,1,,,,,,,,,,,,,,,,
332143,0160000,1,岡山県,オカヤマケン,Okayama,,,,真庭市,マニワシ,Maniwa-shi,,,,西原,ニシバラ,,,,,,,,,0,0,0,0,0,0,1,0,1947-04-17,,1,,,,,,,,,,,,,,,,
332143,0161000,1,岡山県,オカヤマケン,Okayama,,,,真庭市,マニワシ,Maniwa-shi,,,,組,クミ,,,,,,,,,0,0,0,0,0,0,1,0,1947-04-17,,1,,,,,,,,,,,,,,,,
332143,0162000,1,岡山県,オカヤマケン,Okayama,,,,真庭市,マニワシ,Maniwa-shi,,,,惣,ソウ,,,,,,,,,0,0,0,0,0,0,1,0,1947-04-17,,1,,,,,,,,,,,,,,,,
332143,0163000,1,岡山県,オカヤマケン,Okayama,,,,真庭市,マニワシ,Maniwa-shi,,,,多田,タダ,,,,,,,,,0,0,0,0,0,0,1,0,1947-04-17,,1,,,,,,,,,,,,,,,,
332143,0164000,1,岡山県,オカヤマケン,Okayama,,,,真庭市,マニワシ,Maniwa-shi,,,,大庭,オオバ,,,,,,,,,0,0,0,0,0,0,1,0,1947-04-17,,1,,,,,,,,,,,,,,,,
332143,0165000,1,岡山県,オカヤマケン,Okayama,,,,真庭市,マニワシ,Maniwa-shi,,,,竹原,タケバラ,,,,,,,,,0,0,0,0,0,0,1,0,1947-04-17,,1,,,,,,,,,,,,,,,,
332143,0166000,1,岡山県,オカヤマケン,Okayama,,,,真庭市,マニワシ,Maniwa-shi,,,,中河内,ナカゴウチ,,,,,,,,,0,0,0,0,0,0,1,0,1947-04-17,,1,,,,,,,,,,,,,,,,
332143,0167000,1,岡山県,オカヤマケン,Okayama,,,,真庭市,マニワシ,Maniwa-shi,,,,中原,ナカバラ,,,,,,,,,0,0,0,0,0,0,1,0,1947-04-17,,1,,,,,,,,,,,,,,,,
332143,0168000,1,岡山県,オカヤマケン,Okayama,,,,真庭市,マニワシ,Maniwa-shi,,,,中島,ナカシマ,,,,,,,,,0,0,0,0,0,0,1,0,1947-04-17,,1,,,,,,,,,,,,,,,,
332143,0169000,1,岡山県,オカヤマケン,Okayama,,,,真庭市,マニワシ,Maniwa-shi,,,,田口,タグチ,,,,,,,,,0,0,0,0,0,0,1,0,1947-04-17,,1,,,,,,,,,,,,,,,,
332143,0170000,1,岡山県,オカヤマケン,Okayama,,,,真庭市,マニワシ,Maniwa-shi,,,,藤森,フジモリ,,,,,,,,,0,0,0,0,0,0,1,0,1947-04-17,,1,,,,,,,,,,,,,,,,
332143,0171000,1,岡山県,オカヤマケン,Okayama,,,,真庭市,マニワシ,Maniwa-shi,,,,日名,ヒナ,,,,,,,,,0,0,0,0,0,0,1,0,1947-04-17,,1,,,,,,,,,,,,,,,,
332143,0172000,1,岡山県,オカヤマケン,Okayama,,,,真庭市,マニワシ,Maniwa-shi,,,,富尾,トミノオ,,,,,,,,,0,0,0,0,0,0,1,0,1947-04-17,,1,,,,,,,,,,,,,,,,
332143,0173000,1,岡山県,オカヤマケン,Okayama,,,,真庭市,マニワシ,Maniwa-shi,,,,別所,ベッショ,,,,,,,,,0,0,0,0,0,0,1,0,1947-04-17,,1,,,,,,,,,,,,,,,,
332143,0174000,1,岡山県,オカヤマケン,Okayama,,,,真庭市,マニワシ,Maniwa-shi,,,,本郷,ホンゴウ,,,,,,,,,0,0,0,0,0,0,1,0,1947-04-17,,1,,,,,,,,,,,,,,,,
332143,0175000,1,岡山県,オカヤマケン,Okayama,,,,真庭市,マニワシ,Maniwa-shi,,,,木山,キヤマ,,,,,,,,,0,0,0,0,0,0,1,0,1947-04-17,,1,,,,,,,,,,,,,,,,
332143,0176000,1,岡山県,オカヤマケン,Okayama,,,,真庭市,マニワシ,Maniwa-shi,,,,月田,ツキダ,Tsukida,,,,,,,,0,0,0,0,0,0,1,1,1947-04-17,,0,7170024,,,,,,,,,,,,,,,
332143,0178000,1,岡山県,オカヤマケン,Okayama,,,,真庭市,マニワシ,Maniwa-shi,,,,田原山上,タハラサンジョウ,Taharasanjo,,,,,,,,0,0,0,0,0,0,1,1,1947-04-17,,0,7193132,,,,,,,,,,,,,,,
332151,0001000,1,岡山県,オカヤマケン,Okayama,,,,美作市,ミマサカシ,Mimasaka-shi,,,,英田青野,アイダアオノ,Aidaaono,,,,,,,,0,0,0,0,0,0,1,1,1947-04-17,,0,7012623,,,,,,,,,,,,,,,
332151,0002000,1,岡山県,オカヤマケン,Okayama,,,,美作市,ミマサカシ,Mimasaka-shi,,,,青木,アオキ,Aoki,,,,,,,,0,0,0,0,0,0,1,1,1947-04-17,,0,7070065,,,,,,,,,,,,,,,
332151,0003000,1,岡山県,オカヤマケン,Okayama,,,,美作市,ミマサカシ,Mimasaka-shi,,,,赤田,アカダ,Akada,,,,,,,,0,0,0,0,0,0,1,1,1947-04-17,,0,7070432,,,,,,,,,,,,,,,
332151,0004000,1,岡山県,オカヤマケン,Okayama,,,,美作市,ミマサカシ,Mimasaka-shi,,,,芦河内,アシゴウチ,Ashigochi,,,,,,,,0,0,0,0,0,0,1,1,1947-04-17,,0,7094232,,MJ021562_*_*,,,,,,,,,,,,,
332151,0005000,1,岡山県,オカヤマケン,Okayama,,,,美作市,ミマサカシ,Mimasaka-shi,,,,安蘇,アソ,Aso,,,,,,,,0,0,0,0,0,0,1,1,1947-04-17,,0,7070053,,,,,,,,,,,,,,,
332151,0006000,1,岡山県,オカヤマケン,Okayama,,,,美作市,ミマサカシ,Mimasaka-shi,,,,粟井中,アワイナカ,Awainaka,,,,,,,,0,0,0,0,0,0,1,1,1947-04-17,,0,7094205,,,,,,,,,,,,,,,
332151,0007000,1,岡山県,オカヤマケン,Okayama,,,,美作市,ミマサカシ,Mimasaka-shi,,,,粟野,アワノ,Awano,,,,,,,,0,0,0,0,0,0,1,1,1947-04-17,,0,7070437,,,,,,,,,,,,,,,
332151,0009000,1,岡山県,オカヤマケン,Okayama,,,,美作市,ミマサカシ,Mimasaka-shi,,,,位田,イデン,Iden,,,,,,,,0,0,0,0,0,0,1,1,1947-04-17,,0,7070052,,,,,,,,,,,,,,,
332151,0010000,1,岡山県,オカヤマケン,Okayama,,,,美作市,ミマサカシ,Mimasaka-shi,,,,稲穂,イナホ,Inaho,,,,,,,,0,0,0,0,0,0,1,1,1947-04-17,,0,7070051,,,,,,,,,,,,,,,
332151,0011000,1,岡山県,オカヤマケン,Okayama,,,,美作市,ミマサカシ,Mimasaka-shi,,,,猪臥,イブシ,Ibushi,,,,,,,,0,0,0,0,0,0,1,1,1947-04-17,,0,7070034,,,,,,,,,,,,,,,
332151,0012000,1,岡山県,オカヤマケン,Okayama,,,,美作市,ミマサカシ,Mimasaka-shi,,,,今岡,イマオカ,Imaoka,,,,,,,,0,0,0,0,0,0,1,1,1947-04-17,,0,7070416,,,,,,,,,,,,,,,
332151,0013000,1,岡山県,オカヤマケン,Okayama,,,,美作市,ミマサカシ,Mimasaka-shi,,,,岩辺,イワナベ,Iwanabe,,,,,,,,0,0,0,0,0,0,1,1,1947-04-17,,0,7094222,,,,,,,,,,,,,,,
332151,0014000,1,岡山県,オカヤマケン,Okayama,,,,美作市,ミマサカシ,Mimasaka-shi,,,,岩見田,イワミダ,Iwamida,,,,,,,,0,0,0,0,0,0,1,1,1947-04-17,,0,7070054,,,,,,,,,,,,,,,
332151,0016000,1,岡山県,オカヤマケン,Okayama,,,,美作市,ミマサカシ,Mimasaka-shi,,,,後山,ウシロヤマ,Ushiroyama,,,,,,,,0,0,0,0,0,0,1,1,1947-04-17,,0,7070401,,,,,,,,,,,,,,,
332151,0017000,1,岡山県,オカヤマケン,Okayama,,,,美作市,ミマサカシ,Mimasaka-shi,,,,右手,ウテ,Ute,,,,,,,,0,0,0,0,0,0,1,1,1947-04-17,,0,7070204,,,,,,,,,,,,,,,
332151,0018000,1,岡山県,オカヤマケン,Okayama,,,,美作市,ミマサカシ,Mimasaka-shi,,,,江ノ原,エノハラ,Enohara,,,,,,,,0,0,0,0,0,0,1,1,1947-04-17,,0,7070411,,,,,,,,,,,,,,,
332151,0020000,1,岡山県,オカヤマケン,Okayama,,,,美作市,ミマサカシ,Mimasaka-shi,,,,江見吉田,エミヨシダ,Emiyoshida,,,,,,,,0,0,0,0,0,0,1,1,1947-04-17,,0,7094227,,,,,,,,,,,,,,,
332151,0021000,1,岡山県,オカヤマケン,Okayama,,,,美作市,ミマサカシ,Mimasaka-shi,,,,大井が丘,オオイガオカ,Oigaoka,,,,,,,,0,0,0,0,0,0,1,1,1947-04-17,,0,7070005,,,,,,,,,,,,,,,
332151,0022000,1,岡山県,オカヤマケン,Okayama,,,,美作市,ミマサカシ,Mimasaka-shi,,,,大内谷,オオウチダニ,Ouchidani,,,,,,,,0,0,0,0,0,0,1,1,1947-04-17,,0,7094223,,,,,,,,,,,,,,,
332151,0023000,1,岡山県,オカヤマケン,Okayama,,,,美作市,ミマサカシ,Mimasaka-shi,,,,太田,オオタ,Ota,,,,,,,,0,0,0,0,0,0,1,1,1947-04-17,,0,7070404,,,,,,,,,,,,,,,
332151,0024000,1,岡山県,オカヤマケン,Okayama,,,,美作市,ミマサカシ,Mimasaka-shi,,,,大原,オオバラ,Obara,,,,,,,,0,0,0,0,0,0,1,1,1947-04-17,,0,7070033,,,,,,,,,,,,,,,
332151,0027000,1,岡山県,オカヤマケン,Okayama,,,,美作市,ミマサカシ,Mimasaka-shi,,,,奥大谷,オクオオタニ,Okuotani,,,,,,,,0,0,0,0,0,0,1,1,1947-04-17,,0,7070067,,,,,,,,,,,,,,,
332151,0029000,1,岡山県,オカヤマケン,Okayama,,,,美作市,ミマサカシ,Mimasaka-shi,,,,小野,オノ,Ono,,,,,,,,0,0,0,0,0,0,1,1,1947-04-17,,0,7094203,,,,,,,,,,,,,,,
332151,0030000,1,岡山県,オカヤマケン,Okayama,,,,美作市,ミマサカシ,Mimasaka-shi,,,,小ノ谷,オノタニ,Onotani,,,,,,,,0,0,0,0,0,0,1,1,1947-04-17,,0,7094215,,,,,,,,,,,,,,,
332151,0031000,1,岡山県,オカヤマケン,Okayama,,,,美作市,ミマサカシ,Mimasaka-shi,,,,小畑,オバタ,Obata,,,,,,,,0,0,0,0,0,0,1,1,1947-04-17,,0,7070132,,,,,,,,,,,,,,,
332151,0032000,1,岡山県,オカヤマケン,Okayama,,,,美作市,ミマサカシ,Mimasaka-shi,,,,小原田,オハラダ,Oharada,,,,,,,,0,0,0,0,0,0,1,1,1947-04-17,,0,7070423,,,,,,,,,,,,,,,
332151,0033000,1,岡山県,オカヤマケン,Okayama,,,,美作市,ミマサカシ,Mimasaka-shi,,,,小房,オブサ,Obusa,,,,,,,,0,0,0,0,0,0,1,1,1947-04-17,,0,7094201,,,,,,,,,,,,,,,
332151,0034000,1,岡山県,オカヤマケン,Okayama,,,,美作市,ミマサカシ,Mimasaka-shi,,,,海田,カイタ,Kaita,,,,,,,,0,0,0,0,0,0,1,1,1947-04-17,,0,7070044,,,,,,,,,,,,,,,
332151,0035000,1,岡山県,オカヤマケン,Okayama,,,,美作市,ミマサカシ,Mimasaka-shi,,,,柿ケ原,カキガハラ,Kakigahara,,,,,,,,0,0,0,0,0,0,1,1,1947-04-17,,0,7094253,,,,,,,,,,,,,,,
332151,0036000,1,岡山県,オカヤマケン,Okayama,,,,美作市,ミマサカシ,Mimasaka-shi,,,,梶並,カジナミ,Kajinami,,,,,,,,0,0,0,0,0,0,1,1,1947-04-17,,0,7070201,,,,,,,,,,,,,,,
332151,0037000,1,岡山県,オカヤマケン,Okayama,,,,美作市,ミマサカシ,Mimasaka-shi,,,,梶原,カジワラ,Kajiwara,,,,,,,,0,0,0,0,0,0,1,1,1947-04-17,,0,7094202,,,,,,,,,,,,,,,
332151,0038000,1,岡山県,オカヤマケン,Okayama,,,,美作市,ミマサカシ,Mimasaka-shi,,,,桂坪,カツラツボ,Katsuratsubo,,,,,,,,0,0,0,0,0,0,1,1,1947-04-17,,0,7070426,,,,,,,,,,,,,,,
332151,0041000,1,岡山県,オカヤマケン,Okayama,,,,美作市,ミマサカシ,Mimasaka-shi,,,,上相,カミヤ,Kamiya,,,,,,,,0,0,0,0,0,0,1,1,1947-04-17,,0,7070001,,,,,,,,,,,,,,,
332151,0044000,1,岡山県,オカヤマケン,Okayama,,,,美作市,ミマサカシ,Mimasaka-shi,,,,川戸,カワト,Kawato,,,,,,,,0,0,0,0,0,0,1,1,1947-04-17,,0,7070436,,,,,,,,,,,,,,,
332151,0045000,1,岡山県,オカヤマケン,Okayama,,,,美作市,ミマサカシ,Mimasaka-shi,,,,川東,カワヒガシ,Kawahigashi,,,,,,,,0,0,0,0,0,0,1,1,1947-04-17,,0,7070407,,,,,,,,,,,,,,,
332151,0046000,1,岡山県,オカヤマケン,Okayama,,,,美作市,ミマサカシ,Mimasaka-shi,,,,北,キタ,Kita,,,,,,,,0,0,0,0,0,0,1,1,1947-04-17,,0,7012611,,,,,,,,,,,,,,,
332151,0047000,1,岡山県,オカヤマケン,Okayama,,,,美作市,ミマサカシ,Mimasaka-shi,,,,北坂,キタサカ,Kitasaka,,,,,,,,0,0,0,0,0,0,1,1,1947-04-17,,0,7070063,,,,,,,,,,,,,,,
332151,0048000,1,岡山県,オカヤマケン,Okayama,,,,美作市,ミマサカシ,Mimasaka-shi,,,,北原,キタバラ,Kitabara,,,,,,,,0,0,0,0,0,0,1,1,1947-04-17,,0,7070036,,,,,,,,,,,,,,,
332151,0049000,1,岡山県,オカヤマケン,Okayama,,,,美作市,ミマサカシ,Mimasaka-shi,,,,北山,キタヤマ,Kitayama,,,,,,,,0,0,0,0,0,0,1,1,1947-04-17,,0,7070014,,,,,,,,,,,,,,,
332151,0050000,1,岡山県,オカヤマケン,Okayama,,,,美作市,ミマサカシ,Mimasaka-shi,,,,久賀,クガ,Kuga,,,,,,,,0,0,0,0,0,0,1,1,1947-04-17,,0,7070111,,,,,,,,,,,,,,,
332151,0051000,1,岡山県,オカヤマケン,Okayama,,,,美作市,ミマサカシ,Mimasaka-shi,,,,朽木,クツギ,Kutsugi,,,,,,,,0,0,0,0,0,0,1,1,1947-04-17,,0,7070042,,,,,,,,,,,,,,,
332151,0052000,1,岡山県,オカヤマケン,Okayama,,,,美作市,ミマサカシ,Mimasaka-shi,,,,国貞,クニサダ,Kunisada,,,,,,,,0,0,0,0,0,0,1,1,1947-04-17,,0,7094255,,,,,,,,,,,,,,,
332151,0053000,1,岡山県,オカヤマケン,Okayama,,,,美作市,ミマサカシ,Mimasaka-shi,,,,楮,コウゾ,Kozo,,,,,,,,0,0,0,0,0,0,1,1,1947-04-17,,0,7070202,,,,,,,,,,,,,,,
332151,0054000,1,岡山県,オカヤマケン,Okayama,,,,美作市,ミマサカシ,Mimasaka-shi,,,,河内,コウチ,Kochi,,,,,,,,0,0,0,0,0,0,1,1,1947-04-17,,0,7070131,,,,,,,,,,,,,,,
332151,0055000,1,岡山県,オカヤマケン,Okayama,,,,美作市,ミマサカシ,Mimasaka-shi,,,,巨勢,コセ,Kose,,,,,,,,0,0,0,0,0,0,1,1,1947-04-17,,0,7070045,,,,,,,,,,,,,,,
332151,0056000,1,岡山県,オカヤマケン,Okayama,,,,美作市,ミマサカシ,Mimasaka-shi,,,,五名,ゴミョウ,Gomyo,,,,,,,,0,0,0,0,0,0,1,1,1947-04-17,,0,7094211,,,,,,,,,,,,,,,
332151,0057000,1,岡山県,オカヤマケン,Okayama,,,,美作市,ミマサカシ,Mimasaka-shi,,,,栄町,サカエマチ,Sakaemachi,,,,,,,,0,0,0,0,0,0,1,1,1947-04-17,,0,7070025,,,,,,,,,,,,,,,
332151,0058000,1,岡山県,オカヤマケン,Okayama,,,,美作市,ミマサカシ,Mimasaka-shi,,,,鷺巣,サギス,Sagisu,,,,,,,,0,0,0,0,0,0,1,1,1947-04-17,,0,7094204,,,,,,,,,,,,,,,
332151,0059000,1,岡山県,オカヤマケン,Okayama,,,,美作市,ミマサカシ,Mimasaka-shi,,,,笹岡,ササオカ,Sasaoka,,,,,,,,0,0,0,0,0,0,1,1,1947-04-17,,0,7070422,,,,,,,,,,,,,,,
332151,0060000,1,岡山県,オカヤマケン,Okayama,,,,美作市,ミマサカシ,Mimasaka-shi,,,,沢田,サワダ,Sawada,,,,,,,,0,0,0,0,0,0,1,1,1947-04-17,,0,7070435,,,,,,,,,,,,,,,
332151,0061000,1,岡山県,オカヤマケン,Okayama,,,,美作市,ミマサカシ,Mimasaka-shi,,,,下大谷,シモオオタニ,Shimootani,,,,,,,,0,0,0,0,0,0,1,1,1947-04-17,,0,7070066,,,,,,,,,,,,,,,
332151,0062000,1,岡山県,オカヤマケン,Okayama,,,,美作市,ミマサカシ,Mimasaka-shi,,,,下香山,シモカヤマ,Shimokayama,,,,,,,,0,0,0,0,0,0,1,1,1947-04-17,,0,7070016,,,,,,,,,,,,,,,
332151,0063000,1,岡山県,オカヤマケン,Okayama,,,,美作市,ミマサカシ,Mimasaka-shi,,,,下庄町,シモショウマチ,Shimoshomachi,,,,,,,,0,0,0,0,0,0,1,1,1947-04-17,,0,7070425,,,,,,,,,,,,,,,
332151,0064000,1,岡山県,オカヤマケン,Okayama,,,,美作市,ミマサカシ,Mimasaka-shi,,,,下町,シモマチ,Shimomachi,,,,,,,,0,0,0,0,0,0,1,1,1947-04-17,,0,7070417,,,,,,,,,,,,,,,
332151,0065000,1,岡山県,オカヤマケン,Okayama,,,,美作市,ミマサカシ,Mimasaka-shi,,,,下山,シモヤマ,Shimoyama,,,,,,,,0,0,0,0,0,0,1,1,1947-04-17,,0,7012621,,,,,,,,,,,,,,,
332151,0066000,1,岡山県,オカヤマケン,Okayama,,,,美作市,ミマサカシ,Mimasaka-shi,,,,城田,ジョウデン,Joden,,,,,,,,0,0,0,0,0,0,1,1,1947-04-17,,0,7012625,,,,,,,,,,,,,,,
332151,0067000,1,岡山県,オカヤマケン,Okayama,,,,美作市,ミマサカシ,Mimasaka-shi,,,,白水,シラミズ,Shiramizu,,,,,,,,0,0,0,0,0,0,1,1,1947-04-17,,0,7094251,,,,,,,,,,,,,,,
332151,0068000,1,岡山県,オカヤマケン,Okayama,,,,美作市,ミマサカシ,Mimasaka-shi,,,,杉原,スギハラ,Sugihara,,,,,,,,0,0,0,0,0,0,1,1,1947-04-17,,0,7070133,,,,,,,,,,,,,,,
332151,0069000,1,岡山県,オカヤマケン,Okayama,,,,美作市,ミマサカシ,Mimasaka-shi,,,,鈴家,スズケ,Suzuke,,,,,,,,0,0,0,0,0,0,1,1,1947-04-17,,0,7094256,,,,,,,,,,,,,,,
332151,0070000,1,岡山県,オカヤマケン,Okayama,,,,美作市,ミマサカシ,Mimasaka-shi,,,,角南,スナミ,Sunami,,,,,,,,0,0,0,0,0,0,1,1,1947-04-17,,0,7094252,,,,,,,,,,,,,,,
332151,0071000,1,岡山県,オカヤマケン,Okayama,,,,美作市,ミマサカシ,Mimasaka-shi,,,,瀬戸,セト,Seto,,,,,,,,0,0,0,0,0,0,1,1,1947-04-17,,0,7094221,,,,,,,,,,,,,,,
332151,0072000,1,岡山県,オカヤマケン,Okayama,,,,美作市,ミマサカシ,Mimasaka-shi,,,,田井,タイ,Tai,,,,,,,,0,0,0,0,0,0,1,1,1947-04-17,,0,7070431,,,,,,,,,,,,,,,
332151,0074000,1,岡山県,オカヤマケン,Okayama,,,,美作市,ミマサカシ,Mimasaka-shi,,,,滝,タキ,Taki,,,,,,,,0,0,0,0,0,0,1,1,1947-04-17,,0,7070427,,,,,,,,,,,,,,,
332151,0075000,1,岡山県,オカヤマケン,Okayama,,,,美作市,ミマサカシ,Mimasaka-shi,,,,滝宮,タキミヤ,Takimiya,,,,,,,,0,0,0,0,0,0,1,1,1947-04-17,,0,7012612,,,,,,,,,,,,,,,
332151,0076000,1,岡山県,オカヤマケン,Okayama,,,,美作市,ミマサカシ,Mimasaka-shi,,,,竹田,タケダ,Takeda,,,,,,,,0,0,0,0,0,0,1,1,1947-04-17,,0,7094245,,,,,,,,,,,,,,,
332151,0077000,1,岡山県,オカヤマケン,Okayama,,,,美作市,ミマサカシ,Mimasaka-shi,,,,立石,タテイシ,Tateishi,,,,,,,,0,0,0,0,0,0,1,1,1947-04-17,,0,7070433,,,,,,,,,,,,,,,
332151,0078000,1,岡山県,オカヤマケン,Okayama,,,,美作市,ミマサカシ,Mimasaka-shi,,,,田殿,タドノ,Tadono,,,,,,,,0,0,0,0,0,0,1,1,1947-04-17,,0,7070012,,,,,,,,,,,,,,,
332151,0080000,1,岡山県,オカヤマケン,Okayama,,,,美作市,ミマサカシ,Mimasaka-shi,,,,田原,タワラ,Tawara,,,,,,,,0,0,0,0,0,0,1,1,1947-04-17,,0,7094242,,,,,,,,,,,,,,,
332151,0082000,1,岡山県,オカヤマケン,Okayama,,,,美作市,ミマサカシ,Mimasaka-shi,,,,殿所,トノドコロ,Tonodokoro,,,,,,,,0,0,0,0,0,0,1,1,1947-04-17,,0,7070064,,,,,,,,,,,,,,,
332151,0083000,1,岡山県,オカヤマケン,Okayama,,,,美作市,ミマサカシ,Mimasaka-shi,,,,友野,トモノ,Tomono,,,,,,,,0,0,0,0,0,0,1,1,1947-04-17,,0,7070037,,,,,,,,,,,,,,,
332151,0084000,1,岡山県,オカヤマケン,Okayama,,,,美作市,ミマサカシ,Mimasaka-shi,,,,豊国原,トヨクニハラ,Toyokunihara,,,,,,,,0,0,0,0,0,0,1,1,1947-04-17,,0,7070015,,,,,,,,,,,,,,,
332151,0085000,1,岡山県,オカヤマケン,Okayama,,,,美作市,ミマサカシ,Mimasaka-shi,,,,豊野,トヨノ,Toyono,,,,,,,,0,0,0,0,0,0,1,1,1947-04-17,,0,7094224,,,,,,,,,,,,,,,
332151,0086000,1,岡山県,オカヤマケン,Okayama,,,,美作市,ミマサカシ,Mimasaka-shi,,,,鳥渕,トリブチ,Toribuchi,,,,,,,,0,0,0,0,0,0,1,1,1947-04-17,,0,7012622,,,,,,,,,,,,,,,
332151,0087000,1,岡山県,オカヤマケン,Okayama,,,,美作市,ミマサカシ,Mimasaka-shi,,,,長内,ナガウチ,Nagauchi,,,,,,,,0,0,0,0,0,0,1,1,1947-04-17,,0,7070056,,,,,,,,,,,,,,,
332151,0088000,1,岡山県,オカヤマケン,Okayama,,,,美作市,ミマサカシ,Mimasaka-shi,,,,中尾,ナカオ,Nakao,,,,,,,,0,0,0,0,0,0,1,1,1947-04-17,,0,7070002,,,,,,,,,,,,,,,
332151,0089000,1,岡山県,オカヤマケン,Okayama,,,,美作市,ミマサカシ,Mimasaka-shi,,,,中川,ナカガワ,Nakagawa,,,,,,,,0,0,0,0,0,0,1,1,1947-04-17,,0,7012615,,,,,,,,,,,,,,,
332151,0090000,1,岡山県,オカヤマケン,Okayama,,,,美作市,ミマサカシ,Mimasaka-shi,,,,中河内,ナカゴウチ,Nakagochi,,,,,,,,0,0,0,0,0,0,1,1,1947-04-17,,0,7012624,,,,,,,,,,,,,,,
332151,0091000,1,岡山県,オカヤマケン,Okayama,,,,美作市,ミマサカシ,Mimasaka-shi,,,,中谷,ナカダニ,Nakadani,,,,,,,,0,0,0,0,0,0,1,1,1947-04-17,,0,7070402,,,,,,,,,,,,,,,
332151,0092000,1,岡山県,オカヤマケン,Okayama,,,,美作市,ミマサカシ,Mimasaka-shi,,,,中町,ナカマチ,Nakamachi,,,,,,,,0,0,0,0,0,0,1,1,1947-04-17,,0,7070413,,,,,,,,,,,,,,,
332151,0093000,1,岡山県,オカヤマケン,Okayama,,,,美作市,ミマサカシ,Mimasaka-shi,,,,中山,ナカヤマ,Nakayama,,,,,,,,0,0,0,0,0,0,1,1,1947-04-17,,0,7070061,,,,,,,,,,,,,,,
332151,0095000,1,岡山県,オカヤマケン,Okayama,,,,美作市,ミマサカシ,Mimasaka-shi,,,,楢原上,ナラハラカミ,Naraharakami,,,,,,,,0,0,0,0,0,0,1,1,1947-04-17,,0,7070022,,MJ014213_*_*,,,,,,,,,,,,,
332151,0096000,1,岡山県,オカヤマケン,Okayama,,,,美作市,ミマサカシ,Mimasaka-shi,,,,楢原下,ナラハラシモ,Naraharashimo,,,,,,,,0,0,0,0,0,0,1,1,1947-04-17,,0,7070024,,MJ014213_*_*,,,,,,,,,,,,,
332151,0097000,1,岡山県,オカヤマケン,Okayama,,,,美作市,ミマサカシ,Mimasaka-shi,,,,楢原中,ナラハラナカ,Naraharanaka,,,,,,,,0,0,0,0,0,0,1,1,1947-04-17,,0,7070021,,MJ014213_*_*,,,,,,,,,,,,,
332151,0098000,1,岡山県,オカヤマケン,Okayama,,,,美作市,ミマサカシ,Mimasaka-shi,,,,南海,ナンガイ,Nangai,,,,,,,,0,0,0,0,0,0,1,1,1947-04-17,,0,7094231,,,,,,,,,,,,,,,
332151,0100000,1,岡山県,オカヤマケン,Okayama,,,,美作市,ミマサカシ,Mimasaka-shi,,,,入田,ニュウタ,Nyuta,,,,,,,,0,0,0,0,0,0,1,1,1947-04-17,,0,7070004,,,,,,,,,,,,,,,
332151,0101000,1,岡山県,オカヤマケン,Okayama,,,,美作市,ミマサカシ,Mimasaka-shi,,,,野形,ノガタ,Nogata,,,,,,,,0,0,0,0,0,0,1,1,1947-04-17,,0,7070424,,,,,,,,,,,,,,,
332151,0102000,1,岡山県,オカヤマケン,Okayama,,,,美作市,ミマサカシ,Mimasaka-shi,,,,野原,ノハラ,Nohara,,,,,,,,0,0,0,0,0,0,1,1,1947-04-17,,0,7070405,,,,,,,,,,,,,,,
332151,0103000,1,岡山県,オカヤマケン,Okayama,,,,美作市,ミマサカシ,Mimasaka-shi,,,,則平,ノリヒラ,Norihira,,,,,,,,0,0,0,0,0,0,1,1,1947-04-17,,0,7070057,,,,,,,,,,,,,,,
332151,0104000,1,岡山県,オカヤマケン,Okayama,,,,美作市,ミマサカシ,Mimasaka-shi,,,,長谷内,ハセウチ,Haseuchi,,,,,,,,0,0,0,0,0,0,1,1,1947-04-17,,0,7070121,,,,,,,,,,,,,,,
332151,0105000,1,岡山県,オカヤマケン,Okayama,,,,美作市,ミマサカシ,Mimasaka-shi,,,,林野,ハヤシノ,Hayashino,,,,,,,,0,0,0,0,0,0,1,1,1947-04-17,,0,7070041,,,,,,,,,,,,,,,
332151,0107000,1,岡山県,オカヤマケン,Okayama,,,,美作市,ミマサカシ,Mimasaka-shi,,,,東青野,ヒガシアオノ,Higashiaono,,,,,,,,0,0,0,0,0,0,1,1,1947-04-17,,0,7070403,,,,,,,,,,,,,,,
332151,0108000,1,岡山県,オカヤマケン,Okayama,,,,美作市,ミマサカシ,Mimasaka-shi,,,,東谷上,ヒガシダニカミ,Higashidanikami,,,,,,,,0,0,0,0,0,0,1,1,1947-04-17,,0,7070205,,,,,,,,,,,,,,,
332151,0109000,1,岡山県,オカヤマケン,Okayama,,,,美作市,ミマサカシ,Mimasaka-shi,,,,東谷下,ヒガシダニシモ,Higashidanishimo,,,,,,,,0,0,0,0,0,0,1,1,1947-04-17,,0,7070206,,,,,,,,,,,,,,,
332151,0110000,1,岡山県,オカヤマケン,Okayama,,,,美作市,ミマサカシ,Mimasaka-shi,,,,東吉田,ヒガシヨシダ,Higashiyoshida,,,,,,,,0,0,0,0,0,0,1,1,1947-04-17,,0,7070406,,,,,,,,,,,,,,,
332151,0111000,1,岡山県,オカヤマケン,Okayama,,,,美作市,ミマサカシ,Mimasaka-shi,,,,日指,ヒサシ,Hisashi,,,,,,,,0,0,0,0,0,0,1,1,1947-04-17,,0,7094241,,,,,,,,,,,,,,,
332151,0113000,1,岡山県,オカヤマケン,Okayama,,,,美作市,ミマサカシ,Mimasaka-shi,,,,平福,ヒラフク,Hirafuku,,,,,,,,0,0,0,0,0,0,1,1,1947-04-17,,0,7070023,,,,,,,,,,,,,,,
332151,0114000,1,岡山県,オカヤマケン,Okayama,,,,美作市,ミマサカシ,Mimasaka-shi,,,,福本,フクモト,Fukumoto,,,,,,,,0,0,0,0,0,0,1,1,1947-04-17,,0,7012604,,,,,,,,,,,,,,,
332151,0115000,1,岡山県,オカヤマケン,Okayama,,,,美作市,ミマサカシ,Mimasaka-shi,,,,藤生,フジュウ,Fuju,,,,,,,,0,0,0,0,0,0,1,1,1947-04-17,,0,7094233,,,,,,,,,,,,,,,
332151,0116000,1,岡山県,オカヤマケン,Okayama,,,,美作市,ミマサカシ,Mimasaka-shi,,,,古町,フルマチ,Furumachi,,,,,,,,0,0,0,0,0,0,1,1,1947-04-17,,0,7070412,,,,,,,,,,,,,,,
332151,0117000,1,岡山県,オカヤマケン,Okayama,,,,美作市,ミマサカシ,Mimasaka-shi,,,,馬形,マガタ,Magata,,,,,,,,0,0,0,0,0,0,1,1,1947-04-17,,0,7070122,,,,,,,,,,,,,,,
332151,0118000,1,岡山県,オカヤマケン,Okayama,,,,美作市,ミマサカシ,Mimasaka-shi,,,,真加部,マカベ,Makabe,,,,,,,,0,0,0,0,0,0,1,1,1947-04-17,,0,7070113,,,,,,,,,,,,,,,
332151,0119000,1,岡山県,オカヤマケン,Okayama,,,,美作市,ミマサカシ,Mimasaka-shi,,,,真神,マガミ,Magami,,,,,,,,0,0,0,0,0,0,1,1,1947-04-17,,0,7012602,,,,,,,,,,,,,,,
332151,0120000,1,岡山県,オカヤマケン,Okayama,,,,美作市,ミマサカシ,Mimasaka-shi,,,,松脇,マツワキ,Matsuwaki,,,,,,,,0,0,0,0,0,0,1,1,1947-04-17,,0,7094225,,,,,,,,,,,,,,,
332151,0121000,1,岡山県,オカヤマケン,Okayama,,,,美作市,ミマサカシ,Mimasaka-shi,,,,真殿,マトノ,Matono,,,,,,,,0,0,0,0,0,0,1,1,1947-04-17,,0,7070203,,,,,,,,,,,,,,,
332151,0122000,1,岡山県,オカヤマケン,Okayama,,,,美作市,ミマサカシ,Mimasaka-shi,,,,豆田,マメダ,Mameda,,,,,,,,0,0,0,0,0,0,1,1,1947-04-17,,0,7094214,,,,,,,,,,,,,,,
332151,0123000,1,岡山県,オカヤマケン,Okayama,,,,美作市,ミマサカシ,Mimasaka-shi,,,,万善,マンゼン,Manzen,,,,,,,,0,0,0,0,0,0,1,1,1947-04-17,,0,7094254,,,,,,,,,,,,,,,
332151,0124000,1,岡山県,オカヤマケン,Okayama,,,,美作市,ミマサカシ,Mimasaka-shi,,,,海内,ミウチ,Miuchi,,,,,,,,0,0,0,0,0,0,1,1,1947-04-17,,0,7070043,,,,,,,,,,,,,,,
332151,0125000,1,岡山県,オカヤマケン,Okayama,,,,美作市,ミマサカシ,Mimasaka-shi,,,,三倉田,ミクラダ,Mikurada,,,,,,,,0,0,0,0,0,0,1,1,1947-04-17,,0,7070046,,,,,,,,,,,,,,,
332151,0126000,1,岡山県,オカヤマケン,Okayama,,,,美作市,ミマサカシ,Mimasaka-shi,,,,南,ミナミ,Minami,,,,,,,,0,0,0,0,0,0,1,1,1947-04-17,,0,7012616,,,,,,,,,,,,,,,
332151,0127000,1,岡山県,オカヤマケン,Okayama,,,,美作市,ミマサカシ,Mimasaka-shi,,,,壬生,ミブ,Mibu,,,,,,,,0,0,0,0,0,0,1,1,1947-04-17,,0,7070434,,,,,,,,,,,,,,,
332151,0128000,1,岡山県,オカヤマケン,Okayama,,,,美作市,ミマサカシ,Mimasaka-shi,,,,三保原,ミホバラ,Mihobara,,,,,,,,0,0,0,0,0,0,1,1,1947-04-17,,0,7012603,,,,,,,,,,,,,,,
332151,0129000,1,岡山県,オカヤマケン,Okayama,,,,美作市,ミマサカシ,Mimasaka-shi,,,,宮原,ミヤバラ,Miyabara,,,,,,,,0,0,0,0,0,0,1,1,1947-04-17,,0,7094212,,,,,,,,,,,,,,,
332151,0130000,1,岡山県,オカヤマケン,Okayama,,,,美作市,ミマサカシ,Mimasaka-shi,,,,宮本,ミヤモト,Miyamoto,,,,,,,,0,0,0,0,0,0,1,1,1947-04-17,,0,7070415,,,,,,,,,,,,,,,
332151,0131000,1,岡山県,オカヤマケン,Okayama,,,,美作市,ミマサカシ,Mimasaka-shi,,,,明見,ミョウケン,Myoken,,,,,,,,0,0,0,0,0,0,1,1,1947-04-17,,0,7070003,,,,,,,,,,,,,,,
332151,0132000,1,岡山県,オカヤマケン,Okayama,,,,美作市,ミマサカシ,Mimasaka-shi,,,,宗掛,ムナカケ,Munakake,,,,,,,,0,0,0,0,0,0,1,1,1947-04-17,,0,7070123,,,,,,,,,,,,,,,
332151,0133000,1,岡山県,オカヤマケン,Okayama,,,,美作市,ミマサカシ,Mimasaka-shi,,,,矢田,ヤタ,Yata,,,,,,,,0,0,0,0,0,0,1,1,1947-04-17,,0,7070134,,,,,,,,,,,,,,,
332151,0134000,1,岡山県,オカヤマケン,Okayama,,,,美作市,ミマサカシ,Mimasaka-shi,,,,山口,ヤマグチ,Yamaguchi,,,,,,,,0,0,0,0,0,0,1,1,1947-04-17,,0,7070031,,,,,,,,,,,,,,,
332151,0136000,1,岡山県,オカヤマケン,Okayama,,,,美作市,ミマサカシ,Mimasaka-shi,,,,山手,ヤマテ,Yamate,,,,,,,,0,0,0,0,0,0,1,1,1947-04-17,,0,7094216,,,,,,,,,,,,,,,
332151,0137000,1,岡山県,オカヤマケン,Okayama,,,,美作市,ミマサカシ,Mimasaka-shi,,,,山外野,ヤマトノ,Yamatono,,,,,,,,0,0,0,0,0,0,1,1,1947-04-17,,0,7070032,,,,,,,,,,,,,,,
332151,0138000,1,岡山県,オカヤマケン,Okayama,,,,美作市,ミマサカシ,Mimasaka-shi,,,,湯郷,ユノゴウ,Yunogo,,,,,,,,0,0,0,0,0,0,1,1,1947-04-17,,0,7070062,,,,,,,,,,,,,,,
332151,0140000,1,岡山県,オカヤマケン,Okayama,,,,美作市,ミマサカシ,Mimasaka-shi,,,,吉,ヨシ,Yoshi,,,,,,,,0,0,0,0,0,0,1,1,1947-04-17,,0,7070013,,,,,,,,,,,,,,,
332151,0141000,1,岡山県,オカヤマケン,Okayama,,,,美作市,ミマサカシ,Mimasaka-shi,,,,余野,ヨノ,Yono,,,,,,,,0,0,0,0,0,0,1,1,1947-04-17,,0,7070112,,,,,,,,,,,,,,,
332151,0142000,1,岡山県,オカヤマケン,Okayama,,,,美作市,ミマサカシ,Mimasaka-shi,,,,蓮花寺,レンゲジ,Rengeji,,,,,,,,0,0,0,0,0,0,1,1,1947-04-17,,0,7094243,,MJ022605_*_*,,,,,,,,,,,,,
332151,0143000,1,岡山県,オカヤマケン,Okayama,,,,美作市,ミマサカシ,Mimasaka-shi,,,,田渕,タブチ,Tabuchi,,,,,,,,0,0,0,0,0,0,1,0,1947-04-17,,0,7094257,,,,,,,,,,,,,,,
332151,0144000,1,岡山県,オカヤマケン,Okayama,,,,美作市,ミマサカシ,Mimasaka-shi,,,,井口,イグチ,,,,,,,,,0,0,0,0,0,0,1,0,1947-04-17,,1,,,,,,,,,,,,,,,,
332151,0145000,1,岡山県,オカヤマケン,Okayama,,,,美作市,ミマサカシ,Mimasaka-shi,,,,奥,オク,,,,,,,,,0,0,0,0,0,0,1,0,1947-04-17,,1,,,,,,,,,,,,,,,,
332151,0146000,1,岡山県,オカヤマケン,Okayama,,,,美作市,ミマサカシ,Mimasaka-shi,,,,横尾,ヨコオ,,,,,,,,,0,0,0,0,0,0,1,0,1947-04-17,,1,,,,,,,,,,,,,,,,
332151,0147000,1,岡山県,オカヤマケン,Okayama,,,,美作市,ミマサカシ,Mimasaka-shi,,,,金原,カナハラ,,,,,,,,,0,0,0,0,0,0,1,0,1947-04-17,,1,,,,,,,,,,,,,,,,
332151,0148000,1,岡山県,オカヤマケン,Okayama,,,,美作市,ミマサカシ,Mimasaka-shi,,,,原,ハラ,,,,,,,,,0,0,0,0,0,0,1,0,1947-04-17,,1,,,,,,,,,,,,,,,,
332151,0149000,1,岡山県,オカヤマケン,Okayama,,,,美作市,ミマサカシ,Mimasaka-shi,,,,江見,エミ,,,,,,,,,0,0,0,0,0,0,1,0,1947-04-17,,1,,,,,,,,,,,,,,,,
332151,0150000,1,岡山県,オカヤマケン,Okayama,,,,美作市,ミマサカシ,Mimasaka-shi,,,,山城,ヤマシロ,,,,,,,,,0,0,0,0,0,0,1,0,1947-04-17,,1,,,,,,,,,,,,,,,,
332151,0151000,1,岡山県,オカヤマケン,Okayama,,,,美作市,ミマサカシ,Mimasaka-shi,,,,上福原,カミフクハラ,,,,,,,,,0,0,0,0,0,0,1,0,1947-04-17,,1,,,,,,,,,,,,,,,,
332151,0152000,1,岡山県,オカヤマケン,Okayama,,,,美作市,ミマサカシ,Mimasaka-shi,,,,西町,ニシマチ,,,,,,,,,0,0,0,0,0,0,1,0,1947-04-17,,1,,,,,,,,,,,,,,,,
332151,0153000,1,岡山県,オカヤマケン,Okayama,,,,美作市,ミマサカシ,Mimasaka-shi,,,,川北,カワギタ,,,,,,,,,0,0,0,0,0,0,1,0,1947-04-17,,1,,,,,,,,,,,,,,,,
332151,0154000,1,岡山県,オカヤマケン,Okayama,,,,美作市,ミマサカシ,Mimasaka-shi,,,,大聖寺,ダイショウジ,,,,,,,,,0,0,0,0,0,0,1,0,1947-04-17,,1,,,,,,,,,,,,,,,,
332151,0155000,1,岡山県,オカヤマケン,Okayama,,,,美作市,ミマサカシ,Mimasaka-shi,,,,大町,オオマチ,,,,,,,,,0,0,0,0,0,0,1,0,1947-04-17,,1,,,,,,,,,,,,,,,,
332151,0156000,1,岡山県,オカヤマケン,Okayama,,,,美作市,ミマサカシ,Mimasaka-shi,,,,土居,ドイ,,,,,,,,,0,0,0,0,0,0,1,0,1947-04-17,,1,,,,,,,,,,,,,,,,
332151,0157000,1,岡山県,オカヤマケン,Okayama,,,,美作市,ミマサカシ,Mimasaka-shi,,,,尾谷,オタニ,,,,,,,,,0,0,0,0,0,0,1,0,1947-04-17,,1,,,,,,,,,,,,,,,,
332151,0158000,1,岡山県,オカヤマケン,Okayama,,,,美作市,ミマサカシ,Mimasaka-shi,,,,平田,ヒラタ,,,,,,,,,0,0,0,0,0,0,1,0,1947-04-17,,1,,,,,,,,,,,,,,,,
332151,0159000,1,岡山県,オカヤマケン,Okayama,,,,美作市,ミマサカシ,Mimasaka-shi,,,,和田,ワダ,,,,,,,,,0,0,0,0,0,0,1,0,1947-04-17,,1,,,,,,,,,,,,,,,,
332151,0162000,1,岡山県,オカヤマケン,Okayama,,,,美作市,ミマサカシ,Mimasaka-shi,,,,鯰,ナマズ,,,,,,,,,0,0,0,0,0,0,1,0,1947-04-17,,1,,,,,,,,,,,,,,,,
332151,0163000,1,岡山県,オカヤマケン,Okayama,,,,美作市,ミマサカシ,Mimasaka-shi,,,,上山,ウエヤマ,Ueyama,,,,,,,,0,0,0,0,0,0,1,1,1947-04-17,,0,7012614,,,,,,,,,,,,,,,
332151,0165000,1,岡山県,オカヤマケン,Okayama,,,,美作市,ミマサカシ,Mimasaka-shi,,,,川上,カワカミ,Kawakami,,,,,,,,0,0,0,0,0,0,1,1,1947-04-17,,0,7070421,,,,,,,,,,,,,,,
332151,0175000,1,岡山県,オカヤマケン,Okayama,,,,美作市,ミマサカシ,Mimasaka-shi,,,,美来,ミライ,Mirai,,,,,,,,0,0,0,0,0,0,1,0,2024-09-09,,1,,,,,,,,,,,,,,,,
332160,0001000,1,岡山県,オカヤマケン,Okayama,,,,浅口市,アサクチシ,Asakuchi-shi,,,,鴨方町鴨方,カモガタチョウカモガタ,Kamogatacho Kamogata,,,,,,,,0,0,0,0,0,0,1,1,1947-04-17,,0,7190243,,,,,,,,,,,,,,,
332160,0002000,1,岡山県,オカヤマケン,Okayama,,,,浅口市,アサクチシ,Asakuchi-shi,,,,鴨方町小坂西,カモガタチョウコサカニシ,Kamogatacho Kosakanishi,,,,,,,,0,0,0,0,0,0,1,1,1947-04-17,,0,7190231,,,,,,,,,,,,,,,
332160,0003000,1,岡山県,オカヤマケン,Okayama,,,,浅口市,アサクチシ,Asakuchi-shi,,,,鴨方町小坂東,カモガタチョウコサカヒガシ,Kamogatacho Kosakahigashi,,,,,,,,0,0,0,0,0,0,1,1,1947-04-17,,0,7190241,,,,,,,,,,,,,,,
332160,0004000,1,岡山県,オカヤマケン,Okayama,,,,浅口市,アサクチシ,Asakuchi-shi,,,,鴨方町地頭上,カモガタチョウジトウカミ,Kamogatacho Jitokami,,,,,,,,0,0,0,0,0,0,1,1,1947-04-17,,0,7190233,,,,,,,,,,,,,,,
332160,0005001,2,岡山県,オカヤマケン,Okayama,,,,浅口市,アサクチシ,Asakuchi-shi,,,,鴨方町鳩ケ丘,カモガタチョウハトガオカ,Kamogatacho Hatogaoka,１丁目,１チョウメ,1,,,,,0,0,0,0,0,0,1,1,1947-04-17,,0,,,,,,,,,,,,,,,,
332160,0005002,2,岡山県,オカヤマケン,Okayama,,,,浅口市,アサクチシ,Asakuchi-shi,,,,鴨方町鳩ケ丘,カモガタチョウハトガオカ,Kamogatacho Hatogaoka,２丁目,２チョウメ,2,,,,,0,0,0,0,0,0,1,1,1947-04-17,,0,,,,,,,,,,,,,,,,
332160,0005003,2,岡山県,オカヤマケン,Okayama,,,,浅口市,アサクチシ,Asakuchi-shi,,,,鴨方町鳩ケ丘,カモガタチョウハトガオカ,Kamogatacho Hatogaoka,３丁目,３チョウメ,3,,,,,0,0,0,0,0,0,1,1,1947-04-17,,0,,,,,,,,,,,,,,,,
332160,0005004,2,岡山県,オカヤマケン,Okayama,,,,浅口市,アサクチシ,Asakuchi-shi,,,,鴨方町鳩ケ丘,カモガタチョウハトガオカ,Kamogatacho Hatogaoka,４丁目,４チョウメ,4,,,,,0,0,0,0,0,0,1,1,1947-04-17,,0,,,,,,,,,,,,,,,,
332160,0006000,1,岡山県,オカヤマケン,Okayama,,,,浅口市,アサクチシ,Asakuchi-shi,,,,鴨方町深田,カモガタチョウフカダ,Kamogatacho Fukada,,,,,,,,0,0,0,0,0,0,1,1,1947-04-17,,0,7190244,,,,,,,,,,,,,,,
332160,0007000,1,岡山県,オカヤマケン,Okayama,,,,浅口市,アサクチシ,Asakuchi-shi,,,,鴨方町本庄,カモガタチョウホンジョ,Kamogatacho Honjo,,,,,,,,0,0,0,0,0,0,1,1,1947-04-17,,0,7190232,,,,,,,,,,,,,,,
332160,0008000,1,岡山県,オカヤマケン,Okayama,,,,浅口市,アサクチシ,Asakuchi-shi,,,,鴨方町益坂,カモガタチョウマスサカ,Kamogatacho Masusaka,,,,,,,,0,0,0,0,0,0,1,1,1947-04-17,,0,7190234,,,,,,,,,,,,,,,
332160,0009001,2,岡山県,オカヤマケン,Okayama,,,,浅口市,アサクチシ,Asakuchi-shi,,,,鴨方町みどりケ丘,カモガタチョウミドリガオカ,Kamogatacho Midorigaoka,１丁目,１チョウメ,1,,,,,0,0,0,0,0,0,1,1,1947-04-17,,0,,,,,,,,,,,,,,,,
332160,0009002,2,岡山県,オカヤマケン,Okayama,,,,浅口市,アサクチシ,Asakuchi-shi,,,,鴨方町みどりケ丘,カモガタチョウミドリガオカ,Kamogatacho Midorigaoka,２丁目,２チョウメ,2,,,,,0,0,0,0,0,0,1,1,1947-04-17,,0,,,,,,,,,,,,,,,,
332160,0009003,2,岡山県,オカヤマケン,Okayama,,,,浅口市,アサクチシ,Asakuchi-shi,,,,鴨方町みどりケ丘,カモガタチョウミドリガオカ,Kamogatacho Midorigaoka,３丁目,３チョウメ,3,,,,,0,0,0,0,0,0,1,1,1947-04-17,,0,,,,,,,,,,,,,,,,
332160,0009004,2,岡山県,オカヤマケン,Okayama,,,,浅口市,アサクチシ,Asakuchi-shi,,,,鴨方町みどりケ丘,カモガタチョウミドリガオカ,Kamogatacho Midorigaoka,４丁目,４チョウメ,4,,,,,0,0,0,0,0,0,1,1,1947-04-17,,0,,,,,,,,,,,,,,,,
332160,0010000,1,岡山県,オカヤマケン,Okayama,,,,浅口市,アサクチシ,Asakuchi-shi,,,,鴨方町六条院中,カモガタチョウロクジョウインナカ,Kamogatacho Rokujoinnaka,,,,,,,,0,0,0,0,0,0,1,1,1947-04-17,,0,7190252,,,,,,,,,,,,,,,
332160,0011000,1,岡山県,オカヤマケン,Okayama,,,,浅口市,アサクチシ,Asakuchi-shi,,,,鴨方町六条院西,カモガタチョウロクジョウインニシ,Kamogatacho Rokujoinnishi,,,,,,,,0,0,0,0,0,0,1,1,1947-04-17,,0,7190251,,,,,,,,,,,,,,,
332160,0012000,1,岡山県,オカヤマケン,Okayama,,,,浅口市,アサクチシ,Asakuchi-shi,,,,鴨方町六条院東,カモガタチョウロクジョウインヒガシ,Kamogatacho Rokujoinhigashi,,,,,,,,0,0,0,0,0,0,1,1,1947-04-17,,0,7190254,,,,,,,,,,,,,,,
332160,0013000,1,岡山県,オカヤマケン,Okayama,,,,浅口市,アサクチシ,Asakuchi-shi,,,,金光町占見,コンコウチョウウラミ,Konkocho Urami,,,,,,,,0,0,0,0,0,0,1,1,1947-04-17,,0,7190105,,,,,,,,,,,,,,,
332160,0014000,1,岡山県,オカヤマケン,Okayama,,,,浅口市,アサクチシ,Asakuchi-shi,,,,金光町占見新田,コンコウチョウウラミシンデン,Konkocho Uramishinden,,,,,,,,0,0,0,0,0,0,1,1,1947-04-17,,0,7190104,,,,,,,,,,,,,,,
332160,0015000,1,岡山県,オカヤマケン,Okayama,,,,浅口市,アサクチシ,Asakuchi-shi,,,,金光町大谷,コンコウチョウオオタニ,Konkocho Otani,,,,,,,,0,0,0,0,0,0,1,1,1947-04-17,,0,7190111,,,,,,,,,,,,,,,
332160,0016000,1,岡山県,オカヤマケン,Okayama,,,,浅口市,アサクチシ,Asakuchi-shi,,,,金光町上竹,コンコウチョウカミダケ,,,,,,,,,0,0,0,0,0,0,1,1,1947-04-17,,0,,,,,,,,,,,,,,,,
332160,0017000,1,岡山県,オカヤマケン,Okayama,,,,浅口市,アサクチシ,Asakuchi-shi,,,,金光町佐方,コンコウチョウサガタ,Konkocho Sagata,,,,,,,,0,0,0,0,0,0,1,1,1947-04-17,,0,7190113,,,,,,,,,,,,,,,
332160,0018000,1,岡山県,オカヤマケン,Okayama,,,,浅口市,アサクチシ,Asakuchi-shi,,,,金光町地頭下,コンコウチョウジトウシモ,Konkocho Jitoshimo,,,,,,,,0,0,0,0,0,0,1,1,1947-04-17,,0,7190106,,,,,,,,,,,,,,,
332160,0019000,1,岡山県,オカヤマケン,Okayama,,,,浅口市,アサクチシ,Asakuchi-shi,,,,金光町下竹,コンコウチョウシモダケ,Konkocho Shimodake,,,,,,,,0,0,0,0,0,0,1,1,1947-04-17,,0,7190102,,,,,,,,,,,,,,,
332160,0020000,1,岡山県,オカヤマケン,Okayama,,,,浅口市,アサクチシ,Asakuchi-shi,,,,金光町須恵,コンコウチョウスエ,Konkocho Sue,,,,,,,,0,0,0,0,0,0,1,1,1947-04-17,,0,7190112,,,,,,,,,,,,,,,
332160,0021000,1,岡山県,オカヤマケン,Okayama,,,,浅口市,アサクチシ,Asakuchi-shi,,,,金光町八重,コンコウチョウヤエ,Konkocho Yae,,,,,,,,0,0,0,0,0,0,1,1,1947-04-17,,0,7190103,,,,,,,,,,,,,,,
332160,0022000,1,岡山県,オカヤマケン,Okayama,,,,浅口市,アサクチシ,Asakuchi-shi,,,,寄島町,ヨリシマチョウ,Yorishimacho,,,,,,,,0,0,0,0,0,0,1,1,1947-04-17,,0,7140101,,,,,,,,,,,,,,,
333468,0001000,1,岡山県,オカヤマケン,Okayama,和気郡,ワケグン,Wake-gun,和気町,ワケチョウ,Wake-cho,,,,泉,イズミ,Izumi,,,,,,,,0,0,0,0,0,0,1,1,1947-04-17,,0,7090413,,,,,,,,,,,,,,,
333468,0002000,1,岡山県,オカヤマケン,Okayama,和気郡,ワケグン,Wake-gun,和気町,ワケチョウ,Wake-cho,,,,岩戸,イワト,Iwato,,,,,,,,0,0,0,0,0,0,1,1,1947-04-17,,0,7090513,,,,,,,,,,,,,,,
333468,0003000,1,岡山県,オカヤマケン,Okayama,和気郡,ワケグン,Wake-gun,和気町,ワケチョウ,Wake-cho,,,,宇生,ウブ,Ubu,,,,,,,,0,0,0,0,0,0,1,1,1947-04-17,,0,7090525,,,,,,,,,,,,,,,
333468,0005000,1,岡山県,オカヤマケン,Okayama,和気郡,ワケグン,Wake-gun,和気町,ワケチョウ,Wake-cho,,,,大中山,オオナカヤマ,Onakayama,,,,,,,,0,0,0,0,0,0,1,1,1947-04-17,,0,7090432,,,,,,,,,,,,,,,
333468,0006000,1,岡山県,オカヤマケン,Okayama,和気郡,ワケグン,Wake-gun,和気町,ワケチョウ,Wake-cho,,,,奥塩田,オクシオタ,Okushiota,,,,,,,,0,0,0,0,0,0,1,1,1947-04-17,,0,7090501,,,,,,,,,,,,,,,
333468,0007000,1,岡山県,オカヤマケン,Okayama,和気郡,ワケグン,Wake-gun,和気町,ワケチョウ,Wake-cho,,,,加三方,カミガタ,Kamigata,,,,,,,,0,0,0,0,0,0,1,1,1947-04-17,,0,7090522,,,,,,,,,,,,,,,
333468,0008000,1,岡山県,オカヤマケン,Okayama,和気郡,ワケグン,Wake-gun,和気町,ワケチョウ,Wake-cho,,,,北山方,キタヤマガタ,Kitayamagata,,,,,,,,0,0,0,0,0,0,1,1,1947-04-17,,0,7090504,,,,,,,,,,,,,,,
333468,0009000,1,岡山県,オカヤマケン,Okayama,和気郡,ワケグン,Wake-gun,和気町,ワケチョウ,Wake-cho,,,,衣笠,キヌガサ,Kinugasa,,,,,,,,0,0,0,0,0,0,1,1,1947-04-17,,0,7090441,,,,,,,,,,,,,,,
333468,0010000,1,岡山県,オカヤマケン,Okayama,和気郡,ワケグン,Wake-gun,和気町,ワケチョウ,Wake-cho,,,,木倉,キノクラ,Kinokura,,,,,,,,0,0,0,0,0,0,1,1,1947-04-17,,0,7090404,,,,,,,,,,,,,,,
333468,0011000,1,岡山県,オカヤマケン,Okayama,和気郡,ワケグン,Wake-gun,和気町,ワケチョウ,Wake-cho,,,,小坂,コザカ,Kozaka,,,,,,,,0,0,0,0,0,0,1,1,1947-04-17,,0,7090523,,,,,,,,,,,,,,,
333468,0012000,1,岡山県,オカヤマケン,Okayama,和気郡,ワケグン,Wake-gun,和気町,ワケチョウ,Wake-cho,,,,佐伯,サエキ,Saeki,,,,,,,,0,0,0,0,0,0,1,1,1947-04-17,,0,7090514,,,,,,,,,,,,,,,
333468,0016000,1,岡山県,オカヤマケン,Okayama,和気郡,ワケグン,Wake-gun,和気町,ワケチョウ,Wake-cho,,,,田賀,タガ,Taga,,,,,,,,0,0,0,0,0,0,1,1,1947-04-17,,0,7090524,,,,,,,,,,,,,,,
333468,0017000,1,岡山県,オカヤマケン,Okayama,和気郡,ワケグン,Wake-gun,和気町,ワケチョウ,Wake-cho,,,,田土,タド,Tado,,,,,,,,0,0,0,0,0,0,1,1,1947-04-17,,0,7090512,,,,,,,,,,,,,,,
333468,0018000,1,岡山県,オカヤマケン,Okayama,和気郡,ワケグン,Wake-gun,和気町,ワケチョウ,Wake-cho,,,,田原上,タハラカミ,Tawarakami,,,,,,,,0,0,0,0,0,0,1,1,1947-04-17,,0,7090463,,,,,,,,,,,,,,,
333468,0019000,1,岡山県,オカヤマケン,Okayama,和気郡,ワケグン,Wake-gun,和気町,ワケチョウ,Wake-cho,,,,田原下,タハラシモ,Tawarashimo,,,,,,,,0,0,0,0,0,0,1,1,1947-04-17,,0,7090464,,,,,,,,,,,,,,,
333468,0020000,1,岡山県,オカヤマケン,Okayama,和気郡,ワケグン,Wake-gun,和気町,ワケチョウ,Wake-cho,,,,父井原,チチイバラ,Chichiibara,,,,,,,,0,0,0,0,0,0,1,1,1947-04-17,,0,7090521,,,,,,,,,,,,,,,
333468,0022000,1,岡山県,オカヤマケン,Okayama,和気郡,ワケグン,Wake-gun,和気町,ワケチョウ,Wake-cho,,,,苦木,ニガキ,Nigaki,,,,,,,,0,0,0,0,0,0,1,1,1947-04-17,,0,7090505,,,,,,,,,,,,,,,
333468,0024000,1,岡山県,オカヤマケン,Okayama,和気郡,ワケグン,Wake-gun,和気町,ワケチョウ,Wake-cho,,,,日笠上,ヒカサカミ,Hikasakami,,,,,,,,0,0,0,0,0,0,1,1,1947-04-17,,0,7090402,,,,,,,,,,,,,,,
333468,0025000,1,岡山県,オカヤマケン,Okayama,和気郡,ワケグン,Wake-gun,和気町,ワケチョウ,Wake-cho,,,,日笠下,ヒカサシモ,Hikasashimo,,,,,,,,0,0,0,0,0,0,1,1,1947-04-17,,0,7090403,,,,,,,,,,,,,,,
333468,0026000,1,岡山県,オカヤマケン,Okayama,和気郡,ワケグン,Wake-gun,和気町,ワケチョウ,Wake-cho,,,,日室,ヒムロ,Himuro,,,,,,,,0,0,0,0,0,0,1,1,1947-04-17,,0,7090421,,,,,,,,,,,,,,,
333468,0028000,1,岡山県,オカヤマケン,Okayama,和気郡,ワケグン,Wake-gun,和気町,ワケチョウ,Wake-cho,,,,藤野,フジノ,Fujino,,,,,,,,0,0,0,0,0,0,1,1,1947-04-17,,0,7090412,,,,,,,,,,,,,,,
333468,0029000,1,岡山県,オカヤマケン,Okayama,和気郡,ワケグン,Wake-gun,和気町,ワケチョウ,Wake-cho,,,,保曽,ホソウ,Hoso,,,,,,,,0,0,0,0,0,0,1,1,1947-04-17,,0,7090401,,,,,,,,,,,,,,,
333468,0030000,1,岡山県,オカヤマケン,Okayama,和気郡,ワケグン,Wake-gun,和気町,ワケチョウ,Wake-cho,,,,本,ホン,Hon,,,,,,,,0,0,0,0,0,0,1,1,1947-04-17,,0,7090462,,,,,,,,,,,,,,,
333468,0031000,1,岡山県,オカヤマケン,Okayama,和気郡,ワケグン,Wake-gun,和気町,ワケチョウ,Wake-cho,,,,益原,マスバラ,Masubara,,,,,,,,0,0,0,0,0,0,1,1,1947-04-17,,0,7090452,,,,,,,,,,,,,,,
333468,0033000,1,岡山県,オカヤマケン,Okayama,和気郡,ワケグン,Wake-gun,和気町,ワケチョウ,Wake-cho,,,,南山方,ミナミヤマガタ,Minamiyamagata,,,,,,,,0,0,0,0,0,0,1,1,1947-04-17,,0,7090503,,,,,,,,,,,,,,,
333468,0034000,1,岡山県,オカヤマケン,Okayama,和気郡,ワケグン,Wake-gun,和気町,ワケチョウ,Wake-cho,,,,矢田,ヤタ,Yata,,,,,,,,0,0,0,0,0,0,1,1,1947-04-17,,0,7090511,,,,,,,,,,,,,,,
333468,0035000,1,岡山県,オカヤマケン,Okayama,和気郡,ワケグン,Wake-gun,和気町,ワケチョウ,Wake-cho,,,,矢田部,ヤタベ,Yatabe,,,,,,,,0,0,0,0,0,0,1,1,1947-04-17,,0,7090526,,,,,,,,,,,,,,,
333468,0037000,1,岡山県,オカヤマケン,Okayama,和気郡,ワケグン,Wake-gun,和気町,ワケチョウ,Wake-cho,,,,米澤,ヨネザワ,Yonezawa,,,,,,,,0,0,0,0,0,0,1,1,1947-04-17,,0,7090515,,,,,,,,,,,,,,,
333468,0038000,1,岡山県,オカヤマケン,Okayama,和気郡,ワケグン,Wake-gun,和気町,ワケチョウ,Wake-cho,,,,塩田,シオタ,,,,,,,,,0,0,0,0,0,0,1,0,1947-04-17,,1,,,,,,,,,,,,,,,,
333468,0039000,1,岡山県,オカヤマケン,Okayama,和気郡,ワケグン,Wake-gun,和気町,ワケチョウ,Wake-cho,,,,丸山,マルヤマ,,,,,,,,,0,0,0,0,0,0,1,0,1947-04-17,,1,,,,,,,,,,,,,,,,
333468,0040000,1,岡山県,オカヤマケン,Okayama,和気郡,ワケグン,Wake-gun,和気町,ワケチョウ,Wake-cho,,,,吉田,ヨシダ,,,,,,,,,0,0,0,0,0,0,1,0,1947-04-17,,1,,,,,,,,,,,,,,,,
333468,0041000,1,岡山県,オカヤマケン,Okayama,和気郡,ワケグン,Wake-gun,和気町,ワケチョウ,Wake-cho,,,,原,ハラ,,,,,,,,,0,0,0,0,0,0,1,0,1947-04-17,,1,,,,,,,,,,,,,,,,
333468,0042000,1,岡山県,オカヤマケン,Okayama,和気郡,ワケグン,Wake-gun,和気町,ワケチョウ,Wake-cho,,,,尺所,シャクソ,,,,,,,,,0,0,0,0,0,0,1,0,1947-04-17,,1,,,,,,,,,,,,,,,,
333468,0043000,1,岡山県,オカヤマケン,Okayama,和気郡,ワケグン,Wake-gun,和気町,ワケチョウ,Wake-cho,,,,清水,シミズ,,,,,,,,,0,0,0,0,0,0,1,0,1947-04-17,,1,,,,,,,,,,,,,,,,
333468,0044000,1,岡山県,オカヤマケン,Okayama,和気郡,ワケグン,Wake-gun,和気町,ワケチョウ,Wake-cho,,,,大田原,オオタハラ,,,,,,,,,0,0,0,0,0,0,1,0,1947-04-17,,1,,,,,,,,,,,,,,,,
333468,0045000,1,岡山県,オカヤマケン,Okayama,和気郡,ワケグン,Wake-gun,和気町,ワケチョウ,Wake-cho,,,,津瀬,ツゼ,,,,,,,,,0,0,0,0,0,0,1,0,1947-04-17,,1,,,,,,,,,,,,,,,,
333468,0046000,1,岡山県,オカヤマケン,Okayama,和気郡,ワケグン,Wake-gun,和気町,ワケチョウ,Wake-cho,,,,福富,フクトミ,,,,,,,,,0,0,0,0,0,0,1,0,1947-04-17,,1,,,,,,,,,,,,,,,,
333468,0047000,1,岡山県,オカヤマケン,Okayama,和気郡,ワケグン,Wake-gun,和気町,ワケチョウ,Wake-cho,,,,和気,ワケ,,,,,,,,,0,0,0,0,0,0,1,0,1947-04-17,,1,,,,,,,,,,,,,,,,
334235,0001000,1,岡山県,オカヤマケン,Okayama,都窪郡,ツクボグン,Tsukubo-gun,早島町,ハヤシマチョウ,Hayashima-cho,,,,早島,ハヤシマ,Hayashima,,,,,,,,0,0,0,0,0,0,1,1,1947-04-17,,0,7010304,,,,,,,,,,,,,,,
334235,0003000,1,岡山県,オカヤマケン,Okayama,都窪郡,ツクボグン,Tsukubo-gun,早島町,ハヤシマチョウ,Hayashima-cho,,,,矢尾,ヤオ,Yao,,,,,,,,0,0,0,0,0,0,1,1,1947-04-17,,0,7010301,,,,,,,,,,,,,,,
334235,0004000,1,岡山県,オカヤマケン,Okayama,都窪郡,ツクボグン,Tsukubo-gun,早島町,ハヤシマチョウ,Hayashima-cho,,,,若宮,ワカミヤ,Wakamiya,,,,,,,,0,0,0,0,0,0,1,1,1947-04-17,,0,7010302,,,,,,,,,,,,,,,
334235,0005000,1,岡山県,オカヤマケン,Okayama,都窪郡,ツクボグン,Tsukubo-gun,早島町,ハヤシマチョウ,Hayashima-cho,,,,前潟,マエガタ,,,,,,,,,0,0,0,0,0,0,1,0,1947-04-17,,1,,,,,,,,,,,,,,,,
334456,0001000,1,岡山県,オカヤマケン,Okayama,浅口郡,アサクチグン,Asakuchi-gun,里庄町,サトショウチョウ,Satosho-cho,,,,大字里見,オオアザサトミ,Satomi,,,,,,,,0,0,0,0,0,0,1,1,1947-04-17,,0,7190301,,,,,,,,,,,,,,,
334456,0002000,1,岡山県,オカヤマケン,Okayama,浅口郡,アサクチグン,Asakuchi-gun,里庄町,サトショウチョウ,Satosho-cho,,,,大字新庄,オオアザシンジョウ,Shinjo,,,,,,,,0,0,0,0,0,0,1,1,1947-04-17,,0,7190302,,,,,,,,,,,,,,,
334456,0003000,1,岡山県,オカヤマケン,Okayama,浅口郡,アサクチグン,Asakuchi-gun,里庄町,サトショウチョウ,Satosho-cho,,,,大字新庄グリーンクレスト,オオアザシンジョウグリーンクレスト,Shinjogurinkuresuto,,,,,,,,0,0,0,0,0,0,1,1,1947-04-17,,0,7190304,,,,,,,,,,,,,,,
334456,0004000,1,岡山県,オカヤマケン,Okayama,浅口郡,アサクチグン,Asakuchi-gun,里庄町,サトショウチョウ,Satosho-cho,,,,大字浜中,オオアザハマナカ,Hamanaka,,,,,,,,0,0,0,0,0,0,1,1,1947-04-17,,0,7190303,,,,,,,,,,,,,,,
334618,0001000,1,岡山県,オカヤマケン,Okayama,小田郡,オダグン,Oda-gun,矢掛町,ヤカゲチョウ,Yakage-cho,,,,浅海,アスミ,Asumi,,,,,,,,0,0,0,0,0,0,1,1,1947-04-17,,0,7141225,,,,,,,,,,,,,,,
334618,0002000,1,岡山県,オカヤマケン,Okayama,小田郡,オダグン,Oda-gun,矢掛町,ヤカゲチョウ,Yakage-cho,,,,宇角,ウズミ,Uzumi,,,,,,,,0,0,0,0,0,0,1,1,1947-04-17,,0,7141205,,,,,,,,,,,,,,,
334618,0003000,1,岡山県,オカヤマケン,Okayama,小田郡,オダグン,Oda-gun,矢掛町,ヤカゲチョウ,Yakage-cho,,,,内田,ウチダ,Uchida,,,,,,,,0,0,0,0,0,0,1,1,1947-04-17,,0,7141206,,,,,,,,,,,,,,,
334618,0004000,1,岡山県,オカヤマケン,Okayama,小田郡,オダグン,Oda-gun,矢掛町,ヤカゲチョウ,Yakage-cho,,,,宇内,ウナイ,Unai,,,,,,,,0,0,0,0,0,0,1,1,1947-04-17,,0,7141221,,,,,,,,,,,,,,,
334618,0005000,1,岡山県,オカヤマケン,Okayama,小田郡,オダグン,Oda-gun,矢掛町,ヤカゲチョウ,Yakage-cho,,,,江良,エラ,Era,,,,,,,,0,0,0,0,0,0,1,1,1947-04-17,,0,7141226,,,,,,,,,,,,,,,
334618,0006000,1,岡山県,オカヤマケン,Okayama,小田郡,オダグン,Oda-gun,矢掛町,ヤカゲチョウ,Yakage-cho,,,,小田,オダ,Oda,,,,,,,,0,0,0,0,0,0,1,1,1947-04-17,,0,7141227,,,,,,,,,,,,,,,
334618,0007000,1,岡山県,オカヤマケン,Okayama,小田郡,オダグン,Oda-gun,矢掛町,ヤカゲチョウ,Yakage-cho,,,,小林,オバヤシ,Obayashi,,,,,,,,0,0,0,0,0,0,1,1,1947-04-17,,0,7141202,,,,,,,,,,,,,,,
334618,0008000,1,岡山県,オカヤマケン,Okayama,小田郡,オダグン,Oda-gun,矢掛町,ヤカゲチョウ,Yakage-cho,,,,上高末,カミコウズエ,Kamikozue,,,,,,,,0,0,0,0,0,0,1,1,1947-04-17,,0,7141203,,,,,,,,,,,,,,,
334618,0009000,1,岡山県,オカヤマケン,Okayama,小田郡,オダグン,Oda-gun,矢掛町,ヤカゲチョウ,Yakage-cho,,,,里山田,サトヤマダ,Satoyamada,,,,,,,,0,0,0,0,0,0,1,1,1947-04-17,,0,7141213,,,,,,,,,,,,,,,
334618,0010000,1,岡山県,オカヤマケン,Okayama,小田郡,オダグン,Oda-gun,矢掛町,ヤカゲチョウ,Yakage-cho,,,,下高末,シモコウズエ,Shimokozue,,,,,,,,0,0,0,0,0,0,1,1,1947-04-17,,0,7141204,,,,,,,,,,,,,,,
334618,0012000,1,岡山県,オカヤマケン,Okayama,小田郡,オダグン,Oda-gun,矢掛町,ヤカゲチョウ,Yakage-cho,,,,西川面,ニシカワモ,Nishikawamo,,,,,,,,0,0,0,0,0,0,1,1,1947-04-17,,0,7141222,,,,,,,,,,,,,,,
334618,0013000,1,岡山県,オカヤマケン,Okayama,小田郡,オダグン,Oda-gun,矢掛町,ヤカゲチョウ,Yakage-cho,,,,東川面,ヒガシカワモ,Higashikawamo,,,,,,,,0,0,0,0,0,0,1,1,1947-04-17,,0,7141223,,,,,,,,,,,,,,,
334618,0014000,1,岡山県,オカヤマケン,Okayama,小田郡,オダグン,Oda-gun,矢掛町,ヤカゲチョウ,Yakage-cho,,,,東三成,ヒガシミナリ,Higashiminari,,,,,,,,0,0,0,0,0,0,1,1,1947-04-17,,0,7141211,,,,,,,,,,,,,,,
334618,0015000,1,岡山県,オカヤマケン,Okayama,小田郡,オダグン,Oda-gun,矢掛町,ヤカゲチョウ,Yakage-cho,,,,南山田,ミナミヤマダ,Minamiyamada,,,,,,,,0,0,0,0,0,0,1,1,1947-04-17,,0,7141214,,,,,,,,,,,,,,,
334618,0016000,1,岡山県,オカヤマケン,Okayama,小田郡,オダグン,Oda-gun,矢掛町,ヤカゲチョウ,Yakage-cho,,,,本堀,モトホリ,Motohori,,,,,,,,0,0,0,0,0,0,1,1,1947-04-17,,0,7141224,,,,,,,,,,,,,,,
334618,0017000,1,岡山県,オカヤマケン,Okayama,小田郡,オダグン,Oda-gun,矢掛町,ヤカゲチョウ,Yakage-cho,,,,矢掛,ヤカゲ,Yakage,,,,,,,,0,0,0,0,0,0,1,1,1947-04-17,,0,7141201,,,,,,,,,,,,,,,
334618,0018000,1,岡山県,オカヤマケン,Okayama,小田郡,オダグン,Oda-gun,矢掛町,ヤカゲチョウ,Yakage-cho,,,,横谷,ヨコダニ,Yokodani,,,,,,,,0,0,0,0,0,0,1,1,1947-04-17,,0,7141212,,,,,,,,,,,,,,,
335860,0000000,4,岡山県,オカヤマケン,Okayama,真庭郡,マニワグン,Maniwa-gun,新庄村,シンジョウソン,Shinjo-son,,,,,,,,,,,,,,0,0,0,0,0,0,1,1,1947-04-17,,0,,,,,,,,,,,,,,,,
336068,0002000,1,岡山県,オカヤマケン,Okayama,苫田郡,トマタグン,Tomata-gun,鏡野町,カガミノチョウ,Kagamino-cho,,,,市場,イチバ,Ichiba,,,,,,,,0,0,0,0,0,0,1,1,1947-04-17,,0,7080315,,,,,,,,,,,,,,,
336068,0003000,1,岡山県,オカヤマケン,Okayama,苫田郡,トマタグン,Tomata-gun,鏡野町,カガミノチョウ,Kagamino-cho,,,,入,イリ,Iri,,,,,,,,0,0,0,0,0,0,1,1,1947-04-17,,0,7080351,,,,,,,,,,,,,,,
336068,0005000,1,岡山県,オカヤマケン,Okayama,苫田郡,トマタグン,Tomata-gun,鏡野町,カガミノチョウ,Kagamino-cho,,,,円宗寺,エンジュウジ,Enjuji,,,,,,,,0,0,0,0,0,0,1,1,1947-04-17,,0,7080321,,,,,,,,,,,,,,,
336068,0006000,1,岡山県,オカヤマケン,Okayama,苫田郡,トマタグン,Tomata-gun,鏡野町,カガミノチョウ,Kagamino-cho,,,,大,オオ,O,,,,,,,,0,0,0,0,0,0,1,1,1947-04-17,,0,7080704,,,,,,,,,,,,,,,
336068,0007000,1,岡山県,オカヤマケン,Okayama,苫田郡,トマタグン,Tomata-gun,鏡野町,カガミノチョウ,Kagamino-cho,,,,大町,オオマチ,Omachi,,,,,,,,0,0,0,0,0,0,1,1,1947-04-17,,0,7080303,,,,,,,,,,,,,,,
336068,0008000,1,岡山県,オカヤマケン,Okayama,苫田郡,トマタグン,Tomata-gun,鏡野町,カガミノチョウ,Kagamino-cho,,,,沖,オキ,Oki,,,,,,,,0,0,0,0,0,0,1,1,1947-04-17,,0,7080322,,,,,,,,,,,,,,,
336068,0011000,1,岡山県,オカヤマケン,Okayama,苫田郡,トマタグン,Tomata-gun,鏡野町,カガミノチョウ,Kagamino-cho,,,,小座,オザ,Oza,,,,,,,,0,0,0,0,0,0,1,1,1947-04-17,,0,7080363,,,,,,,,,,,,,,,
336068,0012000,1,岡山県,オカヤマケン,Okayama,苫田郡,トマタグン,Tomata-gun,鏡野町,カガミノチョウ,Kagamino-cho,,,,女原,オナバラ,Onabara,,,,,,,,0,0,0,0,0,0,1,1,1947-04-17,,0,7080423,,,,,,,,,,,,,,,
336068,0013000,1,岡山県,オカヤマケン,Okayama,苫田郡,トマタグン,Tomata-gun,鏡野町,カガミノチョウ,Kagamino-cho,,,,香々美,カガミ,Kagami,,,,,,,,0,0,0,0,0,0,1,1,1947-04-17,,0,7080312,,,,,,,,,,,,,,,
336068,0015000,1,岡山県,オカヤマケン,Okayama,苫田郡,トマタグン,Tomata-gun,鏡野町,カガミノチョウ,Kagamino-cho,,,,上森原,カミモリバラ,Kamimoribara,,,,,,,,0,0,0,0,0,0,1,1,1947-04-17,,0,7080361,,,,,,,,,,,,,,,
336068,0016000,1,岡山県,オカヤマケン,Okayama,苫田郡,トマタグン,Tomata-gun,鏡野町,カガミノチョウ,Kagamino-cho,,,,楠,クス,Kusu,,,,,,,,0,0,0,0,0,0,1,1,1947-04-17,,0,7080705,,,,,,,,,,,,,,,
336068,0017000,1,岡山県,オカヤマケン,Okayama,苫田郡,トマタグン,Tomata-gun,鏡野町,カガミノチョウ,Kagamino-cho,,,,久田上原,クタカミノハラ,Kutakaminohara,,,,,,,,0,0,0,0,0,0,1,1,1947-04-17,,0,7080432,,,,,,,,,,,,,,,
336068,0018000,1,岡山県,オカヤマケン,Okayama,苫田郡,トマタグン,Tomata-gun,鏡野町,カガミノチョウ,Kagamino-cho,,,,久田下原,クタシモノハラ,Kutashimonohara,,,,,,,,0,0,0,0,0,0,1,1,1947-04-17,,0,7080433,,,,,,,,,,,,,,,
336068,0019000,1,岡山県,オカヤマケン,Okayama,苫田郡,トマタグン,Tomata-gun,鏡野町,カガミノチョウ,Kagamino-cho,,,,公保田,クホウデン,Kuhoden,,,,,,,,0,0,0,0,0,0,1,1,1947-04-17,,0,7080313,,,,,,,,,,,,,,,
336068,0020000,1,岡山県,オカヤマケン,Okayama,苫田郡,トマタグン,Tomata-gun,鏡野町,カガミノチョウ,Kagamino-cho,,,,黒木,クロギ,Kurogi,,,,,,,,0,0,0,0,0,0,1,1,1947-04-17,,0,7080435,,,,,,,,,,,,,,,
336068,0022000,1,岡山県,オカヤマケン,Okayama,苫田郡,トマタグン,Tomata-gun,鏡野町,カガミノチョウ,Kagamino-cho,,,,河本,コウモト,Komoto,,,,,,,,0,0,0,0,0,0,1,1,1947-04-17,,0,7080343,,,,,,,,,,,,,,,
336068,0024000,1,岡山県,オカヤマケン,Okayama,苫田郡,トマタグン,Tomata-gun,鏡野町,カガミノチョウ,Kagamino-cho,,,,真経,サネツネ,Sanetsune,,,,,,,,0,0,0,0,0,0,1,1,1947-04-17,,0,7080304,,,,,,,,,,,,,,,
336068,0025000,1,岡山県,オカヤマケン,Okayama,苫田郡,トマタグン,Tomata-gun,鏡野町,カガミノチョウ,Kagamino-cho,,,,沢田,サワタ,Sawata,,,,,,,,0,0,0,0,0,0,1,1,1947-04-17,,0,7080314,,,,,,,,,,,,,,,
336068,0026000,1,岡山県,オカヤマケン,Okayama,苫田郡,トマタグン,Tomata-gun,鏡野町,カガミノチョウ,Kagamino-cho,,,,至孝農,シコウノ,Shikono,,,,,,,,0,0,0,0,0,0,1,1,1947-04-17,,0,7080427,,,,,,,,,,,,,,,
336068,0027000,1,岡山県,オカヤマケン,Okayama,苫田郡,トマタグン,Tomata-gun,鏡野町,カガミノチョウ,Kagamino-cho,,,,下斎原,シモサイバラ,Shimosaibara,,,,,,,,0,0,0,0,0,0,1,1,1947-04-17,,0,7080501,,,,,,,,,,,,,,,
336068,0028000,1,岡山県,オカヤマケン,Okayama,苫田郡,トマタグン,Tomata-gun,鏡野町,カガミノチョウ,Kagamino-cho,,,,下原,シモバラ,Shimobara,,,,,,,,0,0,0,0,0,0,1,1,1947-04-17,,0,7080341,,,,,,,,,,,,,,,
336068,0029000,1,岡山県,オカヤマケン,Okayama,苫田郡,トマタグン,Tomata-gun,鏡野町,カガミノチョウ,Kagamino-cho,,,,下森原,シモモリバラ,Shimomoribara,,,,,,,,0,0,0,0,0,0,1,1,1947-04-17,,0,7080364,,,,,,,,,,,,,,,
336068,0030000,1,岡山県,オカヤマケン,Okayama,苫田郡,トマタグン,Tomata-gun,鏡野町,カガミノチョウ,Kagamino-cho,,,,杉,スギ,Sugi,,,,,,,,0,0,0,0,0,0,1,1,1947-04-17,,0,7080424,,,,,,,,,,,,,,,
336068,0031000,1,岡山県,オカヤマケン,Okayama,苫田郡,トマタグン,Tomata-gun,鏡野町,カガミノチョウ,Kagamino-cho,,,,瀬戸,セト,Seto,,,,,,,,0,0,0,0,0,0,1,1,1947-04-17,,0,7080325,,,,,,,,,,,,,,,
336068,0032000,1,岡山県,オカヤマケン,Okayama,苫田郡,トマタグン,Tomata-gun,鏡野町,カガミノチョウ,Kagamino-cho,,,,高山,タカヤマ,Takayama,,,,,,,,0,0,0,0,0,0,1,1,1947-04-17,,0,7080345,,,,,,,,,,,,,,,
336068,0033000,1,岡山県,オカヤマケン,Okayama,苫田郡,トマタグン,Tomata-gun,鏡野町,カガミノチョウ,Kagamino-cho,,,,薪森原,タキギモリバラ,Takigimoribara,,,,,,,,0,0,0,0,0,0,1,1,1947-04-17,,0,7080342,,,,,,,,,,,,,,,
336068,0034000,1,岡山県,オカヤマケン,Okayama,苫田郡,トマタグン,Tomata-gun,鏡野町,カガミノチョウ,Kagamino-cho,,,,竹田,タケダ,Takeda,,,,,,,,0,0,0,0,0,0,1,1,1947-04-17,,0,7080324,,,,,,,,,,,,,,,
336068,0035000,1,岡山県,オカヤマケン,Okayama,苫田郡,トマタグン,Tomata-gun,鏡野町,カガミノチョウ,Kagamino-cho,,,,塚谷,ツカダニ,Tsukadani,,,,,,,,0,0,0,0,0,0,1,1,1947-04-17,,0,7080365,,,,,,,,,,,,,,,
336068,0037000,1,岡山県,オカヤマケン,Okayama,苫田郡,トマタグン,Tomata-gun,鏡野町,カガミノチョウ,Kagamino-cho,,,,寺元,テラモト,Teramoto,,,,,,,,0,0,0,0,0,0,1,1,1947-04-17,,0,7080323,,,,,,,,,,,,,,,
336068,0038000,1,岡山県,オカヤマケン,Okayama,苫田郡,トマタグン,Tomata-gun,鏡野町,カガミノチョウ,Kagamino-cho,,,,寺和田,テラワダ,Terawada,,,,,,,,0,0,0,0,0,0,1,1,1947-04-17,,0,7080311,,,,,,,,,,,,,,,
336068,0039000,1,岡山県,オカヤマケン,Okayama,苫田郡,トマタグン,Tomata-gun,鏡野町,カガミノチョウ,Kagamino-cho,,,,土居,ドイ,Doi,,,,,,,,0,0,0,0,0,0,1,1,1947-04-17,,0,7080317,,,,,,,,,,,,,,,
336068,0040000,1,岡山県,オカヤマケン,Okayama,苫田郡,トマタグン,Tomata-gun,鏡野町,カガミノチョウ,Kagamino-cho,,,,富仲間,トミナカマ,Tominakama,,,,,,,,0,0,0,0,0,0,1,1,1947-04-17,,0,7080703,,,,,,,,,,,,,,,
336068,0041000,1,岡山県,オカヤマケン,Okayama,苫田郡,トマタグン,Tomata-gun,鏡野町,カガミノチョウ,Kagamino-cho,,,,富西谷,トミニシダニ,Tominishidani,,,,,,,,0,0,0,0,0,0,1,1,1947-04-17,,0,7080701,,,,,,,,,,,,,,,
336068,0042000,1,岡山県,オカヤマケン,Okayama,苫田郡,トマタグン,Tomata-gun,鏡野町,カガミノチョウ,Kagamino-cho,,,,富東谷,トミヒガシダニ,Tomihigashidani,,,,,,,,0,0,0,0,0,0,1,1,1947-04-17,,0,7080702,,,,,,,,,,,,,,,
336068,0045000,1,岡山県,オカヤマケン,Okayama,苫田郡,トマタグン,Tomata-gun,鏡野町,カガミノチョウ,Kagamino-cho,,,,西屋,ニシヤ,Nishiya,,,,,,,,0,0,0,0,0,0,1,1,1947-04-17,,0,7080426,,,,,,,,,,,,,,,
336068,0046000,1,岡山県,オカヤマケン,Okayama,苫田郡,トマタグン,Tomata-gun,鏡野町,カガミノチョウ,Kagamino-cho,,,,布原,ヌノハラ,Nunohara,,,,,,,,0,0,0,0,0,0,1,1,1947-04-17,,0,7080331,,,,,,,,,,,,,,,
336068,0047000,1,岡山県,オカヤマケン,Okayama,苫田郡,トマタグン,Tomata-gun,鏡野町,カガミノチョウ,Kagamino-cho,,,,箱,ハコ,Hako,,,,,,,,0,0,0,0,0,0,1,1,1947-04-17,,0,7080425,,,,,,,,,,,,,,,
336068,0048000,1,岡山県,オカヤマケン,Okayama,苫田郡,トマタグン,Tomata-gun,鏡野町,カガミノチョウ,Kagamino-cho,,,,羽出,ハデ,Hade,,,,,,,,0,0,0,0,0,0,1,1,1947-04-17,,0,7080511,,,,,,,,,,,,,,,
336068,0049000,1,岡山県,オカヤマケン,Okayama,苫田郡,トマタグン,Tomata-gun,鏡野町,カガミノチョウ,Kagamino-cho,,,,羽出西谷,ハデニシダニ,Hadenishidani,,,,,,,,0,0,0,0,0,0,1,1,1947-04-17,,0,7080512,,,,,,,,,,,,,,,
336068,0051000,1,岡山県,オカヤマケン,Okayama,苫田郡,トマタグン,Tomata-gun,鏡野町,カガミノチョウ,Kagamino-cho,,,,土生,ハブ,Habu,,,,,,,,0,0,0,0,0,0,1,1,1947-04-17,,0,7080434,,,,,,,,,,,,,,,
336068,0053000,1,岡山県,オカヤマケン,Okayama,苫田郡,トマタグン,Tomata-gun,鏡野町,カガミノチョウ,Kagamino-cho,,,,古川,フルカワ,Furukawa,,,,,,,,0,0,0,0,0,0,1,1,1947-04-17,,0,7080333,,,,,,,,,,,,,,,
336068,0054000,1,岡山県,オカヤマケン,Okayama,苫田郡,トマタグン,Tomata-gun,鏡野町,カガミノチョウ,Kagamino-cho,,,,真加部,マカベ,Makabe,,,,,,,,0,0,0,0,0,0,1,1,1947-04-17,,0,7080335,,,,,,,,,,,,,,,
336068,0055000,1,岡山県,オカヤマケン,Okayama,苫田郡,トマタグン,Tomata-gun,鏡野町,カガミノチョウ,Kagamino-cho,,,,宗枝,ムネエダ,Muneda,,,,,,,,0,0,0,0,0,0,1,1,1947-04-17,,0,7080334,,,,,,,,,,,,,,,
336068,0057000,1,岡山県,オカヤマケン,Okayama,苫田郡,トマタグン,Tomata-gun,鏡野町,カガミノチョウ,Kagamino-cho,,,,山城,ヤマシロ,Yamashiro,,,,,,,,0,0,0,0,0,0,1,1,1947-04-17,,0,7080352,,,,,,,,,,,,,,,
336068,0058000,1,岡山県,オカヤマケン,Okayama,苫田郡,トマタグン,Tomata-gun,鏡野町,カガミノチョウ,Kagamino-cho,,,,養野,ヨウノ,Yono,,,,,,,,0,0,0,0,0,0,1,1,1947-04-17,,0,7080422,,,,,,,,,,,,,,,
336068,0059000,1,岡山県,オカヤマケン,Okayama,苫田郡,トマタグン,Tomata-gun,鏡野町,カガミノチョウ,Kagamino-cho,,,,吉原,ヨシハラ,Yoshihara,,,,,,,,0,0,0,0,0,0,1,1,1947-04-17,,0,7080332,,,,,,,,,,,,,,,
336068,0060000,1,岡山県,オカヤマケン,Okayama,苫田郡,トマタグン,Tomata-gun,鏡野町,カガミノチョウ,Kagamino-cho,,,,和田,ワダ,Wada,,,,,,,,0,0,0,0,0,0,1,1,1947-04-17,,0,7080316,,,,,,,,,,,,,,,
336068,0061000,1,岡山県,オカヤマケン,Okayama,苫田郡,トマタグン,Tomata-gun,鏡野町,カガミノチョウ,Kagamino-cho,,,,井坂,イザカ,,,,,,,,,0,0,0,0,0,0,1,0,1947-04-17,,1,,,,,,,,,,,,,,,,
336068,0062000,1,岡山県,オカヤマケン,Okayama,苫田郡,トマタグン,Tomata-gun,鏡野町,カガミノチョウ,Kagamino-cho,,,,越畑,コシハタ,,,,,,,,,0,0,0,0,0,0,1,0,1947-04-17,,1,,,,,,,,,,,,,,,,
336068,0063000,1,岡山県,オカヤマケン,Okayama,苫田郡,トマタグン,Tomata-gun,鏡野町,カガミノチョウ,Kagamino-cho,,,,奥津,オクツ,,,,,,,,,0,0,0,0,0,0,1,0,1947-04-17,,1,,,,,,,,,,,,,,,,
336068,0064000,1,岡山県,オカヤマケン,Okayama,苫田郡,トマタグン,Tomata-gun,鏡野町,カガミノチョウ,Kagamino-cho,,,,奥津川西,オクツカワニシ,,,,,,,,,0,0,0,0,0,0,1,0,1947-04-17,,1,,,,,,,,,,,,,,,,
336068,0065000,1,岡山県,オカヤマケン,Okayama,苫田郡,トマタグン,Tomata-gun,鏡野町,カガミノチョウ,Kagamino-cho,,,,河内,コウチ,,,,,,,,,0,0,0,0,0,0,1,0,1947-04-17,,1,,,,,,,,,,,,,,,,
336068,0066000,1,岡山県,オカヤマケン,Okayama,苫田郡,トマタグン,Tomata-gun,鏡野町,カガミノチョウ,Kagamino-cho,,,,岩屋,イワヤ,,,,,,,,,0,0,0,0,0,0,1,0,1947-04-17,,1,,,,,,,,,,,,,,,,
336068,0067000,1,岡山県,オカヤマケン,Okayama,苫田郡,トマタグン,Tomata-gun,鏡野町,カガミノチョウ,Kagamino-cho,,,,原,ハラ,,,,,,,,,0,0,0,0,0,0,1,0,1947-04-17,,1,,,,,,,,,,,,,,,,
336068,0068000,1,岡山県,オカヤマケン,Okayama,苫田郡,トマタグン,Tomata-gun,鏡野町,カガミノチョウ,Kagamino-cho,,,,上齋原,カミサイバラ,,,,,,,,,0,0,0,0,0,0,1,0,1947-04-17,,1,,,,,,,,,,,,,,,,
336068,0069000,1,岡山県,オカヤマケン,Okayama,苫田郡,トマタグン,Tomata-gun,鏡野町,カガミノチョウ,Kagamino-cho,,,,長藤,ナガトウ,,,,,,,,,0,0,0,0,0,0,1,0,1947-04-17,,1,,,,,,,,,,,,,,,,
336068,0070000,1,岡山県,オカヤマケン,Okayama,苫田郡,トマタグン,Tomata-gun,鏡野町,カガミノチョウ,Kagamino-cho,,,,貞永寺,テイエイジ,,,,,,,,,0,0,0,0,0,0,1,0,1947-04-17,,1,,,,,,,,,,,,,,,,
336068,0071000,1,岡山県,オカヤマケン,Okayama,苫田郡,トマタグン,Tomata-gun,鏡野町,カガミノチョウ,Kagamino-cho,,,,馬場,ババ,,,,,,,,,0,0,0,0,0,0,1,0,1947-04-17,,1,,,,,,,,,,,,,,,,
336068,0072000,1,岡山県,オカヤマケン,Okayama,苫田郡,トマタグン,Tomata-gun,鏡野町,カガミノチョウ,Kagamino-cho,,,,百谷,モモダニ,,,,,,,,,0,0,0,0,0,0,1,0,1947-04-17,,1,,,,,,,,,,,,,,,,
336068,0073000,1,岡山県,オカヤマケン,Okayama,苫田郡,トマタグン,Tomata-gun,鏡野町,カガミノチョウ,Kagamino-cho,,,,中谷,ナカダニ,Nakadani,,,,,,,,0,0,0,0,0,0,1,1,1947-04-17,,0,7080353,,,,,,,,,,,,,,,
336220,0001000,1,岡山県,オカヤマケン,Okayama,勝田郡,カツタグン,Katsuta-gun,勝央町,ショウオウチョウ,Shoo-cho,,,,石生,イシュウ,Ishu,,,,,,,,0,0,0,0,0,0,1,1,1947-04-17,,0,7094307,,,,,,,,,,,,,,,
336220,0002000,1,岡山県,オカヤマケン,Okayama,勝田郡,カツタグン,Katsuta-gun,勝央町,ショウオウチョウ,Shoo-cho,,,,植月北,ウエツキキタ,Uetsukikita,,,,,,,,0,0,0,0,0,0,1,1,1947-04-17,,0,7094331,,,,,,,,,,,,,,,
336220,0003000,1,岡山県,オカヤマケン,Okayama,勝田郡,カツタグン,Katsuta-gun,勝央町,ショウオウチョウ,Shoo-cho,,,,植月中,ウエツキナカ,Uetsukinaka,,,,,,,,0,0,0,0,0,0,1,1,1947-04-17,,0,7094335,,,,,,,,,,,,,,,
336220,0004000,1,岡山県,オカヤマケン,Okayama,勝田郡,カツタグン,Katsuta-gun,勝央町,ショウオウチョウ,Shoo-cho,,,,植月東,ウエツキヒガシ,Uetsukihigashi,,,,,,,,0,0,0,0,0,0,1,1,1947-04-17,,0,7094332,,,,,,,,,,,,,,,
336220,0005000,1,岡山県,オカヤマケン,Okayama,勝田郡,カツタグン,Katsuta-gun,勝央町,ショウオウチョウ,Shoo-cho,,,,岡,オカ,Oka,,,,,,,,0,0,0,0,0,0,1,1,1947-04-17,,0,7094311,,,,,,,,,,,,,,,
336220,0006000,1,岡山県,オカヤマケン,Okayama,勝田郡,カツタグン,Katsuta-gun,勝央町,ショウオウチョウ,Shoo-cho,,,,小矢田,オヤタ,Oyata,,,,,,,,0,0,0,0,0,0,1,1,1947-04-17,,0,7094313,,,,,,,,,,,,,,,
336220,0008000,1,岡山県,オカヤマケン,Okayama,勝田郡,カツタグン,Katsuta-gun,勝央町,ショウオウチョウ,Shoo-cho,,,,上香山,カミガヤマ,Kamigayama,,,,,,,,0,0,0,0,0,0,1,1,1947-04-17,,0,7094304,,,,,,,,,,,,,,,
336220,0009000,1,岡山県,オカヤマケン,Okayama,勝田郡,カツタグン,Katsuta-gun,勝央町,ショウオウチョウ,Shoo-cho,,,,河原,カワラ,Kawara,,,,,,,,0,0,0,0,0,0,1,1,1947-04-17,,0,7094302,,,,,,,,,,,,,,,
336220,0010000,1,岡山県,オカヤマケン,Okayama,勝田郡,カツタグン,Katsuta-gun,勝央町,ショウオウチョウ,Shoo-cho,,,,黒坂,クロサカ,Kurosaka,,,,,,,,0,0,0,0,0,0,1,1,1947-04-17,,0,7094323,,,,,,,,,,,,,,,
336220,0011000,1,岡山県,オカヤマケン,Okayama,勝田郡,カツタグン,Katsuta-gun,勝央町,ショウオウチョウ,Shoo-cho,,,,黒土,クロツチ,Kurotsuchi,,,,,,,,0,0,0,0,0,0,1,1,1947-04-17,,0,7094312,,,,,,,,,,,,,,,
336220,0012000,1,岡山県,オカヤマケン,Okayama,勝田郡,カツタグン,Katsuta-gun,勝央町,ショウオウチョウ,Shoo-cho,,,,下町川,シモマチガワ,Shimomachigawa,,,,,,,,0,0,0,0,0,0,1,1,1947-04-17,,0,7094301,,,,,,,,,,,,,,,
336220,0013000,1,岡山県,オカヤマケン,Okayama,勝田郡,カツタグン,Katsuta-gun,勝央町,ショウオウチョウ,Shoo-cho,,,,曽井,ソイ,Soi,,,,,,,,0,0,0,0,0,0,1,1,1947-04-17,,0,7094305,,,,,,,,,,,,,,,
336220,0014000,1,岡山県,オカヤマケン,Okayama,勝田郡,カツタグン,Katsuta-gun,勝央町,ショウオウチョウ,Shoo-cho,,,,田井,タイ,Tai,,,,,,,,0,0,0,0,0,0,1,1,1947-04-17,,0,7094333,,,,,,,,,,,,,,,
336220,0015000,1,岡山県,オカヤマケン,Okayama,勝田郡,カツタグン,Katsuta-gun,勝央町,ショウオウチョウ,Shoo-cho,,,,太平台,タイヘイダイ,Taiheidai,,,,,,,,0,0,0,0,0,0,1,1,1947-04-17,,0,7094321,,,,,,,,,,,,,,,
336220,0016000,1,岡山県,オカヤマケン,Okayama,勝田郡,カツタグン,Katsuta-gun,勝央町,ショウオウチョウ,Shoo-cho,,,,平,タイラ,Taira,,,,,,,,0,0,0,0,0,0,1,1,1947-04-17,,0,7094334,,,,,,,,,,,,,,,
336220,0017000,1,岡山県,オカヤマケン,Okayama,勝田郡,カツタグン,Katsuta-gun,勝央町,ショウオウチョウ,Shoo-cho,,,,為本,タメモト,Tamemoto,,,,,,,,0,0,0,0,0,0,1,1,1947-04-17,,0,7094324,,,,,,,,,,,,,,,
336220,0018000,1,岡山県,オカヤマケン,Okayama,勝田郡,カツタグン,Katsuta-gun,勝央町,ショウオウチョウ,Shoo-cho,,,,豊久田,トヨクダ,Toyokuda,,,,,,,,0,0,0,0,0,0,1,1,1947-04-17,,0,7094303,,,,,,,,,,,,,,,
336220,0019000,1,岡山県,オカヤマケン,Okayama,勝田郡,カツタグン,Katsuta-gun,勝央町,ショウオウチョウ,Shoo-cho,,,,畑屋,ハタヤ,Hataya,,,,,,,,0,0,0,0,0,0,1,1,1947-04-17,,0,7094315,,,,,,,,,,,,,,,
336220,0020000,1,岡山県,オカヤマケン,Okayama,勝田郡,カツタグン,Katsuta-gun,勝央町,ショウオウチョウ,Shoo-cho,,,,東吉田,ヒガシヨシダ,Higashiyoshida,,,,,,,,0,0,0,0,0,0,1,1,1947-04-17,,0,7094314,,,,,,,,,,,,,,,
336220,0021000,1,岡山県,オカヤマケン,Okayama,勝田郡,カツタグン,Katsuta-gun,勝央町,ショウオウチョウ,Shoo-cho,,,,福吉,フクヨシ,Fukuyoshi,,,,,,,,0,0,0,0,0,0,1,1,1947-04-17,,0,7094322,,,,,,,,,,,,,,,
336220,0022000,1,岡山県,オカヤマケン,Okayama,勝田郡,カツタグン,Katsuta-gun,勝央町,ショウオウチョウ,Shoo-cho,,,,美野,ミノ,Mino,,,,,,,,0,0,0,0,0,0,1,1,1947-04-17,,0,7094306,,,,,,,,,,,,,,,
336220,0023000,1,岡山県,オカヤマケン,Okayama,勝田郡,カツタグン,Katsuta-gun,勝央町,ショウオウチョウ,Shoo-cho,,,,勝間田,カツマダ,,,,,,,,,0,0,0,0,0,0,1,0,1947-04-17,,1,,,,,,,,,,,,,,,,
336238,0001000,1,岡山県,オカヤマケン,Okayama,勝田郡,カツタグン,Katsuta-gun,奈義町,ナギチョウ,Nagi-cho,,,,荒内西,アラウチニシ,Arauchinishi,,,,,,,,0,0,0,0,0,0,1,1,1947-04-17,,0,7081314,,,,,,,,,,,,,,,
336238,0002000,1,岡山県,オカヤマケン,Okayama,勝田郡,カツタグン,Katsuta-gun,奈義町,ナギチョウ,Nagi-cho,,,,小坂,オサカ,Osaka,,,,,,,,0,0,0,0,0,0,1,1,1947-04-17,,0,7081302,,,,,,,,,,,,,,,
336238,0003000,1,岡山県,オカヤマケン,Okayama,勝田郡,カツタグン,Katsuta-gun,奈義町,ナギチョウ,Nagi-cho,,,,柿,カキ,Kaki,,,,,,,,0,0,0,0,0,0,1,1,1947-04-17,,0,7081312,,,,,,,,,,,,,,,
336238,0004000,1,岡山県,オカヤマケン,Okayama,勝田郡,カツタグン,Katsuta-gun,奈義町,ナギチョウ,Nagi-cho,,,,上町川,カミマチガワ,Kamimachigawa,,,,,,,,0,0,0,0,0,0,1,1,1947-04-17,,0,7081326,,,,,,,,,,,,,,,
336238,0005000,1,岡山県,オカヤマケン,Okayama,勝田郡,カツタグン,Katsuta-gun,奈義町,ナギチョウ,Nagi-cho,,,,行方,ギョウホウ,Gyoho,,,,,,,,0,0,0,0,0,0,1,1,1947-04-17,,0,7081305,,,,,,,,,,,,,,,
336238,0006000,1,岡山県,オカヤマケン,Okayama,勝田郡,カツタグン,Katsuta-gun,奈義町,ナギチョウ,Nagi-cho,,,,高円,コウエン,Koen,,,,,,,,0,0,0,0,0,0,1,1,1947-04-17,,0,7081307,,,,,,,,,,,,,,,
336238,0007000,1,岡山県,オカヤマケン,Okayama,勝田郡,カツタグン,Katsuta-gun,奈義町,ナギチョウ,Nagi-cho,,,,関本,セキモト,Sekimoto,,,,,,,,0,0,0,0,0,0,1,1,1947-04-17,,0,7081304,,,,,,,,,,,,,,,
336238,0008000,1,岡山県,オカヤマケン,Okayama,勝田郡,カツタグン,Katsuta-gun,奈義町,ナギチョウ,Nagi-cho,,,,滝本,タキモト,Takimoto,,,,,,,,0,0,0,0,0,0,1,1,1947-04-17,,0,7081325,,,,,,,,,,,,,,,
336238,0009000,1,岡山県,オカヤマケン,Okayama,勝田郡,カツタグン,Katsuta-gun,奈義町,ナギチョウ,Nagi-cho,,,,豊沢,トヨサワ,Toyosawa,,,,,,,,0,0,0,0,0,0,1,1,1947-04-17,,0,7081323,,,,,,,,,,,,,,,
336238,0010000,1,岡山県,オカヤマケン,Okayama,勝田郡,カツタグン,Katsuta-gun,奈義町,ナギチョウ,Nagi-cho,,,,中島西,ナカシマニシ,Nakashimanishi,,,,,,,,0,0,0,0,0,0,1,1,1947-04-17,,0,7081315,,,,,,,,,,,,,,,
336238,0011000,1,岡山県,オカヤマケン,Okayama,勝田郡,カツタグン,Katsuta-gun,奈義町,ナギチョウ,Nagi-cho,,,,中島東,ナカシマヒガシ,Nakashimahigashi,,,,,,,,0,0,0,0,0,0,1,1,1947-04-17,,0,7081313,,,,,,,,,,,,,,,
336238,0012000,1,岡山県,オカヤマケン,Okayama,勝田郡,カツタグン,Katsuta-gun,奈義町,ナギチョウ,Nagi-cho,,,,成松,ナリマツ,Narimatsu,,,,,,,,0,0,0,0,0,0,1,1,1947-04-17,,0,7081322,,,,,,,,,,,,,,,
336238,0013000,1,岡山県,オカヤマケン,Okayama,勝田郡,カツタグン,Katsuta-gun,奈義町,ナギチョウ,Nagi-cho,,,,西原,ニシバラ,Nishibara,,,,,,,,0,0,0,0,0,0,1,1,1947-04-17,,0,7081306,,,,,,,,,,,,,,,
336238,0014000,1,岡山県,オカヤマケン,Okayama,勝田郡,カツタグン,Katsuta-gun,奈義町,ナギチョウ,Nagi-cho,,,,久常,ヒサツネ,Hisatsune,,,,,,,,0,0,0,0,0,0,1,1,1947-04-17,,0,7081311,,,,,,,,,,,,,,,
336238,0015000,1,岡山県,オカヤマケン,Okayama,勝田郡,カツタグン,Katsuta-gun,奈義町,ナギチョウ,Nagi-cho,,,,広岡,ヒロオカ,Hiroka,,,,,,,,0,0,0,0,0,0,1,1,1947-04-17,,0,7081324,,,,,,,,,,,,,,,
336238,0016000,1,岡山県,オカヤマケン,Okayama,勝田郡,カツタグン,Katsuta-gun,奈義町,ナギチョウ,Nagi-cho,,,,馬桑,マグワ,Maguwa,,,,,,,,0,0,0,0,0,0,1,1,1947-04-17,,0,7081301,,,,,,,,,,,,,,,
336238,0017000,1,岡山県,オカヤマケン,Okayama,勝田郡,カツタグン,Katsuta-gun,奈義町,ナギチョウ,Nagi-cho,,,,皆木,ミナギ,Minagi,,,,,,,,0,0,0,0,0,0,1,1,1947-04-17,,0,7081303,,,,,,,,,,,,,,,
336238,0018000,1,岡山県,オカヤマケン,Okayama,勝田郡,カツタグン,Katsuta-gun,奈義町,ナギチョウ,Nagi-cho,,,,宮内,ミヤウチ,Miyauchi,,,,,,,,0,0,0,0,0,0,1,1,1947-04-17,,0,7081321,,,,,,,,,,,,,,,
336238,0019000,1,岡山県,オカヤマケン,Okayama,勝田郡,カツタグン,Katsuta-gun,奈義町,ナギチョウ,Nagi-cho,,,,是宗,コレムネ,,,,,,,,,0,0,0,0,0,0,0,1,1947-04-17,,0,,,,,,,,,,,,,,,,
336432,0001000,1,岡山県,オカヤマケン,Okayama,英田郡,アイダグン,Aida-gun,西粟倉村,ニシアワクラソン,Nishiawakura-son,,,,大字筏津,オオアザイカダツ,Ikadatsu,,,,,,,,0,0,0,0,0,0,1,1,1947-04-17,,0,7070505,,,,,,,,,,,,,,,
336432,0002000,1,岡山県,オカヤマケン,Okayama,英田郡,アイダグン,Aida-gun,西粟倉村,ニシアワクラソン,Nishiawakura-son,,,,大字大茅,オオアザオオガヤ,Ogaya,,,,,,,,0,0,0,0,0,0,1,1,1947-04-17,,0,7070501,,,,,,,,,,,,,,,
336432,0003000,1,岡山県,オカヤマケン,Okayama,英田郡,アイダグン,Aida-gun,西粟倉村,ニシアワクラソン,Nishiawakura-son,,,,大字影石,オオアザカゲイシ,Kageishi,,,,,,,,0,0,0,0,0,0,1,1,1947-04-17,,0,7070503,,,,,,,,,,,,,,,
336432,0004000,1,岡山県,オカヤマケン,Okayama,英田郡,アイダグン,Aida-gun,西粟倉村,ニシアワクラソン,Nishiawakura-son,,,,大字坂根,オオアザサカネ,Sakane,,,,,,,,0,0,0,0,0,0,1,1,1947-04-17,,0,7070502,,,,,,,,,,,,,,,
336432,0005000,1,岡山県,オカヤマケン,Okayama,英田郡,アイダグン,Aida-gun,西粟倉村,ニシアワクラソン,Nishiawakura-son,,,,大字知社,オオアザチシャ,Chisha,,,,,,,,0,0,0,0,0,0,1,1,1947-04-17,,0,7070506,,,,,,,,,,,,,,,
336432,0006000,1,岡山県,オカヤマケン,Okayama,英田郡,アイダグン,Aida-gun,西粟倉村,ニシアワクラソン,Nishiawakura-son,,,,大字長尾,オオアザナガオ,Nagao,,,,,,,,0,0,0,0,0,0,1,1,1947-04-17,,0,7070504,,,,,,,,,,,,,,,
336637,0001000,1,岡山県,オカヤマケン,Okayama,久米郡,クメグン,Kume-gun,久米南町,クメナンチョウ,Kumenan-cho,,,,上神目,カミコウメ,Kamikome,,,,,,,,0,0,0,0,0,0,1,1,1947-04-17,,0,7093626,,,,,,,,,,,,,,,
336637,0002000,1,岡山県,オカヤマケン,Okayama,久米郡,クメグン,Kume-gun,久米南町,クメナンチョウ,Kumenan-cho,,,,上二ケ,カミニカ,Kaminika,,,,,,,,0,0,0,0,0,0,1,1,1947-04-17,,0,7093615,,,,,,,,,,,,,,,
336637,0003000,1,岡山県,オカヤマケン,Okayama,久米郡,クメグン,Kume-gun,久米南町,クメナンチョウ,Kumenan-cho,,,,上籾,カミモミ,Kamimomi,,,,,,,,0,0,0,0,0,0,1,1,1947-04-17,,0,7093621,,*_MJ019806,,,,,,,,,,,,,
336637,0004000,1,岡山県,オカヤマケン,Okayama,久米郡,クメグン,Kume-gun,久米南町,クメナンチョウ,Kumenan-cho,,,,上弓削,カミユゲ,Kamiyuge,,,,,,,,0,0,0,0,0,0,1,1,1947-04-17,,0,7093612,,,,,,,,,,,,,,,
336637,0005000,1,岡山県,オカヤマケン,Okayama,久米郡,クメグン,Kume-gun,久米南町,クメナンチョウ,Kumenan-cho,,,,北庄,キタショウ,Kitasho,,,,,,,,0,0,0,0,0,0,1,1,1947-04-17,,0,7093601,,,,,,,,,,,,,,,
336637,0006000,1,岡山県,オカヤマケン,Okayama,久米郡,クメグン,Kume-gun,久米南町,クメナンチョウ,Kumenan-cho,,,,京尾,キョウノオ,Kyono,,,,,,,,0,0,0,0,0,0,1,1,1947-04-17,,0,7093634,,,,,,,,,,,,,,,
336637,0007000,1,岡山県,オカヤマケン,Okayama,久米郡,クメグン,Kume-gun,久米南町,クメナンチョウ,Kumenan-cho,,,,神目中,コウメナカ,Komenaka,,,,,,,,0,0,0,0,0,0,1,1,1947-04-17,,0,7093627,,,,,,,,,,,,,,,
336637,0008000,1,岡山県,オカヤマケン,Okayama,久米郡,クメグン,Kume-gun,久米南町,クメナンチョウ,Kumenan-cho,,,,里方,サトガタ,Satogata,,,,,,,,0,0,0,0,0,0,1,1,1947-04-17,,0,7093602,,,,,,,,,,,,,,,
336637,0009000,1,岡山県,オカヤマケン,Okayama,久米郡,クメグン,Kume-gun,久米南町,クメナンチョウ,Kumenan-cho,,,,塩之内,シオノウチ,Shionochi,,,,,,,,0,0,0,0,0,0,1,1,1947-04-17,,0,7093605,,,,,,,,,,,,,,,
336637,0010000,1,岡山県,オカヤマケン,Okayama,久米郡,クメグン,Kume-gun,久米南町,クメナンチョウ,Kumenan-cho,,,,下二ケ,シモニカ,Shimonika,,,,,,,,0,0,0,0,0,0,1,1,1947-04-17,,0,7093617,,,,,,,,,,,,,,,
336637,0011000,1,岡山県,オカヤマケン,Okayama,久米郡,クメグン,Kume-gun,久米南町,クメナンチョウ,Kumenan-cho,,,,下籾,シモモミ,Shimomomi,,,,,,,,0,0,0,0,0,0,1,1,1947-04-17,,0,7093624,,*_MJ019806,,,,,,,,,,,,,
336637,0012000,1,岡山県,オカヤマケン,Okayama,久米郡,クメグン,Kume-gun,久米南町,クメナンチョウ,Kumenan-cho,,,,下弓削,シモユゲ,Shimoyuge,,,,,,,,0,0,0,0,0,0,1,1,1947-04-17,,0,7093614,,,,,,,,,,,,,,,
336637,0013000,1,岡山県,オカヤマケン,Okayama,久米郡,クメグン,Kume-gun,久米南町,クメナンチョウ,Kumenan-cho,,,,泰山寺,タイサンジ,,,,,,,,,0,0,0,0,0,0,1,1,1947-04-17,,0,,,,,,,,,,,,,,,,
336637,0014000,1,岡山県,オカヤマケン,Okayama,久米郡,クメグン,Kume-gun,久米南町,クメナンチョウ,Kumenan-cho,,,,峠,トウゲ,Toge,,,,,,,,0,0,0,0,0,0,1,1,1947-04-17,,0,7093633,,,,,,,,,,,,,,,
336637,0015000,1,岡山県,オカヤマケン,Okayama,久米郡,クメグン,Kume-gun,久米南町,クメナンチョウ,Kumenan-cho,,,,中籾,ナカモミ,Nakamomi,,,,,,,,0,0,0,0,0,0,1,1,1947-04-17,,0,7093623,,*_MJ019806,,,,,,,,,,,,,
336637,0016000,1,岡山県,オカヤマケン,Okayama,久米郡,クメグン,Kume-gun,久米南町,クメナンチョウ,Kumenan-cho,,,,西山寺,ニシヤマジ,Nishiyamaji,,,,,,,,0,0,0,0,0,0,1,1,1947-04-17,,0,7093613,,,,,,,,,,,,,,,
336637,0017000,1,岡山県,オカヤマケン,Okayama,久米郡,クメグン,Kume-gun,久米南町,クメナンチョウ,Kumenan-cho,,,,羽出木,ハデギ,Hadegi,,,,,,,,0,0,0,0,0,0,1,1,1947-04-17,,0,7093606,,,,,,,,,,,,,,,
336637,0018000,1,岡山県,オカヤマケン,Okayama,久米郡,クメグン,Kume-gun,久米南町,クメナンチョウ,Kumenan-cho,,,,仏教寺,ブッキョウジ,Butsukyoji,,,,,,,,0,0,0,0,0,0,1,1,1947-04-17,,0,7093622,,,,,,,,,,,,,,,
336637,0020000,1,岡山県,オカヤマケン,Okayama,久米郡,クメグン,Kume-gun,久米南町,クメナンチョウ,Kumenan-cho,,,,全間,マタマ,Matama,,,,,,,,0,0,0,0,0,0,1,1,1947-04-17,,0,7093616,,,,,,,,,,,,,,,
336637,0021000,1,岡山県,オカヤマケン,Okayama,久米郡,クメグン,Kume-gun,久米南町,クメナンチョウ,Kumenan-cho,,,,松,マツ,Matsu,,,,,,,,0,0,0,0,0,0,1,1,1947-04-17,,0,7093611,,,,,,,,,,,,,,,
336637,0022000,1,岡山県,オカヤマケン,Okayama,久米郡,クメグン,Kume-gun,久米南町,クメナンチョウ,Kumenan-cho,,,,南庄,ミナミショウ,Minamisho,,,,,,,,0,0,0,0,0,0,1,1,1947-04-17,,0,7093604,,,,,,,,,,,,,,,
336637,0023000,1,岡山県,オカヤマケン,Okayama,久米郡,クメグン,Kume-gun,久米南町,クメナンチョウ,Kumenan-cho,,,,南畑,ミナミハタ,Minamihata,,,,,,,,0,0,0,0,0,0,1,1,1947-04-17,,0,7093635,,,,,,,,,,,,,,,
336637,0024000,1,岡山県,オカヤマケン,Okayama,久米郡,クメグン,Kume-gun,久米南町,クメナンチョウ,Kumenan-cho,,,,宮地,ミヤジ,Miyaji,,,,,,,,0,0,0,0,0,0,1,1,1947-04-17,,0,7093631,,,,,,,,,,,,,,,
336637,0025000,1,岡山県,オカヤマケン,Okayama,久米郡,クメグン,Kume-gun,久米南町,クメナンチョウ,Kumenan-cho,,,,安ケ乢,ヤスガタワ,Yasugatawa,,,,,,,,0,0,0,0,0,0,1,1,1947-04-17,,0,7093636,,,,,,,,,,,,,,,
336637,0026000,1,岡山県,オカヤマケン,Okayama,久米郡,クメグン,Kume-gun,久米南町,クメナンチョウ,Kumenan-cho,,,,山手,ヤマテ,Yamate,,,,,,,,0,0,0,0,0,0,1,1,1947-04-17,,0,7093632,,,,,,,,,,,,,,,
336637,0027000,1,岡山県,オカヤマケン,Okayama,久米郡,クメグン,Kume-gun,久米南町,クメナンチョウ,Kumenan-cho,,,,山ノ城,ヤマノジョウ,Yamanojo,,,,,,,,0,0,0,0,0,0,1,1,1947-04-17,,0,7093603,,,,,,,,,,,,,,,
336637,0028000,1,岡山県,オカヤマケン,Okayama,久米郡,クメグン,Kume-gun,久米南町,クメナンチョウ,Kumenan-cho,,,,別所,ベッショ,,,,,,,,,0,0,0,0,0,0,1,0,1947-04-17,,1,,,,,,,,,,,,,,,,
336661,0002000,1,岡山県,オカヤマケン,Okayama,久米郡,クメグン,Kume-gun,美咲町,ミサキチョウ,Misaki-cho,,,,打穴上,ウタノカミ,Utanokami,,,,,,,,0,0,0,0,0,0,1,1,1947-04-17,,0,7093705,,,,,,,,,,,,,,,
336661,0003000,1,岡山県,オカヤマケン,Okayama,久米郡,クメグン,Kume-gun,美咲町,ミサキチョウ,Misaki-cho,,,,打穴北,ウタノキタ,Utanokita,,,,,,,,0,0,0,0,0,0,1,1,1947-04-17,,0,7093706,,,,,,,,,,,,,,,
336661,0004000,1,岡山県,オカヤマケン,Okayama,久米郡,クメグン,Kume-gun,美咲町,ミサキチョウ,Misaki-cho,,,,打穴里,ウタノサト,Utanosato,,,,,,,,0,0,0,0,0,0,1,1,1947-04-17,,0,7093704,,,,,,,,,,,,,,,
336661,0005000,1,岡山県,オカヤマケン,Okayama,久米郡,クメグン,Kume-gun,美咲町,ミサキチョウ,Misaki-cho,,,,打穴下,ウタノシモ,Utanoshimo,,,,,,,,0,0,0,0,0,0,1,1,1947-04-17,,0,7093702,,,,,,,,,,,,,,,
336661,0006000,1,岡山県,オカヤマケン,Okayama,久米郡,クメグン,Kume-gun,美咲町,ミサキチョウ,Misaki-cho,,,,打穴中,ウタノナカ,Utanonaka,,,,,,,,0,0,0,0,0,0,1,1,1947-04-17,,0,7093703,,,,,,,,,,,,,,,
336661,0007000,1,岡山県,オカヤマケン,Okayama,久米郡,クメグン,Kume-gun,美咲町,ミサキチョウ,Misaki-cho,,,,打穴西,ウタノニシ,Utanonishi,,,,,,,,0,0,0,0,0,0,1,1,1947-04-17,,0,7093707,,,,,,,,,,,,,,,
336661,0008000,1,岡山県,オカヤマケン,Okayama,久米郡,クメグン,Kume-gun,美咲町,ミサキチョウ,Misaki-cho,,,,上間,ウワマ,Uwama,,,,,,,,0,0,0,0,0,0,1,1,1947-04-17,,0,7081506,,,,,,,,,,,,,,,
336661,0010000,1,岡山県,オカヤマケン,Okayama,久米郡,クメグン,Kume-gun,美咲町,ミサキチョウ,Misaki-cho,,,,王子,オオジ,Oji,,,,,,,,0,0,0,0,0,0,1,1,1947-04-17,,0,7081525,,,,,,,,,,,,,,,
336661,0012000,1,岡山県,オカヤマケン,Okayama,久米郡,クメグン,Kume-gun,美咲町,ミサキチョウ,Misaki-cho,,,,大垪和東,オオハガヒガシ,Ohagahigashi,,,,,,,,0,0,0,0,0,0,1,1,1947-04-17,,0,7093722,,,,,,,,,,,,,,,
336661,0014000,1,岡山県,オカヤマケン,Okayama,久米郡,クメグン,Kume-gun,美咲町,ミサキチョウ,Misaki-cho,,,,書副,カイゾエ,Kaizoe,,,,,,,,0,0,0,0,0,0,1,1,1947-04-17,,0,7081543,,,,,,,,,,,,,,,
336661,0015000,1,岡山県,オカヤマケン,Okayama,久米郡,クメグン,Kume-gun,美咲町,ミサキチョウ,Misaki-cho,,,,金堀,カナボリ,Kanabori,,,,,,,,0,0,0,0,0,0,1,1,1947-04-17,,0,7093712,,,,,,,,,,,,,,,
336661,0016000,1,岡山県,オカヤマケン,Okayama,久米郡,クメグン,Kume-gun,美咲町,ミサキチョウ,Misaki-cho,,,,北,キタ,Kita,,,,,,,,0,0,0,0,0,0,1,1,1947-04-17,,0,7093401,,,,,,,,,,,,,,,
336661,0018000,1,岡山県,オカヤマケン,Okayama,久米郡,クメグン,Kume-gun,美咲町,ミサキチョウ,Misaki-cho,,,,栗子,クリゴ,Kurigo,,,,,,,,0,0,0,0,0,0,1,1,1947-04-17,,0,7081531,,,,,,,,,,,,,,,
336661,0019000,1,岡山県,オカヤマケン,Okayama,久米郡,クメグン,Kume-gun,美咲町,ミサキチョウ,Misaki-cho,,,,高下,コウゲ,Koge,,,,,,,,0,0,0,0,0,0,1,1,1947-04-17,,0,7081526,,,,,,,,,,,,,,,
336661,0020000,1,岡山県,オカヤマケン,Okayama,久米郡,クメグン,Kume-gun,美咲町,ミサキチョウ,Misaki-cho,,,,小瀬,コセ,Kose,,,,,,,,0,0,0,0,0,0,1,1,1947-04-17,,0,7081532,,,,,,,,,,,,,,,
336661,0021000,1,岡山県,オカヤマケン,Okayama,久米郡,クメグン,Kume-gun,美咲町,ミサキチョウ,Misaki-cho,,,,小山,コヤマ,Koyama,,,,,,,,0,0,0,0,0,0,1,1,1947-04-17,,0,7093412,,,,,,,,,,,,,,,
336661,0022000,1,岡山県,オカヤマケン,Okayama,久米郡,クメグン,Kume-gun,美咲町,ミサキチョウ,Misaki-cho,,,,越尾,コヨオ,Koyo,,,,,,,,0,0,0,0,0,0,1,1,1947-04-17,,0,7093711,,,,,,,,,,,,,,,
336661,0023000,1,岡山県,オカヤマケン,Okayama,久米郡,クメグン,Kume-gun,美咲町,ミサキチョウ,Misaki-cho,,,,西幸,サイコウ,Saiko,,,,,,,,0,0,0,0,0,0,1,1,1947-04-17,,0,7093715,,,,,,,,,,,,,,,
336661,0026000,1,岡山県,オカヤマケン,Okayama,久米郡,クメグン,Kume-gun,美咲町,ミサキチョウ,Misaki-cho,,,,里,サト,Sato,,,,,,,,0,0,0,0,0,0,1,1,1947-04-17,,0,7093403,,,,,,,,,,,,,,,
336661,0027000,1,岡山県,オカヤマケン,Okayama,久米郡,クメグン,Kume-gun,美咲町,ミサキチョウ,Misaki-cho,,,,塩気,シオケ,Shioke,,,,,,,,0,0,0,0,0,0,1,1,1947-04-17,,0,7081503,,,,,,,,,,,,,,,
336661,0028000,1,岡山県,オカヤマケン,Okayama,久米郡,クメグン,Kume-gun,美咲町,ミサキチョウ,Misaki-cho,,,,重藤,シゲトウ,Shigeto,,,,,,,,0,0,0,0,0,0,1,1,1947-04-17,,0,7081505,,,,,,,,,,,,,,,
336661,0029000,1,岡山県,オカヤマケン,Okayama,久米郡,クメグン,Kume-gun,美咲町,ミサキチョウ,Misaki-cho,,,,下谷,シモダニ,Shimodani,,,,,,,,0,0,0,0,0,0,1,1,1947-04-17,,0,7081515,,,,,,,,,,,,,,,
336661,0030000,1,岡山県,オカヤマケン,Okayama,久米郡,クメグン,Kume-gun,美咲町,ミサキチョウ,Misaki-cho,,,,新城,シンジョウ,Shinjo,,,,,,,,0,0,0,0,0,0,1,1,1947-04-17,,0,7093713,,,,,,,,,,,,,,,
336661,0032000,1,岡山県,オカヤマケン,Okayama,久米郡,クメグン,Kume-gun,美咲町,ミサキチョウ,Misaki-cho,,,,惣田,ソウダ,Soda,,,,,,,,0,0,0,0,0,0,1,1,1947-04-17,,0,7081522,,,,,,,,,,,,,,,
336661,0033000,1,岡山県,オカヤマケン,Okayama,久米郡,クメグン,Kume-gun,美咲町,ミサキチョウ,Misaki-cho,,,,大戸上,ダイトカミ,Daitokami,,,,,,,,0,0,0,0,0,0,1,1,1947-04-17,,0,7081545,,,,,,,,,,,,,,,
336661,0035000,1,岡山県,オカヤマケン,Okayama,久米郡,クメグン,Kume-gun,美咲町,ミサキチョウ,Misaki-cho,,,,高城,タカシロ,Takashiro,,,,,,,,0,0,0,0,0,0,1,1,1947-04-17,,0,7081535,,,,,,,,,,,,,,,
336661,0036000,1,岡山県,オカヤマケン,Okayama,久米郡,クメグン,Kume-gun,美咲町,ミサキチョウ,Misaki-cho,,,,角石祖母,ツイシソボ,Tsuishisobo,,,,,,,,0,0,0,0,0,0,1,1,1947-04-17,,0,7093724,,MJ024282_*_*_*,,,,,,,,,,,,,
336661,0037000,1,岡山県,オカヤマケン,Okayama,久米郡,クメグン,Kume-gun,美咲町,ミサキチョウ,Misaki-cho,,,,塚角,ツカツノ,Tsukatsuno,,,,,,,,0,0,0,0,0,0,1,1,1947-04-17,,0,7081541,,*_MJ024282,,,,,,,,,,,,,
336661,0038000,1,岡山県,オカヤマケン,Okayama,久米郡,クメグン,Kume-gun,美咲町,ミサキチョウ,Misaki-cho,,,,百々,ドウドウ,Dodo,,,,,,,,0,0,0,0,0,0,1,1,1947-04-17,,0,7081507,,,,,,,,,,,,,,,
336661,0040000,1,岡山県,オカヤマケン,Okayama,久米郡,クメグン,Kume-gun,美咲町,ミサキチョウ,Misaki-cho,,,,中,ナカ,Naka,,,,,,,,0,0,0,0,0,0,1,1,1947-04-17,,0,7093407,,,,,,,,,,,,,,,
336661,0041000,1,岡山県,オカヤマケン,Okayama,久米郡,クメグン,Kume-gun,美咲町,ミサキチョウ,Misaki-cho,,,,中垪和,ナカハガ,Nakahaga,,,,,,,,0,0,0,0,0,0,1,1,1947-04-17,,0,7093417,,,,,,,,,,,,,,,
336661,0042000,1,岡山県,オカヤマケン,Okayama,久米郡,クメグン,Kume-gun,美咲町,ミサキチョウ,Misaki-cho,,,,西,ニシ,Nishi,,,,,,,,0,0,0,0,0,0,1,1,1947-04-17,,0,7093405,,,,,,,,,,,,,,,
336661,0043000,1,岡山県,オカヤマケン,Okayama,久米郡,クメグン,Kume-gun,美咲町,ミサキチョウ,Misaki-cho,,,,西川,ニシガワ,Nishigawa,,,,,,,,0,0,0,0,0,0,1,1,1947-04-17,,0,7093404,,,,,,,,,,,,,,,
336661,0045000,1,岡山県,オカヤマケン,Okayama,久米郡,クメグン,Kume-gun,美咲町,ミサキチョウ,Misaki-cho,,,,錦織,ニシコリ,Nishikori,,,,,,,,0,0,0,0,0,0,1,1,1947-04-17,,0,7093701,,,,,,,,,,,,,,,
336661,0046000,1,岡山県,オカヤマケン,Okayama,久米郡,クメグン,Kume-gun,美咲町,ミサキチョウ,Misaki-cho,,,,西垪和,ニシハガ,Nishihaga,,,,,,,,0,0,0,0,0,0,1,1,1947-04-17,,0,7093414,,,,,,,,,,,,,,,
336661,0047000,1,岡山県,オカヤマケン,Okayama,久米郡,クメグン,Kume-gun,美咲町,ミサキチョウ,Misaki-cho,,,,八神,ネリガミ,Nerigami,,,,,,,,0,0,0,0,0,0,1,1,1947-04-17,,0,7081547,,,,,,,,,,,,,,,
336661,0049000,1,岡山県,オカヤマケン,Okayama,久米郡,クメグン,Kume-gun,美咲町,ミサキチョウ,Misaki-cho,,,,原田,ハラダ,Harada,,,,,,,,0,0,0,0,0,0,1,1,1947-04-17,,0,7093717,,,,,,,,,,,,,,,
336661,0050000,1,岡山県,オカヤマケン,Okayama,久米郡,クメグン,Kume-gun,美咲町,ミサキチョウ,Misaki-cho,,,,東垪和,ヒガシハガ,Higashihaga,,,,,,,,0,0,0,0,0,0,1,1,1947-04-17,,0,7093416,,,,,,,,,,,,,,,
336661,0052000,1,岡山県,オカヤマケン,Okayama,久米郡,クメグン,Kume-gun,美咲町,ミサキチョウ,Misaki-cho,,,,藤田上,フジタカミ,Fujitakami,,,,,,,,0,0,0,0,0,0,1,1,1947-04-17,,0,7081514,,,,,,,,,,,,,,,
336661,0053000,1,岡山県,オカヤマケン,Okayama,久米郡,クメグン,Kume-gun,美咲町,ミサキチョウ,Misaki-cho,,,,藤田下,フジタシモ,Fujitashimo,,,,,,,,0,0,0,0,0,0,1,1,1947-04-17,,0,7081513,,,,,,,,,,,,,,,
336661,0055000,1,岡山県,オカヤマケン,Okayama,久米郡,クメグン,Kume-gun,美咲町,ミサキチョウ,Misaki-cho,,,,松尾,マツオ,Matsuo,,,,,,,,0,0,0,0,0,0,1,1,1947-04-17,,0,7081512,,,,,,,,,,,,,,,
336661,0057000,1,岡山県,オカヤマケン,Okayama,久米郡,クメグン,Kume-gun,美咲町,ミサキチョウ,Misaki-cho,,,,宮山,ミヤヤマ,Miyayama,,,,,,,,0,0,0,0,0,0,1,1,1947-04-17,,0,7081502,,,,,,,,,,,,,,,
336661,0058000,1,岡山県,オカヤマケン,Okayama,久米郡,クメグン,Kume-gun,美咲町,ミサキチョウ,Misaki-cho,,,,安井,ヤスイ,Yasui,,,,,,,,0,0,0,0,0,0,1,1,1947-04-17,,0,7081501,,,,,,,,,,,,,,,
336661,0059000,1,岡山県,オカヤマケン,Okayama,久米郡,クメグン,Kume-gun,美咲町,ミサキチョウ,Misaki-cho,,,,休石,ヤスミイシ,Yasumiishi,,,,,,,,0,0,0,0,0,0,1,1,1947-04-17,,0,7081521,,,,,,,,,,,,,,,
336661,0061000,1,岡山県,オカヤマケン,Okayama,久米郡,クメグン,Kume-gun,美咲町,ミサキチョウ,Misaki-cho,,,,飯岡,ユウカ,Yuka,,,,,,,,0,0,0,0,0,0,1,1,1947-04-17,,0,7081524,,,,,,,,,,,,,,,
336661,0064000,1,岡山県,オカヤマケン,Okayama,久米郡,クメグン,Kume-gun,美咲町,ミサキチョウ,Misaki-cho,,,,頼元,ヨリモト,Yorimoto,,,,,,,,0,0,0,0,0,0,1,1,1947-04-17,,0,7093716,,,,,,,,,,,,,,,
336661,0065000,1,岡山県,オカヤマケン,Okayama,久米郡,クメグン,Kume-gun,美咲町,ミサキチョウ,Misaki-cho,,,,両山寺,リョウサンジ,Ryosanji,,,,,,,,0,0,0,0,0,0,1,1,1947-04-17,,0,7093721,,,,,,,,,,,,,,,
336661,0067000,1,岡山県,オカヤマケン,Okayama,久米郡,クメグン,Kume-gun,美咲町,ミサキチョウ,Misaki-cho,,,,和田北,ワダキタ,Wadakita,,,,,,,,0,0,0,0,0,0,1,1,1947-04-17,,0,7093725,,,,,,,,,,,,,,,
336661,0068000,1,岡山県,オカヤマケン,Okayama,久米郡,クメグン,Kume-gun,美咲町,ミサキチョウ,Misaki-cho,,,,吉ケ原,キチガハラ,Kichigahara,,,,,,,,0,0,0,0,0,0,1,0,1947-04-17,,0,7081523,,,,,,,,,,,,,,,
336661,0069000,1,岡山県,オカヤマケン,Okayama,久米郡,クメグン,Kume-gun,美咲町,ミサキチョウ,Misaki-cho,,,,羽仁,ハニ,,,,,,,,,0,0,0,0,0,0,1,0,1947-04-17,,1,,,,,,,,,,,,,,,,
336661,0070000,1,岡山県,オカヤマケン,Okayama,久米郡,クメグン,Kume-gun,美咲町,ミサキチョウ,Misaki-cho,,,,吉留,ヨシドメ,,,,,,,,,0,0,0,0,0,0,1,0,1947-04-17,,1,,,,,,,,,,,,,,,,
336661,0071000,1,岡山県,オカヤマケン,Okayama,久米郡,クメグン,Kume-gun,美咲町,ミサキチョウ,Misaki-cho,,,,久木,ヒサギ,,,,,,,,,0,0,0,0,0,0,1,0,1947-04-17,,1,,,,,,,,,,,,,,,,
336661,0072000,1,岡山県,オカヤマケン,Okayama,久米郡,クメグン,Kume-gun,美咲町,ミサキチョウ,Misaki-cho,,,,行信,ユキノブ,,,,,,,,,0,0,0,0,0,0,1,0,1947-04-17,,1,,,,,,,,,,,,,,,,
336661,0073000,1,岡山県,オカヤマケン,Okayama,久米郡,クメグン,Kume-gun,美咲町,ミサキチョウ,Misaki-cho,,,,柵原,ヤナハラ,,,,,,,,,0,0,0,0,0,0,1,0,1947-04-17,,1,,,,,,,,,,,,,,,,
336661,0074000,1,岡山県,オカヤマケン,Okayama,久米郡,クメグン,Kume-gun,美咲町,ミサキチョウ,Misaki-cho,,,,周佐,スサ,,,,,,,,,0,0,0,0,0,0,1,0,1947-04-17,,1,,,,,,,,,,,,,,,,
336661,0075000,1,岡山県,オカヤマケン,Okayama,久米郡,クメグン,Kume-gun,美咲町,ミサキチョウ,Misaki-cho,,,,小原,オバラ,,,,,,,,,0,0,0,0,0,0,1,0,1947-04-17,,1,,,,,,,,,,,,,,,,
336661,0076000,1,岡山県,オカヤマケン,Okayama,久米郡,クメグン,Kume-gun,美咲町,ミサキチョウ,Misaki-cho,,,,上口,ウエクチ,,,,,,,,,0,0,0,0,0,0,1,0,1947-04-17,,1,,,,,,,,,,,,,,,,
336661,0077000,1,岡山県,オカヤマケン,Okayama,久米郡,クメグン,Kume-gun,美咲町,ミサキチョウ,Misaki-cho,,,,大戸下,ダイトシモ,,,,,,,,,0,0,0,0,0,0,1,0,1947-04-17,,1,,,,,,,,,,,,,,,,
336661,0078000,1,岡山県,オカヤマケン,Okayama,久米郡,クメグン,Kume-gun,美咲町,ミサキチョウ,Misaki-cho,,,,定宗,サダムネ,,,,,,,,,0,0,0,0,0,0,1,0,1947-04-17,,1,,,,,,,,,,,,,,,,
336661,0079000,1,岡山県,オカヤマケン,Okayama,久米郡,クメグン,Kume-gun,美咲町,ミサキチョウ,Misaki-cho,,,,藤原,フジワラ,,,,,,,,,0,0,0,0,0,0,1,0,1947-04-17,,1,,,,,,,,,,,,,,,,
336661,0080000,1,岡山県,オカヤマケン,Okayama,久米郡,クメグン,Kume-gun,美咲町,ミサキチョウ,Misaki-cho,,,,栃原,トチバラ,,,,,,,,,0,0,0,0,0,0,1,0,1947-04-17,,1,,,,,,,,,,,,,,,,
336661,0081000,1,岡山県,オカヤマケン,Okayama,久米郡,クメグン,Kume-gun,美咲町,ミサキチョウ,Misaki-cho,,,,南,ミナミ,,,,,,,,,0,0,0,0,0,0,1,0,1947-04-17,,1,,,,,,,,,,,,,,,,
336661,0082000,1,岡山県,オカヤマケン,Okayama,久米郡,クメグン,Kume-gun,美咲町,ミサキチョウ,Misaki-cho,,,,連石,レンジャク,,,,,,,,,0,0,0,0,0,0,1,0,1947-04-17,,1,,,,,,,,,,,,,,,,
336661,0083000,1,岡山県,オカヤマケン,Okayama,久米郡,クメグン,Kume-gun,美咲町,ミサキチョウ,Misaki-cho,,,,境,サカイ,Sakai,,,,,,,,0,0,0,0,0,0,1,1,1947-04-17,,0,7093723,,,,,,,,,,,,,,,
336661,0085000,1,岡山県,オカヤマケン,Okayama,久米郡,クメグン,Kume-gun,美咲町,ミサキチョウ,Misaki-cho,,,,江与味,エヨミ,Eyomi,,,,,,,,0,0,0,0,0,0,1,1,1947-04-17,,0,7093415,,,,,,,,,,,,,,,
336661,0088000,1,岡山県,オカヤマケン,Okayama,久米郡,クメグン,Kume-gun,美咲町,ミサキチョウ,Misaki-cho,,,,西川上,ニシガワカミ,Nishigawakami,,,,,,,,0,0,0,0,0,0,1,1,1947-04-17,,0,7093406,,,,,,,,,,,,,,,
336661,0090000,1,岡山県,オカヤマケン,Okayama,久米郡,クメグン,Kume-gun,美咲町,ミサキチョウ,Misaki-cho,,,,大垪和西,オオハガニシ,Ohaganishi,,,,,,,,0,0,0,0,0,0,1,1,1947-04-17,,0,7093726,,,,,,,,,,,,,,,
336815,0001000,1,岡山県,オカヤマケン,Okayama,加賀郡,カガグン,Kaga-gun,吉備中央町,キビチュウオウチョウ,Kibichuo-cho,,,,粟井谷,アワイタニ,Awaitani,,,,,,,,0,0,0,0,0,0,1,1,1947-04-17,,0,7092672,,,,,,,,,,,,,,,
336815,0003000,1,岡山県,オカヤマケン,Okayama,加賀郡,カガグン,Kaga-gun,吉備中央町,キビチュウオウチョウ,Kibichuo-cho,,,,井原,イハラ,Ihara,,,,,,,,0,0,0,0,0,0,1,1,1947-04-17,,0,7092552,,,,,,,,,,,,,,,
336815,0004000,1,岡山県,オカヤマケン,Okayama,加賀郡,カガグン,Kaga-gun,吉備中央町,キビチュウオウチョウ,Kibichuo-cho,,,,上田西,ウエダニシ,Uedanishi,,,,,,,,0,0,0,0,0,0,1,1,1947-04-17,,0,7092413,,,,,,,,,,,,,,,
336815,0005000,1,岡山県,オカヤマケン,Okayama,加賀郡,カガグン,Kaga-gun,吉備中央町,キビチュウオウチョウ,Kibichuo-cho,,,,上田東,ウエダヒガシ,Uedahigashi,,,,,,,,0,0,0,0,0,0,1,1,1947-04-17,,0,7092411,,,,,,,,,,,,,,,
336815,0006000,1,岡山県,オカヤマケン,Okayama,加賀郡,カガグン,Kaga-gun,吉備中央町,キビチュウオウチョウ,Kibichuo-cho,,,,上野,ウエノ,Ueno,,,,,,,,0,0,0,0,0,0,1,1,1947-04-17,,0,7092344,,,,,,,,,,,,,,,
336815,0007000,1,岡山県,オカヤマケン,Okayama,加賀郡,カガグン,Kaga-gun,吉備中央町,キビチュウオウチョウ,Kibichuo-cho,,,,円城,エンジョウ,Enjo,,,,,,,,0,0,0,0,0,0,1,1,1947-04-17,,0,7092412,,,,,,,,,,,,,,,
336815,0008000,1,岡山県,オカヤマケン,Okayama,加賀郡,カガグン,Kaga-gun,吉備中央町,キビチュウオウチョウ,Kibichuo-cho,,,,大木,オオギ,Ogi,,,,,,,,0,0,0,0,0,0,1,1,1947-04-17,,0,7092663,,,,,,,,,,,,,,,
336815,0010000,1,岡山県,オカヤマケン,Okayama,加賀郡,カガグン,Kaga-gun,吉備中央町,キビチュウオウチョウ,Kibichuo-cho,,,,上加茂,カミガモ,Kamigamo,,,,,,,,0,0,0,0,0,0,1,1,1947-04-17,,0,7092341,,,,,,,,,,,,,,,
336815,0012000,1,岡山県,オカヤマケン,Okayama,加賀郡,カガグン,Kaga-gun,吉備中央町,キビチュウオウチョウ,Kibichuo-cho,,,,加茂市場,カモイチバ,Kamoichiba,,,,,,,,0,0,0,0,0,0,1,1,1947-04-17,,0,7092333,,,,,,,,,,,,,,,
336815,0013000,1,岡山県,オカヤマケン,Okayama,加賀郡,カガグン,Kaga-gun,吉備中央町,キビチュウオウチョウ,Kibichuo-cho,,,,神瀬,カンセ,Kanse,,,,,,,,0,0,0,0,0,0,1,1,1947-04-17,,0,7092401,,,,,,,,,,,,,,,
336815,0014000,1,岡山県,オカヤマケン,Okayama,加賀郡,カガグン,Kaga-gun,吉備中央町,キビチュウオウチョウ,Kibichuo-cho,,,,北,キタ,Kita,,,,,,,,0,0,0,0,0,0,1,1,1947-04-17,,0,7161551,,,,,,,,,,,,,,,
336815,0015000,1,岡山県,オカヤマケン,Okayama,加賀郡,カガグン,Kaga-gun,吉備中央町,キビチュウオウチョウ,Kibichuo-cho,,,,黒土,クロツチ,Kurotsuchi,,,,,,,,0,0,0,0,0,0,1,1,1947-04-17,,0,7161102,,,,,,,,,,,,,,,
336815,0016000,1,岡山県,オカヤマケン,Okayama,加賀郡,カガグン,Kaga-gun,吉備中央町,キビチュウオウチョウ,Kibichuo-cho,,,,黒山,クロヤマ,Kuroyama,,,,,,,,0,0,0,0,0,0,1,1,1947-04-17,,0,7161242,,,,,,,,,,,,,,,
336815,0017000,1,岡山県,オカヤマケン,Okayama,加賀郡,カガグン,Kaga-gun,吉備中央町,キビチュウオウチョウ,Kibichuo-cho,,,,小森,コモリ,Komori,,,,,,,,0,0,0,0,0,0,1,1,1947-04-17,,0,7092404,,,,,,,,,,,,,,,
336815,0018000,1,岡山県,オカヤマケン,Okayama,加賀郡,カガグン,Kaga-gun,吉備中央町,キビチュウオウチョウ,Kibichuo-cho,,,,笹目,ササメ,Sasame,,,,,,,,0,0,0,0,0,0,1,1,1947-04-17,,0,7092674,,,,,,,,,,,,,,,
336815,0019000,1,岡山県,オカヤマケン,Okayama,加賀郡,カガグン,Kaga-gun,吉備中央町,キビチュウオウチョウ,Kibichuo-cho,,,,下加茂,シモガモ,Shimogamo,,,,,,,,0,0,0,0,0,0,1,1,1947-04-17,,0,7092331,,,,,,,,,,,,,,,
336815,0020000,1,岡山県,オカヤマケン,Okayama,加賀郡,カガグン,Kaga-gun,吉備中央町,キビチュウオウチョウ,Kibichuo-cho,,,,下土井,シモドイ,Shimodoi,,,,,,,,0,0,0,0,0,0,1,1,1947-04-17,,0,7092551,,,,,,,,,,,,,,,
336815,0021000,1,岡山県,オカヤマケン,Okayama,加賀郡,カガグン,Kaga-gun,吉備中央町,キビチュウオウチョウ,Kibichuo-cho,,,,杉谷,スギタニ,Sugitani,,,,,,,,0,0,0,0,0,0,1,1,1947-04-17,,0,7092671,,,,,,,,,,,,,,,
336815,0023000,1,岡山県,オカヤマケン,Okayama,加賀郡,カガグン,Kaga-gun,吉備中央町,キビチュウオウチョウ,Kibichuo-cho,,,,高富,タカトミ,Takatomi,,,,,,,,0,0,0,0,0,0,1,1,1947-04-17,,0,7092402,,,,,,,,,,,,,,,
336815,0024000,1,岡山県,オカヤマケン,Okayama,加賀郡,カガグン,Kaga-gun,吉備中央町,キビチュウオウチョウ,Kibichuo-cho,,,,高谷,タカヤ,Takaya,,,,,,,,0,0,0,0,0,0,1,1,1947-04-17,,0,7092332,,,,,,,,,,,,,,,
336815,0025000,1,岡山県,オカヤマケン,Okayama,加賀郡,カガグン,Kaga-gun,吉備中央町,キビチュウオウチョウ,Kibichuo-cho,,,,竹荘,タケショウ,Takesho,,,,,,,,0,0,0,0,0,0,1,1,1947-04-17,,0,7161122,,,,,,,,,,,,,,,
336815,0026000,1,岡山県,オカヤマケン,Okayama,加賀郡,カガグン,Kaga-gun,吉備中央町,キビチュウオウチョウ,Kibichuo-cho,,,,竹部,タケベ,Takebe,,,,,,,,0,0,0,0,0,0,1,1,1947-04-17,,0,7092343,,,,,,,,,,,,,,,
336815,0027000,1,岡山県,オカヤマケン,Okayama,加賀郡,カガグン,Kaga-gun,吉備中央町,キビチュウオウチョウ,Kibichuo-cho,,,,田土,タド,Tado,,,,,,,,0,0,0,0,0,0,1,1,1947-04-17,,0,7161111,,,,,,,,,,,,,,,
336815,0028000,1,岡山県,オカヤマケン,Okayama,加賀郡,カガグン,Kaga-gun,吉備中央町,キビチュウオウチョウ,Kibichuo-cho,,,,富永,トミナガ,Tominaga,,,,,,,,0,0,0,0,0,0,1,1,1947-04-17,,0,7092553,,,,,,,,,,,,,,,
336815,0029000,1,岡山県,オカヤマケン,Okayama,加賀郡,カガグン,Kaga-gun,吉備中央町,キビチュウオウチョウ,Kibichuo-cho,,,,豊岡上,トヨオカカミ,Toyokakami,,,,,,,,0,0,0,0,0,0,1,1,1947-04-17,,0,7092664,,,,,,,,,,,,,,,
336815,0030000,1,岡山県,オカヤマケン,Okayama,加賀郡,カガグン,Kaga-gun,吉備中央町,キビチュウオウチョウ,Kibichuo-cho,,,,豊岡下,トヨオカシモ,Toyokashimo,,,,,,,,0,0,0,0,0,0,1,1,1947-04-17,,0,7092661,,,,,,,,,,,,,,,
336815,0033000,1,岡山県,オカヤマケン,Okayama,加賀郡,カガグン,Kaga-gun,吉備中央町,キビチュウオウチョウ,Kibichuo-cho,,,,納地,ノウチ,Nochi,,,,,,,,0,0,0,0,0,0,1,1,1947-04-17,,0,7161121,,,,,,,,,,,,,,,
336815,0034000,1,岡山県,オカヤマケン,Okayama,加賀郡,カガグン,Kaga-gun,吉備中央町,キビチュウオウチョウ,Kibichuo-cho,,,,平岡,ヒラオカ,Hiraoka,,,,,,,,0,0,0,0,0,0,1,1,1947-04-17,,0,7092345,,,,,,,,,,,,,,,
336815,0035000,1,岡山県,オカヤマケン,Okayama,加賀郡,カガグン,Kaga-gun,吉備中央町,キビチュウオウチョウ,Kibichuo-cho,,,,広面,ヒロモ,Hiromo,,,,,,,,0,0,0,0,0,0,1,1,1947-04-17,,0,7092342,,,,,,,,,,,,,,,
336815,0036000,1,岡山県,オカヤマケン,Okayama,加賀郡,カガグン,Kaga-gun,吉備中央町,キビチュウオウチョウ,Kibichuo-cho,,,,福沢,フクザワ,Fukuzawa,,,,,,,,0,0,0,0,0,0,1,1,1947-04-17,,0,7092675,,,,,,,,,,,,,,,
336815,0037000,1,岡山県,オカヤマケン,Okayama,加賀郡,カガグン,Kaga-gun,吉備中央町,キビチュウオウチョウ,Kibichuo-cho,,,,船津,フナツ,,,,,,,,,0,0,0,0,0,0,1,1,1947-04-17,,0,,,,,,,,,,,,,,,,
336815,0038000,1,岡山県,オカヤマケン,Okayama,加賀郡,カガグン,Kaga-gun,吉備中央町,キビチュウオウチョウ,Kibichuo-cho,,,,細田,ホソダ,Hosoda,,,,,,,,0,0,0,0,0,0,1,1,1947-04-17,,0,7092421,,,,,,,,,,,,,,,
336815,0039000,1,岡山県,オカヤマケン,Okayama,加賀郡,カガグン,Kaga-gun,吉備中央町,キビチュウオウチョウ,Kibichuo-cho,,,,溝部,ミゾベ,Mizobe,,,,,,,,0,0,0,0,0,0,1,1,1947-04-17,,0,7092676,,,,,,,,,,,,,,,
336815,0040000,1,岡山県,オカヤマケン,Okayama,加賀郡,カガグン,Kaga-gun,吉備中央町,キビチュウオウチョウ,Kibichuo-cho,,,,三谷,ミタニ,Mitani,,,,,,,,0,0,0,0,0,0,1,1,1947-04-17,,0,7092662,,,,,,,,,,,,,,,
336815,0041000,1,岡山県,オカヤマケン,Okayama,加賀郡,カガグン,Kaga-gun,吉備中央町,キビチュウオウチョウ,Kibichuo-cho,,,,三納谷,ミノウタニ,Minotani,,,,,,,,0,0,0,0,0,0,1,1,1947-04-17,,0,7092422,,,,,,,,,,,,,,,
336815,0042000,1,岡山県,オカヤマケン,Okayama,加賀郡,カガグン,Kaga-gun,吉備中央町,キビチュウオウチョウ,Kibichuo-cho,,,,美原,ミハラ,Mihara,,,,,,,,0,0,0,0,0,0,1,1,1947-04-17,,0,7092334,,,,,,,,,,,,,,,
336815,0043000,1,岡山県,オカヤマケン,Okayama,加賀郡,カガグン,Kaga-gun,吉備中央町,キビチュウオウチョウ,Kibichuo-cho,,,,宮地,ミヤジ,Miyachi,,,,,,,,0,0,0,0,0,0,1,1,1947-04-17,,0,7161553,,,,,,,,,,,,,,,
336815,0044000,1,岡山県,オカヤマケン,Okayama,加賀郡,カガグン,Kaga-gun,吉備中央町,キビチュウオウチョウ,Kibichuo-cho,,,,湯山,ユヤマ,Yuyama,,,,,,,,0,0,0,0,0,0,1,1,1947-04-17,,0,7161112,,,,,,,,,,,,,,,
336815,0045000,1,岡山県,オカヤマケン,Okayama,加賀郡,カガグン,Kaga-gun,吉備中央町,キビチュウオウチョウ,Kibichuo-cho,,,,吉川,ヨシカワ,Yoshikawa,,,,,,,,0,0,0,0,0,0,1,1,1947-04-17,,0,7161241,,,,,,,,,,,,,,,
336815,0046000,1,岡山県,オカヤマケン,Okayama,加賀郡,カガグン,Kaga-gun,吉備中央町,キビチュウオウチョウ,Kibichuo-cho,,,,和田,ワダ,Wada,,,,,,,,0,0,0,0,0,0,1,1,1947-04-17,,0,7092554,,,,,,,,,,,,,,,
336815,0047000,1,岡山県,オカヤマケン,Okayama,加賀郡,カガグン,Kaga-gun,吉備中央町,キビチュウオウチョウ,Kibichuo-cho,,,,案田,アンダ,,,,,,,,,0,0,0,0,0,0,1,0,1947-04-17,,1,,,,,,,,,,,,,,,,
336815,0048000,1,岡山県,オカヤマケン,Okayama,加賀郡,カガグン,Kaga-gun,吉備中央町,キビチュウオウチョウ,Kibichuo-cho,,,,西,ニシ,,,,,,,,,0,0,0,0,0,0,1,0,1947-04-17,,1,,,,,,,,,,,,,,,,
336815,0049000,1,岡山県,オカヤマケン,Okayama,加賀郡,カガグン,Kaga-gun,吉備中央町,キビチュウオウチョウ,Kibichuo-cho,,,,尾原,オバラ,,,,,,,,,0,0,0,0,0,0,1,0,1947-04-17,,1,,,,,,,,,,,,,,,,
336815,0050000,1,岡山県,オカヤマケン,Okayama,加賀郡,カガグン,Kaga-gun,吉備中央町,キビチュウオウチョウ,Kibichuo-cho,,,,上竹,カミタケ,Kamitake,,,,,,,,0,0,0,0,0,0,1,1,1947-04-17,,0,7161131,,,,,,,,,,,,,,,
336815,0052000,1,岡山県,オカヤマケン,Okayama,加賀郡,カガグン,Kaga-gun,吉備中央町,キビチュウオウチョウ,Kibichuo-cho,,,,岨谷,スワタニ,Suwatani,,,,,,,,0,0,0,0,0,0,1,1,1947-04-17,,0,7161552,,,,,,,,,,,,,,,
336815,0054000,1,岡山県,オカヤマケン,Okayama,加賀郡,カガグン,Kaga-gun,吉備中央町,キビチュウオウチョウ,Kibichuo-cho,,,,豊野,トヨノ,Toyono,,,,,,,,0,0,0,0,0,0,1,1,1947-04-17,,0,7161101,,,,,,,,,,,,,,,
