lg_code,machiaza_id,machiaza_type,pref,pref_kana,pref_roma,county,county_kana,county_roma,city,city_kana,city_roma,ward,ward_kana,ward_roma,oaza_cho,oaza_cho_kana,oaza_cho_roma,chome,chome_kana,chome_number,koaza,koaza_kana,koaza_roma,machiaza_dist,rsdt_addr_flg,rsdt_addr_mtd_code,oaza_cho_aka_flg,koaza_aka_code,oaza_cho_gsi_uncmn,koaza_gsi_uncmn,status_flg,wake_num_flg,efct_date,ablt_date,src_code,post_code,oaza_cho_uncmn_reg,oaza_cho_uncmn_mj,oaza_cho_uncmn_type,oaza_cho_uncmn_code,koaza_uncmn_reg,koaza_uncmn_mj,koaza_uncmn_type,koaza_uncmn_code,alias_oaza,alias_oaza_kana,alias_oaza_roma,alias_koaza,alias_koaza_kana,alias_koaza_roma,remarks
472018,0001001,2,沖縄県,オキナワケン,Okinawa,,,,那覇市,ナハシ,Naha-shi,,,,古波蔵,コハグラ,Kohagura,１丁目,１チョウメ,1,,,,,1,1,0,0,0,0,1,1,1947-04-17,,0,,,,,,,,,,,,,,,,
472018,0001002,2,沖縄県,オキナワケン,Okinawa,,,,那覇市,ナハシ,Naha-shi,,,,古波蔵,コハグラ,Kohagura,２丁目,２チョウメ,2,,,,,1,1,0,0,0,0,1,1,1947-04-17,,0,,,,,,,,,,,,,,,,
472018,0001003,2,沖縄県,オキナワケン,Okinawa,,,,那覇市,ナハシ,Naha-shi,,,,古波蔵,コハグラ,Kohagura,３丁目,３チョウメ,3,,,,,1,1,0,0,0,0,1,1,1947-04-17,,0,,,,,,,,,,,,,,,,
472018,0001004,2,沖縄県,オキナワケン,Okinawa,,,,那覇市,ナハシ,Naha-shi,,,,古波蔵,コハグラ,Kohagura,４丁目,４チョウメ,4,,,,,1,1,0,0,0,0,1,1,1947-04-17,,0,,,,,,,,,,,,,,,,
472018,0002001,2,沖縄県,オキナワケン,Okinawa,,,,那覇市,ナハシ,Naha-shi,,,,真嘉比,マカビ,Makabi,１丁目,１チョウメ,1,,,,,1,1,0,0,0,0,1,1,1947-04-17,,0,,,,,,,,,,,,,,,,
472018,0002002,2,沖縄県,オキナワケン,Okinawa,,,,那覇市,ナハシ,Naha-shi,,,,真嘉比,マカビ,Makabi,２丁目,２チョウメ,2,,,,,1,1,0,0,0,0,1,1,1947-04-17,,0,,,,,,,,,,,,,,,,
472018,0002003,2,沖縄県,オキナワケン,Okinawa,,,,那覇市,ナハシ,Naha-shi,,,,真嘉比,マカビ,Makabi,３丁目,３チョウメ,3,,,,,1,1,0,0,0,0,1,1,1947-04-17,,0,,,,,,,,,,,,,,,,
472018,0003001,2,沖縄県,オキナワケン,Okinawa,,,,那覇市,ナハシ,Naha-shi,,,,楚辺,ソベ,Sobe,１丁目,１チョウメ,1,,,,,1,1,0,0,0,0,1,1,1947-04-17,,0,,,,,,,,,,,,,,,,
472018,0003002,2,沖縄県,オキナワケン,Okinawa,,,,那覇市,ナハシ,Naha-shi,,,,楚辺,ソベ,Sobe,２丁目,２チョウメ,2,,,,,1,1,0,0,0,0,1,1,1947-04-17,,0,,,,,,,,,,,,,,,,
472018,0003003,2,沖縄県,オキナワケン,Okinawa,,,,那覇市,ナハシ,Naha-shi,,,,楚辺,ソベ,Sobe,３丁目,３チョウメ,3,,,,,1,1,0,0,0,0,1,1,1947-04-17,,0,,,,,,,,,,,,,,,,
472018,0004001,2,沖縄県,オキナワケン,Okinawa,,,,那覇市,ナハシ,Naha-shi,,,,宇栄原,ウエバル,Uebaru,１丁目,１チョウメ,1,,,,,1,1,0,0,0,0,1,1,1947-04-17,,0,,,,,,,,,,,,,,,,
472018,0004002,2,沖縄県,オキナワケン,Okinawa,,,,那覇市,ナハシ,Naha-shi,,,,宇栄原,ウエバル,Uebaru,２丁目,２チョウメ,2,,,,,1,1,0,0,0,0,1,1,1947-04-17,,0,,,,,,,,,,,,,,,,
472018,0004003,2,沖縄県,オキナワケン,Okinawa,,,,那覇市,ナハシ,Naha-shi,,,,宇栄原,ウエバル,Uebaru,３丁目,３チョウメ,3,,,,,1,1,0,0,0,0,1,1,1947-04-17,,0,,,,,,,,,,,,,,,,
472018,0004004,2,沖縄県,オキナワケン,Okinawa,,,,那覇市,ナハシ,Naha-shi,,,,宇栄原,ウエバル,Uebaru,４丁目,４チョウメ,4,,,,,1,1,0,0,0,0,1,1,1947-04-17,,0,,,,,,,,,,,,,,,,
472018,0004005,2,沖縄県,オキナワケン,Okinawa,,,,那覇市,ナハシ,Naha-shi,,,,宇栄原,ウエバル,Uebaru,５丁目,５チョウメ,5,,,,,1,1,0,0,0,0,1,1,1947-04-17,,0,,,,,,,,,,,,,,,,
472018,0004006,2,沖縄県,オキナワケン,Okinawa,,,,那覇市,ナハシ,Naha-shi,,,,宇栄原,ウエバル,Uebaru,６丁目,６チョウメ,6,,,,,1,1,0,0,0,0,1,1,1947-04-17,,0,,,,,,,,,,,,,,,,
472018,0005001,2,沖縄県,オキナワケン,Okinawa,,,,那覇市,ナハシ,Naha-shi,,,,壺川,ツボガワ,Tsubogawa,１丁目,１チョウメ,1,,,,,0,0,0,0,0,0,1,1,1947-04-17,,0,,,,,,,,,,,,,,,,
472018,0005001,2,沖縄県,オキナワケン,Okinawa,,,,那覇市,ナハシ,Naha-shi,,,,壺川,ツボガワ,Tsubogawa,１丁目,１チョウメ,1,,,,,1,1,0,0,0,0,1,1,1947-04-17,,0,,,,,,,,,,,,,,,,
472018,0005002,2,沖縄県,オキナワケン,Okinawa,,,,那覇市,ナハシ,Naha-shi,,,,壺川,ツボガワ,Tsubogawa,２丁目,２チョウメ,2,,,,,0,0,0,0,0,0,1,1,1947-04-17,,0,,,,,,,,,,,,,,,,
472018,0005002,2,沖縄県,オキナワケン,Okinawa,,,,那覇市,ナハシ,Naha-shi,,,,壺川,ツボガワ,Tsubogawa,２丁目,２チョウメ,2,,,,,1,1,0,0,0,0,1,1,1947-04-17,,0,,,,,,,,,,,,,,,,
472018,0005003,2,沖縄県,オキナワケン,Okinawa,,,,那覇市,ナハシ,Naha-shi,,,,壺川,ツボガワ,Tsubogawa,３丁目,３チョウメ,3,,,,,0,0,0,0,0,0,1,1,1947-04-17,,0,,,,,,,,,,,,,,,,
472018,0006001,2,沖縄県,オキナワケン,Okinawa,,,,那覇市,ナハシ,Naha-shi,,,,小禄,オロク,Oroku,１丁目,１チョウメ,1,,,,,1,1,0,0,0,0,1,1,1947-04-17,,0,,,,,,,,,,,,,,,,
472018,0006002,2,沖縄県,オキナワケン,Okinawa,,,,那覇市,ナハシ,Naha-shi,,,,小禄,オロク,Oroku,２丁目,２チョウメ,2,,,,,0,0,0,0,0,0,1,1,1947-04-17,,0,,,,,,,,,,,,,,,,
472018,0006003,2,沖縄県,オキナワケン,Okinawa,,,,那覇市,ナハシ,Naha-shi,,,,小禄,オロク,Oroku,３丁目,３チョウメ,3,,,,,0,0,0,0,0,0,1,1,1947-04-17,,0,,,,,,,,,,,,,,,,
472018,0006004,2,沖縄県,オキナワケン,Okinawa,,,,那覇市,ナハシ,Naha-shi,,,,小禄,オロク,Oroku,４丁目,４チョウメ,4,,,,,0,0,0,0,0,0,1,1,1947-04-17,,0,,,,,,,,,,,,,,,,
472018,0006005,2,沖縄県,オキナワケン,Okinawa,,,,那覇市,ナハシ,Naha-shi,,,,小禄,オロク,Oroku,５丁目,５チョウメ,5,,,,,0,0,0,0,0,0,1,1,1947-04-17,,0,,,,,,,,,,,,,,,,
472018,0007001,2,沖縄県,オキナワケン,Okinawa,,,,那覇市,ナハシ,Naha-shi,,,,銘苅,メカル,Mekaru,１丁目,１チョウメ,1,,,,,1,1,0,0,0,0,1,1,1947-04-17,,0,,,,,,,,,,,,,,,,
472018,0007002,2,沖縄県,オキナワケン,Okinawa,,,,那覇市,ナハシ,Naha-shi,,,,銘苅,メカル,Mekaru,２丁目,２チョウメ,2,,,,,1,1,0,0,0,0,1,1,1947-04-17,,0,,,,,,,,,,,,,,,,
472018,0007003,2,沖縄県,オキナワケン,Okinawa,,,,那覇市,ナハシ,Naha-shi,,,,銘苅,メカル,Mekaru,３丁目,３チョウメ,3,,,,,1,1,0,0,0,0,1,1,1947-04-17,,0,,,,,,,,,,,,,,,,
472018,0008001,2,沖縄県,オキナワケン,Okinawa,,,,那覇市,ナハシ,Naha-shi,,,,安謝,アジャ,Aja,１丁目,１チョウメ,1,,,,,1,1,0,0,0,0,1,1,1947-04-17,,0,,,,,,,,,,,,,,,,
472018,0008002,2,沖縄県,オキナワケン,Okinawa,,,,那覇市,ナハシ,Naha-shi,,,,安謝,アジャ,Aja,２丁目,２チョウメ,2,,,,,1,1,0,0,0,0,1,1,1947-04-17,,0,,,,,,,,,,,,,,,,
472018,0009000,1,沖縄県,オキナワケン,Okinawa,,,,那覇市,ナハシ,Naha-shi,,,,字銘苅,アザメカル,Mekaru,,,,,,,,0,0,0,0,0,0,1,1,1947-04-17,,0,9000004,,,,,,,,,,,,,,,
472018,0010000,1,沖縄県,オキナワケン,Okinawa,,,,那覇市,ナハシ,Naha-shi,,,,字安謝,アザアジャ,Aja,,,,,,,,0,0,0,0,0,0,1,1,1947-04-17,,0,9000003,,,,,,,,,,,,,,,
472018,0011001,2,沖縄県,オキナワケン,Okinawa,,,,那覇市,ナハシ,Naha-shi,,,,曙,アケボノ,Akebono,１丁目,１チョウメ,1,,,,,1,1,0,0,0,0,1,1,1947-04-17,,0,,,,,,,,,,,,,,,,
472018,0011002,2,沖縄県,オキナワケン,Okinawa,,,,那覇市,ナハシ,Naha-shi,,,,曙,アケボノ,Akebono,２丁目,２チョウメ,2,,,,,1,1,0,0,0,0,1,1,1947-04-17,,0,,,,,,,,,,,,,,,,
472018,0011003,2,沖縄県,オキナワケン,Okinawa,,,,那覇市,ナハシ,Naha-shi,,,,曙,アケボノ,Akebono,３丁目,３チョウメ,3,,,,,1,1,0,0,0,0,1,1,1947-04-17,,0,,,,,,,,,,,,,,,,
472018,0012001,2,沖縄県,オキナワケン,Okinawa,,,,那覇市,ナハシ,Naha-shi,,,,港町,ミナトマチ,Minatomachi,１丁目,１チョウメ,1,,,,,0,0,0,0,0,0,1,1,1947-04-17,,0,,,,,,,,,,,,,,,,
472018,0012001,2,沖縄県,オキナワケン,Okinawa,,,,那覇市,ナハシ,Naha-shi,,,,港町,ミナトマチ,Minatomachi,１丁目,１チョウメ,1,,,,,1,1,0,0,0,0,1,1,1947-04-17,,0,,,,,,,,,,,,,,,,
472018,0012002,2,沖縄県,オキナワケン,Okinawa,,,,那覇市,ナハシ,Naha-shi,,,,港町,ミナトマチ,Minatomachi,２丁目,２チョウメ,2,,,,,1,1,0,0,0,0,1,1,1947-04-17,,0,,,,,,,,,,,,,,,,
472018,0012003,2,沖縄県,オキナワケン,Okinawa,,,,那覇市,ナハシ,Naha-shi,,,,港町,ミナトマチ,Minatomachi,３丁目,３チョウメ,3,,,,,1,1,0,0,0,0,1,1,1947-04-17,,0,,,,,,,,,,,,,,,,
472018,0012004,2,沖縄県,オキナワケン,Okinawa,,,,那覇市,ナハシ,Naha-shi,,,,港町,ミナトマチ,Minatomachi,４丁目,４チョウメ,4,,,,,0,0,0,0,0,0,1,1,1947-04-17,,0,,,,,,,,,,,,,,,,
472018,0012004,2,沖縄県,オキナワケン,Okinawa,,,,那覇市,ナハシ,Naha-shi,,,,港町,ミナトマチ,Minatomachi,４丁目,４チョウメ,4,,,,,1,1,0,0,0,0,1,1,1947-04-17,,0,,,,,,,,,,,,,,,,
472018,0013001,2,沖縄県,オキナワケン,Okinawa,,,,那覇市,ナハシ,Naha-shi,,,,首里石嶺町,シュリイシミネチョウ,Shuri Ishiminecho,１丁目,１チョウメ,1,,,,,0,0,0,0,0,0,1,1,1947-04-17,,0,,,,,,,,,,,,,,,,
472018,0013002,2,沖縄県,オキナワケン,Okinawa,,,,那覇市,ナハシ,Naha-shi,,,,首里石嶺町,シュリイシミネチョウ,Shuri Ishiminecho,２丁目,２チョウメ,2,,,,,0,0,0,0,0,0,1,1,1947-04-17,,0,,,,,,,,,,,,,,,,
472018,0013003,2,沖縄県,オキナワケン,Okinawa,,,,那覇市,ナハシ,Naha-shi,,,,首里石嶺町,シュリイシミネチョウ,Shuri Ishiminecho,３丁目,３チョウメ,3,,,,,0,0,0,0,0,0,1,1,1947-04-17,,0,,,,,,,,,,,,,,,,
472018,0013004,2,沖縄県,オキナワケン,Okinawa,,,,那覇市,ナハシ,Naha-shi,,,,首里石嶺町,シュリイシミネチョウ,Shuri Ishiminecho,４丁目,４チョウメ,4,,,,,0,0,0,0,0,0,1,1,1947-04-17,,0,,,,,,,,,,,,,,,,
472018,0014001,2,沖縄県,オキナワケン,Okinawa,,,,那覇市,ナハシ,Naha-shi,,,,首里儀保町,シュリギボチョウ,Shuri Gibocho,１丁目,１チョウメ,1,,,,,0,0,0,0,0,0,1,1,1947-04-17,,0,,,,,,,,,,,,,,,,
472018,0014002,2,沖縄県,オキナワケン,Okinawa,,,,那覇市,ナハシ,Naha-shi,,,,首里儀保町,シュリギボチョウ,Shuri Gibocho,２丁目,２チョウメ,2,,,,,0,0,0,0,0,0,1,1,1947-04-17,,0,,,,,,,,,,,,,,,,
472018,0014003,2,沖縄県,オキナワケン,Okinawa,,,,那覇市,ナハシ,Naha-shi,,,,首里儀保町,シュリギボチョウ,Shuri Gibocho,３丁目,３チョウメ,3,,,,,0,0,0,0,0,0,1,1,1947-04-17,,0,,,,,,,,,,,,,,,,
472018,0014004,2,沖縄県,オキナワケン,Okinawa,,,,那覇市,ナハシ,Naha-shi,,,,首里儀保町,シュリギボチョウ,Shuri Gibocho,４丁目,４チョウメ,4,,,,,0,0,0,0,0,0,1,1,1947-04-17,,0,,,,,,,,,,,,,,,,
472018,0015001,2,沖縄県,オキナワケン,Okinawa,,,,那覇市,ナハシ,Naha-shi,,,,首里久場川町,シュリクバガワチョウ,Shuri Kubagawacho,１丁目,１チョウメ,1,,,,,0,0,0,0,0,0,1,1,1947-04-17,,0,,,,,,,,,,,,,,,,
472018,0015002,2,沖縄県,オキナワケン,Okinawa,,,,那覇市,ナハシ,Naha-shi,,,,首里久場川町,シュリクバガワチョウ,Shuri Kubagawacho,２丁目,２チョウメ,2,,,,,0,0,0,0,0,0,1,1,1947-04-17,,0,,,,,,,,,,,,,,,,
472018,0016001,2,沖縄県,オキナワケン,Okinawa,,,,那覇市,ナハシ,Naha-shi,,,,首里平良町,シュリタイラチョウ,Shuri Tairacho,１丁目,１チョウメ,1,,,,,0,0,0,0,0,0,1,1,1947-04-17,,0,,,,,,,,,,,,,,,,
472018,0016002,2,沖縄県,オキナワケン,Okinawa,,,,那覇市,ナハシ,Naha-shi,,,,首里平良町,シュリタイラチョウ,Shuri Tairacho,２丁目,２チョウメ,2,,,,,0,0,0,0,0,0,1,1,1947-04-17,,0,,,,,,,,,,,,,,,,
472018,0017001,2,沖縄県,オキナワケン,Okinawa,,,,那覇市,ナハシ,Naha-shi,,,,首里大名町,シュリオオナチョウ,Shuri Onacho,１丁目,１チョウメ,1,,,,,0,0,0,0,0,0,1,1,1947-04-17,,0,,,,,,,,,,,,,,,,
472018,0017002,2,沖縄県,オキナワケン,Okinawa,,,,那覇市,ナハシ,Naha-shi,,,,首里大名町,シュリオオナチョウ,Shuri Onacho,２丁目,２チョウメ,2,,,,,0,0,0,0,0,0,1,1,1947-04-17,,0,,,,,,,,,,,,,,,,
472018,0017003,2,沖縄県,オキナワケン,Okinawa,,,,那覇市,ナハシ,Naha-shi,,,,首里大名町,シュリオオナチョウ,Shuri Onacho,３丁目,３チョウメ,3,,,,,0,0,0,0,0,0,1,1,1947-04-17,,0,,,,,,,,,,,,,,,,
472018,0018001,2,沖縄県,オキナワケン,Okinawa,,,,那覇市,ナハシ,Naha-shi,,,,古島,フルジマ,Furujima,１丁目,１チョウメ,1,,,,,0,0,0,0,0,0,1,1,1947-04-17,,0,,,,,,,,,,,,,,,,
472018,0018002,2,沖縄県,オキナワケン,Okinawa,,,,那覇市,ナハシ,Naha-shi,,,,古島,フルジマ,Furujima,２丁目,２チョウメ,2,,,,,0,0,0,0,0,0,1,1,1947-04-17,,0,,,,,,,,,,,,,,,,
472018,0019001,2,沖縄県,オキナワケン,Okinawa,,,,那覇市,ナハシ,Naha-shi,,,,首里末吉町,シュリスエヨシチョウ,Shuri Sueyoshicho,１丁目,１チョウメ,1,,,,,0,0,0,0,0,0,1,1,1947-04-17,,0,,,,,,,,,,,,,,,,
472018,0019002,2,沖縄県,オキナワケン,Okinawa,,,,那覇市,ナハシ,Naha-shi,,,,首里末吉町,シュリスエヨシチョウ,Shuri Sueyoshicho,２丁目,２チョウメ,2,,,,,0,0,0,0,0,0,1,1,1947-04-17,,0,,,,,,,,,,,,,,,,
472018,0019003,2,沖縄県,オキナワケン,Okinawa,,,,那覇市,ナハシ,Naha-shi,,,,首里末吉町,シュリスエヨシチョウ,Shuri Sueyoshicho,３丁目,３チョウメ,3,,,,,0,0,0,0,0,0,1,1,1947-04-17,,0,,,,,,,,,,,,,,,,
472018,0019004,2,沖縄県,オキナワケン,Okinawa,,,,那覇市,ナハシ,Naha-shi,,,,首里末吉町,シュリスエヨシチョウ,Shuri Sueyoshicho,４丁目,４チョウメ,4,,,,,0,0,0,0,0,0,1,1,1947-04-17,,0,,,,,,,,,,,,,,,,
472018,0020001,2,沖縄県,オキナワケン,Okinawa,,,,那覇市,ナハシ,Naha-shi,,,,松島,マツシマ,Matsushima,１丁目,１チョウメ,1,,,,,1,1,0,0,0,0,1,1,1947-04-17,,0,,,,,,,,,,,,,,,,
472018,0020002,2,沖縄県,オキナワケン,Okinawa,,,,那覇市,ナハシ,Naha-shi,,,,松島,マツシマ,Matsushima,２丁目,２チョウメ,2,,,,,0,0,0,0,0,0,1,1,1947-04-17,,0,,,,,,,,,,,,,,,,
472018,0020002,2,沖縄県,オキナワケン,Okinawa,,,,那覇市,ナハシ,Naha-shi,,,,松島,マツシマ,Matsushima,２丁目,２チョウメ,2,,,,,1,1,0,0,0,0,1,1,1947-04-17,,0,,,,,,,,,,,,,,,,
472018,0021000,1,沖縄県,オキナワケン,Okinawa,,,,那覇市,ナハシ,Naha-shi,,,,字古島,アザフルジマ,Furujima,,,,,,,,0,0,0,0,0,0,1,1,1947-04-17,,0,9020061,,,,,,,,,,,,,,,
472018,0022001,2,沖縄県,オキナワケン,Okinawa,,,,那覇市,ナハシ,Naha-shi,,,,首里桃原町,シュリトウバルチョウ,Shuri Tobarucho,１丁目,１チョウメ,1,,,,,0,0,0,0,0,0,1,1,1947-04-17,,0,,,,,,,,,,,,,,,,
472018,0022002,2,沖縄県,オキナワケン,Okinawa,,,,那覇市,ナハシ,Naha-shi,,,,首里桃原町,シュリトウバルチョウ,Shuri Tobarucho,２丁目,２チョウメ,2,,,,,0,0,0,0,0,0,1,1,1947-04-17,,0,,,,,,,,,,,,,,,,
472018,0023001,2,沖縄県,オキナワケン,Okinawa,,,,那覇市,ナハシ,Naha-shi,,,,おもろまち,オモロマチ,Omoromachi,１丁目,１チョウメ,1,,,,,1,1,0,0,0,0,1,1,1947-04-17,,0,,,,,,,,,,,,,,,,
472018,0023002,2,沖縄県,オキナワケン,Okinawa,,,,那覇市,ナハシ,Naha-shi,,,,おもろまち,オモロマチ,Omoromachi,２丁目,２チョウメ,2,,,,,1,1,0,0,0,0,1,1,1947-04-17,,0,,,,,,,,,,,,,,,,
472018,0023003,2,沖縄県,オキナワケン,Okinawa,,,,那覇市,ナハシ,Naha-shi,,,,おもろまち,オモロマチ,Omoromachi,３丁目,３チョウメ,3,,,,,1,1,0,0,0,0,1,1,1947-04-17,,0,,,,,,,,,,,,,,,,
472018,0023004,2,沖縄県,オキナワケン,Okinawa,,,,那覇市,ナハシ,Naha-shi,,,,おもろまち,オモロマチ,Omoromachi,４丁目,４チョウメ,4,,,,,1,1,0,0,0,0,1,1,1947-04-17,,0,,,,,,,,,,,,,,,,
472018,0024001,2,沖縄県,オキナワケン,Okinawa,,,,那覇市,ナハシ,Naha-shi,,,,天久,アメク,Ameku,１丁目,１チョウメ,1,,,,,1,1,0,0,0,0,1,1,1947-04-17,,0,,,,,,,,,,,,,,,,
472018,0024002,2,沖縄県,オキナワケン,Okinawa,,,,那覇市,ナハシ,Naha-shi,,,,天久,アメク,Ameku,２丁目,２チョウメ,2,,,,,1,1,0,0,0,0,1,1,1947-04-17,,0,,,,,,,,,,,,,,,,
472018,0025001,2,沖縄県,オキナワケン,Okinawa,,,,那覇市,ナハシ,Naha-shi,,,,上之屋,ウエノヤ,Uenoya,１丁目,１チョウメ,1,,,,,1,1,0,0,0,0,1,1,1947-04-17,,0,,,,,,,,,,,,,,,,
472018,0026000,1,沖縄県,オキナワケン,Okinawa,,,,那覇市,ナハシ,Naha-shi,,,,字天久,アザアメク,Ameku,,,,,,,,0,0,0,0,0,0,1,1,1947-04-17,,0,9000005,,,,,,,,,,,,,,,
472018,0027000,1,沖縄県,オキナワケン,Okinawa,,,,那覇市,ナハシ,Naha-shi,,,,字上之屋,アザウエノヤ,Uenoya,,,,,,,,0,0,0,0,0,0,1,1,1947-04-17,,0,9000011,,,,,,,,,,,,,,,
472018,0028001,2,沖縄県,オキナワケン,Okinawa,,,,那覇市,ナハシ,Naha-shi,,,,泊,トマリ,Tomari,１丁目,１チョウメ,1,,,,,0,0,0,0,0,0,1,1,1947-04-17,,0,,,,,,,,,,,,,,,,
472018,0028002,2,沖縄県,オキナワケン,Okinawa,,,,那覇市,ナハシ,Naha-shi,,,,泊,トマリ,Tomari,２丁目,２チョウメ,2,,,,,0,0,0,0,0,0,1,1,1947-04-17,,0,,,,,,,,,,,,,,,,
472018,0028003,2,沖縄県,オキナワケン,Okinawa,,,,那覇市,ナハシ,Naha-shi,,,,泊,トマリ,Tomari,３丁目,３チョウメ,3,,,,,0,0,0,0,0,0,1,1,1947-04-17,,0,,,,,,,,,,,,,,,,
472018,0029001,2,沖縄県,オキナワケン,Okinawa,,,,那覇市,ナハシ,Naha-shi,,,,首里赤平町,シュリアカヒラチョウ,Shuri Akahiracho,１丁目,１チョウメ,1,,,,,0,0,0,0,0,0,1,1,1947-04-17,,0,,,,,,,,,,,,,,,,
472018,0029002,2,沖縄県,オキナワケン,Okinawa,,,,那覇市,ナハシ,Naha-shi,,,,首里赤平町,シュリアカヒラチョウ,Shuri Akahiracho,２丁目,２チョウメ,2,,,,,0,0,0,0,0,0,1,1,1947-04-17,,0,,,,,,,,,,,,,,,,
472018,0030001,2,沖縄県,オキナワケン,Okinawa,,,,那覇市,ナハシ,Naha-shi,,,,首里汀良町,シュリテラチョウ,Shuri Teracho,１丁目,１チョウメ,1,,,,,0,0,0,0,0,0,1,1,1947-04-17,,0,,,,,,,,,,,,,,,,
472018,0030002,2,沖縄県,オキナワケン,Okinawa,,,,那覇市,ナハシ,Naha-shi,,,,首里汀良町,シュリテラチョウ,Shuri Teracho,２丁目,２チョウメ,2,,,,,0,0,0,0,0,0,1,1,1947-04-17,,0,,,,,,,,,,,,,,,,
472018,0030003,2,沖縄県,オキナワケン,Okinawa,,,,那覇市,ナハシ,Naha-shi,,,,首里汀良町,シュリテラチョウ,Shuri Teracho,３丁目,３チョウメ,3,,,,,0,0,0,0,0,0,1,1,1947-04-17,,0,,,,,,,,,,,,,,,,
472018,0031001,2,沖縄県,オキナワケン,Okinawa,,,,那覇市,ナハシ,Naha-shi,,,,首里赤田町,シュリアカタチョウ,Shuri Akatacho,１丁目,１チョウメ,1,,,,,0,0,0,0,0,0,1,1,1947-04-17,,0,,,,,,,,,,,,,,,,
472018,0031002,2,沖縄県,オキナワケン,Okinawa,,,,那覇市,ナハシ,Naha-shi,,,,首里赤田町,シュリアカタチョウ,Shuri Akatacho,２丁目,２チョウメ,2,,,,,0,0,0,0,0,0,1,1,1947-04-17,,0,,,,,,,,,,,,,,,,
472018,0031003,2,沖縄県,オキナワケン,Okinawa,,,,那覇市,ナハシ,Naha-shi,,,,首里赤田町,シュリアカタチョウ,Shuri Akatacho,３丁目,３チョウメ,3,,,,,0,0,0,0,0,0,1,1,1947-04-17,,0,,,,,,,,,,,,,,,,
472018,0032001,2,沖縄県,オキナワケン,Okinawa,,,,那覇市,ナハシ,Naha-shi,,,,首里鳥堀町,シュリトリホリチョウ,Shuri Torihoricho,１丁目,１チョウメ,1,,,,,0,0,0,0,0,0,1,1,1947-04-17,,0,,,,,,,,,,,,,,,,
472018,0032002,2,沖縄県,オキナワケン,Okinawa,,,,那覇市,ナハシ,Naha-shi,,,,首里鳥堀町,シュリトリホリチョウ,Shuri Torihoricho,２丁目,２チョウメ,2,,,,,0,0,0,0,0,0,1,1,1947-04-17,,0,,,,,,,,,,,,,,,,
472018,0032003,2,沖縄県,オキナワケン,Okinawa,,,,那覇市,ナハシ,Naha-shi,,,,首里鳥堀町,シュリトリホリチョウ,Shuri Torihoricho,３丁目,３チョウメ,3,,,,,0,0,0,0,0,0,1,1,1947-04-17,,0,,,,,,,,,,,,,,,,
472018,0032004,2,沖縄県,オキナワケン,Okinawa,,,,那覇市,ナハシ,Naha-shi,,,,首里鳥堀町,シュリトリホリチョウ,Shuri Torihoricho,４丁目,４チョウメ,4,,,,,0,0,0,0,0,0,1,1,1947-04-17,,0,,,,,,,,,,,,,,,,
472018,0032005,2,沖縄県,オキナワケン,Okinawa,,,,那覇市,ナハシ,Naha-shi,,,,首里鳥堀町,シュリトリホリチョウ,Shuri Torihoricho,５丁目,５チョウメ,5,,,,,0,0,0,0,0,0,1,1,1947-04-17,,0,,,,,,,,,,,,,,,,
472018,0033001,2,沖縄県,オキナワケン,Okinawa,,,,那覇市,ナハシ,Naha-shi,,,,首里崎山町,シュリサキヤマチョウ,Shuri Sakiyamacho,１丁目,１チョウメ,1,,,,,0,0,0,0,0,0,1,1,1947-04-17,,0,,,,,,,,,,,,,,,,
472018,0033002,2,沖縄県,オキナワケン,Okinawa,,,,那覇市,ナハシ,Naha-shi,,,,首里崎山町,シュリサキヤマチョウ,Shuri Sakiyamacho,２丁目,２チョウメ,2,,,,,0,0,0,0,0,0,1,1,1947-04-17,,0,,,,,,,,,,,,,,,,
472018,0033003,2,沖縄県,オキナワケン,Okinawa,,,,那覇市,ナハシ,Naha-shi,,,,首里崎山町,シュリサキヤマチョウ,Shuri Sakiyamacho,３丁目,３チョウメ,3,,,,,0,0,0,0,0,0,1,1,1947-04-17,,0,,,,,,,,,,,,,,,,
472018,0033004,2,沖縄県,オキナワケン,Okinawa,,,,那覇市,ナハシ,Naha-shi,,,,首里崎山町,シュリサキヤマチョウ,Shuri Sakiyamacho,４丁目,４チョウメ,4,,,,,0,0,0,0,0,0,1,1,1947-04-17,,0,,,,,,,,,,,,,,,,
472018,0034001,2,沖縄県,オキナワケン,Okinawa,,,,那覇市,ナハシ,Naha-shi,,,,首里金城町,シュリキンジョウチョウ,Shuri Kinjocho,１丁目,１チョウメ,1,,,,,0,0,0,0,0,0,1,1,1947-04-17,,0,,,,,,,,,,,,,,,,
472018,0034002,2,沖縄県,オキナワケン,Okinawa,,,,那覇市,ナハシ,Naha-shi,,,,首里金城町,シュリキンジョウチョウ,Shuri Kinjocho,２丁目,２チョウメ,2,,,,,0,0,0,0,0,0,1,1,1947-04-17,,0,,,,,,,,,,,,,,,,
472018,0034003,2,沖縄県,オキナワケン,Okinawa,,,,那覇市,ナハシ,Naha-shi,,,,首里金城町,シュリキンジョウチョウ,Shuri Kinjocho,３丁目,３チョウメ,3,,,,,0,0,0,0,0,0,1,1,1947-04-17,,0,,,,,,,,,,,,,,,,
472018,0034004,2,沖縄県,オキナワケン,Okinawa,,,,那覇市,ナハシ,Naha-shi,,,,首里金城町,シュリキンジョウチョウ,Shuri Kinjocho,４丁目,４チョウメ,4,,,,,0,0,0,0,0,0,1,1,1947-04-17,,0,,,,,,,,,,,,,,,,
472018,0035001,2,沖縄県,オキナワケン,Okinawa,,,,那覇市,ナハシ,Naha-shi,,,,首里当蔵町,シュリトウノクラチョウ,Shuri Tonokuracho,１丁目,１チョウメ,1,,,,,0,0,0,0,0,0,1,1,1947-04-17,,0,,,,,,,,,,,,,,,,
472018,0035002,2,沖縄県,オキナワケン,Okinawa,,,,那覇市,ナハシ,Naha-shi,,,,首里当蔵町,シュリトウノクラチョウ,Shuri Tonokuracho,２丁目,２チョウメ,2,,,,,0,0,0,0,0,0,1,1,1947-04-17,,0,,,,,,,,,,,,,,,,
472018,0035003,2,沖縄県,オキナワケン,Okinawa,,,,那覇市,ナハシ,Naha-shi,,,,首里当蔵町,シュリトウノクラチョウ,Shuri Tonokuracho,３丁目,３チョウメ,3,,,,,0,0,0,0,0,0,1,1,1947-04-17,,0,,,,,,,,,,,,,,,,
472018,0036000,1,沖縄県,オキナワケン,Okinawa,,,,那覇市,ナハシ,Naha-shi,,,,首里池端町,シュリイケハタチョウ,Shuri Ikehatacho,,,,,,,,0,0,0,0,0,0,1,1,1947-04-17,,0,9030824,,,,,,,,,,,,,,,
472018,0037001,2,沖縄県,オキナワケン,Okinawa,,,,那覇市,ナハシ,Naha-shi,,,,首里大中町,シュリオオナカチョウ,Shuri Onakacho,１丁目,１チョウメ,1,,,,,0,0,0,0,0,0,1,1,1947-04-17,,0,,,,,,,,,,,,,,,,
472018,0037002,2,沖縄県,オキナワケン,Okinawa,,,,那覇市,ナハシ,Naha-shi,,,,首里大中町,シュリオオナカチョウ,Shuri Onakacho,２丁目,２チョウメ,2,,,,,0,0,0,0,0,0,1,1,1947-04-17,,0,,,,,,,,,,,,,,,,
472018,0038001,2,沖縄県,オキナワケン,Okinawa,,,,那覇市,ナハシ,Naha-shi,,,,首里山川町,シュリヤマガワチョウ,Shuri Yamagawacho,１丁目,１チョウメ,1,,,,,0,0,0,0,0,0,1,1,1947-04-17,,0,,,,,,,,,,,,,,,,
472018,0038002,2,沖縄県,オキナワケン,Okinawa,,,,那覇市,ナハシ,Naha-shi,,,,首里山川町,シュリヤマガワチョウ,Shuri Yamagawacho,２丁目,２チョウメ,2,,,,,0,0,0,0,0,0,1,1,1947-04-17,,0,,,,,,,,,,,,,,,,
472018,0038003,2,沖縄県,オキナワケン,Okinawa,,,,那覇市,ナハシ,Naha-shi,,,,首里山川町,シュリヤマガワチョウ,Shuri Yamagawacho,３丁目,３チョウメ,3,,,,,0,0,0,0,0,0,1,1,1947-04-17,,0,,,,,,,,,,,,,,,,
472018,0039001,2,沖縄県,オキナワケン,Okinawa,,,,那覇市,ナハシ,Naha-shi,,,,首里真和志町,シュリマワシチョウ,Shuri Mawashicho,１丁目,１チョウメ,1,,,,,0,0,0,0,0,0,1,1,1947-04-17,,0,,,,,,,,,,,,,,,,
472018,0039002,2,沖縄県,オキナワケン,Okinawa,,,,那覇市,ナハシ,Naha-shi,,,,首里真和志町,シュリマワシチョウ,Shuri Mawashicho,２丁目,２チョウメ,2,,,,,0,0,0,0,0,0,1,1,1947-04-17,,0,,,,,,,,,,,,,,,,
472018,0040001,2,沖縄県,オキナワケン,Okinawa,,,,那覇市,ナハシ,Naha-shi,,,,繁多川,ハンタガワ,Hantagawa,１丁目,１チョウメ,1,,,,,1,1,0,0,0,0,1,1,1947-04-17,,0,,,,,,,,,,,,,,,,
472018,0040002,2,沖縄県,オキナワケン,Okinawa,,,,那覇市,ナハシ,Naha-shi,,,,繁多川,ハンタガワ,Hantagawa,２丁目,２チョウメ,2,,,,,1,1,0,0,0,0,1,1,1947-04-17,,0,,,,,,,,,,,,,,,,
472018,0040003,2,沖縄県,オキナワケン,Okinawa,,,,那覇市,ナハシ,Naha-shi,,,,繁多川,ハンタガワ,Hantagawa,３丁目,３チョウメ,3,,,,,1,1,0,0,0,0,1,1,1947-04-17,,0,,,,,,,,,,,,,,,,
472018,0040004,2,沖縄県,オキナワケン,Okinawa,,,,那覇市,ナハシ,Naha-shi,,,,繁多川,ハンタガワ,Hantagawa,４丁目,４チョウメ,4,,,,,1,1,0,0,0,0,1,1,1947-04-17,,0,,,,,,,,,,,,,,,,
472018,0040005,2,沖縄県,オキナワケン,Okinawa,,,,那覇市,ナハシ,Naha-shi,,,,繁多川,ハンタガワ,Hantagawa,５丁目,５チョウメ,5,,,,,1,1,0,0,0,0,1,1,1947-04-17,,0,,,,,,,,,,,,,,,,
472018,0041001,2,沖縄県,オキナワケン,Okinawa,,,,那覇市,ナハシ,Naha-shi,,,,首里寒川町,シュリサムカワチョウ,Shuri Samukawacho,１丁目,１チョウメ,1,,,,,0,0,0,0,0,0,1,1,1947-04-17,,0,,,,,,,,,,,,,,,,
472018,0041002,2,沖縄県,オキナワケン,Okinawa,,,,那覇市,ナハシ,Naha-shi,,,,首里寒川町,シュリサムカワチョウ,Shuri Samukawacho,２丁目,２チョウメ,2,,,,,0,0,0,0,0,0,1,1,1947-04-17,,0,,,,,,,,,,,,,,,,
472018,0042001,2,沖縄県,オキナワケン,Okinawa,,,,那覇市,ナハシ,Naha-shi,,,,松川,マツガワ,Matsugawa,１丁目,１チョウメ,1,,,,,1,1,0,0,0,0,1,1,1947-04-17,,0,,,,,,,,,,,,,,,,
472018,0042002,2,沖縄県,オキナワケン,Okinawa,,,,那覇市,ナハシ,Naha-shi,,,,松川,マツガワ,Matsugawa,２丁目,２チョウメ,2,,,,,1,1,0,0,0,0,1,1,1947-04-17,,0,,,,,,,,,,,,,,,,
472018,0042003,2,沖縄県,オキナワケン,Okinawa,,,,那覇市,ナハシ,Naha-shi,,,,松川,マツガワ,Matsugawa,３丁目,３チョウメ,3,,,,,1,1,0,0,0,0,1,1,1947-04-17,,0,,,,,,,,,,,,,,,,
472018,0043000,1,沖縄県,オキナワケン,Okinawa,,,,那覇市,ナハシ,Naha-shi,,,,字松川,アザマツガワ,Matsugawa,,,,,,,,0,0,0,0,0,0,1,1,1947-04-17,,0,9020062,,,,,,,,,,,,,,,
472018,0044000,1,沖縄県,オキナワケン,Okinawa,,,,那覇市,ナハシ,Naha-shi,,,,字大道,アザダイドウ,Daido,,,,,,,,0,0,0,0,0,0,1,1,1947-04-17,,0,9020066,,,,,,,,,,,,,,,
472018,0045001,2,沖縄県,オキナワケン,Okinawa,,,,那覇市,ナハシ,Naha-shi,,,,安里,アサト,Asato,１丁目,１チョウメ,1,,,,,1,1,0,0,0,0,1,1,1947-04-17,,0,,,,,,,,,,,,,,,,
472018,0045002,2,沖縄県,オキナワケン,Okinawa,,,,那覇市,ナハシ,Naha-shi,,,,安里,アサト,Asato,２丁目,２チョウメ,2,,,,,1,1,0,0,0,0,1,1,1947-04-17,,0,,,,,,,,,,,,,,,,
472018,0045003,2,沖縄県,オキナワケン,Okinawa,,,,那覇市,ナハシ,Naha-shi,,,,安里,アサト,Asato,３丁目,３チョウメ,3,,,,,1,1,0,0,0,0,1,1,1947-04-17,,0,,,,,,,,,,,,,,,,
472018,0046000,1,沖縄県,オキナワケン,Okinawa,,,,那覇市,ナハシ,Naha-shi,,,,字安里,アザアサト,Asato,,,,,,,,0,0,0,0,0,0,1,1,1947-04-17,,0,9020067,,,,,,,,,,,,,,,
472018,0047001,2,沖縄県,オキナワケン,Okinawa,,,,那覇市,ナハシ,Naha-shi,,,,牧志,マキシ,Makishi,１丁目,１チョウメ,1,,,,,1,1,0,0,0,0,1,1,1947-04-17,,0,,,,,,,,,,,,,,,,
472018,0047002,2,沖縄県,オキナワケン,Okinawa,,,,那覇市,ナハシ,Naha-shi,,,,牧志,マキシ,Makishi,２丁目,２チョウメ,2,,,,,1,1,0,0,0,0,1,1,1947-04-17,,0,,,,,,,,,,,,,,,,
472018,0047003,2,沖縄県,オキナワケン,Okinawa,,,,那覇市,ナハシ,Naha-shi,,,,牧志,マキシ,Makishi,３丁目,３チョウメ,3,,,,,1,1,0,0,0,0,1,1,1947-04-17,,0,,,,,,,,,,,,,,,,
472018,0048001,2,沖縄県,オキナワケン,Okinawa,,,,那覇市,ナハシ,Naha-shi,,,,辻,ツジ,Tsuji,１丁目,１チョウメ,1,,,,,1,1,0,0,0,0,1,1,1947-04-17,,0,,,,,,,,,,,,,,,,
472018,0048002,2,沖縄県,オキナワケン,Okinawa,,,,那覇市,ナハシ,Naha-shi,,,,辻,ツジ,Tsuji,２丁目,２チョウメ,2,,,,,1,1,0,0,0,0,1,1,1947-04-17,,0,,,,,,,,,,,,,,,,
472018,0048003,2,沖縄県,オキナワケン,Okinawa,,,,那覇市,ナハシ,Naha-shi,,,,辻,ツジ,Tsuji,３丁目,３チョウメ,3,,,,,1,1,0,0,0,0,1,1,1947-04-17,,0,,,,,,,,,,,,,,,,
472018,0049001,2,沖縄県,オキナワケン,Okinawa,,,,那覇市,ナハシ,Naha-shi,,,,前島,マエジマ,Maejima,１丁目,１チョウメ,1,,,,,1,1,0,0,0,0,1,1,1947-04-17,,0,,,,,,,,,,,,,,,,
472018,0049002,2,沖縄県,オキナワケン,Okinawa,,,,那覇市,ナハシ,Naha-shi,,,,前島,マエジマ,Maejima,２丁目,２チョウメ,2,,,,,1,1,0,0,0,0,1,1,1947-04-17,,0,,,,,,,,,,,,,,,,
472018,0049003,2,沖縄県,オキナワケン,Okinawa,,,,那覇市,ナハシ,Naha-shi,,,,前島,マエジマ,Maejima,３丁目,３チョウメ,3,,,,,1,1,0,0,0,0,1,1,1947-04-17,,0,,,,,,,,,,,,,,,,
472018,0050001,2,沖縄県,オキナワケン,Okinawa,,,,那覇市,ナハシ,Naha-shi,,,,若狭,ワカサ,Wakasa,１丁目,１チョウメ,1,,,,,1,1,0,0,0,0,1,1,1947-04-17,,0,,,,,,,,,,,,,,,,
472018,0050002,2,沖縄県,オキナワケン,Okinawa,,,,那覇市,ナハシ,Naha-shi,,,,若狭,ワカサ,Wakasa,２丁目,２チョウメ,2,,,,,1,1,0,0,0,0,1,1,1947-04-17,,0,,,,,,,,,,,,,,,,
472018,0050003,2,沖縄県,オキナワケン,Okinawa,,,,那覇市,ナハシ,Naha-shi,,,,若狭,ワカサ,Wakasa,３丁目,３チョウメ,3,,,,,1,1,0,0,0,0,1,1,1947-04-17,,0,,,,,,,,,,,,,,,,
472018,0051001,2,沖縄県,オキナワケン,Okinawa,,,,那覇市,ナハシ,Naha-shi,,,,久茂地,クモジ,Kumoji,１丁目,１チョウメ,1,,,,,1,1,0,0,0,0,1,1,1947-04-17,,0,,,,,,,,,,,,,,,,
472018,0051002,2,沖縄県,オキナワケン,Okinawa,,,,那覇市,ナハシ,Naha-shi,,,,久茂地,クモジ,Kumoji,２丁目,２チョウメ,2,,,,,1,1,0,0,0,0,1,1,1947-04-17,,0,,,,,,,,,,,,,,,,
472018,0051003,2,沖縄県,オキナワケン,Okinawa,,,,那覇市,ナハシ,Naha-shi,,,,久茂地,クモジ,Kumoji,３丁目,３チョウメ,3,,,,,1,1,0,0,0,0,1,1,1947-04-17,,0,,,,,,,,,,,,,,,,
472018,0052001,2,沖縄県,オキナワケン,Okinawa,,,,那覇市,ナハシ,Naha-shi,,,,松山,マツヤマ,Matsuyama,１丁目,１チョウメ,1,,,,,1,1,0,0,0,0,1,1,1947-04-17,,0,,,,,,,,,,,,,,,,
472018,0052002,2,沖縄県,オキナワケン,Okinawa,,,,那覇市,ナハシ,Naha-shi,,,,松山,マツヤマ,Matsuyama,２丁目,２チョウメ,2,,,,,1,1,0,0,0,0,1,1,1947-04-17,,0,,,,,,,,,,,,,,,,
472018,0053001,2,沖縄県,オキナワケン,Okinawa,,,,那覇市,ナハシ,Naha-shi,,,,久米,クメ,Kume,１丁目,１チョウメ,1,,,,,1,1,0,0,0,0,1,1,1947-04-17,,0,,,,,,,,,,,,,,,,
472018,0053002,2,沖縄県,オキナワケン,Okinawa,,,,那覇市,ナハシ,Naha-shi,,,,久米,クメ,Kume,２丁目,２チョウメ,2,,,,,1,1,0,0,0,0,1,1,1947-04-17,,0,,,,,,,,,,,,,,,,
472018,0054001,2,沖縄県,オキナワケン,Okinawa,,,,那覇市,ナハシ,Naha-shi,,,,西,ニシ,Nishi,１丁目,１チョウメ,1,,,,,1,1,0,0,0,0,1,1,1947-04-17,,0,,,,,,,,,,,,,,,,
472018,0054002,2,沖縄県,オキナワケン,Okinawa,,,,那覇市,ナハシ,Naha-shi,,,,西,ニシ,Nishi,２丁目,２チョウメ,2,,,,,1,1,0,0,0,0,1,1,1947-04-17,,0,,,,,,,,,,,,,,,,
472018,0054003,2,沖縄県,オキナワケン,Okinawa,,,,那覇市,ナハシ,Naha-shi,,,,西,ニシ,Nishi,３丁目,３チョウメ,3,,,,,1,1,0,0,0,0,1,1,1947-04-17,,0,,,,,,,,,,,,,,,,
472018,0055001,2,沖縄県,オキナワケン,Okinawa,,,,那覇市,ナハシ,Naha-shi,,,,識名,シキナ,Shikina,１丁目,１チョウメ,1,,,,,1,1,0,0,0,0,1,1,1947-04-17,,0,,,,,,,,,,,,,,,,
472018,0055002,2,沖縄県,オキナワケン,Okinawa,,,,那覇市,ナハシ,Naha-shi,,,,識名,シキナ,Shikina,２丁目,２チョウメ,2,,,,,1,1,0,0,0,0,1,1,1947-04-17,,0,,,,,,,,,,,,,,,,
472018,0055003,2,沖縄県,オキナワケン,Okinawa,,,,那覇市,ナハシ,Naha-shi,,,,識名,シキナ,Shikina,３丁目,３チョウメ,3,,,,,1,1,0,0,0,0,1,1,1947-04-17,,0,,,,,,,,,,,,,,,,
472018,0055004,2,沖縄県,オキナワケン,Okinawa,,,,那覇市,ナハシ,Naha-shi,,,,識名,シキナ,Shikina,４丁目,４チョウメ,4,,,,,1,1,0,0,0,0,1,1,1947-04-17,,0,,,,,,,,,,,,,,,,
472018,0056000,1,沖縄県,オキナワケン,Okinawa,,,,那覇市,ナハシ,Naha-shi,,,,字真地,アザマアジ,Maaji,,,,,,,,0,0,0,0,0,0,1,1,1947-04-17,,0,9020072,,,,,,,,,,,,,,,
472018,0057001,2,沖縄県,オキナワケン,Okinawa,,,,那覇市,ナハシ,Naha-shi,,,,三原,ミハラ,Mihara,１丁目,１チョウメ,1,,,,,1,1,0,0,0,0,1,1,1947-04-17,,0,,,,,,,,,,,,,,,,
472018,0057002,2,沖縄県,オキナワケン,Okinawa,,,,那覇市,ナハシ,Naha-shi,,,,三原,ミハラ,Mihara,２丁目,２チョウメ,2,,,,,1,1,0,0,0,0,1,1,1947-04-17,,0,,,,,,,,,,,,,,,,
472018,0057003,2,沖縄県,オキナワケン,Okinawa,,,,那覇市,ナハシ,Naha-shi,,,,三原,ミハラ,Mihara,３丁目,３チョウメ,3,,,,,1,1,0,0,0,0,1,1,1947-04-17,,0,,,,,,,,,,,,,,,,
472018,0058001,2,沖縄県,オキナワケン,Okinawa,,,,那覇市,ナハシ,Naha-shi,,,,長田,ナガタ,Nagata,１丁目,１チョウメ,1,,,,,1,1,0,0,0,0,1,1,1947-04-17,,0,,,,,,,,,,,,,,,,
472018,0058002,2,沖縄県,オキナワケン,Okinawa,,,,那覇市,ナハシ,Naha-shi,,,,長田,ナガタ,Nagata,２丁目,２チョウメ,2,,,,,1,1,0,0,0,0,1,1,1947-04-17,,0,,,,,,,,,,,,,,,,
472018,0059000,1,沖縄県,オキナワケン,Okinawa,,,,那覇市,ナハシ,Naha-shi,,,,字与儀,アザヨギ,Yogi,,,,,,,,0,0,0,0,0,0,1,1,1947-04-17,,0,9020076,,,,,,,,,,,,,,,
472018,0060000,1,沖縄県,オキナワケン,Okinawa,,,,那覇市,ナハシ,Naha-shi,,,,字寄宮,アザヨリミヤ,Yorimiya,,,,,,,,0,0,0,0,0,0,1,1,1947-04-17,,0,9020064,,,,,,,,,,,,,,,
472018,0061001,2,沖縄県,オキナワケン,Okinawa,,,,那覇市,ナハシ,Naha-shi,,,,与儀,ヨギ,Yogi,１丁目,１チョウメ,1,,,,,1,1,0,0,0,0,1,1,1947-04-17,,0,,,,,,,,,,,,,,,,
472018,0061002,2,沖縄県,オキナワケン,Okinawa,,,,那覇市,ナハシ,Naha-shi,,,,与儀,ヨギ,Yogi,２丁目,２チョウメ,2,,,,,1,1,0,0,0,0,1,1,1947-04-17,,0,,,,,,,,,,,,,,,,
472018,0062001,2,沖縄県,オキナワケン,Okinawa,,,,那覇市,ナハシ,Naha-shi,,,,寄宮,ヨリミヤ,Yorimiya,１丁目,１チョウメ,1,,,,,1,1,0,0,0,0,1,1,1947-04-17,,0,,,,,,,,,,,,,,,,
472018,0062002,2,沖縄県,オキナワケン,Okinawa,,,,那覇市,ナハシ,Naha-shi,,,,寄宮,ヨリミヤ,Yorimiya,２丁目,２チョウメ,2,,,,,1,1,0,0,0,0,1,1,1947-04-17,,0,,,,,,,,,,,,,,,,
472018,0062003,2,沖縄県,オキナワケン,Okinawa,,,,那覇市,ナハシ,Naha-shi,,,,寄宮,ヨリミヤ,Yorimiya,３丁目,３チョウメ,3,,,,,1,1,0,0,0,0,1,1,1947-04-17,,0,,,,,,,,,,,,,,,,
472018,0063001,2,沖縄県,オキナワケン,Okinawa,,,,那覇市,ナハシ,Naha-shi,,,,壺屋,ツボヤ,Tsuboya,１丁目,１チョウメ,1,,,,,1,1,0,0,0,0,1,1,1947-04-17,,0,,,,,,,,,,,,,,,,
472018,0063002,2,沖縄県,オキナワケン,Okinawa,,,,那覇市,ナハシ,Naha-shi,,,,壺屋,ツボヤ,Tsuboya,２丁目,２チョウメ,2,,,,,1,1,0,0,0,0,1,1,1947-04-17,,0,,,,,,,,,,,,,,,,
472018,0064001,2,沖縄県,オキナワケン,Okinawa,,,,那覇市,ナハシ,Naha-shi,,,,松尾,マツオ,Matsuo,１丁目,１チョウメ,1,,,,,1,1,0,0,0,0,1,1,1947-04-17,,0,,,,,,,,,,,,,,,,
472018,0064002,2,沖縄県,オキナワケン,Okinawa,,,,那覇市,ナハシ,Naha-shi,,,,松尾,マツオ,Matsuo,２丁目,２チョウメ,2,,,,,1,1,0,0,0,0,1,1,1947-04-17,,0,,,,,,,,,,,,,,,,
472018,0065001,2,沖縄県,オキナワケン,Okinawa,,,,那覇市,ナハシ,Naha-shi,,,,樋川,ヒガワ,Higawa,１丁目,１チョウメ,1,,,,,1,1,0,0,0,0,1,1,1947-04-17,,0,,,,,,,,,,,,,,,,
472018,0065002,2,沖縄県,オキナワケン,Okinawa,,,,那覇市,ナハシ,Naha-shi,,,,樋川,ヒガワ,Higawa,２丁目,２チョウメ,2,,,,,1,1,0,0,0,0,1,1,1947-04-17,,0,,,,,,,,,,,,,,,,
472018,0066000,1,沖縄県,オキナワケン,Okinawa,,,,那覇市,ナハシ,Naha-shi,,,,東町,ヒガシマチ,Higashimachi,,,,,,,,1,1,0,0,0,0,1,1,1947-04-17,,0,9000034,,,,,,,,,,,,,,,
472018,0067001,2,沖縄県,オキナワケン,Okinawa,,,,那覇市,ナハシ,Naha-shi,,,,泉崎,イズミザキ,Izumizaki,１丁目,１チョウメ,1,,,,,1,1,0,0,0,0,1,1,1947-04-17,,0,,,,,,,,,,,,,,,,
472018,0067002,2,沖縄県,オキナワケン,Okinawa,,,,那覇市,ナハシ,Naha-shi,,,,泉崎,イズミザキ,Izumizaki,２丁目,２チョウメ,2,,,,,0,0,0,0,0,0,1,1,1947-04-17,,0,,,,,,,,,,,,,,,,
472018,0067002,2,沖縄県,オキナワケン,Okinawa,,,,那覇市,ナハシ,Naha-shi,,,,泉崎,イズミザキ,Izumizaki,２丁目,２チョウメ,2,,,,,1,1,0,0,0,0,1,1,1947-04-17,,0,,,,,,,,,,,,,,,,
472018,0068000,1,沖縄県,オキナワケン,Okinawa,,,,那覇市,ナハシ,Naha-shi,,,,奥武山町,オオノヤマチョウ,Onoyamacho,,,,,,,,0,0,0,0,0,0,1,1,1947-04-17,,0,9000026,,,,,,,,,,,,,,,
472018,0069000,1,沖縄県,オキナワケン,Okinawa,,,,那覇市,ナハシ,Naha-shi,,,,旭町,アサヒマチ,Asahimachi,,,,,,,,0,0,0,0,0,0,1,1,1947-04-17,,0,9000029,,,,,,,,,,,,,,,
472018,0070000,1,沖縄県,オキナワケン,Okinawa,,,,那覇市,ナハシ,Naha-shi,,,,通堂町,トンドウチョウ,Tondocho,,,,,,,,1,1,0,0,0,0,1,1,1947-04-17,,0,9000035,,,,,,,,,,,,,,,
472018,0072001,2,沖縄県,オキナワケン,Okinawa,,,,那覇市,ナハシ,Naha-shi,,,,金城,カナグスク,Kanagusuku,１丁目,１チョウメ,1,,,,,0,0,0,0,0,0,1,1,1947-04-17,,0,,,,,,,,,,,,,,,,
472018,0072002,2,沖縄県,オキナワケン,Okinawa,,,,那覇市,ナハシ,Naha-shi,,,,金城,カナグスク,Kanagusuku,２丁目,２チョウメ,2,,,,,0,0,0,0,0,0,1,1,1947-04-17,,0,,,,,,,,,,,,,,,,
472018,0072003,2,沖縄県,オキナワケン,Okinawa,,,,那覇市,ナハシ,Naha-shi,,,,金城,カナグスク,Kanagusuku,３丁目,３チョウメ,3,,,,,0,0,0,0,0,0,1,1,1947-04-17,,0,,,,,,,,,,,,,,,,
472018,0072004,2,沖縄県,オキナワケン,Okinawa,,,,那覇市,ナハシ,Naha-shi,,,,金城,カナグスク,Kanagusuku,４丁目,４チョウメ,4,,,,,0,0,0,0,0,0,1,1,1947-04-17,,0,,,,,,,,,,,,,,,,
472018,0072005,2,沖縄県,オキナワケン,Okinawa,,,,那覇市,ナハシ,Naha-shi,,,,金城,カナグスク,Kanagusuku,５丁目,５チョウメ,5,,,,,0,0,0,0,0,0,1,1,1947-04-17,,0,,,,,,,,,,,,,,,,
472018,0073000,1,沖縄県,オキナワケン,Okinawa,,,,那覇市,ナハシ,Naha-shi,,,,垣花町,カキノハナチョウ,Kakinohanacho,,,,,,,,0,0,0,0,0,0,1,1,1947-04-17,,0,9000028,,,,,,,,,,,,,,,
472018,0073001,2,沖縄県,オキナワケン,Okinawa,,,,那覇市,ナハシ,Naha-shi,,,,垣花町,カキノハナチョウ,Kakinohanacho,１丁目,１チョウメ,1,,,,,0,0,0,0,0,0,1,1,1947-04-17,,0,,,,,,,,,,,,,,,,
472018,0073002,2,沖縄県,オキナワケン,Okinawa,,,,那覇市,ナハシ,Naha-shi,,,,垣花町,カキノハナチョウ,Kakinohanacho,２丁目,２チョウメ,2,,,,,0,0,0,0,0,0,1,1,1947-04-17,,0,,,,,,,,,,,,,,,,
472018,0073003,2,沖縄県,オキナワケン,Okinawa,,,,那覇市,ナハシ,Naha-shi,,,,垣花町,カキノハナチョウ,Kakinohanacho,３丁目,３チョウメ,3,,,,,0,0,0,0,0,0,1,1,1947-04-17,,0,,,,,,,,,,,,,,,,
472018,0074001,2,沖縄県,オキナワケン,Okinawa,,,,那覇市,ナハシ,Naha-shi,,,,住吉町,スミヨシチョウ,Sumiyoshicho,１丁目,１チョウメ,1,,,,,0,0,0,0,0,0,1,1,1947-04-17,,0,,,,,,,,,,,,,,,,
472018,0074002,2,沖縄県,オキナワケン,Okinawa,,,,那覇市,ナハシ,Naha-shi,,,,住吉町,スミヨシチョウ,Sumiyoshicho,２丁目,２チョウメ,2,,,,,0,0,0,0,0,0,1,1,1947-04-17,,0,,,,,,,,,,,,,,,,
472018,0074003,2,沖縄県,オキナワケン,Okinawa,,,,那覇市,ナハシ,Naha-shi,,,,住吉町,スミヨシチョウ,Sumiyoshicho,３丁目,３チョウメ,3,,,,,0,0,0,0,0,0,1,1,1947-04-17,,0,,,,,,,,,,,,,,,,
472018,0075000,1,沖縄県,オキナワケン,Okinawa,,,,那覇市,ナハシ,Naha-shi,,,,字鏡水,アザカガミズ,Kagamizu,,,,,,,,0,0,0,0,0,0,1,1,1947-04-17,,0,9010142,,,,,,,,,,,,,,,
472018,0076000,1,沖縄県,オキナワケン,Okinawa,,,,那覇市,ナハシ,Naha-shi,,,,字識名,アザシキナ,Shikina,,,,,,,,0,0,0,0,0,0,1,1,1947-04-17,,0,9020078,,,,,,,,,,,,,,,
472018,0077000,1,沖縄県,オキナワケン,Okinawa,,,,那覇市,ナハシ,Naha-shi,,,,字上間,アザウエマ,Uema,,,,,,,,0,0,0,0,0,0,1,1,1947-04-17,,0,9020073,,,,,,,,,,,,,,,
472018,0078001,2,沖縄県,オキナワケン,Okinawa,,,,那覇市,ナハシ,Naha-shi,,,,上間,ウエマ,Uema,１丁目,１チョウメ,1,,,,,1,1,0,0,0,0,1,1,1947-04-17,,0,,,,,,,,,,,,,,,,
472018,0079000,1,沖縄県,オキナワケン,Okinawa,,,,那覇市,ナハシ,Naha-shi,,,,字仲井真,アザナカイマ,Nakaima,,,,,,,,0,0,0,0,0,0,1,1,1947-04-17,,0,9020074,,,,,,,,,,,,,,,
472018,0080000,1,沖縄県,オキナワケン,Okinawa,,,,那覇市,ナハシ,Naha-shi,,,,字国場,アザコクバ,Kokuba,,,,,,,,0,0,0,0,0,0,1,1,1947-04-17,,0,9020075,,,,,,,,,,,,,,,
472018,0081000,1,沖縄県,オキナワケン,Okinawa,,,,那覇市,ナハシ,Naha-shi,,,,山下町,ヤマシタチョウ,Yamashitacho,,,,,,,,1,1,0,0,0,0,1,1,1947-04-17,,0,9000027,,,,,,,,,,,,,,,
472018,0082001,2,沖縄県,オキナワケン,Okinawa,,,,那覇市,ナハシ,Naha-shi,,,,田原,タバル,Tabaru,１丁目,１チョウメ,1,,,,,0,0,0,0,0,0,1,1,1947-04-17,,0,,,,,,,,,,,,,,,,
472018,0082002,2,沖縄県,オキナワケン,Okinawa,,,,那覇市,ナハシ,Naha-shi,,,,田原,タバル,Tabaru,２丁目,２チョウメ,2,,,,,0,0,0,0,0,0,1,1,1947-04-17,,0,,,,,,,,,,,,,,,,
472018,0082003,2,沖縄県,オキナワケン,Okinawa,,,,那覇市,ナハシ,Naha-shi,,,,田原,タバル,Tabaru,３丁目,３チョウメ,3,,,,,0,0,0,0,0,0,1,1,1947-04-17,,0,,,,,,,,,,,,,,,,
472018,0082004,2,沖縄県,オキナワケン,Okinawa,,,,那覇市,ナハシ,Naha-shi,,,,田原,タバル,Tabaru,４丁目,４チョウメ,4,,,,,0,0,0,0,0,0,1,1,1947-04-17,,0,,,,,,,,,,,,,,,,
472018,0083000,1,沖縄県,オキナワケン,Okinawa,,,,那覇市,ナハシ,Naha-shi,,,,鏡原町,キョウハラチョウ,Kyoharacho,,,,,,,,1,1,0,0,0,0,1,1,1947-04-17,,0,9010151,,,,,,,,,,,,,,,
472018,0084000,1,沖縄県,オキナワケン,Okinawa,,,,那覇市,ナハシ,Naha-shi,,,,字赤嶺,アザアカミネ,Akamine,,,,,,,,0,0,0,0,0,0,1,1,1947-04-17,,0,9010154,,,,,,,,,,,,,,,
472018,0085000,1,沖縄県,オキナワケン,Okinawa,,,,那覇市,ナハシ,Naha-shi,,,,字田原,アザタバル,Tabaru,,,,,,,,0,0,0,0,0,0,1,1,1947-04-17,,0,9010156,,,,,,,,,,,,,,,
472018,0086001,2,沖縄県,オキナワケン,Okinawa,,,,那覇市,ナハシ,Naha-shi,,,,赤嶺,アカミネ,Akamine,１丁目,１チョウメ,1,,,,,0,0,0,0,0,0,1,1,1947-04-17,,0,,,,,,,,,,,,,,,,
472018,0086002,2,沖縄県,オキナワケン,Okinawa,,,,那覇市,ナハシ,Naha-shi,,,,赤嶺,アカミネ,Akamine,２丁目,２チョウメ,2,,,,,0,0,0,0,0,0,1,1,1947-04-17,,0,,,,,,,,,,,,,,,,
472018,0087000,1,沖縄県,オキナワケン,Okinawa,,,,那覇市,ナハシ,Naha-shi,,,,字安次嶺,アザアシミネ,Ashimine,,,,,,,,0,0,0,0,0,0,1,1,1947-04-17,,0,9010143,,,,,,,,,,,,,,,
472018,0088000,1,沖縄県,オキナワケン,Okinawa,,,,那覇市,ナハシ,Naha-shi,,,,字大嶺,アザオオミネ,Omine,,,,,,,,0,0,0,0,0,0,1,1,1947-04-17,,0,9010148,,,,,,,,,,,,,,,
472018,0089000,1,沖縄県,オキナワケン,Okinawa,,,,那覇市,ナハシ,Naha-shi,,,,字高良,アザタカラ,Takara,,,,,,,,0,0,0,0,0,0,1,1,1947-04-17,,0,9010145,,,,,,,,,,,,,,,
472018,0090000,1,沖縄県,オキナワケン,Okinawa,,,,那覇市,ナハシ,Naha-shi,,,,字当間,アザトウマ,Toma,,,,,,,,0,0,0,0,0,0,1,1,1947-04-17,,0,9010144,,,,,,,,,,,,,,,
472018,0091000,1,沖縄県,オキナワケン,Okinawa,,,,那覇市,ナハシ,Naha-shi,,,,字小禄,アザオロク,Oroku,,,,,,,,0,0,0,0,0,0,1,1,1947-04-17,,0,9010152,,,,,,,,,,,,,,,
472018,0092000,1,沖縄県,オキナワケン,Okinawa,,,,那覇市,ナハシ,Naha-shi,,,,字宇栄原,アザウエバル,Uebaru,,,,,,,,0,0,0,0,0,0,1,1,1947-04-17,,0,9010153,,,,,,,,,,,,,,,
472018,0093001,2,沖縄県,オキナワケン,Okinawa,,,,那覇市,ナハシ,Naha-shi,,,,高良,タカラ,Takara,１丁目,１チョウメ,1,,,,,1,1,0,0,0,0,1,1,1947-04-17,,0,,,,,,,,,,,,,,,,
472018,0093002,2,沖縄県,オキナワケン,Okinawa,,,,那覇市,ナハシ,Naha-shi,,,,高良,タカラ,Takara,２丁目,２チョウメ,2,,,,,1,1,0,0,0,0,1,1,1947-04-17,,0,,,,,,,,,,,,,,,,
472018,0093003,2,沖縄県,オキナワケン,Okinawa,,,,那覇市,ナハシ,Naha-shi,,,,高良,タカラ,Takara,３丁目,３チョウメ,3,,,,,1,1,0,0,0,0,1,1,1947-04-17,,0,,,,,,,,,,,,,,,,
472018,0094001,2,沖縄県,オキナワケン,Okinawa,,,,那覇市,ナハシ,Naha-shi,,,,宮城,ミヤグスク,Miyagusuku,１丁目,１チョウメ,1,,,,,1,1,0,0,0,0,1,1,1947-04-17,,0,,,,,,,,,,,,,,,,
472018,0095001,2,沖縄県,オキナワケン,Okinawa,,,,那覇市,ナハシ,Naha-shi,,,,具志,グシ,Gushi,１丁目,１チョウメ,1,,,,,1,1,0,0,0,0,1,1,1947-04-17,,0,,,,,,,,,,,,,,,,
472018,0095002,2,沖縄県,オキナワケン,Okinawa,,,,那覇市,ナハシ,Naha-shi,,,,具志,グシ,Gushi,２丁目,２チョウメ,2,,,,,1,1,0,0,0,0,1,1,1947-04-17,,0,,,,,,,,,,,,,,,,
472018,0095003,2,沖縄県,オキナワケン,Okinawa,,,,那覇市,ナハシ,Naha-shi,,,,具志,グシ,Gushi,３丁目,３チョウメ,3,,,,,1,1,0,0,0,0,1,1,1947-04-17,,0,,,,,,,,,,,,,,,,
472018,0096000,1,沖縄県,オキナワケン,Okinawa,,,,那覇市,ナハシ,Naha-shi,,,,字宮城,アザミヤグスク,Miyagusuku,,,,,,,,0,0,0,0,0,0,1,1,1947-04-17,,0,9010147,,,,,,,,,,,,,,,
472018,0097000,1,沖縄県,オキナワケン,Okinawa,,,,那覇市,ナハシ,Naha-shi,,,,字具志,アザグシ,Gushi,,,,,,,,0,0,0,0,0,0,1,1,1947-04-17,,0,9010146,,,,,,,,,,,,,,,
472018,0102000,1,沖縄県,オキナワケン,Okinawa,,,,那覇市,ナハシ,Naha-shi,,,,字壺川,アザツボガワ,Tsubogawa,,,,,,,,0,0,0,0,0,0,1,1,1947-04-17,,0,9000025,,,,,,,,,,,,,,,
472051,0001001,2,沖縄県,オキナワケン,Okinawa,,,,宜野湾市,ギノワンシ,Ginowan-shi,,,,神山,カミヤマ,Kamiyama,１丁目,１チョウメ,1,,,,,1,1,0,0,0,0,1,1,1947-04-17,,0,,,,,,,,,,,,,,,,
472051,0002001,2,沖縄県,オキナワケン,Okinawa,,,,宜野湾市,ギノワンシ,Ginowan-shi,,,,愛知,アイチ,Aichi,１丁目,１チョウメ,1,,,,,1,1,0,0,0,0,1,1,1947-04-17,,0,,,,,,,,,,,,,,,,
472051,0002002,2,沖縄県,オキナワケン,Okinawa,,,,宜野湾市,ギノワンシ,Ginowan-shi,,,,愛知,アイチ,Aichi,２丁目,２チョウメ,2,,,,,1,1,0,0,0,0,1,1,1947-04-17,,0,,,,,,,,,,,,,,,,
472051,0002003,2,沖縄県,オキナワケン,Okinawa,,,,宜野湾市,ギノワンシ,Ginowan-shi,,,,愛知,アイチ,Aichi,３丁目,３チョウメ,3,,,,,1,1,0,0,0,0,1,1,1947-04-17,,0,,,,,,,,,,,,,,,,
472051,0003001,2,沖縄県,オキナワケン,Okinawa,,,,宜野湾市,ギノワンシ,Ginowan-shi,,,,我如古,ガネコ,Ganeko,１丁目,１チョウメ,1,,,,,1,1,0,0,0,0,1,1,1947-04-17,,0,,,,,,,,,,,,,,,,
472051,0003002,2,沖縄県,オキナワケン,Okinawa,,,,宜野湾市,ギノワンシ,Ginowan-shi,,,,我如古,ガネコ,Ganeko,２丁目,２チョウメ,2,,,,,1,1,0,0,0,0,1,1,1947-04-17,,0,,,,,,,,,,,,,,,,
472051,0003003,2,沖縄県,オキナワケン,Okinawa,,,,宜野湾市,ギノワンシ,Ginowan-shi,,,,我如古,ガネコ,Ganeko,３丁目,３チョウメ,3,,,,,1,1,0,0,0,0,1,1,1947-04-17,,0,,,,,,,,,,,,,,,,
472051,0003004,2,沖縄県,オキナワケン,Okinawa,,,,宜野湾市,ギノワンシ,Ginowan-shi,,,,我如古,ガネコ,Ganeko,４丁目,４チョウメ,4,,,,,1,1,0,0,0,0,1,1,1947-04-17,,0,,,,,,,,,,,,,,,,
472051,0004001,2,沖縄県,オキナワケン,Okinawa,,,,宜野湾市,ギノワンシ,Ginowan-shi,,,,大山,オオヤマ,Oyama,１丁目,１チョウメ,1,,,,,1,1,0,0,0,0,1,1,1947-04-17,,0,,,,,,,,,,,,,,,,
472051,0004002,2,沖縄県,オキナワケン,Okinawa,,,,宜野湾市,ギノワンシ,Ginowan-shi,,,,大山,オオヤマ,Oyama,２丁目,２チョウメ,2,,,,,1,1,0,0,0,0,1,1,1947-04-17,,0,,,,,,,,,,,,,,,,
472051,0004003,2,沖縄県,オキナワケン,Okinawa,,,,宜野湾市,ギノワンシ,Ginowan-shi,,,,大山,オオヤマ,Oyama,３丁目,３チョウメ,3,,,,,1,1,0,0,0,0,1,1,1947-04-17,,0,,,,,,,,,,,,,,,,
472051,0004004,2,沖縄県,オキナワケン,Okinawa,,,,宜野湾市,ギノワンシ,Ginowan-shi,,,,大山,オオヤマ,Oyama,４丁目,４チョウメ,4,,,,,1,1,0,0,0,0,1,1,1947-04-17,,0,,,,,,,,,,,,,,,,
472051,0004005,2,沖縄県,オキナワケン,Okinawa,,,,宜野湾市,ギノワンシ,Ginowan-shi,,,,大山,オオヤマ,Oyama,５丁目,５チョウメ,5,,,,,1,1,0,0,0,0,1,1,1947-04-17,,0,,,,,,,,,,,,,,,,
472051,0004006,2,沖縄県,オキナワケン,Okinawa,,,,宜野湾市,ギノワンシ,Ginowan-shi,,,,大山,オオヤマ,Oyama,６丁目,６チョウメ,6,,,,,1,1,0,0,0,0,1,1,1947-04-17,,0,,,,,,,,,,,,,,,,
472051,0004007,2,沖縄県,オキナワケン,Okinawa,,,,宜野湾市,ギノワンシ,Ginowan-shi,,,,大山,オオヤマ,Oyama,７丁目,７チョウメ,7,,,,,1,1,0,0,0,0,1,1,1947-04-17,,0,,,,,,,,,,,,,,,,
472051,0005001,2,沖縄県,オキナワケン,Okinawa,,,,宜野湾市,ギノワンシ,Ginowan-shi,,,,真栄原,マエハラ,Maehara,１丁目,１チョウメ,1,,,,,1,1,0,0,0,0,1,1,1947-04-17,,0,,,,,,,,,,,,,,,,
472051,0005002,2,沖縄県,オキナワケン,Okinawa,,,,宜野湾市,ギノワンシ,Ginowan-shi,,,,真栄原,マエハラ,Maehara,２丁目,２チョウメ,2,,,,,1,1,0,0,0,0,1,1,1947-04-17,,0,,,,,,,,,,,,,,,,
472051,0005003,2,沖縄県,オキナワケン,Okinawa,,,,宜野湾市,ギノワンシ,Ginowan-shi,,,,真栄原,マエハラ,Maehara,３丁目,３チョウメ,3,,,,,1,1,0,0,0,0,1,1,1947-04-17,,0,,,,,,,,,,,,,,,,
472051,0006000,1,沖縄県,オキナワケン,Okinawa,,,,宜野湾市,ギノワンシ,Ginowan-shi,,,,字佐真下,アザサマシタ,Samashita,,,,,,,,0,0,0,0,0,0,1,1,1947-04-17,,0,9012216,,,,,,,,,,,,,,,
472051,0007000,1,沖縄県,オキナワケン,Okinawa,,,,宜野湾市,ギノワンシ,Ginowan-shi,,,,字我如古,アザガネコ,Ganeko,,,,,,,,0,0,0,0,0,0,1,1,1947-04-17,,0,9012214,,,,,,,,,,,,,,,
472051,0008001,2,沖縄県,オキナワケン,Okinawa,,,,宜野湾市,ギノワンシ,Ginowan-shi,,,,嘉数,カカズ,Kakazu,１丁目,１チョウメ,1,,,,,1,1,0,0,0,0,1,1,1947-04-17,,0,,,,,,,,,,,,,,,,
472051,0008002,2,沖縄県,オキナワケン,Okinawa,,,,宜野湾市,ギノワンシ,Ginowan-shi,,,,嘉数,カカズ,Kakazu,２丁目,２チョウメ,2,,,,,1,1,0,0,0,0,1,1,1947-04-17,,0,,,,,,,,,,,,,,,,
472051,0008003,2,沖縄県,オキナワケン,Okinawa,,,,宜野湾市,ギノワンシ,Ginowan-shi,,,,嘉数,カカズ,Kakazu,３丁目,３チョウメ,3,,,,,1,1,0,0,0,0,1,1,1947-04-17,,0,,,,,,,,,,,,,,,,
472051,0008004,2,沖縄県,オキナワケン,Okinawa,,,,宜野湾市,ギノワンシ,Ginowan-shi,,,,嘉数,カカズ,Kakazu,４丁目,４チョウメ,4,,,,,1,1,0,0,0,0,1,1,1947-04-17,,0,,,,,,,,,,,,,,,,
472051,0009001,2,沖縄県,オキナワケン,Okinawa,,,,宜野湾市,ギノワンシ,Ginowan-shi,,,,新城,アラグスク,Aragusuku,１丁目,１チョウメ,1,,,,,1,1,0,0,0,0,1,1,1947-04-17,,0,,,,,,,,,,,,,,,,
472051,0009002,2,沖縄県,オキナワケン,Okinawa,,,,宜野湾市,ギノワンシ,Ginowan-shi,,,,新城,アラグスク,Aragusuku,２丁目,２チョウメ,2,,,,,1,1,0,0,0,0,1,1,1947-04-17,,0,,,,,,,,,,,,,,,,
472051,0010001,2,沖縄県,オキナワケン,Okinawa,,,,宜野湾市,ギノワンシ,Ginowan-shi,,,,喜友名,キユウナ,Kiyuna,１丁目,１チョウメ,1,,,,,1,1,0,0,0,0,1,1,1947-04-17,,0,,,,,,,,,,,,,,,,
472051,0010002,2,沖縄県,オキナワケン,Okinawa,,,,宜野湾市,ギノワンシ,Ginowan-shi,,,,喜友名,キユウナ,Kiyuna,２丁目,２チョウメ,2,,,,,1,1,0,0,0,0,1,1,1947-04-17,,0,,,,,,,,,,,,,,,,
472051,0011001,2,沖縄県,オキナワケン,Okinawa,,,,宜野湾市,ギノワンシ,Ginowan-shi,,,,伊佐,イサ,Isa,１丁目,１チョウメ,1,,,,,1,1,0,0,0,0,1,1,1947-04-17,,0,,,,,,,,,,,,,,,,
472051,0011002,2,沖縄県,オキナワケン,Okinawa,,,,宜野湾市,ギノワンシ,Ginowan-shi,,,,伊佐,イサ,Isa,２丁目,２チョウメ,2,,,,,1,1,0,0,0,0,1,1,1947-04-17,,0,,,,,,,,,,,,,,,,
472051,0011003,2,沖縄県,オキナワケン,Okinawa,,,,宜野湾市,ギノワンシ,Ginowan-shi,,,,伊佐,イサ,Isa,３丁目,３チョウメ,3,,,,,1,1,0,0,0,0,1,1,1947-04-17,,0,,,,,,,,,,,,,,,,
472051,0011004,2,沖縄県,オキナワケン,Okinawa,,,,宜野湾市,ギノワンシ,Ginowan-shi,,,,伊佐,イサ,Isa,４丁目,４チョウメ,4,,,,,1,1,0,0,0,0,1,1,1947-04-17,,0,,,,,,,,,,,,,,,,
472051,0012001,2,沖縄県,オキナワケン,Okinawa,,,,宜野湾市,ギノワンシ,Ginowan-shi,,,,普天間,フテンマ,Futemma,１丁目,１チョウメ,1,,,,,1,1,0,0,0,0,1,1,1947-04-17,,0,,,,,,,,,,,,,,,,
472051,0012002,2,沖縄県,オキナワケン,Okinawa,,,,宜野湾市,ギノワンシ,Ginowan-shi,,,,普天間,フテンマ,Futemma,２丁目,２チョウメ,2,,,,,1,1,0,0,0,0,1,1,1947-04-17,,0,,,,,,,,,,,,,,,,
472051,0013001,2,沖縄県,オキナワケン,Okinawa,,,,宜野湾市,ギノワンシ,Ginowan-shi,,,,長田,ナガタ,Nagata,１丁目,１チョウメ,1,,,,,1,1,0,0,0,0,1,1,1947-04-17,,0,,,,,,,,,,,,,,,,
472051,0013002,2,沖縄県,オキナワケン,Okinawa,,,,宜野湾市,ギノワンシ,Ginowan-shi,,,,長田,ナガタ,Nagata,２丁目,２チョウメ,2,,,,,1,1,0,0,0,0,1,1,1947-04-17,,0,,,,,,,,,,,,,,,,
472051,0013003,2,沖縄県,オキナワケン,Okinawa,,,,宜野湾市,ギノワンシ,Ginowan-shi,,,,長田,ナガタ,Nagata,３丁目,３チョウメ,3,,,,,1,1,0,0,0,0,1,1,1947-04-17,,0,,,,,,,,,,,,,,,,
472051,0013004,2,沖縄県,オキナワケン,Okinawa,,,,宜野湾市,ギノワンシ,Ginowan-shi,,,,長田,ナガタ,Nagata,４丁目,４チョウメ,4,,,,,1,1,0,0,0,0,1,1,1947-04-17,,0,,,,,,,,,,,,,,,,
472051,0014001,2,沖縄県,オキナワケン,Okinawa,,,,宜野湾市,ギノワンシ,Ginowan-shi,,,,志真志,シマシ,Shimashi,１丁目,１チョウメ,1,,,,,1,1,0,0,0,0,1,1,1947-04-17,,0,,,,,,,,,,,,,,,,
472051,0014002,2,沖縄県,オキナワケン,Okinawa,,,,宜野湾市,ギノワンシ,Ginowan-shi,,,,志真志,シマシ,Shimashi,２丁目,２チョウメ,2,,,,,1,1,0,0,0,0,1,1,1947-04-17,,0,,,,,,,,,,,,,,,,
472051,0014003,2,沖縄県,オキナワケン,Okinawa,,,,宜野湾市,ギノワンシ,Ginowan-shi,,,,志真志,シマシ,Shimashi,３丁目,３チョウメ,3,,,,,1,1,0,0,0,0,1,1,1947-04-17,,0,,,,,,,,,,,,,,,,
472051,0014004,2,沖縄県,オキナワケン,Okinawa,,,,宜野湾市,ギノワンシ,Ginowan-shi,,,,志真志,シマシ,Shimashi,４丁目,４チョウメ,4,,,,,1,1,0,0,0,0,1,1,1947-04-17,,0,,,,,,,,,,,,,,,,
472051,0015001,2,沖縄県,オキナワケン,Okinawa,,,,宜野湾市,ギノワンシ,Ginowan-shi,,,,野嵩,ノダケ,Nodake,１丁目,１チョウメ,1,,,,,1,1,0,0,0,0,1,1,1947-04-17,,0,,,,,,,,,,,,,,,,
472051,0015002,2,沖縄県,オキナワケン,Okinawa,,,,宜野湾市,ギノワンシ,Ginowan-shi,,,,野嵩,ノダケ,Nodake,２丁目,２チョウメ,2,,,,,1,1,0,0,0,0,1,1,1947-04-17,,0,,,,,,,,,,,,,,,,
472051,0015003,2,沖縄県,オキナワケン,Okinawa,,,,宜野湾市,ギノワンシ,Ginowan-shi,,,,野嵩,ノダケ,Nodake,３丁目,３チョウメ,3,,,,,1,1,0,0,0,0,1,1,1947-04-17,,0,,,,,,,,,,,,,,,,
472051,0015004,2,沖縄県,オキナワケン,Okinawa,,,,宜野湾市,ギノワンシ,Ginowan-shi,,,,野嵩,ノダケ,Nodake,４丁目,４チョウメ,4,,,,,1,1,0,0,0,0,1,1,1947-04-17,,0,,,,,,,,,,,,,,,,
472051,0016000,1,沖縄県,オキナワケン,Okinawa,,,,宜野湾市,ギノワンシ,Ginowan-shi,,,,字赤道,アザアカミチ,Akamichi,,,,,,,,0,0,0,0,0,0,1,1,1947-04-17,,0,9012205,,,,,,,,,,,,,,,
472051,0017001,2,沖縄県,オキナワケン,Okinawa,,,,宜野湾市,ギノワンシ,Ginowan-shi,,,,宜野湾,ギノワン,Ginowan,１丁目,１チョウメ,1,,,,,1,1,0,0,0,0,1,1,1947-04-17,,0,,,,,,,,,,,,,,,,
472051,0017002,2,沖縄県,オキナワケン,Okinawa,,,,宜野湾市,ギノワンシ,Ginowan-shi,,,,宜野湾,ギノワン,Ginowan,２丁目,２チョウメ,2,,,,,1,1,0,0,0,0,1,1,1947-04-17,,0,,,,,,,,,,,,,,,,
472051,0017003,2,沖縄県,オキナワケン,Okinawa,,,,宜野湾市,ギノワンシ,Ginowan-shi,,,,宜野湾,ギノワン,Ginowan,３丁目,３チョウメ,3,,,,,1,1,0,0,0,0,1,1,1947-04-17,,0,,,,,,,,,,,,,,,,
472051,0018000,1,沖縄県,オキナワケン,Okinawa,,,,宜野湾市,ギノワンシ,Ginowan-shi,,,,字神山,アザカミヤマ,Kamiyama,,,,,,,,0,0,0,0,0,0,1,1,1947-04-17,,0,9012207,,,,,,,,,,,,,,,
472051,0019001,2,沖縄県,オキナワケン,Okinawa,,,,宜野湾市,ギノワンシ,Ginowan-shi,,,,赤道,アカミチ,Akamichi,１丁目,１チョウメ,1,,,,,1,1,0,0,0,0,1,1,1947-04-17,,0,,,,,,,,,,,,,,,,
472051,0019002,2,沖縄県,オキナワケン,Okinawa,,,,宜野湾市,ギノワンシ,Ginowan-shi,,,,赤道,アカミチ,Akamichi,２丁目,２チョウメ,2,,,,,1,1,0,0,0,0,1,1,1947-04-17,,0,,,,,,,,,,,,,,,,
472051,0020001,2,沖縄県,オキナワケン,Okinawa,,,,宜野湾市,ギノワンシ,Ginowan-shi,,,,上原,ウエハラ,Uehara,１丁目,１チョウメ,1,,,,,1,1,0,0,0,0,1,1,1947-04-17,,0,,,,,,,,,,,,,,,,
472051,0020002,2,沖縄県,オキナワケン,Okinawa,,,,宜野湾市,ギノワンシ,Ginowan-shi,,,,上原,ウエハラ,Uehara,２丁目,２チョウメ,2,,,,,1,1,0,0,0,0,1,1,1947-04-17,,0,,,,,,,,,,,,,,,,
472051,0021000,1,沖縄県,オキナワケン,Okinawa,,,,宜野湾市,ギノワンシ,Ginowan-shi,,,,字野嵩,アザノダケ,Nodake,,,,,,,,0,0,0,0,0,0,1,1,1947-04-17,,0,9012203,,,,,,,,,,,,,,,
472051,0022001,2,沖縄県,オキナワケン,Okinawa,,,,宜野湾市,ギノワンシ,Ginowan-shi,,,,真志喜,マシキ,Mashiki,１丁目,１チョウメ,1,,,,,1,1,0,0,0,0,1,1,1947-04-17,,0,,,,,,,,,,,,,,,,
472051,0022002,2,沖縄県,オキナワケン,Okinawa,,,,宜野湾市,ギノワンシ,Ginowan-shi,,,,真志喜,マシキ,Mashiki,２丁目,２チョウメ,2,,,,,1,1,0,0,0,0,1,1,1947-04-17,,0,,,,,,,,,,,,,,,,
472051,0022003,2,沖縄県,オキナワケン,Okinawa,,,,宜野湾市,ギノワンシ,Ginowan-shi,,,,真志喜,マシキ,Mashiki,３丁目,３チョウメ,3,,,,,1,1,0,0,0,0,1,1,1947-04-17,,0,,,,,,,,,,,,,,,,
472051,0022004,2,沖縄県,オキナワケン,Okinawa,,,,宜野湾市,ギノワンシ,Ginowan-shi,,,,真志喜,マシキ,Mashiki,４丁目,４チョウメ,4,,,,,1,1,0,0,0,0,1,1,1947-04-17,,0,,,,,,,,,,,,,,,,
472051,0022005,2,沖縄県,オキナワケン,Okinawa,,,,宜野湾市,ギノワンシ,Ginowan-shi,,,,真志喜,マシキ,,５丁目,５チョウメ,5,,,,,1,1,0,0,0,0,1,1,2023-02-06,,0,,,,,,,,,,,,,,,,
472051,0023000,1,沖縄県,オキナワケン,Okinawa,,,,宜野湾市,ギノワンシ,Ginowan-shi,,,,字真志喜,アザマシキ,Mashiki,,,,,,,,0,0,0,0,0,0,1,1,1947-04-17,,0,9012224,,,,,,,,,,,,,,,
472051,0024000,1,沖縄県,オキナワケン,Okinawa,,,,宜野湾市,ギノワンシ,Ginowan-shi,,,,字宇地泊,アザウチドマリ,Uchidomari,,,,,,,,0,0,0,0,0,0,1,1,1947-04-17,,0,9012227,,,,,,,,,,,,,,,
472051,0025000,1,沖縄県,オキナワケン,Okinawa,,,,宜野湾市,ギノワンシ,Ginowan-shi,,,,字大謝名,アザオオジャナ,Ojana,,,,,,,,0,0,0,0,0,0,1,1,1947-04-17,,0,9012225,,,,,,,,,,,,,,,
472051,0026001,2,沖縄県,オキナワケン,Okinawa,,,,宜野湾市,ギノワンシ,Ginowan-shi,,,,大謝名,オオジャナ,Ojana,１丁目,１チョウメ,1,,,,,1,1,0,0,0,0,1,1,1947-04-17,,0,,,,,,,,,,,,,,,,
472051,0026002,2,沖縄県,オキナワケン,Okinawa,,,,宜野湾市,ギノワンシ,Ginowan-shi,,,,大謝名,オオジャナ,Ojana,２丁目,２チョウメ,2,,,,,1,1,0,0,0,0,1,1,1947-04-17,,0,,,,,,,,,,,,,,,,
472051,0026003,2,沖縄県,オキナワケン,Okinawa,,,,宜野湾市,ギノワンシ,Ginowan-shi,,,,大謝名,オオジャナ,Ojana,３丁目,３チョウメ,3,,,,,1,1,0,0,0,0,1,1,1947-04-17,,0,,,,,,,,,,,,,,,,
472051,0026004,2,沖縄県,オキナワケン,Okinawa,,,,宜野湾市,ギノワンシ,Ginowan-shi,,,,大謝名,オオジャナ,Ojana,４丁目,４チョウメ,4,,,,,1,1,0,0,0,0,1,1,1947-04-17,,0,,,,,,,,,,,,,,,,
472051,0026005,2,沖縄県,オキナワケン,Okinawa,,,,宜野湾市,ギノワンシ,Ginowan-shi,,,,大謝名,オオジャナ,Ojana,５丁目,５チョウメ,5,,,,,1,1,0,0,0,0,1,1,1947-04-17,,0,,,,,,,,,,,,,,,,
472051,0027000,1,沖縄県,オキナワケン,Okinawa,,,,宜野湾市,ギノワンシ,Ginowan-shi,,,,字真栄原,アザマエハラ,Maehara,,,,,,,,0,0,0,0,0,0,1,1,1947-04-17,,0,9012215,,,,,,,,,,,,,,,
472051,0028000,1,沖縄県,オキナワケン,Okinawa,,,,宜野湾市,ギノワンシ,Ginowan-shi,,,,字宜野湾,アザギノワン,Ginowan,,,,,,,,0,0,0,0,0,0,1,1,1947-04-17,,0,9012211,,,,,,,,,,,,,,,
472051,0029000,1,沖縄県,オキナワケン,Okinawa,,,,宜野湾市,ギノワンシ,Ginowan-shi,,,,字大山,アザオオヤマ,Oyama,,,,,,,,0,0,0,0,0,0,1,1,1947-04-17,,0,9012223,,,,,,,,,,,,,,,
472051,0030000,1,沖縄県,オキナワケン,Okinawa,,,,宜野湾市,ギノワンシ,Ginowan-shi,,,,字上原,アザウエハラ,Uehara,,,,,,,,0,0,0,0,0,0,1,1,1947-04-17,,0,9012204,,,,,,,,,,,,,,,
472051,0031000,1,沖縄県,オキナワケン,Okinawa,,,,宜野湾市,ギノワンシ,Ginowan-shi,,,,字新城,アザアラグスク,Aragusuku,,,,,,,,0,0,0,0,0,0,1,1,1947-04-17,,0,9012201,,,,,,,,,,,,,,,
472051,0032000,1,沖縄県,オキナワケン,Okinawa,,,,宜野湾市,ギノワンシ,Ginowan-shi,,,,字喜友名,アザキユナ,Kiyuna,,,,,,,,0,0,0,0,0,0,1,1,1947-04-17,,0,9012222,,,,,,,,,,,,,,,
472051,0033000,1,沖縄県,オキナワケン,Okinawa,,,,宜野湾市,ギノワンシ,Ginowan-shi,,,,字伊佐,アザイサ,Isa,,,,,,,,0,0,0,0,0,0,1,1,1947-04-17,,0,9012221,,,,,,,,,,,,,,,
472051,0034000,1,沖縄県,オキナワケン,Okinawa,,,,宜野湾市,ギノワンシ,Ginowan-shi,,,,字安仁屋,アザアニヤ,,,,,,,,,0,0,0,0,0,0,1,1,1947-04-17,,0,,,,,,,,,,,,,,,,
472051,0035000,1,沖縄県,オキナワケン,Okinawa,,,,宜野湾市,ギノワンシ,Ginowan-shi,,,,字普天間,アザフテンマ,Futemma,,,,,,,,0,0,0,0,0,0,1,1,1947-04-17,,0,9012202,,,,,,,,,,,,,,,
472051,0036000,1,沖縄県,オキナワケン,Okinawa,,,,宜野湾市,ギノワンシ,Ginowan-shi,,,,字中原,アザナカハラ,,,,,,,,,0,0,0,0,0,0,1,1,1947-04-17,,0,,,,,,,,,,,,,,,,
472051,0037000,1,沖縄県,オキナワケン,Okinawa,,,,宜野湾市,ギノワンシ,Ginowan-shi,,,,字愛知,アザアイチ,Aichi,,,,,,,,0,0,0,0,0,0,1,1,1947-04-17,,0,9012206,,,,,,,,,,,,,,,
472051,0038000,1,沖縄県,オキナワケン,Okinawa,,,,宜野湾市,ギノワンシ,Ginowan-shi,,,,字長田,アザナガタ,Nagata,,,,,,,,0,0,0,0,0,0,1,1,1947-04-17,,0,9012212,,,,,,,,,,,,,,,
472051,0039001,2,沖縄県,オキナワケン,Okinawa,,,,宜野湾市,ギノワンシ,Ginowan-shi,,,,宇地泊,ウチドマリ,,１丁目,１チョウメ,1,,,,,1,1,0,0,0,0,1,1,2023-02-06,,0,,,,,,,,,,,,,,,,
472051,0039002,2,沖縄県,オキナワケン,Okinawa,,,,宜野湾市,ギノワンシ,Ginowan-shi,,,,宇地泊,ウチドマリ,,２丁目,２チョウメ,2,,,,,1,1,0,0,0,0,1,1,2023-02-06,,0,,,,,,,,,,,,,,,,
472051,0039003,2,沖縄県,オキナワケン,Okinawa,,,,宜野湾市,ギノワンシ,Ginowan-shi,,,,宇地泊,ウチドマリ,,３丁目,３チョウメ,3,,,,,1,1,0,0,0,0,1,1,2023-02-06,,0,,,,,,,,,,,,,,,,
472051,0040000,1,沖縄県,オキナワケン,Okinawa,,,,宜野湾市,ギノワンシ,Ginowan-shi,,,,キャンプフォスター,キャンプフォスター,,,,,,,,,0,0,0,0,0,0,1,0,1947-04-17,,1,,,,,,,,,,,,,,,,
472051,0041000,1,沖縄県,オキナワケン,Okinawa,,,,宜野湾市,ギノワンシ,Ginowan-shi,,,,字嘉数,アザカカズ,,,,,,,,,0,0,0,0,0,0,1,0,1947-04-17,,1,,,,,,,,,,,,,,,,
472051,0042000,1,沖縄県,オキナワケン,Okinawa,,,,宜野湾市,ギノワンシ,Ginowan-shi,,,,字志真志,アザシマシ,,,,,,,,,0,0,0,0,0,0,1,0,1947-04-17,,1,,,,,,,,,,,,,,,,
472077,0001000,1,沖縄県,オキナワケン,Okinawa,,,,石垣市,イシガキシ,Ishigaki-shi,,,,南ぬ浜町,パイヌハマチョウ,Painuhamacho,,,,,,,,0,0,0,0,0,0,1,1,1947-04-17,,0,9070015,,,,,,,,,,,,,,,
472077,0002000,1,沖縄県,オキナワケン,Okinawa,,,,石垣市,イシガキシ,Ishigaki-shi,,,,美崎町,ミサキチョウ,Misakicho,,,,,,,,0,0,0,0,0,0,1,1,1947-04-17,,0,9070012,,,,,,,,,,,,,,,
472077,0003000,1,沖縄県,オキナワケン,Okinawa,,,,石垣市,イシガキシ,Ishigaki-shi,,,,字白保,アザシラホ,Shiraho,,,,,,,,0,0,0,0,0,0,1,1,1947-04-17,,0,9070242,,,,,,,,,,,,,,,
472077,0004000,1,沖縄県,オキナワケン,Okinawa,,,,石垣市,イシガキシ,Ishigaki-shi,,,,字大浜,アザオオハマ,Ohama,,,,,,,,0,0,0,0,0,0,1,1,1947-04-17,,0,9070001,,,,,,,,,,,,,,,
472077,0005000,1,沖縄県,オキナワケン,Okinawa,,,,石垣市,イシガキシ,Ishigaki-shi,,,,字平得,アザヒラエ,Hirae,,,,,,,,0,0,0,0,0,0,1,1,1947-04-17,,0,9070003,,,,,,,,,,,,,,,
472077,0006000,1,沖縄県,オキナワケン,Okinawa,,,,石垣市,イシガキシ,Ishigaki-shi,,,,字真栄里,アザマエザト,Maezato,,,,,,,,0,0,0,0,0,0,1,1,1947-04-17,,0,9070002,,,,,,,,,,,,,,,
472077,0007000,1,沖縄県,オキナワケン,Okinawa,,,,石垣市,イシガキシ,Ishigaki-shi,,,,字登野城,アザトノシロ,Tonoshiro,,,,,,,,0,0,0,0,0,0,1,1,1947-04-17,,0,9070004,,,,,,,,,,,,,,,
472077,0008000,1,沖縄県,オキナワケン,Okinawa,,,,石垣市,イシガキシ,Ishigaki-shi,,,,字桃里,アザトウザト,Tozato,,,,,,,,0,0,0,0,0,0,1,1,1947-04-17,,0,9070241,,,,,,,,,,,,,,,
472077,0009000,1,沖縄県,オキナワケン,Okinawa,,,,石垣市,イシガキシ,Ishigaki-shi,,,,字新川,アザアラカワ,Arakawa,,,,,,,,0,0,0,0,0,0,1,1,1947-04-17,,0,9070024,,,,,,,,,,,,,,,
472077,0010000,1,沖縄県,オキナワケン,Okinawa,,,,石垣市,イシガキシ,Ishigaki-shi,,,,字野底,アザノソコ,Nosoko,,,,,,,,0,0,0,0,0,0,1,1,1947-04-17,,0,9070333,,,,,,,,,,,,,,,
472077,0011000,1,沖縄県,オキナワケン,Okinawa,,,,石垣市,イシガキシ,Ishigaki-shi,,,,字崎枝,アザサキエダ,Sakieda,,,,,,,,0,0,0,0,0,0,1,1,1947-04-17,,0,9070452,,,,,,,,,,,,,,,
472077,0012000,1,沖縄県,オキナワケン,Okinawa,,,,石垣市,イシガキシ,Ishigaki-shi,,,,字宮良,アザミヤラ,Miyara,,,,,,,,0,0,0,0,0,0,1,1,1947-04-17,,0,9070243,,,,,,,,,,,,,,,
472077,0013000,1,沖縄県,オキナワケン,Okinawa,,,,石垣市,イシガキシ,Ishigaki-shi,,,,字名蔵,アザナグラ,Nagura,,,,,,,,0,0,0,0,0,0,1,1,1947-04-17,,0,9070021,,,,,,,,,,,,,,,
472077,0014000,1,沖縄県,オキナワケン,Okinawa,,,,石垣市,イシガキシ,Ishigaki-shi,,,,字川平,アザカビラ,Kabira,,,,,,,,0,0,0,0,0,0,1,1,1947-04-17,,0,9070453,,,,,,,,,,,,,,,
472077,0015000,1,沖縄県,オキナワケン,Okinawa,,,,石垣市,イシガキシ,Ishigaki-shi,,,,字伊原間,アザイバルマ,Ibaruma,,,,,,,,0,0,0,0,0,0,1,1,1947-04-17,,0,9070332,,,,,,,,,,,,,,,
472077,0016000,1,沖縄県,オキナワケン,Okinawa,,,,石垣市,イシガキシ,Ishigaki-shi,,,,字平久保,アザヒラクボ,Hirakubo,,,,,,,,0,0,0,0,0,0,1,1,1947-04-17,,0,9070331,,,,,,,,,,,,,,,
472077,0017001,2,沖縄県,オキナワケン,Okinawa,,,,石垣市,イシガキシ,Ishigaki-shi,,,,八島町,ヤシマチョウ,Yashimacho,１丁目,１チョウメ,1,,,,,0,0,0,0,0,0,1,1,1947-04-17,,0,,,,,,,,,,,,,,,,
472077,0017002,2,沖縄県,オキナワケン,Okinawa,,,,石垣市,イシガキシ,Ishigaki-shi,,,,八島町,ヤシマチョウ,Yashimacho,２丁目,２チョウメ,2,,,,,0,0,0,0,0,0,1,1,1947-04-17,,0,,,,,,,,,,,,,,,,
472077,0018000,1,沖縄県,オキナワケン,Okinawa,,,,石垣市,イシガキシ,Ishigaki-shi,,,,字盛山,アザモリヤマ,Moriyama,,,,,,,,0,0,0,0,0,0,1,1,1947-04-17,,0,9070244,,,,,,,,,,,,,,,
472077,0019000,1,沖縄県,オキナワケン,Okinawa,,,,石垣市,イシガキシ,Ishigaki-shi,,,,字大川,アザオオカワ,Okawa,,,,,,,,0,0,0,0,0,0,1,1,1947-04-17,,0,9070022,,,,,,,,,,,,,,,
472077,0020001,2,沖縄県,オキナワケン,Okinawa,,,,石垣市,イシガキシ,Ishigaki-shi,,,,浜崎町,ハマサキチョウ,Hamasakicho,１丁目,１チョウメ,1,,,,,0,0,0,0,0,0,1,1,1947-04-17,,0,,,,,,,,,,,,,,,,
472077,0020002,2,沖縄県,オキナワケン,Okinawa,,,,石垣市,イシガキシ,Ishigaki-shi,,,,浜崎町,ハマサキチョウ,Hamasakicho,２丁目,２チョウメ,2,,,,,0,0,0,0,0,0,1,1,1947-04-17,,0,,,,,,,,,,,,,,,,
472077,0020003,2,沖縄県,オキナワケン,Okinawa,,,,石垣市,イシガキシ,Ishigaki-shi,,,,浜崎町,ハマサキチョウ,Hamasakicho,３丁目,３チョウメ,3,,,,,0,0,0,0,0,0,1,1,1947-04-17,,0,,,,,,,,,,,,,,,,
472077,0021000,1,沖縄県,オキナワケン,Okinawa,,,,石垣市,イシガキシ,Ishigaki-shi,,,,字石垣,アザイシガキ,Ishigaki,,,,,,,,0,0,0,0,0,0,1,1,1947-04-17,,0,9070023,,,,,,,,,,,,,,,
472077,0022000,1,沖縄県,オキナワケン,Okinawa,,,,石垣市,イシガキシ,Ishigaki-shi,,,,字桴海,アザフカイ,Fukai,,,,,,,,0,0,0,0,0,0,1,1,1947-04-17,,0,9070451,,*_MJ013937_*,,,,,,,,,,,,,
472077,0023000,1,沖縄県,オキナワケン,Okinawa,,,,石垣市,イシガキシ,Ishigaki-shi,,,,新栄町,シンエイチョウ,Shineicho,,,,,,,,0,0,0,0,0,0,1,1,1947-04-17,,0,9070014,,,,,,,,,,,,,,,
472077,0024000,1,沖縄県,オキナワケン,Okinawa,,,,石垣市,イシガキシ,Ishigaki-shi,,,,字登野城尖閣,アザトノシロセンカク,Tonoshirosenkaku,,,,,,,,0,0,0,0,0,0,1,1,1947-04-17,,0,9070031,,,,,,,,,,,,,,,
472085,0001001,2,沖縄県,オキナワケン,Okinawa,,,,浦添市,ウラソエシ,Urasoe-shi,,,,西洲,イリジマ,Irijima,一丁目,１チョウメ,1,,,,,0,0,0,0,0,0,1,1,1947-04-17,,0,,,,,,,,,,,,,,,,
472085,0001002,2,沖縄県,オキナワケン,Okinawa,,,,浦添市,ウラソエシ,Urasoe-shi,,,,西洲,イリジマ,Irijima,二丁目,２チョウメ,2,,,,,0,0,0,0,0,0,1,1,1947-04-17,,0,,,,,,,,,,,,,,,,
472085,0001003,2,沖縄県,オキナワケン,Okinawa,,,,浦添市,ウラソエシ,Urasoe-shi,,,,西洲,イリジマ,Irijima,三丁目,３チョウメ,3,,,,,0,0,0,0,0,0,1,1,1947-04-17,,0,,,,,,,,,,,,,,,,
472085,0002001,2,沖縄県,オキナワケン,Okinawa,,,,浦添市,ウラソエシ,Urasoe-shi,,,,西原,ニシハラ,Nishihara,一丁目,１チョウメ,1,,,,,1,1,0,0,0,0,1,1,1947-04-17,,0,,,,,,,,,,,,,,,,
472085,0002002,2,沖縄県,オキナワケン,Okinawa,,,,浦添市,ウラソエシ,Urasoe-shi,,,,西原,ニシハラ,Nishihara,二丁目,２チョウメ,2,,,,,1,1,0,0,0,0,1,1,1947-04-17,,0,,,,,,,,,,,,,,,,
472085,0002003,2,沖縄県,オキナワケン,Okinawa,,,,浦添市,ウラソエシ,Urasoe-shi,,,,西原,ニシハラ,Nishihara,三丁目,３チョウメ,3,,,,,1,1,0,0,0,0,1,1,1947-04-17,,0,,,,,,,,,,,,,,,,
472085,0002004,2,沖縄県,オキナワケン,Okinawa,,,,浦添市,ウラソエシ,Urasoe-shi,,,,西原,ニシハラ,Nishihara,四丁目,４チョウメ,4,,,,,1,1,0,0,0,0,1,1,1947-04-17,,0,,,,,,,,,,,,,,,,
472085,0002005,2,沖縄県,オキナワケン,Okinawa,,,,浦添市,ウラソエシ,Urasoe-shi,,,,西原,ニシハラ,Nishihara,五丁目,５チョウメ,5,,,,,1,1,0,0,0,0,1,1,1947-04-17,,0,,,,,,,,,,,,,,,,
472085,0002006,2,沖縄県,オキナワケン,Okinawa,,,,浦添市,ウラソエシ,Urasoe-shi,,,,西原,ニシハラ,Nishihara,六丁目,６チョウメ,6,,,,,1,1,0,0,0,0,1,1,1947-04-17,,0,,,,,,,,,,,,,,,,
472085,0003001,2,沖縄県,オキナワケン,Okinawa,,,,浦添市,ウラソエシ,Urasoe-shi,,,,当山,トウヤマ,Toyama,一丁目,１チョウメ,1,,,,,1,1,0,0,0,0,1,1,1947-04-17,,0,,,,,,,,,,,,,,,,
472085,0003002,2,沖縄県,オキナワケン,Okinawa,,,,浦添市,ウラソエシ,Urasoe-shi,,,,当山,トウヤマ,Toyama,二丁目,２チョウメ,2,,,,,1,1,0,0,0,0,1,1,1947-04-17,,0,,,,,,,,,,,,,,,,
472085,0003003,2,沖縄県,オキナワケン,Okinawa,,,,浦添市,ウラソエシ,Urasoe-shi,,,,当山,トウヤマ,Toyama,三丁目,３チョウメ,3,,,,,1,1,0,0,0,0,1,1,1947-04-17,,0,,,,,,,,,,,,,,,,
472085,0004001,2,沖縄県,オキナワケン,Okinawa,,,,浦添市,ウラソエシ,Urasoe-shi,,,,仲間,ナカマ,Nakama,一丁目,１チョウメ,1,,,,,1,1,0,0,0,0,1,1,1947-04-17,,0,,,,,,,,,,,,,,,,
472085,0004002,2,沖縄県,オキナワケン,Okinawa,,,,浦添市,ウラソエシ,Urasoe-shi,,,,仲間,ナカマ,Nakama,二丁目,２チョウメ,2,,,,,1,1,0,0,0,0,1,1,1947-04-17,,0,,,,,,,,,,,,,,,,
472085,0004003,2,沖縄県,オキナワケン,Okinawa,,,,浦添市,ウラソエシ,Urasoe-shi,,,,仲間,ナカマ,Nakama,三丁目,３チョウメ,3,,,,,1,1,0,0,0,0,1,1,1947-04-17,,0,,,,,,,,,,,,,,,,
472085,0005001,2,沖縄県,オキナワケン,Okinawa,,,,浦添市,ウラソエシ,Urasoe-shi,,,,城間,グスクマ,Gusukuma,一丁目,１チョウメ,1,,,,,1,1,0,0,0,0,1,1,1947-04-17,,0,,,,,,,,,,,,,,,,
472085,0005002,2,沖縄県,オキナワケン,Okinawa,,,,浦添市,ウラソエシ,Urasoe-shi,,,,城間,グスクマ,Gusukuma,二丁目,２チョウメ,2,,,,,1,1,0,0,0,0,1,1,1947-04-17,,0,,,,,,,,,,,,,,,,
472085,0005003,2,沖縄県,オキナワケン,Okinawa,,,,浦添市,ウラソエシ,Urasoe-shi,,,,城間,グスクマ,Gusukuma,三丁目,３チョウメ,3,,,,,1,1,0,0,0,0,1,1,1947-04-17,,0,,,,,,,,,,,,,,,,
472085,0005004,2,沖縄県,オキナワケン,Okinawa,,,,浦添市,ウラソエシ,Urasoe-shi,,,,城間,グスクマ,Gusukuma,四丁目,４チョウメ,4,,,,,1,1,0,0,0,0,1,1,1947-04-17,,0,,,,,,,,,,,,,,,,
472085,0006001,2,沖縄県,オキナワケン,Okinawa,,,,浦添市,ウラソエシ,Urasoe-shi,,,,伊祖,イソ,Iso,一丁目,１チョウメ,1,,,,,1,1,0,0,0,0,1,1,1947-04-17,,0,,,,,,,,,,,,,,,,
472085,0006002,2,沖縄県,オキナワケン,Okinawa,,,,浦添市,ウラソエシ,Urasoe-shi,,,,伊祖,イソ,Iso,二丁目,２チョウメ,2,,,,,1,1,0,0,0,0,1,1,1947-04-17,,0,,,,,,,,,,,,,,,,
472085,0006003,2,沖縄県,オキナワケン,Okinawa,,,,浦添市,ウラソエシ,Urasoe-shi,,,,伊祖,イソ,Iso,三丁目,３チョウメ,3,,,,,1,1,0,0,0,0,1,1,1947-04-17,,0,,,,,,,,,,,,,,,,
472085,0006004,2,沖縄県,オキナワケン,Okinawa,,,,浦添市,ウラソエシ,Urasoe-shi,,,,伊祖,イソ,Iso,四丁目,４チョウメ,4,,,,,1,1,0,0,0,0,1,1,1947-04-17,,0,,,,,,,,,,,,,,,,
472085,0006005,2,沖縄県,オキナワケン,Okinawa,,,,浦添市,ウラソエシ,Urasoe-shi,,,,伊祖,イソ,Iso,五丁目,５チョウメ,5,,,,,1,1,0,0,0,0,1,1,1947-04-17,,0,,,,,,,,,,,,,,,,
472085,0007001,2,沖縄県,オキナワケン,Okinawa,,,,浦添市,ウラソエシ,Urasoe-shi,,,,屋富祖,ヤフソ,Yafuso,一丁目,１チョウメ,1,,,,,1,1,0,0,0,0,1,1,1947-04-17,,0,,,,,,,,,,,,,,,,
472085,0007002,2,沖縄県,オキナワケン,Okinawa,,,,浦添市,ウラソエシ,Urasoe-shi,,,,屋富祖,ヤフソ,Yafuso,二丁目,２チョウメ,2,,,,,1,1,0,0,0,0,1,1,1947-04-17,,0,,,,,,,,,,,,,,,,
472085,0007003,2,沖縄県,オキナワケン,Okinawa,,,,浦添市,ウラソエシ,Urasoe-shi,,,,屋富祖,ヤフソ,Yafuso,三丁目,３チョウメ,3,,,,,1,1,0,0,0,0,1,1,1947-04-17,,0,,,,,,,,,,,,,,,,
472085,0007004,2,沖縄県,オキナワケン,Okinawa,,,,浦添市,ウラソエシ,Urasoe-shi,,,,屋富祖,ヤフソ,Yafuso,四丁目,４チョウメ,4,,,,,1,1,0,0,0,0,1,1,1947-04-17,,0,,,,,,,,,,,,,,,,
472085,0008000,1,沖縄県,オキナワケン,Okinawa,,,,浦添市,ウラソエシ,Urasoe-shi,,,,字屋富祖,アザヤフソ,Yafuso,,,,,,,,0,0,0,0,0,0,1,1,1947-04-17,,0,9012127,,,,,,,,,,,,,,,
472085,0009000,1,沖縄県,オキナワケン,Okinawa,,,,浦添市,ウラソエシ,Urasoe-shi,,,,字宮城,アザミヤギ,Miyagi,,,,,,,,0,0,0,0,0,0,1,1,1947-04-17,,0,9012126,,,,,,,,,,,,,,,
472085,0010000,1,沖縄県,オキナワケン,Okinawa,,,,浦添市,ウラソエシ,Urasoe-shi,,,,字仲西,アザナカニシ,Nakanishi,,,,,,,,0,0,0,0,0,0,1,1,1947-04-17,,0,9012125,,,,,,,,,,,,,,,
472085,0011001,2,沖縄県,オキナワケン,Okinawa,,,,浦添市,ウラソエシ,Urasoe-shi,,,,沢岻,タクシ,Takushi,一丁目,１チョウメ,1,,,,,1,1,0,0,0,0,1,1,1947-04-17,,0,,,,,,,,,,,,,,,,
472085,0011002,2,沖縄県,オキナワケン,Okinawa,,,,浦添市,ウラソエシ,Urasoe-shi,,,,沢岻,タクシ,Takushi,二丁目,２チョウメ,2,,,,,1,1,0,0,0,0,1,1,1947-04-17,,0,,,,,,,,,,,,,,,,
472085,0012001,2,沖縄県,オキナワケン,Okinawa,,,,浦添市,ウラソエシ,Urasoe-shi,,,,経塚,キョウヅカ,Kyozuka,一丁目,１チョウメ,1,,,,,1,1,0,0,0,0,1,1,1947-04-17,,0,,,,,,,,,,,,,,,,
472085,0013001,2,沖縄県,オキナワケン,Okinawa,,,,浦添市,ウラソエシ,Urasoe-shi,,,,前田,マエダ,Maeda,一丁目,１チョウメ,1,,,,,1,1,0,0,0,0,1,1,1947-04-17,,0,,,,,,,,,,,,,,,,
472085,0013002,2,沖縄県,オキナワケン,Okinawa,,,,浦添市,ウラソエシ,Urasoe-shi,,,,前田,マエダ,Maeda,二丁目,２チョウメ,2,,,,,1,1,0,0,0,0,1,1,1947-04-17,,0,,,,,,,,,,,,,,,,
472085,0013003,2,沖縄県,オキナワケン,Okinawa,,,,浦添市,ウラソエシ,Urasoe-shi,,,,前田,マエダ,Maeda,三丁目,３チョウメ,3,,,,,1,1,0,0,0,0,1,1,1947-04-17,,0,,,,,,,,,,,,,,,,
472085,0013004,2,沖縄県,オキナワケン,Okinawa,,,,浦添市,ウラソエシ,Urasoe-shi,,,,前田,マエダ,Maeda,四丁目,４チョウメ,4,,,,,1,1,0,0,0,0,1,1,1947-04-17,,0,,,,,,,,,,,,,,,,
472085,0014000,1,沖縄県,オキナワケン,Okinawa,,,,浦添市,ウラソエシ,Urasoe-shi,,,,字仲間,アザナカマ,Nakama,,,,,,,,0,0,0,0,0,0,1,1,1947-04-17,,0,9012103,,,,,,,,,,,,,,,
472085,0015000,1,沖縄県,オキナワケン,Okinawa,,,,浦添市,ウラソエシ,Urasoe-shi,,,,字前田,アザマエダ,Maeda,,,,,,,,0,0,0,0,0,0,1,1,1947-04-17,,0,9012102,,,,,,,,,,,,,,,
472085,0016000,1,沖縄県,オキナワケン,Okinawa,,,,浦添市,ウラソエシ,Urasoe-shi,,,,字経塚,アザキョウヅカ,Kyozuka,,,,,,,,0,0,0,0,0,0,1,1,1947-04-17,,0,9012111,,,,,,,,,,,,,,,
472085,0017001,2,沖縄県,オキナワケン,Okinawa,,,,浦添市,ウラソエシ,Urasoe-shi,,,,安波茶,アハチャ,Ahacha,一丁目,１チョウメ,1,,,,,1,1,0,0,0,0,1,1,1947-04-17,,0,,,,,,,,,,,,,,,,
472085,0017002,2,沖縄県,オキナワケン,Okinawa,,,,浦添市,ウラソエシ,Urasoe-shi,,,,安波茶,アハチャ,Ahacha,二丁目,２チョウメ,2,,,,,1,1,0,0,0,0,1,1,1947-04-17,,0,,,,,,,,,,,,,,,,
472085,0017003,2,沖縄県,オキナワケン,Okinawa,,,,浦添市,ウラソエシ,Urasoe-shi,,,,安波茶,アハチャ,Ahacha,三丁目,３チョウメ,3,,,,,1,1,0,0,0,0,1,1,1947-04-17,,0,,,,,,,,,,,,,,,,
472085,0018001,2,沖縄県,オキナワケン,Okinawa,,,,浦添市,ウラソエシ,Urasoe-shi,,,,宮城,ミヤギ,Miyagi,一丁目,１チョウメ,1,,,,,1,1,0,0,0,0,1,1,1947-04-17,,0,,,,,,,,,,,,,,,,
472085,0018002,2,沖縄県,オキナワケン,Okinawa,,,,浦添市,ウラソエシ,Urasoe-shi,,,,宮城,ミヤギ,Miyagi,二丁目,２チョウメ,2,,,,,1,1,0,0,0,0,1,1,1947-04-17,,0,,,,,,,,,,,,,,,,
472085,0018003,2,沖縄県,オキナワケン,Okinawa,,,,浦添市,ウラソエシ,Urasoe-shi,,,,宮城,ミヤギ,Miyagi,三丁目,３チョウメ,3,,,,,1,1,0,0,0,0,1,1,1947-04-17,,0,,,,,,,,,,,,,,,,
472085,0018004,2,沖縄県,オキナワケン,Okinawa,,,,浦添市,ウラソエシ,Urasoe-shi,,,,宮城,ミヤギ,Miyagi,四丁目,４チョウメ,4,,,,,1,1,0,0,0,0,1,1,1947-04-17,,0,,,,,,,,,,,,,,,,
472085,0018005,2,沖縄県,オキナワケン,Okinawa,,,,浦添市,ウラソエシ,Urasoe-shi,,,,宮城,ミヤギ,Miyagi,五丁目,５チョウメ,5,,,,,1,1,0,0,0,0,1,1,1947-04-17,,0,,,,,,,,,,,,,,,,
472085,0018006,2,沖縄県,オキナワケン,Okinawa,,,,浦添市,ウラソエシ,Urasoe-shi,,,,宮城,ミヤギ,Miyagi,六丁目,６チョウメ,6,,,,,1,1,0,0,0,0,1,1,1947-04-17,,0,,,,,,,,,,,,,,,,
472085,0019001,2,沖縄県,オキナワケン,Okinawa,,,,浦添市,ウラソエシ,Urasoe-shi,,,,大平,オオヒラ,Ohira,一丁目,１チョウメ,1,,,,,1,1,0,0,0,0,1,1,1947-04-17,,0,,,,,,,,,,,,,,,,
472085,0019002,2,沖縄県,オキナワケン,Okinawa,,,,浦添市,ウラソエシ,Urasoe-shi,,,,大平,オオヒラ,Ohira,二丁目,２チョウメ,2,,,,,1,1,0,0,0,0,1,1,1947-04-17,,0,,,,,,,,,,,,,,,,
472085,0019003,2,沖縄県,オキナワケン,Okinawa,,,,浦添市,ウラソエシ,Urasoe-shi,,,,大平,オオヒラ,Ohira,三丁目,３チョウメ,3,,,,,1,1,0,0,0,0,1,1,1947-04-17,,0,,,,,,,,,,,,,,,,
472085,0020000,1,沖縄県,オキナワケン,Okinawa,,,,浦添市,ウラソエシ,Urasoe-shi,,,,字大平,アザオオヒラ,Ohira,,,,,,,,0,0,0,0,0,0,1,1,1947-04-17,,0,9012113,,,,,,,,,,,,,,,
472085,0021001,2,沖縄県,オキナワケン,Okinawa,,,,浦添市,ウラソエシ,Urasoe-shi,,,,仲西,ナカニシ,Nakanishi,一丁目,１チョウメ,1,,,,,1,1,0,0,0,0,1,1,1947-04-17,,0,,,,,,,,,,,,,,,,
472085,0021002,2,沖縄県,オキナワケン,Okinawa,,,,浦添市,ウラソエシ,Urasoe-shi,,,,仲西,ナカニシ,Nakanishi,二丁目,２チョウメ,2,,,,,1,1,0,0,0,0,1,1,1947-04-17,,0,,,,,,,,,,,,,,,,
472085,0021003,2,沖縄県,オキナワケン,Okinawa,,,,浦添市,ウラソエシ,Urasoe-shi,,,,仲西,ナカニシ,Nakanishi,三丁目,３チョウメ,3,,,,,1,1,0,0,0,0,1,1,1947-04-17,,0,,,,,,,,,,,,,,,,
472085,0022000,1,沖縄県,オキナワケン,Okinawa,,,,浦添市,ウラソエシ,Urasoe-shi,,,,字小湾,アザコワン,Kowan,,,,,,,,0,0,0,0,0,0,1,1,1947-04-17,,0,9012124,,,,,,,,,,,,,,,
472085,0023001,2,沖縄県,オキナワケン,Okinawa,,,,浦添市,ウラソエシ,Urasoe-shi,,,,伊奈武瀬,イナンセ,Inanse,一丁目,１チョウメ,1,,,,,1,1,0,0,0,0,1,1,1947-04-17,,0,,,,,,,,,,,,,,,,
472085,0024000,1,沖縄県,オキナワケン,Okinawa,,,,浦添市,ウラソエシ,Urasoe-shi,,,,字沢岻,アザタクシ,Takushi,,,,,,,,0,0,0,0,0,0,1,1,1947-04-17,,0,9012112,,,,,,,,,,,,,,,
472085,0025001,2,沖縄県,オキナワケン,Okinawa,,,,浦添市,ウラソエシ,Urasoe-shi,,,,内間,ウチマ,Uchima,一丁目,１チョウメ,1,,,,,1,1,0,0,0,0,1,1,1947-04-17,,0,,,,,,,,,,,,,,,,
472085,0025002,2,沖縄県,オキナワケン,Okinawa,,,,浦添市,ウラソエシ,Urasoe-shi,,,,内間,ウチマ,Uchima,二丁目,２チョウメ,2,,,,,1,1,0,0,0,0,1,1,1947-04-17,,0,,,,,,,,,,,,,,,,
472085,0025003,2,沖縄県,オキナワケン,Okinawa,,,,浦添市,ウラソエシ,Urasoe-shi,,,,内間,ウチマ,Uchima,三丁目,３チョウメ,3,,,,,1,1,0,0,0,0,1,1,1947-04-17,,0,,,,,,,,,,,,,,,,
472085,0025004,2,沖縄県,オキナワケン,Okinawa,,,,浦添市,ウラソエシ,Urasoe-shi,,,,内間,ウチマ,Uchima,四丁目,４チョウメ,4,,,,,1,1,0,0,0,0,1,1,1947-04-17,,0,,,,,,,,,,,,,,,,
472085,0025005,2,沖縄県,オキナワケン,Okinawa,,,,浦添市,ウラソエシ,Urasoe-shi,,,,内間,ウチマ,Uchima,五丁目,５チョウメ,5,,,,,1,1,0,0,0,0,1,1,1947-04-17,,0,,,,,,,,,,,,,,,,
472085,0026001,2,沖縄県,オキナワケン,Okinawa,,,,浦添市,ウラソエシ,Urasoe-shi,,,,勢理客,ジッチャク,Jitchaku,一丁目,１チョウメ,1,,,,,1,1,0,0,0,0,1,1,1947-04-17,,0,,,,,,,,,,,,,,,,
472085,0026002,2,沖縄県,オキナワケン,Okinawa,,,,浦添市,ウラソエシ,Urasoe-shi,,,,勢理客,ジッチャク,Jitchaku,二丁目,２チョウメ,2,,,,,1,1,0,0,0,0,1,1,1947-04-17,,0,,,,,,,,,,,,,,,,
472085,0026003,2,沖縄県,オキナワケン,Okinawa,,,,浦添市,ウラソエシ,Urasoe-shi,,,,勢理客,ジッチャク,Jitchaku,三丁目,３チョウメ,3,,,,,1,1,0,0,0,0,1,1,1947-04-17,,0,,,,,,,,,,,,,,,,
472085,0026004,2,沖縄県,オキナワケン,Okinawa,,,,浦添市,ウラソエシ,Urasoe-shi,,,,勢理客,ジッチャク,Jitchaku,四丁目,４チョウメ,4,,,,,1,1,0,0,0,0,1,1,1947-04-17,,0,,,,,,,,,,,,,,,,
472085,0027001,2,沖縄県,オキナワケン,Okinawa,,,,浦添市,ウラソエシ,Urasoe-shi,,,,港川,ミナトガワ,Minatogawa,一丁目,１チョウメ,1,,,,,1,1,0,0,0,0,1,1,1947-04-17,,0,,,,,,,,,,,,,,,,
472085,0027002,2,沖縄県,オキナワケン,Okinawa,,,,浦添市,ウラソエシ,Urasoe-shi,,,,港川,ミナトガワ,Minatogawa,二丁目,２チョウメ,2,,,,,1,1,0,0,0,0,1,1,1947-04-17,,0,,,,,,,,,,,,,,,,
472085,0028000,1,沖縄県,オキナワケン,Okinawa,,,,浦添市,ウラソエシ,Urasoe-shi,,,,字牧港,アザマキミナト,Makiminato,,,,,,,,0,0,0,0,0,0,1,1,1947-04-17,,0,9012131,,,,,,,,,,,,,,,
472085,0029001,2,沖縄県,オキナワケン,Okinawa,,,,浦添市,ウラソエシ,Urasoe-shi,,,,牧港,マキミナト,Makiminato,一丁目,１チョウメ,1,,,,,1,1,0,0,0,0,1,1,1947-04-17,,0,,,,,,,,,,,,,,,,
472085,0029002,2,沖縄県,オキナワケン,Okinawa,,,,浦添市,ウラソエシ,Urasoe-shi,,,,牧港,マキミナト,Makiminato,二丁目,２チョウメ,2,,,,,1,1,0,0,0,0,1,1,1947-04-17,,0,,,,,,,,,,,,,,,,
472085,0029003,2,沖縄県,オキナワケン,Okinawa,,,,浦添市,ウラソエシ,Urasoe-shi,,,,牧港,マキミナト,Makiminato,三丁目,３チョウメ,3,,,,,1,1,0,0,0,0,1,1,1947-04-17,,0,,,,,,,,,,,,,,,,
472085,0029004,2,沖縄県,オキナワケン,Okinawa,,,,浦添市,ウラソエシ,Urasoe-shi,,,,牧港,マキミナト,Makiminato,四丁目,４チョウメ,4,,,,,1,1,0,0,0,0,1,1,1947-04-17,,0,,,,,,,,,,,,,,,,
472085,0029005,2,沖縄県,オキナワケン,Okinawa,,,,浦添市,ウラソエシ,Urasoe-shi,,,,牧港,マキミナト,Makiminato,五丁目,５チョウメ,5,,,,,1,1,0,0,0,0,1,1,1947-04-17,,0,,,,,,,,,,,,,,,,
472085,0030000,1,沖縄県,オキナワケン,Okinawa,,,,浦添市,ウラソエシ,Urasoe-shi,,,,字港川,アザミナトガワ,Minatogawa,,,,,,,,0,0,0,0,0,0,1,1,1947-04-17,,0,9012134,,,,,,,,,,,,,,,
472085,0031000,1,沖縄県,オキナワケン,Okinawa,,,,浦添市,ウラソエシ,Urasoe-shi,,,,字城間,アザグスクマ,Gusukuma,,,,,,,,0,0,0,0,0,0,1,1,1947-04-17,,0,9012133,,,,,,,,,,,,,,,
472085,0032000,1,沖縄県,オキナワケン,Okinawa,,,,浦添市,ウラソエシ,Urasoe-shi,,,,字安波茶,アザアハチャ,Ahacha,,,,,,,,0,0,0,0,0,0,1,1,1947-04-17,,0,9012114,,,,,,,,,,,,,,,
472085,0033000,1,沖縄県,オキナワケン,Okinawa,,,,浦添市,ウラソエシ,Urasoe-shi,,,,字伊祖,アザイソ,Iso,,,,,,,,0,0,0,0,0,0,1,1,1947-04-17,,0,9012132,,,,,,,,,,,,,,,
472085,0034000,1,沖縄県,オキナワケン,Okinawa,,,,浦添市,ウラソエシ,Urasoe-shi,,,,字勢理客,アザジッチャク,Jitchaku,,,,,,,,0,0,0,0,0,0,1,1,1947-04-17,,0,9012122,,,,,,,,,,,,,,,
472085,0035000,1,沖縄県,オキナワケン,Okinawa,,,,浦添市,ウラソエシ,Urasoe-shi,,,,字西原,アザニシハラ,Nishihara,,,,,,,,0,0,0,0,0,0,1,1,1947-04-17,,0,9012101,,,,,,,,,,,,,,,
472085,0036000,1,沖縄県,オキナワケン,Okinawa,,,,浦添市,ウラソエシ,Urasoe-shi,,,,字当山,アザトウヤマ,Toyama,,,,,,,,0,0,0,0,0,0,1,1,1947-04-17,,0,9012104,,,,,,,,,,,,,,,
472085,0037000,1,沖縄県,オキナワケン,Okinawa,,,,浦添市,ウラソエシ,Urasoe-shi,,,,字内間,アザウチマ,Uchima,,,,,,,,0,0,0,0,0,0,1,1,1947-04-17,,0,9012121,,,,,,,,,,,,,,,
472093,0001001,2,沖縄県,オキナワケン,Okinawa,,,,名護市,ナゴシ,Nago-shi,,,,宇茂佐の森,ウムサノモリ,Umusanomori,一丁目,１チョウメ,1,,,,,0,0,0,0,0,0,1,1,1947-04-17,,0,,,,,,,,,,,,,,,,
472093,0001002,2,沖縄県,オキナワケン,Okinawa,,,,名護市,ナゴシ,Nago-shi,,,,宇茂佐の森,ウムサノモリ,Umusanomori,二丁目,２チョウメ,2,,,,,0,0,0,0,0,0,1,1,1947-04-17,,0,,,,,,,,,,,,,,,,
472093,0001003,2,沖縄県,オキナワケン,Okinawa,,,,名護市,ナゴシ,Nago-shi,,,,宇茂佐の森,ウムサノモリ,Umusanomori,三丁目,３チョウメ,3,,,,,0,0,0,0,0,0,1,1,1947-04-17,,0,,,,,,,,,,,,,,,,
472093,0001004,2,沖縄県,オキナワケン,Okinawa,,,,名護市,ナゴシ,Nago-shi,,,,宇茂佐の森,ウムサノモリ,Umusanomori,四丁目,４チョウメ,4,,,,,0,0,0,0,0,0,1,1,1947-04-17,,0,,,,,,,,,,,,,,,,
472093,0001005,2,沖縄県,オキナワケン,Okinawa,,,,名護市,ナゴシ,Nago-shi,,,,宇茂佐の森,ウムサノモリ,Umusanomori,五丁目,５チョウメ,5,,,,,0,0,0,0,0,0,1,1,1947-04-17,,0,,,,,,,,,,,,,,,,
472093,0002000,1,沖縄県,オキナワケン,Okinawa,,,,名護市,ナゴシ,Nago-shi,,,,字嘉陽,アザカヨウ,Kayo,,,,,,,,0,0,0,0,0,0,1,1,1947-04-17,,0,9052262,,,,,,,,,,,,,,,
472093,0003000,1,沖縄県,オキナワケン,Okinawa,,,,名護市,ナゴシ,Nago-shi,,,,字天仁屋,アザテニヤ,Teniya,,,,,,,,0,0,0,0,0,0,1,1,1947-04-17,,0,9052261,,,,,,,,,,,,,,,
472093,0004000,1,沖縄県,オキナワケン,Okinawa,,,,名護市,ナゴシ,Nago-shi,,,,字久志,アザクシ,Kushi,,,,,,,,0,0,0,0,0,0,1,1,1947-04-17,,0,9052173,,,,,,,,,,,,,,,
472093,0005000,1,沖縄県,オキナワケン,Okinawa,,,,名護市,ナゴシ,Nago-shi,,,,字許田,アザキョダ,Kyoda,,,,,,,,0,0,0,0,0,0,1,1,1947-04-17,,0,9050024,,,,,,,,,,,,,,,
472093,0006000,1,沖縄県,オキナワケン,Okinawa,,,,名護市,ナゴシ,Nago-shi,,,,字数久田,アザスクタ,Sukuta,,,,,,,,0,0,0,0,0,0,1,1,1947-04-17,,0,9050023,,,,,,,,,,,,,,,
472093,0007000,1,沖縄県,オキナワケン,Okinawa,,,,名護市,ナゴシ,Nago-shi,,,,字世冨慶,アザヨフケ,Yofuke,,,,,,,,0,0,0,0,0,0,1,1,1947-04-17,,0,9050022,,,,,,,,,,,,,,,
472093,0008000,1,沖縄県,オキナワケン,Okinawa,,,,名護市,ナゴシ,Nago-shi,,,,字名護,アザナゴ,Nago,,,,,,,,0,0,0,0,0,0,1,1,1947-04-17,,0,9050012,,,,,,,,,,,,,,,
472093,0009000,1,沖縄県,オキナワケン,Okinawa,,,,名護市,ナゴシ,Nago-shi,,,,字三原,アザミハラ,Mihara,,,,,,,,0,0,0,0,0,0,1,1,1947-04-17,,0,9052264,,,,,,,,,,,,,,,
472093,0010000,1,沖縄県,オキナワケン,Okinawa,,,,名護市,ナゴシ,Nago-shi,,,,字源河,アザゲンカ,Genka,,,,,,,,0,0,0,0,0,0,1,1,1947-04-17,,0,9051141,,,,,,,,,,,,,,,
472093,0011000,1,沖縄県,オキナワケン,Okinawa,,,,名護市,ナゴシ,Nago-shi,,,,字田井等,アザタイラ,Taira,,,,,,,,0,0,0,0,0,0,1,1,1947-04-17,,0,9051147,,,,,,,,,,,,,,,
472093,0012000,1,沖縄県,オキナワケン,Okinawa,,,,名護市,ナゴシ,Nago-shi,,,,字大川,アザオオカワ,Okawa,,,,,,,,0,0,0,0,0,0,1,1,1947-04-17,,0,9052268,,,,,,,,,,,,,,,
472093,0013000,1,沖縄県,オキナワケン,Okinawa,,,,名護市,ナゴシ,Nago-shi,,,,字汀間,アザテイマ,Teima,,,,,,,,0,0,0,0,0,0,1,1,1947-04-17,,0,9052265,,,,,,,,,,,,,,,
472093,0014000,1,沖縄県,オキナワケン,Okinawa,,,,名護市,ナゴシ,Nago-shi,,,,字瀬嵩,アザセダケ,Sedake,,,,,,,,0,0,0,0,0,0,1,1,1947-04-17,,0,9052266,,,,,,,,,,,,,,,
472093,0015000,1,沖縄県,オキナワケン,Okinawa,,,,名護市,ナゴシ,Nago-shi,,,,字呉我,アザゴガ,Goga,,,,,,,,0,0,0,0,0,0,1,1,1947-04-17,,0,9051154,,,,,,,,,,,,,,,
472093,0016000,1,沖縄県,オキナワケン,Okinawa,,,,名護市,ナゴシ,Nago-shi,,,,字我部,アザガブ,Gabu,,,,,,,,0,0,0,0,0,0,1,1,1947-04-17,,0,9051633,,,,,,,,,,,,,,,
472093,0017001,2,沖縄県,オキナワケン,Okinawa,,,,名護市,ナゴシ,Nago-shi,,,,城,グスク,Gusuku,一丁目,１チョウメ,1,,,,,1,1,0,0,0,0,1,1,1947-04-17,,0,,,,,,,,,,,,,,,,
472093,0017002,2,沖縄県,オキナワケン,Okinawa,,,,名護市,ナゴシ,Nago-shi,,,,城,グスク,Gusuku,二丁目,２チョウメ,2,,,,,1,1,0,0,0,0,1,1,1947-04-17,,0,,,,,,,,,,,,,,,,
472093,0017003,2,沖縄県,オキナワケン,Okinawa,,,,名護市,ナゴシ,Nago-shi,,,,城,グスク,Gusuku,三丁目,３チョウメ,3,,,,,1,1,0,0,0,0,1,1,1947-04-17,,0,,,,,,,,,,,,,,,,
472093,0018001,2,沖縄県,オキナワケン,Okinawa,,,,名護市,ナゴシ,Nago-shi,,,,大北,オオキタ,Okita,一丁目,１チョウメ,1,,,,,1,1,0,0,0,0,1,1,1947-04-17,,0,,,,,,,,,,,,,,,,
472093,0018002,2,沖縄県,オキナワケン,Okinawa,,,,名護市,ナゴシ,Nago-shi,,,,大北,オオキタ,Okita,二丁目,２チョウメ,2,,,,,1,1,0,0,0,0,1,1,1947-04-17,,0,,,,,,,,,,,,,,,,
472093,0018003,2,沖縄県,オキナワケン,Okinawa,,,,名護市,ナゴシ,Nago-shi,,,,大北,オオキタ,Okita,三丁目,３チョウメ,3,,,,,1,1,0,0,0,0,1,1,1947-04-17,,0,,,,,,,,,,,,,,,,
472093,0018004,2,沖縄県,オキナワケン,Okinawa,,,,名護市,ナゴシ,Nago-shi,,,,大北,オオキタ,Okita,四丁目,４チョウメ,4,,,,,1,1,0,0,0,0,1,1,1947-04-17,,0,,,,,,,,,,,,,,,,
472093,0018005,2,沖縄県,オキナワケン,Okinawa,,,,名護市,ナゴシ,Nago-shi,,,,大北,オオキタ,Okita,五丁目,５チョウメ,5,,,,,1,1,0,0,0,0,1,1,1947-04-17,,0,,,,,,,,,,,,,,,,
472093,0019000,1,沖縄県,オキナワケン,Okinawa,,,,名護市,ナゴシ,Nago-shi,,,,字我部祖河,アザガブソカ,Gabusoka,,,,,,,,0,0,0,0,0,0,1,1,1947-04-17,,0,9051155,,,,,,,,,,,,,,,
472093,0020000,1,沖縄県,オキナワケン,Okinawa,,,,名護市,ナゴシ,Nago-shi,,,,字古我知,アザコガチ,Kogachi,,,,,,,,0,0,0,0,0,0,1,1,1947-04-17,,0,9051156,,,,,,,,,,,,,,,
472093,0021001,2,沖縄県,オキナワケン,Okinawa,,,,名護市,ナゴシ,Nago-shi,,,,東江,アガリエ,Agarie,一丁目,１チョウメ,1,,,,,1,1,0,0,0,0,1,1,1947-04-17,,0,,,,,,,,,,,,,,,,
472093,0021002,2,沖縄県,オキナワケン,Okinawa,,,,名護市,ナゴシ,Nago-shi,,,,東江,アガリエ,Agarie,二丁目,２チョウメ,2,,,,,1,1,0,0,0,0,1,1,1947-04-17,,0,,,,,,,,,,,,,,,,
472093,0021003,2,沖縄県,オキナワケン,Okinawa,,,,名護市,ナゴシ,Nago-shi,,,,東江,アガリエ,Agarie,三丁目,３チョウメ,3,,,,,1,1,0,0,0,0,1,1,1947-04-17,,0,,,,,,,,,,,,,,,,
472093,0021004,2,沖縄県,オキナワケン,Okinawa,,,,名護市,ナゴシ,Nago-shi,,,,東江,アガリエ,Agarie,四丁目,４チョウメ,4,,,,,1,1,0,0,0,0,1,1,1947-04-17,,0,,,,,,,,,,,,,,,,
472093,0021005,2,沖縄県,オキナワケン,Okinawa,,,,名護市,ナゴシ,Nago-shi,,,,東江,アガリエ,Agarie,五丁目,５チョウメ,5,,,,,1,1,0,0,0,0,1,1,1947-04-17,,0,,,,,,,,,,,,,,,,
472093,0022000,1,沖縄県,オキナワケン,Okinawa,,,,名護市,ナゴシ,Nago-shi,,,,字伊差川,アザイサガワ,Isagawa,,,,,,,,0,0,0,0,0,0,1,1,1947-04-17,,0,9051152,,,,,,,,,,,,,,,
472093,0023000,1,沖縄県,オキナワケン,Okinawa,,,,名護市,ナゴシ,Nago-shi,,,,字運天原,アザウンテンバル,Untembaru,,,,,,,,0,0,0,0,0,0,1,1,1947-04-17,,0,9051634,,,,,,,,,,,,,,,
472093,0024000,1,沖縄県,オキナワケン,Okinawa,,,,名護市,ナゴシ,Nago-shi,,,,字済井出,アザスムイデ,Sumuide,,,,,,,,0,0,0,0,0,0,1,1,1947-04-17,,0,9051635,,,,,,,,,,,,,,,
472093,0025000,1,沖縄県,オキナワケン,Okinawa,,,,名護市,ナゴシ,Nago-shi,,,,字大浦,アザオオウラ,Oura,,,,,,,,0,0,0,0,0,0,1,1,1947-04-17,,0,9052267,,,,,,,,,,,,,,,
472093,0026000,1,沖縄県,オキナワケン,Okinawa,,,,名護市,ナゴシ,Nago-shi,,,,字安部,アザアブ,Abu,,,,,,,,0,0,0,0,0,0,1,1,1947-04-17,,0,9052263,,,,,,,,,,,,,,,
472093,0027000,1,沖縄県,オキナワケン,Okinawa,,,,名護市,ナゴシ,Nago-shi,,,,字豊原,アザトヨハラ,Toyohara,,,,,,,,0,0,0,0,0,0,1,1,1947-04-17,,0,9052172,,,,,,,,,,,,,,,
472093,0028000,1,沖縄県,オキナワケン,Okinawa,,,,名護市,ナゴシ,Nago-shi,,,,字辺野古,アザヘノコ,Henoko,,,,,,,,0,0,0,0,0,0,1,1,1947-04-17,,0,9052171,,,,,,,,,,,,,,,
472093,0029000,1,沖縄県,オキナワケン,Okinawa,,,,名護市,ナゴシ,Nago-shi,,,,字二見,アザフタミ,Futami,,,,,,,,0,0,0,0,0,0,1,1,1947-04-17,,0,9052269,,,,,,,,,,,,,,,
472093,0030000,1,沖縄県,オキナワケン,Okinawa,,,,名護市,ナゴシ,Nago-shi,,,,字幸喜,アザコウキ,Koki,,,,,,,,0,0,0,0,0,0,1,1,1947-04-17,,0,9050025,,,,,,,,,,,,,,,
472093,0031000,1,沖縄県,オキナワケン,Okinawa,,,,名護市,ナゴシ,Nago-shi,,,,字喜瀬,アザキセ,Kise,,,,,,,,0,0,0,0,0,0,1,1,1947-04-17,,0,9050026,,,,,,,,,,,,,,,
472093,0032000,1,沖縄県,オキナワケン,Okinawa,,,,名護市,ナゴシ,Nago-shi,,,,字川上,アザカワカミ,Kawakami,,,,,,,,0,0,0,0,0,0,1,1,1947-04-17,,0,9051145,,,,,,,,,,,,,,,
472093,0033000,1,沖縄県,オキナワケン,Okinawa,,,,名護市,ナゴシ,Nago-shi,,,,字仲尾,アザナカオ,Nakao,,,,,,,,0,0,0,0,0,0,1,1,1947-04-17,,0,9051153,,,,,,,,,,,,,,,
472093,0034000,1,沖縄県,オキナワケン,Okinawa,,,,名護市,ナゴシ,Nago-shi,,,,字振慶名,アザブリキナ,Burikena,,,,,,,,0,0,0,0,0,0,1,1,1947-04-17,,0,9051151,,,,,,,,,,,,,,,
472093,0035000,1,沖縄県,オキナワケン,Okinawa,,,,名護市,ナゴシ,Nago-shi,,,,字饒平名,アザヨヘナ,Yohena,,,,,,,,0,0,0,0,0,0,1,1,1947-04-17,,0,9051632,,*_MJ028555_*_*,,,,,,,,,,,,,
472093,0036000,1,沖縄県,オキナワケン,Okinawa,,,,名護市,ナゴシ,Nago-shi,,,,字屋我,アザヤガ,Yaga,,,,,,,,0,0,0,0,0,0,1,1,1947-04-17,,0,9051631,,,,,,,,,,,,,,,
472093,0037000,1,沖縄県,オキナワケン,Okinawa,,,,名護市,ナゴシ,Nago-shi,,,,字稲嶺,アザイナミネ,Inamine,,,,,,,,0,0,0,0,0,0,1,1,1947-04-17,,0,9051142,,,,,,,,,,,,,,,
472093,0038000,1,沖縄県,オキナワケン,Okinawa,,,,名護市,ナゴシ,Nago-shi,,,,字親川,アザオヤカワ,Oyakawa,,,,,,,,0,0,0,0,0,0,1,1,1947-04-17,,0,9051146,,,,,,,,,,,,,,,
472093,0039000,1,沖縄県,オキナワケン,Okinawa,,,,名護市,ナゴシ,Nago-shi,,,,字真喜屋,アザマキヤ,Makiya,,,,,,,,0,0,0,0,0,0,1,1,1947-04-17,,0,9051143,,,,,,,,,,,,,,,
472093,0040000,1,沖縄県,オキナワケン,Okinawa,,,,名護市,ナゴシ,Nago-shi,,,,字仲尾次,アザナカオシ,Nakaoshi,,,,,,,,0,0,0,0,0,0,1,1,1947-04-17,,0,9051144,,,,,,,,,,,,,,,
472093,0041001,2,沖縄県,オキナワケン,Okinawa,,,,名護市,ナゴシ,Nago-shi,,,,宮里,ミヤザト,Miyazato,一丁目,１チョウメ,1,,,,,1,1,0,0,0,0,1,1,1947-04-17,,0,,,,,,,,,,,,,,,,
472093,0041002,2,沖縄県,オキナワケン,Okinawa,,,,名護市,ナゴシ,Nago-shi,,,,宮里,ミヤザト,Miyazato,二丁目,２チョウメ,2,,,,,1,1,0,0,0,0,1,1,1947-04-17,,0,,,,,,,,,,,,,,,,
472093,0041003,2,沖縄県,オキナワケン,Okinawa,,,,名護市,ナゴシ,Nago-shi,,,,宮里,ミヤザト,Miyazato,三丁目,３チョウメ,3,,,,,1,1,0,0,0,0,1,1,1947-04-17,,0,,,,,,,,,,,,,,,,
472093,0041004,2,沖縄県,オキナワケン,Okinawa,,,,名護市,ナゴシ,Nago-shi,,,,宮里,ミヤザト,Miyazato,四丁目,４チョウメ,4,,,,,1,1,0,0,0,0,1,1,1947-04-17,,0,,,,,,,,,,,,,,,,
472093,0041005,2,沖縄県,オキナワケン,Okinawa,,,,名護市,ナゴシ,Nago-shi,,,,宮里,ミヤザト,Miyazato,五丁目,５チョウメ,5,,,,,1,1,0,0,0,0,1,1,1947-04-17,,0,,,,,,,,,,,,,,,,
472093,0041006,2,沖縄県,オキナワケン,Okinawa,,,,名護市,ナゴシ,Nago-shi,,,,宮里,ミヤザト,Miyazato,六丁目,６チョウメ,6,,,,,1,1,0,0,0,0,1,1,1947-04-17,,0,,,,,,,,,,,,,,,,
472093,0041007,2,沖縄県,オキナワケン,Okinawa,,,,名護市,ナゴシ,Nago-shi,,,,宮里,ミヤザト,Miyazato,七丁目,７チョウメ,7,,,,,1,1,0,0,0,0,1,1,1947-04-17,,0,,,,,,,,,,,,,,,,
472093,0042001,2,沖縄県,オキナワケン,Okinawa,,,,名護市,ナゴシ,Nago-shi,,,,大中,オオナカ,Onaka,一丁目,１チョウメ,1,,,,,1,1,0,0,0,0,1,1,1947-04-17,,0,,,,,,,,,,,,,,,,
472093,0042002,2,沖縄県,オキナワケン,Okinawa,,,,名護市,ナゴシ,Nago-shi,,,,大中,オオナカ,Onaka,二丁目,２チョウメ,2,,,,,1,1,0,0,0,0,1,1,1947-04-17,,0,,,,,,,,,,,,,,,,
472093,0042003,2,沖縄県,オキナワケン,Okinawa,,,,名護市,ナゴシ,Nago-shi,,,,大中,オオナカ,Onaka,三丁目,３チョウメ,3,,,,,1,1,0,0,0,0,1,1,1947-04-17,,0,,,,,,,,,,,,,,,,
472093,0042004,2,沖縄県,オキナワケン,Okinawa,,,,名護市,ナゴシ,Nago-shi,,,,大中,オオナカ,Onaka,四丁目,４チョウメ,4,,,,,1,1,0,0,0,0,1,1,1947-04-17,,0,,,,,,,,,,,,,,,,
472093,0042005,2,沖縄県,オキナワケン,Okinawa,,,,名護市,ナゴシ,Nago-shi,,,,大中,オオナカ,Onaka,五丁目,５チョウメ,5,,,,,1,1,0,0,0,0,1,1,1947-04-17,,0,,,,,,,,,,,,,,,,
472093,0043001,2,沖縄県,オキナワケン,Okinawa,,,,名護市,ナゴシ,Nago-shi,,,,大東,オオヒガシ,Ohigashi,一丁目,１チョウメ,1,,,,,1,1,0,0,0,0,1,1,1947-04-17,,0,,,,,,,,,,,,,,,,
472093,0043002,2,沖縄県,オキナワケン,Okinawa,,,,名護市,ナゴシ,Nago-shi,,,,大東,オオヒガシ,Ohigashi,二丁目,２チョウメ,2,,,,,1,1,0,0,0,0,1,1,1947-04-17,,0,,,,,,,,,,,,,,,,
472093,0043003,2,沖縄県,オキナワケン,Okinawa,,,,名護市,ナゴシ,Nago-shi,,,,大東,オオヒガシ,Ohigashi,三丁目,３チョウメ,3,,,,,1,1,0,0,0,0,1,1,1947-04-17,,0,,,,,,,,,,,,,,,,
472093,0043004,2,沖縄県,オキナワケン,Okinawa,,,,名護市,ナゴシ,Nago-shi,,,,大東,オオヒガシ,Ohigashi,四丁目,４チョウメ,4,,,,,1,1,0,0,0,0,1,1,1947-04-17,,0,,,,,,,,,,,,,,,,
472093,0044001,2,沖縄県,オキナワケン,Okinawa,,,,名護市,ナゴシ,Nago-shi,,,,大南,オオミナミ,Ominami,一丁目,１チョウメ,1,,,,,1,1,0,0,0,0,1,1,1947-04-17,,0,,,,,,,,,,,,,,,,
472093,0044002,2,沖縄県,オキナワケン,Okinawa,,,,名護市,ナゴシ,Nago-shi,,,,大南,オオミナミ,Ominami,二丁目,２チョウメ,2,,,,,1,1,0,0,0,0,1,1,1947-04-17,,0,,,,,,,,,,,,,,,,
472093,0044003,2,沖縄県,オキナワケン,Okinawa,,,,名護市,ナゴシ,Nago-shi,,,,大南,オオミナミ,Ominami,三丁目,３チョウメ,3,,,,,1,1,0,0,0,0,1,1,1947-04-17,,0,,,,,,,,,,,,,,,,
472093,0044004,2,沖縄県,オキナワケン,Okinawa,,,,名護市,ナゴシ,Nago-shi,,,,大南,オオミナミ,Ominami,四丁目,４チョウメ,4,,,,,1,1,0,0,0,0,1,1,1947-04-17,,0,,,,,,,,,,,,,,,,
472093,0045001,2,沖縄県,オキナワケン,Okinawa,,,,名護市,ナゴシ,Nago-shi,,,,大西,オオニシ,Onishi,一丁目,１チョウメ,1,,,,,1,1,0,0,0,0,1,1,1947-04-17,,0,,,,,,,,,,,,,,,,
472093,0045002,2,沖縄県,オキナワケン,Okinawa,,,,名護市,ナゴシ,Nago-shi,,,,大西,オオニシ,Onishi,二丁目,２チョウメ,2,,,,,1,1,0,0,0,0,1,1,1947-04-17,,0,,,,,,,,,,,,,,,,
472093,0045003,2,沖縄県,オキナワケン,Okinawa,,,,名護市,ナゴシ,Nago-shi,,,,大西,オオニシ,Onishi,三丁目,３チョウメ,3,,,,,1,1,0,0,0,0,1,1,1947-04-17,,0,,,,,,,,,,,,,,,,
472093,0045004,2,沖縄県,オキナワケン,Okinawa,,,,名護市,ナゴシ,Nago-shi,,,,大西,オオニシ,Onishi,四丁目,４チョウメ,4,,,,,1,1,0,0,0,0,1,1,1947-04-17,,0,,,,,,,,,,,,,,,,
472093,0045005,2,沖縄県,オキナワケン,Okinawa,,,,名護市,ナゴシ,Nago-shi,,,,大西,オオニシ,Onishi,五丁目,５チョウメ,5,,,,,1,1,0,0,0,0,1,1,1947-04-17,,0,,,,,,,,,,,,,,,,
472093,0046000,1,沖縄県,オキナワケン,Okinawa,,,,名護市,ナゴシ,Nago-shi,,,,字山入端,アザヤマノハ,Yamanoha,,,,,,,,0,0,0,0,0,0,1,1,1947-04-17,,0,9050008,,,,,,,,,,,,,,,
472093,0047000,1,沖縄県,オキナワケン,Okinawa,,,,名護市,ナゴシ,Nago-shi,,,,字宮里,アザミヤザト,Miyazato,,,,,,,,0,0,0,0,0,0,1,1,1947-04-17,,0,9050011,,,,,,,,,,,,,,,
472093,0048000,1,沖縄県,オキナワケン,Okinawa,,,,名護市,ナゴシ,Nago-shi,,,,字勝山,アザカツヤマ,Katsuyama,,,,,,,,0,0,0,0,0,0,1,1,1947-04-17,,0,9050002,,,,,,,,,,,,,,,
472093,0049000,1,沖縄県,オキナワケン,Okinawa,,,,名護市,ナゴシ,Nago-shi,,,,字安和,アザアワ,Awa,,,,,,,,0,0,0,0,0,0,1,1,1947-04-17,,0,9050001,,,,,,,,,,,,,,,
472093,0050001,2,沖縄県,オキナワケン,Okinawa,,,,名護市,ナゴシ,Nago-shi,,,,港,ミナト,Minato,一丁目,１チョウメ,1,,,,,1,1,0,0,0,0,1,1,1947-04-17,,0,,,,,,,,,,,,,,,,
472093,0050002,2,沖縄県,オキナワケン,Okinawa,,,,名護市,ナゴシ,Nago-shi,,,,港,ミナト,Minato,二丁目,２チョウメ,2,,,,,1,1,0,0,0,0,1,1,1947-04-17,,0,,,,,,,,,,,,,,,,
472093,0051000,1,沖縄県,オキナワケン,Okinawa,,,,名護市,ナゴシ,Nago-shi,,,,字旭川,アザアサヒカワ,Asahikawa,,,,,,,,0,0,0,0,0,0,1,1,1947-04-17,,0,9050003,,,,,,,,,,,,,,,
472093,0052000,1,沖縄県,オキナワケン,Okinawa,,,,名護市,ナゴシ,Nago-shi,,,,字屋部,アザヤブ,Yabu,,,,,,,,0,0,0,0,0,0,1,1,1947-04-17,,0,9050007,,,,,,,,,,,,,,,
472093,0053000,1,沖縄県,オキナワケン,Okinawa,,,,名護市,ナゴシ,Nago-shi,,,,字為又,アザビイマタ,Biimata,,,,,,,,0,0,0,0,0,0,1,1,1947-04-17,,0,9050005,,,,,,,,,,,,,,,
472093,0054000,1,沖縄県,オキナワケン,Okinawa,,,,名護市,ナゴシ,Nago-shi,,,,字宇茂佐,アザウムサ,Umusa,,,,,,,,0,0,0,0,0,0,1,1,1947-04-17,,0,9050006,,,,,,,,,,,,,,,
472093,0055000,1,沖縄県,オキナワケン,Okinawa,,,,名護市,ナゴシ,Nago-shi,,,,字中山,アザナカヤマ,Nakayama,,,,,,,,0,0,0,0,0,0,1,1,1947-04-17,,0,9050004,,,,,,,,,,,,,,,
472107,0001000,1,沖縄県,オキナワケン,Okinawa,,,,糸満市,イトマンシ,Itoman-shi,,,,字喜屋武,アザキャン,Kyan,,,,,,,,0,0,0,0,0,0,1,1,1947-04-17,,0,9010354,,,,,,,,,,,,,,,
472107,0002000,1,沖縄県,オキナワケン,Okinawa,,,,糸満市,イトマンシ,Itoman-shi,,,,字大度,アザオオド,Odo,,,,,,,,0,0,0,0,0,0,1,1,1947-04-17,,0,9010334,,,,,,,,,,,,,,,
472107,0003000,1,沖縄県,オキナワケン,Okinawa,,,,糸満市,イトマンシ,Itoman-shi,,,,字伊原,アザイハラ,Ihara,,,,,,,,0,0,0,0,0,0,1,1,1947-04-17,,0,9010344,,,,,,,,,,,,,,,
472107,0004000,1,沖縄県,オキナワケン,Okinawa,,,,糸満市,イトマンシ,Itoman-shi,,,,字束里,アザツカザト,Tsukazato,,,,,,,,0,0,0,0,0,0,1,1,1947-04-17,,0,9010353,,,,,,,,,,,,,,,
472107,0005000,1,沖縄県,オキナワケン,Okinawa,,,,糸満市,イトマンシ,Itoman-shi,,,,字米須,アザコメス,Komesu,,,,,,,,0,0,0,0,0,0,1,1,1947-04-17,,0,9010335,,,,,,,,,,,,,,,
472107,0006000,1,沖縄県,オキナワケン,Okinawa,,,,糸満市,イトマンシ,Itoman-shi,,,,字山城,アザヤマグスク,Yamagusuku,,,,,,,,0,0,0,0,0,0,1,1,1947-04-17,,0,9010352,,,,,,,,,,,,,,,
472107,0007001,2,沖縄県,オキナワケン,Okinawa,,,,糸満市,イトマンシ,Itoman-shi,,,,西崎町,ニシザキチョウ,Nishizakicho,１丁目,１チョウメ,1,,,,,0,0,0,0,0,0,1,1,1947-04-17,,0,,,,,,,,,,,,,,,,
472107,0007002,2,沖縄県,オキナワケン,Okinawa,,,,糸満市,イトマンシ,Itoman-shi,,,,西崎町,ニシザキチョウ,Nishizakicho,２丁目,２チョウメ,2,,,,,0,0,0,0,0,0,1,1,1947-04-17,,0,,,,,,,,,,,,,,,,
472107,0007003,2,沖縄県,オキナワケン,Okinawa,,,,糸満市,イトマンシ,Itoman-shi,,,,西崎町,ニシザキチョウ,Nishizakicho,３丁目,３チョウメ,3,,,,,0,0,0,0,0,0,1,1,1947-04-17,,0,,,,,,,,,,,,,,,,
472107,0007004,2,沖縄県,オキナワケン,Okinawa,,,,糸満市,イトマンシ,Itoman-shi,,,,西崎町,ニシザキチョウ,Nishizakicho,４丁目,４チョウメ,4,,,,,0,0,0,0,0,0,1,1,1947-04-17,,0,,,,,,,,,,,,,,,,
472107,0007005,2,沖縄県,オキナワケン,Okinawa,,,,糸満市,イトマンシ,Itoman-shi,,,,西崎町,ニシザキチョウ,Nishizakicho,５丁目,５チョウメ,5,,,,,0,0,0,0,0,0,1,1,1947-04-17,,0,,,,,,,,,,,,,,,,
472107,0008000,1,沖縄県,オキナワケン,Okinawa,,,,糸満市,イトマンシ,Itoman-shi,,,,字名城,アザナシロ,Nashiro,,,,,,,,0,0,0,0,0,0,1,1,1947-04-17,,0,9010351,,,,,,,,,,,,,,,
472107,0009000,1,沖縄県,オキナワケン,Okinawa,,,,糸満市,イトマンシ,Itoman-shi,,,,字摩文仁,アザマブニ,Mabuni,,,,,,,,0,0,0,0,0,0,1,1,1947-04-17,,0,9010333,,,,,,,,,,,,,,,
472107,0010000,1,沖縄県,オキナワケン,Okinawa,,,,糸満市,イトマンシ,Itoman-shi,,,,字宇江城,アザウエグスク,Uegusuku,,,,,,,,0,0,0,0,0,0,1,1,1947-04-17,,0,9010332,,,,,,,,,,,,,,,
472107,0011000,1,沖縄県,オキナワケン,Okinawa,,,,糸満市,イトマンシ,Itoman-shi,,,,字小波蔵,アザコハグラ,Kohagura,,,,,,,,0,0,0,0,0,0,1,1,1947-04-17,,0,9010341,,,,,,,,,,,,,,,
472107,0012000,1,沖縄県,オキナワケン,Okinawa,,,,糸満市,イトマンシ,Itoman-shi,,,,字福地,アザフクジ,Fukuji,,,,,,,,0,0,0,0,0,0,1,1,1947-04-17,,0,9010345,,,,,,,,,,,,,,,
472107,0013000,1,沖縄県,オキナワケン,Okinawa,,,,糸満市,イトマンシ,Itoman-shi,,,,字南波平,アザミナミナミヒラ,Minaminamihira,,,,,,,,0,0,0,0,0,0,1,1,1947-04-17,,0,9010343,,,,,,,,,,,,,,,
472107,0014000,1,沖縄県,オキナワケン,Okinawa,,,,糸満市,イトマンシ,Itoman-shi,,,,字伊敷,アザイシキ,Ishiki,,,,,,,,0,0,0,0,0,0,1,1,1947-04-17,,0,9010363,,,,,,,,,,,,,,,
472107,0015000,1,沖縄県,オキナワケン,Okinawa,,,,糸満市,イトマンシ,Itoman-shi,,,,字糸洲,アザイトス,Itosu,,,,,,,,0,0,0,0,0,0,1,1,1947-04-17,,0,9010342,,,,,,,,,,,,,,,
472107,0016000,1,沖縄県,オキナワケン,Okinawa,,,,糸満市,イトマンシ,Itoman-shi,,,,字真壁,アザマカベ,Makabe,,,,,,,,0,0,0,0,0,0,1,1,1947-04-17,,0,9010336,,,,,,,,,,,,,,,
472107,0017000,1,沖縄県,オキナワケン,Okinawa,,,,糸満市,イトマンシ,Itoman-shi,,,,字新垣,アザアラカキ,Arakaki,,,,,,,,0,0,0,0,0,0,1,1,1947-04-17,,0,9010323,,,,,,,,,,,,,,,
472107,0018001,2,沖縄県,オキナワケン,Okinawa,,,,糸満市,イトマンシ,Itoman-shi,,,,潮崎町,シオザキチョウ,Shiozakicho,１丁目,１チョウメ,1,,,,,0,0,0,0,0,0,1,1,1947-04-17,,0,,,,,,,,,,,,,,,,
472107,0018002,2,沖縄県,オキナワケン,Okinawa,,,,糸満市,イトマンシ,Itoman-shi,,,,潮崎町,シオザキチョウ,Shiozakicho,２丁目,２チョウメ,2,,,,,0,0,0,0,0,0,1,1,1947-04-17,,0,,,,,,,,,,,,,,,,
472107,0018003,2,沖縄県,オキナワケン,Okinawa,,,,糸満市,イトマンシ,Itoman-shi,,,,潮崎町,シオザキチョウ,Shiozakicho,３丁目,３チョウメ,3,,,,,0,0,0,0,0,0,1,1,1947-04-17,,0,,,,,,,,,,,,,,,,
472107,0018004,2,沖縄県,オキナワケン,Okinawa,,,,糸満市,イトマンシ,Itoman-shi,,,,潮崎町,シオザキチョウ,Shiozakicho,４丁目,４チョウメ,4,,,,,0,0,0,0,0,0,1,1,1947-04-17,,0,,,,,,,,,,,,,,,,
472107,0019000,1,沖縄県,オキナワケン,Okinawa,,,,糸満市,イトマンシ,Itoman-shi,,,,字真栄里,アザマエザト,Maezato,,,,,,,,0,0,0,0,0,0,1,1,1947-04-17,,0,9010362,,,,,,,,,,,,,,,
472107,0020000,1,沖縄県,オキナワケン,Okinawa,,,,糸満市,イトマンシ,Itoman-shi,,,,字国吉,アザクニヨシ,Kuniyoshi,,,,,,,,0,0,0,0,0,0,1,1,1947-04-17,,0,9010324,,,,,,,,,,,,,,,
472107,0021000,1,沖縄県,オキナワケン,Okinawa,,,,糸満市,イトマンシ,Itoman-shi,,,,字大里,アザオオザト,Ozato,,,,,,,,0,0,0,0,0,0,1,1,1947-04-17,,0,9010325,,,,,,,,,,,,,,,
472107,0022000,1,沖縄県,オキナワケン,Okinawa,,,,糸満市,イトマンシ,Itoman-shi,,,,字照屋,アザテルヤ,Teruya,,,,,,,,0,0,0,0,0,0,1,1,1947-04-17,,0,9010315,,,,,,,,,,,,,,,
472107,0023001,2,沖縄県,オキナワケン,Okinawa,,,,糸満市,イトマンシ,Itoman-shi,,,,西崎,ニシザキ,Nishizaki,１丁目,１チョウメ,1,,,,,1,1,0,0,0,0,1,1,1947-04-17,,0,,,,,,,,,,,,,,,,
472107,0023002,2,沖縄県,オキナワケン,Okinawa,,,,糸満市,イトマンシ,Itoman-shi,,,,西崎,ニシザキ,Nishizaki,２丁目,２チョウメ,2,,,,,1,1,0,0,0,0,1,1,1947-04-17,,0,,,,,,,,,,,,,,,,
472107,0023006,2,沖縄県,オキナワケン,Okinawa,,,,糸満市,イトマンシ,Itoman-shi,,,,西崎,ニシザキ,Nishizaki,６丁目,６チョウメ,6,,,,,1,1,0,0,0,0,1,1,1947-04-17,,0,,,,,,,,,,,,,,,,
472107,0024000,1,沖縄県,オキナワケン,Okinawa,,,,糸満市,イトマンシ,Itoman-shi,,,,字兼城,アザカネグスク,Kanegusuku,,,,,,,,0,0,0,0,0,0,1,1,1947-04-17,,0,9010303,,,,,,,,,,,,,,,
472107,0025000,1,沖縄県,オキナワケン,Okinawa,,,,糸満市,イトマンシ,Itoman-shi,,,,字潮平,アザシオヒラ,Shiohira,,,,,,,,0,0,0,0,0,0,1,1,1947-04-17,,0,9010302,,,,,,,,,,,,,,,
472107,0026000,1,沖縄県,オキナワケン,Okinawa,,,,糸満市,イトマンシ,Itoman-shi,,,,字与座,アザヨザ,Yoza,,,,,,,,0,0,0,0,0,0,1,1,1947-04-17,,0,9010322,,,,,,,,,,,,,,,
472107,0027000,1,沖縄県,オキナワケン,Okinawa,,,,糸満市,イトマンシ,Itoman-shi,,,,字豊原,アザトヨハラ,Toyohara,,,,,,,,0,0,0,0,0,0,1,1,1947-04-17,,0,9010321,,,,,,,,,,,,,,,
472107,0028000,1,沖縄県,オキナワケン,Okinawa,,,,糸満市,イトマンシ,Itoman-shi,,,,字座波,アザザハ,Zaha,,,,,,,,0,0,0,0,0,0,1,1,1947-04-17,,0,9010314,,,,,,,,,,,,,,,
472107,0029000,1,沖縄県,オキナワケン,Okinawa,,,,糸満市,イトマンシ,Itoman-shi,,,,字賀数,アザカカズ,Kakazu,,,,,,,,0,0,0,0,0,0,1,1,1947-04-17,,0,9010313,,,,,,,,,,,,,,,
472107,0030000,1,沖縄県,オキナワケン,Okinawa,,,,糸満市,イトマンシ,Itoman-shi,,,,字阿波根,アザアハゴン,Ahagon,,,,,,,,0,0,0,0,0,0,1,1,1947-04-17,,0,9010301,,,,,,,,,,,,,,,
472107,0031000,1,沖縄県,オキナワケン,Okinawa,,,,糸満市,イトマンシ,Itoman-shi,,,,字北波平,アザキタナミヒラ,Kitanamihira,,,,,,,,0,0,0,0,0,0,1,1,1947-04-17,,0,9010312,,,,,,,,,,,,,,,
472107,0032000,1,沖縄県,オキナワケン,Okinawa,,,,糸満市,イトマンシ,Itoman-shi,,,,字真栄平,アザマエヒラ,Maehira,,,,,,,,0,0,0,0,0,0,1,1,1947-04-17,,0,9010331,,,,,,,,,,,,,,,
472107,0033000,1,沖縄県,オキナワケン,Okinawa,,,,糸満市,イトマンシ,Itoman-shi,,,,字武富,アザタケトミ,Taketomi,,,,,,,,0,0,0,0,0,0,1,1,1947-04-17,,0,9010311,,,,,,,,,,,,,,,
472107,0034000,1,沖縄県,オキナワケン,Okinawa,,,,糸満市,イトマンシ,Itoman-shi,,,,字糸満,アザイトマン,Itoman,,,,,,,,0,0,0,0,0,0,1,1,1947-04-17,,0,9010361,,,,,,,,,,,,,,,
472107,0035000,1,沖縄県,オキナワケン,Okinawa,,,,糸満市,イトマンシ,Itoman-shi,,,,西川町,ニシカワチョウ,Nishikawacho,,,,,,,,1,1,0,0,0,0,1,1,1947-04-17,,0,9010304,,,,,,,,,,,,,,,
472115,0001001,2,沖縄県,オキナワケン,Okinawa,,,,沖縄市,オキナワシ,Okinawa-shi,,,,東,ヒガシ,Higashi,１丁目,１チョウメ,1,,,,,1,1,0,0,0,0,1,1,1947-04-17,,0,,,,,,,,,,,,,,,,
472115,0001002,2,沖縄県,オキナワケン,Okinawa,,,,沖縄市,オキナワシ,Okinawa-shi,,,,東,ヒガシ,Higashi,２丁目,２チョウメ,2,,,,,1,1,0,0,0,0,1,0,1947-04-17,,0,,,,,,,,,,,,,,,,
472115,0002001,2,沖縄県,オキナワケン,Okinawa,,,,沖縄市,オキナワシ,Okinawa-shi,,,,与儀,ヨギ,Yogi,１丁目,１チョウメ,1,,,,,1,1,0,0,0,0,1,1,1947-04-17,,0,,,,,,,,,,,,,,,,
472115,0002002,2,沖縄県,オキナワケン,Okinawa,,,,沖縄市,オキナワシ,Okinawa-shi,,,,与儀,ヨギ,Yogi,２丁目,２チョウメ,2,,,,,1,1,0,0,0,0,1,1,1947-04-17,,0,,,,,,,,,,,,,,,,
472115,0002003,2,沖縄県,オキナワケン,Okinawa,,,,沖縄市,オキナワシ,Okinawa-shi,,,,与儀,ヨギ,Yogi,３丁目,３チョウメ,3,,,,,1,1,0,0,0,0,1,1,1947-04-17,,0,,,,,,,,,,,,,,,,
472115,0003001,2,沖縄県,オキナワケン,Okinawa,,,,沖縄市,オキナワシ,Okinawa-shi,,,,上地,ウエチ,Uechi,１丁目,１チョウメ,1,,,,,1,1,0,0,0,0,1,1,1947-04-17,,0,,,,,,,,,,,,,,,,
472115,0003002,2,沖縄県,オキナワケン,Okinawa,,,,沖縄市,オキナワシ,Okinawa-shi,,,,上地,ウエチ,Uechi,２丁目,２チョウメ,2,,,,,1,1,0,0,0,0,1,1,1947-04-17,,0,,,,,,,,,,,,,,,,
472115,0003003,2,沖縄県,オキナワケン,Okinawa,,,,沖縄市,オキナワシ,Okinawa-shi,,,,上地,ウエチ,Uechi,３丁目,３チョウメ,3,,,,,1,1,0,0,0,0,1,1,1947-04-17,,0,,,,,,,,,,,,,,,,
472115,0003004,2,沖縄県,オキナワケン,Okinawa,,,,沖縄市,オキナワシ,Okinawa-shi,,,,上地,ウエチ,Uechi,４丁目,４チョウメ,4,,,,,1,1,0,0,0,0,1,1,1947-04-17,,0,,,,,,,,,,,,,,,,
472115,0004001,2,沖縄県,オキナワケン,Okinawa,,,,沖縄市,オキナワシ,Okinawa-shi,,,,室川,ムロカワ,Murokawa,１丁目,１チョウメ,1,,,,,1,1,0,0,0,0,1,1,1947-04-17,,0,,,,,,,,,,,,,,,,
472115,0004002,2,沖縄県,オキナワケン,Okinawa,,,,沖縄市,オキナワシ,Okinawa-shi,,,,室川,ムロカワ,Murokawa,２丁目,２チョウメ,2,,,,,1,1,0,0,0,0,1,1,1947-04-17,,0,,,,,,,,,,,,,,,,
472115,0005001,2,沖縄県,オキナワケン,Okinawa,,,,沖縄市,オキナワシ,Okinawa-shi,,,,安慶田,アゲダ,Ageda,１丁目,１チョウメ,1,,,,,1,1,0,0,0,0,1,1,1947-04-17,,0,,,,,,,,,,,,,,,,
472115,0005002,2,沖縄県,オキナワケン,Okinawa,,,,沖縄市,オキナワシ,Okinawa-shi,,,,安慶田,アゲダ,Ageda,２丁目,２チョウメ,2,,,,,1,1,0,0,0,0,1,1,1947-04-17,,0,,,,,,,,,,,,,,,,
472115,0005003,2,沖縄県,オキナワケン,Okinawa,,,,沖縄市,オキナワシ,Okinawa-shi,,,,安慶田,アゲダ,Ageda,３丁目,３チョウメ,3,,,,,1,1,0,0,0,0,1,1,1947-04-17,,0,,,,,,,,,,,,,,,,
472115,0005004,2,沖縄県,オキナワケン,Okinawa,,,,沖縄市,オキナワシ,Okinawa-shi,,,,安慶田,アゲダ,Ageda,４丁目,４チョウメ,4,,,,,1,1,0,0,0,0,1,1,1947-04-17,,0,,,,,,,,,,,,,,,,
472115,0005005,2,沖縄県,オキナワケン,Okinawa,,,,沖縄市,オキナワシ,Okinawa-shi,,,,安慶田,アゲダ,Ageda,５丁目,５チョウメ,5,,,,,1,1,0,0,0,0,1,1,1947-04-17,,0,,,,,,,,,,,,,,,,
472115,0006001,2,沖縄県,オキナワケン,Okinawa,,,,沖縄市,オキナワシ,Okinawa-shi,,,,中央,チュウオウ,Chuo,１丁目,１チョウメ,1,,,,,1,1,0,0,0,0,1,1,1947-04-17,,0,,,,,,,,,,,,,,,,
472115,0006002,2,沖縄県,オキナワケン,Okinawa,,,,沖縄市,オキナワシ,Okinawa-shi,,,,中央,チュウオウ,Chuo,２丁目,２チョウメ,2,,,,,1,1,0,0,0,0,1,1,1947-04-17,,0,,,,,,,,,,,,,,,,
472115,0006003,2,沖縄県,オキナワケン,Okinawa,,,,沖縄市,オキナワシ,Okinawa-shi,,,,中央,チュウオウ,Chuo,３丁目,３チョウメ,3,,,,,1,1,0,0,0,0,1,1,1947-04-17,,0,,,,,,,,,,,,,,,,
472115,0006004,2,沖縄県,オキナワケン,Okinawa,,,,沖縄市,オキナワシ,Okinawa-shi,,,,中央,チュウオウ,Chuo,４丁目,４チョウメ,4,,,,,1,1,0,0,0,0,1,1,1947-04-17,,0,,,,,,,,,,,,,,,,
472115,0007001,2,沖縄県,オキナワケン,Okinawa,,,,沖縄市,オキナワシ,Okinawa-shi,,,,宮里,ミヤザト,Miyazato,１丁目,１チョウメ,1,,,,,1,1,0,0,0,0,1,1,1947-04-17,,0,,,,,,,,,,,,,,,,
472115,0007002,2,沖縄県,オキナワケン,Okinawa,,,,沖縄市,オキナワシ,Okinawa-shi,,,,宮里,ミヤザト,Miyazato,２丁目,２チョウメ,2,,,,,1,1,0,0,0,0,1,1,1947-04-17,,0,,,,,,,,,,,,,,,,
472115,0007003,2,沖縄県,オキナワケン,Okinawa,,,,沖縄市,オキナワシ,Okinawa-shi,,,,宮里,ミヤザト,Miyazato,３丁目,３チョウメ,3,,,,,1,1,0,0,0,0,1,1,1947-04-17,,0,,,,,,,,,,,,,,,,
472115,0007004,2,沖縄県,オキナワケン,Okinawa,,,,沖縄市,オキナワシ,Okinawa-shi,,,,宮里,ミヤザト,Miyazato,４丁目,４チョウメ,4,,,,,1,1,0,0,0,0,1,1,1947-04-17,,0,,,,,,,,,,,,,,,,
472115,0008001,2,沖縄県,オキナワケン,Okinawa,,,,沖縄市,オキナワシ,Okinawa-shi,,,,照屋,テルヤ,Teruya,１丁目,１チョウメ,1,,,,,1,1,0,0,0,0,1,1,1947-04-17,,0,,,,,,,,,,,,,,,,
472115,0008002,2,沖縄県,オキナワケン,Okinawa,,,,沖縄市,オキナワシ,Okinawa-shi,,,,照屋,テルヤ,Teruya,２丁目,２チョウメ,2,,,,,1,1,0,0,0,0,1,1,1947-04-17,,0,,,,,,,,,,,,,,,,
472115,0008003,2,沖縄県,オキナワケン,Okinawa,,,,沖縄市,オキナワシ,Okinawa-shi,,,,照屋,テルヤ,Teruya,３丁目,３チョウメ,3,,,,,1,1,0,0,0,0,1,1,1947-04-17,,0,,,,,,,,,,,,,,,,
472115,0008004,2,沖縄県,オキナワケン,Okinawa,,,,沖縄市,オキナワシ,Okinawa-shi,,,,照屋,テルヤ,Teruya,４丁目,４チョウメ,4,,,,,1,1,0,0,0,0,1,1,1947-04-17,,0,,,,,,,,,,,,,,,,
472115,0008005,2,沖縄県,オキナワケン,Okinawa,,,,沖縄市,オキナワシ,Okinawa-shi,,,,照屋,テルヤ,Teruya,５丁目,５チョウメ,5,,,,,1,1,0,0,0,0,1,1,1947-04-17,,0,,,,,,,,,,,,,,,,
472115,0009001,2,沖縄県,オキナワケン,Okinawa,,,,沖縄市,オキナワシ,Okinawa-shi,,,,胡屋,ゴヤ,Goya,１丁目,１チョウメ,1,,,,,1,1,0,0,0,0,1,1,1947-04-17,,0,,,,,,,,,,,,,,,,
472115,0009002,2,沖縄県,オキナワケン,Okinawa,,,,沖縄市,オキナワシ,Okinawa-shi,,,,胡屋,ゴヤ,Goya,２丁目,２チョウメ,2,,,,,1,1,0,0,0,0,1,1,1947-04-17,,0,,,,,,,,,,,,,,,,
472115,0009003,2,沖縄県,オキナワケン,Okinawa,,,,沖縄市,オキナワシ,Okinawa-shi,,,,胡屋,ゴヤ,Goya,３丁目,３チョウメ,3,,,,,1,1,0,0,0,0,1,1,1947-04-17,,0,,,,,,,,,,,,,,,,
472115,0009004,2,沖縄県,オキナワケン,Okinawa,,,,沖縄市,オキナワシ,Okinawa-shi,,,,胡屋,ゴヤ,Goya,４丁目,４チョウメ,4,,,,,1,1,0,0,0,0,1,1,1947-04-17,,0,,,,,,,,,,,,,,,,
472115,0009005,2,沖縄県,オキナワケン,Okinawa,,,,沖縄市,オキナワシ,Okinawa-shi,,,,胡屋,ゴヤ,Goya,５丁目,５チョウメ,5,,,,,1,1,0,0,0,0,1,1,1947-04-17,,0,,,,,,,,,,,,,,,,
472115,0009006,2,沖縄県,オキナワケン,Okinawa,,,,沖縄市,オキナワシ,Okinawa-shi,,,,胡屋,ゴヤ,Goya,６丁目,６チョウメ,6,,,,,1,1,0,0,0,0,1,1,1947-04-17,,0,,,,,,,,,,,,,,,,
472115,0009007,2,沖縄県,オキナワケン,Okinawa,,,,沖縄市,オキナワシ,Okinawa-shi,,,,胡屋,ゴヤ,Goya,７丁目,７チョウメ,7,,,,,1,1,0,0,0,0,1,1,1947-04-17,,0,,,,,,,,,,,,,,,,
472115,0010001,2,沖縄県,オキナワケン,Okinawa,,,,沖縄市,オキナワシ,Okinawa-shi,,,,桃原,トウバル,Tobaru,１丁目,１チョウメ,1,,,,,1,1,0,0,0,0,1,1,1947-04-17,,0,,,,,,,,,,,,,,,,
472115,0010002,2,沖縄県,オキナワケン,Okinawa,,,,沖縄市,オキナワシ,Okinawa-shi,,,,桃原,トウバル,Tobaru,２丁目,２チョウメ,2,,,,,1,1,0,0,0,0,1,1,1947-04-17,,0,,,,,,,,,,,,,,,,
472115,0010003,2,沖縄県,オキナワケン,Okinawa,,,,沖縄市,オキナワシ,Okinawa-shi,,,,桃原,トウバル,Tobaru,３丁目,３チョウメ,3,,,,,1,1,0,0,0,0,1,1,1947-04-17,,0,,,,,,,,,,,,,,,,
472115,0010004,2,沖縄県,オキナワケン,Okinawa,,,,沖縄市,オキナワシ,Okinawa-shi,,,,桃原,トウバル,Tobaru,４丁目,４チョウメ,4,,,,,1,1,0,0,0,0,1,1,1947-04-17,,0,,,,,,,,,,,,,,,,
472115,0011000,1,沖縄県,オキナワケン,Okinawa,,,,沖縄市,オキナワシ,Okinawa-shi,,,,海邦町,カイホウチョウ,Kaihocho,,,,,,,,0,0,0,0,0,0,1,1,1947-04-17,,0,9042162,,,,,,,,,,,,,,,
472115,0012001,2,沖縄県,オキナワケン,Okinawa,,,,沖縄市,オキナワシ,Okinawa-shi,,,,比屋根,ヒヤゴン,Hiyagon,１丁目,１チョウメ,1,,,,,1,1,0,0,0,0,1,1,1947-04-17,,0,,,,,,,,,,,,,,,,
472115,0012002,2,沖縄県,オキナワケン,Okinawa,,,,沖縄市,オキナワシ,Okinawa-shi,,,,比屋根,ヒヤゴン,Hiyagon,２丁目,２チョウメ,2,,,,,1,1,0,0,0,0,1,1,1947-04-17,,0,,,,,,,,,,,,,,,,
472115,0012003,2,沖縄県,オキナワケン,Okinawa,,,,沖縄市,オキナワシ,Okinawa-shi,,,,比屋根,ヒヤゴン,Hiyagon,３丁目,３チョウメ,3,,,,,1,1,0,0,0,0,1,1,1947-04-17,,0,,,,,,,,,,,,,,,,
472115,0012004,2,沖縄県,オキナワケン,Okinawa,,,,沖縄市,オキナワシ,Okinawa-shi,,,,比屋根,ヒヤゴン,Hiyagon,４丁目,４チョウメ,4,,,,,1,1,0,0,0,0,1,1,1947-04-17,,0,,,,,,,,,,,,,,,,
472115,0012005,2,沖縄県,オキナワケン,Okinawa,,,,沖縄市,オキナワシ,Okinawa-shi,,,,比屋根,ヒヤゴン,Hiyagon,５丁目,５チョウメ,5,,,,,1,1,0,0,0,0,1,1,1947-04-17,,0,,,,,,,,,,,,,,,,
472115,0012006,2,沖縄県,オキナワケン,Okinawa,,,,沖縄市,オキナワシ,Okinawa-shi,,,,比屋根,ヒヤゴン,Hiyagon,６丁目,６チョウメ,6,,,,,1,1,0,0,0,0,1,1,1947-04-17,,0,,,,,,,,,,,,,,,,
472115,0012007,2,沖縄県,オキナワケン,Okinawa,,,,沖縄市,オキナワシ,Okinawa-shi,,,,比屋根,ヒヤゴン,Hiyagon,７丁目,７チョウメ,7,,,,,1,1,0,0,0,0,1,1,1947-04-17,,0,,,,,,,,,,,,,,,,
472115,0013001,2,沖縄県,オキナワケン,Okinawa,,,,沖縄市,オキナワシ,Okinawa-shi,,,,高原,タカハラ,Takahara,１丁目,１チョウメ,1,,,,,1,1,0,0,0,0,1,1,1947-04-17,,0,,,,,,,,,,,,,,,,
472115,0013002,2,沖縄県,オキナワケン,Okinawa,,,,沖縄市,オキナワシ,Okinawa-shi,,,,高原,タカハラ,Takahara,２丁目,２チョウメ,2,,,,,1,1,0,0,0,0,1,1,1947-04-17,,0,,,,,,,,,,,,,,,,
472115,0013003,2,沖縄県,オキナワケン,Okinawa,,,,沖縄市,オキナワシ,Okinawa-shi,,,,高原,タカハラ,Takahara,３丁目,３チョウメ,3,,,,,1,1,0,0,0,0,1,1,1947-04-17,,0,,,,,,,,,,,,,,,,
472115,0013004,2,沖縄県,オキナワケン,Okinawa,,,,沖縄市,オキナワシ,Okinawa-shi,,,,高原,タカハラ,Takahara,４丁目,４チョウメ,4,,,,,1,1,0,0,0,0,1,1,1947-04-17,,0,,,,,,,,,,,,,,,,
472115,0013005,2,沖縄県,オキナワケン,Okinawa,,,,沖縄市,オキナワシ,Okinawa-shi,,,,高原,タカハラ,Takahara,５丁目,５チョウメ,5,,,,,1,1,0,0,0,0,1,1,1947-04-17,,0,,,,,,,,,,,,,,,,
472115,0013006,2,沖縄県,オキナワケン,Okinawa,,,,沖縄市,オキナワシ,Okinawa-shi,,,,高原,タカハラ,Takahara,６丁目,６チョウメ,6,,,,,1,1,0,0,0,0,1,1,1947-04-17,,0,,,,,,,,,,,,,,,,
472115,0013007,2,沖縄県,オキナワケン,Okinawa,,,,沖縄市,オキナワシ,Okinawa-shi,,,,高原,タカハラ,Takahara,７丁目,７チョウメ,7,,,,,1,1,0,0,0,0,1,1,1947-04-17,,0,,,,,,,,,,,,,,,,
472115,0014001,2,沖縄県,オキナワケン,Okinawa,,,,沖縄市,オキナワシ,Okinawa-shi,,,,泡瀬,アワセ,Awase,１丁目,１チョウメ,1,,,,,1,1,0,0,0,0,1,1,1947-04-17,,0,,,,,,,,,,,,,,,,
472115,0014002,2,沖縄県,オキナワケン,Okinawa,,,,沖縄市,オキナワシ,Okinawa-shi,,,,泡瀬,アワセ,Awase,２丁目,２チョウメ,2,,,,,1,1,0,0,0,0,1,1,1947-04-17,,0,,,,,,,,,,,,,,,,
472115,0014003,2,沖縄県,オキナワケン,Okinawa,,,,沖縄市,オキナワシ,Okinawa-shi,,,,泡瀬,アワセ,Awase,３丁目,３チョウメ,3,,,,,1,1,0,0,0,0,1,1,1947-04-17,,0,,,,,,,,,,,,,,,,
472115,0014004,2,沖縄県,オキナワケン,Okinawa,,,,沖縄市,オキナワシ,Okinawa-shi,,,,泡瀬,アワセ,Awase,４丁目,４チョウメ,4,,,,,1,1,0,0,0,0,1,1,1947-04-17,,0,,,,,,,,,,,,,,,,
472115,0014005,2,沖縄県,オキナワケン,Okinawa,,,,沖縄市,オキナワシ,Okinawa-shi,,,,泡瀬,アワセ,Awase,５丁目,５チョウメ,5,,,,,1,1,0,0,0,0,1,1,1947-04-17,,0,,,,,,,,,,,,,,,,
472115,0014006,2,沖縄県,オキナワケン,Okinawa,,,,沖縄市,オキナワシ,Okinawa-shi,,,,泡瀬,アワセ,Awase,６丁目,６チョウメ,6,,,,,1,1,0,0,0,0,1,1,1947-04-17,,0,,,,,,,,,,,,,,,,
472115,0016000,1,沖縄県,オキナワケン,Okinawa,,,,沖縄市,オキナワシ,Okinawa-shi,,,,字泡瀬,アザアワセ,Awase,,,,,,,,0,0,0,0,0,0,1,1,1947-04-17,,0,9042172,,,,,,,,,,,,,,,
472115,0017001,2,沖縄県,オキナワケン,Okinawa,,,,沖縄市,オキナワシ,Okinawa-shi,,,,諸見里,モロミザト,Moromizato,１丁目,１チョウメ,1,,,,,1,1,0,0,0,0,1,1,1947-04-17,,0,,,,,,,,,,,,,,,,
472115,0017002,2,沖縄県,オキナワケン,Okinawa,,,,沖縄市,オキナワシ,Okinawa-shi,,,,諸見里,モロミザト,Moromizato,２丁目,２チョウメ,2,,,,,1,1,0,0,0,0,1,1,1947-04-17,,0,,,,,,,,,,,,,,,,
472115,0017003,2,沖縄県,オキナワケン,Okinawa,,,,沖縄市,オキナワシ,Okinawa-shi,,,,諸見里,モロミザト,Moromizato,３丁目,３チョウメ,3,,,,,1,1,0,0,0,0,1,1,1947-04-17,,0,,,,,,,,,,,,,,,,
472115,0018001,2,沖縄県,オキナワケン,Okinawa,,,,沖縄市,オキナワシ,Okinawa-shi,,,,園田,ソノダ,Sonoda,１丁目,１チョウメ,1,,,,,1,1,0,0,0,0,1,1,1947-04-17,,0,,,,,,,,,,,,,,,,
472115,0018002,2,沖縄県,オキナワケン,Okinawa,,,,沖縄市,オキナワシ,Okinawa-shi,,,,園田,ソノダ,Sonoda,２丁目,２チョウメ,2,,,,,1,1,0,0,0,0,1,1,1947-04-17,,0,,,,,,,,,,,,,,,,
472115,0018003,2,沖縄県,オキナワケン,Okinawa,,,,沖縄市,オキナワシ,Okinawa-shi,,,,園田,ソノダ,Sonoda,３丁目,３チョウメ,3,,,,,1,1,0,0,0,0,1,1,1947-04-17,,0,,,,,,,,,,,,,,,,
472115,0019001,2,沖縄県,オキナワケン,Okinawa,,,,沖縄市,オキナワシ,Okinawa-shi,,,,久保田,クボタ,Kubota,１丁目,１チョウメ,1,,,,,1,1,0,0,0,0,1,1,1947-04-17,,0,,,,,,,,,,,,,,,,
472115,0019002,2,沖縄県,オキナワケン,Okinawa,,,,沖縄市,オキナワシ,Okinawa-shi,,,,久保田,クボタ,Kubota,２丁目,２チョウメ,2,,,,,1,1,0,0,0,0,1,1,1947-04-17,,0,,,,,,,,,,,,,,,,
472115,0019003,2,沖縄県,オキナワケン,Okinawa,,,,沖縄市,オキナワシ,Okinawa-shi,,,,久保田,クボタ,Kubota,３丁目,３チョウメ,3,,,,,1,1,0,0,0,0,1,1,1947-04-17,,0,,,,,,,,,,,,,,,,
472115,0020001,2,沖縄県,オキナワケン,Okinawa,,,,沖縄市,オキナワシ,Okinawa-shi,,,,海邦,カイホウ,Kaiho,１丁目,１チョウメ,1,,,,,1,1,0,0,0,0,1,1,1947-04-17,,0,,,,,,,,,,,,,,,,
472115,0020002,2,沖縄県,オキナワケン,Okinawa,,,,沖縄市,オキナワシ,Okinawa-shi,,,,海邦,カイホウ,Kaiho,２丁目,２チョウメ,2,,,,,1,1,0,0,0,0,1,1,1947-04-17,,0,,,,,,,,,,,,,,,,
472115,0021000,1,沖縄県,オキナワケン,Okinawa,,,,沖縄市,オキナワシ,Okinawa-shi,,,,仲宗根町,ナカソネチョウ,Nakasonecho,,,,,,,,1,1,0,0,0,0,1,1,1947-04-17,,0,9040014,,,,,,,,,,,,,,,
472115,0022001,2,沖縄県,オキナワケン,Okinawa,,,,沖縄市,オキナワシ,Okinawa-shi,,,,大里,オオザト,Ozato,１丁目,１チョウメ,1,,,,,1,1,0,0,0,0,1,1,1947-04-17,,0,,,,,,,,,,,,,,,,
472115,0022002,2,沖縄県,オキナワケン,Okinawa,,,,沖縄市,オキナワシ,Okinawa-shi,,,,大里,オオザト,Ozato,２丁目,２チョウメ,2,,,,,1,1,0,0,0,0,1,1,1947-04-17,,0,,,,,,,,,,,,,,,,
472115,0022003,2,沖縄県,オキナワケン,Okinawa,,,,沖縄市,オキナワシ,Okinawa-shi,,,,大里,オオザト,Ozato,３丁目,３チョウメ,3,,,,,1,1,0,0,0,0,1,1,1947-04-17,,0,,,,,,,,,,,,,,,,
472115,0023000,1,沖縄県,オキナワケン,Okinawa,,,,沖縄市,オキナワシ,Okinawa-shi,,,,字大里,アザオオザト,Ozato,,,,,,,,0,0,0,0,0,0,1,0,2024-08-09,,0,9042163,,,,,,,,,,,,,,,
472115,0024000,1,沖縄県,オキナワケン,Okinawa,,,,沖縄市,オキナワシ,Okinawa-shi,,,,字桃原,アザトウバル,Tobaru,,,,,,,,0,0,0,0,0,0,1,0,2024-08-09,,0,9042164,,,,,,,,,,,,,,,
472115,0025001,2,沖縄県,オキナワケン,Okinawa,,,,沖縄市,オキナワシ,Okinawa-shi,,,,山里,ヤマザト,Yamazato,１丁目,１チョウメ,1,,,,,1,1,0,0,0,0,1,1,1947-04-17,,0,,,,,,,,,,,,,,,,
472115,0025002,2,沖縄県,オキナワケン,Okinawa,,,,沖縄市,オキナワシ,Okinawa-shi,,,,山里,ヤマザト,Yamazato,２丁目,２チョウメ,2,,,,,1,1,0,0,0,0,1,1,1947-04-17,,0,,,,,,,,,,,,,,,,
472115,0025003,2,沖縄県,オキナワケン,Okinawa,,,,沖縄市,オキナワシ,Okinawa-shi,,,,山里,ヤマザト,Yamazato,３丁目,３チョウメ,3,,,,,1,1,0,0,0,0,1,1,1947-04-17,,0,,,,,,,,,,,,,,,,
472115,0027001,2,沖縄県,オキナワケン,Okinawa,,,,沖縄市,オキナワシ,Okinawa-shi,,,,山内,ヤマウチ,Yamauchi,１丁目,１チョウメ,1,,,,,1,1,0,0,0,0,1,1,1947-04-17,,0,,,,,,,,,,,,,,,,
472115,0027002,2,沖縄県,オキナワケン,Okinawa,,,,沖縄市,オキナワシ,Okinawa-shi,,,,山内,ヤマウチ,Yamauchi,２丁目,２チョウメ,2,,,,,1,1,0,0,0,0,1,1,1947-04-17,,0,,,,,,,,,,,,,,,,
472115,0027003,2,沖縄県,オキナワケン,Okinawa,,,,沖縄市,オキナワシ,Okinawa-shi,,,,山内,ヤマウチ,Yamauchi,３丁目,３チョウメ,3,,,,,1,1,0,0,0,0,1,1,1947-04-17,,0,,,,,,,,,,,,,,,,
472115,0027004,2,沖縄県,オキナワケン,Okinawa,,,,沖縄市,オキナワシ,Okinawa-shi,,,,山内,ヤマウチ,Yamauchi,４丁目,４チョウメ,4,,,,,1,1,0,0,0,0,1,1,1947-04-17,,0,,,,,,,,,,,,,,,,
472115,0028001,2,沖縄県,オキナワケン,Okinawa,,,,沖縄市,オキナワシ,Okinawa-shi,,,,南桃原,ミナミトウバル,Minamitobaru,１丁目,１チョウメ,1,,,,,1,1,0,0,0,0,1,1,1947-04-17,,0,,,,,,,,,,,,,,,,
472115,0028002,2,沖縄県,オキナワケン,Okinawa,,,,沖縄市,オキナワシ,Okinawa-shi,,,,南桃原,ミナミトウバル,Minamitobaru,２丁目,２チョウメ,2,,,,,1,1,0,0,0,0,1,1,1947-04-17,,0,,,,,,,,,,,,,,,,
472115,0028003,2,沖縄県,オキナワケン,Okinawa,,,,沖縄市,オキナワシ,Okinawa-shi,,,,南桃原,ミナミトウバル,Minamitobaru,３丁目,３チョウメ,3,,,,,1,1,0,0,0,0,1,1,1947-04-17,,0,,,,,,,,,,,,,,,,
472115,0028004,2,沖縄県,オキナワケン,Okinawa,,,,沖縄市,オキナワシ,Okinawa-shi,,,,南桃原,ミナミトウバル,Minamitobaru,４丁目,４チョウメ,4,,,,,1,1,0,0,0,0,1,1,1947-04-17,,0,,,,,,,,,,,,,,,,
472115,0029001,2,沖縄県,オキナワケン,Okinawa,,,,沖縄市,オキナワシ,Okinawa-shi,,,,美原,ミハラ,Mihara,１丁目,１チョウメ,1,,,,,1,1,0,0,0,0,1,1,1947-04-17,,0,,,,,,,,,,,,,,,,
472115,0029002,2,沖縄県,オキナワケン,Okinawa,,,,沖縄市,オキナワシ,Okinawa-shi,,,,美原,ミハラ,Mihara,２丁目,２チョウメ,2,,,,,1,1,0,0,0,0,1,1,1947-04-17,,0,,,,,,,,,,,,,,,,
472115,0029003,2,沖縄県,オキナワケン,Okinawa,,,,沖縄市,オキナワシ,Okinawa-shi,,,,美原,ミハラ,Mihara,３丁目,３チョウメ,3,,,,,1,1,0,0,0,0,1,1,1947-04-17,,0,,,,,,,,,,,,,,,,
472115,0029004,2,沖縄県,オキナワケン,Okinawa,,,,沖縄市,オキナワシ,Okinawa-shi,,,,美原,ミハラ,Mihara,４丁目,４チョウメ,4,,,,,1,1,0,0,0,0,1,1,1947-04-17,,0,,,,,,,,,,,,,,,,
472115,0030001,2,沖縄県,オキナワケン,Okinawa,,,,沖縄市,オキナワシ,Okinawa-shi,,,,池原,イケハラ,Ikehara,１丁目,１チョウメ,1,,,,,1,1,0,0,0,0,1,1,1947-04-17,,0,,,,,,,,,,,,,,,,
472115,0030002,2,沖縄県,オキナワケン,Okinawa,,,,沖縄市,オキナワシ,Okinawa-shi,,,,池原,イケハラ,Ikehara,２丁目,２チョウメ,2,,,,,1,1,0,0,0,0,1,1,1947-04-17,,0,,,,,,,,,,,,,,,,
472115,0030003,2,沖縄県,オキナワケン,Okinawa,,,,沖縄市,オキナワシ,Okinawa-shi,,,,池原,イケハラ,Ikehara,３丁目,３チョウメ,3,,,,,1,1,0,0,0,0,1,1,1947-04-17,,0,,,,,,,,,,,,,,,,
472115,0030004,2,沖縄県,オキナワケン,Okinawa,,,,沖縄市,オキナワシ,Okinawa-shi,,,,池原,イケハラ,Ikehara,４丁目,４チョウメ,4,,,,,1,1,0,0,0,0,1,1,1947-04-17,,0,,,,,,,,,,,,,,,,
472115,0030005,2,沖縄県,オキナワケン,Okinawa,,,,沖縄市,オキナワシ,Okinawa-shi,,,,池原,イケハラ,Ikehara,５丁目,５チョウメ,5,,,,,1,1,0,0,0,0,1,1,1947-04-17,,0,,,,,,,,,,,,,,,,
472115,0031000,1,沖縄県,オキナワケン,Okinawa,,,,沖縄市,オキナワシ,Okinawa-shi,,,,字倉敷,アザクラシキ,Kurashiki,,,,,,,,0,0,0,0,0,0,1,1,1947-04-17,,0,9042145,,,,,,,,,,,,,,,
472115,0032001,2,沖縄県,オキナワケン,Okinawa,,,,沖縄市,オキナワシ,Okinawa-shi,,,,松本,マツモト,Matsumoto,１丁目,１チョウメ,1,,,,,1,1,0,0,0,0,1,1,1947-04-17,,0,,,,,,,,,,,,,,,,
472115,0032002,2,沖縄県,オキナワケン,Okinawa,,,,沖縄市,オキナワシ,Okinawa-shi,,,,松本,マツモト,Matsumoto,２丁目,２チョウメ,2,,,,,1,1,0,0,0,0,1,1,1947-04-17,,0,,,,,,,,,,,,,,,,
472115,0032003,2,沖縄県,オキナワケン,Okinawa,,,,沖縄市,オキナワシ,Okinawa-shi,,,,松本,マツモト,Matsumoto,３丁目,３チョウメ,3,,,,,1,1,0,0,0,0,1,1,1947-04-17,,0,,,,,,,,,,,,,,,,
472115,0032004,2,沖縄県,オキナワケン,Okinawa,,,,沖縄市,オキナワシ,Okinawa-shi,,,,松本,マツモト,Matsumoto,４丁目,４チョウメ,4,,,,,1,1,0,0,0,0,1,1,1947-04-17,,0,,,,,,,,,,,,,,,,
472115,0032005,2,沖縄県,オキナワケン,Okinawa,,,,沖縄市,オキナワシ,Okinawa-shi,,,,松本,マツモト,Matsumoto,５丁目,５チョウメ,5,,,,,1,1,0,0,0,0,1,1,1947-04-17,,0,,,,,,,,,,,,,,,,
472115,0032006,2,沖縄県,オキナワケン,Okinawa,,,,沖縄市,オキナワシ,Okinawa-shi,,,,松本,マツモト,Matsumoto,６丁目,６チョウメ,6,,,,,1,1,0,0,0,0,1,1,1947-04-17,,0,,,,,,,,,,,,,,,,
472115,0032007,2,沖縄県,オキナワケン,Okinawa,,,,沖縄市,オキナワシ,Okinawa-shi,,,,松本,マツモト,Matsumoto,７丁目,７チョウメ,7,,,,,1,1,0,0,0,0,1,1,1947-04-17,,0,,,,,,,,,,,,,,,,
472115,0033001,2,沖縄県,オキナワケン,Okinawa,,,,沖縄市,オキナワシ,Okinawa-shi,,,,美里,ミサト,Misato,１丁目,１チョウメ,1,,,,,1,1,0,0,0,0,1,1,1947-04-17,,0,,,,,,,,,,,,,,,,
472115,0033002,2,沖縄県,オキナワケン,Okinawa,,,,沖縄市,オキナワシ,Okinawa-shi,,,,美里,ミサト,Misato,２丁目,２チョウメ,2,,,,,1,1,0,0,0,0,1,1,1947-04-17,,0,,,,,,,,,,,,,,,,
472115,0033003,2,沖縄県,オキナワケン,Okinawa,,,,沖縄市,オキナワシ,Okinawa-shi,,,,美里,ミサト,Misato,３丁目,３チョウメ,3,,,,,1,1,0,0,0,0,1,1,1947-04-17,,0,,,,,,,,,,,,,,,,
472115,0033004,2,沖縄県,オキナワケン,Okinawa,,,,沖縄市,オキナワシ,Okinawa-shi,,,,美里,ミサト,Misato,４丁目,４チョウメ,4,,,,,1,1,0,0,0,0,1,1,1947-04-17,,0,,,,,,,,,,,,,,,,
472115,0033005,2,沖縄県,オキナワケン,Okinawa,,,,沖縄市,オキナワシ,Okinawa-shi,,,,美里,ミサト,Misato,５丁目,５チョウメ,5,,,,,1,1,0,0,0,0,1,1,1947-04-17,,0,,,,,,,,,,,,,,,,
472115,0033006,2,沖縄県,オキナワケン,Okinawa,,,,沖縄市,オキナワシ,Okinawa-shi,,,,美里,ミサト,Misato,６丁目,６チョウメ,6,,,,,1,1,0,0,0,0,1,1,1947-04-17,,0,,,,,,,,,,,,,,,,
472115,0034001,2,沖縄県,オキナワケン,Okinawa,,,,沖縄市,オキナワシ,Okinawa-shi,,,,登川,ノボリカワ,Noborikawa,１丁目,１チョウメ,1,,,,,1,1,0,0,0,0,1,1,1947-04-17,,0,,,,,,,,,,,,,,,,
472115,0034002,2,沖縄県,オキナワケン,Okinawa,,,,沖縄市,オキナワシ,Okinawa-shi,,,,登川,ノボリカワ,Noborikawa,２丁目,２チョウメ,2,,,,,1,1,0,0,0,0,1,1,1947-04-17,,0,,,,,,,,,,,,,,,,
472115,0034003,2,沖縄県,オキナワケン,Okinawa,,,,沖縄市,オキナワシ,Okinawa-shi,,,,登川,ノボリカワ,Noborikawa,３丁目,３チョウメ,3,,,,,1,1,0,0,0,0,1,1,1947-04-17,,0,,,,,,,,,,,,,,,,
472115,0035001,2,沖縄県,オキナワケン,Okinawa,,,,沖縄市,オキナワシ,Okinawa-shi,,,,越来,ゴエク,Goeku,１丁目,１チョウメ,1,,,,,1,1,0,0,0,0,1,1,1947-04-17,,0,,,,,,,,,,,,,,,,
472115,0035002,2,沖縄県,オキナワケン,Okinawa,,,,沖縄市,オキナワシ,Okinawa-shi,,,,越来,ゴエク,Goeku,２丁目,２チョウメ,2,,,,,1,1,0,0,0,0,1,1,1947-04-17,,0,,,,,,,,,,,,,,,,
472115,0035003,2,沖縄県,オキナワケン,Okinawa,,,,沖縄市,オキナワシ,Okinawa-shi,,,,越来,ゴエク,Goeku,３丁目,３チョウメ,3,,,,,1,1,0,0,0,0,1,1,1947-04-17,,0,,,,,,,,,,,,,,,,
472115,0036001,2,沖縄県,オキナワケン,Okinawa,,,,沖縄市,オキナワシ,Okinawa-shi,,,,八重島,ヤエシマ,Yaeshima,１丁目,１チョウメ,1,,,,,1,1,0,0,0,0,1,1,1947-04-17,,0,,,,,,,,,,,,,,,,
472115,0036002,2,沖縄県,オキナワケン,Okinawa,,,,沖縄市,オキナワシ,Okinawa-shi,,,,八重島,ヤエシマ,Yaeshima,２丁目,２チョウメ,2,,,,,1,1,0,0,0,0,1,1,1947-04-17,,0,,,,,,,,,,,,,,,,
472115,0036003,2,沖縄県,オキナワケン,Okinawa,,,,沖縄市,オキナワシ,Okinawa-shi,,,,八重島,ヤエシマ,Yaeshima,３丁目,３チョウメ,3,,,,,1,1,0,0,0,0,1,1,1947-04-17,,0,,,,,,,,,,,,,,,,
472115,0037001,2,沖縄県,オキナワケン,Okinawa,,,,沖縄市,オキナワシ,Okinawa-shi,,,,嘉間良,カマラ,Kamara,１丁目,１チョウメ,1,,,,,1,1,0,0,0,0,1,1,1947-04-17,,0,,,,,,,,,,,,,,,,
472115,0037002,2,沖縄県,オキナワケン,Okinawa,,,,沖縄市,オキナワシ,Okinawa-shi,,,,嘉間良,カマラ,Kamara,２丁目,２チョウメ,2,,,,,1,1,0,0,0,0,1,1,1947-04-17,,0,,,,,,,,,,,,,,,,
472115,0037003,2,沖縄県,オキナワケン,Okinawa,,,,沖縄市,オキナワシ,Okinawa-shi,,,,嘉間良,カマラ,Kamara,３丁目,３チョウメ,3,,,,,1,1,0,0,0,0,1,1,1947-04-17,,0,,,,,,,,,,,,,,,,
472115,0038001,2,沖縄県,オキナワケン,Okinawa,,,,沖縄市,オキナワシ,Okinawa-shi,,,,知花,チバナ,Chibana,１丁目,１チョウメ,1,,,,,1,1,0,0,0,0,1,1,1947-04-17,,0,,,,,,,,,,,,,,,,
472115,0038002,2,沖縄県,オキナワケン,Okinawa,,,,沖縄市,オキナワシ,Okinawa-shi,,,,知花,チバナ,Chibana,２丁目,２チョウメ,2,,,,,1,1,0,0,0,0,1,1,1947-04-17,,0,,,,,,,,,,,,,,,,
472115,0038003,2,沖縄県,オキナワケン,Okinawa,,,,沖縄市,オキナワシ,Okinawa-shi,,,,知花,チバナ,Chibana,３丁目,３チョウメ,3,,,,,1,1,0,0,0,0,1,1,1947-04-17,,0,,,,,,,,,,,,,,,,
472115,0038004,2,沖縄県,オキナワケン,Okinawa,,,,沖縄市,オキナワシ,Okinawa-shi,,,,知花,チバナ,Chibana,４丁目,４チョウメ,4,,,,,1,1,0,0,0,0,1,1,1947-04-17,,0,,,,,,,,,,,,,,,,
472115,0038005,2,沖縄県,オキナワケン,Okinawa,,,,沖縄市,オキナワシ,Okinawa-shi,,,,知花,チバナ,Chibana,５丁目,５チョウメ,5,,,,,1,1,0,0,0,0,1,1,1947-04-17,,0,,,,,,,,,,,,,,,,
472115,0038006,2,沖縄県,オキナワケン,Okinawa,,,,沖縄市,オキナワシ,Okinawa-shi,,,,知花,チバナ,Chibana,６丁目,６チョウメ,6,,,,,1,1,0,0,0,0,1,1,1947-04-17,,0,,,,,,,,,,,,,,,,
472115,0039001,2,沖縄県,オキナワケン,Okinawa,,,,沖縄市,オキナワシ,Okinawa-shi,,,,住吉,スミヨシ,Sumiyoshi,１丁目,１チョウメ,1,,,,,1,1,0,0,0,0,1,1,1947-04-17,,0,,,,,,,,,,,,,,,,
472115,0039002,2,沖縄県,オキナワケン,Okinawa,,,,沖縄市,オキナワシ,Okinawa-shi,,,,住吉,スミヨシ,Sumiyoshi,２丁目,２チョウメ,2,,,,,1,1,0,0,0,0,1,1,1947-04-17,,0,,,,,,,,,,,,,,,,
472115,0040000,1,沖縄県,オキナワケン,Okinawa,,,,沖縄市,オキナワシ,Okinawa-shi,,,,字美里,アザミサト,Misato,,,,,,,,0,0,0,0,0,0,1,1,1947-04-17,,0,9042153,,,,,,,,,,,,,,,
472115,0041000,1,沖縄県,オキナワケン,Okinawa,,,,沖縄市,オキナワシ,Okinawa-shi,,,,字松本,アザマツモト,Matsumoto,,,,,,,,0,0,0,0,0,0,1,1,1947-04-17,,0,9042151,,,,,,,,,,,,,,,
472115,0042000,1,沖縄県,オキナワケン,Okinawa,,,,沖縄市,オキナワシ,Okinawa-shi,,,,城前町,シロマエチョウ,Shiromaecho,,,,,,,,1,1,0,0,0,0,1,1,1947-04-17,,0,9040002,,,,,,,,,,,,,,,
472115,0043000,1,沖縄県,オキナワケン,Okinawa,,,,沖縄市,オキナワシ,Okinawa-shi,,,,字知花,アザチバナ,Chibana,,,,,,,,0,0,0,0,0,0,1,1,1947-04-17,,0,9042143,,,,,,,,,,,,,,,
472115,0044000,1,沖縄県,オキナワケン,Okinawa,,,,沖縄市,オキナワシ,Okinawa-shi,,,,字池原,アザイケハラ,Ikehara,,,,,,,,0,0,0,0,0,0,1,1,1947-04-17,,0,9042141,,,,,,,,,,,,,,,
472115,0045001,2,沖縄県,オキナワケン,Okinawa,,,,沖縄市,オキナワシ,Okinawa-shi,,,,明道,アケミチ,Akemichi,１丁目,１チョウメ,1,,,,,1,1,0,0,0,0,1,1,1947-04-17,,0,,,,,,,,,,,,,,,,
472115,0046000,1,沖縄県,オキナワケン,Okinawa,,,,沖縄市,オキナワシ,Okinawa-shi,,,,字登川,アザノボリカワ,Noborikawa,,,,,,,,0,0,0,0,0,0,1,1,1947-04-17,,0,9042142,,,,,,,,,,,,,,,
472115,0047001,2,沖縄県,オキナワケン,Okinawa,,,,沖縄市,オキナワシ,Okinawa-shi,,,,古謝,コジャ,Koja,１丁目,１チョウメ,1,,,,,1,1,0,0,0,0,1,1,1947-04-17,,0,,,,,,,,,,,,,,,,
472115,0047002,2,沖縄県,オキナワケン,Okinawa,,,,沖縄市,オキナワシ,Okinawa-shi,,,,古謝,コジャ,Koja,２丁目,２チョウメ,2,,,,,1,1,0,0,0,0,1,1,1947-04-17,,0,,,,,,,,,,,,,,,,
472115,0047003,2,沖縄県,オキナワケン,Okinawa,,,,沖縄市,オキナワシ,Okinawa-shi,,,,古謝,コジャ,Koja,３丁目,３チョウメ,3,,,,,1,1,0,0,0,0,1,1,1947-04-17,,0,,,,,,,,,,,,,,,,
472115,0048000,1,沖縄県,オキナワケン,Okinawa,,,,沖縄市,オキナワシ,Okinawa-shi,,,,美里仲原町,ミサトナカハラチョウ,Misatonakaharacho,,,,,,,,1,1,0,0,0,0,1,0,1947-04-17,,0,9042156,,,,,,,,,,,,,,,
472115,0049000,1,沖縄県,オキナワケン,Okinawa,,,,沖縄市,オキナワシ,Okinawa-shi,,,,古謝津嘉山町,コジャツカザンチョウ,Kojatsukazancho,,,,,,,,1,1,0,0,0,0,1,1,1947-04-17,,0,9042166,,,,,,,,,,,,,,,
472115,0050000,1,沖縄県,オキナワケン,Okinawa,,,,沖縄市,オキナワシ,Okinawa-shi,,,,潮乃森,シオノモリ,Shionomori,,,,,,,,0,0,0,0,0,0,1,1,1947-04-17,,0,9042175,,,,,,,,,,,,,,,
472115,0051000,1,沖縄県,オキナワケン,Okinawa,,,,沖縄市,オキナワシ,Okinawa-shi,,,,字安慶田,アザアゲダ,Ageda,,,,,,,,0,0,0,0,0,0,1,1,1947-04-17,,0,9040012,,,,,,,,,,,,,,,
472115,0052000,1,沖縄県,オキナワケン,Okinawa,,,,沖縄市,オキナワシ,Okinawa-shi,,,,字宇久田,アザウクタ,,,,,,,,,0,0,0,0,0,0,1,1,1947-04-17,,0,,,,,,,,,,,,,,,,
472115,0053000,1,沖縄県,オキナワケン,Okinawa,,,,沖縄市,オキナワシ,Okinawa-shi,,,,字越来,アザゴエク,Goeku,,,,,,,,0,0,0,0,0,0,1,1,1947-04-17,,0,9040001,,,,,,,,,,,,,,,
472115,0054000,1,沖縄県,オキナワケン,Okinawa,,,,沖縄市,オキナワシ,Okinawa-shi,,,,字嘉間良,アザカマラ,Kamara,,,,,,,,0,0,0,0,0,0,1,1,1947-04-17,,0,9040005,,,,,,,,,,,,,,,
472115,0055000,1,沖縄県,オキナワケン,Okinawa,,,,沖縄市,オキナワシ,Okinawa-shi,,,,字嘉良川,アザカラカワ,,,,,,,,,0,0,0,0,0,0,1,1,1947-04-17,,0,,,,,,,,,,,,,,,,
472115,0056000,1,沖縄県,オキナワケン,Okinawa,,,,沖縄市,オキナワシ,Okinawa-shi,,,,字宮里,アザミヤザト,Miyazato,,,,,,,,0,0,0,0,0,0,1,1,1947-04-17,,0,9042165,,,,,,,,,,,,,,,
472115,0057000,1,沖縄県,オキナワケン,Okinawa,,,,沖縄市,オキナワシ,Okinawa-shi,,,,字古謝,アザコジャ,Koja,,,,,,,,0,0,0,0,0,0,1,1,1947-04-17,,0,9042161,,,,,,,,,,,,,,,
472115,0058000,1,沖縄県,オキナワケン,Okinawa,,,,沖縄市,オキナワシ,Okinawa-shi,,,,字胡屋,アザゴヤ,Goya,,,,,,,,0,0,0,0,0,0,1,1,1947-04-17,,0,9040021,,,,,,,,,,,,,,,
472115,0059000,1,沖縄県,オキナワケン,Okinawa,,,,沖縄市,オキナワシ,Okinawa-shi,,,,字御殿敷,アザオドンジキ,,,,,,,,,0,0,0,0,0,0,1,1,1947-04-17,,0,,,,,,,,,,,,,,,,
472115,0060000,1,沖縄県,オキナワケン,Okinawa,,,,沖縄市,オキナワシ,Okinawa-shi,,,,字高原,アザタカハラ,Takahara,,,,,,,,0,0,0,0,0,0,1,1,1947-04-17,,0,9042171,,,,,,,,,,,,,,,
472115,0061000,1,沖縄県,オキナワケン,Okinawa,,,,沖縄市,オキナワシ,Okinawa-shi,,,,字山内,アザヤマウチ,Yamauchi,,,,,,,,0,0,0,0,0,0,1,1,1947-04-17,,0,9040034,,,,,,,,,,,,,,,
472115,0062000,1,沖縄県,オキナワケン,Okinawa,,,,沖縄市,オキナワシ,Okinawa-shi,,,,字諸見里,アザモロミザト,Moromizato,,,,,,,,0,0,0,0,0,0,1,1,1947-04-17,,0,9040032,,,,,,,,,,,,,,,
472115,0063000,1,沖縄県,オキナワケン,Okinawa,,,,沖縄市,オキナワシ,Okinawa-shi,,,,字照屋,アザテルヤ,Teruya,,,,,,,,0,0,0,0,0,0,1,1,1947-04-17,,0,9040011,,,,,,,,,,,,,,,
472115,0064000,1,沖縄県,オキナワケン,Okinawa,,,,沖縄市,オキナワシ,Okinawa-shi,,,,字上地,アザウエチ,Uechi,,,,,,,,0,0,0,0,0,0,1,1,1947-04-17,,0,9040031,,,,,,,,,,,,,,,
472115,0065000,1,沖縄県,オキナワケン,Okinawa,,,,沖縄市,オキナワシ,Okinawa-shi,,,,字森根,アザモリネ,,,,,,,,,0,0,0,0,0,0,1,1,1947-04-17,,0,,,,,,,,,,,,,,,,
472115,0066000,1,沖縄県,オキナワケン,Okinawa,,,,沖縄市,オキナワシ,Okinawa-shi,,,,字大工廻,アザダクジャク,,,,,,,,,0,0,0,0,0,0,1,1,1947-04-17,,0,,,,,,,,,,,,,,,,
472115,0067000,1,沖縄県,オキナワケン,Okinawa,,,,沖縄市,オキナワシ,Okinawa-shi,,,,字仲宗根,アザナカソネ,,,,,,,,,0,0,0,0,0,0,1,1,1947-04-17,,0,,,,,,,,,,,,,,,,
472115,0068000,1,沖縄県,オキナワケン,Okinawa,,,,沖縄市,オキナワシ,Okinawa-shi,,,,字白川,アザシラカワ,Shirakawa,,,,,,,,0,0,0,0,0,0,1,1,1947-04-17,,0,9042144,,,,,,,,,,,,,,,
472115,0069000,1,沖縄県,オキナワケン,Okinawa,,,,沖縄市,オキナワシ,Okinawa-shi,,,,字与儀,アザヨギ,Yogi,,,,,,,,0,0,0,0,0,0,1,1,1947-04-17,,0,9042174,,,,,,,,,,,,,,,
472115,0070000,1,沖縄県,オキナワケン,Okinawa,,,,沖縄市,オキナワシ,Okinawa-shi,,,,字山里,アザヤマザト,,,,,,,,,0,0,0,0,0,0,1,0,1947-04-17,,1,,,,,,,,,,,,,,,,
472115,0071000,1,沖縄県,オキナワケン,Okinawa,,,,沖縄市,オキナワシ,Okinawa-shi,,,,字比屋根,アザヒヤゴン,,,,,,,,,0,0,0,0,0,0,1,0,1947-04-17,,1,,,,,,,,,,,,,,,,
472115,0072000,1,沖縄県,オキナワケン,Okinawa,,,,沖縄市,オキナワシ,Okinawa-shi,,,,キャンプフォスター,キャンプフォスター,,,,,,,,,0,0,0,0,0,0,1,0,1947-04-17,,1,,,,,,,,,,,,,,,,
472115,0073000,1,沖縄県,オキナワケン,Okinawa,,,,沖縄市,オキナワシ,Okinawa-shi,,,,ＣＡＭＰＳＨＩＥＬＤＳ,キャンプシールズ,,,,,,,,,0,0,0,0,0,0,1,0,1947-04-17,,1,,,,,,,,,,,,,,,,
472115,0074000,1,沖縄県,オキナワケン,Okinawa,,,,沖縄市,オキナワシ,Okinawa-shi,,,,ＫＡＤＥＮＡＡＩＲＢＡＳＥ,カデナエアーベース,,,,,,,,,0,0,0,0,0,0,1,0,1947-04-17,,1,,,,,,,,,,,,,,,,
472115,0075000,1,沖縄県,オキナワケン,Okinawa,,,,沖縄市,オキナワシ,Okinawa-shi,,,,嘉手納基地内,カデナキチナイ,,,,,,,,,0,0,0,0,0,0,1,0,1947-04-17,,1,,,,,,,,,,,,,,,,
472115,0076000,1,沖縄県,オキナワケン,Okinawa,,,,沖縄市,オキナワシ,Okinawa-shi,,,,シールズ基地内,シールズキチナイ,,,,,,,,,0,0,0,0,0,0,1,0,1947-04-17,,1,,,,,,,,,,,,,,,,
472115,0077000,1,沖縄県,オキナワケン,Okinawa,,,,沖縄市,オキナワシ,Okinawa-shi,,,,ライカム基地内,ライカムキチナイ,,,,,,,,,0,0,0,0,0,0,1,0,1947-04-17,,1,,,,,,,,,,,,,,,,
472115,0078000,1,沖縄県,オキナワケン,Okinawa,,,,沖縄市,オキナワシ,Okinawa-shi,,,,知花ハウジングエリア内,チバナハウジングエリアナイ,,,,,,,,,0,0,0,0,0,0,1,0,1947-04-17,,1,,,,,,,,,,,,,,,,
472123,0001000,1,沖縄県,オキナワケン,Okinawa,,,,豊見城市,トミグスクシ,Tomigusuku-shi,,,,字与根,アザヨネ,Yone,,,,,,,,0,0,0,0,0,0,1,1,1947-04-17,,0,9010224,,,,,,,,,,,,,,,
472123,0002000,1,沖縄県,オキナワケン,Okinawa,,,,豊見城市,トミグスクシ,Tomigusuku-shi,,,,字平良,アザタイラ,Taira,,,,,,,,0,0,0,0,0,0,1,1,1947-04-17,,0,9010212,,,,,,,,,,,,,,,
472123,0003000,1,沖縄県,オキナワケン,Okinawa,,,,豊見城市,トミグスクシ,Tomigusuku-shi,,,,字渡橋名,アザトハシナ,Tohashina,,,,,,,,0,0,0,0,0,0,1,1,1947-04-17,,0,9010222,,,,,,,,,,,,,,,
472123,0004000,1,沖縄県,オキナワケン,Okinawa,,,,豊見城市,トミグスクシ,Tomigusuku-shi,,,,字饒波,アザノハ,Noha,,,,,,,,0,0,0,0,0,0,1,1,1947-04-17,,0,9010211,,,,,,,,,,,,,,,
472123,0005000,1,沖縄県,オキナワケン,Okinawa,,,,豊見城市,トミグスクシ,Tomigusuku-shi,,,,字上田,アザウエタ,Ueta,,,,,,,,0,0,0,0,0,0,1,1,1947-04-17,,0,9010243,,,,,,,,,,,,,,,
472123,0006000,1,沖縄県,オキナワケン,Okinawa,,,,豊見城市,トミグスクシ,Tomigusuku-shi,,,,字高嶺,アザタカミネ,Takamine,,,,,,,,0,0,0,0,0,0,1,1,1947-04-17,,0,9010213,,,,,,,,,,,,,,,
472123,0007000,1,沖縄県,オキナワケン,Okinawa,,,,豊見城市,トミグスクシ,Tomigusuku-shi,,,,字渡嘉敷,アザトカシキ,Tokashiki,,,,,,,,0,0,0,0,0,0,1,1,1947-04-17,,0,9010215,,,,,,,,,,,,,,,
472123,0008000,1,沖縄県,オキナワケン,Okinawa,,,,豊見城市,トミグスクシ,Tomigusuku-shi,,,,字伊良波,アザイラハ,Iraha,,,,,,,,0,0,0,0,0,0,1,1,1947-04-17,,0,9010232,,,,,,,,,,,,,,,
472123,0009000,1,沖縄県,オキナワケン,Okinawa,,,,豊見城市,トミグスクシ,Tomigusuku-shi,,,,字豊崎,アザトヨサキ,Toyosaki,,,,,,,,0,0,0,0,0,0,1,1,1947-04-17,,0,9010225,,,,,,,,,,,,,,,
472123,0010000,1,沖縄県,オキナワケン,Okinawa,,,,豊見城市,トミグスクシ,Tomigusuku-shi,,,,字保栄茂,アザビン,Bin,,,,,,,,0,0,0,0,0,0,1,1,1947-04-17,,0,9010214,,,,,,,,,,,,,,,
472123,0011000,1,沖縄県,オキナワケン,Okinawa,,,,豊見城市,トミグスクシ,Tomigusuku-shi,,,,字翁長,アザオナガ,Onaga,,,,,,,,0,0,0,0,0,0,1,1,1947-04-17,,0,9010223,,,,,,,,,,,,,,,
472123,0012000,1,沖縄県,オキナワケン,Okinawa,,,,豊見城市,トミグスクシ,Tomigusuku-shi,,,,字座安,アザザヤス,Zayasu,,,,,,,,0,0,0,0,0,0,1,1,1947-04-17,,0,9010221,,,,,,,,,,,,,,,
472123,0013000,1,沖縄県,オキナワケン,Okinawa,,,,豊見城市,トミグスクシ,Tomigusuku-shi,,,,字瀬長,アザセナガ,Senaga,,,,,,,,0,0,0,0,0,0,1,1,1947-04-17,,0,9010233,,,,,,,,,,,,,,,
472123,0014000,1,沖縄県,オキナワケン,Okinawa,,,,豊見城市,トミグスクシ,Tomigusuku-shi,,,,字根差部,アザネサブ,Nesabu,,,,,,,,0,0,0,0,0,0,1,1,1947-04-17,,0,9010205,,,,,,,,,,,,,,,
472123,0015000,1,沖縄県,オキナワケン,Okinawa,,,,豊見城市,トミグスクシ,Tomigusuku-shi,,,,字嘉数,アザカカズ,Kakazu,,,,,,,,0,0,0,0,0,0,1,1,1947-04-17,,0,9010202,,,,,,,,,,,,,,,
472123,0016000,1,沖縄県,オキナワケン,Okinawa,,,,豊見城市,トミグスクシ,Tomigusuku-shi,,,,字金良,アザカネラ,Kanera,,,,,,,,0,0,0,0,0,0,1,1,1947-04-17,,0,9010204,,,,,,,,,,,,,,,
472123,0017000,1,沖縄県,オキナワケン,Okinawa,,,,豊見城市,トミグスクシ,Tomigusuku-shi,,,,字長堂,アザナガドウ,Nagado,,,,,,,,0,0,0,0,0,0,1,1,1947-04-17,,0,9010203,,,,,,,,,,,,,,,
472123,0018000,1,沖縄県,オキナワケン,Okinawa,,,,豊見城市,トミグスクシ,Tomigusuku-shi,,,,字宜保,アザギボ,Gibo,,,,,,,,0,0,0,0,0,0,1,1,1947-04-17,,0,9010244,,,,,,,,,,,,,,,
472123,0019000,1,沖縄県,オキナワケン,Okinawa,,,,豊見城市,トミグスクシ,Tomigusuku-shi,,,,字高安,アザタカヤス,Takayasu,,,,,,,,0,0,0,0,0,0,1,1,1947-04-17,,0,9010242,,,,,,,,,,,,,,,
472123,0020000,1,沖縄県,オキナワケン,Okinawa,,,,豊見城市,トミグスクシ,Tomigusuku-shi,,,,字真玉橋,アザマダンバシ,Madambashi,,,,,,,,0,0,0,0,0,0,1,1,1947-04-17,,0,9010201,,,,,,,,,,,,,,,
472123,0021000,1,沖縄県,オキナワケン,Okinawa,,,,豊見城市,トミグスクシ,Tomigusuku-shi,,,,字我那覇,アザガナハ,Ganaha,,,,,,,,0,0,0,0,0,0,1,1,1947-04-17,,0,9010231,,,,,,,,,,,,,,,
472123,0022000,1,沖縄県,オキナワケン,Okinawa,,,,豊見城市,トミグスクシ,Tomigusuku-shi,,,,字豊見城,アザトミグスク,Tomigusuku,,,,,,,,0,0,0,0,0,0,1,1,1947-04-17,,0,9010241,,,,,,,,,,,,,,,
472123,0023000,1,沖縄県,オキナワケン,Okinawa,,,,豊見城市,トミグスクシ,Tomigusuku-shi,,,,字田頭,アザタガミ,Tagami,,,,,,,,0,0,0,0,0,0,1,1,1947-04-17,,0,9010234,,,,,,,,,,,,,,,
472123,0024000,1,沖縄県,オキナワケン,Okinawa,,,,豊見城市,トミグスクシ,Tomigusuku-shi,,,,字名嘉地,アザナカチ,Nakachi,,,,,,,,0,0,0,0,0,0,1,1,1947-04-17,,0,9010235,,,,,,,,,,,,,,,
472123,0025001,2,沖縄県,オキナワケン,Okinawa,,,,豊見城市,トミグスクシ,Tomigusuku-shi,,,,宜保,ギボ,Gibo,１丁目,１チョウメ,1,,,,,0,0,0,0,0,0,1,1,1947-04-17,,0,,,,,,,,,,,,,,,,
472123,0025002,2,沖縄県,オキナワケン,Okinawa,,,,豊見城市,トミグスクシ,Tomigusuku-shi,,,,宜保,ギボ,Gibo,２丁目,２チョウメ,2,,,,,0,0,0,0,0,0,1,1,1947-04-17,,0,,,,,,,,,,,,,,,,
472123,0025003,2,沖縄県,オキナワケン,Okinawa,,,,豊見城市,トミグスクシ,Tomigusuku-shi,,,,宜保,ギボ,Gibo,３丁目,３チョウメ,3,,,,,0,0,0,0,0,0,1,1,1947-04-17,,0,,,,,,,,,,,,,,,,
472123,0025004,2,沖縄県,オキナワケン,Okinawa,,,,豊見城市,トミグスクシ,Tomigusuku-shi,,,,宜保,ギボ,Gibo,４丁目,４チョウメ,4,,,,,0,0,0,0,0,0,1,1,1947-04-17,,0,,,,,,,,,,,,,,,,
472123,0025005,2,沖縄県,オキナワケン,Okinawa,,,,豊見城市,トミグスクシ,Tomigusuku-shi,,,,宜保,ギボ,Gibo,５丁目,５チョウメ,5,,,,,0,0,0,0,0,0,1,1,1947-04-17,,0,,,,,,,,,,,,,,,,
472131,0001000,1,沖縄県,オキナワケン,Okinawa,,,,うるま市,ウルマシ,Uruma-shi,,,,勝連南風原,カツレンハエバル,Katsuren Haebaru,,,,,,,,0,0,0,0,0,0,1,1,1947-04-17,,0,9042311,,,,,,,,,,,,,,,
472131,0002000,1,沖縄県,オキナワケン,Okinawa,,,,うるま市,ウルマシ,Uruma-shi,,,,与那城伊計,ヨナシロイケイ,Yonashiro Ikei,,,,,,,,0,0,0,0,0,0,1,1,1947-04-17,,0,9042421,,,,,,,,,,,,,,,
472131,0003000,1,沖縄県,オキナワケン,Okinawa,,,,うるま市,ウルマシ,Uruma-shi,,,,与那城平安座,ヨナシロヘンザ,Yonashiro Henza,,,,,,,,0,0,0,0,0,0,1,1,1947-04-17,,0,9042426,,,,,,,,,,,,,,,
472131,0004000,1,沖縄県,オキナワケン,Okinawa,,,,うるま市,ウルマシ,Uruma-shi,,,,与那城屋平,ヨナシロヤヒラ,Yonashiro Yahira,,,,,,,,0,0,0,0,0,0,1,1,1947-04-17,,0,9042427,,,,,,,,,,,,,,,
472131,0005000,1,沖縄県,オキナワケン,Okinawa,,,,うるま市,ウルマシ,Uruma-shi,,,,与那城照間,ヨナシロテルマ,Yonashiro Teruma,,,,,,,,0,0,0,0,0,0,1,1,1947-04-17,,0,9042301,,,,,,,,,,,,,,,
472131,0006000,1,沖縄県,オキナワケン,Okinawa,,,,うるま市,ウルマシ,Uruma-shi,,,,字州崎,アザスザキ,Suzaki,,,,,,,,0,0,0,0,0,0,1,1,1947-04-17,,0,9042234,,,,,,,,,,,,,,,
472131,0007000,1,沖縄県,オキナワケン,Okinawa,,,,うるま市,ウルマシ,Uruma-shi,,,,字宇堅,アザウケン,Uken,,,,,,,,0,0,0,0,0,0,1,1,1947-04-17,,0,9042211,,,,,,,,,,,,,,,
472131,0008000,1,沖縄県,オキナワケン,Okinawa,,,,うるま市,ウルマシ,Uruma-shi,,,,字赤野,アザアカノ,Akano,,,,,,,,0,0,0,0,0,0,1,1,1947-04-17,,0,9042212,,,,,,,,,,,,,,,
472131,0009000,1,沖縄県,オキナワケン,Okinawa,,,,うるま市,ウルマシ,Uruma-shi,,,,字具志川,アザグシカワ,Gushikawa,,,,,,,,0,0,0,0,0,0,1,1,1947-04-17,,0,9042223,,,,,,,,,,,,,,,
472131,0010001,2,沖縄県,オキナワケン,Okinawa,,,,うるま市,ウルマシ,Uruma-shi,,,,石川曙,イシカワアケボノ,Ishikawa Akebono,一丁目,１チョウメ,1,,,,,1,1,0,0,0,0,1,1,1947-04-17,,0,,,,,,,,,,,,,,,,
472131,0010002,2,沖縄県,オキナワケン,Okinawa,,,,うるま市,ウルマシ,Uruma-shi,,,,石川曙,イシカワアケボノ,Ishikawa Akebono,二丁目,２チョウメ,2,,,,,1,1,0,0,0,0,1,1,1947-04-17,,0,,,,,,,,,,,,,,,,
472131,0010003,2,沖縄県,オキナワケン,Okinawa,,,,うるま市,ウルマシ,Uruma-shi,,,,石川曙,イシカワアケボノ,Ishikawa Akebono,三丁目,３チョウメ,3,,,,,1,1,0,0,0,0,1,1,1947-04-17,,0,,,,,,,,,,,,,,,,
472131,0012000,1,沖縄県,オキナワケン,Okinawa,,,,うるま市,ウルマシ,Uruma-shi,,,,石川嘉手苅,イシカワカデカル,Ishikawa Kadekaru,,,,,,,,0,0,0,0,0,0,1,1,1947-04-17,,0,9041114,,,,,,,,,,,,,,,
472131,0013000,1,沖縄県,オキナワケン,Okinawa,,,,うるま市,ウルマシ,Uruma-shi,,,,石川伊波,イシカワイハ,Ishikawa Iha,,,,,,,,0,0,0,0,0,0,1,1,1947-04-17,,0,9041115,,,,,,,,,,,,,,,
472131,0014000,1,沖縄県,オキナワケン,Okinawa,,,,うるま市,ウルマシ,Uruma-shi,,,,石川山城,イシカワヤマシロ,Ishikawa Yamashiro,,,,,,,,0,0,0,0,0,0,1,1,1947-04-17,,0,9041113,,,,,,,,,,,,,,,
472131,0015000,1,沖縄県,オキナワケン,Okinawa,,,,うるま市,ウルマシ,Uruma-shi,,,,与那城中央,ヨナシロチュウオウ,Yonashiro Chuo,,,,,,,,0,0,0,0,0,0,1,1,1947-04-17,,0,9042305,,,,,,,,,,,,,,,
472131,0016000,1,沖縄県,オキナワケン,Okinawa,,,,うるま市,ウルマシ,Uruma-shi,,,,勝連比嘉,カツレンヒガ,Katsuren Higa,,,,,,,,0,0,0,0,0,0,1,1,1947-04-17,,0,9042316,,,,,,,,,,,,,,,
472131,0017000,1,沖縄県,オキナワケン,Okinawa,,,,うるま市,ウルマシ,Uruma-shi,,,,勝連浜,カツレンハマ,Katsuren Hama,,,,,,,,0,0,0,0,0,0,1,1,1947-04-17,,0,9042315,,,,,,,,,,,,,,,
472131,0018000,1,沖縄県,オキナワケン,Okinawa,,,,うるま市,ウルマシ,Uruma-shi,,,,与那城,ヨナシロ,Yonashiro,,,,,,,,0,0,0,0,0,0,1,0,1947-04-17,,0,9042303,,,,,,,,,,,,,,,
472131,0019000,1,沖縄県,オキナワケン,Okinawa,,,,うるま市,ウルマシ,Uruma-shi,,,,与那城安勢理,ヨナシロアセリ,Yonashiro Aseri,,,,,,,,0,0,0,0,0,0,1,1,1947-04-17,,0,9042306,,,,,,,,,,,,,,,
472131,0020000,1,沖縄県,オキナワケン,Okinawa,,,,うるま市,ウルマシ,Uruma-shi,,,,与那城屋慶名,ヨナシロヤケナ,Yonashiro Yakena,,,,,,,,0,0,0,0,0,0,1,1,1947-04-17,,0,9042304,,,,,,,,,,,,,,,
472131,0021000,1,沖縄県,オキナワケン,Okinawa,,,,うるま市,ウルマシ,Uruma-shi,,,,勝連平安名,カツレンヘンナ,Katsuren Henna,,,,,,,,0,0,0,0,0,0,1,1,1947-04-17,,0,9042312,,,,,,,,,,,,,,,
472131,0022000,1,沖縄県,オキナワケン,Okinawa,,,,うるま市,ウルマシ,Uruma-shi,,,,与那城饒辺,ヨナシロノヘン,Yonashiro Nohen,,,,,,,,0,0,0,0,0,0,1,1,1947-04-17,,0,9042307,,,,,,,,,,,,,,,
472131,0023000,1,沖縄県,オキナワケン,Okinawa,,,,うるま市,ウルマシ,Uruma-shi,,,,勝連内間,カツレンウチマ,Katsuren Uchima,,,,,,,,0,0,0,0,0,0,1,1,1947-04-17,,0,9042313,,,,,,,,,,,,,,,
472131,0024000,1,沖縄県,オキナワケン,Okinawa,,,,うるま市,ウルマシ,Uruma-shi,,,,与那城西原,ヨナシロニシハラ,Yonashiro Nishihara,,,,,,,,0,0,0,0,0,0,1,1,1947-04-17,,0,9042302,,,,,,,,,,,,,,,
472131,0025000,1,沖縄県,オキナワケン,Okinawa,,,,うるま市,ウルマシ,Uruma-shi,,,,与那城桃原,ヨナシロトウバル,Yonashiro Tobaru,,,,,,,,0,0,0,0,0,0,1,1,1947-04-17,,0,9042425,,,,,,,,,,,,,,,
472131,0026000,1,沖縄県,オキナワケン,Okinawa,,,,うるま市,ウルマシ,Uruma-shi,,,,与那城池味,ヨナシロイケミ,Yonashiro Ikemi,,,,,,,,0,0,0,0,0,0,1,1,1947-04-17,,0,9042422,,,,,,,,,,,,,,,
472131,0027000,1,沖縄県,オキナワケン,Okinawa,,,,うるま市,ウルマシ,Uruma-shi,,,,与那城平宮,ヨナシロヒラミヤ,Yonashiro Hiramiya,,,,,,,,0,0,0,0,0,0,1,1,1947-04-17,,0,9042428,,,,,,,,,,,,,,,
472131,0028000,1,沖縄県,オキナワケン,Okinawa,,,,うるま市,ウルマシ,Uruma-shi,,,,与那城上原,ヨナシロウエハラ,Yonashiro Uehara,,,,,,,,0,0,0,0,0,0,1,1,1947-04-17,,0,9042424,,,,,,,,,,,,,,,
472131,0029000,1,沖縄県,オキナワケン,Okinawa,,,,うるま市,ウルマシ,Uruma-shi,,,,与那城宮城,ヨナシロミヤギ,Yonashiro Miyagi,,,,,,,,0,0,0,0,0,0,1,1,1947-04-17,,0,9042423,,,,,,,,,,,,,,,
472131,0030000,1,沖縄県,オキナワケン,Okinawa,,,,うるま市,ウルマシ,Uruma-shi,,,,石川東恩納崎,イシカワヒガシオンナザキ,Ishikawa Higashionnazaki,,,,,,,,0,0,0,0,0,0,1,1,1947-04-17,,0,9041108,,,,,,,,,,,,,,,
472131,0031001,2,沖縄県,オキナワケン,Okinawa,,,,うるま市,ウルマシ,Uruma-shi,,,,喜仲,キナカ,Kinaka,一丁目,１チョウメ,1,,,,,1,1,0,0,0,0,1,1,1947-04-17,,0,,,,,,,,,,,,,,,,
472131,0031002,2,沖縄県,オキナワケン,Okinawa,,,,うるま市,ウルマシ,Uruma-shi,,,,喜仲,キナカ,Kinaka,二丁目,２チョウメ,2,,,,,1,1,0,0,0,0,1,1,1947-04-17,,0,,,,,,,,,,,,,,,,
472131,0031003,2,沖縄県,オキナワケン,Okinawa,,,,うるま市,ウルマシ,Uruma-shi,,,,喜仲,キナカ,Kinaka,三丁目,３チョウメ,3,,,,,1,1,0,0,0,0,1,1,1947-04-17,,0,,,,,,,,,,,,,,,,
472131,0031004,2,沖縄県,オキナワケン,Okinawa,,,,うるま市,ウルマシ,Uruma-shi,,,,喜仲,キナカ,Kinaka,四丁目,４チョウメ,4,,,,,1,1,0,0,0,0,1,1,1947-04-17,,0,,,,,,,,,,,,,,,,
472131,0032000,1,沖縄県,オキナワケン,Okinawa,,,,うるま市,ウルマシ,Uruma-shi,,,,字仲嶺,アザナカミネ,Nakamine,,,,,,,,0,0,0,0,0,0,1,1,1947-04-17,,0,9042226,,,,,,,,,,,,,,,
472131,0033001,2,沖縄県,オキナワケン,Okinawa,,,,うるま市,ウルマシ,Uruma-shi,,,,みどり町,ミドリマチ,Midorimachi,一丁目,１チョウメ,1,,,,,1,1,0,0,0,0,1,1,1947-04-17,,0,,,,,,,,,,,,,,,,
472131,0033002,2,沖縄県,オキナワケン,Okinawa,,,,うるま市,ウルマシ,Uruma-shi,,,,みどり町,ミドリマチ,Midorimachi,二丁目,２チョウメ,2,,,,,1,1,0,0,0,0,1,1,1947-04-17,,0,,,,,,,,,,,,,,,,
472131,0033003,2,沖縄県,オキナワケン,Okinawa,,,,うるま市,ウルマシ,Uruma-shi,,,,みどり町,ミドリマチ,Midorimachi,三丁目,３チョウメ,3,,,,,1,1,0,0,0,0,1,1,1947-04-17,,0,,,,,,,,,,,,,,,,
472131,0033004,2,沖縄県,オキナワケン,Okinawa,,,,うるま市,ウルマシ,Uruma-shi,,,,みどり町,ミドリマチ,Midorimachi,四丁目,４チョウメ,4,,,,,1,1,0,0,0,0,1,1,1947-04-17,,0,,,,,,,,,,,,,,,,
472131,0033005,2,沖縄県,オキナワケン,Okinawa,,,,うるま市,ウルマシ,Uruma-shi,,,,みどり町,ミドリマチ,Midorimachi,五丁目,５チョウメ,5,,,,,1,1,0,0,0,0,1,1,1947-04-17,,0,,,,,,,,,,,,,,,,
472131,0033006,2,沖縄県,オキナワケン,Okinawa,,,,うるま市,ウルマシ,Uruma-shi,,,,みどり町,ミドリマチ,Midorimachi,六丁目,６チョウメ,6,,,,,0,0,0,0,0,0,1,1,1947-04-17,,0,,,,,,,,,,,,,,,,
472131,0033006,2,沖縄県,オキナワケン,Okinawa,,,,うるま市,ウルマシ,Uruma-shi,,,,みどり町,ミドリマチ,Midorimachi,六丁目,６チョウメ,6,,,,,1,1,0,0,0,0,1,1,1947-04-17,,0,,,,,,,,,,,,,,,,
472131,0034000,1,沖縄県,オキナワケン,Okinawa,,,,うるま市,ウルマシ,Uruma-shi,,,,字川田,アザカワタ,Kawata,,,,,,,,0,0,0,0,0,0,1,1,1947-04-17,,0,9042232,,,,,,,,,,,,,,,
472131,0035000,1,沖縄県,オキナワケン,Okinawa,,,,うるま市,ウルマシ,Uruma-shi,,,,字塩屋,アザシオヤ,Shioya,,,,,,,,0,0,0,0,0,0,1,1,1947-04-17,,0,9042231,,,,,,,,,,,,,,,
472131,0036000,1,沖縄県,オキナワケン,Okinawa,,,,うるま市,ウルマシ,Uruma-shi,,,,字赤道,アザアカミチ,Akamichi,,,,,,,,0,0,0,0,0,0,1,1,1947-04-17,,0,9042245,,,,,,,,,,,,,,,
472131,0037000,1,沖縄県,オキナワケン,Okinawa,,,,うるま市,ウルマシ,Uruma-shi,,,,字宮里,アザミヤザト,Miyazato,,,,,,,,0,0,0,0,0,0,1,1,1947-04-17,,0,9042243,,,,,,,,,,,,,,,
472131,0038000,1,沖縄県,オキナワケン,Okinawa,,,,うるま市,ウルマシ,Uruma-shi,,,,字高江洲,アザタカエス,Takaesu,,,,,,,,0,0,0,0,0,0,1,1,1947-04-17,,0,9042242,,,,,,,,,,,,,,,
472131,0039000,1,沖縄県,オキナワケン,Okinawa,,,,うるま市,ウルマシ,Uruma-shi,,,,字豊原,アザトヨハラ,Toyohara,,,,,,,,0,0,0,0,0,0,1,1,1947-04-17,,0,9042233,,,,,,,,,,,,,,,
472131,0040000,1,沖縄県,オキナワケン,Okinawa,,,,うるま市,ウルマシ,Uruma-shi,,,,字喜屋武,アザキャン,Kyan,,,,,,,,0,0,0,0,0,0,1,1,1947-04-17,,0,9042225,,,,,,,,,,,,,,,
472131,0041000,1,沖縄県,オキナワケン,Okinawa,,,,うるま市,ウルマシ,Uruma-shi,,,,字上江洲,アザウエズ,Uezu,,,,,,,,0,0,0,0,0,0,1,1,1947-04-17,,0,9042222,,,,,,,,,,,,,,,
472131,0042000,1,沖縄県,オキナワケン,Okinawa,,,,うるま市,ウルマシ,Uruma-shi,,,,字大田,アザオオタ,Ota,,,,,,,,0,0,0,0,0,0,1,1,1947-04-17,,0,9042224,,,,,,,,,,,,,,,
472131,0043000,1,沖縄県,オキナワケン,Okinawa,,,,うるま市,ウルマシ,Uruma-shi,,,,字兼箇段,アザカネカダン,Kanekadan,,,,,,,,0,0,0,0,0,0,1,1,1947-04-17,,0,9042241,,,,,,,,,,,,,,,
472131,0044000,1,沖縄県,オキナワケン,Okinawa,,,,うるま市,ウルマシ,Uruma-shi,,,,字川崎,アザカワサキ,Kawasaki,,,,,,,,0,0,0,0,0,0,1,1,1947-04-17,,0,9042203,,,,,,,,,,,,,,,
472131,0045000,1,沖縄県,オキナワケン,Okinawa,,,,うるま市,ウルマシ,Uruma-shi,,,,字天願,アザテンガン,Tengan,,,,,,,,0,0,0,0,0,0,1,1,1947-04-17,,0,9042202,,,,,,,,,,,,,,,
472131,0046000,1,沖縄県,オキナワケン,Okinawa,,,,うるま市,ウルマシ,Uruma-shi,,,,字昆布,アザコンブ,Kombu,,,,,,,,0,0,0,0,0,0,1,1,1947-04-17,,0,9042201,,,,,,,,,,,,,,,
472131,0047000,1,沖縄県,オキナワケン,Okinawa,,,,うるま市,ウルマシ,Uruma-shi,,,,字栄野比,アザエノビ,Enobi,,,,,,,,0,0,0,0,0,0,1,1,1947-04-17,,0,9042205,,,,,,,,,,,,,,,
472131,0048000,1,沖縄県,オキナワケン,Okinawa,,,,うるま市,ウルマシ,Uruma-shi,,,,石川楚南,イシカワソナン,Ishikawa Sonan,,,,,,,,0,0,0,0,0,0,1,1,1947-04-17,,0,9041112,,,,,,,,,,,,,,,
472131,0049000,1,沖縄県,オキナワケン,Okinawa,,,,うるま市,ウルマシ,Uruma-shi,,,,石川東恩納,イシカワヒガシオンナ,Ishikawa Higashionna,,,,,,,,0,0,0,0,0,0,1,1,1947-04-17,,0,9041111,,,,,,,,,,,,,,,
472131,0050000,1,沖縄県,オキナワケン,Okinawa,,,,うるま市,ウルマシ,Uruma-shi,,,,石川赤崎,イシカワアカサキ,,,,,,,,,0,0,0,0,0,0,1,0,1947-04-17,,1,,,,,,,,,,,,,,,,
472131,0050001,2,沖縄県,オキナワケン,Okinawa,,,,うるま市,ウルマシ,Uruma-shi,,,,石川赤崎,イシカワアカサキ,Ishikawa Akasaki,一丁目,１チョウメ,1,,,,,1,1,0,0,0,0,1,1,1947-04-17,,0,,,,,,,,,,,,,,,,
472131,0050002,2,沖縄県,オキナワケン,Okinawa,,,,うるま市,ウルマシ,Uruma-shi,,,,石川赤崎,イシカワアカサキ,Ishikawa Akasaki,二丁目,２チョウメ,2,,,,,1,1,0,0,0,0,1,1,1947-04-17,,0,,,,,,,,,,,,,,,,
472131,0050003,2,沖縄県,オキナワケン,Okinawa,,,,うるま市,ウルマシ,Uruma-shi,,,,石川赤崎,イシカワアカサキ,Ishikawa Akasaki,三丁目,３チョウメ,3,,,,,1,1,0,0,0,0,1,1,1947-04-17,,0,,,,,,,,,,,,,,,,
472131,0051000,1,沖縄県,オキナワケン,Okinawa,,,,うるま市,ウルマシ,Uruma-shi,,,,石川,イシカワ,Ishikawa,,,,,,,,0,0,0,0,0,0,1,1,1947-04-17,,0,9041106,,,,,,,,,,,,,,,
472131,0051001,2,沖縄県,オキナワケン,Okinawa,,,,うるま市,ウルマシ,Uruma-shi,,,,石川,イシカワ,Ishikawa,一丁目,１チョウメ,1,,,,,1,1,0,0,0,0,1,1,1947-04-17,,0,,,,,,,,,,,,,,,,
472131,0051002,2,沖縄県,オキナワケン,Okinawa,,,,うるま市,ウルマシ,Uruma-shi,,,,石川,イシカワ,Ishikawa,二丁目,２チョウメ,2,,,,,1,1,0,0,0,0,1,1,1947-04-17,,0,,,,,,,,,,,,,,,,
472131,0052001,2,沖縄県,オキナワケン,Okinawa,,,,うるま市,ウルマシ,Uruma-shi,,,,石川白浜,イシカワシラハマ,Ishikawa Shirahama,一丁目,１チョウメ,1,,,,,1,1,0,0,0,0,1,1,1947-04-17,,0,,,,,,,,,,,,,,,,
472131,0052002,2,沖縄県,オキナワケン,Okinawa,,,,うるま市,ウルマシ,Uruma-shi,,,,石川白浜,イシカワシラハマ,Ishikawa Shirahama,二丁目,２チョウメ,2,,,,,1,1,0,0,0,0,1,1,1947-04-17,,0,,,,,,,,,,,,,,,,
472131,0053001,2,沖縄県,オキナワケン,Okinawa,,,,うるま市,ウルマシ,Uruma-shi,,,,石川石崎,イシカワイシザキ,Ishikawa Ishizaki,一丁目,１チョウメ,1,,,,,0,0,0,0,0,0,1,1,1947-04-17,,0,,,,,,,,,,,,,,,,
472131,0053002,2,沖縄県,オキナワケン,Okinawa,,,,うるま市,ウルマシ,Uruma-shi,,,,石川石崎,イシカワイシザキ,Ishikawa Ishizaki,二丁目,２チョウメ,2,,,,,0,0,0,0,0,0,1,1,1947-04-17,,0,,,,,,,,,,,,,,,,
472131,0054001,2,沖縄県,オキナワケン,Okinawa,,,,うるま市,ウルマシ,Uruma-shi,,,,石川東山本町,イシカワアガリヤマモトマチ,Ishikawa Agariyamamotomachi,一丁目,１チョウメ,1,,,,,1,1,0,0,0,0,1,1,1947-04-17,,0,,,,,,,,,,,,,,,,
472131,0054002,2,沖縄県,オキナワケン,Okinawa,,,,うるま市,ウルマシ,Uruma-shi,,,,石川東山本町,イシカワアガリヤマモトマチ,Ishikawa Agariyamamotomachi,二丁目,２チョウメ,2,,,,,1,1,0,0,0,0,1,1,1947-04-17,,0,,,,,,,,,,,,,,,,
472131,0055001,2,沖縄県,オキナワケン,Okinawa,,,,うるま市,ウルマシ,Uruma-shi,,,,石川東山,イシカワアガリヤマ,Ishikawa Agariyama,一丁目,１チョウメ,1,,,,,0,0,0,0,0,0,1,1,1947-04-17,,0,,,,,,,,,,,,,,,,
472131,0055002,2,沖縄県,オキナワケン,Okinawa,,,,うるま市,ウルマシ,Uruma-shi,,,,石川東山,イシカワアガリヤマ,Ishikawa Agariyama,二丁目,２チョウメ,2,,,,,0,0,0,0,0,0,1,1,1947-04-17,,0,,,,,,,,,,,,,,,,
472131,0056000,1,沖縄県,オキナワケン,Okinawa,,,,うるま市,ウルマシ,Uruma-shi,,,,勝連津堅,カツレンツケン,Katsuren Tsuken,,,,,,,,0,0,0,0,0,0,1,1,1947-04-17,,0,9042317,,,,,,,,,,,,,,,
472131,0057000,1,沖縄県,オキナワケン,Okinawa,,,,うるま市,ウルマシ,Uruma-shi,,,,勝連平敷屋,カツレンヘシキヤ,Katsuren Heshikiya,,,,,,,,0,0,0,0,0,0,1,1,1947-04-17,,0,9042314,,,,,,,,,,,,,,,
472131,0058000,1,沖縄県,オキナワケン,Okinawa,,,,うるま市,ウルマシ,Uruma-shi,,,,字安慶名,アザアゲナ,Agena,,,,,,,,0,0,0,0,0,0,1,1,1947-04-17,,0,9042214,,,,,,,,,,,,,,,
472131,0059000,1,沖縄県,オキナワケン,Okinawa,,,,うるま市,ウルマシ,Uruma-shi,,,,字平良川,アザタイラガワ,Tairagawa,,,,,,,,0,0,0,0,0,0,1,1,1947-04-17,,0,9042221,,,,,,,,,,,,,,,
472131,0060000,1,沖縄県,オキナワケン,Okinawa,,,,うるま市,ウルマシ,Uruma-shi,,,,字西原,アザイリバル,Iribaru,,,,,,,,0,0,0,0,0,0,1,1,1947-04-17,,0,9042204,,,,,,,,,,,,,,,
472131,0061001,2,沖縄県,オキナワケン,Okinawa,,,,うるま市,ウルマシ,Uruma-shi,,,,安慶名,アゲナ,Agena,一丁目,１チョウメ,1,,,,,1,1,0,0,0,0,1,1,1947-04-17,,0,,,,,,,,,,,,,,,,
472131,0061002,2,沖縄県,オキナワケン,Okinawa,,,,うるま市,ウルマシ,Uruma-shi,,,,安慶名,アゲナ,Agena,二丁目,２チョウメ,2,,,,,1,1,0,0,0,0,1,1,1947-04-17,,0,,,,,,,,,,,,,,,,
472131,0061003,2,沖縄県,オキナワケン,Okinawa,,,,うるま市,ウルマシ,Uruma-shi,,,,安慶名,アゲナ,Agena,三丁目,３チョウメ,3,,,,,1,1,0,0,0,0,1,1,1947-04-17,,0,,,,,,,,,,,,,,,,
472131,0062000,1,沖縄県,オキナワケン,Okinawa,,,,うるま市,ウルマシ,Uruma-shi,,,,字田場,アザタバ,Taba,,,,,,,,0,0,0,0,0,0,1,1,1947-04-17,,0,9042213,,,,,,,,,,,,,,,
472131,0063000,1,沖縄県,オキナワケン,Okinawa,,,,うるま市,ウルマシ,Uruma-shi,,,,字前原,アザマエハラ,Maehara,,,,,,,,0,0,0,0,0,0,1,1,1947-04-17,,0,9042235,,,,,,,,,,,,,,,
472131,0064000,1,沖縄県,オキナワケン,Okinawa,,,,うるま市,ウルマシ,Uruma-shi,,,,字江洲,アザエス,Esu,,,,,,,,0,0,0,0,0,0,1,1,1947-04-17,,0,9042244,,,,,,,,,,,,,,,
472140,0001000,1,沖縄県,オキナワケン,Okinawa,,,,宮古島市,ミヤコジマシ,Miyakojima-shi,,,,城辺,グスクベ,,,,,,,,,0,0,0,0,0,0,1,0,1947-04-17,,0,,,,,,,,,,,,,,,,
472140,0001101,3,沖縄県,オキナワケン,Okinawa,,,,宮古島市,ミヤコジマシ,Miyakojima-shi,,,,城辺,グスクベ,,,,,字福里,アザフクザト,,,0,0,0,0,0,0,1,0,1947-04-17,,1,,,,,,,,,,,,,,,,
472140,0001102,3,沖縄県,オキナワケン,Okinawa,,,,宮古島市,ミヤコジマシ,Miyakojima-shi,,,,城辺,グスクベ,,,,,字新城,アザアラグスク,,,0,0,0,0,0,0,1,0,1947-04-17,,1,,,,,,,,,,,,,,,,
472140,0001103,3,沖縄県,オキナワケン,Okinawa,,,,宮古島市,ミヤコジマシ,Miyakojima-shi,,,,城辺,グスクベ,,,,,字保良,アザボラ,,,0,0,0,0,0,0,1,0,1947-04-17,,1,,,,,,,,,,,,,,,,
472140,0001104,3,沖縄県,オキナワケン,Okinawa,,,,宮古島市,ミヤコジマシ,Miyakojima-shi,,,,城辺,グスクベ,,,,,字友利,アザトモリ,,,0,0,0,0,0,0,1,0,1947-04-17,,1,,,,,,,,,,,,,,,,
472140,0001105,3,沖縄県,オキナワケン,Okinawa,,,,宮古島市,ミヤコジマシ,Miyakojima-shi,,,,城辺,グスクベ,,,,,字下里添,アザシモザトソエ,,,0,0,0,0,0,0,1,0,1947-04-17,,1,,,,,,,,,,,,,,,,
472140,0001106,3,沖縄県,オキナワケン,Okinawa,,,,宮古島市,ミヤコジマシ,Miyakojima-shi,,,,城辺,グスクベ,,,,,字比嘉,アザヒガ,,,0,0,0,0,0,0,1,0,1947-04-17,,1,,,,,,,,,,,,,,,,
472140,0001107,3,沖縄県,オキナワケン,Okinawa,,,,宮古島市,ミヤコジマシ,Miyakojima-shi,,,,城辺,グスクベ,,,,,字砂川,アザスナガワ,,,0,0,0,0,0,0,1,0,1947-04-17,,1,,,,,,,,,,,,,,,,
472140,0001108,3,沖縄県,オキナワケン,Okinawa,,,,宮古島市,ミヤコジマシ,Miyakojima-shi,,,,城辺,グスクベ,,,,,字長間,アザナガマ,,,0,0,0,0,0,0,1,0,1947-04-17,,1,,,,,,,,,,,,,,,,
472140,0001109,3,沖縄県,オキナワケン,Okinawa,,,,宮古島市,ミヤコジマシ,Miyakojima-shi,,,,城辺,グスクベ,,,,,字西里添,アザニシザトソエ,,,0,0,0,0,0,0,1,0,1947-04-17,,1,,,,,,,,,,,,,,,,
472140,0002000,1,沖縄県,オキナワケン,Okinawa,,,,宮古島市,ミヤコジマシ,Miyakojima-shi,,,,下地,シモジ,,,,,,,,,0,0,0,0,0,0,1,0,1947-04-17,,0,,,,,,,,,,,,,,,,
472140,0002101,3,沖縄県,オキナワケン,Okinawa,,,,宮古島市,ミヤコジマシ,Miyakojima-shi,,,,下地,シモジ,,,,,字川満,アザカワミツ,,,0,0,0,0,0,0,1,0,1947-04-17,,1,,,,,,,,,,,,,,,,
472140,0002102,3,沖縄県,オキナワケン,Okinawa,,,,宮古島市,ミヤコジマシ,Miyakojima-shi,,,,下地,シモジ,,,,,字嘉手苅,アザカデカリ,,,0,0,0,0,0,0,1,0,1947-04-17,,1,,,,,,,,,,,,,,,,
472140,0002103,3,沖縄県,オキナワケン,Okinawa,,,,宮古島市,ミヤコジマシ,Miyakojima-shi,,,,下地,シモジ,,,,,字与那覇,アザヨナハ,,,0,0,0,0,0,0,1,0,1947-04-17,,1,,,,,,,,,,,,,,,,
472140,0002104,3,沖縄県,オキナワケン,Okinawa,,,,宮古島市,ミヤコジマシ,Miyakojima-shi,,,,下地,シモジ,,,,,字洲鎌,アザスガマ,,,0,0,0,0,0,0,1,0,1947-04-17,,1,,,,,,,,,,,,,,,,
472140,0002105,3,沖縄県,オキナワケン,Okinawa,,,,宮古島市,ミヤコジマシ,Miyakojima-shi,,,,下地,シモジ,,,,,字来間,アザクリマ,,,0,0,0,0,0,0,1,0,1947-04-17,,1,,,,,,,,,,,,,,,,
472140,0002106,3,沖縄県,オキナワケン,Okinawa,,,,宮古島市,ミヤコジマシ,Miyakojima-shi,,,,下地,シモジ,,,,,字上地,アザウエチ,,,0,0,0,0,0,0,1,0,1947-04-17,,1,,,,,,,,,,,,,,,,
472140,0004000,1,沖縄県,オキナワケン,Okinawa,,,,宮古島市,ミヤコジマシ,Miyakojima-shi,,,,平良,ヒララ,,,,,,,,,0,0,0,0,0,0,1,0,1947-04-17,,0,,,,,,,,,,,,,,,,
472140,0004101,3,沖縄県,オキナワケン,Okinawa,,,,宮古島市,ミヤコジマシ,Miyakojima-shi,,,,平良,ヒララ,,,,,字島尻,アザシマジリ,,,0,0,0,0,0,0,1,0,1947-04-17,,1,,,,,,,,,,,,,,,,
472140,0004102,3,沖縄県,オキナワケン,Okinawa,,,,宮古島市,ミヤコジマシ,Miyakojima-shi,,,,平良,ヒララ,,,,,字狩俣,アザカリマタ,,,0,0,0,0,0,0,1,0,1947-04-17,,1,,,,,,,,,,,,,,,,
472140,0004103,3,沖縄県,オキナワケン,Okinawa,,,,宮古島市,ミヤコジマシ,Miyakojima-shi,,,,平良,ヒララ,,,,,字下里,アザシモザト,,,0,0,0,0,0,0,1,0,1947-04-17,,1,,,,,,,,,,,,,,,,
472140,0004104,3,沖縄県,オキナワケン,Okinawa,,,,宮古島市,ミヤコジマシ,Miyakojima-shi,,,,平良,ヒララ,,,,,字池間,アザイケマ,,,0,0,0,0,0,0,1,0,1947-04-17,,1,,,,,,,,,,,,,,,,
472140,0004105,3,沖縄県,オキナワケン,Okinawa,,,,宮古島市,ミヤコジマシ,Miyakojima-shi,,,,平良,ヒララ,,,,,字大浦,アザオオウラ,,,0,0,0,0,0,0,1,0,1947-04-17,,1,,,,,,,,,,,,,,,,
472140,0004106,3,沖縄県,オキナワケン,Okinawa,,,,宮古島市,ミヤコジマシ,Miyakojima-shi,,,,平良,ヒララ,,,,,字東仲宗根添,アザヒガシナカソネゾエ,,,0,0,0,0,0,0,1,0,1947-04-17,,1,,,,,,,,,,,,,,,,
472140,0004107,3,沖縄県,オキナワケン,Okinawa,,,,宮古島市,ミヤコジマシ,Miyakojima-shi,,,,平良,ヒララ,,,,,字西原,アザニシハラ,,,0,0,0,0,0,0,1,0,1947-04-17,,1,,,,,,,,,,,,,,,,
472140,0004108,3,沖縄県,オキナワケン,Okinawa,,,,宮古島市,ミヤコジマシ,Miyakojima-shi,,,,平良,ヒララ,,,,,字西里,アザニシザト,,,0,0,0,0,0,0,1,0,1947-04-17,,1,,,,,,,,,,,,,,,,
472140,0004109,3,沖縄県,オキナワケン,Okinawa,,,,宮古島市,ミヤコジマシ,Miyakojima-shi,,,,平良,ヒララ,,,,,字久貝,アザクガイ,,,0,0,0,0,0,0,1,0,1947-04-17,,1,,,,,,,,,,,,,,,,
472140,0004110,3,沖縄県,オキナワケン,Okinawa,,,,宮古島市,ミヤコジマシ,Miyakojima-shi,,,,平良,ヒララ,,,,,字前里,アザマエザト,,,0,0,0,0,0,0,1,0,1947-04-17,,1,,,,,,,,,,,,,,,,
472140,0004111,3,沖縄県,オキナワケン,Okinawa,,,,宮古島市,ミヤコジマシ,Miyakojima-shi,,,,平良,ヒララ,,,,,字松原,アザマツバラ,,,0,0,0,0,0,0,1,0,1947-04-17,,1,,,,,,,,,,,,,,,,
472140,0004112,3,沖縄県,オキナワケン,Okinawa,,,,宮古島市,ミヤコジマシ,Miyakojima-shi,,,,平良,ヒララ,,,,,字西仲宗根,アザニシナカソネ,,,0,0,0,0,0,0,1,0,1947-04-17,,1,,,,,,,,,,,,,,,,
472140,0004113,3,沖縄県,オキナワケン,Okinawa,,,,宮古島市,ミヤコジマシ,Miyakojima-shi,,,,平良,ヒララ,,,,,字東仲宗根,アザヒガシナカソネ,,,0,0,0,0,0,0,1,0,1947-04-17,,1,,,,,,,,,,,,,,,,
472140,0004114,3,沖縄県,オキナワケン,Okinawa,,,,宮古島市,ミヤコジマシ,Miyakojima-shi,,,,平良,ヒララ,,,,,字荷川取,アザニカドリ,,,0,0,0,0,0,0,1,0,1947-04-17,,1,,,,,,,,,,,,,,,,
472140,0004115,3,沖縄県,オキナワケン,Okinawa,,,,宮古島市,ミヤコジマシ,Miyakojima-shi,,,,平良,ヒララ,,,,,字大神,アザオオガミ,,,0,0,0,0,0,0,1,0,1947-04-17,,1,,,,,,,,,,,,,,,,
472140,0046000,1,沖縄県,オキナワケン,Okinawa,,,,宮古島市,ミヤコジマシ,Miyakojima-shi,,,,伊良部,イラブ,,,,,,,,,0,0,0,0,0,0,1,0,1947-04-17,,1,,,,,,,,,,,,,,,,
472140,0046101,3,沖縄県,オキナワケン,Okinawa,,,,宮古島市,ミヤコジマシ,Miyakojima-shi,,,,伊良部,イラブ,,,,,字前里添,アザマエザトゾエ,,,0,0,0,0,0,0,1,0,1947-04-17,,1,,,,,,,,,,,,,,,,
472140,0046102,3,沖縄県,オキナワケン,Okinawa,,,,宮古島市,ミヤコジマシ,Miyakojima-shi,,,,伊良部,イラブ,,,,,字国仲,アザクニナカ,,,0,0,0,0,0,0,1,0,1947-04-17,,1,,,,,,,,,,,,,,,,
472140,0046103,3,沖縄県,オキナワケン,Okinawa,,,,宮古島市,ミヤコジマシ,Miyakojima-shi,,,,伊良部,イラブ,,,,,字佐和田,アザサワダ,,,0,0,0,0,0,0,1,0,1947-04-17,,1,,,,,,,,,,,,,,,,
472140,0046104,3,沖縄県,オキナワケン,Okinawa,,,,宮古島市,ミヤコジマシ,Miyakojima-shi,,,,伊良部,イラブ,,,,,字池間添,アザイケマゾエ,,,0,0,0,0,0,0,1,0,1947-04-17,,1,,,,,,,,,,,,,,,,
472140,0046105,3,沖縄県,オキナワケン,Okinawa,,,,宮古島市,ミヤコジマシ,Miyakojima-shi,,,,伊良部,イラブ,,,,,字仲地,アザナカチ,,,0,0,0,0,0,0,1,0,1947-04-17,,1,,,,,,,,,,,,,,,,
472140,0046106,3,沖縄県,オキナワケン,Okinawa,,,,宮古島市,ミヤコジマシ,Miyakojima-shi,,,,伊良部,イラブ,,,,,字伊良部,アザイラブ,,,0,0,0,0,0,0,1,0,1947-04-17,,1,,,,,,,,,,,,,,,,
472140,0046107,3,沖縄県,オキナワケン,Okinawa,,,,宮古島市,ミヤコジマシ,Miyakojima-shi,,,,伊良部,イラブ,,,,,字長浜,アザナガハマ,,,0,0,0,0,0,0,1,0,1947-04-17,,1,,,,,,,,,,,,,,,,
472140,0047000,1,沖縄県,オキナワケン,Okinawa,,,,宮古島市,ミヤコジマシ,Miyakojima-shi,,,,上野,ウエノ,,,,,,,,,0,0,0,0,0,0,1,0,1947-04-17,,1,,,,,,,,,,,,,,,,
472140,0047101,3,沖縄県,オキナワケン,Okinawa,,,,宮古島市,ミヤコジマシ,Miyakojima-shi,,,,上野,ウエノ,,,,,字野原,アザノバル,,,0,0,0,0,0,0,1,0,1947-04-17,,1,,,,,,,,,,,,,,,,
472140,0047102,3,沖縄県,オキナワケン,Okinawa,,,,宮古島市,ミヤコジマシ,Miyakojima-shi,,,,上野,ウエノ,,,,,字上野,アザウエノ,,,0,0,0,0,0,0,1,0,1947-04-17,,1,,,,,,,,,,,,,,,,
472140,0047103,3,沖縄県,オキナワケン,Okinawa,,,,宮古島市,ミヤコジマシ,Miyakojima-shi,,,,上野,ウエノ,,,,,字新里,アザアラザト,,,0,0,0,0,0,0,1,0,1947-04-17,,1,,,,,,,,,,,,,,,,
472140,0047104,3,沖縄県,オキナワケン,Okinawa,,,,宮古島市,ミヤコジマシ,Miyakojima-shi,,,,上野,ウエノ,,,,,字宮国,アザミヤグニ,,,0,0,0,0,0,0,1,0,1947-04-17,,1,,,,,,,,,,,,,,,,
472158,0001000,1,沖縄県,オキナワケン,Okinawa,,,,南城市,ナンジョウシ,Nanjo-shi,,,,字つきしろ,アザツキシロ,Tsukishiro,,,,,,,,0,0,0,0,0,0,1,1,1947-04-17,,0,9011407,,,,,,,,,,,,,,,
472158,0002000,1,沖縄県,オキナワケン,Okinawa,,,,南城市,ナンジョウシ,Nanjo-shi,,,,知念,チネン,,,,,,,,,0,0,0,0,0,0,1,0,2024-08-09,,1,,,,,,,,,,,,,,,,
472158,0002101,3,沖縄県,オキナワケン,Okinawa,,,,南城市,ナンジョウシ,Nanjo-shi,,,,知念,チネン,,,,,字具志堅,アザグシケン,,,0,0,0,0,0,0,1,0,1947-04-17,,1,,,,,,,,,,,,,,,,
472158,0002102,3,沖縄県,オキナワケン,Okinawa,,,,南城市,ナンジョウシ,Nanjo-shi,,,,知念,チネン,,,,,字志喜屋,アザシキヤ,,,0,0,0,0,0,0,1,0,1947-04-17,,1,,,,,,,,,,,,,,,,
472158,0002103,3,沖縄県,オキナワケン,Okinawa,,,,南城市,ナンジョウシ,Nanjo-shi,,,,知念,チネン,,,,,字山里,アザヤマサト,,,0,0,0,0,0,0,1,0,1947-04-17,,1,,,,,,,,,,,,,,,,
472158,0002104,3,沖縄県,オキナワケン,Okinawa,,,,南城市,ナンジョウシ,Nanjo-shi,,,,知念,チネン,,,,,字知名,アザチナ,,,0,0,0,0,0,0,1,0,1947-04-17,,1,,,,,,,,,,,,,,,,
472158,0002105,3,沖縄県,オキナワケン,Okinawa,,,,南城市,ナンジョウシ,Nanjo-shi,,,,知念,チネン,,,,,字安座真,アザアザマ,,,0,0,0,0,0,0,1,0,1947-04-17,,1,,,,,,,,,,,,,,,,
472158,0002106,3,沖縄県,オキナワケン,Okinawa,,,,南城市,ナンジョウシ,Nanjo-shi,,,,知念,チネン,,,,,字吉富,アザヨシトミ,,,0,0,0,0,0,0,1,0,1947-04-17,,1,,,,,,,,,,,,,,,,
472158,0002107,3,沖縄県,オキナワケン,Okinawa,,,,南城市,ナンジョウシ,Nanjo-shi,,,,知念,チネン,,,,,字知念,アザチネン,,,0,0,0,0,0,0,1,0,1947-04-17,,1,,,,,,,,,,,,,,,,
472158,0002108,3,沖縄県,オキナワケン,Okinawa,,,,南城市,ナンジョウシ,Nanjo-shi,,,,知念,チネン,,,,,字久原,アザクハラ,,,0,0,0,0,0,0,1,0,1947-04-17,,1,,,,,,,,,,,,,,,,
472158,0002109,3,沖縄県,オキナワケン,Okinawa,,,,南城市,ナンジョウシ,Nanjo-shi,,,,知念,チネン,,,,,字久高,アザクダカ,,,0,0,0,0,0,0,1,0,1947-04-17,,1,,,,,,,,,,,,,,,,
472158,0002110,3,沖縄県,オキナワケン,Okinawa,,,,南城市,ナンジョウシ,Nanjo-shi,,,,知念,チネン,,,,,字海野,アザウミノ,,,0,0,0,0,0,0,1,0,1947-04-17,,1,,,,,,,,,,,,,,,,
472158,0002111,3,沖縄県,オキナワケン,Okinawa,,,,南城市,ナンジョウシ,Nanjo-shi,,,,知念,チネン,,,,,字久手堅,アザクデケン,,,0,0,0,0,0,0,1,0,1947-04-17,,1,,,,,,,,,,,,,,,,
472158,0050000,1,沖縄県,オキナワケン,Okinawa,,,,南城市,ナンジョウシ,Nanjo-shi,,,,佐敷,サシキ,,,,,,,,,0,0,0,0,0,0,1,0,1947-04-17,,1,,,,,,,,,,,,,,,,
472158,0050101,3,沖縄県,オキナワケン,Okinawa,,,,南城市,ナンジョウシ,Nanjo-shi,,,,佐敷,サシキ,,,,,字新開,アザシンカイ,,,0,0,0,0,0,0,1,0,1947-04-17,,1,,,,,,,,,,,,,,,,
472158,0050102,3,沖縄県,オキナワケン,Okinawa,,,,南城市,ナンジョウシ,Nanjo-shi,,,,佐敷,サシキ,,,,,字佐敷,アザ,,,0,0,0,0,0,0,1,0,1947-04-17,,1,,,,,,,,,,,,,,,,
472158,0050103,3,沖縄県,オキナワケン,Okinawa,,,,南城市,ナンジョウシ,Nanjo-shi,,,,佐敷,サシキ,,,,,字兼久,アザカネク,,,0,0,0,0,0,0,1,0,1947-04-17,,1,,,,,,,,,,,,,,,,
472158,0050104,3,沖縄県,オキナワケン,Okinawa,,,,南城市,ナンジョウシ,Nanjo-shi,,,,佐敷,サシキ,,,,,字小谷,アザオコク,,,0,0,0,0,0,0,1,0,1947-04-17,,1,,,,,,,,,,,,,,,,
472158,0050105,3,沖縄県,オキナワケン,Okinawa,,,,南城市,ナンジョウシ,Nanjo-shi,,,,佐敷,サシキ,,,,,字津波古,アザツハコ,,,0,0,0,0,0,0,1,0,1947-04-17,,1,,,,,,,,,,,,,,,,
472158,0050106,3,沖縄県,オキナワケン,Okinawa,,,,南城市,ナンジョウシ,Nanjo-shi,,,,佐敷,サシキ,,,,,字新里,アザシンザト,,,0,0,0,0,0,0,1,0,1947-04-17,,1,,,,,,,,,,,,,,,,
472158,0050107,3,沖縄県,オキナワケン,Okinawa,,,,南城市,ナンジョウシ,Nanjo-shi,,,,佐敷,サシキ,,,,,字手登根,アザテドコン,,,0,0,0,0,0,0,1,0,1947-04-17,,1,,,,,,,,,,,,,,,,
472158,0050108,3,沖縄県,オキナワケン,Okinawa,,,,南城市,ナンジョウシ,Nanjo-shi,,,,佐敷,サシキ,,,,,字伊原,アザイバラ,,,0,0,0,0,0,0,1,0,1947-04-17,,1,,,,,,,,,,,,,,,,
472158,0050109,3,沖縄県,オキナワケン,Okinawa,,,,南城市,ナンジョウシ,Nanjo-shi,,,,佐敷,サシキ,,,,,字屋比久,アザヤビク,,,0,0,0,0,0,0,1,0,1947-04-17,,1,,,,,,,,,,,,,,,,
472158,0050110,3,沖縄県,オキナワケン,Okinawa,,,,南城市,ナンジョウシ,Nanjo-shi,,,,佐敷,サシキ,,,,,外間,,,,0,0,0,0,0,0,1,0,1947-04-17,,1,,,,,,,,,,,,,,,,
472158,0050111,3,沖縄県,オキナワケン,Okinawa,,,,南城市,ナンジョウシ,Nanjo-shi,,,,佐敷,サシキ,,,,,字仲伊保,アザナカイホ,,,0,0,0,0,0,0,1,0,1947-04-17,,1,,,,,,,,,,,,,,,,
472158,0050112,3,沖縄県,オキナワケン,Okinawa,,,,南城市,ナンジョウシ,Nanjo-shi,,,,佐敷,サシキ,,,,,つきしろ,,,,0,0,0,0,0,0,1,0,1947-04-17,,1,,,,,,,,,,,,,,,,
472158,0050113,3,沖縄県,オキナワケン,Okinawa,,,,南城市,ナンジョウシ,Nanjo-shi,,,,佐敷,サシキ,,,,,字冨祖崎,アザフソザキ,,,0,0,0,0,0,0,1,0,1947-04-17,,1,,,,,,,,,,,,,,,,
472158,0051000,1,沖縄県,オキナワケン,Okinawa,,,,南城市,ナンジョウシ,Nanjo-shi,,,,大里,オオザト,,,,,,,,,0,0,0,0,0,0,1,0,1947-04-17,,1,,,,,,,,,,,,,,,,
472158,0051101,3,沖縄県,オキナワケン,Okinawa,,,,南城市,ナンジョウシ,Nanjo-shi,,,,大里,オオザト,,,,,字仲間,アザナカマ,,,0,0,0,0,0,0,1,0,1947-04-17,,1,,,,,,,,,,,,,,,,
472158,0051102,3,沖縄県,オキナワケン,Okinawa,,,,南城市,ナンジョウシ,Nanjo-shi,,,,大里,オオザト,,,,,字嶺井,アザミネイ,,,0,0,0,0,0,0,1,0,1947-04-17,,1,,,,,,,,,,,,,,,,
472158,0051103,3,沖縄県,オキナワケン,Okinawa,,,,南城市,ナンジョウシ,Nanjo-shi,,,,大里,オオザト,,,,,字平良,アザタイラ,,,0,0,0,0,0,0,1,0,1947-04-17,,1,,,,,,,,,,,,,,,,
472158,0051104,3,沖縄県,オキナワケン,Okinawa,,,,南城市,ナンジョウシ,Nanjo-shi,,,,大里,オオザト,,,,,字稲嶺,アザイナミネ,,,0,0,0,0,0,0,1,0,1947-04-17,,1,,,,,,,,,,,,,,,,
472158,0051105,3,沖縄県,オキナワケン,Okinawa,,,,南城市,ナンジョウシ,Nanjo-shi,,,,大里,オオザト,,,,,字大城,アザオオシロ,,,0,0,0,0,0,0,1,0,1947-04-17,,1,,,,,,,,,,,,,,,,
472158,0051106,3,沖縄県,オキナワケン,Okinawa,,,,南城市,ナンジョウシ,Nanjo-shi,,,,大里,オオザト,,,,,字大里,アザオオザト,,,0,0,0,0,0,0,1,0,1947-04-17,,1,,,,,,,,,,,,,,,,
472158,0051107,3,沖縄県,オキナワケン,Okinawa,,,,南城市,ナンジョウシ,Nanjo-shi,,,,大里,オオザト,,,,,字古堅,アザフルゲン,,,0,0,0,0,0,0,1,0,1947-04-17,,1,,,,,,,,,,,,,,,,
472158,0051108,3,沖縄県,オキナワケン,Okinawa,,,,南城市,ナンジョウシ,Nanjo-shi,,,,大里,オオザト,,,,,字高平,アザタカヒラ,,,0,0,0,0,0,0,1,0,1947-04-17,,1,,,,,,,,,,,,,,,,
472158,0052000,1,沖縄県,オキナワケン,Okinawa,,,,南城市,ナンジョウシ,Nanjo-shi,,,,玉城,タマグスク,,,,,,,,,0,0,0,0,0,0,1,0,1947-04-17,,1,,,,,,,,,,,,,,,,
472158,0052101,3,沖縄県,オキナワケン,Okinawa,,,,南城市,ナンジョウシ,Nanjo-shi,,,,玉城,タマグスク,,,,,字堀川,アザホリカワ,,,0,0,0,0,0,0,1,0,1947-04-17,,1,,,,,,,,,,,,,,,,
472158,0052102,3,沖縄県,オキナワケン,Okinawa,,,,南城市,ナンジョウシ,Nanjo-shi,,,,玉城,タマグスク,,,,,字前川,アザマエカワ,,,0,0,0,0,0,0,1,0,1947-04-17,,1,,,,,,,,,,,,,,,,
472158,0052103,3,沖縄県,オキナワケン,Okinawa,,,,南城市,ナンジョウシ,Nanjo-shi,,,,玉城,タマグスク,,,,,字船越,アザフナコシ,,,0,0,0,0,0,0,1,0,1947-04-17,,1,,,,,,,,,,,,,,,,
472158,0052104,3,沖縄県,オキナワケン,Okinawa,,,,南城市,ナンジョウシ,Nanjo-shi,,,,玉城,タマグスク,,,,,字親慶原,アザオヤケバル,,,0,0,0,0,0,0,1,0,1947-04-17,,1,,,,,,,,,,,,,,,,
472158,0052105,3,沖縄県,オキナワケン,Okinawa,,,,南城市,ナンジョウシ,Nanjo-shi,,,,玉城,タマグスク,,,,,字百名,アザヒャクナ,,,0,0,0,0,0,0,1,0,1947-04-17,,1,,,,,,,,,,,,,,,,
472158,0052106,3,沖縄県,オキナワケン,Okinawa,,,,南城市,ナンジョウシ,Nanjo-shi,,,,玉城,タマグスク,,,,,字屋嘉部,アザヤカブ,,,0,0,0,0,0,0,1,0,1947-04-17,,1,,,,,,,,,,,,,,,,
472158,0052107,3,沖縄県,オキナワケン,Okinawa,,,,南城市,ナンジョウシ,Nanjo-shi,,,,玉城,タマグスク,,,,,字垣花,アザカキノハナ,,,0,0,0,0,0,0,1,0,1947-04-17,,1,,,,,,,,,,,,,,,,
472158,0052108,3,沖縄県,オキナワケン,Okinawa,,,,南城市,ナンジョウシ,Nanjo-shi,,,,玉城,タマグスク,,,,,字愛地,アザアイチ,,,0,0,0,0,0,0,1,0,1947-04-17,,1,,,,,,,,,,,,,,,,
472158,0052109,3,沖縄県,オキナワケン,Okinawa,,,,南城市,ナンジョウシ,Nanjo-shi,,,,玉城,タマグスク,,,,,字當山,アザトウヤマ,,,0,0,0,0,0,0,1,0,1947-04-17,,1,,,,,,,,,,,,,,,,
472158,0052110,3,沖縄県,オキナワケン,Okinawa,,,,南城市,ナンジョウシ,Nanjo-shi,,,,玉城,タマグスク,,,,,字喜良原,アザキラバル,,,0,0,0,0,0,0,1,0,1947-04-17,,1,,,,,,,,,,,,,,,,
472158,0052111,3,沖縄県,オキナワケン,Okinawa,,,,南城市,ナンジョウシ,Nanjo-shi,,,,玉城,タマグスク,,,,,字糸数,アザイトカズ,,,0,0,0,0,0,0,1,0,1947-04-17,,1,,,,,,,,,,,,,,,,
472158,0052112,3,沖縄県,オキナワケン,Okinawa,,,,南城市,ナンジョウシ,Nanjo-shi,,,,玉城,タマグスク,,,,,字富里,アザフサト,,,0,0,0,0,0,0,1,0,1947-04-17,,1,,,,,,,,,,,,,,,,
472158,0052113,3,沖縄県,オキナワケン,Okinawa,,,,南城市,ナンジョウシ,Nanjo-shi,,,,玉城,タマグスク,,,,,字奥武,アザオウ,,,0,0,0,0,0,0,1,0,1947-04-17,,1,,,,,,,,,,,,,,,,
472158,0052114,3,沖縄県,オキナワケン,Okinawa,,,,南城市,ナンジョウシ,Nanjo-shi,,,,玉城,タマグスク,,,,,字志堅原,アザシケンバル,,,0,0,0,0,0,0,1,0,1947-04-17,,1,,,,,,,,,,,,,,,,
472158,0052115,3,沖縄県,オキナワケン,Okinawa,,,,南城市,ナンジョウシ,Nanjo-shi,,,,玉城,タマグスク,,,,,字仲村渠,アザナカンダカリ,,,0,0,0,0,0,0,1,0,1947-04-17,,1,,,,,,,,,,,,,,,,
472158,0052116,3,沖縄県,オキナワケン,Okinawa,,,,南城市,ナンジョウシ,Nanjo-shi,,,,玉城,タマグスク,,,,,字中山,アザナカヤマ,,,0,0,0,0,0,0,1,0,1947-04-17,,1,,,,,,,,,,,,,,,,
472158,0052117,3,沖縄県,オキナワケン,Okinawa,,,,南城市,ナンジョウシ,Nanjo-shi,,,,玉城,タマグスク,,,,,字玉城,アザタマグスク,,,0,0,0,0,0,0,1,0,1947-04-17,,1,,,,,,,,,,,,,,,,
473014,0001000,1,沖縄県,オキナワケン,Okinawa,国頭郡,クニガミグン,Kunigami-gun,国頭村,クニガミソン,Kunigami-son,,,,字安波,アザアハ,Aha,,,,,,,,0,0,0,0,0,0,1,1,1947-04-17,,0,9051504,,,,,,,,,,,,,,,
473014,0002000,1,沖縄県,オキナワケン,Okinawa,国頭郡,クニガミグン,Kunigami-gun,国頭村,クニガミソン,Kunigami-son,,,,字与那,アザヨナ,Yona,,,,,,,,0,0,0,0,0,0,1,1,1947-04-17,,0,9051427,,,,,,,,,,,,,,,
473014,0003000,1,沖縄県,オキナワケン,Okinawa,国頭郡,クニガミグン,Kunigami-gun,国頭村,クニガミソン,Kunigami-son,,,,字謝敷,アザジャシキ,Jashiki,,,,,,,,0,0,0,0,0,0,1,1,1947-04-17,,0,9051426,,,,,,,,,,,,,,,
473014,0004000,1,沖縄県,オキナワケン,Okinawa,国頭郡,クニガミグン,Kunigami-gun,国頭村,クニガミソン,Kunigami-son,,,,字安田,アザアダ,Ada,,,,,,,,0,0,0,0,0,0,1,1,1947-04-17,,0,9051503,,,,,,,,,,,,,,,
473014,0005000,1,沖縄県,オキナワケン,Okinawa,国頭郡,クニガミグン,Kunigami-gun,国頭村,クニガミソン,Kunigami-son,,,,字宇嘉,アザウカ,Uka,,,,,,,,0,0,0,0,0,0,1,1,1947-04-17,,0,9051423,,,,,,,,,,,,,,,
473014,0006000,1,沖縄県,オキナワケン,Okinawa,国頭郡,クニガミグン,Kunigami-gun,国頭村,クニガミソン,Kunigami-son,,,,字宇良,アザウラ,Ura,,,,,,,,0,0,0,0,0,0,1,1,1947-04-17,,0,9051429,,,,,,,,,,,,,,,
473014,0007000,1,沖縄県,オキナワケン,Okinawa,国頭郡,クニガミグン,Kunigami-gun,国頭村,クニガミソン,Kunigami-son,,,,字辺野喜,アザベノキ,Benoki,,,,,,,,0,0,0,0,0,0,1,1,1947-04-17,,0,9051424,,,,,,,,,,,,,,,
473014,0008000,1,沖縄県,オキナワケン,Okinawa,国頭郡,クニガミグン,Kunigami-gun,国頭村,クニガミソン,Kunigami-son,,,,字佐手,アザサテ,Sate,,,,,,,,0,0,0,0,0,0,1,1,1947-04-17,,0,9051425,,,,,,,,,,,,,,,
473014,0009000,1,沖縄県,オキナワケン,Okinawa,国頭郡,クニガミグン,Kunigami-gun,国頭村,クニガミソン,Kunigami-son,,,,字伊地,アザイジ,Iji,,,,,,,,0,0,0,0,0,0,1,1,1947-04-17,,0,9051428,,,,,,,,,,,,,,,
473014,0010000,1,沖縄県,オキナワケン,Okinawa,国頭郡,クニガミグン,Kunigami-gun,国頭村,クニガミソン,Kunigami-son,,,,字奥,アザオク,Oku,,,,,,,,0,0,0,0,0,0,1,1,1947-04-17,,0,9051501,,,,,,,,,,,,,,,
473014,0011000,1,沖縄県,オキナワケン,Okinawa,国頭郡,クニガミグン,Kunigami-gun,国頭村,クニガミソン,Kunigami-son,,,,字楚洲,アザソス,Sosu,,,,,,,,0,0,0,0,0,0,1,1,1947-04-17,,0,9051502,,,,,,,,,,,,,,,
473014,0012000,1,沖縄県,オキナワケン,Okinawa,国頭郡,クニガミグン,Kunigami-gun,国頭村,クニガミソン,Kunigami-son,,,,字宜名真,アザギナマ,Ginama,,,,,,,,0,0,0,0,0,0,1,1,1947-04-17,,0,9051422,,,,,,,,,,,,,,,
473014,0013000,1,沖縄県,オキナワケン,Okinawa,国頭郡,クニガミグン,Kunigami-gun,国頭村,クニガミソン,Kunigami-son,,,,字桃原,アザトウバル,Tobaru,,,,,,,,0,0,0,0,0,0,1,1,1947-04-17,,0,9051417,,,,,,,,,,,,,,,
473014,0014000,1,沖縄県,オキナワケン,Okinawa,国頭郡,クニガミグン,Kunigami-gun,国頭村,クニガミソン,Kunigami-son,,,,字半地,アザハンジ,Hanji,,,,,,,,0,0,0,0,0,0,1,1,1947-04-17,,0,9051414,,,,,,,,,,,,,,,
473014,0015000,1,沖縄県,オキナワケン,Okinawa,国頭郡,クニガミグン,Kunigami-gun,国頭村,クニガミソン,Kunigami-son,,,,字鏡地,アザカガンジ,Kaganji,,,,,,,,0,0,0,0,0,0,1,1,1947-04-17,,0,9051416,,,,,,,,,,,,,,,
473014,0016000,1,沖縄県,オキナワケン,Okinawa,国頭郡,クニガミグン,Kunigami-gun,国頭村,クニガミソン,Kunigami-son,,,,字辺土名,アザヘントナ,Hentona,,,,,,,,0,0,0,0,0,0,1,1,1947-04-17,,0,9051411,,,,,,,,,,,,,,,
473014,0017000,1,沖縄県,オキナワケン,Okinawa,国頭郡,クニガミグン,Kunigami-gun,国頭村,クニガミソン,Kunigami-son,,,,字比地,アザヒジ,Hiji,,,,,,,,0,0,0,0,0,0,1,1,1947-04-17,,0,9051413,,,,,,,,,,,,,,,
473014,0018000,1,沖縄県,オキナワケン,Okinawa,国頭郡,クニガミグン,Kunigami-gun,国頭村,クニガミソン,Kunigami-son,,,,字奥間,アザオクマ,Okuma,,,,,,,,0,0,0,0,0,0,1,1,1947-04-17,,0,9051412,,,,,,,,,,,,,,,
473014,0019000,1,沖縄県,オキナワケン,Okinawa,国頭郡,クニガミグン,Kunigami-gun,国頭村,クニガミソン,Kunigami-son,,,,字浜,アザハマ,Hama,,,,,,,,0,0,0,0,0,0,1,1,1947-04-17,,0,9051415,,,,,,,,,,,,,,,
473014,0020000,1,沖縄県,オキナワケン,Okinawa,国頭郡,クニガミグン,Kunigami-gun,国頭村,クニガミソン,Kunigami-son,,,,字辺戸,アザヘド,Hedo,,,,,,,,0,0,0,0,0,0,1,1,1947-04-17,,0,9051421,,,,,,,,,,,,,,,
473022,0001000,1,沖縄県,オキナワケン,Okinawa,国頭郡,クニガミグン,Kunigami-gun,大宜味村,オオギミソン,Ogimi-son,,,,字白浜,アザシラハマ,Shirahama,,,,,,,,0,0,0,0,0,0,1,1,1947-04-17,,0,9051316,,,,,,,,,,,,,,,
473022,0002000,1,沖縄県,オキナワケン,Okinawa,国頭郡,クニガミグン,Kunigami-gun,大宜味村,オオギミソン,Ogimi-son,,,,字田港,アザタミナト,Taminato,,,,,,,,0,0,0,0,0,0,1,1,1947-04-17,,0,9051314,,,,,,,,,,,,,,,
473022,0003000,1,沖縄県,オキナワケン,Okinawa,国頭郡,クニガミグン,Kunigami-gun,大宜味村,オオギミソン,Ogimi-son,,,,字大保,アザタイホ,Taiho,,,,,,,,0,0,0,0,0,0,1,1,1947-04-17,,0,9051315,,,,,,,,,,,,,,,
473022,0004000,1,沖縄県,オキナワケン,Okinawa,国頭郡,クニガミグン,Kunigami-gun,大宜味村,オオギミソン,Ogimi-son,,,,字喜如嘉,アザキジョカ,Kijoka,,,,,,,,0,0,0,0,0,0,1,1,1947-04-17,,0,9051303,,,,,,,,,,,,,,,
473022,0005000,1,沖縄県,オキナワケン,Okinawa,国頭郡,クニガミグン,Kunigami-gun,大宜味村,オオギミソン,Ogimi-son,,,,字謝名城,アザジャナグシク,Janagusuku,,,,,,,,0,0,0,0,0,0,1,1,1947-04-17,,0,9051302,,,,,,,,,,,,,,,
473022,0006000,1,沖縄県,オキナワケン,Okinawa,国頭郡,クニガミグン,Kunigami-gun,大宜味村,オオギミソン,Ogimi-son,,,,字押川,アザオシカワ,Oshikawa,,,,,,,,0,0,0,0,0,0,1,1,1947-04-17,,0,9051313,,,,,,,,,,,,,,,
473022,0007000,1,沖縄県,オキナワケン,Okinawa,国頭郡,クニガミグン,Kunigami-gun,大宜味村,オオギミソン,Ogimi-son,,,,字大宜味,アザオオギミ,Ogimi,,,,,,,,0,0,0,0,0,0,1,1,1947-04-17,,0,9051306,,,,,,,,,,,,,,,
473022,0008000,1,沖縄県,オキナワケン,Okinawa,国頭郡,クニガミグン,Kunigami-gun,大宜味村,オオギミソン,Ogimi-son,,,,字根路銘,アザネロメ,Nerome,,,,,,,,0,0,0,0,0,0,1,1,1947-04-17,,0,9051307,,,,,,,,,,,,,,,
473022,0009000,1,沖縄県,オキナワケン,Okinawa,国頭郡,クニガミグン,Kunigami-gun,大宜味村,オオギミソン,Ogimi-son,,,,字饒波,アザヌウハ,Nuha,,,,,,,,0,0,0,0,0,0,1,1,1947-04-17,,0,9051304,,,,,,,,,,,,,,,
473022,0010000,1,沖縄県,オキナワケン,Okinawa,国頭郡,クニガミグン,Kunigami-gun,大宜味村,オオギミソン,Ogimi-son,,,,字塩屋,アザシオヤ,Shioya,,,,,,,,0,0,0,0,0,0,1,1,1947-04-17,,0,9051311,,,,,,,,,,,,,,,
473022,0011000,1,沖縄県,オキナワケン,Okinawa,国頭郡,クニガミグン,Kunigami-gun,大宜味村,オオギミソン,Ogimi-son,,,,字大兼久,アザオオガネク,Oganeku,,,,,,,,0,0,0,0,0,0,1,1,1947-04-17,,0,9051305,,,,,,,,,,,,,,,
473022,0012000,1,沖縄県,オキナワケン,Okinawa,国頭郡,クニガミグン,Kunigami-gun,大宜味村,オオギミソン,Ogimi-son,,,,字屋古,アザヤコ,Yako,,,,,,,,0,0,0,0,0,0,1,1,1947-04-17,,0,9051312,,,,,,,,,,,,,,,
473022,0013000,1,沖縄県,オキナワケン,Okinawa,国頭郡,クニガミグン,Kunigami-gun,大宜味村,オオギミソン,Ogimi-son,,,,字上原,アザウエバル,Uehara,,,,,,,,0,0,0,0,0,0,1,1,1947-04-17,,0,9051308,,,,,,,,,,,,,,,
473022,0014000,1,沖縄県,オキナワケン,Okinawa,国頭郡,クニガミグン,Kunigami-gun,大宜味村,オオギミソン,Ogimi-son,,,,字宮城,アザミヤギ,Miyagi,,,,,,,,0,0,0,0,0,0,1,1,1947-04-17,,0,9051319,,,,,,,,,,,,,,,
473022,0015000,1,沖縄県,オキナワケン,Okinawa,国頭郡,クニガミグン,Kunigami-gun,大宜味村,オオギミソン,Ogimi-son,,,,字津波,アザツハ,Tsuha,,,,,,,,0,0,0,0,0,0,1,1,1947-04-17,,0,9051318,,,,,,,,,,,,,,,
473022,0016000,1,沖縄県,オキナワケン,Okinawa,国頭郡,クニガミグン,Kunigami-gun,大宜味村,オオギミソン,Ogimi-son,,,,字田嘉里,アザタカザト,Takazato,,,,,,,,0,0,0,0,0,0,1,1,1947-04-17,,0,9051301,,,,,,,,,,,,,,,
473022,0017000,1,沖縄県,オキナワケン,Okinawa,国頭郡,クニガミグン,Kunigami-gun,大宜味村,オオギミソン,Ogimi-son,,,,字江洲,アザエス,,,,,,,,,0,0,0,0,0,0,1,0,1947-04-17,,1,,,,,,,,,,,,,,,,
473031,0001000,1,沖縄県,オキナワケン,Okinawa,国頭郡,クニガミグン,Kunigami-gun,東村,ヒガシソン,Higashi-son,,,,字高江,アザタカエ,Takae,,,,,,,,0,0,0,0,0,0,1,1,1947-04-17,,0,9051201,,,,,,,,,,,,,,,
473031,0002000,1,沖縄県,オキナワケン,Okinawa,国頭郡,クニガミグン,Kunigami-gun,東村,ヒガシソン,Higashi-son,,,,字慶佐次,アザゲサシ,Gesashi,,,,,,,,0,0,0,0,0,0,1,1,1947-04-17,,0,9051205,,,,,,,,,,,,,,,
473031,0003000,1,沖縄県,オキナワケン,Okinawa,国頭郡,クニガミグン,Kunigami-gun,東村,ヒガシソン,Higashi-son,,,,字有銘,アザアルメ,Arume,,,,,,,,0,0,0,0,0,0,1,1,1947-04-17,,0,9051206,,,,,,,,,,,,,,,
473031,0004000,1,沖縄県,オキナワケン,Okinawa,国頭郡,クニガミグン,Kunigami-gun,東村,ヒガシソン,Higashi-son,,,,字宮城,アザミヤギ,Miyagi,,,,,,,,0,0,0,0,0,0,1,1,1947-04-17,,0,9051202,,,,,,,,,,,,,,,
473031,0005000,1,沖縄県,オキナワケン,Okinawa,国頭郡,クニガミグン,Kunigami-gun,東村,ヒガシソン,Higashi-son,,,,字川田,アザカワタ,Kawata,,,,,,,,0,0,0,0,0,0,1,1,1947-04-17,,0,9051203,,,,,,,,,,,,,,,
473031,0006000,1,沖縄県,オキナワケン,Okinawa,国頭郡,クニガミグン,Kunigami-gun,東村,ヒガシソン,Higashi-son,,,,字平良,アザタイラ,Taira,,,,,,,,0,0,0,0,0,0,1,1,1947-04-17,,0,9051204,,,,,,,,,,,,,,,
473065,0001000,1,沖縄県,オキナワケン,Okinawa,国頭郡,クニガミグン,Kunigami-gun,今帰仁村,ナキジンソン,Nakijin-son,,,,字運天,アザウンテン,Unten,,,,,,,,0,0,0,0,0,0,1,1,1947-04-17,,0,9050403,,,,,,,,,,,,,,,
473065,0002000,1,沖縄県,オキナワケン,Okinawa,国頭郡,クニガミグン,Kunigami-gun,今帰仁村,ナキジンソン,Nakijin-son,,,,字天底,アザアメソコ,Amesoko,,,,,,,,0,0,0,0,0,0,1,1,1947-04-17,,0,9050411,,,,,,,,,,,,,,,
473065,0003000,1,沖縄県,オキナワケン,Okinawa,国頭郡,クニガミグン,Kunigami-gun,今帰仁村,ナキジンソン,Nakijin-son,,,,字上運天,アザカミウンテン,Kamiunten,,,,,,,,0,0,0,0,0,0,1,1,1947-04-17,,0,9050404,,,,,,,,,,,,,,,
473065,0004000,1,沖縄県,オキナワケン,Okinawa,国頭郡,クニガミグン,Kunigami-gun,今帰仁村,ナキジンソン,Nakijin-son,,,,字玉城,アザタマシロ,Tamashiro,,,,,,,,0,0,0,0,0,0,1,1,1947-04-17,,0,9050415,,,,,,,,,,,,,,,
473065,0005000,1,沖縄県,オキナワケン,Okinawa,国頭郡,クニガミグン,Kunigami-gun,今帰仁村,ナキジンソン,Nakijin-son,,,,字謝名,アザジャナ,Jana,,,,,,,,0,0,0,0,0,0,1,1,1947-04-17,,0,9050414,,,,,,,,,,,,,,,
473065,0006000,1,沖縄県,オキナワケン,Okinawa,国頭郡,クニガミグン,Kunigami-gun,今帰仁村,ナキジンソン,Nakijin-son,,,,字仲尾次,アザナカオシ,Nakaoshi,,,,,,,,0,0,0,0,0,0,1,1,1947-04-17,,0,9050424,,,,,,,,,,,,,,,
473065,0007000,1,沖縄県,オキナワケン,Okinawa,国頭郡,クニガミグン,Kunigami-gun,今帰仁村,ナキジンソン,Nakijin-son,,,,字今泊,アザイマドマリ,Imadomari,,,,,,,,0,0,0,0,0,0,1,1,1947-04-17,,0,9050428,,,,,,,,,,,,,,,
473065,0008000,1,沖縄県,オキナワケン,Okinawa,国頭郡,クニガミグン,Kunigami-gun,今帰仁村,ナキジンソン,Nakijin-son,,,,字兼次,アザカネシ,Kaneshi,,,,,,,,0,0,0,0,0,0,1,1,1947-04-17,,0,9050427,,,,,,,,,,,,,,,
473065,0009000,1,沖縄県,オキナワケン,Okinawa,国頭郡,クニガミグン,Kunigami-gun,今帰仁村,ナキジンソン,Nakijin-son,,,,字湧川,アザワクガワ,Wakugawa,,,,,,,,0,0,0,0,0,0,1,1,1947-04-17,,0,9050412,,,,,,,,,,,,,,,
473065,0010000,1,沖縄県,オキナワケン,Okinawa,国頭郡,クニガミグン,Kunigami-gun,今帰仁村,ナキジンソン,Nakijin-son,,,,字呉我山,アザゴガヤマ,Gogayama,,,,,,,,0,0,0,0,0,0,1,1,1947-04-17,,0,9050413,,,,,,,,,,,,,,,
473065,0011000,1,沖縄県,オキナワケン,Okinawa,国頭郡,クニガミグン,Kunigami-gun,今帰仁村,ナキジンソン,Nakijin-son,,,,字古宇利,アザコウリ,Kori,,,,,,,,0,0,0,0,0,0,1,1,1947-04-17,,0,9050406,,,,,,,,,,,,,,,
473065,0012000,1,沖縄県,オキナワケン,Okinawa,国頭郡,クニガミグン,Kunigami-gun,今帰仁村,ナキジンソン,Nakijin-son,,,,字勢理客,アザセリキャク,Serikyaku,,,,,,,,0,0,0,0,0,0,1,1,1947-04-17,,0,9050405,,,,,,,,,,,,,,,
473065,0013000,1,沖縄県,オキナワケン,Okinawa,国頭郡,クニガミグン,Kunigami-gun,今帰仁村,ナキジンソン,Nakijin-son,,,,字渡喜仁,アザトキジン,Tokijin,,,,,,,,0,0,0,0,0,0,1,1,1947-04-17,,0,9050402,,,,,,,,,,,,,,,
473065,0014000,1,沖縄県,オキナワケン,Okinawa,国頭郡,クニガミグン,Kunigami-gun,今帰仁村,ナキジンソン,Nakijin-son,,,,字崎山,アザサキヤマ,Sakiyama,,,,,,,,0,0,0,0,0,0,1,1,1947-04-17,,0,9050422,,,,,,,,,,,,,,,
473065,0015000,1,沖縄県,オキナワケン,Okinawa,国頭郡,クニガミグン,Kunigami-gun,今帰仁村,ナキジンソン,Nakijin-son,,,,字平敷,アザヘシキ,Heshiki,,,,,,,,0,0,0,0,0,0,1,1,1947-04-17,,0,9050423,,,,,,,,,,,,,,,
473065,0016000,1,沖縄県,オキナワケン,Okinawa,国頭郡,クニガミグン,Kunigami-gun,今帰仁村,ナキジンソン,Nakijin-son,,,,字仲宗根,アザナカソネ,Nakasone,,,,,,,,0,0,0,0,0,0,1,1,1947-04-17,,0,9050401,,,,,,,,,,,,,,,
473065,0017000,1,沖縄県,オキナワケン,Okinawa,国頭郡,クニガミグン,Kunigami-gun,今帰仁村,ナキジンソン,Nakijin-son,,,,字越地,アザコエチ,Koechi,,,,,,,,0,0,0,0,0,0,1,1,1947-04-17,,0,9050421,,,,,,,,,,,,,,,
473065,0018000,1,沖縄県,オキナワケン,Okinawa,国頭郡,クニガミグン,Kunigami-gun,今帰仁村,ナキジンソン,Nakijin-son,,,,字与那嶺,アザヨナミネ,Yonamine,,,,,,,,0,0,0,0,0,0,1,1,1947-04-17,,0,9050425,,,,,,,,,,,,,,,
473065,0019000,1,沖縄県,オキナワケン,Okinawa,国頭郡,クニガミグン,Kunigami-gun,今帰仁村,ナキジンソン,Nakijin-son,,,,字諸志,アザショシ,Shoshi,,,,,,,,0,0,0,0,0,0,1,1,1947-04-17,,0,9050426,,,,,,,,,,,,,,,
473081,0001000,1,沖縄県,オキナワケン,Okinawa,国頭郡,クニガミグン,Kunigami-gun,本部町,モトブチョウ,Motobu-cho,,,,字瀬底,アザセソコ,Sesoko,,,,,,,,0,0,0,0,0,0,1,1,1947-04-17,,0,9050227,,,,,,,,,,,,,,,
473081,0002000,1,沖縄県,オキナワケン,Okinawa,国頭郡,クニガミグン,Kunigami-gun,本部町,モトブチョウ,Motobu-cho,,,,字浜元,アザハマモト,Hamamoto,,,,,,,,0,0,0,0,0,0,1,1,1947-04-17,,0,9050216,,,,,,,,,,,,,,,
473081,0003000,1,沖縄県,オキナワケン,Okinawa,国頭郡,クニガミグン,Kunigami-gun,本部町,モトブチョウ,Motobu-cho,,,,字並里,アザナミザト,Namizato,,,,,,,,0,0,0,0,0,0,1,1,1947-04-17,,0,9050222,,,,,,,,,,,,,,,
473081,0004000,1,沖縄県,オキナワケン,Okinawa,国頭郡,クニガミグン,Kunigami-gun,本部町,モトブチョウ,Motobu-cho,,,,字伊豆味,アザイズミ,Izumi,,,,,,,,0,0,0,0,0,0,1,1,1947-04-17,,0,9050221,,,,,,,,,,,,,,,
473081,0005000,1,沖縄県,オキナワケン,Okinawa,国頭郡,クニガミグン,Kunigami-gun,本部町,モトブチョウ,Motobu-cho,,,,字伊野波,アザイノハ,Inoha,,,,,,,,0,0,0,0,0,0,1,1,1947-04-17,,0,9050228,,,,,,,,,,,,,,,
473081,0006000,1,沖縄県,オキナワケン,Okinawa,国頭郡,クニガミグン,Kunigami-gun,本部町,モトブチョウ,Motobu-cho,,,,字山里,アザヤマザト,Yamazato,,,,,,,,0,0,0,0,0,0,1,1,1947-04-17,,0,9050219,,,,,,,,,,,,,,,
473081,0007000,1,沖縄県,オキナワケン,Okinawa,国頭郡,クニガミグン,Kunigami-gun,本部町,モトブチョウ,Motobu-cho,,,,字野原,アザノバル,Nobaru,,,,,,,,0,0,0,0,0,0,1,1,1947-04-17,,0,9050215,,,,,,,,,,,,,,,
473081,0008000,1,沖縄県,オキナワケン,Okinawa,国頭郡,クニガミグン,Kunigami-gun,本部町,モトブチョウ,Motobu-cho,,,,字大嘉陽,アザオオカヨウ,Okayo,,,,,,,,0,0,0,0,0,0,1,1,1947-04-17,,0,9050223,,,,,,,,,,,,,,,
473081,0009000,1,沖縄県,オキナワケン,Okinawa,国頭郡,クニガミグン,Kunigami-gun,本部町,モトブチョウ,Motobu-cho,,,,字谷茶,アザタンチャ,Tancha,,,,,,,,0,0,0,0,0,0,1,1,1947-04-17,,0,9050213,,,,,,,,,,,,,,,
473081,0010000,1,沖縄県,オキナワケン,Okinawa,国頭郡,クニガミグン,Kunigami-gun,本部町,モトブチョウ,Motobu-cho,,,,字健堅,アザケンケン,Kenken,,,,,,,,0,0,0,0,0,0,1,1,1947-04-17,,0,9050226,,,,,,,,,,,,,,,
473081,0011000,1,沖縄県,オキナワケン,Okinawa,国頭郡,クニガミグン,Kunigami-gun,本部町,モトブチョウ,Motobu-cho,,,,字大浜,アザオオハマ,Ohama,,,,,,,,0,0,0,0,0,0,1,1,1947-04-17,,0,9050212,,,,,,,,,,,,,,,
473081,0012000,1,沖縄県,オキナワケン,Okinawa,国頭郡,クニガミグン,Kunigami-gun,本部町,モトブチョウ,Motobu-cho,,,,字辺名地,アザヘナチ,Henaji,,,,,,,,0,0,0,0,0,0,1,1,1947-04-17,,0,9050224,,,,,,,,,,,,,,,
473081,0013000,1,沖縄県,オキナワケン,Okinawa,国頭郡,クニガミグン,Kunigami-gun,本部町,モトブチョウ,Motobu-cho,,,,字東,アザヒガシ,Higashi,,,,,,,,0,0,0,0,0,0,1,1,1947-04-17,,0,9050211,,,,,,,,,,,,,,,
473081,0014000,1,沖縄県,オキナワケン,Okinawa,国頭郡,クニガミグン,Kunigami-gun,本部町,モトブチョウ,Motobu-cho,,,,字渡久地,アザトグチ,Toguchi,,,,,,,,0,0,0,0,0,0,1,1,1947-04-17,,0,9050214,,,,,,,,,,,,,,,
473081,0015000,1,沖縄県,オキナワケン,Okinawa,国頭郡,クニガミグン,Kunigami-gun,本部町,モトブチョウ,Motobu-cho,,,,字備瀬,アザビセ,Bise,,,,,,,,0,0,0,0,0,0,1,1,1947-04-17,,0,9050207,,,,,,,,,,,,,,,
473081,0016000,1,沖縄県,オキナワケン,Okinawa,国頭郡,クニガミグン,Kunigami-gun,本部町,モトブチョウ,Motobu-cho,,,,字新里,アザシンザト,Shinzato,,,,,,,,0,0,0,0,0,0,1,1,1947-04-17,,0,9050208,,,,,,,,,,,,,,,
473081,0017000,1,沖縄県,オキナワケン,Okinawa,国頭郡,クニガミグン,Kunigami-gun,本部町,モトブチョウ,Motobu-cho,,,,字具志堅,アザグシケン,Gushiken,,,,,,,,0,0,0,0,0,0,1,1,1947-04-17,,0,9050201,,,,,,,,,,,,,,,
473081,0018000,1,沖縄県,オキナワケン,Okinawa,国頭郡,クニガミグン,Kunigami-gun,本部町,モトブチョウ,Motobu-cho,,,,字謝花,アザジャハナ,Jahana,,,,,,,,0,0,0,0,0,0,1,1,1947-04-17,,0,9050203,,,,,,,,,,,,,,,
473081,0019000,1,沖縄県,オキナワケン,Okinawa,国頭郡,クニガミグン,Kunigami-gun,本部町,モトブチョウ,Motobu-cho,,,,字北里,アザキタザト,Kitazato,,,,,,,,0,0,0,0,0,0,1,1,1947-04-17,,0,9050209,,,,,,,,,,,,,,,
473081,0020000,1,沖縄県,オキナワケン,Okinawa,国頭郡,クニガミグン,Kunigami-gun,本部町,モトブチョウ,Motobu-cho,,,,字石川,アザイシカワ,Ishikawa,,,,,,,,0,0,0,0,0,0,1,1,1947-04-17,,0,9050206,,,,,,,,,,,,,,,
473081,0021000,1,沖縄県,オキナワケン,Okinawa,国頭郡,クニガミグン,Kunigami-gun,本部町,モトブチョウ,Motobu-cho,,,,字豊原,アザトヨハラ,Toyohara,,,,,,,,0,0,0,0,0,0,1,1,1947-04-17,,0,9050204,,,,,,,,,,,,,,,
473081,0022000,1,沖縄県,オキナワケン,Okinawa,国頭郡,クニガミグン,Kunigami-gun,本部町,モトブチョウ,Motobu-cho,,,,字大堂,アザウフドウ,Ufudo,,,,,,,,0,0,0,0,0,0,1,1,1947-04-17,,0,9050229,,,,,,,,,,,,,,,
473081,0023000,1,沖縄県,オキナワケン,Okinawa,国頭郡,クニガミグン,Kunigami-gun,本部町,モトブチョウ,Motobu-cho,,,,字嘉津宇,アザカツウ,Katsu,,,,,,,,0,0,0,0,0,0,1,1,1947-04-17,,0,9050202,,,,,,,,,,,,,,,
473081,0024000,1,沖縄県,オキナワケン,Okinawa,国頭郡,クニガミグン,Kunigami-gun,本部町,モトブチョウ,Motobu-cho,,,,字古島,アザフルジマ,Furujima,,,,,,,,0,0,0,0,0,0,1,1,1947-04-17,,0,9050218,,,,,,,,,,,,,,,
473081,0025000,1,沖縄県,オキナワケン,Okinawa,国頭郡,クニガミグン,Kunigami-gun,本部町,モトブチョウ,Motobu-cho,,,,字山川,アザヤマガワ,Yamakawa,,,,,,,,0,0,0,0,0,0,1,1,1947-04-17,,0,9050205,,,,,,,,,,,,,,,
473081,0026000,1,沖縄県,オキナワケン,Okinawa,国頭郡,クニガミグン,Kunigami-gun,本部町,モトブチョウ,Motobu-cho,,,,字浦崎,アザウラサキ,Urasaki,,,,,,,,0,0,0,0,0,0,1,1,1947-04-17,,0,9050217,,,,,,,,,,,,,,,
473081,0027000,1,沖縄県,オキナワケン,Okinawa,国頭郡,クニガミグン,Kunigami-gun,本部町,モトブチョウ,Motobu-cho,,,,字崎本部,アザサキモトブ,Sakimotobu,,,,,,,,0,0,0,0,0,0,1,1,1947-04-17,,0,9050225,,,,,,,,,,,,,,,
473111,0001000,1,沖縄県,オキナワケン,Okinawa,国頭郡,クニガミグン,Kunigami-gun,恩納村,オンナソン,Onna-son,,,,字真栄田,アザマエダ,Maeda,,,,,,,,0,0,0,0,0,0,1,1,1947-04-17,,0,9040417,,,,,,,,,,,,,,,
473111,0002000,1,沖縄県,オキナワケン,Okinawa,国頭郡,クニガミグン,Kunigami-gun,恩納村,オンナソン,Onna-son,,,,字瀬良垣,アザセラカキ,Serakaki,,,,,,,,0,0,0,0,0,0,1,1,1947-04-17,,0,9040404,,,,,,,,,,,,,,,
473111,0003000,1,沖縄県,オキナワケン,Okinawa,国頭郡,クニガミグン,Kunigami-gun,恩納村,オンナソン,Onna-son,,,,字恩納,アザオンナ,Onna,,,,,,,,0,0,0,0,0,0,1,1,1947-04-17,,0,9040411,,,,,,,,,,,,,,,
473111,0004000,1,沖縄県,オキナワケン,Okinawa,国頭郡,クニガミグン,Kunigami-gun,恩納村,オンナソン,Onna-son,,,,字山田,アザヤマダ,Yamada,,,,,,,,0,0,0,0,0,0,1,1,1947-04-17,,0,9040416,,,,,,,,,,,,,,,
473111,0005000,1,沖縄県,オキナワケン,Okinawa,国頭郡,クニガミグン,Kunigami-gun,恩納村,オンナソン,Onna-son,,,,字安富祖,アザアフソ,Afuso,,,,,,,,0,0,0,0,0,0,1,1,1947-04-17,,0,9040402,,,,,,,,,,,,,,,
473111,0006000,1,沖縄県,オキナワケン,Okinawa,国頭郡,クニガミグン,Kunigami-gun,恩納村,オンナソン,Onna-son,,,,字名嘉真,アザナカマ,Nakama,,,,,,,,0,0,0,0,0,0,1,1,1947-04-17,,0,9040401,,,,,,,,,,,,,,,
473111,0007000,1,沖縄県,オキナワケン,Okinawa,国頭郡,クニガミグン,Kunigami-gun,恩納村,オンナソン,Onna-son,,,,字喜瀬武原,アザキセンバル,Kisembaru,,,,,,,,0,0,0,0,0,0,1,1,1947-04-17,,0,9040403,,,,,,,,,,,,,,,
473111,0008000,1,沖縄県,オキナワケン,Okinawa,国頭郡,クニガミグン,Kunigami-gun,恩納村,オンナソン,Onna-son,,,,字谷茶,アザタンチャ,Tancha,,,,,,,,0,0,0,0,0,0,1,1,1947-04-17,,0,9040412,,,,,,,,,,,,,,,
473111,0009000,1,沖縄県,オキナワケン,Okinawa,国頭郡,クニガミグン,Kunigami-gun,恩納村,オンナソン,Onna-son,,,,字冨着,アザフチャク,Fuchaku,,,,,,,,0,0,0,0,0,0,1,1,1947-04-17,,0,9040413,,,,,,,,,,,,,,,
473111,0010000,1,沖縄県,オキナワケン,Okinawa,国頭郡,クニガミグン,Kunigami-gun,恩納村,オンナソン,Onna-son,,,,字前兼久,アザマエガネク,Maeganeku,,,,,,,,0,0,0,0,0,0,1,1,1947-04-17,,0,9040414,,,,,,,,,,,,,,,
473111,0011000,1,沖縄県,オキナワケン,Okinawa,国頭郡,クニガミグン,Kunigami-gun,恩納村,オンナソン,Onna-son,,,,字仲泊,アザナカドマリ,Nakadomari,,,,,,,,0,0,0,0,0,0,1,1,1947-04-17,,0,9040415,,,,,,,,,,,,,,,
473138,0001000,1,沖縄県,オキナワケン,Okinawa,国頭郡,クニガミグン,Kunigami-gun,宜野座村,ギノザソン,Ginoza-son,,,,字松田,アザマツダ,Matsuda,,,,,,,,0,0,0,0,0,0,1,1,1947-04-17,,0,9041301,,,,,,,,,,,,,,,
473138,0002000,1,沖縄県,オキナワケン,Okinawa,国頭郡,クニガミグン,Kunigami-gun,宜野座村,ギノザソン,Ginoza-son,,,,字宜野座,アザギノザ,Ginoza,,,,,,,,0,0,0,0,0,0,1,1,1947-04-17,,0,9041302,,,,,,,,,,,,,,,
473138,0003000,1,沖縄県,オキナワケン,Okinawa,国頭郡,クニガミグン,Kunigami-gun,宜野座村,ギノザソン,Ginoza-son,,,,字惣慶,アザソケイ,Sokei,,,,,,,,0,0,0,0,0,0,1,1,1947-04-17,,0,9041303,,,,,,,,,,,,,,,
473138,0004000,1,沖縄県,オキナワケン,Okinawa,国頭郡,クニガミグン,Kunigami-gun,宜野座村,ギノザソン,Ginoza-son,,,,字漢那,アザカンナ,Kanna,,,,,,,,0,0,0,0,0,0,1,1,1947-04-17,,0,9041304,,,,,,,,,,,,,,,
473146,0001000,1,沖縄県,オキナワケン,Okinawa,国頭郡,クニガミグン,Kunigami-gun,金武町,キンチョウ,Kin-cho,,,,字伊芸,アザイゲイ,Igei,,,,,,,,0,0,0,0,0,0,1,1,1947-04-17,,0,9041202,,,,,,,,,,,,,,,
473146,0002000,1,沖縄県,オキナワケン,Okinawa,国頭郡,クニガミグン,Kunigami-gun,金武町,キンチョウ,Kin-cho,,,,字金武,アザキン,Kin,,,,,,,,0,0,0,0,0,0,1,1,1947-04-17,,0,9041201,,,,,,,,,,,,,,,
473146,0003000,1,沖縄県,オキナワケン,Okinawa,国頭郡,クニガミグン,Kunigami-gun,金武町,キンチョウ,Kin-cho,,,,字屋嘉,アザヤカ,Yaka,,,,,,,,0,0,0,0,0,0,1,1,1947-04-17,,0,9041203,,,,,,,,,,,,,,,
473154,0001000,1,沖縄県,オキナワケン,Okinawa,国頭郡,クニガミグン,Kunigami-gun,伊江村,イエソン,Ie-son,,,,字川平,アザカワヒラ,Kawahira,,,,,,,,0,0,0,0,0,0,1,1,1947-04-17,,0,9050503,,,,,,,,,,,,,,,
473154,0002000,1,沖縄県,オキナワケン,Okinawa,国頭郡,クニガミグン,Kunigami-gun,伊江村,イエソン,Ie-son,,,,字東江前,アザヒガシエマエ,Higashiemae,,,,,,,,0,0,0,0,0,0,1,1,1947-04-17,,0,9050502,,,,,,,,,,,,,,,
473154,0003000,1,沖縄県,オキナワケン,Okinawa,国頭郡,クニガミグン,Kunigami-gun,伊江村,イエソン,Ie-son,,,,字西江前,アザニシエマエ,Nishiemae,,,,,,,,0,0,0,0,0,0,1,1,1947-04-17,,0,9050504,,,,,,,,,,,,,,,
473154,0004000,1,沖縄県,オキナワケン,Okinawa,国頭郡,クニガミグン,Kunigami-gun,伊江村,イエソン,Ie-son,,,,字東江上,アザヒガシエウエ,Higashieue,,,,,,,,0,0,0,0,0,0,1,1,1947-04-17,,0,9050501,,,,,,,,,,,,,,,
473154,0005000,1,沖縄県,オキナワケン,Okinawa,国頭郡,クニガミグン,Kunigami-gun,伊江村,イエソン,Ie-son,,,,字西江上,アザニシエウエ,Nishieue,,,,,,,,0,0,0,0,0,0,1,1,1947-04-17,,0,9050505,,,,,,,,,,,,,,,
473243,0001000,1,沖縄県,オキナワケン,Okinawa,中頭郡,ナカガミグン,Nakagami-gun,読谷村,ヨミタンソン,Yomitan-son,,,,字大湾,アザオオワン,Owan,,,,,,,,0,0,0,0,0,0,1,1,1947-04-17,,0,9040313,,,,,,,,,,,,,,,
473243,0002000,1,沖縄県,オキナワケン,Okinawa,中頭郡,ナカガミグン,Nakagami-gun,読谷村,ヨミタンソン,Yomitan-son,,,,字大木,アザオオキ,Oki,,,,,,,,0,0,0,0,0,0,1,1,1947-04-17,,0,9040316,,,,,,,,,,,,,,,
473243,0003000,1,沖縄県,オキナワケン,Okinawa,中頭郡,ナカガミグン,Nakagami-gun,読谷村,ヨミタンソン,Yomitan-son,,,,字伊良皆,アザイラミナ,Iramina,,,,,,,,0,0,0,0,0,0,1,1,1947-04-17,,0,9040303,,,,,,,,,,,,,,,
473243,0004000,1,沖縄県,オキナワケン,Okinawa,中頭郡,ナカガミグン,Nakagami-gun,読谷村,ヨミタンソン,Yomitan-son,,,,字長浜,アザナガハマ,Nagahama,,,,,,,,0,0,0,0,0,0,1,1,1947-04-17,,0,9040324,,,,,,,,,,,,,,,
473243,0005000,1,沖縄県,オキナワケン,Okinawa,中頭郡,ナカガミグン,Nakagami-gun,読谷村,ヨミタンソン,Yomitan-son,,,,字座喜味,アザザキミ,Zakimi,,,,,,,,0,0,0,0,0,0,1,1,1947-04-17,,0,9040301,,,,,,,,,,,,,,,
473243,0006000,1,沖縄県,オキナワケン,Okinawa,中頭郡,ナカガミグン,Nakagami-gun,読谷村,ヨミタンソン,Yomitan-son,,,,字喜名,アザキナ,Kina,,,,,,,,0,0,0,0,0,0,1,1,1947-04-17,,0,9040302,,,,,,,,,,,,,,,
473243,0007000,1,沖縄県,オキナワケン,Okinawa,中頭郡,ナカガミグン,Nakagami-gun,読谷村,ヨミタンソン,Yomitan-son,,,,字古堅,アザフルゲン,Furugen,,,,,,,,0,0,0,0,0,0,1,1,1947-04-17,,0,9040314,,,,,,,,,,,,,,,
473243,0008000,1,沖縄県,オキナワケン,Okinawa,中頭郡,ナカガミグン,Nakagami-gun,読谷村,ヨミタンソン,Yomitan-son,,,,字親志,アザオヤシ,,,,,,,,,0,0,0,0,0,0,1,1,1947-04-17,,0,,,,,,,,,,,,,,,,
473243,0009000,1,沖縄県,オキナワケン,Okinawa,中頭郡,ナカガミグン,Nakagami-gun,読谷村,ヨミタンソン,Yomitan-son,,,,字儀間,アザギマ,Gima,,,,,,,,0,0,0,0,0,0,1,1,1947-04-17,,0,9040327,,,,,,,,,,,,,,,
473243,0010000,1,沖縄県,オキナワケン,Okinawa,中頭郡,ナカガミグン,Nakagami-gun,読谷村,ヨミタンソン,Yomitan-son,,,,字渡慶次,アザトケシ,Tokeshi,,,,,,,,0,0,0,0,0,0,1,1,1947-04-17,,0,9040326,,,,,,,,,,,,,,,
473243,0011000,1,沖縄県,オキナワケン,Okinawa,中頭郡,ナカガミグン,Nakagami-gun,読谷村,ヨミタンソン,Yomitan-son,,,,字瀬名波,アザセナハ,Senaha,,,,,,,,0,0,0,0,0,0,1,1,1947-04-17,,0,9040325,,,,,,,,,,,,,,,
473243,0012000,1,沖縄県,オキナワケン,Okinawa,中頭郡,ナカガミグン,Nakagami-gun,読谷村,ヨミタンソン,Yomitan-son,,,,字長田,アザナガタ,,,,,,,,,0,0,0,0,0,0,1,1,1947-04-17,,0,,,,,,,,,,,,,,,,
473243,0013000,1,沖縄県,オキナワケン,Okinawa,中頭郡,ナカガミグン,Nakagami-gun,読谷村,ヨミタンソン,Yomitan-son,,,,字比謝,アザヒジャ,Hija,,,,,,,,0,0,0,0,0,0,1,1,1947-04-17,,0,9040311,,,,,,,,,,,,,,,
473243,0014000,1,沖縄県,オキナワケン,Okinawa,中頭郡,ナカガミグン,Nakagami-gun,読谷村,ヨミタンソン,Yomitan-son,,,,字牧原,アザマキバル,,,,,,,,,0,0,0,0,0,0,1,1,1947-04-17,,0,,,,,,,,,,,,,,,,
473243,0015000,1,沖縄県,オキナワケン,Okinawa,中頭郡,ナカガミグン,Nakagami-gun,読谷村,ヨミタンソン,Yomitan-son,,,,字比謝矼,アザヒジャバシ,Hijabashi,,,,,,,,0,0,0,0,0,0,1,1,1947-04-17,,0,9040312,,,,,,,,,,,,,,,
473243,0016000,1,沖縄県,オキナワケン,Okinawa,中頭郡,ナカガミグン,Nakagami-gun,読谷村,ヨミタンソン,Yomitan-son,,,,字渡具知,アザトグチ,Toguchi,,,,,,,,0,0,0,0,0,0,1,1,1947-04-17,,0,9040315,,,,,,,,,,,,,,,
473243,0017000,1,沖縄県,オキナワケン,Okinawa,中頭郡,ナカガミグン,Nakagami-gun,読谷村,ヨミタンソン,Yomitan-son,,,,字高志保,アザタカシホ,Takashiho,,,,,,,,0,0,0,0,0,0,1,1,1947-04-17,,0,9040323,,,,,,,,,,,,,,,
473243,0018000,1,沖縄県,オキナワケン,Okinawa,中頭郡,ナカガミグン,Nakagami-gun,読谷村,ヨミタンソン,Yomitan-son,,,,字上地,アザウエチ,Uechi,,,,,,,,0,0,0,0,0,0,1,1,1947-04-17,,0,9040321,,,,,,,,,,,,,,,
473243,0019000,1,沖縄県,オキナワケン,Okinawa,中頭郡,ナカガミグン,Nakagami-gun,読谷村,ヨミタンソン,Yomitan-son,,,,字波平,アザナミヒラ,Namihira,,,,,,,,0,0,0,0,0,0,1,1,1947-04-17,,0,9040322,,,,,,,,,,,,,,,
473243,0020000,1,沖縄県,オキナワケン,Okinawa,中頭郡,ナカガミグン,Nakagami-gun,読谷村,ヨミタンソン,Yomitan-son,,,,字都屋,アザトヤ,Toya,,,,,,,,0,0,0,0,0,0,1,1,1947-04-17,,0,9040305,,,,,,,,,,,,,,,
473243,0021000,1,沖縄県,オキナワケン,Okinawa,中頭郡,ナカガミグン,Nakagami-gun,読谷村,ヨミタンソン,Yomitan-son,,,,字楚辺,アザソベ,Sobe,,,,,,,,0,0,0,0,0,0,1,1,1947-04-17,,0,9040304,,,,,,,,,,,,,,,
473243,0022000,1,沖縄県,オキナワケン,Okinawa,中頭郡,ナカガミグン,Nakagami-gun,読谷村,ヨミタンソン,Yomitan-son,,,,字宇座,アザウザ,Uza,,,,,,,,0,0,0,0,0,0,1,1,1947-04-17,,0,9040328,,,,,,,,,,,,,,,
473243,0023000,1,沖縄県,オキナワケン,Okinawa,中頭郡,ナカガミグン,Nakagami-gun,読谷村,ヨミタンソン,Yomitan-son,,,,字ときわ,アザトキワ,Tokiwa,,,,,,,,0,0,0,0,0,0,1,0,2025-08-02,,1,,,,,,,,,,,,,,,,
473251,0001001,2,沖縄県,オキナワケン,Okinawa,中頭郡,ナカガミグン,Nakagami-gun,嘉手納町,カデナチョウ,Kadena-cho,,,,屋良,ヤラ,Yara,一丁目,１チョウメ,1,,,,,0,0,0,0,0,0,1,1,1947-04-17,,0,,,,,,,,,,,,,,,,
473251,0002000,1,沖縄県,オキナワケン,Okinawa,中頭郡,ナカガミグン,Nakagami-gun,嘉手納町,カデナチョウ,Kadena-cho,,,,字水釜,アザミズガマ,Mizugama,,,,,,,,0,0,0,0,0,0,1,1,1947-04-17,,0,9040204,,,,,,,,,,,,,,,
473251,0003000,1,沖縄県,オキナワケン,Okinawa,中頭郡,ナカガミグン,Nakagami-gun,嘉手納町,カデナチョウ,Kadena-cho,,,,字屋良,アザヤラ,Yara,,,,,,,,0,0,0,0,0,0,1,1,1947-04-17,,0,9040202,,,,,,,,,,,,,,,
473251,0004000,1,沖縄県,オキナワケン,Okinawa,中頭郡,ナカガミグン,Nakagami-gun,嘉手納町,カデナチョウ,Kadena-cho,,,,字久得,アザクドク,Kudoku,,,,,,,,0,0,0,0,0,0,1,1,1947-04-17,,0,9040201,,,,,,,,,,,,,,,
473251,0005000,1,沖縄県,オキナワケン,Okinawa,中頭郡,ナカガミグン,Nakagami-gun,嘉手納町,カデナチョウ,Kadena-cho,,,,字嘉手納,アザカデナ,Kadena,,,,,,,,0,0,0,0,0,0,1,1,1947-04-17,,0,9040203,,,,,,,,,,,,,,,
473251,0005107,3,沖縄県,オキナワケン,Okinawa,中頭郡,ナカガミグン,Nakagami-gun,嘉手納町,カデナチョウ,Kadena-cho,,,,字嘉手納,アザカデナ,,,,,嘉前,,,,0,0,0,0,0,0,1,0,1947-04-17,,1,,,,,,,,,,,,,,,,
473251,0006000,1,沖縄県,オキナワケン,Okinawa,中頭郡,ナカガミグン,Nakagami-gun,嘉手納町,カデナチョウ,Kadena-cho,,,,字兼久,アザカネク,Kaneku,,,,,,,,0,0,0,0,0,0,1,1,1947-04-17,,0,9040205,,,,,,,,,,,,,,,
473251,0007006,2,沖縄県,オキナワケン,Okinawa,中頭郡,ナカガミグン,Nakagami-gun,嘉手納町,カデナチョウ,Kadena-cho,,,,水釜,ミズガマ,Mizugama,六丁目,６チョウメ,6,,,,,1,1,0,0,0,0,1,1,1947-04-17,,0,,,,,,,,,,,,,,,,
473251,0008000,1,沖縄県,オキナワケン,Okinawa,中頭郡,ナカガミグン,Nakagami-gun,嘉手納町,カデナチョウ,Kadena-cho,,,,字国直,アザクニナオ,,,,,,,,,0,0,0,0,0,0,1,1,1947-04-17,,0,,,,,,,,,,,,,,,,
473251,0009000,1,沖縄県,オキナワケン,Okinawa,中頭郡,ナカガミグン,Nakagami-gun,嘉手納町,カデナチョウ,Kadena-cho,,,,字東,アザヒガシ,,,,,,,,,0,0,0,0,0,0,1,1,1947-04-17,,0,,,,,,,,,,,,,,,,
473251,0009101,3,沖縄県,オキナワケン,Okinawa,中頭郡,ナカガミグン,Nakagami-gun,嘉手納町,カデナチョウ,Kadena-cho,,,,字東,アザヒガシ,,,,,伊金堂原,イキントウバル,,,0,0,0,0,0,0,1,0,1947-04-17,,0,,,,,,,,,,,,,,,,
473251,0010000,1,沖縄県,オキナワケン,Okinawa,中頭郡,ナカガミグン,Nakagami-gun,嘉手納町,カデナチョウ,Kadena-cho,,,,字野国,アザノグニ,,,,,,,,,0,0,0,0,0,0,1,1,1947-04-17,,0,,,,,,,,,,,,,,,,
473251,0010110,3,沖縄県,オキナワケン,Okinawa,中頭郡,ナカガミグン,Nakagami-gun,嘉手納町,カデナチョウ,Kadena-cho,,,,字野国,アザノグニ,,,,,千原,,,,0,0,0,0,0,0,1,0,1947-04-17,,1,,,,,,,,,,,,,,,,
473251,0011000,1,沖縄県,オキナワケン,Okinawa,中頭郡,ナカガミグン,Nakagami-gun,嘉手納町,カデナチョウ,Kadena-cho,,,,字野里,アザノザト,,,,,,,,,0,0,0,0,0,0,1,1,1947-04-17,,0,,,,,,,,,,,,,,,,
473260,0001000,1,沖縄県,オキナワケン,Okinawa,中頭郡,ナカガミグン,Nakagami-gun,北谷町,チャタンチョウ,Chatan-cho,,,,字北谷,アザチャタン,Chatan,,,,,,,,0,0,0,0,0,0,1,1,1947-04-17,,0,9040116,,,,,,,,,,,,,,,
473260,0002000,1,沖縄県,オキナワケン,Okinawa,中頭郡,ナカガミグン,Nakagami-gun,北谷町,チャタンチョウ,Chatan-cho,,,,字大村,アザオオムラ,Omura,,,,,,,,0,0,0,0,0,0,1,1,1947-04-17,,0,9040107,,,,,,,,,,,,,,,
473260,0003000,1,沖縄県,オキナワケン,Okinawa,中頭郡,ナカガミグン,Nakagami-gun,北谷町,チャタンチョウ,Chatan-cho,,,,字下勢頭,アザシモセド,,,,,,,,,0,0,0,0,0,0,1,1,1947-04-17,,0,,,,,,,,,,,,,,,,
473260,0004000,1,沖縄県,オキナワケン,Okinawa,中頭郡,ナカガミグン,Nakagami-gun,北谷町,チャタンチョウ,Chatan-cho,,,,字砂辺,アザスナベ,Sunabe,,,,,,,,0,0,0,0,0,0,1,1,1947-04-17,,0,9040111,,,,,,,,,,,,,,,
473260,0005000,1,沖縄県,オキナワケン,Okinawa,中頭郡,ナカガミグン,Nakagami-gun,北谷町,チャタンチョウ,Chatan-cho,,,,字宮城,アザミヤギ,Miyagi,,,,,,,,0,0,0,0,0,0,1,1,1947-04-17,,0,9040113,,,,,,,,,,,,,,,
473260,0006000,1,沖縄県,オキナワケン,Okinawa,中頭郡,ナカガミグン,Nakagami-gun,北谷町,チャタンチョウ,Chatan-cho,,,,字浜川,アザハマガワ,Hamagawa,,,,,,,,0,0,0,0,0,0,1,1,1947-04-17,,0,9040112,,,,,,,,,,,,,,,
473260,0007000,1,沖縄県,オキナワケン,Okinawa,中頭郡,ナカガミグン,Nakagami-gun,北谷町,チャタンチョウ,Chatan-cho,,,,字北前,アザキタマエ,Kitamae,,,,,,,,0,0,0,0,0,0,1,1,1947-04-17,,0,9040117,,,,,,,,,,,,,,,
473260,0008001,2,沖縄県,オキナワケン,Okinawa,中頭郡,ナカガミグン,Nakagami-gun,北谷町,チャタンチョウ,Chatan-cho,,,,美浜,ミハマ,Mihama,１丁目,１チョウメ,1,,,,,0,0,0,0,0,0,1,1,1947-04-17,,0,,,,,,,,,,,,,,,,
473260,0008002,2,沖縄県,オキナワケン,Okinawa,中頭郡,ナカガミグン,Nakagami-gun,北谷町,チャタンチョウ,Chatan-cho,,,,美浜,ミハマ,Mihama,２丁目,２チョウメ,2,,,,,0,0,0,0,0,0,1,1,1947-04-17,,0,,,,,,,,,,,,,,,,
473260,0008003,2,沖縄県,オキナワケン,Okinawa,中頭郡,ナカガミグン,Nakagami-gun,北谷町,チャタンチョウ,Chatan-cho,,,,美浜,ミハマ,Mihama,３丁目,３チョウメ,3,,,,,0,0,0,0,0,0,1,1,1947-04-17,,0,,,,,,,,,,,,,,,,
473260,0009001,2,沖縄県,オキナワケン,Okinawa,中頭郡,ナカガミグン,Nakagami-gun,北谷町,チャタンチョウ,Chatan-cho,,,,北谷,チャタン,Chatan,１丁目,１チョウメ,1,,,,,0,0,0,0,0,0,1,1,1947-04-17,,0,,,,,,,,,,,,,,,,
473260,0009002,2,沖縄県,オキナワケン,Okinawa,中頭郡,ナカガミグン,Nakagami-gun,北谷町,チャタンチョウ,Chatan-cho,,,,北谷,チャタン,Chatan,２丁目,２チョウメ,2,,,,,0,0,0,0,0,0,1,1,1947-04-17,,0,,,,,,,,,,,,,,,,
473260,0010000,1,沖縄県,オキナワケン,Okinawa,中頭郡,ナカガミグン,Nakagami-gun,北谷町,チャタンチョウ,Chatan-cho,,,,字玉上,アザタマガミ,Tamagami,,,,,,,,0,0,0,0,0,0,1,1,1947-04-17,,0,9040106,,,,,,,,,,,,,,,
473260,0011000,1,沖縄県,オキナワケン,Okinawa,中頭郡,ナカガミグン,Nakagami-gun,北谷町,チャタンチョウ,Chatan-cho,,,,字桑江,アザクワエ,Kuwae,,,,,,,,0,0,0,0,0,0,1,1,1947-04-17,,0,9040103,,,,,,,,,,,,,,,
473260,0011000,1,沖縄県,オキナワケン,Okinawa,中頭郡,ナカガミグン,Nakagami-gun,北谷町,チャタンチョウ,Chatan-cho,,,,字桑江,アザクワエ,Kuwae,,,,,,,,1,1,0,0,0,0,1,1,1947-04-17,,0,9040103,,,,,,,,,,,,,,,
473260,0012000,1,沖縄県,オキナワケン,Okinawa,中頭郡,ナカガミグン,Nakagami-gun,北谷町,チャタンチョウ,Chatan-cho,,,,字伊平,アザイヘイ,Ihei,,,,,,,,0,0,0,0,0,0,1,1,1947-04-17,,0,9040102,,,,,,,,,,,,,,,
473260,0012000,1,沖縄県,オキナワケン,Okinawa,中頭郡,ナカガミグン,Nakagami-gun,北谷町,チャタンチョウ,Chatan-cho,,,,字伊平,アザイヘイ,Ihei,,,,,,,,1,1,0,0,0,0,1,1,1947-04-17,,0,9040102,,,,,,,,,,,,,,,
473260,0013000,1,沖縄県,オキナワケン,Okinawa,中頭郡,ナカガミグン,Nakagami-gun,北谷町,チャタンチョウ,Chatan-cho,,,,字上勢頭,アザカミセド,Kamisedo,,,,,,,,0,0,0,0,0,0,1,1,1947-04-17,,0,9040101,,,,,,,,,,,,,,,
473260,0014001,2,沖縄県,オキナワケン,Okinawa,中頭郡,ナカガミグン,Nakagami-gun,北谷町,チャタンチョウ,Chatan-cho,,,,北前,キタマエ,Kitamae,１丁目,１チョウメ,1,,,,,0,0,0,0,0,0,1,1,1947-04-17,,0,,,,,,,,,,,,,,,,
473260,0015000,1,沖縄県,オキナワケン,Okinawa,中頭郡,ナカガミグン,Nakagami-gun,北谷町,チャタンチョウ,Chatan-cho,,,,字美浜,アザミハマ,Mihama,,,,,,,,0,0,0,0,0,0,1,1,1947-04-17,,0,9040115,,,,,,,,,,,,,,,
473260,0016000,1,沖縄県,オキナワケン,Okinawa,中頭郡,ナカガミグン,Nakagami-gun,北谷町,チャタンチョウ,Chatan-cho,,,,字港,アザミナト,Minato,,,,,,,,0,0,0,0,0,0,1,1,1947-04-17,,0,9040114,,,,,,,,,,,,,,,
473260,0017000,1,沖縄県,オキナワケン,Okinawa,中頭郡,ナカガミグン,Nakagami-gun,北谷町,チャタンチョウ,Chatan-cho,,,,字吉原,アザヨシハラ,Yoshihara,,,,,,,,0,0,0,0,0,0,1,1,1947-04-17,,0,9040105,,,,,,,,,,,,,,,
473260,0018000,1,沖縄県,オキナワケン,Okinawa,中頭郡,ナカガミグン,Nakagami-gun,北谷町,チャタンチョウ,Chatan-cho,,,,字桃原,アザトウバル,Tobaru,,,,,,,,0,0,0,0,0,0,1,1,1947-04-17,,0,9040104,,,,,,,,,,,,,,,
473260,0019001,2,沖縄県,オキナワケン,Okinawa,中頭郡,ナカガミグン,Nakagami-gun,北谷町,チャタンチョウ,Chatan-cho,,,,伊平,イヘイ,,１丁目,１チョウメ,1,,,,,1,1,0,0,0,0,1,1,2022-10-02,,0,,,,,,,,,,,,,,,,
473260,0019002,2,沖縄県,オキナワケン,Okinawa,中頭郡,ナカガミグン,Nakagami-gun,北谷町,チャタンチョウ,Chatan-cho,,,,伊平,イヘイ,,２丁目,２チョウメ,2,,,,,1,1,0,0,0,0,1,1,2022-10-02,,0,,,,,,,,,,,,,,,,
473260,0020001,2,沖縄県,オキナワケン,Okinawa,中頭郡,ナカガミグン,Nakagami-gun,北谷町,チャタンチョウ,Chatan-cho,,,,桑江,クワエ,,１丁目,１チョウメ,1,,,,,1,1,0,0,0,0,1,1,2022-10-02,,0,,,,,,,,,,,,,,,,
473278,0001000,1,沖縄県,オキナワケン,Okinawa,中頭郡,ナカガミグン,Nakagami-gun,北中城村,キタナカグスクソン,Kitanakagusuku-son,,,,字屋宜原,アザヤギバル,Yagibaru,,,,,,,,0,0,0,0,0,0,1,1,1947-04-17,,0,9012304,,,,,,,,,,,,,,,
473278,0002000,1,沖縄県,オキナワケン,Okinawa,中頭郡,ナカガミグン,Nakagami-gun,北中城村,キタナカグスクソン,Kitanakagusuku-son,,,,字比嘉,アザヒガ,Higa,,,,,,,,0,0,0,0,0,0,1,1,1947-04-17,,0,9012305,,,,,,,,,,,,,,,
473278,0003000,1,沖縄県,オキナワケン,Okinawa,中頭郡,ナカガミグン,Nakagami-gun,北中城村,キタナカグスクソン,Kitanakagusuku-son,,,,字美崎,アザミサキ,Misaki,,,,,,,,0,0,0,0,0,0,1,1,1947-04-17,,0,9012321,,,,,,,,,,,,,,,
473278,0004000,1,沖縄県,オキナワケン,Okinawa,中頭郡,ナカガミグン,Nakagami-gun,北中城村,キタナカグスクソン,Kitanakagusuku-son,,,,字渡口,アザトグチ,Toguchi,,,,,,,,0,0,0,0,0,0,1,1,1947-04-17,,0,9012302,,,,,,,,,,,,,,,
473278,0005000,1,沖縄県,オキナワケン,Okinawa,中頭郡,ナカガミグン,Nakagami-gun,北中城村,キタナカグスクソン,Kitanakagusuku-son,,,,字和仁屋,アザワニヤ,Waniya,,,,,,,,0,0,0,0,0,0,1,1,1947-04-17,,0,9012312,,,,,,,,,,,,,,,
473278,0006000,1,沖縄県,オキナワケン,Okinawa,中頭郡,ナカガミグン,Nakagami-gun,北中城村,キタナカグスクソン,Kitanakagusuku-son,,,,字仲順,アザチュンジュン,Chunjun,,,,,,,,0,0,0,0,0,0,1,1,1947-04-17,,0,9012303,,,,,,,,,,,,,,,
473278,0007000,1,沖縄県,オキナワケン,Okinawa,中頭郡,ナカガミグン,Nakagami-gun,北中城村,キタナカグスクソン,Kitanakagusuku-son,,,,字喜舎場,アザキシャバ,Kishaba,,,,,,,,0,0,0,0,0,0,1,1,1947-04-17,,0,9012311,,,,,,,,,,,,,,,
473278,0008000,1,沖縄県,オキナワケン,Okinawa,中頭郡,ナカガミグン,Nakagami-gun,北中城村,キタナカグスクソン,Kitanakagusuku-son,,,,字島袋,アザシマブク,Shimabuku,,,,,,,,0,0,0,0,0,0,1,1,1947-04-17,,0,9012301,,,,,,,,,,,,,,,
473278,0009000,1,沖縄県,オキナワケン,Okinawa,中頭郡,ナカガミグン,Nakagami-gun,北中城村,キタナカグスクソン,Kitanakagusuku-son,,,,字熱田,アザアッタ,Atta,,,,,,,,0,0,0,0,0,0,1,1,1947-04-17,,0,9012313,,,,,,,,,,,,,,,
473278,0010000,1,沖縄県,オキナワケン,Okinawa,中頭郡,ナカガミグン,Nakagami-gun,北中城村,キタナカグスクソン,Kitanakagusuku-son,,,,字大城,アザオオグスク,Ogusuku,,,,,,,,0,0,0,0,0,0,1,1,1947-04-17,,0,9012314,,,,,,,,,,,,,,,
473278,0011000,1,沖縄県,オキナワケン,Okinawa,中頭郡,ナカガミグン,Nakagami-gun,北中城村,キタナカグスクソン,Kitanakagusuku-son,,,,字荻道,アザオギドウ,Ogido,,,,,,,,0,0,0,0,0,0,1,1,1947-04-17,,0,9012315,,,,,,,,,,,,,,,
473278,0012000,1,沖縄県,オキナワケン,Okinawa,中頭郡,ナカガミグン,Nakagami-gun,北中城村,キタナカグスクソン,Kitanakagusuku-son,,,,字瑞慶覧,アザズケラン,Zukeran,,,,,,,,0,0,0,0,0,0,1,1,1947-04-17,,0,9012317,,,,,,,,,,,,,,,
473278,0013000,1,沖縄県,オキナワケン,Okinawa,中頭郡,ナカガミグン,Nakagami-gun,北中城村,キタナカグスクソン,Kitanakagusuku-son,,,,字安谷屋,アザアダニヤ,Adaniya,,,,,,,,0,0,0,0,0,0,1,1,1947-04-17,,0,9012316,,,,,,,,,,,,,,,
473278,0014000,1,沖縄県,オキナワケン,Okinawa,中頭郡,ナカガミグン,Nakagami-gun,北中城村,キタナカグスクソン,Kitanakagusuku-son,,,,字ライカム,アザライカム,Raikamu,,,,,,,,0,0,0,0,0,0,1,1,1947-04-17,,0,9012306,,,,,,,,,,,,,,,
473278,0015000,1,沖縄県,オキナワケン,Okinawa,中頭郡,ナカガミグン,Nakagami-gun,北中城村,キタナカグスクソン,Kitanakagusuku-son,,,,軍施設内,グンシセツナイ,,,,,,,,,0,0,0,0,0,0,1,0,1947-04-17,,1,,,,,,,,,,,,,,,,
473286,0001000,1,沖縄県,オキナワケン,Okinawa,中頭郡,ナカガミグン,Nakagami-gun,中城村,ナカグスクソン,Nakagusuku-son,,,,字奥間,アザオクマ,Okuma,,,,,,,,0,0,0,0,0,0,1,1,1947-04-17,,0,9012412,,,,,,,,,,,,,,,
473286,0002000,1,沖縄県,オキナワケン,Okinawa,中頭郡,ナカガミグン,Nakagami-gun,中城村,ナカグスクソン,Nakagusuku-son,,,,字南浜,アザミナミハマ,Minamihama,,,,,,,,0,0,0,0,0,0,1,1,1947-04-17,,0,9012415,,,,,,,,,,,,,,,
473286,0003000,1,沖縄県,オキナワケン,Okinawa,中頭郡,ナカガミグン,Nakagami-gun,中城村,ナカグスクソン,Nakagusuku-son,,,,字北浜,アザキタハマ,Kitahama,,,,,,,,0,0,0,0,0,0,1,1,1947-04-17,,0,9012414,,,,,,,,,,,,,,,
473286,0004000,1,沖縄県,オキナワケン,Okinawa,中頭郡,ナカガミグン,Nakagami-gun,中城村,ナカグスクソン,Nakagusuku-son,,,,字和宇慶,アザワウケ,Wauke,,,,,,,,0,0,0,0,0,0,1,1,1947-04-17,,0,9012416,,,,,,,,,,,,,,,
473286,0005000,1,沖縄県,オキナワケン,Okinawa,中頭郡,ナカガミグン,Nakagami-gun,中城村,ナカグスクソン,Nakagusuku-son,,,,字津覇,アザツハ,Tsuha,,,,,,,,0,0,0,0,0,0,1,1,1947-04-17,,0,9012413,,,,,,,,,,,,,,,
473286,0006000,1,沖縄県,オキナワケン,Okinawa,中頭郡,ナカガミグン,Nakagami-gun,中城村,ナカグスクソン,Nakagusuku-son,,,,字伊舎堂,アザイシャドウ,Ishado,,,,,,,,0,0,0,0,0,0,1,1,1947-04-17,,0,9012403,,,,,,,,,,,,,,,
473286,0007000,1,沖縄県,オキナワケン,Okinawa,中頭郡,ナカガミグン,Nakagami-gun,中城村,ナカグスクソン,Nakagusuku-son,,,,字添石,アザソエシ,Soeshi,,,,,,,,0,0,0,0,0,0,1,1,1947-04-17,,0,9012404,,,,,,,,,,,,,,,
473286,0008000,1,沖縄県,オキナワケン,Okinawa,中頭郡,ナカガミグン,Nakagami-gun,中城村,ナカグスクソン,Nakagusuku-son,,,,字屋宜,アザヤギ,Yagi,,,,,,,,0,0,0,0,0,0,1,1,1947-04-17,,0,9012405,,,,,,,,,,,,,,,
473286,0009000,1,沖縄県,オキナワケン,Okinawa,中頭郡,ナカガミグン,Nakagami-gun,中城村,ナカグスクソン,Nakagusuku-son,,,,字当間,アザトウマ,Toma,,,,,,,,0,0,0,0,0,0,1,1,1947-04-17,,0,9012406,,,,,,,,,,,,,,,
473286,0010000,1,沖縄県,オキナワケン,Okinawa,中頭郡,ナカガミグン,Nakagami-gun,中城村,ナカグスクソン,Nakagusuku-son,,,,字新垣,アザアラカキ,Arakaki,,,,,,,,0,0,0,0,0,0,1,1,1947-04-17,,0,9012422,,,,,,,,,,,,,,,
473286,0011000,1,沖縄県,オキナワケン,Okinawa,中頭郡,ナカガミグン,Nakagami-gun,中城村,ナカグスクソン,Nakagusuku-son,,,,字安里,アザアサト,Asato,,,,,,,,0,0,0,0,0,0,1,1,1947-04-17,,0,9012407,,,,,,,,,,,,,,,
473286,0012000,1,沖縄県,オキナワケン,Okinawa,中頭郡,ナカガミグン,Nakagami-gun,中城村,ナカグスクソン,Nakagusuku-son,,,,字久場,アザクバ,Kuba,,,,,,,,0,0,0,0,0,0,1,1,1947-04-17,,0,9012401,,,,,,,,,,,,,,,
473286,0013000,1,沖縄県,オキナワケン,Okinawa,中頭郡,ナカガミグン,Nakagami-gun,中城村,ナカグスクソン,Nakagusuku-son,,,,字泊,アザトマリ,Tomari,,,,,,,,0,0,0,0,0,0,1,1,1947-04-17,,0,9012402,,,,,,,,,,,,,,,
473286,0014000,1,沖縄県,オキナワケン,Okinawa,中頭郡,ナカガミグン,Nakagami-gun,中城村,ナカグスクソン,Nakagusuku-son,,,,字登又,アザノボリマタ,Noborimata,,,,,,,,0,0,0,0,0,0,1,1,1947-04-17,,0,9012421,,,,,,,,,,,,,,,
473286,0015000,1,沖縄県,オキナワケン,Okinawa,中頭郡,ナカガミグン,Nakagami-gun,中城村,ナカグスクソン,Nakagusuku-son,,,,字北上原,アザキタウエバル,Kitauebaru,,,,,,,,0,0,0,0,0,0,1,1,1947-04-17,,0,9012423,,,,,,,,,,,,,,,
473286,0016000,1,沖縄県,オキナワケン,Okinawa,中頭郡,ナカガミグン,Nakagami-gun,中城村,ナカグスクソン,Nakagusuku-son,,,,字南上原,アザミナミウエバル,Minamiuebaru,,,,,,,,0,0,0,0,0,0,1,1,1947-04-17,,0,9012424,,,,,,,,,,,,,,,
473286,0017000,1,沖縄県,オキナワケン,Okinawa,中頭郡,ナカガミグン,Nakagami-gun,中城村,ナカグスクソン,Nakagusuku-son,,,,字伊集,アザイジュ,Iju,,,,,,,,0,0,0,0,0,0,1,1,1947-04-17,,0,9012417,,,,,,,,,,,,,,,
473286,0018000,1,沖縄県,オキナワケン,Okinawa,中頭郡,ナカガミグン,Nakagami-gun,中城村,ナカグスクソン,Nakagusuku-son,,,,字浜,アザハマ,,,,,,,,,0,0,0,0,0,0,1,0,1947-04-17,,1,,,,,,,,,,,,,,,,
473294,0001000,1,沖縄県,オキナワケン,Okinawa,中頭郡,ナカガミグン,Nakagami-gun,西原町,ニシハラチョウ,Nishihara-cho,,,,字幸地,アザコウチ,Kochi,,,,,,,,0,0,0,0,0,0,1,1,1947-04-17,,0,9030116,,,,,,,,,,,,,,,
473294,0002000,1,沖縄県,オキナワケン,Okinawa,中頭郡,ナカガミグン,Nakagami-gun,西原町,ニシハラチョウ,Nishihara-cho,,,,字小波津,アザコハツ,Kohatsu,,,,,,,,0,0,0,0,0,0,1,1,1947-04-17,,0,9030118,,,,,,,,,,,,,,,
473294,0003000,1,沖縄県,オキナワケン,Okinawa,中頭郡,ナカガミグン,Nakagami-gun,西原町,ニシハラチョウ,Nishihara-cho,,,,字翁長,アザオナガ,Onaga,,,,,,,,0,0,0,0,0,0,1,1,1947-04-17,,0,9030117,,,,,,,,,,,,,,,
473294,0004000,1,沖縄県,オキナワケン,Okinawa,中頭郡,ナカガミグン,Nakagami-gun,西原町,ニシハラチョウ,Nishihara-cho,,,,字桃原,アザトウバル,Tobaru,,,,,,,,0,0,0,0,0,0,1,1,1947-04-17,,0,9030114,,,,,,,,,,,,,,,
473294,0005000,1,沖縄県,オキナワケン,Okinawa,中頭郡,ナカガミグン,Nakagami-gun,西原町,ニシハラチョウ,Nishihara-cho,,,,字安室,アザアムロ,Amuro,,,,,,,,0,0,0,0,0,0,1,1,1947-04-17,,0,9030113,,,,,,,,,,,,,,,
473294,0006000,1,沖縄県,オキナワケン,Okinawa,中頭郡,ナカガミグン,Nakagami-gun,西原町,ニシハラチョウ,Nishihara-cho,,,,字徳佐田,アザトクサダ,Tokusada,,,,,,,,0,0,0,0,0,0,1,1,1947-04-17,,0,9030127,,,,,,,,,,,,,,,
473294,0007000,1,沖縄県,オキナワケン,Okinawa,中頭郡,ナカガミグン,Nakagami-gun,西原町,ニシハラチョウ,Nishihara-cho,,,,字東崎,アザアガリザキ,Agarizaki,,,,,,,,0,0,0,0,0,0,1,1,1947-04-17,,0,9030105,,,,,,,,,,,,,,,
473294,0008000,1,沖縄県,オキナワケン,Okinawa,中頭郡,ナカガミグン,Nakagami-gun,西原町,ニシハラチョウ,Nishihara-cho,,,,字掛保久,アザカケボク,Kakeboku,,,,,,,,0,0,0,0,0,0,1,1,1947-04-17,,0,9030101,,,,,,,,,,,,,,,
473294,0009000,1,沖縄県,オキナワケン,Okinawa,中頭郡,ナカガミグン,Nakagami-gun,西原町,ニシハラチョウ,Nishihara-cho,,,,字嘉手苅,アザカデカル,Kadekaru,,,,,,,,0,0,0,0,0,0,1,1,1947-04-17,,0,9030102,,,,,,,,,,,,,,,
473294,0010000,1,沖縄県,オキナワケン,Okinawa,中頭郡,ナカガミグン,Nakagami-gun,西原町,ニシハラチョウ,Nishihara-cho,,,,字兼久,アザカネク,Kaneku,,,,,,,,0,0,0,0,0,0,1,1,1947-04-17,,0,9030104,,,,,,,,,,,,,,,
473294,0011000,1,沖縄県,オキナワケン,Okinawa,中頭郡,ナカガミグン,Nakagami-gun,西原町,ニシハラチョウ,Nishihara-cho,,,,字津花波,アザツハナハ,Tsuhanaha,,,,,,,,0,0,0,0,0,0,1,1,1947-04-17,,0,9030123,,,,,,,,,,,,,,,
473294,0012000,1,沖縄県,オキナワケン,Okinawa,中頭郡,ナカガミグン,Nakagami-gun,西原町,ニシハラチョウ,Nishihara-cho,,,,字呉屋,アザゴヤ,Goya,,,,,,,,0,0,0,0,0,0,1,1,1947-04-17,,0,9030124,,,,,,,,,,,,,,,
473294,0013000,1,沖縄県,オキナワケン,Okinawa,中頭郡,ナカガミグン,Nakagami-gun,西原町,ニシハラチョウ,Nishihara-cho,,,,字小橋川,アザコバシガワ,Kobashigawa,,,,,,,,0,0,0,0,0,0,1,1,1947-04-17,,0,9030122,,,,,,,,,,,,,,,
473294,0014000,1,沖縄県,オキナワケン,Okinawa,中頭郡,ナカガミグン,Nakagami-gun,西原町,ニシハラチョウ,Nishihara-cho,,,,字与那城,アザヨナグスク,Yonagusuku,,,,,,,,0,0,0,0,0,0,1,1,1947-04-17,,0,9030111,,,,,,,,,,,,,,,
473294,0015000,1,沖縄県,オキナワケン,Okinawa,中頭郡,ナカガミグン,Nakagami-gun,西原町,ニシハラチョウ,Nishihara-cho,,,,字我謝,アザガジャ,Gaja,,,,,,,,0,0,0,0,0,0,1,1,1947-04-17,,0,9030112,,,,,,,,,,,,,,,
473294,0016000,1,沖縄県,オキナワケン,Okinawa,中頭郡,ナカガミグン,Nakagami-gun,西原町,ニシハラチョウ,Nishihara-cho,,,,字森川,アザモリカワ,Morikawa,,,,,,,,0,0,0,0,0,0,1,1,1947-04-17,,0,9030128,,,,,,,,,,,,,,,
473294,0017000,1,沖縄県,オキナワケン,Okinawa,中頭郡,ナカガミグン,Nakagami-gun,西原町,ニシハラチョウ,Nishihara-cho,,,,字池田,アザイケダ,Ikeda,,,,,,,,0,0,0,0,0,0,1,1,1947-04-17,,0,9030115,,,,,,,,,,,,,,,
473294,0018000,1,沖縄県,オキナワケン,Okinawa,中頭郡,ナカガミグン,Nakagami-gun,西原町,ニシハラチョウ,Nishihara-cho,,,,字上原,アザウエハラ,Uehara,,,,,,,,0,0,0,0,0,0,1,1,1947-04-17,,0,9030125,,,,,,,,,,,,,,,
473294,0019000,1,沖縄県,オキナワケン,Okinawa,中頭郡,ナカガミグン,Nakagami-gun,西原町,ニシハラチョウ,Nishihara-cho,,,,字棚原,アザタナバル,Tanabaru,,,,,,,,0,0,0,0,0,0,1,1,1947-04-17,,0,9030126,,,,,,,,,,,,,,,
473294,0021000,1,沖縄県,オキナワケン,Okinawa,中頭郡,ナカガミグン,Nakagami-gun,西原町,ニシハラチョウ,Nishihara-cho,,,,字千原,アザセンバル,Sembaru,,,,,,,,0,0,0,0,0,0,1,1,1947-04-17,,0,9030129,,,,,,,,,,,,,,,
473294,0023000,1,沖縄県,オキナワケン,Okinawa,中頭郡,ナカガミグン,Nakagami-gun,西原町,ニシハラチョウ,Nishihara-cho,,,,字小那覇,アザオナハ,Onaha,,,,,,,,0,0,0,0,0,0,1,1,1947-04-17,,0,9030103,,,,,,,,,,,,,,,
473294,0024000,1,沖縄県,オキナワケン,Okinawa,中頭郡,ナカガミグン,Nakagami-gun,西原町,ニシハラチョウ,Nishihara-cho,,,,字内間,アザウチマ,Uchima,,,,,,,,0,0,0,0,0,0,1,1,1947-04-17,,0,9030121,,,,,,,,,,,,,,,
473294,0025001,2,沖縄県,オキナワケン,Okinawa,中頭郡,ナカガミグン,Nakagami-gun,西原町,ニシハラチョウ,Nishihara-cho,,,,上原,ウエハラ,Uehara,１丁目,１チョウメ,1,,,,,0,0,0,0,0,0,1,1,1947-04-17,,0,,,,,,,,,,,,,,,,
473294,0025002,2,沖縄県,オキナワケン,Okinawa,中頭郡,ナカガミグン,Nakagami-gun,西原町,ニシハラチョウ,Nishihara-cho,,,,上原,ウエハラ,Uehara,２丁目,２チョウメ,2,,,,,0,0,0,0,0,0,1,1,1947-04-17,,0,,,,,,,,,,,,,,,,
473294,0026001,2,沖縄県,オキナワケン,Okinawa,中頭郡,ナカガミグン,Nakagami-gun,西原町,ニシハラチョウ,Nishihara-cho,,,,棚原,タナハラ,Tanabaru,１丁目,１チョウメ,1,,,,,0,0,0,0,0,0,1,1,1947-04-17,,0,,,,,,,,,,,,,,,,
473481,0001000,1,沖縄県,オキナワケン,Okinawa,島尻郡,シマジリグン,Shimajiri-gun,与那原町,ヨナバルチョウ,Yonabaru-cho,,,,字与那原,アザヨナバル,Yonabaru,,,,,,,,0,0,0,0,0,0,1,1,1947-04-17,,0,9011303,,,,,,,,,,,,,,,
473481,0002000,1,沖縄県,オキナワケン,Okinawa,島尻郡,シマジリグン,Shimajiri-gun,与那原町,ヨナバルチョウ,Yonabaru-cho,,,,字上与那原,アザウエヨナバル,Ueyonabaru,,,,,,,,0,0,0,0,0,0,1,1,1947-04-17,,0,9011302,,,,,,,,,,,,,,,
473481,0003000,1,沖縄県,オキナワケン,Okinawa,島尻郡,シマジリグン,Shimajiri-gun,与那原町,ヨナバルチョウ,Yonabaru-cho,,,,字東浜,アザアガリハマ,Agarihama,,,,,,,,0,0,0,0,0,0,1,1,1947-04-17,,0,9011304,,,,,,,,,,,,,,,
473481,0004000,1,沖縄県,オキナワケン,Okinawa,島尻郡,シマジリグン,Shimajiri-gun,与那原町,ヨナバルチョウ,Yonabaru-cho,,,,字板良敷,アザイタラシキ,Itarashiki,,,,,,,,0,0,0,0,0,0,1,1,1947-04-17,,0,9011301,,,,,,,,,,,,,,,
473502,0001000,1,沖縄県,オキナワケン,Okinawa,島尻郡,シマジリグン,Shimajiri-gun,南風原町,ハエバルチョウ,Haebaru-cho,,,,字神里,アザカミザト,Kamizato,,,,,,,,0,0,0,0,0,0,1,1,1947-04-17,,0,9011114,,,,,,,,,,,,,,,
473502,0002000,1,沖縄県,オキナワケン,Okinawa,島尻郡,シマジリグン,Shimajiri-gun,南風原町,ハエバルチョウ,Haebaru-cho,,,,字与那覇,アザヨナハ,Yonaha,,,,,,,,0,0,0,0,0,0,1,1,1947-04-17,,0,9011103,,,,,,,,,,,,,,,
473502,0003000,1,沖縄県,オキナワケン,Okinawa,島尻郡,シマジリグン,Shimajiri-gun,南風原町,ハエバルチョウ,Haebaru-cho,,,,字山川,アザヤマガワ,Yamakawa,,,,,,,,0,0,0,0,0,0,1,1,1947-04-17,,0,9011115,,,,,,,,,,,,,,,
473502,0004000,1,沖縄県,オキナワケン,Okinawa,島尻郡,シマジリグン,Shimajiri-gun,南風原町,ハエバルチョウ,Haebaru-cho,,,,字照屋,アザテルヤ,Teruya,,,,,,,,0,0,0,0,0,0,1,1,1947-04-17,,0,9011116,,,,,,,,,,,,,,,
473502,0005000,1,沖縄県,オキナワケン,Okinawa,島尻郡,シマジリグン,Shimajiri-gun,南風原町,ハエバルチョウ,Haebaru-cho,,,,字喜屋武,アザキャン,Kyan,,,,,,,,0,0,0,0,0,0,1,1,1947-04-17,,0,9011113,,,,,,,,,,,,,,,
473502,0006000,1,沖縄県,オキナワケン,Okinawa,島尻郡,シマジリグン,Shimajiri-gun,南風原町,ハエバルチョウ,Haebaru-cho,,,,字本部,アザモトブ,Motobu,,,,,,,,0,0,0,0,0,0,1,1,1947-04-17,,0,9011112,,,,,,,,,,,,,,,
473502,0007000,1,沖縄県,オキナワケン,Okinawa,島尻郡,シマジリグン,Shimajiri-gun,南風原町,ハエバルチョウ,Haebaru-cho,,,,字兼城,アザカネグスク,Kanegusuku,,,,,,,,0,0,0,0,0,0,1,1,1947-04-17,,0,9011111,,,,,,,,,,,,,,,
473502,0008000,1,沖縄県,オキナワケン,Okinawa,島尻郡,シマジリグン,Shimajiri-gun,南風原町,ハエバルチョウ,Haebaru-cho,,,,字宮平,アザミヤヒラ,Miyahira,,,,,,,,0,0,0,0,0,0,1,1,1947-04-17,,0,9011104,,,,,,,,,,,,,,,
473502,0009000,1,沖縄県,オキナワケン,Okinawa,島尻郡,シマジリグン,Shimajiri-gun,南風原町,ハエバルチョウ,Haebaru-cho,,,,字大名,アザオオナ,Ona,,,,,,,,0,0,0,0,0,0,1,1,1947-04-17,,0,9011101,,,,,,,,,,,,,,,
473502,0010000,1,沖縄県,オキナワケン,Okinawa,島尻郡,シマジリグン,Shimajiri-gun,南風原町,ハエバルチョウ,Haebaru-cho,,,,字宮城,アザミヤグスク,Miyagusuku,,,,,,,,0,0,0,0,0,0,1,1,1947-04-17,,0,9011102,,,,,,,,,,,,,,,
473502,0011000,1,沖縄県,オキナワケン,Okinawa,島尻郡,シマジリグン,Shimajiri-gun,南風原町,ハエバルチョウ,Haebaru-cho,,,,字新川,アザアラカワ,Arakawa,,,,,,,,0,0,0,0,0,0,1,1,1947-04-17,,0,9011105,,,,,,,,,,,,,,,
473502,0012000,1,沖縄県,オキナワケン,Okinawa,島尻郡,シマジリグン,Shimajiri-gun,南風原町,ハエバルチョウ,Haebaru-cho,,,,字津嘉山,アザツカザン,Tsukazan,,,,,,,,0,0,0,0,0,0,1,1,1947-04-17,,0,9011117,,,,,,,,,,,,,,,
473537,0001000,1,沖縄県,オキナワケン,Okinawa,島尻郡,シマジリグン,Shimajiri-gun,渡嘉敷村,トカシキソン,Tokashiki-son,,,,字渡嘉敷,アザトカシキ,Tokashiki,,,,,,,,0,0,0,0,0,0,1,1,1947-04-17,,0,9013501,,,,,,,,,,,,,,,
473537,0002000,1,沖縄県,オキナワケン,Okinawa,島尻郡,シマジリグン,Shimajiri-gun,渡嘉敷村,トカシキソン,Tokashiki-son,,,,字阿波連,アザアハレン,Aharen,,,,,,,,0,0,0,0,0,0,1,1,1947-04-17,,0,9013502,,,,,,,,,,,,,,,
473537,0003000,1,沖縄県,オキナワケン,Okinawa,島尻郡,シマジリグン,Shimajiri-gun,渡嘉敷村,トカシキソン,Tokashiki-son,,,,字前島,アザマエジマ,,,,,,,,,0,0,0,0,0,0,1,1,1947-04-17,,0,,,,,,,,,,,,,,,,
473545,0001000,1,沖縄県,オキナワケン,Okinawa,島尻郡,シマジリグン,Shimajiri-gun,座間味村,ザマミソン,Zamami-son,,,,字阿嘉,アザアカ,Aka,,,,,,,,0,0,0,0,0,0,1,1,1947-04-17,,0,9013311,,,,,,,,,,,,,,,
473545,0002000,1,沖縄県,オキナワケン,Okinawa,島尻郡,シマジリグン,Shimajiri-gun,座間味村,ザマミソン,Zamami-son,,,,字慶留間,アザゲルマ,Geruma,,,,,,,,0,0,0,0,0,0,1,1,1947-04-17,,0,9013312,,,,,,,,,,,,,,,
473545,0003000,1,沖縄県,オキナワケン,Okinawa,島尻郡,シマジリグン,Shimajiri-gun,座間味村,ザマミソン,Zamami-son,,,,字阿真,アザアマ,Ama,,,,,,,,0,0,0,0,0,0,1,1,1947-04-17,,0,9013403,,,,,,,,,,,,,,,
473545,0004000,1,沖縄県,オキナワケン,Okinawa,島尻郡,シマジリグン,Shimajiri-gun,座間味村,ザマミソン,Zamami-son,,,,字阿佐,アザアサ,Asa,,,,,,,,0,0,0,0,0,0,1,1,1947-04-17,,0,9013401,,,,,,,,,,,,,,,
473545,0005000,1,沖縄県,オキナワケン,Okinawa,島尻郡,シマジリグン,Shimajiri-gun,座間味村,ザマミソン,Zamami-son,,,,字座間味,アザザマミ,Zamami,,,,,,,,0,0,0,0,0,0,1,1,1947-04-17,,0,9013402,,,,,,,,,,,,,,,
473553,0001000,1,沖縄県,オキナワケン,Okinawa,島尻郡,シマジリグン,Shimajiri-gun,粟国村,アグニソン,Aguni-son,,,,字浜,アザハマ,Hama,,,,,,,,0,0,0,0,0,0,1,1,1947-04-17,,0,9013701,,,,,,,,,,,,,,,
473553,0002000,1,沖縄県,オキナワケン,Okinawa,島尻郡,シマジリグン,Shimajiri-gun,粟国村,アグニソン,Aguni-son,,,,字西,アザニシ,Nishi,,,,,,,,0,0,0,0,0,0,1,1,1947-04-17,,0,9013703,,,,,,,,,,,,,,,
473553,0003000,1,沖縄県,オキナワケン,Okinawa,島尻郡,シマジリグン,Shimajiri-gun,粟国村,アグニソン,Aguni-son,,,,字東,アザヒガシ,Higashi,,,,,,,,0,0,0,0,0,0,1,1,1947-04-17,,0,9013702,,,,,,,,,,,,,,,
473561,0000000,4,沖縄県,オキナワケン,Okinawa,島尻郡,シマジリグン,Shimajiri-gun,渡名喜村,トナキソン,Tonaki-son,,,,,,,,,,,,,,0,0,0,0,0,0,1,1,1947-04-17,,0,,,,,,,,,,,,,,,,
473561,0001000,1,沖縄県,オキナワケン,Okinawa,島尻郡,シマジリグン,Shimajiri-gun,渡名喜村,トナキソン,Tonaki-son,,,,南区,,,,,,,,,,0,0,1,0,0,0,1,0,1947-04-17,,1,,,,,,,,,,,,,,,,
473561,0002000,1,沖縄県,オキナワケン,Okinawa,島尻郡,シマジリグン,Shimajiri-gun,渡名喜村,トナキソン,Tonaki-son,,,,字粟苅,,,,,,,,,,0,0,0,0,0,0,1,0,1947-04-17,,1,,,,,,,,,,,,,,,,
473561,0003000,1,沖縄県,オキナワケン,Okinawa,島尻郡,シマジリグン,Shimajiri-gun,渡名喜村,トナキソン,Tonaki-son,,,,字西兼久,,,,,,,,,,0,0,0,0,0,0,1,0,1947-04-17,,1,,,,,,,,,,,,,,,,
473561,0004000,1,沖縄県,オキナワケン,Okinawa,島尻郡,シマジリグン,Shimajiri-gun,渡名喜村,トナキソン,Tonaki-son,,,,字西ノ底,,,,,,,,,,0,0,0,0,0,0,1,0,1947-04-17,,1,,,,,,,,,,,,,,,,
473561,0005000,1,沖縄県,オキナワケン,Okinawa,島尻郡,シマジリグン,Shimajiri-gun,渡名喜村,トナキソン,Tonaki-son,,,,東区,,,,,,,,,,0,0,1,0,0,0,1,0,1947-04-17,,1,,,,,,,,,,,,,,,,
473561,0006000,1,沖縄県,オキナワケン,Okinawa,島尻郡,シマジリグン,Shimajiri-gun,渡名喜村,トナキソン,Tonaki-son,,,,西区,,,,,,,,,,0,0,1,0,0,0,1,0,1947-04-17,,1,,,,,,,,,,,,,,,,
473570,0001000,1,沖縄県,オキナワケン,Okinawa,島尻郡,シマジリグン,Shimajiri-gun,南大東村,ミナミダイトウソン,Minamidaito-son,,,,字旧東,アザキュウトウ,Kyuto,,,,,,,,0,0,0,0,0,0,1,1,1947-04-17,,0,9013803,,,,,,,,,,,,,,,
473570,0002000,1,沖縄県,オキナワケン,Okinawa,島尻郡,シマジリグン,Shimajiri-gun,南大東村,ミナミダイトウソン,Minamidaito-son,,,,字南,アザミナミ,Minami,,,,,,,,0,0,0,0,0,0,1,1,1947-04-17,,0,9013804,,,,,,,,,,,,,,,
473570,0003000,1,沖縄県,オキナワケン,Okinawa,島尻郡,シマジリグン,Shimajiri-gun,南大東村,ミナミダイトウソン,Minamidaito-son,,,,字北,アザキタ,Kita,,,,,,,,0,0,0,0,0,0,1,1,1947-04-17,,0,9013801,,,,,,,,,,,,,,,
473570,0004000,1,沖縄県,オキナワケン,Okinawa,島尻郡,シマジリグン,Shimajiri-gun,南大東村,ミナミダイトウソン,Minamidaito-son,,,,字新東,アザシントウ,Shinto,,,,,,,,0,0,0,0,0,0,1,1,1947-04-17,,0,9013802,,,,,,,,,,,,,,,
473570,0005000,1,沖縄県,オキナワケン,Okinawa,島尻郡,シマジリグン,Shimajiri-gun,南大東村,ミナミダイトウソン,Minamidaito-son,,,,字在所,アザザイショ,Zaisho,,,,,,,,0,0,0,0,0,0,1,1,1947-04-17,,0,9013805,,,,,,,,,,,,,,,
473570,0006000,1,沖縄県,オキナワケン,Okinawa,島尻郡,シマジリグン,Shimajiri-gun,南大東村,ミナミダイトウソン,Minamidaito-son,,,,字池之沢,アザイケノサワ,Ikenosawa,,,,,,,,0,0,0,0,0,0,1,1,1947-04-17,,0,9013806,,,,,,,,,,,,,,,
473588,0001000,1,沖縄県,オキナワケン,Okinawa,島尻郡,シマジリグン,Shimajiri-gun,北大東村,キタダイトウソン,Kitadaito-son,,,,字ラサ,アザラサ,,,,,,,,,0,0,0,0,0,0,1,1,1947-04-17,,0,,,,,,,,,,,,,,,,
473588,0002000,1,沖縄県,オキナワケン,Okinawa,島尻郡,シマジリグン,Shimajiri-gun,北大東村,キタダイトウソン,Kitadaito-son,,,,字港,アザミナト,Minato,,,,,,,,0,0,0,0,0,0,1,1,1947-04-17,,0,9013903,,,,,,,,,,,,,,,
473588,0003000,1,沖縄県,オキナワケン,Okinawa,島尻郡,シマジリグン,Shimajiri-gun,北大東村,キタダイトウソン,Kitadaito-son,,,,字南,アザミナミ,Minami,,,,,,,,0,0,0,0,0,0,1,1,1947-04-17,,0,9013901,,,,,,,,,,,,,,,
473588,0004000,1,沖縄県,オキナワケン,Okinawa,島尻郡,シマジリグン,Shimajiri-gun,北大東村,キタダイトウソン,Kitadaito-son,,,,字中野,アザナカノ,Nakano,,,,,,,,0,0,0,0,0,0,1,1,1947-04-17,,0,9013902,,,,,,,,,,,,,,,
473596,0001000,1,沖縄県,オキナワケン,Okinawa,島尻郡,シマジリグン,Shimajiri-gun,伊平屋村,イヘヤソン,Iheya-son,,,,字田名,アザダナ,Dana,,,,,,,,0,0,0,0,0,0,1,1,1947-04-17,,0,9050701,,,,,,,,,,,,,,,
473596,0002000,1,沖縄県,オキナワケン,Okinawa,島尻郡,シマジリグン,Shimajiri-gun,伊平屋村,イヘヤソン,Iheya-son,,,,字島尻,アザシマジリ,Shimajiri,,,,,,,,0,0,0,0,0,0,1,1,1947-04-17,,0,9050704,,,,,,,,,,,,,,,
473596,0003000,1,沖縄県,オキナワケン,Okinawa,島尻郡,シマジリグン,Shimajiri-gun,伊平屋村,イヘヤソン,Iheya-son,,,,字野甫,アザノホ,Noho,,,,,,,,0,0,0,0,0,0,1,1,1947-04-17,,0,9050705,,,,,,,,,,,,,,,
473596,0004000,1,沖縄県,オキナワケン,Okinawa,島尻郡,シマジリグン,Shimajiri-gun,伊平屋村,イヘヤソン,Iheya-son,,,,字我喜屋,アザガキヤ,Gakiya,,,,,,,,0,0,0,0,0,0,1,1,1947-04-17,,0,9050703,,,,,,,,,,,,,,,
473596,0005000,1,沖縄県,オキナワケン,Okinawa,島尻郡,シマジリグン,Shimajiri-gun,伊平屋村,イヘヤソン,Iheya-son,,,,字前泊,アザマエドマリ,Maedomari,,,,,,,,0,0,0,0,0,0,1,1,1947-04-17,,0,9050702,,,,,,,,,,,,,,,
473600,0001000,1,沖縄県,オキナワケン,Okinawa,島尻郡,シマジリグン,Shimajiri-gun,伊是名村,イゼナソン,Izena-son,,,,字仲田,アザナカダ,Nakada,,,,,,,,0,0,0,0,0,0,1,1,1947-04-17,,0,9050603,,,,,,,,,,,,,,,
473600,0002000,1,沖縄県,オキナワケン,Okinawa,島尻郡,シマジリグン,Shimajiri-gun,伊是名村,イゼナソン,Izena-son,,,,字伊是名,アザイゼナ,Izena,,,,,,,,0,0,0,0,0,0,1,1,1947-04-17,,0,9050604,,,,,,,,,,,,,,,
473600,0003000,1,沖縄県,オキナワケン,Okinawa,島尻郡,シマジリグン,Shimajiri-gun,伊是名村,イゼナソン,Izena-son,,,,字内花,アザウチハナ,Uchihana,,,,,,,,0,0,0,0,0,0,1,1,1947-04-17,,0,9050601,,,,,,,,,,,,,,,
473600,0004000,1,沖縄県,オキナワケン,Okinawa,島尻郡,シマジリグン,Shimajiri-gun,伊是名村,イゼナソン,Izena-son,,,,字勢理客,アザセリキャク,Serikyaku,,,,,,,,0,0,0,0,0,0,1,1,1947-04-17,,0,9050605,,,,,,,,,,,,,,,
473600,0005000,1,沖縄県,オキナワケン,Okinawa,島尻郡,シマジリグン,Shimajiri-gun,伊是名村,イゼナソン,Izena-son,,,,字諸見,アザショミ,Shomi,,,,,,,,0,0,0,0,0,0,1,1,1947-04-17,,0,9050602,,,,,,,,,,,,,,,
473618,0001000,1,沖縄県,オキナワケン,Okinawa,島尻郡,シマジリグン,Shimajiri-gun,久米島町,クメジマチョウ,Kumejima-cho,,,,字嘉手苅,アザカデカル,Kadekaru,,,,,,,,0,0,0,0,0,0,1,1,1947-04-17,,0,9013121,,,,,,,,,,,,,,,
473618,0002000,1,沖縄県,オキナワケン,Okinawa,島尻郡,シマジリグン,Shimajiri-gun,久米島町,クメジマチョウ,Kumejima-cho,,,,字奥武,アザオウ,O,,,,,,,,0,0,0,0,0,0,1,1,1947-04-17,,0,9013106,,,,,,,,,,,,,,,
473618,0002105,3,沖縄県,オキナワケン,Okinawa,島尻郡,シマジリグン,Shimajiri-gun,久米島町,クメジマチョウ,Kumejima-cho,,,,字奥武,アザオウ,,,,,東奥武,ヒガシオウ,,,0,0,0,0,0,0,1,0,1947-04-17,,1,,,,,,,,,,,,,,,,
473618,0002106,3,沖縄県,オキナワケン,Okinawa,島尻郡,シマジリグン,Shimajiri-gun,久米島町,クメジマチョウ,Kumejima-cho,,,,字奥武,アザオウ,,,,,西奥武,イリオウ,,,0,0,0,0,0,0,1,0,1947-04-17,,1,,,,,,,,,,,,,,,,
473618,0003000,1,沖縄県,オキナワケン,Okinawa,島尻郡,シマジリグン,Shimajiri-gun,久米島町,クメジマチョウ,Kumejima-cho,,,,字謝名堂,アザジャナドウ,Janado,,,,,,,,0,0,0,0,0,0,1,1,1947-04-17,,0,9013107,,,,,,,,,,,,,,,
473618,0004000,1,沖縄県,オキナワケン,Okinawa,島尻郡,シマジリグン,Shimajiri-gun,久米島町,クメジマチョウ,Kumejima-cho,,,,字比嘉,アザヒガ,Higa,,,,,,,,0,0,0,0,0,0,1,1,1947-04-17,,0,9013108,,,,,,,,,,,,,,,
473618,0004117,3,沖縄県,オキナワケン,Okinawa,島尻郡,シマジリグン,Shimajiri-gun,久米島町,クメジマチョウ,Kumejima-cho,,,,字比嘉,アザヒガ,,,,,イーフ,イーフ,,,0,0,0,0,0,0,1,0,1947-04-17,,1,,,,,,,,,,,,,,,,
473618,0005000,1,沖縄県,オキナワケン,Okinawa,島尻郡,シマジリグン,Shimajiri-gun,久米島町,クメジマチョウ,Kumejima-cho,,,,字山城,アザヤマグスク,Yamagusuku,,,,,,,,0,0,0,0,0,0,1,1,1947-04-17,,0,9013111,,,,,,,,,,,,,,,
473618,0006000,1,沖縄県,オキナワケン,Okinawa,島尻郡,シマジリグン,Shimajiri-gun,久米島町,クメジマチョウ,Kumejima-cho,,,,字儀間,アザギマ,Gima,,,,,,,,0,0,0,0,0,0,1,1,1947-04-17,,0,9013115,,,,,,,,,,,,,,,
473618,0007000,1,沖縄県,オキナワケン,Okinawa,島尻郡,シマジリグン,Shimajiri-gun,久米島町,クメジマチョウ,Kumejima-cho,,,,字鳥島,アザトリシマ,Torishima,,,,,,,,0,0,0,0,0,0,1,1,1947-04-17,,0,9013125,,,,,,,,,,,,,,,
473618,0008000,1,沖縄県,オキナワケン,Okinawa,島尻郡,シマジリグン,Shimajiri-gun,久米島町,クメジマチョウ,Kumejima-cho,,,,字山里,アザヤマザト,Yamazato,,,,,,,,0,0,0,0,0,0,1,1,1947-04-17,,0,9013137,,,,,,,,,,,,,,,
473618,0009000,1,沖縄県,オキナワケン,Okinawa,島尻郡,シマジリグン,Shimajiri-gun,久米島町,クメジマチョウ,Kumejima-cho,,,,字上江洲,アザウエズ,Uezu,,,,,,,,0,0,0,0,0,0,1,1,1947-04-17,,0,9013138,,,,,,,,,,,,,,,
473618,0009103,3,沖縄県,オキナワケン,Okinawa,島尻郡,シマジリグン,Shimajiri-gun,久米島町,クメジマチョウ,Kumejima-cho,,,,字上江洲,アザウエズ,Uezu,,,,久間地,クマジ,,,0,0,0,0,0,0,1,0,1947-04-17,,0,,,,,,,,,,,,,,,,
473618,0010000,1,沖縄県,オキナワケン,Okinawa,島尻郡,シマジリグン,Shimajiri-gun,久米島町,クメジマチョウ,Kumejima-cho,,,,字仲村渠,アザナカンダカリ,Nakandakari,,,,,,,,0,0,0,0,0,0,1,1,1947-04-17,,0,9013135,,,,,,,,,,,,,,,
473618,0011000,1,沖縄県,オキナワケン,Okinawa,島尻郡,シマジリグン,Shimajiri-gun,久米島町,クメジマチョウ,Kumejima-cho,,,,字仲地,アザナカチ,Nakachi,,,,,,,,0,0,0,0,0,0,1,1,1947-04-17,,0,9013136,,,,,,,,,,,,,,,
473618,0012000,1,沖縄県,オキナワケン,Okinawa,島尻郡,シマジリグン,Shimajiri-gun,久米島町,クメジマチョウ,Kumejima-cho,,,,字具志川,アザグシカワ,Gushikawa,,,,,,,,0,0,0,0,0,0,1,1,1947-04-17,,0,9013134,,,,,,,,,,,,,,,
473618,0013000,1,沖縄県,オキナワケン,Okinawa,島尻郡,シマジリグン,Shimajiri-gun,久米島町,クメジマチョウ,Kumejima-cho,,,,字仲泊,アザナカドマリ,Nakadomari,,,,,,,,0,0,0,0,0,0,1,1,1947-04-17,,0,9013124,,,,,,,,,,,,,,,
473618,0014000,1,沖縄県,オキナワケン,Okinawa,島尻郡,シマジリグン,Shimajiri-gun,久米島町,クメジマチョウ,Kumejima-cho,,,,字西銘,アザニシメ,Nishime,,,,,,,,0,0,0,0,0,0,1,1,1947-04-17,,0,9013131,,,,,,,,,,,,,,,
473618,0015000,1,沖縄県,オキナワケン,Okinawa,島尻郡,シマジリグン,Shimajiri-gun,久米島町,クメジマチョウ,Kumejima-cho,,,,字島尻,アザシマジリ,Shimajiri,,,,,,,,0,0,0,0,0,0,1,1,1947-04-17,,0,9013114,,,,,,,,,,,,,,,
473618,0016000,1,沖縄県,オキナワケン,Okinawa,島尻郡,シマジリグン,Shimajiri-gun,久米島町,クメジマチョウ,Kumejima-cho,,,,字銭田,アザゼンダ,Zenda,,,,,,,,0,0,0,0,0,0,1,1,1947-04-17,,0,9013113,,,,,,,,,,,,,,,
473618,0017000,1,沖縄県,オキナワケン,Okinawa,島尻郡,シマジリグン,Shimajiri-gun,久米島町,クメジマチョウ,Kumejima-cho,,,,字真我里,アザマガリ,Magari,,,,,,,,0,0,0,0,0,0,1,1,1947-04-17,,0,9013112,,,,,,,,,,,,,,,
473618,0018000,1,沖縄県,オキナワケン,Okinawa,島尻郡,シマジリグン,Shimajiri-gun,久米島町,クメジマチョウ,Kumejima-cho,,,,字宇根,アザウネ,Une,,,,,,,,0,0,0,0,0,0,1,1,1947-04-17,,0,9013105,,,,,,,,,,,,,,,
473618,0019000,1,沖縄県,オキナワケン,Okinawa,島尻郡,シマジリグン,Shimajiri-gun,久米島町,クメジマチョウ,Kumejima-cho,,,,字真謝,アザマジャ,Maja,,,,,,,,0,0,0,0,0,0,1,1,1947-04-17,,0,9013104,,,,,,,,,,,,,,,
473618,0020000,1,沖縄県,オキナワケン,Okinawa,島尻郡,シマジリグン,Shimajiri-gun,久米島町,クメジマチョウ,Kumejima-cho,,,,字阿嘉,アザアカ,Aka,,,,,,,,0,0,0,0,0,0,1,1,1947-04-17,,0,9013103,,,,,,,,,,,,,,,
473618,0020106,3,沖縄県,オキナワケン,Okinawa,島尻郡,シマジリグン,Shimajiri-gun,久米島町,クメジマチョウ,Kumejima-cho,,,,字阿嘉,アザアカ,,,,,上阿嘉,ウエアカ,,,0,0,0,0,0,0,1,0,1947-04-17,,1,,,,,,,,,,,,,,,,
473618,0020107,3,沖縄県,オキナワケン,Okinawa,島尻郡,シマジリグン,Shimajiri-gun,久米島町,クメジマチョウ,Kumejima-cho,,,,字阿嘉,アザアカ,,,,,下阿嘉,シタアカ,,,0,0,0,0,0,0,1,0,1947-04-17,,1,,,,,,,,,,,,,,,,
473618,0021000,1,沖縄県,オキナワケン,Okinawa,島尻郡,シマジリグン,Shimajiri-gun,久米島町,クメジマチョウ,Kumejima-cho,,,,字比屋定,アザヒヤジョウ,Hiyajo,,,,,,,,0,0,0,0,0,0,1,1,1947-04-17,,0,9013102,,,,,,,,,,,,,,,
473618,0022000,1,沖縄県,オキナワケン,Okinawa,島尻郡,シマジリグン,Shimajiri-gun,久米島町,クメジマチョウ,Kumejima-cho,,,,字大田,アザオオタ,Ota,,,,,,,,0,0,0,0,0,0,1,1,1947-04-17,,0,9013123,,,,,,,,,,,,,,,
473618,0023000,1,沖縄県,オキナワケン,Okinawa,島尻郡,シマジリグン,Shimajiri-gun,久米島町,クメジマチョウ,Kumejima-cho,,,,字宇江城,アザウエグスク,Uegusuku,,,,,,,,0,0,0,0,0,0,1,1,1947-04-17,,0,9013101,,,,,,,,,,,,,,,
473618,0023103,3,沖縄県,オキナワケン,Okinawa,島尻郡,シマジリグン,Shimajiri-gun,久米島町,クメジマチョウ,Kumejima-cho,,,,字宇江城,アザウエグスク,Uegusuku,,,,山田原,ヤマダバル,,,0,0,0,0,0,0,1,0,1947-04-17,,0,,,,,,,,,,,,,,,,
473618,0024000,1,沖縄県,オキナワケン,Okinawa,島尻郡,シマジリグン,Shimajiri-gun,久米島町,クメジマチョウ,Kumejima-cho,,,,字兼城,アザカネグスク,Kanegusuku,,,,,,,,0,0,0,0,0,0,1,1,1947-04-17,,0,9013122,,,,,,,,,,,,,,,
473618,0025000,1,沖縄県,オキナワケン,Okinawa,島尻郡,シマジリグン,Shimajiri-gun,久米島町,クメジマチョウ,Kumejima-cho,,,,字北原,アザキタハラ,Kitahara,,,,,,,,0,0,0,0,0,0,1,1,1947-04-17,,0,9013133,,,,,,,,,,,,,,,
473618,0026000,1,沖縄県,オキナワケン,Okinawa,島尻郡,シマジリグン,Shimajiri-gun,久米島町,クメジマチョウ,Kumejima-cho,,,,字大原,アザオオハラ,Ohara,,,,,,,,0,0,0,0,0,0,1,1,1947-04-17,,0,9013132,,,,,,,,,,,,,,,
473618,0027000,1,沖縄県,オキナワケン,Okinawa,島尻郡,シマジリグン,Shimajiri-gun,久米島町,クメジマチョウ,Kumejima-cho,,,,字硫黄鳥島,アザイオウトリシマ,,,,,,,,,0,0,0,0,0,0,1,1,1947-04-17,,0,,,,,,,,,,,,,,,,
473626,0001000,1,沖縄県,オキナワケン,Okinawa,島尻郡,シマジリグン,Shimajiri-gun,八重瀬町,ヤエセチョウ,Yaese-cho,,,,字具志頭,アザグシチャン,Gushichan,,,,,,,,0,0,0,0,0,0,1,1,1947-04-17,,0,9010512,,,,,,,,,,,,,,,
473626,0002000,1,沖縄県,オキナワケン,Okinawa,島尻郡,シマジリグン,Shimajiri-gun,八重瀬町,ヤエセチョウ,Yaese-cho,,,,字新城,アザアラグスク,Aragusuku,,,,,,,,0,0,0,0,0,0,1,1,1947-04-17,,0,9010503,,,,,,,,,,,,,,,
473626,0003000,1,沖縄県,オキナワケン,Okinawa,島尻郡,シマジリグン,Shimajiri-gun,八重瀬町,ヤエセチョウ,Yaese-cho,,,,字友寄,アザトモヨセ,Tomoyose,,,,,,,,0,0,0,0,0,0,1,1,1947-04-17,,0,9010411,,,,,,,,,,,,,,,
473626,0004000,1,沖縄県,オキナワケン,Okinawa,島尻郡,シマジリグン,Shimajiri-gun,八重瀬町,ヤエセチョウ,Yaese-cho,,,,字宜次,アザギシ,Gishi,,,,,,,,0,0,0,0,0,0,1,1,1947-04-17,,0,9010416,,,,,,,,,,,,,,,
473626,0005000,1,沖縄県,オキナワケン,Okinawa,島尻郡,シマジリグン,Shimajiri-gun,八重瀬町,ヤエセチョウ,Yaese-cho,,,,字港川,アザミナトガワ,Minatogawa,,,,,,,,0,0,0,0,0,0,1,1,1947-04-17,,0,9010511,,,,,,,,,,,,,,,
473626,0006000,1,沖縄県,オキナワケン,Okinawa,島尻郡,シマジリグン,Shimajiri-gun,八重瀬町,ヤエセチョウ,Yaese-cho,,,,字長毛,アザナガモウ,Nagamo,,,,,,,,0,0,0,0,0,0,1,1,1947-04-17,,0,9010501,,,,,,,,,,,,,,,
473626,0007000,1,沖縄県,オキナワケン,Okinawa,島尻郡,シマジリグン,Shimajiri-gun,八重瀬町,ヤエセチョウ,Yaese-cho,,,,字与座,アザヨザ,Yoza,,,,,,,,0,0,0,0,0,0,1,1,1947-04-17,,0,9010515,,,,,,,,,,,,,,,
473626,0008000,1,沖縄県,オキナワケン,Okinawa,島尻郡,シマジリグン,Shimajiri-gun,八重瀬町,ヤエセチョウ,Yaese-cho,,,,字玻名城,アザハナグスク,Hanashiro,,,,,,,,0,0,0,0,0,0,1,1,1947-04-17,,0,9010513,,,,,,,,,,,,,,,
473626,0009000,1,沖縄県,オキナワケン,Okinawa,島尻郡,シマジリグン,Shimajiri-gun,八重瀬町,ヤエセチョウ,Yaese-cho,,,,字安里,アザアサト,Asato,,,,,,,,0,0,0,0,0,0,1,1,1947-04-17,,0,9010514,,,,,,,,,,,,,,,
473626,0010000,1,沖縄県,オキナワケン,Okinawa,島尻郡,シマジリグン,Shimajiri-gun,八重瀬町,ヤエセチョウ,Yaese-cho,,,,字高良,アザタカラ,Takara,,,,,,,,0,0,0,0,0,0,1,1,1947-04-17,,0,9010404,,,,,,,,,,,,,,,
473626,0011000,1,沖縄県,オキナワケン,Okinawa,島尻郡,シマジリグン,Shimajiri-gun,八重瀬町,ヤエセチョウ,Yaese-cho,,,,字世名城,アザヨナグスク,Yonagusuku,,,,,,,,0,0,0,0,0,0,1,1,1947-04-17,,0,9010403,,,,,,,,,,,,,,,
473626,0012000,1,沖縄県,オキナワケン,Okinawa,島尻郡,シマジリグン,Shimajiri-gun,八重瀬町,ヤエセチョウ,Yaese-cho,,,,字当銘,アザトウメ,Tome,,,,,,,,0,0,0,0,0,0,1,1,1947-04-17,,0,9010414,,,,,,,,,,,,,,,
473626,0013000,1,沖縄県,オキナワケン,Okinawa,島尻郡,シマジリグン,Shimajiri-gun,八重瀬町,ヤエセチョウ,Yaese-cho,,,,字伊覇,アザイハ,Iha,,,,,,,,0,0,0,0,0,0,1,1,1947-04-17,,0,9010405,,,,,,,,,,,,,,,
473626,0014000,1,沖縄県,オキナワケン,Okinawa,島尻郡,シマジリグン,Shimajiri-gun,八重瀬町,ヤエセチョウ,Yaese-cho,,,,字志多伯,アザシタハク,Shitahaku,,,,,,,,0,0,0,0,0,0,1,1,1947-04-17,,0,9010413,,,,,,,,,,,,,,,
473626,0015000,1,沖縄県,オキナワケン,Okinawa,島尻郡,シマジリグン,Shimajiri-gun,八重瀬町,ヤエセチョウ,Yaese-cho,,,,字上田原,アザウエタバル,Uetabaru,,,,,,,,0,0,0,0,0,0,1,1,1947-04-17,,0,9010412,,,,,,,,,,,,,,,
473626,0016000,1,沖縄県,オキナワケン,Okinawa,島尻郡,シマジリグン,Shimajiri-gun,八重瀬町,ヤエセチョウ,Yaese-cho,,,,字小城,アザコグスク,Kogusuku,,,,,,,,0,0,0,0,0,0,1,1,1947-04-17,,0,9010415,,,,,,,,,,,,,,,
473626,0017000,1,沖縄県,オキナワケン,Okinawa,島尻郡,シマジリグン,Shimajiri-gun,八重瀬町,ヤエセチョウ,Yaese-cho,,,,字仲座,アザナカザ,Nakaza,,,,,,,,0,0,0,0,0,0,1,1,1947-04-17,,0,9010516,,,,,,,,,,,,,,,
473626,0018000,1,沖縄県,オキナワケン,Okinawa,島尻郡,シマジリグン,Shimajiri-gun,八重瀬町,ヤエセチョウ,Yaese-cho,,,,字大頓,アザオオトン,Oton,,,,,,,,0,0,0,0,0,0,1,1,1947-04-17,,0,9010502,,,,,,,,,,,,,,,
473626,0019000,1,沖縄県,オキナワケン,Okinawa,島尻郡,シマジリグン,Shimajiri-gun,八重瀬町,ヤエセチョウ,Yaese-cho,,,,字富盛,アザトモリ,Tomori,,,,,,,,0,0,0,0,0,0,1,1,1947-04-17,,0,9010402,,,,,,,,,,,,,,,
473626,0020000,1,沖縄県,オキナワケン,Okinawa,島尻郡,シマジリグン,Shimajiri-gun,八重瀬町,ヤエセチョウ,Yaese-cho,,,,字後原,アザコシハラ,Koshihara,,,,,,,,0,0,0,0,0,0,1,1,1947-04-17,,0,9010504,,,,,,,,,,,,,,,
473626,0021000,1,沖縄県,オキナワケン,Okinawa,島尻郡,シマジリグン,Shimajiri-gun,八重瀬町,ヤエセチョウ,Yaese-cho,,,,字屋宜原,アザヤギバル,Yagibaru,,,,,,,,0,0,0,0,0,0,1,1,1947-04-17,,0,9010406,,,,,,,,,,,,,,,
473626,0022000,1,沖縄県,オキナワケン,Okinawa,島尻郡,シマジリグン,Shimajiri-gun,八重瀬町,ヤエセチョウ,Yaese-cho,,,,字東風平,アザコチンダ,Kochinda,,,,,,,,0,0,0,0,0,0,1,1,1947-04-17,,0,9010401,,,,,,,,,,,,,,,
473626,0023000,1,沖縄県,オキナワケン,Okinawa,島尻郡,シマジリグン,Shimajiri-gun,八重瀬町,ヤエセチョウ,Yaese-cho,,,,字外間,アザホカマ,Hokama,,,,,,,,0,0,0,0,0,0,1,1,1947-04-17,,0,9010417,,,,,,,,,,,,,,,
473758,0001000,1,沖縄県,オキナワケン,Okinawa,宮古郡,ミヤコグン,Miyako-gun,多良間村,タラマソン,Tarama-son,,,,字仲筋,アザナカスジ,Nakasuji,,,,,,,,0,0,0,0,0,0,1,1,1947-04-17,,0,9060602,,,,,,,,,,,,,,,
473758,0002000,1,沖縄県,オキナワケン,Okinawa,宮古郡,ミヤコグン,Miyako-gun,多良間村,タラマソン,Tarama-son,,,,字水納,アザミンナ,Minna,,,,,,,,0,0,0,0,0,0,1,1,1947-04-17,,0,9060603,,,,,,,,,,,,,,,
473758,0003000,1,沖縄県,オキナワケン,Okinawa,宮古郡,ミヤコグン,Miyako-gun,多良間村,タラマソン,Tarama-son,,,,字塩川,アザシオカワ,Shiokawa,,,,,,,,0,0,0,0,0,0,1,1,1947-04-17,,0,9060601,,,,,,,,,,,,,,,
473812,0001000,1,沖縄県,オキナワケン,Okinawa,八重山郡,ヤエヤマグン,Yaeyama-gun,竹富町,タケトミチョウ,Taketomi-cho,,,,字黒島,アザクロシマ,Kuroshima,,,,,,,,0,0,0,0,0,0,1,1,1947-04-17,,0,9071311,,,,,,,,,,,,,,,
473812,0002000,1,沖縄県,オキナワケン,Okinawa,八重山郡,ヤエヤマグン,Yaeyama-gun,竹富町,タケトミチョウ,Taketomi-cho,,,,字小浜,アザコハマ,Kohama,,,,,,,,0,0,0,0,0,0,1,1,1947-04-17,,0,9071221,,,,,,,,,,,,,,,
473812,0003000,1,沖縄県,オキナワケン,Okinawa,八重山郡,ヤエヤマグン,Yaeyama-gun,竹富町,タケトミチョウ,Taketomi-cho,,,,字南風見,アザハエミ,Haimi,,,,,,,,0,0,0,0,0,0,1,1,1947-04-17,,0,9071434,,,,,,,,,,,,,,,
473812,0004000,1,沖縄県,オキナワケン,Okinawa,八重山郡,ヤエヤマグン,Yaeyama-gun,竹富町,タケトミチョウ,Taketomi-cho,,,,字南風見仲,アザハエミナカ,Haiminaka,,,,,,,,0,0,0,0,0,0,1,1,1947-04-17,,0,9071433,,,,,,,,,,,,,,,
473812,0005000,1,沖縄県,オキナワケン,Okinawa,八重山郡,ヤエヤマグン,Yaeyama-gun,竹富町,タケトミチョウ,Taketomi-cho,,,,字古見,アザコミ,Komi,,,,,,,,0,0,0,0,0,0,1,1,1947-04-17,,0,9071432,,,,,,,,,,,,,,,
473812,0006000,1,沖縄県,オキナワケン,Okinawa,八重山郡,ヤエヤマグン,Yaeyama-gun,竹富町,タケトミチョウ,Taketomi-cho,,,,字西表,アザイリオモテ,Iriomote,,,,,,,,0,0,0,0,0,0,1,1,1947-04-17,,0,9071542,,,,,,,,,,,,,,,
473812,0007000,1,沖縄県,オキナワケン,Okinawa,八重山郡,ヤエヤマグン,Yaeyama-gun,竹富町,タケトミチョウ,Taketomi-cho,,,,字高那,アザタカナ,Takana,,,,,,,,0,0,0,0,0,0,1,1,1947-04-17,,0,9071431,,,,,,,,,,,,,,,
473812,0008000,1,沖縄県,オキナワケン,Okinawa,八重山郡,ヤエヤマグン,Yaeyama-gun,竹富町,タケトミチョウ,Taketomi-cho,,,,字上原,アザウエハラ,Uehara,,,,,,,,0,0,0,0,0,0,1,1,1947-04-17,,0,9071541,,,,,,,,,,,,,,,
473812,0009000,1,沖縄県,オキナワケン,Okinawa,八重山郡,ヤエヤマグン,Yaeyama-gun,竹富町,タケトミチョウ,Taketomi-cho,,,,字波照間,アザハテルマ,Hateruma,,,,,,,,0,0,0,0,0,0,1,1,1947-04-17,,0,9071751,,,,,,,,,,,,,,,
473812,0010000,1,沖縄県,オキナワケン,Okinawa,八重山郡,ヤエヤマグン,Yaeyama-gun,竹富町,タケトミチョウ,Taketomi-cho,,,,字新城,アザアラグスク,Aragusuku,,,,,,,,0,0,0,0,0,0,1,1,1947-04-17,,0,9071435,,,,,,,,,,,,,,,
473812,0011000,1,沖縄県,オキナワケン,Okinawa,八重山郡,ヤエヤマグン,Yaeyama-gun,竹富町,タケトミチョウ,Taketomi-cho,,,,字崎山,アザサキヤマ,Sakiyama,,,,,,,,0,0,0,0,0,0,1,1,1947-04-17,,0,9071543,,,,,,,,,,,,,,,
473812,0012000,1,沖縄県,オキナワケン,Okinawa,八重山郡,ヤエヤマグン,Yaeyama-gun,竹富町,タケトミチョウ,Taketomi-cho,,,,字鳩間,アザハトマ,Hatoma,,,,,,,,0,0,0,0,0,0,1,1,1947-04-17,,0,9071544,,,,,,,,,,,,,,,
473812,0013000,1,沖縄県,オキナワケン,Okinawa,八重山郡,ヤエヤマグン,Yaeyama-gun,竹富町,タケトミチョウ,Taketomi-cho,,,,字竹富,アザタケトミ,Taketomi,,,,,,,,0,0,0,0,0,0,1,1,1947-04-17,,0,9071101,,,,,,,,,,,,,,,
473821,0001000,1,沖縄県,オキナワケン,Okinawa,八重山郡,ヤエヤマグン,Yaeyama-gun,与那国町,ヨナグニチョウ,Yonaguni-cho,,,,字与那国,アザヨナグニ,Yonaguni,,,,,,,,0,0,0,0,0,0,1,1,1947-04-17,,0,9071801,,,,,,,,,,,,,,,
