lg_code,machiaza_id,machiaza_type,pref,pref_kana,pref_roma,county,county_kana,county_roma,city,city_kana,city_roma,ward,ward_kana,ward_roma,oaza_cho,oaza_cho_kana,oaza_cho_roma,chome,chome_kana,chome_number,koaza,koaza_kana,koaza_roma,machiaza_dist,rsdt_addr_flg,rsdt_addr_mtd_code,oaza_cho_aka_flg,koaza_aka_code,oaza_cho_gsi_uncmn,koaza_gsi_uncmn,status_flg,wake_num_flg,efct_date,ablt_date,src_code,post_code,oaza_cho_uncmn_reg,oaza_cho_uncmn_mj,oaza_cho_uncmn_type,oaza_cho_uncmn_code,koaza_uncmn_reg,koaza_uncmn_mj,koaza_uncmn_type,koaza_uncmn_code,alias_oaza,alias_oaza_kana,alias_oaza_roma,alias_koaza,alias_koaza_kana,alias_koaza_roma,remarks
412015,0001000,1,佐賀県,サガケン,Saga,,,,佐賀市,サガシ,Saga-shi,,,,愛敬町,アイケイチョウ,Aikeicho,,,,,,,,1,1,0,0,0,0,1,1,1947-04-17,,0,8400812,,,,,,,,,,,,,,,
412015,0002000,1,佐賀県,サガケン,Saga,,,,佐賀市,サガシ,Saga-shi,,,,赤松町,アカマツマチ,Akamatsumachi,,,,,,,,0,0,0,0,0,0,1,1,1947-04-17,,0,8400042,,,,,,,,,,,,,,,
412015,0002000,1,佐賀県,サガケン,Saga,,,,佐賀市,サガシ,Saga-shi,,,,赤松町,アカマツマチ,Akamatsumachi,,,,,,,,1,1,0,0,0,0,1,1,1947-04-17,,0,8400042,,,,,,,,,,,,,,,
412015,0003000,1,佐賀県,サガケン,Saga,,,,佐賀市,サガシ,Saga-shi,,,,朝日町,アサヒマチ,Asahimachi,,,,,,,,1,1,0,0,0,0,1,1,1947-04-17,,0,8400053,,,,,,,,,,,,,,,
412015,0004000,1,佐賀県,サガケン,Saga,,,,佐賀市,サガシ,Saga-shi,,,,伊勢町,イセマチ,Isemachi,,,,,,,,1,1,0,0,0,0,1,1,1947-04-17,,0,8400844,,,,,,,,,,,,,,,
412015,0005000,1,佐賀県,サガケン,Saga,,,,佐賀市,サガシ,Saga-shi,,,,今宿町,イマシュクマチ,Imashukumachi,,,,,,,,1,1,0,0,0,0,1,1,1947-04-17,,0,8400052,,,,,,,,,,,,,,,
412015,0006001,2,佐賀県,サガケン,Saga,,,,佐賀市,サガシ,Saga-shi,,,,駅前中央,エキマエチュウオウ,Ekimaechuo,一丁目,１チョウメ,1,,,,,1,1,0,0,0,0,1,1,1947-04-17,,0,,,,,,,,,,,,,,,,
412015,0006002,2,佐賀県,サガケン,Saga,,,,佐賀市,サガシ,Saga-shi,,,,駅前中央,エキマエチュウオウ,Ekimaechuo,二丁目,２チョウメ,2,,,,,1,1,0,0,0,0,1,1,1947-04-17,,0,,,,,,,,,,,,,,,,
412015,0006003,2,佐賀県,サガケン,Saga,,,,佐賀市,サガシ,Saga-shi,,,,駅前中央,エキマエチュウオウ,Ekimaechuo,三丁目,３チョウメ,3,,,,,1,1,0,0,0,0,1,1,1947-04-17,,0,,,,,,,,,,,,,,,,
412015,0007000,1,佐賀県,サガケン,Saga,,,,佐賀市,サガシ,Saga-shi,,,,駅南本町,エキミナミホンマチ,Ekiminamihommachi,,,,,,,,1,1,0,0,0,0,1,1,1947-04-17,,0,8400816,,,,,,,,,,,,,,,
412015,0008001,2,佐賀県,サガケン,Saga,,,,佐賀市,サガシ,Saga-shi,,,,大財,オオタカラ,Otakara,一丁目,１チョウメ,1,,,,,1,1,0,0,0,0,1,1,1947-04-17,,0,,,,,,,,,,,,,,,,
412015,0008002,2,佐賀県,サガケン,Saga,,,,佐賀市,サガシ,Saga-shi,,,,大財,オオタカラ,Otakara,二丁目,２チョウメ,2,,,,,1,1,0,0,0,0,1,1,1947-04-17,,0,,,,,,,,,,,,,,,,
412015,0008003,2,佐賀県,サガケン,Saga,,,,佐賀市,サガシ,Saga-shi,,,,大財,オオタカラ,Otakara,三丁目,３チョウメ,3,,,,,1,1,0,0,0,0,1,1,1947-04-17,,0,,,,,,,,,,,,,,,,
412015,0008004,2,佐賀県,サガケン,Saga,,,,佐賀市,サガシ,Saga-shi,,,,大財,オオタカラ,Otakara,四丁目,４チョウメ,4,,,,,1,1,0,0,0,0,1,1,1947-04-17,,0,,,,,,,,,,,,,,,,
412015,0008005,2,佐賀県,サガケン,Saga,,,,佐賀市,サガシ,Saga-shi,,,,大財,オオタカラ,Otakara,五丁目,５チョウメ,5,,,,,1,1,0,0,0,0,1,1,1947-04-17,,0,,,,,,,,,,,,,,,,
412015,0008006,2,佐賀県,サガケン,Saga,,,,佐賀市,サガシ,Saga-shi,,,,大財,オオタカラ,Otakara,六丁目,６チョウメ,6,,,,,1,1,0,0,0,0,1,1,1947-04-17,,0,,,,,,,,,,,,,,,,
412015,0009000,1,佐賀県,サガケン,Saga,,,,佐賀市,サガシ,Saga-shi,,,,大財北町,オオタカラキタマチ,Otakarakitamachi,,,,,,,,1,1,0,0,0,0,1,1,1947-04-17,,0,8400802,,,,,,,,,,,,,,,
412015,0010000,1,佐賀県,サガケン,Saga,,,,佐賀市,サガシ,Saga-shi,,,,鬼丸町,オニマルチョウ,Onimarucho,,,,,,,,1,1,0,0,0,0,1,1,1947-04-17,,0,8400021,,,,,,,,,,,,,,,
412015,0011000,1,佐賀県,サガケン,Saga,,,,佐賀市,サガシ,Saga-shi,,,,卸本町,オロシホンマチ,Oroshihommachi,,,,,,,,1,1,0,0,0,0,1,1,1947-04-17,,0,8490933,,,,,,,,,,,,,,,
412015,0012001,2,佐賀県,サガケン,Saga,,,,佐賀市,サガシ,Saga-shi,,,,開成,カイセイ,Kaisei,一丁目,１チョウメ,1,,,,,1,1,0,0,0,0,1,1,1947-04-17,,0,,,,,,,,,,,,,,,,
412015,0012002,2,佐賀県,サガケン,Saga,,,,佐賀市,サガシ,Saga-shi,,,,開成,カイセイ,Kaisei,二丁目,２チョウメ,2,,,,,1,1,0,0,0,0,1,1,1947-04-17,,0,,,,,,,,,,,,,,,,
412015,0012003,2,佐賀県,サガケン,Saga,,,,佐賀市,サガシ,Saga-shi,,,,開成,カイセイ,Kaisei,三丁目,３チョウメ,3,,,,,1,1,0,0,0,0,1,1,1947-04-17,,0,,,,,,,,,,,,,,,,
412015,0012004,2,佐賀県,サガケン,Saga,,,,佐賀市,サガシ,Saga-shi,,,,開成,カイセイ,Kaisei,四丁目,４チョウメ,4,,,,,1,1,0,0,0,0,1,1,1947-04-17,,0,,,,,,,,,,,,,,,,
412015,0012005,2,佐賀県,サガケン,Saga,,,,佐賀市,サガシ,Saga-shi,,,,開成,カイセイ,Kaisei,五丁目,５チョウメ,5,,,,,1,1,0,0,0,0,1,1,1947-04-17,,0,,,,,,,,,,,,,,,,
412015,0012006,2,佐賀県,サガケン,Saga,,,,佐賀市,サガシ,Saga-shi,,,,開成,カイセイ,Kaisei,六丁目,６チョウメ,6,,,,,1,1,0,0,0,0,1,1,1947-04-17,,0,,,,,,,,,,,,,,,,
412015,0013000,1,佐賀県,サガケン,Saga,,,,佐賀市,サガシ,Saga-shi,,,,嘉瀬町大字扇町,カセマチオオアザオウギマチ,,,,,,,,,0,0,0,0,0,0,1,1,1947-04-17,,0,,,,,,,,,,,,,,,,
412015,0014000,1,佐賀県,サガケン,Saga,,,,佐賀市,サガシ,Saga-shi,,,,嘉瀬町大字荻野,カセマチオオアザオギノ,,,,,,,,,0,0,0,0,0,0,1,1,1947-04-17,,0,,,,,,,,,,,,,,,,
412015,0015000,1,佐賀県,サガケン,Saga,,,,佐賀市,サガシ,Saga-shi,,,,嘉瀬町大字十五,カセマチオオアザジュウゴ,,,,,,,,,0,0,0,0,0,0,1,1,1947-04-17,,0,,,,,,,,,,,,,,,,
412015,0016000,1,佐賀県,サガケン,Saga,,,,佐賀市,サガシ,Saga-shi,,,,嘉瀬町大字中原,カセマチオオアザナカバル,,,,,,,,,0,0,0,0,0,0,1,1,1947-04-17,,0,,,,,,,,,,,,,,,,
412015,0017001,2,佐賀県,サガケン,Saga,,,,佐賀市,サガシ,Saga-shi,,,,神園,カミゾノ,Kamizono,一丁目,１チョウメ,1,,,,,1,1,0,0,0,0,1,1,1947-04-17,,0,,,,,,,,,,,,,,,,
412015,0017002,2,佐賀県,サガケン,Saga,,,,佐賀市,サガシ,Saga-shi,,,,神園,カミゾノ,Kamizono,二丁目,２チョウメ,2,,,,,1,1,0,0,0,0,1,1,1947-04-17,,0,,,,,,,,,,,,,,,,
412015,0017003,2,佐賀県,サガケン,Saga,,,,佐賀市,サガシ,Saga-shi,,,,神園,カミゾノ,Kamizono,三丁目,３チョウメ,3,,,,,1,1,0,0,0,0,1,1,1947-04-17,,0,,,,,,,,,,,,,,,,
412015,0017004,2,佐賀県,サガケン,Saga,,,,佐賀市,サガシ,Saga-shi,,,,神園,カミゾノ,Kamizono,四丁目,４チョウメ,4,,,,,1,1,0,0,0,0,1,1,1947-04-17,,0,,,,,,,,,,,,,,,,
412015,0017005,2,佐賀県,サガケン,Saga,,,,佐賀市,サガシ,Saga-shi,,,,神園,カミゾノ,Kamizono,五丁目,５チョウメ,5,,,,,1,1,0,0,0,0,1,1,1947-04-17,,0,,,,,,,,,,,,,,,,
412015,0017006,2,佐賀県,サガケン,Saga,,,,佐賀市,サガシ,Saga-shi,,,,神園,カミゾノ,Kamizono,六丁目,６チョウメ,6,,,,,1,1,0,0,0,0,1,1,1947-04-17,,0,,,,,,,,,,,,,,,,
412015,0018000,1,佐賀県,サガケン,Saga,,,,佐賀市,サガシ,Saga-shi,,,,川副町大字犬井道,カワソエチョウオオアザイヌイドウ,,,,,,,,,0,0,0,0,0,0,1,1,1947-04-17,,0,,,,,,,,,,,,,,,,
412015,0019000,1,佐賀県,サガケン,Saga,,,,佐賀市,サガシ,Saga-shi,,,,川副町大字大詫間,カワソエチョウオオアザオオダクマ,,,,,,,,,0,0,0,0,0,0,1,1,1947-04-17,,0,,,,,,,,,,,,,,,,
412015,0020000,1,佐賀県,サガケン,Saga,,,,佐賀市,サガシ,Saga-shi,,,,川副町大字鹿江,カワソエチョウオオアザカノエ,,,,,,,,,0,0,0,0,0,0,1,1,1947-04-17,,0,,,,,,,,,,,,,,,,
412015,0021000,1,佐賀県,サガケン,Saga,,,,佐賀市,サガシ,Saga-shi,,,,川副町大字小々森,カワソエチョウオオアザコゴモリ,,,,,,,,,0,0,0,0,0,0,1,1,1947-04-17,,0,,,,,,,,,,,,,,,,
412015,0022000,1,佐賀県,サガケン,Saga,,,,佐賀市,サガシ,Saga-shi,,,,川副町大字南里,カワソエチョウオオアザナンリ,,,,,,,,,0,0,0,0,0,0,1,1,1947-04-17,,0,,,,,,,,,,,,,,,,
412015,0023000,1,佐賀県,サガケン,Saga,,,,佐賀市,サガシ,Saga-shi,,,,川副町大字西古賀,カワソエチョウオオアザニシコガ,,,,,,,,,0,0,0,0,0,0,1,1,1947-04-17,,0,,,,,,,,,,,,,,,,
412015,0024000,1,佐賀県,サガケン,Saga,,,,佐賀市,サガシ,Saga-shi,,,,川副町大字早津江,カワソエチョウオオアザハヤツエ,,,,,,,,,0,0,0,0,0,0,1,1,1947-04-17,,0,,,,,,,,,,,,,,,,
412015,0025000,1,佐賀県,サガケン,Saga,,,,佐賀市,サガシ,Saga-shi,,,,川副町大字早津江津,カワソエチョウオオアザハヤツエツ,,,,,,,,,0,0,0,0,0,0,1,1,1947-04-17,,0,,,,,,,,,,,,,,,,
412015,0026000,1,佐賀県,サガケン,Saga,,,,佐賀市,サガシ,Saga-shi,,,,川副町大字福富,カワソエチョウオオアザフクドミ,,,,,,,,,0,0,0,0,0,0,1,1,1947-04-17,,0,,,,,,,,,,,,,,,,
412015,0027000,1,佐賀県,サガケン,Saga,,,,佐賀市,サガシ,Saga-shi,,,,川原町,カワハラマチ,Kawaharamachi,,,,,,,,1,1,0,0,0,0,1,1,1947-04-17,,0,8400843,,,,,,,,,,,,,,,
412015,0028000,1,佐賀県,サガケン,Saga,,,,佐賀市,サガシ,Saga-shi,,,,北川副町大字江上,キタカワソエマチオオアザエガミ,,,,,,,,,0,0,0,0,0,0,1,1,1947-04-17,,0,,,,,,,,,,,,,,,,
412015,0029000,1,佐賀県,サガケン,Saga,,,,佐賀市,サガシ,Saga-shi,,,,北川副町大字新郷,キタカワソエマチオオアザシンゴウ,,,,,,,,,0,0,0,0,0,0,1,1,1947-04-17,,0,,,,,,,,,,,,,,,,
412015,0030000,1,佐賀県,サガケン,Saga,,,,佐賀市,サガシ,Saga-shi,,,,北川副町大字光法,キタカワソエマチオオアザミツノリ,,,,,,,,,0,0,0,0,0,0,1,1,1947-04-17,,0,,,,,,,,,,,,,,,,
412015,0031001,2,佐賀県,サガケン,Saga,,,,佐賀市,サガシ,Saga-shi,,,,木原,キハラ,Kihara,一丁目,１チョウメ,1,,,,,1,1,0,0,0,0,1,1,1947-04-17,,0,,,,,,,,,,,,,,,,
412015,0031002,2,佐賀県,サガケン,Saga,,,,佐賀市,サガシ,Saga-shi,,,,木原,キハラ,Kihara,二丁目,２チョウメ,2,,,,,1,1,0,0,0,0,1,1,1947-04-17,,0,,,,,,,,,,,,,,,,
412015,0031003,2,佐賀県,サガケン,Saga,,,,佐賀市,サガシ,Saga-shi,,,,木原,キハラ,Kihara,三丁目,３チョウメ,3,,,,,1,1,0,0,0,0,1,1,1947-04-17,,0,,,,,,,,,,,,,,,,
412015,0032000,1,佐賀県,サガケン,Saga,,,,佐賀市,サガシ,Saga-shi,,,,金立町大字金立,キンリュウマチオオアザキンリュウ,,,,,,,,,0,0,0,0,0,0,1,1,1947-04-17,,0,,,,,,,,,,,,,,,,
412015,0033000,1,佐賀県,サガケン,Saga,,,,佐賀市,サガシ,Saga-shi,,,,金立町大字千布,キンリュウマチオオアザチフ,,,,,,,,,0,0,0,0,0,0,1,1,1947-04-17,,0,,,,,,,,,,,,,,,,
412015,0034000,1,佐賀県,サガケン,Saga,,,,佐賀市,サガシ,Saga-shi,,,,金立町大字薬師丸,キンリュウマチオオアザヤクシマル,,,,,,,,,0,0,0,0,0,0,1,1,1947-04-17,,0,,,,,,,,,,,,,,,,
412015,0035000,1,佐賀県,サガケン,Saga,,,,佐賀市,サガシ,Saga-shi,,,,久保泉町大字上和泉,クボイズミマチオオアザカミイズミ,,,,,,,,,0,0,0,0,0,0,1,1,1947-04-17,,0,,,,,,,,,,,,,,,,
412015,0036000,1,佐賀県,サガケン,Saga,,,,佐賀市,サガシ,Saga-shi,,,,久保泉町大字川久保,クボイズミマチオオアザカワクボ,,,,,,,,,0,0,0,0,0,0,1,1,1947-04-17,,0,,,,,,,,,,,,,,,,
412015,0037000,1,佐賀県,サガケン,Saga,,,,佐賀市,サガシ,Saga-shi,,,,久保泉町大字下和泉,クボイズミマチオオアザシモイズミ,,,,,,,,,0,0,0,0,0,0,1,1,1947-04-17,,0,,,,,,,,,,,,,,,,
412015,0038000,1,佐賀県,サガケン,Saga,,,,佐賀市,サガシ,Saga-shi,,,,久保田町大字江戸,クボタチョウオオアザエド,,,,,,,,,0,0,0,0,0,0,1,1,1947-04-17,,0,,,,,,,,,,,,,,,,
412015,0039000,1,佐賀県,サガケン,Saga,,,,佐賀市,サガシ,Saga-shi,,,,久保田町大字久保田,クボタチョウオオアザクボタ,,,,,,,,,0,0,0,0,0,0,1,1,1947-04-17,,0,,,,,,,,,,,,,,,,
412015,0040000,1,佐賀県,サガケン,Saga,,,,佐賀市,サガシ,Saga-shi,,,,久保田町大字新田,クボタチョウオオアザシンデン,,,,,,,,,0,0,0,0,0,0,1,1,1947-04-17,,0,,,,,,,,,,,,,,,,
412015,0041000,1,佐賀県,サガケン,Saga,,,,佐賀市,サガシ,Saga-shi,,,,久保田町大字徳万,クボタチョウオオアザトクマン,,,,,,,,,0,0,0,0,0,0,1,1,1947-04-17,,0,,,,,,,,,,,,,,,,
412015,0042000,1,佐賀県,サガケン,Saga,,,,佐賀市,サガシ,Saga-shi,,,,久保田町大字久富,クボタチョウオオアザヒサドミ,,,,,,,,,0,0,0,0,0,0,1,1,1947-04-17,,0,,,,,,,,,,,,,,,,
412015,0043001,2,佐賀県,サガケン,Saga,,,,佐賀市,サガシ,Saga-shi,,,,神野西,コウノニシ,Kononishi,一丁目,１チョウメ,1,,,,,1,1,0,0,0,0,1,1,1947-04-17,,0,,,,,,,,,,,,,,,,
412015,0043002,2,佐賀県,サガケン,Saga,,,,佐賀市,サガシ,Saga-shi,,,,神野西,コウノニシ,Kononishi,二丁目,２チョウメ,2,,,,,1,1,0,0,0,0,1,1,1947-04-17,,0,,,,,,,,,,,,,,,,
412015,0043003,2,佐賀県,サガケン,Saga,,,,佐賀市,サガシ,Saga-shi,,,,神野西,コウノニシ,Kononishi,三丁目,３チョウメ,3,,,,,1,1,0,0,0,0,1,1,1947-04-17,,0,,,,,,,,,,,,,,,,
412015,0043004,2,佐賀県,サガケン,Saga,,,,佐賀市,サガシ,Saga-shi,,,,神野西,コウノニシ,Kononishi,四丁目,４チョウメ,4,,,,,1,1,0,0,0,0,1,1,1947-04-17,,0,,,,,,,,,,,,,,,,
412015,0044001,2,佐賀県,サガケン,Saga,,,,佐賀市,サガシ,Saga-shi,,,,神野東,コウノヒガシ,Konohigashi,一丁目,１チョウメ,1,,,,,1,1,0,0,0,0,1,1,1947-04-17,,0,,,,,,,,,,,,,,,,
412015,0044002,2,佐賀県,サガケン,Saga,,,,佐賀市,サガシ,Saga-shi,,,,神野東,コウノヒガシ,Konohigashi,二丁目,２チョウメ,2,,,,,1,1,0,0,0,0,1,1,1947-04-17,,0,,,,,,,,,,,,,,,,
412015,0044003,2,佐賀県,サガケン,Saga,,,,佐賀市,サガシ,Saga-shi,,,,神野東,コウノヒガシ,Konohigashi,三丁目,３チョウメ,3,,,,,1,1,0,0,0,0,1,1,1947-04-17,,0,,,,,,,,,,,,,,,,
412015,0044004,2,佐賀県,サガケン,Saga,,,,佐賀市,サガシ,Saga-shi,,,,神野東,コウノヒガシ,Konohigashi,四丁目,４チョウメ,4,,,,,1,1,0,0,0,0,1,1,1947-04-17,,0,,,,,,,,,,,,,,,,
412015,0045000,1,佐賀県,サガケン,Saga,,,,佐賀市,サガシ,Saga-shi,,,,巨勢町大字牛島,コセマチオオアザウシジマ,,,,,,,,,0,0,0,0,0,0,1,1,1947-04-17,,0,,,,,,,,,,,,,,,,
412015,0046000,1,佐賀県,サガケン,Saga,,,,佐賀市,サガシ,Saga-shi,,,,巨勢町大字修理田,コセマチオオアザシュリタ,,,,,,,,,0,0,0,0,0,0,1,1,1947-04-17,,0,,,,,,,,,,,,,,,,
412015,0047000,1,佐賀県,サガケン,Saga,,,,佐賀市,サガシ,Saga-shi,,,,巨勢町大字高尾,コセマチオオアザタカオ,,,,,,,,,0,0,0,0,0,0,1,1,1947-04-17,,0,,,,,,,,,,,,,,,,
412015,0048000,1,佐賀県,サガケン,Saga,,,,佐賀市,サガシ,Saga-shi,,,,巨勢町大字東西,コセマチオオアザトウサイ,,,,,,,,,0,0,0,0,0,0,1,1,1947-04-17,,0,,,,,,,,,,,,,,,,
412015,0049000,1,佐賀県,サガケン,Saga,,,,佐賀市,サガシ,Saga-shi,,,,呉服元町,ゴフクモトマチ,Gofukumotomachi,,,,,,,,1,1,0,0,0,0,1,1,1947-04-17,,0,8400824,,,,,,,,,,,,,,,
412015,0050000,1,佐賀県,サガケン,Saga,,,,佐賀市,サガシ,Saga-shi,,,,紺屋町,コンヤマチ,Konyamachi,,,,,,,,1,1,0,0,0,0,1,1,1947-04-17,,0,8400056,,,,,,,,,,,,,,,
412015,0051001,2,佐賀県,サガケン,Saga,,,,佐賀市,サガシ,Saga-shi,,,,材木,ザイモク,Zaimoku,一丁目,１チョウメ,1,,,,,1,1,0,0,0,0,1,1,1947-04-17,,0,,,,,,,,,,,,,,,,
412015,0051002,2,佐賀県,サガケン,Saga,,,,佐賀市,サガシ,Saga-shi,,,,材木,ザイモク,Zaimoku,二丁目,２チョウメ,2,,,,,1,1,0,0,0,0,1,1,1947-04-17,,0,,,,,,,,,,,,,,,,
412015,0052000,1,佐賀県,サガケン,Saga,,,,佐賀市,サガシ,Saga-shi,,,,栄町,サカエマチ,Sakaemachi,,,,,,,,1,1,0,0,0,0,1,1,1947-04-17,,0,8400803,,,,,,,,,,,,,,,
412015,0053000,1,佐賀県,サガケン,Saga,,,,佐賀市,サガシ,Saga-shi,,,,道祖元町,サヤノモトマチ,Sayanomotomachi,,,,,,,,0,0,0,0,0,0,1,1,1947-04-17,,0,8400044,,,,,,,,,,,,,,,
412015,0054000,1,佐賀県,サガケン,Saga,,,,佐賀市,サガシ,Saga-shi,,,,下田町,シモダマチ,Shimodamachi,,,,,,,,1,1,0,0,0,0,1,1,1947-04-17,,0,8400031,,,,,,,,,,,,,,,
412015,0055000,1,佐賀県,サガケン,Saga,,,,佐賀市,サガシ,Saga-shi,,,,昭栄町,ショウエイマチ,Shoeimachi,,,,,,,,1,1,0,0,0,0,1,1,1947-04-17,,0,8400855,,,,,,,,,,,,,,,
412015,0056001,2,佐賀県,サガケン,Saga,,,,佐賀市,サガシ,Saga-shi,,,,城内,ジョウナイ,Jonai,一丁目,１チョウメ,1,,,,,1,1,0,0,0,0,1,1,1947-04-17,,0,,,,,,,,,,,,,,,,
412015,0056002,2,佐賀県,サガケン,Saga,,,,佐賀市,サガシ,Saga-shi,,,,城内,ジョウナイ,Jonai,二丁目,２チョウメ,2,,,,,1,1,0,0,0,0,1,1,1947-04-17,,0,,,,,,,,,,,,,,,,
412015,0057001,2,佐賀県,サガケン,Saga,,,,佐賀市,サガシ,Saga-shi,,,,白山,シラヤマ,Shirayama,一丁目,１チョウメ,1,,,,,1,1,0,0,0,0,1,1,1947-04-17,,0,,,,,,,,,,,,,,,,
412015,0057002,2,佐賀県,サガケン,Saga,,,,佐賀市,サガシ,Saga-shi,,,,白山,シラヤマ,Shirayama,二丁目,２チョウメ,2,,,,,1,1,0,0,0,0,1,1,1947-04-17,,0,,,,,,,,,,,,,,,,
412015,0058001,2,佐賀県,サガケン,Saga,,,,佐賀市,サガシ,Saga-shi,,,,新栄西,シンエイニシ,Shineinishi,一丁目,１チョウメ,1,,,,,1,1,0,0,0,0,1,1,1947-04-17,,0,,,,,,,,,,,,,,,,
412015,0058002,2,佐賀県,サガケン,Saga,,,,佐賀市,サガシ,Saga-shi,,,,新栄西,シンエイニシ,Shineinishi,二丁目,２チョウメ,2,,,,,1,1,0,0,0,0,1,1,1947-04-17,,0,,,,,,,,,,,,,,,,
412015,0059001,2,佐賀県,サガケン,Saga,,,,佐賀市,サガシ,Saga-shi,,,,新栄東,シンエイヒガシ,Shineihigashi,一丁目,１チョウメ,1,,,,,1,1,0,0,0,0,1,1,1947-04-17,,0,,,,,,,,,,,,,,,,
412015,0059002,2,佐賀県,サガケン,Saga,,,,佐賀市,サガシ,Saga-shi,,,,新栄東,シンエイヒガシ,Shineihigashi,二丁目,２チョウメ,2,,,,,1,1,0,0,0,0,1,1,1947-04-17,,0,,,,,,,,,,,,,,,,
412015,0059003,2,佐賀県,サガケン,Saga,,,,佐賀市,サガシ,Saga-shi,,,,新栄東,シンエイヒガシ,Shineihigashi,三丁目,３チョウメ,3,,,,,1,1,0,0,0,0,1,1,1947-04-17,,0,,,,,,,,,,,,,,,,
412015,0059004,2,佐賀県,サガケン,Saga,,,,佐賀市,サガシ,Saga-shi,,,,新栄東,シンエイヒガシ,Shineihigashi,四丁目,４チョウメ,4,,,,,1,1,0,0,0,0,1,1,1947-04-17,,0,,,,,,,,,,,,,,,,
412015,0060000,1,佐賀県,サガケン,Saga,,,,佐賀市,サガシ,Saga-shi,,,,新郷本町,シンゴウホンマチ,Shingohommachi,,,,,,,,1,1,0,0,0,0,1,1,1947-04-17,,0,8400017,,,,,,,,,,,,,,,
412015,0061000,1,佐賀県,サガケン,Saga,,,,佐賀市,サガシ,Saga-shi,,,,新生町,シンセイマチ,Shinseimachi,,,,,,,,1,1,0,0,0,0,1,1,1947-04-17,,0,8400856,,,,,,,,,,,,,,,
412015,0062000,1,佐賀県,サガケン,Saga,,,,佐賀市,サガシ,Saga-shi,,,,新中町,シンナカマチ,Shinnakamachi,,,,,,,,1,1,0,0,0,0,1,1,1947-04-17,,0,8490924,,,,,,,,,,,,,,,
412015,0063001,2,佐賀県,サガケン,Saga,,,,佐賀市,サガシ,Saga-shi,,,,末広,スエヒロ,Suehiro,一丁目,１チョウメ,1,,,,,1,1,0,0,0,0,1,1,1947-04-17,,0,,,,,,,,,,,,,,,,
412015,0063002,2,佐賀県,サガケン,Saga,,,,佐賀市,サガシ,Saga-shi,,,,末広,スエヒロ,Suehiro,二丁目,２チョウメ,2,,,,,1,1,0,0,0,0,1,1,1947-04-17,,0,,,,,,,,,,,,,,,,
412015,0064000,1,佐賀県,サガケン,Saga,,,,佐賀市,サガシ,Saga-shi,,,,成章町,セイショウマチ,Seishomachi,,,,,,,,1,1,0,0,0,0,1,1,1947-04-17,,0,8400814,,,,,,,,,,,,,,,
412015,0065000,1,佐賀県,サガケン,Saga,,,,佐賀市,サガシ,Saga-shi,,,,高木瀬団地,タカキセダンチ,Takakisedanchi,,,,,,,,1,1,0,0,0,0,1,1,1947-04-17,,0,8490927,,,,,,,,,,,,,,,
412015,0066001,2,佐賀県,サガケン,Saga,,,,佐賀市,サガシ,Saga-shi,,,,高木瀬西,タカキセニシ,Takakisenishi,一丁目,１チョウメ,1,,,,,1,1,0,0,0,0,1,1,1947-04-17,,0,,,,,,,,,,,,,,,,
412015,0066002,2,佐賀県,サガケン,Saga,,,,佐賀市,サガシ,Saga-shi,,,,高木瀬西,タカキセニシ,Takakisenishi,二丁目,２チョウメ,2,,,,,1,1,0,0,0,0,1,1,1947-04-17,,0,,,,,,,,,,,,,,,,
412015,0066003,2,佐賀県,サガケン,Saga,,,,佐賀市,サガシ,Saga-shi,,,,高木瀬西,タカキセニシ,Takakisenishi,三丁目,３チョウメ,3,,,,,1,1,0,0,0,0,1,1,1947-04-17,,0,,,,,,,,,,,,,,,,
412015,0066004,2,佐賀県,サガケン,Saga,,,,佐賀市,サガシ,Saga-shi,,,,高木瀬西,タカキセニシ,Takakisenishi,四丁目,４チョウメ,4,,,,,1,1,0,0,0,0,1,1,1947-04-17,,0,,,,,,,,,,,,,,,,
412015,0066005,2,佐賀県,サガケン,Saga,,,,佐賀市,サガシ,Saga-shi,,,,高木瀬西,タカキセニシ,Takakisenishi,五丁目,５チョウメ,5,,,,,1,1,0,0,0,0,1,1,1947-04-17,,0,,,,,,,,,,,,,,,,
412015,0066006,2,佐賀県,サガケン,Saga,,,,佐賀市,サガシ,Saga-shi,,,,高木瀬西,タカキセニシ,Takakisenishi,六丁目,６チョウメ,6,,,,,1,1,0,0,0,0,1,1,1947-04-17,,0,,,,,,,,,,,,,,,,
412015,0067001,2,佐賀県,サガケン,Saga,,,,佐賀市,サガシ,Saga-shi,,,,高木瀬東,タカキセヒガシ,Takakisehigashi,一丁目,１チョウメ,1,,,,,1,1,0,0,0,0,1,1,1947-04-17,,0,,,,,,,,,,,,,,,,
412015,0067002,2,佐賀県,サガケン,Saga,,,,佐賀市,サガシ,Saga-shi,,,,高木瀬東,タカキセヒガシ,Takakisehigashi,二丁目,２チョウメ,2,,,,,1,1,0,0,0,0,1,1,1947-04-17,,0,,,,,,,,,,,,,,,,
412015,0067003,2,佐賀県,サガケン,Saga,,,,佐賀市,サガシ,Saga-shi,,,,高木瀬東,タカキセヒガシ,Takakisehigashi,三丁目,３チョウメ,3,,,,,1,1,0,0,0,0,1,1,1947-04-17,,0,,,,,,,,,,,,,,,,
412015,0067004,2,佐賀県,サガケン,Saga,,,,佐賀市,サガシ,Saga-shi,,,,高木瀬東,タカキセヒガシ,Takakisehigashi,四丁目,４チョウメ,4,,,,,1,1,0,0,0,0,1,1,1947-04-17,,0,,,,,,,,,,,,,,,,
412015,0067005,2,佐賀県,サガケン,Saga,,,,佐賀市,サガシ,Saga-shi,,,,高木瀬東,タカキセヒガシ,Takakisehigashi,五丁目,５チョウメ,5,,,,,1,1,0,0,0,0,1,1,1947-04-17,,0,,,,,,,,,,,,,,,,
412015,0067006,2,佐賀県,サガケン,Saga,,,,佐賀市,サガシ,Saga-shi,,,,高木瀬東,タカキセヒガシ,Takakisehigashi,六丁目,６チョウメ,6,,,,,1,1,0,0,0,0,1,1,1947-04-17,,0,,,,,,,,,,,,,,,,
412015,0068000,1,佐賀県,サガケン,Saga,,,,佐賀市,サガシ,Saga-shi,,,,高木瀬町大字長瀬,タカキセマチオオアザナガセ,,,,,,,,,0,0,0,0,0,0,1,1,1947-04-17,,0,,,,,,,,,,,,,,,,
412015,0069000,1,佐賀県,サガケン,Saga,,,,佐賀市,サガシ,Saga-shi,,,,高木瀬町大字東高木,タカキセマチオオアザヒガシタカギ,,,,,,,,,0,0,0,0,0,0,1,1,1947-04-17,,0,,,,,,,,,,,,,,,,
412015,0070000,1,佐賀県,サガケン,Saga,,,,佐賀市,サガシ,Saga-shi,,,,高木町,タカギマチ,Takagimachi,,,,,,,,1,1,0,0,0,0,1,1,1947-04-17,,0,8400822,,,,,,,,,,,,,,,
412015,0071001,2,佐賀県,サガケン,Saga,,,,佐賀市,サガシ,Saga-shi,,,,田代,タシロ,Tashiro,一丁目,１チョウメ,1,,,,,1,1,0,0,0,0,1,1,1947-04-17,,0,,,,,,,,,,,,,,,,
412015,0071002,2,佐賀県,サガケン,Saga,,,,佐賀市,サガシ,Saga-shi,,,,田代,タシロ,Tashiro,二丁目,２チョウメ,2,,,,,1,1,0,0,0,0,1,1,1947-04-17,,0,,,,,,,,,,,,,,,,
412015,0072001,2,佐賀県,サガケン,Saga,,,,佐賀市,サガシ,Saga-shi,,,,多布施,タフセ,Tafuse,一丁目,１チョウメ,1,,,,,1,1,0,0,0,0,1,1,1947-04-17,,0,,,,,,,,,,,,,,,,
412015,0072002,2,佐賀県,サガケン,Saga,,,,佐賀市,サガシ,Saga-shi,,,,多布施,タフセ,Tafuse,二丁目,２チョウメ,2,,,,,1,1,0,0,0,0,1,1,1947-04-17,,0,,,,,,,,,,,,,,,,
412015,0072003,2,佐賀県,サガケン,Saga,,,,佐賀市,サガシ,Saga-shi,,,,多布施,タフセ,Tafuse,三丁目,３チョウメ,3,,,,,1,1,0,0,0,0,1,1,1947-04-17,,0,,,,,,,,,,,,,,,,
412015,0072004,2,佐賀県,サガケン,Saga,,,,佐賀市,サガシ,Saga-shi,,,,多布施,タフセ,Tafuse,四丁目,４チョウメ,4,,,,,1,1,0,0,0,0,1,1,1947-04-17,,0,,,,,,,,,,,,,,,,
412015,0073000,1,佐賀県,サガケン,Saga,,,,佐賀市,サガシ,Saga-shi,,,,中央本町,チュウオウホンマチ,Chuohommachi,,,,,,,,1,1,0,0,0,0,1,1,1947-04-17,,0,8400825,,,,,,,,,,,,,,,
412015,0074001,2,佐賀県,サガケン,Saga,,,,佐賀市,サガシ,Saga-shi,,,,天神,テンジン,Tenjin,一丁目,１チョウメ,1,,,,,1,1,0,0,0,0,1,1,1947-04-17,,0,,,,,,,,,,,,,,,,
412015,0074002,2,佐賀県,サガケン,Saga,,,,佐賀市,サガシ,Saga-shi,,,,天神,テンジン,Tenjin,二丁目,２チョウメ,2,,,,,1,1,0,0,0,0,1,1,1947-04-17,,0,,,,,,,,,,,,,,,,
412015,0074003,2,佐賀県,サガケン,Saga,,,,佐賀市,サガシ,Saga-shi,,,,天神,テンジン,Tenjin,三丁目,３チョウメ,3,,,,,1,1,0,0,0,0,1,1,1947-04-17,,0,,,,,,,,,,,,,,,,
412015,0075001,2,佐賀県,サガケン,Saga,,,,佐賀市,サガシ,Saga-shi,,,,天祐,テンユウ,Tenyu,一丁目,１チョウメ,1,,,,,1,1,0,0,0,0,1,1,1947-04-17,,0,,,,,,,,,,,,,,,,
412015,0075002,2,佐賀県,サガケン,Saga,,,,佐賀市,サガシ,Saga-shi,,,,天祐,テンユウ,Tenyu,二丁目,２チョウメ,2,,,,,1,1,0,0,0,0,1,1,1947-04-17,,0,,,,,,,,,,,,,,,,
412015,0076000,1,佐賀県,サガケン,Saga,,,,佐賀市,サガシ,Saga-shi,,,,天祐団地,テンユウダンチ,Tenyudanchi,,,,,,,,1,1,0,0,0,0,1,1,1947-04-17,,0,8400858,,,,,,,,,,,,,,,
412015,0077001,2,佐賀県,サガケン,Saga,,,,佐賀市,サガシ,Saga-shi,,,,唐人,トウジン,Tojin,一丁目,１チョウメ,1,,,,,1,1,0,0,0,0,1,1,1947-04-17,,0,,,,,,,,,,,,,,,,
412015,0077002,2,佐賀県,サガケン,Saga,,,,佐賀市,サガシ,Saga-shi,,,,唐人,トウジン,Tojin,二丁目,２チョウメ,2,,,,,1,1,0,0,0,0,1,1,1947-04-17,,0,,,,,,,,,,,,,,,,
412015,0078000,1,佐賀県,サガケン,Saga,,,,佐賀市,サガシ,Saga-shi,,,,中折町,ナカオレマチ,Nakaoremachi,,,,,,,,1,1,0,0,0,0,1,1,1947-04-17,,0,8400852,,,,,,,,,,,,,,,
412015,0079000,1,佐賀県,サガケン,Saga,,,,佐賀市,サガシ,Saga-shi,,,,長瀬町,ナガセマチ,Nagasemachi,,,,,,,,1,1,0,0,0,0,1,1,1947-04-17,,0,8400853,,,,,,,,,,,,,,,
412015,0080000,1,佐賀県,サガケン,Saga,,,,佐賀市,サガシ,Saga-shi,,,,中の小路,ナカノコウジ,Nakanokoji,,,,,,,,1,1,0,0,0,0,1,1,1947-04-17,,0,8400833,,,,,,,,,,,,,,,
412015,0081000,1,佐賀県,サガケン,Saga,,,,佐賀市,サガシ,Saga-shi,,,,中の館町,ナカノタテマチ,Nakanotatemachi,,,,,,,,1,1,0,0,0,0,1,1,1947-04-17,,0,8400022,,,,,,,,,,,,,,,
412015,0082001,2,佐賀県,サガケン,Saga,,,,佐賀市,サガシ,Saga-shi,,,,鍋島,ナベシマ,Nabeshima,一丁目,１チョウメ,1,,,,,1,1,0,0,0,0,1,1,1947-04-17,,0,,,,,,,,,,,,,,,,
412015,0082002,2,佐賀県,サガケン,Saga,,,,佐賀市,サガシ,Saga-shi,,,,鍋島,ナベシマ,Nabeshima,二丁目,２チョウメ,2,,,,,1,1,0,0,0,0,1,1,1947-04-17,,0,,,,,,,,,,,,,,,,
412015,0082003,2,佐賀県,サガケン,Saga,,,,佐賀市,サガシ,Saga-shi,,,,鍋島,ナベシマ,Nabeshima,三丁目,３チョウメ,3,,,,,1,1,0,0,0,0,1,1,1947-04-17,,0,,,,,,,,,,,,,,,,
412015,0082004,2,佐賀県,サガケン,Saga,,,,佐賀市,サガシ,Saga-shi,,,,鍋島,ナベシマ,Nabeshima,四丁目,４チョウメ,4,,,,,1,1,0,0,0,0,1,1,1947-04-17,,0,,,,,,,,,,,,,,,,
412015,0082005,2,佐賀県,サガケン,Saga,,,,佐賀市,サガシ,Saga-shi,,,,鍋島,ナベシマ,Nabeshima,五丁目,５チョウメ,5,,,,,1,1,0,0,0,0,1,1,1947-04-17,,0,,,,,,,,,,,,,,,,
412015,0082006,2,佐賀県,サガケン,Saga,,,,佐賀市,サガシ,Saga-shi,,,,鍋島,ナベシマ,Nabeshima,六丁目,６チョウメ,6,,,,,1,1,0,0,0,0,1,1,1947-04-17,,0,,,,,,,,,,,,,,,,
412015,0083000,1,佐賀県,サガケン,Saga,,,,佐賀市,サガシ,Saga-shi,,,,鍋島町大字蛎久,ナベシママチオオアザカキヒサ,,,,,,,,,0,0,0,0,0,0,1,1,1947-04-17,,0,,,,,,,,,,,,,,,,
412015,0084000,1,佐賀県,サガケン,Saga,,,,佐賀市,サガシ,Saga-shi,,,,鍋島町大字鍋島,ナベシママチオオアザナベシマ,,,,,,,,,0,0,0,0,0,0,1,1,1947-04-17,,0,,,,,,,,,,,,,,,,
412015,0085000,1,佐賀県,サガケン,Saga,,,,佐賀市,サガシ,Saga-shi,,,,鍋島町大字森田,ナベシママチオオアザモリタ,,,,,,,,,0,0,0,0,0,0,1,1,1947-04-17,,0,,,,,,,,,,,,,,,,
412015,0086000,1,佐賀県,サガケン,Saga,,,,佐賀市,サガシ,Saga-shi,,,,鍋島町大字八戸,ナベシママチオオアザヤエ,,,,,,,,,0,0,0,0,0,0,1,1,1947-04-17,,0,,,,,,,,,,,,,,,,
412015,0087000,1,佐賀県,サガケン,Saga,,,,佐賀市,サガシ,Saga-shi,,,,鍋島町大字八戸溝,ナベシママチオオアザヤエミゾ,,,,,,,,,0,0,0,0,0,0,1,1,1947-04-17,,0,,,,,,,,,,,,,,,,
412015,0088000,1,佐賀県,サガケン,Saga,,,,佐賀市,サガシ,Saga-shi,,,,西魚町,ニシウオマチ,Nishiuomachi,,,,,,,,0,0,0,0,0,0,1,1,1947-04-17,,0,8400046,,,,,,,,,,,,,,,
412015,0089001,2,佐賀県,サガケン,Saga,,,,佐賀市,サガシ,Saga-shi,,,,西田代,ニシタシロ,Nishitashiro,一丁目,１チョウメ,1,,,,,1,1,0,0,0,0,1,1,1947-04-17,,0,,,,,,,,,,,,,,,,
412015,0089002,2,佐賀県,サガケン,Saga,,,,佐賀市,サガシ,Saga-shi,,,,西田代,ニシタシロ,Nishitashiro,二丁目,２チョウメ,2,,,,,1,1,0,0,0,0,1,1,1947-04-17,,0,,,,,,,,,,,,,,,,
412015,0090000,1,佐賀県,サガケン,Saga,,,,佐賀市,サガシ,Saga-shi,,,,西田代町,ニシタシロマチ,,,,,,,,,0,0,0,0,0,0,1,1,1947-04-17,,0,,,,,,,,,,,,,,,,
412015,0092000,1,佐賀県,サガケン,Saga,,,,佐賀市,サガシ,Saga-shi,,,,西与賀町大字相応津,ニシヨカマチオオアザソウオツ,,,,,,,,,0,0,0,0,0,0,1,1,1947-04-17,,0,,,,,,,,,,,,,,,,
412015,0093000,1,佐賀県,サガケン,Saga,,,,佐賀市,サガシ,Saga-shi,,,,西与賀町大字高太郎,ニシヨカマチオオアザタカタロウ,,,,,,,,,0,0,0,0,0,0,1,1,1947-04-17,,0,,,,,,,,,,,,,,,,
412015,0094000,1,佐賀県,サガケン,Saga,,,,佐賀市,サガシ,Saga-shi,,,,西与賀町大字厘外,ニシヨカマチオオアザリンゲ,,,,,,,,,0,0,0,0,0,0,1,1,1947-04-17,,0,,,,,,,,,,,,,,,,
412015,0095000,1,佐賀県,サガケン,Saga,,,,佐賀市,サガシ,Saga-shi,,,,蓮池町大字古賀,ハスイケマチオオアザコガ,,,,,,,,,0,0,0,0,0,0,1,1,1947-04-17,,0,,,,,,,,,,,,,,,,
412015,0096000,1,佐賀県,サガケン,Saga,,,,佐賀市,サガシ,Saga-shi,,,,蓮池町大字小松,ハスイケマチオオアザコマツ,,,,,,,,,0,0,0,0,0,0,1,1,1947-04-17,,0,,,,,,,,,,,,,,,,
412015,0097000,1,佐賀県,サガケン,Saga,,,,佐賀市,サガシ,Saga-shi,,,,蓮池町大字蓮池,ハスイケマチオオアザハスイケ,,,,,,,,,0,0,0,0,0,0,1,1,1947-04-17,,0,,,,,,,,,,,,,,,,
412015,0098000,1,佐賀県,サガケン,Saga,,,,佐賀市,サガシ,Saga-shi,,,,蓮池町大字見島,ハスイケマチオオアザミシマ,,,,,,,,,0,0,0,0,0,0,1,1,1947-04-17,,0,,,,,,,,,,,,,,,,
412015,0099000,1,佐賀県,サガケン,Saga,,,,佐賀市,サガシ,Saga-shi,,,,八幡小路,ハチマンコウジ,Hachimankoji,,,,,,,,1,1,0,0,0,0,1,1,1947-04-17,,0,8400834,,,,,,,,,,,,,,,
412015,0100000,1,佐賀県,サガケン,Saga,,,,佐賀市,サガシ,Saga-shi,,,,八丁畷町,ハッチョウナワテマチ,Hatchonawatemachi,,,,,,,,1,1,0,0,0,0,1,1,1947-04-17,,0,8490925,,,,,,,,,,,,,,,
412015,0101000,1,佐賀県,サガケン,Saga,,,,佐賀市,サガシ,Saga-shi,,,,東佐賀町,ヒガシサガマチ,Higashisagamachi,,,,,,,,1,1,0,0,0,0,1,1,1947-04-17,,0,8400821,,,,,,,,,,,,,,,
412015,0102000,1,佐賀県,サガケン,Saga,,,,佐賀市,サガシ,Saga-shi,,,,東与賀町大字飯盛,ヒガシヨカチョウオオアザイサガイ,,,,,,,,,0,0,0,0,0,0,1,1,1947-04-17,,0,,,,,,,,,,,,,,,,
412015,0103000,1,佐賀県,サガケン,Saga,,,,佐賀市,サガシ,Saga-shi,,,,東与賀町大字下古賀,ヒガシヨカチョウオオアザシモコガ,,,,,,,,,0,0,0,0,0,0,1,1,1947-04-17,,0,,,,,,,,,,,,,,,,
412015,0104000,1,佐賀県,サガケン,Saga,,,,佐賀市,サガシ,Saga-shi,,,,東与賀町大字田中,ヒガシヨカチョウオオアザタナカ,,,,,,,,,0,0,0,0,0,0,1,1,1947-04-17,,0,,,,,,,,,,,,,,,,
412015,0105001,2,佐賀県,サガケン,Saga,,,,佐賀市,サガシ,Saga-shi,,,,光,ヒカリ,Hikari,一丁目,１チョウメ,1,,,,,1,1,0,0,0,0,1,1,1947-04-17,,0,,,,,,,,,,,,,,,,
412015,0105002,2,佐賀県,サガケン,Saga,,,,佐賀市,サガシ,Saga-shi,,,,光,ヒカリ,Hikari,二丁目,２チョウメ,2,,,,,1,1,0,0,0,0,1,1,1947-04-17,,0,,,,,,,,,,,,,,,,
412015,0105003,2,佐賀県,サガケン,Saga,,,,佐賀市,サガシ,Saga-shi,,,,光,ヒカリ,Hikari,三丁目,３チョウメ,3,,,,,1,1,0,0,0,0,1,1,1947-04-17,,0,,,,,,,,,,,,,,,,
412015,0106001,2,佐賀県,サガケン,Saga,,,,佐賀市,サガシ,Saga-shi,,,,日の出,ヒノデ,Hinode,一丁目,１チョウメ,1,,,,,1,1,0,0,0,0,1,1,1947-04-17,,0,,,,,,,,,,,,,,,,
412015,0106002,2,佐賀県,サガケン,Saga,,,,佐賀市,サガシ,Saga-shi,,,,日の出,ヒノデ,Hinode,二丁目,２チョウメ,2,,,,,1,1,0,0,0,0,1,1,1947-04-17,,0,,,,,,,,,,,,,,,,
412015,0107001,2,佐賀県,サガケン,Saga,,,,佐賀市,サガシ,Saga-shi,,,,兵庫北,ヒョウゴキタ,Hyogokita,一丁目,１チョウメ,1,,,,,1,1,0,0,0,0,1,1,1947-04-17,,0,,,,,,,,,,,,,,,,
412015,0107002,2,佐賀県,サガケン,Saga,,,,佐賀市,サガシ,Saga-shi,,,,兵庫北,ヒョウゴキタ,Hyogokita,二丁目,２チョウメ,2,,,,,1,1,0,0,0,0,1,1,1947-04-17,,0,,,,,,,,,,,,,,,,
412015,0107003,2,佐賀県,サガケン,Saga,,,,佐賀市,サガシ,Saga-shi,,,,兵庫北,ヒョウゴキタ,Hyogokita,三丁目,３チョウメ,3,,,,,1,1,0,0,0,0,1,1,1947-04-17,,0,,,,,,,,,,,,,,,,
412015,0107004,2,佐賀県,サガケン,Saga,,,,佐賀市,サガシ,Saga-shi,,,,兵庫北,ヒョウゴキタ,Hyogokita,四丁目,４チョウメ,4,,,,,1,1,0,0,0,0,1,1,1947-04-17,,0,,,,,,,,,,,,,,,,
412015,0107005,2,佐賀県,サガケン,Saga,,,,佐賀市,サガシ,Saga-shi,,,,兵庫北,ヒョウゴキタ,Hyogokita,五丁目,５チョウメ,5,,,,,1,1,0,0,0,0,1,1,1947-04-17,,0,,,,,,,,,,,,,,,,
412015,0107006,2,佐賀県,サガケン,Saga,,,,佐賀市,サガシ,Saga-shi,,,,兵庫北,ヒョウゴキタ,Hyogokita,六丁目,６チョウメ,6,,,,,1,1,0,0,0,0,1,1,1947-04-17,,0,,,,,,,,,,,,,,,,
412015,0107007,2,佐賀県,サガケン,Saga,,,,佐賀市,サガシ,Saga-shi,,,,兵庫北,ヒョウゴキタ,Hyogokita,七丁目,７チョウメ,7,,,,,1,1,0,0,0,0,1,1,1947-04-17,,0,,,,,,,,,,,,,,,,
412015,0108000,1,佐賀県,サガケン,Saga,,,,佐賀市,サガシ,Saga-shi,,,,兵庫町大字瓦町,ヒョウゴマチオオアザカワラマチ,,,,,,,,,0,0,0,0,0,0,1,1,1947-04-17,,0,,,,,,,,,,,,,,,,
412015,0109000,1,佐賀県,サガケン,Saga,,,,佐賀市,サガシ,Saga-shi,,,,兵庫町大字西渕,ヒョウゴマチオオアザニシブチ,,,,,,,,,0,0,0,0,0,0,1,1,1947-04-17,,0,,,,,,,,,,,,,,,,
412015,0110000,1,佐賀県,サガケン,Saga,,,,佐賀市,サガシ,Saga-shi,,,,兵庫町大字藤木,ヒョウゴマチオオアザフジノキ,,,,,,,,,0,0,0,0,0,0,1,1,1947-04-17,,0,,,,,,,,,,,,,,,,
412015,0111000,1,佐賀県,サガケン,Saga,,,,佐賀市,サガシ,Saga-shi,,,,兵庫町大字渕,ヒョウゴマチオオアザフチ,,,,,,,,,0,0,0,0,0,0,1,1,1947-04-17,,0,,,,,,,,,,,,,,,,
412015,0112000,1,佐賀県,サガケン,Saga,,,,佐賀市,サガシ,Saga-shi,,,,兵庫町大字若宮,ヒョウゴマチオオアザワカミヤ,,,,,,,,,0,0,0,0,0,0,1,1,1947-04-17,,0,,,,,,,,,,,,,,,,
412015,0113001,2,佐賀県,サガケン,Saga,,,,佐賀市,サガシ,Saga-shi,,,,兵庫南,ヒョウゴミナミ,Hyogominami,一丁目,１チョウメ,1,,,,,1,1,0,0,0,0,1,1,1947-04-17,,0,,,,,,,,,,,,,,,,
412015,0113002,2,佐賀県,サガケン,Saga,,,,佐賀市,サガシ,Saga-shi,,,,兵庫南,ヒョウゴミナミ,Hyogominami,二丁目,２チョウメ,2,,,,,1,1,0,0,0,0,1,1,1947-04-17,,0,,,,,,,,,,,,,,,,
412015,0113003,2,佐賀県,サガケン,Saga,,,,佐賀市,サガシ,Saga-shi,,,,兵庫南,ヒョウゴミナミ,Hyogominami,三丁目,３チョウメ,3,,,,,1,1,0,0,0,0,1,1,1947-04-17,,0,,,,,,,,,,,,,,,,
412015,0113004,2,佐賀県,サガケン,Saga,,,,佐賀市,サガシ,Saga-shi,,,,兵庫南,ヒョウゴミナミ,Hyogominami,四丁目,４チョウメ,4,,,,,1,1,0,0,0,0,1,1,1947-04-17,,0,,,,,,,,,,,,,,,,
412015,0114000,1,佐賀県,サガケン,Saga,,,,佐賀市,サガシ,Saga-shi,,,,富士町大字市川,フジチョウオオアザイチカワ,,,,,,,,,0,0,0,0,0,0,1,1,1947-04-17,,0,,,,,,,,,,,,,,,,
412015,0115000,1,佐賀県,サガケン,Saga,,,,佐賀市,サガシ,Saga-shi,,,,富士町大字内野,フジチョウオオアザウチノ,,,,,,,,,0,0,0,0,0,0,1,1,1947-04-17,,0,,,,,,,,,,,,,,,,
412015,0116000,1,佐賀県,サガケン,Saga,,,,佐賀市,サガシ,Saga-shi,,,,富士町大字梅野,フジチョウオオアザウメノ,,,,,,,,,0,0,0,0,0,0,1,1,1947-04-17,,0,,,,,,,,,,,,,,,,
412015,0117000,1,佐賀県,サガケン,Saga,,,,佐賀市,サガシ,Saga-shi,,,,富士町大字大串,フジチョウオオアザオオグシ,,,,,,,,,0,0,0,0,0,0,1,1,1947-04-17,,0,,,,,,,,,,,,,,,,
412015,0118000,1,佐賀県,サガケン,Saga,,,,佐賀市,サガシ,Saga-shi,,,,富士町大字大野,フジチョウオオアザオオノ,,,,,,,,,0,0,0,0,0,0,1,1,1947-04-17,,0,,,,,,,,,,,,,,,,
412015,0119000,1,佐賀県,サガケン,Saga,,,,佐賀市,サガシ,Saga-shi,,,,富士町大字小副川,フジチョウオオアザオソエガワ,,,,,,,,,0,0,0,0,0,0,1,1,1947-04-17,,0,,,,,,,,,,,,,,,,
412015,0120000,1,佐賀県,サガケン,Saga,,,,佐賀市,サガシ,Saga-shi,,,,富士町大字鎌原,フジチョウオオアザカマバル,,,,,,,,,0,0,0,0,0,0,1,1,1947-04-17,,0,,,,,,,,,,,,,,,,
412015,0121000,1,佐賀県,サガケン,Saga,,,,佐賀市,サガシ,Saga-shi,,,,富士町大字上合瀬,フジチョウオオアザカミオウセ,,,,,,,,,0,0,0,0,0,0,1,1,1947-04-17,,0,,,,,,,,,,,,,,,,
412015,0122000,1,佐賀県,サガケン,Saga,,,,佐賀市,サガシ,Saga-shi,,,,富士町大字上熊川,フジチョウオオアザカミクマカワ,,,,,,,,,0,0,0,0,0,0,1,1,1947-04-17,,0,,,,,,,,,,,,,,,,
412015,0123000,1,佐賀県,サガケン,Saga,,,,佐賀市,サガシ,Saga-shi,,,,富士町大字上無津呂,フジチョウオオアザカミムツロ,,,,,,,,,0,0,0,0,0,0,1,1,1947-04-17,,0,,,,,,,,,,,,,,,,
412015,0124000,1,佐賀県,サガケン,Saga,,,,佐賀市,サガシ,Saga-shi,,,,富士町大字栗並,フジチョウオオアザクリナミ,,,,,,,,,0,0,0,0,0,0,1,1,1947-04-17,,0,,,,,,,,,,,,,,,,
412015,0125000,1,佐賀県,サガケン,Saga,,,,佐賀市,サガシ,Saga-shi,,,,富士町大字古場,フジチョウオオアザコバ,,,,,,,,,0,0,0,0,0,0,1,1,1947-04-17,,0,,,,,,,,,,,,,,,,
412015,0126000,1,佐賀県,サガケン,Saga,,,,佐賀市,サガシ,Saga-shi,,,,富士町大字下合瀬,フジチョウオオアザシモオウセ,,,,,,,,,0,0,0,0,0,0,1,1,1947-04-17,,0,,,,,,,,,,,,,,,,
412015,0127000,1,佐賀県,サガケン,Saga,,,,佐賀市,サガシ,Saga-shi,,,,富士町大字下熊川,フジチョウオオアザシモクマカワ,,,,,,,,,0,0,0,0,0,0,1,1,1947-04-17,,0,,,,,,,,,,,,,,,,
412015,0128000,1,佐賀県,サガケン,Saga,,,,佐賀市,サガシ,Saga-shi,,,,富士町大字下無津呂,フジチョウオオアザシモムツロ,,,,,,,,,0,0,0,0,0,0,1,1,1947-04-17,,0,,,,,,,,,,,,,,,,
412015,0129000,1,佐賀県,サガケン,Saga,,,,佐賀市,サガシ,Saga-shi,,,,富士町大字杉山,フジチョウオオアザスギヤマ,,,,,,,,,0,0,0,0,0,0,1,1,1947-04-17,,0,,,,,,,,,,,,,,,,
412015,0130000,1,佐賀県,サガケン,Saga,,,,佐賀市,サガシ,Saga-shi,,,,富士町大字関屋,フジチョウオオアザセキヤ,,,,,,,,,0,0,0,0,0,0,1,1,1947-04-17,,0,,,,,,,,,,,,,,,,
412015,0131000,1,佐賀県,サガケン,Saga,,,,佐賀市,サガシ,Saga-shi,,,,富士町大字苣木,フシチョウオオアサチャノキ,,,,,,,,,0,0,0,0,0,0,1,1,1947-04-17,,0,,,,,,,,,,,,,,,,
412015,0132000,1,佐賀県,サガケン,Saga,,,,佐賀市,サガシ,Saga-shi,,,,富士町大字中原,フジチョウオオアザナカバル,,,,,,,,,0,0,0,0,0,0,1,1,1947-04-17,,0,,,,,,,,,,,,,,,,
412015,0133000,1,佐賀県,サガケン,Saga,,,,佐賀市,サガシ,Saga-shi,,,,富士町大字畑瀬,フジチョウオオアザハタセ,,,,,,,,,0,0,0,0,0,0,1,1,1947-04-17,,0,,,,,,,,,,,,,,,,
412015,0134000,1,佐賀県,サガケン,Saga,,,,佐賀市,サガシ,Saga-shi,,,,富士町大字藤瀬,フジチョウオオアザフジセ,,,,,,,,,0,0,0,0,0,0,1,1,1947-04-17,,0,,,,,,,,,,,,,,,,
412015,0135000,1,佐賀県,サガケン,Saga,,,,佐賀市,サガシ,Saga-shi,,,,富士町大字古湯,フジチョウオオアザフルユ,,,,,,,,,0,0,0,0,0,0,1,1,1947-04-17,,0,,,,,,,,,,,,,,,,
412015,0136000,1,佐賀県,サガケン,Saga,,,,佐賀市,サガシ,Saga-shi,,,,富士町大字松瀬,フジチョウオオアザマツセ,,,,,,,,,0,0,0,0,0,0,1,1,1947-04-17,,0,,,,,,,,,,,,,,,,
412015,0137000,1,佐賀県,サガケン,Saga,,,,佐賀市,サガシ,Saga-shi,,,,富士町大字麻那古,フジチョウオオアザマナゴ,,,,,,,,,0,0,0,0,0,0,1,1,1947-04-17,,0,,,,,,,,,,,,,,,,
412015,0138000,1,佐賀県,サガケン,Saga,,,,佐賀市,サガシ,Saga-shi,,,,堀川町,ホリカワチョウ,Horikawacho,,,,,,,,1,1,0,0,0,0,1,1,1947-04-17,,0,8400832,,,,,,,,,,,,,,,
412015,0139000,1,佐賀県,サガケン,Saga,,,,佐賀市,サガシ,Saga-shi,,,,本庄町大字鹿子,ホンジョウマチオオアザカノコ,,,,,,,,,0,0,0,0,0,0,1,1,1947-04-17,,0,,,,,,,,,,,,,,,,
412015,0140000,1,佐賀県,サガケン,Saga,,,,佐賀市,サガシ,Saga-shi,,,,本庄町大字正里,ホンジョウマチオオアザショウリ,,,,,,,,,0,0,0,0,0,0,1,1,1947-04-17,,0,,,,,,,,,,,,,,,,
412015,0141000,1,佐賀県,サガケン,Saga,,,,佐賀市,サガシ,Saga-shi,,,,本庄町大字末次,ホンジョウマチオオアザスエツグ,,,,,,,,,0,0,0,0,0,0,1,1,1947-04-17,,0,,,,,,,,,,,,,,,,
412015,0142000,1,佐賀県,サガケン,Saga,,,,佐賀市,サガシ,Saga-shi,,,,本庄町大字袋,ホンジョウマチオオアザフクロ,,,,,,,,,0,0,0,0,0,0,1,1,1947-04-17,,0,,,,,,,,,,,,,,,,
412015,0143000,1,佐賀県,サガケン,Saga,,,,佐賀市,サガシ,Saga-shi,,,,本庄町大字本庄,ホンジョウマチオオアザホンジョウ,,,,,,,,,0,0,0,0,0,0,1,1,1947-04-17,,0,,,,,,,,,,,,,,,,
412015,0144001,2,佐賀県,サガケン,Saga,,,,佐賀市,サガシ,Saga-shi,,,,松原,マツバラ,Matsubara,一丁目,１チョウメ,1,,,,,1,1,0,0,0,0,1,1,1947-04-17,,0,,,,,,,,,,,,,,,,
412015,0144002,2,佐賀県,サガケン,Saga,,,,佐賀市,サガシ,Saga-shi,,,,松原,マツバラ,Matsubara,二丁目,２チョウメ,2,,,,,1,1,0,0,0,0,1,1,1947-04-17,,0,,,,,,,,,,,,,,,,
412015,0144003,2,佐賀県,サガケン,Saga,,,,佐賀市,サガシ,Saga-shi,,,,松原,マツバラ,Matsubara,三丁目,３チョウメ,3,,,,,1,1,0,0,0,0,1,1,1947-04-17,,0,,,,,,,,,,,,,,,,
412015,0144004,2,佐賀県,サガケン,Saga,,,,佐賀市,サガシ,Saga-shi,,,,松原,マツバラ,Matsubara,四丁目,４チョウメ,4,,,,,1,1,0,0,0,0,1,1,1947-04-17,,0,,,,,,,,,,,,,,,,
412015,0145001,2,佐賀県,サガケン,Saga,,,,佐賀市,サガシ,Saga-shi,,,,水ヶ江,ミズガエ,,一丁目,１チョウメ,1,,,,,1,1,0,0,0,0,1,1,1947-04-17,,0,,,,,,,,,,,,,,,,
412015,0145002,2,佐賀県,サガケン,Saga,,,,佐賀市,サガシ,Saga-shi,,,,水ヶ江,ミズガエ,,二丁目,２チョウメ,2,,,,,1,1,0,0,0,0,1,1,1947-04-17,,0,,,,,,,,,,,,,,,,
412015,0145003,2,佐賀県,サガケン,Saga,,,,佐賀市,サガシ,Saga-shi,,,,水ヶ江,ミズガエ,,三丁目,３チョウメ,3,,,,,1,1,0,0,0,0,1,1,1947-04-17,,0,,,,,,,,,,,,,,,,
412015,0145004,2,佐賀県,サガケン,Saga,,,,佐賀市,サガシ,Saga-shi,,,,水ヶ江,ミズガエ,,四丁目,４チョウメ,4,,,,,1,1,0,0,0,0,1,1,1947-04-17,,0,,,,,,,,,,,,,,,,
412015,0145005,2,佐賀県,サガケン,Saga,,,,佐賀市,サガシ,Saga-shi,,,,水ヶ江,ミズガエ,,五丁目,５チョウメ,5,,,,,1,1,0,0,0,0,1,1,1947-04-17,,0,,,,,,,,,,,,,,,,
412015,0145006,2,佐賀県,サガケン,Saga,,,,佐賀市,サガシ,Saga-shi,,,,水ヶ江,ミズガエ,,六丁目,６チョウメ,6,,,,,1,1,0,0,0,0,1,1,1947-04-17,,0,,,,,,,,,,,,,,,,
412015,0146000,1,佐賀県,サガケン,Saga,,,,佐賀市,サガシ,Saga-shi,,,,三瀬村藤原,ミツセムラフジバル,Mitsusemura Fujibaru,,,,,,,,0,0,0,0,0,0,1,1,1947-04-17,,0,8420302,,,,,,,,,,,,,,,
412015,0147000,1,佐賀県,サガケン,Saga,,,,佐賀市,サガシ,Saga-shi,,,,三瀬村三瀬,ミツセムラミツセ,Mitsusemura Mitsuse,,,,,,,,0,0,0,0,0,0,1,1,1947-04-17,,0,8420301,,,,,,,,,,,,,,,
412015,0148000,1,佐賀県,サガケン,Saga,,,,佐賀市,サガシ,Saga-shi,,,,三瀬村杠,ミツセムラユズリハ,Mitsusemura Yuzuriha,,,,,,,,0,0,0,0,0,0,1,1,1947-04-17,,0,8420303,,,,,,,,,,,,,,,
412015,0149000,1,佐賀県,サガケン,Saga,,,,佐賀市,サガシ,Saga-shi,,,,緑小路,ミドリコウジ,Midorikoji,,,,,,,,1,1,0,0,0,0,1,1,1947-04-17,,0,8400841,,,,,,,,,,,,,,,
412015,0150001,2,佐賀県,サガケン,Saga,,,,佐賀市,サガシ,Saga-shi,,,,南佐賀,ミナミサガ,Minamisaga,一丁目,１チョウメ,1,,,,,1,1,0,0,0,0,1,1,1947-04-17,,0,,,,,,,,,,,,,,,,
412015,0150002,2,佐賀県,サガケン,Saga,,,,佐賀市,サガシ,Saga-shi,,,,南佐賀,ミナミサガ,Minamisaga,二丁目,２チョウメ,2,,,,,1,1,0,0,0,0,1,1,1947-04-17,,0,,,,,,,,,,,,,,,,
412015,0150003,2,佐賀県,サガケン,Saga,,,,佐賀市,サガシ,Saga-shi,,,,南佐賀,ミナミサガ,Minamisaga,三丁目,３チョウメ,3,,,,,1,1,0,0,0,0,1,1,1947-04-17,,0,,,,,,,,,,,,,,,,
412015,0151000,1,佐賀県,サガケン,Saga,,,,佐賀市,サガシ,Saga-shi,,,,諸富町大字大堂,モロドミチョウオオアザオオドウ,,,,,,,,,0,0,0,0,0,0,1,1,1947-04-17,,0,,,,,,,,,,,,,,,,
412015,0152000,1,佐賀県,サガケン,Saga,,,,佐賀市,サガシ,Saga-shi,,,,諸富町大字為重,モロドミチョウオオアザタメシゲ,,,,,,,,,0,0,0,0,0,0,1,1,1947-04-17,,0,,,,,,,,,,,,,,,,
412015,0153000,1,佐賀県,サガケン,Saga,,,,佐賀市,サガシ,Saga-shi,,,,諸富町大字寺井津,モロドミチョウオオアザテライツ,,,,,,,,,0,0,0,0,0,0,1,1,1947-04-17,,0,,,,,,,,,,,,,,,,
412015,0154000,1,佐賀県,サガケン,Saga,,,,佐賀市,サガシ,Saga-shi,,,,諸富町大字徳富,モロドミチョウオオアザトクドミ,,,,,,,,,0,0,0,0,0,0,1,1,1947-04-17,,0,,,,,,,,,,,,,,,,
412015,0155000,1,佐賀県,サガケン,Saga,,,,佐賀市,サガシ,Saga-shi,,,,諸富町大字諸富津,モロドミチョウオオアザモロドミツ,,,,,,,,,0,0,0,0,0,0,1,1,1947-04-17,,0,,,,,,,,,,,,,,,,
412015,0156000,1,佐賀県,サガケン,Saga,,,,佐賀市,サガシ,Saga-shi,,,,諸富町大字山領,モロドミチョウオオアザヤマリョウ,,,,,,,,,0,0,0,0,0,0,1,1,1947-04-17,,0,,,,,,,,,,,,,,,,
412015,0157001,2,佐賀県,サガケン,Saga,,,,佐賀市,サガシ,Saga-shi,,,,八戸,ヤエ,Yae,一丁目,１チョウメ,1,,,,,1,1,0,0,0,0,1,1,1947-04-17,,0,,,,,,,,,,,,,,,,
412015,0157002,2,佐賀県,サガケン,Saga,,,,佐賀市,サガシ,Saga-shi,,,,八戸,ヤエ,Yae,二丁目,２チョウメ,2,,,,,1,1,0,0,0,0,1,1,1947-04-17,,0,,,,,,,,,,,,,,,,
412015,0158001,2,佐賀県,サガケン,Saga,,,,佐賀市,サガシ,Saga-shi,,,,八戸溝,ヤエミゾ,Yaemizo,一丁目,１チョウメ,1,,,,,1,1,0,0,0,0,1,1,1947-04-17,,0,,,,,,,,,,,,,,,,
412015,0158002,2,佐賀県,サガケン,Saga,,,,佐賀市,サガシ,Saga-shi,,,,八戸溝,ヤエミゾ,Yaemizo,二丁目,２チョウメ,2,,,,,1,1,0,0,0,0,1,1,1947-04-17,,0,,,,,,,,,,,,,,,,
412015,0158003,2,佐賀県,サガケン,Saga,,,,佐賀市,サガシ,Saga-shi,,,,八戸溝,ヤエミゾ,Yaemizo,三丁目,３チョウメ,3,,,,,1,1,0,0,0,0,1,1,1947-04-17,,0,,,,,,,,,,,,,,,,
412015,0159000,1,佐賀県,サガケン,Saga,,,,佐賀市,サガシ,Saga-shi,,,,柳町,ヤナギマチ,Yanagimachi,,,,,,,,1,1,0,0,0,0,1,1,1947-04-17,,0,8400823,,,,,,,,,,,,,,,
412015,0160000,1,佐賀県,サガケン,Saga,,,,佐賀市,サガシ,Saga-shi,,,,大和町大字池上,ヤマトチョウオオアザイケノウエ,,,,,,,,,0,0,0,0,0,0,1,1,1947-04-17,,0,,,,,,,,,,,,,,,,
412015,0161000,1,佐賀県,サガケン,Saga,,,,佐賀市,サガシ,Saga-shi,,,,大和町大字梅野,ヤマトチョウオオアザウメノ,,,,,,,,,0,0,0,0,0,0,1,1,1947-04-17,,0,,,,,,,,,,,,,,,,
412015,0162000,1,佐賀県,サガケン,Saga,,,,佐賀市,サガシ,Saga-shi,,,,大和町大字川上,ヤマトチョウオオアザカワカミ,,,,,,,,,0,0,0,0,0,0,1,1,1947-04-17,,0,,,,,,,,,,,,,,,,
412015,0163000,1,佐賀県,サガケン,Saga,,,,佐賀市,サガシ,Saga-shi,,,,大和町大字久池井,ヤマトチョウオオアザクチイ,,,,,,,,,0,0,0,0,0,0,1,1,1947-04-17,,0,,,,,,,,,,,,,,,,
412015,0164000,1,佐賀県,サガケン,Saga,,,,佐賀市,サガシ,Saga-shi,,,,大和町大字久留間,ヤマトチョウオオアザクルマ,,,,,,,,,0,0,0,0,0,0,1,1,1947-04-17,,0,,,,,,,,,,,,,,,,
412015,0165000,1,佐賀県,サガケン,Saga,,,,佐賀市,サガシ,Saga-shi,,,,大和町大字名尾,ヤマトチョウオオアザナオ,,,,,,,,,0,0,0,0,0,0,1,1,1947-04-17,,0,,,,,,,,,,,,,,,,
412015,0166000,1,佐賀県,サガケン,Saga,,,,佐賀市,サガシ,Saga-shi,,,,大和町大字尼寺,ヤマトチョウオオアザニイジ,,,,,,,,,0,0,0,0,0,0,1,1,1947-04-17,,0,,,,,,,,,,,,,,,,
412015,0167000,1,佐賀県,サガケン,Saga,,,,佐賀市,サガシ,Saga-shi,,,,大和町大字八反原,ヤマトチョウオオアザハッタバル,,,,,,,,,0,0,0,0,0,0,1,1,1947-04-17,,0,,,,,,,,,,,,,,,,
412015,0168000,1,佐賀県,サガケン,Saga,,,,佐賀市,サガシ,Saga-shi,,,,大和町大字東山田,ヤマトチョウオオアザヒガシヤマダ,,,,,,,,,0,0,0,0,0,0,1,1,1947-04-17,,0,,,,,,,,,,,,,,,,
412015,0169000,1,佐賀県,サガケン,Saga,,,,佐賀市,サガシ,Saga-shi,,,,大和町大字松瀬,ヤマトチョウオオアザマツセ,,,,,,,,,0,0,0,0,0,0,1,1,1947-04-17,,0,,,,,,,,,,,,,,,,
412015,0170000,1,佐賀県,サガケン,Saga,,,,佐賀市,サガシ,Saga-shi,,,,与賀町,ヨカマチ,Yokamachi,,,,,,,,0,0,0,0,0,0,1,1,1947-04-17,,0,8400047,,,,,,,,,,,,,,,
412015,0170000,1,佐賀県,サガケン,Saga,,,,佐賀市,サガシ,Saga-shi,,,,与賀町,ヨカマチ,Yokamachi,,,,,,,,1,1,0,0,0,0,1,1,1947-04-17,,0,8400047,,,,,,,,,,,,,,,
412015,0171000,1,佐賀県,サガケン,Saga,,,,佐賀市,サガシ,Saga-shi,,,,六座町,ロクザマチ,Rokuzamachi,,,,,,,,1,1,0,0,0,0,1,1,1947-04-17,,0,8400845,,,,,,,,,,,,,,,
412015,0172001,2,佐賀県,サガケン,Saga,,,,佐賀市,サガシ,Saga-shi,,,,若楠,ワカクス,Wakakusu,一丁目,１チョウメ,1,,,,,1,1,0,0,0,0,1,1,1947-04-17,,0,,,,,,,,,,,,,,,,
412015,0172002,2,佐賀県,サガケン,Saga,,,,佐賀市,サガシ,Saga-shi,,,,若楠,ワカクス,Wakakusu,二丁目,２チョウメ,2,,,,,1,1,0,0,0,0,1,1,1947-04-17,,0,,,,,,,,,,,,,,,,
412015,0172003,2,佐賀県,サガケン,Saga,,,,佐賀市,サガシ,Saga-shi,,,,若楠,ワカクス,Wakakusu,三丁目,３チョウメ,3,,,,,1,1,0,0,0,0,1,1,1947-04-17,,0,,,,,,,,,,,,,,,,
412015,0173001,2,佐賀県,サガケン,Saga,,,,佐賀市,サガシ,Saga-shi,,,,若宮,ワカミヤ,Wakamiya,一丁目,１チョウメ,1,,,,,1,1,0,0,0,0,1,1,1947-04-17,,0,,,,,,,,,,,,,,,,
412015,0173002,2,佐賀県,サガケン,Saga,,,,佐賀市,サガシ,Saga-shi,,,,若宮,ワカミヤ,Wakamiya,二丁目,２チョウメ,2,,,,,1,1,0,0,0,0,1,1,1947-04-17,,0,,,,,,,,,,,,,,,,
412015,0173003,2,佐賀県,サガケン,Saga,,,,佐賀市,サガシ,Saga-shi,,,,若宮,ワカミヤ,Wakamiya,三丁目,３チョウメ,3,,,,,1,1,0,0,0,0,1,1,1947-04-17,,0,,,,,,,,,,,,,,,,
412015,0174000,1,佐賀県,サガケン,Saga,,,,佐賀市,サガシ,Saga-shi,,,,西与賀町字今津,ニシヨカマチアザイマヅ,,,,,,,,,0,0,0,0,0,0,1,1,1947-04-17,,0,,,,,,,,,,,,,,,,
412015,0182000,1,佐賀県,サガケン,Saga,,,,佐賀市,サガシ,Saga-shi,,,,北川副町大字木原,キタカワソエマチオオアザキハラ,,,,,,,,,0,0,0,0,0,0,1,1,1947-04-17,,0,,,,,,,,,,,,,,,,
412015,0210000,1,佐賀県,サガケン,Saga,,,,佐賀市,サガシ,Saga-shi,,,,唐人町,トウジンマチ,,,,,,,,,0,0,0,0,0,0,1,0,1947-04-17,,1,,,,,,,,,,,,,,,,
412015,0211000,1,佐賀県,サガケン,Saga,,,,佐賀市,サガシ,Saga-shi,,,,神野町,コウノマチ,,,,,,,,,0,0,0,0,0,0,1,0,1947-04-17,,1,,,,,,,,,,,,,,,,
412015,0212000,1,佐賀県,サガケン,Saga,,,,佐賀市,サガシ,Saga-shi,,,,高木瀬町大字高木,タカキセマチオオアザタカギ,,,,,,,,,0,0,0,0,0,0,1,0,1947-04-17,,1,,,,,,,,,,,,,,,,
412023,0001000,1,佐賀県,サガケン,Saga,,,,唐津市,カラツシ,Karatsu-shi,,,,旭が丘,アサヒガオカ,Asahigaoka,,,,,,,,1,1,0,0,0,0,1,1,1947-04-17,,0,8470823,,,,,,,,,,,,,,,
412023,0002000,1,佐賀県,サガケン,Saga,,,,唐津市,カラツシ,Karatsu-shi,,,,朝日町,アサヒマチ,Asahimachi,,,,,,,,0,0,0,0,0,0,1,1,1947-04-17,,0,8470841,,,,,,,,,,,,,,,
412023,0003000,1,佐賀県,サガケン,Saga,,,,唐津市,カラツシ,Karatsu-shi,,,,石志,イシシ,Ishishi,,,,,,,,0,0,0,0,0,0,1,1,1947-04-17,,0,8470832,,,,,,,,,,,,,,,
412023,0004000,1,佐賀県,サガケン,Saga,,,,唐津市,カラツシ,Karatsu-shi,,,,魚屋町,ウオヤマチ,Uoyamachi,,,,,,,,0,0,0,0,0,0,1,1,1947-04-17,,0,8470042,,,,,,,,,,,,,,,
412023,0005000,1,佐賀県,サガケン,Saga,,,,唐津市,カラツシ,Karatsu-shi,,,,宇木,ウキ,Uki,,,,,,,,0,0,0,0,0,0,1,1,1947-04-17,,0,8470025,,,,,,,,,,,,,,,
412023,0006000,1,佐賀県,サガケン,Saga,,,,唐津市,カラツシ,Karatsu-shi,,,,後川内,ウシロガワチ,Ushirogawachi,,,,,,,,0,0,0,0,0,0,1,1,1947-04-17,,0,8470804,,,,,,,,,,,,,,,
412023,0007000,1,佐賀県,サガケン,Saga,,,,唐津市,カラツシ,Karatsu-shi,,,,浦,ウラ,Ura,,,,,,,,0,0,0,0,0,0,1,1,1947-04-17,,0,8470124,,,,,,,,,,,,,,,
412023,0008000,1,佐賀県,サガケン,Saga,,,,唐津市,カラツシ,Karatsu-shi,,,,江川町,エガワマチ,Egawamachi,,,,,,,,0,0,0,0,0,0,1,1,1947-04-17,,0,8470853,,,,,,,,,,,,,,,
412023,0010000,1,佐賀県,サガケン,Saga,,,,唐津市,カラツシ,Karatsu-shi,,,,相賀,オウカ,Oka,,,,,,,,0,0,0,0,0,0,1,1,1947-04-17,,0,8470132,,,,,,,,,,,,,,,
412023,0011000,1,佐賀県,サガケン,Saga,,,,唐津市,カラツシ,Karatsu-shi,,,,相知町伊岐佐,オウチチョウイキサ,Ochicho Ikisa,,,,,,,,0,0,0,0,0,0,1,1,1947-04-17,,0,8493223,,,,,,,,,,,,,,,
412023,0012000,1,佐賀県,サガケン,Saga,,,,唐津市,カラツシ,Karatsu-shi,,,,相知町相知,オウチチョウオウチ,Ochicho Ochi,,,,,,,,0,0,0,0,0,0,1,1,1947-04-17,,0,8493201,,,,,,,,,,,,,,,
412023,0013000,1,佐賀県,サガケン,Saga,,,,唐津市,カラツシ,Karatsu-shi,,,,相知町大野,オウチチョウオオノ,Ochicho Ono,,,,,,,,0,0,0,0,0,0,1,1,1947-04-17,,0,8493221,,,,,,,,,,,,,,,
412023,0014000,1,佐賀県,サガケン,Saga,,,,唐津市,カラツシ,Karatsu-shi,,,,相知町楠,オウチチョウクス,Ochicho Kusu,,,,,,,,0,0,0,0,0,0,1,1,1947-04-17,,0,8493215,,,,,,,,,,,,,,,
412023,0015000,1,佐賀県,サガケン,Saga,,,,唐津市,カラツシ,Karatsu-shi,,,,相知町久保,オウチチョウクボ,Ochicho Kubo,,,,,,,,0,0,0,0,0,0,1,1,1947-04-17,,0,8493232,,,,,,,,,,,,,,,
412023,0016000,1,佐賀県,サガケン,Saga,,,,唐津市,カラツシ,Karatsu-shi,,,,相知町黒岩,オウチチョウクロイワ,Ochicho Kuroiwa,,,,,,,,0,0,0,0,0,0,1,1,1947-04-17,,0,8493222,,,,,,,,,,,,,,,
412023,0017000,1,佐賀県,サガケン,Saga,,,,唐津市,カラツシ,Karatsu-shi,,,,相知町佐里,オウチチョウサリ,Ochicho Sari,,,,,,,,0,0,0,0,0,0,1,1,1947-04-17,,0,8493233,,,,,,,,,,,,,,,
412023,0018000,1,佐賀県,サガケン,Saga,,,,唐津市,カラツシ,Karatsu-shi,,,,相知町千束,オウチチョウセンゾク,Ochicho Senzoku,,,,,,,,0,0,0,0,0,0,1,1,1947-04-17,,0,8493211,,,,,,,,,,,,,,,
412023,0019000,1,佐賀県,サガケン,Saga,,,,唐津市,カラツシ,Karatsu-shi,,,,相知町田頭,オウチチョウタガシラ,Ochicho Tagashira,,,,,,,,0,0,0,0,0,0,1,1,1947-04-17,,0,8493214,,,,,,,,,,,,,,,
412023,0020000,1,佐賀県,サガケン,Saga,,,,唐津市,カラツシ,Karatsu-shi,,,,相知町鷹取,オウチチョウタカトリ,Ochicho Takatori,,,,,,,,0,0,0,0,0,0,1,1,1947-04-17,,0,8493219,,,,,,,,,,,,,,,
412023,0021000,1,佐賀県,サガケン,Saga,,,,唐津市,カラツシ,Karatsu-shi,,,,相知町町切,オウチチョウチョウギリ,Ochicho Chogiri,,,,,,,,0,0,0,0,0,0,1,1,1947-04-17,,0,8493216,,,,,,,,,,,,,,,
412023,0022000,1,佐賀県,サガケン,Saga,,,,唐津市,カラツシ,Karatsu-shi,,,,相知町長部田,オウチチョウナガヘタ,Ochicho Nagaheta,,,,,,,,0,0,0,0,0,0,1,1,1947-04-17,,0,8493217,,,,,,,,,,,,,,,
412023,0023000,1,佐賀県,サガケン,Saga,,,,唐津市,カラツシ,Karatsu-shi,,,,相知町中山,オウチチョウナカヤマ,Ochicho Nakayama,,,,,,,,0,0,0,0,0,0,1,1,1947-04-17,,0,8493218,,,,,,,,,,,,,,,
412023,0024000,1,佐賀県,サガケン,Saga,,,,唐津市,カラツシ,Karatsu-shi,,,,相知町平山上,オウチチョウヒラヤマカミ,Ochicho Hirayamakami,,,,,,,,0,0,0,0,0,0,1,1,1947-04-17,,0,8493203,,,,,,,,,,,,,,,
412023,0025000,1,佐賀県,サガケン,Saga,,,,唐津市,カラツシ,Karatsu-shi,,,,相知町平山下,オウチチョウヒラヤマシモ,Ochicho Hirayamashimo,,,,,,,,0,0,0,0,0,0,1,1,1947-04-17,,0,8493202,,,,,,,,,,,,,,,
412023,0026000,1,佐賀県,サガケン,Saga,,,,唐津市,カラツシ,Karatsu-shi,,,,相知町牟田部,オウチチョウムタベ,Ochicho Mutabe,,,,,,,,0,0,0,0,0,0,1,1,1947-04-17,,0,8493231,,,,,,,,,,,,,,,
412023,0028000,1,佐賀県,サガケン,Saga,,,,唐津市,カラツシ,Karatsu-shi,,,,相知町湯屋,オウチチョウユヤ,Ochicho Yuya,,,,,,,,0,0,0,0,0,0,1,1,1947-04-17,,0,8493213,,,,,,,,,,,,,,,
412023,0029000,1,佐賀県,サガケン,Saga,,,,唐津市,カラツシ,Karatsu-shi,,,,相知町横枕,オウチチョウヨコマクラ,Ochicho Yokomakura,,,,,,,,0,0,0,0,0,0,1,1,1947-04-17,,0,8493212,,,,,,,,,,,,,,,
412023,0030000,1,佐賀県,サガケン,Saga,,,,唐津市,カラツシ,Karatsu-shi,,,,大石町,オオイシマチ,Oishimachi,,,,,,,,0,0,0,0,0,0,1,1,1947-04-17,,0,8470066,,,,,,,,,,,,,,,
412023,0031000,1,佐賀県,サガケン,Saga,,,,唐津市,カラツシ,Karatsu-shi,,,,海岸通,カイガンドオリ,Kaigandori,,,,,,,,0,0,0,0,0,0,1,1,1947-04-17,,0,8470873,,,,,,,,,,,,,,,
412023,0032000,1,佐賀県,サガケン,Saga,,,,唐津市,カラツシ,Karatsu-shi,,,,鏡,カガミ,Kagami,,,,,,,,0,0,0,0,0,0,1,1,1947-04-17,,0,8470022,,,,,,,,,,,,,,,
412023,0033000,1,佐賀県,サガケン,Saga,,,,唐津市,カラツシ,Karatsu-shi,,,,鏡新開,カガミシンカイ,Kagamishinkai,,,,,,,,0,0,0,0,0,0,1,1,1947-04-17,,0,8470028,,,,,,,,,,,,,,,
412023,0034000,1,佐賀県,サガケン,Saga,,,,唐津市,カラツシ,Karatsu-shi,,,,水主町,カコマチ,Kakomachi,,,,,,,,0,0,0,0,0,0,1,1,1947-04-17,,0,8470065,,,,,,,,,,,,,,,
412023,0035000,1,佐賀県,サガケン,Saga,,,,唐津市,カラツシ,Karatsu-shi,,,,柏崎,カシワザキ,Kashiwazaki,,,,,,,,0,0,0,0,0,0,1,1,1947-04-17,,0,8470026,,,,,,,,,,,,,,,
412023,0036000,1,佐賀県,サガケン,Saga,,,,唐津市,カラツシ,Karatsu-shi,,,,神集島,カシワジマ,Kashiwajima,,,,,,,,0,0,0,0,0,0,1,1,1947-04-17,,0,8470131,,,,,,,,,,,,,,,
412023,0037000,1,佐賀県,サガケン,Saga,,,,唐津市,カラツシ,Karatsu-shi,,,,刀町,カタナマチ,Katanamachi,,,,,,,,0,0,0,0,0,0,1,1,1947-04-17,,0,8470055,,,,,,,,,,,,,,,
412023,0038000,1,佐賀県,サガケン,Saga,,,,唐津市,カラツシ,Karatsu-shi,,,,北城内,キタジョウナイ,Kitajonai,,,,,,,,1,1,0,0,0,0,1,1,1947-04-17,,0,8470015,,,,,,,,,,,,,,,
412023,0039000,1,佐賀県,サガケン,Saga,,,,唐津市,カラツシ,Karatsu-shi,,,,北波多大杉,キタハタオオスギ,Kitahata Osugi,,,,,,,,0,0,0,0,0,0,1,1,1947-04-17,,0,8471212,,,,,,,,,,,,,,,
412023,0040000,1,佐賀県,サガケン,Saga,,,,唐津市,カラツシ,Karatsu-shi,,,,北波多上平野,キタハタカミヒラノ,Kitahata Kamihirano,,,,,,,,0,0,0,0,0,0,1,1,1947-04-17,,0,8471221,,,,,,,,,,,,,,,
412023,0041000,1,佐賀県,サガケン,Saga,,,,唐津市,カラツシ,Karatsu-shi,,,,北波多岸山,キタハタキシヤマ,Kitahata Kishiyama,,,,,,,,0,0,0,0,0,0,1,1,1947-04-17,,0,8471211,,,,,,,,,,,,,,,
412023,0042000,1,佐賀県,サガケン,Saga,,,,唐津市,カラツシ,Karatsu-shi,,,,北波多志気,キタハタシゲ,Kitahata Shige,,,,,,,,0,0,0,0,0,0,1,1,1947-04-17,,0,8471225,,,,,,,,,,,,,,,
412023,0043000,1,佐賀県,サガケン,Saga,,,,唐津市,カラツシ,Karatsu-shi,,,,北波多下平野,キタハタシモヒラノ,Kitahata Shimohirano,,,,,,,,0,0,0,0,0,0,1,1,1947-04-17,,0,8471223,,,,,,,,,,,,,,,
412023,0044000,1,佐賀県,サガケン,Saga,,,,唐津市,カラツシ,Karatsu-shi,,,,北波多竹有,キタハタタケアリ,Kitahata Takeari,,,,,,,,0,0,0,0,0,0,1,1,1947-04-17,,0,8471213,,,,,,,,,,,,,,,
412023,0045000,1,佐賀県,サガケン,Saga,,,,唐津市,カラツシ,Karatsu-shi,,,,北波多田中,キタハタタナカ,Kitahata Tanaka,,,,,,,,0,0,0,0,0,0,1,1,1947-04-17,,0,8471202,,,,,,,,,,,,,,,
412023,0046000,1,佐賀県,サガケン,Saga,,,,唐津市,カラツシ,Karatsu-shi,,,,北波多徳須恵,キタハタトクスエ,Kitahata Tokusue,,,,,,,,0,0,0,0,0,0,1,1,1947-04-17,,0,8471201,,,,,,,,,,,,,,,
412023,0047000,1,佐賀県,サガケン,Saga,,,,唐津市,カラツシ,Karatsu-shi,,,,北波多成渕,キタハタナルフチ,Kitahata Narufuchi,,,,,,,,0,0,0,0,0,0,1,1,1947-04-17,,0,8471222,,,,,,,,,,,,,,,
412023,0048000,1,佐賀県,サガケン,Saga,,,,唐津市,カラツシ,Karatsu-shi,,,,北波多稗田,キタハタヒエダ,Kitahata Hieda,,,,,,,,0,0,0,0,0,0,1,1,1947-04-17,,0,8471214,,,,,,,,,,,,,,,
412023,0049000,1,佐賀県,サガケン,Saga,,,,唐津市,カラツシ,Karatsu-shi,,,,北波多山彦,キタハタヤマヒコ,Kitahata Yamahiko,,,,,,,,0,0,0,0,0,0,1,1,1947-04-17,,0,8471203,,,,,,,,,,,,,,,
412023,0050000,1,佐賀県,サガケン,Saga,,,,唐津市,カラツシ,Karatsu-shi,,,,北波多行合野,キタハタユキアイノ,Kitahata Yukiaino,,,,,,,,0,0,0,0,0,0,1,1,1947-04-17,,0,8471224,,,,,,,,,,,,,,,
412023,0051000,1,佐賀県,サガケン,Saga,,,,唐津市,カラツシ,Karatsu-shi,,,,厳木町天川,キュウラギマチアマガワ,Kyuragimachi Amagawa,,,,,,,,0,0,0,0,0,0,1,1,1947-04-17,,0,8493101,,,,,,,,,,,,,,,
412023,0052000,1,佐賀県,サガケン,Saga,,,,唐津市,カラツシ,Karatsu-shi,,,,厳木町岩屋,キュウラギマチイワヤ,Kyuragimachi Iwaya,,,,,,,,0,0,0,0,0,0,1,1,1947-04-17,,0,8493123,,,,,,,,,,,,,,,
412023,0054000,1,佐賀県,サガケン,Saga,,,,唐津市,カラツシ,Karatsu-shi,,,,厳木町浦川内,キュウラギマチウラガワチ,Kyuragimachi Uragawachi,,,,,,,,0,0,0,0,0,0,1,1,1947-04-17,,0,8493114,,,,,,,,,,,,,,,
412023,0055000,1,佐賀県,サガケン,Saga,,,,唐津市,カラツシ,Karatsu-shi,,,,厳木町厳木,キュウラギマチキュウラギ,Kyuragimachi Kyuragi,,,,,,,,0,0,0,0,0,0,1,1,1947-04-17,,0,8493131,,,,,,,,,,,,,,,
412023,0056000,1,佐賀県,サガケン,Saga,,,,唐津市,カラツシ,Karatsu-shi,,,,厳木町瀬戸木場,キュウラギマチセトコバ,Kyuragimachi Setokoba,,,,,,,,0,0,0,0,0,0,1,1,1947-04-17,,0,8493121,,,,,,,,,,,,,,,
412023,0057000,1,佐賀県,サガケン,Saga,,,,唐津市,カラツシ,Karatsu-shi,,,,厳木町鳥越,キュウラギマチトリゴエ,Kyuragimachi Torigoe,,,,,,,,0,0,0,0,0,0,1,1,1947-04-17,,0,8493102,,,,,,,,,,,,,,,
412023,0058000,1,佐賀県,サガケン,Saga,,,,唐津市,カラツシ,Karatsu-shi,,,,厳木町中島,キュウラギマチナカシマ,Kyuragimachi Nakashima,,,,,,,,0,0,0,0,0,0,1,1,1947-04-17,,0,8493112,,,,,,,,,,,,,,,
412023,0059000,1,佐賀県,サガケン,Saga,,,,唐津市,カラツシ,Karatsu-shi,,,,厳木町浪瀬,キュウラギマチナミセ,Kyuragimachi Namise,,,,,,,,0,0,0,0,0,0,1,1,1947-04-17,,0,8493122,,,,,,,,,,,,,,,
412023,0060000,1,佐賀県,サガケン,Saga,,,,唐津市,カラツシ,Karatsu-shi,,,,厳木町平之,キュウラギマチヒラノ,Kyuragimachi Hirano,,,,,,,,0,0,0,0,0,0,1,1,1947-04-17,,0,8493115,,,,,,,,,,,,,,,
412023,0061000,1,佐賀県,サガケン,Saga,,,,唐津市,カラツシ,Karatsu-shi,,,,厳木町広川,キュウラギマチヒロカワ,Kyuragimachi Hirokawa,,,,,,,,0,0,0,0,0,0,1,1,1947-04-17,,0,8493103,,,,,,,,,,,,,,,
412023,0062000,1,佐賀県,サガケン,Saga,,,,唐津市,カラツシ,Karatsu-shi,,,,厳木町広瀬,キュウラギマチヒロセ,Kyuragimachi Hirose,,,,,,,,0,0,0,0,0,0,1,1,1947-04-17,,0,8493111,,,,,,,,,,,,,,,
412023,0063000,1,佐賀県,サガケン,Saga,,,,唐津市,カラツシ,Karatsu-shi,,,,厳木町星領,キュウラギマチホシリョウ,Kyuragimachi Hoshiryo,,,,,,,,0,0,0,0,0,0,1,1,1947-04-17,,0,8493104,,,,,,,,,,,,,,,
412023,0064000,1,佐賀県,サガケン,Saga,,,,唐津市,カラツシ,Karatsu-shi,,,,厳木町牧瀬,キュウラギマチマキセ,Kyuragimachi Makise,,,,,,,,0,0,0,0,0,0,1,1,1947-04-17,,0,8493113,,,,,,,,,,,,,,,
412023,0065000,1,佐賀県,サガケン,Saga,,,,唐津市,カラツシ,Karatsu-shi,,,,厳木町本山,キュウラギマチモトヤマ,Kyuragimachi Motoyama,,,,,,,,0,0,0,0,0,0,1,1,1947-04-17,,0,8493133,,,,,,,,,,,,,,,
412023,0066000,1,佐賀県,サガケン,Saga,,,,唐津市,カラツシ,Karatsu-shi,,,,京町,キョウマチ,Kyomachi,,,,,,,,0,0,0,0,0,0,1,1,1947-04-17,,0,8470045,,,,,,,,,,,,,,,
412023,0067000,1,佐賀県,サガケン,Saga,,,,唐津市,カラツシ,Karatsu-shi,,,,木綿町,キワタマチ,Kiwatamachi,,,,,,,,0,0,0,0,0,0,1,1,1947-04-17,,0,8470044,,,,,,,,,,,,,,,
412023,0068000,1,佐賀県,サガケン,Saga,,,,唐津市,カラツシ,Karatsu-shi,,,,熊原町,クマノハラマチ,Kumanoharamachi,,,,,,,,0,0,0,0,0,0,1,1,1947-04-17,,0,8470817,,,,,,,,,,,,,,,
412023,0069000,1,佐賀県,サガケン,Saga,,,,唐津市,カラツシ,Karatsu-shi,,,,熊ノ峰,クマノミネ,Kumanomine,,,,,,,,0,0,0,0,0,0,1,1,1947-04-17,,0,8470884,,,,,,,,,,,,,,,
412023,0070000,1,佐賀県,サガケン,Saga,,,,唐津市,カラツシ,Karatsu-shi,,,,久里,クリ,Kuri,,,,,,,,0,0,0,0,0,0,1,1,1947-04-17,,0,8470033,,,,,,,,,,,,,,,
412023,0071000,1,佐賀県,サガケン,Saga,,,,唐津市,カラツシ,Karatsu-shi,,,,神田,コウダ,Koda,,,,,,,,0,0,0,0,0,0,1,1,1947-04-17,,0,8470824,,,,,,,,,,,,,,,
412023,0072000,1,佐賀県,サガケン,Saga,,,,唐津市,カラツシ,Karatsu-shi,,,,呉服町,ゴフクマチ,Gofukumachi,,,,,,,,0,0,0,0,0,0,1,1,1947-04-17,,0,8470052,,,,,,,,,,,,,,,
412023,0073000,1,佐賀県,サガケン,Saga,,,,唐津市,カラツシ,Karatsu-shi,,,,米屋町,コメヤマチ,Komeyamachi,,,,,,,,0,0,0,0,0,0,1,1,1947-04-17,,0,8470054,,,,,,,,,,,,,,,
412023,0074000,1,佐賀県,サガケン,Saga,,,,唐津市,カラツシ,Karatsu-shi,,,,紺屋町,コンヤマチ,Konyamachi,,,,,,,,0,0,0,0,0,0,1,1,1947-04-17,,0,8470053,,,,,,,,,,,,,,,
412023,0075000,1,佐賀県,サガケン,Saga,,,,唐津市,カラツシ,Karatsu-shi,,,,材木町,ザイモクマチ,Zaimokumachi,,,,,,,,0,0,0,0,0,0,1,1,1947-04-17,,0,8470061,,,,,,,,,,,,,,,
412023,0076000,1,佐賀県,サガケン,Saga,,,,唐津市,カラツシ,Karatsu-shi,,,,栄町,サカエマチ,Sakaemachi,,,,,,,,0,0,0,0,0,0,1,1,1947-04-17,,0,8470011,,,,,,,,,,,,,,,
412023,0077000,1,佐賀県,サガケン,Saga,,,,唐津市,カラツシ,Karatsu-shi,,,,桜馬場,サクラノババ,Sakuranobaba,,,,,,,,0,0,0,0,0,0,1,1,1947-04-17,,0,8470843,,,,,,,,,,,,,,,
412023,0078000,1,佐賀県,サガケン,Saga,,,,唐津市,カラツシ,Karatsu-shi,,,,桜町,サクラマチ,Sakuramachi,,,,,,,,0,0,0,0,0,0,1,1,1947-04-17,,0,8470104,,,,,,,,,,,,,,,
412023,0079000,1,佐賀県,サガケン,Saga,,,,唐津市,カラツシ,Karatsu-shi,,,,佐志,サシ,Sashi,,,,,,,,0,0,0,0,0,0,1,1,1947-04-17,,0,8470111,,,,,,,,,,,,,,,
412023,0080000,1,佐賀県,サガケン,Saga,,,,唐津市,カラツシ,Karatsu-shi,,,,佐志中里,サシナカザト,Sashi Nakazato,,,,,,,,0,0,0,0,0,0,1,1,1947-04-17,,0,8470113,,,,,,,,,,,,,,,
412023,0081000,1,佐賀県,サガケン,Saga,,,,唐津市,カラツシ,Karatsu-shi,,,,佐志中通,サシナカドオリ,Sashi Nakadori,,,,,,,,0,0,0,0,0,0,1,1,1947-04-17,,0,8470114,,,,,,,,,,,,,,,
412023,0082000,1,佐賀県,サガケン,Saga,,,,唐津市,カラツシ,Karatsu-shi,,,,佐志浜町,サシハママチ,Sashi Hamamachi,,,,,,,,0,0,0,0,0,0,1,1,1947-04-17,,0,8470115,,,,,,,,,,,,,,,
412023,0083000,1,佐賀県,サガケン,Saga,,,,唐津市,カラツシ,Karatsu-shi,,,,佐志南,サシミナミ,Sashi Minami,,,,,,,,0,0,0,0,0,0,1,1,1947-04-17,,0,8470112,,,,,,,,,,,,,,,
412023,0084000,1,佐賀県,サガケン,Saga,,,,唐津市,カラツシ,Karatsu-shi,,,,重河内,シゲカワチ,Shigekawachi,,,,,,,,0,0,0,0,0,0,1,1,1947-04-17,,0,8470883,,,,,,,,,,,,,,,
412023,0085000,1,佐賀県,サガケン,Saga,,,,唐津市,カラツシ,Karatsu-shi,,,,十人町,ジュウニンマチ,Junimmachi,,,,,,,,0,0,0,0,0,0,1,1,1947-04-17,,0,8470067,,,,,,,,,,,,,,,
412023,0086000,1,佐賀県,サガケン,Saga,,,,唐津市,カラツシ,Karatsu-shi,,,,松南町,ショウナンチョウ,Shonancho,,,,,,,,1,1,0,0,0,0,1,1,1947-04-17,,0,8470021,,,,,,,,,,,,,,,
412023,0087000,1,佐賀県,サガケン,Saga,,,,唐津市,カラツシ,Karatsu-shi,,,,新興町,シンコウマチ,,,,,,,,,0,0,0,0,0,0,1,1,1947-04-17,,0,,,,,,,,,,,,,,,,
412023,0088000,1,佐賀県,サガケン,Saga,,,,唐津市,カラツシ,Karatsu-shi,,,,新町,シンマチ,Shimmachi,,,,,,,,0,0,0,0,0,0,1,1,1947-04-17,,0,8470813,,,,,,,,,,,,,,,
412023,0089000,1,佐賀県,サガケン,Saga,,,,唐津市,カラツシ,Karatsu-shi,,,,菅牟田,スガムタ,Sugamuta,,,,,,,,0,0,0,0,0,0,1,1,1947-04-17,,0,8470882,,,,,,,,,,,,,,,
412023,0090000,1,佐賀県,サガケン,Saga,,,,唐津市,カラツシ,Karatsu-shi,,,,双水,ソウズイ,Sozui,,,,,,,,0,0,0,0,0,0,1,1,1947-04-17,,0,8470001,,,,,,,,,,,,,,,
412023,0091000,1,佐賀県,サガケン,Saga,,,,唐津市,カラツシ,Karatsu-shi,,,,大名小路,ダイミョウコウジ,Daimyokoji,,,,,,,,1,1,0,0,0,0,1,1,1947-04-17,,0,8470012,,,,,,,,,,,,,,,
412023,0092000,1,佐賀県,サガケン,Saga,,,,唐津市,カラツシ,Karatsu-shi,,,,大良,ダイラ,Daira,,,,,,,,0,0,0,0,0,0,1,1,1947-04-17,,0,8470803,,,,,,,,,,,,,,,
412023,0093000,1,佐賀県,サガケン,Saga,,,,唐津市,カラツシ,Karatsu-shi,,,,高砂町,タカサゴマチ,Takasagomachi,,,,,,,,0,0,0,0,0,0,1,1,1947-04-17,,0,8470046,,,,,,,,,,,,,,,
412023,0094000,1,佐賀県,サガケン,Saga,,,,唐津市,カラツシ,Karatsu-shi,,,,高島,タカシマ,Takashima,,,,,,,,0,0,0,0,0,0,1,1,1947-04-17,,0,8470027,,,,,,,,,,,,,,,
412023,0095000,1,佐賀県,サガケン,Saga,,,,唐津市,カラツシ,Karatsu-shi,,,,竹木場,タケコバ,Takekoba,,,,,,,,0,0,0,0,0,0,1,1,1947-04-17,,0,8470881,,,,,,,,,,,,,,,
412023,0096000,1,佐賀県,サガケン,Saga,,,,唐津市,カラツシ,Karatsu-shi,,,,千々賀,チチカ,Chichika,,,,,,,,0,0,0,0,0,0,1,1,1947-04-17,,0,8470831,,,,,,,,,,,,,,,
412023,0098000,1,佐賀県,サガケン,Saga,,,,唐津市,カラツシ,Karatsu-shi,,,,町田,チョウダ,Choda,,,,,,,,0,0,0,0,0,0,1,1,1947-04-17,,0,8470821,,,,,,,,,,,,,,,
412023,0098001,2,佐賀県,サガケン,Saga,,,,唐津市,カラツシ,Karatsu-shi,,,,町田,チョウダ,Choda,１丁目,１チョウメ,1,,,,,1,1,0,0,0,0,1,1,1947-04-17,,0,,,,,,,,,,,,,,,,
412023,0098002,2,佐賀県,サガケン,Saga,,,,唐津市,カラツシ,Karatsu-shi,,,,町田,チョウダ,Choda,２丁目,２チョウメ,2,,,,,1,1,0,0,0,0,1,1,1947-04-17,,0,,,,,,,,,,,,,,,,
412023,0098003,2,佐賀県,サガケン,Saga,,,,唐津市,カラツシ,Karatsu-shi,,,,町田,チョウダ,Choda,３丁目,３チョウメ,3,,,,,1,1,0,0,0,0,1,1,1947-04-17,,0,,,,,,,,,,,,,,,,
412023,0098004,2,佐賀県,サガケン,Saga,,,,唐津市,カラツシ,Karatsu-shi,,,,町田,チョウダ,Choda,４丁目,４チョウメ,4,,,,,1,1,0,0,0,0,1,1,1947-04-17,,0,,,,,,,,,,,,,,,,
412023,0098005,2,佐賀県,サガケン,Saga,,,,唐津市,カラツシ,Karatsu-shi,,,,町田,チョウダ,Choda,５丁目,５チョウメ,5,,,,,1,1,0,0,0,0,1,1,1947-04-17,,0,,,,,,,,,,,,,,,,
412023,0099000,1,佐賀県,サガケン,Saga,,,,唐津市,カラツシ,Karatsu-shi,,,,千代田町,チヨダマチ,Chiyodamachi,,,,,,,,0,0,0,0,0,0,1,1,1947-04-17,,0,8470041,,,,,,,,,,,,,,,
412023,0100000,1,佐賀県,サガケン,Saga,,,,唐津市,カラツシ,Karatsu-shi,,,,鎮西町赤木,チンゼイマチアカギ,Chinzeimachi Akagi,,,,,,,,0,0,0,0,0,0,1,1,1947-04-17,,0,8470312,,,,,,,,,,,,,,,
412023,0101000,1,佐賀県,サガケン,Saga,,,,唐津市,カラツシ,Karatsu-shi,,,,鎮西町石室,チンゼイマチイシムロ,Chinzeimachi Ishimuro,,,,,,,,0,0,0,0,0,0,1,1,1947-04-17,,0,8470327,,,,,,,,,,,,,,,
412023,0102000,1,佐賀県,サガケン,Saga,,,,唐津市,カラツシ,Karatsu-shi,,,,鎮西町岩野,チンゼイマチイワノ,Chinzeimachi Iwano,,,,,,,,0,0,0,0,0,0,1,1,1947-04-17,,0,8470323,,,,,,,,,,,,,,,
412023,0103000,1,佐賀県,サガケン,Saga,,,,唐津市,カラツシ,Karatsu-shi,,,,鎮西町打上,チンゼイマチウチアゲ,Chinzeimachi Uchiage,,,,,,,,0,0,0,0,0,0,1,1,1947-04-17,,0,8470322,,,,,,,,,,,,,,,
412023,0104000,1,佐賀県,サガケン,Saga,,,,唐津市,カラツシ,Karatsu-shi,,,,鎮西町加唐島,チンゼイマチカカラシマ,Chinzeimachi Kakarashima,,,,,,,,0,0,0,0,0,0,1,1,1947-04-17,,0,8470317,,,,,,,,,,,,,,,
412023,0105000,1,佐賀県,サガケン,Saga,,,,唐津市,カラツシ,Karatsu-shi,,,,鎮西町加倉,チンゼイマチカクラ,Chinzeimachi Kakura,,,,,,,,0,0,0,0,0,0,1,1,1947-04-17,,0,8470325,,,,,,,,,,,,,,,
412023,0106000,1,佐賀県,サガケン,Saga,,,,唐津市,カラツシ,Karatsu-shi,,,,鎮西町串,チンゼイマチクシ,Chinzeimachi Kushi,,,,,,,,0,0,0,0,0,0,1,1,1947-04-17,,0,8470403,,,,,,,,,,,,,,,
412023,0107000,1,佐賀県,サガケン,Saga,,,,唐津市,カラツシ,Karatsu-shi,,,,鎮西町高野,チンゼイマチコウノ,Chinzeimachi Kono,,,,,,,,0,0,0,0,0,0,1,1,1947-04-17,,0,8470324,,,,,,,,,,,,,,,
412023,0108000,1,佐賀県,サガケン,Saga,,,,唐津市,カラツシ,Karatsu-shi,,,,鎮西町塩鶴,チンゼイマチシオヅル,Chinzeimachi Shiozuru,,,,,,,,0,0,0,0,0,0,1,1,1947-04-17,,0,8470313,,,,,,,,,,,,,,,
412023,0109000,1,佐賀県,サガケン,Saga,,,,唐津市,カラツシ,Karatsu-shi,,,,鎮西町菖蒲,チンゼイマチショウブ,Chinzeimachi Shobu,,,,,,,,0,0,0,0,0,0,1,1,1947-04-17,,0,8470314,,,,,,,,,,,,,,,
412023,0110000,1,佐賀県,サガケン,Saga,,,,唐津市,カラツシ,Karatsu-shi,,,,鎮西町中野,チンゼイマチナカノ,Chinzeimachi Nakano,,,,,,,,0,0,0,0,0,0,1,1,1947-04-17,,0,8470316,,,,,,,,,,,,,,,
412023,0111000,1,佐賀県,サガケン,Saga,,,,唐津市,カラツシ,Karatsu-shi,,,,鎮西町名護屋,チンゼイマチナゴヤ,Chinzeimachi Nagoya,,,,,,,,0,0,0,0,0,0,1,1,1947-04-17,,0,8470401,,,,,,,,,,,,,,,
412023,0112000,1,佐賀県,サガケン,Saga,,,,唐津市,カラツシ,Karatsu-shi,,,,鎮西町野元,チンゼイマチノモト,Chinzeimachi Nomoto,,,,,,,,0,0,0,0,0,0,1,1,1947-04-17,,0,8470402,,,,,,,,,,,,,,,
412023,0113000,1,佐賀県,サガケン,Saga,,,,唐津市,カラツシ,Karatsu-shi,,,,鎮西町波戸,チンゼイマチハド,Chinzeimachi Hado,,,,,,,,0,0,0,0,0,0,1,1,1947-04-17,,0,8470404,,,,,,,,,,,,,,,
412023,0114000,1,佐賀県,サガケン,Saga,,,,唐津市,カラツシ,Karatsu-shi,,,,鎮西町早田,チンゼイマチハヤタ,Chinzeimachi Hayata,,,,,,,,0,0,0,0,0,0,1,1,1947-04-17,,0,8470326,,,,,,,,,,,,,,,
412023,0115000,1,佐賀県,サガケン,Saga,,,,唐津市,カラツシ,Karatsu-shi,,,,鎮西町馬渡島,チンゼイマチマダラシマ,Chinzeimachi Madarashima,,,,,,,,0,0,0,0,0,0,1,1,1947-04-17,,0,8470405,,,,,,,,,,,,,,,
412023,0116000,1,佐賀県,サガケン,Saga,,,,唐津市,カラツシ,Karatsu-shi,,,,鎮西町松島,チンゼイマチマツシマ,Chinzeimachi Matsushima,,,,,,,,0,0,0,0,0,0,1,1,1947-04-17,,0,8470406,,,,,,,,,,,,,,,
412023,0117000,1,佐賀県,サガケン,Saga,,,,唐津市,カラツシ,Karatsu-shi,,,,鎮西町丸田,チンゼイマチマルダ,Chinzeimachi Maruda,,,,,,,,0,0,0,0,0,0,1,1,1947-04-17,,0,8470311,,,,,,,,,,,,,,,
412023,0118000,1,佐賀県,サガケン,Saga,,,,唐津市,カラツシ,Karatsu-shi,,,,鎮西町八床,チンゼイマチヤトコ,Chinzeimachi Yatoko,,,,,,,,0,0,0,0,0,0,1,1,1947-04-17,,0,8470315,,,,,,,,,,,,,,,
412023,0119000,1,佐賀県,サガケン,Saga,,,,唐津市,カラツシ,Karatsu-shi,,,,鎮西町横竹,チンゼイマチヨコタケ,Chinzeimachi Yokotake,,,,,,,,0,0,0,0,0,0,1,1,1947-04-17,,0,8470321,,,,,,,,,,,,,,,
412023,0120000,1,佐賀県,サガケン,Saga,,,,唐津市,カラツシ,Karatsu-shi,,,,唐川,トウノカワ,Tonokawa,,,,,,,,0,0,0,0,0,0,1,1,1947-04-17,,0,8470885,,,,,,,,,,,,,,,
412023,0121001,2,佐賀県,サガケン,Saga,,,,唐津市,カラツシ,Karatsu-shi,,,,唐房,トウボウ,Tobo,１丁目,１チョウメ,1,,,,,0,0,0,0,0,0,1,1,1947-04-17,,0,,,,,,,,,,,,,,,,
412023,0121002,2,佐賀県,サガケン,Saga,,,,唐津市,カラツシ,Karatsu-shi,,,,唐房,トウボウ,Tobo,２丁目,２チョウメ,2,,,,,0,0,0,0,0,0,1,1,1947-04-17,,0,,,,,,,,,,,,,,,,
412023,0121003,2,佐賀県,サガケン,Saga,,,,唐津市,カラツシ,Karatsu-shi,,,,唐房,トウボウ,Tobo,３丁目,３チョウメ,3,,,,,0,0,0,0,0,0,1,1,1947-04-17,,0,,,,,,,,,,,,,,,,
412023,0121004,2,佐賀県,サガケン,Saga,,,,唐津市,カラツシ,Karatsu-shi,,,,唐房,トウボウ,Tobo,４丁目,４チョウメ,4,,,,,0,0,0,0,0,0,1,1,1947-04-17,,0,,,,,,,,,,,,,,,,
412023,0121005,2,佐賀県,サガケン,Saga,,,,唐津市,カラツシ,Karatsu-shi,,,,唐房,トウボウ,Tobo,５丁目,５チョウメ,5,,,,,0,0,0,0,0,0,1,1,1947-04-17,,0,,,,,,,,,,,,,,,,
412023,0121006,2,佐賀県,サガケン,Saga,,,,唐津市,カラツシ,Karatsu-shi,,,,唐房,トウボウ,Tobo,６丁目,６チョウメ,6,,,,,0,0,0,0,0,0,1,1,1947-04-17,,0,,,,,,,,,,,,,,,,
412023,0121007,2,佐賀県,サガケン,Saga,,,,唐津市,カラツシ,Karatsu-shi,,,,唐房,トウボウ,Tobo,７丁目,７チョウメ,7,,,,,0,0,0,0,0,0,1,1,1947-04-17,,0,,,,,,,,,,,,,,,,
412023,0122000,1,佐賀県,サガケン,Saga,,,,唐津市,カラツシ,Karatsu-shi,,,,中里,ナカザト,Nakazato,,,,,,,,0,0,0,0,0,0,1,1,1947-04-17,,0,8470134,,,,,,,,,,,,,,,
412023,0123000,1,佐賀県,サガケン,Saga,,,,唐津市,カラツシ,Karatsu-shi,,,,長谷,ナガタニ,Nagatani,,,,,,,,0,0,0,0,0,0,1,1,1947-04-17,,0,8470822,,,,,,,,,,,,,,,
412023,0124000,1,佐賀県,サガケン,Saga,,,,唐津市,カラツシ,Karatsu-shi,,,,中瀬通,ナカノセドオリ,Nakanosedori,,,,,,,,0,0,0,0,0,0,1,1,1947-04-17,,0,8470101,,,,,,,,,,,,,,,
412023,0126000,1,佐賀県,サガケン,Saga,,,,唐津市,カラツシ,Karatsu-shi,,,,中町,ナカマチ,Nakamachi,,,,,,,,0,0,0,0,0,0,1,1,1947-04-17,,0,8470051,,,,,,,,,,,,,,,
412023,0127000,1,佐賀県,サガケン,Saga,,,,唐津市,カラツシ,Karatsu-shi,,,,梨川内,ナシガワチ,Nashigawachi,,,,,,,,0,0,0,0,0,0,1,1,1947-04-17,,0,8470802,,,,,,,,,,,,,,,
412023,0128000,1,佐賀県,サガケン,Saga,,,,唐津市,カラツシ,Karatsu-shi,,,,七山荒川,ナナヤマアラカワ,Nanayama Arakawa,,,,,,,,0,0,0,0,0,0,1,1,1947-04-17,,0,8471101,,,,,,,,,,,,,,,
412023,0129000,1,佐賀県,サガケン,Saga,,,,唐津市,カラツシ,Karatsu-shi,,,,七山池原,ナナヤマイケバル,Nanayama Ikebaru,,,,,,,,0,0,0,0,0,0,1,1,1947-04-17,,0,8471103,,,,,,,,,,,,,,,
412023,0130000,1,佐賀県,サガケン,Saga,,,,唐津市,カラツシ,Karatsu-shi,,,,七山木浦,ナナヤマキウラ,Nanayama Kiura,,,,,,,,0,0,0,0,0,0,1,1,1947-04-17,,0,8471104,,,,,,,,,,,,,,,
412023,0131000,1,佐賀県,サガケン,Saga,,,,唐津市,カラツシ,Karatsu-shi,,,,七山白木,ナナヤマシラキ,Nanayama Shiraki,,,,,,,,0,0,0,0,0,0,1,1,1947-04-17,,0,8471108,,,,,,,,,,,,,,,
412023,0132000,1,佐賀県,サガケン,Saga,,,,唐津市,カラツシ,Karatsu-shi,,,,七山滝川,ナナヤマタキガワ,Nanayama Takigawa,,,,,,,,0,0,0,0,0,0,1,1,1947-04-17,,0,8471106,,,,,,,,,,,,,,,
412023,0133000,1,佐賀県,サガケン,Saga,,,,唐津市,カラツシ,Karatsu-shi,,,,七山仁部,ナナヤマニブ,Nanayama Nibu,,,,,,,,0,0,0,0,0,0,1,1,1947-04-17,,0,8471105,,,,,,,,,,,,,,,
412023,0134000,1,佐賀県,サガケン,Saga,,,,唐津市,カラツシ,Karatsu-shi,,,,七山藤川,ナナヤマフジカワ,Nanayama Fujikawa,,,,,,,,0,0,0,0,0,0,1,1,1947-04-17,,0,8471107,,,,,,,,,,,,,,,
412023,0135000,1,佐賀県,サガケン,Saga,,,,唐津市,カラツシ,Karatsu-shi,,,,七山馬川,ナナヤママノカワ,Nanayama Manokawa,,,,,,,,0,0,0,0,0,0,1,1,1947-04-17,,0,8471102,,,,,,,,,,,,,,,
412023,0136000,1,佐賀県,サガケン,Saga,,,,唐津市,カラツシ,Karatsu-shi,,,,菜畑,ナバタケ,Nabatake,,,,,,,,0,0,0,0,0,0,1,1,1947-04-17,,0,8470844,,,,,,,,,,,,,,,
412023,0137000,1,佐賀県,サガケン,Saga,,,,唐津市,カラツシ,Karatsu-shi,,,,西大島町,ニシオオシママチ,Nishioshimamachi,,,,,,,,1,1,0,0,0,0,1,1,1947-04-17,,0,8470872,,,,,,,,,,,,,,,
412023,0138001,2,佐賀県,サガケン,Saga,,,,唐津市,カラツシ,Karatsu-shi,,,,西唐津,ニシカラツ,Nishikaratsu,１丁目,１チョウメ,1,,,,,0,0,0,0,0,0,1,1,1947-04-17,,0,,,,,,,,,,,,,,,,
412023,0138002,2,佐賀県,サガケン,Saga,,,,唐津市,カラツシ,Karatsu-shi,,,,西唐津,ニシカラツ,Nishikaratsu,２丁目,２チョウメ,2,,,,,0,0,0,0,0,0,1,1,1947-04-17,,0,,,,,,,,,,,,,,,,
412023,0138003,2,佐賀県,サガケン,Saga,,,,唐津市,カラツシ,Karatsu-shi,,,,西唐津,ニシカラツ,Nishikaratsu,３丁目,３チョウメ,3,,,,,0,0,0,0,0,0,1,1,1947-04-17,,0,,,,,,,,,,,,,,,,
412023,0139000,1,佐賀県,サガケン,Saga,,,,唐津市,カラツシ,Karatsu-shi,,,,西城内,ニシジョウナイ,Nishijonai,,,,,,,,1,1,0,0,0,0,1,1,1947-04-17,,0,8470014,,,,,,,,,,,,,,,
412023,0140000,1,佐賀県,サガケン,Saga,,,,唐津市,カラツシ,Karatsu-shi,,,,西寺町,ニシデラマチ,Nishideramachi,,,,,,,,0,0,0,0,0,0,1,1,1947-04-17,,0,8470815,,,,,,,,,,,,,,,
412023,0141000,1,佐賀県,サガケン,Saga,,,,唐津市,カラツシ,Karatsu-shi,,,,西浜町,ニシハママチ,Nishihamamachi,,,,,,,,1,1,0,0,0,0,1,1,1947-04-17,,0,8470855,,,,,,,,,,,,,,,
412023,0142000,1,佐賀県,サガケン,Saga,,,,唐津市,カラツシ,Karatsu-shi,,,,西旗町,ニシハタマチ,Nishihatamachi,,,,,,,,1,1,0,0,0,0,1,1,1947-04-17,,0,8470854,,,,,,,,,,,,,,,
412023,0143000,1,佐賀県,サガケン,Saga,,,,唐津市,カラツシ,Karatsu-shi,,,,橋本,ハシモト,Hashimoto,,,,,,,,0,0,0,0,0,0,1,1,1947-04-17,,0,8470003,,,,,,,,,,,,,,,
412023,0144000,1,佐賀県,サガケン,Saga,,,,唐津市,カラツシ,Karatsu-shi,,,,橋本町,ハシモトマチ,Hashimotomachi,,,,,,,,0,0,0,0,0,0,1,1,1947-04-17,,0,8470103,,,,,,,,,,,,,,,
412023,0145000,1,佐賀県,サガケン,Saga,,,,唐津市,カラツシ,Karatsu-shi,,,,半田,ハダ,Hada,,,,,,,,0,0,0,0,0,0,1,1,1947-04-17,,0,8470023,,,,,,,,,,,,,,,
412023,0146000,1,佐賀県,サガケン,Saga,,,,唐津市,カラツシ,Karatsu-shi,,,,畑島,ハタシマ,Hatashima,,,,,,,,0,0,0,0,0,0,1,1,1947-04-17,,0,8470833,,,,,,,,,,,,,,,
412023,0147000,1,佐賀県,サガケン,Saga,,,,唐津市,カラツシ,Karatsu-shi,,,,鳩川,ハトガワ,Hatogawa,,,,,,,,0,0,0,0,0,0,1,1,1947-04-17,,0,8470121,,,,,,,,,,,,,,,
412023,0148000,1,佐賀県,サガケン,Saga,,,,唐津市,カラツシ,Karatsu-shi,,,,浜玉町大江,ハマタママチオオエ,Hamatamamachi Oe,,,,,,,,0,0,0,0,0,0,1,1,1947-04-17,,0,8495103,,,,,,,,,,,,,,,
412023,0149000,1,佐賀県,サガケン,Saga,,,,唐津市,カラツシ,Karatsu-shi,,,,浜玉町岡口,ハマタママチオカグチ,Hamatamamachi Okaguchi,,,,,,,,0,0,0,0,0,0,1,1,1947-04-17,,0,8495101,,,,,,,,,,,,,,,
412023,0150000,1,佐賀県,サガケン,Saga,,,,唐津市,カラツシ,Karatsu-shi,,,,浜玉町五反田,ハマタママチゴタンダ,Hamatamamachi Gotanda,,,,,,,,0,0,0,0,0,0,1,1,1947-04-17,,0,8495102,,,,,,,,,,,,,,,
412023,0151000,1,佐賀県,サガケン,Saga,,,,唐津市,カラツシ,Karatsu-shi,,,,浜玉町谷口,ハマタママチタニグチ,Hamatamamachi Taniguchi,,,,,,,,0,0,0,0,0,0,1,1,1947-04-17,,0,8495105,,,,,,,,,,,,,,,
412023,0152000,1,佐賀県,サガケン,Saga,,,,唐津市,カラツシ,Karatsu-shi,,,,浜玉町鳥巣,ハマタママチトリス,Hamatamamachi Torisu,,,,,,,,0,0,0,0,0,0,1,1,1947-04-17,,0,8495113,,,,,,,,,,,,,,,
412023,0153000,1,佐賀県,サガケン,Saga,,,,唐津市,カラツシ,Karatsu-shi,,,,浜玉町浜崎,ハマタママチハマサキ,Hamatamamachi Hamasaki,,,,,,,,0,0,0,0,0,0,1,1,1947-04-17,,0,8495131,,,,,,,,,,,,,,,
412023,0154000,1,佐賀県,サガケン,Saga,,,,唐津市,カラツシ,Karatsu-shi,,,,浜玉町東山田,ハマタママチヒガシヤマダ,Hamatamamachi Higashiyamada,,,,,,,,0,0,0,0,0,0,1,1,1947-04-17,,0,8495123,,,,,,,,,,,,,,,
412023,0155000,1,佐賀県,サガケン,Saga,,,,唐津市,カラツシ,Karatsu-shi,,,,浜玉町平原,ハマタママチヒラバル,Hamatamamachi Hirabaru,,,,,,,,0,0,0,0,0,0,1,1,1947-04-17,,0,8495112,,,,,,,,,,,,,,,
412023,0156000,1,佐賀県,サガケン,Saga,,,,唐津市,カラツシ,Karatsu-shi,,,,浜玉町渕上,ハマタママチフチノウエ,Hamatamamachi Fuchinoe,,,,,,,,0,0,0,0,0,0,1,1,1947-04-17,,0,8495104,,,,,,,,,,,,,,,
412023,0157000,1,佐賀県,サガケン,Saga,,,,唐津市,カラツシ,Karatsu-shi,,,,浜玉町南山,ハマタママチミナミヤマ,Hamatamamachi Minamiyama,,,,,,,,0,0,0,0,0,0,1,1,1947-04-17,,0,8495111,,,,,,,,,,,,,,,
412023,0158000,1,佐賀県,サガケン,Saga,,,,唐津市,カラツシ,Karatsu-shi,,,,浜玉町山瀬,ハマタママチヤマセ,Hamatamamachi Yamase,,,,,,,,0,0,0,0,0,0,1,1,1947-04-17,,0,8495124,,,,,,,,,,,,,,,
412023,0159000,1,佐賀県,サガケン,Saga,,,,唐津市,カラツシ,Karatsu-shi,,,,浜玉町横田上,ハマタママチヨコタカミ,Hamatamamachi Yokotakami,,,,,,,,0,0,0,0,0,0,1,1,1947-04-17,,0,8495121,,,,,,,,,,,,,,,
412023,0160000,1,佐賀県,サガケン,Saga,,,,唐津市,カラツシ,Karatsu-shi,,,,浜玉町横田下,ハマタママチヨコタシモ,Hamatamamachi Yokotashimo,,,,,,,,0,0,0,0,0,0,1,1,1947-04-17,,0,8495122,,,,,,,,,,,,,,,
412023,0162000,1,佐賀県,サガケン,Saga,,,,唐津市,カラツシ,Karatsu-shi,,,,東大島町,ヒガシオオシママチ,Higashioshimamachi,,,,,,,,1,1,0,0,0,0,1,1,1947-04-17,,0,8470871,,,,,,,,,,,,,,,
412023,0163001,2,佐賀県,サガケン,Saga,,,,唐津市,カラツシ,Karatsu-shi,,,,東唐津,ヒガシカラツ,Higashikaratsu,１丁目,１チョウメ,1,,,,,1,1,0,0,0,0,1,1,1947-04-17,,0,,,,,,,,,,,,,,,,
412023,0163002,2,佐賀県,サガケン,Saga,,,,唐津市,カラツシ,Karatsu-shi,,,,東唐津,ヒガシカラツ,Higashikaratsu,２丁目,２チョウメ,2,,,,,1,1,0,0,0,0,1,1,1947-04-17,,0,,,,,,,,,,,,,,,,
412023,0163003,2,佐賀県,サガケン,Saga,,,,唐津市,カラツシ,Karatsu-shi,,,,東唐津,ヒガシカラツ,Higashikaratsu,３丁目,３チョウメ,3,,,,,1,1,0,0,0,0,1,1,1947-04-17,,0,,,,,,,,,,,,,,,,
412023,0163004,2,佐賀県,サガケン,Saga,,,,唐津市,カラツシ,Karatsu-shi,,,,東唐津,ヒガシカラツ,Higashikaratsu,４丁目,４チョウメ,4,,,,,1,1,0,0,0,0,1,1,1947-04-17,,0,,,,,,,,,,,,,,,,
412023,0164000,1,佐賀県,サガケン,Saga,,,,唐津市,カラツシ,Karatsu-shi,,,,東城内,ヒガシジョウナイ,Higashijonai,,,,,,,,1,1,0,0,0,0,1,1,1947-04-17,,0,8470016,,,,,,,,,,,,,,,
412023,0165000,1,佐賀県,サガケン,Saga,,,,唐津市,カラツシ,Karatsu-shi,,,,東町,ヒガシマチ,Higashimachi,,,,,,,,0,0,0,0,0,0,1,1,1947-04-17,,0,8470063,,,,,,,,,,,,,,,
412023,0166000,1,佐賀県,サガケン,Saga,,,,唐津市,カラツシ,Karatsu-shi,,,,東山,ヒガシヤマ,Higashiyama,,,,,,,,0,0,0,0,0,0,1,1,1947-04-17,,0,8470801,,,,,,,,,,,,,,,
412023,0167000,1,佐賀県,サガケン,Saga,,,,唐津市,カラツシ,Karatsu-shi,,,,肥前町赤坂,ヒゼンマチアカサカ,Hizemmachi Akasaka,,,,,,,,0,0,0,0,0,0,1,1,1947-04-17,,0,8471502,,,,,,,,,,,,,,,
412023,0168000,1,佐賀県,サガケン,Saga,,,,唐津市,カラツシ,Karatsu-shi,,,,肥前町上ケ倉,ヒゼンマチアゲクラ,Hizemmachi Agekura,,,,,,,,0,0,0,0,0,0,1,1,1947-04-17,,0,8471517,,,,,,,,,,,,,,,
412023,0169000,1,佐賀県,サガケン,Saga,,,,唐津市,カラツシ,Karatsu-shi,,,,肥前町犬頭,ヒゼンマチイヌガシラ,Hizemmachi Inugashira,,,,,,,,0,0,0,0,0,0,1,1,1947-04-17,,0,8471522,,,,,,,,,,,,,,,
412023,0170000,1,佐賀県,サガケン,Saga,,,,唐津市,カラツシ,Karatsu-shi,,,,肥前町入野,ヒゼンマチイリノ,Hizemmachi Irino,,,,,,,,0,0,0,0,0,0,1,1,1947-04-17,,0,8471526,,,,,,,,,,,,,,,
412023,0171000,1,佐賀県,サガケン,Saga,,,,唐津市,カラツシ,Karatsu-shi,,,,肥前町梅崎,ヒゼンマチウメザキ,Hizemmachi Umezaki,,,,,,,,0,0,0,0,0,0,1,1,1947-04-17,,0,8471512,,,,,,,,,,,,,,,
412023,0172000,1,佐賀県,サガケン,Saga,,,,唐津市,カラツシ,Karatsu-shi,,,,肥前町瓜ケ坂,ヒゼンマチウリガサカ,Hizemmachi Urigasaka,,,,,,,,0,0,0,0,0,0,1,1,1947-04-17,,0,8471516,,,,,,,,,,,,,,,
412023,0173000,1,佐賀県,サガケン,Saga,,,,唐津市,カラツシ,Karatsu-shi,,,,肥前町大浦,ヒゼンマチオオウラ,Hizemmachi Oura,,,,,,,,0,0,0,0,0,0,1,1,1947-04-17,,0,8471506,,,,,,,,,,,,,,,
412023,0174000,1,佐賀県,サガケン,Saga,,,,唐津市,カラツシ,Karatsu-shi,,,,肥前町切木,ヒゼンマチキリゴ,Hizemmachi Kirigo,,,,,,,,0,0,0,0,0,0,1,1,1947-04-17,,0,8471501,,,,,,,,,,,,,,,
412023,0175000,1,佐賀県,サガケン,Saga,,,,唐津市,カラツシ,Karatsu-shi,,,,肥前町杉野浦,ヒゼンマチスギノウラ,Hizemmachi Suginora,,,,,,,,0,0,0,0,0,0,1,1,1947-04-17,,0,8471505,,,,,,,,,,,,,,,
412023,0176000,1,佐賀県,サガケン,Saga,,,,唐津市,カラツシ,Karatsu-shi,,,,肥前町田野,ヒゼンマチタノ,Hizemmachi Tano,,,,,,,,0,0,0,0,0,0,1,1,1947-04-17,,0,8471521,,,,,,,,,,,,,,,
412023,0177000,1,佐賀県,サガケン,Saga,,,,唐津市,カラツシ,Karatsu-shi,,,,肥前町鶴牧,ヒゼンマチツルマキ,Hizemmachi Tsurumaki,,,,,,,,0,0,0,0,0,0,1,1,1947-04-17,,0,8471527,,,,,,,,,,,,,,,
412023,0178000,1,佐賀県,サガケン,Saga,,,,唐津市,カラツシ,Karatsu-shi,,,,肥前町寺浦,ヒゼンマチテラウラ,Hizemmachi Teraura,,,,,,,,0,0,0,0,0,0,1,1,1947-04-17,,0,8471513,,,,,,,,,,,,,,,
412023,0179000,1,佐賀県,サガケン,Saga,,,,唐津市,カラツシ,Karatsu-shi,,,,肥前町中浦,ヒゼンマチナカウラ,Hizemmachi Nakaura,,,,,,,,0,0,0,0,0,0,1,1,1947-04-17,,0,8471504,,,,,,,,,,,,,,,
412023,0180000,1,佐賀県,サガケン,Saga,,,,唐津市,カラツシ,Karatsu-shi,,,,肥前町新木場,ヒゼンマチニイコバ,Hizemmachi Niikoba,,,,,,,,0,0,0,0,0,0,1,1,1947-04-17,,0,8471511,,,,,,,,,,,,,,,
412023,0181000,1,佐賀県,サガケン,Saga,,,,唐津市,カラツシ,Karatsu-shi,,,,肥前町仁田野尾,ヒゼンマチニタノオ,Hizemmachi Nitano,,,,,,,,0,0,0,0,0,0,1,1,1947-04-17,,0,8471514,,,,,,,,,,,,,,,
412023,0182000,1,佐賀県,サガケン,Saga,,,,唐津市,カラツシ,Karatsu-shi,,,,肥前町納所,ヒゼンマチノウサ,Hizemmachi Nosa,,,,,,,,0,0,0,0,0,0,1,1,1947-04-17,,0,8471525,,,,,,,,,,,,,,,
412023,0183000,1,佐賀県,サガケン,Saga,,,,唐津市,カラツシ,Karatsu-shi,,,,肥前町星賀,ヒゼンマチホシカ,Hizemmachi Hoshika,,,,,,,,0,0,0,0,0,0,1,1,1947-04-17,,0,8471523,,,,,,,,,,,,,,,
412023,0184000,1,佐賀県,サガケン,Saga,,,,唐津市,カラツシ,Karatsu-shi,,,,肥前町万賀里川,ヒゼンマチマガリカワ,Hizemmachi Magarikawa,,,,,,,,0,0,0,0,0,0,1,1,1947-04-17,,0,8471515,,,,,,,,,,,,,,,
412023,0185000,1,佐賀県,サガケン,Saga,,,,唐津市,カラツシ,Karatsu-shi,,,,肥前町満越,ヒゼンマチミツコシ,Hizemmachi Mitsukoshi,,,,,,,,0,0,0,0,0,0,1,1,1947-04-17,,0,8471507,,,,,,,,,,,,,,,
412023,0186000,1,佐賀県,サガケン,Saga,,,,唐津市,カラツシ,Karatsu-shi,,,,肥前町向島,ヒゼンマチムクシマ,Hizemmachi Mukushima,,,,,,,,0,0,0,0,0,0,1,1,1947-04-17,,0,8471524,,,,,,,,,,,,,,,
412023,0187000,1,佐賀県,サガケン,Saga,,,,唐津市,カラツシ,Karatsu-shi,,,,肥前町湯野浦,ヒゼンマチユノウラ,Hizemmachi Yunora,,,,,,,,0,0,0,0,0,0,1,1,1947-04-17,,0,8471503,,,,,,,,,,,,,,,
412023,0188000,1,佐賀県,サガケン,Saga,,,,唐津市,カラツシ,Karatsu-shi,,,,平野町,ヒラノマチ,Hiranomachi,,,,,,,,0,0,0,0,0,0,1,1,1947-04-17,,0,8470812,,,,,,,,,,,,,,,
412023,0189000,1,佐賀県,サガケン,Saga,,,,唐津市,カラツシ,Karatsu-shi,,,,藤崎通,フジサキドオリ,Fujisakidori,,,,,,,,0,0,0,0,0,0,1,1,1947-04-17,,0,8470874,,,,,,,,,,,,,,,
412023,0190000,1,佐賀県,サガケン,Saga,,,,唐津市,カラツシ,Karatsu-shi,,,,富士見町,フジミマチ,Fujimimachi,,,,,,,,1,1,0,0,0,0,1,1,1947-04-17,,0,8470851,,,,,,,,,,,,,,,
412023,0192000,1,佐賀県,サガケン,Saga,,,,唐津市,カラツシ,Karatsu-shi,,,,二タ子,フタゴ,Futago,,,,,,,,0,0,0,0,0,0,1,1,1947-04-17,,0,8470861,,,,,,,,,,,,,,,
412023,0192001,2,佐賀県,サガケン,Saga,,,,唐津市,カラツシ,Karatsu-shi,,,,二タ子,フタゴ,Futago,１丁目,１チョウメ,1,,,,,1,1,0,0,0,0,1,1,1947-04-17,,0,,,,,,,,,,,,,,,,
412023,0192002,2,佐賀県,サガケン,Saga,,,,唐津市,カラツシ,Karatsu-shi,,,,二タ子,フタゴ,Futago,２丁目,２チョウメ,2,,,,,1,1,0,0,0,0,1,1,1947-04-17,,0,,,,,,,,,,,,,,,,
412023,0192003,2,佐賀県,サガケン,Saga,,,,唐津市,カラツシ,Karatsu-shi,,,,二タ子,フタゴ,Futago,３丁目,３チョウメ,3,,,,,1,1,0,0,0,0,1,1,1947-04-17,,0,,,,,,,,,,,,,,,,
412023,0193000,1,佐賀県,サガケン,Saga,,,,唐津市,カラツシ,Karatsu-shi,,,,船宮町,フナミヤマチ,Funamiyamachi,,,,,,,,0,0,0,0,0,0,1,1,1947-04-17,,0,8470062,,,,,,,,,,,,,,,
412023,0194000,1,佐賀県,サガケン,Saga,,,,唐津市,カラツシ,Karatsu-shi,,,,坊主町,ボウズマチ,Bozumachi,,,,,,,,0,0,0,0,0,0,1,1,1947-04-17,,0,8470056,,,,,,,,,,,,,,,
412023,0195000,1,佐賀県,サガケン,Saga,,,,唐津市,カラツシ,Karatsu-shi,,,,本町,ホンマチ,Hommachi,,,,,,,,0,0,0,0,0,0,1,1,1947-04-17,,0,8470047,,,,,,,,,,,,,,,
412023,0196000,1,佐賀県,サガケン,Saga,,,,唐津市,カラツシ,Karatsu-shi,,,,湊町,ミナトマチ,Minatomachi,,,,,,,,0,0,0,0,0,0,1,1,1947-04-17,,0,8470133,,,,,,,,,,,,,,,
412023,0197000,1,佐賀県,サガケン,Saga,,,,唐津市,カラツシ,Karatsu-shi,,,,南城内,ミナミジョウナイ,Minamijonai,,,,,,,,1,1,0,0,0,0,1,1,1947-04-17,,0,8470013,,,,,,,,,,,,,,,
412023,0198000,1,佐賀県,サガケン,Saga,,,,唐津市,カラツシ,Karatsu-shi,,,,南富士見町,ミナミフジミマチ,Minamifujimicho,,,,,,,,1,1,0,0,0,0,1,1,1947-04-17,,0,8470876,,,,,,,,,,,,,,,
412023,0199000,1,佐賀県,サガケン,Saga,,,,唐津市,カラツシ,Karatsu-shi,,,,妙見町,ミョウケンマチ,Myokemmachi,,,,,,,,0,0,0,0,0,0,1,1,1947-04-17,,0,8470863,,,,,,,,,,,,,,,
412023,0200000,1,佐賀県,サガケン,Saga,,,,唐津市,カラツシ,Karatsu-shi,,,,見借,ミルカシ,Mirukashi,,,,,,,,0,0,0,0,0,0,1,1,1947-04-17,,0,8470825,,,,,,,,,,,,,,,
412023,0201000,1,佐賀県,サガケン,Saga,,,,唐津市,カラツシ,Karatsu-shi,,,,元石町,モトイシマチ,Motoishimachi,,,,,,,,0,0,0,0,0,0,1,1,1947-04-17,,0,8470064,,,,,,,,,,,,,,,
412023,0202000,1,佐賀県,サガケン,Saga,,,,唐津市,カラツシ,Karatsu-shi,,,,元旗町,モトハタマチ,Motohatamachi,,,,,,,,0,0,0,0,0,0,1,1,1947-04-17,,0,8470852,,,,,,,,,,,,,,,
412023,0203000,1,佐賀県,サガケン,Saga,,,,唐津市,カラツシ,Karatsu-shi,,,,八百屋町,ヤオヤマチ,Yaoyamachi,,,,,,,,0,0,0,0,0,0,1,1,1947-04-17,,0,8470811,,,,,,,,,,,,,,,
412023,0204000,1,佐賀県,サガケン,Saga,,,,唐津市,カラツシ,Karatsu-shi,,,,屋形石,ヤカタイシ,Yakataishi,,,,,,,,0,0,0,0,0,0,1,1,1947-04-17,,0,8470135,,,,,,,,,,,,,,,
412023,0205000,1,佐賀県,サガケン,Saga,,,,唐津市,カラツシ,Karatsu-shi,,,,八幡町,ヤハタマチ,Yahatamachi,,,,,,,,0,0,0,0,0,0,1,1,1947-04-17,,0,8470102,,,,,,,,,,,,,,,
412023,0206000,1,佐賀県,サガケン,Saga,,,,唐津市,カラツシ,Karatsu-shi,,,,養母田,ヤブタ,Yabuta,,,,,,,,0,0,0,0,0,0,1,1,1947-04-17,,0,8470004,,,,,,,,,,,,,,,
412023,0207000,1,佐賀県,サガケン,Saga,,,,唐津市,カラツシ,Karatsu-shi,,,,養母田鬼塚,ヤブタオニヅカ,Yabutaonizuka,,,,,,,,1,1,0,0,0,0,1,1,1947-04-17,,0,8470005,,,,,,,,,,,,,,,
412023,0208000,1,佐賀県,サガケン,Saga,,,,唐津市,カラツシ,Karatsu-shi,,,,山下町,ヤマシタマチ,Yamashitamachi,,,,,,,,0,0,0,0,0,0,1,1,1947-04-17,,0,8470842,,,,,,,,,,,,,,,
412023,0210000,1,佐賀県,サガケン,Saga,,,,唐津市,カラツシ,Karatsu-shi,,,,山本,ヤマモト,Yamamoto,,,,,,,,0,0,0,0,0,0,1,1,1947-04-17,,0,8470002,,,,,,,,,,,,,,,
412023,0211000,1,佐賀県,サガケン,Saga,,,,唐津市,カラツシ,Karatsu-shi,,,,夕日,ユウヒ,Yuhi,,,,,,,,0,0,0,0,0,0,1,1,1947-04-17,,0,8470032,,,,,,,,,,,,,,,
412023,0212000,1,佐賀県,サガケン,Saga,,,,唐津市,カラツシ,Karatsu-shi,,,,弓鷹町,ユミタカマチ,Yumitakamachi,,,,,,,,0,0,0,0,0,0,1,1,1947-04-17,,0,8470814,,,,,,,,,,,,,,,
412023,0213000,1,佐賀県,サガケン,Saga,,,,唐津市,カラツシ,Karatsu-shi,,,,横野,ヨコノ,Yokono,,,,,,,,0,0,0,0,0,0,1,1,1947-04-17,,0,8470136,,,,,,,,,,,,,,,
412023,0214000,1,佐賀県,サガケン,Saga,,,,唐津市,カラツシ,Karatsu-shi,,,,呼子町大友,ヨブコチョウオオドモ,Yobukocho Odomo,,,,,,,,0,0,0,0,0,0,1,1,1947-04-17,,0,8470301,,,,,,,,,,,,,,,
412023,0215000,1,佐賀県,サガケン,Saga,,,,唐津市,カラツシ,Karatsu-shi,,,,呼子町小川島,ヨブコチョウオガワシマ,Yobukocho Ogawashima,,,,,,,,0,0,0,0,0,0,1,1,1947-04-17,,0,8470306,,,,,,,,,,,,,,,
412023,0216000,1,佐賀県,サガケン,Saga,,,,唐津市,カラツシ,Karatsu-shi,,,,呼子町加部島,ヨブコチョウカベシマ,Yobukocho Kabeshima,,,,,,,,0,0,0,0,0,0,1,1,1947-04-17,,0,8470305,,,,,,,,,,,,,,,
412023,0217000,1,佐賀県,サガケン,Saga,,,,唐津市,カラツシ,Karatsu-shi,,,,呼子町小友,ヨブコチョウコドモ,Yobukocho Kodomo,,,,,,,,0,0,0,0,0,0,1,1,1947-04-17,,0,8470302,,,,,,,,,,,,,,,
412023,0218000,1,佐賀県,サガケン,Saga,,,,唐津市,カラツシ,Karatsu-shi,,,,呼子町殿ノ浦,ヨブコチョウトノノウラ,Yobukocho Tononora,,,,,,,,0,0,0,0,0,0,1,1,1947-04-17,,0,8470304,,,,,,,,,,,,,,,
412023,0219000,1,佐賀県,サガケン,Saga,,,,唐津市,カラツシ,Karatsu-shi,,,,呼子町呼子,ヨブコチョウヨブコ,Yobukocho Yobuko,,,,,,,,0,0,0,0,0,0,1,1,1947-04-17,,0,8470303,,,,,,,,,,,,,,,
412023,0220000,1,佐賀県,サガケン,Saga,,,,唐津市,カラツシ,Karatsu-shi,,,,和多田海士町,ワタダアママチ,Watada Amamachi,,,,,,,,1,1,0,0,0,0,1,1,1947-04-17,,0,8470071,,,,,,,,,,,,,,,
412023,0221000,1,佐賀県,サガケン,Saga,,,,唐津市,カラツシ,Karatsu-shi,,,,和多田大土井,ワタダオオドイ,Watada Odoi,,,,,,,,1,1,0,0,0,0,1,1,1947-04-17,,0,8470083,,,,,,,,,,,,,,,
412023,0222000,1,佐賀県,サガケン,Saga,,,,唐津市,カラツシ,Karatsu-shi,,,,和多田先石,ワタダサキイシ,Watada Sakiishi,,,,,,,,1,1,0,0,0,0,1,1,1947-04-17,,0,8470074,,,,,,,,,,,,,,,
412023,0223001,2,佐賀県,サガケン,Saga,,,,唐津市,カラツシ,Karatsu-shi,,,,和多田天満町,ワタダテンマンチョウ,Watada Temmancho,１丁目,１チョウメ,1,,,,,1,1,0,0,0,0,1,1,1947-04-17,,0,,,,,,,,,,,,,,,,
412023,0223002,2,佐賀県,サガケン,Saga,,,,唐津市,カラツシ,Karatsu-shi,,,,和多田天満町,ワタダテンマンチョウ,Watada Temmancho,２丁目,２チョウメ,2,,,,,1,1,0,0,0,0,1,1,1947-04-17,,0,,,,,,,,,,,,,,,,
412023,0224000,1,佐賀県,サガケン,Saga,,,,唐津市,カラツシ,Karatsu-shi,,,,和多田西山,ワタダニシヤマ,Watada Nishiyama,,,,,,,,1,1,0,0,0,0,1,1,1947-04-17,,0,8470084,,,,,,,,,,,,,,,
412023,0225000,1,佐賀県,サガケン,Saga,,,,唐津市,カラツシ,Karatsu-shi,,,,和多田東百人町,ワタダヒガシヒャクニンマチ,Watada Higashihyakunimmachi,,,,,,,,1,1,0,0,0,0,1,1,1947-04-17,,0,8470073,,,,,,,,,,,,,,,
412023,0226000,1,佐賀県,サガケン,Saga,,,,唐津市,カラツシ,Karatsu-shi,,,,和多田百人町,ワタダヒャクニンマチ,Watada Hyakunimmachi,,,,,,,,1,1,0,0,0,0,1,1,1947-04-17,,0,8470072,,,,,,,,,,,,,,,
412023,0227000,1,佐賀県,サガケン,Saga,,,,唐津市,カラツシ,Karatsu-shi,,,,和多田本村,ワタダホンムラ,Watada Hommura,,,,,,,,1,1,0,0,0,0,1,1,1947-04-17,,0,8470085,,,,,,,,,,,,,,,
412023,0228000,1,佐賀県,サガケン,Saga,,,,唐津市,カラツシ,Karatsu-shi,,,,和多田南先石,ワタダミナミサキイシ,Watada Minamisakiishi,,,,,,,,1,1,0,0,0,0,1,1,1947-04-17,,0,8470081,,,,,,,,,,,,,,,
412023,0229000,1,佐賀県,サガケン,Saga,,,,唐津市,カラツシ,Karatsu-shi,,,,和多田用尺,ワタダヨウジャク,Watada Yojaku,,,,,,,,1,1,0,0,0,0,1,1,1947-04-17,,0,8470075,,,,,,,,,,,,,,,
412023,0232000,1,佐賀県,サガケン,Saga,,,,唐津市,カラツシ,Karatsu-shi,,,,和多田,ワタダ,,,,,,,,,0,0,0,0,0,0,1,1,1947-04-17,,0,,,,,,,,,,,,,,,,
412023,0233000,1,佐賀県,サガケン,Saga,,,,唐津市,カラツシ,Karatsu-shi,,,,原,ハル,,,,,,,,,0,0,0,0,0,0,1,0,1947-04-17,,1,,,,,,,,,,,,,,,,
412023,0234000,1,佐賀県,サガケン,Saga,,,,唐津市,カラツシ,Karatsu-shi,,,,山田,ヤマダ,,,,,,,,,0,0,0,0,0,0,1,0,1947-04-17,,1,,,,,,,,,,,,,,,,
412023,0235000,1,佐賀県,サガケン,Saga,,,,唐津市,カラツシ,Karatsu-shi,,,,枝去木,エザルキ,,,,,,,,,0,0,0,0,0,0,1,0,1947-04-17,,1,,,,,,,,,,,,,,,,
412023,0236000,1,佐賀県,サガケン,Saga,,,,唐津市,カラツシ,Karatsu-shi,,,,中原,ナカバル,,,,,,,,,0,0,0,0,0,0,1,0,1947-04-17,,1,,,,,,,,,,,,,,,,
412023,0241000,1,佐賀県,サガケン,Saga,,,,唐津市,カラツシ,Karatsu-shi,,,,厳木町箞木,キュウラギマチウツボギ,,,,,,,,,0,0,0,0,0,0,1,1,1970-01-01,,0,,,,,,,,,,,,,,,,
412023,0249000,1,佐賀県,サガケン,Saga,,,,唐津市,カラツシ,Karatsu-shi,,,,相知町山﨑,オウチチョウヤマサキ,,,,,,,,,0,0,0,0,0,0,1,0,1947-04-17,,1,,,,,,,,,,,,,,,,
412031,0001001,2,佐賀県,サガケン,Saga,,,,鳥栖市,トスシ,Tosu-shi,,,,秋葉町,アキバマチ,Akibamachi,１丁目,１チョウメ,1,,,,,0,0,0,0,0,0,1,1,1947-04-17,,0,,,,,,,,,,,,,,,,
412031,0001002,2,佐賀県,サガケン,Saga,,,,鳥栖市,トスシ,Tosu-shi,,,,秋葉町,アキバマチ,Akibamachi,２丁目,２チョウメ,2,,,,,0,0,0,0,0,0,1,1,1947-04-17,,0,,,,,,,,,,,,,,,,
412031,0001003,2,佐賀県,サガケン,Saga,,,,鳥栖市,トスシ,Tosu-shi,,,,秋葉町,アキバマチ,Akibamachi,３丁目,３チョウメ,3,,,,,0,0,0,0,0,0,1,1,1947-04-17,,0,,,,,,,,,,,,,,,,
412031,0002000,1,佐賀県,サガケン,Saga,,,,鳥栖市,トスシ,Tosu-shi,,,,浅井町,アサイマチ,Asaimachi,,,,,,,,0,0,0,0,0,0,1,1,1947-04-17,,0,8410082,,,,,,,,,,,,,,,
412031,0003000,1,佐賀県,サガケン,Saga,,,,鳥栖市,トスシ,Tosu-shi,,,,あさひ新町,アサヒシンマチ,Asahishimmachi,,,,,,,,0,0,0,0,0,0,1,1,1947-04-17,,0,8410068,,,,,,,,,,,,,,,
412031,0004000,1,佐賀県,サガケン,Saga,,,,鳥栖市,トスシ,Tosu-shi,,,,安楽寺町,アンラクジマチ,Anrakujimachi,,,,,,,,0,0,0,0,0,0,1,1,1947-04-17,,0,8410045,,,,,,,,,,,,,,,
412031,0005000,1,佐賀県,サガケン,Saga,,,,鳥栖市,トスシ,Tosu-shi,,,,飯田町,イイダマチ,Iidamachi,,,,,,,,0,0,0,0,0,0,1,1,1947-04-17,,0,8410022,,,,,,,,,,,,,,,
412031,0006000,1,佐賀県,サガケン,Saga,,,,鳥栖市,トスシ,Tosu-shi,,,,今泉町,イマイズミマチ,Imaizumimachi,,,,,,,,0,0,0,0,0,0,1,1,1947-04-17,,0,8410047,,,,,,,,,,,,,,,
412031,0007000,1,佐賀県,サガケン,Saga,,,,鳥栖市,トスシ,Tosu-shi,,,,今町,イママチ,Imamachi,,,,,,,,0,0,0,0,0,0,1,1,1947-04-17,,0,8410001,,,,,,,,,,,,,,,
412031,0008000,1,佐賀県,サガケン,Saga,,,,鳥栖市,トスシ,Tosu-shi,,,,牛原町,ウシワラマチ,Ushiwaramachi,,,,,,,,0,0,0,0,0,0,1,1,1947-04-17,,0,8410086,,,,,,,,,,,,,,,
412031,0009000,1,佐賀県,サガケン,Saga,,,,鳥栖市,トスシ,Tosu-shi,,,,江島町,エジママチ,Ejimamachi,,,,,,,,0,0,0,0,0,0,1,1,1947-04-17,,0,8410073,,,,,,,,,,,,,,,
412031,0010001,2,佐賀県,サガケン,Saga,,,,鳥栖市,トスシ,Tosu-shi,,,,加藤田町,カトウダマチ,Katodamachi,１丁目,１チョウメ,1,,,,,0,0,0,0,0,0,1,1,1947-04-17,,0,,,,,,,,,,,,,,,,
412031,0010002,2,佐賀県,サガケン,Saga,,,,鳥栖市,トスシ,Tosu-shi,,,,加藤田町,カトウダマチ,Katodamachi,２丁目,２チョウメ,2,,,,,0,0,0,0,0,0,1,1,1947-04-17,,0,,,,,,,,,,,,,,,,
412031,0010003,2,佐賀県,サガケン,Saga,,,,鳥栖市,トスシ,Tosu-shi,,,,加藤田町,カトウダマチ,Katodamachi,３丁目,３チョウメ,3,,,,,0,0,0,0,0,0,1,1,1947-04-17,,0,,,,,,,,,,,,,,,,
412031,0011000,1,佐賀県,サガケン,Saga,,,,鳥栖市,トスシ,Tosu-shi,,,,萱方町,カヤカタマチ,Kayakatamachi,,,,,,,,0,0,0,0,0,0,1,1,1947-04-17,,0,8410081,,,,,,,,,,,,,,,
412031,0012000,1,佐賀県,サガケン,Saga,,,,鳥栖市,トスシ,Tosu-shi,,,,河内町,カワチマチ,Kawachimachi,,,,,,,,0,0,0,0,0,0,1,1,1947-04-17,,0,8410087,,,,,,,,,,,,,,,
412031,0013000,1,佐賀県,サガケン,Saga,,,,鳥栖市,トスシ,Tosu-shi,,,,河内町貝方,カワチマチカイカタ,,,,,,,,,0,0,0,0,0,0,1,1,1947-04-17,,0,,,,,,,,,,,,,,,,
412031,0014000,1,佐賀県,サガケン,Saga,,,,鳥栖市,トスシ,Tosu-shi,,,,河内町転石,カワチマチコロビイシ,,,,,,,,,0,0,0,0,0,0,1,1,1947-04-17,,0,,,,,,,,,,,,,,,,
412031,0015000,1,佐賀県,サガケン,Saga,,,,鳥栖市,トスシ,Tosu-shi,,,,河内町横井,カワチマチヨコイ,,,,,,,,,0,0,0,0,0,0,1,1,1947-04-17,,0,,,,,,,,,,,,,,,,
412031,0016000,1,佐賀県,サガケン,Saga,,,,鳥栖市,トスシ,Tosu-shi,,,,儀徳町,ギトクマチ,Gitokumachi,,,,,,,,0,0,0,0,0,0,1,1,1947-04-17,,0,8410066,,,,,,,,,,,,,,,
412031,0017000,1,佐賀県,サガケン,Saga,,,,鳥栖市,トスシ,Tosu-shi,,,,京町,キョウマチ,Kyomachi,,,,,,,,0,0,0,0,0,0,1,1,1947-04-17,,0,8410034,,,,,,,,,,,,,,,
412031,0018001,2,佐賀県,サガケン,Saga,,,,鳥栖市,トスシ,Tosu-shi,,,,蔵上,クラノウエ,Kuranoe,１丁目,１チョウメ,1,,,,,0,0,0,0,0,0,1,1,1947-04-17,,0,,,,,,,,,,,,,,,,
412031,0018002,2,佐賀県,サガケン,Saga,,,,鳥栖市,トスシ,Tosu-shi,,,,蔵上,クラノウエ,Kuranoe,２丁目,２チョウメ,2,,,,,0,0,0,0,0,0,1,1,1947-04-17,,0,,,,,,,,,,,,,,,,
412031,0018003,2,佐賀県,サガケン,Saga,,,,鳥栖市,トスシ,Tosu-shi,,,,蔵上,クラノウエ,Kuranoe,３丁目,３チョウメ,3,,,,,0,0,0,0,0,0,1,1,1947-04-17,,0,,,,,,,,,,,,,,,,
412031,0018004,2,佐賀県,サガケン,Saga,,,,鳥栖市,トスシ,Tosu-shi,,,,蔵上,クラノウエ,Kuranoe,４丁目,４チョウメ,4,,,,,0,0,0,0,0,0,1,1,1947-04-17,,0,,,,,,,,,,,,,,,,
412031,0019000,1,佐賀県,サガケン,Saga,,,,鳥栖市,トスシ,Tosu-shi,,,,蔵上町,クラノウエマチ,Kuranoemachi,,,,,,,,0,0,0,0,0,0,1,1,1947-04-17,,0,8410054,,,,,,,,,,,,,,,
412031,0020000,1,佐賀県,サガケン,Saga,,,,鳥栖市,トスシ,Tosu-shi,,,,神辺町,コウノエマチ,Konoemachi,,,,,,,,0,0,0,0,0,0,1,1,1947-04-17,,0,8410004,,,,,,,,,,,,,,,
412031,0021000,1,佐賀県,サガケン,Saga,,,,鳥栖市,トスシ,Tosu-shi,,,,古賀町,コガマチ,Kogamachi,,,,,,,,0,0,0,0,0,0,1,1,1947-04-17,,0,8410083,,,,,,,,,,,,,,,
412031,0022000,1,佐賀県,サガケン,Saga,,,,鳥栖市,トスシ,Tosu-shi,,,,幸津町,サイツマチ,Saitsumachi,,,,,,,,0,0,0,0,0,0,1,1,1947-04-17,,0,8410062,,,,,,,,,,,,,,,
412031,0023000,1,佐賀県,サガケン,Saga,,,,鳥栖市,トスシ,Tosu-shi,,,,酒井西町,サカイニシマチ,Sakai Nishimachi,,,,,,,,0,0,0,0,0,0,1,1,1947-04-17,,0,8410042,,,,,,,,,,,,,,,
412031,0024000,1,佐賀県,サガケン,Saga,,,,鳥栖市,トスシ,Tosu-shi,,,,酒井東町,サカイヒガシマチ,Sakai Higashimachi,,,,,,,,0,0,0,0,0,0,1,1,1947-04-17,,0,8410041,,,,,,,,,,,,,,,
412031,0025000,1,佐賀県,サガケン,Saga,,,,鳥栖市,トスシ,Tosu-shi,,,,桜ケ丘町,サクラガオカマチ,Sakuragaokamachi,,,,,,,,0,0,0,0,0,0,1,1,1947-04-17,,0,8410088,,,,,,,,,,,,,,,
412031,0026000,1,佐賀県,サガケン,Saga,,,,鳥栖市,トスシ,Tosu-shi,,,,桜町,サクラマチ,Sakuramachi,,,,,,,,0,0,0,0,0,0,1,1,1947-04-17,,0,8410014,,,,,,,,,,,,,,,
412031,0027000,1,佐賀県,サガケン,Saga,,,,鳥栖市,トスシ,Tosu-shi,,,,下野町,シモノマチ,Shimonomachi,,,,,,,,0,0,0,0,0,0,1,1,1947-04-17,,0,8410063,,,,,,,,,,,,,,,
412031,0028000,1,佐賀県,サガケン,Saga,,,,鳥栖市,トスシ,Tosu-shi,,,,宿町,シュクマチ,Shukumachi,,,,,,,,0,0,0,0,0,0,1,1,1947-04-17,,0,8410052,,,,,,,,,,,,,,,
412031,0029000,1,佐賀県,サガケン,Saga,,,,鳥栖市,トスシ,Tosu-shi,,,,曽根崎町,ソネザキマチ,Sonezakimachi,,,,,,,,0,0,0,0,0,0,1,1,1947-04-17,,0,8410025,,,,,,,,,,,,,,,
412031,0030000,1,佐賀県,サガケン,Saga,,,,鳥栖市,トスシ,Tosu-shi,,,,大正町,タイショウマチ,Taishomachi,,,,,,,,0,0,0,0,0,0,1,1,1947-04-17,,0,8410032,,,,,,,,,,,,,,,
412031,0031000,1,佐賀県,サガケン,Saga,,,,鳥栖市,トスシ,Tosu-shi,,,,高田町,タカタマチ,Takatamachi,,,,,,,,0,0,0,0,0,0,1,1,1947-04-17,,0,8410044,,,,,,,,,,,,,,,
412031,0032000,1,佐賀県,サガケン,Saga,,,,鳥栖市,トスシ,Tosu-shi,,,,田代上町,タシロカンマチ,Tashiro Kammachi,,,,,,,,0,0,0,0,0,0,1,1,1947-04-17,,0,8410015,,,,,,,,,,,,,,,
412031,0033000,1,佐賀県,サガケン,Saga,,,,鳥栖市,トスシ,Tosu-shi,,,,田代昌町,タシロショウマチ,Tashiro Shomachi,,,,,,,,0,0,0,0,0,0,1,1,1947-04-17,,0,8410012,,,,,,,,,,,,,,,
412031,0034000,1,佐賀県,サガケン,Saga,,,,鳥栖市,トスシ,Tosu-shi,,,,田代新町,タシロシンマチ,Tashiro Shimmachi,,,,,,,,0,0,0,0,0,0,1,1,1947-04-17,,0,8410013,,,,,,,,,,,,,,,
412031,0035000,1,佐賀県,サガケン,Saga,,,,鳥栖市,トスシ,Tosu-shi,,,,田代大官町,タシロダイカンマチ,Tashiro Daikammachi,,,,,,,,0,0,0,0,0,0,1,1,1947-04-17,,0,8410017,,,,,,,,,,,,,,,
412031,0036000,1,佐賀県,サガケン,Saga,,,,鳥栖市,トスシ,Tosu-shi,,,,田代外町,タシロホカマチ,Tashiro Hokamachi,,,,,,,,0,0,0,0,0,0,1,1,1947-04-17,,0,8410016,,,,,,,,,,,,,,,
412031,0037000,1,佐賀県,サガケン,Saga,,,,鳥栖市,トスシ,Tosu-shi,,,,田代本町,タシロホンマチ,Tashiro Hommachi,,,,,,,,0,0,0,0,0,0,1,1,1947-04-17,,0,8410018,,,,,,,,,,,,,,,
412031,0038000,1,佐賀県,サガケン,Saga,,,,鳥栖市,トスシ,Tosu-shi,,,,立石町,タテイシマチ,Tateishimachi,,,,,,,,0,0,0,0,0,0,1,1,1947-04-17,,0,8410075,,,,,,,,,,,,,,,
412031,0039000,1,佐賀県,サガケン,Saga,,,,鳥栖市,トスシ,Tosu-shi,,,,土井町,ドイマチ,Doimachi,,,,,,,,0,0,0,0,0,0,1,1,1947-04-17,,0,8410039,,,,,,,,,,,,,,,
412031,0040000,1,佐賀県,サガケン,Saga,,,,鳥栖市,トスシ,Tosu-shi,,,,轟木町,トドロキマチ,Todorokimachi,,,,,,,,0,0,0,0,0,0,1,1,1947-04-17,,0,8410061,,,,,,,,,,,,,,,
412031,0041000,1,佐賀県,サガケン,Saga,,,,鳥栖市,トスシ,Tosu-shi,,,,永吉町,ナガヨシマチ,Nagayoshimachi,,,,,,,,0,0,0,0,0,0,1,1,1947-04-17,,0,8410011,,,,,,,,,,,,,,,
412031,0042000,1,佐賀県,サガケン,Saga,,,,鳥栖市,トスシ,Tosu-shi,,,,西新町,ニシシンマチ,Nishishimmachi,,,,,,,,0,0,0,0,0,0,1,1,1947-04-17,,0,8410074,,,,,,,,,,,,,,,
412031,0043000,1,佐賀県,サガケン,Saga,,,,鳥栖市,トスシ,Tosu-shi,,,,西田町,ニシダマチ,Nishidamachi,,,,,,,,0,0,0,0,0,0,1,1,1947-04-17,,0,8410067,,,,,,,,,,,,,,,
412031,0044000,1,佐賀県,サガケン,Saga,,,,鳥栖市,トスシ,Tosu-shi,,,,幡崎町,ハタザキマチ,Hatazakimachi,,,,,,,,0,0,0,0,0,0,1,1,1947-04-17,,0,8410021,,,,,,,,,,,,,,,
412031,0045000,1,佐賀県,サガケン,Saga,,,,鳥栖市,トスシ,Tosu-shi,,,,原古賀町,ハラコガマチ,Harakogamachi,,,,,,,,0,0,0,0,0,0,1,1,1947-04-17,,0,8410071,,,,,,,,,,,,,,,
412031,0046000,1,佐賀県,サガケン,Saga,,,,鳥栖市,トスシ,Tosu-shi,,,,原町,ハルマチ,Harumachi,,,,,,,,0,0,0,0,0,0,1,1,1947-04-17,,0,8410024,,,,,,,,,,,,,,,
412031,0047001,2,佐賀県,サガケン,Saga,,,,鳥栖市,トスシ,Tosu-shi,,,,東町,ヒガシマチ,Higashimachi,１丁目,１チョウメ,1,,,,,0,0,0,0,0,0,1,1,1947-04-17,,0,,,,,,,,,,,,,,,,
412031,0047002,2,佐賀県,サガケン,Saga,,,,鳥栖市,トスシ,Tosu-shi,,,,東町,ヒガシマチ,Higashimachi,２丁目,２チョウメ,2,,,,,0,0,0,0,0,0,1,1,1947-04-17,,0,,,,,,,,,,,,,,,,
412031,0047003,2,佐賀県,サガケン,Saga,,,,鳥栖市,トスシ,Tosu-shi,,,,東町,ヒガシマチ,Higashimachi,３丁目,３チョウメ,3,,,,,0,0,0,0,0,0,1,1,1947-04-17,,0,,,,,,,,,,,,,,,,
412031,0048000,1,佐賀県,サガケン,Saga,,,,鳥栖市,トスシ,Tosu-shi,,,,姫方町,ヒメカタマチ,Himekatamachi,,,,,,,,0,0,0,0,0,0,1,1,1947-04-17,,0,8410023,,,,,,,,,,,,,,,
412031,0049000,1,佐賀県,サガケン,Saga,,,,鳥栖市,トスシ,Tosu-shi,,,,平田町,ヒラタマチ,Hiratamachi,,,,,,,,0,0,0,0,0,0,1,1,1947-04-17,,0,8410076,,,,,,,,,,,,,,,
412031,0050000,1,佐賀県,サガケン,Saga,,,,鳥栖市,トスシ,Tosu-shi,,,,藤木町,フジノキマチ,Fujinokimachi,,,,,,,,0,0,0,0,0,0,1,1,1947-04-17,,0,8410048,,,,,,,,,,,,,,,
412031,0051000,1,佐賀県,サガケン,Saga,,,,鳥栖市,トスシ,Tosu-shi,,,,布津原町,フヅハラマチ,Futsuharamachi,,,,,,,,0,0,0,0,0,0,1,1,1947-04-17,,0,8410053,,,,,,,,,,,,,,,
412031,0052000,1,佐賀県,サガケン,Saga,,,,鳥栖市,トスシ,Tosu-shi,,,,古野町,フルノマチ,Furunomachi,,,,,,,,0,0,0,0,0,0,1,1,1947-04-17,,0,8410038,,,,,,,,,,,,,,,
412031,0053001,2,佐賀県,サガケン,Saga,,,,鳥栖市,トスシ,Tosu-shi,,,,本通町,ホンドオリマチ,Hondorimachi,１丁目,１チョウメ,1,,,,,0,0,0,0,0,0,1,1,1947-04-17,,0,,,,,,,,,,,,,,,,
412031,0053002,2,佐賀県,サガケン,Saga,,,,鳥栖市,トスシ,Tosu-shi,,,,本通町,ホンドオリマチ,Hondorimachi,２丁目,２チョウメ,2,,,,,0,0,0,0,0,0,1,1,1947-04-17,,0,,,,,,,,,,,,,,,,
412031,0054000,1,佐賀県,サガケン,Saga,,,,鳥栖市,トスシ,Tosu-shi,,,,本鳥栖町,ホンドスマチ,Hondosumachi,,,,,,,,0,0,0,0,0,0,1,1,1947-04-17,,0,8410026,,,,,,,,,,,,,,,
412031,0055001,2,佐賀県,サガケン,Saga,,,,鳥栖市,トスシ,Tosu-shi,,,,本町,ホンマチ,Hommachi,１丁目,１チョウメ,1,,,,,0,0,0,0,0,0,1,1,1947-04-17,,0,,,,,,,,,,,,,,,,
412031,0055002,2,佐賀県,サガケン,Saga,,,,鳥栖市,トスシ,Tosu-shi,,,,本町,ホンマチ,Hommachi,２丁目,２チョウメ,2,,,,,0,0,0,0,0,0,1,1,1947-04-17,,0,,,,,,,,,,,,,,,,
412031,0055003,2,佐賀県,サガケン,Saga,,,,鳥栖市,トスシ,Tosu-shi,,,,本町,ホンマチ,Hommachi,３丁目,３チョウメ,3,,,,,0,0,0,0,0,0,1,1,1947-04-17,,0,,,,,,,,,,,,,,,,
412031,0056000,1,佐賀県,サガケン,Saga,,,,鳥栖市,トスシ,Tosu-shi,,,,前田町,マエダマチ,Maedamachi,,,,,,,,0,0,0,0,0,0,1,1,1947-04-17,,0,8410065,,,,,,,,,,,,,,,
412031,0057000,1,佐賀県,サガケン,Saga,,,,鳥栖市,トスシ,Tosu-shi,,,,真木町,マキマチ,Makimachi,,,,,,,,0,0,0,0,0,0,1,1,1947-04-17,,0,8410046,,,,,,,,,,,,,,,
412031,0058000,1,佐賀県,サガケン,Saga,,,,鳥栖市,トスシ,Tosu-shi,,,,松原町,マツバラマチ,Matsubaramachi,,,,,,,,0,0,0,0,0,0,1,1,1947-04-17,,0,8410027,,,,,,,,,,,,,,,
412031,0059000,1,佐賀県,サガケン,Saga,,,,鳥栖市,トスシ,Tosu-shi,,,,三島町,ミシママチ,Mishimamachi,,,,,,,,0,0,0,0,0,0,1,1,1947-04-17,,0,8410064,,,,,,,,,,,,,,,
412031,0060000,1,佐賀県,サガケン,Saga,,,,鳥栖市,トスシ,Tosu-shi,,,,三島町於保里,ミシママチオホリ,,,,,,,,,0,0,0,0,0,0,1,1,1947-04-17,,0,,,,,,,,,,,,,,,,
412031,0061000,1,佐賀県,サガケン,Saga,,,,鳥栖市,トスシ,Tosu-shi,,,,三島町田出島,ミシママチタデジマ,,,,,,,,,0,0,0,0,0,0,1,1,1947-04-17,,0,,,,,,,,,,,,,,,,
412031,0062000,1,佐賀県,サガケン,Saga,,,,鳥栖市,トスシ,Tosu-shi,,,,三島町不動島,ミシママチフドウジマ,,,,,,,,,0,0,0,0,0,0,1,1,1947-04-17,,0,,,,,,,,,,,,,,,,
412031,0063000,1,佐賀県,サガケン,Saga,,,,鳥栖市,トスシ,Tosu-shi,,,,水屋町,ミズヤマチ,Mizuyamachi,,,,,,,,0,0,0,0,0,0,1,1,1947-04-17,,0,8410043,,,,,,,,,,,,,,,
412031,0064000,1,佐賀県,サガケン,Saga,,,,鳥栖市,トスシ,Tosu-shi,,,,村田町,ムラタマチ,Muratamachi,,,,,,,,0,0,0,0,0,0,1,1,1947-04-17,,0,8410072,,,,,,,,,,,,,,,
412031,0065000,1,佐賀県,サガケン,Saga,,,,鳥栖市,トスシ,Tosu-shi,,,,村田町五反三歩,ムラタマチゴタンサンブ,,,,,,,,,0,0,0,0,0,0,1,1,1947-04-17,,0,,,,,,,,,,,,,,,,
412031,0066000,1,佐賀県,サガケン,Saga,,,,鳥栖市,トスシ,Tosu-shi,,,,元町,モトマチ,Motomachi,,,,,,,,0,0,0,0,0,0,1,1,1947-04-17,,0,8410051,,,,,,,,,,,,,,,
412031,0067000,1,佐賀県,サガケン,Saga,,,,鳥栖市,トスシ,Tosu-shi,,,,養父町,ヤブマチ,Yabumachi,,,,,,,,0,0,0,0,0,0,1,1,1947-04-17,,0,8410055,,,,,,,,,,,,,,,
412031,0068000,1,佐賀県,サガケン,Saga,,,,鳥栖市,トスシ,Tosu-shi,,,,山浦町,ヤマウラマチ,Yamauramachi,,,,,,,,0,0,0,0,0,0,1,1,1947-04-17,,0,8410084,,,,,,,,,,,,,,,
412031,0069000,1,佐賀県,サガケン,Saga,,,,鳥栖市,トスシ,Tosu-shi,,,,山都町,ヤマトマチ,Yamatomachi,,,,,,,,0,0,0,0,0,0,1,1,1947-04-17,,0,8410085,,,,,,,,,,,,,,,
412031,0070001,2,佐賀県,サガケン,Saga,,,,鳥栖市,トスシ,Tosu-shi,,,,弥生が丘,ヤヨイガオカ,Yayoigaoka,１丁目,１チョウメ,1,,,,,0,0,0,0,0,0,1,1,1947-04-17,,0,,,,,,,,,,,,,,,,
412031,0070002,2,佐賀県,サガケン,Saga,,,,鳥栖市,トスシ,Tosu-shi,,,,弥生が丘,ヤヨイガオカ,Yayoigaoka,２丁目,２チョウメ,2,,,,,0,0,0,0,0,0,1,1,1947-04-17,,0,,,,,,,,,,,,,,,,
412031,0070003,2,佐賀県,サガケン,Saga,,,,鳥栖市,トスシ,Tosu-shi,,,,弥生が丘,ヤヨイガオカ,Yayoigaoka,３丁目,３チョウメ,3,,,,,0,0,0,0,0,0,1,1,1947-04-17,,0,,,,,,,,,,,,,,,,
412031,0070004,2,佐賀県,サガケン,Saga,,,,鳥栖市,トスシ,Tosu-shi,,,,弥生が丘,ヤヨイガオカ,Yayoigaoka,４丁目,４チョウメ,4,,,,,0,0,0,0,0,0,1,1,1947-04-17,,0,,,,,,,,,,,,,,,,
412031,0070005,2,佐賀県,サガケン,Saga,,,,鳥栖市,トスシ,Tosu-shi,,,,弥生が丘,ヤヨイガオカ,Yayoigaoka,５丁目,５チョウメ,5,,,,,0,0,0,0,0,0,1,1,1947-04-17,,0,,,,,,,,,,,,,,,,
412031,0070006,2,佐賀県,サガケン,Saga,,,,鳥栖市,トスシ,Tosu-shi,,,,弥生が丘,ヤヨイガオカ,Yayoigaoka,６丁目,６チョウメ,6,,,,,0,0,0,0,0,0,1,1,1947-04-17,,0,,,,,,,,,,,,,,,,
412031,0070007,2,佐賀県,サガケン,Saga,,,,鳥栖市,トスシ,Tosu-shi,,,,弥生が丘,ヤヨイガオカ,Yayoigaoka,７丁目,７チョウメ,7,,,,,0,0,0,0,0,0,1,1,1947-04-17,,0,,,,,,,,,,,,,,,,
412031,0070008,2,佐賀県,サガケン,Saga,,,,鳥栖市,トスシ,Tosu-shi,,,,弥生が丘,ヤヨイガオカ,Yayoigaoka,８丁目,８チョウメ,8,,,,,0,0,0,0,0,0,1,1,1947-04-17,,0,,,,,,,,,,,,,,,,
412031,0071000,1,佐賀県,サガケン,Saga,,,,鳥栖市,トスシ,Tosu-shi,,,,鎗田町,ヤリタマチ,Yaritamachi,,,,,,,,0,0,0,0,0,0,1,1,1947-04-17,,0,8410031,,,,,,,,,,,,,,,
412031,0072000,1,佐賀県,サガケン,Saga,,,,鳥栖市,トスシ,Tosu-shi,,,,柚比町,ユビマチ,Yubimachi,,,,,,,,0,0,0,0,0,0,1,1,1947-04-17,,0,8410002,,,,,,,,,,,,,,,
412040,0001000,1,佐賀県,サガケン,Saga,,,,多久市,タクシ,Taku-shi,,,,北多久町大字小侍,キタタクマチオオアザコサムライ,,,,,,,,,0,0,0,0,0,0,1,1,1947-04-17,,0,,,,,,,,,,,,,,,,
412040,0002000,1,佐賀県,サガケン,Saga,,,,多久市,タクシ,Taku-shi,,,,北多久町大字多久原,キタタクマチオオアザタクバル,,,,,,,,,0,0,0,0,0,0,1,1,1947-04-17,,0,,,,,,,,,,,,,,,,
412040,0003000,1,佐賀県,サガケン,Saga,,,,多久市,タクシ,Taku-shi,,,,北多久町メイプルタウン,キタタクマチメイプルタウン,Kitatakumachi Meipurutaun,,,,,,,,1,1,0,0,0,0,1,0,1947-04-17,,0,8460007,,,,,,,,,,,,,,,
412040,0004000,1,佐賀県,サガケン,Saga,,,,多久市,タクシ,Taku-shi,,,,多久町,タクマチ,Takumachi,,,,,,,,0,0,0,0,0,0,1,1,1947-04-17,,0,8460031,,,,,,,,,,,,,,,
412040,0005000,1,佐賀県,サガケン,Saga,,,,多久市,タクシ,Taku-shi,,,,西多久町大字板屋,ニシタクマチオオアザイタヤ,,,,,,,,,0,0,0,0,0,0,1,1,1947-04-17,,0,,,,,,,,,,,,,,,,
412040,0006000,1,佐賀県,サガケン,Saga,,,,多久市,タクシ,Taku-shi,,,,東多久町大字納所,ヒガシタクマチオオアザノウソ,,,,,,,,,0,0,0,0,0,0,1,1,1947-04-17,,0,,,,,,,,,,,,,,,,
412040,0007000,1,佐賀県,サガケン,Saga,,,,多久市,タクシ,Taku-shi,,,,東多久町大字別府,ヒガシタクマチオオアザベフ,,,,,,,,,0,0,0,0,0,0,1,1,1947-04-17,,0,,,,,,,,,,,,,,,,
412040,0008000,1,佐賀県,サガケン,Saga,,,,多久市,タクシ,Taku-shi,,,,南多久町大字下多久,ミナミタクマチオオアザシモタク,,,,,,,,,0,0,0,0,0,0,1,1,1947-04-17,,0,,,,,,,,,,,,,,,,
412040,0009000,1,佐賀県,サガケン,Saga,,,,多久市,タクシ,Taku-shi,,,,南多久町大字長尾,ミナミタクマチオオアザナガオ,,,,,,,,,0,0,0,0,0,0,1,1,1947-04-17,,0,,,,,,,,,,,,,,,,
412040,0010000,1,佐賀県,サガケン,Saga,,,,多久市,タクシ,Taku-shi,,,,南多久町大字花祭,ミナミタクマチオオアザハナマツリ,,,,,,,,,0,0,0,0,0,0,1,1,1947-04-17,,0,,,,,,,,,,,,,,,,
412058,0001000,1,佐賀県,サガケン,Saga,,,,伊万里市,イマリシ,Imari-shi,,,,伊万里町乙,イマリチョウオツ,Imaricho Otsu,,,,,,,,0,0,0,0,0,0,1,0,1947-04-17,,0,8480046,,,,,,,,,,,,,,,
412058,0002000,1,佐賀県,サガケン,Saga,,,,伊万里市,イマリシ,Imari-shi,,,,伊万里町甲,イマリチョウコウ,Imaricho Ko,,,,,,,,0,0,0,0,0,0,1,0,1947-04-17,,0,8480047,,,,,,,,,,,,,,,
412058,0003000,1,佐賀県,サガケン,Saga,,,,伊万里市,イマリシ,Imari-shi,,,,大川内町乙,オオカワチチョウオツ,Okawachicho Otsu,,,,,,,,0,0,0,0,0,0,1,0,1947-04-17,,0,8480025,,,,,,,,,,,,,,,
412058,0004000,1,佐賀県,サガケン,Saga,,,,伊万里市,イマリシ,Imari-shi,,,,大川内町甲,オオカワチチョウコウ,Okawachicho Ko,,,,,,,,0,0,0,0,0,0,1,0,1947-04-17,,0,8480024,,,,,,,,,,,,,,,
412058,0005000,1,佐賀県,サガケン,Saga,,,,伊万里市,イマリシ,Imari-shi,,,,大川内町丙,オオカワチチョウヘイ,Okawachicho Hei,,,,,,,,0,0,0,0,0,0,1,0,1947-04-17,,0,8480026,,,,,,,,,,,,,,,
412058,0006000,1,佐賀県,サガケン,Saga,,,,伊万里市,イマリシ,Imari-shi,,,,大川町大川野,オオカワチョウオオカワノ,Okawacho Okawano,,,,,,,,0,0,0,0,0,0,1,1,1947-04-17,,0,8495251,,,,,,,,,,,,,,,
412058,0007000,1,佐賀県,サガケン,Saga,,,,伊万里市,イマリシ,Imari-shi,,,,大川町川西,オオカワチョウカワニシ,Okawacho Kawanishi,,,,,,,,0,0,0,0,0,0,1,1,1947-04-17,,0,8495252,,,,,,,,,,,,,,,
412058,0008000,1,佐賀県,サガケン,Saga,,,,伊万里市,イマリシ,Imari-shi,,,,大川町川原,オオカワチョウカワバル,Okawacho Kawabaru,,,,,,,,0,0,0,0,0,0,1,1,1947-04-17,,0,8495257,,,,,,,,,,,,,,,
412058,0009000,1,佐賀県,サガケン,Saga,,,,伊万里市,イマリシ,Imari-shi,,,,大川町駒鳴,オオカワチョウコマナキ,Okawacho Komanaki,,,,,,,,0,0,0,0,0,0,1,1,1947-04-17,,0,8495253,,,,,,,,,,,,,,,
412058,0010000,1,佐賀県,サガケン,Saga,,,,伊万里市,イマリシ,Imari-shi,,,,大川町立川,オオカワチョウタツガワ,Okawacho Tatsugawa,,,,,,,,0,0,0,0,0,0,1,1,1947-04-17,,0,8495254,,,,,,,,,,,,,,,
412058,0011000,1,佐賀県,サガケン,Saga,,,,伊万里市,イマリシ,Imari-shi,,,,大川町東田代,オオカワチョウヒガシタシロ,Okawacho Higashitashiro,,,,,,,,0,0,0,0,0,0,1,1,1947-04-17,,0,8495256,,,,,,,,,,,,,,,
412058,0012000,1,佐賀県,サガケン,Saga,,,,伊万里市,イマリシ,Imari-shi,,,,大川町山口,オオカワチョウヤマグチ,Okawacho Yamaguchi,,,,,,,,0,0,0,0,0,0,1,1,1947-04-17,,0,8495255,,,,,,,,,,,,,,,
412058,0013000,1,佐賀県,サガケン,Saga,,,,伊万里市,イマリシ,Imari-shi,,,,大坪町乙,オオツボチョウオツ,Otsubocho Otsu,,,,,,,,0,0,0,0,0,0,1,0,1947-04-17,,0,8480022,,,,,,,,,,,,,,,
412058,0014000,1,佐賀県,サガケン,Saga,,,,伊万里市,イマリシ,Imari-shi,,,,大坪町甲,オオツボチョウコウ,Otsubocho Ko,,,,,,,,0,0,0,0,0,0,1,0,1947-04-17,,0,8480021,,,,,,,,,,,,,,,
412058,0015000,1,佐賀県,サガケン,Saga,,,,伊万里市,イマリシ,Imari-shi,,,,大坪町丙,オオツボチョウヘイ,Otsubocho Hei,,,,,,,,0,0,0,0,0,0,1,0,1947-04-17,,0,8480023,,,,,,,,,,,,,,,
412058,0016000,1,佐賀県,サガケン,Saga,,,,伊万里市,イマリシ,Imari-shi,,,,木須町,キスチョウ,Kisucho,,,,,,,,0,0,0,0,0,0,1,1,1947-04-17,,0,8480044,,,,,,,,,,,,,,,
412058,0017000,1,佐賀県,サガケン,Saga,,,,伊万里市,イマリシ,Imari-shi,,,,黒川町大黒川,クロガワチョウオオクロガワ,Kurogawacho Okurogawa,,,,,,,,0,0,0,0,0,0,1,1,1947-04-17,,0,8480123,,,,,,,,,,,,,,,
412058,0018000,1,佐賀県,サガケン,Saga,,,,伊万里市,イマリシ,Imari-shi,,,,黒川町黒塩,クロガワチョウクロシオ,Kurogawacho Kuroshio,,,,,,,,0,0,0,0,0,0,1,1,1947-04-17,,0,8480146,,,,,,,,,,,,,,,
412058,0019000,1,佐賀県,サガケン,Saga,,,,伊万里市,イマリシ,Imari-shi,,,,黒川町小黒川,クロガワチョウコクロガワ,Kurogawacho Kokurogawa,,,,,,,,0,0,0,0,0,0,1,1,1947-04-17,,0,8480125,,,,,,,,,,,,,,,
412058,0020000,1,佐賀県,サガケン,Saga,,,,伊万里市,イマリシ,Imari-shi,,,,黒川町塩屋,クロガワチョウシオヤ,Kurogawacho Shioya,,,,,,,,0,0,0,0,0,0,1,1,1947-04-17,,0,8480121,,,,,,,,,,,,,,,
412058,0021000,1,佐賀県,サガケン,Saga,,,,伊万里市,イマリシ,Imari-shi,,,,黒川町清水,クロガワチョウシミズ,Kurogawacho Shimizu,,,,,,,,0,0,0,0,0,0,1,1,1947-04-17,,0,8480141,,,,,,,,,,,,,,,
412058,0022000,1,佐賀県,サガケン,Saga,,,,伊万里市,イマリシ,Imari-shi,,,,黒川町立目,クロガワチョウタチメ,Kurogawacho Tachime,,,,,,,,0,0,0,0,0,0,1,1,1947-04-17,,0,8480142,,,,,,,,,,,,,,,
412058,0023000,1,佐賀県,サガケン,Saga,,,,伊万里市,イマリシ,Imari-shi,,,,黒川町椿原,クロガワチョウツバキハラ,Kurogawacho Tsubakihara,,,,,,,,0,0,0,0,0,0,1,1,1947-04-17,,0,8480145,,,,,,,,,,,,,,,
412058,0024000,1,佐賀県,サガケン,Saga,,,,伊万里市,イマリシ,Imari-shi,,,,黒川町長尾,クロガワチョウナガオ,Kurogawacho Nagao,,,,,,,,0,0,0,0,0,0,1,1,1947-04-17,,0,8480132,,,,,,,,,,,,,,,
412058,0025000,1,佐賀県,サガケン,Saga,,,,伊万里市,イマリシ,Imari-shi,,,,黒川町畑川内,クロガワチョウハタガワチ,Kurogawacho Hatagawachi,,,,,,,,0,0,0,0,0,0,1,1,1947-04-17,,0,8480131,,,,,,,,,,,,,,,
412058,0026000,1,佐賀県,サガケン,Saga,,,,伊万里市,イマリシ,Imari-shi,,,,黒川町花房,クロガワチョウハナブサ,Kurogawacho Hanabusa,,,,,,,,0,0,0,0,0,0,1,1,1947-04-17,,0,8480134,,,,,,,,,,,,,,,
412058,0027000,1,佐賀県,サガケン,Saga,,,,伊万里市,イマリシ,Imari-shi,,,,黒川町福田,クロガワチョウフクダ,Kurogawacho Fukuda,,,,,,,,0,0,0,0,0,0,1,1,1947-04-17,,0,8480122,,,,,,,,,,,,,,,
412058,0028000,1,佐賀県,サガケン,Saga,,,,伊万里市,イマリシ,Imari-shi,,,,黒川町真手野,クロガワチョウマテノ,Kurogawacho Mateno,,,,,,,,0,0,0,0,0,0,1,1,1947-04-17,,0,8480133,,,,,,,,,,,,,,,
412058,0029000,1,佐賀県,サガケン,Saga,,,,伊万里市,イマリシ,Imari-shi,,,,黒川町牟田,クロガワチョウムタ,Kurogawacho Muta,,,,,,,,0,0,0,0,0,0,1,1,1947-04-17,,0,8480143,,,,,,,,,,,,,,,
412058,0030000,1,佐賀県,サガケン,Saga,,,,伊万里市,イマリシ,Imari-shi,,,,黒川町横野,クロガワチョウヨコノ,Kurogawacho Yokono,,,,,,,,0,0,0,0,0,0,1,1,1947-04-17,,0,8480144,,,,,,,,,,,,,,,
412058,0031000,1,佐賀県,サガケン,Saga,,,,伊万里市,イマリシ,Imari-shi,,,,新天町,シンテンチョウ,Shintencho,,,,,,,,0,0,0,0,0,0,1,1,1947-04-17,,0,8480041,,,,,,,,,,,,,,,
412058,0032000,1,佐賀県,サガケン,Saga,,,,伊万里市,イマリシ,Imari-shi,,,,瀬戸町,セトチョウ,Setocho,,,,,,,,0,0,0,0,0,0,1,1,1947-04-17,,0,8480043,,,,,,,,,,,,,,,
412058,0033000,1,佐賀県,サガケン,Saga,,,,伊万里市,イマリシ,Imari-shi,,,,立花町,タチバナチョウ,Tachibanacho,,,,,,,,0,0,0,0,0,0,1,1,1947-04-17,,0,8480027,,,,,,,,,,,,,,,
412058,0034000,1,佐賀県,サガケン,Saga,,,,伊万里市,イマリシ,Imari-shi,,,,二里町大里乙,ニリチョウオオザトオツ,Niricho Ozatotsu,,,,,,,,0,0,0,0,0,0,1,0,1947-04-17,,0,8480035,,,,,,,,,,,,,,,
412058,0035000,1,佐賀県,サガケン,Saga,,,,伊万里市,イマリシ,Imari-shi,,,,二里町大里甲,ニリチョウオオザトコウ,Niricho Ozatoko,,,,,,,,0,0,0,0,0,0,1,0,1947-04-17,,0,8480032,,,,,,,,,,,,,,,
412058,0036000,1,佐賀県,サガケン,Saga,,,,伊万里市,イマリシ,Imari-shi,,,,二里町中里乙,ニリチョウナカザトオツ,Niricho Nakazatotsu,,,,,,,,0,0,0,0,0,0,1,0,1947-04-17,,0,8480033,,,,,,,,,,,,,,,
412058,0037000,1,佐賀県,サガケン,Saga,,,,伊万里市,イマリシ,Imari-shi,,,,二里町中里甲,ニリチョウナカザトコウ,Niricho Nakazatoko,,,,,,,,0,0,0,0,0,0,1,0,1947-04-17,,0,8480034,,,,,,,,,,,,,,,
412058,0038000,1,佐賀県,サガケン,Saga,,,,伊万里市,イマリシ,Imari-shi,,,,二里町八谷搦,ニリチョウハチヤガラミ,Niricho Hachiyagarami,,,,,,,,0,0,0,0,0,0,1,1,1947-04-17,,0,8480031,,,,,,,,,,,,,,,
412058,0039000,1,佐賀県,サガケン,Saga,,,,伊万里市,イマリシ,Imari-shi,,,,蓮池町,ハスイケチョウ,Hasuikecho,,,,,,,,0,0,0,0,0,0,1,1,1947-04-17,,0,8480042,,MJ022605_*_*,,,,,,,,,,,,,
412058,0040000,1,佐賀県,サガケン,Saga,,,,伊万里市,イマリシ,Imari-shi,,,,波多津町板木,ハタツチョウイタギ,Hatatsucho Itagi,,,,,,,,0,0,0,0,0,0,1,1,1947-04-17,,0,8480113,,,,,,,,,,,,,,,
412058,0041000,1,佐賀県,サガケン,Saga,,,,伊万里市,イマリシ,Imari-shi,,,,波多津町井野尾,ハタツチョウイノオ,Hatatsucho Ino,,,,,,,,0,0,0,0,0,0,1,1,1947-04-17,,0,8480116,,,,,,,,,,,,,,,
412058,0042000,1,佐賀県,サガケン,Saga,,,,伊万里市,イマリシ,Imari-shi,,,,波多津町内野,ハタツチョウウチノ,Hatatsucho Uchino,,,,,,,,0,0,0,0,0,0,1,1,1947-04-17,,0,8480103,,,,,,,,,,,,,,,
412058,0043000,1,佐賀県,サガケン,Saga,,,,伊万里市,イマリシ,Imari-shi,,,,波多津町木場,ハタツチョウコバ,Hatatsucho Koba,,,,,,,,0,0,0,0,0,0,1,1,1947-04-17,,0,8480111,,,,,,,,,,,,,,,
412058,0044000,1,佐賀県,サガケン,Saga,,,,伊万里市,イマリシ,Imari-shi,,,,波多津町煤屋,ハタツチョウススヤ,Hatatsucho Susuya,,,,,,,,0,0,0,0,0,0,1,1,1947-04-17,,0,8480104,,,,,,,,,,,,,,,
412058,0045000,1,佐賀県,サガケン,Saga,,,,伊万里市,イマリシ,Imari-shi,,,,波多津町田代,ハタツチョウタシロ,Hatatsucho Tashiro,,,,,,,,0,0,0,0,0,0,1,1,1947-04-17,,0,8480112,,,,,,,,,,,,,,,
412058,0046000,1,佐賀県,サガケン,Saga,,,,伊万里市,イマリシ,Imari-shi,,,,波多津町辻,ハタツチョウツジ,Hatatsucho Tsuji,,,,,,,,0,0,0,0,0,0,1,1,1947-04-17,,0,8480101,,*_*_*_*_MJ025761,,,,,,,,,,,,,
412058,0047000,1,佐賀県,サガケン,Saga,,,,伊万里市,イマリシ,Imari-shi,,,,波多津町筒井,ハタツチョウツツイ,Hatatsucho Tsutsui,,,,,,,,0,0,0,0,0,0,1,1,1947-04-17,,0,8480117,,,,,,,,,,,,,,,
412058,0048000,1,佐賀県,サガケン,Saga,,,,伊万里市,イマリシ,Imari-shi,,,,波多津町津留,ハタツチョウツル,,,,,,,,,0,0,0,0,0,0,1,1,1947-04-17,,0,,,,,,,,,,,,,,,,
412058,0049000,1,佐賀県,サガケン,Saga,,,,伊万里市,イマリシ,Imari-shi,,,,波多津町中山,ハタツチョウナカヤマ,Hatatsucho Nakayama,,,,,,,,0,0,0,0,0,0,1,1,1947-04-17,,0,8480115,,,,,,,,,,,,,,,
412058,0050000,1,佐賀県,サガケン,Saga,,,,伊万里市,イマリシ,Imari-shi,,,,波多津町主屋,ハタツチョウヌシヤ,,,,,,,,,0,0,0,0,0,0,1,1,1947-04-17,,0,,,,,,,,,,,,,,,,
412058,0051000,1,佐賀県,サガケン,Saga,,,,伊万里市,イマリシ,Imari-shi,,,,波多津町畑津,ハタツチョウハタツ,Hatatsucho Hatatsu,,,,,,,,0,0,0,0,0,0,1,1,1947-04-17,,0,8480102,,,,,,,,,,,,,,,
412058,0052000,1,佐賀県,サガケン,Saga,,,,伊万里市,イマリシ,Imari-shi,,,,波多津町馬蛤潟,ハタツチョウマテガタ,Hatatsucho Mategata,,,,,,,,0,0,0,0,0,0,1,1,1947-04-17,,0,8480105,,,,,,,,,,,,,,,
412058,0053000,1,佐賀県,サガケン,Saga,,,,伊万里市,イマリシ,Imari-shi,,,,東山代町浦川内,ヒガシヤマシロチョウウラガワチ,Higashiyamashirocho Uragawachi,,,,,,,,0,0,0,0,0,0,1,1,1947-04-17,,0,8494284,,,,,,,,,,,,,,,
412058,0054000,1,佐賀県,サガケン,Saga,,,,伊万里市,イマリシ,Imari-shi,,,,東山代町大久保,ヒガシヤマシロチョウオオクボ,Higashiyamashirocho Okubo,,,,,,,,0,0,0,0,0,0,1,1,1947-04-17,,0,8494281,,,,,,,,,,,,,,,
412058,0055000,1,佐賀県,サガケン,Saga,,,,伊万里市,イマリシ,Imari-shi,,,,東山代町川内野,ヒガシヤマシロチョウカワチノ,Higashiyamashirocho Kawachino,,,,,,,,0,0,0,0,0,0,1,1,1947-04-17,,0,8494286,,,,,,,,,,,,,,,
412058,0056000,1,佐賀県,サガケン,Saga,,,,伊万里市,イマリシ,Imari-shi,,,,東山代町里,ヒガシヤマシロチョウサト,Higashiyamashirocho Sato,,,,,,,,0,0,0,0,0,0,1,1,1947-04-17,,0,8494282,,,,,,,,,,,,,,,
412058,0057000,1,佐賀県,サガケン,Saga,,,,伊万里市,イマリシ,Imari-shi,,,,東山代町滝川内,ヒガシヤマシロチョウタキガワチ,Higashiyamashirocho Takigawachi,,,,,,,,0,0,0,0,0,0,1,1,1947-04-17,,0,8494285,,,,,,,,,,,,,,,
412058,0058000,1,佐賀県,サガケン,Saga,,,,伊万里市,イマリシ,Imari-shi,,,,東山代町天神,ヒガシヤマシロチョウテンジン,Higashiyamashirocho Tenjin,,,,,,,,0,0,0,0,0,0,1,1,1947-04-17,,0,8494273,,,,,,,,,,,,,,,
412058,0059000,1,佐賀県,サガケン,Saga,,,,伊万里市,イマリシ,Imari-shi,,,,東山代町長浜,ヒガシヤマシロチョウナガハマ,Higashiyamashirocho Nagahama,,,,,,,,0,0,0,0,0,0,1,1,1947-04-17,,0,8494271,,,,,,,,,,,,,,,
412058,0060000,1,佐賀県,サガケン,Saga,,,,伊万里市,イマリシ,Imari-shi,,,,東山代町日尾,ヒガシヤマシロチョウヒオ,Higashiyamashirocho Hio,,,,,,,,0,0,0,0,0,0,1,1,1947-04-17,,0,8494272,,,,,,,,,,,,,,,
412058,0061000,1,佐賀県,サガケン,Saga,,,,伊万里市,イマリシ,Imari-shi,,,,東山代町東大久保,ヒガシヤマシロチョウヒガシオオクボ,Higashiyamashirocho Higashiokubo,,,,,,,,0,0,0,0,0,0,1,1,1947-04-17,,0,8494283,,,,,,,,,,,,,,,
412058,0062000,1,佐賀県,サガケン,Saga,,,,伊万里市,イマリシ,Imari-shi,,,,東山代町脇野,ヒガシヤマシロチョウワキノ,Higashiyamashirocho Wakino,,,,,,,,0,0,0,0,0,0,1,1,1947-04-17,,0,8494274,,,,,,,,,,,,,,,
412058,0063000,1,佐賀県,サガケン,Saga,,,,伊万里市,イマリシ,Imari-shi,,,,松浦町提川,マツウラチョウサゲノカワ,Matsuracho Sagenokawa,,,,,,,,0,0,0,0,0,0,1,1,1947-04-17,,0,8495264,,,,,,,,,,,,,,,
412058,0064000,1,佐賀県,サガケン,Saga,,,,伊万里市,イマリシ,Imari-shi,,,,松浦町中野原,マツウラチョウナカノハラ,Matsuracho Nakanohara,,,,,,,,0,0,0,0,0,0,1,1,1947-04-17,,0,8495262,,,,,,,,,,,,,,,
412058,0065000,1,佐賀県,サガケン,Saga,,,,伊万里市,イマリシ,Imari-shi,,,,松浦町桃川,マツウラチョウモモノカワ,Matsuracho Momonokawa,,,,,,,,0,0,0,0,0,0,1,1,1947-04-17,,0,8495261,,,,,,,,,,,,,,,
412058,0066000,1,佐賀県,サガケン,Saga,,,,伊万里市,イマリシ,Imari-shi,,,,松浦町山形,マツウラチョウヤマガタ,Matsuracho Yamagata,,,,,,,,0,0,0,0,0,0,1,1,1947-04-17,,0,8495263,,,,,,,,,,,,,,,
412058,0067000,1,佐賀県,サガケン,Saga,,,,伊万里市,イマリシ,Imari-shi,,,,松島町,マツシマチョウ,Matsushimacho,,,,,,,,0,0,0,0,0,0,1,1,1947-04-17,,0,8480045,,,,,,,,,,,,,,,
412058,0068000,1,佐賀県,サガケン,Saga,,,,伊万里市,イマリシ,Imari-shi,,,,南波多町井手野,ミナミハタチョウイデノ,Minamihatacho Ideno,,,,,,,,0,0,0,0,0,0,1,1,1947-04-17,,0,8480007,,,,,,,,,,,,,,,
412058,0069000,1,佐賀県,サガケン,Saga,,,,伊万里市,イマリシ,Imari-shi,,,,南波多町大川原,ミナミハタチョウオオカワバル,Minamihatacho Okawabaru,,,,,,,,0,0,0,0,0,0,1,1,1947-04-17,,0,8480011,,,,,,,,,,,,,,,
412058,0070000,1,佐賀県,サガケン,Saga,,,,伊万里市,イマリシ,Imari-shi,,,,南波多町大曲,ミナミハタチョウオオマガリ,Minamihatacho Omagari,,,,,,,,0,0,0,0,0,0,1,1,1947-04-17,,0,8480005,,,,,,,,,,,,,,,
412058,0071000,1,佐賀県,サガケン,Saga,,,,伊万里市,イマリシ,Imari-shi,,,,南波多町笠椎,ミナミハタチョウカサジ,Minamihatacho Kasaji,,,,,,,,0,0,0,0,0,0,1,1,1947-04-17,,0,8480013,,,,,,,,,,,,,,,
412058,0072000,1,佐賀県,サガケン,Saga,,,,伊万里市,イマリシ,Imari-shi,,,,南波多町小麦原,ミナミハタチョウコムギハラ,Minamihatacho Komugiharu,,,,,,,,0,0,0,0,0,0,1,1,1947-04-17,,0,8480014,,,,,,,,,,,,,,,
412058,0073000,1,佐賀県,サガケン,Saga,,,,伊万里市,イマリシ,Imari-shi,,,,南波多町重橋,ミナミハタチョウジュウバシ,Minamihatacho Jubashi,,,,,,,,0,0,0,0,0,0,1,1,1947-04-17,,0,8480001,,,,,,,,,,,,,,,
412058,0074000,1,佐賀県,サガケン,Saga,,,,伊万里市,イマリシ,Imari-shi,,,,南波多町高瀬,ミナミハタチョウタカゼ,Minamihatacho Takaze,,,,,,,,0,0,0,0,0,0,1,1,1947-04-17,,0,8480006,,,,,,,,,,,,,,,
412058,0075000,1,佐賀県,サガケン,Saga,,,,伊万里市,イマリシ,Imari-shi,,,,南波多町谷口,ミナミハタチョウタニグチ,Minamihatacho Taniguchi,,,,,,,,0,0,0,0,0,0,1,1,1947-04-17,,0,8480002,,,,,,,,,,,,,,,
412058,0076000,1,佐賀県,サガケン,Saga,,,,伊万里市,イマリシ,Imari-shi,,,,南波多町水留,ミナミハタチョウツヅミ,Minamihatacho Tsuzumi,,,,,,,,0,0,0,0,0,0,1,1,1947-04-17,,0,8480004,,,,,,,,,,,,,,,
412058,0077000,1,佐賀県,サガケン,Saga,,,,伊万里市,イマリシ,Imari-shi,,,,南波多町原屋敷,ミナミハタチョウハラヤシキ,Minamihatacho Harayashiki,,,,,,,,0,0,0,0,0,0,1,1,1947-04-17,,0,8480016,,,,,,,,,,,,,,,
412058,0078000,1,佐賀県,サガケン,Saga,,,,伊万里市,イマリシ,Imari-shi,,,,南波多町府招,ミナミハタチョウフマネキ,Minamihatacho Fumaneki,,,,,,,,0,0,0,0,0,0,1,1,1947-04-17,,0,8480015,,,,,,,,,,,,,,,
412058,0079000,1,佐賀県,サガケン,Saga,,,,伊万里市,イマリシ,Imari-shi,,,,南波多町古川,ミナミハタチョウフルコウ,Minamihatacho Furuko,,,,,,,,0,0,0,0,0,0,1,1,1947-04-17,,0,8480012,,,,,,,,,,,,,,,
412058,0080000,1,佐賀県,サガケン,Saga,,,,伊万里市,イマリシ,Imari-shi,,,,南波多町古里,ミナミハタチョウフルサト,Minamihatacho Furusato,,,,,,,,0,0,0,0,0,0,1,1,1947-04-17,,0,8480003,,,,,,,,,,,,,,,
412058,0081000,1,佐賀県,サガケン,Saga,,,,伊万里市,イマリシ,Imari-shi,,,,山代町楠久,ヤマシロチョウクスク,Yamashirocho Kusuku,,,,,,,,0,0,0,0,0,0,1,1,1947-04-17,,0,8494251,,,,,,,,,,,,,,,
412058,0082000,1,佐賀県,サガケン,Saga,,,,伊万里市,イマリシ,Imari-shi,,,,山代町楠久津,ヤマシロチョウクスクツ,Yamashirocho Kusukutsu,,,,,,,,0,0,0,0,0,0,1,1,1947-04-17,,0,8494252,,,,,,,,,,,,,,,
412058,0083000,1,佐賀県,サガケン,Saga,,,,伊万里市,イマリシ,Imari-shi,,,,山代町久原,ヤマシロチョウクバラ,Yamashirocho Kubara,,,,,,,,0,0,0,0,0,0,1,1,1947-04-17,,0,8494256,,,,,,,,,,,,,,,
412058,0084000,1,佐賀県,サガケン,Saga,,,,伊万里市,イマリシ,Imari-shi,,,,山代町城,ヤマシロチョウジョウ,Yamashirocho Jo,,,,,,,,0,0,0,0,0,0,1,1,1947-04-17,,0,8494254,,,,,,,,,,,,,,,
412058,0085000,1,佐賀県,サガケン,Saga,,,,伊万里市,イマリシ,Imari-shi,,,,山代町立岩,ヤマシロチョウタチイワ,Yamashirocho Tachiiwa,,,,,,,,0,0,0,0,0,0,1,1,1947-04-17,,0,8494261,,,,,,,,,,,,,,,
412058,0086000,1,佐賀県,サガケン,Saga,,,,伊万里市,イマリシ,Imari-shi,,,,山代町西大久保,ヤマシロチョウニシオオクボ,Yamashirocho Nishiokubo,,,,,,,,0,0,0,0,0,0,1,1,1947-04-17,,0,8494263,,,,,,,,,,,,,,,
412058,0087000,1,佐賀県,サガケン,Saga,,,,伊万里市,イマリシ,Imari-shi,,,,山代町西分,ヤマシロチョウニシブン,Yamashirocho Nishibun,,,,,,,,0,0,0,0,0,0,1,1,1947-04-17,,0,8494262,,,,,,,,,,,,,,,
412058,0088000,1,佐賀県,サガケン,Saga,,,,伊万里市,イマリシ,Imari-shi,,,,山代町東分,ヤマシロチョウヒガシブン,Yamashirocho Higashibun,,,,,,,,0,0,0,0,0,0,1,1,1947-04-17,,0,8494264,,,,,,,,,,,,,,,
412058,0089000,1,佐賀県,サガケン,Saga,,,,伊万里市,イマリシ,Imari-shi,,,,山代町福川内,ヤマシロチョウフクガワチ,Yamashirocho Fukugawachi,,,,,,,,0,0,0,0,0,0,1,1,1947-04-17,,0,8494255,,,,,,,,,,,,,,,
412058,0090000,1,佐賀県,サガケン,Saga,,,,伊万里市,イマリシ,Imari-shi,,,,山代町峰,ヤマシロチョウミネ,Yamashirocho Mine,,,,,,,,0,0,0,0,0,0,1,1,1947-04-17,,0,8494253,,,,,,,,,,,,,,,
412058,0091000,1,佐賀県,サガケン,Saga,,,,伊万里市,イマリシ,Imari-shi,,,,脇田町,ワキダチョウ,Wakidacho,,,,,,,,0,0,0,0,0,0,1,1,1947-04-17,,0,8480028,,,,,,,,,,,,,,,
412058,0092000,1,佐賀県,サガケン,Saga,,,,伊万里市,イマリシ,Imari-shi,,,,伊万里町,イマリチヨウ,,,,,,,,,0,0,0,0,0,0,1,1,1947-04-17,,0,,,,,,,,,,,,,,,,
412058,0093000,1,佐賀県,サガケン,Saga,,,,伊万里市,イマリシ,Imari-shi,,,,大川内町,オオカワチチヨウ,,,,,,,,,0,0,0,0,0,0,1,1,1947-04-17,,0,,,,,,,,,,,,,,,,
412058,0094000,1,佐賀県,サガケン,Saga,,,,伊万里市,イマリシ,Imari-shi,,,,大坪町,オオツボチヨウ,,,,,,,,,0,0,0,0,0,0,1,1,1947-04-17,,0,,,,,,,,,,,,,,,,
412058,0095000,1,佐賀県,サガケン,Saga,,,,伊万里市,イマリシ,Imari-shi,,,,二里町大里,ニリチヨウオオザト,,,,,,,,,0,0,0,0,0,0,1,1,1947-04-17,,0,,,,,,,,,,,,,,,,
412058,0096000,1,佐賀県,サガケン,Saga,,,,伊万里市,イマリシ,Imari-shi,,,,二里町中里,ニリチヨウナカザト,,,,,,,,,0,0,0,0,0,0,1,1,1947-04-17,,0,,,,,,,,,,,,,,,,
412066,0001000,1,佐賀県,サガケン,Saga,,,,武雄市,タケオシ,Takeo-shi,,,,朝日町大字芦原,アサヒチョウオオアザアシハラ,,,,,,,,,0,0,0,0,0,0,1,1,1947-04-17,,0,,,*_*_*_*_*_MJ021561_*,,,,,,,,,,,,,
412066,0002000,1,佐賀県,サガケン,Saga,,,,武雄市,タケオシ,Takeo-shi,,,,朝日町大字甘久,アサヒチョウオオアザアマグ,,,,,,,,,0,0,0,0,0,0,1,1,1947-04-17,,0,,,,,,,,,,,,,,,,
412066,0003000,1,佐賀県,サガケン,Saga,,,,武雄市,タケオシ,Takeo-shi,,,,朝日町大字中野,アサヒチョウオオアザナカノ,,,,,,,,,0,0,0,0,0,0,1,1,1947-04-17,,0,,,,,,,,,,,,,,,,
412066,0004000,1,佐賀県,サガケン,Saga,,,,武雄市,タケオシ,Takeo-shi,,,,北方町大字芦原,キタガタチョウオオアザアシハラ,,,,,,,,,0,0,0,0,0,0,1,1,1947-04-17,,0,,,*_*_*_*_*_MJ021561_*,,,,,,,,,,,,,
412066,0006000,1,佐賀県,サガケン,Saga,,,,武雄市,タケオシ,Takeo-shi,,,,北方町大字大渡,キタガタチョウオオアザオオワタリ,,,,,,,,,0,0,0,0,0,0,1,1,1947-04-17,,0,,,,,,,,,,,,,,,,
412066,0007000,1,佐賀県,サガケン,Saga,,,,武雄市,タケオシ,Takeo-shi,,,,北方町大字志久,キタガタチョウオオアザシク,,,,,,,,,0,0,0,0,0,0,1,1,1947-04-17,,0,,,,,,,,,,,,,,,,
412066,0008000,1,佐賀県,サガケン,Saga,,,,武雄市,タケオシ,Takeo-shi,,,,武内町大字梅野,タケウチチョウオオアザウメノ,,,,,,,,,0,0,0,0,0,0,1,1,1947-04-17,,0,,,,,,,,,,,,,,,,
412066,0009000,1,佐賀県,サガケン,Saga,,,,武雄市,タケオシ,Takeo-shi,,,,武内町大字真手野,タケウチチョウオオアザマテノ,,,,,,,,,0,0,0,0,0,0,1,1,1947-04-17,,0,,,,,,,,,,,,,,,,
412066,0010000,1,佐賀県,サガケン,Saga,,,,武雄市,タケオシ,Takeo-shi,,,,武雄町大字昭和,タケオチョウオオアザショウワ,,,,,,,,,0,0,0,0,0,0,1,1,1947-04-17,,0,,,,,,,,,,,,,,,,
412066,0011000,1,佐賀県,サガケン,Saga,,,,武雄市,タケオシ,Takeo-shi,,,,武雄町大字武雄,タケオチョウオオアザタケオ,,,,,,,,,0,0,0,0,0,0,1,1,1947-04-17,,0,,,,,,,,,,,,,,,,
412066,0012000,1,佐賀県,サガケン,Saga,,,,武雄市,タケオシ,Takeo-shi,,,,武雄町大字富岡,タケオチョウオオアザトミオカ,,,,,,,,,0,0,0,0,0,0,1,1,1947-04-17,,0,,,,,,,,,,,,,,,,
412066,0013000,1,佐賀県,サガケン,Saga,,,,武雄市,タケオシ,Takeo-shi,,,,武雄町大字永島,タケオチョウオオアザナガシマ,,,,,,,,,0,0,0,0,0,0,1,1,1947-04-17,,0,,,,,,,,,,,,,,,,
412066,0014000,1,佐賀県,サガケン,Saga,,,,武雄市,タケオシ,Takeo-shi,,,,橘町大字芦原,タチバナチョウオオアザアシハラ,,,,,,,,,0,0,0,0,0,0,1,1,1947-04-17,,0,,,*_*_*_*_MJ021561_*,,,,,,,,,,,,,
412066,0015000,1,佐賀県,サガケン,Saga,,,,武雄市,タケオシ,Takeo-shi,,,,橘町大字片白,タチバナチョウオオアザカタジロ,,,,,,,,,0,0,0,0,0,0,1,1,1947-04-17,,0,,,,,,,,,,,,,,,,
412066,0016000,1,佐賀県,サガケン,Saga,,,,武雄市,タケオシ,Takeo-shi,,,,橘町大字大日,タチバナチョウオオアザダイニチ,,,,,,,,,0,0,0,0,0,0,1,1,1947-04-17,,0,,,,,,,,,,,,,,,,
412066,0017000,1,佐賀県,サガケン,Saga,,,,武雄市,タケオシ,Takeo-shi,,,,橘町大字永島,タチバナチョウオオアザナガシマ,,,,,,,,,0,0,0,0,0,0,1,1,1947-04-17,,0,,,,,,,,,,,,,,,,
412066,0018000,1,佐賀県,サガケン,Saga,,,,武雄市,タケオシ,Takeo-shi,,,,西川登町大字小田志,ニシカワノボリチョウオオアザコタジ,,,,,,,,,0,0,0,0,0,0,1,1,1947-04-17,,0,,,,,,,,,,,,,,,,
412066,0019000,1,佐賀県,サガケン,Saga,,,,武雄市,タケオシ,Takeo-shi,,,,西川登町大字神六,ニシカワノボリチョウオオアザジンロク,,,,,,,,,0,0,0,0,0,0,1,1,1947-04-17,,0,,,,,,,,,,,,,,,,
412066,0020000,1,佐賀県,サガケン,Saga,,,,武雄市,タケオシ,Takeo-shi,,,,東川登町大字永野,ヒガシカワノボリチョウオオアザナガノ,,,,,,,,,0,0,0,0,0,0,1,1,1947-04-17,,0,,,,,,,,,,,,,,,,
412066,0021000,1,佐賀県,サガケン,Saga,,,,武雄市,タケオシ,Takeo-shi,,,,東川登町大字袴野,ヒガシカワノボリチョウオオアザハカマノ,,,,,,,,,0,0,0,0,0,0,1,1,1947-04-17,,0,,,,,,,,,,,,,,,,
412066,0022000,1,佐賀県,サガケン,Saga,,,,武雄市,タケオシ,Takeo-shi,,,,山内町大字犬走,ヤマウチチョウオオアザイヌバシリ,,,,,,,,,0,0,0,0,0,0,1,1,1947-04-17,,0,,,,,,,,,,,,,,,,
412066,0023000,1,佐賀県,サガケン,Saga,,,,武雄市,タケオシ,Takeo-shi,,,,山内町大字大野,ヤマウチチョウオオアザオオノ,,,,,,,,,0,0,0,0,0,0,1,1,1947-04-17,,0,,,,,,,,,,,,,,,,
412066,0024000,1,佐賀県,サガケン,Saga,,,,武雄市,タケオシ,Takeo-shi,,,,山内町大字鳥海,ヤマウチチョウオオアザトノミ,,,,,,,,,0,0,0,0,0,0,1,1,1947-04-17,,0,,,,,,,,,,,,,,,,
412066,0025000,1,佐賀県,サガケン,Saga,,,,武雄市,タケオシ,Takeo-shi,,,,山内町大字三間坂,ヤマウチチョウオオアザミマサカ,,,,,,,,,0,0,0,0,0,0,1,1,1947-04-17,,0,,,,,,,,,,,,,,,,
412066,0026000,1,佐賀県,サガケン,Saga,,,,武雄市,タケオシ,Takeo-shi,,,,山内町大字宮野,ヤマウチチョウオオアザミヤノ,,,,,,,,,0,0,0,0,0,0,1,1,1947-04-17,,0,,,,,,,,,,,,,,,,
412066,0027000,1,佐賀県,サガケン,Saga,,,,武雄市,タケオシ,Takeo-shi,,,,若木町大字川古,ワカキチョウオオアザカワゴ,,,,,,,,,0,0,0,0,0,0,1,1,1947-04-17,,0,,,,,,,,,,,,,,,,
412066,0028000,1,佐賀県,サガケン,Saga,,,,武雄市,タケオシ,Takeo-shi,,,,若木町大字本部,ワカキチョウオオアザモトベ,,,,,,,,,0,0,0,0,0,0,1,1,1947-04-17,,0,,,,,,,,,,,,,,,,
412066,0029000,1,佐賀県,サガケン,Saga,,,,武雄市,タケオシ,Takeo-shi,,,,若木町大字桃川,ワカキチョウオオアザモモノカワ,,,,,,,,,0,0,0,0,0,0,1,1,1947-04-17,,0,,,,,,,,,,,,,,,,
412066,0048000,1,佐賀県,サガケン,Saga,,,,武雄市,タケオシ,Takeo-shi,,,,北方町大字大﨑,キタガタチョウオオアザオオサキ,,,,,,,,,0,0,0,0,0,0,1,0,1947-04-17,,1,,,,,,,,,,,,,,,,
412066,0049000,1,佐賀県,サガケン,Saga,,,,武雄市,タケオシ,Takeo-shi,,,,山内町大字三間坂乙,ヤマウチチョウオオアザミマサカオツ,,,,,,,,,0,0,0,0,0,0,1,0,1947-04-17,,1,,,,,,,,,,,,,,,,
412066,0050000,1,佐賀県,サガケン,Saga,,,,武雄市,タケオシ,Takeo-shi,,,,山内町大字三間坂甲,ヤマウチチョウオオアザミマサカコウ,,,,,,,,,0,0,0,0,0,0,1,0,1947-04-17,,1,,,,,,,,,,,,,,,,
412066,0051000,1,佐賀県,サガケン,Saga,,,,武雄市,タケオシ,Takeo-shi,,,,山内町大字大野甲,ヤマウチチョウオオアザオオノコウ,,,,,,,,,0,0,0,0,0,0,1,0,1947-04-17,,1,,,,,,,,,,,,,,,,
412066,0052000,1,佐賀県,サガケン,Saga,,,,武雄市,タケオシ,Takeo-shi,,,,武内町大字梅野乙,タケウチチョウオオアザウメノオツ,,,,,,,,,0,0,0,0,0,0,1,0,1947-04-17,,1,,,,,,,,,,,,,,,,
412074,0001146,3,佐賀県,サガケン,Saga,,,,鹿島市,カシマシ,Kashima-shi,,,,大字飯田,オオアザイイダ,,,,,丙,ヘイ,,,0,0,0,0,0,0,1,0,1947-04-17,,1,,,,,,,,,,,,,,,,
412074,0001147,3,佐賀県,サガケン,Saga,,,,鹿島市,カシマシ,Kashima-shi,,,,大字飯田,オオアザイイダ,,,,,乙,オツ,,,0,0,0,0,0,0,1,0,1947-04-17,,1,,,,,,,,,,,,,,,,
412074,0001148,3,佐賀県,サガケン,Saga,,,,鹿島市,カシマシ,Kashima-shi,,,,大字飯田,オオアザイイダ,,,,,甲,コウ,,,0,0,0,0,0,0,1,0,1947-04-17,,1,,,,,,,,,,,,,,,,
412074,0002000,1,佐賀県,サガケン,Saga,,,,鹿島市,カシマシ,Kashima-shi,,,,大字井手,オオアザイデ,Ide,,,,,,,,0,0,0,0,0,0,1,1,1947-04-17,,0,8491302,,,,,,,,,,,,,,,
412074,0003000,1,佐賀県,サガケン,Saga,,,,鹿島市,カシマシ,Kashima-shi,,,,大字音成,オオアザオトナリ,Otonari,,,,,,,,0,0,0,0,0,0,1,1,1947-04-17,,0,8491323,,,,,,,,,,,,,,,
412074,0003229,3,佐賀県,サガケン,Saga,,,,鹿島市,カシマシ,Kashima-shi,,,,大字音成,オオアザオトナリ,,,,,丁,テイ,,,0,0,0,0,0,0,1,0,1947-04-17,,1,,,,,,,,,,,,,,,,
412074,0003230,3,佐賀県,サガケン,Saga,,,,鹿島市,カシマシ,Kashima-shi,,,,大字音成,オオアザオトナリ,,,,,丙,ヘイ,,,0,0,0,0,0,0,1,0,1947-04-17,,1,,,,,,,,,,,,,,,,
412074,0003231,3,佐賀県,サガケン,Saga,,,,鹿島市,カシマシ,Kashima-shi,,,,大字音成,オオアザオトナリ,,,,,乙,オツ,,,0,0,0,0,0,0,1,0,1947-04-17,,1,,,,,,,,,,,,,,,,
412074,0003232,3,佐賀県,サガケン,Saga,,,,鹿島市,カシマシ,Kashima-shi,,,,大字音成,オオアザオトナリ,,,,,戊,ボ,,,0,0,0,0,0,0,1,0,1947-04-17,,1,,,,,,,,,,,,,,,,
412074,0003233,3,佐賀県,サガケン,Saga,,,,鹿島市,カシマシ,Kashima-shi,,,,大字音成,オオアザオトナリ,,,,,甲,コウ,,,0,0,0,0,0,0,1,0,1947-04-17,,1,,,,,,,,,,,,,,,,
412074,0004136,3,佐賀県,サガケン,Saga,,,,鹿島市,カシマシ,Kashima-shi,,,,大字重ノ木,オオアザジュウノキ,,,,,乙,オツ,,,0,0,0,0,0,0,1,0,1947-04-17,,1,,,,,,,,,,,,,,,,
412074,0004137,3,佐賀県,サガケン,Saga,,,,鹿島市,カシマシ,Kashima-shi,,,,大字重ノ木,オオアザジュウノキ,,,,,甲,コウ,,,0,0,0,0,0,0,1,0,1947-04-17,,1,,,,,,,,,,,,,,,,
412074,0005000,1,佐賀県,サガケン,Saga,,,,鹿島市,カシマシ,Kashima-shi,,,,大字高津原,オオアザタカツハラ,Takatsuhara,,,,,,,,0,0,0,0,0,0,1,1,1947-04-17,,0,8491311,,,,,,,,,,,,,,,
412074,0006000,1,佐賀県,サガケン,Saga,,,,鹿島市,カシマシ,Kashima-shi,,,,大字常広,オオアザツネヒロ,Tsunehiro,,,,,,,,0,0,0,0,0,0,1,1,1947-04-17,,0,8491301,,,,,,,,,,,,,,,
412074,0007000,1,佐賀県,サガケン,Saga,,,,鹿島市,カシマシ,Kashima-shi,,,,大字中村,オオアザナカムラ,Nakamura,,,,,,,,0,0,0,0,0,0,1,1,1947-04-17,,0,8491304,,,,,,,,,,,,,,,
412074,0008000,1,佐賀県,サガケン,Saga,,,,鹿島市,カシマシ,Kashima-shi,,,,大字納富分,オオアザノウドミブン,Nodomibun,,,,,,,,0,0,0,0,0,0,1,1,1947-04-17,,0,8491312,,,,,,,,,,,,,,,
412074,0008110,3,佐賀県,サガケン,Saga,,,,鹿島市,カシマシ,Kashima-shi,,,,大字納富分,オオアザノウドミブン,Nodomibun,,,,字菊園,アザキクゾノ,,,0,0,0,0,0,0,1,1,1947-04-17,,0,,,,,,,,,,,,,,,,
412074,0008119,3,佐賀県,サガケン,Saga,,,,鹿島市,カシマシ,Kashima-shi,,,,大字納富分,オオアザノウドミブン,Nodomibun,,,,字銀鋳堂,アザギネドウ,,,0,0,0,0,0,0,1,1,1947-04-17,,0,,,,,,,,,,,,,,,,
412074,0008131,3,佐賀県,サガケン,Saga,,,,鹿島市,カシマシ,Kashima-shi,,,,大字納富分,オオアザノウドミブン,Nodomibun,,,,字新篭,アザシンゴモリ,,,0,0,0,0,0,0,1,1,1947-04-17,,0,,,,,,,,,,,,,,,,
412074,0008138,3,佐賀県,サガケン,Saga,,,,鹿島市,カシマシ,Kashima-shi,,,,大字納富分,オオアザノウドミブン,Nodomibun,,,,字大篭,アザオオゴモリ,,,0,0,0,0,0,0,1,1,1947-04-17,,0,,,,,,,,,,,,,,,,
412074,0008145,3,佐賀県,サガケン,Saga,,,,鹿島市,カシマシ,Kashima-shi,,,,大字納富分,オオアザノウドミブン,Nodomibun,,,,字長円,アザチヨウエン,,,0,0,0,0,0,0,1,1,1947-04-17,,0,,,,,,,,,,,,,,,,
412074,0008165,3,佐賀県,サガケン,Saga,,,,鹿島市,カシマシ,Kashima-shi,,,,大字納富分,オオアザノウドミブン,,,,,乙,オツ,,,0,0,0,0,0,0,1,0,1947-04-17,,1,,,,,,,,,,,,,,,,
412074,0008166,3,佐賀県,サガケン,Saga,,,,鹿島市,カシマシ,Kashima-shi,,,,大字納富分,オオアザノウドミブン,,,,,甲,コウ,,,0,0,0,0,0,0,1,0,1947-04-17,,1,,,,,,,,,,,,,,,,
412074,0009217,3,佐賀県,サガケン,Saga,,,,鹿島市,カシマシ,Kashima-shi,,,,大字三河内,オオアザミカワチ,,,,,丁,テイ,,,0,0,0,0,0,0,1,0,1947-04-17,,1,,,,,,,,,,,,,,,,
412074,0009218,3,佐賀県,サガケン,Saga,,,,鹿島市,カシマシ,Kashima-shi,,,,大字三河内,オオアザミカワチ,,,,,丙,ヘイ,,,0,0,0,0,0,0,1,0,1947-04-17,,1,,,,,,,,,,,,,,,,
412074,0009219,3,佐賀県,サガケン,Saga,,,,鹿島市,カシマシ,Kashima-shi,,,,大字三河内,オオアザミカワチ,,,,,乙,オツ,,,0,0,0,0,0,0,1,0,1947-04-17,,1,,,,,,,,,,,,,,,,
412074,0009220,3,佐賀県,サガケン,Saga,,,,鹿島市,カシマシ,Kashima-shi,,,,大字三河内,オオアザミカワチ,,,,,己,ミ,,,0,0,0,0,0,0,1,0,1947-04-17,,1,,,,,,,,,,,,,,,,
412074,0009221,3,佐賀県,サガケン,Saga,,,,鹿島市,カシマシ,Kashima-shi,,,,大字三河内,オオアザミカワチ,,,,,戊,ボ,,,0,0,0,0,0,0,1,0,1947-04-17,,1,,,,,,,,,,,,,,,,
412074,0009222,3,佐賀県,サガケン,Saga,,,,鹿島市,カシマシ,Kashima-shi,,,,大字三河内,オオアザミカワチ,,,,,甲,コウ,,,0,0,0,0,0,0,1,0,1947-04-17,,1,,,,,,,,,,,,,,,,
412074,0010000,1,佐賀県,サガケン,Saga,,,,鹿島市,カシマシ,Kashima-shi,,,,大字森,オオアザモリ,Mori,,,,,,,,0,0,0,0,0,0,1,1,1947-04-17,,0,8491303,,,,,,,,,,,,,,,
412074,0011211,3,佐賀県,サガケン,Saga,,,,鹿島市,カシマシ,Kashima-shi,,,,大字山浦,オオアザヤマウラ,,,,,丁,テイ,,,0,0,0,0,0,0,1,0,1947-04-17,,1,,,,,,,,,,,,,,,,
412074,0011212,3,佐賀県,サガケン,Saga,,,,鹿島市,カシマシ,Kashima-shi,,,,大字山浦,オオアザヤマウラ,,,,,丙,ヘイ,,,0,0,0,0,0,0,1,0,1947-04-17,,1,,,,,,,,,,,,,,,,
412074,0011213,3,佐賀県,サガケン,Saga,,,,鹿島市,カシマシ,Kashima-shi,,,,大字山浦,オオアザヤマウラ,,,,,乙,オツ,,,0,0,0,0,0,0,1,0,1947-04-17,,1,,,,,,,,,,,,,,,,
412074,0011214,3,佐賀県,サガケン,Saga,,,,鹿島市,カシマシ,Kashima-shi,,,,大字山浦,オオアザヤマウラ,,,,,戊,ボ,,,0,0,0,0,0,0,1,0,1947-04-17,,1,,,,,,,,,,,,,,,,
412074,0011215,3,佐賀県,サガケン,Saga,,,,鹿島市,カシマシ,Kashima-shi,,,,大字山浦,オオアザヤマウラ,,,,,甲,コウ,,,0,0,0,0,0,0,1,0,1947-04-17,,1,,,,,,,,,,,,,,,,
412074,0012000,1,佐賀県,サガケン,Saga,,,,鹿島市,カシマシ,Kashima-shi,,,,浜町,ハママチ,Hamamachi,,,,,,,,0,0,0,0,0,0,1,1,1947-04-17,,0,8491322,,,,,,,,,,,,,,,
412074,0012105,3,佐賀県,サガケン,Saga,,,,鹿島市,カシマシ,Kashima-shi,,,,浜町,ハママチ,Hamamachi,,,,字岡山,アザオカヤマ,,,0,0,0,0,0,0,1,1,1947-04-17,,0,,,,,,,,,,,,,,,,
412074,0012106,3,佐賀県,サガケン,Saga,,,,鹿島市,カシマシ,Kashima-shi,,,,浜町,ハママチ,Hamamachi,,,,字開浦,アザヒラキウラ,,,0,0,0,0,0,0,1,1,1947-04-17,,0,,,,,,,,,,,,,,,,
412074,0012108,3,佐賀県,サガケン,Saga,,,,鹿島市,カシマシ,Kashima-shi,,,,浜町,ハママチ,Hamamachi,,,,字開篭,アザヒラキゴモリ,,,0,0,0,0,0,0,1,1,1947-04-17,,0,,,,,,,,,,,,,,,,
412074,0012112,3,佐賀県,サガケン,Saga,,,,鹿島市,カシマシ,Kashima-shi,,,,浜町,ハママチ,Hamamachi,,,,字岩岡,アザイワオカ,,,0,0,0,0,0,0,1,1,1947-04-17,,0,,,,,,,,,,,,,,,,
412074,0012113,3,佐賀県,サガケン,Saga,,,,鹿島市,カシマシ,Kashima-shi,,,,浜町,ハママチ,Hamamachi,,,,字吉村,アザヨシムラ,,,0,0,0,0,0,0,1,1,1947-04-17,,0,,,,,,,,,,,,,,,,
412074,0012131,3,佐賀県,サガケン,Saga,,,,鹿島市,カシマシ,Kashima-shi,,,,浜町,ハママチ,Hamamachi,,,,字小寺篭,アザコデラゴモリ,,,0,0,0,0,0,0,1,1,1947-04-17,,0,,,,,,,,,,,,,,,,
412074,0012133,3,佐賀県,サガケン,Saga,,,,鹿島市,カシマシ,Kashima-shi,,,,浜町,ハママチ,Hamamachi,,,,字松岡,アザマツオカ,,,0,0,0,0,0,0,1,1,1947-04-17,,0,,,,,,,,,,,,,,,,
412074,0012145,3,佐賀県,サガケン,Saga,,,,鹿島市,カシマシ,Kashima-shi,,,,浜町,ハママチ,Hamamachi,,,,字西葉篭,アザサエゴモリ,,,0,0,0,0,0,0,1,1,1947-04-17,,0,,,,,,,,,,,,,,,,
412074,0012155,3,佐賀県,サガケン,Saga,,,,鹿島市,カシマシ,Kashima-shi,,,,浜町,ハママチ,Hamamachi,,,,字中篭,アザナカゴモリ,,,0,0,0,0,0,0,1,1,1947-04-17,,0,,,,,,,,,,,,,,,,
412074,0012158,3,佐賀県,サガケン,Saga,,,,鹿島市,カシマシ,Kashima-shi,,,,浜町,ハママチ,Hamamachi,,,,字町裏篭,アザマチウラゴモリ,,,0,0,0,0,0,0,1,1,1947-04-17,,0,,,,,,,,,,,,,,,,
412074,0012174,3,佐賀県,サガケン,Saga,,,,鹿島市,カシマシ,Kashima-shi,,,,浜町,ハママチ,Hamamachi,,,,字浜崎篭,アザハマサキゴモリ,,,0,0,0,0,0,0,1,1,1947-04-17,,0,,,,,,,,,,,,,,,,
412074,0012175,3,佐賀県,サガケン,Saga,,,,鹿島市,カシマシ,Kashima-shi,,,,浜町,ハママチ,Hamamachi,,,,字福吉,アザフクヨシ,,,0,0,0,0,0,0,1,1,1947-04-17,,0,,,,,,,,,,,,,,,,
412074,0012182,3,佐賀県,サガケン,Saga,,,,鹿島市,カシマシ,Kashima-shi,,,,浜町,ハママチ,Hamamachi,,,,字北舟津,アザキタフナツ,,,0,0,0,0,0,0,1,1,1947-04-17,,0,,,,,,,,,,,,,,,,
412074,0012187,3,佐賀県,サガケン,Saga,,,,鹿島市,カシマシ,Kashima-shi,,,,浜町,ハママチ,Hamamachi,,,,字嶽山,アザタケヤマ,,,0,0,0,0,0,0,1,1,1947-04-17,,0,,,,,,,,,,,,,,,,
412074,0012188,3,佐賀県,サガケン,Saga,,,,鹿島市,カシマシ,Kashima-shi,,,,浜町,ハママチ,,,,,乙,オツ,,,0,0,0,0,0,0,1,0,1947-04-17,,1,,,,,,,,,,,,,,,,
412074,0012189,3,佐賀県,サガケン,Saga,,,,鹿島市,カシマシ,Kashima-shi,,,,浜町,ハママチ,,,,,甲,コウ,,,0,0,0,0,0,0,1,0,1947-04-17,,1,,,,,,,,,,,,,,,,
412074,0013164,3,佐賀県,サガケン,Saga,,,,鹿島市,カシマシ,Kashima-shi,,,,古枝,フルエダ,,,,,乙,オツ,,,0,0,0,0,0,0,1,0,1947-04-17,,1,,,,,,,,,,,,,,,,
412074,0013165,3,佐賀県,サガケン,Saga,,,,鹿島市,カシマシ,Kashima-shi,,,,古枝,フルエダ,,,,,甲,コウ,,,0,0,0,0,0,0,1,0,1947-04-17,,1,,,,,,,,,,,,,,,,
412082,0001000,1,佐賀県,サガケン,Saga,,,,小城市,オギシ,Ogi-shi,,,,芦刈町芦溝,アシカリチョウアシミゾ,Ashikaricho Ashimizo,,,,,,,,0,0,0,0,0,0,1,1,1947-04-17,,0,8490311,,MJ021561_*_*_MJ021561_*,,,,,,,,,,,,,
412082,0002000,1,佐賀県,サガケン,Saga,,,,小城市,オギシ,Ogi-shi,,,,芦刈町下古賀,アシカリチョウシモコガ,Ashikaricho Shimokoga,,,,,,,,0,0,0,0,0,0,1,1,1947-04-17,,0,8490312,,MJ021561_*_*_*_*_*,,,,,,,,,,,,,
412082,0003000,1,佐賀県,サガケン,Saga,,,,小城市,オギシ,Ogi-shi,,,,芦刈町道免,アシカリチョウドウメ,Ashikaricho Dome,,,,,,,,0,0,0,0,0,0,1,1,1947-04-17,,0,8490316,,MJ021561_*_*_*_*,,,,,,,,,,,,,
412082,0004000,1,佐賀県,サガケン,Saga,,,,小城市,オギシ,Ogi-shi,,,,芦刈町永田,アシカリチョウナガタ,Ashikaricho Nagata,,,,,,,,0,0,0,0,0,0,1,1,1947-04-17,,0,8490313,,MJ021561_*_*_*_*,,,,,,,,,,,,,
412082,0005000,1,佐賀県,サガケン,Saga,,,,小城市,オギシ,Ogi-shi,,,,芦刈町浜枝川,アシカリチョウハマエダガワ,Ashikaricho Hamaedagawa,,,,,,,,0,0,0,0,0,0,1,1,1947-04-17,,0,8490315,,MJ021561_*_*_*_*_*,,,,,,,,,,,,,
412082,0006000,1,佐賀県,サガケン,Saga,,,,小城市,オギシ,Ogi-shi,,,,芦刈町三王崎,アシカリチョウミオウザキ,Ashikaricho Miozaki,,,,,,,,0,0,0,0,0,0,1,1,1947-04-17,,0,8490314,,MJ021561_*_*_*_*_*,,,,,,,,,,,,,
412082,0007000,1,佐賀県,サガケン,Saga,,,,小城市,オギシ,Ogi-shi,,,,牛津町牛津,ウシヅチョウウシヅ,Ushizucho Ushizu,,,,,,,,0,0,0,0,0,0,1,1,1947-04-17,,0,8490303,,,,,,,,,,,,,,,
412082,0008000,1,佐賀県,サガケン,Saga,,,,小城市,オギシ,Ogi-shi,,,,牛津町乙柳,ウシヅチョウオトヤナギ,Ushizucho Otoyanagi,,,,,,,,0,0,0,0,0,0,1,1,1947-04-17,,0,8490301,,,,,,,,,,,,,,,
412082,0009000,1,佐賀県,サガケン,Saga,,,,小城市,オギシ,Ogi-shi,,,,牛津町柿樋瀬,ウシヅチョウカキヒセ,Ushizucho Kakihise,,,,,,,,0,0,0,0,0,0,1,1,1947-04-17,,0,8490302,,*_*_*_*_MJ014416_*,,,,,,,,,,,,,
412082,0010000,1,佐賀県,サガケン,Saga,,,,小城市,オギシ,Ogi-shi,,,,牛津町勝,ウシヅチョウカツ,Ushizucho Katsu,,,,,,,,0,0,0,0,0,0,1,1,1947-04-17,,0,8490306,,,,,,,,,,,,,,,
412082,0011000,1,佐賀県,サガケン,Saga,,,,小城市,オギシ,Ogi-shi,,,,牛津町上砥川,ウシヅチョウカミトガワ,Ushizucho Kamitogawa,,,,,,,,0,0,0,0,0,0,1,1,1947-04-17,,0,8490305,,,,,,,,,,,,,,,
412082,0012000,1,佐賀県,サガケン,Saga,,,,小城市,オギシ,Ogi-shi,,,,牛津町下砥川,ウシヅチョウシモトガワ,Ushizucho Shimotogawa,,,,,,,,0,0,0,0,0,0,1,1,1947-04-17,,0,8490304,,,,,,,,,,,,,,,
412082,0013000,1,佐賀県,サガケン,Saga,,,,小城市,オギシ,Ogi-shi,,,,小城町,オギマチ,Ogimachi,,,,,,,,0,0,0,0,0,0,1,0,1947-04-17,,0,8450001,,,,,,,,,,,,,,,
412082,0013101,3,佐賀県,サガケン,Saga,,,,小城市,オギシ,Ogi-shi,,,,小城町,オギマチ,Ogimachi,,,,字朝日町,アザアサヒマチ,,,0,0,0,0,0,0,1,1,1947-04-17,,0,,,,,,,,,,,,,,,,
412082,0013102,3,佐賀県,サガケン,Saga,,,,小城市,オギシ,Ogi-shi,,,,小城町,オギマチ,Ogimachi,,,,字岡町,アザオカマチ,,,0,0,0,0,0,0,1,1,1947-04-17,,0,,,,,,,,,,,,,,,,
412082,0013104,3,佐賀県,サガケン,Saga,,,,小城市,オギシ,Ogi-shi,,,,小城町,オギマチ,Ogimachi,,,,字下町,アザシモマチ,,,0,0,0,0,0,0,1,1,1947-04-17,,0,,,,,,,,,,,,,,,,
412082,0013107,3,佐賀県,サガケン,Saga,,,,小城市,オギシ,Ogi-shi,,,,小城町,オギマチ,Ogimachi,,,,自在,ジザイ,,,0,0,0,0,0,0,1,1,1947-04-17,,0,,,,,,,,,,,,,,,,
412082,0013108,3,佐賀県,サガケン,Saga,,,,小城市,オギシ,Ogi-shi,,,,小城町,オギマチ,Ogimachi,,,,字上町,アザカミマチ,,,0,0,0,0,0,0,1,1,1947-04-17,,0,,,,,,,,,,,,,,,,
412082,0013110,3,佐賀県,サガケン,Saga,,,,小城市,オギシ,Ogi-shi,,,,小城町,オギマチ,Ogimachi,,,,字正徳町,アザシヨウトクマチ,,,0,0,0,0,0,0,1,1,1947-04-17,,0,,,,,,,,,,,,,,,,
412082,0013111,3,佐賀県,サガケン,Saga,,,,小城市,オギシ,Ogi-shi,,,,小城町,オギマチ,Ogimachi,,,,字西小路,アザニシコウジ,,,0,0,0,0,0,0,1,1,1947-04-17,,0,,,,,,,,,,,,,,,,
412082,0013112,3,佐賀県,サガケン,Saga,,,,小城市,オギシ,Ogi-shi,,,,小城町,オギマチ,Ogimachi,,,,字大手町,アザオオテマチ,,,0,0,0,0,0,0,1,1,1947-04-17,,0,,,,,,,,,,,,,,,,
412082,0013113,3,佐賀県,サガケン,Saga,,,,小城市,オギシ,Ogi-shi,,,,小城町,オギマチ,Ogimachi,,,,字中町,アザナカマチ,,,0,0,0,0,0,0,1,1,1947-04-17,,0,,,,,,,,,,,,,,,,
412082,0013114,3,佐賀県,サガケン,Saga,,,,小城市,オギシ,Ogi-shi,,,,小城町,オギマチ,Ogimachi,,,,天神,テンジン,,,0,0,0,0,0,0,1,1,1947-04-17,,0,,,,,,,,,,,,,,,,
412082,0013116,3,佐賀県,サガケン,Saga,,,,小城市,オギシ,Ogi-shi,,,,小城町,オギマチ,Ogimachi,,,,廿地,ハタチ,,,0,0,0,0,0,0,1,1,1947-04-17,,0,,,,,,,,,,,,,,,,
412082,0013117,3,佐賀県,サガケン,Saga,,,,小城市,オギシ,Ogi-shi,,,,小城町,オギマチ,Ogimachi,,,,字蛭子町,アザエビスマチ,,,0,0,0,0,0,0,1,1,1947-04-17,,0,,,,,,,,,,,,,,,,
412082,0013123,3,佐賀県,サガケン,Saga,,,,小城市,オギシ,Ogi-shi,,,,小城町,オギマチ,Ogimachi,,,,字布施ヶ里古町二角,アザフセガリフルマチニカク,,,0,0,0,0,0,0,1,1,1947-04-17,,0,,,,,,,,,,,,,,,,
412082,0013126,3,佐賀県,サガケン,Saga,,,,小城市,オギシ,Ogi-shi,,,,小城町,オギマチ,Ogimachi,,,,布施ヶ里二角,フセガリニカク,,,0,0,0,0,0,0,1,1,1947-04-17,,0,,,,,,,,,,,,,,,,
412082,0013127,3,佐賀県,サガケン,Saga,,,,小城市,オギシ,Ogi-shi,,,,小城町,オギマチ,Ogimachi,,,,字北小路,アザキタコウジ,,,0,0,0,0,0,0,1,1,1947-04-17,,0,,,,,,,,,,,,,,,,
412082,0014000,1,佐賀県,サガケン,Saga,,,,小城市,オギシ,Ogi-shi,,,,小城町池上,オギマチイケノウエ,Ogimachi Ikenoe,,,,,,,,0,0,0,0,0,0,1,1,1947-04-17,,0,8450012,,,,,,,,,,,,,,,
412082,0015000,1,佐賀県,サガケン,Saga,,,,小城市,オギシ,Ogi-shi,,,,小城町岩蔵,オギマチイワクラ,Ogimachi Iwakura,,,,,,,,0,0,0,0,0,0,1,1,1947-04-17,,0,8450003,,,,,,,,,,,,,,,
412082,0016000,1,佐賀県,サガケン,Saga,,,,小城市,オギシ,Ogi-shi,,,,小城町栗原,オギマチクリハラ,Ogimachi Kurihara,,,,,,,,0,0,0,0,0,0,1,1,1947-04-17,,0,8450013,,,,,,,,,,,,,,,
412082,0017000,1,佐賀県,サガケン,Saga,,,,小城市,オギシ,Ogi-shi,,,,小城町畑田,オギマチハタケダ,Ogimachi Hatakeda,,,,,,,,0,0,0,0,0,0,1,1,1947-04-17,,0,8450002,,,,,,,,,,,,,,,
412082,0018000,1,佐賀県,サガケン,Saga,,,,小城市,オギシ,Ogi-shi,,,,小城町晴気,オギマチハルケ,Ogimachi Haruke,,,,,,,,0,0,0,0,0,0,1,1,1947-04-17,,0,8450014,,,,,,,,,,,,,,,
412082,0019000,1,佐賀県,サガケン,Saga,,,,小城市,オギシ,Ogi-shi,,,,小城町船田,オギマチフナダ,Ogimachi Funada,,,,,,,,0,0,0,0,0,0,1,1,1947-04-17,,0,8450011,,,,,,,,,,,,,,,
412082,0020000,1,佐賀県,サガケン,Saga,,,,小城市,オギシ,Ogi-shi,,,,小城町松尾,オギマチマツオ,Ogimachi Matsuo,,,,,,,,0,0,0,0,0,0,1,1,1947-04-17,,0,8450004,,,,,,,,,,,,,,,
412082,0021000,1,佐賀県,サガケン,Saga,,,,小城市,オギシ,Ogi-shi,,,,三日月町石木,ミカツキチョウイシキ,Mikatsukicho Ishiki,,,,,,,,0,0,0,0,0,0,1,1,1947-04-17,,0,8450035,,,,,,,,,,,,,,,
412082,0022000,1,佐賀県,サガケン,Saga,,,,小城市,オギシ,Ogi-shi,,,,三日月町織島,ミカツキチョウオリシマ,Mikatsukicho Orishima,,,,,,,,0,0,0,0,0,0,1,1,1947-04-17,,0,8450023,,,,,,,,,,,,,,,
412082,0023000,1,佐賀県,サガケン,Saga,,,,小城市,オギシ,Ogi-shi,,,,三日月町金田,ミカツキチョウカナダ,Mikatsukicho Kanada,,,,,,,,0,0,0,0,0,0,1,1,1947-04-17,,0,8450032,,,,,,,,,,,,,,,
412082,0024000,1,佐賀県,サガケン,Saga,,,,小城市,オギシ,Ogi-shi,,,,三日月町久米,ミカツキチョウクメ,Mikatsukicho Kume,,,,,,,,0,0,0,0,0,0,1,1,1947-04-17,,0,8450022,,,,,,,,,,,,,,,
412082,0025000,1,佐賀県,サガケン,Saga,,,,小城市,オギシ,Ogi-shi,,,,三日月町甲柳原,ミカツキチョウコウヤナギハラ,Mikatsukicho Koyanagihara,,,,,,,,0,0,0,0,0,0,1,1,1947-04-17,,0,8450034,,,,,,,,,,,,,,,
412082,0026000,1,佐賀県,サガケン,Saga,,,,小城市,オギシ,Ogi-shi,,,,三日月町長神田,ミカツキチョウチョウカンダ,Mikatsukicho Chokanda,,,,,,,,0,0,0,0,0,0,1,1,1947-04-17,,0,8450021,,,,,,,,,,,,,,,
412082,0027000,1,佐賀県,サガケン,Saga,,,,小城市,オギシ,Ogi-shi,,,,三日月町樋口,ミカツキチョウヒグチ,Mikatsukicho Higuchi,,,,,,,,0,0,0,0,0,0,1,1,1947-04-17,,0,8450033,,*_*_*_*_MJ014416_*,,,,,,,,,,,,,
412082,0028000,1,佐賀県,サガケン,Saga,,,,小城市,オギシ,Ogi-shi,,,,三日月町堀江,ミカツキチョウホリエ,Mikatsukicho Horie,,,,,,,,0,0,0,0,0,0,1,1,1947-04-17,,0,8450031,,,,,,,,,,,,,,,
412082,0029000,1,佐賀県,サガケン,Saga,,,,小城市,オギシ,Ogi-shi,,,,三日月町三ヶ島,ミカツキチョウミカシマ,Mikatsukicho Mikashima,,,,,,,,0,0,0,0,0,0,1,1,1947-04-17,,0,8450025,,,,,,,,,,,,,,,
412082,0030000,1,佐賀県,サガケン,Saga,,,,小城市,オギシ,Ogi-shi,,,,三日月町道辺,ミカツキチョウミチベ,Mikatsukicho Michibe,,,,,,,,0,0,0,0,0,0,1,1,1947-04-17,,0,8450024,,,,,,,,,,,,,,,
412091,0001000,1,佐賀県,サガケン,Saga,,,,嬉野市,ウレシノシ,Ureshino-shi,,,,嬉野町大字岩屋川内,ウレシノマチオオアザイワヤガワチ,,,,,,,,,0,0,0,0,0,0,1,1,1947-04-17,,0,,,,,,,,,,,,,,,,
412091,0002000,1,佐賀県,サガケン,Saga,,,,嬉野市,ウレシノシ,Ureshino-shi,,,,嬉野町大字下宿,ウレシノマチオオアザシモジュク,,,,,,,,,0,0,0,0,0,0,1,1,1947-04-17,,0,,,,,,,,,,,,,,,,
412091,0003000,1,佐賀県,サガケン,Saga,,,,嬉野市,ウレシノシ,Ureshino-shi,,,,嬉野町大字下野,ウレシノマチオオアザシモノ,,,,,,,,,0,0,0,0,0,0,1,1,1947-04-17,,0,,,,,,,,,,,,,,,,
412091,0004000,1,佐賀県,サガケン,Saga,,,,嬉野市,ウレシノシ,Ureshino-shi,,,,嬉野町大字不動山,ウレシノマチオオアザフドウヤマ,,,,,,,,,0,0,0,0,0,0,1,1,1947-04-17,,0,,,,,,,,,,,,,,,,
412091,0005000,1,佐賀県,サガケン,Saga,,,,嬉野市,ウレシノシ,Ureshino-shi,,,,嬉野町大字吉田,ウレシノマチオオアザヨシダ,,,,,,,,,0,0,0,0,0,0,1,1,1947-04-17,,0,,,,,,,,,,,,,,,,
412091,0006000,1,佐賀県,サガケン,Saga,,,,嬉野市,ウレシノシ,Ureshino-shi,,,,塩田町大字大草野,シオタチョウオオアザオオクサノ,,,,,,,,,0,0,0,0,0,0,1,1,1947-04-17,,0,,,,,,,,,,,,,,,,
412091,0007000,1,佐賀県,サガケン,Saga,,,,嬉野市,ウレシノシ,Ureshino-shi,,,,塩田町大字久間,シオタチョウオオアザクマ,,,,,,,,,0,0,0,0,0,0,1,1,1947-04-17,,0,,,,,,,,,,,,,,,,
412091,0008000,1,佐賀県,サガケン,Saga,,,,嬉野市,ウレシノシ,Ureshino-shi,,,,塩田町大字五町田,シオタチョウオオアザゴチョウダ,,,,,,,,,0,0,0,0,0,0,1,1,1947-04-17,,0,,,,,,,,,,,,,,,,
412091,0009000,1,佐賀県,サガケン,Saga,,,,嬉野市,ウレシノシ,Ureshino-shi,,,,塩田町大字谷所,シオタチョウオオアザタニドコロ,,,,,,,,,0,0,0,0,0,0,1,1,1947-04-17,,0,,,,,,,,,,,,,,,,
412091,0010000,1,佐賀県,サガケン,Saga,,,,嬉野市,ウレシノシ,Ureshino-shi,,,,塩田町大字馬場下,シオタチョウオオアザババシタ,,,,,,,,,0,0,0,0,0,0,1,1,1947-04-17,,0,,,,,,,,,,,,,,,,
412091,0011000,1,佐賀県,サガケン,Saga,,,,嬉野市,ウレシノシ,Ureshino-shi,,,,塩田町大字真崎,シオタチョウオオアザマッサキ,,,,,,,,,0,0,0,0,0,0,1,1,1947-04-17,,0,,,,,,,,,,,,,,,,
412091,0018000,1,佐賀県,サガケン,Saga,,,,嬉野市,ウレシノシ,Ureshino-shi,,,,塩田町大字久間丁,シオタチヨウオオアザクマテイ,,,,,,,,,0,0,0,0,0,0,1,0,1947-04-17,,1,,,,,,,,,,,,,,,,
412091,0019000,1,佐賀県,サガケン,Saga,,,,嬉野市,ウレシノシ,Ureshino-shi,,,,塩田町大字久間丙,シオタチヨウオオアザクマヘイ,,,,,,,,,0,0,0,0,0,0,1,0,1947-04-17,,1,,,,,,,,,,,,,,,,
412091,0020000,1,佐賀県,サガケン,Saga,,,,嬉野市,ウレシノシ,Ureshino-shi,,,,塩田町大字久間乙,シオタチヨウオオアザクマオツ,,,,,,,,,0,0,0,0,0,0,1,0,1947-04-17,,1,,,,,,,,,,,,,,,,
412091,0021000,1,佐賀県,サガケン,Saga,,,,嬉野市,ウレシノシ,Ureshino-shi,,,,塩田町大字久間甲,シオタチヨウオオアザクマコウ,,,,,,,,,0,0,0,0,0,0,1,0,1947-04-17,,1,,,,,,,,,,,,,,,,
412091,0022000,1,佐賀県,サガケン,Saga,,,,嬉野市,ウレシノシ,Ureshino-shi,,,,塩田町大字五町田乙,シオタチヨウオオアザゴチョウダオツ,,,,,,,,,0,0,0,0,0,0,1,0,1947-04-17,,1,,,,,,,,,,,,,,,,
412091,0023000,1,佐賀県,サガケン,Saga,,,,嬉野市,ウレシノシ,Ureshino-shi,,,,塩田町大字五町田甲,シオタチヨウオオアザゴチョウダコウ,,,,,,,,,0,0,0,0,0,0,1,0,1947-04-17,,1,,,,,,,,,,,,,,,,
412091,0024000,1,佐賀県,サガケン,Saga,,,,嬉野市,ウレシノシ,Ureshino-shi,,,,塩田町大字大草野丙,シオタチヨウオオアザオオクサノヘイ,,,,,,,,,0,0,0,0,0,0,1,0,1947-04-17,,1,,,,,,,,,,,,,,,,
412091,0025000,1,佐賀県,サガケン,Saga,,,,嬉野市,ウレシノシ,Ureshino-shi,,,,塩田町大字大草野乙,シオタチヨウオオアザオオクサノオツ,,,,,,,,,0,0,0,0,0,0,1,0,1947-04-17,,1,,,,,,,,,,,,,,,,
412091,0026000,1,佐賀県,サガケン,Saga,,,,嬉野市,ウレシノシ,Ureshino-shi,,,,塩田町大字大草野甲,シオタチヨウオオアザオオクサノコウ,,,,,,,,,0,0,0,0,0,0,1,0,1947-04-17,,1,,,,,,,,,,,,,,,,
412091,0027000,1,佐賀県,サガケン,Saga,,,,嬉野市,ウレシノシ,Ureshino-shi,,,,塩田町大字谷所丙,シオタチヨウオオアザタニドコロヘイ,,,,,,,,,0,0,0,0,0,0,1,0,1947-04-17,,1,,,,,,,,,,,,,,,,
412091,0028000,1,佐賀県,サガケン,Saga,,,,嬉野市,ウレシノシ,Ureshino-shi,,,,塩田町大字谷所乙,シオタチヨウオオアザタニドコロオツ,,,,,,,,,0,0,0,0,0,0,1,0,1947-04-17,,1,,,,,,,,,,,,,,,,
412091,0029000,1,佐賀県,サガケン,Saga,,,,嬉野市,ウレシノシ,Ureshino-shi,,,,塩田町大字谷所甲,シオタチヨウオオアザタニドコロコウ,,,,,,,,,0,0,0,0,0,0,1,0,1947-04-17,,1,,,,,,,,,,,,,,,,
412091,0030000,1,佐賀県,サガケン,Saga,,,,嬉野市,ウレシノシ,Ureshino-shi,,,,塩田町大字馬場下丙,シオタチヨウオオアザババシタヘイ,,,,,,,,,0,0,0,0,0,0,1,0,1947-04-17,,1,,,,,,,,,,,,,,,,
412091,0031000,1,佐賀県,サガケン,Saga,,,,嬉野市,ウレシノシ,Ureshino-shi,,,,塩田町大字馬場下乙,シオタチヨウオオアザババシタオツ,,,,,,,,,0,0,0,0,0,0,1,0,1947-04-17,,1,,,,,,,,,,,,,,,,
412091,0032000,1,佐賀県,サガケン,Saga,,,,嬉野市,ウレシノシ,Ureshino-shi,,,,塩田町大字馬場下甲,シオタチヨウオオアザババシタコウ,,,,,,,,,0,0,0,0,0,0,1,0,1947-04-17,,1,,,,,,,,,,,,,,,,
412091,0033000,1,佐賀県,サガケン,Saga,,,,嬉野市,ウレシノシ,Ureshino-shi,,,,嬉野町大字下宿丁,ウレシノマチオオアザシモジュクテイ,,,,,,,,,0,0,0,0,0,0,1,0,1947-04-17,,1,,,,,,,,,,,,,,,,
412091,0034000,1,佐賀県,サガケン,Saga,,,,嬉野市,ウレシノシ,Ureshino-shi,,,,嬉野町大字下宿丙,ウレシノマチオオアザシモジュクヘイ,,,,,,,,,0,0,0,0,0,0,1,0,1947-04-17,,1,,,,,,,,,,,,,,,,
412091,0035000,1,佐賀県,サガケン,Saga,,,,嬉野市,ウレシノシ,Ureshino-shi,,,,嬉野町大字下宿乙,ウレシノマチオオアザシモジュクオツ,,,,,,,,,0,0,0,0,0,0,1,0,1947-04-17,,1,,,,,,,,,,,,,,,,
412091,0036000,1,佐賀県,サガケン,Saga,,,,嬉野市,ウレシノシ,Ureshino-shi,,,,嬉野町大字下宿甲,ウレシノマチオオアザシモジュクコウ,,,,,,,,,0,0,0,0,0,0,1,0,1947-04-17,,1,,,,,,,,,,,,,,,,
412091,0037000,1,佐賀県,サガケン,Saga,,,,嬉野市,ウレシノシ,Ureshino-shi,,,,嬉野町大字下野丙,ウレシノマチオオアザシモノヘイ,,,,,,,,,0,0,0,0,0,0,1,0,1947-04-17,,1,,,,,,,,,,,,,,,,
412091,0038000,1,佐賀県,サガケン,Saga,,,,嬉野市,ウレシノシ,Ureshino-shi,,,,嬉野町大字下野乙,ウレシノマチオオアザシモノオツ,,,,,,,,,0,0,0,0,0,0,1,0,1947-04-17,,1,,,,,,,,,,,,,,,,
412091,0039000,1,佐賀県,サガケン,Saga,,,,嬉野市,ウレシノシ,Ureshino-shi,,,,嬉野町大字下野甲,ウレシノマチオオアザシモノコウ,,,,,,,,,0,0,0,0,0,0,1,0,1947-04-17,,1,,,,,,,,,,,,,,,,
412091,0040000,1,佐賀県,サガケン,Saga,,,,嬉野市,ウレシノシ,Ureshino-shi,,,,嬉野町大字不動山丙,ウレシノマチオオアザフドウヤマヘイ,,,,,,,,,0,0,0,0,0,0,1,0,1947-04-17,,1,,,,,,,,,,,,,,,,
412091,0041000,1,佐賀県,サガケン,Saga,,,,嬉野市,ウレシノシ,Ureshino-shi,,,,嬉野町大字不動山乙,ウレシノマチオオアザフドウヤマオツ,,,,,,,,,0,0,0,0,0,0,1,0,1947-04-17,,1,,,,,,,,,,,,,,,,
412091,0042000,1,佐賀県,サガケン,Saga,,,,嬉野市,ウレシノシ,Ureshino-shi,,,,嬉野町大字不動山甲,ウレシノマチオオアザフドウヤマコウ,,,,,,,,,0,0,0,0,0,0,1,0,1947-04-17,,1,,,,,,,,,,,,,,,,
412091,0043000,1,佐賀県,サガケン,Saga,,,,嬉野市,ウレシノシ,Ureshino-shi,,,,嬉野町大字吉田丁,ウレシノマチオオアザヨシダテイ,,,,,,,,,0,0,0,0,0,0,1,0,1947-04-17,,1,,,,,,,,,,,,,,,,
412091,0044000,1,佐賀県,サガケン,Saga,,,,嬉野市,ウレシノシ,Ureshino-shi,,,,嬉野町大字吉田丙,ウレシノマチオオアザヨシダヘイ,,,,,,,,,0,0,0,0,0,0,1,0,1947-04-17,,1,,,,,,,,,,,,,,,,
412091,0045000,1,佐賀県,サガケン,Saga,,,,嬉野市,ウレシノシ,Ureshino-shi,,,,嬉野町大字吉田乙,ウレシノマチオオアザヨシダオツ,,,,,,,,,0,0,0,0,0,0,1,0,1947-04-17,,1,,,,,,,,,,,,,,,,
412091,0046000,1,佐賀県,サガケン,Saga,,,,嬉野市,ウレシノシ,Ureshino-shi,,,,嬉野町大字吉田甲,ウレシノマチオオアザヨシダコウ,,,,,,,,,0,0,0,0,0,0,1,0,1947-04-17,,1,,,,,,,,,,,,,,,,
412091,0047000,1,佐賀県,サガケン,Saga,,,,嬉野市,ウレシノシ,Ureshino-shi,,,,嬉野町大字岩屋川内丙,ウレシノマチオオアザイワヤガワチヘイ,,,,,,,,,0,0,0,0,0,0,1,0,1947-04-17,,1,,,,,,,,,,,,,,,,
412091,0048000,1,佐賀県,サガケン,Saga,,,,嬉野市,ウレシノシ,Ureshino-shi,,,,嬉野町大字岩屋川内乙,ウレシノマチオオアザイワヤガワチオツ,,,,,,,,,0,0,0,0,0,0,1,0,1947-04-17,,1,,,,,,,,,,,,,,,,
412091,0049000,1,佐賀県,サガケン,Saga,,,,嬉野市,ウレシノシ,Ureshino-shi,,,,嬉野町大字岩屋川内甲,ウレシノマチオオアザイワヤガワチコウ,,,,,,,,,0,0,0,0,0,0,1,0,1947-04-17,,1,,,,,,,,,,,,,,,,
412104,0001000,1,佐賀県,サガケン,Saga,,,,神埼市,カンザキシ,Kanzaki-shi,,,,神埼町姉川,カンザキマチアネガワ,Kanzakimachi Anegawa,,,,,,,,0,0,0,0,0,0,1,1,1947-04-17,,0,8420014,,,,,,,,,,,,,,,
412104,0001129,3,佐賀県,サガケン,Saga,,,,神埼市,カンザキシ,Kanzaki-shi,,,,神埼町姉川,カンザキマチアネガワ,,,,,一本杉,イッポンスギ,,,0,0,0,0,0,0,1,0,1947-04-17,,1,,,,,,,,,,,,,,,,
412104,0001130,3,佐賀県,サガケン,Saga,,,,神埼市,カンザキシ,Kanzaki-shi,,,,神埼町姉川,カンザキマチアネガワ,,,,,十三本松,,,,0,0,0,0,0,0,1,0,1947-04-17,,1,,,,,,,,,,,,,,,,
412104,0001131,3,佐賀県,サガケン,Saga,,,,神埼市,カンザキシ,Kanzaki-shi,,,,神埼町姉川,カンザキマチアネガワ,,,,,十一本杉,,,,0,0,0,0,0,0,1,0,1947-04-17,,1,,,,,,,,,,,,,,,,
412104,0001132,3,佐賀県,サガケン,Saga,,,,神埼市,カンザキシ,Kanzaki-shi,,,,神埼町姉川,カンザキマチアネガワ,,,,,八本杉,,,,0,0,0,0,0,0,1,0,1947-04-17,,1,,,,,,,,,,,,,,,,
412104,0001133,3,佐賀県,サガケン,Saga,,,,神埼市,カンザキシ,Kanzaki-shi,,,,神埼町姉川,カンザキマチアネガワ,,,,,一本松,,,,0,0,0,0,0,0,1,0,1947-04-17,,1,,,,,,,,,,,,,,,,
412104,0001134,3,佐賀県,サガケン,Saga,,,,神埼市,カンザキシ,Kanzaki-shi,,,,神埼町姉川,カンザキマチアネガワ,,,,,十四本松,,,,0,0,0,0,0,0,1,0,1947-04-17,,1,,,,,,,,,,,,,,,,
412104,0001135,3,佐賀県,サガケン,Saga,,,,神埼市,カンザキシ,Kanzaki-shi,,,,神埼町姉川,カンザキマチアネガワ,,,,,七本松,,,,0,0,0,0,0,0,1,0,1947-04-17,,1,,,,,,,,,,,,,,,,
412104,0001136,3,佐賀県,サガケン,Saga,,,,神埼市,カンザキシ,Kanzaki-shi,,,,神埼町姉川,カンザキマチアネガワ,,,,,六本松,,,,0,0,0,0,0,0,1,0,1947-04-17,,1,,,,,,,,,,,,,,,,
412104,0001137,3,佐賀県,サガケン,Saga,,,,神埼市,カンザキシ,Kanzaki-shi,,,,神埼町姉川,カンザキマチアネガワ,,,,,二本松,,,,0,0,0,0,0,0,1,0,1947-04-17,,1,,,,,,,,,,,,,,,,
412104,0001138,3,佐賀県,サガケン,Saga,,,,神埼市,カンザキシ,Kanzaki-shi,,,,神埼町姉川,カンザキマチアネガワ,,,,,三本松,,,,0,0,0,0,0,0,1,0,1947-04-17,,1,,,,,,,,,,,,,,,,
412104,0001139,3,佐賀県,サガケン,Saga,,,,神埼市,カンザキシ,Kanzaki-shi,,,,神埼町姉川,カンザキマチアネガワ,,,,,十本杉,,,,0,0,0,0,0,0,1,0,1947-04-17,,1,,,,,,,,,,,,,,,,
412104,0001140,3,佐賀県,サガケン,Saga,,,,神埼市,カンザキシ,Kanzaki-shi,,,,神埼町姉川,カンザキマチアネガワ,,,,,十一本松,,,,0,0,0,0,0,0,1,0,1947-04-17,,1,,,,,,,,,,,,,,,,
412104,0001141,3,佐賀県,サガケン,Saga,,,,神埼市,カンザキシ,Kanzaki-shi,,,,神埼町姉川,カンザキマチアネガワ,,,,,六本杉,,,,0,0,0,0,0,0,1,0,1947-04-17,,1,,,,,,,,,,,,,,,,
412104,0001142,3,佐賀県,サガケン,Saga,,,,神埼市,カンザキシ,Kanzaki-shi,,,,神埼町姉川,カンザキマチアネガワ,,,,,十本松,,,,0,0,0,0,0,0,1,0,1947-04-17,,1,,,,,,,,,,,,,,,,
412104,0001143,3,佐賀県,サガケン,Saga,,,,神埼市,カンザキシ,Kanzaki-shi,,,,神埼町姉川,カンザキマチアネガワ,,,,,十五本松,,,,0,0,0,0,0,0,1,0,1947-04-17,,1,,,,,,,,,,,,,,,,
412104,0001144,3,佐賀県,サガケン,Saga,,,,神埼市,カンザキシ,Kanzaki-shi,,,,神埼町姉川,カンザキマチアネガワ,,,,,十二本松,,,,0,0,0,0,0,0,1,0,1947-04-17,,1,,,,,,,,,,,,,,,,
412104,0001145,3,佐賀県,サガケン,Saga,,,,神埼市,カンザキシ,Kanzaki-shi,,,,神埼町姉川,カンザキマチアネガワ,,,,,十六本松,,,,0,0,0,0,0,0,1,0,1947-04-17,,1,,,,,,,,,,,,,,,,
412104,0001146,3,佐賀県,サガケン,Saga,,,,神埼市,カンザキシ,Kanzaki-shi,,,,神埼町姉川,カンザキマチアネガワ,,,,,九本杉,,,,0,0,0,0,0,0,1,0,1947-04-17,,1,,,,,,,,,,,,,,,,
412104,0001147,3,佐賀県,サガケン,Saga,,,,神埼市,カンザキシ,Kanzaki-shi,,,,神埼町姉川,カンザキマチアネガワ,,,,,七本杉,,,,0,0,0,0,0,0,1,0,1947-04-17,,1,,,,,,,,,,,,,,,,
412104,0001148,3,佐賀県,サガケン,Saga,,,,神埼市,カンザキシ,Kanzaki-shi,,,,神埼町姉川,カンザキマチアネガワ,,,,,五本松,,,,0,0,0,0,0,0,1,0,1947-04-17,,1,,,,,,,,,,,,,,,,
412104,0001149,3,佐賀県,サガケン,Saga,,,,神埼市,カンザキシ,Kanzaki-shi,,,,神埼町姉川,カンザキマチアネガワ,,,,,五本杉,,,,0,0,0,0,0,0,1,0,1947-04-17,,1,,,,,,,,,,,,,,,,
412104,0001150,3,佐賀県,サガケン,Saga,,,,神埼市,カンザキシ,Kanzaki-shi,,,,神埼町姉川,カンザキマチアネガワ,,,,,九本松,,,,0,0,0,0,0,0,1,0,1947-04-17,,1,,,,,,,,,,,,,,,,
412104,0001151,3,佐賀県,サガケン,Saga,,,,神埼市,カンザキシ,Kanzaki-shi,,,,神埼町姉川,カンザキマチアネガワ,,,,,十二本杉,,,,0,0,0,0,0,0,1,0,1947-04-17,,1,,,,,,,,,,,,,,,,
412104,0001152,3,佐賀県,サガケン,Saga,,,,神埼市,カンザキシ,Kanzaki-shi,,,,神埼町姉川,カンザキマチアネガワ,,,,,二本杉,ニホンスギ,,,0,0,0,0,0,0,1,0,1947-04-17,,1,,,,,,,,,,,,,,,,
412104,0001153,3,佐賀県,サガケン,Saga,,,,神埼市,カンザキシ,Kanzaki-shi,,,,神埼町姉川,カンザキマチアネガワ,,,,,四本杉,,,,0,0,0,0,0,0,1,0,1947-04-17,,1,,,,,,,,,,,,,,,,
412104,0001154,3,佐賀県,サガケン,Saga,,,,神埼市,カンザキシ,Kanzaki-shi,,,,神埼町姉川,カンザキマチアネガワ,,,,,四本松,,,,0,0,0,0,0,0,1,0,1947-04-17,,1,,,,,,,,,,,,,,,,
412104,0001155,3,佐賀県,サガケン,Saga,,,,神埼市,カンザキシ,Kanzaki-shi,,,,神埼町姉川,カンザキマチアネガワ,,,,,三本杉,サンボンスギ,,,0,0,0,0,0,0,1,0,1947-04-17,,1,,,,,,,,,,,,,,,,
412104,0001156,3,佐賀県,サガケン,Saga,,,,神埼市,カンザキシ,Kanzaki-shi,,,,神埼町姉川,カンザキマチアネガワ,,,,,八本松,,,,0,0,0,0,0,0,1,0,1947-04-17,,1,,,,,,,,,,,,,,,,
412104,0002000,1,佐賀県,サガケン,Saga,,,,神埼市,カンザキシ,Kanzaki-shi,,,,神埼町的,カンザキマチイクハ,Kanzakimachi Ikuwa,,,,,,,,0,0,0,0,0,0,1,1,1947-04-17,,0,8420123,,,,,,,,,,,,,,,
412104,0002117,3,佐賀県,サガケン,Saga,,,,神埼市,カンザキシ,Kanzaki-shi,,,,神埼町的,カンザキマチイクハ,,,,,七本黒木,,,,0,0,0,0,0,0,1,0,1947-04-17,,1,,,,,,,,,,,,,,,,
412104,0002118,3,佐賀県,サガケン,Saga,,,,神埼市,カンザキシ,Kanzaki-shi,,,,神埼町的,カンザキマチイクハ,,,,,駄道,,,,0,0,0,0,0,0,1,0,1947-04-17,,1,,,,,,,,,,,,,,,,
412104,0002119,3,佐賀県,サガケン,Saga,,,,神埼市,カンザキシ,Kanzaki-shi,,,,神埼町的,カンザキマチイクハ,,,,,向山,,,,0,0,0,0,0,0,1,0,1947-04-17,,1,,,,,,,,,,,,,,,,
412104,0002120,3,佐賀県,サガケン,Saga,,,,神埼市,カンザキシ,Kanzaki-shi,,,,神埼町的,カンザキマチイクハ,,,,,中小路,,,,0,0,0,0,0,0,1,0,1947-04-17,,1,,,,,,,,,,,,,,,,
412104,0002121,3,佐賀県,サガケン,Saga,,,,神埼市,カンザキシ,Kanzaki-shi,,,,神埼町的,カンザキマチイクハ,,,,,八本黒木,,,,0,0,0,0,0,0,1,0,1947-04-17,,1,,,,,,,,,,,,,,,,
412104,0002122,3,佐賀県,サガケン,Saga,,,,神埼市,カンザキシ,Kanzaki-shi,,,,神埼町的,カンザキマチイクハ,,,,,九本黒木,,,,0,0,0,0,0,0,1,0,1947-04-17,,1,,,,,,,,,,,,,,,,
412104,0002123,3,佐賀県,サガケン,Saga,,,,神埼市,カンザキシ,Kanzaki-shi,,,,神埼町的,カンザキマチイクハ,,,,,京ノ隈,,,,0,0,0,0,0,0,1,0,1947-04-17,,1,,,,,,,,,,,,,,,,
412104,0002124,3,佐賀県,サガケン,Saga,,,,神埼市,カンザキシ,Kanzaki-shi,,,,神埼町的,カンザキマチイクハ,,,,,二本黒木,,,,0,0,0,0,0,0,1,0,1947-04-17,,1,,,,,,,,,,,,,,,,
412104,0002125,3,佐賀県,サガケン,Saga,,,,神埼市,カンザキシ,Kanzaki-shi,,,,神埼町的,カンザキマチイクハ,,,,,花浦,,,,0,0,0,0,0,0,1,0,1947-04-17,,1,,,,,,,,,,,,,,,,
412104,0002126,3,佐賀県,サガケン,Saga,,,,神埼市,カンザキシ,Kanzaki-shi,,,,神埼町的,カンザキマチイクハ,,,,,三本黒木,,,,0,0,0,0,0,0,1,0,1947-04-17,,1,,,,,,,,,,,,,,,,
412104,0002127,3,佐賀県,サガケン,Saga,,,,神埼市,カンザキシ,Kanzaki-shi,,,,神埼町的,カンザキマチイクハ,,,,,四本黒木,,,,0,0,0,0,0,0,1,0,1947-04-17,,1,,,,,,,,,,,,,,,,
412104,0002128,3,佐賀県,サガケン,Saga,,,,神埼市,カンザキシ,Kanzaki-shi,,,,神埼町的,カンザキマチイクハ,,,,,仁比山,,,,0,0,0,0,0,0,1,0,1947-04-17,,1,,,,,,,,,,,,,,,,
412104,0002129,3,佐賀県,サガケン,Saga,,,,神埼市,カンザキシ,Kanzaki-shi,,,,神埼町的,カンザキマチイクハ,,,,,六本黒木,,,,0,0,0,0,0,0,1,0,1947-04-17,,1,,,,,,,,,,,,,,,,
412104,0002130,3,佐賀県,サガケン,Saga,,,,神埼市,カンザキシ,Kanzaki-shi,,,,神埼町的,カンザキマチイクハ,,,,,一本黒木,,,,0,0,0,0,0,0,1,0,1947-04-17,,1,,,,,,,,,,,,,,,,
412104,0002131,3,佐賀県,サガケン,Saga,,,,神埼市,カンザキシ,Kanzaki-shi,,,,神埼町的,カンザキマチイクハ,,,,,五本黒木,,,,0,0,0,0,0,0,1,0,1947-04-17,,1,,,,,,,,,,,,,,,,
412104,0002132,3,佐賀県,サガケン,Saga,,,,神埼市,カンザキシ,Kanzaki-shi,,,,神埼町的,カンザキマチイクハ,,,,,十本黒木,,,,0,0,0,0,0,0,1,0,1947-04-17,,1,,,,,,,,,,,,,,,,
412104,0003000,1,佐賀県,サガケン,Saga,,,,神埼市,カンザキシ,Kanzaki-shi,,,,神埼町枝ヶ里,カンザキマチエダガリ,Kanzakimachi Edagari,,,,,,,,0,0,0,0,0,0,1,1,1947-04-17,,0,8420006,,,,,,,,,,,,,,,
412104,0003106,3,佐賀県,サガケン,Saga,,,,神埼市,カンザキシ,Kanzaki-shi,,,,神埼町枝ヶ里,カンザキマチエダガリ,,,,,二本松,,,,0,0,0,0,0,0,1,0,1947-04-17,,1,,,,,,,,,,,,,,,,
412104,0003107,3,佐賀県,サガケン,Saga,,,,神埼市,カンザキシ,Kanzaki-shi,,,,神埼町枝ヶ里,カンザキマチエダガリ,,,,,四本松,,,,0,0,0,0,0,0,1,0,1947-04-17,,1,,,,,,,,,,,,,,,,
412104,0003108,3,佐賀県,サガケン,Saga,,,,神埼市,カンザキシ,Kanzaki-shi,,,,神埼町枝ヶ里,カンザキマチエダガリ,,,,,三本松,,,,0,0,0,0,0,0,1,0,1947-04-17,,1,,,,,,,,,,,,,,,,
412104,0003109,3,佐賀県,サガケン,Saga,,,,神埼市,カンザキシ,Kanzaki-shi,,,,神埼町枝ヶ里,カンザキマチエダガリ,,,,,五本松,,,,0,0,0,0,0,0,1,0,1947-04-17,,1,,,,,,,,,,,,,,,,
412104,0003110,3,佐賀県,サガケン,Saga,,,,神埼市,カンザキシ,Kanzaki-shi,,,,神埼町枝ヶ里,カンザキマチエダガリ,,,,,一本松,,,,0,0,0,0,0,0,1,0,1947-04-17,,1,,,,,,,,,,,,,,,,
412104,0004000,1,佐賀県,サガケン,Saga,,,,神埼市,カンザキシ,Kanzaki-shi,,,,神埼町尾崎,カンザキマチオサキ,Kanzakimachi Osaki,,,,,,,,0,0,0,0,0,0,1,1,1947-04-17,,0,8420015,,,,,,,,,,,,,,,
412104,0004132,3,佐賀県,サガケン,Saga,,,,神埼市,カンザキシ,Kanzaki-shi,,,,神埼町尾崎,カンザキマチオサキ,,,,,金屋,,,,0,0,0,0,0,0,1,0,1947-04-17,,1,,,,,,,,,,,,,,,,
412104,0004133,3,佐賀県,サガケン,Saga,,,,神埼市,カンザキシ,Kanzaki-shi,,,,神埼町尾崎,カンザキマチオサキ,,,,,飛地,,,,0,0,0,0,0,0,1,0,1947-04-17,,1,,,,,,,,,,,,,,,,
412104,0004134,3,佐賀県,サガケン,Saga,,,,神埼市,カンザキシ,Kanzaki-shi,,,,神埼町尾崎,カンザキマチオサキ,,,,,大薮,,,,0,0,0,0,0,0,1,0,1947-04-17,,1,,,,,,,,,,,,,,,,
412104,0004135,3,佐賀県,サガケン,Saga,,,,神埼市,カンザキシ,Kanzaki-shi,,,,神埼町尾崎,カンザキマチオサキ,,,,,轡田,,,,0,0,0,0,0,0,1,0,1947-04-17,,1,,,,,,,,,,,,,,,,
412104,0004136,3,佐賀県,サガケン,Saga,,,,神埼市,カンザキシ,Kanzaki-shi,,,,神埼町尾崎,カンザキマチオサキ,,,,,森ノ木,,,,0,0,0,0,0,0,1,0,1947-04-17,,1,,,,,,,,,,,,,,,,
412104,0004137,3,佐賀県,サガケン,Saga,,,,神埼市,カンザキシ,Kanzaki-shi,,,,神埼町尾崎,カンザキマチオサキ,,,,,馬場下,,,,0,0,0,0,0,0,1,0,1947-04-17,,1,,,,,,,,,,,,,,,,
412104,0004138,3,佐賀県,サガケン,Saga,,,,神埼市,カンザキシ,Kanzaki-shi,,,,神埼町尾崎,カンザキマチオサキ,,,,,野畑,,,,0,0,0,0,0,0,1,0,1947-04-17,,1,,,,,,,,,,,,,,,,
412104,0004139,3,佐賀県,サガケン,Saga,,,,神埼市,カンザキシ,Kanzaki-shi,,,,神埼町尾崎,カンザキマチオサキ,,,,,利田,,,,0,0,0,0,0,0,1,0,1947-04-17,,1,,,,,,,,,,,,,,,,
412104,0004140,3,佐賀県,サガケン,Saga,,,,神埼市,カンザキシ,Kanzaki-shi,,,,神埼町尾崎,カンザキマチオサキ,,,,,宿町,,,,0,0,0,0,0,0,1,0,1947-04-17,,1,,,,,,,,,,,,,,,,
412104,0004141,3,佐賀県,サガケン,Saga,,,,神埼市,カンザキシ,Kanzaki-shi,,,,神埼町尾崎,カンザキマチオサキ,,,,,須原,,,,0,0,0,0,0,0,1,0,1947-04-17,,1,,,,,,,,,,,,,,,,
412104,0004142,3,佐賀県,サガケン,Saga,,,,神埼市,カンザキシ,Kanzaki-shi,,,,神埼町尾崎,カンザキマチオサキ,,,,,井手,,,,0,0,0,0,0,0,1,0,1947-04-17,,1,,,,,,,,,,,,,,,,
412104,0004143,3,佐賀県,サガケン,Saga,,,,神埼市,カンザキシ,Kanzaki-shi,,,,神埼町尾崎,カンザキマチオサキ,,,,,萩原,,,,0,0,0,0,0,0,1,0,1947-04-17,,1,,,,,,,,,,,,,,,,
412104,0004144,3,佐賀県,サガケン,Saga,,,,神埼市,カンザキシ,Kanzaki-shi,,,,神埼町尾崎,カンザキマチオサキ,,,,,天神尾,,,,0,0,0,0,0,0,1,0,1947-04-17,,1,,,,,,,,,,,,,,,,
412104,0004145,3,佐賀県,サガケン,Saga,,,,神埼市,カンザキシ,Kanzaki-shi,,,,神埼町尾崎,カンザキマチオサキ,,,,,日ノ隈,,,,0,0,0,0,0,0,1,0,1947-04-17,,1,,,,,,,,,,,,,,,,
412104,0004146,3,佐賀県,サガケン,Saga,,,,神埼市,カンザキシ,Kanzaki-shi,,,,神埼町尾崎,カンザキマチオサキ,,,,,唐香原,,,,0,0,0,0,0,0,1,0,1947-04-17,,1,,,,,,,,,,,,,,,,
412104,0004147,3,佐賀県,サガケン,Saga,,,,神埼市,カンザキシ,Kanzaki-shi,,,,神埼町尾崎,カンザキマチオサキ,,,,,土生,,,,0,0,0,0,0,0,1,0,1947-04-17,,1,,,,,,,,,,,,,,,,
412104,0004148,3,佐賀県,サガケン,Saga,,,,神埼市,カンザキシ,Kanzaki-shi,,,,神埼町尾崎,カンザキマチオサキ,,,,,平山,,,,0,0,0,0,0,0,1,0,1947-04-17,,1,,,,,,,,,,,,,,,,
412104,0004149,3,佐賀県,サガケン,Saga,,,,神埼市,カンザキシ,Kanzaki-shi,,,,神埼町尾崎,カンザキマチオサキ,,,,,茨谷,,,,0,0,0,0,0,0,1,0,1947-04-17,,1,,,,,,,MJ021800_*,,,,,,,,,
412104,0004150,3,佐賀県,サガケン,Saga,,,,神埼市,カンザキシ,Kanzaki-shi,,,,神埼町尾崎,カンザキマチオサキ,,,,,横山,,,,0,0,0,0,0,0,1,0,1947-04-17,,1,,,,,,,,,,,,,,,,
412104,0004151,3,佐賀県,サガケン,Saga,,,,神埼市,カンザキシ,Kanzaki-shi,,,,神埼町尾崎,カンザキマチオサキ,,,,,小林,,,,0,0,0,0,0,0,1,0,1947-04-17,,1,,,,,,,,,,,,,,,,
412104,0004152,3,佐賀県,サガケン,Saga,,,,神埼市,カンザキシ,Kanzaki-shi,,,,神埼町尾崎,カンザキマチオサキ,,,,,原ノ前,,,,0,0,0,0,0,0,1,0,1947-04-17,,1,,,,,,,,,,,,,,,,
412104,0004153,3,佐賀県,サガケン,Saga,,,,神埼市,カンザキシ,Kanzaki-shi,,,,神埼町尾崎,カンザキマチオサキ,,,,,祇園原,,,,0,0,0,0,0,0,1,0,1947-04-17,,1,,,,,,,,,,,,,,,,
412104,0004154,3,佐賀県,サガケン,Saga,,,,神埼市,カンザキシ,Kanzaki-shi,,,,神埼町尾崎,カンザキマチオサキ,,,,,塚原,,,,0,0,0,0,0,0,1,0,1947-04-17,,1,,,,,,,,,,,,,,,,
412104,0004155,3,佐賀県,サガケン,Saga,,,,神埼市,カンザキシ,Kanzaki-shi,,,,神埼町尾崎,カンザキマチオサキ,,,,,横小路,,,,0,0,0,0,0,0,1,0,1947-04-17,,1,,,,,,,,,,,,,,,,
412104,0004156,3,佐賀県,サガケン,Saga,,,,神埼市,カンザキシ,Kanzaki-shi,,,,神埼町尾崎,カンザキマチオサキ,,,,,早稲隈,,,,0,0,0,0,0,0,1,0,1947-04-17,,1,,,,,,,,,,,,,,,,
412104,0004157,3,佐賀県,サガケン,Saga,,,,神埼市,カンザキシ,Kanzaki-shi,,,,神埼町尾崎,カンザキマチオサキ,,,,,平原,,,,0,0,0,0,0,0,1,0,1947-04-17,,1,,,,,,,,,,,,,,,,
412104,0004158,3,佐賀県,サガケン,Saga,,,,神埼市,カンザキシ,Kanzaki-shi,,,,神埼町尾崎,カンザキマチオサキ,,,,,花手,,,,0,0,0,0,0,0,1,0,1947-04-17,,1,,,,,,,,,,,,,,,,
412104,0004159,3,佐賀県,サガケン,Saga,,,,神埼市,カンザキシ,Kanzaki-shi,,,,神埼町尾崎,カンザキマチオサキ,,,,,迎田,,,,0,0,0,0,0,0,1,0,1947-04-17,,1,,,,,,,,,,,,,,,,
412104,0004160,3,佐賀県,サガケン,Saga,,,,神埼市,カンザキシ,Kanzaki-shi,,,,神埼町尾崎,カンザキマチオサキ,,,,,浮毛田,,,,0,0,0,0,0,0,1,0,1947-04-17,,1,,,,,,,,,,,,,,,,
412104,0004161,3,佐賀県,サガケン,Saga,,,,神埼市,カンザキシ,Kanzaki-shi,,,,神埼町尾崎,カンザキマチオサキ,,,,,芦ノ元,,,,0,0,0,0,0,0,1,0,1947-04-17,,1,,,,,,,,,,,,,,,,
412104,0004162,3,佐賀県,サガケン,Saga,,,,神埼市,カンザキシ,Kanzaki-shi,,,,神埼町尾崎,カンザキマチオサキ,,,,,西日ノ隈,,,,0,0,0,0,0,0,1,0,1947-04-17,,1,,,,,,,,,,,,,,,,
412104,0004163,3,佐賀県,サガケン,Saga,,,,神埼市,カンザキシ,Kanzaki-shi,,,,神埼町尾崎,カンザキマチオサキ,,,,,惣原,,,,0,0,0,0,0,0,1,0,1947-04-17,,1,,,,,,,,,,,,,,,,
412104,0005000,1,佐賀県,サガケン,Saga,,,,神埼市,カンザキシ,Kanzaki-shi,,,,神埼町神埼,カンザキマチカンザキ,Kanzakimachi Kanzaki,,,,,,,,0,0,0,0,0,0,1,1,1947-04-17,,0,8420001,,,,,,,,,,,,,,,
412104,0005001,2,佐賀県,サガケン,Saga,,,,神埼市,カンザキシ,Kanzaki-shi,,,,神埼町神埼,カンザキマチカンザキ,,一丁目,１チョウメ,1,,,,,0,0,0,0,0,0,1,0,1947-04-17,,1,,,,,,,,,,,,,,,,
412104,0005002,2,佐賀県,サガケン,Saga,,,,神埼市,カンザキシ,Kanzaki-shi,,,,神埼町神埼,カンザキマチカンザキ,,二丁目,２チョウメ,2,,,,,0,0,0,0,0,0,1,0,1947-04-17,,1,,,,,,,,,,,,,,,,
412104,0005003,2,佐賀県,サガケン,Saga,,,,神埼市,カンザキシ,Kanzaki-shi,,,,神埼町神埼,カンザキマチカンザキ,,三丁目,３チョウメ,3,,,,,0,0,0,0,0,0,1,0,1947-04-17,,1,,,,,,,,,,,,,,,,
412104,0005004,2,佐賀県,サガケン,Saga,,,,神埼市,カンザキシ,Kanzaki-shi,,,,神埼町神埼,カンザキマチカンザキ,,四丁目,４チョウメ,4,,,,,0,0,0,0,0,0,1,0,1947-04-17,,1,,,,,,,,,,,,,,,,
412104,0006000,1,佐賀県,サガケン,Saga,,,,神埼市,カンザキシ,Kanzaki-shi,,,,神埼町城原,カンザキマチジョウバル,Kanzakimachi Jobaru,,,,,,,,0,0,0,0,0,0,1,1,1947-04-17,,0,8420122,,,,,,,,,,,,,,,
412104,0006132,3,佐賀県,サガケン,Saga,,,,神埼市,カンザキシ,Kanzaki-shi,,,,神埼町城原,カンザキマチジョウバル,,,,,三本杉,,,,0,0,0,0,0,0,1,0,1947-04-17,,1,,,,,,,,,,,,,,,,
412104,0006133,3,佐賀県,サガケン,Saga,,,,神埼市,カンザキシ,Kanzaki-shi,,,,神埼町城原,カンザキマチジョウバル,,,,,中副,,,,0,0,0,0,0,0,1,0,1947-04-17,,1,,,,,,,,,,,,,,,,
412104,0006134,3,佐賀県,サガケン,Saga,,,,神埼市,カンザキシ,Kanzaki-shi,,,,神埼町城原,カンザキマチジョウバル,,,,,熊谷,,,,0,0,0,0,0,0,1,0,1947-04-17,,1,,,,,,,,,,,,,,,,
412104,0006135,3,佐賀県,サガケン,Saga,,,,神埼市,カンザキシ,Kanzaki-shi,,,,神埼町城原,カンザキマチジョウバル,,,,,切畑,,,,0,0,0,0,0,0,1,0,1947-04-17,,1,,,,,,,,,,,,,,,,
412104,0006136,3,佐賀県,サガケン,Saga,,,,神埼市,カンザキシ,Kanzaki-shi,,,,神埼町城原,カンザキマチジョウバル,,,,,土器山,,,,0,0,0,0,0,0,1,0,1947-04-17,,1,,,,,,,,,,,,,,,,
412104,0006137,3,佐賀県,サガケン,Saga,,,,神埼市,カンザキシ,Kanzaki-shi,,,,神埼町城原,カンザキマチジョウバル,,,,,四本谷,,,,0,0,0,0,0,0,1,0,1947-04-17,,1,,,,,,,,,,,,,,,,
412104,0006138,3,佐賀県,サガケン,Saga,,,,神埼市,カンザキシ,Kanzaki-shi,,,,神埼町城原,カンザキマチジョウバル,,,,,一本松,,,,0,0,0,0,0,0,1,0,1947-04-17,,1,,,,,,,,,,,,,,,,
412104,0006139,3,佐賀県,サガケン,Saga,,,,神埼市,カンザキシ,Kanzaki-shi,,,,神埼町城原,カンザキマチジョウバル,,,,,北外,,,,0,0,0,0,0,0,1,0,1947-04-17,,1,,,,,,,,,,,,,,,,
412104,0006140,3,佐賀県,サガケン,Saga,,,,神埼市,カンザキシ,Kanzaki-shi,,,,神埼町城原,カンザキマチジョウバル,,,,,三本黒木,,,,0,0,0,0,0,0,1,0,1947-04-17,,1,,,,,,,,,,,,,,,,
412104,0006141,3,佐賀県,サガケン,Saga,,,,神埼市,カンザキシ,Kanzaki-shi,,,,神埼町城原,カンザキマチジョウバル,,,,,二本杉,,,,0,0,0,0,0,0,1,0,1947-04-17,,1,,,,,,,,,,,,,,,,
412104,0006142,3,佐賀県,サガケン,Saga,,,,神埼市,カンザキシ,Kanzaki-shi,,,,神埼町城原,カンザキマチジョウバル,,,,,山﨑,,,,0,0,0,0,0,0,1,0,1947-04-17,,1,,,,,,,,,,,,,,,,
412104,0006143,3,佐賀県,サガケン,Saga,,,,神埼市,カンザキシ,Kanzaki-shi,,,,神埼町城原,カンザキマチジョウバル,,,,,大瀧,,,,0,0,0,0,0,0,1,0,1947-04-17,,1,,,,,,,,,,,,,,,,
412104,0006144,3,佐賀県,サガケン,Saga,,,,神埼市,カンザキシ,Kanzaki-shi,,,,神埼町城原,カンザキマチジョウバル,,,,,古田,,,,0,0,0,0,0,0,1,0,1947-04-17,,1,,,,,,,,,,,,,,,,
412104,0006145,3,佐賀県,サガケン,Saga,,,,神埼市,カンザキシ,Kanzaki-shi,,,,神埼町城原,カンザキマチジョウバル,,,,,三本谷,,,,0,0,0,0,0,0,1,0,1947-04-17,,1,,,,,,,,,,,,,,,,
412104,0006146,3,佐賀県,サガケン,Saga,,,,神埼市,カンザキシ,Kanzaki-shi,,,,神埼町城原,カンザキマチジョウバル,,,,,四本黒木,,,,0,0,0,0,0,0,1,0,1947-04-17,,1,,,,,,,,,,,,,,,,
412104,0006147,3,佐賀県,サガケン,Saga,,,,神埼市,カンザキシ,Kanzaki-shi,,,,神埼町城原,カンザキマチジョウバル,,,,,西田,,,,0,0,0,0,0,0,1,0,1947-04-17,,1,,,,,,,,,,,,,,,,
412104,0006148,3,佐賀県,サガケン,Saga,,,,神埼市,カンザキシ,Kanzaki-shi,,,,神埼町城原,カンザキマチジョウバル,,,,,一本谷,,,,0,0,0,0,0,0,1,0,1947-04-17,,1,,,,,,,,,,,,,,,,
412104,0006149,3,佐賀県,サガケン,Saga,,,,神埼市,カンザキシ,Kanzaki-shi,,,,神埼町城原,カンザキマチジョウバル,,,,,六本黒木,,,,0,0,0,0,0,0,1,0,1947-04-17,,1,,,,,,,,,,,,,,,,
412104,0006150,3,佐賀県,サガケン,Saga,,,,神埼市,カンザキシ,Kanzaki-shi,,,,神埼町城原,カンザキマチジョウバル,,,,,谷,,,,0,0,0,0,0,0,1,0,1947-04-17,,1,,,,,,,,,,,,,,,,
412104,0006151,3,佐賀県,サガケン,Saga,,,,神埼市,カンザキシ,Kanzaki-shi,,,,神埼町城原,カンザキマチジョウバル,,,,,二本谷,,,,0,0,0,0,0,0,1,0,1947-04-17,,1,,,,,,,,,,,,,,,,
412104,0006152,3,佐賀県,サガケン,Saga,,,,神埼市,カンザキシ,Kanzaki-shi,,,,神埼町城原,カンザキマチジョウバル,,,,,二本松,,,,0,0,0,0,0,0,1,0,1947-04-17,,1,,,,,,,,,,,,,,,,
412104,0006153,3,佐賀県,サガケン,Saga,,,,神埼市,カンザキシ,Kanzaki-shi,,,,神埼町城原,カンザキマチジョウバル,,,,,四本松,,,,0,0,0,0,0,0,1,0,1947-04-17,,1,,,,,,,,,,,,,,,,
412104,0006154,3,佐賀県,サガケン,Saga,,,,神埼市,カンザキシ,Kanzaki-shi,,,,神埼町城原,カンザキマチジョウバル,,,,,湯原,,,,0,0,0,0,0,0,1,0,1947-04-17,,1,,,,,,,,,,,,,,,,
412104,0006155,3,佐賀県,サガケン,Saga,,,,神埼市,カンザキシ,Kanzaki-shi,,,,神埼町城原,カンザキマチジョウバル,,,,,一本黒木,,,,0,0,0,0,0,0,1,0,1947-04-17,,1,,,,,,,,,,,,,,,,
412104,0006156,3,佐賀県,サガケン,Saga,,,,神埼市,カンザキシ,Kanzaki-shi,,,,神埼町城原,カンザキマチジョウバル,,,,,一本杉,,,,0,0,0,0,0,0,1,0,1947-04-17,,1,,,,,,,,,,,,,,,,
412104,0006157,3,佐賀県,サガケン,Saga,,,,神埼市,カンザキシ,Kanzaki-shi,,,,神埼町城原,カンザキマチジョウバル,,,,,三本松,,,,0,0,0,0,0,0,1,0,1947-04-17,,1,,,,,,,,,,,,,,,,
412104,0006158,3,佐賀県,サガケン,Saga,,,,神埼市,カンザキシ,Kanzaki-shi,,,,神埼町城原,カンザキマチジョウバル,,,,,二本黒木,,,,0,0,0,0,0,0,1,0,1947-04-17,,1,,,,,,,,,,,,,,,,
412104,0006159,3,佐賀県,サガケン,Saga,,,,神埼市,カンザキシ,Kanzaki-shi,,,,神埼町城原,カンザキマチジョウバル,,,,,上善寺,,,,0,0,0,0,0,0,1,0,1947-04-17,,1,,,,,,,,,,,,,,,,
412104,0006160,3,佐賀県,サガケン,Saga,,,,神埼市,カンザキシ,Kanzaki-shi,,,,神埼町城原,カンザキマチジョウバル,,,,,五本黒木,,,,0,0,0,0,0,0,1,0,1947-04-17,,1,,,,,,,,,,,,,,,,
412104,0006161,3,佐賀県,サガケン,Saga,,,,神埼市,カンザキシ,Kanzaki-shi,,,,神埼町城原,カンザキマチジョウバル,,,,,猿岳,,,,0,0,0,0,0,0,1,0,1947-04-17,,1,,,,,,,,,,,,,,,,
412104,0006162,3,佐賀県,サガケン,Saga,,,,神埼市,カンザキシ,Kanzaki-shi,,,,神埼町城原,カンザキマチジョウバル,,,,,市場,,,,0,0,0,0,0,0,1,0,1947-04-17,,1,,,,,,,,,,,,,,,,
412104,0007000,1,佐賀県,サガケン,Saga,,,,神埼市,カンザキシ,Kanzaki-shi,,,,神埼町志波屋,カンザキマチシワヤ,Kanzakimachi Shiwaya,,,,,,,,0,0,0,0,0,0,1,1,1947-04-17,,0,8420121,,,,,,,,,,,,,,,
412104,0007120,3,佐賀県,サガケン,Saga,,,,神埼市,カンザキシ,Kanzaki-shi,,,,神埼町志波屋,カンザキマチシワヤ,,,,,三本松,,,,0,0,0,0,0,0,1,0,1947-04-17,,1,,,,,,,,,,,,,,,,
412104,0007121,3,佐賀県,サガケン,Saga,,,,神埼市,カンザキシ,Kanzaki-shi,,,,神埼町志波屋,カンザキマチシワヤ,,,,,四本松,,,,0,0,0,0,0,0,1,0,1947-04-17,,1,,,,,,,,,,,,,,,,
412104,0007122,3,佐賀県,サガケン,Saga,,,,神埼市,カンザキシ,Kanzaki-shi,,,,神埼町志波屋,カンザキマチシワヤ,,,,,六ノ坪,,,,0,0,0,0,0,0,1,0,1947-04-17,,1,,,,,,,,,,,,,,,,
412104,0007123,3,佐賀県,サガケン,Saga,,,,神埼市,カンザキシ,Kanzaki-shi,,,,神埼町志波屋,カンザキマチシワヤ,,,,,四ノ角,,,,0,0,0,0,0,0,1,0,1947-04-17,,1,,,,,,,,,,,,,,,,
412104,0007124,3,佐賀県,サガケン,Saga,,,,神埼市,カンザキシ,Kanzaki-shi,,,,神埼町志波屋,カンザキマチシワヤ,,,,,三ノ坪,,,,0,0,0,0,0,0,1,0,1947-04-17,,1,,,,,,,,,,,,,,,,
412104,0007125,3,佐賀県,サガケン,Saga,,,,神埼市,カンザキシ,Kanzaki-shi,,,,神埼町志波屋,カンザキマチシワヤ,,,,,五ノ坪,,,,0,0,0,0,0,0,1,0,1947-04-17,,1,,,,,,,,,,,,,,,,
412104,0007126,3,佐賀県,サガケン,Saga,,,,神埼市,カンザキシ,Kanzaki-shi,,,,神埼町志波屋,カンザキマチシワヤ,,,,,二本松,,,,0,0,0,0,0,0,1,0,1947-04-17,,1,,,,,,,,,,,,,,,,
412104,0007127,3,佐賀県,サガケン,Saga,,,,神埼市,カンザキシ,Kanzaki-shi,,,,神埼町志波屋,カンザキマチシワヤ,,,,,四ノ坪,,,,0,0,0,0,0,0,1,0,1947-04-17,,1,,,,,,,,,,,,,,,,
412104,0007128,3,佐賀県,サガケン,Saga,,,,神埼市,カンザキシ,Kanzaki-shi,,,,神埼町志波屋,カンザキマチシワヤ,,,,,七本松,,,,0,0,0,0,0,0,1,0,1947-04-17,,1,,,,,,,,,,,,,,,,
412104,0007129,3,佐賀県,サガケン,Saga,,,,神埼市,カンザキシ,Kanzaki-shi,,,,神埼町志波屋,カンザキマチシワヤ,,,,,六本松,,,,0,0,0,0,0,0,1,0,1947-04-17,,1,,,,,,,,,,,,,,,,
412104,0007130,3,佐賀県,サガケン,Saga,,,,神埼市,カンザキシ,Kanzaki-shi,,,,神埼町志波屋,カンザキマチシワヤ,,,,,二ノ坪,,,,0,0,0,0,0,0,1,0,1947-04-17,,1,,,,,,,,,,,,,,,,
412104,0007131,3,佐賀県,サガケン,Saga,,,,神埼市,カンザキシ,Kanzaki-shi,,,,神埼町志波屋,カンザキマチシワヤ,,,,,二ノ角,,,,0,0,0,0,0,0,1,0,1947-04-17,,1,,,,,,,,,,,,,,,,
412104,0007132,3,佐賀県,サガケン,Saga,,,,神埼市,カンザキシ,Kanzaki-shi,,,,神埼町志波屋,カンザキマチシワヤ,,,,,七ノ坪,,,,0,0,0,0,0,0,1,0,1947-04-17,,1,,,,,,,,,,,,,,,,
412104,0007133,3,佐賀県,サガケン,Saga,,,,神埼市,カンザキシ,Kanzaki-shi,,,,神埼町志波屋,カンザキマチシワヤ,,,,,八ノ坪,,,,0,0,0,0,0,0,1,0,1947-04-17,,1,,,,,,,,,,,,,,,,
412104,0007134,3,佐賀県,サガケン,Saga,,,,神埼市,カンザキシ,Kanzaki-shi,,,,神埼町志波屋,カンザキマチシワヤ,,,,,一ノ坪,,,,0,0,0,0,0,0,1,0,1947-04-17,,1,,,,,,,,,,,,,,,,
412104,0007135,3,佐賀県,サガケン,Saga,,,,神埼市,カンザキシ,Kanzaki-shi,,,,神埼町志波屋,カンザキマチシワヤ,,,,,五本松,,,,0,0,0,0,0,0,1,0,1947-04-17,,1,,,,,,,,,,,,,,,,
412104,0007136,3,佐賀県,サガケン,Saga,,,,神埼市,カンザキシ,Kanzaki-shi,,,,神埼町志波屋,カンザキマチシワヤ,,,,,一本松,,,,0,0,0,0,0,0,1,0,1947-04-17,,1,,,,,,,,,,,,,,,,
412104,0007137,3,佐賀県,サガケン,Saga,,,,神埼市,カンザキシ,Kanzaki-shi,,,,神埼町志波屋,カンザキマチシワヤ,,,,,一ノ角,,,,0,0,0,0,0,0,1,0,1947-04-17,,1,,,,,,,,,,,,,,,,
412104,0007138,3,佐賀県,サガケン,Saga,,,,神埼市,カンザキシ,Kanzaki-shi,,,,神埼町志波屋,カンザキマチシワヤ,,,,,三ノ角,,,,0,0,0,0,0,0,1,0,1947-04-17,,1,,,,,,,,,,,,,,,,
412104,0008000,1,佐賀県,サガケン,Saga,,,,神埼市,カンザキシ,Kanzaki-shi,,,,神埼町竹,カンザキマチタケ,Kanzakimachi Take,,,,,,,,0,0,0,0,0,0,1,1,1947-04-17,,0,8420011,,,,,,,,,,,,,,,
412104,0008144,3,佐賀県,サガケン,Saga,,,,神埼市,カンザキシ,Kanzaki-shi,,,,神埼町竹,カンザキマチタケ,,,,,境,,,,0,0,0,0,0,0,1,0,1947-04-17,,1,,,,,,,,,,,,,,,,
412104,0008145,3,佐賀県,サガケン,Saga,,,,神埼市,カンザキシ,Kanzaki-shi,,,,神埼町竹,カンザキマチタケ,,,,,七ノ坪,,,,0,0,0,0,0,0,1,0,1947-04-17,,1,,,,,,,,,,,,,,,,
412104,0008146,3,佐賀県,サガケン,Saga,,,,神埼市,カンザキシ,Kanzaki-shi,,,,神埼町竹,カンザキマチタケ,,,,,天神西,,,,0,0,0,0,0,0,1,0,1947-04-17,,1,,,,,,,,,,,,,,,,
412104,0008147,3,佐賀県,サガケン,Saga,,,,神埼市,カンザキシ,Kanzaki-shi,,,,神埼町竹,カンザキマチタケ,,,,,黒木,,,,0,0,0,0,0,0,1,0,1947-04-17,,1,,,,,,,,,,,,,,,,
412104,0008148,3,佐賀県,サガケン,Saga,,,,神埼市,カンザキシ,Kanzaki-shi,,,,神埼町竹,カンザキマチタケ,,,,,五本松,,,,0,0,0,0,0,0,1,0,1947-04-17,,1,,,,,,,,,,,,,,,,
412104,0008149,3,佐賀県,サガケン,Saga,,,,神埼市,カンザキシ,Kanzaki-shi,,,,神埼町竹,カンザキマチタケ,,,,,惣原,,,,0,0,0,0,0,0,1,0,1947-04-17,,1,,,,,,,,,,,,,,,,
412104,0008150,3,佐賀県,サガケン,Saga,,,,神埼市,カンザキシ,Kanzaki-shi,,,,神埼町竹,カンザキマチタケ,,,,,池副,,,,0,0,0,0,0,0,1,0,1947-04-17,,1,,,,,,,,,,,,,,,,
412104,0008151,3,佐賀県,サガケン,Saga,,,,神埼市,カンザキシ,Kanzaki-shi,,,,神埼町竹,カンザキマチタケ,,,,,土井外,,,,0,0,0,0,0,0,1,0,1947-04-17,,1,,,,,,,,,,,,,,,,
412104,0008152,3,佐賀県,サガケン,Saga,,,,神埼市,カンザキシ,Kanzaki-shi,,,,神埼町竹,カンザキマチタケ,,,,,屋形,,,,0,0,0,0,0,0,1,0,1947-04-17,,1,,,,,,,,,,,,,,,,
412104,0008153,3,佐賀県,サガケン,Saga,,,,神埼市,カンザキシ,Kanzaki-shi,,,,神埼町竹,カンザキマチタケ,,,,,三本松,,,,0,0,0,0,0,0,1,0,1947-04-17,,1,,,,,,,,,,,,,,,,
412104,0008154,3,佐賀県,サガケン,Saga,,,,神埼市,カンザキシ,Kanzaki-shi,,,,神埼町竹,カンザキマチタケ,,,,,整地,,,,0,0,0,0,0,0,1,0,1947-04-17,,1,,,,,,,,,,,,,,,,
412104,0008155,3,佐賀県,サガケン,Saga,,,,神埼市,カンザキシ,Kanzaki-shi,,,,神埼町竹,カンザキマチタケ,,,,,椿,,,,0,0,0,0,0,0,1,0,1947-04-17,,1,,,,,,,,,,,,,,,,
412104,0008156,3,佐賀県,サガケン,Saga,,,,神埼市,カンザキシ,Kanzaki-shi,,,,神埼町竹,カンザキマチタケ,,,,,道南,,,,0,0,0,0,0,0,1,0,1947-04-17,,1,,,,,,,,,,,,,,,,
412104,0008157,3,佐賀県,サガケン,Saga,,,,神埼市,カンザキシ,Kanzaki-shi,,,,神埼町竹,カンザキマチタケ,,,,,二本杉,,,,0,0,0,0,0,0,1,0,1947-04-17,,1,,,,,,,,,,,,,,,,
412104,0008158,3,佐賀県,サガケン,Saga,,,,神埼市,カンザキシ,Kanzaki-shi,,,,神埼町竹,カンザキマチタケ,,,,,石行,,,,0,0,0,0,0,0,1,0,1947-04-17,,1,,,,,,,,,,,,,,,,
412104,0008159,3,佐賀県,サガケン,Saga,,,,神埼市,カンザキシ,Kanzaki-shi,,,,神埼町竹,カンザキマチタケ,,,,,火形,,,,0,0,0,0,0,0,1,0,1947-04-17,,1,,,,,,,,,,,,,,,,
412104,0008160,3,佐賀県,サガケン,Saga,,,,神埼市,カンザキシ,Kanzaki-shi,,,,神埼町竹,カンザキマチタケ,,,,,天神,,,,0,0,0,0,0,0,1,0,1947-04-17,,1,,,,,,,,,,,,,,,,
412104,0008161,3,佐賀県,サガケン,Saga,,,,神埼市,カンザキシ,Kanzaki-shi,,,,神埼町竹,カンザキマチタケ,,,,,利田,,,,0,0,0,0,0,0,1,0,1947-04-17,,1,,,,,,,,,,,,,,,,
412104,0008162,3,佐賀県,サガケン,Saga,,,,神埼市,カンザキシ,Kanzaki-shi,,,,神埼町竹,カンザキマチタケ,,,,,吉原,,,,0,0,0,0,0,0,1,0,1947-04-17,,1,,,,,,,,,,,,,,,,
412104,0008163,3,佐賀県,サガケン,Saga,,,,神埼市,カンザキシ,Kanzaki-shi,,,,神埼町竹,カンザキマチタケ,,,,,若宮,,,,0,0,0,0,0,0,1,0,1947-04-17,,1,,,,,,,,,,,,,,,,
412104,0008164,3,佐賀県,サガケン,Saga,,,,神埼市,カンザキシ,Kanzaki-shi,,,,神埼町竹,カンザキマチタケ,,,,,柳,,,,0,0,0,0,0,0,1,0,1947-04-17,,1,,,,,,,,,,,,,,,,
412104,0008165,3,佐賀県,サガケン,Saga,,,,神埼市,カンザキシ,Kanzaki-shi,,,,神埼町竹,カンザキマチタケ,,,,,礼中,,,,0,0,0,0,0,0,1,0,1947-04-17,,1,,,,,,,,,,,,,,,,
412104,0008166,3,佐賀県,サガケン,Saga,,,,神埼市,カンザキシ,Kanzaki-shi,,,,神埼町竹,カンザキマチタケ,,,,,三ノ割,,,,0,0,0,0,0,0,1,0,1947-04-17,,1,,,,,,,,,,,,,,,,
412104,0008167,3,佐賀県,サガケン,Saga,,,,神埼市,カンザキシ,Kanzaki-shi,,,,神埼町竹,カンザキマチタケ,,,,,松,,,,0,0,0,0,0,0,1,0,1947-04-17,,1,,,,,,,,,,,,,,,,
412104,0008168,3,佐賀県,サガケン,Saga,,,,神埼市,カンザキシ,Kanzaki-shi,,,,神埼町竹,カンザキマチタケ,,,,,柏原,,,,0,0,0,0,0,0,1,0,1947-04-17,,1,,,,,,,,,,,,,,,,
412104,0008169,3,佐賀県,サガケン,Saga,,,,神埼市,カンザキシ,Kanzaki-shi,,,,神埼町竹,カンザキマチタケ,,,,,野田,,,,0,0,0,0,0,0,1,0,1947-04-17,,1,,,,,,,,,,,,,,,,
412104,0008170,3,佐賀県,サガケン,Saga,,,,神埼市,カンザキシ,Kanzaki-shi,,,,神埼町竹,カンザキマチタケ,,,,,一ノ割,,,,0,0,0,0,0,0,1,0,1947-04-17,,1,,,,,,,,,,,,,,,,
412104,0008171,3,佐賀県,サガケン,Saga,,,,神埼市,カンザキシ,Kanzaki-shi,,,,神埼町竹,カンザキマチタケ,,,,,四本松,,,,0,0,0,0,0,0,1,0,1947-04-17,,1,,,,,,,,,,,,,,,,
412104,0008172,3,佐賀県,サガケン,Saga,,,,神埼市,カンザキシ,Kanzaki-shi,,,,神埼町竹,カンザキマチタケ,,,,,伏部,,,,0,0,0,0,0,0,1,0,1947-04-17,,1,,,,,,,,,,,,,,,,
412104,0008173,3,佐賀県,サガケン,Saga,,,,神埼市,カンザキシ,Kanzaki-shi,,,,神埼町竹,カンザキマチタケ,,,,,一本杉,,,,0,0,0,0,0,0,1,0,1947-04-17,,1,,,,,,,,,,,,,,,,
412104,0008174,3,佐賀県,サガケン,Saga,,,,神埼市,カンザキシ,Kanzaki-shi,,,,神埼町竹,カンザキマチタケ,,,,,八満,,,,0,0,0,0,0,0,1,0,1947-04-17,,1,,,,,,,,,,,,,,,,
412104,0008175,3,佐賀県,サガケン,Saga,,,,神埼市,カンザキシ,Kanzaki-shi,,,,神埼町竹,カンザキマチタケ,,,,,井樋尻,,,,0,0,0,0,0,0,1,0,1947-04-17,,1,,,,,,,,,,,,,,,,
412104,0008176,3,佐賀県,サガケン,Saga,,,,神埼市,カンザキシ,Kanzaki-shi,,,,神埼町竹,カンザキマチタケ,,,,,島原,,,,0,0,0,0,0,0,1,0,1947-04-17,,1,,,,,,,,,,,,,,,,
412104,0008177,3,佐賀県,サガケン,Saga,,,,神埼市,カンザキシ,Kanzaki-shi,,,,神埼町竹,カンザキマチタケ,,,,,口無,,,,0,0,0,0,0,0,1,0,1947-04-17,,1,,,,,,,,,,,,,,,,
412104,0008178,3,佐賀県,サガケン,Saga,,,,神埼市,カンザキシ,Kanzaki-shi,,,,神埼町竹,カンザキマチタケ,,,,,川寄,,,,0,0,0,0,0,0,1,0,1947-04-17,,1,,,,,,,,,,,,,,,,
412104,0008179,3,佐賀県,サガケン,Saga,,,,神埼市,カンザキシ,Kanzaki-shi,,,,神埼町竹,カンザキマチタケ,,,,,野寄,,,,0,0,0,0,0,0,1,0,1947-04-17,,1,,,,,,,,,,,,,,,,
412104,0008180,3,佐賀県,サガケン,Saga,,,,神埼市,カンザキシ,Kanzaki-shi,,,,神埼町竹,カンザキマチタケ,,,,,四ノ割,,,,0,0,0,0,0,0,1,0,1947-04-17,,1,,,,,,,,,,,,,,,,
412104,0008181,3,佐賀県,サガケン,Saga,,,,神埼市,カンザキシ,Kanzaki-shi,,,,神埼町竹,カンザキマチタケ,,,,,島ノ坪,,,,0,0,0,0,0,0,1,0,1947-04-17,,1,,,,,,,,,,,,,,,,
412104,0008182,3,佐賀県,サガケン,Saga,,,,神埼市,カンザキシ,Kanzaki-shi,,,,神埼町竹,カンザキマチタケ,,,,,松原,,,,0,0,0,0,0,0,1,0,1947-04-17,,1,,,,,,,,,,,,,,,,
412104,0008183,3,佐賀県,サガケン,Saga,,,,神埼市,カンザキシ,Kanzaki-shi,,,,神埼町竹,カンザキマチタケ,,,,,天神東,,,,0,0,0,0,0,0,1,0,1947-04-17,,1,,,,,,,,,,,,,,,,
412104,0008184,3,佐賀県,サガケン,Saga,,,,神埼市,カンザキシ,Kanzaki-shi,,,,神埼町竹,カンザキマチタケ,,,,,村副,,,,0,0,0,0,0,0,1,0,1947-04-17,,1,,,,,,,,,,,,,,,,
412104,0008185,3,佐賀県,サガケン,Saga,,,,神埼市,カンザキシ,Kanzaki-shi,,,,神埼町竹,カンザキマチタケ,,,,,道北,,,,0,0,0,0,0,0,1,0,1947-04-17,,1,,,,,,,,,,,,,,,,
412104,0008186,3,佐賀県,サガケン,Saga,,,,神埼市,カンザキシ,Kanzaki-shi,,,,神埼町竹,カンザキマチタケ,,,,,二ノ割,,,,0,0,0,0,0,0,1,0,1947-04-17,,1,,,,,,,,,,,,,,,,
412104,0008187,3,佐賀県,サガケン,Saga,,,,神埼市,カンザキシ,Kanzaki-shi,,,,神埼町竹,カンザキマチタケ,,,,,杉,,,,0,0,0,0,0,0,1,0,1947-04-17,,1,,,,,,,,,,,,,,,,
412104,0008188,3,佐賀県,サガケン,Saga,,,,神埼市,カンザキシ,Kanzaki-shi,,,,神埼町竹,カンザキマチタケ,,,,,花町,,,,0,0,0,0,0,0,1,0,1947-04-17,,1,,,,,,,,,,,,,,,,
412104,0009000,1,佐賀県,サガケン,Saga,,,,神埼市,カンザキシ,Kanzaki-shi,,,,神埼町田道ヶ里,カンザキマチタミチガリ,Kanzakimachi Tamichigari,,,,,,,,0,0,0,0,0,0,1,1,1947-04-17,,0,8420002,,,,,,,,,,,,,,,
412104,0009131,3,佐賀県,サガケン,Saga,,,,神埼市,カンザキシ,Kanzaki-shi,,,,神埼町田道ヶ里,カンザキマチタミチガリ,,,,,四ノ折,ヨンノオリ,,,0,0,0,0,0,0,1,0,1947-04-17,,1,,,,,,,,,,,,,,,,
412104,0009132,3,佐賀県,サガケン,Saga,,,,神埼市,カンザキシ,Kanzaki-shi,,,,神埼町田道ヶ里,カンザキマチタミチガリ,,,,,平八本松,ヒラハチホンマツ,,,0,0,0,0,0,0,1,0,1947-04-17,,1,,,,,,,,,,,,,,,,
412104,0009133,3,佐賀県,サガケン,Saga,,,,神埼市,カンザキシ,Kanzaki-shi,,,,神埼町田道ヶ里,カンザキマチタミチガリ,,,,,二区,ニク,,,0,0,0,0,0,0,1,0,1947-04-17,,1,,,,,,,,,,,,,,,,
412104,0009134,3,佐賀県,サガケン,Saga,,,,神埼市,カンザキシ,Kanzaki-shi,,,,神埼町田道ヶ里,カンザキマチタミチガリ,,,,,平五本松,ヒラゴホンマツ,,,0,0,0,0,0,0,1,0,1947-04-17,,1,,,,,,,,,,,,,,,,
412104,0009135,3,佐賀県,サガケン,Saga,,,,神埼市,カンザキシ,Kanzaki-shi,,,,神埼町田道ヶ里,カンザキマチタミチガリ,,,,,平六本松,ヒラロッポンマツ,,,0,0,0,0,0,0,1,0,1947-04-17,,1,,,,,,,,,,,,,,,,
412104,0009136,3,佐賀県,サガケン,Saga,,,,神埼市,カンザキシ,Kanzaki-shi,,,,神埼町田道ヶ里,カンザキマチタミチガリ,,,,,田五本松,デンゴホンマツ,,,0,0,0,0,0,0,1,0,1947-04-17,,1,,,,,,,,,,,,,,,,
412104,0009137,3,佐賀県,サガケン,Saga,,,,神埼市,カンザキシ,Kanzaki-shi,,,,神埼町田道ヶ里,カンザキマチタミチガリ,,,,,８区,ハチク,,,0,0,0,0,0,0,1,0,1947-04-17,,1,,,,,,,,,,,,,,,,
412104,0009138,3,佐賀県,サガケン,Saga,,,,神埼市,カンザキシ,Kanzaki-shi,,,,神埼町田道ヶ里,カンザキマチタミチガリ,,,,,三ノ折,サンノオリ,,,0,0,0,0,0,0,1,0,1947-04-17,,1,,,,,,,,,,,,,,,,
412104,0009139,3,佐賀県,サガケン,Saga,,,,神埼市,カンザキシ,Kanzaki-shi,,,,神埼町田道ヶ里,カンザキマチタミチガリ,,,,,一区,イック,,,0,0,0,0,0,0,1,0,1947-04-17,,1,,,,,,,,,,,,,,,,
412104,0009140,3,佐賀県,サガケン,Saga,,,,神埼市,カンザキシ,Kanzaki-shi,,,,神埼町田道ヶ里,カンザキマチタミチガリ,,,,,北四本松,キタヨンホンマツ,,,0,0,0,0,0,0,1,0,1947-04-17,,1,,,,,,,,,,,,,,,,
412104,0009141,3,佐賀県,サガケン,Saga,,,,神埼市,カンザキシ,Kanzaki-shi,,,,神埼町田道ヶ里,カンザキマチタミチガリ,,,,,平三本松,ヒラサンボンマツ,,,0,0,0,0,0,0,1,0,1947-04-17,,1,,,,,,,,,,,,,,,,
412104,0009142,3,佐賀県,サガケン,Saga,,,,神埼市,カンザキシ,Kanzaki-shi,,,,神埼町田道ヶ里,カンザキマチタミチガリ,,,,,田二本松,デンニホンマツ,,,0,0,0,0,0,0,1,0,1947-04-17,,1,,,,,,,,,,,,,,,,
412104,0009143,3,佐賀県,サガケン,Saga,,,,神埼市,カンザキシ,Kanzaki-shi,,,,神埼町田道ヶ里,カンザキマチタミチガリ,,,,,平四本松,ヒラヨンホンマツ,,,0,0,0,0,0,0,1,0,1947-04-17,,1,,,,,,,,,,,,,,,,
412104,0009144,3,佐賀県,サガケン,Saga,,,,神埼市,カンザキシ,Kanzaki-shi,,,,神埼町田道ヶ里,カンザキマチタミチガリ,,,,,平一本松,ヒライッポンマツ,,,0,0,0,0,0,0,1,0,1947-04-17,,1,,,,,,,,,,,,,,,,
412104,0009145,3,佐賀県,サガケン,Saga,,,,神埼市,カンザキシ,Kanzaki-shi,,,,神埼町田道ヶ里,カンザキマチタミチガリ,,,,,一ノ折,イチノオリ,,,0,0,0,0,0,0,1,0,1947-04-17,,1,,,,,,,,,,,,,,,,
412104,0009146,3,佐賀県,サガケン,Saga,,,,神埼市,カンザキシ,Kanzaki-shi,,,,神埼町田道ヶ里,カンザキマチタミチガリ,,,,,神四本松,カンヨンホンマツ,,,0,0,0,0,0,0,1,0,1947-04-17,,1,,,,,,,,,,,,,,,,
412104,0009147,3,佐賀県,サガケン,Saga,,,,神埼市,カンザキシ,Kanzaki-shi,,,,神埼町田道ヶ里,カンザキマチタミチガリ,,,,,五区,ゴク,,,0,0,0,0,0,0,1,0,1947-04-17,,1,,,,,,,,,,,,,,,,
412104,0009148,3,佐賀県,サガケン,Saga,,,,神埼市,カンザキシ,Kanzaki-shi,,,,神埼町田道ヶ里,カンザキマチタミチガリ,,,,,観音,カンノン,,,0,0,0,0,0,0,1,0,1947-04-17,,1,,,,,,,,,,,,,,,,
412104,0009149,3,佐賀県,サガケン,Saga,,,,神埼市,カンザキシ,Kanzaki-shi,,,,神埼町田道ヶ里,カンザキマチタミチガリ,,,,,７区,ナナク,,,0,0,0,0,0,0,1,0,1947-04-17,,1,,,,,,,,,,,,,,,,
412104,0009150,3,佐賀県,サガケン,Saga,,,,神埼市,カンザキシ,Kanzaki-shi,,,,神埼町田道ヶ里,カンザキマチタミチガリ,,,,,駅三本松,エキサンボンマツ,,,0,0,0,0,0,0,1,0,1947-04-17,,1,,,,,,,,,,,,,,,,
412104,0009151,3,佐賀県,サガケン,Saga,,,,神埼市,カンザキシ,Kanzaki-shi,,,,神埼町田道ヶ里,カンザキマチタミチガリ,,,,,平二本松,ヒラニホンマツ,,,0,0,0,0,0,0,1,0,1947-04-17,,1,,,,,,,,,,,,,,,,
412104,0009152,3,佐賀県,サガケン,Saga,,,,神埼市,カンザキシ,Kanzaki-shi,,,,神埼町田道ヶ里,カンザキマチタミチガリ,,,,,田四本松,デンヨンホンマツ,,,0,0,0,0,0,0,1,0,1947-04-17,,1,,,,,,,,,,,,,,,,
412104,0009153,3,佐賀県,サガケン,Saga,,,,神埼市,カンザキシ,Kanzaki-shi,,,,神埼町田道ヶ里,カンザキマチタミチガリ,,,,,田三本松,デンサンボンマツ,,,0,0,0,0,0,0,1,0,1947-04-17,,1,,,,,,,,,,,,,,,,
412104,0009154,3,佐賀県,サガケン,Saga,,,,神埼市,カンザキシ,Kanzaki-shi,,,,神埼町田道ヶ里,カンザキマチタミチガリ,,,,,駅二本松,エキニホンマツ,,,0,0,0,0,0,0,1,0,1947-04-17,,1,,,,,,,,,,,,,,,,
412104,0009155,3,佐賀県,サガケン,Saga,,,,神埼市,カンザキシ,Kanzaki-shi,,,,神埼町田道ヶ里,カンザキマチタミチガリ,,,,,川原,カワハラ,,,0,0,0,0,0,0,1,0,1947-04-17,,1,,,,,,,,,,,,,,,,
412104,0009156,3,佐賀県,サガケン,Saga,,,,神埼市,カンザキシ,Kanzaki-shi,,,,神埼町田道ヶ里,カンザキマチタミチガリ,,,,,６区,ロック,,,0,0,0,0,0,0,1,0,1947-04-17,,1,,,,,,,,,,,,,,,,
412104,0009157,3,佐賀県,サガケン,Saga,,,,神埼市,カンザキシ,Kanzaki-shi,,,,神埼町田道ヶ里,カンザキマチタミチガリ,,,,,二ノ折,ニノオリ,,,0,0,0,0,0,0,1,0,1947-04-17,,1,,,,,,,,,,,,,,,,
412104,0009158,3,佐賀県,サガケン,Saga,,,,神埼市,カンザキシ,Kanzaki-shi,,,,神埼町田道ヶ里,カンザキマチタミチガリ,,,,,田道,タミ,,,0,0,0,0,0,0,1,0,1947-04-17,,1,,,,,,,,,,,,,,,,
412104,0009159,3,佐賀県,サガケン,Saga,,,,神埼市,カンザキシ,Kanzaki-shi,,,,神埼町田道ヶ里,カンザキマチタミチガリ,,,,,田一本松,デンイッポンマツ,,,0,0,0,0,0,0,1,0,1947-04-17,,1,,,,,,,,,,,,,,,,
412104,0009160,3,佐賀県,サガケン,Saga,,,,神埼市,カンザキシ,Kanzaki-shi,,,,神埼町田道ヶ里,カンザキマチタミチガリ,,,,,平七本松,ヒラナナホンマツ,,,0,0,0,0,0,0,1,0,1947-04-17,,1,,,,,,,,,,,,,,,,
412104,0009161,3,佐賀県,サガケン,Saga,,,,神埼市,カンザキシ,Kanzaki-shi,,,,神埼町田道ヶ里,カンザキマチタミチガリ,,,,,駅一本松,エキイッポンマツ,,,0,0,0,0,0,0,1,0,1947-04-17,,1,,,,,,,,,,,,,,,,
412104,0009162,3,佐賀県,サガケン,Saga,,,,神埼市,カンザキシ,Kanzaki-shi,,,,神埼町田道ヶ里,カンザキマチタミチガリ,,,,,四区,ヨンク,,,0,0,0,0,0,0,1,0,1947-04-17,,1,,,,,,,,,,,,,,,,
412104,0009163,3,佐賀県,サガケン,Saga,,,,神埼市,カンザキシ,Kanzaki-shi,,,,神埼町田道ヶ里,カンザキマチタミチガリ,,,,,三区,サンク,,,0,0,0,0,0,0,1,0,1947-04-17,,1,,,,,,,,,,,,,,,,
412104,0010000,1,佐賀県,サガケン,Saga,,,,神埼市,カンザキシ,Kanzaki-shi,,,,神埼町鶴,カンザキマチツル,,,,,,,,,0,0,0,0,0,0,1,1,1947-04-17,,0,,,,,,,,,,,,,,,,
412104,0010127,3,佐賀県,サガケン,Saga,,,,神埼市,カンザキシ,Kanzaki-shi,,,,神埼町鶴,カンザキマチツル,,,,,枝町,,,,0,0,0,0,0,0,1,0,1947-04-17,,1,,,,,,,,,,,,,,,,
412104,0010128,3,佐賀県,サガケン,Saga,,,,神埼市,カンザキシ,Kanzaki-shi,,,,神埼町鶴,カンザキマチツル,,,,,祇園松,,,,0,0,0,0,0,0,1,0,1947-04-17,,1,,,,,,,,,,,,,,,,
412104,0010129,3,佐賀県,サガケン,Saga,,,,神埼市,カンザキシ,Kanzaki-shi,,,,神埼町鶴,カンザキマチツル,,,,,鶴籠,,,,0,0,0,0,0,0,1,0,1947-04-17,,1,,,,,,,,,,,,,,,,
412104,0010130,3,佐賀県,サガケン,Saga,,,,神埼市,カンザキシ,Kanzaki-shi,,,,神埼町鶴,カンザキマチツル,,,,,馬郡,,,,0,0,0,0,0,0,1,0,1947-04-17,,1,,,,,,,,,,,,,,,,
412104,0010131,3,佐賀県,サガケン,Saga,,,,神埼市,カンザキシ,Kanzaki-shi,,,,神埼町鶴,カンザキマチツル,,,,,柳ノ三,,,,0,0,0,0,0,0,1,0,1947-04-17,,1,,,,,,,,,,,,,,,,
412104,0010132,3,佐賀県,サガケン,Saga,,,,神埼市,カンザキシ,Kanzaki-shi,,,,神埼町鶴,カンザキマチツル,,,,,郷町,,,,0,0,0,0,0,0,1,0,1947-04-17,,1,,,,,,,,,,,,,,,,
412104,0010133,3,佐賀県,サガケン,Saga,,,,神埼市,カンザキシ,Kanzaki-shi,,,,神埼町鶴,カンザキマチツル,,,,,一本松,,,,0,0,0,0,0,0,1,0,1947-04-17,,1,,,,,,,,,,,,,,,,
412104,0010134,3,佐賀県,サガケン,Saga,,,,神埼市,カンザキシ,Kanzaki-shi,,,,神埼町鶴,カンザキマチツル,,,,,従縁,,,,0,0,0,0,0,0,1,0,1947-04-17,,1,,,,,,,,,,,,,,,,
412104,0010135,3,佐賀県,サガケン,Saga,,,,神埼市,カンザキシ,Kanzaki-shi,,,,神埼町鶴,カンザキマチツル,,,,,下ノ辻,,,,0,0,0,0,0,0,1,0,1947-04-17,,1,,,,,,,,,,,,,,,,
412104,0010136,3,佐賀県,サガケン,Saga,,,,神埼市,カンザキシ,Kanzaki-shi,,,,神埼町鶴,カンザキマチツル,,,,,日出町,,,,0,0,0,0,0,0,1,0,1947-04-17,,1,,,,,,,,,,,,,,,,
412104,0010137,3,佐賀県,サガケン,Saga,,,,神埼市,カンザキシ,Kanzaki-shi,,,,神埼町鶴,カンザキマチツル,,,,,郷境,ゴウザカイ,,,0,0,0,0,0,0,1,0,1947-04-17,,1,,,,,,,,,,,,,,,,
412104,0010138,3,佐賀県,サガケン,Saga,,,,神埼市,カンザキシ,Kanzaki-shi,,,,神埼町鶴,カンザキマチツル,,,,,今鶴,,,,0,0,0,0,0,0,1,0,1947-04-17,,1,,,,,,,,,,,,,,,,
412104,0010139,3,佐賀県,サガケン,Saga,,,,神埼市,カンザキシ,Kanzaki-shi,,,,神埼町鶴,カンザキマチツル,,,,,中園,,,,0,0,0,0,0,0,1,0,1947-04-17,,1,,,,,,,,,,,,,,,,
412104,0010140,3,佐賀県,サガケン,Saga,,,,神埼市,カンザキシ,Kanzaki-shi,,,,神埼町鶴,カンザキマチツル,,,,,一ノ坪,,,,0,0,0,0,0,0,1,0,1947-04-17,,1,,,,,,,,,,,,,,,,
412104,0010141,3,佐賀県,サガケン,Saga,,,,神埼市,カンザキシ,Kanzaki-shi,,,,神埼町鶴,カンザキマチツル,,,,,秀鶴,,,,0,0,0,0,0,0,1,0,1947-04-17,,1,,,,,,,,,,,,,,,,
412104,0010142,3,佐賀県,サガケン,Saga,,,,神埼市,カンザキシ,Kanzaki-shi,,,,神埼町鶴,カンザキマチツル,,,,,柳ノ一,,,,0,0,0,0,0,0,1,0,1947-04-17,,1,,,,,,,,,,,,,,,,
412104,0010143,3,佐賀県,サガケン,Saga,,,,神埼市,カンザキシ,Kanzaki-shi,,,,神埼町鶴,カンザキマチツル,,,,,枝刈,,,,0,0,0,0,0,0,1,0,1947-04-17,,1,,,,,,,,,,,,,,,,
412104,0010144,3,佐賀県,サガケン,Saga,,,,神埼市,カンザキシ,Kanzaki-shi,,,,神埼町鶴,カンザキマチツル,,,,,日吉,,,,0,0,0,0,0,0,1,0,1947-04-17,,1,,,,,,,,,,,,,,,,
412104,0010145,3,佐賀県,サガケン,Saga,,,,神埼市,カンザキシ,Kanzaki-shi,,,,神埼町鶴,カンザキマチツル,,,,,茜,,,,0,0,0,0,0,0,1,0,1947-04-17,,1,,,,,,,,,,,,,,,,
412104,0010146,3,佐賀県,サガケン,Saga,,,,神埼市,カンザキシ,Kanzaki-shi,,,,神埼町鶴,カンザキマチツル,,,,,御敷町,,,,0,0,0,0,0,0,1,0,1947-04-17,,1,,,,,,,,,,,,,,,,
412104,0010147,3,佐賀県,サガケン,Saga,,,,神埼市,カンザキシ,Kanzaki-shi,,,,神埼町鶴,カンザキマチツル,,,,,西田,,,,0,0,0,0,0,0,1,0,1947-04-17,,1,,,,,,,,,,,,,,,,
412104,0010148,3,佐賀県,サガケン,Saga,,,,神埼市,カンザキシ,Kanzaki-shi,,,,神埼町鶴,カンザキマチツル,,,,,大坪,,,,0,0,0,0,0,0,1,0,1947-04-17,,1,,,,,,,,,,,,,,,,
412104,0010149,3,佐賀県,サガケン,Saga,,,,神埼市,カンザキシ,Kanzaki-shi,,,,神埼町鶴,カンザキマチツル,,,,,祇園町,,,,0,0,0,0,0,0,1,0,1947-04-17,,1,,,,,,,,,,,,,,,,
412104,0010150,3,佐賀県,サガケン,Saga,,,,神埼市,カンザキシ,Kanzaki-shi,,,,神埼町鶴,カンザキマチツル,,,,,浦田,,,,0,0,0,0,0,0,1,0,1947-04-17,,1,,,,,,,,,,,,,,,,
412104,0010151,3,佐賀県,サガケン,Saga,,,,神埼市,カンザキシ,Kanzaki-shi,,,,神埼町鶴,カンザキマチツル,,,,,柳ノ二,,,,0,0,0,0,0,0,1,0,1947-04-17,,1,,,,,,,,,,,,,,,,
412104,0010152,3,佐賀県,サガケン,Saga,,,,神埼市,カンザキシ,Kanzaki-shi,,,,神埼町鶴,カンザキマチツル,,,,,前田,,,,0,0,0,0,0,0,1,0,1947-04-17,,1,,,,,,,,,,,,,,,,
412104,0011000,1,佐賀県,サガケン,Saga,,,,神埼市,カンザキシ,Kanzaki-shi,,,,神埼町永歌,カンザキマチナガウタ,Kanzakimachi Nagauta,,,,,,,,0,0,0,0,0,0,1,1,1947-04-17,,0,8420004,,,,,,,,,,,,,,,
412104,0011116,3,佐賀県,サガケン,Saga,,,,神埼市,カンザキシ,Kanzaki-shi,,,,神埼町永歌,カンザキマチナガウタ,,,,,小一本松,ショウイッポンマツ,,,0,0,0,0,0,0,1,0,1947-04-17,,1,,,,,,,,,,,,,,,,
412104,0011117,3,佐賀県,サガケン,Saga,,,,神埼市,カンザキシ,Kanzaki-shi,,,,神埼町永歌,カンザキマチナガウタ,,,,,大四本松,ダイヨンホンマツ,,,0,0,0,0,0,0,1,0,1947-04-17,,1,,,,,,,,,,,,,,,,
412104,0011118,3,佐賀県,サガケン,Saga,,,,神埼市,カンザキシ,Kanzaki-shi,,,,神埼町永歌,カンザキマチナガウタ,,,,,小三本松,ショウサンボンマツ,,,0,0,0,0,0,0,1,0,1947-04-17,,1,,,,,,,,,,,,,,,,
412104,0011119,3,佐賀県,サガケン,Saga,,,,神埼市,カンザキシ,Kanzaki-shi,,,,神埼町永歌,カンザキマチナガウタ,,,,,永四本松,エイヨンホンマツ,,,0,0,0,0,0,0,1,0,1947-04-17,,1,,,,,,,,,,,,,,,,
412104,0011120,3,佐賀県,サガケン,Saga,,,,神埼市,カンザキシ,Kanzaki-shi,,,,神埼町永歌,カンザキマチナガウタ,,,,,小四本松,ショウヨンホンマツ,,,0,0,0,0,0,0,1,0,1947-04-17,,1,,,,,,,,,,,,,,,,
412104,0011121,3,佐賀県,サガケン,Saga,,,,神埼市,カンザキシ,Kanzaki-shi,,,,神埼町永歌,カンザキマチナガウタ,,,,,村内,ムラウチ,,,0,0,0,0,0,0,1,0,1947-04-17,,1,,,,,,,,,,,,,,,,
412104,0011122,3,佐賀県,サガケン,Saga,,,,神埼市,カンザキシ,Kanzaki-shi,,,,神埼町永歌,カンザキマチナガウタ,,,,,永五本松,エイゴホンマツ,,,0,0,0,0,0,0,1,0,1947-04-17,,1,,,,,,,,,,,,,,,,
412104,0011123,3,佐賀県,サガケン,Saga,,,,神埼市,カンザキシ,Kanzaki-shi,,,,神埼町永歌,カンザキマチナガウタ,,,,,永三本松,エイサンボンマツ,,,0,0,0,0,0,0,1,0,1947-04-17,,1,,,,,,,,,,,,,,,,
412104,0011124,3,佐賀県,サガケン,Saga,,,,神埼市,カンザキシ,Kanzaki-shi,,,,神埼町永歌,カンザキマチナガウタ,,,,,永二本松,エイニホンマツ,,,0,0,0,0,0,0,1,0,1947-04-17,,1,,,,,,,,,,,,,,,,
412104,0011125,3,佐賀県,サガケン,Saga,,,,神埼市,カンザキシ,Kanzaki-shi,,,,神埼町永歌,カンザキマチナガウタ,,,,,小二本松,ショウニホンマツ,,,0,0,0,0,0,0,1,0,1947-04-17,,1,,,,,,,,,,,,,,,,
412104,0011126,3,佐賀県,サガケン,Saga,,,,神埼市,カンザキシ,Kanzaki-shi,,,,神埼町永歌,カンザキマチナガウタ,,,,,大一本松,ダイイッポンマツ,,,0,0,0,0,0,0,1,0,1947-04-17,,1,,,,,,,,,,,,,,,,
412104,0011127,3,佐賀県,サガケン,Saga,,,,神埼市,カンザキシ,Kanzaki-shi,,,,神埼町永歌,カンザキマチナガウタ,,,,,永一本松,エイイッポンマツ,,,0,0,0,0,0,0,1,0,1947-04-17,,1,,,,,,,,,,,,,,,,
412104,0011128,3,佐賀県,サガケン,Saga,,,,神埼市,カンザキシ,Kanzaki-shi,,,,神埼町永歌,カンザキマチナガウタ,,,,,大三本松,ダイサンボンマツ,,,0,0,0,0,0,0,1,0,1947-04-17,,1,,,,,,,,,,,,,,,,
412104,0011129,3,佐賀県,サガケン,Saga,,,,神埼市,カンザキシ,Kanzaki-shi,,,,神埼町永歌,カンザキマチナガウタ,,,,,大二本松,ダイニホンマツ,,,0,0,0,0,0,0,1,0,1947-04-17,,1,,,,,,,,,,,,,,,,
412104,0011130,3,佐賀県,サガケン,Saga,,,,神埼市,カンザキシ,Kanzaki-shi,,,,神埼町永歌,カンザキマチナガウタ,,,,,大五本松,ダイゴホンマツ,,,0,0,0,0,0,0,1,0,1947-04-17,,1,,,,,,,,,,,,,,,,
412104,0012000,1,佐賀県,サガケン,Saga,,,,神埼市,カンザキシ,Kanzaki-shi,,,,神埼町西小津ヶ里,カンザキマチニシオヅガリ,Kanzakimachi Nishiozugari,,,,,,,,0,0,0,0,0,0,1,1,1947-04-17,,0,8420005,,*_*_*_MJ024196_*_*_*_*,,,,,,,,,,,,,
412104,0012103,3,佐賀県,サガケン,Saga,,,,神埼市,カンザキシ,Kanzaki-shi,,,,神埼町西小津ヶ里,カンザキマチニシオヅガリ,,,,,六本松,ロッポンマツ,,,0,0,0,0,0,0,1,0,1947-04-17,,1,,,,,,,,,,,,,,,,
412104,0012104,3,佐賀県,サガケン,Saga,,,,神埼市,カンザキシ,Kanzaki-shi,,,,神埼町西小津ヶ里,カンザキマチニシオヅガリ,,,,,七本松,ナナホンマツ,,,0,0,0,0,0,0,1,0,1947-04-17,,1,,,,,,,,,,,,,,,,
412104,0013000,1,佐賀県,サガケン,Saga,,,,神埼市,カンザキシ,Kanzaki-shi,,,,神埼町本告牟田,カンザキマチモトオリムタ,Kanzakimachi Motorimuta,,,,,,,,0,0,0,0,0,0,1,1,1947-04-17,,0,8420013,,,,,,,,,,,,,,,
412104,0013122,3,佐賀県,サガケン,Saga,,,,神埼市,カンザキシ,Kanzaki-shi,,,,神埼町本告牟田,カンザキマチモトオリムタ,,,,,六本柳,ロッポンヤナギ,,,0,0,0,0,0,0,1,0,1947-04-17,,1,,,,,,,,,,,,,,,,
412104,0013123,3,佐賀県,サガケン,Saga,,,,神埼市,カンザキシ,Kanzaki-shi,,,,神埼町本告牟田,カンザキマチモトオリムタ,,,,,八本杉,ハチホンズギ,,,0,0,0,0,0,0,1,0,1947-04-17,,1,,,,,,,,,,,,,,,,
412104,0013124,3,佐賀県,サガケン,Saga,,,,神埼市,カンザキシ,Kanzaki-shi,,,,神埼町本告牟田,カンザキマチモトオリムタ,,,,,九本松,キュウホンマツ,,,0,0,0,0,0,0,1,0,1947-04-17,,1,,,,,,,,,,,,,,,,
412104,0013125,3,佐賀県,サガケン,Saga,,,,神埼市,カンザキシ,Kanzaki-shi,,,,神埼町本告牟田,カンザキマチモトオリムタ,,,,,二本柳,ニホンヤナギ,,,0,0,0,0,0,0,1,0,1947-04-17,,1,,,,,,,,,,,,,,,,
412104,0013126,3,佐賀県,サガケン,Saga,,,,神埼市,カンザキシ,Kanzaki-shi,,,,神埼町本告牟田,カンザキマチモトオリムタ,,,,,六本杉,ロッポンスギ,,,0,0,0,0,0,0,1,0,1947-04-17,,1,,,,,,,,,,,,,,,,
412104,0013127,3,佐賀県,サガケン,Saga,,,,神埼市,カンザキシ,Kanzaki-shi,,,,神埼町本告牟田,カンザキマチモトオリムタ,,,,,西池辺田,ニシイケベタ,,,0,0,0,0,0,0,1,0,1947-04-17,,1,,,,,,,,,,,,,,,,
412104,0013128,3,佐賀県,サガケン,Saga,,,,神埼市,カンザキシ,Kanzaki-shi,,,,神埼町本告牟田,カンザキマチモトオリムタ,,,,,四本柳,ヨンホンヤナギ,,,0,0,0,0,0,0,1,0,1947-04-17,,1,,,,,,,,,,,,,,,,
412104,0013129,3,佐賀県,サガケン,Saga,,,,神埼市,カンザキシ,Kanzaki-shi,,,,神埼町本告牟田,カンザキマチモトオリムタ,,,,,一本柳,イッポンヤナギ,,,0,0,0,0,0,0,1,0,1947-04-17,,1,,,,,,,,,,,,,,,,
412104,0013130,3,佐賀県,サガケン,Saga,,,,神埼市,カンザキシ,Kanzaki-shi,,,,神埼町本告牟田,カンザキマチモトオリムタ,,,,,七本杉,ナナホンスギ,,,0,0,0,0,0,0,1,0,1947-04-17,,1,,,,,,,,,,,,,,,,
412104,0013131,3,佐賀県,サガケン,Saga,,,,神埼市,カンザキシ,Kanzaki-shi,,,,神埼町本告牟田,カンザキマチモトオリムタ,,,,,三ノ鶴,サンノツル,,,0,0,0,0,0,0,1,0,1947-04-17,,1,,,,,,,,,,,,,,,,
412104,0013132,3,佐賀県,サガケン,Saga,,,,神埼市,カンザキシ,Kanzaki-shi,,,,神埼町本告牟田,カンザキマチモトオリムタ,,,,,一本杉,イッポンスギ,,,0,0,0,0,0,0,1,0,1947-04-17,,1,,,,,,,,,,,,,,,,
412104,0013133,3,佐賀県,サガケン,Saga,,,,神埼市,カンザキシ,Kanzaki-shi,,,,神埼町本告牟田,カンザキマチモトオリムタ,,,,,東池辺田,ヒガシイケベタ,,,0,0,0,0,0,0,1,0,1947-04-17,,1,,,,,,,,,,,,,,,,
412104,0013134,3,佐賀県,サガケン,Saga,,,,神埼市,カンザキシ,Kanzaki-shi,,,,神埼町本告牟田,カンザキマチモトオリムタ,,,,,二本杉,ニホンスギ,,,0,0,0,0,0,0,1,0,1947-04-17,,1,,,,,,,,,,,,,,,,
412104,0013135,3,佐賀県,サガケン,Saga,,,,神埼市,カンザキシ,Kanzaki-shi,,,,神埼町本告牟田,カンザキマチモトオリムタ,,,,,十本松,ジュッポンマツ,,,0,0,0,0,0,0,1,0,1947-04-17,,1,,,,,,,,,,,,,,,,
412104,0013136,3,佐賀県,サガケン,Saga,,,,神埼市,カンザキシ,Kanzaki-shi,,,,神埼町本告牟田,カンザキマチモトオリムタ,,,,,三本柳,サンボンヤナギ,,,0,0,0,0,0,0,1,0,1947-04-17,,1,,,,,,,,,,,,,,,,
412104,0013137,3,佐賀県,サガケン,Saga,,,,神埼市,カンザキシ,Kanzaki-shi,,,,神埼町本告牟田,カンザキマチモトオリムタ,,,,,五本柳,ゴホンヤナギ,,,0,0,0,0,0,0,1,0,1947-04-17,,1,,,,,,,,,,,,,,,,
412104,0013138,3,佐賀県,サガケン,Saga,,,,神埼市,カンザキシ,Kanzaki-shi,,,,神埼町本告牟田,カンザキマチモトオリムタ,,,,,二ノ鶴,ニノツル,,,0,0,0,0,0,0,1,0,1947-04-17,,1,,,,,,,,,,,,,,,,
412104,0013139,3,佐賀県,サガケン,Saga,,,,神埼市,カンザキシ,Kanzaki-shi,,,,神埼町本告牟田,カンザキマチモトオリムタ,,,,,四本杉,ヨンホンスギ,,,0,0,0,0,0,0,1,0,1947-04-17,,1,,,,,,,,,,,,,,,,
412104,0013140,3,佐賀県,サガケン,Saga,,,,神埼市,カンザキシ,Kanzaki-shi,,,,神埼町本告牟田,カンザキマチモトオリムタ,,,,,八本松,ハチホンマツ,,,0,0,0,0,0,0,1,0,1947-04-17,,1,,,,,,,,,,,,,,,,
412104,0013141,3,佐賀県,サガケン,Saga,,,,神埼市,カンザキシ,Kanzaki-shi,,,,神埼町本告牟田,カンザキマチモトオリムタ,,,,,五本杉,ゴホンスギ,,,0,0,0,0,0,0,1,0,1947-04-17,,1,,,,,,,,,,,,,,,,
412104,0013142,3,佐賀県,サガケン,Saga,,,,神埼市,カンザキシ,Kanzaki-shi,,,,神埼町本告牟田,カンザキマチモトオリムタ,,,,,三本杉,サンボンスギ,,,0,0,0,0,0,0,1,0,1947-04-17,,1,,,,,,,,,,,,,,,,
412104,0013143,3,佐賀県,サガケン,Saga,,,,神埼市,カンザキシ,Kanzaki-shi,,,,神埼町本告牟田,カンザキマチモトオリムタ,,,,,一ノ鶴,イチノツル,,,0,0,0,0,0,0,1,0,1947-04-17,,1,,,,,,,,,,,,,,,,
412104,0014000,1,佐賀県,サガケン,Saga,,,,神埼市,カンザキシ,Kanzaki-shi,,,,神埼町本堀,カンザキマチモトホリ,Kanzakimachi Motohori,,,,,,,,0,0,0,0,0,0,1,1,1947-04-17,,0,8420003,,,,,,,,,,,,,,,
412104,0014125,3,佐賀県,サガケン,Saga,,,,神埼市,カンザキシ,Kanzaki-shi,,,,神埼町本堀,カンザキマチモトホリ,,,,,一本松,イッポンマツ,,,0,0,0,0,0,0,1,0,1947-04-17,,1,,,,,,,,,,,,,,,,
412104,0014126,3,佐賀県,サガケン,Saga,,,,神埼市,カンザキシ,Kanzaki-shi,,,,神埼町本堀,カンザキマチモトホリ,,,,,村下,ムラシタ,,,0,0,0,0,0,0,1,0,1947-04-17,,1,,,,,,,,,,,,,,,,
412104,0014127,3,佐賀県,サガケン,Saga,,,,神埼市,カンザキシ,Kanzaki-shi,,,,神埼町本堀,カンザキマチモトホリ,,,,,三本柳,サンボンヤナギ,,,0,0,0,0,0,0,1,0,1947-04-17,,1,,,,,,,,,,,,,,,,
412104,0014128,3,佐賀県,サガケン,Saga,,,,神埼市,カンザキシ,Kanzaki-shi,,,,神埼町本堀,カンザキマチモトホリ,,,,,土井副,トイソエ,,,0,0,0,0,0,0,1,0,1947-04-17,,1,,,,,,,,,,,,,,,,
412104,0014129,3,佐賀県,サガケン,Saga,,,,神埼市,カンザキシ,Kanzaki-shi,,,,神埼町本堀,カンザキマチモトホリ,,,,,四本柳,ヨンホンヤナギ,,,0,0,0,0,0,0,1,0,1947-04-17,,1,,,,,,,,,,,,,,,,
412104,0014130,3,佐賀県,サガケン,Saga,,,,神埼市,カンザキシ,Kanzaki-shi,,,,神埼町本堀,カンザキマチモトホリ,,,,,西ノ北,ニシノキタ,,,0,0,0,0,0,0,1,0,1947-04-17,,1,,,,,,,,,,,,,,,,
412104,0014131,3,佐賀県,サガケン,Saga,,,,神埼市,カンザキシ,Kanzaki-shi,,,,神埼町本堀,カンザキマチモトホリ,,,,,村中,ムラナカ,,,0,0,0,0,0,0,1,0,1947-04-17,,1,,,,,,,,,,,,,,,,
412104,0014132,3,佐賀県,サガケン,Saga,,,,神埼市,カンザキシ,Kanzaki-shi,,,,神埼町本堀,カンザキマチモトホリ,,,,,島ノ内,シマノウチ,,,0,0,0,0,0,0,1,0,1947-04-17,,1,,,,,,,,,,,,,,,,
412104,0014133,3,佐賀県,サガケン,Saga,,,,神埼市,カンザキシ,Kanzaki-shi,,,,神埼町本堀,カンザキマチモトホリ,,,,,二本松,ニホンマツ,,,0,0,0,0,0,0,1,0,1947-04-17,,1,,,,,,,,,,,,,,,,
412104,0014134,3,佐賀県,サガケン,Saga,,,,神埼市,カンザキシ,Kanzaki-shi,,,,神埼町本堀,カンザキマチモトホリ,,,,,川西ノ南,カワニシノミナミ,,,0,0,0,0,0,0,1,0,1947-04-17,,1,,,,,,,,,,,,,,,,
412104,0014135,3,佐賀県,サガケン,Saga,,,,神埼市,カンザキシ,Kanzaki-shi,,,,神埼町本堀,カンザキマチモトホリ,,,,,南川副,ミナミカワソエ,,,0,0,0,0,0,0,1,0,1947-04-17,,1,,,,,,,,,,,,,,,,
412104,0014136,3,佐賀県,サガケン,Saga,,,,神埼市,カンザキシ,Kanzaki-shi,,,,神埼町本堀,カンザキマチモトホリ,,,,,二本柳,ニホンヤナギ,,,0,0,0,0,0,0,1,0,1947-04-17,,1,,,,,,,,,,,,,,,,
412104,0014137,3,佐賀県,サガケン,Saga,,,,神埼市,カンザキシ,Kanzaki-shi,,,,神埼町本堀,カンザキマチモトホリ,,,,,村西,ムラニシ,,,0,0,0,0,0,0,1,0,1947-04-17,,1,,,,,,,,,,,,,,,,
412104,0014138,3,佐賀県,サガケン,Saga,,,,神埼市,カンザキシ,Kanzaki-shi,,,,神埼町本堀,カンザキマチモトホリ,,,,,北川副,キタカワソエ,,,0,0,0,0,0,0,1,0,1947-04-17,,1,,,,,,,,,,,,,,,,
412104,0014139,3,佐賀県,サガケン,Saga,,,,神埼市,カンザキシ,Kanzaki-shi,,,,神埼町本堀,カンザキマチモトホリ,,,,,雨城,アメシロ,,,0,0,0,0,0,0,1,0,1947-04-17,,1,,,,,,,,,,,,,,,,
412104,0014140,3,佐賀県,サガケン,Saga,,,,神埼市,カンザキシ,Kanzaki-shi,,,,神埼町本堀,カンザキマチモトホリ,,,,,北四本松,キタヨンホンマツ,,,0,0,0,0,0,0,1,0,1947-04-17,,1,,,,,,,,,,,,,,,,
412104,0014141,3,佐賀県,サガケン,Saga,,,,神埼市,カンザキシ,Kanzaki-shi,,,,神埼町本堀,カンザキマチモトホリ,,,,,町裏,マチウラ,,,0,0,0,0,0,0,1,0,1947-04-17,,1,,,,,,,,,,,,,,,,
412104,0014142,3,佐賀県,サガケン,Saga,,,,神埼市,カンザキシ,Kanzaki-shi,,,,神埼町本堀,カンザキマチモトホリ,,,,,河東,カワヒガシ,,,0,0,0,0,0,0,1,0,1947-04-17,,1,,,,,,,,,,,,,,,,
412104,0014143,3,佐賀県,サガケン,Saga,,,,神埼市,カンザキシ,Kanzaki-shi,,,,神埼町本堀,カンザキマチモトホリ,,,,,一本柳,イッポンヤナギ,,,0,0,0,0,0,0,1,0,1947-04-17,,1,,,,,,,,,,,,,,,,
412104,0014144,3,佐賀県,サガケン,Saga,,,,神埼市,カンザキシ,Kanzaki-shi,,,,神埼町本堀,カンザキマチモトホリ,,,,,朝日,アサヒ,,,0,0,0,0,0,0,1,0,1947-04-17,,1,,,,,,,,,,,,,,,,
412104,0014145,3,佐賀県,サガケン,Saga,,,,神埼市,カンザキシ,Kanzaki-shi,,,,神埼町本堀,カンザキマチモトホリ,,,,,寒波,カンパ,,,0,0,0,0,0,0,1,0,1947-04-17,,1,,,,,,,,,,,,,,,,
412104,0014146,3,佐賀県,サガケン,Saga,,,,神埼市,カンザキシ,Kanzaki-shi,,,,神埼町本堀,カンザキマチモトホリ,,,,,三本松,サンボンマツ,,,0,0,0,0,0,0,1,0,1947-04-17,,1,,,,,,,,,,,,,,,,
412104,0014147,3,佐賀県,サガケン,Saga,,,,神埼市,カンザキシ,Kanzaki-shi,,,,神埼町本堀,カンザキマチモトホリ,,,,,四本松,ヨンホンマツ,,,0,0,0,0,0,0,1,0,1947-04-17,,1,,,,,,,,,,,,,,,,
412104,0015000,1,佐賀県,サガケン,Saga,,,,神埼市,カンザキシ,Kanzaki-shi,,,,神埼町横武,カンザキマチヨコタケ,Kanzakimachi Yokotake,,,,,,,,0,0,0,0,0,0,1,1,1947-04-17,,0,8420012,,,,,,,,,,,,,,,
412104,0015121,3,佐賀県,サガケン,Saga,,,,神埼市,カンザキシ,Kanzaki-shi,,,,神埼町横武,カンザキマチヨコタケ,,,,,二本松,ニホンマツ,,,0,0,0,0,0,0,1,0,1947-04-17,,1,,,,,,,,,,,,,,,,
412104,0015122,3,佐賀県,サガケン,Saga,,,,神埼市,カンザキシ,Kanzaki-shi,,,,神埼町横武,カンザキマチヨコタケ,,,,,灰巻,ハイマキ,,,0,0,0,0,0,0,1,0,1947-04-17,,1,,,,,,,,,,,,,,,,
412104,0015123,3,佐賀県,サガケン,Saga,,,,神埼市,カンザキシ,Kanzaki-shi,,,,神埼町横武,カンザキマチヨコタケ,,,,,二本黒木,ニホンクロキ,,,0,0,0,0,0,0,1,0,1947-04-17,,1,,,,,,,,,,,,,,,,
412104,0015124,3,佐賀県,サガケン,Saga,,,,神埼市,カンザキシ,Kanzaki-shi,,,,神埼町横武,カンザキマチヨコタケ,,,,,川口,カワグチ,,,0,0,0,0,0,0,1,0,1947-04-17,,1,,,,,,,,,,,,,,,,
412104,0015125,3,佐賀県,サガケン,Saga,,,,神埼市,カンザキシ,Kanzaki-shi,,,,神埼町横武,カンザキマチヨコタケ,,,,,三本松,サンボンマツ,,,0,0,0,0,0,0,1,0,1947-04-17,,1,,,,,,,,,,,,,,,,
412104,0015126,3,佐賀県,サガケン,Saga,,,,神埼市,カンザキシ,Kanzaki-shi,,,,神埼町横武,カンザキマチヨコタケ,,,,,北田,キタダ,,,0,0,0,0,0,0,1,0,1947-04-17,,1,,,,,,,,,,,,,,,,
412104,0015127,3,佐賀県,サガケン,Saga,,,,神埼市,カンザキシ,Kanzaki-shi,,,,神埼町横武,カンザキマチヨコタケ,,,,,四本黒木,ヨンホンクロキ,,,0,0,0,0,0,0,1,0,1947-04-17,,1,,,,,,,,,,,,,,,,
412104,0015128,3,佐賀県,サガケン,Saga,,,,神埼市,カンザキシ,Kanzaki-shi,,,,神埼町横武,カンザキマチヨコタケ,,,,,千足,センソク,,,0,0,0,0,0,0,1,0,1947-04-17,,1,,,,,,,,,,,,,,,,
412104,0015129,3,佐賀県,サガケン,Saga,,,,神埼市,カンザキシ,Kanzaki-shi,,,,神埼町横武,カンザキマチヨコタケ,,,,,中牟田,ナカムタ,,,0,0,0,0,0,0,1,0,1947-04-17,,1,,,,,,,,,,,,,,,,
412104,0015130,3,佐賀県,サガケン,Saga,,,,神埼市,カンザキシ,Kanzaki-shi,,,,神埼町横武,カンザキマチヨコタケ,,,,,一本黒木,イッポンクロキ,,,0,0,0,0,0,0,1,0,1947-04-17,,1,,,,,,,,,,,,,,,,
412104,0015131,3,佐賀県,サガケン,Saga,,,,神埼市,カンザキシ,Kanzaki-shi,,,,神埼町横武,カンザキマチヨコタケ,,,,,実元,サネモト,,,0,0,0,0,0,0,1,0,1947-04-17,,1,,,,,,,,,,,,,,,,
412104,0015132,3,佐賀県,サガケン,Saga,,,,神埼市,カンザキシ,Kanzaki-shi,,,,神埼町横武,カンザキマチヨコタケ,,,,,村中,ムラ,,,0,0,0,0,0,0,1,0,1947-04-17,,1,,,,,,,,,,,,,,,,
412104,0015133,3,佐賀県,サガケン,Saga,,,,神埼市,カンザキシ,Kanzaki-shi,,,,神埼町横武,カンザキマチヨコタケ,,,,,四本松,ヨンホンマツ,,,0,0,0,0,0,0,1,0,1947-04-17,,1,,,,,,,,,,,,,,,,
412104,0015134,3,佐賀県,サガケン,Saga,,,,神埼市,カンザキシ,Kanzaki-shi,,,,神埼町横武,カンザキマチヨコタケ,,,,,三本黒木,サンボンクロキ,,,0,0,0,0,0,0,1,0,1947-04-17,,1,,,,,,,,,,,,,,,,
412104,0015135,3,佐賀県,サガケン,Saga,,,,神埼市,カンザキシ,Kanzaki-shi,,,,神埼町横武,カンザキマチヨコタケ,,,,,中古賀,ナカコガ,,,0,0,0,0,0,0,1,0,1947-04-17,,1,,,,,,,,,,,,,,,,
412104,0015136,3,佐賀県,サガケン,Saga,,,,神埼市,カンザキシ,Kanzaki-shi,,,,神埼町横武,カンザキマチヨコタケ,,,,,野々分,ノノブン,,,0,0,0,0,0,0,1,0,1947-04-17,,1,,,,,,,,,,,,,,,,
412104,0015137,3,佐賀県,サガケン,Saga,,,,神埼市,カンザキシ,Kanzaki-shi,,,,神埼町横武,カンザキマチヨコタケ,,,,,一本木,イッポンギ,,,0,0,0,0,0,0,1,0,1947-04-17,,1,,,,,,,,,,,,,,,,
412104,0015138,3,佐賀県,サガケン,Saga,,,,神埼市,カンザキシ,Kanzaki-shi,,,,神埼町横武,カンザキマチヨコタケ,,,,,惣春,ソウシュン,,,0,0,0,0,0,0,1,0,1947-04-17,,1,,,,,,,,,,,,,,,,
412104,0015139,3,佐賀県,サガケン,Saga,,,,神埼市,カンザキシ,Kanzaki-shi,,,,神埼町横武,カンザキマチヨコタケ,,,,,北古賀,キタコガ,,,0,0,0,0,0,0,1,0,1947-04-17,,1,,,,,,,,,,,,,,,,
412104,0015140,3,佐賀県,サガケン,Saga,,,,神埼市,カンザキシ,Kanzaki-shi,,,,神埼町横武,カンザキマチヨコタケ,,,,,五本松,ゴホンマツ,,,0,0,0,0,0,0,1,0,1947-04-17,,1,,,,,,,,,,,,,,,,
412104,0016000,1,佐賀県,サガケン,Saga,,,,神埼市,カンザキシ,Kanzaki-shi,,,,脊振町服巻,セフリマチハラマキ,Sefurimachi Haramaki,,,,,,,,0,0,0,0,0,0,1,1,1947-04-17,,0,8420203,,,,,,,,,,,,,,,
412104,0016146,3,佐賀県,サガケン,Saga,,,,神埼市,カンザキシ,Kanzaki-shi,,,,脊振町服巻,セフリマチハラマキ,,,,,永江,ナガエ,,,0,0,0,0,0,0,1,0,1947-04-17,,1,,,,,,,,,,,,,,,,
412104,0016147,3,佐賀県,サガケン,Saga,,,,神埼市,カンザキシ,Kanzaki-shi,,,,脊振町服巻,セフリマチハラマキ,,,,,樋口,ヒグチ,,,0,0,0,0,0,0,1,0,1947-04-17,,1,,,,,,,,,,,,,,,,
412104,0016148,3,佐賀県,サガケン,Saga,,,,神埼市,カンザキシ,Kanzaki-shi,,,,脊振町服巻,セフリマチハラマキ,,,,,竹屋敷,タケヤシキ,,,0,0,0,0,0,0,1,0,1947-04-17,,1,,,,,,,,,,,,,,,,
412104,0016149,3,佐賀県,サガケン,Saga,,,,神埼市,カンザキシ,Kanzaki-shi,,,,脊振町服巻,セフリマチハラマキ,,,,,葉山,ハヤマ,,,0,0,0,0,0,0,1,0,1947-04-17,,1,,,,,,,,,,,,,,,,
412104,0016150,3,佐賀県,サガケン,Saga,,,,神埼市,カンザキシ,Kanzaki-shi,,,,脊振町服巻,セフリマチハラマキ,,,,,平松,タイラマツ,,,0,0,0,0,0,0,1,0,1947-04-17,,1,,,,,,,,,,,,,,,,
412104,0016151,3,佐賀県,サガケン,Saga,,,,神埼市,カンザキシ,Kanzaki-shi,,,,脊振町服巻,セフリマチハラマキ,,,,,北向,キタムキ,,,0,0,0,0,0,0,1,0,1947-04-17,,1,,,,,,,,,,,,,,,,
412104,0016152,3,佐賀県,サガケン,Saga,,,,神埼市,カンザキシ,Kanzaki-shi,,,,脊振町服巻,セフリマチハラマキ,,,,,頭野,カシラノ,,,0,0,0,0,0,0,1,0,1947-04-17,,1,,,,,,,,,,,,,,,,
412104,0016153,3,佐賀県,サガケン,Saga,,,,神埼市,カンザキシ,Kanzaki-shi,,,,脊振町服巻,セフリマチハラマキ,,,,,堂雄,ドウユウ,,,0,0,0,0,0,0,1,0,1947-04-17,,1,,,,,,,,,,,,,,,,
412104,0016154,3,佐賀県,サガケン,Saga,,,,神埼市,カンザキシ,Kanzaki-shi,,,,脊振町服巻,セフリマチハラマキ,,,,,荒田,アラタ,,,0,0,0,0,0,0,1,0,1947-04-17,,1,,,,,,,,,,,,,,,,
412104,0016155,3,佐賀県,サガケン,Saga,,,,神埼市,カンザキシ,Kanzaki-shi,,,,脊振町服巻,セフリマチハラマキ,,,,,仁田山,ニタヤマ,,,0,0,0,0,0,0,1,0,1947-04-17,,1,,,,,,,,,,,,,,,,
412104,0016156,3,佐賀県,サガケン,Saga,,,,神埼市,カンザキシ,Kanzaki-shi,,,,脊振町服巻,セフリマチハラマキ,,,,,平野,ヒラノ,,,0,0,0,0,0,0,1,0,1947-04-17,,1,,,,,,,,,,,,,,,,
412104,0016157,3,佐賀県,サガケン,Saga,,,,神埼市,カンザキシ,Kanzaki-shi,,,,脊振町服巻,セフリマチハラマキ,,,,,釜蓋,カマフタ,,,0,0,0,0,0,0,1,0,1947-04-17,,1,,,,,,,,,,,,,,,,
412104,0016158,3,佐賀県,サガケン,Saga,,,,神埼市,カンザキシ,Kanzaki-shi,,,,脊振町服巻,セフリマチハラマキ,,,,,山口,ヤマグチ,,,0,0,0,0,0,0,1,0,1947-04-17,,1,,,,,,,,,,,,,,,,
412104,0016159,3,佐賀県,サガケン,Saga,,,,神埼市,カンザキシ,Kanzaki-shi,,,,脊振町服巻,セフリマチハラマキ,,,,,東谷,ヒガシダニ,,,0,0,0,0,0,0,1,0,1947-04-17,,1,,,,,,,,,,,,,,,,
412104,0016160,3,佐賀県,サガケン,Saga,,,,神埼市,カンザキシ,Kanzaki-shi,,,,脊振町服巻,セフリマチハラマキ,,,,,八面,ハチメン,,,0,0,0,0,0,0,1,0,1947-04-17,,1,,,,,,,,,,,,,,,,
412104,0016161,3,佐賀県,サガケン,Saga,,,,神埼市,カンザキシ,Kanzaki-shi,,,,脊振町服巻,セフリマチハラマキ,,,,,橋詰,ハシズメ,,,0,0,0,0,0,0,1,0,1947-04-17,,1,,,,,,,,,,,,,,,,
412104,0016162,3,佐賀県,サガケン,Saga,,,,神埼市,カンザキシ,Kanzaki-shi,,,,脊振町服巻,セフリマチハラマキ,,,,,尾平,オダイラ,,,0,0,0,0,0,0,1,0,1947-04-17,,1,,,,,,,,,,,,,,,,
412104,0016163,3,佐賀県,サガケン,Saga,,,,神埼市,カンザキシ,Kanzaki-shi,,,,脊振町服巻,セフリマチハラマキ,,,,,園田,ソノダ,,,0,0,0,0,0,0,1,0,1947-04-17,,1,,,,,,,,,,,,,,,,
412104,0016164,3,佐賀県,サガケン,Saga,,,,神埼市,カンザキシ,Kanzaki-shi,,,,脊振町服巻,セフリマチハラマキ,,,,,杉峠,スギトウゲ,,,0,0,0,0,0,0,1,0,1947-04-17,,1,,,,,,,,,,,,,,,,
412104,0016165,3,佐賀県,サガケン,Saga,,,,神埼市,カンザキシ,Kanzaki-shi,,,,脊振町服巻,セフリマチハラマキ,,,,,大迎,オオムカエ,,,0,0,0,0,0,0,1,0,1947-04-17,,1,,,,,,,,,,,,,,,,
412104,0016166,3,佐賀県,サガケン,Saga,,,,神埼市,カンザキシ,Kanzaki-shi,,,,脊振町服巻,セフリマチハラマキ,,,,,竜作,リュウサク,,,0,0,0,0,0,0,1,0,1947-04-17,,1,,,,,,,,,,,,,,,,
412104,0016167,3,佐賀県,サガケン,Saga,,,,神埼市,カンザキシ,Kanzaki-shi,,,,脊振町服巻,セフリマチハラマキ,,,,,大作,オオサコ,,,0,0,0,0,0,0,1,0,1947-04-17,,1,,,,,,,,,,,,,,,,
412104,0016168,3,佐賀県,サガケン,Saga,,,,神埼市,カンザキシ,Kanzaki-shi,,,,脊振町服巻,セフリマチハラマキ,,,,,一谷,イチコク,,,0,0,0,0,0,0,1,0,1947-04-17,,1,,,,,,,,,,,,,,,,
412104,0016169,3,佐賀県,サガケン,Saga,,,,神埼市,カンザキシ,Kanzaki-shi,,,,脊振町服巻,セフリマチハラマキ,,,,,中屋敷,ナカヤシキ,,,0,0,0,0,0,0,1,0,1947-04-17,,1,,,,,,,,,,,,,,,,
412104,0016170,3,佐賀県,サガケン,Saga,,,,神埼市,カンザキシ,Kanzaki-shi,,,,脊振町服巻,セフリマチハラマキ,,,,,田中,タナカ,,,0,0,0,0,0,0,1,0,1947-04-17,,1,,,,,,,,,,,,,,,,
412104,0016171,3,佐賀県,サガケン,Saga,,,,神埼市,カンザキシ,Kanzaki-shi,,,,脊振町服巻,セフリマチハラマキ,,,,,牟田石,ムタイシ,,,0,0,0,0,0,0,1,0,1947-04-17,,1,,,,,,,,,,,,,,,,
412104,0016172,3,佐賀県,サガケン,Saga,,,,神埼市,カンザキシ,Kanzaki-shi,,,,脊振町服巻,セフリマチハラマキ,,,,,小杉,コスギ,,,0,0,0,0,0,0,1,0,1947-04-17,,1,,,,,,,,,,,,,,,,
412104,0016173,3,佐賀県,サガケン,Saga,,,,神埼市,カンザキシ,Kanzaki-shi,,,,脊振町服巻,セフリマチハラマキ,,,,,大峠,オオトウゲ,,,0,0,0,0,0,0,1,0,1947-04-17,,1,,,,,,,,,,,,,,,,
412104,0016174,3,佐賀県,サガケン,Saga,,,,神埼市,カンザキシ,Kanzaki-shi,,,,脊振町服巻,セフリマチハラマキ,,,,,須源谷,スゲンタニ,,,0,0,0,0,0,0,1,0,1947-04-17,,1,,,,,,,,,,,,,,,,
412104,0016175,3,佐賀県,サガケン,Saga,,,,神埼市,カンザキシ,Kanzaki-shi,,,,脊振町服巻,セフリマチハラマキ,,,,,枳,ゲズ,,,0,0,0,0,0,0,1,0,1947-04-17,,1,,,,,,,,,,,,,,,,
412104,0016176,3,佐賀県,サガケン,Saga,,,,神埼市,カンザキシ,Kanzaki-shi,,,,脊振町服巻,セフリマチハラマキ,,,,,藤ヶ倉,フジガクラ,,,0,0,0,0,0,0,1,0,1947-04-17,,1,,,,,,,,,,,,,,,,
412104,0016177,3,佐賀県,サガケン,Saga,,,,神埼市,カンザキシ,Kanzaki-shi,,,,脊振町服巻,セフリマチハラマキ,,,,,久保田,クボタ,,,0,0,0,0,0,0,1,0,1947-04-17,,1,,,,,,,,,,,,,,,,
412104,0016178,3,佐賀県,サガケン,Saga,,,,神埼市,カンザキシ,Kanzaki-shi,,,,脊振町服巻,セフリマチハラマキ,,,,,鎌葛,カマクズ,,,0,0,0,0,0,0,1,0,1947-04-17,,1,,,,,,,,,,,,,,,,
412104,0016179,3,佐賀県,サガケン,Saga,,,,神埼市,カンザキシ,Kanzaki-shi,,,,脊振町服巻,セフリマチハラマキ,,,,,長者谷,チョウジャダニ,,,0,0,0,0,0,0,1,0,1947-04-17,,1,,,,,,,,,,,,,,,,
412104,0016180,3,佐賀県,サガケン,Saga,,,,神埼市,カンザキシ,Kanzaki-shi,,,,脊振町服巻,セフリマチハラマキ,,,,,馬場野,ババノ,,,0,0,0,0,0,0,1,0,1947-04-17,,1,,,,,,,,,,,,,,,,
412104,0016181,3,佐賀県,サガケン,Saga,,,,神埼市,カンザキシ,Kanzaki-shi,,,,脊振町服巻,セフリマチハラマキ,,,,,川原田,カワハラダ,,,0,0,0,0,0,0,1,0,1947-04-17,,1,,,,,,,,,,,,,,,,
412104,0016182,3,佐賀県,サガケン,Saga,,,,神埼市,カンザキシ,Kanzaki-shi,,,,脊振町服巻,セフリマチハラマキ,,,,,辰巳谷,タツミダニ,,,0,0,0,0,0,0,1,0,1947-04-17,,1,,,,,,,,,,,,,,,,
412104,0016183,3,佐賀県,サガケン,Saga,,,,神埼市,カンザキシ,Kanzaki-shi,,,,脊振町服巻,セフリマチハラマキ,,,,,小永江,コナガエ,,,0,0,0,0,0,0,1,0,1947-04-17,,1,,,,,,,,,,,,,,,,
412104,0016184,3,佐賀県,サガケン,Saga,,,,神埼市,カンザキシ,Kanzaki-shi,,,,脊振町服巻,セフリマチハラマキ,,,,,荒瀬,アラセ,,,0,0,0,0,0,0,1,0,1947-04-17,,1,,,,,,,,,,,,,,,,
412104,0016185,3,佐賀県,サガケン,Saga,,,,神埼市,カンザキシ,Kanzaki-shi,,,,脊振町服巻,セフリマチハラマキ,,,,,赤石,アカイシ,,,0,0,0,0,0,0,1,0,1947-04-17,,1,,,,,,,,,,,,,,,,
412104,0016186,3,佐賀県,サガケン,Saga,,,,神埼市,カンザキシ,Kanzaki-shi,,,,脊振町服巻,セフリマチハラマキ,,,,,古賀ノ尾,コガノオ,,,0,0,0,0,0,0,1,0,1947-04-17,,1,,,,,,,,,,,,,,,,
412104,0016187,3,佐賀県,サガケン,Saga,,,,神埼市,カンザキシ,Kanzaki-shi,,,,脊振町服巻,セフリマチハラマキ,,,,,莇作,アザメンサコ,,,0,0,0,0,0,0,1,0,1947-04-17,,1,,,,,,,,,,,,,,,,
412104,0016188,3,佐賀県,サガケン,Saga,,,,神埼市,カンザキシ,Kanzaki-shi,,,,脊振町服巻,セフリマチハラマキ,,,,,鈴野,スズノ,,,0,0,0,0,0,0,1,0,1947-04-17,,1,,,,,,,,,,,,,,,,
412104,0016189,3,佐賀県,サガケン,Saga,,,,神埼市,カンザキシ,Kanzaki-shi,,,,脊振町服巻,セフリマチハラマキ,,,,,前坂,マエサカ,,,0,0,0,0,0,0,1,0,1947-04-17,,1,,,,,,,,,,,,,,,,
412104,0017000,1,佐賀県,サガケン,Saga,,,,神埼市,カンザキシ,Kanzaki-shi,,,,脊振町広滝,セフリマチヒロタキ,Sefurimachi Hirotaki,,,,,,,,0,0,0,0,0,0,1,1,1947-04-17,,0,8420201,,,,,,,,,,,,,,,
412104,0017138,3,佐賀県,サガケン,Saga,,,,神埼市,カンザキシ,Kanzaki-shi,,,,脊振町広滝,セフリマチヒロタキ,,,,,浦田,ウラダ,,,0,0,0,0,0,0,1,0,1947-04-17,,1,,,,,,,,,,,,,,,,
412104,0017139,3,佐賀県,サガケン,Saga,,,,神埼市,カンザキシ,Kanzaki-shi,,,,脊振町広滝,セフリマチヒロタキ,,,,,下ノ原,シモノハル,,,0,0,0,0,0,0,1,0,1947-04-17,,1,,,,,,,,,,,,,,,,
412104,0017140,3,佐賀県,サガケン,Saga,,,,神埼市,カンザキシ,Kanzaki-shi,,,,脊振町広滝,セフリマチヒロタキ,,,,,藤原,フジハル,,,0,0,0,0,0,0,1,0,1947-04-17,,1,,,,,,,,,,,,,,,,
412104,0017141,3,佐賀県,サガケン,Saga,,,,神埼市,カンザキシ,Kanzaki-shi,,,,脊振町広滝,セフリマチヒロタキ,,,,,大東,オオヒガシ,,,0,0,0,0,0,0,1,0,1947-04-17,,1,,,,,,,,,,,,,,,,
412104,0017142,3,佐賀県,サガケン,Saga,,,,神埼市,カンザキシ,Kanzaki-shi,,,,脊振町広滝,セフリマチヒロタキ,,,,,西ノ迎,ニシノムカイ,,,0,0,0,0,0,0,1,0,1947-04-17,,1,,,,,,,,,,,,,,,,
412104,0017143,3,佐賀県,サガケン,Saga,,,,神埼市,カンザキシ,Kanzaki-shi,,,,脊振町広滝,セフリマチヒロタキ,,,,,政所,マンドコロ,,,0,0,0,0,0,0,1,0,1947-04-17,,1,,,,,,,,,,,,,,,,
412104,0017144,3,佐賀県,サガケン,Saga,,,,神埼市,カンザキシ,Kanzaki-shi,,,,脊振町広滝,セフリマチヒロタキ,,,,,大平,オオヒラ,,,0,0,0,0,0,0,1,0,1947-04-17,,1,,,,,,,,,,,,,,,,
412104,0017145,3,佐賀県,サガケン,Saga,,,,神埼市,カンザキシ,Kanzaki-shi,,,,脊振町広滝,セフリマチヒロタキ,,,,,池ノ平,イケノヒラ,,,0,0,0,0,0,0,1,0,1947-04-17,,1,,,,,,,,,,,,,,,,
412104,0017146,3,佐賀県,サガケン,Saga,,,,神埼市,カンザキシ,Kanzaki-shi,,,,脊振町広滝,セフリマチヒロタキ,,,,,土堀,ツチホリ,,,0,0,0,0,0,0,1,0,1947-04-17,,1,,,,,,,,,,,,,,,,
412104,0017147,3,佐賀県,サガケン,Saga,,,,神埼市,カンザキシ,Kanzaki-shi,,,,脊振町広滝,セフリマチヒロタキ,,,,,中ノ原,ナカノハル,,,0,0,0,0,0,0,1,0,1947-04-17,,1,,,,,,,,,,,,,,,,
412104,0017148,3,佐賀県,サガケン,Saga,,,,神埼市,カンザキシ,Kanzaki-shi,,,,脊振町広滝,セフリマチヒロタキ,,,,,高木,タカギ,,,0,0,0,0,0,0,1,0,1947-04-17,,1,,,,,,,,,,,,,,,,
412104,0017149,3,佐賀県,サガケン,Saga,,,,神埼市,カンザキシ,Kanzaki-shi,,,,脊振町広滝,セフリマチヒロタキ,,,,,荒谷,アラタニ,,,0,0,0,0,0,0,1,0,1947-04-17,,1,,,,,,,,,,,,,,,,
412104,0017150,3,佐賀県,サガケン,Saga,,,,神埼市,カンザキシ,Kanzaki-shi,,,,脊振町広滝,セフリマチヒロタキ,,,,,水頭,ミズガシラ,,,0,0,0,0,0,0,1,0,1947-04-17,,1,,,,,,,,,,,,,,,,
412104,0017151,3,佐賀県,サガケン,Saga,,,,神埼市,カンザキシ,Kanzaki-shi,,,,脊振町広滝,セフリマチヒロタキ,,,,,枕石,マクライシ,,,0,0,0,0,0,0,1,0,1947-04-17,,1,,,,,,,,,,,,,,,,
412104,0017152,3,佐賀県,サガケン,Saga,,,,神埼市,カンザキシ,Kanzaki-shi,,,,脊振町広滝,セフリマチヒロタキ,,,,,勝陣,カチヂン,,,0,0,0,0,0,0,1,0,1947-04-17,,1,,,,,,,,,,,,,,,,
412104,0017153,3,佐賀県,サガケン,Saga,,,,神埼市,カンザキシ,Kanzaki-shi,,,,脊振町広滝,セフリマチヒロタキ,,,,,浅谷,アサダニ,,,0,0,0,0,0,0,1,0,1947-04-17,,1,,,,,,,,,,,,,,,,
412104,0017154,3,佐賀県,サガケン,Saga,,,,神埼市,カンザキシ,Kanzaki-shi,,,,脊振町広滝,セフリマチヒロタキ,,,,,下ノ迎,シモノムカイ,,,0,0,0,0,0,0,1,0,1947-04-17,,1,,,,,,,,,,,,,,,,
412104,0017155,3,佐賀県,サガケン,Saga,,,,神埼市,カンザキシ,Kanzaki-shi,,,,脊振町広滝,セフリマチヒロタキ,,,,,井手ノ平,イデノヒラ,,,0,0,0,0,0,0,1,0,1947-04-17,,1,,,,,,,,,,,,,,,,
412104,0017156,3,佐賀県,サガケン,Saga,,,,神埼市,カンザキシ,Kanzaki-shi,,,,脊振町広滝,セフリマチヒロタキ,,,,,蓬畑,フツバク,,,0,0,0,0,0,0,1,0,1947-04-17,,1,,,,,,,,,,,,,,,,
412104,0017157,3,佐賀県,サガケン,Saga,,,,神埼市,カンザキシ,Kanzaki-shi,,,,脊振町広滝,セフリマチヒロタキ,,,,,川頭,カワガシラ,,,0,0,0,0,0,0,1,0,1947-04-17,,1,,,,,,,,,,,,,,,,
412104,0017158,3,佐賀県,サガケン,Saga,,,,神埼市,カンザキシ,Kanzaki-shi,,,,脊振町広滝,セフリマチヒロタキ,,,,,立石,タテイシ,,,0,0,0,0,0,0,1,0,1947-04-17,,1,,,,,,,,,,,,,,,,
412104,0017159,3,佐賀県,サガケン,Saga,,,,神埼市,カンザキシ,Kanzaki-shi,,,,脊振町広滝,セフリマチヒロタキ,,,,,畠倒,ハクダオシ,,,0,0,0,0,0,0,1,0,1947-04-17,,1,,,,,,,,,,,,,,,,
412104,0017160,3,佐賀県,サガケン,Saga,,,,神埼市,カンザキシ,Kanzaki-shi,,,,脊振町広滝,セフリマチヒロタキ,,,,,西小松原,ニシコマツバラ,,,0,0,0,0,0,0,1,0,1947-04-17,,1,,,,,,,,,,,,,,,,
412104,0017161,3,佐賀県,サガケン,Saga,,,,神埼市,カンザキシ,Kanzaki-shi,,,,脊振町広滝,セフリマチヒロタキ,,,,,原,ハル,,,0,0,0,0,0,0,1,0,1947-04-17,,1,,,,,,,,,,,,,,,,
412104,0017162,3,佐賀県,サガケン,Saga,,,,神埼市,カンザキシ,Kanzaki-shi,,,,脊振町広滝,セフリマチヒロタキ,,,,,山神,ヤマガミ,,,0,0,0,0,0,0,1,0,1947-04-17,,1,,,,,,,,,,,,,,,,
412104,0017163,3,佐賀県,サガケン,Saga,,,,神埼市,カンザキシ,Kanzaki-shi,,,,脊振町広滝,セフリマチヒロタキ,,,,,草富,クサドミ,,,0,0,0,0,0,0,1,0,1947-04-17,,1,,,,,,,,,,,,,,,,
412104,0017164,3,佐賀県,サガケン,Saga,,,,神埼市,カンザキシ,Kanzaki-shi,,,,脊振町広滝,セフリマチヒロタキ,,,,,荒平,アラヒラ,,,0,0,0,0,0,0,1,0,1947-04-17,,1,,,,,,,,,,,,,,,,
412104,0017165,3,佐賀県,サガケン,Saga,,,,神埼市,カンザキシ,Kanzaki-shi,,,,脊振町広滝,セフリマチヒロタキ,,,,,川平,コウヒラ,,,0,0,0,0,0,0,1,0,1947-04-17,,1,,,,,,,,,,,,,,,,
412104,0017166,3,佐賀県,サガケン,Saga,,,,神埼市,カンザキシ,Kanzaki-shi,,,,脊振町広滝,セフリマチヒロタキ,,,,,中原,ナカバル,,,0,0,0,0,0,0,1,0,1947-04-17,,1,,,,,,,,,,,,,,,,
412104,0017167,3,佐賀県,サガケン,Saga,,,,神埼市,カンザキシ,Kanzaki-shi,,,,脊振町広滝,セフリマチヒロタキ,,,,,横井手,ヨコイデ,,,0,0,0,0,0,0,1,0,1947-04-17,,1,,,,,,,,,,,,,,,,
412104,0017168,3,佐賀県,サガケン,Saga,,,,神埼市,カンザキシ,Kanzaki-shi,,,,脊振町広滝,セフリマチヒロタキ,,,,,前田（倉谷）,マエダ,,,0,0,0,0,0,0,1,0,1947-04-17,,1,,,,,,,,,,,,,,,,
412104,0017169,3,佐賀県,サガケン,Saga,,,,神埼市,カンザキシ,Kanzaki-shi,,,,脊振町広滝,セフリマチヒロタキ,,,,,小原,コバル,,,0,0,0,0,0,0,1,0,1947-04-17,,1,,,,,,,,,,,,,,,,
412104,0017170,3,佐賀県,サガケン,Saga,,,,神埼市,カンザキシ,Kanzaki-shi,,,,脊振町広滝,セフリマチヒロタキ,,,,,勝陣浦,カチヂンウラ,,,0,0,0,0,0,0,1,0,1947-04-17,,1,,,,,,,,,,,,,,,,
412104,0017171,3,佐賀県,サガケン,Saga,,,,神埼市,カンザキシ,Kanzaki-shi,,,,脊振町広滝,セフリマチヒロタキ,,,,,池ノ平浦,イケノヒラウラ,,,0,0,0,0,0,0,1,0,1947-04-17,,1,,,,,,,,,,,,,,,,
412104,0017172,3,佐賀県,サガケン,Saga,,,,神埼市,カンザキシ,Kanzaki-shi,,,,脊振町広滝,セフリマチヒロタキ,,,,,前田（白木）,マエダ,,,0,0,0,0,0,0,1,0,1947-04-17,,1,,,,,,,,,,,,,,,,
412104,0017173,3,佐賀県,サガケン,Saga,,,,神埼市,カンザキシ,Kanzaki-shi,,,,脊振町広滝,セフリマチヒロタキ,,,,,前田（岩屋）,マエダ,,,0,0,0,0,0,0,1,0,1947-04-17,,1,,,,,,,,,,,,,,,,
412104,0017174,3,佐賀県,サガケン,Saga,,,,神埼市,カンザキシ,Kanzaki-shi,,,,脊振町広滝,セフリマチヒロタキ,,,,,井ノ上,イノウエ,,,0,0,0,0,0,0,1,0,1947-04-17,,1,,,,,,,,,,,,,,,,
412104,0017175,3,佐賀県,サガケン,Saga,,,,神埼市,カンザキシ,Kanzaki-shi,,,,脊振町広滝,セフリマチヒロタキ,,,,,中原浦,ナカバルウラ,,,0,0,0,0,0,0,1,0,1947-04-17,,1,,,,,,,,,,,,,,,,
412104,0017176,3,佐賀県,サガケン,Saga,,,,神埼市,カンザキシ,Kanzaki-shi,,,,脊振町広滝,セフリマチヒロタキ,,,,,長谷,ナガタニ,,,0,0,0,0,0,0,1,0,1947-04-17,,1,,,,,,,,,,,,,,,,
412104,0017177,3,佐賀県,サガケン,Saga,,,,神埼市,カンザキシ,Kanzaki-shi,,,,脊振町広滝,セフリマチヒロタキ,,,,,戸田,トダ,,,0,0,0,0,0,0,1,0,1947-04-17,,1,,,,,,,,,,,,,,,,
412104,0018000,1,佐賀県,サガケン,Saga,,,,神埼市,カンザキシ,Kanzaki-shi,,,,脊振町鹿路,セフリマチロクロ,Sefurimachi Rokuro,,,,,,,,0,0,0,0,0,0,1,1,1947-04-17,,0,8420202,,,,,,,,,,,,,,,
412104,0018147,3,佐賀県,サガケン,Saga,,,,神埼市,カンザキシ,Kanzaki-shi,,,,脊振町鹿路,セフリマチロクロ,,,,,越道,ケイドウ,,,0,0,0,0,0,0,1,0,1947-04-17,,1,,,,,,,,,,,,,,,,
412104,0018148,3,佐賀県,サガケン,Saga,,,,神埼市,カンザキシ,Kanzaki-shi,,,,脊振町鹿路,セフリマチロクロ,,,,,迎田,ムカイダ,,,0,0,0,0,0,0,1,0,1947-04-17,,1,,,,,,,,,,,,,,,,
412104,0018149,3,佐賀県,サガケン,Saga,,,,神埼市,カンザキシ,Kanzaki-shi,,,,脊振町鹿路,セフリマチロクロ,,,,,池ノ谷,イケノタニ,,,0,0,0,0,0,0,1,0,1947-04-17,,1,,,,,,,,,,,,,,,,
412104,0018150,3,佐賀県,サガケン,Saga,,,,神埼市,カンザキシ,Kanzaki-shi,,,,脊振町鹿路,セフリマチロクロ,,,,,久津原,クツハラ,,,0,0,0,0,0,0,1,0,1947-04-17,,1,,,,,,,,,,,,,,,,
412104,0018151,3,佐賀県,サガケン,Saga,,,,神埼市,カンザキシ,Kanzaki-shi,,,,脊振町鹿路,セフリマチロクロ,,,,,原,ハル,,,0,0,0,0,0,0,1,0,1947-04-17,,1,,,,,,,,,,,,,,,,
412104,0018152,3,佐賀県,サガケン,Saga,,,,神埼市,カンザキシ,Kanzaki-shi,,,,脊振町鹿路,セフリマチロクロ,,,,,猪木谷,イノキダニ,,,0,0,0,0,0,0,1,0,1947-04-17,,1,,,,,,,,,,,,,,,,
412104,0018153,3,佐賀県,サガケン,Saga,,,,神埼市,カンザキシ,Kanzaki-shi,,,,脊振町鹿路,セフリマチロクロ,,,,,荒平山,アラヒラヤマ,,,0,0,0,0,0,0,1,0,1947-04-17,,1,,,,,,,,,,,,,,,,
412104,0018154,3,佐賀県,サガケン,Saga,,,,神埼市,カンザキシ,Kanzaki-shi,,,,脊振町鹿路,セフリマチロクロ,,,,,松平,マツビラ,,,0,0,0,0,0,0,1,0,1947-04-17,,1,,,,,,,,,,,,,,,,
412104,0018155,3,佐賀県,サガケン,Saga,,,,神埼市,カンザキシ,Kanzaki-shi,,,,脊振町鹿路,セフリマチロクロ,,,,,松ノ迎,マツノムカエ,,,0,0,0,0,0,0,1,0,1947-04-17,,1,,,,,,,,,,,,,,,,
412104,0018156,3,佐賀県,サガケン,Saga,,,,神埼市,カンザキシ,Kanzaki-shi,,,,脊振町鹿路,セフリマチロクロ,,,,,観音辻,カンオンノツジ,,,0,0,0,0,0,0,1,0,1947-04-17,,1,,,,,,,,,,,,,,,,
412104,0018157,3,佐賀県,サガケン,Saga,,,,神埼市,カンザキシ,Kanzaki-shi,,,,脊振町鹿路,セフリマチロクロ,,,,,佐古,サコ,,,0,0,0,0,0,0,1,0,1947-04-17,,1,,,,,,,,,,,,,,,,
412104,0018158,3,佐賀県,サガケン,Saga,,,,神埼市,カンザキシ,Kanzaki-shi,,,,脊振町鹿路,セフリマチロクロ,,,,,大畑,オオバタケ,,,0,0,0,0,0,0,1,0,1947-04-17,,1,,,,,,,,,,,,,,,,
412104,0018159,3,佐賀県,サガケン,Saga,,,,神埼市,カンザキシ,Kanzaki-shi,,,,脊振町鹿路,セフリマチロクロ,,,,,大楮,オオカゴ,,,0,0,0,0,0,0,1,0,1947-04-17,,1,,,,,,,,,,,,,,,,
412104,0018160,3,佐賀県,サガケン,Saga,,,,神埼市,カンザキシ,Kanzaki-shi,,,,脊振町鹿路,セフリマチロクロ,,,,,大場山,オオバヤマ,,,0,0,0,0,0,0,1,0,1947-04-17,,1,,,,,,,,,,,,,,,,
412104,0018161,3,佐賀県,サガケン,Saga,,,,神埼市,カンザキシ,Kanzaki-shi,,,,脊振町鹿路,セフリマチロクロ,,,,,釈加元,シャカモト,,,0,0,0,0,0,0,1,0,1947-04-17,,1,,,,,,,,,,,,,,,,
412104,0018162,3,佐賀県,サガケン,Saga,,,,神埼市,カンザキシ,Kanzaki-shi,,,,脊振町鹿路,セフリマチロクロ,,,,,古釜,フルガマ,,,0,0,0,0,0,0,1,0,1947-04-17,,1,,,,,,,,,,,,,,,,
412104,0018163,3,佐賀県,サガケン,Saga,,,,神埼市,カンザキシ,Kanzaki-shi,,,,脊振町鹿路,セフリマチロクロ,,,,,荒谷,アラタニ,,,0,0,0,0,0,0,1,0,1947-04-17,,1,,,,,,,,,,,,,,,,
412104,0018164,3,佐賀県,サガケン,Saga,,,,神埼市,カンザキシ,Kanzaki-shi,,,,脊振町鹿路,セフリマチロクロ,,,,,宮ノ内,ミヤノウチ,,,0,0,0,0,0,0,1,0,1947-04-17,,1,,,,,,,,,,,,,,,,
412104,0018165,3,佐賀県,サガケン,Saga,,,,神埼市,カンザキシ,Kanzaki-shi,,,,脊振町鹿路,セフリマチロクロ,,,,,北谷,キタダニ,,,0,0,0,0,0,0,1,0,1947-04-17,,1,,,,,,,,,,,,,,,,
412104,0018166,3,佐賀県,サガケン,Saga,,,,神埼市,カンザキシ,Kanzaki-shi,,,,脊振町鹿路,セフリマチロクロ,,,,,西山,ニシヤマ,,,0,0,0,0,0,0,1,0,1947-04-17,,1,,,,,,,,,,,,,,,,
412104,0018167,3,佐賀県,サガケン,Saga,,,,神埼市,カンザキシ,Kanzaki-shi,,,,脊振町鹿路,セフリマチロクロ,,,,,本村,ホンムラ,,,0,0,0,0,0,0,1,0,1947-04-17,,1,,,,,,,,,,,,,,,,
412104,0018168,3,佐賀県,サガケン,Saga,,,,神埼市,カンザキシ,Kanzaki-shi,,,,脊振町鹿路,セフリマチロクロ,,,,,山宇土,ヤマウド,,,0,0,0,0,0,0,1,0,1947-04-17,,1,,,,,,,,,,,,,,,,
412104,0018169,3,佐賀県,サガケン,Saga,,,,神埼市,カンザキシ,Kanzaki-shi,,,,脊振町鹿路,セフリマチロクロ,,,,,下り谷,クダリタニ,,,0,0,0,0,0,0,1,0,1947-04-17,,1,,,,,,,,,,,,,,,,
412104,0018170,3,佐賀県,サガケン,Saga,,,,神埼市,カンザキシ,Kanzaki-shi,,,,脊振町鹿路,セフリマチロクロ,,,,,萩ノ尾,ハギノオ,,,0,0,0,0,0,0,1,0,1947-04-17,,1,,,,,,,,,,,,,,,,
412104,0018171,3,佐賀県,サガケン,Saga,,,,神埼市,カンザキシ,Kanzaki-shi,,,,脊振町鹿路,セフリマチロクロ,,,,,竹ノ耕地,タケノコウチ,,,0,0,0,0,0,0,1,0,1947-04-17,,1,,,,,,,,,,,,,,,,
412104,0018172,3,佐賀県,サガケン,Saga,,,,神埼市,カンザキシ,Kanzaki-shi,,,,脊振町鹿路,セフリマチロクロ,,,,,後山,ウシロヤマ,,,0,0,0,0,0,0,1,0,1947-04-17,,1,,,,,,,,,,,,,,,,
412104,0018173,3,佐賀県,サガケン,Saga,,,,神埼市,カンザキシ,Kanzaki-shi,,,,脊振町鹿路,セフリマチロクロ,,,,,今古賀,イマコガ,,,0,0,0,0,0,0,1,0,1947-04-17,,1,,,,,,,,,,,,,,,,
412104,0018174,3,佐賀県,サガケン,Saga,,,,神埼市,カンザキシ,Kanzaki-shi,,,,脊振町鹿路,セフリマチロクロ,,,,,川ノ内,カワノウチ,,,0,0,0,0,0,0,1,0,1947-04-17,,1,,,,,,,,,,,,,,,,
412104,0018175,3,佐賀県,サガケン,Saga,,,,神埼市,カンザキシ,Kanzaki-shi,,,,脊振町鹿路,セフリマチロクロ,,,,,流川内,ナガレカワウチ,,,0,0,0,0,0,0,1,0,1947-04-17,,1,,,,,,,,,,,,,,,,
412104,0018176,3,佐賀県,サガケン,Saga,,,,神埼市,カンザキシ,Kanzaki-shi,,,,脊振町鹿路,セフリマチロクロ,,,,,内川久保,ウチカワクボ,,,0,0,0,0,0,0,1,0,1947-04-17,,1,,,,,,,,,,,,,,,,
412104,0018177,3,佐賀県,サガケン,Saga,,,,神埼市,カンザキシ,Kanzaki-shi,,,,脊振町鹿路,セフリマチロクロ,,,,,平原,ヒラバル,,,0,0,0,0,0,0,1,0,1947-04-17,,1,,,,,,,,,,,,,,,,
412104,0018178,3,佐賀県,サガケン,Saga,,,,神埼市,カンザキシ,Kanzaki-shi,,,,脊振町鹿路,セフリマチロクロ,,,,,平,タイラ,,,0,0,0,0,0,0,1,0,1947-04-17,,1,,,,,,,,,,,,,,,,
412104,0018179,3,佐賀県,サガケン,Saga,,,,神埼市,カンザキシ,Kanzaki-shi,,,,脊振町鹿路,セフリマチロクロ,,,,,流川,ナガレカワ,,,0,0,0,0,0,0,1,0,1947-04-17,,1,,,,,,,,,,,,,,,,
412104,0018180,3,佐賀県,サガケン,Saga,,,,神埼市,カンザキシ,Kanzaki-shi,,,,脊振町鹿路,セフリマチロクロ,,,,,弁才天,ベザイテン,,,0,0,0,0,0,0,1,0,1947-04-17,,1,,,,,,,,,,,,,,,,
412104,0018181,3,佐賀県,サガケン,Saga,,,,神埼市,カンザキシ,Kanzaki-shi,,,,脊振町鹿路,セフリマチロクロ,,,,,長作,ナガサコ,,,0,0,0,0,0,0,1,0,1947-04-17,,1,,,,,,,,,,,,,,,,
412104,0018182,3,佐賀県,サガケン,Saga,,,,神埼市,カンザキシ,Kanzaki-shi,,,,脊振町鹿路,セフリマチロクロ,,,,,西池ノ谷,ニシイケノタニ,,,0,0,0,0,0,0,1,0,1947-04-17,,1,,,,,,,,,,,,,,,,
412104,0018183,3,佐賀県,サガケン,Saga,,,,神埼市,カンザキシ,Kanzaki-shi,,,,脊振町鹿路,セフリマチロクロ,,,,,蓬原,フツハラ,,,0,0,0,0,0,0,1,0,1947-04-17,,1,,,,,,,,,,,,,,,,
412104,0018184,3,佐賀県,サガケン,Saga,,,,神埼市,カンザキシ,Kanzaki-shi,,,,脊振町鹿路,セフリマチロクロ,,,,,呑井手,ノミイデ,,,0,0,0,0,0,0,1,0,1947-04-17,,1,,,,,,,,,,,,,,,,
412104,0018185,3,佐賀県,サガケン,Saga,,,,神埼市,カンザキシ,Kanzaki-shi,,,,脊振町鹿路,セフリマチロクロ,,,,,西村,ニシムラ,,,0,0,0,0,0,0,1,0,1947-04-17,,1,,,,,,,,,,,,,,,,
412104,0018186,3,佐賀県,サガケン,Saga,,,,神埼市,カンザキシ,Kanzaki-shi,,,,脊振町鹿路,セフリマチロクロ,,,,,桂木,カツラギ,,,0,0,0,0,0,0,1,0,1947-04-17,,1,,,,,,,,,,,,,,,,
412104,0018187,3,佐賀県,サガケン,Saga,,,,神埼市,カンザキシ,Kanzaki-shi,,,,脊振町鹿路,セフリマチロクロ,,,,,ウソノ谷,ウソノタニ,,,0,0,0,0,0,0,1,0,1947-04-17,,1,,,,,,,,,,,,,,,,
412104,0018188,3,佐賀県,サガケン,Saga,,,,神埼市,カンザキシ,Kanzaki-shi,,,,脊振町鹿路,セフリマチロクロ,,,,,山口,ヤマグチ,,,0,0,0,0,0,0,1,0,1947-04-17,,1,,,,,,,,,,,,,,,,
412104,0018189,3,佐賀県,サガケン,Saga,,,,神埼市,カンザキシ,Kanzaki-shi,,,,脊振町鹿路,セフリマチロクロ,,,,,大平,オオヒラ,,,0,0,0,0,0,0,1,0,1947-04-17,,1,,,,,,,,,,,,,,,,
412104,0018190,3,佐賀県,サガケン,Saga,,,,神埼市,カンザキシ,Kanzaki-shi,,,,脊振町鹿路,セフリマチロクロ,,,,,西流川,ニシナガレカワ,,,0,0,0,0,0,0,1,0,1947-04-17,,1,,,,,,,,,,,,,,,,
412104,0018191,3,佐賀県,サガケン,Saga,,,,神埼市,カンザキシ,Kanzaki-shi,,,,脊振町鹿路,セフリマチロクロ,,,,,大野,オオノ,,,0,0,0,0,0,0,1,0,1947-04-17,,1,,,,,,,,,,,,,,,,
412104,0018192,3,佐賀県,サガケン,Saga,,,,神埼市,カンザキシ,Kanzaki-shi,,,,脊振町鹿路,セフリマチロクロ,,,,,梨木谷,ナシノキタニ,,,0,0,0,0,0,0,1,0,1947-04-17,,1,,,,,,,,,,,,,,,,
412104,0019000,1,佐賀県,サガケン,Saga,,,,神埼市,カンザキシ,Kanzaki-shi,,,,千代田町姉,チヨダチョウアネ,Chiyodacho Ane,,,,,,,,0,0,0,0,0,0,1,1,1947-04-17,,0,8420052,,,,,,,,,,,,,,,
412104,0019114,3,佐賀県,サガケン,Saga,,,,神埼市,カンザキシ,Kanzaki-shi,,,,千代田町姉,チヨダチョウアネ,,,,,十本松,ジュッポンマツ,,,0,0,0,0,0,0,1,0,1947-04-17,,1,,,,,,,,,,,,,,,,
412104,0019115,3,佐賀県,サガケン,Saga,,,,神埼市,カンザキシ,Kanzaki-shi,,,,千代田町姉,チヨダチョウアネ,,,,,四本松,ヨンホンマツ,,,0,0,0,0,0,0,1,0,1947-04-17,,1,,,,,,,,,,,,,,,,
412104,0019116,3,佐賀県,サガケン,Saga,,,,神埼市,カンザキシ,Kanzaki-shi,,,,千代田町姉,チヨダチョウアネ,,,,,三本松,サンボンマツ,,,0,0,0,0,0,0,1,0,1947-04-17,,1,,,,,,,,,,,,,,,,
412104,0019117,3,佐賀県,サガケン,Saga,,,,神埼市,カンザキシ,Kanzaki-shi,,,,千代田町姉,チヨダチョウアネ,,,,,大１本松,ダイイッポンマツ,,,0,0,0,0,0,0,1,0,1947-04-17,,1,,,,,,,,,,,,,,,,
412104,0019118,3,佐賀県,サガケン,Saga,,,,神埼市,カンザキシ,Kanzaki-shi,,,,千代田町姉,チヨダチョウアネ,,,,,二本松,ニホンマツ,,,0,0,0,0,0,0,1,0,1947-04-17,,1,,,,,,,,,,,,,,,,
412104,0019119,3,佐賀県,サガケン,Saga,,,,神埼市,カンザキシ,Kanzaki-shi,,,,千代田町姉,チヨダチョウアネ,,,,,乙二本松,オツニホンマツ,,,0,0,0,0,0,0,1,0,1947-04-17,,1,,,,,,,,,,,,,,,,
412104,0019120,3,佐賀県,サガケン,Saga,,,,神埼市,カンザキシ,Kanzaki-shi,,,,千代田町姉,チヨダチョウアネ,,,,,十一本松,ジュウイッポンマツ,,,0,0,0,0,0,0,1,0,1947-04-17,,1,,,,,,,,,,,,,,,,
412104,0019121,3,佐賀県,サガケン,Saga,,,,神埼市,カンザキシ,Kanzaki-shi,,,,千代田町姉,チヨダチョウアネ,,,,,乙一本松,オツイッポンマツ,,,0,0,0,0,0,0,1,0,1947-04-17,,1,,,,,,,,,,,,,,,,
412104,0019122,3,佐賀県,サガケン,Saga,,,,神埼市,カンザキシ,Kanzaki-shi,,,,千代田町姉,チヨダチョウアネ,,,,,２本松,ニホンマツ,,,0,0,0,0,0,0,1,0,1947-04-17,,1,,,,,,,,,,,,,,,,
412104,0019123,3,佐賀県,サガケン,Saga,,,,神埼市,カンザキシ,Kanzaki-shi,,,,千代田町姉,チヨダチョウアネ,,,,,十二本松,ジュウニホンマツ,,,0,0,0,0,0,0,1,0,1947-04-17,,1,,,,,,,,,,,,,,,,
412104,0019124,3,佐賀県,サガケン,Saga,,,,神埼市,カンザキシ,Kanzaki-shi,,,,千代田町姉,チヨダチョウアネ,,,,,乙三本松,オツサンボンマツ,,,0,0,0,0,0,0,1,0,1947-04-17,,1,,,,,,,,,,,,,,,,
412104,0019125,3,佐賀県,サガケン,Saga,,,,神埼市,カンザキシ,Kanzaki-shi,,,,千代田町姉,チヨダチョウアネ,,,,,大一本松,ダイイッポンマツ,,,0,0,0,0,0,0,1,0,1947-04-17,,1,,,,,,,,,,,,,,,,
412104,0019126,3,佐賀県,サガケン,Saga,,,,神埼市,カンザキシ,Kanzaki-shi,,,,千代田町姉,チヨダチョウアネ,,,,,一本松,イッポンマツ,,,0,0,0,0,0,0,1,0,1947-04-17,,1,,,,,,,,,,,,,,,,
412104,0019127,3,佐賀県,サガケン,Saga,,,,神埼市,カンザキシ,Kanzaki-shi,,,,千代田町姉,チヨダチョウアネ,,,,,五本松,ゴホンマツ,,,0,0,0,0,0,0,1,0,1947-04-17,,1,,,,,,,,,,,,,,,,
412104,0019128,3,佐賀県,サガケン,Saga,,,,神埼市,カンザキシ,Kanzaki-shi,,,,千代田町姉,チヨダチョウアネ,,,,,大二本松,ダイニホンマツ,,,0,0,0,0,0,0,1,0,1947-04-17,,1,,,,,,,,,,,,,,,,
412104,0020000,1,佐賀県,サガケン,Saga,,,,神埼市,カンザキシ,Kanzaki-shi,,,,千代田町餘江,チヨダチョウアマリエ,Chiyodacho Amarie,,,,,,,,0,0,0,0,0,0,1,1,1947-04-17,,0,8420054,,,,,,,,,,,,,,,
412104,0020110,3,佐賀県,サガケン,Saga,,,,神埼市,カンザキシ,Kanzaki-shi,,,,千代田町餘江,チヨダチョウアマリエ,,,,,三本松,サンボンマツ,,,0,0,0,0,0,0,1,0,1947-04-17,,1,,,,,,,,,,,,,,,,
412104,0020111,3,佐賀県,サガケン,Saga,,,,神埼市,カンザキシ,Kanzaki-shi,,,,千代田町餘江,チヨダチョウアマリエ,,,,,川二本松,カワニホンマツ,,,0,0,0,0,0,0,1,0,1947-04-17,,1,,,,,,,,,,,,,,,,
412104,0020112,3,佐賀県,サガケン,Saga,,,,神埼市,カンザキシ,Kanzaki-shi,,,,千代田町餘江,チヨダチョウアマリエ,,,,,西一本松,ニシイッポンマツ,,,0,0,0,0,0,0,1,0,1947-04-17,,1,,,,,,,,,,,,,,,,
412104,0020113,3,佐賀県,サガケン,Saga,,,,神埼市,カンザキシ,Kanzaki-shi,,,,千代田町餘江,チヨダチョウアマリエ,,,,,西二本松,ニシニホンマツ,,,0,0,0,0,0,0,1,0,1947-04-17,,1,,,,,,,,,,,,,,,,
412104,0020114,3,佐賀県,サガケン,Saga,,,,神埼市,カンザキシ,Kanzaki-shi,,,,千代田町餘江,チヨダチョウアマリエ,,,,,川三本松,カワサンボンマツ,,,0,0,0,0,0,0,1,0,1947-04-17,,1,,,,,,,,,,,,,,,,
412104,0020115,3,佐賀県,サガケン,Saga,,,,神埼市,カンザキシ,Kanzaki-shi,,,,千代田町餘江,チヨダチョウアマリエ,,,,,一本松,イッポンマツ,,,0,0,0,0,0,0,1,0,1947-04-17,,1,,,,,,,,,,,,,,,,
412104,0020116,3,佐賀県,サガケン,Saga,,,,神埼市,カンザキシ,Kanzaki-shi,,,,千代田町餘江,チヨダチョウアマリエ,,,,,川一本松,カワイッポンマツ,,,0,0,0,0,0,0,1,0,1947-04-17,,1,,,,,,,,,,,,,,,,
412104,0020117,3,佐賀県,サガケン,Saga,,,,神埼市,カンザキシ,Kanzaki-shi,,,,千代田町餘江,チヨダチョウアマリエ,,,,,古川,フルカワ,,,0,0,0,0,0,0,1,0,1947-04-17,,1,,,,,,,,,,,,,,,,
412104,0020118,3,佐賀県,サガケン,Saga,,,,神埼市,カンザキシ,Kanzaki-shi,,,,千代田町餘江,チヨダチョウアマリエ,,,,,西三本松,ニシサンボンマツ,,,0,0,0,0,0,0,1,0,1947-04-17,,1,,,,,,,,,,,,,,,,
412104,0020119,3,佐賀県,サガケン,Saga,,,,神埼市,カンザキシ,Kanzaki-shi,,,,千代田町餘江,チヨダチョウアマリエ,,,,,二本松,ニホンマツ,,,0,0,0,0,0,0,1,0,1947-04-17,,1,,,,,,,,,,,,,,,,
412104,0021000,1,佐賀県,サガケン,Saga,,,,神埼市,カンザキシ,Kanzaki-shi,,,,千代田町嘉納,チヨダチョウカノウ,Chiyodacho Kano,,,,,,,,0,0,0,0,0,0,1,1,1947-04-17,,0,8420067,,,,,,,,,,,,,,,
412104,0021111,3,佐賀県,サガケン,Saga,,,,神埼市,カンザキシ,Kanzaki-shi,,,,千代田町嘉納,チヨダチョウカノウ,,,,,一本松,イッポンマツ,,,0,0,0,0,0,0,1,0,1947-04-17,,1,,,,,,,,,,,,,,,,
412104,0021112,3,佐賀県,サガケン,Saga,,,,神埼市,カンザキシ,Kanzaki-shi,,,,千代田町嘉納,チヨダチョウカノウ,,,,,丙三本松,ヘイサンボンマツ,,,0,0,0,0,0,0,1,0,1947-04-17,,1,,,,,,,,,,,,,,,,
412104,0021113,3,佐賀県,サガケン,Saga,,,,神埼市,カンザキシ,Kanzaki-shi,,,,千代田町嘉納,チヨダチョウカノウ,,,,,四本松,ヨンホンマツ,,,0,0,0,0,0,0,1,0,1947-04-17,,1,,,,,,,,,,,,,,,,
412104,0021114,3,佐賀県,サガケン,Saga,,,,神埼市,カンザキシ,Kanzaki-shi,,,,千代田町嘉納,チヨダチョウカノウ,,,,,五本松,ゴホンマツ,,,0,0,0,0,0,0,1,0,1947-04-17,,1,,,,,,,,,,,,,,,,
412104,0021115,3,佐賀県,サガケン,Saga,,,,神埼市,カンザキシ,Kanzaki-shi,,,,千代田町嘉納,チヨダチョウカノウ,,,,,三本松,サンボンマツ,,,0,0,0,0,0,0,1,0,1947-04-17,,1,,,,,,,,,,,,,,,,
412104,0021116,3,佐賀県,サガケン,Saga,,,,神埼市,カンザキシ,Kanzaki-shi,,,,千代田町嘉納,チヨダチョウカノウ,,,,,黒木,クロキ,,,0,0,0,0,0,0,1,0,1947-04-17,,1,,,,,,,,,,,,,,,,
412104,0021117,3,佐賀県,サガケン,Saga,,,,神埼市,カンザキシ,Kanzaki-shi,,,,千代田町嘉納,チヨダチョウカノウ,,,,,丙一本松,ヘイイッポンマツ,,,0,0,0,0,0,0,1,0,1947-04-17,,1,,,,,,,,,,,,,,,,
412104,0021118,3,佐賀県,サガケン,Saga,,,,神埼市,カンザキシ,Kanzaki-shi,,,,千代田町嘉納,チヨダチョウカノウ,,,,,村内,ムラウチ,,,0,0,0,0,0,0,1,0,1947-04-17,,1,,,,,,,,,,,,,,,,
412104,0021119,3,佐賀県,サガケン,Saga,,,,神埼市,カンザキシ,Kanzaki-shi,,,,千代田町嘉納,チヨダチョウカノウ,,,,,丙二本松,ヘイニホンマツ,,,0,0,0,0,0,0,1,0,1947-04-17,,1,,,,,,,,,,,,,,,,
412104,0021120,3,佐賀県,サガケン,Saga,,,,神埼市,カンザキシ,Kanzaki-shi,,,,千代田町嘉納,チヨダチョウカノウ,,,,,二本松,ニホンマツ,,,0,0,0,0,0,0,1,0,1947-04-17,,1,,,,,,,,,,,,,,,,
412104,0021121,3,佐賀県,サガケン,Saga,,,,神埼市,カンザキシ,Kanzaki-shi,,,,千代田町嘉納,チヨダチョウカノウ,,,,,一本杉,イッポンスギ,,,0,0,0,0,0,0,1,0,1947-04-17,,1,,,,,,,,,,,,,,,,
412104,0022000,1,佐賀県,サガケン,Saga,,,,神埼市,カンザキシ,Kanzaki-shi,,,,千代田町黒井,チヨダチョウクロイ,Chiyodacho Kuroi,,,,,,,,0,0,0,0,0,0,1,1,1947-04-17,,0,8420051,,,,,,,,,,,,,,,
412104,0022110,3,佐賀県,サガケン,Saga,,,,神埼市,カンザキシ,Kanzaki-shi,,,,千代田町黒井,チヨダチョウクロイ,,,,,七本松,ナナホンマツ,,,0,0,0,0,0,0,1,0,1947-04-17,,1,,,,,,,,,,,,,,,,
412104,0022111,3,佐賀県,サガケン,Saga,,,,神埼市,カンザキシ,Kanzaki-shi,,,,千代田町黒井,チヨダチョウクロイ,,,,,四本松,ヨンホンマツ,,,0,0,0,0,0,0,1,0,1947-04-17,,1,,,,,,,,,,,,,,,,
412104,0022112,3,佐賀県,サガケン,Saga,,,,神埼市,カンザキシ,Kanzaki-shi,,,,千代田町黒井,チヨダチョウクロイ,,,,,八本松,ハチホンマツ,,,0,0,0,0,0,0,1,0,1947-04-17,,1,,,,,,,,,,,,,,,,
412104,0022113,3,佐賀県,サガケン,Saga,,,,神埼市,カンザキシ,Kanzaki-shi,,,,千代田町黒井,チヨダチョウクロイ,,,,,五本松,ゴホンマツ,,,0,0,0,0,0,0,1,0,1947-04-17,,1,,,,,,,,,,,,,,,,
412104,0022114,3,佐賀県,サガケン,Saga,,,,神埼市,カンザキシ,Kanzaki-shi,,,,千代田町黒井,チヨダチョウクロイ,,,,,一本松,イッポンマツ,,,0,0,0,0,0,0,1,0,1947-04-17,,1,,,,,,,,,,,,,,,,
412104,0022115,3,佐賀県,サガケン,Saga,,,,神埼市,カンザキシ,Kanzaki-shi,,,,千代田町黒井,チヨダチョウクロイ,,,,,６本松,ロッポンマツ,,,0,0,0,0,0,0,1,0,1947-04-17,,1,,,,,,,,,,,,,,,,
412104,0022116,3,佐賀県,サガケン,Saga,,,,神埼市,カンザキシ,Kanzaki-shi,,,,千代田町黒井,チヨダチョウクロイ,,,,,三本松,サンボンマツ,,,0,0,0,0,0,0,1,0,1947-04-17,,1,,,,,,,,,,,,,,,,
412104,0022117,3,佐賀県,サガケン,Saga,,,,神埼市,カンザキシ,Kanzaki-shi,,,,千代田町黒井,チヨダチョウクロイ,,,,,二本松,ニホンマツ,,,0,0,0,0,0,0,1,0,1947-04-17,,1,,,,,,,,,,,,,,,,
412104,0022118,3,佐賀県,サガケン,Saga,,,,神埼市,カンザキシ,Kanzaki-shi,,,,千代田町黒井,チヨダチョウクロイ,,,,,九本松,キュウホンマツ,,,0,0,0,0,0,0,1,0,1947-04-17,,1,,,,,,,,,,,,,,,,
412104,0022119,3,佐賀県,サガケン,Saga,,,,神埼市,カンザキシ,Kanzaki-shi,,,,千代田町黒井,チヨダチョウクロイ,,,,,六本松,ロッポンマツ,,,0,0,0,0,0,0,1,0,1947-04-17,,1,,,,,,,,,,,,,,,,
412104,0023000,1,佐賀県,サガケン,Saga,,,,神埼市,カンザキシ,Kanzaki-shi,,,,千代田町境原,チヨダチョウサカイバル,Chiyodacho Sakaibaru,,,,,,,,0,0,0,0,0,0,1,1,1947-04-17,,0,8420056,,,,,,,,,,,,,,,
412104,0023119,3,佐賀県,サガケン,Saga,,,,神埼市,カンザキシ,Kanzaki-shi,,,,千代田町境原,チヨダチョウサカイバル,,,,,六本松,ロッポンマツ,,,0,0,0,0,0,0,1,0,1947-04-17,,1,,,,,,,,,,,,,,,,
412104,0023120,3,佐賀県,サガケン,Saga,,,,神埼市,カンザキシ,Kanzaki-shi,,,,千代田町境原,チヨダチョウサカイバル,,,,,四の坪,ヨンノツボ,,,0,0,0,0,0,0,1,0,1947-04-17,,1,,,,,,,,,,,,,,,,
412104,0023121,3,佐賀県,サガケン,Saga,,,,神埼市,カンザキシ,Kanzaki-shi,,,,千代田町境原,チヨダチョウサカイバル,,,,,三本松,サンボンマツ,,,0,0,0,0,0,0,1,0,1947-04-17,,1,,,,,,,,,,,,,,,,
412104,0023122,3,佐賀県,サガケン,Saga,,,,神埼市,カンザキシ,Kanzaki-shi,,,,千代田町境原,チヨダチョウサカイバル,,,,,三の坪,サンノツボ,,,0,0,0,0,0,0,1,0,1947-04-17,,1,,,,,,,,,,,,,,,,
412104,0023123,3,佐賀県,サガケン,Saga,,,,神埼市,カンザキシ,Kanzaki-shi,,,,千代田町境原,チヨダチョウサカイバル,,,,,五本松,ゴホンマツ,,,0,0,0,0,0,0,1,0,1947-04-17,,1,,,,,,,,,,,,,,,,
412104,0023124,3,佐賀県,サガケン,Saga,,,,神埼市,カンザキシ,Kanzaki-shi,,,,千代田町境原,チヨダチョウサカイバル,,,,,二の坪,ニノツボ,,,0,0,0,0,0,0,1,0,1947-04-17,,1,,,,,,,,,,,,,,,,
412104,0023125,3,佐賀県,サガケン,Saga,,,,神埼市,カンザキシ,Kanzaki-shi,,,,千代田町境原,チヨダチョウサカイバル,,,,,八本松,ハチホンマツ,,,0,0,0,0,0,0,1,0,1947-04-17,,1,,,,,,,,,,,,,,,,
412104,0023126,3,佐賀県,サガケン,Saga,,,,神埼市,カンザキシ,Kanzaki-shi,,,,千代田町境原,チヨダチョウサカイバル,,,,,四本柳,ヨンホンヤナギ,,,0,0,0,0,0,0,1,0,1947-04-17,,1,,,,,,,,,,,,,,,,
412104,0023127,3,佐賀県,サガケン,Saga,,,,神埼市,カンザキシ,Kanzaki-shi,,,,千代田町境原,チヨダチョウサカイバル,,,,,一の坪,イチノツボ,,,0,0,0,0,0,0,1,0,1947-04-17,,1,,,,,,,,,,,,,,,,
412104,0023128,3,佐賀県,サガケン,Saga,,,,神埼市,カンザキシ,Kanzaki-shi,,,,千代田町境原,チヨダチョウサカイバル,,,,,一本松,イッポンマツ,,,0,0,0,0,0,0,1,0,1947-04-17,,1,,,,,,,,,,,,,,,,
412104,0023129,3,佐賀県,サガケン,Saga,,,,神埼市,カンザキシ,Kanzaki-shi,,,,千代田町境原,チヨダチョウサカイバル,,,,,四本松,ヨンホンマツ,,,0,0,0,0,0,0,1,0,1947-04-17,,1,,,,,,,,,,,,,,,,
412104,0023130,3,佐賀県,サガケン,Saga,,,,神埼市,カンザキシ,Kanzaki-shi,,,,千代田町境原,チヨダチョウサカイバル,,,,,五本柳,ゴホンヤナギ,,,0,0,0,0,0,0,1,0,1947-04-17,,1,,,,,,,,,,,,,,,,
412104,0023131,3,佐賀県,サガケン,Saga,,,,神埼市,カンザキシ,Kanzaki-shi,,,,千代田町境原,チヨダチョウサカイバル,,,,,三本柳,サンボンヤナギ,,,0,0,0,0,0,0,1,0,1947-04-17,,1,,,,,,,,,,,,,,,,
412104,0023132,3,佐賀県,サガケン,Saga,,,,神埼市,カンザキシ,Kanzaki-shi,,,,千代田町境原,チヨダチョウサカイバル,,,,,一本柳,イッポンヤナギ,,,0,0,0,0,0,0,1,0,1947-04-17,,1,,,,,,,,,,,,,,,,
412104,0023133,3,佐賀県,サガケン,Saga,,,,神埼市,カンザキシ,Kanzaki-shi,,,,千代田町境原,チヨダチョウサカイバル,,,,,二本松,ニホンマツ,,,0,0,0,0,0,0,1,0,1947-04-17,,1,,,,,,,,,,,,,,,,
412104,0023134,3,佐賀県,サガケン,Saga,,,,神埼市,カンザキシ,Kanzaki-shi,,,,千代田町境原,チヨダチョウサカイバル,,,,,七本松,ナナホンマツ,,,0,0,0,0,0,0,1,0,1947-04-17,,1,,,,,,,,,,,,,,,,
412104,0023135,3,佐賀県,サガケン,Saga,,,,神埼市,カンザキシ,Kanzaki-shi,,,,千代田町境原,チヨダチョウサカイバル,,,,,五の坪,ゴノツボ,,,0,0,0,0,0,0,1,0,1947-04-17,,1,,,,,,,,,,,,,,,,
412104,0023136,3,佐賀県,サガケン,Saga,,,,神埼市,カンザキシ,Kanzaki-shi,,,,千代田町境原,チヨダチョウサカイバル,,,,,二本柳,ニホンヤナギ,,,0,0,0,0,0,0,1,0,1947-04-17,,1,,,,,,,,,,,,,,,,
412104,0025000,1,佐賀県,サガケン,Saga,,,,神埼市,カンザキシ,Kanzaki-shi,,,,千代田町下板,チヨダチョウシモイタ,Chiyodacho Shimoita,,,,,,,,0,0,0,0,0,0,1,1,1947-04-17,,0,8420068,,,,,,,,,,,,,,,
412104,0025130,3,佐賀県,サガケン,Saga,,,,神埼市,カンザキシ,Kanzaki-shi,,,,千代田町下板,チヨダチョウシモイタ,,,,,藤の木,フジノキ,,,0,0,0,0,0,0,1,0,1947-04-17,,1,,,,,,,,,,,,,,,,
412104,0025131,3,佐賀県,サガケン,Saga,,,,神埼市,カンザキシ,Kanzaki-shi,,,,千代田町下板,チヨダチョウシモイタ,,,,,北五本松,キタゴホンマツ,,,0,0,0,0,0,0,1,0,1947-04-17,,1,,,,,,,,,,,,,,,,
412104,0025132,3,佐賀県,サガケン,Saga,,,,神埼市,カンザキシ,Kanzaki-shi,,,,千代田町下板,チヨダチョウシモイタ,,,,,南三本松,ミナミサンボンマツ,,,0,0,0,0,0,0,1,0,1947-04-17,,1,,,,,,,,,,,,,,,,
412104,0025133,3,佐賀県,サガケン,Saga,,,,神埼市,カンザキシ,Kanzaki-shi,,,,千代田町下板,チヨダチョウシモイタ,,,,,北二本松,キタニホンマツ,,,0,0,0,0,0,0,1,0,1947-04-17,,1,,,,,,,,,,,,,,,,
412104,0025134,3,佐賀県,サガケン,Saga,,,,神埼市,カンザキシ,Kanzaki-shi,,,,千代田町下板,チヨダチョウシモイタ,,,,,南一本松,ミナミイッポンマツ,,,0,0,0,0,0,0,1,0,1947-04-17,,1,,,,,,,,,,,,,,,,
412104,0025135,3,佐賀県,サガケン,Saga,,,,神埼市,カンザキシ,Kanzaki-shi,,,,千代田町下板,チヨダチョウシモイタ,,,,,森の木籠,モリノキゴモリ,,,0,0,0,0,0,0,1,0,1947-04-17,,1,,,,,,,,,,,,,,,,
412104,0025136,3,佐賀県,サガケン,Saga,,,,神埼市,カンザキシ,Kanzaki-shi,,,,千代田町下板,チヨダチョウシモイタ,,,,,北四本松,キタヨンホンマツ,,,0,0,0,0,0,0,1,0,1947-04-17,,1,,,,,,,,,,,,,,,,
412104,0025137,3,佐賀県,サガケン,Saga,,,,神埼市,カンザキシ,Kanzaki-shi,,,,千代田町下板,チヨダチョウシモイタ,,,,,南二本松,ミナミニホンマツ,,,0,0,0,0,0,0,1,0,1947-04-17,,1,,,,,,,,,,,,,,,,
412104,0025138,3,佐賀県,サガケン,Saga,,,,神埼市,カンザキシ,Kanzaki-shi,,,,千代田町下板,チヨダチョウシモイタ,,,,,北三本松,キタサンボンマツ,,,0,0,0,0,0,0,1,0,1947-04-17,,1,,,,,,,,,,,,,,,,
412104,0025139,3,佐賀県,サガケン,Saga,,,,神埼市,カンザキシ,Kanzaki-shi,,,,千代田町下板,チヨダチョウシモイタ,,,,,流鏑馬籠,ヤブサメゴモリ,,,0,0,0,0,0,0,1,0,1947-04-17,,1,,,,,,,,,,,,,,,,
412104,0025140,3,佐賀県,サガケン,Saga,,,,神埼市,カンザキシ,Kanzaki-shi,,,,千代田町下板,チヨダチョウシモイタ,,,,,東五の坪,ヒガシゴノツボ,,,0,0,0,0,0,0,1,0,1947-04-17,,1,,,,,,,,,,,,,,,,
412104,0025141,3,佐賀県,サガケン,Saga,,,,神埼市,カンザキシ,Kanzaki-shi,,,,千代田町下板,チヨダチョウシモイタ,,,,,西三の坪,ニシサンノツボ,,,0,0,0,0,0,0,1,0,1947-04-17,,1,,,,,,,,,,,,,,,,
412104,0025142,3,佐賀県,サガケン,Saga,,,,神埼市,カンザキシ,Kanzaki-shi,,,,千代田町下板,チヨダチョウシモイタ,,,,,西一の坪,ニシイチノツボ,,,0,0,0,0,0,0,1,0,1947-04-17,,1,,,,,,,,,,,,,,,,
412104,0025143,3,佐賀県,サガケン,Saga,,,,神埼市,カンザキシ,Kanzaki-shi,,,,千代田町下板,チヨダチョウシモイタ,,,,,天神籠,テンジンゴモリ,,,0,0,0,0,0,0,1,0,1947-04-17,,1,,,,,,,,,,,,,,,,
412104,0025144,3,佐賀県,サガケン,Saga,,,,神埼市,カンザキシ,Kanzaki-shi,,,,千代田町下板,チヨダチョウシモイタ,,,,,西四の坪,ニシヨンノツボ,,,0,0,0,0,0,0,1,0,1947-04-17,,1,,,,,,,,,,,,,,,,
412104,0025145,3,佐賀県,サガケン,Saga,,,,神埼市,カンザキシ,Kanzaki-shi,,,,千代田町下板,チヨダチョウシモイタ,,,,,東一の坪,ヒガシイチノツボ,,,0,0,0,0,0,0,1,0,1947-04-17,,1,,,,,,,,,,,,,,,,
412104,0025146,3,佐賀県,サガケン,Saga,,,,神埼市,カンザキシ,Kanzaki-shi,,,,千代田町下板,チヨダチョウシモイタ,,,,,西二の坪,ニシニノツボ,,,0,0,0,0,0,0,1,0,1947-04-17,,1,,,,,,,,,,,,,,,,
412104,0025147,3,佐賀県,サガケン,Saga,,,,神埼市,カンザキシ,Kanzaki-shi,,,,千代田町下板,チヨダチョウシモイタ,,,,,東三の坪,ヒガシサンノツボ,,,0,0,0,0,0,0,1,0,1947-04-17,,1,,,,,,,,,,,,,,,,
412104,0025148,3,佐賀県,サガケン,Saga,,,,神埼市,カンザキシ,Kanzaki-shi,,,,千代田町下板,チヨダチョウシモイタ,,,,,筧籠,カケイゴモリ,,,0,0,0,0,0,0,1,0,1947-04-17,,1,,,,,,,,,,,,,,,,
412104,0025149,3,佐賀県,サガケン,Saga,,,,神埼市,カンザキシ,Kanzaki-shi,,,,千代田町下板,チヨダチョウシモイタ,,,,,東四の坪,ヒガシヨンノツボ,,,0,0,0,0,0,0,1,0,1947-04-17,,1,,,,,,,,,,,,,,,,
412104,0025150,3,佐賀県,サガケン,Saga,,,,神埼市,カンザキシ,Kanzaki-shi,,,,千代田町下板,チヨダチョウシモイタ,,,,,髙良籠,コウラゴモリ,,,0,0,0,0,0,0,1,0,1947-04-17,,1,,,,,,,,,,,,,,,,
412104,0025151,3,佐賀県,サガケン,Saga,,,,神埼市,カンザキシ,Kanzaki-shi,,,,千代田町下板,チヨダチョウシモイタ,,,,,瓢箪籠,ヒョウタンゴモリ,,,0,0,0,0,0,0,1,0,1947-04-17,,1,,,,,,,,,,,,,,,,
412104,0025152,3,佐賀県,サガケン,Saga,,,,神埼市,カンザキシ,Kanzaki-shi,,,,千代田町下板,チヨダチョウシモイタ,,,,,宮脇,ミヤワキ,,,0,0,0,0,0,0,1,0,1947-04-17,,1,,,,,,,,,,,,,,,,
412104,0025153,3,佐賀県,サガケン,Saga,,,,神埼市,カンザキシ,Kanzaki-shi,,,,千代田町下板,チヨダチョウシモイタ,,,,,南四本松,ミナミヨンホンマツ,,,0,0,0,0,0,0,1,0,1947-04-17,,1,,,,,,,,,,,,,,,,
412104,0025154,3,佐賀県,サガケン,Saga,,,,神埼市,カンザキシ,Kanzaki-shi,,,,千代田町下板,チヨダチョウシモイタ,,,,,東二の坪,ヒガシニノツボ,,,0,0,0,0,0,0,1,0,1947-04-17,,1,,,,,,,,,,,,,,,,
412104,0025155,3,佐賀県,サガケン,Saga,,,,神埼市,カンザキシ,Kanzaki-shi,,,,千代田町下板,チヨダチョウシモイタ,,,,,村内籠,ムラウチゴモリ,,,0,0,0,0,0,0,1,0,1947-04-17,,1,,,,,,,,,,,,,,,,
412104,0025156,3,佐賀県,サガケン,Saga,,,,神埼市,カンザキシ,Kanzaki-shi,,,,千代田町下板,チヨダチョウシモイタ,,,,,南川副,ミナミカワゾエ,,,0,0,0,0,0,0,1,0,1947-04-17,,1,,,,,,,,,,,,,,,,
412104,0025157,3,佐賀県,サガケン,Saga,,,,神埼市,カンザキシ,Kanzaki-shi,,,,千代田町下板,チヨダチョウシモイタ,,,,,大鐘籠,オオガネゴモリ,,,0,0,0,0,0,0,1,0,1947-04-17,,1,,,,,,,,,,,,,,,,
412104,0025158,3,佐賀県,サガケン,Saga,,,,神埼市,カンザキシ,Kanzaki-shi,,,,千代田町下板,チヨダチョウシモイタ,,,,,神楽田籠,カグラダゴモリ,,,0,0,0,0,0,0,1,0,1947-04-17,,1,,,,,,,,,,,,,,,,
412104,0025159,3,佐賀県,サガケン,Saga,,,,神埼市,カンザキシ,Kanzaki-shi,,,,千代田町下板,チヨダチョウシモイタ,,,,,北一本松,キタイッポンマツ,,,0,0,0,0,0,0,1,0,1947-04-17,,1,,,,,,,,,,,,,,,,
412104,0026000,1,佐賀県,サガケン,Saga,,,,神埼市,カンザキシ,Kanzaki-shi,,,,千代田町下西,チヨダチョウシモサイ,Chiyodacho Shimosai,,,,,,,,0,0,0,0,0,0,1,1,1947-04-17,,0,8420055,,*_*_*_*_*_MJ024196,,,,,,,,,,,,,
412104,0026110,3,佐賀県,サガケン,Saga,,,,神埼市,カンザキシ,Kanzaki-shi,,,,千代田町下西,チヨダチョウシモサイ,,,,,六本松,ロッポンマツ,,,0,0,0,0,0,0,1,0,1947-04-17,,1,,,,,,,,,,,,,,,,
412104,0026111,3,佐賀県,サガケン,Saga,,,,神埼市,カンザキシ,Kanzaki-shi,,,,千代田町下西,チヨダチョウシモサイ,,,,,二本松,ニホンマツ,,,0,0,0,0,0,0,1,0,1947-04-17,,1,,,,,,,,,,,,,,,,
412104,0026112,3,佐賀県,サガケン,Saga,,,,神埼市,カンザキシ,Kanzaki-shi,,,,千代田町下西,チヨダチョウシモサイ,,,,,八本松,ハチホンマツ,,,0,0,0,0,0,0,1,0,1947-04-17,,1,,,,,,,,,,,,,,,,
412104,0026113,3,佐賀県,サガケン,Saga,,,,神埼市,カンザキシ,Kanzaki-shi,,,,千代田町下西,チヨダチョウシモサイ,,,,,七本松,ナナホンマツ,,,0,0,0,0,0,0,1,0,1947-04-17,,1,,,,,,,,,,,,,,,,
412104,0026114,3,佐賀県,サガケン,Saga,,,,神埼市,カンザキシ,Kanzaki-shi,,,,千代田町下西,チヨダチョウシモサイ,,,,,九本松,キュウホンマツ,,,0,0,0,0,0,0,1,0,1947-04-17,,1,,,,,,,,,,,,,,,,
412104,0026115,3,佐賀県,サガケン,Saga,,,,神埼市,カンザキシ,Kanzaki-shi,,,,千代田町下西,チヨダチョウシモサイ,,,,,一本松,イッポンマツ,,,0,0,0,0,0,0,1,0,1947-04-17,,1,,,,,,,,,,,,,,,,
412104,0026116,3,佐賀県,サガケン,Saga,,,,神埼市,カンザキシ,Kanzaki-shi,,,,千代田町下西,チヨダチョウシモサイ,,,,,五本松,ゴホンマツ,,,0,0,0,0,0,0,1,0,1947-04-17,,1,,,,,,,,,,,,,,,,
412104,0026117,3,佐賀県,サガケン,Saga,,,,神埼市,カンザキシ,Kanzaki-shi,,,,千代田町下西,チヨダチョウシモサイ,,,,,三本松,サンボンマツ,,,0,0,0,0,0,0,1,0,1947-04-17,,1,,,,,,,,,,,,,,,,
412104,0026118,3,佐賀県,サガケン,Saga,,,,神埼市,カンザキシ,Kanzaki-shi,,,,千代田町下西,チヨダチョウシモサイ,,,,,四本松,ヨンホンマツ,,,0,0,0,0,0,0,1,0,1947-04-17,,1,,,,,,,,,,,,,,,,
412104,0027000,1,佐賀県,サガケン,Saga,,,,神埼市,カンザキシ,Kanzaki-shi,,,,千代田町詫田,チヨダチョウタクタ,Chiyodacho Takuta,,,,,,,,0,0,0,0,0,0,1,1,1947-04-17,,0,8420061,,,,,,,,,,,,,,,
412104,0027122,3,佐賀県,サガケン,Saga,,,,神埼市,カンザキシ,Kanzaki-shi,,,,千代田町詫田,チヨダチョウタクタ,,,,,北栗町,キタクリマチ,,,0,0,0,0,0,0,1,0,1947-04-17,,1,,,,,,,,,,,,,,,,
412104,0027123,3,佐賀県,サガケン,Saga,,,,神埼市,カンザキシ,Kanzaki-shi,,,,千代田町詫田,チヨダチョウタクタ,,,,,二の折,ニノオリ,,,0,0,0,0,0,0,1,0,1947-04-17,,1,,,,,,,,,,,,,,,,
412104,0027124,3,佐賀県,サガケン,Saga,,,,神埼市,カンザキシ,Kanzaki-shi,,,,千代田町詫田,チヨダチョウタクタ,,,,,山賀,ヤマガ,,,0,0,0,0,0,0,1,0,1947-04-17,,1,,,,,,,,,,,,,,,,
412104,0027125,3,佐賀県,サガケン,Saga,,,,神埼市,カンザキシ,Kanzaki-shi,,,,千代田町詫田,チヨダチョウタクタ,,,,,津芦,ツアシ,,,0,0,0,0,0,0,1,0,1947-04-17,,1,,,,,,,,,,,,,,,,
412104,0027126,3,佐賀県,サガケン,Saga,,,,神埼市,カンザキシ,Kanzaki-shi,,,,千代田町詫田,チヨダチョウタクタ,,,,,五本松,ゴホンマツ,,,0,0,0,0,0,0,1,0,1947-04-17,,1,,,,,,,,,,,,,,,,
412104,0027127,3,佐賀県,サガケン,Saga,,,,神埼市,カンザキシ,Kanzaki-shi,,,,千代田町詫田,チヨダチョウタクタ,,,,,六の折,ロクノオリ,,,0,0,0,0,0,0,1,0,1947-04-17,,1,,,,,,,,,,,,,,,,
412104,0027128,3,佐賀県,サガケン,Saga,,,,神埼市,カンザキシ,Kanzaki-shi,,,,千代田町詫田,チヨダチョウタクタ,,,,,二本松,ニホンマツ,,,0,0,0,0,0,0,1,0,1947-04-17,,1,,,,,,,,,,,,,,,,
412104,0027129,3,佐賀県,サガケン,Saga,,,,神埼市,カンザキシ,Kanzaki-shi,,,,千代田町詫田,チヨダチョウタクタ,,,,,三本松,サンボンマツ,,,0,0,0,0,0,0,1,0,1947-04-17,,1,,,,,,,,,,,,,,,,
412104,0027130,3,佐賀県,サガケン,Saga,,,,神埼市,カンザキシ,Kanzaki-shi,,,,千代田町詫田,チヨダチョウタクタ,,,,,本村,モトムラ,,,0,0,0,0,0,0,1,0,1947-04-17,,1,,,,,,,,,,,,,,,,
412104,0027131,3,佐賀県,サガケン,Saga,,,,神埼市,カンザキシ,Kanzaki-shi,,,,千代田町詫田,チヨダチョウタクタ,,,,,四の折,ヨンノオリ,,,0,0,0,0,0,0,1,0,1947-04-17,,1,,,,,,,,,,,,,,,,
412104,0027132,3,佐賀県,サガケン,Saga,,,,神埼市,カンザキシ,Kanzaki-shi,,,,千代田町詫田,チヨダチョウタクタ,,,,,三の折,サンノオリ,,,0,0,0,0,0,0,1,0,1947-04-17,,1,,,,,,,,,,,,,,,,
412104,0027133,3,佐賀県,サガケン,Saga,,,,神埼市,カンザキシ,Kanzaki-shi,,,,千代田町詫田,チヨダチョウタクタ,,,,,四本松,ヨンホンマツ,,,0,0,0,0,0,0,1,0,1947-04-17,,1,,,,,,,,,,,,,,,,
412104,0027134,3,佐賀県,サガケン,Saga,,,,神埼市,カンザキシ,Kanzaki-shi,,,,千代田町詫田,チヨダチョウタクタ,,,,,一本松,イッポンマツ,,,0,0,0,0,0,0,1,0,1947-04-17,,1,,,,,,,,,,,,,,,,
412104,0027135,3,佐賀県,サガケン,Saga,,,,神埼市,カンザキシ,Kanzaki-shi,,,,千代田町詫田,チヨダチョウタクタ,,,,,五の折,ゴノオリ,,,0,0,0,0,0,0,1,0,1947-04-17,,1,,,,,,,,,,,,,,,,
412104,0027136,3,佐賀県,サガケン,Saga,,,,神埼市,カンザキシ,Kanzaki-shi,,,,千代田町詫田,チヨダチョウタクタ,,,,,一本松籠,イッポンマツゴモリ,,,0,0,0,0,0,0,1,0,1947-04-17,,1,,,,,,,,,,,,,,,,
412104,0027137,3,佐賀県,サガケン,Saga,,,,神埼市,カンザキシ,Kanzaki-shi,,,,千代田町詫田,チヨダチョウタクタ,,,,,一の折,イチノオリ,,,0,0,0,0,0,0,1,0,1947-04-17,,1,,,,,,,,,,,,,,,,
412104,0027138,3,佐賀県,サガケン,Saga,,,,神埼市,カンザキシ,Kanzaki-shi,,,,千代田町詫田,チヨダチョウタクタ,,,,,天神,テンジン,,,0,0,0,0,0,0,1,0,1947-04-17,,1,,,,,,,,,,,,,,,,
412104,0027139,3,佐賀県,サガケン,Saga,,,,神埼市,カンザキシ,Kanzaki-shi,,,,千代田町詫田,チヨダチョウタクタ,,,,,白石,シロイシ,,,0,0,0,0,0,0,1,0,1947-04-17,,1,,,,,,,,,,,,,,,,
412104,0027140,3,佐賀県,サガケン,Saga,,,,神埼市,カンザキシ,Kanzaki-shi,,,,千代田町詫田,チヨダチョウタクタ,,,,,栗町,クリマチ,,,0,0,0,0,0,0,1,0,1947-04-17,,1,,,,,,,,,,,,,,,,
412104,0027141,3,佐賀県,サガケン,Saga,,,,神埼市,カンザキシ,Kanzaki-shi,,,,千代田町詫田,チヨダチョウタクタ,,,,,権現,ゴンゲン,,,0,0,0,0,0,0,1,0,1947-04-17,,1,,,,,,,,,,,,,,,,
412104,0027142,3,佐賀県,サガケン,Saga,,,,神埼市,カンザキシ,Kanzaki-shi,,,,千代田町詫田,チヨダチョウタクタ,,,,,大町,オオマチ,,,0,0,0,0,0,0,1,0,1947-04-17,,1,,,,,,,,,,,,,,,,
412104,0028000,1,佐賀県,サガケン,Saga,,,,神埼市,カンザキシ,Kanzaki-shi,,,,千代田町直鳥,チヨダチョウナオトリ,Chiyodacho Naotori,,,,,,,,0,0,0,0,0,0,1,1,1947-04-17,,0,8420053,,,,,,,,,,,,,,,
412104,0028109,3,佐賀県,サガケン,Saga,,,,神埼市,カンザキシ,Kanzaki-shi,,,,千代田町直鳥,チヨダチョウナオトリ,,,,,一本杉,イッポンスギ,,,0,0,0,0,0,0,1,0,1947-04-17,,1,,,,,,,,,,,,,,,,
412104,0028110,3,佐賀県,サガケン,Saga,,,,神埼市,カンザキシ,Kanzaki-shi,,,,千代田町直鳥,チヨダチョウナオトリ,,,,,四本杉,ヨンホンスギ,,,0,0,0,0,0,0,1,0,1947-04-17,,1,,,,,,,,,,,,,,,,
412104,0028111,3,佐賀県,サガケン,Saga,,,,神埼市,カンザキシ,Kanzaki-shi,,,,千代田町直鳥,チヨダチョウナオトリ,,,,,３本松,サンボンマツ,,,0,0,0,0,0,0,1,0,1947-04-17,,1,,,,,,,,,,,,,,,,
412104,0028112,3,佐賀県,サガケン,Saga,,,,神埼市,カンザキシ,Kanzaki-shi,,,,千代田町直鳥,チヨダチョウナオトリ,,,,,２本杉,ニホンスギ,,,0,0,0,0,0,0,1,0,1947-04-17,,1,,,,,,,,,,,,,,,,
412104,0028113,3,佐賀県,サガケン,Saga,,,,神埼市,カンザキシ,Kanzaki-shi,,,,千代田町直鳥,チヨダチョウナオトリ,,,,,一本松,イッポンマツ,,,0,0,0,0,0,0,1,0,1947-04-17,,1,,,,,,,,,,,,,,,,
412104,0028114,3,佐賀県,サガケン,Saga,,,,神埼市,カンザキシ,Kanzaki-shi,,,,千代田町直鳥,チヨダチョウナオトリ,,,,,四本松,ヨンホンマツ,,,0,0,0,0,0,0,1,0,1947-04-17,,1,,,,,,,,,,,,,,,,
412104,0028115,3,佐賀県,サガケン,Saga,,,,神埼市,カンザキシ,Kanzaki-shi,,,,千代田町直鳥,チヨダチョウナオトリ,,,,,三本杉,サンボンスギ,,,0,0,0,0,0,0,1,0,1947-04-17,,1,,,,,,,,,,,,,,,,
412104,0028116,3,佐賀県,サガケン,Saga,,,,神埼市,カンザキシ,Kanzaki-shi,,,,千代田町直鳥,チヨダチョウナオトリ,,,,,２本松,ニホンマツ,,,0,0,0,0,0,0,1,0,1947-04-17,,1,,,,,,,,,,,,,,,,
412104,0028117,3,佐賀県,サガケン,Saga,,,,神埼市,カンザキシ,Kanzaki-shi,,,,千代田町直鳥,チヨダチョウナオトリ,,,,,二本松,ニホンマツ,,,0,0,0,0,0,0,1,0,1947-04-17,,1,,,,,,,,,,,,,,,,
412104,0028118,3,佐賀県,サガケン,Saga,,,,神埼市,カンザキシ,Kanzaki-shi,,,,千代田町直鳥,チヨダチョウナオトリ,,,,,三本松,サンボンマツ,,,0,0,0,0,0,0,1,0,1947-04-17,,1,,,,,,,,,,,,,,,,
412104,0028119,3,佐賀県,サガケン,Saga,,,,神埼市,カンザキシ,Kanzaki-shi,,,,千代田町直鳥,チヨダチョウナオトリ,,,,,二本杉,ニホンスギ,,,0,0,0,0,0,0,1,0,1947-04-17,,1,,,,,,,,,,,,,,,,
412104,0029000,1,佐賀県,サガケン,Saga,,,,神埼市,カンザキシ,Kanzaki-shi,,,,千代田町迎島,チヨダチョウムカイシマ,Chiyodacho Mukaishima,,,,,,,,0,0,0,0,0,0,1,1,1947-04-17,,0,8420063,,,,,,,,,,,,,,,
412104,0029118,3,佐賀県,サガケン,Saga,,,,神埼市,カンザキシ,Kanzaki-shi,,,,千代田町迎島,チヨダチョウムカイシマ,,,,,５本柳,ゴホンヤナギ,,,0,0,0,0,0,0,1,0,1947-04-17,,1,,,,,,,,,,,,,,,,
412104,0029119,3,佐賀県,サガケン,Saga,,,,神埼市,カンザキシ,Kanzaki-shi,,,,千代田町迎島,チヨダチョウムカイシマ,,,,,一本柳,イッポンヤナギ,,,0,0,0,0,0,0,1,0,1947-04-17,,1,,,,,,,,,,,,,,,,
412104,0029120,3,佐賀県,サガケン,Saga,,,,神埼市,カンザキシ,Kanzaki-shi,,,,千代田町迎島,チヨダチョウムカイシマ,,,,,五本松,ゴホンマツ,,,0,0,0,0,0,0,1,0,1947-04-17,,1,,,,,,,,,,,,,,,,
412104,0029121,3,佐賀県,サガケン,Saga,,,,神埼市,カンザキシ,Kanzaki-shi,,,,千代田町迎島,チヨダチョウムカイシマ,,,,,迎一本松,ムカイイッポンマツ,,,0,0,0,0,0,0,1,0,1947-04-17,,1,,,,,,,,,,,,,,,,
412104,0029122,3,佐賀県,サガケン,Saga,,,,神埼市,カンザキシ,Kanzaki-shi,,,,千代田町迎島,チヨダチョウムカイシマ,,,,,三本松,サンボンマツ,,,0,0,0,0,0,0,1,0,1947-04-17,,1,,,,,,,,,,,,,,,,
412104,0029123,3,佐賀県,サガケン,Saga,,,,神埼市,カンザキシ,Kanzaki-shi,,,,千代田町迎島,チヨダチョウムカイシマ,,,,,２本杉,ニホンスギ,,,0,0,0,0,0,0,1,0,1947-04-17,,1,,,,,,,,,,,,,,,,
412104,0029124,3,佐賀県,サガケン,Saga,,,,神埼市,カンザキシ,Kanzaki-shi,,,,千代田町迎島,チヨダチョウムカイシマ,,,,,三本柳,サンボンヤナギ,,,0,0,0,0,0,0,1,0,1947-04-17,,1,,,,,,,,,,,,,,,,
412104,0029125,3,佐賀県,サガケン,Saga,,,,神埼市,カンザキシ,Kanzaki-shi,,,,千代田町迎島,チヨダチョウムカイシマ,,,,,迎二本松,ムカイニホンマツ,,,0,0,0,0,0,0,1,0,1947-04-17,,1,,,,,,,,,,,,,,,,
412104,0029126,3,佐賀県,サガケン,Saga,,,,神埼市,カンザキシ,Kanzaki-shi,,,,千代田町迎島,チヨダチョウムカイシマ,,,,,五本柳,ゴホンヤナギ,,,0,0,0,0,0,0,1,0,1947-04-17,,1,,,,,,,,,,,,,,,,
412104,0029127,3,佐賀県,サガケン,Saga,,,,神埼市,カンザキシ,Kanzaki-shi,,,,千代田町迎島,チヨダチョウムカイシマ,,,,,一本松,イッポンマツ,,,0,0,0,0,0,0,1,0,1947-04-17,,1,,,,,,,,,,,,,,,,
412104,0029128,3,佐賀県,サガケン,Saga,,,,神埼市,カンザキシ,Kanzaki-shi,,,,千代田町迎島,チヨダチョウムカイシマ,,,,,六本松,ロッポンマツ,,,0,0,0,0,0,0,1,0,1947-04-17,,1,,,,,,,,,,,,,,,,
412104,0029129,3,佐賀県,サガケン,Saga,,,,神埼市,カンザキシ,Kanzaki-shi,,,,千代田町迎島,チヨダチョウムカイシマ,,,,,二本柳,ニホンヤナギ,,,0,0,0,0,0,0,1,0,1947-04-17,,1,,,,,,,,,,,,,,,,
412104,0029130,3,佐賀県,サガケン,Saga,,,,神埼市,カンザキシ,Kanzaki-shi,,,,千代田町迎島,チヨダチョウムカイシマ,,,,,二本杉,ニホンスギ,,,0,0,0,0,0,0,1,0,1947-04-17,,1,,,,,,,,,,,,,,,,
412104,0029131,3,佐賀県,サガケン,Saga,,,,神埼市,カンザキシ,Kanzaki-shi,,,,千代田町迎島,チヨダチョウムカイシマ,,,,,八本松,ハチホンマツ,,,0,0,0,0,0,0,1,0,1947-04-17,,1,,,,,,,,,,,,,,,,
412104,0029132,3,佐賀県,サガケン,Saga,,,,神埼市,カンザキシ,Kanzaki-shi,,,,千代田町迎島,チヨダチョウムカイシマ,,,,,四本柳,ヨンホンヤナギ,,,0,0,0,0,0,0,1,0,1947-04-17,,1,,,,,,,,,,,,,,,,
412104,0029133,3,佐賀県,サガケン,Saga,,,,神埼市,カンザキシ,Kanzaki-shi,,,,千代田町迎島,チヨダチョウムカイシマ,,,,,一本杉,イッポンスギ,,,0,0,0,0,0,0,1,0,1947-04-17,,1,,,,,,,,,,,,,,,,
412104,0029134,3,佐賀県,サガケン,Saga,,,,神埼市,カンザキシ,Kanzaki-shi,,,,千代田町迎島,チヨダチョウムカイシマ,,,,,二本松,ニホンマツ,,,0,0,0,0,0,0,1,0,1947-04-17,,1,,,,,,,,,,,,,,,,
412104,0029135,3,佐賀県,サガケン,Saga,,,,神埼市,カンザキシ,Kanzaki-shi,,,,千代田町迎島,チヨダチョウムカイシマ,,,,,七本松,ナナホンマツ,,,0,0,0,0,0,0,1,0,1947-04-17,,1,,,,,,,,,,,,,,,,
412104,0029136,3,佐賀県,サガケン,Saga,,,,神埼市,カンザキシ,Kanzaki-shi,,,,千代田町迎島,チヨダチョウムカイシマ,,,,,四本松,ヨンホンマツ,,,0,0,0,0,0,0,1,0,1947-04-17,,1,,,,,,,,,,,,,,,,
412104,0031000,1,佐賀県,サガケン,Saga,,,,神埼市,カンザキシ,Kanzaki-shi,,,,千代田町用作,チヨダチョウヨウサク,Chiyodacho Yosaku,,,,,,,,0,0,0,0,0,0,1,1,1947-04-17,,0,8420066,,,,,,,,,,,,,,,
412104,0031107,3,佐賀県,サガケン,Saga,,,,神埼市,カンザキシ,Kanzaki-shi,,,,千代田町用作,チヨダチョウヨウサク,,,,,二本松,ニホンマツ,,,0,0,0,0,0,0,1,0,1947-04-17,,1,,,,,,,,,,,,,,,,
412104,0031108,3,佐賀県,サガケン,Saga,,,,神埼市,カンザキシ,Kanzaki-shi,,,,千代田町用作,チヨダチョウヨウサク,,,,,三本杉,サンボンスギ,,,0,0,0,0,0,0,1,0,1947-04-17,,1,,,,,,,,,,,,,,,,
412104,0031109,3,佐賀県,サガケン,Saga,,,,神埼市,カンザキシ,Kanzaki-shi,,,,千代田町用作,チヨダチョウヨウサク,,,,,一本杉,イッポンスギ,,,0,0,0,0,0,0,1,0,1947-04-17,,1,,,,,,,,,,,,,,,,
412104,0031110,3,佐賀県,サガケン,Saga,,,,神埼市,カンザキシ,Kanzaki-shi,,,,千代田町用作,チヨダチョウヨウサク,,,,,五本松,ゴホンマツ,,,0,0,0,0,0,0,1,0,1947-04-17,,1,,,,,,,,,,,,,,,,
412104,0031111,3,佐賀県,サガケン,Saga,,,,神埼市,カンザキシ,Kanzaki-shi,,,,千代田町用作,チヨダチョウヨウサク,,,,,二本杉,ニホンスギ,,,0,0,0,0,0,0,1,0,1947-04-17,,1,,,,,,,,,,,,,,,,
412104,0031112,3,佐賀県,サガケン,Saga,,,,神埼市,カンザキシ,Kanzaki-shi,,,,千代田町用作,チヨダチョウヨウサク,,,,,一本松,イッポンマツ,,,0,0,0,0,0,0,1,0,1947-04-17,,1,,,,,,,,,,,,,,,,
412104,0032000,1,佐賀県,サガケン,Saga,,,,神埼市,カンザキシ,Kanzaki-shi,,,,千代田町渡瀬,チヨダチョウワタゼ,Chiyodacho Wataze,,,,,,,,0,0,0,0,0,0,1,1,1947-04-17,,0,8420064,,,,,,,,,,,,,,,
412104,0032124,3,佐賀県,サガケン,Saga,,,,神埼市,カンザキシ,Kanzaki-shi,,,,千代田町渡瀬,チヨダチョウワタゼ,,,,,野田,ノダ,,,0,0,0,0,0,0,1,0,1947-04-17,,1,,,,,,,,,,,,,,,,
412104,0032125,3,佐賀県,サガケン,Saga,,,,神埼市,カンザキシ,Kanzaki-shi,,,,千代田町渡瀬,チヨダチョウワタゼ,,,,,原田,ハラダ,,,0,0,0,0,0,0,1,0,1947-04-17,,1,,,,,,,,,,,,,,,,
412104,0032126,3,佐賀県,サガケン,Saga,,,,神埼市,カンザキシ,Kanzaki-shi,,,,千代田町渡瀬,チヨダチョウワタゼ,,,,,八の坪,ハチノツボ,,,0,0,0,0,0,0,1,0,1947-04-17,,1,,,,,,,,,,,,,,,,
412104,0032127,3,佐賀県,サガケン,Saga,,,,神埼市,カンザキシ,Kanzaki-shi,,,,千代田町渡瀬,チヨダチョウワタゼ,,,,,５本松,ゴホンマツ,,,0,0,0,0,0,0,1,0,1947-04-17,,1,,,,,,,,,,,,,,,,
412104,0032128,3,佐賀県,サガケン,Saga,,,,神埼市,カンザキシ,Kanzaki-shi,,,,千代田町渡瀬,チヨダチョウワタゼ,,,,,古城,フッチョウ,,,0,0,0,0,0,0,1,0,1947-04-17,,1,,,,,,,,,,,,,,,,
412104,0032129,3,佐賀県,サガケン,Saga,,,,神埼市,カンザキシ,Kanzaki-shi,,,,千代田町渡瀬,チヨダチョウワタゼ,,,,,飯田,ママダ,,,0,0,0,0,0,0,1,0,1947-04-17,,1,,,,,,,,,,,,,,,,
412104,0032130,3,佐賀県,サガケン,Saga,,,,神埼市,カンザキシ,Kanzaki-shi,,,,千代田町渡瀬,チヨダチョウワタゼ,,,,,田中,タナカ,,,0,0,0,0,0,0,1,0,1947-04-17,,1,,,,,,,,,,,,,,,,
412104,0032131,3,佐賀県,サガケン,Saga,,,,神埼市,カンザキシ,Kanzaki-shi,,,,千代田町渡瀬,チヨダチョウワタゼ,,,,,五本松,ゴホンマツ,,,0,0,0,0,0,0,1,0,1947-04-17,,1,,,,,,,,,,,,,,,,
412104,0032132,3,佐賀県,サガケン,Saga,,,,神埼市,カンザキシ,Kanzaki-shi,,,,千代田町渡瀬,チヨダチョウワタゼ,,,,,古賀,コガ,,,0,0,0,0,0,0,1,0,1947-04-17,,1,,,,,,,,,,,,,,,,
412104,0032133,3,佐賀県,サガケン,Saga,,,,神埼市,カンザキシ,Kanzaki-shi,,,,千代田町渡瀬,チヨダチョウワタゼ,,,,,古川,フルカワ,,,0,0,0,0,0,0,1,0,1947-04-17,,1,,,,,,,,,,,,,,,,
412104,0032134,3,佐賀県,サガケン,Saga,,,,神埼市,カンザキシ,Kanzaki-shi,,,,千代田町渡瀬,チヨダチョウワタゼ,,,,,与十,ヨジュウ,,,0,0,0,0,0,0,1,0,1947-04-17,,1,,,,,,,,,,,,,,,,
412104,0032135,3,佐賀県,サガケン,Saga,,,,神埼市,カンザキシ,Kanzaki-shi,,,,千代田町渡瀬,チヨダチョウワタゼ,,,,,芦内,アシウチ,,,0,0,0,0,0,0,1,0,1947-04-17,,1,,,,,,,,,,,,,,,,
412104,0032136,3,佐賀県,サガケン,Saga,,,,神埼市,カンザキシ,Kanzaki-shi,,,,千代田町渡瀬,チヨダチョウワタゼ,,,,,８の坪,ハチノツボ,,,0,0,0,0,0,0,1,0,1947-04-17,,1,,,,,,,,,,,,,,,,
412104,0032137,3,佐賀県,サガケン,Saga,,,,神埼市,カンザキシ,Kanzaki-shi,,,,千代田町渡瀬,チヨダチョウワタゼ,,,,,鯉橋,コイハシ,,,0,0,0,0,0,0,1,0,1947-04-17,,1,,,,,,,,,,,,,,,,
412104,0032138,3,佐賀県,サガケン,Saga,,,,神埼市,カンザキシ,Kanzaki-shi,,,,千代田町渡瀬,チヨダチョウワタゼ,,,,,膳内,ゼンナイ,,,0,0,0,0,0,0,1,0,1947-04-17,,1,,,,,,,,,,,,,,,,
412104,0032139,3,佐賀県,サガケン,Saga,,,,神埼市,カンザキシ,Kanzaki-shi,,,,千代田町渡瀬,チヨダチョウワタゼ,,,,,樋道脇,ヒドウワキ,,,0,0,0,0,0,0,1,0,1947-04-17,,1,,,,,,,,,,,,,,,,
412104,0032140,3,佐賀県,サガケン,Saga,,,,神埼市,カンザキシ,Kanzaki-shi,,,,千代田町渡瀬,チヨダチョウワタゼ,,,,,東島,ヒガシジマ,,,0,0,0,0,0,0,1,0,1947-04-17,,1,,,,,,,,,,,,,,,,
412104,0032141,3,佐賀県,サガケン,Saga,,,,神埼市,カンザキシ,Kanzaki-shi,,,,千代田町渡瀬,チヨダチョウワタゼ,,,,,行武,ユキタケ,,,0,0,0,0,0,0,1,0,1947-04-17,,1,,,,,,,,,,,,,,,,
412104,0032142,3,佐賀県,サガケン,Saga,,,,神埼市,カンザキシ,Kanzaki-shi,,,,千代田町渡瀬,チヨダチョウワタゼ,,,,,堀切,ホリキリ,,,0,0,0,0,0,0,1,0,1947-04-17,,1,,,,,,,,,,,,,,,,
412104,0032143,3,佐賀県,サガケン,Saga,,,,神埼市,カンザキシ,Kanzaki-shi,,,,千代田町渡瀬,チヨダチョウワタゼ,,,,,鋤先,スキサキ,,,0,0,0,0,0,0,1,0,1947-04-17,,1,,,,,,,,,,,,,,,,
412104,0032144,3,佐賀県,サガケン,Saga,,,,神埼市,カンザキシ,Kanzaki-shi,,,,千代田町渡瀬,チヨダチョウワタゼ,,,,,西三の坪,ニシサンノツボ,,,0,0,0,0,0,0,1,0,1947-04-17,,1,,,,,,,,,,,,,,,,
412104,0032145,3,佐賀県,サガケン,Saga,,,,神埼市,カンザキシ,Kanzaki-shi,,,,千代田町渡瀬,チヨダチョウワタゼ,,,,,四本松,ヨンホンマツ,,,0,0,0,0,0,0,1,0,1947-04-17,,1,,,,,,,,,,,,,,,,
412104,0032146,3,佐賀県,サガケン,Saga,,,,神埼市,カンザキシ,Kanzaki-shi,,,,千代田町渡瀬,チヨダチョウワタゼ,,,,,飛渡,ヒワタシ,,,0,0,0,0,0,0,1,0,1947-04-17,,1,,,,,,,,,,,,,,,,
412104,0032147,3,佐賀県,サガケン,Saga,,,,神埼市,カンザキシ,Kanzaki-shi,,,,千代田町渡瀬,チヨダチョウワタゼ,,,,,余山,ヨザン,,,0,0,0,0,0,0,1,0,1947-04-17,,1,,,,,,,,,,,,,,,,
412104,0032148,3,佐賀県,サガケン,Saga,,,,神埼市,カンザキシ,Kanzaki-shi,,,,千代田町渡瀬,チヨダチョウワタゼ,,,,,杉内,スギウチ,,,0,0,0,0,0,0,1,0,1947-04-17,,1,,,,,,,,,,,,,,,,
412104,0036000,1,佐賀県,サガケン,Saga,,,,神埼市,カンザキシ,Kanzaki-shi,,,,千代田町寄人,チヨダチヨウヨリウド,,,,,,,,,0,0,0,0,0,0,1,1,1947-04-17,,0,,,,,,,,,,,,,,,,
412104,0036103,3,佐賀県,サガケン,Saga,,,,神埼市,カンザキシ,Kanzaki-shi,,,,千代田町寄人,チヨダチョウヨリウド,,,,,丁の坪,チョウノツボ,,,0,0,0,0,0,0,1,0,1947-04-17,,1,,,,,,,,,,,,,,,,
412104,0036104,3,佐賀県,サガケン,Saga,,,,神埼市,カンザキシ,Kanzaki-shi,,,,千代田町寄人,チヨダチョウヨリウド,,,,,田代,タシロ,,,0,0,0,0,0,0,1,0,1947-04-17,,1,,,,,,,,,,,,,,,,
412104,0037000,1,佐賀県,サガケン,Saga,,,,神埼市,カンザキシ,Kanzaki-shi,,,,千代田町見島,チヨダチョウミシマ,,,,,,,,,0,0,0,0,0,0,1,1,1947-04-17,,0,,,,,,,,,,,,,,,,
412104,0037103,3,佐賀県,サガケン,Saga,,,,神埼市,カンザキシ,Kanzaki-shi,,,,千代田町見島,チヨダチョウミシマ,,,,,四本松,ヨンホンマツ,,,0,0,0,0,0,0,1,0,1947-04-17,,1,,,,,,,,,,,,,,,,
412104,0037104,3,佐賀県,サガケン,Saga,,,,神埼市,カンザキシ,Kanzaki-shi,,,,千代田町見島,チヨダチョウミシマ,,,,,一本松,イッポンマツ,,,0,0,0,0,0,0,1,0,1947-04-17,,1,,,,,,,,,,,,,,,,
412104,0038000,1,佐賀県,サガケン,Saga,,,,神埼市,カンザキシ,Kanzaki-shi,,,,千代田町古賀,チヨダチョウコガ,,,,,,,,,0,0,0,0,0,0,1,1,1947-04-17,,0,,,,,,,,,,,,,,,,
412104,0038102,3,佐賀県,サガケン,Saga,,,,神埼市,カンザキシ,Kanzaki-shi,,,,千代田町古賀,チヨダチョウコガ,,,,,四本松,ヨンホンマツ,,,0,0,0,0,0,0,1,0,1947-04-17,,1,,,,,,,,,,,,,,,,
412104,0045000,1,佐賀県,サガケン,Saga,,,,神埼市,カンザキシ,Kanzaki-shi,,,,千代田町栁島,チヨダチョウヤナギシマ,,,,,,,,,0,0,0,0,0,0,1,1,1970-01-01,,0,,,,,,,,,,,,,,,,
412104,0045117,3,佐賀県,サガケン,Saga,,,,神埼市,カンザキシ,Kanzaki-shi,,,,千代田町栁島,チヨダチョウヤナギシマ,,,,,八本柳,ハチホンヤナギ,,,0,0,0,0,0,0,1,0,1947-04-17,,1,,,,,,,,,,,,,,,,
412104,0045118,3,佐賀県,サガケン,Saga,,,,神埼市,カンザキシ,Kanzaki-shi,,,,千代田町栁島,チヨダチョウヤナギシマ,,,,,九本柳,キュウホンヤナギ,,,0,0,0,0,0,0,1,0,1947-04-17,,1,,,,,,,,,,,,,,,,
412104,0045119,3,佐賀県,サガケン,Saga,,,,神埼市,カンザキシ,Kanzaki-shi,,,,千代田町栁島,チヨダチョウヤナギシマ,,,,,二本柳,ニホンヤナギ,,,0,0,0,0,0,0,1,0,1947-04-17,,1,,,,,,,,,,,,,,,,
412104,0045120,3,佐賀県,サガケン,Saga,,,,神埼市,カンザキシ,Kanzaki-shi,,,,千代田町栁島,チヨダチョウヤナギシマ,,,,,十一本柳,ジュウイッポンヤナギ,,,0,0,0,0,0,0,1,0,1947-04-17,,1,,,,,,,,,,,,,,,,
412104,0045121,3,佐賀県,サガケン,Saga,,,,神埼市,カンザキシ,Kanzaki-shi,,,,千代田町栁島,チヨダチョウヤナギシマ,,,,,五本松,ゴホンマツ,,,0,0,0,0,0,0,1,0,1947-04-17,,1,,,,,,,,,,,,,,,,
412104,0045122,3,佐賀県,サガケン,Saga,,,,神埼市,カンザキシ,Kanzaki-shi,,,,千代田町栁島,チヨダチョウヤナギシマ,,,,,六本柳,ロッポンヤナギ,,,0,0,0,0,0,0,1,0,1947-04-17,,1,,,,,,,,,,,,,,,,
412104,0045123,3,佐賀県,サガケン,Saga,,,,神埼市,カンザキシ,Kanzaki-shi,,,,千代田町栁島,チヨダチョウヤナギシマ,,,,,一本松,イッポンマツ,,,0,0,0,0,0,0,1,0,1947-04-17,,1,,,,,,,,,,,,,,,,
412104,0045124,3,佐賀県,サガケン,Saga,,,,神埼市,カンザキシ,Kanzaki-shi,,,,千代田町栁島,チヨダチョウヤナギシマ,,,,,四本柳,ヨンホンヤナギ,,,0,0,0,0,0,0,1,0,1947-04-17,,1,,,,,,,,,,,,,,,,
412104,0045125,3,佐賀県,サガケン,Saga,,,,神埼市,カンザキシ,Kanzaki-shi,,,,千代田町栁島,チヨダチョウヤナギシマ,,,,,三本柳,サンボンヤナギ,,,0,0,0,0,0,0,1,0,1947-04-17,,1,,,,,,,,,,,,,,,,
412104,0045126,3,佐賀県,サガケン,Saga,,,,神埼市,カンザキシ,Kanzaki-shi,,,,千代田町栁島,チヨダチョウヤナギシマ,,,,,一本柳,イッポンヤナギ,,,0,0,0,0,0,0,1,0,1947-04-17,,1,,,,,,,,,,,,,,,,
412104,0045127,3,佐賀県,サガケン,Saga,,,,神埼市,カンザキシ,Kanzaki-shi,,,,千代田町栁島,チヨダチョウヤナギシマ,,,,,三本松,サンボンマツ,,,0,0,0,0,0,0,1,0,1947-04-17,,1,,,,,,,,,,,,,,,,
412104,0045128,3,佐賀県,サガケン,Saga,,,,神埼市,カンザキシ,Kanzaki-shi,,,,千代田町栁島,チヨダチョウヤナギシマ,,,,,十本柳,ジュッポンヤナギ,,,0,0,0,0,0,0,1,0,1947-04-17,,1,,,,,,,,,,,,,,,,
412104,0045129,3,佐賀県,サガケン,Saga,,,,神埼市,カンザキシ,Kanzaki-shi,,,,千代田町栁島,チヨダチョウヤナギシマ,,,,,五本柳,ゴホンヤナギ,,,0,0,0,0,0,0,1,0,1947-04-17,,1,,,,,,,,,,,,,,,,
412104,0045130,3,佐賀県,サガケン,Saga,,,,神埼市,カンザキシ,Kanzaki-shi,,,,千代田町栁島,チヨダチョウヤナギシマ,,,,,七本柳,ナナホンヤナギ,,,0,0,0,0,0,0,1,0,1947-04-17,,1,,,,,,,,,,,,,,,,
412104,0045131,3,佐賀県,サガケン,Saga,,,,神埼市,カンザキシ,Kanzaki-shi,,,,千代田町栁島,チヨダチョウヤナギシマ,,,,,二本松,ニホンマツ,,,0,0,0,0,0,0,1,0,1947-04-17,,1,,,,,,,,,,,,,,,,
412104,0045132,3,佐賀県,サガケン,Saga,,,,神埼市,カンザキシ,Kanzaki-shi,,,,千代田町栁島,チヨダチョウヤナギシマ,,,,,四本松,ヨンホンマツ,,,0,0,0,0,0,0,1,0,1947-04-17,,1,,,,,,,,,,,,,,,,
412104,0045133,3,佐賀県,サガケン,Saga,,,,神埼市,カンザキシ,Kanzaki-shi,,,,千代田町栁島,チヨダチョウヤナギシマ,,,,,９本柳,キュウホンヤナギ,,,0,0,0,0,0,0,1,0,1947-04-17,,1,,,,,,,,,,,,,,,,
412104,0046000,1,佐賀県,サガケン,Saga,,,,神埼市,カンザキシ,Kanzaki-shi,,,,千代田町﨑村,チヨダチョウサキムラ,,,,,,,,,0,0,0,0,0,0,1,1,1970-01-01,,0,,,,,,,,,,,,,,,,
412104,0046113,3,佐賀県,サガケン,Saga,,,,神埼市,カンザキシ,Kanzaki-shi,,,,千代田町﨑村,チヨダチョウサキムラ,,,,,五本松,ゴホンマツ,,,0,0,0,0,0,0,1,0,1947-04-17,,1,,,,,,,,,,,,,,,,
412104,0046114,3,佐賀県,サガケン,Saga,,,,神埼市,カンザキシ,Kanzaki-shi,,,,千代田町﨑村,チヨダチョウサキムラ,,,,,三本黒木,サンボンクロキ,,,0,0,0,0,0,0,1,0,1947-04-17,,1,,,,,,,,,,,,,,,,
412104,0046115,3,佐賀県,サガケン,Saga,,,,神埼市,カンザキシ,Kanzaki-shi,,,,千代田町﨑村,チヨダチョウサキムラ,,,,,搦,カラミ,,,0,0,0,0,0,0,1,0,1947-04-17,,1,,,,,,,,,,,,,,,,
412104,0046116,3,佐賀県,サガケン,Saga,,,,神埼市,カンザキシ,Kanzaki-shi,,,,千代田町﨑村,チヨダチョウサキムラ,,,,,三本谷渡,サンボンタニワタリ,,,0,0,0,0,0,0,1,0,1947-04-17,,1,,,,,,,,,,,,,,,,
412104,0046117,3,佐賀県,サガケン,Saga,,,,神埼市,カンザキシ,Kanzaki-shi,,,,千代田町﨑村,チヨダチョウサキムラ,,,,,一本松,イッポンマツ,,,0,0,0,0,0,0,1,0,1947-04-17,,1,,,,,,,,,,,,,,,,
412104,0046118,3,佐賀県,サガケン,Saga,,,,神埼市,カンザキシ,Kanzaki-shi,,,,千代田町﨑村,チヨダチョウサキムラ,,,,,三本杉,サンボンスギ,,,0,0,0,0,0,0,1,0,1947-04-17,,1,,,,,,,,,,,,,,,,
412104,0046119,3,佐賀県,サガケン,Saga,,,,神埼市,カンザキシ,Kanzaki-shi,,,,千代田町﨑村,チヨダチョウサキムラ,,,,,三本松,サンボンマツ,,,0,0,0,0,0,0,1,0,1947-04-17,,1,,,,,,,,,,,,,,,,
412104,0046120,3,佐賀県,サガケン,Saga,,,,神埼市,カンザキシ,Kanzaki-shi,,,,千代田町﨑村,チヨダチョウサキムラ,,,,,二本杉,ニホンスギ,,,0,0,0,0,0,0,1,0,1947-04-17,,1,,,,,,,,,,,,,,,,
412104,0046121,3,佐賀県,サガケン,Saga,,,,神埼市,カンザキシ,Kanzaki-shi,,,,千代田町﨑村,チヨダチョウサキムラ,,,,,１本松,イッポンマツ,,,0,0,0,0,0,0,1,0,1947-04-17,,1,,,,,,,,,,,,,,,,
412104,0046122,3,佐賀県,サガケン,Saga,,,,神埼市,カンザキシ,Kanzaki-shi,,,,千代田町﨑村,チヨダチョウサキムラ,,,,,一本杉,イッポンスギ,,,0,0,0,0,0,0,1,0,1947-04-17,,1,,,,,,,,,,,,,,,,
412104,0046123,3,佐賀県,サガケン,Saga,,,,神埼市,カンザキシ,Kanzaki-shi,,,,千代田町﨑村,チヨダチョウサキムラ,,,,,新地,シンチ,,,0,0,0,0,0,0,1,0,1947-04-17,,1,,,,,,,,,,,,,,,,
412104,0046124,3,佐賀県,サガケン,Saga,,,,神埼市,カンザキシ,Kanzaki-shi,,,,千代田町﨑村,チヨダチョウサキムラ,,,,,二本松,ニホンマツ,,,0,0,0,0,0,0,1,0,1947-04-17,,1,,,,,,,,,,,,,,,,
412104,0046125,3,佐賀県,サガケン,Saga,,,,神埼市,カンザキシ,Kanzaki-shi,,,,千代田町﨑村,チヨダチョウサキムラ,,,,,四本松,ヨンホンマツ,,,0,0,0,0,0,0,1,0,1947-04-17,,1,,,,,,,,,,,,,,,,
413275,0001000,1,佐賀県,サガケン,Saga,神埼郡,カンザキグン,Kanzaki-gun,吉野ヶ里町,ヨシノガリチョウ,Yoshinogari-cho,,,,石動,イシナリ,Ishinari,,,,,,,,0,0,0,0,0,0,1,1,1947-04-17,,0,8420102,,,,,,,,,,,,,,,
413275,0003000,1,佐賀県,サガケン,Saga,神埼郡,カンザキグン,Kanzaki-gun,吉野ヶ里町,ヨシノガリチョウ,Yoshinogari-cho,,,,田手,タデ,Tade,,,,,,,,0,0,0,0,0,0,1,1,1947-04-17,,0,8420035,,,,,,,,,,,,,,,
413275,0004000,1,佐賀県,サガケン,Saga,神埼郡,カンザキグン,Kanzaki-gun,吉野ヶ里町,ヨシノガリチョウ,Yoshinogari-cho,,,,立野,タテノ,Tateno,,,,,,,,0,0,0,0,0,0,1,1,1947-04-17,,0,8420032,,,,,,,,,,,,,,,
413275,0005000,1,佐賀県,サガケン,Saga,神埼郡,カンザキグン,Kanzaki-gun,吉野ヶ里町,ヨシノガリチョウ,Yoshinogari-cho,,,,箱川,ハコガワ,Hakogawa,,,,,,,,0,0,0,0,0,0,1,1,1947-04-17,,0,8420034,,,,,,,,,,,,,,,
413275,0007000,1,佐賀県,サガケン,Saga,神埼郡,カンザキグン,Kanzaki-gun,吉野ヶ里町,ヨシノガリチョウ,Yoshinogari-cho,,,,豆田,マメダ,Mameda,,,,,,,,0,0,0,0,0,0,1,1,1947-04-17,,0,8420033,,,,,,,,,,,,,,,
413275,0008000,1,佐賀県,サガケン,Saga,神埼郡,カンザキグン,Kanzaki-gun,吉野ヶ里町,ヨシノガリチョウ,Yoshinogari-cho,,,,三津,ミツ,Mitsu,,,,,,,,0,0,0,0,0,0,1,1,1947-04-17,,0,8420104,,,,,,,,,,,,,,,
413275,0010000,1,佐賀県,サガケン,Saga,神埼郡,カンザキグン,Kanzaki-gun,吉野ヶ里町,ヨシノガリチョウ,Yoshinogari-cho,,,,吉田,ヨシダ,,,,,,,,,0,0,0,0,0,0,1,0,1947-04-17,,1,,,,,,,,,,,,,,,,
413275,0011000,1,佐賀県,サガケン,Saga,神埼郡,カンザキグン,Kanzaki-gun,吉野ヶ里町,ヨシノガリチョウ,Yoshinogari-cho,,,,松隈,マツグマ,,,,,,,,,0,0,0,0,0,0,1,0,1947-04-17,,1,,,,,,,,,,,,,,,,
413275,0012000,1,佐賀県,サガケン,Saga,神埼郡,カンザキグン,Kanzaki-gun,吉野ヶ里町,ヨシノガリチョウ,Yoshinogari-cho,,,,大曲,オオマガリ,,,,,,,,,0,0,0,0,0,0,1,0,1947-04-17,,1,,,,,,,,,,,,,,,,
413411,0001000,1,佐賀県,サガケン,Saga,三養基郡,ミヤキグン,Miyaki-gun,基山町,キヤマチョウ,Kiyama-cho,,,,大字小倉,オオアザコクラ,Kokura,,,,,,,,0,0,0,0,0,0,1,1,1947-04-17,,0,8410201,,,,,,,,,,,,,,,
413411,0002000,1,佐賀県,サガケン,Saga,三養基郡,ミヤキグン,Miyaki-gun,基山町,キヤマチョウ,Kiyama-cho,,,,大字園部,オオアザソノベ,Sonobe,,,,,,,,0,0,0,0,0,0,1,1,1947-04-17,,0,8410203,,,,,,,,,,,,,,,
413411,0003000,1,佐賀県,サガケン,Saga,三養基郡,ミヤキグン,Miyaki-gun,基山町,キヤマチョウ,Kiyama-cho,,,,大字長野,オオアザナガノ,Nagano,,,,,,,,0,0,0,0,0,0,1,1,1947-04-17,,0,8410202,,,,,,,,,,,,,,,
413411,0004000,1,佐賀県,サガケン,Saga,三養基郡,ミヤキグン,Miyaki-gun,基山町,キヤマチョウ,Kiyama-cho,,,,大字宮浦,オオアザミヤウラ,Miyaura,,,,,,,,0,0,0,0,0,0,1,1,1947-04-17,,0,8410204,,,,,,,,,,,,,,,
413411,0005001,2,佐賀県,サガケン,Saga,三養基郡,ミヤキグン,Miyaki-gun,基山町,キヤマチョウ,Kiyama-cho,,,,けやき台,ケヤキダイ,Keyakidai,一丁目,１チョウメ,1,,,,,0,0,0,0,0,0,1,1,1947-04-17,,0,,,,,,,,,,,,,,,,
413411,0005002,2,佐賀県,サガケン,Saga,三養基郡,ミヤキグン,Miyaki-gun,基山町,キヤマチョウ,Kiyama-cho,,,,けやき台,ケヤキダイ,Keyakidai,二丁目,２チョウメ,2,,,,,0,0,0,0,0,0,1,1,1947-04-17,,0,,,,,,,,,,,,,,,,
413411,0005003,2,佐賀県,サガケン,Saga,三養基郡,ミヤキグン,Miyaki-gun,基山町,キヤマチョウ,Kiyama-cho,,,,けやき台,ケヤキダイ,Keyakidai,三丁目,３チョウメ,3,,,,,0,0,0,0,0,0,1,1,1947-04-17,,0,,,,,,,,,,,,,,,,
413411,0005004,2,佐賀県,サガケン,Saga,三養基郡,ミヤキグン,Miyaki-gun,基山町,キヤマチョウ,Kiyama-cho,,,,けやき台,ケヤキダイ,Keyakidai,四丁目,４チョウメ,4,,,,,0,0,0,0,0,0,1,1,1947-04-17,,0,,,,,,,,,,,,,,,,
413453,0001000,1,佐賀県,サガケン,Saga,三養基郡,ミヤキグン,Miyaki-gun,上峰町,カミミネチョウ,Kamimine-cho,,,,大字江迎,オオアザエムカイ,Emukai,,,,,,,,0,0,0,0,0,0,1,1,1947-04-17,,0,8490121,,,,,,,,,,,,,,,
413453,0002000,1,佐賀県,サガケン,Saga,三養基郡,ミヤキグン,Miyaki-gun,上峰町,カミミネチョウ,Kamimine-cho,,,,大字堤,オオアザツツミ,Tsutsumi,,,,,,,,0,0,0,0,0,0,1,1,1947-04-17,,0,8490124,,,,,,,,,,,,,,,
413453,0003000,1,佐賀県,サガケン,Saga,三養基郡,ミヤキグン,Miyaki-gun,上峰町,カミミネチョウ,Kamimine-cho,,,,大字坊所,オオアザボウジョ,Bojo,,,,,,,,0,0,0,0,0,0,1,1,1947-04-17,,0,8490123,,,,,,,,,,,,,,,
413453,0004000,1,佐賀県,サガケン,Saga,三養基郡,ミヤキグン,Miyaki-gun,上峰町,カミミネチョウ,Kamimine-cho,,,,大字前牟田,オオアザマエムタ,Maemuta,,,,,,,,0,0,0,0,0,0,1,1,1947-04-17,,0,8490122,,,,,,,,,,,,,,,
413461,0001000,1,佐賀県,サガケン,Saga,三養基郡,ミヤキグン,Miyaki-gun,みやき町,ミヤキチョウ,Miyaki-cho,,,,大字市武,オオアザイチタケ,Ichitake,,,,,,,,0,0,0,0,0,0,1,1,1947-04-17,,0,8401106,,,,,,,,,,,,,,,
413461,0002000,1,佐賀県,サガケン,Saga,三養基郡,ミヤキグン,Miyaki-gun,みやき町,ミヤキチョウ,Miyaki-cho,,,,大字江口,オオアザエグチ,Eguchi,,,,,,,,0,0,0,0,0,0,1,1,1947-04-17,,0,8490112,,,,,,,,,,,,,,,
413461,0003000,1,佐賀県,サガケン,Saga,三養基郡,ミヤキグン,Miyaki-gun,みやき町,ミヤキチョウ,Miyaki-cho,,,,大字坂口,オオアザサカグチ,Sakaguchi,,,,,,,,0,0,0,0,0,0,1,1,1947-04-17,,0,8401103,,,,,,,,,,,,,,,
413461,0004000,1,佐賀県,サガケン,Saga,三養基郡,ミヤキグン,Miyaki-gun,みやき町,ミヤキチョウ,Miyaki-cho,,,,大字白壁,オオアザシラカベ,Shirakabe,,,,,,,,0,0,0,0,0,0,1,1,1947-04-17,,0,8490111,,,,,,,,,,,,,,,
413461,0005000,1,佐賀県,サガケン,Saga,三養基郡,ミヤキグン,Miyaki-gun,みやき町,ミヤキチョウ,Miyaki-cho,,,,大字天建寺,オオアザテンケンジ,Tenkenji,,,,,,,,0,0,0,0,0,0,1,1,1947-04-17,,0,8401102,,,,,,,,,,,,,,,
413461,0006000,1,佐賀県,サガケン,Saga,三養基郡,ミヤキグン,Miyaki-gun,みやき町,ミヤキチョウ,Miyaki-cho,,,,大字中津隈,オオアザナカツクマ,Nakatsukuma,,,,,,,,0,0,0,0,0,0,1,1,1947-04-17,,0,8490114,,,,,,,,,,,,,,,
413461,0007000,1,佐賀県,サガケン,Saga,三養基郡,ミヤキグン,Miyaki-gun,みやき町,ミヤキチョウ,Miyaki-cho,,,,大字西島,オオアザニシジマ,Nishijima,,,,,,,,0,0,0,0,0,0,1,1,1947-04-17,,0,8401101,,,,,,,,,,,,,,,
413461,0008000,1,佐賀県,サガケン,Saga,三養基郡,ミヤキグン,Miyaki-gun,みやき町,ミヤキチョウ,Miyaki-cho,,,,大字原古賀,オオアザハルコガ,Harukoga,,,,,,,,0,0,0,0,0,0,1,1,1947-04-17,,0,8490101,,,,,,,,,,,,,,,
413461,0009000,1,佐賀県,サガケン,Saga,三養基郡,ミヤキグン,Miyaki-gun,みやき町,ミヤキチョウ,Miyaki-cho,,,,大字東尾,オオアザヒガシオ,Higashio,,,,,,,,0,0,0,0,0,0,1,1,1947-04-17,,0,8490113,,,,,,,,,,,,,,,
413461,0010000,1,佐賀県,サガケン,Saga,三養基郡,ミヤキグン,Miyaki-gun,みやき町,ミヤキチョウ,Miyaki-cho,,,,大字東津,オオアザヒガシヅ,Higashitsu,,,,,,,,0,0,0,0,0,0,1,1,1947-04-17,,0,8401104,,,,,,,,,,,,,,,
413461,0011000,1,佐賀県,サガケン,Saga,三養基郡,ミヤキグン,Miyaki-gun,みやき町,ミヤキチョウ,Miyaki-cho,,,,大字簑原,オオアザミノバル,Minobaru,,,,,,,,0,0,0,0,0,0,1,1,1947-04-17,,0,8490102,,,,,,,,,,,,,,,
413461,0012000,1,佐賀県,サガケン,Saga,三養基郡,ミヤキグン,Miyaki-gun,みやき町,ミヤキチョウ,Miyaki-cho,,,,大字寄人,オオアザヨリヒト,Yoriuto,,,,,,,,0,0,0,0,0,0,1,1,1947-04-17,,0,8401105,,,,,,,,,,,,,,,
413879,0001000,1,佐賀県,サガケン,Saga,東松浦郡,ヒガシマツウラグン,Higashimatsura-gun,玄海町,ゲンカイチョウ,Genkai-cho,,,,大字有浦上,オオアザアリウラカミ,Ariurakami,,,,,,,,0,0,0,0,0,0,1,1,1947-04-17,,0,8471403,,,,,,,,,,,,,,,
413879,0002000,1,佐賀県,サガケン,Saga,東松浦郡,ヒガシマツウラグン,Higashimatsura-gun,玄海町,ゲンカイチョウ,Genkai-cho,,,,大字有浦下,オオアザアリウラシモ,Ariurashimo,,,,,,,,0,0,0,0,0,0,1,1,1947-04-17,,0,8471402,,,,,,,,,,,,,,,
413879,0003000,1,佐賀県,サガケン,Saga,東松浦郡,ヒガシマツウラグン,Higashimatsura-gun,玄海町,ゲンカイチョウ,Genkai-cho,,,,大字石田,オオアザイシダ,Ishida,,,,,,,,0,0,0,0,0,0,1,1,1947-04-17,,0,8471423,,,,,,,,,,,,,,,
413879,0004000,1,佐賀県,サガケン,Saga,東松浦郡,ヒガシマツウラグン,Higashimatsura-gun,玄海町,ゲンカイチョウ,Genkai-cho,,,,大字今村,オオアザイマムラ,Imamura,,,,,,,,0,0,0,0,0,0,1,1,1947-04-17,,0,8471441,,,,,,,,,,,,,,,
413879,0005000,1,佐賀県,サガケン,Saga,東松浦郡,ヒガシマツウラグン,Higashimatsura-gun,玄海町,ゲンカイチョウ,Genkai-cho,,,,大字大串新田,オオアザオオクシシンデン,,,,,,,,,0,0,0,0,0,0,1,1,1947-04-17,,0,,,,,,,,,,,,,,,,
413879,0006000,1,佐賀県,サガケン,Saga,東松浦郡,ヒガシマツウラグン,Higashimatsura-gun,玄海町,ゲンカイチョウ,Genkai-cho,,,,大字大薗,オオアザオオゾノ,Ozono,,,,,,,,0,0,0,0,0,0,1,1,1947-04-17,,0,8471434,,,,,,,,,,,,,,,
413879,0007000,1,佐賀県,サガケン,Saga,東松浦郡,ヒガシマツウラグン,Higashimatsura-gun,玄海町,ゲンカイチョウ,Genkai-cho,,,,大字仮屋,オオアザカリヤ,Kariya,,,,,,,,0,0,0,0,0,0,1,1,1947-04-17,,0,8471435,,,,,,,,,,,,,,,
413879,0008000,1,佐賀県,サガケン,Saga,東松浦郡,ヒガシマツウラグン,Higashimatsura-gun,玄海町,ゲンカイチョウ,Genkai-cho,,,,大字小加倉,オオアザコガクラ,Kogakura,,,,,,,,0,0,0,0,0,0,1,1,1947-04-17,,0,8471401,,,,,,,,,,,,,,,
413879,0009000,1,佐賀県,サガケン,Saga,東松浦郡,ヒガシマツウラグン,Higashimatsura-gun,玄海町,ゲンカイチョウ,Genkai-cho,,,,大字新田,オオアザシンデン,Shinden,,,,,,,,0,0,0,0,0,0,1,1,1947-04-17,,0,8471422,,,,,,,,,,,,,,,
413879,0010000,1,佐賀県,サガケン,Saga,東松浦郡,ヒガシマツウラグン,Higashimatsura-gun,玄海町,ゲンカイチョウ,Genkai-cho,,,,大字座川内,オオアザソソロガワチ,Sosorogawachi,,,,,,,,0,0,0,0,0,0,1,1,1947-04-17,,0,8471415,,,,,,,,,,,,,,,
413879,0011000,1,佐賀県,サガケン,Saga,東松浦郡,ヒガシマツウラグン,Higashimatsura-gun,玄海町,ゲンカイチョウ,Genkai-cho,,,,大字田代,オオアザタシロ,Tashiro,,,,,,,,0,0,0,0,0,0,1,1,1947-04-17,,0,8471412,,,,,,,,,,,,,,,
413879,0012000,1,佐賀県,サガケン,Saga,東松浦郡,ヒガシマツウラグン,Higashimatsura-gun,玄海町,ゲンカイチョウ,Genkai-cho,,,,大字値賀川内,オオアザチカガワチ,Chikagawachi,,,,,,,,0,0,0,0,0,0,1,1,1947-04-17,,0,8471442,,,,,,,,,,,,,,,
413879,0013000,1,佐賀県,サガケン,Saga,東松浦郡,ヒガシマツウラグン,Higashimatsura-gun,玄海町,ゲンカイチョウ,Genkai-cho,,,,大字轟木,オオアザトドロキ,Todoroki,,,,,,,,0,0,0,0,0,0,1,1,1947-04-17,,0,8471411,,,,,,,,,,,,,,,
413879,0014000,1,佐賀県,サガケン,Saga,東松浦郡,ヒガシマツウラグン,Higashimatsura-gun,玄海町,ゲンカイチョウ,Genkai-cho,,,,大字長倉,オオアザナガクラ,Nagakura,,,,,,,,0,0,0,0,0,0,1,1,1947-04-17,,0,8471404,,,,,,,,,,,,,,,
413879,0015000,1,佐賀県,サガケン,Saga,東松浦郡,ヒガシマツウラグン,Higashimatsura-gun,玄海町,ゲンカイチョウ,Genkai-cho,,,,大字浜野浦,オオアザハマノウラ,Hamanora,,,,,,,,0,0,0,0,0,0,1,1,1947-04-17,,0,8471433,,,,,,,,,,,,,,,
413879,0016000,1,佐賀県,サガケン,Saga,東松浦郡,ヒガシマツウラグン,Higashimatsura-gun,玄海町,ゲンカイチョウ,Genkai-cho,,,,大字平尾,オオアザヒラオ,Hirao,,,,,,,,0,0,0,0,0,0,1,1,1947-04-17,,0,8471432,,,,,,,,,,,,,,,
413879,0017000,1,佐賀県,サガケン,Saga,東松浦郡,ヒガシマツウラグン,Higashimatsura-gun,玄海町,ゲンカイチョウ,Genkai-cho,,,,大字普恩寺,オオアザフオンジ,Fuonji,,,,,,,,0,0,0,0,0,0,1,1,1947-04-17,,0,8471431,,,,,,,,,,,,,,,
413879,0018000,1,佐賀県,サガケン,Saga,東松浦郡,ヒガシマツウラグン,Higashimatsura-gun,玄海町,ゲンカイチョウ,Genkai-cho,,,,大字藤平,オオアザフジヒラ,Fujihira,,,,,,,,0,0,0,0,0,0,1,1,1947-04-17,,0,8471405,,,,,,,,,,,,,,,
413879,0019000,1,佐賀県,サガケン,Saga,東松浦郡,ヒガシマツウラグン,Higashimatsura-gun,玄海町,ゲンカイチョウ,Genkai-cho,,,,大字牟形,オオアザムカタ,Mukata,,,,,,,,0,0,0,0,0,0,1,1,1947-04-17,,0,8471416,,,,,,,,,,,,,,,
413879,0020000,1,佐賀県,サガケン,Saga,東松浦郡,ヒガシマツウラグン,Higashimatsura-gun,玄海町,ゲンカイチョウ,Genkai-cho,,,,大字諸浦,オオアザモロウラ,Morora,,,,,,,,0,0,0,0,0,0,1,1,1947-04-17,,0,8471421,,,,,,,,,,,,,,,
413879,0021000,1,佐賀県,サガケン,Saga,東松浦郡,ヒガシマツウラグン,Higashimatsura-gun,玄海町,ゲンカイチョウ,Genkai-cho,,,,大字湯野尾,オオアザユノオ,Yuno,,,,,,,,0,0,0,0,0,0,1,1,1947-04-17,,0,8471414,,,,,,,,,,,,,,,
414018,0000000,4,佐賀県,サガケン,Saga,西松浦郡,ニシマツウラグン,Nishimatsura-gun,有田町,アリタチョウ,Arita-cho,,,,,,,,,,,,,,0,0,0,0,0,0,1,1,1947-04-17,,0,,,,,,,,,,,,,,,,
414018,0001001,2,佐賀県,サガケン,Saga,西松浦郡,ニシマツウラグン,Nishimatsura-gun,有田町,アリタチョウ,Arita-cho,,,,赤絵町,アカエマチ,Akaemachi,一丁目,１チョウメ,1,,,,,1,1,0,0,0,0,1,1,1947-04-17,,0,,,,,,,,,,,,,,,,
414018,0001002,2,佐賀県,サガケン,Saga,西松浦郡,ニシマツウラグン,Nishimatsura-gun,有田町,アリタチョウ,Arita-cho,,,,赤絵町,アカエマチ,Akaemachi,二丁目,２チョウメ,2,,,,,1,1,0,0,0,0,1,1,1947-04-17,,0,,,,,,,,,,,,,,,,
414018,0002000,1,佐賀県,サガケン,Saga,西松浦郡,ニシマツウラグン,Nishimatsura-gun,有田町,アリタチョウ,Arita-cho,,,,赤坂,アカサカ,Akasaka,,,,,,,,0,0,0,0,0,0,1,1,1947-04-17,,0,8440024,,,,,,,,,,,,,,,
414018,0003001,2,佐賀県,サガケン,Saga,西松浦郡,ニシマツウラグン,Nishimatsura-gun,有田町,アリタチョウ,Arita-cho,,,,泉山,イズミヤマ,Izumiyama,一丁目,１チョウメ,1,,,,,1,1,0,0,0,0,1,1,1947-04-17,,0,,,,,,,,,,,,,,,,
414018,0003002,2,佐賀県,サガケン,Saga,西松浦郡,ニシマツウラグン,Nishimatsura-gun,有田町,アリタチョウ,Arita-cho,,,,泉山,イズミヤマ,Izumiyama,二丁目,２チョウメ,2,,,,,1,1,0,0,0,0,1,1,1947-04-17,,0,,,,,,,,,,,,,,,,
414018,0004001,2,佐賀県,サガケン,Saga,西松浦郡,ニシマツウラグン,Nishimatsura-gun,有田町,アリタチョウ,Arita-cho,,,,岩谷川内,イワヤガワチ,Iwatanigawachi,一丁目,１チョウメ,1,,,,,1,1,0,0,0,0,1,1,1947-04-17,,0,,,,,,,,,,,,,,,,
414018,0004002,2,佐賀県,サガケン,Saga,西松浦郡,ニシマツウラグン,Nishimatsura-gun,有田町,アリタチョウ,Arita-cho,,,,岩谷川内,イワヤガワチ,Iwatanigawachi,二丁目,２チョウメ,2,,,,,1,1,0,0,0,0,1,1,1947-04-17,,0,,,,,,,,,,,,,,,,
414018,0004003,2,佐賀県,サガケン,Saga,西松浦郡,ニシマツウラグン,Nishimatsura-gun,有田町,アリタチョウ,Arita-cho,,,,岩谷川内,イワヤガワチ,Iwatanigawachi,三丁目,３チョウメ,3,,,,,1,1,0,0,0,0,1,1,1947-04-17,,0,,,,,,,,,,,,,,,,
414018,0005000,1,佐賀県,サガケン,Saga,西松浦郡,ニシマツウラグン,Nishimatsura-gun,有田町,アリタチョウ,Arita-cho,,,,応法,オウボウ,Obo,,,,,,,,0,0,0,0,0,0,1,1,1947-04-17,,0,8440021,,,,,,,,,,,,,,,
414018,0006000,1,佐賀県,サガケン,Saga,西松浦郡,ニシマツウラグン,Nishimatsura-gun,有田町,アリタチョウ,Arita-cho,,,,大木宿,オオギシュク,Ogishuku,,,,,,,,0,0,0,0,0,0,1,1,1947-04-17,,0,8494154,,,,,,,,,,,,,,,
414018,0007001,2,佐賀県,サガケン,Saga,西松浦郡,ニシマツウラグン,Nishimatsura-gun,有田町,アリタチョウ,Arita-cho,,,,大樽,オオダル,Odaru,一丁目,１チョウメ,1,,,,,1,1,0,0,0,0,1,1,1947-04-17,,0,,,,,,,,,,,,,,,,
414018,0007002,2,佐賀県,サガケン,Saga,西松浦郡,ニシマツウラグン,Nishimatsura-gun,有田町,アリタチョウ,Arita-cho,,,,大樽,オオダル,Odaru,二丁目,２チョウメ,2,,,,,1,1,0,0,0,0,1,1,1947-04-17,,0,,,,,,,,,,,,,,,,
414018,0008000,1,佐賀県,サガケン,Saga,西松浦郡,ニシマツウラグン,Nishimatsura-gun,有田町,アリタチョウ,Arita-cho,,,,大野,オオノ,Ono,,,,,,,,0,0,0,0,0,0,1,1,1947-04-17,,0,8440013,,,,,,,,,,,,,,,
414018,0009000,1,佐賀県,サガケン,Saga,西松浦郡,ニシマツウラグン,Nishimatsura-gun,有田町,アリタチョウ,Arita-cho,,,,上内野,カミウチノ,Kamiuchino,,,,,,,,0,0,0,0,0,0,1,1,1947-04-17,,0,8494162,,,,,,,,,,,,,,,
414018,0010001,2,佐賀県,サガケン,Saga,西松浦郡,ニシマツウラグン,Nishimatsura-gun,有田町,アリタチョウ,Arita-cho,,,,上幸平,カミコウヒラ,Kamikohira,一丁目,１チョウメ,1,,,,,1,1,0,0,0,0,1,1,1947-04-17,,0,,,,,,,,,,,,,,,,
414018,0010002,2,佐賀県,サガケン,Saga,西松浦郡,ニシマツウラグン,Nishimatsura-gun,有田町,アリタチョウ,Arita-cho,,,,上幸平,カミコウヒラ,Kamikohira,二丁目,２チョウメ,2,,,,,1,1,0,0,0,0,1,1,1947-04-17,,0,,,,,,,,,,,,,,,,
414018,0011000,1,佐賀県,サガケン,Saga,西松浦郡,ニシマツウラグン,Nishimatsura-gun,有田町,アリタチョウ,Arita-cho,,,,上本,カミホン,Kamihon,,,,,,,,0,0,0,0,0,0,1,1,1947-04-17,,0,8494174,,,,,,,,,,,,,,,
414018,0012000,1,佐賀県,サガケン,Saga,西松浦郡,ニシマツウラグン,Nishimatsura-gun,有田町,アリタチョウ,Arita-cho,,,,上山谷,カミヤマダニ,Kamiyamadani,,,,,,,,0,0,0,0,0,0,1,1,1947-04-17,,0,8494144,,,,,,,,,,,,,,,
414018,0013000,1,佐賀県,サガケン,Saga,西松浦郡,ニシマツウラグン,Nishimatsura-gun,有田町,アリタチョウ,Arita-cho,,,,北ノ川内,キタノカワチ,Kitanokawachi,,,,,,,,0,0,0,0,0,0,1,1,1947-04-17,,0,8494166,,,,,,,,,,,,,,,
414018,0014000,1,佐賀県,サガケン,Saga,西松浦郡,ニシマツウラグン,Nishimatsura-gun,有田町,アリタチョウ,Arita-cho,,,,楠木原,クスノキバル,Kusunokibaru,,,,,,,,0,0,0,0,0,0,1,1,1947-04-17,,0,8494175,,,,,,,,,,,,,,,
414018,0015000,1,佐賀県,サガケン,Saga,西松浦郡,ニシマツウラグン,Nishimatsura-gun,有田町,アリタチョウ,Arita-cho,,,,黒川,クロゴウ,Kurogo,,,,,,,,0,0,0,0,0,0,1,1,1947-04-17,,0,8494165,,,,,,,,,,,,,,,
414018,0016000,1,佐賀県,サガケン,Saga,西松浦郡,ニシマツウラグン,Nishimatsura-gun,有田町,アリタチョウ,Arita-cho,,,,黒牟田,クロムタ,Kuromuta,,,,,,,,0,0,0,0,0,0,1,1,1947-04-17,,0,8440022,,,,,,,,,,,,,,,
414018,0017000,1,佐賀県,サガケン,Saga,西松浦郡,ニシマツウラグン,Nishimatsura-gun,有田町,アリタチョウ,Arita-cho,,,,桑古場,クワコバ,Kuwakoba,,,,,,,,0,0,0,0,0,0,1,1,1947-04-17,,0,8440012,,,,,,,,,,,,,,,
414018,0018000,1,佐賀県,サガケン,Saga,西松浦郡,ニシマツウラグン,Nishimatsura-gun,有田町,アリタチョウ,Arita-cho,,,,桑木原,クワノキバル,Kuwanokibaru,,,,,,,,0,0,0,0,0,0,1,1,1947-04-17,,0,8494156,,,,,,,,,,,,,,,
414018,0019001,2,佐賀県,サガケン,Saga,西松浦郡,ニシマツウラグン,Nishimatsura-gun,有田町,アリタチョウ,Arita-cho,,,,幸平,コウビラ,Kobira,一丁目,１チョウメ,1,,,,,1,1,0,0,0,0,1,1,1947-04-17,,0,,,,,,,,,,,,,,,,
414018,0019002,2,佐賀県,サガケン,Saga,西松浦郡,ニシマツウラグン,Nishimatsura-gun,有田町,アリタチョウ,Arita-cho,,,,幸平,コウビラ,Kobira,二丁目,２チョウメ,2,,,,,1,1,0,0,0,0,1,1,1947-04-17,,0,,,,,,,,,,,,,,,,
414018,0020000,1,佐賀県,サガケン,Saga,西松浦郡,ニシマツウラグン,Nishimatsura-gun,有田町,アリタチョウ,Arita-cho,,,,境野,サカイノ,Sakaino,,,,,,,,0,0,0,0,0,0,1,1,1947-04-17,,0,8440016,,,,,,,,,,,,,,,
414018,0021000,1,佐賀県,サガケン,Saga,西松浦郡,ニシマツウラグン,Nishimatsura-gun,有田町,アリタチョウ,Arita-cho,,,,下内野,シモウチノ,Shimochino,,,,,,,,0,0,0,0,0,0,1,1,1947-04-17,,0,8494163,,,,,,,,,,,,,,,
414018,0022000,1,佐賀県,サガケン,Saga,西松浦郡,ニシマツウラグン,Nishimatsura-gun,有田町,アリタチョウ,Arita-cho,,,,下本,シモホン,Shimohon,,,,,,,,0,0,0,0,0,0,1,1,1947-04-17,,0,8494172,,,,,,,,,,,,,,,
414018,0023000,1,佐賀県,サガケン,Saga,西松浦郡,ニシマツウラグン,Nishimatsura-gun,有田町,アリタチョウ,Arita-cho,,,,下山谷,シモヤマダニ,Shimoyamadani,,,,,,,,0,0,0,0,0,0,1,1,1947-04-17,,0,8494143,,,,,,,,,,,,,,,
414018,0024001,2,佐賀県,サガケン,Saga,西松浦郡,ニシマツウラグン,Nishimatsura-gun,有田町,アリタチョウ,Arita-cho,,,,白川,シラカワ,Shirakawa,一丁目,１チョウメ,1,,,,,1,1,0,0,0,0,1,1,1947-04-17,,0,,,,,,,,,,,,,,,,
414018,0024002,2,佐賀県,サガケン,Saga,西松浦郡,ニシマツウラグン,Nishimatsura-gun,有田町,アリタチョウ,Arita-cho,,,,白川,シラカワ,Shirakawa,二丁目,２チョウメ,2,,,,,1,1,0,0,0,0,1,1,1947-04-17,,0,,,,,,,,,,,,,,,,
414018,0025000,1,佐賀県,サガケン,Saga,西松浦郡,ニシマツウラグン,Nishimatsura-gun,有田町,アリタチョウ,Arita-cho,,,,蔵宿,ゾウシュク,Zoshuku,,,,,,,,0,0,0,0,0,0,1,1,1947-04-17,,0,8494161,,,,,,,,,,,,,,,
414018,0026000,1,佐賀県,サガケン,Saga,西松浦郡,ニシマツウラグン,Nishimatsura-gun,有田町,アリタチョウ,Arita-cho,,,,岳,タケ,Take,,,,,,,,0,0,0,0,0,0,1,1,1947-04-17,,0,8494146,,,,,,,,,,,,,,,
414018,0027000,1,佐賀県,サガケン,Saga,西松浦郡,ニシマツウラグン,Nishimatsura-gun,有田町,アリタチョウ,Arita-cho,,,,立部,タチベ,Tachibe,,,,,,,,0,0,0,0,0,0,1,1,1947-04-17,,0,8494153,,,,,,,,,,,,,,,
414018,0028000,1,佐賀県,サガケン,Saga,西松浦郡,ニシマツウラグン,Nishimatsura-gun,有田町,アリタチョウ,Arita-cho,,,,戸杓,トシャク,Toshaku,,,,,,,,0,0,0,0,0,0,1,1,1947-04-17,,0,8440017,,,,,,,,,,,,,,,
414018,0029000,1,佐賀県,サガケン,Saga,西松浦郡,ニシマツウラグン,Nishimatsura-gun,有田町,アリタチョウ,Arita-cho,,,,戸矢,トヤ,Toya,,,,,,,,0,0,0,0,0,0,1,1,1947-04-17,,0,8440014,,,,,,,,,,,,,,,
414018,0030001,2,佐賀県,サガケン,Saga,西松浦郡,ニシマツウラグン,Nishimatsura-gun,有田町,アリタチョウ,Arita-cho,,,,中樽,ナカダル,Nakadaru,一丁目,１チョウメ,1,,,,,1,1,0,0,0,0,1,1,1947-04-17,,0,,,,,,,,,,,,,,,,
414018,0030002,2,佐賀県,サガケン,Saga,西松浦郡,ニシマツウラグン,Nishimatsura-gun,有田町,アリタチョウ,Arita-cho,,,,中樽,ナカダル,Nakadaru,二丁目,２チョウメ,2,,,,,1,1,0,0,0,0,1,1,1947-04-17,,0,,,,,,,,,,,,,,,,
414018,0030003,2,佐賀県,サガケン,Saga,西松浦郡,ニシマツウラグン,Nishimatsura-gun,有田町,アリタチョウ,Arita-cho,,,,中樽,ナカダル,Nakadaru,三丁目,３チョウメ,3,,,,,1,1,0,0,0,0,1,1,1947-04-17,,0,,,,,,,,,,,,,,,,
414018,0031001,2,佐賀県,サガケン,Saga,西松浦郡,ニシマツウラグン,Nishimatsura-gun,有田町,アリタチョウ,Arita-cho,,,,中の原,ナカノハラ,Nakanohara,一丁目,１チョウメ,1,,,,,1,1,0,0,0,0,1,1,1947-04-17,,0,,,,,,,,,,,,,,,,
414018,0031002,2,佐賀県,サガケン,Saga,西松浦郡,ニシマツウラグン,Nishimatsura-gun,有田町,アリタチョウ,Arita-cho,,,,中の原,ナカノハラ,Nakanohara,二丁目,２チョウメ,2,,,,,1,1,0,0,0,0,1,1,1947-04-17,,0,,,,,,,,,,,,,,,,
414018,0032000,1,佐賀県,サガケン,Saga,西松浦郡,ニシマツウラグン,Nishimatsura-gun,有田町,アリタチョウ,Arita-cho,,,,南山,ナンザン,Nanzan,,,,,,,,0,0,0,0,0,0,1,1,1947-04-17,,0,8440028,,,,,,,,,,,,,,,
414018,0033000,1,佐賀県,サガケン,Saga,西松浦郡,ニシマツウラグン,Nishimatsura-gun,有田町,アリタチョウ,Arita-cho,,,,南原,ナンバル,Nambaru,,,,,,,,0,0,0,0,0,0,1,1,1947-04-17,,0,8440027,,,,,,,,,,,,,,,
414018,0034000,1,佐賀県,サガケン,Saga,西松浦郡,ニシマツウラグン,Nishimatsura-gun,有田町,アリタチョウ,Arita-cho,,,,二ノ瀬,ニノセ,Ninose,,,,,,,,0,0,0,0,0,0,1,1,1947-04-17,,0,8494141,,,,,,,,,,,,,,,
414018,0035000,1,佐賀県,サガケン,Saga,西松浦郡,ニシマツウラグン,Nishimatsura-gun,有田町,アリタチョウ,Arita-cho,,,,原明,ハラアケ,Haraake,,,,,,,,0,0,0,0,0,0,1,1,1947-04-17,,0,8494176,,,,,,,,,,,,,,,
414018,0036001,2,佐賀県,サガケン,Saga,西松浦郡,ニシマツウラグン,Nishimatsura-gun,有田町,アリタチョウ,Arita-cho,,,,稗古場,ヒエコバ,Hiekoba,一丁目,１チョウメ,1,,,,,1,1,0,0,0,0,1,1,1947-04-17,,0,,,MJ019088_*_*,,,,,,,,,,,,,
414018,0036002,2,佐賀県,サガケン,Saga,西松浦郡,ニシマツウラグン,Nishimatsura-gun,有田町,アリタチョウ,Arita-cho,,,,稗古場,ヒエコバ,Hiekoba,二丁目,２チョウメ,2,,,,,1,1,0,0,0,0,1,1,1947-04-17,,0,,,MJ019088_*_*,,,,,,,,,,,,,
414018,0037000,1,佐賀県,サガケン,Saga,西松浦郡,ニシマツウラグン,Nishimatsura-gun,有田町,アリタチョウ,Arita-cho,,,,広瀬,ヒロセ,Hirose,,,,,,,,0,0,0,0,0,0,1,1,1947-04-17,,0,8494152,,,,,,,,,,,,,,,
414018,0038000,1,佐賀県,サガケン,Saga,西松浦郡,ニシマツウラグン,Nishimatsura-gun,有田町,アリタチョウ,Arita-cho,,,,広瀬山,ヒロセヤマ,Hiroseyama,,,,,,,,0,0,0,0,0,0,1,1,1947-04-17,,0,8494151,,,,,,,,,,,,,,,
414018,0039000,1,佐賀県,サガケン,Saga,西松浦郡,ニシマツウラグン,Nishimatsura-gun,有田町,アリタチョウ,Arita-cho,,,,古木場,フルコバ,Furukoba,,,,,,,,0,0,0,0,0,0,1,1,1947-04-17,,0,8440015,,,,,,,,,,,,,,,
414018,0040000,1,佐賀県,サガケン,Saga,西松浦郡,ニシマツウラグン,Nishimatsura-gun,有田町,アリタチョウ,Arita-cho,,,,外尾町,ホカオマチ,Hokaomachi,,,,,,,,0,0,0,0,0,0,1,1,1947-04-17,,0,8440026,,,,,,,,,,,,,,,
414018,0041000,1,佐賀県,サガケン,Saga,西松浦郡,ニシマツウラグン,Nishimatsura-gun,有田町,アリタチョウ,Arita-cho,,,,外尾山,ホカオヤマ,Hokaoyama,,,,,,,,0,0,0,0,0,0,1,1,1947-04-17,,0,8440025,,,,,,,,,,,,,,,
414018,0042000,1,佐賀県,サガケン,Saga,西松浦郡,ニシマツウラグン,Nishimatsura-gun,有田町,アリタチョウ,Arita-cho,,,,仏ノ原,ホトケノハラ,Hotokenohara,,,,,,,,0,0,0,0,0,0,1,1,1947-04-17,,0,8494164,,,,,,,,,,,,,,,
414018,0043000,1,佐賀県,サガケン,Saga,西松浦郡,ニシマツウラグン,Nishimatsura-gun,有田町,アリタチョウ,Arita-cho,,,,本町,ホンマチ,Hommachi,,,,,,,,0,0,0,0,0,0,1,1,1947-04-17,,0,8440018,,,,,,,,,,,,,,,
414018,0044000,1,佐賀県,サガケン,Saga,西松浦郡,ニシマツウラグン,Nishimatsura-gun,有田町,アリタチョウ,Arita-cho,,,,舞原,マイバル,Maibaru,,,,,,,,0,0,0,0,0,0,1,1,1947-04-17,,0,8494173,,,,,,,,,,,,,,,
414018,0045000,1,佐賀県,サガケン,Saga,西松浦郡,ニシマツウラグン,Nishimatsura-gun,有田町,アリタチョウ,Arita-cho,,,,丸尾,マルオ,Maruo,,,,,,,,0,0,0,0,0,0,1,1,1947-04-17,,0,8440023,,,,,,,,,,,,,,,
414018,0046000,1,佐賀県,サガケン,Saga,西松浦郡,ニシマツウラグン,Nishimatsura-gun,有田町,アリタチョウ,Arita-cho,,,,山谷切口,ヤマダニキリグチ,Yamadanikiriguchi,,,,,,,,0,0,0,0,0,0,1,1,1947-04-17,,0,8494145,,,,,,,,,,,,,,,
414018,0047000,1,佐賀県,サガケン,Saga,西松浦郡,ニシマツウラグン,Nishimatsura-gun,有田町,アリタチョウ,Arita-cho,,,,山谷牧,ヤマダニマキ,Yamadanimaki,,,,,,,,0,0,0,0,0,0,1,1,1947-04-17,,0,8494142,,,,,,,,,,,,,,,
414018,0048000,1,佐賀県,サガケン,Saga,西松浦郡,ニシマツウラグン,Nishimatsura-gun,有田町,アリタチョウ,Arita-cho,,,,山本,ヤマモト,Yamamoto,,,,,,,,0,0,0,0,0,0,1,1,1947-04-17,,0,8494155,,,,,,,,,,,,,,,
414018,0049000,1,佐賀県,サガケン,Saga,西松浦郡,ニシマツウラグン,Nishimatsura-gun,有田町,アリタチョウ,Arita-cho,,,,代々木,ヨヨギ,Yoyogi,,,,,,,,0,0,0,0,0,0,1,1,1947-04-17,,0,8494171,,,,,,,,,,,,,,,
414239,0001000,1,佐賀県,サガケン,Saga,杵島郡,キシマグン,Kishima-gun,大町町,オオマチチョウ,Omachi-cho,,,,大字大町,オオアザオオマチ,Omachi,,,,,,,,0,0,0,0,0,0,1,1,1947-04-17,,0,8492101,,,,,,,,,,,,,,,
414239,0002000,1,佐賀県,サガケン,Saga,杵島郡,キシマグン,Kishima-gun,大町町,オオマチチョウ,Omachi-cho,,,,大字福母,オオアザフクモ,Fukumo,,,,,,,,0,0,0,0,0,0,1,1,1947-04-17,,0,8492102,,,,,,,,,,,,,,,
414247,0001000,1,佐賀県,サガケン,Saga,杵島郡,キシマグン,Kishima-gun,江北町,コウホクマチ,Kohoku-machi,,,,大字上小田,オオアザカミオダ,Kamioda,,,,,,,,0,0,0,0,0,0,1,1,1947-04-17,,0,8490506,,,,,,,,,,,,,,,
414247,0002000,1,佐賀県,サガケン,Saga,杵島郡,キシマグン,Kishima-gun,江北町,コウホクマチ,Kohoku-machi,,,,大字佐留志,オオアザサルシ,Sarushi,,,,,,,,0,0,0,0,0,0,1,1,1947-04-17,,0,8490502,,,,,,,,,,,,,,,
414247,0003000,1,佐賀県,サガケン,Saga,杵島郡,キシマグン,Kishima-gun,江北町,コウホクマチ,Kohoku-machi,,,,大字下小田,オオアザシモオダ,Shimoda,,,,,,,,0,0,0,0,0,0,1,1,1947-04-17,,0,8490505,,,,,,,,,,,,,,,
414247,0004000,1,佐賀県,サガケン,Saga,杵島郡,キシマグン,Kishima-gun,江北町,コウホクマチ,Kohoku-machi,,,,大字惣領分,オオアザソウリョウブン,Soryobun,,,,,,,,0,0,0,0,0,0,1,1,1947-04-17,,0,8490503,,,,,,,,,,,,,,,
414247,0005000,1,佐賀県,サガケン,Saga,杵島郡,キシマグン,Kishima-gun,江北町,コウホクマチ,Kohoku-machi,,,,大字八町,オオアザハッチョウ,Hatcho,,,,,,,,0,0,0,0,0,0,1,1,1947-04-17,,0,8490504,,,,,,,,,,,,,,,
414247,0006000,1,佐賀県,サガケン,Saga,杵島郡,キシマグン,Kishima-gun,江北町,コウホクマチ,Kohoku-machi,,,,大字山口,オオアザヤマグチ,Yamaguchi,,,,,,,,0,0,0,0,0,0,1,1,1947-04-17,,0,8490501,,,,,,,,,,,,,,,
414255,0001000,1,佐賀県,サガケン,Saga,杵島郡,キシマグン,Kishima-gun,白石町,シロイシチョウ,Shiroishi-cho,,,,大字今泉,オオアザイマイズミ,Imaizumi,,,,,,,,0,0,0,0,0,0,1,1,1947-04-17,,0,8491101,,,,,,,,,,,,,,,
414255,0002000,1,佐賀県,サガケン,Saga,杵島郡,キシマグン,Kishima-gun,白石町,シロイシチョウ,Shiroishi-cho,,,,大字牛屋,オオアザウシヤ,Ushiya,,,,,,,,0,0,0,0,0,0,1,1,1947-04-17,,0,8491201,,,,,,,,,,,,,,,
414255,0003000,1,佐賀県,サガケン,Saga,杵島郡,キシマグン,Kishima-gun,白石町,シロイシチョウ,Shiroishi-cho,,,,大字大渡,オオアザオオワタリ,Owatari,,,,,,,,0,0,0,0,0,0,1,1,1947-04-17,,0,8491102,,,,,,,,,,,,,,,
414255,0004000,1,佐賀県,サガケン,Saga,杵島郡,キシマグン,Kishima-gun,白石町,シロイシチョウ,Shiroishi-cho,,,,大字坂田,オオアザサカダ,Sakata,,,,,,,,0,0,0,0,0,0,1,1,1947-04-17,,0,8491204,,,,,,,,,,,,,,,
414255,0005000,1,佐賀県,サガケン,Saga,杵島郡,キシマグン,Kishima-gun,白石町,シロイシチョウ,Shiroishi-cho,,,,大字新開,オオアザシンカイ,Shinkai,,,,,,,,0,0,0,0,0,0,1,1,1947-04-17,,0,8491208,,,,,,,,,,,,,,,
414255,0006000,1,佐賀県,サガケン,Saga,杵島郡,キシマグン,Kishima-gun,白石町,シロイシチョウ,Shiroishi-cho,,,,大字新拓,オオアザシンタク,Shintaku,,,,,,,,0,0,0,0,0,0,1,1,1947-04-17,,0,8491221,,,,,,,,,,,,,,,
414255,0007000,1,佐賀県,サガケン,Saga,杵島郡,キシマグン,Kishima-gun,白石町,シロイシチョウ,Shiroishi-cho,,,,大字新明,オオアザシンメイ,Shimmei,,,,,,,,0,0,0,0,0,0,1,1,1947-04-17,,0,8491202,,,,,,,,,,,,,,,
414255,0008000,1,佐賀県,サガケン,Saga,杵島郡,キシマグン,Kishima-gun,白石町,シロイシチョウ,Shiroishi-cho,,,,大字田野上,オオアザタノウエ,Tanoe,,,,,,,,0,0,0,0,0,0,1,1,1947-04-17,,0,8491205,,,,,,,,,,,,,,,
414255,0009000,1,佐賀県,サガケン,Saga,杵島郡,キシマグン,Kishima-gun,白石町,シロイシチョウ,Shiroishi-cho,,,,大字築切,オオアザツイキリ,Tsuikiri,,,,,,,,0,0,0,0,0,0,1,1,1947-04-17,,0,8491103,,,,,,,,,,,,,,,
414255,0010000,1,佐賀県,サガケン,Saga,杵島郡,キシマグン,Kishima-gun,白石町,シロイシチョウ,Shiroishi-cho,,,,大字堤,オオアザツツミ,Tsutsumi,,,,,,,,0,0,0,0,0,0,1,1,1947-04-17,,0,8491104,,,,,,,,,,,,,,,
414255,0011000,1,佐賀県,サガケン,Saga,杵島郡,キシマグン,Kishima-gun,白石町,シロイシチョウ,Shiroishi-cho,,,,大字遠江,オオアザトオノエ,Tonoe,,,,,,,,0,0,0,0,0,0,1,1,1947-04-17,,0,8491105,,,,,,,,,,,,,,,
414255,0012000,1,佐賀県,サガケン,Saga,杵島郡,キシマグン,Kishima-gun,白石町,シロイシチョウ,Shiroishi-cho,,,,大字戸ケ里,オオアザトガリ,Togari,,,,,,,,0,0,0,0,0,0,1,1,1947-04-17,,0,8491203,,,,,,,,,,,,,,,
414255,0013000,1,佐賀県,サガケン,Saga,杵島郡,キシマグン,Kishima-gun,白石町,シロイシチョウ,Shiroishi-cho,,,,大字廿治,オオアザハタチ,Hatachi,,,,,,,,0,0,0,0,0,0,1,1,1947-04-17,,0,8491106,,,,,,,,,,,,,,,
414255,0014000,1,佐賀県,サガケン,Saga,杵島郡,キシマグン,Kishima-gun,白石町,シロイシチョウ,Shiroishi-cho,,,,大字八平,オオアザハチヘイ,Hachihei,,,,,,,,0,0,0,0,0,0,1,1,1947-04-17,,0,8490403,,,,,,,,,,,,,,,
414255,0015000,1,佐賀県,サガケン,Saga,杵島郡,キシマグン,Kishima-gun,白石町,シロイシチョウ,Shiroishi-cho,,,,大字東郷,オオアザヒガシゴウ,Higashigo,,,,,,,,0,0,0,0,0,0,1,1,1947-04-17,,0,8491111,,,,,,,,,,,,,,,
414255,0016000,1,佐賀県,サガケン,Saga,杵島郡,キシマグン,Kishima-gun,白石町,シロイシチョウ,Shiroishi-cho,,,,大字深浦,オオアザフカウラ,Fukaura,,,,,,,,0,0,0,0,0,0,1,1,1947-04-17,,0,8491207,,,,,,,,,,,,,,,
414255,0017000,1,佐賀県,サガケン,Saga,杵島郡,キシマグン,Kishima-gun,白石町,シロイシチョウ,Shiroishi-cho,,,,大字福田,オオアザフクタ,Fukuta,,,,,,,,0,0,0,0,0,0,1,1,1947-04-17,,0,8491112,,,,,,,,,,,,,,,
414255,0018000,1,佐賀県,サガケン,Saga,杵島郡,キシマグン,Kishima-gun,白石町,シロイシチョウ,Shiroishi-cho,,,,大字福富,オオアザフクドミ,Fukudomi,,,,,,,,0,0,0,0,0,0,1,1,1947-04-17,,0,8490401,,,,,,,,,,,,,,,
414255,0019000,1,佐賀県,サガケン,Saga,杵島郡,キシマグン,Kishima-gun,白石町,シロイシチョウ,Shiroishi-cho,,,,大字福富下分,オオアザフクドミシモブン,Fukudomishimobun,,,,,,,,0,0,0,0,0,0,1,1,1947-04-17,,0,8490402,,,,,,,,,,,,,,,
414255,0020000,1,佐賀県,サガケン,Saga,杵島郡,キシマグン,Kishima-gun,白石町,シロイシチョウ,Shiroishi-cho,,,,大字福吉,オオアザフクヨシ,Fukuyoshi,,,,,,,,0,0,0,0,0,0,1,1,1947-04-17,,0,8491113,,,,,,,,,,,,,,,
414255,0021000,1,佐賀県,サガケン,Saga,杵島郡,キシマグン,Kishima-gun,白石町,シロイシチョウ,Shiroishi-cho,,,,大字辺田,オオアザヘタ,Heta,,,,,,,,0,0,0,0,0,0,1,1,1947-04-17,,0,8491206,,,,,,,,,,,,,,,
414255,0022000,1,佐賀県,サガケン,Saga,杵島郡,キシマグン,Kishima-gun,白石町,シロイシチョウ,Shiroishi-cho,,,,大字馬洗,オオアザモウライ,Morai,,,,,,,,0,0,0,0,0,0,1,1,1947-04-17,,0,8491114,,,,,,,,,,,,,,,
414255,0023000,1,佐賀県,サガケン,Saga,杵島郡,キシマグン,Kishima-gun,白石町,シロイシチョウ,Shiroishi-cho,,,,大字湯崎,オオアザユザキ,Yuzaki,,,,,,,,0,0,0,0,0,0,1,1,1947-04-17,,0,8491115,,,,,,,,,,,,,,,
414255,0024000,1,佐賀県,サガケン,Saga,杵島郡,キシマグン,Kishima-gun,白石町,シロイシチョウ,Shiroishi-cho,,,,大字横手,オオアザヨコテ,Yokote,,,,,,,,0,0,0,0,0,0,1,1,1947-04-17,,0,8491116,,,,,,,,,,,,,,,
414417,0001000,1,佐賀県,サガケン,Saga,藤津郡,フジツグン,Fujitsu-gun,太良町,タラチョウ,Tara-cho,,,,大字糸岐,オオアザイトキ,Itoki,,,,,,,,0,0,0,0,0,0,1,1,1947-04-17,,0,8491603,,,,,,,,,,,,,,,
414417,0002000,1,佐賀県,サガケン,Saga,藤津郡,フジツグン,Fujitsu-gun,太良町,タラチョウ,Tara-cho,,,,大字伊福甲,オオアザイフクコウ,Ifuku Ko,,,,,,,,0,0,0,0,0,0,1,0,1947-04-17,,0,8491601,,,,,,,,,,,,,,,
414417,0003000,1,佐賀県,サガケン,Saga,藤津郡,フジツグン,Fujitsu-gun,太良町,タラチョウ,Tara-cho,,,,大字大浦乙,オオアザオオウラオツ,Oura Otsu,,,,,,,,0,0,0,0,0,0,1,0,1947-04-17,,0,8491615,,,,,,,,,,,,,,,
414417,0004000,1,佐賀県,サガケン,Saga,藤津郡,フジツグン,Fujitsu-gun,太良町,タラチョウ,Tara-cho,,,,大字大浦己,オオアザオオウラキ,Oura Ki,,,,,,,,0,0,0,0,0,0,1,0,1947-04-17,,0,8491616,,,,,,,,,,,,,,,
414417,0005000,1,佐賀県,サガケン,Saga,藤津郡,フジツグン,Fujitsu-gun,太良町,タラチョウ,Tara-cho,,,,大字大浦甲,オオアザオオウラコウ,Oura Ko,,,,,,,,0,0,0,0,0,0,1,0,1947-04-17,,0,8491614,,,,,,,,,,,,,,,
414417,0006000,1,佐賀県,サガケン,Saga,藤津郡,フジツグン,Fujitsu-gun,太良町,タラチョウ,Tara-cho,,,,大字大浦丁,オオアザオオウラテイ,Oura Tei,,,,,,,,0,0,0,0,0,0,1,0,1947-04-17,,0,8491612,,,,,,,,,,,,,,,
414417,0007000,1,佐賀県,サガケン,Saga,藤津郡,フジツグン,Fujitsu-gun,太良町,タラチョウ,Tara-cho,,,,大字大浦丙,オオアザオオウラヘイ,Oura Hei,,,,,,,,0,0,0,0,0,0,1,0,1947-04-17,,0,8491613,,,,,,,,,,,,,,,
414417,0008000,1,佐賀県,サガケン,Saga,藤津郡,フジツグン,Fujitsu-gun,太良町,タラチョウ,Tara-cho,,,,大字大浦戊,オオアザオオウラボ,Oura Bo,,,,,,,,0,0,0,0,0,0,1,0,1947-04-17,,0,8491611,,,,,,,,,,,,,,,
414417,0009000,1,佐賀県,サガケン,Saga,藤津郡,フジツグン,Fujitsu-gun,太良町,タラチョウ,Tara-cho,,,,大字多良,オオアザタラ,Tara,,,,,,,,0,0,0,0,0,0,1,1,1947-04-17,,0,8491602,,,,,,,,,,,,,,,
414417,0010000,1,佐賀県,サガケン,Saga,藤津郡,フジツグン,Fujitsu-gun,太良町,タラチョウ,Tara-cho,,,,大字伊福,オオアザイフク,,,,,,,,,0,0,0,0,0,0,1,1,1947-04-17,,0,,,,,,,,,,,,,,,,
414417,0011000,1,佐賀県,サガケン,Saga,藤津郡,フジツグン,Fujitsu-gun,太良町,タラチョウ,Tara-cho,,,,大字大浦,オオアザオオウラ,,,,,,,,,0,0,0,0,0,0,1,1,1947-04-17,,0,,,,,,,,,,,,,,,,
