lg_code,machiaza_id,machiaza_type,pref,pref_kana,pref_roma,county,county_kana,county_roma,city,city_kana,city_roma,ward,ward_kana,ward_roma,oaza_cho,oaza_cho_kana,oaza_cho_roma,chome,chome_kana,chome_number,koaza,koaza_kana,koaza_roma,machiaza_dist,rsdt_addr_flg,rsdt_addr_mtd_code,oaza_cho_aka_flg,koaza_aka_code,oaza_cho_gsi_uncmn,koaza_gsi_uncmn,status_flg,wake_num_flg,efct_date,ablt_date,src_code,post_code,oaza_cho_uncmn_reg,oaza_cho_uncmn_mj,oaza_cho_uncmn_type,oaza_cho_uncmn_code,koaza_uncmn_reg,koaza_uncmn_mj,koaza_uncmn_type,koaza_uncmn_code,alias_oaza,alias_oaza_kana,alias_oaza_roma,alias_koaza,alias_koaza_kana,alias_koaza_roma,remarks
341011,0001000,1,広島県,ヒロシマケン,Hiroshima,,,,広島市,ヒロシマシ,Hiroshima-shi,中区,ナカク,Naka-ku,榎町,エノマチ,Enomachi,,,,,,,,1,1,0,0,0,0,1,1,1947-04-17,,0,7300851,,,,,,,,,,,,,,,
341011,0002000,1,広島県,ヒロシマケン,Hiroshima,,,,広島市,ヒロシマシ,Hiroshima-shi,中区,ナカク,Naka-ku,江波沖町,エバオキマチ,Eba Okimachi,,,,,,,,1,1,0,0,0,0,1,1,1947-04-17,,0,7300837,,,,,,,,,,,,,,,
341011,0003000,1,広島県,ヒロシマケン,Hiroshima,,,,広島市,ヒロシマシ,Hiroshima-shi,中区,ナカク,Naka-ku,江波栄町,エバサカエマチ,Eba Sakaemachi,,,,,,,,1,1,0,0,0,0,1,1,1947-04-17,,0,7300836,,,,,,,,,,,,,,,
341011,0004001,2,広島県,ヒロシマケン,Hiroshima,,,,広島市,ヒロシマシ,Hiroshima-shi,中区,ナカク,Naka-ku,江波西,エバニシ,Eba Nishi,一丁目,１チョウメ,1,,,,,1,1,0,0,0,0,1,1,1947-04-17,,0,,,,,,,,,,,,,,,,
341011,0004002,2,広島県,ヒロシマケン,Hiroshima,,,,広島市,ヒロシマシ,Hiroshima-shi,中区,ナカク,Naka-ku,江波西,エバニシ,Eba Nishi,二丁目,２チョウメ,2,,,,,1,1,0,0,0,0,1,1,1947-04-17,,0,,,,,,,,,,,,,,,,
341011,0005001,2,広島県,ヒロシマケン,Hiroshima,,,,広島市,ヒロシマシ,Hiroshima-shi,中区,ナカク,Naka-ku,江波二本松,エバニホンマツ,Eba Nihommatsu,一丁目,１チョウメ,1,,,,,1,1,0,0,0,0,1,1,1947-04-17,,0,,,,,,,,,,,,,,,,
341011,0005002,2,広島県,ヒロシマケン,Hiroshima,,,,広島市,ヒロシマシ,Hiroshima-shi,中区,ナカク,Naka-ku,江波二本松,エバニホンマツ,Eba Nihommatsu,二丁目,２チョウメ,2,,,,,1,1,0,0,0,0,1,1,1947-04-17,,0,,,,,,,,,,,,,,,,
341011,0006001,2,広島県,ヒロシマケン,Hiroshima,,,,広島市,ヒロシマシ,Hiroshima-shi,中区,ナカク,Naka-ku,江波東,エバヒガシ,Eba Higashi,一丁目,１チョウメ,1,,,,,1,1,0,0,0,0,1,1,1947-04-17,,0,,,,,,,,,,,,,,,,
341011,0006002,2,広島県,ヒロシマケン,Hiroshima,,,,広島市,ヒロシマシ,Hiroshima-shi,中区,ナカク,Naka-ku,江波東,エバヒガシ,Eba Higashi,二丁目,２チョウメ,2,,,,,1,1,0,0,0,0,1,1,1947-04-17,,0,,,,,,,,,,,,,,,,
341011,0007000,1,広島県,ヒロシマケン,Hiroshima,,,,広島市,ヒロシマシ,Hiroshima-shi,中区,ナカク,Naka-ku,江波本町,エバホンマチ,Eba Hommachi,,,,,,,,1,1,0,0,0,0,1,1,1947-04-17,,0,7300833,,,,,,,,,,,,,,,
341011,0008001,2,広島県,ヒロシマケン,Hiroshima,,,,広島市,ヒロシマシ,Hiroshima-shi,中区,ナカク,Naka-ku,江波南,エバミナミ,Eba Minami,一丁目,１チョウメ,1,,,,,1,1,0,0,0,0,1,1,1947-04-17,,0,,,,,,,,,,,,,,,,
341011,0008002,2,広島県,ヒロシマケン,Hiroshima,,,,広島市,ヒロシマシ,Hiroshima-shi,中区,ナカク,Naka-ku,江波南,エバミナミ,Eba Minami,二丁目,２チョウメ,2,,,,,1,1,0,0,0,0,1,1,1947-04-17,,0,,,,,,,,,,,,,,,,
341011,0008003,2,広島県,ヒロシマケン,Hiroshima,,,,広島市,ヒロシマシ,Hiroshima-shi,中区,ナカク,Naka-ku,江波南,エバミナミ,Eba Minami,三丁目,３チョウメ,3,,,,,1,1,0,0,0,0,1,1,1947-04-17,,0,,,,,,,,,,,,,,,,
341011,0009000,1,広島県,ヒロシマケン,Hiroshima,,,,広島市,ヒロシマシ,Hiroshima-shi,中区,ナカク,Naka-ku,胡町,エビスチョウ,Ebisucho,,,,,,,,1,1,0,0,0,0,1,1,1947-04-17,,0,7300021,,,,,,,,,,,,,,,
341011,0010001,2,広島県,ヒロシマケン,Hiroshima,,,,広島市,ヒロシマシ,Hiroshima-shi,中区,ナカク,Naka-ku,大手町,オオテマチ,Otemachi,一丁目,１チョウメ,1,,,,,1,1,0,0,0,0,1,1,1947-04-17,,0,,,,,,,,,,,,,,,,
341011,0010002,2,広島県,ヒロシマケン,Hiroshima,,,,広島市,ヒロシマシ,Hiroshima-shi,中区,ナカク,Naka-ku,大手町,オオテマチ,Otemachi,二丁目,２チョウメ,2,,,,,1,1,0,0,0,0,1,1,1947-04-17,,0,,,,,,,,,,,,,,,,
341011,0010003,2,広島県,ヒロシマケン,Hiroshima,,,,広島市,ヒロシマシ,Hiroshima-shi,中区,ナカク,Naka-ku,大手町,オオテマチ,Otemachi,三丁目,３チョウメ,3,,,,,1,1,0,0,0,0,1,1,1947-04-17,,0,,,,,,,,,,,,,,,,
341011,0010004,2,広島県,ヒロシマケン,Hiroshima,,,,広島市,ヒロシマシ,Hiroshima-shi,中区,ナカク,Naka-ku,大手町,オオテマチ,Otemachi,四丁目,４チョウメ,4,,,,,1,1,0,0,0,0,1,1,1947-04-17,,0,,,,,,,,,,,,,,,,
341011,0010005,2,広島県,ヒロシマケン,Hiroshima,,,,広島市,ヒロシマシ,Hiroshima-shi,中区,ナカク,Naka-ku,大手町,オオテマチ,Otemachi,五丁目,５チョウメ,5,,,,,1,1,0,0,0,0,1,1,1947-04-17,,0,,,,,,,,,,,,,,,,
341011,0011000,1,広島県,ヒロシマケン,Hiroshima,,,,広島市,ヒロシマシ,Hiroshima-shi,中区,ナカク,Naka-ku,加古町,カコマチ,Kakomachi,,,,,,,,1,1,0,0,0,0,1,1,1947-04-17,,0,7300812,,,,,,,,,,,,,,,
341011,0012000,1,広島県,ヒロシマケン,Hiroshima,,,,広島市,ヒロシマシ,Hiroshima-shi,中区,ナカク,Naka-ku,銀山町,カナヤマチョウ,Kanayamacho,,,,,,,,1,1,0,0,0,0,1,1,1947-04-17,,0,7300022,,,,,,,,,,,,,,,
341011,0013000,1,広島県,ヒロシマケン,Hiroshima,,,,広島市,ヒロシマシ,Hiroshima-shi,中区,ナカク,Naka-ku,上幟町,カミノボリチョウ,Kaminoboricho,,,,,,,,1,1,0,0,0,0,1,1,1947-04-17,,0,7300014,,,,,,,,,,,,,,,
341011,0014000,1,広島県,ヒロシマケン,Hiroshima,,,,広島市,ヒロシマシ,Hiroshima-shi,中区,ナカク,Naka-ku,上八丁堀,カミハッチョウボリ,Kamihatchobori,,,,,,,,1,1,0,0,0,0,1,1,1947-04-17,,0,7300012,,,,,,,,,,,,,,,
341011,0015001,2,広島県,ヒロシマケン,Hiroshima,,,,広島市,ヒロシマシ,Hiroshima-shi,中区,ナカク,Naka-ku,紙屋町,カミヤチョウ,Kamiyacho,一丁目,１チョウメ,1,,,,,1,1,0,0,0,0,1,1,1947-04-17,,0,,,,,,,,,,,,,,,,
341011,0015002,2,広島県,ヒロシマケン,Hiroshima,,,,広島市,ヒロシマシ,Hiroshima-shi,中区,ナカク,Naka-ku,紙屋町,カミヤチョウ,Kamiyacho,二丁目,２チョウメ,2,,,,,1,1,0,0,0,0,1,1,1947-04-17,,0,,,,,,,,,,,,,,,,
341011,0016000,1,広島県,ヒロシマケン,Hiroshima,,,,広島市,ヒロシマシ,Hiroshima-shi,中区,ナカク,Naka-ku,河原町,カワラマチ,Kawaramachi,,,,,,,,1,1,0,0,0,0,1,1,1947-04-17,,0,7300856,,,,,,,,,,,,,,,
341011,0017000,1,広島県,ヒロシマケン,Hiroshima,,,,広島市,ヒロシマシ,Hiroshima-shi,中区,ナカク,Naka-ku,小網町,コアミチョウ,Koamicho,,,,,,,,1,1,0,0,0,0,1,1,1947-04-17,,0,7300855,,,,,,,,,,,,,,,
341011,0018001,2,広島県,ヒロシマケン,Hiroshima,,,,広島市,ヒロシマシ,Hiroshima-shi,中区,ナカク,Naka-ku,光南,コウナン,Konan,一丁目,１チョウメ,1,,,,,1,1,0,0,0,0,1,1,1947-04-17,,0,,,,,,,,,,,,,,,,
341011,0018002,2,広島県,ヒロシマケン,Hiroshima,,,,広島市,ヒロシマシ,Hiroshima-shi,中区,ナカク,Naka-ku,光南,コウナン,Konan,二丁目,２チョウメ,2,,,,,1,1,0,0,0,0,1,1,1947-04-17,,0,,,,,,,,,,,,,,,,
341011,0018003,2,広島県,ヒロシマケン,Hiroshima,,,,広島市,ヒロシマシ,Hiroshima-shi,中区,ナカク,Naka-ku,光南,コウナン,Konan,三丁目,３チョウメ,3,,,,,1,1,0,0,0,0,1,1,1947-04-17,,0,,,,,,,,,,,,,,,,
341011,0018004,2,広島県,ヒロシマケン,Hiroshima,,,,広島市,ヒロシマシ,Hiroshima-shi,中区,ナカク,Naka-ku,光南,コウナン,Konan,四丁目,４チョウメ,4,,,,,1,1,0,0,0,0,1,1,1947-04-17,,0,,,,,,,,,,,,,,,,
341011,0018005,2,広島県,ヒロシマケン,Hiroshima,,,,広島市,ヒロシマシ,Hiroshima-shi,中区,ナカク,Naka-ku,光南,コウナン,Konan,五丁目,５チョウメ,5,,,,,1,1,0,0,0,0,1,1,1947-04-17,,0,,,,,,,,,,,,,,,,
341011,0018006,2,広島県,ヒロシマケン,Hiroshima,,,,広島市,ヒロシマシ,Hiroshima-shi,中区,ナカク,Naka-ku,光南,コウナン,Konan,六丁目,６チョウメ,6,,,,,1,1,0,0,0,0,1,1,1947-04-17,,0,,,,,,,,,,,,,,,,
341011,0019001,2,広島県,ヒロシマケン,Hiroshima,,,,広島市,ヒロシマシ,Hiroshima-shi,中区,ナカク,Naka-ku,国泰寺町,コクタイジマチ,Kokutaijimachi,一丁目,１チョウメ,1,,,,,1,1,0,0,0,0,1,1,1947-04-17,,0,,,,,,,,,,,,,,,,
341011,0019002,2,広島県,ヒロシマケン,Hiroshima,,,,広島市,ヒロシマシ,Hiroshima-shi,中区,ナカク,Naka-ku,国泰寺町,コクタイジマチ,Kokutaijimachi,二丁目,２チョウメ,2,,,,,1,1,0,0,0,0,1,1,1947-04-17,,0,,,,,,,,,,,,,,,,
341011,0020000,1,広島県,ヒロシマケン,Hiroshima,,,,広島市,ヒロシマシ,Hiroshima-shi,中区,ナカク,Naka-ku,小町,コマチ,Komachi,,,,,,,,1,1,0,0,0,0,1,1,1947-04-17,,0,7300041,,,,,,,,,,,,,,,
341011,0021001,2,広島県,ヒロシマケン,Hiroshima,,,,広島市,ヒロシマシ,Hiroshima-shi,中区,ナカク,Naka-ku,堺町,サカイマチ,Sakaimachi,一丁目,１チョウメ,1,,,,,1,1,0,0,0,0,1,1,1947-04-17,,0,,,,,,,,,,,,,,,,
341011,0021002,2,広島県,ヒロシマケン,Hiroshima,,,,広島市,ヒロシマシ,Hiroshima-shi,中区,ナカク,Naka-ku,堺町,サカイマチ,Sakaimachi,二丁目,２チョウメ,2,,,,,1,1,0,0,0,0,1,1,1947-04-17,,0,,,,,,,,,,,,,,,,
341011,0022000,1,広島県,ヒロシマケン,Hiroshima,,,,広島市,ヒロシマシ,Hiroshima-shi,中区,ナカク,Naka-ku,昭和町,ショウワマチ,Showamachi,,,,,,,,1,1,0,0,0,0,1,1,1947-04-17,,0,7300046,,,,,,,,,,,,,,,
341011,0023000,1,広島県,ヒロシマケン,Hiroshima,,,,広島市,ヒロシマシ,Hiroshima-shi,中区,ナカク,Naka-ku,新天地,シンテンチ,Shintenchi,,,,,,,,1,1,0,0,0,0,1,1,1947-04-17,,0,7300034,,,,,,,,,,,,,,,
341011,0024000,1,広島県,ヒロシマケン,Hiroshima,,,,広島市,ヒロシマシ,Hiroshima-shi,中区,ナカク,Naka-ku,住吉町,スミヨシチョウ,Sumiyoshicho,,,,,,,,1,1,0,0,0,0,1,1,1947-04-17,,0,7300813,,,,,,,,,,,,,,,
341011,0025001,2,広島県,ヒロシマケン,Hiroshima,,,,広島市,ヒロシマシ,Hiroshima-shi,中区,ナカク,Naka-ku,千田町,センダマチ,Sendamachi,一丁目,１チョウメ,1,,,,,1,1,0,0,0,0,1,1,1947-04-17,,0,,,,,,,,,,,,,,,,
341011,0025002,2,広島県,ヒロシマケン,Hiroshima,,,,広島市,ヒロシマシ,Hiroshima-shi,中区,ナカク,Naka-ku,千田町,センダマチ,Sendamachi,二丁目,２チョウメ,2,,,,,1,1,0,0,0,0,1,1,1947-04-17,,0,,,,,,,,,,,,,,,,
341011,0025003,2,広島県,ヒロシマケン,Hiroshima,,,,広島市,ヒロシマシ,Hiroshima-shi,中区,ナカク,Naka-ku,千田町,センダマチ,Sendamachi,三丁目,３チョウメ,3,,,,,1,1,0,0,0,0,1,1,1947-04-17,,0,,,,,,,,,,,,,,,,
341011,0026000,1,広島県,ヒロシマケン,Hiroshima,,,,広島市,ヒロシマシ,Hiroshima-shi,中区,ナカク,Naka-ku,宝町,タカラマチ,Takaramachi,,,,,,,,1,1,0,0,0,0,1,1,1947-04-17,,0,7300044,,,,,,,,,,,,,,,
341011,0027000,1,広島県,ヒロシマケン,Hiroshima,,,,広島市,ヒロシマシ,Hiroshima-shi,中区,ナカク,Naka-ku,竹屋町,タケヤチョウ,Takeyacho,,,,,,,,1,1,0,0,0,0,1,1,1947-04-17,,0,7300048,,,,,,,,,,,,,,,
341011,0028000,1,広島県,ヒロシマケン,Hiroshima,,,,広島市,ヒロシマシ,Hiroshima-shi,中区,ナカク,Naka-ku,立町,タテマチ,Tatemachi,,,,,,,,1,1,0,0,0,0,1,1,1947-04-17,,0,7300032,,,,,,,,,,,,,,,
341011,0029000,1,広島県,ヒロシマケン,Hiroshima,,,,広島市,ヒロシマシ,Hiroshima-shi,中区,ナカク,Naka-ku,田中町,タナカマチ,Tanakamachi,,,,,,,,1,1,0,0,0,0,1,1,1947-04-17,,0,7300026,,,,,,,,,,,,,,,
341011,0030000,1,広島県,ヒロシマケン,Hiroshima,,,,広島市,ヒロシマシ,Hiroshima-shi,中区,ナカク,Naka-ku,鶴見町,ツルミチョウ,Tsurumicho,,,,,,,,1,1,0,0,0,0,1,1,1947-04-17,,0,7300045,,,,,,,,,,,,,,,
341011,0031000,1,広島県,ヒロシマケン,Hiroshima,,,,広島市,ヒロシマシ,Hiroshima-shi,中区,ナカク,Naka-ku,鉄砲町,テッポウチョウ,Teppocho,,,,,,,,1,1,0,0,0,0,1,1,1947-04-17,,0,7300017,,,,,,,,,,,,,,,
341011,0032000,1,広島県,ヒロシマケン,Hiroshima,,,,広島市,ヒロシマシ,Hiroshima-shi,中区,ナカク,Naka-ku,寺町,テラマチ,Teramachi,,,,,,,,1,1,0,0,0,0,1,1,1947-04-17,,0,7300801,,,,,,,,,,,,,,,
341011,0033001,2,広島県,ヒロシマケン,Hiroshima,,,,広島市,ヒロシマシ,Hiroshima-shi,中区,ナカク,Naka-ku,十日市町,トウカイチマチ,Tokaichimachi,一丁目,１チョウメ,1,,,,,1,1,0,0,0,0,1,1,1947-04-17,,0,,,,,,,,,,,,,,,,
341011,0033002,2,広島県,ヒロシマケン,Hiroshima,,,,広島市,ヒロシマシ,Hiroshima-shi,中区,ナカク,Naka-ku,十日市町,トウカイチマチ,Tokaichimachi,二丁目,２チョウメ,2,,,,,1,1,0,0,0,0,1,1,1947-04-17,,0,,,,,,,,,,,,,,,,
341011,0034000,1,広島県,ヒロシマケン,Hiroshima,,,,広島市,ヒロシマシ,Hiroshima-shi,中区,ナカク,Naka-ku,土橋町,ドハシチョウ,Dohashicho,,,,,,,,1,1,0,0,0,0,1,1,1947-04-17,,0,7300854,,,,,,,,,,,,,,,
341011,0035000,1,広島県,ヒロシマケン,Hiroshima,,,,広島市,ヒロシマシ,Hiroshima-shi,中区,ナカク,Naka-ku,中島町,ナカジマチョウ,Nakajimacho,,,,,,,,1,1,0,0,0,0,1,1,1947-04-17,,0,7300811,,,,,,,,,,,,,,,
341011,0036000,1,広島県,ヒロシマケン,Hiroshima,,,,広島市,ヒロシマシ,Hiroshima-shi,中区,ナカク,Naka-ku,中町,ナカマチ,Nakamachi,,,,,,,,1,1,0,0,0,0,1,1,1947-04-17,,0,7300037,,,,,,,,,,,,,,,
341011,0037000,1,広島県,ヒロシマケン,Hiroshima,,,,広島市,ヒロシマシ,Hiroshima-shi,中区,ナカク,Naka-ku,流川町,ナガレカワチョウ,Nagarekawacho,,,,,,,,1,1,0,0,0,0,1,1,1947-04-17,,0,7300028,,,,,,,,,,,,,,,
341011,0038000,1,広島県,ヒロシマケン,Hiroshima,,,,広島市,ヒロシマシ,Hiroshima-shi,中区,ナカク,Naka-ku,西川口町,ニシカワグチチョウ,Nishikawaguchicho,,,,,,,,1,1,0,0,0,0,1,1,1947-04-17,,0,7300846,,,,,,,,,,,,,,,
341011,0039000,1,広島県,ヒロシマケン,Hiroshima,,,,広島市,ヒロシマシ,Hiroshima-shi,中区,ナカク,Naka-ku,西十日市町,ニシトウカイチマチ,Nishitokaichimachi,,,,,,,,1,1,0,0,0,0,1,1,1947-04-17,,0,7300806,,,,,,,,,,,,,,,
341011,0040000,1,広島県,ヒロシマケン,Hiroshima,,,,広島市,ヒロシマシ,Hiroshima-shi,中区,ナカク,Naka-ku,西白島町,ニシハクシマチョウ,Nishihakushimacho,,,,,,,,1,1,0,0,0,0,1,1,1947-04-17,,0,7300005,,,,,,,,,,,,,,,
341011,0041000,1,広島県,ヒロシマケン,Hiroshima,,,,広島市,ヒロシマシ,Hiroshima-shi,中区,ナカク,Naka-ku,西平塚町,ニシヒラツカチョウ,Nishihiratsukacho,,,,,,,,1,1,0,0,0,0,1,1,1947-04-17,,0,7300024,,,,,,,,,,,,,,,
341011,0042000,1,広島県,ヒロシマケン,Hiroshima,,,,広島市,ヒロシマシ,Hiroshima-shi,中区,ナカク,Naka-ku,猫屋町,ネコヤチョウ,Nekoyacho,,,,,,,,1,1,0,0,0,0,1,1,1947-04-17,,0,7300852,,,,,,,,,,,,,,,
341011,0043000,1,広島県,ヒロシマケン,Hiroshima,,,,広島市,ヒロシマシ,Hiroshima-shi,中区,ナカク,Naka-ku,幟町,ノボリチョウ,Noboricho,,,,,,,,1,1,0,0,0,0,1,1,1947-04-17,,0,7300016,,,,,,,,,,,,,,,
341011,0044000,1,広島県,ヒロシマケン,Hiroshima,,,,広島市,ヒロシマシ,Hiroshima-shi,中区,ナカク,Naka-ku,白島北町,ハクシマキタマチ,Hakushima Kitamachi,,,,,,,,1,1,0,0,0,0,1,1,1947-04-17,,0,7300001,,,,,,,,,,,,,,,
341011,0045000,1,広島県,ヒロシマケン,Hiroshima,,,,広島市,ヒロシマシ,Hiroshima-shi,中区,ナカク,Naka-ku,白島九軒町,ハクシマクケンチョウ,Hakushima Kukencho,,,,,,,,1,1,0,0,0,0,1,1,1947-04-17,,0,7300003,,,,,,,,,,,,,,,
341011,0046000,1,広島県,ヒロシマケン,Hiroshima,,,,広島市,ヒロシマシ,Hiroshima-shi,中区,ナカク,Naka-ku,白島中町,ハクシマナカマチ,Hakushima Nakamachi,,,,,,,,1,1,0,0,0,0,1,1,1947-04-17,,0,7300002,,,,,,,,,,,,,,,
341011,0047000,1,広島県,ヒロシマケン,Hiroshima,,,,広島市,ヒロシマシ,Hiroshima-shi,中区,ナカク,Naka-ku,羽衣町,ハゴロモチョウ,Hagoromocho,,,,,,,,1,1,0,0,0,0,1,1,1947-04-17,,0,7300814,,,,,,,,,,,,,,,
341011,0048000,1,広島県,ヒロシマケン,Hiroshima,,,,広島市,ヒロシマシ,Hiroshima-shi,中区,ナカク,Naka-ku,橋本町,ハシモトチョウ,Hashimotocho,,,,,,,,1,1,0,0,0,0,1,1,1947-04-17,,0,7300015,,,,,,,,,,,,,,,
341011,0049000,1,広島県,ヒロシマケン,Hiroshima,,,,広島市,ヒロシマシ,Hiroshima-shi,中区,ナカク,Naka-ku,八丁堀,ハッチョウボリ,Hatchobori,,,,,,,,1,1,0,0,0,0,1,1,1947-04-17,,0,7300013,,,,,,,,,,,,,,,
341011,0050001,2,広島県,ヒロシマケン,Hiroshima,,,,広島市,ヒロシマシ,Hiroshima-shi,中区,ナカク,Naka-ku,東千田町,ヒガシセンダマチ,Higashisendamachi,一丁目,１チョウメ,1,,,,,1,1,0,0,0,0,1,1,1947-04-17,,0,,,,,,,,,,,,,,,,
341011,0050002,2,広島県,ヒロシマケン,Hiroshima,,,,広島市,ヒロシマシ,Hiroshima-shi,中区,ナカク,Naka-ku,東千田町,ヒガシセンダマチ,Higashisendamachi,二丁目,２チョウメ,2,,,,,1,1,0,0,0,0,1,1,1947-04-17,,0,,,,,,,,,,,,,,,,
341011,0051000,1,広島県,ヒロシマケン,Hiroshima,,,,広島市,ヒロシマシ,Hiroshima-shi,中区,ナカク,Naka-ku,東白島町,ヒガシハクシマチョウ,Higashihakushimacho,,,,,,,,1,1,0,0,0,0,1,1,1947-04-17,,0,7300004,,,,,,,,,,,,,,,
341011,0052000,1,広島県,ヒロシマケン,Hiroshima,,,,広島市,ヒロシマシ,Hiroshima-shi,中区,ナカク,Naka-ku,東平塚町,ヒガシヒラツカチョウ,Higashihiratsukacho,,,,,,,,1,1,0,0,0,0,1,1,1947-04-17,,0,7300025,,,,,,,,,,,,,,,
341011,0053000,1,広島県,ヒロシマケン,Hiroshima,,,,広島市,ヒロシマシ,Hiroshima-shi,中区,ナカク,Naka-ku,平野町,ヒラノマチ,Hiranomachi,,,,,,,,1,1,0,0,0,0,1,1,1947-04-17,,0,7300047,,,,,,,,,,,,,,,
341011,0054000,1,広島県,ヒロシマケン,Hiroshima,,,,広島市,ヒロシマシ,Hiroshima-shi,中区,ナカク,Naka-ku,広瀬北町,ヒロセキタマチ,Hirosekitamachi,,,,,,,,1,1,0,0,0,0,1,1,1947-04-17,,0,7300803,,,,,,,,,,,,,,,
341011,0055000,1,広島県,ヒロシマケン,Hiroshima,,,,広島市,ヒロシマシ,Hiroshima-shi,中区,ナカク,Naka-ku,広瀬町,ヒロセマチ,Hirosemachi,,,,,,,,1,1,0,0,0,0,1,1,1947-04-17,,0,7300804,,,,,,,,,,,,,,,
341011,0056000,1,広島県,ヒロシマケン,Hiroshima,,,,広島市,ヒロシマシ,Hiroshima-shi,中区,ナカク,Naka-ku,袋町,フクロマチ,Fukuromachi,,,,,,,,1,1,0,0,0,0,1,1,1947-04-17,,0,7300036,,,,,,,,,,,,,,,
341011,0057000,1,広島県,ヒロシマケン,Hiroshima,,,,広島市,ヒロシマシ,Hiroshima-shi,中区,ナカク,Naka-ku,富士見町,フジミチョウ,Fujimicho,,,,,,,,1,1,0,0,0,0,1,1,1947-04-17,,0,7300043,,,,,,,,,,,,,,,
341011,0058000,1,広島県,ヒロシマケン,Hiroshima,,,,広島市,ヒロシマシ,Hiroshima-shi,中区,ナカク,Naka-ku,舟入川口町,フナイリカワグチチョウ,Funairi Kawaguchicho,,,,,,,,1,1,0,0,0,0,1,1,1947-04-17,,0,7300845,,,,,,,,,,,,,,,
341011,0059000,1,広島県,ヒロシマケン,Hiroshima,,,,広島市,ヒロシマシ,Hiroshima-shi,中区,ナカク,Naka-ku,舟入幸町,フナイリサイワイチョウ,Funairi Saiwaicho,,,,,,,,1,1,0,0,0,0,1,1,1947-04-17,,0,7300844,,,,,,,,,,,,,,,
341011,0060000,1,広島県,ヒロシマケン,Hiroshima,,,,広島市,ヒロシマシ,Hiroshima-shi,中区,ナカク,Naka-ku,舟入中町,フナイリナカマチ,Funairi Nakamachi,,,,,,,,1,1,0,0,0,0,1,1,1947-04-17,,0,7300842,,,,,,,,,,,,,,,
341011,0061000,1,広島県,ヒロシマケン,Hiroshima,,,,広島市,ヒロシマシ,Hiroshima-shi,中区,ナカク,Naka-ku,舟入本町,フナイリホンマチ,Funairi Hommachi,,,,,,,,1,1,0,0,0,0,1,1,1947-04-17,,0,7300843,,,,,,,,,,,,,,,
341011,0062000,1,広島県,ヒロシマケン,Hiroshima,,,,広島市,ヒロシマシ,Hiroshima-shi,中区,ナカク,Naka-ku,舟入町,フナイリマチ,Funairimachi,,,,,,,,1,1,0,0,0,0,1,1,1947-04-17,,0,7300841,,,,,,,,,,,,,,,
341011,0063001,2,広島県,ヒロシマケン,Hiroshima,,,,広島市,ヒロシマシ,Hiroshima-shi,中区,ナカク,Naka-ku,舟入南,フナイリミナミ,Funairi Minami,一丁目,１チョウメ,1,,,,,1,1,0,0,0,0,1,1,1947-04-17,,0,,,,,,,,,,,,,,,,
341011,0063002,2,広島県,ヒロシマケン,Hiroshima,,,,広島市,ヒロシマシ,Hiroshima-shi,中区,ナカク,Naka-ku,舟入南,フナイリミナミ,Funairi Minami,二丁目,２チョウメ,2,,,,,1,1,0,0,0,0,1,1,1947-04-17,,0,,,,,,,,,,,,,,,,
341011,0063003,2,広島県,ヒロシマケン,Hiroshima,,,,広島市,ヒロシマシ,Hiroshima-shi,中区,ナカク,Naka-ku,舟入南,フナイリミナミ,Funairi Minami,三丁目,３チョウメ,3,,,,,1,1,0,0,0,0,1,1,1947-04-17,,0,,,,,,,,,,,,,,,,
341011,0063004,2,広島県,ヒロシマケン,Hiroshima,,,,広島市,ヒロシマシ,Hiroshima-shi,中区,ナカク,Naka-ku,舟入南,フナイリミナミ,Funairi Minami,四丁目,４チョウメ,4,,,,,1,1,0,0,0,0,1,1,1947-04-17,,0,,,,,,,,,,,,,,,,
341011,0063005,2,広島県,ヒロシマケン,Hiroshima,,,,広島市,ヒロシマシ,Hiroshima-shi,中区,ナカク,Naka-ku,舟入南,フナイリミナミ,Funairi Minami,五丁目,５チョウメ,5,,,,,1,1,0,0,0,0,1,1,1947-04-17,,0,,,,,,,,,,,,,,,,
341011,0063006,2,広島県,ヒロシマケン,Hiroshima,,,,広島市,ヒロシマシ,Hiroshima-shi,中区,ナカク,Naka-ku,舟入南,フナイリミナミ,Funairi Minami,六丁目,６チョウメ,6,,,,,1,1,0,0,0,0,1,1,1947-04-17,,0,,,,,,,,,,,,,,,,
341011,0064000,1,広島県,ヒロシマケン,Hiroshima,,,,広島市,ヒロシマシ,Hiroshima-shi,中区,ナカク,Naka-ku,堀川町,ホリカワチョウ,Horikawacho,,,,,,,,1,1,0,0,0,0,1,1,1947-04-17,,0,7300033,,,,,,,,,,,,,,,
341011,0065001,2,広島県,ヒロシマケン,Hiroshima,,,,広島市,ヒロシマシ,Hiroshima-shi,中区,ナカク,Naka-ku,本川町,ホンカワチョウ,Honkawacho,一丁目,１チョウメ,1,,,,,1,1,0,0,0,0,1,1,1947-04-17,,0,,,,,,,,,,,,,,,,
341011,0065002,2,広島県,ヒロシマケン,Hiroshima,,,,広島市,ヒロシマシ,Hiroshima-shi,中区,ナカク,Naka-ku,本川町,ホンカワチョウ,Honkawacho,二丁目,２チョウメ,2,,,,,1,1,0,0,0,0,1,1,1947-04-17,,0,,,,,,,,,,,,,,,,
341011,0065003,2,広島県,ヒロシマケン,Hiroshima,,,,広島市,ヒロシマシ,Hiroshima-shi,中区,ナカク,Naka-ku,本川町,ホンカワチョウ,Honkawacho,三丁目,３チョウメ,3,,,,,1,1,0,0,0,0,1,1,1947-04-17,,0,,,,,,,,,,,,,,,,
341011,0066000,1,広島県,ヒロシマケン,Hiroshima,,,,広島市,ヒロシマシ,Hiroshima-shi,中区,ナカク,Naka-ku,本通,ホンドオリ,Hondori,,,,,,,,1,1,0,0,0,0,1,1,1947-04-17,,0,7300035,,,,,,,,,,,,,,,
341011,0067000,1,広島県,ヒロシマケン,Hiroshima,,,,広島市,ヒロシマシ,Hiroshima-shi,中区,ナカク,Naka-ku,三川町,ミカワチョウ,Mikawacho,,,,,,,,1,1,0,0,0,0,1,1,1947-04-17,,0,7300029,,,,,,,,,,,,,,,
341011,0068000,1,広島県,ヒロシマケン,Hiroshima,,,,広島市,ヒロシマシ,Hiroshima-shi,中区,ナカク,Naka-ku,南千田西町,ミナミセンダニシマチ,Minamisenda Nishimachi,,,,,,,,1,1,0,0,0,0,1,1,1947-04-17,,0,7300055,,,,,,,,,,,,,,,
341011,0069000,1,広島県,ヒロシマケン,Hiroshima,,,,広島市,ヒロシマシ,Hiroshima-shi,中区,ナカク,Naka-ku,南千田東町,ミナミセンダヒガシマチ,Minamisenda Higashimachi,,,,,,,,1,1,0,0,0,0,1,1,1947-04-17,,0,7300054,,,,,,,,,,,,,,,
341011,0070000,1,広島県,ヒロシマケン,Hiroshima,,,,広島市,ヒロシマシ,Hiroshima-shi,中区,ナカク,Naka-ku,南竹屋町,ミナミタケヤチョウ,Minamitakeyacho,,,,,,,,1,1,0,0,0,0,1,1,1947-04-17,,0,7300049,,,,,,,,,,,,,,,
341011,0071001,2,広島県,ヒロシマケン,Hiroshima,,,,広島市,ヒロシマシ,Hiroshima-shi,中区,ナカク,Naka-ku,南吉島,ミナミヨシジマ,Minamiyoshijima,一丁目,１チョウメ,1,,,,,1,1,0,0,0,0,1,1,1947-04-17,,0,,,,,,,,,,,,,,,,
341011,0071002,2,広島県,ヒロシマケン,Hiroshima,,,,広島市,ヒロシマシ,Hiroshima-shi,中区,ナカク,Naka-ku,南吉島,ミナミヨシジマ,Minamiyoshijima,二丁目,２チョウメ,2,,,,,1,1,0,0,0,0,1,1,1947-04-17,,0,,,,,,,,,,,,,,,,
341011,0072000,1,広島県,ヒロシマケン,Hiroshima,,,,広島市,ヒロシマシ,Hiroshima-shi,中区,ナカク,Naka-ku,基町,モトマチ,Motomachi,,,,,,,,1,1,0,0,0,0,1,1,1947-04-17,,0,7300011,,,,,,,,,,,,,,,
341011,0073000,1,広島県,ヒロシマケン,Hiroshima,,,,広島市,ヒロシマシ,Hiroshima-shi,中区,ナカク,Naka-ku,薬研堀,ヤゲンボリ,Yagembori,,,,,,,,1,1,0,0,0,0,1,1,1947-04-17,,0,7300027,,,,,,,,,,,,,,,
341011,0074000,1,広島県,ヒロシマケン,Hiroshima,,,,広島市,ヒロシマシ,Hiroshima-shi,中区,ナカク,Naka-ku,弥生町,ヤヨイチョウ,Yayoicho,,,,,,,,1,1,0,0,0,0,1,1,1947-04-17,,0,7300023,,,,,,,,,,,,,,,
341011,0075001,2,広島県,ヒロシマケン,Hiroshima,,,,広島市,ヒロシマシ,Hiroshima-shi,中区,ナカク,Naka-ku,吉島新町,ヨシジマシンマチ,Yoshijima Shimmachi,一丁目,１チョウメ,1,,,,,1,1,0,0,0,0,1,1,1947-04-17,,0,,,,,,,,,,,,,,,,
341011,0075002,2,広島県,ヒロシマケン,Hiroshima,,,,広島市,ヒロシマシ,Hiroshima-shi,中区,ナカク,Naka-ku,吉島新町,ヨシジマシンマチ,Yoshijima Shimmachi,二丁目,２チョウメ,2,,,,,1,1,0,0,0,0,1,1,1947-04-17,,0,,,,,,,,,,,,,,,,
341011,0076000,1,広島県,ヒロシマケン,Hiroshima,,,,広島市,ヒロシマシ,Hiroshima-shi,中区,ナカク,Naka-ku,吉島町,ヨシジマチョウ,Yoshijimacho,,,,,,,,1,1,0,0,0,0,1,1,1947-04-17,,0,7300821,,,,,,,,,,,,,,,
341011,0077001,2,広島県,ヒロシマケン,Hiroshima,,,,広島市,ヒロシマシ,Hiroshima-shi,中区,ナカク,Naka-ku,吉島西,ヨシジマニシ,Yoshijima Nishi,一丁目,１チョウメ,1,,,,,1,1,0,0,0,0,1,1,1947-04-17,,0,,,,,,,,,,,,,,,,
341011,0077002,2,広島県,ヒロシマケン,Hiroshima,,,,広島市,ヒロシマシ,Hiroshima-shi,中区,ナカク,Naka-ku,吉島西,ヨシジマニシ,Yoshijima Nishi,二丁目,２チョウメ,2,,,,,1,1,0,0,0,0,1,1,1947-04-17,,0,,,,,,,,,,,,,,,,
341011,0077003,2,広島県,ヒロシマケン,Hiroshima,,,,広島市,ヒロシマシ,Hiroshima-shi,中区,ナカク,Naka-ku,吉島西,ヨシジマニシ,Yoshijima Nishi,三丁目,３チョウメ,3,,,,,1,1,0,0,0,0,1,1,1947-04-17,,0,,,,,,,,,,,,,,,,
341011,0078001,2,広島県,ヒロシマケン,Hiroshima,,,,広島市,ヒロシマシ,Hiroshima-shi,中区,ナカク,Naka-ku,吉島東,ヨシジマヒガシ,Yoshijima Higashi,一丁目,１チョウメ,1,,,,,1,1,0,0,0,0,1,1,1947-04-17,,0,,,,,,,,,,,,,,,,
341011,0078002,2,広島県,ヒロシマケン,Hiroshima,,,,広島市,ヒロシマシ,Hiroshima-shi,中区,ナカク,Naka-ku,吉島東,ヨシジマヒガシ,Yoshijima Higashi,二丁目,２チョウメ,2,,,,,1,1,0,0,0,0,1,1,1947-04-17,,0,,,,,,,,,,,,,,,,
341011,0078003,2,広島県,ヒロシマケン,Hiroshima,,,,広島市,ヒロシマシ,Hiroshima-shi,中区,ナカク,Naka-ku,吉島東,ヨシジマヒガシ,Yoshijima Higashi,三丁目,３チョウメ,3,,,,,1,1,0,0,0,0,1,1,1947-04-17,,0,,,,,,,,,,,,,,,,
341029,0001001,2,広島県,ヒロシマケン,Hiroshima,,,,広島市,ヒロシマシ,Hiroshima-shi,東区,ヒガシク,Higashi-ku,曙,アケボノ,Akebono,一丁目,１チョウメ,1,,,,,1,1,0,0,0,0,1,1,1947-04-17,,0,,,MJ013448,,,,,,,,,,,,,
341029,0001002,2,広島県,ヒロシマケン,Hiroshima,,,,広島市,ヒロシマシ,Hiroshima-shi,東区,ヒガシク,Higashi-ku,曙,アケボノ,Akebono,二丁目,２チョウメ,2,,,,,1,1,0,0,0,0,1,1,1947-04-17,,0,,,MJ013448,,,,,,,,,,,,,
341029,0001003,2,広島県,ヒロシマケン,Hiroshima,,,,広島市,ヒロシマシ,Hiroshima-shi,東区,ヒガシク,Higashi-ku,曙,アケボノ,Akebono,三丁目,３チョウメ,3,,,,,1,1,0,0,0,0,1,1,1947-04-17,,0,,,MJ013448,,,,,,,,,,,,,
341029,0001004,2,広島県,ヒロシマケン,Hiroshima,,,,広島市,ヒロシマシ,Hiroshima-shi,東区,ヒガシク,Higashi-ku,曙,アケボノ,Akebono,四丁目,４チョウメ,4,,,,,1,1,0,0,0,0,1,1,1947-04-17,,0,,,MJ013448,,,,,,,,,,,,,
341029,0001005,2,広島県,ヒロシマケン,Hiroshima,,,,広島市,ヒロシマシ,Hiroshima-shi,東区,ヒガシク,Higashi-ku,曙,アケボノ,Akebono,五丁目,５チョウメ,5,,,,,1,1,0,0,0,0,1,1,1947-04-17,,0,,,MJ013448,,,,,,,,,,,,,
341029,0002000,1,広島県,ヒロシマケン,Hiroshima,,,,広島市,ヒロシマシ,Hiroshima-shi,東区,ヒガシク,Higashi-ku,愛宕町,アタゴマチ,Atagomachi,,,,,,,,1,1,0,0,0,0,1,1,1947-04-17,,0,7320054,,,,,,,,,,,,,,,
341029,0003001,2,広島県,ヒロシマケン,Hiroshima,,,,広島市,ヒロシマシ,Hiroshima-shi,東区,ヒガシク,Higashi-ku,牛田旭,ウシタアサヒ,Ushita Asahi,一丁目,１チョウメ,1,,,,,1,1,0,0,0,0,1,1,1947-04-17,,0,,,,,,,,,,,,,,,,
341029,0003002,2,広島県,ヒロシマケン,Hiroshima,,,,広島市,ヒロシマシ,Hiroshima-shi,東区,ヒガシク,Higashi-ku,牛田旭,ウシタアサヒ,Ushita Asahi,二丁目,２チョウメ,2,,,,,1,1,0,0,0,0,1,1,1947-04-17,,0,,,,,,,,,,,,,,,,
341029,0004001,2,広島県,ヒロシマケン,Hiroshima,,,,広島市,ヒロシマシ,Hiroshima-shi,東区,ヒガシク,Higashi-ku,牛田新町,ウシタシンマチ,Ushita Shimmachi,一丁目,１チョウメ,1,,,,,1,1,0,0,0,0,1,1,1947-04-17,,0,,,,,,,,,,,,,,,,
341029,0004002,2,広島県,ヒロシマケン,Hiroshima,,,,広島市,ヒロシマシ,Hiroshima-shi,東区,ヒガシク,Higashi-ku,牛田新町,ウシタシンマチ,Ushita Shimmachi,二丁目,２チョウメ,2,,,,,1,1,0,0,0,0,1,1,1947-04-17,,0,,,,,,,,,,,,,,,,
341029,0004003,2,広島県,ヒロシマケン,Hiroshima,,,,広島市,ヒロシマシ,Hiroshima-shi,東区,ヒガシク,Higashi-ku,牛田新町,ウシタシンマチ,Ushita Shimmachi,三丁目,３チョウメ,3,,,,,1,1,0,0,0,0,1,1,1947-04-17,,0,,,,,,,,,,,,,,,,
341029,0004004,2,広島県,ヒロシマケン,Hiroshima,,,,広島市,ヒロシマシ,Hiroshima-shi,東区,ヒガシク,Higashi-ku,牛田新町,ウシタシンマチ,Ushita Shimmachi,四丁目,４チョウメ,4,,,,,1,1,0,0,0,0,1,1,1947-04-17,,0,,,,,,,,,,,,,,,,
341029,0005001,2,広島県,ヒロシマケン,Hiroshima,,,,広島市,ヒロシマシ,Hiroshima-shi,東区,ヒガシク,Higashi-ku,牛田中,ウシタナカ,Ushita Naka,一丁目,１チョウメ,1,,,,,1,1,0,0,0,0,1,1,1947-04-17,,0,,,,,,,,,,,,,,,,
341029,0005002,2,広島県,ヒロシマケン,Hiroshima,,,,広島市,ヒロシマシ,Hiroshima-shi,東区,ヒガシク,Higashi-ku,牛田中,ウシタナカ,Ushita Naka,二丁目,２チョウメ,2,,,,,1,1,0,0,0,0,1,1,1947-04-17,,0,,,,,,,,,,,,,,,,
341029,0006001,2,広島県,ヒロシマケン,Hiroshima,,,,広島市,ヒロシマシ,Hiroshima-shi,東区,ヒガシク,Higashi-ku,牛田東,ウシタヒガシ,Ushita Higashi,一丁目,１チョウメ,1,,,,,1,1,0,0,0,0,1,1,1947-04-17,,0,,,,,,,,,,,,,,,,
341029,0006002,2,広島県,ヒロシマケン,Hiroshima,,,,広島市,ヒロシマシ,Hiroshima-shi,東区,ヒガシク,Higashi-ku,牛田東,ウシタヒガシ,Ushita Higashi,二丁目,２チョウメ,2,,,,,1,1,0,0,0,0,1,1,1947-04-17,,0,,,,,,,,,,,,,,,,
341029,0006003,2,広島県,ヒロシマケン,Hiroshima,,,,広島市,ヒロシマシ,Hiroshima-shi,東区,ヒガシク,Higashi-ku,牛田東,ウシタヒガシ,Ushita Higashi,三丁目,３チョウメ,3,,,,,1,1,0,0,0,0,1,1,1947-04-17,,0,,,,,,,,,,,,,,,,
341029,0006004,2,広島県,ヒロシマケン,Hiroshima,,,,広島市,ヒロシマシ,Hiroshima-shi,東区,ヒガシク,Higashi-ku,牛田東,ウシタヒガシ,Ushita Higashi,四丁目,４チョウメ,4,,,,,1,1,0,0,0,0,1,1,1947-04-17,,0,,,,,,,,,,,,,,,,
341029,0007001,2,広島県,ヒロシマケン,Hiroshima,,,,広島市,ヒロシマシ,Hiroshima-shi,東区,ヒガシク,Higashi-ku,牛田本町,ウシタホンマチ,Ushita Hommachi,一丁目,１チョウメ,1,,,,,1,1,0,0,0,0,1,1,1947-04-17,,0,,,,,,,,,,,,,,,,
341029,0007002,2,広島県,ヒロシマケン,Hiroshima,,,,広島市,ヒロシマシ,Hiroshima-shi,東区,ヒガシク,Higashi-ku,牛田本町,ウシタホンマチ,Ushita Hommachi,二丁目,２チョウメ,2,,,,,1,1,0,0,0,0,1,1,1947-04-17,,0,,,,,,,,,,,,,,,,
341029,0007003,2,広島県,ヒロシマケン,Hiroshima,,,,広島市,ヒロシマシ,Hiroshima-shi,東区,ヒガシク,Higashi-ku,牛田本町,ウシタホンマチ,Ushita Hommachi,三丁目,３チョウメ,3,,,,,1,1,0,0,0,0,1,1,1947-04-17,,0,,,,,,,,,,,,,,,,
341029,0007004,2,広島県,ヒロシマケン,Hiroshima,,,,広島市,ヒロシマシ,Hiroshima-shi,東区,ヒガシク,Higashi-ku,牛田本町,ウシタホンマチ,Ushita Hommachi,四丁目,４チョウメ,4,,,,,1,1,0,0,0,0,1,1,1947-04-17,,0,,,,,,,,,,,,,,,,
341029,0007005,2,広島県,ヒロシマケン,Hiroshima,,,,広島市,ヒロシマシ,Hiroshima-shi,東区,ヒガシク,Higashi-ku,牛田本町,ウシタホンマチ,Ushita Hommachi,五丁目,５チョウメ,5,,,,,1,1,0,0,0,0,1,1,1947-04-17,,0,,,,,,,,,,,,,,,,
341029,0007006,2,広島県,ヒロシマケン,Hiroshima,,,,広島市,ヒロシマシ,Hiroshima-shi,東区,ヒガシク,Higashi-ku,牛田本町,ウシタホンマチ,Ushita Hommachi,六丁目,６チョウメ,6,,,,,1,1,0,0,0,0,1,1,1947-04-17,,0,,,,,,,,,,,,,,,,
341029,0008001,2,広島県,ヒロシマケン,Hiroshima,,,,広島市,ヒロシマシ,Hiroshima-shi,東区,ヒガシク,Higashi-ku,牛田南,ウシタミナミ,Ushita Minami,一丁目,１チョウメ,1,,,,,1,1,0,0,0,0,1,1,1947-04-17,,0,,,,,,,,,,,,,,,,
341029,0008002,2,広島県,ヒロシマケン,Hiroshima,,,,広島市,ヒロシマシ,Hiroshima-shi,東区,ヒガシク,Higashi-ku,牛田南,ウシタミナミ,Ushita Minami,二丁目,２チョウメ,2,,,,,1,1,0,0,0,0,1,1,1947-04-17,,0,,,,,,,,,,,,,,,,
341029,0009000,1,広島県,ヒロシマケン,Hiroshima,,,,広島市,ヒロシマシ,Hiroshima-shi,東区,ヒガシク,Higashi-ku,牛田山,ウシタヤマ,Ushitayama,,,,,,,,1,1,0,0,0,0,1,1,1947-04-17,,0,7320061,,,,,,,,,,,,,,,
341029,0010001,2,広島県,ヒロシマケン,Hiroshima,,,,広島市,ヒロシマシ,Hiroshima-shi,東区,ヒガシク,Higashi-ku,牛田早稲田,ウシタワセダ,Ushita Waseda,一丁目,１チョウメ,1,,,,,1,1,0,0,0,0,1,1,1947-04-17,,0,,,,,,,,,,,,,,,,
341029,0010002,2,広島県,ヒロシマケン,Hiroshima,,,,広島市,ヒロシマシ,Hiroshima-shi,東区,ヒガシク,Higashi-ku,牛田早稲田,ウシタワセダ,Ushita Waseda,二丁目,２チョウメ,2,,,,,1,1,0,0,0,0,1,1,1947-04-17,,0,,,,,,,,,,,,,,,,
341029,0010003,2,広島県,ヒロシマケン,Hiroshima,,,,広島市,ヒロシマシ,Hiroshima-shi,東区,ヒガシク,Higashi-ku,牛田早稲田,ウシタワセダ,Ushita Waseda,三丁目,３チョウメ,3,,,,,1,1,0,0,0,0,1,1,1947-04-17,,0,,,,,,,,,,,,,,,,
341029,0010004,2,広島県,ヒロシマケン,Hiroshima,,,,広島市,ヒロシマシ,Hiroshima-shi,東区,ヒガシク,Higashi-ku,牛田早稲田,ウシタワセダ,Ushita Waseda,四丁目,４チョウメ,4,,,,,1,1,0,0,0,0,1,1,1947-04-17,,0,,,,,,,,,,,,,,,,
341029,0011001,2,広島県,ヒロシマケン,Hiroshima,,,,広島市,ヒロシマシ,Hiroshima-shi,東区,ヒガシク,Higashi-ku,馬木,ウマキ,Umaki,一丁目,１チョウメ,1,,,,,0,0,0,0,0,0,1,1,1947-04-17,,0,,,,,,,,,,,,,,,,
341029,0011002,2,広島県,ヒロシマケン,Hiroshima,,,,広島市,ヒロシマシ,Hiroshima-shi,東区,ヒガシク,Higashi-ku,馬木,ウマキ,Umaki,二丁目,２チョウメ,2,,,,,0,0,0,0,0,0,1,1,1947-04-17,,0,,,,,,,,,,,,,,,,
341029,0011003,2,広島県,ヒロシマケン,Hiroshima,,,,広島市,ヒロシマシ,Hiroshima-shi,東区,ヒガシク,Higashi-ku,馬木,ウマキ,Umaki,三丁目,３チョウメ,3,,,,,1,1,0,0,0,0,1,1,1947-04-17,,0,,,,,,,,,,,,,,,,
341029,0011004,2,広島県,ヒロシマケン,Hiroshima,,,,広島市,ヒロシマシ,Hiroshima-shi,東区,ヒガシク,Higashi-ku,馬木,ウマキ,Umaki,四丁目,４チョウメ,4,,,,,0,0,0,0,0,0,1,1,1947-04-17,,0,,,,,,,,,,,,,,,,
341029,0011005,2,広島県,ヒロシマケン,Hiroshima,,,,広島市,ヒロシマシ,Hiroshima-shi,東区,ヒガシク,Higashi-ku,馬木,ウマキ,Umaki,五丁目,５チョウメ,5,,,,,0,0,0,0,0,0,1,1,1947-04-17,,0,,,,,,,,,,,,,,,,
341029,0011006,2,広島県,ヒロシマケン,Hiroshima,,,,広島市,ヒロシマシ,Hiroshima-shi,東区,ヒガシク,Higashi-ku,馬木,ウマキ,Umaki,六丁目,６チョウメ,6,,,,,0,0,0,0,0,0,1,1,1947-04-17,,0,,,,,,,,,,,,,,,,
341029,0011007,2,広島県,ヒロシマケン,Hiroshima,,,,広島市,ヒロシマシ,Hiroshima-shi,東区,ヒガシク,Higashi-ku,馬木,ウマキ,Umaki,七丁目,７チョウメ,7,,,,,0,0,0,0,0,0,1,1,1947-04-17,,0,,,,,,,,,,,,,,,,
341029,0011008,2,広島県,ヒロシマケン,Hiroshima,,,,広島市,ヒロシマシ,Hiroshima-shi,東区,ヒガシク,Higashi-ku,馬木,ウマキ,Umaki,八丁目,８チョウメ,8,,,,,0,0,0,0,0,0,1,1,1947-04-17,,0,,,,,,,,,,,,,,,,
341029,0011009,2,広島県,ヒロシマケン,Hiroshima,,,,広島市,ヒロシマシ,Hiroshima-shi,東区,ヒガシク,Higashi-ku,馬木,ウマキ,Umaki,九丁目,９チョウメ,9,,,,,1,1,0,0,0,0,1,1,1947-04-17,,0,,,,,,,,,,,,,,,,
341029,0012000,1,広島県,ヒロシマケン,Hiroshima,,,,広島市,ヒロシマシ,Hiroshima-shi,東区,ヒガシク,Higashi-ku,馬木町,ウマキチョウ,Umakicho,,,,,,,,0,0,0,0,0,0,1,1,1947-04-17,,0,7320035,,,,,,,,,,,,,,,
341029,0013001,2,広島県,ヒロシマケン,Hiroshima,,,,広島市,ヒロシマシ,Hiroshima-shi,東区,ヒガシク,Higashi-ku,尾長西,オナガニシ,Onaga Nishi,一丁目,１チョウメ,1,,,,,1,1,0,0,0,0,1,1,1947-04-17,,0,,,,,,,,,,,,,,,,
341029,0013002,2,広島県,ヒロシマケン,Hiroshima,,,,広島市,ヒロシマシ,Hiroshima-shi,東区,ヒガシク,Higashi-ku,尾長西,オナガニシ,Onaga Nishi,二丁目,２チョウメ,2,,,,,1,1,0,0,0,0,1,1,1947-04-17,,0,,,,,,,,,,,,,,,,
341029,0014001,2,広島県,ヒロシマケン,Hiroshima,,,,広島市,ヒロシマシ,Hiroshima-shi,東区,ヒガシク,Higashi-ku,尾長東,オナガヒガシ,Onaga Higashi,一丁目,１チョウメ,1,,,,,1,1,0,0,0,0,1,1,1947-04-17,,0,,,,,,,,,,,,,,,,
341029,0014002,2,広島県,ヒロシマケン,Hiroshima,,,,広島市,ヒロシマシ,Hiroshima-shi,東区,ヒガシク,Higashi-ku,尾長東,オナガヒガシ,Onaga Higashi,二丁目,２チョウメ,2,,,,,1,1,0,0,0,0,1,1,1947-04-17,,0,,,,,,,,,,,,,,,,
341029,0014003,2,広島県,ヒロシマケン,Hiroshima,,,,広島市,ヒロシマシ,Hiroshima-shi,東区,ヒガシク,Higashi-ku,尾長東,オナガヒガシ,Onaga Higashi,三丁目,３チョウメ,3,,,,,1,1,0,0,0,0,1,1,1947-04-17,,0,,,,,,,,,,,,,,,,
341029,0015000,1,広島県,ヒロシマケン,Hiroshima,,,,広島市,ヒロシマシ,Hiroshima-shi,東区,ヒガシク,Higashi-ku,尾長町,オナガマチ,Onagamachi,,,,,,,,0,0,0,0,0,0,1,1,1947-04-17,,0,7320049,,,,,,,,,,,,,,,
341029,0016000,1,広島県,ヒロシマケン,Hiroshima,,,,広島市,ヒロシマシ,Hiroshima-shi,東区,ヒガシク,Higashi-ku,上大須賀町,カミオオスガチョウ,Kamiosugacho,,,,,,,,1,1,0,0,0,0,1,1,1947-04-17,,0,7320056,,,,,,,,,,,,,,,
341029,0017001,2,広島県,ヒロシマケン,Hiroshima,,,,広島市,ヒロシマシ,Hiroshima-shi,東区,ヒガシク,Higashi-ku,上温品,カミヌクシナ,Kaminukushina,一丁目,１チョウメ,1,,,,,1,1,0,0,0,0,1,1,1947-04-17,,0,,,,,,,,,,,,,,,,
341029,0017002,2,広島県,ヒロシマケン,Hiroshima,,,,広島市,ヒロシマシ,Hiroshima-shi,東区,ヒガシク,Higashi-ku,上温品,カミヌクシナ,Kaminukushina,二丁目,２チョウメ,2,,,,,1,1,0,0,0,0,1,1,1947-04-17,,0,,,,,,,,,,,,,,,,
341029,0017003,2,広島県,ヒロシマケン,Hiroshima,,,,広島市,ヒロシマシ,Hiroshima-shi,東区,ヒガシク,Higashi-ku,上温品,カミヌクシナ,Kaminukushina,三丁目,３チョウメ,3,,,,,1,1,0,0,0,0,1,1,1947-04-17,,0,,,,,,,,,,,,,,,,
341029,0017004,2,広島県,ヒロシマケン,Hiroshima,,,,広島市,ヒロシマシ,Hiroshima-shi,東区,ヒガシク,Higashi-ku,上温品,カミヌクシナ,Kaminukushina,四丁目,４チョウメ,4,,,,,1,1,0,0,0,0,1,1,1947-04-17,,0,,,,,,,,,,,,,,,,
341029,0018000,1,広島県,ヒロシマケン,Hiroshima,,,,広島市,ヒロシマシ,Hiroshima-shi,東区,ヒガシク,Higashi-ku,中山鏡が丘,ナカヤマカガミガオカ,Nakayama Kagamigaoka,,,,,,,,1,1,0,0,0,0,1,1,1947-04-17,,0,7320022,,,,,,,,,,,,,,,
341029,0019001,2,広島県,ヒロシマケン,Hiroshima,,,,広島市,ヒロシマシ,Hiroshima-shi,東区,ヒガシク,Higashi-ku,中山上,ナカヤマカミ,Nakayama Kami,一丁目,１チョウメ,1,,,,,1,1,0,0,0,0,1,1,1947-04-17,,0,,,,,,,,,,,,,,,,
341029,0019002,2,広島県,ヒロシマケン,Hiroshima,,,,広島市,ヒロシマシ,Hiroshima-shi,東区,ヒガシク,Higashi-ku,中山上,ナカヤマカミ,Nakayama Kami,二丁目,２チョウメ,2,,,,,1,1,0,0,0,0,1,1,1947-04-17,,0,,,,,,,,,,,,,,,,
341029,0020000,1,広島県,ヒロシマケン,Hiroshima,,,,広島市,ヒロシマシ,Hiroshima-shi,東区,ヒガシク,Higashi-ku,中山北町,ナカヤマキタマチ,Nakayama Kitamachi,,,,,,,,1,1,0,0,0,0,1,1,1947-04-17,,0,7320028,,,,,,,,,,,,,,,
341029,0021001,2,広島県,ヒロシマケン,Hiroshima,,,,広島市,ヒロシマシ,Hiroshima-shi,東区,ヒガシク,Higashi-ku,中山新町,ナカヤマシンマチ,Nakayama Shimmachi,一丁目,１チョウメ,1,,,,,1,1,0,0,0,0,1,1,1947-04-17,,0,,,,,,,,,,,,,,,,
341029,0021002,2,広島県,ヒロシマケン,Hiroshima,,,,広島市,ヒロシマシ,Hiroshima-shi,東区,ヒガシク,Higashi-ku,中山新町,ナカヤマシンマチ,Nakayama Shimmachi,二丁目,２チョウメ,2,,,,,1,1,0,0,0,0,1,1,1947-04-17,,0,,,,,,,,,,,,,,,,
341029,0021003,2,広島県,ヒロシマケン,Hiroshima,,,,広島市,ヒロシマシ,Hiroshima-shi,東区,ヒガシク,Higashi-ku,中山新町,ナカヤマシンマチ,Nakayama Shimmachi,三丁目,３チョウメ,3,,,,,1,1,0,0,0,0,1,1,1947-04-17,,0,,,,,,,,,,,,,,,,
341029,0022000,1,広島県,ヒロシマケン,Hiroshima,,,,広島市,ヒロシマシ,Hiroshima-shi,東区,ヒガシク,Higashi-ku,中山中町,ナカヤマナカマチ,Nakayama Nakamachi,,,,,,,,1,1,0,0,0,0,1,1,1947-04-17,,0,7320026,,,,,,,,,,,,,,,
341029,0023001,2,広島県,ヒロシマケン,Hiroshima,,,,広島市,ヒロシマシ,Hiroshima-shi,東区,ヒガシク,Higashi-ku,中山西,ナカヤマニシ,Nakayama Nishi,一丁目,１チョウメ,1,,,,,1,1,0,0,0,0,1,1,1947-04-17,,0,,,,,,,,,,,,,,,,
341029,0023002,2,広島県,ヒロシマケン,Hiroshima,,,,広島市,ヒロシマシ,Hiroshima-shi,東区,ヒガシク,Higashi-ku,中山西,ナカヤマニシ,Nakayama Nishi,二丁目,２チョウメ,2,,,,,1,1,0,0,0,0,1,1,1947-04-17,,0,,,,,,,,,,,,,,,,
341029,0024001,2,広島県,ヒロシマケン,Hiroshima,,,,広島市,ヒロシマシ,Hiroshima-shi,東区,ヒガシク,Higashi-ku,中山東,ナカヤマヒガシ,Nakayama Higashi,一丁目,１チョウメ,1,,,,,1,1,0,0,0,0,1,1,1947-04-17,,0,,,,,,,,,,,,,,,,
341029,0024002,2,広島県,ヒロシマケン,Hiroshima,,,,広島市,ヒロシマシ,Hiroshima-shi,東区,ヒガシク,Higashi-ku,中山東,ナカヤマヒガシ,Nakayama Higashi,二丁目,２チョウメ,2,,,,,1,1,0,0,0,0,1,1,1947-04-17,,0,,,,,,,,,,,,,,,,
341029,0024003,2,広島県,ヒロシマケン,Hiroshima,,,,広島市,ヒロシマシ,Hiroshima-shi,東区,ヒガシク,Higashi-ku,中山東,ナカヤマヒガシ,Nakayama Higashi,三丁目,３チョウメ,3,,,,,1,1,0,0,0,0,1,1,1947-04-17,,0,,,,,,,,,,,,,,,,
341029,0025001,2,広島県,ヒロシマケン,Hiroshima,,,,広島市,ヒロシマシ,Hiroshima-shi,東区,ヒガシク,Higashi-ku,中山南,ナカヤマミナミ,Nakayama Minami,一丁目,１チョウメ,1,,,,,1,1,0,0,0,0,1,1,1947-04-17,,0,,,,,,,,,,,,,,,,
341029,0025002,2,広島県,ヒロシマケン,Hiroshima,,,,広島市,ヒロシマシ,Hiroshima-shi,東区,ヒガシク,Higashi-ku,中山南,ナカヤマミナミ,Nakayama Minami,二丁目,２チョウメ,2,,,,,1,1,0,0,0,0,1,1,1947-04-17,,0,,,,,,,,,,,,,,,,
341029,0026001,2,広島県,ヒロシマケン,Hiroshima,,,,広島市,ヒロシマシ,Hiroshima-shi,東区,ヒガシク,Higashi-ku,温品,ヌクシナ,Nukushina,一丁目,１チョウメ,1,,,,,1,1,0,0,0,0,1,1,1947-04-17,,0,,,,,,,,,,,,,,,,
341029,0026002,2,広島県,ヒロシマケン,Hiroshima,,,,広島市,ヒロシマシ,Hiroshima-shi,東区,ヒガシク,Higashi-ku,温品,ヌクシナ,Nukushina,二丁目,２チョウメ,2,,,,,1,1,0,0,0,0,1,1,1947-04-17,,0,,,,,,,,,,,,,,,,
341029,0026003,2,広島県,ヒロシマケン,Hiroshima,,,,広島市,ヒロシマシ,Hiroshima-shi,東区,ヒガシク,Higashi-ku,温品,ヌクシナ,Nukushina,三丁目,３チョウメ,3,,,,,1,1,0,0,0,0,1,1,1947-04-17,,0,,,,,,,,,,,,,,,,
341029,0026004,2,広島県,ヒロシマケン,Hiroshima,,,,広島市,ヒロシマシ,Hiroshima-shi,東区,ヒガシク,Higashi-ku,温品,ヌクシナ,Nukushina,四丁目,４チョウメ,4,,,,,1,1,0,0,0,0,1,1,1947-04-17,,0,,,,,,,,,,,,,,,,
341029,0026005,2,広島県,ヒロシマケン,Hiroshima,,,,広島市,ヒロシマシ,Hiroshima-shi,東区,ヒガシク,Higashi-ku,温品,ヌクシナ,Nukushina,五丁目,５チョウメ,5,,,,,1,1,0,0,0,0,1,1,1947-04-17,,0,,,,,,,,,,,,,,,,
341029,0026006,2,広島県,ヒロシマケン,Hiroshima,,,,広島市,ヒロシマシ,Hiroshima-shi,東区,ヒガシク,Higashi-ku,温品,ヌクシナ,Nukushina,六丁目,６チョウメ,6,,,,,1,1,0,0,0,0,1,1,1947-04-17,,0,,,,,,,,,,,,,,,,
341029,0026007,2,広島県,ヒロシマケン,Hiroshima,,,,広島市,ヒロシマシ,Hiroshima-shi,東区,ヒガシク,Higashi-ku,温品,ヌクシナ,Nukushina,七丁目,７チョウメ,7,,,,,1,1,0,0,0,0,1,1,1947-04-17,,0,,,,,,,,,,,,,,,,
341029,0026008,2,広島県,ヒロシマケン,Hiroshima,,,,広島市,ヒロシマシ,Hiroshima-shi,東区,ヒガシク,Higashi-ku,温品,ヌクシナ,Nukushina,八丁目,８チョウメ,8,,,,,1,1,0,0,0,0,1,1,1947-04-17,,0,,,,,,,,,,,,,,,,
341029,0027000,1,広島県,ヒロシマケン,Hiroshima,,,,広島市,ヒロシマシ,Hiroshima-shi,東区,ヒガシク,Higashi-ku,温品町,ヌクシナチョウ,Nukushinacho,,,,,,,,0,0,0,0,0,0,1,1,1947-04-17,,0,7320034,,,,,,,,,,,,,,,
341029,0028000,1,広島県,ヒロシマケン,Hiroshima,,,,広島市,ヒロシマシ,Hiroshima-shi,東区,ヒガシク,Higashi-ku,東蟹屋町,ヒガシカニヤチョウ,Higashikaniyacho,,,,,,,,1,1,0,0,0,0,1,1,1947-04-17,,0,7320055,,,,,,,,,,,,,,,
341029,0029000,1,広島県,ヒロシマケン,Hiroshima,,,,広島市,ヒロシマシ,Hiroshima-shi,東区,ヒガシク,Higashi-ku,東山町,ヒガシヤマチョウ,Higashiyamacho,,,,,,,,1,1,0,0,0,0,1,1,1947-04-17,,0,7320043,,,,,,,,,,,,,,,
341029,0030000,1,広島県,ヒロシマケン,Hiroshima,,,,広島市,ヒロシマシ,Hiroshima-shi,東区,ヒガシク,Higashi-ku,光が丘,ヒカリガオカ,Hikarigaoka,,,,,,,,1,1,0,0,0,0,1,1,1947-04-17,,0,7320051,,,,,,,,,,,,,,,
341029,0031001,2,広島県,ヒロシマケン,Hiroshima,,,,広島市,ヒロシマシ,Hiroshima-shi,東区,ヒガシク,Higashi-ku,光町,ヒカリマチ,Hikarimachi,一丁目,１チョウメ,1,,,,,1,1,0,0,0,0,1,1,1947-04-17,,0,,,,,,,,,,,,,,,,
341029,0031002,2,広島県,ヒロシマケン,Hiroshima,,,,広島市,ヒロシマシ,Hiroshima-shi,東区,ヒガシク,Higashi-ku,光町,ヒカリマチ,Hikarimachi,二丁目,２チョウメ,2,,,,,1,1,0,0,0,0,1,1,1947-04-17,,0,,,,,,,,,,,,,,,,
341029,0032001,2,広島県,ヒロシマケン,Hiroshima,,,,広島市,ヒロシマシ,Hiroshima-shi,東区,ヒガシク,Higashi-ku,福田,フクダ,Fukuda,一丁目,１チョウメ,1,,,,,0,0,0,0,0,0,1,1,1947-04-17,,0,,,,,,,,,,,,,,,,
341029,0032002,2,広島県,ヒロシマケン,Hiroshima,,,,広島市,ヒロシマシ,Hiroshima-shi,東区,ヒガシク,Higashi-ku,福田,フクダ,Fukuda,二丁目,２チョウメ,2,,,,,0,0,0,0,0,0,1,1,1947-04-17,,0,,,,,,,,,,,,,,,,
341029,0032003,2,広島県,ヒロシマケン,Hiroshima,,,,広島市,ヒロシマシ,Hiroshima-shi,東区,ヒガシク,Higashi-ku,福田,フクダ,Fukuda,三丁目,３チョウメ,3,,,,,1,1,0,0,0,0,1,1,1947-04-17,,0,,,,,,,,,,,,,,,,
341029,0032004,2,広島県,ヒロシマケン,Hiroshima,,,,広島市,ヒロシマシ,Hiroshima-shi,東区,ヒガシク,Higashi-ku,福田,フクダ,Fukuda,四丁目,４チョウメ,4,,,,,0,0,0,0,0,0,1,1,1947-04-17,,0,,,,,,,,,,,,,,,,
341029,0032005,2,広島県,ヒロシマケン,Hiroshima,,,,広島市,ヒロシマシ,Hiroshima-shi,東区,ヒガシク,Higashi-ku,福田,フクダ,Fukuda,五丁目,５チョウメ,5,,,,,0,0,0,0,0,0,1,1,1947-04-17,,0,,,,,,,,,,,,,,,,
341029,0032006,2,広島県,ヒロシマケン,Hiroshima,,,,広島市,ヒロシマシ,Hiroshima-shi,東区,ヒガシク,Higashi-ku,福田,フクダ,Fukuda,六丁目,６チョウメ,6,,,,,0,0,0,0,0,0,1,1,1947-04-17,,0,,,,,,,,,,,,,,,,
341029,0032007,2,広島県,ヒロシマケン,Hiroshima,,,,広島市,ヒロシマシ,Hiroshima-shi,東区,ヒガシク,Higashi-ku,福田,フクダ,Fukuda,七丁目,７チョウメ,7,,,,,1,1,0,0,0,0,1,1,1947-04-17,,0,,,,,,,,,,,,,,,,
341029,0032008,2,広島県,ヒロシマケン,Hiroshima,,,,広島市,ヒロシマシ,Hiroshima-shi,東区,ヒガシク,Higashi-ku,福田,フクダ,Fukuda,八丁目,８チョウメ,8,,,,,1,1,0,0,0,0,1,1,1947-04-17,,0,,,,,,,,,,,,,,,,
341029,0033000,1,広島県,ヒロシマケン,Hiroshima,,,,広島市,ヒロシマシ,Hiroshima-shi,東区,ヒガシク,Higashi-ku,福田町,フクダチョウ,Fukudacho,,,,,,,,0,0,0,0,0,0,1,1,1947-04-17,,0,7320036,,,,,,,,,,,,,,,
341029,0034001,2,広島県,ヒロシマケン,Hiroshima,,,,広島市,ヒロシマシ,Hiroshima-shi,東区,ヒガシク,Higashi-ku,二葉の里,フタバノサト,Futabanosato,一丁目,１チョウメ,1,,,,,1,1,0,0,0,0,1,1,1947-04-17,,0,,,,,,,,,,,,,,,,
341029,0034002,2,広島県,ヒロシマケン,Hiroshima,,,,広島市,ヒロシマシ,Hiroshima-shi,東区,ヒガシク,Higashi-ku,二葉の里,フタバノサト,Futabanosato,二丁目,２チョウメ,2,,,,,1,1,0,0,0,0,1,1,1947-04-17,,0,,,,,,,,,,,,,,,,
341029,0034003,2,広島県,ヒロシマケン,Hiroshima,,,,広島市,ヒロシマシ,Hiroshima-shi,東区,ヒガシク,Higashi-ku,二葉の里,フタバノサト,Futabanosato,三丁目,３チョウメ,3,,,,,1,1,0,0,0,0,1,1,1947-04-17,,0,,,,,,,,,,,,,,,,
341029,0035001,2,広島県,ヒロシマケン,Hiroshima,,,,広島市,ヒロシマシ,Hiroshima-shi,東区,ヒガシク,Higashi-ku,戸坂出江,ヘサカイヅエ,Hesaka Izue,一丁目,１チョウメ,1,,,,,1,1,0,0,0,0,1,1,1947-04-17,,0,,,,,,,,,,,,,,,,
341029,0035002,2,広島県,ヒロシマケン,Hiroshima,,,,広島市,ヒロシマシ,Hiroshima-shi,東区,ヒガシク,Higashi-ku,戸坂出江,ヘサカイヅエ,Hesaka Izue,二丁目,２チョウメ,2,,,,,1,1,0,0,0,0,1,1,1947-04-17,,0,,,,,,,,,,,,,,,,
341029,0036001,2,広島県,ヒロシマケン,Hiroshima,,,,広島市,ヒロシマシ,Hiroshima-shi,東区,ヒガシク,Higashi-ku,戸坂大上,ヘサカオオアゲ,Hesaka Oage,一丁目,１チョウメ,1,,,,,1,1,0,0,0,0,1,1,1947-04-17,,0,,,,,,,,,,,,,,,,
341029,0036002,2,広島県,ヒロシマケン,Hiroshima,,,,広島市,ヒロシマシ,Hiroshima-shi,東区,ヒガシク,Higashi-ku,戸坂大上,ヘサカオオアゲ,Hesaka Oage,二丁目,２チョウメ,2,,,,,1,1,0,0,0,0,1,1,1947-04-17,,0,,,,,,,,,,,,,,,,
341029,0036003,2,広島県,ヒロシマケン,Hiroshima,,,,広島市,ヒロシマシ,Hiroshima-shi,東区,ヒガシク,Higashi-ku,戸坂大上,ヘサカオオアゲ,Hesaka Oage,三丁目,３チョウメ,3,,,,,1,1,0,0,0,0,1,1,1947-04-17,,0,,,,,,,,,,,,,,,,
341029,0036004,2,広島県,ヒロシマケン,Hiroshima,,,,広島市,ヒロシマシ,Hiroshima-shi,東区,ヒガシク,Higashi-ku,戸坂大上,ヘサカオオアゲ,Hesaka Oage,四丁目,４チョウメ,4,,,,,1,1,0,0,0,0,1,1,1947-04-17,,0,,,,,,,,,,,,,,,,
341029,0037001,2,広島県,ヒロシマケン,Hiroshima,,,,広島市,ヒロシマシ,Hiroshima-shi,東区,ヒガシク,Higashi-ku,戸坂数甲,ヘサカカズコウ,Hesaka Kazuko,一丁目,１チョウメ,1,,,,,1,1,0,0,0,0,1,1,1947-04-17,,0,,,,,,,,,,,,,,,,
341029,0037002,2,広島県,ヒロシマケン,Hiroshima,,,,広島市,ヒロシマシ,Hiroshima-shi,東区,ヒガシク,Higashi-ku,戸坂数甲,ヘサカカズコウ,Hesaka Kazuko,二丁目,２チョウメ,2,,,,,1,1,0,0,0,0,1,1,1947-04-17,,0,,,,,,,,,,,,,,,,
341029,0038001,2,広島県,ヒロシマケン,Hiroshima,,,,広島市,ヒロシマシ,Hiroshima-shi,東区,ヒガシク,Higashi-ku,戸坂くるめ木,ヘサカクルメギ,Hesaka Kurumegi,一丁目,１チョウメ,1,,,,,1,1,0,0,0,0,1,1,1947-04-17,,0,,,,,,,,,,,,,,,,
341029,0038002,2,広島県,ヒロシマケン,Hiroshima,,,,広島市,ヒロシマシ,Hiroshima-shi,東区,ヒガシク,Higashi-ku,戸坂くるめ木,ヘサカクルメギ,Hesaka Kurumegi,二丁目,２チョウメ,2,,,,,1,1,0,0,0,0,1,1,1947-04-17,,0,,,,,,,,,,,,,,,,
341029,0039000,1,広島県,ヒロシマケン,Hiroshima,,,,広島市,ヒロシマシ,Hiroshima-shi,東区,ヒガシク,Higashi-ku,戸坂桜上町,ヘサカサクラウエマチ,Hesaka Sakurauemachi,,,,,,,,1,1,0,0,0,0,1,1,1947-04-17,,0,7320007,,,,,,,,,,,,,,,
341029,0040000,1,広島県,ヒロシマケン,Hiroshima,,,,広島市,ヒロシマシ,Hiroshima-shi,東区,ヒガシク,Higashi-ku,戸坂桜西町,ヘサカサクラニシマチ,Hesaka Sakuranishimachi,,,,,,,,1,1,0,0,0,0,1,1,1947-04-17,,0,7320006,,,,,,,,,,,,,,,
341029,0041000,1,広島県,ヒロシマケン,Hiroshima,,,,広島市,ヒロシマシ,Hiroshima-shi,東区,ヒガシク,Higashi-ku,戸坂桜東町,ヘサカサクラヒガシマチ,Hesaka Sakurahigashimachi,,,,,,,,1,1,0,0,0,0,1,1,1947-04-17,,0,7320005,,,,,,,,,,,,,,,
341029,0042000,1,広島県,ヒロシマケン,Hiroshima,,,,広島市,ヒロシマシ,Hiroshima-shi,東区,ヒガシク,Higashi-ku,戸坂城山町,ヘサカシロヤマチョウ,Hesaka Shiroyamacho,,,,,,,,1,1,0,0,0,0,1,1,1947-04-17,,0,7320015,,,,,,,,,,,,,,,
341029,0043001,2,広島県,ヒロシマケン,Hiroshima,,,,広島市,ヒロシマシ,Hiroshima-shi,東区,ヒガシク,Higashi-ku,戸坂新町,ヘサカシンマチ,Hesaka Shimmachi,一丁目,１チョウメ,1,,,,,1,1,0,0,0,0,1,1,1947-04-17,,0,,,,,,,,,,,,,,,,
341029,0043002,2,広島県,ヒロシマケン,Hiroshima,,,,広島市,ヒロシマシ,Hiroshima-shi,東区,ヒガシク,Higashi-ku,戸坂新町,ヘサカシンマチ,Hesaka Shimmachi,二丁目,２チョウメ,2,,,,,1,1,0,0,0,0,1,1,1947-04-17,,0,,,,,,,,,,,,,,,,
341029,0043003,2,広島県,ヒロシマケン,Hiroshima,,,,広島市,ヒロシマシ,Hiroshima-shi,東区,ヒガシク,Higashi-ku,戸坂新町,ヘサカシンマチ,Hesaka Shimmachi,三丁目,３チョウメ,3,,,,,1,1,0,0,0,0,1,1,1947-04-17,,0,,,,,,,,,,,,,,,,
341029,0044001,2,広島県,ヒロシマケン,Hiroshima,,,,広島市,ヒロシマシ,Hiroshima-shi,東区,ヒガシク,Higashi-ku,戸坂千足,ヘサカセンゾク,Hesaka Senzoku,一丁目,１チョウメ,1,,,,,1,1,0,0,0,0,1,1,1947-04-17,,0,,,,,,,,,,,,,,,,
341029,0044002,2,広島県,ヒロシマケン,Hiroshima,,,,広島市,ヒロシマシ,Hiroshima-shi,東区,ヒガシク,Higashi-ku,戸坂千足,ヘサカセンゾク,Hesaka Senzoku,二丁目,２チョウメ,2,,,,,1,1,0,0,0,0,1,1,1947-04-17,,0,,,,,,,,,,,,,,,,
341029,0045001,2,広島県,ヒロシマケン,Hiroshima,,,,広島市,ヒロシマシ,Hiroshima-shi,東区,ヒガシク,Higashi-ku,戸坂惣田,ヘサカソウダ,Hesaka Soda,一丁目,１チョウメ,1,,,,,1,1,0,0,0,0,1,1,1947-04-17,,0,,,,,,,,,,,,,,,,
341029,0045002,2,広島県,ヒロシマケン,Hiroshima,,,,広島市,ヒロシマシ,Hiroshima-shi,東区,ヒガシク,Higashi-ku,戸坂惣田,ヘサカソウダ,Hesaka Soda,二丁目,２チョウメ,2,,,,,1,1,0,0,0,0,1,1,1947-04-17,,0,,,,,,,,,,,,,,,,
341029,0046000,1,広島県,ヒロシマケン,Hiroshima,,,,広島市,ヒロシマシ,Hiroshima-shi,東区,ヒガシク,Higashi-ku,戸坂町,ヘサカチョウ,Hesakacho,,,,,,,,1,1,0,0,0,0,1,1,1947-04-17,,0,7320011,,,,,,,,,,,,,,,
341029,0047000,1,広島県,ヒロシマケン,Hiroshima,,,,広島市,ヒロシマシ,Hiroshima-shi,東区,ヒガシク,Higashi-ku,戸坂長尾台,ヘサカナガオダイ,Hesaka Nagaodai,,,,,,,,1,1,0,0,0,0,1,1,1947-04-17,,0,7320018,,,,,,,,,,,,,,,
341029,0048000,1,広島県,ヒロシマケン,Hiroshima,,,,広島市,ヒロシマシ,Hiroshima-shi,東区,ヒガシク,Higashi-ku,戸坂中町,ヘサカナカマチ,Hesaka Nakamachi,,,,,,,,1,1,0,0,0,0,1,1,1947-04-17,,0,7320003,,,,,,,,,,,,,,,
341029,0049001,2,広島県,ヒロシマケン,Hiroshima,,,,広島市,ヒロシマシ,Hiroshima-shi,東区,ヒガシク,Higashi-ku,戸坂南,ヘサカミナミ,Hesaka Minami,一丁目,１チョウメ,1,,,,,1,1,0,0,0,0,1,1,1947-04-17,,0,,,,,,,,,,,,,,,,
341029,0049002,2,広島県,ヒロシマケン,Hiroshima,,,,広島市,ヒロシマシ,Hiroshima-shi,東区,ヒガシク,Higashi-ku,戸坂南,ヘサカミナミ,Hesaka Minami,二丁目,２チョウメ,2,,,,,1,1,0,0,0,0,1,1,1947-04-17,,0,,,,,,,,,,,,,,,,
341029,0050000,1,広島県,ヒロシマケン,Hiroshima,,,,広島市,ヒロシマシ,Hiroshima-shi,東区,ヒガシク,Higashi-ku,戸坂山崎町,ヘサカヤマサキチョウ,Hesaka Yamasakicho,,,,,,,,1,1,0,0,0,0,1,1,1947-04-17,,0,7320004,,,,,,,,,,,,,,,
341029,0051001,2,広島県,ヒロシマケン,Hiroshima,,,,広島市,ヒロシマシ,Hiroshima-shi,東区,ヒガシク,Higashi-ku,戸坂山根,ヘサカヤマネ,Hesaka Yamane,一丁目,１チョウメ,1,,,,,1,1,0,0,0,0,1,1,1947-04-17,,0,,,,,,,,,,,,,,,,
341029,0051002,2,広島県,ヒロシマケン,Hiroshima,,,,広島市,ヒロシマシ,Hiroshima-shi,東区,ヒガシク,Higashi-ku,戸坂山根,ヘサカヤマネ,Hesaka Yamane,二丁目,２チョウメ,2,,,,,1,1,0,0,0,0,1,1,1947-04-17,,0,,,,,,,,,,,,,,,,
341029,0051003,2,広島県,ヒロシマケン,Hiroshima,,,,広島市,ヒロシマシ,Hiroshima-shi,東区,ヒガシク,Higashi-ku,戸坂山根,ヘサカヤマネ,Hesaka Yamane,三丁目,３チョウメ,3,,,,,1,1,0,0,0,0,1,1,1947-04-17,,0,,,,,,,,,,,,,,,,
341029,0052001,2,広島県,ヒロシマケン,Hiroshima,,,,広島市,ヒロシマシ,Hiroshima-shi,東区,ヒガシク,Higashi-ku,矢賀,ヤガ,Yaga,一丁目,１チョウメ,1,,,,,1,1,0,0,0,0,1,1,1947-04-17,,0,,,,,,,,,,,,,,,,
341029,0052002,2,広島県,ヒロシマケン,Hiroshima,,,,広島市,ヒロシマシ,Hiroshima-shi,東区,ヒガシク,Higashi-ku,矢賀,ヤガ,Yaga,二丁目,２チョウメ,2,,,,,1,1,0,0,0,0,1,1,1947-04-17,,0,,,,,,,,,,,,,,,,
341029,0052003,2,広島県,ヒロシマケン,Hiroshima,,,,広島市,ヒロシマシ,Hiroshima-shi,東区,ヒガシク,Higashi-ku,矢賀,ヤガ,Yaga,三丁目,３チョウメ,3,,,,,1,1,0,0,0,0,1,1,1947-04-17,,0,,,,,,,,,,,,,,,,
341029,0052004,2,広島県,ヒロシマケン,Hiroshima,,,,広島市,ヒロシマシ,Hiroshima-shi,東区,ヒガシク,Higashi-ku,矢賀,ヤガ,Yaga,四丁目,４チョウメ,4,,,,,1,1,0,0,0,0,1,1,1947-04-17,,0,,,,,,,,,,,,,,,,
341029,0052005,2,広島県,ヒロシマケン,Hiroshima,,,,広島市,ヒロシマシ,Hiroshima-shi,東区,ヒガシク,Higashi-ku,矢賀,ヤガ,Yaga,五丁目,５チョウメ,5,,,,,1,1,0,0,0,0,1,1,1947-04-17,,0,,,,,,,,,,,,,,,,
341029,0052006,2,広島県,ヒロシマケン,Hiroshima,,,,広島市,ヒロシマシ,Hiroshima-shi,東区,ヒガシク,Higashi-ku,矢賀,ヤガ,Yaga,六丁目,６チョウメ,6,,,,,1,1,0,0,0,0,1,1,1947-04-17,,0,,,,,,,,,,,,,,,,
341029,0053001,2,広島県,ヒロシマケン,Hiroshima,,,,広島市,ヒロシマシ,Hiroshima-shi,東区,ヒガシク,Higashi-ku,矢賀新町,ヤガシンマチ,Yagashimmachi,一丁目,１チョウメ,1,,,,,1,1,0,0,0,0,1,1,1947-04-17,,0,,,,,,,,,,,,,,,,
341029,0053002,2,広島県,ヒロシマケン,Hiroshima,,,,広島市,ヒロシマシ,Hiroshima-shi,東区,ヒガシク,Higashi-ku,矢賀新町,ヤガシンマチ,Yagashimmachi,二丁目,２チョウメ,2,,,,,1,1,0,0,0,0,1,1,1947-04-17,,0,,,,,,,,,,,,,,,,
341029,0053003,2,広島県,ヒロシマケン,Hiroshima,,,,広島市,ヒロシマシ,Hiroshima-shi,東区,ヒガシク,Higashi-ku,矢賀新町,ヤガシンマチ,Yagashimmachi,三丁目,３チョウメ,3,,,,,1,1,0,0,0,0,1,1,1947-04-17,,0,,,,,,,,,,,,,,,,
341029,0053004,2,広島県,ヒロシマケン,Hiroshima,,,,広島市,ヒロシマシ,Hiroshima-shi,東区,ヒガシク,Higashi-ku,矢賀新町,ヤガシンマチ,Yagashimmachi,四丁目,４チョウメ,4,,,,,1,1,0,0,0,0,1,1,1947-04-17,,0,,,,,,,,,,,,,,,,
341029,0053005,2,広島県,ヒロシマケン,Hiroshima,,,,広島市,ヒロシマシ,Hiroshima-shi,東区,ヒガシク,Higashi-ku,矢賀新町,ヤガシンマチ,Yagashimmachi,五丁目,５チョウメ,5,,,,,1,1,0,0,0,0,1,1,1947-04-17,,0,,,,,,,,,,,,,,,,
341029,0054000,1,広島県,ヒロシマケン,Hiroshima,,,,広島市,ヒロシマシ,Hiroshima-shi,東区,ヒガシク,Higashi-ku,矢賀町,ヤガマチ,Yagamachi,,,,,,,,0,0,0,0,0,0,1,1,1947-04-17,,0,7320041,,,,,,,,,,,,,,,
341029,0055000,1,広島県,ヒロシマケン,Hiroshima,,,,広島市,ヒロシマシ,Hiroshima-shi,東区,ヒガシク,Higashi-ku,山根町,ヤマネチョウ,Yamanecho,,,,,,,,1,1,0,0,0,0,1,1,1947-04-17,,0,7320048,,,,,,,,,,,,,,,
341029,0056000,1,広島県,ヒロシマケン,Hiroshima,,,,広島市,ヒロシマシ,Hiroshima-shi,東区,ヒガシク,Higashi-ku,若草町,ワカクサチョウ,Wakakusacho,,,,,,,,1,1,0,0,0,0,1,1,1947-04-17,,0,7320053,,,,,,,,,,,,,,,
341037,0001001,2,広島県,ヒロシマケン,Hiroshima,,,,広島市,ヒロシマシ,Hiroshima-shi,南区,ミナミク,Minami-ku,青崎,アオサキ,Aosaki,一丁目,１チョウメ,1,,,,,1,1,0,0,0,0,1,1,1947-04-17,,0,,,,,,,,,,,,,,,,
341037,0001002,2,広島県,ヒロシマケン,Hiroshima,,,,広島市,ヒロシマシ,Hiroshima-shi,南区,ミナミク,Minami-ku,青崎,アオサキ,Aosaki,二丁目,２チョウメ,2,,,,,1,1,0,0,0,0,1,1,1947-04-17,,0,,,,,,,,,,,,,,,,
341037,0002001,2,広島県,ヒロシマケン,Hiroshima,,,,広島市,ヒロシマシ,Hiroshima-shi,南区,ミナミク,Minami-ku,旭,アサヒ,Asahi,一丁目,１チョウメ,1,,,,,1,1,0,0,0,0,1,1,1947-04-17,,0,,,,,,,,,,,,,,,,
341037,0002002,2,広島県,ヒロシマケン,Hiroshima,,,,広島市,ヒロシマシ,Hiroshima-shi,南区,ミナミク,Minami-ku,旭,アサヒ,Asahi,二丁目,２チョウメ,2,,,,,1,1,0,0,0,0,1,1,1947-04-17,,0,,,,,,,,,,,,,,,,
341037,0002003,2,広島県,ヒロシマケン,Hiroshima,,,,広島市,ヒロシマシ,Hiroshima-shi,南区,ミナミク,Minami-ku,旭,アサヒ,Asahi,三丁目,３チョウメ,3,,,,,1,1,0,0,0,0,1,1,1947-04-17,,0,,,,,,,,,,,,,,,,
341037,0003000,1,広島県,ヒロシマケン,Hiroshima,,,,広島市,ヒロシマシ,Hiroshima-shi,南区,ミナミク,Minami-ku,稲荷町,イナリマチ,Inarimachi,,,,,,,,1,1,0,0,0,0,1,1,1947-04-17,,0,7320827,,,,,,,,,,,,,,,
341037,0004001,2,広島県,ヒロシマケン,Hiroshima,,,,広島市,ヒロシマシ,Hiroshima-shi,南区,ミナミク,Minami-ku,宇品海岸,ウジナカイガン,Ujina Kaigan,一丁目,１チョウメ,1,,,,,1,1,0,0,0,0,1,1,1947-04-17,,0,,,,,,,,,,,,,,,,
341037,0004002,2,広島県,ヒロシマケン,Hiroshima,,,,広島市,ヒロシマシ,Hiroshima-shi,南区,ミナミク,Minami-ku,宇品海岸,ウジナカイガン,Ujina Kaigan,二丁目,２チョウメ,2,,,,,1,1,0,0,0,0,1,1,1947-04-17,,0,,,,,,,,,,,,,,,,
341037,0004003,2,広島県,ヒロシマケン,Hiroshima,,,,広島市,ヒロシマシ,Hiroshima-shi,南区,ミナミク,Minami-ku,宇品海岸,ウジナカイガン,Ujina Kaigan,三丁目,３チョウメ,3,,,,,1,1,0,0,0,0,1,1,1947-04-17,,0,,,,,,,,,,,,,,,,
341037,0005001,2,広島県,ヒロシマケン,Hiroshima,,,,広島市,ヒロシマシ,Hiroshima-shi,南区,ミナミク,Minami-ku,宇品神田,ウジナカンダ,Ujina Kanda,一丁目,１チョウメ,1,,,,,1,1,0,0,0,0,1,1,1947-04-17,,0,,,,,,,,,,,,,,,,
341037,0005002,2,広島県,ヒロシマケン,Hiroshima,,,,広島市,ヒロシマシ,Hiroshima-shi,南区,ミナミク,Minami-ku,宇品神田,ウジナカンダ,Ujina Kanda,二丁目,２チョウメ,2,,,,,1,1,0,0,0,0,1,1,1947-04-17,,0,,,,,,,,,,,,,,,,
341037,0005003,2,広島県,ヒロシマケン,Hiroshima,,,,広島市,ヒロシマシ,Hiroshima-shi,南区,ミナミク,Minami-ku,宇品神田,ウジナカンダ,Ujina Kanda,三丁目,３チョウメ,3,,,,,1,1,0,0,0,0,1,1,1947-04-17,,0,,,,,,,,,,,,,,,,
341037,0005004,2,広島県,ヒロシマケン,Hiroshima,,,,広島市,ヒロシマシ,Hiroshima-shi,南区,ミナミク,Minami-ku,宇品神田,ウジナカンダ,Ujina Kanda,四丁目,４チョウメ,4,,,,,1,1,0,0,0,0,1,1,1947-04-17,,0,,,,,,,,,,,,,,,,
341037,0005005,2,広島県,ヒロシマケン,Hiroshima,,,,広島市,ヒロシマシ,Hiroshima-shi,南区,ミナミク,Minami-ku,宇品神田,ウジナカンダ,Ujina Kanda,五丁目,５チョウメ,5,,,,,1,1,0,0,0,0,1,1,1947-04-17,,0,,,,,,,,,,,,,,,,
341037,0006001,2,広島県,ヒロシマケン,Hiroshima,,,,広島市,ヒロシマシ,Hiroshima-shi,南区,ミナミク,Minami-ku,宇品西,ウジナニシ,Ujina Nishi,一丁目,１チョウメ,1,,,,,1,1,0,0,0,0,1,1,1947-04-17,,0,,,,,,,,,,,,,,,,
341037,0006002,2,広島県,ヒロシマケン,Hiroshima,,,,広島市,ヒロシマシ,Hiroshima-shi,南区,ミナミク,Minami-ku,宇品西,ウジナニシ,Ujina Nishi,二丁目,２チョウメ,2,,,,,1,1,0,0,0,0,1,1,1947-04-17,,0,,,,,,,,,,,,,,,,
341037,0006003,2,広島県,ヒロシマケン,Hiroshima,,,,広島市,ヒロシマシ,Hiroshima-shi,南区,ミナミク,Minami-ku,宇品西,ウジナニシ,Ujina Nishi,三丁目,３チョウメ,3,,,,,1,1,0,0,0,0,1,1,1947-04-17,,0,,,,,,,,,,,,,,,,
341037,0006004,2,広島県,ヒロシマケン,Hiroshima,,,,広島市,ヒロシマシ,Hiroshima-shi,南区,ミナミク,Minami-ku,宇品西,ウジナニシ,Ujina Nishi,四丁目,４チョウメ,4,,,,,1,1,0,0,0,0,1,1,1947-04-17,,0,,,,,,,,,,,,,,,,
341037,0006005,2,広島県,ヒロシマケン,Hiroshima,,,,広島市,ヒロシマシ,Hiroshima-shi,南区,ミナミク,Minami-ku,宇品西,ウジナニシ,Ujina Nishi,五丁目,５チョウメ,5,,,,,1,1,0,0,0,0,1,1,1947-04-17,,0,,,,,,,,,,,,,,,,
341037,0006006,2,広島県,ヒロシマケン,Hiroshima,,,,広島市,ヒロシマシ,Hiroshima-shi,南区,ミナミク,Minami-ku,宇品西,ウジナニシ,Ujina Nishi,六丁目,６チョウメ,6,,,,,1,1,0,0,0,0,1,1,1947-04-17,,0,,,,,,,,,,,,,,,,
341037,0007001,2,広島県,ヒロシマケン,Hiroshima,,,,広島市,ヒロシマシ,Hiroshima-shi,南区,ミナミク,Minami-ku,宇品東,ウジナヒガシ,Ujina Higashi,一丁目,１チョウメ,1,,,,,1,1,0,0,0,0,1,1,1947-04-17,,0,,,,,,,,,,,,,,,,
341037,0007002,2,広島県,ヒロシマケン,Hiroshima,,,,広島市,ヒロシマシ,Hiroshima-shi,南区,ミナミク,Minami-ku,宇品東,ウジナヒガシ,Ujina Higashi,二丁目,２チョウメ,2,,,,,1,1,0,0,0,0,1,1,1947-04-17,,0,,,,,,,,,,,,,,,,
341037,0007003,2,広島県,ヒロシマケン,Hiroshima,,,,広島市,ヒロシマシ,Hiroshima-shi,南区,ミナミク,Minami-ku,宇品東,ウジナヒガシ,Ujina Higashi,三丁目,３チョウメ,3,,,,,1,1,0,0,0,0,1,1,1947-04-17,,0,,,,,,,,,,,,,,,,
341037,0007004,2,広島県,ヒロシマケン,Hiroshima,,,,広島市,ヒロシマシ,Hiroshima-shi,南区,ミナミク,Minami-ku,宇品東,ウジナヒガシ,Ujina Higashi,四丁目,４チョウメ,4,,,,,1,1,0,0,0,0,1,1,1947-04-17,,0,,,,,,,,,,,,,,,,
341037,0007005,2,広島県,ヒロシマケン,Hiroshima,,,,広島市,ヒロシマシ,Hiroshima-shi,南区,ミナミク,Minami-ku,宇品東,ウジナヒガシ,Ujina Higashi,五丁目,５チョウメ,5,,,,,1,1,0,0,0,0,1,1,1947-04-17,,0,,,,,,,,,,,,,,,,
341037,0007006,2,広島県,ヒロシマケン,Hiroshima,,,,広島市,ヒロシマシ,Hiroshima-shi,南区,ミナミク,Minami-ku,宇品東,ウジナヒガシ,Ujina Higashi,六丁目,６チョウメ,6,,,,,1,1,0,0,0,0,1,1,1947-04-17,,0,,,,,,,,,,,,,,,,
341037,0007007,2,広島県,ヒロシマケン,Hiroshima,,,,広島市,ヒロシマシ,Hiroshima-shi,南区,ミナミク,Minami-ku,宇品東,ウジナヒガシ,Ujina Higashi,七丁目,７チョウメ,7,,,,,1,1,0,0,0,0,1,1,1947-04-17,,0,,,,,,,,,,,,,,,,
341037,0008000,1,広島県,ヒロシマケン,Hiroshima,,,,広島市,ヒロシマシ,Hiroshima-shi,南区,ミナミク,Minami-ku,宇品町,ウジナマチ,Ujinamachi,,,,,,,,0,0,0,0,0,0,1,1,1947-04-17,,0,7340016,,,,,,,,,,,,,,,
341037,0009001,2,広島県,ヒロシマケン,Hiroshima,,,,広島市,ヒロシマシ,Hiroshima-shi,南区,ミナミク,Minami-ku,宇品御幸,ウジナミユキ,Ujina Miyuki,一丁目,１チョウメ,1,,,,,1,1,0,0,0,0,1,1,1947-04-17,,0,,,,,,,,,,,,,,,,
341037,0009002,2,広島県,ヒロシマケン,Hiroshima,,,,広島市,ヒロシマシ,Hiroshima-shi,南区,ミナミク,Minami-ku,宇品御幸,ウジナミユキ,Ujina Miyuki,二丁目,２チョウメ,2,,,,,1,1,0,0,0,0,1,1,1947-04-17,,0,,,,,,,,,,,,,,,,
341037,0009003,2,広島県,ヒロシマケン,Hiroshima,,,,広島市,ヒロシマシ,Hiroshima-shi,南区,ミナミク,Minami-ku,宇品御幸,ウジナミユキ,Ujina Miyuki,三丁目,３チョウメ,3,,,,,1,1,0,0,0,0,1,1,1947-04-17,,0,,,,,,,,,,,,,,,,
341037,0009004,2,広島県,ヒロシマケン,Hiroshima,,,,広島市,ヒロシマシ,Hiroshima-shi,南区,ミナミク,Minami-ku,宇品御幸,ウジナミユキ,Ujina Miyuki,四丁目,４チョウメ,4,,,,,1,1,0,0,0,0,1,1,1947-04-17,,0,,,,,,,,,,,,,,,,
341037,0009005,2,広島県,ヒロシマケン,Hiroshima,,,,広島市,ヒロシマシ,Hiroshima-shi,南区,ミナミク,Minami-ku,宇品御幸,ウジナミユキ,Ujina Miyuki,五丁目,５チョウメ,5,,,,,1,1,0,0,0,0,1,1,1947-04-17,,0,,,,,,,,,,,,,,,,
341037,0010000,1,広島県,ヒロシマケン,Hiroshima,,,,広島市,ヒロシマシ,Hiroshima-shi,南区,ミナミク,Minami-ku,黄金山町,オウゴンザンチョウ,Ogonzancho,,,,,,,,1,1,0,0,0,0,1,1,1947-04-17,,0,7340041,,,,,,,,,,,,,,,
341037,0011001,2,広島県,ヒロシマケン,Hiroshima,,,,広島市,ヒロシマシ,Hiroshima-shi,南区,ミナミク,Minami-ku,大州,オオズ,Ozu,一丁目,１チョウメ,1,,,,,1,1,0,0,0,0,1,1,1947-04-17,,0,,,,,,,,,,,,,,,,
341037,0011002,2,広島県,ヒロシマケン,Hiroshima,,,,広島市,ヒロシマシ,Hiroshima-shi,南区,ミナミク,Minami-ku,大州,オオズ,Ozu,二丁目,２チョウメ,2,,,,,1,1,0,0,0,0,1,1,1947-04-17,,0,,,,,,,,,,,,,,,,
341037,0011003,2,広島県,ヒロシマケン,Hiroshima,,,,広島市,ヒロシマシ,Hiroshima-shi,南区,ミナミク,Minami-ku,大州,オオズ,Ozu,三丁目,３チョウメ,3,,,,,1,1,0,0,0,0,1,1,1947-04-17,,0,,,,,,,,,,,,,,,,
341037,0011004,2,広島県,ヒロシマケン,Hiroshima,,,,広島市,ヒロシマシ,Hiroshima-shi,南区,ミナミク,Minami-ku,大州,オオズ,Ozu,四丁目,４チョウメ,4,,,,,1,1,0,0,0,0,1,1,1947-04-17,,0,,,,,,,,,,,,,,,,
341037,0011005,2,広島県,ヒロシマケン,Hiroshima,,,,広島市,ヒロシマシ,Hiroshima-shi,南区,ミナミク,Minami-ku,大州,オオズ,Ozu,五丁目,５チョウメ,5,,,,,1,1,0,0,0,0,1,1,1947-04-17,,0,,,,,,,,,,,,,,,,
341037,0012000,1,広島県,ヒロシマケン,Hiroshima,,,,広島市,ヒロシマシ,Hiroshima-shi,南区,ミナミク,Minami-ku,大須賀町,オオスガチョウ,Osugacho,,,,,,,,1,1,0,0,0,0,1,1,1947-04-17,,0,7320821,,,,,,,,,,,,,,,
341037,0013001,2,広島県,ヒロシマケン,Hiroshima,,,,広島市,ヒロシマシ,Hiroshima-shi,南区,ミナミク,Minami-ku,霞,カスミ,Kasumi,一丁目,１チョウメ,1,,,,,1,1,0,0,0,0,1,1,1947-04-17,,0,,,,,,,,,,,,,,,,
341037,0013002,2,広島県,ヒロシマケン,Hiroshima,,,,広島市,ヒロシマシ,Hiroshima-shi,南区,ミナミク,Minami-ku,霞,カスミ,Kasumi,二丁目,２チョウメ,2,,,,,1,1,0,0,0,0,1,1,1947-04-17,,0,,,,,,,,,,,,,,,,
341037,0014000,1,広島県,ヒロシマケン,Hiroshima,,,,広島市,ヒロシマシ,Hiroshima-shi,南区,ミナミク,Minami-ku,上東雲町,カミシノノメチョウ,Kamishinonomecho,,,,,,,,1,1,0,0,0,0,1,1,1947-04-17,,0,7340021,,,,,,,,,,,,,,,
341037,0015000,1,広島県,ヒロシマケン,Hiroshima,,,,広島市,ヒロシマシ,Hiroshima-shi,南区,ミナミク,Minami-ku,北大河町,キタオオコウチョウ,Kitaokocho,,,,,,,,1,1,0,0,0,0,1,1,1947-04-17,,0,7340042,,,,,,,,,,,,,,,
341037,0016000,1,広島県,ヒロシマケン,Hiroshima,,,,広島市,ヒロシマシ,Hiroshima-shi,南区,ミナミク,Minami-ku,京橋町,キョウバシチョウ,Kyobashicho,,,,,,,,1,1,0,0,0,0,1,1,1947-04-17,,0,7320828,,,,,,,,,,,,,,,
341037,0017000,1,広島県,ヒロシマケン,Hiroshima,,,,広島市,ヒロシマシ,Hiroshima-shi,南区,ミナミク,Minami-ku,金屋町,キンヤチョウ,Kinyacho,,,,,,,,1,1,0,0,0,0,1,1,1947-04-17,,0,7320825,,,,,,,,,,,,,,,
341037,0018000,1,広島県,ヒロシマケン,Hiroshima,,,,広島市,ヒロシマシ,Hiroshima-shi,南区,ミナミク,Minami-ku,楠那町,クスナチョウ,Kusunacho,,,,,,,,1,1,0,0,0,0,1,1,1947-04-17,,0,7340032,,,,,,,,,,,,,,,
341037,0019000,1,広島県,ヒロシマケン,Hiroshima,,,,広島市,ヒロシマシ,Hiroshima-shi,南区,ミナミク,Minami-ku,小磯町,コイソチョウ,Koisocho,,,,,,,,1,1,0,0,0,0,1,1,1947-04-17,,0,7340064,,,,,,,,,,,,,,,
341037,0020000,1,広島県,ヒロシマケン,Hiroshima,,,,広島市,ヒロシマシ,Hiroshima-shi,南区,ミナミク,Minami-ku,荒神町,コウジンマチ,Kojimmachi,,,,,,,,1,1,0,0,0,0,1,1,1947-04-17,,0,7320807,,,,,,,,,,,,,,,
341037,0021001,2,広島県,ヒロシマケン,Hiroshima,,,,広島市,ヒロシマシ,Hiroshima-shi,南区,ミナミク,Minami-ku,東雲,シノノメ,Shinonome,一丁目,１チョウメ,1,,,,,1,1,0,0,0,0,1,1,1947-04-17,,0,,,,,,,,,,,,,,,,
341037,0021002,2,広島県,ヒロシマケン,Hiroshima,,,,広島市,ヒロシマシ,Hiroshima-shi,南区,ミナミク,Minami-ku,東雲,シノノメ,Shinonome,二丁目,２チョウメ,2,,,,,1,1,0,0,0,0,1,1,1947-04-17,,0,,,,,,,,,,,,,,,,
341037,0021003,2,広島県,ヒロシマケン,Hiroshima,,,,広島市,ヒロシマシ,Hiroshima-shi,南区,ミナミク,Minami-ku,東雲,シノノメ,Shinonome,三丁目,３チョウメ,3,,,,,1,1,0,0,0,0,1,1,1947-04-17,,0,,,,,,,,,,,,,,,,
341037,0022001,2,広島県,ヒロシマケン,Hiroshima,,,,広島市,ヒロシマシ,Hiroshima-shi,南区,ミナミク,Minami-ku,東雲本町,シノノメホンマチ,Shinonomehommachi,一丁目,１チョウメ,1,,,,,1,1,0,0,0,0,1,1,1947-04-17,,0,,,,,,,,,,,,,,,,
341037,0022002,2,広島県,ヒロシマケン,Hiroshima,,,,広島市,ヒロシマシ,Hiroshima-shi,南区,ミナミク,Minami-ku,東雲本町,シノノメホンマチ,Shinonomehommachi,二丁目,２チョウメ,2,,,,,1,1,0,0,0,0,1,1,1947-04-17,,0,,,,,,,,,,,,,,,,
341037,0022003,2,広島県,ヒロシマケン,Hiroshima,,,,広島市,ヒロシマシ,Hiroshima-shi,南区,ミナミク,Minami-ku,東雲本町,シノノメホンマチ,Shinonomehommachi,三丁目,３チョウメ,3,,,,,1,1,0,0,0,0,1,1,1947-04-17,,0,,,,,,,,,,,,,,,,
341037,0023000,1,広島県,ヒロシマケン,Hiroshima,,,,広島市,ヒロシマシ,Hiroshima-shi,南区,ミナミク,Minami-ku,丹那新町,タンナシンマチ,Tannashimmachi,,,,,,,,1,1,0,0,0,0,1,1,1947-04-17,,0,7340033,,,,,,,,,,,,,,,
341037,0024000,1,広島県,ヒロシマケン,Hiroshima,,,,広島市,ヒロシマシ,Hiroshima-shi,南区,ミナミク,Minami-ku,丹那町,タンナチョウ,Tannacho,,,,,,,,1,1,0,0,0,0,1,1,1947-04-17,,0,7340034,,,,,,,,,,,,,,,
341037,0025001,2,広島県,ヒロシマケン,Hiroshima,,,,広島市,ヒロシマシ,Hiroshima-shi,南区,ミナミク,Minami-ku,段原,ダンバラ,Dambara,一丁目,１チョウメ,1,,,,,1,1,0,0,0,0,1,1,1947-04-17,,0,,,,,,,,,,,,,,,,
341037,0025002,2,広島県,ヒロシマケン,Hiroshima,,,,広島市,ヒロシマシ,Hiroshima-shi,南区,ミナミク,Minami-ku,段原,ダンバラ,Dambara,二丁目,２チョウメ,2,,,,,1,1,0,0,0,0,1,1,1947-04-17,,0,,,,,,,,,,,,,,,,
341037,0025003,2,広島県,ヒロシマケン,Hiroshima,,,,広島市,ヒロシマシ,Hiroshima-shi,南区,ミナミク,Minami-ku,段原,ダンバラ,Dambara,三丁目,３チョウメ,3,,,,,1,1,0,0,0,0,1,1,1947-04-17,,0,,,,,,,,,,,,,,,,
341037,0025004,2,広島県,ヒロシマケン,Hiroshima,,,,広島市,ヒロシマシ,Hiroshima-shi,南区,ミナミク,Minami-ku,段原,ダンバラ,Dambara,四丁目,４チョウメ,4,,,,,1,1,0,0,0,0,1,1,1947-04-17,,0,,,,,,,,,,,,,,,,
341037,0026001,2,広島県,ヒロシマケン,Hiroshima,,,,広島市,ヒロシマシ,Hiroshima-shi,南区,ミナミク,Minami-ku,段原日出,ダンバラヒノデ,Dambara Hinode,一丁目,１チョウメ,1,,,,,1,1,0,0,0,0,1,1,1947-04-17,,0,,,,,,,,,,,,,,,,
341037,0026002,2,広島県,ヒロシマケン,Hiroshima,,,,広島市,ヒロシマシ,Hiroshima-shi,南区,ミナミク,Minami-ku,段原日出,ダンバラヒノデ,Dambara Hinode,二丁目,２チョウメ,2,,,,,1,1,0,0,0,0,1,1,1947-04-17,,0,,,,,,,,,,,,,,,,
341037,0027001,2,広島県,ヒロシマケン,Hiroshima,,,,広島市,ヒロシマシ,Hiroshima-shi,南区,ミナミク,Minami-ku,段原南,ダンバラミナミ,Dambara Minami,一丁目,１チョウメ,1,,,,,1,1,0,0,0,0,1,1,1947-04-17,,0,,,,,,,,,,,,,,,,
341037,0027002,2,広島県,ヒロシマケン,Hiroshima,,,,広島市,ヒロシマシ,Hiroshima-shi,南区,ミナミク,Minami-ku,段原南,ダンバラミナミ,Dambara Minami,二丁目,２チョウメ,2,,,,,1,1,0,0,0,0,1,1,1947-04-17,,0,,,,,,,,,,,,,,,,
341037,0028001,2,広島県,ヒロシマケン,Hiroshima,,,,広島市,ヒロシマシ,Hiroshima-shi,南区,ミナミク,Minami-ku,段原山崎,ダンバラヤマサキ,Dambara Yamasaki,一丁目,１チョウメ,1,,,,,1,1,0,0,0,0,1,1,1947-04-17,,0,,,,,,,,,,,,,,,,
341037,0028002,2,広島県,ヒロシマケン,Hiroshima,,,,広島市,ヒロシマシ,Hiroshima-shi,南区,ミナミク,Minami-ku,段原山崎,ダンバラヤマサキ,Dambara Yamasaki,二丁目,２チョウメ,2,,,,,1,1,0,0,0,0,1,1,1947-04-17,,0,,,,,,,,,,,,,,,,
341037,0028003,2,広島県,ヒロシマケン,Hiroshima,,,,広島市,ヒロシマシ,Hiroshima-shi,南区,ミナミク,Minami-ku,段原山崎,ダンバラヤマサキ,Dambara Yamasaki,三丁目,３チョウメ,3,,,,,1,1,0,0,0,0,1,1,1947-04-17,,0,,,,,,,,,,,,,,,,
341037,0029000,1,広島県,ヒロシマケン,Hiroshima,,,,広島市,ヒロシマシ,Hiroshima-shi,南区,ミナミク,Minami-ku,月見町,ツキミチョウ,Tsukimicho,,,,,,,,1,1,0,0,0,0,1,1,1947-04-17,,0,7340054,,,,,,,,,,,,,,,
341037,0030001,2,広島県,ヒロシマケン,Hiroshima,,,,広島市,ヒロシマシ,Hiroshima-shi,南区,ミナミク,Minami-ku,出汐,デシオ,Deshio,一丁目,１チョウメ,1,,,,,1,1,0,0,0,0,1,1,1947-04-17,,0,,,,,,,,,,,,,,,,
341037,0030002,2,広島県,ヒロシマケン,Hiroshima,,,,広島市,ヒロシマシ,Hiroshima-shi,南区,ミナミク,Minami-ku,出汐,デシオ,Deshio,二丁目,２チョウメ,2,,,,,1,1,0,0,0,0,1,1,1947-04-17,,0,,,,,,,,,,,,,,,,
341037,0030003,2,広島県,ヒロシマケン,Hiroshima,,,,広島市,ヒロシマシ,Hiroshima-shi,南区,ミナミク,Minami-ku,出汐,デシオ,Deshio,三丁目,３チョウメ,3,,,,,1,1,0,0,0,0,1,1,1947-04-17,,0,,,,,,,,,,,,,,,,
341037,0030004,2,広島県,ヒロシマケン,Hiroshima,,,,広島市,ヒロシマシ,Hiroshima-shi,南区,ミナミク,Minami-ku,出汐,デシオ,Deshio,四丁目,４チョウメ,4,,,,,1,1,0,0,0,0,1,1,1947-04-17,,0,,,,,,,,,,,,,,,,
341037,0031001,2,広島県,ヒロシマケン,Hiroshima,,,,広島市,ヒロシマシ,Hiroshima-shi,南区,ミナミク,Minami-ku,出島,デジマ,Dejima,一丁目,１チョウメ,1,,,,,1,1,0,0,0,0,1,1,1947-04-17,,0,,,,,,,,,,,,,,,,
341037,0031002,2,広島県,ヒロシマケン,Hiroshima,,,,広島市,ヒロシマシ,Hiroshima-shi,南区,ミナミク,Minami-ku,出島,デジマ,Dejima,二丁目,２チョウメ,2,,,,,1,1,0,0,0,0,1,1,1947-04-17,,0,,,,,,,,,,,,,,,,
341037,0031003,2,広島県,ヒロシマケン,Hiroshima,,,,広島市,ヒロシマシ,Hiroshima-shi,南区,ミナミク,Minami-ku,出島,デジマ,Dejima,三丁目,３チョウメ,3,,,,,1,1,0,0,0,0,1,1,1947-04-17,,0,,,,,,,,,,,,,,,,
341037,0031004,2,広島県,ヒロシマケン,Hiroshima,,,,広島市,ヒロシマシ,Hiroshima-shi,南区,ミナミク,Minami-ku,出島,デジマ,Dejima,四丁目,４チョウメ,4,,,,,1,1,0,0,0,0,1,1,1947-04-17,,0,,,,,,,,,,,,,,,,
341037,0032000,1,広島県,ヒロシマケン,Hiroshima,,,,広島市,ヒロシマシ,Hiroshima-shi,南区,ミナミク,Minami-ku,西旭町,ニシアサヒマチ,Nishiasahimachi,,,,,,,,1,1,0,0,0,0,1,1,1947-04-17,,0,7340002,,,,,,,,,,,,,,,
341037,0033000,1,広島県,ヒロシマケン,Hiroshima,,,,広島市,ヒロシマシ,Hiroshima-shi,南区,ミナミク,Minami-ku,西霞町,ニシカスミチョウ,Nishikasumicho,,,,,,,,1,1,0,0,0,0,1,1,1947-04-17,,0,7340044,,,,,,,,,,,,,,,
341037,0034001,2,広島県,ヒロシマケン,Hiroshima,,,,広島市,ヒロシマシ,Hiroshima-shi,南区,ミナミク,Minami-ku,西蟹屋,ニシカニヤ,Nishikaniya,一丁目,１チョウメ,1,,,,,1,1,0,0,0,0,1,1,1947-04-17,,0,,,,,,,,,,,,,,,,
341037,0034002,2,広島県,ヒロシマケン,Hiroshima,,,,広島市,ヒロシマシ,Hiroshima-shi,南区,ミナミク,Minami-ku,西蟹屋,ニシカニヤ,Nishikaniya,二丁目,２チョウメ,2,,,,,1,1,0,0,0,0,1,1,1947-04-17,,0,,,,,,,,,,,,,,,,
341037,0034003,2,広島県,ヒロシマケン,Hiroshima,,,,広島市,ヒロシマシ,Hiroshima-shi,南区,ミナミク,Minami-ku,西蟹屋,ニシカニヤ,Nishikaniya,三丁目,３チョウメ,3,,,,,1,1,0,0,0,0,1,1,1947-04-17,,0,,,,,,,,,,,,,,,,
341037,0034004,2,広島県,ヒロシマケン,Hiroshima,,,,広島市,ヒロシマシ,Hiroshima-shi,南区,ミナミク,Minami-ku,西蟹屋,ニシカニヤ,Nishikaniya,四丁目,４チョウメ,4,,,,,1,1,0,0,0,0,1,1,1947-04-17,,0,,,,,,,,,,,,,,,,
341037,0035000,1,広島県,ヒロシマケン,Hiroshima,,,,広島市,ヒロシマシ,Hiroshima-shi,南区,ミナミク,Minami-ku,西荒神町,ニシコウジンマチ,Nishikojimmachi,,,,,,,,1,1,0,0,0,0,1,1,1947-04-17,,0,7320806,,,,,,,,,,,,,,,
341037,0036000,1,広島県,ヒロシマケン,Hiroshima,,,,広島市,ヒロシマシ,Hiroshima-shi,南区,ミナミク,Minami-ku,西本浦町,ニシホンウラチョウ,Nishihonuracho,,,,,,,,1,1,0,0,0,0,1,1,1947-04-17,,0,7340045,,,,,,,,,,,,,,,
341037,0037000,1,広島県,ヒロシマケン,Hiroshima,,,,広島市,ヒロシマシ,Hiroshima-shi,南区,ミナミク,Minami-ku,西翠町,ニシミドリマチ,Nishimidorimachi,,,,,,,,1,1,0,0,0,0,1,1,1947-04-17,,0,7340006,,,,,,,,,,,,,,,
341037,0039000,1,広島県,ヒロシマケン,Hiroshima,,,,広島市,ヒロシマシ,Hiroshima-shi,南区,ミナミク,Minami-ku,似島町,ニノシマチョウ,Ninoshimacho,,,,,,,,0,0,0,0,0,0,1,1,1947-04-17,,0,7340017,,,,,,,,,,,,,,,
341037,0040001,2,広島県,ヒロシマケン,Hiroshima,,,,広島市,ヒロシマシ,Hiroshima-shi,南区,ミナミク,Minami-ku,仁保,ニホ,Niho,一丁目,１チョウメ,1,,,,,1,1,0,0,0,0,1,1,1947-04-17,,0,,,,,,,,,,,,,,,,
341037,0040002,2,広島県,ヒロシマケン,Hiroshima,,,,広島市,ヒロシマシ,Hiroshima-shi,南区,ミナミク,Minami-ku,仁保,ニホ,Niho,二丁目,２チョウメ,2,,,,,1,1,0,0,0,0,1,1,1947-04-17,,0,,,,,,,,,,,,,,,,
341037,0040003,2,広島県,ヒロシマケン,Hiroshima,,,,広島市,ヒロシマシ,Hiroshima-shi,南区,ミナミク,Minami-ku,仁保,ニホ,Niho,三丁目,３チョウメ,3,,,,,1,1,0,0,0,0,1,1,1947-04-17,,0,,,,,,,,,,,,,,,,
341037,0040004,2,広島県,ヒロシマケン,Hiroshima,,,,広島市,ヒロシマシ,Hiroshima-shi,南区,ミナミク,Minami-ku,仁保,ニホ,Niho,四丁目,４チョウメ,4,,,,,1,1,0,0,0,0,1,1,1947-04-17,,0,,,,,,,,,,,,,,,,
341037,0041000,1,広島県,ヒロシマケン,Hiroshima,,,,広島市,ヒロシマシ,Hiroshima-shi,南区,ミナミク,Minami-ku,仁保沖町,ニホオキマチ,Niho Okimachi,,,,,,,,1,1,0,0,0,0,1,1,1947-04-17,,0,7340057,,,,,,,,,,,,,,,
341037,0042001,2,広島県,ヒロシマケン,Hiroshima,,,,広島市,ヒロシマシ,Hiroshima-shi,南区,ミナミク,Minami-ku,仁保新町,ニホシンマチ,Niho Shimmachi,一丁目,１チョウメ,1,,,,,1,1,0,0,0,0,1,1,1947-04-17,,0,,,,,,,,,,,,,,,,
341037,0042002,2,広島県,ヒロシマケン,Hiroshima,,,,広島市,ヒロシマシ,Hiroshima-shi,南区,ミナミク,Minami-ku,仁保新町,ニホシンマチ,Niho Shimmachi,二丁目,２チョウメ,2,,,,,1,1,0,0,0,0,1,1,1947-04-17,,0,,,,,,,,,,,,,,,,
341037,0043001,2,広島県,ヒロシマケン,Hiroshima,,,,広島市,ヒロシマシ,Hiroshima-shi,南区,ミナミク,Minami-ku,仁保南,ニホミナミ,Niho Minami,一丁目,１チョウメ,1,,,,,1,1,0,0,0,0,1,1,1947-04-17,,0,,,,,,,,,,,,,,,,
341037,0043002,2,広島県,ヒロシマケン,Hiroshima,,,,広島市,ヒロシマシ,Hiroshima-shi,南区,ミナミク,Minami-ku,仁保南,ニホミナミ,Niho Minami,二丁目,２チョウメ,2,,,,,1,1,0,0,0,0,1,1,1947-04-17,,0,,,,,,,,,,,,,,,,
341037,0044000,1,広島県,ヒロシマケン,Hiroshima,,,,広島市,ヒロシマシ,Hiroshima-shi,南区,ミナミク,Minami-ku,日宇那町,ヒウナチョウ,Hiunacho,,,,,,,,1,1,0,0,0,0,1,1,1947-04-17,,0,7340031,,,,,,,,,,,,,,,
341037,0045000,1,広島県,ヒロシマケン,Hiroshima,,,,広島市,ヒロシマシ,Hiroshima-shi,南区,ミナミク,Minami-ku,東青崎町,ヒガシアオサキチョウ,Higashiaosakicho,,,,,,,,1,1,0,0,0,0,1,1,1947-04-17,,0,7340051,,,,,,,,,,,,,,,
341037,0047000,1,広島県,ヒロシマケン,Hiroshima,,,,広島市,ヒロシマシ,Hiroshima-shi,南区,ミナミク,Minami-ku,東霞町,ヒガシカスミチョウ,Higashikasumicho,,,,,,,,1,1,0,0,0,0,1,1,1947-04-17,,0,7340046,,,,,,,,,,,,,,,
341037,0048000,1,広島県,ヒロシマケン,Hiroshima,,,,広島市,ヒロシマシ,Hiroshima-shi,南区,ミナミク,Minami-ku,東荒神町,ヒガシコウジンマチ,Higashikojimmachi,,,,,,,,1,1,0,0,0,0,1,1,1947-04-17,,0,7320805,,,,,,,,,,,,,,,
341037,0049000,1,広島県,ヒロシマケン,Hiroshima,,,,広島市,ヒロシマシ,Hiroshima-shi,南区,ミナミク,Minami-ku,東本浦町,ヒガシホンウラチョウ,Higashihonuracho,,,,,,,,1,1,0,0,0,0,1,1,1947-04-17,,0,7340025,,,,,,,,,,,,,,,
341037,0050000,1,広島県,ヒロシマケン,Hiroshima,,,,広島市,ヒロシマシ,Hiroshima-shi,南区,ミナミク,Minami-ku,比治山公園,ヒジヤマコウエン,Hijiyama Koen,,,,,,,,1,1,0,0,0,0,1,1,1947-04-17,,0,7320815,,,,,,,,,,,,,,,
341037,0051000,1,広島県,ヒロシマケン,Hiroshima,,,,広島市,ヒロシマシ,Hiroshima-shi,南区,ミナミク,Minami-ku,比治山町,ヒジヤマチョウ,Hijiyamacho,,,,,,,,1,1,0,0,0,0,1,1,1947-04-17,,0,7320817,,,,,,,,,,,,,,,
341037,0052000,1,広島県,ヒロシマケン,Hiroshima,,,,広島市,ヒロシマシ,Hiroshima-shi,南区,ミナミク,Minami-ku,比治山本町,ヒジヤマホンマチ,Hijiyama Hommachi,,,,,,,,1,1,0,0,0,0,1,1,1947-04-17,,0,7320816,,,,,,,,,,,,,,,
341037,0053001,2,広島県,ヒロシマケン,Hiroshima,,,,広島市,ヒロシマシ,Hiroshima-shi,南区,ミナミク,Minami-ku,堀越,ホリコシ,Horikoshi,一丁目,１チョウメ,1,,,,,1,1,0,0,0,0,1,1,1947-04-17,,0,,,,,,,,,,,,,,,,
341037,0053002,2,広島県,ヒロシマケン,Hiroshima,,,,広島市,ヒロシマシ,Hiroshima-shi,南区,ミナミク,Minami-ku,堀越,ホリコシ,Horikoshi,二丁目,２チョウメ,2,,,,,1,1,0,0,0,0,1,1,1947-04-17,,0,,,,,,,,,,,,,,,,
341037,0053003,2,広島県,ヒロシマケン,Hiroshima,,,,広島市,ヒロシマシ,Hiroshima-shi,南区,ミナミク,Minami-ku,堀越,ホリコシ,Horikoshi,三丁目,３チョウメ,3,,,,,1,1,0,0,0,0,1,1,1947-04-17,,0,,,,,,,,,,,,,,,,
341037,0054000,1,広島県,ヒロシマケン,Hiroshima,,,,広島市,ヒロシマシ,Hiroshima-shi,南区,ミナミク,Minami-ku,本浦町,ホンウラチョウ,Honuracho,,,,,,,,1,1,0,0,0,0,1,1,1947-04-17,,0,7340047,,,,,,,,,,,,,,,
341037,0055000,1,広島県,ヒロシマケン,Hiroshima,,,,広島市,ヒロシマシ,Hiroshima-shi,南区,ミナミク,Minami-ku,松川町,マツカワチョウ,Matsukawacho,,,,,,,,1,1,0,0,0,0,1,1,1947-04-17,,0,7320826,,,,,,,,,,,,,,,
341037,0056001,2,広島県,ヒロシマケン,Hiroshima,,,,広島市,ヒロシマシ,Hiroshima-shi,南区,ミナミク,Minami-ku,的場町,マトバチョウ,Matobacho,一丁目,１チョウメ,1,,,,,1,1,0,0,0,0,1,1,1947-04-17,,0,,,,,,,,,,,,,,,,
341037,0056002,2,広島県,ヒロシマケン,Hiroshima,,,,広島市,ヒロシマシ,Hiroshima-shi,南区,ミナミク,Minami-ku,的場町,マトバチョウ,Matobacho,二丁目,２チョウメ,2,,,,,1,1,0,0,0,0,1,1,1947-04-17,,0,,,,,,,,,,,,,,,,
341037,0057001,2,広島県,ヒロシマケン,Hiroshima,,,,広島市,ヒロシマシ,Hiroshima-shi,南区,ミナミク,Minami-ku,翠,ミドリ,Midori,一丁目,１チョウメ,1,,,,,1,1,0,0,0,0,1,1,1947-04-17,,0,,,,,,,,,,,,,,,,
341037,0057002,2,広島県,ヒロシマケン,Hiroshima,,,,広島市,ヒロシマシ,Hiroshima-shi,南区,ミナミク,Minami-ku,翠,ミドリ,Midori,二丁目,２チョウメ,2,,,,,1,1,0,0,0,0,1,1,1947-04-17,,0,,,,,,,,,,,,,,,,
341037,0057003,2,広島県,ヒロシマケン,Hiroshima,,,,広島市,ヒロシマシ,Hiroshima-shi,南区,ミナミク,Minami-ku,翠,ミドリ,Midori,三丁目,３チョウメ,3,,,,,1,1,0,0,0,0,1,1,1947-04-17,,0,,,,,,,,,,,,,,,,
341037,0057004,2,広島県,ヒロシマケン,Hiroshima,,,,広島市,ヒロシマシ,Hiroshima-shi,南区,ミナミク,Minami-ku,翠,ミドリ,Midori,四丁目,４チョウメ,4,,,,,1,1,0,0,0,0,1,1,1947-04-17,,0,,,,,,,,,,,,,,,,
341037,0057005,2,広島県,ヒロシマケン,Hiroshima,,,,広島市,ヒロシマシ,Hiroshima-shi,南区,ミナミク,Minami-ku,翠,ミドリ,Midori,五丁目,５チョウメ,5,,,,,1,1,0,0,0,0,1,1,1947-04-17,,0,,,,,,,,,,,,,,,,
341037,0058000,1,広島県,ヒロシマケン,Hiroshima,,,,広島市,ヒロシマシ,Hiroshima-shi,南区,ミナミク,Minami-ku,南大河町,ミナミオオコウチョウ,Minamiokocho,,,,,,,,1,1,0,0,0,0,1,1,1947-04-17,,0,7340043,,,,,,,,,,,,,,,
341037,0059001,2,広島県,ヒロシマケン,Hiroshima,,,,広島市,ヒロシマシ,Hiroshima-shi,南区,ミナミク,Minami-ku,南蟹屋,ミナミカニヤ,Minamikaniya,一丁目,１チョウメ,1,,,,,1,1,0,0,0,0,1,1,1947-04-17,,0,,,,,,,,,,,,,,,,
341037,0059002,2,広島県,ヒロシマケン,Hiroshima,,,,広島市,ヒロシマシ,Hiroshima-shi,南区,ミナミク,Minami-ku,南蟹屋,ミナミカニヤ,Minamikaniya,二丁目,２チョウメ,2,,,,,1,1,0,0,0,0,1,1,1947-04-17,,0,,,,,,,,,,,,,,,,
341037,0060001,2,広島県,ヒロシマケン,Hiroshima,,,,広島市,ヒロシマシ,Hiroshima-shi,南区,ミナミク,Minami-ku,皆実町,ミナミマチ,Minamimachi,一丁目,１チョウメ,1,,,,,1,1,0,0,0,0,1,1,1947-04-17,,0,,,,,,,,,,,,,,,,
341037,0060002,2,広島県,ヒロシマケン,Hiroshima,,,,広島市,ヒロシマシ,Hiroshima-shi,南区,ミナミク,Minami-ku,皆実町,ミナミマチ,Minamimachi,二丁目,２チョウメ,2,,,,,1,1,0,0,0,0,1,1,1947-04-17,,0,,,,,,,,,,,,,,,,
341037,0060003,2,広島県,ヒロシマケン,Hiroshima,,,,広島市,ヒロシマシ,Hiroshima-shi,南区,ミナミク,Minami-ku,皆実町,ミナミマチ,Minamimachi,三丁目,３チョウメ,3,,,,,1,1,0,0,0,0,1,1,1947-04-17,,0,,,,,,,,,,,,,,,,
341037,0060004,2,広島県,ヒロシマケン,Hiroshima,,,,広島市,ヒロシマシ,Hiroshima-shi,南区,ミナミク,Minami-ku,皆実町,ミナミマチ,Minamimachi,四丁目,４チョウメ,4,,,,,1,1,0,0,0,0,1,1,1947-04-17,,0,,,,,,,,,,,,,,,,
341037,0060005,2,広島県,ヒロシマケン,Hiroshima,,,,広島市,ヒロシマシ,Hiroshima-shi,南区,ミナミク,Minami-ku,皆実町,ミナミマチ,Minamimachi,五丁目,５チョウメ,5,,,,,1,1,0,0,0,0,1,1,1947-04-17,,0,,,,,,,,,,,,,,,,
341037,0060006,2,広島県,ヒロシマケン,Hiroshima,,,,広島市,ヒロシマシ,Hiroshima-shi,南区,ミナミク,Minami-ku,皆実町,ミナミマチ,Minamimachi,六丁目,６チョウメ,6,,,,,1,1,0,0,0,0,1,1,1947-04-17,,0,,,,,,,,,,,,,,,,
341037,0061000,1,広島県,ヒロシマケン,Hiroshima,,,,広島市,ヒロシマシ,Hiroshima-shi,南区,ミナミク,Minami-ku,向洋大原町,ムカイナダオオハラチョウ,Mukainadaoharacho,,,,,,,,1,1,0,0,0,0,1,1,1947-04-17,,0,7340063,,,,,,,,,,,,,,,
341037,0062000,1,広島県,ヒロシマケン,Hiroshima,,,,広島市,ヒロシマシ,Hiroshima-shi,南区,ミナミク,Minami-ku,向洋沖町,ムカイナダオキマチ,Mukainadaokimachi,,,,,,,,1,1,0,0,0,0,1,1,1947-04-17,,0,7340056,,,,,,,,,,,,,,,
341037,0063001,2,広島県,ヒロシマケン,Hiroshima,,,,広島市,ヒロシマシ,Hiroshima-shi,南区,ミナミク,Minami-ku,向洋新町,ムカイナダシンマチ,Mukainadashimmachi,一丁目,１チョウメ,1,,,,,1,1,0,0,0,0,1,1,1947-04-17,,0,,,,,,,,,,,,,,,,
341037,0063002,2,広島県,ヒロシマケン,Hiroshima,,,,広島市,ヒロシマシ,Hiroshima-shi,南区,ミナミク,Minami-ku,向洋新町,ムカイナダシンマチ,Mukainadashimmachi,二丁目,２チョウメ,2,,,,,1,1,0,0,0,0,1,1,1947-04-17,,0,,,,,,,,,,,,,,,,
341037,0063003,2,広島県,ヒロシマケン,Hiroshima,,,,広島市,ヒロシマシ,Hiroshima-shi,南区,ミナミク,Minami-ku,向洋新町,ムカイナダシンマチ,Mukainadashimmachi,三丁目,３チョウメ,3,,,,,1,1,0,0,0,0,1,1,1947-04-17,,0,,,,,,,,,,,,,,,,
341037,0063004,2,広島県,ヒロシマケン,Hiroshima,,,,広島市,ヒロシマシ,Hiroshima-shi,南区,ミナミク,Minami-ku,向洋新町,ムカイナダシンマチ,Mukainadashimmachi,四丁目,４チョウメ,4,,,,,1,1,0,0,0,0,1,1,1947-04-17,,0,,,,,,,,,,,,,,,,
341037,0064000,1,広島県,ヒロシマケン,Hiroshima,,,,広島市,ヒロシマシ,Hiroshima-shi,南区,ミナミク,Minami-ku,向洋中町,ムカイナダナカマチ,Mukainadanakamachi,,,,,,,,1,1,0,0,0,0,1,1,1947-04-17,,0,7340061,,,,,,,,,,,,,,,
341037,0065000,1,広島県,ヒロシマケン,Hiroshima,,,,広島市,ヒロシマシ,Hiroshima-shi,南区,ミナミク,Minami-ku,向洋本町,ムカイナダホンマチ,Mukainadahommachi,,,,,,,,1,1,0,0,0,0,1,1,1947-04-17,,0,7340062,,,,,,,,,,,,,,,
341037,0066000,1,広島県,ヒロシマケン,Hiroshima,,,,広島市,ヒロシマシ,Hiroshima-shi,南区,ミナミク,Minami-ku,元宇品町,モトウジナマチ,Motojinamachi,,,,,,,,1,1,0,0,0,0,1,1,1947-04-17,,0,7340012,,,,,,,,,,,,,,,
341037,0067000,1,広島県,ヒロシマケン,Hiroshima,,,,広島市,ヒロシマシ,Hiroshima-shi,南区,ミナミク,Minami-ku,山城町,ヤマシロチョウ,Yamashirocho,,,,,,,,1,1,0,0,0,0,1,1,1947-04-17,,0,7340035,,,,,,,,,,,,,,,
341037,0068000,1,広島県,ヒロシマケン,Hiroshima,,,,広島市,ヒロシマシ,Hiroshima-shi,南区,ミナミク,Minami-ku,松原町,マツバラチョウ,Matsubaracho,,,,,,,,1,1,0,0,0,0,1,1,1947-04-17,,0,7320822,,,,,,,,,,,,,,,
341037,0069000,1,広島県,ヒロシマケン,Hiroshima,,,,広島市,ヒロシマシ,Hiroshima-shi,南区,ミナミク,Minami-ku,猿猴橋町,エンコウバシチョウ,Enkobashicho,,,,,,,,1,1,0,0,0,0,1,1,1947-04-17,,0,7320823,,,,,,,,,,,,,,,
341037,0070000,1,広島県,ヒロシマケン,Hiroshima,,,,広島市,ヒロシマシ,Hiroshima-shi,南区,ミナミク,Minami-ku,仁保町,ニホマチ,,,,,,,,,0,0,0,0,0,0,1,1,1947-04-17,,0,,,,,,,,,,,,,,,,
341037,0071000,1,広島県,ヒロシマケン,Hiroshima,,,,広島市,ヒロシマシ,Hiroshima-shi,南区,ミナミク,Minami-ku,段原山崎町,ダンバラヤマサキチョウ,,,,,,,,,1,1,0,0,0,0,1,1,1947-04-17,,0,,,,,,,,,,,,,,,,
341037,0077000,1,広島県,ヒロシマケン,Hiroshima,,,,広島市,ヒロシマシ,Hiroshima-shi,南区,ミナミク,Minami-ku,段原日出町,ダンバラヒノデチョウ,,,,,,,,,1,1,0,0,0,0,1,1,1947-04-17,,0,,,,,,,,,,,,,,,,
341037,0080000,1,広島県,ヒロシマケン,Hiroshima,,,,広島市,ヒロシマシ,Hiroshima-shi,南区,ミナミク,Minami-ku,東駅町,ヒガシエキマチ,,,,,,,,,1,1,0,0,0,0,1,0,1947-04-17,,1,,,,,,,,,,,,,,,,
341045,0001001,2,広島県,ヒロシマケン,Hiroshima,,,,広島市,ヒロシマシ,Hiroshima-shi,西区,ニシク,Nishi-ku,井口,イノクチ,Inokuchi,一丁目,１チョウメ,1,,,,,1,1,0,0,0,0,1,1,1947-04-17,,0,,,,,,,,,,,,,,,,
341045,0001002,2,広島県,ヒロシマケン,Hiroshima,,,,広島市,ヒロシマシ,Hiroshima-shi,西区,ニシク,Nishi-ku,井口,イノクチ,Inokuchi,二丁目,２チョウメ,2,,,,,1,1,0,0,0,0,1,1,1947-04-17,,0,,,,,,,,,,,,,,,,
341045,0001003,2,広島県,ヒロシマケン,Hiroshima,,,,広島市,ヒロシマシ,Hiroshima-shi,西区,ニシク,Nishi-ku,井口,イノクチ,Inokuchi,三丁目,３チョウメ,3,,,,,1,1,0,0,0,0,1,1,1947-04-17,,0,,,,,,,,,,,,,,,,
341045,0001004,2,広島県,ヒロシマケン,Hiroshima,,,,広島市,ヒロシマシ,Hiroshima-shi,西区,ニシク,Nishi-ku,井口,イノクチ,Inokuchi,四丁目,４チョウメ,4,,,,,1,1,0,0,0,0,1,1,1947-04-17,,0,,,,,,,,,,,,,,,,
341045,0001005,2,広島県,ヒロシマケン,Hiroshima,,,,広島市,ヒロシマシ,Hiroshima-shi,西区,ニシク,Nishi-ku,井口,イノクチ,Inokuchi,五丁目,５チョウメ,5,,,,,1,1,0,0,0,0,1,1,1947-04-17,,0,,,,,,,,,,,,,,,,
341045,0002001,2,広島県,ヒロシマケン,Hiroshima,,,,広島市,ヒロシマシ,Hiroshima-shi,西区,ニシク,Nishi-ku,井口鈴が台,イノクチスズガダイ,Inokuchi Suzugadai,一丁目,１チョウメ,1,,,,,1,1,0,0,0,0,1,1,1947-04-17,,0,,,,,,,,,,,,,,,,
341045,0002002,2,広島県,ヒロシマケン,Hiroshima,,,,広島市,ヒロシマシ,Hiroshima-shi,西区,ニシク,Nishi-ku,井口鈴が台,イノクチスズガダイ,Inokuchi Suzugadai,二丁目,２チョウメ,2,,,,,1,1,0,0,0,0,1,1,1947-04-17,,0,,,,,,,,,,,,,,,,
341045,0002003,2,広島県,ヒロシマケン,Hiroshima,,,,広島市,ヒロシマシ,Hiroshima-shi,西区,ニシク,Nishi-ku,井口鈴が台,イノクチスズガダイ,Inokuchi Suzugadai,三丁目,３チョウメ,3,,,,,1,1,0,0,0,0,1,1,1947-04-17,,0,,,,,,,,,,,,,,,,
341045,0003001,2,広島県,ヒロシマケン,Hiroshima,,,,広島市,ヒロシマシ,Hiroshima-shi,西区,ニシク,Nishi-ku,井口台,イノクチダイ,Inokuchidai,一丁目,１チョウメ,1,,,,,1,1,0,0,0,0,1,1,1947-04-17,,0,,,,,,,,,,,,,,,,
341045,0003002,2,広島県,ヒロシマケン,Hiroshima,,,,広島市,ヒロシマシ,Hiroshima-shi,西区,ニシク,Nishi-ku,井口台,イノクチダイ,Inokuchidai,二丁目,２チョウメ,2,,,,,1,1,0,0,0,0,1,1,1947-04-17,,0,,,,,,,,,,,,,,,,
341045,0003003,2,広島県,ヒロシマケン,Hiroshima,,,,広島市,ヒロシマシ,Hiroshima-shi,西区,ニシク,Nishi-ku,井口台,イノクチダイ,Inokuchidai,三丁目,３チョウメ,3,,,,,1,1,0,0,0,0,1,1,1947-04-17,,0,,,,,,,,,,,,,,,,
341045,0003004,2,広島県,ヒロシマケン,Hiroshima,,,,広島市,ヒロシマシ,Hiroshima-shi,西区,ニシク,Nishi-ku,井口台,イノクチダイ,Inokuchidai,四丁目,４チョウメ,4,,,,,1,1,0,0,0,0,1,1,1947-04-17,,0,,,,,,,,,,,,,,,,
341045,0004000,1,広島県,ヒロシマケン,Hiroshima,,,,広島市,ヒロシマシ,Hiroshima-shi,西区,ニシク,Nishi-ku,井口町,イノクチチョウ,Inokuchicho,,,,,,,,0,0,0,0,0,0,1,1,1947-04-17,,0,7330845,,,,,,,,,,,,,,,
341045,0005001,2,広島県,ヒロシマケン,Hiroshima,,,,広島市,ヒロシマシ,Hiroshima-shi,西区,ニシク,Nishi-ku,井口明神,イノクチミョウジン,Inokuchi Myojin,一丁目,１チョウメ,1,,,,,1,1,0,0,0,0,1,1,1947-04-17,,0,,,,,,,,,,,,,,,,
341045,0005002,2,広島県,ヒロシマケン,Hiroshima,,,,広島市,ヒロシマシ,Hiroshima-shi,西区,ニシク,Nishi-ku,井口明神,イノクチミョウジン,Inokuchi Myojin,二丁目,２チョウメ,2,,,,,1,1,0,0,0,0,1,1,1947-04-17,,0,,,,,,,,,,,,,,,,
341045,0005003,2,広島県,ヒロシマケン,Hiroshima,,,,広島市,ヒロシマシ,Hiroshima-shi,西区,ニシク,Nishi-ku,井口明神,イノクチミョウジン,Inokuchi Myojin,三丁目,３チョウメ,3,,,,,1,1,0,0,0,0,1,1,1947-04-17,,0,,,,,,,,,,,,,,,,
341045,0006000,1,広島県,ヒロシマケン,Hiroshima,,,,広島市,ヒロシマシ,Hiroshima-shi,西区,ニシク,Nishi-ku,打越町,ウチコシチョウ,Uchikoshicho,,,,,,,,1,1,0,0,0,0,1,1,1947-04-17,,0,7330004,,,,,,,,,,,,,,,
341045,0007001,2,広島県,ヒロシマケン,Hiroshima,,,,広島市,ヒロシマシ,Hiroshima-shi,西区,ニシク,Nishi-ku,扇,オオギ,Ogi,一丁目,１チョウメ,1,,,,,1,1,0,0,0,0,1,1,1947-04-17,,0,,,,,,,,,,,,,,,,
341045,0007002,2,広島県,ヒロシマケン,Hiroshima,,,,広島市,ヒロシマシ,Hiroshima-shi,西区,ニシク,Nishi-ku,扇,オオギ,Ogi,二丁目,２チョウメ,2,,,,,1,1,0,0,0,0,1,1,1947-04-17,,0,,,,,,,,,,,,,,,,
341045,0008001,2,広島県,ヒロシマケン,Hiroshima,,,,広島市,ヒロシマシ,Hiroshima-shi,西区,ニシク,Nishi-ku,大芝,オオシバ,Oshiba,一丁目,１チョウメ,1,,,,,1,1,0,0,0,0,1,1,1947-04-17,,0,,,,,,,,,,,,,,,,
341045,0008002,2,広島県,ヒロシマケン,Hiroshima,,,,広島市,ヒロシマシ,Hiroshima-shi,西区,ニシク,Nishi-ku,大芝,オオシバ,Oshiba,二丁目,２チョウメ,2,,,,,1,1,0,0,0,0,1,1,1947-04-17,,0,,,,,,,,,,,,,,,,
341045,0008003,2,広島県,ヒロシマケン,Hiroshima,,,,広島市,ヒロシマシ,Hiroshima-shi,西区,ニシク,Nishi-ku,大芝,オオシバ,Oshiba,三丁目,３チョウメ,3,,,,,1,1,0,0,0,0,1,1,1947-04-17,,0,,,,,,,,,,,,,,,,
341045,0009000,1,広島県,ヒロシマケン,Hiroshima,,,,広島市,ヒロシマシ,Hiroshima-shi,西区,ニシク,Nishi-ku,大芝公園,オオシバコウエン,,,,,,,,,1,1,0,0,0,0,1,1,1947-04-17,,0,,,,,,,,,,,,,,,,
341045,0010001,2,広島県,ヒロシマケン,Hiroshima,,,,広島市,ヒロシマシ,Hiroshima-shi,西区,ニシク,Nishi-ku,大宮,オオミヤ,Omiya,一丁目,１チョウメ,1,,,,,1,1,0,0,0,0,1,1,1947-04-17,,0,,,,,,,,,,,,,,,,
341045,0010002,2,広島県,ヒロシマケン,Hiroshima,,,,広島市,ヒロシマシ,Hiroshima-shi,西区,ニシク,Nishi-ku,大宮,オオミヤ,Omiya,二丁目,２チョウメ,2,,,,,1,1,0,0,0,0,1,1,1947-04-17,,0,,,,,,,,,,,,,,,,
341045,0010003,2,広島県,ヒロシマケン,Hiroshima,,,,広島市,ヒロシマシ,Hiroshima-shi,西区,ニシク,Nishi-ku,大宮,オオミヤ,Omiya,三丁目,３チョウメ,3,,,,,1,1,0,0,0,0,1,1,1947-04-17,,0,,,,,,,,,,,,,,,,
341045,0011001,2,広島県,ヒロシマケン,Hiroshima,,,,広島市,ヒロシマシ,Hiroshima-shi,西区,ニシク,Nishi-ku,小河内町,オガワチマチ,Ogawachimachi,一丁目,１チョウメ,1,,,,,1,1,0,0,0,0,1,1,1947-04-17,,0,,,,,,,,,,,,,,,,
341045,0011002,2,広島県,ヒロシマケン,Hiroshima,,,,広島市,ヒロシマシ,Hiroshima-shi,西区,ニシク,Nishi-ku,小河内町,オガワチマチ,Ogawachimachi,二丁目,２チョウメ,2,,,,,1,1,0,0,0,0,1,1,1947-04-17,,0,,,,,,,,,,,,,,,,
341045,0012000,1,広島県,ヒロシマケン,Hiroshima,,,,広島市,ヒロシマシ,Hiroshima-shi,西区,ニシク,Nishi-ku,上天満町,カミテンマチョウ,Kamitemmacho,,,,,,,,1,1,0,0,0,0,1,1,1947-04-17,,0,7330021,,,,,,,,,,,,,,,
341045,0013001,2,広島県,ヒロシマケン,Hiroshima,,,,広島市,ヒロシマシ,Hiroshima-shi,西区,ニシク,Nishi-ku,観音新町,カンオンシンマチ,Kanon Shimmachi,一丁目,１チョウメ,1,,,,,1,1,0,0,0,0,1,1,1947-04-17,,0,,,,,,,,,,,,,,,,
341045,0013002,2,広島県,ヒロシマケン,Hiroshima,,,,広島市,ヒロシマシ,Hiroshima-shi,西区,ニシク,Nishi-ku,観音新町,カンオンシンマチ,Kanon Shimmachi,二丁目,２チョウメ,2,,,,,1,1,0,0,0,0,1,1,1947-04-17,,0,,,,,,,,,,,,,,,,
341045,0013003,2,広島県,ヒロシマケン,Hiroshima,,,,広島市,ヒロシマシ,Hiroshima-shi,西区,ニシク,Nishi-ku,観音新町,カンオンシンマチ,Kanon Shimmachi,三丁目,３チョウメ,3,,,,,1,1,0,0,0,0,1,1,1947-04-17,,0,,,,,,,,,,,,,,,,
341045,0013004,2,広島県,ヒロシマケン,Hiroshima,,,,広島市,ヒロシマシ,Hiroshima-shi,西区,ニシク,Nishi-ku,観音新町,カンオンシンマチ,Kanon Shimmachi,四丁目,４チョウメ,4,,,,,1,1,0,0,0,0,1,1,1947-04-17,,0,,,,,,,,,,,,,,,,
341045,0014001,2,広島県,ヒロシマケン,Hiroshima,,,,広島市,ヒロシマシ,Hiroshima-shi,西区,ニシク,Nishi-ku,観音本町,カンオンホンマチ,Kanon Hommachi,一丁目,１チョウメ,1,,,,,1,1,0,0,0,0,1,1,1947-04-17,,0,,,,,,,,,,,,,,,,
341045,0014002,2,広島県,ヒロシマケン,Hiroshima,,,,広島市,ヒロシマシ,Hiroshima-shi,西区,ニシク,Nishi-ku,観音本町,カンオンホンマチ,Kanon Hommachi,二丁目,２チョウメ,2,,,,,1,1,0,0,0,0,1,1,1947-04-17,,0,,,,,,,,,,,,,,,,
341045,0015000,1,広島県,ヒロシマケン,Hiroshima,,,,広島市,ヒロシマシ,Hiroshima-shi,西区,ニシク,Nishi-ku,観音町,カンオンマチ,Kanommachi,,,,,,,,1,1,0,0,0,0,1,1,1947-04-17,,0,7330031,,,,,,,,,,,,,,,
341045,0016000,1,広島県,ヒロシマケン,Hiroshima,,,,広島市,ヒロシマシ,Hiroshima-shi,西区,ニシク,Nishi-ku,草津梅が台,クサツウメガダイ,Kusatsumegadai,,,,,,,,1,1,0,0,0,0,1,1,1947-04-17,,0,7330864,,,,,,,,,,,,,,,
341045,0017001,2,広島県,ヒロシマケン,Hiroshima,,,,広島市,ヒロシマシ,Hiroshima-shi,西区,ニシク,Nishi-ku,草津港,クサツコウ,Kusatsuko,一丁目,１チョウメ,1,,,,,1,1,0,0,0,0,1,1,1947-04-17,,0,,,,,,,,,,,,,,,,
341045,0017002,2,広島県,ヒロシマケン,Hiroshima,,,,広島市,ヒロシマシ,Hiroshima-shi,西区,ニシク,Nishi-ku,草津港,クサツコウ,Kusatsuko,二丁目,２チョウメ,2,,,,,1,1,0,0,0,0,1,1,1947-04-17,,0,,,,,,,,,,,,,,,,
341045,0017003,2,広島県,ヒロシマケン,Hiroshima,,,,広島市,ヒロシマシ,Hiroshima-shi,西区,ニシク,Nishi-ku,草津港,クサツコウ,Kusatsuko,三丁目,３チョウメ,3,,,,,1,1,0,0,0,0,1,1,1947-04-17,,0,,,,,,,,,,,,,,,,
341045,0018001,2,広島県,ヒロシマケン,Hiroshima,,,,広島市,ヒロシマシ,Hiroshima-shi,西区,ニシク,Nishi-ku,草津新町,クサツシンマチ,Kusatsushimmachi,一丁目,１チョウメ,1,,,,,1,1,0,0,0,0,1,1,1947-04-17,,0,,,,,,,,,,,,,,,,
341045,0018002,2,広島県,ヒロシマケン,Hiroshima,,,,広島市,ヒロシマシ,Hiroshima-shi,西区,ニシク,Nishi-ku,草津新町,クサツシンマチ,Kusatsushimmachi,二丁目,２チョウメ,2,,,,,1,1,0,0,0,0,1,1,1947-04-17,,0,,,,,,,,,,,,,,,,
341045,0019000,1,広島県,ヒロシマケン,Hiroshima,,,,広島市,ヒロシマシ,Hiroshima-shi,西区,ニシク,Nishi-ku,草津浜町,クサツハママチ,Kusatsuhamamachi,,,,,,,,1,1,0,0,0,0,1,1,1947-04-17,,0,7330862,,,,,,,,,,,,,,,
341045,0020001,2,広島県,ヒロシマケン,Hiroshima,,,,広島市,ヒロシマシ,Hiroshima-shi,西区,ニシク,Nishi-ku,草津東,クサツヒガシ,Kusatsuhigashi,一丁目,１チョウメ,1,,,,,1,1,0,0,0,0,1,1,1947-04-17,,0,,,,,,,,,,,,,,,,
341045,0020002,2,広島県,ヒロシマケン,Hiroshima,,,,広島市,ヒロシマシ,Hiroshima-shi,西区,ニシク,Nishi-ku,草津東,クサツヒガシ,Kusatsuhigashi,二丁目,２チョウメ,2,,,,,1,1,0,0,0,0,1,1,1947-04-17,,0,,,,,,,,,,,,,,,,
341045,0020003,2,広島県,ヒロシマケン,Hiroshima,,,,広島市,ヒロシマシ,Hiroshima-shi,西区,ニシク,Nishi-ku,草津東,クサツヒガシ,Kusatsuhigashi,三丁目,３チョウメ,3,,,,,1,1,0,0,0,0,1,1,1947-04-17,,0,,,,,,,,,,,,,,,,
341045,0021000,1,広島県,ヒロシマケン,Hiroshima,,,,広島市,ヒロシマシ,Hiroshima-shi,西区,ニシク,Nishi-ku,草津本町,クサツホンマチ,Kusatsuhommachi,,,,,,,,1,1,0,0,0,0,1,1,1947-04-17,,0,7330865,,,,,,,,,,,,,,,
341045,0022001,2,広島県,ヒロシマケン,Hiroshima,,,,広島市,ヒロシマシ,Hiroshima-shi,西区,ニシク,Nishi-ku,草津南,クサツミナミ,Kusatsuminami,一丁目,１チョウメ,1,,,,,1,1,0,0,0,0,1,1,1947-04-17,,0,,,,,,,,,,,,,,,,
341045,0022002,2,広島県,ヒロシマケン,Hiroshima,,,,広島市,ヒロシマシ,Hiroshima-shi,西区,ニシク,Nishi-ku,草津南,クサツミナミ,Kusatsuminami,二丁目,２チョウメ,2,,,,,1,1,0,0,0,0,1,1,1947-04-17,,0,,,,,,,,,,,,,,,,
341045,0022003,2,広島県,ヒロシマケン,Hiroshima,,,,広島市,ヒロシマシ,Hiroshima-shi,西区,ニシク,Nishi-ku,草津南,クサツミナミ,Kusatsuminami,三丁目,３チョウメ,3,,,,,1,1,0,0,0,0,1,1,1947-04-17,,0,,,,,,,,,,,,,,,,
341045,0022004,2,広島県,ヒロシマケン,Hiroshima,,,,広島市,ヒロシマシ,Hiroshima-shi,西区,ニシク,Nishi-ku,草津南,クサツミナミ,Kusatsuminami,四丁目,４チョウメ,4,,,,,1,1,0,0,0,0,1,1,1947-04-17,,0,,,,,,,,,,,,,,,,
341045,0023001,2,広島県,ヒロシマケン,Hiroshima,,,,広島市,ヒロシマシ,Hiroshima-shi,西区,ニシク,Nishi-ku,楠木町,クスノキチョウ,Kusunokicho,一丁目,１チョウメ,1,,,,,1,1,0,0,0,0,1,1,1947-04-17,,0,,,,,,,,,,,,,,,,
341045,0023002,2,広島県,ヒロシマケン,Hiroshima,,,,広島市,ヒロシマシ,Hiroshima-shi,西区,ニシク,Nishi-ku,楠木町,クスノキチョウ,Kusunokicho,二丁目,２チョウメ,2,,,,,1,1,0,0,0,0,1,1,1947-04-17,,0,,,,,,,,,,,,,,,,
341045,0023003,2,広島県,ヒロシマケン,Hiroshima,,,,広島市,ヒロシマシ,Hiroshima-shi,西区,ニシク,Nishi-ku,楠木町,クスノキチョウ,Kusunokicho,三丁目,３チョウメ,3,,,,,1,1,0,0,0,0,1,1,1947-04-17,,0,,,,,,,,,,,,,,,,
341045,0023004,2,広島県,ヒロシマケン,Hiroshima,,,,広島市,ヒロシマシ,Hiroshima-shi,西区,ニシク,Nishi-ku,楠木町,クスノキチョウ,Kusunokicho,四丁目,４チョウメ,4,,,,,1,1,0,0,0,0,1,1,1947-04-17,,0,,,,,,,,,,,,,,,,
341045,0024001,2,広島県,ヒロシマケン,Hiroshima,,,,広島市,ヒロシマシ,Hiroshima-shi,西区,ニシク,Nishi-ku,己斐上,コイウエ,Koi Ue,一丁目,１チョウメ,1,,,,,1,1,0,0,0,0,1,1,1947-04-17,,0,,,,,,,,,,,,,,,,
341045,0024002,2,広島県,ヒロシマケン,Hiroshima,,,,広島市,ヒロシマシ,Hiroshima-shi,西区,ニシク,Nishi-ku,己斐上,コイウエ,Koi Ue,二丁目,２チョウメ,2,,,,,1,1,0,0,0,0,1,1,1947-04-17,,0,,,,,,,,,,,,,,,,
341045,0024003,2,広島県,ヒロシマケン,Hiroshima,,,,広島市,ヒロシマシ,Hiroshima-shi,西区,ニシク,Nishi-ku,己斐上,コイウエ,Koi Ue,三丁目,３チョウメ,3,,,,,1,1,0,0,0,0,1,1,1947-04-17,,0,,,,,,,,,,,,,,,,
341045,0024004,2,広島県,ヒロシマケン,Hiroshima,,,,広島市,ヒロシマシ,Hiroshima-shi,西区,ニシク,Nishi-ku,己斐上,コイウエ,Koi Ue,四丁目,４チョウメ,4,,,,,1,1,0,0,0,0,1,1,1947-04-17,,0,,,,,,,,,,,,,,,,
341045,0024005,2,広島県,ヒロシマケン,Hiroshima,,,,広島市,ヒロシマシ,Hiroshima-shi,西区,ニシク,Nishi-ku,己斐上,コイウエ,Koi Ue,五丁目,５チョウメ,5,,,,,1,1,0,0,0,0,1,1,1947-04-17,,0,,,,,,,,,,,,,,,,
341045,0024006,2,広島県,ヒロシマケン,Hiroshima,,,,広島市,ヒロシマシ,Hiroshima-shi,西区,ニシク,Nishi-ku,己斐上,コイウエ,Koi Ue,六丁目,６チョウメ,6,,,,,0,0,0,0,0,0,1,1,1947-04-17,,0,,,,,,,,,,,,,,,,
341045,0025001,2,広島県,ヒロシマケン,Hiroshima,,,,広島市,ヒロシマシ,Hiroshima-shi,西区,ニシク,Nishi-ku,己斐大迫,コイオオサコ,Koi Osako,一丁目,１チョウメ,1,,,,,1,1,0,0,0,0,1,1,1947-04-17,,0,,,,,,,,,,,,,,,,
341045,0025002,2,広島県,ヒロシマケン,Hiroshima,,,,広島市,ヒロシマシ,Hiroshima-shi,西区,ニシク,Nishi-ku,己斐大迫,コイオオサコ,Koi Osako,二丁目,２チョウメ,2,,,,,1,1,0,0,0,0,1,1,1947-04-17,,0,,,,,,,,,,,,,,,,
341045,0025003,2,広島県,ヒロシマケン,Hiroshima,,,,広島市,ヒロシマシ,Hiroshima-shi,西区,ニシク,Nishi-ku,己斐大迫,コイオオサコ,Koi Osako,三丁目,３チョウメ,3,,,,,1,1,0,0,0,0,1,1,1947-04-17,,0,,,,,,,,,,,,,,,,
341045,0026001,2,広島県,ヒロシマケン,Hiroshima,,,,広島市,ヒロシマシ,Hiroshima-shi,西区,ニシク,Nishi-ku,己斐中,コイナカ,Koi Naka,一丁目,１チョウメ,1,,,,,1,1,0,0,0,0,1,1,1947-04-17,,0,,,,,,,,,,,,,,,,
341045,0026002,2,広島県,ヒロシマケン,Hiroshima,,,,広島市,ヒロシマシ,Hiroshima-shi,西区,ニシク,Nishi-ku,己斐中,コイナカ,Koi Naka,二丁目,２チョウメ,2,,,,,1,1,0,0,0,0,1,1,1947-04-17,,0,,,,,,,,,,,,,,,,
341045,0026003,2,広島県,ヒロシマケン,Hiroshima,,,,広島市,ヒロシマシ,Hiroshima-shi,西区,ニシク,Nishi-ku,己斐中,コイナカ,Koi Naka,三丁目,３チョウメ,3,,,,,1,1,0,0,0,0,1,1,1947-04-17,,0,,,,,,,,,,,,,,,,
341045,0027000,1,広島県,ヒロシマケン,Hiroshima,,,,広島市,ヒロシマシ,Hiroshima-shi,西区,ニシク,Nishi-ku,己斐西町,コイニシマチ,Koi Nishimachi,,,,,,,,1,1,0,0,0,0,1,1,1947-04-17,,0,7330814,,,,,,,,,,,,,,,
341045,0028001,2,広島県,ヒロシマケン,Hiroshima,,,,広島市,ヒロシマシ,Hiroshima-shi,西区,ニシク,Nishi-ku,己斐東,コイヒガシ,Koi Higashi,一丁目,１チョウメ,1,,,,,1,1,0,0,0,0,1,1,1947-04-17,,0,,,,,,,,,,,,,,,,
341045,0028002,2,広島県,ヒロシマケン,Hiroshima,,,,広島市,ヒロシマシ,Hiroshima-shi,西区,ニシク,Nishi-ku,己斐東,コイヒガシ,Koi Higashi,二丁目,２チョウメ,2,,,,,1,1,0,0,0,0,1,1,1947-04-17,,0,,,,,,,,,,,,,,,,
341045,0029001,2,広島県,ヒロシマケン,Hiroshima,,,,広島市,ヒロシマシ,Hiroshima-shi,西区,ニシク,Nishi-ku,己斐本町,コイホンマチ,Koi Hommachi,一丁目,１チョウメ,1,,,,,1,1,0,0,0,0,1,1,1947-04-17,,0,,,,,,,,,,,,,,,,
341045,0029002,2,広島県,ヒロシマケン,Hiroshima,,,,広島市,ヒロシマシ,Hiroshima-shi,西区,ニシク,Nishi-ku,己斐本町,コイホンマチ,Koi Hommachi,二丁目,２チョウメ,2,,,,,1,1,0,0,0,0,1,1,1947-04-17,,0,,,,,,,,,,,,,,,,
341045,0029003,2,広島県,ヒロシマケン,Hiroshima,,,,広島市,ヒロシマシ,Hiroshima-shi,西区,ニシク,Nishi-ku,己斐本町,コイホンマチ,Koi Hommachi,三丁目,３チョウメ,3,,,,,1,1,0,0,0,0,1,1,1947-04-17,,0,,,,,,,,,,,,,,,,
341045,0030000,1,広島県,ヒロシマケン,Hiroshima,,,,広島市,ヒロシマシ,Hiroshima-shi,西区,ニシク,Nishi-ku,己斐町,コイマチ,,,,,,,,,0,0,0,0,0,0,1,1,1947-04-17,,0,,,,,,,,,,,,,,,,
341045,0031001,2,広島県,ヒロシマケン,Hiroshima,,,,広島市,ヒロシマシ,Hiroshima-shi,西区,ニシク,Nishi-ku,庚午北,コウゴキタ,Kogo Kita,一丁目,１チョウメ,1,,,,,1,1,0,0,0,0,1,1,1947-04-17,,0,,,,,,,,,,,,,,,,
341045,0031002,2,広島県,ヒロシマケン,Hiroshima,,,,広島市,ヒロシマシ,Hiroshima-shi,西区,ニシク,Nishi-ku,庚午北,コウゴキタ,Kogo Kita,二丁目,２チョウメ,2,,,,,1,1,0,0,0,0,1,1,1947-04-17,,0,,,,,,,,,,,,,,,,
341045,0031003,2,広島県,ヒロシマケン,Hiroshima,,,,広島市,ヒロシマシ,Hiroshima-shi,西区,ニシク,Nishi-ku,庚午北,コウゴキタ,Kogo Kita,三丁目,３チョウメ,3,,,,,1,1,0,0,0,0,1,1,1947-04-17,,0,,,,,,,,,,,,,,,,
341045,0031004,2,広島県,ヒロシマケン,Hiroshima,,,,広島市,ヒロシマシ,Hiroshima-shi,西区,ニシク,Nishi-ku,庚午北,コウゴキタ,Kogo Kita,四丁目,４チョウメ,4,,,,,1,1,0,0,0,0,1,1,1947-04-17,,0,,,,,,,,,,,,,,,,
341045,0032001,2,広島県,ヒロシマケン,Hiroshima,,,,広島市,ヒロシマシ,Hiroshima-shi,西区,ニシク,Nishi-ku,庚午中,コウゴナカ,Kogo Naka,一丁目,１チョウメ,1,,,,,1,1,0,0,0,0,1,1,1947-04-17,,0,,,,,,,,,,,,,,,,
341045,0032002,2,広島県,ヒロシマケン,Hiroshima,,,,広島市,ヒロシマシ,Hiroshima-shi,西区,ニシク,Nishi-ku,庚午中,コウゴナカ,Kogo Naka,二丁目,２チョウメ,2,,,,,1,1,0,0,0,0,1,1,1947-04-17,,0,,,,,,,,,,,,,,,,
341045,0032003,2,広島県,ヒロシマケン,Hiroshima,,,,広島市,ヒロシマシ,Hiroshima-shi,西区,ニシク,Nishi-ku,庚午中,コウゴナカ,Kogo Naka,三丁目,３チョウメ,3,,,,,1,1,0,0,0,0,1,1,1947-04-17,,0,,,,,,,,,,,,,,,,
341045,0032004,2,広島県,ヒロシマケン,Hiroshima,,,,広島市,ヒロシマシ,Hiroshima-shi,西区,ニシク,Nishi-ku,庚午中,コウゴナカ,Kogo Naka,四丁目,４チョウメ,4,,,,,1,1,0,0,0,0,1,1,1947-04-17,,0,,,,,,,,,,,,,,,,
341045,0033001,2,広島県,ヒロシマケン,Hiroshima,,,,広島市,ヒロシマシ,Hiroshima-shi,西区,ニシク,Nishi-ku,庚午南,コウゴミナミ,Kogo Minami,一丁目,１チョウメ,1,,,,,1,1,0,0,0,0,1,1,1947-04-17,,0,,,,,,,,,,,,,,,,
341045,0033002,2,広島県,ヒロシマケン,Hiroshima,,,,広島市,ヒロシマシ,Hiroshima-shi,西区,ニシク,Nishi-ku,庚午南,コウゴミナミ,Kogo Minami,二丁目,２チョウメ,2,,,,,1,1,0,0,0,0,1,1,1947-04-17,,0,,,,,,,,,,,,,,,,
341045,0034001,2,広島県,ヒロシマケン,Hiroshima,,,,広島市,ヒロシマシ,Hiroshima-shi,西区,ニシク,Nishi-ku,商工センター,ショウコウセンター,Shokosenta,一丁目,１チョウメ,1,,,,,1,1,0,0,0,0,1,1,1947-04-17,,0,,,,,,,,,,,,,,,,
341045,0034002,2,広島県,ヒロシマケン,Hiroshima,,,,広島市,ヒロシマシ,Hiroshima-shi,西区,ニシク,Nishi-ku,商工センター,ショウコウセンター,Shokosenta,二丁目,２チョウメ,2,,,,,1,1,0,0,0,0,1,1,1947-04-17,,0,,,,,,,,,,,,,,,,
341045,0034003,2,広島県,ヒロシマケン,Hiroshima,,,,広島市,ヒロシマシ,Hiroshima-shi,西区,ニシク,Nishi-ku,商工センター,ショウコウセンター,Shokosenta,三丁目,３チョウメ,3,,,,,1,1,0,0,0,0,1,1,1947-04-17,,0,,,,,,,,,,,,,,,,
341045,0034004,2,広島県,ヒロシマケン,Hiroshima,,,,広島市,ヒロシマシ,Hiroshima-shi,西区,ニシク,Nishi-ku,商工センター,ショウコウセンター,Shokosenta,四丁目,４チョウメ,4,,,,,1,1,0,0,0,0,1,1,1947-04-17,,0,,,,,,,,,,,,,,,,
341045,0034005,2,広島県,ヒロシマケン,Hiroshima,,,,広島市,ヒロシマシ,Hiroshima-shi,西区,ニシク,Nishi-ku,商工センター,ショウコウセンター,Shokosenta,五丁目,５チョウメ,5,,,,,1,1,0,0,0,0,1,1,1947-04-17,,0,,,,,,,,,,,,,,,,
341045,0034006,2,広島県,ヒロシマケン,Hiroshima,,,,広島市,ヒロシマシ,Hiroshima-shi,西区,ニシク,Nishi-ku,商工センター,ショウコウセンター,Shokosenta,六丁目,６チョウメ,6,,,,,1,1,0,0,0,0,1,1,1947-04-17,,0,,,,,,,,,,,,,,,,
341045,0034007,2,広島県,ヒロシマケン,Hiroshima,,,,広島市,ヒロシマシ,Hiroshima-shi,西区,ニシク,Nishi-ku,商工センター,ショウコウセンター,Shokosenta,七丁目,７チョウメ,7,,,,,1,1,0,0,0,0,1,1,1947-04-17,,0,,,,,,,,,,,,,,,,
341045,0034008,2,広島県,ヒロシマケン,Hiroshima,,,,広島市,ヒロシマシ,Hiroshima-shi,西区,ニシク,Nishi-ku,商工センター,ショウコウセンター,Shokosenta,八丁目,８チョウメ,8,,,,,1,1,0,0,0,0,1,1,1947-04-17,,0,,,,,,,,,,,,,,,,
341045,0035000,1,広島県,ヒロシマケン,Hiroshima,,,,広島市,ヒロシマシ,Hiroshima-shi,西区,ニシク,Nishi-ku,新庄町,シンジョウチョウ,Shinjocho,,,,,,,,1,1,0,0,0,0,1,1,1947-04-17,,0,7330801,,,,,,,,,,,,,,,
341045,0036000,1,広島県,ヒロシマケン,Hiroshima,,,,広島市,ヒロシマシ,Hiroshima-shi,西区,ニシク,Nishi-ku,鈴が峰町,スズガミネチョウ,Suzugaminecho,,,,,,,,1,1,0,0,0,0,1,1,1947-04-17,,0,7330852,,,,,,,,,,,,,,,
341045,0037001,2,広島県,ヒロシマケン,Hiroshima,,,,広島市,ヒロシマシ,Hiroshima-shi,西区,ニシク,Nishi-ku,高須,タカス,Takasu,一丁目,１チョウメ,1,,,,,1,1,0,0,0,0,1,1,1947-04-17,,0,,,,,,,,,,,,,,,,
341045,0037002,2,広島県,ヒロシマケン,Hiroshima,,,,広島市,ヒロシマシ,Hiroshima-shi,西区,ニシク,Nishi-ku,高須,タカス,Takasu,二丁目,２チョウメ,2,,,,,1,1,0,0,0,0,1,1,1947-04-17,,0,,,,,,,,,,,,,,,,
341045,0037003,2,広島県,ヒロシマケン,Hiroshima,,,,広島市,ヒロシマシ,Hiroshima-shi,西区,ニシク,Nishi-ku,高須,タカス,Takasu,三丁目,３チョウメ,3,,,,,1,1,0,0,0,0,1,1,1947-04-17,,0,,,,,,,,,,,,,,,,
341045,0037004,2,広島県,ヒロシマケン,Hiroshima,,,,広島市,ヒロシマシ,Hiroshima-shi,西区,ニシク,Nishi-ku,高須,タカス,Takasu,四丁目,４チョウメ,4,,,,,1,1,0,0,0,0,1,1,1947-04-17,,0,,,,,,,,,,,,,,,,
341045,0038001,2,広島県,ヒロシマケン,Hiroshima,,,,広島市,ヒロシマシ,Hiroshima-shi,西区,ニシク,Nishi-ku,高須台,タカスダイ,Takasudai,一丁目,１チョウメ,1,,,,,1,1,0,0,0,0,1,1,1947-04-17,,0,,,,,,,,,,,,,,,,
341045,0038002,2,広島県,ヒロシマケン,Hiroshima,,,,広島市,ヒロシマシ,Hiroshima-shi,西区,ニシク,Nishi-ku,高須台,タカスダイ,Takasudai,二丁目,２チョウメ,2,,,,,1,1,0,0,0,0,1,1,1947-04-17,,0,,,,,,,,,,,,,,,,
341045,0038003,2,広島県,ヒロシマケン,Hiroshima,,,,広島市,ヒロシマシ,Hiroshima-shi,西区,ニシク,Nishi-ku,高須台,タカスダイ,Takasudai,三丁目,３チョウメ,3,,,,,1,1,0,0,0,0,1,1,1947-04-17,,0,,,,,,,,,,,,,,,,
341045,0038004,2,広島県,ヒロシマケン,Hiroshima,,,,広島市,ヒロシマシ,Hiroshima-shi,西区,ニシク,Nishi-ku,高須台,タカスダイ,Takasudai,四丁目,４チョウメ,4,,,,,1,1,0,0,0,0,1,1,1947-04-17,,0,,,,,,,,,,,,,,,,
341045,0038005,2,広島県,ヒロシマケン,Hiroshima,,,,広島市,ヒロシマシ,Hiroshima-shi,西区,ニシク,Nishi-ku,高須台,タカスダイ,Takasudai,五丁目,５チョウメ,5,,,,,1,1,0,0,0,0,1,1,1947-04-17,,0,,,,,,,,,,,,,,,,
341045,0038006,2,広島県,ヒロシマケン,Hiroshima,,,,広島市,ヒロシマシ,Hiroshima-shi,西区,ニシク,Nishi-ku,高須台,タカスダイ,Takasudai,六丁目,６チョウメ,6,,,,,1,1,0,0,0,0,1,1,1947-04-17,,0,,,,,,,,,,,,,,,,
341045,0039001,2,広島県,ヒロシマケン,Hiroshima,,,,広島市,ヒロシマシ,Hiroshima-shi,西区,ニシク,Nishi-ku,田方,タカタ,Takata,一丁目,１チョウメ,1,,,,,1,1,0,0,0,0,1,1,1947-04-17,,0,,,,,,,,,,,,,,,,
341045,0039002,2,広島県,ヒロシマケン,Hiroshima,,,,広島市,ヒロシマシ,Hiroshima-shi,西区,ニシク,Nishi-ku,田方,タカタ,Takata,二丁目,２チョウメ,2,,,,,1,1,0,0,0,0,1,1,1947-04-17,,0,,,,,,,,,,,,,,,,
341045,0039003,2,広島県,ヒロシマケン,Hiroshima,,,,広島市,ヒロシマシ,Hiroshima-shi,西区,ニシク,Nishi-ku,田方,タカタ,Takata,三丁目,３チョウメ,3,,,,,0,0,0,0,0,0,1,1,1947-04-17,,0,,,,,,,,,,,,,,,,
341045,0040000,1,広島県,ヒロシマケン,Hiroshima,,,,広島市,ヒロシマシ,Hiroshima-shi,西区,ニシク,Nishi-ku,天満町,テンマチョウ,Temmacho,,,,,,,,1,1,0,0,0,0,1,1,1947-04-17,,0,7330022,,,,,,,,,,,,,,,
341045,0041001,2,広島県,ヒロシマケン,Hiroshima,,,,広島市,ヒロシマシ,Hiroshima-shi,西区,ニシク,Nishi-ku,中広町,ナカヒロマチ,Nakahiromachi,一丁目,１チョウメ,1,,,,,1,1,0,0,0,0,1,1,1947-04-17,,0,,,,,,,,,,,,,,,,
341045,0041002,2,広島県,ヒロシマケン,Hiroshima,,,,広島市,ヒロシマシ,Hiroshima-shi,西区,ニシク,Nishi-ku,中広町,ナカヒロマチ,Nakahiromachi,二丁目,２チョウメ,2,,,,,1,1,0,0,0,0,1,1,1947-04-17,,0,,,,,,,,,,,,,,,,
341045,0041003,2,広島県,ヒロシマケン,Hiroshima,,,,広島市,ヒロシマシ,Hiroshima-shi,西区,ニシク,Nishi-ku,中広町,ナカヒロマチ,Nakahiromachi,三丁目,３チョウメ,3,,,,,1,1,0,0,0,0,1,1,1947-04-17,,0,,,,,,,,,,,,,,,,
341045,0042000,1,広島県,ヒロシマケン,Hiroshima,,,,広島市,ヒロシマシ,Hiroshima-shi,西区,ニシク,Nishi-ku,西観音町,ニシカンオンマチ,Nishikanommachi,,,,,,,,1,1,0,0,0,0,1,1,1947-04-17,,0,7330037,,,,,,,,,,,,,,,
341045,0043000,1,広島県,ヒロシマケン,Hiroshima,,,,広島市,ヒロシマシ,Hiroshima-shi,西区,ニシク,Nishi-ku,東観音町,ヒガシカンオンマチ,Higashikanommachi,,,,,,,,1,1,0,0,0,0,1,1,1947-04-17,,0,7330032,,,,,,,,,,,,,,,
341045,0044001,2,広島県,ヒロシマケン,Hiroshima,,,,広島市,ヒロシマシ,Hiroshima-shi,西区,ニシク,Nishi-ku,福島町,フクシマチョウ,Fukushimacho,一丁目,１チョウメ,1,,,,,1,1,0,0,0,0,1,1,1947-04-17,,0,,,,,,,,,,,,,,,,
341045,0044002,2,広島県,ヒロシマケン,Hiroshima,,,,広島市,ヒロシマシ,Hiroshima-shi,西区,ニシク,Nishi-ku,福島町,フクシマチョウ,Fukushimacho,二丁目,２チョウメ,2,,,,,1,1,0,0,0,0,1,1,1947-04-17,,0,,,,,,,,,,,,,,,,
341045,0045001,2,広島県,ヒロシマケン,Hiroshima,,,,広島市,ヒロシマシ,Hiroshima-shi,西区,ニシク,Nishi-ku,古江上,フルエウエ,Furue Ue,一丁目,１チョウメ,1,,,,,0,0,0,0,0,0,1,1,1947-04-17,,0,,,,,,,,,,,,,,,,
341045,0045002,2,広島県,ヒロシマケン,Hiroshima,,,,広島市,ヒロシマシ,Hiroshima-shi,西区,ニシク,Nishi-ku,古江上,フルエウエ,Furue Ue,二丁目,２チョウメ,2,,,,,0,0,0,0,0,0,1,1,1947-04-17,,0,,,,,,,,,,,,,,,,
341045,0046000,1,広島県,ヒロシマケン,Hiroshima,,,,広島市,ヒロシマシ,Hiroshima-shi,西区,ニシク,Nishi-ku,古江新町,フルエシンマチ,Furue Shimmachi,,,,,,,,1,1,0,0,0,0,1,1,1947-04-17,,0,7330873,,,,,,,,,,,,,,,
341045,0047000,1,広島県,ヒロシマケン,Hiroshima,,,,広島市,ヒロシマシ,Hiroshima-shi,西区,ニシク,Nishi-ku,古江西町,フルエニシマチ,Furue Nishimachi,,,,,,,,1,1,0,0,0,0,1,1,1947-04-17,,0,7330874,,,,,,,,,,,,,,,
341045,0048000,1,広島県,ヒロシマケン,Hiroshima,,,,広島市,ヒロシマシ,Hiroshima-shi,西区,ニシク,Nishi-ku,古江東町,フルエヒガシマチ,Furue Higashimachi,,,,,,,,1,1,0,0,0,0,1,1,1947-04-17,,0,7330872,,,,,,,,,,,,,,,
341045,0049001,2,広島県,ヒロシマケン,Hiroshima,,,,広島市,ヒロシマシ,Hiroshima-shi,西区,ニシク,Nishi-ku,古田台,フルタダイ,Furutadai,一丁目,１チョウメ,1,,,,,1,1,0,0,0,0,1,1,1947-04-17,,0,,,,,,,,,,,,,,,,
341045,0049002,2,広島県,ヒロシマケン,Hiroshima,,,,広島市,ヒロシマシ,Hiroshima-shi,西区,ニシク,Nishi-ku,古田台,フルタダイ,Furutadai,二丁目,２チョウメ,2,,,,,1,1,0,0,0,0,1,1,1947-04-17,,0,,,,,,,,,,,,,,,,
341045,0050000,1,広島県,ヒロシマケン,Hiroshima,,,,広島市,ヒロシマシ,Hiroshima-shi,西区,ニシク,Nishi-ku,三篠北町,ミササキタマチ,Misasakitamachi,,,,,,,,1,1,0,0,0,0,1,1,1947-04-17,,0,7330006,,,,,,,,,,,,,,,
341045,0051001,2,広島県,ヒロシマケン,Hiroshima,,,,広島市,ヒロシマシ,Hiroshima-shi,西区,ニシク,Nishi-ku,三篠町,ミササマチ,Misasamachi,一丁目,１チョウメ,1,,,,,1,1,0,0,0,0,1,1,1947-04-17,,0,,,,,,,,,,,,,,,,
341045,0051002,2,広島県,ヒロシマケン,Hiroshima,,,,広島市,ヒロシマシ,Hiroshima-shi,西区,ニシク,Nishi-ku,三篠町,ミササマチ,Misasamachi,二丁目,２チョウメ,2,,,,,1,1,0,0,0,0,1,1,1947-04-17,,0,,,,,,,,,,,,,,,,
341045,0051003,2,広島県,ヒロシマケン,Hiroshima,,,,広島市,ヒロシマシ,Hiroshima-shi,西区,ニシク,Nishi-ku,三篠町,ミササマチ,Misasamachi,三丁目,３チョウメ,3,,,,,1,1,0,0,0,0,1,1,1947-04-17,,0,,,,,,,,,,,,,,,,
341045,0052001,2,広島県,ヒロシマケン,Hiroshima,,,,広島市,ヒロシマシ,Hiroshima-shi,西区,ニシク,Nishi-ku,三滝本町,ミタキホンマチ,Mitakihommachi,一丁目,１チョウメ,1,,,,,1,1,0,0,0,0,1,1,1947-04-17,,0,,,,,,,,,,,,,,,,
341045,0052002,2,広島県,ヒロシマケン,Hiroshima,,,,広島市,ヒロシマシ,Hiroshima-shi,西区,ニシク,Nishi-ku,三滝本町,ミタキホンマチ,Mitakihommachi,二丁目,２チョウメ,2,,,,,1,1,0,0,0,0,1,1,1947-04-17,,0,,,,,,,,,,,,,,,,
341045,0053000,1,広島県,ヒロシマケン,Hiroshima,,,,広島市,ヒロシマシ,Hiroshima-shi,西区,ニシク,Nishi-ku,三滝町,ミタキマチ,Mitakimachi,,,,,,,,1,1,0,0,0,0,1,1,1947-04-17,,0,7330005,,,,,,,,,,,,,,,
341045,0054000,1,広島県,ヒロシマケン,Hiroshima,,,,広島市,ヒロシマシ,Hiroshima-shi,西区,ニシク,Nishi-ku,三滝山,ミタキヤマ,Mitakiyama,,,,,,,,0,0,0,0,0,0,1,1,1947-04-17,,0,7330805,,,,,,,,,,,,,,,
341045,0055001,2,広島県,ヒロシマケン,Hiroshima,,,,広島市,ヒロシマシ,Hiroshima-shi,西区,ニシク,Nishi-ku,南観音,ミナミカンオン,Minamikanon,一丁目,１チョウメ,1,,,,,1,1,0,0,0,0,1,1,1947-04-17,,0,,,,,,,,,,,,,,,,
341045,0055002,2,広島県,ヒロシマケン,Hiroshima,,,,広島市,ヒロシマシ,Hiroshima-shi,西区,ニシク,Nishi-ku,南観音,ミナミカンオン,Minamikanon,二丁目,２チョウメ,2,,,,,1,1,0,0,0,0,1,1,1947-04-17,,0,,,,,,,,,,,,,,,,
341045,0055003,2,広島県,ヒロシマケン,Hiroshima,,,,広島市,ヒロシマシ,Hiroshima-shi,西区,ニシク,Nishi-ku,南観音,ミナミカンオン,Minamikanon,三丁目,３チョウメ,3,,,,,1,1,0,0,0,0,1,1,1947-04-17,,0,,,,,,,,,,,,,,,,
341045,0055004,2,広島県,ヒロシマケン,Hiroshima,,,,広島市,ヒロシマシ,Hiroshima-shi,西区,ニシク,Nishi-ku,南観音,ミナミカンオン,Minamikanon,四丁目,４チョウメ,4,,,,,1,1,0,0,0,0,1,1,1947-04-17,,0,,,,,,,,,,,,,,,,
341045,0055005,2,広島県,ヒロシマケン,Hiroshima,,,,広島市,ヒロシマシ,Hiroshima-shi,西区,ニシク,Nishi-ku,南観音,ミナミカンオン,Minamikanon,五丁目,５チョウメ,5,,,,,1,1,0,0,0,0,1,1,1947-04-17,,0,,,,,,,,,,,,,,,,
341045,0055006,2,広島県,ヒロシマケン,Hiroshima,,,,広島市,ヒロシマシ,Hiroshima-shi,西区,ニシク,Nishi-ku,南観音,ミナミカンオン,Minamikanon,六丁目,６チョウメ,6,,,,,1,1,0,0,0,0,1,1,1947-04-17,,0,,,,,,,,,,,,,,,,
341045,0055007,2,広島県,ヒロシマケン,Hiroshima,,,,広島市,ヒロシマシ,Hiroshima-shi,西区,ニシク,Nishi-ku,南観音,ミナミカンオン,Minamikanon,七丁目,７チョウメ,7,,,,,1,1,0,0,0,0,1,1,1947-04-17,,0,,,,,,,,,,,,,,,,
341045,0055008,2,広島県,ヒロシマケン,Hiroshima,,,,広島市,ヒロシマシ,Hiroshima-shi,西区,ニシク,Nishi-ku,南観音,ミナミカンオン,Minamikanon,八丁目,８チョウメ,8,,,,,1,1,0,0,0,0,1,1,1947-04-17,,0,,,,,,,,,,,,,,,,
341045,0056000,1,広島県,ヒロシマケン,Hiroshima,,,,広島市,ヒロシマシ,Hiroshima-shi,西区,ニシク,Nishi-ku,南観音町,ミナミカンオンマチ,Minamikanommachi,,,,,,,,1,1,0,0,0,0,1,1,1947-04-17,,0,7330034,,,,,,,,,,,,,,,
341045,0057000,1,広島県,ヒロシマケン,Hiroshima,,,,広島市,ヒロシマシ,Hiroshima-shi,西区,ニシク,Nishi-ku,都町,ミヤコマチ,Miyakomachi,,,,,,,,1,1,0,0,0,0,1,1,1947-04-17,,0,7330023,,,,,,,,,,,,,,,
341045,0058001,2,広島県,ヒロシマケン,Hiroshima,,,,広島市,ヒロシマシ,Hiroshima-shi,西区,ニシク,Nishi-ku,山田新町,ヤマダシンマチ,Yamadashimmachi,一丁目,１チョウメ,1,,,,,1,1,0,0,0,0,1,1,1947-04-17,,0,,,,,,,,,,,,,,,,
341045,0058002,2,広島県,ヒロシマケン,Hiroshima,,,,広島市,ヒロシマシ,Hiroshima-shi,西区,ニシク,Nishi-ku,山田新町,ヤマダシンマチ,Yamadashimmachi,二丁目,２チョウメ,2,,,,,1,1,0,0,0,0,1,1,1947-04-17,,0,,,,,,,,,,,,,,,,
341045,0059000,1,広島県,ヒロシマケン,Hiroshima,,,,広島市,ヒロシマシ,Hiroshima-shi,西区,ニシク,Nishi-ku,山田町,ヤマダチョウ,Yamadacho,,,,,,,,0,0,0,0,0,0,1,1,1947-04-17,,0,7330854,,,,,,,,,,,,,,,
341045,0060000,1,広島県,ヒロシマケン,Hiroshima,,,,広島市,ヒロシマシ,Hiroshima-shi,西区,ニシク,Nishi-ku,山手町,ヤマテチョウ,Yamatecho,,,,,,,,1,1,0,0,0,0,1,1,1947-04-17,,0,7330804,,,,,,,,,,,,,,,
341045,0061000,1,広島県,ヒロシマケン,Hiroshima,,,,広島市,ヒロシマシ,Hiroshima-shi,西区,ニシク,Nishi-ku,横川新町,ヨコガワシンマチ,Yokogawashimmachi,,,,,,,,1,1,0,0,0,0,1,1,1947-04-17,,0,7330013,,,,,,,,,,,,,,,
341045,0062001,2,広島県,ヒロシマケン,Hiroshima,,,,広島市,ヒロシマシ,Hiroshima-shi,西区,ニシク,Nishi-ku,横川町,ヨコガワチョウ,Yokogawacho,一丁目,１チョウメ,1,,,,,1,1,0,0,0,0,1,1,1947-04-17,,0,,,,,,,,,,,,,,,,
341045,0062002,2,広島県,ヒロシマケン,Hiroshima,,,,広島市,ヒロシマシ,Hiroshima-shi,西区,ニシク,Nishi-ku,横川町,ヨコガワチョウ,Yokogawacho,二丁目,２チョウメ,2,,,,,1,1,0,0,0,0,1,1,1947-04-17,,0,,,,,,,,,,,,,,,,
341045,0062003,2,広島県,ヒロシマケン,Hiroshima,,,,広島市,ヒロシマシ,Hiroshima-shi,西区,ニシク,Nishi-ku,横川町,ヨコガワチョウ,Yokogawacho,三丁目,３チョウメ,3,,,,,1,1,0,0,0,0,1,1,1947-04-17,,0,,,,,,,,,,,,,,,,
341045,0063000,1,広島県,ヒロシマケン,Hiroshima,,,,広島市,ヒロシマシ,Hiroshima-shi,西区,ニシク,Nishi-ku,竜王町,リュウオウチョウ,Ryuocho,,,,,,,,1,1,0,0,0,0,1,1,1947-04-17,,0,7330803,,,,,,,,,,,,,,,
341053,0001001,2,広島県,ヒロシマケン,Hiroshima,,,,広島市,ヒロシマシ,Hiroshima-shi,安佐南区,アサミナミク,Asaminami-ku,相田,アイタ,Aita,一丁目,１チョウメ,1,,,,,1,1,0,0,0,0,1,1,1947-04-17,,0,,,,,,,,,,,,,,,,
341053,0001002,2,広島県,ヒロシマケン,Hiroshima,,,,広島市,ヒロシマシ,Hiroshima-shi,安佐南区,アサミナミク,Asaminami-ku,相田,アイタ,Aita,二丁目,２チョウメ,2,,,,,1,1,0,0,0,0,1,1,1947-04-17,,0,,,,,,,,,,,,,,,,
341053,0001003,2,広島県,ヒロシマケン,Hiroshima,,,,広島市,ヒロシマシ,Hiroshima-shi,安佐南区,アサミナミク,Asaminami-ku,相田,アイタ,Aita,三丁目,３チョウメ,3,,,,,1,1,0,0,0,0,1,1,1947-04-17,,0,,,,,,,,,,,,,,,,
341053,0001004,2,広島県,ヒロシマケン,Hiroshima,,,,広島市,ヒロシマシ,Hiroshima-shi,安佐南区,アサミナミク,Asaminami-ku,相田,アイタ,Aita,四丁目,４チョウメ,4,,,,,1,1,0,0,0,0,1,1,1947-04-17,,0,,,,,,,,,,,,,,,,
341053,0001005,2,広島県,ヒロシマケン,Hiroshima,,,,広島市,ヒロシマシ,Hiroshima-shi,安佐南区,アサミナミク,Asaminami-ku,相田,アイタ,Aita,五丁目,５チョウメ,5,,,,,1,1,0,0,0,0,1,1,1947-04-17,,0,,,,,,,,,,,,,,,,
341053,0001006,2,広島県,ヒロシマケン,Hiroshima,,,,広島市,ヒロシマシ,Hiroshima-shi,安佐南区,アサミナミク,Asaminami-ku,相田,アイタ,Aita,六丁目,６チョウメ,6,,,,,1,1,0,0,0,0,1,1,1947-04-17,,0,,,,,,,,,,,,,,,,
341053,0001007,2,広島県,ヒロシマケン,Hiroshima,,,,広島市,ヒロシマシ,Hiroshima-shi,安佐南区,アサミナミク,Asaminami-ku,相田,アイタ,Aita,七丁目,７チョウメ,7,,,,,1,1,0,0,0,0,1,1,1947-04-17,,0,,,,,,,,,,,,,,,,
341053,0002000,1,広島県,ヒロシマケン,Hiroshima,,,,広島市,ヒロシマシ,Hiroshima-shi,安佐南区,アサミナミク,Asaminami-ku,相田町,アイタチョウ,,,,,,,,,0,0,0,0,0,0,1,1,1947-04-17,,0,,,,,,,,,,,,,,,,
341053,0003001,2,広島県,ヒロシマケン,Hiroshima,,,,広島市,ヒロシマシ,Hiroshima-shi,安佐南区,アサミナミク,Asaminami-ku,大塚西,オオヅカニシ,Ozukanishi,一丁目,１チョウメ,1,,,,,1,1,0,0,0,0,1,1,1947-04-17,,0,,,,,,,,,,,,,,,,
341053,0003002,2,広島県,ヒロシマケン,Hiroshima,,,,広島市,ヒロシマシ,Hiroshima-shi,安佐南区,アサミナミク,Asaminami-ku,大塚西,オオヅカニシ,Ozukanishi,二丁目,２チョウメ,2,,,,,1,1,0,0,0,0,1,1,1947-04-17,,0,,,,,,,,,,,,,,,,
341053,0003003,2,広島県,ヒロシマケン,Hiroshima,,,,広島市,ヒロシマシ,Hiroshima-shi,安佐南区,アサミナミク,Asaminami-ku,大塚西,オオヅカニシ,Ozukanishi,三丁目,３チョウメ,3,,,,,1,1,0,0,0,0,1,1,1947-04-17,,0,,,,,,,,,,,,,,,,
341053,0003004,2,広島県,ヒロシマケン,Hiroshima,,,,広島市,ヒロシマシ,Hiroshima-shi,安佐南区,アサミナミク,Asaminami-ku,大塚西,オオヅカニシ,Ozukanishi,四丁目,４チョウメ,4,,,,,1,1,0,0,0,0,1,1,1947-04-17,,0,,,,,,,,,,,,,,,,
341053,0003005,2,広島県,ヒロシマケン,Hiroshima,,,,広島市,ヒロシマシ,Hiroshima-shi,安佐南区,アサミナミク,Asaminami-ku,大塚西,オオヅカニシ,Ozukanishi,五丁目,５チョウメ,5,,,,,1,1,0,0,0,0,1,1,1947-04-17,,0,,,,,,,,,,,,,,,,
341053,0003006,2,広島県,ヒロシマケン,Hiroshima,,,,広島市,ヒロシマシ,Hiroshima-shi,安佐南区,アサミナミク,Asaminami-ku,大塚西,オオヅカニシ,Ozukanishi,六丁目,６チョウメ,6,,,,,1,1,0,0,0,0,1,1,1947-04-17,,0,,,,,,,,,,,,,,,,
341053,0003007,2,広島県,ヒロシマケン,Hiroshima,,,,広島市,ヒロシマシ,Hiroshima-shi,安佐南区,アサミナミク,Asaminami-ku,大塚西,オオヅカニシ,Ozukanishi,七丁目,７チョウメ,7,,,,,1,1,0,0,0,0,1,1,1947-04-17,,0,,,,,,,,,,,,,,,,
341053,0004001,2,広島県,ヒロシマケン,Hiroshima,,,,広島市,ヒロシマシ,Hiroshima-shi,安佐南区,アサミナミク,Asaminami-ku,大塚東,オオヅカヒガシ,Ozukahigashi,一丁目,１チョウメ,1,,,,,1,1,0,0,0,0,1,1,1947-04-17,,0,,,,,,,,,,,,,,,,
341053,0004002,2,広島県,ヒロシマケン,Hiroshima,,,,広島市,ヒロシマシ,Hiroshima-shi,安佐南区,アサミナミク,Asaminami-ku,大塚東,オオヅカヒガシ,Ozukahigashi,二丁目,２チョウメ,2,,,,,1,1,0,0,0,0,1,1,1947-04-17,,0,,,,,,,,,,,,,,,,
341053,0004003,2,広島県,ヒロシマケン,Hiroshima,,,,広島市,ヒロシマシ,Hiroshima-shi,安佐南区,アサミナミク,Asaminami-ku,大塚東,オオヅカヒガシ,Ozukahigashi,三丁目,３チョウメ,3,,,,,1,1,0,0,0,0,1,1,1947-04-17,,0,,,,,,,,,,,,,,,,
341053,0005000,1,広島県,ヒロシマケン,Hiroshima,,,,広島市,ヒロシマシ,Hiroshima-shi,安佐南区,アサミナミク,Asaminami-ku,大塚東町,オオヅカヒガシマチ,Ozukahigashimachi,,,,,,,,0,0,0,0,0,0,1,1,1947-04-17,,0,7313173,,,,,,,,,,,,,,,
341053,0006000,1,広島県,ヒロシマケン,Hiroshima,,,,広島市,ヒロシマシ,Hiroshima-shi,安佐南区,アサミナミク,Asaminami-ku,大町,オオマチ,Omachi,,,,,,,,0,0,0,0,0,0,1,1,1947-04-17,,0,7310126,,,,,,,,,,,,,,,
341053,0007001,2,広島県,ヒロシマケン,Hiroshima,,,,広島市,ヒロシマシ,Hiroshima-shi,安佐南区,アサミナミク,Asaminami-ku,大町西,オオマチニシ,Omachinishi,一丁目,１チョウメ,1,,,,,1,1,0,0,0,0,1,1,1947-04-17,,0,,,,,,,,,,,,,,,,
341053,0007002,2,広島県,ヒロシマケン,Hiroshima,,,,広島市,ヒロシマシ,Hiroshima-shi,安佐南区,アサミナミク,Asaminami-ku,大町西,オオマチニシ,Omachinishi,二丁目,２チョウメ,2,,,,,1,1,0,0,0,0,1,1,1947-04-17,,0,,,,,,,,,,,,,,,,
341053,0007003,2,広島県,ヒロシマケン,Hiroshima,,,,広島市,ヒロシマシ,Hiroshima-shi,安佐南区,アサミナミク,Asaminami-ku,大町西,オオマチニシ,Omachinishi,三丁目,３チョウメ,3,,,,,1,1,0,0,0,0,1,1,1947-04-17,,0,,,,,,,,,,,,,,,,
341053,0008001,2,広島県,ヒロシマケン,Hiroshima,,,,広島市,ヒロシマシ,Hiroshima-shi,安佐南区,アサミナミク,Asaminami-ku,大町東,オオマチヒガシ,Omachihigashi,一丁目,１チョウメ,1,,,,,1,1,0,0,0,0,1,1,1947-04-17,,0,,,,,,,,,,,,,,,,
341053,0008002,2,広島県,ヒロシマケン,Hiroshima,,,,広島市,ヒロシマシ,Hiroshima-shi,安佐南区,アサミナミク,Asaminami-ku,大町東,オオマチヒガシ,Omachihigashi,二丁目,２チョウメ,2,,,,,1,1,0,0,0,0,1,1,1947-04-17,,0,,,,,,,,,,,,,,,,
341053,0008003,2,広島県,ヒロシマケン,Hiroshima,,,,広島市,ヒロシマシ,Hiroshima-shi,安佐南区,アサミナミク,Asaminami-ku,大町東,オオマチヒガシ,Omachihigashi,三丁目,３チョウメ,3,,,,,1,1,0,0,0,0,1,1,1947-04-17,,0,,,,,,,,,,,,,,,,
341053,0008004,2,広島県,ヒロシマケン,Hiroshima,,,,広島市,ヒロシマシ,Hiroshima-shi,安佐南区,アサミナミク,Asaminami-ku,大町東,オオマチヒガシ,Omachihigashi,四丁目,４チョウメ,4,,,,,1,1,0,0,0,0,1,1,1947-04-17,,0,,,,,,,,,,,,,,,,
341053,0009001,2,広島県,ヒロシマケン,Hiroshima,,,,広島市,ヒロシマシ,Hiroshima-shi,安佐南区,アサミナミク,Asaminami-ku,上安,カミヤス,Kamiyasu,一丁目,１チョウメ,1,,,,,1,1,0,0,0,0,1,1,1947-04-17,,0,,,,,,,,,,,,,,,,
341053,0009002,2,広島県,ヒロシマケン,Hiroshima,,,,広島市,ヒロシマシ,Hiroshima-shi,安佐南区,アサミナミク,Asaminami-ku,上安,カミヤス,Kamiyasu,二丁目,２チョウメ,2,,,,,1,1,0,0,0,0,1,1,1947-04-17,,0,,,,,,,,,,,,,,,,
341053,0009003,2,広島県,ヒロシマケン,Hiroshima,,,,広島市,ヒロシマシ,Hiroshima-shi,安佐南区,アサミナミク,Asaminami-ku,上安,カミヤス,Kamiyasu,三丁目,３チョウメ,3,,,,,1,1,0,0,0,0,1,1,1947-04-17,,0,,,,,,,,,,,,,,,,
341053,0009004,2,広島県,ヒロシマケン,Hiroshima,,,,広島市,ヒロシマシ,Hiroshima-shi,安佐南区,アサミナミク,Asaminami-ku,上安,カミヤス,Kamiyasu,四丁目,４チョウメ,4,,,,,1,1,0,0,0,0,1,1,1947-04-17,,0,,,,,,,,,,,,,,,,
341053,0009005,2,広島県,ヒロシマケン,Hiroshima,,,,広島市,ヒロシマシ,Hiroshima-shi,安佐南区,アサミナミク,Asaminami-ku,上安,カミヤス,Kamiyasu,五丁目,５チョウメ,5,,,,,1,1,0,0,0,0,1,1,1947-04-17,,0,,,,,,,,,,,,,,,,
341053,0009006,2,広島県,ヒロシマケン,Hiroshima,,,,広島市,ヒロシマシ,Hiroshima-shi,安佐南区,アサミナミク,Asaminami-ku,上安,カミヤス,Kamiyasu,六丁目,６チョウメ,6,,,,,1,1,0,0,0,0,1,1,1947-04-17,,0,,,,,,,,,,,,,,,,
341053,0009007,2,広島県,ヒロシマケン,Hiroshima,,,,広島市,ヒロシマシ,Hiroshima-shi,安佐南区,アサミナミク,Asaminami-ku,上安,カミヤス,Kamiyasu,七丁目,７チョウメ,7,,,,,1,1,0,0,0,0,1,1,1947-04-17,,0,,,,,,,,,,,,,,,,
341053,0010000,1,広島県,ヒロシマケン,Hiroshima,,,,広島市,ヒロシマシ,Hiroshima-shi,安佐南区,アサミナミク,Asaminami-ku,上安町,カミヤスチョウ,Kamiyasucho,,,,,,,,0,0,0,0,0,0,1,1,1947-04-17,,0,7310154,,,,,,,,,,,,,,,
341053,0011001,2,広島県,ヒロシマケン,Hiroshima,,,,広島市,ヒロシマシ,Hiroshima-shi,安佐南区,アサミナミク,Asaminami-ku,川内,カワウチ,Kawauchi,一丁目,１チョウメ,1,,,,,1,1,0,0,0,0,1,1,1947-04-17,,0,,,,,,,,,,,,,,,,
341053,0011002,2,広島県,ヒロシマケン,Hiroshima,,,,広島市,ヒロシマシ,Hiroshima-shi,安佐南区,アサミナミク,Asaminami-ku,川内,カワウチ,Kawauchi,二丁目,２チョウメ,2,,,,,1,1,0,0,0,0,1,1,1947-04-17,,0,,,,,,,,,,,,,,,,
341053,0011003,2,広島県,ヒロシマケン,Hiroshima,,,,広島市,ヒロシマシ,Hiroshima-shi,安佐南区,アサミナミク,Asaminami-ku,川内,カワウチ,Kawauchi,三丁目,３チョウメ,3,,,,,1,1,0,0,0,0,1,1,1947-04-17,,0,,,,,,,,,,,,,,,,
341053,0011004,2,広島県,ヒロシマケン,Hiroshima,,,,広島市,ヒロシマシ,Hiroshima-shi,安佐南区,アサミナミク,Asaminami-ku,川内,カワウチ,Kawauchi,四丁目,４チョウメ,4,,,,,1,1,0,0,0,0,1,1,1947-04-17,,0,,,,,,,,,,,,,,,,
341053,0011005,2,広島県,ヒロシマケン,Hiroshima,,,,広島市,ヒロシマシ,Hiroshima-shi,安佐南区,アサミナミク,Asaminami-ku,川内,カワウチ,Kawauchi,五丁目,５チョウメ,5,,,,,1,1,0,0,0,0,1,1,1947-04-17,,0,,,,,,,,,,,,,,,,
341053,0011006,2,広島県,ヒロシマケン,Hiroshima,,,,広島市,ヒロシマシ,Hiroshima-shi,安佐南区,アサミナミク,Asaminami-ku,川内,カワウチ,Kawauchi,六丁目,６チョウメ,6,,,,,1,1,0,0,0,0,1,1,1947-04-17,,0,,,,,,,,,,,,,,,,
341053,0012001,2,広島県,ヒロシマケン,Hiroshima,,,,広島市,ヒロシマシ,Hiroshima-shi,安佐南区,アサミナミク,Asaminami-ku,祇園,ギオン,Gion,一丁目,１チョウメ,1,,,,,1,1,0,0,0,0,1,1,1947-04-17,,0,,,,,,,,,,,,,,,,
341053,0012002,2,広島県,ヒロシマケン,Hiroshima,,,,広島市,ヒロシマシ,Hiroshima-shi,安佐南区,アサミナミク,Asaminami-ku,祇園,ギオン,Gion,二丁目,２チョウメ,2,,,,,1,1,0,0,0,0,1,1,1947-04-17,,0,,,,,,,,,,,,,,,,
341053,0012003,2,広島県,ヒロシマケン,Hiroshima,,,,広島市,ヒロシマシ,Hiroshima-shi,安佐南区,アサミナミク,Asaminami-ku,祇園,ギオン,Gion,三丁目,３チョウメ,3,,,,,1,1,0,0,0,0,1,1,1947-04-17,,0,,,,,,,,,,,,,,,,
341053,0012004,2,広島県,ヒロシマケン,Hiroshima,,,,広島市,ヒロシマシ,Hiroshima-shi,安佐南区,アサミナミク,Asaminami-ku,祇園,ギオン,Gion,四丁目,４チョウメ,4,,,,,1,1,0,0,0,0,1,1,1947-04-17,,0,,,,,,,,,,,,,,,,
341053,0012005,2,広島県,ヒロシマケン,Hiroshima,,,,広島市,ヒロシマシ,Hiroshima-shi,安佐南区,アサミナミク,Asaminami-ku,祇園,ギオン,Gion,五丁目,５チョウメ,5,,,,,1,1,0,0,0,0,1,1,1947-04-17,,0,,,,,,,,,,,,,,,,
341053,0012006,2,広島県,ヒロシマケン,Hiroshima,,,,広島市,ヒロシマシ,Hiroshima-shi,安佐南区,アサミナミク,Asaminami-ku,祇園,ギオン,Gion,六丁目,６チョウメ,6,,,,,1,1,0,0,0,0,1,1,1947-04-17,,0,,,,,,,,,,,,,,,,
341053,0012007,2,広島県,ヒロシマケン,Hiroshima,,,,広島市,ヒロシマシ,Hiroshima-shi,安佐南区,アサミナミク,Asaminami-ku,祇園,ギオン,Gion,七丁目,７チョウメ,7,,,,,1,1,0,0,0,0,1,1,1947-04-17,,0,,,,,,,,,,,,,,,,
341053,0012008,2,広島県,ヒロシマケン,Hiroshima,,,,広島市,ヒロシマシ,Hiroshima-shi,安佐南区,アサミナミク,Asaminami-ku,祇園,ギオン,Gion,八丁目,８チョウメ,8,,,,,1,1,0,0,0,0,1,1,1947-04-17,,0,,,,,,,,,,,,,,,,
341053,0013000,1,広島県,ヒロシマケン,Hiroshima,,,,広島市,ヒロシマシ,Hiroshima-shi,安佐南区,アサミナミク,Asaminami-ku,祇園町,ギオンチョウ,,,,,,,,,0,0,0,0,0,0,1,0,1947-04-17,,0,,,,,,,,,,,,,,,,
341053,0014001,2,広島県,ヒロシマケン,Hiroshima,,,,広島市,ヒロシマシ,Hiroshima-shi,安佐南区,アサミナミク,Asaminami-ku,高取北,タカトリキタ,Takatorikita,一丁目,１チョウメ,1,,,,,1,1,0,0,0,0,1,1,1947-04-17,,0,,,,,,,,,,,,,,,,
341053,0014002,2,広島県,ヒロシマケン,Hiroshima,,,,広島市,ヒロシマシ,Hiroshima-shi,安佐南区,アサミナミク,Asaminami-ku,高取北,タカトリキタ,Takatorikita,二丁目,２チョウメ,2,,,,,1,1,0,0,0,0,1,1,1947-04-17,,0,,,,,,,,,,,,,,,,
341053,0014003,2,広島県,ヒロシマケン,Hiroshima,,,,広島市,ヒロシマシ,Hiroshima-shi,安佐南区,アサミナミク,Asaminami-ku,高取北,タカトリキタ,Takatorikita,三丁目,３チョウメ,3,,,,,1,1,0,0,0,0,1,1,1947-04-17,,0,,,,,,,,,,,,,,,,
341053,0014004,2,広島県,ヒロシマケン,Hiroshima,,,,広島市,ヒロシマシ,Hiroshima-shi,安佐南区,アサミナミク,Asaminami-ku,高取北,タカトリキタ,Takatorikita,四丁目,４チョウメ,4,,,,,1,1,0,0,0,0,1,1,1947-04-17,,0,,,,,,,,,,,,,,,,
341053,0015000,1,広島県,ヒロシマケン,Hiroshima,,,,広島市,ヒロシマシ,Hiroshima-shi,安佐南区,アサミナミク,Asaminami-ku,高取北町,タカトリキタマチ,,,,,,,,,0,0,0,0,0,0,1,1,1947-04-17,,0,,,,,,,,,,,,,,,,
341053,0016001,2,広島県,ヒロシマケン,Hiroshima,,,,広島市,ヒロシマシ,Hiroshima-shi,安佐南区,アサミナミク,Asaminami-ku,高取南,タカトリミナミ,Takatoriminami,一丁目,１チョウメ,1,,,,,1,1,0,0,0,0,1,1,1947-04-17,,0,,,,,,,,,,,,,,,,
341053,0016002,2,広島県,ヒロシマケン,Hiroshima,,,,広島市,ヒロシマシ,Hiroshima-shi,安佐南区,アサミナミク,Asaminami-ku,高取南,タカトリミナミ,Takatoriminami,二丁目,２チョウメ,2,,,,,1,1,0,0,0,0,1,1,1947-04-17,,0,,,,,,,,,,,,,,,,
341053,0016003,2,広島県,ヒロシマケン,Hiroshima,,,,広島市,ヒロシマシ,Hiroshima-shi,安佐南区,アサミナミク,Asaminami-ku,高取南,タカトリミナミ,Takatoriminami,三丁目,３チョウメ,3,,,,,1,1,0,0,0,0,1,1,1947-04-17,,0,,,,,,,,,,,,,,,,
341053,0017000,1,広島県,ヒロシマケン,Hiroshima,,,,広島市,ヒロシマシ,Hiroshima-shi,安佐南区,アサミナミク,Asaminami-ku,高取南町,タカトリミナミマチ,Takatoriminamimachi,,,,,,,,0,0,0,0,0,0,1,1,1947-04-17,,0,7310142,,,,,,,,,,,,,,,
341053,0018001,2,広島県,ヒロシマケン,Hiroshima,,,,広島市,ヒロシマシ,Hiroshima-shi,安佐南区,アサミナミク,Asaminami-ku,長楽寺,チョウラクジ,Chorakuji,一丁目,１チョウメ,1,,,,,1,1,0,0,0,0,1,1,1947-04-17,,0,,,,,,,,,,,,,,,,
341053,0018002,2,広島県,ヒロシマケン,Hiroshima,,,,広島市,ヒロシマシ,Hiroshima-shi,安佐南区,アサミナミク,Asaminami-ku,長楽寺,チョウラクジ,Chorakuji,二丁目,２チョウメ,2,,,,,1,1,0,0,0,0,1,1,1947-04-17,,0,,,,,,,,,,,,,,,,
341053,0018003,2,広島県,ヒロシマケン,Hiroshima,,,,広島市,ヒロシマシ,Hiroshima-shi,安佐南区,アサミナミク,Asaminami-ku,長楽寺,チョウラクジ,Chorakuji,三丁目,３チョウメ,3,,,,,1,1,0,0,0,0,1,1,1947-04-17,,0,,,,,,,,,,,,,,,,
341053,0019000,1,広島県,ヒロシマケン,Hiroshima,,,,広島市,ヒロシマシ,Hiroshima-shi,安佐南区,アサミナミク,Asaminami-ku,長楽寺町,チョウラクジチョウ,Chorakujicho,,,,,,,,0,0,0,0,0,0,1,1,1947-04-17,,0,7310143,,,,,,,,,,,,,,,
341053,0020004,2,広島県,ヒロシマケン,Hiroshima,,,,広島市,ヒロシマシ,Hiroshima-shi,安佐南区,アサミナミク,Asaminami-ku,伴北,トモキタ,Tomokita,四丁目,４チョウメ,4,,,,,0,0,0,0,0,0,1,1,1947-04-17,,0,,,,,,,,,,,,,,,,
341053,0020005,2,広島県,ヒロシマケン,Hiroshima,,,,広島市,ヒロシマシ,Hiroshima-shi,安佐南区,アサミナミク,Asaminami-ku,伴北,トモキタ,Tomokita,五丁目,５チョウメ,5,,,,,0,0,0,0,0,0,1,1,1947-04-17,,0,,,,,,,,,,,,,,,,
341053,0020006,2,広島県,ヒロシマケン,Hiroshima,,,,広島市,ヒロシマシ,Hiroshima-shi,安佐南区,アサミナミク,Asaminami-ku,伴北,トモキタ,Tomokita,六丁目,６チョウメ,6,,,,,0,0,0,0,0,0,1,1,1947-04-17,,0,,,,,,,,,,,,,,,,
341053,0020007,2,広島県,ヒロシマケン,Hiroshima,,,,広島市,ヒロシマシ,Hiroshima-shi,安佐南区,アサミナミク,Asaminami-ku,伴北,トモキタ,Tomokita,七丁目,７チョウメ,7,,,,,1,1,0,0,0,0,1,1,1947-04-17,,0,,,,,,,,,,,,,,,,
341053,0021000,1,広島県,ヒロシマケン,Hiroshima,,,,広島市,ヒロシマシ,Hiroshima-shi,安佐南区,アサミナミク,Asaminami-ku,伴北町,トモキタマチ,Tomokitamachi,,,,,,,,0,0,0,0,0,0,1,1,1947-04-17,,0,7313171,,,,,,,,,,,,,,,
341053,0022001,2,広島県,ヒロシマケン,Hiroshima,,,,広島市,ヒロシマシ,Hiroshima-shi,安佐南区,アサミナミク,Asaminami-ku,伴中央,トモチュウオウ,Tomochuo,一丁目,１チョウメ,1,,,,,1,1,0,0,0,0,1,1,1947-04-17,,0,,,,,,,,,,,,,,,,
341053,0022002,2,広島県,ヒロシマケン,Hiroshima,,,,広島市,ヒロシマシ,Hiroshima-shi,安佐南区,アサミナミク,Asaminami-ku,伴中央,トモチュウオウ,Tomochuo,二丁目,２チョウメ,2,,,,,1,1,0,0,0,0,1,1,1947-04-17,,0,,,,,,,,,,,,,,,,
341053,0022003,2,広島県,ヒロシマケン,Hiroshima,,,,広島市,ヒロシマシ,Hiroshima-shi,安佐南区,アサミナミク,Asaminami-ku,伴中央,トモチュウオウ,Tomochuo,三丁目,３チョウメ,3,,,,,0,0,0,0,0,0,1,1,1947-04-17,,0,,,,,,,,,,,,,,,,
341053,0022004,2,広島県,ヒロシマケン,Hiroshima,,,,広島市,ヒロシマシ,Hiroshima-shi,安佐南区,アサミナミク,Asaminami-ku,伴中央,トモチュウオウ,Tomochuo,四丁目,４チョウメ,4,,,,,1,1,0,0,0,0,1,1,1947-04-17,,0,,,,,,,,,,,,,,,,
341053,0022005,2,広島県,ヒロシマケン,Hiroshima,,,,広島市,ヒロシマシ,Hiroshima-shi,安佐南区,アサミナミク,Asaminami-ku,伴中央,トモチュウオウ,Tomochuo,五丁目,５チョウメ,5,,,,,1,1,0,0,0,0,1,1,1947-04-17,,0,,,,,,,,,,,,,,,,
341053,0022006,2,広島県,ヒロシマケン,Hiroshima,,,,広島市,ヒロシマシ,Hiroshima-shi,安佐南区,アサミナミク,Asaminami-ku,伴中央,トモチュウオウ,Tomochuo,六丁目,６チョウメ,6,,,,,1,1,0,0,0,0,1,1,1947-04-17,,0,,,,,,,,,,,,,,,,
341053,0022007,2,広島県,ヒロシマケン,Hiroshima,,,,広島市,ヒロシマシ,Hiroshima-shi,安佐南区,アサミナミク,Asaminami-ku,伴中央,トモチュウオウ,Tomochuo,七丁目,７チョウメ,7,,,,,1,1,0,0,0,0,1,1,1947-04-17,,0,,,,,,,,,,,,,,,,
341053,0023001,2,広島県,ヒロシマケン,Hiroshima,,,,広島市,ヒロシマシ,Hiroshima-shi,安佐南区,アサミナミク,Asaminami-ku,伴西,トモニシ,Tomonishi,一丁目,１チョウメ,1,,,,,1,1,0,0,0,0,1,1,1947-04-17,,0,,,,,,,,,,,,,,,,
341053,0023002,2,広島県,ヒロシマケン,Hiroshima,,,,広島市,ヒロシマシ,Hiroshima-shi,安佐南区,アサミナミク,Asaminami-ku,伴西,トモニシ,Tomonishi,二丁目,２チョウメ,2,,,,,1,1,0,0,0,0,1,1,1947-04-17,,0,,,,,,,,,,,,,,,,
341053,0023003,2,広島県,ヒロシマケン,Hiroshima,,,,広島市,ヒロシマシ,Hiroshima-shi,安佐南区,アサミナミク,Asaminami-ku,伴西,トモニシ,Tomonishi,三丁目,３チョウメ,3,,,,,0,0,0,0,0,0,1,1,1947-04-17,,0,,,,,,,,,,,,,,,,
341053,0023003,2,広島県,ヒロシマケン,Hiroshima,,,,広島市,ヒロシマシ,Hiroshima-shi,安佐南区,アサミナミク,Asaminami-ku,伴西,トモニシ,Tomonishi,三丁目,３チョウメ,3,,,,,1,1,0,0,0,0,1,1,1947-04-17,,0,,,,,,,,,,,,,,,,
341053,0023004,2,広島県,ヒロシマケン,Hiroshima,,,,広島市,ヒロシマシ,Hiroshima-shi,安佐南区,アサミナミク,Asaminami-ku,伴西,トモニシ,Tomonishi,四丁目,４チョウメ,4,,,,,0,0,0,0,0,0,1,1,1947-04-17,,0,,,,,,,,,,,,,,,,
341053,0023004,2,広島県,ヒロシマケン,Hiroshima,,,,広島市,ヒロシマシ,Hiroshima-shi,安佐南区,アサミナミク,Asaminami-ku,伴西,トモニシ,Tomonishi,四丁目,４チョウメ,4,,,,,1,1,0,0,0,0,1,1,1947-04-17,,0,,,,,,,,,,,,,,,,
341053,0023005,2,広島県,ヒロシマケン,Hiroshima,,,,広島市,ヒロシマシ,Hiroshima-shi,安佐南区,アサミナミク,Asaminami-ku,伴西,トモニシ,Tomonishi,五丁目,５チョウメ,5,,,,,0,0,0,0,0,0,1,1,1947-04-17,,0,,,,,,,,,,,,,,,,
341053,0023006,2,広島県,ヒロシマケン,Hiroshima,,,,広島市,ヒロシマシ,Hiroshima-shi,安佐南区,アサミナミク,Asaminami-ku,伴西,トモニシ,Tomonishi,六丁目,６チョウメ,6,,,,,0,0,0,0,0,0,1,1,1947-04-17,,0,,,,,,,,,,,,,,,,
341053,0024000,1,広島県,ヒロシマケン,Hiroshima,,,,広島市,ヒロシマシ,Hiroshima-shi,安佐南区,アサミナミク,Asaminami-ku,伴西町,トモニシマチ,Tomonishimachi,,,,,,,,0,0,0,0,0,0,1,1,1947-04-17,,0,7313175,,,,,,,,,,,,,,,
341053,0025001,2,広島県,ヒロシマケン,Hiroshima,,,,広島市,ヒロシマシ,Hiroshima-shi,安佐南区,アサミナミク,Asaminami-ku,伴東,トモヒガシ,Tomohigashi,一丁目,１チョウメ,1,,,,,1,1,0,0,0,0,1,1,1947-04-17,,0,,,,,,,,,,,,,,,,
341053,0025002,2,広島県,ヒロシマケン,Hiroshima,,,,広島市,ヒロシマシ,Hiroshima-shi,安佐南区,アサミナミク,Asaminami-ku,伴東,トモヒガシ,Tomohigashi,二丁目,２チョウメ,2,,,,,1,1,0,0,0,0,1,1,1947-04-17,,0,,,,,,,,,,,,,,,,
341053,0025003,2,広島県,ヒロシマケン,Hiroshima,,,,広島市,ヒロシマシ,Hiroshima-shi,安佐南区,アサミナミク,Asaminami-ku,伴東,トモヒガシ,Tomohigashi,三丁目,３チョウメ,3,,,,,1,1,0,0,0,0,1,1,1947-04-17,,0,,,,,,,,,,,,,,,,
341053,0025004,2,広島県,ヒロシマケン,Hiroshima,,,,広島市,ヒロシマシ,Hiroshima-shi,安佐南区,アサミナミク,Asaminami-ku,伴東,トモヒガシ,Tomohigashi,四丁目,４チョウメ,4,,,,,1,1,0,0,0,0,1,1,1947-04-17,,0,,,,,,,,,,,,,,,,
341053,0025005,2,広島県,ヒロシマケン,Hiroshima,,,,広島市,ヒロシマシ,Hiroshima-shi,安佐南区,アサミナミク,Asaminami-ku,伴東,トモヒガシ,Tomohigashi,五丁目,５チョウメ,5,,,,,1,1,0,0,0,0,1,1,1947-04-17,,0,,,,,,,,,,,,,,,,
341053,0025006,2,広島県,ヒロシマケン,Hiroshima,,,,広島市,ヒロシマシ,Hiroshima-shi,安佐南区,アサミナミク,Asaminami-ku,伴東,トモヒガシ,Tomohigashi,六丁目,６チョウメ,6,,,,,1,1,0,0,0,0,1,1,1947-04-17,,0,,,,,,,,,,,,,,,,
341053,0025007,2,広島県,ヒロシマケン,Hiroshima,,,,広島市,ヒロシマシ,Hiroshima-shi,安佐南区,アサミナミク,Asaminami-ku,伴東,トモヒガシ,Tomohigashi,七丁目,７チョウメ,7,,,,,1,1,0,0,0,0,1,1,1947-04-17,,0,,,,,,,,,,,,,,,,
341053,0025008,2,広島県,ヒロシマケン,Hiroshima,,,,広島市,ヒロシマシ,Hiroshima-shi,安佐南区,アサミナミク,Asaminami-ku,伴東,トモヒガシ,Tomohigashi,八丁目,８チョウメ,8,,,,,1,1,0,0,0,0,1,1,1947-04-17,,0,,,,,,,,,,,,,,,,
341053,0026000,1,広島県,ヒロシマケン,Hiroshima,,,,広島市,ヒロシマシ,Hiroshima-shi,安佐南区,アサミナミク,Asaminami-ku,伴東町,トモヒガシマチ,Tomohigashimachi,,,,,,,,0,0,0,0,0,0,1,1,1947-04-17,,0,7313172,,,,,,,,,,,,,,,
341053,0027001,2,広島県,ヒロシマケン,Hiroshima,,,,広島市,ヒロシマシ,Hiroshima-shi,安佐南区,アサミナミク,Asaminami-ku,伴南,トモミナミ,Tomominami,一丁目,１チョウメ,1,,,,,1,1,0,0,0,0,1,1,1947-04-17,,0,,,,,,,,,,,,,,,,
341053,0027002,2,広島県,ヒロシマケン,Hiroshima,,,,広島市,ヒロシマシ,Hiroshima-shi,安佐南区,アサミナミク,Asaminami-ku,伴南,トモミナミ,Tomominami,二丁目,２チョウメ,2,,,,,1,1,0,0,0,0,1,1,1947-04-17,,0,,,,,,,,,,,,,,,,
341053,0027003,2,広島県,ヒロシマケン,Hiroshima,,,,広島市,ヒロシマシ,Hiroshima-shi,安佐南区,アサミナミク,Asaminami-ku,伴南,トモミナミ,Tomominami,三丁目,３チョウメ,3,,,,,1,1,0,0,0,0,1,1,1947-04-17,,0,,,,,,,,,,,,,,,,
341053,0027004,2,広島県,ヒロシマケン,Hiroshima,,,,広島市,ヒロシマシ,Hiroshima-shi,安佐南区,アサミナミク,Asaminami-ku,伴南,トモミナミ,Tomominami,四丁目,４チョウメ,4,,,,,1,1,0,0,0,0,1,1,1947-04-17,,0,,,,,,,,,,,,,,,,
341053,0027005,2,広島県,ヒロシマケン,Hiroshima,,,,広島市,ヒロシマシ,Hiroshima-shi,安佐南区,アサミナミク,Asaminami-ku,伴南,トモミナミ,Tomominami,五丁目,５チョウメ,5,,,,,1,1,0,0,0,0,1,1,1947-04-17,,0,,,,,,,,,,,,,,,,
341053,0028001,2,広島県,ヒロシマケン,Hiroshima,,,,広島市,ヒロシマシ,Hiroshima-shi,安佐南区,アサミナミク,Asaminami-ku,中須,ナカス,Nakasu,一丁目,１チョウメ,1,,,,,1,1,0,0,0,0,1,1,1947-04-17,,0,,,,,,,,,,,,,,,,
341053,0028002,2,広島県,ヒロシマケン,Hiroshima,,,,広島市,ヒロシマシ,Hiroshima-shi,安佐南区,アサミナミク,Asaminami-ku,中須,ナカス,Nakasu,二丁目,２チョウメ,2,,,,,1,1,0,0,0,0,1,1,1947-04-17,,0,,,,,,,,,,,,,,,,
341053,0029001,2,広島県,ヒロシマケン,Hiroshima,,,,広島市,ヒロシマシ,Hiroshima-shi,安佐南区,アサミナミク,Asaminami-ku,中筋,ナカスジ,Nakasuji,一丁目,１チョウメ,1,,,,,1,1,0,0,0,0,1,1,1947-04-17,,0,,,,,,,,,,,,,,,,
341053,0029002,2,広島県,ヒロシマケン,Hiroshima,,,,広島市,ヒロシマシ,Hiroshima-shi,安佐南区,アサミナミク,Asaminami-ku,中筋,ナカスジ,Nakasuji,二丁目,２チョウメ,2,,,,,1,1,0,0,0,0,1,1,1947-04-17,,0,,,,,,,,,,,,,,,,
341053,0029003,2,広島県,ヒロシマケン,Hiroshima,,,,広島市,ヒロシマシ,Hiroshima-shi,安佐南区,アサミナミク,Asaminami-ku,中筋,ナカスジ,Nakasuji,三丁目,３チョウメ,3,,,,,1,1,0,0,0,0,1,1,1947-04-17,,0,,,,,,,,,,,,,,,,
341053,0029004,2,広島県,ヒロシマケン,Hiroshima,,,,広島市,ヒロシマシ,Hiroshima-shi,安佐南区,アサミナミク,Asaminami-ku,中筋,ナカスジ,Nakasuji,四丁目,４チョウメ,4,,,,,1,1,0,0,0,0,1,1,1947-04-17,,0,,,,,,,,,,,,,,,,
341053,0030001,2,広島県,ヒロシマケン,Hiroshima,,,,広島市,ヒロシマシ,Hiroshima-shi,安佐南区,アサミナミク,Asaminami-ku,長束,ナガツカ,Nagatsuka,一丁目,１チョウメ,1,,,,,1,1,0,0,0,0,1,1,1947-04-17,,0,,,,,,,,,,,,,,,,
341053,0030002,2,広島県,ヒロシマケン,Hiroshima,,,,広島市,ヒロシマシ,Hiroshima-shi,安佐南区,アサミナミク,Asaminami-ku,長束,ナガツカ,Nagatsuka,二丁目,２チョウメ,2,,,,,1,1,0,0,0,0,1,1,1947-04-17,,0,,,,,,,,,,,,,,,,
341053,0030003,2,広島県,ヒロシマケン,Hiroshima,,,,広島市,ヒロシマシ,Hiroshima-shi,安佐南区,アサミナミク,Asaminami-ku,長束,ナガツカ,Nagatsuka,三丁目,３チョウメ,3,,,,,1,1,0,0,0,0,1,1,1947-04-17,,0,,,,,,,,,,,,,,,,
341053,0030004,2,広島県,ヒロシマケン,Hiroshima,,,,広島市,ヒロシマシ,Hiroshima-shi,安佐南区,アサミナミク,Asaminami-ku,長束,ナガツカ,Nagatsuka,四丁目,４チョウメ,4,,,,,1,1,0,0,0,0,1,1,1947-04-17,,0,,,,,,,,,,,,,,,,
341053,0030005,2,広島県,ヒロシマケン,Hiroshima,,,,広島市,ヒロシマシ,Hiroshima-shi,安佐南区,アサミナミク,Asaminami-ku,長束,ナガツカ,Nagatsuka,五丁目,５チョウメ,5,,,,,1,1,0,0,0,0,1,1,1947-04-17,,0,,,,,,,,,,,,,,,,
341053,0030006,2,広島県,ヒロシマケン,Hiroshima,,,,広島市,ヒロシマシ,Hiroshima-shi,安佐南区,アサミナミク,Asaminami-ku,長束,ナガツカ,Nagatsuka,六丁目,６チョウメ,6,,,,,1,1,0,0,0,0,1,1,1947-04-17,,0,,,,,,,,,,,,,,,,
341053,0031000,1,広島県,ヒロシマケン,Hiroshima,,,,広島市,ヒロシマシ,Hiroshima-shi,安佐南区,アサミナミク,Asaminami-ku,長束町,ナガツカチョウ,,,,,,,,,0,0,0,0,0,0,1,1,1947-04-17,,0,,,,,,,,,,,,,,,,
341053,0032001,2,広島県,ヒロシマケン,Hiroshima,,,,広島市,ヒロシマシ,Hiroshima-shi,安佐南区,アサミナミク,Asaminami-ku,長束西,ナガツカニシ,Nagatsukanishi,一丁目,１チョウメ,1,,,,,1,1,0,0,0,0,1,1,1947-04-17,,0,,,,,,,,,,,,,,,,
341053,0032002,2,広島県,ヒロシマケン,Hiroshima,,,,広島市,ヒロシマシ,Hiroshima-shi,安佐南区,アサミナミク,Asaminami-ku,長束西,ナガツカニシ,Nagatsukanishi,二丁目,２チョウメ,2,,,,,1,1,0,0,0,0,1,1,1947-04-17,,0,,,,,,,,,,,,,,,,
341053,0032003,2,広島県,ヒロシマケン,Hiroshima,,,,広島市,ヒロシマシ,Hiroshima-shi,安佐南区,アサミナミク,Asaminami-ku,長束西,ナガツカニシ,Nagatsukanishi,三丁目,３チョウメ,3,,,,,1,1,0,0,0,0,1,1,1947-04-17,,0,,,,,,,,,,,,,,,,
341053,0032004,2,広島県,ヒロシマケン,Hiroshima,,,,広島市,ヒロシマシ,Hiroshima-shi,安佐南区,アサミナミク,Asaminami-ku,長束西,ナガツカニシ,Nagatsukanishi,四丁目,４チョウメ,4,,,,,1,1,0,0,0,0,1,1,1947-04-17,,0,,,,,,,,,,,,,,,,
341053,0032005,2,広島県,ヒロシマケン,Hiroshima,,,,広島市,ヒロシマシ,Hiroshima-shi,安佐南区,アサミナミク,Asaminami-ku,長束西,ナガツカニシ,Nagatsukanishi,五丁目,５チョウメ,5,,,,,1,1,0,0,0,0,1,1,1947-04-17,,0,,,,,,,,,,,,,,,,
341053,0033001,2,広島県,ヒロシマケン,Hiroshima,,,,広島市,ヒロシマシ,Hiroshima-shi,安佐南区,アサミナミク,Asaminami-ku,西原,ニシハラ,Nishihara,一丁目,１チョウメ,1,,,,,1,1,0,0,0,0,1,1,1947-04-17,,0,,,,,,,,,,,,,,,,
341053,0033002,2,広島県,ヒロシマケン,Hiroshima,,,,広島市,ヒロシマシ,Hiroshima-shi,安佐南区,アサミナミク,Asaminami-ku,西原,ニシハラ,Nishihara,二丁目,２チョウメ,2,,,,,1,1,0,0,0,0,1,1,1947-04-17,,0,,,,,,,,,,,,,,,,
341053,0033003,2,広島県,ヒロシマケン,Hiroshima,,,,広島市,ヒロシマシ,Hiroshima-shi,安佐南区,アサミナミク,Asaminami-ku,西原,ニシハラ,Nishihara,三丁目,３チョウメ,3,,,,,1,1,0,0,0,0,1,1,1947-04-17,,0,,,,,,,,,,,,,,,,
341053,0033004,2,広島県,ヒロシマケン,Hiroshima,,,,広島市,ヒロシマシ,Hiroshima-shi,安佐南区,アサミナミク,Asaminami-ku,西原,ニシハラ,Nishihara,四丁目,４チョウメ,4,,,,,1,1,0,0,0,0,1,1,1947-04-17,,0,,,,,,,,,,,,,,,,
341053,0033005,2,広島県,ヒロシマケン,Hiroshima,,,,広島市,ヒロシマシ,Hiroshima-shi,安佐南区,アサミナミク,Asaminami-ku,西原,ニシハラ,Nishihara,五丁目,５チョウメ,5,,,,,1,1,0,0,0,0,1,1,1947-04-17,,0,,,,,,,,,,,,,,,,
341053,0033006,2,広島県,ヒロシマケン,Hiroshima,,,,広島市,ヒロシマシ,Hiroshima-shi,安佐南区,アサミナミク,Asaminami-ku,西原,ニシハラ,Nishihara,六丁目,６チョウメ,6,,,,,1,1,0,0,0,0,1,1,1947-04-17,,0,,,,,,,,,,,,,,,,
341053,0033007,2,広島県,ヒロシマケン,Hiroshima,,,,広島市,ヒロシマシ,Hiroshima-shi,安佐南区,アサミナミク,Asaminami-ku,西原,ニシハラ,Nishihara,七丁目,７チョウメ,7,,,,,1,1,0,0,0,0,1,1,1947-04-17,,0,,,,,,,,,,,,,,,,
341053,0033008,2,広島県,ヒロシマケン,Hiroshima,,,,広島市,ヒロシマシ,Hiroshima-shi,安佐南区,アサミナミク,Asaminami-ku,西原,ニシハラ,Nishihara,八丁目,８チョウメ,8,,,,,1,1,0,0,0,0,1,1,1947-04-17,,0,,,,,,,,,,,,,,,,
341053,0033009,2,広島県,ヒロシマケン,Hiroshima,,,,広島市,ヒロシマシ,Hiroshima-shi,安佐南区,アサミナミク,Asaminami-ku,西原,ニシハラ,Nishihara,九丁目,９チョウメ,9,,,,,1,1,0,0,0,0,1,1,1947-04-17,,0,,,,,,,,,,,,,,,,
341053,0034000,1,広島県,ヒロシマケン,Hiroshima,,,,広島市,ヒロシマシ,Hiroshima-shi,安佐南区,アサミナミク,Asaminami-ku,沼田町大字阿戸,ヌマタチョウオオアザアト,,,,,,,,,0,0,0,0,0,0,1,1,1947-04-17,,0,,,,,,,,,,,,,,,,
341053,0035000,1,広島県,ヒロシマケン,Hiroshima,,,,広島市,ヒロシマシ,Hiroshima-shi,安佐南区,アサミナミク,Asaminami-ku,沼田町大字伴,ヌマタチョウオオアザトモ,,,,,,,,,0,0,0,0,0,0,1,1,1947-04-17,,0,,,,,,,,,,,,,,,,
341053,0036000,1,広島県,ヒロシマケン,Hiroshima,,,,広島市,ヒロシマシ,Hiroshima-shi,安佐南区,アサミナミク,Asaminami-ku,沼田町大字吉山,ヌマタチョウオオアザヨシヤマ,,,,,,,,,0,0,0,0,0,0,1,1,1947-04-17,,0,,,,,,,,,,,,,,,,
341053,0037001,2,広島県,ヒロシマケン,Hiroshima,,,,広島市,ヒロシマシ,Hiroshima-shi,安佐南区,アサミナミク,Asaminami-ku,東野,ヒガシノ,Higashino,一丁目,１チョウメ,1,,,,,1,1,0,0,0,0,1,1,1947-04-17,,0,,,,,,,,,,,,,,,,
341053,0037002,2,広島県,ヒロシマケン,Hiroshima,,,,広島市,ヒロシマシ,Hiroshima-shi,安佐南区,アサミナミク,Asaminami-ku,東野,ヒガシノ,Higashino,二丁目,２チョウメ,2,,,,,1,1,0,0,0,0,1,1,1947-04-17,,0,,,,,,,,,,,,,,,,
341053,0037003,2,広島県,ヒロシマケン,Hiroshima,,,,広島市,ヒロシマシ,Hiroshima-shi,安佐南区,アサミナミク,Asaminami-ku,東野,ヒガシノ,Higashino,三丁目,３チョウメ,3,,,,,1,1,0,0,0,0,1,1,1947-04-17,,0,,,,,,,,,,,,,,,,
341053,0038001,2,広島県,ヒロシマケン,Hiroshima,,,,広島市,ヒロシマシ,Hiroshima-shi,安佐南区,アサミナミク,Asaminami-ku,東原,ヒガシハラ,Higashihara,一丁目,１チョウメ,1,,,,,1,1,0,0,0,0,1,1,1947-04-17,,0,,,,,,,,,,,,,,,,
341053,0038002,2,広島県,ヒロシマケン,Hiroshima,,,,広島市,ヒロシマシ,Hiroshima-shi,安佐南区,アサミナミク,Asaminami-ku,東原,ヒガシハラ,Higashihara,二丁目,２チョウメ,2,,,,,1,1,0,0,0,0,1,1,1947-04-17,,0,,,,,,,,,,,,,,,,
341053,0038003,2,広島県,ヒロシマケン,Hiroshima,,,,広島市,ヒロシマシ,Hiroshima-shi,安佐南区,アサミナミク,Asaminami-ku,東原,ヒガシハラ,Higashihara,三丁目,３チョウメ,3,,,,,1,1,0,0,0,0,1,1,1947-04-17,,0,,,,,,,,,,,,,,,,
341053,0039001,2,広島県,ヒロシマケン,Hiroshima,,,,広島市,ヒロシマシ,Hiroshima-shi,安佐南区,アサミナミク,Asaminami-ku,毘沙門台,ビシャモンダイ,Bishamondai,一丁目,１チョウメ,1,,,,,1,1,0,0,0,0,1,1,1947-04-17,,0,,,,,,,,,,,,,,,,
341053,0039002,2,広島県,ヒロシマケン,Hiroshima,,,,広島市,ヒロシマシ,Hiroshima-shi,安佐南区,アサミナミク,Asaminami-ku,毘沙門台,ビシャモンダイ,Bishamondai,二丁目,２チョウメ,2,,,,,1,1,0,0,0,0,1,1,1947-04-17,,0,,,,,,,,,,,,,,,,
341053,0039003,2,広島県,ヒロシマケン,Hiroshima,,,,広島市,ヒロシマシ,Hiroshima-shi,安佐南区,アサミナミク,Asaminami-ku,毘沙門台,ビシャモンダイ,Bishamondai,三丁目,３チョウメ,3,,,,,1,1,0,0,0,0,1,1,1947-04-17,,0,,,,,,,,,,,,,,,,
341053,0039004,2,広島県,ヒロシマケン,Hiroshima,,,,広島市,ヒロシマシ,Hiroshima-shi,安佐南区,アサミナミク,Asaminami-ku,毘沙門台,ビシャモンダイ,Bishamondai,四丁目,４チョウメ,4,,,,,1,1,0,0,0,0,1,1,1947-04-17,,0,,,,,,,,,,,,,,,,
341053,0040001,2,広島県,ヒロシマケン,Hiroshima,,,,広島市,ヒロシマシ,Hiroshima-shi,安佐南区,アサミナミク,Asaminami-ku,毘沙門台東,ビシャモンダイヒガシ,Bishamondaihigashi,一丁目,１チョウメ,1,,,,,1,1,0,0,0,0,1,1,1947-04-17,,0,,,,,,,,,,,,,,,,
341053,0040002,2,広島県,ヒロシマケン,Hiroshima,,,,広島市,ヒロシマシ,Hiroshima-shi,安佐南区,アサミナミク,Asaminami-ku,毘沙門台東,ビシャモンダイヒガシ,Bishamondaihigashi,二丁目,２チョウメ,2,,,,,1,1,0,0,0,0,1,1,1947-04-17,,0,,,,,,,,,,,,,,,,
341053,0041001,2,広島県,ヒロシマケン,Hiroshima,,,,広島市,ヒロシマシ,Hiroshima-shi,安佐南区,アサミナミク,Asaminami-ku,古市,フルイチ,Furuichi,一丁目,１チョウメ,1,,,,,1,1,0,0,0,0,1,1,1947-04-17,,0,,,,,,,,,,,,,,,,
341053,0041002,2,広島県,ヒロシマケン,Hiroshima,,,,広島市,ヒロシマシ,Hiroshima-shi,安佐南区,アサミナミク,Asaminami-ku,古市,フルイチ,Furuichi,二丁目,２チョウメ,2,,,,,1,1,0,0,0,0,1,1,1947-04-17,,0,,,,,,,,,,,,,,,,
341053,0041003,2,広島県,ヒロシマケン,Hiroshima,,,,広島市,ヒロシマシ,Hiroshima-shi,安佐南区,アサミナミク,Asaminami-ku,古市,フルイチ,Furuichi,三丁目,３チョウメ,3,,,,,1,1,0,0,0,0,1,1,1947-04-17,,0,,,,,,,,,,,,,,,,
341053,0041004,2,広島県,ヒロシマケン,Hiroshima,,,,広島市,ヒロシマシ,Hiroshima-shi,安佐南区,アサミナミク,Asaminami-ku,古市,フルイチ,Furuichi,四丁目,４チョウメ,4,,,,,1,1,0,0,0,0,1,1,1947-04-17,,0,,,,,,,,,,,,,,,,
341053,0042001,2,広島県,ヒロシマケン,Hiroshima,,,,広島市,ヒロシマシ,Hiroshima-shi,安佐南区,アサミナミク,Asaminami-ku,緑井,ミドリイ,Midorii,一丁目,１チョウメ,1,,,,,1,1,0,0,0,0,1,1,1947-04-17,,0,,,,,,,,,,,,,,,,
341053,0042002,2,広島県,ヒロシマケン,Hiroshima,,,,広島市,ヒロシマシ,Hiroshima-shi,安佐南区,アサミナミク,Asaminami-ku,緑井,ミドリイ,Midorii,二丁目,２チョウメ,2,,,,,1,1,0,0,0,0,1,1,1947-04-17,,0,,,,,,,,,,,,,,,,
341053,0042003,2,広島県,ヒロシマケン,Hiroshima,,,,広島市,ヒロシマシ,Hiroshima-shi,安佐南区,アサミナミク,Asaminami-ku,緑井,ミドリイ,Midorii,三丁目,３チョウメ,3,,,,,1,1,0,0,0,0,1,1,1947-04-17,,0,,,,,,,,,,,,,,,,
341053,0042004,2,広島県,ヒロシマケン,Hiroshima,,,,広島市,ヒロシマシ,Hiroshima-shi,安佐南区,アサミナミク,Asaminami-ku,緑井,ミドリイ,Midorii,四丁目,４チョウメ,4,,,,,1,1,0,0,0,0,1,1,1947-04-17,,0,,,,,,,,,,,,,,,,
341053,0042005,2,広島県,ヒロシマケン,Hiroshima,,,,広島市,ヒロシマシ,Hiroshima-shi,安佐南区,アサミナミク,Asaminami-ku,緑井,ミドリイ,Midorii,五丁目,５チョウメ,5,,,,,1,1,0,0,0,0,1,1,1947-04-17,,0,,,,,,,,,,,,,,,,
341053,0042006,2,広島県,ヒロシマケン,Hiroshima,,,,広島市,ヒロシマシ,Hiroshima-shi,安佐南区,アサミナミク,Asaminami-ku,緑井,ミドリイ,Midorii,六丁目,６チョウメ,6,,,,,1,1,0,0,0,0,1,1,1947-04-17,,0,,,,,,,,,,,,,,,,
341053,0042007,2,広島県,ヒロシマケン,Hiroshima,,,,広島市,ヒロシマシ,Hiroshima-shi,安佐南区,アサミナミク,Asaminami-ku,緑井,ミドリイ,Midorii,七丁目,７チョウメ,7,,,,,1,1,0,0,0,0,1,1,1947-04-17,,0,,,,,,,,,,,,,,,,
341053,0042008,2,広島県,ヒロシマケン,Hiroshima,,,,広島市,ヒロシマシ,Hiroshima-shi,安佐南区,アサミナミク,Asaminami-ku,緑井,ミドリイ,Midorii,八丁目,８チョウメ,8,,,,,1,1,0,0,0,0,1,1,1947-04-17,,0,,,,,,,,,,,,,,,,
341053,0043000,1,広島県,ヒロシマケン,Hiroshima,,,,広島市,ヒロシマシ,Hiroshima-shi,安佐南区,アサミナミク,Asaminami-ku,緑井町,ミドリイチョウ,,,,,,,,,0,0,0,0,0,0,1,1,1947-04-17,,0,,,,,,,,,,,,,,,,
341053,0044001,2,広島県,ヒロシマケン,Hiroshima,,,,広島市,ヒロシマシ,Hiroshima-shi,安佐南区,アサミナミク,Asaminami-ku,八木,ヤギ,Yagi,一丁目,１チョウメ,1,,,,,1,1,0,0,0,0,1,1,1947-04-17,,0,,,,,,,,,,,,,,,,
341053,0044002,2,広島県,ヒロシマケン,Hiroshima,,,,広島市,ヒロシマシ,Hiroshima-shi,安佐南区,アサミナミク,Asaminami-ku,八木,ヤギ,Yagi,二丁目,２チョウメ,2,,,,,1,1,0,0,0,0,1,1,1947-04-17,,0,,,,,,,,,,,,,,,,
341053,0044003,2,広島県,ヒロシマケン,Hiroshima,,,,広島市,ヒロシマシ,Hiroshima-shi,安佐南区,アサミナミク,Asaminami-ku,八木,ヤギ,Yagi,三丁目,３チョウメ,3,,,,,1,1,0,0,0,0,1,1,1947-04-17,,0,,,,,,,,,,,,,,,,
341053,0044004,2,広島県,ヒロシマケン,Hiroshima,,,,広島市,ヒロシマシ,Hiroshima-shi,安佐南区,アサミナミク,Asaminami-ku,八木,ヤギ,Yagi,四丁目,４チョウメ,4,,,,,1,1,0,0,0,0,1,1,1947-04-17,,0,,,,,,,,,,,,,,,,
341053,0044005,2,広島県,ヒロシマケン,Hiroshima,,,,広島市,ヒロシマシ,Hiroshima-shi,安佐南区,アサミナミク,Asaminami-ku,八木,ヤギ,Yagi,五丁目,５チョウメ,5,,,,,1,1,0,0,0,0,1,1,1947-04-17,,0,,,,,,,,,,,,,,,,
341053,0044006,2,広島県,ヒロシマケン,Hiroshima,,,,広島市,ヒロシマシ,Hiroshima-shi,安佐南区,アサミナミク,Asaminami-ku,八木,ヤギ,Yagi,六丁目,６チョウメ,6,,,,,1,1,0,0,0,0,1,1,1947-04-17,,0,,,,,,,,,,,,,,,,
341053,0044007,2,広島県,ヒロシマケン,Hiroshima,,,,広島市,ヒロシマシ,Hiroshima-shi,安佐南区,アサミナミク,Asaminami-ku,八木,ヤギ,Yagi,七丁目,７チョウメ,7,,,,,1,1,0,0,0,0,1,1,1947-04-17,,0,,,,,,,,,,,,,,,,
341053,0044008,2,広島県,ヒロシマケン,Hiroshima,,,,広島市,ヒロシマシ,Hiroshima-shi,安佐南区,アサミナミク,Asaminami-ku,八木,ヤギ,Yagi,八丁目,８チョウメ,8,,,,,1,1,0,0,0,0,1,1,1947-04-17,,0,,,,,,,,,,,,,,,,
341053,0044009,2,広島県,ヒロシマケン,Hiroshima,,,,広島市,ヒロシマシ,Hiroshima-shi,安佐南区,アサミナミク,Asaminami-ku,八木,ヤギ,Yagi,九丁目,９チョウメ,9,,,,,1,1,0,0,0,0,1,1,1947-04-17,,0,,,,,,,,,,,,,,,,
341053,0045000,1,広島県,ヒロシマケン,Hiroshima,,,,広島市,ヒロシマシ,Hiroshima-shi,安佐南区,アサミナミク,Asaminami-ku,八木町,ヤギチョウ,Yagicho,,,,,,,,0,0,0,0,0,0,1,1,1947-04-17,,0,7310101,,,,,,,,,,,,,,,
341053,0046001,2,広島県,ヒロシマケン,Hiroshima,,,,広島市,ヒロシマシ,Hiroshima-shi,安佐南区,アサミナミク,Asaminami-ku,安東,ヤスヒガシ,Yasuhigashi,一丁目,１チョウメ,1,,,,,1,1,0,0,0,0,1,1,1947-04-17,,0,,,,,,,,,,,,,,,,
341053,0046002,2,広島県,ヒロシマケン,Hiroshima,,,,広島市,ヒロシマシ,Hiroshima-shi,安佐南区,アサミナミク,Asaminami-ku,安東,ヤスヒガシ,Yasuhigashi,二丁目,２チョウメ,2,,,,,1,1,0,0,0,0,1,1,1947-04-17,,0,,,,,,,,,,,,,,,,
341053,0046003,2,広島県,ヒロシマケン,Hiroshima,,,,広島市,ヒロシマシ,Hiroshima-shi,安佐南区,アサミナミク,Asaminami-ku,安東,ヤスヒガシ,Yasuhigashi,三丁目,３チョウメ,3,,,,,1,1,0,0,0,0,1,1,1947-04-17,,0,,,,,,,,,,,,,,,,
341053,0046004,2,広島県,ヒロシマケン,Hiroshima,,,,広島市,ヒロシマシ,Hiroshima-shi,安佐南区,アサミナミク,Asaminami-ku,安東,ヤスヒガシ,Yasuhigashi,四丁目,４チョウメ,4,,,,,1,1,0,0,0,0,1,1,1947-04-17,,0,,,,,,,,,,,,,,,,
341053,0046005,2,広島県,ヒロシマケン,Hiroshima,,,,広島市,ヒロシマシ,Hiroshima-shi,安佐南区,アサミナミク,Asaminami-ku,安東,ヤスヒガシ,Yasuhigashi,五丁目,５チョウメ,5,,,,,1,1,0,0,0,0,1,1,1947-04-17,,0,,,,,,,,,,,,,,,,
341053,0046006,2,広島県,ヒロシマケン,Hiroshima,,,,広島市,ヒロシマシ,Hiroshima-shi,安佐南区,アサミナミク,Asaminami-ku,安東,ヤスヒガシ,Yasuhigashi,六丁目,６チョウメ,6,,,,,1,1,0,0,0,0,1,1,1947-04-17,,0,,,,,,,,,,,,,,,,
341053,0046007,2,広島県,ヒロシマケン,Hiroshima,,,,広島市,ヒロシマシ,Hiroshima-shi,安佐南区,アサミナミク,Asaminami-ku,安東,ヤスヒガシ,Yasuhigashi,七丁目,７チョウメ,7,,,,,0,0,0,0,0,0,1,1,1947-04-17,,0,,,,,,,,,,,,,,,,
341053,0046007,2,広島県,ヒロシマケン,Hiroshima,,,,広島市,ヒロシマシ,Hiroshima-shi,安佐南区,アサミナミク,Asaminami-ku,安東,ヤスヒガシ,Yasuhigashi,七丁目,７チョウメ,7,,,,,1,1,0,0,0,0,1,1,1947-04-17,,0,,,,,,,,,,,,,,,,
341053,0047001,2,広島県,ヒロシマケン,Hiroshima,,,,広島市,ヒロシマシ,Hiroshima-shi,安佐南区,アサミナミク,Asaminami-ku,山本,ヤマモト,Yamamoto,一丁目,１チョウメ,1,,,,,1,1,0,0,0,0,1,1,1947-04-17,,0,,,,,,,,,,,,,,,,
341053,0047002,2,広島県,ヒロシマケン,Hiroshima,,,,広島市,ヒロシマシ,Hiroshima-shi,安佐南区,アサミナミク,Asaminami-ku,山本,ヤマモト,Yamamoto,二丁目,２チョウメ,2,,,,,1,1,0,0,0,0,1,1,1947-04-17,,0,,,,,,,,,,,,,,,,
341053,0047003,2,広島県,ヒロシマケン,Hiroshima,,,,広島市,ヒロシマシ,Hiroshima-shi,安佐南区,アサミナミク,Asaminami-ku,山本,ヤマモト,Yamamoto,三丁目,３チョウメ,3,,,,,1,1,0,0,0,0,1,1,1947-04-17,,0,,,,,,,,,,,,,,,,
341053,0047004,2,広島県,ヒロシマケン,Hiroshima,,,,広島市,ヒロシマシ,Hiroshima-shi,安佐南区,アサミナミク,Asaminami-ku,山本,ヤマモト,Yamamoto,四丁目,４チョウメ,4,,,,,1,1,0,0,0,0,1,1,1947-04-17,,0,,,,,,,,,,,,,,,,
341053,0047005,2,広島県,ヒロシマケン,Hiroshima,,,,広島市,ヒロシマシ,Hiroshima-shi,安佐南区,アサミナミク,Asaminami-ku,山本,ヤマモト,Yamamoto,五丁目,５チョウメ,5,,,,,1,1,0,0,0,0,1,1,1947-04-17,,0,,,,,,,,,,,,,,,,
341053,0047006,2,広島県,ヒロシマケン,Hiroshima,,,,広島市,ヒロシマシ,Hiroshima-shi,安佐南区,アサミナミク,Asaminami-ku,山本,ヤマモト,Yamamoto,六丁目,６チョウメ,6,,,,,1,1,0,0,0,0,1,1,1947-04-17,,0,,,,,,,,,,,,,,,,
341053,0047007,2,広島県,ヒロシマケン,Hiroshima,,,,広島市,ヒロシマシ,Hiroshima-shi,安佐南区,アサミナミク,Asaminami-ku,山本,ヤマモト,Yamamoto,七丁目,７チョウメ,7,,,,,1,1,0,0,0,0,1,1,1947-04-17,,0,,,,,,,,,,,,,,,,
341053,0047008,2,広島県,ヒロシマケン,Hiroshima,,,,広島市,ヒロシマシ,Hiroshima-shi,安佐南区,アサミナミク,Asaminami-ku,山本,ヤマモト,Yamamoto,八丁目,８チョウメ,8,,,,,1,1,0,0,0,0,1,1,1947-04-17,,0,,,,,,,,,,,,,,,,
341053,0047009,2,広島県,ヒロシマケン,Hiroshima,,,,広島市,ヒロシマシ,Hiroshima-shi,安佐南区,アサミナミク,Asaminami-ku,山本,ヤマモト,Yamamoto,九丁目,９チョウメ,9,,,,,1,1,0,0,0,0,1,1,1947-04-17,,0,,,,,,,,,,,,,,,,
341053,0048001,2,広島県,ヒロシマケン,Hiroshima,,,,広島市,ヒロシマシ,Hiroshima-shi,安佐南区,アサミナミク,Asaminami-ku,山本新町,ヤマモトシンマチ,Yamamotoshimmachi,一丁目,１チョウメ,1,,,,,1,1,0,0,0,0,1,1,1947-04-17,,0,,,,,,,,,,,,,,,,
341053,0048002,2,広島県,ヒロシマケン,Hiroshima,,,,広島市,ヒロシマシ,Hiroshima-shi,安佐南区,アサミナミク,Asaminami-ku,山本新町,ヤマモトシンマチ,Yamamotoshimmachi,二丁目,２チョウメ,2,,,,,1,1,0,0,0,0,1,1,1947-04-17,,0,,,,,,,,,,,,,,,,
341053,0048003,2,広島県,ヒロシマケン,Hiroshima,,,,広島市,ヒロシマシ,Hiroshima-shi,安佐南区,アサミナミク,Asaminami-ku,山本新町,ヤマモトシンマチ,Yamamotoshimmachi,三丁目,３チョウメ,3,,,,,1,1,0,0,0,0,1,1,1947-04-17,,0,,,,,,,,,,,,,,,,
341053,0048004,2,広島県,ヒロシマケン,Hiroshima,,,,広島市,ヒロシマシ,Hiroshima-shi,安佐南区,アサミナミク,Asaminami-ku,山本新町,ヤマモトシンマチ,Yamamotoshimmachi,四丁目,４チョウメ,4,,,,,1,1,0,0,0,0,1,1,1947-04-17,,0,,,,,,,,,,,,,,,,
341053,0048005,2,広島県,ヒロシマケン,Hiroshima,,,,広島市,ヒロシマシ,Hiroshima-shi,安佐南区,アサミナミク,Asaminami-ku,山本新町,ヤマモトシンマチ,Yamamotoshimmachi,五丁目,５チョウメ,5,,,,,1,1,0,0,0,0,1,1,1947-04-17,,0,,,,,,,,,,,,,,,,
341053,0049000,1,広島県,ヒロシマケン,Hiroshima,,,,広島市,ヒロシマシ,Hiroshima-shi,安佐南区,アサミナミク,Asaminami-ku,山本町,ヤマモトチョウ,Yamamotocho,,,,,,,,0,0,0,0,0,0,1,1,1947-04-17,,0,7310137,,,,,,,,,,,,,,,
341053,0050000,1,広島県,ヒロシマケン,Hiroshima,,,,広島市,ヒロシマシ,Hiroshima-shi,安佐南区,アサミナミク,Asaminami-ku,大塚西町,オオヅカヒガシマチ,Ozukanishimachi,,,,,,,,0,0,0,0,0,0,1,1,1947-04-17,,0,7313174,,,,,,,,,,,,,,,
341053,0055000,1,広島県,ヒロシマケン,Hiroshima,,,,広島市,ヒロシマシ,Hiroshima-shi,安佐南区,アサミナミク,Asaminami-ku,沼田町大字大塚,ヌマタチョウオオツカ,,,,,,,,,0,0,0,0,0,0,1,1,1947-04-17,,0,,,,,,,,,,,,,,,,
341061,0001000,1,広島県,ヒロシマケン,Hiroshima,,,,広島市,ヒロシマシ,Hiroshima-shi,安佐北区,アサキタク,Asakita-ku,安佐町大字飯室,アサチョウオオアザイムロ,,,,,,,,,0,0,0,0,0,0,1,1,1947-04-17,,0,,,,,,,,,,,,,,,,
341061,0002000,1,広島県,ヒロシマケン,Hiroshima,,,,広島市,ヒロシマシ,Hiroshima-shi,安佐北区,アサキタク,Asakita-ku,安佐町大字後山,アサチョウオオアザウシロヤマ,,,,,,,,,0,0,0,0,0,0,1,1,1947-04-17,,0,,,,,,,,,,,,,,,,
341061,0003000,1,広島県,ヒロシマケン,Hiroshima,,,,広島市,ヒロシマシ,Hiroshima-shi,安佐北区,アサキタク,Asakita-ku,安佐町大字小河内,アサチョウオオアザオガウチ,,,,,,,,,0,0,0,0,0,0,1,1,1947-04-17,,0,,,,,,,,,,,,,,,,
341061,0004000,1,広島県,ヒロシマケン,Hiroshima,,,,広島市,ヒロシマシ,Hiroshima-shi,安佐北区,アサキタク,Asakita-ku,安佐町大字くすの木台,アサチョウオオアザクスノキダイ,,,,,,,,,0,0,0,0,0,0,1,1,1947-04-17,,0,,,,,,,,,,,,,,,,
341061,0005000,1,広島県,ヒロシマケン,Hiroshima,,,,広島市,ヒロシマシ,Hiroshima-shi,安佐北区,アサキタク,Asakita-ku,安佐町大字久地,アサチョウオオアザクチ,,,,,,,,,0,0,0,0,0,0,1,1,1947-04-17,,0,,,,,,,,,,,,,,,,
341061,0006000,1,広島県,ヒロシマケン,Hiroshima,,,,広島市,ヒロシマシ,Hiroshima-shi,安佐北区,アサキタク,Asakita-ku,安佐町大字毛木,アサチョウオオアザケギ,,,,,,,,,0,0,0,0,0,0,1,1,1947-04-17,,0,,,,,,,,,,,,,,,,
341061,0007000,1,広島県,ヒロシマケン,Hiroshima,,,,広島市,ヒロシマシ,Hiroshima-shi,安佐北区,アサキタク,Asakita-ku,安佐町大字鈴張,アサチョウオオアザスズハリ,,,,,,,,,0,0,0,0,0,0,1,1,1947-04-17,,0,,,,,,,,,,,,,,,,
341061,0008000,1,広島県,ヒロシマケン,Hiroshima,,,,広島市,ヒロシマシ,Hiroshima-shi,安佐北区,アサキタク,Asakita-ku,安佐町大字筒瀬,アサチョウオオアザツツセ,,,,,,,,,0,0,0,0,0,0,1,1,1947-04-17,,0,,,,,,,,,,,,,,,,
341061,0009000,1,広島県,ヒロシマケン,Hiroshima,,,,広島市,ヒロシマシ,Hiroshima-shi,安佐北区,アサキタク,Asakita-ku,安佐町大字動物園,アサチョウオオアザドウブツエン,,,,,,,,,0,0,0,0,0,0,1,1,1947-04-17,,0,,,,,,,,,,,,,,,,
341061,0010000,1,広島県,ヒロシマケン,Hiroshima,,,,広島市,ヒロシマシ,Hiroshima-shi,安佐北区,アサキタク,Asakita-ku,安佐町大字宮野,アサチョウオオアザミヤノ,,,,,,,,,0,0,0,0,0,0,1,1,1947-04-17,,0,,,,,,,,,,,,,,,,
341061,0011001,2,広島県,ヒロシマケン,Hiroshima,,,,広島市,ヒロシマシ,Hiroshima-shi,安佐北区,アサキタク,Asakita-ku,あさひが丘,アサヒガオカ,Asahigaoka,一丁目,１チョウメ,1,,,,,1,1,0,0,0,0,1,1,1947-04-17,,0,,,,,,,,,,,,,,,,
341061,0011002,2,広島県,ヒロシマケン,Hiroshima,,,,広島市,ヒロシマシ,Hiroshima-shi,安佐北区,アサキタク,Asakita-ku,あさひが丘,アサヒガオカ,Asahigaoka,二丁目,２チョウメ,2,,,,,1,1,0,0,0,0,1,1,1947-04-17,,0,,,,,,,,,,,,,,,,
341061,0011003,2,広島県,ヒロシマケン,Hiroshima,,,,広島市,ヒロシマシ,Hiroshima-shi,安佐北区,アサキタク,Asakita-ku,あさひが丘,アサヒガオカ,Asahigaoka,三丁目,３チョウメ,3,,,,,1,1,0,0,0,0,1,1,1947-04-17,,0,,,,,,,,,,,,,,,,
341061,0011004,2,広島県,ヒロシマケン,Hiroshima,,,,広島市,ヒロシマシ,Hiroshima-shi,安佐北区,アサキタク,Asakita-ku,あさひが丘,アサヒガオカ,Asahigaoka,四丁目,４チョウメ,4,,,,,1,1,0,0,0,0,1,1,1947-04-17,,0,,,,,,,,,,,,,,,,
341061,0011005,2,広島県,ヒロシマケン,Hiroshima,,,,広島市,ヒロシマシ,Hiroshima-shi,安佐北区,アサキタク,Asakita-ku,あさひが丘,アサヒガオカ,Asahigaoka,五丁目,５チョウメ,5,,,,,1,1,0,0,0,0,1,1,1947-04-17,,0,,,,,,,,,,,,,,,,
341061,0011006,2,広島県,ヒロシマケン,Hiroshima,,,,広島市,ヒロシマシ,Hiroshima-shi,安佐北区,アサキタク,Asakita-ku,あさひが丘,アサヒガオカ,Asahigaoka,六丁目,６チョウメ,6,,,,,1,1,0,0,0,0,1,1,1947-04-17,,0,,,,,,,,,,,,,,,,
341061,0011007,2,広島県,ヒロシマケン,Hiroshima,,,,広島市,ヒロシマシ,Hiroshima-shi,安佐北区,アサキタク,Asakita-ku,あさひが丘,アサヒガオカ,Asahigaoka,七丁目,７チョウメ,7,,,,,1,1,0,0,0,0,1,1,1947-04-17,,0,,,,,,,,,,,,,,,,
341061,0011008,2,広島県,ヒロシマケン,Hiroshima,,,,広島市,ヒロシマシ,Hiroshima-shi,安佐北区,アサキタク,Asakita-ku,あさひが丘,アサヒガオカ,Asahigaoka,八丁目,８チョウメ,8,,,,,1,1,0,0,0,0,1,1,1947-04-17,,0,,,,,,,,,,,,,,,,
341061,0011009,2,広島県,ヒロシマケン,Hiroshima,,,,広島市,ヒロシマシ,Hiroshima-shi,安佐北区,アサキタク,Asakita-ku,あさひが丘,アサヒガオカ,Asahigaoka,九丁目,９チョウメ,9,,,,,1,1,0,0,0,0,1,1,1947-04-17,,0,,,,,,,,,,,,,,,,
341061,0012001,2,広島県,ヒロシマケン,Hiroshima,,,,広島市,ヒロシマシ,Hiroshima-shi,安佐北区,アサキタク,Asakita-ku,大林,オオバヤシ,Obayashi,一丁目,１チョウメ,1,,,,,1,1,0,0,0,0,1,1,1947-04-17,,0,,,,,,,,,,,,,,,,
341061,0012002,2,広島県,ヒロシマケン,Hiroshima,,,,広島市,ヒロシマシ,Hiroshima-shi,安佐北区,アサキタク,Asakita-ku,大林,オオバヤシ,Obayashi,二丁目,２チョウメ,2,,,,,1,1,0,0,0,0,1,1,1947-04-17,,0,,,,,,,,,,,,,,,,
341061,0012003,2,広島県,ヒロシマケン,Hiroshima,,,,広島市,ヒロシマシ,Hiroshima-shi,安佐北区,アサキタク,Asakita-ku,大林,オオバヤシ,Obayashi,三丁目,３チョウメ,3,,,,,1,1,0,0,0,0,1,1,1947-04-17,,0,,,,,,,,,,,,,,,,
341061,0012004,2,広島県,ヒロシマケン,Hiroshima,,,,広島市,ヒロシマシ,Hiroshima-shi,安佐北区,アサキタク,Asakita-ku,大林,オオバヤシ,Obayashi,四丁目,４チョウメ,4,,,,,1,1,0,0,0,0,1,1,1947-04-17,,0,,,,,,,,,,,,,,,,
341061,0013000,1,広島県,ヒロシマケン,Hiroshima,,,,広島市,ヒロシマシ,Hiroshima-shi,安佐北区,アサキタク,Asakita-ku,大林町,オオバヤシチョウ,Obayashicho,,,,,,,,0,0,0,0,0,0,1,1,1947-04-17,,0,7310202,,,,,,,,,,,,,,,
341061,0014000,1,広島県,ヒロシマケン,Hiroshima,,,,広島市,ヒロシマシ,Hiroshima-shi,安佐北区,アサキタク,Asakita-ku,小河原町,オガワラチョウ,Ogawaracho,,,,,,,,0,0,0,0,0,0,1,1,1947-04-17,,0,7391754,,,,,,,,,,,,,,,
341061,0015001,2,広島県,ヒロシマケン,Hiroshima,,,,広島市,ヒロシマシ,Hiroshima-shi,安佐北区,アサキタク,Asakita-ku,落合,オチアイ,Ochiai,一丁目,１チョウメ,1,,,,,1,1,0,0,0,0,1,1,1947-04-17,,0,,,,,,,,,,,,,,,,
341061,0015002,2,広島県,ヒロシマケン,Hiroshima,,,,広島市,ヒロシマシ,Hiroshima-shi,安佐北区,アサキタク,Asakita-ku,落合,オチアイ,Ochiai,二丁目,２チョウメ,2,,,,,1,1,0,0,0,0,1,1,1947-04-17,,0,,,,,,,,,,,,,,,,
341061,0015003,2,広島県,ヒロシマケン,Hiroshima,,,,広島市,ヒロシマシ,Hiroshima-shi,安佐北区,アサキタク,Asakita-ku,落合,オチアイ,Ochiai,三丁目,３チョウメ,3,,,,,1,1,0,0,0,0,1,1,1947-04-17,,0,,,,,,,,,,,,,,,,
341061,0015004,2,広島県,ヒロシマケン,Hiroshima,,,,広島市,ヒロシマシ,Hiroshima-shi,安佐北区,アサキタク,Asakita-ku,落合,オチアイ,Ochiai,四丁目,４チョウメ,4,,,,,1,1,0,0,0,0,1,1,1947-04-17,,0,,,,,,,,,,,,,,,,
341061,0015005,2,広島県,ヒロシマケン,Hiroshima,,,,広島市,ヒロシマシ,Hiroshima-shi,安佐北区,アサキタク,Asakita-ku,落合,オチアイ,Ochiai,五丁目,５チョウメ,5,,,,,1,1,0,0,0,0,1,1,1947-04-17,,0,,,,,,,,,,,,,,,,
341061,0016000,1,広島県,ヒロシマケン,Hiroshima,,,,広島市,ヒロシマシ,Hiroshima-shi,安佐北区,アサキタク,Asakita-ku,落合町,オチアイチョウ,,,,,,,,,0,0,0,0,0,0,1,1,1947-04-17,,0,,,,,,,,,,,,,,,,
341061,0017001,2,広島県,ヒロシマケン,Hiroshima,,,,広島市,ヒロシマシ,Hiroshima-shi,安佐北区,アサキタク,Asakita-ku,落合南,オチアイミナミ,Ochiaiminami,一丁目,１チョウメ,1,,,,,1,1,0,0,0,0,1,1,1947-04-17,,0,,,,,,,,,,,,,,,,
341061,0017002,2,広島県,ヒロシマケン,Hiroshima,,,,広島市,ヒロシマシ,Hiroshima-shi,安佐北区,アサキタク,Asakita-ku,落合南,オチアイミナミ,Ochiaiminami,二丁目,２チョウメ,2,,,,,1,1,0,0,0,0,1,1,1947-04-17,,0,,,,,,,,,,,,,,,,
341061,0017003,2,広島県,ヒロシマケン,Hiroshima,,,,広島市,ヒロシマシ,Hiroshima-shi,安佐北区,アサキタク,Asakita-ku,落合南,オチアイミナミ,Ochiaiminami,三丁目,３チョウメ,3,,,,,1,1,0,0,0,0,1,1,1947-04-17,,0,,,,,,,,,,,,,,,,
341061,0017004,2,広島県,ヒロシマケン,Hiroshima,,,,広島市,ヒロシマシ,Hiroshima-shi,安佐北区,アサキタク,Asakita-ku,落合南,オチアイミナミ,Ochiaiminami,四丁目,４チョウメ,4,,,,,1,1,0,0,0,0,1,1,1947-04-17,,0,,,,,,,,,,,,,,,,
341061,0017005,2,広島県,ヒロシマケン,Hiroshima,,,,広島市,ヒロシマシ,Hiroshima-shi,安佐北区,アサキタク,Asakita-ku,落合南,オチアイミナミ,Ochiaiminami,五丁目,５チョウメ,5,,,,,1,1,0,0,0,0,1,1,1947-04-17,,0,,,,,,,,,,,,,,,,
341061,0017006,2,広島県,ヒロシマケン,Hiroshima,,,,広島市,ヒロシマシ,Hiroshima-shi,安佐北区,アサキタク,Asakita-ku,落合南,オチアイミナミ,Ochiaiminami,六丁目,６チョウメ,6,,,,,1,1,0,0,0,0,1,1,1947-04-17,,0,,,,,,,,,,,,,,,,
341061,0017007,2,広島県,ヒロシマケン,Hiroshima,,,,広島市,ヒロシマシ,Hiroshima-shi,安佐北区,アサキタク,Asakita-ku,落合南,オチアイミナミ,Ochiaiminami,七丁目,７チョウメ,7,,,,,1,1,0,0,0,0,1,1,1947-04-17,,0,,,,,,,,,,,,,,,,
341061,0017008,2,広島県,ヒロシマケン,Hiroshima,,,,広島市,ヒロシマシ,Hiroshima-shi,安佐北区,アサキタク,Asakita-ku,落合南,オチアイミナミ,Ochiaiminami,八丁目,８チョウメ,8,,,,,1,1,0,0,0,0,1,1,1947-04-17,,0,,,,,,,,,,,,,,,,
341061,0017009,2,広島県,ヒロシマケン,Hiroshima,,,,広島市,ヒロシマシ,Hiroshima-shi,安佐北区,アサキタク,Asakita-ku,落合南,オチアイミナミ,Ochiaiminami,九丁目,９チョウメ,9,,,,,1,1,0,0,0,0,1,1,1947-04-17,,0,,,,,,,,,,,,,,,,
341061,0018000,1,広島県,ヒロシマケン,Hiroshima,,,,広島市,ヒロシマシ,Hiroshima-shi,安佐北区,アサキタク,Asakita-ku,落合南町,オチアイミナミマチ,Ochiaiminamimachi,,,,,,,,0,0,0,0,0,0,1,1,1947-04-17,,0,7391732,,,,,,,,,,,,,,,
341061,0019001,2,広島県,ヒロシマケン,Hiroshima,,,,広島市,ヒロシマシ,Hiroshima-shi,安佐北区,アサキタク,Asakita-ku,可部,カベ,Kabe,一丁目,１チョウメ,1,,,,,1,1,0,0,0,0,1,1,1947-04-17,,0,,,,,,,,,,,,,,,,
341061,0019002,2,広島県,ヒロシマケン,Hiroshima,,,,広島市,ヒロシマシ,Hiroshima-shi,安佐北区,アサキタク,Asakita-ku,可部,カベ,Kabe,二丁目,２チョウメ,2,,,,,1,1,0,0,0,0,1,1,1947-04-17,,0,,,,,,,,,,,,,,,,
341061,0019003,2,広島県,ヒロシマケン,Hiroshima,,,,広島市,ヒロシマシ,Hiroshima-shi,安佐北区,アサキタク,Asakita-ku,可部,カベ,Kabe,三丁目,３チョウメ,3,,,,,1,1,0,0,0,0,1,1,1947-04-17,,0,,,,,,,,,,,,,,,,
341061,0019004,2,広島県,ヒロシマケン,Hiroshima,,,,広島市,ヒロシマシ,Hiroshima-shi,安佐北区,アサキタク,Asakita-ku,可部,カベ,Kabe,四丁目,４チョウメ,4,,,,,1,1,0,0,0,0,1,1,1947-04-17,,0,,,,,,,,,,,,,,,,
341061,0019005,2,広島県,ヒロシマケン,Hiroshima,,,,広島市,ヒロシマシ,Hiroshima-shi,安佐北区,アサキタク,Asakita-ku,可部,カベ,Kabe,五丁目,５チョウメ,5,,,,,1,1,0,0,0,0,1,1,1947-04-17,,0,,,,,,,,,,,,,,,,
341061,0019006,2,広島県,ヒロシマケン,Hiroshima,,,,広島市,ヒロシマシ,Hiroshima-shi,安佐北区,アサキタク,Asakita-ku,可部,カベ,Kabe,六丁目,６チョウメ,6,,,,,1,1,0,0,0,0,1,1,1947-04-17,,0,,,,,,,,,,,,,,,,
341061,0019007,2,広島県,ヒロシマケン,Hiroshima,,,,広島市,ヒロシマシ,Hiroshima-shi,安佐北区,アサキタク,Asakita-ku,可部,カベ,Kabe,七丁目,７チョウメ,7,,,,,1,1,0,0,0,0,1,1,1947-04-17,,0,,,,,,,,,,,,,,,,
341061,0019008,2,広島県,ヒロシマケン,Hiroshima,,,,広島市,ヒロシマシ,Hiroshima-shi,安佐北区,アサキタク,Asakita-ku,可部,カベ,Kabe,八丁目,８チョウメ,8,,,,,1,1,0,0,0,0,1,1,1947-04-17,,0,,,,,,,,,,,,,,,,
341061,0019009,2,広島県,ヒロシマケン,Hiroshima,,,,広島市,ヒロシマシ,Hiroshima-shi,安佐北区,アサキタク,Asakita-ku,可部,カベ,Kabe,九丁目,９チョウメ,9,,,,,1,1,0,0,0,0,1,1,1947-04-17,,0,,,,,,,,,,,,,,,,
341061,0020000,1,広島県,ヒロシマケン,Hiroshima,,,,広島市,ヒロシマシ,Hiroshima-shi,安佐北区,アサキタク,Asakita-ku,可部町大字綾ケ谷,カベチョウオオアザアヤガタニ,,,,,,,,,0,0,0,0,0,0,1,1,1947-04-17,,0,,,,,,,,,,,,,,,,
341061,0021000,1,広島県,ヒロシマケン,Hiroshima,,,,広島市,ヒロシマシ,Hiroshima-shi,安佐北区,アサキタク,Asakita-ku,可部町大字今井田,カベチョウオオアザイマイダ,,,,,,,,,0,0,0,0,0,0,1,1,1947-04-17,,0,,,,,,,,,,,,,,,,
341061,0022000,1,広島県,ヒロシマケン,Hiroshima,,,,広島市,ヒロシマシ,Hiroshima-shi,安佐北区,アサキタク,Asakita-ku,可部町大字上原,カベチョウオオアザウエバラ,,,,,,,,,0,0,0,0,0,0,1,1,1947-04-17,,0,,,,,,,,,,,,,,,,
341061,0023000,1,広島県,ヒロシマケン,Hiroshima,,,,広島市,ヒロシマシ,Hiroshima-shi,安佐北区,アサキタク,Asakita-ku,可部町大字大毛寺,カベチョウオオアザオオモジ,,,,,,,,,0,0,0,0,0,0,1,1,1947-04-17,,0,,,,,,,,,,,,,,,,
341061,0024000,1,広島県,ヒロシマケン,Hiroshima,,,,広島市,ヒロシマシ,Hiroshima-shi,安佐北区,アサキタク,Asakita-ku,可部町大字勝木,カベチョウオオアザカツギ,,,,,,,,,0,0,0,0,0,0,1,1,1947-04-17,,0,,,,,,,,,,,,,,,,
341061,0025000,1,広島県,ヒロシマケン,Hiroshima,,,,広島市,ヒロシマシ,Hiroshima-shi,安佐北区,アサキタク,Asakita-ku,可部町大字上町屋,カベチョウオオアザカミマチヤ,,,,,,,,,0,0,0,0,0,0,1,1,1947-04-17,,0,,,,,,,,,,,,,,,,
341061,0026000,1,広島県,ヒロシマケン,Hiroshima,,,,広島市,ヒロシマシ,Hiroshima-shi,安佐北区,アサキタク,Asakita-ku,可部町大字下町屋,カベチョウオオアザシモマチヤ,,,,,,,,,0,0,0,0,0,0,1,1,1947-04-17,,0,,,,,,,,,,,,,,,,
341061,0027000,1,広島県,ヒロシマケン,Hiroshima,,,,広島市,ヒロシマシ,Hiroshima-shi,安佐北区,アサキタク,Asakita-ku,可部町大字城,カベチョウオオアザジョウ,,,,,,,,,0,0,0,0,0,0,1,1,1947-04-17,,0,,,,,,,,,,,,,,,,
341061,0028000,1,広島県,ヒロシマケン,Hiroshima,,,,広島市,ヒロシマシ,Hiroshima-shi,安佐北区,アサキタク,Asakita-ku,可部町大字桐原,カベチョウオオアザトゲ,,,,,,,,,0,0,0,0,0,0,1,1,1947-04-17,,0,,,,,,,,,,,,,,,,
341061,0029000,1,広島県,ヒロシマケン,Hiroshima,,,,広島市,ヒロシマシ,Hiroshima-shi,安佐北区,アサキタク,Asakita-ku,可部町大字中島,カベチョウオオアザナカシマ,,,,,,,,,0,0,0,0,0,0,1,1,1947-04-17,,0,,,,,,,,,,,,,,,,
341061,0030000,1,広島県,ヒロシマケン,Hiroshima,,,,広島市,ヒロシマシ,Hiroshima-shi,安佐北区,アサキタク,Asakita-ku,可部町大字中野,カベチョウオオアザナカノ,,,,,,,,,0,0,0,0,0,0,1,1,1947-04-17,,0,,,,,,,,,,,,,,,,
341061,0031000,1,広島県,ヒロシマケン,Hiroshima,,,,広島市,ヒロシマシ,Hiroshima-shi,安佐北区,アサキタク,Asakita-ku,可部町大字南原,カベチョウオオアザナバラ,,,,,,,,,0,0,0,0,0,0,1,1,1947-04-17,,0,,,,,,,,,,,,,,,,
341061,0032001,2,広島県,ヒロシマケン,Hiroshima,,,,広島市,ヒロシマシ,Hiroshima-shi,安佐北区,アサキタク,Asakita-ku,可部東,カベヒガシ,Kabehigashi,一丁目,１チョウメ,1,,,,,1,1,0,0,0,0,1,1,1947-04-17,,0,,,,,,,,,,,,,,,,
341061,0032002,2,広島県,ヒロシマケン,Hiroshima,,,,広島市,ヒロシマシ,Hiroshima-shi,安佐北区,アサキタク,Asakita-ku,可部東,カベヒガシ,Kabehigashi,二丁目,２チョウメ,2,,,,,1,1,0,0,0,0,1,1,1947-04-17,,0,,,,,,,,,,,,,,,,
341061,0032003,2,広島県,ヒロシマケン,Hiroshima,,,,広島市,ヒロシマシ,Hiroshima-shi,安佐北区,アサキタク,Asakita-ku,可部東,カベヒガシ,Kabehigashi,三丁目,３チョウメ,3,,,,,1,1,0,0,0,0,1,1,1947-04-17,,0,,,,,,,,,,,,,,,,
341061,0032004,2,広島県,ヒロシマケン,Hiroshima,,,,広島市,ヒロシマシ,Hiroshima-shi,安佐北区,アサキタク,Asakita-ku,可部東,カベヒガシ,Kabehigashi,四丁目,４チョウメ,4,,,,,1,1,0,0,0,0,1,1,1947-04-17,,0,,,,,,,,,,,,,,,,
341061,0032005,2,広島県,ヒロシマケン,Hiroshima,,,,広島市,ヒロシマシ,Hiroshima-shi,安佐北区,アサキタク,Asakita-ku,可部東,カベヒガシ,Kabehigashi,五丁目,５チョウメ,5,,,,,1,1,0,0,0,0,1,1,1947-04-17,,0,,,,,,,,,,,,,,,,
341061,0032006,2,広島県,ヒロシマケン,Hiroshima,,,,広島市,ヒロシマシ,Hiroshima-shi,安佐北区,アサキタク,Asakita-ku,可部東,カベヒガシ,Kabehigashi,六丁目,６チョウメ,6,,,,,1,1,0,0,0,0,1,1,1947-04-17,,0,,,,,,,,,,,,,,,,
341061,0033001,2,広島県,ヒロシマケン,Hiroshima,,,,広島市,ヒロシマシ,Hiroshima-shi,安佐北区,アサキタク,Asakita-ku,可部南,カベミナミ,Kabeminami,一丁目,１チョウメ,1,,,,,1,1,0,0,0,0,1,1,1947-04-17,,0,,,,,,,,,,,,,,,,
341061,0033002,2,広島県,ヒロシマケン,Hiroshima,,,,広島市,ヒロシマシ,Hiroshima-shi,安佐北区,アサキタク,Asakita-ku,可部南,カベミナミ,Kabeminami,二丁目,２チョウメ,2,,,,,1,1,0,0,0,0,1,1,1947-04-17,,0,,,,,,,,,,,,,,,,
341061,0033003,2,広島県,ヒロシマケン,Hiroshima,,,,広島市,ヒロシマシ,Hiroshima-shi,安佐北区,アサキタク,Asakita-ku,可部南,カベミナミ,Kabeminami,三丁目,３チョウメ,3,,,,,1,1,0,0,0,0,1,1,1947-04-17,,0,,,,,,,,,,,,,,,,
341061,0033004,2,広島県,ヒロシマケン,Hiroshima,,,,広島市,ヒロシマシ,Hiroshima-shi,安佐北区,アサキタク,Asakita-ku,可部南,カベミナミ,Kabeminami,四丁目,４チョウメ,4,,,,,1,1,0,0,0,0,1,1,1947-04-17,,0,,,,,,,,,,,,,,,,
341061,0033005,2,広島県,ヒロシマケン,Hiroshima,,,,広島市,ヒロシマシ,Hiroshima-shi,安佐北区,アサキタク,Asakita-ku,可部南,カベミナミ,Kabeminami,五丁目,５チョウメ,5,,,,,1,1,0,0,0,0,1,1,1947-04-17,,0,,,,,,,,,,,,,,,,
341061,0034000,1,広島県,ヒロシマケン,Hiroshima,,,,広島市,ヒロシマシ,Hiroshima-shi,安佐北区,アサキタク,Asakita-ku,上深川町,カミフカワチョウ,Kamifukawacho,,,,,,,,0,0,0,0,0,0,1,1,1947-04-17,,0,7391752,,,,,,,,,,,,,,,
341061,0035001,2,広島県,ヒロシマケン,Hiroshima,,,,広島市,ヒロシマシ,Hiroshima-shi,安佐北区,アサキタク,Asakita-ku,亀崎,カメザキ,Kamezaki,一丁目,１チョウメ,1,,,,,1,1,0,0,0,0,1,1,1947-04-17,,0,,,,,,,,,,,,,,,,
341061,0035002,2,広島県,ヒロシマケン,Hiroshima,,,,広島市,ヒロシマシ,Hiroshima-shi,安佐北区,アサキタク,Asakita-ku,亀崎,カメザキ,Kamezaki,二丁目,２チョウメ,2,,,,,1,1,0,0,0,0,1,1,1947-04-17,,0,,,,,,,,,,,,,,,,
341061,0035003,2,広島県,ヒロシマケン,Hiroshima,,,,広島市,ヒロシマシ,Hiroshima-shi,安佐北区,アサキタク,Asakita-ku,亀崎,カメザキ,Kamezaki,三丁目,３チョウメ,3,,,,,1,1,0,0,0,0,1,1,1947-04-17,,0,,,,,,,,,,,,,,,,
341061,0035004,2,広島県,ヒロシマケン,Hiroshima,,,,広島市,ヒロシマシ,Hiroshima-shi,安佐北区,アサキタク,Asakita-ku,亀崎,カメザキ,Kamezaki,四丁目,４チョウメ,4,,,,,1,1,0,0,0,0,1,1,1947-04-17,,0,,,,,,,,,,,,,,,,
341061,0036001,2,広島県,ヒロシマケン,Hiroshima,,,,広島市,ヒロシマシ,Hiroshima-shi,安佐北区,アサキタク,Asakita-ku,亀山,カメヤマ,Kameyama,一丁目,１チョウメ,1,,,,,1,1,0,0,0,0,1,1,1947-04-17,,0,,,,,,,,,,,,,,,,
341061,0036002,2,広島県,ヒロシマケン,Hiroshima,,,,広島市,ヒロシマシ,Hiroshima-shi,安佐北区,アサキタク,Asakita-ku,亀山,カメヤマ,Kameyama,二丁目,２チョウメ,2,,,,,1,1,0,0,0,0,1,1,1947-04-17,,0,,,,,,,,,,,,,,,,
341061,0036003,2,広島県,ヒロシマケン,Hiroshima,,,,広島市,ヒロシマシ,Hiroshima-shi,安佐北区,アサキタク,Asakita-ku,亀山,カメヤマ,Kameyama,三丁目,３チョウメ,3,,,,,1,1,0,0,0,0,1,1,1947-04-17,,0,,,,,,,,,,,,,,,,
341061,0036004,2,広島県,ヒロシマケン,Hiroshima,,,,広島市,ヒロシマシ,Hiroshima-shi,安佐北区,アサキタク,Asakita-ku,亀山,カメヤマ,Kameyama,四丁目,４チョウメ,4,,,,,1,1,0,0,0,0,1,1,1947-04-17,,0,,,,,,,,,,,,,,,,
341061,0036005,2,広島県,ヒロシマケン,Hiroshima,,,,広島市,ヒロシマシ,Hiroshima-shi,安佐北区,アサキタク,Asakita-ku,亀山,カメヤマ,Kameyama,五丁目,５チョウメ,5,,,,,1,1,0,0,0,0,1,1,1947-04-17,,0,,,,,,,,,,,,,,,,
341061,0036006,2,広島県,ヒロシマケン,Hiroshima,,,,広島市,ヒロシマシ,Hiroshima-shi,安佐北区,アサキタク,Asakita-ku,亀山,カメヤマ,Kameyama,六丁目,６チョウメ,6,,,,,1,1,0,0,0,0,1,1,1947-04-17,,0,,,,,,,,,,,,,,,,
341061,0036007,2,広島県,ヒロシマケン,Hiroshima,,,,広島市,ヒロシマシ,Hiroshima-shi,安佐北区,アサキタク,Asakita-ku,亀山,カメヤマ,Kameyama,七丁目,７チョウメ,7,,,,,1,1,0,0,0,0,1,1,1947-04-17,,0,,,,,,,,,,,,,,,,
341061,0036008,2,広島県,ヒロシマケン,Hiroshima,,,,広島市,ヒロシマシ,Hiroshima-shi,安佐北区,アサキタク,Asakita-ku,亀山,カメヤマ,Kameyama,八丁目,８チョウメ,8,,,,,1,1,0,0,0,0,1,1,1947-04-17,,0,,,,,,,,,,,,,,,,
341061,0036009,2,広島県,ヒロシマケン,Hiroshima,,,,広島市,ヒロシマシ,Hiroshima-shi,安佐北区,アサキタク,Asakita-ku,亀山,カメヤマ,Kameyama,九丁目,９チョウメ,9,,,,,1,1,0,0,0,0,1,1,1947-04-17,,0,,,,,,,,,,,,,,,,
341061,0037001,2,広島県,ヒロシマケン,Hiroshima,,,,広島市,ヒロシマシ,Hiroshima-shi,安佐北区,アサキタク,Asakita-ku,亀山西,カメヤマニシ,Kameyamanishi,一丁目,１チョウメ,1,,,,,1,1,0,0,0,0,1,1,1947-04-17,,0,,,,,,,,,,,,,,,,
341061,0037002,2,広島県,ヒロシマケン,Hiroshima,,,,広島市,ヒロシマシ,Hiroshima-shi,安佐北区,アサキタク,Asakita-ku,亀山西,カメヤマニシ,Kameyamanishi,二丁目,２チョウメ,2,,,,,1,1,0,0,0,0,1,1,1947-04-17,,0,,,,,,,,,,,,,,,,
341061,0038001,2,広島県,ヒロシマケン,Hiroshima,,,,広島市,ヒロシマシ,Hiroshima-shi,安佐北区,アサキタク,Asakita-ku,亀山南,カメヤマミナミ,Kameyamaminami,一丁目,１チョウメ,1,,,,,1,1,0,0,0,0,1,1,1947-04-17,,0,,,,,,,,,,,,,,,,
341061,0038002,2,広島県,ヒロシマケン,Hiroshima,,,,広島市,ヒロシマシ,Hiroshima-shi,安佐北区,アサキタク,Asakita-ku,亀山南,カメヤマミナミ,Kameyamaminami,二丁目,２チョウメ,2,,,,,1,1,0,0,0,0,1,1,1947-04-17,,0,,,,,,,,,,,,,,,,
341061,0038003,2,広島県,ヒロシマケン,Hiroshima,,,,広島市,ヒロシマシ,Hiroshima-shi,安佐北区,アサキタク,Asakita-ku,亀山南,カメヤマミナミ,Kameyamaminami,三丁目,３チョウメ,3,,,,,1,1,0,0,0,0,1,1,1947-04-17,,0,,,,,,,,,,,,,,,,
341061,0038004,2,広島県,ヒロシマケン,Hiroshima,,,,広島市,ヒロシマシ,Hiroshima-shi,安佐北区,アサキタク,Asakita-ku,亀山南,カメヤマミナミ,Kameyamaminami,四丁目,４チョウメ,4,,,,,1,1,0,0,0,0,1,1,1947-04-17,,0,,,,,,,,,,,,,,,,
341061,0038005,2,広島県,ヒロシマケン,Hiroshima,,,,広島市,ヒロシマシ,Hiroshima-shi,安佐北区,アサキタク,Asakita-ku,亀山南,カメヤマミナミ,Kameyamaminami,五丁目,５チョウメ,5,,,,,1,1,0,0,0,0,1,1,1947-04-17,,0,,,,,,,,,,,,,,,,
341061,0039000,1,広島県,ヒロシマケン,Hiroshima,,,,広島市,ヒロシマシ,Hiroshima-shi,安佐北区,アサキタク,Asakita-ku,狩留家町,カルガチョウ,Karugacho,,,,,,,,0,0,0,0,0,0,1,1,1947-04-17,,0,7391753,,,,,,,,,,,,,,,
341061,0040001,2,広島県,ヒロシマケン,Hiroshima,,,,広島市,ヒロシマシ,Hiroshima-shi,安佐北区,アサキタク,Asakita-ku,口田,クチタ,Kuchita,一丁目,１チョウメ,1,,,,,1,1,0,0,0,0,1,1,1947-04-17,,0,,,,,,,,,,,,,,,,
341061,0040002,2,広島県,ヒロシマケン,Hiroshima,,,,広島市,ヒロシマシ,Hiroshima-shi,安佐北区,アサキタク,Asakita-ku,口田,クチタ,Kuchita,二丁目,２チョウメ,2,,,,,1,1,0,0,0,0,1,1,1947-04-17,,0,,,,,,,,,,,,,,,,
341061,0040003,2,広島県,ヒロシマケン,Hiroshima,,,,広島市,ヒロシマシ,Hiroshima-shi,安佐北区,アサキタク,Asakita-ku,口田,クチタ,Kuchita,三丁目,３チョウメ,3,,,,,1,1,0,0,0,0,1,1,1947-04-17,,0,,,,,,,,,,,,,,,,
341061,0040004,2,広島県,ヒロシマケン,Hiroshima,,,,広島市,ヒロシマシ,Hiroshima-shi,安佐北区,アサキタク,Asakita-ku,口田,クチタ,Kuchita,四丁目,４チョウメ,4,,,,,1,1,0,0,0,0,1,1,1947-04-17,,0,,,,,,,,,,,,,,,,
341061,0040005,2,広島県,ヒロシマケン,Hiroshima,,,,広島市,ヒロシマシ,Hiroshima-shi,安佐北区,アサキタク,Asakita-ku,口田,クチタ,Kuchita,五丁目,５チョウメ,5,,,,,1,1,0,0,0,0,1,1,1947-04-17,,0,,,,,,,,,,,,,,,,
341061,0041000,1,広島県,ヒロシマケン,Hiroshima,,,,広島市,ヒロシマシ,Hiroshima-shi,安佐北区,アサキタク,Asakita-ku,口田町,クチタチョウ,Kuchitacho,,,,,,,,1,1,0,0,0,0,1,1,1947-04-17,,0,7391734,,,,,,,,,,,,,,,
341061,0042001,2,広島県,ヒロシマケン,Hiroshima,,,,広島市,ヒロシマシ,Hiroshima-shi,安佐北区,アサキタク,Asakita-ku,口田南,クチタミナミ,Kuchitaminami,一丁目,１チョウメ,1,,,,,1,1,0,0,0,0,1,1,1947-04-17,,0,,,,,,,,,,,,,,,,
341061,0042002,2,広島県,ヒロシマケン,Hiroshima,,,,広島市,ヒロシマシ,Hiroshima-shi,安佐北区,アサキタク,Asakita-ku,口田南,クチタミナミ,Kuchitaminami,二丁目,２チョウメ,2,,,,,1,1,0,0,0,0,1,1,1947-04-17,,0,,,,,,,,,,,,,,,,
341061,0042003,2,広島県,ヒロシマケン,Hiroshima,,,,広島市,ヒロシマシ,Hiroshima-shi,安佐北区,アサキタク,Asakita-ku,口田南,クチタミナミ,Kuchitaminami,三丁目,３チョウメ,3,,,,,1,1,0,0,0,0,1,1,1947-04-17,,0,,,,,,,,,,,,,,,,
341061,0042004,2,広島県,ヒロシマケン,Hiroshima,,,,広島市,ヒロシマシ,Hiroshima-shi,安佐北区,アサキタク,Asakita-ku,口田南,クチタミナミ,Kuchitaminami,四丁目,４チョウメ,4,,,,,1,1,0,0,0,0,1,1,1947-04-17,,0,,,,,,,,,,,,,,,,
341061,0042005,2,広島県,ヒロシマケン,Hiroshima,,,,広島市,ヒロシマシ,Hiroshima-shi,安佐北区,アサキタク,Asakita-ku,口田南,クチタミナミ,Kuchitaminami,五丁目,５チョウメ,5,,,,,1,1,0,0,0,0,1,1,1947-04-17,,0,,,,,,,,,,,,,,,,
341061,0042006,2,広島県,ヒロシマケン,Hiroshima,,,,広島市,ヒロシマシ,Hiroshima-shi,安佐北区,アサキタク,Asakita-ku,口田南,クチタミナミ,Kuchitaminami,六丁目,６チョウメ,6,,,,,1,1,0,0,0,0,1,1,1947-04-17,,0,,,,,,,,,,,,,,,,
341061,0042007,2,広島県,ヒロシマケン,Hiroshima,,,,広島市,ヒロシマシ,Hiroshima-shi,安佐北区,アサキタク,Asakita-ku,口田南,クチタミナミ,Kuchitaminami,七丁目,７チョウメ,7,,,,,1,1,0,0,0,0,1,1,1947-04-17,,0,,,,,,,,,,,,,,,,
341061,0042008,2,広島県,ヒロシマケン,Hiroshima,,,,広島市,ヒロシマシ,Hiroshima-shi,安佐北区,アサキタク,Asakita-ku,口田南,クチタミナミ,Kuchitaminami,八丁目,８チョウメ,8,,,,,1,1,0,0,0,0,1,1,1947-04-17,,0,,,,,,,,,,,,,,,,
341061,0042009,2,広島県,ヒロシマケン,Hiroshima,,,,広島市,ヒロシマシ,Hiroshima-shi,安佐北区,アサキタク,Asakita-ku,口田南,クチタミナミ,Kuchitaminami,九丁目,９チョウメ,9,,,,,1,1,0,0,0,0,1,1,1947-04-17,,0,,,,,,,,,,,,,,,,
341061,0043000,1,広島県,ヒロシマケン,Hiroshima,,,,広島市,ヒロシマシ,Hiroshima-shi,安佐北区,アサキタク,Asakita-ku,口田南町,クチタミナミマチ,Kuchitaminamimachi,,,,,,,,0,0,0,0,0,0,1,1,1947-04-17,,0,7391733,,,,,,,,,,,,,,,
341061,0044001,2,広島県,ヒロシマケン,Hiroshima,,,,広島市,ヒロシマシ,Hiroshima-shi,安佐北区,アサキタク,Asakita-ku,倉掛,クラカケ,Kurakake,一丁目,１チョウメ,1,,,,,1,1,0,0,0,0,1,1,1947-04-17,,0,,,,,,,,,,,,,,,,
341061,0044002,2,広島県,ヒロシマケン,Hiroshima,,,,広島市,ヒロシマシ,Hiroshima-shi,安佐北区,アサキタク,Asakita-ku,倉掛,クラカケ,Kurakake,二丁目,２チョウメ,2,,,,,1,1,0,0,0,0,1,1,1947-04-17,,0,,,,,,,,,,,,,,,,
341061,0044003,2,広島県,ヒロシマケン,Hiroshima,,,,広島市,ヒロシマシ,Hiroshima-shi,安佐北区,アサキタク,Asakita-ku,倉掛,クラカケ,Kurakake,三丁目,３チョウメ,3,,,,,1,1,0,0,0,0,1,1,1947-04-17,,0,,,,,,,,,,,,,,,,
341061,0045000,1,広島県,ヒロシマケン,Hiroshima,,,,広島市,ヒロシマシ,Hiroshima-shi,安佐北区,アサキタク,Asakita-ku,白木町大字秋山,シラキチョウオオアザアキヤマ,,,,,,,,,0,0,0,0,0,0,1,1,1947-04-17,,0,,,,,,,,,,,,,,,,
341061,0046000,1,広島県,ヒロシマケン,Hiroshima,,,,広島市,ヒロシマシ,Hiroshima-shi,安佐北区,アサキタク,Asakita-ku,白木町大字市川,シラキチョウオオアザイチカワ,,,,,,,,,0,0,0,0,0,0,1,1,1947-04-17,,0,,,,,,,,,,,,,,,,
341061,0047000,1,広島県,ヒロシマケン,Hiroshima,,,,広島市,ヒロシマシ,Hiroshima-shi,安佐北区,アサキタク,Asakita-ku,白木町大字井原,シラキチョウオオアザイバラ,,,,,,,,,0,0,0,0,0,0,1,1,1947-04-17,,0,,,,,,,,,,,,,,,,
341061,0048000,1,広島県,ヒロシマケン,Hiroshima,,,,広島市,ヒロシマシ,Hiroshima-shi,安佐北区,アサキタク,Asakita-ku,白木町大字古屋,シラキチョウオオアザコヤ,,,,,,,,,0,0,0,0,0,0,1,1,1947-04-17,,0,,,,,,,,,,,,,,,,
341061,0049000,1,広島県,ヒロシマケン,Hiroshima,,,,広島市,ヒロシマシ,Hiroshima-shi,安佐北区,アサキタク,Asakita-ku,白木町大字志路,シラキチョウオオアザシジ,,,,,,,,,0,0,0,0,0,0,1,1,1947-04-17,,0,,,,,,,,,,,,,,,,
341061,0050000,1,広島県,ヒロシマケン,Hiroshima,,,,広島市,ヒロシマシ,Hiroshima-shi,安佐北区,アサキタク,Asakita-ku,白木町大字三田,シラキチョウオオアザミタ,,,,,,,,,0,0,0,0,0,0,1,1,1947-04-17,,0,,,,,,,,,,,,,,,,
341061,0051001,2,広島県,ヒロシマケン,Hiroshima,,,,広島市,ヒロシマシ,Hiroshima-shi,安佐北区,アサキタク,Asakita-ku,深川,フカワ,Fukawa,一丁目,１チョウメ,1,,,,,1,1,0,0,0,0,1,1,1947-04-17,,0,,,,,,,,,,,,,,,,
341061,0051002,2,広島県,ヒロシマケン,Hiroshima,,,,広島市,ヒロシマシ,Hiroshima-shi,安佐北区,アサキタク,Asakita-ku,深川,フカワ,Fukawa,二丁目,２チョウメ,2,,,,,1,1,0,0,0,0,1,1,1947-04-17,,0,,,,,,,,,,,,,,,,
341061,0051003,2,広島県,ヒロシマケン,Hiroshima,,,,広島市,ヒロシマシ,Hiroshima-shi,安佐北区,アサキタク,Asakita-ku,深川,フカワ,Fukawa,三丁目,３チョウメ,3,,,,,1,1,0,0,0,0,1,1,1947-04-17,,0,,,,,,,,,,,,,,,,
341061,0051004,2,広島県,ヒロシマケン,Hiroshima,,,,広島市,ヒロシマシ,Hiroshima-shi,安佐北区,アサキタク,Asakita-ku,深川,フカワ,Fukawa,四丁目,４チョウメ,4,,,,,1,1,0,0,0,0,1,1,1947-04-17,,0,,,,,,,,,,,,,,,,
341061,0051005,2,広島県,ヒロシマケン,Hiroshima,,,,広島市,ヒロシマシ,Hiroshima-shi,安佐北区,アサキタク,Asakita-ku,深川,フカワ,Fukawa,五丁目,５チョウメ,5,,,,,1,1,0,0,0,0,1,1,1947-04-17,,0,,,,,,,,,,,,,,,,
341061,0051006,2,広島県,ヒロシマケン,Hiroshima,,,,広島市,ヒロシマシ,Hiroshima-shi,安佐北区,アサキタク,Asakita-ku,深川,フカワ,Fukawa,六丁目,６チョウメ,6,,,,,1,1,0,0,0,0,1,1,1947-04-17,,0,,,,,,,,,,,,,,,,
341061,0051007,2,広島県,ヒロシマケン,Hiroshima,,,,広島市,ヒロシマシ,Hiroshima-shi,安佐北区,アサキタク,Asakita-ku,深川,フカワ,Fukawa,七丁目,７チョウメ,7,,,,,1,1,0,0,0,0,1,1,1947-04-17,,0,,,,,,,,,,,,,,,,
341061,0051008,2,広島県,ヒロシマケン,Hiroshima,,,,広島市,ヒロシマシ,Hiroshima-shi,安佐北区,アサキタク,Asakita-ku,深川,フカワ,Fukawa,八丁目,８チョウメ,8,,,,,1,1,0,0,0,0,1,1,1947-04-17,,0,,,,,,,,,,,,,,,,
341061,0052000,1,広島県,ヒロシマケン,Hiroshima,,,,広島市,ヒロシマシ,Hiroshima-shi,安佐北区,アサキタク,Asakita-ku,深川町,フカワチョウ,Fukawacho,,,,,,,,0,0,0,0,0,0,1,1,1947-04-17,,0,7391751,,,,,,,,,,,,,,,
341061,0053001,2,広島県,ヒロシマケン,Hiroshima,,,,広島市,ヒロシマシ,Hiroshima-shi,安佐北区,アサキタク,Asakita-ku,真亀,マガメ,Magame,一丁目,１チョウメ,1,,,,,1,1,0,0,0,0,1,1,1947-04-17,,0,,,,,,,,,,,,,,,,
341061,0053002,2,広島県,ヒロシマケン,Hiroshima,,,,広島市,ヒロシマシ,Hiroshima-shi,安佐北区,アサキタク,Asakita-ku,真亀,マガメ,Magame,二丁目,２チョウメ,2,,,,,1,1,0,0,0,0,1,1,1947-04-17,,0,,,,,,,,,,,,,,,,
341061,0053003,2,広島県,ヒロシマケン,Hiroshima,,,,広島市,ヒロシマシ,Hiroshima-shi,安佐北区,アサキタク,Asakita-ku,真亀,マガメ,Magame,三丁目,３チョウメ,3,,,,,1,1,0,0,0,0,1,1,1947-04-17,,0,,,,,,,,,,,,,,,,
341061,0053004,2,広島県,ヒロシマケン,Hiroshima,,,,広島市,ヒロシマシ,Hiroshima-shi,安佐北区,アサキタク,Asakita-ku,真亀,マガメ,Magame,四丁目,４チョウメ,4,,,,,1,1,0,0,0,0,1,1,1947-04-17,,0,,,,,,,,,,,,,,,,
341061,0053005,2,広島県,ヒロシマケン,Hiroshima,,,,広島市,ヒロシマシ,Hiroshima-shi,安佐北区,アサキタク,Asakita-ku,真亀,マガメ,Magame,五丁目,５チョウメ,5,,,,,1,1,0,0,0,0,1,1,1947-04-17,,0,,,,,,,,,,,,,,,,
341061,0054001,2,広島県,ヒロシマケン,Hiroshima,,,,広島市,ヒロシマシ,Hiroshima-shi,安佐北区,アサキタク,Asakita-ku,三入,ミイリ,Miiri,一丁目,１チョウメ,1,,,,,1,1,0,0,0,0,1,1,1947-04-17,,0,,,,,,,,,,,,,,,,
341061,0054002,2,広島県,ヒロシマケン,Hiroshima,,,,広島市,ヒロシマシ,Hiroshima-shi,安佐北区,アサキタク,Asakita-ku,三入,ミイリ,Miiri,二丁目,２チョウメ,2,,,,,1,1,0,0,0,0,1,1,1947-04-17,,0,,,,,,,,,,,,,,,,
341061,0054003,2,広島県,ヒロシマケン,Hiroshima,,,,広島市,ヒロシマシ,Hiroshima-shi,安佐北区,アサキタク,Asakita-ku,三入,ミイリ,Miiri,三丁目,３チョウメ,3,,,,,1,1,0,0,0,0,1,1,1947-04-17,,0,,,,,,,,,,,,,,,,
341061,0054004,2,広島県,ヒロシマケン,Hiroshima,,,,広島市,ヒロシマシ,Hiroshima-shi,安佐北区,アサキタク,Asakita-ku,三入,ミイリ,Miiri,四丁目,４チョウメ,4,,,,,1,1,0,0,0,0,1,1,1947-04-17,,0,,,,,,,,,,,,,,,,
341061,0054005,2,広島県,ヒロシマケン,Hiroshima,,,,広島市,ヒロシマシ,Hiroshima-shi,安佐北区,アサキタク,Asakita-ku,三入,ミイリ,Miiri,五丁目,５チョウメ,5,,,,,1,1,0,0,0,0,1,1,1947-04-17,,0,,,,,,,,,,,,,,,,
341061,0054006,2,広島県,ヒロシマケン,Hiroshima,,,,広島市,ヒロシマシ,Hiroshima-shi,安佐北区,アサキタク,Asakita-ku,三入,ミイリ,Miiri,六丁目,６チョウメ,6,,,,,1,1,0,0,0,0,1,1,1947-04-17,,0,,,,,,,,,,,,,,,,
341061,0054007,2,広島県,ヒロシマケン,Hiroshima,,,,広島市,ヒロシマシ,Hiroshima-shi,安佐北区,アサキタク,Asakita-ku,三入,ミイリ,Miiri,七丁目,７チョウメ,7,,,,,1,1,0,0,0,0,1,1,1947-04-17,,0,,,,,,,,,,,,,,,,
341061,0055001,2,広島県,ヒロシマケン,Hiroshima,,,,広島市,ヒロシマシ,Hiroshima-shi,安佐北区,アサキタク,Asakita-ku,三入東,ミイリヒガシ,Miirihigashi,一丁目,１チョウメ,1,,,,,1,1,0,0,0,0,1,1,1947-04-17,,0,,,,,,,,,,,,,,,,
341061,0055002,2,広島県,ヒロシマケン,Hiroshima,,,,広島市,ヒロシマシ,Hiroshima-shi,安佐北区,アサキタク,Asakita-ku,三入東,ミイリヒガシ,Miirihigashi,二丁目,２チョウメ,2,,,,,1,1,0,0,0,0,1,1,1947-04-17,,0,,,,,,,,,,,,,,,,
341061,0056001,2,広島県,ヒロシマケン,Hiroshima,,,,広島市,ヒロシマシ,Hiroshima-shi,安佐北区,アサキタク,Asakita-ku,三入南,ミイリミナミ,Miiriminami,一丁目,１チョウメ,1,,,,,1,1,0,0,0,0,1,1,1947-04-17,,0,,,,,,,,,,,,,,,,
341061,0056002,2,広島県,ヒロシマケン,Hiroshima,,,,広島市,ヒロシマシ,Hiroshima-shi,安佐北区,アサキタク,Asakita-ku,三入南,ミイリミナミ,Miiriminami,二丁目,２チョウメ,2,,,,,1,1,0,0,0,0,1,1,1947-04-17,,0,,,,,,,,,,,,,,,,
341061,0057000,1,広島県,ヒロシマケン,Hiroshima,,,,広島市,ヒロシマシ,Hiroshima-shi,安佐北区,アサキタク,Asakita-ku,白木町大字有留,シラキチョウオオアザアリドメ,,,,,,,,,0,0,0,0,0,0,1,1,1947-04-17,,0,,,,,,,,,,,,,,,,
341061,0058000,1,広島県,ヒロシマケン,Hiroshima,,,,広島市,ヒロシマシ,Hiroshima-shi,安佐北区,アサキタク,Asakita-ku,白木町大字小越,シラキチョウオオアザオコエ,,,,,,,,,0,0,0,0,0,0,1,1,1947-04-17,,0,,,,,,,,,,,,,,,,
341061,0060000,1,広島県,ヒロシマケン,Hiroshima,,,,広島市,ヒロシマシ,Hiroshima-shi,安佐北区,アサキタク,Asakita-ku,可部町大字虹山,カベチョウオオアザニジヤマ,,,,,,,,,0,0,0,0,0,0,1,1,1947-04-17,,0,,,,,,,,,,,,,,,,
341070,0001000,1,広島県,ヒロシマケン,Hiroshima,,,,広島市,ヒロシマシ,Hiroshima-shi,安芸区,アキク,Aki-ku,阿戸町,アトチョウ,Atocho,,,,,,,,0,0,0,0,0,0,1,1,1947-04-17,,0,7314231,,,,,,,,,,,,,,,
341070,0002001,2,広島県,ヒロシマケン,Hiroshima,,,,広島市,ヒロシマシ,Hiroshima-shi,安芸区,アキク,Aki-ku,上瀬野,カミセノ,Kamiseno,一丁目,１チョウメ,1,,,,,1,1,0,0,0,0,1,1,1947-04-17,,0,,,,,,,,,,,,,,,,
341070,0002002,2,広島県,ヒロシマケン,Hiroshima,,,,広島市,ヒロシマシ,Hiroshima-shi,安芸区,アキク,Aki-ku,上瀬野,カミセノ,Kamiseno,二丁目,２チョウメ,2,,,,,1,1,0,0,0,0,1,1,1947-04-17,,0,,,,,,,,,,,,,,,,
341070,0003000,1,広島県,ヒロシマケン,Hiroshima,,,,広島市,ヒロシマシ,Hiroshima-shi,安芸区,アキク,Aki-ku,上瀬野町,カミセノチョウ,Kamisenocho,,,,,,,,0,0,0,0,0,0,1,1,1947-04-17,,0,7390302,,,,,,,,,,,,,,,
341070,0004001,2,広島県,ヒロシマケン,Hiroshima,,,,広島市,ヒロシマシ,Hiroshima-shi,安芸区,アキク,Aki-ku,上瀬野南,カミセノミナミ,Kamisenominami,一丁目,１チョウメ,1,,,,,0,0,0,0,0,0,1,1,1947-04-17,,0,,,,,,,,,,,,,,,,
341070,0004002,2,広島県,ヒロシマケン,Hiroshima,,,,広島市,ヒロシマシ,Hiroshima-shi,安芸区,アキク,Aki-ku,上瀬野南,カミセノミナミ,Kamisenominami,二丁目,２チョウメ,2,,,,,1,1,0,0,0,0,1,1,1947-04-17,,0,,,,,,,,,,,,,,,,
341070,0005001,2,広島県,ヒロシマケン,Hiroshima,,,,広島市,ヒロシマシ,Hiroshima-shi,安芸区,アキク,Aki-ku,瀬野,セノ,Seno,一丁目,１チョウメ,1,,,,,1,1,0,0,0,0,1,1,1947-04-17,,0,,,,,,,,,,,,,,,,
341070,0005002,2,広島県,ヒロシマケン,Hiroshima,,,,広島市,ヒロシマシ,Hiroshima-shi,安芸区,アキク,Aki-ku,瀬野,セノ,Seno,二丁目,２チョウメ,2,,,,,1,1,0,0,0,0,1,1,1947-04-17,,0,,,,,,,,,,,,,,,,
341070,0005003,2,広島県,ヒロシマケン,Hiroshima,,,,広島市,ヒロシマシ,Hiroshima-shi,安芸区,アキク,Aki-ku,瀬野,セノ,Seno,三丁目,３チョウメ,3,,,,,1,1,0,0,0,0,1,1,1947-04-17,,0,,,,,,,,,,,,,,,,
341070,0005004,2,広島県,ヒロシマケン,Hiroshima,,,,広島市,ヒロシマシ,Hiroshima-shi,安芸区,アキク,Aki-ku,瀬野,セノ,Seno,四丁目,４チョウメ,4,,,,,0,0,0,0,0,0,1,1,1947-04-17,,0,,,,,,,,,,,,,,,,
341070,0005005,2,広島県,ヒロシマケン,Hiroshima,,,,広島市,ヒロシマシ,Hiroshima-shi,安芸区,アキク,Aki-ku,瀬野,セノ,Seno,五丁目,５チョウメ,5,,,,,1,1,0,0,0,0,1,1,1947-04-17,,0,,,,,,,,,,,,,,,,
341070,0006000,1,広島県,ヒロシマケン,Hiroshima,,,,広島市,ヒロシマシ,Hiroshima-shi,安芸区,アキク,Aki-ku,瀬野町,セノチョウ,Senocho,,,,,,,,0,0,0,0,0,0,1,1,1947-04-17,,0,7390312,,,,,,,,,,,,,,,
341070,0007001,2,広島県,ヒロシマケン,Hiroshima,,,,広島市,ヒロシマシ,Hiroshima-shi,安芸区,アキク,Aki-ku,瀬野西,セノニシ,Senonishi,一丁目,１チョウメ,1,,,,,1,1,0,0,0,0,1,1,1947-04-17,,0,,,,,,,,,,,,,,,,
341070,0007002,2,広島県,ヒロシマケン,Hiroshima,,,,広島市,ヒロシマシ,Hiroshima-shi,安芸区,アキク,Aki-ku,瀬野西,セノニシ,Senonishi,二丁目,２チョウメ,2,,,,,1,1,0,0,0,0,1,1,1947-04-17,,0,,,,,,,,,,,,,,,,
341070,0007003,2,広島県,ヒロシマケン,Hiroshima,,,,広島市,ヒロシマシ,Hiroshima-shi,安芸区,アキク,Aki-ku,瀬野西,セノニシ,Senonishi,三丁目,３チョウメ,3,,,,,1,1,0,0,0,0,1,1,1947-04-17,,0,,,,,,,,,,,,,,,,
341070,0007004,2,広島県,ヒロシマケン,Hiroshima,,,,広島市,ヒロシマシ,Hiroshima-shi,安芸区,アキク,Aki-ku,瀬野西,セノニシ,Senonishi,四丁目,４チョウメ,4,,,,,1,1,0,0,0,0,1,1,1947-04-17,,0,,,,,,,,,,,,,,,,
341070,0007005,2,広島県,ヒロシマケン,Hiroshima,,,,広島市,ヒロシマシ,Hiroshima-shi,安芸区,アキク,Aki-ku,瀬野西,セノニシ,Senonishi,五丁目,５チョウメ,5,,,,,1,1,0,0,0,0,1,1,1947-04-17,,0,,,,,,,,,,,,,,,,
341070,0007006,2,広島県,ヒロシマケン,Hiroshima,,,,広島市,ヒロシマシ,Hiroshima-shi,安芸区,アキク,Aki-ku,瀬野西,セノニシ,Senonishi,六丁目,６チョウメ,6,,,,,1,1,0,0,0,0,1,1,1947-04-17,,0,,,,,,,,,,,,,,,,
341070,0008001,2,広島県,ヒロシマケン,Hiroshima,,,,広島市,ヒロシマシ,Hiroshima-shi,安芸区,アキク,Aki-ku,瀬野南,セノミナミ,Senominami,一丁目,１チョウメ,1,,,,,1,1,0,0,0,0,1,1,1947-04-17,,0,,,,,,,,,,,,,,,,
341070,0009000,1,広島県,ヒロシマケン,Hiroshima,,,,広島市,ヒロシマシ,Hiroshima-shi,安芸区,アキク,Aki-ku,瀬野南町,セノミナミマチ,Senominamimachi,,,,,,,,0,0,0,0,0,0,1,1,1947-04-17,,0,7390315,,,,,,,,,,,,,,,
341070,0010001,2,広島県,ヒロシマケン,Hiroshima,,,,広島市,ヒロシマシ,Hiroshima-shi,安芸区,アキク,Aki-ku,中野,ナカノ,Nakano,一丁目,１チョウメ,1,,,,,1,1,0,0,0,0,1,1,1947-04-17,,0,,,,,,,,,,,,,,,,
341070,0010002,2,広島県,ヒロシマケン,Hiroshima,,,,広島市,ヒロシマシ,Hiroshima-shi,安芸区,アキク,Aki-ku,中野,ナカノ,Nakano,二丁目,２チョウメ,2,,,,,1,1,0,0,0,0,1,1,1947-04-17,,0,,,,,,,,,,,,,,,,
341070,0010003,2,広島県,ヒロシマケン,Hiroshima,,,,広島市,ヒロシマシ,Hiroshima-shi,安芸区,アキク,Aki-ku,中野,ナカノ,Nakano,三丁目,３チョウメ,3,,,,,1,1,0,0,0,0,1,1,1947-04-17,,0,,,,,,,,,,,,,,,,
341070,0010004,2,広島県,ヒロシマケン,Hiroshima,,,,広島市,ヒロシマシ,Hiroshima-shi,安芸区,アキク,Aki-ku,中野,ナカノ,Nakano,四丁目,４チョウメ,4,,,,,1,1,0,0,0,0,1,1,1947-04-17,,0,,,,,,,,,,,,,,,,
341070,0010005,2,広島県,ヒロシマケン,Hiroshima,,,,広島市,ヒロシマシ,Hiroshima-shi,安芸区,アキク,Aki-ku,中野,ナカノ,Nakano,五丁目,５チョウメ,5,,,,,1,1,0,0,0,0,1,1,1947-04-17,,0,,,,,,,,,,,,,,,,
341070,0010006,2,広島県,ヒロシマケン,Hiroshima,,,,広島市,ヒロシマシ,Hiroshima-shi,安芸区,アキク,Aki-ku,中野,ナカノ,Nakano,六丁目,６チョウメ,6,,,,,1,1,0,0,0,0,1,1,1947-04-17,,0,,,,,,,,,,,,,,,,
341070,0010007,2,広島県,ヒロシマケン,Hiroshima,,,,広島市,ヒロシマシ,Hiroshima-shi,安芸区,アキク,Aki-ku,中野,ナカノ,Nakano,七丁目,７チョウメ,7,,,,,1,1,0,0,0,0,1,1,1947-04-17,,0,,,,,,,,,,,,,,,,
341070,0011000,1,広島県,ヒロシマケン,Hiroshima,,,,広島市,ヒロシマシ,Hiroshima-shi,安芸区,アキク,Aki-ku,中野町,ナカノチョウ,Nakanocho,,,,,,,,0,0,0,0,0,0,1,1,1947-04-17,,0,7390322,,,,,,,,,,,,,,,
341070,0012001,2,広島県,ヒロシマケン,Hiroshima,,,,広島市,ヒロシマシ,Hiroshima-shi,安芸区,アキク,Aki-ku,中野東,ナカノヒガシ,Nakanohigashi,一丁目,１チョウメ,1,,,,,1,1,0,0,0,0,1,1,1947-04-17,,0,,,,,,,,,,,,,,,,
341070,0012002,2,広島県,ヒロシマケン,Hiroshima,,,,広島市,ヒロシマシ,Hiroshima-shi,安芸区,アキク,Aki-ku,中野東,ナカノヒガシ,Nakanohigashi,二丁目,２チョウメ,2,,,,,1,1,0,0,0,0,1,1,1947-04-17,,0,,,,,,,,,,,,,,,,
341070,0012003,2,広島県,ヒロシマケン,Hiroshima,,,,広島市,ヒロシマシ,Hiroshima-shi,安芸区,アキク,Aki-ku,中野東,ナカノヒガシ,Nakanohigashi,三丁目,３チョウメ,3,,,,,1,1,0,0,0,0,1,1,1947-04-17,,0,,,,,,,,,,,,,,,,
341070,0012004,2,広島県,ヒロシマケン,Hiroshima,,,,広島市,ヒロシマシ,Hiroshima-shi,安芸区,アキク,Aki-ku,中野東,ナカノヒガシ,Nakanohigashi,四丁目,４チョウメ,4,,,,,1,1,0,0,0,0,1,1,1947-04-17,,0,,,,,,,,,,,,,,,,
341070,0012005,2,広島県,ヒロシマケン,Hiroshima,,,,広島市,ヒロシマシ,Hiroshima-shi,安芸区,アキク,Aki-ku,中野東,ナカノヒガシ,Nakanohigashi,五丁目,５チョウメ,5,,,,,1,1,0,0,0,0,1,1,1947-04-17,,0,,,,,,,,,,,,,,,,
341070,0012006,2,広島県,ヒロシマケン,Hiroshima,,,,広島市,ヒロシマシ,Hiroshima-shi,安芸区,アキク,Aki-ku,中野東,ナカノヒガシ,Nakanohigashi,六丁目,６チョウメ,6,,,,,1,1,0,0,0,0,1,1,1947-04-17,,0,,,,,,,,,,,,,,,,
341070,0012007,2,広島県,ヒロシマケン,Hiroshima,,,,広島市,ヒロシマシ,Hiroshima-shi,安芸区,アキク,Aki-ku,中野東,ナカノヒガシ,Nakanohigashi,七丁目,７チョウメ,7,,,,,1,1,0,0,0,0,1,1,1947-04-17,,0,,,,,,,,,,,,,,,,
341070,0013000,1,広島県,ヒロシマケン,Hiroshima,,,,広島市,ヒロシマシ,Hiroshima-shi,安芸区,アキク,Aki-ku,中野東町,ナカノヒガシマチ,Nakanohigashimachi,,,,,,,,0,0,0,0,0,0,1,1,1947-04-17,,0,7390324,,,,,,,,,,,,,,,
341070,0014001,2,広島県,ヒロシマケン,Hiroshima,,,,広島市,ヒロシマシ,Hiroshima-shi,安芸区,アキク,Aki-ku,畑賀,ハタカ,Hataka,一丁目,１チョウメ,1,,,,,1,1,0,0,0,0,1,1,1947-04-17,,0,,,,,,,,,,,,,,,,
341070,0014002,2,広島県,ヒロシマケン,Hiroshima,,,,広島市,ヒロシマシ,Hiroshima-shi,安芸区,アキク,Aki-ku,畑賀,ハタカ,Hataka,二丁目,２チョウメ,2,,,,,1,1,0,0,0,0,1,1,1947-04-17,,0,,,,,,,,,,,,,,,,
341070,0014003,2,広島県,ヒロシマケン,Hiroshima,,,,広島市,ヒロシマシ,Hiroshima-shi,安芸区,アキク,Aki-ku,畑賀,ハタカ,Hataka,三丁目,３チョウメ,3,,,,,1,1,0,0,0,0,1,1,1947-04-17,,0,,,,,,,,,,,,,,,,
341070,0015000,1,広島県,ヒロシマケン,Hiroshima,,,,広島市,ヒロシマシ,Hiroshima-shi,安芸区,アキク,Aki-ku,畑賀町,ハタカチョウ,Hatakacho,,,,,,,,0,0,0,0,0,0,1,1,1947-04-17,,0,7360089,,,,,,,,,,,,,,,
341070,0016001,2,広島県,ヒロシマケン,Hiroshima,,,,広島市,ヒロシマシ,Hiroshima-shi,安芸区,アキク,Aki-ku,船越,フナコシ,Funakoshi,一丁目,１チョウメ,1,,,,,1,1,0,0,0,0,1,1,1947-04-17,,0,,,,,,,,,,,,,,,,
341070,0016002,2,広島県,ヒロシマケン,Hiroshima,,,,広島市,ヒロシマシ,Hiroshima-shi,安芸区,アキク,Aki-ku,船越,フナコシ,Funakoshi,二丁目,２チョウメ,2,,,,,1,1,0,0,0,0,1,1,1947-04-17,,0,,,,,,,,,,,,,,,,
341070,0016003,2,広島県,ヒロシマケン,Hiroshima,,,,広島市,ヒロシマシ,Hiroshima-shi,安芸区,アキク,Aki-ku,船越,フナコシ,Funakoshi,三丁目,３チョウメ,3,,,,,1,1,0,0,0,0,1,1,1947-04-17,,0,,,,,,,,,,,,,,,,
341070,0016004,2,広島県,ヒロシマケン,Hiroshima,,,,広島市,ヒロシマシ,Hiroshima-shi,安芸区,アキク,Aki-ku,船越,フナコシ,Funakoshi,四丁目,４チョウメ,4,,,,,1,1,0,0,0,0,1,1,1947-04-17,,0,,,,,,,,,,,,,,,,
341070,0016005,2,広島県,ヒロシマケン,Hiroshima,,,,広島市,ヒロシマシ,Hiroshima-shi,安芸区,アキク,Aki-ku,船越,フナコシ,Funakoshi,五丁目,５チョウメ,5,,,,,1,1,0,0,0,0,1,1,1947-04-17,,0,,,,,,,,,,,,,,,,
341070,0016006,2,広島県,ヒロシマケン,Hiroshima,,,,広島市,ヒロシマシ,Hiroshima-shi,安芸区,アキク,Aki-ku,船越,フナコシ,Funakoshi,六丁目,６チョウメ,6,,,,,1,1,0,0,0,0,1,1,1947-04-17,,0,,,,,,,,,,,,,,,,
341070,0017000,1,広島県,ヒロシマケン,Hiroshima,,,,広島市,ヒロシマシ,Hiroshima-shi,安芸区,アキク,Aki-ku,船越町,フナコシチョウ,,,,,,,,,0,0,0,0,0,0,1,1,1947-04-17,,0,,,,,,,,,,,,,,,,
341070,0018001,2,広島県,ヒロシマケン,Hiroshima,,,,広島市,ヒロシマシ,Hiroshima-shi,安芸区,アキク,Aki-ku,船越南,フナコシミナミ,Funakoshiminami,一丁目,１チョウメ,1,,,,,1,1,0,0,0,0,1,1,1947-04-17,,0,,,,,,,,,,,,,,,,
341070,0018002,2,広島県,ヒロシマケン,Hiroshima,,,,広島市,ヒロシマシ,Hiroshima-shi,安芸区,アキク,Aki-ku,船越南,フナコシミナミ,Funakoshiminami,二丁目,２チョウメ,2,,,,,1,1,0,0,0,0,1,1,1947-04-17,,0,,,,,,,,,,,,,,,,
341070,0018003,2,広島県,ヒロシマケン,Hiroshima,,,,広島市,ヒロシマシ,Hiroshima-shi,安芸区,アキク,Aki-ku,船越南,フナコシミナミ,Funakoshiminami,三丁目,３チョウメ,3,,,,,1,1,0,0,0,0,1,1,1947-04-17,,0,,,,,,,,,,,,,,,,
341070,0018004,2,広島県,ヒロシマケン,Hiroshima,,,,広島市,ヒロシマシ,Hiroshima-shi,安芸区,アキク,Aki-ku,船越南,フナコシミナミ,Funakoshiminami,四丁目,４チョウメ,4,,,,,1,1,0,0,0,0,1,1,1947-04-17,,0,,,,,,,,,,,,,,,,
341070,0018005,2,広島県,ヒロシマケン,Hiroshima,,,,広島市,ヒロシマシ,Hiroshima-shi,安芸区,アキク,Aki-ku,船越南,フナコシミナミ,Funakoshiminami,五丁目,５チョウメ,5,,,,,1,1,0,0,0,0,1,1,1947-04-17,,0,,,,,,,,,,,,,,,,
341070,0019001,2,広島県,ヒロシマケン,Hiroshima,,,,広島市,ヒロシマシ,Hiroshima-shi,安芸区,アキク,Aki-ku,矢野新町,ヤノシンマチ,Yanoshimmachi,一丁目,１チョウメ,1,,,,,1,1,0,0,0,0,1,1,1947-04-17,,0,,,,,,,,,,,,,,,,
341070,0019002,2,広島県,ヒロシマケン,Hiroshima,,,,広島市,ヒロシマシ,Hiroshima-shi,安芸区,アキク,Aki-ku,矢野新町,ヤノシンマチ,Yanoshimmachi,二丁目,２チョウメ,2,,,,,1,1,0,0,0,0,1,1,1947-04-17,,0,,,,,,,,,,,,,,,,
341070,0020000,1,広島県,ヒロシマケン,Hiroshima,,,,広島市,ヒロシマシ,Hiroshima-shi,安芸区,アキク,Aki-ku,矢野町,ヤノチョウ,Yanocho,,,,,,,,0,0,0,0,0,0,1,1,1947-04-17,,0,7360087,,,,,,,,,,,,,,,
341070,0021001,2,広島県,ヒロシマケン,Hiroshima,,,,広島市,ヒロシマシ,Hiroshima-shi,安芸区,アキク,Aki-ku,矢野西,ヤノニシ,Yanonishi,一丁目,１チョウメ,1,,,,,1,1,0,0,0,0,1,1,1947-04-17,,0,,,,,,,,,,,,,,,,
341070,0021002,2,広島県,ヒロシマケン,Hiroshima,,,,広島市,ヒロシマシ,Hiroshima-shi,安芸区,アキク,Aki-ku,矢野西,ヤノニシ,Yanonishi,二丁目,２チョウメ,2,,,,,1,1,0,0,0,0,1,1,1947-04-17,,0,,,,,,,,,,,,,,,,
341070,0021003,2,広島県,ヒロシマケン,Hiroshima,,,,広島市,ヒロシマシ,Hiroshima-shi,安芸区,アキク,Aki-ku,矢野西,ヤノニシ,Yanonishi,三丁目,３チョウメ,3,,,,,1,1,0,0,0,0,1,1,1947-04-17,,0,,,,,,,,,,,,,,,,
341070,0021004,2,広島県,ヒロシマケン,Hiroshima,,,,広島市,ヒロシマシ,Hiroshima-shi,安芸区,アキク,Aki-ku,矢野西,ヤノニシ,Yanonishi,四丁目,４チョウメ,4,,,,,1,1,0,0,0,0,1,1,1947-04-17,,0,,,,,,,,,,,,,,,,
341070,0021005,2,広島県,ヒロシマケン,Hiroshima,,,,広島市,ヒロシマシ,Hiroshima-shi,安芸区,アキク,Aki-ku,矢野西,ヤノニシ,Yanonishi,五丁目,５チョウメ,5,,,,,1,1,0,0,0,0,1,1,1947-04-17,,0,,,,,,,,,,,,,,,,
341070,0021006,2,広島県,ヒロシマケン,Hiroshima,,,,広島市,ヒロシマシ,Hiroshima-shi,安芸区,アキク,Aki-ku,矢野西,ヤノニシ,Yanonishi,六丁目,６チョウメ,6,,,,,1,1,0,0,0,0,1,1,1947-04-17,,0,,,,,,,,,,,,,,,,
341070,0021007,2,広島県,ヒロシマケン,Hiroshima,,,,広島市,ヒロシマシ,Hiroshima-shi,安芸区,アキク,Aki-ku,矢野西,ヤノニシ,Yanonishi,七丁目,７チョウメ,7,,,,,1,1,0,0,0,0,1,1,1947-04-17,,0,,,,,,,,,,,,,,,,
341070,0022001,2,広島県,ヒロシマケン,Hiroshima,,,,広島市,ヒロシマシ,Hiroshima-shi,安芸区,アキク,Aki-ku,矢野東,ヤノヒガシ,Yanohigashi,一丁目,１チョウメ,1,,,,,1,1,0,0,0,0,1,1,1947-04-17,,0,,,,,,,,,,,,,,,,
341070,0022002,2,広島県,ヒロシマケン,Hiroshima,,,,広島市,ヒロシマシ,Hiroshima-shi,安芸区,アキク,Aki-ku,矢野東,ヤノヒガシ,Yanohigashi,二丁目,２チョウメ,2,,,,,1,1,0,0,0,0,1,1,1947-04-17,,0,,,,,,,,,,,,,,,,
341070,0022003,2,広島県,ヒロシマケン,Hiroshima,,,,広島市,ヒロシマシ,Hiroshima-shi,安芸区,アキク,Aki-ku,矢野東,ヤノヒガシ,Yanohigashi,三丁目,３チョウメ,3,,,,,1,1,0,0,0,0,1,1,1947-04-17,,0,,,,,,,,,,,,,,,,
341070,0022004,2,広島県,ヒロシマケン,Hiroshima,,,,広島市,ヒロシマシ,Hiroshima-shi,安芸区,アキク,Aki-ku,矢野東,ヤノヒガシ,Yanohigashi,四丁目,４チョウメ,4,,,,,1,1,0,0,0,0,1,1,1947-04-17,,0,,,,,,,,,,,,,,,,
341070,0022005,2,広島県,ヒロシマケン,Hiroshima,,,,広島市,ヒロシマシ,Hiroshima-shi,安芸区,アキク,Aki-ku,矢野東,ヤノヒガシ,Yanohigashi,五丁目,５チョウメ,5,,,,,1,1,0,0,0,0,1,1,1947-04-17,,0,,,,,,,,,,,,,,,,
341070,0022006,2,広島県,ヒロシマケン,Hiroshima,,,,広島市,ヒロシマシ,Hiroshima-shi,安芸区,アキク,Aki-ku,矢野東,ヤノヒガシ,Yanohigashi,六丁目,６チョウメ,6,,,,,1,1,0,0,0,0,1,1,1947-04-17,,0,,,,,,,,,,,,,,,,
341070,0022007,2,広島県,ヒロシマケン,Hiroshima,,,,広島市,ヒロシマシ,Hiroshima-shi,安芸区,アキク,Aki-ku,矢野東,ヤノヒガシ,Yanohigashi,七丁目,７チョウメ,7,,,,,1,1,0,0,0,0,1,1,1947-04-17,,0,,,,,,,,,,,,,,,,
341070,0023001,2,広島県,ヒロシマケン,Hiroshima,,,,広島市,ヒロシマシ,Hiroshima-shi,安芸区,アキク,Aki-ku,矢野南,ヤノミナミ,Yanominami,一丁目,１チョウメ,1,,,,,1,1,0,0,0,0,1,1,1947-04-17,,0,,,,,,,,,,,,,,,,
341070,0023002,2,広島県,ヒロシマケン,Hiroshima,,,,広島市,ヒロシマシ,Hiroshima-shi,安芸区,アキク,Aki-ku,矢野南,ヤノミナミ,Yanominami,二丁目,２チョウメ,2,,,,,1,1,0,0,0,0,1,1,1947-04-17,,0,,,,,,,,,,,,,,,,
341070,0023003,2,広島県,ヒロシマケン,Hiroshima,,,,広島市,ヒロシマシ,Hiroshima-shi,安芸区,アキク,Aki-ku,矢野南,ヤノミナミ,Yanominami,三丁目,３チョウメ,3,,,,,1,1,0,0,0,0,1,1,1947-04-17,,0,,,,,,,,,,,,,,,,
341070,0023004,2,広島県,ヒロシマケン,Hiroshima,,,,広島市,ヒロシマシ,Hiroshima-shi,安芸区,アキク,Aki-ku,矢野南,ヤノミナミ,Yanominami,四丁目,４チョウメ,4,,,,,1,1,0,0,0,0,1,1,1947-04-17,,0,,,,,,,,,,,,,,,,
341070,0023005,2,広島県,ヒロシマケン,Hiroshima,,,,広島市,ヒロシマシ,Hiroshima-shi,安芸区,アキク,Aki-ku,矢野南,ヤノミナミ,Yanominami,五丁目,５チョウメ,5,,,,,1,1,0,0,0,0,1,1,1947-04-17,,0,,,,,,,,,,,,,,,,
341088,0001000,1,広島県,ヒロシマケン,Hiroshima,,,,広島市,ヒロシマシ,Hiroshima-shi,佐伯区,サエキク,Saeki-ku,旭園,アサヒエン,Asahien,,,,,,,,1,1,0,0,0,0,1,1,1947-04-17,,0,7315133,,,,,,,,,,,,,,,
341088,0002001,2,広島県,ヒロシマケン,Hiroshima,,,,広島市,ヒロシマシ,Hiroshima-shi,佐伯区,サエキク,Saeki-ku,石内上,イシウチカミ,Ishiuchikami,一丁目,１チョウメ,1,,,,,1,1,0,0,0,0,1,1,1947-04-17,,0,,,,,,,,,,,,,,,,
341088,0003001,2,広島県,ヒロシマケン,Hiroshima,,,,広島市,ヒロシマシ,Hiroshima-shi,佐伯区,サエキク,Saeki-ku,石内北,イシウチキタ,Ishiuchikita,一丁目,１チョウメ,1,,,,,1,1,0,0,0,0,1,1,1947-04-17,,0,,,,,,,,,,,,,,,,
341088,0003002,2,広島県,ヒロシマケン,Hiroshima,,,,広島市,ヒロシマシ,Hiroshima-shi,佐伯区,サエキク,Saeki-ku,石内北,イシウチキタ,Ishiuchikita,二丁目,２チョウメ,2,,,,,1,1,0,0,0,0,1,1,1947-04-17,,0,,,,,,,,,,,,,,,,
341088,0003003,2,広島県,ヒロシマケン,Hiroshima,,,,広島市,ヒロシマシ,Hiroshima-shi,佐伯区,サエキク,Saeki-ku,石内北,イシウチキタ,Ishiuchikita,三丁目,３チョウメ,3,,,,,1,1,0,0,0,0,1,1,1947-04-17,,0,,,,,,,,,,,,,,,,
341088,0003004,2,広島県,ヒロシマケン,Hiroshima,,,,広島市,ヒロシマシ,Hiroshima-shi,佐伯区,サエキク,Saeki-ku,石内北,イシウチキタ,Ishiuchikita,四丁目,４チョウメ,4,,,,,1,1,0,0,0,0,1,1,1947-04-17,,0,,,,,,,,,,,,,,,,
341088,0003005,2,広島県,ヒロシマケン,Hiroshima,,,,広島市,ヒロシマシ,Hiroshima-shi,佐伯区,サエキク,Saeki-ku,石内北,イシウチキタ,Ishiuchikita,五丁目,５チョウメ,5,,,,,1,1,0,0,0,0,1,1,1947-04-17,,0,,,,,,,,,,,,,,,,
341088,0004001,2,広島県,ヒロシマケン,Hiroshima,,,,広島市,ヒロシマシ,Hiroshima-shi,佐伯区,サエキク,Saeki-ku,石内南,イシウチミナミ,Ishiuchiminami,一丁目,１チョウメ,1,,,,,1,1,0,0,0,0,1,1,1947-04-17,,0,,,,,,,,,,,,,,,,
341088,0004002,2,広島県,ヒロシマケン,Hiroshima,,,,広島市,ヒロシマシ,Hiroshima-shi,佐伯区,サエキク,Saeki-ku,石内南,イシウチミナミ,Ishiuchiminami,二丁目,２チョウメ,2,,,,,1,1,0,0,0,0,1,1,1947-04-17,,0,,,,,,,,,,,,,,,,
341088,0004003,2,広島県,ヒロシマケン,Hiroshima,,,,広島市,ヒロシマシ,Hiroshima-shi,佐伯区,サエキク,Saeki-ku,石内南,イシウチミナミ,Ishiuchiminami,三丁目,３チョウメ,3,,,,,1,1,0,0,0,0,1,1,1947-04-17,,0,,,,,,,,,,,,,,,,
341088,0004004,2,広島県,ヒロシマケン,Hiroshima,,,,広島市,ヒロシマシ,Hiroshima-shi,佐伯区,サエキク,Saeki-ku,石内南,イシウチミナミ,Ishiuchiminami,四丁目,４チョウメ,4,,,,,1,1,0,0,0,0,1,1,1947-04-17,,0,,,,,,,,,,,,,,,,
341088,0004005,2,広島県,ヒロシマケン,Hiroshima,,,,広島市,ヒロシマシ,Hiroshima-shi,佐伯区,サエキク,Saeki-ku,石内南,イシウチミナミ,Ishiuchiminami,五丁目,５チョウメ,5,,,,,1,1,0,0,0,0,1,1,1947-04-17,,0,,,,,,,,,,,,,,,,
341088,0005001,2,広島県,ヒロシマケン,Hiroshima,,,,広島市,ヒロシマシ,Hiroshima-shi,佐伯区,サエキク,Saeki-ku,五日市,イツカイチ,Itsukaichi,一丁目,１チョウメ,1,,,,,1,1,0,0,0,0,1,1,1947-04-17,,0,,,,,,,,,,,,,,,,
341088,0005002,2,広島県,ヒロシマケン,Hiroshima,,,,広島市,ヒロシマシ,Hiroshima-shi,佐伯区,サエキク,Saeki-ku,五日市,イツカイチ,Itsukaichi,二丁目,２チョウメ,2,,,,,1,1,0,0,0,0,1,1,1947-04-17,,0,,,,,,,,,,,,,,,,
341088,0005003,2,広島県,ヒロシマケン,Hiroshima,,,,広島市,ヒロシマシ,Hiroshima-shi,佐伯区,サエキク,Saeki-ku,五日市,イツカイチ,Itsukaichi,三丁目,３チョウメ,3,,,,,1,1,0,0,0,0,1,1,1947-04-17,,0,,,,,,,,,,,,,,,,
341088,0005004,2,広島県,ヒロシマケン,Hiroshima,,,,広島市,ヒロシマシ,Hiroshima-shi,佐伯区,サエキク,Saeki-ku,五日市,イツカイチ,Itsukaichi,四丁目,４チョウメ,4,,,,,1,1,0,0,0,0,1,1,1947-04-17,,0,,,,,,,,,,,,,,,,
341088,0005005,2,広島県,ヒロシマケン,Hiroshima,,,,広島市,ヒロシマシ,Hiroshima-shi,佐伯区,サエキク,Saeki-ku,五日市,イツカイチ,Itsukaichi,五丁目,５チョウメ,5,,,,,1,1,0,0,0,0,1,1,1947-04-17,,0,,,,,,,,,,,,,,,,
341088,0005006,2,広島県,ヒロシマケン,Hiroshima,,,,広島市,ヒロシマシ,Hiroshima-shi,佐伯区,サエキク,Saeki-ku,五日市,イツカイチ,Itsukaichi,六丁目,６チョウメ,6,,,,,1,1,0,0,0,0,1,1,1947-04-17,,0,,,,,,,,,,,,,,,,
341088,0005007,2,広島県,ヒロシマケン,Hiroshima,,,,広島市,ヒロシマシ,Hiroshima-shi,佐伯区,サエキク,Saeki-ku,五日市,イツカイチ,Itsukaichi,七丁目,７チョウメ,7,,,,,1,1,0,0,0,0,1,1,1947-04-17,,0,,,,,,,,,,,,,,,,
341088,0006001,2,広島県,ヒロシマケン,Hiroshima,,,,広島市,ヒロシマシ,Hiroshima-shi,佐伯区,サエキク,Saeki-ku,五日市駅前,イツカイチエキマエ,Itsukaichiekimae,一丁目,１チョウメ,1,,,,,1,1,0,0,0,0,1,1,1947-04-17,,0,,,,,,,,,,,,,,,,
341088,0006002,2,広島県,ヒロシマケン,Hiroshima,,,,広島市,ヒロシマシ,Hiroshima-shi,佐伯区,サエキク,Saeki-ku,五日市駅前,イツカイチエキマエ,Itsukaichiekimae,二丁目,２チョウメ,2,,,,,1,1,0,0,0,0,1,1,1947-04-17,,0,,,,,,,,,,,,,,,,
341088,0006003,2,広島県,ヒロシマケン,Hiroshima,,,,広島市,ヒロシマシ,Hiroshima-shi,佐伯区,サエキク,Saeki-ku,五日市駅前,イツカイチエキマエ,Itsukaichiekimae,三丁目,３チョウメ,3,,,,,1,1,0,0,0,0,1,1,1947-04-17,,0,,,,,,,,,,,,,,,,
341088,0007001,2,広島県,ヒロシマケン,Hiroshima,,,,広島市,ヒロシマシ,Hiroshima-shi,佐伯区,サエキク,Saeki-ku,五日市港,イツカイチコウ,Itsukaichiko,一丁目,１チョウメ,1,,,,,1,1,0,0,0,0,1,1,1947-04-17,,0,,,,,,,,,,,,,,,,
341088,0007002,2,広島県,ヒロシマケン,Hiroshima,,,,広島市,ヒロシマシ,Hiroshima-shi,佐伯区,サエキク,Saeki-ku,五日市港,イツカイチコウ,Itsukaichiko,二丁目,２チョウメ,2,,,,,1,1,0,0,0,0,1,1,1947-04-17,,0,,,,,,,,,,,,,,,,
341088,0007003,2,広島県,ヒロシマケン,Hiroshima,,,,広島市,ヒロシマシ,Hiroshima-shi,佐伯区,サエキク,Saeki-ku,五日市港,イツカイチコウ,Itsukaichiko,三丁目,３チョウメ,3,,,,,1,1,0,0,0,0,1,1,1947-04-17,,0,,,,,,,,,,,,,,,,
341088,0007004,2,広島県,ヒロシマケン,Hiroshima,,,,広島市,ヒロシマシ,Hiroshima-shi,佐伯区,サエキク,Saeki-ku,五日市港,イツカイチコウ,Itsukaichiko,四丁目,４チョウメ,4,,,,,1,1,0,0,0,0,1,1,1947-04-17,,0,,,,,,,,,,,,,,,,
341088,0008001,2,広島県,ヒロシマケン,Hiroshima,,,,広島市,ヒロシマシ,Hiroshima-shi,佐伯区,サエキク,Saeki-ku,五日市中央,イツカイチチュウオウ,Itsukaichichuo,一丁目,１チョウメ,1,,,,,1,1,0,0,0,0,1,1,1947-04-17,,0,,,,,,,,,,,,,,,,
341088,0008002,2,広島県,ヒロシマケン,Hiroshima,,,,広島市,ヒロシマシ,Hiroshima-shi,佐伯区,サエキク,Saeki-ku,五日市中央,イツカイチチュウオウ,Itsukaichichuo,二丁目,２チョウメ,2,,,,,1,1,0,0,0,0,1,1,1947-04-17,,0,,,,,,,,,,,,,,,,
341088,0008003,2,広島県,ヒロシマケン,Hiroshima,,,,広島市,ヒロシマシ,Hiroshima-shi,佐伯区,サエキク,Saeki-ku,五日市中央,イツカイチチュウオウ,Itsukaichichuo,三丁目,３チョウメ,3,,,,,1,1,0,0,0,0,1,1,1947-04-17,,0,,,,,,,,,,,,,,,,
341088,0008004,2,広島県,ヒロシマケン,Hiroshima,,,,広島市,ヒロシマシ,Hiroshima-shi,佐伯区,サエキク,Saeki-ku,五日市中央,イツカイチチュウオウ,Itsukaichichuo,四丁目,４チョウメ,4,,,,,1,1,0,0,0,0,1,1,1947-04-17,,0,,,,,,,,,,,,,,,,
341088,0008005,2,広島県,ヒロシマケン,Hiroshima,,,,広島市,ヒロシマシ,Hiroshima-shi,佐伯区,サエキク,Saeki-ku,五日市中央,イツカイチチュウオウ,Itsukaichichuo,五丁目,５チョウメ,5,,,,,1,1,0,0,0,0,1,1,1947-04-17,,0,,,,,,,,,,,,,,,,
341088,0008006,2,広島県,ヒロシマケン,Hiroshima,,,,広島市,ヒロシマシ,Hiroshima-shi,佐伯区,サエキク,Saeki-ku,五日市中央,イツカイチチュウオウ,Itsukaichichuo,六丁目,６チョウメ,6,,,,,1,1,0,0,0,0,1,1,1947-04-17,,0,,,,,,,,,,,,,,,,
341088,0008007,2,広島県,ヒロシマケン,Hiroshima,,,,広島市,ヒロシマシ,Hiroshima-shi,佐伯区,サエキク,Saeki-ku,五日市中央,イツカイチチュウオウ,Itsukaichichuo,七丁目,７チョウメ,7,,,,,1,1,0,0,0,0,1,1,1947-04-17,,0,,,,,,,,,,,,,,,,
341088,0009000,1,広島県,ヒロシマケン,Hiroshima,,,,広島市,ヒロシマシ,Hiroshima-shi,佐伯区,サエキク,Saeki-ku,五日市町,イツカイチチョウ,,,,,,,,,0,0,0,0,0,0,1,0,1947-04-17,,0,,,,,,,,,,,,,,,,
341088,0010000,1,広島県,ヒロシマケン,Hiroshima,,,,広島市,ヒロシマシ,Hiroshima-shi,佐伯区,サエキク,Saeki-ku,五日市町大字上河内,イツカイチチョウオオアザカミゴウチ,,,,,,,,,0,0,0,0,0,0,1,1,1947-04-17,,0,,,,,,,,,,,,,,,,
341088,0011000,1,広島県,ヒロシマケン,Hiroshima,,,,広島市,ヒロシマシ,Hiroshima-shi,佐伯区,サエキク,Saeki-ku,五日市町大字上小深川,イツカイチチョウオオアザカミコブカワ,,,,,,,,,0,0,0,0,0,0,1,1,1947-04-17,,0,,,,,,,,,,,,,,,,
341088,0013000,1,広島県,ヒロシマケン,Hiroshima,,,,広島市,ヒロシマシ,Hiroshima-shi,佐伯区,サエキク,Saeki-ku,五日市町大字下河内,イツカイチチョウオオアザシモゴウチ,,,,,,,,,0,0,0,0,0,0,1,1,1947-04-17,,0,,,,,,,,,,,,,,,,
341088,0014000,1,広島県,ヒロシマケン,Hiroshima,,,,広島市,ヒロシマシ,Hiroshima-shi,佐伯区,サエキク,Saeki-ku,五日市町大字下小深川,イツカイチチョウオオアザシモコブカワ,,,,,,,,,0,0,0,0,0,0,1,1,1947-04-17,,0,,,,,,,,,,,,,,,,
341088,0015000,1,広島県,ヒロシマケン,Hiroshima,,,,広島市,ヒロシマシ,Hiroshima-shi,佐伯区,サエキク,Saeki-ku,五日市町大字昭和台,イツカイチチョウオオアザショウワダイ,,,,,,,,,0,0,0,0,0,0,1,1,1947-04-17,,0,,,,,,,,,,,,,,,,
341088,0016000,1,広島県,ヒロシマケン,Hiroshima,,,,広島市,ヒロシマシ,Hiroshima-shi,佐伯区,サエキク,Saeki-ku,五日市町大字高井,イツカイチチョウオオアザタカイ,,,,,,,,,0,0,0,0,0,0,1,1,1947-04-17,,0,,,,,,,,,,,,,,,,
341088,0018000,1,広島県,ヒロシマケン,Hiroshima,,,,広島市,ヒロシマシ,Hiroshima-shi,佐伯区,サエキク,Saeki-ku,五日市町大字利松,イツカイチチョウオオアザトシマツ,,,,,,,,,0,0,0,0,0,0,1,1,1947-04-17,,0,,,,,,,,,,,,,,,,
341088,0021000,1,広島県,ヒロシマケン,Hiroshima,,,,広島市,ヒロシマシ,Hiroshima-shi,佐伯区,サエキク,Saeki-ku,五日市町大字保井田,イツカイチチョウオオアザホイダ,,,,,,,,,0,0,0,0,0,0,1,1,1947-04-17,,0,,,,,,,,,,,,,,,,
341088,0022000,1,広島県,ヒロシマケン,Hiroshima,,,,広島市,ヒロシマシ,Hiroshima-shi,佐伯区,サエキク,Saeki-ku,五日市町大字美鈴園,イツカイチチョウオオアザミスズエン,,,,,,,,,0,0,0,0,0,0,1,1,1947-04-17,,0,,,,,,,,,,,,,,,,
341088,0023000,1,広島県,ヒロシマケン,Hiroshima,,,,広島市,ヒロシマシ,Hiroshima-shi,佐伯区,サエキク,Saeki-ku,五日市町大字皆賀,イツカイチチョウオオアザミナガ,,,,,,,,,0,0,0,0,0,0,1,1,1947-04-17,,0,,,,,,,,,,,,,,,,
341088,0024001,2,広島県,ヒロシマケン,Hiroshima,,,,広島市,ヒロシマシ,Hiroshima-shi,佐伯区,サエキク,Saeki-ku,海老園,カイロウエン,Kairoen,一丁目,１チョウメ,1,,,,,1,1,0,0,0,0,1,1,1947-04-17,,0,,,,,,,,,,,,,,,,
341088,0024002,2,広島県,ヒロシマケン,Hiroshima,,,,広島市,ヒロシマシ,Hiroshima-shi,佐伯区,サエキク,Saeki-ku,海老園,カイロウエン,Kairoen,二丁目,２チョウメ,2,,,,,1,1,0,0,0,0,1,1,1947-04-17,,0,,,,,,,,,,,,,,,,
341088,0024003,2,広島県,ヒロシマケン,Hiroshima,,,,広島市,ヒロシマシ,Hiroshima-shi,佐伯区,サエキク,Saeki-ku,海老園,カイロウエン,Kairoen,三丁目,３チョウメ,3,,,,,1,1,0,0,0,0,1,1,1947-04-17,,0,,,,,,,,,,,,,,,,
341088,0024004,2,広島県,ヒロシマケン,Hiroshima,,,,広島市,ヒロシマシ,Hiroshima-shi,佐伯区,サエキク,Saeki-ku,海老園,カイロウエン,Kairoen,四丁目,４チョウメ,4,,,,,1,1,0,0,0,0,1,1,1947-04-17,,0,,,,,,,,,,,,,,,,
341088,0025000,1,広島県,ヒロシマケン,Hiroshima,,,,広島市,ヒロシマシ,Hiroshima-shi,佐伯区,サエキク,Saeki-ku,海老山町,カイロウヤマチョウ,Kairoyamacho,,,,,,,,1,1,0,0,0,0,1,1,1947-04-17,,0,7315134,,,,,,,,,,,,,,,
341088,0026001,2,広島県,ヒロシマケン,Hiroshima,,,,広島市,ヒロシマシ,Hiroshima-shi,佐伯区,サエキク,Saeki-ku,海老山南,カイロウヤマミナミ,Kairoyamaminami,一丁目,１チョウメ,1,,,,,1,1,0,0,0,0,1,1,1947-04-17,,0,,,,,,,,,,,,,,,,
341088,0026002,2,広島県,ヒロシマケン,Hiroshima,,,,広島市,ヒロシマシ,Hiroshima-shi,佐伯区,サエキク,Saeki-ku,海老山南,カイロウヤマミナミ,Kairoyamaminami,二丁目,２チョウメ,2,,,,,1,1,0,0,0,0,1,1,1947-04-17,,0,,,,,,,,,,,,,,,,
341088,0027001,2,広島県,ヒロシマケン,Hiroshima,,,,広島市,ヒロシマシ,Hiroshima-shi,佐伯区,サエキク,Saeki-ku,観音台,カンノンダイ,Kannondai,一丁目,１チョウメ,1,,,,,1,1,0,0,0,0,1,1,1947-04-17,,0,,,,,,,,,,,,,,,,
341088,0027002,2,広島県,ヒロシマケン,Hiroshima,,,,広島市,ヒロシマシ,Hiroshima-shi,佐伯区,サエキク,Saeki-ku,観音台,カンノンダイ,Kannondai,二丁目,２チョウメ,2,,,,,1,1,0,0,0,0,1,1,1947-04-17,,0,,,,,,,,,,,,,,,,
341088,0027003,2,広島県,ヒロシマケン,Hiroshima,,,,広島市,ヒロシマシ,Hiroshima-shi,佐伯区,サエキク,Saeki-ku,観音台,カンノンダイ,Kannondai,三丁目,３チョウメ,3,,,,,1,1,0,0,0,0,1,1,1947-04-17,,0,,,,,,,,,,,,,,,,
341088,0027004,2,広島県,ヒロシマケン,Hiroshima,,,,広島市,ヒロシマシ,Hiroshima-shi,佐伯区,サエキク,Saeki-ku,観音台,カンノンダイ,Kannondai,四丁目,４チョウメ,4,,,,,1,1,0,0,0,0,1,1,1947-04-17,,0,,,,,,,,,,,,,,,,
341088,0028001,2,広島県,ヒロシマケン,Hiroshima,,,,広島市,ヒロシマシ,Hiroshima-shi,佐伯区,サエキク,Saeki-ku,倉重,クラシゲ,Kurashige,一丁目,１チョウメ,1,,,,,1,1,0,0,0,0,1,1,1947-04-17,,0,,,,,,,,,,,,,,,,
341088,0028002,2,広島県,ヒロシマケン,Hiroshima,,,,広島市,ヒロシマシ,Hiroshima-shi,佐伯区,サエキク,Saeki-ku,倉重,クラシゲ,Kurashige,二丁目,２チョウメ,2,,,,,1,1,0,0,0,0,1,1,1947-04-17,,0,,,,,,,,,,,,,,,,
341088,0028003,2,広島県,ヒロシマケン,Hiroshima,,,,広島市,ヒロシマシ,Hiroshima-shi,佐伯区,サエキク,Saeki-ku,倉重,クラシゲ,Kurashige,三丁目,３チョウメ,3,,,,,1,1,0,0,0,0,1,1,1947-04-17,,0,,,,,,,,,,,,,,,,
341088,0029000,1,広島県,ヒロシマケン,Hiroshima,,,,広島市,ヒロシマシ,Hiroshima-shi,佐伯区,サエキク,Saeki-ku,倉重町,クラシゲチョウ,,,,,,,,,0,0,0,0,0,0,1,1,1947-04-17,,0,,,,,,,,,,,,,,,,
341088,0030001,2,広島県,ヒロシマケン,Hiroshima,,,,広島市,ヒロシマシ,Hiroshima-shi,佐伯区,サエキク,Saeki-ku,河内南,コウチミナミ,Kochiminami,一丁目,１チョウメ,1,,,,,1,1,0,0,0,0,1,1,1947-04-17,,0,,,,,,,,,,,,,,,,
341088,0030002,2,広島県,ヒロシマケン,Hiroshima,,,,広島市,ヒロシマシ,Hiroshima-shi,佐伯区,サエキク,Saeki-ku,河内南,コウチミナミ,Kochiminami,二丁目,２チョウメ,2,,,,,1,1,0,0,0,0,1,1,1947-04-17,,0,,,,,,,,,,,,,,,,
341088,0031001,2,広島県,ヒロシマケン,Hiroshima,,,,広島市,ヒロシマシ,Hiroshima-shi,佐伯区,サエキク,Saeki-ku,五月が丘,サツキガオカ,Satsukigaoka,一丁目,１チョウメ,1,,,,,1,1,0,0,0,0,1,1,1947-04-17,,0,,,,,,,,,,,,,,,,
341088,0031002,2,広島県,ヒロシマケン,Hiroshima,,,,広島市,ヒロシマシ,Hiroshima-shi,佐伯区,サエキク,Saeki-ku,五月が丘,サツキガオカ,Satsukigaoka,二丁目,２チョウメ,2,,,,,1,1,0,0,0,0,1,1,1947-04-17,,0,,,,,,,,,,,,,,,,
341088,0031003,2,広島県,ヒロシマケン,Hiroshima,,,,広島市,ヒロシマシ,Hiroshima-shi,佐伯区,サエキク,Saeki-ku,五月が丘,サツキガオカ,Satsukigaoka,三丁目,３チョウメ,3,,,,,1,1,0,0,0,0,1,1,1947-04-17,,0,,,,,,,,,,,,,,,,
341088,0031004,2,広島県,ヒロシマケン,Hiroshima,,,,広島市,ヒロシマシ,Hiroshima-shi,佐伯区,サエキク,Saeki-ku,五月が丘,サツキガオカ,Satsukigaoka,四丁目,４チョウメ,4,,,,,1,1,0,0,0,0,1,1,1947-04-17,,0,,,,,,,,,,,,,,,,
341088,0031005,2,広島県,ヒロシマケン,Hiroshima,,,,広島市,ヒロシマシ,Hiroshima-shi,佐伯区,サエキク,Saeki-ku,五月が丘,サツキガオカ,Satsukigaoka,五丁目,５チョウメ,5,,,,,1,1,0,0,0,0,1,1,1947-04-17,,0,,,,,,,,,,,,,,,,
341088,0032001,2,広島県,ヒロシマケン,Hiroshima,,,,広島市,ヒロシマシ,Hiroshima-shi,佐伯区,サエキク,Saeki-ku,城山,ジョウヤマ,Joyama,一丁目,１チョウメ,1,,,,,1,1,0,0,0,0,1,1,1947-04-17,,0,,,,,,,,,,,,,,,,
341088,0032002,2,広島県,ヒロシマケン,Hiroshima,,,,広島市,ヒロシマシ,Hiroshima-shi,佐伯区,サエキク,Saeki-ku,城山,ジョウヤマ,Joyama,二丁目,２チョウメ,2,,,,,1,1,0,0,0,0,1,1,1947-04-17,,0,,,,,,,,,,,,,,,,
341088,0033000,1,広島県,ヒロシマケン,Hiroshima,,,,広島市,ヒロシマシ,Hiroshima-shi,佐伯区,サエキク,Saeki-ku,新宮苑,シングウエン,Shinguen,,,,,,,,1,1,0,0,0,0,1,1,1947-04-17,,0,7315126,,,,,,,,,,,,,,,
341088,0034000,1,広島県,ヒロシマケン,Hiroshima,,,,広島市,ヒロシマシ,Hiroshima-shi,佐伯区,サエキク,Saeki-ku,杉並台,スギナミダイ,Suginamidai,,,,,,,,0,0,0,0,0,0,1,1,1947-04-17,,0,7380514,,,,,,,,,,,,,,,
341088,0035001,2,広島県,ヒロシマケン,Hiroshima,,,,広島市,ヒロシマシ,Hiroshima-shi,佐伯区,サエキク,Saeki-ku,隅の浜,スミノハマ,Suminohama,一丁目,１チョウメ,1,,,,,1,1,0,0,0,0,1,1,1947-04-17,,0,,,,,,,,,,,,,,,,
341088,0035002,2,広島県,ヒロシマケン,Hiroshima,,,,広島市,ヒロシマシ,Hiroshima-shi,佐伯区,サエキク,Saeki-ku,隅の浜,スミノハマ,Suminohama,二丁目,２チョウメ,2,,,,,1,1,0,0,0,0,1,1,1947-04-17,,0,,,,,,,,,,,,,,,,
341088,0035003,2,広島県,ヒロシマケン,Hiroshima,,,,広島市,ヒロシマシ,Hiroshima-shi,佐伯区,サエキク,Saeki-ku,隅の浜,スミノハマ,Suminohama,三丁目,３チョウメ,3,,,,,1,1,0,0,0,0,1,1,1947-04-17,,0,,,,,,,,,,,,,,,,
341088,0036001,2,広島県,ヒロシマケン,Hiroshima,,,,広島市,ヒロシマシ,Hiroshima-shi,佐伯区,サエキク,Saeki-ku,千同,センドウ,Sendo,一丁目,１チョウメ,1,,,,,1,1,0,0,0,0,1,1,1947-04-17,,0,,,,,,,,,,,,,,,,
341088,0036002,2,広島県,ヒロシマケン,Hiroshima,,,,広島市,ヒロシマシ,Hiroshima-shi,佐伯区,サエキク,Saeki-ku,千同,センドウ,Sendo,二丁目,２チョウメ,2,,,,,1,1,0,0,0,0,1,1,1947-04-17,,0,,,,,,,,,,,,,,,,
341088,0036003,2,広島県,ヒロシマケン,Hiroshima,,,,広島市,ヒロシマシ,Hiroshima-shi,佐伯区,サエキク,Saeki-ku,千同,センドウ,Sendo,三丁目,３チョウメ,3,,,,,0,0,0,0,0,0,1,1,1947-04-17,,0,,,,,,,,,,,,,,,,
341088,0037001,2,広島県,ヒロシマケン,Hiroshima,,,,広島市,ヒロシマシ,Hiroshima-shi,佐伯区,サエキク,Saeki-ku,坪井,ツボイ,Tsuboi,一丁目,１チョウメ,1,,,,,1,1,0,0,0,0,1,1,1947-04-17,,0,,,,,,,,,,,,,,,,
341088,0037002,2,広島県,ヒロシマケン,Hiroshima,,,,広島市,ヒロシマシ,Hiroshima-shi,佐伯区,サエキク,Saeki-ku,坪井,ツボイ,Tsuboi,二丁目,２チョウメ,2,,,,,1,1,0,0,0,0,1,1,1947-04-17,,0,,,,,,,,,,,,,,,,
341088,0037003,2,広島県,ヒロシマケン,Hiroshima,,,,広島市,ヒロシマシ,Hiroshima-shi,佐伯区,サエキク,Saeki-ku,坪井,ツボイ,Tsuboi,三丁目,３チョウメ,3,,,,,1,1,0,0,0,0,1,1,1947-04-17,,0,,,,,,,,,,,,,,,,
341088,0038000,1,広島県,ヒロシマケン,Hiroshima,,,,広島市,ヒロシマシ,Hiroshima-shi,佐伯区,サエキク,Saeki-ku,坪井町,ツボイチョウ,Tsuboicho,,,,,,,,0,0,0,0,0,0,1,1,1947-04-17,,0,7315142,,,,,,,,,,,,,,,
341088,0039000,1,広島県,ヒロシマケン,Hiroshima,,,,広島市,ヒロシマシ,Hiroshima-shi,佐伯区,サエキク,Saeki-ku,藤垂園,トウスイエン,Tosuien,,,,,,,,1,1,0,0,0,0,1,1,1947-04-17,,0,7315131,,,,,,,,,,,,,,,
341088,0040001,2,広島県,ヒロシマケン,Hiroshima,,,,広島市,ヒロシマシ,Hiroshima-shi,佐伯区,サエキク,Saeki-ku,利松,トシマツ,Toshimatsu,一丁目,１チョウメ,1,,,,,1,1,0,0,0,0,1,1,1947-04-17,,0,,,,,,,,,,,,,,,,
341088,0040002,2,広島県,ヒロシマケン,Hiroshima,,,,広島市,ヒロシマシ,Hiroshima-shi,佐伯区,サエキク,Saeki-ku,利松,トシマツ,Toshimatsu,二丁目,２チョウメ,2,,,,,1,1,0,0,0,0,1,1,1947-04-17,,0,,,,,,,,,,,,,,,,
341088,0040003,2,広島県,ヒロシマケン,Hiroshima,,,,広島市,ヒロシマシ,Hiroshima-shi,佐伯区,サエキク,Saeki-ku,利松,トシマツ,Toshimatsu,三丁目,３チョウメ,3,,,,,1,1,0,0,0,0,1,1,1947-04-17,,0,,,,,,,,,,,,,,,,
341088,0041001,2,広島県,ヒロシマケン,Hiroshima,,,,広島市,ヒロシマシ,Hiroshima-shi,佐伯区,サエキク,Saeki-ku,藤の木,フジノキ,Fujinoki,一丁目,１チョウメ,1,,,,,1,1,0,0,0,0,1,1,1947-04-17,,0,,,,,,,,,,,,,,,,
341088,0041002,2,広島県,ヒロシマケン,Hiroshima,,,,広島市,ヒロシマシ,Hiroshima-shi,佐伯区,サエキク,Saeki-ku,藤の木,フジノキ,Fujinoki,二丁目,２チョウメ,2,,,,,1,1,0,0,0,0,1,1,1947-04-17,,0,,,,,,,,,,,,,,,,
341088,0041003,2,広島県,ヒロシマケン,Hiroshima,,,,広島市,ヒロシマシ,Hiroshima-shi,佐伯区,サエキク,Saeki-ku,藤の木,フジノキ,Fujinoki,三丁目,３チョウメ,3,,,,,1,1,0,0,0,0,1,1,1947-04-17,,0,,,,,,,,,,,,,,,,
341088,0041004,2,広島県,ヒロシマケン,Hiroshima,,,,広島市,ヒロシマシ,Hiroshima-shi,佐伯区,サエキク,Saeki-ku,藤の木,フジノキ,Fujinoki,四丁目,４チョウメ,4,,,,,1,1,0,0,0,0,1,1,1947-04-17,,0,,,,,,,,,,,,,,,,
341088,0042001,2,広島県,ヒロシマケン,Hiroshima,,,,広島市,ヒロシマシ,Hiroshima-shi,佐伯区,サエキク,Saeki-ku,三筋,ミスジ,Misuji,一丁目,１チョウメ,1,,,,,1,1,0,0,0,0,1,1,1947-04-17,,0,,,,,,,,,,,,,,,,
341088,0042002,2,広島県,ヒロシマケン,Hiroshima,,,,広島市,ヒロシマシ,Hiroshima-shi,佐伯区,サエキク,Saeki-ku,三筋,ミスジ,Misuji,二丁目,２チョウメ,2,,,,,1,1,0,0,0,0,1,1,1947-04-17,,0,,,,,,,,,,,,,,,,
341088,0042003,2,広島県,ヒロシマケン,Hiroshima,,,,広島市,ヒロシマシ,Hiroshima-shi,佐伯区,サエキク,Saeki-ku,三筋,ミスジ,Misuji,三丁目,３チョウメ,3,,,,,1,1,0,0,0,0,1,1,1947-04-17,,0,,,,,,,,,,,,,,,,
341088,0043001,2,広島県,ヒロシマケン,Hiroshima,,,,広島市,ヒロシマシ,Hiroshima-shi,佐伯区,サエキク,Saeki-ku,美鈴が丘西,ミスズガオカニシ,Misuzugaokanishi,一丁目,１チョウメ,1,,,,,1,1,0,0,0,0,1,1,1947-04-17,,0,,,,,,,,,,,,,,,,
341088,0043002,2,広島県,ヒロシマケン,Hiroshima,,,,広島市,ヒロシマシ,Hiroshima-shi,佐伯区,サエキク,Saeki-ku,美鈴が丘西,ミスズガオカニシ,Misuzugaokanishi,二丁目,２チョウメ,2,,,,,1,1,0,0,0,0,1,1,1947-04-17,,0,,,,,,,,,,,,,,,,
341088,0043003,2,広島県,ヒロシマケン,Hiroshima,,,,広島市,ヒロシマシ,Hiroshima-shi,佐伯区,サエキク,Saeki-ku,美鈴が丘西,ミスズガオカニシ,Misuzugaokanishi,三丁目,３チョウメ,3,,,,,1,1,0,0,0,0,1,1,1947-04-17,,0,,,,,,,,,,,,,,,,
341088,0043004,2,広島県,ヒロシマケン,Hiroshima,,,,広島市,ヒロシマシ,Hiroshima-shi,佐伯区,サエキク,Saeki-ku,美鈴が丘西,ミスズガオカニシ,Misuzugaokanishi,四丁目,４チョウメ,4,,,,,1,1,0,0,0,0,1,1,1947-04-17,,0,,,,,,,,,,,,,,,,
341088,0043005,2,広島県,ヒロシマケン,Hiroshima,,,,広島市,ヒロシマシ,Hiroshima-shi,佐伯区,サエキク,Saeki-ku,美鈴が丘西,ミスズガオカニシ,Misuzugaokanishi,五丁目,５チョウメ,5,,,,,1,1,0,0,0,0,1,1,1947-04-17,,0,,,,,,,,,,,,,,,,
341088,0044001,2,広島県,ヒロシマケン,Hiroshima,,,,広島市,ヒロシマシ,Hiroshima-shi,佐伯区,サエキク,Saeki-ku,美鈴が丘東,ミスズガオカヒガシ,Misuzugaokahigashi,一丁目,１チョウメ,1,,,,,1,1,0,0,0,0,1,1,1947-04-17,,0,,,,,,,,,,,,,,,,
341088,0044002,2,広島県,ヒロシマケン,Hiroshima,,,,広島市,ヒロシマシ,Hiroshima-shi,佐伯区,サエキク,Saeki-ku,美鈴が丘東,ミスズガオカヒガシ,Misuzugaokahigashi,二丁目,２チョウメ,2,,,,,1,1,0,0,0,0,1,1,1947-04-17,,0,,,,,,,,,,,,,,,,
341088,0044003,2,広島県,ヒロシマケン,Hiroshima,,,,広島市,ヒロシマシ,Hiroshima-shi,佐伯区,サエキク,Saeki-ku,美鈴が丘東,ミスズガオカヒガシ,Misuzugaokahigashi,三丁目,３チョウメ,3,,,,,1,1,0,0,0,0,1,1,1947-04-17,,0,,,,,,,,,,,,,,,,
341088,0044004,2,広島県,ヒロシマケン,Hiroshima,,,,広島市,ヒロシマシ,Hiroshima-shi,佐伯区,サエキク,Saeki-ku,美鈴が丘東,ミスズガオカヒガシ,Misuzugaokahigashi,四丁目,４チョウメ,4,,,,,1,1,0,0,0,0,1,1,1947-04-17,,0,,,,,,,,,,,,,,,,
341088,0044005,2,広島県,ヒロシマケン,Hiroshima,,,,広島市,ヒロシマシ,Hiroshima-shi,佐伯区,サエキク,Saeki-ku,美鈴が丘東,ミスズガオカヒガシ,Misuzugaokahigashi,五丁目,５チョウメ,5,,,,,1,1,0,0,0,0,1,1,1947-04-17,,0,,,,,,,,,,,,,,,,
341088,0045001,2,広島県,ヒロシマケン,Hiroshima,,,,広島市,ヒロシマシ,Hiroshima-shi,佐伯区,サエキク,Saeki-ku,美鈴が丘緑,ミスズガオカミドリ,Misuzugaokamidori,一丁目,１チョウメ,1,,,,,1,1,0,0,0,0,1,1,1947-04-17,,0,,,,,,,,,,,,,,,,
341088,0045002,2,広島県,ヒロシマケン,Hiroshima,,,,広島市,ヒロシマシ,Hiroshima-shi,佐伯区,サエキク,Saeki-ku,美鈴が丘緑,ミスズガオカミドリ,Misuzugaokamidori,二丁目,２チョウメ,2,,,,,1,1,0,0,0,0,1,1,1947-04-17,,0,,,,,,,,,,,,,,,,
341088,0045003,2,広島県,ヒロシマケン,Hiroshima,,,,広島市,ヒロシマシ,Hiroshima-shi,佐伯区,サエキク,Saeki-ku,美鈴が丘緑,ミスズガオカミドリ,Misuzugaokamidori,三丁目,３チョウメ,3,,,,,1,1,0,0,0,0,1,1,1947-04-17,,0,,,,,,,,,,,,,,,,
341088,0046001,2,広島県,ヒロシマケン,Hiroshima,,,,広島市,ヒロシマシ,Hiroshima-shi,佐伯区,サエキク,Saeki-ku,美鈴が丘南,ミスズガオカミナミ,Misuzugaokaminami,一丁目,１チョウメ,1,,,,,1,1,0,0,0,0,1,1,1947-04-17,,0,,,,,,,,,,,,,,,,
341088,0046002,2,広島県,ヒロシマケン,Hiroshima,,,,広島市,ヒロシマシ,Hiroshima-shi,佐伯区,サエキク,Saeki-ku,美鈴が丘南,ミスズガオカミナミ,Misuzugaokaminami,二丁目,２チョウメ,2,,,,,1,1,0,0,0,0,1,1,1947-04-17,,0,,,,,,,,,,,,,,,,
341088,0046003,2,広島県,ヒロシマケン,Hiroshima,,,,広島市,ヒロシマシ,Hiroshima-shi,佐伯区,サエキク,Saeki-ku,美鈴が丘南,ミスズガオカミナミ,Misuzugaokaminami,三丁目,３チョウメ,3,,,,,1,1,0,0,0,0,1,1,1947-04-17,,0,,,,,,,,,,,,,,,,
341088,0046004,2,広島県,ヒロシマケン,Hiroshima,,,,広島市,ヒロシマシ,Hiroshima-shi,佐伯区,サエキク,Saeki-ku,美鈴が丘南,ミスズガオカミナミ,Misuzugaokaminami,四丁目,４チョウメ,4,,,,,1,1,0,0,0,0,1,1,1947-04-17,,0,,,,,,,,,,,,,,,,
341088,0047001,2,広島県,ヒロシマケン,Hiroshima,,,,広島市,ヒロシマシ,Hiroshima-shi,佐伯区,サエキク,Saeki-ku,皆賀,ミナガ,Minaga,一丁目,１チョウメ,1,,,,,1,1,0,0,0,0,1,1,1947-04-17,,0,,,,,,,,,,,,,,,,
341088,0047002,2,広島県,ヒロシマケン,Hiroshima,,,,広島市,ヒロシマシ,Hiroshima-shi,佐伯区,サエキク,Saeki-ku,皆賀,ミナガ,Minaga,二丁目,２チョウメ,2,,,,,1,1,0,0,0,0,1,1,1947-04-17,,0,,,,,,,,,,,,,,,,
341088,0047003,2,広島県,ヒロシマケン,Hiroshima,,,,広島市,ヒロシマシ,Hiroshima-shi,佐伯区,サエキク,Saeki-ku,皆賀,ミナガ,Minaga,三丁目,３チョウメ,3,,,,,1,1,0,0,0,0,1,1,1947-04-17,,0,,,,,,,,,,,,,,,,
341088,0047004,2,広島県,ヒロシマケン,Hiroshima,,,,広島市,ヒロシマシ,Hiroshima-shi,佐伯区,サエキク,Saeki-ku,皆賀,ミナガ,Minaga,四丁目,４チョウメ,4,,,,,1,1,0,0,0,0,1,1,1947-04-17,,0,,,,,,,,,,,,,,,,
341088,0048001,2,広島県,ヒロシマケン,Hiroshima,,,,広島市,ヒロシマシ,Hiroshima-shi,佐伯区,サエキク,Saeki-ku,美の里,ミノリ,Minori,一丁目,１チョウメ,1,,,,,1,1,0,0,0,0,1,1,1947-04-17,,0,,,,,,,,,,,,,,,,
341088,0048002,2,広島県,ヒロシマケン,Hiroshima,,,,広島市,ヒロシマシ,Hiroshima-shi,佐伯区,サエキク,Saeki-ku,美の里,ミノリ,Minori,二丁目,２チョウメ,2,,,,,1,1,0,0,0,0,1,1,1947-04-17,,0,,,,,,,,,,,,,,,,
341088,0049001,2,広島県,ヒロシマケン,Hiroshima,,,,広島市,ヒロシマシ,Hiroshima-shi,佐伯区,サエキク,Saeki-ku,三宅,ミヤケ,Miyake,一丁目,１チョウメ,1,,,,,1,1,0,0,0,0,1,1,1947-04-17,,0,,,,,,,,,,,,,,,,
341088,0049002,2,広島県,ヒロシマケン,Hiroshima,,,,広島市,ヒロシマシ,Hiroshima-shi,佐伯区,サエキク,Saeki-ku,三宅,ミヤケ,Miyake,二丁目,２チョウメ,2,,,,,1,1,0,0,0,0,1,1,1947-04-17,,0,,,,,,,,,,,,,,,,
341088,0049003,2,広島県,ヒロシマケン,Hiroshima,,,,広島市,ヒロシマシ,Hiroshima-shi,佐伯区,サエキク,Saeki-ku,三宅,ミヤケ,Miyake,三丁目,３チョウメ,3,,,,,1,1,0,0,0,0,1,1,1947-04-17,,0,,,,,,,,,,,,,,,,
341088,0049004,2,広島県,ヒロシマケン,Hiroshima,,,,広島市,ヒロシマシ,Hiroshima-shi,佐伯区,サエキク,Saeki-ku,三宅,ミヤケ,Miyake,四丁目,４チョウメ,4,,,,,1,1,0,0,0,0,1,1,1947-04-17,,0,,,,,,,,,,,,,,,,
341088,0049005,2,広島県,ヒロシマケン,Hiroshima,,,,広島市,ヒロシマシ,Hiroshima-shi,佐伯区,サエキク,Saeki-ku,三宅,ミヤケ,Miyake,五丁目,５チョウメ,5,,,,,1,1,0,0,0,0,1,1,1947-04-17,,0,,,,,,,,,,,,,,,,
341088,0049006,2,広島県,ヒロシマケン,Hiroshima,,,,広島市,ヒロシマシ,Hiroshima-shi,佐伯区,サエキク,Saeki-ku,三宅,ミヤケ,Miyake,六丁目,６チョウメ,6,,,,,1,1,0,0,0,0,1,1,1947-04-17,,0,,,,,,,,,,,,,,,,
341088,0050000,1,広島県,ヒロシマケン,Hiroshima,,,,広島市,ヒロシマシ,Hiroshima-shi,佐伯区,サエキク,Saeki-ku,三宅町,ミヤケチョウ,Miyakecho,,,,,,,,0,0,0,0,0,0,1,1,1947-04-17,,0,7315143,,,,,,,,,,,,,,,
341088,0051001,2,広島県,ヒロシマケン,Hiroshima,,,,広島市,ヒロシマシ,Hiroshima-shi,佐伯区,サエキク,Saeki-ku,薬師が丘,ヤクシガオカ,Yakushigaoka,一丁目,１チョウメ,1,,,,,1,1,0,0,0,0,1,1,1947-04-17,,0,,,,,,,,,,,,,,,,
341088,0051002,2,広島県,ヒロシマケン,Hiroshima,,,,広島市,ヒロシマシ,Hiroshima-shi,佐伯区,サエキク,Saeki-ku,薬師が丘,ヤクシガオカ,Yakushigaoka,二丁目,２チョウメ,2,,,,,1,1,0,0,0,0,1,1,1947-04-17,,0,,,,,,,,,,,,,,,,
341088,0051003,2,広島県,ヒロシマケン,Hiroshima,,,,広島市,ヒロシマシ,Hiroshima-shi,佐伯区,サエキク,Saeki-ku,薬師が丘,ヤクシガオカ,Yakushigaoka,三丁目,３チョウメ,3,,,,,1,1,0,0,0,0,1,1,1947-04-17,,0,,,,,,,,,,,,,,,,
341088,0051004,2,広島県,ヒロシマケン,Hiroshima,,,,広島市,ヒロシマシ,Hiroshima-shi,佐伯区,サエキク,Saeki-ku,薬師が丘,ヤクシガオカ,Yakushigaoka,四丁目,４チョウメ,4,,,,,1,1,0,0,0,0,1,1,1947-04-17,,0,,,,,,,,,,,,,,,,
341088,0052001,2,広島県,ヒロシマケン,Hiroshima,,,,広島市,ヒロシマシ,Hiroshima-shi,佐伯区,サエキク,Saeki-ku,屋代,ヤシロ,Yashiro,一丁目,１チョウメ,1,,,,,1,1,0,0,0,0,1,1,1947-04-17,,0,,,,,,,,,,,,,,,,
341088,0052002,2,広島県,ヒロシマケン,Hiroshima,,,,広島市,ヒロシマシ,Hiroshima-shi,佐伯区,サエキク,Saeki-ku,屋代,ヤシロ,Yashiro,二丁目,２チョウメ,2,,,,,1,1,0,0,0,0,1,1,1947-04-17,,0,,,,,,,,,,,,,,,,
341088,0052003,2,広島県,ヒロシマケン,Hiroshima,,,,広島市,ヒロシマシ,Hiroshima-shi,佐伯区,サエキク,Saeki-ku,屋代,ヤシロ,Yashiro,三丁目,３チョウメ,3,,,,,1,1,0,0,0,0,1,1,1947-04-17,,0,,,,,,,,,,,,,,,,
341088,0053000,1,広島県,ヒロシマケン,Hiroshima,,,,広島市,ヒロシマシ,Hiroshima-shi,佐伯区,サエキク,Saeki-ku,屋代町,ヤシロチョウ,Yashirocho,,,,,,,,0,0,0,0,0,0,1,1,1947-04-17,,0,7315147,,,,,,,,,,,,,,,
341088,0054001,2,広島県,ヒロシマケン,Hiroshima,,,,広島市,ヒロシマシ,Hiroshima-shi,佐伯区,サエキク,Saeki-ku,八幡,ヤハタ,Yahata,一丁目,１チョウメ,1,,,,,1,1,0,0,0,0,1,1,1947-04-17,,0,,,,,,,,,,,,,,,,
341088,0054002,2,広島県,ヒロシマケン,Hiroshima,,,,広島市,ヒロシマシ,Hiroshima-shi,佐伯区,サエキク,Saeki-ku,八幡,ヤハタ,Yahata,二丁目,２チョウメ,2,,,,,1,1,0,0,0,0,1,1,1947-04-17,,0,,,,,,,,,,,,,,,,
341088,0054003,2,広島県,ヒロシマケン,Hiroshima,,,,広島市,ヒロシマシ,Hiroshima-shi,佐伯区,サエキク,Saeki-ku,八幡,ヤハタ,Yahata,三丁目,３チョウメ,3,,,,,1,1,0,0,0,0,1,1,1947-04-17,,0,,,,,,,,,,,,,,,,
341088,0054004,2,広島県,ヒロシマケン,Hiroshima,,,,広島市,ヒロシマシ,Hiroshima-shi,佐伯区,サエキク,Saeki-ku,八幡,ヤハタ,Yahata,四丁目,４チョウメ,4,,,,,1,1,0,0,0,0,1,1,1947-04-17,,0,,,,,,,,,,,,,,,,
341088,0054005,2,広島県,ヒロシマケン,Hiroshima,,,,広島市,ヒロシマシ,Hiroshima-shi,佐伯区,サエキク,Saeki-ku,八幡,ヤハタ,Yahata,五丁目,５チョウメ,5,,,,,1,1,0,0,0,0,1,1,1947-04-17,,0,,,,,,,,,,,,,,,,
341088,0055001,2,広島県,ヒロシマケン,Hiroshima,,,,広島市,ヒロシマシ,Hiroshima-shi,佐伯区,サエキク,Saeki-ku,八幡が丘,ヤハタガオカ,Yahatagaoka,一丁目,１チョウメ,1,,,,,1,1,0,0,0,0,1,1,1947-04-17,,0,,,,,,,,,,,,,,,,
341088,0055002,2,広島県,ヒロシマケン,Hiroshima,,,,広島市,ヒロシマシ,Hiroshima-shi,佐伯区,サエキク,Saeki-ku,八幡が丘,ヤハタガオカ,Yahatagaoka,二丁目,２チョウメ,2,,,,,1,1,0,0,0,0,1,1,1947-04-17,,0,,,,,,,,,,,,,,,,
341088,0056001,2,広島県,ヒロシマケン,Hiroshima,,,,広島市,ヒロシマシ,Hiroshima-shi,佐伯区,サエキク,Saeki-ku,八幡東,ヤハタヒガシ,Yahatahigashi,一丁目,１チョウメ,1,,,,,1,1,0,0,0,0,1,1,1947-04-17,,0,,,,,,,,,,,,,,,,
341088,0056002,2,広島県,ヒロシマケン,Hiroshima,,,,広島市,ヒロシマシ,Hiroshima-shi,佐伯区,サエキク,Saeki-ku,八幡東,ヤハタヒガシ,Yahatahigashi,二丁目,２チョウメ,2,,,,,1,1,0,0,0,0,1,1,1947-04-17,,0,,,,,,,,,,,,,,,,
341088,0056003,2,広島県,ヒロシマケン,Hiroshima,,,,広島市,ヒロシマシ,Hiroshima-shi,佐伯区,サエキク,Saeki-ku,八幡東,ヤハタヒガシ,Yahatahigashi,三丁目,３チョウメ,3,,,,,1,1,0,0,0,0,1,1,1947-04-17,,0,,,,,,,,,,,,,,,,
341088,0056004,2,広島県,ヒロシマケン,Hiroshima,,,,広島市,ヒロシマシ,Hiroshima-shi,佐伯区,サエキク,Saeki-ku,八幡東,ヤハタヒガシ,Yahatahigashi,四丁目,４チョウメ,4,,,,,1,1,0,0,0,0,1,1,1947-04-17,,0,,,,,,,,,,,,,,,,
341088,0057000,1,広島県,ヒロシマケン,Hiroshima,,,,広島市,ヒロシマシ,Hiroshima-shi,佐伯区,サエキク,Saeki-ku,湯来町大字下,ユキチョウオオアザシモ,,,,,,,,,0,0,0,0,0,0,1,1,1947-04-17,,0,,,,,,,,,,,,,,,,
341088,0058000,1,広島県,ヒロシマケン,Hiroshima,,,,広島市,ヒロシマシ,Hiroshima-shi,佐伯区,サエキク,Saeki-ku,湯来町大字白砂,ユキチョウオオアザシラサゴ,,,,,,,,,0,0,0,0,0,0,1,1,1947-04-17,,0,,,,,,,,,,,,,,,,
341088,0059000,1,広島県,ヒロシマケン,Hiroshima,,,,広島市,ヒロシマシ,Hiroshima-shi,佐伯区,サエキク,Saeki-ku,湯来町大字菅沢,ユキチョウオオアザスガサワ,,,,,,,,,0,0,0,0,0,0,1,1,1947-04-17,,0,,,,,,,,,,,,,,,,
341088,0060000,1,広島県,ヒロシマケン,Hiroshima,,,,広島市,ヒロシマシ,Hiroshima-shi,佐伯区,サエキク,Saeki-ku,湯来町大字多田,ユキチョウオオアザタダ,,,,,,,,,0,0,0,0,0,0,1,1,1947-04-17,,0,,,,,,,,,,,,,,,,
341088,0061000,1,広島県,ヒロシマケン,Hiroshima,,,,広島市,ヒロシマシ,Hiroshima-shi,佐伯区,サエキク,Saeki-ku,湯来町大字葛原,ユキチョウオオアザツヅラハラ,,,,,,,,,0,0,0,0,0,0,1,1,1947-04-17,,0,,,,,,,,,,,,,,,,
341088,0062000,1,広島県,ヒロシマケン,Hiroshima,,,,広島市,ヒロシマシ,Hiroshima-shi,佐伯区,サエキク,Saeki-ku,湯来町大字伏谷,ユキチョウオオアザフシダニ,,,,,,,,,0,0,0,0,0,0,1,1,1947-04-17,,0,,,,,,,,,,,,,,,,
341088,0063000,1,広島県,ヒロシマケン,Hiroshima,,,,広島市,ヒロシマシ,Hiroshima-shi,佐伯区,サエキク,Saeki-ku,湯来町大字麦谷,ユキチョウオオアザムギダニ,,,,,,,,,0,0,0,0,0,0,1,1,1947-04-17,,0,,,,,,,,,,,,,,,,
341088,0064000,1,広島県,ヒロシマケン,Hiroshima,,,,広島市,ヒロシマシ,Hiroshima-shi,佐伯区,サエキク,Saeki-ku,湯来町大字和田,ユキチョウオオアザワダ,,,,,,,,,0,0,0,0,0,0,1,1,1947-04-17,,0,,,,,,,,,,,,,,,,
341088,0065000,1,広島県,ヒロシマケン,Hiroshima,,,,広島市,ヒロシマシ,Hiroshima-shi,佐伯区,サエキク,Saeki-ku,吉見園,ヨシミエン,Yoshimien,,,,,,,,1,1,0,0,0,0,1,1,1947-04-17,,0,7315132,,,,,,,,,,,,,,,
341088,0066001,2,広島県,ヒロシマケン,Hiroshima,,,,広島市,ヒロシマシ,Hiroshima-shi,佐伯区,サエキク,Saeki-ku,楽々園,ラクラクエン,Rakurakuen,一丁目,１チョウメ,1,,,,,1,1,0,0,0,0,1,1,1947-04-17,,0,,,,,,,,,,,,,,,,
341088,0066002,2,広島県,ヒロシマケン,Hiroshima,,,,広島市,ヒロシマシ,Hiroshima-shi,佐伯区,サエキク,Saeki-ku,楽々園,ラクラクエン,Rakurakuen,二丁目,２チョウメ,2,,,,,1,1,0,0,0,0,1,1,1947-04-17,,0,,,,,,,,,,,,,,,,
341088,0066003,2,広島県,ヒロシマケン,Hiroshima,,,,広島市,ヒロシマシ,Hiroshima-shi,佐伯区,サエキク,Saeki-ku,楽々園,ラクラクエン,Rakurakuen,三丁目,３チョウメ,3,,,,,1,1,0,0,0,0,1,1,1947-04-17,,0,,,,,,,,,,,,,,,,
341088,0066004,2,広島県,ヒロシマケン,Hiroshima,,,,広島市,ヒロシマシ,Hiroshima-shi,佐伯区,サエキク,Saeki-ku,楽々園,ラクラクエン,Rakurakuen,四丁目,４チョウメ,4,,,,,1,1,0,0,0,0,1,1,1947-04-17,,0,,,,,,,,,,,,,,,,
341088,0066005,2,広島県,ヒロシマケン,Hiroshima,,,,広島市,ヒロシマシ,Hiroshima-shi,佐伯区,サエキク,Saeki-ku,楽々園,ラクラクエン,Rakurakuen,五丁目,５チョウメ,5,,,,,1,1,0,0,0,0,1,1,1947-04-17,,0,,,,,,,,,,,,,,,,
341088,0066006,2,広島県,ヒロシマケン,Hiroshima,,,,広島市,ヒロシマシ,Hiroshima-shi,佐伯区,サエキク,Saeki-ku,楽々園,ラクラクエン,Rakurakuen,六丁目,６チョウメ,6,,,,,1,1,0,0,0,0,1,1,1947-04-17,,0,,,,,,,,,,,,,,,,
341088,0067001,2,広島県,ヒロシマケン,Hiroshima,,,,広島市,ヒロシマシ,Hiroshima-shi,佐伯区,サエキク,Saeki-ku,石内東,イシウチヒガシ,Ishiuchihigashi,一丁目,１チョウメ,1,,,,,1,1,0,0,0,0,1,1,1947-04-17,,0,,,,,,,,,,,,,,,,
341088,0067002,2,広島県,ヒロシマケン,Hiroshima,,,,広島市,ヒロシマシ,Hiroshima-shi,佐伯区,サエキク,Saeki-ku,石内東,イシウチヒガシ,Ishiuchihigashi,二丁目,２チョウメ,2,,,,,1,1,0,0,0,0,1,1,1947-04-17,,0,,,,,,,,,,,,,,,,
341088,0067003,2,広島県,ヒロシマケン,Hiroshima,,,,広島市,ヒロシマシ,Hiroshima-shi,佐伯区,サエキク,Saeki-ku,石内東,イシウチヒガシ,Ishiuchihigashi,三丁目,３チョウメ,3,,,,,1,1,0,0,0,0,1,1,1947-04-17,,0,,,,,,,,,,,,,,,,
341088,0067004,2,広島県,ヒロシマケン,Hiroshima,,,,広島市,ヒロシマシ,Hiroshima-shi,佐伯区,サエキク,Saeki-ku,石内東,イシウチヒガシ,Ishiuchihigashi,四丁目,４チョウメ,4,,,,,1,1,0,0,0,0,1,1,1947-04-17,,0,,,,,,,,,,,,,,,,
341088,0068000,1,広島県,ヒロシマケン,Hiroshima,,,,広島市,ヒロシマシ,Hiroshima-shi,佐伯区,サエキク,Saeki-ku,五日市町大字石内,イツカイチチョウオオアザイシウチ,,,,,,,,,0,0,0,0,0,0,1,1,1947-04-17,,0,,,,,,,,,,,,,,,,
341088,0072000,1,広島県,ヒロシマケン,Hiroshima,,,,広島市,ヒロシマシ,Hiroshima-shi,佐伯区,サエキク,Saeki-ku,五日市町大字薬師ケ丘,イツカイチチョウオオアザヤクシガオカ,,,,,,,,,0,0,0,0,0,0,1,1,1947-04-17,,0,,,,,,,,,,,,,,,,
342025,0000188,3,広島県,ヒロシマケン,Hiroshima,,,,呉市,クレシ,Kure-shi,,,,,,,,,,天応町,テンノウチヨウ,,,0,0,0,0,0,0,1,1,1947-04-17,,0,,,,,,,,,,,,,,,,
342025,0001000,1,広島県,ヒロシマケン,Hiroshima,,,,呉市,クレシ,Kure-shi,,,,青山町,アオヤマチョウ,Aoyamacho,,,,,,,,1,1,0,0,0,0,1,1,1947-04-17,,0,7370023,,,,,,,,,,,,,,,
342025,0002001,2,広島県,ヒロシマケン,Hiroshima,,,,呉市,クレシ,Kure-shi,,,,阿賀北,アガキタ,Aga Kita,１丁目,１チョウメ,1,,,,,1,1,0,0,0,0,1,1,1947-04-17,,0,,,,,,,,,,,,,,,,
342025,0002002,2,広島県,ヒロシマケン,Hiroshima,,,,呉市,クレシ,Kure-shi,,,,阿賀北,アガキタ,Aga Kita,２丁目,２チョウメ,2,,,,,1,1,0,0,0,0,1,1,1947-04-17,,0,,,,,,,,,,,,,,,,
342025,0002003,2,広島県,ヒロシマケン,Hiroshima,,,,呉市,クレシ,Kure-shi,,,,阿賀北,アガキタ,Aga Kita,３丁目,３チョウメ,3,,,,,1,1,0,0,0,0,1,1,1947-04-17,,0,,,,,,,,,,,,,,,,
342025,0002004,2,広島県,ヒロシマケン,Hiroshima,,,,呉市,クレシ,Kure-shi,,,,阿賀北,アガキタ,Aga Kita,４丁目,４チョウメ,4,,,,,1,1,0,0,0,0,1,1,1947-04-17,,0,,,,,,,,,,,,,,,,
342025,0002005,2,広島県,ヒロシマケン,Hiroshima,,,,呉市,クレシ,Kure-shi,,,,阿賀北,アガキタ,Aga Kita,５丁目,５チョウメ,5,,,,,1,1,0,0,0,0,1,1,1947-04-17,,0,,,,,,,,,,,,,,,,
342025,0002006,2,広島県,ヒロシマケン,Hiroshima,,,,呉市,クレシ,Kure-shi,,,,阿賀北,アガキタ,Aga Kita,６丁目,６チョウメ,6,,,,,1,1,0,0,0,0,1,1,1947-04-17,,0,,,,,,,,,,,,,,,,
342025,0002007,2,広島県,ヒロシマケン,Hiroshima,,,,呉市,クレシ,Kure-shi,,,,阿賀北,アガキタ,Aga Kita,７丁目,７チョウメ,7,,,,,1,1,0,0,0,0,1,1,1947-04-17,,0,,,,,,,,,,,,,,,,
342025,0002008,2,広島県,ヒロシマケン,Hiroshima,,,,呉市,クレシ,Kure-shi,,,,阿賀北,アガキタ,Aga Kita,８丁目,８チョウメ,8,,,,,1,1,0,0,0,0,1,1,1947-04-17,,0,,,,,,,,,,,,,,,,
342025,0002009,2,広島県,ヒロシマケン,Hiroshima,,,,呉市,クレシ,Kure-shi,,,,阿賀北,アガキタ,Aga Kita,９丁目,９チョウメ,9,,,,,1,1,0,0,0,0,1,1,1947-04-17,,0,,,,,,,,,,,,,,,,
342025,0003001,2,広島県,ヒロシマケン,Hiroshima,,,,呉市,クレシ,Kure-shi,,,,阿賀中央,アガチュウオウ,Aga Chuo,１丁目,１チョウメ,1,,,,,1,1,0,0,0,0,1,1,1947-04-17,,0,,,,,,,,,,,,,,,,
342025,0003002,2,広島県,ヒロシマケン,Hiroshima,,,,呉市,クレシ,Kure-shi,,,,阿賀中央,アガチュウオウ,Aga Chuo,２丁目,２チョウメ,2,,,,,1,1,0,0,0,0,1,1,1947-04-17,,0,,,,,,,,,,,,,,,,
342025,0003003,2,広島県,ヒロシマケン,Hiroshima,,,,呉市,クレシ,Kure-shi,,,,阿賀中央,アガチュウオウ,Aga Chuo,３丁目,３チョウメ,3,,,,,1,1,0,0,0,0,1,1,1947-04-17,,0,,,,,,,,,,,,,,,,
342025,0003004,2,広島県,ヒロシマケン,Hiroshima,,,,呉市,クレシ,Kure-shi,,,,阿賀中央,アガチュウオウ,Aga Chuo,４丁目,４チョウメ,4,,,,,1,1,0,0,0,0,1,1,1947-04-17,,0,,,,,,,,,,,,,,,,
342025,0003005,2,広島県,ヒロシマケン,Hiroshima,,,,呉市,クレシ,Kure-shi,,,,阿賀中央,アガチュウオウ,Aga Chuo,５丁目,５チョウメ,5,,,,,1,1,0,0,0,0,1,1,1947-04-17,,0,,,,,,,,,,,,,,,,
342025,0003006,2,広島県,ヒロシマケン,Hiroshima,,,,呉市,クレシ,Kure-shi,,,,阿賀中央,アガチュウオウ,Aga Chuo,６丁目,６チョウメ,6,,,,,1,1,0,0,0,0,1,1,1947-04-17,,0,,,,,,,,,,,,,,,,
342025,0003007,2,広島県,ヒロシマケン,Hiroshima,,,,呉市,クレシ,Kure-shi,,,,阿賀中央,アガチュウオウ,Aga Chuo,７丁目,７チョウメ,7,,,,,1,1,0,0,0,0,1,1,1947-04-17,,0,,,,,,,,,,,,,,,,
342025,0003008,2,広島県,ヒロシマケン,Hiroshima,,,,呉市,クレシ,Kure-shi,,,,阿賀中央,アガチュウオウ,Aga Chuo,８丁目,８チョウメ,8,,,,,1,1,0,0,0,0,1,1,1947-04-17,,0,,,,,,,,,,,,,,,,
342025,0003009,2,広島県,ヒロシマケン,Hiroshima,,,,呉市,クレシ,Kure-shi,,,,阿賀中央,アガチュウオウ,Aga Chuo,９丁目,９チョウメ,9,,,,,1,1,0,0,0,0,1,1,1947-04-17,,0,,,,,,,,,,,,,,,,
342025,0004000,1,広島県,ヒロシマケン,Hiroshima,,,,呉市,クレシ,Kure-shi,,,,阿賀町,アガマチ,Agamachi,,,,,,,,0,0,0,0,0,0,1,1,1947-04-17,,0,7370005,,,,,,,,,,,,,,,
342025,0005001,2,広島県,ヒロシマケン,Hiroshima,,,,呉市,クレシ,Kure-shi,,,,阿賀南,アガミナミ,Aga Minami,１丁目,１チョウメ,1,,,,,1,1,0,0,0,0,1,1,1947-04-17,,0,,,,,,,,,,,,,,,,
342025,0005002,2,広島県,ヒロシマケン,Hiroshima,,,,呉市,クレシ,Kure-shi,,,,阿賀南,アガミナミ,Aga Minami,２丁目,２チョウメ,2,,,,,1,1,0,0,0,0,1,1,1947-04-17,,0,,,,,,,,,,,,,,,,
342025,0005003,2,広島県,ヒロシマケン,Hiroshima,,,,呉市,クレシ,Kure-shi,,,,阿賀南,アガミナミ,Aga Minami,３丁目,３チョウメ,3,,,,,1,1,0,0,0,0,1,1,1947-04-17,,0,,,,,,,,,,,,,,,,
342025,0005004,2,広島県,ヒロシマケン,Hiroshima,,,,呉市,クレシ,Kure-shi,,,,阿賀南,アガミナミ,Aga Minami,４丁目,４チョウメ,4,,,,,1,1,0,0,0,0,1,1,1947-04-17,,0,,,,,,,,,,,,,,,,
342025,0005005,2,広島県,ヒロシマケン,Hiroshima,,,,呉市,クレシ,Kure-shi,,,,阿賀南,アガミナミ,Aga Minami,５丁目,５チョウメ,5,,,,,1,1,0,0,0,0,1,1,1947-04-17,,0,,,,,,,,,,,,,,,,
342025,0005006,2,広島県,ヒロシマケン,Hiroshima,,,,呉市,クレシ,Kure-shi,,,,阿賀南,アガミナミ,Aga Minami,６丁目,６チョウメ,6,,,,,1,1,0,0,0,0,1,1,1947-04-17,,0,,,,,,,,,,,,,,,,
342025,0005007,2,広島県,ヒロシマケン,Hiroshima,,,,呉市,クレシ,Kure-shi,,,,阿賀南,アガミナミ,Aga Minami,７丁目,７チョウメ,7,,,,,1,1,0,0,0,0,1,1,1947-04-17,,0,,,,,,,,,,,,,,,,
342025,0005008,2,広島県,ヒロシマケン,Hiroshima,,,,呉市,クレシ,Kure-shi,,,,阿賀南,アガミナミ,Aga Minami,８丁目,８チョウメ,8,,,,,1,1,0,0,0,0,1,1,1947-04-17,,0,,,,,,,,,,,,,,,,
342025,0005009,2,広島県,ヒロシマケン,Hiroshima,,,,呉市,クレシ,Kure-shi,,,,阿賀南,アガミナミ,Aga Minami,９丁目,９チョウメ,9,,,,,1,1,0,0,0,0,1,1,1947-04-17,,0,,,,,,,,,,,,,,,,
342025,0006000,1,広島県,ヒロシマケン,Hiroshima,,,,呉市,クレシ,Kure-shi,,,,朝日町,アサヒマチ,Asahimachi,,,,,,,,1,1,0,0,0,0,1,1,1947-04-17,,0,7370056,,,,,,,,,,,,,,,
342025,0007001,2,広島県,ヒロシマケン,Hiroshima,,,,呉市,クレシ,Kure-shi,,,,吾妻,アヅマ,Azuma,１丁目,１チョウメ,1,,,,,1,1,0,0,0,0,1,1,1947-04-17,,0,,,,,,,,,,,,,,,,
342025,0007002,2,広島県,ヒロシマケン,Hiroshima,,,,呉市,クレシ,Kure-shi,,,,吾妻,アヅマ,Azuma,２丁目,２チョウメ,2,,,,,1,1,0,0,0,0,1,1,1947-04-17,,0,,,,,,,,,,,,,,,,
342025,0008000,1,広島県,ヒロシマケン,Hiroshima,,,,呉市,クレシ,Kure-shi,,,,内神町,ウチガミチョウ,Uchigamicho,,,,,,,,1,1,0,0,0,0,1,1,1947-04-17,,0,7370804,,,,,,,,,,,,,,,
342025,0009000,1,広島県,ヒロシマケン,Hiroshima,,,,呉市,クレシ,Kure-shi,,,,畝原町,ウネハラチョウ,Uneharacho,,,,,,,,1,1,0,0,0,0,1,1,1947-04-17,,0,7370061,,,,,,,,,,,,,,,
342025,0010000,1,広島県,ヒロシマケン,Hiroshima,,,,呉市,クレシ,Kure-shi,,,,梅木町,ウメキチョウ,Umekicho,,,,,,,,1,1,0,0,0,0,1,1,1947-04-17,,0,7370872,,,,,,,,,,,,,,,
342025,0011000,1,広島県,ヒロシマケン,Hiroshima,,,,呉市,クレシ,Kure-shi,,,,江原町,エバラチョウ,Ebaracho,,,,,,,,1,1,0,0,0,0,1,1,1947-04-17,,0,7370807,,,,,,,,,,,,,,,
342025,0012000,1,広島県,ヒロシマケン,Hiroshima,,,,呉市,クレシ,Kure-shi,,,,大山町,オオヤマチョウ,Oyamacho,,,,,,,,1,1,0,0,0,0,1,1,1947-04-17,,0,7370878,,,,,,,,,,,,,,,
342025,0013001,2,広島県,ヒロシマケン,Hiroshima,,,,呉市,クレシ,Kure-shi,,,,押込,オシゴメ,Oshigome,１丁目,１チョウメ,1,,,,,1,1,0,0,0,0,1,1,1947-04-17,,0,,,,,,,,,,,,,,,,
342025,0013002,2,広島県,ヒロシマケン,Hiroshima,,,,呉市,クレシ,Kure-shi,,,,押込,オシゴメ,Oshigome,２丁目,２チョウメ,2,,,,,1,1,0,0,0,0,1,1,1947-04-17,,0,,,,,,,,,,,,,,,,
342025,0013003,2,広島県,ヒロシマケン,Hiroshima,,,,呉市,クレシ,Kure-shi,,,,押込,オシゴメ,Oshigome,３丁目,３チョウメ,3,,,,,1,1,0,0,0,0,1,1,1947-04-17,,0,,,,,,,,,,,,,,,,
342025,0013004,2,広島県,ヒロシマケン,Hiroshima,,,,呉市,クレシ,Kure-shi,,,,押込,オシゴメ,Oshigome,４丁目,４チョウメ,4,,,,,1,1,0,0,0,0,1,1,1947-04-17,,0,,,,,,,,,,,,,,,,
342025,0013005,2,広島県,ヒロシマケン,Hiroshima,,,,呉市,クレシ,Kure-shi,,,,押込,オシゴメ,Oshigome,５丁目,５チョウメ,5,,,,,1,1,0,0,0,0,1,1,1947-04-17,,0,,,,,,,,,,,,,,,,
342025,0013006,2,広島県,ヒロシマケン,Hiroshima,,,,呉市,クレシ,Kure-shi,,,,押込,オシゴメ,Oshigome,６丁目,６チョウメ,6,,,,,1,1,0,0,0,0,1,1,1947-04-17,,0,,,,,,,,,,,,,,,,
342025,0014000,1,広島県,ヒロシマケン,Hiroshima,,,,呉市,クレシ,Kure-shi,,,,押込町,オシゴメチョウ,,,,,,,,,0,0,0,0,0,0,1,1,1947-04-17,,0,,,,,,,,,,,,,,,,
342025,0015000,1,広島県,ヒロシマケン,Hiroshima,,,,呉市,クレシ,Kure-shi,,,,押込西平町,オシゴメニシヒラチョウ,Oshigome Nishihiracho,,,,,,,,1,1,0,0,0,0,1,1,1947-04-17,,0,7370914,,,,,,,,,,,,,,,
342025,0016001,2,広島県,ヒロシマケン,Hiroshima,,,,呉市,クレシ,Kure-shi,,,,音戸町有清,オンドチョウアリキヨ,Ondocho Arikiyo,１丁目,１チョウメ,1,,,,,1,1,0,0,0,0,1,1,1947-04-17,,0,,,,,,,,,,,,,,,,
342025,0016002,2,広島県,ヒロシマケン,Hiroshima,,,,呉市,クレシ,Kure-shi,,,,音戸町有清,オンドチョウアリキヨ,Ondocho Arikiyo,２丁目,２チョウメ,2,,,,,1,1,0,0,0,0,1,1,1947-04-17,,0,,,,,,,,,,,,,,,,
342025,0017001,2,広島県,ヒロシマケン,Hiroshima,,,,呉市,クレシ,Kure-shi,,,,音戸町鰯浜,オンドチョウイワシハマ,Ondocho Iwashihama,１丁目,１チョウメ,1,,,,,1,1,0,0,0,0,1,1,1947-04-17,,0,,,,,,,,,,,,,,,,
342025,0017002,2,広島県,ヒロシマケン,Hiroshima,,,,呉市,クレシ,Kure-shi,,,,音戸町鰯浜,オンドチョウイワシハマ,Ondocho Iwashihama,２丁目,２チョウメ,2,,,,,1,1,0,0,0,0,1,1,1947-04-17,,0,,,,,,,,,,,,,,,,
342025,0017003,2,広島県,ヒロシマケン,Hiroshima,,,,呉市,クレシ,Kure-shi,,,,音戸町鰯浜,オンドチョウイワシハマ,Ondocho Iwashihama,３丁目,３チョウメ,3,,,,,1,1,0,0,0,0,1,1,1947-04-17,,0,,,,,,,,,,,,,,,,
342025,0018000,1,広島県,ヒロシマケン,Hiroshima,,,,呉市,クレシ,Kure-shi,,,,音戸町大字渡子,オンドチョウオオアザトノコ,,,,,,,,,0,0,0,0,0,0,1,1,1947-04-17,,0,,,,,,,,,,,,,,,,
342025,0019001,2,広島県,ヒロシマケン,Hiroshima,,,,呉市,クレシ,Kure-shi,,,,音戸町北隠渡,オンドチョウキタオンド,Ondocho Kitaondo,１丁目,１チョウメ,1,,,,,1,1,0,0,0,0,1,1,1947-04-17,,0,,,,,,,,,,,,,,,,
342025,0019002,2,広島県,ヒロシマケン,Hiroshima,,,,呉市,クレシ,Kure-shi,,,,音戸町北隠渡,オンドチョウキタオンド,Ondocho Kitaondo,２丁目,２チョウメ,2,,,,,1,1,0,0,0,0,1,1,1947-04-17,,0,,,,,,,,,,,,,,,,
342025,0020001,2,広島県,ヒロシマケン,Hiroshima,,,,呉市,クレシ,Kure-shi,,,,音戸町先奥,オンドチョウサキオク,Ondocho Sakioku,１丁目,１チョウメ,1,,,,,1,1,0,0,0,0,1,1,1947-04-17,,0,,,,,,,,,,,,,,,,
342025,0020002,2,広島県,ヒロシマケン,Hiroshima,,,,呉市,クレシ,Kure-shi,,,,音戸町先奥,オンドチョウサキオク,Ondocho Sakioku,２丁目,２チョウメ,2,,,,,1,1,0,0,0,0,1,1,1947-04-17,,0,,,,,,,,,,,,,,,,
342025,0020003,2,広島県,ヒロシマケン,Hiroshima,,,,呉市,クレシ,Kure-shi,,,,音戸町先奥,オンドチョウサキオク,Ondocho Sakioku,３丁目,３チョウメ,3,,,,,1,1,0,0,0,0,1,1,1947-04-17,,0,,,,,,,,,,,,,,,,
342025,0021001,2,広島県,ヒロシマケン,Hiroshima,,,,呉市,クレシ,Kure-shi,,,,音戸町高須,オンドチョウタカス,Ondocho Takasu,１丁目,１チョウメ,1,,,,,1,1,0,0,0,0,1,1,1947-04-17,,0,,,,,,,,,,,,,,,,
342025,0021002,2,広島県,ヒロシマケン,Hiroshima,,,,呉市,クレシ,Kure-shi,,,,音戸町高須,オンドチョウタカス,Ondocho Takasu,２丁目,２チョウメ,2,,,,,1,1,0,0,0,0,1,1,1947-04-17,,0,,,,,,,,,,,,,,,,
342025,0021003,2,広島県,ヒロシマケン,Hiroshima,,,,呉市,クレシ,Kure-shi,,,,音戸町高須,オンドチョウタカス,Ondocho Takasu,３丁目,３チョウメ,3,,,,,1,1,0,0,0,0,1,1,1947-04-17,,0,,,,,,,,,,,,,,,,
342025,0022001,2,広島県,ヒロシマケン,Hiroshima,,,,呉市,クレシ,Kure-shi,,,,音戸町田原,オンドチョウタハラ,Ondocho Tahara,１丁目,１チョウメ,1,,,,,1,1,0,0,0,0,1,1,1947-04-17,,0,,,,,,,,,,,,,,,,
342025,0022002,2,広島県,ヒロシマケン,Hiroshima,,,,呉市,クレシ,Kure-shi,,,,音戸町田原,オンドチョウタハラ,Ondocho Tahara,２丁目,２チョウメ,2,,,,,1,1,0,0,0,0,1,1,1947-04-17,,0,,,,,,,,,,,,,,,,
342025,0022003,2,広島県,ヒロシマケン,Hiroshima,,,,呉市,クレシ,Kure-shi,,,,音戸町田原,オンドチョウタハラ,Ondocho Tahara,３丁目,３チョウメ,3,,,,,1,1,0,0,0,0,1,1,1947-04-17,,0,,,,,,,,,,,,,,,,
342025,0023001,2,広島県,ヒロシマケン,Hiroshima,,,,呉市,クレシ,Kure-shi,,,,音戸町坪井,オンドチョウツボイ,Ondocho Tsuboi,１丁目,１チョウメ,1,,,,,1,1,0,0,0,0,1,1,1947-04-17,,0,,,,,,,,,,,,,,,,
342025,0023002,2,広島県,ヒロシマケン,Hiroshima,,,,呉市,クレシ,Kure-shi,,,,音戸町坪井,オンドチョウツボイ,Ondocho Tsuboi,２丁目,２チョウメ,2,,,,,1,1,0,0,0,0,1,1,1947-04-17,,0,,,,,,,,,,,,,,,,
342025,0023003,2,広島県,ヒロシマケン,Hiroshima,,,,呉市,クレシ,Kure-shi,,,,音戸町坪井,オンドチョウツボイ,Ondocho Tsuboi,３丁目,３チョウメ,3,,,,,1,1,0,0,0,0,1,1,1947-04-17,,0,,,,,,,,,,,,,,,,
342025,0024001,2,広島県,ヒロシマケン,Hiroshima,,,,呉市,クレシ,Kure-shi,,,,音戸町渡子,オンドチョウトノコ,Ondocho Tonoko,１丁目,１チョウメ,1,,,,,1,1,0,0,0,0,1,1,1947-04-17,,0,,,,,,,,,,,,,,,,
342025,0024002,2,広島県,ヒロシマケン,Hiroshima,,,,呉市,クレシ,Kure-shi,,,,音戸町渡子,オンドチョウトノコ,Ondocho Tonoko,２丁目,２チョウメ,2,,,,,1,1,0,0,0,0,1,1,1947-04-17,,0,,,,,,,,,,,,,,,,
342025,0024003,2,広島県,ヒロシマケン,Hiroshima,,,,呉市,クレシ,Kure-shi,,,,音戸町渡子,オンドチョウトノコ,Ondocho Tonoko,３丁目,３チョウメ,3,,,,,1,1,0,0,0,0,1,1,1947-04-17,,0,,,,,,,,,,,,,,,,
342025,0025001,2,広島県,ヒロシマケン,Hiroshima,,,,呉市,クレシ,Kure-shi,,,,音戸町畑,オンドチョウハタ,Ondocho Hata,１丁目,１チョウメ,1,,,,,1,1,0,0,0,0,1,1,1947-04-17,,0,,,,,,,,,,,,,,,,
342025,0025002,2,広島県,ヒロシマケン,Hiroshima,,,,呉市,クレシ,Kure-shi,,,,音戸町畑,オンドチョウハタ,Ondocho Hata,２丁目,２チョウメ,2,,,,,1,1,0,0,0,0,1,1,1947-04-17,,0,,,,,,,,,,,,,,,,
342025,0025003,2,広島県,ヒロシマケン,Hiroshima,,,,呉市,クレシ,Kure-shi,,,,音戸町畑,オンドチョウハタ,Ondocho Hata,３丁目,３チョウメ,3,,,,,1,1,0,0,0,0,1,1,1947-04-17,,0,,,,,,,,,,,,,,,,
342025,0026001,2,広島県,ヒロシマケン,Hiroshima,,,,呉市,クレシ,Kure-shi,,,,音戸町波多見,オンドチョウハタミ,Ondocho Hatami,１丁目,１チョウメ,1,,,,,1,1,0,0,0,0,1,1,1947-04-17,,0,,,,,,,,,,,,,,,,
342025,0026002,2,広島県,ヒロシマケン,Hiroshima,,,,呉市,クレシ,Kure-shi,,,,音戸町波多見,オンドチョウハタミ,Ondocho Hatami,２丁目,２チョウメ,2,,,,,1,1,0,0,0,0,1,1,1947-04-17,,0,,,,,,,,,,,,,,,,
342025,0026003,2,広島県,ヒロシマケン,Hiroshima,,,,呉市,クレシ,Kure-shi,,,,音戸町波多見,オンドチョウハタミ,Ondocho Hatami,３丁目,３チョウメ,3,,,,,1,1,0,0,0,0,1,1,1947-04-17,,0,,,,,,,,,,,,,,,,
342025,0026004,2,広島県,ヒロシマケン,Hiroshima,,,,呉市,クレシ,Kure-shi,,,,音戸町波多見,オンドチョウハタミ,Ondocho Hatami,４丁目,４チョウメ,4,,,,,1,1,0,0,0,0,1,1,1947-04-17,,0,,,,,,,,,,,,,,,,
342025,0026005,2,広島県,ヒロシマケン,Hiroshima,,,,呉市,クレシ,Kure-shi,,,,音戸町波多見,オンドチョウハタミ,Ondocho Hatami,５丁目,５チョウメ,5,,,,,1,1,0,0,0,0,1,1,1947-04-17,,0,,,,,,,,,,,,,,,,
342025,0026006,2,広島県,ヒロシマケン,Hiroshima,,,,呉市,クレシ,Kure-shi,,,,音戸町波多見,オンドチョウハタミ,Ondocho Hatami,６丁目,６チョウメ,6,,,,,1,1,0,0,0,0,1,1,1947-04-17,,0,,,,,,,,,,,,,,,,
342025,0026007,2,広島県,ヒロシマケン,Hiroshima,,,,呉市,クレシ,Kure-shi,,,,音戸町波多見,オンドチョウハタミ,Ondocho Hatami,７丁目,７チョウメ,7,,,,,1,1,0,0,0,0,1,1,1947-04-17,,0,,,,,,,,,,,,,,,,
342025,0026008,2,広島県,ヒロシマケン,Hiroshima,,,,呉市,クレシ,Kure-shi,,,,音戸町波多見,オンドチョウハタミ,Ondocho Hatami,８丁目,８チョウメ,8,,,,,1,1,0,0,0,0,1,1,1947-04-17,,0,,,,,,,,,,,,,,,,
342025,0026009,2,広島県,ヒロシマケン,Hiroshima,,,,呉市,クレシ,Kure-shi,,,,音戸町波多見,オンドチョウハタミ,Ondocho Hatami,９丁目,９チョウメ,9,,,,,1,1,0,0,0,0,1,1,1947-04-17,,0,,,,,,,,,,,,,,,,
342025,0026010,2,広島県,ヒロシマケン,Hiroshima,,,,呉市,クレシ,Kure-shi,,,,音戸町波多見,オンドチョウハタミ,Ondocho Hatami,１０丁目,１０チョウメ,10,,,,,1,1,0,0,0,0,1,1,1947-04-17,,0,,,,,,,,,,,,,,,,
342025,0026011,2,広島県,ヒロシマケン,Hiroshima,,,,呉市,クレシ,Kure-shi,,,,音戸町波多見,オンドチョウハタミ,Ondocho Hatami,１１丁目,１１チョウメ,11,,,,,1,1,0,0,0,0,1,1,1947-04-17,,0,,,,,,,,,,,,,,,,
342025,0027001,2,広島県,ヒロシマケン,Hiroshima,,,,呉市,クレシ,Kure-shi,,,,音戸町早瀬,オンドチョウハヤセ,Ondocho Hayase,１丁目,１チョウメ,1,,,,,1,1,0,0,0,0,1,1,1947-04-17,,0,,,,,,,,,,,,,,,,
342025,0027002,2,広島県,ヒロシマケン,Hiroshima,,,,呉市,クレシ,Kure-shi,,,,音戸町早瀬,オンドチョウハヤセ,Ondocho Hayase,２丁目,２チョウメ,2,,,,,1,1,0,0,0,0,1,1,1947-04-17,,0,,,,,,,,,,,,,,,,
342025,0027003,2,広島県,ヒロシマケン,Hiroshima,,,,呉市,クレシ,Kure-shi,,,,音戸町早瀬,オンドチョウハヤセ,Ondocho Hayase,３丁目,３チョウメ,3,,,,,1,1,0,0,0,0,1,1,1947-04-17,,0,,,,,,,,,,,,,,,,
342025,0028001,2,広島県,ヒロシマケン,Hiroshima,,,,呉市,クレシ,Kure-shi,,,,音戸町引地,オンドチョウヒキジ,Ondocho Hikiji,１丁目,１チョウメ,1,,,,,1,1,0,0,0,0,1,1,1947-04-17,,0,,,,,,,,,,,,,,,,
342025,0028002,2,広島県,ヒロシマケン,Hiroshima,,,,呉市,クレシ,Kure-shi,,,,音戸町引地,オンドチョウヒキジ,Ondocho Hikiji,２丁目,２チョウメ,2,,,,,1,1,0,0,0,0,1,1,1947-04-17,,0,,,,,,,,,,,,,,,,
342025,0029001,2,広島県,ヒロシマケン,Hiroshima,,,,呉市,クレシ,Kure-shi,,,,音戸町藤脇,オンドチョウフジノワキ,Ondocho Fujinowaki,１丁目,１チョウメ,1,,,,,1,1,0,0,0,0,1,1,1947-04-17,,0,,,,,,,,,,,,,,,,
342025,0029002,2,広島県,ヒロシマケン,Hiroshima,,,,呉市,クレシ,Kure-shi,,,,音戸町藤脇,オンドチョウフジノワキ,Ondocho Fujinowaki,２丁目,２チョウメ,2,,,,,1,1,0,0,0,0,1,1,1947-04-17,,0,,,,,,,,,,,,,,,,
342025,0029003,2,広島県,ヒロシマケン,Hiroshima,,,,呉市,クレシ,Kure-shi,,,,音戸町藤脇,オンドチョウフジノワキ,Ondocho Fujinowaki,３丁目,３チョウメ,3,,,,,1,1,0,0,0,0,1,1,1947-04-17,,0,,,,,,,,,,,,,,,,
342025,0030001,2,広島県,ヒロシマケン,Hiroshima,,,,呉市,クレシ,Kure-shi,,,,音戸町南隠渡,オンドチョウミナミオンド,Ondocho Minamiondo,１丁目,１チョウメ,1,,,,,1,1,0,0,0,0,1,1,1947-04-17,,0,,,,,,,,,,,,,,,,
342025,0030002,2,広島県,ヒロシマケン,Hiroshima,,,,呉市,クレシ,Kure-shi,,,,音戸町南隠渡,オンドチョウミナミオンド,Ondocho Minamiondo,２丁目,２チョウメ,2,,,,,1,1,0,0,0,0,1,1,1947-04-17,,0,,,,,,,,,,,,,,,,
342025,0030003,2,広島県,ヒロシマケン,Hiroshima,,,,呉市,クレシ,Kure-shi,,,,音戸町南隠渡,オンドチョウミナミオンド,Ondocho Minamiondo,３丁目,３チョウメ,3,,,,,1,1,0,0,0,0,1,1,1947-04-17,,0,,,,,,,,,,,,,,,,
342025,0030004,2,広島県,ヒロシマケン,Hiroshima,,,,呉市,クレシ,Kure-shi,,,,音戸町南隠渡,オンドチョウミナミオンド,Ondocho Minamiondo,４丁目,４チョウメ,4,,,,,1,1,0,0,0,0,1,1,1947-04-17,,0,,,,,,,,,,,,,,,,
342025,0031001,2,広島県,ヒロシマケン,Hiroshima,,,,呉市,クレシ,Kure-shi,,,,海岸,カイガン,Kaigan,１丁目,１チョウメ,1,,,,,1,1,0,0,0,0,1,1,1947-04-17,,0,,,,,,,,,,,,,,,,
342025,0031002,2,広島県,ヒロシマケン,Hiroshima,,,,呉市,クレシ,Kure-shi,,,,海岸,カイガン,Kaigan,２丁目,２チョウメ,2,,,,,1,1,0,0,0,0,1,1,1947-04-17,,0,,,,,,,,,,,,,,,,
342025,0031003,2,広島県,ヒロシマケン,Hiroshima,,,,呉市,クレシ,Kure-shi,,,,海岸,カイガン,Kaigan,３丁目,３チョウメ,3,,,,,1,1,0,0,0,0,1,1,1947-04-17,,0,,,,,,,,,,,,,,,,
342025,0031004,2,広島県,ヒロシマケン,Hiroshima,,,,呉市,クレシ,Kure-shi,,,,海岸,カイガン,Kaigan,４丁目,４チョウメ,4,,,,,1,1,0,0,0,0,1,1,1947-04-17,,0,,,,,,,,,,,,,,,,
342025,0032000,1,広島県,ヒロシマケン,Hiroshima,,,,呉市,クレシ,Kure-shi,,,,蒲刈町大浦,カマガリチョウオオウラ,Kamagaricho Oura,,,,,,,,0,0,0,0,0,0,1,1,1947-04-17,,0,7370402,,,,,,,,,,,,,,,
342025,0033000,1,広島県,ヒロシマケン,Hiroshima,,,,呉市,クレシ,Kure-shi,,,,蒲刈町田戸,カマガリチョウタド,Kamagaricho Tado,,,,,,,,0,0,0,0,0,0,1,1,1947-04-17,,0,7370403,,,,,,,,,,,,,,,
342025,0034000,1,広島県,ヒロシマケン,Hiroshima,,,,呉市,クレシ,Kure-shi,,,,蒲刈町宮盛,カマガリチョウミヤザカリ,Kamagaricho Miyazakari,,,,,,,,0,0,0,0,0,0,1,1,1947-04-17,,0,7370401,,,,,,,,,,,,,,,
342025,0035000,1,広島県,ヒロシマケン,Hiroshima,,,,呉市,クレシ,Kure-shi,,,,蒲刈町向,カマガリチョウムカイ,Kamagaricho Mukai,,,,,,,,0,0,0,0,0,0,1,1,1947-04-17,,0,7370311,,,,,,,,,,,,,,,
342025,0036000,1,広島県,ヒロシマケン,Hiroshima,,,,呉市,クレシ,Kure-shi,,,,上内神町,カミウチガミチョウ,Kamiuchigamicho,,,,,,,,1,1,0,0,0,0,1,1,1947-04-17,,0,7370808,,,,,,,,,,,,,,,
342025,0037000,1,広島県,ヒロシマケン,Hiroshima,,,,呉市,クレシ,Kure-shi,,,,上長迫町,カミナガサコチョウ,Kaminagasakocho,,,,,,,,1,1,0,0,0,0,1,1,1947-04-17,,0,7370031,,,,,,,,,,,,,,,
342025,0038000,1,広島県,ヒロシマケン,Hiroshima,,,,呉市,クレシ,Kure-shi,,,,上二河町,カミニコウチョウ,Kaminikocho,,,,,,,,1,1,0,0,0,0,1,1,1947-04-17,,0,7370817,,,,,,,,,,,,,,,
342025,0039000,1,広島県,ヒロシマケン,Hiroshima,,,,呉市,クレシ,Kure-shi,,,,上畑町,カミハタチョウ,Kamihatacho,,,,,,,,1,1,0,0,0,0,1,1,1947-04-17,,0,7370071,,,,,,,,,,,,,,,
342025,0040000,1,広島県,ヒロシマケン,Hiroshima,,,,呉市,クレシ,Kure-shi,,,,上平原町,カミヒラバラチョウ,Kamihirabaracho,,,,,,,,1,1,0,0,0,0,1,1,1947-04-17,,0,7370079,,,,,,,,,,,,,,,
342025,0041000,1,広島県,ヒロシマケン,Hiroshima,,,,呉市,クレシ,Kure-shi,,,,上山田町,カミヤマダチョウ,Kamiyamadacho,,,,,,,,1,1,0,0,0,0,1,1,1947-04-17,,0,7370054,,,,,,,,,,,,,,,
342025,0042000,1,広島県,ヒロシマケン,Hiroshima,,,,呉市,クレシ,Kure-shi,,,,狩留賀町,カルガチョウ,Karugacho,,,,,,,,1,1,0,0,0,0,1,1,1947-04-17,,0,7370862,,,,,,,,,,,,,,,
342025,0043000,1,広島県,ヒロシマケン,Hiroshima,,,,呉市,クレシ,Kure-shi,,,,川尻町板休,カワジリチョウイタヤスミ,Kawajiricho Itayasumi,,,,,,,,0,0,0,0,0,0,1,1,1947-04-17,,0,7372631,,,,,,,,,,,,,,,
342025,0044000,1,広島県,ヒロシマケン,Hiroshima,,,,呉市,クレシ,Kure-shi,,,,川尻町岩戸,カワジリチョウイワド,Kawajiricho Iwado,,,,,,,,0,0,0,0,0,0,1,1,1947-04-17,,0,7372634,,,,,,,,,,,,,,,
342025,0045000,1,広島県,ヒロシマケン,Hiroshima,,,,呉市,クレシ,Kure-shi,,,,川尻町後懸,カワジリチョウウシロガケ,Kawajiricho Ushirogake,,,,,,,,0,0,0,0,0,0,1,1,1947-04-17,,0,7372637,,,,,,,,,,,,,,,
342025,0046000,1,広島県,ヒロシマケン,Hiroshima,,,,呉市,クレシ,Kure-shi,,,,川尻町大原,カワジリチョウオオバラ,Kawajiricho Obara,,,,,,,,0,0,0,0,0,0,1,1,1947-04-17,,0,7372614,,,,,,,,,,,,,,,
342025,0047000,1,広島県,ヒロシマケン,Hiroshima,,,,呉市,クレシ,Kure-shi,,,,川尻町大見上,カワジリチョウオオミアゲ,,,,,,,,,0,0,0,0,0,0,1,1,1947-04-17,,0,,,,,,,,,,,,,,,,
342025,0048000,1,広島県,ヒロシマケン,Hiroshima,,,,呉市,クレシ,Kure-shi,,,,川尻町沖田,カワジリチョウオキタ,Kawajiricho Okida,,,,,,,,0,0,0,0,0,0,1,1,1947-04-17,,0,7372633,,,,,,,,,,,,,,,
342025,0049000,1,広島県,ヒロシマケン,Hiroshima,,,,呉市,クレシ,Kure-shi,,,,川尻町柏,カワジリチョウカシワ,,,,,,,,,0,0,0,0,0,0,1,1,1947-04-17,,0,,,,,,,,,,,,,,,,
342025,0050000,1,広島県,ヒロシマケン,Hiroshima,,,,呉市,クレシ,Kure-shi,,,,川尻町上畑,カワジリチョウカンバタ,Kawajiricho Kambata,,,,,,,,0,0,0,0,0,0,1,1,1947-04-17,,0,7372632,,,,,,,,,,,,,,,
342025,0051000,1,広島県,ヒロシマケン,Hiroshima,,,,呉市,クレシ,Kure-shi,,,,川尻町久筋,カワジリチヨウクスジ,,,,,,,,,0,0,0,0,0,0,1,0,1947-04-17,,1,,,,,,,,,,,,,,,,
342025,0051001,2,広島県,ヒロシマケン,Hiroshima,,,,呉市,クレシ,Kure-shi,,,,川尻町久筋,カワジリチョウクスジ,Kawajiricho Kusuji,１丁目,１チョウメ,1,,,,,1,1,0,0,0,0,1,1,1947-04-17,,0,,,,,,,,,,,,,,,,
342025,0051002,2,広島県,ヒロシマケン,Hiroshima,,,,呉市,クレシ,Kure-shi,,,,川尻町久筋,カワジリチョウクスジ,Kawajiricho Kusuji,２丁目,２チョウメ,2,,,,,1,1,0,0,0,0,1,1,1947-04-17,,0,,,,,,,,,,,,,,,,
342025,0051003,2,広島県,ヒロシマケン,Hiroshima,,,,呉市,クレシ,Kure-shi,,,,川尻町久筋,カワジリチョウクスジ,Kawajiricho Kusuji,３丁目,３チョウメ,3,,,,,1,1,0,0,0,0,1,1,1947-04-17,,0,,,,,,,,,,,,,,,,
342025,0052000,1,広島県,ヒロシマケン,Hiroshima,,,,呉市,クレシ,Kure-shi,,,,川尻町久俊,カワジリチヨウクドシ,,,,,,,,,0,0,0,0,0,0,1,0,1947-04-17,,1,,,,,,,,,,,,,,,,
342025,0052001,2,広島県,ヒロシマケン,Hiroshima,,,,呉市,クレシ,Kure-shi,,,,川尻町久俊,カワジリチョウクドシ,Kawajiricho Kudoshi,１丁目,１チョウメ,1,,,,,1,1,0,0,0,0,1,1,1947-04-17,,0,,,,,,,,,,,,,,,,
342025,0052002,2,広島県,ヒロシマケン,Hiroshima,,,,呉市,クレシ,Kure-shi,,,,川尻町久俊,カワジリチョウクドシ,Kawajiricho Kudoshi,２丁目,２チョウメ,2,,,,,1,1,0,0,0,0,1,1,1947-04-17,,0,,,,,,,,,,,,,,,,
342025,0052003,2,広島県,ヒロシマケン,Hiroshima,,,,呉市,クレシ,Kure-shi,,,,川尻町久俊,カワジリチョウクドシ,Kawajiricho Kudoshi,３丁目,３チョウメ,3,,,,,1,1,0,0,0,0,1,1,1947-04-17,,0,,,,,,,,,,,,,,,,
342025,0054000,1,広島県,ヒロシマケン,Hiroshima,,,,呉市,クレシ,Kure-shi,,,,川尻町小仁方,カワジリチョウコニガタ,Kawajiricho Konigata,,,,,,,,0,0,0,0,0,0,1,1,1947-04-17,,0,7372604,,,,,,,,,,,,,,,
342025,0054001,2,広島県,ヒロシマケン,Hiroshima,,,,呉市,クレシ,Kure-shi,,,,川尻町小仁方,カワジリチョウコニガタ,Kawajiricho Konigata,１丁目,１チョウメ,1,,,,,1,1,0,0,0,0,1,1,1947-04-17,,0,,,,,,,,,,,,,,,,
342025,0054002,2,広島県,ヒロシマケン,Hiroshima,,,,呉市,クレシ,Kure-shi,,,,川尻町小仁方,カワジリチョウコニガタ,Kawajiricho Konigata,２丁目,２チョウメ,2,,,,,1,1,0,0,0,0,1,1,1947-04-17,,0,,,,,,,,,,,,,,,,
342025,0055000,1,広島県,ヒロシマケン,Hiroshima,,,,呉市,クレシ,Kure-shi,,,,川尻町小畑,カワジリチョウコバタ,Kawajiricho Kobata,,,,,,,,0,0,0,0,0,0,1,1,1947-04-17,,0,7372617,,,,,,,,,,,,,,,
342025,0057000,1,広島県,ヒロシマケン,Hiroshima,,,,呉市,クレシ,Kure-shi,,,,川尻町小用,カワジリチョウコヨウ,Kawajiricho Koyo,,,,,,,,0,0,0,0,0,0,1,1,1947-04-17,,0,7372608,,,,,,,,,,,,,,,
342025,0057001,2,広島県,ヒロシマケン,Hiroshima,,,,呉市,クレシ,Kure-shi,,,,川尻町小用,カワジリチョウコヨウ,Kawajiricho Koyo,１丁目,１チョウメ,1,,,,,1,1,0,0,0,0,1,1,1947-04-17,,0,,,,,,,,,,,,,,,,
342025,0057002,2,広島県,ヒロシマケン,Hiroshima,,,,呉市,クレシ,Kure-shi,,,,川尻町小用,カワジリチョウコヨウ,Kawajiricho Koyo,２丁目,２チョウメ,2,,,,,1,1,0,0,0,0,1,1,1947-04-17,,0,,,,,,,,,,,,,,,,
342025,0058000,1,広島県,ヒロシマケン,Hiroshima,,,,呉市,クレシ,Kure-shi,,,,川尻町才野谷,カワジリチョウサイノタニ,Kawajiricho Sainotani,,,,,,,,0,0,0,0,0,0,1,1,1947-04-17,,0,7372636,,,,,,,,,,,,,,,
342025,0059000,1,広島県,ヒロシマケン,Hiroshima,,,,呉市,クレシ,Kure-shi,,,,川尻町寒風,カワジリチョウサムカゼ,,,,,,,,,0,0,0,0,0,0,1,1,1947-04-17,,0,,,,,,,,,,,,,,,,
342025,0060000,1,広島県,ヒロシマケン,Hiroshima,,,,呉市,クレシ,Kure-shi,,,,川尻町真光地,カワジリチョウシンコウチ,Kawajiricho Shinkochi,,,,,,,,0,0,0,0,0,0,1,1,1947-04-17,,0,7372615,,,,,,,,,,,,,,,
342025,0061000,1,広島県,ヒロシマケン,Hiroshima,,,,呉市,クレシ,Kure-shi,,,,川尻町寺田,カワジリチョウテラダ,,,,,,,,,0,0,0,0,0,0,1,1,1947-04-17,,0,,,,,,,,,,,,,,,,
342025,0062001,2,広島県,ヒロシマケン,Hiroshima,,,,呉市,クレシ,Kure-shi,,,,川尻町西,カワジリチョウニシ,Kawajiricho Nishi,１丁目,１チョウメ,1,,,,,1,1,0,0,0,0,1,1,1947-04-17,,0,,,,,,,,,,,,,,,,
342025,0062002,2,広島県,ヒロシマケン,Hiroshima,,,,呉市,クレシ,Kure-shi,,,,川尻町西,カワジリチョウニシ,Kawajiricho Nishi,２丁目,２チョウメ,2,,,,,1,1,0,0,0,0,1,1,1947-04-17,,0,,,,,,,,,,,,,,,,
342025,0062003,2,広島県,ヒロシマケン,Hiroshima,,,,呉市,クレシ,Kure-shi,,,,川尻町西,カワジリチョウニシ,Kawajiricho Nishi,３丁目,３チョウメ,3,,,,,1,1,0,0,0,0,1,1,1947-04-17,,0,,,,,,,,,,,,,,,,
342025,0062004,2,広島県,ヒロシマケン,Hiroshima,,,,呉市,クレシ,Kure-shi,,,,川尻町西,カワジリチョウニシ,Kawajiricho Nishi,４丁目,４チョウメ,4,,,,,1,1,0,0,0,0,1,1,1947-04-17,,0,,,,,,,,,,,,,,,,
342025,0062005,2,広島県,ヒロシマケン,Hiroshima,,,,呉市,クレシ,Kure-shi,,,,川尻町西,カワジリチョウニシ,Kawajiricho Nishi,５丁目,５チョウメ,5,,,,,1,1,0,0,0,0,1,1,1947-04-17,,0,,,,,,,,,,,,,,,,
342025,0062006,2,広島県,ヒロシマケン,Hiroshima,,,,呉市,クレシ,Kure-shi,,,,川尻町西,カワジリチョウニシ,Kawajiricho Nishi,６丁目,６チョウメ,6,,,,,1,1,0,0,0,0,1,1,1947-04-17,,0,,,,,,,,,,,,,,,,
342025,0063000,1,広島県,ヒロシマケン,Hiroshima,,,,呉市,クレシ,Kure-shi,,,,川尻町縄繰,カワジリチョウノウクリ,,,,,,,,,0,0,0,0,0,0,1,0,1947-04-17,,0,,,,,,,,,,,,,,,,
342025,0065000,1,広島県,ヒロシマケン,Hiroshima,,,,呉市,クレシ,Kure-shi,,,,川尻町原山,カワジリチョウハラヤマ,Kawajiricho Harayama,,,,,,,,0,0,0,0,0,0,1,1,1947-04-17,,0,7372601,,,,,,,,,,,,,,,
342025,0065001,2,広島県,ヒロシマケン,Hiroshima,,,,呉市,クレシ,Kure-shi,,,,川尻町原山,カワジリチョウハラヤマ,Kawajiricho Harayama,１丁目,１チョウメ,1,,,,,1,1,0,0,0,0,1,1,1947-04-17,,0,,,,,,,,,,,,,,,,
342025,0065002,2,広島県,ヒロシマケン,Hiroshima,,,,呉市,クレシ,Kure-shi,,,,川尻町原山,カワジリチョウハラヤマ,Kawajiricho Harayama,２丁目,２チョウメ,2,,,,,1,1,0,0,0,0,1,1,1947-04-17,,0,,,,,,,,,,,,,,,,
342025,0065003,2,広島県,ヒロシマケン,Hiroshima,,,,呉市,クレシ,Kure-shi,,,,川尻町原山,カワジリチョウハラヤマ,Kawajiricho Harayama,３丁目,３チョウメ,3,,,,,1,1,0,0,0,0,1,1,1947-04-17,,0,,,,,,,,,,,,,,,,
342025,0066001,2,広島県,ヒロシマケン,Hiroshima,,,,呉市,クレシ,Kure-shi,,,,川尻町東,カワジリチョウヒガシ,Kawajiricho Higashi,１丁目,１チョウメ,1,,,,,1,1,0,0,0,0,1,1,1947-04-17,,0,,,,,,,,,,,,,,,,
342025,0066002,2,広島県,ヒロシマケン,Hiroshima,,,,呉市,クレシ,Kure-shi,,,,川尻町東,カワジリチョウヒガシ,Kawajiricho Higashi,２丁目,２チョウメ,2,,,,,1,1,0,0,0,0,1,1,1947-04-17,,0,,,,,,,,,,,,,,,,
342025,0066003,2,広島県,ヒロシマケン,Hiroshima,,,,呉市,クレシ,Kure-shi,,,,川尻町東,カワジリチョウヒガシ,Kawajiricho Higashi,３丁目,３チョウメ,3,,,,,1,1,0,0,0,0,1,1,1947-04-17,,0,,,,,,,,,,,,,,,,
342025,0066004,2,広島県,ヒロシマケン,Hiroshima,,,,呉市,クレシ,Kure-shi,,,,川尻町東,カワジリチョウヒガシ,Kawajiricho Higashi,４丁目,４チョウメ,4,,,,,1,1,0,0,0,0,1,1,1947-04-17,,0,,,,,,,,,,,,,,,,
342025,0067000,1,広島県,ヒロシマケン,Hiroshima,,,,呉市,クレシ,Kure-shi,,,,川尻町水落,カワジリチョウミズオチ,Kawajiricho Mizuochi,,,,,,,,0,0,0,0,0,0,1,1,1947-04-17,,0,7372616,,,,,,,,,,,,,,,
342025,0068000,1,広島県,ヒロシマケン,Hiroshima,,,,呉市,クレシ,Kure-shi,,,,川尻町向田,カワジリチョウムカイダ,,,,,,,,,0,0,0,0,0,0,1,1,1947-04-17,,0,,,,,,,,,,,,,,,,
342025,0069000,1,広島県,ヒロシマケン,Hiroshima,,,,呉市,クレシ,Kure-shi,,,,川尻町森,カワジリチヨウモリ,,,,,,,,,0,0,0,0,0,0,1,0,1947-04-17,,1,,,,,,,,,,,,,,,,
342025,0069001,2,広島県,ヒロシマケン,Hiroshima,,,,呉市,クレシ,Kure-shi,,,,川尻町森,カワジリチョウモリ,Kawajiricho Mori,１丁目,１チョウメ,1,,,,,1,1,0,0,0,0,1,1,1947-04-17,,0,,,,,,,,,,,,,,,,
342025,0069002,2,広島県,ヒロシマケン,Hiroshima,,,,呉市,クレシ,Kure-shi,,,,川尻町森,カワジリチョウモリ,Kawajiricho Mori,２丁目,２チョウメ,2,,,,,1,1,0,0,0,0,1,1,1947-04-17,,0,,,,,,,,,,,,,,,,
342025,0069003,2,広島県,ヒロシマケン,Hiroshima,,,,呉市,クレシ,Kure-shi,,,,川尻町森,カワジリチョウモリ,Kawajiricho Mori,３丁目,３チョウメ,3,,,,,1,1,0,0,0,0,1,1,1947-04-17,,0,,,,,,,,,,,,,,,,
342025,0069004,2,広島県,ヒロシマケン,Hiroshima,,,,呉市,クレシ,Kure-shi,,,,川尻町森,カワジリチョウモリ,Kawajiricho Mori,４丁目,４チョウメ,4,,,,,1,1,0,0,0,0,1,1,1947-04-17,,0,,,,,,,,,,,,,,,,
342025,0070000,1,広島県,ヒロシマケン,Hiroshima,,,,呉市,クレシ,Kure-shi,,,,川尻町柳迫,カワジリチョウヤナギサコ,Kawajiricho Yanagisako,,,,,,,,0,0,0,0,0,0,1,1,1947-04-17,,0,7372635,,,,,,,,,,,,,,,
342025,0071000,1,広島県,ヒロシマケン,Hiroshima,,,,呉市,クレシ,Kure-shi,,,,川尻町要垣内,カワジリチョウヨウガウチ,,,,,,,,,0,0,0,0,0,0,1,1,1947-04-17,,0,,,,,,,,,,,,,,,,
342025,0072000,1,広島県,ヒロシマケン,Hiroshima,,,,呉市,クレシ,Kure-shi,,,,川尻町竜王山,カワジリチョウリュウオウザン,,,,,,,,,0,0,0,0,0,0,1,1,1947-04-17,,0,,,,,,,,,,,,,,,,
342025,0073000,1,広島県,ヒロシマケン,Hiroshima,,,,呉市,クレシ,Kure-shi,,,,神原町,カンバラチョウ,Kambaracho,,,,,,,,1,1,0,0,0,0,1,1,1947-04-17,,0,7370026,,,,,,,,,,,,,,,
342025,0074000,1,広島県,ヒロシマケン,Hiroshima,,,,呉市,クレシ,Kure-shi,,,,北塩屋町,キタシオヤチョウ,Kitashioyacho,,,,,,,,1,1,0,0,0,0,1,1,1947-04-17,,0,7370836,,,,,,,,,,,,,,,
342025,0075000,1,広島県,ヒロシマケン,Hiroshima,,,,呉市,クレシ,Kure-shi,,,,倉橋町,クラハシチョウ,Kurahashicho,,,,,,,,0,0,0,0,0,0,1,1,1947-04-17,,0,7371377,,,,,,,,,,,,,,,
342025,0076001,2,広島県,ヒロシマケン,Hiroshima,,,,呉市,クレシ,Kure-shi,,,,警固屋,ケゴヤ,Kegoya,１丁目,１チョウメ,1,,,,,1,1,0,0,0,0,1,1,1947-04-17,,0,,,,,,,,,,,,,,,,
342025,0076002,2,広島県,ヒロシマケン,Hiroshima,,,,呉市,クレシ,Kure-shi,,,,警固屋,ケゴヤ,Kegoya,２丁目,２チョウメ,2,,,,,1,1,0,0,0,0,1,1,1947-04-17,,0,,,,,,,,,,,,,,,,
342025,0076003,2,広島県,ヒロシマケン,Hiroshima,,,,呉市,クレシ,Kure-shi,,,,警固屋,ケゴヤ,Kegoya,３丁目,３チョウメ,3,,,,,1,1,0,0,0,0,1,1,1947-04-17,,0,,,,,,,,,,,,,,,,
342025,0076004,2,広島県,ヒロシマケン,Hiroshima,,,,呉市,クレシ,Kure-shi,,,,警固屋,ケゴヤ,Kegoya,４丁目,４チョウメ,4,,,,,1,1,0,0,0,0,1,1,1947-04-17,,0,,,,,,,,,,,,,,,,
342025,0076005,2,広島県,ヒロシマケン,Hiroshima,,,,呉市,クレシ,Kure-shi,,,,警固屋,ケゴヤ,Kegoya,５丁目,５チョウメ,5,,,,,1,1,0,0,0,0,1,1,1947-04-17,,0,,,,,,,,,,,,,,,,
342025,0076006,2,広島県,ヒロシマケン,Hiroshima,,,,呉市,クレシ,Kure-shi,,,,警固屋,ケゴヤ,Kegoya,６丁目,６チョウメ,6,,,,,1,1,0,0,0,0,1,1,1947-04-17,,0,,,,,,,,,,,,,,,,
342025,0076007,2,広島県,ヒロシマケン,Hiroshima,,,,呉市,クレシ,Kure-shi,,,,警固屋,ケゴヤ,Kegoya,７丁目,７チョウメ,7,,,,,1,1,0,0,0,0,1,1,1947-04-17,,0,,,,,,,,,,,,,,,,
342025,0076008,2,広島県,ヒロシマケン,Hiroshima,,,,呉市,クレシ,Kure-shi,,,,警固屋,ケゴヤ,Kegoya,８丁目,８チョウメ,8,,,,,1,1,0,0,0,0,1,1,1947-04-17,,0,,,,,,,,,,,,,,,,
342025,0076009,2,広島県,ヒロシマケン,Hiroshima,,,,呉市,クレシ,Kure-shi,,,,警固屋,ケゴヤ,Kegoya,９丁目,９チョウメ,9,,,,,1,1,0,0,0,0,1,1,1947-04-17,,0,,,,,,,,,,,,,,,,
342025,0077000,1,広島県,ヒロシマケン,Hiroshima,,,,呉市,クレシ,Kure-shi,,,,警固屋町,ケゴヤチョウ,,,,,,,,,1,1,0,0,0,0,1,1,1947-04-17,,0,,,,,,,,,,,,,,,,
342025,0078000,1,広島県,ヒロシマケン,Hiroshima,,,,呉市,クレシ,Kure-shi,,,,郷原町,ゴウハラチョウ,Goharacho,,,,,,,,0,0,0,0,0,0,1,1,1947-04-17,,0,7370161,,,,,,,,,,,,,,,
342025,0079001,2,広島県,ヒロシマケン,Hiroshima,,,,呉市,クレシ,Kure-shi,,,,郷原野路の里,ゴウハラノロノサト,Goharanoronosato,１丁目,１チョウメ,1,,,,,1,1,0,0,0,0,1,1,1947-04-17,,0,,,,,,,,,,,,,,,,
342025,0079002,2,広島県,ヒロシマケン,Hiroshima,,,,呉市,クレシ,Kure-shi,,,,郷原野路の里,ゴウハラノロノサト,Goharanoronosato,２丁目,２チョウメ,2,,,,,1,1,0,0,0,0,1,1,1947-04-17,,0,,,,,,,,,,,,,,,,
342025,0080001,2,広島県,ヒロシマケン,Hiroshima,,,,呉市,クレシ,Kure-shi,,,,郷原学びの丘,ゴウハラマナビノオカ,Goharamanabinoka,１丁目,１チョウメ,1,,,,,1,1,0,0,0,0,1,1,1947-04-17,,0,,,,,,,,,,,,,,,,
342025,0080002,2,広島県,ヒロシマケン,Hiroshima,,,,呉市,クレシ,Kure-shi,,,,郷原学びの丘,ゴウハラマナビノオカ,Goharamanabinoka,２丁目,２チョウメ,2,,,,,1,1,0,0,0,0,1,1,1947-04-17,,0,,,,,,,,,,,,,,,,
342025,0081000,1,広島県,ヒロシマケン,Hiroshima,,,,呉市,クレシ,Kure-shi,,,,郷町,ゴウマチ,Gomachi,,,,,,,,1,1,0,0,0,0,1,1,1947-04-17,,0,7370803,,,,,,,,,,,,,,,
342025,0082000,1,広島県,ヒロシマケン,Hiroshima,,,,呉市,クレシ,Kure-shi,,,,幸町,サイワイチョウ,Saiwaicho,,,,,,,,1,1,0,0,0,0,1,1,1947-04-17,,0,7370028,,,,,,,,,,,,,,,
342025,0083001,2,広島県,ヒロシマケン,Hiroshima,,,,呉市,クレシ,Kure-shi,,,,三条,サンジョウ,Sanjo,１丁目,１チョウメ,1,,,,,1,1,0,0,0,0,1,1,1947-04-17,,0,,,,,,,,,,,,,,,,
342025,0083002,2,広島県,ヒロシマケン,Hiroshima,,,,呉市,クレシ,Kure-shi,,,,三条,サンジョウ,Sanjo,２丁目,２チョウメ,2,,,,,1,1,0,0,0,0,1,1,1947-04-17,,0,,,,,,,,,,,,,,,,
342025,0083003,2,広島県,ヒロシマケン,Hiroshima,,,,呉市,クレシ,Kure-shi,,,,三条,サンジョウ,Sanjo,３丁目,３チョウメ,3,,,,,1,1,0,0,0,0,1,1,1947-04-17,,0,,,,,,,,,,,,,,,,
342025,0083004,2,広島県,ヒロシマケン,Hiroshima,,,,呉市,クレシ,Kure-shi,,,,三条,サンジョウ,Sanjo,４丁目,４チョウメ,4,,,,,1,1,0,0,0,0,1,1,1947-04-17,,0,,,,,,,,,,,,,,,,
342025,0084000,1,広島県,ヒロシマケン,Hiroshima,,,,呉市,クレシ,Kure-shi,,,,三和町,サンワチョウ,Sanwacho,,,,,,,,1,1,0,0,0,0,1,1,1947-04-17,,0,7370021,,,,,,,,,,,,,,,
342025,0085000,1,広島県,ヒロシマケン,Hiroshima,,,,呉市,クレシ,Kure-shi,,,,汐見町,シオミチョウ,Shiomicho,,,,,,,,1,1,0,0,0,0,1,1,1947-04-17,,0,7370873,,,,,,,,,,,,,,,
342025,0086001,2,広島県,ヒロシマケン,Hiroshima,,,,呉市,クレシ,Kure-shi,,,,清水,シミズ,Shimizu,１丁目,１チョウメ,1,,,,,1,1,0,0,0,0,1,1,1947-04-17,,0,,,,,,,,,,,,,,,,
342025,0086002,2,広島県,ヒロシマケン,Hiroshima,,,,呉市,クレシ,Kure-shi,,,,清水,シミズ,Shimizu,２丁目,２チョウメ,2,,,,,1,1,0,0,0,0,1,1,1947-04-17,,0,,,,,,,,,,,,,,,,
342025,0086003,2,広島県,ヒロシマケン,Hiroshima,,,,呉市,クレシ,Kure-shi,,,,清水,シミズ,Shimizu,３丁目,３チョウメ,3,,,,,1,1,0,0,0,0,1,1,1947-04-17,,0,,,,,,,,,,,,,,,,
342025,0088000,1,広島県,ヒロシマケン,Hiroshima,,,,呉市,クレシ,Kure-shi,,,,下蒲刈町三之瀬,シモカマガリチョウサンノセ,Shimokamagaricho Sannose,,,,,,,,0,0,0,0,0,0,1,1,1947-04-17,,0,7370301,,,,,,,,,,,,,,,
342025,0089000,1,広島県,ヒロシマケン,Hiroshima,,,,呉市,クレシ,Kure-shi,,,,下蒲刈町下島,シモカマガリチョウシモジマ,Shimokamagaricho Shimojima,,,,,,,,0,0,0,0,0,0,1,1,1947-04-17,,0,7370303,,,,,,,,,,,,,,,
342025,0090000,1,広島県,ヒロシマケン,Hiroshima,,,,呉市,クレシ,Kure-shi,,,,下山田町,シモヤマダチョウ,Shimoyamadacho,,,,,,,,1,1,0,0,0,0,1,1,1947-04-17,,0,7370055,,,,,,,,,,,,,,,
342025,0091000,1,広島県,ヒロシマケン,Hiroshima,,,,呉市,クレシ,Kure-shi,,,,昭和町,ショウワチョウ,Showacho,,,,,,,,1,1,0,0,0,0,1,1,1947-04-17,,0,7370027,,,,,,,,,,,,,,,
342025,0092000,1,広島県,ヒロシマケン,Hiroshima,,,,呉市,クレシ,Kure-shi,,,,新宮町,シングウチョウ,Shingucho,,,,,,,,1,1,0,0,0,0,1,1,1947-04-17,,0,7370835,,,,,,,,,,,,,,,
342025,0093001,2,広島県,ヒロシマケン,Hiroshima,,,,呉市,クレシ,Kure-shi,,,,神山,ジンヤマ,Jinyama,１丁目,１チョウメ,1,,,,,1,1,0,0,0,0,1,1,1947-04-17,,0,,,,,,,,,,,,,,,,
342025,0093002,2,広島県,ヒロシマケン,Hiroshima,,,,呉市,クレシ,Kure-shi,,,,神山,ジンヤマ,Jinyama,２丁目,２チョウメ,2,,,,,1,1,0,0,0,0,1,1,1947-04-17,,0,,,,,,,,,,,,,,,,
342025,0093003,2,広島県,ヒロシマケン,Hiroshima,,,,呉市,クレシ,Kure-shi,,,,神山,ジンヤマ,Jinyama,３丁目,３チョウメ,3,,,,,1,1,0,0,0,0,1,1,1947-04-17,,0,,,,,,,,,,,,,,,,
342025,0094000,1,広島県,ヒロシマケン,Hiroshima,,,,呉市,クレシ,Kure-shi,,,,瀬戸見町,セトミチョウ,Setomicho,,,,,,,,1,1,0,0,0,0,1,1,1947-04-17,,0,7370834,,,,,,,,,,,,,,,
342025,0095000,1,広島県,ヒロシマケン,Hiroshima,,,,呉市,クレシ,Kure-shi,,,,荘山田村,ソウヤマダムラ,,,,,,,,,0,0,0,0,0,0,1,1,1947-04-17,,0,,,,,,,,,,,,,,,,
342025,0096000,1,広島県,ヒロシマケン,Hiroshima,,,,呉市,クレシ,Kure-shi,,,,宝町,タカラマチ,Takaramachi,,,,,,,,1,1,0,0,0,0,1,1,1947-04-17,,0,7370029,,,,,,,,,,,,,,,
342025,0097001,2,広島県,ヒロシマケン,Hiroshima,,,,呉市,クレシ,Kure-shi,,,,中央,チュウオウ,Chuo,１丁目,１チョウメ,1,,,,,1,1,0,0,0,0,1,1,1947-04-17,,0,,,,,,,,,,,,,,,,
342025,0097002,2,広島県,ヒロシマケン,Hiroshima,,,,呉市,クレシ,Kure-shi,,,,中央,チュウオウ,Chuo,２丁目,２チョウメ,2,,,,,1,1,0,0,0,0,1,1,1947-04-17,,0,,,,,,,,,,,,,,,,
342025,0097003,2,広島県,ヒロシマケン,Hiroshima,,,,呉市,クレシ,Kure-shi,,,,中央,チュウオウ,Chuo,３丁目,３チョウメ,3,,,,,1,1,0,0,0,0,1,1,1947-04-17,,0,,,,,,,,,,,,,,,,
342025,0097004,2,広島県,ヒロシマケン,Hiroshima,,,,呉市,クレシ,Kure-shi,,,,中央,チュウオウ,Chuo,４丁目,４チョウメ,4,,,,,1,1,0,0,0,0,1,1,1947-04-17,,0,,,,,,,,,,,,,,,,
342025,0097005,2,広島県,ヒロシマケン,Hiroshima,,,,呉市,クレシ,Kure-shi,,,,中央,チュウオウ,Chuo,５丁目,５チョウメ,5,,,,,1,1,0,0,0,0,1,1,1947-04-17,,0,,,,,,,,,,,,,,,,
342025,0097006,2,広島県,ヒロシマケン,Hiroshima,,,,呉市,クレシ,Kure-shi,,,,中央,チュウオウ,Chuo,６丁目,６チョウメ,6,,,,,1,1,0,0,0,0,1,1,1947-04-17,,0,,,,,,,,,,,,,,,,
342025,0097007,2,広島県,ヒロシマケン,Hiroshima,,,,呉市,クレシ,Kure-shi,,,,中央,チュウオウ,Chuo,７丁目,７チョウメ,7,,,,,1,1,0,0,0,0,1,1,1947-04-17,,0,,,,,,,,,,,,,,,,
342025,0098000,1,広島県,ヒロシマケン,Hiroshima,,,,呉市,クレシ,Kure-shi,,,,築地町,ツキジチョウ,Tsukijicho,,,,,,,,1,1,0,0,0,0,1,1,1947-04-17,,0,7370822,,,,,,,,,,,,,,,
342025,0099000,1,広島県,ヒロシマケン,Hiroshima,,,,呉市,クレシ,Kure-shi,,,,坪ノ内町,ツボノウチチョウ,Tsubonochicho,,,,,,,,1,1,0,0,0,0,1,1,1947-04-17,,0,7370014,,,,,,,,,,,,,,,
342025,0100000,1,広島県,ヒロシマケン,Hiroshima,,,,呉市,クレシ,Kure-shi,,,,寺本町,テラモトチョウ,Teramotocho,,,,,,,,1,1,0,0,0,0,1,1,1947-04-17,,0,7370033,,,,,,,,,,,,,,,
342025,0101001,2,広島県,ヒロシマケン,Hiroshima,,,,呉市,クレシ,Kure-shi,,,,天応大浜,テンノウオオハマ,Tenno Ohama,１丁目,１チョウメ,1,,,,,1,1,0,0,0,0,1,1,1947-04-17,,0,,,,,,,,,,,,,,,,
342025,0101002,2,広島県,ヒロシマケン,Hiroshima,,,,呉市,クレシ,Kure-shi,,,,天応大浜,テンノウオオハマ,Tenno Ohama,２丁目,２チョウメ,2,,,,,1,1,0,0,0,0,1,1,1947-04-17,,0,,,,,,,,,,,,,,,,
342025,0101003,2,広島県,ヒロシマケン,Hiroshima,,,,呉市,クレシ,Kure-shi,,,,天応大浜,テンノウオオハマ,Tenno Ohama,３丁目,３チョウメ,3,,,,,1,1,0,0,0,0,1,1,1947-04-17,,0,,,,,,,,,,,,,,,,
342025,0101004,2,広島県,ヒロシマケン,Hiroshima,,,,呉市,クレシ,Kure-shi,,,,天応大浜,テンノウオオハマ,Tenno Ohama,４丁目,４チョウメ,4,,,,,1,1,0,0,0,0,1,1,1947-04-17,,0,,,,,,,,,,,,,,,,
342025,0102000,1,広島県,ヒロシマケン,Hiroshima,,,,呉市,クレシ,Kure-shi,,,,天応塩谷町,テンノウシオヤチョウ,Tenno Shioyacho,,,,,,,,1,1,0,0,0,0,1,1,1947-04-17,,0,7370881,,,,,,,,,,,,,,,
342025,0104000,1,広島県,ヒロシマケン,Hiroshima,,,,呉市,クレシ,Kure-shi,,,,天応伝十原町,テンノウデンジュウバラチョウ,Tenno Denjubaracho,,,,,,,,1,1,0,0,0,0,1,1,1947-04-17,,0,7370884,,,,,,,,,,,,,,,
342025,0105001,2,広島県,ヒロシマケン,Hiroshima,,,,呉市,クレシ,Kure-shi,,,,天応西条,テンノウニシジョウ,Tenno Nishijo,１丁目,１チョウメ,1,,,,,1,1,0,0,0,0,1,1,1947-04-17,,0,,,,,,,,,,,,,,,,
342025,0105002,2,広島県,ヒロシマケン,Hiroshima,,,,呉市,クレシ,Kure-shi,,,,天応西条,テンノウニシジョウ,Tenno Nishijo,２丁目,２チョウメ,2,,,,,1,1,0,0,0,0,1,1,1947-04-17,,0,,,,,,,,,,,,,,,,
342025,0105003,2,広島県,ヒロシマケン,Hiroshima,,,,呉市,クレシ,Kure-shi,,,,天応西条,テンノウニシジョウ,Tenno Nishijo,３丁目,３チョウメ,3,,,,,1,1,0,0,0,0,1,1,1947-04-17,,0,,,,,,,,,,,,,,,,
342025,0105004,2,広島県,ヒロシマケン,Hiroshima,,,,呉市,クレシ,Kure-shi,,,,天応西条,テンノウニシジョウ,Tenno Nishijo,４丁目,４チョウメ,4,,,,,1,1,0,0,0,0,1,1,1947-04-17,,0,,,,,,,,,,,,,,,,
342025,0106001,2,広島県,ヒロシマケン,Hiroshima,,,,呉市,クレシ,Kure-shi,,,,天応東久保,テンノウヒガシクボ,Tenno Higashikubo,１丁目,１チョウメ,1,,,,,1,1,0,0,0,0,1,1,1947-04-17,,0,,,,,,,,,,,,,,,,
342025,0106002,2,広島県,ヒロシマケン,Hiroshima,,,,呉市,クレシ,Kure-shi,,,,天応東久保,テンノウヒガシクボ,Tenno Higashikubo,２丁目,２チョウメ,2,,,,,1,1,0,0,0,0,1,1,1947-04-17,,0,,,,,,,,,,,,,,,,
342025,0107000,1,広島県,ヒロシマケン,Hiroshima,,,,呉市,クレシ,Kure-shi,,,,天応福浦町,テンノウフクウラチョウ,Tenno Fukuracho,,,,,,,,1,1,0,0,0,0,1,1,1947-04-17,,0,7370885,,,,,,,,,,,,,,,
342025,0108000,1,広島県,ヒロシマケン,Hiroshima,,,,呉市,クレシ,Kure-shi,,,,天応南町,テンノウミナミマチ,Tenno Minamimachi,,,,,,,,1,1,0,0,0,0,1,1,1947-04-17,,0,7370874,,,,,,,,,,,,,,,
342025,0109000,1,広島県,ヒロシマケン,Hiroshima,,,,呉市,クレシ,Kure-shi,,,,天応宮町,テンノウミヤマチ,Tenno Miyamachi,,,,,,,,1,1,0,0,0,0,1,1,1947-04-17,,0,7370876,,,,,,,,,,,,,,,
342025,0110000,1,広島県,ヒロシマケン,Hiroshima,,,,呉市,クレシ,Kure-shi,,,,栃原町,トチバラチョウ,Tochibaracho,,,,,,,,0,0,0,0,0,0,1,1,1947-04-17,,0,7370922,,,,,,,,,,,,,,,
342025,0111000,1,広島県,ヒロシマケン,Hiroshima,,,,呉市,クレシ,Kure-shi,,,,豊浜町大字斎島,トヨハマチョウオオアザイツキシマ,,,,,,,,,0,0,0,0,0,0,1,1,1947-04-17,,0,,,,,,,,,,,,,,,,
342025,0112000,1,広島県,ヒロシマケン,Hiroshima,,,,呉市,クレシ,Kure-shi,,,,豊浜町大字大浜,トヨハマチョウオオアザオオハマ,,,,,,,,,0,0,0,0,0,0,1,1,1947-04-17,,0,,,,,,,,,,,,,,,,
342025,0113000,1,広島県,ヒロシマケン,Hiroshima,,,,呉市,クレシ,Kure-shi,,,,豊浜町大字豊島,トヨハマチョウオオアザトヨシマ,,,,,,,,,0,0,0,0,0,0,1,1,1947-04-17,,0,,,,,,,,,,,,,,,,
342025,0114000,1,広島県,ヒロシマケン,Hiroshima,,,,呉市,クレシ,Kure-shi,,,,苗代町,ナエシロチョウ,Naeshirocho,,,,,,,,0,0,0,0,0,0,1,1,1947-04-17,,0,7370921,,,,,,,,,,,,,,,
342025,0115000,1,広島県,ヒロシマケン,Hiroshima,,,,呉市,クレシ,Kure-shi,,,,長迫町,ナガサコチョウ,Nagasakocho,,,,,,,,1,1,0,0,0,0,1,1,1947-04-17,,0,7370035,,,,,,,,,,,,,,,
342025,0116000,1,広島県,ヒロシマケン,Hiroshima,,,,呉市,クレシ,Kure-shi,,,,長谷町,ナガタニチョウ,Nagatanicho,,,,,,,,1,1,0,0,0,0,1,1,1947-04-17,,0,7370871,,,,,,,,,,,,,,,
342025,0117001,2,広島県,ヒロシマケン,Hiroshima,,,,呉市,クレシ,Kure-shi,,,,中通,ナカドオリ,Nakadori,１丁目,１チョウメ,1,,,,,1,1,0,0,0,0,1,1,1947-04-17,,0,,,,,,,,,,,,,,,,
342025,0117002,2,広島県,ヒロシマケン,Hiroshima,,,,呉市,クレシ,Kure-shi,,,,中通,ナカドオリ,Nakadori,２丁目,２チョウメ,2,,,,,1,1,0,0,0,0,1,1,1947-04-17,,0,,,,,,,,,,,,,,,,
342025,0117003,2,広島県,ヒロシマケン,Hiroshima,,,,呉市,クレシ,Kure-shi,,,,中通,ナカドオリ,Nakadori,３丁目,３チョウメ,3,,,,,1,1,0,0,0,0,1,1,1947-04-17,,0,,,,,,,,,,,,,,,,
342025,0117004,2,広島県,ヒロシマケン,Hiroshima,,,,呉市,クレシ,Kure-shi,,,,中通,ナカドオリ,Nakadori,４丁目,４チョウメ,4,,,,,1,1,0,0,0,0,1,1,1947-04-17,,0,,,,,,,,,,,,,,,,
342025,0118000,1,広島県,ヒロシマケン,Hiroshima,,,,呉市,クレシ,Kure-shi,,,,長ノ木町,ナガノキチョウ,Naganokicho,,,,,,,,1,1,0,0,0,0,1,1,1947-04-17,,0,7370053,,,,,,,,,,,,,,,
342025,0119000,1,広島県,ヒロシマケン,Hiroshima,,,,呉市,クレシ,Kure-shi,,,,仁方大歳町,ニガタオオトシチョウ,Nigata Otoshicho,,,,,,,,1,1,0,0,0,0,1,1,1947-04-17,,0,7370153,,,,,,,,,,,,,,,
342025,0120000,1,広島県,ヒロシマケン,Hiroshima,,,,呉市,クレシ,Kure-shi,,,,仁方桟橋通,ニガタサンバシドウリ,Nigata Sambashidori,,,,,,,,0,0,0,0,0,0,1,1,1947-04-17,,0,7370154,,,,,,,,,,,,,,,
342025,0120000,1,広島県,ヒロシマケン,Hiroshima,,,,呉市,クレシ,Kure-shi,,,,仁方桟橋通,ニガタサンバシドウリ,Nigata Sambashidori,,,,,,,,1,1,0,0,0,0,1,1,1947-04-17,,0,7370154,,,,,,,,,,,,,,,
342025,0121000,1,広島県,ヒロシマケン,Hiroshima,,,,呉市,クレシ,Kure-shi,,,,仁方町,ニガタチョウ,,,,,,,,,0,0,0,0,0,0,1,1,1947-04-17,,0,,,,,,,,,,,,,,,,
342025,0122000,1,広島県,ヒロシマケン,Hiroshima,,,,呉市,クレシ,Kure-shi,,,,仁方中筋町,ニガタナカスジチョウ,Nigata Nakasujicho,,,,,,,,1,1,0,0,0,0,1,1,1947-04-17,,0,7370151,,,,,,,,,,,,,,,
342025,0123000,1,広島県,ヒロシマケン,Hiroshima,,,,呉市,クレシ,Kure-shi,,,,仁方西神町,ニガタニシガミチョウ,Nigata Nishigamicho,,,,,,,,1,1,0,0,0,0,1,1,1947-04-17,,0,7370145,,,,,,,,,,,,,,,
342025,0124000,1,広島県,ヒロシマケン,Hiroshima,,,,呉市,クレシ,Kure-shi,,,,仁方錦町,ニガタニシキマチ,Nigata Nishikimachi,,,,,,,,1,1,0,0,0,0,1,1,1947-04-17,,0,7370155,,,,,,,,,,,,,,,
342025,0125001,2,広島県,ヒロシマケン,Hiroshima,,,,呉市,クレシ,Kure-shi,,,,仁方本町,ニガタホンマチ,Nigata Hommachi,１丁目,１チョウメ,1,,,,,1,1,0,0,0,0,1,1,1947-04-17,,0,,,,,,,,,,,,,,,,
342025,0125002,2,広島県,ヒロシマケン,Hiroshima,,,,呉市,クレシ,Kure-shi,,,,仁方本町,ニガタホンマチ,Nigata Hommachi,２丁目,２チョウメ,2,,,,,1,1,0,0,0,0,1,1,1947-04-17,,0,,,,,,,,,,,,,,,,
342025,0125003,2,広島県,ヒロシマケン,Hiroshima,,,,呉市,クレシ,Kure-shi,,,,仁方本町,ニガタホンマチ,Nigata Hommachi,３丁目,３チョウメ,3,,,,,1,1,0,0,0,0,1,1,1947-04-17,,0,,,,,,,,,,,,,,,,
342025,0126000,1,広島県,ヒロシマケン,Hiroshima,,,,呉市,クレシ,Kure-shi,,,,仁方皆実町,ニガタミナミマチ,Nigata Minamicho,,,,,,,,1,1,0,0,0,0,1,1,1947-04-17,,0,7370156,,,,,,,,,,,,,,,
342025,0127000,1,広島県,ヒロシマケン,Hiroshima,,,,呉市,クレシ,Kure-shi,,,,仁方宮上町,ニガタミヤガミチョウ,Nigata Miyagamicho,,,,,,,,1,1,0,0,0,0,1,1,1947-04-17,,0,7370146,,,,,,,,,,,,,,,
342025,0128000,1,広島県,ヒロシマケン,Hiroshima,,,,呉市,クレシ,Kure-shi,,,,二河峡町,ニコウキョウチョウ,Nikokyocho,,,,,,,,1,1,0,0,0,0,1,1,1947-04-17,,0,7370816,,,,,,,,,,,,,,,
342025,0129000,1,広島県,ヒロシマケン,Hiroshima,,,,呉市,クレシ,Kure-shi,,,,二河町,ニコウチョウ,Nikocho,,,,,,,,1,1,0,0,0,0,1,1,1947-04-17,,0,7370818,,,,,,,,,,,,,,,
342025,0130000,1,広島県,ヒロシマケン,Hiroshima,,,,呉市,クレシ,Kure-shi,,,,西愛宕町,ニシアタゴチョウ,Nishiatagocho,,,,,,,,1,1,0,0,0,0,1,1,1947-04-17,,0,7370827,,,,,,,,,,,,,,,
342025,0131000,1,広島県,ヒロシマケン,Hiroshima,,,,呉市,クレシ,Kure-shi,,,,西片山町,ニシカタヤマチョウ,Nishikatayamacho,,,,,,,,1,1,0,0,0,0,1,1,1947-04-17,,0,7370806,,,,,,,,,,,,,,,
342025,0132000,1,広島県,ヒロシマケン,Hiroshima,,,,呉市,クレシ,Kure-shi,,,,西川原石町,ニシカワライシチョウ,Nishikawaraishicho,,,,,,,,1,1,0,0,0,0,1,1,1947-04-17,,0,7370825,,,,,,,,,,,,,,,
342025,0133000,1,広島県,ヒロシマケン,Hiroshima,,,,呉市,クレシ,Kure-shi,,,,西塩屋町,ニシシオヤチョウ,Nishishioyacho,,,,,,,,1,1,0,0,0,0,1,1,1947-04-17,,0,7370838,,,,,,,,,,,,,,,
342025,0134001,2,広島県,ヒロシマケン,Hiroshima,,,,呉市,クレシ,Kure-shi,,,,西鹿田,ニシシカタ,Nishishikata,１丁目,１チョウメ,1,,,,,1,1,0,0,0,0,1,1,1947-04-17,,0,,,,,,,,,,,,,,,,
342025,0134002,2,広島県,ヒロシマケン,Hiroshima,,,,呉市,クレシ,Kure-shi,,,,西鹿田,ニシシカタ,Nishishikata,２丁目,２チョウメ,2,,,,,1,1,0,0,0,0,1,1,1947-04-17,,0,,,,,,,,,,,,,,,,
342025,0135000,1,広島県,ヒロシマケン,Hiroshima,,,,呉市,クレシ,Kure-shi,,,,西惣付町,ニシソウヅケチョウ,Nishisozukecho,,,,,,,,1,1,0,0,0,0,1,1,1947-04-17,,0,7370062,,,,,,,,,,,,,,,
342025,0136001,2,広島県,ヒロシマケン,Hiroshima,,,,呉市,クレシ,Kure-shi,,,,西辰川,ニシタツカワ,Nishitatsukawa,１丁目,１チョウメ,1,,,,,1,1,0,0,0,0,1,1,1947-04-17,,0,,,,,,,,,,,,,,,,
342025,0136002,2,広島県,ヒロシマケン,Hiroshima,,,,呉市,クレシ,Kure-shi,,,,西辰川,ニシタツカワ,Nishitatsukawa,２丁目,２チョウメ,2,,,,,1,1,0,0,0,0,1,1,1947-04-17,,0,,,,,,,,,,,,,,,,
342025,0137000,1,広島県,ヒロシマケン,Hiroshima,,,,呉市,クレシ,Kure-shi,,,,西谷町,ニシタニチョウ,Nishitanicho,,,,,,,,1,1,0,0,0,0,1,1,1947-04-17,,0,7370064,,,,,,,,,,,,,,,
342025,0138001,2,広島県,ヒロシマケン,Hiroshima,,,,呉市,クレシ,Kure-shi,,,,西中央,ニシチュウオウ,Nishichuo,１丁目,１チョウメ,1,,,,,1,1,0,0,0,0,1,1,1947-04-17,,0,,,,,,,,,,,,,,,,
342025,0138002,2,広島県,ヒロシマケン,Hiroshima,,,,呉市,クレシ,Kure-shi,,,,西中央,ニシチュウオウ,Nishichuo,２丁目,２チョウメ,2,,,,,1,1,0,0,0,0,1,1,1947-04-17,,0,,,,,,,,,,,,,,,,
342025,0138003,2,広島県,ヒロシマケン,Hiroshima,,,,呉市,クレシ,Kure-shi,,,,西中央,ニシチュウオウ,Nishichuo,３丁目,３チョウメ,3,,,,,1,1,0,0,0,0,1,1,1947-04-17,,0,,,,,,,,,,,,,,,,
342025,0138004,2,広島県,ヒロシマケン,Hiroshima,,,,呉市,クレシ,Kure-shi,,,,西中央,ニシチュウオウ,Nishichuo,４丁目,４チョウメ,4,,,,,1,1,0,0,0,0,1,1,1947-04-17,,0,,,,,,,,,,,,,,,,
342025,0138005,2,広島県,ヒロシマケン,Hiroshima,,,,呉市,クレシ,Kure-shi,,,,西中央,ニシチュウオウ,Nishichuo,５丁目,５チョウメ,5,,,,,1,1,0,0,0,0,1,1,1947-04-17,,0,,,,,,,,,,,,,,,,
342025,0139000,1,広島県,ヒロシマケン,Hiroshima,,,,呉市,クレシ,Kure-shi,,,,西畑町,ニシハタチョウ,Nishihatacho,,,,,,,,1,1,0,0,0,0,1,1,1947-04-17,,0,7370075,,,,,,,,,,,,,,,
342025,0140000,1,広島県,ヒロシマケン,Hiroshima,,,,呉市,クレシ,Kure-shi,,,,西三津田町,ニシミツタチョウ,Nishimitsutacho,,,,,,,,1,1,0,0,0,0,1,1,1947-04-17,,0,7370812,,,,,,,,,,,,,,,
342025,0141000,1,広島県,ヒロシマケン,Hiroshima,,,,呉市,クレシ,Kure-shi,,,,晴海町,ハルミチョウ,Harumicho,,,,,,,,1,1,0,0,0,0,1,1,1947-04-17,,0,7370833,,,,,,,,,,,,,,,
342025,0142000,1,広島県,ヒロシマケン,Hiroshima,,,,呉市,クレシ,Kure-shi,,,,東愛宕町,ヒガシアタゴチョウ,Higashiatagocho,,,,,,,,1,1,0,0,0,0,1,1,1947-04-17,,0,7370828,,,,,,,,,,,,,,,
342025,0143000,1,広島県,ヒロシマケン,Hiroshima,,,,呉市,クレシ,Kure-shi,,,,東片山町,ヒガシカタヤマチョウ,Higashikatayamacho,,,,,,,,1,1,0,0,0,0,1,1,1947-04-17,,0,7370805,,,,,,,,,,,,,,,
342025,0144000,1,広島県,ヒロシマケン,Hiroshima,,,,呉市,クレシ,Kure-shi,,,,東川原石町,ヒガシカワライシチョウ,Higashikawaraishicho,,,,,,,,1,1,0,0,0,0,1,1,1947-04-17,,0,7370824,,,,,,,,,,,,,,,
342025,0145000,1,広島県,ヒロシマケン,Hiroshima,,,,呉市,クレシ,Kure-shi,,,,東塩屋町,ヒガシシオヤチョウ,Higashishioyacho,,,,,,,,1,1,0,0,0,0,1,1,1947-04-17,,0,7370837,,,,,,,,,,,,,,,
342025,0146000,1,広島県,ヒロシマケン,Hiroshima,,,,呉市,クレシ,Kure-shi,,,,東鹿田町,ヒガシシカタチョウ,Higashishikatacho,,,,,,,,1,1,0,0,0,0,1,1,1947-04-17,,0,7370073,,,,,,,,,,,,,,,
342025,0147000,1,広島県,ヒロシマケン,Hiroshima,,,,呉市,クレシ,Kure-shi,,,,東惣付町,ヒガシソウヅケチョウ,Higashisozukecho,,,,,,,,1,1,0,0,0,0,1,1,1947-04-17,,0,7370063,,,,,,,,,,,,,,,
342025,0148000,1,広島県,ヒロシマケン,Hiroshima,,,,呉市,クレシ,Kure-shi,,,,東辰川町,ヒガシタツカワチョウ,Higashitatsukawacho,,,,,,,,1,1,0,0,0,0,1,1,1947-04-17,,0,7370801,,,,,,,,,,,,,,,
342025,0149001,2,広島県,ヒロシマケン,Hiroshima,,,,呉市,クレシ,Kure-shi,,,,東中央,ヒガシチュウオウ,Higashichuo,１丁目,１チョウメ,1,,,,,1,1,0,0,0,0,1,1,1947-04-17,,0,,,,,,,,,,,,,,,,
342025,0149002,2,広島県,ヒロシマケン,Hiroshima,,,,呉市,クレシ,Kure-shi,,,,東中央,ヒガシチュウオウ,Higashichuo,２丁目,２チョウメ,2,,,,,1,1,0,0,0,0,1,1,1947-04-17,,0,,,,,,,,,,,,,,,,
342025,0149003,2,広島県,ヒロシマケン,Hiroshima,,,,呉市,クレシ,Kure-shi,,,,東中央,ヒガシチュウオウ,Higashichuo,３丁目,３チョウメ,3,,,,,1,1,0,0,0,0,1,1,1947-04-17,,0,,,,,,,,,,,,,,,,
342025,0149004,2,広島県,ヒロシマケン,Hiroshima,,,,呉市,クレシ,Kure-shi,,,,東中央,ヒガシチュウオウ,Higashichuo,４丁目,４チョウメ,4,,,,,1,1,0,0,0,0,1,1,1947-04-17,,0,,,,,,,,,,,,,,,,
342025,0150001,2,広島県,ヒロシマケン,Hiroshima,,,,呉市,クレシ,Kure-shi,,,,東畑,ヒガシハタ,Higashihata,１丁目,１チョウメ,1,,,,,1,1,0,0,0,0,1,1,1947-04-17,,0,,,,,,,,,,,,,,,,
342025,0150002,2,広島県,ヒロシマケン,Hiroshima,,,,呉市,クレシ,Kure-shi,,,,東畑,ヒガシハタ,Higashihata,２丁目,２チョウメ,2,,,,,1,1,0,0,0,0,1,1,1947-04-17,,0,,,,,,,,,,,,,,,,
342025,0151000,1,広島県,ヒロシマケン,Hiroshima,,,,呉市,クレシ,Kure-shi,,,,東三津田町,ヒガシミツタチョウ,Higashimitsutacho,,,,,,,,1,1,0,0,0,0,1,1,1947-04-17,,0,7370813,,,,,,,,,,,,,,,
342025,0152000,1,広島県,ヒロシマケン,Hiroshima,,,,呉市,クレシ,Kure-shi,,,,光町,ヒカリマチ,Hikarimachi,,,,,,,,1,1,0,0,0,0,1,1,1947-04-17,,0,7370831,,,,,,,,,,,,,,,
342025,0153000,1,広島県,ヒロシマケン,Hiroshima,,,,呉市,クレシ,Kure-shi,,,,平原町,ヒラバラチョウ,Hirabaracho,,,,,,,,1,1,0,0,0,0,1,1,1947-04-17,,0,7370078,,,,,,,,,,,,,,,
342025,0154001,2,広島県,ヒロシマケン,Hiroshima,,,,呉市,クレシ,Kure-shi,,,,広石内,ヒロイシウチ,Hiroishiuchi,１丁目,１チョウメ,1,,,,,1,1,0,0,0,0,1,1,1947-04-17,,0,,,,,,,,,,,,,,,,
342025,0154002,2,広島県,ヒロシマケン,Hiroshima,,,,呉市,クレシ,Kure-shi,,,,広石内,ヒロイシウチ,Hiroishiuchi,２丁目,２チョウメ,2,,,,,1,1,0,0,0,0,1,1,1947-04-17,,0,,,,,,,,,,,,,,,,
342025,0154003,2,広島県,ヒロシマケン,Hiroshima,,,,呉市,クレシ,Kure-shi,,,,広石内,ヒロイシウチ,Hiroishiuchi,３丁目,３チョウメ,3,,,,,1,1,0,0,0,0,1,1,1947-04-17,,0,,,,,,,,,,,,,,,,
342025,0154004,2,広島県,ヒロシマケン,Hiroshima,,,,呉市,クレシ,Kure-shi,,,,広石内,ヒロイシウチ,Hiroishiuchi,４丁目,４チョウメ,4,,,,,1,1,0,0,0,0,1,1,1947-04-17,,0,,,,,,,,,,,,,,,,
342025,0155001,2,広島県,ヒロシマケン,Hiroshima,,,,呉市,クレシ,Kure-shi,,,,広駅前,ヒロエキマエ,Hiroekimae,１丁目,１チョウメ,1,,,,,1,1,0,0,0,0,1,1,1947-04-17,,0,,,,,,,,,,,,,,,,
342025,0155002,2,広島県,ヒロシマケン,Hiroshima,,,,呉市,クレシ,Kure-shi,,,,広駅前,ヒロエキマエ,Hiroekimae,２丁目,２チョウメ,2,,,,,1,1,0,0,0,0,1,1,1947-04-17,,0,,,,,,,,,,,,,,,,
342025,0156000,1,広島県,ヒロシマケン,Hiroshima,,,,呉市,クレシ,Kure-shi,,,,広黄幡町,ヒロオウバンチョウ,Hiroubancho,,,,,,,,1,1,0,0,0,0,1,1,1947-04-17,,0,7370138,,,,,,,,,,,,,,,
342025,0157001,2,広島県,ヒロシマケン,Hiroshima,,,,呉市,クレシ,Kure-shi,,,,広大新開,ヒロオオシンガイ,Hirooshingai,１丁目,１チョウメ,1,,,,,1,1,0,0,0,0,1,1,1947-04-17,,0,,,,,,,,,,,,,,,,
342025,0157002,2,広島県,ヒロシマケン,Hiroshima,,,,呉市,クレシ,Kure-shi,,,,広大新開,ヒロオオシンガイ,Hirooshingai,２丁目,２チョウメ,2,,,,,1,1,0,0,0,0,1,1,1947-04-17,,0,,,,,,,,,,,,,,,,
342025,0157003,2,広島県,ヒロシマケン,Hiroshima,,,,呉市,クレシ,Kure-shi,,,,広大新開,ヒロオオシンガイ,Hirooshingai,３丁目,３チョウメ,3,,,,,1,1,0,0,0,0,1,1,1947-04-17,,0,,,,,,,,,,,,,,,,
342025,0158000,1,広島県,ヒロシマケン,Hiroshima,,,,呉市,クレシ,Kure-shi,,,,広杭本町,ヒロクイモトチョウ,Hirokuimotocho,,,,,,,,1,1,0,0,0,0,1,1,1947-04-17,,0,7370122,,,,,,,,,,,,,,,
342025,0159001,2,広島県,ヒロシマケン,Hiroshima,,,,呉市,クレシ,Kure-shi,,,,広古新開,ヒロコシンガイ,Hirokoshingai,１丁目,１チョウメ,1,,,,,1,1,0,0,0,0,1,1,1947-04-17,,0,,,,,,,,,,,,,,,,
342025,0159002,2,広島県,ヒロシマケン,Hiroshima,,,,呉市,クレシ,Kure-shi,,,,広古新開,ヒロコシンガイ,Hirokoshingai,２丁目,２チョウメ,2,,,,,1,1,0,0,0,0,1,1,1947-04-17,,0,,,,,,,,,,,,,,,,
342025,0159003,2,広島県,ヒロシマケン,Hiroshima,,,,呉市,クレシ,Kure-shi,,,,広古新開,ヒロコシンガイ,Hirokoshingai,３丁目,３チョウメ,3,,,,,1,1,0,0,0,0,1,1,1947-04-17,,0,,,,,,,,,,,,,,,,
342025,0159004,2,広島県,ヒロシマケン,Hiroshima,,,,呉市,クレシ,Kure-shi,,,,広古新開,ヒロコシンガイ,Hirokoshingai,４丁目,４チョウメ,4,,,,,1,1,0,0,0,0,1,1,1947-04-17,,0,,,,,,,,,,,,,,,,
342025,0159005,2,広島県,ヒロシマケン,Hiroshima,,,,呉市,クレシ,Kure-shi,,,,広古新開,ヒロコシンガイ,Hirokoshingai,５丁目,５チョウメ,5,,,,,1,1,0,0,0,0,1,1,1947-04-17,,0,,,,,,,,,,,,,,,,
342025,0159006,2,広島県,ヒロシマケン,Hiroshima,,,,呉市,クレシ,Kure-shi,,,,広古新開,ヒロコシンガイ,Hirokoshingai,６丁目,６チョウメ,6,,,,,1,1,0,0,0,0,1,1,1947-04-17,,0,,,,,,,,,,,,,,,,
342025,0159007,2,広島県,ヒロシマケン,Hiroshima,,,,呉市,クレシ,Kure-shi,,,,広古新開,ヒロコシンガイ,Hirokoshingai,７丁目,７チョウメ,7,,,,,1,1,0,0,0,0,1,1,1947-04-17,,0,,,,,,,,,,,,,,,,
342025,0159008,2,広島県,ヒロシマケン,Hiroshima,,,,呉市,クレシ,Kure-shi,,,,広古新開,ヒロコシンガイ,Hirokoshingai,８丁目,８チョウメ,8,,,,,1,1,0,0,0,0,1,1,1947-04-17,,0,,,,,,,,,,,,,,,,
342025,0159009,2,広島県,ヒロシマケン,Hiroshima,,,,呉市,クレシ,Kure-shi,,,,広古新開,ヒロコシンガイ,Hirokoshingai,９丁目,９チョウメ,9,,,,,1,1,0,0,0,0,1,1,1947-04-17,,0,,,,,,,,,,,,,,,,
342025,0160001,2,広島県,ヒロシマケン,Hiroshima,,,,呉市,クレシ,Kure-shi,,,,広小坪,ヒロコツボ,Hirokotsubo,１丁目,１チョウメ,1,,,,,1,1,0,0,0,0,1,1,1947-04-17,,0,,,,,,,,,,,,,,,,
342025,0160002,2,広島県,ヒロシマケン,Hiroshima,,,,呉市,クレシ,Kure-shi,,,,広小坪,ヒロコツボ,Hirokotsubo,２丁目,２チョウメ,2,,,,,1,1,0,0,0,0,1,1,1947-04-17,,0,,,,,,,,,,,,,,,,
342025,0161001,2,広島県,ヒロシマケン,Hiroshima,,,,呉市,クレシ,Kure-shi,,,,広塩焼,ヒロシヤケ,Hiroshiyake,１丁目,１チョウメ,1,,,,,1,1,0,0,0,0,1,1,1947-04-17,,0,,,,,,,,,,,,,,,,
342025,0161002,2,広島県,ヒロシマケン,Hiroshima,,,,呉市,クレシ,Kure-shi,,,,広塩焼,ヒロシヤケ,Hiroshiyake,２丁目,２チョウメ,2,,,,,1,1,0,0,0,0,1,1,1947-04-17,,0,,,,,,,,,,,,,,,,
342025,0162001,2,広島県,ヒロシマケン,Hiroshima,,,,呉市,クレシ,Kure-shi,,,,広白石,ヒロシライシ,Hiroshiraishi,１丁目,１チョウメ,1,,,,,1,1,0,0,0,0,1,1,1947-04-17,,0,,,,,,,,,,,,,,,,
342025,0162002,2,広島県,ヒロシマケン,Hiroshima,,,,呉市,クレシ,Kure-shi,,,,広白石,ヒロシライシ,Hiroshiraishi,２丁目,２チョウメ,2,,,,,1,1,0,0,0,0,1,1,1947-04-17,,0,,,,,,,,,,,,,,,,
342025,0162003,2,広島県,ヒロシマケン,Hiroshima,,,,呉市,クレシ,Kure-shi,,,,広白石,ヒロシライシ,Hiroshiraishi,３丁目,３チョウメ,3,,,,,1,1,0,0,0,0,1,1,1947-04-17,,0,,,,,,,,,,,,,,,,
342025,0162004,2,広島県,ヒロシマケン,Hiroshima,,,,呉市,クレシ,Kure-shi,,,,広白石,ヒロシライシ,Hiroshiraishi,４丁目,４チョウメ,4,,,,,1,1,0,0,0,0,1,1,1947-04-17,,0,,,,,,,,,,,,,,,,
342025,0163001,2,広島県,ヒロシマケン,Hiroshima,,,,呉市,クレシ,Kure-shi,,,,広白岳,ヒロシラタケ,Hiroshiratake,１丁目,１チョウメ,1,,,,,1,1,0,0,0,0,1,1,1947-04-17,,0,,,,,,,,,,,,,,,,
342025,0163002,2,広島県,ヒロシマケン,Hiroshima,,,,呉市,クレシ,Kure-shi,,,,広白岳,ヒロシラタケ,Hiroshiratake,２丁目,２チョウメ,2,,,,,1,1,0,0,0,0,1,1,1947-04-17,,0,,,,,,,,,,,,,,,,
342025,0163003,2,広島県,ヒロシマケン,Hiroshima,,,,呉市,クレシ,Kure-shi,,,,広白岳,ヒロシラタケ,Hiroshiratake,３丁目,３チョウメ,3,,,,,1,1,0,0,0,0,1,1,1947-04-17,,0,,,,,,,,,,,,,,,,
342025,0163004,2,広島県,ヒロシマケン,Hiroshima,,,,呉市,クレシ,Kure-shi,,,,広白岳,ヒロシラタケ,Hiroshiratake,４丁目,４チョウメ,4,,,,,1,1,0,0,0,0,1,1,1947-04-17,,0,,,,,,,,,,,,,,,,
342025,0163005,2,広島県,ヒロシマケン,Hiroshima,,,,呉市,クレシ,Kure-shi,,,,広白岳,ヒロシラタケ,Hiroshiratake,５丁目,５チョウメ,5,,,,,1,1,0,0,0,0,1,1,1947-04-17,,0,,,,,,,,,,,,,,,,
342025,0163006,2,広島県,ヒロシマケン,Hiroshima,,,,呉市,クレシ,Kure-shi,,,,広白岳,ヒロシラタケ,Hiroshiratake,６丁目,６チョウメ,6,,,,,1,1,0,0,0,0,1,1,1947-04-17,,0,,,,,,,,,,,,,,,,
342025,0164001,2,広島県,ヒロシマケン,Hiroshima,,,,呉市,クレシ,Kure-shi,,,,広末広,ヒロスエヒロ,Hirosuehiro,１丁目,１チョウメ,1,,,,,1,1,0,0,0,0,1,1,1947-04-17,,0,,,,,,,,,,,,,,,,
342025,0164002,2,広島県,ヒロシマケン,Hiroshima,,,,呉市,クレシ,Kure-shi,,,,広末広,ヒロスエヒロ,Hirosuehiro,２丁目,２チョウメ,2,,,,,1,1,0,0,0,0,1,1,1947-04-17,,0,,,,,,,,,,,,,,,,
342025,0165001,2,広島県,ヒロシマケン,Hiroshima,,,,呉市,クレシ,Kure-shi,,,,広多賀谷,ヒロタガヤ,Hirotagaya,１丁目,１チョウメ,1,,,,,1,1,0,0,0,0,1,1,1947-04-17,,0,,,,,,,,,,,,,,,,
342025,0165002,2,広島県,ヒロシマケン,Hiroshima,,,,呉市,クレシ,Kure-shi,,,,広多賀谷,ヒロタガヤ,Hirotagaya,２丁目,２チョウメ,2,,,,,1,1,0,0,0,0,1,1,1947-04-17,,0,,,,,,,,,,,,,,,,
342025,0165003,2,広島県,ヒロシマケン,Hiroshima,,,,呉市,クレシ,Kure-shi,,,,広多賀谷,ヒロタガヤ,Hirotagaya,３丁目,３チョウメ,3,,,,,1,1,0,0,0,0,1,1,1947-04-17,,0,,,,,,,,,,,,,,,,
342025,0165004,2,広島県,ヒロシマケン,Hiroshima,,,,呉市,クレシ,Kure-shi,,,,広多賀谷,ヒロタガヤ,Hirotagaya,４丁目,４チョウメ,4,,,,,1,1,0,0,0,0,1,1,1947-04-17,,0,,,,,,,,,,,,,,,,
342025,0166000,1,広島県,ヒロシマケン,Hiroshima,,,,呉市,クレシ,Kure-shi,,,,広津久茂町,ヒロツクモチョウ,Hirotsukumocho,,,,,,,,1,1,0,0,0,0,1,1,1947-04-17,,0,7370135,,,,,,,,,,,,,,,
342025,0167000,1,広島県,ヒロシマケン,Hiroshima,,,,呉市,クレシ,Kure-shi,,,,広徳丸町,ヒロトクマルチョウ,Hirotokumarucho,,,,,,,,1,1,0,0,0,0,1,1,1947-04-17,,0,7370102,,,,,,,,,,,,,,,
342025,0168000,1,広島県,ヒロシマケン,Hiroshima,,,,呉市,クレシ,Kure-shi,,,,広中迫町,ヒロナカサコチョウ,Hironakasakocho,,,,,,,,1,1,0,0,0,0,1,1,1947-04-17,,0,7370105,,,,,,,,,,,,,,,
342025,0169001,2,広島県,ヒロシマケン,Hiroshima,,,,呉市,クレシ,Kure-shi,,,,広中新開,ヒロナカシンガイ,Hironakashingai,１丁目,１チョウメ,1,,,,,1,1,0,0,0,0,1,1,1947-04-17,,0,,,,,,,,,,,,,,,,
342025,0169002,2,広島県,ヒロシマケン,Hiroshima,,,,呉市,クレシ,Kure-shi,,,,広中新開,ヒロナカシンガイ,Hironakashingai,２丁目,２チョウメ,2,,,,,1,1,0,0,0,0,1,1,1947-04-17,,0,,,,,,,,,,,,,,,,
342025,0169003,2,広島県,ヒロシマケン,Hiroshima,,,,呉市,クレシ,Kure-shi,,,,広中新開,ヒロナカシンガイ,Hironakashingai,３丁目,３チョウメ,3,,,,,1,1,0,0,0,0,1,1,1947-04-17,,0,,,,,,,,,,,,,,,,
342025,0170000,1,広島県,ヒロシマケン,Hiroshima,,,,呉市,クレシ,Kure-shi,,,,広中町,ヒロナカチョウ,Hironakacho,,,,,,,,1,1,0,0,0,0,1,1,1947-04-17,,0,7370131,,,,,,,,,,,,,,,
342025,0171001,2,広島県,ヒロシマケン,Hiroshima,,,,呉市,クレシ,Kure-shi,,,,広長浜,ヒロナガハマ,Hironagahama,１丁目,１チョウメ,1,,,,,1,1,0,0,0,0,1,1,1947-04-17,,0,,,,,,,,,,,,,,,,
342025,0171002,2,広島県,ヒロシマケン,Hiroshima,,,,呉市,クレシ,Kure-shi,,,,広長浜,ヒロナガハマ,Hironagahama,２丁目,２チョウメ,2,,,,,1,1,0,0,0,0,1,1,1947-04-17,,0,,,,,,,,,,,,,,,,
342025,0171003,2,広島県,ヒロシマケン,Hiroshima,,,,呉市,クレシ,Kure-shi,,,,広長浜,ヒロナガハマ,Hironagahama,３丁目,３チョウメ,3,,,,,1,1,0,0,0,0,1,1,1947-04-17,,0,,,,,,,,,,,,,,,,
342025,0171004,2,広島県,ヒロシマケン,Hiroshima,,,,呉市,クレシ,Kure-shi,,,,広長浜,ヒロナガハマ,Hironagahama,４丁目,４チョウメ,4,,,,,1,1,0,0,0,0,1,1,1947-04-17,,0,,,,,,,,,,,,,,,,
342025,0171005,2,広島県,ヒロシマケン,Hiroshima,,,,呉市,クレシ,Kure-shi,,,,広長浜,ヒロナガハマ,Hironagahama,５丁目,５チョウメ,5,,,,,1,1,0,0,0,0,1,1,1947-04-17,,0,,,,,,,,,,,,,,,,
342025,0172001,2,広島県,ヒロシマケン,Hiroshima,,,,呉市,クレシ,Kure-shi,,,,広名田,ヒロナダ,Hironada,１丁目,１チョウメ,1,,,,,1,1,0,0,0,0,1,1,1947-04-17,,0,,,,,,,,,,,,,,,,
342025,0172002,2,広島県,ヒロシマケン,Hiroshima,,,,呉市,クレシ,Kure-shi,,,,広名田,ヒロナダ,Hironada,２丁目,２チョウメ,2,,,,,1,1,0,0,0,0,1,1,1947-04-17,,0,,,,,,,,,,,,,,,,
342025,0173000,1,広島県,ヒロシマケン,Hiroshima,,,,呉市,クレシ,Kure-shi,,,,広文化町,ヒロブンカチョウ,Hirobunkacho,,,,,,,,1,1,0,0,0,0,1,1,1947-04-17,,0,7370114,,,,,,,,,,,,,,,
342025,0174001,2,広島県,ヒロシマケン,Hiroshima,,,,呉市,クレシ,Kure-shi,,,,広本町,ヒロホンマチ,Hirohommachi,１丁目,１チョウメ,1,,,,,1,1,0,0,0,0,1,1,1947-04-17,,0,,,,,,,,,,,,,,,,
342025,0174002,2,広島県,ヒロシマケン,Hiroshima,,,,呉市,クレシ,Kure-shi,,,,広本町,ヒロホンマチ,Hirohommachi,２丁目,２チョウメ,2,,,,,1,1,0,0,0,0,1,1,1947-04-17,,0,,,,,,,,,,,,,,,,
342025,0174003,2,広島県,ヒロシマケン,Hiroshima,,,,呉市,クレシ,Kure-shi,,,,広本町,ヒロホンマチ,Hirohommachi,３丁目,３チョウメ,3,,,,,1,1,0,0,0,0,1,1,1947-04-17,,0,,,,,,,,,,,,,,,,
342025,0175000,1,広島県,ヒロシマケン,Hiroshima,,,,呉市,クレシ,Kure-shi,,,,広町,ヒロマチ,,,,,,,,,0,0,0,0,0,0,1,1,1947-04-17,,0,,,,,,,,,,,,,,,,
342025,0176001,2,広島県,ヒロシマケン,Hiroshima,,,,呉市,クレシ,Kure-shi,,,,広町田,ヒロマチダ,Hiromachida,１丁目,１チョウメ,1,,,,,1,1,0,0,0,0,1,1,1947-04-17,,0,,,,,,,,,,,,,,,,
342025,0176002,2,広島県,ヒロシマケン,Hiroshima,,,,呉市,クレシ,Kure-shi,,,,広町田,ヒロマチダ,Hiromachida,２丁目,２チョウメ,2,,,,,1,1,0,0,0,0,1,1,1947-04-17,,0,,,,,,,,,,,,,,,,
342025,0177001,2,広島県,ヒロシマケン,Hiroshima,,,,呉市,クレシ,Kure-shi,,,,広三芦,ヒロミアシ,Hiromiashi,１丁目,１チョウメ,1,,,,,1,1,0,0,0,0,1,1,1947-04-17,,0,,,,,,,,,,,,,,,,
342025,0177002,2,広島県,ヒロシマケン,Hiroshima,,,,呉市,クレシ,Kure-shi,,,,広三芦,ヒロミアシ,Hiromiashi,２丁目,２チョウメ,2,,,,,1,1,0,0,0,0,1,1,1947-04-17,,0,,,,,,,,,,,,,,,,
342025,0178001,2,広島県,ヒロシマケン,Hiroshima,,,,呉市,クレシ,Kure-shi,,,,広横路,ヒロヨコロ,Hiroyokoro,１丁目,１チョウメ,1,,,,,1,1,0,0,0,0,1,1,1947-04-17,,0,,,,,,,,,,,,,,,,
342025,0178002,2,広島県,ヒロシマケン,Hiroshima,,,,呉市,クレシ,Kure-shi,,,,広横路,ヒロヨコロ,Hiroyokoro,２丁目,２チョウメ,2,,,,,1,1,0,0,0,0,1,1,1947-04-17,,0,,,,,,,,,,,,,,,,
342025,0178003,2,広島県,ヒロシマケン,Hiroshima,,,,呉市,クレシ,Kure-shi,,,,広横路,ヒロヨコロ,Hiroyokoro,３丁目,３チョウメ,3,,,,,1,1,0,0,0,0,1,1,1947-04-17,,0,,,,,,,,,,,,,,,,
342025,0178004,2,広島県,ヒロシマケン,Hiroshima,,,,呉市,クレシ,Kure-shi,,,,広横路,ヒロヨコロ,Hiroyokoro,４丁目,４チョウメ,4,,,,,1,1,0,0,0,0,1,1,1947-04-17,,0,,,,,,,,,,,,,,,,
342025,0179001,2,広島県,ヒロシマケン,Hiroshima,,,,呉市,クレシ,Kure-shi,,,,広吉松,ヒロヨシマツ,Hiroyoshimatsu,１丁目,１チョウメ,1,,,,,1,1,0,0,0,0,1,1,1947-04-17,,0,,,,,,,,,,,,,,,,
342025,0179002,2,広島県,ヒロシマケン,Hiroshima,,,,呉市,クレシ,Kure-shi,,,,広吉松,ヒロヨシマツ,Hiroyoshimatsu,２丁目,２チョウメ,2,,,,,1,1,0,0,0,0,1,1,1947-04-17,,0,,,,,,,,,,,,,,,,
342025,0180001,2,広島県,ヒロシマケン,Hiroshima,,,,呉市,クレシ,Kure-shi,,,,広両谷,ヒロリョウタニ,Hiroryotani,１丁目,１チョウメ,1,,,,,1,1,0,0,0,0,1,1,1947-04-17,,0,,,,,,,,,,,,,,,,
342025,0180002,2,広島県,ヒロシマケン,Hiroshima,,,,呉市,クレシ,Kure-shi,,,,広両谷,ヒロリョウタニ,Hiroryotani,２丁目,２チョウメ,2,,,,,1,1,0,0,0,0,1,1,1947-04-17,,0,,,,,,,,,,,,,,,,
342025,0180003,2,広島県,ヒロシマケン,Hiroshima,,,,呉市,クレシ,Kure-shi,,,,広両谷,ヒロリョウタニ,Hiroryotani,３丁目,３チョウメ,3,,,,,1,1,0,0,0,0,1,1,1947-04-17,,0,,,,,,,,,,,,,,,,
342025,0181001,2,広島県,ヒロシマケン,Hiroshima,,,,呉市,クレシ,Kure-shi,,,,伏原,フシハラ,Fushihara,１丁目,１チョウメ,1,,,,,1,1,0,0,0,0,1,1,1947-04-17,,0,,,,,,,,,,,,,,,,
342025,0181002,2,広島県,ヒロシマケン,Hiroshima,,,,呉市,クレシ,Kure-shi,,,,伏原,フシハラ,Fushihara,２丁目,２チョウメ,2,,,,,1,1,0,0,0,0,1,1,1947-04-17,,0,,,,,,,,,,,,,,,,
342025,0181003,2,広島県,ヒロシマケン,Hiroshima,,,,呉市,クレシ,Kure-shi,,,,伏原,フシハラ,Fushihara,３丁目,３チョウメ,3,,,,,1,1,0,0,0,0,1,1,1947-04-17,,0,,,,,,,,,,,,,,,,
342025,0182000,1,広島県,ヒロシマケン,Hiroshima,,,,呉市,クレシ,Kure-shi,,,,船見町,フナミチョウ,Funamicho,,,,,,,,1,1,0,0,0,0,1,1,1947-04-17,,0,7370015,,,,,,,,,,,,,,,
342025,0183000,1,広島県,ヒロシマケン,Hiroshima,,,,呉市,クレシ,Kure-shi,,,,望地町,ボウヂチョウ,Bojicho,,,,,,,,1,1,0,0,0,0,1,1,1947-04-17,,0,7370065,,,,,,,,,,,,,,,
342025,0184001,2,広島県,ヒロシマケン,Hiroshima,,,,呉市,クレシ,Kure-shi,,,,本通,ホンドオリ,Hondori,１丁目,１チョウメ,1,,,,,1,1,0,0,0,0,1,1,1947-04-17,,0,,,,,,,,,,,,,,,,
342025,0184002,2,広島県,ヒロシマケン,Hiroshima,,,,呉市,クレシ,Kure-shi,,,,本通,ホンドオリ,Hondori,２丁目,２チョウメ,2,,,,,1,1,0,0,0,0,1,1,1947-04-17,,0,,,,,,,,,,,,,,,,
342025,0184003,2,広島県,ヒロシマケン,Hiroshima,,,,呉市,クレシ,Kure-shi,,,,本通,ホンドオリ,Hondori,３丁目,３チョウメ,3,,,,,1,1,0,0,0,0,1,1,1947-04-17,,0,,,,,,,,,,,,,,,,
342025,0184004,2,広島県,ヒロシマケン,Hiroshima,,,,呉市,クレシ,Kure-shi,,,,本通,ホンドオリ,Hondori,４丁目,４チョウメ,4,,,,,1,1,0,0,0,0,1,1,1947-04-17,,0,,,,,,,,,,,,,,,,
342025,0184005,2,広島県,ヒロシマケン,Hiroshima,,,,呉市,クレシ,Kure-shi,,,,本通,ホンドオリ,Hondori,５丁目,５チョウメ,5,,,,,1,1,0,0,0,0,1,1,1947-04-17,,0,,,,,,,,,,,,,,,,
342025,0184006,2,広島県,ヒロシマケン,Hiroshima,,,,呉市,クレシ,Kure-shi,,,,本通,ホンドオリ,Hondori,６丁目,６チョウメ,6,,,,,1,1,0,0,0,0,1,1,1947-04-17,,0,,,,,,,,,,,,,,,,
342025,0184007,2,広島県,ヒロシマケン,Hiroshima,,,,呉市,クレシ,Kure-shi,,,,本通,ホンドオリ,Hondori,７丁目,７チョウメ,7,,,,,1,1,0,0,0,0,1,1,1947-04-17,,0,,,,,,,,,,,,,,,,
342025,0184008,2,広島県,ヒロシマケン,Hiroshima,,,,呉市,クレシ,Kure-shi,,,,本通,ホンドオリ,Hondori,８丁目,８チョウメ,8,,,,,1,1,0,0,0,0,1,1,1947-04-17,,0,,,,,,,,,,,,,,,,
342025,0185000,1,広島県,ヒロシマケン,Hiroshima,,,,呉市,クレシ,Kure-shi,,,,本町,ホンマチ,Hommachi,,,,,,,,1,1,0,0,0,0,1,1,1947-04-17,,0,7370032,,,,,,,,,,,,,,,
342025,0186001,2,広島県,ヒロシマケン,Hiroshima,,,,呉市,クレシ,Kure-shi,,,,的場,マトバ,Matoba,１丁目,１チョウメ,1,,,,,1,1,0,0,0,0,1,1,1947-04-17,,0,,,,,,,,,,,,,,,,
342025,0186002,2,広島県,ヒロシマケン,Hiroshima,,,,呉市,クレシ,Kure-shi,,,,的場,マトバ,Matoba,２丁目,２チョウメ,2,,,,,1,1,0,0,0,0,1,1,1947-04-17,,0,,,,,,,,,,,,,,,,
342025,0186003,2,広島県,ヒロシマケン,Hiroshima,,,,呉市,クレシ,Kure-shi,,,,的場,マトバ,Matoba,３丁目,３チョウメ,3,,,,,1,1,0,0,0,0,1,1,1947-04-17,,0,,,,,,,,,,,,,,,,
342025,0186004,2,広島県,ヒロシマケン,Hiroshima,,,,呉市,クレシ,Kure-shi,,,,的場,マトバ,Matoba,４丁目,４チョウメ,4,,,,,1,1,0,0,0,0,1,1,1947-04-17,,0,,,,,,,,,,,,,,,,
342025,0186005,2,広島県,ヒロシマケン,Hiroshima,,,,呉市,クレシ,Kure-shi,,,,的場,マトバ,Matoba,５丁目,５チョウメ,5,,,,,1,1,0,0,0,0,1,1,1947-04-17,,0,,,,,,,,,,,,,,,,
342025,0187000,1,広島県,ヒロシマケン,Hiroshima,,,,呉市,クレシ,Kure-shi,,,,溝路町,ミゾロチョウ,Mizorocho,,,,,,,,1,1,0,0,0,0,1,1,1947-04-17,,0,7370034,,,,,,,,,,,,,,,
342025,0188000,1,広島県,ヒロシマケン,Hiroshima,,,,呉市,クレシ,Kure-shi,,,,南辰川町,ミナミタツカワチョウ,Minamitatsukawacho,,,,,,,,1,1,0,0,0,0,1,1,1947-04-17,,0,7370802,,,,,,,,,,,,,,,
342025,0189001,2,広島県,ヒロシマケン,Hiroshima,,,,呉市,クレシ,Kure-shi,,,,見晴,ミハラシ,Miharashi,１丁目,１チョウメ,1,,,,,1,1,0,0,0,0,1,1,1947-04-17,,0,,,,,,,,,,,,,,,,
342025,0189002,2,広島県,ヒロシマケン,Hiroshima,,,,呉市,クレシ,Kure-shi,,,,見晴,ミハラシ,Miharashi,２丁目,２チョウメ,2,,,,,1,1,0,0,0,0,1,1,1947-04-17,,0,,,,,,,,,,,,,,,,
342025,0189003,2,広島県,ヒロシマケン,Hiroshima,,,,呉市,クレシ,Kure-shi,,,,見晴,ミハラシ,Miharashi,３丁目,３チョウメ,3,,,,,1,1,0,0,0,0,1,1,1947-04-17,,0,,,,,,,,,,,,,,,,
342025,0190001,2,広島県,ヒロシマケン,Hiroshima,,,,呉市,クレシ,Kure-shi,,,,宮原,ミヤハラ,Miyahara,１丁目,１チョウメ,1,,,,,1,1,0,0,0,0,1,1,1947-04-17,,0,,,,,,,,,,,,,,,,
342025,0190002,2,広島県,ヒロシマケン,Hiroshima,,,,呉市,クレシ,Kure-shi,,,,宮原,ミヤハラ,Miyahara,２丁目,２チョウメ,2,,,,,1,1,0,0,0,0,1,1,1947-04-17,,0,,,,,,,,,,,,,,,,
342025,0190003,2,広島県,ヒロシマケン,Hiroshima,,,,呉市,クレシ,Kure-shi,,,,宮原,ミヤハラ,Miyahara,３丁目,３チョウメ,3,,,,,1,1,0,0,0,0,1,1,1947-04-17,,0,,,,,,,,,,,,,,,,
342025,0190004,2,広島県,ヒロシマケン,Hiroshima,,,,呉市,クレシ,Kure-shi,,,,宮原,ミヤハラ,Miyahara,４丁目,４チョウメ,4,,,,,1,1,0,0,0,0,1,1,1947-04-17,,0,,,,,,,,,,,,,,,,
342025,0190005,2,広島県,ヒロシマケン,Hiroshima,,,,呉市,クレシ,Kure-shi,,,,宮原,ミヤハラ,Miyahara,５丁目,５チョウメ,5,,,,,1,1,0,0,0,0,1,1,1947-04-17,,0,,,,,,,,,,,,,,,,
342025,0190006,2,広島県,ヒロシマケン,Hiroshima,,,,呉市,クレシ,Kure-shi,,,,宮原,ミヤハラ,Miyahara,６丁目,６チョウメ,6,,,,,1,1,0,0,0,0,1,1,1947-04-17,,0,,,,,,,,,,,,,,,,
342025,0190007,2,広島県,ヒロシマケン,Hiroshima,,,,呉市,クレシ,Kure-shi,,,,宮原,ミヤハラ,Miyahara,７丁目,７チョウメ,7,,,,,1,1,0,0,0,0,1,1,1947-04-17,,0,,,,,,,,,,,,,,,,
342025,0190008,2,広島県,ヒロシマケン,Hiroshima,,,,呉市,クレシ,Kure-shi,,,,宮原,ミヤハラ,Miyahara,８丁目,８チョウメ,8,,,,,1,1,0,0,0,0,1,1,1947-04-17,,0,,,,,,,,,,,,,,,,
342025,0190009,2,広島県,ヒロシマケン,Hiroshima,,,,呉市,クレシ,Kure-shi,,,,宮原,ミヤハラ,Miyahara,９丁目,９チョウメ,9,,,,,1,1,0,0,0,0,1,1,1947-04-17,,0,,,,,,,,,,,,,,,,
342025,0190010,2,広島県,ヒロシマケン,Hiroshima,,,,呉市,クレシ,Kure-shi,,,,宮原,ミヤハラ,Miyahara,１０丁目,１０チョウメ,10,,,,,1,1,0,0,0,0,1,1,1947-04-17,,0,,,,,,,,,,,,,,,,
342025,0190011,2,広島県,ヒロシマケン,Hiroshima,,,,呉市,クレシ,Kure-shi,,,,宮原,ミヤハラ,Miyahara,１１丁目,１１チョウメ,11,,,,,1,1,0,0,0,0,1,1,1947-04-17,,0,,,,,,,,,,,,,,,,
342025,0190012,2,広島県,ヒロシマケン,Hiroshima,,,,呉市,クレシ,Kure-shi,,,,宮原,ミヤハラ,Miyahara,１２丁目,１２チョウメ,12,,,,,1,1,0,0,0,0,1,1,1947-04-17,,0,,,,,,,,,,,,,,,,
342025,0190013,2,広島県,ヒロシマケン,Hiroshima,,,,呉市,クレシ,Kure-shi,,,,宮原,ミヤハラ,Miyahara,１３丁目,１３チョウメ,13,,,,,1,1,0,0,0,0,1,1,1947-04-17,,0,,,,,,,,,,,,,,,,
342025,0191000,1,広島県,ヒロシマケン,Hiroshima,,,,呉市,クレシ,Kure-shi,,,,宮原村,ミヤハラムラ,,,,,,,,,0,0,0,0,0,0,1,1,1947-04-17,,0,,,,,,,,,,,,,,,,
342025,0192000,1,広島県,ヒロシマケン,Hiroshima,,,,呉市,クレシ,Kure-shi,,,,室瀬町,ムロセチョウ,Murosecho,,,,,,,,1,1,0,0,0,0,1,1,1947-04-17,,0,7370025,,,,,,,,,,,,,,,
342025,0193001,2,広島県,ヒロシマケン,Hiroshima,,,,呉市,クレシ,Kure-shi,,,,焼山泉ヶ丘,ヤケヤマイズミガオカ,,１丁目,１チョウメ,1,,,,,1,1,0,0,0,0,1,1,1947-04-17,,0,,,,,,,,,,,,,,,,
342025,0193002,2,広島県,ヒロシマケン,Hiroshima,,,,呉市,クレシ,Kure-shi,,,,焼山泉ヶ丘,ヤケヤマイズミガオカ,,２丁目,２チョウメ,2,,,,,1,1,0,0,0,0,1,1,1947-04-17,,0,,,,,,,,,,,,,,,,
342025,0194001,2,広島県,ヒロシマケン,Hiroshima,,,,呉市,クレシ,Kure-shi,,,,焼山北,ヤケヤマキタ,Yakeyama Kita,１丁目,１チョウメ,1,,,,,1,1,0,0,0,0,1,1,1947-04-17,,0,,,,,,,,,,,,,,,,
342025,0194002,2,広島県,ヒロシマケン,Hiroshima,,,,呉市,クレシ,Kure-shi,,,,焼山北,ヤケヤマキタ,Yakeyama Kita,２丁目,２チョウメ,2,,,,,1,1,0,0,0,0,1,1,1947-04-17,,0,,,,,,,,,,,,,,,,
342025,0194003,2,広島県,ヒロシマケン,Hiroshima,,,,呉市,クレシ,Kure-shi,,,,焼山北,ヤケヤマキタ,Yakeyama Kita,３丁目,３チョウメ,3,,,,,1,1,0,0,0,0,1,1,1947-04-17,,0,,,,,,,,,,,,,,,,
342025,0195000,1,広島県,ヒロシマケン,Hiroshima,,,,呉市,クレシ,Kure-shi,,,,焼山此原町,ヤケヤマコノハラチョウ,Yakeyama Konoharacho,,,,,,,,1,1,0,0,0,0,1,1,1947-04-17,,0,7370902,,,,,,,,,,,,,,,
342025,0196001,2,広島県,ヒロシマケン,Hiroshima,,,,呉市,クレシ,Kure-shi,,,,焼山桜ヶ丘,ヤケヤマサクラガオカ,,１丁目,１チョウメ,1,,,,,1,1,0,0,0,0,1,1,1947-04-17,,0,,,,,,,,,,,,,,,,
342025,0196002,2,広島県,ヒロシマケン,Hiroshima,,,,呉市,クレシ,Kure-shi,,,,焼山桜ヶ丘,ヤケヤマサクラガオカ,,２丁目,２チョウメ,2,,,,,1,1,0,0,0,0,1,1,1947-04-17,,0,,,,,,,,,,,,,,,,
342025,0196003,2,広島県,ヒロシマケン,Hiroshima,,,,呉市,クレシ,Kure-shi,,,,焼山桜ヶ丘,ヤケヤマサクラガオカ,,３丁目,３チョウメ,3,,,,,1,1,0,0,0,0,1,1,1947-04-17,,0,,,,,,,,,,,,,,,,
342025,0197001,2,広島県,ヒロシマケン,Hiroshima,,,,呉市,クレシ,Kure-shi,,,,焼山中央,ヤケヤマチュウオウ,Yakeyama Chuo,１丁目,１チョウメ,1,,,,,1,1,0,0,0,0,1,1,1947-04-17,,0,,,,,,,,,,,,,,,,
342025,0197002,2,広島県,ヒロシマケン,Hiroshima,,,,呉市,クレシ,Kure-shi,,,,焼山中央,ヤケヤマチュウオウ,Yakeyama Chuo,２丁目,２チョウメ,2,,,,,1,1,0,0,0,0,1,1,1947-04-17,,0,,,,,,,,,,,,,,,,
342025,0197003,2,広島県,ヒロシマケン,Hiroshima,,,,呉市,クレシ,Kure-shi,,,,焼山中央,ヤケヤマチュウオウ,Yakeyama Chuo,３丁目,３チョウメ,3,,,,,1,1,0,0,0,0,1,1,1947-04-17,,0,,,,,,,,,,,,,,,,
342025,0197004,2,広島県,ヒロシマケン,Hiroshima,,,,呉市,クレシ,Kure-shi,,,,焼山中央,ヤケヤマチュウオウ,Yakeyama Chuo,４丁目,４チョウメ,4,,,,,1,1,0,0,0,0,1,1,1947-04-17,,0,,,,,,,,,,,,,,,,
342025,0197005,2,広島県,ヒロシマケン,Hiroshima,,,,呉市,クレシ,Kure-shi,,,,焼山中央,ヤケヤマチュウオウ,Yakeyama Chuo,５丁目,５チョウメ,5,,,,,1,1,0,0,0,0,1,1,1947-04-17,,0,,,,,,,,,,,,,,,,
342025,0197006,2,広島県,ヒロシマケン,Hiroshima,,,,呉市,クレシ,Kure-shi,,,,焼山中央,ヤケヤマチュウオウ,Yakeyama Chuo,６丁目,６チョウメ,6,,,,,1,1,0,0,0,0,1,1,1947-04-17,,0,,,,,,,,,,,,,,,,
342025,0198000,1,広島県,ヒロシマケン,Hiroshima,,,,呉市,クレシ,Kure-shi,,,,焼山町,ヤケヤマチョウ,,,,,,,,,0,0,0,0,0,0,1,1,1947-04-17,,0,,,,,,,,,,,,,,,,
342025,0199001,2,広島県,ヒロシマケン,Hiroshima,,,,呉市,クレシ,Kure-shi,,,,焼山西,ヤケヤマニシ,Yakeyama Nishi,１丁目,１チョウメ,1,,,,,1,1,0,0,0,0,1,1,1947-04-17,,0,,,,,,,,,,,,,,,,
342025,0199002,2,広島県,ヒロシマケン,Hiroshima,,,,呉市,クレシ,Kure-shi,,,,焼山西,ヤケヤマニシ,Yakeyama Nishi,２丁目,２チョウメ,2,,,,,1,1,0,0,0,0,1,1,1947-04-17,,0,,,,,,,,,,,,,,,,
342025,0199003,2,広島県,ヒロシマケン,Hiroshima,,,,呉市,クレシ,Kure-shi,,,,焼山西,ヤケヤマニシ,Yakeyama Nishi,３丁目,３チョウメ,3,,,,,1,1,0,0,0,0,1,1,1947-04-17,,0,,,,,,,,,,,,,,,,
342025,0200001,2,広島県,ヒロシマケン,Hiroshima,,,,呉市,クレシ,Kure-shi,,,,焼山東,ヤケヤマヒガシ,Yakeyama Higashi,１丁目,１チョウメ,1,,,,,1,1,0,0,0,0,1,1,1947-04-17,,0,,,,,,,,,,,,,,,,
342025,0200002,2,広島県,ヒロシマケン,Hiroshima,,,,呉市,クレシ,Kure-shi,,,,焼山東,ヤケヤマヒガシ,Yakeyama Higashi,２丁目,２チョウメ,2,,,,,1,1,0,0,0,0,1,1,1947-04-17,,0,,,,,,,,,,,,,,,,
342025,0200003,2,広島県,ヒロシマケン,Hiroshima,,,,呉市,クレシ,Kure-shi,,,,焼山東,ヤケヤマヒガシ,Yakeyama Higashi,３丁目,３チョウメ,3,,,,,1,1,0,0,0,0,1,1,1947-04-17,,0,,,,,,,,,,,,,,,,
342025,0200004,2,広島県,ヒロシマケン,Hiroshima,,,,呉市,クレシ,Kure-shi,,,,焼山東,ヤケヤマヒガシ,Yakeyama Higashi,４丁目,４チョウメ,4,,,,,1,1,0,0,0,0,1,1,1947-04-17,,0,,,,,,,,,,,,,,,,
342025,0201000,1,広島県,ヒロシマケン,Hiroshima,,,,呉市,クレシ,Kure-shi,,,,焼山ひばりヶ丘町,ヤケヤマヒバリガオカチョウ,Yakeyama Hibarigaokacho,,,,,,,,1,1,0,0,0,0,1,1,1947-04-17,,0,7370901,,,,,,,,,,,,,,,
342025,0202001,2,広島県,ヒロシマケン,Hiroshima,,,,呉市,クレシ,Kure-shi,,,,焼山本庄,ヤケヤマホンジョウ,Yakeyama Honjo,１丁目,１チョウメ,1,,,,,1,1,0,0,0,0,1,1,1947-04-17,,0,,,,,,,,,,,,,,,,
342025,0202002,2,広島県,ヒロシマケン,Hiroshima,,,,呉市,クレシ,Kure-shi,,,,焼山本庄,ヤケヤマホンジョウ,Yakeyama Honjo,２丁目,２チョウメ,2,,,,,1,1,0,0,0,0,1,1,1947-04-17,,0,,,,,,,,,,,,,,,,
342025,0202003,2,広島県,ヒロシマケン,Hiroshima,,,,呉市,クレシ,Kure-shi,,,,焼山本庄,ヤケヤマホンジョウ,Yakeyama Honjo,３丁目,３チョウメ,3,,,,,1,1,0,0,0,0,1,1,1947-04-17,,0,,,,,,,,,,,,,,,,
342025,0202004,2,広島県,ヒロシマケン,Hiroshima,,,,呉市,クレシ,Kure-shi,,,,焼山本庄,ヤケヤマホンジョウ,Yakeyama Honjo,４丁目,４チョウメ,4,,,,,1,1,0,0,0,0,1,1,1947-04-17,,0,,,,,,,,,,,,,,,,
342025,0202005,2,広島県,ヒロシマケン,Hiroshima,,,,呉市,クレシ,Kure-shi,,,,焼山本庄,ヤケヤマホンジョウ,Yakeyama Honjo,５丁目,５チョウメ,5,,,,,1,1,0,0,0,0,1,1,1947-04-17,,0,,,,,,,,,,,,,,,,
342025,0203001,2,広島県,ヒロシマケン,Hiroshima,,,,呉市,クレシ,Kure-shi,,,,焼山政畝,ヤケヤママサウネ,Yakeyama Masaune,１丁目,１チョウメ,1,,,,,1,1,0,0,0,0,1,1,1947-04-17,,0,,,,,,,,,,,,,,,,
342025,0203002,2,広島県,ヒロシマケン,Hiroshima,,,,呉市,クレシ,Kure-shi,,,,焼山政畝,ヤケヤママサウネ,Yakeyama Masaune,２丁目,２チョウメ,2,,,,,1,1,0,0,0,0,1,1,1947-04-17,,0,,,,,,,,,,,,,,,,
342025,0203003,2,広島県,ヒロシマケン,Hiroshima,,,,呉市,クレシ,Kure-shi,,,,焼山政畝,ヤケヤママサウネ,Yakeyama Masaune,３丁目,３チョウメ,3,,,,,1,1,0,0,0,0,1,1,1947-04-17,,0,,,,,,,,,,,,,,,,
342025,0204001,2,広島県,ヒロシマケン,Hiroshima,,,,呉市,クレシ,Kure-shi,,,,焼山松ヶ丘,ヤケヤママツガオカ,,１丁目,１チョウメ,1,,,,,1,1,0,0,0,0,1,1,1947-04-17,,0,,,,,,,,,,,,,,,,
342025,0204002,2,広島県,ヒロシマケン,Hiroshima,,,,呉市,クレシ,Kure-shi,,,,焼山松ヶ丘,ヤケヤママツガオカ,,２丁目,２チョウメ,2,,,,,1,1,0,0,0,0,1,1,1947-04-17,,0,,,,,,,,,,,,,,,,
342025,0205000,1,広島県,ヒロシマケン,Hiroshima,,,,呉市,クレシ,Kure-shi,,,,焼山三ツ石町,ヤケヤマミツイシチョウ,Yakeyama Mitsuishicho,,,,,,,,1,1,0,0,0,0,1,1,1947-04-17,,0,7370931,,,,,,,,,,,,,,,
342025,0206001,2,広島県,ヒロシマケン,Hiroshima,,,,呉市,クレシ,Kure-shi,,,,焼山南,ヤケヤマミナミ,Yakeyama Minami,１丁目,１チョウメ,1,,,,,1,1,0,0,0,0,1,1,1947-04-17,,0,,,,,,,,,,,,,,,,
342025,0206002,2,広島県,ヒロシマケン,Hiroshima,,,,呉市,クレシ,Kure-shi,,,,焼山南,ヤケヤマミナミ,Yakeyama Minami,２丁目,２チョウメ,2,,,,,1,1,0,0,0,0,1,1,1947-04-17,,0,,,,,,,,,,,,,,,,
342025,0207001,2,広島県,ヒロシマケン,Hiroshima,,,,呉市,クレシ,Kure-shi,,,,焼山宮ヶ迫,ヤケヤマミヤガサコ,,１丁目,１チョウメ,1,,,,,1,1,0,0,0,0,1,1,1947-04-17,,0,,,,,,,,,,,,,,,,
342025,0207002,2,広島県,ヒロシマケン,Hiroshima,,,,呉市,クレシ,Kure-shi,,,,焼山宮ヶ迫,ヤケヤマミヤガサコ,,２丁目,２チョウメ,2,,,,,1,1,0,0,0,0,1,1,1947-04-17,,0,,,,,,,,,,,,,,,,
342025,0208001,2,広島県,ヒロシマケン,Hiroshima,,,,呉市,クレシ,Kure-shi,,,,安浦町安登西,ヤスウラチョウアトニシ,Yasuracho Atonishi,１丁目,１チョウメ,1,,,,,1,1,0,0,0,0,1,1,1947-04-17,,0,,,,,,,,,,,,,,,,
342025,0208002,2,広島県,ヒロシマケン,Hiroshima,,,,呉市,クレシ,Kure-shi,,,,安浦町安登西,ヤスウラチョウアトニシ,Yasuracho Atonishi,２丁目,２チョウメ,2,,,,,1,1,0,0,0,0,1,1,1947-04-17,,0,,,,,,,,,,,,,,,,
342025,0208003,2,広島県,ヒロシマケン,Hiroshima,,,,呉市,クレシ,Kure-shi,,,,安浦町安登西,ヤスウラチョウアトニシ,Yasuracho Atonishi,３丁目,３チョウメ,3,,,,,1,1,0,0,0,0,1,1,1947-04-17,,0,,,,,,,,,,,,,,,,
342025,0208004,2,広島県,ヒロシマケン,Hiroshima,,,,呉市,クレシ,Kure-shi,,,,安浦町安登西,ヤスウラチョウアトニシ,Yasuracho Atonishi,４丁目,４チョウメ,4,,,,,1,1,0,0,0,0,1,1,1947-04-17,,0,,,,,,,,,,,,,,,,
342025,0208005,2,広島県,ヒロシマケン,Hiroshima,,,,呉市,クレシ,Kure-shi,,,,安浦町安登西,ヤスウラチョウアトニシ,Yasuracho Atonishi,５丁目,５チョウメ,5,,,,,1,1,0,0,0,0,1,1,1947-04-17,,0,,,,,,,,,,,,,,,,
342025,0208006,2,広島県,ヒロシマケン,Hiroshima,,,,呉市,クレシ,Kure-shi,,,,安浦町安登西,ヤスウラチョウアトニシ,Yasuracho Atonishi,６丁目,６チョウメ,6,,,,,1,1,0,0,0,0,1,1,1947-04-17,,0,,,,,,,,,,,,,,,,
342025,0208007,2,広島県,ヒロシマケン,Hiroshima,,,,呉市,クレシ,Kure-shi,,,,安浦町安登西,ヤスウラチョウアトニシ,Yasuracho Atonishi,７丁目,７チョウメ,7,,,,,1,1,0,0,0,0,1,1,1947-04-17,,0,,,,,,,,,,,,,,,,
342025,0208008,2,広島県,ヒロシマケン,Hiroshima,,,,呉市,クレシ,Kure-shi,,,,安浦町安登西,ヤスウラチョウアトニシ,Yasuracho Atonishi,８丁目,８チョウメ,8,,,,,1,1,0,0,0,0,1,1,1947-04-17,,0,,,,,,,,,,,,,,,,
342025,0208009,2,広島県,ヒロシマケン,Hiroshima,,,,呉市,クレシ,Kure-shi,,,,安浦町安登西,ヤスウラチョウアトニシ,Yasuracho Atonishi,９丁目,９チョウメ,9,,,,,1,1,0,0,0,0,1,1,1947-04-17,,0,,,,,,,,,,,,,,,,
342025,0208010,2,広島県,ヒロシマケン,Hiroshima,,,,呉市,クレシ,Kure-shi,,,,安浦町安登西,ヤスウラチョウアトニシ,Yasuracho Atonishi,１０丁目,１０チョウメ,10,,,,,1,1,0,0,0,0,1,1,1947-04-17,,0,,,,,,,,,,,,,,,,
342025,0209001,2,広島県,ヒロシマケン,Hiroshima,,,,呉市,クレシ,Kure-shi,,,,安浦町安登東,ヤスウラチョウアトヒガシ,Yasuracho Atohigashi,１丁目,１チョウメ,1,,,,,1,1,0,0,0,0,1,1,1947-04-17,,0,,,,,,,,,,,,,,,,
342025,0209002,2,広島県,ヒロシマケン,Hiroshima,,,,呉市,クレシ,Kure-shi,,,,安浦町安登東,ヤスウラチョウアトヒガシ,Yasuracho Atohigashi,２丁目,２チョウメ,2,,,,,1,1,0,0,0,0,1,1,1947-04-17,,0,,,,,,,,,,,,,,,,
342025,0209003,2,広島県,ヒロシマケン,Hiroshima,,,,呉市,クレシ,Kure-shi,,,,安浦町安登東,ヤスウラチョウアトヒガシ,Yasuracho Atohigashi,３丁目,３チョウメ,3,,,,,1,1,0,0,0,0,1,1,1947-04-17,,0,,,,,,,,,,,,,,,,
342025,0209004,2,広島県,ヒロシマケン,Hiroshima,,,,呉市,クレシ,Kure-shi,,,,安浦町安登東,ヤスウラチョウアトヒガシ,Yasuracho Atohigashi,４丁目,４チョウメ,4,,,,,1,1,0,0,0,0,1,1,1947-04-17,,0,,,,,,,,,,,,,,,,
342025,0209005,2,広島県,ヒロシマケン,Hiroshima,,,,呉市,クレシ,Kure-shi,,,,安浦町安登東,ヤスウラチョウアトヒガシ,Yasuracho Atohigashi,５丁目,５チョウメ,5,,,,,1,1,0,0,0,0,1,1,1947-04-17,,0,,,,,,,,,,,,,,,,
342025,0209006,2,広島県,ヒロシマケン,Hiroshima,,,,呉市,クレシ,Kure-shi,,,,安浦町安登東,ヤスウラチョウアトヒガシ,Yasuracho Atohigashi,６丁目,６チョウメ,6,,,,,1,1,0,0,0,0,1,1,1947-04-17,,0,,,,,,,,,,,,,,,,
342025,0210001,2,広島県,ヒロシマケン,Hiroshima,,,,呉市,クレシ,Kure-shi,,,,安浦町内海北,ヤスウラチョウウチノウミキタ,Yasuracho Uchinomikita,１丁目,１チョウメ,1,,,,,1,1,0,0,0,0,1,1,1947-04-17,,0,,,,,,,,,,,,,,,,
342025,0210002,2,広島県,ヒロシマケン,Hiroshima,,,,呉市,クレシ,Kure-shi,,,,安浦町内海北,ヤスウラチョウウチノウミキタ,Yasuracho Uchinomikita,２丁目,２チョウメ,2,,,,,1,1,0,0,0,0,1,1,1947-04-17,,0,,,,,,,,,,,,,,,,
342025,0210003,2,広島県,ヒロシマケン,Hiroshima,,,,呉市,クレシ,Kure-shi,,,,安浦町内海北,ヤスウラチョウウチノウミキタ,Yasuracho Uchinomikita,３丁目,３チョウメ,3,,,,,1,1,0,0,0,0,1,1,1947-04-17,,0,,,,,,,,,,,,,,,,
342025,0210004,2,広島県,ヒロシマケン,Hiroshima,,,,呉市,クレシ,Kure-shi,,,,安浦町内海北,ヤスウラチョウウチノウミキタ,Yasuracho Uchinomikita,４丁目,４チョウメ,4,,,,,1,1,0,0,0,0,1,1,1947-04-17,,0,,,,,,,,,,,,,,,,
342025,0210005,2,広島県,ヒロシマケン,Hiroshima,,,,呉市,クレシ,Kure-shi,,,,安浦町内海北,ヤスウラチョウウチノウミキタ,Yasuracho Uchinomikita,５丁目,５チョウメ,5,,,,,1,1,0,0,0,0,1,1,1947-04-17,,0,,,,,,,,,,,,,,,,
342025,0210006,2,広島県,ヒロシマケン,Hiroshima,,,,呉市,クレシ,Kure-shi,,,,安浦町内海北,ヤスウラチョウウチノウミキタ,Yasuracho Uchinomikita,６丁目,６チョウメ,6,,,,,1,1,0,0,0,0,1,1,1947-04-17,,0,,,,,,,,,,,,,,,,
342025,0210007,2,広島県,ヒロシマケン,Hiroshima,,,,呉市,クレシ,Kure-shi,,,,安浦町内海北,ヤスウラチョウウチノウミキタ,Yasuracho Uchinomikita,７丁目,７チョウメ,7,,,,,1,1,0,0,0,0,1,1,1947-04-17,,0,,,,,,,,,,,,,,,,
342025,0211001,2,広島県,ヒロシマケン,Hiroshima,,,,呉市,クレシ,Kure-shi,,,,安浦町内海南,ヤスウラチョウウチノウミミナミ,Yasuracho Uchinomiminami,１丁目,１チョウメ,1,,,,,1,1,0,0,0,0,1,1,1947-04-17,,0,,,,,,,,,,,,,,,,
342025,0211002,2,広島県,ヒロシマケン,Hiroshima,,,,呉市,クレシ,Kure-shi,,,,安浦町内海南,ヤスウラチョウウチノウミミナミ,Yasuracho Uchinomiminami,２丁目,２チョウメ,2,,,,,1,1,0,0,0,0,1,1,1947-04-17,,0,,,,,,,,,,,,,,,,
342025,0211003,2,広島県,ヒロシマケン,Hiroshima,,,,呉市,クレシ,Kure-shi,,,,安浦町内海南,ヤスウラチョウウチノウミミナミ,Yasuracho Uchinomiminami,３丁目,３チョウメ,3,,,,,1,1,0,0,0,0,1,1,1947-04-17,,0,,,,,,,,,,,,,,,,
342025,0211004,2,広島県,ヒロシマケン,Hiroshima,,,,呉市,クレシ,Kure-shi,,,,安浦町内海南,ヤスウラチョウウチノウミミナミ,Yasuracho Uchinomiminami,４丁目,４チョウメ,4,,,,,1,1,0,0,0,0,1,1,1947-04-17,,0,,,,,,,,,,,,,,,,
342025,0211005,2,広島県,ヒロシマケン,Hiroshima,,,,呉市,クレシ,Kure-shi,,,,安浦町内海南,ヤスウラチョウウチノウミミナミ,Yasuracho Uchinomiminami,５丁目,５チョウメ,5,,,,,1,1,0,0,0,0,1,1,1947-04-17,,0,,,,,,,,,,,,,,,,
342025,0211006,2,広島県,ヒロシマケン,Hiroshima,,,,呉市,クレシ,Kure-shi,,,,安浦町内海南,ヤスウラチョウウチノウミミナミ,Yasuracho Uchinomiminami,６丁目,６チョウメ,6,,,,,1,1,0,0,0,0,1,1,1947-04-17,,0,,,,,,,,,,,,,,,,
342025,0212000,1,広島県,ヒロシマケン,Hiroshima,,,,呉市,クレシ,Kure-shi,,,,安浦町大字赤向坂,ヤスウラチョウオオアザアコウザカ,,,,,,,,,0,0,0,0,0,0,1,1,1947-04-17,,0,,,,,,,,,,,,,,,,
342025,0213000,1,広島県,ヒロシマケン,Hiroshima,,,,呉市,クレシ,Kure-shi,,,,安浦町大字安登,ヤスウラチョウオオアザアト,,,,,,,,,0,0,0,0,0,0,1,1,1947-04-17,,0,,,,,,,,,,,,,,,,
342025,0214000,1,広島県,ヒロシマケン,Hiroshima,,,,呉市,クレシ,Kure-shi,,,,安浦町大字内海,ヤスウラチョウオオアザウチノウミ,,,,,,,,,0,0,0,0,0,0,1,1,1947-04-17,,0,,,,,,,,,,,,,,,,
342025,0215000,1,広島県,ヒロシマケン,Hiroshima,,,,呉市,クレシ,Kure-shi,,,,安浦町大字内平,ヤスウラチョウオオアザウチヒラ,,,,,,,,,0,0,0,0,0,0,1,1,1947-04-17,,0,,,,,,,,,,,,,,,,
342025,0216000,1,広島県,ヒロシマケン,Hiroshima,,,,呉市,クレシ,Kure-shi,,,,安浦町大字女子畑,ヤスウラチョウオオアザオナゴバタ,,,,,,,,,0,0,0,0,0,0,1,1,1947-04-17,,0,,,,,,,,,,,,,,,,
342025,0217000,1,広島県,ヒロシマケン,Hiroshima,,,,呉市,クレシ,Kure-shi,,,,安浦町大字下垣内,ヤスウラチョウオオアザシモガウチ,,,,,,,,,0,0,0,0,0,0,1,1,1947-04-17,,0,,,,,,,,,,,,,,,,
342025,0218000,1,広島県,ヒロシマケン,Hiroshima,,,,呉市,クレシ,Kure-shi,,,,安浦町大字中切,ヤスウラチョウオオアザナカギリ,,,,,,,,,0,0,0,0,0,0,1,1,1947-04-17,,0,,,,,,,,,,,,,,,,
342025,0219000,1,広島県,ヒロシマケン,Hiroshima,,,,呉市,クレシ,Kure-shi,,,,安浦町大字中畑,ヤスウラチョウオオアザナカハタ,,,,,,,,,0,0,0,0,0,0,1,1,1947-04-17,,0,,,,,,,,,,,,,,,,
342025,0220000,1,広島県,ヒロシマケン,Hiroshima,,,,呉市,クレシ,Kure-shi,,,,安浦町大字原畑,ヤスウラチョウオオアザハラハタ,,,,,,,,,0,0,0,0,0,0,1,1,1947-04-17,,0,,,,,,,,,,,,,,,,
342025,0221000,1,広島県,ヒロシマケン,Hiroshima,,,,呉市,クレシ,Kure-shi,,,,安浦町大字三津口,ヤスウラチョウオオアザミツグチ,,,,,,,,,0,0,0,0,0,0,1,1,1947-04-17,,0,,,,,,,,,,,,,,,,
342025,0222001,2,広島県,ヒロシマケン,Hiroshima,,,,呉市,クレシ,Kure-shi,,,,安浦町中央,ヤスウラチョウチュウオウ,Yasuracho Chuo,１丁目,１チョウメ,1,,,,,1,1,0,0,0,0,1,1,1947-04-17,,0,,,,,,,,,,,,,,,,
342025,0222002,2,広島県,ヒロシマケン,Hiroshima,,,,呉市,クレシ,Kure-shi,,,,安浦町中央,ヤスウラチョウチュウオウ,Yasuracho Chuo,２丁目,２チョウメ,2,,,,,1,1,0,0,0,0,1,1,1947-04-17,,0,,,,,,,,,,,,,,,,
342025,0222003,2,広島県,ヒロシマケン,Hiroshima,,,,呉市,クレシ,Kure-shi,,,,安浦町中央,ヤスウラチョウチュウオウ,Yasuracho Chuo,３丁目,３チョウメ,3,,,,,1,1,0,0,0,0,1,1,1947-04-17,,0,,,,,,,,,,,,,,,,
342025,0222004,2,広島県,ヒロシマケン,Hiroshima,,,,呉市,クレシ,Kure-shi,,,,安浦町中央,ヤスウラチョウチュウオウ,Yasuracho Chuo,４丁目,４チョウメ,4,,,,,1,1,0,0,0,0,1,1,1947-04-17,,0,,,,,,,,,,,,,,,,
342025,0222005,2,広島県,ヒロシマケン,Hiroshima,,,,呉市,クレシ,Kure-shi,,,,安浦町中央,ヤスウラチョウチュウオウ,Yasuracho Chuo,５丁目,５チョウメ,5,,,,,1,1,0,0,0,0,1,1,1947-04-17,,0,,,,,,,,,,,,,,,,
342025,0222006,2,広島県,ヒロシマケン,Hiroshima,,,,呉市,クレシ,Kure-shi,,,,安浦町中央,ヤスウラチョウチュウオウ,Yasuracho Chuo,６丁目,６チョウメ,6,,,,,1,1,0,0,0,0,1,1,1947-04-17,,0,,,,,,,,,,,,,,,,
342025,0222007,2,広島県,ヒロシマケン,Hiroshima,,,,呉市,クレシ,Kure-shi,,,,安浦町中央,ヤスウラチョウチュウオウ,Yasuracho Chuo,７丁目,７チョウメ,7,,,,,1,1,0,0,0,0,1,1,1947-04-17,,0,,,,,,,,,,,,,,,,
342025,0222008,2,広島県,ヒロシマケン,Hiroshima,,,,呉市,クレシ,Kure-shi,,,,安浦町中央,ヤスウラチョウチュウオウ,Yasuracho Chuo,８丁目,８チョウメ,8,,,,,1,1,0,0,0,0,1,1,1947-04-17,,0,,,,,,,,,,,,,,,,
342025,0223001,2,広島県,ヒロシマケン,Hiroshima,,,,呉市,クレシ,Kure-shi,,,,安浦町中央北,ヤスウラチョウチュウオウキタ,Yasuracho Chuokita,１丁目,１チョウメ,1,,,,,1,1,0,0,0,0,1,1,1947-04-17,,0,,,,,,,,,,,,,,,,
342025,0223002,2,広島県,ヒロシマケン,Hiroshima,,,,呉市,クレシ,Kure-shi,,,,安浦町中央北,ヤスウラチョウチュウオウキタ,Yasuracho Chuokita,２丁目,２チョウメ,2,,,,,1,1,0,0,0,0,1,1,1947-04-17,,0,,,,,,,,,,,,,,,,
342025,0224000,1,広島県,ヒロシマケン,Hiroshima,,,,呉市,クレシ,Kure-shi,,,,安浦町中央ハイツ,ヤスウラチョウチュウオウハイツ,Yasuracho Chuohaitsu,,,,,,,,1,1,0,0,0,0,1,1,1947-04-17,,0,7372514,,,,,,,,,,,,,,,
342025,0225001,2,広島県,ヒロシマケン,Hiroshima,,,,呉市,クレシ,Kure-shi,,,,安浦町水尻,ヤスウラチョウミズシリ,Yasuracho Mizushiri,１丁目,１チョウメ,1,,,,,1,1,0,0,0,0,1,1,1947-04-17,,0,,,,,,,,,,,,,,,,
342025,0225002,2,広島県,ヒロシマケン,Hiroshima,,,,呉市,クレシ,Kure-shi,,,,安浦町水尻,ヤスウラチョウミズシリ,Yasuracho Mizushiri,２丁目,２チョウメ,2,,,,,1,1,0,0,0,0,1,1,1947-04-17,,0,,,,,,,,,,,,,,,,
342025,0226001,2,広島県,ヒロシマケン,Hiroshima,,,,呉市,クレシ,Kure-shi,,,,安浦町三津口,ヤスウラチョウミツグチ,Yasuracho Mitsuguchi,１丁目,１チョウメ,1,,,,,1,1,0,0,0,0,1,1,1947-04-17,,0,,,,,,,,,,,,,,,,
342025,0226002,2,広島県,ヒロシマケン,Hiroshima,,,,呉市,クレシ,Kure-shi,,,,安浦町三津口,ヤスウラチョウミツグチ,Yasuracho Mitsuguchi,２丁目,２チョウメ,2,,,,,1,1,0,0,0,0,1,1,1947-04-17,,0,,,,,,,,,,,,,,,,
342025,0226003,2,広島県,ヒロシマケン,Hiroshima,,,,呉市,クレシ,Kure-shi,,,,安浦町三津口,ヤスウラチョウミツグチ,Yasuracho Mitsuguchi,３丁目,３チョウメ,3,,,,,1,1,0,0,0,0,1,1,1947-04-17,,0,,,,,,,,,,,,,,,,
342025,0226004,2,広島県,ヒロシマケン,Hiroshima,,,,呉市,クレシ,Kure-shi,,,,安浦町三津口,ヤスウラチョウミツグチ,Yasuracho Mitsuguchi,４丁目,４チョウメ,4,,,,,1,1,0,0,0,0,1,1,1947-04-17,,0,,,,,,,,,,,,,,,,
342025,0226005,2,広島県,ヒロシマケン,Hiroshima,,,,呉市,クレシ,Kure-shi,,,,安浦町三津口,ヤスウラチョウミツグチ,Yasuracho Mitsuguchi,５丁目,５チョウメ,5,,,,,1,1,0,0,0,0,1,1,1947-04-17,,0,,,,,,,,,,,,,,,,
342025,0226006,2,広島県,ヒロシマケン,Hiroshima,,,,呉市,クレシ,Kure-shi,,,,安浦町三津口,ヤスウラチョウミツグチ,Yasuracho Mitsuguchi,６丁目,６チョウメ,6,,,,,1,1,0,0,0,0,1,1,1947-04-17,,0,,,,,,,,,,,,,,,,
342025,0227000,1,広島県,ヒロシマケン,Hiroshima,,,,呉市,クレシ,Kure-shi,,,,八幡町,ヤハタチョウ,Yahatacho,,,,,,,,1,1,0,0,0,0,1,1,1947-04-17,,0,7370044,,,,,,,,,,,,,,,
342025,0228001,2,広島県,ヒロシマケン,Hiroshima,,,,呉市,クレシ,Kure-shi,,,,山手,ヤマテ,Yamate,１丁目,１チョウメ,1,,,,,1,1,0,0,0,0,1,1,1947-04-17,,0,,,,,,,,,,,,,,,,
342025,0228002,2,広島県,ヒロシマケン,Hiroshima,,,,呉市,クレシ,Kure-shi,,,,山手,ヤマテ,Yamate,２丁目,２チョウメ,2,,,,,1,1,0,0,0,0,1,1,1947-04-17,,0,,,,,,,,,,,,,,,,
342025,0229000,1,広島県,ヒロシマケン,Hiroshima,,,,呉市,クレシ,Kure-shi,,,,弥生町,ヤヨイチョウ,Yayoicho,,,,,,,,1,1,0,0,0,0,1,1,1947-04-17,,0,7370877,,,,,,,,,,,,,,,
342025,0230000,1,広島県,ヒロシマケン,Hiroshima,,,,呉市,クレシ,Kure-shi,,,,豊町大長,ユタカマチオオチョウ,Yutakamachi Ocho,,,,,,,,0,0,0,0,0,0,1,1,1947-04-17,,0,7340301,,,,,,,,,,,,,,,
342025,0231000,1,広島県,ヒロシマケン,Hiroshima,,,,呉市,クレシ,Kure-shi,,,,豊町沖友,ユタカマチオキトモ,Yutakamachi Okitomo,,,,,,,,0,0,0,0,0,0,1,1,1947-04-17,,0,7340303,,,,,,,,,,,,,,,
342025,0232000,1,広島県,ヒロシマケン,Hiroshima,,,,呉市,クレシ,Kure-shi,,,,豊町久比,ユタカマチクビ,Yutakamachi Kubi,,,,,,,,0,0,0,0,0,0,1,1,1947-04-17,,0,7340304,,,,,,,,,,,,,,,
342025,0233000,1,広島県,ヒロシマケン,Hiroshima,,,,呉市,クレシ,Kure-shi,,,,豊町御手洗,ユタカマチミタライ,Yutakamachi Mitarai,,,,,,,,0,0,0,0,0,0,1,1,1947-04-17,,0,7340302,,,,,,,,,,,,,,,
342025,0234000,1,広島県,ヒロシマケン,Hiroshima,,,,呉市,クレシ,Kure-shi,,,,吉浦池ノ浦町,ヨシウライケノウラチョウ,Yoshiura Ikenoracho,,,,,,,,1,1,0,0,0,0,1,1,1947-04-17,,0,7370844,,,,,,,,,,,,,,,
342025,0235000,1,広島県,ヒロシマケン,Hiroshima,,,,呉市,クレシ,Kure-shi,,,,吉浦岩神町,ヨシウライワガミチョウ,Yoshiura Iwagamicho,,,,,,,,1,1,0,0,0,0,1,1,1947-04-17,,0,7370865,,,,,,,,,,,,,,,
342025,0236000,1,広島県,ヒロシマケン,Hiroshima,,,,呉市,クレシ,Kure-shi,,,,吉浦上城町,ヨシウラカミジョウチョウ,Yoshiura Kamijocho,,,,,,,,1,1,0,0,0,0,1,1,1947-04-17,,0,7370867,,,,,,,,,,,,,,,
342025,0237000,1,広島県,ヒロシマケン,Hiroshima,,,,呉市,クレシ,Kure-shi,,,,吉浦神賀町,ヨシウラジンガチョウ,Yoshiura Jingacho,,,,,,,,1,1,0,0,0,0,1,1,1947-04-17,,0,7370841,,,,,,,,,,,,,,,
342025,0238000,1,広島県,ヒロシマケン,Hiroshima,,,,呉市,クレシ,Kure-shi,,,,吉浦新出町,ヨシウラシンデチョウ,Yoshiura Shindecho,,,,,,,,1,1,0,0,0,0,1,1,1947-04-17,,0,7370851,,,,,,,,,,,,,,,
342025,0239001,2,広島県,ヒロシマケン,Hiroshima,,,,呉市,クレシ,Kure-shi,,,,吉浦新町,ヨシウラシンマチ,Yoshiura Shimmachi,１丁目,１チョウメ,1,,,,,1,1,0,0,0,0,1,1,1947-04-17,,0,,,,,,,,,,,,,,,,
342025,0239002,2,広島県,ヒロシマケン,Hiroshima,,,,呉市,クレシ,Kure-shi,,,,吉浦新町,ヨシウラシンマチ,Yoshiura Shimmachi,２丁目,２チョウメ,2,,,,,1,1,0,0,0,0,1,1,1947-04-17,,0,,,,,,,,,,,,,,,,
342025,0240000,1,広島県,ヒロシマケン,Hiroshima,,,,呉市,クレシ,Kure-shi,,,,吉浦潭鼓町,ヨシウラタンコチョウ,Yoshiura Tankocho,,,,,,,,1,1,0,0,0,0,1,1,1947-04-17,,0,7370843,,,,,,,,,,,,,,,
342025,0241000,1,広島県,ヒロシマケン,Hiroshima,,,,呉市,クレシ,Kure-shi,,,,吉浦町,ヨシウラチョウ,,,,,,,,,0,0,0,0,0,0,1,1,1947-04-17,,0,,,,,,,,,,,,,,,,
342025,0242001,2,広島県,ヒロシマケン,Hiroshima,,,,呉市,クレシ,Kure-shi,,,,吉浦中町,ヨシウラナカマチ,Yoshiura Nakamachi,１丁目,１チョウメ,1,,,,,1,1,0,0,0,0,1,1,1947-04-17,,0,,,,,,,,,,,,,,,,
342025,0242002,2,広島県,ヒロシマケン,Hiroshima,,,,呉市,クレシ,Kure-shi,,,,吉浦中町,ヨシウラナカマチ,Yoshiura Nakamachi,２丁目,２チョウメ,2,,,,,1,1,0,0,0,0,1,1,1947-04-17,,0,,,,,,,,,,,,,,,,
342025,0242003,2,広島県,ヒロシマケン,Hiroshima,,,,呉市,クレシ,Kure-shi,,,,吉浦中町,ヨシウラナカマチ,Yoshiura Nakamachi,３丁目,３チョウメ,3,,,,,1,1,0,0,0,0,1,1,1947-04-17,,0,,,,,,,,,,,,,,,,
342025,0243000,1,広島県,ヒロシマケン,Hiroshima,,,,呉市,クレシ,Kure-shi,,,,吉浦西城町,ヨシウラニシジョウチョウ,Yoshiura Nishijocho,,,,,,,,1,1,0,0,0,0,1,1,1947-04-17,,0,7370864,,,,,,,,,,,,,,,
342025,0244001,2,広島県,ヒロシマケン,Hiroshima,,,,呉市,クレシ,Kure-shi,,,,吉浦東本町,ヨシウラヒガシホンマチ,Yoshiura Higashihommachi,１丁目,１チョウメ,1,,,,,1,1,0,0,0,0,1,1,1947-04-17,,0,,,,,,,,,,,,,,,,
342025,0244002,2,広島県,ヒロシマケン,Hiroshima,,,,呉市,クレシ,Kure-shi,,,,吉浦東本町,ヨシウラヒガシホンマチ,Yoshiura Higashihommachi,２丁目,２チョウメ,2,,,,,1,1,0,0,0,0,1,1,1947-04-17,,0,,,,,,,,,,,,,,,,
342025,0244003,2,広島県,ヒロシマケン,Hiroshima,,,,呉市,クレシ,Kure-shi,,,,吉浦東本町,ヨシウラヒガシホンマチ,Yoshiura Higashihommachi,３丁目,３チョウメ,3,,,,,1,1,0,0,0,0,1,1,1947-04-17,,0,,,,,,,,,,,,,,,,
342025,0244004,2,広島県,ヒロシマケン,Hiroshima,,,,呉市,クレシ,Kure-shi,,,,吉浦東本町,ヨシウラヒガシホンマチ,Yoshiura Higashihommachi,４丁目,４チョウメ,4,,,,,1,1,0,0,0,0,1,1,1947-04-17,,0,,,,,,,,,,,,,,,,
342025,0244006,2,広島県,ヒロシマケン,Hiroshima,,,,呉市,クレシ,Kure-shi,,,,吉浦東本町,ヨシウラヒガシホンマチ,Yoshiura Higashihommachi,６丁目,６チョウメ,6,,,,,0,0,0,0,0,0,1,1,1947-04-17,,0,,,,,,,,,,,,,,,,
342025,0245000,1,広島県,ヒロシマケン,Hiroshima,,,,呉市,クレシ,Kure-shi,,,,吉浦東町,ヨシウラヒガシマチ,Yoshiura Higashimachi,,,,,,,,1,1,0,0,0,0,1,1,1947-04-17,,0,7370842,,,,,,,,,,,,,,,
342025,0246001,2,広島県,ヒロシマケン,Hiroshima,,,,呉市,クレシ,Kure-shi,,,,吉浦本町,ヨシウラホンマチ,Yoshiura Hommachi,１丁目,１チョウメ,1,,,,,1,1,0,0,0,0,1,1,1947-04-17,,0,,,,,,,,,,,,,,,,
342025,0246002,2,広島県,ヒロシマケン,Hiroshima,,,,呉市,クレシ,Kure-shi,,,,吉浦本町,ヨシウラホンマチ,Yoshiura Hommachi,２丁目,２チョウメ,2,,,,,1,1,0,0,0,0,1,1,1947-04-17,,0,,,,,,,,,,,,,,,,
342025,0246003,2,広島県,ヒロシマケン,Hiroshima,,,,呉市,クレシ,Kure-shi,,,,吉浦本町,ヨシウラホンマチ,Yoshiura Hommachi,３丁目,３チョウメ,3,,,,,1,1,0,0,0,0,1,1,1947-04-17,,0,,,,,,,,,,,,,,,,
342025,0247000,1,広島県,ヒロシマケン,Hiroshima,,,,呉市,クレシ,Kure-shi,,,,吉浦松葉町,ヨシウラマツバチョウ,Yoshiura Matsubacho,,,,,,,,1,1,0,0,0,0,1,1,1947-04-17,,0,7370866,,,,,,,,,,,,,,,
342025,0248000,1,広島県,ヒロシマケン,Hiroshima,,,,呉市,クレシ,Kure-shi,,,,吉浦宮花町,ヨシウラミヤハナチョウ,Yoshiura Miyahanacho,,,,,,,,1,1,0,0,0,0,1,1,1947-04-17,,0,7370863,,,,,,,,,,,,,,,
342025,0249001,2,広島県,ヒロシマケン,Hiroshima,,,,呉市,クレシ,Kure-shi,,,,両城,リョウジョウ,Ryojo,１丁目,１チョウメ,1,,,,,1,1,0,0,0,0,1,1,1947-04-17,,0,,,,,,,,,,,,,,,,
342025,0249002,2,広島県,ヒロシマケン,Hiroshima,,,,呉市,クレシ,Kure-shi,,,,両城,リョウジョウ,Ryojo,２丁目,２チョウメ,2,,,,,1,1,0,0,0,0,1,1,1947-04-17,,0,,,,,,,,,,,,,,,,
342025,0250000,1,広島県,ヒロシマケン,Hiroshima,,,,呉市,クレシ,Kure-shi,,,,若葉町,ワカバチョウ,Wakabacho,,,,,,,,1,1,0,0,0,0,1,1,1947-04-17,,0,7370832,,,,,,,,,,,,,,,
342025,0251001,2,広島県,ヒロシマケン,Hiroshima,,,,呉市,クレシ,Kure-shi,,,,和庄,ワショウ,Washo,１丁目,１チョウメ,1,,,,,1,1,0,0,0,0,1,1,1947-04-17,,0,,,,,,,,,,,,,,,,
342025,0251002,2,広島県,ヒロシマケン,Hiroshima,,,,呉市,クレシ,Kure-shi,,,,和庄,ワショウ,Washo,２丁目,２チョウメ,2,,,,,1,1,0,0,0,0,1,1,1947-04-17,,0,,,,,,,,,,,,,,,,
342025,0253000,1,広島県,ヒロシマケン,Hiroshima,,,,呉市,クレシ,Kure-shi,,,,和庄登町,ワショウノボリマチ,Washo Noborimachi,,,,,,,,1,1,0,0,0,0,1,1,1947-04-17,,0,7370043,,,,,,,,,,,,,,,
342025,0254000,1,広島県,ヒロシマケン,Hiroshima,,,,呉市,クレシ,Kure-shi,,,,和庄本町,ワショウホンマチ,Washo Hommachi,,,,,,,,1,1,0,0,0,0,1,1,1947-04-17,,0,7370042,,,,,,,,,,,,,,,
342025,0255001,2,広島県,ヒロシマケン,Hiroshima,,,,呉市,クレシ,Kure-shi,,,,広大広,ヒロオオビロ,Hiroobiro,１丁目,１チョウメ,1,,,,,1,1,0,0,0,0,1,1,1947-04-17,,0,,,,,,,,,,,,,,,,
342025,0255002,2,広島県,ヒロシマケン,Hiroshima,,,,呉市,クレシ,Kure-shi,,,,広大広,ヒロオオビロ,Hiroobiro,２丁目,２チョウメ,2,,,,,1,1,0,0,0,0,1,1,1947-04-17,,0,,,,,,,,,,,,,,,,
342025,0256000,1,広島県,ヒロシマケン,Hiroshima,,,,呉市,クレシ,Kure-shi,,,,広弁天橋町,ヒロベンテンバシチョウ,Hirobentembashicho,,,,,,,,1,1,0,0,0,0,1,1,1947-04-17,,0,7370107,,,,,,,,,,,,,,,
342025,0257000,1,広島県,ヒロシマケン,Hiroshima,,,,呉市,クレシ,Kure-shi,,,,音戸町大字音戸,オンドチヨウオオアザオンド,,,,,,,,,0,0,0,0,0,0,1,1,1947-04-17,,0,,,,,,,,,,,,,,,,
342025,0258000,1,広島県,ヒロシマケン,Hiroshima,,,,呉市,クレシ,Kure-shi,,,,宮花町,ミヤハナチヨウ,,,,,,,,,0,0,0,0,0,0,1,1,1947-04-17,,0,,,,,,,,,,,,,,,,
342025,0259000,1,広島県,ヒロシマケン,Hiroshima,,,,呉市,クレシ,Kure-shi,,,,寺山町,テラヤマチヨウ,,,,,,,,,0,0,0,0,0,0,1,1,1947-04-17,,0,,,,,,,,,,,,,,,,
342025,0260000,1,広島県,ヒロシマケン,Hiroshima,,,,呉市,クレシ,Kure-shi,,,,松葉町,マツバチヨウ,,,,,,,,,0,0,0,0,0,0,1,1,1947-04-17,,0,,,,,,,,,,,,,,,,
342025,0261000,1,広島県,ヒロシマケン,Hiroshima,,,,呉市,クレシ,Kure-shi,,,,上城町,カミジヨウチヨウ,,,,,,,,,0,0,0,0,0,0,1,1,1947-04-17,,0,,,,,,,,,,,,,,,,
342025,0262000,1,広島県,ヒロシマケン,Hiroshima,,,,呉市,クレシ,Kure-shi,,,,上惣付町,カミソウヅケチヨウ,,,,,,,,,0,0,0,0,0,0,1,1,1947-04-17,,0,,,,,,,,,,,,,,,,
342025,0263000,1,広島県,ヒロシマケン,Hiroshima,,,,呉市,クレシ,Kure-shi,,,,新出町,シンデチヨウ,,,,,,,,,0,0,0,0,0,0,1,1,1947-04-17,,0,,,,,,,,,,,,,,,,
342025,0264000,1,広島県,ヒロシマケン,Hiroshima,,,,呉市,クレシ,Kure-shi,,,,西辰川町,ニシタツカワチヨウ,,,,,,,,,0,0,0,0,0,0,1,1,1947-04-17,,0,,,,,,,,,,,,,,,,
342025,0266000,1,広島県,ヒロシマケン,Hiroshima,,,,呉市,クレシ,Kure-shi,,,,川尻町才之谷,カワジリチヨウサイノタニ,,,,,,,,,0,0,0,0,0,0,1,1,1947-04-17,,0,,,,,,,,,,,,,,,,
342025,0267000,1,広島県,ヒロシマケン,Hiroshima,,,,呉市,クレシ,Kure-shi,,,,川尻町中原,カワジリチヨウナカハラ,,,,,,,,,0,0,0,0,0,0,1,1,1947-04-17,,0,,,,,,,,,,,,,,,,
342025,0268000,1,広島県,ヒロシマケン,Hiroshima,,,,呉市,クレシ,Kure-shi,,,,川尻町縄操,カワジリチヨウノウクリ,,,,,,,,,0,0,0,0,0,0,1,1,1947-04-17,,0,,,,,,,,,,,,,,,,
342025,0270000,1,広島県,ヒロシマケン,Hiroshima,,,,呉市,クレシ,Kure-shi,,,,川尻町大見上ケ,カワジリチヨウオオミアゲ,,,,,,,,,0,0,0,0,0,0,1,1,1947-04-17,,0,,,,,,,,,,,,,,,,
342025,0271000,1,広島県,ヒロシマケン,Hiroshima,,,,呉市,クレシ,Kure-shi,,,,天応町,テンノウチヨウ,,,,,,,,,0,0,0,0,0,0,1,0,1947-04-17,,1,,,,,,,,,,,,,,,,
342025,0283000,1,広島県,ヒロシマケン,Hiroshima,,,,呉市,クレシ,Kure-shi,,,,下蒲刈町三ノ瀬,シモカマガリチョウサンノセ,,,,,,,,,0,0,0,0,0,0,1,0,1947-04-17,,1,,,,,,,,,,,,,,,,
342025,0284000,1,広島県,ヒロシマケン,Hiroshima,,,,呉市,クレシ,Kure-shi,,,,古迫町,フルサコチョウ,,,,,,,,,0,0,0,0,0,0,1,0,1947-04-17,,1,,,,,,,,,,,,,,,,
342025,0285000,1,広島県,ヒロシマケン,Hiroshima,,,,呉市,クレシ,Kure-shi,,,,大字二川町,オオアザフタカワチョウ,,,,,,,,,0,0,0,0,0,0,1,0,1947-04-17,,1,,,,,,,,,,,,,,,,
342025,0286000,1,広島県,ヒロシマケン,Hiroshima,,,,呉市,クレシ,Kure-shi,,,,大字和庄町,オオアザワショウチョウ,,,,,,,,,0,0,0,0,0,0,1,0,1947-04-17,,1,,,,,,,,,,,,,,,,
342025,0287000,1,広島県,ヒロシマケン,Hiroshima,,,,呉市,クレシ,Kure-shi,,,,大字宮原村,オオアザミヤハラムラ,,,,,,,,,0,0,0,0,0,0,1,0,1947-04-17,,1,,,,,,,,,,,,,,,,
342025,0288000,1,広島県,ヒロシマケン,Hiroshima,,,,呉市,クレシ,Kure-shi,,,,大字荘山田村,オオアザソウヤマダムラ,,,,,,,,,0,0,0,0,0,0,1,0,1947-04-17,,1,,,,,,,,,,,,,,,,
342025,0289000,1,広島県,ヒロシマケン,Hiroshima,,,,呉市,クレシ,Kure-shi,,,,川尻町町,カワジリチヨウマチ,,,,,,,,,0,0,0,0,0,0,1,0,1947-04-17,,1,,,,,,,,,,,,,,,,
342025,0290000,1,広島県,ヒロシマケン,Hiroshima,,,,呉市,クレシ,Kure-shi,,,,川尻町郷,カワジリチヨウゴウ,,,,,,,,,0,0,0,0,0,0,1,0,1947-04-17,,1,,,,,,,,,,,,,,,,
342025,0291000,1,広島県,ヒロシマケン,Hiroshima,,,,呉市,クレシ,Kure-shi,,,,広町山,ヒロマチヤマ,,,,,,,,,0,0,0,0,0,0,1,0,1947-04-17,,1,,,,,,,,,,,,,,,,
342025,0292101,3,広島県,ヒロシマケン,Hiroshima,,,,呉市,クレシ,Kure-shi,,,,丸山町,マルヤマチヨウ,,,,,丸山町,マルヤマチヨウ,,,0,0,0,0,0,0,1,0,1947-04-17,,1,,,,,,,,,,,,,,,,
342025,0293101,3,広島県,ヒロシマケン,Hiroshima,,,,呉市,クレシ,Kure-shi,,,,小田町,オダチヨウ,,,,,小田町,オダチヨウ,,,0,0,0,0,0,0,1,0,1947-04-17,,1,,,,,,,,,,,,,,,,
342033,0001000,1,広島県,ヒロシマケン,Hiroshima,,,,竹原市,タケハラシ,Takehara-shi,,,,小梨町,オナシチョウ,Onashicho,,,,,,,,0,0,0,0,0,0,1,1,1947-04-17,,0,7250011,,,,,,,,,,,,,,,
342033,0002001,2,広島県,ヒロシマケン,Hiroshima,,,,竹原市,タケハラシ,Takehara-shi,,,,塩町,シオマチ,Shiomachi,一丁目,１チョウメ,1,,,,,1,1,0,0,0,0,1,1,1947-04-17,,0,,,,,,,,,,,,,,,,
342033,0002002,2,広島県,ヒロシマケン,Hiroshima,,,,竹原市,タケハラシ,Takehara-shi,,,,塩町,シオマチ,Shiomachi,二丁目,２チョウメ,2,,,,,1,1,0,0,0,0,1,1,1947-04-17,,0,,,,,,,,,,,,,,,,
342033,0002003,2,広島県,ヒロシマケン,Hiroshima,,,,竹原市,タケハラシ,Takehara-shi,,,,塩町,シオマチ,Shiomachi,三丁目,３チョウメ,3,,,,,1,1,0,0,0,0,1,1,1947-04-17,,0,,,,,,,,,,,,,,,,
342033,0002004,2,広島県,ヒロシマケン,Hiroshima,,,,竹原市,タケハラシ,Takehara-shi,,,,塩町,シオマチ,Shiomachi,四丁目,４チョウメ,4,,,,,1,1,0,0,0,0,1,1,1947-04-17,,0,,,,,,,,,,,,,,,,
342033,0003000,1,広島県,ヒロシマケン,Hiroshima,,,,竹原市,タケハラシ,Takehara-shi,,,,下野町,シモノチョウ,Shimonocho,,,,,,,,0,0,0,0,0,0,1,1,1947-04-17,,0,7250012,,,,,,,,,,,,,,,
342033,0004000,1,広島県,ヒロシマケン,Hiroshima,,,,竹原市,タケハラシ,Takehara-shi,,,,新庄町,シンジョウチョウ,Shinjocho,,,,,,,,0,0,0,0,0,0,1,1,1947-04-17,,0,7250003,,,,,,,,,,,,,,,
342033,0005000,1,広島県,ヒロシマケン,Hiroshima,,,,竹原市,タケハラシ,Takehara-shi,,,,高崎町,タカサキチョウ,Takasakicho,,,,,,,,0,0,0,0,0,0,1,1,1947-04-17,,0,7292313,,,,,,,,,,,,,,,
342033,0006000,1,広島県,ヒロシマケン,Hiroshima,,,,竹原市,タケハラシ,Takehara-shi,,,,竹原町,タケハラチョウ,Takeharacho,,,,,,,,0,0,0,0,0,0,1,1,1947-04-17,,0,7250021,,,,,,,,,,,,,,,
342033,0007000,1,広島県,ヒロシマケン,Hiroshima,,,,竹原市,タケハラシ,Takehara-shi,,,,忠海町,タダノウミチョウ,Tadanomicho,,,,,,,,0,0,0,0,0,0,1,1,1947-04-17,,0,7292311,,,,,,,,,,,,,,,
342033,0008000,1,広島県,ヒロシマケン,Hiroshima,,,,竹原市,タケハラシ,Takehara-shi,,,,忠海床浦,タダノウミトコノウラ,,,,,,,,,0,0,0,0,0,0,1,0,1947-04-17,,1,,,,,,,,,,,,,,,,
342033,0008001,2,広島県,ヒロシマケン,Hiroshima,,,,竹原市,タケハラシ,Takehara-shi,,,,忠海床浦,タダノウミトコノウラ,Tadanomitokonora,一丁目,１チョウメ,1,,,,,1,1,0,0,0,0,1,1,1947-04-17,,0,,,,,,,,,,,,,,,,
342033,0008002,2,広島県,ヒロシマケン,Hiroshima,,,,竹原市,タケハラシ,Takehara-shi,,,,忠海床浦,タダノウミトコノウラ,Tadanomitokonora,二丁目,２チョウメ,2,,,,,1,1,0,0,0,0,1,1,1947-04-17,,0,,,,,,,,,,,,,,,,
342033,0008003,2,広島県,ヒロシマケン,Hiroshima,,,,竹原市,タケハラシ,Takehara-shi,,,,忠海床浦,タダノウミトコノウラ,Tadanomitokonora,三丁目,３チョウメ,3,,,,,1,1,0,0,0,0,1,1,1947-04-17,,0,,,,,,,,,,,,,,,,
342033,0008004,2,広島県,ヒロシマケン,Hiroshima,,,,竹原市,タケハラシ,Takehara-shi,,,,忠海床浦,タダノウミトコノウラ,Tadanomitokonora,四丁目,４チョウメ,4,,,,,1,1,0,0,0,0,1,1,1947-04-17,,0,,,,,,,,,,,,,,,,
342033,0009001,2,広島県,ヒロシマケン,Hiroshima,,,,竹原市,タケハラシ,Takehara-shi,,,,忠海長浜,タダノウミナガハマ,Tadanominagahama,一丁目,１チョウメ,1,,,,,1,1,0,0,0,0,1,1,1947-04-17,,0,,,,,,,,,,,,,,,,
342033,0009002,2,広島県,ヒロシマケン,Hiroshima,,,,竹原市,タケハラシ,Takehara-shi,,,,忠海長浜,タダノウミナガハマ,Tadanominagahama,二丁目,２チョウメ,2,,,,,1,1,0,0,0,0,1,1,1947-04-17,,0,,,,,,,,,,,,,,,,
342033,0009003,2,広島県,ヒロシマケン,Hiroshima,,,,竹原市,タケハラシ,Takehara-shi,,,,忠海長浜,タダノウミナガハマ,Tadanominagahama,三丁目,３チョウメ,3,,,,,1,1,0,0,0,0,1,1,1947-04-17,,0,,,,,,,,,,,,,,,,
342033,0010000,1,広島県,ヒロシマケン,Hiroshima,,,,竹原市,タケハラシ,Takehara-shi,,,,忠海中町,タダノウミナカマチ,,,,,,,,,0,0,0,0,0,0,1,0,1947-04-17,,1,,,,,,,,,,,,,,,,
342033,0010001,2,広島県,ヒロシマケン,Hiroshima,,,,竹原市,タケハラシ,Takehara-shi,,,,忠海中町,タダノウミナカマチ,Tadanominakamachi,一丁目,１チョウメ,1,,,,,1,1,0,0,0,0,1,1,1947-04-17,,0,,,,,,,,,,,,,,,,
342033,0010002,2,広島県,ヒロシマケン,Hiroshima,,,,竹原市,タケハラシ,Takehara-shi,,,,忠海中町,タダノウミナカマチ,Tadanominakamachi,二丁目,２チョウメ,2,,,,,1,1,0,0,0,0,1,1,1947-04-17,,0,,,,,,,,,,,,,,,,
342033,0010003,2,広島県,ヒロシマケン,Hiroshima,,,,竹原市,タケハラシ,Takehara-shi,,,,忠海中町,タダノウミナカマチ,Tadanominakamachi,三丁目,３チョウメ,3,,,,,1,1,0,0,0,0,1,1,1947-04-17,,0,,,,,,,,,,,,,,,,
342033,0010004,2,広島県,ヒロシマケン,Hiroshima,,,,竹原市,タケハラシ,Takehara-shi,,,,忠海中町,タダノウミナカマチ,Tadanominakamachi,四丁目,４チョウメ,4,,,,,1,1,0,0,0,0,1,1,1947-04-17,,0,,,,,,,,,,,,,,,,
342033,0011000,1,広島県,ヒロシマケン,Hiroshima,,,,竹原市,タケハラシ,Takehara-shi,,,,忠海東町,タダノウミヒガシマチ,,,,,,,,,0,0,0,0,0,0,1,0,1947-04-17,,1,,,,,,,,,,,,,,,,
342033,0011001,2,広島県,ヒロシマケン,Hiroshima,,,,竹原市,タケハラシ,Takehara-shi,,,,忠海東町,タダノウミヒガシマチ,Tadanomihigashimachi,一丁目,１チョウメ,1,,,,,1,1,0,0,0,0,1,1,1947-04-17,,0,,,,,,,,,,,,,,,,
342033,0011002,2,広島県,ヒロシマケン,Hiroshima,,,,竹原市,タケハラシ,Takehara-shi,,,,忠海東町,タダノウミヒガシマチ,Tadanomihigashimachi,二丁目,２チョウメ,2,,,,,1,1,0,0,0,0,1,1,1947-04-17,,0,,,,,,,,,,,,,,,,
342033,0011003,2,広島県,ヒロシマケン,Hiroshima,,,,竹原市,タケハラシ,Takehara-shi,,,,忠海東町,タダノウミヒガシマチ,Tadanomihigashimachi,三丁目,３チョウメ,3,,,,,1,1,0,0,0,0,1,1,1947-04-17,,0,,,,,,,,,,,,,,,,
342033,0011004,2,広島県,ヒロシマケン,Hiroshima,,,,竹原市,タケハラシ,Takehara-shi,,,,忠海東町,タダノウミヒガシマチ,Tadanomihigashimachi,四丁目,４チョウメ,4,,,,,1,1,0,0,0,0,1,1,1947-04-17,,0,,,,,,,,,,,,,,,,
342033,0011005,2,広島県,ヒロシマケン,Hiroshima,,,,竹原市,タケハラシ,Takehara-shi,,,,忠海東町,タダノウミヒガシマチ,Tadanomihigashimachi,五丁目,５チョウメ,5,,,,,1,1,0,0,0,0,1,1,1947-04-17,,0,,,,,,,,,,,,,,,,
342033,0012001,2,広島県,ヒロシマケン,Hiroshima,,,,竹原市,タケハラシ,Takehara-shi,,,,田ノ浦,タノウラ,Tanora,一丁目,１チョウメ,1,,,,,1,1,0,0,0,0,1,1,1947-04-17,,0,,,,,,,,,,,,,,,,
342033,0012002,2,広島県,ヒロシマケン,Hiroshima,,,,竹原市,タケハラシ,Takehara-shi,,,,田ノ浦,タノウラ,Tanora,二丁目,２チョウメ,2,,,,,1,1,0,0,0,0,1,1,1947-04-17,,0,,,,,,,,,,,,,,,,
342033,0012003,2,広島県,ヒロシマケン,Hiroshima,,,,竹原市,タケハラシ,Takehara-shi,,,,田ノ浦,タノウラ,Tanora,三丁目,３チョウメ,3,,,,,1,1,0,0,0,0,1,1,1947-04-17,,0,,,,,,,,,,,,,,,,
342033,0013000,1,広島県,ヒロシマケン,Hiroshima,,,,竹原市,タケハラシ,Takehara-shi,,,,田万里町,タマリチョウ,Tamaricho,,,,,,,,0,0,0,0,0,0,1,1,1947-04-17,,0,7250001,,,,,,,,,,,,,,,
342033,0014001,2,広島県,ヒロシマケン,Hiroshima,,,,竹原市,タケハラシ,Takehara-shi,,,,中央,チュウオウ,Chuo,一丁目,１チョウメ,1,,,,,1,1,0,0,0,0,1,1,1947-04-17,,0,,,,,,,,,,,,,,,,
342033,0014002,2,広島県,ヒロシマケン,Hiroshima,,,,竹原市,タケハラシ,Takehara-shi,,,,中央,チュウオウ,Chuo,二丁目,２チョウメ,2,,,,,1,1,0,0,0,0,1,1,1947-04-17,,0,,,,,,,,,,,,,,,,
342033,0014003,2,広島県,ヒロシマケン,Hiroshima,,,,竹原市,タケハラシ,Takehara-shi,,,,中央,チュウオウ,Chuo,三丁目,３チョウメ,3,,,,,1,1,0,0,0,0,1,1,1947-04-17,,0,,,,,,,,,,,,,,,,
342033,0014004,2,広島県,ヒロシマケン,Hiroshima,,,,竹原市,タケハラシ,Takehara-shi,,,,中央,チュウオウ,Chuo,四丁目,４チョウメ,4,,,,,1,1,0,0,0,0,1,1,1947-04-17,,0,,,,,,,,,,,,,,,,
342033,0014005,2,広島県,ヒロシマケン,Hiroshima,,,,竹原市,タケハラシ,Takehara-shi,,,,中央,チュウオウ,Chuo,五丁目,５チョウメ,5,,,,,1,1,0,0,0,0,1,1,1947-04-17,,0,,,,,,,,,,,,,,,,
342033,0015000,1,広島県,ヒロシマケン,Hiroshima,,,,竹原市,タケハラシ,Takehara-shi,,,,仁賀町,ニカチョウ,Nikacho,,,,,,,,0,0,0,0,0,0,1,1,1947-04-17,,0,7250005,,,,,,,,,,,,,,,
342033,0016000,1,広島県,ヒロシマケン,Hiroshima,,,,竹原市,タケハラシ,Takehara-shi,,,,西野町,ニシノチョウ,Nishinocho,,,,,,,,0,0,0,0,0,0,1,1,1947-04-17,,0,7250002,,,,,,,,,,,,,,,
342033,0017000,1,広島県,ヒロシマケン,Hiroshima,,,,竹原市,タケハラシ,Takehara-shi,,,,東野町,ヒガシノチョウ,Higashinocho,,,,,,,,0,0,0,0,0,0,1,1,1947-04-17,,0,7250004,,,,,,,,,,,,,,,
342033,0018000,1,広島県,ヒロシマケン,Hiroshima,,,,竹原市,タケハラシ,Takehara-shi,,,,福田町,フクダチョウ,Fukudacho,,,,,,,,0,0,0,0,0,0,1,1,1947-04-17,,0,7292312,,,,,,,,,,,,,,,
342033,0019001,2,広島県,ヒロシマケン,Hiroshima,,,,竹原市,タケハラシ,Takehara-shi,,,,本町,ホンマチ,Hommachi,一丁目,１チョウメ,1,,,,,1,1,0,0,0,0,1,1,1947-04-17,,0,,,,,,,,,,,,,,,,
342033,0019002,2,広島県,ヒロシマケン,Hiroshima,,,,竹原市,タケハラシ,Takehara-shi,,,,本町,ホンマチ,Hommachi,二丁目,２チョウメ,2,,,,,1,1,0,0,0,0,1,1,1947-04-17,,0,,,,,,,,,,,,,,,,
342033,0019003,2,広島県,ヒロシマケン,Hiroshima,,,,竹原市,タケハラシ,Takehara-shi,,,,本町,ホンマチ,Hommachi,三丁目,３チョウメ,3,,,,,1,1,0,0,0,0,1,1,1947-04-17,,0,,,,,,,,,,,,,,,,
342033,0019004,2,広島県,ヒロシマケン,Hiroshima,,,,竹原市,タケハラシ,Takehara-shi,,,,本町,ホンマチ,Hommachi,四丁目,４チョウメ,4,,,,,1,1,0,0,0,0,1,1,1947-04-17,,0,,,,,,,,,,,,,,,,
342033,0020001,2,広島県,ヒロシマケン,Hiroshima,,,,竹原市,タケハラシ,Takehara-shi,,,,港町,ミナトマチ,Minatomachi,一丁目,１チョウメ,1,,,,,1,1,0,0,0,0,1,1,1947-04-17,,0,,,,,,,,,,,,,,,,
342033,0020002,2,広島県,ヒロシマケン,Hiroshima,,,,竹原市,タケハラシ,Takehara-shi,,,,港町,ミナトマチ,Minatomachi,二丁目,２チョウメ,2,,,,,1,1,0,0,0,0,1,1,1947-04-17,,0,,,,,,,,,,,,,,,,
342033,0020003,2,広島県,ヒロシマケン,Hiroshima,,,,竹原市,タケハラシ,Takehara-shi,,,,港町,ミナトマチ,Minatomachi,三丁目,３チョウメ,3,,,,,1,1,0,0,0,0,1,1,1947-04-17,,0,,,,,,,,,,,,,,,,
342033,0020004,2,広島県,ヒロシマケン,Hiroshima,,,,竹原市,タケハラシ,Takehara-shi,,,,港町,ミナトマチ,Minatomachi,四丁目,４チョウメ,4,,,,,1,1,0,0,0,0,1,1,1947-04-17,,0,,,,,,,,,,,,,,,,
342033,0020005,2,広島県,ヒロシマケン,Hiroshima,,,,竹原市,タケハラシ,Takehara-shi,,,,港町,ミナトマチ,Minatomachi,五丁目,５チョウメ,5,,,,,1,1,0,0,0,0,1,1,1947-04-17,,0,,,,,,,,,,,,,,,,
342033,0021000,1,広島県,ヒロシマケン,Hiroshima,,,,竹原市,タケハラシ,Takehara-shi,,,,吉名町,ヨシナチョウ,Yoshinacho,,,,,,,,0,0,0,0,0,0,1,1,1947-04-17,,0,7250013,,,,,,,,,,,,,,,
342041,0001000,1,広島県,ヒロシマケン,Hiroshima,,,,三原市,ミハラシ,Mihara-shi,,,,青葉台,アオバダイ,Aobadai,,,,,,,,1,1,0,0,0,0,1,1,1947-04-17,,0,7230047,,,,,,,,,,,,,,,
342041,0002000,1,広島県,ヒロシマケン,Hiroshima,,,,三原市,ミハラシ,Mihara-shi,,,,旭町,アサヒマチ,Asahimachi,,,,,,,,0,0,0,0,0,0,1,1,1947-04-17,,0,7230012,,,,,,,,,,,,,,,
342041,0002001,2,広島県,ヒロシマケン,Hiroshima,,,,三原市,ミハラシ,Mihara-shi,,,,旭町,アサヒマチ,Asahimachi,１丁目,１チョウメ,1,,,,,1,1,0,0,0,0,1,1,1947-04-17,,0,,,,,,,,,,,,,,,,
342041,0002002,2,広島県,ヒロシマケン,Hiroshima,,,,三原市,ミハラシ,Mihara-shi,,,,旭町,アサヒマチ,Asahimachi,２丁目,２チョウメ,2,,,,,1,1,0,0,0,0,1,1,1947-04-17,,0,,,,,,,,,,,,,,,,
342041,0003001,2,広島県,ヒロシマケン,Hiroshima,,,,三原市,ミハラシ,Mihara-shi,,,,糸崎,イトサキ,Itosaki,１丁目,１チョウメ,1,,,,,1,1,0,0,0,0,1,1,1947-04-17,,0,,,,,,,,,,,,,,,,
342041,0003002,2,広島県,ヒロシマケン,Hiroshima,,,,三原市,ミハラシ,Mihara-shi,,,,糸崎,イトサキ,Itosaki,２丁目,２チョウメ,2,,,,,1,1,0,0,0,0,1,1,1947-04-17,,0,,,,,,,,,,,,,,,,
342041,0003003,2,広島県,ヒロシマケン,Hiroshima,,,,三原市,ミハラシ,Mihara-shi,,,,糸崎,イトサキ,Itosaki,３丁目,３チョウメ,3,,,,,1,1,0,0,0,0,1,1,1947-04-17,,0,,,,,,,,,,,,,,,,
342041,0003004,2,広島県,ヒロシマケン,Hiroshima,,,,三原市,ミハラシ,Mihara-shi,,,,糸崎,イトサキ,Itosaki,４丁目,４チョウメ,4,,,,,1,1,0,0,0,0,1,1,1947-04-17,,0,,,,,,,,,,,,,,,,
342041,0003005,2,広島県,ヒロシマケン,Hiroshima,,,,三原市,ミハラシ,Mihara-shi,,,,糸崎,イトサキ,Itosaki,５丁目,５チョウメ,5,,,,,1,1,0,0,0,0,1,1,1947-04-17,,0,,,,,,,,,,,,,,,,
342041,0003006,2,広島県,ヒロシマケン,Hiroshima,,,,三原市,ミハラシ,Mihara-shi,,,,糸崎,イトサキ,Itosaki,６丁目,６チョウメ,6,,,,,1,1,0,0,0,0,1,1,1947-04-17,,0,,,,,,,,,,,,,,,,
342041,0003007,2,広島県,ヒロシマケン,Hiroshima,,,,三原市,ミハラシ,Mihara-shi,,,,糸崎,イトサキ,Itosaki,７丁目,７チョウメ,7,,,,,1,1,0,0,0,0,1,1,1947-04-17,,0,,,,,,,,,,,,,,,,
342041,0003008,2,広島県,ヒロシマケン,Hiroshima,,,,三原市,ミハラシ,Mihara-shi,,,,糸崎,イトサキ,Itosaki,８丁目,８チョウメ,8,,,,,1,1,0,0,0,0,1,1,1947-04-17,,0,,,,,,,,,,,,,,,,
342041,0003009,2,広島県,ヒロシマケン,Hiroshima,,,,三原市,ミハラシ,Mihara-shi,,,,糸崎,イトサキ,Itosaki,９丁目,９チョウメ,9,,,,,1,1,0,0,0,0,1,1,1947-04-17,,0,,,,,,,,,,,,,,,,
342041,0004000,1,広島県,ヒロシマケン,Hiroshima,,,,三原市,ミハラシ,Mihara-shi,,,,糸崎町,イトサキチョウ,,,,,,,,,0,0,0,0,0,0,1,1,1947-04-17,,0,,,,,,,,,,,,,,,,
342041,0005001,2,広島県,ヒロシマケン,Hiroshima,,,,三原市,ミハラシ,Mihara-shi,,,,糸崎南,イトサキミナミ,Itosakiminami,１丁目,１チョウメ,1,,,,,1,1,0,0,0,0,1,1,1947-04-17,,0,,,,,,,,,,,,,,,,
342041,0005002,2,広島県,ヒロシマケン,Hiroshima,,,,三原市,ミハラシ,Mihara-shi,,,,糸崎南,イトサキミナミ,Itosakiminami,２丁目,２チョウメ,2,,,,,1,1,0,0,0,0,1,1,1947-04-17,,0,,,,,,,,,,,,,,,,
342041,0006000,1,広島県,ヒロシマケン,Hiroshima,,,,三原市,ミハラシ,Mihara-shi,,,,円一町,エンイチチョウ,Enichicho,,,,,,,,0,0,0,0,0,0,1,1,1947-04-17,,0,7230015,,,,,,,,,,,,,,,
342041,0006001,2,広島県,ヒロシマケン,Hiroshima,,,,三原市,ミハラシ,Mihara-shi,,,,円一町,エンイチチョウ,Enichicho,１丁目,１チョウメ,1,,,,,1,1,0,0,0,0,1,1,1947-04-17,,0,,,,,,,,,,,,,,,,
342041,0006002,2,広島県,ヒロシマケン,Hiroshima,,,,三原市,ミハラシ,Mihara-shi,,,,円一町,エンイチチョウ,Enichicho,２丁目,２チョウメ,2,,,,,1,1,0,0,0,0,1,1,1947-04-17,,0,,,,,,,,,,,,,,,,
342041,0006003,2,広島県,ヒロシマケン,Hiroshima,,,,三原市,ミハラシ,Mihara-shi,,,,円一町,エンイチチョウ,Enichicho,３丁目,３チョウメ,3,,,,,1,1,0,0,0,0,1,1,1947-04-17,,0,,,,,,,,,,,,,,,,
342041,0006004,2,広島県,ヒロシマケン,Hiroshima,,,,三原市,ミハラシ,Mihara-shi,,,,円一町,エンイチチョウ,Enichicho,４丁目,４チョウメ,4,,,,,1,1,0,0,0,0,1,1,1947-04-17,,0,,,,,,,,,,,,,,,,
342041,0006005,2,広島県,ヒロシマケン,Hiroshima,,,,三原市,ミハラシ,Mihara-shi,,,,円一町,エンイチチョウ,Enichicho,５丁目,５チョウメ,5,,,,,1,1,0,0,0,0,1,1,1947-04-17,,0,,,,,,,,,,,,,,,,
342041,0007000,1,広島県,ヒロシマケン,Hiroshima,,,,三原市,ミハラシ,Mihara-shi,,,,大畑町,オオハタチョウ,Ohatacho,,,,,,,,0,0,0,0,0,0,1,1,1947-04-17,,0,7230066,,,,,,,,,,,,,,,
342041,0008000,1,広島県,ヒロシマケン,Hiroshima,,,,三原市,ミハラシ,Mihara-shi,,,,沖浦町,オキウラチョウ,Okiuracho,,,,,,,,0,0,0,0,0,0,1,1,1947-04-17,,0,7230033,,,,,,,,,,,,,,,
342041,0009000,1,広島県,ヒロシマケン,Hiroshima,,,,三原市,ミハラシ,Mihara-shi,,,,奥野山町,オクノヤマチョウ,Okunoyamacho,,,,,,,,0,0,0,0,0,0,1,1,1947-04-17,,0,7290322,,,,,,,,,,,,,,,
342041,0010000,1,広島県,ヒロシマケン,Hiroshima,,,,三原市,ミハラシ,Mihara-shi,,,,小坂町,オサカチョウ,Osakacho,,,,,,,,0,0,0,0,0,0,1,1,1947-04-17,,0,7230131,,,,,,,,,,,,,,,
342041,0011000,1,広島県,ヒロシマケン,Hiroshima,,,,三原市,ミハラシ,Mihara-shi,,,,貝野町,カイノチョウ,Kainocho,,,,,,,,1,1,0,0,0,0,1,1,1947-04-17,,0,7230043,,,,,,,,,,,,,,,
342041,0012000,1,広島県,ヒロシマケン,Hiroshima,,,,三原市,ミハラシ,Mihara-shi,,,,学園町,ガクエンチョウ,Gakuencho,,,,,,,,1,1,0,0,0,0,1,1,1947-04-17,,0,7230053,,,,,,,,,,,,,,,
342041,0013001,2,広島県,ヒロシマケン,Hiroshima,,,,三原市,ミハラシ,Mihara-shi,,,,木原,キハラ,Kihara,１丁目,１チョウメ,1,,,,,1,1,0,0,0,0,1,1,1947-04-17,,0,,,,,,,,,,,,,,,,
342041,0013002,2,広島県,ヒロシマケン,Hiroshima,,,,三原市,ミハラシ,Mihara-shi,,,,木原,キハラ,Kihara,２丁目,２チョウメ,2,,,,,1,1,0,0,0,0,1,1,1947-04-17,,0,,,,,,,,,,,,,,,,
342041,0013003,2,広島県,ヒロシマケン,Hiroshima,,,,三原市,ミハラシ,Mihara-shi,,,,木原,キハラ,Kihara,３丁目,３チョウメ,3,,,,,1,1,0,0,0,0,1,1,1947-04-17,,0,,,,,,,,,,,,,,,,
342041,0013004,2,広島県,ヒロシマケン,Hiroshima,,,,三原市,ミハラシ,Mihara-shi,,,,木原,キハラ,Kihara,４丁目,４チョウメ,4,,,,,1,1,0,0,0,0,1,1,1947-04-17,,0,,,,,,,,,,,,,,,,
342041,0013005,2,広島県,ヒロシマケン,Hiroshima,,,,三原市,ミハラシ,Mihara-shi,,,,木原,キハラ,Kihara,５丁目,５チョウメ,5,,,,,1,1,0,0,0,0,1,1,1947-04-17,,0,,,,,,,,,,,,,,,,
342041,0013006,2,広島県,ヒロシマケン,Hiroshima,,,,三原市,ミハラシ,Mihara-shi,,,,木原,キハラ,Kihara,６丁目,６チョウメ,6,,,,,1,1,0,0,0,0,1,1,1947-04-17,,0,,,,,,,,,,,,,,,,
342041,0014000,1,広島県,ヒロシマケン,Hiroshima,,,,三原市,ミハラシ,Mihara-shi,,,,木原町,キハラチョウ,Kiharacho,,,,,,,,0,0,0,0,0,0,1,1,1947-04-17,,0,7290321,,,,,,,,,,,,,,,
342041,0015000,1,広島県,ヒロシマケン,Hiroshima,,,,三原市,ミハラシ,Mihara-shi,,,,久井町莇原,クイチョウアゾウバラ,Kuicho Azobara,,,,,,,,0,0,0,0,0,0,1,1,1947-04-17,,0,7221301,,,,,,,,,,,,,,,
342041,0016000,1,広島県,ヒロシマケン,Hiroshima,,,,三原市,ミハラシ,Mihara-shi,,,,久井町泉,クイチョウイズミ,Kuicho Izumi,,,,,,,,0,0,0,0,0,0,1,1,1947-04-17,,0,7221411,,,,,,,,,,,,,,,
342041,0017000,1,広島県,ヒロシマケン,Hiroshima,,,,三原市,ミハラシ,Mihara-shi,,,,久井町江木,クイチョウエギ,Kuicho Egi,,,,,,,,0,0,0,0,0,0,1,1,1947-04-17,,0,7221304,,,,,,,,,,,,,,,
342041,0018000,1,広島県,ヒロシマケン,Hiroshima,,,,三原市,ミハラシ,Mihara-shi,,,,久井町小林,クイチョウコバヤシ,Kuicho Kobayashi,,,,,,,,0,0,0,0,0,0,1,1,1947-04-17,,0,7221417,,,,,,,,,,,,,,,
342041,0019000,1,広島県,ヒロシマケン,Hiroshima,,,,三原市,ミハラシ,Mihara-shi,,,,久井町坂井原,クイチョウサカイバラ,Kuicho Sakaibara,,,,,,,,0,0,0,0,0,0,1,1,1947-04-17,,0,7221414,,,,,,,,,,,,,,,
342041,0020000,1,広島県,ヒロシマケン,Hiroshima,,,,三原市,ミハラシ,Mihara-shi,,,,久井町下津,クイチョウシモツ,Kuicho Shimotsu,,,,,,,,0,0,0,0,0,0,1,1,1947-04-17,,0,7221303,,,,,,,,,,,,,,,
342041,0021000,1,広島県,ヒロシマケン,Hiroshima,,,,三原市,ミハラシ,Mihara-shi,,,,久井町土取,クイチョウツチトリ,Kuicho Tsuchitori,,,,,,,,0,0,0,0,0,0,1,1,1947-04-17,,0,7221415,,,,,,,,,,,,,,,
342041,0022000,1,広島県,ヒロシマケン,Hiroshima,,,,三原市,ミハラシ,Mihara-shi,,,,久井町羽倉,クイチョウハグラ,Kuicho Hagura,,,,,,,,0,0,0,0,0,0,1,1,1947-04-17,,0,7221413,,,,,,,,,,,,,,,
342041,0023000,1,広島県,ヒロシマケン,Hiroshima,,,,三原市,ミハラシ,Mihara-shi,,,,久井町山中野,クイチョウヤマナカノ,Kuicho Yamanakano,,,,,,,,0,0,0,0,0,0,1,1,1947-04-17,,0,7221416,,,,,,,,,,,,,,,
342041,0024000,1,広島県,ヒロシマケン,Hiroshima,,,,三原市,ミハラシ,Mihara-shi,,,,久井町吉田,クイチョウヨシダ,Kuicho Yoshida,,,,,,,,0,0,0,0,0,0,1,1,1947-04-17,,0,7221302,,,,,,,,,,,,,,,
342041,0025000,1,広島県,ヒロシマケン,Hiroshima,,,,三原市,ミハラシ,Mihara-shi,,,,久井町和草,クイチョウワソウ,Kuicho Waso,,,,,,,,0,0,0,0,0,0,1,1,1947-04-17,,0,7221412,,,,,,,,,,,,,,,
342041,0026000,1,広島県,ヒロシマケン,Hiroshima,,,,三原市,ミハラシ,Mihara-shi,,,,小泉町,コイズミチョウ,Koizumicho,,,,,,,,0,0,0,0,0,0,1,1,1947-04-17,,0,7292361,,,,,,,,,,,,,,,
342041,0027001,2,広島県,ヒロシマケン,Hiroshima,,,,三原市,ミハラシ,Mihara-shi,,,,古浜,コハマ,Kohama,１丁目,１チョウメ,1,,,,,1,1,0,0,0,0,1,1,1947-04-17,,0,,,,,,,,,,,,,,,,
342041,0027002,2,広島県,ヒロシマケン,Hiroshima,,,,三原市,ミハラシ,Mihara-shi,,,,古浜,コハマ,Kohama,２丁目,２チョウメ,2,,,,,1,1,0,0,0,0,1,1,1947-04-17,,0,,,,,,,,,,,,,,,,
342041,0027003,2,広島県,ヒロシマケン,Hiroshima,,,,三原市,ミハラシ,Mihara-shi,,,,古浜,コハマ,Kohama,３丁目,３チョウメ,3,,,,,1,1,0,0,0,0,1,1,1947-04-17,,0,,,,,,,,,,,,,,,,
342041,0028000,1,広島県,ヒロシマケン,Hiroshima,,,,三原市,ミハラシ,Mihara-shi,,,,駒ケ原町,コマガハラチョウ,Komagaharacho,,,,,,,,0,0,0,0,0,0,1,1,1947-04-17,,0,7230006,,,,,,,,,,,,,,,
342041,0029000,1,広島県,ヒロシマケン,Hiroshima,,,,三原市,ミハラシ,Mihara-shi,,,,幸崎久和喜,サイザキクワキ,Saizaki Kuwaki,,,,,,,,1,1,0,0,0,0,1,1,1947-04-17,,0,7292251,,,,,,,,,,,,,,,
342041,0030000,1,広島県,ヒロシマケン,Hiroshima,,,,三原市,ミハラシ,Mihara-shi,,,,幸崎町久和喜,サイザキチョウクワキ,Saizakicho Kuwaki,,,,,,,,0,0,0,0,0,0,1,1,1947-04-17,,0,7292251,,,,,,,,,,,,,,,
342041,0031000,1,広島県,ヒロシマケン,Hiroshima,,,,三原市,ミハラシ,Mihara-shi,,,,幸崎町能地,サイザキチョウノウジ,Saizakicho Noji,,,,,,,,0,0,0,0,0,0,1,1,1947-04-17,,0,7292252,,,,,,,,,,,,,,,
342041,0032000,1,広島県,ヒロシマケン,Hiroshima,,,,三原市,ミハラシ,Mihara-shi,,,,幸崎町渡瀬,サイザキチョウワタセ,Saizakicho Watase,,,,,,,,0,0,0,0,0,0,1,1,1947-04-17,,0,7292253,,,,,,,,,,,,,,,
342041,0033001,2,広島県,ヒロシマケン,Hiroshima,,,,三原市,ミハラシ,Mihara-shi,,,,幸崎能地,サイザキノウジ,Saizaki Noji,１丁目,１チョウメ,1,,,,,1,1,0,0,0,0,1,1,1947-04-17,,0,,,,,,,,,,,,,,,,
342041,0033002,2,広島県,ヒロシマケン,Hiroshima,,,,三原市,ミハラシ,Mihara-shi,,,,幸崎能地,サイザキノウジ,Saizaki Noji,２丁目,２チョウメ,2,,,,,0,0,0,0,0,0,1,1,1947-04-17,,0,,,,,,,,,,,,,,,,
342041,0033002,2,広島県,ヒロシマケン,Hiroshima,,,,三原市,ミハラシ,Mihara-shi,,,,幸崎能地,サイザキノウジ,Saizaki Noji,２丁目,２チョウメ,2,,,,,1,1,0,0,0,0,1,1,1947-04-17,,0,,,,,,,,,,,,,,,,
342041,0033003,2,広島県,ヒロシマケン,Hiroshima,,,,三原市,ミハラシ,Mihara-shi,,,,幸崎能地,サイザキノウジ,Saizaki Noji,３丁目,３チョウメ,3,,,,,1,1,0,0,0,0,1,1,1947-04-17,,0,,,,,,,,,,,,,,,,
342041,0033004,2,広島県,ヒロシマケン,Hiroshima,,,,三原市,ミハラシ,Mihara-shi,,,,幸崎能地,サイザキノウジ,Saizaki Noji,４丁目,４チョウメ,4,,,,,0,0,0,0,0,0,1,1,1947-04-17,,0,,,,,,,,,,,,,,,,
342041,0033004,2,広島県,ヒロシマケン,Hiroshima,,,,三原市,ミハラシ,Mihara-shi,,,,幸崎能地,サイザキノウジ,Saizaki Noji,４丁目,４チョウメ,4,,,,,1,1,0,0,0,0,1,1,1947-04-17,,0,,,,,,,,,,,,,,,,
342041,0033005,2,広島県,ヒロシマケン,Hiroshima,,,,三原市,ミハラシ,Mihara-shi,,,,幸崎能地,サイザキノウジ,Saizaki Noji,５丁目,５チョウメ,5,,,,,1,1,0,0,0,0,1,1,1947-04-17,,0,,,,,,,,,,,,,,,,
342041,0033006,2,広島県,ヒロシマケン,Hiroshima,,,,三原市,ミハラシ,Mihara-shi,,,,幸崎能地,サイザキノウジ,Saizaki Noji,６丁目,６チョウメ,6,,,,,1,1,0,0,0,0,1,1,1947-04-17,,0,,,,,,,,,,,,,,,,
342041,0033007,2,広島県,ヒロシマケン,Hiroshima,,,,三原市,ミハラシ,Mihara-shi,,,,幸崎能地,サイザキノウジ,Saizaki Noji,７丁目,７チョウメ,7,,,,,1,1,0,0,0,0,1,1,1947-04-17,,0,,,,,,,,,,,,,,,,
342041,0034000,1,広島県,ヒロシマケン,Hiroshima,,,,三原市,ミハラシ,Mihara-shi,,,,幸崎渡瀬,サイザキワタセ,Saizaki Watase,,,,,,,,1,1,0,0,0,0,1,1,1947-04-17,,0,7292253,,,,,,,,,,,,,,,
342041,0035000,1,広島県,ヒロシマケン,Hiroshima,,,,三原市,ミハラシ,Mihara-shi,,,,鷺浦町須波,サギウラチョウスナミ,Sagiuracho Sunami,,,,,,,,0,0,0,0,0,0,1,1,1947-04-17,,0,7230021,,,,,,,,,,,,,,,
342041,0036000,1,広島県,ヒロシマケン,Hiroshima,,,,三原市,ミハラシ,Mihara-shi,,,,鷺浦町向田野浦,サギウラチョウムコウタノウラ,Sagiuracho Mukotanora,,,,,,,,0,0,0,0,0,0,1,1,1947-04-17,,0,7230022,,,,,,,,,,,,,,,
342041,0037000,1,広島県,ヒロシマケン,Hiroshima,,,,三原市,ミハラシ,Mihara-shi,,,,桜山町,サクラヤマチョウ,Sakurayamacho,,,,,,,,0,0,0,0,0,0,1,1,1947-04-17,,0,7230005,,,,,,,,,,,,,,,
342041,0038001,2,広島県,ヒロシマケン,Hiroshima,,,,三原市,ミハラシ,Mihara-shi,,,,下北方,シモキタガタ,Shimokitagata,１丁目,１チョウメ,1,,,,,1,1,0,0,0,0,1,1,1947-04-17,,0,,,,,,,,,,,,,,,,
342041,0038002,2,広島県,ヒロシマケン,Hiroshima,,,,三原市,ミハラシ,Mihara-shi,,,,下北方,シモキタガタ,Shimokitagata,２丁目,２チョウメ,2,,,,,1,1,0,0,0,0,1,1,1947-04-17,,0,,,,,,,,,,,,,,,,
342041,0039000,1,広島県,ヒロシマケン,Hiroshima,,,,三原市,ミハラシ,Mihara-shi,,,,城町,シロマチ,Shiromachi,,,,,,,,0,0,0,0,0,0,1,1,1947-04-17,,0,7230014,,,,,,,,,,,,,,,
342041,0039001,2,広島県,ヒロシマケン,Hiroshima,,,,三原市,ミハラシ,Mihara-shi,,,,城町,シロマチ,Shiromachi,１丁目,１チョウメ,1,,,,,1,1,0,0,0,0,1,1,1947-04-17,,0,,,,,,,,,,,,,,,,
342041,0039002,2,広島県,ヒロシマケン,Hiroshima,,,,三原市,ミハラシ,Mihara-shi,,,,城町,シロマチ,Shiromachi,２丁目,２チョウメ,2,,,,,1,1,0,0,0,0,1,1,1947-04-17,,0,,,,,,,,,,,,,,,,
342041,0039003,2,広島県,ヒロシマケン,Hiroshima,,,,三原市,ミハラシ,Mihara-shi,,,,城町,シロマチ,Shiromachi,３丁目,３チョウメ,3,,,,,1,1,0,0,0,0,1,1,1947-04-17,,0,,,,,,,,,,,,,,,,
342041,0040001,2,広島県,ヒロシマケン,Hiroshima,,,,三原市,ミハラシ,Mihara-shi,,,,新倉,シンクラ,Shinkura,１丁目,１チョウメ,1,,,,,1,1,0,0,0,0,1,1,1947-04-17,,0,,,,,,,,,,,,,,,,
342041,0040002,2,広島県,ヒロシマケン,Hiroshima,,,,三原市,ミハラシ,Mihara-shi,,,,新倉,シンクラ,Shinkura,２丁目,２チョウメ,2,,,,,1,1,0,0,0,0,1,1,1947-04-17,,0,,,,,,,,,,,,,,,,
342041,0040003,2,広島県,ヒロシマケン,Hiroshima,,,,三原市,ミハラシ,Mihara-shi,,,,新倉,シンクラ,Shinkura,３丁目,３チョウメ,3,,,,,1,1,0,0,0,0,1,1,1947-04-17,,0,,,,,,,,,,,,,,,,
342041,0041000,1,広島県,ヒロシマケン,Hiroshima,,,,三原市,ミハラシ,Mihara-shi,,,,新倉町,シンクラチョウ,Shinkuracho,,,,,,,,0,0,0,0,0,0,1,1,1947-04-17,,0,7230134,,,,,,,,,,,,,,,
342041,0042001,2,広島県,ヒロシマケン,Hiroshima,,,,三原市,ミハラシ,Mihara-shi,,,,須波,スナミ,Sunami,１丁目,１チョウメ,1,,,,,1,1,0,0,0,0,1,1,1947-04-17,,0,,,,,,,,,,,,,,,,
342041,0042002,2,広島県,ヒロシマケン,Hiroshima,,,,三原市,ミハラシ,Mihara-shi,,,,須波,スナミ,Sunami,２丁目,２チョウメ,2,,,,,1,1,0,0,0,0,1,1,1947-04-17,,0,,,,,,,,,,,,,,,,
342041,0043000,1,広島県,ヒロシマケン,Hiroshima,,,,三原市,ミハラシ,Mihara-shi,,,,須波町,スナミチョウ,Sunamicho,,,,,,,,0,0,0,0,0,0,1,1,1947-04-17,,0,7230031,,,,,,,,,,,,,,,
342041,0044001,2,広島県,ヒロシマケン,Hiroshima,,,,三原市,ミハラシ,Mihara-shi,,,,須波西,スナミニシ,Sunaminishi,１丁目,１チョウメ,1,,,,,1,1,0,0,0,0,1,1,1947-04-17,,0,,,,,,,,,,,,,,,,
342041,0044002,2,広島県,ヒロシマケン,Hiroshima,,,,三原市,ミハラシ,Mihara-shi,,,,須波西,スナミニシ,Sunaminishi,２丁目,２チョウメ,2,,,,,1,1,0,0,0,0,1,1,1947-04-17,,0,,,,,,,,,,,,,,,,
342041,0045000,1,広島県,ヒロシマケン,Hiroshima,,,,三原市,ミハラシ,Mihara-shi,,,,須波西町,スナミニシマチ,Sunaminishimachi,,,,,,,,0,0,0,0,0,0,1,1,1947-04-17,,0,7230032,,,,,,,,,,,,,,,
342041,0046001,2,広島県,ヒロシマケン,Hiroshima,,,,三原市,ミハラシ,Mihara-shi,,,,須波ハイツ,スナミハイツ,Sunamihaitsu,１丁目,１チョウメ,1,,,,,1,1,0,0,0,0,1,1,1947-04-17,,0,,,,,,,,,,,,,,,,
342041,0046002,2,広島県,ヒロシマケン,Hiroshima,,,,三原市,ミハラシ,Mihara-shi,,,,須波ハイツ,スナミハイツ,Sunamihaitsu,２丁目,２チョウメ,2,,,,,1,1,0,0,0,0,1,1,1947-04-17,,0,,,,,,,,,,,,,,,,
342041,0046003,2,広島県,ヒロシマケン,Hiroshima,,,,三原市,ミハラシ,Mihara-shi,,,,須波ハイツ,スナミハイツ,Sunamihaitsu,３丁目,３チョウメ,3,,,,,1,1,0,0,0,0,1,1,1947-04-17,,0,,,,,,,,,,,,,,,,
342041,0046004,2,広島県,ヒロシマケン,Hiroshima,,,,三原市,ミハラシ,Mihara-shi,,,,須波ハイツ,スナミハイツ,Sunamihaitsu,４丁目,４チョウメ,4,,,,,1,1,0,0,0,0,1,1,1947-04-17,,0,,,,,,,,,,,,,,,,
342041,0047001,2,広島県,ヒロシマケン,Hiroshima,,,,三原市,ミハラシ,Mihara-shi,,,,宗郷,ソウゴウ,Sogo,１丁目,１チョウメ,1,,,,,1,1,0,0,0,0,1,1,1947-04-17,,0,,,,,,,,,,,,,,,,
342041,0047002,2,広島県,ヒロシマケン,Hiroshima,,,,三原市,ミハラシ,Mihara-shi,,,,宗郷,ソウゴウ,Sogo,２丁目,２チョウメ,2,,,,,1,1,0,0,0,0,1,1,1947-04-17,,0,,,,,,,,,,,,,,,,
342041,0047003,2,広島県,ヒロシマケン,Hiroshima,,,,三原市,ミハラシ,Mihara-shi,,,,宗郷,ソウゴウ,Sogo,３丁目,３チョウメ,3,,,,,1,1,0,0,0,0,1,1,1947-04-17,,0,,,,,,,,,,,,,,,,
342041,0047004,2,広島県,ヒロシマケン,Hiroshima,,,,三原市,ミハラシ,Mihara-shi,,,,宗郷,ソウゴウ,Sogo,４丁目,４チョウメ,4,,,,,1,1,0,0,0,0,1,1,1947-04-17,,0,,,,,,,,,,,,,,,,
342041,0047005,2,広島県,ヒロシマケン,Hiroshima,,,,三原市,ミハラシ,Mihara-shi,,,,宗郷,ソウゴウ,Sogo,５丁目,５チョウメ,5,,,,,1,1,0,0,0,0,1,1,1947-04-17,,0,,,,,,,,,,,,,,,,
342041,0048000,1,広島県,ヒロシマケン,Hiroshima,,,,三原市,ミハラシ,Mihara-shi,,,,宗郷町,ソウゴウチョウ,,,,,,,,,0,0,0,0,0,0,1,1,1947-04-17,,0,,,,,,,,,,,,,,,,
342041,0049000,1,広島県,ヒロシマケン,Hiroshima,,,,三原市,ミハラシ,Mihara-shi,,,,大和町姥ヶ原,ダイワチョウウバガハラ,Daiwacho Ubagahara,,,,,,,,0,0,0,0,0,0,1,1,1947-04-17,,0,7291212,,,,,,,,,,,,,,,
342041,0050000,1,広島県,ヒロシマケン,Hiroshima,,,,三原市,ミハラシ,Mihara-shi,,,,大和町大具,ダイワチョウオオグ,Daiwacho Ogu,,,,,,,,0,0,0,0,0,0,1,1,1947-04-17,,0,7291323,,,,,,,,,,,,,,,
342041,0051000,1,広島県,ヒロシマケン,Hiroshima,,,,三原市,ミハラシ,Mihara-shi,,,,大和町大草,ダイワチョウオオグサ,Daiwacho Ogusa,,,,,,,,0,0,0,0,0,0,1,1,1947-04-17,,0,7291211,,,,,,,,,,,,,,,
342041,0052000,1,広島県,ヒロシマケン,Hiroshima,,,,三原市,ミハラシ,Mihara-shi,,,,大和町上草井,ダイワチョウカミグサイ,Daiwacho Kamigusai,,,,,,,,0,0,0,0,0,0,1,1,1947-04-17,,0,7291332,,,,,,,,,,,,,,,
342041,0053000,1,広島県,ヒロシマケン,Hiroshima,,,,三原市,ミハラシ,Mihara-shi,,,,大和町上徳良,ダイワチョウカミトクラ,Daiwacho Kamitokura,,,,,,,,0,0,0,0,0,0,1,1,1947-04-17,,0,7291405,,,,,,,,,,,,,,,
342041,0054000,1,広島県,ヒロシマケン,Hiroshima,,,,三原市,ミハラシ,Mihara-shi,,,,大和町蔵宗,ダイワチョウクラムネ,Daiwacho Kuramune,,,,,,,,0,0,0,0,0,0,1,1,1947-04-17,,0,7291401,,,,,,,,,,,,,,,
342041,0055000,1,広島県,ヒロシマケン,Hiroshima,,,,三原市,ミハラシ,Mihara-shi,,,,大和町篠,ダイワチョウシノ,Daiwacho Shino,,,,,,,,0,0,0,0,0,0,1,1,1947-04-17,,0,7291402,,,,,,,,,,,,,,,
342041,0056000,1,広島県,ヒロシマケン,Hiroshima,,,,三原市,ミハラシ,Mihara-shi,,,,大和町下草井,ダイワチョウシモグサイ,Daiwacho Shimogusai,,,,,,,,0,0,0,0,0,0,1,1,1947-04-17,,0,7291333,,,,,,,,,,,,,,,
342041,0057000,1,広島県,ヒロシマケン,Hiroshima,,,,三原市,ミハラシ,Mihara-shi,,,,大和町下徳良,ダイワチョウシモトクラ,Daiwacho Shimotokura,,,,,,,,0,0,0,0,0,0,1,1,1947-04-17,,0,7291406,,,,,,,,,,,,,,,
342041,0058000,1,広島県,ヒロシマケン,Hiroshima,,,,三原市,ミハラシ,Mihara-shi,,,,大和町萩原,ダイワチョウハイバラ,Daiwacho Haibara,,,,,,,,0,0,0,0,0,0,1,1,1947-04-17,,0,7291403,,,,,,,,,,,,,,,
342041,0059000,1,広島県,ヒロシマケン,Hiroshima,,,,三原市,ミハラシ,Mihara-shi,,,,大和町箱川,ダイワチョウハコガワ,Daiwacho Hakogawa,,,,,,,,0,0,0,0,0,0,1,1,1947-04-17,,0,7291322,,,,,,,,,,,,,,,
342041,0060000,1,広島県,ヒロシマケン,Hiroshima,,,,三原市,ミハラシ,Mihara-shi,,,,大和町平坂,ダイワチョウヒラサカ,Daiwacho Hirasaka,,,,,,,,0,0,0,0,0,0,1,1,1947-04-17,,0,7291213,,,,,,,,,,,,,,,
342041,0061000,1,広島県,ヒロシマケン,Hiroshima,,,,三原市,ミハラシ,Mihara-shi,,,,大和町福田,ダイワチョウフクダ,Daiwacho Fukuda,,,,,,,,0,0,0,0,0,0,1,1,1947-04-17,,0,7291404,,,,,,,,,,,,,,,
342041,0062000,1,広島県,ヒロシマケン,Hiroshima,,,,三原市,ミハラシ,Mihara-shi,,,,大和町椋梨,ダイワチョウムクナシ,Daiwacho Mukunashi,,,,,,,,0,0,0,0,0,0,1,1,1947-04-17,,0,7291331,,,,,,,,,,,,,,,
342041,0063000,1,広島県,ヒロシマケン,Hiroshima,,,,三原市,ミハラシ,Mihara-shi,,,,大和町和木,ダイワチョウワキ,Daiwacho Waki,,,,,,,,0,0,0,0,0,0,1,1,1947-04-17,,0,7291321,,,,,,,,,,,,,,,
342041,0064000,1,広島県,ヒロシマケン,Hiroshima,,,,三原市,ミハラシ,Mihara-shi,,,,高坂町真良,タカサカチョウシンラ,Takasakacho Shinra,,,,,,,,0,0,0,0,0,0,1,1,1947-04-17,,0,7290472,,,,,,,,,,,,,,,
342041,0065000,1,広島県,ヒロシマケン,Hiroshima,,,,三原市,ミハラシ,Mihara-shi,,,,高坂町許山,タカサカチョウモトヤマ,Takasakacho Motoyama,,,,,,,,0,0,0,0,0,0,1,1,1947-04-17,,0,7290471,,,,,,,,,,,,,,,
342041,0066001,2,広島県,ヒロシマケン,Hiroshima,,,,三原市,ミハラシ,Mihara-shi,,,,田野浦,タノウラ,Tanora,１丁目,１チョウメ,1,,,,,1,1,0,0,0,0,1,1,1947-04-17,,0,,,,,,,,,,,,,,,,
342041,0066002,2,広島県,ヒロシマケン,Hiroshima,,,,三原市,ミハラシ,Mihara-shi,,,,田野浦,タノウラ,Tanora,２丁目,２チョウメ,2,,,,,1,1,0,0,0,0,1,1,1947-04-17,,0,,,,,,,,,,,,,,,,
342041,0066003,2,広島県,ヒロシマケン,Hiroshima,,,,三原市,ミハラシ,Mihara-shi,,,,田野浦,タノウラ,Tanora,３丁目,３チョウメ,3,,,,,1,1,0,0,0,0,1,1,1947-04-17,,0,,,,,,,,,,,,,,,,
342041,0067000,1,広島県,ヒロシマケン,Hiroshima,,,,三原市,ミハラシ,Mihara-shi,,,,田野浦町,タノウラチョウ,,,,,,,,,0,0,0,0,0,0,1,1,1947-04-17,,0,,,,,,,,,,,,,,,,
342041,0068001,2,広島県,ヒロシマケン,Hiroshima,,,,三原市,ミハラシ,Mihara-shi,,,,長谷,ナガタニ,Nagatani,１丁目,１チョウメ,1,,,,,1,1,0,0,0,0,1,1,1947-04-17,,0,,,,,,,,,,,,,,,,
342041,0068002,2,広島県,ヒロシマケン,Hiroshima,,,,三原市,ミハラシ,Mihara-shi,,,,長谷,ナガタニ,Nagatani,２丁目,２チョウメ,2,,,,,1,1,0,0,0,0,1,1,1947-04-17,,0,,,,,,,,,,,,,,,,
342041,0068003,2,広島県,ヒロシマケン,Hiroshima,,,,三原市,ミハラシ,Mihara-shi,,,,長谷,ナガタニ,Nagatani,３丁目,３チョウメ,3,,,,,1,1,0,0,0,0,1,1,1947-04-17,,0,,,,,,,,,,,,,,,,
342041,0068004,2,広島県,ヒロシマケン,Hiroshima,,,,三原市,ミハラシ,Mihara-shi,,,,長谷,ナガタニ,Nagatani,４丁目,４チョウメ,4,,,,,1,1,0,0,0,0,1,1,1947-04-17,,0,,,,,,,,,,,,,,,,
342041,0068005,2,広島県,ヒロシマケン,Hiroshima,,,,三原市,ミハラシ,Mihara-shi,,,,長谷,ナガタニ,Nagatani,５丁目,５チョウメ,5,,,,,1,1,0,0,0,0,1,1,1947-04-17,,0,,,,,,,,,,,,,,,,
342041,0069000,1,広島県,ヒロシマケン,Hiroshima,,,,三原市,ミハラシ,Mihara-shi,,,,長谷町,ナガタニチョウ,Nagatanicho,,,,,,,,0,0,0,0,0,0,1,1,1947-04-17,,0,7230132,,,,,,,,,,,,,,,
342041,0070000,1,広島県,ヒロシマケン,Hiroshima,,,,三原市,ミハラシ,Mihara-shi,,,,中之町,ナカノチョウ,Nakanocho,,,,,,,,0,0,0,0,0,0,1,1,1947-04-17,,0,7230003,,,,,,,,,,,,,,,
342041,0070001,2,広島県,ヒロシマケン,Hiroshima,,,,三原市,ミハラシ,Mihara-shi,,,,中之町,ナカノチョウ,Nakanocho,１丁目,１チョウメ,1,,,,,1,1,0,0,0,0,1,1,1947-04-17,,0,,,,,,,,,,,,,,,,
342041,0070002,2,広島県,ヒロシマケン,Hiroshima,,,,三原市,ミハラシ,Mihara-shi,,,,中之町,ナカノチョウ,Nakanocho,２丁目,２チョウメ,2,,,,,1,1,0,0,0,0,1,1,1947-04-17,,0,,,,,,,,,,,,,,,,
342041,0070003,2,広島県,ヒロシマケン,Hiroshima,,,,三原市,ミハラシ,Mihara-shi,,,,中之町,ナカノチョウ,Nakanocho,３丁目,３チョウメ,3,,,,,1,1,0,0,0,0,1,1,1947-04-17,,0,,,,,,,,,,,,,,,,
342041,0070004,2,広島県,ヒロシマケン,Hiroshima,,,,三原市,ミハラシ,Mihara-shi,,,,中之町,ナカノチョウ,Nakanocho,４丁目,４チョウメ,4,,,,,1,1,0,0,0,0,1,1,1947-04-17,,0,,,,,,,,,,,,,,,,
342041,0070005,2,広島県,ヒロシマケン,Hiroshima,,,,三原市,ミハラシ,Mihara-shi,,,,中之町,ナカノチョウ,Nakanocho,５丁目,５チョウメ,5,,,,,1,1,0,0,0,0,1,1,1947-04-17,,0,,,,,,,,,,,,,,,,
342041,0070006,2,広島県,ヒロシマケン,Hiroshima,,,,三原市,ミハラシ,Mihara-shi,,,,中之町,ナカノチョウ,Nakanocho,６丁目,６チョウメ,6,,,,,1,1,0,0,0,0,1,1,1947-04-17,,0,,,,,,,,,,,,,,,,
342041,0070007,2,広島県,ヒロシマケン,Hiroshima,,,,三原市,ミハラシ,Mihara-shi,,,,中之町,ナカノチョウ,Nakanocho,７丁目,７チョウメ,7,,,,,1,1,0,0,0,0,1,1,1947-04-17,,0,,,,,,,,,,,,,,,,
342041,0070008,2,広島県,ヒロシマケン,Hiroshima,,,,三原市,ミハラシ,Mihara-shi,,,,中之町,ナカノチョウ,Nakanocho,８丁目,８チョウメ,8,,,,,1,1,0,0,0,0,1,1,1947-04-17,,0,,,,,,,,,,,,,,,,
342041,0070009,2,広島県,ヒロシマケン,Hiroshima,,,,三原市,ミハラシ,Mihara-shi,,,,中之町,ナカノチョウ,Nakanocho,９丁目,９チョウメ,9,,,,,1,1,0,0,0,0,1,1,1947-04-17,,0,,,,,,,,,,,,,,,,
342041,0071000,1,広島県,ヒロシマケン,Hiroshima,,,,三原市,ミハラシ,Mihara-shi,,,,中之町北,ナカノチョウキタ,Nakanocho Kita,,,,,,,,0,0,0,0,0,0,1,1,1947-04-17,,0,7230007,,,,,,,,,,,,,,,
342041,0072000,1,広島県,ヒロシマケン,Hiroshima,,,,三原市,ミハラシ,Mihara-shi,,,,中之町南,ナカノチョウミナミ,Nakanocho Minami,,,,,,,,0,0,0,0,0,0,1,1,1947-04-17,,0,7230002,,,,,,,,,,,,,,,
342041,0073001,2,広島県,ヒロシマケン,Hiroshima,,,,三原市,ミハラシ,Mihara-shi,,,,西野,ニシノ,Nishino,１丁目,１チョウメ,1,,,,,1,1,0,0,0,0,1,1,1947-04-17,,0,,,,,,,,,,,,,,,,
342041,0073002,2,広島県,ヒロシマケン,Hiroshima,,,,三原市,ミハラシ,Mihara-shi,,,,西野,ニシノ,Nishino,２丁目,２チョウメ,2,,,,,1,1,0,0,0,0,1,1,1947-04-17,,0,,,,,,,,,,,,,,,,
342041,0073003,2,広島県,ヒロシマケン,Hiroshima,,,,三原市,ミハラシ,Mihara-shi,,,,西野,ニシノ,Nishino,３丁目,３チョウメ,3,,,,,1,1,0,0,0,0,1,1,1947-04-17,,0,,,,,,,,,,,,,,,,
342041,0073004,2,広島県,ヒロシマケン,Hiroshima,,,,三原市,ミハラシ,Mihara-shi,,,,西野,ニシノ,Nishino,４丁目,４チョウメ,4,,,,,1,1,0,0,0,0,1,1,1947-04-17,,0,,,,,,,,,,,,,,,,
342041,0073005,2,広島県,ヒロシマケン,Hiroshima,,,,三原市,ミハラシ,Mihara-shi,,,,西野,ニシノ,Nishino,５丁目,５チョウメ,5,,,,,1,1,0,0,0,0,1,1,1947-04-17,,0,,,,,,,,,,,,,,,,
342041,0074000,1,広島県,ヒロシマケン,Hiroshima,,,,三原市,ミハラシ,Mihara-shi,,,,西町,ニシマチ,Nishimachi,,,,,,,,0,0,0,0,0,0,1,1,1947-04-17,,0,7230063,,,,,,,,,,,,,,,
342041,0074001,2,広島県,ヒロシマケン,Hiroshima,,,,三原市,ミハラシ,Mihara-shi,,,,西町,ニシマチ,Nishimachi,１丁目,１チョウメ,1,,,,,1,1,0,0,0,0,1,1,1947-04-17,,0,,,,,,,,,,,,,,,,
342041,0074002,2,広島県,ヒロシマケン,Hiroshima,,,,三原市,ミハラシ,Mihara-shi,,,,西町,ニシマチ,Nishimachi,２丁目,２チョウメ,2,,,,,1,1,0,0,0,0,1,1,1947-04-17,,0,,,,,,,,,,,,,,,,
342041,0075001,2,広島県,ヒロシマケン,Hiroshima,,,,三原市,ミハラシ,Mihara-shi,,,,西宮,ニシミヤ,Nishimiya,１丁目,１チョウメ,1,,,,,1,1,0,0,0,0,1,1,1947-04-17,,0,,,,,,,,,,,,,,,,
342041,0075002,2,広島県,ヒロシマケン,Hiroshima,,,,三原市,ミハラシ,Mihara-shi,,,,西宮,ニシミヤ,Nishimiya,２丁目,２チョウメ,2,,,,,1,1,0,0,0,0,1,1,1947-04-17,,0,,,,,,,,,,,,,,,,
342041,0076001,2,広島県,ヒロシマケン,Hiroshima,,,,三原市,ミハラシ,Mihara-shi,,,,沼田,ヌタ,Nuta,１丁目,１チョウメ,1,,,,,1,1,0,0,0,0,1,1,1947-04-17,,0,,,,,,,,,,,,,,,,
342041,0076002,2,広島県,ヒロシマケン,Hiroshima,,,,三原市,ミハラシ,Mihara-shi,,,,沼田,ヌタ,Nuta,２丁目,２チョウメ,2,,,,,1,1,0,0,0,0,1,1,1947-04-17,,0,,,,,,,,,,,,,,,,
342041,0076003,2,広島県,ヒロシマケン,Hiroshima,,,,三原市,ミハラシ,Mihara-shi,,,,沼田,ヌタ,Nuta,３丁目,３チョウメ,3,,,,,1,1,0,0,0,0,1,1,1947-04-17,,0,,,,,,,,,,,,,,,,
342041,0077000,1,広島県,ヒロシマケン,Hiroshima,,,,三原市,ミハラシ,Mihara-shi,,,,沼田町,ヌタチョウ,Nutacho,,,,,,,,0,0,0,0,0,0,1,1,1947-04-17,,0,7230133,,,,,,,,,,,,,,,
342041,0078000,1,広島県,ヒロシマケン,Hiroshima,,,,三原市,ミハラシ,Mihara-shi,,,,沼田西町小原,ヌタニシチョウオバラ,Nutanishicho Obara,,,,,,,,0,0,0,0,0,0,1,1,1947-04-17,,0,7290473,,,,,,,,,,,,,,,
342041,0079000,1,広島県,ヒロシマケン,Hiroshima,,,,三原市,ミハラシ,Mihara-shi,,,,沼田西町惣定,ヌタニシチョウソウジョウ,Nutanishicho Sojo,,,,,,,,0,0,0,0,0,0,1,1,1947-04-17,,0,7290474,,,,,,,,,,,,,,,
342041,0080000,1,広島県,ヒロシマケン,Hiroshima,,,,三原市,ミハラシ,Mihara-shi,,,,沼田西町松江,ヌタニシチョウマツエ,Nutanishicho Matsue,,,,,,,,0,0,0,0,0,0,1,1,1947-04-17,,0,7290475,,,,,,,,,,,,,,,
342041,0081000,1,広島県,ヒロシマケン,Hiroshima,,,,三原市,ミハラシ,Mihara-shi,,,,沼田東町片島,ヌタヒガシチョウカタシマ,Nutahigashicho Katashima,,,,,,,,0,0,0,0,0,0,1,1,1947-04-17,,0,7230145,,,,,,,,,,,,,,,
342041,0082000,1,広島県,ヒロシマケン,Hiroshima,,,,三原市,ミハラシ,Mihara-shi,,,,沼田東町釜山,ヌタヒガシチョウカマヤマ,Nutahigashicho Kamayama,,,,,,,,0,0,0,0,0,0,1,1,1947-04-17,,0,7230143,,,,,,,,,,,,,,,
342041,0083000,1,広島県,ヒロシマケン,Hiroshima,,,,三原市,ミハラシ,Mihara-shi,,,,沼田東町七宝,ヌタヒガシチョウシッポウ,Nutahigashicho Shippo,,,,,,,,0,0,0,0,0,0,1,1,1947-04-17,,0,7230148,,,,,,,,,,,,,,,
342041,0084000,1,広島県,ヒロシマケン,Hiroshima,,,,三原市,ミハラシ,Mihara-shi,,,,沼田東町末広,ヌタヒガシチョウスエヒロ,Nutahigashicho Suehiro,,,,,,,,0,0,0,0,0,0,1,1,1947-04-17,,0,7230144,,,,,,,,,,,,,,,
342041,0085000,1,広島県,ヒロシマケン,Hiroshima,,,,三原市,ミハラシ,Mihara-shi,,,,沼田東町末光,ヌタヒガシチョウスエミツ,Nutahigashicho Suemitsu,,,,,,,,0,0,0,0,0,0,1,1,1947-04-17,,0,7230142,,,,,,,,,,,,,,,
342041,0086000,1,広島県,ヒロシマケン,Hiroshima,,,,三原市,ミハラシ,Mihara-shi,,,,沼田東町納所,ヌタヒガシチョウノウソ,Nutahigashicho Noso,,,,,,,,0,0,0,0,0,0,1,1,1947-04-17,,0,7230146,,,,,,,,,,,,,,,
342041,0087000,1,広島県,ヒロシマケン,Hiroshima,,,,三原市,ミハラシ,Mihara-shi,,,,沼田東町本市,ヌタヒガシチョウホンイチ,Nutahigashicho Honichi,,,,,,,,0,0,0,0,0,0,1,1,1947-04-17,,0,7230147,,,,,,,,,,,,,,,
342041,0088000,1,広島県,ヒロシマケン,Hiroshima,,,,三原市,ミハラシ,Mihara-shi,,,,沼田東町両名,ヌタヒガシチョウリョウミョウ,Nutahigashicho Ryomyo,,,,,,,,0,0,0,0,0,0,1,1,1947-04-17,,0,7230141,,,,,,,,,,,,,,,
342041,0089000,1,広島県,ヒロシマケン,Hiroshima,,,,三原市,ミハラシ,Mihara-shi,,,,登町,ノボリチョウ,Noboricho,,,,,,,,0,0,0,0,0,0,1,1,1947-04-17,,0,7230034,,,,,,,,,,,,,,,
342041,0090000,1,広島県,ヒロシマケン,Hiroshima,,,,三原市,ミハラシ,Mihara-shi,,,,鉢ケ峰町,ハチガミネチョウ,Hachigaminecho,,,,,,,,0,0,0,0,0,0,1,1,1947-04-17,,0,7290323,,,,,,,,,,,,,,,
342041,0091000,1,広島県,ヒロシマケン,Hiroshima,,,,三原市,ミハラシ,Mihara-shi,,,,東町,ヒガシマチ,Higashimachi,,,,,,,,0,0,0,0,0,0,1,1,1947-04-17,,0,7230011,,,,,,,,,,,,,,,
342041,0091001,2,広島県,ヒロシマケン,Hiroshima,,,,三原市,ミハラシ,Mihara-shi,,,,東町,ヒガシマチ,Higashimachi,１丁目,１チョウメ,1,,,,,1,1,0,0,0,0,1,1,1947-04-17,,0,,,,,,,,,,,,,,,,
342041,0091002,2,広島県,ヒロシマケン,Hiroshima,,,,三原市,ミハラシ,Mihara-shi,,,,東町,ヒガシマチ,Higashimachi,２丁目,２チョウメ,2,,,,,1,1,0,0,0,0,1,1,1947-04-17,,0,,,,,,,,,,,,,,,,
342041,0091003,2,広島県,ヒロシマケン,Hiroshima,,,,三原市,ミハラシ,Mihara-shi,,,,東町,ヒガシマチ,Higashimachi,３丁目,３チョウメ,3,,,,,1,1,0,0,0,0,1,1,1947-04-17,,0,,,,,,,,,,,,,,,,
342041,0092000,1,広島県,ヒロシマケン,Hiroshima,,,,三原市,ミハラシ,Mihara-shi,,,,深町,フカマチ,Fukamachi,,,,,,,,0,0,0,0,0,0,1,1,1947-04-17,,0,7230001,,,,,,,,,,,,,,,
342041,0093001,2,広島県,ヒロシマケン,Hiroshima,,,,三原市,ミハラシ,Mihara-shi,,,,本郷北,ホンゴウキタ,Hongo Kita,１丁目,１チョウメ,1,,,,,0,0,0,0,0,0,1,1,1947-04-17,,0,,,,,,,,,,,,,,,,
342041,0093002,2,広島県,ヒロシマケン,Hiroshima,,,,三原市,ミハラシ,Mihara-shi,,,,本郷北,ホンゴウキタ,Hongo Kita,２丁目,２チョウメ,2,,,,,0,0,0,0,0,0,1,1,1947-04-17,,0,,,,,,,,,,,,,,,,
342041,0093003,2,広島県,ヒロシマケン,Hiroshima,,,,三原市,ミハラシ,Mihara-shi,,,,本郷北,ホンゴウキタ,Hongo Kita,３丁目,３チョウメ,3,,,,,0,0,0,0,0,0,1,1,1947-04-17,,0,,,,,,,,,,,,,,,,
342041,0093004,2,広島県,ヒロシマケン,Hiroshima,,,,三原市,ミハラシ,Mihara-shi,,,,本郷北,ホンゴウキタ,Hongo Kita,４丁目,４チョウメ,4,,,,,0,0,0,0,0,0,1,1,1947-04-17,,0,,,,,,,,,,,,,,,,
342041,0094000,1,広島県,ヒロシマケン,Hiroshima,,,,三原市,ミハラシ,Mihara-shi,,,,本郷町上北方,ホンゴウチョウカミキタガタ,Hongocho Kamikitagata,,,,,,,,0,0,0,0,0,0,1,1,1947-04-17,,0,7290415,,,,,,,,,,,,,,,
342041,0095000,1,広島県,ヒロシマケン,Hiroshima,,,,三原市,ミハラシ,Mihara-shi,,,,本郷町下北方,ホンゴウチョウシモキタガタ,Hongocho Shimokitagata,,,,,,,,0,0,0,0,0,0,1,1,1947-04-17,,0,7290414,,,,,,,,,,,,,,,
342041,0096000,1,広島県,ヒロシマケン,Hiroshima,,,,三原市,ミハラシ,Mihara-shi,,,,本郷町善入寺,ホンゴウチョウゼンニュウジ,Hongocho Zennyuji,,,,,,,,0,0,0,0,0,0,1,1,1947-04-17,,0,7290416,,,,,,,,,,,,,,,
342041,0097000,1,広島県,ヒロシマケン,Hiroshima,,,,三原市,ミハラシ,Mihara-shi,,,,本郷町船木,ホンゴウチョウフナキ,,,,,,,,,0,0,0,0,0,0,1,1,1947-04-17,,0,,,,,,,,,,,,,,,,
342041,0098000,1,広島県,ヒロシマケン,Hiroshima,,,,三原市,ミハラシ,Mihara-shi,,,,本郷町本郷,ホンゴウチョウホンゴウ,Hongocho Hongo,,,,,,,,0,0,0,0,0,0,1,1,1947-04-17,,0,7290412,,,,,,,,,,,,,,,
342041,0099000,1,広島県,ヒロシマケン,Hiroshima,,,,三原市,ミハラシ,Mihara-shi,,,,本郷町南方,ホンゴウチョウミナミガタ,Hongocho Minamigata,,,,,,,,0,0,0,0,0,0,1,1,1947-04-17,,0,7290413,,,,,,,,,,,,,,,
342041,0100001,2,広島県,ヒロシマケン,Hiroshima,,,,三原市,ミハラシ,Mihara-shi,,,,本郷南,ホンゴウミナミ,Hongo Minami,１丁目,１チョウメ,1,,,,,1,1,0,0,0,0,1,1,1947-04-17,,0,,,,,,,,,,,,,,,,
342041,0100002,2,広島県,ヒロシマケン,Hiroshima,,,,三原市,ミハラシ,Mihara-shi,,,,本郷南,ホンゴウミナミ,Hongo Minami,２丁目,２チョウメ,2,,,,,1,1,0,0,0,0,1,1,1947-04-17,,0,,,,,,,,,,,,,,,,
342041,0100003,2,広島県,ヒロシマケン,Hiroshima,,,,三原市,ミハラシ,Mihara-shi,,,,本郷南,ホンゴウミナミ,Hongo Minami,３丁目,３チョウメ,3,,,,,1,1,0,0,0,0,1,1,1947-04-17,,0,,,,,,,,,,,,,,,,
342041,0100004,2,広島県,ヒロシマケン,Hiroshima,,,,三原市,ミハラシ,Mihara-shi,,,,本郷南,ホンゴウミナミ,Hongo Minami,４丁目,４チョウメ,4,,,,,1,1,0,0,0,0,1,1,1947-04-17,,0,,,,,,,,,,,,,,,,
342041,0100005,2,広島県,ヒロシマケン,Hiroshima,,,,三原市,ミハラシ,Mihara-shi,,,,本郷南,ホンゴウミナミ,Hongo Minami,５丁目,５チョウメ,5,,,,,1,1,0,0,0,0,1,1,1947-04-17,,0,,,,,,,,,,,,,,,,
342041,0100006,2,広島県,ヒロシマケン,Hiroshima,,,,三原市,ミハラシ,Mihara-shi,,,,本郷南,ホンゴウミナミ,Hongo Minami,６丁目,６チョウメ,6,,,,,1,1,0,0,0,0,1,1,1947-04-17,,0,,,,,,,,,,,,,,,,
342041,0100007,2,広島県,ヒロシマケン,Hiroshima,,,,三原市,ミハラシ,Mihara-shi,,,,本郷南,ホンゴウミナミ,Hongo Minami,７丁目,７チョウメ,7,,,,,1,1,0,0,0,0,1,1,1947-04-17,,0,,,,,,,,,,,,,,,,
342041,0101000,1,広島県,ヒロシマケン,Hiroshima,,,,三原市,ミハラシ,Mihara-shi,,,,本町,ホンマチ,Hommachi,,,,,,,,0,0,0,0,0,0,1,1,1947-04-17,,0,7230062,,,,,,,,,,,,,,,
342041,0101001,2,広島県,ヒロシマケン,Hiroshima,,,,三原市,ミハラシ,Mihara-shi,,,,本町,ホンマチ,Hommachi,１丁目,１チョウメ,1,,,,,1,1,0,0,0,0,1,1,1947-04-17,,0,,,,,,,,,,,,,,,,
342041,0101002,2,広島県,ヒロシマケン,Hiroshima,,,,三原市,ミハラシ,Mihara-shi,,,,本町,ホンマチ,Hommachi,２丁目,２チョウメ,2,,,,,1,1,0,0,0,0,1,1,1947-04-17,,0,,,,,,,,,,,,,,,,
342041,0101003,2,広島県,ヒロシマケン,Hiroshima,,,,三原市,ミハラシ,Mihara-shi,,,,本町,ホンマチ,Hommachi,３丁目,３チョウメ,3,,,,,1,1,0,0,0,0,1,1,1947-04-17,,0,,,,,,,,,,,,,,,,
342041,0102000,1,広島県,ヒロシマケン,Hiroshima,,,,三原市,ミハラシ,Mihara-shi,,,,港町,ミナトマチ,Minatomachi,,,,,,,,0,0,0,0,0,0,1,1,1947-04-17,,0,7230017,,,,,,,,,,,,,,,
342041,0102001,2,広島県,ヒロシマケン,Hiroshima,,,,三原市,ミハラシ,Mihara-shi,,,,港町,ミナトマチ,Minatomachi,１丁目,１チョウメ,1,,,,,1,1,0,0,0,0,1,1,1947-04-17,,0,,,,,,,,,,,,,,,,
342041,0102002,2,広島県,ヒロシマケン,Hiroshima,,,,三原市,ミハラシ,Mihara-shi,,,,港町,ミナトマチ,Minatomachi,２丁目,２チョウメ,2,,,,,1,1,0,0,0,0,1,1,1947-04-17,,0,,,,,,,,,,,,,,,,
342041,0102003,2,広島県,ヒロシマケン,Hiroshima,,,,三原市,ミハラシ,Mihara-shi,,,,港町,ミナトマチ,Minatomachi,３丁目,３チョウメ,3,,,,,1,1,0,0,0,0,1,1,1947-04-17,,0,,,,,,,,,,,,,,,,
342041,0103001,2,広島県,ヒロシマケン,Hiroshima,,,,三原市,ミハラシ,Mihara-shi,,,,皆実,ミナミ,Minami,１丁目,１チョウメ,1,,,,,1,1,0,0,0,0,1,1,1947-04-17,,0,,,,,,,,,,,,,,,,
342041,0103002,2,広島県,ヒロシマケン,Hiroshima,,,,三原市,ミハラシ,Mihara-shi,,,,皆実,ミナミ,Minami,２丁目,２チョウメ,2,,,,,1,1,0,0,0,0,1,1,1947-04-17,,0,,,,,,,,,,,,,,,,
342041,0103003,2,広島県,ヒロシマケン,Hiroshima,,,,三原市,ミハラシ,Mihara-shi,,,,皆実,ミナミ,Minami,３丁目,３チョウメ,3,,,,,1,1,0,0,0,0,1,1,1947-04-17,,0,,,,,,,,,,,,,,,,
342041,0103004,2,広島県,ヒロシマケン,Hiroshima,,,,三原市,ミハラシ,Mihara-shi,,,,皆実,ミナミ,Minami,４丁目,４チョウメ,4,,,,,1,1,0,0,0,0,1,1,1947-04-17,,0,,,,,,,,,,,,,,,,
342041,0103005,2,広島県,ヒロシマケン,Hiroshima,,,,三原市,ミハラシ,Mihara-shi,,,,皆実,ミナミ,Minami,５丁目,５チョウメ,5,,,,,1,1,0,0,0,0,1,1,1947-04-17,,0,,,,,,,,,,,,,,,,
342041,0103006,2,広島県,ヒロシマケン,Hiroshima,,,,三原市,ミハラシ,Mihara-shi,,,,皆実,ミナミ,Minami,６丁目,６チョウメ,6,,,,,1,1,0,0,0,0,1,1,1947-04-17,,0,,,,,,,,,,,,,,,,
342041,0104001,2,広島県,ヒロシマケン,Hiroshima,,,,三原市,ミハラシ,Mihara-shi,,,,南方,ミナミガタ,Minamigata,１丁目,１チョウメ,1,,,,,1,1,0,0,0,0,1,1,1947-04-17,,0,,,,,,,,,,,,,,,,
342041,0104002,2,広島県,ヒロシマケン,Hiroshima,,,,三原市,ミハラシ,Mihara-shi,,,,南方,ミナミガタ,Minamigata,２丁目,２チョウメ,2,,,,,1,1,0,0,0,0,1,1,1947-04-17,,0,,,,,,,,,,,,,,,,
342041,0104003,2,広島県,ヒロシマケン,Hiroshima,,,,三原市,ミハラシ,Mihara-shi,,,,南方,ミナミガタ,Minamigata,３丁目,３チョウメ,3,,,,,1,1,0,0,0,0,1,1,1947-04-17,,0,,,,,,,,,,,,,,,,
342041,0105001,2,広島県,ヒロシマケン,Hiroshima,,,,三原市,ミハラシ,Mihara-shi,,,,宮浦,ミヤウラ,Miyaura,１丁目,１チョウメ,1,,,,,1,1,0,0,0,0,1,1,1947-04-17,,0,,,,,,,,,,,,,,,,
342041,0105002,2,広島県,ヒロシマケン,Hiroshima,,,,三原市,ミハラシ,Mihara-shi,,,,宮浦,ミヤウラ,Miyaura,２丁目,２チョウメ,2,,,,,1,1,0,0,0,0,1,1,1947-04-17,,0,,,,,,,,,,,,,,,,
342041,0105003,2,広島県,ヒロシマケン,Hiroshima,,,,三原市,ミハラシ,Mihara-shi,,,,宮浦,ミヤウラ,Miyaura,３丁目,３チョウメ,3,,,,,1,1,0,0,0,0,1,1,1947-04-17,,0,,,,,,,,,,,,,,,,
342041,0105004,2,広島県,ヒロシマケン,Hiroshima,,,,三原市,ミハラシ,Mihara-shi,,,,宮浦,ミヤウラ,Miyaura,４丁目,４チョウメ,4,,,,,1,1,0,0,0,0,1,1,1947-04-17,,0,,,,,,,,,,,,,,,,
342041,0105005,2,広島県,ヒロシマケン,Hiroshima,,,,三原市,ミハラシ,Mihara-shi,,,,宮浦,ミヤウラ,Miyaura,５丁目,５チョウメ,5,,,,,1,1,0,0,0,0,1,1,1947-04-17,,0,,,,,,,,,,,,,,,,
342041,0105006,2,広島県,ヒロシマケン,Hiroshima,,,,三原市,ミハラシ,Mihara-shi,,,,宮浦,ミヤウラ,Miyaura,６丁目,６チョウメ,6,,,,,1,1,0,0,0,0,1,1,1947-04-17,,0,,,,,,,,,,,,,,,,
342041,0106001,2,広島県,ヒロシマケン,Hiroshima,,,,三原市,ミハラシ,Mihara-shi,,,,宮沖,ミヤオキ,Miyaoki,１丁目,１チョウメ,1,,,,,1,1,0,0,0,0,1,1,1947-04-17,,0,,,,,,,,,,,,,,,,
342041,0106002,2,広島県,ヒロシマケン,Hiroshima,,,,三原市,ミハラシ,Mihara-shi,,,,宮沖,ミヤオキ,Miyaoki,２丁目,２チョウメ,2,,,,,1,1,0,0,0,0,1,1,1947-04-17,,0,,,,,,,,,,,,,,,,
342041,0106003,2,広島県,ヒロシマケン,Hiroshima,,,,三原市,ミハラシ,Mihara-shi,,,,宮沖,ミヤオキ,Miyaoki,３丁目,３チョウメ,3,,,,,1,1,0,0,0,0,1,1,1947-04-17,,0,,,,,,,,,,,,,,,,
342041,0106004,2,広島県,ヒロシマケン,Hiroshima,,,,三原市,ミハラシ,Mihara-shi,,,,宮沖,ミヤオキ,Miyaoki,４丁目,４チョウメ,4,,,,,1,1,0,0,0,0,1,1,1947-04-17,,0,,,,,,,,,,,,,,,,
342041,0106005,2,広島県,ヒロシマケン,Hiroshima,,,,三原市,ミハラシ,Mihara-shi,,,,宮沖,ミヤオキ,Miyaoki,５丁目,５チョウメ,5,,,,,1,1,0,0,0,0,1,1,1947-04-17,,0,,,,,,,,,,,,,,,,
342041,0107001,2,広島県,ヒロシマケン,Hiroshima,,,,三原市,ミハラシ,Mihara-shi,,,,明神,ミョウジン,Myojin,１丁目,１チョウメ,1,,,,,1,1,0,0,0,0,1,1,1947-04-17,,0,,,,,,,,,,,,,,,,
342041,0107002,2,広島県,ヒロシマケン,Hiroshima,,,,三原市,ミハラシ,Mihara-shi,,,,明神,ミョウジン,Myojin,２丁目,２チョウメ,2,,,,,1,1,0,0,0,0,1,1,1947-04-17,,0,,,,,,,,,,,,,,,,
342041,0107003,2,広島県,ヒロシマケン,Hiroshima,,,,三原市,ミハラシ,Mihara-shi,,,,明神,ミョウジン,Myojin,３丁目,３チョウメ,3,,,,,1,1,0,0,0,0,1,1,1947-04-17,,0,,,,,,,,,,,,,,,,
342041,0107004,2,広島県,ヒロシマケン,Hiroshima,,,,三原市,ミハラシ,Mihara-shi,,,,明神,ミョウジン,Myojin,４丁目,４チョウメ,4,,,,,1,1,0,0,0,0,1,1,1947-04-17,,0,,,,,,,,,,,,,,,,
342041,0107005,2,広島県,ヒロシマケン,Hiroshima,,,,三原市,ミハラシ,Mihara-shi,,,,明神,ミョウジン,Myojin,５丁目,５チョウメ,5,,,,,1,1,0,0,0,0,1,1,1947-04-17,,0,,,,,,,,,,,,,,,,
342041,0108000,1,広島県,ヒロシマケン,Hiroshima,,,,三原市,ミハラシ,Mihara-shi,,,,明神町,ミョウジンチョウ,,,,,,,,,0,0,0,0,0,0,1,1,1947-04-17,,0,,,,,,,,,,,,,,,,
342041,0109000,1,広島県,ヒロシマケン,Hiroshima,,,,三原市,ミハラシ,Mihara-shi,,,,館町,ヤカタマチ,Yakatamachi,,,,,,,,0,0,0,0,0,0,1,1,1947-04-17,,0,7230004,,,,,,,,,,,,,,,
342041,0109001,2,広島県,ヒロシマケン,Hiroshima,,,,三原市,ミハラシ,Mihara-shi,,,,館町,ヤカタマチ,Yakatamachi,１丁目,１チョウメ,1,,,,,1,1,0,0,0,0,1,1,1947-04-17,,0,,,,,,,,,,,,,,,,
342041,0109002,2,広島県,ヒロシマケン,Hiroshima,,,,三原市,ミハラシ,Mihara-shi,,,,館町,ヤカタマチ,Yakatamachi,２丁目,２チョウメ,2,,,,,1,1,0,0,0,0,1,1,1947-04-17,,0,,,,,,,,,,,,,,,,
342041,0110000,1,広島県,ヒロシマケン,Hiroshima,,,,三原市,ミハラシ,Mihara-shi,,,,八坂町,ヤサカチョウ,Yasakacho,,,,,,,,0,0,0,0,0,0,1,1,1947-04-17,,0,7230061,,,,,,,,,,,,,,,
342041,0111000,1,広島県,ヒロシマケン,Hiroshima,,,,三原市,ミハラシ,Mihara-shi,,,,八幡町垣内,ヤハタチョウカイチ,Yahatacho Kaichi,,,,,,,,0,0,0,0,0,0,1,1,1947-04-17,,0,7221501,,,,,,,,,,,,,,,
342041,0112000,1,広島県,ヒロシマケン,Hiroshima,,,,三原市,ミハラシ,Mihara-shi,,,,八幡町篝,ヤハタチョウカカガリ,Yahatacho Kagari,,,,,,,,0,0,0,0,0,0,1,1,1947-04-17,,0,7221511,,*_*_*_MJ019611,,,,,,,,,,,,,
342041,0113000,1,広島県,ヒロシマケン,Hiroshima,,,,三原市,ミハラシ,Mihara-shi,,,,八幡町野串,ヤハタチョウノグシ,Yahatacho Nogushi,,,,,,,,0,0,0,0,0,0,1,1,1947-04-17,,0,7221512,,,,,,,,,,,,,,,
342041,0114000,1,広島県,ヒロシマケン,Hiroshima,,,,三原市,ミハラシ,Mihara-shi,,,,八幡町本庄,ヤハタチョウホンジョウ,Yahatacho Honjo,,,,,,,,0,0,0,0,0,0,1,1,1947-04-17,,0,7221516,,,,,,,,,,,,,,,
342041,0115000,1,広島県,ヒロシマケン,Hiroshima,,,,三原市,ミハラシ,Mihara-shi,,,,八幡町美生,ヤハタチョウミノウ,Yahatacho Mino,,,,,,,,0,0,0,0,0,0,1,1,1947-04-17,,0,7221515,,,,,,,,,,,,,,,
342041,0116000,1,広島県,ヒロシマケン,Hiroshima,,,,三原市,ミハラシ,Mihara-shi,,,,八幡町宮内,ヤハタチョウミヤウチ,Yahatacho Miyauchi,,,,,,,,0,0,0,0,0,0,1,1,1947-04-17,,0,7221513,,,,,,,,,,,,,,,
342041,0117000,1,広島県,ヒロシマケン,Hiroshima,,,,三原市,ミハラシ,Mihara-shi,,,,八幡町屋中,ヤハタチョウヤナカ,Yahatacho Yanaka,,,,,,,,0,0,0,0,0,0,1,1,1947-04-17,,0,7221514,,,,,,,,,,,,,,,
342041,0118001,2,広島県,ヒロシマケン,Hiroshima,,,,三原市,ミハラシ,Mihara-shi,,,,頼兼,ヨリカネ,Yorikane,１丁目,１チョウメ,1,,,,,1,1,0,0,0,0,1,1,1947-04-17,,0,,,,,,,,,,,,,,,,
342041,0118002,2,広島県,ヒロシマケン,Hiroshima,,,,三原市,ミハラシ,Mihara-shi,,,,頼兼,ヨリカネ,Yorikane,２丁目,２チョウメ,2,,,,,1,1,0,0,0,0,1,1,1947-04-17,,0,,,,,,,,,,,,,,,,
342041,0119001,2,広島県,ヒロシマケン,Hiroshima,,,,三原市,ミハラシ,Mihara-shi,,,,和田,ワダ,Wada,１丁目,１チョウメ,1,,,,,1,1,0,0,0,0,1,1,1947-04-17,,0,,,,,,,,,,,,,,,,
342041,0119002,2,広島県,ヒロシマケン,Hiroshima,,,,三原市,ミハラシ,Mihara-shi,,,,和田,ワダ,Wada,２丁目,２チョウメ,2,,,,,1,1,0,0,0,0,1,1,1947-04-17,,0,,,,,,,,,,,,,,,,
342041,0119003,2,広島県,ヒロシマケン,Hiroshima,,,,三原市,ミハラシ,Mihara-shi,,,,和田,ワダ,Wada,３丁目,３チョウメ,3,,,,,1,1,0,0,0,0,1,1,1947-04-17,,0,,,,,,,,,,,,,,,,
342041,0120000,1,広島県,ヒロシマケン,Hiroshima,,,,三原市,ミハラシ,Mihara-shi,,,,和田沖町,ワダオキチョウ,Wadaokicho,,,,,,,,1,1,0,0,0,0,1,1,1947-04-17,,0,7230042,,,,,,,,,,,,,,,
342041,0121000,1,広島県,ヒロシマケン,Hiroshima,,,,三原市,ミハラシ,Mihara-shi,,,,和田町,ワダチョウ,,,,,,,,,0,0,0,0,0,0,1,1,1947-04-17,,0,,,,,,,,,,,,,,,,
342041,0122000,1,広島県,ヒロシマケン,Hiroshima,,,,三原市,ミハラシ,Mihara-shi,,,,皆実町,ミナミチョウ,,,,,,,,,0,0,0,0,0,0,1,1,1947-04-17,,0,,,,,,,,,,,,,,,,
342041,0123000,1,広島県,ヒロシマケン,Hiroshima,,,,三原市,ミハラシ,Mihara-shi,,,,宮浦町,ミヤウラチョウ,,,,,,,,,0,0,0,0,0,0,1,1,1947-04-17,,0,,,,,,,,,,,,,,,,
342041,0124000,1,広島県,ヒロシマケン,Hiroshima,,,,三原市,ミハラシ,Mihara-shi,,,,宮沖町,ミヤオキチョウ,,,,,,,,,0,0,0,0,0,0,1,1,1947-04-17,,0,,,,,,,,,,,,,,,,
342041,0125001,2,広島県,ヒロシマケン,Hiroshima,,,,三原市,ミハラシ,Mihara-shi,,,,古城通,コジヨウドオリ,,１丁目,１チョウメ,1,,,,,0,0,0,0,0,0,1,1,1947-04-17,,0,,,,,,,,,,,,,,,,
342041,0125002,2,広島県,ヒロシマケン,Hiroshima,,,,三原市,ミハラシ,Mihara-shi,,,,古城通,コジヨウドオリ,,２丁目,２チョウメ,2,,,,,0,0,0,0,0,0,1,1,1947-04-17,,0,,,,,,,,,,,,,,,,
342041,0126000,1,広島県,ヒロシマケン,Hiroshima,,,,三原市,ミハラシ,Mihara-shi,,,,古浜町,コハマチョウ,,,,,,,,,0,0,0,0,0,0,1,1,1947-04-17,,0,,,,,,,,,,,,,,,,
342041,0127001,2,広島県,ヒロシマケン,Hiroshima,,,,三原市,ミハラシ,Mihara-shi,,,,広友町,ヒロトモチョウ,,１丁目,１チョウメ,1,,,,,0,0,0,0,0,0,1,1,1947-04-17,,0,,,,,,,,,,,,,,,,
342041,0127002,2,広島県,ヒロシマケン,Hiroshima,,,,三原市,ミハラシ,Mihara-shi,,,,広友町,ヒロトモチョウ,,２丁目,２チョウメ,2,,,,,0,0,0,0,0,0,1,1,1947-04-17,,0,,,,,,,,,,,,,,,,
342041,0128001,2,広島県,ヒロシマケン,Hiroshima,,,,三原市,ミハラシ,Mihara-shi,,,,時貞町,トキサダチョウ,,１丁目,１チョウメ,1,,,,,0,0,0,0,0,0,1,1,1947-04-17,,0,,,,,,,,,,,,,,,,
342041,0128002,2,広島県,ヒロシマケン,Hiroshima,,,,三原市,ミハラシ,Mihara-shi,,,,時貞町,トキサダチョウ,,２丁目,２チョウメ,2,,,,,0,0,0,0,0,0,1,1,1947-04-17,,0,,,,,,,,,,,,,,,,
342041,0129001,2,広島県,ヒロシマケン,Hiroshima,,,,三原市,ミハラシ,Mihara-shi,,,,寿町,コトブキチョウ,,１丁目,１チョウメ,1,,,,,0,0,0,0,0,0,1,1,1947-04-17,,0,,,,,,,,,,,,,,,,
342041,0129002,2,広島県,ヒロシマケン,Hiroshima,,,,三原市,ミハラシ,Mihara-shi,,,,寿町,コトブキチョウ,,２丁目,２チョウメ,2,,,,,0,0,0,0,0,0,1,1,1947-04-17,,0,,,,,,,,,,,,,,,,
342041,0130000,1,広島県,ヒロシマケン,Hiroshima,,,,三原市,ミハラシ,Mihara-shi,,,,西宮町,ニシミヤチョウ,,,,,,,,,0,0,0,0,0,0,1,1,1947-04-17,,0,,,,,,,,,,,,,,,,
342041,0131000,1,広島県,ヒロシマケン,Hiroshima,,,,三原市,ミハラシ,Mihara-shi,,,,西野町,ニシノチョウ,,,,,,,,,0,0,0,0,0,0,1,1,1947-04-17,,0,,,,,,,,,,,,,,,,
342041,0134000,1,広島県,ヒロシマケン,Hiroshima,,,,三原市,ミハラシ,Mihara-shi,,,,頼兼町,ヨリカネチョウ,,,,,,,,,0,0,0,0,0,0,1,1,1947-04-17,,0,,,,,,,,,,,,,,,,
342050,0001000,1,広島県,ヒロシマケン,Hiroshima,,,,尾道市,オノミチシ,Onomichi-shi,,,,因島大浜町,インノシマオオハマチョウ,Innoshima Ohamacho,,,,,,,,0,0,0,0,0,0,1,1,1947-04-17,,0,7222101,,,,,,,,,,,,,,,
342050,0001182,3,広島県,ヒロシマケン,Hiroshima,,,,尾道市,オノミチシ,Onomichi-shi,,,,因島大浜町,インノシマオオハマチョウ,,,,,一区,,,,0,0,0,1,0,0,1,0,1947-04-17,,1,,,,,,,,,,,,,,,,
342050,0001183,3,広島県,ヒロシマケン,Hiroshima,,,,尾道市,オノミチシ,Onomichi-shi,,,,因島大浜町,インノシマオオハマチョウ,,,,,七区,,,,0,0,0,1,0,0,1,0,1947-04-17,,1,,,,,,,,,,,,,,,,
342050,0001184,3,広島県,ヒロシマケン,Hiroshima,,,,尾道市,オノミチシ,Onomichi-shi,,,,因島大浜町,インノシマオオハマチョウ,,,,,三区,,,,0,0,0,1,0,0,1,0,1947-04-17,,1,,,,,,,,,,,,,,,,
342050,0001185,3,広島県,ヒロシマケン,Hiroshima,,,,尾道市,オノミチシ,Onomichi-shi,,,,因島大浜町,インノシマオオハマチョウ,,,,,九区,,,,0,0,0,1,0,0,1,0,1947-04-17,,1,,,,,,,,,,,,,,,,
342050,0001186,3,広島県,ヒロシマケン,Hiroshima,,,,尾道市,オノミチシ,Onomichi-shi,,,,因島大浜町,インノシマオオハマチョウ,,,,,二区,,,,0,0,0,1,0,0,1,0,1947-04-17,,1,,,,,,,,,,,,,,,,
342050,0001187,3,広島県,ヒロシマケン,Hiroshima,,,,尾道市,オノミチシ,Onomichi-shi,,,,因島大浜町,インノシマオオハマチョウ,,,,,五区,,,,0,0,0,1,0,0,1,0,1947-04-17,,1,,,,,,,,,,,,,,,,
342050,0001188,3,広島県,ヒロシマケン,Hiroshima,,,,尾道市,オノミチシ,Onomichi-shi,,,,因島大浜町,インノシマオオハマチョウ,,,,,八区,,,,0,0,0,1,0,0,1,0,1947-04-17,,1,,,,,,,,,,,,,,,,
342050,0001189,3,広島県,ヒロシマケン,Hiroshima,,,,尾道市,オノミチシ,Onomichi-shi,,,,因島大浜町,インノシマオオハマチョウ,,,,,六区,,,,0,0,0,1,0,0,1,0,1947-04-17,,1,,,,,,,,,,,,,,,,
342050,0001190,3,広島県,ヒロシマケン,Hiroshima,,,,尾道市,オノミチシ,Onomichi-shi,,,,因島大浜町,インノシマオオハマチョウ,,,,,十一区,,,,0,0,0,1,0,0,1,0,1947-04-17,,1,,,,,,,,,,,,,,,,
342050,0001191,3,広島県,ヒロシマケン,Hiroshima,,,,尾道市,オノミチシ,Onomichi-shi,,,,因島大浜町,インノシマオオハマチョウ,,,,,十区,,,,0,0,0,1,0,0,1,0,1947-04-17,,1,,,,,,,,,,,,,,,,
342050,0001192,3,広島県,ヒロシマケン,Hiroshima,,,,尾道市,オノミチシ,Onomichi-shi,,,,因島大浜町,インノシマオオハマチョウ,,,,,四区,,,,0,0,0,1,0,0,1,0,1947-04-17,,1,,,,,,,,,,,,,,,,
342050,0002000,1,広島県,ヒロシマケン,Hiroshima,,,,尾道市,オノミチシ,Onomichi-shi,,,,因島鏡浦町,インノシマカガミウラチョウ,Innoshima Kagamiuracho,,,,,,,,0,0,0,0,0,0,1,1,1947-04-17,,0,7222212,,,,,,,,,,,,,,,
342050,0002127,3,広島県,ヒロシマケン,Hiroshima,,,,尾道市,オノミチシ,Onomichi-shi,,,,因島鏡浦町,インノシマカガミウラチョウ,,,,,一区,,,,0,0,0,1,0,0,1,0,1947-04-17,,1,,,,,,,,,,,,,,,,
342050,0002128,3,広島県,ヒロシマケン,Hiroshima,,,,尾道市,オノミチシ,Onomichi-shi,,,,因島鏡浦町,インノシマカガミウラチョウ,,,,,三区,,,,0,0,0,1,0,0,1,0,1947-04-17,,1,,,,,,,,,,,,,,,,
342050,0002129,3,広島県,ヒロシマケン,Hiroshima,,,,尾道市,オノミチシ,Onomichi-shi,,,,因島鏡浦町,インノシマカガミウラチョウ,,,,,二区,,,,0,0,0,1,0,0,1,0,1947-04-17,,1,,,,,,,,,,,,,,,,
342050,0002130,3,広島県,ヒロシマケン,Hiroshima,,,,尾道市,オノミチシ,Onomichi-shi,,,,因島鏡浦町,インノシマカガミウラチョウ,,,,,四区,,,,0,0,0,1,0,0,1,0,1947-04-17,,1,,,,,,,,,,,,,,,,
342050,0003000,1,広島県,ヒロシマケン,Hiroshima,,,,尾道市,オノミチシ,Onomichi-shi,,,,因島洲江町,インノシマスノエチョウ,Innoshima Sunoecho,,,,,,,,0,0,0,0,0,0,1,1,1947-04-17,,0,7222431,,,,,,,,,,,,,,,
342050,0003159,3,広島県,ヒロシマケン,Hiroshima,,,,尾道市,オノミチシ,Onomichi-shi,,,,因島洲江町,インノシマスノエチョウ,,,,,一区,,,,0,0,0,1,0,0,1,0,1947-04-17,,1,,,,,,,,,,,,,,,,
342050,0003160,3,広島県,ヒロシマケン,Hiroshima,,,,尾道市,オノミチシ,Onomichi-shi,,,,因島洲江町,インノシマスノエチョウ,,,,,七区,,,,0,0,0,1,0,0,1,0,1947-04-17,,1,,,,,,,,,,,,,,,,
342050,0003161,3,広島県,ヒロシマケン,Hiroshima,,,,尾道市,オノミチシ,Onomichi-shi,,,,因島洲江町,インノシマスノエチョウ,,,,,三区,,,,0,0,0,1,0,0,1,0,1947-04-17,,1,,,,,,,,,,,,,,,,
342050,0003162,3,広島県,ヒロシマケン,Hiroshima,,,,尾道市,オノミチシ,Onomichi-shi,,,,因島洲江町,インノシマスノエチョウ,,,,,九区,,,,0,0,0,1,0,0,1,0,1947-04-17,,1,,,,,,,,,,,,,,,,
342050,0003163,3,広島県,ヒロシマケン,Hiroshima,,,,尾道市,オノミチシ,Onomichi-shi,,,,因島洲江町,インノシマスノエチョウ,,,,,二区,,,,0,0,0,1,0,0,1,0,1947-04-17,,1,,,,,,,,,,,,,,,,
342050,0003164,3,広島県,ヒロシマケン,Hiroshima,,,,尾道市,オノミチシ,Onomichi-shi,,,,因島洲江町,インノシマスノエチョウ,,,,,五区,,,,0,0,0,1,0,0,1,0,1947-04-17,,1,,,,,,,,,,,,,,,,
342050,0003165,3,広島県,ヒロシマケン,Hiroshima,,,,尾道市,オノミチシ,Onomichi-shi,,,,因島洲江町,インノシマスノエチョウ,,,,,八区,,,,0,0,0,1,0,0,1,0,1947-04-17,,1,,,,,,,,,,,,,,,,
342050,0003166,3,広島県,ヒロシマケン,Hiroshima,,,,尾道市,オノミチシ,Onomichi-shi,,,,因島洲江町,インノシマスノエチョウ,,,,,六区,,,,0,0,0,1,0,0,1,0,1947-04-17,,1,,,,,,,,,,,,,,,,
342050,0003167,3,広島県,ヒロシマケン,Hiroshima,,,,尾道市,オノミチシ,Onomichi-shi,,,,因島洲江町,インノシマスノエチョウ,,,,,十一区,,,,0,0,0,1,0,0,1,0,1947-04-17,,1,,,,,,,,,,,,,,,,
342050,0003168,3,広島県,ヒロシマケン,Hiroshima,,,,尾道市,オノミチシ,Onomichi-shi,,,,因島洲江町,インノシマスノエチョウ,,,,,十三区,,,,0,0,0,1,0,0,1,0,1947-04-17,,1,,,,,,,,,,,,,,,,
342050,0003169,3,広島県,ヒロシマケン,Hiroshima,,,,尾道市,オノミチシ,Onomichi-shi,,,,因島洲江町,インノシマスノエチョウ,,,,,十二区,,,,0,0,0,1,0,0,1,0,1947-04-17,,1,,,,,,,,,,,,,,,,
342050,0003170,3,広島県,ヒロシマケン,Hiroshima,,,,尾道市,オノミチシ,Onomichi-shi,,,,因島洲江町,インノシマスノエチョウ,,,,,十五区,,,,0,0,0,1,0,0,1,0,1947-04-17,,1,,,,,,,,,,,,,,,,
342050,0003171,3,広島県,ヒロシマケン,Hiroshima,,,,尾道市,オノミチシ,Onomichi-shi,,,,因島洲江町,インノシマスノエチョウ,,,,,十区,,,,0,0,0,1,0,0,1,0,1947-04-17,,1,,,,,,,,,,,,,,,,
342050,0003172,3,広島県,ヒロシマケン,Hiroshima,,,,尾道市,オノミチシ,Onomichi-shi,,,,因島洲江町,インノシマスノエチョウ,,,,,十四区,,,,0,0,0,1,0,0,1,0,1947-04-17,,1,,,,,,,,,,,,,,,,
342050,0003173,3,広島県,ヒロシマケン,Hiroshima,,,,尾道市,オノミチシ,Onomichi-shi,,,,因島洲江町,インノシマスノエチョウ,,,,,四区,,,,0,0,0,1,0,0,1,0,1947-04-17,,1,,,,,,,,,,,,,,,,
342050,0004000,1,広島県,ヒロシマケン,Hiroshima,,,,尾道市,オノミチシ,Onomichi-shi,,,,因島田熊町,インノシマタクマチョウ,Innoshima Takumacho,,,,,,,,0,0,0,0,0,0,1,1,1947-04-17,,0,7222324,,,,,,,,,,,,,,,
342050,0004227,3,広島県,ヒロシマケン,Hiroshima,,,,尾道市,オノミチシ,Onomichi-shi,,,,因島田熊町,インノシマタクマチョウ,,,,,中区,,,,0,0,0,1,0,0,1,0,1947-04-17,,1,,,,,,,,,,,,,,,,
342050,0004228,3,広島県,ヒロシマケン,Hiroshima,,,,尾道市,オノミチシ,Onomichi-shi,,,,因島田熊町,インノシマタクマチョウ,,,,,中央区,,,,0,0,0,1,0,0,1,0,1947-04-17,,1,,,,,,,,,,,,,,,,
342050,0004229,3,広島県,ヒロシマケン,Hiroshima,,,,尾道市,オノミチシ,Onomichi-shi,,,,因島田熊町,インノシマタクマチョウ,,,,,本町区,,,,0,0,0,1,0,0,1,0,1947-04-17,,1,,,,,,,,,,,,,,,,
342050,0004230,3,広島県,ヒロシマケン,Hiroshima,,,,尾道市,オノミチシ,Onomichi-shi,,,,因島田熊町,インノシマタクマチョウ,,,,,東区,,,,0,0,0,1,0,0,1,0,1947-04-17,,1,,,,,,,,,,,,,,,,
342050,0004231,3,広島県,ヒロシマケン,Hiroshima,,,,尾道市,オノミチシ,Onomichi-shi,,,,因島田熊町,インノシマタクマチョウ,,,,,港区,,,,0,0,0,1,0,0,1,0,1947-04-17,,1,,,,,,,,,,,,,,,,
342050,0004232,3,広島県,ヒロシマケン,Hiroshima,,,,尾道市,オノミチシ,Onomichi-shi,,,,因島田熊町,インノシマタクマチョウ,,,,,竹長区,,,,0,0,0,1,0,0,1,0,1947-04-17,,1,,,,,,,,,,,,,,,,
342050,0004233,3,広島県,ヒロシマケン,Hiroshima,,,,尾道市,オノミチシ,Onomichi-shi,,,,因島田熊町,インノシマタクマチョウ,,,,,西区,,,,0,0,0,1,0,0,1,0,1947-04-17,,1,,,,,,,,,,,,,,,,
342050,0004234,3,広島県,ヒロシマケン,Hiroshima,,,,尾道市,オノミチシ,Onomichi-shi,,,,因島田熊町,インノシマタクマチョウ,,,,,西浜区,,,,0,0,0,1,0,0,1,0,1947-04-17,,1,,,,,,,,,,,,,,,,
342050,0004235,3,広島県,ヒロシマケン,Hiroshima,,,,尾道市,オノミチシ,Onomichi-shi,,,,因島田熊町,インノシマタクマチョウ,,,,,金山区,,,,0,0,0,1,0,0,1,0,1947-04-17,,1,,,,,,,,,,,,,,,,
342050,0004236,3,広島県,ヒロシマケン,Hiroshima,,,,尾道市,オノミチシ,Onomichi-shi,,,,因島田熊町,インノシマタクマチョウ,,,,,須鼻区,,,,0,0,0,1,0,0,1,0,1947-04-17,,1,,,,,,,,,,,,,,,,
342050,0005000,1,広島県,ヒロシマケン,Hiroshima,,,,尾道市,オノミチシ,Onomichi-shi,,,,因島外浦町,インノシマトノウラチョウ,Innoshima Tonoracho,,,,,,,,0,0,0,0,0,0,1,1,1947-04-17,,0,7222213,,,,,,,,,,,,,,,
342050,0005118,3,広島県,ヒロシマケン,Hiroshima,,,,尾道市,オノミチシ,Onomichi-shi,,,,因島外浦町,インノシマトノウラチョウ,,,,,一区,,,,0,0,0,1,0,0,1,0,1947-04-17,,1,,,,,,,,,,,,,,,,
342050,0005119,3,広島県,ヒロシマケン,Hiroshima,,,,尾道市,オノミチシ,Onomichi-shi,,,,因島外浦町,インノシマトノウラチョウ,,,,,三区,,,,0,0,0,1,0,0,1,0,1947-04-17,,1,,,,,,,,,,,,,,,,
342050,0005120,3,広島県,ヒロシマケン,Hiroshima,,,,尾道市,オノミチシ,Onomichi-shi,,,,因島外浦町,インノシマトノウラチョウ,,,,,二区,,,,0,0,0,1,0,0,1,0,1947-04-17,,1,,,,,,,,,,,,,,,,
342050,0005121,3,広島県,ヒロシマケン,Hiroshima,,,,尾道市,オノミチシ,Onomichi-shi,,,,因島外浦町,インノシマトノウラチョウ,,,,,四区,,,,0,0,0,1,0,0,1,0,1947-04-17,,1,,,,,,,,,,,,,,,,
342050,0006000,1,広島県,ヒロシマケン,Hiroshima,,,,尾道市,オノミチシ,Onomichi-shi,,,,因島中庄町,インノシマナカノショウチョウ,Innoshima Nakanoshocho,,,,,,,,0,0,0,0,0,0,1,1,1947-04-17,,0,7222211,,,,,,,,,,,,,,,
342050,0006275,3,広島県,ヒロシマケン,Hiroshima,,,,尾道市,オノミチシ,Onomichi-shi,,,,因島中庄町,インノシマナカノショウチョウ,,,,,丸池団地,,,,0,0,0,0,0,0,1,0,1947-04-17,,1,,,,,,,,,,,,,,,,
342050,0006276,3,広島県,ヒロシマケン,Hiroshima,,,,尾道市,オノミチシ,Onomichi-shi,,,,因島中庄町,インノシマナカノショウチョウ,,,,,仁井屋区,,,,0,0,0,1,0,0,1,0,1947-04-17,,1,,,,,,,,,,,,,,,,
342050,0006277,3,広島県,ヒロシマケン,Hiroshima,,,,尾道市,オノミチシ,Onomichi-shi,,,,因島中庄町,インノシマナカノショウチョウ,,,,,光平区,,,,0,0,0,1,0,0,1,0,1947-04-17,,1,,,,,,,,,,,,,,,,
342050,0006278,3,広島県,ヒロシマケン,Hiroshima,,,,尾道市,オノミチシ,Onomichi-shi,,,,因島中庄町,インノシマナカノショウチョウ,,,,,大江区,,,,0,0,0,1,0,0,1,0,1947-04-17,,1,,,,,,,,,,,,,,,,
342050,0006279,3,広島県,ヒロシマケン,Hiroshima,,,,尾道市,オノミチシ,Onomichi-shi,,,,因島中庄町,インノシマナカノショウチョウ,,,,,天神区,,,,0,0,0,1,0,0,1,0,1947-04-17,,1,,,,,,,,,,,,,,,,
342050,0006280,3,広島県,ヒロシマケン,Hiroshima,,,,尾道市,オノミチシ,Onomichi-shi,,,,因島中庄町,インノシマナカノショウチョウ,,,,,室屋住宅,,,,0,0,0,1,0,0,1,0,1947-04-17,,1,,,,,,,,,,,,,,,,
342050,0006281,3,広島県,ヒロシマケン,Hiroshima,,,,尾道市,オノミチシ,Onomichi-shi,,,,因島中庄町,インノシマナカノショウチョウ,,,,,室屋区,,,,0,0,0,1,0,0,1,0,1947-04-17,,1,,,,,,,,,,,,,,,,
342050,0006282,3,広島県,ヒロシマケン,Hiroshima,,,,尾道市,オノミチシ,Onomichi-shi,,,,因島中庄町,インノシマナカノショウチョウ,,,,,寺迫区,,,,0,0,0,1,0,0,1,0,1947-04-17,,1,,,,,,,,,,,,,,,,
342050,0006283,3,広島県,ヒロシマケン,Hiroshima,,,,尾道市,オノミチシ,Onomichi-shi,,,,因島中庄町,インノシマナカノショウチョウ,,,,,山口区,,,,0,0,0,1,0,0,1,0,1947-04-17,,1,,,,,,,,,,,,,,,,
342050,0006284,3,広島県,ヒロシマケン,Hiroshima,,,,尾道市,オノミチシ,Onomichi-shi,,,,因島中庄町,インノシマナカノショウチョウ,,,,,山崎区,,,,0,0,0,1,0,0,1,0,1947-04-17,,1,,,,,,,,,,,,,,,,
342050,0006285,3,広島県,ヒロシマケン,Hiroshima,,,,尾道市,オノミチシ,Onomichi-shi,,,,因島中庄町,インノシマナカノショウチョウ,,,,,徳永区,,,,0,0,0,1,0,0,1,0,1947-04-17,,1,,,,,,,,,,,,,,,,
342050,0006286,3,広島県,ヒロシマケン,Hiroshima,,,,尾道市,オノミチシ,Onomichi-shi,,,,因島中庄町,インノシマナカノショウチョウ,,,,,新開区,,,,0,0,0,1,0,0,1,0,1947-04-17,,1,,,,,,,,,,,,,,,,
342050,0006287,3,広島県,ヒロシマケン,Hiroshima,,,,尾道市,オノミチシ,Onomichi-shi,,,,因島中庄町,インノシマナカノショウチョウ,,,,,権現区,,,,0,0,0,1,0,0,1,0,1947-04-17,,1,,,,,,,,,,,,,,,,
342050,0006288,3,広島県,ヒロシマケン,Hiroshima,,,,尾道市,オノミチシ,Onomichi-shi,,,,因島中庄町,インノシマナカノショウチョウ,,,,,水落区,,,,0,0,0,1,0,0,1,0,1947-04-17,,1,,,,,,,,,,,,,,,,
342050,0006289,3,広島県,ヒロシマケン,Hiroshima,,,,尾道市,オノミチシ,Onomichi-shi,,,,因島中庄町,インノシマナカノショウチョウ,,,,,浜床団地,,,,0,0,0,0,0,0,1,0,1947-04-17,,1,,,,,,,,,,,,,,,,
342050,0006290,3,広島県,ヒロシマケン,Hiroshima,,,,尾道市,オノミチシ,Onomichi-shi,,,,因島中庄町,インノシマナカノショウチョウ,,,,,蘇功区,,,,0,0,0,1,0,0,1,0,1947-04-17,,1,,,,,,,,,,,,,,,,
342050,0006291,3,広島県,ヒロシマケン,Hiroshima,,,,尾道市,オノミチシ,Onomichi-shi,,,,因島中庄町,インノシマナカノショウチョウ,,,,,西浦区,,,,0,0,0,1,0,0,1,0,1947-04-17,,1,,,,,,,,,,,,,,,,
342050,0006292,3,広島県,ヒロシマケン,Hiroshima,,,,尾道市,オノミチシ,Onomichi-shi,,,,因島中庄町,インノシマナカノショウチョウ,,,,,釜田区,,,,0,0,0,1,0,0,1,0,1947-04-17,,1,,,,,,,,,,,,,,,,
342050,0006293,3,広島県,ヒロシマケン,Hiroshima,,,,尾道市,オノミチシ,Onomichi-shi,,,,因島中庄町,インノシマナカノショウチョウ,,,,,陣貝区,,,,0,0,0,1,0,0,1,0,1947-04-17,,1,,,,,,,,,,,,,,,,
342050,0006294,3,広島県,ヒロシマケン,Hiroshima,,,,尾道市,オノミチシ,Onomichi-shi,,,,因島中庄町,インノシマナカノショウチョウ,,,,,青影区,,,,0,0,0,1,0,0,1,0,1947-04-17,,1,,,,,,,,,,,,,,,,
342050,0006295,3,広島県,ヒロシマケン,Hiroshima,,,,尾道市,オノミチシ,Onomichi-shi,,,,因島中庄町,インノシマナカノショウチョウ,,,,,青影団地,,,,0,0,0,0,0,0,1,0,1947-04-17,,1,,,,,,,,,,,,,,,,
342050,0006296,3,広島県,ヒロシマケン,Hiroshima,,,,尾道市,オノミチシ,Onomichi-shi,,,,因島中庄町,インノシマナカノショウチョウ,,,,,鹿穴区,,,,0,0,0,1,0,0,1,0,1947-04-17,,1,,,,,,,,,,,,,,,,
342050,0006297,3,広島県,ヒロシマケン,Hiroshima,,,,尾道市,オノミチシ,Onomichi-shi,,,,因島中庄町,インノシマナカノショウチョウ,,,,,黒松区,,,,0,0,0,1,0,0,1,0,1947-04-17,,1,,,,,,,,,,,,,,,,
342050,0007000,1,広島県,ヒロシマケン,Hiroshima,,,,尾道市,オノミチシ,Onomichi-shi,,,,因島原町,インノシマハラチョウ,Innoshima Haracho,,,,,,,,0,0,0,0,0,0,1,1,1947-04-17,,0,7222432,,,,,,,,,,,,,,,
342050,0007160,3,広島県,ヒロシマケン,Hiroshima,,,,尾道市,オノミチシ,Onomichi-shi,,,,因島原町,インノシマハラチョウ,,,,,一区,,,,0,0,0,1,0,0,1,0,1947-04-17,,1,,,,,,,,,,,,,,,,
342050,0007161,3,広島県,ヒロシマケン,Hiroshima,,,,尾道市,オノミチシ,Onomichi-shi,,,,因島原町,インノシマハラチョウ,,,,,七区,,,,0,0,0,1,0,0,1,0,1947-04-17,,1,,,,,,,,,,,,,,,,
342050,0007162,3,広島県,ヒロシマケン,Hiroshima,,,,尾道市,オノミチシ,Onomichi-shi,,,,因島原町,インノシマハラチョウ,,,,,三区,,,,0,0,0,1,0,0,1,0,1947-04-17,,1,,,,,,,,,,,,,,,,
342050,0007163,3,広島県,ヒロシマケン,Hiroshima,,,,尾道市,オノミチシ,Onomichi-shi,,,,因島原町,インノシマハラチョウ,,,,,九区,,,,0,0,0,1,0,0,1,0,1947-04-17,,1,,,,,,,,,,,,,,,,
342050,0007164,3,広島県,ヒロシマケン,Hiroshima,,,,尾道市,オノミチシ,Onomichi-shi,,,,因島原町,インノシマハラチョウ,,,,,二区,,,,0,0,0,1,0,0,1,0,1947-04-17,,1,,,,,,,,,,,,,,,,
342050,0007165,3,広島県,ヒロシマケン,Hiroshima,,,,尾道市,オノミチシ,Onomichi-shi,,,,因島原町,インノシマハラチョウ,,,,,二十区,,,,0,0,0,1,0,0,1,0,1947-04-17,,1,,,,,,,,,,,,,,,,
342050,0007166,3,広島県,ヒロシマケン,Hiroshima,,,,尾道市,オノミチシ,Onomichi-shi,,,,因島原町,インノシマハラチョウ,,,,,五区,,,,0,0,0,1,0,0,1,0,1947-04-17,,1,,,,,,,,,,,,,,,,
342050,0007167,3,広島県,ヒロシマケン,Hiroshima,,,,尾道市,オノミチシ,Onomichi-shi,,,,因島原町,インノシマハラチョウ,,,,,八区,,,,0,0,0,1,0,0,1,0,1947-04-17,,1,,,,,,,,,,,,,,,,
342050,0007168,3,広島県,ヒロシマケン,Hiroshima,,,,尾道市,オノミチシ,Onomichi-shi,,,,因島原町,インノシマハラチョウ,,,,,六区,,,,0,0,0,1,0,0,1,0,1947-04-17,,1,,,,,,,,,,,,,,,,
342050,0007169,3,広島県,ヒロシマケン,Hiroshima,,,,尾道市,オノミチシ,Onomichi-shi,,,,因島原町,インノシマハラチョウ,,,,,十一区,,,,0,0,0,1,0,0,1,0,1947-04-17,,1,,,,,,,,,,,,,,,,
342050,0007170,3,広島県,ヒロシマケン,Hiroshima,,,,尾道市,オノミチシ,Onomichi-shi,,,,因島原町,インノシマハラチョウ,,,,,十七区,,,,0,0,0,1,0,0,1,0,1947-04-17,,1,,,,,,,,,,,,,,,,
342050,0007171,3,広島県,ヒロシマケン,Hiroshima,,,,尾道市,オノミチシ,Onomichi-shi,,,,因島原町,インノシマハラチョウ,,,,,十三区,,,,0,0,0,1,0,0,1,0,1947-04-17,,1,,,,,,,,,,,,,,,,
342050,0007172,3,広島県,ヒロシマケン,Hiroshima,,,,尾道市,オノミチシ,Onomichi-shi,,,,因島原町,インノシマハラチョウ,,,,,十九区,,,,0,0,0,1,0,0,1,0,1947-04-17,,1,,,,,,,,,,,,,,,,
342050,0007173,3,広島県,ヒロシマケン,Hiroshima,,,,尾道市,オノミチシ,Onomichi-shi,,,,因島原町,インノシマハラチョウ,,,,,十二区,,,,0,0,0,1,0,0,1,0,1947-04-17,,1,,,,,,,,,,,,,,,,
342050,0007174,3,広島県,ヒロシマケン,Hiroshima,,,,尾道市,オノミチシ,Onomichi-shi,,,,因島原町,インノシマハラチョウ,,,,,十五区,,,,0,0,0,1,0,0,1,0,1947-04-17,,1,,,,,,,,,,,,,,,,
342050,0007175,3,広島県,ヒロシマケン,Hiroshima,,,,尾道市,オノミチシ,Onomichi-shi,,,,因島原町,インノシマハラチョウ,,,,,十八区,,,,0,0,0,1,0,0,1,0,1947-04-17,,1,,,,,,,,,,,,,,,,
342050,0007176,3,広島県,ヒロシマケン,Hiroshima,,,,尾道市,オノミチシ,Onomichi-shi,,,,因島原町,インノシマハラチョウ,,,,,十六区,,,,0,0,0,1,0,0,1,0,1947-04-17,,1,,,,,,,,,,,,,,,,
342050,0007177,3,広島県,ヒロシマケン,Hiroshima,,,,尾道市,オノミチシ,Onomichi-shi,,,,因島原町,インノシマハラチョウ,,,,,十区,,,,0,0,0,1,0,0,1,0,1947-04-17,,1,,,,,,,,,,,,,,,,
342050,0007178,3,広島県,ヒロシマケン,Hiroshima,,,,尾道市,オノミチシ,Onomichi-shi,,,,因島原町,インノシマハラチョウ,,,,,十四区,,,,0,0,0,1,0,0,1,0,1947-04-17,,1,,,,,,,,,,,,,,,,
342050,0007179,3,広島県,ヒロシマケン,Hiroshima,,,,尾道市,オノミチシ,Onomichi-shi,,,,因島原町,インノシマハラチョウ,,,,,四区,,,,0,0,0,1,0,0,1,0,1947-04-17,,1,,,,,,,,,,,,,,,,
342050,0008000,1,広島県,ヒロシマケン,Hiroshima,,,,尾道市,オノミチシ,Onomichi-shi,,,,因島三庄町,インノシマミツノショウチョウ,Innoshima Mitsunoshocho,,,,,,,,0,0,0,0,0,0,1,1,1947-04-17,,0,7222322,,,,,,,,,,,,,,,
342050,0008191,3,広島県,ヒロシマケン,Hiroshima,,,,尾道市,オノミチシ,Onomichi-shi,,,,因島三庄町,インノシマミツノショウチョウ,,,,,一区,,,,0,0,0,1,0,0,1,0,1947-04-17,,1,,,,,,,,,,,,,,,,
342050,0008192,3,広島県,ヒロシマケン,Hiroshima,,,,尾道市,オノミチシ,Onomichi-shi,,,,因島三庄町,インノシマミツノショウチョウ,,,,,七区,,,,0,0,0,1,0,0,1,0,1947-04-17,,1,,,,,,,,,,,,,,,,
342050,0008193,3,広島県,ヒロシマケン,Hiroshima,,,,尾道市,オノミチシ,Onomichi-shi,,,,因島三庄町,インノシマミツノショウチョウ,,,,,三区,,,,0,0,0,1,0,0,1,0,1947-04-17,,1,,,,,,,,,,,,,,,,
342050,0008194,3,広島県,ヒロシマケン,Hiroshima,,,,尾道市,オノミチシ,Onomichi-shi,,,,因島三庄町,インノシマミツノショウチョウ,,,,,九区,,,,0,0,0,1,0,0,1,0,1947-04-17,,1,,,,,,,,,,,,,,,,
342050,0008195,3,広島県,ヒロシマケン,Hiroshima,,,,尾道市,オノミチシ,Onomichi-shi,,,,因島三庄町,インノシマミツノショウチョウ,,,,,二区,,,,0,0,0,1,0,0,1,0,1947-04-17,,1,,,,,,,,,,,,,,,,
342050,0008196,3,広島県,ヒロシマケン,Hiroshima,,,,尾道市,オノミチシ,Onomichi-shi,,,,因島三庄町,インノシマミツノショウチョウ,,,,,五区,,,,0,0,0,1,0,0,1,0,1947-04-17,,1,,,,,,,,,,,,,,,,
342050,0008197,3,広島県,ヒロシマケン,Hiroshima,,,,尾道市,オノミチシ,Onomichi-shi,,,,因島三庄町,インノシマミツノショウチョウ,,,,,八区,,,,0,0,0,1,0,0,1,0,1947-04-17,,1,,,,,,,,,,,,,,,,
342050,0008198,3,広島県,ヒロシマケン,Hiroshima,,,,尾道市,オノミチシ,Onomichi-shi,,,,因島三庄町,インノシマミツノショウチョウ,,,,,六区,,,,0,0,0,1,0,0,1,0,1947-04-17,,1,,,,,,,,,,,,,,,,
342050,0008199,3,広島県,ヒロシマケン,Hiroshima,,,,尾道市,オノミチシ,Onomichi-shi,,,,因島三庄町,インノシマミツノショウチョウ,,,,,四区,,,,0,0,0,1,0,0,1,0,1947-04-17,,1,,,,,,,,,,,,,,,,
342050,0009000,1,広島県,ヒロシマケン,Hiroshima,,,,尾道市,オノミチシ,Onomichi-shi,,,,因島椋浦町,インノシマムクノウラチョウ,Innoshima Mukunoracho,,,,,,,,0,0,0,0,0,0,1,1,1947-04-17,,0,7222321,,,,,,,,,,,,,,,
342050,0009116,3,広島県,ヒロシマケン,Hiroshima,,,,尾道市,オノミチシ,Onomichi-shi,,,,因島椋浦町,インノシマムクノウラチョウ,,,,,東区,,,,0,0,0,1,0,0,1,0,1947-04-17,,1,,,,,,,,,,,,,,,,
342050,0009117,3,広島県,ヒロシマケン,Hiroshima,,,,尾道市,オノミチシ,Onomichi-shi,,,,因島椋浦町,インノシマムクノウラチョウ,,,,,空区,,,,0,0,0,1,0,0,1,0,1947-04-17,,1,,,,,,,,,,,,,,,,
342050,0009118,3,広島県,ヒロシマケン,Hiroshima,,,,尾道市,オノミチシ,Onomichi-shi,,,,因島椋浦町,インノシマムクノウラチョウ,,,,,西区,,,,0,0,0,1,0,0,1,0,1947-04-17,,1,,,,,,,,,,,,,,,,
342050,0010000,1,広島県,ヒロシマケン,Hiroshima,,,,尾道市,オノミチシ,Onomichi-shi,,,,浦崎町,ウラサキチョウ,Urasakicho,,,,,,,,0,0,0,0,0,0,1,1,1947-04-17,,0,7200551,,,,,,,,,,,,,,,
342050,0011000,1,広島県,ヒロシマケン,Hiroshima,,,,尾道市,オノミチシ,Onomichi-shi,,,,沖側町,オキガワチョウ,Okigawacho,,,,,,,,1,1,0,0,0,0,1,1,1947-04-17,,0,7220006,,,,,,,,,,,,,,,
342050,0012000,1,広島県,ヒロシマケン,Hiroshima,,,,尾道市,オノミチシ,Onomichi-shi,,,,尾崎町,オザキチョウ,Ozakicho,,,,,,,,0,0,0,0,0,0,1,1,1947-04-17,,0,7220053,,,,,,,,,,,,,,,
342050,0014000,1,広島県,ヒロシマケン,Hiroshima,,,,尾道市,オノミチシ,Onomichi-shi,,,,神田町,カンダチョウ,Kandacho,,,,,,,,1,1,0,0,0,0,1,1,1947-04-17,,0,7220016,,,,,,,,,,,,,,,
342050,0015000,1,広島県,ヒロシマケン,Hiroshima,,,,尾道市,オノミチシ,Onomichi-shi,,,,木ノ庄町市原,キノショウチョウイチバラ,Kinoshocho Ichibara,,,,,,,,0,0,0,0,0,0,1,1,1947-04-17,,0,7220233,,,,,,,,,,,,,,,
342050,0016000,1,広島県,ヒロシマケン,Hiroshima,,,,尾道市,オノミチシ,Onomichi-shi,,,,木ノ庄町木梨,キノショウチョウキナシ,Kinoshocho Kinashi,,,,,,,,0,0,0,0,0,0,1,1,1947-04-17,,0,7220234,,,,,,,,,,,,,,,
342050,0017000,1,広島県,ヒロシマケン,Hiroshima,,,,尾道市,オノミチシ,Onomichi-shi,,,,木ノ庄町木梨山方,キノショウチョウキナシヤマガタ,Kinoshocho Kinashiyamagata,,,,,,,,0,0,0,0,0,0,1,1,1947-04-17,,0,7220235,,,,,,,,,,,,,,,
342050,0018000,1,広島県,ヒロシマケン,Hiroshima,,,,尾道市,オノミチシ,Onomichi-shi,,,,木ノ庄町木門田,キノショウチョウキモンデン,Kinoshocho Kimonden,,,,,,,,0,0,0,0,0,0,1,1,1947-04-17,,0,7220232,,,,,,,,,,,,,,,
342050,0019000,1,広島県,ヒロシマケン,Hiroshima,,,,尾道市,オノミチシ,Onomichi-shi,,,,木ノ庄町畑,キノショウチョウハタ,Kinoshocho Hata,,,,,,,,0,0,0,0,0,0,1,1,1947-04-17,,0,7220231,,,,,,,,,,,,,,,
342050,0020001,2,広島県,ヒロシマケン,Hiroshima,,,,尾道市,オノミチシ,Onomichi-shi,,,,久保,クボ,Kubo,一丁目,１チョウメ,1,,,,,1,1,0,0,0,0,1,1,1947-04-17,,0,,,,,,,,,,,,,,,,
342050,0020002,2,広島県,ヒロシマケン,Hiroshima,,,,尾道市,オノミチシ,Onomichi-shi,,,,久保,クボ,Kubo,二丁目,２チョウメ,2,,,,,1,1,0,0,0,0,1,1,1947-04-17,,0,,,,,,,,,,,,,,,,
342050,0020003,2,広島県,ヒロシマケン,Hiroshima,,,,尾道市,オノミチシ,Onomichi-shi,,,,久保,クボ,Kubo,三丁目,３チョウメ,3,,,,,1,1,0,0,0,0,1,1,1947-04-17,,0,,,,,,,,,,,,,,,,
342050,0021000,1,広島県,ヒロシマケン,Hiroshima,,,,尾道市,オノミチシ,Onomichi-shi,,,,久保町,クボチョウ,Kubocho,,,,,,,,0,0,0,0,0,0,1,1,1947-04-17,,0,7220042,,,,,,,,,,,,,,,
342050,0022000,1,広島県,ヒロシマケン,Hiroshima,,,,尾道市,オノミチシ,Onomichi-shi,,,,栗原町,クリハラチョウ,Kuriharacho,,,,,,,,0,0,0,0,0,0,1,1,1947-04-17,,0,7220022,,,,,,,,,,,,,,,
342050,0023001,2,広島県,ヒロシマケン,Hiroshima,,,,尾道市,オノミチシ,Onomichi-shi,,,,栗原西,クリハラニシ,Kurihara Nishi,一丁目,１チョウメ,1,,,,,1,1,0,0,0,0,1,1,1947-04-17,,0,,,,,,,,,,,,,,,,
342050,0023002,2,広島県,ヒロシマケン,Hiroshima,,,,尾道市,オノミチシ,Onomichi-shi,,,,栗原西,クリハラニシ,Kurihara Nishi,二丁目,２チョウメ,2,,,,,1,1,0,0,0,0,1,1,1947-04-17,,0,,,,,,,,,,,,,,,,
342050,0024001,2,広島県,ヒロシマケン,Hiroshima,,,,尾道市,オノミチシ,Onomichi-shi,,,,栗原東,クリハラヒガシ,Kurihara Higashi,一丁目,１チョウメ,1,,,,,1,1,0,0,0,0,1,1,1947-04-17,,0,,,,,,,,,,,,,,,,
342050,0024002,2,広島県,ヒロシマケン,Hiroshima,,,,尾道市,オノミチシ,Onomichi-shi,,,,栗原東,クリハラヒガシ,Kurihara Higashi,二丁目,２チョウメ,2,,,,,1,1,0,0,0,0,1,1,1947-04-17,,0,,,,,,,,,,,,,,,,
342050,0025000,1,広島県,ヒロシマケン,Hiroshima,,,,尾道市,オノミチシ,Onomichi-shi,,,,古浜町,コハマチョウ,Kohamacho,,,,,,,,1,1,0,0,0,0,1,1,1947-04-17,,0,7220002,,,,,,,,,,,,,,,
342050,0026000,1,広島県,ヒロシマケン,Hiroshima,,,,尾道市,オノミチシ,Onomichi-shi,,,,桜町,サクラマチ,Sakuramachi,,,,,,,,1,1,0,0,0,0,1,1,1947-04-17,,0,7220011,,,,,,,,,,,,,,,
342050,0027000,1,広島県,ヒロシマケン,Hiroshima,,,,尾道市,オノミチシ,Onomichi-shi,,,,三軒家町,サンゲンヤチョウ,Sangenyacho,,,,,,,,1,1,0,0,0,0,1,1,1947-04-17,,0,7220031,,,,,,,,,,,,,,,
342050,0028000,1,広島県,ヒロシマケン,Hiroshima,,,,尾道市,オノミチシ,Onomichi-shi,,,,山波町,サンバチョウ,Sambacho,,,,,,,,0,0,0,0,0,0,1,1,1947-04-17,,0,7220052,,,,,,,,,,,,,,,
342050,0029000,1,広島県,ヒロシマケン,Hiroshima,,,,尾道市,オノミチシ,Onomichi-shi,,,,潮見町,シオミチョウ,Shiomicho,,,,,,,,1,1,0,0,0,0,1,1,1947-04-17,,0,7220012,,,,,,,,,,,,,,,
342050,0030000,1,広島県,ヒロシマケン,Hiroshima,,,,尾道市,オノミチシ,Onomichi-shi,,,,正徳町,ショウトクチョウ,Shotokucho,,,,,,,,1,1,0,0,0,0,1,1,1947-04-17,,0,7220004,,,,,,,,,,,,,,,
342050,0031001,2,広島県,ヒロシマケン,Hiroshima,,,,尾道市,オノミチシ,Onomichi-shi,,,,新高山,シンタカヤマ,Shintakayama,一丁目,１チョウメ,1,,,,,0,0,0,0,0,0,1,1,1947-04-17,,0,,,,,,,,,,,,,,,,
342050,0031002,2,広島県,ヒロシマケン,Hiroshima,,,,尾道市,オノミチシ,Onomichi-shi,,,,新高山,シンタカヤマ,Shintakayama,二丁目,２チョウメ,2,,,,,0,0,0,0,0,0,1,1,1947-04-17,,0,,,,,,,,,,,,,,,,
342050,0031003,2,広島県,ヒロシマケン,Hiroshima,,,,尾道市,オノミチシ,Onomichi-shi,,,,新高山,シンタカヤマ,Shintakayama,三丁目,３チョウメ,3,,,,,0,0,0,0,0,0,1,1,1947-04-17,,0,,,,,,,,,,,,,,,,
342050,0032001,2,広島県,ヒロシマケン,Hiroshima,,,,尾道市,オノミチシ,Onomichi-shi,,,,新浜,シンハマ,Shinhama,一丁目,１チョウメ,1,,,,,1,1,0,0,0,0,1,1,1947-04-17,,0,,,,,,,,,,,,,,,,
342050,0032002,2,広島県,ヒロシマケン,Hiroshima,,,,尾道市,オノミチシ,Onomichi-shi,,,,新浜,シンハマ,Shinhama,二丁目,２チョウメ,2,,,,,1,1,0,0,0,0,1,1,1947-04-17,,0,,,,,,,,,,,,,,,,
342050,0033000,1,広島県,ヒロシマケン,Hiroshima,,,,尾道市,オノミチシ,Onomichi-shi,,,,瀬戸田町荻,セトダチョウオギ,Setodacho Ogi,,,,,,,,0,0,0,0,0,0,1,1,1947-04-17,,0,7222403,,,,,,,,,,,,,,,
342050,0034000,1,広島県,ヒロシマケン,Hiroshima,,,,尾道市,オノミチシ,Onomichi-shi,,,,瀬戸田町高根,セトダチョウコウネ,Setodacho Kone,,,,,,,,0,0,0,0,0,0,1,1,1947-04-17,,0,7222412,,,,,,,,,,,,,,,
342050,0035000,1,広島県,ヒロシマケン,Hiroshima,,,,尾道市,オノミチシ,Onomichi-shi,,,,瀬戸田町沢,セトダチョウサワ,Setodacho Sawa,,,,,,,,0,0,0,0,0,0,1,1,1947-04-17,,0,7222413,,,,,,,,,,,,,,,
342050,0036000,1,広島県,ヒロシマケン,Hiroshima,,,,尾道市,オノミチシ,Onomichi-shi,,,,瀬戸田町鹿田原,セトダチョウシカタハラ,Setodacho Shikatahara,,,,,,,,0,0,0,0,0,0,1,1,1947-04-17,,0,7222414,,,,,,,,,,,,,,,
342050,0037000,1,広島県,ヒロシマケン,Hiroshima,,,,尾道市,オノミチシ,Onomichi-shi,,,,瀬戸田町瀬戸田,セトダチョウセトダ,Setodacho Setoda,,,,,,,,0,0,0,0,0,0,1,1,1947-04-17,,0,7222411,,,,,,,,,,,,,,,
342050,0038000,1,広島県,ヒロシマケン,Hiroshima,,,,尾道市,オノミチシ,Onomichi-shi,,,,瀬戸田町垂水,セトダチョウタルミ,Setodacho Tarumi,,,,,,,,0,0,0,0,0,0,1,1,1947-04-17,,0,7222404,,,,,,,,,,,,,,,
342050,0039000,1,広島県,ヒロシマケン,Hiroshima,,,,尾道市,オノミチシ,Onomichi-shi,,,,瀬戸田町中野,セトダチョウナカノ,Setodacho Nakano,,,,,,,,0,0,0,0,0,0,1,1,1947-04-17,,0,7222415,,,,,,,,,,,,,,,
342050,0040000,1,広島県,ヒロシマケン,Hiroshima,,,,尾道市,オノミチシ,Onomichi-shi,,,,瀬戸田町林,セトダチョウハヤシ,Setodacho Hayashi,,,,,,,,0,0,0,0,0,0,1,1,1947-04-17,,0,7222416,,,,,,,,,,,,,,,
342050,0041000,1,広島県,ヒロシマケン,Hiroshima,,,,尾道市,オノミチシ,Onomichi-shi,,,,瀬戸田町福田,セトダチョウフクダ,Setodacho Fukuda,,,,,,,,0,0,0,0,0,0,1,1,1947-04-17,,0,7222405,,,,,,,,,,,,,,,
342050,0042000,1,広島県,ヒロシマケン,Hiroshima,,,,尾道市,オノミチシ,Onomichi-shi,,,,瀬戸田町御寺,セトダチョウミテラ,Setodacho Mitera,,,,,,,,0,0,0,0,0,0,1,1,1947-04-17,,0,7222401,,,,,,,,,,,,,,,
342050,0043000,1,広島県,ヒロシマケン,Hiroshima,,,,尾道市,オノミチシ,Onomichi-shi,,,,瀬戸田町宮原,セトダチョウミヤバラ,Setodacho Miyabara,,,,,,,,0,0,0,0,0,0,1,1,1947-04-17,,0,7222402,,,,,,,,,,,,,,,
342050,0044000,1,広島県,ヒロシマケン,Hiroshima,,,,尾道市,オノミチシ,Onomichi-shi,,,,瀬戸田町名荷,セトダチョウミョウガ,Setodacho Myoga,,,,,,,,0,0,0,0,0,0,1,1,1947-04-17,,0,7222417,,,,,,,,,,,,,,,
342050,0045000,1,広島県,ヒロシマケン,Hiroshima,,,,尾道市,オノミチシ,Onomichi-shi,,,,高須町,タカスチョウ,Takasucho,,,,,,,,0,0,0,0,0,0,1,1,1947-04-17,,0,7290141,,,,,,,,,,,,,,,
342050,0046001,2,広島県,ヒロシマケン,Hiroshima,,,,尾道市,オノミチシ,Onomichi-shi,,,,長者原,チョウジャバラ,Chojabara,一丁目,１チョウメ,1,,,,,0,0,0,0,0,0,1,1,1947-04-17,,0,,,,,,,,,,,,,,,,
342050,0046002,2,広島県,ヒロシマケン,Hiroshima,,,,尾道市,オノミチシ,Onomichi-shi,,,,長者原,チョウジャバラ,Chojabara,二丁目,２チョウメ,2,,,,,0,0,0,0,0,0,1,1,1947-04-17,,0,,,,,,,,,,,,,,,,
342050,0047001,2,広島県,ヒロシマケン,Hiroshima,,,,尾道市,オノミチシ,Onomichi-shi,,,,土堂,ツチドウ,Tsuchido,一丁目,１チョウメ,1,,,,,1,1,0,0,0,0,1,1,1947-04-17,,0,,,,,,,,,,,,,,,,
342050,0047002,2,広島県,ヒロシマケン,Hiroshima,,,,尾道市,オノミチシ,Onomichi-shi,,,,土堂,ツチドウ,Tsuchido,二丁目,２チョウメ,2,,,,,1,1,0,0,0,0,1,1,1947-04-17,,0,,,,,,,,,,,,,,,,
342050,0048000,1,広島県,ヒロシマケン,Hiroshima,,,,尾道市,オノミチシ,Onomichi-shi,,,,手崎町,テサキチョウ,Tesakicho,,,,,,,,1,1,0,0,0,0,1,1,1947-04-17,,0,7220001,,,,,,,,,,,,,,,
342050,0049000,1,広島県,ヒロシマケン,Hiroshima,,,,尾道市,オノミチシ,Onomichi-shi,,,,天満町,テンマチョウ,Temmacho,,,,,,,,1,1,0,0,0,0,1,1,1947-04-17,,0,7220038,,,,,,,,,,,,,,,
342050,0050000,1,広島県,ヒロシマケン,Hiroshima,,,,尾道市,オノミチシ,Onomichi-shi,,,,十四日町,トヨヒチョウ,Toyohicho,,,,,,,,0,0,0,0,0,0,1,1,1947-04-17,,0,7220047,,,,,,,,,,,,,,,
342050,0051000,1,広島県,ヒロシマケン,Hiroshima,,,,尾道市,オノミチシ,Onomichi-shi,,,,十四日元町,トヨヒモトマチ,Toyohimotomachi,,,,,,,,1,1,0,0,0,0,1,1,1947-04-17,,0,7220034,,,,,,,,,,,,,,,
342050,0052001,2,広島県,ヒロシマケン,Hiroshima,,,,尾道市,オノミチシ,Onomichi-shi,,,,長江,ナガエ,Nagae,一丁目,１チョウメ,1,,,,,1,1,0,0,0,0,1,1,1947-04-17,,0,,,,,,,,,,,,,,,,
342050,0052002,2,広島県,ヒロシマケン,Hiroshima,,,,尾道市,オノミチシ,Onomichi-shi,,,,長江,ナガエ,Nagae,二丁目,２チョウメ,2,,,,,1,1,0,0,0,0,1,1,1947-04-17,,0,,,,,,,,,,,,,,,,
342050,0052003,2,広島県,ヒロシマケン,Hiroshima,,,,尾道市,オノミチシ,Onomichi-shi,,,,長江,ナガエ,Nagae,三丁目,３チョウメ,3,,,,,1,1,0,0,0,0,1,1,1947-04-17,,0,,,,,,,,,,,,,,,,
342050,0053000,1,広島県,ヒロシマケン,Hiroshima,,,,尾道市,オノミチシ,Onomichi-shi,,,,西久保町,ニシクボチョウ,Nishikubocho,,,,,,,,1,1,0,0,0,0,1,1,1947-04-17,,0,7220044,,,,,,,,,,,,,,,
342050,0054000,1,広島県,ヒロシマケン,Hiroshima,,,,尾道市,オノミチシ,Onomichi-shi,,,,西御所町,ニシゴショチョウ,Nishigoshocho,,,,,,,,1,1,0,0,0,0,1,1,1947-04-17,,0,7220037,,,,,,,,,,,,,,,
342050,0055000,1,広島県,ヒロシマケン,Hiroshima,,,,尾道市,オノミチシ,Onomichi-shi,,,,西土堂町,ニシツチドウチョウ,Nishitsuchidocho,,,,,,,,1,1,0,0,0,0,1,1,1947-04-17,,0,7220032,,,,,,,,,,,,,,,
342050,0056000,1,広島県,ヒロシマケン,Hiroshima,,,,尾道市,オノミチシ,Onomichi-shi,,,,西則末町,ニシノリスエチョウ,Nishinorisuecho,,,,,,,,1,1,0,0,0,0,1,1,1947-04-17,,0,7220024,,,,,,,,,,,,,,,
342050,0057000,1,広島県,ヒロシマケン,Hiroshima,,,,尾道市,オノミチシ,Onomichi-shi,,,,西藤町,ニシフジチョウ,Nishifujicho,,,,,,,,0,0,0,0,0,0,1,1,1947-04-17,,0,7290142,,,,,,,,,,,,,,,
342050,0058000,1,広島県,ヒロシマケン,Hiroshima,,,,尾道市,オノミチシ,Onomichi-shi,,,,原田町小原,ハラダチョウオバラ,Haradacho Obara,,,,,,,,0,0,0,0,0,0,1,1,1947-04-17,,0,7220201,,,,,,,,,,,,,,,
342050,0059000,1,広島県,ヒロシマケン,Hiroshima,,,,尾道市,オノミチシ,Onomichi-shi,,,,原田町梶山田,ハラダチョウカジヤマダ,Haradacho Kajiyamada,,,,,,,,0,0,0,0,0,0,1,1,1947-04-17,,0,7220202,,,,,,,,,,,,,,,
342050,0060000,1,広島県,ヒロシマケン,Hiroshima,,,,尾道市,オノミチシ,Onomichi-shi,,,,東尾道,ヒガシオノミチ,Higashionomichi,,,,,,,,0,0,0,0,0,0,1,1,1947-04-17,,0,7220051,,,,,,,,,,,,,,,
342050,0061000,1,広島県,ヒロシマケン,Hiroshima,,,,尾道市,オノミチシ,Onomichi-shi,,,,東久保町,ヒガシクボチョウ,Higashikubocho,,,,,,,,1,1,0,0,0,0,1,1,1947-04-17,,0,7220043,,,,,,,,,,,,,,,
342050,0062000,1,広島県,ヒロシマケン,Hiroshima,,,,尾道市,オノミチシ,Onomichi-shi,,,,東御所町,ヒガシゴショチョウ,Higashigoshocho,,,,,,,,1,1,0,0,0,0,1,1,1947-04-17,,0,7220036,,,,,,,,,,,,,,,
342050,0063000,1,広島県,ヒロシマケン,Hiroshima,,,,尾道市,オノミチシ,Onomichi-shi,,,,東土堂町,ヒガシツチドウチョウ,Higashitsuchidocho,,,,,,,,1,1,0,0,0,0,1,1,1947-04-17,,0,7220033,,,,,,,,,,,,,,,
342050,0064000,1,広島県,ヒロシマケン,Hiroshima,,,,尾道市,オノミチシ,Onomichi-shi,,,,東則末町,ヒガシノリスエチョウ,Higashinorisuecho,,,,,,,,1,1,0,0,0,0,1,1,1947-04-17,,0,7220023,,,,,,,,,,,,,,,
342050,0065000,1,広島県,ヒロシマケン,Hiroshima,,,,尾道市,オノミチシ,Onomichi-shi,,,,東元町,ヒガシモトマチ,Higashimotomachi,,,,,,,,1,1,0,0,0,0,1,1,1947-04-17,,0,7220003,,,,,,,,,,,,,,,
342050,0066000,1,広島県,ヒロシマケン,Hiroshima,,,,尾道市,オノミチシ,Onomichi-shi,,,,久山田町,ヒサヤマダチョウ,Hisayamadacho,,,,,,,,0,0,0,0,0,0,1,1,1947-04-17,,0,7220021,,,,,,,,,,,,,,,
342050,0067000,1,広島県,ヒロシマケン,Hiroshima,,,,尾道市,オノミチシ,Onomichi-shi,,,,日比崎町,ヒビザキチョウ,Hibizakicho,,,,,,,,1,1,0,0,0,0,1,1,1947-04-17,,0,7220013,,,,,,,,,,,,,,,
342050,0068001,2,広島県,ヒロシマケン,Hiroshima,,,,尾道市,オノミチシ,Onomichi-shi,,,,平原,ヒラハラ,Hirahara,一丁目,１チョウメ,1,,,,,1,1,0,0,0,0,1,1,1947-04-17,,0,,,,,,,,,,,,,,,,
342050,0068002,2,広島県,ヒロシマケン,Hiroshima,,,,尾道市,オノミチシ,Onomichi-shi,,,,平原,ヒラハラ,Hirahara,二丁目,２チョウメ,2,,,,,1,1,0,0,0,0,1,1,1947-04-17,,0,,,,,,,,,,,,,,,,
342050,0068003,2,広島県,ヒロシマケン,Hiroshima,,,,尾道市,オノミチシ,Onomichi-shi,,,,平原,ヒラハラ,Hirahara,三丁目,３チョウメ,3,,,,,1,1,0,0,0,0,1,1,1947-04-17,,0,,,,,,,,,,,,,,,,
342050,0068004,2,広島県,ヒロシマケン,Hiroshima,,,,尾道市,オノミチシ,Onomichi-shi,,,,平原,ヒラハラ,Hirahara,四丁目,４チョウメ,4,,,,,1,1,0,0,0,0,1,1,1947-04-17,,0,,,,,,,,,,,,,,,,
342050,0069000,1,広島県,ヒロシマケン,Hiroshima,,,,尾道市,オノミチシ,Onomichi-shi,,,,福地町,フクチチョウ,Fukuchicho,,,,,,,,1,1,0,0,0,0,1,1,1947-04-17,,0,7220005,,,,,,,,,,,,,,,
342050,0070000,1,広島県,ヒロシマケン,Hiroshima,,,,尾道市,オノミチシ,Onomichi-shi,,,,防地町,ボウジチョウ,Bojicho,,,,,,,,1,1,0,0,0,0,1,1,1947-04-17,,0,7220041,,,,,,,,,,,,,,,
342050,0071000,1,広島県,ヒロシマケン,Hiroshima,,,,尾道市,オノミチシ,Onomichi-shi,,,,御調町綾目,ミツギチョウアヤメ,Mitsugicho Ayame,,,,,,,,0,0,0,0,0,0,1,1,1947-04-17,,0,7220354,,,,,,,,,,,,,,,
342050,0072000,1,広島県,ヒロシマケン,Hiroshima,,,,尾道市,オノミチシ,Onomichi-shi,,,,御調町市,ミツギチョウイチ,Mitsugicho Ichi,,,,,,,,0,0,0,0,0,0,1,1,1947-04-17,,0,7220311,,,,,,,,,,,,,,,
342050,0073000,1,広島県,ヒロシマケン,Hiroshima,,,,尾道市,オノミチシ,Onomichi-shi,,,,御調町今田,ミツギチョウイマダ,Mitsugicho Imada,,,,,,,,0,0,0,0,0,0,1,1,1947-04-17,,0,7221564,,,,,,,,,,,,,,,
342050,0074000,1,広島県,ヒロシマケン,Hiroshima,,,,尾道市,オノミチシ,Onomichi-shi,,,,御調町岩根,ミツギチョウイワネ,Mitsugicho Iwane,,,,,,,,0,0,0,0,0,0,1,1,1947-04-17,,0,7220326,,,,,,,,,,,,,,,
342050,0075000,1,広島県,ヒロシマケン,Hiroshima,,,,尾道市,オノミチシ,Onomichi-shi,,,,御調町植野,ミツギチョウウエノ,Mitsugicho Ueno,,,,,,,,0,0,0,0,0,0,1,1,1947-04-17,,0,7221563,,,,,,,,,,,,,,,
342050,0076000,1,広島県,ヒロシマケン,Hiroshima,,,,尾道市,オノミチシ,Onomichi-shi,,,,御調町江田,ミツギチョウエタ,Mitsugicho Eta,,,,,,,,0,0,0,0,0,0,1,1,1947-04-17,,0,7220336,,,,,,,,,,,,,,,
342050,0077000,1,広島県,ヒロシマケン,Hiroshima,,,,尾道市,オノミチシ,Onomichi-shi,,,,御調町大田,ミツギチョウオオダ,Mitsugicho Oda,,,,,,,,0,0,0,0,0,0,1,1,1947-04-17,,0,7220342,,,,,,,,,,,,,,,
342050,0078000,1,広島県,ヒロシマケン,Hiroshima,,,,尾道市,オノミチシ,Onomichi-shi,,,,御調町大原,ミツギチョウオオバラ,Mitsugicho Obara,,,,,,,,0,0,0,0,0,0,1,1,1947-04-17,,0,7220351,,,,,,,,,,,,,,,
342050,0079000,1,広島県,ヒロシマケン,Hiroshima,,,,尾道市,オノミチシ,Onomichi-shi,,,,御調町大町,ミツギチョウオオマチ,Mitsugicho Omachi,,,,,,,,0,0,0,0,0,0,1,1,1947-04-17,,0,7220314,,,,,,,,,,,,,,,
342050,0080000,1,広島県,ヒロシマケン,Hiroshima,,,,尾道市,オノミチシ,Onomichi-shi,,,,御調町大山田,ミツギチョウオオヤマダ,Mitsugicho Oyamada,,,,,,,,0,0,0,0,0,0,1,1,1947-04-17,,0,7220403,,,,,,,,,,,,,,,
342050,0081000,1,広島県,ヒロシマケン,Hiroshima,,,,尾道市,オノミチシ,Onomichi-shi,,,,御調町貝ケ原,ミツギチョウカイガハラ,Mitsugicho Kaigahara,,,,,,,,0,0,0,0,0,0,1,1,1947-04-17,,0,7220312,,,,,,,,,,,,,,,
342050,0082000,1,広島県,ヒロシマケン,Hiroshima,,,,尾道市,オノミチシ,Onomichi-shi,,,,御調町釜窪,ミツギチョウカマクボ,Mitsugicho Kamakubo,,,,,,,,0,0,0,0,0,0,1,1,1947-04-17,,0,7220315,,,,,,,,,,,,,,,
342050,0083000,1,広島県,ヒロシマケン,Hiroshima,,,,尾道市,オノミチシ,Onomichi-shi,,,,御調町神,ミツギチョウカミ,Mitsugicho Kami,,,,,,,,0,0,0,0,0,0,1,1,1947-04-17,,0,7220341,,,,,,,,,,,,,,,
342050,0084000,1,広島県,ヒロシマケン,Hiroshima,,,,尾道市,オノミチシ,Onomichi-shi,,,,御調町国守,ミツギチョウクニモリ,Mitsugicho Kunimori,,,,,,,,0,0,0,0,0,0,1,1,1947-04-17,,0,7220335,,,,,,,,,,,,,,,
342050,0085000,1,広島県,ヒロシマケン,Hiroshima,,,,尾道市,オノミチシ,Onomichi-shi,,,,御調町公文,ミツギチョウクモン,Mitsugicho Kumon,,,,,,,,0,0,0,0,0,0,1,1,1947-04-17,,0,7220352,,,,,,,,,,,,,,,
342050,0086000,1,広島県,ヒロシマケン,Hiroshima,,,,尾道市,オノミチシ,Onomichi-shi,,,,御調町三郎丸,ミツギチョウサブロウマル,Mitsugicho Saburomaru,,,,,,,,0,0,0,0,0,0,1,1,1947-04-17,,0,7220322,,,,,,,,,,,,,,,
342050,0087000,1,広島県,ヒロシマケン,Hiroshima,,,,尾道市,オノミチシ,Onomichi-shi,,,,御調町下山田,ミツギチョウシモヤマダ,Mitsugicho Shimoyamada,,,,,,,,0,0,0,0,0,0,1,1,1947-04-17,,0,7220402,,,,,,,,,,,,,,,
342050,0088000,1,広島県,ヒロシマケン,Hiroshima,,,,尾道市,オノミチシ,Onomichi-shi,,,,御調町菅,ミツギチョウスゲ,Mitsugicho Suge,,,,,,,,0,0,0,0,0,0,1,1,1947-04-17,,0,7220334,,,,,,,,,,,,,,,
342050,0089000,1,広島県,ヒロシマケン,Hiroshima,,,,尾道市,オノミチシ,Onomichi-shi,,,,御調町千堂,ミツギチョウセンドウ,Mitsugicho Sendo,,,,,,,,0,0,0,0,0,0,1,1,1947-04-17,,0,7220401,,,,,,,,,,,,,,,
342050,0090000,1,広島県,ヒロシマケン,Hiroshima,,,,尾道市,オノミチシ,Onomichi-shi,,,,御調町大蔵,ミツギチョウダイゾウ,Mitsugicho Daizo,,,,,,,,0,0,0,0,0,0,1,1,1947-04-17,,0,7220323,,,,,,,,,,,,,,,
342050,0091000,1,広島県,ヒロシマケン,Hiroshima,,,,尾道市,オノミチシ,Onomichi-shi,,,,御調町大塔,ミツギチョウダイトウ,Mitsugicho Daito,,,,,,,,0,0,0,0,0,0,1,1,1947-04-17,,0,7220333,,,,,,,,,,,,,,,
342050,0092000,1,広島県,ヒロシマケン,Hiroshima,,,,尾道市,オノミチシ,Onomichi-shi,,,,御調町高尾,ミツギチョウタカオ,Mitsugicho Takao,,,,,,,,0,0,0,0,0,0,1,1,1947-04-17,,0,7220353,,,,,,,,,,,,,,,
342050,0093000,1,広島県,ヒロシマケン,Hiroshima,,,,尾道市,オノミチシ,Onomichi-shi,,,,御調町津蟹,ミツギチョウツガニ,Mitsugicho Tsugani,,,,,,,,0,0,0,0,0,0,1,1,1947-04-17,,0,7221562,,,,,,,,,,,,,,,
342050,0094000,1,広島県,ヒロシマケン,Hiroshima,,,,尾道市,オノミチシ,Onomichi-shi,,,,御調町徳永,ミツギチョウトクナガ,Mitsugicho Tokunaga,,,,,,,,0,0,0,0,0,0,1,1,1947-04-17,,0,7220345,,,,,,,,,,,,,,,
342050,0095000,1,広島県,ヒロシマケン,Hiroshima,,,,尾道市,オノミチシ,Onomichi-shi,,,,御調町中原,ミツギチョウナカバラ,Mitsugicho Nakabara,,,,,,,,0,0,0,0,0,0,1,1,1947-04-17,,0,7220325,,,,,,,,,,,,,,,
342050,0096000,1,広島県,ヒロシマケン,Hiroshima,,,,尾道市,オノミチシ,Onomichi-shi,,,,御調町仁野,ミツギチョウニノ,Mitsugicho Nino,,,,,,,,0,0,0,0,0,0,1,1,1947-04-17,,0,7220331,,,,,,,,,,,,,,,
342050,0097000,1,広島県,ヒロシマケン,Hiroshima,,,,尾道市,オノミチシ,Onomichi-shi,,,,御調町野間,ミツギチョウノマ,Mitsugicho Noma,,,,,,,,0,0,0,0,0,0,1,1,1947-04-17,,0,7221565,,,,,,,,,,,,,,,
342050,0098000,1,広島県,ヒロシマケン,Hiroshima,,,,尾道市,オノミチシ,Onomichi-shi,,,,御調町白太,ミツギチョウハカタ,Mitsugicho Hakata,,,,,,,,0,0,0,0,0,0,1,1,1947-04-17,,0,7220324,,,,,,,,,,,,,,,
342050,0099000,1,広島県,ヒロシマケン,Hiroshima,,,,尾道市,オノミチシ,Onomichi-shi,,,,御調町花尻,ミツギチョウハナジリ,Mitsugicho Hanajiri,,,,,,,,0,0,0,0,0,0,1,1,1947-04-17,,0,7220316,,,,,,,,,,,,,,,
342050,0100000,1,広島県,ヒロシマケン,Hiroshima,,,,尾道市,オノミチシ,Onomichi-shi,,,,御調町平,ミツギチョウヒラ,Mitsugicho Hira,,,,,,,,0,0,0,0,0,0,1,1,1947-04-17,,0,7220313,,,,,,,,,,,,,,,
342050,0101000,1,広島県,ヒロシマケン,Hiroshima,,,,尾道市,オノミチシ,Onomichi-shi,,,,御調町平木,ミツギチョウヒラギ,Mitsugicho Hiragi,,,,,,,,0,0,0,0,0,0,1,1,1947-04-17,,0,7220332,,,,,,,,,,,,,,,
342050,0102000,1,広島県,ヒロシマケン,Hiroshima,,,,尾道市,オノミチシ,Onomichi-shi,,,,御調町福井,ミツギチョウフクイ,Mitsugicho Fukui,,,,,,,,0,0,0,0,0,0,1,1,1947-04-17,,0,7221561,,,,,,,,,,,,,,,
342050,0103000,1,広島県,ヒロシマケン,Hiroshima,,,,尾道市,オノミチシ,Onomichi-shi,,,,御調町本,ミツギチョウホン,Mitsugicho Hon,,,,,,,,0,0,0,0,0,0,1,1,1947-04-17,,0,7220321,,,,,,,,,,,,,,,
342050,0104000,1,広島県,ヒロシマケン,Hiroshima,,,,尾道市,オノミチシ,Onomichi-shi,,,,御調町丸河南,ミツギチョウマルカナン,Mitsugicho Marukanan,,,,,,,,0,0,0,0,0,0,1,1,1947-04-17,,0,7220343,,,,,,,,,,,,,,,
342050,0105000,1,広島県,ヒロシマケン,Hiroshima,,,,尾道市,オノミチシ,Onomichi-shi,,,,御調町丸門田,ミツギチョウマルモンデン,Mitsugicho Marumonden,,,,,,,,0,0,0,0,0,0,1,1,1947-04-17,,0,7220344,,,,,,,,,,,,,,,
342050,0106000,1,広島県,ヒロシマケン,Hiroshima,,,,尾道市,オノミチシ,Onomichi-shi,,,,御調町山岡,ミツギチョウヤマオカ,Mitsugicho Yamaoka,,,,,,,,0,0,0,0,0,0,1,1,1947-04-17,,0,7220355,,,,,,,,,,,,,,,
342050,0107000,1,広島県,ヒロシマケン,Hiroshima,,,,尾道市,オノミチシ,Onomichi-shi,,,,美ノ郷町猪子迫,ミノゴウチョウイノコザコ,Minogocho Inokozako,,,,,,,,0,0,0,0,0,0,1,1,1947-04-17,,0,7220214,,,,,,,,,,,,,,,
342050,0108000,1,広島県,ヒロシマケン,Hiroshima,,,,尾道市,オノミチシ,Onomichi-shi,,,,美ノ郷町白江,ミノゴウチョウシロエ,Minogocho Shiroe,,,,,,,,0,0,0,0,0,0,1,1,1947-04-17,,0,7220213,,,,,,,,,,,,,,,
342050,0109000,1,広島県,ヒロシマケン,Hiroshima,,,,尾道市,オノミチシ,Onomichi-shi,,,,美ノ郷町中野,ミノゴウチョウナカノ,Minogocho Nakano,,,,,,,,0,0,0,0,0,0,1,1,1947-04-17,,0,7220211,,,,,,,,,,,,,,,
342050,0110000,1,広島県,ヒロシマケン,Hiroshima,,,,尾道市,オノミチシ,Onomichi-shi,,,,美ノ郷町本郷,ミノゴウチョウホンゴウ,Minogocho Hongo,,,,,,,,0,0,0,0,0,0,1,1,1947-04-17,,0,7220212,,,,,,,,,,,,,,,
342050,0111000,1,広島県,ヒロシマケン,Hiroshima,,,,尾道市,オノミチシ,Onomichi-shi,,,,美ノ郷町三成,ミノゴウチョウミナリ,Minogocho Minari,,,,,,,,0,0,0,0,0,0,1,1,1947-04-17,,0,7220215,,,,,,,,,,,,,,,
342050,0112000,1,広島県,ヒロシマケン,Hiroshima,,,,尾道市,オノミチシ,Onomichi-shi,,,,向島町,ムカイシマチョウ,Mukaishimacho,,,,,,,,0,0,0,0,0,0,1,1,1947-04-17,,0,7220073,,,,,,,,,,,,,,,
342050,0112143,3,広島県,ヒロシマケン,Hiroshima,,,,尾道市,オノミチシ,Onomichi-shi,,,,向島町,ムカイシマチョウ,Mukaishimacho,,,,字干汐,アザヒシオ,,,0,0,0,1,0,0,1,0,1947-04-17,,0,,,,,,,,,,,,,,,,
342050,0112476,3,広島県,ヒロシマケン,Hiroshima,,,,尾道市,オノミチシ,Onomichi-shi,,,,向島町,ムカイシマチョウ,,,,,兼吉,,,,0,0,0,1,0,0,1,0,1947-04-17,,1,,,,,,,,,,,,,,,,
342050,0112477,3,広島県,ヒロシマケン,Hiroshima,,,,尾道市,オノミチシ,Onomichi-shi,,,,向島町,ムカイシマチョウ,,,,,土井,,,,0,0,0,1,0,0,1,0,1947-04-17,,1,,,,,,,,,,,,,,,,
342050,0112478,3,広島県,ヒロシマケン,Hiroshima,,,,尾道市,オノミチシ,Onomichi-shi,,,,向島町,ムカイシマチョウ,,,,,宇山,,,,0,0,0,1,0,0,1,0,1947-04-17,,1,,,,,,,,,,,,,,,,
342050,0112479,3,広島県,ヒロシマケン,Hiroshima,,,,尾道市,オノミチシ,Onomichi-shi,,,,向島町,ムカイシマチョウ,,,,,宇立,,,,0,0,0,1,0,0,1,0,1947-04-17,,1,,,,,,,,,,,,,,,,
342050,0112480,3,広島県,ヒロシマケン,Hiroshima,,,,尾道市,オノミチシ,Onomichi-shi,,,,向島町,ムカイシマチョウ,,,,,富浜,,,,0,0,0,1,0,0,1,0,1947-04-17,,1,,,,,,,,,,,,,,,,
342050,0112481,3,広島県,ヒロシマケン,Hiroshima,,,,尾道市,オノミチシ,Onomichi-shi,,,,向島町,ムカイシマチョウ,,,,,川尻,,,,0,0,0,1,0,0,1,0,1947-04-17,,1,,,,,,,,,,,,,,,,
342050,0112482,3,広島県,ヒロシマケン,Hiroshima,,,,尾道市,オノミチシ,Onomichi-shi,,,,向島町,ムカイシマチョウ,,,,,有井,,,,0,0,0,1,0,0,1,0,1947-04-17,,1,,,,,,,,,,,,,,,,
342050,0112483,3,広島県,ヒロシマケン,Hiroshima,,,,尾道市,オノミチシ,Onomichi-shi,,,,向島町,ムカイシマチョウ,,,,,江奥,,,,0,0,0,1,0,0,1,0,1947-04-17,,1,,,,,,,,,,,,,,,,
342050,0112484,3,広島県,ヒロシマケン,Hiroshima,,,,尾道市,オノミチシ,Onomichi-shi,,,,向島町,ムカイシマチョウ,,,,,津部田,,,,0,0,0,1,0,0,1,0,1947-04-17,,1,,,,,,,,,,,,,,,,
342050,0112485,3,広島県,ヒロシマケン,Hiroshima,,,,尾道市,オノミチシ,Onomichi-shi,,,,向島町,ムカイシマチョウ,,,,,田尻,,,,0,0,0,1,0,0,1,0,1947-04-17,,1,,,,,,,,,,,,,,,,
342050,0112486,3,広島県,ヒロシマケン,Hiroshima,,,,尾道市,オノミチシ,Onomichi-shi,,,,向島町,ムカイシマチョウ,,,,,道越,,,,0,0,0,1,0,0,1,0,1947-04-17,,1,,,,,,,,,,,,,,,,
342050,0113000,1,広島県,ヒロシマケン,Hiroshima,,,,尾道市,オノミチシ,Onomichi-shi,,,,向島町岩子島,ムカイシマチョウイワシジマ,Mukaishimacho Iwashijima,,,,,,,,0,0,0,0,0,0,1,1,1947-04-17,,0,7220072,,,,,,,,,,,,,,,
342050,0114000,1,広島県,ヒロシマケン,Hiroshima,,,,尾道市,オノミチシ,Onomichi-shi,,,,向島町立花,ムカイシマチョウタチバナ,Mukaishimacho Tachibana,,,,,,,,0,0,0,0,0,0,1,1,1947-04-17,,0,7220071,,,,,,,,,,,,,,,
342050,0115000,1,広島県,ヒロシマケン,Hiroshima,,,,尾道市,オノミチシ,Onomichi-shi,,,,向東町,ムカイヒガシチョウ,Mukaihigashicho,,,,,,,,0,0,0,0,0,0,1,1,1947-04-17,,0,7220062,,,,,,,,,,,,,,,
342050,0116000,1,広島県,ヒロシマケン,Hiroshima,,,,尾道市,オノミチシ,Onomichi-shi,,,,百島町,モモシマチョウ,Momoshimacho,,,,,,,,0,0,0,0,0,0,1,1,1947-04-17,,0,7220061,,,,,,,,,,,,,,,
342050,0117000,1,広島県,ヒロシマケン,Hiroshima,,,,尾道市,オノミチシ,Onomichi-shi,,,,門田町,モンデンチョウ,Mondencho,,,,,,,,1,1,0,0,0,0,1,1,1947-04-17,,0,7220017,,,,,,,,,,,,,,,
342050,0118000,1,広島県,ヒロシマケン,Hiroshima,,,,尾道市,オノミチシ,Onomichi-shi,,,,吉浦町,ヨシウラチョウ,Yoshiuracho,,,,,,,,1,1,0,0,0,0,1,1,1947-04-17,,0,7220015,,,,,,,,,,,,,,,
342050,0119000,1,広島県,ヒロシマケン,Hiroshima,,,,尾道市,オノミチシ,Onomichi-shi,,,,吉和町,ヨシワチョウ,Yoshiwacho,,,,,,,,0,0,0,0,0,0,1,1,1947-04-17,,0,7220008,,,,,,,,,,,,,,,
342050,0120000,1,広島県,ヒロシマケン,Hiroshima,,,,尾道市,オノミチシ,Onomichi-shi,,,,吉和西元町,ヨシワニシモトマチ,Yoshiwanishimotomachi,,,,,,,,1,1,0,0,0,0,1,1,1947-04-17,,0,7220007,,,,,,,,,,,,,,,
342050,0121000,1,広島県,ヒロシマケン,Hiroshima,,,,尾道市,オノミチシ,Onomichi-shi,,,,因島重井町,インノシマシゲイチョウ,Innoshima Shigeicho,,,,,,,,0,0,0,0,0,0,1,1,1947-04-17,,0,7222102,,,,,,,,,,,,,,,
342050,0121101,3,広島県,ヒロシマケン,Hiroshima,,,,尾道市,オノミチシ,Onomichi-shi,,,,因島重井町,インノシマシゲイチョウ,Innoshima Shigeicho,,,,字伊浜,アザイバマ,,,0,0,0,1,0,0,1,0,1947-04-17,,0,,,,,,,,,,,,,,,,
342050,0121111,3,広島県,ヒロシマケン,Hiroshima,,,,尾道市,オノミチシ,Onomichi-shi,,,,因島重井町,インノシマシゲイチョウ,Innoshima Shigeicho,,,,字久保,アザクボ,,,0,0,0,1,0,0,1,0,1947-04-17,,0,,,,,,,,,,,,,,,,
342050,0121114,3,広島県,ヒロシマケン,Hiroshima,,,,尾道市,オノミチシ,Onomichi-shi,,,,因島重井町,インノシマシゲイチョウ,Innoshima Shigeicho,,,,字宮之上,アザミヤノウエ,,,0,0,0,1,0,0,1,0,1947-04-17,,0,,,,,,,,,,,,,,,,
342050,0121127,3,広島県,ヒロシマケン,Hiroshima,,,,尾道市,オノミチシ,Onomichi-shi,,,,因島重井町,インノシマシゲイチョウ,Innoshima Shigeicho,,,,字細口,アザホソグチ,,,0,0,0,1,0,0,1,0,1947-04-17,,0,,,,,,,,,,,,,,,,
342050,0121132,3,広島県,ヒロシマケン,Hiroshima,,,,尾道市,オノミチシ,Onomichi-shi,,,,因島重井町,インノシマシゲイチョウ,Innoshima Shigeicho,,,,字山田,アザヤマダ,,,0,0,0,1,0,0,1,0,1947-04-17,,0,,,,,,,,,,,,,,,,
342050,0121140,3,広島県,ヒロシマケン,Hiroshima,,,,尾道市,オノミチシ,Onomichi-shi,,,,因島重井町,インノシマシゲイチョウ,Innoshima Shigeicho,,,,字小林,アザコバシ,,,0,0,0,1,0,0,1,0,1947-04-17,,0,,,,,,,,,,,,,,,,
342050,0121141,3,広島県,ヒロシマケン,Hiroshima,,,,尾道市,オノミチシ,Onomichi-shi,,,,因島重井町,インノシマシゲイチョウ,Innoshima Shigeicho,,,,字上坂,アザカミザコ,,,0,0,0,1,0,0,1,0,1947-04-17,,0,,,,,,,,,,,,,,,,
342050,0121146,3,広島県,ヒロシマケン,Hiroshima,,,,尾道市,オノミチシ,Onomichi-shi,,,,因島重井町,インノシマシゲイチョウ,Innoshima Shigeicho,,,,字須越,アザスゴエ,,,0,0,0,1,0,0,1,0,1947-04-17,,0,,,,,,,,,,,,,,,,
342050,0121147,3,広島県,ヒロシマケン,Hiroshima,,,,尾道市,オノミチシ,Onomichi-shi,,,,因島重井町,インノシマシゲイチョウ,Innoshima Shigeicho,,,,字須越奥,アザスゴエオク,,,0,0,0,1,0,0,1,0,1947-04-17,,0,,,,,,,,,,,,,,,,
342050,0121148,3,広島県,ヒロシマケン,Hiroshima,,,,尾道市,オノミチシ,Onomichi-shi,,,,因島重井町,インノシマシゲイチョウ,Innoshima Shigeicho,,,,字須鼻,アザスバナ,,,0,0,0,1,0,0,1,0,1947-04-17,,0,,,,,,,,,,,,,,,,
342050,0121176,3,広島県,ヒロシマケン,Hiroshima,,,,尾道市,オノミチシ,Onomichi-shi,,,,因島重井町,インノシマシゲイチョウ,Innoshima Shigeicho,,,,字長崎,アザナガサキ,,,0,0,0,1,0,0,1,0,1947-04-17,,0,,,,,,,,,,,,,,,,
342050,0121185,3,広島県,ヒロシマケン,Hiroshima,,,,尾道市,オノミチシ,Onomichi-shi,,,,因島重井町,インノシマシゲイチョウ,Innoshima Shigeicho,,,,字播磨,アザハリマ,,,0,0,0,1,0,0,1,0,1947-04-17,,0,,,,,,,,,,,,,,,,
342050,0121189,3,広島県,ヒロシマケン,Hiroshima,,,,尾道市,オノミチシ,Onomichi-shi,,,,因島重井町,インノシマシゲイチョウ,Innoshima Shigeicho,,,,字樋口,アザヒグチ,,,0,0,0,1,0,0,1,0,1947-04-17,,0,,,,,,,,,,,,,,,,
342050,0121202,3,広島県,ヒロシマケン,Hiroshima,,,,尾道市,オノミチシ,Onomichi-shi,,,,因島重井町,インノシマシゲイチョウ,Innoshima Shigeicho,,,,字明神,アザミヨウジン,,,0,0,0,1,0,0,1,0,1947-04-17,,0,,,,,,,,,,,,,,,,
342050,0121207,3,広島県,ヒロシマケン,Hiroshima,,,,尾道市,オノミチシ,Onomichi-shi,,,,因島重井町,インノシマシゲイチョウ,Innoshima Shigeicho,,,,字有浜,アザアリハマ,,,0,0,0,1,0,0,1,0,1947-04-17,,0,,,,,,,,,,,,,,,,
342050,0121215,3,広島県,ヒロシマケン,Hiroshima,,,,尾道市,オノミチシ,Onomichi-shi,,,,因島重井町,インノシマシゲイチョウ,,,,,ト中,,,,0,0,0,1,0,0,1,0,1947-04-17,,1,,,,,,,,,,,,,,,,
342050,0121216,3,広島県,ヒロシマケン,Hiroshima,,,,尾道市,オノミチシ,Onomichi-shi,,,,因島重井町,インノシマシゲイチョウ,,,,,丸山,,,,0,0,0,1,0,0,1,0,1947-04-17,,1,,,,,,,,,,,,,,,,
342050,0121217,3,広島県,ヒロシマケン,Hiroshima,,,,尾道市,オノミチシ,Onomichi-shi,,,,因島重井町,インノシマシゲイチョウ,,,,,伊手樋,,,,0,0,0,1,0,0,1,0,1947-04-17,,1,,,,,,,*_*_MJ014416,,,,,,,,,
342050,0121218,3,広島県,ヒロシマケン,Hiroshima,,,,尾道市,オノミチシ,Onomichi-shi,,,,因島重井町,インノシマシゲイチョウ,,,,,ト南,,,,0,0,0,1,0,0,1,0,1947-04-17,,1,,,,,,,,,,,,,,,,
342050,0121219,3,広島県,ヒロシマケン,Hiroshima,,,,尾道市,オノミチシ,Onomichi-shi,,,,因島重井町,インノシマシゲイチョウ,,,,,大小路,,,,0,0,0,1,0,0,1,0,1947-04-17,,1,,,,,,,,,,,,,,,,
342050,0121220,3,広島県,ヒロシマケン,Hiroshima,,,,尾道市,オノミチシ,Onomichi-shi,,,,因島重井町,インノシマシゲイチョウ,,,,,大正橋,,,,0,0,0,1,0,0,1,0,1947-04-17,,1,,,,,,,,,,,,,,,,
342050,0121221,3,広島県,ヒロシマケン,Hiroshima,,,,尾道市,オノミチシ,Onomichi-shi,,,,因島重井町,インノシマシゲイチョウ,,,,,宮ノ下,,,,0,0,0,1,0,0,1,0,1947-04-17,,1,,,,,,,,,,,,,,,,
342050,0121222,3,広島県,ヒロシマケン,Hiroshima,,,,尾道市,オノミチシ,Onomichi-shi,,,,因島重井町,インノシマシゲイチョウ,,,,,宮沖,,,,0,0,0,1,0,0,1,0,1947-04-17,,1,,,,,,,,,,,,,,,,
342050,0121223,3,広島県,ヒロシマケン,Hiroshima,,,,尾道市,オノミチシ,Onomichi-shi,,,,因島重井町,インノシマシゲイチョウ,,,,,小田浦区,,,,0,0,0,1,0,0,1,0,1947-04-17,,1,,,,,,,,,,,,,,,,
342050,0121224,3,広島県,ヒロシマケン,Hiroshima,,,,尾道市,オノミチシ,Onomichi-shi,,,,因島重井町,インノシマシゲイチョウ,,,,,新開,,,,0,0,0,1,0,0,1,0,1947-04-17,,1,,,,,,,,,,,,,,,,
342050,0121225,3,広島県,ヒロシマケン,Hiroshima,,,,尾道市,オノミチシ,Onomichi-shi,,,,因島重井町,インノシマシゲイチョウ,,,,,東浜,,,,0,0,0,1,0,0,1,0,1947-04-17,,1,,,,,,,,,,,,,,,,
342050,0121226,3,広島県,ヒロシマケン,Hiroshima,,,,尾道市,オノミチシ,Onomichi-shi,,,,因島重井町,インノシマシゲイチョウ,,,,,楠木,,,,0,0,0,1,0,0,1,0,1947-04-17,,1,,,,,,,,,,,,,,,,
342050,0121227,3,広島県,ヒロシマケン,Hiroshima,,,,尾道市,オノミチシ,Onomichi-shi,,,,因島重井町,インノシマシゲイチョウ,,,,,沖,,,,0,0,0,1,0,0,1,0,1947-04-17,,1,,,,,,,,,,,,,,,,
342050,0121228,3,広島県,ヒロシマケン,Hiroshima,,,,尾道市,オノミチシ,Onomichi-shi,,,,因島重井町,インノシマシゲイチョウ,,,,,砂原,,,,0,0,0,1,0,0,1,0,1947-04-17,,1,,,,,,,,,,,,,,,,
342050,0121229,3,広島県,ヒロシマケン,Hiroshima,,,,尾道市,オノミチシ,Onomichi-shi,,,,因島重井町,インノシマシゲイチョウ,,,,,細区,,,,0,0,0,1,0,0,1,0,1947-04-17,,1,,,,,,,,,,,,,,,,
342050,0121230,3,広島県,ヒロシマケン,Hiroshima,,,,尾道市,オノミチシ,Onomichi-shi,,,,因島重井町,インノシマシゲイチョウ,,,,,イ組,,,,0,0,0,1,0,0,1,0,1947-04-17,,1,,,,,,,,,,,,,,,,
342050,0121231,3,広島県,ヒロシマケン,Hiroshima,,,,尾道市,オノミチシ,Onomichi-shi,,,,因島重井町,インノシマシゲイチョウ,,,,,ホ組,,,,0,0,0,1,0,0,1,0,1947-04-17,,1,,,,,,,,,,,,,,,,
342050,0121232,3,広島県,ヒロシマケン,Hiroshima,,,,尾道市,オノミチシ,Onomichi-shi,,,,因島重井町,インノシマシゲイチョウ,,,,,薮ノ下,,,,0,0,0,1,0,0,1,0,1947-04-17,,1,,,,,,,,,,,,,,,,
342050,0121233,3,広島県,ヒロシマケン,Hiroshima,,,,尾道市,オノミチシ,Onomichi-shi,,,,因島重井町,インノシマシゲイチョウ,,,,,青木上,,,,0,0,0,1,0,0,1,0,1947-04-17,,1,,,,,,,,,,,,,,,,
342050,0121234,3,広島県,ヒロシマケン,Hiroshima,,,,尾道市,オノミチシ,Onomichi-shi,,,,因島重井町,インノシマシゲイチョウ,,,,,青木下,,,,0,0,0,1,0,0,1,0,1947-04-17,,1,,,,,,,,,,,,,,,,
342050,0121235,3,広島県,ヒロシマケン,Hiroshima,,,,尾道市,オノミチシ,Onomichi-shi,,,,因島重井町,インノシマシゲイチョウ,,,,,青木中,,,,0,0,0,1,0,0,1,0,1947-04-17,,1,,,,,,,,,,,,,,,,
342050,0121236,3,広島県,ヒロシマケン,Hiroshima,,,,尾道市,オノミチシ,Onomichi-shi,,,,因島重井町,インノシマシゲイチョウ,,,,,馬神,,,,0,0,0,1,0,0,1,0,1947-04-17,,1,,,,,,,,,,,,,,,,
342050,0122000,1,広島県,ヒロシマケン,Hiroshima,,,,尾道市,オノミチシ,Onomichi-shi,,,,因島土生町,インノシマハブチョウ,Innoshima Habucho,,,,,,,,0,0,0,0,0,0,1,1,1947-04-17,,0,7222323,,,,,,,,,,,,,,,
342050,0122191,3,広島県,ヒロシマケン,Hiroshima,,,,尾道市,オノミチシ,Onomichi-shi,,,,因島土生町,インノシマハブチョウ,,,,,一江内区,,,,0,0,0,1,0,0,1,0,1947-04-17,,1,,,,,,,,,,,,,,,,
342050,0122192,3,広島県,ヒロシマケン,Hiroshima,,,,尾道市,オノミチシ,Onomichi-shi,,,,因島土生町,インノシマハブチョウ,,,,,中央区,,,,0,0,0,1,0,0,1,0,1947-04-17,,1,,,,,,,,,,,,,,,,
342050,0122193,3,広島県,ヒロシマケン,Hiroshima,,,,尾道市,オノミチシ,Onomichi-shi,,,,因島土生町,インノシマハブチョウ,,,,,二江内区,,,,0,0,0,1,0,0,1,0,1947-04-17,,1,,,,,,,,,,,,,,,,
342050,0122194,3,広島県,ヒロシマケン,Hiroshima,,,,尾道市,オノミチシ,Onomichi-shi,,,,因島土生町,インノシマハブチョウ,,,,,塩浜北区,,,,0,0,0,1,0,0,1,0,1947-04-17,,1,,,,,,,,,,,,,,,,
342050,0122195,3,広島県,ヒロシマケン,Hiroshima,,,,尾道市,オノミチシ,Onomichi-shi,,,,因島土生町,インノシマハブチョウ,,,,,塩浜南区,,,,0,0,0,1,0,0,1,0,1947-04-17,,1,,,,,,,,,,,,,,,,
342050,0122196,3,広島県,ヒロシマケン,Hiroshima,,,,尾道市,オノミチシ,Onomichi-shi,,,,因島土生町,インノシマハブチョウ,,,,,塩浜東区,,,,0,0,0,1,0,0,1,0,1947-04-17,,1,,,,,,,,,,,,,,,,
342050,0122197,3,広島県,ヒロシマケン,Hiroshima,,,,尾道市,オノミチシ,Onomichi-shi,,,,因島土生町,インノシマハブチョウ,,,,,宇和部区,,,,0,0,0,1,0,0,1,0,1947-04-17,,1,,,,,,,,,,,,,,,,
342050,0122198,3,広島県,ヒロシマケン,Hiroshima,,,,尾道市,オノミチシ,Onomichi-shi,,,,因島土生町,インノシマハブチョウ,,,,,安郷区,,,,0,0,0,1,0,0,1,0,1947-04-17,,1,,,,,,,,,,,,,,,,
342050,0122199,3,広島県,ヒロシマケン,Hiroshima,,,,尾道市,オノミチシ,Onomichi-shi,,,,因島土生町,インノシマハブチョウ,,,,,平木区,,,,0,0,0,1,0,0,1,0,1947-04-17,,1,,,,,,,,,,,,,,,,
342050,0122200,3,広島県,ヒロシマケン,Hiroshima,,,,尾道市,オノミチシ,Onomichi-shi,,,,因島土生町,インノシマハブチョウ,,,,,新生区,,,,0,0,0,1,0,0,1,0,1947-04-17,,1,,,,,,,,,,,,,,,,
342050,0122201,3,広島県,ヒロシマケン,Hiroshima,,,,尾道市,オノミチシ,Onomichi-shi,,,,因島土生町,インノシマハブチョウ,,,,,箱崎区,,,,0,0,0,1,0,0,1,0,1947-04-17,,1,,,,,,,,,,,,,,,,
342050,0122202,3,広島県,ヒロシマケン,Hiroshima,,,,尾道市,オノミチシ,Onomichi-shi,,,,因島土生町,インノシマハブチョウ,,,,,荒神区,,,,0,0,0,1,0,0,1,0,1947-04-17,,1,,,,,,,,,,,,,,,,
342050,0122203,3,広島県,ヒロシマケン,Hiroshima,,,,尾道市,オノミチシ,Onomichi-shi,,,,因島土生町,インノシマハブチョウ,,,,,赤松上区,,,,0,0,0,1,0,0,1,0,1947-04-17,,1,,,,,,,,,,,,,,,,
342050,0122204,3,広島県,ヒロシマケン,Hiroshima,,,,尾道市,オノミチシ,Onomichi-shi,,,,因島土生町,インノシマハブチョウ,,,,,郷区,,,,0,0,0,1,0,0,1,0,1947-04-17,,1,,,,,,,,,,,,,,,,
342050,0122205,3,広島県,ヒロシマケン,Hiroshima,,,,尾道市,オノミチシ,Onomichi-shi,,,,因島土生町,インノシマハブチョウ,,,,,長崎上区,,,,0,0,0,1,0,0,1,0,1947-04-17,,1,,,,,,,,,,,,,,,,
342050,0122206,3,広島県,ヒロシマケン,Hiroshima,,,,尾道市,オノミチシ,Onomichi-shi,,,,因島土生町,インノシマハブチョウ,,,,,長崎下区,,,,0,0,0,1,0,0,1,0,1947-04-17,,1,,,,,,,,,,,,,,,,
342050,0150000,1,広島県,ヒロシマケン,Hiroshima,,,,尾道市,オノミチシ,Onomichi-shi,,,,尾崎本町,オザキホンチョウ,,,,,,,,,1,1,0,0,0,0,1,0,1947-04-17,,1,,,,,,,,,,,,,,,,
342076,0001001,2,広島県,ヒロシマケン,Hiroshima,,,,福山市,フクヤマシ,Fukuyama-shi,,,,青葉台,アオバダイ,Aobadai,一丁目,１チョウメ,1,,,,,1,1,0,0,0,0,1,1,1947-04-17,,0,,,,,,,,,,,,,,,,
342076,0001002,2,広島県,ヒロシマケン,Hiroshima,,,,福山市,フクヤマシ,Fukuyama-shi,,,,青葉台,アオバダイ,Aobadai,二丁目,２チョウメ,2,,,,,1,1,0,0,0,0,1,1,1947-04-17,,0,,,,,,,,,,,,,,,,
342076,0001003,2,広島県,ヒロシマケン,Hiroshima,,,,福山市,フクヤマシ,Fukuyama-shi,,,,青葉台,アオバダイ,Aobadai,三丁目,３チョウメ,3,,,,,0,0,0,0,0,0,1,1,1947-04-17,,0,,,,,,,,,,,,,,,,
342076,0001003,2,広島県,ヒロシマケン,Hiroshima,,,,福山市,フクヤマシ,Fukuyama-shi,,,,青葉台,アオバダイ,Aobadai,三丁目,３チョウメ,3,,,,,1,1,0,0,0,0,1,1,1947-04-17,,0,,,,,,,,,,,,,,,,
342076,0001004,2,広島県,ヒロシマケン,Hiroshima,,,,福山市,フクヤマシ,Fukuyama-shi,,,,青葉台,アオバダイ,Aobadai,四丁目,４チョウメ,4,,,,,1,1,0,0,0,0,1,1,1947-04-17,,0,,,,,,,,,,,,,,,,
342076,0002000,1,広島県,ヒロシマケン,Hiroshima,,,,福山市,フクヤマシ,Fukuyama-shi,,,,赤坂町大字赤坂,アカサカチョウオオアザアカサカ,,,,,,,,,0,0,0,0,0,0,1,1,1947-04-17,,0,,,,,,,,,,,,,,,,
342076,0003000,1,広島県,ヒロシマケン,Hiroshima,,,,福山市,フクヤマシ,Fukuyama-shi,,,,赤坂町大字早戸,アカサカチョウオオアザハヤト,,,,,,,,,0,0,0,0,0,0,1,1,1947-04-17,,0,,,,,,,,,,,,,,,,
342076,0004001,2,広島県,ヒロシマケン,Hiroshima,,,,福山市,フクヤマシ,Fukuyama-shi,,,,曙町,アケボノチョウ,Akebonocho,一丁目,１チョウメ,1,,,,,1,1,0,0,0,0,1,1,1947-04-17,,0,,,MJ013448_*,,,,,,,,,,,,,
342076,0004002,2,広島県,ヒロシマケン,Hiroshima,,,,福山市,フクヤマシ,Fukuyama-shi,,,,曙町,アケボノチョウ,Akebonocho,二丁目,２チョウメ,2,,,,,1,1,0,0,0,0,1,1,1947-04-17,,0,,,MJ013448_*,,,,,,,,,,,,,
342076,0004003,2,広島県,ヒロシマケン,Hiroshima,,,,福山市,フクヤマシ,Fukuyama-shi,,,,曙町,アケボノチョウ,Akebonocho,三丁目,３チョウメ,3,,,,,1,1,0,0,0,0,1,1,1947-04-17,,0,,,MJ013448_*,,,,,,,,,,,,,
342076,0004004,2,広島県,ヒロシマケン,Hiroshima,,,,福山市,フクヤマシ,Fukuyama-shi,,,,曙町,アケボノチョウ,Akebonocho,四丁目,４チョウメ,4,,,,,1,1,0,0,0,0,1,1,1947-04-17,,0,,,MJ013448_*,,,,,,,,,,,,,
342076,0004005,2,広島県,ヒロシマケン,Hiroshima,,,,福山市,フクヤマシ,Fukuyama-shi,,,,曙町,アケボノチョウ,Akebonocho,五丁目,５チョウメ,5,,,,,1,1,0,0,0,0,1,1,1947-04-17,,0,,,MJ013448_*,,,,,,,,,,,,,
342076,0004006,2,広島県,ヒロシマケン,Hiroshima,,,,福山市,フクヤマシ,Fukuyama-shi,,,,曙町,アケボノチョウ,Akebonocho,六丁目,６チョウメ,6,,,,,1,1,0,0,0,0,1,1,1947-04-17,,0,,,MJ013448_*,,,,,,,,,,,,,
342076,0005000,1,広島県,ヒロシマケン,Hiroshima,,,,福山市,フクヤマシ,Fukuyama-shi,,,,旭町,アサヒマチ,Asahimachi,,,,,,,,1,1,0,0,0,0,1,1,1947-04-17,,0,7200033,,,,,,,,,,,,,,,
342076,0006000,1,広島県,ヒロシマケン,Hiroshima,,,,福山市,フクヤマシ,Fukuyama-shi,,,,芦田町大字上有地,アシダチョウオオアザカミアルジ,,,,,,,,,0,0,0,0,0,0,1,1,1947-04-17,,0,,,,,,,,,,,,,,,,
342076,0007000,1,広島県,ヒロシマケン,Hiroshima,,,,福山市,フクヤマシ,Fukuyama-shi,,,,芦田町大字向陽台,アシダチョウオオアザコウヨウダイ,,,,,,,,,0,0,0,0,0,0,1,1,1947-04-17,,0,,,,,,,,,,,,,,,,
342076,0008000,1,広島県,ヒロシマケン,Hiroshima,,,,福山市,フクヤマシ,Fukuyama-shi,,,,芦田町大字下有地,アシダチョウオオアザシモアルジ,,,,,,,,,0,0,0,0,0,0,1,1,1947-04-17,,0,,,,,,,,,,,,,,,,
342076,0009000,1,広島県,ヒロシマケン,Hiroshima,,,,福山市,フクヤマシ,Fukuyama-shi,,,,芦田町大字柞磨,アシダチョウオオアザタルマ,,,,,,,,,0,0,0,0,0,0,1,1,1947-04-17,,0,,,,,,,,,,,,,,,,
342076,0010000,1,広島県,ヒロシマケン,Hiroshima,,,,福山市,フクヤマシ,Fukuyama-shi,,,,芦田町大字福田,アシダチョウオオアザフクダ,,,,,,,,,0,0,0,0,0,0,1,1,1947-04-17,,0,,,,,,,,,,,,,,,,
342076,0011001,2,広島県,ヒロシマケン,Hiroshima,,,,福山市,フクヤマシ,Fukuyama-shi,,,,伊勢丘,イセガオカ,Isegaoka,一丁目,１チョウメ,1,,,,,1,1,0,0,0,0,1,1,1947-04-17,,0,,,,,,,,,,,,,,,,
342076,0011002,2,広島県,ヒロシマケン,Hiroshima,,,,福山市,フクヤマシ,Fukuyama-shi,,,,伊勢丘,イセガオカ,Isegaoka,二丁目,２チョウメ,2,,,,,1,1,0,0,0,0,1,1,1947-04-17,,0,,,,,,,,,,,,,,,,
342076,0011003,2,広島県,ヒロシマケン,Hiroshima,,,,福山市,フクヤマシ,Fukuyama-shi,,,,伊勢丘,イセガオカ,Isegaoka,三丁目,３チョウメ,3,,,,,1,1,0,0,0,0,1,1,1947-04-17,,0,,,,,,,,,,,,,,,,
342076,0011004,2,広島県,ヒロシマケン,Hiroshima,,,,福山市,フクヤマシ,Fukuyama-shi,,,,伊勢丘,イセガオカ,Isegaoka,四丁目,４チョウメ,4,,,,,1,1,0,0,0,0,1,1,1947-04-17,,0,,,,,,,,,,,,,,,,
342076,0011005,2,広島県,ヒロシマケン,Hiroshima,,,,福山市,フクヤマシ,Fukuyama-shi,,,,伊勢丘,イセガオカ,Isegaoka,五丁目,５チョウメ,5,,,,,1,1,0,0,0,0,1,1,1947-04-17,,0,,,,,,,,,,,,,,,,
342076,0011006,2,広島県,ヒロシマケン,Hiroshima,,,,福山市,フクヤマシ,Fukuyama-shi,,,,伊勢丘,イセガオカ,Isegaoka,六丁目,６チョウメ,6,,,,,1,1,0,0,0,0,1,1,1947-04-17,,0,,,,,,,,,,,,,,,,
342076,0011007,2,広島県,ヒロシマケン,Hiroshima,,,,福山市,フクヤマシ,Fukuyama-shi,,,,伊勢丘,イセガオカ,Isegaoka,七丁目,７チョウメ,7,,,,,1,1,0,0,0,0,1,1,1947-04-17,,0,,,,,,,,,,,,,,,,
342076,0011008,2,広島県,ヒロシマケン,Hiroshima,,,,福山市,フクヤマシ,Fukuyama-shi,,,,伊勢丘,イセガオカ,Isegaoka,八丁目,８チョウメ,8,,,,,1,1,0,0,0,0,1,1,1947-04-17,,0,,,,,,,,,,,,,,,,
342076,0012000,1,広島県,ヒロシマケン,Hiroshima,,,,福山市,フクヤマシ,Fukuyama-shi,,,,一文字町,イチモンジチョウ,Ichimonjicho,,,,,,,,1,1,0,0,0,0,1,1,1947-04-17,,0,7210953,,,,,,,,,,,,,,,
342076,0014000,1,広島県,ヒロシマケン,Hiroshima,,,,福山市,フクヤマシ,Fukuyama-shi,,,,今津町,イマヅチョウ,Imazucho,,,,,,,,0,0,0,0,0,0,1,1,1947-04-17,,0,7290111,,,,,,,,,,,,,,,
342076,0014002,2,広島県,ヒロシマケン,Hiroshima,,,,福山市,フクヤマシ,Fukuyama-shi,,,,今津町,イマヅチョウ,Imazucho,二丁目,２チョウメ,2,,,,,1,1,0,0,0,0,1,1,1947-04-17,,0,,,,,,,,,,,,,,,,
342076,0014003,2,広島県,ヒロシマケン,Hiroshima,,,,福山市,フクヤマシ,Fukuyama-shi,,,,今津町,イマヅチョウ,Imazucho,三丁目,３チョウメ,3,,,,,1,1,0,0,0,0,1,1,1947-04-17,,0,,,,,,,,,,,,,,,,
342076,0014004,2,広島県,ヒロシマケン,Hiroshima,,,,福山市,フクヤマシ,Fukuyama-shi,,,,今津町,イマヅチョウ,Imazucho,四丁目,４チョウメ,4,,,,,1,1,0,0,0,0,1,1,1947-04-17,,0,,,,,,,,,,,,,,,,
342076,0014005,2,広島県,ヒロシマケン,Hiroshima,,,,福山市,フクヤマシ,Fukuyama-shi,,,,今津町,イマヅチョウ,Imazucho,五丁目,５チョウメ,5,,,,,1,1,0,0,0,0,1,1,1947-04-17,,0,,,,,,,,,,,,,,,,
342076,0014006,2,広島県,ヒロシマケン,Hiroshima,,,,福山市,フクヤマシ,Fukuyama-shi,,,,今津町,イマヅチョウ,Imazucho,六丁目,６チョウメ,6,,,,,1,1,0,0,0,0,1,1,1947-04-17,,0,,,,,,,,,,,,,,,,
342076,0014007,2,広島県,ヒロシマケン,Hiroshima,,,,福山市,フクヤマシ,Fukuyama-shi,,,,今津町,イマヅチョウ,Imazucho,七丁目,７チョウメ,7,,,,,1,1,0,0,0,0,1,1,1947-04-17,,0,,,,,,,,,,,,,,,,
342076,0015000,1,広島県,ヒロシマケン,Hiroshima,,,,福山市,フクヤマシ,Fukuyama-shi,,,,今町,イママチ,Imamachi,,,,,,,,1,1,0,0,0,0,1,1,1947-04-17,,0,7200046,,,,,,,,,,,,,,,
342076,0016001,2,広島県,ヒロシマケン,Hiroshima,,,,福山市,フクヤマシ,Fukuyama-shi,,,,入船町,イリフネチョウ,Irifunecho,一丁目,１チョウメ,1,,,,,1,1,0,0,0,0,1,1,1947-04-17,,0,,,,,,,,,,,,,,,,
342076,0016002,2,広島県,ヒロシマケン,Hiroshima,,,,福山市,フクヤマシ,Fukuyama-shi,,,,入船町,イリフネチョウ,Irifunecho,二丁目,２チョウメ,2,,,,,1,1,0,0,0,0,1,1,1947-04-17,,0,,,,,,,,,,,,,,,,
342076,0016003,2,広島県,ヒロシマケン,Hiroshima,,,,福山市,フクヤマシ,Fukuyama-shi,,,,入船町,イリフネチョウ,Irifunecho,三丁目,３チョウメ,3,,,,,1,1,0,0,0,0,1,1,1947-04-17,,0,,,,,,,,,,,,,,,,
342076,0017000,1,広島県,ヒロシマケン,Hiroshima,,,,福山市,フクヤマシ,Fukuyama-shi,,,,内海町,ウツミチョウ,Utsumicho,,,,,,,,0,0,0,0,0,0,1,1,1947-04-17,,0,7222641,,,,,,,,,,,,,,,
342076,0017292,3,広島県,ヒロシマケン,Hiroshima,,,,福山市,フクヤマシ,Fukuyama-shi,,,,内海町,ウツミチョウ,,,,,イ,イ,,,0,0,0,0,0,0,1,0,1947-04-17,,1,,,,,,,,,,,,,,,,
342076,0017293,3,広島県,ヒロシマケン,Hiroshima,,,,福山市,フクヤマシ,Fukuyama-shi,,,,内海町,ウツミチョウ,,,,,ハ,ハ,,,0,0,0,0,0,0,1,0,1947-04-17,,1,,,,,,,,,,,,,,,,
342076,0017294,3,広島県,ヒロシマケン,Hiroshima,,,,福山市,フクヤマシ,Fukuyama-shi,,,,内海町,ウツミチョウ,,,,,ロ,ロ,,,0,0,0,0,0,0,1,0,1947-04-17,,1,,,,,,,,,,,,,,,,
342076,0017295,3,広島県,ヒロシマケン,Hiroshima,,,,福山市,フクヤマシ,Fukuyama-shi,,,,内海町,ウツミチョウ,,,,,乙ロ,オツロ,,,0,0,0,0,0,0,1,0,1947-04-17,,1,,,,,,,,,,,,,,,,
342076,0017296,3,広島県,ヒロシマケン,Hiroshima,,,,福山市,フクヤマシ,Fukuyama-shi,,,,内海町,ウツミチョウ,,,,,甲イ,コウイ,,,0,0,0,0,0,0,1,0,1947-04-17,,1,,,,,,,,,,,,,,,,
342076,0017297,3,広島県,ヒロシマケン,Hiroshima,,,,福山市,フクヤマシ,Fukuyama-shi,,,,内海町,ウツミチョウ,,,,,甲ロ,コウロ,,,0,0,0,0,0,0,1,0,1947-04-17,,1,,,,,,,,,,,,,,,,
342076,0018000,1,広島県,ヒロシマケン,Hiroshima,,,,福山市,フクヤマシ,Fukuyama-shi,,,,駅家町大字雨木,エキヤチョウオオアザアメギ,,,,,,,,,0,0,0,0,0,0,1,1,1947-04-17,,0,,,,,,,,,,,,,,,,
342076,0019000,1,広島県,ヒロシマケン,Hiroshima,,,,福山市,フクヤマシ,Fukuyama-shi,,,,駅家町大字今岡,エキヤチョウオオアザイマオカ,,,,,,,,,0,0,0,0,0,0,1,1,1947-04-17,,0,,,,,,,,,,,,,,,,
342076,0020000,1,広島県,ヒロシマケン,Hiroshima,,,,福山市,フクヤマシ,Fukuyama-shi,,,,駅家町大字江良,エキヤチョウオオアザエラ,,,,,,,,,0,0,0,0,0,0,1,1,1947-04-17,,0,,,,,,,,,,,,,,,,
342076,0021000,1,広島県,ヒロシマケン,Hiroshima,,,,福山市,フクヤマシ,Fukuyama-shi,,,,駅家町大字大橋,エキヤチョウオオアザオオハシ,,,,,,,,,0,0,0,0,0,0,1,1,1947-04-17,,0,,,,,,,,,,,,,,,,
342076,0022000,1,広島県,ヒロシマケン,Hiroshima,,,,福山市,フクヤマシ,Fukuyama-shi,,,,駅家町大字上山守,エキヤチョウオオアザカミヤマモリ,,,,,,,,,0,0,0,0,0,0,1,1,1947-04-17,,0,,,,,,,,,,,,,,,,
342076,0023000,1,広島県,ヒロシマケン,Hiroshima,,,,福山市,フクヤマシ,Fukuyama-shi,,,,駅家町大字倉光,エキヤチョウオオアザクラミツ,,,,,,,,,0,0,0,0,0,0,1,1,1947-04-17,,0,,,,,,,,,,,,,,,,
342076,0024000,1,広島県,ヒロシマケン,Hiroshima,,,,福山市,フクヤマシ,Fukuyama-shi,,,,駅家町大字下山守,エキヤチョウオオアザシモヤマモリ,,,,,,,,,0,0,0,0,0,0,1,1,1947-04-17,,0,,,,,,,,,,,,,,,,
342076,0025000,1,広島県,ヒロシマケン,Hiroshima,,,,福山市,フクヤマシ,Fukuyama-shi,,,,駅家町大字助元,エキヤチョウオオアザスケモト,,,,,,,,,0,0,0,0,0,0,1,1,1947-04-17,,0,,,,,,,,,,,,,,,,
342076,0026000,1,広島県,ヒロシマケン,Hiroshima,,,,福山市,フクヤマシ,Fukuyama-shi,,,,駅家町大字近田,エキヤチョウオオアザチカタ,,,,,,,,,0,0,0,0,0,0,1,1,1947-04-17,,0,,,,,,,,,,,,,,,,
342076,0027000,1,広島県,ヒロシマケン,Hiroshima,,,,福山市,フクヤマシ,Fukuyama-shi,,,,駅家町大字中島,エキヤチョウオオアザナカシマ,,,,,,,,,0,0,0,0,0,0,1,1,1947-04-17,,0,,,,,,,,,,,,,,,,
342076,0028000,1,広島県,ヒロシマケン,Hiroshima,,,,福山市,フクヤマシ,Fukuyama-shi,,,,駅家町大字新山,エキヤチョウオオアザニイヤマ,,,,,,,,,0,0,0,0,0,0,1,1,1947-04-17,,0,,,,,,,,,,,,,,,,
342076,0029000,1,広島県,ヒロシマケン,Hiroshima,,,,福山市,フクヤマシ,Fukuyama-shi,,,,駅家町大字服部永谷,エキヤチョウオオアザハットリナガタニ,,,,,,,,,0,0,0,0,0,0,1,1,1947-04-17,,0,,,,,,,,,,,,,,,,
342076,0030000,1,広島県,ヒロシマケン,Hiroshima,,,,福山市,フクヤマシ,Fukuyama-shi,,,,駅家町大字服部本郷,エキヤチョウオオアザハットリホンゴウ,,,,,,,,,0,0,0,0,0,0,1,1,1947-04-17,,0,,,,,,,,,,,,,,,,
342076,0031000,1,広島県,ヒロシマケン,Hiroshima,,,,福山市,フクヤマシ,Fukuyama-shi,,,,駅家町大字坊寺,エキヤチョウオオアザボウジ,,,,,,,,,0,0,0,0,0,0,1,1,1947-04-17,,0,,,,,,,,,,,,,,,,
342076,0032000,1,広島県,ヒロシマケン,Hiroshima,,,,福山市,フクヤマシ,Fukuyama-shi,,,,駅家町大字法成寺,エキヤチョウオオアザホウジョウジ,,,,,,,,,0,0,0,0,0,0,1,1,1947-04-17,,0,,,,,,,,,,,,,,,,
342076,0033000,1,広島県,ヒロシマケン,Hiroshima,,,,福山市,フクヤマシ,Fukuyama-shi,,,,駅家町大字万能倉,エキヤチョウオオアザマナグラ,,,,,,,,,0,0,0,0,0,0,1,1,1947-04-17,,0,,,,,,,,,,,,,,,,
342076,0034000,1,広島県,ヒロシマケン,Hiroshima,,,,福山市,フクヤマシ,Fukuyama-shi,,,,駅家町大字向永谷,エキヤチョウオオアザムカイナガタニ,,,,,,,,,0,0,0,0,0,0,1,1,1947-04-17,,0,,,,,,,,,,,,,,,,
342076,0035000,1,広島県,ヒロシマケン,Hiroshima,,,,福山市,フクヤマシ,Fukuyama-shi,,,,駅家町大字弥生ケ丘,エキヤチョウオオアザヤヨイガオカ,,,,,,,,,0,0,0,0,0,0,1,1,1947-04-17,,0,,,,,,,,,,,,,,,,
342076,0036000,1,広島県,ヒロシマケン,Hiroshima,,,,福山市,フクヤマシ,Fukuyama-shi,,,,胡町,エビスマチ,Ebisumachi,,,,,,,,1,1,0,0,0,0,1,1,1947-04-17,,0,7200055,,,,,,,,,,,,,,,
342076,0037001,2,広島県,ヒロシマケン,Hiroshima,,,,福山市,フクヤマシ,Fukuyama-shi,,,,王子町,オウジチョウ,Ojicho,一丁目,１チョウメ,1,,,,,1,1,0,0,0,0,1,1,1947-04-17,,0,,,,,,,,,,,,,,,,
342076,0037002,2,広島県,ヒロシマケン,Hiroshima,,,,福山市,フクヤマシ,Fukuyama-shi,,,,王子町,オウジチョウ,Ojicho,二丁目,２チョウメ,2,,,,,1,1,0,0,0,0,1,1,1947-04-17,,0,,,,,,,,,,,,,,,,
342076,0038001,2,広島県,ヒロシマケン,Hiroshima,,,,福山市,フクヤマシ,Fukuyama-shi,,,,大谷台,オオタニダイ,Otanidai,一丁目,１チョウメ,1,,,,,1,1,0,0,0,0,1,1,1947-04-17,,0,,,,,,,,,,,,,,,,
342076,0038002,2,広島県,ヒロシマケン,Hiroshima,,,,福山市,フクヤマシ,Fukuyama-shi,,,,大谷台,オオタニダイ,Otanidai,二丁目,２チョウメ,2,,,,,1,1,0,0,0,0,1,1,1947-04-17,,0,,,,,,,,,,,,,,,,
342076,0038003,2,広島県,ヒロシマケン,Hiroshima,,,,福山市,フクヤマシ,Fukuyama-shi,,,,大谷台,オオタニダイ,Otanidai,三丁目,３チョウメ,3,,,,,1,1,0,0,0,0,1,1,1947-04-17,,0,,,,,,,,,,,,,,,,
342076,0039001,2,広島県,ヒロシマケン,Hiroshima,,,,福山市,フクヤマシ,Fukuyama-shi,,,,沖野上町,オキノガミチョウ,Okinogamicho,一丁目,１チョウメ,1,,,,,1,1,0,0,0,0,1,1,1947-04-17,,0,,,,,,,,,,,,,,,,
342076,0039002,2,広島県,ヒロシマケン,Hiroshima,,,,福山市,フクヤマシ,Fukuyama-shi,,,,沖野上町,オキノガミチョウ,Okinogamicho,二丁目,２チョウメ,2,,,,,1,1,0,0,0,0,1,1,1947-04-17,,0,,,,,,,,,,,,,,,,
342076,0039003,2,広島県,ヒロシマケン,Hiroshima,,,,福山市,フクヤマシ,Fukuyama-shi,,,,沖野上町,オキノガミチョウ,Okinogamicho,三丁目,３チョウメ,3,,,,,1,1,0,0,0,0,1,1,1947-04-17,,0,,,,,,,,,,,,,,,,
342076,0039004,2,広島県,ヒロシマケン,Hiroshima,,,,福山市,フクヤマシ,Fukuyama-shi,,,,沖野上町,オキノガミチョウ,Okinogamicho,四丁目,４チョウメ,4,,,,,1,1,0,0,0,0,1,1,1947-04-17,,0,,,,,,,,,,,,,,,,
342076,0039005,2,広島県,ヒロシマケン,Hiroshima,,,,福山市,フクヤマシ,Fukuyama-shi,,,,沖野上町,オキノガミチョウ,Okinogamicho,五丁目,５チョウメ,5,,,,,1,1,0,0,0,0,1,1,1947-04-17,,0,,,,,,,,,,,,,,,,
342076,0039006,2,広島県,ヒロシマケン,Hiroshima,,,,福山市,フクヤマシ,Fukuyama-shi,,,,沖野上町,オキノガミチョウ,Okinogamicho,六丁目,６チョウメ,6,,,,,1,1,0,0,0,0,1,1,1947-04-17,,0,,,,,,,,,,,,,,,,
342076,0040000,1,広島県,ヒロシマケン,Hiroshima,,,,福山市,フクヤマシ,Fukuyama-shi,,,,卸町,オロシマチ,Oroshimachi,,,,,,,,1,1,0,0,0,0,1,1,1947-04-17,,0,7210954,,,,,,,,,,,,,,,
342076,0041000,1,広島県,ヒロシマケン,Hiroshima,,,,福山市,フクヤマシ,Fukuyama-shi,,,,笠岡町,カサオカマチ,Kasaokamachi,,,,,,,,1,1,0,0,0,0,1,1,1947-04-17,,0,7200044,,,,,,,,,,,,,,,
342076,0042000,1,広島県,ヒロシマケン,Hiroshima,,,,福山市,フクヤマシ,Fukuyama-shi,,,,神島町,カシマチョウ,Kashimacho,,,,,,,,1,1,0,0,0,0,1,1,1947-04-17,,0,7200091,,,,,,,,,,,,,,,
342076,0044000,1,広島県,ヒロシマケン,Hiroshima,,,,福山市,フクヤマシ,Fukuyama-shi,,,,春日台,カスガダイ,Kasugadai,,,,,,,,1,1,0,0,0,0,1,1,1947-04-17,,0,7210916,,,,,,,,,,,,,,,
342076,0045001,2,広島県,ヒロシマケン,Hiroshima,,,,福山市,フクヤマシ,Fukuyama-shi,,,,春日町,カスガチョウ,Kasugacho,一丁目,１チョウメ,1,,,,,1,1,0,0,0,0,1,1,1947-04-17,,0,,,,,,,,,,,,,,,,
342076,0045002,2,広島県,ヒロシマケン,Hiroshima,,,,福山市,フクヤマシ,Fukuyama-shi,,,,春日町,カスガチョウ,Kasugacho,二丁目,２チョウメ,2,,,,,1,1,0,0,0,0,1,1,1947-04-17,,0,,,,,,,,,,,,,,,,
342076,0045003,2,広島県,ヒロシマケン,Hiroshima,,,,福山市,フクヤマシ,Fukuyama-shi,,,,春日町,カスガチョウ,Kasugacho,三丁目,３チョウメ,3,,,,,1,1,0,0,0,0,1,1,1947-04-17,,0,,,,,,,,,,,,,,,,
342076,0045004,2,広島県,ヒロシマケン,Hiroshima,,,,福山市,フクヤマシ,Fukuyama-shi,,,,春日町,カスガチョウ,Kasugacho,四丁目,４チョウメ,4,,,,,1,1,0,0,0,0,1,1,1947-04-17,,0,,,,,,,,,,,,,,,,
342076,0045005,2,広島県,ヒロシマケン,Hiroshima,,,,福山市,フクヤマシ,Fukuyama-shi,,,,春日町,カスガチョウ,Kasugacho,五丁目,５チョウメ,5,,,,,1,1,0,0,0,0,1,1,1947-04-17,,0,,,,,,,,,,,,,,,,
342076,0045006,2,広島県,ヒロシマケン,Hiroshima,,,,福山市,フクヤマシ,Fukuyama-shi,,,,春日町,カスガチョウ,Kasugacho,六丁目,６チョウメ,6,,,,,1,1,0,0,0,0,1,1,1947-04-17,,0,,,,,,,,,,,,,,,,
342076,0045007,2,広島県,ヒロシマケン,Hiroshima,,,,福山市,フクヤマシ,Fukuyama-shi,,,,春日町,カスガチョウ,Kasugacho,七丁目,７チョウメ,7,,,,,1,1,0,0,0,0,1,1,1947-04-17,,0,,,,,,,,,,,,,,,,
342076,0046000,1,広島県,ヒロシマケン,Hiroshima,,,,福山市,フクヤマシ,Fukuyama-shi,,,,春日町宇山,カスガチョウウヤマ,Kasugacho Uyama,,,,,,,,0,0,0,0,0,0,1,0,1947-04-17,,0,7210901,,,,,,,,,,,,,,,
342076,0047000,1,広島県,ヒロシマケン,Hiroshima,,,,福山市,フクヤマシ,Fukuyama-shi,,,,春日町浦上,カスガチョウウラカミ,Kasugacho Urakami,,,,,,,,0,0,0,0,0,0,1,0,1947-04-17,,0,7210902,,,,,,,,,,,,,,,
342076,0048000,1,広島県,ヒロシマケン,Hiroshima,,,,福山市,フクヤマシ,Fukuyama-shi,,,,春日町吉田,カスガチョウヨシダ,Kasugacho Yoshida,,,,,,,,0,0,0,0,0,0,1,0,1947-04-17,,0,7210908,,,,,,,,,,,,,,,
342076,0049001,2,広島県,ヒロシマケン,Hiroshima,,,,福山市,フクヤマシ,Fukuyama-shi,,,,霞町,カスミチョウ,Kasumicho,一丁目,１チョウメ,1,,,,,1,1,0,0,0,0,1,1,1947-04-17,,0,,,,,,,,,,,,,,,,
342076,0049002,2,広島県,ヒロシマケン,Hiroshima,,,,福山市,フクヤマシ,Fukuyama-shi,,,,霞町,カスミチョウ,Kasumicho,二丁目,２チョウメ,2,,,,,1,1,0,0,0,0,1,1,1947-04-17,,0,,,,,,,,,,,,,,,,
342076,0049003,2,広島県,ヒロシマケン,Hiroshima,,,,福山市,フクヤマシ,Fukuyama-shi,,,,霞町,カスミチョウ,Kasumicho,三丁目,３チョウメ,3,,,,,1,1,0,0,0,0,1,1,1947-04-17,,0,,,,,,,,,,,,,,,,
342076,0049004,2,広島県,ヒロシマケン,Hiroshima,,,,福山市,フクヤマシ,Fukuyama-shi,,,,霞町,カスミチョウ,Kasumicho,四丁目,４チョウメ,4,,,,,1,1,0,0,0,0,1,1,1947-04-17,,0,,,,,,,,,,,,,,,,
342076,0050000,1,広島県,ヒロシマケン,Hiroshima,,,,福山市,フクヤマシ,Fukuyama-shi,,,,金江町金見,カナエチョウカナミ,Kanaecho Kanami,,,,,,,,0,0,0,0,0,0,1,1,1947-04-17,,0,7200541,,,,,,,,,,,,,,,
342076,0051000,1,広島県,ヒロシマケン,Hiroshima,,,,福山市,フクヤマシ,Fukuyama-shi,,,,金江町藁江,カナエチョウワラエ,Kanaecho Warae,,,,,,,,0,0,0,0,0,0,1,1,1947-04-17,,0,7200542,,,,,,,,,,,,,,,
342076,0052000,1,広島県,ヒロシマケン,Hiroshima,,,,福山市,フクヤマシ,Fukuyama-shi,,,,神村町,カムラチョウ,Kamuracho,,,,,,,,0,0,0,0,0,0,1,1,1947-04-17,,0,7290112,,,,,,,,,,,,,,,
342076,0054000,1,広島県,ヒロシマケン,Hiroshima,,,,福山市,フクヤマシ,Fukuyama-shi,,,,加茂町大字下加茂,カモチョウオオアザシモガモ,,,,,,,,,0,0,0,0,0,0,1,1,1947-04-17,,0,,,,,,,,,,,,,,,,
342076,0055001,2,広島県,ヒロシマケン,Hiroshima,,,,福山市,フクヤマシ,Fukuyama-shi,,,,川口町,カワグチチョウ,Kawaguchicho,一丁目,１チョウメ,1,,,,,1,1,0,0,0,0,1,1,1947-04-17,,0,,,,,,,,,,,,,,,,
342076,0055002,2,広島県,ヒロシマケン,Hiroshima,,,,福山市,フクヤマシ,Fukuyama-shi,,,,川口町,カワグチチョウ,Kawaguchicho,二丁目,２チョウメ,2,,,,,1,1,0,0,0,0,1,1,1947-04-17,,0,,,,,,,,,,,,,,,,
342076,0055003,2,広島県,ヒロシマケン,Hiroshima,,,,福山市,フクヤマシ,Fukuyama-shi,,,,川口町,カワグチチョウ,Kawaguchicho,三丁目,３チョウメ,3,,,,,1,1,0,0,0,0,1,1,1947-04-17,,0,,,,,,,,,,,,,,,,
342076,0055004,2,広島県,ヒロシマケン,Hiroshima,,,,福山市,フクヤマシ,Fukuyama-shi,,,,川口町,カワグチチョウ,Kawaguchicho,四丁目,４チョウメ,4,,,,,1,1,0,0,0,0,1,1,1947-04-17,,0,,,,,,,,,,,,,,,,
342076,0055005,2,広島県,ヒロシマケン,Hiroshima,,,,福山市,フクヤマシ,Fukuyama-shi,,,,川口町,カワグチチョウ,Kawaguchicho,五丁目,５チョウメ,5,,,,,1,1,0,0,0,0,1,1,1947-04-17,,0,,,,,,,,,,,,,,,,
342076,0057000,1,広島県,ヒロシマケン,Hiroshima,,,,福山市,フクヤマシ,Fukuyama-shi,,,,神辺町旭丘,カンナベチョウアサヒオカ,Kannabecho Asahioka,,,,,,,,0,0,0,0,0,0,1,1,1947-04-17,,0,7202113,,,,,,,,,,,,,,,
342076,0058000,1,広島県,ヒロシマケン,Hiroshima,,,,福山市,フクヤマシ,Fukuyama-shi,,,,神辺町大字上竹田,カンナベチョウオオアザカミタケダ,,,,,,,,,0,0,0,0,0,0,1,1,1947-04-17,,0,,,,,,,,,,,,,,,,
342076,0059000,1,広島県,ヒロシマケン,Hiroshima,,,,福山市,フクヤマシ,Fukuyama-shi,,,,神辺町大字川北,カンナベチョウオオアザカワキタ,,,,,,,,,0,0,0,0,0,0,1,1,1947-04-17,,0,,,,,,,,,,,,,,,,
342076,0060000,1,広島県,ヒロシマケン,Hiroshima,,,,福山市,フクヤマシ,Fukuyama-shi,,,,神辺町大字川南,カンナベチョウオオアザカワミナミ,,,,,,,,,0,0,0,0,0,0,1,1,1947-04-17,,0,,,,,,,,,,,,,,,,
342076,0061000,1,広島県,ヒロシマケン,Hiroshima,,,,福山市,フクヤマシ,Fukuyama-shi,,,,神辺町大字下竹田,カンナベチョウオオアザシモタケダ,,,,,,,,,0,0,0,0,0,0,1,1,1947-04-17,,0,,,,,,,,,,,,,,,,
342076,0062000,1,広島県,ヒロシマケン,Hiroshima,,,,福山市,フクヤマシ,Fukuyama-shi,,,,神辺町大字新十九,カンナベチョウオオアザシンジュウク,,,,,,,,,0,0,0,0,0,0,1,1,1947-04-17,,0,,,,,,,,,,,,,,,,
342076,0063000,1,広島県,ヒロシマケン,Hiroshima,,,,福山市,フクヤマシ,Fukuyama-shi,,,,神辺町大字新徳田,カンナベチョウオオアザシントクダ,,,,,,,,,0,0,0,0,0,0,1,1,1947-04-17,,0,,,,,,,,,,,,,,,,
342076,0064000,1,広島県,ヒロシマケン,Hiroshima,,,,福山市,フクヤマシ,Fukuyama-shi,,,,神辺町大字新道上,カンナベチョウオオアザシンミチノウエ,,,,,,,,,0,0,0,0,0,0,1,1,1947-04-17,,0,,,,,,,,,,,,,,,,
342076,0065000,1,広島県,ヒロシマケン,Hiroshima,,,,福山市,フクヤマシ,Fukuyama-shi,,,,神辺町大字新湯野,カンナベチョウオオアザシンユノ,,,,,,,,,0,0,0,0,0,0,1,1,1947-04-17,,0,,,,,,,,,,,,,,,,
342076,0066000,1,広島県,ヒロシマケン,Hiroshima,,,,福山市,フクヤマシ,Fukuyama-shi,,,,神辺町大字八尋,カンナベチョウオオアザヤヒロ,,,,,,,,,0,0,0,0,0,0,1,1,1947-04-17,,0,,,,,,,,,,,,,,,,
342076,0067001,2,広島県,ヒロシマケン,Hiroshima,,,,福山市,フクヤマシ,Fukuyama-shi,,,,北本庄,キタホンジョウ,Kitahonjo,一丁目,１チョウメ,1,,,,,1,1,0,0,0,0,1,1,1947-04-17,,0,,,,,,,,,,,,,,,,
342076,0067002,2,広島県,ヒロシマケン,Hiroshima,,,,福山市,フクヤマシ,Fukuyama-shi,,,,北本庄,キタホンジョウ,Kitahonjo,二丁目,２チョウメ,2,,,,,1,1,0,0,0,0,1,1,1947-04-17,,0,,,,,,,,,,,,,,,,
342076,0067003,2,広島県,ヒロシマケン,Hiroshima,,,,福山市,フクヤマシ,Fukuyama-shi,,,,北本庄,キタホンジョウ,Kitahonjo,三丁目,３チョウメ,3,,,,,1,1,0,0,0,0,1,1,1947-04-17,,0,,,,,,,,,,,,,,,,
342076,0067004,2,広島県,ヒロシマケン,Hiroshima,,,,福山市,フクヤマシ,Fukuyama-shi,,,,北本庄,キタホンジョウ,Kitahonjo,四丁目,４チョウメ,4,,,,,1,1,0,0,0,0,1,1,1947-04-17,,0,,,,,,,,,,,,,,,,
342076,0067005,2,広島県,ヒロシマケン,Hiroshima,,,,福山市,フクヤマシ,Fukuyama-shi,,,,北本庄,キタホンジョウ,Kitahonjo,五丁目,５チョウメ,5,,,,,1,1,0,0,0,0,1,1,1947-04-17,,0,,,,,,,,,,,,,,,,
342076,0068000,1,広島県,ヒロシマケン,Hiroshima,,,,福山市,フクヤマシ,Fukuyama-shi,,,,北美台,キタミダイ,Kitamidai,,,,,,,,1,1,0,0,0,0,1,1,1947-04-17,,0,7200023,,,,,,,,,,,,,,,
342076,0069001,2,広島県,ヒロシマケン,Hiroshima,,,,福山市,フクヤマシ,Fukuyama-shi,,,,北吉津町,キタヨシヅチョウ,Kitayoshizucho,一丁目,１チョウメ,1,,,,,1,1,0,0,0,0,1,1,1947-04-17,,0,,,,,,,,,,,,,,,,
342076,0069002,2,広島県,ヒロシマケン,Hiroshima,,,,福山市,フクヤマシ,Fukuyama-shi,,,,北吉津町,キタヨシヅチョウ,Kitayoshizucho,二丁目,２チョウメ,2,,,,,1,1,0,0,0,0,1,1,1947-04-17,,0,,,,,,,,,,,,,,,,
342076,0069003,2,広島県,ヒロシマケン,Hiroshima,,,,福山市,フクヤマシ,Fukuyama-shi,,,,北吉津町,キタヨシヅチョウ,Kitayoshizucho,三丁目,３チョウメ,3,,,,,1,1,0,0,0,0,1,1,1947-04-17,,0,,,,,,,,,,,,,,,,
342076,0069004,2,広島県,ヒロシマケン,Hiroshima,,,,福山市,フクヤマシ,Fukuyama-shi,,,,北吉津町,キタヨシヅチョウ,Kitayoshizucho,四丁目,４チョウメ,4,,,,,1,1,0,0,0,0,1,1,1947-04-17,,0,,,,,,,,,,,,,,,,
342076,0069005,2,広島県,ヒロシマケン,Hiroshima,,,,福山市,フクヤマシ,Fukuyama-shi,,,,北吉津町,キタヨシヅチョウ,Kitayoshizucho,五丁目,５チョウメ,5,,,,,1,1,0,0,0,0,1,1,1947-04-17,,0,,,,,,,,,,,,,,,,
342076,0070001,2,広島県,ヒロシマケン,Hiroshima,,,,福山市,フクヤマシ,Fukuyama-shi,,,,木之庄町,キノショウチョウ,Kinoshocho,一丁目,１チョウメ,1,,,,,1,1,0,0,0,0,1,1,1947-04-17,,0,,,,,,,,,,,,,,,,
342076,0070002,2,広島県,ヒロシマケン,Hiroshima,,,,福山市,フクヤマシ,Fukuyama-shi,,,,木之庄町,キノショウチョウ,Kinoshocho,二丁目,２チョウメ,2,,,,,1,1,0,0,0,0,1,1,1947-04-17,,0,,,,,,,,,,,,,,,,
342076,0070003,2,広島県,ヒロシマケン,Hiroshima,,,,福山市,フクヤマシ,Fukuyama-shi,,,,木之庄町,キノショウチョウ,Kinoshocho,三丁目,３チョウメ,3,,,,,1,1,0,0,0,0,1,1,1947-04-17,,0,,,,,,,,,,,,,,,,
342076,0070004,2,広島県,ヒロシマケン,Hiroshima,,,,福山市,フクヤマシ,Fukuyama-shi,,,,木之庄町,キノショウチョウ,Kinoshocho,四丁目,４チョウメ,4,,,,,1,1,0,0,0,0,1,1,1947-04-17,,0,,,,,,,,,,,,,,,,
342076,0070005,2,広島県,ヒロシマケン,Hiroshima,,,,福山市,フクヤマシ,Fukuyama-shi,,,,木之庄町,キノショウチョウ,Kinoshocho,五丁目,５チョウメ,5,,,,,1,1,0,0,0,0,1,1,1947-04-17,,0,,,,,,,,,,,,,,,,
342076,0070006,2,広島県,ヒロシマケン,Hiroshima,,,,福山市,フクヤマシ,Fukuyama-shi,,,,木之庄町,キノショウチョウ,Kinoshocho,六丁目,６チョウメ,6,,,,,1,1,0,0,0,0,1,1,1947-04-17,,0,,,,,,,,,,,,,,,,
342076,0072000,1,広島県,ヒロシマケン,Hiroshima,,,,福山市,フクヤマシ,Fukuyama-shi,,,,草戸町,クサドチョウ,Kusadocho,,,,,,,,0,0,0,0,0,0,1,1,1947-04-17,,0,7200831,,,,,,,,,,,,,,,
342076,0072001,2,広島県,ヒロシマケン,Hiroshima,,,,福山市,フクヤマシ,Fukuyama-shi,,,,草戸町,クサドチョウ,Kusadocho,一丁目,１チョウメ,1,,,,,1,1,0,0,0,0,1,1,1947-04-17,,0,,,,,,,,,,,,,,,,
342076,0072002,2,広島県,ヒロシマケン,Hiroshima,,,,福山市,フクヤマシ,Fukuyama-shi,,,,草戸町,クサドチョウ,Kusadocho,二丁目,２チョウメ,2,,,,,1,1,0,0,0,0,1,1,1947-04-17,,0,,,,,,,,,,,,,,,,
342076,0072003,2,広島県,ヒロシマケン,Hiroshima,,,,福山市,フクヤマシ,Fukuyama-shi,,,,草戸町,クサドチョウ,Kusadocho,三丁目,３チョウメ,3,,,,,1,1,0,0,0,0,1,1,1947-04-17,,0,,,,,,,,,,,,,,,,
342076,0072004,2,広島県,ヒロシマケン,Hiroshima,,,,福山市,フクヤマシ,Fukuyama-shi,,,,草戸町,クサドチョウ,Kusadocho,四丁目,４チョウメ,4,,,,,1,1,0,0,0,0,1,1,1947-04-17,,0,,,,,,,,,,,,,,,,
342076,0072005,2,広島県,ヒロシマケン,Hiroshima,,,,福山市,フクヤマシ,Fukuyama-shi,,,,草戸町,クサドチョウ,Kusadocho,五丁目,５チョウメ,5,,,,,1,1,0,0,0,0,1,1,1947-04-17,,0,,,,,,,,,,,,,,,,
342076,0073000,1,広島県,ヒロシマケン,Hiroshima,,,,福山市,フクヤマシ,Fukuyama-shi,,,,熊野町,クマノチョウ,Kumanocho,,,,,,,,0,0,0,0,0,0,1,1,1947-04-17,,0,7200411,,,,,,,,,,,,,,,
342076,0074000,1,広島県,ヒロシマケン,Hiroshima,,,,福山市,フクヤマシ,Fukuyama-shi,,,,鋼管町,コウカンチョウ,Kokancho,,,,,,,,0,0,0,0,0,0,1,1,1947-04-17,,0,7210931,,,,,,,,,,,,,,,
342076,0075001,2,広島県,ヒロシマケン,Hiroshima,,,,福山市,フクヤマシ,Fukuyama-shi,,,,光南町,コウナンチョウ,Konancho,一丁目,１チョウメ,1,,,,,1,1,0,0,0,0,1,1,1947-04-17,,0,,,,,,,,,,,,,,,,
342076,0075002,2,広島県,ヒロシマケン,Hiroshima,,,,福山市,フクヤマシ,Fukuyama-shi,,,,光南町,コウナンチョウ,Konancho,二丁目,２チョウメ,2,,,,,1,1,0,0,0,0,1,1,1947-04-17,,0,,,,,,,,,,,,,,,,
342076,0075003,2,広島県,ヒロシマケン,Hiroshima,,,,福山市,フクヤマシ,Fukuyama-shi,,,,光南町,コウナンチョウ,Konancho,三丁目,３チョウメ,3,,,,,1,1,0,0,0,0,1,1,1947-04-17,,0,,,,,,,,,,,,,,,,
342076,0076000,1,広島県,ヒロシマケン,Hiroshima,,,,福山市,フクヤマシ,Fukuyama-shi,,,,郷分町,ゴウブンチョウ,Gobuncho,,,,,,,,0,0,0,0,0,0,1,1,1947-04-17,,0,7200093,,,,,,,,,,,,,,,
342076,0077001,2,広島県,ヒロシマケン,Hiroshima,,,,福山市,フクヤマシ,Fukuyama-shi,,,,向陽町,コウヨウチョウ,Koyocho,一丁目,１チョウメ,1,,,,,1,1,0,0,0,0,1,1,1947-04-17,,0,,,,,,,,,,,,,,,,
342076,0077002,2,広島県,ヒロシマケン,Hiroshima,,,,福山市,フクヤマシ,Fukuyama-shi,,,,向陽町,コウヨウチョウ,Koyocho,二丁目,２チョウメ,2,,,,,1,1,0,0,0,0,1,1,1947-04-17,,0,,,,,,,,,,,,,,,,
342076,0079000,1,広島県,ヒロシマケン,Hiroshima,,,,福山市,フクヤマシ,Fukuyama-shi,,,,蔵王町,ザオウチョウ,Zaocho,,,,,,,,0,0,0,0,0,0,1,1,1947-04-17,,0,7210971,,,,,,,,,,,,,,,
342076,0079001,2,広島県,ヒロシマケン,Hiroshima,,,,福山市,フクヤマシ,Fukuyama-shi,,,,蔵王町,ザオウチョウ,Zaocho,一丁目,１チョウメ,1,,,,,1,1,0,0,0,0,1,1,1947-04-17,,0,,,,,,,,,,,,,,,,
342076,0079002,2,広島県,ヒロシマケン,Hiroshima,,,,福山市,フクヤマシ,Fukuyama-shi,,,,蔵王町,ザオウチョウ,Zaocho,二丁目,２チョウメ,2,,,,,1,1,0,0,0,0,1,1,1947-04-17,,0,,,,,,,,,,,,,,,,
342076,0079003,2,広島県,ヒロシマケン,Hiroshima,,,,福山市,フクヤマシ,Fukuyama-shi,,,,蔵王町,ザオウチョウ,Zaocho,三丁目,３チョウメ,3,,,,,1,1,0,0,0,0,1,1,1947-04-17,,0,,,,,,,,,,,,,,,,
342076,0079004,2,広島県,ヒロシマケン,Hiroshima,,,,福山市,フクヤマシ,Fukuyama-shi,,,,蔵王町,ザオウチョウ,Zaocho,四丁目,４チョウメ,4,,,,,1,1,0,0,0,0,1,1,1947-04-17,,0,,,,,,,,,,,,,,,,
342076,0079005,2,広島県,ヒロシマケン,Hiroshima,,,,福山市,フクヤマシ,Fukuyama-shi,,,,蔵王町,ザオウチョウ,Zaocho,五丁目,５チョウメ,5,,,,,1,1,0,0,0,0,1,1,1947-04-17,,0,,,,,,,,,,,,,,,,
342076,0079006,2,広島県,ヒロシマケン,Hiroshima,,,,福山市,フクヤマシ,Fukuyama-shi,,,,蔵王町,ザオウチョウ,Zaocho,六丁目,６チョウメ,6,,,,,1,1,0,0,0,0,1,1,1947-04-17,,0,,,,,,,,,,,,,,,,
342076,0080000,1,広島県,ヒロシマケン,Hiroshima,,,,福山市,フクヤマシ,Fukuyama-shi,,,,桜馬場町,サクラババチョウ,Sakurababacho,,,,,,,,1,1,0,0,0,0,1,1,1947-04-17,,0,7200051,,,,,,,,,,,,,,,
342076,0081000,1,広島県,ヒロシマケン,Hiroshima,,,,福山市,フクヤマシ,Fukuyama-shi,,,,佐波町,サバチョウ,Sabacho,,,,,,,,0,0,0,0,0,0,1,1,1947-04-17,,0,7200835,,,,,,,,,,,,,,,
342076,0082000,1,広島県,ヒロシマケン,Hiroshima,,,,福山市,フクヤマシ,Fukuyama-shi,,,,三之丸町,サンノマルチョウ,Sannomarucho,,,,,,,,1,1,0,0,0,0,1,1,1947-04-17,,0,7200066,,,,,,,,,,,,,,,
342076,0083000,1,広島県,ヒロシマケン,Hiroshima,,,,福山市,フクヤマシ,Fukuyama-shi,,,,地吹町,ジブキチョウ,Jibukicho,,,,,,,,1,1,0,0,0,0,1,1,1947-04-17,,0,7200816,,,,,,,,,,,,,,,
342076,0084000,1,広島県,ヒロシマケン,Hiroshima,,,,福山市,フクヤマシ,Fukuyama-shi,,,,清水ケ丘,シミズガオカ,Shimizugaoka,,,,,,,,1,1,0,0,0,0,1,1,1947-04-17,,0,7200025,,,,,,,,,,,,,,,
342076,0085000,1,広島県,ヒロシマケン,Hiroshima,,,,福山市,フクヤマシ,Fukuyama-shi,,,,城興ケ丘,ジョウコウガオカ,Jokogaoka,,,,,,,,1,1,0,0,0,0,1,1,1947-04-17,,0,7210929,,,,,,,,,,,,,,,
342076,0086000,1,広島県,ヒロシマケン,Hiroshima,,,,福山市,フクヤマシ,Fukuyama-shi,,,,昭和町,ショウワチョウ,Showacho,,,,,,,,1,1,0,0,0,0,1,1,1947-04-17,,0,7200808,,,,,,,,,,,,,,,
342076,0087001,2,広島県,ヒロシマケン,Hiroshima,,,,福山市,フクヤマシ,Fukuyama-shi,,,,城見町,シロミチョウ,Shiromicho,一丁目,１チョウメ,1,,,,,1,1,0,0,0,0,1,1,1947-04-17,,0,,,,,,,,,,,,,,,,
342076,0087002,2,広島県,ヒロシマケン,Hiroshima,,,,福山市,フクヤマシ,Fukuyama-shi,,,,城見町,シロミチョウ,Shiromicho,二丁目,２チョウメ,2,,,,,1,1,0,0,0,0,1,1,1947-04-17,,0,,,,,,,,,,,,,,,,
342076,0088000,1,広島県,ヒロシマケン,Hiroshima,,,,福山市,フクヤマシ,Fukuyama-shi,,,,新市町大字金丸,シンイチチョウオオアザカネマル,,,,,,,,,0,0,0,0,0,0,1,1,1947-04-17,,0,,,,,,,,,,,,,,,,
342076,0089000,1,広島県,ヒロシマケン,Hiroshima,,,,福山市,フクヤマシ,Fukuyama-shi,,,,新市町大字上安井,シンイチチョウオオアザカミヤスイ,,,,,,,,,0,0,0,0,0,0,1,1,1947-04-17,,0,,,,,,,,,,,,,,,,
342076,0090000,1,広島県,ヒロシマケン,Hiroshima,,,,福山市,フクヤマシ,Fukuyama-shi,,,,新市町大字相方,シンイチチョウオオアザサガタ,,,,,,,,,0,0,0,0,0,0,1,1,1947-04-17,,0,,,,,,,,,,,,,,,,
342076,0091000,1,広島県,ヒロシマケン,Hiroshima,,,,福山市,フクヤマシ,Fukuyama-shi,,,,新市町大字下安井,シンイチチョウオオアザシモヤスイ,,,,,,,,,0,0,0,0,0,0,1,1,1947-04-17,,0,,,,,,,,,,,,,,,,
342076,0092000,1,広島県,ヒロシマケン,Hiroshima,,,,福山市,フクヤマシ,Fukuyama-shi,,,,新市町大字新市,シンイチチョウオオアザシンイチ,,,,,,,,,0,0,0,0,0,0,1,1,1947-04-17,,0,,,,,,,,,,,,,,,,
342076,0093000,1,広島県,ヒロシマケン,Hiroshima,,,,福山市,フクヤマシ,Fukuyama-shi,,,,新市町大字常,シンイチチョウオオアザツネ,,,,,,,,,0,0,0,0,0,0,1,1,1947-04-17,,0,,,,,,,,,,,,,,,,
342076,0094000,1,広島県,ヒロシマケン,Hiroshima,,,,福山市,フクヤマシ,Fukuyama-shi,,,,新市町大字戸手,シンイチチョウオオアザトデ,,,,,,,,,0,0,0,0,0,0,1,1,1947-04-17,,0,,,,,,,,,,,,,,,,
342076,0095000,1,広島県,ヒロシマケン,Hiroshima,,,,福山市,フクヤマシ,Fukuyama-shi,,,,新市町大字藤尾,シンイチチョウオオアザフジオ,,,,,,,,,0,0,0,0,0,0,1,1,1947-04-17,,0,,,,,,,,,,,,,,,,
342076,0096000,1,広島県,ヒロシマケン,Hiroshima,,,,福山市,フクヤマシ,Fukuyama-shi,,,,新市町大字宮内,シンイチチョウオオアザミヤウチ,,,,,,,,,0,0,0,0,0,0,1,1,1947-04-17,,0,,,,,,,,,,,,,,,,
342076,0097000,1,広島県,ヒロシマケン,Hiroshima,,,,福山市,フクヤマシ,Fukuyama-shi,,,,新涯町,シンガイチヨウ,,,,,,,,,0,0,0,0,0,0,1,0,1947-04-17,,1,,,,,,,,,,,,,,,,
342076,0097001,2,広島県,ヒロシマケン,Hiroshima,,,,福山市,フクヤマシ,Fukuyama-shi,,,,新涯町,シンガイチョウ,Shingaicho,一丁目,１チョウメ,1,,,,,1,1,0,0,0,0,1,1,1947-04-17,,0,,,,,,,,,,,,,,,,
342076,0097002,2,広島県,ヒロシマケン,Hiroshima,,,,福山市,フクヤマシ,Fukuyama-shi,,,,新涯町,シンガイチョウ,Shingaicho,二丁目,２チョウメ,2,,,,,1,1,0,0,0,0,1,1,1947-04-17,,0,,,,,,,,,,,,,,,,
342076,0097003,2,広島県,ヒロシマケン,Hiroshima,,,,福山市,フクヤマシ,Fukuyama-shi,,,,新涯町,シンガイチョウ,Shingaicho,三丁目,３チョウメ,3,,,,,1,1,0,0,0,0,1,1,1947-04-17,,0,,,,,,,,,,,,,,,,
342076,0097004,2,広島県,ヒロシマケン,Hiroshima,,,,福山市,フクヤマシ,Fukuyama-shi,,,,新涯町,シンガイチョウ,Shingaicho,四丁目,４チョウメ,4,,,,,1,1,0,0,0,0,1,1,1947-04-17,,0,,,,,,,,,,,,,,,,
342076,0097005,2,広島県,ヒロシマケン,Hiroshima,,,,福山市,フクヤマシ,Fukuyama-shi,,,,新涯町,シンガイチョウ,Shingaicho,五丁目,５チョウメ,5,,,,,1,1,0,0,0,0,1,1,1947-04-17,,0,,,,,,,,,,,,,,,,
342076,0097006,2,広島県,ヒロシマケン,Hiroshima,,,,福山市,フクヤマシ,Fukuyama-shi,,,,新涯町,シンガイチョウ,Shingaicho,六丁目,６チョウメ,6,,,,,1,1,0,0,0,0,1,1,1947-04-17,,0,,,,,,,,,,,,,,,,
342076,0098001,2,広島県,ヒロシマケン,Hiroshima,,,,福山市,フクヤマシ,Fukuyama-shi,,,,新浜町,シンハマチョウ,Shinhamacho,一丁目,１チョウメ,1,,,,,1,1,0,0,0,0,1,1,1947-04-17,,0,,,,,,,,,,,,,,,,
342076,0098002,2,広島県,ヒロシマケン,Hiroshima,,,,福山市,フクヤマシ,Fukuyama-shi,,,,新浜町,シンハマチョウ,Shinhamacho,二丁目,２チョウメ,2,,,,,1,1,0,0,0,0,1,1,1947-04-17,,0,,,,,,,,,,,,,,,,
342076,0099000,1,広島県,ヒロシマケン,Hiroshima,,,,福山市,フクヤマシ,Fukuyama-shi,,,,住吉町,スミヨシチョウ,Sumiyoshicho,,,,,,,,1,1,0,0,0,0,1,1,1947-04-17,,0,7200809,,,,,,,,,,,,,,,
342076,0100000,1,広島県,ヒロシマケン,Hiroshima,,,,福山市,フクヤマシ,Fukuyama-shi,,,,瀬戸町大字山北,セトチョウオオアザサボク,,,,,,,,,0,0,0,0,0,0,1,1,1947-04-17,,0,,,,,,,,,,,,,,,,
342076,0101000,1,広島県,ヒロシマケン,Hiroshima,,,,福山市,フクヤマシ,Fukuyama-shi,,,,瀬戸町大字地頭分,セトチョウオオアザジトウブ,,,,,,,,,0,0,0,0,0,0,1,1,1947-04-17,,0,,,,,,,,,,,,,,,,
342076,0102000,1,広島県,ヒロシマケン,Hiroshima,,,,福山市,フクヤマシ,Fukuyama-shi,,,,瀬戸町大字長和,セトチョウオオアザナガワ,,,,,,,,,0,0,0,0,0,0,1,1,1947-04-17,,0,,,,,,,,,,,,,,,,
342076,0104001,2,広島県,ヒロシマケン,Hiroshima,,,,福山市,フクヤマシ,Fukuyama-shi,,,,千田町,センダチョウ,Sendacho,一丁目,１チョウメ,1,,,,,1,1,0,0,0,0,1,1,1947-04-17,,0,,,,,,,,,,,,,,,,
342076,0104002,2,広島県,ヒロシマケン,Hiroshima,,,,福山市,フクヤマシ,Fukuyama-shi,,,,千田町,センダチョウ,Sendacho,二丁目,２チョウメ,2,,,,,1,1,0,0,0,0,1,1,1947-04-17,,0,,,,,,,,,,,,,,,,
342076,0104003,2,広島県,ヒロシマケン,Hiroshima,,,,福山市,フクヤマシ,Fukuyama-shi,,,,千田町,センダチョウ,Sendacho,三丁目,３チョウメ,3,,,,,1,1,0,0,0,0,1,1,1947-04-17,,0,,,,,,,,,,,,,,,,
342076,0104004,2,広島県,ヒロシマケン,Hiroshima,,,,福山市,フクヤマシ,Fukuyama-shi,,,,千田町,センダチョウ,Sendacho,四丁目,４チョウメ,4,,,,,1,1,0,0,0,0,1,1,1947-04-17,,0,,,,,,,,,,,,,,,,
342076,0105000,1,広島県,ヒロシマケン,Hiroshima,,,,福山市,フクヤマシ,Fukuyama-shi,,,,千田町大字坂田,センダチョウオオアザサカタ,,,,,,,,,0,0,0,0,0,0,1,1,1947-04-17,,0,,,,,,,,,,,,,,,,
342076,0106000,1,広島県,ヒロシマケン,Hiroshima,,,,福山市,フクヤマシ,Fukuyama-shi,,,,千田町大字千田,センダチョウオオアザセンダ,,,,,,,,,0,0,0,0,0,0,1,1,1947-04-17,,0,,,,,,,,,,,,,,,,
342076,0107000,1,広島県,ヒロシマケン,Hiroshima,,,,福山市,フクヤマシ,Fukuyama-shi,,,,千田町大字藪路,センダチョウオオアザヤブロ,,,,,,,,,0,0,0,0,0,0,1,1,1947-04-17,,0,,,,,,,,,,,,,,,,
342076,0108000,1,広島県,ヒロシマケン,Hiroshima,,,,福山市,フクヤマシ,Fukuyama-shi,,,,大黒町,ダイコクマチ,Daikokumachi,,,,,,,,1,1,0,0,0,0,1,1,1947-04-17,,0,7200053,,,,,,,,,,,,,,,
342076,0109001,2,広島県,ヒロシマケン,Hiroshima,,,,福山市,フクヤマシ,Fukuyama-shi,,,,大門町,ダイモンチョウ,Daimoncho,一丁目,１チョウメ,1,,,,,1,1,0,0,0,0,1,1,1947-04-17,,0,,,,,,,,,,,,,,,,
342076,0109002,2,広島県,ヒロシマケン,Hiroshima,,,,福山市,フクヤマシ,Fukuyama-shi,,,,大門町,ダイモンチョウ,Daimoncho,二丁目,２チョウメ,2,,,,,1,1,0,0,0,0,1,1,1947-04-17,,0,,,,,,,,,,,,,,,,
342076,0109003,2,広島県,ヒロシマケン,Hiroshima,,,,福山市,フクヤマシ,Fukuyama-shi,,,,大門町,ダイモンチョウ,Daimoncho,三丁目,３チョウメ,3,,,,,1,1,0,0,0,0,1,1,1947-04-17,,0,,,,,,,,,,,,,,,,
342076,0109004,2,広島県,ヒロシマケン,Hiroshima,,,,福山市,フクヤマシ,Fukuyama-shi,,,,大門町,ダイモンチョウ,Daimoncho,四丁目,４チョウメ,4,,,,,1,1,0,0,0,0,1,1,1947-04-17,,0,,,,,,,,,,,,,,,,
342076,0109005,2,広島県,ヒロシマケン,Hiroshima,,,,福山市,フクヤマシ,Fukuyama-shi,,,,大門町,ダイモンチョウ,Daimoncho,五丁目,５チョウメ,5,,,,,1,1,0,0,0,0,1,1,1947-04-17,,0,,,,,,,,,,,,,,,,
342076,0109006,2,広島県,ヒロシマケン,Hiroshima,,,,福山市,フクヤマシ,Fukuyama-shi,,,,大門町,ダイモンチョウ,Daimoncho,六丁目,６チョウメ,6,,,,,1,1,0,0,0,0,1,1,1947-04-17,,0,,,,,,,,,,,,,,,,
342076,0109007,2,広島県,ヒロシマケン,Hiroshima,,,,福山市,フクヤマシ,Fukuyama-shi,,,,大門町,ダイモンチョウ,Daimoncho,七丁目,７チョウメ,7,,,,,1,1,0,0,0,0,1,1,1947-04-17,,0,,,,,,,,,,,,,,,,
342076,0109008,2,広島県,ヒロシマケン,Hiroshima,,,,福山市,フクヤマシ,Fukuyama-shi,,,,大門町,ダイモンチョウ,Daimoncho,八丁目,８チョウメ,8,,,,,1,1,0,0,0,0,1,1,1947-04-17,,0,,,,,,,,,,,,,,,,
342076,0110000,1,広島県,ヒロシマケン,Hiroshima,,,,福山市,フクヤマシ,Fukuyama-shi,,,,大門町旭,ダイモンチョウアサヒ,Daimoncho Asahi,,,,,,,,0,0,0,0,0,0,1,1,1947-04-17,,0,7210924,,,,,,,,,,,,,,,
342076,0111000,1,広島県,ヒロシマケン,Hiroshima,,,,福山市,フクヤマシ,Fukuyama-shi,,,,大門町大字日之出丘,ダイモンチョウオオアザヒノデガオカ,,,,,,,,,0,0,0,0,0,0,1,1,1947-04-17,,0,,,,,,,,,,,,,,,,
342076,0112000,1,広島県,ヒロシマケン,Hiroshima,,,,福山市,フクヤマシ,Fukuyama-shi,,,,大門町大門,ダイモンチョウダイモン,Daimoncho Daimon,,,,,,,,0,0,0,0,0,0,1,0,1947-04-17,,0,7210921,,,,,,,,,,,,,,,
342076,0113000,1,広島県,ヒロシマケン,Hiroshima,,,,福山市,フクヤマシ,Fukuyama-shi,,,,大門町津之下,ダイモンチョウツノシタ,Daimoncho Tsunoshita,,,,,,,,0,0,0,0,0,0,1,0,1947-04-17,,0,7210927,,,,,,,,,,,,,,,
342076,0114000,1,広島県,ヒロシマケン,Hiroshima,,,,福山市,フクヤマシ,Fukuyama-shi,,,,大門町野々浜,ダイモンチョウノノハマ,Daimoncho Nonohama,,,,,,,,0,0,0,0,0,0,1,0,1947-04-17,,0,7210923,,,,,,,,,,,,,,,
342076,0115001,2,広島県,ヒロシマケン,Hiroshima,,,,福山市,フクヤマシ,Fukuyama-shi,,,,高西町,タカニシチョウ,Takanishicho,一丁目,１チョウメ,1,,,,,1,1,0,0,0,0,1,1,1947-04-17,,0,,,,,,,,,,,,,,,,
342076,0115002,2,広島県,ヒロシマケン,Hiroshima,,,,福山市,フクヤマシ,Fukuyama-shi,,,,高西町,タカニシチョウ,Takanishicho,二丁目,２チョウメ,2,,,,,1,1,0,0,0,0,1,1,1947-04-17,,0,,,,,,,,,,,,,,,,
342076,0115003,2,広島県,ヒロシマケン,Hiroshima,,,,福山市,フクヤマシ,Fukuyama-shi,,,,高西町,タカニシチョウ,Takanishicho,三丁目,３チョウメ,3,,,,,1,1,0,0,0,0,1,1,1947-04-17,,0,,,,,,,,,,,,,,,,
342076,0115004,2,広島県,ヒロシマケン,Hiroshima,,,,福山市,フクヤマシ,Fukuyama-shi,,,,高西町,タカニシチョウ,Takanishicho,四丁目,４チョウメ,4,,,,,1,1,0,0,0,0,1,1,1947-04-17,,0,,,,,,,,,,,,,,,,
342076,0116000,1,広島県,ヒロシマケン,Hiroshima,,,,福山市,フクヤマシ,Fukuyama-shi,,,,高西町川尻,タカニシチョウカワジリ,Takanishicho Kawajiri,,,,,,,,0,0,0,0,0,0,1,1,1947-04-17,,0,7290101,,,,,,,,,,,,,,,
342076,0117000,1,広島県,ヒロシマケン,Hiroshima,,,,福山市,フクヤマシ,Fukuyama-shi,,,,高西町真田,タカニシチョウサナダ,Takanishicho Sanada,,,,,,,,0,0,0,0,0,0,1,1,1947-04-17,,0,7290102,,,,,,,,,,,,,,,
342076,0119000,1,広島県,ヒロシマケン,Hiroshima,,,,福山市,フクヤマシ,Fukuyama-shi,,,,高美台,タカミダイ,Takamidai,,,,,,,,1,1,0,0,0,0,1,1,1947-04-17,,0,7200024,,,,,,,,,,,,,,,
342076,0120000,1,広島県,ヒロシマケン,Hiroshima,,,,福山市,フクヤマシ,Fukuyama-shi,,,,宝町,タカラマチ,Takaramachi,,,,,,,,1,1,0,0,0,0,1,1,1947-04-17,,0,7200045,,,,,,,,,,,,,,,
342076,0121001,2,広島県,ヒロシマケン,Hiroshima,,,,福山市,フクヤマシ,Fukuyama-shi,,,,多治米町,タジメチョウ,Tajimecho,一丁目,１チョウメ,1,,,,,1,1,0,0,0,0,1,1,1947-04-17,,0,,,,,,,,,,,,,,,,
342076,0121002,2,広島県,ヒロシマケン,Hiroshima,,,,福山市,フクヤマシ,Fukuyama-shi,,,,多治米町,タジメチョウ,Tajimecho,二丁目,２チョウメ,2,,,,,1,1,0,0,0,0,1,1,1947-04-17,,0,,,,,,,,,,,,,,,,
342076,0121003,2,広島県,ヒロシマケン,Hiroshima,,,,福山市,フクヤマシ,Fukuyama-shi,,,,多治米町,タジメチョウ,Tajimecho,三丁目,３チョウメ,3,,,,,1,1,0,0,0,0,1,1,1947-04-17,,0,,,,,,,,,,,,,,,,
342076,0121004,2,広島県,ヒロシマケン,Hiroshima,,,,福山市,フクヤマシ,Fukuyama-shi,,,,多治米町,タジメチョウ,Tajimecho,四丁目,４チョウメ,4,,,,,1,1,0,0,0,0,1,1,1947-04-17,,0,,,,,,,,,,,,,,,,
342076,0121005,2,広島県,ヒロシマケン,Hiroshima,,,,福山市,フクヤマシ,Fukuyama-shi,,,,多治米町,タジメチョウ,Tajimecho,五丁目,５チョウメ,5,,,,,1,1,0,0,0,0,1,1,1947-04-17,,0,,,,,,,,,,,,,,,,
342076,0121006,2,広島県,ヒロシマケン,Hiroshima,,,,福山市,フクヤマシ,Fukuyama-shi,,,,多治米町,タジメチョウ,Tajimecho,六丁目,６チョウメ,6,,,,,1,1,0,0,0,0,1,1,1947-04-17,,0,,,,,,,,,,,,,,,,
342076,0122000,1,広島県,ヒロシマケン,Hiroshima,,,,福山市,フクヤマシ,Fukuyama-shi,,,,田尻町,タジリチョウ,Tajiricho,,,,,,,,0,0,0,0,0,0,1,1,1947-04-17,,0,7200203,,,,,,,,,,,,,,,
342076,0123000,1,広島県,ヒロシマケン,Hiroshima,,,,福山市,フクヤマシ,Fukuyama-shi,,,,長者町,チョウジャマチ,Chojamachi,,,,,,,,1,1,0,0,0,0,1,1,1947-04-17,,0,7200075,,,,,,,,,,,,,,,
342076,0124001,2,広島県,ヒロシマケン,Hiroshima,,,,福山市,フクヤマシ,Fukuyama-shi,,,,千代田町,チヨダチョウ,Chiyodacho,一丁目,１チョウメ,1,,,,,1,1,0,0,0,0,1,1,1947-04-17,,0,,,,,,,,,,,,,,,,
342076,0124002,2,広島県,ヒロシマケン,Hiroshima,,,,福山市,フクヤマシ,Fukuyama-shi,,,,千代田町,チヨダチョウ,Chiyodacho,二丁目,２チョウメ,2,,,,,1,1,0,0,0,0,1,1,1947-04-17,,0,,,,,,,,,,,,,,,,
342076,0125000,1,広島県,ヒロシマケン,Hiroshima,,,,福山市,フクヤマシ,Fukuyama-shi,,,,津之郷町大字加屋,ツノゴウチョウオオアザカヤ,,,,,,,,,0,0,0,0,0,0,1,1,1947-04-17,,0,,,,,,,,,,,,,,,,
342076,0126000,1,広島県,ヒロシマケン,Hiroshima,,,,福山市,フクヤマシ,Fukuyama-shi,,,,津之郷町大字津之郷,ツノゴウチョウオオアザツノゴウ,,,,,,,,,0,0,0,0,0,0,1,1,1947-04-17,,0,,,,,,,,,,,,,,,,
342076,0128000,1,広島県,ヒロシマケン,Hiroshima,,,,福山市,フクヤマシ,Fukuyama-shi,,,,坪生町,ツボウチョウ,Tsubocho,,,,,,,,0,0,0,0,0,0,1,1,1947-04-17,,0,7210903,,,,,,,,,,,,,,,
342076,0128001,2,広島県,ヒロシマケン,Hiroshima,,,,福山市,フクヤマシ,Fukuyama-shi,,,,坪生町,ツボウチョウ,Tsubocho,一丁目,１チョウメ,1,,,,,0,0,0,0,0,0,1,1,1947-04-17,,0,,,,,,,,,,,,,,,,
342076,0128001,2,広島県,ヒロシマケン,Hiroshima,,,,福山市,フクヤマシ,Fukuyama-shi,,,,坪生町,ツボウチョウ,Tsubocho,一丁目,１チョウメ,1,,,,,1,1,0,0,0,0,1,1,1947-04-17,,0,,,,,,,,,,,,,,,,
342076,0128002,2,広島県,ヒロシマケン,Hiroshima,,,,福山市,フクヤマシ,Fukuyama-shi,,,,坪生町,ツボウチョウ,Tsubocho,二丁目,２チョウメ,2,,,,,0,0,0,0,0,0,1,1,1947-04-17,,0,,,,,,,,,,,,,,,,
342076,0128002,2,広島県,ヒロシマケン,Hiroshima,,,,福山市,フクヤマシ,Fukuyama-shi,,,,坪生町,ツボウチョウ,Tsubocho,二丁目,２チョウメ,2,,,,,1,1,0,0,0,0,1,1,1947-04-17,,0,,,,,,,,,,,,,,,,
342076,0128003,2,広島県,ヒロシマケン,Hiroshima,,,,福山市,フクヤマシ,Fukuyama-shi,,,,坪生町,ツボウチョウ,Tsubocho,三丁目,３チョウメ,3,,,,,0,0,0,0,0,0,1,1,1947-04-17,,0,,,,,,,,,,,,,,,,
342076,0128003,2,広島県,ヒロシマケン,Hiroshima,,,,福山市,フクヤマシ,Fukuyama-shi,,,,坪生町,ツボウチョウ,Tsubocho,三丁目,３チョウメ,3,,,,,1,1,0,0,0,0,1,1,1947-04-17,,0,,,,,,,,,,,,,,,,
342076,0128004,2,広島県,ヒロシマケン,Hiroshima,,,,福山市,フクヤマシ,Fukuyama-shi,,,,坪生町,ツボウチョウ,Tsubocho,四丁目,４チョウメ,4,,,,,0,0,0,0,0,0,1,1,1947-04-17,,0,,,,,,,,,,,,,,,,
342076,0128004,2,広島県,ヒロシマケン,Hiroshima,,,,福山市,フクヤマシ,Fukuyama-shi,,,,坪生町,ツボウチョウ,Tsubocho,四丁目,４チョウメ,4,,,,,1,1,0,0,0,0,1,1,1947-04-17,,0,,,,,,,,,,,,,,,,
342076,0128005,2,広島県,ヒロシマケン,Hiroshima,,,,福山市,フクヤマシ,Fukuyama-shi,,,,坪生町,ツボウチョウ,Tsubocho,五丁目,５チョウメ,5,,,,,0,0,0,0,0,0,1,1,1947-04-17,,0,,,,,,,,,,,,,,,,
342076,0128005,2,広島県,ヒロシマケン,Hiroshima,,,,福山市,フクヤマシ,Fukuyama-shi,,,,坪生町,ツボウチョウ,Tsubocho,五丁目,５チョウメ,5,,,,,1,1,0,0,0,0,1,1,1947-04-17,,0,,,,,,,,,,,,,,,,
342076,0128006,2,広島県,ヒロシマケン,Hiroshima,,,,福山市,フクヤマシ,Fukuyama-shi,,,,坪生町,ツボウチョウ,Tsubocho,六丁目,６チョウメ,6,,,,,0,0,0,0,0,0,1,1,1947-04-17,,0,,,,,,,,,,,,,,,,
342076,0128006,2,広島県,ヒロシマケン,Hiroshima,,,,福山市,フクヤマシ,Fukuyama-shi,,,,坪生町,ツボウチョウ,Tsubocho,六丁目,６チョウメ,6,,,,,1,1,0,0,0,0,1,1,1947-04-17,,0,,,,,,,,,,,,,,,,
342076,0129001,2,広島県,ヒロシマケン,Hiroshima,,,,福山市,フクヤマシ,Fukuyama-shi,,,,坪生町南,ツボウチョウミナミ,Tsubochominami,一丁目,１チョウメ,1,,,,,1,1,0,0,0,0,1,1,1947-04-17,,0,,,,,,,,,,,,,,,,
342076,0129002,2,広島県,ヒロシマケン,Hiroshima,,,,福山市,フクヤマシ,Fukuyama-shi,,,,坪生町南,ツボウチョウミナミ,Tsubochominami,二丁目,２チョウメ,2,,,,,1,1,0,0,0,0,1,1,1947-04-17,,0,,,,,,,,,,,,,,,,
342076,0129003,2,広島県,ヒロシマケン,Hiroshima,,,,福山市,フクヤマシ,Fukuyama-shi,,,,坪生町南,ツボウチョウミナミ,Tsubochominami,三丁目,３チョウメ,3,,,,,1,1,0,0,0,0,1,1,1947-04-17,,0,,,,,,,,,,,,,,,,
342076,0130001,2,広島県,ヒロシマケン,Hiroshima,,,,福山市,フクヤマシ,Fukuyama-shi,,,,手城町,テシロチョウ,Teshirocho,一丁目,１チョウメ,1,,,,,1,1,0,0,0,0,1,1,1947-04-17,,0,,,,,,,,,,,,,,,,
342076,0130002,2,広島県,ヒロシマケン,Hiroshima,,,,福山市,フクヤマシ,Fukuyama-shi,,,,手城町,テシロチョウ,Teshirocho,二丁目,２チョウメ,2,,,,,1,1,0,0,0,0,1,1,1947-04-17,,0,,,,,,,,,,,,,,,,
342076,0130003,2,広島県,ヒロシマケン,Hiroshima,,,,福山市,フクヤマシ,Fukuyama-shi,,,,手城町,テシロチョウ,Teshirocho,三丁目,３チョウメ,3,,,,,1,1,0,0,0,0,1,1,1947-04-17,,0,,,,,,,,,,,,,,,,
342076,0130004,2,広島県,ヒロシマケン,Hiroshima,,,,福山市,フクヤマシ,Fukuyama-shi,,,,手城町,テシロチョウ,Teshirocho,四丁目,４チョウメ,4,,,,,1,1,0,0,0,0,1,1,1947-04-17,,0,,,,,,,,,,,,,,,,
342076,0131000,1,広島県,ヒロシマケン,Hiroshima,,,,福山市,フクヤマシ,Fukuyama-shi,,,,寺町,テラマチ,Teramachi,,,,,,,,1,1,0,0,0,0,1,1,1947-04-17,,0,7200041,,,,,,,,,,,,,,,
342076,0132000,1,広島県,ヒロシマケン,Hiroshima,,,,福山市,フクヤマシ,Fukuyama-shi,,,,道三町,ドウサンチョウ,Dosancho,,,,,,,,1,1,0,0,0,0,1,1,1947-04-17,,0,7200813,,,,,,,,,,,,,,,
342076,0133001,2,広島県,ヒロシマケン,Hiroshima,,,,福山市,フクヤマシ,Fukuyama-shi,,,,東陽台,トウヨウダイ,Toyodai,一丁目,１チョウメ,1,,,,,1,1,0,0,0,0,1,1,1947-04-17,,0,,,,,,,,,,,,,,,,
342076,0133002,2,広島県,ヒロシマケン,Hiroshima,,,,福山市,フクヤマシ,Fukuyama-shi,,,,東陽台,トウヨウダイ,Toyodai,二丁目,２チョウメ,2,,,,,1,1,0,0,0,0,1,1,1947-04-17,,0,,,,,,,,,,,,,,,,
342076,0134000,1,広島県,ヒロシマケン,Hiroshima,,,,福山市,フクヤマシ,Fukuyama-shi,,,,鞆町後地,トモチョウウシロジ,Tomocho Ushiroji,,,,,,,,0,0,0,0,0,0,1,1,1947-04-17,,0,7200202,,,,,,,,,,,,,,,
342076,0136000,1,広島県,ヒロシマケン,Hiroshima,,,,福山市,フクヤマシ,Fukuyama-shi,,,,奈良津町,ナラヅチョウ,Narazucho,,,,,,,,0,0,0,0,0,0,1,1,1947-04-17,,0,7200022,,,,,,,,,,,,,,,
342076,0136001,2,広島県,ヒロシマケン,Hiroshima,,,,福山市,フクヤマシ,Fukuyama-shi,,,,奈良津町,ナラヅチョウ,Narazucho,一丁目,１チョウメ,1,,,,,1,1,0,0,0,0,1,1,1947-04-17,,0,,,,,,,,,,,,,,,,
342076,0136002,2,広島県,ヒロシマケン,Hiroshima,,,,福山市,フクヤマシ,Fukuyama-shi,,,,奈良津町,ナラヅチョウ,Narazucho,二丁目,２チョウメ,2,,,,,1,1,0,0,0,0,1,1,1947-04-17,,0,,,,,,,,,,,,,,,,
342076,0136003,2,広島県,ヒロシマケン,Hiroshima,,,,福山市,フクヤマシ,Fukuyama-shi,,,,奈良津町,ナラヅチョウ,Narazucho,三丁目,３チョウメ,3,,,,,1,1,0,0,0,0,1,1,1947-04-17,,0,,,,,,,,,,,,,,,,
342076,0137001,2,広島県,ヒロシマケン,Hiroshima,,,,福山市,フクヤマシ,Fukuyama-shi,,,,西桜町,ニシサクラマチ,Nishisakuramachi,一丁目,１チョウメ,1,,,,,1,1,0,0,0,0,1,1,1947-04-17,,0,,,,,,,,,,,,,,,,
342076,0137002,2,広島県,ヒロシマケン,Hiroshima,,,,福山市,フクヤマシ,Fukuyama-shi,,,,西桜町,ニシサクラマチ,Nishisakuramachi,二丁目,２チョウメ,2,,,,,1,1,0,0,0,0,1,1,1947-04-17,,0,,,,,,,,,,,,,,,,
342076,0138001,2,広島県,ヒロシマケン,Hiroshima,,,,福山市,フクヤマシ,Fukuyama-shi,,,,西新涯町,ニシシンガイチョウ,Nishishingaicho,一丁目,１チョウメ,1,,,,,1,1,0,0,0,0,1,1,1947-04-17,,0,,,,,,,,,,,,,,,,
342076,0138002,2,広島県,ヒロシマケン,Hiroshima,,,,福山市,フクヤマシ,Fukuyama-shi,,,,西新涯町,ニシシンガイチョウ,Nishishingaicho,二丁目,２チョウメ,2,,,,,1,1,0,0,0,0,1,1,1947-04-17,,0,,,,,,,,,,,,,,,,
342076,0139001,2,広島県,ヒロシマケン,Hiroshima,,,,福山市,フクヤマシ,Fukuyama-shi,,,,西深津町,ニシフカツチョウ,Nishifukatsucho,一丁目,１チョウメ,1,,,,,1,1,0,0,0,0,1,1,1947-04-17,,0,,,,,,,,,,,,,,,,
342076,0139002,2,広島県,ヒロシマケン,Hiroshima,,,,福山市,フクヤマシ,Fukuyama-shi,,,,西深津町,ニシフカツチョウ,Nishifukatsucho,二丁目,２チョウメ,2,,,,,1,1,0,0,0,0,1,1,1947-04-17,,0,,,,,,,,,,,,,,,,
342076,0139003,2,広島県,ヒロシマケン,Hiroshima,,,,福山市,フクヤマシ,Fukuyama-shi,,,,西深津町,ニシフカツチョウ,Nishifukatsucho,三丁目,３チョウメ,3,,,,,1,1,0,0,0,0,1,1,1947-04-17,,0,,,,,,,,,,,,,,,,
342076,0139004,2,広島県,ヒロシマケン,Hiroshima,,,,福山市,フクヤマシ,Fukuyama-shi,,,,西深津町,ニシフカツチョウ,Nishifukatsucho,四丁目,４チョウメ,4,,,,,1,1,0,0,0,0,1,1,1947-04-17,,0,,,,,,,,,,,,,,,,
342076,0139005,2,広島県,ヒロシマケン,Hiroshima,,,,福山市,フクヤマシ,Fukuyama-shi,,,,西深津町,ニシフカツチョウ,Nishifukatsucho,五丁目,５チョウメ,5,,,,,1,1,0,0,0,0,1,1,1947-04-17,,0,,,,,,,,,,,,,,,,
342076,0139006,2,広島県,ヒロシマケン,Hiroshima,,,,福山市,フクヤマシ,Fukuyama-shi,,,,西深津町,ニシフカツチョウ,Nishifukatsucho,六丁目,６チョウメ,6,,,,,1,1,0,0,0,0,1,1,1947-04-17,,0,,,,,,,,,,,,,,,,
342076,0139007,2,広島県,ヒロシマケン,Hiroshima,,,,福山市,フクヤマシ,Fukuyama-shi,,,,西深津町,ニシフカツチョウ,Nishifukatsucho,七丁目,７チョウメ,7,,,,,1,1,0,0,0,0,1,1,1947-04-17,,0,,,,,,,,,,,,,,,,
342076,0140001,2,広島県,ヒロシマケン,Hiroshima,,,,福山市,フクヤマシ,Fukuyama-shi,,,,西町,ニシマチ,Nishimachi,一丁目,１チョウメ,1,,,,,1,1,0,0,0,0,1,1,1947-04-17,,0,,,,,,,,,,,,,,,,
342076,0140002,2,広島県,ヒロシマケン,Hiroshima,,,,福山市,フクヤマシ,Fukuyama-shi,,,,西町,ニシマチ,Nishimachi,二丁目,２チョウメ,2,,,,,1,1,0,0,0,0,1,1,1947-04-17,,0,,,,,,,,,,,,,,,,
342076,0140003,2,広島県,ヒロシマケン,Hiroshima,,,,福山市,フクヤマシ,Fukuyama-shi,,,,西町,ニシマチ,Nishimachi,三丁目,３チョウメ,3,,,,,1,1,0,0,0,0,1,1,1947-04-17,,0,,,,,,,,,,,,,,,,
342076,0141000,1,広島県,ヒロシマケン,Hiroshima,,,,福山市,フクヤマシ,Fukuyama-shi,,,,沼隈町大字上山南,ヌマクマチョウオオアザカミサンナ,,,,,,,,,0,0,0,0,0,0,1,1,1947-04-17,,0,,,,,,,,,,,,,,,,
342076,0142000,1,広島県,ヒロシマケン,Hiroshima,,,,福山市,フクヤマシ,Fukuyama-shi,,,,沼隈町大字草深,ヌマクマチョウオオアザクサブカ,,,,,,,,,0,0,0,0,0,0,1,1,1947-04-17,,0,,,,,,,,,,,,,,,,
342076,0143000,1,広島県,ヒロシマケン,Hiroshima,,,,福山市,フクヤマシ,Fukuyama-shi,,,,沼隈町大字下山南,ヌマクマチョウオオアザシモサンナ,,,,,,,,,0,0,0,0,0,0,1,1,1947-04-17,,0,,,,,,,,,,,,,,,,
342076,0144000,1,広島県,ヒロシマケン,Hiroshima,,,,福山市,フクヤマシ,Fukuyama-shi,,,,沼隈町大字常石,ヌマクマチョウオオアザツネイシ,,,,,,,,,0,0,0,0,0,0,1,1,1947-04-17,,0,,,,,,,,,,,,,,,,
342076,0145000,1,広島県,ヒロシマケン,Hiroshima,,,,福山市,フクヤマシ,Fukuyama-shi,,,,沼隈町大字中山南,ヌマクマチョウオオアザナカサンナ,,,,,,,,,0,0,0,0,0,0,1,1,1947-04-17,,0,,,,,,,,,,,,,,,,
342076,0146000,1,広島県,ヒロシマケン,Hiroshima,,,,福山市,フクヤマシ,Fukuyama-shi,,,,沼隈町大字能登原,ヌマクマチョウオオアザノトハラ,,,,,,,,,0,0,0,0,0,0,1,1,1947-04-17,,0,,,,,,,,,,,,,,,,
342076,0147001,2,広島県,ヒロシマケン,Hiroshima,,,,福山市,フクヤマシ,Fukuyama-shi,,,,能島,ノウジマ,Nojima,一丁目,１チョウメ,1,,,,,1,1,0,0,0,0,1,1,1947-04-17,,0,,,,,,,,,,,,,,,,
342076,0147002,2,広島県,ヒロシマケン,Hiroshima,,,,福山市,フクヤマシ,Fukuyama-shi,,,,能島,ノウジマ,Nojima,二丁目,２チョウメ,2,,,,,1,1,0,0,0,0,1,1,1947-04-17,,0,,,,,,,,,,,,,,,,
342076,0147003,2,広島県,ヒロシマケン,Hiroshima,,,,福山市,フクヤマシ,Fukuyama-shi,,,,能島,ノウジマ,Nojima,三丁目,３チョウメ,3,,,,,1,1,0,0,0,0,1,1,1947-04-17,,0,,,,,,,,,,,,,,,,
342076,0148001,2,広島県,ヒロシマケン,Hiroshima,,,,福山市,フクヤマシ,Fukuyama-shi,,,,野上町,ノガミチョウ,Nogamicho,一丁目,１チョウメ,1,,,,,1,1,0,0,0,0,1,1,1947-04-17,,0,,,,,,,,,,,,,,,,
342076,0148002,2,広島県,ヒロシマケン,Hiroshima,,,,福山市,フクヤマシ,Fukuyama-shi,,,,野上町,ノガミチョウ,Nogamicho,二丁目,２チョウメ,2,,,,,1,1,0,0,0,0,1,1,1947-04-17,,0,,,,,,,,,,,,,,,,
342076,0148003,2,広島県,ヒロシマケン,Hiroshima,,,,福山市,フクヤマシ,Fukuyama-shi,,,,野上町,ノガミチョウ,Nogamicho,三丁目,３チョウメ,3,,,,,1,1,0,0,0,0,1,1,1947-04-17,,0,,,,,,,,,,,,,,,,
342076,0149000,1,広島県,ヒロシマケン,Hiroshima,,,,福山市,フクヤマシ,Fukuyama-shi,,,,延広町,ノブヒロチョウ,Nobuhirocho,,,,,,,,1,1,0,0,0,0,1,1,1947-04-17,,0,7200064,,,,,,,,,,,,,,,
342076,0150000,1,広島県,ヒロシマケン,Hiroshima,,,,福山市,フクヤマシ,Fukuyama-shi,,,,走島町,ハシリジマチョウ,Hashirijimacho,,,,,,,,0,0,0,0,0,0,1,1,1947-04-17,,0,7200204,,,,,,,,,,,,,,,
342076,0151001,2,広島県,ヒロシマケン,Hiroshima,,,,福山市,フクヤマシ,Fukuyama-shi,,,,花園町,ハナゾノチョウ,Hanazonocho,一丁目,１チョウメ,1,,,,,1,1,0,0,0,0,1,1,1947-04-17,,0,,,,,,,,,,,,,,,,
342076,0151002,2,広島県,ヒロシマケン,Hiroshima,,,,福山市,フクヤマシ,Fukuyama-shi,,,,花園町,ハナゾノチョウ,Hanazonocho,二丁目,２チョウメ,2,,,,,1,1,0,0,0,0,1,1,1947-04-17,,0,,,,,,,,,,,,,,,,
342076,0152001,2,広島県,ヒロシマケン,Hiroshima,,,,福山市,フクヤマシ,Fukuyama-shi,,,,東川口町,ヒガシカワグチチョウ,Higashikawaguchicho,一丁目,１チョウメ,1,,,,,1,1,0,0,0,0,1,1,1947-04-17,,0,,,,,,,,,,,,,,,,
342076,0152002,2,広島県,ヒロシマケン,Hiroshima,,,,福山市,フクヤマシ,Fukuyama-shi,,,,東川口町,ヒガシカワグチチョウ,Higashikawaguchicho,二丁目,２チョウメ,2,,,,,1,1,0,0,0,0,1,1,1947-04-17,,0,,,,,,,,,,,,,,,,
342076,0152003,2,広島県,ヒロシマケン,Hiroshima,,,,福山市,フクヤマシ,Fukuyama-shi,,,,東川口町,ヒガシカワグチチョウ,Higashikawaguchicho,三丁目,３チョウメ,3,,,,,1,1,0,0,0,0,1,1,1947-04-17,,0,,,,,,,,,,,,,,,,
342076,0152004,2,広島県,ヒロシマケン,Hiroshima,,,,福山市,フクヤマシ,Fukuyama-shi,,,,東川口町,ヒガシカワグチチョウ,Higashikawaguchicho,四丁目,４チョウメ,4,,,,,1,1,0,0,0,0,1,1,1947-04-17,,0,,,,,,,,,,,,,,,,
342076,0152005,2,広島県,ヒロシマケン,Hiroshima,,,,福山市,フクヤマシ,Fukuyama-shi,,,,東川口町,ヒガシカワグチチョウ,Higashikawaguchicho,五丁目,５チョウメ,5,,,,,1,1,0,0,0,0,1,1,1947-04-17,,0,,,,,,,,,,,,,,,,
342076,0153000,1,広島県,ヒロシマケン,Hiroshima,,,,福山市,フクヤマシ,Fukuyama-shi,,,,東桜町,ヒガシサクラマチ,Higashisakuramachi,,,,,,,,1,1,0,0,0,0,1,1,1947-04-17,,0,7200065,,,,,,,,,,,,,,,
342076,0154001,2,広島県,ヒロシマケン,Hiroshima,,,,福山市,フクヤマシ,Fukuyama-shi,,,,東手城町,ヒガシテシロチョウ,Higashiteshirocho,一丁目,１チョウメ,1,,,,,1,1,0,0,0,0,1,1,1947-04-17,,0,,,,,,,,,,,,,,,,
342076,0154002,2,広島県,ヒロシマケン,Hiroshima,,,,福山市,フクヤマシ,Fukuyama-shi,,,,東手城町,ヒガシテシロチョウ,Higashiteshirocho,二丁目,２チョウメ,2,,,,,1,1,0,0,0,0,1,1,1947-04-17,,0,,,,,,,,,,,,,,,,
342076,0154003,2,広島県,ヒロシマケン,Hiroshima,,,,福山市,フクヤマシ,Fukuyama-shi,,,,東手城町,ヒガシテシロチョウ,Higashiteshirocho,三丁目,３チョウメ,3,,,,,1,1,0,0,0,0,1,1,1947-04-17,,0,,,,,,,,,,,,,,,,
342076,0154004,2,広島県,ヒロシマケン,Hiroshima,,,,福山市,フクヤマシ,Fukuyama-shi,,,,東手城町,ヒガシテシロチョウ,Higashiteshirocho,四丁目,４チョウメ,4,,,,,1,1,0,0,0,0,1,1,1947-04-17,,0,,,,,,,,,,,,,,,,
342076,0155001,2,広島県,ヒロシマケン,Hiroshima,,,,福山市,フクヤマシ,Fukuyama-shi,,,,東深津町,ヒガシフカツチョウ,Higashifukatsucho,一丁目,１チョウメ,1,,,,,1,1,0,0,0,0,1,1,1947-04-17,,0,,,,,,,,,,,,,,,,
342076,0155002,2,広島県,ヒロシマケン,Hiroshima,,,,福山市,フクヤマシ,Fukuyama-shi,,,,東深津町,ヒガシフカツチョウ,Higashifukatsucho,二丁目,２チョウメ,2,,,,,1,1,0,0,0,0,1,1,1947-04-17,,0,,,,,,,,,,,,,,,,
342076,0155003,2,広島県,ヒロシマケン,Hiroshima,,,,福山市,フクヤマシ,Fukuyama-shi,,,,東深津町,ヒガシフカツチョウ,Higashifukatsucho,三丁目,３チョウメ,3,,,,,1,1,0,0,0,0,1,1,1947-04-17,,0,,,,,,,,,,,,,,,,
342076,0155004,2,広島県,ヒロシマケン,Hiroshima,,,,福山市,フクヤマシ,Fukuyama-shi,,,,東深津町,ヒガシフカツチョウ,Higashifukatsucho,四丁目,４チョウメ,4,,,,,1,1,0,0,0,0,1,1,1947-04-17,,0,,,,,,,,,,,,,,,,
342076,0155005,2,広島県,ヒロシマケン,Hiroshima,,,,福山市,フクヤマシ,Fukuyama-shi,,,,東深津町,ヒガシフカツチョウ,Higashifukatsucho,五丁目,５チョウメ,5,,,,,1,1,0,0,0,0,1,1,1947-04-17,,0,,,,,,,,,,,,,,,,
342076,0155006,2,広島県,ヒロシマケン,Hiroshima,,,,福山市,フクヤマシ,Fukuyama-shi,,,,東深津町,ヒガシフカツチョウ,Higashifukatsucho,六丁目,６チョウメ,6,,,,,1,1,0,0,0,0,1,1,1947-04-17,,0,,,,,,,,,,,,,,,,
342076,0155007,2,広島県,ヒロシマケン,Hiroshima,,,,福山市,フクヤマシ,Fukuyama-shi,,,,東深津町,ヒガシフカツチョウ,Higashifukatsucho,七丁目,７チョウメ,7,,,,,1,1,0,0,0,0,1,1,1947-04-17,,0,,,,,,,,,,,,,,,,
342076,0156001,2,広島県,ヒロシマケン,Hiroshima,,,,福山市,フクヤマシ,Fukuyama-shi,,,,東町,ヒガシマチ,Higashimachi,一丁目,１チョウメ,1,,,,,1,1,0,0,0,0,1,1,1947-04-17,,0,,,,,,,,,,,,,,,,
342076,0156002,2,広島県,ヒロシマケン,Hiroshima,,,,福山市,フクヤマシ,Fukuyama-shi,,,,東町,ヒガシマチ,Higashimachi,二丁目,２チョウメ,2,,,,,1,1,0,0,0,0,1,1,1947-04-17,,0,,,,,,,,,,,,,,,,
342076,0156003,2,広島県,ヒロシマケン,Hiroshima,,,,福山市,フクヤマシ,Fukuyama-shi,,,,東町,ヒガシマチ,Higashimachi,三丁目,３チョウメ,3,,,,,1,1,0,0,0,0,1,1,1947-04-17,,0,,,,,,,,,,,,,,,,
342076,0157000,1,広島県,ヒロシマケン,Hiroshima,,,,福山市,フクヤマシ,Fukuyama-shi,,,,東明王台,ヒガシミョウオウダイ,Higashimyoodai,,,,,,,,1,1,0,0,0,0,1,1,1947-04-17,,0,7200839,,,,,,,,,,,,,,,
342076,0158000,1,広島県,ヒロシマケン,Hiroshima,,,,福山市,フクヤマシ,Fukuyama-shi,,,,東村町,ヒガシムラチョウ,Higashimuracho,,,,,,,,0,0,0,0,0,0,1,1,1947-04-17,,0,7290251,,,,,,,,,,,,,,,
342076,0159000,1,広島県,ヒロシマケン,Hiroshima,,,,福山市,フクヤマシ,Fukuyama-shi,,,,東吉津町,ヒガシヨシヅチョウ,Higashiyoshizucho,,,,,,,,1,1,0,0,0,0,1,1,1947-04-17,,0,7200071,,,,,,,,,,,,,,,
342076,0161000,1,広島県,ヒロシマケン,Hiroshima,,,,福山市,フクヤマシ,Fukuyama-shi,,,,引野町,ヒキノチョウ,Hikinocho,,,,,,,,0,0,0,0,0,0,1,1,1947-04-17,,0,7210942,,,,,,,,,,,,,,,
342076,0161001,2,広島県,ヒロシマケン,Hiroshima,,,,福山市,フクヤマシ,Fukuyama-shi,,,,引野町,ヒキノチョウ,Hikinocho,一丁目,１チョウメ,1,,,,,1,1,0,0,0,0,1,1,1947-04-17,,0,,,,,,,,,,,,,,,,
342076,0161002,2,広島県,ヒロシマケン,Hiroshima,,,,福山市,フクヤマシ,Fukuyama-shi,,,,引野町,ヒキノチョウ,Hikinocho,二丁目,２チョウメ,2,,,,,1,1,0,0,0,0,1,1,1947-04-17,,0,,,,,,,,,,,,,,,,
342076,0161003,2,広島県,ヒロシマケン,Hiroshima,,,,福山市,フクヤマシ,Fukuyama-shi,,,,引野町,ヒキノチョウ,Hikinocho,三丁目,３チョウメ,3,,,,,1,1,0,0,0,0,1,1,1947-04-17,,0,,,,,,,,,,,,,,,,
342076,0161004,2,広島県,ヒロシマケン,Hiroshima,,,,福山市,フクヤマシ,Fukuyama-shi,,,,引野町,ヒキノチョウ,Hikinocho,四丁目,４チョウメ,4,,,,,1,1,0,0,0,0,1,1,1947-04-17,,0,,,,,,,,,,,,,,,,
342076,0161005,2,広島県,ヒロシマケン,Hiroshima,,,,福山市,フクヤマシ,Fukuyama-shi,,,,引野町,ヒキノチョウ,Hikinocho,五丁目,５チョウメ,5,,,,,1,1,0,0,0,0,1,1,1947-04-17,,0,,,,,,,,,,,,,,,,
342076,0162001,2,広島県,ヒロシマケン,Hiroshima,,,,福山市,フクヤマシ,Fukuyama-shi,,,,引野町北,ヒキノチョウキタ,Hikinochokita,一丁目,１チョウメ,1,,,,,1,1,0,0,0,0,1,1,1947-04-17,,0,,,,,,,,,,,,,,,,
342076,0162002,2,広島県,ヒロシマケン,Hiroshima,,,,福山市,フクヤマシ,Fukuyama-shi,,,,引野町北,ヒキノチョウキタ,Hikinochokita,二丁目,２チョウメ,2,,,,,1,1,0,0,0,0,1,1,1947-04-17,,0,,,,,,,,,,,,,,,,
342076,0162003,2,広島県,ヒロシマケン,Hiroshima,,,,福山市,フクヤマシ,Fukuyama-shi,,,,引野町北,ヒキノチョウキタ,Hikinochokita,三丁目,３チョウメ,3,,,,,1,1,0,0,0,0,1,1,1947-04-17,,0,,,,,,,,,,,,,,,,
342076,0162004,2,広島県,ヒロシマケン,Hiroshima,,,,福山市,フクヤマシ,Fukuyama-shi,,,,引野町北,ヒキノチョウキタ,Hikinochokita,四丁目,４チョウメ,4,,,,,1,1,0,0,0,0,1,1,1947-04-17,,0,,,,,,,,,,,,,,,,
342076,0162005,2,広島県,ヒロシマケン,Hiroshima,,,,福山市,フクヤマシ,Fukuyama-shi,,,,引野町北,ヒキノチョウキタ,Hikinochokita,五丁目,５チョウメ,5,,,,,1,1,0,0,0,0,1,1,1947-04-17,,0,,,,,,,,,,,,,,,,
342076,0163000,1,広島県,ヒロシマケン,Hiroshima,,,,福山市,フクヤマシ,Fukuyama-shi,,,,引野町東,ヒキノチョウヒガシ,Hikinochohigashi,,,,,,,,0,0,0,0,0,0,1,1,1947-04-17,,0,7210944,,,,,,,,,,,,,,,
342076,0163000,1,広島県,ヒロシマケン,Hiroshima,,,,福山市,フクヤマシ,Fukuyama-shi,,,,引野町東,ヒキノチョウヒガシ,Hikinochohigashi,,,,,,,,1,1,0,0,0,0,1,1,1947-04-17,,0,7210944,,,,,,,,,,,,,,,
342076,0164001,2,広島県,ヒロシマケン,Hiroshima,,,,福山市,フクヤマシ,Fukuyama-shi,,,,引野町南,ヒキノチョウミナミ,Hikinochominami,一丁目,１チョウメ,1,,,,,1,1,0,0,0,0,1,1,1947-04-17,,0,,,,,,,,,,,,,,,,
342076,0164002,2,広島県,ヒロシマケン,Hiroshima,,,,福山市,フクヤマシ,Fukuyama-shi,,,,引野町南,ヒキノチョウミナミ,Hikinochominami,二丁目,２チョウメ,2,,,,,1,1,0,0,0,0,1,1,1947-04-17,,0,,,,,,,,,,,,,,,,
342076,0164003,2,広島県,ヒロシマケン,Hiroshima,,,,福山市,フクヤマシ,Fukuyama-shi,,,,引野町南,ヒキノチョウミナミ,Hikinochominami,三丁目,３チョウメ,3,,,,,1,1,0,0,0,0,1,1,1947-04-17,,0,,,,,,,,,,,,,,,,
342076,0165001,2,広島県,ヒロシマケン,Hiroshima,,,,福山市,フクヤマシ,Fukuyama-shi,,,,久松台,ヒサマツダイ,Hisamatsudai,一丁目,１チョウメ,1,,,,,1,1,0,0,0,0,1,1,1947-04-17,,0,,,,,,,,,,,,,,,,
342076,0165002,2,広島県,ヒロシマケン,Hiroshima,,,,福山市,フクヤマシ,Fukuyama-shi,,,,久松台,ヒサマツダイ,Hisamatsudai,二丁目,２チョウメ,2,,,,,1,1,0,0,0,0,1,1,1947-04-17,,0,,,,,,,,,,,,,,,,
342076,0165003,2,広島県,ヒロシマケン,Hiroshima,,,,福山市,フクヤマシ,Fukuyama-shi,,,,久松台,ヒサマツダイ,Hisamatsudai,三丁目,３チョウメ,3,,,,,1,1,0,0,0,0,1,1,1947-04-17,,0,,,,,,,,,,,,,,,,
342076,0166001,2,広島県,ヒロシマケン,Hiroshima,,,,福山市,フクヤマシ,Fukuyama-shi,,,,日吉台,ヒヨシダイ,Hiyoshidai,一丁目,１チョウメ,1,,,,,1,1,0,0,0,0,1,1,1947-04-17,,0,,,,,,,,,,,,,,,,
342076,0166002,2,広島県,ヒロシマケン,Hiroshima,,,,福山市,フクヤマシ,Fukuyama-shi,,,,日吉台,ヒヨシダイ,Hiyoshidai,二丁目,２チョウメ,2,,,,,1,1,0,0,0,0,1,1,1947-04-17,,0,,,,,,,,,,,,,,,,
342076,0166003,2,広島県,ヒロシマケン,Hiroshima,,,,福山市,フクヤマシ,Fukuyama-shi,,,,日吉台,ヒヨシダイ,Hiyoshidai,三丁目,３チョウメ,3,,,,,1,1,0,0,0,0,1,1,1947-04-17,,0,,,,,,,,,,,,,,,,
342076,0167000,1,広島県,ヒロシマケン,Hiroshima,,,,福山市,フクヤマシ,Fukuyama-shi,,,,藤江町,フジエチョウ,Fujiecho,,,,,,,,0,0,0,0,0,0,1,1,1947-04-17,,0,7200543,,,,,,,,,,,,,,,
342076,0168000,1,広島県,ヒロシマケン,Hiroshima,,,,福山市,フクヤマシ,Fukuyama-shi,,,,伏見町,フシミチョウ,Fushimicho,,,,,,,,1,1,0,0,0,0,1,1,1947-04-17,,0,7200062,,,,,,,,,,,,,,,
342076,0169000,1,広島県,ヒロシマケン,Hiroshima,,,,福山市,フクヤマシ,Fukuyama-shi,,,,船町,フナマチ,Funamachi,,,,,,,,1,1,0,0,0,0,1,1,1947-04-17,,0,7200043,,,,,,,,,,,,,,,
342076,0170000,1,広島県,ヒロシマケン,Hiroshima,,,,福山市,フクヤマシ,Fukuyama-shi,,,,古野上町,フルノガミチョウ,Furunogamicho,,,,,,,,1,1,0,0,0,0,1,1,1947-04-17,,0,7200817,,,,,,,,,,,,,,,
342076,0171000,1,広島県,ヒロシマケン,Hiroshima,,,,福山市,フクヤマシ,Fukuyama-shi,,,,平成台,ヘイセイダイ,Heiseidai,,,,,,,,0,0,0,0,0,0,1,1,1947-04-17,,0,7210943,,,,,,,,,,,,,,,
342076,0171000,1,広島県,ヒロシマケン,Hiroshima,,,,福山市,フクヤマシ,Fukuyama-shi,,,,平成台,ヘイセイダイ,Heiseidai,,,,,,,,1,1,0,0,0,0,1,1,1947-04-17,,0,7210943,,,,,,,,,,,,,,,
342076,0172000,1,広島県,ヒロシマケン,Hiroshima,,,,福山市,フクヤマシ,Fukuyama-shi,,,,本郷町,ホンゴウチョウ,Hongocho,,,,,,,,0,0,0,0,0,0,1,1,1947-04-17,,0,7290252,,,,,,,,,,,,,,,
342076,0173001,2,広島県,ヒロシマケン,Hiroshima,,,,福山市,フクヤマシ,Fukuyama-shi,,,,本庄町中,ホンジョウチョウナカ,Honjochonaka,一丁目,１チョウメ,1,,,,,1,1,0,0,0,0,1,1,1947-04-17,,0,,,,,,,,,,,,,,,,
342076,0173002,2,広島県,ヒロシマケン,Hiroshima,,,,福山市,フクヤマシ,Fukuyama-shi,,,,本庄町中,ホンジョウチョウナカ,Honjochonaka,二丁目,２チョウメ,2,,,,,1,1,0,0,0,0,1,1,1947-04-17,,0,,,,,,,,,,,,,,,,
342076,0173003,2,広島県,ヒロシマケン,Hiroshima,,,,福山市,フクヤマシ,Fukuyama-shi,,,,本庄町中,ホンジョウチョウナカ,Honjochonaka,三丁目,３チョウメ,3,,,,,1,1,0,0,0,0,1,1,1947-04-17,,0,,,,,,,,,,,,,,,,
342076,0173004,2,広島県,ヒロシマケン,Hiroshima,,,,福山市,フクヤマシ,Fukuyama-shi,,,,本庄町中,ホンジョウチョウナカ,Honjochonaka,四丁目,４チョウメ,4,,,,,1,1,0,0,0,0,1,1,1947-04-17,,0,,,,,,,,,,,,,,,,
342076,0174000,1,広島県,ヒロシマケン,Hiroshima,,,,福山市,フクヤマシ,Fukuyama-shi,,,,本町,ホンマチ,Hommachi,,,,,,,,1,1,0,0,0,0,1,1,1947-04-17,,0,7200056,,,,,,,,,,,,,,,
342076,0175001,2,広島県,ヒロシマケン,Hiroshima,,,,福山市,フクヤマシ,Fukuyama-shi,,,,幕山台,マクヤマダイ,Makuyamadai,一丁目,１チョウメ,1,,,,,1,1,0,0,0,0,1,1,1947-04-17,,0,,,,,,,,,,,,,,,,
342076,0175002,2,広島県,ヒロシマケン,Hiroshima,,,,福山市,フクヤマシ,Fukuyama-shi,,,,幕山台,マクヤマダイ,Makuyamadai,二丁目,２チョウメ,2,,,,,1,1,0,0,0,0,1,1,1947-04-17,,0,,,,,,,,,,,,,,,,
342076,0175003,2,広島県,ヒロシマケン,Hiroshima,,,,福山市,フクヤマシ,Fukuyama-shi,,,,幕山台,マクヤマダイ,Makuyamadai,三丁目,３チョウメ,3,,,,,1,1,0,0,0,0,1,1,1947-04-17,,0,,,,,,,,,,,,,,,,
342076,0175004,2,広島県,ヒロシマケン,Hiroshima,,,,福山市,フクヤマシ,Fukuyama-shi,,,,幕山台,マクヤマダイ,Makuyamadai,四丁目,４チョウメ,4,,,,,1,1,0,0,0,0,1,1,1947-04-17,,0,,,,,,,,,,,,,,,,
342076,0175005,2,広島県,ヒロシマケン,Hiroshima,,,,福山市,フクヤマシ,Fukuyama-shi,,,,幕山台,マクヤマダイ,Makuyamadai,五丁目,５チョウメ,5,,,,,1,1,0,0,0,0,1,1,1947-04-17,,0,,,,,,,,,,,,,,,,
342076,0175006,2,広島県,ヒロシマケン,Hiroshima,,,,福山市,フクヤマシ,Fukuyama-shi,,,,幕山台,マクヤマダイ,Makuyamadai,六丁目,６チョウメ,6,,,,,1,1,0,0,0,0,1,1,1947-04-17,,0,,,,,,,,,,,,,,,,
342076,0175007,2,広島県,ヒロシマケン,Hiroshima,,,,福山市,フクヤマシ,Fukuyama-shi,,,,幕山台,マクヤマダイ,Makuyamadai,七丁目,７チョウメ,7,,,,,1,1,0,0,0,0,1,1,1947-04-17,,0,,,,,,,,,,,,,,,,
342076,0175008,2,広島県,ヒロシマケン,Hiroshima,,,,福山市,フクヤマシ,Fukuyama-shi,,,,幕山台,マクヤマダイ,Makuyamadai,八丁目,８チョウメ,8,,,,,1,1,0,0,0,0,1,1,1947-04-17,,0,,,,,,,,,,,,,,,,
342076,0177000,1,広島県,ヒロシマケン,Hiroshima,,,,福山市,フクヤマシ,Fukuyama-shi,,,,松永町,マツナガチョウ,Matsunagacho,,,,,,,,0,0,0,0,0,0,1,1,1947-04-17,,0,7290104,,,,,,,,,,,,,,,
342076,0177001,2,広島県,ヒロシマケン,Hiroshima,,,,福山市,フクヤマシ,Fukuyama-shi,,,,松永町,マツナガチョウ,Matsunagacho,一丁目,１チョウメ,1,,,,,0,0,0,0,0,0,1,1,1947-04-17,,0,,,,,,,,,,,,,,,,
342076,0177002,2,広島県,ヒロシマケン,Hiroshima,,,,福山市,フクヤマシ,Fukuyama-shi,,,,松永町,マツナガチョウ,Matsunagacho,二丁目,２チョウメ,2,,,,,1,1,0,0,0,0,1,1,1947-04-17,,0,,,,,,,,,,,,,,,,
342076,0177003,2,広島県,ヒロシマケン,Hiroshima,,,,福山市,フクヤマシ,Fukuyama-shi,,,,松永町,マツナガチョウ,Matsunagacho,三丁目,３チョウメ,3,,,,,1,1,0,0,0,0,1,1,1947-04-17,,0,,,,,,,,,,,,,,,,
342076,0177004,2,広島県,ヒロシマケン,Hiroshima,,,,福山市,フクヤマシ,Fukuyama-shi,,,,松永町,マツナガチョウ,Matsunagacho,四丁目,４チョウメ,4,,,,,1,1,0,0,0,0,1,1,1947-04-17,,0,,,,,,,,,,,,,,,,
342076,0177005,2,広島県,ヒロシマケン,Hiroshima,,,,福山市,フクヤマシ,Fukuyama-shi,,,,松永町,マツナガチョウ,Matsunagacho,五丁目,５チョウメ,5,,,,,1,1,0,0,0,0,1,1,1947-04-17,,0,,,,,,,,,,,,,,,,
342076,0177006,2,広島県,ヒロシマケン,Hiroshima,,,,福山市,フクヤマシ,Fukuyama-shi,,,,松永町,マツナガチョウ,Matsunagacho,六丁目,６チョウメ,6,,,,,1,1,0,0,0,0,1,1,1947-04-17,,0,,,,,,,,,,,,,,,,
342076,0177007,2,広島県,ヒロシマケン,Hiroshima,,,,福山市,フクヤマシ,Fukuyama-shi,,,,松永町,マツナガチョウ,Matsunagacho,七丁目,７チョウメ,7,,,,,1,1,0,0,0,0,1,1,1947-04-17,,0,,,,,,,,,,,,,,,,
342076,0178001,2,広島県,ヒロシマケン,Hiroshima,,,,福山市,フクヤマシ,Fukuyama-shi,,,,松浜町,マツハマチョウ,Matsuhamacho,一丁目,１チョウメ,1,,,,,1,1,0,0,0,0,1,1,1947-04-17,,0,,,,,,,,,,,,,,,,
342076,0178002,2,広島県,ヒロシマケン,Hiroshima,,,,福山市,フクヤマシ,Fukuyama-shi,,,,松浜町,マツハマチョウ,Matsuhamacho,二丁目,２チョウメ,2,,,,,1,1,0,0,0,0,1,1,1947-04-17,,0,,,,,,,,,,,,,,,,
342076,0178003,2,広島県,ヒロシマケン,Hiroshima,,,,福山市,フクヤマシ,Fukuyama-shi,,,,松浜町,マツハマチョウ,Matsuhamacho,三丁目,３チョウメ,3,,,,,1,1,0,0,0,0,1,1,1947-04-17,,0,,,,,,,,,,,,,,,,
342076,0178004,2,広島県,ヒロシマケン,Hiroshima,,,,福山市,フクヤマシ,Fukuyama-shi,,,,松浜町,マツハマチョウ,Matsuhamacho,四丁目,４チョウメ,4,,,,,1,1,0,0,0,0,1,1,1947-04-17,,0,,,,,,,,,,,,,,,,
342076,0179001,2,広島県,ヒロシマケン,Hiroshima,,,,福山市,フクヤマシ,Fukuyama-shi,,,,丸之内,マルノウチ,Marunochi,一丁目,１チョウメ,1,,,,,1,1,0,0,0,0,1,1,1947-04-17,,0,,,,,,,,,,,,,,,,
342076,0179002,2,広島県,ヒロシマケン,Hiroshima,,,,福山市,フクヤマシ,Fukuyama-shi,,,,丸之内,マルノウチ,Marunochi,二丁目,２チョウメ,2,,,,,1,1,0,0,0,0,1,1,1947-04-17,,0,,,,,,,,,,,,,,,,
342076,0180001,2,広島県,ヒロシマケン,Hiroshima,,,,福山市,フクヤマシ,Fukuyama-shi,,,,御門町,ミカドチョウ,Mikadocho,一丁目,１チョウメ,1,,,,,1,1,0,0,0,0,1,1,1947-04-17,,0,,,,,,,,,,,,,,,,
342076,0180002,2,広島県,ヒロシマケン,Hiroshima,,,,福山市,フクヤマシ,Fukuyama-shi,,,,御門町,ミカドチョウ,Mikadocho,二丁目,２チョウメ,2,,,,,1,1,0,0,0,0,1,1,1947-04-17,,0,,,,,,,,,,,,,,,,
342076,0180003,2,広島県,ヒロシマケン,Hiroshima,,,,福山市,フクヤマシ,Fukuyama-shi,,,,御門町,ミカドチョウ,Mikadocho,三丁目,３チョウメ,3,,,,,1,1,0,0,0,0,1,1,1947-04-17,,0,,,,,,,,,,,,,,,,
342076,0181000,1,広島県,ヒロシマケン,Hiroshima,,,,福山市,フクヤマシ,Fukuyama-shi,,,,緑町,ミドリマチ,Midorimachi,,,,,,,,1,1,0,0,0,0,1,1,1947-04-17,,0,7200804,,,,,,,,,,,,,,,
342076,0182001,2,広島県,ヒロシマケン,Hiroshima,,,,福山市,フクヤマシ,Fukuyama-shi,,,,港町,ミナトマチ,Minatomachi,一丁目,１チョウメ,1,,,,,1,1,0,0,0,0,1,1,1947-04-17,,0,,,,,,,,,,,,,,,,
342076,0182002,2,広島県,ヒロシマケン,Hiroshima,,,,福山市,フクヤマシ,Fukuyama-shi,,,,港町,ミナトマチ,Minatomachi,二丁目,２チョウメ,2,,,,,1,1,0,0,0,0,1,1,1947-04-17,,0,,,,,,,,,,,,,,,,
342076,0183000,1,広島県,ヒロシマケン,Hiroshima,,,,福山市,フクヤマシ,Fukuyama-shi,,,,南今津町,ミナミイマヅチョウ,Minamiimazucho,,,,,,,,0,0,0,0,0,0,1,1,1947-04-17,,0,7290115,,,,,,,,,,,,,,,
342076,0184001,2,広島県,ヒロシマケン,Hiroshima,,,,福山市,フクヤマシ,Fukuyama-shi,,,,南蔵王町,ミナミザオウチョウ,Minamizaocho,一丁目,１チョウメ,1,,,,,1,1,0,0,0,0,1,1,1947-04-17,,0,,,,,,,,,,,,,,,,
342076,0184002,2,広島県,ヒロシマケン,Hiroshima,,,,福山市,フクヤマシ,Fukuyama-shi,,,,南蔵王町,ミナミザオウチョウ,Minamizaocho,二丁目,２チョウメ,2,,,,,1,1,0,0,0,0,1,1,1947-04-17,,0,,,,,,,,,,,,,,,,
342076,0184003,2,広島県,ヒロシマケン,Hiroshima,,,,福山市,フクヤマシ,Fukuyama-shi,,,,南蔵王町,ミナミザオウチョウ,Minamizaocho,三丁目,３チョウメ,3,,,,,1,1,0,0,0,0,1,1,1947-04-17,,0,,,,,,,,,,,,,,,,
342076,0184004,2,広島県,ヒロシマケン,Hiroshima,,,,福山市,フクヤマシ,Fukuyama-shi,,,,南蔵王町,ミナミザオウチョウ,Minamizaocho,四丁目,４チョウメ,4,,,,,1,1,0,0,0,0,1,1,1947-04-17,,0,,,,,,,,,,,,,,,,
342076,0184005,2,広島県,ヒロシマケン,Hiroshima,,,,福山市,フクヤマシ,Fukuyama-shi,,,,南蔵王町,ミナミザオウチョウ,Minamizaocho,五丁目,５チョウメ,5,,,,,1,1,0,0,0,0,1,1,1947-04-17,,0,,,,,,,,,,,,,,,,
342076,0184006,2,広島県,ヒロシマケン,Hiroshima,,,,福山市,フクヤマシ,Fukuyama-shi,,,,南蔵王町,ミナミザオウチョウ,Minamizaocho,六丁目,６チョウメ,6,,,,,1,1,0,0,0,0,1,1,1947-04-17,,0,,,,,,,,,,,,,,,,
342076,0185001,2,広島県,ヒロシマケン,Hiroshima,,,,福山市,フクヤマシ,Fukuyama-shi,,,,南手城町,ミナミテシロチョウ,Minamiteshirocho,一丁目,１チョウメ,1,,,,,1,1,0,0,0,0,1,1,1947-04-17,,0,,,,,,,,,,,,,,,,
342076,0185002,2,広島県,ヒロシマケン,Hiroshima,,,,福山市,フクヤマシ,Fukuyama-shi,,,,南手城町,ミナミテシロチョウ,Minamiteshirocho,二丁目,２チョウメ,2,,,,,1,1,0,0,0,0,1,1,1947-04-17,,0,,,,,,,,,,,,,,,,
342076,0185003,2,広島県,ヒロシマケン,Hiroshima,,,,福山市,フクヤマシ,Fukuyama-shi,,,,南手城町,ミナミテシロチョウ,Minamiteshirocho,三丁目,３チョウメ,3,,,,,1,1,0,0,0,0,1,1,1947-04-17,,0,,,,,,,,,,,,,,,,
342076,0185004,2,広島県,ヒロシマケン,Hiroshima,,,,福山市,フクヤマシ,Fukuyama-shi,,,,南手城町,ミナミテシロチョウ,Minamiteshirocho,四丁目,４チョウメ,4,,,,,1,1,0,0,0,0,1,1,1947-04-17,,0,,,,,,,,,,,,,,,,
342076,0186001,2,広島県,ヒロシマケン,Hiroshima,,,,福山市,フクヤマシ,Fukuyama-shi,,,,南本庄,ミナミホンジョウ,Minamihonjo,一丁目,１チョウメ,1,,,,,1,1,0,0,0,0,1,1,1947-04-17,,0,,,,,,,,,,,,,,,,
342076,0186002,2,広島県,ヒロシマケン,Hiroshima,,,,福山市,フクヤマシ,Fukuyama-shi,,,,南本庄,ミナミホンジョウ,Minamihonjo,二丁目,２チョウメ,2,,,,,1,1,0,0,0,0,1,1,1947-04-17,,0,,,,,,,,,,,,,,,,
342076,0186003,2,広島県,ヒロシマケン,Hiroshima,,,,福山市,フクヤマシ,Fukuyama-shi,,,,南本庄,ミナミホンジョウ,Minamihonjo,三丁目,３チョウメ,3,,,,,1,1,0,0,0,0,1,1,1947-04-17,,0,,,,,,,,,,,,,,,,
342076,0186004,2,広島県,ヒロシマケン,Hiroshima,,,,福山市,フクヤマシ,Fukuyama-shi,,,,南本庄,ミナミホンジョウ,Minamihonjo,四丁目,４チョウメ,4,,,,,1,1,0,0,0,0,1,1,1947-04-17,,0,,,,,,,,,,,,,,,,
342076,0186005,2,広島県,ヒロシマケン,Hiroshima,,,,福山市,フクヤマシ,Fukuyama-shi,,,,南本庄,ミナミホンジョウ,Minamihonjo,五丁目,５チョウメ,5,,,,,1,1,0,0,0,0,1,1,1947-04-17,,0,,,,,,,,,,,,,,,,
342076,0187000,1,広島県,ヒロシマケン,Hiroshima,,,,福山市,フクヤマシ,Fukuyama-shi,,,,南町,ミナミマチ,Minamimachi,,,,,,,,1,1,0,0,0,0,1,1,1947-04-17,,0,7200806,,,,,,,,,,,,,,,
342076,0188001,2,広島県,ヒロシマケン,Hiroshima,,,,福山市,フクヤマシ,Fukuyama-shi,,,,南松永町,ミナミマツナガチョウ,Minamimatsunagacho,一丁目,１チョウメ,1,,,,,1,1,0,0,0,0,1,1,1947-04-17,,0,,,,,,,,,,,,,,,,
342076,0188002,2,広島県,ヒロシマケン,Hiroshima,,,,福山市,フクヤマシ,Fukuyama-shi,,,,南松永町,ミナミマツナガチョウ,Minamimatsunagacho,二丁目,２チョウメ,2,,,,,1,1,0,0,0,0,1,1,1947-04-17,,0,,,,,,,,,,,,,,,,
342076,0188003,2,広島県,ヒロシマケン,Hiroshima,,,,福山市,フクヤマシ,Fukuyama-shi,,,,南松永町,ミナミマツナガチョウ,Minamimatsunagacho,三丁目,３チョウメ,3,,,,,1,1,0,0,0,0,1,1,1947-04-17,,0,,,,,,,,,,,,,,,,
342076,0188004,2,広島県,ヒロシマケン,Hiroshima,,,,福山市,フクヤマシ,Fukuyama-shi,,,,南松永町,ミナミマツナガチョウ,Minamimatsunagacho,四丁目,４チョウメ,4,,,,,1,1,0,0,0,0,1,1,1947-04-17,,0,,,,,,,,,,,,,,,,
342076,0189000,1,広島県,ヒロシマケン,Hiroshima,,,,福山市,フクヤマシ,Fukuyama-shi,,,,箕沖町,ミノオキチョウ,Minokicho,,,,,,,,0,0,0,0,0,0,1,1,1947-04-17,,0,7210956,,,,,,,,,,,,,,,
342076,0190000,1,広島県,ヒロシマケン,Hiroshima,,,,福山市,フクヤマシ,Fukuyama-shi,,,,箕島町,ミノシマチョウ,Minoshimacho,,,,,,,,0,0,0,0,0,0,1,1,1947-04-17,,0,7210957,,,,,,,,,,,,,,,
342076,0191000,1,広島県,ヒロシマケン,Hiroshima,,,,福山市,フクヤマシ,Fukuyama-shi,,,,水呑町,ミノミチョウ,Minomicho,,,,,,,,0,0,0,0,0,0,1,1,1947-04-17,,0,7200832,,,,,,,,,,,,,,,
342076,0192000,1,広島県,ヒロシマケン,Hiroshima,,,,福山市,フクヤマシ,Fukuyama-shi,,,,水呑向丘,ミノミムカイガオカ,Minomimukaigaoka,,,,,,,,0,0,0,0,0,0,1,1,1947-04-17,,0,7200833,,,,,,,,,,,,,,,
342076,0193001,2,広島県,ヒロシマケン,Hiroshima,,,,福山市,フクヤマシ,Fukuyama-shi,,,,御船町,ミフネチョウ,Mifunecho,一丁目,１チョウメ,1,,,,,1,1,0,0,0,0,1,1,1947-04-17,,0,,,,,,,,,,,,,,,,
342076,0193002,2,広島県,ヒロシマケン,Hiroshima,,,,福山市,フクヤマシ,Fukuyama-shi,,,,御船町,ミフネチョウ,Mifunecho,二丁目,２チョウメ,2,,,,,1,1,0,0,0,0,1,1,1947-04-17,,0,,,,,,,,,,,,,,,,
342076,0194001,2,広島県,ヒロシマケン,Hiroshima,,,,福山市,フクヤマシ,Fukuyama-shi,,,,宮前町,ミヤマエチョウ,Miyamaecho,一丁目,１チョウメ,1,,,,,1,1,0,0,0,0,1,1,1947-04-17,,0,,,,,,,,,,,,,,,,
342076,0194002,2,広島県,ヒロシマケン,Hiroshima,,,,福山市,フクヤマシ,Fukuyama-shi,,,,宮前町,ミヤマエチョウ,Miyamaecho,二丁目,２チョウメ,2,,,,,1,1,0,0,0,0,1,1,1947-04-17,,0,,,,,,,,,,,,,,,,
342076,0195000,1,広島県,ヒロシマケン,Hiroshima,,,,福山市,フクヤマシ,Fukuyama-shi,,,,御幸町大字上岩成,ミユキチョウオオアザカミイワナリ,,,,,,,,,0,0,0,0,0,0,1,1,1947-04-17,,0,,,,,,,,,,,,,,,,
342076,0196000,1,広島県,ヒロシマケン,Hiroshima,,,,福山市,フクヤマシ,Fukuyama-shi,,,,御幸町大字下岩成,ミユキチョウオオアザシモイワナリ,,,,,,,,,0,0,0,0,0,0,1,1,1947-04-17,,0,,,,,,,,,,,,,,,,
342076,0197000,1,広島県,ヒロシマケン,Hiroshima,,,,福山市,フクヤマシ,Fukuyama-shi,,,,御幸町大字中津原,ミユキチョウオオアザナカツハラ,,,,,,,,,0,0,0,0,0,0,1,1,1947-04-17,,0,,,,,,,,,,,,,,,,
342076,0198000,1,広島県,ヒロシマケン,Hiroshima,,,,福山市,フクヤマシ,Fukuyama-shi,,,,御幸町大字森脇,ミユキチョウオオアザモリワケ,,,,,,,,,0,0,0,0,0,0,1,1,1947-04-17,,0,,,,,,,,,,,,,,,,
342076,0199001,2,広島県,ヒロシマケン,Hiroshima,,,,福山市,フクヤマシ,Fukuyama-shi,,,,明王台,ミョウオウダイ,Myoodai,一丁目,１チョウメ,1,,,,,0,0,0,0,0,0,1,1,1947-04-17,,0,,,,,,,,,,,,,,,,
342076,0199001,2,広島県,ヒロシマケン,Hiroshima,,,,福山市,フクヤマシ,Fukuyama-shi,,,,明王台,ミョウオウダイ,Myoodai,一丁目,１チョウメ,1,,,,,1,1,0,0,0,0,1,1,1947-04-17,,0,,,,,,,,,,,,,,,,
342076,0199002,2,広島県,ヒロシマケン,Hiroshima,,,,福山市,フクヤマシ,Fukuyama-shi,,,,明王台,ミョウオウダイ,Myoodai,二丁目,２チョウメ,2,,,,,1,1,0,0,0,0,1,1,1947-04-17,,0,,,,,,,,,,,,,,,,
342076,0199003,2,広島県,ヒロシマケン,Hiroshima,,,,福山市,フクヤマシ,Fukuyama-shi,,,,明王台,ミョウオウダイ,Myoodai,三丁目,３チョウメ,3,,,,,1,1,0,0,0,0,1,1,1947-04-17,,0,,,,,,,,,,,,,,,,
342076,0199004,2,広島県,ヒロシマケン,Hiroshima,,,,福山市,フクヤマシ,Fukuyama-shi,,,,明王台,ミョウオウダイ,Myoodai,四丁目,４チョウメ,4,,,,,1,1,0,0,0,0,1,1,1947-04-17,,0,,,,,,,,,,,,,,,,
342076,0199005,2,広島県,ヒロシマケン,Hiroshima,,,,福山市,フクヤマシ,Fukuyama-shi,,,,明王台,ミョウオウダイ,Myoodai,五丁目,５チョウメ,5,,,,,1,1,0,0,0,0,1,1,1947-04-17,,0,,,,,,,,,,,,,,,,
342076,0200001,2,広島県,ヒロシマケン,Hiroshima,,,,福山市,フクヤマシ,Fukuyama-shi,,,,明神町,ミョウジンチョウ,Myojincho,一丁目,１チョウメ,1,,,,,1,1,0,0,0,0,1,1,1947-04-17,,0,,,,,,,,,,,,,,,,
342076,0200002,2,広島県,ヒロシマケン,Hiroshima,,,,福山市,フクヤマシ,Fukuyama-shi,,,,明神町,ミョウジンチョウ,Myojincho,二丁目,２チョウメ,2,,,,,1,1,0,0,0,0,1,1,1947-04-17,,0,,,,,,,,,,,,,,,,
342076,0201001,2,広島県,ヒロシマケン,Hiroshima,,,,福山市,フクヤマシ,Fukuyama-shi,,,,三吉町,ミヨシチョウ,Miyoshicho,一丁目,１チョウメ,1,,,,,1,1,0,0,0,0,1,1,1947-04-17,,0,,,,,,,,,,,,,,,,
342076,0201002,2,広島県,ヒロシマケン,Hiroshima,,,,福山市,フクヤマシ,Fukuyama-shi,,,,三吉町,ミヨシチョウ,Miyoshicho,二丁目,２チョウメ,2,,,,,1,1,0,0,0,0,1,1,1947-04-17,,0,,,,,,,,,,,,,,,,
342076,0201003,2,広島県,ヒロシマケン,Hiroshima,,,,福山市,フクヤマシ,Fukuyama-shi,,,,三吉町,ミヨシチョウ,Miyoshicho,三丁目,３チョウメ,3,,,,,1,1,0,0,0,0,1,1,1947-04-17,,0,,,,,,,,,,,,,,,,
342076,0201004,2,広島県,ヒロシマケン,Hiroshima,,,,福山市,フクヤマシ,Fukuyama-shi,,,,三吉町,ミヨシチョウ,Miyoshicho,四丁目,４チョウメ,4,,,,,1,1,0,0,0,0,1,1,1947-04-17,,0,,,,,,,,,,,,,,,,
342076,0201005,2,広島県,ヒロシマケン,Hiroshima,,,,福山市,フクヤマシ,Fukuyama-shi,,,,三吉町,ミヨシチョウ,Miyoshicho,五丁目,５チョウメ,5,,,,,1,1,0,0,0,0,1,1,1947-04-17,,0,,,,,,,,,,,,,,,,
342076,0202001,2,広島県,ヒロシマケン,Hiroshima,,,,福山市,フクヤマシ,Fukuyama-shi,,,,三吉町南,ミヨシチョウミナミ,Miyoshichominami,一丁目,１チョウメ,1,,,,,1,1,0,0,0,0,1,1,1947-04-17,,0,,,,,,,,,,,,,,,,
342076,0202002,2,広島県,ヒロシマケン,Hiroshima,,,,福山市,フクヤマシ,Fukuyama-shi,,,,三吉町南,ミヨシチョウミナミ,Miyoshichominami,二丁目,２チョウメ,2,,,,,1,1,0,0,0,0,1,1,1947-04-17,,0,,,,,,,,,,,,,,,,
342076,0203000,1,広島県,ヒロシマケン,Hiroshima,,,,福山市,フクヤマシ,Fukuyama-shi,,,,明治町,メイジチョウ,Meijicho,,,,,,,,1,1,0,0,0,0,1,1,1947-04-17,,0,7200807,,,,,,,,,,,,,,,
342076,0204000,1,広島県,ヒロシマケン,Hiroshima,,,,福山市,フクヤマシ,Fukuyama-shi,,,,元町,モトマチ,Motomachi,,,,,,,,1,1,0,0,0,0,1,1,1947-04-17,,0,7200063,,,,,,,,,,,,,,,
342076,0205000,1,広島県,ヒロシマケン,Hiroshima,,,,福山市,フクヤマシ,Fukuyama-shi,,,,紅葉町,モミジチョウ,Momijicho,,,,,,,,1,1,0,0,0,0,1,1,1947-04-17,,0,7200811,,,,,,,,,,,,,,,
342076,0206000,1,広島県,ヒロシマケン,Hiroshima,,,,福山市,フクヤマシ,Fukuyama-shi,,,,柳津町,ヤナイヅチョウ,Yanaizucho,,,,,,,,0,0,0,0,0,0,1,1,1947-04-17,,0,7290114,,,,,,,,,,,,,,,
342076,0206001,2,広島県,ヒロシマケン,Hiroshima,,,,福山市,フクヤマシ,Fukuyama-shi,,,,柳津町,ヤナイヅチョウ,Yanaizucho,一丁目,１チョウメ,1,,,,,1,1,0,0,0,0,1,1,1947-04-17,,0,,,,,,,,,,,,,,,,
342076,0206002,2,広島県,ヒロシマケン,Hiroshima,,,,福山市,フクヤマシ,Fukuyama-shi,,,,柳津町,ヤナイヅチョウ,Yanaizucho,二丁目,２チョウメ,2,,,,,1,1,0,0,0,0,1,1,1947-04-17,,0,,,,,,,,,,,,,,,,
342076,0206003,2,広島県,ヒロシマケン,Hiroshima,,,,福山市,フクヤマシ,Fukuyama-shi,,,,柳津町,ヤナイヅチョウ,Yanaizucho,三丁目,３チョウメ,3,,,,,1,1,0,0,0,0,1,1,1947-04-17,,0,,,,,,,,,,,,,,,,
342076,0206004,2,広島県,ヒロシマケン,Hiroshima,,,,福山市,フクヤマシ,Fukuyama-shi,,,,柳津町,ヤナイヅチョウ,Yanaizucho,四丁目,４チョウメ,4,,,,,1,1,0,0,0,0,1,1,1947-04-17,,0,,,,,,,,,,,,,,,,
342076,0206005,2,広島県,ヒロシマケン,Hiroshima,,,,福山市,フクヤマシ,Fukuyama-shi,,,,柳津町,ヤナイヅチョウ,Yanaizucho,五丁目,５チョウメ,5,,,,,1,1,0,0,0,0,1,1,1947-04-17,,0,,,,,,,,,,,,,,,,
342076,0209000,1,広島県,ヒロシマケン,Hiroshima,,,,福山市,フクヤマシ,Fukuyama-shi,,,,山手町,ヤマテチョウ,Yamatecho,,,,,,,,0,0,0,0,0,0,1,1,1947-04-17,,0,7200092,,,,,,,,,,,,,,,
342076,0209001,2,広島県,ヒロシマケン,Hiroshima,,,,福山市,フクヤマシ,Fukuyama-shi,,,,山手町,ヤマテチョウ,Yamatecho,一丁目,１チョウメ,1,,,,,1,1,0,0,0,0,1,1,1947-04-17,,0,,,,,,,,,,,,,,,,
342076,0209002,2,広島県,ヒロシマケン,Hiroshima,,,,福山市,フクヤマシ,Fukuyama-shi,,,,山手町,ヤマテチョウ,Yamatecho,二丁目,２チョウメ,2,,,,,1,1,0,0,0,0,1,1,1947-04-17,,0,,,,,,,,,,,,,,,,
342076,0209003,2,広島県,ヒロシマケン,Hiroshima,,,,福山市,フクヤマシ,Fukuyama-shi,,,,山手町,ヤマテチョウ,Yamatecho,三丁目,３チョウメ,3,,,,,1,1,0,0,0,0,1,1,1947-04-17,,0,,,,,,,,,,,,,,,,
342076,0209004,2,広島県,ヒロシマケン,Hiroshima,,,,福山市,フクヤマシ,Fukuyama-shi,,,,山手町,ヤマテチョウ,Yamatecho,四丁目,４チョウメ,4,,,,,1,1,0,0,0,0,1,1,1947-04-17,,0,,,,,,,,,,,,,,,,
342076,0209005,2,広島県,ヒロシマケン,Hiroshima,,,,福山市,フクヤマシ,Fukuyama-shi,,,,山手町,ヤマテチョウ,Yamatecho,五丁目,５チョウメ,5,,,,,1,1,0,0,0,0,1,1,1947-04-17,,0,,,,,,,,,,,,,,,,
342076,0209006,2,広島県,ヒロシマケン,Hiroshima,,,,福山市,フクヤマシ,Fukuyama-shi,,,,山手町,ヤマテチョウ,Yamatecho,六丁目,６チョウメ,6,,,,,1,1,0,0,0,0,1,1,1947-04-17,,0,,,,,,,,,,,,,,,,
342076,0209007,2,広島県,ヒロシマケン,Hiroshima,,,,福山市,フクヤマシ,Fukuyama-shi,,,,山手町,ヤマテチョウ,Yamatecho,七丁目,７チョウメ,7,,,,,1,1,0,0,0,0,1,1,1947-04-17,,0,,,,,,,,,,,,,,,,
342076,0210000,1,広島県,ヒロシマケン,Hiroshima,,,,福山市,フクヤマシ,Fukuyama-shi,,,,山野町大字矢川,ヤマノチョウオオアザヤカワ,,,,,,,,,0,0,0,0,0,0,1,1,1947-04-17,,0,,,,,,,,,,,,,,,,
342076,0211000,1,広島県,ヒロシマケン,Hiroshima,,,,福山市,フクヤマシ,Fukuyama-shi,,,,山野町大字山野,ヤマノチョウオオアザヤマノ,,,,,,,,,0,0,0,0,0,0,1,1,1947-04-17,,0,,,,,,,,,,,,,,,,
342076,0213000,1,広島県,ヒロシマケン,Hiroshima,,,,福山市,フクヤマシ,Fukuyama-shi,,,,横尾町,ヨコオチョウ,Yokocho,,,,,,,,0,0,0,0,0,0,1,1,1947-04-17,,0,7200011,,,,,,,,,,,,,,,
342076,0213001,2,広島県,ヒロシマケン,Hiroshima,,,,福山市,フクヤマシ,Fukuyama-shi,,,,横尾町,ヨコオチョウ,Yokocho,一丁目,１チョウメ,1,,,,,1,1,0,0,0,0,1,1,1947-04-17,,0,,,,,,,,,,,,,,,,
342076,0213002,2,広島県,ヒロシマケン,Hiroshima,,,,福山市,フクヤマシ,Fukuyama-shi,,,,横尾町,ヨコオチョウ,Yokocho,二丁目,２チョウメ,2,,,,,1,1,0,0,0,0,1,1,1947-04-17,,0,,,,,,,,,,,,,,,,
342076,0214000,1,広島県,ヒロシマケン,Hiroshima,,,,福山市,フクヤマシ,Fukuyama-shi,,,,吉津町,ヨシヅマチ,Yoshizucho,,,,,,,,1,1,0,0,0,0,1,1,1947-04-17,,0,7200072,,,,,,,,,,,,,,,
342076,0215001,2,広島県,ヒロシマケン,Hiroshima,,,,福山市,フクヤマシ,Fukuyama-shi,,,,緑陽町,リョクヨウチョウ,Ryokuyocho,一丁目,１チョウメ,1,,,,,1,1,0,0,0,0,1,1,1947-04-17,,0,,,,,,,,,,,,,,,,
342076,0215002,2,広島県,ヒロシマケン,Hiroshima,,,,福山市,フクヤマシ,Fukuyama-shi,,,,緑陽町,リョクヨウチョウ,Ryokuyocho,二丁目,２チョウメ,2,,,,,1,1,0,0,0,0,1,1,1947-04-17,,0,,,,,,,,,,,,,,,,
342076,0216000,1,広島県,ヒロシマケン,Hiroshima,,,,福山市,フクヤマシ,Fukuyama-shi,,,,若松町,ワカマツチョウ,Wakamatsucho,,,,,,,,1,1,0,0,0,0,1,1,1947-04-17,,0,7200034,,,,,,,,,,,,,,,
342076,0217000,1,広島県,ヒロシマケン,Hiroshima,,,,福山市,フクヤマシ,Fukuyama-shi,,,,加茂町字芦原,カモチョウアザアシハラ,,,,,,,,,0,0,0,0,0,0,1,1,1947-04-17,,0,,,,,,,,,,,,,,,,
342076,0218000,1,広島県,ヒロシマケン,Hiroshima,,,,福山市,フクヤマシ,Fukuyama-shi,,,,神辺町字下御領,カンナベチョウアザシモゴリョウ,,,,,,,,,0,0,0,0,0,0,1,0,1947-04-17,,0,,,,,,,,,,,,,,,,
342076,0219000,1,広島県,ヒロシマケン,Hiroshima,,,,福山市,フクヤマシ,Fukuyama-shi,,,,神辺町字三谷,カンナベチョウアザミタニ,,,,,,,,,0,0,0,0,0,0,1,0,1947-04-17,,0,,,,,,,,,,,,,,,,
342076,0220000,1,広島県,ヒロシマケン,Hiroshima,,,,福山市,フクヤマシ,Fukuyama-shi,,,,神辺町字十九軒屋,カンナベチョウアザジュウクケンヤ,,,,,,,,,0,0,0,0,0,0,1,0,1947-04-17,,0,,,,,,,,,,,,,,,,
342076,0221000,1,広島県,ヒロシマケン,Hiroshima,,,,福山市,フクヤマシ,Fukuyama-shi,,,,神辺町字十三軒屋,カンナベチョウアザジュウサンゲンヤ,,,,,,,,,0,0,0,0,0,0,1,0,1947-04-17,,0,,,,,,,,,,,,,,,,
342076,0222000,1,広島県,ヒロシマケン,Hiroshima,,,,福山市,フクヤマシ,Fukuyama-shi,,,,神辺町字上御領,カンナベチョウアザカミゴリョウ,,,,,,,,,0,0,0,0,0,0,1,0,1947-04-17,,0,,,,,,,,,,,,,,,,
342076,0223000,1,広島県,ヒロシマケン,Hiroshima,,,,福山市,フクヤマシ,Fukuyama-shi,,,,神辺町字西中条,カンナベチョウアザニシチュウジョウ,,,,,,,,,0,0,0,0,0,0,1,0,1947-04-17,,0,,,,,,,,,,,,,,,,
342076,0224000,1,広島県,ヒロシマケン,Hiroshima,,,,福山市,フクヤマシ,Fukuyama-shi,,,,神辺町字東中条,カンナベチョウアザヒガシチュウジョウ,,,,,,,,,0,0,0,0,0,0,1,0,1947-04-17,,0,,,,,,,,,,,,,,,,
342076,0225000,1,広島県,ヒロシマケン,Hiroshima,,,,福山市,フクヤマシ,Fukuyama-shi,,,,神辺町字湯野,カンナベチョウアザユノ,,,,,,,,,0,0,0,0,0,0,1,0,1947-04-17,,0,,,,,,,,,,,,,,,,
342076,0226000,1,広島県,ヒロシマケン,Hiroshima,,,,福山市,フクヤマシ,Fukuyama-shi,,,,神辺町字道上,カンナベチョウアザミチノウエ,,,,,,,,,0,0,0,0,0,0,1,0,1947-04-17,,0,,,,,,,,,,,,,,,,
342076,0227000,1,広島県,ヒロシマケン,Hiroshima,,,,福山市,フクヤマシ,Fukuyama-shi,,,,神辺町字徳田,カンナベチョウアザトクダ,,,,,,,,,0,0,0,0,0,0,1,0,1947-04-17,,0,,,,,,,,,,,,,,,,
342076,0228000,1,広島県,ヒロシマケン,Hiroshima,,,,福山市,フクヤマシ,Fukuyama-shi,,,,神辺町字箱田,カンナベチョウアザハコダ,,,,,,,,,0,0,0,0,0,0,1,0,1947-04-17,,0,,,,,,,,,,,,,,,,
342076,0229000,1,広島県,ヒロシマケン,Hiroshima,,,,福山市,フクヤマシ,Fukuyama-shi,,,,神辺町字平野,カンナベチョウアザヒラノ,,,,,,,,,0,0,0,0,0,0,1,0,1947-04-17,,0,,,,,,,,,,,,,,,,
342076,0231000,1,広島県,ヒロシマケン,Hiroshima,,,,福山市,フクヤマシ,Fukuyama-shi,,,,加茂町大字八軒屋,カモチョウオオアザハチケンヤ,,,,,,,,,0,0,0,0,0,0,1,1,1947-04-17,,0,,,,,,,,,,,,,,,,
342076,0232000,1,広島県,ヒロシマケン,Hiroshima,,,,福山市,フクヤマシ,Fukuyama-shi,,,,春日町大字宇山,カスガチヨウオオアザウヤマ,,,,,,,,,0,0,0,0,0,0,1,1,1947-04-17,,0,,,,,,,,,,,,,,,,
342076,0233000,1,広島県,ヒロシマケン,Hiroshima,,,,福山市,フクヤマシ,Fukuyama-shi,,,,春日町大字浦上,カスガチヨウオオアザウラカミ,,,,,,,,,0,0,0,0,0,0,1,1,1947-04-17,,0,,,,,,,,,,,,,,,,
342076,0234000,1,広島県,ヒロシマケン,Hiroshima,,,,福山市,フクヤマシ,Fukuyama-shi,,,,春日町大字吉田,カスガチヨウオオアザヨシダ,,,,,,,,,0,0,0,0,0,0,1,1,1947-04-17,,0,,,,,,,,,,,,,,,,
342076,0235000,1,広島県,ヒロシマケン,Hiroshima,,,,福山市,フクヤマシ,Fukuyama-shi,,,,春日町大字能島,カスガチヨウオオアザノウジマ,,,,,,,,,0,0,0,0,0,0,1,1,1947-04-17,,0,,,,,,,,,,,,,,,,
342076,0236000,1,広島県,ヒロシマケン,Hiroshima,,,,福山市,フクヤマシ,Fukuyama-shi,,,,神辺町大字下御領,カンナベチヨウオオアザシモゴリヨウ,,,,,,,,,0,0,0,0,0,0,1,1,1947-04-17,,0,,,,,,,,,,,,,,,,
342076,0237000,1,広島県,ヒロシマケン,Hiroshima,,,,福山市,フクヤマシ,Fukuyama-shi,,,,神辺町大字三谷,カンナベチヨウオオアザミタニ,,,,,,,,,0,0,0,0,0,0,1,1,1947-04-17,,0,,,,,,,,,,,,,,,,
342076,0238000,1,広島県,ヒロシマケン,Hiroshima,,,,福山市,フクヤマシ,Fukuyama-shi,,,,神辺町大字十九軒屋,カンナベチヨウオオアザジユウクケンヤ,,,,,,,,,0,0,0,0,0,0,1,1,1947-04-17,,0,,,,,,,,,,,,,,,,
342076,0239000,1,広島県,ヒロシマケン,Hiroshima,,,,福山市,フクヤマシ,Fukuyama-shi,,,,神辺町大字十三軒屋,カンナベチヨウオオアザジユウサンゲンヤ,,,,,,,,,0,0,0,0,0,0,1,1,1947-04-17,,0,,,,,,,,,,,,,,,,
342076,0240000,1,広島県,ヒロシマケン,Hiroshima,,,,福山市,フクヤマシ,Fukuyama-shi,,,,神辺町大字上御領,カンナベチヨウオオアザカミゴリヨウ,,,,,,,,,0,0,0,0,0,0,1,1,1947-04-17,,0,,,,,,,,,,,,,,,,
342076,0241000,1,広島県,ヒロシマケン,Hiroshima,,,,福山市,フクヤマシ,Fukuyama-shi,,,,神辺町大字西中条,カンナベチヨウオオアザニシチユウジヨウ,,,,,,,,,0,0,0,0,0,0,1,1,1947-04-17,,0,,,,,,,,,,,,,,,,
342076,0242000,1,広島県,ヒロシマケン,Hiroshima,,,,福山市,フクヤマシ,Fukuyama-shi,,,,神辺町大字東中条,カンナベチヨウオオアザヒガシチユウジヨウ,,,,,,,,,0,0,0,0,0,0,1,1,1947-04-17,,0,,,,,,,,,,,,,,,,
342076,0243000,1,広島県,ヒロシマケン,Hiroshima,,,,福山市,フクヤマシ,Fukuyama-shi,,,,神辺町大字湯野,カンナベチヨウオオアザユノ,,,,,,,,,0,0,0,0,0,0,1,1,1947-04-17,,0,,,,,,,,,,,,,,,,
342076,0244000,1,広島県,ヒロシマケン,Hiroshima,,,,福山市,フクヤマシ,Fukuyama-shi,,,,神辺町大字道上,カンナベチヨウオオアザミチノウエ,,,,,,,,,0,0,0,0,0,0,1,1,1947-04-17,,0,,,,,,,,,,,,,,,,
342076,0245000,1,広島県,ヒロシマケン,Hiroshima,,,,福山市,フクヤマシ,Fukuyama-shi,,,,神辺町大字徳田,カンナベチヨウオオアザトクダ,,,,,,,,,0,0,0,0,0,0,1,1,1947-04-17,,0,,,,,,,,,,,,,,,,
342076,0246000,1,広島県,ヒロシマケン,Hiroshima,,,,福山市,フクヤマシ,Fukuyama-shi,,,,神辺町大字箱田,カンナベチヨウオオアザハコダ,,,,,,,,,0,0,0,0,0,0,1,1,1947-04-17,,0,,,,,,,,,,,,,,,,
342076,0247000,1,広島県,ヒロシマケン,Hiroshima,,,,福山市,フクヤマシ,Fukuyama-shi,,,,神辺町大字平野,カンナベチヨウオオアザヒラノ,,,,,,,,,0,0,0,0,0,0,1,1,1947-04-17,,0,,,,,,,,,,,,,,,,
342076,0249000,1,広島県,ヒロシマケン,Hiroshima,,,,福山市,フクヤマシ,Fukuyama-shi,,,,加茂町字粟根,カモチョウアザアワネ,,,,,,,,,0,0,0,0,0,0,1,1,1947-04-17,,0,,,,,,,,,,,,,,,,
342076,0250000,1,広島県,ヒロシマケン,Hiroshima,,,,福山市,フクヤマシ,Fukuyama-shi,,,,加茂町字上加茂,カモチョウアザカミガモ,,,,,,,,,0,0,0,0,0,0,1,1,1947-04-17,,0,,,,,,,,,,,,,,,,
342076,0251000,1,広島県,ヒロシマケン,Hiroshima,,,,福山市,フクヤマシ,Fukuyama-shi,,,,加茂町字中野,カモチョウアザナカノ,,,,,,,,,0,0,0,0,0,0,1,1,1947-04-17,,0,,,,,,,,,,,,,,,,
342076,0251001,2,広島県,ヒロシマケン,Hiroshima,,,,福山市,フクヤマシ,Fukuyama-shi,,,,加茂町字中野,カモチョウアザナカノ,,一丁目,１チョウメ,1,,,,,0,0,0,0,0,0,1,1,1947-04-17,,0,,,,,,,,,,,,,,,,
342076,0251002,2,広島県,ヒロシマケン,Hiroshima,,,,福山市,フクヤマシ,Fukuyama-shi,,,,加茂町字中野,カモチョウアザナカノ,,二丁目,２チョウメ,2,,,,,0,0,0,0,0,0,1,1,1947-04-17,,0,,,,,,,,,,,,,,,,
342076,0251003,2,広島県,ヒロシマケン,Hiroshima,,,,福山市,フクヤマシ,Fukuyama-shi,,,,加茂町字中野,カモチョウアザナカノ,,三丁目,３チョウメ,3,,,,,0,0,0,0,0,0,1,1,1947-04-17,,0,,,,,,,,,,,,,,,,
342076,0252000,1,広島県,ヒロシマケン,Hiroshima,,,,福山市,フクヤマシ,Fukuyama-shi,,,,加茂町字八軒屋,カモチョウアザハチケンヤ,,,,,,,,,0,0,0,0,0,0,1,1,1947-04-17,,0,,,,,,,,,,,,,,,,
342076,0253000,1,広島県,ヒロシマケン,Hiroshima,,,,福山市,フクヤマシ,Fukuyama-shi,,,,加茂町字百谷,カモチョウアザモモダニ,,,,,,,,,0,0,0,0,0,0,1,1,1947-04-17,,0,,,,,,,,,,,,,,,,
342076,0254000,1,広島県,ヒロシマケン,Hiroshima,,,,福山市,フクヤマシ,Fukuyama-shi,,,,加茂町字北山,カモチョウアザキタヤマ,,,,,,,,,0,0,0,0,0,0,1,1,1947-04-17,,0,,,,,,,,,,,,,,,,
342076,0255000,1,広島県,ヒロシマケン,Hiroshima,,,,福山市,フクヤマシ,Fukuyama-shi,,,,西神島町,ニシカシマチヨウ,,,,,,,,,0,0,1,0,0,0,2,1,1947-04-17,,0,,,,,,,,,,,,,,,,
342076,0256000,1,広島県,ヒロシマケン,Hiroshima,,,,福山市,フクヤマシ,Fukuyama-shi,,,,千田町字坂田北,センダチョウアザサカタキタ,,,,,,,,,0,0,0,0,0,0,1,1,1947-04-17,,0,,,,,,,,,,,,,,,,
342076,0257000,1,広島県,ヒロシマケン,Hiroshima,,,,福山市,フクヤマシ,Fukuyama-shi,,,,大門町大字大門,ダイモンチヨウオオアザダイモン,,,,,,,,,0,0,1,0,0,0,2,1,1947-04-17,,0,,,,,,,,,,,,,,,,
342076,0258000,1,広島県,ヒロシマケン,Hiroshima,,,,福山市,フクヤマシ,Fukuyama-shi,,,,鞆町鞆,トモチョウトモ,Tomocho Tomo,,,,,,,,0,0,0,0,0,0,1,1,1947-04-17,,0,7200201,,,,,,,,,,,,,,,
342076,0259000,1,広島県,ヒロシマケン,Hiroshima,,,,福山市,フクヤマシ,Fukuyama-shi,,,,大門町大字津之下,ダイモンチヨウオオアザツノシタ,,,,,,,,,0,0,0,0,0,0,1,1,1947-04-17,,0,,,,,,,,,,,,,,,,
342076,0260000,1,広島県,ヒロシマケン,Hiroshima,,,,福山市,フクヤマシ,Fukuyama-shi,,,,大門町大字野々浜,ダイモンチヨウオオアザノノハマ,,,,,,,,,0,0,0,0,0,0,1,1,1947-04-17,,0,,,,,,,,,,,,,,,,
342076,0261001,2,広島県,ヒロシマケン,Hiroshima,,,,福山市,フクヤマシ,Fukuyama-shi,,,,水呑町三新田,ミノミチョウサンシンデン,,一丁目,１チョウメ,1,,,,,0,0,0,0,0,0,1,1,2022-11-21,,0,,,,,,,,,,,,,,,,
342076,0261002,2,広島県,ヒロシマケン,Hiroshima,,,,福山市,フクヤマシ,Fukuyama-shi,,,,水呑町三新田,ミノミチョウサンシンデン,,二丁目,２チョウメ,2,,,,,0,0,0,0,0,0,1,1,2022-11-21,,0,,,,,,,,,,,,,,,,
342076,0262000,1,広島県,ヒロシマケン,Hiroshima,,,,福山市,フクヤマシ,Fukuyama-shi,,,,北匠町,ホクシヨウチヨウ,,,,,,,,,0,0,0,0,0,0,1,1,2023-04-01,,0,,,,,,,,,,,,,,,,
342076,0290000,1,広島県,ヒロシマケン,Hiroshima,,,,福山市,フクヤマシ,Fukuyama-shi,,,,春日池,カスガイケ,,,,,,,,,1,1,0,0,0,0,1,0,1947-04-17,,1,,,,,,,,,,,,,,,,
342076,0291000,1,広島県,ヒロシマケン,Hiroshima,,,,福山市,フクヤマシ,Fukuyama-shi,,,,高西町南,タカニシチョウミナミ,,,,,,,,,0,0,0,0,0,0,1,0,1947-04-17,,1,,,,,,,,,,,,,,,,
342084,0001000,1,広島県,ヒロシマケン,Hiroshima,,,,府中市,フチュウシ,Fuchu-shi,,,,阿字町,アジチョウ,Ajicho,,,,,,,,0,0,0,0,0,0,1,1,1947-04-17,,0,7293212,,,,,,,,,,,,,,,
342084,0002000,1,広島県,ヒロシマケン,Hiroshima,,,,府中市,フチュウシ,Fuchu-shi,,,,荒谷町,アラタニチョウ,Aratanicho,,,,,,,,0,0,0,0,0,0,1,1,1947-04-17,,0,7260031,,,,,,,,,,,,,,,
342084,0003000,1,広島県,ヒロシマケン,Hiroshima,,,,府中市,フチュウシ,Fuchu-shi,,,,鵜飼町,ウカイチョウ,Ukaicho,,,,,,,,0,0,0,0,0,0,1,1,1947-04-17,,0,7260002,,,,,,,,,,,,,,,
342084,0004000,1,広島県,ヒロシマケン,Hiroshima,,,,府中市,フチュウシ,Fuchu-shi,,,,上山町,ウヤマチョウ,Uyamacho,,,,,,,,0,0,0,0,0,0,1,1,1947-04-17,,0,7260034,,,,,,,,,,,,,,,
342084,0005000,1,広島県,ヒロシマケン,Hiroshima,,,,府中市,フチュウシ,Fuchu-shi,,,,小国町,オグニチョウ,Ogunicho,,,,,,,,0,0,0,0,0,0,1,1,1947-04-17,,0,7220432,,,,,,,,,,,,,,,
342084,0006000,1,広島県,ヒロシマケン,Hiroshima,,,,府中市,フチュウシ,Fuchu-shi,,,,河南町,カナンチョウ,Kanancho,,,,,,,,0,0,0,0,0,0,1,1,1947-04-17,,0,7260025,,,,,,,,,,,,,,,
342084,0007000,1,広島県,ヒロシマケン,Hiroshima,,,,府中市,フチュウシ,Fuchu-shi,,,,河佐町,カワサチョウ,Kawasacho,,,,,,,,0,0,0,0,0,0,1,1,1947-04-17,,0,7293221,,,,,,,,,,,,,,,
342084,0009000,1,広島県,ヒロシマケン,Hiroshima,,,,府中市,フチュウシ,Fuchu-shi,,,,久佐町,クサチョウ,Kusacho,,,,,,,,0,0,0,0,0,0,1,1,1947-04-17,,0,7293222,,,,,,,,,,,,,,,
342084,0010000,1,広島県,ヒロシマケン,Hiroshima,,,,府中市,フチュウシ,Fuchu-shi,,,,栗柄町,クリガラチョウ,Kurigaracho,,,,,,,,0,0,0,0,0,0,1,1,1947-04-17,,0,7260023,,,,,,,,,,,,,,,
342084,0011000,1,広島県,ヒロシマケン,Hiroshima,,,,府中市,フチュウシ,Fuchu-shi,,,,河面町,コウモチョウ,Komocho,,,,,,,,0,0,0,0,0,0,1,1,1947-04-17,,0,7260036,,,,,,,,,,,,,,,
342084,0012001,2,広島県,ヒロシマケン,Hiroshima,,,,府中市,フチュウシ,Fuchu-shi,,,,桜が丘,サクラガオカ,Sakuragaoka,一丁目,１チョウメ,1,,,,,0,0,0,0,0,0,1,1,1947-04-17,,0,,,,,,,,,,,,,,,,
342084,0012002,2,広島県,ヒロシマケン,Hiroshima,,,,府中市,フチュウシ,Fuchu-shi,,,,桜が丘,サクラガオカ,Sakuragaoka,二丁目,２チョウメ,2,,,,,0,0,0,0,0,0,1,1,1947-04-17,,0,,,,,,,,,,,,,,,,
342084,0012003,2,広島県,ヒロシマケン,Hiroshima,,,,府中市,フチュウシ,Fuchu-shi,,,,桜が丘,サクラガオカ,Sakuragaoka,三丁目,３チョウメ,3,,,,,0,0,0,0,0,0,1,1,1947-04-17,,0,,,,,,,,,,,,,,,,
342084,0013000,1,広島県,ヒロシマケン,Hiroshima,,,,府中市,フチュウシ,Fuchu-shi,,,,三郎丸町,サブロウマルチョウ,Saburomarucho,,,,,,,,0,0,0,0,0,0,1,1,1947-04-17,,0,7260026,,,,,,,,,,,,,,,
342084,0014000,1,広島県,ヒロシマケン,Hiroshima,,,,府中市,フチュウシ,Fuchu-shi,,,,篠根町,シノネチョウ,Shinonecho,,,,,,,,0,0,0,0,0,0,1,1,1947-04-17,,0,7260027,,,,,,,,,,,,,,,
342084,0015000,1,広島県,ヒロシマケン,Hiroshima,,,,府中市,フチュウシ,Fuchu-shi,,,,上下町有福,ジョウゲチョウアリフク,Jogecho Arifuku,,,,,,,,0,0,0,0,0,0,1,1,1947-04-17,,0,7293405,,,,,,,,,,,,,,,
342084,0016000,1,広島県,ヒロシマケン,Hiroshima,,,,府中市,フチュウシ,Fuchu-shi,,,,上下町井永,ジョウゲチョウイナガ,Jogecho Inaga,,,,,,,,0,0,0,0,0,0,1,1,1947-04-17,,0,7293411,,,,,,,,,,,,,,,
342084,0017000,1,広島県,ヒロシマケン,Hiroshima,,,,府中市,フチュウシ,Fuchu-shi,,,,上下町岡屋,ジョウゲチョウオガヤ,Jogecho Ogaya,,,,,,,,0,0,0,0,0,0,1,1,1947-04-17,,0,7293412,,,,,,,,,,,,,,,
342084,0018000,1,広島県,ヒロシマケン,Hiroshima,,,,府中市,フチュウシ,Fuchu-shi,,,,上下町小塚,ジョウゲチョウオヅカ,Jogecho Ozuka,,,,,,,,0,0,0,0,0,0,1,1,1947-04-17,,0,7293401,,,,,,,,,,,,,,,
342084,0019000,1,広島県,ヒロシマケン,Hiroshima,,,,府中市,フチュウシ,Fuchu-shi,,,,上下町国留,ジョウゲチョウクニドメ,Jogecho Kunidome,,,,,,,,0,0,0,0,0,0,1,1,1947-04-17,,0,7293422,,,,,,,,,,,,,,,
342084,0020000,1,広島県,ヒロシマケン,Hiroshima,,,,府中市,フチュウシ,Fuchu-shi,,,,上下町小堀,ジョウゲチョウコホリ,Jogecho Kohori,,,,,,,,0,0,0,0,0,0,1,1,1947-04-17,,0,7293402,,,,,,,,,,,,,,,
342084,0021000,1,広島県,ヒロシマケン,Hiroshima,,,,府中市,フチュウシ,Fuchu-shi,,,,上下町佐倉,ジョウゲチョウサクラ,Jogecho Sakura,,,,,,,,0,0,0,0,0,0,1,1,1947-04-17,,0,7293414,,,,,,,,,,,,,,,
342084,0022000,1,広島県,ヒロシマケン,Hiroshima,,,,府中市,フチュウシ,Fuchu-shi,,,,上下町階見,ジョウゲチョウシナミ,Jogecho Shinami,,,,,,,,0,0,0,0,0,0,1,1,1947-04-17,,0,7293403,,,,,,,,,,,,,,,
342084,0023000,1,広島県,ヒロシマケン,Hiroshima,,,,府中市,フチュウシ,Fuchu-shi,,,,上下町上下,ジョウゲチョウジョウゲ,Jogecho Joge,,,,,,,,0,0,0,0,0,0,1,1,1947-04-17,,0,7293431,,,,,,,,,,,,,,,
342084,0024000,1,広島県,ヒロシマケン,Hiroshima,,,,府中市,フチュウシ,Fuchu-shi,,,,上下町深江,ジョウゲチョウフカエ,Jogecho Fukae,,,,,,,,0,0,0,0,0,0,1,1,1947-04-17,,0,7293421,,,,,,,,,,,,,,,
342084,0025000,1,広島県,ヒロシマケン,Hiroshima,,,,府中市,フチュウシ,Fuchu-shi,,,,上下町二森,ジョウゲチョウフタモリ,Jogecho Futamori,,,,,,,,0,0,0,0,0,0,1,1,1947-04-17,,0,7293404,,,,,,,,,,,,,,,
342084,0026000,1,広島県,ヒロシマケン,Hiroshima,,,,府中市,フチュウシ,Fuchu-shi,,,,上下町松崎,ジョウゲチョウマツサキ,Jogecho Matsusaki,,,,,,,,0,0,0,0,0,0,1,1,1947-04-17,,0,7293424,,,,,,,,,,,,,,,
342084,0027000,1,広島県,ヒロシマケン,Hiroshima,,,,府中市,フチュウシ,Fuchu-shi,,,,上下町水永,ジョウゲチョウミズナガ,Jogecho Mizunaga,,,,,,,,0,0,0,0,0,0,1,1,1947-04-17,,0,7293413,,,,,,,,,,,,,,,
342084,0028000,1,広島県,ヒロシマケン,Hiroshima,,,,府中市,フチュウシ,Fuchu-shi,,,,上下町矢多田,ジョウゲチョウヤタダ,Jogecho Yatada,,,,,,,,0,0,0,0,0,0,1,1,1947-04-17,,0,7293415,,,,,,,,,,,,,,,
342084,0029000,1,広島県,ヒロシマケン,Hiroshima,,,,府中市,フチュウシ,Fuchu-shi,,,,上下町矢野,ジョウゲチョウヤノ,Jogecho Yano,,,,,,,,0,0,0,0,0,0,1,1,1947-04-17,,0,7293423,,,,,,,,,,,,,,,
342084,0030000,1,広島県,ヒロシマケン,Hiroshima,,,,府中市,フチュウシ,Fuchu-shi,,,,僧殿町,ソウドノチョウ,Sodonocho,,,,,,,,0,0,0,0,0,0,1,1,1947-04-17,,0,7260024,,,,,,,,,,,,,,,
342084,0031000,1,広島県,ヒロシマケン,Hiroshima,,,,府中市,フチュウシ,Fuchu-shi,,,,高木町,タカギチョウ,Takagicho,,,,,,,,0,0,0,0,0,0,1,1,1947-04-17,,0,7260013,,,,,,,,,,,,,,,
342084,0032000,1,広島県,ヒロシマケン,Hiroshima,,,,府中市,フチュウシ,Fuchu-shi,,,,父石町,チイシチョウ,Chiishicho,,,,,,,,0,0,0,0,0,0,1,1,1947-04-17,,0,7260035,,,,,,,,,,,,,,,
342084,0033000,1,広島県,ヒロシマケン,Hiroshima,,,,府中市,フチュウシ,Fuchu-shi,,,,出口町,デグチチョウ,Deguchicho,,,,,,,,0,0,0,0,0,0,1,1,1947-04-17,,0,7260032,,,,,,,,,,,,,,,
342084,0034000,1,広島県,ヒロシマケン,Hiroshima,,,,府中市,フチュウシ,Fuchu-shi,,,,斗升町,トマスチョウ,Tomasucho,,,,,,,,0,0,0,0,0,0,1,1,1947-04-17,,0,7293201,,,,,,,,,,,,,,,
342084,0035000,1,広島県,ヒロシマケン,Hiroshima,,,,府中市,フチュウシ,Fuchu-shi,,,,中須町,ナカズチョウ,Nakazucho,,,,,,,,0,0,0,0,0,0,1,1,1947-04-17,,0,7260012,,,,,,,,,,,,,,,
342084,0036000,1,広島県,ヒロシマケン,Hiroshima,,,,府中市,フチュウシ,Fuchu-shi,,,,土生町,ハブチョウ,Habucho,,,,,,,,0,0,0,0,0,0,1,1,1947-04-17,,0,7260021,,,,,,,,,,,,,,,
342084,0037000,1,広島県,ヒロシマケン,Hiroshima,,,,府中市,フチュウシ,Fuchu-shi,,,,広谷町,ヒロタニチョウ,Hirotanicho,,,,,,,,0,0,0,0,0,0,1,1,1947-04-17,,0,7260011,,,,,,,,,,,,,,,
342084,0038000,1,広島県,ヒロシマケン,Hiroshima,,,,府中市,フチュウシ,Fuchu-shi,,,,府川町,フカワチョウ,Fukawacho,,,,,,,,0,0,0,0,0,0,1,1,1947-04-17,,0,7260004,,,,,,,,,,,,,,,
342084,0039000,1,広島県,ヒロシマケン,Hiroshima,,,,府中市,フチュウシ,Fuchu-shi,,,,府中町,フチュウチョウ,Fuchucho,,,,,,,,0,0,0,0,0,0,1,1,1947-04-17,,0,7260005,,,,,,,,,,,,,,,
342084,0040000,1,広島県,ヒロシマケン,Hiroshima,,,,府中市,フチュウシ,Fuchu-shi,,,,行縢町,ムカバキチョウ,Mukabakicho,,,,,,,,0,0,0,0,0,0,1,1,1947-04-17,,0,7293202,,,,,,,,,,,,,,,
342084,0041000,1,広島県,ヒロシマケン,Hiroshima,,,,府中市,フチュウシ,Fuchu-shi,,,,目崎町,メサキチョウ,Mesakicho,,,,,,,,0,0,0,0,0,0,1,1,1947-04-17,,0,7260033,,,,,,,,,,,,,,,
342084,0042000,1,広島県,ヒロシマケン,Hiroshima,,,,府中市,フチュウシ,Fuchu-shi,,,,元町,モトマチ,Motomachi,,,,,,,,0,0,0,0,0,0,1,1,1947-04-17,,0,7260003,,,,,,,,,,,,,,,
342084,0043000,1,広島県,ヒロシマケン,Hiroshima,,,,府中市,フチュウシ,Fuchu-shi,,,,本山町,モトヤマチョウ,Motoyamacho,,,,,,,,0,0,0,0,0,0,1,1,1947-04-17,,0,7260001,,,,,,,,,,,,,,,
342084,0044000,1,広島県,ヒロシマケン,Hiroshima,,,,府中市,フチュウシ,Fuchu-shi,,,,諸毛町,モロケチョウ,Morokecho,,,,,,,,0,0,0,0,0,0,1,1,1947-04-17,,0,7220431,,,,,,,,,,,,,,,
342084,0045000,1,広島県,ヒロシマケン,Hiroshima,,,,府中市,フチュウシ,Fuchu-shi,,,,用土町,ヨウドチョウ,Yodocho,,,,,,,,0,0,0,0,0,0,1,1,1947-04-17,,0,7260022,,,,,,,,,,,,,,,
342084,0046000,1,広島県,ヒロシマケン,Hiroshima,,,,府中市,フチュウシ,Fuchu-shi,,,,木野山町,キノヤマチョウ,Kinoyamacho,,,,,,,,0,0,0,0,0,0,1,1,1947-04-17,,0,7293211,,,,,,,,,,,,,,,
342092,0001000,1,広島県,ヒロシマケン,Hiroshima,,,,三次市,ミヨシシ,Miyoshi-shi,,,,青河町,アオガマチ,Aogamachi,,,,,,,,0,0,0,0,0,0,1,1,1947-04-17,,0,7280024,,,,,,,,,,,,,,,
342092,0002000,1,広島県,ヒロシマケン,Hiroshima,,,,三次市,ミヨシシ,Miyoshi-shi,,,,秋町,アキマチ,Akimachi,,,,,,,,0,0,0,0,0,0,1,1,1947-04-17,,0,7296335,,,,,,,,,,,,,,,
342092,0003000,1,広島県,ヒロシマケン,Hiroshima,,,,三次市,ミヨシシ,Miyoshi-shi,,,,穴笠町,アナガサマチ,Anagasamachi,,,,,,,,0,0,0,0,0,0,1,1,1947-04-17,,0,7280004,,MJ019204_*_*,,,,,,,,,,,,,
342092,0004000,1,広島県,ヒロシマケン,Hiroshima,,,,三次市,ミヨシシ,Miyoshi-shi,,,,有原町,アリハラマチ,Ariharamachi,,,,,,,,0,0,0,0,0,0,1,1,1947-04-17,,0,7280625,,,,,,,,,,,,,,,
342092,0005000,1,広島県,ヒロシマケン,Hiroshima,,,,三次市,ミヨシシ,Miyoshi-shi,,,,粟屋町,アワヤマチ,Awayamachi,,,,,,,,0,0,0,0,0,0,1,1,1947-04-17,,0,7280025,,,,,,,,,,,,,,,
342092,0006000,1,広島県,ヒロシマケン,Hiroshima,,,,三次市,ミヨシシ,Miyoshi-shi,,,,石原町,イシハラマチ,Ishiharamachi,,,,,,,,0,0,0,0,0,0,1,1,1947-04-17,,0,7280623,,,,,,,,,,,,,,,
342092,0007000,1,広島県,ヒロシマケン,Hiroshima,,,,三次市,ミヨシシ,Miyoshi-shi,,,,糸井町,イトイマチ,Itoimachi,,,,,,,,0,0,0,0,0,0,1,1,1947-04-17,,0,7296212,,,,,,,,,,,,,,,
342092,0008000,1,広島県,ヒロシマケン,Hiroshima,,,,三次市,ミヨシシ,Miyoshi-shi,,,,上田町,ウエダマチ,Uedamachi,,,,,,,,0,0,0,0,0,0,1,1,1947-04-17,,0,7280624,,,,,,,,,,,,,,,
342092,0009000,1,広島県,ヒロシマケン,Hiroshima,,,,三次市,ミヨシシ,Miyoshi-shi,,,,後山町,ウシロヤママチ,Ushiroyamamachi,,,,,,,,0,0,0,0,0,0,1,1,1947-04-17,,0,7280005,,,,,,,,,,,,,,,
342092,0010000,1,広島県,ヒロシマケン,Hiroshima,,,,三次市,ミヨシシ,Miyoshi-shi,,,,海渡町,ウトマチ,Utomachi,,,,,,,,0,0,0,0,0,0,1,1,1947-04-17,,0,7280622,,,,,,,,,,,,,,,
342092,0011000,1,広島県,ヒロシマケン,Hiroshima,,,,三次市,ミヨシシ,Miyoshi-shi,,,,江田川之内町,エタカワノウチマチ,Etakawanochimachi,,,,,,,,0,0,0,0,0,0,1,1,1947-04-17,,0,7296215,,,,,,,,,,,,,,,
342092,0012000,1,広島県,ヒロシマケン,Hiroshima,,,,三次市,ミヨシシ,Miyoshi-shi,,,,大田幸町,オオダコウマチ,Odakomachi,,,,,,,,0,0,0,0,0,0,1,1,1947-04-17,,0,7296211,,,,,,,,,,,,,,,
342092,0013000,1,広島県,ヒロシマケン,Hiroshima,,,,三次市,ミヨシシ,Miyoshi-shi,,,,小文町,オブミマチ,Obumimachi,,,,,,,,0,0,0,0,0,0,1,1,1947-04-17,,0,7280007,,,,,,,,,,,,,,,
342092,0014000,1,広島県,ヒロシマケン,Hiroshima,,,,三次市,ミヨシシ,Miyoshi-shi,,,,上川立町,カミカワタチマチ,Kamikawatachimachi,,,,,,,,0,0,0,0,0,0,1,1,1947-04-17,,0,7296334,,,,,,,,,,,,,,,
342092,0015000,1,広島県,ヒロシマケン,Hiroshima,,,,三次市,ミヨシシ,Miyoshi-shi,,,,上志和地町,カミシワチマチ,Kamishiwachimachi,,,,,,,,0,0,0,0,0,0,1,1,1947-04-17,,0,7296332,,,,,,,,,,,,,,,
342092,0016000,1,広島県,ヒロシマケン,Hiroshima,,,,三次市,ミヨシシ,Miyoshi-shi,,,,吉舎町雲通,キサチョウウヅイ,Kisacho Uzui,,,,,,,,0,0,0,0,0,0,1,1,1947-04-17,,0,7294223,,,,,,,,,,,,,,,
342092,0017000,1,広島県,ヒロシマケン,Hiroshima,,,,三次市,ミヨシシ,Miyoshi-shi,,,,吉舎町海田原,キサチョウカイダハラ,Kisacho Kaidahara,,,,,,,,0,0,0,0,0,0,1,1,1947-04-17,,0,7294205,,,,,,,,,,,,,,,
342092,0018000,1,広島県,ヒロシマケン,Hiroshima,,,,三次市,ミヨシシ,Miyoshi-shi,,,,吉舎町上安田,キサチョウカミヤスダ,Kisacho Kamiyasuda,,,,,,,,0,0,0,0,0,0,1,1,1947-04-17,,0,7294202,,,,,,,,,,,,,,,
342092,0019000,1,広島県,ヒロシマケン,Hiroshima,,,,三次市,ミヨシシ,Miyoshi-shi,,,,吉舎町吉舎,キサチョウキサ,Kisacho Kisa,,,,,,,,0,0,0,0,0,0,1,1,1947-04-17,,0,7294211,,,,,,,,,,,,,,,
342092,0020000,1,広島県,ヒロシマケン,Hiroshima,,,,三次市,ミヨシシ,Miyoshi-shi,,,,吉舎町吉舎川之内,キサチョウキサカワノウチ,Kisacho Kisakawanochi,,,,,,,,0,0,0,0,0,0,1,1,1947-04-17,,0,7294226,,,,,,,,,,,,,,,
342092,0021000,1,広島県,ヒロシマケン,Hiroshima,,,,三次市,ミヨシシ,Miyoshi-shi,,,,吉舎町清綱,キサチョウキヨツナ,Kisacho Kiyotsuna,,,,,,,,0,0,0,0,0,0,1,1,1947-04-17,,0,7294221,,,,,,,,,,,,,,,
342092,0022000,1,広島県,ヒロシマケン,Hiroshima,,,,三次市,ミヨシシ,Miyoshi-shi,,,,吉舎町敷地,キサチョウシキジ,Kisacho Shikiji,,,,,,,,0,0,0,0,0,0,1,1,1947-04-17,,0,7294207,,,,,,,,,,,,,,,
342092,0023000,1,広島県,ヒロシマケン,Hiroshima,,,,三次市,ミヨシシ,Miyoshi-shi,,,,吉舎町知和,キサチョウチワ,Kisacho Chiwa,,,,,,,,0,0,0,0,0,0,1,1,1947-04-17,,0,7294201,,,,,,,,,,,,,,,
342092,0024000,1,広島県,ヒロシマケン,Hiroshima,,,,三次市,ミヨシシ,Miyoshi-shi,,,,吉舎町辻,キサチョウツジ,Kisacho Tsuji,,,,,,,,0,0,0,0,0,0,1,1,1947-04-17,,0,7294224,,*_*_*_MJ025760,,,,,,,,,,,,,
342092,0025000,1,広島県,ヒロシマケン,Hiroshima,,,,三次市,ミヨシシ,Miyoshi-shi,,,,吉舎町徳市,キサチョウトクイチ,Kisacho Tokuichi,,,,,,,,0,0,0,0,0,0,1,1,1947-04-17,,0,7294225,,,,,,,,,,,,,,,
342092,0026000,1,広島県,ヒロシマケン,Hiroshima,,,,三次市,ミヨシシ,Miyoshi-shi,,,,吉舎町檜,キサチョウヒノキ,Kisacho Hinoki,,,,,,,,0,0,0,0,0,0,1,1,1947-04-17,,0,7294227,,,,,,,,,,,,,,,
342092,0027000,1,広島県,ヒロシマケン,Hiroshima,,,,三次市,ミヨシシ,Miyoshi-shi,,,,吉舎町丸田,キサチョウマルダ,Kisacho Maruda,,,,,,,,0,0,0,0,0,0,1,1,1947-04-17,,0,7294222,,,,,,,,,,,,,,,
342092,0028000,1,広島県,ヒロシマケン,Hiroshima,,,,三次市,ミヨシシ,Miyoshi-shi,,,,吉舎町三玉,キサチョウミタマ,Kisacho Mitama,,,,,,,,0,0,0,0,0,0,1,1,1947-04-17,,0,7294204,,,,,,,,,,,,,,,
342092,0029000,1,広島県,ヒロシマケン,Hiroshima,,,,三次市,ミヨシシ,Miyoshi-shi,,,,吉舎町矢井,キサチョウヤイ,Kisacho Yai,,,,,,,,0,0,0,0,0,0,1,1,1947-04-17,,0,7294206,,,,,,,,,,,,,,,
342092,0030000,1,広島県,ヒロシマケン,Hiroshima,,,,三次市,ミヨシシ,Miyoshi-shi,,,,吉舎町安田,キサチョウヤスダ,Kisacho Yasuda,,,,,,,,0,0,0,0,0,0,1,1,1947-04-17,,0,7294203,,,,,,,,,,,,,,,
342092,0031000,1,広島県,ヒロシマケン,Hiroshima,,,,三次市,ミヨシシ,Miyoshi-shi,,,,吉舎町矢野地,キサチョウヤノチ,Kisacho Yanochi,,,,,,,,0,0,0,0,0,0,1,1,1947-04-17,,0,7294208,,,,,,,,,,,,,,,
342092,0032000,1,広島県,ヒロシマケン,Hiroshima,,,,三次市,ミヨシシ,Miyoshi-shi,,,,木乗町,キノリマチ,Kinorimachi,,,,,,,,0,0,0,0,0,0,1,1,1947-04-17,,0,7296204,,,,,,,,,,,,,,,
342092,0033000,1,広島県,ヒロシマケン,Hiroshima,,,,三次市,ミヨシシ,Miyoshi-shi,,,,君田町石原,キミタチョウイシハラ,Kimitacho Ishihara,,,,,,,,0,0,0,0,0,0,1,1,1947-04-17,,0,7280404,,,,,,,,,,,,,,,
342092,0034000,1,広島県,ヒロシマケン,Hiroshima,,,,三次市,ミヨシシ,Miyoshi-shi,,,,君田町泉吉田,キミタチョウイズミヨシダ,Kimitacho Izumiyoshida,,,,,,,,0,0,0,0,0,0,1,1,1947-04-17,,0,7280405,,,,,,,,,,,,,,,
342092,0035000,1,広島県,ヒロシマケン,Hiroshima,,,,三次市,ミヨシシ,Miyoshi-shi,,,,君田町西入君,キミタチョウニシイリギミ,Kimitacho Nishiirigimi,,,,,,,,0,0,0,0,0,0,1,1,1947-04-17,,0,7280402,,,,,,,,,,,,,,,
342092,0036000,1,広島県,ヒロシマケン,Hiroshima,,,,三次市,ミヨシシ,Miyoshi-shi,,,,君田町東入君,キミタチョウヒガシイリギミ,Kimitacho Higashiirigimi,,,,,,,,0,0,0,0,0,0,1,1,1947-04-17,,0,7280401,,,,,,,,,,,,,,,
342092,0037000,1,広島県,ヒロシマケン,Hiroshima,,,,三次市,ミヨシシ,Miyoshi-shi,,,,君田町櫃田,キミタチョウヒツタ,Kimitacho Hitsuta,,,,,,,,0,0,0,0,0,0,1,1,1947-04-17,,0,7280406,,,,,,,,,,,,,,,
342092,0038000,1,広島県,ヒロシマケン,Hiroshima,,,,三次市,ミヨシシ,Miyoshi-shi,,,,君田町藤兼,キミタチョウフジカネ,Kimitacho Fujikane,,,,,,,,0,0,0,0,0,0,1,1,1947-04-17,,0,7280403,,,,,,,,,,,,,,,
342092,0039000,1,広島県,ヒロシマケン,Hiroshima,,,,三次市,ミヨシシ,Miyoshi-shi,,,,君田町茂田,キミタチョウモダ,Kimitacho Moda,,,,,,,,0,0,0,0,0,0,1,1,1947-04-17,,0,7280407,,,,,,,,,,,,,,,
342092,0040000,1,広島県,ヒロシマケン,Hiroshima,,,,三次市,ミヨシシ,Miyoshi-shi,,,,甲奴町有田,コウヌチョウアリダ,Konucho Arida,,,,,,,,0,0,0,0,0,0,1,1,1947-04-17,,0,7294106,,,,,,,,,,,,,,,
342092,0041000,1,広島県,ヒロシマケン,Hiroshima,,,,三次市,ミヨシシ,Miyoshi-shi,,,,甲奴町宇賀,コウヌチョウウガ,Konucho Uga,,,,,,,,0,0,0,0,0,0,1,1,1947-04-17,,0,7294104,,,,,,,,,,,,,,,
342092,0042000,1,広島県,ヒロシマケン,Hiroshima,,,,三次市,ミヨシシ,Miyoshi-shi,,,,甲奴町梶田,コウヌチョウカジタ,Konucho Kajita,,,,,,,,0,0,0,0,0,0,1,1,1947-04-17,,0,7294105,,,,,,,,,,,,,,,
342092,0043000,1,広島県,ヒロシマケン,Hiroshima,,,,三次市,ミヨシシ,Miyoshi-shi,,,,甲奴町太郎丸,コウヌチョウタロウマル,Konucho Taromaru,,,,,,,,0,0,0,0,0,0,1,1,1947-04-17,,0,7294113,,,,,,,,,,,,,,,
342092,0044000,1,広島県,ヒロシマケン,Hiroshima,,,,三次市,ミヨシシ,Miyoshi-shi,,,,甲奴町西野,コウヌチョウニシノ,Konucho Nishino,,,,,,,,0,0,0,0,0,0,1,1,1947-04-17,,0,7294102,,,,,,,,,,,,,,,
342092,0045000,1,広島県,ヒロシマケン,Hiroshima,,,,三次市,ミヨシシ,Miyoshi-shi,,,,甲奴町抜湯,コウヌチョウヌクユ,Konucho Nukuyu,,,,,,,,0,0,0,0,0,0,1,1,1947-04-17,,0,7294112,,,,,,,,,,,,,,,
342092,0046000,1,広島県,ヒロシマケン,Hiroshima,,,,三次市,ミヨシシ,Miyoshi-shi,,,,甲奴町小童,コウヌチョウヒチ,Konucho Hichi,,,,,,,,0,0,0,0,0,0,1,1,1947-04-17,,0,7294103,,,,,,,,,,,,,,,
342092,0047000,1,広島県,ヒロシマケン,Hiroshima,,,,三次市,ミヨシシ,Miyoshi-shi,,,,甲奴町福田,コウヌチョウフクダ,Konucho Fukuda,,,,,,,,0,0,0,0,0,0,1,1,1947-04-17,,0,7294111,,,,,,,,,,,,,,,
342092,0048000,1,広島県,ヒロシマケン,Hiroshima,,,,三次市,ミヨシシ,Miyoshi-shi,,,,甲奴町本郷,コウヌチョウホンゴウ,Konucho Hongo,,,,,,,,0,0,0,0,0,0,1,1,1947-04-17,,0,7294101,,,,,,,,,,,,,,,
342092,0049000,1,広島県,ヒロシマケン,Hiroshima,,,,三次市,ミヨシシ,Miyoshi-shi,,,,小田幸町,コダコウマチ,Kodakomachi,,,,,,,,0,0,0,0,0,0,1,1,1947-04-17,,0,7296216,,,,,,,,,,,,,,,
342092,0050000,1,広島県,ヒロシマケン,Hiroshima,,,,三次市,ミヨシシ,Miyoshi-shi,,,,作木町伊賀和志,サクギチョウイカワシ,Sakugicho Ikawashi,,,,,,,,0,0,0,0,0,0,1,1,1947-04-17,,0,7280111,,,,,,,,,,,,,,,
342092,0051000,1,広島県,ヒロシマケン,Hiroshima,,,,三次市,ミヨシシ,Miyoshi-shi,,,,作木町大津,サクギチョウオオツ,Sakugicho Otsu,,,,,,,,0,0,0,0,0,0,1,1,1947-04-17,,0,7280115,,,,,,,,,,,,,,,
342092,0052000,1,広島県,ヒロシマケン,Hiroshima,,,,三次市,ミヨシシ,Miyoshi-shi,,,,作木町大畠,サクギチョウオオバタケ,Sakugicho Obatake,,,,,,,,0,0,0,0,0,0,1,1,1947-04-17,,0,7280121,,,,,,,,,,,,,,,
342092,0053000,1,広島県,ヒロシマケン,Hiroshima,,,,三次市,ミヨシシ,Miyoshi-shi,,,,作木町大山,サクギチョウオオヤマ,Sakugicho Oyama,,,,,,,,0,0,0,0,0,0,1,1,1947-04-17,,0,7280132,,,,,,,,,,,,,,,
342092,0054000,1,広島県,ヒロシマケン,Hiroshima,,,,三次市,ミヨシシ,Miyoshi-shi,,,,作木町岡三渕,サクギチョウオカミブチ,Sakugicho Okamibuchi,,,,,,,,0,0,0,0,0,0,1,1,1947-04-17,,0,7280101,,,,,,,,,,,,,,,
342092,0055000,1,広島県,ヒロシマケン,Hiroshima,,,,三次市,ミヨシシ,Miyoshi-shi,,,,作木町上作木,サクギチョウカミサクギ,Sakugicho Kamisakugi,,,,,,,,0,0,0,0,0,0,1,1,1947-04-17,,0,7280123,,,,,,,,,,,,,,,
342092,0056000,1,広島県,ヒロシマケン,Hiroshima,,,,三次市,ミヨシシ,Miyoshi-shi,,,,作木町香淀,サクギチョウコウヨド,Sakugicho Koyodo,,,,,,,,0,0,0,0,0,0,1,1,1947-04-17,,0,7280131,,,,,,,,,,,,,,,
342092,0057000,1,広島県,ヒロシマケン,Hiroshima,,,,三次市,ミヨシシ,Miyoshi-shi,,,,作木町下作木,サクギチョウシモサクギ,Sakugicho Shimosakugi,,,,,,,,0,0,0,0,0,0,1,1,1947-04-17,,0,7280124,,,,,,,,,,,,,,,
342092,0058000,1,広島県,ヒロシマケン,Hiroshima,,,,三次市,ミヨシシ,Miyoshi-shi,,,,作木町西野,サクギチョウニシノ,Sakugicho Nishino,,,,,,,,0,0,0,0,0,0,1,1,1947-04-17,,0,7280122,,,,,,,,,,,,,,,
342092,0059000,1,広島県,ヒロシマケン,Hiroshima,,,,三次市,ミヨシシ,Miyoshi-shi,,,,作木町光守,サクギチョウミツモリ,Sakugicho Mitsumori,,,,,,,,0,0,0,0,0,0,1,1,1947-04-17,,0,7280125,,,,,,,,,,,,,,,
342092,0060000,1,広島県,ヒロシマケン,Hiroshima,,,,三次市,ミヨシシ,Miyoshi-shi,,,,作木町森山中,サクギチョウモリヤマナカ,Sakugicho Moriyamanaka,,,,,,,,0,0,0,0,0,0,1,1,1947-04-17,,0,7280114,,,,,,,,,,,,,,,
342092,0061000,1,広島県,ヒロシマケン,Hiroshima,,,,三次市,ミヨシシ,Miyoshi-shi,,,,作木町森山西,サクギチョウモリヤマニシ,Sakugicho Moriyamanishi,,,,,,,,0,0,0,0,0,0,1,1,1947-04-17,,0,7280112,,,,,,,,,,,,,,,
342092,0062000,1,広島県,ヒロシマケン,Hiroshima,,,,三次市,ミヨシシ,Miyoshi-shi,,,,作木町森山東,サクギチョウモリヤマヒガシ,Sakugicho Moriyamahigashi,,,,,,,,0,0,0,0,0,0,1,1,1947-04-17,,0,7280113,,,,,,,,,,,,,,,
342092,0063000,1,広島県,ヒロシマケン,Hiroshima,,,,三次市,ミヨシシ,Miyoshi-shi,,,,作木町門田,サクギチョウモンデ,Sakugicho Monde,,,,,,,,0,0,0,0,0,0,1,1,1947-04-17,,0,7280133,,,,,,,,,,,,,,,
342092,0064000,1,広島県,ヒロシマケン,Hiroshima,,,,三次市,ミヨシシ,Miyoshi-shi,,,,塩町,シオマチ,Shiomachi,,,,,,,,0,0,0,0,0,0,1,1,1947-04-17,,0,7296205,,,,,,,,,,,,,,,
342092,0065000,1,広島県,ヒロシマケン,Hiroshima,,,,三次市,ミヨシシ,Miyoshi-shi,,,,志幸町,シコウマチ,Shikomachi,,,,,,,,0,0,0,0,0,0,1,1,1947-04-17,,0,7296203,,,,,,,,,,,,,,,
342092,0066000,1,広島県,ヒロシマケン,Hiroshima,,,,三次市,ミヨシシ,Miyoshi-shi,,,,四拾貫町,シジッカンマチ,Shijitsukammachi,,,,,,,,0,0,0,0,0,0,1,1,1947-04-17,,0,7280016,,,,,,,,,,,,,,,
342092,0067000,1,広島県,ヒロシマケン,Hiroshima,,,,三次市,ミヨシシ,Miyoshi-shi,,,,下川立町,シモカワタチマチ,Shimokawatachimachi,,,,,,,,0,0,0,0,0,0,1,1,1947-04-17,,0,7296333,,,,,,,,,,,,,,,
342092,0068000,1,広島県,ヒロシマケン,Hiroshima,,,,三次市,ミヨシシ,Miyoshi-shi,,,,下志和地町,シモシワチマチ,Shimoshiwachimachi,,,,,,,,0,0,0,0,0,0,1,1,1947-04-17,,0,7296331,,,,,,,,,,,,,,,
342092,0069000,1,広島県,ヒロシマケン,Hiroshima,,,,三次市,ミヨシシ,Miyoshi-shi,,,,高杉町,タカスギマチ,Takasugimachi,,,,,,,,0,0,0,0,0,0,1,1,1947-04-17,,0,7296214,,,,,,,,,,,,,,,
342092,0070001,2,広島県,ヒロシマケン,Hiroshima,,,,三次市,ミヨシシ,Miyoshi-shi,,,,十日市中,トオカイチナカ,Tokaichi Naka,一丁目,１チョウメ,1,,,,,1,1,0,0,0,0,1,1,1947-04-17,,0,,,,,,,,,,,,,,,,
342092,0070002,2,広島県,ヒロシマケン,Hiroshima,,,,三次市,ミヨシシ,Miyoshi-shi,,,,十日市中,トオカイチナカ,Tokaichi Naka,二丁目,２チョウメ,2,,,,,1,1,0,0,0,0,1,1,1947-04-17,,0,,,,,,,,,,,,,,,,
342092,0070003,2,広島県,ヒロシマケン,Hiroshima,,,,三次市,ミヨシシ,Miyoshi-shi,,,,十日市中,トオカイチナカ,Tokaichi Naka,三丁目,３チョウメ,3,,,,,1,1,0,0,0,0,1,1,1947-04-17,,0,,,,,,,,,,,,,,,,
342092,0070004,2,広島県,ヒロシマケン,Hiroshima,,,,三次市,ミヨシシ,Miyoshi-shi,,,,十日市中,トオカイチナカ,Tokaichi Naka,四丁目,４チョウメ,4,,,,,1,1,0,0,0,0,1,1,1947-04-17,,0,,,,,,,,,,,,,,,,
342092,0071001,2,広島県,ヒロシマケン,Hiroshima,,,,三次市,ミヨシシ,Miyoshi-shi,,,,十日市西,トオカイチニシ,Tokaichi Nishi,一丁目,１チョウメ,1,,,,,1,1,0,0,0,0,1,1,1947-04-17,,0,,,,,,,,,,,,,,,,
342092,0071002,2,広島県,ヒロシマケン,Hiroshima,,,,三次市,ミヨシシ,Miyoshi-shi,,,,十日市西,トオカイチニシ,Tokaichi Nishi,二丁目,２チョウメ,2,,,,,1,1,0,0,0,0,1,1,1947-04-17,,0,,,,,,,,,,,,,,,,
342092,0071003,2,広島県,ヒロシマケン,Hiroshima,,,,三次市,ミヨシシ,Miyoshi-shi,,,,十日市西,トオカイチニシ,Tokaichi Nishi,三丁目,３チョウメ,3,,,,,1,1,0,0,0,0,1,1,1947-04-17,,0,,,,,,,,,,,,,,,,
342092,0071004,2,広島県,ヒロシマケン,Hiroshima,,,,三次市,ミヨシシ,Miyoshi-shi,,,,十日市西,トオカイチニシ,Tokaichi Nishi,四丁目,４チョウメ,4,,,,,1,1,0,0,0,0,1,1,1947-04-17,,0,,,,,,,,,,,,,,,,
342092,0071005,2,広島県,ヒロシマケン,Hiroshima,,,,三次市,ミヨシシ,Miyoshi-shi,,,,十日市西,トオカイチニシ,Tokaichi Nishi,五丁目,５チョウメ,5,,,,,1,1,0,0,0,0,1,1,1947-04-17,,0,,,,,,,,,,,,,,,,
342092,0071006,2,広島県,ヒロシマケン,Hiroshima,,,,三次市,ミヨシシ,Miyoshi-shi,,,,十日市西,トオカイチニシ,Tokaichi Nishi,六丁目,６チョウメ,6,,,,,1,1,0,0,0,0,1,1,1947-04-17,,0,,,,,,,,,,,,,,,,
342092,0072001,2,広島県,ヒロシマケン,Hiroshima,,,,三次市,ミヨシシ,Miyoshi-shi,,,,十日市東,トオカイチヒガシ,Tokaichi Higashi,一丁目,１チョウメ,1,,,,,1,1,0,0,0,0,1,1,1947-04-17,,0,,,,,,,,,,,,,,,,
342092,0072002,2,広島県,ヒロシマケン,Hiroshima,,,,三次市,ミヨシシ,Miyoshi-shi,,,,十日市東,トオカイチヒガシ,Tokaichi Higashi,二丁目,２チョウメ,2,,,,,1,1,0,0,0,0,1,1,1947-04-17,,0,,,,,,,,,,,,,,,,
342092,0072003,2,広島県,ヒロシマケン,Hiroshima,,,,三次市,ミヨシシ,Miyoshi-shi,,,,十日市東,トオカイチヒガシ,Tokaichi Higashi,三丁目,３チョウメ,3,,,,,1,1,0,0,0,0,1,1,1947-04-17,,0,,,,,,,,,,,,,,,,
342092,0072004,2,広島県,ヒロシマケン,Hiroshima,,,,三次市,ミヨシシ,Miyoshi-shi,,,,十日市東,トオカイチヒガシ,Tokaichi Higashi,四丁目,４チョウメ,4,,,,,1,1,0,0,0,0,1,1,1947-04-17,,0,,,,,,,,,,,,,,,,
342092,0072005,2,広島県,ヒロシマケン,Hiroshima,,,,三次市,ミヨシシ,Miyoshi-shi,,,,十日市東,トオカイチヒガシ,Tokaichi Higashi,五丁目,５チョウメ,5,,,,,1,1,0,0,0,0,1,1,1947-04-17,,0,,,,,,,,,,,,,,,,
342092,0072006,2,広島県,ヒロシマケン,Hiroshima,,,,三次市,ミヨシシ,Miyoshi-shi,,,,十日市東,トオカイチヒガシ,Tokaichi Higashi,六丁目,６チョウメ,6,,,,,1,1,0,0,0,0,1,1,1947-04-17,,0,,,,,,,,,,,,,,,,
342092,0073000,1,広島県,ヒロシマケン,Hiroshima,,,,三次市,ミヨシシ,Miyoshi-shi,,,,十日市町,トオカイチマチ,Tokaichimachi,,,,,,,,0,0,0,0,0,0,1,1,1947-04-17,,0,7280015,,,,,,,,,,,,,,,
342092,0074001,2,広島県,ヒロシマケン,Hiroshima,,,,三次市,ミヨシシ,Miyoshi-shi,,,,十日市南,トオカイチミナミ,Tokaichi Minami,一丁目,１チョウメ,1,,,,,1,1,0,0,0,0,1,1,1947-04-17,,0,,,,,,,,,,,,,,,,
342092,0074002,2,広島県,ヒロシマケン,Hiroshima,,,,三次市,ミヨシシ,Miyoshi-shi,,,,十日市南,トオカイチミナミ,Tokaichi Minami,二丁目,２チョウメ,2,,,,,1,1,0,0,0,0,1,1,1947-04-17,,0,,,,,,,,,,,,,,,,
342092,0074003,2,広島県,ヒロシマケン,Hiroshima,,,,三次市,ミヨシシ,Miyoshi-shi,,,,十日市南,トオカイチミナミ,Tokaichi Minami,三丁目,３チョウメ,3,,,,,1,1,0,0,0,0,1,1,1947-04-17,,0,,,,,,,,,,,,,,,,
342092,0074004,2,広島県,ヒロシマケン,Hiroshima,,,,三次市,ミヨシシ,Miyoshi-shi,,,,十日市南,トオカイチミナミ,Tokaichi Minami,四丁目,４チョウメ,4,,,,,1,1,0,0,0,0,1,1,1947-04-17,,0,,,,,,,,,,,,,,,,
342092,0074005,2,広島県,ヒロシマケン,Hiroshima,,,,三次市,ミヨシシ,Miyoshi-shi,,,,十日市南,トオカイチミナミ,Tokaichi Minami,五丁目,５チョウメ,5,,,,,1,1,0,0,0,0,1,1,1947-04-17,,0,,,,,,,,,,,,,,,,
342092,0074006,2,広島県,ヒロシマケン,Hiroshima,,,,三次市,ミヨシシ,Miyoshi-shi,,,,十日市南,トオカイチミナミ,Tokaichi Minami,六丁目,６チョウメ,6,,,,,1,1,0,0,0,0,1,1,1947-04-17,,0,,,,,,,,,,,,,,,,
342092,0074007,2,広島県,ヒロシマケン,Hiroshima,,,,三次市,ミヨシシ,Miyoshi-shi,,,,十日市南,トオカイチミナミ,Tokaichi Minami,七丁目,７チョウメ,7,,,,,1,1,0,0,0,0,1,1,1947-04-17,,0,,,,,,,,,,,,,,,,
342092,0075000,1,広島県,ヒロシマケン,Hiroshima,,,,三次市,ミヨシシ,Miyoshi-shi,,,,西河内町,ニシコウチマチ,Nishikochimachi,,,,,,,,0,0,0,0,0,0,1,1,1947-04-17,,0,7280002,,,,,,,,,,,,,,,
342092,0076000,1,広島県,ヒロシマケン,Hiroshima,,,,三次市,ミヨシシ,Miyoshi-shi,,,,西酒屋町,ニシサケヤマチ,Nishisakeyamachi,,,,,,,,0,0,0,0,0,0,1,1,1947-04-17,,0,7280022,,,,,,,,,,,,,,,
342092,0077000,1,広島県,ヒロシマケン,Hiroshima,,,,三次市,ミヨシシ,Miyoshi-shi,,,,畠敷町,ハタジキマチ,Hatajikimachi,,,,,,,,0,0,0,0,0,0,1,1,1947-04-17,,0,7280006,,,,,,,,,,,,,,,
342092,0078000,1,広島県,ヒロシマケン,Hiroshima,,,,三次市,ミヨシシ,Miyoshi-shi,,,,東河内町,ヒガシコウチマチ,Higashikochimachi,,,,,,,,0,0,0,0,0,0,1,1,1947-04-17,,0,7280003,,,,,,,,,,,,,,,
342092,0079000,1,広島県,ヒロシマケン,Hiroshima,,,,三次市,ミヨシシ,Miyoshi-shi,,,,東酒屋町,ヒガシサケヤマチ,Higashisakeyamachi,,,,,,,,0,0,0,0,0,0,1,1,1947-04-17,,0,7280023,,,,,,,,,,,,,,,
342092,0080000,1,広島県,ヒロシマケン,Hiroshima,,,,三次市,ミヨシシ,Miyoshi-shi,,,,日下町,ヒゲマチ,Higemachi,,,,,,,,0,0,0,0,0,0,1,1,1947-04-17,,0,7280026,,,,,,,,,,,,,,,
342092,0081000,1,広島県,ヒロシマケン,Hiroshima,,,,三次市,ミヨシシ,Miyoshi-shi,,,,布野町上布野,フノチョウカミフノ,Funocho Kamifuno,,,,,,,,0,0,0,0,0,0,1,1,1947-04-17,,0,7280201,,,,,,,,,,,,,,,
342092,0082000,1,広島県,ヒロシマケン,Hiroshima,,,,三次市,ミヨシシ,Miyoshi-shi,,,,布野町下布野,フノチョウシモフノ,Funocho Shimofuno,,,,,,,,0,0,0,0,0,0,1,1,1947-04-17,,0,7280202,,,,,,,,,,,,,,,
342092,0083000,1,広島県,ヒロシマケン,Hiroshima,,,,三次市,ミヨシシ,Miyoshi-shi,,,,布野町戸河内,フノチョウトゴウチ,Funocho Togochi,,,,,,,,0,0,0,0,0,0,1,1,1947-04-17,,0,7280203,,,,,,,,,,,,,,,
342092,0084000,1,広島県,ヒロシマケン,Hiroshima,,,,三次市,ミヨシシ,Miyoshi-shi,,,,布野町横谷,フノチョウヨコタニ,Funocho Yokotani,,,,,,,,0,0,0,0,0,0,1,1,1947-04-17,,0,7280211,,,,,,,,,,,,,,,
342092,0085000,1,広島県,ヒロシマケン,Hiroshima,,,,三次市,ミヨシシ,Miyoshi-shi,,,,南畑敷町,ミナミハタジキマチ,Minamihatajikimachi,,,,,,,,0,0,0,0,0,0,1,1,1947-04-17,,0,7280017,,,,,,,,,,,,,,,
342092,0087000,1,広島県,ヒロシマケン,Hiroshima,,,,三次市,ミヨシシ,Miyoshi-shi,,,,三次町,ミヨシマチ,Miyoshimachi,,,,,,,,0,0,0,0,0,0,1,1,1947-04-17,,0,7280021,,,,,,,,,,,,,,,
342092,0088000,1,広島県,ヒロシマケン,Hiroshima,,,,三次市,ミヨシシ,Miyoshi-shi,,,,三良坂町大谷,ミラサカチョウオオダニ,,,,,,,,,0,0,0,0,0,0,1,1,1947-04-17,,0,,,,,,,,,,,,,,,,
342092,0089000,1,広島県,ヒロシマケン,Hiroshima,,,,三次市,ミヨシシ,Miyoshi-shi,,,,三良坂町岡田,ミラサカチョウオカダ,Mirasakacho Okada,,,,,,,,0,0,0,0,0,0,1,1,1947-04-17,,0,7294306,,,,,,,,,,,,,,,
342092,0090000,1,広島県,ヒロシマケン,Hiroshima,,,,三次市,ミヨシシ,Miyoshi-shi,,,,三良坂町皆瀬,ミラサカチョウカイゼ,Mirasakacho Kaize,,,,,,,,0,0,0,0,0,0,1,1,1947-04-17,,0,7294307,,,,,,,,,,,,,,,
342092,0091000,1,広島県,ヒロシマケン,Hiroshima,,,,三次市,ミヨシシ,Miyoshi-shi,,,,三良坂町田利,ミラサカチョウタリ,Mirasakacho Tari,,,,,,,,0,0,0,0,0,0,1,1,1947-04-17,,0,7294308,,,,,,,,,,,,,,,
342092,0092000,1,広島県,ヒロシマケン,Hiroshima,,,,三次市,ミヨシシ,Miyoshi-shi,,,,三良坂町長田,ミラサカチョウナガタ,Mirasakacho Nagata,,,,,,,,0,0,0,0,0,0,1,1,1947-04-17,,0,7294305,,,,,,,,,,,,,,,
342092,0093000,1,広島県,ヒロシマケン,Hiroshima,,,,三次市,ミヨシシ,Miyoshi-shi,,,,三良坂町棗原,ミラサカチョウナツメバラ,,,,,,,,,0,0,0,0,0,0,1,1,1947-04-17,,0,,,,,,,,,,,,,,,,
342092,0094000,1,広島県,ヒロシマケン,Hiroshima,,,,三次市,ミヨシシ,Miyoshi-shi,,,,三良坂町仁賀,ミラサカチョウニカ,Mirasakacho Nika,,,,,,,,0,0,0,0,0,0,1,1,1947-04-17,,0,7294302,,,,,,,,,,,,,,,
342092,0095000,1,広島県,ヒロシマケン,Hiroshima,,,,三次市,ミヨシシ,Miyoshi-shi,,,,三良坂町灰塚,ミラサカチョウハイヅカ,Mirasakacho Haizuka,,,,,,,,0,0,0,0,0,0,1,1,1947-04-17,,0,7294303,,,,,,,,,,,,,,,
342092,0096000,1,広島県,ヒロシマケン,Hiroshima,,,,三次市,ミヨシシ,Miyoshi-shi,,,,三良坂町光清,ミラサカチョウミツキヨ,Mirasakacho Mitsukiyo,,,,,,,,0,0,0,0,0,0,1,1,1947-04-17,,0,7294301,,,,,,,,,,,,,,,
342092,0097000,1,広島県,ヒロシマケン,Hiroshima,,,,三次市,ミヨシシ,Miyoshi-shi,,,,三良坂町三良坂,ミラサカチョウミラサカ,Mirasakacho Mirasaka,,,,,,,,0,0,0,0,0,0,1,1,1947-04-17,,0,7294304,,,,,,,,,,,,,,,
342092,0098000,1,広島県,ヒロシマケン,Hiroshima,,,,三次市,ミヨシシ,Miyoshi-shi,,,,三若町,ミワカマチ,Miwakamachi,,,,,,,,0,0,0,0,0,0,1,1,1947-04-17,,0,7280621,,,,,,,,,,,,,,,
342092,0099000,1,広島県,ヒロシマケン,Hiroshima,,,,三次市,ミヨシシ,Miyoshi-shi,,,,三和町有原,ミワチョウアリハラ,Miwacho Arihara,,,,,,,,0,0,0,0,0,0,1,1,1947-04-17,,0,7296613,,,,,,,,,,,,,,,
342092,0100000,1,広島県,ヒロシマケン,Hiroshima,,,,三次市,ミヨシシ,Miyoshi-shi,,,,三和町飯田,ミワチョウイイダ,Miwacho Iida,,,,,,,,0,0,0,0,0,0,1,1,1947-04-17,,0,7296701,,,,,,,,,,,,,,,
342092,0101000,1,広島県,ヒロシマケン,Hiroshima,,,,三次市,ミヨシシ,Miyoshi-shi,,,,三和町上板木,ミワチョウカミイタキ,Miwacho Kamiitaki,,,,,,,,0,0,0,0,0,0,1,1,1947-04-17,,0,7296615,,,,,,,,,,,,,,,
342092,0102000,1,広島県,ヒロシマケン,Hiroshima,,,,三次市,ミヨシシ,Miyoshi-shi,,,,三和町上壱,ミワチョウカミイチ,Miwacho Kamiichi,,,,,,,,0,0,0,0,0,0,1,1,1947-04-17,,0,7296701,,,,,,,,,,,,,,,
342092,0103000,1,広島県,ヒロシマケン,Hiroshima,,,,三次市,ミヨシシ,Miyoshi-shi,,,,三和町敷名,ミワチョウシキナ,,,,,,,,,0,0,0,0,0,0,1,1,1947-04-17,,0,,,,,,,,,,,,,,,,
342092,0104000,1,広島県,ヒロシマケン,Hiroshima,,,,三次市,ミヨシシ,Miyoshi-shi,,,,三和町下板木,ミワチョウシモイタキ,Miwacho Shimoitaki,,,,,,,,0,0,0,0,0,0,1,1,1947-04-17,,0,7296612,,,,,,,,,,,,,,,
342092,0105000,1,広島県,ヒロシマケン,Hiroshima,,,,三次市,ミヨシシ,Miyoshi-shi,,,,三和町大力谷,ミワチョウダイリキダニ,Miwacho Dairikidani,,,,,,,,0,0,0,0,0,0,1,1,1947-04-17,,0,7296616,,,,,,,,,,,,,,,
342092,0106000,1,広島県,ヒロシマケン,Hiroshima,,,,三次市,ミヨシシ,Miyoshi-shi,,,,三和町羽出庭,ミワチョウハデニワ,Miwacho Hadeniwa,,,,,,,,0,0,0,0,0,0,1,1,1947-04-17,,0,7296614,,,,,,,,,,,,,,,
342092,0107000,1,広島県,ヒロシマケン,Hiroshima,,,,三次市,ミヨシシ,Miyoshi-shi,,,,三和町福田,ミワチョウフクダ,Miwacho Fukuda,,,,,,,,0,0,0,0,0,0,1,1,1947-04-17,,0,7296611,,,,,,,,,,,,,,,
342092,0108000,1,広島県,ヒロシマケン,Hiroshima,,,,三次市,ミヨシシ,Miyoshi-shi,,,,向江田町,ムコウエタマチ,Mukoetamachi,,,,,,,,0,0,0,0,0,0,1,1,1947-04-17,,0,7296202,,,,,,,,,,,,,,,
342092,0109000,1,広島県,ヒロシマケン,Hiroshima,,,,三次市,ミヨシシ,Miyoshi-shi,,,,廻神町,メグリカミマチ,Megurikamimachi,,,,,,,,0,0,0,0,0,0,1,1,1947-04-17,,0,7296213,,,,,,,,,,,,,,,
342092,0110000,1,広島県,ヒロシマケン,Hiroshima,,,,三次市,ミヨシシ,Miyoshi-shi,,,,山家町,ヤマガマチ,Yamagamachi,,,,,,,,0,0,0,0,0,0,1,1,1947-04-17,,0,7280001,,,,,,,,,,,,,,,
342092,0111000,1,広島県,ヒロシマケン,Hiroshima,,,,三次市,ミヨシシ,Miyoshi-shi,,,,和知町,ワチマチ,Wachimachi,,,,,,,,0,0,0,0,0,0,1,1,1947-04-17,,0,7296201,,,,,,,,,,,,,,,
342092,0112000,1,広島県,ヒロシマケン,Hiroshima,,,,三次市,ミヨシシ,Miyoshi-shi,,,,三原町,ミハラマチ,,,,,,,,,0,0,0,0,0,0,1,0,1947-04-17,,1,,,,,,,,,,,,,,,,
342106,0001000,1,広島県,ヒロシマケン,Hiroshima,,,,庄原市,ショウバラシ,Shobara-shi,,,,板橋町,イタバシチョウ,Itabashicho,,,,,,,,0,0,0,0,0,0,1,1,1947-04-17,,0,7270014,,,,,,,,,,,,,,,
342106,0002000,1,広島県,ヒロシマケン,Hiroshima,,,,庄原市,ショウバラシ,Shobara-shi,,,,市町,イチマチ,Ichimachi,,,,,,,,0,0,0,0,0,0,1,1,1947-04-17,,0,7270025,,,,,,,,,,,,,,,
342106,0003000,1,広島県,ヒロシマケン,Hiroshima,,,,庄原市,ショウバラシ,Shobara-shi,,,,上谷町,ウエダニチョウ,Uedanicho,,,,,,,,0,0,0,0,0,0,1,1,1947-04-17,,0,7270624,,,,,,,,,,,,,,,
342106,0004000,1,広島県,ヒロシマケン,Hiroshima,,,,庄原市,ショウバラシ,Shobara-shi,,,,大久保町,オオクボチョウ,Okubocho,,,,,,,,0,0,0,0,0,0,1,1,1947-04-17,,0,7270001,,,,,,,,,,,,,,,
342106,0005000,1,広島県,ヒロシマケン,Hiroshima,,,,庄原市,ショウバラシ,Shobara-shi,,,,尾引町,オビキチョウ,Obikicho,,,,,,,,0,0,0,0,0,0,1,1,1947-04-17,,0,7296143,,,,,,,,,,,,,,,
342106,0006000,1,広島県,ヒロシマケン,Hiroshima,,,,庄原市,ショウバラシ,Shobara-shi,,,,小用町,オヨウチョウ,Oyocho,,,,,,,,0,0,0,0,0,0,1,1,1947-04-17,,0,7295812,,,,,,,,,,,,,,,
342106,0007000,1,広島県,ヒロシマケン,Hiroshima,,,,庄原市,ショウバラシ,Shobara-shi,,,,掛田町,カケダチョウ,Kakedacho,,,,,,,,0,0,0,0,0,0,1,1,1947-04-17,,0,7270026,,,,,,,,,,,,,,,
342106,0008000,1,広島県,ヒロシマケン,Hiroshima,,,,庄原市,ショウバラシ,Shobara-shi,,,,上原町,カミハラチョウ,Kamiharacho,,,,,,,,0,0,0,0,0,0,1,1,1947-04-17,,0,7270022,,,,,,,,,,,,,,,
342106,0009000,1,広島県,ヒロシマケン,Hiroshima,,,,庄原市,ショウバラシ,Shobara-shi,,,,川北町,カワギタチョウ,Kawakitacho,,,,,,,,0,0,0,0,0,0,1,1,1947-04-17,,0,7270203,,,,,,,,,,,,,,,
342106,0010000,1,広島県,ヒロシマケン,Hiroshima,,,,庄原市,ショウバラシ,Shobara-shi,,,,川手町,カワテチョウ,Kawatemachi,,,,,,,,0,0,0,0,0,0,1,1,1947-04-17,,0,7270005,,,,,,,,,,,,,,,
342106,0011000,1,広島県,ヒロシマケン,Hiroshima,,,,庄原市,ショウバラシ,Shobara-shi,,,,川西町,カワニシチョウ,Kawanishicho,,,,,,,,0,0,0,0,0,0,1,1,1947-04-17,,0,7295813,,,,,,,,,,,,,,,
342106,0012000,1,広島県,ヒロシマケン,Hiroshima,,,,庄原市,ショウバラシ,Shobara-shi,,,,木戸町,キドチョウ,Kidocho,,,,,,,,0,0,0,0,0,0,1,1,1947-04-17,,0,7296134,,,,,,,,,,,,,,,
342106,0013000,1,広島県,ヒロシマケン,Hiroshima,,,,庄原市,ショウバラシ,Shobara-shi,,,,口和町大月,クチワチョウオオツキ,Kuchiwacho Otsuki,,,,,,,,0,0,0,0,0,0,1,1,1947-04-17,,0,7280503,,,,,,,,,,,,,,,
342106,0014000,1,広島県,ヒロシマケン,Hiroshima,,,,庄原市,ショウバラシ,Shobara-shi,,,,口和町金田,クチワチョウキンデ,Kuchiwacho Kinde,,,,,,,,0,0,0,0,0,0,1,1,1947-04-17,,0,7270112,,,,,,,,,,,,,,,
342106,0015000,1,広島県,ヒロシマケン,Hiroshima,,,,庄原市,ショウバラシ,Shobara-shi,,,,口和町竹地谷,クチワチョウタケチダニ,Kuchiwacho Takechidani,,,,,,,,0,0,0,0,0,0,1,1,1947-04-17,,0,7280504,,,,,,,,,,,,,,,
342106,0016000,1,広島県,ヒロシマケン,Hiroshima,,,,庄原市,ショウバラシ,Shobara-shi,,,,口和町常定,クチワチョウツネサダ,Kuchiwacho Tsunesada,,,,,,,,0,0,0,0,0,0,1,1,1947-04-17,,0,7270113,,,,,,,,,,,,,,,
342106,0017000,1,広島県,ヒロシマケン,Hiroshima,,,,庄原市,ショウバラシ,Shobara-shi,,,,口和町永田,クチワチョウナガタ,Kuchiwacho Nagata,,,,,,,,0,0,0,0,0,0,1,1,1947-04-17,,0,7270114,,,,,,,,,,,,,,,
342106,0018000,1,広島県,ヒロシマケン,Hiroshima,,,,庄原市,ショウバラシ,Shobara-shi,,,,口和町宮内,クチワチョウミヤウチ,Kuchiwacho Miyauchi,,,,,,,,0,0,0,0,0,0,1,1,1947-04-17,,0,7280501,,,,,,,,,,,,,,,
342106,0019000,1,広島県,ヒロシマケン,Hiroshima,,,,庄原市,ショウバラシ,Shobara-shi,,,,口和町向泉,クチワチョウムコウイズミ,Kuchiwacho Mukoizumi,,,,,,,,0,0,0,0,0,0,1,1,1947-04-17,,0,7280502,,,,,,,,,,,,,,,
342106,0020000,1,広島県,ヒロシマケン,Hiroshima,,,,庄原市,ショウバラシ,Shobara-shi,,,,口和町湯木,クチワチョウユキ,Kuchiwacho Yuki,,,,,,,,0,0,0,0,0,0,1,1,1947-04-17,,0,7270111,,,,,,,,,,,,,,,
342106,0021000,1,広島県,ヒロシマケン,Hiroshima,,,,庄原市,ショウバラシ,Shobara-shi,,,,高茂町,コウモチョウ,Komocho,,,,,,,,0,0,0,0,0,0,1,1,1947-04-17,,0,7296142,,,,,,,,,,,,,,,
342106,0022000,1,広島県,ヒロシマケン,Hiroshima,,,,庄原市,ショウバラシ,Shobara-shi,,,,是松町,コレマツチョウ,Korematsucho,,,,,,,,0,0,0,0,0,0,1,1,1947-04-17,,0,7270003,,,,,,,,,,,,,,,
342106,0023000,1,広島県,ヒロシマケン,Hiroshima,,,,庄原市,ショウバラシ,Shobara-shi,,,,西城町入江,サイジョウチョウイリエ,Saijocho Irie,,,,,,,,0,0,0,0,0,0,1,1,1947-04-17,,0,7295733,,,,,,,,,,,,,,,
342106,0024000,1,広島県,ヒロシマケン,Hiroshima,,,,庄原市,ショウバラシ,Shobara-shi,,,,西城町大佐,サイジョウチョウオオサ,Saijocho Osa,,,,,,,,0,0,0,0,0,0,1,1,1947-04-17,,0,7295722,,,,,,,,,,,,,,,
342106,0025000,1,広島県,ヒロシマケン,Hiroshima,,,,庄原市,ショウバラシ,Shobara-shi,,,,西城町大屋,サイジョウチョウオオヤ,Saijocho Oya,,,,,,,,0,0,0,0,0,0,1,0,1947-04-17,,0,7295744,,,,,,,,,,,,,,,
342106,0026000,1,広島県,ヒロシマケン,Hiroshima,,,,庄原市,ショウバラシ,Shobara-shi,,,,西城町熊野,サイジョウチョウクマノ,,,,,,,,,0,0,0,0,0,0,1,1,1947-04-17,,0,,,,,,,,,,,,,,,,
342106,0026181,3,広島県,ヒロシマケン,Hiroshima,,,,庄原市,ショウバラシ,Shobara-shi,,,,西城町熊野,サイジヨウチヨウクマノ,,,,,上梶谷,,,,0,0,0,0,0,0,1,0,1947-04-17,,1,,,,,,,,,,,,,,,,
342106,0026182,3,広島県,ヒロシマケン,Hiroshima,,,,庄原市,ショウバラシ,Shobara-shi,,,,西城町熊野,サイジヨウチヨウクマノ,,,,,下梶谷,,,,0,0,0,0,0,0,1,0,1947-04-17,,1,,,,,,,,,,,,,,,,
342106,0026183,3,広島県,ヒロシマケン,Hiroshima,,,,庄原市,ショウバラシ,Shobara-shi,,,,西城町熊野,サイジヨウチヨウクマノ,,,,,明賀,,,,0,0,0,0,0,0,1,0,1947-04-17,,1,,,,,,,,,,,,,,,,
342106,0027000,1,広島県,ヒロシマケン,Hiroshima,,,,庄原市,ショウバラシ,Shobara-shi,,,,西城町栗,サイジョウチョウクリ,Saijocho Kuri,,,,,,,,0,0,0,0,0,0,1,1,1947-04-17,,0,7295732,,,,,,,,,,,,,,,
342106,0028000,1,広島県,ヒロシマケン,Hiroshima,,,,庄原市,ショウバラシ,Shobara-shi,,,,西城町高尾,サイジョウチョウコウオ,Saijocho Koo,,,,,,,,0,0,0,0,0,0,1,1,1947-04-17,,0,7295612,,,,,,,,,,,,,,,
342106,0029000,1,広島県,ヒロシマケン,Hiroshima,,,,庄原市,ショウバラシ,Shobara-shi,,,,西城町西城,サイジョウチョウサイジョウ,Saijocho Saijo,,,,,,,,0,0,0,0,0,0,1,1,1947-04-17,,0,7295731,,,,,,,,,,,,,,,
342106,0030000,1,広島県,ヒロシマケン,Hiroshima,,,,庄原市,ショウバラシ,Shobara-shi,,,,西城町中迫,サイジョウチョウナカザコ,Saijocho Nakazako,,,,,,,,0,0,0,0,0,0,1,1,1947-04-17,,0,7295743,,,,,,,,,,,,,,,
342106,0031000,1,広島県,ヒロシマケン,Hiroshima,,,,庄原市,ショウバラシ,Shobara-shi,,,,西城町中野,サイジョウチョウナカノ,Saijocho Nakano,,,,,,,,0,0,0,0,0,0,1,1,1947-04-17,,0,7295742,,,,,,,,,,,,,,,
342106,0032000,1,広島県,ヒロシマケン,Hiroshima,,,,庄原市,ショウバラシ,Shobara-shi,,,,西城町八鳥,サイジョウチョウハットリ,,,,,,,,,0,0,0,0,0,0,1,1,1947-04-17,,0,,,,,,,,,,,,,,,,
342106,0032150,3,広島県,ヒロシマケン,Hiroshima,,,,庄原市,ショウバラシ,Shobara-shi,,,,西城町八鳥,サイジョウチョウハットリ,,,,,字杉ノ原,アザスギノハラ,,,0,0,0,0,0,0,1,0,1947-04-17,,0,,,,,,,,,,,,,,,,
342106,0032177,3,広島県,ヒロシマケン,Hiroshima,,,,庄原市,ショウバラシ,Shobara-shi,,,,西城町八鳥,サイジョウチョウハットリ,,,,,字二重坂,アザフタエザカ,,,0,0,0,0,0,0,1,0,1947-04-17,,0,,,,,,,,,,,,,,,,
342106,0032186,3,広島県,ヒロシマケン,Hiroshima,,,,庄原市,ショウバラシ,Shobara-shi,,,,西城町八鳥,サイジョウチョウハットリ,,,,,字明賀,アザミヨウガ,,,0,0,0,0,0,0,1,0,1947-04-17,,0,,,,,,,,,,,,,,,,
342106,0032195,3,広島県,ヒロシマケン,Hiroshima,,,,庄原市,ショウバラシ,Shobara-shi,,,,西城町八鳥,サイジヨウチヨウハツトリ,,,,,落合駅前,,,,0,0,0,0,0,0,1,0,1947-04-17,,1,,,,,,,,,,,,,,,,
342106,0033000,1,広島県,ヒロシマケン,Hiroshima,,,,庄原市,ショウバラシ,Shobara-shi,,,,西城町小鳥原,サイジョウチョウヒトトバラ,Saijocho Hitotobara,,,,,,,,0,0,0,0,0,0,1,1,1947-04-17,,0,7295601,,,,,,,,,,,,,,,
342106,0034000,1,広島県,ヒロシマケン,Hiroshima,,,,庄原市,ショウバラシ,Shobara-shi,,,,西城町平子,サイジョウチョウヒラコ,Saijocho Hirako,,,,,,,,0,0,0,0,0,0,1,1,1947-04-17,,0,7295723,,,,,,,,,,,,,,,
342106,0035000,1,広島県,ヒロシマケン,Hiroshima,,,,庄原市,ショウバラシ,Shobara-shi,,,,西城町福山,サイジョウチョウフクヤマ,Saijocho Fukuyama,,,,,,,,0,0,0,0,0,0,1,1,1947-04-17,,0,7295745,,,,,,,,,,,,,,,
342106,0036000,1,広島県,ヒロシマケン,Hiroshima,,,,庄原市,ショウバラシ,Shobara-shi,,,,西城町三坂,サイジョウチョウミサカ,Saijocho Misaka,,,,,,,,0,0,0,0,0,0,1,1,1947-04-17,,0,7295611,,,,,,,,,,,,,,,
342106,0037000,1,広島県,ヒロシマケン,Hiroshima,,,,庄原市,ショウバラシ,Shobara-shi,,,,西城町油木,サイジョウチョウユキ,Saijocho Yuki,,,,,,,,0,0,0,0,0,0,1,1,1947-04-17,,0,7295602,,,,,,,,,,,,,,,
342106,0038000,1,広島県,ヒロシマケン,Hiroshima,,,,庄原市,ショウバラシ,Shobara-shi,,,,実留町,サネドメチョウ,Sanedomecho,,,,,,,,0,0,0,0,0,0,1,1,1947-04-17,,0,7270015,,,,,,,,,,,,,,,
342106,0039000,1,広島県,ヒロシマケン,Hiroshima,,,,庄原市,ショウバラシ,Shobara-shi,,,,春田町,シュンダチョウ,Shundacho,,,,,,,,0,0,0,0,0,0,1,1,1947-04-17,,0,7270621,,,,,,,,,,,,,,,
342106,0040000,1,広島県,ヒロシマケン,Hiroshima,,,,庄原市,ショウバラシ,Shobara-shi,,,,新庄町,シンジョウチョウ,Shinjocho,,,,,,,,0,0,0,0,0,0,1,1,1947-04-17,,0,7270004,,,,,,,,,,,,,,,
342106,0041000,1,広島県,ヒロシマケン,Hiroshima,,,,庄原市,ショウバラシ,Shobara-shi,,,,総領町稲草,ソウリョウチョウイナクサ,Soryocho Inakusa,,,,,,,,0,0,0,0,0,0,1,1,1947-04-17,,0,7293721,,,,,,,,,,,,,,,
342106,0042000,1,広島県,ヒロシマケン,Hiroshima,,,,庄原市,ショウバラシ,Shobara-shi,,,,総領町上領家,ソウリョウチョウカミリョウケ,Soryocho Kamiryoke,,,,,,,,0,0,0,0,0,0,1,1,1947-04-17,,0,7293712,,,,,,,,,,,,,,,
342106,0043000,1,広島県,ヒロシマケン,Hiroshima,,,,庄原市,ショウバラシ,Shobara-shi,,,,総領町亀谷,ソウリョウチョウカメダニ,Soryocho Kamedani,,,,,,,,0,0,0,0,0,0,1,1,1947-04-17,,0,7293702,,,,,,,,,,,,,,,
342106,0044000,1,広島県,ヒロシマケン,Hiroshima,,,,庄原市,ショウバラシ,Shobara-shi,,,,総領町木屋,ソウリョウチョウキヤ,Soryocho Kiya,,,,,,,,0,0,0,0,0,0,1,1,1947-04-17,,0,7293722,,,,,,,,,,,,,,,
342106,0045000,1,広島県,ヒロシマケン,Hiroshima,,,,庄原市,ショウバラシ,Shobara-shi,,,,総領町黒目,ソウリョウチョウクロメ,Soryocho Kurome,,,,,,,,0,0,0,0,0,0,1,1,1947-04-17,,0,7293701,,,,,,,,,,,,,,,
342106,0046000,1,広島県,ヒロシマケン,Hiroshima,,,,庄原市,ショウバラシ,Shobara-shi,,,,総領町五箇,ソウリョウチョウゴカ,Soryocho Goka,,,,,,,,0,0,0,0,0,0,1,1,1947-04-17,,0,7293711,,,,,,,,,,,,,,,
342106,0047000,1,広島県,ヒロシマケン,Hiroshima,,,,庄原市,ショウバラシ,Shobara-shi,,,,総領町下領家,ソウリョウチョウシモリョウケ,Soryocho Shimoryoke,,,,,,,,0,0,0,0,0,0,1,1,1947-04-17,,0,7293703,,,,,,,,,,,,,,,
342106,0048000,1,広島県,ヒロシマケン,Hiroshima,,,,庄原市,ショウバラシ,Shobara-shi,,,,総領町中領家,ソウリョウチョウナカリョウケ,Soryocho Nakaryoke,,,,,,,,0,0,0,0,0,0,1,1,1947-04-17,,0,7293713,,,,,,,,,,,,,,,
342106,0049000,1,広島県,ヒロシマケン,Hiroshima,,,,庄原市,ショウバラシ,Shobara-shi,,,,高門町,タカカドチョウ,Takakadocho,,,,,,,,0,0,0,0,0,0,1,1,1947-04-17,,0,7270002,,,,,,,,,,,,,,,
342106,0050000,1,広島県,ヒロシマケン,Hiroshima,,,,庄原市,ショウバラシ,Shobara-shi,,,,高野町上里原,タカノチョウアガリハラ,Takanocho Agarihara,,,,,,,,0,0,0,0,0,0,1,1,1947-04-17,,0,7270425,,,,,,,,,,,,,,,
342106,0051000,1,広島県,ヒロシマケン,Hiroshima,,,,庄原市,ショウバラシ,Shobara-shi,,,,高野町岡大内,タカノチョウオカオオチ,Takanocho Okaouchi,,,,,,,,0,0,0,0,0,0,1,1,1947-04-17,,0,7270403,,,,,,,,,,,,,,,
342106,0052000,1,広島県,ヒロシマケン,Hiroshima,,,,庄原市,ショウバラシ,Shobara-shi,,,,高野町奥門田,タカノチョウオクモンデ,Takanocho Okumonde,,,,,,,,0,0,0,0,0,0,1,1,1947-04-17,,0,7270422,,,,,,,,,,,,,,,
342106,0053000,1,広島県,ヒロシマケン,Hiroshima,,,,庄原市,ショウバラシ,Shobara-shi,,,,高野町上湯川,タカノチョウカミユカワ,Takanocho Kamiyukawa,,,,,,,,0,0,0,0,0,0,1,1,1947-04-17,,0,7270411,,,,,,,,,,,,,,,
342106,0054000,1,広島県,ヒロシマケン,Hiroshima,,,,庄原市,ショウバラシ,Shobara-shi,,,,高野町高暮,タカノチョウコウボ,Takanocho Kobo,,,,,,,,0,0,0,0,0,0,1,1,1947-04-17,,0,7270424,,,,,,,,,,,,,,,
342106,0055000,1,広島県,ヒロシマケン,Hiroshima,,,,庄原市,ショウバラシ,Shobara-shi,,,,高野町下湯川,タカノチョウシモユカワ,Takanocho Shimoyukawa,,,,,,,,0,0,0,0,0,0,1,1,1947-04-17,,0,7270412,,,,,,,,,,,,,,,
342106,0056000,1,広島県,ヒロシマケン,Hiroshima,,,,庄原市,ショウバラシ,Shobara-shi,,,,高野町下門田,タカノチョウシモンデ,Takanocho Shimonde,,,,,,,,0,0,0,0,0,0,1,1,1947-04-17,,0,7270423,,,,,,,,,,,,,,,
342106,0057000,1,広島県,ヒロシマケン,Hiroshima,,,,庄原市,ショウバラシ,Shobara-shi,,,,高野町新市,タカノチョウシンイチ,Takanocho Shinichi,,,,,,,,0,0,0,0,0,0,1,1,1947-04-17,,0,7270402,,,,,,,,,,,,,,,
342106,0058000,1,広島県,ヒロシマケン,Hiroshima,,,,庄原市,ショウバラシ,Shobara-shi,,,,高野町中門田,タカノチョウナカモンデ,Takanocho Nakamonde,,,,,,,,0,0,0,0,0,0,1,1,1947-04-17,,0,7270421,,,,,,,,,,,,,,,
342106,0059000,1,広島県,ヒロシマケン,Hiroshima,,,,庄原市,ショウバラシ,Shobara-shi,,,,高野町南,タカノチョウミナミ,Takanocho Minami,,,,,,,,0,0,0,0,0,0,1,1,1947-04-17,,0,7270413,,,,,,,,,,,,,,,
342106,0060000,1,広島県,ヒロシマケン,Hiroshima,,,,庄原市,ショウバラシ,Shobara-shi,,,,高野町和南原,タカノチョウワナンバラ,Takanocho Wanambara,,,,,,,,0,0,0,0,0,0,1,1,1947-04-17,,0,7270401,,,,,,,,,,,,,,,
342106,0061000,1,広島県,ヒロシマケン,Hiroshima,,,,庄原市,ショウバラシ,Shobara-shi,,,,高町,タカマチ,Takamachi,,,,,,,,0,0,0,0,0,0,1,1,1947-04-17,,0,7295811,,,,,,,,,,,,,,,
342106,0062000,1,広島県,ヒロシマケン,Hiroshima,,,,庄原市,ショウバラシ,Shobara-shi,,,,田原町,タワラチョウ,Tawaracho,,,,,,,,0,0,0,0,0,0,1,1,1947-04-17,,0,7270024,,,,,,,,,,,,,,,
342106,0063000,1,広島県,ヒロシマケン,Hiroshima,,,,庄原市,ショウバラシ,Shobara-shi,,,,東城町粟田,トウジョウチョウアワタ,Tojocho Awata,,,,,,,,0,0,0,0,0,0,1,1,1947-04-17,,0,7295127,,,,,,,,,,,,,,,
342106,0064000,1,広島県,ヒロシマケン,Hiroshima,,,,庄原市,ショウバラシ,Shobara-shi,,,,東城町受原,トウジョウチョウウケバラ,,,,,,,,,0,0,0,0,0,0,1,1,1947-04-17,,0,,,,,,,,,,,,,,,,
342106,0064122,3,広島県,ヒロシマケン,Hiroshima,,,,庄原市,ショウバラシ,Shobara-shi,,,,東城町受原,トウジョウチョウウケバラ,,,,,字中ノ谷,アザナカノタニ,,,0,0,0,0,0,0,1,0,1947-04-17,,0,,,,,,,,,,,,,,,,
342106,0065000,1,広島県,ヒロシマケン,Hiroshima,,,,庄原市,ショウバラシ,Shobara-shi,,,,東城町内堀,トウジョウチョウウツボリ,Tojocho Utsubori,,,,,,,,0,0,0,0,0,0,1,1,1947-04-17,,0,7295502,,,,,,,,,,,,,,,
342106,0066000,1,広島県,ヒロシマケン,Hiroshima,,,,庄原市,ショウバラシ,Shobara-shi,,,,東城町小串,トウジョウチョウオグシ,Tojocho Ogushi,,,,,,,,0,0,0,0,0,0,1,1,1947-04-17,,0,7295504,,,,,,,,,,,,,,,
342106,0067000,1,広島県,ヒロシマケン,Hiroshima,,,,庄原市,ショウバラシ,Shobara-shi,,,,東城町小奴可,トウジョウチョウオヌカ,Tojocho Onuka,,,,,,,,0,0,0,0,0,0,1,1,1947-04-17,,0,7295501,,,,,,,,,,,,,,,
342106,0068000,1,広島県,ヒロシマケン,Hiroshima,,,,庄原市,ショウバラシ,Shobara-shi,,,,東城町加谷,トウジョウチョウカダニ,Tojocho Kadani,,,,,,,,0,0,0,0,0,0,1,1,1947-04-17,,0,7295506,,,,,,,,,,,,,,,
342106,0069000,1,広島県,ヒロシマケン,Hiroshima,,,,庄原市,ショウバラシ,Shobara-shi,,,,東城町川鳥,トウジョウチョウカワトリ,Tojocho Kawatori,,,,,,,,0,0,0,0,0,0,1,1,1947-04-17,,0,7295454,,,,,,,,,,,,,,,
342106,0070000,1,広島県,ヒロシマケン,Hiroshima,,,,庄原市,ショウバラシ,Shobara-shi,,,,東城町川西,トウジョウチョウカワニシ,Tojocho Kawanishi,,,,,,,,0,0,0,0,0,0,1,1,1947-04-17,,0,7295125,,,,,,,,,,,,,,,
342106,0071000,1,広島県,ヒロシマケン,Hiroshima,,,,庄原市,ショウバラシ,Shobara-shi,,,,東城町川東,トウジョウチョウカワヒガシ,Tojocho Kawahigashi,,,,,,,,0,0,0,0,0,0,1,1,1947-04-17,,0,7295121,,,,,,,,,,,,,,,
342106,0072000,1,広島県,ヒロシマケン,Hiroshima,,,,庄原市,ショウバラシ,Shobara-shi,,,,東城町久代,トウジョウチョウクシロ,Tojocho Kushiro,,,,,,,,0,0,0,0,0,0,1,1,1947-04-17,,0,7295122,,,,,,,,,,,,,,,
342106,0073000,1,広島県,ヒロシマケン,Hiroshima,,,,庄原市,ショウバラシ,Shobara-shi,,,,東城町塩原,トウジョウチョウシオハラ,Tojocho Shiohara,,,,,,,,0,0,0,0,0,0,1,1,1947-04-17,,0,7295505,,,,,,,,,,,,,,,
342106,0074000,1,広島県,ヒロシマケン,Hiroshima,,,,庄原市,ショウバラシ,Shobara-shi,,,,東城町新福代,トウジョウチョウシンフクシロ,Tojocho Shinfukushiro,,,,,,,,0,0,0,0,0,0,1,1,1947-04-17,,0,7295112,,,,,,,,,,,,,,,
342106,0075000,1,広島県,ヒロシマケン,Hiroshima,,,,庄原市,ショウバラシ,Shobara-shi,,,,東城町新免,トウジョウチョウシンメン,Tojocho Shimmen,,,,,,,,0,0,0,0,0,0,1,1,1947-04-17,,0,7295131,,,,,,,,,,,,,,,
342106,0076000,1,広島県,ヒロシマケン,Hiroshima,,,,庄原市,ショウバラシ,Shobara-shi,,,,東城町菅,トウジョウチョウスゲ,Tojocho Suge,,,,,,,,0,0,0,0,0,0,1,1,1947-04-17,,0,7295452,,,,,,,,,,,,,,,
342106,0077000,1,広島県,ヒロシマケン,Hiroshima,,,,庄原市,ショウバラシ,Shobara-shi,,,,東城町帝釈宇山,トウジョウチョウタイシャクウヤマ,Tojocho Taishakuyama,,,,,,,,0,0,0,0,0,0,1,1,1947-04-17,,0,7295241,,,,,,,,,,,,,,,
342106,0078000,1,広島県,ヒロシマケン,Hiroshima,,,,庄原市,ショウバラシ,Shobara-shi,,,,東城町帝釈始終,トウジョウチョウタイシャクシシュウ,Tojocho Taishakushishu,,,,,,,,0,0,0,0,0,0,1,1,1947-04-17,,0,7295243,,,,,,,,,,,,,,,
342106,0079000,1,広島県,ヒロシマケン,Hiroshima,,,,庄原市,ショウバラシ,Shobara-shi,,,,東城町帝釈未渡,トウジョウチョウタイシャクミド,Tojocho Taishakumido,,,,,,,,0,0,0,0,0,0,1,1,1947-04-17,,0,7295244,,,,,,,,,,,,,,,
342106,0080000,1,広島県,ヒロシマケン,Hiroshima,,,,庄原市,ショウバラシ,Shobara-shi,,,,東城町帝釈山中,トウジョウチョウタイシャクヤマナカ,Tojocho Taishakuyamanaka,,,,,,,,0,0,0,0,0,0,1,1,1947-04-17,,0,7295242,,,,,,,,,,,,,,,
342106,0081000,1,広島県,ヒロシマケン,Hiroshima,,,,庄原市,ショウバラシ,Shobara-shi,,,,東城町田黒,トウジョウチョウタグロ,Tojocho Taguro,,,,,,,,0,0,0,0,0,0,1,1,1947-04-17,,0,7295451,,,,,,,,,,,,,,,
342106,0082000,1,広島県,ヒロシマケン,Hiroshima,,,,庄原市,ショウバラシ,Shobara-shi,,,,東城町竹森,トウジョウチョウタケモリ,Tojocho Takemori,,,,,,,,0,0,0,0,0,0,1,1,1947-04-17,,0,7295126,,,,,,,,,,,,,,,
342106,0083000,1,広島県,ヒロシマケン,Hiroshima,,,,庄原市,ショウバラシ,Shobara-shi,,,,東城町千鳥,トウジョウチョウチドリ,Tojocho Chidori,,,,,,,,0,0,0,0,0,0,1,1,1947-04-17,,0,7295503,,,,,,,,,,,,,,,
342106,0084000,1,広島県,ヒロシマケン,Hiroshima,,,,庄原市,ショウバラシ,Shobara-shi,,,,東城町戸宇,トウジョウチョウトウ,Tojocho To,,,,,,,,0,0,0,0,0,0,1,1,1947-04-17,,0,7295123,,,,,,,,,,,,,,,
342106,0085000,1,広島県,ヒロシマケン,Hiroshima,,,,庄原市,ショウバラシ,Shobara-shi,,,,東城町東城,トウジョウチョウトウジョウ,Tojocho Tojo,,,,,,,,0,0,0,0,0,0,1,1,1947-04-17,,0,7295124,,,,,,,,,,,,,,,
342106,0086000,1,広島県,ヒロシマケン,Hiroshima,,,,庄原市,ショウバラシ,Shobara-shi,,,,東城町福代,トウジョウチョウフクシロ,Tojocho Fukushiro,,,,,,,,0,0,0,0,0,0,1,1,1947-04-17,,0,7295111,,,,,,,,,,,,,,,
342106,0087000,1,広島県,ヒロシマケン,Hiroshima,,,,庄原市,ショウバラシ,Shobara-shi,,,,東城町三坂,トウジョウチョウミサカ,Tojocho Misaka,,,,,,,,0,0,0,0,0,0,1,1,1947-04-17,,0,7295132,,,,,,,,,,,,,,,
342106,0088000,1,広島県,ヒロシマケン,Hiroshima,,,,庄原市,ショウバラシ,Shobara-shi,,,,東城町森,トウジョウチョウモリ,Tojocho Mori,,,,,,,,0,0,0,0,0,0,1,1,1947-04-17,,0,7295456,,,,,,,,,,,,,,,
342106,0089000,1,広島県,ヒロシマケン,Hiroshima,,,,庄原市,ショウバラシ,Shobara-shi,,,,東城町保田,トウジョウチョウヤスダ,Tojocho Yasuda,,,,,,,,0,0,0,0,0,0,1,1,1947-04-17,,0,7295455,,,,,,,,,,,,,,,
342106,0090000,1,広島県,ヒロシマケン,Hiroshima,,,,庄原市,ショウバラシ,Shobara-shi,,,,戸郷町,トゴウチョウ,Togocho,,,,,,,,0,0,0,0,0,0,1,1,1947-04-17,,0,7270017,,,,,,,,,,,,,,,
342106,0091000,1,広島県,ヒロシマケン,Hiroshima,,,,庄原市,ショウバラシ,Shobara-shi,,,,殿垣内町,トノゴウチチョウ,Tonogochicho,,,,,,,,0,0,0,0,0,0,1,1,1947-04-17,,0,7296133,,,,,,,,,,,,,,,
342106,0092000,1,広島県,ヒロシマケン,Hiroshima,,,,庄原市,ショウバラシ,Shobara-shi,,,,永末町,ナガスエチョウ,Nagasuecho,,,,,,,,0,0,0,0,0,0,1,1,1947-04-17,,0,7270008,,,,,,,,,,,,,,,
342106,0093001,2,広島県,ヒロシマケン,Hiroshima,,,,庄原市,ショウバラシ,Shobara-shi,,,,中本町,ナカホンマチ,Nakahommachi,一丁目,１チョウメ,1,,,,,1,1,0,0,0,0,1,1,1947-04-17,,0,,,,,,,,,,,,,,,,
342106,0093002,2,広島県,ヒロシマケン,Hiroshima,,,,庄原市,ショウバラシ,Shobara-shi,,,,中本町,ナカホンマチ,Nakahommachi,二丁目,２チョウメ,2,,,,,1,1,0,0,0,0,1,1,1947-04-17,,0,,,,,,,,,,,,,,,,
342106,0094000,1,広島県,ヒロシマケン,Hiroshima,,,,庄原市,ショウバラシ,Shobara-shi,,,,七塚町,ナナツカチョウ,Nanatsukacho,,,,,,,,0,0,0,0,0,0,1,1,1947-04-17,,0,7270023,,,,,,,,,,,,,,,
342106,0095000,1,広島県,ヒロシマケン,Hiroshima,,,,庄原市,ショウバラシ,Shobara-shi,,,,濁川町,ニゴリカワチョウ,Nigorikawacho,,,,,,,,0,0,0,0,0,0,1,1,1947-04-17,,0,7270202,,,,,,,,,,,,,,,
342106,0096001,2,広島県,ヒロシマケン,Hiroshima,,,,庄原市,ショウバラシ,Shobara-shi,,,,西本町,ニシホンマチ,Nishihommachi,一丁目,１チョウメ,1,,,,,1,1,0,0,0,0,1,1,1947-04-17,,0,,,,,,,,,,,,,,,,
342106,0096002,2,広島県,ヒロシマケン,Hiroshima,,,,庄原市,ショウバラシ,Shobara-shi,,,,西本町,ニシホンマチ,Nishihommachi,二丁目,２チョウメ,2,,,,,1,1,0,0,0,0,1,1,1947-04-17,,0,,,,,,,,,,,,,,,,
342106,0096003,2,広島県,ヒロシマケン,Hiroshima,,,,庄原市,ショウバラシ,Shobara-shi,,,,西本町,ニシホンマチ,Nishihommachi,三丁目,３チョウメ,3,,,,,1,1,0,0,0,0,1,1,1947-04-17,,0,,,,,,,,,,,,,,,,
342106,0096004,2,広島県,ヒロシマケン,Hiroshima,,,,庄原市,ショウバラシ,Shobara-shi,,,,西本町,ニシホンマチ,Nishihommachi,四丁目,４チョウメ,4,,,,,1,1,0,0,0,0,1,1,1947-04-17,,0,,,,,,,,,,,,,,,,
342106,0097001,2,広島県,ヒロシマケン,Hiroshima,,,,庄原市,ショウバラシ,Shobara-shi,,,,東本町,ヒガシホンマチ,Higashihommachi,一丁目,１チョウメ,1,,,,,1,1,0,0,0,0,1,1,1947-04-17,,0,,,,,,,,,,,,,,,,
342106,0097002,2,広島県,ヒロシマケン,Hiroshima,,,,庄原市,ショウバラシ,Shobara-shi,,,,東本町,ヒガシホンマチ,Higashihommachi,二丁目,２チョウメ,2,,,,,1,1,0,0,0,0,1,1,1947-04-17,,0,,,,,,,,,,,,,,,,
342106,0097003,2,広島県,ヒロシマケン,Hiroshima,,,,庄原市,ショウバラシ,Shobara-shi,,,,東本町,ヒガシホンマチ,Higashihommachi,三丁目,３チョウメ,3,,,,,1,1,0,0,0,0,1,1,1947-04-17,,0,,,,,,,,,,,,,,,,
342106,0097004,2,広島県,ヒロシマケン,Hiroshima,,,,庄原市,ショウバラシ,Shobara-shi,,,,東本町,ヒガシホンマチ,Higashihommachi,四丁目,４チョウメ,4,,,,,1,1,0,0,0,0,1,1,1947-04-17,,0,,,,,,,,,,,,,,,,
342106,0098000,1,広島県,ヒロシマケン,Hiroshima,,,,庄原市,ショウバラシ,Shobara-shi,,,,一木町,ヒトツギチョウ,Hitotsugicho,,,,,,,,0,0,0,0,0,0,1,1,1947-04-17,,0,7270016,,,,,,,,,,,,,,,
342106,0099000,1,広島県,ヒロシマケン,Hiroshima,,,,庄原市,ショウバラシ,Shobara-shi,,,,比和町古頃,ヒワチョウコゴロ,Hiwacho Kogoro,,,,,,,,0,0,0,0,0,0,1,1,1947-04-17,,0,7270302,,,,,,,,,,,,,,,
342106,0100000,1,広島県,ヒロシマケン,Hiroshima,,,,庄原市,ショウバラシ,Shobara-shi,,,,比和町木屋原,ヒワチョウコヤバラ,Hiwacho Koyabara,,,,,,,,0,0,0,0,0,0,1,1,1947-04-17,,0,7270312,,,,,,,,,,,,,,,
342106,0101000,1,広島県,ヒロシマケン,Hiroshima,,,,庄原市,ショウバラシ,Shobara-shi,,,,比和町比和,ヒワチョウヒワ,Hiwacho Hiwa,,,,,,,,0,0,0,0,0,0,1,1,1947-04-17,,0,7270301,,,,,,,,,,,,,,,
342106,0102000,1,広島県,ヒロシマケン,Hiroshima,,,,庄原市,ショウバラシ,Shobara-shi,,,,比和町三河内,ヒワチョウミツガイチ,Hiwacho Mitsugaichi,,,,,,,,0,0,0,0,0,0,1,1,1947-04-17,,0,7270311,,,,,,,,,,,,,,,
342106,0103000,1,広島県,ヒロシマケン,Hiroshima,,,,庄原市,ショウバラシ,Shobara-shi,,,,比和町森脇,ヒワチョウモリワキ,Hiwacho Moriwaki,,,,,,,,0,0,0,0,0,0,1,1,1947-04-17,,0,7270321,,,,,,,,,,,,,,,
342106,0104000,1,広島県,ヒロシマケン,Hiroshima,,,,庄原市,ショウバラシ,Shobara-shi,,,,平和町,ヘイワチョウ,Heiwacho,,,,,,,,0,0,0,0,0,0,1,1,1947-04-17,,0,7296144,,,,,,,,,,,,,,,
342106,0105000,1,広島県,ヒロシマケン,Hiroshima,,,,庄原市,ショウバラシ,Shobara-shi,,,,本郷町,ホンゴウチョウ,Hongocho,,,,,,,,0,0,0,0,0,0,1,1,1947-04-17,,0,7296132,,,,,,,,,,,,,,,
342106,0106000,1,広島県,ヒロシマケン,Hiroshima,,,,庄原市,ショウバラシ,Shobara-shi,,,,本町,ホンマチ,Hommachi,,,,,,,,0,0,0,0,0,0,1,1,1947-04-17,,0,7270006,,,,,,,,,,,,,,,
342106,0107000,1,広島県,ヒロシマケン,Hiroshima,,,,庄原市,ショウバラシ,Shobara-shi,,,,本村町,ホンムラチョウ,Hommuracho,,,,,,,,0,0,0,0,0,0,1,1,1947-04-17,,0,7270623,,,,,,,,,,,,,,,
342106,0108000,1,広島県,ヒロシマケン,Hiroshima,,,,庄原市,ショウバラシ,Shobara-shi,,,,水越町,ミズコシチョウ,Mizukoshicho,,,,,,,,0,0,0,0,0,0,1,1,1947-04-17,,0,7296141,,,,,,,,,,,,,,,
342106,0109000,1,広島県,ヒロシマケン,Hiroshima,,,,庄原市,ショウバラシ,Shobara-shi,,,,三日市町,ミッカイチチョウ,Mikkaichicho,,,,,,,,0,0,0,0,0,0,1,1,1947-04-17,,0,7270021,,,,,,,,,,,,,,,
342106,0110000,1,広島県,ヒロシマケン,Hiroshima,,,,庄原市,ショウバラシ,Shobara-shi,,,,峰田町,ミネタチョウ,Minetacho,,,,,,,,0,0,0,0,0,0,1,1,1947-04-17,,0,7270622,,,,,,,,,,,,,,,
342106,0111000,1,広島県,ヒロシマケン,Hiroshima,,,,庄原市,ショウバラシ,Shobara-shi,,,,宮内町,ミヤウチチョウ,Miyauchicho,,,,,,,,0,0,0,0,0,0,1,1,1947-04-17,,0,7270007,,,,,,,,,,,,,,,
342106,0112000,1,広島県,ヒロシマケン,Hiroshima,,,,庄原市,ショウバラシ,Shobara-shi,,,,門田町,モンデチョウ,Mondecho,,,,,,,,0,0,0,0,0,0,1,1,1947-04-17,,0,7270201,,,,,,,,,,,,,,,
342106,0113000,1,広島県,ヒロシマケン,Hiroshima,,,,庄原市,ショウバラシ,Shobara-shi,,,,山内町,ヤマノウチチョウ,Yamanochicho,,,,,,,,0,0,0,0,0,0,1,1,1947-04-17,,0,7296131,,,,,,,,,,,,,,,
342114,0001000,1,広島県,ヒロシマケン,Hiroshima,,,,大竹市,オオタケシ,Otake-shi,,,,阿多田,アタタ,Atata,,,,,,,,0,0,0,0,0,0,1,1,1947-04-17,,0,7390607,,,,,,,,,,,,,,,
342114,0002000,1,広島県,ヒロシマケン,Hiroshima,,,,大竹市,オオタケシ,Otake-shi,,,,安条,アンジョウ,Anjo,,,,,,,,0,0,0,0,0,0,1,1,1947-04-17,,0,7390634,,,,,,,,,,,,,,,
342114,0003000,1,広島県,ヒロシマケン,Hiroshima,,,,大竹市,オオタケシ,Otake-shi,,,,後飯谷,ウシロイイタニ,Ushiroiitani,,,,,,,,0,0,0,0,0,0,1,1,1947-04-17,,0,7390637,,,,,,,,,,,,,,,
342114,0004000,1,広島県,ヒロシマケン,Hiroshima,,,,大竹市,オオタケシ,Otake-shi,,,,大竹町大竹,オオタケチョウオオタケ,,,,,,,,,0,0,0,0,0,0,1,1,1947-04-17,,0,,,,,,,,,,,,,,,,
342114,0005000,1,広島県,ヒロシマケン,Hiroshima,,,,大竹市,オオタケシ,Otake-shi,,,,大竹町木野,オオタケチョウコノ,,,,,,,,,0,0,0,0,0,0,1,1,1947-04-17,,0,,,,,,,,,,,,,,,,
342114,0006000,1,広島県,ヒロシマケン,Hiroshima,,,,大竹市,オオタケシ,Otake-shi,,,,大竹町油見,オオタケチョウユウミ,,,,,,,,,0,0,0,0,0,0,1,1,1947-04-17,,0,,,,,,,,,,,,,,,,
342114,0007001,2,広島県,ヒロシマケン,Hiroshima,,,,大竹市,オオタケシ,Otake-shi,,,,小方,オガタ,Ogata,１丁目,１チョウメ,1,,,,,1,1,0,0,0,0,1,1,1947-04-17,,0,,,,,,,,,,,,,,,,
342114,0007002,2,広島県,ヒロシマケン,Hiroshima,,,,大竹市,オオタケシ,Otake-shi,,,,小方,オガタ,Ogata,２丁目,２チョウメ,2,,,,,1,1,0,0,0,0,1,1,1947-04-17,,0,,,,,,,,,,,,,,,,
342114,0008000,1,広島県,ヒロシマケン,Hiroshima,,,,大竹市,オオタケシ,Otake-shi,,,,小方ケ丘,オガタガオカ,Ogatagaoka,,,,,,,,1,1,0,0,0,0,1,1,1947-04-17,,0,7390628,,,,,,,,,,,,,,,
342114,0009000,1,広島県,ヒロシマケン,Hiroshima,,,,大竹市,オオタケシ,Otake-shi,,,,小方町小方,オガタチョウオガタ,Ogatacho Ogata,,,,,,,,0,0,0,0,0,0,1,1,1947-04-17,,0,7390627,,,,,,,,,,,,,,,
342114,0010000,1,広島県,ヒロシマケン,Hiroshima,,,,大竹市,オオタケシ,Otake-shi,,,,小方町黒川,オガタチョウクロカワ,Ogatacho Kurokawa,,,,,,,,0,0,0,0,0,0,1,1,1947-04-17,,0,7390654,,,,,,,,,,,,,,,
342114,0011000,1,広島県,ヒロシマケン,Hiroshima,,,,大竹市,オオタケシ,Otake-shi,,,,穂仁原,オニワラ,Onihara,,,,,,,,0,0,0,0,0,0,1,1,1947-04-17,,0,7390632,,,,,,,,,,,,,,,
342114,0012000,1,広島県,ヒロシマケン,Hiroshima,,,,大竹市,オオタケシ,Otake-shi,,,,北栄,キタサカエ,Kitasakae,,,,,,,,1,1,0,0,0,0,1,1,1947-04-17,,0,7390604,,,,,,,,,,,,,,,
342114,0013001,2,広島県,ヒロシマケン,Hiroshima,,,,大竹市,オオタケシ,Otake-shi,,,,玖波,クバ,Kuba,１丁目,１チョウメ,1,,,,,1,1,0,0,0,0,1,1,1947-04-17,,0,,,,,,,,,,,,,,,,
342114,0013002,2,広島県,ヒロシマケン,Hiroshima,,,,大竹市,オオタケシ,Otake-shi,,,,玖波,クバ,Kuba,２丁目,２チョウメ,2,,,,,1,1,0,0,0,0,1,1,1947-04-17,,0,,,,,,,,,,,,,,,,
342114,0013003,2,広島県,ヒロシマケン,Hiroshima,,,,大竹市,オオタケシ,Otake-shi,,,,玖波,クバ,Kuba,３丁目,３チョウメ,3,,,,,1,1,0,0,0,0,1,1,1947-04-17,,0,,,,,,,,,,,,,,,,
342114,0013004,2,広島県,ヒロシマケン,Hiroshima,,,,大竹市,オオタケシ,Otake-shi,,,,玖波,クバ,Kuba,４丁目,４チョウメ,4,,,,,1,1,0,0,0,0,1,1,1947-04-17,,0,,,,,,,,,,,,,,,,
342114,0013005,2,広島県,ヒロシマケン,Hiroshima,,,,大竹市,オオタケシ,Otake-shi,,,,玖波,クバ,Kuba,５丁目,５チョウメ,5,,,,,1,1,0,0,0,0,1,1,1947-04-17,,0,,,,,,,,,,,,,,,,
342114,0013006,2,広島県,ヒロシマケン,Hiroshima,,,,大竹市,オオタケシ,Otake-shi,,,,玖波,クバ,Kuba,６丁目,６チョウメ,6,,,,,1,1,0,0,0,0,1,1,1947-04-17,,0,,,,,,,,,,,,,,,,
342114,0013007,2,広島県,ヒロシマケン,Hiroshima,,,,大竹市,オオタケシ,Otake-shi,,,,玖波,クバ,Kuba,７丁目,７チョウメ,7,,,,,1,1,0,0,0,0,1,1,1947-04-17,,0,,,,,,,,,,,,,,,,
342114,0013008,2,広島県,ヒロシマケン,Hiroshima,,,,大竹市,オオタケシ,Otake-shi,,,,玖波,クバ,Kuba,８丁目,８チョウメ,8,,,,,1,1,0,0,0,0,1,1,1947-04-17,,0,,,,,,,,,,,,,,,,
342114,0014000,1,広島県,ヒロシマケン,Hiroshima,,,,大竹市,オオタケシ,Otake-shi,,,,玖波町,クバチョウ,Kubacho,,,,,,,,0,0,0,0,0,0,1,1,1947-04-17,,0,7390656,,,,,,,,,,,,,,,
342114,0015000,1,広島県,ヒロシマケン,Hiroshima,,,,大竹市,オオタケシ,Otake-shi,,,,栗谷町後原,クリタニチョウウシロバラ,Kuritanicho Ushirobara,,,,,,,,0,0,0,0,0,0,1,1,1947-04-17,,0,7390644,,,,,,,,,,,,,,,
342114,0016000,1,広島県,ヒロシマケン,Hiroshima,,,,大竹市,オオタケシ,Otake-shi,,,,栗谷町大栗林,クリタニチョウオオクリバヤシ,Kuritanicho Okuribayashi,,,,,,,,0,0,0,0,0,0,1,1,1947-04-17,,0,7390646,,,,,,,,,,,,,,,
342114,0017000,1,広島県,ヒロシマケン,Hiroshima,,,,大竹市,オオタケシ,Otake-shi,,,,栗谷町奥谷尻,クリタニチョウオクタニジリ,Kuritanicho Okutanijiri,,,,,,,,0,0,0,0,0,0,1,1,1947-04-17,,0,7390642,,,,,,,,,,,,,,,
342114,0018000,1,広島県,ヒロシマケン,Hiroshima,,,,大竹市,オオタケシ,Otake-shi,,,,栗谷町小栗林,クリタニチョウコクリバヤシ,Kuritanicho Kokuribayashi,,,,,,,,0,0,0,0,0,0,1,1,1947-04-17,,0,7390645,,,,,,,,,,,,,,,
342114,0019000,1,広島県,ヒロシマケン,Hiroshima,,,,大竹市,オオタケシ,Otake-shi,,,,栗谷町谷和,クリタニチョウダニワ,Kuritanicho Taniwa,,,,,,,,0,0,0,0,0,0,1,1,1947-04-17,,0,7390643,,,,,,,,,,,,,,,
342114,0020000,1,広島県,ヒロシマケン,Hiroshima,,,,大竹市,オオタケシ,Otake-shi,,,,栗谷町広原,クリタニチョウヒロハラ,Kuritanicho Hirohara,,,,,,,,0,0,0,0,0,0,1,1,1947-04-17,,0,7390641,,,,,,,,,,,,,,,
342114,0021001,2,広島県,ヒロシマケン,Hiroshima,,,,大竹市,オオタケシ,Otake-shi,,,,黒川,クロカワ,Kurokawa,１丁目,１チョウメ,1,,,,,1,1,0,0,0,0,1,1,1947-04-17,,0,,,,,,,,,,,,,,,,
342114,0021002,2,広島県,ヒロシマケン,Hiroshima,,,,大竹市,オオタケシ,Otake-shi,,,,黒川,クロカワ,Kurokawa,２丁目,２チョウメ,2,,,,,1,1,0,0,0,0,1,1,1947-04-17,,0,,,,,,,,,,,,,,,,
342114,0021003,2,広島県,ヒロシマケン,Hiroshima,,,,大竹市,オオタケシ,Otake-shi,,,,黒川,クロカワ,Kurokawa,３丁目,３チョウメ,3,,,,,1,1,0,0,0,0,1,1,1947-04-17,,0,,,,,,,,,,,,,,,,
342114,0022001,2,広島県,ヒロシマケン,Hiroshima,,,,大竹市,オオタケシ,Otake-shi,,,,木野,コノ,Kono,１丁目,１チョウメ,1,,,,,1,1,0,0,0,0,1,1,1947-04-17,,0,,,,,,,,,,,,,,,,
342114,0022002,2,広島県,ヒロシマケン,Hiroshima,,,,大竹市,オオタケシ,Otake-shi,,,,木野,コノ,Kono,２丁目,２チョウメ,2,,,,,1,1,0,0,0,0,1,1,1947-04-17,,0,,,,,,,,,,,,,,,,
342114,0023001,2,広島県,ヒロシマケン,Hiroshima,,,,大竹市,オオタケシ,Otake-shi,,,,白石,シライシ,Shiraishi,１丁目,１チョウメ,1,,,,,1,1,0,0,0,0,1,1,1947-04-17,,0,,,,,,,,,,,,,,,,
342114,0023002,2,広島県,ヒロシマケン,Hiroshima,,,,大竹市,オオタケシ,Otake-shi,,,,白石,シライシ,Shiraishi,２丁目,２チョウメ,2,,,,,1,1,0,0,0,0,1,1,1947-04-17,,0,,,,,,,,,,,,,,,,
342114,0024001,2,広島県,ヒロシマケン,Hiroshima,,,,大竹市,オオタケシ,Otake-shi,,,,新町,シンマチ,Shimmachi,１丁目,１チョウメ,1,,,,,1,1,0,0,0,0,1,1,1947-04-17,,0,,,,,,,,,,,,,,,,
342114,0024002,2,広島県,ヒロシマケン,Hiroshima,,,,大竹市,オオタケシ,Otake-shi,,,,新町,シンマチ,Shimmachi,２丁目,２チョウメ,2,,,,,1,1,0,0,0,0,1,1,1947-04-17,,0,,,,,,,,,,,,,,,,
342114,0024003,2,広島県,ヒロシマケン,Hiroshima,,,,大竹市,オオタケシ,Otake-shi,,,,新町,シンマチ,Shimmachi,３丁目,３チョウメ,3,,,,,1,1,0,0,0,0,1,1,1947-04-17,,0,,,,,,,,,,,,,,,,
342114,0025001,2,広島県,ヒロシマケン,Hiroshima,,,,大竹市,オオタケシ,Otake-shi,,,,立戸,タチド,Tachido,１丁目,１チョウメ,1,,,,,1,1,0,0,0,0,1,1,1947-04-17,,0,,,,,,,,,,,,,,,,
342114,0025002,2,広島県,ヒロシマケン,Hiroshima,,,,大竹市,オオタケシ,Otake-shi,,,,立戸,タチド,Tachido,２丁目,２チョウメ,2,,,,,1,1,0,0,0,0,1,1,1947-04-17,,0,,,,,,,,,,,,,,,,
342114,0025003,2,広島県,ヒロシマケン,Hiroshima,,,,大竹市,オオタケシ,Otake-shi,,,,立戸,タチド,Tachido,３丁目,３チョウメ,3,,,,,1,1,0,0,0,0,1,1,1947-04-17,,0,,,,,,,,,,,,,,,,
342114,0025004,2,広島県,ヒロシマケン,Hiroshima,,,,大竹市,オオタケシ,Otake-shi,,,,立戸,タチド,Tachido,４丁目,４チョウメ,4,,,,,1,1,0,0,0,0,1,1,1947-04-17,,0,,,,,,,,,,,,,,,,
342114,0026001,2,広島県,ヒロシマケン,Hiroshima,,,,大竹市,オオタケシ,Otake-shi,,,,西栄,ニシサカエ,Nishisakae,１丁目,１チョウメ,1,,,,,1,1,0,0,0,0,1,1,1947-04-17,,0,,,,,,,,,,,,,,,,
342114,0026002,2,広島県,ヒロシマケン,Hiroshima,,,,大竹市,オオタケシ,Otake-shi,,,,西栄,ニシサカエ,Nishisakae,２丁目,２チョウメ,2,,,,,1,1,0,0,0,0,1,1,1947-04-17,,0,,,,,,,,,,,,,,,,
342114,0026003,2,広島県,ヒロシマケン,Hiroshima,,,,大竹市,オオタケシ,Otake-shi,,,,西栄,ニシサカエ,Nishisakae,３丁目,３チョウメ,3,,,,,1,1,0,0,0,0,1,1,1947-04-17,,0,,,,,,,,,,,,,,,,
342114,0027000,1,広島県,ヒロシマケン,Hiroshima,,,,大竹市,オオタケシ,Otake-shi,,,,八丁,ハッチョウ,Hatcho,,,,,,,,0,0,0,0,0,0,1,1,1947-04-17,,0,7390635,,MJ007274_*,,,,,,,,,,,,,
342114,0028001,2,広島県,ヒロシマケン,Hiroshima,,,,大竹市,オオタケシ,Otake-shi,,,,晴海,ハルミ,Harumi,１丁目,１チョウメ,1,,,,,1,1,0,0,0,0,1,1,1947-04-17,,0,,,,,,,,,,,,,,,,
342114,0028002,2,広島県,ヒロシマケン,Hiroshima,,,,大竹市,オオタケシ,Otake-shi,,,,晴海,ハルミ,Harumi,２丁目,２チョウメ,2,,,,,0,0,0,0,0,0,1,1,1947-04-17,,0,,,,,,,,,,,,,,,,
342114,0029001,2,広島県,ヒロシマケン,Hiroshima,,,,大竹市,オオタケシ,Otake-shi,,,,東栄,ヒガシサカエ,Higashisakae,１丁目,１チョウメ,1,,,,,1,1,0,0,0,0,1,1,1947-04-17,,0,,,,,,,,,,,,,,,,
342114,0029002,2,広島県,ヒロシマケン,Hiroshima,,,,大竹市,オオタケシ,Otake-shi,,,,東栄,ヒガシサカエ,Higashisakae,２丁目,２チョウメ,2,,,,,1,1,0,0,0,0,1,1,1947-04-17,,0,,,,,,,,,,,,,,,,
342114,0029003,2,広島県,ヒロシマケン,Hiroshima,,,,大竹市,オオタケシ,Otake-shi,,,,東栄,ヒガシサカエ,Higashisakae,３丁目,３チョウメ,3,,,,,1,1,0,0,0,0,1,1,1947-04-17,,0,,,,,,,,,,,,,,,,
342114,0030000,1,広島県,ヒロシマケン,Hiroshima,,,,大竹市,オオタケシ,Otake-shi,,,,比作,ヒッツクリ,Hittsukuri,,,,,,,,0,0,0,0,0,0,1,1,1947-04-17,,0,7390633,,,,,,,,,,,,,,,
342114,0031000,1,広島県,ヒロシマケン,Hiroshima,,,,大竹市,オオタケシ,Otake-shi,,,,防鹿,ボウロク,Boroku,,,,,,,,0,0,0,0,0,0,1,1,1947-04-17,,0,7390631,,,,,,,,,,,,,,,
342114,0032001,2,広島県,ヒロシマケン,Hiroshima,,,,大竹市,オオタケシ,Otake-shi,,,,本町,ホンマチ,Hommachi,１丁目,１チョウメ,1,,,,,1,1,0,0,0,0,1,1,1947-04-17,,0,,,,,,,,,,,,,,,,
342114,0032002,2,広島県,ヒロシマケン,Hiroshima,,,,大竹市,オオタケシ,Otake-shi,,,,本町,ホンマチ,Hommachi,２丁目,２チョウメ,2,,,,,1,1,0,0,0,0,1,1,1947-04-17,,0,,,,,,,,,,,,,,,,
342114,0033000,1,広島県,ヒロシマケン,Hiroshima,,,,大竹市,オオタケシ,Otake-shi,,,,前飯谷,マエイイタニ,Maeiitani,,,,,,,,0,0,0,0,0,0,1,1,1947-04-17,,0,7390636,,,,,,,,,,,,,,,
342114,0034000,1,広島県,ヒロシマケン,Hiroshima,,,,大竹市,オオタケシ,Otake-shi,,,,松ケ原町,マツガハラチョウ,Matsugaharacho,,,,,,,,0,0,0,0,0,0,1,1,1947-04-17,,0,7390657,,,,,,,,,,,,,,,
342114,0035001,2,広島県,ヒロシマケン,Hiroshima,,,,大竹市,オオタケシ,Otake-shi,,,,御園,ミソノ,Misono,１丁目,１チョウメ,1,,,,,1,1,0,0,0,0,1,1,1947-04-17,,0,,,,,,,,,,,,,,,,
342114,0035002,2,広島県,ヒロシマケン,Hiroshima,,,,大竹市,オオタケシ,Otake-shi,,,,御園,ミソノ,Misono,２丁目,２チョウメ,2,,,,,1,1,0,0,0,0,1,1,1947-04-17,,0,,,,,,,,,,,,,,,,
342114,0036000,1,広島県,ヒロシマケン,Hiroshima,,,,大竹市,オオタケシ,Otake-shi,,,,御園台,ミソノダイ,Misonodai,,,,,,,,1,1,0,0,0,0,1,1,1947-04-17,,0,7390625,,,,,,,,,,,,,,,
342114,0037000,1,広島県,ヒロシマケン,Hiroshima,,,,大竹市,オオタケシ,Otake-shi,,,,三ツ石町,ミツイシチョウ,Mitsuishicho,,,,,,,,0,0,0,0,0,0,1,1,1947-04-17,,0,7390626,,,,,,,,,,,,,,,
342114,0037000,1,広島県,ヒロシマケン,Hiroshima,,,,大竹市,オオタケシ,Otake-shi,,,,三ツ石町,ミツイシチョウ,Mitsuishicho,,,,,,,,1,1,0,0,0,0,1,1,1947-04-17,,0,7390626,,,,,,,,,,,,,,,
342114,0038001,2,広島県,ヒロシマケン,Hiroshima,,,,大竹市,オオタケシ,Otake-shi,,,,港町,ミナトマチ,Minatomachi,１丁目,１チョウメ,1,,,,,1,1,0,0,0,0,1,1,1947-04-17,,0,,,,,,,,,,,,,,,,
342114,0038002,2,広島県,ヒロシマケン,Hiroshima,,,,大竹市,オオタケシ,Otake-shi,,,,港町,ミナトマチ,Minatomachi,２丁目,２チョウメ,2,,,,,1,1,0,0,0,0,1,1,1947-04-17,,0,,,,,,,,,,,,,,,,
342114,0039001,2,広島県,ヒロシマケン,Hiroshima,,,,大竹市,オオタケシ,Otake-shi,,,,南栄,ミナミサカエ,Minamisakae,１丁目,１チョウメ,1,,,,,1,1,0,0,0,0,1,1,1947-04-17,,0,,,,,,,,,,,,,,,,
342114,0039002,2,広島県,ヒロシマケン,Hiroshima,,,,大竹市,オオタケシ,Otake-shi,,,,南栄,ミナミサカエ,Minamisakae,２丁目,２チョウメ,2,,,,,1,1,0,0,0,0,1,1,1947-04-17,,0,,,,,,,,,,,,,,,,
342114,0039003,2,広島県,ヒロシマケン,Hiroshima,,,,大竹市,オオタケシ,Otake-shi,,,,南栄,ミナミサカエ,Minamisakae,３丁目,３チョウメ,3,,,,,1,1,0,0,0,0,1,1,1947-04-17,,0,,,,,,,,,,,,,,,,
342114,0040000,1,広島県,ヒロシマケン,Hiroshima,,,,大竹市,オオタケシ,Otake-shi,,,,御幸町,ミユキチョウ,Miyukicho,,,,,,,,1,1,0,0,0,0,1,1,1947-04-17,,0,7390606,,,,,,,,,,,,,,,
342114,0041000,1,広島県,ヒロシマケン,Hiroshima,,,,大竹市,オオタケシ,Otake-shi,,,,明治新開,メイジシンガイ,Meijishingai,,,,,,,,0,0,0,0,0,0,1,1,1947-04-17,,0,7390652,,,,,,,,,,,,,,,
342114,0042001,2,広島県,ヒロシマケン,Hiroshima,,,,大竹市,オオタケシ,Otake-shi,,,,元町,モトマチ,Motomachi,１丁目,１チョウメ,1,,,,,1,1,0,0,0,0,1,1,1947-04-17,,0,,,,,,,,,,,,,,,,
342114,0042002,2,広島県,ヒロシマケン,Hiroshima,,,,大竹市,オオタケシ,Otake-shi,,,,元町,モトマチ,Motomachi,２丁目,２チョウメ,2,,,,,1,1,0,0,0,0,1,1,1947-04-17,,0,,,,,,,,,,,,,,,,
342114,0042003,2,広島県,ヒロシマケン,Hiroshima,,,,大竹市,オオタケシ,Otake-shi,,,,元町,モトマチ,Motomachi,３丁目,３チョウメ,3,,,,,1,1,0,0,0,0,1,1,1947-04-17,,0,,,,,,,,,,,,,,,,
342114,0042004,2,広島県,ヒロシマケン,Hiroshima,,,,大竹市,オオタケシ,Otake-shi,,,,元町,モトマチ,Motomachi,４丁目,４チョウメ,4,,,,,1,1,0,0,0,0,1,1,1947-04-17,,0,,,,,,,,,,,,,,,,
342114,0043001,2,広島県,ヒロシマケン,Hiroshima,,,,大竹市,オオタケシ,Otake-shi,,,,油見,ユウミ,Yumi,１丁目,１チョウメ,1,,,,,1,1,0,0,0,0,1,1,1947-04-17,,0,,,,,,,,,,,,,,,,
342114,0043002,2,広島県,ヒロシマケン,Hiroshima,,,,大竹市,オオタケシ,Otake-shi,,,,油見,ユウミ,Yumi,２丁目,２チョウメ,2,,,,,1,1,0,0,0,0,1,1,1947-04-17,,0,,,,,,,,,,,,,,,,
342114,0043003,2,広島県,ヒロシマケン,Hiroshima,,,,大竹市,オオタケシ,Otake-shi,,,,油見,ユウミ,Yumi,３丁目,３チョウメ,3,,,,,1,1,0,0,0,0,1,1,1947-04-17,,0,,,,,,,,,,,,,,,,
342114,0044000,1,広島県,ヒロシマケン,Hiroshima,,,,大竹市,オオタケシ,Otake-shi,,,,湯舟町,ユブネチョウ,Yubunecho,,,,,,,,1,1,0,0,0,0,1,1,1947-04-17,,0,7390655,,,,,,,,,,,,,,,
342122,0001000,1,広島県,ヒロシマケン,Hiroshima,,,,東広島市,ヒガシヒロシマシ,Higashihiroshima-shi,,,,安芸津町大田,アキツチョウオオダ,Akitsucho Oda,,,,,,,,0,0,0,0,0,0,1,1,1947-04-17,,0,7392404,,,,,,,,,,,,,,,
342122,0002000,1,広島県,ヒロシマケン,Hiroshima,,,,東広島市,ヒガシヒロシマシ,Higashihiroshima-shi,,,,安芸津町風早,アキツチョウカザハヤ,Akitsucho Kazahaya,,,,,,,,0,0,0,0,0,0,1,1,1947-04-17,,0,7392403,,,,,,,,,,,,,,,
342122,0003000,1,広島県,ヒロシマケン,Hiroshima,,,,東広島市,ヒガシヒロシマシ,Higashihiroshima-shi,,,,安芸津町木谷,アキツチョウキダニ,Akitsucho Kidani,,,,,,,,0,0,0,0,0,0,1,1,1947-04-17,,0,7392401,,,,,,,,,,,,,,,
342122,0004000,1,広島県,ヒロシマケン,Hiroshima,,,,東広島市,ヒガシヒロシマシ,Higashihiroshima-shi,,,,安芸津町小松原,アキツチョウコマツバラ,Akitsucho Komatsubara,,,,,,,,0,0,0,0,0,0,1,1,1947-04-17,,0,7392405,,,,,,,,,,,,,,,
342122,0005000,1,広島県,ヒロシマケン,Hiroshima,,,,東広島市,ヒガシヒロシマシ,Higashihiroshima-shi,,,,安芸津町三津,アキツチョウミツ,Akitsucho Mitsu,,,,,,,,0,0,0,0,0,0,1,1,1947-04-17,,0,7392402,,,,,,,,,,,,,,,
342122,0006001,2,広島県,ヒロシマケン,Hiroshima,,,,東広島市,ヒガシヒロシマシ,Higashihiroshima-shi,,,,鏡山,カガミヤマ,Kagamiyama,一丁目,１チョウメ,1,,,,,1,1,0,0,0,0,1,1,1947-04-17,,0,,,,,,,,,,,,,,,,
342122,0006002,2,広島県,ヒロシマケン,Hiroshima,,,,東広島市,ヒガシヒロシマシ,Higashihiroshima-shi,,,,鏡山,カガミヤマ,Kagamiyama,二丁目,２チョウメ,2,,,,,0,0,0,0,0,0,1,1,1947-04-17,,0,,,,,,,,,,,,,,,,
342122,0006003,2,広島県,ヒロシマケン,Hiroshima,,,,東広島市,ヒガシヒロシマシ,Higashihiroshima-shi,,,,鏡山,カガミヤマ,Kagamiyama,三丁目,３チョウメ,3,,,,,1,1,0,0,0,0,1,1,1947-04-17,,0,,,,,,,,,,,,,,,,
342122,0007000,1,広島県,ヒロシマケン,Hiroshima,,,,東広島市,ヒガシヒロシマシ,Higashihiroshima-shi,,,,鏡山北,カガミヤマキタ,Kagamiyamakita,,,,,,,,0,0,0,0,0,0,1,1,1947-04-17,,0,7390045,,,,,,,,,,,,,,,
342122,0008000,1,広島県,ヒロシマケン,Hiroshima,,,,東広島市,ヒガシヒロシマシ,Higashihiroshima-shi,,,,黒瀬学園台,クロセガクエンダイ,Kurose Gakuendai,,,,,,,,0,0,0,0,0,0,1,1,1947-04-17,,0,7392631,,,,,,,,,,,,,,,
342122,0009001,2,広島県,ヒロシマケン,Hiroshima,,,,東広島市,ヒガシヒロシマシ,Higashihiroshima-shi,,,,黒瀬春日野,クロセカスガノ,Kurose Kasugano,一丁目,１チョウメ,1,,,,,0,0,0,0,0,0,1,1,1947-04-17,,0,,,,,,,,,,,,,,,,
342122,0009002,2,広島県,ヒロシマケン,Hiroshima,,,,東広島市,ヒガシヒロシマシ,Higashihiroshima-shi,,,,黒瀬春日野,クロセカスガノ,Kurose Kasugano,二丁目,２チョウメ,2,,,,,0,0,0,0,0,0,1,1,1947-04-17,,0,,,,,,,,,,,,,,,,
342122,0010001,2,広島県,ヒロシマケン,Hiroshima,,,,東広島市,ヒガシヒロシマシ,Higashihiroshima-shi,,,,黒瀬切田が丘,クロセキリタガオカ,Kurose Kiritagaoka,一丁目,１チョウメ,1,,,,,1,1,0,0,0,0,1,1,1947-04-17,,0,,,,,,,,,,,,,,,,
342122,0010002,2,広島県,ヒロシマケン,Hiroshima,,,,東広島市,ヒガシヒロシマシ,Higashihiroshima-shi,,,,黒瀬切田が丘,クロセキリタガオカ,Kurose Kiritagaoka,二丁目,２チョウメ,2,,,,,1,1,0,0,0,0,1,1,1947-04-17,,0,,,,,,,,,,,,,,,,
342122,0010003,2,広島県,ヒロシマケン,Hiroshima,,,,東広島市,ヒガシヒロシマシ,Higashihiroshima-shi,,,,黒瀬切田が丘,クロセキリタガオカ,Kurose Kiritagaoka,三丁目,３チョウメ,3,,,,,1,1,0,0,0,0,1,1,1947-04-17,,0,,,,,,,,,,,,,,,,
342122,0011001,2,広島県,ヒロシマケン,Hiroshima,,,,東広島市,ヒガシヒロシマシ,Higashihiroshima-shi,,,,黒瀬桜が丘,クロセサクラガオカ,Kurose Sakuragaoka,一丁目,１チョウメ,1,,,,,1,1,0,0,0,0,1,1,1947-04-17,,0,,,,,,,,,,,,,,,,
342122,0012000,1,広島県,ヒロシマケン,Hiroshima,,,,東広島市,ヒガシヒロシマシ,Higashihiroshima-shi,,,,黒瀬町市飯田,クロセチョウイチイイダ,Kurosecho Ichiiida,,,,,,,,0,0,0,0,0,0,1,1,1947-04-17,,0,7392626,,,,,,,,,,,,,,,
342122,0013000,1,広島県,ヒロシマケン,Hiroshima,,,,東広島市,ヒガシヒロシマシ,Higashihiroshima-shi,,,,黒瀬町大多田,クロセチョウオオタダ,Kurosecho Otada,,,,,,,,0,0,0,0,0,0,1,1,1947-04-17,,0,7392611,,,,,,,,,,,,,,,
342122,0014000,1,広島県,ヒロシマケン,Hiroshima,,,,東広島市,ヒガシヒロシマシ,Higashihiroshima-shi,,,,黒瀬町小多田,クロセチョウオタダ,Kurosecho Otada,,,,,,,,0,0,0,0,0,0,1,1,1947-04-17,,0,7392501,,,,,,,,,,,,,,,
342122,0015000,1,広島県,ヒロシマケン,Hiroshima,,,,東広島市,ヒガシヒロシマシ,Higashihiroshima-shi,,,,黒瀬町兼沢,クロセチョウカネサワ,Kurosecho Kanesawa,,,,,,,,0,0,0,0,0,0,1,1,1947-04-17,,0,7392731,,,,,,,,,,,,,,,
342122,0016000,1,広島県,ヒロシマケン,Hiroshima,,,,東広島市,ヒガシヒロシマシ,Higashihiroshima-shi,,,,黒瀬町兼広,クロセチョウカネヒロ,Kurosecho Kanehiro,,,,,,,,0,0,0,0,0,0,1,1,1947-04-17,,0,7392616,,,,,,,,,,,,,,,
342122,0017000,1,広島県,ヒロシマケン,Hiroshima,,,,東広島市,ヒガシヒロシマシ,Higashihiroshima-shi,,,,黒瀬町上保田,クロセチョウカミボウダ,Kurosecho Kamiboda,,,,,,,,0,0,0,0,0,0,1,1,1947-04-17,,0,7392625,,,,,,,,,,,,,,,
342122,0018000,1,広島県,ヒロシマケン,Hiroshima,,,,東広島市,ヒガシヒロシマシ,Higashihiroshima-shi,,,,黒瀬町川角,クロセチョウカワスミ,Kurosecho Kawasumi,,,,,,,,0,0,0,0,0,0,1,1,1947-04-17,,0,7392623,,,,,,,,,,,,,,,
342122,0019000,1,広島県,ヒロシマケン,Hiroshima,,,,東広島市,ヒガシヒロシマシ,Higashihiroshima-shi,,,,黒瀬町切田,クロセチョウキリタ,Kurosecho Kirita,,,,,,,,0,0,0,0,0,0,1,1,1947-04-17,,0,7392617,,,,,,,,,,,,,,,
342122,0020000,1,広島県,ヒロシマケン,Hiroshima,,,,東広島市,ヒガシヒロシマシ,Higashihiroshima-shi,,,,黒瀬町国近,クロセチョウクニチカ,Kurosecho Kunichika,,,,,,,,0,0,0,0,0,0,1,1,1947-04-17,,0,7392502,,,,,,,,,,,,,,,
342122,0021000,1,広島県,ヒロシマケン,Hiroshima,,,,東広島市,ヒガシヒロシマシ,Higashihiroshima-shi,,,,黒瀬町菅田,クロセチョウスゲタ,Kurosecho Sugeta,,,,,,,,0,0,0,0,0,0,1,1,1947-04-17,,0,7392624,,,,,,,,,,,,,,,
342122,0022000,1,広島県,ヒロシマケン,Hiroshima,,,,東広島市,ヒガシヒロシマシ,Higashihiroshima-shi,,,,黒瀬町津江,クロセチョウツエ,Kurosecho Tsue,,,,,,,,0,0,0,0,0,0,1,1,1947-04-17,,0,7392732,,,,,,,,,,,,,,,
342122,0023000,1,広島県,ヒロシマケン,Hiroshima,,,,東広島市,ヒガシヒロシマシ,Higashihiroshima-shi,,,,黒瀬町楢原,クロセチョウナラハラ,Kurosecho Narahara,,,,,,,,0,0,0,0,0,0,1,1,1947-04-17,,0,7392613,,*_*_*_MJ014214_*,,,,,,,,,,,,,
342122,0024000,1,広島県,ヒロシマケン,Hiroshima,,,,東広島市,ヒガシヒロシマシ,Higashihiroshima-shi,,,,黒瀬町乃美尾,クロセチョウノミオ,Kurosecho Nomino,,,,,,,,0,0,0,0,0,0,1,1,1947-04-17,,0,7392622,,,,,,,,,,,,,,,
342122,0025000,1,広島県,ヒロシマケン,Hiroshima,,,,東広島市,ヒガシヒロシマシ,Higashihiroshima-shi,,,,黒瀬町丸山,クロセチョウマルヤマ,Kurosecho Maruyama,,,,,,,,0,0,0,0,0,0,1,1,1947-04-17,,0,7392612,,,,,,,,,,,,,,,
342122,0026000,1,広島県,ヒロシマケン,Hiroshima,,,,東広島市,ヒガシヒロシマシ,Higashihiroshima-shi,,,,黒瀬町南方,クロセチョウミナミガタ,Kurosecho Minamigata,,,,,,,,0,0,0,0,0,0,1,1,1947-04-17,,0,7392503,,,,,,,,,,,,,,,
342122,0027000,1,広島県,ヒロシマケン,Hiroshima,,,,東広島市,ヒガシヒロシマシ,Higashihiroshima-shi,,,,黒瀬町宗近柳国,クロセチョウムネチカヤナクニ,Kurosecho Munechikayanakuni,,,,,,,,0,0,0,0,0,0,1,1,1947-04-17,,0,7392504,,,,,,,,,,,,,,,
342122,0028001,2,広島県,ヒロシマケン,Hiroshima,,,,東広島市,ヒガシヒロシマシ,Higashihiroshima-shi,,,,黒瀬楢原北,クロセナラハラキタ,Kurose Naraharakita,一丁目,１チョウメ,1,,,,,1,1,0,0,0,0,1,1,1947-04-17,,0,,,*_*_MJ014214_*_*,,,,,,,,,,,,,
342122,0028002,2,広島県,ヒロシマケン,Hiroshima,,,,東広島市,ヒガシヒロシマシ,Higashihiroshima-shi,,,,黒瀬楢原北,クロセナラハラキタ,Kurose Naraharakita,二丁目,２チョウメ,2,,,,,1,1,0,0,0,0,1,1,1947-04-17,,0,,,*_*_MJ014214_*_*,,,,,,,,,,,,,
342122,0028003,2,広島県,ヒロシマケン,Hiroshima,,,,東広島市,ヒガシヒロシマシ,Higashihiroshima-shi,,,,黒瀬楢原北,クロセナラハラキタ,Kurose Naraharakita,三丁目,３チョウメ,3,,,,,1,1,0,0,0,0,1,1,1947-04-17,,0,,,*_*_MJ014214_*_*,,,,,,,,,,,,,
342122,0029001,2,広島県,ヒロシマケン,Hiroshima,,,,東広島市,ヒガシヒロシマシ,Higashihiroshima-shi,,,,黒瀬楢原西,クロセナラハラニシ,Kurose Naraharanishi,一丁目,１チョウメ,1,,,,,1,1,0,0,0,0,1,1,1947-04-17,,0,,,*_*_MJ014214_*_*,,,,,,,,,,,,,
342122,0029002,2,広島県,ヒロシマケン,Hiroshima,,,,東広島市,ヒガシヒロシマシ,Higashihiroshima-shi,,,,黒瀬楢原西,クロセナラハラニシ,Kurose Naraharanishi,二丁目,２チョウメ,2,,,,,1,1,0,0,0,0,1,1,1947-04-17,,0,,,*_*_MJ014214_*_*,,,,,,,,,,,,,
342122,0030001,2,広島県,ヒロシマケン,Hiroshima,,,,東広島市,ヒガシヒロシマシ,Higashihiroshima-shi,,,,黒瀬楢原東,クロセナラハラヒガシ,Kurose Naraharahigashi,一丁目,１チョウメ,1,,,,,1,1,0,0,0,0,1,1,1947-04-17,,0,,,*_*_MJ014214_*_*,,,,,,,,,,,,,
342122,0030002,2,広島県,ヒロシマケン,Hiroshima,,,,東広島市,ヒガシヒロシマシ,Higashihiroshima-shi,,,,黒瀬楢原東,クロセナラハラヒガシ,Kurose Naraharahigashi,二丁目,２チョウメ,2,,,,,1,1,0,0,0,0,1,1,1947-04-17,,0,,,*_*_MJ014214_*_*,,,,,,,,,,,,,
342122,0030003,2,広島県,ヒロシマケン,Hiroshima,,,,東広島市,ヒガシヒロシマシ,Higashihiroshima-shi,,,,黒瀬楢原東,クロセナラハラヒガシ,Kurose Naraharahigashi,三丁目,３チョウメ,3,,,,,1,1,0,0,0,0,1,1,1947-04-17,,0,,,*_*_MJ014214_*_*,,,,,,,,,,,,,
342122,0031000,1,広島県,ヒロシマケン,Hiroshima,,,,東広島市,ヒガシヒロシマシ,Higashihiroshima-shi,,,,黒瀬松ケ丘,クロセマツガオカ,Kurose Matsugaoka,,,,,,,,0,0,0,0,0,0,1,1,1947-04-17,,0,7392614,,,,,,,,,,,,,,,
342122,0031000,1,広島県,ヒロシマケン,Hiroshima,,,,東広島市,ヒガシヒロシマシ,Higashihiroshima-shi,,,,黒瀬松ケ丘,クロセマツガオカ,Kurose Matsugaoka,,,,,,,,1,1,0,0,0,0,1,1,1947-04-17,,0,7392614,,,,,,,,,,,,,,,
342122,0032000,1,広島県,ヒロシマケン,Hiroshima,,,,東広島市,ヒガシヒロシマシ,Higashihiroshima-shi,,,,河内町宇山,コウチチョウウヤマ,Kochicho Uyama,,,,,,,,0,0,0,0,0,0,1,1,1947-04-17,,0,7392206,,,,,,,,,,,,,,,
342122,0033000,1,広島県,ヒロシマケン,Hiroshima,,,,東広島市,ヒガシヒロシマシ,Higashihiroshima-shi,,,,河内町小田,コウチチョウオダ,Kochicho Oda,,,,,,,,0,0,0,0,0,0,1,1,1947-04-17,,0,7392207,,,,,,,,,,,,,,,
342122,0034000,1,広島県,ヒロシマケン,Hiroshima,,,,東広島市,ヒガシヒロシマシ,Higashihiroshima-shi,,,,河内町上河内,コウチチョウカミゴウチ,Kochicho Kamigochi,,,,,,,,0,0,0,0,0,0,1,1,1947-04-17,,0,7392203,,,,,,,,,,,,,,,
342122,0035000,1,広島県,ヒロシマケン,Hiroshima,,,,東広島市,ヒガシヒロシマシ,Higashihiroshima-shi,,,,河内町河戸,コウチチョウコウド,Kochicho Kodo,,,,,,,,0,0,0,0,0,0,1,1,1947-04-17,,0,7392204,,,,,,,,,,,,,,,
342122,0036000,1,広島県,ヒロシマケン,Hiroshima,,,,東広島市,ヒガシヒロシマシ,Higashihiroshima-shi,,,,河内町下河内,コウチチョウシモゴウチ,Kochicho Shimogochi,,,,,,,,0,0,0,0,0,0,1,1,1947-04-17,,0,7392202,,,,,,,,,,,,,,,
342122,0037000,1,広島県,ヒロシマケン,Hiroshima,,,,東広島市,ヒガシヒロシマシ,Higashihiroshima-shi,,,,河内町戸野,コウチチョウトノ,Kochicho Tono,,,,,,,,0,0,0,0,0,0,1,1,1947-04-17,,0,7392205,,,,,,,,,,,,,,,
342122,0038000,1,広島県,ヒロシマケン,Hiroshima,,,,東広島市,ヒガシヒロシマシ,Higashihiroshima-shi,,,,河内町中河内,コウチチョウナカゴウチ,Kochicho Nakagochi,,,,,,,,0,0,0,0,0,0,1,1,1947-04-17,,0,7392201,,,,,,,,,,,,,,,
342122,0039000,1,広島県,ヒロシマケン,Hiroshima,,,,東広島市,ヒガシヒロシマシ,Higashihiroshima-shi,,,,河内町入野,コウチチョウニュウノ,Kochicho Nyuno,,,,,,,,0,0,0,0,0,0,1,1,1947-04-17,,0,7392208,,,,,,,,,,,,,,,
342122,0040000,1,広島県,ヒロシマケン,Hiroshima,,,,東広島市,ヒガシヒロシマシ,Higashihiroshima-shi,,,,河内臨空団地,コウチリンクウダンチ,Kochirinkudanchi,,,,,,,,1,1,0,0,0,0,1,1,1947-04-17,,0,7392211,,,,,,,,,,,,,,,
342122,0041000,1,広島県,ヒロシマケン,Hiroshima,,,,東広島市,ヒガシヒロシマシ,Higashihiroshima-shi,,,,西条朝日町,サイジョウアサヒマチ,Saijo Asahimachi,,,,,,,,1,1,0,0,0,0,1,1,1947-04-17,,0,7390012,,,,,,,,,,,,,,,
342122,0042000,1,広島県,ヒロシマケン,Hiroshima,,,,東広島市,ヒガシヒロシマシ,Higashihiroshima-shi,,,,西条大坪町,サイジョウオオツボチョウ,Saijo Otsubocho,,,,,,,,0,0,0,0,0,0,1,1,1947-04-17,,0,7390005,,,,,,,,,,,,,,,
342122,0042000,1,広島県,ヒロシマケン,Hiroshima,,,,東広島市,ヒガシヒロシマシ,Higashihiroshima-shi,,,,西条大坪町,サイジョウオオツボチョウ,Saijo Otsubocho,,,,,,,,1,1,0,0,0,0,1,1,1947-04-17,,0,7390005,,,,,,,,,,,,,,,
342122,0043000,1,広島県,ヒロシマケン,Hiroshima,,,,東広島市,ヒガシヒロシマシ,Higashihiroshima-shi,,,,西条岡町,サイジョウオカマチ,Saijo Okamachi,,,,,,,,1,1,0,0,0,0,1,1,1947-04-17,,0,7390016,,,,,,,,,,,,,,,
342122,0044000,1,広島県,ヒロシマケン,Hiroshima,,,,東広島市,ヒガシヒロシマシ,Higashihiroshima-shi,,,,西条上市町,サイジョウカミイチチョウ,Saijo Kamiichicho,,,,,,,,1,1,0,0,0,0,1,1,1947-04-17,,0,7390006,,,,,,,,,,,,,,,
342122,0045000,1,広島県,ヒロシマケン,Hiroshima,,,,東広島市,ヒガシヒロシマシ,Higashihiroshima-shi,,,,西条御条町,サイジョウゴジョウチョウ,Saijo Gojocho,,,,,,,,1,1,0,0,0,0,1,1,1947-04-17,,0,7390013,,,,,,,,,,,,,,,
342122,0046000,1,広島県,ヒロシマケン,Hiroshima,,,,東広島市,ヒガシヒロシマシ,Higashihiroshima-shi,,,,西条栄町,サイジョウサカエマチ,Saijo Sakaemachi,,,,,,,,1,1,0,0,0,0,1,1,1947-04-17,,0,7390015,,,,,,,,,,,,,,,
342122,0047005,2,広島県,ヒロシマケン,Hiroshima,,,,東広島市,ヒガシヒロシマシ,Higashihiroshima-shi,,,,西条下見,サイジョウシタミ,Saijo Shitami,五丁目,５チョウメ,5,,,,,1,1,0,0,0,0,1,1,1947-04-17,,0,,,,,,,,,,,,,,,,
342122,0047006,2,広島県,ヒロシマケン,Hiroshima,,,,東広島市,ヒガシヒロシマシ,Higashihiroshima-shi,,,,西条下見,サイジョウシタミ,Saijo Shitami,六丁目,６チョウメ,6,,,,,1,1,0,0,0,0,1,1,1947-04-17,,0,,,,,,,,,,,,,,,,
342122,0047007,2,広島県,ヒロシマケン,Hiroshima,,,,東広島市,ヒガシヒロシマシ,Higashihiroshima-shi,,,,西条下見,サイジョウシタミ,Saijo Shitami,七丁目,７チョウメ,7,,,,,1,1,0,0,0,0,1,1,1947-04-17,,0,,,,,,,,,,,,,,,,
342122,0048000,1,広島県,ヒロシマケン,Hiroshima,,,,東広島市,ヒガシヒロシマシ,Higashihiroshima-shi,,,,西条昭和町,サイジョウショウワマチ,Saijo Showamachi,,,,,,,,1,1,0,0,0,0,1,1,1947-04-17,,0,7390014,,,,,,,,,,,,,,,
342122,0049000,1,広島県,ヒロシマケン,Hiroshima,,,,東広島市,ヒガシヒロシマシ,Higashihiroshima-shi,,,,西条末広町,サイジョウスエヒロチョウ,Saijo Suehirocho,,,,,,,,1,1,0,0,0,0,1,1,1947-04-17,,0,7390004,,,,,,,,,,,,,,,
342122,0050001,2,広島県,ヒロシマケン,Hiroshima,,,,東広島市,ヒガシヒロシマシ,Higashihiroshima-shi,,,,西条中央,サイジョウチュウオウ,Saijo Chuo,一丁目,１チョウメ,1,,,,,1,1,0,0,0,0,1,1,1947-04-17,,0,,,,,,,,,,,,,,,,
342122,0050002,2,広島県,ヒロシマケン,Hiroshima,,,,東広島市,ヒガシヒロシマシ,Higashihiroshima-shi,,,,西条中央,サイジョウチュウオウ,Saijo Chuo,二丁目,２チョウメ,2,,,,,1,1,0,0,0,0,1,1,1947-04-17,,0,,,,,,,,,,,,,,,,
342122,0050003,2,広島県,ヒロシマケン,Hiroshima,,,,東広島市,ヒガシヒロシマシ,Higashihiroshima-shi,,,,西条中央,サイジョウチュウオウ,Saijo Chuo,三丁目,３チョウメ,3,,,,,1,1,0,0,0,0,1,1,1947-04-17,,0,,,,,,,,,,,,,,,,
342122,0050004,2,広島県,ヒロシマケン,Hiroshima,,,,東広島市,ヒガシヒロシマシ,Higashihiroshima-shi,,,,西条中央,サイジョウチュウオウ,Saijo Chuo,四丁目,４チョウメ,4,,,,,1,1,0,0,0,0,1,1,1947-04-17,,0,,,,,,,,,,,,,,,,
342122,0050005,2,広島県,ヒロシマケン,Hiroshima,,,,東広島市,ヒガシヒロシマシ,Higashihiroshima-shi,,,,西条中央,サイジョウチュウオウ,Saijo Chuo,五丁目,５チョウメ,5,,,,,1,1,0,0,0,0,1,1,1947-04-17,,0,,,,,,,,,,,,,,,,
342122,0050006,2,広島県,ヒロシマケン,Hiroshima,,,,東広島市,ヒガシヒロシマシ,Higashihiroshima-shi,,,,西条中央,サイジョウチュウオウ,Saijo Chuo,六丁目,６チョウメ,6,,,,,1,1,0,0,0,0,1,1,1947-04-17,,0,,,,,,,,,,,,,,,,
342122,0050007,2,広島県,ヒロシマケン,Hiroshima,,,,東広島市,ヒガシヒロシマシ,Higashihiroshima-shi,,,,西条中央,サイジョウチュウオウ,Saijo Chuo,七丁目,７チョウメ,7,,,,,1,1,0,0,0,0,1,1,1947-04-17,,0,,,,,,,,,,,,,,,,
342122,0050008,2,広島県,ヒロシマケン,Hiroshima,,,,東広島市,ヒガシヒロシマシ,Higashihiroshima-shi,,,,西条中央,サイジョウチュウオウ,Saijo Chuo,八丁目,８チョウメ,8,,,,,1,1,0,0,0,0,1,1,1947-04-17,,0,,,,,,,,,,,,,,,,
342122,0051000,1,広島県,ヒロシマケン,Hiroshima,,,,東広島市,ヒガシヒロシマシ,Higashihiroshima-shi,,,,西条町馬木,サイジョウチョウウマキ,Saijocho Umaki,,,,,,,,0,0,0,0,0,0,1,1,1947-04-17,,0,7390033,,,,,,,,,,,,,,,
342122,0052000,1,広島県,ヒロシマケン,Hiroshima,,,,東広島市,ヒガシヒロシマシ,Higashihiroshima-shi,,,,西条町大沢,サイジョウチョウオオサワ,Saijocho Osawa,,,,,,,,0,0,0,0,0,0,1,1,1947-04-17,,0,7390034,,,,,,,,,,,,,,,
342122,0053000,1,広島県,ヒロシマケン,Hiroshima,,,,東広島市,ヒガシヒロシマシ,Higashihiroshima-shi,,,,西条町上三永,サイジョウチョウカミミナガ,Saijocho Kamiminaga,,,,,,,,0,0,0,0,0,0,1,1,1947-04-17,,0,7390022,,,,,,,,,,,,,,,
342122,0054000,1,広島県,ヒロシマケン,Hiroshima,,,,東広島市,ヒガシヒロシマシ,Higashihiroshima-shi,,,,西条町郷曽,サイジョウチョウゴウソ,Saijocho Goso,,,,,,,,0,0,0,0,0,0,1,1,1947-04-17,,0,7390035,,,,,,,,,,,,,,,
342122,0055000,1,広島県,ヒロシマケン,Hiroshima,,,,東広島市,ヒガシヒロシマシ,Higashihiroshima-shi,,,,西条町西条,サイジョウチョウサイジョウ,Saijocho Saijo,,,,,,,,0,0,0,0,0,0,1,1,1947-04-17,,0,7390001,,,,,,,,,,,,,,,
342122,0056000,1,広島県,ヒロシマケン,Hiroshima,,,,東広島市,ヒガシヒロシマシ,Higashihiroshima-shi,,,,西条町西条東,サイジョウチョウサイジョウヒガシ,Saijocho Saijohigashi,,,,,,,,0,0,0,0,0,0,1,1,1947-04-17,,0,7390042,,,,,,,,,,,,,,,
342122,0057000,1,広島県,ヒロシマケン,Hiroshima,,,,東広島市,ヒガシヒロシマシ,Higashihiroshima-shi,,,,西条町下見,サイジョウチョウシタミ,Saijocho Shitami,,,,,,,,0,0,0,0,0,0,1,1,1947-04-17,,0,7390044,,,,,,,,,,,,,,,
342122,0058000,1,広島県,ヒロシマケン,Hiroshima,,,,東広島市,ヒガシヒロシマシ,Higashihiroshima-shi,,,,西条町下三永,サイジョウチョウシモミナガ,Saijocho Shimominaga,,,,,,,,0,0,0,0,0,0,1,1,1947-04-17,,0,7390023,,,,,,,,,,,,,,,
342122,0059000,1,広島県,ヒロシマケン,Hiroshima,,,,東広島市,ヒガシヒロシマシ,Higashihiroshima-shi,,,,西条町助実,サイジョウチョウスケザネ,Saijocho Sukezane,,,,,,,,0,0,0,0,0,0,1,1,1947-04-17,,0,7390021,,,,,,,,,,,,,,,
342122,0060000,1,広島県,ヒロシマケン,Hiroshima,,,,東広島市,ヒガシヒロシマシ,Higashihiroshima-shi,,,,西条町土与丸,サイジョウチョウドヨマル,Saijocho Doyomaru,,,,,,,,0,0,0,0,0,0,1,1,1947-04-17,,0,7390003,,,,,,,,,,,,,,,
342122,0061000,1,広島県,ヒロシマケン,Hiroshima,,,,東広島市,ヒガシヒロシマシ,Higashihiroshima-shi,,,,西条町福本,サイジョウチョウフクモト,Saijocho Fukumoto,,,,,,,,0,0,0,0,0,0,1,1,1947-04-17,,0,7390031,,,,,,,,,,,,,,,
342122,0062000,1,広島県,ヒロシマケン,Hiroshima,,,,東広島市,ヒガシヒロシマシ,Higashihiroshima-shi,,,,西条町御薗宇,サイジョウチョウミソノウ,Saijocho Misono,,,,,,,,0,0,0,0,0,0,1,1,1947-04-17,,0,7390024,,,,,,,,,,,,,,,
342122,0063000,1,広島県,ヒロシマケン,Hiroshima,,,,東広島市,ヒガシヒロシマシ,Higashihiroshima-shi,,,,西条町森近,サイジョウチョウモリチカ,Saijocho Morichika,,,,,,,,0,0,0,0,0,0,1,1,1947-04-17,,0,7390032,,,,,,,,,,,,,,,
342122,0064000,1,広島県,ヒロシマケン,Hiroshima,,,,東広島市,ヒガシヒロシマシ,Higashihiroshima-shi,,,,西条町吉行,サイジョウチョウヨシユキ,Saijocho Yoshiyuki,,,,,,,,0,0,0,0,0,0,1,1,1947-04-17,,0,7390002,,,,,,,,,,,,,,,
342122,0065001,2,広島県,ヒロシマケン,Hiroshima,,,,東広島市,ヒガシヒロシマシ,Higashihiroshima-shi,,,,西条土与丸,サイジョウドヨマル,Saijo Doyomaru,一丁目,１チョウメ,1,,,,,1,1,0,0,0,0,1,1,1947-04-17,,0,,,,,,,,,,,,,,,,
342122,0065002,2,広島県,ヒロシマケン,Hiroshima,,,,東広島市,ヒガシヒロシマシ,Higashihiroshima-shi,,,,西条土与丸,サイジョウドヨマル,Saijo Doyomaru,二丁目,２チョウメ,2,,,,,1,1,0,0,0,0,1,1,1947-04-17,,0,,,,,,,,,,,,,,,,
342122,0065003,2,広島県,ヒロシマケン,Hiroshima,,,,東広島市,ヒガシヒロシマシ,Higashihiroshima-shi,,,,西条土与丸,サイジョウドヨマル,Saijo Doyomaru,三丁目,３チョウメ,3,,,,,1,1,0,0,0,0,1,1,1947-04-17,,0,,,,,,,,,,,,,,,,
342122,0065004,2,広島県,ヒロシマケン,Hiroshima,,,,東広島市,ヒガシヒロシマシ,Higashihiroshima-shi,,,,西条土与丸,サイジョウドヨマル,Saijo Doyomaru,四丁目,４チョウメ,4,,,,,1,1,0,0,0,0,1,1,1947-04-17,,0,,,,,,,,,,,,,,,,
342122,0065005,2,広島県,ヒロシマケン,Hiroshima,,,,東広島市,ヒガシヒロシマシ,Higashihiroshima-shi,,,,西条土与丸,サイジョウドヨマル,Saijo Doyomaru,五丁目,５チョウメ,5,,,,,1,1,0,0,0,0,1,1,1947-04-17,,0,,,,,,,,,,,,,,,,
342122,0065006,2,広島県,ヒロシマケン,Hiroshima,,,,東広島市,ヒガシヒロシマシ,Higashihiroshima-shi,,,,西条土与丸,サイジョウドヨマル,Saijo Doyomaru,六丁目,６チョウメ,6,,,,,1,1,0,0,0,0,1,1,1947-04-17,,0,,,,,,,,,,,,,,,,
342122,0066000,1,広島県,ヒロシマケン,Hiroshima,,,,東広島市,ヒガシヒロシマシ,Higashihiroshima-shi,,,,西条西本町,サイジョウニシホンマチ,Saijo Nishihommachi,,,,,,,,1,1,0,0,0,0,1,1,1947-04-17,,0,7390043,,,,,,,,,,,,,,,
342122,0067000,1,広島県,ヒロシマケン,Hiroshima,,,,東広島市,ヒガシヒロシマシ,Higashihiroshima-shi,,,,西条東北町,サイジョウヒガシキタマチ,Saijo Higashikitamachi,,,,,,,,0,0,0,0,0,0,1,1,1947-04-17,,0,7390048,,,,,,,,,,,,,,,
342122,0067000,1,広島県,ヒロシマケン,Hiroshima,,,,東広島市,ヒガシヒロシマシ,Higashihiroshima-shi,,,,西条東北町,サイジョウヒガシキタマチ,Saijo Higashikitamachi,,,,,,,,1,1,0,0,0,0,1,1,1947-04-17,,0,7390048,,,,,,,,,,,,,,,
342122,0068000,1,広島県,ヒロシマケン,Hiroshima,,,,東広島市,ヒガシヒロシマシ,Higashihiroshima-shi,,,,西条本町,サイジョウホンマチ,Saijo Hommachi,,,,,,,,1,1,0,0,0,0,1,1,1947-04-17,,0,7390011,,,,,,,,,,,,,,,
342122,0069001,2,広島県,ヒロシマケン,Hiroshima,,,,東広島市,ヒガシヒロシマシ,Higashihiroshima-shi,,,,西条吉行東,サイジョウヨシユキヒガシ,Saijo Yoshiyukihigashi,一丁目,１チョウメ,1,,,,,1,1,0,0,0,0,1,1,1947-04-17,,0,,,,,,,,,,,,,,,,
342122,0069002,2,広島県,ヒロシマケン,Hiroshima,,,,東広島市,ヒガシヒロシマシ,Higashihiroshima-shi,,,,西条吉行東,サイジョウヨシユキヒガシ,Saijo Yoshiyukihigashi,二丁目,２チョウメ,2,,,,,1,1,0,0,0,0,1,1,1947-04-17,,0,,,,,,,,,,,,,,,,
342122,0070000,1,広島県,ヒロシマケン,Hiroshima,,,,東広島市,ヒガシヒロシマシ,Higashihiroshima-shi,,,,志和町内,シワチョウウチ,Shiwacho Uchi,,,,,,,,0,0,0,0,0,0,1,1,1947-04-17,,0,7390261,,,,,,,,,,,,,,,
342122,0071000,1,広島県,ヒロシマケン,Hiroshima,,,,東広島市,ヒガシヒロシマシ,Higashihiroshima-shi,,,,志和町奥屋,シワチョウオクヤ,Shiwacho Okuya,,,,,,,,0,0,0,0,0,0,1,1,1947-04-17,,0,7390266,,,,,,,,,,,,,,,
342122,0072000,1,広島県,ヒロシマケン,Hiroshima,,,,東広島市,ヒガシヒロシマシ,Higashihiroshima-shi,,,,志和町冠,シワチョウカンムリ,Shiwacho Kammuri,,,,,,,,0,0,0,0,0,0,1,1,1947-04-17,,0,7390265,,,,,,,,,,,,,,,
342122,0073000,1,広島県,ヒロシマケン,Hiroshima,,,,東広島市,ヒガシヒロシマシ,Higashihiroshima-shi,,,,志和町七条椛坂,シワチョウシチジョウカブサカ,Shiwacho Shichijokabusaka,,,,,,,,0,0,0,0,0,0,1,1,1947-04-17,,0,7390264,,,,,,,,,,,,,,,
342122,0074000,1,広島県,ヒロシマケン,Hiroshima,,,,東広島市,ヒガシヒロシマシ,Higashihiroshima-shi,,,,志和町志和西,シワチョウシワニシ,Shiwacho Shiwanishi,,,,,,,,0,0,0,0,0,0,1,1,1947-04-17,,0,7390268,,,,,,,,,,,,,,,
342122,0075000,1,広島県,ヒロシマケン,Hiroshima,,,,東広島市,ヒガシヒロシマシ,Higashihiroshima-shi,,,,志和町志和東,シワチョウシワヒガシ,Shiwacho Shiwahigashi,,,,,,,,0,0,0,0,0,0,1,1,1947-04-17,,0,7390262,,,,,,,,,,,,,,,
342122,0076000,1,広島県,ヒロシマケン,Hiroshima,,,,東広島市,ヒガシヒロシマシ,Higashihiroshima-shi,,,,志和町志和堀,シワチョウシワホリ,Shiwacho Shiwahori,,,,,,,,0,0,0,0,0,0,1,1,1947-04-17,,0,7390269,,,,,,,,,,,,,,,
342122,0077000,1,広島県,ヒロシマケン,Hiroshima,,,,東広島市,ヒガシヒロシマシ,Higashihiroshima-shi,,,,志和町別府,シワチョウベフ,Shiwacho Befu,,,,,,,,0,0,0,0,0,0,1,1,1947-04-17,,0,7390267,,,,,,,,,,,,,,,
342122,0078000,1,広島県,ヒロシマケン,Hiroshima,,,,東広島市,ヒガシヒロシマシ,Higashihiroshima-shi,,,,志和流通,シワリュウツウ,Shiwa Ryutsu,,,,,,,,0,0,0,0,0,0,1,1,1947-04-17,,0,7390263,,,,,,,,,,,,,,,
342122,0079000,1,広島県,ヒロシマケン,Hiroshima,,,,東広島市,ヒガシヒロシマシ,Higashihiroshima-shi,,,,高屋うめの辺,タカヤウメノベ,Takaya Umenobe,,,,,,,,0,0,0,0,0,0,1,1,1947-04-17,,0,7392116,,,,,,,,,,,,,,,
342122,0079000,1,広島県,ヒロシマケン,Hiroshima,,,,東広島市,ヒガシヒロシマシ,Higashihiroshima-shi,,,,高屋うめの辺,タカヤウメノベ,Takaya Umenobe,,,,,,,,1,1,0,0,0,0,1,1,1947-04-17,,0,7392116,,,,,,,,,,,,,,,
342122,0080001,2,広島県,ヒロシマケン,Hiroshima,,,,東広島市,ヒガシヒロシマシ,Higashihiroshima-shi,,,,高屋台,タカヤダイ,Takayadai,一丁目,１チョウメ,1,,,,,1,1,0,0,0,0,1,1,1947-04-17,,0,,,,,,,,,,,,,,,,
342122,0080002,2,広島県,ヒロシマケン,Hiroshima,,,,東広島市,ヒガシヒロシマシ,Higashihiroshima-shi,,,,高屋台,タカヤダイ,Takayadai,二丁目,２チョウメ,2,,,,,1,1,0,0,0,0,1,1,1947-04-17,,0,,,,,,,,,,,,,,,,
342122,0081001,2,広島県,ヒロシマケン,Hiroshima,,,,東広島市,ヒガシヒロシマシ,Higashihiroshima-shi,,,,高屋高美が丘,タカヤタカミガオカ,Takaya Takamigaoka,一丁目,１チョウメ,1,,,,,1,1,0,0,0,0,1,1,1947-04-17,,0,,,,,,,,,,,,,,,,
342122,0081002,2,広島県,ヒロシマケン,Hiroshima,,,,東広島市,ヒガシヒロシマシ,Higashihiroshima-shi,,,,高屋高美が丘,タカヤタカミガオカ,Takaya Takamigaoka,二丁目,２チョウメ,2,,,,,1,1,0,0,0,0,1,1,1947-04-17,,0,,,,,,,,,,,,,,,,
342122,0081003,2,広島県,ヒロシマケン,Hiroshima,,,,東広島市,ヒガシヒロシマシ,Higashihiroshima-shi,,,,高屋高美が丘,タカヤタカミガオカ,Takaya Takamigaoka,三丁目,３チョウメ,3,,,,,1,1,0,0,0,0,1,1,1947-04-17,,0,,,,,,,,,,,,,,,,
342122,0081004,2,広島県,ヒロシマケン,Hiroshima,,,,東広島市,ヒガシヒロシマシ,Higashihiroshima-shi,,,,高屋高美が丘,タカヤタカミガオカ,Takaya Takamigaoka,四丁目,４チョウメ,4,,,,,1,1,0,0,0,0,1,1,1947-04-17,,0,,,,,,,,,,,,,,,,
342122,0081005,2,広島県,ヒロシマケン,Hiroshima,,,,東広島市,ヒガシヒロシマシ,Higashihiroshima-shi,,,,高屋高美が丘,タカヤタカミガオカ,Takaya Takamigaoka,五丁目,５チョウメ,5,,,,,1,1,0,0,0,0,1,1,1947-04-17,,0,,,,,,,,,,,,,,,,
342122,0081006,2,広島県,ヒロシマケン,Hiroshima,,,,東広島市,ヒガシヒロシマシ,Higashihiroshima-shi,,,,高屋高美が丘,タカヤタカミガオカ,Takaya Takamigaoka,六丁目,６チョウメ,6,,,,,1,1,0,0,0,0,1,1,1947-04-17,,0,,,,,,,,,,,,,,,,
342122,0081007,2,広島県,ヒロシマケン,Hiroshima,,,,東広島市,ヒガシヒロシマシ,Higashihiroshima-shi,,,,高屋高美が丘,タカヤタカミガオカ,Takaya Takamigaoka,七丁目,７チョウメ,7,,,,,1,1,0,0,0,0,1,1,1947-04-17,,0,,,,,,,,,,,,,,,,
342122,0081008,2,広島県,ヒロシマケン,Hiroshima,,,,東広島市,ヒガシヒロシマシ,Higashihiroshima-shi,,,,高屋高美が丘,タカヤタカミガオカ,Takaya Takamigaoka,八丁目,８チョウメ,8,,,,,1,1,0,0,0,0,1,1,1947-04-17,,0,,,,,,,,,,,,,,,,
342122,0081009,2,広島県,ヒロシマケン,Hiroshima,,,,東広島市,ヒガシヒロシマシ,Higashihiroshima-shi,,,,高屋高美が丘,タカヤタカミガオカ,Takaya Takamigaoka,九丁目,９チョウメ,9,,,,,1,1,0,0,0,0,1,1,1947-04-17,,0,,,,,,,,,,,,,,,,
342122,0082000,1,広島県,ヒロシマケン,Hiroshima,,,,東広島市,ヒガシヒロシマシ,Higashihiroshima-shi,,,,高屋町稲木,タカヤチョウイナキ,Takayacho Inaki,,,,,,,,0,0,0,0,0,0,1,1,1947-04-17,,0,7392106,,,,,,,,,,,,,,,
342122,0083000,1,広島県,ヒロシマケン,Hiroshima,,,,東広島市,ヒガシヒロシマシ,Higashihiroshima-shi,,,,高屋町大畠,タカヤチョウオオバタケ,Takayacho Obatake,,,,,,,,0,0,0,0,0,0,1,1,1947-04-17,,0,7392104,,,,,,,,,,,,,,,
342122,0084000,1,広島県,ヒロシマケン,Hiroshima,,,,東広島市,ヒガシヒロシマシ,Higashihiroshima-shi,,,,高屋町杵原,タカヤチョウキネハラ,Takayacho Kinehara,,,,,,,,0,0,0,0,0,0,1,1,1947-04-17,,0,7392102,,,,,,,,,,,,,,,
342122,0085000,1,広島県,ヒロシマケン,Hiroshima,,,,東広島市,ヒガシヒロシマシ,Higashihiroshima-shi,,,,高屋町郷,タカヤチョウゴウ,Takayacho Go,,,,,,,,0,0,0,0,0,0,1,1,1947-04-17,,0,7392124,,,,,,,,,,,,,,,
342122,0086000,1,広島県,ヒロシマケン,Hiroshima,,,,東広島市,ヒガシヒロシマシ,Higashihiroshima-shi,,,,高屋町小谷,タカヤチョウコダニ,Takayacho Kodani,,,,,,,,0,0,0,0,0,0,1,1,1947-04-17,,0,7392121,,,,,,,,,,,,,,,
342122,0087000,1,広島県,ヒロシマケン,Hiroshima,,,,東広島市,ヒガシヒロシマシ,Higashihiroshima-shi,,,,高屋町貞重,タカヤチョウサダシゲ,Takayacho Sadashige,,,,,,,,0,0,0,0,0,0,1,1,1947-04-17,,0,7392112,,,,,,,,,,,,,,,
342122,0088000,1,広島県,ヒロシマケン,Hiroshima,,,,東広島市,ヒガシヒロシマシ,Higashihiroshima-shi,,,,高屋町重兼,タカヤチョウシゲカネ,Takayacho Shigekane,,,,,,,,0,0,0,0,0,0,1,1,1947-04-17,,0,7392122,,,,,,,,,,,,,,,
342122,0089000,1,広島県,ヒロシマケン,Hiroshima,,,,東広島市,ヒガシヒロシマシ,Higashihiroshima-shi,,,,高屋町白市,タカヤチョウシライチ,Takayacho Shiraichi,,,,,,,,0,0,0,0,0,0,1,1,1947-04-17,,0,7392114,,,,,,,,,,,,,,,
342122,0090000,1,広島県,ヒロシマケン,Hiroshima,,,,東広島市,ヒガシヒロシマシ,Higashihiroshima-shi,,,,高屋町造賀,タカヤチョウゾウカ,Takayacho Zoka,,,,,,,,0,0,0,0,0,0,1,1,1947-04-17,,0,7392101,,,,,,,,,,,,,,,
342122,0091000,1,広島県,ヒロシマケン,Hiroshima,,,,東広島市,ヒガシヒロシマシ,Higashihiroshima-shi,,,,高屋町高屋東,タカヤチョウタカヤヒガシ,Takayacho Takayahigashi,,,,,,,,0,0,0,0,0,0,1,1,1947-04-17,,0,7392113,,,,,,,,,,,,,,,
342122,0092000,1,広島県,ヒロシマケン,Hiroshima,,,,東広島市,ヒガシヒロシマシ,Higashihiroshima-shi,,,,高屋町高屋堀,タカヤチョウタカヤホリ,Takayacho Takayahori,,,,,,,,0,0,0,0,0,0,1,1,1947-04-17,,0,7392111,,,,,,,,,,,,,,,
342122,0093000,1,広島県,ヒロシマケン,Hiroshima,,,,東広島市,ヒガシヒロシマシ,Higashihiroshima-shi,,,,高屋町中島,タカヤチョウナカシマ,Takayacho Nakashima,,,,,,,,0,0,0,0,0,0,1,1,1947-04-17,,0,7392125,,,,,,,,,,,,,,,
342122,0094000,1,広島県,ヒロシマケン,Hiroshima,,,,東広島市,ヒガシヒロシマシ,Higashihiroshima-shi,,,,高屋町桧山,タカヤチョウヒヤマ,Takayacho Hiyama,,,,,,,,0,0,0,0,0,0,1,1,1947-04-17,,0,7392105,,,,,,,,,,,,,,,
342122,0095000,1,広島県,ヒロシマケン,Hiroshima,,,,東広島市,ヒガシヒロシマシ,Higashihiroshima-shi,,,,高屋町溝口,タカヤチョウミゾクチ,Takayacho Mizoguchi,,,,,,,,0,0,0,0,0,0,1,1,1947-04-17,,0,7392123,,,,,,,,,,,,,,,
342122,0096000,1,広島県,ヒロシマケン,Hiroshima,,,,東広島市,ヒガシヒロシマシ,Higashihiroshima-shi,,,,高屋町宮領,タカヤチョウミヤリョウ,Takayacho Miyaryo,,,,,,,,0,0,0,0,0,0,1,1,1947-04-17,,0,7392103,,,,,,,,,,,,,,,
342122,0097000,1,広島県,ヒロシマケン,Hiroshima,,,,東広島市,ヒガシヒロシマシ,Higashihiroshima-shi,,,,田口研究団地,タグチケンキュウダンチ,Taguchikenkyudanchi,,,,,,,,1,1,0,0,0,0,1,1,1947-04-17,,0,7390038,,,,,,,,,,,,,,,
342122,0098000,1,広島県,ヒロシマケン,Hiroshima,,,,東広島市,ヒガシヒロシマシ,Higashihiroshima-shi,,,,豊栄町安宿,トヨサカチョウアスカ,Toyosakacho Asuka,,,,,,,,0,0,0,0,0,0,1,1,1947-04-17,,0,7392316,,,,,,,,,,,,,,,
342122,0099000,1,広島県,ヒロシマケン,Hiroshima,,,,東広島市,ヒガシヒロシマシ,Higashihiroshima-shi,,,,豊栄町飯田,トヨサカチョウイイダ,Toyosakacho Iida,,,,,,,,0,0,0,0,0,0,1,1,1947-04-17,,0,7392314,,,,,,,,,,,,,,,
342122,0100000,1,広島県,ヒロシマケン,Hiroshima,,,,東広島市,ヒガシヒロシマシ,Higashihiroshima-shi,,,,豊栄町鍛冶屋,トヨサカチョウカジヤ,Toyosakacho Kajiya,,,,,,,,0,0,0,0,0,0,1,1,1947-04-17,,0,7392317,,,,,,,,,,,,,,,
342122,0101000,1,広島県,ヒロシマケン,Hiroshima,,,,東広島市,ヒガシヒロシマシ,Higashihiroshima-shi,,,,豊栄町清武,トヨサカチョウキヨタケ,Toyosakacho Kiyotake,,,,,,,,0,0,0,0,0,0,1,1,1947-04-17,,0,7392313,,,,,,,,,,,,,,,
342122,0102000,1,広島県,ヒロシマケン,Hiroshima,,,,東広島市,ヒガシヒロシマシ,Higashihiroshima-shi,,,,豊栄町能良,トヨサカチョウノウラ,Toyosakacho Nora,,,,,,,,0,0,0,0,0,0,1,1,1947-04-17,,0,7392318,,,,,,,,,,,,,,,
342122,0103000,1,広島県,ヒロシマケン,Hiroshima,,,,東広島市,ヒガシヒロシマシ,Higashihiroshima-shi,,,,豊栄町乃美,トヨサカチョウノミ,Toyosakacho Nomi,,,,,,,,0,0,0,0,0,0,1,1,1947-04-17,,0,7392311,,,,,,,,,,,,,,,
342122,0104000,1,広島県,ヒロシマケン,Hiroshima,,,,東広島市,ヒガシヒロシマシ,Higashihiroshima-shi,,,,豊栄町別府,トヨサカチョウベフ,Toyosakacho Befu,,,,,,,,0,0,0,0,0,0,1,1,1947-04-17,,0,7392312,,,,,,,,,,,,,,,
342122,0105000,1,広島県,ヒロシマケン,Hiroshima,,,,東広島市,ヒガシヒロシマシ,Higashihiroshima-shi,,,,豊栄町吉原,トヨサカチョウヨシワラ,Toyosakacho Yoshiwara,,,,,,,,0,0,0,0,0,0,1,1,1947-04-17,,0,7392315,,,,,,,,,,,,,,,
342122,0106001,2,広島県,ヒロシマケン,Hiroshima,,,,東広島市,ヒガシヒロシマシ,Higashihiroshima-shi,,,,西大沢,ニシオオサワ,Nishiosawa,一丁目,１チョウメ,1,,,,,1,1,0,0,0,0,1,1,1947-04-17,,0,,,,,,,,,,,,,,,,
342122,0106002,2,広島県,ヒロシマケン,Hiroshima,,,,東広島市,ヒガシヒロシマシ,Higashihiroshima-shi,,,,西大沢,ニシオオサワ,Nishiosawa,二丁目,２チョウメ,2,,,,,1,1,0,0,0,0,1,1,1947-04-17,,0,,,,,,,,,,,,,,,,
342122,0107001,2,広島県,ヒロシマケン,Hiroshima,,,,東広島市,ヒガシヒロシマシ,Higashihiroshima-shi,,,,入野中山台,ニュウノナカヤマダイ,Nyunonakayamadai,一丁目,１チョウメ,1,,,,,1,1,0,0,0,0,1,1,1947-04-17,,0,,,,,,,,,,,,,,,,
342122,0107002,2,広島県,ヒロシマケン,Hiroshima,,,,東広島市,ヒガシヒロシマシ,Higashihiroshima-shi,,,,入野中山台,ニュウノナカヤマダイ,Nyunonakayamadai,二丁目,２チョウメ,2,,,,,1,1,0,0,0,0,1,1,1947-04-17,,0,,,,,,,,,,,,,,,,
342122,0107003,2,広島県,ヒロシマケン,Hiroshima,,,,東広島市,ヒガシヒロシマシ,Higashihiroshima-shi,,,,入野中山台,ニュウノナカヤマダイ,Nyunonakayamadai,三丁目,３チョウメ,3,,,,,1,1,0,0,0,0,1,1,1947-04-17,,0,,,,,,,,,,,,,,,,
342122,0107004,2,広島県,ヒロシマケン,Hiroshima,,,,東広島市,ヒガシヒロシマシ,Higashihiroshima-shi,,,,入野中山台,ニュウノナカヤマダイ,Nyunonakayamadai,四丁目,４チョウメ,4,,,,,1,1,0,0,0,0,1,1,1947-04-17,,0,,,,,,,,,,,,,,,,
342122,0107005,2,広島県,ヒロシマケン,Hiroshima,,,,東広島市,ヒガシヒロシマシ,Higashihiroshima-shi,,,,入野中山台,ニュウノナカヤマダイ,Nyunonakayamadai,五丁目,５チョウメ,5,,,,,1,1,0,0,0,0,1,1,1947-04-17,,0,,,,,,,,,,,,,,,,
342122,0108001,2,広島県,ヒロシマケン,Hiroshima,,,,東広島市,ヒガシヒロシマシ,Higashihiroshima-shi,,,,八本松飯田,ハチホンマツイイダ,Hachihommatsu Iida,一丁目,１チョウメ,1,,,,,1,1,0,0,0,0,1,1,1947-04-17,,0,,,,,,,,,,,,,,,,
342122,0108002,2,広島県,ヒロシマケン,Hiroshima,,,,東広島市,ヒガシヒロシマシ,Higashihiroshima-shi,,,,八本松飯田,ハチホンマツイイダ,Hachihommatsu Iida,二丁目,２チョウメ,2,,,,,1,1,0,0,0,0,1,1,1947-04-17,,0,,,,,,,,,,,,,,,,
342122,0108003,2,広島県,ヒロシマケン,Hiroshima,,,,東広島市,ヒガシヒロシマシ,Higashihiroshima-shi,,,,八本松飯田,ハチホンマツイイダ,Hachihommatsu Iida,三丁目,３チョウメ,3,,,,,1,1,0,0,0,0,1,1,1947-04-17,,0,,,,,,,,,,,,,,,,
342122,0108004,2,広島県,ヒロシマケン,Hiroshima,,,,東広島市,ヒガシヒロシマシ,Higashihiroshima-shi,,,,八本松飯田,ハチホンマツイイダ,Hachihommatsu Iida,四丁目,４チョウメ,4,,,,,1,1,0,0,0,0,1,1,1947-04-17,,0,,,,,,,,,,,,,,,,
342122,0108005,2,広島県,ヒロシマケン,Hiroshima,,,,東広島市,ヒガシヒロシマシ,Higashihiroshima-shi,,,,八本松飯田,ハチホンマツイイダ,Hachihommatsu Iida,五丁目,５チョウメ,5,,,,,1,1,0,0,0,0,1,1,1947-04-17,,0,,,,,,,,,,,,,,,,
342122,0108006,2,広島県,ヒロシマケン,Hiroshima,,,,東広島市,ヒガシヒロシマシ,Higashihiroshima-shi,,,,八本松飯田,ハチホンマツイイダ,Hachihommatsu Iida,六丁目,６チョウメ,6,,,,,1,1,0,0,0,0,1,1,1947-04-17,,0,,,,,,,,,,,,,,,,
342122,0108007,2,広島県,ヒロシマケン,Hiroshima,,,,東広島市,ヒガシヒロシマシ,Higashihiroshima-shi,,,,八本松飯田,ハチホンマツイイダ,Hachihommatsu Iida,七丁目,７チョウメ,7,,,,,1,1,0,0,0,0,1,1,1947-04-17,,0,,,,,,,,,,,,,,,,
342122,0108008,2,広島県,ヒロシマケン,Hiroshima,,,,東広島市,ヒガシヒロシマシ,Higashihiroshima-shi,,,,八本松飯田,ハチホンマツイイダ,Hachihommatsu Iida,八丁目,８チョウメ,8,,,,,1,1,0,0,0,0,1,1,1947-04-17,,0,,,,,,,,,,,,,,,,
342122,0108009,2,広島県,ヒロシマケン,Hiroshima,,,,東広島市,ヒガシヒロシマシ,Higashihiroshima-shi,,,,八本松飯田,ハチホンマツイイダ,Hachihommatsu Iida,九丁目,９チョウメ,9,,,,,1,1,0,0,0,0,1,1,1947-04-17,,0,,,,,,,,,,,,,,,,
342122,0109000,1,広島県,ヒロシマケン,Hiroshima,,,,東広島市,ヒガシヒロシマシ,Higashihiroshima-shi,,,,八本松町飯田,ハチホンマツチョウイイダ,Hachihommatsucho Iida,,,,,,,,0,0,0,0,0,0,1,1,1947-04-17,,0,7390141,,,,,,,,,,,,,,,
342122,0110000,1,広島県,ヒロシマケン,Hiroshima,,,,東広島市,ヒガシヒロシマシ,Higashihiroshima-shi,,,,八本松町篠,ハチホンマツチョウササ,Hachihommatsucho Sasa,,,,,,,,0,0,0,0,0,0,1,1,1947-04-17,,0,7390131,,,,,,,,,,,,,,,
342122,0111000,1,広島県,ヒロシマケン,Hiroshima,,,,東広島市,ヒガシヒロシマシ,Higashihiroshima-shi,,,,八本松町正力,ハチホンマツチョウショウリキ,Hachihommatsucho Shoriki,,,,,,,,0,0,0,0,0,0,1,1,1947-04-17,,0,7390132,,,,,,,,,,,,,,,
342122,0112000,1,広島県,ヒロシマケン,Hiroshima,,,,東広島市,ヒガシヒロシマシ,Higashihiroshima-shi,,,,八本松町原,ハチホンマツチョウハラ,Hachihommatsucho Hara,,,,,,,,0,0,0,0,0,0,1,1,1947-04-17,,0,7390151,,,,,,,,,,,,,,,
342122,0113000,1,広島県,ヒロシマケン,Hiroshima,,,,東広島市,ヒガシヒロシマシ,Higashihiroshima-shi,,,,八本松町宗吉,ハチホンマツチョウムネヨシ,Hachihommatsucho Muneyoshi,,,,,,,,0,0,0,0,0,0,1,1,1947-04-17,,0,7390145,,,,,,,,,,,,,,,
342122,0114000,1,広島県,ヒロシマケン,Hiroshima,,,,東広島市,ヒガシヒロシマシ,Higashihiroshima-shi,,,,八本松町米満,ハチホンマツチョウヨネミツ,Hachihommatsucho Yonemitsu,,,,,,,,0,0,0,0,0,0,1,1,1947-04-17,,0,7390133,,,,,,,,,,,,,,,
342122,0115001,2,広島県,ヒロシマケン,Hiroshima,,,,東広島市,ヒガシヒロシマシ,Higashihiroshima-shi,,,,八本松西,ハチホンマツニシ,Hachihommatsu Nishi,一丁目,１チョウメ,1,,,,,1,1,0,0,0,0,1,1,1947-04-17,,0,,,,,,,,,,,,,,,,
342122,0115002,2,広島県,ヒロシマケン,Hiroshima,,,,東広島市,ヒガシヒロシマシ,Higashihiroshima-shi,,,,八本松西,ハチホンマツニシ,Hachihommatsu Nishi,二丁目,２チョウメ,2,,,,,1,1,0,0,0,0,1,1,1947-04-17,,0,,,,,,,,,,,,,,,,
342122,0115003,2,広島県,ヒロシマケン,Hiroshima,,,,東広島市,ヒガシヒロシマシ,Higashihiroshima-shi,,,,八本松西,ハチホンマツニシ,Hachihommatsu Nishi,三丁目,３チョウメ,3,,,,,1,1,0,0,0,0,1,1,1947-04-17,,0,,,,,,,,,,,,,,,,
342122,0115004,2,広島県,ヒロシマケン,Hiroshima,,,,東広島市,ヒガシヒロシマシ,Higashihiroshima-shi,,,,八本松西,ハチホンマツニシ,Hachihommatsu Nishi,四丁目,４チョウメ,4,,,,,1,1,0,0,0,0,1,1,1947-04-17,,0,,,,,,,,,,,,,,,,
342122,0115005,2,広島県,ヒロシマケン,Hiroshima,,,,東広島市,ヒガシヒロシマシ,Higashihiroshima-shi,,,,八本松西,ハチホンマツニシ,Hachihommatsu Nishi,五丁目,５チョウメ,5,,,,,1,1,0,0,0,0,1,1,1947-04-17,,0,,,,,,,,,,,,,,,,
342122,0115006,2,広島県,ヒロシマケン,Hiroshima,,,,東広島市,ヒガシヒロシマシ,Higashihiroshima-shi,,,,八本松西,ハチホンマツニシ,Hachihommatsu Nishi,六丁目,６チョウメ,6,,,,,1,1,0,0,0,0,1,1,1947-04-17,,0,,,,,,,,,,,,,,,,
342122,0115007,2,広島県,ヒロシマケン,Hiroshima,,,,東広島市,ヒガシヒロシマシ,Higashihiroshima-shi,,,,八本松西,ハチホンマツニシ,Hachihommatsu Nishi,七丁目,７チョウメ,7,,,,,1,1,0,0,0,0,1,1,1947-04-17,,0,,,,,,,,,,,,,,,,
342122,0116001,2,広島県,ヒロシマケン,Hiroshima,,,,東広島市,ヒガシヒロシマシ,Higashihiroshima-shi,,,,八本松東,ハチホンマツヒガシ,Hachihommatsu Higashi,一丁目,１チョウメ,1,,,,,1,1,0,0,0,0,1,1,1947-04-17,,0,,,,,,,,,,,,,,,,
342122,0116002,2,広島県,ヒロシマケン,Hiroshima,,,,東広島市,ヒガシヒロシマシ,Higashihiroshima-shi,,,,八本松東,ハチホンマツヒガシ,Hachihommatsu Higashi,二丁目,２チョウメ,2,,,,,1,1,0,0,0,0,1,1,1947-04-17,,0,,,,,,,,,,,,,,,,
342122,0116003,2,広島県,ヒロシマケン,Hiroshima,,,,東広島市,ヒガシヒロシマシ,Higashihiroshima-shi,,,,八本松東,ハチホンマツヒガシ,Hachihommatsu Higashi,三丁目,３チョウメ,3,,,,,1,1,0,0,0,0,1,1,1947-04-17,,0,,,,,,,,,,,,,,,,
342122,0116004,2,広島県,ヒロシマケン,Hiroshima,,,,東広島市,ヒガシヒロシマシ,Higashihiroshima-shi,,,,八本松東,ハチホンマツヒガシ,Hachihommatsu Higashi,四丁目,４チョウメ,4,,,,,1,1,0,0,0,0,1,1,1947-04-17,,0,,,,,,,,,,,,,,,,
342122,0116005,2,広島県,ヒロシマケン,Hiroshima,,,,東広島市,ヒガシヒロシマシ,Higashihiroshima-shi,,,,八本松東,ハチホンマツヒガシ,Hachihommatsu Higashi,五丁目,５チョウメ,5,,,,,1,1,0,0,0,0,1,1,1947-04-17,,0,,,,,,,,,,,,,,,,
342122,0116006,2,広島県,ヒロシマケン,Hiroshima,,,,東広島市,ヒガシヒロシマシ,Higashihiroshima-shi,,,,八本松東,ハチホンマツヒガシ,Hachihommatsu Higashi,六丁目,６チョウメ,6,,,,,1,1,0,0,0,0,1,1,1947-04-17,,0,,,,,,,,,,,,,,,,
342122,0116007,2,広島県,ヒロシマケン,Hiroshima,,,,東広島市,ヒガシヒロシマシ,Higashihiroshima-shi,,,,八本松東,ハチホンマツヒガシ,Hachihommatsu Higashi,七丁目,７チョウメ,7,,,,,1,1,0,0,0,0,1,1,1947-04-17,,0,,,,,,,,,,,,,,,,
342122,0117001,2,広島県,ヒロシマケン,Hiroshima,,,,東広島市,ヒガシヒロシマシ,Higashihiroshima-shi,,,,八本松南,ハチホンマツミナミ,Hachihommatsu Minami,一丁目,１チョウメ,1,,,,,1,1,0,0,0,0,1,1,1947-04-17,,0,,,,,,,,,,,,,,,,
342122,0117002,2,広島県,ヒロシマケン,Hiroshima,,,,東広島市,ヒガシヒロシマシ,Higashihiroshima-shi,,,,八本松南,ハチホンマツミナミ,Hachihommatsu Minami,二丁目,２チョウメ,2,,,,,1,1,0,0,0,0,1,1,1947-04-17,,0,,,,,,,,,,,,,,,,
342122,0117003,2,広島県,ヒロシマケン,Hiroshima,,,,東広島市,ヒガシヒロシマシ,Higashihiroshima-shi,,,,八本松南,ハチホンマツミナミ,Hachihommatsu Minami,三丁目,３チョウメ,3,,,,,1,1,0,0,0,0,1,1,1947-04-17,,0,,,,,,,,,,,,,,,,
342122,0117004,2,広島県,ヒロシマケン,Hiroshima,,,,東広島市,ヒガシヒロシマシ,Higashihiroshima-shi,,,,八本松南,ハチホンマツミナミ,Hachihommatsu Minami,四丁目,４チョウメ,4,,,,,1,1,0,0,0,0,1,1,1947-04-17,,0,,,,,,,,,,,,,,,,
342122,0117005,2,広島県,ヒロシマケン,Hiroshima,,,,東広島市,ヒガシヒロシマシ,Higashihiroshima-shi,,,,八本松南,ハチホンマツミナミ,Hachihommatsu Minami,五丁目,５チョウメ,5,,,,,1,1,0,0,0,0,1,1,1947-04-17,,0,,,,,,,,,,,,,,,,
342122,0117006,2,広島県,ヒロシマケン,Hiroshima,,,,東広島市,ヒガシヒロシマシ,Higashihiroshima-shi,,,,八本松南,ハチホンマツミナミ,Hachihommatsu Minami,六丁目,６チョウメ,6,,,,,1,1,0,0,0,0,1,1,1947-04-17,,0,,,,,,,,,,,,,,,,
342122,0117007,2,広島県,ヒロシマケン,Hiroshima,,,,東広島市,ヒガシヒロシマシ,Higashihiroshima-shi,,,,八本松南,ハチホンマツミナミ,Hachihommatsu Minami,七丁目,７チョウメ,7,,,,,1,1,0,0,0,0,1,1,1947-04-17,,0,,,,,,,,,,,,,,,,
342122,0117008,2,広島県,ヒロシマケン,Hiroshima,,,,東広島市,ヒガシヒロシマシ,Higashihiroshima-shi,,,,八本松南,ハチホンマツミナミ,Hachihommatsu Minami,八丁目,８チョウメ,8,,,,,1,1,0,0,0,0,1,1,1947-04-17,,0,,,,,,,,,,,,,,,,
342122,0118000,1,広島県,ヒロシマケン,Hiroshima,,,,東広島市,ヒガシヒロシマシ,Higashihiroshima-shi,,,,福富町上竹仁,フクトミチョウカミタケニ,Fukutomicho Kamidakeni,,,,,,,,0,0,0,0,0,0,1,1,1947-04-17,,0,7392301,,,,,,,,,,,,,,,
342122,0119000,1,広島県,ヒロシマケン,Hiroshima,,,,東広島市,ヒガシヒロシマシ,Higashihiroshima-shi,,,,福富町上戸野,フクトミチョウカミトノ,Fukutomicho Kamitono,,,,,,,,0,0,0,0,0,0,1,1,1947-04-17,,0,7392304,,,,,,,,,,,,,,,
342122,0120000,1,広島県,ヒロシマケン,Hiroshima,,,,東広島市,ヒガシヒロシマシ,Higashihiroshima-shi,,,,福富町久芳,フクトミチョウクバ,Fukutomicho Kuba,,,,,,,,0,0,0,0,0,0,1,1,1947-04-17,,0,7392303,,,,,,,,,,,,,,,
342122,0121000,1,広島県,ヒロシマケン,Hiroshima,,,,東広島市,ヒガシヒロシマシ,Higashihiroshima-shi,,,,福富町下竹仁,フクトミチョウシモタケニ,Fukutomicho Shimodakeni,,,,,,,,0,0,0,0,0,0,1,1,1947-04-17,,0,7392302,,,,,,,,,,,,,,,
342122,0122001,2,広島県,ヒロシマケン,Hiroshima,,,,東広島市,ヒガシヒロシマシ,Higashihiroshima-shi,,,,三永,ミナガ,Minaga,一丁目,１チョウメ,1,,,,,1,1,0,0,0,0,1,1,1947-04-17,,0,,,,,,,,,,,,,,,,
342122,0122002,2,広島県,ヒロシマケン,Hiroshima,,,,東広島市,ヒガシヒロシマシ,Higashihiroshima-shi,,,,三永,ミナガ,Minaga,二丁目,２チョウメ,2,,,,,1,1,0,0,0,0,1,1,1947-04-17,,0,,,,,,,,,,,,,,,,
342122,0122003,2,広島県,ヒロシマケン,Hiroshima,,,,東広島市,ヒガシヒロシマシ,Higashihiroshima-shi,,,,三永,ミナガ,Minaga,三丁目,３チョウメ,3,,,,,1,1,0,0,0,0,1,1,1947-04-17,,0,,,,,,,,,,,,,,,,
342122,0123000,1,広島県,ヒロシマケン,Hiroshima,,,,東広島市,ヒガシヒロシマシ,Higashihiroshima-shi,,,,西条町田口,サイジョウチョウタグチ,Saijocho Taguchi,,,,,,,,0,0,0,0,0,0,1,1,1947-04-17,,0,7390036,,,,,,,,,,,,,,,
342122,0124000,1,広島県,ヒロシマケン,Hiroshima,,,,東広島市,ヒガシヒロシマシ,Higashihiroshima-shi,,,,八本松町吉川,ハチホンマツチョウヨシカワ,Hachihommatsucho Yoshikawa,,,,,,,,0,0,0,0,0,0,1,1,1947-04-17,,0,7390152,,,,,,,,,,,,,,,
342122,0125000,1,広島県,ヒロシマケン,Hiroshima,,,,東広島市,ヒガシヒロシマシ,Higashihiroshima-shi,,,,吉川工業団地,ヨシカワコウギョウダンチ,Yoshikawakogyodanchi,,,,,,,,1,1,0,0,0,0,1,1,1947-04-17,,0,7390153,,,,,,,,,,,,,,,
342122,0126000,1,広島県,ヒロシマケン,Hiroshima,,,,東広島市,ヒガシヒロシマシ,Higashihiroshima-shi,,,,寺家産業団地,ジケサンギョウダンチ,Jikesangyodanchi,,,,,,,,1,1,0,0,0,0,1,1,1947-04-17,,0,7390049,,,,,,,,,,,,,,,
342122,0127000,1,広島県,ヒロシマケン,Hiroshima,,,,東広島市,ヒガシヒロシマシ,Higashihiroshima-shi,,,,西条町寺家,サイジョウチョウジケ,Saijocho Jike,,,,,,,,0,0,0,0,0,0,1,1,1947-04-17,,0,7390041,,,,,,,,,,,,,,,
342122,0128000,1,広島県,ヒロシマケン,Hiroshima,,,,東広島市,ヒガシヒロシマシ,Higashihiroshima-shi,,,,寺家駅前,ジケエキマエ,Jikeekimae,,,,,,,,1,1,0,0,0,0,1,1,1947-04-17,,0,7390040,,,,,,,,,,,,,,,
342131,0001000,1,広島県,ヒロシマケン,Hiroshima,,,,廿日市市,ハツカイチシ,Hatsukaichi-shi,,,,浅原,アサハラ,Asahara,,,,,,,,0,0,0,0,0,0,1,1,1947-04-17,,0,7380223,,,,,,,,,,,,,,,
342131,0002001,2,広島県,ヒロシマケン,Hiroshima,,,,廿日市市,ハツカイチシ,Hatsukaichi-shi,,,,阿品,アジナ,Ajina,一丁目,１チョウメ,1,,,,,1,1,0,0,0,0,1,1,1947-04-17,,0,,,,,,,,,,,,,,,,
342131,0002002,2,広島県,ヒロシマケン,Hiroshima,,,,廿日市市,ハツカイチシ,Hatsukaichi-shi,,,,阿品,アジナ,Ajina,二丁目,２チョウメ,2,,,,,1,1,0,0,0,0,1,1,1947-04-17,,0,,,,,,,,,,,,,,,,
342131,0002003,2,広島県,ヒロシマケン,Hiroshima,,,,廿日市市,ハツカイチシ,Hatsukaichi-shi,,,,阿品,アジナ,Ajina,三丁目,３チョウメ,3,,,,,1,1,0,0,0,0,1,1,1947-04-17,,0,,,,,,,,,,,,,,,,
342131,0002004,2,広島県,ヒロシマケン,Hiroshima,,,,廿日市市,ハツカイチシ,Hatsukaichi-shi,,,,阿品,アジナ,Ajina,四丁目,４チョウメ,4,,,,,1,1,0,0,0,0,1,1,1947-04-17,,0,,,,,,,,,,,,,,,,
342131,0003001,2,広島県,ヒロシマケン,Hiroshima,,,,廿日市市,ハツカイチシ,Hatsukaichi-shi,,,,阿品台,アジナダイ,Ajinadai,一丁目,１チョウメ,1,,,,,1,1,0,0,0,0,1,1,1947-04-17,,0,,,,,,,,,,,,,,,,
342131,0003002,2,広島県,ヒロシマケン,Hiroshima,,,,廿日市市,ハツカイチシ,Hatsukaichi-shi,,,,阿品台,アジナダイ,Ajinadai,二丁目,２チョウメ,2,,,,,1,1,0,0,0,0,1,1,1947-04-17,,0,,,,,,,,,,,,,,,,
342131,0003003,2,広島県,ヒロシマケン,Hiroshima,,,,廿日市市,ハツカイチシ,Hatsukaichi-shi,,,,阿品台,アジナダイ,Ajinadai,三丁目,３チョウメ,3,,,,,1,1,0,0,0,0,1,1,1947-04-17,,0,,,,,,,,,,,,,,,,
342131,0003004,2,広島県,ヒロシマケン,Hiroshima,,,,廿日市市,ハツカイチシ,Hatsukaichi-shi,,,,阿品台,アジナダイ,Ajinadai,四丁目,４チョウメ,4,,,,,1,1,0,0,0,0,1,1,1947-04-17,,0,,,,,,,,,,,,,,,,
342131,0003005,2,広島県,ヒロシマケン,Hiroshima,,,,廿日市市,ハツカイチシ,Hatsukaichi-shi,,,,阿品台,アジナダイ,Ajinadai,五丁目,５チョウメ,5,,,,,1,1,0,0,0,0,1,1,1947-04-17,,0,,,,,,,,,,,,,,,,
342131,0004000,1,広島県,ヒロシマケン,Hiroshima,,,,廿日市市,ハツカイチシ,Hatsukaichi-shi,,,,阿品台北,アジナダイキタ,Ajinadaikita,,,,,,,,1,1,0,0,0,0,1,1,1947-04-17,,0,7380051,,,,,,,,,,,,,,,
342131,0005000,1,広島県,ヒロシマケン,Hiroshima,,,,廿日市市,ハツカイチシ,Hatsukaichi-shi,,,,阿品台西,アジナダイニシ,Ajinadainishi,,,,,,,,1,1,0,0,0,0,1,1,1947-04-17,,0,7380055,,,,,,,,,,,,,,,
342131,0006000,1,広島県,ヒロシマケン,Hiroshima,,,,廿日市市,ハツカイチシ,Hatsukaichi-shi,,,,阿品台東,アジナダイヒガシ,Ajinadaihigashi,,,,,,,,1,1,0,0,0,0,1,1,1947-04-17,,0,7380052,,,,,,,,,,,,,,,
342131,0007000,1,広島県,ヒロシマケン,Hiroshima,,,,廿日市市,ハツカイチシ,Hatsukaichi-shi,,,,阿品台山の手,アジナダイヤマノテ,Ajinadaiyamanote,,,,,,,,1,1,0,0,0,0,1,1,1947-04-17,,0,7380056,,,,,,,,,,,,,,,
342131,0008000,1,広島県,ヒロシマケン,Hiroshima,,,,廿日市市,ハツカイチシ,Hatsukaichi-shi,,,,飯山,イイノヤマ,Iinoyama,,,,,,,,0,0,0,0,0,0,1,1,1947-04-17,,0,7380226,,,,,,,,,,,,,,,
342131,0009001,2,広島県,ヒロシマケン,Hiroshima,,,,廿日市市,ハツカイチシ,Hatsukaichi-shi,,,,梅原,ウメハラ,Umehara,一丁目,１チョウメ,1,,,,,1,1,0,0,0,0,1,1,1947-04-17,,0,,,,,,,,,,,,,,,,
342131,0009002,2,広島県,ヒロシマケン,Hiroshima,,,,廿日市市,ハツカイチシ,Hatsukaichi-shi,,,,梅原,ウメハラ,Umehara,二丁目,２チョウメ,2,,,,,1,1,0,0,0,0,1,1,1947-04-17,,0,,,,,,,,,,,,,,,,
342131,0010000,1,広島県,ヒロシマケン,Hiroshima,,,,廿日市市,ハツカイチシ,Hatsukaichi-shi,,,,駅前,エキマエ,Ekimae,,,,,,,,1,1,0,0,0,0,1,1,1947-04-17,,0,7380011,,,,,,,,,,,,,,,
342131,0012000,1,広島県,ヒロシマケン,Hiroshima,,,,廿日市市,ハツカイチシ,Hatsukaichi-shi,,,,大野,オオノ,,,,,,,,,0,0,0,0,0,0,1,0,1947-04-17,,1,,,,,,,,,,,,,,,,
342131,0012001,2,広島県,ヒロシマケン,Hiroshima,,,,廿日市市,ハツカイチシ,Hatsukaichi-shi,,,,大野,オオノ,Ono,一丁目,１チョウメ,1,,,,,1,1,0,0,0,0,1,1,1947-04-17,,0,7390434,,,,,,,,,,,,,,,
342131,0012002,2,広島県,ヒロシマケン,Hiroshima,,,,廿日市市,ハツカイチシ,Hatsukaichi-shi,,,,大野,オオノ,Ono,二丁目,２チョウメ,2,,,,,1,1,0,0,0,0,1,1,1947-04-17,,0,7390434,,,,,,,,,,,,,,,
342131,0013001,2,広島県,ヒロシマケン,Hiroshima,,,,廿日市市,ハツカイチシ,Hatsukaichi-shi,,,,大野中央,オオノチュウオウ,Onochuo,一丁目,１チョウメ,1,,,,,1,1,0,0,0,0,1,1,1947-04-17,,0,,,,,,,,,,,,,,,,
342131,0013002,2,広島県,ヒロシマケン,Hiroshima,,,,廿日市市,ハツカイチシ,Hatsukaichi-shi,,,,大野中央,オオノチュウオウ,Onochuo,二丁目,２チョウメ,2,,,,,1,1,0,0,0,0,1,1,1947-04-17,,0,,,,,,,,,,,,,,,,
342131,0013003,2,広島県,ヒロシマケン,Hiroshima,,,,廿日市市,ハツカイチシ,Hatsukaichi-shi,,,,大野中央,オオノチュウオウ,Onochuo,三丁目,３チョウメ,3,,,,,1,1,0,0,0,0,1,1,1947-04-17,,0,,,,,,,,,,,,,,,,
342131,0013004,2,広島県,ヒロシマケン,Hiroshima,,,,廿日市市,ハツカイチシ,Hatsukaichi-shi,,,,大野中央,オオノチュウオウ,Onochuo,四丁目,４チョウメ,4,,,,,1,1,0,0,0,0,1,1,1947-04-17,,0,,,,,,,,,,,,,,,,
342131,0013005,2,広島県,ヒロシマケン,Hiroshima,,,,廿日市市,ハツカイチシ,Hatsukaichi-shi,,,,大野中央,オオノチュウオウ,Onochuo,五丁目,５チョウメ,5,,,,,1,1,0,0,0,0,1,1,1947-04-17,,0,,,,,,,,,,,,,,,,
342131,0014001,2,広島県,ヒロシマケン,Hiroshima,,,,廿日市市,ハツカイチシ,Hatsukaichi-shi,,,,大野原,オオノハラ,Onohara,一丁目,１チョウメ,1,,,,,1,1,0,0,0,0,1,1,1947-04-17,,0,,,,,,,,,,,,,,,,
342131,0014002,2,広島県,ヒロシマケン,Hiroshima,,,,廿日市市,ハツカイチシ,Hatsukaichi-shi,,,,大野原,オオノハラ,Onohara,二丁目,２チョウメ,2,,,,,1,1,0,0,0,0,1,1,1947-04-17,,0,,,,,,,,,,,,,,,,
342131,0014003,2,広島県,ヒロシマケン,Hiroshima,,,,廿日市市,ハツカイチシ,Hatsukaichi-shi,,,,大野原,オオノハラ,Onohara,三丁目,３チョウメ,3,,,,,1,1,0,0,0,0,1,1,1947-04-17,,0,,,,,,,,,,,,,,,,
342131,0014004,2,広島県,ヒロシマケン,Hiroshima,,,,廿日市市,ハツカイチシ,Hatsukaichi-shi,,,,大野原,オオノハラ,Onohara,四丁目,４チョウメ,4,,,,,1,1,0,0,0,0,1,1,1947-04-17,,0,,,,,,,,,,,,,,,,
342131,0015000,1,広島県,ヒロシマケン,Hiroshima,,,,廿日市市,ハツカイチシ,Hatsukaichi-shi,,,,大東,オオヒガシ,Ohigashi,,,,,,,,1,1,0,0,0,0,1,1,1947-04-17,,0,7380006,,,,,,,,,,,,,,,
342131,0016001,2,広島県,ヒロシマケン,Hiroshima,,,,廿日市市,ハツカイチシ,Hatsukaichi-shi,,,,沖塩屋,オキシオヤ,Okishioya,一丁目,１チョウメ,1,,,,,1,1,0,0,0,0,1,1,1947-04-17,,0,,,,,,,,,,,,,,,,
342131,0016002,2,広島県,ヒロシマケン,Hiroshima,,,,廿日市市,ハツカイチシ,Hatsukaichi-shi,,,,沖塩屋,オキシオヤ,Okishioya,二丁目,２チョウメ,2,,,,,1,1,0,0,0,0,1,1,1947-04-17,,0,,,,,,,,,,,,,,,,
342131,0016003,2,広島県,ヒロシマケン,Hiroshima,,,,廿日市市,ハツカイチシ,Hatsukaichi-shi,,,,沖塩屋,オキシオヤ,Okishioya,三丁目,３チョウメ,3,,,,,1,1,0,0,0,0,1,1,1947-04-17,,0,,,,,,,,,,,,,,,,
342131,0016004,2,広島県,ヒロシマケン,Hiroshima,,,,廿日市市,ハツカイチシ,Hatsukaichi-shi,,,,沖塩屋,オキシオヤ,Okishioya,四丁目,４チョウメ,4,,,,,1,1,0,0,0,0,1,1,1947-04-17,,0,,,,,,,,,,,,,,,,
342131,0017000,1,広島県,ヒロシマケン,Hiroshima,,,,廿日市市,ハツカイチシ,Hatsukaichi-shi,,,,可愛,カアイ,Kaai,,,,,,,,1,1,0,0,0,0,1,1,1947-04-17,,0,7380016,,,,,,,,,,,,,,,
342131,0018001,2,広島県,ヒロシマケン,Hiroshima,,,,廿日市市,ハツカイチシ,Hatsukaichi-shi,,,,上の浜,カミノハマ,Kaminohama,一丁目,１チョウメ,1,,,,,1,1,0,0,0,0,1,1,1947-04-17,,0,,,,,,,,,,,,,,,,
342131,0018002,2,広島県,ヒロシマケン,Hiroshima,,,,廿日市市,ハツカイチシ,Hatsukaichi-shi,,,,上の浜,カミノハマ,Kaminohama,二丁目,２チョウメ,2,,,,,1,1,0,0,0,0,1,1,1947-04-17,,0,,,,,,,,,,,,,,,,
342131,0019000,1,広島県,ヒロシマケン,Hiroshima,,,,廿日市市,ハツカイチシ,Hatsukaichi-shi,,,,上平良,カミヘラ,Kamihera,,,,,,,,0,0,0,0,0,0,1,1,1947-04-17,,0,7380026,,,,,,,,,,,,,,,
342131,0020000,1,広島県,ヒロシマケン,Hiroshima,,,,廿日市市,ハツカイチシ,Hatsukaichi-shi,,,,河津原,カワヅハラ,Kawazuhara,,,,,,,,0,0,0,0,0,0,1,1,1947-04-17,,0,7380204,,,,,,,,,,,,,,,
342131,0021001,2,広島県,ヒロシマケン,Hiroshima,,,,廿日市市,ハツカイチシ,Hatsukaichi-shi,,,,串戸,クシド,Kushido,一丁目,１チョウメ,1,,,,,1,1,0,0,0,0,1,1,1947-04-17,,0,,,,,,,,,,,,,,,,
342131,0021002,2,広島県,ヒロシマケン,Hiroshima,,,,廿日市市,ハツカイチシ,Hatsukaichi-shi,,,,串戸,クシド,Kushido,二丁目,２チョウメ,2,,,,,1,1,0,0,0,0,1,1,1947-04-17,,0,,,,,,,,,,,,,,,,
342131,0021003,2,広島県,ヒロシマケン,Hiroshima,,,,廿日市市,ハツカイチシ,Hatsukaichi-shi,,,,串戸,クシド,Kushido,三丁目,３チョウメ,3,,,,,1,1,0,0,0,0,1,1,1947-04-17,,0,,,,,,,,,,,,,,,,
342131,0021004,2,広島県,ヒロシマケン,Hiroshima,,,,廿日市市,ハツカイチシ,Hatsukaichi-shi,,,,串戸,クシド,Kushido,四丁目,４チョウメ,4,,,,,1,1,0,0,0,0,1,1,1947-04-17,,0,,,,,,,,,,,,,,,,
342131,0021005,2,広島県,ヒロシマケン,Hiroshima,,,,廿日市市,ハツカイチシ,Hatsukaichi-shi,,,,串戸,クシド,Kushido,五丁目,５チョウメ,5,,,,,1,1,0,0,0,0,1,1,1947-04-17,,0,,,,,,,,,,,,,,,,
342131,0021006,2,広島県,ヒロシマケン,Hiroshima,,,,廿日市市,ハツカイチシ,Hatsukaichi-shi,,,,串戸,クシド,Kushido,六丁目,６チョウメ,6,,,,,1,1,0,0,0,0,1,1,1947-04-17,,0,,,,,,,,,,,,,,,,
342131,0022000,1,広島県,ヒロシマケン,Hiroshima,,,,廿日市市,ハツカイチシ,Hatsukaichi-shi,,,,玖島,クジマ,Kujima,,,,,,,,0,0,0,0,0,0,1,1,1947-04-17,,0,7380205,,,,,,,,,,,,,,,
342131,0025000,1,広島県,ヒロシマケン,Hiroshima,,,,廿日市市,ハツカイチシ,Hatsukaichi-shi,,,,佐方,サガタ,Sagata,,,,,,,,0,0,0,0,0,0,1,1,1947-04-17,,0,7380001,,,,,,,,,,,,,,,
342131,0025001,2,広島県,ヒロシマケン,Hiroshima,,,,廿日市市,ハツカイチシ,Hatsukaichi-shi,,,,佐方,サガタ,Sagata,一丁目,１チョウメ,1,,,,,1,1,0,0,0,0,1,1,1947-04-17,,0,,,,,,,,,,,,,,,,
342131,0025002,2,広島県,ヒロシマケン,Hiroshima,,,,廿日市市,ハツカイチシ,Hatsukaichi-shi,,,,佐方,サガタ,Sagata,二丁目,２チョウメ,2,,,,,1,1,0,0,0,0,1,1,1947-04-17,,0,,,,,,,,,,,,,,,,
342131,0025003,2,広島県,ヒロシマケン,Hiroshima,,,,廿日市市,ハツカイチシ,Hatsukaichi-shi,,,,佐方,サガタ,Sagata,三丁目,３チョウメ,3,,,,,1,1,0,0,0,0,1,1,1947-04-17,,0,,,,,,,,,,,,,,,,
342131,0025004,2,広島県,ヒロシマケン,Hiroshima,,,,廿日市市,ハツカイチシ,Hatsukaichi-shi,,,,佐方,サガタ,Sagata,四丁目,４チョウメ,4,,,,,1,1,0,0,0,0,1,1,1947-04-17,,0,,,,,,,,,,,,,,,,
342131,0026000,1,広島県,ヒロシマケン,Hiroshima,,,,廿日市市,ハツカイチシ,Hatsukaichi-shi,,,,佐方本町,サガタホンマチ,Sagatahommachi,,,,,,,,1,1,0,0,0,0,1,1,1947-04-17,,0,7380003,,,,,,,,,,,,,,,
342131,0027001,2,広島県,ヒロシマケン,Hiroshima,,,,廿日市市,ハツカイチシ,Hatsukaichi-shi,,,,桜尾,サクラオ,Sakurao,一丁目,１チョウメ,1,,,,,1,1,0,0,0,0,1,1,1947-04-17,,0,,,,,,,,,,,,,,,,
342131,0027002,2,広島県,ヒロシマケン,Hiroshima,,,,廿日市市,ハツカイチシ,Hatsukaichi-shi,,,,桜尾,サクラオ,Sakurao,二丁目,２チョウメ,2,,,,,1,1,0,0,0,0,1,1,1947-04-17,,0,,,,,,,,,,,,,,,,
342131,0027003,2,広島県,ヒロシマケン,Hiroshima,,,,廿日市市,ハツカイチシ,Hatsukaichi-shi,,,,桜尾,サクラオ,Sakurao,三丁目,３チョウメ,3,,,,,1,1,0,0,0,0,1,1,1947-04-17,,0,,,,,,,,,,,,,,,,
342131,0028000,1,広島県,ヒロシマケン,Hiroshima,,,,廿日市市,ハツカイチシ,Hatsukaichi-shi,,,,桜尾本町,サクラオホンマチ,Sakuraohommachi,,,,,,,,1,1,0,0,0,0,1,1,1947-04-17,,0,7380005,,,,,,,,,,,,,,,
342131,0029000,1,広島県,ヒロシマケン,Hiroshima,,,,廿日市市,ハツカイチシ,Hatsukaichi-shi,,,,山陽園,サンヨウエン,Sanyoen,,,,,,,,1,1,0,0,0,0,1,1,1947-04-17,,0,7380002,,,,,,,,,,,,,,,
342131,0030001,2,広島県,ヒロシマケン,Hiroshima,,,,廿日市市,ハツカイチシ,Hatsukaichi-shi,,,,塩屋,シオヤ,Shioya,一丁目,１チョウメ,1,,,,,1,1,0,0,0,0,1,1,1947-04-17,,0,,,,,,,,,,,,,,,,
342131,0030002,2,広島県,ヒロシマケン,Hiroshima,,,,廿日市市,ハツカイチシ,Hatsukaichi-shi,,,,塩屋,シオヤ,Shioya,二丁目,２チョウメ,2,,,,,1,1,0,0,0,0,1,1,1947-04-17,,0,,,,,,,,,,,,,,,,
342131,0031000,1,広島県,ヒロシマケン,Hiroshima,,,,廿日市市,ハツカイチシ,Hatsukaichi-shi,,,,四季が丘,シキガオカ,Shikigaoka,,,,,,,,0,0,0,0,0,0,1,1,1947-04-17,,0,7380036,,,,,,,,,,,,,,,
342131,0031001,2,広島県,ヒロシマケン,Hiroshima,,,,廿日市市,ハツカイチシ,Hatsukaichi-shi,,,,四季が丘,シキガオカ,Shikigaoka,一丁目,１チョウメ,1,,,,,0,0,0,0,0,0,1,1,1947-04-17,,0,,,,,,,,,,,,,,,,
342131,0031002,2,広島県,ヒロシマケン,Hiroshima,,,,廿日市市,ハツカイチシ,Hatsukaichi-shi,,,,四季が丘,シキガオカ,Shikigaoka,二丁目,２チョウメ,2,,,,,0,0,0,0,0,0,1,1,1947-04-17,,0,,,,,,,,,,,,,,,,
342131,0031003,2,広島県,ヒロシマケン,Hiroshima,,,,廿日市市,ハツカイチシ,Hatsukaichi-shi,,,,四季が丘,シキガオカ,Shikigaoka,三丁目,３チョウメ,3,,,,,0,0,0,0,0,0,1,1,1947-04-17,,0,,,,,,,,,,,,,,,,
342131,0031004,2,広島県,ヒロシマケン,Hiroshima,,,,廿日市市,ハツカイチシ,Hatsukaichi-shi,,,,四季が丘,シキガオカ,Shikigaoka,四丁目,４チョウメ,4,,,,,0,0,0,0,0,0,1,1,1947-04-17,,0,,,,,,,,,,,,,,,,
342131,0031005,2,広島県,ヒロシマケン,Hiroshima,,,,廿日市市,ハツカイチシ,Hatsukaichi-shi,,,,四季が丘,シキガオカ,Shikigaoka,五丁目,５チョウメ,5,,,,,0,0,0,0,0,0,1,1,1947-04-17,,0,,,,,,,,,,,,,,,,
342131,0031006,2,広島県,ヒロシマケン,Hiroshima,,,,廿日市市,ハツカイチシ,Hatsukaichi-shi,,,,四季が丘,シキガオカ,Shikigaoka,六丁目,６チョウメ,6,,,,,0,0,0,0,0,0,1,1,1947-04-17,,0,,,,,,,,,,,,,,,,
342131,0031007,2,広島県,ヒロシマケン,Hiroshima,,,,廿日市市,ハツカイチシ,Hatsukaichi-shi,,,,四季が丘,シキガオカ,Shikigaoka,七丁目,７チョウメ,7,,,,,0,0,0,0,0,0,1,1,1947-04-17,,0,,,,,,,,,,,,,,,,
342131,0031008,2,広島県,ヒロシマケン,Hiroshima,,,,廿日市市,ハツカイチシ,Hatsukaichi-shi,,,,四季が丘,シキガオカ,Shikigaoka,八丁目,８チョウメ,8,,,,,0,0,0,0,0,0,1,1,1947-04-17,,0,,,,,,,,,,,,,,,,
342131,0031009,2,広島県,ヒロシマケン,Hiroshima,,,,廿日市市,ハツカイチシ,Hatsukaichi-shi,,,,四季が丘,シキガオカ,Shikigaoka,九丁目,９チョウメ,9,,,,,0,0,0,0,0,0,1,1,1947-04-17,,0,,,,,,,,,,,,,,,,
342131,0031010,2,広島県,ヒロシマケン,Hiroshima,,,,廿日市市,ハツカイチシ,Hatsukaichi-shi,,,,四季が丘,シキガオカ,Shikigaoka,十丁目,１０チョウメ,10,,,,,0,0,0,0,0,0,1,1,1947-04-17,,0,,,,,,,,,,,,,,,,
342131,0031011,2,広島県,ヒロシマケン,Hiroshima,,,,廿日市市,ハツカイチシ,Hatsukaichi-shi,,,,四季が丘,シキガオカ,Shikigaoka,十一丁目,１１チョウメ,11,,,,,0,0,0,0,0,0,1,1,1947-04-17,,0,,,,,,,,,,,,,,,,
342131,0032000,1,広島県,ヒロシマケン,Hiroshima,,,,廿日市市,ハツカイチシ,Hatsukaichi-shi,,,,四季が丘上,シキガオカカミ,Shikigaokakami,,,,,,,,0,0,0,0,0,0,1,1,1947-04-17,,0,7380038,,,,,,,,,,,,,,,
342131,0034000,1,広島県,ヒロシマケン,Hiroshima,,,,廿日市市,ハツカイチシ,Hatsukaichi-shi,,,,地御前,ジゴゼン,Jigozen,,,,,,,,0,0,0,0,0,0,1,1,1947-04-17,,0,7380042,,,,,,,,,,,,,,,
342131,0034001,2,広島県,ヒロシマケン,Hiroshima,,,,廿日市市,ハツカイチシ,Hatsukaichi-shi,,,,地御前,ジゴゼン,Jigozen,一丁目,１チョウメ,1,,,,,1,1,0,0,0,0,1,1,1947-04-17,,0,,,,,,,,,,,,,,,,
342131,0034002,2,広島県,ヒロシマケン,Hiroshima,,,,廿日市市,ハツカイチシ,Hatsukaichi-shi,,,,地御前,ジゴゼン,Jigozen,二丁目,２チョウメ,2,,,,,1,1,0,0,0,0,1,1,1947-04-17,,0,,,,,,,,,,,,,,,,
342131,0034003,2,広島県,ヒロシマケン,Hiroshima,,,,廿日市市,ハツカイチシ,Hatsukaichi-shi,,,,地御前,ジゴゼン,Jigozen,三丁目,３チョウメ,3,,,,,1,1,0,0,0,0,1,1,1947-04-17,,0,,,,,,,,,,,,,,,,
342131,0034004,2,広島県,ヒロシマケン,Hiroshima,,,,廿日市市,ハツカイチシ,Hatsukaichi-shi,,,,地御前,ジゴゼン,Jigozen,四丁目,４チョウメ,4,,,,,1,1,0,0,0,0,1,1,1947-04-17,,0,,,,,,,,,,,,,,,,
342131,0034005,2,広島県,ヒロシマケン,Hiroshima,,,,廿日市市,ハツカイチシ,Hatsukaichi-shi,,,,地御前,ジゴゼン,Jigozen,五丁目,５チョウメ,5,,,,,1,1,0,0,0,0,1,1,1947-04-17,,0,,,,,,,,,,,,,,,,
342131,0035001,2,広島県,ヒロシマケン,Hiroshima,,,,廿日市市,ハツカイチシ,Hatsukaichi-shi,,,,地御前北,ジゴゼンキタ,Jigozenkita,一丁目,１チョウメ,1,,,,,1,1,0,0,0,0,1,1,1947-04-17,,0,,,,,,,,,,,,,,,,
342131,0035002,2,広島県,ヒロシマケン,Hiroshima,,,,廿日市市,ハツカイチシ,Hatsukaichi-shi,,,,地御前北,ジゴゼンキタ,Jigozenkita,二丁目,２チョウメ,2,,,,,1,1,0,0,0,0,1,1,1947-04-17,,0,,,,,,,,,,,,,,,,
342131,0035003,2,広島県,ヒロシマケン,Hiroshima,,,,廿日市市,ハツカイチシ,Hatsukaichi-shi,,,,地御前北,ジゴゼンキタ,Jigozenkita,三丁目,３チョウメ,3,,,,,1,1,0,0,0,0,1,1,1947-04-17,,0,,,,,,,,,,,,,,,,
342131,0038000,1,広島県,ヒロシマケン,Hiroshima,,,,廿日市市,ハツカイチシ,Hatsukaichi-shi,,,,下平良,シモヘラ,Shimohera,,,,,,,,0,0,0,0,0,0,1,1,1947-04-17,,0,7380023,,,,,,,,,,,,,,,
342131,0038001,2,広島県,ヒロシマケン,Hiroshima,,,,廿日市市,ハツカイチシ,Hatsukaichi-shi,,,,下平良,シモヘラ,Shimohera,一丁目,１チョウメ,1,,,,,1,1,0,0,0,0,1,1,1947-04-17,,0,,,,,,,,,,,,,,,,
342131,0038002,2,広島県,ヒロシマケン,Hiroshima,,,,廿日市市,ハツカイチシ,Hatsukaichi-shi,,,,下平良,シモヘラ,Shimohera,二丁目,２チョウメ,2,,,,,1,1,0,0,0,0,1,1,1947-04-17,,0,,,,,,,,,,,,,,,,
342131,0039001,2,広島県,ヒロシマケン,Hiroshima,,,,廿日市市,ハツカイチシ,Hatsukaichi-shi,,,,城内,ジョウナイ,Jonai,一丁目,１チョウメ,1,,,,,1,1,0,0,0,0,1,1,1947-04-17,,0,,,,,,,,,,,,,,,,
342131,0039002,2,広島県,ヒロシマケン,Hiroshima,,,,廿日市市,ハツカイチシ,Hatsukaichi-shi,,,,城内,ジョウナイ,Jonai,二丁目,２チョウメ,2,,,,,1,1,0,0,0,0,1,1,1947-04-17,,0,,,,,,,,,,,,,,,,
342131,0039003,2,広島県,ヒロシマケン,Hiroshima,,,,廿日市市,ハツカイチシ,Hatsukaichi-shi,,,,城内,ジョウナイ,Jonai,三丁目,３チョウメ,3,,,,,1,1,0,0,0,0,1,1,1947-04-17,,0,,,,,,,,,,,,,,,,
342131,0040001,2,広島県,ヒロシマケン,Hiroshima,,,,廿日市市,ハツカイチシ,Hatsukaichi-shi,,,,新宮,シングウ,Shingu,一丁目,１チョウメ,1,,,,,1,1,0,0,0,0,1,1,1947-04-17,,0,,,,,,,,,,,,,,,,
342131,0040002,2,広島県,ヒロシマケン,Hiroshima,,,,廿日市市,ハツカイチシ,Hatsukaichi-shi,,,,新宮,シングウ,Shingu,二丁目,２チョウメ,2,,,,,1,1,0,0,0,0,1,1,1947-04-17,,0,,,,,,,,,,,,,,,,
342131,0041000,1,広島県,ヒロシマケン,Hiroshima,,,,廿日市市,ハツカイチシ,Hatsukaichi-shi,,,,須賀,スカ,Suka,,,,,,,,1,1,0,0,0,0,1,1,1947-04-17,,0,7380017,,,,,,,,,,,,,,,
342131,0042001,2,広島県,ヒロシマケン,Hiroshima,,,,廿日市市,ハツカイチシ,Hatsukaichi-shi,,,,住吉,スミヨシ,Sumiyoshi,一丁目,１チョウメ,1,,,,,1,1,0,0,0,0,1,1,1947-04-17,,0,,,,,,,,,,,,,,,,
342131,0042002,2,広島県,ヒロシマケン,Hiroshima,,,,廿日市市,ハツカイチシ,Hatsukaichi-shi,,,,住吉,スミヨシ,Sumiyoshi,二丁目,２チョウメ,2,,,,,1,1,0,0,0,0,1,1,1947-04-17,,0,,,,,,,,,,,,,,,,
342131,0043001,2,広島県,ヒロシマケン,Hiroshima,,,,廿日市市,ハツカイチシ,Hatsukaichi-shi,,,,対厳山,タイゲンザン,Taigenzan,一丁目,１チョウメ,1,,,,,1,1,0,0,0,0,1,1,1947-04-17,,0,,,,,,,,,,,,,,,,
342131,0043002,2,広島県,ヒロシマケン,Hiroshima,,,,廿日市市,ハツカイチシ,Hatsukaichi-shi,,,,対厳山,タイゲンザン,Taigenzan,二丁目,２チョウメ,2,,,,,1,1,0,0,0,0,1,1,1947-04-17,,0,,,,,,,,,,,,,,,,
342131,0043003,2,広島県,ヒロシマケン,Hiroshima,,,,廿日市市,ハツカイチシ,Hatsukaichi-shi,,,,対厳山,タイゲンザン,Taigenzan,三丁目,３チョウメ,3,,,,,1,1,0,0,0,0,1,1,1947-04-17,,0,,,,,,,,,,,,,,,,
342131,0045000,1,広島県,ヒロシマケン,Hiroshima,,,,廿日市市,ハツカイチシ,Hatsukaichi-shi,,,,天神,テンジン,Tenjin,,,,,,,,1,1,0,0,0,0,1,1,1947-04-17,,0,7380012,,,,,,,,,,,,,,,
342131,0046000,1,広島県,ヒロシマケン,Hiroshima,,,,廿日市市,ハツカイチシ,Hatsukaichi-shi,,,,峠,トウゲ,Toge,,,,,,,,0,0,0,0,0,0,1,1,1947-04-17,,0,7380202,,,,,,,,,,,,,,,
342131,0047000,1,広島県,ヒロシマケン,Hiroshima,,,,廿日市市,ハツカイチシ,Hatsukaichi-shi,,,,友田,トモタ,Tomota,,,,,,,,0,0,0,0,0,0,1,1,1947-04-17,,0,7380203,,,,,,,,,,,,,,,
342131,0048000,1,広島県,ヒロシマケン,Hiroshima,,,,廿日市市,ハツカイチシ,Hatsukaichi-shi,,,,永原,ナガハラ,Nagahara,,,,,,,,0,0,0,0,0,0,1,1,1947-04-17,,0,7380201,,,,,,,,,,,,,,,
342131,0050000,1,広島県,ヒロシマケン,Hiroshima,,,,廿日市市,ハツカイチシ,Hatsukaichi-shi,,,,廿日市,ハツカイチ,Hatsukaichi,,,,,,,,0,0,0,0,0,0,1,1,1947-04-17,,0,7380013,,,,,,,,,,,,,,,
342131,0050001,2,広島県,ヒロシマケン,Hiroshima,,,,廿日市市,ハツカイチシ,Hatsukaichi-shi,,,,廿日市,ハツカイチ,Hatsukaichi,一丁目,１チョウメ,1,,,,,1,1,0,0,0,0,1,1,1947-04-17,,0,,,,,,,,,,,,,,,,
342131,0050002,2,広島県,ヒロシマケン,Hiroshima,,,,廿日市市,ハツカイチシ,Hatsukaichi-shi,,,,廿日市,ハツカイチ,Hatsukaichi,二丁目,２チョウメ,2,,,,,1,1,0,0,0,0,1,1,1947-04-17,,0,,,,,,,,,,,,,,,,
342131,0051001,2,広島県,ヒロシマケン,Hiroshima,,,,廿日市市,ハツカイチシ,Hatsukaichi-shi,,,,八坂,ハッサカ,Hassaka,一丁目,１チョウメ,1,,,,,1,1,0,0,0,0,1,1,1947-04-17,,0,,,,,,,,,,,,,,,,
342131,0051002,2,広島県,ヒロシマケン,Hiroshima,,,,廿日市市,ハツカイチシ,Hatsukaichi-shi,,,,八坂,ハッサカ,Hassaka,二丁目,２チョウメ,2,,,,,1,1,0,0,0,0,1,1,1947-04-17,,0,,,,,,,,,,,,,,,,
342131,0052001,2,広島県,ヒロシマケン,Hiroshima,,,,廿日市市,ハツカイチシ,Hatsukaichi-shi,,,,林が原,ハヤシガハラ,Hayashigahara,一丁目,１チョウメ,1,,,,,1,1,0,0,0,0,1,1,1947-04-17,,0,,,,,,,,,,,,,,,,
342131,0052002,2,広島県,ヒロシマケン,Hiroshima,,,,廿日市市,ハツカイチシ,Hatsukaichi-shi,,,,林が原,ハヤシガハラ,Hayashigahara,二丁目,２チョウメ,2,,,,,1,1,0,0,0,0,1,1,1947-04-17,,0,,,,,,,,,,,,,,,,
342131,0053000,1,広島県,ヒロシマケン,Hiroshima,,,,廿日市市,ハツカイチシ,Hatsukaichi-shi,,,,原,ハラ,Hara,,,,,,,,0,0,0,0,0,0,1,1,1947-04-17,,0,7380031,,,,,,,,,,,,,,,
342131,0054001,2,広島県,ヒロシマケン,Hiroshima,,,,廿日市市,ハツカイチシ,Hatsukaichi-shi,,,,深江,フカエ,Fukae,一丁目,１チョウメ,1,,,,,1,1,0,0,0,0,1,1,1947-04-17,,0,,,,,,,,,,,,,,,,
342131,0054002,2,広島県,ヒロシマケン,Hiroshima,,,,廿日市市,ハツカイチシ,Hatsukaichi-shi,,,,深江,フカエ,Fukae,二丁目,２チョウメ,2,,,,,1,1,0,0,0,0,1,1,1947-04-17,,0,,,,,,,,,,,,,,,,
342131,0054003,2,広島県,ヒロシマケン,Hiroshima,,,,廿日市市,ハツカイチシ,Hatsukaichi-shi,,,,深江,フカエ,Fukae,三丁目,３チョウメ,3,,,,,1,1,0,0,0,0,1,1,1947-04-17,,0,,,,,,,,,,,,,,,,
342131,0055001,2,広島県,ヒロシマケン,Hiroshima,,,,廿日市市,ハツカイチシ,Hatsukaichi-shi,,,,福面,フクメン,Fukumen,一丁目,１チョウメ,1,,,,,1,1,0,0,0,0,1,1,1947-04-17,,0,,,,,,,,,,,,,,,,
342131,0055002,2,広島県,ヒロシマケン,Hiroshima,,,,廿日市市,ハツカイチシ,Hatsukaichi-shi,,,,福面,フクメン,Fukumen,二丁目,２チョウメ,2,,,,,1,1,0,0,0,0,1,1,1947-04-17,,0,,,,,,,,,,,,,,,,
342131,0055003,2,広島県,ヒロシマケン,Hiroshima,,,,廿日市市,ハツカイチシ,Hatsukaichi-shi,,,,福面,フクメン,Fukumen,三丁目,３チョウメ,3,,,,,1,1,0,0,0,0,1,1,1947-04-17,,0,,,,,,,,,,,,,,,,
342131,0056001,2,広島県,ヒロシマケン,Hiroshima,,,,廿日市市,ハツカイチシ,Hatsukaichi-shi,,,,平良,ヘラ,Hera,一丁目,１チョウメ,1,,,,,1,1,0,0,0,0,1,1,1947-04-17,,0,,,,,,,,,,,,,,,,
342131,0056002,2,広島県,ヒロシマケン,Hiroshima,,,,廿日市市,ハツカイチシ,Hatsukaichi-shi,,,,平良,ヘラ,Hera,二丁目,２チョウメ,2,,,,,1,1,0,0,0,0,1,1,1947-04-17,,0,,,,,,,,,,,,,,,,
342131,0057000,1,広島県,ヒロシマケン,Hiroshima,,,,廿日市市,ハツカイチシ,Hatsukaichi-shi,,,,平良山手,ヘラヤマテ,Herayamate,,,,,,,,1,1,0,0,0,0,1,1,1947-04-17,,0,7380027,,,,,,,,,,,,,,,
342131,0058000,1,広島県,ヒロシマケン,Hiroshima,,,,廿日市市,ハツカイチシ,Hatsukaichi-shi,,,,本町,ホンマチ,Hommachi,,,,,,,,1,1,0,0,0,0,1,1,1947-04-17,,0,7380015,,,,,,,,,,,,,,,
342131,0059001,2,広島県,ヒロシマケン,Hiroshima,,,,廿日市市,ハツカイチシ,Hatsukaichi-shi,,,,前空,マエゾラ,Maezora,一丁目,１チョウメ,1,,,,,1,1,0,0,0,0,1,1,1947-04-17,,0,,,,,,,,,,,,,,,,
342131,0059002,2,広島県,ヒロシマケン,Hiroshima,,,,廿日市市,ハツカイチシ,Hatsukaichi-shi,,,,前空,マエゾラ,Maezora,二丁目,２チョウメ,2,,,,,1,1,0,0,0,0,1,1,1947-04-17,,0,,,,,,,,,,,,,,,,
342131,0059003,2,広島県,ヒロシマケン,Hiroshima,,,,廿日市市,ハツカイチシ,Hatsukaichi-shi,,,,前空,マエゾラ,Maezora,三丁目,３チョウメ,3,,,,,1,1,0,0,0,0,1,1,1947-04-17,,0,,,,,,,,,,,,,,,,
342131,0059004,2,広島県,ヒロシマケン,Hiroshima,,,,廿日市市,ハツカイチシ,Hatsukaichi-shi,,,,前空,マエゾラ,Maezora,四丁目,４チョウメ,4,,,,,1,1,0,0,0,0,1,1,1947-04-17,,0,,,,,,,,,,,,,,,,
342131,0059005,2,広島県,ヒロシマケン,Hiroshima,,,,廿日市市,ハツカイチシ,Hatsukaichi-shi,,,,前空,マエゾラ,Maezora,五丁目,５チョウメ,5,,,,,1,1,0,0,0,0,1,1,1947-04-17,,0,,,,,,,,,,,,,,,,
342131,0059006,2,広島県,ヒロシマケン,Hiroshima,,,,廿日市市,ハツカイチシ,Hatsukaichi-shi,,,,前空,マエゾラ,Maezora,六丁目,６チョウメ,6,,,,,1,1,0,0,0,0,1,1,1947-04-17,,0,,,,,,,,,,,,,,,,
342131,0060001,2,広島県,ヒロシマケン,Hiroshima,,,,廿日市市,ハツカイチシ,Hatsukaichi-shi,,,,丸石,マルイシ,Maruishi,一丁目,１チョウメ,1,,,,,1,1,0,0,0,0,1,1,1947-04-17,,0,,,,,,,,,,,,,,,,
342131,0060002,2,広島県,ヒロシマケン,Hiroshima,,,,廿日市市,ハツカイチシ,Hatsukaichi-shi,,,,丸石,マルイシ,Maruishi,二丁目,２チョウメ,2,,,,,1,1,0,0,0,0,1,1,1947-04-17,,0,,,,,,,,,,,,,,,,
342131,0060003,2,広島県,ヒロシマケン,Hiroshima,,,,廿日市市,ハツカイチシ,Hatsukaichi-shi,,,,丸石,マルイシ,Maruishi,三丁目,３チョウメ,3,,,,,1,1,0,0,0,0,1,1,1947-04-17,,0,,,,,,,,,,,,,,,,
342131,0060004,2,広島県,ヒロシマケン,Hiroshima,,,,廿日市市,ハツカイチシ,Hatsukaichi-shi,,,,丸石,マルイシ,Maruishi,四丁目,４チョウメ,4,,,,,1,1,0,0,0,0,1,1,1947-04-17,,0,,,,,,,,,,,,,,,,
342131,0060005,2,広島県,ヒロシマケン,Hiroshima,,,,廿日市市,ハツカイチシ,Hatsukaichi-shi,,,,丸石,マルイシ,Maruishi,五丁目,５チョウメ,5,,,,,1,1,0,0,0,0,1,1,1947-04-17,,0,,,,,,,,,,,,,,,,
342131,0061001,2,広島県,ヒロシマケン,Hiroshima,,,,廿日市市,ハツカイチシ,Hatsukaichi-shi,,,,峰高,ミネタカ,Minetaka,一丁目,１チョウメ,1,,,,,1,1,0,0,0,0,1,1,1947-04-17,,0,,,,,,,,,,,,,,,,
342131,0061002,2,広島県,ヒロシマケン,Hiroshima,,,,廿日市市,ハツカイチシ,Hatsukaichi-shi,,,,峰高,ミネタカ,Minetaka,二丁目,２チョウメ,2,,,,,1,1,0,0,0,0,1,1,1947-04-17,,0,,,,,,,,,,,,,,,,
342131,0063000,1,広島県,ヒロシマケン,Hiroshima,,,,廿日市市,ハツカイチシ,Hatsukaichi-shi,,,,宮内,ミヤウチ,Miyauchi,,,,,,,,0,0,0,0,0,0,1,1,1947-04-17,,0,7380034,,,,,,,,,,,,,,,
342131,0063001,2,広島県,ヒロシマケン,Hiroshima,,,,廿日市市,ハツカイチシ,Hatsukaichi-shi,,,,宮内,ミヤウチ,Miyauchi,一丁目,１チョウメ,1,,,,,1,1,0,0,0,0,1,1,1947-04-17,,0,,,,,,,,,,,,,,,,
342131,0063002,2,広島県,ヒロシマケン,Hiroshima,,,,廿日市市,ハツカイチシ,Hatsukaichi-shi,,,,宮内,ミヤウチニチョウメ,,二丁目,２チョウメ,2,,,,,1,1,0,0,0,0,1,0,1947-04-17,,1,,,,,,,,,,,,,,,,
342131,0063003,2,広島県,ヒロシマケン,Hiroshima,,,,廿日市市,ハツカイチシ,Hatsukaichi-shi,,,,宮内,ミヤウチサンチョウメ,,三丁目,３チョウメ,3,,,,,1,1,0,0,0,0,1,0,1947-04-17,,1,,,,,,,,,,,,,,,,
342131,0063004,2,広島県,ヒロシマケン,Hiroshima,,,,廿日市市,ハツカイチシ,Hatsukaichi-shi,,,,宮内,ミヤウチ,Miyauchi,四丁目,４チョウメ,4,,,,,1,1,0,0,0,0,1,1,1947-04-17,,0,,,,,,,,,,,,,,,,
342131,0064000,1,広島県,ヒロシマケン,Hiroshima,,,,廿日市市,ハツカイチシ,Hatsukaichi-shi,,,,宮内工業団地,ミヤウチコウギョウダンチ,Miyauchikogyodanchi,,,,,,,,0,0,0,0,0,0,1,1,1947-04-17,,0,7380039,,,,,,,,,,,,,,,
342131,0065001,2,広島県,ヒロシマケン,Hiroshima,,,,廿日市市,ハツカイチシ,Hatsukaichi-shi,,,,宮島口,ミヤジマグチ,Miyajimaguchi,一丁目,１チョウメ,1,,,,,1,1,0,0,0,0,1,1,1947-04-17,,0,,,,,,,,,,,,,,,,
342131,0065002,2,広島県,ヒロシマケン,Hiroshima,,,,廿日市市,ハツカイチシ,Hatsukaichi-shi,,,,宮島口,ミヤジマグチ,Miyajimaguchi,二丁目,２チョウメ,2,,,,,1,1,0,0,0,0,1,1,1947-04-17,,0,,,,,,,,,,,,,,,,
342131,0065003,2,広島県,ヒロシマケン,Hiroshima,,,,廿日市市,ハツカイチシ,Hatsukaichi-shi,,,,宮島口,ミヤジマグチ,Miyajimaguchi,三丁目,３チョウメ,3,,,,,1,1,0,0,0,0,1,1,1947-04-17,,0,,,,,,,,,,,,,,,,
342131,0065004,2,広島県,ヒロシマケン,Hiroshima,,,,廿日市市,ハツカイチシ,Hatsukaichi-shi,,,,宮島口,ミヤジマグチ,Miyajimaguchi,四丁目,４チョウメ,4,,,,,1,1,0,0,0,0,1,1,1947-04-17,,0,,,,,,,,,,,,,,,,
342131,0066001,2,広島県,ヒロシマケン,Hiroshima,,,,廿日市市,ハツカイチシ,Hatsukaichi-shi,,,,宮島口上,ミヤジマグチカミ,Miyajimaguchiue,一丁目,１チョウメ,1,,,,,1,1,0,0,0,0,1,1,1947-04-17,,0,,,,,,,,,,,,,,,,
342131,0066002,2,広島県,ヒロシマケン,Hiroshima,,,,廿日市市,ハツカイチシ,Hatsukaichi-shi,,,,宮島口上,ミヤジマグチカミ,Miyajimaguchiue,二丁目,２チョウメ,2,,,,,1,1,0,0,0,0,1,1,1947-04-17,,0,,,,,,,,,,,,,,,,
342131,0067001,2,広島県,ヒロシマケン,Hiroshima,,,,廿日市市,ハツカイチシ,Hatsukaichi-shi,,,,宮島口西,ミヤジマグチニシ,Miyajimaguchinishi,一丁目,１チョウメ,1,,,,,1,1,0,0,0,0,1,1,1947-04-17,,0,,,,,,,,,,,,,,,,
342131,0067002,2,広島県,ヒロシマケン,Hiroshima,,,,廿日市市,ハツカイチシ,Hatsukaichi-shi,,,,宮島口西,ミヤジマグチニシ,Miyajimaguchinishi,二丁目,２チョウメ,2,,,,,1,1,0,0,0,0,1,1,1947-04-17,,0,,,,,,,,,,,,,,,,
342131,0067003,2,広島県,ヒロシマケン,Hiroshima,,,,廿日市市,ハツカイチシ,Hatsukaichi-shi,,,,宮島口西,ミヤジマグチニシ,Miyajimaguchinishi,三丁目,３チョウメ,3,,,,,1,1,0,0,0,0,1,1,1947-04-17,,0,,,,,,,,,,,,,,,,
342131,0068001,2,広島県,ヒロシマケン,Hiroshima,,,,廿日市市,ハツカイチシ,Hatsukaichi-shi,,,,宮島口東,ミヤジマグチヒガシ,Miyajimaguchihigashi,一丁目,１チョウメ,1,,,,,1,1,0,0,0,0,1,1,1947-04-17,,0,,,,,,,,,,,,,,,,
342131,0068002,2,広島県,ヒロシマケン,Hiroshima,,,,廿日市市,ハツカイチシ,Hatsukaichi-shi,,,,宮島口東,ミヤジマグチヒガシ,Miyajimaguchihigashi,二丁目,２チョウメ,2,,,,,1,1,0,0,0,0,1,1,1947-04-17,,0,,,,,,,,,,,,,,,,
342131,0068003,2,広島県,ヒロシマケン,Hiroshima,,,,廿日市市,ハツカイチシ,Hatsukaichi-shi,,,,宮島口東,ミヤジマグチヒガシ,Miyajimaguchihigashi,三丁目,３チョウメ,3,,,,,1,1,0,0,0,0,1,1,1947-04-17,,0,,,,,,,,,,,,,,,,
342131,0069000,1,広島県,ヒロシマケン,Hiroshima,,,,廿日市市,ハツカイチシ,Hatsukaichi-shi,,,,宮島町,ミヤジマチョウ,,,,,,,,,0,0,0,0,0,0,1,1,1947-04-17,,0,,,,,,,,,,,,,,,,
342131,0070000,1,広島県,ヒロシマケン,Hiroshima,,,,廿日市市,ハツカイチシ,Hatsukaichi-shi,,,,宮園,ミヤゾノ,,,,,,,,,0,0,0,0,0,0,1,0,1947-04-17,,1,,,,,,,,,,,,,,,,
342131,0070001,2,広島県,ヒロシマケン,Hiroshima,,,,廿日市市,ハツカイチシ,Hatsukaichi-shi,,,,宮園,ミヤゾノ,Miyazono,一丁目,１チョウメ,1,,,,,0,0,0,0,0,0,1,1,1947-04-17,,0,,,,,,,,,,,,,,,,
342131,0070002,2,広島県,ヒロシマケン,Hiroshima,,,,廿日市市,ハツカイチシ,Hatsukaichi-shi,,,,宮園,ミヤゾノ,Miyazono,二丁目,２チョウメ,2,,,,,0,0,0,0,0,0,1,1,1947-04-17,,0,,,,,,,,,,,,,,,,
342131,0070003,2,広島県,ヒロシマケン,Hiroshima,,,,廿日市市,ハツカイチシ,Hatsukaichi-shi,,,,宮園,ミヤゾノ,Miyazono,三丁目,３チョウメ,3,,,,,0,0,0,0,0,0,1,1,1947-04-17,,0,,,,,,,,,,,,,,,,
342131,0070004,2,広島県,ヒロシマケン,Hiroshima,,,,廿日市市,ハツカイチシ,Hatsukaichi-shi,,,,宮園,ミヤゾノ,Miyazono,四丁目,４チョウメ,4,,,,,0,0,0,0,0,0,1,1,1947-04-17,,0,,,,,,,,,,,,,,,,
342131,0070005,2,広島県,ヒロシマケン,Hiroshima,,,,廿日市市,ハツカイチシ,Hatsukaichi-shi,,,,宮園,ミヤゾノ,Miyazono,五丁目,５チョウメ,5,,,,,0,0,0,0,0,0,1,1,1947-04-17,,0,,,,,,,,,,,,,,,,
342131,0070006,2,広島県,ヒロシマケン,Hiroshima,,,,廿日市市,ハツカイチシ,Hatsukaichi-shi,,,,宮園,ミヤゾノ,Miyazono,六丁目,６チョウメ,6,,,,,0,0,0,0,0,0,1,1,1947-04-17,,0,,,,,,,,,,,,,,,,
342131,0070007,2,広島県,ヒロシマケン,Hiroshima,,,,廿日市市,ハツカイチシ,Hatsukaichi-shi,,,,宮園,ミヤゾノ,Miyazono,七丁目,７チョウメ,7,,,,,0,0,0,0,0,0,1,1,1947-04-17,,0,,,,,,,,,,,,,,,,
342131,0070008,2,広島県,ヒロシマケン,Hiroshima,,,,廿日市市,ハツカイチシ,Hatsukaichi-shi,,,,宮園,ミヤゾノ,Miyazono,八丁目,８チョウメ,8,,,,,0,0,0,0,0,0,1,1,1947-04-17,,0,,,,,,,,,,,,,,,,
342131,0070009,2,広島県,ヒロシマケン,Hiroshima,,,,廿日市市,ハツカイチシ,Hatsukaichi-shi,,,,宮園,ミヤゾノ,Miyazono,九丁目,９チョウメ,9,,,,,0,0,0,0,0,0,1,1,1947-04-17,,0,,,,,,,,,,,,,,,,
342131,0071000,1,広島県,ヒロシマケン,Hiroshima,,,,廿日市市,ハツカイチシ,Hatsukaichi-shi,,,,宮園上,ミヤゾノカミ,,,,,,,,,0,0,0,0,0,0,1,0,1947-04-17,,1,,,,,,,,,,,,,,,,
342131,0071001,2,広島県,ヒロシマケン,Hiroshima,,,,廿日市市,ハツカイチシ,Hatsukaichi-shi,,,,宮園上,ミヤゾノカミ,Miyazonokami,一丁目,１チョウメ,1,,,,,0,0,0,0,0,0,1,1,1947-04-17,,0,,,,,,,,,,,,,,,,
342131,0071002,2,広島県,ヒロシマケン,Hiroshima,,,,廿日市市,ハツカイチシ,Hatsukaichi-shi,,,,宮園上,ミヤゾノカミ,Miyazonokami,二丁目,２チョウメ,2,,,,,0,0,0,0,0,0,1,1,1947-04-17,,0,,,,,,,,,,,,,,,,
342131,0071003,2,広島県,ヒロシマケン,Hiroshima,,,,廿日市市,ハツカイチシ,Hatsukaichi-shi,,,,宮園上,ミヤゾノカミ,Miyazonokami,三丁目,３チョウメ,3,,,,,0,0,0,0,0,0,1,1,1947-04-17,,0,,,,,,,,,,,,,,,,
342131,0071004,2,広島県,ヒロシマケン,Hiroshima,,,,廿日市市,ハツカイチシ,Hatsukaichi-shi,,,,宮園上,ミヤゾノカミ,Miyazonokami,四丁目,４チョウメ,4,,,,,0,0,0,0,0,0,1,1,1947-04-17,,0,,,,,,,,,,,,,,,,
342131,0071005,2,広島県,ヒロシマケン,Hiroshima,,,,廿日市市,ハツカイチシ,Hatsukaichi-shi,,,,宮園上,ミヤゾノカミ,Miyazonokami,五丁目,５チョウメ,5,,,,,0,0,0,0,0,0,1,1,1947-04-17,,0,,,,,,,,,,,,,,,,
342131,0072001,2,広島県,ヒロシマケン,Hiroshima,,,,廿日市市,ハツカイチシ,Hatsukaichi-shi,,,,宮浜温泉,ミヤハマオンセン,Miyahamaonsen,一丁目,１チョウメ,1,,,,,1,1,0,0,0,0,1,1,1947-04-17,,0,,,,,,,,,,,,,,,,
342131,0072002,2,広島県,ヒロシマケン,Hiroshima,,,,廿日市市,ハツカイチシ,Hatsukaichi-shi,,,,宮浜温泉,ミヤハマオンセン,Miyahamaonsen,二丁目,２チョウメ,2,,,,,1,1,0,0,0,0,1,1,1947-04-17,,0,,,,,,,,,,,,,,,,
342131,0072003,2,広島県,ヒロシマケン,Hiroshima,,,,廿日市市,ハツカイチシ,Hatsukaichi-shi,,,,宮浜温泉,ミヤハマオンセン,Miyahamaonsen,三丁目,３チョウメ,3,,,,,1,1,0,0,0,0,1,1,1947-04-17,,0,,,,,,,,,,,,,,,,
342131,0073000,1,広島県,ヒロシマケン,Hiroshima,,,,廿日市市,ハツカイチシ,Hatsukaichi-shi,,,,虫所山,ムシトコロヤマ,Mushitokoroyama,,,,,,,,0,0,0,0,0,0,1,1,1947-04-17,,0,7380221,,,,,,,,,,,,,,,
342131,0074000,1,広島県,ヒロシマケン,Hiroshima,,,,廿日市市,ハツカイチシ,Hatsukaichi-shi,,,,木材港北,モクザイコウキタ,Mokuzaikokita,,,,,,,,1,1,0,0,0,0,1,1,1947-04-17,,0,7380021,,,,,,,,,,,,,,,
342131,0075000,1,広島県,ヒロシマケン,Hiroshima,,,,廿日市市,ハツカイチシ,Hatsukaichi-shi,,,,木材港南,モクザイコウミナミ,Mokuzaikominami,,,,,,,,1,1,0,0,0,0,1,1,1947-04-17,,0,7380022,,,,,,,,,,,,,,,
342131,0076001,2,広島県,ヒロシマケン,Hiroshima,,,,廿日市市,ハツカイチシ,Hatsukaichi-shi,,,,物見西,モノミニシ,Monominishi,一丁目,１チョウメ,1,,,,,1,1,0,0,0,0,1,1,1947-04-17,,0,,,,,,,,,,,,,,,,
342131,0076002,2,広島県,ヒロシマケン,Hiroshima,,,,廿日市市,ハツカイチシ,Hatsukaichi-shi,,,,物見西,モノミニシ,Monominishi,二丁目,２チョウメ,2,,,,,1,1,0,0,0,0,1,1,1947-04-17,,0,,,,,,,,,,,,,,,,
342131,0076003,2,広島県,ヒロシマケン,Hiroshima,,,,廿日市市,ハツカイチシ,Hatsukaichi-shi,,,,物見西,モノミニシ,Monominishi,三丁目,３チョウメ,3,,,,,1,1,0,0,0,0,1,1,1947-04-17,,0,,,,,,,,,,,,,,,,
342131,0077001,2,広島県,ヒロシマケン,Hiroshima,,,,廿日市市,ハツカイチシ,Hatsukaichi-shi,,,,物見東,モノミヒガシ,Monomihigashi,一丁目,１チョウメ,1,,,,,1,1,0,0,0,0,1,1,1947-04-17,,0,,,,,,,,,,,,,,,,
342131,0077002,2,広島県,ヒロシマケン,Hiroshima,,,,廿日市市,ハツカイチシ,Hatsukaichi-shi,,,,物見東,モノミヒガシ,Monomihigashi,二丁目,２チョウメ,2,,,,,1,1,0,0,0,0,1,1,1947-04-17,,0,,,,,,,,,,,,,,,,
342131,0078001,2,広島県,ヒロシマケン,Hiroshima,,,,廿日市市,ハツカイチシ,Hatsukaichi-shi,,,,陽光台,ヨウコウダイ,Yokodai,一丁目,１チョウメ,1,,,,,0,0,0,0,0,0,1,1,1947-04-17,,0,,,,,,,,,,,,,,,,
342131,0078002,2,広島県,ヒロシマケン,Hiroshima,,,,廿日市市,ハツカイチシ,Hatsukaichi-shi,,,,陽光台,ヨウコウダイ,Yokodai,二丁目,２チョウメ,2,,,,,0,0,0,0,0,0,1,1,1947-04-17,,0,,,,,,,,,,,,,,,,
342131,0078003,2,広島県,ヒロシマケン,Hiroshima,,,,廿日市市,ハツカイチシ,Hatsukaichi-shi,,,,陽光台,ヨウコウダイ,Yokodai,三丁目,３チョウメ,3,,,,,0,0,0,0,0,0,1,1,1947-04-17,,0,,,,,,,,,,,,,,,,
342131,0078004,2,広島県,ヒロシマケン,Hiroshima,,,,廿日市市,ハツカイチシ,Hatsukaichi-shi,,,,陽光台,ヨウコウダイ,Yokodai,四丁目,４チョウメ,4,,,,,0,0,0,0,0,0,1,1,1947-04-17,,0,,,,,,,,,,,,,,,,
342131,0078005,2,広島県,ヒロシマケン,Hiroshima,,,,廿日市市,ハツカイチシ,Hatsukaichi-shi,,,,陽光台,ヨウコウダイ,Yokodai,五丁目,５チョウメ,5,,,,,0,0,0,0,0,0,1,1,1947-04-17,,0,,,,,,,,,,,,,,,,
342131,0079000,1,広島県,ヒロシマケン,Hiroshima,,,,廿日市市,ハツカイチシ,Hatsukaichi-shi,,,,吉和,ヨシワ,Yoshiwa,,,,,,,,0,0,0,0,0,0,1,1,1947-04-17,,0,7380301,,,,,,,,,,,,,,,
342131,0080001,2,広島県,ヒロシマケン,Hiroshima,,,,廿日市市,ハツカイチシ,Hatsukaichi-shi,,,,六本松,ロッポンマツ,Roppommatsu,一丁目,１チョウメ,1,,,,,1,1,0,0,0,0,1,1,1947-04-17,,0,,,,,,,,,,,,,,,,
342131,0080002,2,広島県,ヒロシマケン,Hiroshima,,,,廿日市市,ハツカイチシ,Hatsukaichi-shi,,,,六本松,ロッポンマツ,Roppommatsu,二丁目,２チョウメ,2,,,,,1,1,0,0,0,0,1,1,1947-04-17,,0,,,,,,,,,,,,,,,,
342131,0081000,1,広島県,ヒロシマケン,Hiroshima,,,,廿日市市,ハツカイチシ,Hatsukaichi-shi,,,,渡瀬,ワタノセ,,,,,,,,,0,0,0,0,0,0,1,1,1947-04-17,,0,,,,,,,,,,,,,,,,
342131,0082000,1,広島県,ヒロシマケン,Hiroshima,,,,廿日市市,ハツカイチシ,Hatsukaichi-shi,,,,栗栖,クリス,,,,,,,,,0,0,0,0,0,0,1,0,1947-04-17,,1,,,,,,,,,,,,,,,,
342131,0083000,1,広島県,ヒロシマケン,Hiroshima,,,,廿日市市,ハツカイチシ,Hatsukaichi-shi,,,,中道,ナカミチ,,,,,,,,,0,0,0,0,0,0,1,0,1947-04-17,,1,,,,,,,,,,,,,,,,
342131,0084000,1,広島県,ヒロシマケン,Hiroshima,,,,廿日市市,ハツカイチシ,Hatsukaichi-shi,,,,津田,ツタ,,,,,,,,,0,0,0,0,0,0,1,0,1947-04-17,,1,,,,,,,,,,,,,,,,
342131,0086000,1,広島県,ヒロシマケン,Hiroshima,,,,廿日市市,ハツカイチシ,Hatsukaichi-shi,,,,下の浜,シモノハマ,,,,,,,,,1,1,0,0,0,0,1,0,1947-04-17,,1,,,,,,,,,,,,,,,,
342149,0001000,1,広島県,ヒロシマケン,Hiroshima,,,,安芸高田市,アキタカタシ,Akitakata-shi,,,,甲田町浅塚,コウダチョウアサツカ,Kodacho Asatsuka,,,,,,,,0,0,0,0,0,0,1,1,1947-04-17,,0,7391106,,,,,,,,,,,,,,,
342149,0002000,1,広島県,ヒロシマケン,Hiroshima,,,,安芸高田市,アキタカタシ,Akitakata-shi,,,,甲田町上小原,コウダチョウカミオバラ,Kodacho Kamiobara,,,,,,,,0,0,0,0,0,0,1,1,1947-04-17,,0,7391102,,,,,,,,,,,,,,,
342149,0003000,1,広島県,ヒロシマケン,Hiroshima,,,,安芸高田市,アキタカタシ,Akitakata-shi,,,,甲田町上甲立,コウダチョウカミコウタチ,Kodacho Kamikotachi,,,,,,,,0,0,0,0,0,0,1,1,1947-04-17,,0,7391104,,,,,,,,,,,,,,,
342149,0004000,1,広島県,ヒロシマケン,Hiroshima,,,,安芸高田市,アキタカタシ,Akitakata-shi,,,,甲田町下小原,コウダチョウシモオバラ,Kodacho Shimobara,,,,,,,,0,0,0,0,0,0,1,1,1947-04-17,,0,7391103,,,,,,,,,,,,,,,
342149,0005000,1,広島県,ヒロシマケン,Hiroshima,,,,安芸高田市,アキタカタシ,Akitakata-shi,,,,甲田町下甲立,コウダチョウシモコウタチ,Kodacho Shimokotachi,,,,,,,,0,0,0,0,0,0,1,1,1947-04-17,,0,7391105,,,,,,,,,,,,,,,
342149,0006000,1,広島県,ヒロシマケン,Hiroshima,,,,安芸高田市,アキタカタシ,Akitakata-shi,,,,甲田町糘地,コウダチョウスクモジ,Kodacho Sukumoji,,,,,,,,0,0,0,0,0,0,1,1,1947-04-17,,0,7391107,,,,,,,,,,,,,,,
342149,0007000,1,広島県,ヒロシマケン,Hiroshima,,,,安芸高田市,アキタカタシ,Akitakata-shi,,,,甲田町高田原,コウダチョウタカタバラ,Kodacho Takatabara,,,,,,,,0,0,0,0,0,0,1,1,1947-04-17,,0,7391101,,,,,,,,,,,,,,,
342149,0008000,1,広島県,ヒロシマケン,Hiroshima,,,,安芸高田市,アキタカタシ,Akitakata-shi,,,,甲田町深瀬,コウダチョウフカセ,Kodacho Fukase,,,,,,,,0,0,0,0,0,0,1,1,1947-04-17,,0,7391108,,,,,,,,,,,,,,,
342149,0009000,1,広島県,ヒロシマケン,Hiroshima,,,,安芸高田市,アキタカタシ,Akitakata-shi,,,,高宮町川根,タカミヤチョウカワネ,Takamiyacho Kawane,,,,,,,,0,0,0,0,0,0,1,1,1947-04-17,,0,7391801,,,,,,,,,,,,,,,
342149,0010000,1,広島県,ヒロシマケン,Hiroshima,,,,安芸高田市,アキタカタシ,Akitakata-shi,,,,高宮町来女木,タカミヤチョウクルメギ,Takamiyacho Kurumegi,,,,,,,,0,0,0,0,0,0,1,1,1947-04-17,,0,7391806,,,,,,,,,,,,,,,
342149,0011000,1,広島県,ヒロシマケン,Hiroshima,,,,安芸高田市,アキタカタシ,Akitakata-shi,,,,高宮町佐々部,タカミヤチョウササベ,Takamiyacho Sasabe,,,,,,,,0,0,0,0,0,0,1,0,1947-04-17,,0,7391802,,,,,,,,,,,,,,,
342149,0011101,3,広島県,ヒロシマケン,Hiroshima,,,,安芸高田市,アキタカタシ,Akitakata-shi,,,,高宮町佐々部,タカミヤチョウササベ,Takamiyacho Sasabe,,,,字皆蔵司,アザカイゾウジ,,,0,0,0,0,0,0,1,1,1947-04-17,,0,,,,,,,,,,,,,,,,
342149,0011102,3,広島県,ヒロシマケン,Hiroshima,,,,安芸高田市,アキタカタシ,Akitakata-shi,,,,高宮町佐々部,タカミヤチョウササベ,Takamiyacho Sasabe,,,,字下信木,アザシモノブキ,,,0,0,0,0,0,0,1,1,1947-04-17,,0,,,,,,,,,,,,,,,,
342149,0011103,3,広島県,ヒロシマケン,Hiroshima,,,,安芸高田市,アキタカタシ,Akitakata-shi,,,,高宮町佐々部,タカミヤチョウササベ,Takamiyacho Sasabe,,,,字下野部,アザシモノベ,,,0,0,0,0,0,0,1,1,1947-04-17,,0,,,,,,,,,,,,,,,,
342149,0011104,3,広島県,ヒロシマケン,Hiroshima,,,,安芸高田市,アキタカタシ,Akitakata-shi,,,,高宮町佐々部,タカミヤチョウササベ,Takamiyacho Sasabe,,,,字丸原,アザマルバラ,,,0,0,0,0,0,0,1,1,1947-04-17,,0,,,,,,,,,,,,,,,,
342149,0011105,3,広島県,ヒロシマケン,Hiroshima,,,,安芸高田市,アキタカタシ,Akitakata-shi,,,,高宮町佐々部,タカミヤチョウササベ,Takamiyacho Sasabe,,,,字寄林,アザヨリバヤシ,,,0,0,0,0,0,0,1,1,1947-04-17,,0,,,,,,,,,,,,,,,,
342149,0011106,3,広島県,ヒロシマケン,Hiroshima,,,,安芸高田市,アキタカタシ,Akitakata-shi,,,,高宮町佐々部,タカミヤチョウササベ,Takamiyacho Sasabe,,,,字吉広,アザヨシヒロ,,,0,0,0,0,0,0,1,1,1947-04-17,,0,,,,,,,,,,,,,,,,
342149,0011107,3,広島県,ヒロシマケン,Hiroshima,,,,安芸高田市,アキタカタシ,Akitakata-shi,,,,高宮町佐々部,タカミヤチョウササベ,Takamiyacho Sasabe,,,,字牛島,アザウシジマ,,,0,0,0,0,0,0,1,1,1947-04-17,,0,,,,,,,,,,,,,,,,
342149,0011108,3,広島県,ヒロシマケン,Hiroshima,,,,安芸高田市,アキタカタシ,Akitakata-shi,,,,高宮町佐々部,タカミヤチョウササベ,Takamiyacho Sasabe,,,,字五拾貫分,アザゴジツカンブ,,,0,0,0,0,0,0,1,1,1947-04-17,,0,,,,,,,,,,,,,,,,
342149,0011109,3,広島県,ヒロシマケン,Hiroshima,,,,安芸高田市,アキタカタシ,Akitakata-shi,,,,高宮町佐々部,タカミヤチョウササベ,Takamiyacho Sasabe,,,,字光明寺,アザコウミヨウジ,,,0,0,0,0,0,0,1,1,1947-04-17,,0,,,,,,,,,,,,,,,,
342149,0011110,3,広島県,ヒロシマケン,Hiroshima,,,,安芸高田市,アキタカタシ,Akitakata-shi,,,,高宮町佐々部,タカミヤチョウササベ,Takamiyacho Sasabe,,,,字高丸,アザタカマル,,,0,0,0,0,0,0,1,1,1947-04-17,,0,,,,,,,,,,,,,,,,
342149,0011111,3,広島県,ヒロシマケン,Hiroshima,,,,安芸高田市,アキタカタシ,Akitakata-shi,,,,高宮町佐々部,タカミヤチョウササベ,Takamiyacho Sasabe,,,,字根野見,アザネノミ,,,0,0,0,0,0,0,1,1,1947-04-17,,0,,,,,,,,,,,,,,,,
342149,0011112,3,広島県,ヒロシマケン,Hiroshima,,,,安芸高田市,アキタカタシ,Akitakata-shi,,,,高宮町佐々部,タカミヤチョウササベ,Takamiyacho Sasabe,,,,字三田谷,アザミタダニ,,,0,0,0,0,0,0,1,1,1947-04-17,,0,,,,,,,,,,,,,,,,
342149,0011113,3,広島県,ヒロシマケン,Hiroshima,,,,安芸高田市,アキタカタシ,Akitakata-shi,,,,高宮町佐々部,タカミヤチョウササベ,Takamiyacho Sasabe,,,,字寺前,アザテラマエ,,,0,0,0,0,0,0,1,1,1947-04-17,,0,,,,,,,,,,,,,,,,
342149,0011114,3,広島県,ヒロシマケン,Hiroshima,,,,安芸高田市,アキタカタシ,Akitakata-shi,,,,高宮町佐々部,タカミヤチョウササベ,Takamiyacho Sasabe,,,,字寺脇,アザテラワキ,,,0,0,0,0,0,0,1,1,1947-04-17,,0,,,,,,,,,,,,,,,,
342149,0011115,3,広島県,ヒロシマケン,Hiroshima,,,,安芸高田市,アキタカタシ,Akitakata-shi,,,,高宮町佐々部,タカミヤチョウササベ,Takamiyacho Sasabe,,,,字式敷,アザシキジキ,,,0,0,0,0,0,0,1,1,1947-04-17,,0,,,,,,,,,,,,,,,,
342149,0011116,3,広島県,ヒロシマケン,Hiroshima,,,,安芸高田市,アキタカタシ,Akitakata-shi,,,,高宮町佐々部,タカミヤチョウササベ,Takamiyacho Sasabe,,,,字七谷,アザシチヤ,,,0,0,0,0,0,0,1,1,1947-04-17,,0,,,,,,,,,,,,,,,,
342149,0011117,3,広島県,ヒロシマケン,Hiroshima,,,,安芸高田市,アキタカタシ,Akitakata-shi,,,,高宮町佐々部,タカミヤチョウササベ,Takamiyacho Sasabe,,,,字上信木,アザカミノブキ,,,0,0,0,0,0,0,1,1,1947-04-17,,0,,,,,,,,,,,,,,,,
342149,0011118,3,広島県,ヒロシマケン,Hiroshima,,,,安芸高田市,アキタカタシ,Akitakata-shi,,,,高宮町佐々部,タカミヤチョウササベ,Takamiyacho Sasabe,,,,字上野,アザウエノ,,,0,0,0,0,0,0,1,1,1947-04-17,,0,,,,,,,,,,,,,,,,
342149,0011119,3,広島県,ヒロシマケン,Hiroshima,,,,安芸高田市,アキタカタシ,Akitakata-shi,,,,高宮町佐々部,タカミヤチョウササベ,Takamiyacho Sasabe,,,,字上野部,アザカミノベ,,,0,0,0,0,0,0,1,1,1947-04-17,,0,,,,,,,,,,,,,,,,
342149,0011120,3,広島県,ヒロシマケン,Hiroshima,,,,安芸高田市,アキタカタシ,Akitakata-shi,,,,高宮町佐々部,タカミヤチョウササベ,Takamiyacho Sasabe,,,,字城,アザシロ,,,0,0,0,0,0,0,1,1,1947-04-17,,0,,,,,,,,,,,,,,,,
342149,0011121,3,広島県,ヒロシマケン,Hiroshima,,,,安芸高田市,アキタカタシ,Akitakata-shi,,,,高宮町佐々部,タカミヤチョウササベ,Takamiyacho Sasabe,,,,字植谷,アザウエダニ,,,0,0,0,0,0,0,1,1,1947-04-17,,0,,,,,,,,,,,,,,,,
342149,0011122,3,広島県,ヒロシマケン,Hiroshima,,,,安芸高田市,アキタカタシ,Akitakata-shi,,,,高宮町佐々部,タカミヤチョウササベ,Takamiyacho Sasabe,,,,字信木,アザノブキ,,,0,0,0,0,0,0,1,1,1947-04-17,,0,,,,,,,,,,,,,,,,
342149,0011123,3,広島県,ヒロシマケン,Hiroshima,,,,安芸高田市,アキタカタシ,Akitakata-shi,,,,高宮町佐々部,タカミヤチョウササベ,Takamiyacho Sasabe,,,,字森川,アザモリカワ,,,0,0,0,0,0,0,1,1,1947-04-17,,0,,,,,,,,,,,,,,,,
342149,0011124,3,広島県,ヒロシマケン,Hiroshima,,,,安芸高田市,アキタカタシ,Akitakata-shi,,,,高宮町佐々部,タカミヤチョウササベ,Takamiyacho Sasabe,,,,字西原,アザニシバラ,,,0,0,0,0,0,0,1,1,1947-04-17,,0,,,,,,,,,,,,,,,,
342149,0011125,3,広島県,ヒロシマケン,Hiroshima,,,,安芸高田市,アキタカタシ,Akitakata-shi,,,,高宮町佐々部,タカミヤチョウササベ,Takamiyacho Sasabe,,,,字西田,アザニシダ,,,0,0,0,0,0,0,1,1,1947-04-17,,0,,,,,,,,,,,,,,,,
342149,0011126,3,広島県,ヒロシマケン,Hiroshima,,,,安芸高田市,アキタカタシ,Akitakata-shi,,,,高宮町佐々部,タカミヤチョウササベ,Takamiyacho Sasabe,,,,字石原,アザイシハラ,,,0,0,0,0,0,0,1,1,1947-04-17,,0,,,,,,,,,,,,,,,,
342149,0011127,3,広島県,ヒロシマケン,Hiroshima,,,,安芸高田市,アキタカタシ,Akitakata-shi,,,,高宮町佐々部,タカミヤチョウササベ,Takamiyacho Sasabe,,,,字川堀,アザコウボリ,,,0,0,0,0,0,0,1,1,1947-04-17,,0,,,,,,,,,,,,,,,,
342149,0011128,3,広島県,ヒロシマケン,Hiroshima,,,,安芸高田市,アキタカタシ,Akitakata-shi,,,,高宮町佐々部,タカミヤチョウササベ,Takamiyacho Sasabe,,,,字前川,アザマエカワ,,,0,0,0,0,0,0,1,1,1947-04-17,,0,,,,,,,,,,,,,,,,
342149,0011129,3,広島県,ヒロシマケン,Hiroshima,,,,安芸高田市,アキタカタシ,Akitakata-shi,,,,高宮町佐々部,タカミヤチョウササベ,Takamiyacho Sasabe,,,,字大高下,アザオオコウゲ,,,0,0,0,0,0,0,1,1,1947-04-17,,0,,,,,,,,,,,,,,,,
342149,0011130,3,広島県,ヒロシマケン,Hiroshima,,,,安芸高田市,アキタカタシ,Akitakata-shi,,,,高宮町佐々部,タカミヤチョウササベ,Takamiyacho Sasabe,,,,字大迫,アザオオザコ,,,0,0,0,0,0,0,1,1,1947-04-17,,0,,,,,,,,,,,,,,,,
342149,0011131,3,広島県,ヒロシマケン,Hiroshima,,,,安芸高田市,アキタカタシ,Akitakata-shi,,,,高宮町佐々部,タカミヤチョウササベ,Takamiyacho Sasabe,,,,字大畑,アザオオバタケ,,,0,0,0,0,0,0,1,1,1947-04-17,,0,,,,,,,,,,,,,,,,
342149,0011132,3,広島県,ヒロシマケン,Hiroshima,,,,安芸高田市,アキタカタシ,Akitakata-shi,,,,高宮町佐々部,タカミヤチョウササベ,Takamiyacho Sasabe,,,,字大明神,アザダイミヨウジン,,,0,0,0,0,0,0,1,1,1947-04-17,,0,,,,,,,,,,,,,,,,
342149,0011133,3,広島県,ヒロシマケン,Hiroshima,,,,安芸高田市,アキタカタシ,Akitakata-shi,,,,高宮町佐々部,タカミヤチョウササベ,Takamiyacho Sasabe,,,,字竹部迫,アザタケベザコ,,,0,0,0,0,0,0,1,1,1947-04-17,,0,,,,,,,,,,,,,,,,
342149,0011134,3,広島県,ヒロシマケン,Hiroshima,,,,安芸高田市,アキタカタシ,Akitakata-shi,,,,高宮町佐々部,タカミヤチョウササベ,Takamiyacho Sasabe,,,,字中信木,アザナカノブキ,,,0,0,0,0,0,0,1,1,1947-04-17,,0,,,,,,,,,,,,,,,,
342149,0011135,3,広島県,ヒロシマケン,Hiroshima,,,,安芸高田市,アキタカタシ,Akitakata-shi,,,,高宮町佐々部,タカミヤチョウササベ,Takamiyacho Sasabe,,,,字中島,アザナカジマ,,,0,0,0,0,0,0,1,1,1947-04-17,,0,,,,,,,,,,,,,,,,
342149,0011136,3,広島県,ヒロシマケン,Hiroshima,,,,安芸高田市,アキタカタシ,Akitakata-shi,,,,高宮町佐々部,タカミヤチョウササベ,Takamiyacho Sasabe,,,,字追迫,アザオイザコ,,,0,0,0,0,0,0,1,1,1947-04-17,,0,,,,,,,,,,,,,,,,
342149,0011137,3,広島県,ヒロシマケン,Hiroshima,,,,安芸高田市,アキタカタシ,Akitakata-shi,,,,高宮町佐々部,タカミヤチョウササベ,Takamiyacho Sasabe,,,,字奈良野木,アザナラノキ,,,0,0,0,0,0,0,1,1,1947-04-17,,0,,,,,,,,,,,,,,,,
342149,0011138,3,広島県,ヒロシマケン,Hiroshima,,,,安芸高田市,アキタカタシ,Akitakata-shi,,,,高宮町佐々部,タカミヤチョウササベ,Takamiyacho Sasabe,,,,字名倉,アザナグラ,,,0,0,0,0,0,0,1,1,1947-04-17,,0,,,,,,,,,,,,,,,,
342149,0011139,3,広島県,ヒロシマケン,Hiroshima,,,,安芸高田市,アキタカタシ,Akitakata-shi,,,,高宮町佐々部,タカミヤチョウササベ,Takamiyacho Sasabe,,,,字門戸,アザモンド,,,0,0,0,0,0,0,1,1,1947-04-17,,0,,,,,,,,,,,,,,,,
342149,0011140,3,広島県,ヒロシマケン,Hiroshima,,,,安芸高田市,アキタカタシ,Akitakata-shi,,,,高宮町佐々部,タカミヤチョウササベ,Takamiyacho Sasabe,,,,字門田,アザモンデ,,,0,0,0,0,0,0,1,1,1947-04-17,,0,,,,,,,,,,,,,,,,
342149,0011141,3,広島県,ヒロシマケン,Hiroshima,,,,安芸高田市,アキタカタシ,Akitakata-shi,,,,高宮町佐々部,タカミヤチョウササベ,Takamiyacho Sasabe,,,,字野部向山,アザノベムコウヤマ,,,0,0,0,0,0,0,1,1,1947-04-17,,0,,,,,,,,,,,,,,,,
342149,0011142,3,広島県,ヒロシマケン,Hiroshima,,,,安芸高田市,アキタカタシ,Akitakata-shi,,,,高宮町佐々部,タカミヤチョウササベ,Takamiyacho Sasabe,,,,字野部山,アザノベヤマ,,,0,0,0,0,0,0,1,1,1947-04-17,,0,,,,,,,,,,,,,,,,
342149,0011143,3,広島県,ヒロシマケン,Hiroshima,,,,安芸高田市,アキタカタシ,Akitakata-shi,,,,高宮町佐々部,タカミヤチョウササベ,Takamiyacho Sasabe,,,,字矢谷,アザヤダニ,,,0,0,0,0,0,0,1,1,1947-04-17,,0,,,,,,,,,,,,,,,,
342149,0011144,3,広島県,ヒロシマケン,Hiroshima,,,,安芸高田市,アキタカタシ,Akitakata-shi,,,,高宮町佐々部,タカミヤチョウササベ,Takamiyacho Sasabe,,,,字竜王,アザリユウオウ,,,0,0,0,0,0,0,1,1,1947-04-17,,0,,,,,,,,,,,,,,,,
342149,0011145,3,広島県,ヒロシマケン,Hiroshima,,,,安芸高田市,アキタカタシ,Akitakata-shi,,,,高宮町佐々部,タカミヤチョウササベ,Takamiyacho Sasabe,,,,字梁瀬,アザヤナセ,,,0,0,0,0,0,0,1,1,1947-04-17,,0,,,,,,,,,,,,,,,,
342149,0011146,3,広島県,ヒロシマケン,Hiroshima,,,,安芸高田市,アキタカタシ,Akitakata-shi,,,,高宮町佐々部,タカミヤチョウササベ,Takamiyacho Sasabe,,,,字和佐田,アザワサダ,,,0,0,0,0,0,0,1,1,1947-04-17,,0,,,,,,,,,,,,,,,,
342149,0012000,1,広島県,ヒロシマケン,Hiroshima,,,,安芸高田市,アキタカタシ,Akitakata-shi,,,,高宮町羽佐竹,タカミヤチョウハサダケ,Takamiyacho Hasadake,,,,,,,,0,0,0,0,0,0,1,1,1947-04-17,,0,7391807,,,,,,,,,,,,,,,
342149,0013000,1,広島県,ヒロシマケン,Hiroshima,,,,安芸高田市,アキタカタシ,Akitakata-shi,,,,高宮町原田,タカミヤチョウハラダ,Takamiyacho Harada,,,,,,,,0,0,0,0,0,0,1,1,1947-04-17,,0,7391805,,,,,,,,,,,,,,,
342149,0014000,1,広島県,ヒロシマケン,Hiroshima,,,,安芸高田市,アキタカタシ,Akitakata-shi,,,,高宮町船木,タカミヤチョウフナキ,Takamiyacho Funaki,,,,,,,,0,0,0,0,0,0,1,1,1947-04-17,,0,7391803,,,,,,,,,,,,,,,
342149,0015000,1,広島県,ヒロシマケン,Hiroshima,,,,安芸高田市,アキタカタシ,Akitakata-shi,,,,高宮町房後,タカミヤチョウボウゴ,Takamiyacho Bogo,,,,,,,,0,0,0,0,0,0,1,1,1947-04-17,,0,7391804,,,,,,,,,,,,,,,
342149,0016000,1,広島県,ヒロシマケン,Hiroshima,,,,安芸高田市,アキタカタシ,Akitakata-shi,,,,美土里町生田,ミドリチョウイケダ,Midoricho Ikeda,,,,,,,,0,0,0,0,0,0,1,0,1947-04-17,,0,7310703,,,,,,,,,,,,,,,
342149,0016101,3,広島県,ヒロシマケン,Hiroshima,,,,安芸高田市,アキタカタシ,Akitakata-shi,,,,美土里町生田,ミドリチョウイケダ,Midoricho Ikeda,,,,字程原,アザホドハラ,,,0,0,0,0,0,0,1,1,1947-04-17,,0,,,,,,,,,,,,,,,,
342149,0016102,3,広島県,ヒロシマケン,Hiroshima,,,,安芸高田市,アキタカタシ,Akitakata-shi,,,,美土里町生田,ミドリチョウイケダ,Midoricho Ikeda,,,,字粟原櫛ケ谷,アザアバラクシガタニ,,,0,0,0,0,0,0,1,1,1947-04-17,,0,,,,,,,,,,,,,,,,
342149,0016103,3,広島県,ヒロシマケン,Hiroshima,,,,安芸高田市,アキタカタシ,Akitakata-shi,,,,美土里町生田,ミドリチョウイケダ,Midoricho Ikeda,,,,字粟原山,アザアバラヤマ,,,0,0,0,0,0,0,1,1,1947-04-17,,0,,,,,,,,,,,,,,,,
342149,0016104,3,広島県,ヒロシマケン,Hiroshima,,,,安芸高田市,アキタカタシ,Akitakata-shi,,,,美土里町生田,ミドリチョウイケダ,Midoricho Ikeda,,,,字粟原上ケ原,アザアバラウエガハラ,,,0,0,0,0,0,0,1,1,1947-04-17,,0,,,,,,,,,,,,,,,,
342149,0016105,3,広島県,ヒロシマケン,Hiroshima,,,,安芸高田市,アキタカタシ,Akitakata-shi,,,,美土里町生田,ミドリチョウイケダ,Midoricho Ikeda,,,,字粟原則光谷,アザアバラノリミツダニ,,,0,0,0,0,0,0,1,1,1947-04-17,,0,,,,,,,,,,,,,,,,
342149,0016106,3,広島県,ヒロシマケン,Hiroshima,,,,安芸高田市,アキタカタシ,Akitakata-shi,,,,美土里町生田,ミドリチョウイケダ,Midoricho Ikeda,,,,字一之渡,アザイチノワタリ,,,0,0,0,0,0,0,1,1,1947-04-17,,0,,,,,,,,,,,,,,,,
342149,0016107,3,広島県,ヒロシマケン,Hiroshima,,,,安芸高田市,アキタカタシ,Akitakata-shi,,,,美土里町生田,ミドリチョウイケダ,Midoricho Ikeda,,,,字宇津井釜,アザウツイガマ,,,0,0,0,0,0,0,1,1,1947-04-17,,0,,,,,,,,,,,,,,,,
342149,0016108,3,広島県,ヒロシマケン,Hiroshima,,,,安芸高田市,アキタカタシ,Akitakata-shi,,,,美土里町生田,ミドリチョウイケダ,Midoricho Ikeda,,,,字横谷,アザヨコタニ,,,0,0,0,0,0,0,1,1,1947-04-17,,0,,,,,,,,,,,,,,,,
342149,0016109,3,広島県,ヒロシマケン,Hiroshima,,,,安芸高田市,アキタカタシ,Akitakata-shi,,,,美土里町生田,ミドリチョウイケダ,Midoricho Ikeda,,,,字音地,アザオンジ,,,0,0,0,0,0,0,1,1,1947-04-17,,0,,,,,,,,,,,,,,,,
342149,0016110,3,広島県,ヒロシマケン,Hiroshima,,,,安芸高田市,アキタカタシ,Akitakata-shi,,,,美土里町生田,ミドリチョウイケダ,Midoricho Ikeda,,,,字下寺釜,アザシモテラガマ,,,0,0,0,0,0,0,1,1,1947-04-17,,0,,,,,,,,,,,,,,,,
342149,0016111,3,広島県,ヒロシマケン,Hiroshima,,,,安芸高田市,アキタカタシ,Akitakata-shi,,,,美土里町生田,ミドリチョウイケダ,Midoricho Ikeda,,,,字下青,アザシモアオ,,,0,0,0,0,0,0,1,1,1947-04-17,,0,,,,,,,,,,,,,,,,
342149,0016112,3,広島県,ヒロシマケン,Hiroshima,,,,安芸高田市,アキタカタシ,Akitakata-shi,,,,美土里町生田,ミドリチョウイケダ,Midoricho Ikeda,,,,字加納槙,アザカノウマキ,,,0,0,0,0,0,0,1,1,1947-04-17,,0,,,,,,,,,,,,,,,,
342149,0016113,3,広島県,ヒロシマケン,Hiroshima,,,,安芸高田市,アキタカタシ,Akitakata-shi,,,,美土里町生田,ミドリチョウイケダ,Midoricho Ikeda,,,,字丸原,アザマルバラ,,,0,0,0,0,0,0,1,1,1947-04-17,,0,,,,,,,,,,,,,,,,
342149,0016114,3,広島県,ヒロシマケン,Hiroshima,,,,安芸高田市,アキタカタシ,Akitakata-shi,,,,美土里町生田,ミドリチョウイケダ,Midoricho Ikeda,,,,字岩崎,アザイワサキ,,,0,0,0,0,0,0,1,1,1947-04-17,,0,,,,,,,,,,,,,,,,
342149,0016115,3,広島県,ヒロシマケン,Hiroshima,,,,安芸高田市,アキタカタシ,Akitakata-shi,,,,美土里町生田,ミドリチョウイケダ,Midoricho Ikeda,,,,字宮ノ前,アザミヤノマエ,,,0,0,0,0,0,0,1,1,1947-04-17,,0,,,,,,,,,,,,,,,,
342149,0016116,3,広島県,ヒロシマケン,Hiroshima,,,,安芸高田市,アキタカタシ,Akitakata-shi,,,,美土里町生田,ミドリチョウイケダ,Midoricho Ikeda,,,,字境ケ谷,アザサイガタニ,,,0,0,0,0,0,0,1,1,1947-04-17,,0,,,,,,,,,,,,,,,,
342149,0016117,3,広島県,ヒロシマケン,Hiroshima,,,,安芸高田市,アキタカタシ,Akitakata-shi,,,,美土里町生田,ミドリチョウイケダ,Midoricho Ikeda,,,,字熊ケ谷,アザクマガタニ,,,0,0,0,0,0,0,1,1,1947-04-17,,0,,,,,,,,,,,,,,,,
342149,0016118,3,広島県,ヒロシマケン,Hiroshima,,,,安芸高田市,アキタカタシ,Akitakata-shi,,,,美土里町生田,ミドリチョウイケダ,Midoricho Ikeda,,,,字桑川内,アザクワゴウチ,,,0,0,0,0,0,0,1,1,1947-04-17,,0,,,,,,,,,,,,,,,,
342149,0016119,3,広島県,ヒロシマケン,Hiroshima,,,,安芸高田市,アキタカタシ,Akitakata-shi,,,,美土里町生田,ミドリチョウイケダ,Midoricho Ikeda,,,,字穴ケ垰,アザアナガタオ,,,0,0,0,0,0,0,1,1,1947-04-17,,0,,,,,,,,,,,,,,,,
342149,0016120,3,広島県,ヒロシマケン,Hiroshima,,,,安芸高田市,アキタカタシ,Akitakata-shi,,,,美土里町生田,ミドリチョウイケダ,Midoricho Ikeda,,,,字犬伏,アザイヌブシ,,,0,0,0,0,0,0,1,1,1947-04-17,,0,,,,,,,,,,,,,,,,
342149,0016121,3,広島県,ヒロシマケン,Hiroshima,,,,安芸高田市,アキタカタシ,Akitakata-shi,,,,美土里町生田,ミドリチョウイケダ,Midoricho Ikeda,,,,字犬伏山,アザイヌブシヤマ,,,0,0,0,0,0,0,1,1,1947-04-17,,0,,,,,,,,,,,,,,,,
342149,0016122,3,広島県,ヒロシマケン,Hiroshima,,,,安芸高田市,アキタカタシ,Akitakata-shi,,,,美土里町生田,ミドリチョウイケダ,Midoricho Ikeda,,,,字原山,アザハラヤマ,,,0,0,0,0,0,0,1,1,1947-04-17,,0,,,,,,,,,,,,,,,,
342149,0016123,3,広島県,ヒロシマケン,Hiroshima,,,,安芸高田市,アキタカタシ,Akitakata-shi,,,,美土里町生田,ミドリチョウイケダ,Midoricho Ikeda,,,,字古屋谷,アザコヤガタニ,,,0,0,0,0,0,0,1,1,1947-04-17,,0,,,,,,,,,,,,,,,,
342149,0016124,3,広島県,ヒロシマケン,Hiroshima,,,,安芸高田市,アキタカタシ,Akitakata-shi,,,,美土里町生田,ミドリチョウイケダ,Midoricho Ikeda,,,,字御堂原,アザミドウバラ,,,0,0,0,0,0,0,1,1,1947-04-17,,0,,,,,,,,,,,,,,,,
342149,0016125,3,広島県,ヒロシマケン,Hiroshima,,,,安芸高田市,アキタカタシ,Akitakata-shi,,,,美土里町生田,ミドリチョウイケダ,Midoricho Ikeda,,,,字工川内,アザタクミゴウチ,,,0,0,0,0,0,0,1,1,1947-04-17,,0,,,,,,,,,,,,,,,,
342149,0016126,3,広島県,ヒロシマケン,Hiroshima,,,,安芸高田市,アキタカタシ,Akitakata-shi,,,,美土里町生田,ミドリチョウイケダ,Midoricho Ikeda,,,,字甲ケ迫,アザコウガサコ,,,0,0,0,0,0,0,1,1,1947-04-17,,0,,,,,,,,,,,,,,,,
342149,0016127,3,広島県,ヒロシマケン,Hiroshima,,,,安芸高田市,アキタカタシ,Akitakata-shi,,,,美土里町生田,ミドリチョウイケダ,Midoricho Ikeda,,,,字砂走,アザスナバシリ,,,0,0,0,0,0,0,1,1,1947-04-17,,0,,,,,,,,,,,,,,,,
342149,0016128,3,広島県,ヒロシマケン,Hiroshima,,,,安芸高田市,アキタカタシ,Akitakata-shi,,,,美土里町生田,ミドリチョウイケダ,Midoricho Ikeda,,,,字山崎,アザヤマサキ,,,0,0,0,0,0,0,1,1,1947-04-17,,0,,,,,,,,,,,,,,,,
342149,0016129,3,広島県,ヒロシマケン,Hiroshima,,,,安芸高田市,アキタカタシ,Akitakata-shi,,,,美土里町生田,ミドリチョウイケダ,Midoricho Ikeda,,,,字山立,アザヤマタテ,,,0,0,0,0,0,0,1,1,1947-04-17,,0,,,,,,,,,,,,,,,,
342149,0016130,3,広島県,ヒロシマケン,Hiroshima,,,,安芸高田市,アキタカタシ,Akitakata-shi,,,,美土里町生田,ミドリチョウイケダ,Midoricho Ikeda,,,,字四良エ釜,アザシロエガマ,,,0,0,0,0,0,0,1,1,1947-04-17,,0,,,,,,,,,,,,,,,,
342149,0016131,3,広島県,ヒロシマケン,Hiroshima,,,,安芸高田市,アキタカタシ,Akitakata-shi,,,,美土里町生田,ミドリチョウイケダ,Midoricho Ikeda,,,,字市,アザイチ,,,0,0,0,0,0,0,1,1,1947-04-17,,0,,,,,,,,,,,,,,,,
342149,0016132,3,広島県,ヒロシマケン,Hiroshima,,,,安芸高田市,アキタカタシ,Akitakata-shi,,,,美土里町生田,ミドリチョウイケダ,Midoricho Ikeda,,,,字寺小場,アザテラコバ,,,0,0,0,0,0,0,1,1,1947-04-17,,0,,,,,,,,,,,,,,,,
342149,0016133,3,広島県,ヒロシマケン,Hiroshima,,,,安芸高田市,アキタカタシ,Akitakata-shi,,,,美土里町生田,ミドリチョウイケダ,Midoricho Ikeda,,,,字次良エ谷,アザジロエダニ,,,0,0,0,0,0,0,1,1,1947-04-17,,0,,,,,,,,,,,,,,,,
342149,0016134,3,広島県,ヒロシマケン,Hiroshima,,,,安芸高田市,アキタカタシ,Akitakata-shi,,,,美土里町生田,ミドリチョウイケダ,Midoricho Ikeda,,,,字篠莎,アザシノスゲ,,,0,0,0,0,0,0,1,1,1947-04-17,,0,,,,,,,,,,,,,,,,
342149,0016135,3,広島県,ヒロシマケン,Hiroshima,,,,安芸高田市,アキタカタシ,Akitakata-shi,,,,美土里町生田,ミドリチョウイケダ,Midoricho Ikeda,,,,字若杉奥,アザワカスギオク,,,0,0,0,0,0,0,1,1,1947-04-17,,0,,,,,,,,,,,,,,,,
342149,0016136,3,広島県,ヒロシマケン,Hiroshima,,,,安芸高田市,アキタカタシ,Akitakata-shi,,,,美土里町生田,ミドリチョウイケダ,Midoricho Ikeda,,,,字若杉山,アザワカスギヤマ,,,0,0,0,0,0,0,1,1,1947-04-17,,0,,,,,,,,,,,,,,,,
342149,0016137,3,広島県,ヒロシマケン,Hiroshima,,,,安芸高田市,アキタカタシ,Akitakata-shi,,,,美土里町生田,ミドリチョウイケダ,Midoricho Ikeda,,,,字出店原,アザデミセバラ,,,0,0,0,0,0,0,1,1,1947-04-17,,0,,,,,,,,,,,,,,,,
342149,0016138,3,広島県,ヒロシマケン,Hiroshima,,,,安芸高田市,アキタカタシ,Akitakata-shi,,,,美土里町生田,ミドリチョウイケダ,Midoricho Ikeda,,,,字助実,アザスケザネ,,,0,0,0,0,0,0,1,1,1947-04-17,,0,,,,,,,,,,,,,,,,
342149,0016139,3,広島県,ヒロシマケン,Hiroshima,,,,安芸高田市,アキタカタシ,Akitakata-shi,,,,美土里町生田,ミドリチョウイケダ,Midoricho Ikeda,,,,字小奴田,アザコヌタ,,,0,0,0,0,0,0,1,1,1947-04-17,,0,,,,,,,,,,,,,,,,
342149,0016140,3,広島県,ヒロシマケン,Hiroshima,,,,安芸高田市,アキタカタシ,Akitakata-shi,,,,美土里町生田,ミドリチョウイケダ,Midoricho Ikeda,,,,字上市,アザカミイチ,,,0,0,0,0,0,0,1,1,1947-04-17,,0,,,,,,,,,,,,,,,,
342149,0016141,3,広島県,ヒロシマケン,Hiroshima,,,,安芸高田市,アキタカタシ,Akitakata-shi,,,,美土里町生田,ミドリチョウイケダ,Midoricho Ikeda,,,,字上青,アザカミアオ,,,0,0,0,0,0,0,1,1,1947-04-17,,0,,,,,,,,,,,,,,,,
342149,0016142,3,広島県,ヒロシマケン,Hiroshima,,,,安芸高田市,アキタカタシ,Akitakata-shi,,,,美土里町生田,ミドリチョウイケダ,Midoricho Ikeda,,,,字城谷,アザジヨウタニ,,,0,0,0,0,0,0,1,1,1947-04-17,,0,,,,,,,,,,,,,,,,
342149,0016143,3,広島県,ヒロシマケン,Hiroshima,,,,安芸高田市,アキタカタシ,Akitakata-shi,,,,美土里町生田,ミドリチョウイケダ,Midoricho Ikeda,,,,字常則,アザツネノリ,,,0,0,0,0,0,0,1,1,1947-04-17,,0,,,,,,,,,,,,,,,,
342149,0016144,3,広島県,ヒロシマケン,Hiroshima,,,,安芸高田市,アキタカタシ,Akitakata-shi,,,,美土里町生田,ミドリチョウイケダ,Midoricho Ikeda,,,,字新開切,アザシンカイキリ,,,0,0,0,0,0,0,1,1,1947-04-17,,0,,,,,,,,,,,,,,,,
342149,0016145,3,広島県,ヒロシマケン,Hiroshima,,,,安芸高田市,アキタカタシ,Akitakata-shi,,,,美土里町生田,ミドリチョウイケダ,Midoricho Ikeda,,,,字石丸,アザイシマル,,,0,0,0,0,0,0,1,1,1947-04-17,,0,,,,,,,,,,,,,,,,
342149,0016146,3,広島県,ヒロシマケン,Hiroshima,,,,安芸高田市,アキタカタシ,Akitakata-shi,,,,美土里町生田,ミドリチョウイケダ,Midoricho Ikeda,,,,字石丸垰,アザイシマルダオ,,,0,0,0,0,0,0,1,1,1947-04-17,,0,,,,,,,,,,,,,,,,
342149,0016147,3,広島県,ヒロシマケン,Hiroshima,,,,安芸高田市,アキタカタシ,Akitakata-shi,,,,美土里町生田,ミドリチョウイケダ,Midoricho Ikeda,,,,字川下,アザカワシモ,,,0,0,0,0,0,0,1,1,1947-04-17,,0,,,,,,,,,,,,,,,,
342149,0016148,3,広島県,ヒロシマケン,Hiroshima,,,,安芸高田市,アキタカタシ,Akitakata-shi,,,,美土里町生田,ミドリチョウイケダ,Midoricho Ikeda,,,,字川原田山,アザカワハラダヤマ,,,0,0,0,0,0,0,1,1,1947-04-17,,0,,,,,,,,,,,,,,,,
342149,0016149,3,広島県,ヒロシマケン,Hiroshima,,,,安芸高田市,アキタカタシ,Akitakata-shi,,,,美土里町生田,ミドリチョウイケダ,Midoricho Ikeda,,,,字蔵掛,アザクラカケ,,,0,0,0,0,0,0,1,1,1947-04-17,,0,,,,,,,,,,,,,,,,
342149,0016150,3,広島県,ヒロシマケン,Hiroshima,,,,安芸高田市,アキタカタシ,Akitakata-shi,,,,美土里町生田,ミドリチョウイケダ,Midoricho Ikeda,,,,字則光,アザノリミツ,,,0,0,0,0,0,0,1,1,1947-04-17,,0,,,,,,,,,,,,,,,,
342149,0016151,3,広島県,ヒロシマケン,Hiroshima,,,,安芸高田市,アキタカタシ,Akitakata-shi,,,,美土里町生田,ミドリチョウイケダ,Midoricho Ikeda,,,,字大所,アザオオドコロ,,,0,0,0,0,0,0,1,1,1947-04-17,,0,,,,,,,,,,,,,,,,
342149,0016152,3,広島県,ヒロシマケン,Hiroshima,,,,安芸高田市,アキタカタシ,Akitakata-shi,,,,美土里町生田,ミドリチョウイケダ,Midoricho Ikeda,,,,字大西山,アザオオニシヤマ,,,0,0,0,0,0,0,1,1,1947-04-17,,0,,,,,,,,,,,,,,,,
342149,0016153,3,広島県,ヒロシマケン,Hiroshima,,,,安芸高田市,アキタカタシ,Akitakata-shi,,,,美土里町生田,ミドリチョウイケダ,Midoricho Ikeda,,,,字大谷山,アザオオタニヤマ,,,0,0,0,0,0,0,1,1,1947-04-17,,0,,,,,,,,,,,,,,,,
342149,0016154,3,広島県,ヒロシマケン,Hiroshima,,,,安芸高田市,アキタカタシ,Akitakata-shi,,,,美土里町生田,ミドリチョウイケダ,Midoricho Ikeda,,,,字大奴田,アザオオヌタ,,,0,0,0,0,0,0,1,1,1947-04-17,,0,,,,,,,,,,,,,,,,
342149,0016155,3,広島県,ヒロシマケン,Hiroshima,,,,安芸高田市,アキタカタシ,Akitakata-shi,,,,美土里町生田,ミドリチョウイケダ,Midoricho Ikeda,,,,字大道,アザオオミチ,,,0,0,0,0,0,0,1,1,1947-04-17,,0,,,,,,,,,,,,,,,,
342149,0016156,3,広島県,ヒロシマケン,Hiroshima,,,,安芸高田市,アキタカタシ,Akitakata-shi,,,,美土里町生田,ミドリチョウイケダ,Midoricho Ikeda,,,,字大平,アザオオヒラ,,,0,0,0,0,0,0,1,1,1947-04-17,,0,,,,,,,,,,,,,,,,
342149,0016157,3,広島県,ヒロシマケン,Hiroshima,,,,安芸高田市,アキタカタシ,Akitakata-shi,,,,美土里町生田,ミドリチョウイケダ,Midoricho Ikeda,,,,字滝ケ口,アザタキガクチ,,,0,0,0,0,0,0,1,1,1947-04-17,,0,,,,,,,,,,,,,,,,
342149,0016158,3,広島県,ヒロシマケン,Hiroshima,,,,安芸高田市,アキタカタシ,Akitakata-shi,,,,美土里町生田,ミドリチョウイケダ,Midoricho Ikeda,,,,字濁池,アザニゴリイケ,,,0,0,0,0,0,0,1,1,1947-04-17,,0,,,,,,,,,,,,,,,,
342149,0016159,3,広島県,ヒロシマケン,Hiroshima,,,,安芸高田市,アキタカタシ,Akitakata-shi,,,,美土里町生田,ミドリチョウイケダ,Midoricho Ikeda,,,,字丹造,アザタンゾウ,,,0,0,0,0,0,0,1,1,1947-04-17,,0,,,,,,,,,,,,,,,,
342149,0016160,3,広島県,ヒロシマケン,Hiroshima,,,,安芸高田市,アキタカタシ,Akitakata-shi,,,,美土里町生田,ミドリチョウイケダ,Midoricho Ikeda,,,,字知教寺,アザチキヨウジ,,,0,0,0,0,0,0,1,1,1947-04-17,,0,,,,,,,,,,,,,,,,
342149,0016161,3,広島県,ヒロシマケン,Hiroshima,,,,安芸高田市,アキタカタシ,Akitakata-shi,,,,美土里町生田,ミドリチョウイケダ,Midoricho Ikeda,,,,字智教寺,アザチキヨウジ,,,0,0,0,0,0,0,1,1,1947-04-17,,0,,,,,,,,,,,,,,,,
342149,0016162,3,広島県,ヒロシマケン,Hiroshima,,,,安芸高田市,アキタカタシ,Akitakata-shi,,,,美土里町生田,ミドリチョウイケダ,Midoricho Ikeda,,,,字中寺釜,アザナカテラガマ,,,0,0,0,0,0,0,1,1,1947-04-17,,0,,,,,,,,,,,,,,,,
342149,0016163,3,広島県,ヒロシマケン,Hiroshima,,,,安芸高田市,アキタカタシ,Akitakata-shi,,,,美土里町生田,ミドリチョウイケダ,Midoricho Ikeda,,,,字中青,アザナカアオ,,,0,0,0,0,0,0,1,1,1947-04-17,,0,,,,,,,,,,,,,,,,
342149,0016164,3,広島県,ヒロシマケン,Hiroshima,,,,安芸高田市,アキタカタシ,Akitakata-shi,,,,美土里町生田,ミドリチョウイケダ,Midoricho Ikeda,,,,字中祖,アザナカソ,,,0,0,0,0,0,0,1,1,1947-04-17,,0,,,,,,,,,,,,,,,,
342149,0016165,3,広島県,ヒロシマケン,Hiroshima,,,,安芸高田市,アキタカタシ,Akitakata-shi,,,,美土里町生田,ミドリチョウイケダ,Midoricho Ikeda,,,,字中通,アザナカドウリ,,,0,0,0,0,0,0,1,1,1947-04-17,,0,,,,,,,,,,,,,,,,
342149,0016166,3,広島県,ヒロシマケン,Hiroshima,,,,安芸高田市,アキタカタシ,Akitakata-shi,,,,美土里町生田,ミドリチョウイケダ,Midoricho Ikeda,,,,字通谷,アザミチタニ,,,0,0,0,0,0,0,1,1,1947-04-17,,0,,,,,,,,,,,,,,,,
342149,0016167,3,広島県,ヒロシマケン,Hiroshima,,,,安芸高田市,アキタカタシ,Akitakata-shi,,,,美土里町生田,ミドリチョウイケダ,Midoricho Ikeda,,,,字程原奥,アザホドハラオク,,,0,0,0,0,0,0,1,1,1947-04-17,,0,,,,,,,,,,,,,,,,
342149,0016168,3,広島県,ヒロシマケン,Hiroshima,,,,安芸高田市,アキタカタシ,Akitakata-shi,,,,美土里町生田,ミドリチョウイケダ,Midoricho Ikeda,,,,字鉄穴,アザカンナ,,,0,0,0,0,0,0,1,1,1947-04-17,,0,,,,,,,,,,,,,,,,
342149,0016169,3,広島県,ヒロシマケン,Hiroshima,,,,安芸高田市,アキタカタシ,Akitakata-shi,,,,美土里町生田,ミドリチョウイケダ,Midoricho Ikeda,,,,字田代,アザタシロ,,,0,0,0,0,0,0,1,1,1947-04-17,,0,,,,,,,,,,,,,,,,
342149,0016170,3,広島県,ヒロシマケン,Hiroshima,,,,安芸高田市,アキタカタシ,Akitakata-shi,,,,美土里町生田,ミドリチョウイケダ,Midoricho Ikeda,,,,字徳焼,アザトクヤキ,,,0,0,0,0,0,0,1,1,1947-04-17,,0,,,,,,,,,,,,,,,,
342149,0016171,3,広島県,ヒロシマケン,Hiroshima,,,,安芸高田市,アキタカタシ,Akitakata-shi,,,,美土里町生田,ミドリチョウイケダ,Midoricho Ikeda,,,,字内山,アザウチヤマ,,,0,0,0,0,0,0,1,1,1947-04-17,,0,,,,,,,,,,,,,,,,
342149,0016172,3,広島県,ヒロシマケン,Hiroshima,,,,安芸高田市,アキタカタシ,Akitakata-shi,,,,美土里町生田,ミドリチョウイケダ,Midoricho Ikeda,,,,字日南城,アザヒナジヨウ,,,0,0,0,0,0,0,1,1,1947-04-17,,0,,,,,,,,,,,,,,,,
342149,0016173,3,広島県,ヒロシマケン,Hiroshima,,,,安芸高田市,アキタカタシ,Akitakata-shi,,,,美土里町生田,ミドリチョウイケダ,Midoricho Ikeda,,,,字覗谷,アザノゾキタニ,,,0,0,0,0,0,0,1,1,1947-04-17,,0,,,,,,,,,,,,,,,,
342149,0016174,3,広島県,ヒロシマケン,Hiroshima,,,,安芸高田市,アキタカタシ,Akitakata-shi,,,,美土里町生田,ミドリチョウイケダ,Midoricho Ikeda,,,,字婆ケ谷,アザバアガタニ,,,0,0,0,0,0,0,1,1,1947-04-17,,0,,,,,,,,,,,,,,,,
342149,0016175,3,広島県,ヒロシマケン,Hiroshima,,,,安芸高田市,アキタカタシ,Akitakata-shi,,,,美土里町生田,ミドリチョウイケダ,Midoricho Ikeda,,,,字馬場ケ原,アザババガハラ,,,0,0,0,0,0,0,1,1,1947-04-17,,0,,,,,,,,,,,,,,,,
342149,0016176,3,広島県,ヒロシマケン,Hiroshima,,,,安芸高田市,アキタカタシ,Akitakata-shi,,,,美土里町生田,ミドリチョウイケダ,Midoricho Ikeda,,,,字馬場原,アザババガハラ,,,0,0,0,0,0,0,1,1,1947-04-17,,0,,,,,,,,,,,,,,,,
342149,0016177,3,広島県,ヒロシマケン,Hiroshima,,,,安芸高田市,アキタカタシ,Akitakata-shi,,,,美土里町生田,ミドリチョウイケダ,Midoricho Ikeda,,,,字伯耆古屋,アザホウキゴヤ,,,0,0,0,0,0,0,1,1,1947-04-17,,0,,,,,,,,,,,,,,,,
342149,0016178,3,広島県,ヒロシマケン,Hiroshima,,,,安芸高田市,アキタカタシ,Akitakata-shi,,,,美土里町生田,ミドリチョウイケダ,Midoricho Ikeda,,,,字番川内,アザバンガウチ,,,0,0,0,0,0,0,1,1,1947-04-17,,0,,,,,,,,,,,,,,,,
342149,0016179,3,広島県,ヒロシマケン,Hiroshima,,,,安芸高田市,アキタカタシ,Akitakata-shi,,,,美土里町生田,ミドリチョウイケダ,Midoricho Ikeda,,,,字毘沙門,アザビシヤモン,,,0,0,0,0,0,0,1,1,1947-04-17,,0,,,,,,,,,,,,,,,,
342149,0016180,3,広島県,ヒロシマケン,Hiroshima,,,,安芸高田市,アキタカタシ,Akitakata-shi,,,,美土里町生田,ミドリチョウイケダ,Midoricho Ikeda,,,,字髭小場,アザヒゲコバ,,,0,0,0,0,0,0,1,1,1947-04-17,,0,,,,,,,,,,,,,,,,
342149,0016181,3,広島県,ヒロシマケン,Hiroshima,,,,安芸高田市,アキタカタシ,Akitakata-shi,,,,美土里町生田,ミドリチョウイケダ,Midoricho Ikeda,,,,字彦門谷,アザヒコモンダニ,,,0,0,0,0,0,0,1,1,1947-04-17,,0,,,,,,,,,,,,,,,,
342149,0016182,3,広島県,ヒロシマケン,Hiroshima,,,,安芸高田市,アキタカタシ,Akitakata-shi,,,,美土里町生田,ミドリチョウイケダ,Midoricho Ikeda,,,,字平左ヱ谷,アザヘイザエダニ,,,0,0,0,0,0,0,1,1,1947-04-17,,0,,,,,,,,,,,,,,,,
342149,0016183,3,広島県,ヒロシマケン,Hiroshima,,,,安芸高田市,アキタカタシ,Akitakata-shi,,,,美土里町生田,ミドリチョウイケダ,Midoricho Ikeda,,,,字槙ケ原,アザマキガハラ,,,0,0,0,0,0,0,1,1,1947-04-17,,0,,,,,,,,,,,,,,,,
342149,0016184,3,広島県,ヒロシマケン,Hiroshima,,,,安芸高田市,アキタカタシ,Akitakata-shi,,,,美土里町生田,ミドリチョウイケダ,Midoricho Ikeda,,,,字槙奥,アザマキガオク,,,0,0,0,0,0,0,1,1,1947-04-17,,0,,,,,,,,,,,,,,,,
342149,0016185,3,広島県,ヒロシマケン,Hiroshima,,,,安芸高田市,アキタカタシ,Akitakata-shi,,,,美土里町生田,ミドリチョウイケダ,Midoricho Ikeda,,,,字木路谷,アザキジダニ,,,0,0,0,0,0,0,1,1,1947-04-17,,0,,,,,,,,,,,,,,,,
342149,0016186,3,広島県,ヒロシマケン,Hiroshima,,,,安芸高田市,アキタカタシ,Akitakata-shi,,,,美土里町生田,ミドリチョウイケダ,Midoricho Ikeda,,,,字野地,アザノジ,,,0,0,0,0,0,0,1,1,1947-04-17,,0,,,,,,,,,,,,,,,,
342149,0016187,3,広島県,ヒロシマケン,Hiroshima,,,,安芸高田市,アキタカタシ,Akitakata-shi,,,,美土里町生田,ミドリチョウイケダ,Midoricho Ikeda,,,,字野地小場,アザノジコバ,,,0,0,0,0,0,0,1,1,1947-04-17,,0,,,,,,,,,,,,,,,,
342149,0016188,3,広島県,ヒロシマケン,Hiroshima,,,,安芸高田市,アキタカタシ,Akitakata-shi,,,,美土里町生田,ミドリチョウイケダ,Midoricho Ikeda,,,,字友常山,アザトモツネヤマ,,,0,0,0,0,0,0,1,1,1947-04-17,,0,,,,,,,,,,,,,,,,
342149,0016189,3,広島県,ヒロシマケン,Hiroshima,,,,安芸高田市,アキタカタシ,Akitakata-shi,,,,美土里町生田,ミドリチョウイケダ,Midoricho Ikeda,,,,字狼城,アザオオカミジヨウ,,,0,0,0,0,0,0,1,1,1947-04-17,,0,,,,,,,,,,,,,,,,
342149,0016190,3,広島県,ヒロシマケン,Hiroshima,,,,安芸高田市,アキタカタシ,Akitakata-shi,,,,美土里町生田,ミドリチョウイケダ,Midoricho Ikeda,,,,字杤谷,アザトチダニ,,,0,0,0,0,0,0,1,1,1947-04-17,,0,,,,,,,,,,,,,,,,
342149,0016191,3,広島県,ヒロシマケン,Hiroshima,,,,安芸高田市,アキタカタシ,Akitakata-shi,,,,美土里町生田,ミドリチョウイケダ,Midoricho Ikeda,,,,字鑄師谷,アザイシダニ,,,0,0,0,0,0,0,1,1,1947-04-17,,0,,,,,,,,,,,,,,,,
342149,0016192,3,広島県,ヒロシマケン,Hiroshima,,,,安芸高田市,アキタカタシ,Akitakata-shi,,,,美土里町生田,ミドリチョウイケダ,Midoricho Ikeda,,,,字鈩ケ原,アザタタラガハラ,,,0,0,0,0,0,0,1,1,1947-04-17,,0,,,,,,,,,,,,,,,,
342149,0017000,1,広島県,ヒロシマケン,Hiroshima,,,,安芸高田市,アキタカタシ,Akitakata-shi,,,,美土里町北,ミドリチョウキタ,Midoricho Kita,,,,,,,,0,0,0,0,0,0,1,1,1947-04-17,,0,7310701,,,,,,,,,,,,,,,
342149,0018000,1,広島県,ヒロシマケン,Hiroshima,,,,安芸高田市,アキタカタシ,Akitakata-shi,,,,美土里町桑田,ミドリチョウクワタ,Midoricho Kuwata,,,,,,,,0,0,0,0,0,0,1,1,1947-04-17,,0,7310702,,,,,,,,,,,,,,,
342149,0019000,1,広島県,ヒロシマケン,Hiroshima,,,,安芸高田市,アキタカタシ,Akitakata-shi,,,,美土里町本郷,ミドリチョウホンゴウ,Midoricho Hongo,,,,,,,,0,0,0,0,0,0,1,1,1947-04-17,,0,7310612,,,,,,,,,,,,,,,
342149,0020000,1,広島県,ヒロシマケン,Hiroshima,,,,安芸高田市,アキタカタシ,Akitakata-shi,,,,美土里町横田,ミドリチョウヨコタ,Midoricho Yokota,,,,,,,,0,0,0,0,0,0,1,1,1947-04-17,,0,7310611,,,,,,,,,,,,,,,
342149,0021000,1,広島県,ヒロシマケン,Hiroshima,,,,安芸高田市,アキタカタシ,Akitakata-shi,,,,向原町有留,ムカイハラチョウアリドメ,Mukaiharacho Aridome,,,,,,,,0,0,0,0,0,0,1,1,1947-04-17,,0,7391204,,,,,,,,,,,,,,,
342149,0022000,1,広島県,ヒロシマケン,Hiroshima,,,,安芸高田市,アキタカタシ,Akitakata-shi,,,,向原町坂,ムカイハラチョウサカ,Mukaiharacho Saka,,,,,,,,0,0,0,0,0,0,1,1,1947-04-17,,0,7391201,,,,,,,,,,,,,,,
342149,0023000,1,広島県,ヒロシマケン,Hiroshima,,,,安芸高田市,アキタカタシ,Akitakata-shi,,,,向原町戸島,ムカイハラチョウトシマ,Mukaiharacho Toshima,,,,,,,,0,0,0,0,0,0,1,1,1947-04-17,,0,7391202,,,,,,,,,,,,,,,
342149,0024000,1,広島県,ヒロシマケン,Hiroshima,,,,安芸高田市,アキタカタシ,Akitakata-shi,,,,向原町長田,ムカイハラチョウナガタ,Mukaiharacho Nagata,,,,,,,,0,0,0,0,0,0,1,1,1947-04-17,,0,7391203,,,,,,,,,,,,,,,
342149,0025000,1,広島県,ヒロシマケン,Hiroshima,,,,安芸高田市,アキタカタシ,Akitakata-shi,,,,向原町保垣,ムカイハラチョウホガキ,Mukaiharacho Hogaki,,,,,,,,0,0,0,0,0,0,1,1,1947-04-17,,0,7391205,,,,,,,,,,,,,,,
342149,0026000,1,広島県,ヒロシマケン,Hiroshima,,,,安芸高田市,アキタカタシ,Akitakata-shi,,,,八千代町勝田,ヤチヨチョウカッタ,Yachiyocho Katta,,,,,,,,0,0,0,0,0,0,1,1,1947-04-17,,0,7310302,,,,,,,,,,,,,,,
342149,0027000,1,広島県,ヒロシマケン,Hiroshima,,,,安芸高田市,アキタカタシ,Akitakata-shi,,,,八千代町上根,ヤチヨチョウカミネ,Yachiyocho Kamine,,,,,,,,0,0,0,0,0,0,1,1,1947-04-17,,0,7310305,,,,,,,,,,,,,,,
342149,0028000,1,広島県,ヒロシマケン,Hiroshima,,,,安芸高田市,アキタカタシ,Akitakata-shi,,,,八千代町佐々井,ヤチヨチョウササイ,Yachiyocho Sasai,,,,,,,,0,0,0,0,0,0,1,1,1947-04-17,,0,7310303,,,,,,,,,,,,,,,
342149,0029000,1,広島県,ヒロシマケン,Hiroshima,,,,安芸高田市,アキタカタシ,Akitakata-shi,,,,八千代町下根,ヤチヨチョウシモネ,Yachiyocho Shimone,,,,,,,,0,0,0,0,0,0,1,1,1947-04-17,,0,7310304,,,,,,,,,,,,,,,
342149,0030000,1,広島県,ヒロシマケン,Hiroshima,,,,安芸高田市,アキタカタシ,Akitakata-shi,,,,八千代町土師,ヤチヨチョウハジ,Yachiyocho Haji,,,,,,,,0,0,0,0,0,0,1,1,1947-04-17,,0,7310301,,,,,,,,,,,,,,,
342149,0031000,1,広島県,ヒロシマケン,Hiroshima,,,,安芸高田市,アキタカタシ,Akitakata-shi,,,,八千代町向山,ヤチヨチョウムカイヤマ,Yachiyocho Mukaiyama,,,,,,,,0,0,0,0,0,0,1,1,1947-04-17,,0,7310306,,,,,,,,,,,,,,,
342149,0032000,1,広島県,ヒロシマケン,Hiroshima,,,,安芸高田市,アキタカタシ,Akitakata-shi,,,,吉田町相合,ヨシダチョウアイオウ,Yoshidacho Aio,,,,,,,,0,0,0,0,0,0,1,1,1947-04-17,,0,7310542,,,,,,,,,,,,,,,
342149,0033000,1,広島県,ヒロシマケン,Hiroshima,,,,安芸高田市,アキタカタシ,Akitakata-shi,,,,吉田町小山,ヨシダチョウオヤマ,Yoshidacho Oyama,,,,,,,,0,0,0,0,0,0,1,1,1947-04-17,,0,7310512,,,,,,,,,,,,,,,
342149,0034000,1,広島県,ヒロシマケン,Hiroshima,,,,安芸高田市,アキタカタシ,Akitakata-shi,,,,吉田町桂,ヨシダチョウカツラ,Yoshidacho Katsura,,,,,,,,0,0,0,0,0,0,1,0,1947-04-17,,0,7310534,,,,,,,,,,,,,,,
342149,0034101,3,広島県,ヒロシマケン,Hiroshima,,,,安芸高田市,アキタカタシ,Akitakata-shi,,,,吉田町桂,ヨシダチョウカツラ,Yoshidacho Katsura,,,,字古市,アザフルイチ,,,0,0,0,0,0,0,1,1,1947-04-17,,0,,,,,,,,,,,,,,,,
342149,0034102,3,広島県,ヒロシマケン,Hiroshima,,,,安芸高田市,アキタカタシ,Akitakata-shi,,,,吉田町桂,ヨシダチョウカツラ,Yoshidacho Katsura,,,,字井山,アザイヤマ,,,0,0,0,0,0,0,1,1,1947-04-17,,0,,,,,,,,,,,,,,,,
342149,0034103,3,広島県,ヒロシマケン,Hiroshima,,,,安芸高田市,アキタカタシ,Akitakata-shi,,,,吉田町桂,ヨシダチョウカツラ,Yoshidacho Katsura,,,,字壱野坪,アザイチノツボ,,,0,0,0,0,0,0,1,1,1947-04-17,,0,,,,,,,,,,,,,,,,
342149,0034104,3,広島県,ヒロシマケン,Hiroshima,,,,安芸高田市,アキタカタシ,Akitakata-shi,,,,吉田町桂,ヨシダチョウカツラ,Yoshidacho Katsura,,,,字沖古市,アザオキフルイチ,,,0,0,0,0,0,0,1,1,1947-04-17,,0,,,,,,,,,,,,,,,,
342149,0034105,3,広島県,ヒロシマケン,Hiroshima,,,,安芸高田市,アキタカタシ,Akitakata-shi,,,,吉田町桂,ヨシダチョウカツラ,Yoshidacho Katsura,,,,字下垰,アザシモタオ,,,0,0,0,0,0,0,1,1,1947-04-17,,0,,,,,,,,,,,,,,,,
342149,0034106,3,広島県,ヒロシマケン,Hiroshima,,,,安芸高田市,アキタカタシ,Akitakata-shi,,,,吉田町桂,ヨシダチョウカツラ,Yoshidacho Katsura,,,,字灰谷,アザハイダニ,,,0,0,0,0,0,0,1,1,1947-04-17,,0,,,,,,,,,,,,,,,,
342149,0034107,3,広島県,ヒロシマケン,Hiroshima,,,,安芸高田市,アキタカタシ,Akitakata-shi,,,,吉田町桂,ヨシダチョウカツラ,Yoshidacho Katsura,,,,字梶原,アザカジハラ,,,0,0,0,0,0,0,1,1,1947-04-17,,0,,,,,,,,,,,,,,,,
342149,0034108,3,広島県,ヒロシマケン,Hiroshima,,,,安芸高田市,アキタカタシ,Akitakata-shi,,,,吉田町桂,ヨシダチョウカツラ,Yoshidacho Katsura,,,,字観ノ目,アザカンノメ,,,0,0,0,0,0,0,1,1,1947-04-17,,0,,,,,,,,,,,,,,,,
342149,0034109,3,広島県,ヒロシマケン,Hiroshima,,,,安芸高田市,アキタカタシ,Akitakata-shi,,,,吉田町桂,ヨシダチョウカツラ,Yoshidacho Katsura,,,,字観音平,アザカンノンビラ,,,0,0,0,0,0,0,1,1,1947-04-17,,0,,,,,,,,,,,,,,,,
342149,0034110,3,広島県,ヒロシマケン,Hiroshima,,,,安芸高田市,アキタカタシ,Akitakata-shi,,,,吉田町桂,ヨシダチョウカツラ,Yoshidacho Katsura,,,,字寄ノ内,アザヨセノウチ,,,0,0,0,0,0,0,1,1,1947-04-17,,0,,,,,,,,,,,,,,,,
342149,0034111,3,広島県,ヒロシマケン,Hiroshima,,,,安芸高田市,アキタカタシ,Akitakata-shi,,,,吉田町桂,ヨシダチョウカツラ,Yoshidacho Katsura,,,,字久保沖,アザクボオキ,,,0,0,0,0,0,0,1,1,1947-04-17,,0,,,,,,,,,,,,,,,,
342149,0034112,3,広島県,ヒロシマケン,Hiroshima,,,,安芸高田市,アキタカタシ,Akitakata-shi,,,,吉田町桂,ヨシダチョウカツラ,Yoshidacho Katsura,,,,字宮ケ谷,アザミヤガタニ,,,0,0,0,0,0,0,1,1,1947-04-17,,0,,,,,,,,,,,,,,,,
342149,0034113,3,広島県,ヒロシマケン,Hiroshima,,,,安芸高田市,アキタカタシ,Akitakata-shi,,,,吉田町桂,ヨシダチョウカツラ,Yoshidacho Katsura,,,,字宮ノ下,アザミヤノシタ,,,0,0,0,0,0,0,1,1,1947-04-17,,0,,,,,,,,,,,,,,,,
342149,0034114,3,広島県,ヒロシマケン,Hiroshima,,,,安芸高田市,アキタカタシ,Akitakata-shi,,,,吉田町桂,ヨシダチョウカツラ,Yoshidacho Katsura,,,,字宮迫,アザミヤサコ,,,0,0,0,0,0,0,1,1,1947-04-17,,0,,,,,,,,,,,,,,,,
342149,0034115,3,広島県,ヒロシマケン,Hiroshima,,,,安芸高田市,アキタカタシ,Akitakata-shi,,,,吉田町桂,ヨシダチョウカツラ,Yoshidacho Katsura,,,,字宮本,アザミヤモト,,,0,0,0,0,0,0,1,1,1947-04-17,,0,,,,,,,,,,,,,,,,
342149,0034116,3,広島県,ヒロシマケン,Hiroshima,,,,安芸高田市,アキタカタシ,Akitakata-shi,,,,吉田町桂,ヨシダチョウカツラ,Yoshidacho Katsura,,,,字曲田,アザマガリダ,,,0,0,0,0,0,0,1,1,1947-04-17,,0,,,,,,,,,,,,,,,,
342149,0034117,3,広島県,ヒロシマケン,Hiroshima,,,,安芸高田市,アキタカタシ,Akitakata-shi,,,,吉田町桂,ヨシダチョウカツラ,Yoshidacho Katsura,,,,字銀杏木,アザイチヨウギ,,,0,0,0,0,0,0,1,1,1947-04-17,,0,,,,,,,,,,,,,,,,
342149,0034118,3,広島県,ヒロシマケン,Hiroshima,,,,安芸高田市,アキタカタシ,Akitakata-shi,,,,吉田町桂,ヨシダチョウカツラ,Yoshidacho Katsura,,,,字沓形,アザクツカタ,,,0,0,0,0,0,0,1,1,1947-04-17,,0,,,,,,,,,,,,,,,,
342149,0034119,3,広島県,ヒロシマケン,Hiroshima,,,,安芸高田市,アキタカタシ,Akitakata-shi,,,,吉田町桂,ヨシダチョウカツラ,Yoshidacho Katsura,,,,字献上面,アザケンジヨウメン,,,0,0,0,0,0,0,1,1,1947-04-17,,0,,,,,,,,,,,,,,,,
342149,0034120,3,広島県,ヒロシマケン,Hiroshima,,,,安芸高田市,アキタカタシ,Akitakata-shi,,,,吉田町桂,ヨシダチョウカツラ,Yoshidacho Katsura,,,,字原,アザハラ,,,0,0,0,0,0,0,1,1,1947-04-17,,0,,,,,,,,,,,,,,,,
342149,0034121,3,広島県,ヒロシマケン,Hiroshima,,,,安芸高田市,アキタカタシ,Akitakata-shi,,,,吉田町桂,ヨシダチョウカツラ,Yoshidacho Katsura,,,,字五ケ坪,アザゴガツボ,,,0,0,0,0,0,0,1,1,1947-04-17,,0,,,,,,,,,,,,,,,,
342149,0034122,3,広島県,ヒロシマケン,Hiroshima,,,,安芸高田市,アキタカタシ,Akitakata-shi,,,,吉田町桂,ヨシダチョウカツラ,Yoshidacho Katsura,,,,字五升代,アザゴシヨウダイ,,,0,0,0,0,0,0,1,1,1947-04-17,,0,,,,,,,,,,,,,,,,
342149,0034123,3,広島県,ヒロシマケン,Hiroshima,,,,安芸高田市,アキタカタシ,Akitakata-shi,,,,吉田町桂,ヨシダチョウカツラ,Yoshidacho Katsura,,,,字五升田,アザゴシヨウダ,,,0,0,0,0,0,0,1,1,1947-04-17,,0,,,,,,,,,,,,,,,,
342149,0034124,3,広島県,ヒロシマケン,Hiroshima,,,,安芸高田市,アキタカタシ,Akitakata-shi,,,,吉田町桂,ヨシダチョウカツラ,Yoshidacho Katsura,,,,字後平,アザウシロビラ,,,0,0,0,0,0,0,1,1,1947-04-17,,0,,,,,,,,,,,,,,,,
342149,0034125,3,広島県,ヒロシマケン,Hiroshima,,,,安芸高田市,アキタカタシ,Akitakata-shi,,,,吉田町桂,ヨシダチョウカツラ,Yoshidacho Katsura,,,,字行部峠,アザギヨウブダオ,,,0,0,0,0,0,0,1,1,1947-04-17,,0,,,,,,,,,,,,,,,,
342149,0034126,3,広島県,ヒロシマケン,Hiroshima,,,,安芸高田市,アキタカタシ,Akitakata-shi,,,,吉田町桂,ヨシダチョウカツラ,Yoshidacho Katsura,,,,字行辺,アザユクベ,,,0,0,0,0,0,0,1,1,1947-04-17,,0,,,,,,,,,,,,,,,,
342149,0034127,3,広島県,ヒロシマケン,Hiroshima,,,,安芸高田市,アキタカタシ,Akitakata-shi,,,,吉田町桂,ヨシダチョウカツラ,Yoshidacho Katsura,,,,字根武内,アザネブウチ,,,0,0,0,0,0,0,1,1,1947-04-17,,0,,,,,,,,,,,,,,,,
342149,0034128,3,広島県,ヒロシマケン,Hiroshima,,,,安芸高田市,アキタカタシ,Akitakata-shi,,,,吉田町桂,ヨシダチョウカツラ,Yoshidacho Katsura,,,,字砂堀,アザスナホリ,,,0,0,0,0,0,0,1,1,1947-04-17,,0,,,,,,,,,,,,,,,,
342149,0034129,3,広島県,ヒロシマケン,Hiroshima,,,,安芸高田市,アキタカタシ,Akitakata-shi,,,,吉田町桂,ヨシダチョウカツラ,Yoshidacho Katsura,,,,字山奥,アザヤマオク,,,0,0,0,0,0,0,1,1,1947-04-17,,0,,,,,,,,,,,,,,,,
342149,0034130,3,広島県,ヒロシマケン,Hiroshima,,,,安芸高田市,アキタカタシ,Akitakata-shi,,,,吉田町桂,ヨシダチョウカツラ,Yoshidacho Katsura,,,,字四ツ路,アザヨツジ,,,0,0,0,0,0,0,1,1,1947-04-17,,0,,,,,,,,,,,,,,,,
342149,0034131,3,広島県,ヒロシマケン,Hiroshima,,,,安芸高田市,アキタカタシ,Akitakata-shi,,,,吉田町桂,ヨシダチョウカツラ,Yoshidacho Katsura,,,,字寺田,アザテラダ,,,0,0,0,0,0,0,1,1,1947-04-17,,0,,,,,,,,,,,,,,,,
342149,0034132,3,広島県,ヒロシマケン,Hiroshima,,,,安芸高田市,アキタカタシ,Akitakata-shi,,,,吉田町桂,ヨシダチョウカツラ,Yoshidacho Katsura,,,,字女夫岩,アザメブイワ,,,0,0,0,0,0,0,1,1,1947-04-17,,0,,,,,,,,,,,,,,,,
342149,0034133,3,広島県,ヒロシマケン,Hiroshima,,,,安芸高田市,アキタカタシ,Akitakata-shi,,,,吉田町桂,ヨシダチョウカツラ,Yoshidacho Katsura,,,,字小路,アザシヨウジ,,,0,0,0,0,0,0,1,1,1947-04-17,,0,,,,,,,,,,,,,,,,
342149,0034134,3,広島県,ヒロシマケン,Hiroshima,,,,安芸高田市,アキタカタシ,Akitakata-shi,,,,吉田町桂,ヨシダチョウカツラ,Yoshidacho Katsura,,,,字松ノ木,アザマツノキ,,,0,0,0,0,0,0,1,1,1947-04-17,,0,,,,,,,,,,,,,,,,
342149,0034135,3,広島県,ヒロシマケン,Hiroshima,,,,安芸高田市,アキタカタシ,Akitakata-shi,,,,吉田町桂,ヨシダチョウカツラ,Yoshidacho Katsura,,,,字沼,アザヌマ,,,0,0,0,0,0,0,1,1,1947-04-17,,0,,,,,,,,,,,,,,,,
342149,0034136,3,広島県,ヒロシマケン,Hiroshima,,,,安芸高田市,アキタカタシ,Akitakata-shi,,,,吉田町桂,ヨシダチョウカツラ,Yoshidacho Katsura,,,,字上沼,アザカミヌマ,,,0,0,0,0,0,0,1,1,1947-04-17,,0,,,,,,,,,,,,,,,,
342149,0034137,3,広島県,ヒロシマケン,Hiroshima,,,,安芸高田市,アキタカタシ,Akitakata-shi,,,,吉田町桂,ヨシダチョウカツラ,Yoshidacho Katsura,,,,字上八通,アザカミハツトオリ,,,0,0,0,0,0,0,1,1,1947-04-17,,0,,,,,,,,,,,,,,,,
342149,0034138,3,広島県,ヒロシマケン,Hiroshima,,,,安芸高田市,アキタカタシ,Akitakata-shi,,,,吉田町桂,ヨシダチョウカツラ,Yoshidacho Katsura,,,,字尻面,アザシリメン,,,0,0,0,0,0,0,1,1,1947-04-17,,0,,,,,,,,,,,,,,,,
342149,0034139,3,広島県,ヒロシマケン,Hiroshima,,,,安芸高田市,アキタカタシ,Akitakata-shi,,,,吉田町桂,ヨシダチョウカツラ,Yoshidacho Katsura,,,,字杉迫,アザスギサコ,,,0,0,0,0,0,0,1,1,1947-04-17,,0,,,,,,,,,,,,,,,,
342149,0034140,3,広島県,ヒロシマケン,Hiroshima,,,,安芸高田市,アキタカタシ,Akitakata-shi,,,,吉田町桂,ヨシダチョウカツラ,Yoshidacho Katsura,,,,字星城平,アザホシジヨウビラ,,,0,0,0,0,0,0,1,1,1947-04-17,,0,,,,,,,,,,,,,,,,
342149,0034141,3,広島県,ヒロシマケン,Hiroshima,,,,安芸高田市,アキタカタシ,Akitakata-shi,,,,吉田町桂,ヨシダチョウカツラ,Yoshidacho Katsura,,,,字大見,アザオオミ,,,0,0,0,0,0,0,1,1,1947-04-17,,0,,,,,,,,,,,,,,,,
342149,0034142,3,広島県,ヒロシマケン,Hiroshima,,,,安芸高田市,アキタカタシ,Akitakata-shi,,,,吉田町桂,ヨシダチョウカツラ,Yoshidacho Katsura,,,,字大師,アザダイシ,,,0,0,0,0,0,0,1,1,1947-04-17,,0,,,,,,,,,,,,,,,,
342149,0034143,3,広島県,ヒロシマケン,Hiroshima,,,,安芸高田市,アキタカタシ,Akitakata-shi,,,,吉田町桂,ヨシダチョウカツラ,Yoshidacho Katsura,,,,字大東,アザオオヒガシ,,,0,0,0,0,0,0,1,1,1947-04-17,,0,,,,,,,,,,,,,,,,
342149,0034144,3,広島県,ヒロシマケン,Hiroshima,,,,安芸高田市,アキタカタシ,Akitakata-shi,,,,吉田町桂,ヨシダチョウカツラ,Yoshidacho Katsura,,,,字大番,アザオオバン,,,0,0,0,0,0,0,1,1,1947-04-17,,0,,,,,,,,,,,,,,,,
342149,0034145,3,広島県,ヒロシマケン,Hiroshima,,,,安芸高田市,アキタカタシ,Akitakata-shi,,,,吉田町桂,ヨシダチョウカツラ,Yoshidacho Katsura,,,,字竹ノ下,アザタケノシタ,,,0,0,0,0,0,0,1,1,1947-04-17,,0,,,,,,,,,,,,,,,,
342149,0034146,3,広島県,ヒロシマケン,Hiroshima,,,,安芸高田市,アキタカタシ,Akitakata-shi,,,,吉田町桂,ヨシダチョウカツラ,Yoshidacho Katsura,,,,字竹ノ鼻,アザタケノハナ,,,0,0,0,0,0,0,1,1,1947-04-17,,0,,,,,,,,,,,,,,,,
342149,0034147,3,広島県,ヒロシマケン,Hiroshima,,,,安芸高田市,アキタカタシ,Akitakata-shi,,,,吉田町桂,ヨシダチョウカツラ,Yoshidacho Katsura,,,,字中山後,アザナカヤマウシロ,,,0,0,0,0,0,0,1,1,1947-04-17,,0,,,,,,,,,,,,,,,,
342149,0034148,3,広島県,ヒロシマケン,Hiroshima,,,,安芸高田市,アキタカタシ,Akitakata-shi,,,,吉田町桂,ヨシダチョウカツラ,Yoshidacho Katsura,,,,字中山表平,アザナカヤマオモテビラ,,,0,0,0,0,0,0,1,1,1947-04-17,,0,,,,,,,,,,,,,,,,
342149,0034149,3,広島県,ヒロシマケン,Hiroshima,,,,安芸高田市,アキタカタシ,Akitakata-shi,,,,吉田町桂,ヨシダチョウカツラ,Yoshidacho Katsura,,,,字中束,アザナカツカ,,,0,0,0,0,0,0,1,1,1947-04-17,,0,,,,,,,,,,,,,,,,
342149,0034150,3,広島県,ヒロシマケン,Hiroshima,,,,安芸高田市,アキタカタシ,Akitakata-shi,,,,吉田町桂,ヨシダチョウカツラ,Yoshidacho Katsura,,,,字長神,アザナガカミ,,,0,0,0,0,0,0,1,1,1947-04-17,,0,,,,,,,,,,,,,,,,
342149,0034151,3,広島県,ヒロシマケン,Hiroshima,,,,安芸高田市,アキタカタシ,Akitakata-shi,,,,吉田町桂,ヨシダチョウカツラ,Yoshidacho Katsura,,,,字椎ノ木,アザシイノキ,,,0,0,0,0,0,0,1,1,1947-04-17,,0,,,,,,,,,,,,,,,,
342149,0034152,3,広島県,ヒロシマケン,Hiroshima,,,,安芸高田市,アキタカタシ,Akitakata-shi,,,,吉田町桂,ヨシダチョウカツラ,Yoshidacho Katsura,,,,字的場,アザマトバ,,,0,0,0,0,0,0,1,1,1947-04-17,,0,,,,,,,,,,,,,,,,
342149,0034153,3,広島県,ヒロシマケン,Hiroshima,,,,安芸高田市,アキタカタシ,Akitakata-shi,,,,吉田町桂,ヨシダチョウカツラ,Yoshidacho Katsura,,,,字藤ケ迫,アザフジガサコ,,,0,0,0,0,0,0,1,1,1947-04-17,,0,,,,,,,,,,,,,,,,
342149,0034154,3,広島県,ヒロシマケン,Hiroshima,,,,安芸高田市,アキタカタシ,Akitakata-shi,,,,吉田町桂,ヨシダチョウカツラ,Yoshidacho Katsura,,,,字堂ケ崎,アザドウガサキ,,,0,0,0,0,0,0,1,1,1947-04-17,,0,,,,,,,,,,,,,,,,
342149,0034155,3,広島県,ヒロシマケン,Hiroshima,,,,安芸高田市,アキタカタシ,Akitakata-shi,,,,吉田町桂,ヨシダチョウカツラ,Yoshidacho Katsura,,,,字堂木,アザドウキ,,,0,0,0,0,0,0,1,1,1947-04-17,,0,,,,,,,,,,,,,,,,
342149,0034156,3,広島県,ヒロシマケン,Hiroshima,,,,安芸高田市,アキタカタシ,Akitakata-shi,,,,吉田町桂,ヨシダチョウカツラ,Yoshidacho Katsura,,,,字畑原,アザハタハラ,,,0,0,0,0,0,0,1,1,1947-04-17,,0,,,,,,,,,,,,,,,,
342149,0034157,3,広島県,ヒロシマケン,Hiroshima,,,,安芸高田市,アキタカタシ,Akitakata-shi,,,,吉田町桂,ヨシダチョウカツラ,Yoshidacho Katsura,,,,字八反田,アザハツタンダ,,,0,0,0,0,0,0,1,1,1947-04-17,,0,,,,,,,,,,,,,,,,
342149,0034158,3,広島県,ヒロシマケン,Hiroshima,,,,安芸高田市,アキタカタシ,Akitakata-shi,,,,吉田町桂,ヨシダチョウカツラ,Yoshidacho Katsura,,,,字平,アザヒラ,,,0,0,0,0,0,0,1,1,1947-04-17,,0,,,,,,,,,,,,,,,,
342149,0034159,3,広島県,ヒロシマケン,Hiroshima,,,,安芸高田市,アキタカタシ,Akitakata-shi,,,,吉田町桂,ヨシダチョウカツラ,Yoshidacho Katsura,,,,字平椎ノ木,アザヒラシイノキ,,,0,0,0,0,0,0,1,1,1947-04-17,,0,,,,,,,,,,,,,,,,
342149,0034160,3,広島県,ヒロシマケン,Hiroshima,,,,安芸高田市,アキタカタシ,Akitakata-shi,,,,吉田町桂,ヨシダチョウカツラ,Yoshidacho Katsura,,,,字平田,アザヒラタ,,,0,0,0,0,0,0,1,1,1947-04-17,,0,,,,,,,,,,,,,,,,
342149,0034161,3,広島県,ヒロシマケン,Hiroshima,,,,安芸高田市,アキタカタシ,Akitakata-shi,,,,吉田町桂,ヨシダチョウカツラ,Yoshidacho Katsura,,,,字平面,アザヘイメン,,,0,0,0,0,0,0,1,1,1947-04-17,,0,,,,,,,,,,,,,,,,
342149,0034162,3,広島県,ヒロシマケン,Hiroshima,,,,安芸高田市,アキタカタシ,Akitakata-shi,,,,吉田町桂,ヨシダチョウカツラ,Yoshidacho Katsura,,,,字北ケ市,アザキタガイチ,,,0,0,0,0,0,0,1,1,1947-04-17,,0,,,,,,,,,,,,,,,,
342149,0034163,3,広島県,ヒロシマケン,Hiroshima,,,,安芸高田市,アキタカタシ,Akitakata-shi,,,,吉田町桂,ヨシダチョウカツラ,Yoshidacho Katsura,,,,字面地,アザオモテジ,,,0,0,0,0,0,0,1,1,1947-04-17,,0,,,,,,,,,,,,,,,,
342149,0034164,3,広島県,ヒロシマケン,Hiroshima,,,,安芸高田市,アキタカタシ,Akitakata-shi,,,,吉田町桂,ヨシダチョウカツラ,Yoshidacho Katsura,,,,字目早,アザメバヤ,,,0,0,0,0,0,0,1,1,1947-04-17,,0,,,,,,,,,,,,,,,,
342149,0034165,3,広島県,ヒロシマケン,Hiroshima,,,,安芸高田市,アキタカタシ,Akitakata-shi,,,,吉田町桂,ヨシダチョウカツラ,Yoshidacho Katsura,,,,字門ノ内,アザモンノウチ,,,0,0,0,0,0,0,1,1,1947-04-17,,0,,,,,,,,,,,,,,,,
342149,0034166,3,広島県,ヒロシマケン,Hiroshima,,,,安芸高田市,アキタカタシ,Akitakata-shi,,,,吉田町桂,ヨシダチョウカツラ,Yoshidacho Katsura,,,,字柳原,アザヤナギハラ,,,0,0,0,0,0,0,1,1,1947-04-17,,0,,,,,,,,,,,,,,,,
342149,0034167,3,広島県,ヒロシマケン,Hiroshima,,,,安芸高田市,アキタカタシ,Akitakata-shi,,,,吉田町桂,ヨシダチョウカツラ,Yoshidacho Katsura,,,,字垰,アザタオ,,,0,0,0,0,0,0,1,1,1947-04-17,,0,,,,,,,,,,,,,,,,
342149,0034168,3,広島県,ヒロシマケン,Hiroshima,,,,安芸高田市,アキタカタシ,Akitakata-shi,,,,吉田町桂,ヨシダチヨウカツラ,,,,,字樋掛,アザトイガケ,,,0,0,0,0,0,0,1,1,1970-01-01,,0,,,,,,,,,,,,,,,,
342149,0035000,1,広島県,ヒロシマケン,Hiroshima,,,,安芸高田市,アキタカタシ,Akitakata-shi,,,,吉田町上入江,ヨシダチョウカミイリエ,Yoshidacho Kamiirie,,,,,,,,0,0,0,0,0,0,1,1,1947-04-17,,0,7310532,,,,,,,,,,,,,,,
342149,0036000,1,広島県,ヒロシマケン,Hiroshima,,,,安芸高田市,アキタカタシ,Akitakata-shi,,,,吉田町川本,ヨシダチョウカワモト,Yoshidacho Kawamoto,,,,,,,,0,0,0,0,0,0,1,1,1947-04-17,,0,7310524,,,,,,,,,,,,,,,
342149,0037000,1,広島県,ヒロシマケン,Hiroshima,,,,安芸高田市,アキタカタシ,Akitakata-shi,,,,吉田町国司,ヨシダチョウクニシ,Yoshidacho Kunishi,,,,,,,,0,0,0,0,0,0,1,1,1947-04-17,,0,7310502,,,,,,,,,,,,,,,
342149,0038000,1,広島県,ヒロシマケン,Hiroshima,,,,安芸高田市,アキタカタシ,Akitakata-shi,,,,吉田町高野,ヨシダチョウコウヤ,Yoshidacho Koya,,,,,,,,0,0,0,0,0,0,1,1,1947-04-17,,0,7310535,,,,,,,,,,,,,,,
342149,0039000,1,広島県,ヒロシマケン,Hiroshima,,,,安芸高田市,アキタカタシ,Akitakata-shi,,,,吉田町下入江,ヨシダチョウシモイリエ,Yoshidacho Shimoirie,,,,,,,,0,0,0,0,0,0,1,1,1947-04-17,,0,7310531,,,,,,,,,,,,,,,
342149,0040000,1,広島県,ヒロシマケン,Hiroshima,,,,安芸高田市,アキタカタシ,Akitakata-shi,,,,吉田町常楽寺,ヨシダチョウジョウラクジ,Yoshidacho Jorakuji,,,,,,,,0,0,0,0,0,0,1,1,1947-04-17,,0,7310522,,,,,,,,,,,,,,,
342149,0041000,1,広島県,ヒロシマケン,Hiroshima,,,,安芸高田市,アキタカタシ,Akitakata-shi,,,,吉田町竹原,ヨシダチョウタケハラ,Yoshidacho Takehara,,,,,,,,0,0,0,0,0,0,1,1,1947-04-17,,0,7310511,,,,,,,,,,,,,,,
342149,0042000,1,広島県,ヒロシマケン,Hiroshima,,,,安芸高田市,アキタカタシ,Akitakata-shi,,,,吉田町多治比,ヨシダチョウタジヒ,Yoshidacho Tajihi,,,,,,,,0,0,0,0,0,0,1,1,1947-04-17,,0,7310544,,,,,,,,,,,,,,,
342149,0042101,3,広島県,ヒロシマケン,Hiroshima,,,,安芸高田市,アキタカタシ,Akitakata-shi,,,,吉田町多治比,ヨシダチョウタジヒ,Yoshidacho Tajihi,,,,字沖原,アザオキハラ,,,0,0,0,0,0,0,1,1,1947-04-17,,0,,,,,,,,,,,,,,,,
342149,0042102,3,広島県,ヒロシマケン,Hiroshima,,,,安芸高田市,アキタカタシ,Akitakata-shi,,,,吉田町多治比,ヨシダチョウタジヒ,Yoshidacho Tajihi,,,,字隠地,アザオンジ,,,0,0,0,0,0,0,1,1,1947-04-17,,0,,,,,,,,,,,,,,,,
342149,0042103,3,広島県,ヒロシマケン,Hiroshima,,,,安芸高田市,アキタカタシ,Akitakata-shi,,,,吉田町多治比,ヨシダチョウタジヒ,Yoshidacho Tajihi,,,,字烏帽子,アザエボシ,,,0,0,0,0,0,0,1,1,1947-04-17,,0,,,,,,,,,,,,,,,,
342149,0042104,3,広島県,ヒロシマケン,Hiroshima,,,,安芸高田市,アキタカタシ,Akitakata-shi,,,,吉田町多治比,ヨシダチョウタジヒ,Yoshidacho Tajihi,,,,字於手保,アザオテボ,,,0,0,0,0,0,0,1,1,1947-04-17,,0,,,,,,,,,,,,,,,,
342149,0042105,3,広島県,ヒロシマケン,Hiroshima,,,,安芸高田市,アキタカタシ,Akitakata-shi,,,,吉田町多治比,ヨシダチョウタジヒ,Yoshidacho Tajihi,,,,字花神,アザハナガミ,,,0,0,0,0,0,0,1,1,1947-04-17,,0,,,,,,,,,,,,,,,,
342149,0042106,3,広島県,ヒロシマケン,Hiroshima,,,,安芸高田市,アキタカタシ,Akitakata-shi,,,,吉田町多治比,ヨシダチョウタジヒ,Yoshidacho Tajihi,,,,字岩室,アザイワムロ,,,0,0,0,0,0,0,1,1,1947-04-17,,0,,,,,,,,,,,,,,,,
342149,0042107,3,広島県,ヒロシマケン,Hiroshima,,,,安芸高田市,アキタカタシ,Akitakata-shi,,,,吉田町多治比,ヨシダチョウタジヒ,Yoshidacho Tajihi,,,,字久々根,アザクグネ,,,0,0,0,0,0,0,1,1,1947-04-17,,0,,,,,,,,,,,,,,,,
342149,0042108,3,広島県,ヒロシマケン,Hiroshima,,,,安芸高田市,アキタカタシ,Akitakata-shi,,,,吉田町多治比,ヨシダチョウタジヒ,Yoshidacho Tajihi,,,,字久保,アザクボ,,,0,0,0,0,0,0,1,1,1947-04-17,,0,,,,,,,,,,,,,,,,
342149,0042109,3,広島県,ヒロシマケン,Hiroshima,,,,安芸高田市,アキタカタシ,Akitakata-shi,,,,吉田町多治比,ヨシダチョウタジヒ,Yoshidacho Tajihi,,,,字京免,アザキヨウメン,,,0,0,0,0,0,0,1,1,1947-04-17,,0,,,,,,,,,,,,,,,,
342149,0042110,3,広島県,ヒロシマケン,Hiroshima,,,,安芸高田市,アキタカタシ,Akitakata-shi,,,,吉田町多治比,ヨシダチョウタジヒ,Yoshidacho Tajihi,,,,字曲り,アザマガリ,,,0,0,0,0,0,0,1,1,1947-04-17,,0,,,,,,,,,,,,,,,,
342149,0042111,3,広島県,ヒロシマケン,Hiroshima,,,,安芸高田市,アキタカタシ,Akitakata-shi,,,,吉田町多治比,ヨシダチョウタジヒ,Yoshidacho Tajihi,,,,字見附,アザミツケ,,,0,0,0,0,0,0,1,1,1947-04-17,,0,,,,,,,,,,,,,,,,
342149,0042112,3,広島県,ヒロシマケン,Hiroshima,,,,安芸高田市,アキタカタシ,Akitakata-shi,,,,吉田町多治比,ヨシダチョウタジヒ,Yoshidacho Tajihi,,,,字向川原,アザムコウガワラ,,,0,0,0,0,0,0,1,1,1947-04-17,,0,,,,,,,,,,,,,,,,
342149,0042113,3,広島県,ヒロシマケン,Hiroshima,,,,安芸高田市,アキタカタシ,Akitakata-shi,,,,吉田町多治比,ヨシダチョウタジヒ,Yoshidacho Tajihi,,,,字甲田,アザコウダ,,,0,0,0,0,0,0,1,1,1947-04-17,,0,,,,,,,,,,,,,,,,
342149,0042114,3,広島県,ヒロシマケン,Hiroshima,,,,安芸高田市,アキタカタシ,Akitakata-shi,,,,吉田町多治比,ヨシダチョウタジヒ,Yoshidacho Tajihi,,,,字高猿,アザタカザル,,,0,0,0,0,0,0,1,1,1947-04-17,,0,,,,,,,,,,,,,,,,
342149,0042115,3,広島県,ヒロシマケン,Hiroshima,,,,安芸高田市,アキタカタシ,Akitakata-shi,,,,吉田町多治比,ヨシダチョウタジヒ,Yoshidacho Tajihi,,,,字四ツ山,アザヨツヤマ,,,0,0,0,0,0,0,1,1,1947-04-17,,0,,,,,,,,,,,,,,,,
342149,0042116,3,広島県,ヒロシマケン,Hiroshima,,,,安芸高田市,アキタカタシ,Akitakata-shi,,,,吉田町多治比,ヨシダチョウタジヒ,Yoshidacho Tajihi,,,,字市場,アザイチバ,,,0,0,0,0,0,0,1,1,1947-04-17,,0,,,,,,,,,,,,,,,,
342149,0042117,3,広島県,ヒロシマケン,Hiroshima,,,,安芸高田市,アキタカタシ,Akitakata-shi,,,,吉田町多治比,ヨシダチョウタジヒ,Yoshidacho Tajihi,,,,字室坂,アザムロサカ,,,0,0,0,0,0,0,1,1,1947-04-17,,0,,,,,,,,,,,,,,,,
342149,0042118,3,広島県,ヒロシマケン,Hiroshima,,,,安芸高田市,アキタカタシ,Akitakata-shi,,,,吉田町多治比,ヨシダチョウタジヒ,Yoshidacho Tajihi,,,,字助ケ垰,アザスケガタオ,,,0,0,0,0,0,0,1,1,1947-04-17,,0,,,,,,,,,,,,,,,,
342149,0042119,3,広島県,ヒロシマケン,Hiroshima,,,,安芸高田市,アキタカタシ,Akitakata-shi,,,,吉田町多治比,ヨシダチョウタジヒ,Yoshidacho Tajihi,,,,字瀬戸,アザセト,,,0,0,0,0,0,0,1,1,1947-04-17,,0,,,,,,,,,,,,,,,,
342149,0042120,3,広島県,ヒロシマケン,Hiroshima,,,,安芸高田市,アキタカタシ,Akitakata-shi,,,,吉田町多治比,ヨシダチョウタジヒ,Yoshidacho Tajihi,,,,字勢伊後,アザセイゴ,,,0,0,0,0,0,0,1,1,1947-04-17,,0,,,,,,,,,,,,,,,,
342149,0042121,3,広島県,ヒロシマケン,Hiroshima,,,,安芸高田市,アキタカタシ,Akitakata-shi,,,,吉田町多治比,ヨシダチョウタジヒ,Yoshidacho Tajihi,,,,字西滝谷山,アザニシタキダニヤマ,,,0,0,0,0,0,0,1,1,1947-04-17,,0,,,,,,,,,,,,,,,,
342149,0042122,3,広島県,ヒロシマケン,Hiroshima,,,,安芸高田市,アキタカタシ,Akitakata-shi,,,,吉田町多治比,ヨシダチョウタジヒ,Yoshidacho Tajihi,,,,字千川,アザセンガワ,,,0,0,0,0,0,0,1,1,1947-04-17,,0,,,,,,,,,,,,,,,,
342149,0042123,3,広島県,ヒロシマケン,Hiroshima,,,,安芸高田市,アキタカタシ,Akitakata-shi,,,,吉田町多治比,ヨシダチョウタジヒ,Yoshidacho Tajihi,,,,字川原,アザカワラ,,,0,0,0,0,0,0,1,1,1947-04-17,,0,,,,,,,,,,,,,,,,
342149,0042124,3,広島県,ヒロシマケン,Hiroshima,,,,安芸高田市,アキタカタシ,Akitakata-shi,,,,吉田町多治比,ヨシダチョウタジヒ,Yoshidacho Tajihi,,,,字大信,アザオオノブ,,,0,0,0,0,0,0,1,1,1947-04-17,,0,,,,,,,,,,,,,,,,
342149,0042125,3,広島県,ヒロシマケン,Hiroshima,,,,安芸高田市,アキタカタシ,Akitakata-shi,,,,吉田町多治比,ヨシダチョウタジヒ,Yoshidacho Tajihi,,,,字大谷,アザオオダニ,,,0,0,0,0,0,0,1,1,1947-04-17,,0,,,,,,,,,,,,,,,,
342149,0042126,3,広島県,ヒロシマケン,Hiroshima,,,,安芸高田市,アキタカタシ,Akitakata-shi,,,,吉田町多治比,ヨシダチョウタジヒ,Yoshidacho Tajihi,,,,字大池谷,アザオオイケダニ,,,0,0,0,0,0,0,1,1,1947-04-17,,0,,,,,,,,,,,,,,,,
342149,0042127,3,広島県,ヒロシマケン,Hiroshima,,,,安芸高田市,アキタカタシ,Akitakata-shi,,,,吉田町多治比,ヨシダチョウタジヒ,Yoshidacho Tajihi,,,,字大田屋,アザオオタヤ,,,0,0,0,0,0,0,1,1,1947-04-17,,0,,,,,,,,,,,,,,,,
342149,0042128,3,広島県,ヒロシマケン,Hiroshima,,,,安芸高田市,アキタカタシ,Akitakata-shi,,,,吉田町多治比,ヨシダチョウタジヒ,Yoshidacho Tajihi,,,,字大垰,アザオオタオ,,,0,0,0,0,0,0,1,1,1947-04-17,,0,,,,,,,,,,,,,,,,
342149,0042129,3,広島県,ヒロシマケン,Hiroshima,,,,安芸高田市,アキタカタシ,Akitakata-shi,,,,吉田町多治比,ヨシダチョウタジヒ,Yoshidacho Tajihi,,,,字滝谷,アザタキダニ,,,0,0,0,0,0,0,1,1,1947-04-17,,0,,,,,,,,,,,,,,,,
342149,0042130,3,広島県,ヒロシマケン,Hiroshima,,,,安芸高田市,アキタカタシ,Akitakata-shi,,,,吉田町多治比,ヨシダチョウタジヒ,Yoshidacho Tajihi,,,,字中原,アザナカハラ,,,0,0,0,0,0,0,1,1,1947-04-17,,0,,,,,,,,,,,,,,,,
342149,0042131,3,広島県,ヒロシマケン,Hiroshima,,,,安芸高田市,アキタカタシ,Akitakata-shi,,,,吉田町多治比,ヨシダチョウタジヒ,Yoshidacho Tajihi,,,,字柱立,アザハシラダテ,,,0,0,0,0,0,0,1,1,1947-04-17,,0,,,,,,,,,,,,,,,,
342149,0042132,3,広島県,ヒロシマケン,Hiroshima,,,,安芸高田市,アキタカタシ,Akitakata-shi,,,,吉田町多治比,ヨシダチョウタジヒ,Yoshidacho Tajihi,,,,字長後林,アザチヨウゴリン,,,0,0,0,0,0,0,1,1,1947-04-17,,0,,,,,,,,,,,,,,,,
342149,0042133,3,広島県,ヒロシマケン,Hiroshima,,,,安芸高田市,アキタカタシ,Akitakata-shi,,,,吉田町多治比,ヨシダチョウタジヒ,Yoshidacho Tajihi,,,,字長迫,アザナガサコ,,,0,0,0,0,0,0,1,1,1947-04-17,,0,,,,,,,,,,,,,,,,
342149,0042134,3,広島県,ヒロシマケン,Hiroshima,,,,安芸高田市,アキタカタシ,Akitakata-shi,,,,吉田町多治比,ヨシダチョウタジヒ,Yoshidacho Tajihi,,,,字津々羅,アザツヅラ,,,0,0,0,0,0,0,1,1,1947-04-17,,0,,,,,,,,,,,,,,,,
342149,0042135,3,広島県,ヒロシマケン,Hiroshima,,,,安芸高田市,アキタカタシ,Akitakata-shi,,,,吉田町多治比,ヨシダチョウタジヒ,Yoshidacho Tajihi,,,,字津々良,アザツヅラ,,,0,0,0,0,0,0,1,1,1947-04-17,,0,,,,,,,,,,,,,,,,
342149,0042136,3,広島県,ヒロシマケン,Hiroshima,,,,安芸高田市,アキタカタシ,Akitakata-shi,,,,吉田町多治比,ヨシダチョウタジヒ,Yoshidacho Tajihi,,,,字日南,アザヒナ,,,0,0,0,0,0,0,1,1,1947-04-17,,0,,,,,,,,,,,,,,,,
342149,0042137,3,広島県,ヒロシマケン,Hiroshima,,,,安芸高田市,アキタカタシ,Akitakata-shi,,,,吉田町多治比,ヨシダチョウタジヒ,Yoshidacho Tajihi,,,,字八幡原,アザヤハタバラ,,,0,0,0,0,0,0,1,1,1947-04-17,,0,,,,,,,,,,,,,,,,
342149,0042138,3,広島県,ヒロシマケン,Hiroshima,,,,安芸高田市,アキタカタシ,Akitakata-shi,,,,吉田町多治比,ヨシダチョウタジヒ,Yoshidacho Tajihi,,,,字武永,アザタケナガ,,,0,0,0,0,0,0,1,1,1947-04-17,,0,,,,,,,,,,,,,,,,
342149,0042139,3,広島県,ヒロシマケン,Hiroshima,,,,安芸高田市,アキタカタシ,Akitakata-shi,,,,吉田町多治比,ヨシダチョウタジヒ,Yoshidacho Tajihi,,,,字仏原,アザホトケバラ,,,0,0,0,0,0,0,1,1,1947-04-17,,0,,,,,,,,,,,,,,,,
342149,0042140,3,広島県,ヒロシマケン,Hiroshima,,,,安芸高田市,アキタカタシ,Akitakata-shi,,,,吉田町多治比,ヨシダチョウタジヒ,Yoshidacho Tajihi,,,,字本垰,アザホンタオ,,,0,0,0,0,0,0,1,1,1947-04-17,,0,,,,,,,,,,,,,,,,
342149,0042141,3,広島県,ヒロシマケン,Hiroshima,,,,安芸高田市,アキタカタシ,Akitakata-shi,,,,吉田町多治比,ヨシダチョウタジヒ,Yoshidacho Tajihi,,,,字門出,アザモンデ,,,0,0,0,0,0,0,1,1,1947-04-17,,0,,,,,,,,,,,,,,,,
342149,0043000,1,広島県,ヒロシマケン,Hiroshima,,,,安芸高田市,アキタカタシ,Akitakata-shi,,,,吉田町中馬,ヨシダチョウチュウマ,Yoshidacho Chuma,,,,,,,,0,0,0,0,0,0,1,0,1947-04-17,,0,7310525,,,,,,,,,,,,,,,
342149,0043101,3,広島県,ヒロシマケン,Hiroshima,,,,安芸高田市,アキタカタシ,Akitakata-shi,,,,吉田町中馬,ヨシダチョウチュウマ,Yoshidacho Chuma,,,,字地後安,アザジゴアン,,,0,0,0,0,0,0,1,1,1947-04-17,,0,,,,,,,,,,,,,,,,
342149,0043102,3,広島県,ヒロシマケン,Hiroshima,,,,安芸高田市,アキタカタシ,Akitakata-shi,,,,吉田町中馬,ヨシダチョウチュウマ,Yoshidacho Chuma,,,,字カワタ迫山,アザカワタサコヤマ,,,0,0,0,0,0,0,1,1,1947-04-17,,0,,,,,,,,,,,,,,,,
342149,0043103,3,広島県,ヒロシマケン,Hiroshima,,,,安芸高田市,アキタカタシ,Akitakata-shi,,,,吉田町中馬,ヨシダチョウチュウマ,Yoshidacho Chuma,,,,字一ツ町,アザヒトツマチ,,,0,0,0,0,0,0,1,1,1947-04-17,,0,,,,,,,,,,,,,,,,
342149,0043104,3,広島県,ヒロシマケン,Hiroshima,,,,安芸高田市,アキタカタシ,Akitakata-shi,,,,吉田町中馬,ヨシダチョウチュウマ,Yoshidacho Chuma,,,,字烏ケ尾,アザカラスガオ,,,0,0,0,0,0,0,1,1,1947-04-17,,0,,,,,,,,,,,,,,,,
342149,0043105,3,広島県,ヒロシマケン,Hiroshima,,,,安芸高田市,アキタカタシ,Akitakata-shi,,,,吉田町中馬,ヨシダチョウチュウマ,Yoshidacho Chuma,,,,字円明寺,アザエンミヨウジ,,,0,0,0,0,0,0,1,1,1947-04-17,,0,,,,,,,,,,,,,,,,
342149,0043106,3,広島県,ヒロシマケン,Hiroshima,,,,安芸高田市,アキタカタシ,Akitakata-shi,,,,吉田町中馬,ヨシダチョウチュウマ,Yoshidacho Chuma,,,,字屋敷田,アザヤシキダ,,,0,0,0,0,0,0,1,1,1947-04-17,,0,,,,,,,,,,,,,,,,
342149,0043107,3,広島県,ヒロシマケン,Hiroshima,,,,安芸高田市,アキタカタシ,Akitakata-shi,,,,吉田町中馬,ヨシダチョウチュウマ,Yoshidacho Chuma,,,,字下河内,アザシモゴウチ,,,0,0,0,0,0,0,1,1,1947-04-17,,0,,,,,,,,,,,,,,,,
342149,0043108,3,広島県,ヒロシマケン,Hiroshima,,,,安芸高田市,アキタカタシ,Akitakata-shi,,,,吉田町中馬,ヨシダチョウチュウマ,Yoshidacho Chuma,,,,字加金迫,アザカキンザコ,,,0,0,0,0,0,0,1,1,1947-04-17,,0,,,,,,,,,,,,,,,,
342149,0043109,3,広島県,ヒロシマケン,Hiroshima,,,,安芸高田市,アキタカタシ,Akitakata-shi,,,,吉田町中馬,ヨシダチョウチュウマ,Yoshidacho Chuma,,,,字角田,アザスミダ,,,0,0,0,0,0,0,1,1,1947-04-17,,0,,,,,,,,,,,,,,,,
342149,0043110,3,広島県,ヒロシマケン,Hiroshima,,,,安芸高田市,アキタカタシ,Akitakata-shi,,,,吉田町中馬,ヨシダチョウチュウマ,Yoshidacho Chuma,,,,字割谷,アザワリダニ,,,0,0,0,0,0,0,1,1,1947-04-17,,0,,,,,,,,,,,,,,,,
342149,0043111,3,広島県,ヒロシマケン,Hiroshima,,,,安芸高田市,アキタカタシ,Akitakata-shi,,,,吉田町中馬,ヨシダチョウチュウマ,Yoshidacho Chuma,,,,字干焼田,アザヒヤケダ,,,0,0,0,0,0,0,1,1,1947-04-17,,0,,,,,,,,,,,,,,,,
342149,0043112,3,広島県,ヒロシマケン,Hiroshima,,,,安芸高田市,アキタカタシ,Akitakata-shi,,,,吉田町中馬,ヨシダチョウチュウマ,Yoshidacho Chuma,,,,字吉ケ谷山,アザヨシガタニヤマ,,,0,0,0,0,0,0,1,1,1947-04-17,,0,,,,,,,,,,,,,,,,
342149,0043113,3,広島県,ヒロシマケン,Hiroshima,,,,安芸高田市,アキタカタシ,Akitakata-shi,,,,吉田町中馬,ヨシダチョウチュウマ,Yoshidacho Chuma,,,,字久保,アザクボ,,,0,0,0,0,0,0,1,1,1947-04-17,,0,,,,,,,,,,,,,,,,
342149,0043114,3,広島県,ヒロシマケン,Hiroshima,,,,安芸高田市,アキタカタシ,Akitakata-shi,,,,吉田町中馬,ヨシダチョウチュウマ,Yoshidacho Chuma,,,,字久保山,アザクボヤマ,,,0,0,0,0,0,0,1,1,1947-04-17,,0,,,,,,,,,,,,,,,,
342149,0043115,3,広島県,ヒロシマケン,Hiroshima,,,,安芸高田市,アキタカタシ,Akitakata-shi,,,,吉田町中馬,ヨシダチョウチュウマ,Yoshidacho Chuma,,,,字宮前,アザミヤマエ,,,0,0,0,0,0,0,1,1,1947-04-17,,0,,,,,,,,,,,,,,,,
342149,0043116,3,広島県,ヒロシマケン,Hiroshima,,,,安芸高田市,アキタカタシ,Akitakata-shi,,,,吉田町中馬,ヨシダチョウチュウマ,Yoshidacho Chuma,,,,字宮木垰,アザミヤキダオ,,,0,0,0,0,0,0,1,1,1947-04-17,,0,,,,,,,,,,,,,,,,
342149,0043117,3,広島県,ヒロシマケン,Hiroshima,,,,安芸高田市,アキタカタシ,Akitakata-shi,,,,吉田町中馬,ヨシダチョウチュウマ,Yoshidacho Chuma,,,,字金広山,アザカネヒロヤマ,,,0,0,0,0,0,0,1,1,1947-04-17,,0,,,,,,,,,,,,,,,,
342149,0043118,3,広島県,ヒロシマケン,Hiroshima,,,,安芸高田市,アキタカタシ,Akitakata-shi,,,,吉田町中馬,ヨシダチョウチュウマ,Yoshidacho Chuma,,,,字景田,アザカゲタ,,,0,0,0,0,0,0,1,1,1947-04-17,,0,,,,,,,,,,,,,,,,
342149,0043119,3,広島県,ヒロシマケン,Hiroshima,,,,安芸高田市,アキタカタシ,Akitakata-shi,,,,吉田町中馬,ヨシダチョウチュウマ,Yoshidacho Chuma,,,,字兼広,アザカネヒロ,,,0,0,0,0,0,0,1,1,1947-04-17,,0,,,,,,,,,,,,,,,,
342149,0043120,3,広島県,ヒロシマケン,Hiroshima,,,,安芸高田市,アキタカタシ,Akitakata-shi,,,,吉田町中馬,ヨシダチョウチュウマ,Yoshidacho Chuma,,,,字犬岩山,アザイヌイワヤマ,,,0,0,0,0,0,0,1,1,1947-04-17,,0,,,,,,,,,,,,,,,,
342149,0043121,3,広島県,ヒロシマケン,Hiroshima,,,,安芸高田市,アキタカタシ,Akitakata-shi,,,,吉田町中馬,ヨシダチョウチュウマ,Yoshidacho Chuma,,,,字見坂前,アザミサカマエ,,,0,0,0,0,0,0,1,1,1947-04-17,,0,,,,,,,,,,,,,,,,
342149,0043122,3,広島県,ヒロシマケン,Hiroshima,,,,安芸高田市,アキタカタシ,Akitakata-shi,,,,吉田町中馬,ヨシダチョウチュウマ,Yoshidacho Chuma,,,,字見之越,アザミノコシ,,,0,0,0,0,0,0,1,1,1947-04-17,,0,,,,,,,,,,,,,,,,
342149,0043123,3,広島県,ヒロシマケン,Hiroshima,,,,安芸高田市,アキタカタシ,Akitakata-shi,,,,吉田町中馬,ヨシダチョウチュウマ,Yoshidacho Chuma,,,,字見能,アザミノウ,,,0,0,0,0,0,0,1,1,1947-04-17,,0,,,,,,,,,,,,,,,,
342149,0043124,3,広島県,ヒロシマケン,Hiroshima,,,,安芸高田市,アキタカタシ,Akitakata-shi,,,,吉田町中馬,ヨシダチョウチュウマ,Yoshidacho Chuma,,,,字古土居,アザフルドイ,,,0,0,0,0,0,0,1,1,1947-04-17,,0,,,,,,,,,,,,,,,,
342149,0043125,3,広島県,ヒロシマケン,Hiroshima,,,,安芸高田市,アキタカタシ,Akitakata-shi,,,,吉田町中馬,ヨシダチョウチュウマ,Yoshidacho Chuma,,,,字五平田,アザゴヘイダ,,,0,0,0,0,0,0,1,1,1947-04-17,,0,,,,,,,,,,,,,,,,
342149,0043126,3,広島県,ヒロシマケン,Hiroshima,,,,安芸高田市,アキタカタシ,Akitakata-shi,,,,吉田町中馬,ヨシダチョウチュウマ,Yoshidacho Chuma,,,,字向田,アザムカイダ,,,0,0,0,0,0,0,1,1,1947-04-17,,0,,,,,,,,,,,,,,,,
342149,0043127,3,広島県,ヒロシマケン,Hiroshima,,,,安芸高田市,アキタカタシ,Akitakata-shi,,,,吉田町中馬,ヨシダチョウチュウマ,Yoshidacho Chuma,,,,字甲内コザヤ山,アザコウチコザヤヤマ,,,0,0,0,0,0,0,1,1,1947-04-17,,0,,,,,,,,,,,,,,,,
342149,0043128,3,広島県,ヒロシマケン,Hiroshima,,,,安芸高田市,アキタカタシ,Akitakata-shi,,,,吉田町中馬,ヨシダチョウチュウマ,Yoshidacho Chuma,,,,字甲内見坂山,アザコウチミサカヤマ,,,0,0,0,0,0,0,1,1,1947-04-17,,0,,,,,,,,,,,,,,,,
342149,0043129,3,広島県,ヒロシマケン,Hiroshima,,,,安芸高田市,アキタカタシ,Akitakata-shi,,,,吉田町中馬,ヨシダチョウチュウマ,Yoshidacho Chuma,,,,字甲内高楽山,アザコウチコウラクヤマ,,,0,0,0,0,0,0,1,1,1947-04-17,,0,,,,,,,,,,,,,,,,
342149,0043130,3,広島県,ヒロシマケン,Hiroshima,,,,安芸高田市,アキタカタシ,Akitakata-shi,,,,吉田町中馬,ヨシダチョウチュウマ,Yoshidacho Chuma,,,,字甲内上垰,アザコウチカミガタオ,,,0,0,0,0,0,0,1,1,1947-04-17,,0,,,,,,,,,,,,,,,,
342149,0043131,3,広島県,ヒロシマケン,Hiroshima,,,,安芸高田市,アキタカタシ,Akitakata-shi,,,,吉田町中馬,ヨシダチョウチュウマ,Yoshidacho Chuma,,,,字甲内狼岩,アザコウチオオカミイワ,,,0,0,0,0,0,0,1,1,1947-04-17,,0,,,,,,,,,,,,,,,,
342149,0043132,3,広島県,ヒロシマケン,Hiroshima,,,,安芸高田市,アキタカタシ,Akitakata-shi,,,,吉田町中馬,ヨシダチョウチュウマ,Yoshidacho Chuma,,,,字高谷,アザタカタニ,,,0,0,0,0,0,0,1,1,1947-04-17,,0,,,,,,,,,,,,,,,,
342149,0043133,3,広島県,ヒロシマケン,Hiroshima,,,,安芸高田市,アキタカタシ,Akitakata-shi,,,,吉田町中馬,ヨシダチョウチュウマ,Yoshidacho Chuma,,,,字山崎山,アザヤマサキヤマ,,,0,0,0,0,0,0,1,1,1947-04-17,,0,,,,,,,,,,,,,,,,
342149,0043134,3,広島県,ヒロシマケン,Hiroshima,,,,安芸高田市,アキタカタシ,Akitakata-shi,,,,吉田町中馬,ヨシダチョウチュウマ,Yoshidacho Chuma,,,,字時貞,アザトキサダ,,,0,0,0,0,0,0,1,1,1947-04-17,,0,,,,,,,,,,,,,,,,
342149,0043135,3,広島県,ヒロシマケン,Hiroshima,,,,安芸高田市,アキタカタシ,Akitakata-shi,,,,吉田町中馬,ヨシダチョウチュウマ,Yoshidacho Chuma,,,,字宗政,アザムネマサ,,,0,0,0,0,0,0,1,1,1947-04-17,,0,,,,,,,,,,,,,,,,
342149,0043136,3,広島県,ヒロシマケン,Hiroshima,,,,安芸高田市,アキタカタシ,Akitakata-shi,,,,吉田町中馬,ヨシダチョウチュウマ,Yoshidacho Chuma,,,,字秋元,アザアキモト,,,0,0,0,0,0,0,1,1,1947-04-17,,0,,,,,,,,,,,,,,,,
342149,0043137,3,広島県,ヒロシマケン,Hiroshima,,,,安芸高田市,アキタカタシ,Akitakata-shi,,,,吉田町中馬,ヨシダチョウチュウマ,Yoshidacho Chuma,,,,字秋本,アザアキモト,,,0,0,0,0,0,0,1,1,1947-04-17,,0,,,,,,,,,,,,,,,,
342149,0043138,3,広島県,ヒロシマケン,Hiroshima,,,,安芸高田市,アキタカタシ,Akitakata-shi,,,,吉田町中馬,ヨシダチョウチュウマ,Yoshidacho Chuma,,,,字小迫山,アザコサコヤマ,,,0,0,0,0,0,0,1,1,1947-04-17,,0,,,,,,,,,,,,,,,,
342149,0043139,3,広島県,ヒロシマケン,Hiroshima,,,,安芸高田市,アキタカタシ,Akitakata-shi,,,,吉田町中馬,ヨシダチョウチュウマ,Yoshidacho Chuma,,,,字上河内,アザカミゴウチ,,,0,0,0,0,0,0,1,1,1947-04-17,,0,,,,,,,,,,,,,,,,
342149,0043140,3,広島県,ヒロシマケン,Hiroshima,,,,安芸高田市,アキタカタシ,Akitakata-shi,,,,吉田町中馬,ヨシダチョウチュウマ,Yoshidacho Chuma,,,,字場々円明地山,アザババエンミヨウジヤマ,,,0,0,0,0,0,0,1,1,1947-04-17,,0,,,,,,,,,,,,,,,,
342149,0043141,3,広島県,ヒロシマケン,Hiroshima,,,,安芸高田市,アキタカタシ,Akitakata-shi,,,,吉田町中馬,ヨシダチョウチュウマ,Yoshidacho Chuma,,,,字場々山,アザババヤマ,,,0,0,0,0,0,0,1,1,1947-04-17,,0,,,,,,,,,,,,,,,,
342149,0043142,3,広島県,ヒロシマケン,Hiroshima,,,,安芸高田市,アキタカタシ,Akitakata-shi,,,,吉田町中馬,ヨシダチョウチュウマ,Yoshidacho Chuma,,,,字森屋,アザモリヤ,,,0,0,0,0,0,0,1,1,1947-04-17,,0,,,,,,,,,,,,,,,,
342149,0043143,3,広島県,ヒロシマケン,Hiroshima,,,,安芸高田市,アキタカタシ,Akitakata-shi,,,,吉田町中馬,ヨシダチョウチュウマ,Yoshidacho Chuma,,,,字森実,アザモリザネ,,,0,0,0,0,0,0,1,1,1947-04-17,,0,,,,,,,,,,,,,,,,
342149,0043144,3,広島県,ヒロシマケン,Hiroshima,,,,安芸高田市,アキタカタシ,Akitakata-shi,,,,吉田町中馬,ヨシダチョウチュウマ,Yoshidacho Chuma,,,,字森実山,アザモリザネヤマ,,,0,0,0,0,0,0,1,1,1947-04-17,,0,,,,,,,,,,,,,,,,
342149,0043145,3,広島県,ヒロシマケン,Hiroshima,,,,安芸高田市,アキタカタシ,Akitakata-shi,,,,吉田町中馬,ヨシダチョウチュウマ,Yoshidacho Chuma,,,,字神田,アザカンダ,,,0,0,0,0,0,0,1,1,1947-04-17,,0,,,,,,,,,,,,,,,,
342149,0043146,3,広島県,ヒロシマケン,Hiroshima,,,,安芸高田市,アキタカタシ,Akitakata-shi,,,,吉田町中馬,ヨシダチョウチュウマ,Yoshidacho Chuma,,,,字水越マナダ山,アザミズコシマナダヤマ,,,0,0,0,0,0,0,1,1,1947-04-17,,0,,,,,,,,,,,,,,,,
342149,0043147,3,広島県,ヒロシマケン,Hiroshima,,,,安芸高田市,アキタカタシ,Akitakata-shi,,,,吉田町中馬,ヨシダチョウチュウマ,Yoshidacho Chuma,,,,字水越山,アザミズコシヤマ,,,0,0,0,0,0,0,1,1,1947-04-17,,0,,,,,,,,,,,,,,,,
342149,0043148,3,広島県,ヒロシマケン,Hiroshima,,,,安芸高田市,アキタカタシ,Akitakata-shi,,,,吉田町中馬,ヨシダチョウチュウマ,Yoshidacho Chuma,,,,字水越前,アザミズコシマエ,,,0,0,0,0,0,0,1,1,1947-04-17,,0,,,,,,,,,,,,,,,,
342149,0043149,3,広島県,ヒロシマケン,Hiroshima,,,,安芸高田市,アキタカタシ,Akitakata-shi,,,,吉田町中馬,ヨシダチョウチュウマ,Yoshidacho Chuma,,,,字石ケ坪,アザイシガツボ,,,0,0,0,0,0,0,1,1,1947-04-17,,0,,,,,,,,,,,,,,,,
342149,0043150,3,広島県,ヒロシマケン,Hiroshima,,,,安芸高田市,アキタカタシ,Akitakata-shi,,,,吉田町中馬,ヨシダチョウチュウマ,Yoshidacho Chuma,,,,字石田,アザコクダ,,,0,0,0,0,0,0,1,1,1947-04-17,,0,,,,,,,,,,,,,,,,
342149,0043151,3,広島県,ヒロシマケン,Hiroshima,,,,安芸高田市,アキタカタシ,Akitakata-shi,,,,吉田町中馬,ヨシダチョウチュウマ,Yoshidacho Chuma,,,,字石仏,アザイシボトケ,,,0,0,0,0,0,0,1,1,1947-04-17,,0,,,,,,,,,,,,,,,,
342149,0043152,3,広島県,ヒロシマケン,Hiroshima,,,,安芸高田市,アキタカタシ,Akitakata-shi,,,,吉田町中馬,ヨシダチョウチュウマ,Yoshidacho Chuma,,,,字川角,アザカワスミ,,,0,0,0,0,0,0,1,1,1947-04-17,,0,,,,,,,,,,,,,,,,
342149,0043153,3,広島県,ヒロシマケン,Hiroshima,,,,安芸高田市,アキタカタシ,Akitakata-shi,,,,吉田町中馬,ヨシダチョウチュウマ,Yoshidacho Chuma,,,,字川内吉ケ谷,アザカワウチヨシガダニ,,,0,0,0,0,0,0,1,1,1947-04-17,,0,,,,,,,,,,,,,,,,
342149,0043154,3,広島県,ヒロシマケン,Hiroshima,,,,安芸高田市,アキタカタシ,Akitakata-shi,,,,吉田町中馬,ヨシダチョウチュウマ,Yoshidacho Chuma,,,,字則頭,アザノリトウ,,,0,0,0,0,0,0,1,1,1947-04-17,,0,,,,,,,,,,,,,,,,
342149,0043155,3,広島県,ヒロシマケン,Hiroshima,,,,安芸高田市,アキタカタシ,Akitakata-shi,,,,吉田町中馬,ヨシダチョウチュウマ,Yoshidacho Chuma,,,,字太刀洗場,アザタチアライバ,,,0,0,0,0,0,0,1,1,1947-04-17,,0,,,,,,,,,,,,,,,,
342149,0043156,3,広島県,ヒロシマケン,Hiroshima,,,,安芸高田市,アキタカタシ,Akitakata-shi,,,,吉田町中馬,ヨシダチョウチュウマ,Yoshidacho Chuma,,,,字大前山,アザオオマエヤマ,,,0,0,0,0,0,0,1,1,1947-04-17,,0,,,,,,,,,,,,,,,,
342149,0043157,3,広島県,ヒロシマケン,Hiroshima,,,,安芸高田市,アキタカタシ,Akitakata-shi,,,,吉田町中馬,ヨシダチョウチュウマ,Yoshidacho Chuma,,,,字中河内,アザナカゴウチ,,,0,0,0,0,0,0,1,1,1947-04-17,,0,,,,,,,,,,,,,,,,
342149,0043158,3,広島県,ヒロシマケン,Hiroshima,,,,安芸高田市,アキタカタシ,Akitakata-shi,,,,吉田町中馬,ヨシダチョウチュウマ,Yoshidacho Chuma,,,,字長者原,アザチヨウジヤバラ,,,0,0,0,0,0,0,1,1,1947-04-17,,0,,,,,,,,,,,,,,,,
342149,0043159,3,広島県,ヒロシマケン,Hiroshima,,,,安芸高田市,アキタカタシ,Akitakata-shi,,,,吉田町中馬,ヨシダチョウチュウマ,Yoshidacho Chuma,,,,字長者原山,アザチヨウジヤバラヤマ,,,0,0,0,0,0,0,1,1,1947-04-17,,0,,,,,,,,,,,,,,,,
342149,0043160,3,広島県,ヒロシマケン,Hiroshima,,,,安芸高田市,アキタカタシ,Akitakata-shi,,,,吉田町中馬,ヨシダチョウチュウマ,Yoshidacho Chuma,,,,字長谷山,アザナガタニヤマ,,,0,0,0,0,0,0,1,1,1947-04-17,,0,,,,,,,,,,,,,,,,
342149,0043161,3,広島県,ヒロシマケン,Hiroshima,,,,安芸高田市,アキタカタシ,Akitakata-shi,,,,吉田町中馬,ヨシダチョウチュウマ,Yoshidacho Chuma,,,,字貞宗,アザサダムネ,,,0,0,0,0,0,0,1,1,1947-04-17,,0,,,,,,,,,,,,,,,,
342149,0043162,3,広島県,ヒロシマケン,Hiroshima,,,,安芸高田市,アキタカタシ,Akitakata-shi,,,,吉田町中馬,ヨシダチョウチュウマ,Yoshidacho Chuma,,,,字土居田,アザドイダ,,,0,0,0,0,0,0,1,1,1947-04-17,,0,,,,,,,,,,,,,,,,
342149,0043163,3,広島県,ヒロシマケン,Hiroshima,,,,安芸高田市,アキタカタシ,Akitakata-shi,,,,吉田町中馬,ヨシダチョウチュウマ,Yoshidacho Chuma,,,,字堂庭,アザドウニワ,,,0,0,0,0,0,0,1,1,1947-04-17,,0,,,,,,,,,,,,,,,,
342149,0043164,3,広島県,ヒロシマケン,Hiroshima,,,,安芸高田市,アキタカタシ,Akitakata-shi,,,,吉田町中馬,ヨシダチョウチュウマ,Yoshidacho Chuma,,,,字道面,アザドウメン,,,0,0,0,0,0,0,1,1,1947-04-17,,0,,,,,,,,,,,,,,,,
342149,0043165,3,広島県,ヒロシマケン,Hiroshima,,,,安芸高田市,アキタカタシ,Akitakata-shi,,,,吉田町中馬,ヨシダチョウチュウマ,Yoshidacho Chuma,,,,字二井屋山,アザニイヤヤマ,,,0,0,0,0,0,0,1,1,1947-04-17,,0,,,,,,,,,,,,,,,,
342149,0043166,3,広島県,ヒロシマケン,Hiroshima,,,,安芸高田市,アキタカタシ,Akitakata-shi,,,,吉田町中馬,ヨシダチョウチュウマ,Yoshidacho Chuma,,,,字日南為,アザヒナタメ,,,0,0,0,0,0,0,1,1,1947-04-17,,0,,,,,,,,,,,,,,,,
342149,0043167,3,広島県,ヒロシマケン,Hiroshima,,,,安芸高田市,アキタカタシ,Akitakata-shi,,,,吉田町中馬,ヨシダチョウチュウマ,Yoshidacho Chuma,,,,字八ツ塚,アザヤツヅカ,,,0,0,0,0,0,0,1,1,1947-04-17,,0,,,,,,,,,,,,,,,,
342149,0043168,3,広島県,ヒロシマケン,Hiroshima,,,,安芸高田市,アキタカタシ,Akitakata-shi,,,,吉田町中馬,ヨシダチョウチュウマ,Yoshidacho Chuma,,,,字美能平,アザミノウビラ,,,0,0,0,0,0,0,1,1,1947-04-17,,0,,,,,,,,,,,,,,,,
342149,0043169,3,広島県,ヒロシマケン,Hiroshima,,,,安芸高田市,アキタカタシ,Akitakata-shi,,,,吉田町中馬,ヨシダチョウチュウマ,Yoshidacho Chuma,,,,字平岩,アザヒライワ,,,0,0,0,0,0,0,1,1,1947-04-17,,0,,,,,,,,,,,,,,,,
342149,0043170,3,広島県,ヒロシマケン,Hiroshima,,,,安芸高田市,アキタカタシ,Akitakata-shi,,,,吉田町中馬,ヨシダチョウチュウマ,Yoshidacho Chuma,,,,字平岩山,アザヒライワヤマ,,,0,0,0,0,0,0,1,1,1947-04-17,,0,,,,,,,,,,,,,,,,
342149,0043171,3,広島県,ヒロシマケン,Hiroshima,,,,安芸高田市,アキタカタシ,Akitakata-shi,,,,吉田町中馬,ヨシダチョウチュウマ,Yoshidacho Chuma,,,,字末久,アザスエヒサ,,,0,0,0,0,0,0,1,1,1947-04-17,,0,,,,,,,,,,,,,,,,
342149,0043172,3,広島県,ヒロシマケン,Hiroshima,,,,安芸高田市,アキタカタシ,Akitakata-shi,,,,吉田町中馬,ヨシダチョウチュウマ,Yoshidacho Chuma,,,,字末久山,アザスエヒサヤマ,,,0,0,0,0,0,0,1,1,1947-04-17,,0,,,,,,,,,,,,,,,,
342149,0043173,3,広島県,ヒロシマケン,Hiroshima,,,,安芸高田市,アキタカタシ,Akitakata-shi,,,,吉田町中馬,ヨシダチョウチュウマ,Yoshidacho Chuma,,,,字末光山,アザスエミツヤマ,,,0,0,0,0,0,0,1,1,1947-04-17,,0,,,,,,,,,,,,,,,,
342149,0043174,3,広島県,ヒロシマケン,Hiroshima,,,,安芸高田市,アキタカタシ,Akitakata-shi,,,,吉田町中馬,ヨシダチョウチュウマ,Yoshidacho Chuma,,,,字末光迫,アザスエミツザコ,,,0,0,0,0,0,0,1,1,1947-04-17,,0,,,,,,,,,,,,,,,,
342149,0043175,3,広島県,ヒロシマケン,Hiroshima,,,,安芸高田市,アキタカタシ,Akitakata-shi,,,,吉田町中馬,ヨシダチョウチュウマ,Yoshidacho Chuma,,,,字明官地,アザミヨウカンジ,,,0,0,0,0,0,0,1,1,1947-04-17,,0,,,,,,,,,,,,,,,,
342149,0043176,3,広島県,ヒロシマケン,Hiroshima,,,,安芸高田市,アキタカタシ,Akitakata-shi,,,,吉田町中馬,ヨシダチョウチュウマ,Yoshidacho Chuma,,,,字木船,アザキフネ,,,0,0,0,0,0,0,1,1,1947-04-17,,0,,,,,,,,,,,,,,,,
342149,0043177,3,広島県,ヒロシマケン,Hiroshima,,,,安芸高田市,アキタカタシ,Akitakata-shi,,,,吉田町中馬,ヨシダチョウチュウマ,Yoshidacho Chuma,,,,字矢賀迫,アザヤガサコ,,,0,0,0,0,0,0,1,1,1947-04-17,,0,,,,,,,,,,,,,,,,
342149,0043178,3,広島県,ヒロシマケン,Hiroshima,,,,安芸高田市,アキタカタシ,Akitakata-shi,,,,吉田町中馬,ヨシダチョウチュウマ,Yoshidacho Chuma,,,,字薬師,アザヤクシ,,,0,0,0,0,0,0,1,1,1947-04-17,,0,,,,,,,,,,,,,,,,
342149,0043179,3,広島県,ヒロシマケン,Hiroshima,,,,安芸高田市,アキタカタシ,Akitakata-shi,,,,吉田町中馬,ヨシダチョウチュウマ,Yoshidacho Chuma,,,,字柳ケ坪,アザヤナガツボ,,,0,0,0,0,0,0,1,1,1947-04-17,,0,,,,,,,,,,,,,,,,
342149,0043180,3,広島県,ヒロシマケン,Hiroshima,,,,安芸高田市,アキタカタシ,Akitakata-shi,,,,吉田町中馬,ヨシダチョウチュウマ,Yoshidacho Chuma,,,,字垰田,アザタオダ,,,0,0,0,0,0,0,1,1,1947-04-17,,0,,,,,,,,,,,,,,,,
342149,0043181,3,広島県,ヒロシマケン,Hiroshima,,,,安芸高田市,アキタカタシ,Akitakata-shi,,,,吉田町中馬,ヨシダチョウチュウマ,Yoshidacho Chuma,,,,字澤田,アザサワダ,,,0,0,0,0,0,0,1,1,1947-04-17,,0,,,,,,,,,,,,,,,,
342149,0044000,1,広島県,ヒロシマケン,Hiroshima,,,,安芸高田市,アキタカタシ,Akitakata-shi,,,,吉田町常友,ヨシダチョウツネトモ,Yoshidacho Tsunetomo,,,,,,,,0,0,0,0,0,0,1,1,1947-04-17,,0,7310521,,,,,,,,,,,,,,,
342149,0045000,1,広島県,ヒロシマケン,Hiroshima,,,,安芸高田市,アキタカタシ,Akitakata-shi,,,,吉田町長屋,ヨシダチョウナガヤ,Yoshidacho Nagaya,,,,,,,,0,0,0,0,0,0,1,1,1947-04-17,,0,7310533,,,,,,,,,,,,,,,
342149,0046000,1,広島県,ヒロシマケン,Hiroshima,,,,安芸高田市,アキタカタシ,Akitakata-shi,,,,吉田町西浦,ヨシダチョウニシウラ,Yoshidacho Nishiura,,,,,,,,0,0,0,0,0,0,1,1,1947-04-17,,0,7310543,,,,,,,,,,,,,,,
342149,0047000,1,広島県,ヒロシマケン,Hiroshima,,,,安芸高田市,アキタカタシ,Akitakata-shi,,,,吉田町福原,ヨシダチョウフクバラ,Yoshidacho Fukubara,,,,,,,,0,0,0,0,0,0,1,1,1947-04-17,,0,7310513,,,,,,,,,,,,,,,
342149,0048000,1,広島県,ヒロシマケン,Hiroshima,,,,安芸高田市,アキタカタシ,Akitakata-shi,,,,吉田町山手,ヨシダチョウヤマテ,Yoshidacho Yamate,,,,,,,,0,0,0,0,0,0,1,1,1947-04-17,,0,7310523,,,,,,,,,,,,,,,
342149,0049000,1,広島県,ヒロシマケン,Hiroshima,,,,安芸高田市,アキタカタシ,Akitakata-shi,,,,吉田町山部,ヨシダチョウヤンベ,Yoshidacho Yambe,,,,,,,,0,0,0,0,0,0,1,1,1947-04-17,,0,7310541,,,,,,,,,,,,,,,
342149,0050000,1,広島県,ヒロシマケン,Hiroshima,,,,安芸高田市,アキタカタシ,Akitakata-shi,,,,吉田町吉田,ヨシダチョウヨシダ,Yoshidacho Yoshida,,,,,,,,0,0,0,0,0,0,1,1,1947-04-17,,0,7310501,,,,,,,,,,,,,,,
342149,0051000,1,広島県,ヒロシマケン,Hiroshima,,,,安芸高田市,アキタカタシ,Akitakata-shi,,,,向原町上小原,ムカイハラチヨウカミオバラ,,,,,,,,,0,0,0,0,0,0,1,1,1947-04-17,,0,,,,,,,,,,,,,,,,
342149,0052000,1,広島県,ヒロシマケン,Hiroshima,,,,安芸高田市,アキタカタシ,Akitakata-shi,,,,甲田町戸島,コウダチヨウトシマ,,,,,,,,,0,0,0,0,0,0,1,1,1947-04-17,,0,,,,,,,,,,,,,,,,
342149,0053000,1,広島県,ヒロシマケン,Hiroshima,,,,安芸高田市,アキタカタシ,Akitakata-shi,,,,甲田町上川立町,コウダチヨウカミカワタチマチ,,,,,,,,,0,0,0,0,0,0,1,1,1947-04-17,,0,,,,,,,,,,,,,,,,
342157,0001000,1,広島県,ヒロシマケン,Hiroshima,,,,江田島市,エタジマシ,Etajima-shi,,,,江田島町,エタジマチョウ,,,,,,,,,0,0,0,0,0,0,1,1,1947-04-17,,0,,,,,,,,,,,,,,,,
342157,0001365,3,広島県,ヒロシマケン,Hiroshima,,,,江田島市,エタジマシ,Etajima-shi,,,,江田島町,エタジマチョウ,,,,,中央地区,,,,0,0,0,1,0,0,2,0,1947-04-17,,1,,,,,,,,,,,,,,,,
342157,0001366,3,広島県,ヒロシマケン,Hiroshima,,,,江田島市,エタジマシ,Etajima-shi,,,,江田島町,エタジマチヨウ,,,,,切串地区,,,,0,0,0,1,0,0,2,0,1947-04-17,,1,,,,,,,,,,,,,,,,
342157,0001367,3,広島県,ヒロシマケン,Hiroshima,,,,江田島市,エタジマシ,Etajima-shi,,,,江田島町,エタジマチヨウ,,,,,大須地区,,,,0,0,0,1,0,0,2,0,1947-04-17,,1,,,,,,,,,,,,,,,,
342157,0001368,3,広島県,ヒロシマケン,Hiroshima,,,,江田島市,エタジマシ,Etajima-shi,,,,江田島町,エタジマチヨウ,,,,,宮ノ原地区,,,,0,0,0,1,0,0,2,0,1947-04-17,,1,,,,,,,,,,,,,,,,
342157,0001369,3,広島県,ヒロシマケン,Hiroshima,,,,江田島市,エタジマシ,Etajima-shi,,,,江田島町,エタジマチヨウ,,,,,小用地区,,,,0,0,0,1,0,0,2,0,1947-04-17,,1,,,,,,,,,,,,,,,,
342157,0001370,3,広島県,ヒロシマケン,Hiroshima,,,,江田島市,エタジマシ,Etajima-shi,,,,江田島町,エタジマチヨウ,,,,,幸ノ浦地区,,,,0,0,0,1,0,0,2,0,1947-04-17,,1,,,,,,,,,,,,,,,,
342157,0001371,3,広島県,ヒロシマケン,Hiroshima,,,,江田島市,エタジマシ,Etajima-shi,,,,江田島町,エタジマチヨウ,,,,,江南地区,,,,0,0,0,1,0,0,2,0,1947-04-17,,1,,,,,,,,,,,,,,,,
342157,0001372,3,広島県,ヒロシマケン,Hiroshima,,,,江田島市,エタジマシ,Etajima-shi,,,,江田島町,エタジマチヨウ,,,,,津久茂地区,,,,0,0,0,1,0,0,2,0,1947-04-17,,1,,,,,,,,,,,,,,,,
342157,0001373,3,広島県,ヒロシマケン,Hiroshima,,,,江田島市,エタジマシ,Etajima-shi,,,,江田島町,エタジマチヨウ,,,,,秋月地区,,,,0,0,0,1,0,0,2,0,1947-04-17,,1,,,,,,,,,,,,,,,,
342157,0001374,3,広島県,ヒロシマケン,Hiroshima,,,,江田島市,エタジマシ,Etajima-shi,,,,江田島町,エタジマチヨウ,,,,,鷲部地区,,,,0,0,0,1,0,0,2,0,1947-04-17,,1,,,,,,,,,,,,,,,,
342157,0002001,2,広島県,ヒロシマケン,Hiroshima,,,,江田島市,エタジマシ,Etajima-shi,,,,江田島町秋月,エタジマチョウアキヅキ,Etajimacho Akizuki,一丁目,１チョウメ,1,,,,,1,1,0,0,0,0,1,1,1947-04-17,,0,,,,,,,,,,,,,,,,
342157,0002002,2,広島県,ヒロシマケン,Hiroshima,,,,江田島市,エタジマシ,Etajima-shi,,,,江田島町秋月,エタジマチョウアキヅキ,Etajimacho Akizuki,二丁目,２チョウメ,2,,,,,1,1,0,0,0,0,1,1,1947-04-17,,0,,,,,,,,,,,,,,,,
342157,0002003,2,広島県,ヒロシマケン,Hiroshima,,,,江田島市,エタジマシ,Etajima-shi,,,,江田島町秋月,エタジマチョウアキヅキ,Etajimacho Akizuki,三丁目,３チョウメ,3,,,,,1,1,0,0,0,0,1,1,1947-04-17,,0,,,,,,,,,,,,,,,,
342157,0002004,2,広島県,ヒロシマケン,Hiroshima,,,,江田島市,エタジマシ,Etajima-shi,,,,江田島町秋月,エタジマチョウアキヅキ,Etajimacho Akizuki,四丁目,４チョウメ,4,,,,,1,1,0,0,0,0,1,1,1947-04-17,,0,,,,,,,,,,,,,,,,
342157,0003001,2,広島県,ヒロシマケン,Hiroshima,,,,江田島市,エタジマシ,Etajima-shi,,,,江田島町大須,エタジマチョウオオズ,Etajimacho Ozu,一丁目,１チョウメ,1,,,,,1,1,0,0,0,0,1,1,1947-04-17,,0,,,,,,,,,,,,,,,,
342157,0003002,2,広島県,ヒロシマケン,Hiroshima,,,,江田島市,エタジマシ,Etajima-shi,,,,江田島町大須,エタジマチョウオオズ,Etajimacho Ozu,二丁目,２チョウメ,2,,,,,1,1,0,0,0,0,1,1,1947-04-17,,0,,,,,,,,,,,,,,,,
342157,0004001,2,広島県,ヒロシマケン,Hiroshima,,,,江田島市,エタジマシ,Etajima-shi,,,,江田島町切串,エタジマチョウキリクシ,Etajimacho Kirikushi,一丁目,１チョウメ,1,,,,,1,1,0,0,0,0,1,1,1947-04-17,,0,,,,,,,,,,,,,,,,
342157,0004002,2,広島県,ヒロシマケン,Hiroshima,,,,江田島市,エタジマシ,Etajima-shi,,,,江田島町切串,エタジマチョウキリクシ,Etajimacho Kirikushi,二丁目,２チョウメ,2,,,,,1,1,0,0,0,0,1,1,1947-04-17,,0,,,,,,,,,,,,,,,,
342157,0004003,2,広島県,ヒロシマケン,Hiroshima,,,,江田島市,エタジマシ,Etajima-shi,,,,江田島町切串,エタジマチョウキリクシ,Etajimacho Kirikushi,三丁目,３チョウメ,3,,,,,1,1,0,0,0,0,1,1,1947-04-17,,0,,,,,,,,,,,,,,,,
342157,0004004,2,広島県,ヒロシマケン,Hiroshima,,,,江田島市,エタジマシ,Etajima-shi,,,,江田島町切串,エタジマチョウキリクシ,Etajimacho Kirikushi,四丁目,４チョウメ,4,,,,,1,1,0,0,0,0,1,1,1947-04-17,,0,,,,,,,,,,,,,,,,
342157,0004005,2,広島県,ヒロシマケン,Hiroshima,,,,江田島市,エタジマシ,Etajima-shi,,,,江田島町切串,エタジマチョウキリクシ,Etajimacho Kirikushi,五丁目,５チョウメ,5,,,,,1,1,0,0,0,0,1,1,1947-04-17,,0,,,,,,,,,,,,,,,,
342157,0005001,2,広島県,ヒロシマケン,Hiroshima,,,,江田島市,エタジマシ,Etajima-shi,,,,江田島町江南,エタジマチョウコウナン,Etajimacho Konan,一丁目,１チョウメ,1,,,,,1,1,0,0,0,0,1,1,1947-04-17,,0,,,,,,,,,,,,,,,,
342157,0005002,2,広島県,ヒロシマケン,Hiroshima,,,,江田島市,エタジマシ,Etajima-shi,,,,江田島町江南,エタジマチョウコウナン,Etajimacho Konan,二丁目,２チョウメ,2,,,,,1,1,0,0,0,0,1,1,1947-04-17,,0,,,,,,,,,,,,,,,,
342157,0005003,2,広島県,ヒロシマケン,Hiroshima,,,,江田島市,エタジマシ,Etajima-shi,,,,江田島町江南,エタジマチョウコウナン,Etajimacho Konan,三丁目,３チョウメ,3,,,,,1,1,0,0,0,0,1,1,1947-04-17,,0,,,,,,,,,,,,,,,,
342157,0006001,2,広島県,ヒロシマケン,Hiroshima,,,,江田島市,エタジマシ,Etajima-shi,,,,江田島町幸ノ浦,エタジマチョウコウノウラ,Etajimacho Konora,一丁目,１チョウメ,1,,,,,1,1,0,0,0,0,1,1,1947-04-17,,0,,,,,,,,,,,,,,,,
342157,0006002,2,広島県,ヒロシマケン,Hiroshima,,,,江田島市,エタジマシ,Etajima-shi,,,,江田島町幸ノ浦,エタジマチョウコウノウラ,Etajimacho Konora,二丁目,２チョウメ,2,,,,,1,1,0,0,0,0,1,1,1947-04-17,,0,,,,,,,,,,,,,,,,
342157,0008001,2,広島県,ヒロシマケン,Hiroshima,,,,江田島市,エタジマシ,Etajima-shi,,,,江田島町小用,エタジマチョウコヨウ,Etajimacho Koyo,一丁目,１チョウメ,1,,,,,1,1,0,0,0,0,1,1,1947-04-17,,0,,,,,,,,,,,,,,,,
342157,0008002,2,広島県,ヒロシマケン,Hiroshima,,,,江田島市,エタジマシ,Etajima-shi,,,,江田島町小用,エタジマチョウコヨウ,Etajimacho Koyo,二丁目,２チョウメ,2,,,,,1,1,0,0,0,0,1,1,1947-04-17,,0,,,,,,,,,,,,,,,,
342157,0008003,2,広島県,ヒロシマケン,Hiroshima,,,,江田島市,エタジマシ,Etajima-shi,,,,江田島町小用,エタジマチョウコヨウ,Etajimacho Koyo,三丁目,３チョウメ,3,,,,,1,1,0,0,0,0,1,1,1947-04-17,,0,,,,,,,,,,,,,,,,
342157,0008004,2,広島県,ヒロシマケン,Hiroshima,,,,江田島市,エタジマシ,Etajima-shi,,,,江田島町小用,エタジマチョウコヨウ,Etajimacho Koyo,四丁目,４チョウメ,4,,,,,1,1,0,0,0,0,1,1,1947-04-17,,0,,,,,,,,,,,,,,,,
342157,0008005,2,広島県,ヒロシマケン,Hiroshima,,,,江田島市,エタジマシ,Etajima-shi,,,,江田島町小用,エタジマチョウコヨウ,Etajimacho Koyo,五丁目,５チョウメ,5,,,,,1,1,0,0,0,0,1,1,1947-04-17,,0,,,,,,,,,,,,,,,,
342157,0009001,2,広島県,ヒロシマケン,Hiroshima,,,,江田島市,エタジマシ,Etajima-shi,,,,江田島町中央,エタジマチョウチュウオウ,Etajimacho Chuo,一丁目,１チョウメ,1,,,,,1,1,0,0,0,0,1,1,1947-04-17,,0,,,,,,,,,,,,,,,,
342157,0009002,2,広島県,ヒロシマケン,Hiroshima,,,,江田島市,エタジマシ,Etajima-shi,,,,江田島町中央,エタジマチョウチュウオウ,Etajimacho Chuo,二丁目,２チョウメ,2,,,,,1,1,0,0,0,0,1,1,1947-04-17,,0,,,,,,,,,,,,,,,,
342157,0009003,2,広島県,ヒロシマケン,Hiroshima,,,,江田島市,エタジマシ,Etajima-shi,,,,江田島町中央,エタジマチョウチュウオウ,Etajimacho Chuo,三丁目,３チョウメ,3,,,,,1,1,0,0,0,0,1,1,1947-04-17,,0,,,,,,,,,,,,,,,,
342157,0009004,2,広島県,ヒロシマケン,Hiroshima,,,,江田島市,エタジマシ,Etajima-shi,,,,江田島町中央,エタジマチョウチュウオウ,Etajimacho Chuo,四丁目,４チョウメ,4,,,,,1,1,0,0,0,0,1,1,1947-04-17,,0,,,,,,,,,,,,,,,,
342157,0009005,2,広島県,ヒロシマケン,Hiroshima,,,,江田島市,エタジマシ,Etajima-shi,,,,江田島町中央,エタジマチョウチュウオウ,Etajimacho Chuo,五丁目,５チョウメ,5,,,,,1,1,0,0,0,0,1,1,1947-04-17,,0,,,,,,,,,,,,,,,,
342157,0010001,2,広島県,ヒロシマケン,Hiroshima,,,,江田島市,エタジマシ,Etajima-shi,,,,江田島町津久茂,エタジマチョウツクモ,Etajimacho Tsukumo,一丁目,１チョウメ,1,,,,,1,1,0,0,0,0,1,1,1947-04-17,,0,,,*_*_*_*_*_MJ006378_*,,,,,,,,,,,,,
342157,0010002,2,広島県,ヒロシマケン,Hiroshima,,,,江田島市,エタジマシ,Etajima-shi,,,,江田島町津久茂,エタジマチョウツクモ,Etajimacho Tsukumo,二丁目,２チョウメ,2,,,,,1,1,0,0,0,0,1,1,1947-04-17,,0,,,*_*_*_*_*_MJ006378_*,,,,,,,,,,,,,
342157,0010003,2,広島県,ヒロシマケン,Hiroshima,,,,江田島市,エタジマシ,Etajima-shi,,,,江田島町津久茂,エタジマチョウツクモ,Etajimacho Tsukumo,三丁目,３チョウメ,3,,,,,1,1,0,0,0,0,1,1,1947-04-17,,0,,,*_*_*_*_*_MJ006378_*,,,,,,,,,,,,,
342157,0011001,2,広島県,ヒロシマケン,Hiroshima,,,,江田島市,エタジマシ,Etajima-shi,,,,江田島町宮ノ原,エタジマチョウミヤノハラ,Etajimacho Miyanohara,一丁目,１チョウメ,1,,,,,1,1,0,0,0,0,1,1,1947-04-17,,0,,,,,,,,,,,,,,,,
342157,0011002,2,広島県,ヒロシマケン,Hiroshima,,,,江田島市,エタジマシ,Etajima-shi,,,,江田島町宮ノ原,エタジマチョウミヤノハラ,Etajimacho Miyanohara,二丁目,２チョウメ,2,,,,,1,1,0,0,0,0,1,1,1947-04-17,,0,,,,,,,,,,,,,,,,
342157,0011003,2,広島県,ヒロシマケン,Hiroshima,,,,江田島市,エタジマシ,Etajima-shi,,,,江田島町宮ノ原,エタジマチョウミヤノハラ,Etajimacho Miyanohara,三丁目,３チョウメ,3,,,,,1,1,0,0,0,0,1,1,1947-04-17,,0,,,,,,,,,,,,,,,,
342157,0012001,2,広島県,ヒロシマケン,Hiroshima,,,,江田島市,エタジマシ,Etajima-shi,,,,江田島町鷲部,エタジマチョウワシベ,Etajimacho Washibe,一丁目,１チョウメ,1,,,,,1,1,0,0,0,0,1,1,1947-04-17,,0,,,,,,,,,,,,,,,,
342157,0012002,2,広島県,ヒロシマケン,Hiroshima,,,,江田島市,エタジマシ,Etajima-shi,,,,江田島町鷲部,エタジマチョウワシベ,Etajimacho Washibe,二丁目,２チョウメ,2,,,,,1,1,0,0,0,0,1,1,1947-04-17,,0,,,,,,,,,,,,,,,,
342157,0012003,2,広島県,ヒロシマケン,Hiroshima,,,,江田島市,エタジマシ,Etajima-shi,,,,江田島町鷲部,エタジマチョウワシベ,Etajimacho Washibe,三丁目,３チョウメ,3,,,,,1,1,0,0,0,0,1,1,1947-04-17,,0,,,,,,,,,,,,,,,,
342157,0012004,2,広島県,ヒロシマケン,Hiroshima,,,,江田島市,エタジマシ,Etajima-shi,,,,江田島町鷲部,エタジマチョウワシベ,Etajimacho Washibe,四丁目,４チョウメ,4,,,,,1,1,0,0,0,0,1,1,1947-04-17,,0,,,,,,,,,,,,,,,,
342157,0013000,1,広島県,ヒロシマケン,Hiroshima,,,,江田島市,エタジマシ,Etajima-shi,,,,大柿町大君,オオガキチョウオオキミ,Ogakicho Okimi,,,,,,,,0,0,0,0,0,0,1,1,1947-04-17,,0,7372212,,,,,,,,,,,,,,,
342157,0014000,1,広島県,ヒロシマケン,Hiroshima,,,,江田島市,エタジマシ,Etajima-shi,,,,大柿町大原,オオガキチョウオオバラ,Ogakicho Obara,,,,,,,,0,0,0,0,0,0,1,1,1947-04-17,,0,7372213,,,,,,,,,,,,,,,
342157,0015000,1,広島県,ヒロシマケン,Hiroshima,,,,江田島市,エタジマシ,Etajima-shi,,,,大柿町小古江,オオガキチョウオブレ,Ogakicho Obure,,,,,,,,0,0,0,0,0,0,1,1,1947-04-17,,0,7372215,,,,,,,,,,,,,,,
342157,0016000,1,広島県,ヒロシマケン,Hiroshima,,,,江田島市,エタジマシ,Etajima-shi,,,,大柿町柿浦,オオガキチョウカキウラ,Ogakicho Kakiura,,,,,,,,0,0,0,0,0,0,1,1,1947-04-17,,0,7372211,,,,,,,,,,,,,,,
342157,0017000,1,広島県,ヒロシマケン,Hiroshima,,,,江田島市,エタジマシ,Etajima-shi,,,,大柿町飛渡瀬,オオガキチョウヒトノセ,Ogakicho Hitonose,,,,,,,,0,0,0,0,0,0,1,1,1947-04-17,,0,7372101,,,,,,,,,,,,,,,
342157,0018000,1,広島県,ヒロシマケン,Hiroshima,,,,江田島市,エタジマシ,Etajima-shi,,,,大柿町深江,オオガキチョウフカエ,Ogakicho Fukae,,,,,,,,0,0,0,0,0,0,1,1,1947-04-17,,0,7372214,,,,,,,,,,,,,,,
342157,0019000,1,広島県,ヒロシマケン,Hiroshima,,,,江田島市,エタジマシ,Etajima-shi,,,,沖美町岡大王,オキミチョウオカダイオウ,Okimicho Okadaio,,,,,,,,0,0,0,0,0,0,1,1,1947-04-17,,0,7372311,,,,,,,,,,,,,,,
342157,0020000,1,広島県,ヒロシマケン,Hiroshima,,,,江田島市,エタジマシ,Etajima-shi,,,,沖美町高祖,オキミチョウコウソ,Okimicho Koso,,,,,,,,0,0,0,0,0,0,1,1,1947-04-17,,0,7372315,,,,,,,,,,,,,,,
342157,0021000,1,広島県,ヒロシマケン,Hiroshima,,,,江田島市,エタジマシ,Etajima-shi,,,,沖美町是長,オキミチョウコレナガ,Okimicho Korenaga,,,,,,,,0,0,0,0,0,0,1,1,1947-04-17,,0,7372313,,,,,,,,,,,,,,,
342157,0022000,1,広島県,ヒロシマケン,Hiroshima,,,,江田島市,エタジマシ,Etajima-shi,,,,沖美町畑,オキミチョウハタ,Okimicho Hata,,,,,,,,0,0,0,0,0,0,1,1,1947-04-17,,0,7372312,,,,,,,,,,,,,,,
342157,0023000,1,広島県,ヒロシマケン,Hiroshima,,,,江田島市,エタジマシ,Etajima-shi,,,,沖美町美能,オキミチョウミノウ,Okimicho Mino,,,,,,,,0,0,0,0,0,0,1,1,1947-04-17,,0,7372314,,,,,,,,,,,,,,,
342157,0024000,1,広島県,ヒロシマケン,Hiroshima,,,,江田島市,エタジマシ,Etajima-shi,,,,沖美町三吉,オキミチョウミヨシ,Okimicho Miyoshi,,,,,,,,0,0,0,0,0,0,1,1,1947-04-17,,0,7372316,,,,,,,,,,,,,,,
342157,0025000,1,広島県,ヒロシマケン,Hiroshima,,,,江田島市,エタジマシ,Etajima-shi,,,,能美町鹿川,ノウミチョウカノカワ,Nomicho Kanokawa,,,,,,,,0,0,0,0,0,0,1,1,1947-04-17,,0,7372302,,,,,,,,,,,,,,,
342157,0026000,1,広島県,ヒロシマケン,Hiroshima,,,,江田島市,エタジマシ,Etajima-shi,,,,能美町高田,ノウミチョウタカタ,Nomicho Takata,,,,,,,,0,0,0,0,0,0,1,1,1947-04-17,,0,7372303,,,,,,,,,,,,,,,
342157,0027000,1,広島県,ヒロシマケン,Hiroshima,,,,江田島市,エタジマシ,Etajima-shi,,,,能美町中町,ノウミチョウナカマチ,Nomicho Nakamachi,,,,,,,,0,0,0,0,0,0,1,1,1947-04-17,,0,7372301,,,,,,,,,,,,,,,
342157,0035000,1,広島県,ヒロシマケン,Hiroshima,,,,江田島市,エタジマシ,Etajima-shi,,,,江田島町中小用官有地,エタジマチヨウナカゴヨウカンユウチ,,,,,,,,,0,0,0,0,0,0,1,0,1947-04-17,,1,,,,,,,,,,,,,,,,
342157,0036000,1,広島県,ヒロシマケン,Hiroshima,,,,江田島市,エタジマシ,Etajima-shi,,,,江田島町国有無番地中郷宿舎,エタジマチヨウコクユウムバンチナカゴウシユクシヤ,,,,,,,,,0,0,0,0,0,0,1,0,1947-04-17,,1,,,,,,,,,,,,,,,,
342157,0037000,1,広島県,ヒロシマケン,Hiroshima,,,,江田島市,エタジマシ,Etajima-shi,,,,江田島町国有無番地海上自衛隊,エタジマチヨウコクユウムバンチカイジヨウジエイタイ,,,,,,,,,0,0,0,0,0,0,1,0,1947-04-17,,1,,,*_*_*_*_*_*_*_*_*_*_*_*_*_MJ027646,,,,,,,,,,,,,
342157,0038000,1,広島県,ヒロシマケン,Hiroshima,,,,江田島市,エタジマシ,Etajima-shi,,,,江田島町大原国有無番地海上自衛隊,エタジマチヨウオオハラコクユウムバンチカイジヨウジエイタイ,,,,,,,,,0,0,0,0,0,0,1,0,1947-04-17,,1,,,*_*_*_*_*_*_*_*_*_*_*_*_*_*_*_MJ027646,,,,,,,,,,,,,
342157,0039000,1,広島県,ヒロシマケン,Hiroshima,,,,江田島市,エタジマシ,Etajima-shi,,,,江田島町大原官有地海自特借宿舎第,エタジマチヨウオオハラカンユウチカイジトクシヤシユクシヤ,,,,,,,,,0,0,0,0,0,0,1,0,1947-04-17,,1,,,,,,,,,,,,,,,,
343021,0001000,1,広島県,ヒロシマケン,Hiroshima,安芸郡,アキグン,Aki-gun,府中町,フチュウチョウ,Fuchu-cho,,,,青崎中,アオサキナカ,Aosakinaka,,,,,,,,1,1,0,0,0,0,1,1,1947-04-17,,0,7350016,,,,,,,,,,,,,,,
343021,0002000,1,広島県,ヒロシマケン,Hiroshima,安芸郡,アキグン,Aki-gun,府中町,フチュウチョウ,Fuchu-cho,,,,青崎東,アオサキヒガシ,Aosakihigashi,,,,,,,,1,1,0,0,0,0,1,1,1947-04-17,,0,7350015,,,,,,,,,,,,,,,
343021,0003000,1,広島県,ヒロシマケン,Hiroshima,安芸郡,アキグン,Aki-gun,府中町,フチュウチョウ,Fuchu-cho,,,,青崎南,アオサキミナミ,Aosakiminami,,,,,,,,1,1,0,0,0,0,1,1,1947-04-17,,0,7350017,,,,,,,,,,,,,,,
343021,0004001,2,広島県,ヒロシマケン,Hiroshima,安芸郡,アキグン,Aki-gun,府中町,フチュウチョウ,Fuchu-cho,,,,石井城,イシイジョウ,Ishiijo,一丁目,１チョウメ,1,,,,,1,1,0,0,0,0,1,1,1947-04-17,,0,,,,,,,,,,,,,,,,
343021,0004002,2,広島県,ヒロシマケン,Hiroshima,安芸郡,アキグン,Aki-gun,府中町,フチュウチョウ,Fuchu-cho,,,,石井城,イシイジョウ,Ishiijo,二丁目,２チョウメ,2,,,,,1,1,0,0,0,0,1,1,1947-04-17,,0,,,,,,,,,,,,,,,,
343021,0005001,2,広島県,ヒロシマケン,Hiroshima,安芸郡,アキグン,Aki-gun,府中町,フチュウチョウ,Fuchu-cho,,,,大須,オオス,Osu,一丁目,１チョウメ,1,,,,,1,1,0,0,0,0,1,1,1947-04-17,,0,,,,,,,,,,,,,,,,
343021,0005002,2,広島県,ヒロシマケン,Hiroshima,安芸郡,アキグン,Aki-gun,府中町,フチュウチョウ,Fuchu-cho,,,,大須,オオス,Osu,二丁目,２チョウメ,2,,,,,1,1,0,0,0,0,1,1,1947-04-17,,0,,,,,,,,,,,,,,,,
343021,0005003,2,広島県,ヒロシマケン,Hiroshima,安芸郡,アキグン,Aki-gun,府中町,フチュウチョウ,Fuchu-cho,,,,大須,オオス,Osu,三丁目,３チョウメ,3,,,,,1,1,0,0,0,0,1,1,1947-04-17,,0,,,,,,,,,,,,,,,,
343021,0005004,2,広島県,ヒロシマケン,Hiroshima,安芸郡,アキグン,Aki-gun,府中町,フチュウチョウ,Fuchu-cho,,,,大須,オオス,Osu,四丁目,４チョウメ,4,,,,,1,1,0,0,0,0,1,1,1947-04-17,,0,,,,,,,,,,,,,,,,
343021,0006001,2,広島県,ヒロシマケン,Hiroshima,安芸郡,アキグン,Aki-gun,府中町,フチュウチョウ,Fuchu-cho,,,,大通,オオドオリ,Odori,一丁目,１チョウメ,1,,,,,1,1,0,0,0,0,1,1,1947-04-17,,0,,,,,,,,,,,,,,,,
343021,0006002,2,広島県,ヒロシマケン,Hiroshima,安芸郡,アキグン,Aki-gun,府中町,フチュウチョウ,Fuchu-cho,,,,大通,オオドオリ,Odori,二丁目,２チョウメ,2,,,,,1,1,0,0,0,0,1,1,1947-04-17,,0,,,,,,,,,,,,,,,,
343021,0006003,2,広島県,ヒロシマケン,Hiroshima,安芸郡,アキグン,Aki-gun,府中町,フチュウチョウ,Fuchu-cho,,,,大通,オオドオリ,Odori,三丁目,３チョウメ,3,,,,,1,1,0,0,0,0,1,1,1947-04-17,,0,,,,,,,,,,,,,,,,
343021,0007001,2,広島県,ヒロシマケン,Hiroshima,安芸郡,アキグン,Aki-gun,府中町,フチュウチョウ,Fuchu-cho,,,,鹿籠,コゴモリ,Kogomori,一丁目,１チョウメ,1,,,,,1,1,0,0,0,0,1,1,1947-04-17,,0,,,,,,,,,,,,,,,,
343021,0007002,2,広島県,ヒロシマケン,Hiroshima,安芸郡,アキグン,Aki-gun,府中町,フチュウチョウ,Fuchu-cho,,,,鹿籠,コゴモリ,Kogomori,二丁目,２チョウメ,2,,,,,1,1,0,0,0,0,1,1,1947-04-17,,0,,,,,,,,,,,,,,,,
343021,0008000,1,広島県,ヒロシマケン,Hiroshima,安芸郡,アキグン,Aki-gun,府中町,フチュウチョウ,Fuchu-cho,,,,桜ヶ丘,サクラガオカ,Sakuragaoka,,,,,,,,1,1,0,0,0,0,1,1,1947-04-17,,0,7350001,,,,,,,,,,,,,,,
343021,0009000,1,広島県,ヒロシマケン,Hiroshima,安芸郡,アキグン,Aki-gun,府中町,フチュウチョウ,Fuchu-cho,,,,清水ヶ丘,シミズガオカ,Shimizugaoka,,,,,,,,1,1,0,0,0,0,1,1,1947-04-17,,0,7350002,,,,,,,,,,,,,,,
343021,0010000,1,広島県,ヒロシマケン,Hiroshima,安芸郡,アキグン,Aki-gun,府中町,フチュウチョウ,Fuchu-cho,,,,城ヶ丘,ジョウガオカ,Jogaoka,,,,,,,,1,1,0,0,0,0,1,1,1947-04-17,,0,7350009,,,,,,,,,,,,,,,
343021,0011000,1,広島県,ヒロシマケン,Hiroshima,安芸郡,アキグン,Aki-gun,府中町,フチュウチョウ,Fuchu-cho,,,,新地,シンチ,Shinchi,,,,,,,,1,1,0,0,0,0,1,1,1947-04-17,,0,7350028,,,,,,,,,,,,,,,
343021,0012001,2,広島県,ヒロシマケン,Hiroshima,安芸郡,アキグン,Aki-gun,府中町,フチュウチョウ,Fuchu-cho,,,,瀬戸ハイム,セトハイム,Setohaimu,一丁目,１チョウメ,1,,,,,1,1,0,0,0,0,1,1,1947-04-17,,0,,,,,,,,,,,,,,,,
343021,0012002,2,広島県,ヒロシマケン,Hiroshima,安芸郡,アキグン,Aki-gun,府中町,フチュウチョウ,Fuchu-cho,,,,瀬戸ハイム,セトハイム,Setohaimu,二丁目,２チョウメ,2,,,,,1,1,0,0,0,0,1,1,1947-04-17,,0,,,,,,,,,,,,,,,,
343021,0012003,2,広島県,ヒロシマケン,Hiroshima,安芸郡,アキグン,Aki-gun,府中町,フチュウチョウ,Fuchu-cho,,,,瀬戸ハイム,セトハイム,Setohaimu,三丁目,３チョウメ,3,,,,,1,1,0,0,0,0,1,1,1947-04-17,,0,,,,,,,,,,,,,,,,
343021,0012004,2,広島県,ヒロシマケン,Hiroshima,安芸郡,アキグン,Aki-gun,府中町,フチュウチョウ,Fuchu-cho,,,,瀬戸ハイム,セトハイム,Setohaimu,四丁目,４チョウメ,4,,,,,1,1,0,0,0,0,1,1,1947-04-17,,0,,,,,,,,,,,,,,,,
343021,0013000,1,広島県,ヒロシマケン,Hiroshima,安芸郡,アキグン,Aki-gun,府中町,フチュウチョウ,Fuchu-cho,,,,千代,センダイ,Sendai,,,,,,,,1,1,0,0,0,0,1,1,1947-04-17,,0,7350027,,,,,,,,,,,,,,,
343021,0014001,2,広島県,ヒロシマケン,Hiroshima,安芸郡,アキグン,Aki-gun,府中町,フチュウチョウ,Fuchu-cho,,,,鶴江,ツルエ,Tsurue,一丁目,１チョウメ,1,,,,,1,1,0,0,0,0,1,1,1947-04-17,,0,,,,,,,,,,,,,,,,
343021,0014002,2,広島県,ヒロシマケン,Hiroshima,安芸郡,アキグン,Aki-gun,府中町,フチュウチョウ,Fuchu-cho,,,,鶴江,ツルエ,Tsurue,二丁目,２チョウメ,2,,,,,1,1,0,0,0,0,1,1,1947-04-17,,0,,,,,,,,,,,,,,,,
343021,0015001,2,広島県,ヒロシマケン,Hiroshima,安芸郡,アキグン,Aki-gun,府中町,フチュウチョウ,Fuchu-cho,,,,浜田,ハマダ,Hamada,一丁目,１チョウメ,1,,,,,1,1,0,0,0,0,1,1,1947-04-17,,0,,,,,,,,,,,,,,,,
343021,0015002,2,広島県,ヒロシマケン,Hiroshima,安芸郡,アキグン,Aki-gun,府中町,フチュウチョウ,Fuchu-cho,,,,浜田,ハマダ,Hamada,二丁目,２チョウメ,2,,,,,1,1,0,0,0,0,1,1,1947-04-17,,0,,,,,,,,,,,,,,,,
343021,0015003,2,広島県,ヒロシマケン,Hiroshima,安芸郡,アキグン,Aki-gun,府中町,フチュウチョウ,Fuchu-cho,,,,浜田,ハマダ,Hamada,三丁目,３チョウメ,3,,,,,1,1,0,0,0,0,1,1,1947-04-17,,0,,,,,,,,,,,,,,,,
343021,0015004,2,広島県,ヒロシマケン,Hiroshima,安芸郡,アキグン,Aki-gun,府中町,フチュウチョウ,Fuchu-cho,,,,浜田,ハマダ,Hamada,四丁目,４チョウメ,4,,,,,1,1,0,0,0,0,1,1,1947-04-17,,0,,,,,,,,,,,,,,,,
343021,0016000,1,広島県,ヒロシマケン,Hiroshima,安芸郡,アキグン,Aki-gun,府中町,フチュウチョウ,Fuchu-cho,,,,浜田本町,ハマダホンマチ,Hamadahommachi,,,,,,,,1,1,0,0,0,0,1,1,1947-04-17,,0,7350023,,,,,,,,,,,,,,,
343021,0017001,2,広島県,ヒロシマケン,Hiroshima,安芸郡,アキグン,Aki-gun,府中町,フチュウチョウ,Fuchu-cho,,,,本町,ホンマチ,Hommachi,一丁目,１チョウメ,1,,,,,1,1,0,0,0,0,1,1,1947-04-17,,0,,,,,,,,,,,,,,,,
343021,0017002,2,広島県,ヒロシマケン,Hiroshima,安芸郡,アキグン,Aki-gun,府中町,フチュウチョウ,Fuchu-cho,,,,本町,ホンマチ,Hommachi,二丁目,２チョウメ,2,,,,,1,1,0,0,0,0,1,1,1947-04-17,,0,,,,,,,,,,,,,,,,
343021,0017003,2,広島県,ヒロシマケン,Hiroshima,安芸郡,アキグン,Aki-gun,府中町,フチュウチョウ,Fuchu-cho,,,,本町,ホンマチ,Hommachi,三丁目,３チョウメ,3,,,,,1,1,0,0,0,0,1,1,1947-04-17,,0,,,,,,,,,,,,,,,,
343021,0017004,2,広島県,ヒロシマケン,Hiroshima,安芸郡,アキグン,Aki-gun,府中町,フチュウチョウ,Fuchu-cho,,,,本町,ホンマチ,Hommachi,四丁目,４チョウメ,4,,,,,1,1,0,0,0,0,1,1,1947-04-17,,0,,,,,,,,,,,,,,,,
343021,0017005,2,広島県,ヒロシマケン,Hiroshima,安芸郡,アキグン,Aki-gun,府中町,フチュウチョウ,Fuchu-cho,,,,本町,ホンマチ,Hommachi,五丁目,５チョウメ,5,,,,,1,1,0,0,0,0,1,1,1947-04-17,,0,,,,,,,,,,,,,,,,
343021,0018001,2,広島県,ヒロシマケン,Hiroshima,安芸郡,アキグン,Aki-gun,府中町,フチュウチョウ,Fuchu-cho,,,,みくまり,ミクマリ,Mikumari,一丁目,１チョウメ,1,,,,,1,1,0,0,0,0,1,1,1947-04-17,,0,,,,,,,,,,,,,,,,
343021,0018002,2,広島県,ヒロシマケン,Hiroshima,安芸郡,アキグン,Aki-gun,府中町,フチュウチョウ,Fuchu-cho,,,,みくまり,ミクマリ,Mikumari,二丁目,２チョウメ,2,,,,,1,1,0,0,0,0,1,1,1947-04-17,,0,,,,,,,,,,,,,,,,
343021,0018003,2,広島県,ヒロシマケン,Hiroshima,安芸郡,アキグン,Aki-gun,府中町,フチュウチョウ,Fuchu-cho,,,,みくまり,ミクマリ,Mikumari,三丁目,３チョウメ,3,,,,,1,1,0,0,0,0,1,1,1947-04-17,,0,,,,,,,,,,,,,,,,
343021,0019000,1,広島県,ヒロシマケン,Hiroshima,安芸郡,アキグン,Aki-gun,府中町,フチュウチョウ,Fuchu-cho,,,,緑ヶ丘,ミドリガオカ,Midorigaoka,,,,,,,,1,1,0,0,0,0,1,1,1947-04-17,,0,7350024,,,,,,,,,,,,,,,
343021,0020001,2,広島県,ヒロシマケン,Hiroshima,安芸郡,アキグン,Aki-gun,府中町,フチュウチョウ,Fuchu-cho,,,,宮の町,ミヤノマチ,Miyanomachi,一丁目,１チョウメ,1,,,,,1,1,0,0,0,0,1,1,1947-04-17,,0,,,,,,,,,,,,,,,,
343021,0020002,2,広島県,ヒロシマケン,Hiroshima,安芸郡,アキグン,Aki-gun,府中町,フチュウチョウ,Fuchu-cho,,,,宮の町,ミヤノマチ,Miyanomachi,二丁目,２チョウメ,2,,,,,1,1,0,0,0,0,1,1,1947-04-17,,0,,,,,,,,,,,,,,,,
343021,0020003,2,広島県,ヒロシマケン,Hiroshima,安芸郡,アキグン,Aki-gun,府中町,フチュウチョウ,Fuchu-cho,,,,宮の町,ミヤノマチ,Miyanomachi,三丁目,３チョウメ,3,,,,,1,1,0,0,0,0,1,1,1947-04-17,,0,,,,,,,,,,,,,,,,
343021,0020004,2,広島県,ヒロシマケン,Hiroshima,安芸郡,アキグン,Aki-gun,府中町,フチュウチョウ,Fuchu-cho,,,,宮の町,ミヤノマチ,Miyanomachi,四丁目,４チョウメ,4,,,,,1,1,0,0,0,0,1,1,1947-04-17,,0,,,,,,,,,,,,,,,,
343021,0020005,2,広島県,ヒロシマケン,Hiroshima,安芸郡,アキグン,Aki-gun,府中町,フチュウチョウ,Fuchu-cho,,,,宮の町,ミヤノマチ,Miyanomachi,五丁目,５チョウメ,5,,,,,1,1,0,0,0,0,1,1,1947-04-17,,0,,,,,,,,,,,,,,,,
343021,0021001,2,広島県,ヒロシマケン,Hiroshima,安芸郡,アキグン,Aki-gun,府中町,フチュウチョウ,Fuchu-cho,,,,茂陰,モカゲ,Mokage,一丁目,１チョウメ,1,,,,,1,1,0,0,0,0,1,1,1947-04-17,,0,,,,,,,,,,,,,,,,
343021,0021002,2,広島県,ヒロシマケン,Hiroshima,安芸郡,アキグン,Aki-gun,府中町,フチュウチョウ,Fuchu-cho,,,,茂陰,モカゲ,Mokage,二丁目,２チョウメ,2,,,,,1,1,0,0,0,0,1,1,1947-04-17,,0,,,,,,,,,,,,,,,,
343021,0022001,2,広島県,ヒロシマケン,Hiroshima,安芸郡,アキグン,Aki-gun,府中町,フチュウチョウ,Fuchu-cho,,,,桃山,モモヤマ,Momoyama,一丁目,１チョウメ,1,,,,,1,1,0,0,0,0,1,1,1947-04-17,,0,,,,,,,,,,,,,,,,
343021,0022002,2,広島県,ヒロシマケン,Hiroshima,安芸郡,アキグン,Aki-gun,府中町,フチュウチョウ,Fuchu-cho,,,,桃山,モモヤマ,Momoyama,二丁目,２チョウメ,2,,,,,1,1,0,0,0,0,1,1,1947-04-17,,0,,,,,,,,,,,,,,,,
343021,0023000,1,広島県,ヒロシマケン,Hiroshima,安芸郡,アキグン,Aki-gun,府中町,フチュウチョウ,Fuchu-cho,,,,柳ヶ丘,ヤナギガオカ,Yanagigaoka,,,,,,,,1,1,0,0,0,0,1,1,1947-04-17,,0,7350014,,,,,,,,,,,,,,,
343021,0024001,2,広島県,ヒロシマケン,Hiroshima,安芸郡,アキグン,Aki-gun,府中町,フチュウチョウ,Fuchu-cho,,,,八幡,ヤハタ,Yahata,一丁目,１チョウメ,1,,,,,1,1,0,0,0,0,1,1,1947-04-17,,0,,,,,,,,,,,,,,,,
343021,0024002,2,広島県,ヒロシマケン,Hiroshima,安芸郡,アキグン,Aki-gun,府中町,フチュウチョウ,Fuchu-cho,,,,八幡,ヤハタ,Yahata,二丁目,２チョウメ,2,,,,,1,1,0,0,0,0,1,1,1947-04-17,,0,,,,,,,,,,,,,,,,
343021,0024003,2,広島県,ヒロシマケン,Hiroshima,安芸郡,アキグン,Aki-gun,府中町,フチュウチョウ,Fuchu-cho,,,,八幡,ヤハタ,Yahata,三丁目,３チョウメ,3,,,,,1,1,0,0,0,0,1,1,1947-04-17,,0,,,,,,,,,,,,,,,,
343021,0024004,2,広島県,ヒロシマケン,Hiroshima,安芸郡,アキグン,Aki-gun,府中町,フチュウチョウ,Fuchu-cho,,,,八幡,ヤハタ,Yahata,四丁目,４チョウメ,4,,,,,1,1,0,0,0,0,1,1,1947-04-17,,0,,,,,,,,,,,,,,,,
343021,0025001,2,広島県,ヒロシマケン,Hiroshima,安芸郡,アキグン,Aki-gun,府中町,フチュウチョウ,Fuchu-cho,,,,山田,ヤマダ,Yamada,一丁目,１チョウメ,1,,,,,1,1,0,0,0,0,1,1,1947-04-17,,0,,,,,,,,,,,,,,,,
343021,0025002,2,広島県,ヒロシマケン,Hiroshima,安芸郡,アキグン,Aki-gun,府中町,フチュウチョウ,Fuchu-cho,,,,山田,ヤマダ,Yamada,二丁目,２チョウメ,2,,,,,1,1,0,0,0,0,1,1,1947-04-17,,0,,,,,,,,,,,,,,,,
343021,0025003,2,広島県,ヒロシマケン,Hiroshima,安芸郡,アキグン,Aki-gun,府中町,フチュウチョウ,Fuchu-cho,,,,山田,ヤマダ,Yamada,三丁目,３チョウメ,3,,,,,1,1,0,0,0,0,1,1,1947-04-17,,0,,,,,,,,,,,,,,,,
343021,0025004,2,広島県,ヒロシマケン,Hiroshima,安芸郡,アキグン,Aki-gun,府中町,フチュウチョウ,Fuchu-cho,,,,山田,ヤマダ,Yamada,四丁目,４チョウメ,4,,,,,1,1,0,0,0,0,1,1,1947-04-17,,0,,,,,,,,,,,,,,,,
343021,0025005,2,広島県,ヒロシマケン,Hiroshima,安芸郡,アキグン,Aki-gun,府中町,フチュウチョウ,Fuchu-cho,,,,山田,ヤマダ,Yamada,五丁目,５チョウメ,5,,,,,1,1,0,0,0,0,1,1,1947-04-17,,0,,,,,,,,,,,,,,,,
343048,0001000,1,広島県,ヒロシマケン,Hiroshima,安芸郡,アキグン,Aki-gun,海田町,カイタチョウ,Kaita-cho,,,,曙町,アケボノマチ,Akebonomachi,,,,,,,,1,1,0,0,0,0,1,1,1947-04-17,,0,7360031,,,,,,,,,,,,,,,
343048,0002000,1,広島県,ヒロシマケン,Hiroshima,安芸郡,アキグン,Aki-gun,海田町,カイタチョウ,Kaita-cho,,,,石原,イシハラ,Ishihara,,,,,,,,1,1,0,0,0,0,1,1,1947-04-17,,0,7360004,,,,,,,,,,,,,,,
343048,0003000,1,広島県,ヒロシマケン,Hiroshima,安芸郡,アキグン,Aki-gun,海田町,カイタチョウ,Kaita-cho,,,,稲葉,イナバ,Inaba,,,,,,,,1,1,0,0,0,0,1,1,1947-04-17,,0,7360012,,,,,,,,,,,,,,,
343048,0004000,1,広島県,ヒロシマケン,Hiroshima,安芸郡,アキグン,Aki-gun,海田町,カイタチョウ,Kaita-cho,,,,稲荷町,イナリマチ,Inarimachi,,,,,,,,1,1,0,0,0,0,1,1,1947-04-17,,0,7360067,,,,,,,,,,,,,,,
343048,0005001,2,広島県,ヒロシマケン,Hiroshima,安芸郡,アキグン,Aki-gun,海田町,カイタチョウ,Kaita-cho,,,,畝,ウネ,Une,一丁目,１チョウメ,1,,,,,1,1,0,0,0,0,1,1,1947-04-17,,0,,,,,,,,,,,,,,,,
343048,0005002,2,広島県,ヒロシマケン,Hiroshima,安芸郡,アキグン,Aki-gun,海田町,カイタチョウ,Kaita-cho,,,,畝,ウネ,Une,二丁目,２チョウメ,2,,,,,1,1,0,0,0,0,1,1,1947-04-17,,0,,,,,,,,,,,,,,,,
343048,0006000,1,広島県,ヒロシマケン,Hiroshima,安芸郡,アキグン,Aki-gun,海田町,カイタチョウ,Kaita-cho,,,,大立町,オオダテマチ,Odatemachi,,,,,,,,1,1,0,0,0,0,1,1,1947-04-17,,0,7360025,,,,,,,,,,,,,,,
343048,0007000,1,広島県,ヒロシマケン,Hiroshima,安芸郡,アキグン,Aki-gun,海田町,カイタチョウ,Kaita-cho,,,,海田市,カイタイチ,,,,,,,,,1,1,0,0,0,0,1,1,1947-04-17,,0,,,,,,,,,,,,,,,,
343048,0008001,2,広島県,ヒロシマケン,Hiroshima,安芸郡,アキグン,Aki-gun,海田町,カイタチョウ,Kaita-cho,,,,蟹原,カニハラ,Kanihara,一丁目,１チョウメ,1,,,,,1,1,0,0,0,0,1,1,1947-04-17,,0,,,,,,,,,,,,,,,,
343048,0008002,2,広島県,ヒロシマケン,Hiroshima,安芸郡,アキグン,Aki-gun,海田町,カイタチョウ,Kaita-cho,,,,蟹原,カニハラ,Kanihara,二丁目,２チョウメ,2,,,,,1,1,0,0,0,0,1,1,1947-04-17,,0,,,,,,,,,,,,,,,,
343048,0009000,1,広島県,ヒロシマケン,Hiroshima,安芸郡,アキグン,Aki-gun,海田町,カイタチョウ,Kaita-cho,,,,上市,カミイチ,Kamiichi,,,,,,,,1,1,0,0,0,0,1,1,1947-04-17,,0,7360061,,,,,,,,,,,,,,,
343048,0010001,2,広島県,ヒロシマケン,Hiroshima,安芸郡,アキグン,Aki-gun,海田町,カイタチョウ,Kaita-cho,,,,国信,クニノブ,Kuninobu,一丁目,１チョウメ,1,,,,,1,1,0,0,0,0,1,1,1947-04-17,,0,,,,,,,,,,,,,,,,
343048,0010002,2,広島県,ヒロシマケン,Hiroshima,安芸郡,アキグン,Aki-gun,海田町,カイタチョウ,Kaita-cho,,,,国信,クニノブ,Kuninobu,二丁目,２チョウメ,2,,,,,1,1,0,0,0,0,1,1,1947-04-17,,0,,,,,,,,,,,,,,,,
343048,0011000,1,広島県,ヒロシマケン,Hiroshima,安芸郡,アキグン,Aki-gun,海田町,カイタチョウ,Kaita-cho,,,,窪町,クボマチ,Kubomachi,,,,,,,,1,1,0,0,0,0,1,1,1947-04-17,,0,7360046,,,,,,,,,,,,,,,
343048,0012000,1,広島県,ヒロシマケン,Hiroshima,安芸郡,アキグン,Aki-gun,海田町,カイタチョウ,Kaita-cho,,,,寿町,コトブキマチ,Kotobukimachi,,,,,,,,1,1,0,0,0,0,1,1,1947-04-17,,0,7360053,,,,,,,,,,,,,,,
343048,0013000,1,広島県,ヒロシマケン,Hiroshima,安芸郡,アキグン,Aki-gun,海田町,カイタチョウ,Kaita-cho,,,,幸町,サイワイマチ,Saiwaimachi,,,,,,,,1,1,0,0,0,0,1,1,1947-04-17,,0,7360026,,,,,,,,,,,,,,,
343048,0014000,1,広島県,ヒロシマケン,Hiroshima,安芸郡,アキグン,Aki-gun,海田町,カイタチョウ,Kaita-cho,,,,栄町,サカエマチ,Sakaemachi,,,,,,,,1,1,0,0,0,0,1,1,1947-04-17,,0,7360043,,,,,,,,,,,,,,,
343048,0015000,1,広島県,ヒロシマケン,Hiroshima,安芸郡,アキグン,Aki-gun,海田町,カイタチョウ,Kaita-cho,,,,昭和中町,ショウワナカマチ,Showanakamachi,,,,,,,,1,1,0,0,0,0,1,1,1947-04-17,,0,7360064,,,,,,,,,,,,,,,
343048,0016000,1,広島県,ヒロシマケン,Hiroshima,安芸郡,アキグン,Aki-gun,海田町,カイタチョウ,Kaita-cho,,,,昭和町,ショウワマチ,Showamachi,,,,,,,,1,1,0,0,0,0,1,1,1947-04-17,,0,7360062,,,,,,,,,,,,,,,
343048,0017000,1,広島県,ヒロシマケン,Hiroshima,安芸郡,アキグン,Aki-gun,海田町,カイタチョウ,Kaita-cho,,,,新町,シンマチ,Shimmachi,,,,,,,,1,1,0,0,0,0,1,1,1947-04-17,,0,7360068,,,,,,,,,,,,,,,
343048,0018000,1,広島県,ヒロシマケン,Hiroshima,安芸郡,アキグン,Aki-gun,海田町,カイタチョウ,Kaita-cho,,,,砂走,スナバシリ,Sunabashiri,,,,,,,,1,1,0,0,0,0,1,1,1947-04-17,,0,7360001,,,,,,,,,,,,,,,
343048,0019000,1,広島県,ヒロシマケン,Hiroshima,安芸郡,アキグン,Aki-gun,海田町,カイタチョウ,Kaita-cho,,,,曽田,ソダ,Soda,,,,,,,,1,1,0,0,0,0,1,1,1947-04-17,,0,7360003,,,,,,,,,,,,,,,
343048,0020000,1,広島県,ヒロシマケン,Hiroshima,安芸郡,アキグン,Aki-gun,海田町,カイタチョウ,Kaita-cho,,,,大正町,タイショウマチ,Taishomachi,,,,,,,,1,1,0,0,0,0,1,1,1947-04-17,,0,7360041,,,,,,,,,,,,,,,
343048,0021000,1,広島県,ヒロシマケン,Hiroshima,安芸郡,アキグン,Aki-gun,海田町,カイタチョウ,Kaita-cho,,,,月見町,ツキミマチ,Tsukimimachi,,,,,,,,1,1,0,0,0,0,1,1,1947-04-17,,0,7360034,,,,,,,,,,,,,,,
343048,0022000,1,広島県,ヒロシマケン,Hiroshima,安芸郡,アキグン,Aki-gun,海田町,カイタチョウ,Kaita-cho,,,,つくも町,ツクモマチ,Tsukumomachi,,,,,,,,1,1,0,0,0,0,1,1,1947-04-17,,0,7360051,,,,,,,,,,,,,,,
343048,0023001,2,広島県,ヒロシマケン,Hiroshima,安芸郡,アキグン,Aki-gun,海田町,カイタチョウ,Kaita-cho,,,,寺迫,テラサコ,Terasako,一丁目,１チョウメ,1,,,,,1,1,0,0,0,0,1,1,1947-04-17,,0,,,,,,,,,,,,,,,,
343048,0023002,2,広島県,ヒロシマケン,Hiroshima,安芸郡,アキグン,Aki-gun,海田町,カイタチョウ,Kaita-cho,,,,寺迫,テラサコ,Terasako,二丁目,２チョウメ,2,,,,,1,1,0,0,0,0,1,1,1947-04-17,,0,,,,,,,,,,,,,,,,
343048,0024000,1,広島県,ヒロシマケン,Hiroshima,安芸郡,アキグン,Aki-gun,海田町,カイタチョウ,Kaita-cho,,,,中店,ナカミセ,Nakamise,,,,,,,,1,1,0,0,0,0,1,1,1947-04-17,,0,7360066,,,,,,,,,,,,,,,
343048,0025000,1,広島県,ヒロシマケン,Hiroshima,安芸郡,アキグン,Aki-gun,海田町,カイタチョウ,Kaita-cho,,,,成本,ナリモト,Narimoto,,,,,,,,1,1,0,0,0,0,1,1,1947-04-17,,0,7360021,,,,,,,,,,,,,,,
343048,0026000,1,広島県,ヒロシマケン,Hiroshima,安芸郡,アキグン,Aki-gun,海田町,カイタチョウ,Kaita-cho,,,,西浜,ニシハマ,Nishihama,,,,,,,,1,1,0,0,0,0,1,1,1947-04-17,,0,7360024,,,,,,,,,,,,,,,
343048,0027000,1,広島県,ヒロシマケン,Hiroshima,安芸郡,アキグン,Aki-gun,海田町,カイタチョウ,Kaita-cho,,,,西明神町,ニシミョウジンマチ,Nishimyojimmachi,,,,,,,,1,1,0,0,0,0,1,1,1947-04-17,,0,7360054,,,,,,,,,,,,,,,
343048,0028000,1,広島県,ヒロシマケン,Hiroshima,安芸郡,アキグン,Aki-gun,海田町,カイタチョウ,Kaita-cho,,,,浜角,ハマカド,Hamakado,,,,,,,,1,1,0,0,0,0,1,1,1947-04-17,,0,7360023,,,,,,,,,,,,,,,
343048,0029001,2,広島県,ヒロシマケン,Hiroshima,安芸郡,アキグン,Aki-gun,海田町,カイタチョウ,Kaita-cho,,,,東,ヒガシ,Higashi,一丁目,１チョウメ,1,,,,,1,1,0,0,0,0,1,1,1947-04-17,,0,,,,,,,,,,,,,,,,
343048,0029002,2,広島県,ヒロシマケン,Hiroshima,安芸郡,アキグン,Aki-gun,海田町,カイタチョウ,Kaita-cho,,,,東,ヒガシ,Higashi,二丁目,２チョウメ,2,,,,,1,1,0,0,0,0,1,1,1947-04-17,,0,,,,,,,,,,,,,,,,
343048,0030000,1,広島県,ヒロシマケン,Hiroshima,安芸郡,アキグン,Aki-gun,海田町,カイタチョウ,Kaita-cho,,,,東海田,ヒガシカイタ,Higashikaita,,,,,,,,1,1,0,0,0,0,1,1,1947-04-17,,0,7360071,,,,,,,,,,,,,,,
343048,0031000,1,広島県,ヒロシマケン,Hiroshima,安芸郡,アキグン,Aki-gun,海田町,カイタチョウ,Kaita-cho,,,,東昭和町,ヒガシショウワマチ,Higashishowamachi,,,,,,,,1,1,0,0,0,0,1,1,1947-04-17,,0,7360063,,,,,,,,,,,,,,,
343048,0032000,1,広島県,ヒロシマケン,Hiroshima,安芸郡,アキグン,Aki-gun,海田町,カイタチョウ,Kaita-cho,,,,日の出町,ヒノデマチ,Hinodemachi,,,,,,,,1,1,0,0,0,0,1,1,1947-04-17,,0,7360035,,,,,,,,,,,,,,,
343048,0033000,1,広島県,ヒロシマケン,Hiroshima,安芸郡,アキグン,Aki-gun,海田町,カイタチョウ,Kaita-cho,,,,堀川町,ホリカワマチ,Horikawamachi,,,,,,,,1,1,0,0,0,0,1,1,1947-04-17,,0,7360045,,,,,,,,,,,,,,,
343048,0034001,2,広島県,ヒロシマケン,Hiroshima,安芸郡,アキグン,Aki-gun,海田町,カイタチョウ,Kaita-cho,,,,三迫,ミサコ,Misako,一丁目,１チョウメ,1,,,,,1,1,0,0,0,0,1,1,1947-04-17,,0,,,,,,,,,,,,,,,,
343048,0034002,2,広島県,ヒロシマケン,Hiroshima,安芸郡,アキグン,Aki-gun,海田町,カイタチョウ,Kaita-cho,,,,三迫,ミサコ,Misako,二丁目,２チョウメ,2,,,,,1,1,0,0,0,0,1,1,1947-04-17,,0,,,,,,,,,,,,,,,,
343048,0034003,2,広島県,ヒロシマケン,Hiroshima,安芸郡,アキグン,Aki-gun,海田町,カイタチョウ,Kaita-cho,,,,三迫,ミサコ,Misako,三丁目,３チョウメ,3,,,,,1,1,0,0,0,0,1,1,1947-04-17,,0,,,,,,,,,,,,,,,,
343048,0035000,1,広島県,ヒロシマケン,Hiroshima,安芸郡,アキグン,Aki-gun,海田町,カイタチョウ,Kaita-cho,,,,南幸町,ミナミサイワイマチ,Minamisaiwaimachi,,,,,,,,1,1,0,0,0,0,1,1,1947-04-17,,0,7360032,,,,,,,,,,,,,,,
343048,0036000,1,広島県,ヒロシマケン,Hiroshima,安芸郡,アキグン,Aki-gun,海田町,カイタチョウ,Kaita-cho,,,,南昭和町,ミナミショウワマチ,Minamishowamachi,,,,,,,,1,1,0,0,0,0,1,1,1947-04-17,,0,7360065,,,,,,,,,,,,,,,
343048,0037000,1,広島県,ヒロシマケン,Hiroshima,安芸郡,アキグン,Aki-gun,海田町,カイタチョウ,Kaita-cho,,,,南大正町,ミナミタイショウマチ,Minamitaishomachi,,,,,,,,1,1,0,0,0,0,1,1,1947-04-17,,0,7360042,,,,,,,,,,,,,,,
343048,0038000,1,広島県,ヒロシマケン,Hiroshima,安芸郡,アキグン,Aki-gun,海田町,カイタチョウ,Kaita-cho,,,,南つくも町,ミナミツクモマチ,Minamitsukumomachi,,,,,,,,1,1,0,0,0,0,1,1,1947-04-17,,0,7360052,,,,,,,,,,,,,,,
343048,0039000,1,広島県,ヒロシマケン,Hiroshima,安芸郡,アキグン,Aki-gun,海田町,カイタチョウ,Kaita-cho,,,,南堀川町,ミナミホリカワマチ,Minamihorikawamachi,,,,,,,,1,1,0,0,0,0,1,1,1947-04-17,,0,7360044,,,,,,,,,,,,,,,
343048,0040000,1,広島県,ヒロシマケン,Hiroshima,安芸郡,アキグン,Aki-gun,海田町,カイタチョウ,Kaita-cho,,,,南本町,ミナミホンマチ,Minamihommachi,,,,,,,,1,1,0,0,0,0,1,1,1947-04-17,,0,7360033,,,,,,,,,,,,,,,
343048,0041000,1,広島県,ヒロシマケン,Hiroshima,安芸郡,アキグン,Aki-gun,海田町,カイタチョウ,Kaita-cho,,,,南明神町,ミナミミョウジンマチ,Minamimyojimmachi,,,,,,,,1,1,0,0,0,0,1,1,1947-04-17,,0,7360055,,,,,,,,,,,,,,,
343048,0042000,1,広島県,ヒロシマケン,Hiroshima,安芸郡,アキグン,Aki-gun,海田町,カイタチョウ,Kaita-cho,,,,明神町,ミョウジンマチ,Myojimmachi,,,,,,,,1,1,0,0,0,0,1,1,1947-04-17,,0,7360056,,,,,,,,,,,,,,,
343072,0000000,4,広島県,ヒロシマケン,Hiroshima,安芸郡,アキグン,Aki-gun,熊野町,クマノチョウ,Kumano-cho,,,,,,,,,,,,,,0,0,0,0,0,0,1,1,1947-04-17,,0,,,,,,,,,,,,,,,,
343072,0001000,1,広島県,ヒロシマケン,Hiroshima,安芸郡,アキグン,Aki-gun,熊野町,クマノチョウ,Kumano-cho,,,,石神,イシガミ,Ishigami,,,,,,,,1,1,0,0,0,0,1,1,1947-04-17,,0,7314225,,,,,,,,,,,,,,,
343072,0002000,1,広島県,ヒロシマケン,Hiroshima,安芸郡,アキグン,Aki-gun,熊野町,クマノチョウ,Kumano-cho,,,,大字川角,オオアザカワスミ,Kawasumi,,,,,,,,0,0,0,0,0,0,1,1,1947-04-17,,0,7314223,,,,,,,,,,,,,,,
343072,0003000,1,広島県,ヒロシマケン,Hiroshima,安芸郡,アキグン,Aki-gun,熊野町,クマノチョウ,Kumano-cho,,,,大字平谷,オオアザヒラダニ,Hiradani,,,,,,,,0,0,0,0,0,0,1,1,1947-04-17,,0,7314229,,,,,,,,,,,,,,,
343072,0004000,1,広島県,ヒロシマケン,Hiroshima,安芸郡,アキグン,Aki-gun,熊野町,クマノチョウ,Kumano-cho,,,,柿迫,カキサコ,Kakisako,,,,,,,,1,1,0,0,0,0,1,1,1947-04-17,,0,7314228,,,,,,,,,,,,,,,
343072,0005001,2,広島県,ヒロシマケン,Hiroshima,安芸郡,アキグン,Aki-gun,熊野町,クマノチョウ,Kumano-cho,,,,川角,カワスミ,Kawasumi,一丁目,１チョウメ,1,,,,,1,1,0,0,0,0,1,1,1947-04-17,,0,,,,,,,,,,,,,,,,
343072,0005002,2,広島県,ヒロシマケン,Hiroshima,安芸郡,アキグン,Aki-gun,熊野町,クマノチョウ,Kumano-cho,,,,川角,カワスミ,Kawasumi,二丁目,２チョウメ,2,,,,,1,1,0,0,0,0,1,1,1947-04-17,,0,,,,,,,,,,,,,,,,
343072,0005003,2,広島県,ヒロシマケン,Hiroshima,安芸郡,アキグン,Aki-gun,熊野町,クマノチョウ,Kumano-cho,,,,川角,カワスミ,Kawasumi,三丁目,３チョウメ,3,,,,,1,1,0,0,0,0,1,1,1947-04-17,,0,,,,,,,,,,,,,,,,
343072,0005004,2,広島県,ヒロシマケン,Hiroshima,安芸郡,アキグン,Aki-gun,熊野町,クマノチョウ,Kumano-cho,,,,川角,カワスミ,Kawasumi,四丁目,４チョウメ,4,,,,,1,1,0,0,0,0,1,1,1947-04-17,,0,,,,,,,,,,,,,,,,
343072,0005005,2,広島県,ヒロシマケン,Hiroshima,安芸郡,アキグン,Aki-gun,熊野町,クマノチョウ,Kumano-cho,,,,川角,カワスミ,Kawasumi,五丁目,５チョウメ,5,,,,,1,1,0,0,0,0,1,1,1947-04-17,,0,,,,,,,,,,,,,,,,
343072,0006000,1,広島県,ヒロシマケン,Hiroshima,安芸郡,アキグン,Aki-gun,熊野町,クマノチョウ,Kumano-cho,,,,神田,カンダ,Kanda,,,,,,,,1,1,0,0,0,0,1,1,1947-04-17,,0,7314224,,,,,,,,,,,,,,,
343072,0007000,1,広島県,ヒロシマケン,Hiroshima,安芸郡,アキグン,Aki-gun,熊野町,クマノチョウ,Kumano-cho,,,,貴船,キフネ,Kifune,,,,,,,,1,1,0,0,0,0,1,1,1947-04-17,,0,7314227,,,,,,,,,,,,,,,
343072,0008001,2,広島県,ヒロシマケン,Hiroshima,安芸郡,アキグン,Aki-gun,熊野町,クマノチョウ,Kumano-cho,,,,呉地,クレジ,Kureji,一丁目,１チョウメ,1,,,,,1,1,0,0,0,0,1,1,1947-04-17,,0,,,,,,,,,,,,,,,,
343072,0008002,2,広島県,ヒロシマケン,Hiroshima,安芸郡,アキグン,Aki-gun,熊野町,クマノチョウ,Kumano-cho,,,,呉地,クレジ,Kureji,二丁目,２チョウメ,2,,,,,1,1,0,0,0,0,1,1,1947-04-17,,0,,,,,,,,,,,,,,,,
343072,0008003,2,広島県,ヒロシマケン,Hiroshima,安芸郡,アキグン,Aki-gun,熊野町,クマノチョウ,Kumano-cho,,,,呉地,クレジ,Kureji,三丁目,３チョウメ,3,,,,,1,1,0,0,0,0,1,1,1947-04-17,,0,,,,,,,,,,,,,,,,
343072,0008004,2,広島県,ヒロシマケン,Hiroshima,安芸郡,アキグン,Aki-gun,熊野町,クマノチョウ,Kumano-cho,,,,呉地,クレジ,Kureji,四丁目,４チョウメ,4,,,,,1,1,0,0,0,0,1,1,1947-04-17,,0,,,,,,,,,,,,,,,,
343072,0008005,2,広島県,ヒロシマケン,Hiroshima,安芸郡,アキグン,Aki-gun,熊野町,クマノチョウ,Kumano-cho,,,,呉地,クレジ,Kureji,五丁目,５チョウメ,5,,,,,1,1,0,0,0,0,1,1,1947-04-17,,0,,,,,,,,,,,,,,,,
343072,0009001,2,広島県,ヒロシマケン,Hiroshima,安芸郡,アキグン,Aki-gun,熊野町,クマノチョウ,Kumano-cho,,,,城之堀,ジョウノホリ,Jonohori,一丁目,１チョウメ,1,,,,,1,1,0,0,0,0,1,1,1947-04-17,,0,,,,,,,,,,,,,,,,
343072,0009002,2,広島県,ヒロシマケン,Hiroshima,安芸郡,アキグン,Aki-gun,熊野町,クマノチョウ,Kumano-cho,,,,城之堀,ジョウノホリ,Jonohori,二丁目,２チョウメ,2,,,,,1,1,0,0,0,0,1,1,1947-04-17,,0,,,,,,,,,,,,,,,,
343072,0009003,2,広島県,ヒロシマケン,Hiroshima,安芸郡,アキグン,Aki-gun,熊野町,クマノチョウ,Kumano-cho,,,,城之堀,ジョウノホリ,Jonohori,三丁目,３チョウメ,3,,,,,1,1,0,0,0,0,1,1,1947-04-17,,0,,,,,,,,,,,,,,,,
343072,0009004,2,広島県,ヒロシマケン,Hiroshima,安芸郡,アキグン,Aki-gun,熊野町,クマノチョウ,Kumano-cho,,,,城之堀,ジョウノホリ,Jonohori,四丁目,４チョウメ,4,,,,,1,1,0,0,0,0,1,1,1947-04-17,,0,,,,,,,,,,,,,,,,
343072,0009005,2,広島県,ヒロシマケン,Hiroshima,安芸郡,アキグン,Aki-gun,熊野町,クマノチョウ,Kumano-cho,,,,城之堀,ジョウノホリ,Jonohori,五丁目,５チョウメ,5,,,,,1,1,0,0,0,0,1,1,1947-04-17,,0,,,,,,,,,,,,,,,,
343072,0009006,2,広島県,ヒロシマケン,Hiroshima,安芸郡,アキグン,Aki-gun,熊野町,クマノチョウ,Kumano-cho,,,,城之堀,ジョウノホリ,Jonohori,六丁目,６チョウメ,6,,,,,1,1,0,0,0,0,1,1,1947-04-17,,0,,,,,,,,,,,,,,,,
343072,0009007,2,広島県,ヒロシマケン,Hiroshima,安芸郡,アキグン,Aki-gun,熊野町,クマノチョウ,Kumano-cho,,,,城之堀,ジョウノホリ,Jonohori,七丁目,７チョウメ,7,,,,,1,1,0,0,0,0,1,1,1947-04-17,,0,,,,,,,,,,,,,,,,
343072,0009008,2,広島県,ヒロシマケン,Hiroshima,安芸郡,アキグン,Aki-gun,熊野町,クマノチョウ,Kumano-cho,,,,城之堀,ジョウノホリ,Jonohori,八丁目,８チョウメ,8,,,,,1,1,0,0,0,0,1,1,1947-04-17,,0,,,,,,,,,,,,,,,,
343072,0009009,2,広島県,ヒロシマケン,Hiroshima,安芸郡,アキグン,Aki-gun,熊野町,クマノチョウ,Kumano-cho,,,,城之堀,ジョウノホリ,Jonohori,九丁目,９チョウメ,9,,,,,1,1,0,0,0,0,1,1,1947-04-17,,0,,,,,,,,,,,,,,,,
343072,0009010,2,広島県,ヒロシマケン,Hiroshima,安芸郡,アキグン,Aki-gun,熊野町,クマノチョウ,Kumano-cho,,,,城之堀,ジョウノホリ,Jonohori,十丁目,１０チョウメ,10,,,,,1,1,0,0,0,0,1,1,1947-04-17,,0,,,,,,,,,,,,,,,,
343072,0010001,2,広島県,ヒロシマケン,Hiroshima,安芸郡,アキグン,Aki-gun,熊野町,クマノチョウ,Kumano-cho,,,,新宮,シングウ,Shingu,一丁目,１チョウメ,1,,,,,1,1,0,0,0,0,1,1,1947-04-17,,0,,,,,,,,,,,,,,,,
343072,0010002,2,広島県,ヒロシマケン,Hiroshima,安芸郡,アキグン,Aki-gun,熊野町,クマノチョウ,Kumano-cho,,,,新宮,シングウ,Shingu,二丁目,２チョウメ,2,,,,,1,1,0,0,0,0,1,1,1947-04-17,,0,,,,,,,,,,,,,,,,
343072,0010003,2,広島県,ヒロシマケン,Hiroshima,安芸郡,アキグン,Aki-gun,熊野町,クマノチョウ,Kumano-cho,,,,新宮,シングウ,Shingu,三丁目,３チョウメ,3,,,,,1,1,0,0,0,0,1,1,1947-04-17,,0,,,,,,,,,,,,,,,,
343072,0010004,2,広島県,ヒロシマケン,Hiroshima,安芸郡,アキグン,Aki-gun,熊野町,クマノチョウ,Kumano-cho,,,,新宮,シングウ,Shingu,四丁目,４チョウメ,4,,,,,1,1,0,0,0,0,1,1,1947-04-17,,0,,,,,,,,,,,,,,,,
343072,0010005,2,広島県,ヒロシマケン,Hiroshima,安芸郡,アキグン,Aki-gun,熊野町,クマノチョウ,Kumano-cho,,,,新宮,シングウ,Shingu,五丁目,５チョウメ,5,,,,,1,1,0,0,0,0,1,1,1947-04-17,,0,,,,,,,,,,,,,,,,
343072,0010006,2,広島県,ヒロシマケン,Hiroshima,安芸郡,アキグン,Aki-gun,熊野町,クマノチョウ,Kumano-cho,,,,新宮,シングウ,Shingu,六丁目,６チョウメ,6,,,,,1,1,0,0,0,0,1,1,1947-04-17,,0,,,,,,,,,,,,,,,,
343072,0010007,2,広島県,ヒロシマケン,Hiroshima,安芸郡,アキグン,Aki-gun,熊野町,クマノチョウ,Kumano-cho,,,,新宮,シングウ,Shingu,七丁目,７チョウメ,7,,,,,1,1,0,0,0,0,1,1,1947-04-17,,0,,,,,,,,,,,,,,,,
343072,0010008,2,広島県,ヒロシマケン,Hiroshima,安芸郡,アキグン,Aki-gun,熊野町,クマノチョウ,Kumano-cho,,,,新宮,シングウ,Shingu,八丁目,８チョウメ,8,,,,,1,1,0,0,0,0,1,1,1947-04-17,,0,,,,,,,,,,,,,,,,
343072,0011001,2,広島県,ヒロシマケン,Hiroshima,安芸郡,アキグン,Aki-gun,熊野町,クマノチョウ,Kumano-cho,,,,出来庭,デキニワ,Dekiniwa,一丁目,１チョウメ,1,,,,,1,1,0,0,0,0,1,1,1947-04-17,,0,,,,,,,,,,,,,,,,
343072,0011002,2,広島県,ヒロシマケン,Hiroshima,安芸郡,アキグン,Aki-gun,熊野町,クマノチョウ,Kumano-cho,,,,出来庭,デキニワ,Dekiniwa,二丁目,２チョウメ,2,,,,,1,1,0,0,0,0,1,1,1947-04-17,,0,,,,,,,,,,,,,,,,
343072,0011003,2,広島県,ヒロシマケン,Hiroshima,安芸郡,アキグン,Aki-gun,熊野町,クマノチョウ,Kumano-cho,,,,出来庭,デキニワ,Dekiniwa,三丁目,３チョウメ,3,,,,,1,1,0,0,0,0,1,1,1947-04-17,,0,,,,,,,,,,,,,,,,
343072,0011004,2,広島県,ヒロシマケン,Hiroshima,安芸郡,アキグン,Aki-gun,熊野町,クマノチョウ,Kumano-cho,,,,出来庭,デキニワ,Dekiniwa,四丁目,４チョウメ,4,,,,,1,1,0,0,0,0,1,1,1947-04-17,,0,,,,,,,,,,,,,,,,
343072,0011005,2,広島県,ヒロシマケン,Hiroshima,安芸郡,アキグン,Aki-gun,熊野町,クマノチョウ,Kumano-cho,,,,出来庭,デキニワ,Dekiniwa,五丁目,５チョウメ,5,,,,,1,1,0,0,0,0,1,1,1947-04-17,,0,,,,,,,,,,,,,,,,
343072,0011006,2,広島県,ヒロシマケン,Hiroshima,安芸郡,アキグン,Aki-gun,熊野町,クマノチョウ,Kumano-cho,,,,出来庭,デキニワ,Dekiniwa,六丁目,６チョウメ,6,,,,,1,1,0,0,0,0,1,1,1947-04-17,,0,,,,,,,,,,,,,,,,
343072,0011007,2,広島県,ヒロシマケン,Hiroshima,安芸郡,アキグン,Aki-gun,熊野町,クマノチョウ,Kumano-cho,,,,出来庭,デキニワ,Dekiniwa,七丁目,７チョウメ,7,,,,,1,1,0,0,0,0,1,1,1947-04-17,,0,,,,,,,,,,,,,,,,
343072,0011008,2,広島県,ヒロシマケン,Hiroshima,安芸郡,アキグン,Aki-gun,熊野町,クマノチョウ,Kumano-cho,,,,出来庭,デキニワ,Dekiniwa,八丁目,８チョウメ,8,,,,,1,1,0,0,0,0,1,1,1947-04-17,,0,,,,,,,,,,,,,,,,
343072,0011009,2,広島県,ヒロシマケン,Hiroshima,安芸郡,アキグン,Aki-gun,熊野町,クマノチョウ,Kumano-cho,,,,出来庭,デキニワ,Dekiniwa,九丁目,９チョウメ,9,,,,,1,1,0,0,0,0,1,1,1947-04-17,,0,,,,,,,,,,,,,,,,
343072,0011010,2,広島県,ヒロシマケン,Hiroshima,安芸郡,アキグン,Aki-gun,熊野町,クマノチョウ,Kumano-cho,,,,出来庭,デキニワ,Dekiniwa,十丁目,１０チョウメ,10,,,,,1,1,0,0,0,0,1,1,1947-04-17,,0,,,,,,,,,,,,,,,,
343072,0012001,2,広島県,ヒロシマケン,Hiroshima,安芸郡,アキグン,Aki-gun,熊野町,クマノチョウ,Kumano-cho,,,,中溝,ナカミゾ,Nakamizo,一丁目,１チョウメ,1,,,,,1,1,0,0,0,0,1,1,1947-04-17,,0,,,,,,,,,,,,,,,,
343072,0012002,2,広島県,ヒロシマケン,Hiroshima,安芸郡,アキグン,Aki-gun,熊野町,クマノチョウ,Kumano-cho,,,,中溝,ナカミゾ,Nakamizo,二丁目,２チョウメ,2,,,,,1,1,0,0,0,0,1,1,1947-04-17,,0,,,,,,,,,,,,,,,,
343072,0012003,2,広島県,ヒロシマケン,Hiroshima,安芸郡,アキグン,Aki-gun,熊野町,クマノチョウ,Kumano-cho,,,,中溝,ナカミゾ,Nakamizo,三丁目,３チョウメ,3,,,,,1,1,0,0,0,0,1,1,1947-04-17,,0,,,,,,,,,,,,,,,,
343072,0012004,2,広島県,ヒロシマケン,Hiroshima,安芸郡,アキグン,Aki-gun,熊野町,クマノチョウ,Kumano-cho,,,,中溝,ナカミゾ,Nakamizo,四丁目,４チョウメ,4,,,,,1,1,0,0,0,0,1,1,1947-04-17,,0,,,,,,,,,,,,,,,,
343072,0012005,2,広島県,ヒロシマケン,Hiroshima,安芸郡,アキグン,Aki-gun,熊野町,クマノチョウ,Kumano-cho,,,,中溝,ナカミゾ,Nakamizo,五丁目,５チョウメ,5,,,,,1,1,0,0,0,0,1,1,1947-04-17,,0,,,,,,,,,,,,,,,,
343072,0012006,2,広島県,ヒロシマケン,Hiroshima,安芸郡,アキグン,Aki-gun,熊野町,クマノチョウ,Kumano-cho,,,,中溝,ナカミゾ,Nakamizo,六丁目,６チョウメ,6,,,,,1,1,0,0,0,0,1,1,1947-04-17,,0,,,,,,,,,,,,,,,,
343072,0013001,2,広島県,ヒロシマケン,Hiroshima,安芸郡,アキグン,Aki-gun,熊野町,クマノチョウ,Kumano-cho,,,,萩原,ハギワラ,Hagiwara,一丁目,１チョウメ,1,,,,,1,1,0,0,0,0,1,1,1947-04-17,,0,,,,,,,,,,,,,,,,
343072,0013002,2,広島県,ヒロシマケン,Hiroshima,安芸郡,アキグン,Aki-gun,熊野町,クマノチョウ,Kumano-cho,,,,萩原,ハギワラ,Hagiwara,二丁目,２チョウメ,2,,,,,1,1,0,0,0,0,1,1,1947-04-17,,0,,,,,,,,,,,,,,,,
343072,0013003,2,広島県,ヒロシマケン,Hiroshima,安芸郡,アキグン,Aki-gun,熊野町,クマノチョウ,Kumano-cho,,,,萩原,ハギワラ,Hagiwara,三丁目,３チョウメ,3,,,,,1,1,0,0,0,0,1,1,1947-04-17,,0,,,,,,,,,,,,,,,,
343072,0013004,2,広島県,ヒロシマケン,Hiroshima,安芸郡,アキグン,Aki-gun,熊野町,クマノチョウ,Kumano-cho,,,,萩原,ハギワラ,Hagiwara,四丁目,４チョウメ,4,,,,,1,1,0,0,0,0,1,1,1947-04-17,,0,,,,,,,,,,,,,,,,
343072,0013005,2,広島県,ヒロシマケン,Hiroshima,安芸郡,アキグン,Aki-gun,熊野町,クマノチョウ,Kumano-cho,,,,萩原,ハギワラ,Hagiwara,五丁目,５チョウメ,5,,,,,1,1,0,0,0,0,1,1,1947-04-17,,0,,,,,,,,,,,,,,,,
343072,0013006,2,広島県,ヒロシマケン,Hiroshima,安芸郡,アキグン,Aki-gun,熊野町,クマノチョウ,Kumano-cho,,,,萩原,ハギワラ,Hagiwara,六丁目,６チョウメ,6,,,,,1,1,0,0,0,0,1,1,1947-04-17,,0,,,,,,,,,,,,,,,,
343072,0013007,2,広島県,ヒロシマケン,Hiroshima,安芸郡,アキグン,Aki-gun,熊野町,クマノチョウ,Kumano-cho,,,,萩原,ハギワラ,Hagiwara,七丁目,７チョウメ,7,,,,,1,1,0,0,0,0,1,1,1947-04-17,,0,,,,,,,,,,,,,,,,
343072,0013008,2,広島県,ヒロシマケン,Hiroshima,安芸郡,アキグン,Aki-gun,熊野町,クマノチョウ,Kumano-cho,,,,萩原,ハギワラ,Hagiwara,八丁目,８チョウメ,8,,,,,1,1,0,0,0,0,1,1,1947-04-17,,0,,,,,,,,,,,,,,,,
343072,0013009,2,広島県,ヒロシマケン,Hiroshima,安芸郡,アキグン,Aki-gun,熊野町,クマノチョウ,Kumano-cho,,,,萩原,ハギワラ,Hagiwara,九丁目,９チョウメ,9,,,,,1,1,0,0,0,0,1,1,1947-04-17,,0,,,,,,,,,,,,,,,,
343072,0013010,2,広島県,ヒロシマケン,Hiroshima,安芸郡,アキグン,Aki-gun,熊野町,クマノチョウ,Kumano-cho,,,,萩原,ハギワラ,Hagiwara,十丁目,１０チョウメ,10,,,,,1,1,0,0,0,0,1,1,1947-04-17,,0,,,,,,,,,,,,,,,,
343072,0014001,2,広島県,ヒロシマケン,Hiroshima,安芸郡,アキグン,Aki-gun,熊野町,クマノチョウ,Kumano-cho,,,,初神,ハツガミ,Hatsukami,一丁目,１チョウメ,1,,,,,1,1,0,0,0,0,1,1,1947-04-17,,0,,,,,,,,,,,,,,,,
343072,0014002,2,広島県,ヒロシマケン,Hiroshima,安芸郡,アキグン,Aki-gun,熊野町,クマノチョウ,Kumano-cho,,,,初神,ハツガミ,Hatsukami,二丁目,２チョウメ,2,,,,,1,1,0,0,0,0,1,1,1947-04-17,,0,,,,,,,,,,,,,,,,
343072,0014003,2,広島県,ヒロシマケン,Hiroshima,安芸郡,アキグン,Aki-gun,熊野町,クマノチョウ,Kumano-cho,,,,初神,ハツガミ,Hatsukami,三丁目,３チョウメ,3,,,,,1,1,0,0,0,0,1,1,1947-04-17,,0,,,,,,,,,,,,,,,,
343072,0014004,2,広島県,ヒロシマケン,Hiroshima,安芸郡,アキグン,Aki-gun,熊野町,クマノチョウ,Kumano-cho,,,,初神,ハツガミ,Hatsukami,四丁目,４チョウメ,4,,,,,1,1,0,0,0,0,1,1,1947-04-17,,0,,,,,,,,,,,,,,,,
343072,0015000,1,広島県,ヒロシマケン,Hiroshima,安芸郡,アキグン,Aki-gun,熊野町,クマノチョウ,Kumano-cho,,,,東山,ヒガシヤマ,Higashiyama,,,,,,,,1,1,0,0,0,0,1,0,1947-04-17,,0,7314226,,,,,,,,,,,,,,,
343072,0016001,2,広島県,ヒロシマケン,Hiroshima,安芸郡,アキグン,Aki-gun,熊野町,クマノチョウ,Kumano-cho,,,,平谷,ヒラダニ,Hiradani,一丁目,１チョウメ,1,,,,,1,1,0,0,0,0,1,1,1947-04-17,,0,,,,,,,,,,,,,,,,
343072,0016002,2,広島県,ヒロシマケン,Hiroshima,安芸郡,アキグン,Aki-gun,熊野町,クマノチョウ,Kumano-cho,,,,平谷,ヒラダニ,Hiradani,二丁目,２チョウメ,2,,,,,1,1,0,0,0,0,1,1,1947-04-17,,0,,,,,,,,,,,,,,,,
343072,0016003,2,広島県,ヒロシマケン,Hiroshima,安芸郡,アキグン,Aki-gun,熊野町,クマノチョウ,Kumano-cho,,,,平谷,ヒラダニ,Hiradani,三丁目,３チョウメ,3,,,,,1,1,0,0,0,0,1,1,1947-04-17,,0,,,,,,,,,,,,,,,,
343072,0016004,2,広島県,ヒロシマケン,Hiroshima,安芸郡,アキグン,Aki-gun,熊野町,クマノチョウ,Kumano-cho,,,,平谷,ヒラダニ,Hiradani,四丁目,４チョウメ,4,,,,,1,1,0,0,0,0,1,1,1947-04-17,,0,,,,,,,,,,,,,,,,
343072,0016005,2,広島県,ヒロシマケン,Hiroshima,安芸郡,アキグン,Aki-gun,熊野町,クマノチョウ,Kumano-cho,,,,平谷,ヒラダニ,Hiradani,五丁目,５チョウメ,5,,,,,0,0,0,0,0,0,1,1,1947-04-17,,0,,,,,,,,,,,,,,,,
343072,0017000,1,広島県,ヒロシマケン,Hiroshima,安芸郡,アキグン,Aki-gun,熊野町,クマノチョウ,Kumano-cho,,,,大字東山,オオアザヒガシヤマ,Higashiyama,,,,,,,,0,0,0,0,0,0,1,1,1947-04-17,,0,7314226,,,,,,,,,,,,,,,
343099,0000000,4,広島県,ヒロシマケン,Hiroshima,安芸郡,アキグン,Aki-gun,坂町,サカチョウ,Saka-cho,,,,,,,,,,,,,,0,0,0,0,0,0,1,1,1947-04-17,,0,,,,,,,,,,,,,,,,
343099,0001001,2,広島県,ヒロシマケン,Hiroshima,安芸郡,アキグン,Aki-gun,坂町,サカチョウ,Saka-cho,,,,植田,ウエダ,Ueda,一丁目,１チョウメ,1,,,,,1,1,0,0,0,0,1,1,1947-04-17,,0,,,,,,,,,,,,,,,,
343099,0001002,2,広島県,ヒロシマケン,Hiroshima,安芸郡,アキグン,Aki-gun,坂町,サカチョウ,Saka-cho,,,,植田,ウエダ,Ueda,二丁目,２チョウメ,2,,,,,1,1,0,0,0,0,1,1,1947-04-17,,0,,,,,,,,,,,,,,,,
343099,0001003,2,広島県,ヒロシマケン,Hiroshima,安芸郡,アキグン,Aki-gun,坂町,サカチョウ,Saka-cho,,,,植田,ウエダ,Ueda,三丁目,３チョウメ,3,,,,,1,1,0,0,0,0,1,1,1947-04-17,,0,,,,,,,,,,,,,,,,
343099,0001004,2,広島県,ヒロシマケン,Hiroshima,安芸郡,アキグン,Aki-gun,坂町,サカチョウ,Saka-cho,,,,植田,ウエダ,Ueda,四丁目,４チョウメ,4,,,,,1,1,0,0,0,0,1,1,1947-04-17,,0,,,,,,,,,,,,,,,,
343099,0002001,2,広島県,ヒロシマケン,Hiroshima,安芸郡,アキグン,Aki-gun,坂町,サカチョウ,Saka-cho,,,,北新地,キタシンチ,Kitashinchi,一丁目,１チョウメ,1,,,,,1,1,0,0,0,0,1,1,1947-04-17,,0,,,,,,,,,,,,,,,,
343099,0002002,2,広島県,ヒロシマケン,Hiroshima,安芸郡,アキグン,Aki-gun,坂町,サカチョウ,Saka-cho,,,,北新地,キタシンチ,Kitashinchi,二丁目,２チョウメ,2,,,,,1,1,0,0,0,0,1,1,1947-04-17,,0,,,,,,,,,,,,,,,,
343099,0002003,2,広島県,ヒロシマケン,Hiroshima,安芸郡,アキグン,Aki-gun,坂町,サカチョウ,Saka-cho,,,,北新地,キタシンチ,Kitashinchi,三丁目,３チョウメ,3,,,,,1,1,0,0,0,0,1,1,1947-04-17,,0,,,,,,,,,,,,,,,,
343099,0002004,2,広島県,ヒロシマケン,Hiroshima,安芸郡,アキグン,Aki-gun,坂町,サカチョウ,Saka-cho,,,,北新地,キタシンチ,Kitashinchi,四丁目,４チョウメ,4,,,,,1,1,0,0,0,0,1,1,1947-04-17,,0,,,,,,,,,,,,,,,,
343099,0003001,2,広島県,ヒロシマケン,Hiroshima,安芸郡,アキグン,Aki-gun,坂町,サカチョウ,Saka-cho,,,,小屋浦,コヤウラ,Koyaura,一丁目,１チョウメ,1,,,,,1,1,0,0,0,0,1,1,1947-04-17,,0,,,,,,,,,,,,,,,,
343099,0003002,2,広島県,ヒロシマケン,Hiroshima,安芸郡,アキグン,Aki-gun,坂町,サカチョウ,Saka-cho,,,,小屋浦,コヤウラ,Koyaura,二丁目,２チョウメ,2,,,,,1,1,0,0,0,0,1,1,1947-04-17,,0,,,,,,,,,,,,,,,,
343099,0003003,2,広島県,ヒロシマケン,Hiroshima,安芸郡,アキグン,Aki-gun,坂町,サカチョウ,Saka-cho,,,,小屋浦,コヤウラ,Koyaura,三丁目,３チョウメ,3,,,,,1,1,0,0,0,0,1,1,1947-04-17,,0,,,,,,,,,,,,,,,,
343099,0003004,2,広島県,ヒロシマケン,Hiroshima,安芸郡,アキグン,Aki-gun,坂町,サカチョウ,Saka-cho,,,,小屋浦,コヤウラ,Koyaura,四丁目,４チョウメ,4,,,,,1,1,0,0,0,0,1,1,1947-04-17,,0,,,,,,,,,,,,,,,,
343099,0004001,2,広島県,ヒロシマケン,Hiroshima,安芸郡,アキグン,Aki-gun,坂町,サカチョウ,Saka-cho,,,,坂西,サカニシ,Sakanishi,一丁目,１チョウメ,1,,,,,1,1,0,0,0,0,1,1,1947-04-17,,0,,,,,,,,,,,,,,,,
343099,0004002,2,広島県,ヒロシマケン,Hiroshima,安芸郡,アキグン,Aki-gun,坂町,サカチョウ,Saka-cho,,,,坂西,サカニシ,Sakanishi,二丁目,２チョウメ,2,,,,,1,1,0,0,0,0,1,1,1947-04-17,,0,,,,,,,,,,,,,,,,
343099,0004003,2,広島県,ヒロシマケン,Hiroshima,安芸郡,アキグン,Aki-gun,坂町,サカチョウ,Saka-cho,,,,坂西,サカニシ,Sakanishi,三丁目,３チョウメ,3,,,,,1,1,0,0,0,0,1,1,1947-04-17,,0,,,,,,,,,,,,,,,,
343099,0004004,2,広島県,ヒロシマケン,Hiroshima,安芸郡,アキグン,Aki-gun,坂町,サカチョウ,Saka-cho,,,,坂西,サカニシ,Sakanishi,四丁目,４チョウメ,4,,,,,1,1,0,0,0,0,1,1,1947-04-17,,0,,,,,,,,,,,,,,,,
343099,0005001,2,広島県,ヒロシマケン,Hiroshima,安芸郡,アキグン,Aki-gun,坂町,サカチョウ,Saka-cho,,,,坂東,サカヒガシ,Sakahigashi,一丁目,１チョウメ,1,,,,,1,1,0,0,0,0,1,1,1947-04-17,,0,,,,,,,,,,,,,,,,
343099,0005002,2,広島県,ヒロシマケン,Hiroshima,安芸郡,アキグン,Aki-gun,坂町,サカチョウ,Saka-cho,,,,坂東,サカヒガシ,Sakahigashi,二丁目,２チョウメ,2,,,,,1,1,0,0,0,0,1,1,1947-04-17,,0,,,,,,,,,,,,,,,,
343099,0005003,2,広島県,ヒロシマケン,Hiroshima,安芸郡,アキグン,Aki-gun,坂町,サカチョウ,Saka-cho,,,,坂東,サカヒガシ,Sakahigashi,三丁目,３チョウメ,3,,,,,1,1,0,0,0,0,1,1,1947-04-17,,0,,,,,,,,,,,,,,,,
343099,0005004,2,広島県,ヒロシマケン,Hiroshima,安芸郡,アキグン,Aki-gun,坂町,サカチョウ,Saka-cho,,,,坂東,サカヒガシ,Sakahigashi,四丁目,４チョウメ,4,,,,,1,1,0,0,0,0,1,1,1947-04-17,,0,,,,,,,,,,,,,,,,
343099,0006001,2,広島県,ヒロシマケン,Hiroshima,安芸郡,アキグン,Aki-gun,坂町,サカチョウ,Saka-cho,,,,鯛尾,タイビ,Taibi,一丁目,１チョウメ,1,,,,,1,1,0,0,0,0,1,1,1947-04-17,,0,,,,,,,,,,,,,,,,
343099,0006002,2,広島県,ヒロシマケン,Hiroshima,安芸郡,アキグン,Aki-gun,坂町,サカチョウ,Saka-cho,,,,鯛尾,タイビ,Taibi,二丁目,２チョウメ,2,,,,,1,1,0,0,0,0,1,1,1947-04-17,,0,,,,,,,,,,,,,,,,
343099,0007001,2,広島県,ヒロシマケン,Hiroshima,安芸郡,アキグン,Aki-gun,坂町,サカチョウ,Saka-cho,,,,平成ヶ浜,ヘイセイガハマ,,一丁目,１チョウメ,1,,,,,1,1,0,0,0,0,1,1,1947-04-17,,0,,,,,,,,,,,,,,,,
343099,0007002,2,広島県,ヒロシマケン,Hiroshima,安芸郡,アキグン,Aki-gun,坂町,サカチョウ,Saka-cho,,,,平成ヶ浜,ヘイセイガハマ,,二丁目,２チョウメ,2,,,,,1,1,0,0,0,0,1,1,1947-04-17,,0,,,,,,,,,,,,,,,,
343099,0007003,2,広島県,ヒロシマケン,Hiroshima,安芸郡,アキグン,Aki-gun,坂町,サカチョウ,Saka-cho,,,,平成ヶ浜,ヘイセイガハマ,,三丁目,３チョウメ,3,,,,,1,1,0,0,0,0,1,1,1947-04-17,,0,,,,,,,,,,,,,,,,
343099,0007004,2,広島県,ヒロシマケン,Hiroshima,安芸郡,アキグン,Aki-gun,坂町,サカチョウ,Saka-cho,,,,平成ヶ浜,ヘイセイガハマ,,四丁目,４チョウメ,4,,,,,1,1,0,0,0,0,1,1,1947-04-17,,0,,,,,,,,,,,,,,,,
343099,0007005,2,広島県,ヒロシマケン,Hiroshima,安芸郡,アキグン,Aki-gun,坂町,サカチョウ,Saka-cho,,,,平成ヶ浜,ヘイセイガハマ,,五丁目,５チョウメ,5,,,,,1,1,0,0,0,0,1,1,1947-04-17,,0,,,,,,,,,,,,,,,,
343099,0008001,2,広島県,ヒロシマケン,Hiroshima,安芸郡,アキグン,Aki-gun,坂町,サカチョウ,Saka-cho,,,,横浜中央,ヨコハマチュウオウ,Yokohamachuo,一丁目,１チョウメ,1,,,,,1,1,0,0,0,0,1,1,1947-04-17,,0,,,,,,,,,,,,,,,,
343099,0008002,2,広島県,ヒロシマケン,Hiroshima,安芸郡,アキグン,Aki-gun,坂町,サカチョウ,Saka-cho,,,,横浜中央,ヨコハマチュウオウ,Yokohamachuo,二丁目,２チョウメ,2,,,,,1,1,0,0,0,0,1,1,1947-04-17,,0,,,,,,,,,,,,,,,,
343099,0008003,2,広島県,ヒロシマケン,Hiroshima,安芸郡,アキグン,Aki-gun,坂町,サカチョウ,Saka-cho,,,,横浜中央,ヨコハマチュウオウ,Yokohamachuo,三丁目,３チョウメ,3,,,,,1,1,0,0,0,0,1,1,1947-04-17,,0,,,,,,,,,,,,,,,,
343099,0009001,2,広島県,ヒロシマケン,Hiroshima,安芸郡,アキグン,Aki-gun,坂町,サカチョウ,Saka-cho,,,,横浜西,ヨコハマニシ,Yokohamanishi,一丁目,１チョウメ,1,,,,,1,1,0,0,0,0,1,1,1947-04-17,,0,,,,,,,,,,,,,,,,
343099,0009002,2,広島県,ヒロシマケン,Hiroshima,安芸郡,アキグン,Aki-gun,坂町,サカチョウ,Saka-cho,,,,横浜西,ヨコハマニシ,Yokohamanishi,二丁目,２チョウメ,2,,,,,1,1,0,0,0,0,1,1,1947-04-17,,0,,,,,,,,,,,,,,,,
343099,0010001,2,広島県,ヒロシマケン,Hiroshima,安芸郡,アキグン,Aki-gun,坂町,サカチョウ,Saka-cho,,,,横浜東,ヨコハマヒガシ,Yokohamahigashi,一丁目,１チョウメ,1,,,,,1,1,0,0,0,0,1,1,1947-04-17,,0,,,,,,,,,,,,,,,,
343099,0010002,2,広島県,ヒロシマケン,Hiroshima,安芸郡,アキグン,Aki-gun,坂町,サカチョウ,Saka-cho,,,,横浜東,ヨコハマヒガシ,Yokohamahigashi,二丁目,２チョウメ,2,,,,,1,1,0,0,0,0,1,1,1947-04-17,,0,,,,,,,,,,,,,,,,
343684,0001000,1,広島県,ヒロシマケン,Hiroshima,山県郡,ヤマガタグン,Yamagata-gun,安芸太田町,アキオオタチョウ,Akiota-cho,,,,大字遊谷,オオアザアゾウダニ,Azodani,,,,,,,,0,0,0,0,0,0,1,1,1947-04-17,,0,7313812,,,,,,,,,,,,,,,
343684,0002000,1,広島県,ヒロシマケン,Hiroshima,山県郡,ヤマガタグン,Yamagata-gun,安芸太田町,アキオオタチョウ,Akiota-cho,,,,大字穴,オオアザアナ,Ana,,,,,,,,0,0,0,0,0,0,1,1,1947-04-17,,0,7313411,,,,,,,,,,,,,,,
343684,0003000,1,広島県,ヒロシマケン,Hiroshima,山県郡,ヤマガタグン,Yamagata-gun,安芸太田町,アキオオタチョウ,Akiota-cho,,,,大字板ケ谷,オオアザイタガタニ,Itagatani,,,,,,,,0,0,0,0,0,0,1,0,1947-04-17,,0,7313833,,,,,,,,,,,,,,,
343684,0004000,1,広島県,ヒロシマケン,Hiroshima,山県郡,ヤマガタグン,Yamagata-gun,安芸太田町,アキオオタチョウ,Akiota-cho,,,,大字猪山,オオアザイノシヤマ,Inoshiyama,,,,,,,,0,0,0,0,0,0,1,0,1947-04-17,,0,7313551,,,,,,,,,,,,,,,
343684,0005000,1,広島県,ヒロシマケン,Hiroshima,山県郡,ヤマガタグン,Yamagata-gun,安芸太田町,アキオオタチョウ,Akiota-cho,,,,大字打梨,オオアザウツナシ,Utsunashi,,,,,,,,0,0,0,0,0,0,1,0,1947-04-17,,0,7313844,,,,,,,,,,,,,,,
343684,0006000,1,広島県,ヒロシマケン,Hiroshima,山県郡,ヤマガタグン,Yamagata-gun,安芸太田町,アキオオタチョウ,Akiota-cho,,,,大字加計,オオアザカケ,Kake,,,,,,,,0,0,0,0,0,0,1,1,1947-04-17,,0,7313501,,,,,,,,,,,,,,,
343684,0007000,1,広島県,ヒロシマケン,Hiroshima,山県郡,ヤマガタグン,Yamagata-gun,安芸太田町,アキオオタチョウ,Akiota-cho,,,,大字梶ノ木,オオアザカジノキ,Kajinoki,,,,,,,,0,0,0,0,0,0,1,0,1947-04-17,,0,7313832,,,,,,,,,,,,,,,
343684,0008000,1,広島県,ヒロシマケン,Hiroshima,山県郡,ヤマガタグン,Yamagata-gun,安芸太田町,アキオオタチョウ,Akiota-cho,,,,大字上筒賀,オオアザカミツツガ,Kamitsutsuga,,,,,,,,0,0,0,0,0,0,1,0,1947-04-17,,0,7313701,,,,,,,,,,,,,,,
343684,0009000,1,広島県,ヒロシマケン,Hiroshima,山県郡,ヤマガタグン,Yamagata-gun,安芸太田町,アキオオタチョウ,Akiota-cho,,,,大字上殿,オオアザカミトノ,Kamitono,,,,,,,,0,0,0,0,0,0,1,0,1947-04-17,,0,7313664,,,,,,,,,,,,,,,
343684,0010000,1,広島県,ヒロシマケン,Hiroshima,山県郡,ヤマガタグン,Yamagata-gun,安芸太田町,アキオオタチョウ,Akiota-cho,,,,大字川手,オオアザカワテ,Kawate,,,,,,,,0,0,0,0,0,0,1,0,1947-04-17,,0,7313831,,,,,,,,,,,,,,,
343684,0011000,1,広島県,ヒロシマケン,Hiroshima,山県郡,ヤマガタグン,Yamagata-gun,安芸太田町,アキオオタチョウ,Akiota-cho,,,,大字観音,オオアザカンノン,Kannon,,,,,,,,0,0,0,0,0,0,1,1,1947-04-17,,0,7313503,,,,,,,,,,,,,,,
343684,0012000,1,広島県,ヒロシマケン,Hiroshima,山県郡,ヤマガタグン,Yamagata-gun,安芸太田町,アキオオタチョウ,Akiota-cho,,,,大字下筒賀,オオアザシモツツガ,Shimotsutsuga,,,,,,,,0,0,0,0,0,0,1,1,1947-04-17,,0,7313621,,,,,,,,,,,,,,,
343684,0013000,1,広島県,ヒロシマケン,Hiroshima,山県郡,ヤマガタグン,Yamagata-gun,安芸太田町,アキオオタチョウ,Akiota-cho,,,,大字下殿河内,オオアザシモトノゴウチ,Shimotonogochi,,,,,,,,0,0,0,0,0,0,1,1,1947-04-17,,0,7313622,,,,,,,,,,,,,,,
343684,0014000,1,広島県,ヒロシマケン,Hiroshima,山県郡,ヤマガタグン,Yamagata-gun,安芸太田町,アキオオタチョウ,Akiota-cho,,,,大字寺領,オオアザジリョウ,Jiryo,,,,,,,,0,0,0,0,0,0,1,0,1947-04-17,,0,7313824,,,,,,,,,,,,,,,
343684,0015000,1,広島県,ヒロシマケン,Hiroshima,山県郡,ヤマガタグン,Yamagata-gun,安芸太田町,アキオオタチョウ,Akiota-cho,,,,大字柴木,オオアザシワギ,Shiwagi,,,,,,,,0,0,0,0,0,0,1,0,1947-04-17,,0,7313813,,,,,,,,,,,,,,,
343684,0016000,1,広島県,ヒロシマケン,Hiroshima,山県郡,ヤマガタグン,Yamagata-gun,安芸太田町,アキオオタチョウ,Akiota-cho,,,,大字田吹,オオアザタブキ,Tabuki,,,,,,,,0,0,0,0,0,0,1,0,1947-04-17,,0,7313842,,,,,,,,,,,,,,,
343684,0017000,1,広島県,ヒロシマケン,Hiroshima,山県郡,ヤマガタグン,Yamagata-gun,安芸太田町,アキオオタチョウ,Akiota-cho,,,,大字津浪,オオアザツナミ,Tsunami,,,,,,,,0,0,0,0,0,0,1,1,1947-04-17,,0,7313502,,,,,,,,,,,,,,,
343684,0018000,1,広島県,ヒロシマケン,Hiroshima,山県郡,ヤマガタグン,Yamagata-gun,安芸太田町,アキオオタチョウ,Akiota-cho,,,,大字坪野,オオアザツボノ,Tsubono,,,,,,,,0,0,0,0,0,0,1,1,1947-04-17,,0,7313412,,,,,,,,,,,,,,,
343684,0019000,1,広島県,ヒロシマケン,Hiroshima,山県郡,ヤマガタグン,Yamagata-gun,安芸太田町,アキオオタチョウ,Akiota-cho,,,,大字土居,オオアザドイ,Doi,,,,,,,,0,0,0,0,0,0,1,0,1947-04-17,,0,7313821,,,,,,,,,,,,,,,
343684,0020000,1,広島県,ヒロシマケン,Hiroshima,山県郡,ヤマガタグン,Yamagata-gun,安芸太田町,アキオオタチョウ,Akiota-cho,,,,大字戸河内,オオアザトゴウチ,Togochi,,,,,,,,0,0,0,0,0,0,1,0,1947-04-17,,0,7313810,,,,,,,,,,,,,,,
343684,0021000,1,広島県,ヒロシマケン,Hiroshima,山県郡,ヤマガタグン,Yamagata-gun,安芸太田町,アキオオタチョウ,Akiota-cho,,,,大字中筒賀,オオアザナカツツガ,Nakatsutsuga,,,,,,,,0,0,0,0,0,0,1,0,1947-04-17,,0,7313702,,,,,,,,,,,,,,,
343684,0022000,1,広島県,ヒロシマケン,Hiroshima,山県郡,ヤマガタグン,Yamagata-gun,安芸太田町,アキオオタチョウ,Akiota-cho,,,,大字那須,オオアザナス,Nasu,,,,,,,,0,0,0,0,0,0,1,0,1947-04-17,,0,7313845,,,,,,,,,,,,,,,
343684,0023000,1,広島県,ヒロシマケン,Hiroshima,山県郡,ヤマガタグン,Yamagata-gun,安芸太田町,アキオオタチョウ,Akiota-cho,,,,大字平見谷,オオアザヒラミダニ,Hiramidani,,,,,,,,0,0,0,0,0,0,1,0,1947-04-17,,0,7313552,,,,,,,,,,,,,,,
343684,0024000,1,広島県,ヒロシマケン,Hiroshima,山県郡,ヤマガタグン,Yamagata-gun,安芸太田町,アキオオタチョウ,Akiota-cho,,,,大字横川,オオアザヨコゴウ,Yokogo,,,,,,,,0,0,0,0,0,0,1,0,1947-04-17,,0,7313801,,,,,,,,,,,,,,,
343684,0025000,1,広島県,ヒロシマケン,Hiroshima,山県郡,ヤマガタグン,Yamagata-gun,安芸太田町,アキオオタチョウ,Akiota-cho,,,,大字吉和郷,オオアザヨシワゴウ,Yoshiwago,,,,,,,,0,0,0,0,0,0,1,0,1947-04-17,,0,7313843,,,,,,,,,,,,,,,
343684,0026000,1,広島県,ヒロシマケン,Hiroshima,山県郡,ヤマガタグン,Yamagata-gun,安芸太田町,アキオオタチョウ,Akiota-cho,,,,大字小板,オオアザコイタ,Koita,,,,,,,,0,0,0,0,0,0,1,0,1947-04-17,,0,7313835,,,,,,,,,,,,,,,
343684,0027000,1,広島県,ヒロシマケン,Hiroshima,山県郡,ヤマガタグン,Yamagata-gun,安芸太田町,アキオオタチョウ,Akiota-cho,,,,大字松原,オオアザマツバラ,Matsubara,,,,,,,,0,0,0,0,0,0,1,0,1947-04-17,,0,7313834,,,,,,,,,,,,,,,
343692,0001000,1,広島県,ヒロシマケン,Hiroshima,山県郡,ヤマガタグン,Yamagata-gun,北広島町,キタヒロシマチョウ,Kitahiroshima-cho,,,,阿坂,アザカ,Azaka,,,,,,,,0,0,0,0,0,0,1,1,1947-04-17,,0,7311222,,,,,,,,,,,,,,,
343692,0002000,1,広島県,ヒロシマケン,Hiroshima,山県郡,ヤマガタグン,Yamagata-gun,北広島町,キタヒロシマチョウ,Kitahiroshima-cho,,,,有田,アリダ,Arida,,,,,,,,0,0,0,0,0,0,1,1,1947-04-17,,0,7311533,,,,,,,,,,,,,,,
343692,0004000,1,広島県,ヒロシマケン,Hiroshima,山県郡,ヤマガタグン,Yamagata-gun,北広島町,キタヒロシマチョウ,Kitahiroshima-cho,,,,筏津,イカダヅ,Ikadatsu,,,,,,,,0,0,0,0,0,0,1,1,1947-04-17,,0,7312106,,,,,,,,,,,,,,,
343692,0005000,1,広島県,ヒロシマケン,Hiroshima,山県郡,ヤマガタグン,Yamagata-gun,北広島町,キタヒロシマチョウ,Kitahiroshima-cho,,,,石井谷,イシイダニ,Ishiidani,,,,,,,,0,0,0,0,0,0,1,1,1947-04-17,,0,7311525,,,,,,,,,,,,,,,
343692,0006000,1,広島県,ヒロシマケン,Hiroshima,山県郡,ヤマガタグン,Yamagata-gun,北広島町,キタヒロシマチョウ,Kitahiroshima-cho,,,,今田,イマダ,Imada,,,,,,,,0,0,0,0,0,0,1,1,1947-04-17,,0,7311535,,,,,,,,,,,,,,,
343692,0007000,1,広島県,ヒロシマケン,Hiroshima,山県郡,ヤマガタグン,Yamagata-gun,北広島町,キタヒロシマチョウ,Kitahiroshima-cho,,,,今吉田,イマヨシダ,Imayoshida,,,,,,,,0,0,0,0,0,0,1,1,1947-04-17,,0,7311221,,,,,,,,,,,,,,,
343692,0008000,1,広島県,ヒロシマケン,Hiroshima,山県郡,ヤマガタグン,Yamagata-gun,北広島町,キタヒロシマチョウ,Kitahiroshima-cho,,,,岩戸,イワド,Iwado,,,,,,,,0,0,0,0,0,0,1,1,1947-04-17,,0,7312102,,,,,,,,,,,,,,,
343692,0010000,1,広島県,ヒロシマケン,Hiroshima,山県郡,ヤマガタグン,Yamagata-gun,北広島町,キタヒロシマチョウ,Kitahiroshima-cho,,,,雲耕,ウズノウ,Uzuno,,,,,,,,0,0,0,0,0,0,1,1,1947-04-17,,0,7312442,,,,,,,,,,,,,,,
343692,0012000,1,広島県,ヒロシマケン,Hiroshima,山県郡,ヤマガタグン,Yamagata-gun,北広島町,キタヒロシマチョウ,Kitahiroshima-cho,,,,大朝,オオアサ,Oasa,,,,,,,,0,0,0,0,0,0,1,1,1947-04-17,,0,7312104,,,,,,,,,,,,,,,
343692,0014000,1,広島県,ヒロシマケン,Hiroshima,山県郡,ヤマガタグン,Yamagata-gun,北広島町,キタヒロシマチョウ,Kitahiroshima-cho,,,,大塚,オオツカ,Otsuka,,,,,,,,0,0,0,0,0,0,1,1,1947-04-17,,0,7312107,,,,,,,,,,,,,,,
343692,0015000,1,広島県,ヒロシマケン,Hiroshima,山県郡,ヤマガタグン,Yamagata-gun,北広島町,キタヒロシマチョウ,Kitahiroshima-cho,,,,大利原,オオトシバラ,Otoshibara,,,,,,,,0,0,0,0,0,0,1,1,1947-04-17,,0,7312315,,,,,,,,,,,,,,,
343692,0016000,1,広島県,ヒロシマケン,Hiroshima,山県郡,ヤマガタグン,Yamagata-gun,北広島町,キタヒロシマチョウ,Kitahiroshima-cho,,,,大元,オオモト,Omoto,,,,,,,,0,0,0,0,0,0,1,1,1947-04-17,,0,7312437,,,,,,,,,,,,,,,
343692,0018000,1,広島県,ヒロシマケン,Hiroshima,山県郡,ヤマガタグン,Yamagata-gun,北広島町,キタヒロシマチョウ,Kitahiroshima-cho,,,,奥原,オクバラ,Okuhara,,,,,,,,0,0,0,0,0,0,1,1,1947-04-17,,0,7312312,,,,,,,,,,,,,,,
343692,0019000,1,広島県,ヒロシマケン,Hiroshima,山県郡,ヤマガタグン,Yamagata-gun,北広島町,キタヒロシマチョウ,Kitahiroshima-cho,,,,海応寺,カイオウジ,Kaioji,,,,,,,,0,0,0,0,0,0,1,1,1947-04-17,,0,7311703,,,,,,,,,,,,,,,
343692,0020000,1,広島県,ヒロシマケン,Hiroshima,山県郡,ヤマガタグン,Yamagata-gun,北広島町,キタヒロシマチョウ,Kitahiroshima-cho,,,,上石,カミイシ,Kamiishi,,,,,,,,0,0,0,0,0,0,1,1,1947-04-17,,0,7311702,,,,,,,,,,,,,,,
343692,0021000,1,広島県,ヒロシマケン,Hiroshima,山県郡,ヤマガタグン,Yamagata-gun,北広島町,キタヒロシマチョウ,Kitahiroshima-cho,,,,苅屋形,カリヤカタ,Kariyagata,,,,,,,,0,0,0,0,0,0,1,1,1947-04-17,,0,7312317,,,,,,,,,,,,,,,
343692,0024000,1,広島県,ヒロシマケン,Hiroshima,山県郡,ヤマガタグン,Yamagata-gun,北広島町,キタヒロシマチョウ,Kitahiroshima-cho,,,,川戸,カワド,Kawado,,,,,,,,0,0,0,0,0,0,1,1,1947-04-17,,0,7311501,,,,,,,,,,,,,,,
343692,0025000,1,広島県,ヒロシマケン,Hiroshima,山県郡,ヤマガタグン,Yamagata-gun,北広島町,キタヒロシマチョウ,Kitahiroshima-cho,,,,川西,カワニシ,Kawanishi,,,,,,,,0,0,0,0,0,0,1,1,1947-04-17,,0,7311516,,,,,,,,,,,,,,,
343692,0026000,1,広島県,ヒロシマケン,Hiroshima,山県郡,ヤマガタグン,Yamagata-gun,北広島町,キタヒロシマチョウ,Kitahiroshima-cho,,,,川東,カワヒガシ,Kawahigashi,,,,,,,,0,0,0,0,0,0,1,1,1947-04-17,,0,7311512,,,,,,,,,,,,,,,
343692,0027000,1,広島県,ヒロシマケン,Hiroshima,山県郡,ヤマガタグン,Yamagata-gun,北広島町,キタヒロシマチョウ,Kitahiroshima-cho,,,,木次,キツギ,Kitsugi,,,,,,,,0,0,0,0,0,0,1,1,1947-04-17,,0,7311524,,,,,,,,,,,,,,,
343692,0030000,1,広島県,ヒロシマケン,Hiroshima,山県郡,ヤマガタグン,Yamagata-gun,北広島町,キタヒロシマチョウ,Kitahiroshima-cho,,,,荒神原,コウジンバラ,Kojimbara,,,,,,,,0,0,0,0,0,0,1,1,1947-04-17,,0,7312431,,,,,,,,,,,,,,,
343692,0032000,1,広島県,ヒロシマケン,Hiroshima,山県郡,ヤマガタグン,Yamagata-gun,北広島町,キタヒロシマチョウ,Kitahiroshima-cho,,,,古保利,コホリ,Kohori,,,,,,,,0,0,0,0,0,0,1,1,1947-04-17,,0,7311532,,,,,,,,,,,,,,,
343692,0033000,1,広島県,ヒロシマケン,Hiroshima,山県郡,ヤマガタグン,Yamagata-gun,北広島町,キタヒロシマチョウ,Kitahiroshima-cho,,,,才乙,サイオト,Sayoto,,,,,,,,0,0,0,0,0,0,1,1,1947-04-17,,0,7312314,,,,,,,,,,,,,,,
343692,0036000,1,広島県,ヒロシマケン,Hiroshima,山県郡,ヤマガタグン,Yamagata-gun,北広島町,キタヒロシマチョウ,Kitahiroshima-cho,,,,新氏神,シンウジガミ,Shinujigami,,,,,,,,0,0,0,0,0,0,1,1,1947-04-17,,0,7311514,,,,,,,,,,,,,,,
343692,0037000,1,広島県,ヒロシマケン,Hiroshima,山県郡,ヤマガタグン,Yamagata-gun,北広島町,キタヒロシマチョウ,Kitahiroshima-cho,,,,新郷,シンゴウ,Shingo,,,,,,,,0,0,0,0,0,0,1,1,1947-04-17,,0,7311522,,,,,,,,,,,,,,,
343692,0038000,1,広島県,ヒロシマケン,Hiroshima,山県郡,ヤマガタグン,Yamagata-gun,北広島町,キタヒロシマチョウ,Kitahiroshima-cho,,,,新庄,シンジョウ,Shinjo,,,,,,,,0,0,0,0,0,0,1,1,1947-04-17,,0,7312103,,,,,,,,,,,,,,,
343692,0039000,1,広島県,ヒロシマケン,Hiroshima,山県郡,ヤマガタグン,Yamagata-gun,北広島町,キタヒロシマチョウ,Kitahiroshima-cho,,,,新都,シント,,,,,,,,,0,0,0,0,0,0,1,1,1947-04-17,,0,,,,,,,,,,,,,,,,
343692,0040000,1,広島県,ヒロシマケン,Hiroshima,山県郡,ヤマガタグン,Yamagata-gun,北広島町,キタヒロシマチョウ,Kitahiroshima-cho,,,,惣森,ソウモリ,Somori,,,,,,,,0,0,0,0,0,0,1,1,1947-04-17,,0,7311511,,,,,,,,,,,,,,,
343692,0042000,1,広島県,ヒロシマケン,Hiroshima,山県郡,ヤマガタグン,Yamagata-gun,北広島町,キタヒロシマチョウ,Kitahiroshima-cho,,,,田原,タワラ,Tawara,,,,,,,,0,0,0,0,0,0,1,1,1947-04-17,,0,7312105,,,,,,,,,,,,,,,
343692,0043000,1,広島県,ヒロシマケン,Hiroshima,山県郡,ヤマガタグン,Yamagata-gun,北広島町,キタヒロシマチョウ,Kitahiroshima-cho,,,,都志見,ツシミ,Tsushimi,,,,,,,,0,0,0,0,0,0,1,1,1947-04-17,,0,7311712,,,,,,,,,,,,,,,
343692,0044000,1,広島県,ヒロシマケン,Hiroshima,山県郡,ヤマガタグン,Yamagata-gun,北広島町,キタヒロシマチョウ,Kitahiroshima-cho,,,,土橋,ツチハシ,Tsuchihashi,,,,,,,,0,0,0,0,0,0,1,1,1947-04-17,,0,7312311,,,,,,,,,,,,,,,
343692,0046000,1,広島県,ヒロシマケン,Hiroshima,山県郡,ヤマガタグン,Yamagata-gun,北広島町,キタヒロシマチョウ,Kitahiroshima-cho,,,,戸谷,トダニ,Todani,,,,,,,,0,0,0,0,0,0,1,1,1947-04-17,,0,7311711,,,,,,,,,,,,,,,
343692,0048000,1,広島県,ヒロシマケン,Hiroshima,山県郡,ヤマガタグン,Yamagata-gun,北広島町,キタヒロシマチョウ,Kitahiroshima-cho,,,,中祖,ナカソ,Nakaso,,,,,,,,0,0,0,0,0,0,1,1,1947-04-17,,0,7312432,,,,,,,,,,,,,,,
343692,0050000,1,広島県,ヒロシマケン,Hiroshima,山県郡,ヤマガタグン,Yamagata-gun,北広島町,キタヒロシマチョウ,Kitahiroshima-cho,,,,中山,ナカヤマ,Nakayama,,,,,,,,0,0,0,0,0,0,1,1,1947-04-17,,0,7311506,,,,,,,,,,,,,,,
343692,0051000,1,広島県,ヒロシマケン,Hiroshima,山県郡,ヤマガタグン,Yamagata-gun,北広島町,キタヒロシマチョウ,Kitahiroshima-cho,,,,南門原,ナモンバラ,Namombara,,,,,,,,0,0,0,0,0,0,1,1,1947-04-17,,0,7312316,,,,,,,,,,,,,,,
343692,0053000,1,広島県,ヒロシマケン,Hiroshima,山県郡,ヤマガタグン,Yamagata-gun,北広島町,キタヒロシマチョウ,Kitahiroshima-cho,,,,西八幡原,ニシヤワタバラ,Nishiyawatahara,,,,,,,,0,0,0,0,0,0,1,1,1947-04-17,,0,7312552,,,,,,,,,,,,,,,
343692,0056000,1,広島県,ヒロシマケン,Hiroshima,山県郡,ヤマガタグン,Yamagata-gun,北広島町,キタヒロシマチョウ,Kitahiroshima-cho,,,,東八幡原,ヒガシヤワタバラ,Higashiyawatahara,,,,,,,,0,0,0,0,0,0,1,1,1947-04-17,,0,7312551,,,,,,,,,,,,,,,
343692,0058000,1,広島県,ヒロシマケン,Hiroshima,山県郡,ヤマガタグン,Yamagata-gun,北広島町,キタヒロシマチョウ,Kitahiroshima-cho,,,,本地,ホンジ,Honji,,,,,,,,0,0,0,0,0,0,1,1,1947-04-17,,0,7311526,,,,,,,,,,,,,,,
343692,0059000,1,広島県,ヒロシマケン,Hiroshima,山県郡,ヤマガタグン,Yamagata-gun,北広島町,キタヒロシマチョウ,Kitahiroshima-cho,,,,政所,マンドコロ,Mandokoro,,,,,,,,0,0,0,0,0,0,1,1,1947-04-17,,0,7312436,,,,,,,,,,,,,,,
343692,0061000,1,広島県,ヒロシマケン,Hiroshima,山県郡,ヤマガタグン,Yamagata-gun,北広島町,キタヒロシマチョウ,Kitahiroshima-cho,,,,南方,ミナミガタ,Minamigata,,,,,,,,0,0,0,0,0,0,1,1,1947-04-17,,0,7311523,,,,,,,,,,,,,,,
343692,0063000,1,広島県,ヒロシマケン,Hiroshima,山県郡,ヤマガタグン,Yamagata-gun,北広島町,キタヒロシマチョウ,Kitahiroshima-cho,,,,宮迫,ミヤザコ,Miyazako,,,,,,,,0,0,0,0,0,0,1,1,1947-04-17,,0,7312101,,,,,,,,,,,,,,,
343692,0064000,1,広島県,ヒロシマケン,Hiroshima,山県郡,ヤマガタグン,Yamagata-gun,北広島町,キタヒロシマチョウ,Kitahiroshima-cho,,,,宮地,ミヤジ,Miyaji,,,,,,,,0,0,0,0,0,0,1,1,1947-04-17,,0,7312441,,,,,,,,,,,,,,,
343692,0065000,1,広島県,ヒロシマケン,Hiroshima,山県郡,ヤマガタグン,Yamagata-gun,北広島町,キタヒロシマチョウ,Kitahiroshima-cho,,,,舞綱,モウツナ,Motsuna,,,,,,,,0,0,0,0,0,0,1,1,1947-04-17,,0,7311505,,,,,,,,,,,,,,,
343692,0066000,1,広島県,ヒロシマケン,Hiroshima,山県郡,ヤマガタグン,Yamagata-gun,北広島町,キタヒロシマチョウ,Kitahiroshima-cho,,,,丁保余原,ヨオロホヨバラ,Yorohoyobara,,,,,,,,0,0,0,0,0,0,1,1,1947-04-17,,0,7311521,,,,,,,,,,,,,,,
343692,0067000,1,広島県,ヒロシマケン,Hiroshima,山県郡,ヤマガタグン,Yamagata-gun,北広島町,キタヒロシマチョウ,Kitahiroshima-cho,,,,吉木,ヨシキ,,,,,,,,,0,0,0,0,0,0,1,1,1947-04-17,,0,,,,,,,,,,,,,,,,
343692,0067177,3,広島県,ヒロシマケン,Hiroshima,山県郡,ヤマガタグン,Yamagata-gun,北広島町,キタヒロシマチョウ,Kitahiroshima-cho,,,,吉木,ヨシキ,,,,,水根,ミノネ,,,0,0,0,0,0,0,1,0,1947-04-17,,1,,,,,,,,,,,,,,,,
343692,0068000,1,広島県,ヒロシマケン,Hiroshima,山県郡,ヤマガタグン,Yamagata-gun,北広島町,キタヒロシマチョウ,Kitahiroshima-cho,,,,米沢,ヨネザワ,Yonezawa,,,,,,,,0,0,0,0,0,0,1,1,1947-04-17,,0,7312205,,,,,,,,,,,,,,,
343692,0069000,1,広島県,ヒロシマケン,Hiroshima,山県郡,ヤマガタグン,Yamagata-gun,北広島町,キタヒロシマチョウ,Kitahiroshima-cho,,,,奥中原,オクナカバラ,,,,,,,,,0,0,0,0,0,0,1,0,1947-04-17,,1,,,,,,,,,,,,,,,,
343692,0069101,3,広島県,ヒロシマケン,Hiroshima,山県郡,ヤマガタグン,Yamagata-gun,北広島町,キタヒロシマチョウ,Kitahiroshima-cho,,,,奥中原,オクナカバラ,Okunakabara,,,,字須廻り,アザスモウリ,,,0,0,0,0,0,0,1,1,1947-04-17,,0,,,,,,,,,,,,,,,,
343692,0069102,3,広島県,ヒロシマケン,Hiroshima,山県郡,ヤマガタグン,Yamagata-gun,北広島町,キタヒロシマチョウ,Kitahiroshima-cho,,,,奥中原,オクナカバラ,Okunakabara,,,,字隠岩,アザカクレイワ,,,0,0,0,0,0,0,1,1,1947-04-17,,0,,,,,,,,,,,,,,,,
343692,0069103,3,広島県,ヒロシマケン,Hiroshima,山県郡,ヤマガタグン,Yamagata-gun,北広島町,キタヒロシマチョウ,Kitahiroshima-cho,,,,奥中原,オクナカバラ,Okunakabara,,,,字岡田,アザオカタ,,,0,0,0,0,0,0,1,1,1947-04-17,,0,,,,,,,,,,,,,,,,
343692,0069104,3,広島県,ヒロシマケン,Hiroshima,山県郡,ヤマガタグン,Yamagata-gun,北広島町,キタヒロシマチョウ,Kitahiroshima-cho,,,,奥中原,オクナカバラ,Okunakabara,,,,字滑,アザナメラ,,,0,0,0,0,0,0,1,1,1947-04-17,,0,,,,,,,,,,,,,,,,
343692,0069105,3,広島県,ヒロシマケン,Hiroshima,山県郡,ヤマガタグン,Yamagata-gun,北広島町,キタヒロシマチョウ,Kitahiroshima-cho,,,,奥中原,オクナカバラ,Okunakabara,,,,字苅合,アザカリアワセ,,,0,0,0,0,0,0,1,1,1947-04-17,,0,,,,,,,,,,,,,,,,
343692,0069106,3,広島県,ヒロシマケン,Hiroshima,山県郡,ヤマガタグン,Yamagata-gun,北広島町,キタヒロシマチョウ,Kitahiroshima-cho,,,,奥中原,オクナカバラ,Okunakabara,,,,字久保,アザクボ,,,0,0,0,0,0,0,1,1,1947-04-17,,0,,,,,,,,,,,,,,,,
343692,0069107,3,広島県,ヒロシマケン,Hiroshima,山県郡,ヤマガタグン,Yamagata-gun,北広島町,キタヒロシマチョウ,Kitahiroshima-cho,,,,奥中原,オクナカバラ,Okunakabara,,,,字郷路,アザゴウロ,,,0,0,0,0,0,0,1,1,1947-04-17,,0,,,,,,,,,,,,,,,,
343692,0069108,3,広島県,ヒロシマケン,Hiroshima,山県郡,ヤマガタグン,Yamagata-gun,北広島町,キタヒロシマチョウ,Kitahiroshima-cho,,,,奥中原,オクナカバラ,Okunakabara,,,,字高曽根,アザタカソネ,,,0,0,0,0,0,0,1,1,1947-04-17,,0,,,,,,,,,,,,,,,,
343692,0069109,3,広島県,ヒロシマケン,Hiroshima,山県郡,ヤマガタグン,Yamagata-gun,北広島町,キタヒロシマチョウ,Kitahiroshima-cho,,,,奥中原,オクナカバラ,Okunakabara,,,,字室屋,アザムロヤ,,,0,0,0,0,0,0,1,1,1947-04-17,,0,,,,,,,,,,,,,,,,
343692,0069110,3,広島県,ヒロシマケン,Hiroshima,山県郡,ヤマガタグン,Yamagata-gun,北広島町,キタヒロシマチョウ,Kitahiroshima-cho,,,,奥中原,オクナカバラ,Okunakabara,,,,字女鹿山,アザメガヤマ,,,0,0,0,0,0,0,1,1,1947-04-17,,0,,,,,,,,,,,,,,,,
343692,0069111,3,広島県,ヒロシマケン,Hiroshima,山県郡,ヤマガタグン,Yamagata-gun,北広島町,キタヒロシマチョウ,Kitahiroshima-cho,,,,奥中原,オクナカバラ,Okunakabara,,,,字小垰,アザコダオ,,,0,0,0,0,0,0,1,1,1947-04-17,,0,,,,,,,,,,,,,,,,
343692,0069112,3,広島県,ヒロシマケン,Hiroshima,山県郡,ヤマガタグン,Yamagata-gun,北広島町,キタヒロシマチョウ,Kitahiroshima-cho,,,,奥中原,オクナカバラ,Okunakabara,,,,字上山,アザカミヤマ,,,0,0,0,0,0,0,1,1,1947-04-17,,0,,,,,,,,,,,,,,,,
343692,0069113,3,広島県,ヒロシマケン,Hiroshima,山県郡,ヤマガタグン,Yamagata-gun,北広島町,キタヒロシマチョウ,Kitahiroshima-cho,,,,奥中原,オクナカバラ,Okunakabara,,,,字新屋,アザニイヤ,,,0,0,0,0,0,0,1,1,1947-04-17,,0,,,,,,,,,,,,,,,,
343692,0069114,3,広島県,ヒロシマケン,Hiroshima,山県郡,ヤマガタグン,Yamagata-gun,北広島町,キタヒロシマチョウ,Kitahiroshima-cho,,,,奥中原,オクナカバラ,Okunakabara,,,,字石仏,アザイシボトケ,,,0,0,0,0,0,0,1,1,1947-04-17,,0,,,,,,,,,,,,,,,,
343692,0069115,3,広島県,ヒロシマケン,Hiroshima,山県郡,ヤマガタグン,Yamagata-gun,北広島町,キタヒロシマチョウ,Kitahiroshima-cho,,,,奥中原,オクナカバラ,Okunakabara,,,,字善坊,アザゼンボウ,,,0,0,0,0,0,0,1,1,1947-04-17,,0,,,,,,,,,,,,,,,,
343692,0069116,3,広島県,ヒロシマケン,Hiroshima,山県郡,ヤマガタグン,Yamagata-gun,北広島町,キタヒロシマチョウ,Kitahiroshima-cho,,,,奥中原,オクナカバラ,Okunakabara,,,,字大皆尾,アザオオミナオ,,,0,0,0,0,0,0,1,1,1947-04-17,,0,,,,,,,,,,,,,,,,
343692,0069117,3,広島県,ヒロシマケン,Hiroshima,山県郡,ヤマガタグン,Yamagata-gun,北広島町,キタヒロシマチョウ,Kitahiroshima-cho,,,,奥中原,オクナカバラ,Okunakabara,,,,字大沢田,アザオオゾウタ,,,0,0,0,0,0,0,1,1,1947-04-17,,0,,,,,,,,,,,,,,,,
343692,0069118,3,広島県,ヒロシマケン,Hiroshima,山県郡,ヤマガタグン,Yamagata-gun,北広島町,キタヒロシマチョウ,Kitahiroshima-cho,,,,奥中原,オクナカバラ,Okunakabara,,,,字中野垰,アザナカノダオ,,,0,0,0,0,0,0,1,1,1947-04-17,,0,,,,,,,,,,,,,,,,
343692,0069119,3,広島県,ヒロシマケン,Hiroshima,山県郡,ヤマガタグン,Yamagata-gun,北広島町,キタヒロシマチョウ,Kitahiroshima-cho,,,,奥中原,オクナカバラ,Okunakabara,,,,字仲野切,アザナカノキレ,,,0,0,0,0,0,0,1,1,1947-04-17,,0,,,,,,,,,,,,,,,,
343692,0069120,3,広島県,ヒロシマケン,Hiroshima,山県郡,ヤマガタグン,Yamagata-gun,北広島町,キタヒロシマチョウ,Kitahiroshima-cho,,,,奥中原,オクナカバラ,Okunakabara,,,,字長沢,アザナガサワ,,,0,0,0,0,0,0,1,1,1947-04-17,,0,,,,,,,,,,,,,,,,
343692,0069121,3,広島県,ヒロシマケン,Hiroshima,山県郡,ヤマガタグン,Yamagata-gun,北広島町,キタヒロシマチョウ,Kitahiroshima-cho,,,,奥中原,オクナカバラ,Okunakabara,,,,字長通,アザナガドオリ,,,0,0,0,0,0,0,1,1,1947-04-17,,0,,,,,,,,,,,,,,,,
343692,0069122,3,広島県,ヒロシマケン,Hiroshima,山県郡,ヤマガタグン,Yamagata-gun,北広島町,キタヒロシマチョウ,Kitahiroshima-cho,,,,奥中原,オクナカバラ,Okunakabara,,,,字土居落,アザドイオチ,,,0,0,0,0,0,0,1,1,1947-04-17,,0,,,,,,,,,,,,,,,,
343692,0069123,3,広島県,ヒロシマケン,Hiroshima,山県郡,ヤマガタグン,Yamagata-gun,北広島町,キタヒロシマチョウ,Kitahiroshima-cho,,,,奥中原,オクナカバラ,Okunakabara,,,,字縄手ノ上,アザナワテノカミ,,,0,0,0,0,0,0,1,1,1947-04-17,,0,,,,,,,,,,,,,,,,
343692,0069124,3,広島県,ヒロシマケン,Hiroshima,山県郡,ヤマガタグン,Yamagata-gun,北広島町,キタヒロシマチョウ,Kitahiroshima-cho,,,,奥中原,オクナカバラ,,,,,板村,イタムラ,,,0,0,0,0,0,0,1,0,1947-04-17,,1,,,,,,,,,,,,,,,,
343692,0070000,1,広島県,ヒロシマケン,Hiroshima,山県郡,ヤマガタグン,Yamagata-gun,北広島町,キタヒロシマチョウ,Kitahiroshima-cho,,,,移原,ウツノバラ,,,,,,,,,0,0,0,0,0,0,1,0,1947-04-17,,1,,,,,,,,,,,,,,,,
343692,0071000,1,広島県,ヒロシマケン,Hiroshima,山県郡,ヤマガタグン,Yamagata-gun,北広島町,キタヒロシマチョウ,Kitahiroshima-cho,,,,下石,シモイシ,,,,,,,,,0,0,0,0,0,0,1,0,1947-04-17,,1,,,,,,,,,,,,,,,,
343692,0072000,1,広島県,ヒロシマケン,Hiroshima,山県郡,ヤマガタグン,Yamagata-gun,北広島町,キタヒロシマチョウ,Kitahiroshima-cho,,,,橋山,ハシヤマ,,,,,,,,,0,0,0,0,0,0,1,0,1947-04-17,,1,,,,,,,,,,,,,,,,
343692,0073000,1,広島県,ヒロシマケン,Hiroshima,山県郡,ヤマガタグン,Yamagata-gun,北広島町,キタヒロシマチョウ,Kitahiroshima-cho,,,,後有田,ウシロアリダ,,,,,,,,,0,0,0,0,0,0,1,0,1947-04-17,,1,,,,,,,,,,,,,,,,
343692,0074000,1,広島県,ヒロシマケン,Hiroshima,山県郡,ヤマガタグン,Yamagata-gun,北広島町,キタヒロシマチョウ,Kitahiroshima-cho,,,,溝口,ミゾクチ,,,,,,,,,0,0,0,0,0,0,1,0,1947-04-17,,1,,,,,,,,,,,,,,,,
343692,0075000,1,広島県,ヒロシマケン,Hiroshima,山県郡,ヤマガタグン,Yamagata-gun,北広島町,キタヒロシマチョウ,Kitahiroshima-cho,,,,高野,タカノ,,,,,,,,,0,0,0,0,0,0,1,0,1947-04-17,,1,,,,,,,,,,,,,,,,
343692,0076000,1,広島県,ヒロシマケン,Hiroshima,山県郡,ヤマガタグン,Yamagata-gun,北広島町,キタヒロシマチョウ,Kitahiroshima-cho,,,,細見,ホソミ,,,,,,,,,0,0,0,0,0,0,1,0,1947-04-17,,1,,,,,,,,,,,,,,,,
343692,0077000,1,広島県,ヒロシマケン,Hiroshima,山県郡,ヤマガタグン,Yamagata-gun,北広島町,キタヒロシマチョウ,Kitahiroshima-cho,,,,志路原,シジハラ,,,,,,,,,0,0,0,0,0,0,1,0,1947-04-17,,1,,,,,,,,,,,,,,,,
343692,0078000,1,広島県,ヒロシマケン,Hiroshima,山県郡,ヤマガタグン,Yamagata-gun,北広島町,キタヒロシマチョウ,Kitahiroshima-cho,,,,寺原,テラバラ,,,,,,,,,0,0,0,0,0,0,1,0,1947-04-17,,1,,,,,,,,,,,,,,,,
343692,0079000,1,広島県,ヒロシマケン,Hiroshima,山県郡,ヤマガタグン,Yamagata-gun,北広島町,キタヒロシマチョウ,Kitahiroshima-cho,,,,春木,ハルキ,,,,,,,,,0,0,0,0,0,0,1,0,1947-04-17,,1,,,,,,,,,,,,,,,,
343692,0080000,1,広島県,ヒロシマケン,Hiroshima,山県郡,ヤマガタグン,Yamagata-gun,北広島町,キタヒロシマチョウ,Kitahiroshima-cho,,,,小原,コバラ,,,,,,,,,0,0,0,0,0,0,1,0,1947-04-17,,1,,,,,,,,,,,,,,,,
343692,0081000,1,広島県,ヒロシマケン,Hiroshima,山県郡,ヤマガタグン,Yamagata-gun,北広島町,キタヒロシマチョウ,Kitahiroshima-cho,,,,壬生,ミブ,,,,,,,,,0,0,0,0,0,0,1,0,1947-04-17,,1,,,,,,,,,,,,,,,,
343692,0082000,1,広島県,ヒロシマケン,Hiroshima,山県郡,ヤマガタグン,Yamagata-gun,北広島町,キタヒロシマチョウ,Kitahiroshima-cho,,,,西宗,ニシムネ,,,,,,,,,0,0,0,0,0,0,1,0,1947-04-17,,1,,,,,,,,,,,,,,,,
343692,0083000,1,広島県,ヒロシマケン,Hiroshima,山県郡,ヤマガタグン,Yamagata-gun,北広島町,キタヒロシマチョウ,Kitahiroshima-cho,,,,川井,カワイ,,,,,,,,,0,0,0,0,0,0,1,0,1947-04-17,,1,,,,,,,,,,,,,,,,
343692,0084000,1,広島県,ヒロシマケン,Hiroshima,山県郡,ヤマガタグン,Yamagata-gun,北広島町,キタヒロシマチョウ,Kitahiroshima-cho,,,,川小田,カワコダ,,,,,,,,,0,0,0,0,0,0,1,0,1947-04-17,,1,,,,,,,,,,,,,,,,
343692,0085000,1,広島県,ヒロシマケン,Hiroshima,山県郡,ヤマガタグン,Yamagata-gun,北広島町,キタヒロシマチョウ,Kitahiroshima-cho,,,,草安,クサヤス,,,,,,,,,0,0,0,0,0,0,1,0,1947-04-17,,1,,,,,,,,,,,,,,,,
343692,0086000,1,広島県,ヒロシマケン,Hiroshima,山県郡,ヤマガタグン,Yamagata-gun,北広島町,キタヒロシマチョウ,Kitahiroshima-cho,,,,蔵迫,クラザコ,,,,,,,,,0,0,0,0,0,0,1,0,1947-04-17,,1,,,,,,,,,,,,,,,,
343692,0087000,1,広島県,ヒロシマケン,Hiroshima,山県郡,ヤマガタグン,Yamagata-gun,北広島町,キタヒロシマチョウ,Kitahiroshima-cho,,,,大暮,オオグレ,,,,,,,,,0,0,0,0,0,0,1,0,1947-04-17,,1,,,,,,,,,,,,,,,,
343692,0088000,1,広島県,ヒロシマケン,Hiroshima,山県郡,ヤマガタグン,Yamagata-gun,北広島町,キタヒロシマチョウ,Kitahiroshima-cho,,,,中原,ナカバラ,,,,,,,,,0,0,0,0,0,0,1,0,1947-04-17,,1,,,,,,,,,,,,,,,,
343692,0089000,1,広島県,ヒロシマケン,Hiroshima,山県郡,ヤマガタグン,Yamagata-gun,北広島町,キタヒロシマチョウ,Kitahiroshima-cho,,,,長笹,ナガササ,,,,,,,,,0,0,0,0,0,0,1,0,1947-04-17,,1,,,,,,,,,,,,,,,,
343692,0090000,1,広島県,ヒロシマケン,Hiroshima,山県郡,ヤマガタグン,Yamagata-gun,北広島町,キタヒロシマチョウ,Kitahiroshima-cho,,,,有間,アリマ,,,,,,,,,0,0,0,0,0,0,1,0,1947-04-17,,1,,,,,,,,,,,,,,,,
344311,0001000,1,広島県,ヒロシマケン,Hiroshima,豊田郡,トヨタグン,Toyota-gun,大崎上島町,オオサキカミジマチョウ,Osakikamijima-cho,,,,明石,アカシ,Akashi,,,,,,,,0,0,0,0,0,0,1,1,1947-04-17,,0,7250403,,,,,,,,,,,,,,,
344311,0002000,1,広島県,ヒロシマケン,Hiroshima,豊田郡,トヨタグン,Toyota-gun,大崎上島町,オオサキカミジマチョウ,Osakikamijima-cho,,,,大串,オオクシ,Okushi,,,,,,,,0,0,0,0,0,0,1,1,1947-04-17,,0,7250303,,,,,,,,,,,,,,,
344311,0003000,1,広島県,ヒロシマケン,Hiroshima,豊田郡,トヨタグン,Toyota-gun,大崎上島町,オオサキカミジマチョウ,Osakikamijima-cho,,,,沖浦,オキウラ,Okiura,,,,,,,,0,0,0,0,0,0,1,1,1947-04-17,,0,7250402,,,,,,,,,,,,,,,
344311,0004000,1,広島県,ヒロシマケン,Hiroshima,豊田郡,トヨタグン,Toyota-gun,大崎上島町,オオサキカミジマチョウ,Osakikamijima-cho,,,,木江,キノエ,Kinoe,,,,,,,,0,0,0,0,0,0,1,1,1947-04-17,,0,7250401,,,,,,,,,,,,,,,
344311,0005000,1,広島県,ヒロシマケン,Hiroshima,豊田郡,トヨタグン,Toyota-gun,大崎上島町,オオサキカミジマチョウ,Osakikamijima-cho,,,,中野,ナカノ,Nakano,,,,,,,,0,0,0,0,0,0,1,1,1947-04-17,,0,7250301,,,,,,,,,,,,,,,
344311,0005205,3,広島県,ヒロシマケン,Hiroshima,豊田郡,トヨタグン,Toyota-gun,大崎上島町,オオサキカミジマチョウ,Osakikamijima-cho,,,,中野,ナカノ,Nakano,,,,字大田浜,アザオオタハマ,,,0,0,0,0,0,0,1,0,1947-04-17,,0,,,,,,,,,,,,,,,,
344311,0006000,1,広島県,ヒロシマケン,Hiroshima,豊田郡,トヨタグン,Toyota-gun,大崎上島町,オオサキカミジマチョウ,Osakikamijima-cho,,,,原田,ハラダ,Harada,,,,,,,,0,0,0,0,0,0,1,1,1947-04-17,,0,7250302,,,,,,,,,,,,,,,
344311,0007000,1,広島県,ヒロシマケン,Hiroshima,豊田郡,トヨタグン,Toyota-gun,大崎上島町,オオサキカミジマチョウ,Osakikamijima-cho,,,,東野,ヒガシノ,Higashino,,,,,,,,0,0,0,0,0,0,1,1,1947-04-17,,0,7250231,,,,,,,,,,,,,,,
344311,0007145,3,広島県,ヒロシマケン,Hiroshima,豊田郡,トヨタグン,Toyota-gun,大崎上島町,オオサキカミジマチョウ,Osakikamijima-cho,,,,東野,ヒガシノ,Higashino,,,,字契島,アザチギリシマ,,,0,0,0,0,0,0,1,0,1947-04-17,,0,,,,,,,,,,,,,,,,
344311,0007199,3,広島県,ヒロシマケン,Hiroshima,豊田郡,トヨタグン,Toyota-gun,大崎上島町,オオサキカミジマチョウ,Osakikamijima-cho,,,,東野,ヒガシノ,Higashino,,,,字生野島,アザイキノシマ,,,0,0,0,0,0,0,1,0,1947-04-17,,0,,,,,,,,,,,,,,,,
344311,0007255,3,広島県,ヒロシマケン,Hiroshima,豊田郡,トヨタグン,Toyota-gun,大崎上島町,オオサキカミジマチョウ,Osakikamijima-cho,,,,東野,ヒガシノ,Higashino,,,,字白水,アザシロミズ,,,0,0,0,0,0,0,1,0,1947-04-17,,0,,,,,,,,,,,,,,,,
344311,0007287,3,広島県,ヒロシマケン,Hiroshima,豊田郡,トヨタグン,Toyota-gun,大崎上島町,オオサキカミジマチョウ,Osakikamijima-cho,,,,東野,ヒガシノ,Higashino,,,,字脇ノ浦,アザワキノウラ,,,0,0,0,0,0,0,1,0,1947-04-17,,0,,,,,,,,,,,,,,,,
344311,0007289,3,広島県,ヒロシマケン,Hiroshima,豊田郡,トヨタグン,Toyota-gun,大崎上島町,オオサキカミジマチョウ,Osakikamijima-cho,,,,東野,ヒガシノ,Higashino,,,,字鮴崎,アザメバルザキ,,,0,0,0,0,0,0,1,0,1947-04-17,,0,,,,,,,,,,,,,,,,
344311,0007292,3,広島県,ヒロシマケン,Hiroshima,豊田郡,トヨタグン,Toyota-gun,大崎上島町,オオサキカミジマチョウ,Osakikamijima-cho,,,,東野,ヒガシノ,,,,,上組,,,,0,0,0,0,0,0,1,0,1947-04-17,,1,,,,,,,,,,,,,,,,
344311,0007293,3,広島県,ヒロシマケン,Hiroshima,豊田郡,トヨタグン,Toyota-gun,大崎上島町,オオサキカミジマチョウ,Osakikamijima-cho,,,,東野,ヒガシノ,,,,,下組,,,,0,0,0,0,0,0,1,0,1947-04-17,,1,,,,,,,,,,,,,,,,
344311,0007294,3,広島県,ヒロシマケン,Hiroshima,豊田郡,トヨタグン,Toyota-gun,大崎上島町,オオサキカミジマチョウ,Osakikamijima-cho,,,,東野,ヒガシノ,,,,,古江,,,,0,0,0,0,0,0,1,0,1947-04-17,,1,,,,,,,,,,,,,,,,
344311,0007295,3,広島県,ヒロシマケン,Hiroshima,豊田郡,トヨタグン,Toyota-gun,大崎上島町,オオサキカミジマチョウ,Osakikamijima-cho,,,,東野,ヒガシノ,,,,,垂水,,,,0,0,0,0,0,0,1,0,1947-04-17,,1,,,,,,,,,,,,,,,,
344311,0007296,3,広島県,ヒロシマケン,Hiroshima,豊田郡,トヨタグン,Toyota-gun,大崎上島町,オオサキカミジマチョウ,Osakikamijima-cho,,,,東野,ヒガシノ,,,,,外表,,,,0,0,0,0,0,0,1,0,1947-04-17,,1,,,,,,,,,,,,,,,,
344311,0007297,3,広島県,ヒロシマケン,Hiroshima,豊田郡,トヨタグン,Toyota-gun,大崎上島町,オオサキカミジマチョウ,Osakikamijima-cho,,,,東野,ヒガシノ,,,,,大田,,,,0,0,0,0,0,0,1,0,1947-04-17,,1,,,,,,,,,,,,,,,,
344311,0007298,3,広島県,ヒロシマケン,Hiroshima,豊田郡,トヨタグン,Toyota-gun,大崎上島町,オオサキカミジマチョウ,Osakikamijima-cho,,,,東野,ヒガシノ,,,,,小原,,,,0,0,0,0,0,0,1,0,1947-04-17,,1,,,,,,,,,,,,,,,,
344311,0007299,3,広島県,ヒロシマケン,Hiroshima,豊田郡,トヨタグン,Toyota-gun,大崎上島町,オオサキカミジマチョウ,Osakikamijima-cho,,,,東野,ヒガシノ,,,,,盛谷,,,,0,0,0,0,0,0,1,0,1947-04-17,,1,,,,,,,,,,,,,,,,
344311,0007300,3,広島県,ヒロシマケン,Hiroshima,豊田郡,トヨタグン,Toyota-gun,大崎上島町,オオサキカミジマチョウ,Osakikamijima-cho,,,,東野,ヒガシノ,,,,,矢弓,,,,0,0,0,0,0,0,1,0,1947-04-17,,1,,,,,,,,,,,,,,,,
344311,0007301,3,広島県,ヒロシマケン,Hiroshima,豊田郡,トヨタグン,Toyota-gun,大崎上島町,オオサキカミジマチョウ,Osakikamijima-cho,,,,東野,ヒガシノ,,,,,臼島,,,,0,0,0,0,0,0,1,0,1947-04-17,,1,,,,,,,,,,,,,,,,
344621,0001000,1,広島県,ヒロシマケン,Hiroshima,世羅郡,セラグン,Sera-gun,世羅町,セラチョウ,Sera-cho,,,,大字青近,オオアザアオヂカ,Aochika,,,,,,,,0,0,0,0,0,0,1,1,1947-04-17,,0,7293306,,,,,,,,,,,,,,,
344621,0002000,1,広島県,ヒロシマケン,Hiroshima,世羅郡,セラグン,Sera-gun,世羅町,セラチョウ,Sera-cho,,,,大字青水,オオアザアオミズ,Aomizu,,,,,,,,0,0,0,0,0,0,1,1,1947-04-17,,0,7221627,,,,,,,,,,,,,,,
344621,0003000,1,広島県,ヒロシマケン,Hiroshima,世羅郡,セラグン,Sera-gun,世羅町,セラチョウ,Sera-cho,,,,大字青山,オオアザアオヤマ,Aoyama,,,,,,,,0,0,0,0,0,0,1,1,1947-04-17,,0,7221116,,,,,,,,,,,,,,,
344621,0004000,1,広島県,ヒロシマケン,Hiroshima,世羅郡,セラグン,Sera-gun,世羅町,セラチョウ,Sera-cho,,,,大字赤屋,オオアザアカヤ,Akaya,,,,,,,,0,0,0,0,0,0,1,1,1947-04-17,,0,7293304,,,,,,,,,,,,,,,
344621,0005000,1,広島県,ヒロシマケン,Hiroshima,世羅郡,セラグン,Sera-gun,世羅町,セラチョウ,Sera-cho,,,,大字伊尾,オオアザイオ,Io,,,,,,,,0,0,0,0,0,0,1,1,1947-04-17,,0,7293307,,,,,,,,,,,,,,,
344621,0006000,1,広島県,ヒロシマケン,Hiroshima,世羅郡,セラグン,Sera-gun,世羅町,セラチョウ,Sera-cho,,,,大字井折,オオアザイオリ,Iori,,,,,,,,0,0,0,0,0,0,1,1,1947-04-17,,0,7221113,,,,,,,,,,,,,,,
344621,0007000,1,広島県,ヒロシマケン,Hiroshima,世羅郡,セラグン,Sera-gun,世羅町,セラチョウ,Sera-cho,,,,大字宇津戸,オオアザウヅト,Uzuto,,,,,,,,0,0,0,0,0,0,1,1,1947-04-17,,0,7220411,,,,,,,,,,,,,,,
344621,0008000,1,広島県,ヒロシマケン,Hiroshima,世羅郡,セラグン,Sera-gun,世羅町,セラチョウ,Sera-cho,,,,大字小国,オオアザオグニ,Oguni,,,,,,,,0,0,0,0,0,0,1,1,1947-04-17,,0,7221701,,,,,,,,,,,,,,,
344621,0009000,1,広島県,ヒロシマケン,Hiroshima,世羅郡,セラグン,Sera-gun,世羅町,セラチョウ,Sera-cho,,,,大字小世良,オオアザオゼラ,Ozera,,,,,,,,0,0,0,0,0,0,1,1,1947-04-17,,0,7221122,,,,,,,,,,,,,,,
344621,0010000,1,広島県,ヒロシマケン,Hiroshima,世羅郡,セラグン,Sera-gun,世羅町,セラチョウ,Sera-cho,,,,大字小谷,オオアザオタニ,Otani,,,,,,,,0,0,0,0,0,0,1,1,1947-04-17,,0,7293301,,,,,,,,,,,,,,,
344621,0011000,1,広島県,ヒロシマケン,Hiroshima,世羅郡,セラグン,Sera-gun,世羅町,セラチョウ,Sera-cho,,,,大字上津田,オオアザカミツタ,Kamizuta,,,,,,,,0,0,0,0,0,0,1,1,1947-04-17,,0,7296714,,,,,,,,,,,,,,,
344621,0012000,1,広島県,ヒロシマケン,Hiroshima,世羅郡,セラグン,Sera-gun,世羅町,セラチョウ,Sera-cho,,,,大字賀茂,オオアザカモ,Kamo,,,,,,,,0,0,0,0,0,0,1,1,1947-04-17,,0,7221626,,,,,,,,,,,,,,,
344621,0013000,1,広島県,ヒロシマケン,Hiroshima,世羅郡,セラグン,Sera-gun,世羅町,セラチョウ,Sera-cho,,,,大字川尻,オオアザカワシリ,Kawashiri,,,,,,,,0,0,0,0,0,0,1,1,1947-04-17,,0,7293302,,,,,,,,,,,,,,,
344621,0014000,1,広島県,ヒロシマケン,Hiroshima,世羅郡,セラグン,Sera-gun,世羅町,セラチョウ,Sera-cho,,,,大字京丸,オオアザキョウマル,,,,,,,,,0,0,0,0,0,0,1,1,1947-04-17,,0,,,,,,,,,,,,,,,,
344621,0015000,1,広島県,ヒロシマケン,Hiroshima,世羅郡,セラグン,Sera-gun,世羅町,セラチョウ,Sera-cho,,,,大字黒川,オオアザクロガワ,Kurogawa,,,,,,,,0,0,0,0,0,0,1,1,1947-04-17,,0,7296711,,,,,,,,,,,,,,,
344621,0016000,1,広島県,ヒロシマケン,Hiroshima,世羅郡,セラグン,Sera-gun,世羅町,セラチョウ,Sera-cho,,,,大字黒渕,オオアザクロブチ,Kurobuchi,,,,,,,,0,0,0,0,0,0,1,1,1947-04-17,,0,7221732,,,,,,,,,,,,,,,
344621,0017000,1,広島県,ヒロシマケン,Hiroshima,世羅郡,セラグン,Sera-gun,世羅町,セラチョウ,Sera-cho,,,,大字甲山,オオアザコウザン,Kozan,,,,,,,,0,0,0,0,0,0,1,1,1947-04-17,,0,7221123,,,,,,,,,,,,,,,
344621,0018000,1,広島県,ヒロシマケン,Hiroshima,世羅郡,セラグン,Sera-gun,世羅町,セラチョウ,Sera-cho,,,,大字三郎丸,オオアザサブロウマル,Saburomaru,,,,,,,,0,0,0,0,0,0,1,1,1947-04-17,,0,7221117,,,,,,,,,,,,,,,
344621,0019000,1,広島県,ヒロシマケン,Hiroshima,世羅郡,セラグン,Sera-gun,世羅町,セラチョウ,Sera-cho,,,,大字重永,オオアザシゲナガ,Shigenaga,,,,,,,,0,0,0,0,0,0,1,1,1947-04-17,,0,7221625,,,,,,,,,,,,,,,
344621,0020000,1,広島県,ヒロシマケン,Hiroshima,世羅郡,セラグン,Sera-gun,世羅町,セラチョウ,Sera-cho,,,,大字下津田,オオアザシモツタ,Shimozuta,,,,,,,,0,0,0,0,0,0,1,1,1947-04-17,,0,7296715,,,,,,,,,,,,,,,
344621,0021000,1,広島県,ヒロシマケン,Hiroshima,世羅郡,セラグン,Sera-gun,世羅町,セラチョウ,Sera-cho,,,,大字津口,オオアザツクチ,Tsukuchi,,,,,,,,0,0,0,0,0,0,1,1,1947-04-17,,0,7221731,,,,,,,,,,,,,,,
344621,0022000,1,広島県,ヒロシマケン,Hiroshima,世羅郡,セラグン,Sera-gun,世羅町,セラチョウ,Sera-cho,,,,大字寺町,オオアザテラマチ,Teramachi,,,,,,,,0,0,0,0,0,0,1,1,1947-04-17,,0,7221111,,,,,,,,,,,,,,,
344621,0023000,1,広島県,ヒロシマケン,Hiroshima,世羅郡,セラグン,Sera-gun,世羅町,セラチョウ,Sera-cho,,,,大字田打,オオアザトウチ,Tochi,,,,,,,,0,0,0,0,0,0,1,1,1947-04-17,,0,7221624,,,,,,,,,,,,,,,
344621,0024000,1,広島県,ヒロシマケン,Hiroshima,世羅郡,セラグン,Sera-gun,世羅町,セラチョウ,Sera-cho,,,,大字徳市,オオアザトクイチ,Tokuichi,,,,,,,,0,0,0,0,0,0,1,1,1947-04-17,,0,7221203,,,,,,,,,,,,,,,
344621,0025000,1,広島県,ヒロシマケン,Hiroshima,世羅郡,セラグン,Sera-gun,世羅町,セラチョウ,Sera-cho,,,,大字戸張,オオアザトバリ,Tobari,,,,,,,,0,0,0,0,0,0,1,1,1947-04-17,,0,7221201,,,,,,,,,,,,,,,
344621,0026000,1,広島県,ヒロシマケン,Hiroshima,世羅郡,セラグン,Sera-gun,世羅町,セラチョウ,Sera-cho,,,,大字中,オオアザナカ,Naka,,,,,,,,0,0,0,0,0,0,1,1,1947-04-17,,0,7296713,,,,,,,,,,,,,,,
344621,0027000,1,広島県,ヒロシマケン,Hiroshima,世羅郡,セラグン,Sera-gun,世羅町,セラチョウ,Sera-cho,,,,大字長田,オオアザナガタ,Nagata,,,,,,,,0,0,0,0,0,0,1,1,1947-04-17,,0,7296716,,,,,,,,,,,,,,,
344621,0028000,1,広島県,ヒロシマケン,Hiroshima,世羅郡,セラグン,Sera-gun,世羅町,セラチョウ,Sera-cho,,,,大字中原,オオアザナカバラ,Nakabara,,,,,,,,0,0,0,0,0,0,1,1,1947-04-17,,0,7221623,,,,,,,,,,,,,,,
344621,0029000,1,広島県,ヒロシマケン,Hiroshima,世羅郡,セラグン,Sera-gun,世羅町,セラチョウ,Sera-cho,,,,大字西上原,オオアザニシウエハラ,Nishiuehara,,,,,,,,0,0,0,0,0,0,1,1,1947-04-17,,0,7221121,,,,,,,,,,,,,,,
344621,0030000,1,広島県,ヒロシマケン,Hiroshima,世羅郡,セラグン,Sera-gun,世羅町,セラチョウ,Sera-cho,,,,大字西神崎,オオアザニシカンザキ,Nishikanzaki,,,,,,,,0,0,0,0,0,0,1,1,1947-04-17,,0,7221115,,,,,,,,,,,,,,,
344621,0031000,1,広島県,ヒロシマケン,Hiroshima,世羅郡,セラグン,Sera-gun,世羅町,セラチョウ,Sera-cho,,,,大字東上原,オオアザヒガシウエハラ,Higashiuehara,,,,,,,,0,0,0,0,0,0,1,1,1947-04-17,,0,7293303,,,,,,,,,,,,,,,
344621,0032000,1,広島県,ヒロシマケン,Hiroshima,世羅郡,セラグン,Sera-gun,世羅町,セラチョウ,Sera-cho,,,,大字東神崎,オオアザヒガシカンザキ,Higashikanzaki,,,,,,,,0,0,0,0,0,0,1,1,1947-04-17,,0,7221114,,,,,,,,,,,,,,,
344621,0033000,1,広島県,ヒロシマケン,Hiroshima,世羅郡,セラグン,Sera-gun,世羅町,セラチョウ,Sera-cho,,,,大字別迫,オオアザベッサコ,Bessako,,,,,,,,0,0,0,0,0,0,1,1,1947-04-17,,0,7293305,,,,,,,,,,,,,,,
344621,0034000,1,広島県,ヒロシマケン,Hiroshima,世羅郡,セラグン,Sera-gun,世羅町,セラチョウ,Sera-cho,,,,大字堀越,オオアザホリコシ,Horikoshi,,,,,,,,0,0,0,0,0,0,1,1,1947-04-17,,0,7221622,,,,,,,,,,,,,,,
344621,0035000,1,広島県,ヒロシマケン,Hiroshima,世羅郡,セラグン,Sera-gun,世羅町,セラチョウ,Sera-cho,,,,大字本郷,オオアザホンゴウ,Hongo,,,,,,,,0,0,0,0,0,0,1,1,1947-04-17,,0,7221112,,,,,,,,,,,,,,,
344621,0036000,1,広島県,ヒロシマケン,Hiroshima,世羅郡,セラグン,Sera-gun,世羅町,セラチョウ,Sera-cho,,,,大字安田,オオアザヤスダ,Yasuda,,,,,,,,0,0,0,0,0,0,1,1,1947-04-17,,0,7221202,,,,,,,,,,,,,,,
344621,0037000,1,広島県,ヒロシマケン,Hiroshima,世羅郡,セラグン,Sera-gun,世羅町,セラチョウ,Sera-cho,,,,大字山中福田,オオアザヤマナカフクダ,Yamanakafukuda,,,,,,,,0,0,0,0,0,0,1,1,1947-04-17,,0,7221702,,,,,,,,,,,,,,,
344621,0038000,1,広島県,ヒロシマケン,Hiroshima,世羅郡,セラグン,Sera-gun,世羅町,セラチョウ,Sera-cho,,,,大字吉原,オオアザヨシワラ,Yoshiwara,,,,,,,,0,0,0,0,0,0,1,1,1947-04-17,,0,7296712,,,,,,,,,,,,,,,
345458,0001000,1,広島県,ヒロシマケン,Hiroshima,神石郡,ジンセキグン,Jinseki-gun,神石高原町,ジンセキコウゲンチョウ,Jinsekikogen-cho,,,,相渡,アイド,Aido,,,,,,,,0,0,0,0,0,0,1,1,1947-04-17,,0,7293601,,,,,,,,,,,,,,,
345458,0002000,1,広島県,ヒロシマケン,Hiroshima,神石郡,ジンセキグン,Jinseki-gun,神石高原町,ジンセキコウゲンチョウ,Jinsekikogen-cho,,,,阿下,アゲ,Age,,,,,,,,0,0,0,0,0,0,1,1,1947-04-17,,0,7201521,,,,,,,,,,,,,,,
345458,0003000,1,広島県,ヒロシマケン,Hiroshima,神石郡,ジンセキグン,Jinseki-gun,神石高原町,ジンセキコウゲンチョウ,Jinsekikogen-cho,,,,有木,アルギ,Arugi,,,,,,,,0,0,0,0,0,0,1,1,1947-04-17,,0,7201701,,,,,,,,,,,,,,,
345458,0004000,1,広島県,ヒロシマケン,Hiroshima,神石郡,ジンセキグン,Jinseki-gun,神石高原町,ジンセキコウゲンチョウ,Jinsekikogen-cho,,,,井関,イセキ,Iseki,,,,,,,,0,0,0,0,0,0,1,1,1947-04-17,,0,7201602,,,,,,,,,,,,,,,
345458,0005000,1,広島県,ヒロシマケン,Hiroshima,神石郡,ジンセキグン,Jinseki-gun,神石高原町,ジンセキコウゲンチョウ,Jinsekikogen-cho,,,,上野,ウエノ,Ueno,,,,,,,,0,0,0,0,0,0,1,1,1947-04-17,,0,7201624,,,,,,,,,,,,,,,
345458,0007000,1,広島県,ヒロシマケン,Hiroshima,神石郡,ジンセキグン,Jinseki-gun,神石高原町,ジンセキコウゲンチョウ,Jinsekikogen-cho,,,,小野,オノ,Ono,,,,,,,,0,0,0,0,0,0,1,1,1947-04-17,,0,7201901,,,,,,,,,,,,,,,
345458,0011000,1,広島県,ヒロシマケン,Hiroshima,神石郡,ジンセキグン,Jinseki-gun,神石高原町,ジンセキコウゲンチョウ,Jinsekikogen-cho,,,,木津和,キツワ,Kitsuwa,,,,,,,,0,0,0,0,0,0,1,1,1947-04-17,,0,7201416,,,,,,,,,,,,,,,
345458,0014000,1,広島県,ヒロシマケン,Hiroshima,神石郡,ジンセキグン,Jinseki-gun,神石高原町,ジンセキコウゲンチョウ,Jinsekikogen-cho,,,,小畠,コバタケ,Kobatake,,,,,,,,0,0,0,0,0,0,1,1,1947-04-17,,0,7201522,,,,,,,,,,,,,,,
345458,0015000,1,広島県,ヒロシマケン,Hiroshima,神石郡,ジンセキグン,Jinseki-gun,神石高原町,ジンセキコウゲンチョウ,Jinsekikogen-cho,,,,坂瀬川,サカセガワ,Sakasegawa,,,,,,,,0,0,0,0,0,0,1,1,1947-04-17,,0,7201604,,,,,,,,,,,,,,,
345458,0017000,1,広島県,ヒロシマケン,Hiroshima,神石郡,ジンセキグン,Jinseki-gun,神石高原町,ジンセキコウゲンチョウ,Jinsekikogen-cho,,,,階見,シナミ,Shinami,,,,,,,,0,0,0,0,0,0,1,1,1947-04-17,,0,7201415,,,,,,,,,,,,,,,
345458,0019000,1,広島県,ヒロシマケン,Hiroshima,神石郡,ジンセキグン,Jinseki-gun,神石高原町,ジンセキコウゲンチョウ,Jinsekikogen-cho,,,,新免,シンメン,Shimmen,,,,,,,,0,0,0,0,0,0,1,1,1947-04-17,,0,7201902,,,,,,,,,,,,,,,
345458,0021000,1,広島県,ヒロシマケン,Hiroshima,神石郡,ジンセキグン,Jinseki-gun,神石高原町,ジンセキコウゲンチョウ,Jinsekikogen-cho,,,,高蓋,タカフタ,Takafuta,,,,,,,,0,0,0,0,0,0,1,1,1947-04-17,,0,7201410,,,,,,,,,,,,,,,
345458,0025000,1,広島県,ヒロシマケン,Hiroshima,神石郡,ジンセキグン,Jinseki-gun,神石高原町,ジンセキコウゲンチョウ,Jinsekikogen-cho,,,,父木野,チヂキノ,Chichikino,,,,,,,,0,0,0,0,0,0,1,1,1947-04-17,,0,7201413,,,,,,,,,,,,,,,
345458,0027000,1,広島県,ヒロシマケン,Hiroshima,神石郡,ジンセキグン,Jinseki-gun,神石高原町,ジンセキコウゲンチョウ,Jinsekikogen-cho,,,,時安,トキヤス,Tokiyasu,,,,,,,,0,0,0,0,0,0,1,1,1947-04-17,,0,7201603,,,,,,,,,,,,,,,
345458,0028000,1,広島県,ヒロシマケン,Hiroshima,神石郡,ジンセキグン,Jinseki-gun,神石高原町,ジンセキコウゲンチョウ,Jinsekikogen-cho,,,,中平,ナカダイラ,Nakadaira,,,,,,,,0,0,0,0,0,0,1,1,1947-04-17,,0,7201705,,,,,,,,,,,,,,,
345458,0029000,1,広島県,ヒロシマケン,Hiroshima,神石郡,ジンセキグン,Jinseki-gun,神石高原町,ジンセキコウゲンチョウ,Jinsekikogen-cho,,,,永野,ナガノ,Nagano,,,,,,,,0,0,0,0,0,0,1,1,1947-04-17,,0,7293602,,,,,,,,,,,,,,,
345458,0033000,1,広島県,ヒロシマケン,Hiroshima,神石郡,ジンセキグン,Jinseki-gun,神石高原町,ジンセキコウゲンチョウ,Jinsekikogen-cho,,,,牧,マキ,Maki,,,,,,,,0,0,0,0,0,0,1,1,1947-04-17,,0,7293513,,,,,,,,,,,,,,,
345458,0034000,1,広島県,ヒロシマケン,Hiroshima,神石郡,ジンセキグン,Jinseki-gun,神石高原町,ジンセキコウゲンチョウ,Jinsekikogen-cho,,,,光末,ミツスエ,Mitsusue,,,,,,,,0,0,0,0,0,0,1,1,1947-04-17,,0,7201412,,,,,,,,,,,,,,,
345458,0035000,1,広島県,ヒロシマケン,Hiroshima,神石郡,ジンセキグン,Jinseki-gun,神石高原町,ジンセキコウゲンチョウ,Jinsekikogen-cho,,,,光信,ミツノブ,Mitsunobu,,,,,,,,0,0,0,0,0,0,1,1,1947-04-17,,0,7201411,,,,,,,,,,,,,,,
345458,0038000,1,広島県,ヒロシマケン,Hiroshima,神石郡,ジンセキグン,Jinseki-gun,神石高原町,ジンセキコウゲンチョウ,Jinsekikogen-cho,,,,花済,ハナズミ,,,,,,,,,0,0,0,0,0,0,1,0,1947-04-17,,1,,,,,,,,,,,,,,,,
345458,0041000,1,広島県,ヒロシマケン,Hiroshima,神石郡,ジンセキグン,Jinseki-gun,神石高原町,ジンセキコウゲンチョウ,Jinsekikogen-cho,,,,李,スモモ,,,,,,,,,0,0,0,0,0,0,1,0,1947-04-17,,1,,,,,,,,,,,,,,,,
345458,0042000,1,広島県,ヒロシマケン,Hiroshima,神石郡,ジンセキグン,Jinseki-gun,神石高原町,ジンセキコウゲンチョウ,Jinsekikogen-cho,,,,安田,ヤスダ,Yasuda,,,,,,,,0,0,0,0,0,0,1,1,1947-04-17,,0,7201811,,,,,,,,,,,,,,,
345458,0044000,1,広島県,ヒロシマケン,Hiroshima,神石郡,ジンセキグン,Jinseki-gun,神石高原町,ジンセキコウゲンチョウ,Jinsekikogen-cho,,,,下豊松,シモトヨマツ,Shimotoyomatsu,,,,,,,,0,0,0,0,0,0,1,1,1947-04-17,,0,7201704,,,,,,,,,,,,,,,
345458,0047000,1,広島県,ヒロシマケン,Hiroshima,神石郡,ジンセキグン,Jinseki-gun,神石高原町,ジンセキコウゲンチョウ,Jinsekikogen-cho,,,,近田,チカダ,Chikada,,,,,,,,0,0,0,0,0,0,1,1,1947-04-17,,0,7201622,,,,,,,,,,,,,,,
345458,0049000,1,広島県,ヒロシマケン,Hiroshima,神石郡,ジンセキグン,Jinseki-gun,神石高原町,ジンセキコウゲンチョウ,Jinsekikogen-cho,,,,古川,フルカワ,Furukawa,,,,,,,,0,0,0,0,0,0,1,1,1947-04-17,,0,7293516,,,,,,,,,,,,,,,
345458,0051000,1,広島県,ヒロシマケン,Hiroshima,神石郡,ジンセキグン,Jinseki-gun,神石高原町,ジンセキコウゲンチョウ,Jinsekikogen-cho,,,,高光,タカミツ,Takamitsu,,,,,,,,0,0,0,0,0,0,1,1,1947-04-17,,0,7293511,,,,,,,,,,,,,,,
345458,0059000,1,広島県,ヒロシマケン,Hiroshima,神石郡,ジンセキグン,Jinseki-gun,神石高原町,ジンセキコウゲンチョウ,Jinsekikogen-cho,,,,笹尾,ササオ,,,,,,,,,0,0,0,0,0,0,1,0,1947-04-17,,1,,,,,,,,,,,,,,,,
345458,0060000,1,広島県,ヒロシマケン,Hiroshima,神石郡,ジンセキグン,Jinseki-gun,神石高原町,ジンセキコウゲンチョウ,Jinsekikogen-cho,,,,上豊松,カミトヨマツ,Kamitoyomatsu,,,,,,,,0,0,0,0,0,0,1,1,1947-04-17,,0,7201702,,,,,,,,,,,,,,,
345458,0063000,1,広島県,ヒロシマケン,Hiroshima,神石郡,ジンセキグン,Jinseki-gun,神石高原町,ジンセキコウゲンチョウ,Jinsekikogen-cho,,,,草木,クサギ,Kusagi,,,,,,,,0,0,0,0,0,0,1,1,1947-04-17,,0,7293512,,,,,,,,,,,,,,,
345458,0068000,1,広島県,ヒロシマケン,Hiroshima,神石郡,ジンセキグン,Jinseki-gun,神石高原町,ジンセキコウゲンチョウ,Jinsekikogen-cho,,,,田頭,タンドウ,,,,,,,,,0,0,0,0,0,0,1,0,1947-04-17,,1,,,,,,,,,,,,,,,,
345458,0069000,1,広島県,ヒロシマケン,Hiroshima,神石郡,ジンセキグン,Jinseki-gun,神石高原町,ジンセキコウゲンチョウ,Jinsekikogen-cho,,,,福永,フクナガ,Fukunaga,,,,,,,,0,0,0,0,0,0,1,1,1947-04-17,,0,7293515,,,,,,,,,,,,,,,
345458,0073000,1,広島県,ヒロシマケン,Hiroshima,神石郡,ジンセキグン,Jinseki-gun,神石高原町,ジンセキコウゲンチョウ,Jinsekikogen-cho,,,,油木,ユキ,Yuki,,,,,,,,0,0,0,0,0,0,1,1,1947-04-17,,0,7201812,,,,,,,,,,,,,,,
345458,0079000,1,広島県,ヒロシマケン,Hiroshima,神石郡,ジンセキグン,Jinseki-gun,神石高原町,ジンセキコウゲンチョウ,Jinsekikogen-cho,,,,上,カミ,,,,,,,,,0,0,0,0,0,0,1,0,1947-04-17,,1,,,,,,,,,,,,,,,,
345458,0080000,1,広島県,ヒロシマケン,Hiroshima,神石郡,ジンセキグン,Jinseki-gun,神石高原町,ジンセキコウゲンチョウ,Jinsekikogen-cho,,,,亀石,カメイシ,,,,,,,,,0,0,0,0,0,0,1,0,1947-04-17,,1,,,,,,,,,,,,,,,,
345458,0081000,1,広島県,ヒロシマケン,Hiroshima,神石郡,ジンセキグン,Jinseki-gun,神石高原町,ジンセキコウゲンチョウ,Jinsekikogen-cho,,,,大矢,オオヤ,,,,,,,,,0,0,0,0,0,0,1,0,1947-04-17,,1,,,,,,,,,,,,,,,,
345458,0082000,1,広島県,ヒロシマケン,Hiroshima,神石郡,ジンセキグン,Jinseki-gun,神石高原町,ジンセキコウゲンチョウ,Jinsekikogen-cho,,,,常光,ツネミツ,,,,,,,,,0,0,0,0,0,0,1,0,1947-04-17,,1,,,,,,,,,,,,,,,,
345458,0083000,1,広島県,ヒロシマケン,Hiroshima,神石郡,ジンセキグン,Jinseki-gun,神石高原町,ジンセキコウゲンチョウ,Jinsekikogen-cho,,,,桑木,クワギ,,,,,,,,,0,0,0,0,0,0,1,0,1947-04-17,,1,,,,,,,,,,,,,,,,
